player_id,name,team,position,fixture,minutes,rating,goals,assists,shots_total,shots_on,passes_total,accurate_passes,pass_accuracy_pct,tackles,interceptions,fouls_committed,fouls_drawn,yellow_cards,red_cards,duels_won,duels_total
497,Manuel Neuer,Bayern München,G,Bayern München vs RB Leipzig,90,7.2,,0,,,36,32.0,,,,,,0,0,,
497,Manuel Neuer,Bayern München,G,FC Augsburg vs Bayern München,90,6.6,,0,,,43,30.0,,,,,,0,0,,
497,Manuel Neuer,Bayern München,G,Bayern München vs Hamburger SV,90,7.7,,0,,,24,23.0,,,,,1.0,0,0,1.0,1.0
497,Manuel Neuer,Bayern München,G,1899 Hoffenheim vs Bayern München,90,6.2,,0,,,49,37.0,,,,,,0,0,,
497,Manuel Neuer,Bayern München,G,Bayern München vs Werder Bremen,90,7.3,,0,,,37,33.0,,,,,,0,0,,
497,Manuel Neuer,Bayern München,G,Eintracht Frankfurt vs Bayern München,90,8,,0,,,41,36.0,,,,,,0,0,,
497,Manuel Neuer,Bayern München,G,Bayern München vs Borussia Dortmund,90,6.6,,0,,,43,30.0,,,,,,0,0,,
497,Manuel Neuer,Bayern München,G,Bayern München vs Bayer Leverkusen,90,6.9,,0,,,22,14.0,,,,,,0,0,,
497,Manuel Neuer,Bayern München,G,Union Berlin vs Bayern München,90,5.9,,0,,,36,29.0,,,,,,0,0,,
497,Manuel Neuer,Bayern München,G,Bayern München vs SC Freiburg,90,6.2,,0,,,37,27.0,,,,,,0,0,,
497,Manuel Neuer,Bayern München,G,Bayern München vs FC St. Pauli,90,6.2,,0,,,27,24.0,,,,,,0,0,,
497,Manuel Neuer,Bayern München,G,Bayern München vs FSV Mainz 05,90,6.5,,0,,,31,29.0,,,,,,0,0,,
497,Manuel Neuer,Bayern München,G,Bayern München vs VfL Wolfsburg,90,7.3,,0,,,37,30.0,,,,,,0,0,,
497,Manuel Neuer,Bayern München,G,1. FC Köln vs Bayern München,90,7.9,,0,,,23,20.0,,,,,,0,0,1.0,1.0
497,Manuel Neuer,Bayern München,G,RB Leipzig vs Bayern München,90,7.9,,0,,,42,31.0,,,,,,0,0,,
497,Manuel Neuer,Bayern München,G,Hamburger SV vs Bayern München,90,6.2,,0,,,26,21.0,,,,,,0,0,,
497,Manuel Neuer,Bayern München,G,Bayern München vs 1899 Hoffenheim,90,7.7,,0,,,25,19.0,,,,,1.0,0,0,1.0,1.0
497,Manuel Neuer,Bayern München,G,Werder Bremen vs Bayern München,45,6.9,,0,,,22,20.0,,,,,,0,0,,
1157,Konrad Laimer,Bayern München,D,Bayern München vs RB Leipzig,69,6.7,,0,1.0,1.0,34,32.0,,2.0,1.0,4.0,,1,0,2.0,8.0
1157,Konrad Laimer,Bayern München,D,FC Augsburg vs Bayern München,71,6.5,,1,1.0,1.0,23,19.0,,,,1.0,,1,0,,7.0
1157,Konrad Laimer,Bayern München,D,Bayern München vs Hamburger SV,90,7.2,,1,,,58,51.0,,2.0,1.0,,1.0,0,0,6.0,9.0
1157,Konrad Laimer,Bayern München,D,1899 Hoffenheim vs Bayern München,90,6.7,,0,1.0,1.0,50,46.0,,2.0,,1.0,1.0,0,0,6.0,10.0
1157,Konrad Laimer,Bayern München,D,Bayern München vs Werder Bremen,90,8.7,1.0,0,1.0,1.0,63,55.0,,1.0,,1.0,1.0,0,0,6.0,9.0
1157,Konrad Laimer,Bayern München,D,Eintracht Frankfurt vs Bayern München,90,6.3,,0,,,49,38.0,,2.0,2.0,1.0,1.0,0,0,3.0,9.0
1157,Konrad Laimer,Bayern München,D,Bayern München vs Borussia Dortmund,90,6.5,,0,,,54,50.0,,2.0,,3.0,1.0,1,0,4.0,11.0
1157,Konrad Laimer,Bayern München,D,Borussia Mönchengladbach vs Bayern München,45,6.3,,0,1.0,,74,71.0,,,,,,0,0,,1.0
1157,Konrad Laimer,Bayern München,D,Bayern München vs Bayer Leverkusen,75,7.9,,1,1.0,1.0,54,49.0,,3.0,1.0,1.0,,0,0,4.0,11.0
1157,Konrad Laimer,Bayern München,D,Union Berlin vs Bayern München,80,6.3,,0,,,67,53.0,,2.0,,1.0,1.0,1,0,5.0,9.0
1157,Konrad Laimer,Bayern München,D,Bayern München vs SC Freiburg,45,7,,0,1.0,,48,44.0,,,,,,0,0,1.0,1.0
1157,Konrad Laimer,Bayern München,D,Bayern München vs FC St. Pauli,45,5.9,,0,,,41,36.0,,1.0,,,,0,0,2.0,6.0
1157,Konrad Laimer,Bayern München,D,VfB Stuttgart vs Bayern München,90,7.7,1.0,0,2.0,2.0,41,35.0,,1.0,1.0,,,0,0,1.0,2.0
1157,Konrad Laimer,Bayern München,D,Bayern München vs FSV Mainz 05,29,6.2,,0,,,28,25.0,,1.0,,1.0,,1,0,2.0,7.0
1157,Konrad Laimer,Bayern München,D,Bayern München vs VfL Wolfsburg,90,7.2,,1,1.0,,60,55.0,,2.0,1.0,1.0,,0,0,3.0,7.0
1157,Konrad Laimer,Bayern München,D,1. FC Köln vs Bayern München,90,6.9,,0,,,54,48.0,,6.0,2.0,,,0,0,8.0,14.0
1157,Konrad Laimer,Bayern München,D,Bayern München vs 1899 Hoffenheim,10,6.7,,0,,,7,7.0,,1.0,,1.0,,0,0,1.0,2.0
1157,Konrad Laimer,Bayern München,D,Werder Bremen vs Bayern München,90,6.6,,0,,,71,67.0,,,2.0,,,0,0,2.0,9.0
1149,Dayot Upamecano,Bayern München,D,Bayern München vs RB Leipzig,90,7.6,,0,,,91,80.0,,3.0,1.0,2.0,,0,0,5.0,10.0
1149,Dayot Upamecano,Bayern München,D,FC Augsburg vs Bayern München,90,6.7,,0,1.0,1.0,75,69.0,,,2.0,,1.0,0,0,3.0,7.0
1149,Dayot Upamecano,Bayern München,D,Bayern München vs Hamburger SV,45,6.9,,0,,,43,41.0,,1.0,1.0,,,1,0,1.0,2.0
1149,Dayot Upamecano,Bayern München,D,1899 Hoffenheim vs Bayern München,21,6.5,,0,,,18,17.0,,,,,,0,0,,
1149,Dayot Upamecano,Bayern München,D,Bayern München vs Werder Bremen,90,7.5,,0,,,85,79.0,,2.0,1.0,,,0,0,4.0,6.0
1149,Dayot Upamecano,Bayern München,D,Eintracht Frankfurt vs Bayern München,90,7.7,,0,1.0,,92,88.0,,1.0,,,,0,0,4.0,5.0
1149,Dayot Upamecano,Bayern München,D,Bayern München vs Borussia Dortmund,90,6.7,,0,1.0,,64,59.0,,2.0,,,,0,0,3.0,8.0
1149,Dayot Upamecano,Bayern München,D,Borussia Mönchengladbach vs Bayern München,45,7.3,,0,1.0,,65,64.0,,,,1.0,,1,0,1.0,4.0
1149,Dayot Upamecano,Bayern München,D,Union Berlin vs Bayern München,90,6.9,,0,,,117,102.0,,4.0,1.0,2.0,,0,0,6.0,10.0
1149,Dayot Upamecano,Bayern München,D,Bayern München vs SC Freiburg,77,7.9,1.0,0,1.0,1.0,75,71.0,,2.0,1.0,,,0,0,5.0,6.0
1149,Dayot Upamecano,Bayern München,D,VfB Stuttgart vs Bayern München,83,7,,0,1.0,,42,36.0,,1.0,1.0,1.0,1.0,1,0,3.0,6.0
1149,Dayot Upamecano,Bayern München,D,1. FC Heidenheim vs Bayern München,89,7.3,,0,,,83,79.0,,1.0,1.0,2.0,,0,0,3.0,6.0
1149,Dayot Upamecano,Bayern München,D,Bayern München vs VfL Wolfsburg,77,6.9,,0,,,59,52.0,,3.0,1.0,1.0,,0,0,4.0,8.0
1149,Dayot Upamecano,Bayern München,D,1. FC Köln vs Bayern München,23,6.9,,0,,,13,12.0,,,1.0,,,0,0,,1.0
1149,Dayot Upamecano,Bayern München,D,RB Leipzig vs Bayern München,90,7.2,,1,,,66,61.0,,4.0,,2.0,,0,0,6.0,12.0
1149,Dayot Upamecano,Bayern München,D,Hamburger SV vs Bayern München,90,7,,0,,,98,91.0,,,,1.0,1.0,0,0,6.0,7.0
1149,Dayot Upamecano,Bayern München,D,Bayern München vs 1899 Hoffenheim,90,7.3,,0,,,62,54.0,,3.0,,,,0,0,4.0,6.0
1149,Dayot Upamecano,Bayern München,D,Bayern München vs Eintracht Frankfurt,90,7.7,,0,,,77,74.0,,1.0,,,,0,0,2.0,3.0
972,Jonathan Tah,Bayern München,D,Bayern München vs RB Leipzig,68,7.2,,0,,,53,50.0,,1.0,1.0,2.0,,1,0,1.0,2.0
972,Jonathan Tah,Bayern München,D,FC Augsburg vs Bayern München,90,6.5,,0,,,49,47.0,,,1.0,3.0,1.0,0,0,3.0,8.0
972,Jonathan Tah,Bayern München,D,Bayern München vs Hamburger SV,90,7.7,,0,,,82,80.0,,1.0,,1.0,1.0,0,0,4.0,6.0
972,Jonathan Tah,Bayern München,D,1899 Hoffenheim vs Bayern München,90,6.9,,0,,,78,70.0,,2.0,,1.0,,0,0,2.0,5.0
972,Jonathan Tah,Bayern München,D,Bayern München vs Werder Bremen,90,8.3,1.0,0,1.0,1.0,68,67.0,,2.0,3.0,,,0,0,4.0,4.0
972,Jonathan Tah,Bayern München,D,Eintracht Frankfurt vs Bayern München,90,7.5,,0,,,78,74.0,,,2.0,1.0,,0,0,3.0,5.0
972,Jonathan Tah,Bayern München,D,Bayern München vs Borussia Dortmund,90,6.5,,0,,,63,63.0,,,,2.0,,0,0,,5.0
972,Jonathan Tah,Bayern München,D,Bayern München vs Bayer Leverkusen,90,8,,0,,,67,65.0,,1.0,,4.0,,0,0,3.0,8.0
972,Jonathan Tah,Bayern München,D,Union Berlin vs Bayern München,90,6.9,,0,1.0,,115,109.0,,2.0,2.0,1.0,,0,0,4.0,7.0
972,Jonathan Tah,Bayern München,D,Bayern München vs SC Freiburg,90,6.6,,0,,,95,92.0,,1.0,1.0,,,0,0,3.0,5.0
972,Jonathan Tah,Bayern München,D,Bayern München vs FC St. Pauli,90,8,,0,1.0,,163,159.0,,1.0,1.0,1.0,1.0,1,0,7.0,9.0
972,Jonathan Tah,Bayern München,D,1. FC Heidenheim vs Bayern München,90,7.5,,0,2.0,2.0,87,83.0,,3.0,1.0,1.0,1.0,0,0,6.0,8.0
972,Jonathan Tah,Bayern München,D,Bayern München vs VfL Wolfsburg,90,7.6,,1,,,96,91.0,,,,,1.0,0,0,2.0,2.0
972,Jonathan Tah,Bayern München,D,1. FC Köln vs Bayern München,67,6.9,,0,,,55,53.0,,2.0,,,,0,0,4.0,7.0
972,Jonathan Tah,Bayern München,D,RB Leipzig vs Bayern München,90,8,1.0,0,1.0,1.0,69,66.0,,1.0,3.0,1.0,,0,0,2.0,5.0
972,Jonathan Tah,Bayern München,D,Bayern München vs FC Augsburg,90,6.9,,0,,,104,101.0,,,4.0,1.0,,1,0,4.0,5.0
972,Jonathan Tah,Bayern München,D,Hamburger SV vs Bayern München,25,6.7,,0,1.0,1.0,25,23.0,,,,,,0,0,1.0,3.0
972,Jonathan Tah,Bayern München,D,Bayern München vs 1899 Hoffenheim,63,6.5,,0,,,28,28.0,,,1.0,2.0,,1,0,1.0,4.0
972,Jonathan Tah,Bayern München,D,Werder Bremen vs Bayern München,90,7.6,,0,,,77,74.0,,2.0,1.0,,1.0,0,0,5.0,6.0
125171,Josip Stanišić,Bayern München,D,Bayern München vs RB Leipzig,90,7.5,,0,,,46,44.0,,1.0,1.0,,1.0,0,0,3.0,4.0
125171,Josip Stanišić,Bayern München,D,FC Augsburg vs Bayern München,90,6,,0,1.0,,43,29.0,,1.0,,,1.0,0,0,3.0,5.0
125171,Josip Stanišić,Bayern München,D,Bayern München vs Hamburger SV,90,7.3,,0,,,62,58.0,,,1.0,,,0,0,,
125171,Josip Stanišić,Bayern München,D,Borussia Mönchengladbach vs Bayern München,9,6.9,,0,,,25,23.0,,,,,,0,0,,
125171,Josip Stanišić,Bayern München,D,Union Berlin vs Bayern München,88,6.2,,1,,,46,39.0,,1.0,1.0,1.0,,1,0,3.0,5.0
125171,Josip Stanišić,Bayern München,D,Bayern München vs SC Freiburg,90,6.3,,0,,,68,64.0,,2.0,2.0,,,0,0,4.0,6.0
125171,Josip Stanišić,Bayern München,D,Bayern München vs FC St. Pauli,25,6.9,,0,,,34,32.0,,,,,,0,0,,
125171,Josip Stanišić,Bayern München,D,VfB Stuttgart vs Bayern München,45,8,1.0,0,1.0,1.0,32,31.0,,,,,,0,0,,2.0
125171,Josip Stanišić,Bayern München,D,Bayern München vs FSV Mainz 05,90,6.9,,0,1.0,,99,94.0,,1.0,1.0,,,0,0,4.0,6.0
125171,Josip Stanišić,Bayern München,D,1. FC Heidenheim vs Bayern München,90,8.5,1.0,1,1.0,1.0,68,63.0,,,,1.0,,0,0,1.0,3.0
125171,Josip Stanišić,Bayern München,D,Bayern München vs VfL Wolfsburg,90,6.7,,0,,,67,62.0,,,1.0,,1.0,0,0,2.0,4.0
125171,Josip Stanišić,Bayern München,D,Hamburger SV vs Bayern München,90,5.9,,0,,,56,50.0,,1.0,,2.0,2.0,0,0,6.0,12.0
125171,Josip Stanišić,Bayern München,D,Bayern München vs 1899 Hoffenheim,90,7.6,,0,,,42,35.0,,3.0,2.0,1.0,1.0,0,0,10.0,14.0
125171,Josip Stanišić,Bayern München,D,Werder Bremen vs Bayern München,69,6.6,,0,,,51,41.0,,1.0,1.0,,1.0,0,0,2.0,4.0
125171,Josip Stanišić,Bayern München,D,Bayern München vs Eintracht Frankfurt,90,7,,1,1.0,1.0,33,29.0,,4.0,1.0,,,0,0,6.0,8.0
502,Joshua Kimmich,Bayern München,M,Bayern München vs RB Leipzig,90,8.7,,0,1.0,,100,96.0,,1.0,1.0,,1.0,1,0,3.0,6.0
502,Joshua Kimmich,Bayern München,M,FC Augsburg vs Bayern München,90,7.5,,0,,,68,59.0,,2.0,2.0,,,0,0,4.0,6.0
502,Joshua Kimmich,Bayern München,M,Bayern München vs Hamburger SV,90,8.2,,1,1.0,,137,126.0,,1.0,1.0,1.0,1.0,0,0,2.0,7.0
502,Joshua Kimmich,Bayern München,M,1899 Hoffenheim vs Bayern München,28,6.9,,0,1.0,1.0,28,28.0,,,,,1.0,0,0,1.0,1.0
502,Joshua Kimmich,Bayern München,M,Bayern München vs Werder Bremen,29,6.9,,0,,,25,22.0,,,2.0,,,1,0,,
502,Joshua Kimmich,Bayern München,M,Eintracht Frankfurt vs Bayern München,90,7.2,,0,,,106,96.0,,1.0,1.0,,2.0,0,0,3.0,5.0
502,Joshua Kimmich,Bayern München,M,Bayern München vs Borussia Dortmund,90,7.9,,1,2.0,2.0,85,77.0,,,1.0,,1.0,0,0,2.0,4.0
502,Joshua Kimmich,Bayern München,M,Borussia Mönchengladbach vs Bayern München,90,8.3,1.0,0,2.0,1.0,109,105.0,,,,,1.0,0,0,1.0,1.0
502,Joshua Kimmich,Bayern München,M,Bayern München vs Bayer Leverkusen,90,8.3,,0,,,96,90.0,,2.0,,2.0,,0,0,2.0,7.0
502,Joshua Kimmich,Bayern München,M,Union Berlin vs Bayern München,90,7.2,,0,,,105,99.0,,1.0,,,,1,0,4.0,5.0
502,Joshua Kimmich,Bayern München,M,Bayern München vs FC St. Pauli,90,8.3,,1,,,151,141.0,,,,,2.0,0,0,2.0,3.0
502,Joshua Kimmich,Bayern München,M,VfB Stuttgart vs Bayern München,90,7.2,,1,,,90,82.0,,1.0,1.0,,,0,0,1.0,2.0
502,Joshua Kimmich,Bayern München,M,Bayern München vs FSV Mainz 05,90,7.9,,0,,,172,156.0,,2.0,,,,0,0,2.0,5.0
502,Joshua Kimmich,Bayern München,M,RB Leipzig vs Bayern München,45,7.7,,0,,,39,36.0,,1.0,,,,0,0,2.0,7.0
502,Joshua Kimmich,Bayern München,M,Bayern München vs FC Augsburg,29,6.5,,0,,,38,32.0,,,,,,0,0,,1.0
502,Joshua Kimmich,Bayern München,M,Hamburger SV vs Bayern München,90,7.2,,1,3.0,1.0,96,91.0,,,1.0,1.0,3.0,1,0,5.0,8.0
502,Joshua Kimmich,Bayern München,M,Bayern München vs 1899 Hoffenheim,90,8.3,,0,1.0,,68,64.0,,4.0,2.0,1.0,,0,0,5.0,7.0
502,Joshua Kimmich,Bayern München,M,Werder Bremen vs Bayern München,76,7.3,,0,,,92,79.0,,,,,,0,0,4.0,7.0
502,Joshua Kimmich,Bayern München,M,Bayern München vs Eintracht Frankfurt,89,7.2,,1,,,62,56.0,,,,,,0,0,1.0,3.0
511,Leon Goretzka,Bayern München,M,Bayern München vs RB Leipzig,68,7.5,,0,1.0,,41,38.0,,,1.0,,1.0,0,0,3.0,6.0
511,Leon Goretzka,Bayern München,M,FC Augsburg vs Bayern München,71,6.7,,0,1.0,1.0,34,31.0,,1.0,2.0,,2.0,0,0,4.0,7.0
511,Leon Goretzka,Bayern München,M,1899 Hoffenheim vs Bayern München,62,6.9,,0,,,45,41.0,,3.0,1.0,1.0,1.0,1,0,5.0,6.0
511,Leon Goretzka,Bayern München,M,Bayern München vs Werder Bremen,61,8,,0,,,53,47.0,,3.0,1.0,1.0,,0,0,4.0,7.0
511,Leon Goretzka,Bayern München,M,Eintracht Frankfurt vs Bayern München,45,6.6,,0,,,49,45.0,,,,,1.0,1,0,1.0,1.0
511,Leon Goretzka,Bayern München,M,Bayern München vs Borussia Dortmund,29,6.3,,0,,,9,9.0,,,1.0,,,0,0,,2.0
511,Leon Goretzka,Bayern München,M,Borussia Mönchengladbach vs Bayern München,90,8.5,,0,,,139,133.0,,,,1.0,,0,0,3.0,8.0
511,Leon Goretzka,Bayern München,M,Bayern München vs Bayer Leverkusen,90,7.5,,0,1.0,,72,68.0,,3.0,2.0,1.0,,1,0,5.0,8.0
511,Leon Goretzka,Bayern München,M,Union Berlin vs Bayern München,80,6.2,,0,1.0,,49,42.0,,,,,,0,0,3.0,9.0
511,Leon Goretzka,Bayern München,M,Bayern München vs SC Freiburg,45,6.9,,0,,,32,29.0,,2.0,,,2.0,0,0,5.0,6.0
511,Leon Goretzka,Bayern München,M,Bayern München vs FC St. Pauli,13,6.3,,0,,,15,14.0,,,,,,0,0,,1.0
511,Leon Goretzka,Bayern München,M,VfB Stuttgart vs Bayern München,61,7.2,,0,1.0,1.0,19,16.0,,,,3.0,,1,0,3.0,9.0
511,Leon Goretzka,Bayern München,M,Bayern München vs FSV Mainz 05,61,6.3,,0,,,67,62.0,,1.0,,,1.0,0,0,2.0,6.0
511,Leon Goretzka,Bayern München,M,1. FC Heidenheim vs Bayern München,90,7.2,,0,1.0,,91,86.0,,,1.0,,,0,0,1.0,4.0
511,Leon Goretzka,Bayern München,M,Bayern München vs VfL Wolfsburg,32,8.3,1.0,0,1.0,1.0,41,39.0,,2.0,1.0,,,0,0,4.0,4.0
511,Leon Goretzka,Bayern München,M,1. FC Köln vs Bayern München,90,6.6,,0,3.0,,74,69.0,,,2.0,,,0,0,1.0,5.0
511,Leon Goretzka,Bayern München,M,RB Leipzig vs Bayern München,45,6.9,,0,,,30,27.0,,2.0,,,2.0,0,0,5.0,7.0
511,Leon Goretzka,Bayern München,M,Bayern München vs FC Augsburg,79,6.6,,0,,,89,85.0,,1.0,1.0,2.0,,0,0,2.0,5.0
511,Leon Goretzka,Bayern München,M,Werder Bremen vs Bayern München,90,8,1.0,0,1.0,1.0,72,70.0,,1.0,5.0,1.0,1.0,0,0,2.0,6.0
19617,Michael Olise,Bayern München,M,Bayern München vs RB Leipzig,90,9.9,2.0,0,3.0,2.0,50,43.0,,2.0,1.0,2.0,,1,0,5.0,17.0
19617,Michael Olise,Bayern München,M,FC Augsburg vs Bayern München,90,8.2,1.0,0,4.0,4.0,48,43.0,,3.0,,2.0,2.0,1,0,8.0,19.0
19617,Michael Olise,Bayern München,M,Bayern München vs Hamburger SV,90,8.2,,1,3.0,3.0,61,49.0,,,,,3.0,0,0,7.0,9.0
19617,Michael Olise,Bayern München,M,1899 Hoffenheim vs Bayern München,28,7.2,,0,,,16,14.0,,,,1.0,3.0,0,0,3.0,6.0
19617,Michael Olise,Bayern München,M,Bayern München vs Werder Bremen,78,7.5,,1,4.0,3.0,56,46.0,,,1.0,,,0,0,,6.0
19617,Michael Olise,Bayern München,M,Eintracht Frankfurt vs Bayern München,90,6.2,,0,,,58,45.0,,,,1.0,1.0,0,0,3.0,9.0
19617,Michael Olise,Bayern München,M,Bayern München vs Borussia Dortmund,90,8.2,1.0,0,4.0,2.0,52,42.0,,,2.0,,5.0,0,0,6.0,13.0
19617,Michael Olise,Bayern München,M,Borussia Mönchengladbach vs Bayern München,90,7.3,,1,3.0,2.0,59,54.0,,2.0,,1.0,2.0,0,0,6.0,15.0
19617,Michael Olise,Bayern München,M,Bayern München vs Bayer Leverkusen,31,6.6,,0,,,31,28.0,,,,1.0,,0,0,,2.0
19617,Michael Olise,Bayern München,M,Union Berlin vs Bayern München,90,5.9,,0,2.0,2.0,61,49.0,,,,2.0,1.0,1,0,4.0,11.0
19617,Michael Olise,Bayern München,M,Bayern München vs SC Freiburg,90,10,2.0,3,5.0,3.0,89,82.0,,,2.0,1.0,1.0,0,0,6.0,10.0
19617,Michael Olise,Bayern München,M,Bayern München vs FC St. Pauli,45,7.3,,0,,,36,33.0,,1.0,1.0,,1.0,0,0,4.0,8.0
19617,Michael Olise,Bayern München,M,VfB Stuttgart vs Bayern München,90,7.9,,2,3.0,2.0,60,49.0,,,,3.0,2.0,0,0,4.0,15.0
19617,Michael Olise,Bayern München,M,Bayern München vs FSV Mainz 05,90,8.2,,0,1.0,1.0,83,73.0,,,,2.0,3.0,0,0,8.0,13.0
19617,Michael Olise,Bayern München,M,1. FC Heidenheim vs Bayern München,89,9,1.0,0,1.0,1.0,50,48.0,,,,,2.0,0,0,4.0,7.0
19617,Michael Olise,Bayern München,M,Bayern München vs VfL Wolfsburg,83,10,2.0,1,5.0,4.0,34,27.0,,,,2.0,1.0,0,0,6.0,14.0
19617,Michael Olise,Bayern München,M,1. FC Köln vs Bayern München,82,6.2,,1,2.0,2.0,62,43.0,,1.0,,1.0,2.0,0,0,4.0,10.0
19617,Michael Olise,Bayern München,M,RB Leipzig vs Bayern München,34,10,1.0,3,3.0,3.0,27,24.0,,1.0,,,,0,0,2.0,5.0
19617,Michael Olise,Bayern München,M,Bayern München vs FC Augsburg,90,7.9,,1,1.0,,48,43.0,,4.0,1.0,,3.0,0,0,9.0,16.0
19617,Michael Olise,Bayern München,M,Hamburger SV vs Bayern München,90,6.2,,1,1.0,1.0,53,43.0,,3.0,2.0,4.0,1.0,1,0,5.0,18.0
19617,Michael Olise,Bayern München,M,Bayern München vs 1899 Hoffenheim,63,7.9,,1,1.0,1.0,26,23.0,,2.0,,,2.0,1,0,7.0,12.0
19617,Michael Olise,Bayern München,M,Bayern München vs Eintracht Frankfurt,89,8.9,,0,4.0,1.0,51,44.0,,,,2.0,2.0,0,0,7.0,12.0
510,Serge Gnabry,Bayern München,M,Bayern München vs RB Leipzig,69,7.7,,2,,,36,31.0,,1.0,,,,0,0,3.0,6.0
510,Serge Gnabry,Bayern München,M,FC Augsburg vs Bayern München,86,7.9,1.0,0,2.0,1.0,41,32.0,,3.0,,2.0,,0,0,4.0,7.0
510,Serge Gnabry,Bayern München,M,Bayern München vs Hamburger SV,45,7.6,1.0,0,2.0,1.0,31,29.0,,,,,,0,0,1.0,4.0
510,Serge Gnabry,Bayern München,M,1899 Hoffenheim vs Bayern München,28,6.9,1.0,0,1.0,1.0,15,14.0,,,,,,0,0,,1.0
510,Serge Gnabry,Bayern München,M,Bayern München vs Werder Bremen,61,6.2,,0,2.0,1.0,40,37.0,,,2.0,2.0,,1,0,,4.0
510,Serge Gnabry,Bayern München,M,Eintracht Frankfurt vs Bayern München,71,6.3,,1,2.0,,36,32.0,,1.0,,1.0,,0,0,2.0,7.0
510,Serge Gnabry,Bayern München,M,Borussia Mönchengladbach vs Bayern München,31,6.9,,0,,,24,24.0,,1.0,,,,0,0,2.0,2.0
510,Serge Gnabry,Bayern München,M,Bayern München vs Bayer Leverkusen,59,8,1.0,0,1.0,1.0,28,24.0,,3.0,,,,0,0,3.0,4.0
510,Serge Gnabry,Bayern München,M,Union Berlin vs Bayern München,59,6.2,,0,,,17,14.0,,,,,1.0,0,0,3.0,7.0
510,Serge Gnabry,Bayern München,M,Bayern München vs FC St. Pauli,25,6.3,,0,1.0,,16,10.0,,1.0,1.0,,,0,0,1.0,1.0
510,Serge Gnabry,Bayern München,M,Bayern München vs FSV Mainz 05,90,8,,1,5.0,3.0,74,68.0,,1.0,,1.0,,0,0,4.0,11.0
510,Serge Gnabry,Bayern München,M,1. FC Heidenheim vs Bayern München,27,6.7,,1,,,17,13.0,,,,,,0,0,,2.0
510,Serge Gnabry,Bayern München,M,1. FC Köln vs Bayern München,67,7.3,1.0,0,3.0,3.0,33,29.0,,1.0,,1.0,,0,0,1.0,6.0
510,Serge Gnabry,Bayern München,M,RB Leipzig vs Bayern München,87,7.5,1.0,0,2.0,2.0,39,38.0,,2.0,,,,0,0,2.0,3.0
510,Serge Gnabry,Bayern München,M,Hamburger SV vs Bayern München,65,6.6,,0,1.0,,37,36.0,,,,,1.0,0,0,4.0,6.0
510,Serge Gnabry,Bayern München,M,Bayern München vs 1899 Hoffenheim,63,6.3,,0,3.0,,22,18.0,,,,,,0,0,,3.0
510,Serge Gnabry,Bayern München,M,Werder Bremen vs Bayern München,69,6.3,,0,1.0,1.0,34,29.0,,,1.0,,,0,0,,2.0
510,Serge Gnabry,Bayern München,M,Bayern München vs Eintracht Frankfurt,12,6.3,,0,2.0,1.0,8,8.0,,,,,,0,0,1.0,1.0
2489,Luis Díaz,Bayern München,M,Bayern München vs RB Leipzig,90,9.9,1.0,2,1.0,1.0,50,44.0,,,,,2.0,0,0,6.0,10.0
2489,Luis Díaz,Bayern München,M,FC Augsburg vs Bayern München,90,7.2,1.0,0,4.0,2.0,43,34.0,,1.0,1.0,,2.0,1,0,6.0,11.0
2489,Luis Díaz,Bayern München,M,Bayern München vs Hamburger SV,76,7.9,1.0,0,4.0,3.0,32,26.0,,,1.0,3.0,1.0,0,0,3.0,6.0
2489,Luis Díaz,Bayern München,M,1899 Hoffenheim vs Bayern München,90,6.9,,0,3.0,1.0,33,27.0,,1.0,1.0,1.0,1.0,1,0,5.0,11.0
2489,Luis Díaz,Bayern München,M,Bayern München vs Werder Bremen,84,7.7,,1,3.0,,40,34.0,,1.0,1.0,,,0,0,3.0,6.0
2489,Luis Díaz,Bayern München,M,Eintracht Frankfurt vs Bayern München,88,9.2,2.0,1,3.0,2.0,41,38.0,,,,2.0,3.0,1,0,4.0,12.0
2489,Luis Díaz,Bayern München,M,Bayern München vs Borussia Dortmund,90,6.6,,0,2.0,2.0,32,24.0,,1.0,1.0,2.0,,0,0,2.0,13.0
2489,Luis Díaz,Bayern München,M,Borussia Mönchengladbach vs Bayern München,76,6.5,,0,4.0,2.0,55,50.0,,,,2.0,2.0,1,0,2.0,9.0
2489,Luis Díaz,Bayern München,M,Bayern München vs Bayer Leverkusen,31,6.9,,0,,,19,17.0,,,,,1.0,0,0,2.0,2.0
2489,Luis Díaz,Bayern München,M,Union Berlin vs Bayern München,90,7.5,1.0,0,2.0,1.0,41,36.0,,,,,2.0,0,0,4.0,9.0
2489,Luis Díaz,Bayern München,M,Bayern München vs SC Freiburg,90,5.9,,0,1.0,,40,35.0,,,,2.0,2.0,0,0,2.0,9.0
2489,Luis Díaz,Bayern München,M,Bayern München vs FC St. Pauli,90,8.7,1.0,1,1.0,1.0,47,41.0,,2.0,,,,0,0,5.0,12.0
2489,Luis Díaz,Bayern München,M,VfB Stuttgart vs Bayern München,90,7,,1,1.0,,46,41.0,,2.0,1.0,1.0,1.0,1,0,6.0,13.0
2489,Luis Díaz,Bayern München,M,1. FC Heidenheim vs Bayern München,90,7.2,1.0,0,2.0,2.0,64,56.0,,2.0,1.0,2.0,1.0,0,0,5.0,11.0
2489,Luis Díaz,Bayern München,M,Bayern München vs VfL Wolfsburg,90,8.2,1.0,2,2.0,1.0,51,46.0,,1.0,1.0,1.0,,0,0,6.0,15.0
2489,Luis Díaz,Bayern München,M,1. FC Köln vs Bayern München,90,6.9,,1,3.0,,56,48.0,,,1.0,,1.0,0,0,6.0,11.0
2489,Luis Díaz,Bayern München,M,RB Leipzig vs Bayern München,90,7.2,,0,3.0,3.0,52,40.0,,2.0,,,2.0,0,0,5.0,9.0
2489,Luis Díaz,Bayern München,M,Bayern München vs FC Augsburg,90,6.6,,0,1.0,1.0,53,45.0,,,,1.0,,0,0,2.0,8.0
2489,Luis Díaz,Bayern München,M,Hamburger SV vs Bayern München,45,7.5,1.0,0,1.0,1.0,32,25.0,,,,2.0,2.0,0,0,5.0,12.0
2489,Luis Díaz,Bayern München,M,Bayern München vs 1899 Hoffenheim,90,10,3.0,0,5.0,4.0,43,39.0,,,1.0,1.0,2.0,0,0,9.0,15.0
2489,Luis Díaz,Bayern München,M,Werder Bremen vs Bayern München,90,6.3,,1,3.0,3.0,47,40.0,,,,2.0,2.0,0,0,6.0,19.0
2489,Luis Díaz,Bayern München,M,Bayern München vs Eintracht Frankfurt,90,7.6,,0,1.0,1.0,40,35.0,,2.0,,1.0,1.0,0,0,5.0,8.0
184,Harry Kane,Bayern München,F,Bayern München vs RB Leipzig,86,10,3.0,0,5.0,4.0,29,23.0,,,1.0,,4.0,0,0,6.0,8.0
184,Harry Kane,Bayern München,F,FC Augsburg vs Bayern München,90,7.5,,2,,,23,19.0,,,1.0,1.0,2.0,0,0,6.0,11.0
184,Harry Kane,Bayern München,F,Bayern München vs Hamburger SV,64,9.5,2.0,1,2.0,2.0,27,23.0,,1.0,,1.0,1.0,0,0,3.0,3.0
184,Harry Kane,Bayern München,F,1899 Hoffenheim vs Bayern München,90,9.7,3.0,0,4.0,4.0,31,27.0,,3.0,1.0,2.0,1.0,0,0,7.0,15.0
184,Harry Kane,Bayern München,F,Bayern München vs Werder Bremen,78,7.3,2.0,0,6.0,5.0,19,15.0,,,1.0,,1.0,0,0,1.0,4.0
184,Harry Kane,Bayern München,F,Eintracht Frankfurt vs Bayern München,85,8.2,1.0,0,2.0,1.0,23,17.0,,2.0,,,,0,0,3.0,5.0
184,Harry Kane,Bayern München,F,Bayern München vs Borussia Dortmund,90,9,1.0,0,2.0,1.0,47,37.0,,1.0,,1.0,6.0,0,0,10.0,13.0
184,Harry Kane,Bayern München,F,Borussia Mönchengladbach vs Bayern München,90,6.3,,0,2.0,2.0,20,20.0,,,,2.0,,0,0,2.0,7.0
184,Harry Kane,Bayern München,F,Bayern München vs Bayer Leverkusen,31,6.5,,0,,,10,9.0,,,,,1.0,0,0,1.0,2.0
184,Harry Kane,Bayern München,F,Union Berlin vs Bayern München,90,8.2,1.0,0,1.0,1.0,31,27.0,,,,1.0,2.0,0,0,7.0,10.0
184,Harry Kane,Bayern München,F,Bayern München vs SC Freiburg,83,8,1.0,0,1.0,1.0,28,24.0,,1.0,,2.0,1.0,0,0,5.0,8.0
184,Harry Kane,Bayern München,F,Bayern München vs FC St. Pauli,90,6.2,,0,3.0,1.0,21,16.0,,,,1.0,,0,0,3.0,9.0
184,Harry Kane,Bayern München,F,VfB Stuttgart vs Bayern München,30,9.3,3.0,0,4.0,4.0,10,8.0,,,,,,0,0,1.0,3.0
184,Harry Kane,Bayern München,F,Bayern München vs FSV Mainz 05,90,7.3,1.0,0,7.0,5.0,17,10.0,,,,,2.0,0,0,6.0,9.0
184,Harry Kane,Bayern München,F,1. FC Heidenheim vs Bayern München,90,8,1.0,0,5.0,4.0,43,36.0,,,1.0,,1.0,0,0,6.0,8.0
184,Harry Kane,Bayern München,F,Bayern München vs VfL Wolfsburg,77,8.9,1.0,1,2.0,2.0,26,23.0,,1.0,1.0,1.0,1.0,0,0,5.0,9.0
184,Harry Kane,Bayern München,F,1. FC Köln vs Bayern München,90,7.2,,0,1.0,,32,27.0,,2.0,,1.0,,0,0,5.0,11.0
184,Harry Kane,Bayern München,F,RB Leipzig vs Bayern München,90,7.9,1.0,0,3.0,2.0,34,25.0,,1.0,,,2.0,0,0,4.0,6.0
184,Harry Kane,Bayern München,F,Bayern München vs FC Augsburg,90,6.5,,0,3.0,2.0,23,20.0,,,,,,0,0,1.0,4.0
184,Harry Kane,Bayern München,F,Hamburger SV vs Bayern München,90,7,1.0,0,2.0,1.0,27,25.0,,,,3.0,1.0,1,0,4.0,11.0
184,Harry Kane,Bayern München,F,Bayern München vs 1899 Hoffenheim,68,8.3,2.0,1,7.0,6.0,13,9.0,,,,1.0,,0,0,4.0,10.0
184,Harry Kane,Bayern München,F,Werder Bremen vs Bayern München,86,8.2,2.0,0,2.0,2.0,31,25.0,,1.0,,1.0,2.0,0,0,3.0,10.0
184,Harry Kane,Bayern München,F,Bayern München vs Eintracht Frankfurt,90,8.3,2.0,0,8.0,6.0,19,10.0,,2.0,1.0,2.0,1.0,0,0,8.0,12.0
2897,Min-jae Kim,Bayern München,D,Bayern München vs RB Leipzig,22,7.5,,1,,,20,20.0,,,1.0,,,0,0,,1.0
2897,Min-jae Kim,Bayern München,D,1899 Hoffenheim vs Bayern München,69,8.3,,0,,,64,60.0,,2.0,1.0,,,0,0,4.0,7.0
2897,Min-jae Kim,Bayern München,D,Borussia Mönchengladbach vs Bayern München,90,7.3,,0,,,92,88.0,,1.0,1.0,,,0,0,2.0,3.0
2897,Min-jae Kim,Bayern München,D,Bayern München vs Bayer Leverkusen,90,7.3,,0,,,59,56.0,,3.0,2.0,1.0,,0,0,4.0,6.0
2897,Min-jae Kim,Bayern München,D,Bayern München vs SC Freiburg,13,7,,0,,,26,25.0,,,1.0,,,0,0,1.0,1.0
2897,Min-jae Kim,Bayern München,D,Bayern München vs FC St. Pauli,77,7.9,,0,1.0,,112,108.0,,1.0,,1.0,,0,0,10.0,13.0
2897,Min-jae Kim,Bayern München,D,VfB Stuttgart vs Bayern München,90,7.3,,0,,,48,44.0,,,1.0,,,0,0,2.0,3.0
2897,Min-jae Kim,Bayern München,D,Bayern München vs FSV Mainz 05,73,6.9,,0,,,118,109.0,,,2.0,,,0,0,6.0,7.0
2897,Min-jae Kim,Bayern München,D,1. FC Köln vs Bayern München,90,7.3,1.0,0,1.0,1.0,74,70.0,,,1.0,,,0,0,3.0,8.0
2897,Min-jae Kim,Bayern München,D,RB Leipzig vs Bayern München,10,6.6,,0,,,5,4.0,,,,,,0,0,1.0,1.0
2897,Min-jae Kim,Bayern München,D,Bayern München vs FC Augsburg,85,6.7,,0,,,75,73.0,,2.0,2.0,3.0,,0,0,3.0,10.0
2897,Min-jae Kim,Bayern München,D,Hamburger SV vs Bayern München,65,7,,0,,,48,47.0,,,1.0,1.0,,1,0,1.0,2.0
2897,Min-jae Kim,Bayern München,D,Werder Bremen vs Bayern München,90,7.9,,0,,,103,97.0,,1.0,2.0,,,0,0,1.0,2.0
2897,Min-jae Kim,Bayern München,D,Bayern München vs Eintracht Frankfurt,90,6.3,,0,,,69,67.0,,3.0,3.0,2.0,,0,0,4.0,7.0
328033,Aleksandar Pavlović,Bayern München,M,Bayern München vs RB Leipzig,22,6.9,,0,,,30,30.0,,,,1.0,1.0,0,0,1.0,3.0
328033,Aleksandar Pavlović,Bayern München,M,FC Augsburg vs Bayern München,19,6.3,,0,,,18,15.0,,2.0,1.0,1.0,,0,0,2.0,4.0
328033,Aleksandar Pavlović,Bayern München,M,Bayern München vs Hamburger SV,90,8.3,1.0,0,1.0,1.0,116,111.0,,1.0,,3.0,,1,0,1.0,7.0
328033,Aleksandar Pavlović,Bayern München,M,1899 Hoffenheim vs Bayern München,90,7,,0,,,67,64.0,,1.0,,1.0,2.0,0,0,3.0,6.0
328033,Aleksandar Pavlović,Bayern München,M,Eintracht Frankfurt vs Bayern München,45,7,,0,,,51,49.0,,1.0,,1.0,1.0,0,0,2.0,3.0
328033,Aleksandar Pavlović,Bayern München,M,Bayern München vs Borussia Dortmund,89,7,,0,,,69,65.0,,4.0,1.0,,1.0,0,0,5.0,5.0
328033,Aleksandar Pavlović,Bayern München,M,Bayern München vs Bayer Leverkusen,11,7.2,,0,,,18,17.0,,,,,,0,0,,
328033,Aleksandar Pavlović,Bayern München,M,Union Berlin vs Bayern München,10,6.7,,0,,,21,20.0,,,,,,0,0,,
328033,Aleksandar Pavlović,Bayern München,M,Bayern München vs SC Freiburg,83,7.5,,1,1.0,1.0,94,86.0,,1.0,1.0,3.0,,1,0,3.0,8.0
328033,Aleksandar Pavlović,Bayern München,M,Bayern München vs FC St. Pauli,83,7.9,,0,1.0,,153,145.0,,,3.0,,1.0,0,0,3.0,5.0
328033,Aleksandar Pavlović,Bayern München,M,VfB Stuttgart vs Bayern München,29,6.9,,0,,,45,42.0,,1.0,1.0,,,0,0,1.0,2.0
328033,Aleksandar Pavlović,Bayern München,M,Bayern München vs FSV Mainz 05,29,6.9,,0,,,43,39.0,,,,,,0,0,,
328033,Aleksandar Pavlović,Bayern München,M,Bayern München vs VfL Wolfsburg,58,7.3,,0,,,56,53.0,,4.0,,,,0,0,4.0,4.0
328033,Aleksandar Pavlović,Bayern München,M,1. FC Köln vs Bayern München,90,7.3,,0,,,101,94.0,,2.0,1.0,,,0,0,5.0,8.0
328033,Aleksandar Pavlović,Bayern München,M,RB Leipzig vs Bayern München,90,7,1.0,0,1.0,1.0,61,56.0,,,2.0,,1.0,0,0,3.0,5.0
328033,Aleksandar Pavlović,Bayern München,M,Bayern München vs FC Augsburg,90,8,,0,1.0,1.0,148,144.0,,4.0,,1.0,,0,0,4.0,9.0
328033,Aleksandar Pavlović,Bayern München,M,Hamburger SV vs Bayern München,90,7,,0,,,98,96.0,,2.0,,2.0,,0,0,2.0,6.0
328033,Aleksandar Pavlović,Bayern München,M,Bayern München vs 1899 Hoffenheim,90,8.2,,0,2.0,,70,65.0,,1.0,,2.0,1.0,0,0,6.0,10.0
328033,Aleksandar Pavlović,Bayern München,M,Bayern München vs Eintracht Frankfurt,77,7.9,1.0,0,1.0,1.0,58,55.0,,,1.0,1.0,,0,0,,2.0
2195,Sacha Boey,Bayern München,D,Bayern München vs RB Leipzig,21,6.9,,0,,,22,19.0,,,1.0,1.0,2.0,0,0,3.0,5.0
2195,Sacha Boey,Bayern München,D,FC Augsburg vs Bayern München,19,6.2,,0,1.0,,6,6.0,,,,1.0,1.0,1,0,1.0,3.0
2195,Sacha Boey,Bayern München,D,Bayern München vs Hamburger SV,14,6.3,,0,,,14,12.0,,,,1.0,,0,0,,1.0
2195,Sacha Boey,Bayern München,D,1899 Hoffenheim vs Bayern München,86,6.3,,0,,,25,18.0,,2.0,2.0,,3.0,0,0,6.0,9.0
2195,Sacha Boey,Bayern München,D,Bayern München vs Werder Bremen,90,7.2,,0,,,65,52.0,,2.0,1.0,1.0,1.0,0,0,5.0,8.0
2195,Sacha Boey,Bayern München,D,Eintracht Frankfurt vs Bayern München,88,6.2,,0,,,61,53.0,,2.0,,3.0,,0,0,2.0,9.0
2195,Sacha Boey,Bayern München,D,Bayern München vs Borussia Dortmund,84,6.2,,0,1.0,,51,46.0,,,1.0,2.0,,0,0,1.0,7.0
2195,Sacha Boey,Bayern München,D,Borussia Mönchengladbach vs Bayern München,45,6.7,,0,,,39,37.0,,,,,1.0,0,0,2.0,3.0
2195,Sacha Boey,Bayern München,D,Bayern München vs Bayer Leverkusen,15,6.2,,0,,,10,10.0,,,,1.0,,0,0,,3.0
494131,Lennart Karl,Bayern München,M,Bayern München vs RB Leipzig,21,7.2,,0,2.0,2.0,18,17.0,,2.0,,,1.0,0,0,3.0,3.0
494131,Lennart Karl,Bayern München,M,Bayern München vs Hamburger SV,26,7.2,,0,2.0,1.0,25,24.0,,1.0,,,2.0,0,0,6.0,8.0
494131,Lennart Karl,Bayern München,M,1899 Hoffenheim vs Bayern München,62,6.2,,1,2.0,1.0,28,22.0,,1.0,1.0,,1.0,0,0,3.0,14.0
494131,Lennart Karl,Bayern München,M,Bayern München vs Werder Bremen,12,7.5,,0,,,6,4.0,,1.0,2.0,,,0,0,1.0,4.0
494131,Lennart Karl,Bayern München,M,Eintracht Frankfurt vs Bayern München,2,,,0,,,1,1.0,,,,,,0,0,,2.0
494131,Lennart Karl,Bayern München,M,Borussia Mönchengladbach vs Bayern München,14,7.2,1.0,0,3.0,2.0,19,15.0,,,1.0,,,0,0,,
494131,Lennart Karl,Bayern München,M,Bayern München vs Bayer Leverkusen,59,6.9,,0,3.0,1.0,45,36.0,,,,,,0,0,,1.0
494131,Lennart Karl,Bayern München,M,Union Berlin vs Bayern München,31,6.7,,0,,,27,25.0,,2.0,,,,0,0,2.0,3.0
494131,Lennart Karl,Bayern München,M,Bayern München vs SC Freiburg,71,8.6,1.0,1,3.0,1.0,58,53.0,,3.0,1.0,1.0,,0,0,7.0,14.0
494131,Lennart Karl,Bayern München,M,Bayern München vs FC St. Pauli,65,6.3,,0,2.0,,42,39.0,,,1.0,1.0,1.0,0,0,3.0,9.0
494131,Lennart Karl,Bayern München,M,VfB Stuttgart vs Bayern München,30,6.3,,0,,,20,18.0,,,2.0,,,0,0,,3.0
494131,Lennart Karl,Bayern München,M,Bayern München vs FSV Mainz 05,90,7.2,1.0,0,2.0,2.0,50,45.0,,1.0,,1.0,1.0,0,0,3.0,6.0
494131,Lennart Karl,Bayern München,M,1. FC Heidenheim vs Bayern München,63,5.6,,0,1.0,,55,48.0,,,,,2.0,0,0,2.0,5.0
494131,Lennart Karl,Bayern München,M,Bayern München vs VfL Wolfsburg,57,6.5,,0,1.0,1.0,25,21.0,,1.0,,,,0,0,1.0,3.0
494131,Lennart Karl,Bayern München,M,1. FC Köln vs Bayern München,23,7.3,1.0,0,1.0,1.0,17,12.0,,1.0,,,,0,0,1.0,3.0
494131,Lennart Karl,Bayern München,M,RB Leipzig vs Bayern München,56,6.9,,0,,,30,23.0,,2.0,,,,0,0,2.0,4.0
494131,Lennart Karl,Bayern München,M,Bayern München vs FC Augsburg,61,5.9,,0,1.0,,45,36.0,,1.0,,,,0,0,1.0,5.0
494131,Lennart Karl,Bayern München,M,Hamburger SV vs Bayern München,45,6.7,,0,1.0,1.0,15,12.0,,1.0,1.0,,,0,0,2.0,4.0
494131,Lennart Karl,Bayern München,M,Bayern München vs 1899 Hoffenheim,27,7.2,,0,2.0,1.0,12,12.0,,,2.0,,,0,0,,1.0
494131,Lennart Karl,Bayern München,M,Werder Bremen vs Bayern München,90,7,,0,1.0,,42,30.0,,3.0,,1.0,2.0,0,0,9.0,19.0
436443,Jonah Kusi-Asare,Bayern München,F,Bayern München vs RB Leipzig,10,6.7,,0,,,0,,,,,1.0,,0,0,,
1139,Péter Gulácsi,RB Leipzig,G,Bayern München vs RB Leipzig,90,4.2,,0,,,42,32.0,,,,,,0,0,,
1139,Péter Gulácsi,RB Leipzig,G,RB Leipzig vs 1. FC Heidenheim,90,7.7,,0,,,26,21.0,,,,,,0,0,,
1139,Péter Gulácsi,RB Leipzig,G,FSV Mainz 05 vs RB Leipzig,90,7.5,,0,,,35,22.0,,,,,,0,0,,
1139,Péter Gulácsi,RB Leipzig,G,RB Leipzig vs 1. FC Köln,90,6.6,,0,,,32,28.0,,,,,,0,0,1.0,1.0
1139,Péter Gulácsi,RB Leipzig,G,VfL Wolfsburg vs RB Leipzig,90,7.7,,0,,,42,30.0,,,,,,0,0,,
1139,Péter Gulácsi,RB Leipzig,G,Borussia Dortmund vs RB Leipzig,90,7.2,,0,,,38,34.0,,,,,,0,0,,1.0
1139,Péter Gulácsi,RB Leipzig,G,RB Leipzig vs Hamburger SV,90,6.6,,0,,,26,17.0,,,,,,0,0,,1.0
1139,Péter Gulácsi,RB Leipzig,G,FC Augsburg vs RB Leipzig,90,7.7,,0,,,39,37.0,,,,,,0,0,,
1139,Péter Gulácsi,RB Leipzig,G,RB Leipzig vs VfB Stuttgart,90,6.7,,0,,,41,29.0,,,,,,0,0,,
1139,Péter Gulácsi,RB Leipzig,G,1899 Hoffenheim vs RB Leipzig,90,6.2,,0,,,27,23.0,,,,,,0,0,,
1139,Péter Gulácsi,RB Leipzig,G,RB Leipzig vs Werder Bremen,90,7.9,,0,,,19,17.0,,,,,,0,0,,
1139,Péter Gulácsi,RB Leipzig,G,Borussia Mönchengladbach vs RB Leipzig,90,6.7,,0,,,27,24.0,,,,,,0,0,,
1139,Péter Gulácsi,RB Leipzig,G,RB Leipzig vs Eintracht Frankfurt,90,7.3,,0,,,24,21.0,,,,,,0,0,1.0,1.0
1139,Péter Gulácsi,RB Leipzig,G,Union Berlin vs RB Leipzig,90,5.9,,0,,,23,20.0,,,,,,0,0,,
1139,Péter Gulácsi,RB Leipzig,G,RB Leipzig vs Bayer Leverkusen,90,7.6,,0,,,19,18.0,,,,,,0,0,,
1139,Péter Gulácsi,RB Leipzig,G,RB Leipzig vs SC Freiburg,90,6.9,,0,,,40,38.0,,,,,,0,0,,
1139,Péter Gulácsi,RB Leipzig,G,RB Leipzig vs Bayern München,90,8.3,,0,,,41,32.0,,,,,,0,0,,
1139,Péter Gulácsi,RB Leipzig,G,1. FC Heidenheim vs RB Leipzig,90,8,,0,,,38,35.0,,,,,,0,0,,
1139,Péter Gulácsi,RB Leipzig,G,FC St. Pauli vs RB Leipzig,90,7.2,,0,,,42,35.0,,,,,,0,0,,
1139,Péter Gulácsi,RB Leipzig,G,RB Leipzig vs FSV Mainz 05,90,6.2,,0,,,29,25.0,,,,,,0,0,,
1139,Péter Gulácsi,RB Leipzig,G,1. FC Köln vs RB Leipzig,90,6.3,,0,,,37,28.0,,,,,,1,0,,
1139,Péter Gulácsi,RB Leipzig,G,RB Leipzig vs VfL Wolfsburg,29,6.3,,0,,,9,8.0,,,,,,0,0,,
25917,Ridle Baku,RB Leipzig,D,Bayern München vs RB Leipzig,90,6.2,,0,,,35,31.0,,7.0,1.0,2.0,,0,0,7.0,11.0
25917,Ridle Baku,RB Leipzig,D,RB Leipzig vs 1. FC Heidenheim,89,8.9,,1,1.0,1.0,60,55.0,,,1.0,,2.0,0,0,5.0,6.0
25917,Ridle Baku,RB Leipzig,D,FSV Mainz 05 vs RB Leipzig,90,7,,0,1.0,,46,27.0,,2.0,3.0,1.0,2.0,0,0,5.0,9.0
25917,Ridle Baku,RB Leipzig,D,RB Leipzig vs 1. FC Köln,80,7,,0,2.0,,59,54.0,,3.0,,1.0,,1,0,3.0,9.0
25917,Ridle Baku,RB Leipzig,D,VfL Wolfsburg vs RB Leipzig,90,7.3,,0,2.0,1.0,58,50.0,,2.0,,2.0,,0,0,4.0,10.0
25917,Ridle Baku,RB Leipzig,D,Borussia Dortmund vs RB Leipzig,90,7.6,,0,,,83,71.0,,3.0,2.0,2.0,2.0,1,0,7.0,9.0
25917,Ridle Baku,RB Leipzig,D,RB Leipzig vs Hamburger SV,90,6.2,,0,,,61,52.0,,3.0,1.0,2.0,,0,0,3.0,13.0
25917,Ridle Baku,RB Leipzig,D,FC Augsburg vs RB Leipzig,90,6.9,,0,1.0,,69,66.0,,2.0,,,1.0,0,0,5.0,7.0
25917,Ridle Baku,RB Leipzig,D,RB Leipzig vs VfB Stuttgart,89,7.2,,0,1.0,,60,45.0,,1.0,,1.0,,0,0,1.0,2.0
25917,Ridle Baku,RB Leipzig,D,1899 Hoffenheim vs RB Leipzig,88,6.7,,0,,,61,58.0,,4.0,3.0,,1.0,0,0,5.0,7.0
25917,Ridle Baku,RB Leipzig,D,RB Leipzig vs Werder Bremen,90,7.3,,1,1.0,,62,56.0,,4.0,,1.0,,0,0,5.0,13.0
25917,Ridle Baku,RB Leipzig,D,Borussia Mönchengladbach vs RB Leipzig,89,6.7,,0,,,65,59.0,,,,1.0,,1,0,1.0,4.0
25917,Ridle Baku,RB Leipzig,D,RB Leipzig vs Bayer Leverkusen,20,6.6,,0,,,27,21.0,,,,,2.0,0,0,2.0,2.0
25917,Ridle Baku,RB Leipzig,D,RB Leipzig vs SC Freiburg,90,7.2,,0,,,69,59.0,,2.0,1.0,3.0,2.0,0,0,4.0,8.0
25917,Ridle Baku,RB Leipzig,D,RB Leipzig vs Bayern München,90,5.5,,0,,,47,40.0,,2.0,,1.0,,0,0,2.0,6.0
25917,Ridle Baku,RB Leipzig,D,1. FC Heidenheim vs RB Leipzig,89,8.2,1.0,0,1.0,1.0,64,58.0,,3.0,,,,0,0,5.0,12.0
25917,Ridle Baku,RB Leipzig,D,FC St. Pauli vs RB Leipzig,90,7,,0,,,77,65.0,,1.0,,1.0,1.0,0,0,2.0,5.0
25917,Ridle Baku,RB Leipzig,D,RB Leipzig vs FSV Mainz 05,59,6.2,,0,,,55,50.0,,2.0,,,,0,0,2.0,6.0
25917,Ridle Baku,RB Leipzig,D,1. FC Köln vs RB Leipzig,26,6.9,,0,,,6,4.0,,1.0,,,,0,0,1.0,4.0
25917,Ridle Baku,RB Leipzig,D,RB Leipzig vs VfL Wolfsburg,27,6.2,,0,1.0,,24,20.0,,,,,,0,0,,
25917,Ridle Baku,RB Leipzig,D,RB Leipzig vs Borussia Dortmund,82,6.9,,0,1.0,,51,45.0,,1.0,4.0,,2.0,0,0,4.0,5.0
1148,Willi Orbán,RB Leipzig,D,Bayern München vs RB Leipzig,90,5.3,,0,,,31,28.0,,1.0,,3.0,,1,0,2.0,5.0
1148,Willi Orbán,RB Leipzig,D,RB Leipzig vs 1. FC Heidenheim,90,7.9,,0,,,63,60.0,,1.0,1.0,,2.0,0,0,8.0,11.0
1148,Willi Orbán,RB Leipzig,D,FSV Mainz 05 vs RB Leipzig,90,8.3,,0,,,27,24.0,,1.0,1.0,,1.0,0,0,11.0,14.0
1148,Willi Orbán,RB Leipzig,D,RB Leipzig vs 1. FC Köln,90,7.6,,0,2.0,,54,51.0,,1.0,1.0,,1.0,0,0,2.0,3.0
1148,Willi Orbán,RB Leipzig,D,VfL Wolfsburg vs RB Leipzig,90,7.3,,0,,,46,38.0,,1.0,1.0,1.0,1.0,1,0,6.0,10.0
1148,Willi Orbán,RB Leipzig,D,Borussia Dortmund vs RB Leipzig,90,6.9,,0,,,61,59.0,,2.0,2.0,1.0,,0,0,3.0,6.0
1148,Willi Orbán,RB Leipzig,D,RB Leipzig vs Hamburger SV,90,6.9,,0,,,69,64.0,,,,,,0,0,1.0,2.0
1148,Willi Orbán,RB Leipzig,D,FC Augsburg vs RB Leipzig,70,7,,0,,,50,47.0,,,1.0,,2.0,0,0,3.0,7.0
1148,Willi Orbán,RB Leipzig,D,RB Leipzig vs VfB Stuttgart,90,7,,0,,,45,40.0,,3.0,,1.0,,0,0,4.0,7.0
1148,Willi Orbán,RB Leipzig,D,1899 Hoffenheim vs RB Leipzig,90,6.3,,0,2.0,1.0,68,57.0,,1.0,2.0,,,0,0,5.0,7.0
1148,Willi Orbán,RB Leipzig,D,RB Leipzig vs Werder Bremen,90,7.6,,0,1.0,1.0,66,62.0,,3.0,2.0,,,0,0,5.0,8.0
1148,Willi Orbán,RB Leipzig,D,Borussia Mönchengladbach vs RB Leipzig,90,7.9,,0,1.0,,85,81.0,,1.0,,,2.0,0,0,7.0,9.0
1148,Willi Orbán,RB Leipzig,D,RB Leipzig vs Eintracht Frankfurt,90,8.3,,0,,,62,55.0,,2.0,1.0,1.0,1.0,0,0,10.0,11.0
1148,Willi Orbán,RB Leipzig,D,Union Berlin vs RB Leipzig,90,7.2,,0,,,88,79.0,,1.0,2.0,,,0,0,11.0,13.0
1148,Willi Orbán,RB Leipzig,D,RB Leipzig vs Bayer Leverkusen,90,6.7,,0,2.0,2.0,71,63.0,,1.0,3.0,1.0,,0,0,4.0,7.0
1148,Willi Orbán,RB Leipzig,D,RB Leipzig vs SC Freiburg,90,8.3,1.0,0,2.0,1.0,76,69.0,,1.0,3.0,2.0,1.0,0,0,7.0,15.0
1148,Willi Orbán,RB Leipzig,D,RB Leipzig vs Bayern München,90,5.7,,0,,,58,49.0,,1.0,,1.0,,0,0,1.0,3.0
1148,Willi Orbán,RB Leipzig,D,1. FC Heidenheim vs RB Leipzig,90,8.3,,0,,,112,104.0,,2.0,,,1.0,0,0,10.0,11.0
1148,Willi Orbán,RB Leipzig,D,FC St. Pauli vs RB Leipzig,90,7.5,,0,,,115,99.0,,2.0,1.0,,1.0,0,0,7.0,9.0
1148,Willi Orbán,RB Leipzig,D,RB Leipzig vs FSV Mainz 05,90,6.9,,0,1.0,1.0,88,78.0,,1.0,1.0,,1.0,0,0,9.0,14.0
1148,Willi Orbán,RB Leipzig,D,1. FC Köln vs RB Leipzig,90,7.6,,0,,,51,41.0,,1.0,,,1.0,0,0,10.0,12.0
1148,Willi Orbán,RB Leipzig,D,RB Leipzig vs VfL Wolfsburg,90,7.3,,0,1.0,,106,97.0,,2.0,,,1.0,0,0,6.0,7.0
1148,Willi Orbán,RB Leipzig,D,RB Leipzig vs Borussia Dortmund,90,7.2,,0,,,50,42.0,,1.0,3.0,,1.0,0,0,8.0,13.0
162761,Castello Lukeba,RB Leipzig,D,Bayern München vs RB Leipzig,90,5.5,,0,,,62,56.0,,,2.0,,,0,0,2.0,4.0
162761,Castello Lukeba,RB Leipzig,D,RB Leipzig vs 1. FC Heidenheim,90,7.9,,0,1.0,,87,79.0,,1.0,1.0,,1.0,0,0,8.0,10.0
162761,Castello Lukeba,RB Leipzig,D,FSV Mainz 05 vs RB Leipzig,90,7.2,,0,1.0,1.0,37,28.0,,3.0,1.0,,,0,0,7.0,9.0
162761,Castello Lukeba,RB Leipzig,D,RB Leipzig vs 1. FC Köln,90,6.2,,0,,,58,53.0,,,2.0,1.0,,0,0,1.0,6.0
162761,Castello Lukeba,RB Leipzig,D,VfL Wolfsburg vs RB Leipzig,90,7,,0,,,65,56.0,,1.0,4.0,1.0,,0,0,1.0,8.0
162761,Castello Lukeba,RB Leipzig,D,Borussia Dortmund vs RB Leipzig,90,7.5,,0,,,71,60.0,,3.0,1.0,,1.0,0,0,7.0,9.0
162761,Castello Lukeba,RB Leipzig,D,RB Leipzig vs Hamburger SV,90,7,,0,,,81,72.0,,1.0,3.0,,,0,0,3.0,4.0
162761,Castello Lukeba,RB Leipzig,D,FC Augsburg vs RB Leipzig,90,8.9,1.0,0,1.0,1.0,81,74.0,,1.0,1.0,,1.0,0,0,4.0,4.0
162761,Castello Lukeba,RB Leipzig,D,RB Leipzig vs VfB Stuttgart,90,7.2,,0,,,39,38.0,,2.0,,,1.0,0,0,4.0,4.0
162761,Castello Lukeba,RB Leipzig,D,RB Leipzig vs Werder Bremen,90,7.5,,0,,,66,62.0,,1.0,,1.0,1.0,0,0,3.0,6.0
162761,Castello Lukeba,RB Leipzig,D,Borussia Mönchengladbach vs RB Leipzig,90,7.9,,0,1.0,,91,86.0,,2.0,1.0,1.0,,0,0,4.0,7.0
162761,Castello Lukeba,RB Leipzig,D,RB Leipzig vs Eintracht Frankfurt,90,7.9,,0,,,75,63.0,,2.0,3.0,,2.0,0,0,7.0,10.0
162761,Castello Lukeba,RB Leipzig,D,Union Berlin vs RB Leipzig,90,6.3,,0,,,73,67.0,,1.0,1.0,,,0,0,1.0,5.0
162761,Castello Lukeba,RB Leipzig,D,RB Leipzig vs Bayer Leverkusen,90,6.5,,0,,,64,58.0,,1.0,1.0,2.0,,1,0,2.0,4.0
162761,Castello Lukeba,RB Leipzig,D,RB Leipzig vs SC Freiburg,88,7.2,,0,,,82,78.0,,,2.0,1.0,1.0,0,0,1.0,4.0
162761,Castello Lukeba,RB Leipzig,D,RB Leipzig vs Bayern München,90,5.9,,0,,,73,65.0,,,1.0,1.0,,0,0,2.0,4.0
162761,Castello Lukeba,RB Leipzig,D,RB Leipzig vs VfL Wolfsburg,8,6.9,,0,,,16,14.0,,,1.0,,,0,0,,
162761,Castello Lukeba,RB Leipzig,D,RB Leipzig vs Borussia Dortmund,90,6.6,,0,,,45,42.0,,1.0,,,,1,0,3.0,6.0
25158,David Raum,RB Leipzig,D,Bayern München vs RB Leipzig,90,5.5,,0,1.0,,42,29.0,,1.0,2.0,2.0,2.0,0,0,5.0,10.0
25158,David Raum,RB Leipzig,D,RB Leipzig vs 1. FC Heidenheim,90,8.3,,1,,,54,45.0,,,2.0,1.0,1.0,1,0,2.0,3.0
25158,David Raum,RB Leipzig,D,FSV Mainz 05 vs RB Leipzig,90,7.3,,0,1.0,,41,28.0,,1.0,,1.0,,0,0,1.0,4.0
25158,David Raum,RB Leipzig,D,RB Leipzig vs 1. FC Köln,90,8.7,1.0,0,1.0,1.0,62,53.0,,1.0,,1.0,,0,0,1.0,2.0
25158,David Raum,RB Leipzig,D,VfL Wolfsburg vs RB Leipzig,90,7.3,,0,1.0,,62,50.0,,3.0,1.0,1.0,,0,0,5.0,9.0
25158,David Raum,RB Leipzig,D,Borussia Dortmund vs RB Leipzig,90,7.9,,0,1.0,,55,43.0,,9.0,3.0,2.0,,0,0,10.0,14.0
25158,David Raum,RB Leipzig,D,RB Leipzig vs Hamburger SV,90,7,,0,1.0,,65,56.0,,1.0,3.0,4.0,1.0,0,0,3.0,10.0
25158,David Raum,RB Leipzig,D,FC Augsburg vs RB Leipzig,90,7.3,,0,,,76,62.0,,,1.0,1.0,,0,0,,4.0
25158,David Raum,RB Leipzig,D,RB Leipzig vs VfB Stuttgart,90,6.9,,0,1.0,1.0,38,22.0,,,,1.0,,0,0,1.0,5.0
25158,David Raum,RB Leipzig,D,1899 Hoffenheim vs RB Leipzig,90,6.7,,0,1.0,,73,53.0,,2.0,2.0,,1.0,1,0,4.0,8.0
25158,David Raum,RB Leipzig,D,RB Leipzig vs Werder Bremen,90,7.2,,0,2.0,1.0,75,63.0,,1.0,,,,0,0,3.0,4.0
25158,David Raum,RB Leipzig,D,Borussia Mönchengladbach vs RB Leipzig,90,7.3,,0,2.0,,47,42.0,,2.0,1.0,1.0,,0,0,2.0,4.0
25158,David Raum,RB Leipzig,D,RB Leipzig vs Eintracht Frankfurt,67,7.9,1.0,0,1.0,1.0,46,30.0,,2.0,1.0,2.0,,1,0,5.0,15.0
25158,David Raum,RB Leipzig,D,Union Berlin vs RB Leipzig,90,6.3,,0,1.0,,70,55.0,,1.0,1.0,,,1,0,4.0,7.0
25158,David Raum,RB Leipzig,D,RB Leipzig vs Bayer Leverkusen,90,7.9,,0,,,50,40.0,,6.0,2.0,,2.0,0,0,8.0,10.0
25158,David Raum,RB Leipzig,D,RB Leipzig vs SC Freiburg,90,8.5,,1,,,80,74.0,,4.0,2.0,2.0,1.0,0,0,6.0,15.0
25158,David Raum,RB Leipzig,D,RB Leipzig vs Bayern München,90,6.3,,1,,,36,28.0,,3.0,,,,0,0,4.0,8.0
25158,David Raum,RB Leipzig,D,1. FC Heidenheim vs RB Leipzig,77,8.5,1.0,0,1.0,1.0,54,45.0,,1.0,1.0,,1.0,0,0,4.0,5.0
25158,David Raum,RB Leipzig,D,FC St. Pauli vs RB Leipzig,90,5.5,,0,1.0,,72,57.0,,,,2.0,,0,0,1.0,5.0
25158,David Raum,RB Leipzig,D,RB Leipzig vs FSV Mainz 05,90,7.2,,0,,,104,92.0,,2.0,1.0,2.0,,0,0,3.0,7.0
25158,David Raum,RB Leipzig,D,1. FC Köln vs RB Leipzig,90,7.2,,1,,,65,55.0,,2.0,1.0,,,1,0,3.0,8.0
25158,David Raum,RB Leipzig,D,RB Leipzig vs Borussia Dortmund,90,8,,1,,,60,51.0,,,1.0,2.0,1.0,1,0,1.0,7.0
1095,Xaver Schlager,RB Leipzig,M,Bayern München vs RB Leipzig,69,6.7,,0,1.0,,27,23.0,,1.0,,2.0,,0,0,2.0,5.0
1095,Xaver Schlager,RB Leipzig,M,RB Leipzig vs 1. FC Heidenheim,90,7.6,,0,,,63,61.0,,2.0,1.0,,,0,0,5.0,7.0
1095,Xaver Schlager,RB Leipzig,M,FSV Mainz 05 vs RB Leipzig,32,7.2,,0,,,15,13.0,,1.0,,,,0,0,3.0,3.0
1095,Xaver Schlager,RB Leipzig,M,RB Leipzig vs Hamburger SV,12,6.3,,0,,,6,5.0,,,,,,0,0,,2.0
1095,Xaver Schlager,RB Leipzig,M,FC Augsburg vs RB Leipzig,27,6.3,,0,,,27,24.0,,1.0,1.0,2.0,,1,0,1.0,5.0
1095,Xaver Schlager,RB Leipzig,M,RB Leipzig vs VfB Stuttgart,19,6.7,,0,,,12,11.0,,1.0,,1.0,,0,0,1.0,2.0
1095,Xaver Schlager,RB Leipzig,M,RB Leipzig vs Werder Bremen,22,7.5,1.0,0,1.0,1.0,15,13.0,,,,,,0,0,,1.0
1095,Xaver Schlager,RB Leipzig,M,Borussia Mönchengladbach vs RB Leipzig,66,6.3,,0,,,29,25.0,,2.0,,2.0,,1,0,4.0,8.0
1095,Xaver Schlager,RB Leipzig,M,RB Leipzig vs Eintracht Frankfurt,90,7.2,,0,,,45,42.0,,4.0,2.0,1.0,1.0,0,0,8.0,14.0
1095,Xaver Schlager,RB Leipzig,M,Union Berlin vs RB Leipzig,90,6.5,,0,,,55,42.0,,1.0,,,1.0,0,0,7.0,15.0
1095,Xaver Schlager,RB Leipzig,M,RB Leipzig vs Bayer Leverkusen,90,8.9,1.0,0,2.0,2.0,42,34.0,,3.0,1.0,2.0,1.0,0,0,5.0,9.0
1095,Xaver Schlager,RB Leipzig,M,RB Leipzig vs SC Freiburg,90,6.7,,0,,,31,25.0,,2.0,1.0,1.0,,0,0,4.0,9.0
1095,Xaver Schlager,RB Leipzig,M,RB Leipzig vs Bayern München,90,6.7,,0,,,34,28.0,,2.0,,1.0,,0,0,3.0,6.0
1095,Xaver Schlager,RB Leipzig,M,1. FC Heidenheim vs RB Leipzig,90,6.9,,0,2.0,2.0,79,70.0,,2.0,1.0,2.0,1.0,0,0,3.0,8.0
1095,Xaver Schlager,RB Leipzig,M,FC St. Pauli vs RB Leipzig,90,6.9,,0,1.0,,29,23.0,,,,,2.0,0,0,4.0,7.0
1095,Xaver Schlager,RB Leipzig,M,RB Leipzig vs FSV Mainz 05,90,6.3,,0,,,71,55.0,,1.0,,,1.0,0,0,4.0,7.0
1095,Xaver Schlager,RB Leipzig,M,1. FC Köln vs RB Leipzig,90,7.5,,1,1.0,,53,46.0,,1.0,,1.0,1.0,0,0,6.0,7.0
1095,Xaver Schlager,RB Leipzig,M,RB Leipzig vs VfL Wolfsburg,90,7.2,,0,,,87,79.0,,,,2.0,,1,0,4.0,9.0
1095,Xaver Schlager,RB Leipzig,M,RB Leipzig vs Borussia Dortmund,65,6.2,,0,,,20,16.0,,1.0,,1.0,,0,0,1.0,5.0
7328,Nicolas Seiwald,RB Leipzig,M,Bayern München vs RB Leipzig,88,6.3,,0,,,33,29.0,,2.0,1.0,,,0,0,3.0,5.0
7328,Nicolas Seiwald,RB Leipzig,M,RB Leipzig vs 1. FC Heidenheim,23,6.6,,0,,,17,15.0,,1.0,,,,0,0,1.0,2.0
7328,Nicolas Seiwald,RB Leipzig,M,FSV Mainz 05 vs RB Leipzig,90,7.2,,0,1.0,,24,18.0,,1.0,6.0,,,0,0,4.0,4.0
7328,Nicolas Seiwald,RB Leipzig,M,RB Leipzig vs 1. FC Köln,90,6.7,,0,1.0,,22,17.0,,1.0,2.0,,,0,0,1.0,1.0
7328,Nicolas Seiwald,RB Leipzig,M,VfL Wolfsburg vs RB Leipzig,90,7.2,,0,,,26,25.0,,3.0,1.0,3.0,1.0,0,0,5.0,10.0
7328,Nicolas Seiwald,RB Leipzig,M,Borussia Dortmund vs RB Leipzig,90,7.2,,0,,,47,41.0,,4.0,4.0,,1.0,0,0,5.0,6.0
7328,Nicolas Seiwald,RB Leipzig,M,RB Leipzig vs Hamburger SV,90,7,,0,,,43,37.0,,2.0,7.0,1.0,1.0,0,0,3.0,4.0
7328,Nicolas Seiwald,RB Leipzig,M,FC Augsburg vs RB Leipzig,90,7.2,,0,,,57,50.0,,6.0,2.0,2.0,,0,0,9.0,17.0
7328,Nicolas Seiwald,RB Leipzig,M,RB Leipzig vs VfB Stuttgart,90,6.9,,0,,,31,28.0,,2.0,3.0,,,0,0,4.0,7.0
7328,Nicolas Seiwald,RB Leipzig,M,1899 Hoffenheim vs RB Leipzig,75,6.9,,0,,,33,27.0,,2.0,2.0,,1.0,0,0,5.0,8.0
7328,Nicolas Seiwald,RB Leipzig,M,RB Leipzig vs Werder Bremen,90,7.5,,0,,,61,59.0,,2.0,3.0,1.0,1.0,0,0,3.0,5.0
7328,Nicolas Seiwald,RB Leipzig,M,Borussia Mönchengladbach vs RB Leipzig,90,7.2,,0,,,77,70.0,,4.0,1.0,,,0,0,6.0,8.0
7328,Nicolas Seiwald,RB Leipzig,M,RB Leipzig vs Eintracht Frankfurt,72,7.2,,1,,,37,31.0,,1.0,,1.0,,0,0,1.0,2.0
7328,Nicolas Seiwald,RB Leipzig,M,Union Berlin vs RB Leipzig,89,7.2,,0,,,76,68.0,,1.0,,,,0,0,3.0,4.0
7328,Nicolas Seiwald,RB Leipzig,M,RB Leipzig vs Bayer Leverkusen,89,6.5,,0,,,57,50.0,,,,1.0,,0,0,2.0,7.0
7328,Nicolas Seiwald,RB Leipzig,M,RB Leipzig vs SC Freiburg,90,6.9,,0,3.0,3.0,44,35.0,,,,,,0,0,1.0,2.0
7328,Nicolas Seiwald,RB Leipzig,M,RB Leipzig vs Bayern München,81,6.2,,0,1.0,,22,19.0,,,5.0,1.0,,1,0,2.0,5.0
7328,Nicolas Seiwald,RB Leipzig,M,1. FC Heidenheim vs RB Leipzig,90,7.3,,1,,,77,69.0,,4.0,,,,0,0,6.0,8.0
7328,Nicolas Seiwald,RB Leipzig,M,FC St. Pauli vs RB Leipzig,90,6.7,,0,1.0,,42,36.0,,,2.0,1.0,,0,0,1.0,5.0
7328,Nicolas Seiwald,RB Leipzig,M,RB Leipzig vs FSV Mainz 05,86,7.3,,0,,,74,68.0,,1.0,3.0,,,0,0,5.0,6.0
7328,Nicolas Seiwald,RB Leipzig,M,1. FC Köln vs RB Leipzig,90,6.6,,0,,,62,54.0,,1.0,2.0,1.0,,0,0,4.0,8.0
7328,Nicolas Seiwald,RB Leipzig,M,RB Leipzig vs VfL Wolfsburg,82,6.9,,0,,,91,86.0,,1.0,,,,0,0,2.0,3.0
7328,Nicolas Seiwald,RB Leipzig,M,RB Leipzig vs Borussia Dortmund,90,6.9,,0,1.0,,39,37.0,,2.0,2.0,,,0,0,6.0,8.0
162016,Xavi Simons,RB Leipzig,M,Bayern München vs RB Leipzig,90,6.3,,0,,,37,33.0,,,1.0,1.0,3.0,0,0,5.0,8.0
290549,Johan Bakayoko,RB Leipzig,F,Bayern München vs RB Leipzig,69,5.9,,0,,,24,18.0,,1.0,,,,0,0,1.0,7.0
290549,Johan Bakayoko,RB Leipzig,F,RB Leipzig vs 1. FC Heidenheim,67,6.6,,0,,,22,21.0,,1.0,,1.0,1.0,0,0,4.0,8.0
290549,Johan Bakayoko,RB Leipzig,F,FSV Mainz 05 vs RB Leipzig,66,7.7,1.0,0,2.0,1.0,11,9.0,,,1.0,3.0,,0,0,2.0,7.0
290549,Johan Bakayoko,RB Leipzig,F,RB Leipzig vs 1. FC Köln,80,7.3,,0,,,28,23.0,,,,,2.0,0,0,4.0,6.0
290549,Johan Bakayoko,RB Leipzig,F,VfL Wolfsburg vs RB Leipzig,89,8.7,1.0,0,4.0,3.0,29,25.0,,1.0,,,2.0,0,0,4.0,7.0
290549,Johan Bakayoko,RB Leipzig,F,Borussia Dortmund vs RB Leipzig,89,6.5,,0,3.0,1.0,32,28.0,,1.0,,3.0,2.0,0,0,5.0,12.0
290549,Johan Bakayoko,RB Leipzig,F,RB Leipzig vs Hamburger SV,61,6.3,,0,,,20,18.0,,,,,,0,0,,1.0
290549,Johan Bakayoko,RB Leipzig,F,RB Leipzig vs VfB Stuttgart,19,6.5,,0,,,8,7.0,,,,1.0,,0,0,1.0,4.0
290549,Johan Bakayoko,RB Leipzig,F,1899 Hoffenheim vs RB Leipzig,23,6.7,,0,,,12,9.0,,,,1.0,,1,0,3.0,6.0
290549,Johan Bakayoko,RB Leipzig,F,RB Leipzig vs Werder Bremen,22,6.3,,0,2.0,1.0,8,6.0,,,,,,0,0,1.0,3.0
290549,Johan Bakayoko,RB Leipzig,F,Borussia Mönchengladbach vs RB Leipzig,24,6.2,,0,1.0,1.0,14,11.0,,,,,,0,0,,3.0
290549,Johan Bakayoko,RB Leipzig,F,Union Berlin vs RB Leipzig,58,6.6,,0,,,17,13.0,,1.0,,,2.0,0,0,4.0,6.0
290549,Johan Bakayoko,RB Leipzig,F,RB Leipzig vs FSV Mainz 05,10,6.7,,0,,,4,4.0,,,,,1.0,0,0,1.0,1.0
290549,Johan Bakayoko,RB Leipzig,F,RB Leipzig vs VfL Wolfsburg,8,6.6,,0,,,8,6.0,,,,,,0,0,,
86,Loïs Openda,RB Leipzig,F,Bayern München vs RB Leipzig,45,6.9,,0,,,12,10.0,,,,,2.0,0,0,2.0,3.0
86,Loïs Openda,RB Leipzig,F,RB Leipzig vs 1. FC Heidenheim,10,6.7,,0,,,3,3.0,,,,,1.0,0,0,2.0,3.0
513776,Yan Diomande,RB Leipzig,F,Bayern München vs RB Leipzig,45,6.7,,0,,,11,9.0,,,,1.0,,0,0,2.0,7.0
513776,Yan Diomande,RB Leipzig,F,RB Leipzig vs 1. FC Heidenheim,23,7,,0,1.0,,16,12.0,,1.0,,,,0,0,5.0,7.0
513776,Yan Diomande,RB Leipzig,F,FSV Mainz 05 vs RB Leipzig,24,6.5,,0,,,15,10.0,,,1.0,1.0,,0,0,1.0,8.0
513776,Yan Diomande,RB Leipzig,F,RB Leipzig vs 1. FC Köln,89,6.9,,0,1.0,1.0,31,28.0,,1.0,1.0,2.0,1.0,0,0,3.0,10.0
513776,Yan Diomande,RB Leipzig,F,VfL Wolfsburg vs RB Leipzig,79,7,,0,1.0,1.0,33,25.0,,,1.0,,,1,0,3.0,9.0
513776,Yan Diomande,RB Leipzig,F,Borussia Dortmund vs RB Leipzig,23,6.9,,0,,,8,6.0,,1.0,1.0,,,0,0,6.0,10.0
513776,Yan Diomande,RB Leipzig,F,RB Leipzig vs Hamburger SV,29,6.7,,0,,,11,8.0,,,1.0,,,1,0,2.0,5.0
513776,Yan Diomande,RB Leipzig,F,FC Augsburg vs RB Leipzig,63,8.2,1.0,2,1.0,1.0,26,19.0,,,,,,0,0,3.0,12.0
513776,Yan Diomande,RB Leipzig,F,RB Leipzig vs VfB Stuttgart,90,8.6,1.0,0,2.0,2.0,32,25.0,,1.0,,1.0,,0,0,7.0,10.0
513776,Yan Diomande,RB Leipzig,F,1899 Hoffenheim vs RB Leipzig,67,8.2,1.0,0,3.0,2.0,26,22.0,,2.0,,,3.0,0,0,9.0,16.0
513776,Yan Diomande,RB Leipzig,F,RB Leipzig vs Werder Bremen,89,8.5,,0,3.0,2.0,52,47.0,,2.0,1.0,,1.0,0,0,5.0,11.0
513776,Yan Diomande,RB Leipzig,F,Borussia Mönchengladbach vs RB Leipzig,90,7,,0,1.0,,38,33.0,,1.0,1.0,,1.0,0,0,4.0,6.0
513776,Yan Diomande,RB Leipzig,F,RB Leipzig vs Eintracht Frankfurt,87,10,3.0,0,3.0,3.0,31,28.0,,1.0,,,1.0,0,0,6.0,13.0
513776,Yan Diomande,RB Leipzig,F,Union Berlin vs RB Leipzig,90,7.3,,0,2.0,1.0,36,31.0,,3.0,,1.0,3.0,0,0,11.0,23.0
513776,Yan Diomande,RB Leipzig,F,RB Leipzig vs SC Freiburg,30,7.2,,0,,,18,17.0,,1.0,,,1.0,0,0,2.0,3.0
513776,Yan Diomande,RB Leipzig,F,RB Leipzig vs Bayern München,90,7.6,,0,1.0,1.0,35,29.0,,,1.0,1.0,1.0,0,0,3.0,10.0
513776,Yan Diomande,RB Leipzig,F,1. FC Heidenheim vs RB Leipzig,90,7.2,,2,,,55,47.0,,,1.0,2.0,1.0,0,0,11.0,25.0
513776,Yan Diomande,RB Leipzig,F,FC St. Pauli vs RB Leipzig,89,8.2,1.0,0,1.0,1.0,33,29.0,,2.0,2.0,,,0,0,7.0,15.0
513776,Yan Diomande,RB Leipzig,F,RB Leipzig vs FSV Mainz 05,90,7.9,,0,,,60,53.0,,1.0,,,3.0,0,0,6.0,13.0
513776,Yan Diomande,RB Leipzig,F,1. FC Köln vs RB Leipzig,82,7.7,,0,2.0,1.0,21,19.0,,1.0,,,1.0,0,0,10.0,14.0
513776,Yan Diomande,RB Leipzig,F,RB Leipzig vs VfL Wolfsburg,90,8.9,1.0,0,3.0,3.0,69,60.0,,1.0,1.0,,1.0,0,0,8.0,12.0
513776,Yan Diomande,RB Leipzig,F,RB Leipzig vs Borussia Dortmund,89,9,,1,1.0,,31,29.0,,1.0,1.0,,2.0,0,0,7.0,14.0
314511,Antonio Nusa,RB Leipzig,M,Bayern München vs RB Leipzig,45,6.7,,0,1.0,,9,4.0,,2.0,1.0,,3.0,0,0,6.0,10.0
314511,Antonio Nusa,RB Leipzig,M,RB Leipzig vs 1. FC Heidenheim,90,6.9,,0,1.0,,40,33.0,,2.0,2.0,1.0,2.0,0,0,7.0,12.0
314511,Antonio Nusa,RB Leipzig,M,FSV Mainz 05 vs RB Leipzig,66,6.9,,0,2.0,1.0,11,11.0,,1.0,,,2.0,0,0,5.0,9.0
314511,Antonio Nusa,RB Leipzig,M,VfL Wolfsburg vs RB Leipzig,11,6.9,,0,,,4,4.0,,,,,,0,0,3.0,3.0
314511,Antonio Nusa,RB Leipzig,M,Borussia Dortmund vs RB Leipzig,67,6.3,,0,,,13,11.0,,1.0,,,2.0,0,0,3.0,8.0
314511,Antonio Nusa,RB Leipzig,M,RB Leipzig vs Hamburger SV,89,7.9,,1,2.0,1.0,18,14.0,,,,3.0,6.0,0,0,10.0,17.0
314511,Antonio Nusa,RB Leipzig,M,FC Augsburg vs RB Leipzig,90,7.9,1.0,0,1.0,1.0,32,29.0,,1.0,,1.0,1.0,0,0,5.0,13.0
314511,Antonio Nusa,RB Leipzig,M,RB Leipzig vs VfB Stuttgart,71,6.9,,0,3.0,2.0,16,11.0,,,,,3.0,0,0,6.0,9.0
314511,Antonio Nusa,RB Leipzig,M,1899 Hoffenheim vs RB Leipzig,88,6.9,,0,2.0,1.0,21,19.0,,3.0,,,,0,0,4.0,7.0
314511,Antonio Nusa,RB Leipzig,M,RB Leipzig vs Werder Bremen,68,6.6,,0,1.0,1.0,24,22.0,,,,,,0,0,2.0,5.0
314511,Antonio Nusa,RB Leipzig,M,Borussia Mönchengladbach vs RB Leipzig,66,7.5,,0,1.0,,21,19.0,,2.0,1.0,,2.0,0,0,6.0,8.0
314511,Antonio Nusa,RB Leipzig,M,RB Leipzig vs Eintracht Frankfurt,90,7.3,,0,4.0,,23,18.0,,1.0,,1.0,8.0,0,0,11.0,19.0
314511,Antonio Nusa,RB Leipzig,M,RB Leipzig vs SC Freiburg,30,7.5,,0,3.0,,20,17.0,,,,,5.0,0,0,8.0,10.0
314511,Antonio Nusa,RB Leipzig,M,RB Leipzig vs Bayern München,89,7.3,,0,4.0,,21,14.0,,2.0,1.0,,2.0,0,0,9.0,12.0
314511,Antonio Nusa,RB Leipzig,M,1. FC Heidenheim vs RB Leipzig,71,7.6,1.0,0,3.0,2.0,21,18.0,,1.0,,,1.0,0,0,5.0,10.0
314511,Antonio Nusa,RB Leipzig,M,FC St. Pauli vs RB Leipzig,85,6.7,,0,3.0,3.0,25,17.0,,1.0,,,,0,0,4.0,11.0
314511,Antonio Nusa,RB Leipzig,M,RB Leipzig vs FSV Mainz 05,90,8,,1,1.0,,40,33.0,,,,,3.0,0,0,9.0,19.0
314511,Antonio Nusa,RB Leipzig,M,1. FC Köln vs RB Leipzig,89,7,,0,,,18,15.0,,1.0,,2.0,2.0,0,0,5.0,12.0
314511,Antonio Nusa,RB Leipzig,M,RB Leipzig vs VfL Wolfsburg,82,7.5,,0,1.0,1.0,29,21.0,,,,1.0,3.0,0,0,8.0,13.0
314511,Antonio Nusa,RB Leipzig,M,RB Leipzig vs Borussia Dortmund,25,6.3,,0,,,11,8.0,,,,,3.0,0,0,4.0,6.0
326102,Rômulo,RB Leipzig,F,Bayern München vs RB Leipzig,45,6.7,,0,,,15,10.0,,1.0,1.0,1.0,,0,0,3.0,6.0
326102,Rômulo,RB Leipzig,F,RB Leipzig vs 1. FC Heidenheim,85,7.2,1.0,0,4.0,2.0,20,16.0,,,,1.0,1.0,0,0,5.0,9.0
326102,Rômulo,RB Leipzig,F,FSV Mainz 05 vs RB Leipzig,89,6.3,,0,2.0,,25,16.0,,1.0,,,1.0,0,0,7.0,16.0
326102,Rômulo,RB Leipzig,F,RB Leipzig vs 1. FC Köln,90,7.6,1.0,0,4.0,3.0,18,14.0,,1.0,,2.0,1.0,0,0,5.0,8.0
326102,Rômulo,RB Leipzig,F,VfL Wolfsburg vs RB Leipzig,79,6,,1,,,12,9.0,,2.0,2.0,,,0,0,2.0,9.0
326102,Rômulo,RB Leipzig,F,Borussia Dortmund vs RB Leipzig,89,6.3,,0,1.0,,22,13.0,,,,1.0,3.0,0,0,6.0,14.0
326102,Rômulo,RB Leipzig,F,RB Leipzig vs Hamburger SV,89,6.3,,1,1.0,,23,14.0,,2.0,,,1.0,0,0,6.0,12.0
326102,Rômulo,RB Leipzig,F,FC Augsburg vs RB Leipzig,63,7.9,1.0,1,1.0,1.0,27,22.0,,,,,,0,0,1.0,5.0
326102,Rômulo,RB Leipzig,F,RB Leipzig vs VfB Stuttgart,89,7,1.0,0,4.0,2.0,28,19.0,,1.0,,1.0,4.0,0,0,5.0,14.0
326102,Rômulo,RB Leipzig,F,1899 Hoffenheim vs RB Leipzig,90,6.9,,0,1.0,1.0,28,18.0,,2.0,,,2.0,0,0,8.0,14.0
326102,Rômulo,RB Leipzig,F,RB Leipzig vs Bayer Leverkusen,70,6.2,,0,,,13,11.0,,1.0,1.0,1.0,,0,0,1.0,6.0
326102,Rômulo,RB Leipzig,F,RB Leipzig vs SC Freiburg,74,6.9,1.0,0,1.0,1.0,20,19.0,,1.0,,,,0,0,2.0,6.0
326102,Rômulo,RB Leipzig,F,RB Leipzig vs Bayern München,81,8.2,1.0,0,3.0,3.0,21,13.0,,1.0,,,1.0,0,0,5.0,7.0
326102,Rômulo,RB Leipzig,F,1. FC Heidenheim vs RB Leipzig,90,6.2,,0,,,34,23.0,,2.0,,,1.0,0,0,5.0,9.0
326102,Rômulo,RB Leipzig,F,FC St. Pauli vs RB Leipzig,64,5.5,,0,2.0,,13,10.0,,,,,1.0,0,0,3.0,11.0
326102,Rômulo,RB Leipzig,F,RB Leipzig vs FSV Mainz 05,72,6,,0,2.0,1.0,34,28.0,,1.0,,,1.0,0,0,5.0,13.0
326102,Rômulo,RB Leipzig,F,1. FC Köln vs RB Leipzig,64,7.2,,0,2.0,,5,5.0,,,1.0,1.0,,0,0,3.0,12.0
326102,Rômulo,RB Leipzig,F,RB Leipzig vs VfL Wolfsburg,27,6.5,,0,3.0,1.0,8,7.0,,1.0,,,,0,0,2.0,2.0
326102,Rômulo,RB Leipzig,F,RB Leipzig vs Borussia Dortmund,81,6.9,,0,1.0,1.0,23,19.0,,,1.0,2.0,1.0,1,0,7.0,12.0
715,Christoph Baumgartner,RB Leipzig,M,Bayern München vs RB Leipzig,21,6.3,,0,2.0,1.0,4,4.0,,,,1.0,,0,0,1.0,3.0
715,Christoph Baumgartner,RB Leipzig,M,RB Leipzig vs 1. FC Heidenheim,85,7.6,1.0,0,5.0,1.0,27,16.0,,2.0,,2.0,1.0,0,0,7.0,15.0
715,Christoph Baumgartner,RB Leipzig,M,FSV Mainz 05 vs RB Leipzig,89,7.5,,0,1.0,,39,29.0,,3.0,1.0,3.0,5.0,0,0,11.0,19.0
715,Christoph Baumgartner,RB Leipzig,M,RB Leipzig vs 1. FC Köln,89,6.6,,0,2.0,1.0,34,26.0,,1.0,,2.0,,0,0,2.0,10.0
715,Christoph Baumgartner,RB Leipzig,M,VfL Wolfsburg vs RB Leipzig,89,6,,0,2.0,,25,20.0,,2.0,1.0,1.0,,0,0,2.0,8.0
715,Christoph Baumgartner,RB Leipzig,M,Borussia Dortmund vs RB Leipzig,90,7.7,1.0,0,3.0,2.0,30,27.0,,3.0,1.0,2.0,1.0,1,0,6.0,12.0
715,Christoph Baumgartner,RB Leipzig,M,RB Leipzig vs Hamburger SV,78,8.6,2.0,0,3.0,3.0,14,11.0,,,,2.0,2.0,1,0,3.0,8.0
715,Christoph Baumgartner,RB Leipzig,M,FC Augsburg vs RB Leipzig,63,7.7,1.0,1,1.0,1.0,32,23.0,,3.0,1.0,3.0,,0,0,3.0,8.0
715,Christoph Baumgartner,RB Leipzig,M,RB Leipzig vs VfB Stuttgart,85,6.6,,1,1.0,,38,27.0,,1.0,,1.0,,1,0,3.0,7.0
715,Christoph Baumgartner,RB Leipzig,M,1899 Hoffenheim vs RB Leipzig,90,6.3,,0,,,23,17.0,,2.0,1.0,1.0,2.0,0,0,7.0,15.0
715,Christoph Baumgartner,RB Leipzig,M,RB Leipzig vs Werder Bremen,89,7.3,,1,4.0,3.0,19,14.0,,1.0,2.0,1.0,1.0,0,0,4.0,6.0
715,Christoph Baumgartner,RB Leipzig,M,Borussia Mönchengladbach vs RB Leipzig,90,6,,0,2.0,,37,28.0,,,1.0,3.0,3.0,1,0,4.0,13.0
715,Christoph Baumgartner,RB Leipzig,M,RB Leipzig vs Eintracht Frankfurt,67,8.2,1.0,2,1.0,1.0,30,18.0,,1.0,,,1.0,0,0,3.0,3.0
715,Christoph Baumgartner,RB Leipzig,M,Union Berlin vs RB Leipzig,90,5.9,,0,2.0,1.0,46,32.0,,1.0,,2.0,,0,0,3.0,11.0
715,Christoph Baumgartner,RB Leipzig,M,RB Leipzig vs Bayer Leverkusen,90,7.3,,1,3.0,1.0,38,26.0,,1.0,,1.0,3.0,0,0,9.0,13.0
715,Christoph Baumgartner,RB Leipzig,M,RB Leipzig vs SC Freiburg,88,6.9,,0,3.0,1.0,25,16.0,,2.0,1.0,2.0,1.0,0,0,7.0,12.0
715,Christoph Baumgartner,RB Leipzig,M,RB Leipzig vs Bayern München,84,5.7,,0,2.0,,30,22.0,,2.0,,1.0,1.0,0,0,5.0,10.0
715,Christoph Baumgartner,RB Leipzig,M,1. FC Heidenheim vs RB Leipzig,71,6.3,,0,2.0,2.0,31,25.0,,2.0,1.0,3.0,,0,0,3.0,9.0
715,Christoph Baumgartner,RB Leipzig,M,FC St. Pauli vs RB Leipzig,85,6.3,,0,,,36,28.0,,3.0,,2.0,1.0,1,0,4.0,11.0
715,Christoph Baumgartner,RB Leipzig,M,1. FC Köln vs RB Leipzig,90,9.6,2.0,0,3.0,3.0,52,39.0,,5.0,1.0,2.0,1.0,1,0,12.0,21.0
715,Christoph Baumgartner,RB Leipzig,M,RB Leipzig vs VfL Wolfsburg,90,6.2,,0,1.0,,43,34.0,,,1.0,1.0,,0,0,2.0,8.0
715,Christoph Baumgartner,RB Leipzig,M,RB Leipzig vs Borussia Dortmund,90,7.2,2.0,0,4.0,2.0,30,21.0,,3.0,,4.0,1.0,0,0,6.0,13.0
343286,Ezechiel Banzuzi,RB Leipzig,M,Bayern München vs RB Leipzig,21,6.9,,0,,,3,3.0,,2.0,,,,0,0,2.0,3.0
343286,Ezechiel Banzuzi,RB Leipzig,M,RB Leipzig vs 1. FC Heidenheim,67,6.6,,0,1.0,1.0,34,27.0,,,,1.0,1.0,1,0,3.0,5.0
343286,Ezechiel Banzuzi,RB Leipzig,M,FSV Mainz 05 vs RB Leipzig,58,7.7,,1,,,27,19.0,,2.0,1.0,,1.0,0,0,6.0,10.0
343286,Ezechiel Banzuzi,RB Leipzig,M,RB Leipzig vs 1. FC Köln,32,6.6,,0,,,7,5.0,,1.0,1.0,,,0,0,2.0,3.0
343286,Ezechiel Banzuzi,RB Leipzig,M,VfL Wolfsburg vs RB Leipzig,26,6.7,,0,2.0,1.0,10,7.0,,,,,,0,0,4.0,5.0
343286,Ezechiel Banzuzi,RB Leipzig,M,Borussia Dortmund vs RB Leipzig,23,6.6,,0,,,18,17.0,,1.0,1.0,1.0,,1,0,3.0,4.0
343286,Ezechiel Banzuzi,RB Leipzig,M,RB Leipzig vs Hamburger SV,29,6.9,,0,,,7,7.0,,2.0,,1.0,,0,0,2.0,7.0
343286,Ezechiel Banzuzi,RB Leipzig,M,RB Leipzig vs VfB Stuttgart,12,6.6,,0,,,4,2.0,,,,,,0,0,2.0,2.0
343286,Ezechiel Banzuzi,RB Leipzig,M,1899 Hoffenheim vs RB Leipzig,23,6.3,,0,,,11,10.0,,1.0,,1.0,,0,0,2.0,4.0
343286,Ezechiel Banzuzi,RB Leipzig,M,Borussia Mönchengladbach vs RB Leipzig,24,6.3,,0,1.0,1.0,17,17.0,,,,1.0,,0,0,,6.0
343286,Ezechiel Banzuzi,RB Leipzig,M,RB Leipzig vs Eintracht Frankfurt,18,6.5,,0,,,16,15.0,,,1.0,2.0,,0,0,2.0,5.0
343286,Ezechiel Banzuzi,RB Leipzig,M,RB Leipzig vs SC Freiburg,9,6.3,,0,,,2,2.0,,,,,,0,0,,
343286,Ezechiel Banzuzi,RB Leipzig,M,RB Leipzig vs Bayern München,9,6.3,,0,,,5,5.0,,1.0,,,,0,0,1.0,1.0
343286,Ezechiel Banzuzi,RB Leipzig,M,1. FC Heidenheim vs RB Leipzig,19,6.9,,0,,,18,18.0,,1.0,,1.0,1.0,0,0,2.0,4.0
343286,Ezechiel Banzuzi,RB Leipzig,M,FC St. Pauli vs RB Leipzig,10,6.5,,0,,,3,3.0,,,,,,0,0,,
343286,Ezechiel Banzuzi,RB Leipzig,M,RB Leipzig vs FSV Mainz 05,31,6.9,,0,1.0,,26,19.0,,,,,1.0,0,0,6.0,7.0
343286,Ezechiel Banzuzi,RB Leipzig,M,1. FC Köln vs RB Leipzig,8,6.9,,0,1.0,,8,6.0,,2.0,,1.0,,1,0,2.0,4.0
343286,Ezechiel Banzuzi,RB Leipzig,M,RB Leipzig vs Borussia Dortmund,8,6.5,,0,,,7,4.0,,,,,,0,0,,
380978,Assan Ouédraogo,RB Leipzig,M,Bayern München vs RB Leipzig,8,6.6,,0,,,1,,,,,,1.0,0,0,2.0,2.0
380978,Assan Ouédraogo,RB Leipzig,M,RB Leipzig vs 1. FC Heidenheim,10,6.6,,0,1.0,,6,5.0,,,,,,0,0,,
380978,Assan Ouédraogo,RB Leipzig,M,RB Leipzig vs 1. FC Köln,58,6.9,1.0,0,2.0,2.0,13,11.0,,1.0,,,2.0,0,0,4.0,5.0
380978,Assan Ouédraogo,RB Leipzig,M,VfL Wolfsburg vs RB Leipzig,64,7,,0,,,14,13.0,,1.0,,,1.0,0,0,4.0,6.0
380978,Assan Ouédraogo,RB Leipzig,M,Borussia Dortmund vs RB Leipzig,67,7,,1,1.0,,18,11.0,,1.0,,1.0,1.0,0,0,3.0,5.0
380978,Assan Ouédraogo,RB Leipzig,M,RB Leipzig vs Hamburger SV,61,6.9,,0,,,23,17.0,,1.0,,,1.0,0,0,3.0,4.0
380978,Assan Ouédraogo,RB Leipzig,M,FC Augsburg vs RB Leipzig,70,8.3,1.0,1,3.0,2.0,24,21.0,,2.0,2.0,1.0,3.0,0,0,7.0,9.0
380978,Assan Ouédraogo,RB Leipzig,M,RB Leipzig vs VfB Stuttgart,71,6.9,,0,2.0,2.0,20,17.0,,,,,2.0,0,0,3.0,6.0
380978,Assan Ouédraogo,RB Leipzig,M,1899 Hoffenheim vs RB Leipzig,67,6.7,,1,,,14,13.0,,,,1.0,3.0,0,0,4.0,9.0
380978,Assan Ouédraogo,RB Leipzig,M,RB Leipzig vs Werder Bremen,89,8.7,1.0,0,3.0,3.0,37,31.0,,1.0,,,2.0,0,0,6.0,11.0
380978,Assan Ouédraogo,RB Leipzig,M,RB Leipzig vs SC Freiburg,60,6.7,,0,,,18,15.0,,,,1.0,2.0,0,0,2.0,5.0
178768,Noah Atubolu,SC Freiburg,G,SC Freiburg vs FC Augsburg,90,7.2,,0,,,36,25.0,,,,,,0,0,1.0,1.0
178768,Noah Atubolu,SC Freiburg,G,1. FC Köln vs SC Freiburg,90,7,,0,,,38,26.0,,,,,1.0,0,0,1.0,1.0
178768,Noah Atubolu,SC Freiburg,G,SC Freiburg vs VfB Stuttgart,90,7,,0,,,42,28.0,,,,,,0,0,1.0,1.0
178768,Noah Atubolu,SC Freiburg,G,Werder Bremen vs SC Freiburg,90,9,,0,,,39,28.0,,,,,,0,0,,
178768,Noah Atubolu,SC Freiburg,G,SC Freiburg vs 1899 Hoffenheim,90,7,,0,,,44,23.0,,,,,,0,0,,
178768,Noah Atubolu,SC Freiburg,G,Borussia Mönchengladbach vs SC Freiburg,90,7.5,,0,,,44,32.0,,,,,,0,0,,
178768,Noah Atubolu,SC Freiburg,G,SC Freiburg vs Eintracht Frankfurt,90,6.6,,0,,,33,21.0,,,,,,0,0,,
178768,Noah Atubolu,SC Freiburg,G,Bayer Leverkusen vs SC Freiburg,90,6.9,,0,,,46,28.0,,,,,,0,0,,
178768,Noah Atubolu,SC Freiburg,G,Union Berlin vs SC Freiburg,90,7.5,,0,,,39,25.0,,,,,,0,0,,
178768,Noah Atubolu,SC Freiburg,G,SC Freiburg vs FC St. Pauli,90,6.5,,0,,,34,25.0,,,,,,0,0,,
178768,Noah Atubolu,SC Freiburg,G,Bayern München vs SC Freiburg,90,5,,0,,,52,33.0,,,,,,0,0,,
178768,Noah Atubolu,SC Freiburg,G,SC Freiburg vs FSV Mainz 05,90,7.2,,0,,,33,28.0,,,,,,0,0,,
178768,Noah Atubolu,SC Freiburg,G,1. FC Heidenheim vs SC Freiburg,90,6.7,,0,,,45,31.0,,,,,1.0,0,0,2.0,2.0
178768,Noah Atubolu,SC Freiburg,G,SC Freiburg vs Borussia Dortmund,90,7.3,,0,,,28,21.0,,,,,,0,0,,
178768,Noah Atubolu,SC Freiburg,G,VfL Wolfsburg vs SC Freiburg,90,5.5,,0,,,33,20.0,,,,,,0,0,,
178768,Noah Atubolu,SC Freiburg,G,SC Freiburg vs Hamburger SV,90,7.5,,0,,,35,21.0,,,,,,0,0,1.0,1.0
178768,Noah Atubolu,SC Freiburg,G,RB Leipzig vs SC Freiburg,90,8.3,,0,,,39,29.0,,,,,,0,0,2.0,2.0
178768,Noah Atubolu,SC Freiburg,G,FC Augsburg vs SC Freiburg,90,6.5,,0,,,41,31.0,,,,,,0,0,,
178768,Noah Atubolu,SC Freiburg,G,SC Freiburg vs 1. FC Köln,90,8,,0,,,38,24.0,,,,,,0,0,1.0,1.0
178768,Noah Atubolu,SC Freiburg,G,VfB Stuttgart vs SC Freiburg,90,7.9,,0,,,46,20.0,,,,,,0,0,,
178768,Noah Atubolu,SC Freiburg,G,SC Freiburg vs Werder Bremen,90,8.5,,0,,,32,16.0,,,,,,0,0,1.0,1.0
178768,Noah Atubolu,SC Freiburg,G,1899 Hoffenheim vs SC Freiburg,90,7.5,,0,,,51,30.0,,,,,,0,0,,
178768,Noah Atubolu,SC Freiburg,G,SC Freiburg vs Borussia Mönchengladbach,90,6.2,,0,,,39,15.0,,,,,1.0,0,0,2.0,2.0
26239,Lukas Kübler,SC Freiburg,D,SC Freiburg vs FC Augsburg,90,7,,0,,,46,38.0,,4.0,3.0,1.0,2.0,0,0,9.0,12.0
26239,Lukas Kübler,SC Freiburg,D,1. FC Köln vs SC Freiburg,85,6.3,,0,,,47,42.0,,3.0,3.0,,1.0,0,0,4.0,6.0
26239,Lukas Kübler,SC Freiburg,D,SC Freiburg vs VfB Stuttgart,90,6.6,,1,2.0,1.0,24,15.0,,2.0,3.0,1.0,1.0,0,0,6.0,11.0
26239,Lukas Kübler,SC Freiburg,D,Werder Bremen vs SC Freiburg,90,6.9,,0,,,27,22.0,,1.0,1.0,1.0,1.0,1,0,3.0,7.0
26239,Lukas Kübler,SC Freiburg,D,SC Freiburg vs 1899 Hoffenheim,38,7.2,1.0,0,1.0,1.0,6,4.0,,,,,,0,0,3.0,4.0
26239,Lukas Kübler,SC Freiburg,D,SC Freiburg vs Eintracht Frankfurt,90,6.6,,0,1.0,,41,36.0,,3.0,2.0,,1.0,0,0,7.0,10.0
26239,Lukas Kübler,SC Freiburg,D,Bayer Leverkusen vs SC Freiburg,67,6.3,,0,,,25,23.0,,1.0,,,,0,0,4.0,7.0
26239,Lukas Kübler,SC Freiburg,D,Union Berlin vs SC Freiburg,16,6.6,,0,,,6,4.0,,,,,,0,0,1.0,2.0
26239,Lukas Kübler,SC Freiburg,D,SC Freiburg vs FSV Mainz 05,68,8.3,1.0,0,2.0,1.0,59,50.0,,4.0,1.0,,,0,0,5.0,5.0
26239,Lukas Kübler,SC Freiburg,D,1. FC Heidenheim vs SC Freiburg,84,6.6,,0,2.0,,35,28.0,,4.0,2.0,3.0,,0,0,6.0,11.0
26239,Lukas Kübler,SC Freiburg,D,SC Freiburg vs Borussia Dortmund,90,6.7,,0,2.0,1.0,47,40.0,,3.0,3.0,3.0,,1,0,9.0,15.0
26239,Lukas Kübler,SC Freiburg,D,VfL Wolfsburg vs SC Freiburg,90,6.3,,0,,,26,22.0,,1.0,1.0,,1.0,0,0,4.0,4.0
26239,Lukas Kübler,SC Freiburg,D,SC Freiburg vs Hamburger SV,90,6.3,,0,2.0,,44,35.0,,1.0,1.0,1.0,1.0,0,0,3.0,7.0
26239,Lukas Kübler,SC Freiburg,D,RB Leipzig vs SC Freiburg,90,6.2,,0,1.0,,27,20.0,,3.0,1.0,3.0,,0,0,5.0,13.0
26239,Lukas Kübler,SC Freiburg,D,FC Augsburg vs SC Freiburg,80,6.9,,0,,,32,24.0,,4.0,4.0,2.0,,0,0,8.0,12.0
26239,Lukas Kübler,SC Freiburg,D,SC Freiburg vs 1. FC Köln,55,6.9,,0,,,16,11.0,,,2.0,,,0,0,,3.0
2915,Matthias Ginter,SC Freiburg,D,SC Freiburg vs FC Augsburg,90,6.5,,0,1.0,1.0,68,57.0,,,3.0,2.0,2.0,1,0,11.0,16.0
2915,Matthias Ginter,SC Freiburg,D,1. FC Köln vs SC Freiburg,90,6.2,,0,1.0,,68,63.0,,,,1.0,,0,0,5.0,9.0
2915,Matthias Ginter,SC Freiburg,D,SC Freiburg vs VfB Stuttgart,90,7.2,,0,,,49,36.0,,1.0,2.0,,,0,0,4.0,6.0
2915,Matthias Ginter,SC Freiburg,D,Werder Bremen vs SC Freiburg,90,7.3,,0,,,34,28.0,,,3.0,,,0,0,,1.0
2915,Matthias Ginter,SC Freiburg,D,SC Freiburg vs 1899 Hoffenheim,90,6.3,,0,,,28,25.0,,,,,2.0,0,0,4.0,11.0
2915,Matthias Ginter,SC Freiburg,D,Borussia Mönchengladbach vs SC Freiburg,90,7,,0,,,66,57.0,,,,1.0,,0,0,5.0,11.0
2915,Matthias Ginter,SC Freiburg,D,SC Freiburg vs Eintracht Frankfurt,90,6.9,,0,1.0,1.0,48,41.0,,2.0,,1.0,3.0,0,0,8.0,11.0
2915,Matthias Ginter,SC Freiburg,D,Bayer Leverkusen vs SC Freiburg,90,6.6,,0,,,43,39.0,,1.0,,,,0,0,2.0,4.0
2915,Matthias Ginter,SC Freiburg,D,Union Berlin vs SC Freiburg,90,7.2,,0,,,64,56.0,,1.0,,,,0,0,5.0,8.0
2915,Matthias Ginter,SC Freiburg,D,SC Freiburg vs FC St. Pauli,90,7.5,,0,,,98,87.0,,1.0,1.0,,1.0,0,0,7.0,9.0
2915,Matthias Ginter,SC Freiburg,D,Bayern München vs SC Freiburg,90,5.2,,1,,,18,15.0,,,,,,0,0,,2.0
2915,Matthias Ginter,SC Freiburg,D,SC Freiburg vs FSV Mainz 05,90,9,,1,,,122,111.0,,3.0,,,,0,0,10.0,12.0
2915,Matthias Ginter,SC Freiburg,D,1. FC Heidenheim vs SC Freiburg,90,6.2,,0,,,58,47.0,,,1.0,,1.0,0,0,3.0,11.0
2915,Matthias Ginter,SC Freiburg,D,SC Freiburg vs Borussia Dortmund,90,7.2,,0,1.0,,69,68.0,,,,,1.0,0,0,5.0,6.0
2915,Matthias Ginter,SC Freiburg,D,VfL Wolfsburg vs SC Freiburg,90,6.3,,0,1.0,1.0,43,39.0,,2.0,,,,0,0,6.0,11.0
2915,Matthias Ginter,SC Freiburg,D,SC Freiburg vs Hamburger SV,90,7.2,,0,,,81,73.0,,,1.0,2.0,1.0,0,0,4.0,8.0
2915,Matthias Ginter,SC Freiburg,D,FC Augsburg vs SC Freiburg,90,6.9,,0,,,80,67.0,,3.0,1.0,2.0,,0,0,9.0,16.0
2915,Matthias Ginter,SC Freiburg,D,SC Freiburg vs 1. FC Köln,90,7.7,,1,,,72,63.0,,,,,,0,0,7.0,8.0
2915,Matthias Ginter,SC Freiburg,D,VfB Stuttgart vs SC Freiburg,90,7.6,,0,1.0,,12,9.0,,,2.0,,1.0,0,0,7.0,9.0
2915,Matthias Ginter,SC Freiburg,D,SC Freiburg vs Werder Bremen,90,7.3,,0,,,32,25.0,,,,,1.0,0,0,4.0,6.0
2915,Matthias Ginter,SC Freiburg,D,1899 Hoffenheim vs SC Freiburg,90,6.2,,0,,,36,30.0,,,,,1.0,0,0,3.0,4.0
2915,Matthias Ginter,SC Freiburg,D,SC Freiburg vs Borussia Mönchengladbach,90,7.6,1.0,0,1.0,1.0,33,23.0,,1.0,1.0,,,0,0,4.0,6.0
26240,Philipp Lienhart,SC Freiburg,D,SC Freiburg vs FC Augsburg,90,7.5,,0,1.0,,52,48.0,,,,,,0,0,2.0,3.0
26240,Philipp Lienhart,SC Freiburg,D,1. FC Köln vs SC Freiburg,90,6,,0,,,83,74.0,,3.0,,1.0,,0,0,4.0,6.0
26240,Philipp Lienhart,SC Freiburg,D,SC Freiburg vs VfB Stuttgart,90,6.9,,0,,,56,48.0,,2.0,1.0,1.0,,0,0,4.0,9.0
26240,Philipp Lienhart,SC Freiburg,D,Werder Bremen vs SC Freiburg,89,7,,0,,,37,33.0,,1.0,1.0,,,0,0,1.0,2.0
26240,Philipp Lienhart,SC Freiburg,D,Borussia Mönchengladbach vs SC Freiburg,90,7.5,,0,1.0,,54,51.0,,2.0,,,,0,0,3.0,5.0
26240,Philipp Lienhart,SC Freiburg,D,SC Freiburg vs Eintracht Frankfurt,90,6.9,,0,,,60,55.0,,,2.0,,1.0,1,0,4.0,6.0
26240,Philipp Lienhart,SC Freiburg,D,Bayer Leverkusen vs SC Freiburg,74,5.9,,0,1.0,,40,37.0,,1.0,1.0,2.0,,2,1,1.0,4.0
26240,Philipp Lienhart,SC Freiburg,D,SC Freiburg vs FC St. Pauli,90,8,,0,,,123,115.0,,1.0,1.0,,2.0,0,0,8.0,8.0
26240,Philipp Lienhart,SC Freiburg,D,Bayern München vs SC Freiburg,13,6.2,,0,,,13,13.0,,,,,,0,0,,2.0
26240,Philipp Lienhart,SC Freiburg,D,SC Freiburg vs FSV Mainz 05,90,7.9,,0,2.0,1.0,134,123.0,,1.0,4.0,1.0,2.0,0,0,6.0,7.0
26240,Philipp Lienhart,SC Freiburg,D,1. FC Heidenheim vs SC Freiburg,45,6.9,,0,,,38,35.0,,,,,,0,0,1.0,1.0
26240,Philipp Lienhart,SC Freiburg,D,SC Freiburg vs Hamburger SV,45,7.2,,0,,,60,56.0,,1.0,1.0,1.0,,1,0,5.0,6.0
26236,Christian Günter,SC Freiburg,D,SC Freiburg vs FC Augsburg,81,5.6,,0,,,15,12.0,,,,1.0,,1,0,1.0,3.0
26236,Christian Günter,SC Freiburg,D,1. FC Köln vs SC Freiburg,90,6,,1,1.0,,36,34.0,,,,,,0,0,,2.0
26236,Christian Günter,SC Freiburg,D,Borussia Mönchengladbach vs SC Freiburg,90,7.3,,0,1.0,,21,20.0,,,,1.0,,0,0,1.0,4.0
26236,Christian Günter,SC Freiburg,D,SC Freiburg vs Eintracht Frankfurt,15,6.9,,0,,,5,5.0,,,,,,0,0,,
26236,Christian Günter,SC Freiburg,D,Bayer Leverkusen vs SC Freiburg,13,6.9,,0,,,5,3.0,,,,,,0,0,,
26236,Christian Günter,SC Freiburg,D,SC Freiburg vs FC St. Pauli,58,6.7,,0,,,24,18.0,,,,,,0,0,,
26236,Christian Günter,SC Freiburg,D,SC Freiburg vs FSV Mainz 05,22,6.6,,0,,,10,9.0,,,,,,0,0,,
26236,Christian Günter,SC Freiburg,D,1. FC Heidenheim vs SC Freiburg,13,6.5,,0,,,12,10.0,,,,,,0,0,,
26236,Christian Günter,SC Freiburg,D,SC Freiburg vs Borussia Dortmund,76,6.6,,1,3.0,,37,28.0,,1.0,,2.0,,0,0,1.0,3.0
26236,Christian Günter,SC Freiburg,D,VfL Wolfsburg vs SC Freiburg,90,6.2,,0,,,45,37.0,,1.0,3.0,,2.0,0,0,4.0,5.0
26236,Christian Günter,SC Freiburg,D,SC Freiburg vs Hamburger SV,90,7.3,,0,,,25,20.0,,,,,1.0,0,0,2.0,3.0
26236,Christian Günter,SC Freiburg,D,RB Leipzig vs SC Freiburg,85,6.2,,0,,,19,13.0,,4.0,,,,0,0,4.0,7.0
26236,Christian Günter,SC Freiburg,D,SC Freiburg vs 1. FC Köln,35,6.6,,0,,,7,5.0,,,1.0,,,0,0,,
26236,Christian Günter,SC Freiburg,D,SC Freiburg vs Werder Bremen,68,6.6,,0,,,23,19.0,,1.0,1.0,2.0,1.0,0,0,2.0,6.0
26236,Christian Günter,SC Freiburg,D,1899 Hoffenheim vs SC Freiburg,90,6.3,,0,,,21,14.0,,1.0,,,,0,0,2.0,4.0
26236,Christian Günter,SC Freiburg,D,SC Freiburg vs Borussia Mönchengladbach,90,7.3,,0,,,29,24.0,,2.0,2.0,1.0,1.0,0,0,4.0,6.0
2917,Maximilian Eggestein,SC Freiburg,M,SC Freiburg vs FC Augsburg,90,7,,0,,,48,42.0,,4.0,3.0,3.0,1.0,0,0,8.0,11.0
2917,Maximilian Eggestein,SC Freiburg,M,1. FC Köln vs SC Freiburg,90,7.5,1.0,0,2.0,1.0,56,45.0,,,,,,0,0,4.0,5.0
2917,Maximilian Eggestein,SC Freiburg,M,SC Freiburg vs VfB Stuttgart,90,6.2,,0,,,25,20.0,,,2.0,1.0,,0,0,1.0,5.0
2917,Maximilian Eggestein,SC Freiburg,M,Werder Bremen vs SC Freiburg,90,7.2,,0,1.0,,31,28.0,,2.0,1.0,,,0,0,2.0,4.0
2917,Maximilian Eggestein,SC Freiburg,M,SC Freiburg vs 1899 Hoffenheim,90,6.9,,0,,,25,17.0,,2.0,2.0,,,0,0,6.0,8.0
2917,Maximilian Eggestein,SC Freiburg,M,Borussia Mönchengladbach vs SC Freiburg,90,7.3,,0,1.0,,50,44.0,,5.0,,,1.0,0,0,8.0,11.0
2917,Maximilian Eggestein,SC Freiburg,M,SC Freiburg vs Eintracht Frankfurt,90,7.3,,0,,,58,45.0,,2.0,1.0,1.0,1.0,0,0,7.0,11.0
2917,Maximilian Eggestein,SC Freiburg,M,Bayer Leverkusen vs SC Freiburg,90,6.6,,0,,,42,36.0,,2.0,,,,0,0,5.0,5.0
2917,Maximilian Eggestein,SC Freiburg,M,Union Berlin vs SC Freiburg,90,7.2,,0,,,44,39.0,,3.0,1.0,1.0,2.0,0,0,6.0,13.0
2917,Maximilian Eggestein,SC Freiburg,M,SC Freiburg vs FC St. Pauli,90,7.3,1.0,0,1.0,1.0,50,46.0,,1.0,2.0,1.0,1.0,1,0,7.0,15.0
2917,Maximilian Eggestein,SC Freiburg,M,Bayern München vs SC Freiburg,90,6.6,,0,,,28,24.0,,4.0,,,,0,0,5.0,7.0
2917,Maximilian Eggestein,SC Freiburg,M,SC Freiburg vs FSV Mainz 05,90,6.5,,0,2.0,1.0,74,70.0,,2.0,1.0,2.0,,0,0,4.0,9.0
2917,Maximilian Eggestein,SC Freiburg,M,1. FC Heidenheim vs SC Freiburg,90,6.7,,0,2.0,1.0,39,29.0,,2.0,,,,0,0,3.0,8.0
2917,Maximilian Eggestein,SC Freiburg,M,SC Freiburg vs Borussia Dortmund,90,6.7,,0,,,56,48.0,,1.0,3.0,3.0,1.0,1,0,4.0,9.0
2917,Maximilian Eggestein,SC Freiburg,M,VfL Wolfsburg vs SC Freiburg,90,6.6,,0,1.0,1.0,34,22.0,,3.0,,,,0,0,4.0,8.0
2917,Maximilian Eggestein,SC Freiburg,M,SC Freiburg vs Hamburger SV,90,6.3,,0,1.0,,56,47.0,,5.0,,2.0,1.0,0,0,6.0,12.0
2917,Maximilian Eggestein,SC Freiburg,M,RB Leipzig vs SC Freiburg,90,7,,0,1.0,1.0,29,24.0,,3.0,3.0,2.0,1.0,1,0,7.0,13.0
2917,Maximilian Eggestein,SC Freiburg,M,FC Augsburg vs SC Freiburg,90,6.9,,0,1.0,1.0,31,22.0,,2.0,1.0,,,0,0,6.0,7.0
2917,Maximilian Eggestein,SC Freiburg,M,SC Freiburg vs 1. FC Köln,90,6.7,,0,,,34,26.0,,1.0,,,,0,0,6.0,11.0
2917,Maximilian Eggestein,SC Freiburg,M,VfB Stuttgart vs SC Freiburg,90,6.9,,0,1.0,,23,18.0,,1.0,1.0,,1.0,0,0,3.0,4.0
2917,Maximilian Eggestein,SC Freiburg,M,SC Freiburg vs Werder Bremen,90,7.6,,0,1.0,,35,23.0,,1.0,,,1.0,0,0,7.0,9.0
2917,Maximilian Eggestein,SC Freiburg,M,1899 Hoffenheim vs SC Freiburg,90,6.6,,0,3.0,2.0,43,31.0,,1.0,,,1.0,0,0,3.0,6.0
2917,Maximilian Eggestein,SC Freiburg,M,SC Freiburg vs Borussia Mönchengladbach,90,6.3,,0,1.0,1.0,44,31.0,,2.0,,,1.0,0,0,4.0,9.0
406244,Johan Manzambi,SC Freiburg,M,SC Freiburg vs FC Augsburg,81,7.3,,0,2.0,1.0,47,43.0,,1.0,2.0,1.0,2.0,0,0,7.0,11.0
406244,Johan Manzambi,SC Freiburg,M,1. FC Köln vs SC Freiburg,90,7,,0,,,43,37.0,,1.0,,1.0,7.0,1,0,10.0,13.0
406244,Johan Manzambi,SC Freiburg,M,SC Freiburg vs VfB Stuttgart,90,6.9,,0,,,21,17.0,,,,2.0,2.0,0,1,6.0,14.0
406244,Johan Manzambi,SC Freiburg,M,Borussia Mönchengladbach vs SC Freiburg,45,6.9,,0,4.0,,18,14.0,,,1.0,,4.0,0,0,9.0,13.0
406244,Johan Manzambi,SC Freiburg,M,SC Freiburg vs Eintracht Frankfurt,81,6.9,,1,1.0,,46,41.0,,2.0,3.0,1.0,,1,0,5.0,10.0
406244,Johan Manzambi,SC Freiburg,M,Bayer Leverkusen vs SC Freiburg,67,6.3,,0,,,27,24.0,,1.0,1.0,,1.0,0,0,2.0,4.0
406244,Johan Manzambi,SC Freiburg,M,Union Berlin vs SC Freiburg,90,7.2,,0,2.0,1.0,44,40.0,,2.0,1.0,1.0,5.0,0,0,10.0,17.0
406244,Johan Manzambi,SC Freiburg,M,SC Freiburg vs FC St. Pauli,90,6.9,,0,,,70,64.0,,,,,3.0,0,0,6.0,11.0
406244,Johan Manzambi,SC Freiburg,M,Bayern München vs SC Freiburg,64,7.6,1.0,0,1.0,1.0,20,19.0,,1.0,2.0,,2.0,0,0,4.0,9.0
406244,Johan Manzambi,SC Freiburg,M,SC Freiburg vs FSV Mainz 05,80,9,1.0,0,1.0,1.0,57,54.0,,1.0,1.0,,3.0,0,0,8.0,11.0
406244,Johan Manzambi,SC Freiburg,M,1. FC Heidenheim vs SC Freiburg,67,8.2,1.0,0,1.0,1.0,15,12.0,,1.0,,,2.0,0,0,6.0,7.0
406244,Johan Manzambi,SC Freiburg,M,SC Freiburg vs Borussia Dortmund,90,6.3,,0,3.0,1.0,37,31.0,,,,,3.0,1,0,6.0,11.0
406244,Johan Manzambi,SC Freiburg,M,VfL Wolfsburg vs SC Freiburg,79,6.6,,1,2.0,,27,22.0,,1.0,1.0,2.0,5.0,0,0,6.0,17.0
406244,Johan Manzambi,SC Freiburg,M,SC Freiburg vs Hamburger SV,89,6.6,,0,1.0,,60,50.0,,,3.0,2.0,2.0,0,0,7.0,12.0
406244,Johan Manzambi,SC Freiburg,M,RB Leipzig vs SC Freiburg,90,6.5,,0,,,17,9.0,,4.0,2.0,3.0,3.0,0,0,7.0,15.0
406244,Johan Manzambi,SC Freiburg,M,FC Augsburg vs SC Freiburg,71,7.3,,0,1.0,1.0,35,27.0,,3.0,,1.0,3.0,1,0,7.0,9.0
406244,Johan Manzambi,SC Freiburg,M,VfB Stuttgart vs SC Freiburg,68,6.9,,0,1.0,,19,13.0,,,2.0,2.0,2.0,0,0,5.0,7.0
406244,Johan Manzambi,SC Freiburg,M,SC Freiburg vs Werder Bremen,52,5.3,,0,1.0,,11,8.0,,1.0,1.0,1.0,1.0,0,1,3.0,8.0
202526,Eren Dinkçi,SC Freiburg,M,SC Freiburg vs FC Augsburg,60,5.3,,0,1.0,,24,15.0,,1.0,2.0,1.0,1.0,1,0,2.0,6.0
202526,Eren Dinkçi,SC Freiburg,M,1. FC Köln vs SC Freiburg,45,6.2,,0,1.0,,16,12.0,,,1.0,1.0,,0,0,,4.0
202526,Eren Dinkçi,SC Freiburg,M,SC Freiburg vs VfB Stuttgart,14,6.6,,0,,,2,1.0,,1.0,,,,0,0,1.0,1.0
202526,Eren Dinkçi,SC Freiburg,M,Werder Bremen vs SC Freiburg,15,6.7,,0,,,6,5.0,,1.0,,,,0,0,2.0,4.0
202526,Eren Dinkçi,SC Freiburg,M,SC Freiburg vs 1899 Hoffenheim,84,6.7,,0,,,15,12.0,,2.0,1.0,,,0,0,3.0,5.0
202526,Eren Dinkçi,SC Freiburg,M,Borussia Mönchengladbach vs SC Freiburg,11,6.3,,0,,,6,5.0,,1.0,,,,0,0,1.0,2.0
202526,Eren Dinkçi,SC Freiburg,M,SC Freiburg vs Eintracht Frankfurt,9,6.3,,0,,,5,3.0,,,,,,0,0,,
202526,Eren Dinkçi,SC Freiburg,M,Bayern München vs SC Freiburg,26,6.7,,0,1.0,,10,8.0,,2.0,,,,0,0,2.0,3.0
202526,Eren Dinkçi,SC Freiburg,M,Borussia Dortmund vs 1. FC Heidenheim,80,6.9,,1,2.0,1.0,12,9.0,,,,,,0,0,2.0,4.0
202526,Eren Dinkçi,SC Freiburg,M,1. FC Heidenheim vs Hamburger SV,90,6.9,,0,5.0,1.0,24,14.0,,1.0,1.0,1.0,,0,0,3.0,7.0
202526,Eren Dinkçi,SC Freiburg,M,FC Augsburg vs 1. FC Heidenheim,90,6.9,,0,1.0,,30,23.0,,,,1.0,,0,0,2.0,8.0
202526,Eren Dinkçi,SC Freiburg,M,1. FC Heidenheim vs VfB Stuttgart,90,8.3,1.0,0,2.0,1.0,22,13.0,,,,,1.0,0,0,2.0,8.0
199143,Yuito Suzuki,SC Freiburg,M,SC Freiburg vs FC Augsburg,70,6,,0,2.0,,22,15.0,,,,,,0,0,2.0,7.0
199143,Yuito Suzuki,SC Freiburg,M,1. FC Köln vs SC Freiburg,69,5.9,,0,,,14,10.0,,,,2.0,,0,0,,5.0
199143,Yuito Suzuki,SC Freiburg,M,SC Freiburg vs Eintracht Frankfurt,26,6.6,,0,,,6,5.0,,2.0,,1.0,,0,0,2.0,5.0
199143,Yuito Suzuki,SC Freiburg,M,Bayer Leverkusen vs SC Freiburg,45,6.3,,0,,,7,6.0,,,1.0,,1.0,0,0,1.0,2.0
199143,Yuito Suzuki,SC Freiburg,M,SC Freiburg vs FC St. Pauli,71,7.3,1.0,0,2.0,2.0,20,16.0,,,1.0,1.0,,0,0,1.0,7.0
199143,Yuito Suzuki,SC Freiburg,M,Bayern München vs SC Freiburg,77,7.3,1.0,0,2.0,1.0,11,7.0,,,1.0,3.0,1.0,0,0,3.0,13.0
199143,Yuito Suzuki,SC Freiburg,M,SC Freiburg vs FSV Mainz 05,69,7,,1,2.0,2.0,22,17.0,,1.0,1.0,,,0,0,1.0,1.0
199143,Yuito Suzuki,SC Freiburg,M,1. FC Heidenheim vs SC Freiburg,23,6.7,,0,1.0,,12,9.0,,,,1.0,,0,0,1.0,4.0
199143,Yuito Suzuki,SC Freiburg,M,SC Freiburg vs Borussia Dortmund,90,6.9,,0,2.0,1.0,46,35.0,,4.0,,,1.0,0,0,7.0,15.0
199143,Yuito Suzuki,SC Freiburg,M,VfL Wolfsburg vs SC Freiburg,89,6.5,,0,2.0,1.0,17,12.0,,,,,,0,0,2.0,5.0
199143,Yuito Suzuki,SC Freiburg,M,SC Freiburg vs Hamburger SV,90,6.6,,0,4.0,2.0,23,18.0,,2.0,,,2.0,0,0,4.0,7.0
199143,Yuito Suzuki,SC Freiburg,M,RB Leipzig vs SC Freiburg,55,6.9,,0,,,10,8.0,,2.0,,1.0,,1,0,3.0,6.0
199143,Yuito Suzuki,SC Freiburg,M,FC Augsburg vs SC Freiburg,34,7.3,1.0,0,1.0,1.0,8,5.0,,,,1.0,,1,0,1.0,2.0
199143,Yuito Suzuki,SC Freiburg,M,SC Freiburg vs 1. FC Köln,90,7.6,,1,,,20,17.0,,2.0,,,1.0,0,0,5.0,6.0
199143,Yuito Suzuki,SC Freiburg,M,VfB Stuttgart vs SC Freiburg,76,6.9,,0,2.0,1.0,14,11.0,,,1.0,,,0,0,2.0,4.0
199143,Yuito Suzuki,SC Freiburg,M,SC Freiburg vs Werder Bremen,34,6.9,,0,,,4,3.0,,,,2.0,1.0,0,0,4.0,7.0
199143,Yuito Suzuki,SC Freiburg,M,1899 Hoffenheim vs SC Freiburg,58,6.2,,0,1.0,,5,4.0,,,,,,0,0,,5.0
199143,Yuito Suzuki,SC Freiburg,M,SC Freiburg vs Borussia Mönchengladbach,79,6.2,,0,1.0,1.0,13,10.0,,1.0,,3.0,,0,0,2.0,10.0
26248,Vincenzo Grifo,SC Freiburg,M,SC Freiburg vs FC Augsburg,90,7.5,1.0,0,1.0,1.0,39,31.0,,,,,2.0,0,0,5.0,6.0
26248,Vincenzo Grifo,SC Freiburg,M,1. FC Köln vs SC Freiburg,69,7,,0,,,45,39.0,,1.0,,,1.0,0,0,4.0,5.0
26248,Vincenzo Grifo,SC Freiburg,M,SC Freiburg vs VfB Stuttgart,63,7,,0,,,23,19.0,,,,,,0,0,1.0,1.0
26248,Vincenzo Grifo,SC Freiburg,M,Werder Bremen vs SC Freiburg,69,8.5,1.0,1,2.0,1.0,23,22.0,,1.0,1.0,,,0,0,1.0,1.0
26248,Vincenzo Grifo,SC Freiburg,M,SC Freiburg vs 1899 Hoffenheim,64,6,,0,1.0,,16,11.0,,,1.0,,,0,0,1.0,5.0
26248,Vincenzo Grifo,SC Freiburg,M,Borussia Mönchengladbach vs SC Freiburg,63,6.5,,0,1.0,,19,15.0,,,,,,0,0,1.0,4.0
26248,Vincenzo Grifo,SC Freiburg,M,SC Freiburg vs Eintracht Frankfurt,15,7.9,1.0,0,1.0,1.0,11,9.0,,,,,,0,0,,
26248,Vincenzo Grifo,SC Freiburg,M,Bayer Leverkusen vs SC Freiburg,9,6.7,,0,,,5,3.0,,,,,,0,0,1.0,1.0
26248,Vincenzo Grifo,SC Freiburg,M,Union Berlin vs SC Freiburg,74,7.2,,0,1.0,,30,25.0,,,,1.0,1.0,0,0,3.0,4.0
26248,Vincenzo Grifo,SC Freiburg,M,SC Freiburg vs FC St. Pauli,58,6.9,,0,,,48,42.0,,,,,,0,0,,
26248,Vincenzo Grifo,SC Freiburg,M,Bayern München vs SC Freiburg,13,6.5,,0,,,12,10.0,,,1.0,,,0,0,,
26248,Vincenzo Grifo,SC Freiburg,M,SC Freiburg vs FSV Mainz 05,90,8.9,1.0,0,3.0,1.0,62,56.0,,1.0,,1.0,1.0,0,0,3.0,4.0
26248,Vincenzo Grifo,SC Freiburg,M,1. FC Heidenheim vs SC Freiburg,67,6.6,,0,,,30,29.0,,,1.0,1.0,1.0,0,0,1.0,3.0
26248,Vincenzo Grifo,SC Freiburg,M,SC Freiburg vs Borussia Dortmund,14,7,,0,,,9,7.0,,,,,,0,0,,
26248,Vincenzo Grifo,SC Freiburg,M,VfL Wolfsburg vs SC Freiburg,45,6.9,1.0,0,1.0,1.0,14,13.0,,,,1.0,,0,0,,1.0
26248,Vincenzo Grifo,SC Freiburg,M,SC Freiburg vs Hamburger SV,65,7.2,1.0,0,1.0,1.0,28,22.0,,1.0,,1.0,1.0,0,0,2.0,4.0
26248,Vincenzo Grifo,SC Freiburg,M,RB Leipzig vs SC Freiburg,35,6.5,,0,,,12,8.0,,,,,,0,0,,1.0
26248,Vincenzo Grifo,SC Freiburg,M,FC Augsburg vs SC Freiburg,56,6.9,,0,1.0,,28,23.0,,,,1.0,,0,0,1.0,3.0
26248,Vincenzo Grifo,SC Freiburg,M,SC Freiburg vs 1. FC Köln,14,6.9,,0,,,8,7.0,,,,,,0,0,,
26248,Vincenzo Grifo,SC Freiburg,M,VfB Stuttgart vs SC Freiburg,14,6.6,,0,,,5,2.0,,,,,,0,0,,1.0
26248,Vincenzo Grifo,SC Freiburg,M,SC Freiburg vs Werder Bremen,56,6.9,,0,,,30,20.0,,1.0,2.0,,,0,0,1.0,2.0
26248,Vincenzo Grifo,SC Freiburg,M,1899 Hoffenheim vs SC Freiburg,18,6.5,,0,,,13,11.0,,,,1.0,,0,0,,2.0
26248,Vincenzo Grifo,SC Freiburg,M,SC Freiburg vs Borussia Mönchengladbach,79,7.7,,0,,,31,28.0,,,2.0,,1.0,0,0,2.0,3.0
26255,Lucas Höler,SC Freiburg,F,SC Freiburg vs FC Augsburg,90,7,,0,1.0,1.0,29,19.0,,,,1.0,4.0,0,0,9.0,14.0
26255,Lucas Höler,SC Freiburg,F,1. FC Köln vs SC Freiburg,85,6.2,,0,3.0,1.0,19,12.0,,,,2.0,2.0,0,0,7.0,17.0
26255,Lucas Höler,SC Freiburg,F,SC Freiburg vs VfB Stuttgart,78,5.9,,0,1.0,,15,8.0,,,,,1.0,0,0,5.0,17.0
26255,Lucas Höler,SC Freiburg,F,Werder Bremen vs SC Freiburg,90,6.9,,0,1.0,1.0,38,28.0,,1.0,3.0,1.0,1.0,0,0,5.0,8.0
26255,Lucas Höler,SC Freiburg,F,SC Freiburg vs 1899 Hoffenheim,10,6.5,,0,,,1,,,,,,,0,0,,2.0
26255,Lucas Höler,SC Freiburg,F,Borussia Mönchengladbach vs SC Freiburg,45,6.5,,0,,,15,13.0,,3.0,,2.0,,0,0,4.0,12.0
26255,Lucas Höler,SC Freiburg,F,SC Freiburg vs Eintracht Frankfurt,64,6.5,,0,3.0,2.0,20,17.0,,1.0,,,,0,0,1.0,3.0
26255,Lucas Höler,SC Freiburg,F,Bayer Leverkusen vs SC Freiburg,85,6.6,,0,,,17,12.0,,2.0,1.0,,2.0,0,0,5.0,7.0
26255,Lucas Höler,SC Freiburg,F,Union Berlin vs SC Freiburg,89,6.7,,0,3.0,1.0,27,19.0,,,,2.0,1.0,0,0,8.0,13.0
26255,Lucas Höler,SC Freiburg,F,Bayern München vs SC Freiburg,64,6.5,,0,,,23,14.0,,1.0,,1.0,,0,0,3.0,7.0
26255,Lucas Höler,SC Freiburg,F,SC Freiburg vs FSV Mainz 05,90,8.2,,1,,,27,19.0,,2.0,1.0,1.0,1.0,0,0,11.0,13.0
26255,Lucas Höler,SC Freiburg,F,1. FC Heidenheim vs SC Freiburg,90,6.2,,0,1.0,,30,19.0,,2.0,,1.0,1.0,0,0,6.0,16.0
26255,Lucas Höler,SC Freiburg,F,SC Freiburg vs Borussia Dortmund,90,8,1.0,0,1.0,1.0,31,20.0,,,1.0,1.0,,0,0,4.0,10.0
26255,Lucas Höler,SC Freiburg,F,VfL Wolfsburg vs SC Freiburg,79,6.5,,0,,,22,18.0,,,,2.0,2.0,0,0,4.0,14.0
26255,Lucas Höler,SC Freiburg,F,SC Freiburg vs Hamburger SV,65,6.6,,0,2.0,2.0,9,8.0,,,,1.0,1.0,0,0,1.0,3.0
26255,Lucas Höler,SC Freiburg,F,RB Leipzig vs SC Freiburg,65,7.2,,0,,,15,8.0,,,,,4.0,0,0,9.0,11.0
26255,Lucas Höler,SC Freiburg,F,FC Augsburg vs SC Freiburg,56,6,,0,,,17,16.0,,,,,,0,0,1.0,6.0
26255,Lucas Höler,SC Freiburg,F,SC Freiburg vs 1. FC Köln,14,6.7,,0,1.0,1.0,8,6.0,,,1.0,,,0,0,2.0,4.0
26255,Lucas Höler,SC Freiburg,F,VfB Stuttgart vs SC Freiburg,14,6.5,,0,,,1,,,,,1.0,,0,0,,1.0
26255,Lucas Höler,SC Freiburg,F,SC Freiburg vs Werder Bremen,15,6.5,,0,,,4,,,,,1.0,,0,0,1.0,3.0
26255,Lucas Höler,SC Freiburg,F,1899 Hoffenheim vs SC Freiburg,90,6.3,,0,,,26,13.0,,1.0,,1.0,,0,0,5.0,13.0
26255,Lucas Höler,SC Freiburg,F,SC Freiburg vs Borussia Mönchengladbach,11,6.6,,0,,,8,5.0,,,,,,0,0,3.0,4.0
431149,Cyriaque Irié,SC Freiburg,F,SC Freiburg vs FC Augsburg,30,6.6,,0,1.0,,15,13.0,,1.0,,2.0,1.0,1,0,3.0,9.0
431149,Cyriaque Irié,SC Freiburg,F,VfB Stuttgart vs SC Freiburg,22,6.3,,0,,,2,1.0,,1.0,1.0,,1.0,0,0,2.0,4.0
431149,Cyriaque Irié,SC Freiburg,F,1899 Hoffenheim vs SC Freiburg,45,6.9,,0,1.0,,5,5.0,,1.0,1.0,,2.0,0,0,5.0,8.0
202854,Merlin Röhl,SC Freiburg,M,SC Freiburg vs FC Augsburg,20,6.5,,0,,,7,7.0,,1.0,,1.0,,0,0,1.0,4.0
202854,Merlin Röhl,SC Freiburg,M,1. FC Köln vs SC Freiburg,45,6.3,,0,,,21,18.0,,,,1.0,,0,0,2.0,5.0
191160,Jordy Makengo,SC Freiburg,D,SC Freiburg vs FC Augsburg,9,6.9,,0,,,9,7.0,,1.0,,1.0,,0,0,1.0,2.0
191160,Jordy Makengo,SC Freiburg,D,SC Freiburg vs VfB Stuttgart,90,6.9,,0,,,44,36.0,,3.0,2.0,1.0,1.0,0,0,6.0,8.0
191160,Jordy Makengo,SC Freiburg,D,Werder Bremen vs SC Freiburg,90,6.9,,0,,,35,28.0,,,,2.0,1.0,0,0,2.0,3.0
191160,Jordy Makengo,SC Freiburg,D,SC Freiburg vs 1899 Hoffenheim,90,6.6,,0,,,37,27.0,,,,1.0,1.0,1,0,8.0,12.0
191160,Jordy Makengo,SC Freiburg,D,SC Freiburg vs Eintracht Frankfurt,75,5.9,,0,,,38,31.0,,1.0,1.0,,,0,0,2.0,4.0
191160,Jordy Makengo,SC Freiburg,D,Bayer Leverkusen vs SC Freiburg,90,6.3,,0,,,26,21.0,,5.0,,,,0,0,5.0,7.0
191160,Jordy Makengo,SC Freiburg,D,Union Berlin vs SC Freiburg,90,6.9,,0,,,48,42.0,,,,,1.0,0,0,1.0,4.0
191160,Jordy Makengo,SC Freiburg,D,SC Freiburg vs FC St. Pauli,32,6.2,,0,,,19,16.0,,2.0,1.0,,,0,0,4.0,6.0
191160,Jordy Makengo,SC Freiburg,D,Bayern München vs SC Freiburg,90,5.3,,0,,,25,21.0,,1.0,1.0,1.0,1.0,0,0,3.0,7.0
191160,Jordy Makengo,SC Freiburg,D,RB Leipzig vs SC Freiburg,12,6.7,,0,,,4,4.0,,,,1.0,,0,0,,1.0
191160,Jordy Makengo,SC Freiburg,D,FC Augsburg vs SC Freiburg,56,6,,0,,,9,7.0,,,,1.0,1.0,0,0,1.0,3.0
191160,Jordy Makengo,SC Freiburg,D,VfB Stuttgart vs SC Freiburg,90,6.6,,0,,,19,16.0,,2.0,1.0,1.0,,0,0,4.0,6.0
191160,Jordy Makengo,SC Freiburg,D,SC Freiburg vs Werder Bremen,22,6.9,,0,,,1,,,,,,1.0,0,0,1.0,1.0
286710,Derry Scherhant,SC Freiburg,F,SC Freiburg vs FC Augsburg,9,6.2,,0,,,1,1.0,,,,,,0,0,,3.0
286710,Derry Scherhant,SC Freiburg,F,SC Freiburg vs VfB Stuttgart,27,7.3,1.0,0,2.0,2.0,7,7.0,,,1.0,,1.0,0,0,1.0,2.0
286710,Derry Scherhant,SC Freiburg,F,Werder Bremen vs SC Freiburg,21,6.7,,0,2.0,1.0,3,2.0,,,,1.0,1.0,0,0,1.0,4.0
286710,Derry Scherhant,SC Freiburg,F,SC Freiburg vs 1899 Hoffenheim,26,6.2,,0,,,6,4.0,,1.0,,2.0,1.0,0,0,2.0,6.0
286710,Derry Scherhant,SC Freiburg,F,Borussia Mönchengladbach vs SC Freiburg,27,7,,0,1.0,1.0,6,4.0,,1.0,,,4.0,0,0,5.0,6.0
286710,Derry Scherhant,SC Freiburg,F,SC Freiburg vs Eintracht Frankfurt,75,7.7,1.0,0,3.0,1.0,12,10.0,,2.0,,2.0,4.0,0,0,6.0,13.0
286710,Derry Scherhant,SC Freiburg,F,Bayer Leverkusen vs SC Freiburg,77,7.2,,0,3.0,1.0,15,10.0,,2.0,,1.0,2.0,0,0,8.0,13.0
286710,Derry Scherhant,SC Freiburg,F,Union Berlin vs SC Freiburg,16,6.9,,0,,,2,1.0,,,,,3.0,0,0,3.0,4.0
286710,Derry Scherhant,SC Freiburg,F,SC Freiburg vs FC St. Pauli,32,6.2,,0,,,7,5.0,,,1.0,1.0,,0,0,,4.0
286710,Derry Scherhant,SC Freiburg,F,Bayern München vs SC Freiburg,64,6.3,,0,,,6,6.0,,,,,1.0,0,0,3.0,9.0
286710,Derry Scherhant,SC Freiburg,F,SC Freiburg vs FSV Mainz 05,10,7,,0,,,9,8.0,,,,,1.0,0,0,2.0,2.0
286710,Derry Scherhant,SC Freiburg,F,1. FC Heidenheim vs SC Freiburg,23,6.5,,0,,,14,12.0,,,,,1.0,0,0,2.0,3.0
286710,Derry Scherhant,SC Freiburg,F,VfL Wolfsburg vs SC Freiburg,23,7.6,1.0,0,1.0,1.0,4,4.0,,,,,,0,0,2.0,3.0
286710,Derry Scherhant,SC Freiburg,F,RB Leipzig vs SC Freiburg,12,6.2,,0,,,2,1.0,,1.0,,1.0,,0,0,1.0,2.0
286710,Derry Scherhant,SC Freiburg,F,FC Augsburg vs SC Freiburg,34,6.7,,0,,,5,1.0,,,,,2.0,0,0,4.0,9.0
286710,Derry Scherhant,SC Freiburg,F,SC Freiburg vs 1. FC Köln,76,7,1.0,0,2.0,1.0,5,4.0,,3.0,,,,1,0,4.0,19.0
286710,Derry Scherhant,SC Freiburg,F,VfB Stuttgart vs SC Freiburg,76,6.2,,0,1.0,,7,5.0,,1.0,,1.0,1.0,0,0,4.0,11.0
286710,Derry Scherhant,SC Freiburg,F,SC Freiburg vs Werder Bremen,15,6.5,,0,,,3,3.0,,,,,1.0,0,0,1.0,3.0
286710,Derry Scherhant,SC Freiburg,F,1899 Hoffenheim vs SC Freiburg,72,6.3,,0,1.0,1.0,14,8.0,,,,,2.0,0,0,3.0,9.0
286710,Derry Scherhant,SC Freiburg,F,SC Freiburg vs Borussia Mönchengladbach,11,6.6,,0,,,6,5.0,,,,,,0,0,1.0,1.0
25903,Finn Dahmen,FC Augsburg,G,SC Freiburg vs FC Augsburg,90,7.2,,0,,,33,16.0,,,,,,0,0,1.0,1.0
25903,Finn Dahmen,FC Augsburg,G,FC Augsburg vs Bayern München,90,7.3,,0,,,45,30.0,,,,,,0,0,2.0,2.0
25903,Finn Dahmen,FC Augsburg,G,FC St. Pauli vs FC Augsburg,90,7.3,,0,,,38,32.0,,,,,,0,0,1.0,1.0
25903,Finn Dahmen,FC Augsburg,G,FC Augsburg vs FSV Mainz 05,90,5.3,,0,,,30,25.0,,,,,,0,0,,
25903,Finn Dahmen,FC Augsburg,G,1. FC Heidenheim vs FC Augsburg,90,7.5,,0,,,36,29.0,,,,,,0,0,,
25903,Finn Dahmen,FC Augsburg,G,FC Augsburg vs VfL Wolfsburg,90,7.7,,0,,,53,34.0,,,,,,0,0,,
25903,Finn Dahmen,FC Augsburg,G,1. FC Köln vs FC Augsburg,90,6.5,,0,,,36,14.0,,,,,,0,0,1.0,1.0
25903,Finn Dahmen,FC Augsburg,G,FC Augsburg vs RB Leipzig,90,3.9,,0,,,39,29.0,,,,,,0,0,1.0,1.0
25903,Finn Dahmen,FC Augsburg,G,FC Augsburg vs Borussia Dortmund,90,6.5,,0,,,46,26.0,,,,,,0,0,,
25903,Finn Dahmen,FC Augsburg,G,VfB Stuttgart vs FC Augsburg,90,5.9,,0,,,46,21.0,,,,,,0,0,,
25903,Finn Dahmen,FC Augsburg,G,FC Augsburg vs Hamburger SV,90,7.9,,0,,,38,28.0,,,,,,0,0,,
25903,Finn Dahmen,FC Augsburg,G,1899 Hoffenheim vs FC Augsburg,90,5.9,,0,,,50,29.0,,,,,1.0,0,0,3.0,3.0
25903,Finn Dahmen,FC Augsburg,G,FC Augsburg vs Bayer Leverkusen,90,7.3,,0,,,44,26.0,,,,,1.0,0,0,1.0,1.0
25903,Finn Dahmen,FC Augsburg,G,Eintracht Frankfurt vs FC Augsburg,90,7.3,,0,,,51,44.0,,,,,,0,0,,
25903,Finn Dahmen,FC Augsburg,G,FC Augsburg vs Werder Bremen,90,8.2,,0,,,42,33.0,,1.0,,,,0,0,1.0,1.0
25903,Finn Dahmen,FC Augsburg,G,Borussia Mönchengladbach vs FC Augsburg,90,5.9,,0,,,33,23.0,,1.0,,,,0,0,2.0,2.0
25903,Finn Dahmen,FC Augsburg,G,FC Augsburg vs Union Berlin,90,6.9,,0,,,37,31.0,,,,,,0,0,,
25903,Finn Dahmen,FC Augsburg,G,FC Augsburg vs SC Freiburg,90,6.9,,0,,,32,24.0,,,,,,0,0,,
25903,Finn Dahmen,FC Augsburg,G,Bayern München vs FC Augsburg,90,8,,0,,,53,39.0,,1.0,,,,0,0,1.0,1.0
25903,Finn Dahmen,FC Augsburg,G,FC Augsburg vs FC St. Pauli,90,7.7,,0,,,54,45.0,,,,,,0,0,,
25903,Finn Dahmen,FC Augsburg,G,FSV Mainz 05 vs FC Augsburg,90,7.5,,0,,,50,41.0,,,,,,0,0,,
25903,Finn Dahmen,FC Augsburg,G,FC Augsburg vs 1. FC Heidenheim,90,7.5,,0,,,56,36.0,,,,,,1,0,,
25903,Finn Dahmen,FC Augsburg,G,VfL Wolfsburg vs FC Augsburg,90,6.9,,0,,,48,36.0,,,,,1.0,0,0,2.0,2.0
25903,Finn Dahmen,FC Augsburg,G,FC Augsburg vs 1. FC Köln,90,7.3,,0,,,38,33.0,,,,,,0,0,,
163039,Chrislain Matsima,FC Augsburg,D,SC Freiburg vs FC Augsburg,90,7.9,1.0,0,1.0,1.0,31,22.0,,,2.0,,,1,0,2.0,3.0
163039,Chrislain Matsima,FC Augsburg,D,FC Augsburg vs Bayern München,90,6.3,,0,,,32,25.0,,2.0,1.0,,,0,0,4.0,6.0
163039,Chrislain Matsima,FC Augsburg,D,FC St. Pauli vs FC Augsburg,90,6.6,,0,,,49,46.0,,2.0,4.0,1.0,,1,0,4.0,7.0
163039,Chrislain Matsima,FC Augsburg,D,FC Augsburg vs FSV Mainz 05,90,6.3,,0,2.0,,69,61.0,,,1.0,,,0,0,4.0,5.0
163039,Chrislain Matsima,FC Augsburg,D,1. FC Heidenheim vs FC Augsburg,90,6.3,,0,,,63,53.0,,,3.0,2.0,1.0,1,0,3.0,6.0
163039,Chrislain Matsima,FC Augsburg,D,FC Augsburg vs VfL Wolfsburg,90,7.2,,1,,,46,36.0,,,4.0,2.0,1.0,0,0,4.0,7.0
163039,Chrislain Matsima,FC Augsburg,D,1. FC Köln vs FC Augsburg,90,7.2,,0,,,41,34.0,,3.0,3.0,1.0,,0,0,7.0,8.0
163039,Chrislain Matsima,FC Augsburg,D,FC Augsburg vs RB Leipzig,90,5.5,,0,,,74,69.0,,,1.0,,,0,0,1.0,2.0
163039,Chrislain Matsima,FC Augsburg,D,FC Augsburg vs Borussia Dortmund,90,7,,0,,,38,36.0,,3.0,3.0,,,0,0,6.0,10.0
163039,Chrislain Matsima,FC Augsburg,D,VfB Stuttgart vs FC Augsburg,90,7,,0,,,39,31.0,,1.0,3.0,1.0,2.0,1,0,6.0,8.0
163039,Chrislain Matsima,FC Augsburg,D,FC Augsburg vs Hamburger SV,90,7.6,,0,1.0,,59,54.0,,,2.0,,,0,0,1.0,2.0
163039,Chrislain Matsima,FC Augsburg,D,1899 Hoffenheim vs FC Augsburg,90,5.9,,0,,,48,39.0,,2.0,2.0,,,0,0,5.0,9.0
163039,Chrislain Matsima,FC Augsburg,D,FC Augsburg vs Bayer Leverkusen,90,7.9,,0,,,36,29.0,,1.0,,,,0,0,1.0,1.0
163039,Chrislain Matsima,FC Augsburg,D,Eintracht Frankfurt vs FC Augsburg,90,7.2,,0,,,51,43.0,,1.0,,1.0,,1,0,4.0,6.0
25290,Jeffrey Gouweleeuw,FC Augsburg,D,SC Freiburg vs FC Augsburg,90,6.7,,0,1.0,1.0,24,19.0,,,2.0,1.0,,0,0,2.0,4.0
25290,Jeffrey Gouweleeuw,FC Augsburg,D,FC Augsburg vs Bayern München,90,6.2,,0,,,44,39.0,,2.0,1.0,1.0,,1,0,3.0,10.0
25290,Jeffrey Gouweleeuw,FC Augsburg,D,FC St. Pauli vs FC Augsburg,90,6.3,,0,,,63,51.0,,2.0,,,,0,0,2.0,7.0
25290,Jeffrey Gouweleeuw,FC Augsburg,D,FC Augsburg vs FSV Mainz 05,67,6.3,,0,,,45,38.0,,1.0,2.0,1.0,,1,0,3.0,7.0
25290,Jeffrey Gouweleeuw,FC Augsburg,D,VfB Stuttgart vs FC Augsburg,28,6.7,,0,,,16,13.0,,1.0,2.0,,,0,0,2.0,2.0
26242,Keven Schlotterbeck,FC Augsburg,D,SC Freiburg vs FC Augsburg,90,7,,0,,,33,26.0,,,1.0,2.0,1.0,0,0,4.0,9.0
26242,Keven Schlotterbeck,FC Augsburg,D,FC Augsburg vs Bayern München,90,6.2,,0,,,53,43.0,,2.0,1.0,2.0,,1,0,4.0,7.0
26242,Keven Schlotterbeck,FC Augsburg,D,FC Augsburg vs FSV Mainz 05,45,6.3,,0,2.0,,30,25.0,,1.0,,2.0,1.0,0,0,4.0,6.0
26242,Keven Schlotterbeck,FC Augsburg,D,1. FC Heidenheim vs FC Augsburg,90,6.5,,0,1.0,,52,44.0,,,1.0,2.0,1.0,1,0,7.0,12.0
26242,Keven Schlotterbeck,FC Augsburg,D,FC Augsburg vs Borussia Dortmund,90,7.3,,0,,,62,45.0,,2.0,,,1.0,0,0,10.0,14.0
26242,Keven Schlotterbeck,FC Augsburg,D,VfB Stuttgart vs FC Augsburg,90,5.6,,0,,,45,33.0,,4.0,2.0,1.0,1.0,1,0,6.0,12.0
26242,Keven Schlotterbeck,FC Augsburg,D,FC Augsburg vs Hamburger SV,81,7.2,,0,,,71,65.0,,3.0,,2.0,,2,1,4.0,9.0
26242,Keven Schlotterbeck,FC Augsburg,D,FC Augsburg vs Bayer Leverkusen,90,7.2,,1,,,31,25.0,,2.0,1.0,2.0,,0,0,2.0,5.0
26242,Keven Schlotterbeck,FC Augsburg,D,Eintracht Frankfurt vs FC Augsburg,90,6.6,,0,2.0,,68,58.0,,2.0,1.0,3.0,,0,0,7.0,11.0
26242,Keven Schlotterbeck,FC Augsburg,D,FC Augsburg vs Werder Bremen,90,7.7,,0,,,52,47.0,,1.0,1.0,1.0,1.0,0,0,5.0,7.0
26242,Keven Schlotterbeck,FC Augsburg,D,Borussia Mönchengladbach vs FC Augsburg,90,6.5,,0,,,79,73.0,,2.0,3.0,,,0,0,5.0,8.0
26242,Keven Schlotterbeck,FC Augsburg,D,FC Augsburg vs Union Berlin,90,7.3,,0,1.0,1.0,62,55.0,,1.0,,,,0,0,4.0,8.0
26242,Keven Schlotterbeck,FC Augsburg,D,FC Augsburg vs SC Freiburg,90,7.3,,0,1.0,1.0,45,40.0,,2.0,1.0,1.0,3.0,0,0,6.0,8.0
26242,Keven Schlotterbeck,FC Augsburg,D,Bayern München vs FC Augsburg,90,7,,0,,,40,35.0,,3.0,,1.0,,0,0,6.0,8.0
26242,Keven Schlotterbeck,FC Augsburg,D,FC Augsburg vs FC St. Pauli,90,7.9,,0,,,65,57.0,,,2.0,1.0,1.0,0,0,9.0,10.0
26242,Keven Schlotterbeck,FC Augsburg,D,FSV Mainz 05 vs FC Augsburg,90,7.2,,0,,,65,56.0,,2.0,1.0,1.0,3.0,0,0,8.0,12.0
26242,Keven Schlotterbeck,FC Augsburg,D,FC Augsburg vs 1. FC Heidenheim,90,8.9,,0,,,45,35.0,,1.0,1.0,,2.0,0,0,10.0,13.0
26242,Keven Schlotterbeck,FC Augsburg,D,VfL Wolfsburg vs FC Augsburg,90,6.6,,0,,,58,55.0,,1.0,1.0,1.0,,1,0,3.0,5.0
26242,Keven Schlotterbeck,FC Augsburg,D,FC Augsburg vs 1. FC Köln,90,8.3,,0,1.0,,65,60.0,,2.0,,,,0,0,5.0,8.0
26,Marius Wolf,FC Augsburg,M,SC Freiburg vs FC Augsburg,86,8.5,1.0,0,1.0,1.0,14,8.0,,1.0,2.0,,1.0,1,0,3.0,5.0
26,Marius Wolf,FC Augsburg,M,FC Augsburg vs Bayern München,39,6.2,,0,,,6,2.0,,,,1.0,,0,0,,2.0
26,Marius Wolf,FC Augsburg,M,FC St. Pauli vs FC Augsburg,69,6.5,,0,1.0,1.0,16,11.0,,,3.0,2.0,,0,0,,3.0
26,Marius Wolf,FC Augsburg,M,FC Augsburg vs FSV Mainz 05,45,5.9,,0,,,16,13.0,,1.0,,,,0,0,1.0,2.0
26,Marius Wolf,FC Augsburg,M,1. FC Heidenheim vs FC Augsburg,68,6.5,,0,,,13,11.0,,1.0,1.0,,,0,0,1.0,2.0
26,Marius Wolf,FC Augsburg,M,FC Augsburg vs RB Leipzig,13,6.9,,0,,,5,2.0,,1.0,,,,0,0,1.0,2.0
26,Marius Wolf,FC Augsburg,M,VfB Stuttgart vs FC Augsburg,13,6.7,,0,,,5,4.0,,1.0,,,,0,0,1.0,3.0
26,Marius Wolf,FC Augsburg,M,1899 Hoffenheim vs FC Augsburg,19,6.9,,0,1.0,,11,7.0,,,1.0,,,0,0,1.0,1.0
26,Marius Wolf,FC Augsburg,M,Eintracht Frankfurt vs FC Augsburg,15,6.3,,0,,,6,4.0,,,,,,0,0,1.0,1.0
26,Marius Wolf,FC Augsburg,M,FC Augsburg vs Werder Bremen,45,6.3,,0,1.0,1.0,8,4.0,,,,,,0,0,,2.0
26,Marius Wolf,FC Augsburg,M,Borussia Mönchengladbach vs FC Augsburg,28,6.9,,0,1.0,,25,20.0,,1.0,,,,0,0,1.0,2.0
26,Marius Wolf,FC Augsburg,M,FC Augsburg vs Union Berlin,15,6.5,,0,,,10,7.0,,1.0,,1.0,,0,0,1.0,4.0
26,Marius Wolf,FC Augsburg,M,FC Augsburg vs SC Freiburg,9,6.7,,0,,,5,5.0,,,,,,0,0,,
26,Marius Wolf,FC Augsburg,M,Bayern München vs FC Augsburg,10,6.6,,0,1.0,,1,,,,1.0,,,0,0,1.0,1.0
26,Marius Wolf,FC Augsburg,M,FC Augsburg vs FC St. Pauli,77,5.9,,0,1.0,1.0,17,7.0,,,,1.0,,1,0,,1.0
26,Marius Wolf,FC Augsburg,M,FSV Mainz 05 vs FC Augsburg,57,6.5,,0,,,22,16.0,,,,,1.0,0,0,1.0,3.0
26,Marius Wolf,FC Augsburg,M,FC Augsburg vs 1. FC Heidenheim,31,6.7,,0,,,13,8.0,,1.0,1.0,,,0,0,1.0,4.0
26,Marius Wolf,FC Augsburg,M,VfL Wolfsburg vs FC Augsburg,22,6.5,,0,1.0,,10,6.0,,1.0,,,,0,0,1.0,1.0
26,Marius Wolf,FC Augsburg,M,FC Augsburg vs 1. FC Köln,8,6.6,,0,,,5,2.0,,,,1.0,,0,0,2.0,4.0
143831,Robin Fellhauer,FC Augsburg,M,SC Freiburg vs FC Augsburg,87,6.3,,0,2.0,,13,10.0,,2.0,,3.0,1.0,0,0,3.0,9.0
143831,Robin Fellhauer,FC Augsburg,M,FC Augsburg vs Bayern München,90,7.6,,1,1.0,,21,18.0,,5.0,1.0,1.0,1.0,0,0,8.0,14.0
143831,Robin Fellhauer,FC Augsburg,M,FC St. Pauli vs FC Augsburg,46,5.9,,0,2.0,1.0,17,16.0,,,,3.0,1.0,1,0,3.0,7.0
143831,Robin Fellhauer,FC Augsburg,M,FC Augsburg vs FSV Mainz 05,45,6.7,,0,,,21,14.0,,4.0,2.0,,,0,0,7.0,9.0
143831,Robin Fellhauer,FC Augsburg,M,1. FC Heidenheim vs FC Augsburg,59,6.6,,0,,,14,12.0,,,,,2.0,0,0,4.0,5.0
143831,Robin Fellhauer,FC Augsburg,M,FC Augsburg vs VfL Wolfsburg,90,8,1.0,0,2.0,1.0,15,12.0,,1.0,,,,0,0,3.0,4.0
143831,Robin Fellhauer,FC Augsburg,M,1. FC Köln vs FC Augsburg,90,7,,0,,,38,32.0,,2.0,,,1.0,0,0,6.0,10.0
143831,Robin Fellhauer,FC Augsburg,M,FC Augsburg vs RB Leipzig,90,6.2,,0,1.0,1.0,53,47.0,,2.0,1.0,2.0,2.0,0,0,4.0,10.0
143831,Robin Fellhauer,FC Augsburg,M,FC Augsburg vs Borussia Dortmund,81,6.2,,0,,,29,23.0,,,1.0,1.0,,0,0,2.0,6.0
143831,Robin Fellhauer,FC Augsburg,M,VfB Stuttgart vs FC Augsburg,90,6.2,,0,1.0,,14,9.0,,3.0,1.0,1.0,,0,0,8.0,14.0
143831,Robin Fellhauer,FC Augsburg,M,FC Augsburg vs Hamburger SV,90,7.3,,0,2.0,,39,30.0,,,1.0,,2.0,0,0,5.0,6.0
143831,Robin Fellhauer,FC Augsburg,M,1899 Hoffenheim vs FC Augsburg,90,7.2,,0,1.0,,40,30.0,,4.0,1.0,1.0,2.0,0,0,9.0,13.0
143831,Robin Fellhauer,FC Augsburg,M,FC Augsburg vs Bayer Leverkusen,90,6.9,,0,1.0,,24,20.0,,2.0,3.0,,1.0,0,0,5.0,12.0
143831,Robin Fellhauer,FC Augsburg,M,Eintracht Frankfurt vs FC Augsburg,83,7.2,,0,1.0,,25,18.0,,2.0,,1.0,1.0,0,0,8.0,11.0
143831,Robin Fellhauer,FC Augsburg,M,FC Augsburg vs Werder Bremen,90,7.2,,0,,,23,17.0,,1.0,,,1.0,0,0,4.0,8.0
143831,Robin Fellhauer,FC Augsburg,M,Borussia Mönchengladbach vs FC Augsburg,90,6.9,,0,1.0,1.0,29,22.0,,7.0,,,,0,0,7.0,9.0
143831,Robin Fellhauer,FC Augsburg,M,FC Augsburg vs Union Berlin,90,7.3,,0,,,38,28.0,,3.0,1.0,1.0,4.0,0,0,7.0,13.0
143831,Robin Fellhauer,FC Augsburg,M,FC Augsburg vs SC Freiburg,90,6.9,,0,,,25,17.0,,4.0,,1.0,1.0,0,0,6.0,12.0
143831,Robin Fellhauer,FC Augsburg,M,Bayern München vs FC Augsburg,90,6.3,,0,1.0,,24,13.0,,2.0,,,,0,0,2.0,7.0
143831,Robin Fellhauer,FC Augsburg,M,FC Augsburg vs FC St. Pauli,90,6.5,,0,,,47,33.0,,1.0,2.0,2.0,,1,0,2.0,10.0
143831,Robin Fellhauer,FC Augsburg,M,FSV Mainz 05 vs FC Augsburg,81,6.6,,0,,,31,22.0,,,1.0,,3.0,0,0,4.0,4.0
143831,Robin Fellhauer,FC Augsburg,M,FC Augsburg vs 1. FC Heidenheim,73,6.7,,0,1.0,1.0,29,20.0,,1.0,,1.0,1.0,0,0,3.0,5.0
143831,Robin Fellhauer,FC Augsburg,M,VfL Wolfsburg vs FC Augsburg,81,7,,0,,,29,25.0,,1.0,,,4.0,0,0,7.0,10.0
143831,Robin Fellhauer,FC Augsburg,M,FC Augsburg vs 1. FC Köln,82,6.7,,0,,,26,15.0,,1.0,1.0,,,0,0,2.0,6.0
110,Han-Noah Massengo,FC Augsburg,M,SC Freiburg vs FC Augsburg,90,7,,0,,,37,33.0,,2.0,2.0,2.0,3.0,0,0,7.0,14.0
110,Han-Noah Massengo,FC Augsburg,M,FC Augsburg vs Bayern München,89,6.7,,0,2.0,,35,29.0,,2.0,1.0,,1.0,0,0,3.0,6.0
110,Han-Noah Massengo,FC Augsburg,M,FC St. Pauli vs FC Augsburg,84,7.3,,1,,,33,27.0,,1.0,,,1.0,0,0,5.0,9.0
110,Han-Noah Massengo,FC Augsburg,M,FC Augsburg vs FSV Mainz 05,90,7.3,,0,,,61,57.0,,3.0,3.0,2.0,1.0,0,0,5.0,7.0
110,Han-Noah Massengo,FC Augsburg,M,1. FC Heidenheim vs FC Augsburg,84,6.6,,0,,,37,32.0,,2.0,2.0,1.0,1.0,0,0,4.0,7.0
110,Han-Noah Massengo,FC Augsburg,M,FC Augsburg vs VfL Wolfsburg,90,7,,0,,,29,25.0,,1.0,,1.0,,0,0,4.0,7.0
110,Han-Noah Massengo,FC Augsburg,M,1. FC Köln vs FC Augsburg,90,6.5,,0,,,48,40.0,,1.0,1.0,3.0,3.0,0,0,5.0,14.0
110,Han-Noah Massengo,FC Augsburg,M,FC Augsburg vs RB Leipzig,90,7,,0,1.0,,63,56.0,,2.0,1.0,,1.0,0,0,6.0,9.0
110,Han-Noah Massengo,FC Augsburg,M,FC Augsburg vs Borussia Dortmund,63,6.5,,0,,,31,25.0,,1.0,,,,0,0,1.0,3.0
110,Han-Noah Massengo,FC Augsburg,M,VfB Stuttgart vs FC Augsburg,90,7.9,1.0,0,1.0,1.0,36,33.0,,1.0,3.0,2.0,1.0,0,0,4.0,10.0
110,Han-Noah Massengo,FC Augsburg,M,FC Augsburg vs Hamburger SV,73,6.9,,0,1.0,1.0,31,26.0,,3.0,,,,0,0,3.0,5.0
110,Han-Noah Massengo,FC Augsburg,M,1899 Hoffenheim vs FC Augsburg,45,6.3,,0,,,9,8.0,,,,,,0,0,,2.0
110,Han-Noah Massengo,FC Augsburg,M,FC Augsburg vs Bayer Leverkusen,90,6.6,,0,,,36,31.0,,1.0,2.0,,,0,0,1.0,6.0
110,Han-Noah Massengo,FC Augsburg,M,Eintracht Frankfurt vs FC Augsburg,76,6.9,,0,,,38,33.0,,1.0,1.0,,2.0,0,0,4.0,4.0
110,Han-Noah Massengo,FC Augsburg,M,FC Augsburg vs Werder Bremen,89,6.9,,0,1.0,,60,50.0,,,1.0,1.0,1.0,0,0,1.0,3.0
110,Han-Noah Massengo,FC Augsburg,M,Borussia Mönchengladbach vs FC Augsburg,90,6.3,,0,1.0,,64,55.0,,3.0,1.0,1.0,,1,0,7.0,9.0
110,Han-Noah Massengo,FC Augsburg,M,FC Augsburg vs Union Berlin,27,6.7,,0,,,7,4.0,,1.0,,1.0,,0,0,2.0,4.0
110,Han-Noah Massengo,FC Augsburg,M,FC Augsburg vs SC Freiburg,88,6.2,,0,,,33,28.0,,2.0,1.0,,,0,0,2.0,8.0
110,Han-Noah Massengo,FC Augsburg,M,Bayern München vs FC Augsburg,90,8,1.0,0,2.0,1.0,38,32.0,,1.0,3.0,,,0,0,4.0,5.0
110,Han-Noah Massengo,FC Augsburg,M,FC Augsburg vs FC St. Pauli,90,7.2,,0,,,38,32.0,,3.0,1.0,1.0,2.0,0,0,9.0,12.0
110,Han-Noah Massengo,FC Augsburg,M,FSV Mainz 05 vs FC Augsburg,90,7,,0,1.0,,45,39.0,,2.0,2.0,,2.0,0,0,9.0,12.0
110,Han-Noah Massengo,FC Augsburg,M,FC Augsburg vs 1. FC Heidenheim,90,7.3,,0,,,45,37.0,,1.0,2.0,,,0,0,3.0,3.0
110,Han-Noah Massengo,FC Augsburg,M,VfL Wolfsburg vs FC Augsburg,68,6.5,,0,1.0,1.0,29,24.0,,2.0,1.0,1.0,,0,0,2.0,7.0
110,Han-Noah Massengo,FC Augsburg,M,FC Augsburg vs 1. FC Köln,82,6.5,,0,,,41,33.0,,,5.0,2.0,1.0,1,0,1.0,6.0
2360,Dimitrios Giannoulis,FC Augsburg,M,SC Freiburg vs FC Augsburg,60,7.7,1.0,0,1.0,1.0,22,13.0,,2.0,,,,0,0,2.0,2.0
2360,Dimitrios Giannoulis,FC Augsburg,M,FC Augsburg vs Bayern München,64,7.3,,0,,,21,15.0,,3.0,2.0,1.0,2.0,0,0,6.0,8.0
2360,Dimitrios Giannoulis,FC Augsburg,M,1. FC Heidenheim vs FC Augsburg,31,6.9,,0,,,14,12.0,,,,1.0,,1,0,,2.0
2360,Dimitrios Giannoulis,FC Augsburg,M,FC Augsburg vs VfL Wolfsburg,71,6.3,,0,,,24,14.0,,,,,,1,0,,2.0
2360,Dimitrios Giannoulis,FC Augsburg,M,1. FC Köln vs FC Augsburg,90,6.7,,0,,,35,22.0,,1.0,2.0,,,0,0,2.0,3.0
2360,Dimitrios Giannoulis,FC Augsburg,M,FC Augsburg vs RB Leipzig,65,6.2,,0,,,28,24.0,,,,,,0,0,1.0,3.0
2360,Dimitrios Giannoulis,FC Augsburg,M,FC Augsburg vs Borussia Dortmund,76,6.9,,0,,,40,28.0,,3.0,2.0,2.0,1.0,1,0,6.0,9.0
2360,Dimitrios Giannoulis,FC Augsburg,M,VfB Stuttgart vs FC Augsburg,90,7.6,,0,,,29,19.0,,3.0,1.0,1.0,2.0,1,0,7.0,9.0
2360,Dimitrios Giannoulis,FC Augsburg,M,FC Augsburg vs Hamburger SV,90,8.3,,1,1.0,1.0,30,25.0,,,2.0,1.0,2.0,0,0,4.0,5.0
2360,Dimitrios Giannoulis,FC Augsburg,M,1899 Hoffenheim vs FC Augsburg,71,7.2,,0,2.0,1.0,29,21.0,,1.0,2.0,1.0,2.0,0,0,7.0,9.0
2360,Dimitrios Giannoulis,FC Augsburg,M,FC Augsburg vs Bayer Leverkusen,57,8.6,1.0,1,1.0,1.0,11,9.0,,1.0,1.0,1.0,,0,0,1.0,2.0
2360,Dimitrios Giannoulis,FC Augsburg,M,Eintracht Frankfurt vs FC Augsburg,83,6.3,,0,,,25,17.0,,,,,1.0,0,0,2.0,6.0
2360,Dimitrios Giannoulis,FC Augsburg,M,FC Augsburg vs Werder Bremen,56,6.9,,0,,,15,9.0,,1.0,,,2.0,1,0,3.0,5.0
2360,Dimitrios Giannoulis,FC Augsburg,M,FC Augsburg vs Union Berlin,75,6.7,,0,,,18,13.0,,,1.0,,,0,0,1.0,4.0
2360,Dimitrios Giannoulis,FC Augsburg,M,FC Augsburg vs SC Freiburg,63,6.3,,0,1.0,,12,5.0,,1.0,,1.0,,0,0,4.0,9.0
2360,Dimitrios Giannoulis,FC Augsburg,M,Bayern München vs FC Augsburg,90,6.9,,1,,,42,32.0,,1.0,1.0,2.0,,0,0,4.0,9.0
2360,Dimitrios Giannoulis,FC Augsburg,M,FC Augsburg vs 1. FC Heidenheim,17,6.6,,0,,,10,10.0,,,,,,0,0,,1.0
2360,Dimitrios Giannoulis,FC Augsburg,M,VfL Wolfsburg vs FC Augsburg,68,7.3,,0,,,37,30.0,,3.0,,,1.0,0,0,5.0,9.0
14395,Kristijan Jakić,FC Augsburg,F,SC Freiburg vs FC Augsburg,90,7.3,,0,1.0,1.0,32,28.0,,3.0,1.0,2.0,,0,0,5.0,11.0
14395,Kristijan Jakić,FC Augsburg,F,FC Augsburg vs Bayern München,90,8.7,1.0,1,1.0,1.0,42,34.0,,,2.0,1.0,3.0,0,0,3.0,7.0
14395,Kristijan Jakić,FC Augsburg,F,FC St. Pauli vs FC Augsburg,44,6.6,,0,,,13,10.0,,1.0,,,1.0,0,0,3.0,4.0
14395,Kristijan Jakić,FC Augsburg,F,FC Augsburg vs FSV Mainz 05,45,6.6,,0,1.0,,39,32.0,,1.0,,1.0,,0,0,3.0,6.0
14395,Kristijan Jakić,FC Augsburg,F,1. FC Heidenheim vs FC Augsburg,90,6.3,,0,,,33,25.0,,1.0,2.0,1.0,1.0,0,0,3.0,10.0
14395,Kristijan Jakić,FC Augsburg,F,FC Augsburg vs VfL Wolfsburg,90,6.7,,0,,,37,26.0,,,,,,0,0,,
14395,Kristijan Jakić,FC Augsburg,F,1. FC Köln vs FC Augsburg,90,6.9,,0,,,47,33.0,,3.0,3.0,,2.0,1,0,7.0,8.0
14395,Kristijan Jakić,FC Augsburg,F,FC Augsburg vs RB Leipzig,90,5.7,,0,1.0,,72,57.0,,6.0,1.0,,,0,0,6.0,9.0
14395,Kristijan Jakić,FC Augsburg,F,1899 Hoffenheim vs FC Augsburg,45,6.6,,0,,,25,18.0,,,,2.0,1.0,0,0,4.0,6.0
14395,Kristijan Jakić,FC Augsburg,F,FC Augsburg vs Bayer Leverkusen,90,6.6,,0,1.0,1.0,23,21.0,,,2.0,1.0,,1,0,,2.0
14395,Kristijan Jakić,FC Augsburg,F,Eintracht Frankfurt vs FC Augsburg,90,7.2,,0,1.0,,32,31.0,,3.0,,1.0,1.0,0,0,6.0,11.0
14395,Kristijan Jakić,FC Augsburg,F,FC Augsburg vs Werder Bremen,56,7.5,,0,,,24,19.0,,3.0,1.0,,1.0,0,0,4.0,6.0
14395,Kristijan Jakić,FC Augsburg,F,Borussia Mönchengladbach vs FC Augsburg,21,6.6,,0,,,23,22.0,,,,,1.0,0,0,1.0,1.0
14395,Kristijan Jakić,FC Augsburg,F,FC Augsburg vs Union Berlin,90,6.6,,0,,,39,33.0,,,,1.0,2.0,1,0,3.0,8.0
14395,Kristijan Jakić,FC Augsburg,F,FC Augsburg vs SC Freiburg,45,7.3,,0,,,17,16.0,,1.0,,,,0,0,2.0,3.0
14395,Kristijan Jakić,FC Augsburg,F,FSV Mainz 05 vs FC Augsburg,33,6.3,,0,2.0,,28,24.0,,3.0,,2.0,1.0,0,0,4.0,10.0
14395,Kristijan Jakić,FC Augsburg,F,FC Augsburg vs 1. FC Heidenheim,73,7,,0,1.0,1.0,31,27.0,,2.0,,1.0,1.0,0,0,4.0,8.0
14395,Kristijan Jakić,FC Augsburg,F,VfL Wolfsburg vs FC Augsburg,90,6.3,,0,1.0,,31,25.0,,2.0,,2.0,,1,0,4.0,8.0
14395,Kristijan Jakić,FC Augsburg,F,FC Augsburg vs 1. FC Köln,50,6.6,,0,,,32,23.0,,1.0,,,,0,0,2.0,4.0
348888,Mert Kömür,FC Augsburg,F,SC Freiburg vs FC Augsburg,90,6.3,,1,1.0,,27,19.0,,,,4.0,1.0,1,0,4.0,17.0
348888,Mert Kömür,FC Augsburg,F,FC Augsburg vs Bayern München,90,7.9,1.0,0,4.0,2.0,22,20.0,,1.0,,2.0,1.0,0,0,5.0,10.0
348888,Mert Kömür,FC Augsburg,F,FC St. Pauli vs FC Augsburg,90,6.6,,0,1.0,,31,23.0,,1.0,1.0,2.0,2.0,0,0,5.0,13.0
348888,Mert Kömür,FC Augsburg,F,FC Augsburg vs FSV Mainz 05,90,6.5,,0,,,43,42.0,,,1.0,2.0,1.0,0,0,3.0,10.0
348888,Mert Kömür,FC Augsburg,F,1. FC Heidenheim vs FC Augsburg,31,6.7,,0,1.0,,9,8.0,,1.0,,,1.0,0,0,3.0,7.0
348888,Mert Kömür,FC Augsburg,F,FC Augsburg vs VfL Wolfsburg,90,8.3,1.0,1,3.0,2.0,21,15.0,,,1.0,2.0,,0,0,2.0,12.0
348888,Mert Kömür,FC Augsburg,F,1. FC Köln vs FC Augsburg,77,6,,0,2.0,1.0,24,17.0,,1.0,,1.0,,0,0,1.0,10.0
348888,Mert Kömür,FC Augsburg,F,FC Augsburg vs Borussia Dortmund,63,6.5,,0,1.0,,14,13.0,,,,1.0,1.0,0,0,2.0,7.0
348888,Mert Kömür,FC Augsburg,F,VfB Stuttgart vs FC Augsburg,9,6.3,,0,,,5,3.0,,,,,,0,0,1.0,4.0
348888,Mert Kömür,FC Augsburg,F,FC Augsburg vs Hamburger SV,64,6.3,,0,2.0,1.0,17,13.0,,,,,1.0,0,0,2.0,4.0
348888,Mert Kömür,FC Augsburg,F,1899 Hoffenheim vs FC Augsburg,45,6.5,,0,1.0,1.0,10,8.0,,,1.0,,,0,0,,1.0
348888,Mert Kömür,FC Augsburg,F,FC Augsburg vs Bayer Leverkusen,33,6.3,,0,2.0,1.0,3,3.0,,,,,,0,0,,5.0
348888,Mert Kömür,FC Augsburg,F,Eintracht Frankfurt vs FC Augsburg,24,6.6,,0,1.0,1.0,11,9.0,,1.0,,1.0,1.0,0,0,3.0,5.0
348888,Mert Kömür,FC Augsburg,F,FC Augsburg vs Werder Bremen,45,6.7,,0,1.0,1.0,19,14.0,,,,,1.0,0,0,4.0,9.0
348888,Mert Kömür,FC Augsburg,F,Borussia Mönchengladbach vs FC Augsburg,69,6.5,,0,,,33,30.0,,,,,2.0,0,0,2.0,7.0
348888,Mert Kömür,FC Augsburg,F,FC Augsburg vs Union Berlin,15,6.3,,0,1.0,,3,2.0,,,,,1.0,0,0,1.0,2.0
348888,Mert Kömür,FC Augsburg,F,Bayern München vs FC Augsburg,16,7,,1,,,1,1.0,,,,,,0,0,1.0,2.0
348888,Mert Kömür,FC Augsburg,F,FSV Mainz 05 vs FC Augsburg,90,6.3,,0,2.0,2.0,31,23.0,,,,2.0,1.0,0,0,3.0,8.0
348888,Mert Kömür,FC Augsburg,F,FC Augsburg vs 1. FC Heidenheim,89,6.3,,0,1.0,,25,20.0,,2.0,,3.0,,0,0,3.0,12.0
348888,Mert Kömür,FC Augsburg,F,VfL Wolfsburg vs FC Augsburg,58,6.7,,0,1.0,,29,20.0,,1.0,1.0,,2.0,0,0,6.0,8.0
348888,Mert Kömür,FC Augsburg,F,FC Augsburg vs 1. FC Köln,82,6.6,,0,1.0,,16,11.0,,3.0,,3.0,1.0,0,0,6.0,14.0
323974,Elias Saad,FC Augsburg,F,SC Freiburg vs FC Augsburg,70,6.2,,0,,,17,12.0,,,,2.0,3.0,0,0,3.0,11.0
323974,Elias Saad,FC Augsburg,F,FC Augsburg vs Bayern München,64,7.3,,0,,,10,8.0,,2.0,1.0,2.0,1.0,0,0,7.0,11.0
323974,Elias Saad,FC Augsburg,F,FC St. Pauli vs FC Augsburg,69,7.2,,0,2.0,1.0,14,11.0,,4.0,,1.0,1.0,1,0,10.0,17.0
323974,Elias Saad,FC Augsburg,F,FC Augsburg vs FSV Mainz 05,45,6.6,,0,,,12,10.0,,2.0,,,2.0,0,0,4.0,9.0
323974,Elias Saad,FC Augsburg,F,FC Augsburg vs VfL Wolfsburg,79,6.2,,0,1.0,1.0,24,17.0,,2.0,,,,0,0,5.0,12.0
323974,Elias Saad,FC Augsburg,F,1. FC Köln vs FC Augsburg,45,6.2,,0,,,12,10.0,,1.0,,,,0,0,2.0,8.0
323974,Elias Saad,FC Augsburg,F,FC Augsburg vs RB Leipzig,65,7.7,,0,,,42,35.0,,2.0,,2.0,2.0,0,0,12.0,18.0
323974,Elias Saad,FC Augsburg,F,FC Augsburg vs Borussia Dortmund,27,6.5,,0,,,11,9.0,,1.0,,,1.0,0,0,2.0,6.0
323974,Elias Saad,FC Augsburg,F,VfB Stuttgart vs FC Augsburg,9,6.7,,0,1.0,1.0,6,6.0,,,,,1.0,0,0,1.0,1.0
323974,Elias Saad,FC Augsburg,F,FC Augsburg vs Hamburger SV,26,6.3,,0,,,4,3.0,,1.0,,1.0,1.0,0,0,2.0,6.0
26171,Phillip Tietz,FC Augsburg,F,SC Freiburg vs FC Augsburg,30,6.5,,0,,,4,2.0,,1.0,,1.0,2.0,1,0,4.0,12.0
26171,Phillip Tietz,FC Augsburg,F,FC Augsburg vs Bayern München,26,6.6,,0,,,13,10.0,,,,2.0,,0,0,1.0,4.0
26171,Phillip Tietz,FC Augsburg,F,FC St. Pauli vs FC Augsburg,21,6.2,,0,1.0,1.0,7,6.0,,,,,,0,0,,2.0
26171,Phillip Tietz,FC Augsburg,F,FC Augsburg vs FSV Mainz 05,23,6.7,,0,1.0,,10,7.0,,,,,,0,0,1.0,1.0
26171,Phillip Tietz,FC Augsburg,F,1. FC Heidenheim vs FC Augsburg,22,7.2,1.0,0,1.0,1.0,11,6.0,,,,1.0,,0,0,,2.0
26171,Phillip Tietz,FC Augsburg,F,1. FC Köln vs FC Augsburg,13,6.2,,0,1.0,1.0,5,3.0,,,,,,0,0,2.0,6.0
26171,Phillip Tietz,FC Augsburg,F,FC Augsburg vs RB Leipzig,25,6.2,,0,,,8,6.0,,,,1.0,,0,0,,2.0
26171,Phillip Tietz,FC Augsburg,F,FC Augsburg vs Borussia Dortmund,9,6.5,,0,,,2,2.0,,,,1.0,,1,0,,2.0
26171,Phillip Tietz,FC Augsburg,F,1899 Hoffenheim vs FC Augsburg,19,6.2,,0,,,4,2.0,,,,,2.0,0,0,2.0,2.0
26171,Phillip Tietz,FC Augsburg,F,Union Berlin vs FSV Mainz 05,85,5.9,,0,2.0,2.0,27,15.0,,1.0,,3.0,,0,0,6.0,21.0
26171,Phillip Tietz,FC Augsburg,F,FSV Mainz 05 vs 1. FC Heidenheim,89,5.9,,1,3.0,1.0,28,15.0,,1.0,,2.0,2.0,0,0,11.0,24.0
26171,Phillip Tietz,FC Augsburg,F,1. FC Köln vs FSV Mainz 05,90,6.7,,0,3.0,2.0,34,18.0,,,,1.0,,1,0,9.0,18.0
26171,Phillip Tietz,FC Augsburg,F,FSV Mainz 05 vs VfL Wolfsburg,89,6,1.0,0,4.0,4.0,16,5.0,,,,1.0,3.0,0,0,6.0,17.0
26171,Phillip Tietz,FC Augsburg,F,RB Leipzig vs FSV Mainz 05,82,6.2,,0,3.0,,25,14.0,,,1.0,1.0,1.0,0,0,7.0,16.0
26171,Phillip Tietz,FC Augsburg,F,FSV Mainz 05 vs FC Augsburg,90,6.5,,0,,,26,15.0,,,,3.0,,0,0,8.0,19.0
26171,Phillip Tietz,FC Augsburg,F,Borussia Dortmund vs FSV Mainz 05,73,6.7,,0,,,17,12.0,,,,1.0,1.0,0,0,4.0,7.0
26171,Phillip Tietz,FC Augsburg,F,FSV Mainz 05 vs Hamburger SV,90,5.9,,0,4.0,,23,11.0,,2.0,1.0,2.0,2.0,0,0,9.0,20.0
25413,Elvis Rexhbeçaj,FC Augsburg,M,SC Freiburg vs FC Augsburg,20,6.9,,0,,,5,3.0,,2.0,,1.0,1.0,1,0,3.0,5.0
25413,Elvis Rexhbeçaj,FC Augsburg,M,FC Augsburg vs Bayern München,51,6.5,,0,,,18,14.0,,1.0,,,1.0,0,0,2.0,4.0
25413,Elvis Rexhbeçaj,FC Augsburg,M,FC St. Pauli vs FC Augsburg,90,6.3,,0,,,39,28.0,,,1.0,1.0,1.0,1,0,6.0,10.0
25413,Elvis Rexhbeçaj,FC Augsburg,M,FC Augsburg vs FSV Mainz 05,45,6.5,,0,,,14,10.0,,1.0,,,1.0,0,0,2.0,4.0
25413,Elvis Rexhbeçaj,FC Augsburg,M,1. FC Heidenheim vs FC Augsburg,17,6.6,,0,,,14,11.0,,,,1.0,,0,0,,1.0
25413,Elvis Rexhbeçaj,FC Augsburg,M,FC Augsburg vs VfL Wolfsburg,90,6.7,,0,,,24,21.0,,2.0,,1.0,,0,0,3.0,8.0
25413,Elvis Rexhbeçaj,FC Augsburg,M,FC Augsburg vs RB Leipzig,25,6.2,,0,,,14,10.0,,,,1.0,,0,0,,1.0
25413,Elvis Rexhbeçaj,FC Augsburg,M,FC Augsburg vs Borussia Dortmund,90,6.6,,0,1.0,,43,34.0,,2.0,2.0,1.0,4.0,1,0,8.0,15.0
25413,Elvis Rexhbeçaj,FC Augsburg,M,VfB Stuttgart vs FC Augsburg,84,6.2,,0,,,35,25.0,,2.0,,1.0,1.0,0,0,4.0,7.0
25413,Elvis Rexhbeçaj,FC Augsburg,M,FC Augsburg vs Hamburger SV,17,6.6,,0,,,2,2.0,,,,,,0,0,,
25413,Elvis Rexhbeçaj,FC Augsburg,M,1899 Hoffenheim vs FC Augsburg,45,6.6,,0,1.0,,23,19.0,,2.0,,,1.0,0,0,3.0,5.0
25413,Elvis Rexhbeçaj,FC Augsburg,M,FC Augsburg vs Bayer Leverkusen,20,6.7,,0,,,9,9.0,,,,,,0,0,,1.0
25413,Elvis Rexhbeçaj,FC Augsburg,M,FC Augsburg vs Werder Bremen,34,7.2,,0,1.0,1.0,19,17.0,,,,,,0,0,1.0,1.0
25413,Elvis Rexhbeçaj,FC Augsburg,M,FC Augsburg vs Union Berlin,63,6.3,,0,,,14,8.0,,,1.0,,1.0,0,0,3.0,9.0
25413,Elvis Rexhbeçaj,FC Augsburg,M,FC Augsburg vs SC Freiburg,45,7.5,1.0,0,1.0,1.0,11,8.0,,1.0,,2.0,1.0,0,0,2.0,7.0
25413,Elvis Rexhbeçaj,FC Augsburg,M,Bayern München vs FC Augsburg,74,6.9,,0,2.0,1.0,18,14.0,,,,1.0,1.0,1,0,2.0,4.0
25413,Elvis Rexhbeçaj,FC Augsburg,M,FC Augsburg vs FC St. Pauli,77,6.7,,0,,,16,11.0,,,,2.0,1.0,0,0,3.0,7.0
25413,Elvis Rexhbeçaj,FC Augsburg,M,FSV Mainz 05 vs FC Augsburg,57,5.9,,0,,,21,18.0,,,,1.0,,0,0,1.0,5.0
25413,Elvis Rexhbeçaj,FC Augsburg,M,FC Augsburg vs 1. FC Heidenheim,17,6.3,,0,,,16,13.0,,,,,,0,0,,3.0
25413,Elvis Rexhbeçaj,FC Augsburg,M,VfL Wolfsburg vs FC Augsburg,22,7.5,1.0,0,1.0,1.0,8,7.0,,1.0,,,,0,0,1.0,2.0
25413,Elvis Rexhbeçaj,FC Augsburg,M,FC Augsburg vs 1. FC Köln,8,6.7,,0,,,1,1.0,,,,,,0,0,,1.0
48574,Cedric Zesiger,FC Augsburg,D,SC Freiburg vs FC Augsburg,16,6.6,,0,,,2,,,1.0,1.0,,,0,0,2.0,4.0
48574,Cedric Zesiger,FC Augsburg,D,FC St. Pauli vs FC Augsburg,90,6.9,,0,1.0,,60,46.0,,4.0,2.0,1.0,2.0,0,0,11.0,15.0
48574,Cedric Zesiger,FC Augsburg,D,FC Augsburg vs FSV Mainz 05,45,5.9,,0,,,26,22.0,,,1.0,1.0,,0,0,,3.0
48574,Cedric Zesiger,FC Augsburg,D,1. FC Heidenheim vs FC Augsburg,59,6,,0,,,25,24.0,,1.0,,2.0,,1,0,2.0,5.0
48574,Cedric Zesiger,FC Augsburg,D,FC Augsburg vs VfL Wolfsburg,11,6.6,,0,,,1,1.0,,,,,,0,0,,
48574,Cedric Zesiger,FC Augsburg,D,1. FC Köln vs FC Augsburg,11,6.6,,0,,,7,4.0,,,,,,0,0,,
48574,Cedric Zesiger,FC Augsburg,D,FC Augsburg vs Hamburger SV,12,6.6,,0,,,1,1.0,,,,,,0,0,,
48574,Cedric Zesiger,FC Augsburg,D,1899 Hoffenheim vs FC Augsburg,71,6.3,,0,,,36,28.0,,2.0,,,3.0,0,0,5.0,5.0
48574,Cedric Zesiger,FC Augsburg,D,FC Augsburg vs Werder Bremen,90,6.9,,0,1.0,1.0,56,45.0,,,,3.0,1.0,1,0,2.0,7.0
48574,Cedric Zesiger,FC Augsburg,D,Borussia Mönchengladbach vs FC Augsburg,90,5.9,,0,2.0,,59,53.0,,1.0,2.0,,,0,0,5.0,10.0
48574,Cedric Zesiger,FC Augsburg,D,FC Augsburg vs Union Berlin,90,6.6,,0,,,50,38.0,,1.0,,1.0,,0,0,3.0,6.0
48574,Cedric Zesiger,FC Augsburg,D,FC Augsburg vs SC Freiburg,27,6.9,,0,,,15,9.0,,,,,,0,0,,
48574,Cedric Zesiger,FC Augsburg,D,Bayern München vs FC Augsburg,90,7.3,,0,,,34,28.0,,2.0,,,,0,0,2.0,5.0
48574,Cedric Zesiger,FC Augsburg,D,FC Augsburg vs FC St. Pauli,13,6.6,,0,,,6,4.0,,1.0,1.0,,,0,0,1.0,1.0
48574,Cedric Zesiger,FC Augsburg,D,FSV Mainz 05 vs FC Augsburg,45,6.9,,0,,,46,39.0,,,,1.0,1.0,0,0,2.0,4.0
48574,Cedric Zesiger,FC Augsburg,D,FC Augsburg vs 1. FC Heidenheim,90,7.2,,0,1.0,,45,36.0,,1.0,1.0,,,0,0,1.0,4.0
48574,Cedric Zesiger,FC Augsburg,D,VfL Wolfsburg vs FC Augsburg,90,6.6,,0,,,44,36.0,,2.0,,1.0,1.0,0,0,3.0,7.0
48574,Cedric Zesiger,FC Augsburg,D,FC Augsburg vs 1. FC Köln,90,7.3,,0,,,53,44.0,,4.0,,2.0,,1,0,4.0,8.0
25355,Arne Maier,FC Augsburg,M,SC Freiburg vs FC Augsburg,15,6.6,,0,,,5,4.0,,1.0,1.0,,,0,0,1.0,1.0
26232,Mark Flekken,Bayer Leverkusen,G,Bayer Leverkusen vs 1899 Hoffenheim,90,6.7,,0,,,31,23.0,,,,,,0,0,,
26232,Mark Flekken,Bayer Leverkusen,G,Werder Bremen vs Bayer Leverkusen,90,5.5,,0,,,39,32.0,,,,,,0,0,,1.0
26232,Mark Flekken,Bayer Leverkusen,G,Bayer Leverkusen vs Eintracht Frankfurt,90,6.6,,0,,,36,20.0,,,,,,0,0,1.0,1.0
26232,Mark Flekken,Bayer Leverkusen,G,Bayer Leverkusen vs Borussia Mönchengladbach,90,7.2,,0,,,33,25.0,,,,,,0,0,,
26232,Mark Flekken,Bayer Leverkusen,G,FC St. Pauli vs Bayer Leverkusen,90,6,,0,,,38,25.0,,,,,,0,0,4.0,4.0
26232,Mark Flekken,Bayer Leverkusen,G,Bayer Leverkusen vs Union Berlin,90,6.9,,0,,,27,21.0,,,,,,0,0,1.0,1.0
26232,Mark Flekken,Bayer Leverkusen,G,FSV Mainz 05 vs Bayer Leverkusen,90,6.6,,0,,,44,31.0,,,,,,0,0,,
26232,Mark Flekken,Bayer Leverkusen,G,Bayer Leverkusen vs SC Freiburg,90,7.5,,0,,,19,17.0,,,,,,0,0,,
26232,Mark Flekken,Bayer Leverkusen,G,Bayern München vs Bayer Leverkusen,90,5.3,,0,,,48,35.0,,,,,,0,0,,
26232,Mark Flekken,Bayer Leverkusen,G,Bayer Leverkusen vs 1. FC Heidenheim,90,6.6,,0,,,18,18.0,,,,,,0,0,,
26232,Mark Flekken,Bayer Leverkusen,G,VfL Wolfsburg vs Bayer Leverkusen,90,9.9,,0,,,47,37.0,,,,,,0,0,,
26232,Mark Flekken,Bayer Leverkusen,G,Bayer Leverkusen vs Borussia Dortmund,90,6.5,,0,,,21,18.0,,,,,,0,0,,
26232,Mark Flekken,Bayer Leverkusen,G,FC Augsburg vs Bayer Leverkusen,90,6.9,,0,,,31,28.0,,,,,,0,0,,
26232,Mark Flekken,Bayer Leverkusen,G,Bayer Leverkusen vs 1. FC Köln,90,7.2,,0,,,29,21.0,,,,,,0,0,,
26232,Mark Flekken,Bayer Leverkusen,G,RB Leipzig vs Bayer Leverkusen,90,8.9,,0,,,38,25.0,,,,,,0,0,1.0,1.0
26232,Mark Flekken,Bayer Leverkusen,G,Bayer Leverkusen vs VfB Stuttgart,90,6.2,,0,,,29,26.0,,,,,1.0,1,0,1.0,1.0
26232,Mark Flekken,Bayer Leverkusen,G,1899 Hoffenheim vs Bayer Leverkusen,60,7.9,,0,,,32,23.0,,,,,2.0,0,0,2.0,2.0
158698,Jarell Quansah,Bayer Leverkusen,D,Bayer Leverkusen vs 1899 Hoffenheim,90,7.9,1.0,0,1.0,1.0,68,58.0,,2.0,2.0,,3.0,0,0,8.0,12.0
158698,Jarell Quansah,Bayer Leverkusen,D,Werder Bremen vs Bayer Leverkusen,90,6.3,,0,,,89,83.0,,,1.0,1.0,1.0,1,0,4.0,7.0
158698,Jarell Quansah,Bayer Leverkusen,D,Bayer Leverkusen vs Eintracht Frankfurt,90,6.6,,0,1.0,1.0,31,26.0,,1.0,1.0,,1.0,0,0,4.0,6.0
158698,Jarell Quansah,Bayer Leverkusen,D,Bayer Leverkusen vs Borussia Mönchengladbach,90,7,,0,,,73,66.0,,4.0,1.0,1.0,2.0,1,0,8.0,12.0
158698,Jarell Quansah,Bayer Leverkusen,D,FC St. Pauli vs Bayer Leverkusen,90,6.3,,0,1.0,1.0,53,45.0,,,,2.0,2.0,1,0,2.0,7.0
158698,Jarell Quansah,Bayer Leverkusen,D,Bayer Leverkusen vs Union Berlin,90,7.6,,0,,,98,91.0,,1.0,,,,0,0,6.0,9.0
158698,Jarell Quansah,Bayer Leverkusen,D,Bayer Leverkusen vs SC Freiburg,77,7.2,,0,,,59,54.0,,2.0,,,2.0,0,0,6.0,8.0
158698,Jarell Quansah,Bayer Leverkusen,D,Bayern München vs Bayer Leverkusen,90,6.2,,0,,,47,41.0,,,2.0,1.0,,0,0,1.0,3.0
158698,Jarell Quansah,Bayer Leverkusen,D,VfL Wolfsburg vs Bayer Leverkusen,45,6.5,,0,1.0,,24,20.0,,,,,1.0,0,0,2.0,2.0
158698,Jarell Quansah,Bayer Leverkusen,D,Bayer Leverkusen vs Borussia Dortmund,8,6.3,,0,,,0,,,,,1.0,,0,0,,1.0
158698,Jarell Quansah,Bayer Leverkusen,D,FC Augsburg vs Bayer Leverkusen,45,6.7,,0,,,40,38.0,,,,1.0,,1,0,,2.0
158698,Jarell Quansah,Bayer Leverkusen,D,Bayer Leverkusen vs 1. FC Köln,90,7.3,,0,,,70,66.0,,2.0,1.0,1.0,1.0,1,0,5.0,10.0
158698,Jarell Quansah,Bayer Leverkusen,D,Bayer Leverkusen vs VfB Stuttgart,90,6.3,,0,,,80,71.0,,,2.0,,,0,0,4.0,7.0
158698,Jarell Quansah,Bayer Leverkusen,D,1899 Hoffenheim vs Bayer Leverkusen,90,7.3,,0,,,75,61.0,,3.0,1.0,2.0,2.0,1,0,8.0,11.0
158698,Jarell Quansah,Bayer Leverkusen,D,Bayer Leverkusen vs Werder Bremen,90,7.2,,0,,,45,40.0,,,3.0,,,0,0,3.0,4.0
158698,Jarell Quansah,Bayer Leverkusen,D,Eintracht Frankfurt vs Bayer Leverkusen,90,6.9,,0,1.0,1.0,61,59.0,,,1.0,1.0,,0,0,2.0,3.0
158698,Jarell Quansah,Bayer Leverkusen,D,Borussia Mönchengladbach vs Bayer Leverkusen,90,6.5,,0,,,96,90.0,,,,1.0,,0,0,,2.0
158698,Jarell Quansah,Bayer Leverkusen,D,Bayer Leverkusen vs FC St. Pauli,90,8.3,1.0,0,1.0,1.0,78,71.0,,2.0,1.0,,1.0,0,0,4.0,4.0
41150,Edmond Tapsoba,Bayer Leverkusen,D,Bayer Leverkusen vs 1899 Hoffenheim,90,7.3,,0,,,101,93.0,,1.0,2.0,2.0,,0,0,3.0,5.0
41150,Edmond Tapsoba,Bayer Leverkusen,D,Werder Bremen vs Bayer Leverkusen,90,6.3,,0,1.0,,88,77.0,,1.0,1.0,,,0,0,2.0,3.0
41150,Edmond Tapsoba,Bayer Leverkusen,D,Bayer Leverkusen vs Eintracht Frankfurt,90,7.3,,0,,,45,37.0,,5.0,,,,0,0,7.0,8.0
41150,Edmond Tapsoba,Bayer Leverkusen,D,Bayer Leverkusen vs Borussia Mönchengladbach,90,6.6,,0,1.0,1.0,106,93.0,,,,1.0,,0,0,3.0,5.0
41150,Edmond Tapsoba,Bayer Leverkusen,D,FC St. Pauli vs Bayer Leverkusen,90,9,1.0,0,1.0,1.0,72,66.0,,3.0,,,,0,0,4.0,5.0
41150,Edmond Tapsoba,Bayer Leverkusen,D,Bayer Leverkusen vs Union Berlin,90,7.2,,0,1.0,,92,89.0,,,1.0,1.0,,0,0,1.0,3.0
41150,Edmond Tapsoba,Bayer Leverkusen,D,FSV Mainz 05 vs Bayer Leverkusen,90,6.3,,0,1.0,,60,52.0,,1.0,,1.0,,1,0,4.0,8.0
41150,Edmond Tapsoba,Bayer Leverkusen,D,Bayer Leverkusen vs SC Freiburg,90,8.5,1.0,0,1.0,1.0,113,108.0,,1.0,,,,0,0,4.0,7.0
41150,Edmond Tapsoba,Bayer Leverkusen,D,Bayern München vs Bayer Leverkusen,90,7.3,,0,1.0,,69,63.0,,3.0,2.0,,,0,0,5.0,5.0
41150,Edmond Tapsoba,Bayer Leverkusen,D,Bayer Leverkusen vs 1. FC Heidenheim,56,8.2,,2,,,89,86.0,,,,,,0,0,,
41150,Edmond Tapsoba,Bayer Leverkusen,D,VfL Wolfsburg vs Bayer Leverkusen,90,7.9,1.0,0,1.0,1.0,101,90.0,,,,1.0,,0,0,3.0,6.0
41150,Edmond Tapsoba,Bayer Leverkusen,D,Bayer Leverkusen vs Borussia Dortmund,90,5.9,,0,1.0,,88,83.0,,,2.0,2.0,,1,0,1.0,6.0
41150,Edmond Tapsoba,Bayer Leverkusen,D,FC Augsburg vs Bayer Leverkusen,90,7,,0,1.0,1.0,101,95.0,,,1.0,1.0,,1,0,7.0,10.0
41150,Edmond Tapsoba,Bayer Leverkusen,D,Bayer Leverkusen vs 1. FC Köln,90,6.9,,0,2.0,,74,66.0,,,,1.0,,0,0,1.0,4.0
41150,Edmond Tapsoba,Bayer Leverkusen,D,Eintracht Frankfurt vs Bayer Leverkusen,90,7.2,,0,1.0,,107,95.0,,1.0,2.0,2.0,,0,0,7.0,10.0
41150,Edmond Tapsoba,Bayer Leverkusen,D,Borussia Mönchengladbach vs Bayer Leverkusen,90,7,,0,1.0,,89,85.0,,1.0,1.0,,,0,0,2.0,2.0
41150,Edmond Tapsoba,Bayer Leverkusen,D,Bayer Leverkusen vs FC St. Pauli,90,8.9,1.0,0,1.0,1.0,125,118.0,,,2.0,1.0,,0,0,4.0,7.0
41150,Edmond Tapsoba,Bayer Leverkusen,D,Union Berlin vs Bayer Leverkusen,90,6.9,,0,1.0,,82,71.0,,1.0,1.0,2.0,1.0,0,0,9.0,19.0
127817,Piero Hincapié,Bayer Leverkusen,D,Bayer Leverkusen vs 1899 Hoffenheim,90,6.6,,0,2.0,1.0,90,77.0,,,2.0,2.0,,0,0,5.0,8.0
352375,Arthur,Bayer Leverkusen,M,Bayer Leverkusen vs 1899 Hoffenheim,45,6.9,,0,,,7,6.0,,2.0,,,1.0,0,0,3.0,5.0
352375,Arthur,Bayer Leverkusen,M,Bayer Leverkusen vs Union Berlin,45,7.2,,0,,,31,27.0,,2.0,,,2.0,0,0,8.0,10.0
352375,Arthur,Bayer Leverkusen,M,FSV Mainz 05 vs Bayer Leverkusen,90,5.7,,0,,,28,18.0,,,1.0,3.0,,0,0,6.0,10.0
352375,Arthur,Bayer Leverkusen,M,Bayer Leverkusen vs SC Freiburg,90,6.6,,0,1.0,,40,39.0,,,1.0,1.0,,0,0,1.0,8.0
352375,Arthur,Bayer Leverkusen,M,Bayern München vs Bayer Leverkusen,90,5.9,,0,1.0,,30,22.0,,4.0,,,,0,0,4.0,8.0
352375,Arthur,Bayer Leverkusen,M,Bayer Leverkusen vs 1. FC Heidenheim,45,7.2,,1,,,14,12.0,,2.0,,,,0,0,2.0,3.0
352375,Arthur,Bayer Leverkusen,M,Bayer Leverkusen vs 1. FC Köln,90,7,,1,,,25,21.0,,2.0,1.0,2.0,1.0,1,0,5.0,12.0
352375,Arthur,Bayer Leverkusen,M,RB Leipzig vs Bayer Leverkusen,83,6.9,,1,1.0,1.0,38,31.0,,,,2.0,1.0,1,0,6.0,14.0
352375,Arthur,Bayer Leverkusen,M,Bayer Leverkusen vs VfB Stuttgart,90,6,,0,1.0,,32,25.0,,,8.0,2.0,,0,0,2.0,12.0
352375,Arthur,Bayer Leverkusen,M,1899 Hoffenheim vs Bayer Leverkusen,45,6.3,,0,,,18,16.0,,,2.0,,1.0,0,0,3.0,8.0
352375,Arthur,Bayer Leverkusen,M,Bayer Leverkusen vs Werder Bremen,18,6.3,,0,,,4,1.0,,,2.0,,1.0,0,0,1.0,3.0
352375,Arthur,Bayer Leverkusen,M,Eintracht Frankfurt vs Bayer Leverkusen,90,7.6,1.0,0,1.0,1.0,35,30.0,,4.0,,2.0,1.0,0,0,8.0,13.0
352375,Arthur,Bayer Leverkusen,M,Borussia Mönchengladbach vs Bayer Leverkusen,90,6.3,,0,,,65,58.0,,1.0,,4.0,,0,0,3.0,11.0
352375,Arthur,Bayer Leverkusen,M,Bayer Leverkusen vs FC St. Pauli,31,6.7,,0,,,10,10.0,,,,1.0,,0,0,,2.0
352375,Arthur,Bayer Leverkusen,M,Union Berlin vs Bayer Leverkusen,61,6.9,,0,,,18,15.0,,1.0,1.0,,1.0,0,0,2.0,2.0
47516,Aleix García,Bayer Leverkusen,M,Bayer Leverkusen vs 1899 Hoffenheim,90,6.9,,0,1.0,,77,68.0,,,2.0,,,0,0,1.0,1.0
47516,Aleix García,Bayer Leverkusen,M,Werder Bremen vs Bayer Leverkusen,61,6.7,,0,1.0,,73,70.0,,,1.0,,,0,0,,1.0
47516,Aleix García,Bayer Leverkusen,M,Bayer Leverkusen vs Eintracht Frankfurt,75,6.7,,0,1.0,1.0,42,37.0,,2.0,,,,0,0,3.0,5.0
47516,Aleix García,Bayer Leverkusen,M,Bayer Leverkusen vs Borussia Mönchengladbach,90,7.5,,0,,,116,107.0,,1.0,1.0,,1.0,0,0,4.0,6.0
47516,Aleix García,Bayer Leverkusen,M,FC St. Pauli vs Bayer Leverkusen,90,7.2,,0,,,79,73.0,,,,,,0,0,,
47516,Aleix García,Bayer Leverkusen,M,Bayer Leverkusen vs Union Berlin,90,8.2,,0,2.0,,152,147.0,,,1.0,,1.0,0,0,1.0,2.0
47516,Aleix García,Bayer Leverkusen,M,FSV Mainz 05 vs Bayer Leverkusen,90,6.9,,0,1.0,1.0,89,75.0,,,,,1.0,0,0,1.0,2.0
47516,Aleix García,Bayer Leverkusen,M,Bayer Leverkusen vs SC Freiburg,90,7.7,,1,1.0,,117,111.0,,,1.0,1.0,,1,0,,2.0
47516,Aleix García,Bayer Leverkusen,M,Bayern München vs Bayer Leverkusen,45,6.5,,0,,,37,35.0,,,,,,0,0,,
47516,Aleix García,Bayer Leverkusen,M,Bayer Leverkusen vs 1. FC Heidenheim,75,8.9,,1,1.0,,164,160.0,,1.0,1.0,,,0,0,1.0,2.0
47516,Aleix García,Bayer Leverkusen,M,VfL Wolfsburg vs Bayer Leverkusen,90,7.9,,1,,,108,101.0,,2.0,1.0,,,0,0,3.0,3.0
47516,Aleix García,Bayer Leverkusen,M,Bayer Leverkusen vs Borussia Dortmund,90,7.2,,0,,,124,115.0,,1.0,,,,1,0,1.0,4.0
47516,Aleix García,Bayer Leverkusen,M,FC Augsburg vs Bayer Leverkusen,90,8.7,,0,,,121,113.0,,,2.0,,3.0,0,0,3.0,4.0
47516,Aleix García,Bayer Leverkusen,M,Bayer Leverkusen vs 1. FC Köln,77,8,,1,,,89,87.0,,,1.0,1.0,,0,0,,1.0
47516,Aleix García,Bayer Leverkusen,M,RB Leipzig vs Bayer Leverkusen,90,6.6,,0,,,88,82.0,,2.0,1.0,,1.0,0,0,3.0,9.0
47516,Aleix García,Bayer Leverkusen,M,Bayer Leverkusen vs VfB Stuttgart,90,6.3,,0,1.0,,80,71.0,,,,,,1,0,,
47516,Aleix García,Bayer Leverkusen,M,1899 Hoffenheim vs Bayer Leverkusen,90,7.2,,0,,,80,74.0,,2.0,1.0,,1.0,0,0,4.0,7.0
47516,Aleix García,Bayer Leverkusen,M,Bayer Leverkusen vs Werder Bremen,72,7.2,,0,,,81,76.0,,,1.0,,1.0,0,0,1.0,3.0
47516,Aleix García,Bayer Leverkusen,M,Eintracht Frankfurt vs Bayer Leverkusen,90,8.2,1.0,0,1.0,1.0,136,129.0,,2.0,,1.0,2.0,0,0,4.0,5.0
47516,Aleix García,Bayer Leverkusen,M,Borussia Mönchengladbach vs Bayer Leverkusen,88,7.5,,0,2.0,,117,114.0,,1.0,1.0,1.0,1.0,0,0,4.0,5.0
47516,Aleix García,Bayer Leverkusen,M,Bayer Leverkusen vs FC St. Pauli,90,7.7,,1,,,138,124.0,,,,1.0,2.0,0,0,3.0,6.0
47516,Aleix García,Bayer Leverkusen,M,Union Berlin vs Bayer Leverkusen,90,7,,0,1.0,,92,83.0,,1.0,,,,0,0,2.0,7.0
24903,Robert Andrich,Bayer Leverkusen,M,Bayer Leverkusen vs 1899 Hoffenheim,90,6.7,,0,,,49,43.0,,2.0,1.0,2.0,,0,0,3.0,6.0
24903,Robert Andrich,Bayer Leverkusen,M,Werder Bremen vs Bayer Leverkusen,90,7.2,,0,,,61,53.0,,2.0,2.0,1.0,3.0,0,0,6.0,9.0
24903,Robert Andrich,Bayer Leverkusen,M,Bayer Leverkusen vs Eintracht Frankfurt,59,5.7,,0,,,18,13.0,,1.0,,3.0,,2,1,2.0,6.0
24903,Robert Andrich,Bayer Leverkusen,M,FC St. Pauli vs Bayer Leverkusen,45,6.5,,0,,,21,19.0,,,1.0,1.0,1.0,0,0,2.0,4.0
24903,Robert Andrich,Bayer Leverkusen,M,Bayer Leverkusen vs Union Berlin,21,6.9,,0,,,19,18.0,,3.0,1.0,1.0,,0,0,3.0,5.0
24903,Robert Andrich,Bayer Leverkusen,M,FSV Mainz 05 vs Bayer Leverkusen,90,6.3,,0,,,62,53.0,,1.0,,,,0,0,5.0,6.0
24903,Robert Andrich,Bayer Leverkusen,M,Bayer Leverkusen vs SC Freiburg,23,6.5,,0,,,23,20.0,,1.0,,3.0,,0,0,1.0,5.0
24903,Robert Andrich,Bayer Leverkusen,M,Bayern München vs Bayer Leverkusen,90,6.7,,0,,,33,31.0,,2.0,2.0,,,0,0,2.0,5.0
24903,Robert Andrich,Bayer Leverkusen,M,Bayer Leverkusen vs 1. FC Heidenheim,90,7.3,,0,1.0,1.0,94,86.0,,2.0,,,,0,0,4.0,4.0
24903,Robert Andrich,Bayer Leverkusen,M,VfL Wolfsburg vs Bayer Leverkusen,90,6.3,,0,,,61,50.0,,3.0,,4.0,,1,0,4.0,8.0
24903,Robert Andrich,Bayer Leverkusen,M,Bayer Leverkusen vs Borussia Dortmund,88,6.9,,0,,,55,49.0,,3.0,,2.0,1.0,0,0,4.0,7.0
24903,Robert Andrich,Bayer Leverkusen,M,FC Augsburg vs Bayer Leverkusen,90,7.3,,0,,,106,100.0,,1.0,,,1.0,0,0,6.0,9.0
24903,Robert Andrich,Bayer Leverkusen,M,Bayer Leverkusen vs 1. FC Köln,90,8.3,1.0,0,2.0,1.0,73,68.0,,,1.0,,1.0,0,0,3.0,4.0
24903,Robert Andrich,Bayer Leverkusen,M,RB Leipzig vs Bayer Leverkusen,90,6.9,,0,,,83,78.0,,1.0,4.0,,,0,0,2.0,3.0
24903,Robert Andrich,Bayer Leverkusen,M,Bayer Leverkusen vs VfB Stuttgart,90,6,,0,,,74,69.0,,1.0,3.0,1.0,,0,0,1.0,4.0
24903,Robert Andrich,Bayer Leverkusen,M,1899 Hoffenheim vs Bayer Leverkusen,90,7,,0,,,60,46.0,,3.0,,1.0,1.0,0,0,6.0,8.0
24903,Robert Andrich,Bayer Leverkusen,M,Bayer Leverkusen vs Werder Bremen,90,7.2,,0,,,50,46.0,,3.0,2.0,2.0,2.0,0,0,5.0,8.0
24903,Robert Andrich,Bayer Leverkusen,M,Eintracht Frankfurt vs Bayer Leverkusen,90,7.5,,0,,,85,81.0,,1.0,1.0,,,0,0,4.0,5.0
24903,Robert Andrich,Bayer Leverkusen,M,Borussia Mönchengladbach vs Bayer Leverkusen,2,,,0,,,3,2.0,,,,,,0,0,1.0,1.0
24903,Robert Andrich,Bayer Leverkusen,M,Bayer Leverkusen vs FC St. Pauli,90,6.9,,0,,,103,93.0,,,1.0,1.0,,0,0,,1.0
24903,Robert Andrich,Bayer Leverkusen,M,Union Berlin vs Bayer Leverkusen,90,6.6,,0,,,73,68.0,,,1.0,2.0,1.0,1,0,2.0,9.0
563,Alejandro Grimaldo,Bayer Leverkusen,M,Bayer Leverkusen vs 1899 Hoffenheim,90,6.9,,1,,,58,50.0,,,,1.0,4.0,0,0,6.0,11.0
563,Alejandro Grimaldo,Bayer Leverkusen,M,Werder Bremen vs Bayer Leverkusen,90,5.9,,0,,,60,49.0,,2.0,,,,0,0,3.0,7.0
563,Alejandro Grimaldo,Bayer Leverkusen,M,Bayer Leverkusen vs Eintracht Frankfurt,90,9.6,2.0,0,2.0,2.0,21,15.0,,5.0,,,1.0,0,0,9.0,15.0
563,Alejandro Grimaldo,Bayer Leverkusen,M,Bayer Leverkusen vs Borussia Mönchengladbach,90,8.2,,0,1.0,,79,72.0,,4.0,1.0,,2.0,1,0,6.0,9.0
563,Alejandro Grimaldo,Bayer Leverkusen,M,FC St. Pauli vs Bayer Leverkusen,90,6.9,,1,1.0,1.0,42,37.0,,1.0,1.0,,1.0,0,0,6.0,8.0
563,Alejandro Grimaldo,Bayer Leverkusen,M,Bayer Leverkusen vs Union Berlin,45,6.6,,0,2.0,,40,38.0,,,,1.0,1.0,0,0,1.0,3.0
563,Alejandro Grimaldo,Bayer Leverkusen,M,FSV Mainz 05 vs Bayer Leverkusen,90,9,2.0,0,4.0,2.0,49,41.0,,3.0,4.0,,3.0,1,0,9.0,14.0
563,Alejandro Grimaldo,Bayer Leverkusen,M,Bayer Leverkusen vs SC Freiburg,90,7.7,,1,2.0,1.0,91,84.0,,1.0,,1.0,2.0,0,0,3.0,13.0
563,Alejandro Grimaldo,Bayer Leverkusen,M,Bayer Leverkusen vs 1. FC Heidenheim,90,8,,0,2.0,1.0,103,99.0,,,,,,0,0,1.0,2.0
563,Alejandro Grimaldo,Bayer Leverkusen,M,VfL Wolfsburg vs Bayer Leverkusen,75,6.3,,1,2.0,,63,58.0,,,,,2.0,0,0,2.0,7.0
563,Alejandro Grimaldo,Bayer Leverkusen,M,Bayer Leverkusen vs Borussia Dortmund,90,7.3,,0,,,79,66.0,,1.0,1.0,,2.0,0,0,6.0,9.0
563,Alejandro Grimaldo,Bayer Leverkusen,M,Bayer Leverkusen vs VfB Stuttgart,82,6.9,1.0,0,3.0,2.0,59,51.0,,2.0,,2.0,,1,0,2.0,5.0
563,Alejandro Grimaldo,Bayer Leverkusen,M,1899 Hoffenheim vs Bayer Leverkusen,90,6.3,,0,1.0,1.0,62,49.0,,1.0,1.0,,1.0,0,0,3.0,8.0
563,Alejandro Grimaldo,Bayer Leverkusen,M,Bayer Leverkusen vs Werder Bremen,90,6.5,,0,2.0,2.0,63,56.0,,1.0,,1.0,,0,0,2.0,7.0
563,Alejandro Grimaldo,Bayer Leverkusen,M,Eintracht Frankfurt vs Bayer Leverkusen,90,6.9,,1,,,83,70.0,,1.0,2.0,,1.0,1,0,4.0,9.0
563,Alejandro Grimaldo,Bayer Leverkusen,M,Borussia Mönchengladbach vs Bayer Leverkusen,90,6.6,,0,2.0,1.0,70,61.0,,3.0,1.0,1.0,1.0,0,0,4.0,12.0
563,Alejandro Grimaldo,Bayer Leverkusen,M,Bayer Leverkusen vs FC St. Pauli,72,6.7,,0,1.0,,75,67.0,,,,1.0,1.0,0,0,1.0,5.0
563,Alejandro Grimaldo,Bayer Leverkusen,M,Union Berlin vs Bayer Leverkusen,90,7,,0,2.0,,60,53.0,,3.0,,,1.0,0,0,6.0,12.0
380587,Ibrahim Maza,Bayer Leverkusen,F,Bayer Leverkusen vs 1899 Hoffenheim,84,6.3,,0,,,21,17.0,,,,1.0,2.0,0,0,3.0,8.0
380587,Ibrahim Maza,Bayer Leverkusen,F,Werder Bremen vs Bayer Leverkusen,10,6.7,,0,,,1,1.0,,,,,1.0,0,0,1.0,1.0
380587,Ibrahim Maza,Bayer Leverkusen,F,Bayer Leverkusen vs Borussia Mönchengladbach,84,6.3,,0,4.0,4.0,25,23.0,,1.0,1.0,2.0,1.0,0,0,6.0,15.0
380587,Ibrahim Maza,Bayer Leverkusen,F,Bayer Leverkusen vs Union Berlin,45,7,,0,2.0,,25,21.0,,2.0,,1.0,1.0,0,0,6.0,9.0
380587,Ibrahim Maza,Bayer Leverkusen,F,FSV Mainz 05 vs Bayer Leverkusen,24,6.5,,0,,,9,6.0,,,,,,0,0,1.0,5.0
380587,Ibrahim Maza,Bayer Leverkusen,F,Bayer Leverkusen vs SC Freiburg,23,6.9,,0,2.0,,21,19.0,,,,,2.0,0,0,2.0,3.0
380587,Ibrahim Maza,Bayer Leverkusen,F,Bayern München vs Bayer Leverkusen,45,7.3,,0,,,31,29.0,,2.0,1.0,1.0,2.0,1,0,7.0,12.0
380587,Ibrahim Maza,Bayer Leverkusen,F,Bayer Leverkusen vs 1. FC Heidenheim,90,10,2.0,0,3.0,2.0,94,88.0,,2.0,1.0,,2.0,0,0,8.0,9.0
380587,Ibrahim Maza,Bayer Leverkusen,F,VfL Wolfsburg vs Bayer Leverkusen,45,6.3,,0,,,28,27.0,,1.0,2.0,,1.0,0,0,2.0,4.0
380587,Ibrahim Maza,Bayer Leverkusen,F,Bayer Leverkusen vs Borussia Dortmund,90,7,,1,1.0,,53,46.0,,,2.0,,,0,0,2.0,5.0
380587,Ibrahim Maza,Bayer Leverkusen,F,FC Augsburg vs Bayer Leverkusen,61,6.9,,0,,,36,34.0,,3.0,1.0,1.0,1.0,0,0,4.0,6.0
380587,Ibrahim Maza,Bayer Leverkusen,F,Bayer Leverkusen vs 1. FC Köln,90,7.3,,0,1.0,1.0,59,49.0,,2.0,3.0,1.0,1.0,0,0,7.0,12.0
380587,Ibrahim Maza,Bayer Leverkusen,F,1899 Hoffenheim vs Bayer Leverkusen,45,6.9,,0,,,23,18.0,,2.0,1.0,,4.0,0,0,6.0,9.0
380587,Ibrahim Maza,Bayer Leverkusen,F,Bayer Leverkusen vs Werder Bremen,72,7.3,,1,2.0,,52,50.0,,3.0,,,,0,0,3.0,4.0
380587,Ibrahim Maza,Bayer Leverkusen,F,Bayer Leverkusen vs FC St. Pauli,45,6.5,,0,,,24,18.0,,1.0,1.0,,,0,0,3.0,6.0
380587,Ibrahim Maza,Bayer Leverkusen,F,Union Berlin vs Bayer Leverkusen,90,7.2,,0,2.0,,36,30.0,,2.0,1.0,1.0,5.0,0,0,9.0,15.0
231029,Nathan Tella,Bayer Leverkusen,F,Bayer Leverkusen vs 1899 Hoffenheim,84,6.6,,0,1.0,,23,20.0,,,,1.0,2.0,0,0,4.0,7.0
231029,Nathan Tella,Bayer Leverkusen,F,Werder Bremen vs Bayer Leverkusen,87,6.5,,1,,,13,10.0,,,,1.0,3.0,1,0,3.0,12.0
231029,Nathan Tella,Bayer Leverkusen,F,Bayer Leverkusen vs Eintracht Frankfurt,83,7.7,,0,2.0,1.0,17,14.0,,3.0,1.0,3.0,3.0,0,0,10.0,20.0
231029,Nathan Tella,Bayer Leverkusen,F,VfL Wolfsburg vs Bayer Leverkusen,10,6.3,,0,,,2,2.0,,,,,,0,0,,
231029,Nathan Tella,Bayer Leverkusen,F,Bayer Leverkusen vs Borussia Dortmund,8,6.6,,0,,,0,,,,,,,0,0,1.0,1.0
231029,Nathan Tella,Bayer Leverkusen,F,FC Augsburg vs Bayer Leverkusen,29,6.5,,0,,,10,9.0,,,,1.0,,1,0,1.0,2.0
231029,Nathan Tella,Bayer Leverkusen,F,Bayer Leverkusen vs 1. FC Köln,28,6.3,,0,,,6,3.0,,,,2.0,,0,0,,3.0
231029,Nathan Tella,Bayer Leverkusen,F,RB Leipzig vs Bayer Leverkusen,77,6.9,,1,1.0,1.0,24,21.0,,1.0,1.0,1.0,1.0,0,0,3.0,7.0
231029,Nathan Tella,Bayer Leverkusen,F,Bayer Leverkusen vs VfB Stuttgart,45,7,,0,,,13,9.0,,2.0,,,1.0,0,0,5.0,9.0
231029,Nathan Tella,Bayer Leverkusen,F,1899 Hoffenheim vs Bayer Leverkusen,7,,,0,,,2,2.0,,,,,,0,0,,
794,Patrik Schick,Bayer Leverkusen,F,Bayer Leverkusen vs 1899 Hoffenheim,90,7.2,,0,,,13,10.0,,,,,2.0,0,0,8.0,10.0
794,Patrik Schick,Bayer Leverkusen,F,Werder Bremen vs Bayer Leverkusen,90,8.6,2.0,0,2.0,2.0,15,14.0,,2.0,1.0,,,0,0,4.0,5.0
794,Patrik Schick,Bayer Leverkusen,F,Bayer Leverkusen vs Eintracht Frankfurt,82,7.3,1.0,0,2.0,1.0,20,11.0,,,,1.0,,0,0,8.0,10.0
794,Patrik Schick,Bayer Leverkusen,F,Bayer Leverkusen vs Borussia Mönchengladbach,76,6,,1,3.0,2.0,8,8.0,,,,1.0,,0,0,3.0,10.0
794,Patrik Schick,Bayer Leverkusen,F,FC St. Pauli vs Bayer Leverkusen,89,6.3,,0,,,12,8.0,,,,3.0,,0,0,1.0,6.0
794,Patrik Schick,Bayer Leverkusen,F,Bayer Leverkusen vs SC Freiburg,13,6,,0,,,16,15.0,,,,1.0,,0,0,,1.0
794,Patrik Schick,Bayer Leverkusen,F,Bayern München vs Bayer Leverkusen,56,6.7,,0,1.0,,18,17.0,,,,1.0,3.0,0,0,5.0,10.0
794,Patrik Schick,Bayer Leverkusen,F,Bayer Leverkusen vs 1. FC Heidenheim,56,8,2.0,0,2.0,2.0,12,11.0,,,,,,0,0,,1.0
794,Patrik Schick,Bayer Leverkusen,F,VfL Wolfsburg vs Bayer Leverkusen,75,7.2,,1,,,21,18.0,,1.0,,,,0,0,3.0,5.0
794,Patrik Schick,Bayer Leverkusen,F,Bayer Leverkusen vs Borussia Dortmund,63,6.7,,0,1.0,1.0,9,8.0,,,,,1.0,0,0,2.0,4.0
794,Patrik Schick,Bayer Leverkusen,F,FC Augsburg vs Bayer Leverkusen,90,5.9,,0,4.0,,17,15.0,,,,,1.0,0,0,4.0,7.0
794,Patrik Schick,Bayer Leverkusen,F,RB Leipzig vs Bayer Leverkusen,77,7.2,1.0,0,3.0,2.0,16,12.0,,,,,,0,0,2.0,6.0
794,Patrik Schick,Bayer Leverkusen,F,1899 Hoffenheim vs Bayer Leverkusen,90,6.3,,0,2.0,1.0,19,10.0,,,,2.0,1.0,0,0,7.0,17.0
794,Patrik Schick,Bayer Leverkusen,F,Bayer Leverkusen vs Werder Bremen,90,7.3,,0,2.0,,29,23.0,,,,1.0,1.0,0,0,4.0,5.0
794,Patrik Schick,Bayer Leverkusen,F,Eintracht Frankfurt vs Bayer Leverkusen,18,6.5,,0,,,5,5.0,,,,,1.0,0,0,1.0,1.0
794,Patrik Schick,Bayer Leverkusen,F,Borussia Mönchengladbach vs Bayer Leverkusen,80,6.3,,0,2.0,,9,7.0,,,,,,1,0,3.0,5.0
794,Patrik Schick,Bayer Leverkusen,F,Bayer Leverkusen vs FC St. Pauli,59,7.3,1.0,0,3.0,2.0,18,13.0,,1.0,,1.0,,0,0,2.0,4.0
794,Patrik Schick,Bayer Leverkusen,F,Union Berlin vs Bayer Leverkusen,30,6.2,,0,2.0,,6,3.0,,,,,1.0,0,0,3.0,4.0
312840,Ernest Poku,Bayer Leverkusen,F,Bayer Leverkusen vs 1899 Hoffenheim,45,6.9,,0,,,18,15.0,,,,,2.0,0,0,2.0,5.0
312840,Ernest Poku,Bayer Leverkusen,F,Werder Bremen vs Bayer Leverkusen,18,6.2,,0,,,8,4.0,,1.0,,,,0,0,3.0,6.0
312840,Ernest Poku,Bayer Leverkusen,F,Bayer Leverkusen vs Borussia Mönchengladbach,27,6.6,,0,,,6,4.0,,,,,,0,0,,1.0
312840,Ernest Poku,Bayer Leverkusen,F,FC St. Pauli vs Bayer Leverkusen,34,7.2,1.0,0,1.0,1.0,4,4.0,,,,2.0,,0,0,,5.0
312840,Ernest Poku,Bayer Leverkusen,F,Bayer Leverkusen vs Union Berlin,89,7.6,1.0,0,2.0,1.0,36,31.0,,,2.0,,1.0,0,0,2.0,5.0
312840,Ernest Poku,Bayer Leverkusen,F,FSV Mainz 05 vs Bayer Leverkusen,79,6.6,,1,,,27,21.0,,,,1.0,1.0,0,0,2.0,8.0
312840,Ernest Poku,Bayer Leverkusen,F,Bayer Leverkusen vs SC Freiburg,85,7.3,1.0,0,2.0,2.0,34,32.0,,,,,1.0,0,0,1.0,4.0
312840,Ernest Poku,Bayer Leverkusen,F,Bayern München vs Bayer Leverkusen,56,6.5,,0,,,13,12.0,,,1.0,,2.0,0,0,4.0,8.0
312840,Ernest Poku,Bayer Leverkusen,F,Bayer Leverkusen vs 1. FC Heidenheim,45,8.2,1.0,1,1.0,1.0,16,15.0,,1.0,,,2.0,0,0,4.0,6.0
312840,Ernest Poku,Bayer Leverkusen,F,VfL Wolfsburg vs Bayer Leverkusen,86,6.2,,0,1.0,,25,24.0,,,,,1.0,0,0,2.0,6.0
312840,Ernest Poku,Bayer Leverkusen,F,Bayer Leverkusen vs Borussia Dortmund,88,6.3,,0,2.0,1.0,30,24.0,,1.0,,,,0,0,3.0,10.0
312840,Ernest Poku,Bayer Leverkusen,F,FC Augsburg vs Bayer Leverkusen,90,6.9,,0,3.0,1.0,39,32.0,,3.0,1.0,,,0,0,6.0,12.0
312840,Ernest Poku,Bayer Leverkusen,F,Bayer Leverkusen vs 1. FC Köln,62,6.7,,0,,,33,30.0,,,,,1.0,0,0,2.0,8.0
312840,Ernest Poku,Bayer Leverkusen,F,Bayer Leverkusen vs VfB Stuttgart,45,6.6,,0,1.0,,11,8.0,,,1.0,,1.0,0,0,1.0,3.0
312840,Ernest Poku,Bayer Leverkusen,F,1899 Hoffenheim vs Bayer Leverkusen,74,6.2,,0,1.0,,24,18.0,,,1.0,,,0,0,1.0,8.0
312840,Ernest Poku,Bayer Leverkusen,F,Bayer Leverkusen vs Werder Bremen,57,5.9,,0,1.0,,22,19.0,,,,,,0,0,1.0,5.0
312840,Ernest Poku,Bayer Leverkusen,F,Eintracht Frankfurt vs Bayer Leverkusen,8,7,,1,,,3,3.0,,1.0,,,,0,0,1.0,1.0
312840,Ernest Poku,Bayer Leverkusen,F,Borussia Mönchengladbach vs Bayer Leverkusen,45,6.5,,0,,,29,26.0,,1.0,,,,0,0,1.0,3.0
312840,Ernest Poku,Bayer Leverkusen,F,Bayer Leverkusen vs FC St. Pauli,90,9.2,1.0,1,1.0,1.0,38,29.0,,3.0,,,3.0,0,0,7.0,14.0
312840,Ernest Poku,Bayer Leverkusen,F,Union Berlin vs Bayer Leverkusen,29,6.3,,0,,,15,11.0,,,,,1.0,0,0,1.0,2.0
414385,Claudio Echeverri,Bayer Leverkusen,M,Bayer Leverkusen vs 1899 Hoffenheim,12,6.7,,0,,,5,5.0,,,,,,0,0,1.0,3.0
414385,Claudio Echeverri,Bayer Leverkusen,M,Werder Bremen vs Bayer Leverkusen,29,6.2,,0,,,14,13.0,,,,,,0,0,,3.0
414385,Claudio Echeverri,Bayer Leverkusen,M,Bayer Leverkusen vs Borussia Mönchengladbach,14,6.9,,0,,,11,9.0,,1.0,,,2.0,0,0,3.0,4.0
414385,Claudio Echeverri,Bayer Leverkusen,M,Bayern München vs Bayer Leverkusen,56,6.3,,0,,,26,24.0,,,1.0,,,0,0,,3.0
414385,Claudio Echeverri,Bayer Leverkusen,M,Bayer Leverkusen vs Borussia Dortmund,16,6.9,,0,,,11,11.0,,,,,,0,0,,
414385,Claudio Echeverri,Bayer Leverkusen,M,FC Augsburg vs Bayer Leverkusen,9,6.6,,0,,,6,6.0,,,,,,0,0,,
505295,Christian Kofane,Bayer Leverkusen,F,Bayer Leverkusen vs 1899 Hoffenheim,12,6.2,,0,,,4,4.0,,,,,,0,0,,1.0
505295,Christian Kofane,Bayer Leverkusen,F,Werder Bremen vs Bayer Leverkusen,72,7,,0,2.0,1.0,7,6.0,,1.0,,3.0,1.0,1,0,4.0,9.0
505295,Christian Kofane,Bayer Leverkusen,F,Bayer Leverkusen vs Eintracht Frankfurt,17,6.5,,0,,,2,2.0,,,,,,0,0,,1.0
505295,Christian Kofane,Bayer Leverkusen,F,Bayer Leverkusen vs Borussia Mönchengladbach,14,6.3,,0,,,2,2.0,,,,,,0,0,,
505295,Christian Kofane,Bayer Leverkusen,F,FC St. Pauli vs Bayer Leverkusen,11,6.3,,0,,,1,1.0,,,,1.0,,1,0,,2.0
505295,Christian Kofane,Bayer Leverkusen,F,Bayer Leverkusen vs Union Berlin,81,7.9,1.0,0,2.0,1.0,10,8.0,,,1.0,2.0,,1,0,3.0,9.0
505295,Christian Kofane,Bayer Leverkusen,F,FSV Mainz 05 vs Bayer Leverkusen,79,7.3,1.0,0,5.0,3.0,12,10.0,,1.0,,3.0,2.0,0,0,4.0,10.0
505295,Christian Kofane,Bayer Leverkusen,F,Bayer Leverkusen vs SC Freiburg,77,7.2,,0,2.0,,12,11.0,,1.0,,2.0,,0,0,7.0,10.0
505295,Christian Kofane,Bayer Leverkusen,F,Bayern München vs Bayer Leverkusen,34,6.7,,0,2.0,1.0,2,2.0,,,,,1.0,0,0,2.0,3.0
505295,Christian Kofane,Bayer Leverkusen,F,VfL Wolfsburg vs Bayer Leverkusen,15,6.7,,0,,,4,3.0,,,,1.0,1.0,0,0,3.0,6.0
505295,Christian Kofane,Bayer Leverkusen,F,Bayer Leverkusen vs Borussia Dortmund,27,7.7,1.0,0,1.0,1.0,5,4.0,,,,,2.0,0,0,2.0,4.0
505295,Christian Kofane,Bayer Leverkusen,F,FC Augsburg vs Bayer Leverkusen,45,6.5,,0,,,8,7.0,,2.0,1.0,2.0,,0,0,3.0,5.0
505295,Christian Kofane,Bayer Leverkusen,F,Bayer Leverkusen vs 1. FC Köln,77,6.5,,0,3.0,2.0,11,8.0,,,,,,0,0,1.0,3.0
505295,Christian Kofane,Bayer Leverkusen,F,RB Leipzig vs Bayer Leverkusen,13,6.3,,0,3.0,2.0,4,4.0,,,,1.0,,0,0,,2.0
505295,Christian Kofane,Bayer Leverkusen,F,1899 Hoffenheim vs Bayer Leverkusen,45,6.7,,0,,,12,9.0,,,,2.0,2.0,0,0,4.0,8.0
505295,Christian Kofane,Bayer Leverkusen,F,Eintracht Frankfurt vs Bayer Leverkusen,72,6.7,,1,,,11,10.0,,,,1.0,1.0,0,0,3.0,8.0
505295,Christian Kofane,Bayer Leverkusen,F,Borussia Mönchengladbach vs Bayer Leverkusen,10,6.2,,0,,,2,1.0,,,,1.0,,0,0,1.0,4.0
505295,Christian Kofane,Bayer Leverkusen,F,Bayer Leverkusen vs FC St. Pauli,31,6.7,,0,3.0,2.0,4,3.0,,1.0,,,1.0,0,0,2.0,3.0
505295,Christian Kofane,Bayer Leverkusen,F,Union Berlin vs Bayer Leverkusen,60,6.5,,0,,,11,10.0,,,,1.0,,0,0,1.0,3.0
702,Oliver Baumann,1899 Hoffenheim,G,Bayer Leverkusen vs 1899 Hoffenheim,90,7.3,,0,,,31,22.0,,,,,,0,0,,
702,Oliver Baumann,1899 Hoffenheim,G,1899 Hoffenheim vs Eintracht Frankfurt,90,6.9,,0,,,28,22.0,,,,,,0,0,,
702,Oliver Baumann,1899 Hoffenheim,G,Union Berlin vs 1899 Hoffenheim,90,7.3,,0,,,31,18.0,,,,,1.0,0,0,3.0,4.0
702,Oliver Baumann,1899 Hoffenheim,G,1899 Hoffenheim vs Bayern München,90,6.9,,0,,,29,20.0,,,,,,0,0,,
702,Oliver Baumann,1899 Hoffenheim,G,SC Freiburg vs 1899 Hoffenheim,90,6.5,,0,,,30,25.0,,,,,,0,0,1.0,1.0
702,Oliver Baumann,1899 Hoffenheim,G,1899 Hoffenheim vs 1. FC Köln,90,6.7,,0,,,33,23.0,,,,,,0,0,,
702,Oliver Baumann,1899 Hoffenheim,G,FC St. Pauli vs 1899 Hoffenheim,90,7.3,,0,,,38,29.0,,,,,,0,0,,
702,Oliver Baumann,1899 Hoffenheim,G,1899 Hoffenheim vs 1. FC Heidenheim,90,6.9,,0,,,53,42.0,,,,,,0,0,1.0,1.0
702,Oliver Baumann,1899 Hoffenheim,G,VfL Wolfsburg vs 1899 Hoffenheim,90,7.2,,0,,,52,39.0,,,,,1.0,0,0,1.0,2.0
702,Oliver Baumann,1899 Hoffenheim,G,1899 Hoffenheim vs RB Leipzig,90,7.3,,0,,,42,25.0,,,,,,0,0,1.0,1.0
702,Oliver Baumann,1899 Hoffenheim,G,FSV Mainz 05 vs 1899 Hoffenheim,90,6.3,,0,,,33,17.0,,,,,,0,0,1.0,1.0
702,Oliver Baumann,1899 Hoffenheim,G,1899 Hoffenheim vs FC Augsburg,90,7.3,,0,,,37,30.0,,,,,,0,0,,
702,Oliver Baumann,1899 Hoffenheim,G,Borussia Dortmund vs 1899 Hoffenheim,90,6.7,,0,,,37,30.0,,,,,,0,0,1.0,1.0
702,Oliver Baumann,1899 Hoffenheim,G,1899 Hoffenheim vs Hamburger SV,90,5.7,,0,,,37,26.0,,,,,,0,0,,
702,Oliver Baumann,1899 Hoffenheim,G,VfB Stuttgart vs 1899 Hoffenheim,90,7.5,,0,,,56,35.0,,,,,,0,0,,
702,Oliver Baumann,1899 Hoffenheim,G,1899 Hoffenheim vs Borussia Mönchengladbach,90,7.3,,0,,,30,25.0,,,,,,0,0,,
702,Oliver Baumann,1899 Hoffenheim,G,1899 Hoffenheim vs Bayer Leverkusen,90,7.5,,0,,,34,22.0,,,,,,0,0,,
702,Oliver Baumann,1899 Hoffenheim,G,Eintracht Frankfurt vs 1899 Hoffenheim,90,7,,0,,,44,32.0,,,,,,0,0,,
702,Oliver Baumann,1899 Hoffenheim,G,Werder Bremen vs 1899 Hoffenheim,90,6.9,,0,,,28,11.0,,,,,,1,0,,
702,Oliver Baumann,1899 Hoffenheim,G,1899 Hoffenheim vs Union Berlin,90,6.9,,0,,,43,30.0,,,,,,0,0,,
702,Oliver Baumann,1899 Hoffenheim,G,Bayern München vs 1899 Hoffenheim,90,7.2,,0,,,63,42.0,,,,,2.0,0,0,2.0,2.0
702,Oliver Baumann,1899 Hoffenheim,G,1899 Hoffenheim vs SC Freiburg,90,7.7,,0,,,34,27.0,,,,,,0,0,1.0,1.0
702,Oliver Baumann,1899 Hoffenheim,G,1. FC Köln vs 1899 Hoffenheim,90,6.5,,0,,,30,25.0,,,,,1.0,0,0,1.0,1.0
1231,Vladimír Coufal,1899 Hoffenheim,D,Bayer Leverkusen vs 1899 Hoffenheim,88,6.7,,0,1.0,1.0,28,26.0,,2.0,2.0,2.0,,0,0,2.0,4.0
1231,Vladimír Coufal,1899 Hoffenheim,D,1899 Hoffenheim vs Eintracht Frankfurt,90,6.3,,0,,,33,28.0,,1.0,1.0,1.0,1.0,0,0,5.0,6.0
1231,Vladimír Coufal,1899 Hoffenheim,D,Union Berlin vs 1899 Hoffenheim,90,7.2,,0,,,45,40.0,,4.0,,,,0,0,6.0,11.0
1231,Vladimír Coufal,1899 Hoffenheim,D,1899 Hoffenheim vs Bayern München,82,7.5,1.0,0,2.0,1.0,20,18.0,,1.0,,1.0,1.0,1,0,3.0,5.0
1231,Vladimír Coufal,1899 Hoffenheim,D,SC Freiburg vs 1899 Hoffenheim,90,8.2,,1,1.0,,38,29.0,,,,1.0,1.0,0,0,5.0,10.0
1231,Vladimír Coufal,1899 Hoffenheim,D,1899 Hoffenheim vs 1. FC Köln,90,6.9,,0,,,35,26.0,,1.0,,,2.0,0,0,3.0,3.0
1231,Vladimír Coufal,1899 Hoffenheim,D,FC St. Pauli vs 1899 Hoffenheim,90,7.5,,1,,,33,24.0,,2.0,1.0,1.0,1.0,0,0,4.0,8.0
1231,Vladimír Coufal,1899 Hoffenheim,D,1899 Hoffenheim vs 1. FC Heidenheim,90,7.2,,0,,,49,39.0,,,1.0,1.0,1.0,0,0,5.0,8.0
1231,Vladimír Coufal,1899 Hoffenheim,D,VfL Wolfsburg vs 1899 Hoffenheim,90,7.2,,1,,,41,33.0,,2.0,,2.0,1.0,0,0,4.0,6.0
1231,Vladimír Coufal,1899 Hoffenheim,D,1899 Hoffenheim vs RB Leipzig,90,7.3,,1,1.0,,45,36.0,,4.0,2.0,1.0,,0,0,4.0,11.0
1231,Vladimír Coufal,1899 Hoffenheim,D,FSV Mainz 05 vs 1899 Hoffenheim,90,7.6,,0,2.0,1.0,41,28.0,,5.0,1.0,,3.0,0,0,12.0,14.0
1231,Vladimír Coufal,1899 Hoffenheim,D,1899 Hoffenheim vs FC Augsburg,90,7.2,,0,,,61,49.0,,1.0,2.0,1.0,1.0,0,0,2.0,6.0
1231,Vladimír Coufal,1899 Hoffenheim,D,Borussia Dortmund vs 1899 Hoffenheim,90,7.3,,0,,,46,36.0,,,1.0,1.0,,0,0,2.0,8.0
1231,Vladimír Coufal,1899 Hoffenheim,D,1899 Hoffenheim vs Hamburger SV,88,6.5,,0,,,44,35.0,,1.0,2.0,2.0,2.0,0,0,6.0,11.0
1231,Vladimír Coufal,1899 Hoffenheim,D,VfB Stuttgart vs 1899 Hoffenheim,90,7,,0,,,32,18.0,,2.0,,,1.0,0,0,6.0,7.0
1231,Vladimír Coufal,1899 Hoffenheim,D,1899 Hoffenheim vs Borussia Mönchengladbach,90,7.5,,0,2.0,,54,45.0,,,1.0,,2.0,0,0,7.0,7.0
1231,Vladimír Coufal,1899 Hoffenheim,D,1899 Hoffenheim vs Bayer Leverkusen,90,6.9,,0,2.0,1.0,26,18.0,,2.0,2.0,1.0,1.0,0,0,6.0,13.0
1231,Vladimír Coufal,1899 Hoffenheim,D,Eintracht Frankfurt vs 1899 Hoffenheim,90,6.9,,0,,,32,28.0,,1.0,4.0,3.0,,1,0,3.0,11.0
1231,Vladimír Coufal,1899 Hoffenheim,D,Werder Bremen vs 1899 Hoffenheim,90,7.2,,0,1.0,,44,30.0,,4.0,1.0,1.0,,0,0,7.0,12.0
1231,Vladimír Coufal,1899 Hoffenheim,D,1899 Hoffenheim vs Union Berlin,90,6.9,,0,,,41,28.0,,1.0,,,5.0,0,0,6.0,9.0
1231,Vladimír Coufal,1899 Hoffenheim,D,Bayern München vs 1899 Hoffenheim,90,5.3,,0,,,29,21.0,,2.0,1.0,1.0,1.0,0,0,3.0,8.0
1231,Vladimír Coufal,1899 Hoffenheim,D,1899 Hoffenheim vs SC Freiburg,89,9.2,,2,,,52,47.0,,1.0,2.0,,2.0,0,0,5.0,7.0
1231,Vladimír Coufal,1899 Hoffenheim,D,1. FC Köln vs 1899 Hoffenheim,90,7.6,,0,,,37,24.0,,1.0,1.0,,1.0,1,0,6.0,7.0
162964,Robin Hranáč,1899 Hoffenheim,D,Bayer Leverkusen vs 1899 Hoffenheim,75,6.5,,0,,,30,25.0,,1.0,,2.0,,0,0,2.0,7.0
162964,Robin Hranáč,1899 Hoffenheim,D,1899 Hoffenheim vs Eintracht Frankfurt,72,6.6,,0,,,39,35.0,,1.0,,,,0,0,2.0,2.0
162964,Robin Hranáč,1899 Hoffenheim,D,Union Berlin vs 1899 Hoffenheim,90,6.7,,0,,,45,39.0,,,1.0,,,0,0,3.0,4.0
162964,Robin Hranáč,1899 Hoffenheim,D,1899 Hoffenheim vs Bayern München,90,6,,0,,,35,31.0,,1.0,,,,0,0,2.0,2.0
162964,Robin Hranáč,1899 Hoffenheim,D,SC Freiburg vs 1899 Hoffenheim,90,6.6,,0,,,52,45.0,,1.0,,,,0,0,4.0,8.0
162964,Robin Hranáč,1899 Hoffenheim,D,1899 Hoffenheim vs 1. FC Köln,90,6.3,,0,1.0,,64,54.0,,5.0,2.0,2.0,1.0,0,0,8.0,16.0
162964,Robin Hranáč,1899 Hoffenheim,D,FC St. Pauli vs 1899 Hoffenheim,90,7.2,,0,,,46,42.0,,2.0,,2.0,,1,0,2.0,5.0
162964,Robin Hranáč,1899 Hoffenheim,D,1899 Hoffenheim vs 1. FC Heidenheim,90,6.5,,0,,,47,43.0,,1.0,1.0,,,0,0,3.0,5.0
162964,Robin Hranáč,1899 Hoffenheim,D,VfL Wolfsburg vs 1899 Hoffenheim,90,6.7,,0,,,61,51.0,,1.0,,2.0,,0,0,6.0,9.0
162964,Robin Hranáč,1899 Hoffenheim,D,1899 Hoffenheim vs RB Leipzig,90,6.6,,0,,,40,39.0,,,1.0,1.0,,0,0,3.0,5.0
162964,Robin Hranáč,1899 Hoffenheim,D,FSV Mainz 05 vs 1899 Hoffenheim,90,6.9,,0,,,44,38.0,,,2.0,3.0,1.0,1,0,3.0,7.0
162964,Robin Hranáč,1899 Hoffenheim,D,1899 Hoffenheim vs FC Augsburg,90,7.7,,0,,,66,62.0,,,2.0,1.0,3.0,0,0,8.0,13.0
162964,Robin Hranáč,1899 Hoffenheim,D,Borussia Dortmund vs 1899 Hoffenheim,90,6,,0,2.0,1.0,53,48.0,,,,,,0,0,5.0,10.0
162964,Robin Hranáč,1899 Hoffenheim,D,1899 Hoffenheim vs Hamburger SV,90,7.2,,0,,,65,59.0,,2.0,,,1.0,0,0,6.0,7.0
162964,Robin Hranáč,1899 Hoffenheim,D,VfB Stuttgart vs 1899 Hoffenheim,90,6.9,,0,,,41,30.0,,,,1.0,1.0,1,0,2.0,3.0
162964,Robin Hranáč,1899 Hoffenheim,D,1899 Hoffenheim vs Borussia Mönchengladbach,90,6.6,,0,,,66,60.0,,1.0,,2.0,1.0,0,0,4.0,7.0
162964,Robin Hranáč,1899 Hoffenheim,D,1899 Hoffenheim vs Bayer Leverkusen,90,7,,0,,,27,21.0,,1.0,2.0,2.0,,1,0,7.0,11.0
162964,Robin Hranáč,1899 Hoffenheim,D,Werder Bremen vs 1899 Hoffenheim,90,7.3,,0,,,27,23.0,,1.0,,,,0,0,2.0,7.0
162964,Robin Hranáč,1899 Hoffenheim,D,1899 Hoffenheim vs Union Berlin,90,6.9,,0,,,57,44.0,,2.0,1.0,1.0,,0,0,11.0,21.0
162964,Robin Hranáč,1899 Hoffenheim,D,1899 Hoffenheim vs SC Freiburg,90,7.2,,0,1.0,,59,54.0,,1.0,,1.0,,0,0,4.0,7.0
162964,Robin Hranáč,1899 Hoffenheim,D,1. FC Köln vs 1899 Hoffenheim,90,6.7,,0,,,48,39.0,,,1.0,1.0,,0,0,7.0,10.0
33067,Koki Machida,1899 Hoffenheim,D,Bayer Leverkusen vs 1899 Hoffenheim,44,6.2,,0,,,36,32.0,,1.0,1.0,2.0,,1,0,2.0,6.0
18964,Bernardo,1899 Hoffenheim,D,Bayer Leverkusen vs 1899 Hoffenheim,90,7.2,,0,,,49,37.0,,5.0,2.0,1.0,,0,0,8.0,10.0
18964,Bernardo,1899 Hoffenheim,D,1899 Hoffenheim vs Eintracht Frankfurt,86,6,,0,,,55,46.0,,2.0,,3.0,1.0,0,0,5.0,11.0
18964,Bernardo,1899 Hoffenheim,D,Union Berlin vs 1899 Hoffenheim,90,7.5,,0,,,49,39.0,,1.0,2.0,,2.0,0,0,9.0,19.0
18964,Bernardo,1899 Hoffenheim,D,1899 Hoffenheim vs Bayern München,90,5.5,,0,1.0,,34,23.0,,8.0,1.0,5.0,,0,0,10.0,17.0
18964,Bernardo,1899 Hoffenheim,D,SC Freiburg vs 1899 Hoffenheim,90,6.6,,0,,,46,30.0,,2.0,2.0,2.0,,0,0,8.0,13.0
18964,Bernardo,1899 Hoffenheim,D,1899 Hoffenheim vs 1. FC Köln,89,7.3,,0,,,62,56.0,,3.0,1.0,2.0,,1,0,9.0,15.0
18964,Bernardo,1899 Hoffenheim,D,FC St. Pauli vs 1899 Hoffenheim,90,7,,0,,,56,42.0,,2.0,2.0,3.0,,0,0,3.0,8.0
18964,Bernardo,1899 Hoffenheim,D,1899 Hoffenheim vs 1. FC Heidenheim,90,6.2,,0,,,53,40.0,,1.0,1.0,3.0,,0,0,5.0,13.0
18964,Bernardo,1899 Hoffenheim,D,VfL Wolfsburg vs 1899 Hoffenheim,90,6.9,,0,,,36,31.0,,3.0,3.0,1.0,1.0,1,0,5.0,7.0
18964,Bernardo,1899 Hoffenheim,D,1899 Hoffenheim vs RB Leipzig,87,6.3,,0,1.0,,32,25.0,,2.0,1.0,3.0,,1,0,6.0,11.0
18964,Bernardo,1899 Hoffenheim,D,FSV Mainz 05 vs 1899 Hoffenheim,90,8.3,,0,,,50,33.0,,3.0,1.0,2.0,1.0,1,0,11.0,18.0
18964,Bernardo,1899 Hoffenheim,D,1899 Hoffenheim vs FC Augsburg,72,7.7,,0,,,43,39.0,,,1.0,,1.0,0,0,2.0,4.0
18964,Bernardo,1899 Hoffenheim,D,Borussia Dortmund vs 1899 Hoffenheim,90,5.6,,0,,,58,45.0,,1.0,4.0,1.0,,1,0,3.0,6.0
18964,Bernardo,1899 Hoffenheim,D,VfB Stuttgart vs 1899 Hoffenheim,90,7.5,,0,1.0,,30,25.0,,5.0,2.0,3.0,,0,0,12.0,21.0
18964,Bernardo,1899 Hoffenheim,D,1899 Hoffenheim vs Borussia Mönchengladbach,76,6.9,,0,,,65,56.0,,1.0,2.0,,,0,0,2.0,2.0
18964,Bernardo,1899 Hoffenheim,D,1899 Hoffenheim vs Bayer Leverkusen,90,7.6,,0,,,34,25.0,,7.0,3.0,,2.0,0,0,11.0,13.0
18964,Bernardo,1899 Hoffenheim,D,Eintracht Frankfurt vs 1899 Hoffenheim,90,6.9,,0,,,56,41.0,,3.0,,2.0,,0,0,9.0,15.0
18964,Bernardo,1899 Hoffenheim,D,Werder Bremen vs 1899 Hoffenheim,90,6.6,,0,1.0,,39,30.0,,,,1.0,,1,0,4.0,10.0
37153,Wouter Burger,1899 Hoffenheim,M,Bayer Leverkusen vs 1899 Hoffenheim,45,6.2,,0,,,29,24.0,,,,2.0,,0,0,,2.0
37153,Wouter Burger,1899 Hoffenheim,M,Union Berlin vs 1899 Hoffenheim,90,6.5,,0,,,61,44.0,,2.0,,3.0,1.0,0,0,9.0,18.0
37153,Wouter Burger,1899 Hoffenheim,M,1899 Hoffenheim vs Bayern München,78,6.2,,0,1.0,,33,22.0,,2.0,,2.0,,0,0,2.0,9.0
37153,Wouter Burger,1899 Hoffenheim,M,SC Freiburg vs 1899 Hoffenheim,85,7.2,,0,,,40,29.0,,3.0,1.0,1.0,1.0,0,0,9.0,16.0
37153,Wouter Burger,1899 Hoffenheim,M,1899 Hoffenheim vs 1. FC Köln,90,6.3,,0,,,44,34.0,,1.0,1.0,5.0,1.0,1,0,5.0,17.0
37153,Wouter Burger,1899 Hoffenheim,M,FC St. Pauli vs 1899 Hoffenheim,90,7,,1,1.0,1.0,31,22.0,,2.0,,1.0,,1,0,6.0,11.0
37153,Wouter Burger,1899 Hoffenheim,M,1899 Hoffenheim vs 1. FC Heidenheim,67,7.3,,0,1.0,1.0,40,32.0,,1.0,,1.0,1.0,0,0,6.0,10.0
37153,Wouter Burger,1899 Hoffenheim,M,VfL Wolfsburg vs 1899 Hoffenheim,90,8.9,2.0,0,3.0,2.0,38,28.0,,4.0,,2.0,,0,0,4.0,8.0
37153,Wouter Burger,1899 Hoffenheim,M,1899 Hoffenheim vs RB Leipzig,90,6.9,,1,1.0,,53,38.0,,7.0,,3.0,,0,0,11.0,19.0
37153,Wouter Burger,1899 Hoffenheim,M,FSV Mainz 05 vs 1899 Hoffenheim,90,6.5,,0,1.0,,42,29.0,,1.0,2.0,2.0,,0,0,5.0,14.0
37153,Wouter Burger,1899 Hoffenheim,M,1899 Hoffenheim vs FC Augsburg,90,8.2,1.0,1,1.0,1.0,78,62.0,,1.0,3.0,5.0,,0,0,5.0,12.0
37153,Wouter Burger,1899 Hoffenheim,M,Borussia Dortmund vs 1899 Hoffenheim,80,7.2,,0,2.0,1.0,46,38.0,,3.0,1.0,,,0,0,5.0,7.0
37153,Wouter Burger,1899 Hoffenheim,M,1899 Hoffenheim vs Hamburger SV,90,7,,1,,,43,35.0,,3.0,1.0,2.0,1.0,0,0,5.0,13.0
37153,Wouter Burger,1899 Hoffenheim,M,VfB Stuttgart vs 1899 Hoffenheim,90,6.3,,0,,,43,33.0,,1.0,,2.0,,0,0,4.0,12.0
37153,Wouter Burger,1899 Hoffenheim,M,1899 Hoffenheim vs Borussia Mönchengladbach,64,8.2,,0,,,46,40.0,,2.0,1.0,1.0,2.0,1,0,6.0,8.0
37153,Wouter Burger,1899 Hoffenheim,M,1899 Hoffenheim vs Bayer Leverkusen,90,8.2,1.0,0,2.0,2.0,50,38.0,,,1.0,4.0,,1,0,2.0,7.0
37153,Wouter Burger,1899 Hoffenheim,M,Eintracht Frankfurt vs 1899 Hoffenheim,90,7.7,,1,2.0,1.0,52,38.0,,2.0,1.0,1.0,,0,0,3.0,5.0
37153,Wouter Burger,1899 Hoffenheim,M,Werder Bremen vs 1899 Hoffenheim,52,6.2,,0,,,23,18.0,,1.0,,1.0,,0,1,4.0,8.0
37153,Wouter Burger,1899 Hoffenheim,M,1899 Hoffenheim vs SC Freiburg,90,7.9,,0,4.0,1.0,45,34.0,,7.0,,1.0,,0,0,10.0,14.0
37153,Wouter Burger,1899 Hoffenheim,M,1. FC Köln vs 1899 Hoffenheim,73,6.9,,0,,,33,27.0,,2.0,,2.0,,0,0,4.0,12.0
390586,Leon Avdullahu,1899 Hoffenheim,M,Bayer Leverkusen vs 1899 Hoffenheim,90,6.9,,0,,,59,50.0,,,,1.0,,1,0,,2.0
390586,Leon Avdullahu,1899 Hoffenheim,M,1899 Hoffenheim vs Eintracht Frankfurt,90,7,,1,,,80,69.0,,1.0,,,1.0,0,0,3.0,9.0
390586,Leon Avdullahu,1899 Hoffenheim,M,Union Berlin vs 1899 Hoffenheim,90,7.2,,0,,,54,47.0,,3.0,1.0,,1.0,0,0,5.0,7.0
390586,Leon Avdullahu,1899 Hoffenheim,M,1899 Hoffenheim vs Bayern München,82,6.5,,0,,,40,34.0,,1.0,4.0,1.0,1.0,0,0,3.0,7.0
390586,Leon Avdullahu,1899 Hoffenheim,M,SC Freiburg vs 1899 Hoffenheim,73,6.6,,0,2.0,,38,33.0,,,1.0,1.0,1.0,0,0,5.0,8.0
390586,Leon Avdullahu,1899 Hoffenheim,M,1899 Hoffenheim vs 1. FC Köln,64,7.2,,0,,,36,34.0,,1.0,,,,0,0,2.0,2.0
390586,Leon Avdullahu,1899 Hoffenheim,M,FC St. Pauli vs 1899 Hoffenheim,90,7.2,,0,,,62,54.0,,4.0,3.0,1.0,,0,0,4.0,7.0
390586,Leon Avdullahu,1899 Hoffenheim,M,1899 Hoffenheim vs 1. FC Heidenheim,90,7,,0,,,63,56.0,,,1.0,1.0,1.0,0,0,2.0,5.0
390586,Leon Avdullahu,1899 Hoffenheim,M,VfL Wolfsburg vs 1899 Hoffenheim,90,7.2,,0,,,51,44.0,,1.0,1.0,2.0,3.0,0,0,7.0,10.0
390586,Leon Avdullahu,1899 Hoffenheim,M,1899 Hoffenheim vs RB Leipzig,90,6.9,,0,1.0,,45,43.0,,1.0,1.0,1.0,,1,0,2.0,6.0
390586,Leon Avdullahu,1899 Hoffenheim,M,FSV Mainz 05 vs 1899 Hoffenheim,90,6.9,,0,1.0,1.0,44,37.0,,,3.0,1.0,,0,0,1.0,3.0
390586,Leon Avdullahu,1899 Hoffenheim,M,1899 Hoffenheim vs FC Augsburg,90,7.6,,0,,,77,73.0,,1.0,1.0,,,0,0,2.0,3.0
390586,Leon Avdullahu,1899 Hoffenheim,M,Borussia Dortmund vs 1899 Hoffenheim,90,7.2,,0,,,74,61.0,,1.0,,,,0,0,4.0,5.0
390586,Leon Avdullahu,1899 Hoffenheim,M,1899 Hoffenheim vs Hamburger SV,90,7.2,,0,,,86,80.0,,1.0,,,,0,0,1.0,2.0
390586,Leon Avdullahu,1899 Hoffenheim,M,VfB Stuttgart vs 1899 Hoffenheim,90,6.6,,0,,,42,38.0,,2.0,,1.0,,0,0,3.0,8.0
390586,Leon Avdullahu,1899 Hoffenheim,M,1899 Hoffenheim vs Borussia Mönchengladbach,90,6.7,,0,1.0,,102,91.0,,,1.0,1.0,,0,0,1.0,7.0
390586,Leon Avdullahu,1899 Hoffenheim,M,1899 Hoffenheim vs Bayer Leverkusen,90,7.3,,0,1.0,,42,34.0,,2.0,2.0,2.0,,0,0,4.0,8.0
390586,Leon Avdullahu,1899 Hoffenheim,M,Eintracht Frankfurt vs 1899 Hoffenheim,90,6.3,,0,,,48,40.0,,2.0,1.0,2.0,,1,0,2.0,5.0
390586,Leon Avdullahu,1899 Hoffenheim,M,Werder Bremen vs 1899 Hoffenheim,90,6.9,,0,,,56,47.0,,3.0,2.0,2.0,,0,0,5.0,14.0
390586,Leon Avdullahu,1899 Hoffenheim,M,1899 Hoffenheim vs Union Berlin,90,7.3,,0,,,70,62.0,,3.0,1.0,,,0,0,4.0,8.0
390586,Leon Avdullahu,1899 Hoffenheim,M,Bayern München vs 1899 Hoffenheim,81,6.2,,0,,,48,44.0,,,1.0,,,1,0,3.0,8.0
390586,Leon Avdullahu,1899 Hoffenheim,M,1899 Hoffenheim vs SC Freiburg,90,7.3,,0,,,72,66.0,,1.0,,1.0,1.0,0,0,2.0,6.0
390586,Leon Avdullahu,1899 Hoffenheim,M,1. FC Köln vs 1899 Hoffenheim,90,6.9,,0,,,76,70.0,,2.0,,,,0,0,2.0,6.0
726,Andrej Kramarić,1899 Hoffenheim,M,Bayer Leverkusen vs 1899 Hoffenheim,90,6.9,,0,1.0,1.0,31,26.0,,,1.0,1.0,3.0,1,0,3.0,6.0
726,Andrej Kramarić,1899 Hoffenheim,M,1899 Hoffenheim vs Eintracht Frankfurt,59,6.6,,0,1.0,,33,29.0,,,,1.0,1.0,0,0,1.0,1.0
726,Andrej Kramarić,1899 Hoffenheim,M,Union Berlin vs 1899 Hoffenheim,66,7,1.0,0,1.0,1.0,39,32.0,,,2.0,,,0,0,,1.0
726,Andrej Kramarić,1899 Hoffenheim,M,1899 Hoffenheim vs Bayern München,24,6.3,,0,,,5,5.0,,,,,,0,0,,
726,Andrej Kramarić,1899 Hoffenheim,M,SC Freiburg vs 1899 Hoffenheim,73,6.7,,0,1.0,1.0,30,25.0,,,,,1.0,0,0,3.0,5.0
726,Andrej Kramarić,1899 Hoffenheim,M,1899 Hoffenheim vs 1. FC Köln,20,7,,0,1.0,1.0,16,13.0,,,,,,0,0,1.0,1.0
726,Andrej Kramarić,1899 Hoffenheim,M,FC St. Pauli vs 1899 Hoffenheim,76,8.9,1.0,1,2.0,2.0,38,34.0,,1.0,,,2.0,0,0,4.0,8.0
726,Andrej Kramarić,1899 Hoffenheim,M,1899 Hoffenheim vs 1. FC Heidenheim,83,7.9,1.0,1,2.0,1.0,38,32.0,,,2.0,1.0,1.0,0,0,3.0,8.0
726,Andrej Kramarić,1899 Hoffenheim,M,VfL Wolfsburg vs 1899 Hoffenheim,45,7.2,,1,1.0,1.0,19,17.0,,,,,,0,0,,
726,Andrej Kramarić,1899 Hoffenheim,M,1899 Hoffenheim vs RB Leipzig,67,6.9,,0,,,33,26.0,,,,,,0,0,1.0,3.0
726,Andrej Kramarić,1899 Hoffenheim,M,FSV Mainz 05 vs 1899 Hoffenheim,58,6.5,,0,1.0,,24,21.0,,,,,,0,0,,1.0
726,Andrej Kramarić,1899 Hoffenheim,M,1899 Hoffenheim vs FC Augsburg,31,6.3,,0,1.0,,18,17.0,,,,,,0,0,,1.0
726,Andrej Kramarić,1899 Hoffenheim,M,Borussia Dortmund vs 1899 Hoffenheim,28,6.2,,0,1.0,,22,22.0,,,,,,0,0,,2.0
726,Andrej Kramarić,1899 Hoffenheim,M,1899 Hoffenheim vs Hamburger SV,67,6.9,,0,,,26,21.0,,1.0,,,,0,0,3.0,6.0
726,Andrej Kramarić,1899 Hoffenheim,M,VfB Stuttgart vs 1899 Hoffenheim,25,6.7,,0,,,15,12.0,,,1.0,,,0,0,,
726,Andrej Kramarić,1899 Hoffenheim,M,1899 Hoffenheim vs Borussia Mönchengladbach,90,9.3,3.0,0,7.0,6.0,42,34.0,,,,,1.0,0,0,4.0,8.0
726,Andrej Kramarić,1899 Hoffenheim,M,1899 Hoffenheim vs Bayer Leverkusen,79,7,,0,1.0,,27,19.0,,,,,,0,0,1.0,4.0
726,Andrej Kramarić,1899 Hoffenheim,M,Eintracht Frankfurt vs 1899 Hoffenheim,67,6.5,,0,1.0,,21,16.0,,,,,,0,0,,2.0
726,Andrej Kramarić,1899 Hoffenheim,M,Werder Bremen vs 1899 Hoffenheim,59,7.3,,1,2.0,1.0,26,24.0,,1.0,,,,0,0,1.0,2.0
726,Andrej Kramarić,1899 Hoffenheim,M,1899 Hoffenheim vs Union Berlin,83,8.3,2.0,0,5.0,3.0,36,29.0,,1.0,,,,0,0,1.0,5.0
726,Andrej Kramarić,1899 Hoffenheim,M,Bayern München vs 1899 Hoffenheim,71,7.9,1.0,0,2.0,2.0,32,31.0,,,,,,0,0,,1.0
726,Andrej Kramarić,1899 Hoffenheim,M,1899 Hoffenheim vs SC Freiburg,86,7.5,,0,1.0,1.0,30,28.0,,,,,,0,0,2.0,3.0
726,Andrej Kramarić,1899 Hoffenheim,M,1. FC Köln vs 1899 Hoffenheim,89,6.9,1.0,0,2.0,2.0,34,28.0,,,1.0,,,0,0,1.0,4.0
202501,Fisnik Asllani,1899 Hoffenheim,F,Bayer Leverkusen vs 1899 Hoffenheim,90,7.9,1.0,1,2.0,1.0,19,15.0,,,1.0,,1.0,0,0,2.0,11.0
202501,Fisnik Asllani,1899 Hoffenheim,F,1899 Hoffenheim vs Eintracht Frankfurt,72,6.7,,0,3.0,,18,13.0,,1.0,,,1.0,0,0,3.0,4.0
202501,Fisnik Asllani,1899 Hoffenheim,F,Union Berlin vs 1899 Hoffenheim,66,8.3,2.0,0,4.0,3.0,16,7.0,,1.0,,1.0,,1,0,2.0,8.0
202501,Fisnik Asllani,1899 Hoffenheim,F,1899 Hoffenheim vs Bayern München,78,6.5,,0,2.0,1.0,23,12.0,,1.0,,,2.0,0,0,6.0,12.0
202501,Fisnik Asllani,1899 Hoffenheim,F,SC Freiburg vs 1899 Hoffenheim,85,6.2,1.0,0,1.0,1.0,19,11.0,,,,2.0,1.0,0,0,1.0,10.0
202501,Fisnik Asllani,1899 Hoffenheim,F,1899 Hoffenheim vs 1. FC Köln,70,6.2,,0,3.0,1.0,19,14.0,,,,1.0,,0,0,1.0,6.0
202501,Fisnik Asllani,1899 Hoffenheim,F,FC St. Pauli vs 1899 Hoffenheim,71,6.2,,0,2.0,,19,12.0,,,1.0,,2.0,0,0,3.0,5.0
202501,Fisnik Asllani,1899 Hoffenheim,F,1899 Hoffenheim vs 1. FC Heidenheim,76,8.6,1.0,0,2.0,2.0,15,11.0,,1.0,,,2.0,0,0,5.0,10.0
202501,Fisnik Asllani,1899 Hoffenheim,F,VfL Wolfsburg vs 1899 Hoffenheim,45,6.2,,0,1.0,,15,11.0,,1.0,,,1.0,0,0,4.0,7.0
202501,Fisnik Asllani,1899 Hoffenheim,F,1899 Hoffenheim vs RB Leipzig,23,6.7,,1,,,9,3.0,,,1.0,,1.0,0,0,1.0,2.0
202501,Fisnik Asllani,1899 Hoffenheim,F,FSV Mainz 05 vs 1899 Hoffenheim,89,6.5,,0,2.0,1.0,29,22.0,,,,1.0,3.0,0,0,4.0,15.0
202501,Fisnik Asllani,1899 Hoffenheim,F,1899 Hoffenheim vs FC Augsburg,59,6.3,,0,3.0,,21,17.0,,,,2.0,2.0,0,0,5.0,10.0
202501,Fisnik Asllani,1899 Hoffenheim,F,Borussia Dortmund vs 1899 Hoffenheim,62,6.2,,0,,,11,8.0,,1.0,,,1.0,0,0,3.0,10.0
202501,Fisnik Asllani,1899 Hoffenheim,F,1899 Hoffenheim vs Hamburger SV,23,7.6,1.0,0,1.0,1.0,6,6.0,,,,1.0,1.0,0,0,2.0,4.0
202501,Fisnik Asllani,1899 Hoffenheim,F,VfB Stuttgart vs 1899 Hoffenheim,65,6.6,,0,,,17,10.0,,1.0,,,3.0,0,0,6.0,9.0
202501,Fisnik Asllani,1899 Hoffenheim,F,1899 Hoffenheim vs Borussia Mönchengladbach,83,6.9,,1,,,33,24.0,,,,2.0,,0,0,1.0,8.0
202501,Fisnik Asllani,1899 Hoffenheim,F,1899 Hoffenheim vs Bayer Leverkusen,69,6.9,,0,2.0,2.0,18,14.0,,1.0,,2.0,1.0,0,0,2.0,12.0
202501,Fisnik Asllani,1899 Hoffenheim,F,Eintracht Frankfurt vs 1899 Hoffenheim,89,6.3,,0,1.0,1.0,19,10.0,,1.0,,,4.0,0,0,6.0,13.0
202501,Fisnik Asllani,1899 Hoffenheim,F,1899 Hoffenheim vs Union Berlin,78,6.3,,0,1.0,,24,18.0,,1.0,1.0,2.0,1.0,0,0,2.0,7.0
202501,Fisnik Asllani,1899 Hoffenheim,F,Bayern München vs 1899 Hoffenheim,66,7.3,,1,2.0,1.0,18,16.0,,,,,2.0,0,0,6.0,9.0
202501,Fisnik Asllani,1899 Hoffenheim,F,1899 Hoffenheim vs SC Freiburg,74,7.3,1.0,0,4.0,2.0,25,15.0,,,,,1.0,0,0,3.0,6.0
202501,Fisnik Asllani,1899 Hoffenheim,F,1. FC Köln vs 1899 Hoffenheim,89,6.7,,0,1.0,,23,15.0,,,,,2.0,0,0,3.0,6.0
203040,Tim Lemperle,1899 Hoffenheim,F,Bayer Leverkusen vs 1899 Hoffenheim,75,7.3,1.0,0,2.0,1.0,17,12.0,,1.0,1.0,1.0,2.0,0,0,5.0,11.0
203040,Tim Lemperle,1899 Hoffenheim,F,1899 Hoffenheim vs Eintracht Frankfurt,90,7.2,,0,2.0,2.0,20,15.0,,1.0,,1.0,2.0,0,0,3.0,6.0
203040,Tim Lemperle,1899 Hoffenheim,F,Union Berlin vs 1899 Hoffenheim,86,7.6,1.0,1,2.0,2.0,18,11.0,,2.0,1.0,3.0,3.0,0,0,9.0,14.0
203040,Tim Lemperle,1899 Hoffenheim,F,SC Freiburg vs 1899 Hoffenheim,17,6.3,,0,1.0,1.0,4,3.0,,,,,,0,0,,1.0
203040,Tim Lemperle,1899 Hoffenheim,F,1899 Hoffenheim vs 1. FC Köln,64,6.9,,0,,,18,14.0,,1.0,,,,0,0,3.0,7.0
203040,Tim Lemperle,1899 Hoffenheim,F,FC St. Pauli vs 1899 Hoffenheim,86,6.2,,0,3.0,,19,12.0,,,,4.0,1.0,0,0,5.0,13.0
203040,Tim Lemperle,1899 Hoffenheim,F,1899 Hoffenheim vs 1. FC Heidenheim,76,6.9,1.0,0,3.0,2.0,16,12.0,,,,1.0,,0,0,3.0,10.0
203040,Tim Lemperle,1899 Hoffenheim,F,VfL Wolfsburg vs 1899 Hoffenheim,75,6,,0,,,22,15.0,,1.0,,3.0,,0,0,1.0,7.0
203040,Tim Lemperle,1899 Hoffenheim,F,1899 Hoffenheim vs RB Leipzig,76,7.3,1.0,0,1.0,1.0,31,22.0,,1.0,,1.0,,1,0,2.0,8.0
203040,Tim Lemperle,1899 Hoffenheim,F,FSV Mainz 05 vs 1899 Hoffenheim,32,6.2,,0,3.0,2.0,15,10.0,,2.0,,2.0,,0,0,2.0,7.0
203040,Tim Lemperle,1899 Hoffenheim,F,1899 Hoffenheim vs FC Augsburg,85,5.3,,0,1.0,,24,18.0,,1.0,1.0,4.0,,0,0,4.0,19.0
203040,Tim Lemperle,1899 Hoffenheim,F,Borussia Dortmund vs 1899 Hoffenheim,73,6.5,,0,2.0,,25,19.0,,1.0,,2.0,,0,0,3.0,9.0
203040,Tim Lemperle,1899 Hoffenheim,F,1899 Hoffenheim vs Hamburger SV,80,7.2,1.0,0,2.0,1.0,15,8.0,,,,3.0,,0,0,4.0,12.0
203040,Tim Lemperle,1899 Hoffenheim,F,VfB Stuttgart vs 1899 Hoffenheim,89,6,,0,,,23,16.0,,1.0,,5.0,,0,0,3.0,11.0
203040,Tim Lemperle,1899 Hoffenheim,F,1899 Hoffenheim vs Borussia Mönchengladbach,77,7.9,1.0,1,2.0,1.0,20,16.0,,2.0,,1.0,,0,0,2.0,7.0
203040,Tim Lemperle,1899 Hoffenheim,F,1899 Hoffenheim vs Bayer Leverkusen,89,6.3,,0,2.0,1.0,24,17.0,,1.0,1.0,3.0,1.0,0,0,4.0,10.0
203040,Tim Lemperle,1899 Hoffenheim,F,Werder Bremen vs 1899 Hoffenheim,76,6,,0,1.0,,18,10.0,,1.0,1.0,3.0,,0,0,3.0,7.0
203040,Tim Lemperle,1899 Hoffenheim,F,1899 Hoffenheim vs Union Berlin,45,6.3,,0,,,11,8.0,,,,1.0,2.0,0,0,3.0,9.0
387643,Bazoumana Touré,1899 Hoffenheim,F,Bayer Leverkusen vs 1899 Hoffenheim,90,6.5,,1,2.0,1.0,16,11.0,,,1.0,3.0,,0,0,2.0,8.0
387643,Bazoumana Touré,1899 Hoffenheim,F,1899 Hoffenheim vs Eintracht Frankfurt,90,7.6,,0,3.0,1.0,31,21.0,,1.0,,2.0,1.0,0,0,11.0,20.0
387643,Bazoumana Touré,1899 Hoffenheim,F,Union Berlin vs 1899 Hoffenheim,78,6.9,,0,1.0,1.0,18,13.0,,1.0,,3.0,3.0,0,0,6.0,16.0
387643,Bazoumana Touré,1899 Hoffenheim,F,1899 Hoffenheim vs Bayern München,90,7.2,,0,,,22,19.0,,3.0,,2.0,3.0,0,0,11.0,23.0
387643,Bazoumana Touré,1899 Hoffenheim,F,SC Freiburg vs 1899 Hoffenheim,90,6.3,,0,,,19,11.0,,2.0,,2.0,1.0,0,0,6.0,15.0
387643,Bazoumana Touré,1899 Hoffenheim,F,1899 Hoffenheim vs 1. FC Köln,90,6.3,,0,2.0,1.0,34,27.0,,1.0,,3.0,1.0,1,0,5.0,11.0
387643,Bazoumana Touré,1899 Hoffenheim,F,FC St. Pauli vs 1899 Hoffenheim,76,7.6,1.0,0,1.0,1.0,17,14.0,,,,1.0,1.0,0,0,3.0,8.0
387643,Bazoumana Touré,1899 Hoffenheim,F,1899 Hoffenheim vs 1. FC Heidenheim,67,8.5,,2,,,20,16.0,,1.0,1.0,1.0,2.0,0,0,7.0,10.0
387643,Bazoumana Touré,1899 Hoffenheim,F,VfL Wolfsburg vs 1899 Hoffenheim,63,6.2,,0,,,14,10.0,,2.0,,,1.0,0,0,4.0,8.0
387643,Bazoumana Touré,1899 Hoffenheim,F,1899 Hoffenheim vs RB Leipzig,75,6.3,,0,,,24,16.0,,3.0,,1.0,,0,0,7.0,19.0
387643,Bazoumana Touré,1899 Hoffenheim,F,FSV Mainz 05 vs 1899 Hoffenheim,77,6.5,,0,1.0,,25,16.0,,,,1.0,1.0,0,0,4.0,8.0
387643,Bazoumana Touré,1899 Hoffenheim,F,1899 Hoffenheim vs FC Augsburg,60,8.2,1.0,0,1.0,1.0,27,23.0,,1.0,,,,0,0,2.0,4.0
387643,Bazoumana Touré,1899 Hoffenheim,F,Borussia Dortmund vs 1899 Hoffenheim,80,6.9,,0,1.0,,26,22.0,,,,2.0,3.0,0,0,7.0,14.0
387643,Bazoumana Touré,1899 Hoffenheim,F,1899 Hoffenheim vs Hamburger SV,67,6.9,,1,1.0,1.0,23,21.0,,2.0,2.0,2.0,,0,0,6.0,13.0
387643,Bazoumana Touré,1899 Hoffenheim,F,1899 Hoffenheim vs Borussia Mönchengladbach,26,6.7,,0,1.0,,9,8.0,,,,1.0,,0,0,2.0,7.0
387643,Bazoumana Touré,1899 Hoffenheim,F,1899 Hoffenheim vs Union Berlin,89,7.2,,1,,,22,17.0,,,,1.0,2.0,0,0,6.0,12.0
387643,Bazoumana Touré,1899 Hoffenheim,F,Bayern München vs 1899 Hoffenheim,71,5.6,,0,1.0,,11,8.0,,,,,1.0,0,0,3.0,16.0
387643,Bazoumana Touré,1899 Hoffenheim,F,1899 Hoffenheim vs SC Freiburg,73,7,,0,1.0,,24,18.0,,3.0,,1.0,,1,0,6.0,9.0
387643,Bazoumana Touré,1899 Hoffenheim,F,1. FC Köln vs 1899 Hoffenheim,89,6.2,,0,3.0,1.0,18,13.0,,,1.0,1.0,,0,0,1.0,7.0
304686,Arthur Chaves,1899 Hoffenheim,D,Bayer Leverkusen vs 1899 Hoffenheim,46,6.7,,0,,,14,11.0,,,,1.0,,0,0,,3.0
304686,Arthur Chaves,1899 Hoffenheim,D,1899 Hoffenheim vs Eintracht Frankfurt,90,6.3,,0,,,62,55.0,,5.0,2.0,1.0,1.0,0,0,7.0,13.0
304686,Arthur Chaves,1899 Hoffenheim,D,Union Berlin vs 1899 Hoffenheim,13,7,,0,,,8,7.0,,1.0,,,,0,0,2.0,2.0
304686,Arthur Chaves,1899 Hoffenheim,D,SC Freiburg vs 1899 Hoffenheim,90,6.3,,0,,,46,39.0,,1.0,2.0,3.0,2.0,1,0,10.0,16.0
304686,Arthur Chaves,1899 Hoffenheim,D,Bayern München vs FC Augsburg,85,8,1.0,0,1.0,1.0,33,27.0,,3.0,2.0,,2.0,0,0,6.0,8.0
304686,Arthur Chaves,1899 Hoffenheim,D,FC Augsburg vs FC St. Pauli,45,8,,0,,,41,36.0,,3.0,,,,0,0,5.0,7.0
304686,Arthur Chaves,1899 Hoffenheim,D,FSV Mainz 05 vs FC Augsburg,90,6.5,,0,,,77,63.0,,2.0,1.0,1.0,,0,0,6.0,13.0
279907,Umut Tohumcu,1899 Hoffenheim,M,Bayer Leverkusen vs 1899 Hoffenheim,45,6.9,,0,1.0,,14,12.0,,1.0,,,2.0,1,0,3.0,4.0
279907,Umut Tohumcu,1899 Hoffenheim,M,1899 Hoffenheim vs Eintracht Frankfurt,59,6.3,,0,1.0,,21,17.0,,1.0,,2.0,,1,0,2.0,6.0
279907,Umut Tohumcu,1899 Hoffenheim,M,1899 Hoffenheim vs Bayern München,8,6.3,,0,,,2,2.0,,1.0,,,,0,0,1.0,1.0
279907,Umut Tohumcu,1899 Hoffenheim,M,SC Freiburg vs 1899 Hoffenheim,9,6.7,,0,,,3,2.0,,,,,,0,0,,
279907,Umut Tohumcu,1899 Hoffenheim,M,Borussia Dortmund vs 1899 Hoffenheim,17,6.3,,0,,,6,6.0,,,,,,0,0,,1.0
25366,Kevin Akpoguma,1899 Hoffenheim,D,Bayer Leverkusen vs 1899 Hoffenheim,15,6.9,,0,,,6,3.0,,1.0,1.0,,,0,0,2.0,2.0
25366,Kevin Akpoguma,1899 Hoffenheim,D,1899 Hoffenheim vs Bayern München,8,6.3,,0,,,3,2.0,,,,,,0,0,,
25366,Kevin Akpoguma,1899 Hoffenheim,D,Bayern München vs 1899 Hoffenheim,17,3,,0,,,4,4.0,,1.0,,1.0,,0,1,1.0,3.0
7327,Alexander Prass,1899 Hoffenheim,D,Bayer Leverkusen vs 1899 Hoffenheim,15,6.9,,0,,,5,4.0,,2.0,,1.0,1.0,0,0,3.0,5.0
7327,Alexander Prass,1899 Hoffenheim,D,1899 Hoffenheim vs Eintracht Frankfurt,10,6.6,,0,,,5,5.0,,,,,,0,0,,
7327,Alexander Prass,1899 Hoffenheim,D,Union Berlin vs 1899 Hoffenheim,12,7,,0,,,8,5.0,,1.0,,,,0,0,2.0,3.0
7327,Alexander Prass,1899 Hoffenheim,D,1899 Hoffenheim vs Bayern München,90,6.3,,0,1.0,1.0,22,15.0,,2.0,,2.0,,0,0,2.0,7.0
7327,Alexander Prass,1899 Hoffenheim,D,SC Freiburg vs 1899 Hoffenheim,59,6.2,,0,,,18,12.0,,1.0,,2.0,1.0,0,0,2.0,7.0
7327,Alexander Prass,1899 Hoffenheim,D,FC St. Pauli vs 1899 Hoffenheim,14,6.7,,0,,,6,2.0,,,1.0,,,0,0,1.0,2.0
7327,Alexander Prass,1899 Hoffenheim,D,1899 Hoffenheim vs 1. FC Heidenheim,23,6.2,,0,,,17,13.0,,,,,1.0,0,0,2.0,4.0
7327,Alexander Prass,1899 Hoffenheim,D,VfL Wolfsburg vs 1899 Hoffenheim,15,6.9,,0,,,3,3.0,,1.0,,,,0,0,1.0,1.0
7327,Alexander Prass,1899 Hoffenheim,D,1899 Hoffenheim vs RB Leipzig,15,6.9,,0,,,9,6.0,,2.0,,,,0,0,2.0,5.0
7327,Alexander Prass,1899 Hoffenheim,D,1899 Hoffenheim vs FC Augsburg,18,7.2,,0,,,13,12.0,,1.0,,1.0,1.0,0,0,4.0,6.0
7327,Alexander Prass,1899 Hoffenheim,D,1899 Hoffenheim vs Hamburger SV,23,7.3,,1,,,15,14.0,,1.0,,1.0,1.0,0,0,3.0,5.0
7327,Alexander Prass,1899 Hoffenheim,D,VfB Stuttgart vs 1899 Hoffenheim,88,6.3,,0,,,23,17.0,,2.0,,,1.0,0,0,4.0,8.0
7327,Alexander Prass,1899 Hoffenheim,D,1899 Hoffenheim vs Borussia Mönchengladbach,64,6.9,,0,1.0,1.0,28,22.0,,3.0,,1.0,2.0,0,0,6.0,11.0
7327,Alexander Prass,1899 Hoffenheim,D,1899 Hoffenheim vs Bayer Leverkusen,79,6.9,,0,3.0,1.0,26,23.0,,3.0,,2.0,,0,0,4.0,8.0
7327,Alexander Prass,1899 Hoffenheim,D,Eintracht Frankfurt vs 1899 Hoffenheim,90,6.5,,0,1.0,1.0,27,21.0,,1.0,,3.0,1.0,0,0,5.0,14.0
7327,Alexander Prass,1899 Hoffenheim,D,Werder Bremen vs 1899 Hoffenheim,89,7.9,1.0,0,2.0,1.0,30,23.0,,1.0,2.0,1.0,2.0,0,0,3.0,7.0
7327,Alexander Prass,1899 Hoffenheim,D,1899 Hoffenheim vs Union Berlin,14,6.9,,0,,,5,4.0,,1.0,,2.0,,1,0,2.0,4.0
7327,Alexander Prass,1899 Hoffenheim,D,Bayern München vs 1899 Hoffenheim,81,6.7,,0,,,35,29.0,,2.0,,1.0,1.0,1,0,6.0,15.0
7327,Alexander Prass,1899 Hoffenheim,D,1899 Hoffenheim vs SC Freiburg,17,7,,1,1.0,,11,10.0,,,,,,0,0,1.0,4.0
7327,Alexander Prass,1899 Hoffenheim,D,1. FC Köln vs 1899 Hoffenheim,17,6.9,,0,1.0,,12,11.0,,1.0,,1.0,1.0,0,0,3.0,5.0
24854,Grischa Prömel,1899 Hoffenheim,M,Bayer Leverkusen vs 1899 Hoffenheim,8,6.6,,0,,,3,3.0,,1.0,,,,0,0,1.0,1.0
24854,Grischa Prömel,1899 Hoffenheim,M,1899 Hoffenheim vs Eintracht Frankfurt,31,7.3,1.0,0,3.0,1.0,22,17.0,,1.0,,2.0,,1,0,1.0,4.0
24854,Grischa Prömel,1899 Hoffenheim,M,Union Berlin vs 1899 Hoffenheim,24,6.3,,0,,,13,11.0,,1.0,,,,0,0,3.0,6.0
24854,Grischa Prömel,1899 Hoffenheim,M,1899 Hoffenheim vs Bayern München,12,6.7,,0,,,3,3.0,,2.0,,1.0,,0,0,2.0,3.0
24854,Grischa Prömel,1899 Hoffenheim,M,SC Freiburg vs 1899 Hoffenheim,17,6.3,,0,,,7,7.0,,,,1.0,,0,0,,2.0
24854,Grischa Prömel,1899 Hoffenheim,M,1899 Hoffenheim vs 1. FC Köln,26,6.6,,0,1.0,,18,18.0,,1.0,,1.0,,0,0,2.0,3.0
24854,Grischa Prömel,1899 Hoffenheim,M,FC St. Pauli vs 1899 Hoffenheim,19,7.9,1.0,0,2.0,1.0,5,4.0,,,,1.0,1.0,0,0,1.0,3.0
24854,Grischa Prömel,1899 Hoffenheim,M,1899 Hoffenheim vs 1. FC Heidenheim,23,6.3,,0,,,21,18.0,,,,,2.0,0,0,2.0,3.0
24854,Grischa Prömel,1899 Hoffenheim,M,VfL Wolfsburg vs 1899 Hoffenheim,83,7.9,1.0,1,2.0,1.0,34,30.0,,,,,1.0,0,0,3.0,6.0
24854,Grischa Prömel,1899 Hoffenheim,M,1899 Hoffenheim vs RB Leipzig,88,7.9,1.0,0,2.0,1.0,37,31.0,,2.0,1.0,,1.0,0,0,4.0,6.0
24854,Grischa Prömel,1899 Hoffenheim,M,FSV Mainz 05 vs 1899 Hoffenheim,90,7.3,,0,1.0,,59,42.0,,1.0,1.0,,,0,0,7.0,8.0
24854,Grischa Prömel,1899 Hoffenheim,M,1899 Hoffenheim vs FC Augsburg,72,6.5,,0,2.0,1.0,49,38.0,,,,,1.0,0,0,2.0,7.0
24854,Grischa Prömel,1899 Hoffenheim,M,Borussia Dortmund vs 1899 Hoffenheim,73,6.3,,0,1.0,,26,21.0,,2.0,,1.0,2.0,0,0,4.0,5.0
24854,Grischa Prömel,1899 Hoffenheim,M,1899 Hoffenheim vs Hamburger SV,80,8.2,1.0,1,2.0,1.0,53,47.0,,2.0,,2.0,,1,0,3.0,9.0
24854,Grischa Prömel,1899 Hoffenheim,M,VfB Stuttgart vs 1899 Hoffenheim,90,7.2,,0,,,46,37.0,,2.0,,,3.0,0,0,6.0,9.0
24854,Grischa Prömel,1899 Hoffenheim,M,1899 Hoffenheim vs Borussia Mönchengladbach,26,6.7,,0,1.0,1.0,26,24.0,,,,1.0,,0,0,,3.0
24854,Grischa Prömel,1899 Hoffenheim,M,1899 Hoffenheim vs Bayer Leverkusen,21,6.5,,0,,,8,7.0,,,1.0,,,0,0,,4.0
24854,Grischa Prömel,1899 Hoffenheim,M,Eintracht Frankfurt vs 1899 Hoffenheim,23,6.9,,0,,,24,20.0,,3.0,,,,0,0,4.0,4.0
24854,Grischa Prömel,1899 Hoffenheim,M,Werder Bremen vs 1899 Hoffenheim,90,7.3,1.0,0,1.0,1.0,38,29.0,,1.0,3.0,,2.0,0,0,5.0,10.0
24854,Grischa Prömel,1899 Hoffenheim,M,1899 Hoffenheim vs Union Berlin,90,6.9,,0,,,52,42.0,,1.0,3.0,,2.0,0,0,4.0,6.0
24854,Grischa Prömel,1899 Hoffenheim,M,Bayern München vs 1899 Hoffenheim,90,6.6,,0,,,43,36.0,,4.0,,1.0,3.0,0,0,9.0,15.0
24854,Grischa Prömel,1899 Hoffenheim,M,1899 Hoffenheim vs SC Freiburg,90,6.9,,0,1.0,,42,37.0,,2.0,2.0,1.0,2.0,1,0,4.0,7.0
24854,Grischa Prömel,1899 Hoffenheim,M,1. FC Köln vs 1899 Hoffenheim,90,6.5,,0,5.0,1.0,48,37.0,,5.0,,3.0,1.0,0,0,8.0,17.0
7288,Michael Zetterer,Eintracht Frankfurt,G,Eintracht Frankfurt vs Werder Bremen,90,6.6,,0,,,28,23.0,,,,,,0,0,,
7288,Michael Zetterer,Eintracht Frankfurt,G,1899 Hoffenheim vs Eintracht Frankfurt,90,7.9,,0,,,33,23.0,,,,,,0,0,,
7288,Michael Zetterer,Eintracht Frankfurt,G,Bayer Leverkusen vs Eintracht Frankfurt,90,6.7,,0,,,38,31.0,,,,,1.0,0,0,1.0,1.0
7288,Michael Zetterer,Eintracht Frankfurt,G,Eintracht Frankfurt vs FC St. Pauli,90,7.2,,0,,,33,25.0,,,,,,0,0,2.0,2.0
7288,Michael Zetterer,Eintracht Frankfurt,G,1. FC Heidenheim vs Eintracht Frankfurt,90,6.9,,0,,,32,26.0,,,,,,0,0,,
7288,Michael Zetterer,Eintracht Frankfurt,G,Eintracht Frankfurt vs FSV Mainz 05,90,6.5,,0,,,36,14.0,,,,,1.0,0,0,1.0,1.0
7288,Michael Zetterer,Eintracht Frankfurt,G,1. FC Köln vs Eintracht Frankfurt,90,6.2,,0,,,34,30.0,,,,,,0,0,1.0,1.0
7288,Michael Zetterer,Eintracht Frankfurt,G,Eintracht Frankfurt vs VfL Wolfsburg,90,7.3,,0,,,50,41.0,,,,,,0,0,,
7288,Michael Zetterer,Eintracht Frankfurt,G,RB Leipzig vs Eintracht Frankfurt,90,4.7,,0,,,39,26.0,,,,,,0,0,,1.0
7288,Michael Zetterer,Eintracht Frankfurt,G,Eintracht Frankfurt vs FC Augsburg,90,7.5,,0,,,40,31.0,,,,,,0,0,,
7288,Michael Zetterer,Eintracht Frankfurt,G,Hamburger SV vs Eintracht Frankfurt,90,6.9,,0,,,33,23.0,,,,,,0,0,,
533,Rasmus Kristensen,Eintracht Frankfurt,D,Eintracht Frankfurt vs Werder Bremen,90,7.2,,0,2.0,,46,36.0,,3.0,4.0,2.0,1.0,1,0,7.0,11.0
533,Rasmus Kristensen,Eintracht Frankfurt,D,1899 Hoffenheim vs Eintracht Frankfurt,82,7.6,,0,1.0,1.0,40,34.0,,4.0,,,2.0,1,0,7.0,9.0
533,Rasmus Kristensen,Eintracht Frankfurt,D,Bayer Leverkusen vs Eintracht Frankfurt,10,6.7,,0,,,6,6.0,,,,,,0,0,,1.0
533,Rasmus Kristensen,Eintracht Frankfurt,D,SC Freiburg vs Eintracht Frankfurt,90,7.3,,0,,,48,39.0,,5.0,1.0,3.0,,1,0,7.0,11.0
533,Rasmus Kristensen,Eintracht Frankfurt,D,Eintracht Frankfurt vs FC St. Pauli,90,7.6,,0,,,90,82.0,,5.0,,3.0,1.0,0,0,7.0,15.0
533,Rasmus Kristensen,Eintracht Frankfurt,D,1. FC Heidenheim vs Eintracht Frankfurt,90,8.5,1.0,0,1.0,1.0,78,66.0,,2.0,,,,0,0,5.0,9.0
533,Rasmus Kristensen,Eintracht Frankfurt,D,Eintracht Frankfurt vs FSV Mainz 05,79,7.9,,0,,,58,43.0,,2.0,1.0,,3.0,0,0,8.0,11.0
533,Rasmus Kristensen,Eintracht Frankfurt,D,1. FC Köln vs Eintracht Frankfurt,15,6.6,,0,,,10,4.0,,2.0,,,,0,0,6.0,6.0
533,Rasmus Kristensen,Eintracht Frankfurt,D,Eintracht Frankfurt vs VfL Wolfsburg,90,6.9,,0,2.0,1.0,41,29.0,,2.0,2.0,1.0,,0,0,5.0,10.0
533,Rasmus Kristensen,Eintracht Frankfurt,D,RB Leipzig vs Eintracht Frankfurt,90,7,,0,,,52,34.0,,5.0,1.0,1.0,2.0,0,0,13.0,21.0
533,Rasmus Kristensen,Eintracht Frankfurt,D,Eintracht Frankfurt vs FC Augsburg,90,7.5,,0,1.0,,62,49.0,,,1.0,1.0,2.0,0,0,3.0,5.0
533,Rasmus Kristensen,Eintracht Frankfurt,D,Hamburger SV vs Eintracht Frankfurt,71,6.3,,0,,,33,27.0,,,,2.0,,0,0,4.0,8.0
533,Rasmus Kristensen,Eintracht Frankfurt,D,Eintracht Frankfurt vs Borussia Dortmund,90,6.5,,0,,,50,41.0,,1.0,2.0,1.0,,0,0,4.0,5.0
533,Rasmus Kristensen,Eintracht Frankfurt,D,VfB Stuttgart vs Eintracht Frankfurt,90,7,1.0,0,2.0,1.0,41,32.0,,1.0,1.0,1.0,,0,0,2.0,8.0
533,Rasmus Kristensen,Eintracht Frankfurt,D,Werder Bremen vs Eintracht Frankfurt,52,6.2,,0,,,31,22.0,,1.0,,2.0,,0,0,1.0,5.0
533,Rasmus Kristensen,Eintracht Frankfurt,D,Eintracht Frankfurt vs 1899 Hoffenheim,90,6.7,,0,1.0,,45,25.0,,4.0,2.0,1.0,,0,0,9.0,17.0
533,Rasmus Kristensen,Eintracht Frankfurt,D,Eintracht Frankfurt vs Bayer Leverkusen,90,6.3,,0,1.0,1.0,53,42.0,,2.0,,1.0,,1,0,4.0,7.0
533,Rasmus Kristensen,Eintracht Frankfurt,D,Union Berlin vs Eintracht Frankfurt,90,7.2,,0,,,120,110.0,,4.0,2.0,1.0,,0,0,5.0,9.0
533,Rasmus Kristensen,Eintracht Frankfurt,D,Eintracht Frankfurt vs Borussia Mönchengladbach,45,6.9,,0,,,30,24.0,,2.0,1.0,1.0,,0,0,2.0,5.0
269531,Nnamdi Collins,Eintracht Frankfurt,D,Eintracht Frankfurt vs Werder Bremen,90,6.9,,0,,,43,35.0,,5.0,,2.0,,0,0,6.0,10.0
269531,Nnamdi Collins,Eintracht Frankfurt,D,1899 Hoffenheim vs Eintracht Frankfurt,90,6.9,,0,,,37,28.0,,,3.0,,1.0,0,0,4.0,5.0
269531,Nnamdi Collins,Eintracht Frankfurt,D,Bayer Leverkusen vs Eintracht Frankfurt,90,5.3,,0,1.0,,66,56.0,,2.0,,1.0,,0,0,3.0,13.0
269531,Nnamdi Collins,Eintracht Frankfurt,D,Eintracht Frankfurt vs Union Berlin,89,5.6,,0,,,88,79.0,,3.0,3.0,1.0,1.0,1,0,6.0,10.0
269531,Nnamdi Collins,Eintracht Frankfurt,D,Borussia Mönchengladbach vs Eintracht Frankfurt,57,7.2,,0,,,37,32.0,,5.0,,1.0,,0,0,6.0,8.0
269531,Nnamdi Collins,Eintracht Frankfurt,D,Eintracht Frankfurt vs FC St. Pauli,8,6.9,,0,,,4,1.0,,1.0,,1.0,,0,0,3.0,5.0
269531,Nnamdi Collins,Eintracht Frankfurt,D,1. FC Heidenheim vs Eintracht Frankfurt,27,7,,0,,,24,24.0,,,,,,0,0,2.0,3.0
269531,Nnamdi Collins,Eintracht Frankfurt,D,Eintracht Frankfurt vs FSV Mainz 05,11,6.6,,1,,,5,3.0,,,1.0,,,0,0,1.0,4.0
269531,Nnamdi Collins,Eintracht Frankfurt,D,1. FC Köln vs Eintracht Frankfurt,90,6.3,,0,,,65,59.0,,3.0,2.0,,1.0,0,0,6.0,10.0
269531,Nnamdi Collins,Eintracht Frankfurt,D,Eintracht Frankfurt vs VfL Wolfsburg,28,6.3,,0,,,19,18.0,,1.0,,,,0,0,1.0,1.0
269531,Nnamdi Collins,Eintracht Frankfurt,D,RB Leipzig vs Eintracht Frankfurt,90,5.2,,0,,,55,44.0,,2.0,2.0,2.0,2.0,1,0,4.0,7.0
269531,Nnamdi Collins,Eintracht Frankfurt,D,Eintracht Frankfurt vs FC Augsburg,90,7.2,,0,,,63,58.0,,4.0,3.0,2.0,1.0,0,0,8.0,12.0
269531,Nnamdi Collins,Eintracht Frankfurt,D,Hamburger SV vs Eintracht Frankfurt,90,6.5,,0,,,80,68.0,,2.0,2.0,,,0,0,2.0,3.0
269531,Nnamdi Collins,Eintracht Frankfurt,D,Eintracht Frankfurt vs Borussia Dortmund,14,6.2,,0,,,3,3.0,,,,,,0,0,,
269531,Nnamdi Collins,Eintracht Frankfurt,D,VfB Stuttgart vs Eintracht Frankfurt,13,6.3,,0,,,4,3.0,,,,1.0,,0,0,,1.0
269531,Nnamdi Collins,Eintracht Frankfurt,D,Werder Bremen vs Eintracht Frankfurt,90,7.3,1.0,0,1.0,1.0,33,28.0,,4.0,,2.0,,0,0,6.0,9.0
269531,Nnamdi Collins,Eintracht Frankfurt,D,Eintracht Frankfurt vs 1899 Hoffenheim,72,6.2,,0,,,36,31.0,,4.0,2.0,1.0,1.0,0,0,5.0,10.0
269531,Nnamdi Collins,Eintracht Frankfurt,D,Eintracht Frankfurt vs Borussia Mönchengladbach,45,7.2,,0,,,25,22.0,,3.0,3.0,1.0,,0,0,4.0,5.0
269531,Nnamdi Collins,Eintracht Frankfurt,D,Bayern München vs Eintracht Frankfurt,90,6.2,,0,,,63,58.0,,4.0,2.0,2.0,3.0,1,0,8.0,12.0
26238,Robin Koch,Eintracht Frankfurt,D,Eintracht Frankfurt vs Werder Bremen,90,7.9,,0,1.0,,61,57.0,,1.0,2.0,1.0,,0,0,5.0,6.0
26238,Robin Koch,Eintracht Frankfurt,D,1899 Hoffenheim vs Eintracht Frankfurt,90,6.7,,0,,,28,25.0,,,1.0,,,0,0,1.0,5.0
26238,Robin Koch,Eintracht Frankfurt,D,Bayer Leverkusen vs Eintracht Frankfurt,90,6.2,,0,1.0,,76,68.0,,,2.0,1.0,,0,0,4.0,12.0
26238,Robin Koch,Eintracht Frankfurt,D,Eintracht Frankfurt vs Union Berlin,90,6.9,,0,2.0,1.0,111,102.0,,,2.0,1.0,1.0,0,0,11.0,14.0
26238,Robin Koch,Eintracht Frankfurt,D,Borussia Mönchengladbach vs Eintracht Frankfurt,90,8.7,2.0,0,2.0,2.0,82,75.0,,,1.0,1.0,1.0,0,0,4.0,5.0
26238,Robin Koch,Eintracht Frankfurt,D,Eintracht Frankfurt vs Bayern München,90,6.9,,0,,,80,71.0,,,1.0,,1.0,0,0,4.0,6.0
26238,Robin Koch,Eintracht Frankfurt,D,SC Freiburg vs Eintracht Frankfurt,90,5.9,,0,,,57,49.0,,1.0,,4.0,,0,0,4.0,9.0
26238,Robin Koch,Eintracht Frankfurt,D,Eintracht Frankfurt vs FC St. Pauli,90,7.3,,0,,,106,102.0,,2.0,,1.0,,0,0,5.0,7.0
26238,Robin Koch,Eintracht Frankfurt,D,1. FC Heidenheim vs Eintracht Frankfurt,90,7.3,,0,3.0,,99,92.0,,3.0,,,,0,0,6.0,10.0
26238,Robin Koch,Eintracht Frankfurt,D,Eintracht Frankfurt vs FSV Mainz 05,90,7.9,,0,,,75,70.0,,2.0,1.0,,,0,0,10.0,12.0
26238,Robin Koch,Eintracht Frankfurt,D,1. FC Köln vs Eintracht Frankfurt,90,6.6,,0,,,78,76.0,,1.0,2.0,,,0,0,5.0,9.0
26238,Robin Koch,Eintracht Frankfurt,D,Eintracht Frankfurt vs VfL Wolfsburg,90,7.3,,0,,,51,44.0,,,1.0,,1.0,0,0,5.0,8.0
26238,Robin Koch,Eintracht Frankfurt,D,RB Leipzig vs Eintracht Frankfurt,90,5.5,,0,,,51,47.0,,1.0,,2.0,,0,0,4.0,11.0
26238,Robin Koch,Eintracht Frankfurt,D,Eintracht Frankfurt vs FC Augsburg,62,6.9,,0,,,67,61.0,,1.0,2.0,,,0,0,1.0,3.0
26238,Robin Koch,Eintracht Frankfurt,D,Hamburger SV vs Eintracht Frankfurt,90,7.2,,0,1.0,,68,62.0,,2.0,1.0,1.0,2.0,0,0,11.0,15.0
26238,Robin Koch,Eintracht Frankfurt,D,Eintracht Frankfurt vs Borussia Dortmund,90,6.5,,0,,,30,25.0,,2.0,2.0,1.0,1.0,0,0,3.0,6.0
26238,Robin Koch,Eintracht Frankfurt,D,VfB Stuttgart vs Eintracht Frankfurt,90,6.3,,0,,,33,24.0,,,4.0,1.0,,0,0,5.0,6.0
26238,Robin Koch,Eintracht Frankfurt,D,Werder Bremen vs Eintracht Frankfurt,90,6.7,,0,,,25,20.0,,1.0,2.0,1.0,1.0,0,0,5.0,10.0
26238,Robin Koch,Eintracht Frankfurt,D,Eintracht Frankfurt vs 1899 Hoffenheim,90,6,,0,,,47,36.0,,1.0,2.0,2.0,,0,0,4.0,8.0
26238,Robin Koch,Eintracht Frankfurt,D,Eintracht Frankfurt vs Bayer Leverkusen,90,7.6,1.0,0,2.0,2.0,54,50.0,,3.0,,,,0,0,5.0,9.0
26238,Robin Koch,Eintracht Frankfurt,D,Union Berlin vs Eintracht Frankfurt,90,6.9,,0,,,105,100.0,,1.0,2.0,2.0,,0,0,4.0,7.0
26238,Robin Koch,Eintracht Frankfurt,D,Eintracht Frankfurt vs Borussia Mönchengladbach,90,7.7,,0,,,44,41.0,,3.0,2.0,2.0,,1,0,5.0,8.0
204043,Arthur Theate,Eintracht Frankfurt,D,Eintracht Frankfurt vs Werder Bremen,90,6.7,,0,,,53,47.0,,2.0,2.0,,,0,0,4.0,8.0
204043,Arthur Theate,Eintracht Frankfurt,D,1899 Hoffenheim vs Eintracht Frankfurt,90,7.2,,0,,,38,31.0,,1.0,1.0,1.0,1.0,0,0,3.0,5.0
204043,Arthur Theate,Eintracht Frankfurt,D,Bayer Leverkusen vs Eintracht Frankfurt,90,5.9,,0,1.0,,85,78.0,,1.0,,2.0,3.0,1,0,4.0,14.0
204043,Arthur Theate,Eintracht Frankfurt,D,Eintracht Frankfurt vs Union Berlin,90,6.7,,0,,,109,100.0,,,1.0,1.0,,1,0,4.0,6.0
204043,Arthur Theate,Eintracht Frankfurt,D,Borussia Mönchengladbach vs Eintracht Frankfurt,90,6.2,,0,,,98,83.0,,,,1.0,,0,0,2.0,5.0
204043,Arthur Theate,Eintracht Frankfurt,D,Eintracht Frankfurt vs Bayern München,90,5.9,,0,,,72,66.0,,,1.0,,,0,0,,1.0
204043,Arthur Theate,Eintracht Frankfurt,D,SC Freiburg vs Eintracht Frankfurt,90,6.7,,0,,,47,38.0,,4.0,1.0,,,0,0,5.0,6.0
204043,Arthur Theate,Eintracht Frankfurt,D,Eintracht Frankfurt vs FC St. Pauli,90,7.5,,0,,,75,69.0,,2.0,2.0,,,0,0,3.0,6.0
204043,Arthur Theate,Eintracht Frankfurt,D,1. FC Heidenheim vs Eintracht Frankfurt,90,7.3,,0,2.0,2.0,99,91.0,,,1.0,2.0,,1,0,3.0,6.0
204043,Arthur Theate,Eintracht Frankfurt,D,Eintracht Frankfurt vs FSV Mainz 05,90,7.3,,0,,,78,73.0,,1.0,1.0,1.0,1.0,0,0,6.0,10.0
204043,Arthur Theate,Eintracht Frankfurt,D,1. FC Köln vs Eintracht Frankfurt,90,7.7,1.0,0,1.0,1.0,84,81.0,,,2.0,,,0,0,1.0,6.0
204043,Arthur Theate,Eintracht Frankfurt,D,Eintracht Frankfurt vs VfL Wolfsburg,90,8.5,,0,1.0,1.0,70,64.0,,3.0,,,2.0,0,0,6.0,9.0
204043,Arthur Theate,Eintracht Frankfurt,D,RB Leipzig vs Eintracht Frankfurt,90,5.6,,0,,,50,49.0,,2.0,2.0,1.0,,1,0,2.0,6.0
204043,Arthur Theate,Eintracht Frankfurt,D,Eintracht Frankfurt vs FC Augsburg,90,7.3,,0,1.0,,39,31.0,,2.0,2.0,,,1,0,4.0,9.0
204043,Arthur Theate,Eintracht Frankfurt,D,Eintracht Frankfurt vs Borussia Dortmund,83,7,,0,,,41,35.0,,6.0,3.0,1.0,,1,0,8.0,10.0
204043,Arthur Theate,Eintracht Frankfurt,D,VfB Stuttgart vs Eintracht Frankfurt,90,6.9,,0,1.0,,28,23.0,,,4.0,1.0,,1,0,1.0,7.0
204043,Arthur Theate,Eintracht Frankfurt,D,Werder Bremen vs Eintracht Frankfurt,90,6.2,,0,,,38,32.0,,3.0,,,1.0,1,0,4.0,5.0
204043,Arthur Theate,Eintracht Frankfurt,D,Eintracht Frankfurt vs Bayer Leverkusen,90,6.3,,0,1.0,,79,72.0,,2.0,1.0,,4.0,0,0,6.0,8.0
204043,Arthur Theate,Eintracht Frankfurt,D,Union Berlin vs Eintracht Frankfurt,89,7.2,,0,,,96,85.0,,1.0,,,1.0,0,0,4.0,6.0
335094,Hugo Larsson,Eintracht Frankfurt,M,Eintracht Frankfurt vs Werder Bremen,83,7.2,,1,,,49,44.0,,,2.0,1.0,,0,0,,2.0
335094,Hugo Larsson,Eintracht Frankfurt,M,1899 Hoffenheim vs Eintracht Frankfurt,90,6.6,,1,,,39,27.0,,2.0,2.0,,,0,0,3.0,5.0
335094,Hugo Larsson,Eintracht Frankfurt,M,Eintracht Frankfurt vs Union Berlin,61,6.3,,0,1.0,1.0,41,30.0,,1.0,,,,0,0,1.0,2.0
335094,Hugo Larsson,Eintracht Frankfurt,M,Eintracht Frankfurt vs Bayern München,65,6.7,,0,,,29,24.0,,,1.0,1.0,,0,0,,1.0
335094,Hugo Larsson,Eintracht Frankfurt,M,SC Freiburg vs Eintracht Frankfurt,80,6.3,,0,,,28,24.0,,1.0,1.0,,,0,0,1.0,3.0
335094,Hugo Larsson,Eintracht Frankfurt,M,Eintracht Frankfurt vs FC St. Pauli,8,6.5,,0,,,0,,,,,,,0,0,,
335094,Hugo Larsson,Eintracht Frankfurt,M,1. FC Heidenheim vs Eintracht Frankfurt,90,6.9,,0,1.0,,87,71.0,,2.0,3.0,,,0,0,3.0,3.0
335094,Hugo Larsson,Eintracht Frankfurt,M,Eintracht Frankfurt vs FSV Mainz 05,45,6.9,,0,,,24,19.0,,1.0,,,,0,0,2.0,4.0
335094,Hugo Larsson,Eintracht Frankfurt,M,RB Leipzig vs Eintracht Frankfurt,34,6.2,,0,,,14,13.0,,1.0,,1.0,,0,0,2.0,3.0
335094,Hugo Larsson,Eintracht Frankfurt,M,Hamburger SV vs Eintracht Frankfurt,71,7.7,1.0,0,1.0,1.0,32,29.0,,,,,,0,0,1.0,3.0
335094,Hugo Larsson,Eintracht Frankfurt,M,Eintracht Frankfurt vs Borussia Dortmund,90,6.7,,0,,,29,25.0,,,1.0,1.0,,0,0,2.0,4.0
335094,Hugo Larsson,Eintracht Frankfurt,M,Eintracht Frankfurt vs 1899 Hoffenheim,29,6.5,,0,1.0,,16,14.0,,,,,,0,0,,
335094,Hugo Larsson,Eintracht Frankfurt,M,Eintracht Frankfurt vs Bayer Leverkusen,57,6.5,,0,,,33,28.0,,,,,,0,0,,2.0
335094,Hugo Larsson,Eintracht Frankfurt,M,Union Berlin vs Eintracht Frankfurt,90,6.7,,0,,,59,43.0,,2.0,1.0,,,0,0,3.0,4.0
335094,Hugo Larsson,Eintracht Frankfurt,M,Eintracht Frankfurt vs Borussia Mönchengladbach,79,7.2,,0,1.0,1.0,35,32.0,,1.0,1.0,,,0,0,3.0,3.0
335094,Hugo Larsson,Eintracht Frankfurt,M,Bayern München vs Eintracht Frankfurt,90,6.9,,0,,,48,43.0,,1.0,,2.0,,0,0,1.0,7.0
276670,Farès Chaïbi,Eintracht Frankfurt,M,Eintracht Frankfurt vs Werder Bremen,90,7.6,,1,1.0,,47,40.0,,3.0,3.0,,3.0,0,0,8.0,11.0
276670,Farès Chaïbi,Eintracht Frankfurt,M,1899 Hoffenheim vs Eintracht Frankfurt,90,6.3,,0,,,33,21.0,,3.0,,1.0,,1,0,6.0,11.0
276670,Farès Chaïbi,Eintracht Frankfurt,M,Bayer Leverkusen vs Eintracht Frankfurt,90,6.2,,0,1.0,,33,27.0,,1.0,,1.0,1.0,0,0,4.0,8.0
276670,Farès Chaïbi,Eintracht Frankfurt,M,Eintracht Frankfurt vs Union Berlin,61,6.5,,0,1.0,1.0,60,49.0,,1.0,1.0,,,0,0,3.0,5.0
276670,Farès Chaïbi,Eintracht Frankfurt,M,Borussia Mönchengladbach vs Eintracht Frankfurt,90,8.3,1.0,2,2.0,1.0,41,36.0,,,,,1.0,0,0,2.0,7.0
276670,Farès Chaïbi,Eintracht Frankfurt,M,Eintracht Frankfurt vs Bayern München,25,6.3,,0,,,15,11.0,,,,,2.0,0,0,2.0,2.0
276670,Farès Chaïbi,Eintracht Frankfurt,M,SC Freiburg vs Eintracht Frankfurt,65,6.5,,1,,,20,10.0,,2.0,2.0,,,0,0,2.0,6.0
276670,Farès Chaïbi,Eintracht Frankfurt,M,Eintracht Frankfurt vs FC St. Pauli,86,7.2,,1,,,45,33.0,,3.0,1.0,,,0,0,3.0,4.0
276670,Farès Chaïbi,Eintracht Frankfurt,M,Eintracht Frankfurt vs FSV Mainz 05,45,6.5,,0,,,10,6.0,,,,,,0,0,1.0,5.0
276670,Farès Chaïbi,Eintracht Frankfurt,M,1. FC Köln vs Eintracht Frankfurt,90,6.7,,1,2.0,1.0,38,33.0,,,,,,0,0,1.0,2.0
276670,Farès Chaïbi,Eintracht Frankfurt,M,Eintracht Frankfurt vs VfL Wolfsburg,90,6.3,,0,,,37,30.0,,1.0,,3.0,,0,0,4.0,11.0
276670,Farès Chaïbi,Eintracht Frankfurt,M,RB Leipzig vs Eintracht Frankfurt,90,6.3,,0,1.0,1.0,42,33.0,,3.0,1.0,3.0,,0,0,6.0,14.0
276670,Farès Chaïbi,Eintracht Frankfurt,M,Eintracht Frankfurt vs FC Augsburg,45,6.3,,0,,,8,6.0,,2.0,,2.0,1.0,0,0,3.0,8.0
276670,Farès Chaïbi,Eintracht Frankfurt,M,Werder Bremen vs Eintracht Frankfurt,83,6.2,,1,1.0,,22,15.0,,1.0,1.0,,,0,0,3.0,5.0
276670,Farès Chaïbi,Eintracht Frankfurt,M,Eintracht Frankfurt vs 1899 Hoffenheim,61,6.2,,0,1.0,1.0,28,19.0,,,,,2.0,0,0,3.0,7.0
276670,Farès Chaïbi,Eintracht Frankfurt,M,Union Berlin vs Eintracht Frankfurt,67,6.3,,0,1.0,,28,24.0,,,,,2.0,0,0,3.0,7.0
276670,Farès Chaïbi,Eintracht Frankfurt,M,Bayern München vs Eintracht Frankfurt,13,6.7,,0,,,7,5.0,,,,,,0,0,,
2598,Ritsu Doan,Eintracht Frankfurt,M,Eintracht Frankfurt vs Werder Bremen,83,7.3,,0,1.0,,27,23.0,,1.0,2.0,,,0,0,7.0,11.0
2598,Ritsu Doan,Eintracht Frankfurt,M,1899 Hoffenheim vs Eintracht Frankfurt,78,9.2,2.0,1,2.0,2.0,23,20.0,,1.0,1.0,1.0,2.0,0,0,3.0,8.0
2598,Ritsu Doan,Eintracht Frankfurt,M,Bayer Leverkusen vs Eintracht Frankfurt,90,5.9,,0,1.0,,29,21.0,,1.0,,,1.0,0,0,6.0,16.0
2598,Ritsu Doan,Eintracht Frankfurt,M,Eintracht Frankfurt vs Union Berlin,90,6.9,,0,2.0,2.0,49,41.0,,1.0,,2.0,2.0,1,0,3.0,10.0
2598,Ritsu Doan,Eintracht Frankfurt,M,Borussia Mönchengladbach vs Eintracht Frankfurt,71,7.3,,2,2.0,,33,22.0,,1.0,,,2.0,0,0,4.0,8.0
2598,Ritsu Doan,Eintracht Frankfurt,M,Eintracht Frankfurt vs Bayern München,90,6.5,,0,2.0,1.0,26,17.0,,2.0,1.0,2.0,1.0,0,0,5.0,10.0
2598,Ritsu Doan,Eintracht Frankfurt,M,SC Freiburg vs Eintracht Frankfurt,74,6.2,,0,,,19,13.0,,2.0,1.0,,1.0,0,0,3.0,8.0
2598,Ritsu Doan,Eintracht Frankfurt,M,Eintracht Frankfurt vs FC St. Pauli,86,7,,0,2.0,1.0,29,25.0,,1.0,2.0,2.0,,0,0,5.0,11.0
2598,Ritsu Doan,Eintracht Frankfurt,M,1. FC Heidenheim vs Eintracht Frankfurt,63,6.2,,0,,,39,33.0,,1.0,,,1.0,0,0,3.0,6.0
2598,Ritsu Doan,Eintracht Frankfurt,M,Eintracht Frankfurt vs FSV Mainz 05,90,8.5,1.0,0,1.0,1.0,33,28.0,,5.0,1.0,1.0,3.0,0,0,12.0,23.0
2598,Ritsu Doan,Eintracht Frankfurt,M,1. FC Köln vs Eintracht Frankfurt,84,6.9,,1,,,37,32.0,,1.0,,,,0,0,2.0,5.0
2598,Ritsu Doan,Eintracht Frankfurt,M,Eintracht Frankfurt vs VfL Wolfsburg,90,7.5,,0,2.0,,40,33.0,,1.0,,,2.0,0,0,10.0,14.0
2598,Ritsu Doan,Eintracht Frankfurt,M,RB Leipzig vs Eintracht Frankfurt,67,6.2,,0,,,23,11.0,,3.0,1.0,1.0,,0,0,5.0,10.0
2598,Ritsu Doan,Eintracht Frankfurt,M,Eintracht Frankfurt vs FC Augsburg,90,8,1.0,0,2.0,1.0,31,19.0,,1.0,1.0,,2.0,0,0,6.0,11.0
2598,Ritsu Doan,Eintracht Frankfurt,M,Hamburger SV vs Eintracht Frankfurt,90,6.2,,0,,,39,30.0,,1.0,,1.0,1.0,0,0,2.0,10.0
2598,Ritsu Doan,Eintracht Frankfurt,M,Eintracht Frankfurt vs Borussia Dortmund,90,6.9,,0,,,30,21.0,,3.0,,,,0,0,6.0,11.0
2598,Ritsu Doan,Eintracht Frankfurt,M,VfB Stuttgart vs Eintracht Frankfurt,77,6.2,,1,1.0,1.0,20,14.0,,3.0,1.0,3.0,1.0,0,0,4.0,16.0
2598,Ritsu Doan,Eintracht Frankfurt,M,Werder Bremen vs Eintracht Frankfurt,83,6.3,,0,1.0,1.0,23,16.0,,4.0,1.0,1.0,2.0,1,0,7.0,16.0
2598,Ritsu Doan,Eintracht Frankfurt,M,Eintracht Frankfurt vs 1899 Hoffenheim,90,6.6,,0,1.0,,25,14.0,,,1.0,,2.0,0,0,4.0,10.0
2598,Ritsu Doan,Eintracht Frankfurt,M,Eintracht Frankfurt vs Bayer Leverkusen,69,6.6,,0,,,27,19.0,,1.0,1.0,1.0,1.0,0,0,4.0,12.0
2598,Ritsu Doan,Eintracht Frankfurt,M,Union Berlin vs Eintracht Frankfurt,82,6.2,,0,,,36,33.0,,1.0,,1.0,,0,0,3.0,13.0
2598,Ritsu Doan,Eintracht Frankfurt,M,Eintracht Frankfurt vs Borussia Mönchengladbach,90,7.3,,0,1.0,1.0,27,24.0,,,1.0,,2.0,0,0,4.0,5.0
2598,Ritsu Doan,Eintracht Frankfurt,M,Bayern München vs Eintracht Frankfurt,60,6.2,,0,,,17,11.0,,1.0,,1.0,1.0,0,0,2.0,10.0
339887,Can Uzun,Eintracht Frankfurt,M,Eintracht Frankfurt vs Werder Bremen,74,10,1.0,2,1.0,1.0,40,32.0,,3.0,,,1.0,0,0,5.0,8.0
339887,Can Uzun,Eintracht Frankfurt,M,1899 Hoffenheim vs Eintracht Frankfurt,63,7.3,1.0,0,2.0,2.0,23,19.0,,1.0,,4.0,,0,0,1.0,11.0
339887,Can Uzun,Eintracht Frankfurt,M,Bayer Leverkusen vs Eintracht Frankfurt,83,7.3,1.0,0,3.0,1.0,41,39.0,,1.0,,1.0,,1,0,2.0,6.0
339887,Can Uzun,Eintracht Frankfurt,M,Eintracht Frankfurt vs Union Berlin,90,8.3,1.0,0,3.0,2.0,53,44.0,,,,1.0,2.0,0,0,3.0,8.0
339887,Can Uzun,Eintracht Frankfurt,M,Borussia Mönchengladbach vs Eintracht Frankfurt,57,8.5,1.0,1,4.0,1.0,42,35.0,,,,,4.0,0,0,6.0,9.0
339887,Can Uzun,Eintracht Frankfurt,M,Eintracht Frankfurt vs Bayern München,65,6.5,,0,1.0,,20,14.0,,,,,,0,0,1.0,1.0
339887,Can Uzun,Eintracht Frankfurt,M,SC Freiburg vs Eintracht Frankfurt,65,6.2,,0,,,19,14.0,,1.0,,1.0,1.0,1,0,3.0,10.0
339887,Can Uzun,Eintracht Frankfurt,M,Eintracht Frankfurt vs FC St. Pauli,71,6.9,,0,2.0,1.0,35,28.0,,1.0,,,2.0,0,0,4.0,6.0
339887,Can Uzun,Eintracht Frankfurt,M,1. FC Heidenheim vs Eintracht Frankfurt,26,6.9,,0,,,19,18.0,,2.0,,,1.0,0,0,3.0,3.0
339887,Can Uzun,Eintracht Frankfurt,M,Eintracht Frankfurt vs FC Augsburg,45,6.3,,0,,,13,10.0,,,,1.0,3.0,0,0,5.0,11.0
339887,Can Uzun,Eintracht Frankfurt,M,Hamburger SV vs Eintracht Frankfurt,19,6.7,,0,,,16,16.0,,,,2.0,1.0,0,0,1.0,3.0
339887,Can Uzun,Eintracht Frankfurt,M,Eintracht Frankfurt vs Borussia Dortmund,63,6.6,1.0,0,2.0,2.0,35,27.0,,,1.0,1.0,1.0,0,0,1.0,8.0
339887,Can Uzun,Eintracht Frankfurt,M,Werder Bremen vs Eintracht Frankfurt,25,6.3,,0,,,9,7.0,,,,1.0,,0,0,,3.0
339887,Can Uzun,Eintracht Frankfurt,M,Eintracht Frankfurt vs 1899 Hoffenheim,61,7.2,,0,,,22,14.0,,1.0,,,2.0,0,0,4.0,5.0
369674,Jean-Mattéo Bahoya,Eintracht Frankfurt,M,Eintracht Frankfurt vs Werder Bremen,67,9.6,2.0,0,3.0,2.0,29,26.0,,2.0,,,2.0,0,0,8.0,11.0
369674,Jean-Mattéo Bahoya,Eintracht Frankfurt,M,1899 Hoffenheim vs Eintracht Frankfurt,63,7.3,,1,1.0,1.0,16,11.0,,1.0,,,3.0,0,0,4.0,6.0
369674,Jean-Mattéo Bahoya,Eintracht Frankfurt,M,Bayer Leverkusen vs Eintracht Frankfurt,83,7,,0,,,20,16.0,,1.0,1.0,,1.0,0,0,3.0,6.0
369674,Jean-Mattéo Bahoya,Eintracht Frankfurt,M,Eintracht Frankfurt vs Union Berlin,61,6.3,,0,,,13,11.0,,1.0,,1.0,1.0,0,0,3.0,8.0
369674,Jean-Mattéo Bahoya,Eintracht Frankfurt,M,Eintracht Frankfurt vs Bayern München,78,6.9,,0,1.0,,24,19.0,,4.0,3.0,1.0,2.0,0,0,10.0,14.0
369674,Jean-Mattéo Bahoya,Eintracht Frankfurt,M,SC Freiburg vs Eintracht Frankfurt,10,6.7,,0,,,5,5.0,,,,,,0,0,,1.0
369674,Jean-Mattéo Bahoya,Eintracht Frankfurt,M,Eintracht Frankfurt vs FC St. Pauli,19,6.3,,0,,,2,,,,,1.0,,0,0,,3.0
369674,Jean-Mattéo Bahoya,Eintracht Frankfurt,M,1. FC Heidenheim vs Eintracht Frankfurt,14,6.9,,0,,,14,10.0,,3.0,,1.0,,0,0,4.0,5.0
369674,Jean-Mattéo Bahoya,Eintracht Frankfurt,M,Eintracht Frankfurt vs FSV Mainz 05,45,6.9,,0,1.0,,20,17.0,,2.0,,1.0,2.0,0,0,5.0,10.0
369674,Jean-Mattéo Bahoya,Eintracht Frankfurt,M,1. FC Köln vs Eintracht Frankfurt,13,6.5,,0,,,6,4.0,,1.0,,1.0,,0,0,2.0,4.0
369674,Jean-Mattéo Bahoya,Eintracht Frankfurt,M,Eintracht Frankfurt vs VfL Wolfsburg,62,6.9,,0,,,20,15.0,,2.0,1.0,,1.0,0,0,4.0,6.0
369674,Jean-Mattéo Bahoya,Eintracht Frankfurt,M,RB Leipzig vs Eintracht Frankfurt,56,6.7,,0,1.0,1.0,14,12.0,,1.0,,,1.0,0,0,2.0,2.0
369674,Jean-Mattéo Bahoya,Eintracht Frankfurt,M,Eintracht Frankfurt vs FC Augsburg,10,6.2,,0,,,1,1.0,,,,1.0,,0,0,,2.0
369674,Jean-Mattéo Bahoya,Eintracht Frankfurt,M,Hamburger SV vs Eintracht Frankfurt,45,6.9,,0,,,15,11.0,,3.0,,,,0,0,6.0,9.0
369674,Jean-Mattéo Bahoya,Eintracht Frankfurt,M,VfB Stuttgart vs Eintracht Frankfurt,70,6.3,,0,,,18,14.0,,1.0,3.0,2.0,,0,0,2.0,8.0
369674,Jean-Mattéo Bahoya,Eintracht Frankfurt,M,Eintracht Frankfurt vs 1899 Hoffenheim,18,6.3,,0,1.0,,11,9.0,,,,,1.0,0,0,1.0,2.0
369674,Jean-Mattéo Bahoya,Eintracht Frankfurt,M,Eintracht Frankfurt vs Bayer Leverkusen,12,6.3,,0,,,4,4.0,,,,,,0,0,,
369674,Jean-Mattéo Bahoya,Eintracht Frankfurt,M,Union Berlin vs Eintracht Frankfurt,23,6.5,,0,,,7,6.0,,,,1.0,1.0,0,0,1.0,3.0
369674,Jean-Mattéo Bahoya,Eintracht Frankfurt,M,Eintracht Frankfurt vs Borussia Mönchengladbach,90,7.9,,2,,,23,19.0,,,,,1.0,0,0,3.0,9.0
369674,Jean-Mattéo Bahoya,Eintracht Frankfurt,M,Bayern München vs Eintracht Frankfurt,90,6.9,,0,1.0,1.0,33,29.0,,1.0,1.0,2.0,,1,0,6.0,15.0
25926,Jonathan Burkardt,Eintracht Frankfurt,F,Eintracht Frankfurt vs Werder Bremen,67,6.2,,0,3.0,,10,7.0,,,,1.0,1.0,0,0,1.0,3.0
25926,Jonathan Burkardt,Eintracht Frankfurt,F,Bayer Leverkusen vs Eintracht Frankfurt,83,6.3,,0,2.0,,9,7.0,,,,,,0,0,1.0,2.0
25926,Jonathan Burkardt,Eintracht Frankfurt,F,Eintracht Frankfurt vs Union Berlin,29,7,1.0,0,1.0,1.0,5,4.0,,,,1.0,1.0,0,0,2.0,6.0
25926,Jonathan Burkardt,Eintracht Frankfurt,F,Borussia Mönchengladbach vs Eintracht Frankfurt,71,7.3,1.0,0,1.0,1.0,12,10.0,,,,,,0,0,,4.0
25926,Jonathan Burkardt,Eintracht Frankfurt,F,Eintracht Frankfurt vs Bayern München,82,5.9,,0,1.0,,14,9.0,,,1.0,3.0,1.0,1,0,2.0,12.0
25926,Jonathan Burkardt,Eintracht Frankfurt,F,SC Freiburg vs Eintracht Frankfurt,80,8.9,2.0,0,3.0,3.0,12,9.0,,1.0,,1.0,1.0,0,0,3.0,9.0
25926,Jonathan Burkardt,Eintracht Frankfurt,F,Eintracht Frankfurt vs FC St. Pauli,78,8.9,2.0,0,3.0,3.0,14,11.0,,,,,,0,0,,3.0
25926,Jonathan Burkardt,Eintracht Frankfurt,F,1. FC Heidenheim vs Eintracht Frankfurt,27,6.3,,0,1.0,,11,6.0,,,,,1.0,0,0,3.0,4.0
25926,Jonathan Burkardt,Eintracht Frankfurt,F,Eintracht Frankfurt vs FSV Mainz 05,90,6.2,,0,,,15,14.0,,2.0,,1.0,2.0,0,0,5.0,17.0
25926,Jonathan Burkardt,Eintracht Frankfurt,F,1. FC Köln vs Eintracht Frankfurt,78,9.2,2.0,0,4.0,4.0,18,12.0,,,,1.0,,0,0,6.0,10.0
25926,Jonathan Burkardt,Eintracht Frankfurt,F,Bayern München vs Eintracht Frankfurt,30,6.9,1.0,0,2.0,1.0,1,1.0,,1.0,,,2.0,0,0,3.0,5.0
161922,Ansgar Knauff,Eintracht Frankfurt,F,Eintracht Frankfurt vs Werder Bremen,23,7.6,1.0,0,2.0,2.0,10,8.0,,1.0,,,1.0,0,0,2.0,5.0
161922,Ansgar Knauff,Eintracht Frankfurt,F,1899 Hoffenheim vs Eintracht Frankfurt,27,6.6,,0,1.0,,5,4.0,,,,1.0,2.0,0,0,3.0,6.0
161922,Ansgar Knauff,Eintracht Frankfurt,F,Bayer Leverkusen vs Eintracht Frankfurt,17,6.5,,0,,,2,1.0,,,,,,0,0,,1.0
161922,Ansgar Knauff,Eintracht Frankfurt,F,Eintracht Frankfurt vs Union Berlin,29,6.3,,0,,,6,4.0,,,,,,0,0,,2.0
161922,Ansgar Knauff,Eintracht Frankfurt,F,Borussia Mönchengladbach vs Eintracht Frankfurt,90,7.5,1.0,0,1.0,1.0,35,26.0,,2.0,1.0,3.0,1.0,1,0,10.0,15.0
161922,Ansgar Knauff,Eintracht Frankfurt,F,Eintracht Frankfurt vs Bayern München,25,6.3,,0,,,5,4.0,,,,,,0,0,,
161922,Ansgar Knauff,Eintracht Frankfurt,F,SC Freiburg vs Eintracht Frankfurt,16,6.2,,0,,,7,4.0,,,1.0,2.0,,0,0,,3.0
161922,Ansgar Knauff,Eintracht Frankfurt,F,Eintracht Frankfurt vs FC St. Pauli,71,7,,0,,,16,13.0,,1.0,,1.0,1.0,0,0,4.0,10.0
161922,Ansgar Knauff,Eintracht Frankfurt,F,1. FC Heidenheim vs Eintracht Frankfurt,76,6,,0,1.0,,31,26.0,,1.0,1.0,5.0,1.0,1,0,4.0,12.0
161922,Ansgar Knauff,Eintracht Frankfurt,F,Eintracht Frankfurt vs FSV Mainz 05,66,6.6,,0,2.0,1.0,15,8.0,,,1.0,,,0,0,1.0,3.0
161922,Ansgar Knauff,Eintracht Frankfurt,F,1. FC Köln vs Eintracht Frankfurt,77,6.7,,1,,,26,18.0,,1.0,,1.0,1.0,0,0,5.0,12.0
161922,Ansgar Knauff,Eintracht Frankfurt,F,Eintracht Frankfurt vs VfL Wolfsburg,82,6.2,,0,,,18,13.0,,1.0,,,,0,0,1.0,6.0
161922,Ansgar Knauff,Eintracht Frankfurt,F,Eintracht Frankfurt vs FC Augsburg,80,6.3,,0,3.0,3.0,20,13.0,,,1.0,2.0,,0,0,,6.0
161922,Ansgar Knauff,Eintracht Frankfurt,F,Hamburger SV vs Eintracht Frankfurt,83,6.3,,0,1.0,1.0,14,8.0,,,,1.0,1.0,0,0,2.0,6.0
161922,Ansgar Knauff,Eintracht Frankfurt,F,Eintracht Frankfurt vs Borussia Dortmund,77,6.5,,0,3.0,2.0,10,9.0,,,,,1.0,0,0,1.0,6.0
161922,Ansgar Knauff,Eintracht Frankfurt,F,VfB Stuttgart vs Eintracht Frankfurt,67,6.2,,0,1.0,,7,6.0,,2.0,1.0,1.0,1.0,0,0,3.0,9.0
161922,Ansgar Knauff,Eintracht Frankfurt,F,Werder Bremen vs Eintracht Frankfurt,38,7.2,1.0,0,1.0,1.0,9,4.0,,,,2.0,,0,0,1.0,7.0
161922,Ansgar Knauff,Eintracht Frankfurt,F,Eintracht Frankfurt vs 1899 Hoffenheim,29,6.2,,0,,,4,3.0,,,,1.0,,0,0,,3.0
161922,Ansgar Knauff,Eintracht Frankfurt,F,Eintracht Frankfurt vs Bayer Leverkusen,21,6.5,,0,,,6,4.0,,,1.0,,,0,0,,1.0
161922,Ansgar Knauff,Eintracht Frankfurt,F,Eintracht Frankfurt vs Borussia Mönchengladbach,20,7.6,1.0,0,2.0,2.0,3,1.0,,1.0,,,,0,0,2.0,4.0
162707,Elye Wahi,Eintracht Frankfurt,F,Eintracht Frankfurt vs Werder Bremen,23,6.5,,0,,,7,6.0,,,,,,0,0,,3.0
162707,Elye Wahi,Eintracht Frankfurt,F,1899 Hoffenheim vs Eintracht Frankfurt,83,6.5,,0,,,14,11.0,,1.0,,1.0,1.0,0,0,4.0,6.0
162707,Elye Wahi,Eintracht Frankfurt,F,Bayer Leverkusen vs Eintracht Frankfurt,17,6.3,,0,1.0,1.0,3,3.0,,,,,,1,0,,
162707,Elye Wahi,Eintracht Frankfurt,F,Eintracht Frankfurt vs Union Berlin,69,6,,1,1.0,,17,15.0,,1.0,,1.0,1.0,0,0,2.0,7.0
162707,Elye Wahi,Eintracht Frankfurt,F,Borussia Mönchengladbach vs Eintracht Frankfurt,19,6.3,,0,,,7,5.0,,,,,1.0,0,0,1.0,4.0
162707,Elye Wahi,Eintracht Frankfurt,F,Eintracht Frankfurt vs Bayern München,8,6.3,,0,,,2,2.0,,,,,,0,0,,
162707,Elye Wahi,Eintracht Frankfurt,F,Eintracht Frankfurt vs FC St. Pauli,12,6.9,,0,,,4,4.0,,,,,,0,0,2.0,3.0
162707,Elye Wahi,Eintracht Frankfurt,F,1. FC Heidenheim vs Eintracht Frankfurt,76,6,,0,1.0,,16,14.0,,,,,1.0,0,0,2.0,7.0
162707,Elye Wahi,Eintracht Frankfurt,F,Eintracht Frankfurt vs FSV Mainz 05,11,6.6,,0,3.0,2.0,2,1.0,,,,,,0,0,1.0,2.0
162707,Elye Wahi,Eintracht Frankfurt,F,1. FC Köln vs Eintracht Frankfurt,12,6.5,,0,,,7,5.0,,,,,,0,0,1.0,2.0
16,Mario Götze,Eintracht Frankfurt,M,Eintracht Frankfurt vs Werder Bremen,16,6.3,,0,,,7,7.0,,,,,,0,0,,1.0
16,Mario Götze,Eintracht Frankfurt,M,Borussia Mönchengladbach vs Eintracht Frankfurt,33,6.3,,0,,,17,15.0,,1.0,,,1.0,0,0,2.0,2.0
16,Mario Götze,Eintracht Frankfurt,M,Eintracht Frankfurt vs Bayern München,12,6.3,,0,,,2,2.0,,1.0,1.0,,,0,0,1.0,1.0
16,Mario Götze,Eintracht Frankfurt,M,SC Freiburg vs Eintracht Frankfurt,25,6.3,,0,,,23,16.0,,1.0,,,,0,0,1.0,4.0
16,Mario Götze,Eintracht Frankfurt,M,Eintracht Frankfurt vs FC St. Pauli,19,6.3,,0,,,8,6.0,,,1.0,,,0,0,,
16,Mario Götze,Eintracht Frankfurt,M,1. FC Heidenheim vs Eintracht Frankfurt,64,6.6,,0,,,37,29.0,,,,,1.0,0,0,3.0,7.0
16,Mario Götze,Eintracht Frankfurt,M,Eintracht Frankfurt vs FSV Mainz 05,24,6.9,,0,,,10,9.0,,1.0,,,1.0,0,0,2.0,5.0
16,Mario Götze,Eintracht Frankfurt,M,1. FC Köln vs Eintracht Frankfurt,90,6.3,,0,,,71,66.0,,2.0,1.0,,2.0,0,0,4.0,9.0
16,Mario Götze,Eintracht Frankfurt,M,Eintracht Frankfurt vs VfL Wolfsburg,62,6.9,,0,1.0,,25,23.0,,1.0,,1.0,,0,0,1.0,5.0
16,Mario Götze,Eintracht Frankfurt,M,RB Leipzig vs Eintracht Frankfurt,23,6.7,,0,,,15,9.0,,1.0,,,2.0,0,0,3.0,6.0
16,Mario Götze,Eintracht Frankfurt,M,Eintracht Frankfurt vs FC Augsburg,45,6.2,,0,,,18,16.0,,,,,,0,0,,4.0
16,Mario Götze,Eintracht Frankfurt,M,Eintracht Frankfurt vs Borussia Dortmund,13,6.5,,0,,,4,3.0,,,,,,0,0,,1.0
16,Mario Götze,Eintracht Frankfurt,M,VfB Stuttgart vs Eintracht Frankfurt,23,6.3,,0,,,9,6.0,,1.0,,,,0,0,1.0,2.0
16,Mario Götze,Eintracht Frankfurt,M,Eintracht Frankfurt vs Bayer Leverkusen,69,6.6,,0,,,24,20.0,,1.0,2.0,4.0,3.0,0,0,4.0,14.0
16,Mario Götze,Eintracht Frankfurt,M,Union Berlin vs Eintracht Frankfurt,82,6.3,,0,,,65,56.0,,,,,,0,0,1.0,7.0
16,Mario Götze,Eintracht Frankfurt,M,Eintracht Frankfurt vs Borussia Mönchengladbach,70,6.3,,0,,,30,25.0,,1.0,,1.0,2.0,1,0,3.0,7.0
16,Mario Götze,Eintracht Frankfurt,M,Bayern München vs Eintracht Frankfurt,30,6.9,,0,1.0,,22,20.0,,,,,,0,0,,1.0
280074,Nathaniel Brown,Eintracht Frankfurt,D,Eintracht Frankfurt vs Werder Bremen,8,6.6,,0,,,2,2.0,,,,1.0,,0,0,1.0,2.0
280074,Nathaniel Brown,Eintracht Frankfurt,D,1899 Hoffenheim vs Eintracht Frankfurt,27,6.5,,0,,,2,1.0,,,,,1.0,0,0,1.0,1.0
280074,Nathaniel Brown,Eintracht Frankfurt,D,Bayer Leverkusen vs Eintracht Frankfurt,80,5.7,,0,,,36,30.0,,2.0,,,3.0,0,0,5.0,12.0
280074,Nathaniel Brown,Eintracht Frankfurt,D,Eintracht Frankfurt vs Union Berlin,90,7.3,1.0,0,2.0,2.0,56,53.0,,2.0,,,1.0,0,0,4.0,6.0
280074,Nathaniel Brown,Eintracht Frankfurt,D,Borussia Mönchengladbach vs Eintracht Frankfurt,78,7.2,,1,1.0,1.0,43,40.0,,3.0,2.0,1.0,1.0,0,0,4.0,7.0
280074,Nathaniel Brown,Eintracht Frankfurt,D,Eintracht Frankfurt vs Bayern München,90,6.3,,0,,,31,26.0,,6.0,1.0,1.0,1.0,0,0,7.0,10.0
280074,Nathaniel Brown,Eintracht Frankfurt,D,SC Freiburg vs Eintracht Frankfurt,90,6.3,,0,1.0,,18,10.0,,6.0,1.0,2.0,,0,0,8.0,14.0
280074,Nathaniel Brown,Eintracht Frankfurt,D,Eintracht Frankfurt vs FC St. Pauli,90,6.3,,0,1.0,1.0,35,27.0,,,1.0,2.0,,0,0,3.0,9.0
280074,Nathaniel Brown,Eintracht Frankfurt,D,1. FC Heidenheim vs Eintracht Frankfurt,63,6.6,,1,,,33,29.0,,3.0,,1.0,,0,0,3.0,6.0
280074,Nathaniel Brown,Eintracht Frankfurt,D,Eintracht Frankfurt vs FSV Mainz 05,90,6.9,,0,,,39,34.0,,1.0,2.0,,1.0,0,0,2.0,5.0
280074,Nathaniel Brown,Eintracht Frankfurt,D,1. FC Köln vs Eintracht Frankfurt,89,6.2,,0,,,41,34.0,,1.0,2.0,,,0,0,3.0,8.0
280074,Nathaniel Brown,Eintracht Frankfurt,D,Eintracht Frankfurt vs VfL Wolfsburg,90,6.2,,0,,,47,35.0,,3.0,1.0,1.0,,1,0,5.0,11.0
280074,Nathaniel Brown,Eintracht Frankfurt,D,RB Leipzig vs Eintracht Frankfurt,69,6.2,,0,,,17,13.0,,3.0,,,,0,0,3.0,5.0
280074,Nathaniel Brown,Eintracht Frankfurt,D,Eintracht Frankfurt vs FC Augsburg,45,6.9,,0,,,7,5.0,,1.0,2.0,,,0,0,2.0,4.0
280074,Nathaniel Brown,Eintracht Frankfurt,D,Hamburger SV vs Eintracht Frankfurt,90,8.3,,1,1.0,1.0,30,25.0,,2.0,1.0,1.0,2.0,0,0,5.0,7.0
280074,Nathaniel Brown,Eintracht Frankfurt,D,Eintracht Frankfurt vs Borussia Dortmund,90,6.3,,0,,,45,32.0,,4.0,1.0,3.0,,1,0,5.0,11.0
280074,Nathaniel Brown,Eintracht Frankfurt,D,Werder Bremen vs Eintracht Frankfurt,90,7,,1,,,25,18.0,,5.0,,1.0,2.0,1,0,8.0,12.0
280074,Nathaniel Brown,Eintracht Frankfurt,D,Eintracht Frankfurt vs 1899 Hoffenheim,90,7.2,,0,,,40,34.0,,5.0,2.0,,3.0,0,0,9.0,11.0
280074,Nathaniel Brown,Eintracht Frankfurt,D,Eintracht Frankfurt vs Bayer Leverkusen,84,6.2,,0,1.0,,34,32.0,,1.0,,,2.0,0,0,3.0,7.0
280074,Nathaniel Brown,Eintracht Frankfurt,D,Union Berlin vs Eintracht Frankfurt,90,7.6,1.0,0,1.0,1.0,29,20.0,,,1.0,,3.0,0,0,4.0,6.0
280074,Nathaniel Brown,Eintracht Frankfurt,D,Eintracht Frankfurt vs Borussia Mönchengladbach,90,7.9,1.0,0,1.0,1.0,44,41.0,,4.0,1.0,3.0,,0,0,4.0,11.0
280074,Nathaniel Brown,Eintracht Frankfurt,D,Bayern München vs Eintracht Frankfurt,90,6.9,,0,1.0,,42,37.0,,,2.0,,,0,0,,1.0
339874,Oscar Højlund,Eintracht Frankfurt,M,Eintracht Frankfurt vs Werder Bremen,8,6.5,,0,,,8,6.0,,,,1.0,,0,0,,3.0
339874,Oscar Højlund,Eintracht Frankfurt,M,1899 Hoffenheim vs Eintracht Frankfurt,8,6.5,,0,,,3,2.0,,,1.0,,,0,0,,1.0
339874,Oscar Højlund,Eintracht Frankfurt,M,Bayer Leverkusen vs Eintracht Frankfurt,71,6.7,,0,,,24,23.0,,4.0,,1.0,,0,0,4.0,8.0
339874,Oscar Højlund,Eintracht Frankfurt,M,Eintracht Frankfurt vs Union Berlin,29,6.9,,0,,,22,20.0,,2.0,,1.0,,0,0,3.0,7.0
339874,Oscar Højlund,Eintracht Frankfurt,M,Borussia Mönchengladbach vs Eintracht Frankfurt,19,6.2,,0,,,12,11.0,,,,,,0,0,,2.0
339874,Oscar Højlund,Eintracht Frankfurt,M,Eintracht Frankfurt vs Bayern München,12,6,,0,,,10,10.0,,1.0,,1.0,,0,0,1.0,2.0
339874,Oscar Højlund,Eintracht Frankfurt,M,SC Freiburg vs Eintracht Frankfurt,10,6.2,,0,,,4,2.0,,1.0,,,,0,0,1.0,3.0
339874,Oscar Højlund,Eintracht Frankfurt,M,RB Leipzig vs Eintracht Frankfurt,34,6.2,,0,,,10,10.0,,1.0,1.0,,,0,0,1.0,3.0
339874,Oscar Højlund,Eintracht Frankfurt,M,Eintracht Frankfurt vs FC Augsburg,28,6.9,,1,,,8,7.0,,4.0,,2.0,,1,0,4.0,7.0
339874,Oscar Højlund,Eintracht Frankfurt,M,Hamburger SV vs Eintracht Frankfurt,45,6.3,,0,,,34,29.0,,,,3.0,,0,0,2.0,8.0
339874,Oscar Højlund,Eintracht Frankfurt,M,Eintracht Frankfurt vs Borussia Dortmund,77,6.5,,0,,,32,27.0,,3.0,,2.0,,0,0,3.0,7.0
339874,Oscar Højlund,Eintracht Frankfurt,M,VfB Stuttgart vs Eintracht Frankfurt,66,6.3,,0,,,30,25.0,,1.0,1.0,2.0,,0,0,1.0,2.0
339874,Oscar Højlund,Eintracht Frankfurt,M,Werder Bremen vs Eintracht Frankfurt,14,6.7,,0,,,2,2.0,,,1.0,1.0,,0,0,,1.0
339874,Oscar Højlund,Eintracht Frankfurt,M,Eintracht Frankfurt vs Bayer Leverkusen,33,6.6,,0,,,30,28.0,,3.0,1.0,1.0,,0,0,3.0,5.0
339874,Oscar Højlund,Eintracht Frankfurt,M,Union Berlin vs Eintracht Frankfurt,85,5.9,,0,1.0,,52,50.0,,2.0,,3.0,,2,1,2.0,8.0
339874,Oscar Højlund,Eintracht Frankfurt,M,Bayern München vs Eintracht Frankfurt,77,6.5,,0,,,42,39.0,,,,,1.0,0,0,1.0,6.0
329578,Mio Backhaus,Werder Bremen,G,Eintracht Frankfurt vs Werder Bremen,90,6.2,,0,,,27,25.0,,,,,1.0,0,0,3.0,3.0
329578,Mio Backhaus,Werder Bremen,G,Werder Bremen vs Bayer Leverkusen,90,6.2,,0,,,24,21.0,,,,,1.0,0,0,1.0,1.0
329578,Mio Backhaus,Werder Bremen,G,Borussia Mönchengladbach vs Werder Bremen,90,7.2,,0,,,46,34.0,,,,,1.0,0,0,1.0,2.0
329578,Mio Backhaus,Werder Bremen,G,Werder Bremen vs SC Freiburg,90,7.3,,0,,,32,32.0,,,,,,0,0,,
329578,Mio Backhaus,Werder Bremen,G,1. FC Heidenheim vs Werder Bremen,90,7.2,,0,,,23,15.0,,,,,,0,0,,1.0
329578,Mio Backhaus,Werder Bremen,G,Werder Bremen vs Union Berlin,90,6.9,,0,,,32,26.0,,,,,,0,0,,
329578,Mio Backhaus,Werder Bremen,G,FSV Mainz 05 vs Werder Bremen,90,8.2,,0,,,28,24.0,,,,,,0,0,,
329578,Mio Backhaus,Werder Bremen,G,Werder Bremen vs VfL Wolfsburg,90,7,,0,,,22,21.0,,,,,,0,0,,
329578,Mio Backhaus,Werder Bremen,G,RB Leipzig vs Werder Bremen,90,10,,0,,,34,24.0,,,,,,0,0,,
329578,Mio Backhaus,Werder Bremen,G,Werder Bremen vs 1. FC Köln,90,6.6,,0,,,32,29.0,,,,,1.0,0,0,2.0,2.0
329578,Mio Backhaus,Werder Bremen,G,Hamburger SV vs Werder Bremen,90,6.7,,0,,,21,16.0,,,,,,0,0,,
329578,Mio Backhaus,Werder Bremen,G,Werder Bremen vs VfB Stuttgart,90,7.6,,0,,,32,21.0,,,,,,0,0,,
329578,Mio Backhaus,Werder Bremen,G,FC Augsburg vs Werder Bremen,90,8.5,,0,,,30,24.0,,,,,,0,0,,
329578,Mio Backhaus,Werder Bremen,G,Borussia Dortmund vs Werder Bremen,90,6.3,,0,,,52,48.0,,,,,,0,0,1.0,1.0
329578,Mio Backhaus,Werder Bremen,G,Werder Bremen vs Eintracht Frankfurt,90,5.6,,0,,,30,23.0,,,,,,0,0,1.0,1.0
329578,Mio Backhaus,Werder Bremen,G,Bayer Leverkusen vs Werder Bremen,90,8.2,,0,,,43,38.0,,,,,,0,0,,
329578,Mio Backhaus,Werder Bremen,G,Werder Bremen vs 1899 Hoffenheim,90,6.9,,0,,,42,37.0,,,,,,0,0,2.0,2.0
329578,Mio Backhaus,Werder Bremen,G,Werder Bremen vs Borussia Mönchengladbach,90,6.6,,0,,,33,29.0,,,,,,0,0,,
329578,Mio Backhaus,Werder Bremen,G,SC Freiburg vs Werder Bremen,90,6.6,,0,,,33,31.0,,,,,,0,0,,
329578,Mio Backhaus,Werder Bremen,G,Werder Bremen vs Bayern München,90,6.3,,0,,,32,23.0,,,,,1.0,0,0,1.0,1.0
329578,Mio Backhaus,Werder Bremen,G,FC St. Pauli vs Werder Bremen,90,5.3,,0,,,35,28.0,,,,,,0,0,,
289460,Julián Malatini,Werder Bremen,D,Eintracht Frankfurt vs Werder Bremen,90,5.7,,0,,,28,18.0,,4.0,,2.0,,1,0,9.0,15.0
289460,Julián Malatini,Werder Bremen,D,Werder Bremen vs Union Berlin,8,6.6,,0,,,0,,,,,,,0,0,,
289460,Julián Malatini,Werder Bremen,D,FC Augsburg vs Werder Bremen,16,6.9,,0,1.0,,8,7.0,,1.0,,,,0,0,2.0,3.0
289460,Julián Malatini,Werder Bremen,D,Bayer Leverkusen vs Werder Bremen,75,6.6,,0,,,61,52.0,,4.0,3.0,1.0,,1,0,5.0,7.0
289460,Julián Malatini,Werder Bremen,D,Werder Bremen vs 1899 Hoffenheim,76,6.2,,0,,,40,31.0,,1.0,,,1.0,0,0,2.0,5.0
289460,Julián Malatini,Werder Bremen,D,Werder Bremen vs Borussia Mönchengladbach,75,6.5,,0,,,59,52.0,,2.0,1.0,2.0,,0,0,2.0,6.0
289460,Julián Malatini,Werder Bremen,D,SC Freiburg vs Werder Bremen,62,6,,0,,,33,24.0,,1.0,,,,0,0,2.0,4.0
289460,Julián Malatini,Werder Bremen,D,Werder Bremen vs Bayern München,29,6.2,,0,,,13,11.0,,,,1.0,,0,0,,1.0
2916,Niklas Stark,Werder Bremen,D,Eintracht Frankfurt vs Werder Bremen,78,6.3,,0,,,39,35.0,,2.0,2.0,2.0,1.0,1,0,3.0,6.0
2916,Niklas Stark,Werder Bremen,D,Werder Bremen vs Bayer Leverkusen,63,5.2,,0,,,41,39.0,,,2.0,2.0,1.0,2,1,3.0,5.0
2916,Niklas Stark,Werder Bremen,D,Werder Bremen vs Union Berlin,8,6.6,,0,,,1,1.0,,,,,,0,0,,
2916,Niklas Stark,Werder Bremen,D,Werder Bremen vs 1. FC Köln,51,6,,0,1.0,,27,20.0,,,2.0,2.0,,2,1,1.0,3.0
2916,Niklas Stark,Werder Bremen,D,Werder Bremen vs VfB Stuttgart,33,6.3,,0,,,15,13.0,,2.0,2.0,,,0,0,2.0,2.0
2916,Niklas Stark,Werder Bremen,D,FC Augsburg vs Werder Bremen,83,7.5,,0,,,49,40.0,,3.0,1.0,2.0,2.0,0,0,6.0,9.0
2916,Niklas Stark,Werder Bremen,D,Werder Bremen vs Bayern München,45,5.9,,0,,,20,16.0,,1.0,1.0,1.0,1.0,1,0,2.0,4.0
2916,Niklas Stark,Werder Bremen,D,FC St. Pauli vs Werder Bremen,90,6.9,,0,2.0,1.0,77,71.0,,3.0,1.0,,1.0,1,0,7.0,11.0
25314,Marco Friedl,Werder Bremen,D,Eintracht Frankfurt vs Werder Bremen,90,6.5,,0,,,68,61.0,,1.0,,,,0,0,2.0,2.0
25314,Marco Friedl,Werder Bremen,D,Borussia Mönchengladbach vs Werder Bremen,83,7.7,,0,,,28,26.0,,2.0,,,1.0,0,0,4.0,5.0
25314,Marco Friedl,Werder Bremen,D,Werder Bremen vs SC Freiburg,90,7.2,,0,1.0,,91,85.0,,4.0,1.0,,,0,0,5.0,6.0
25314,Marco Friedl,Werder Bremen,D,Bayern München vs Werder Bremen,90,7.2,,0,,,49,44.0,,2.0,2.0,1.0,,0,0,2.0,4.0
25314,Marco Friedl,Werder Bremen,D,Werder Bremen vs FC St. Pauli,90,7.5,,0,,,61,56.0,,1.0,2.0,,,0,0,3.0,3.0
25314,Marco Friedl,Werder Bremen,D,1. FC Heidenheim vs Werder Bremen,90,8.2,,0,1.0,,31,23.0,,2.0,2.0,,4.0,0,0,10.0,16.0
25314,Marco Friedl,Werder Bremen,D,Werder Bremen vs Union Berlin,90,7.3,,0,,,47,43.0,,,,,1.0,0,0,3.0,6.0
25314,Marco Friedl,Werder Bremen,D,FSV Mainz 05 vs Werder Bremen,90,6.7,,0,,,51,37.0,,2.0,1.0,1.0,2.0,1,0,7.0,10.0
25314,Marco Friedl,Werder Bremen,D,Werder Bremen vs VfL Wolfsburg,90,6.3,,0,,,55,49.0,,,2.0,2.0,,1,0,2.0,4.0
25314,Marco Friedl,Werder Bremen,D,RB Leipzig vs Werder Bremen,90,6.5,,0,1.0,,31,29.0,,4.0,1.0,1.0,,1,0,5.0,8.0
25314,Marco Friedl,Werder Bremen,D,Werder Bremen vs 1. FC Köln,90,7.2,1.0,0,1.0,1.0,36,29.0,,1.0,1.0,,,0,0,2.0,3.0
25314,Marco Friedl,Werder Bremen,D,Hamburger SV vs Werder Bremen,90,5.9,,0,,,38,30.0,,2.0,2.0,2.0,,1,0,5.0,11.0
25314,Marco Friedl,Werder Bremen,D,Werder Bremen vs VfB Stuttgart,57,6.3,,0,,,17,16.0,,1.0,2.0,,,0,0,2.0,4.0
25314,Marco Friedl,Werder Bremen,D,FC Augsburg vs Werder Bremen,90,7.2,,0,1.0,,51,46.0,,,2.0,,1.0,0,0,2.0,4.0
25314,Marco Friedl,Werder Bremen,D,Borussia Dortmund vs Werder Bremen,90,6,,0,,,61,55.0,,,1.0,1.0,,0,0,2.0,7.0
25314,Marco Friedl,Werder Bremen,D,Werder Bremen vs Eintracht Frankfurt,90,6.3,,0,,,75,71.0,,1.0,,1.0,,0,0,4.0,5.0
25314,Marco Friedl,Werder Bremen,D,Bayer Leverkusen vs Werder Bremen,90,8.2,,0,2.0,1.0,89,81.0,,,2.0,,,1,0,3.0,3.0
25314,Marco Friedl,Werder Bremen,D,Werder Bremen vs Borussia Mönchengladbach,90,7.5,,0,1.0,,97,84.0,,3.0,3.0,,,0,0,5.0,6.0
25314,Marco Friedl,Werder Bremen,D,SC Freiburg vs Werder Bremen,90,7.9,,0,,,94,91.0,,2.0,,2.0,2.0,1,0,8.0,11.0
25314,Marco Friedl,Werder Bremen,D,Werder Bremen vs Bayern München,90,6.9,,0,,,44,39.0,,4.0,1.0,,,0,0,5.0,7.0
25314,Marco Friedl,Werder Bremen,D,FC St. Pauli vs Werder Bremen,90,6.5,,0,,,88,75.0,,1.0,1.0,2.0,2.0,1,0,3.0,7.0
26319,Felix Agu,Werder Bremen,D,Eintracht Frankfurt vs Werder Bremen,90,5.6,,0,1.0,1.0,47,32.0,,1.0,1.0,2.0,2.0,0,0,7.0,15.0
26319,Felix Agu,Werder Bremen,D,Werder Bremen vs Bayer Leverkusen,90,6.9,,0,,,38,31.0,,5.0,,2.0,3.0,0,0,11.0,16.0
26319,Felix Agu,Werder Bremen,D,Borussia Mönchengladbach vs Werder Bremen,90,8.7,,0,,,30,26.0,,6.0,2.0,1.0,1.0,0,0,8.0,10.0
26319,Felix Agu,Werder Bremen,D,Werder Bremen vs SC Freiburg,90,5.5,,0,,,31,27.0,,,1.0,2.0,2.0,1,0,2.0,7.0
26319,Felix Agu,Werder Bremen,D,Bayern München vs Werder Bremen,80,6.2,,0,,,24,16.0,,2.0,1.0,,2.0,0,0,6.0,6.0
26319,Felix Agu,Werder Bremen,D,Werder Bremen vs FC St. Pauli,44,7.2,,0,,,22,18.0,,,2.0,,1.0,0,0,1.0,1.0
26319,Felix Agu,Werder Bremen,D,SC Freiburg vs Werder Bremen,28,6.9,,0,,,29,27.0,,,,,2.0,0,0,2.0,2.0
26319,Felix Agu,Werder Bremen,D,Werder Bremen vs Bayern München,65,7,,0,1.0,,11,8.0,,2.0,3.0,1.0,,0,0,4.0,6.0
716,Leonardo Bittencourt,Werder Bremen,M,Eintracht Frankfurt vs Werder Bremen,78,6,,0,1.0,,37,30.0,,,,1.0,,0,0,,4.0
716,Leonardo Bittencourt,Werder Bremen,M,Werder Bremen vs Bayer Leverkusen,25,6.9,,0,,,14,12.0,,2.0,,1.0,,0,0,2.0,4.0
716,Leonardo Bittencourt,Werder Bremen,M,Borussia Mönchengladbach vs Werder Bremen,27,6.9,,0,,,27,26.0,,,2.0,1.0,,0,0,1.0,2.0
716,Leonardo Bittencourt,Werder Bremen,M,Werder Bremen vs SC Freiburg,13,6.9,,0,1.0,,24,19.0,,2.0,,,,0,0,2.0,2.0
716,Leonardo Bittencourt,Werder Bremen,M,Bayern München vs Werder Bremen,10,6.3,,0,,,11,8.0,,1.0,,,,0,0,1.0,1.0
716,Leonardo Bittencourt,Werder Bremen,M,1. FC Heidenheim vs Werder Bremen,22,6.5,,0,,,18,16.0,,,,,,1,0,,
716,Leonardo Bittencourt,Werder Bremen,M,Werder Bremen vs VfL Wolfsburg,12,6.6,,0,,,5,5.0,,,,1.0,,0,0,,1.0
716,Leonardo Bittencourt,Werder Bremen,M,Werder Bremen vs VfB Stuttgart,13,6.3,,0,,,11,10.0,,,,,,0,0,,1.0
716,Leonardo Bittencourt,Werder Bremen,M,FC St. Pauli vs Werder Bremen,30,6.5,,0,,,13,10.0,,1.0,1.0,,,1,0,2.0,3.0
38798,Senne Lynen,Werder Bremen,M,Eintracht Frankfurt vs Werder Bremen,90,6.2,,0,,,44,40.0,,1.0,3.0,1.0,,0,0,1.0,6.0
38798,Senne Lynen,Werder Bremen,M,Werder Bremen vs Bayer Leverkusen,90,6.3,,0,1.0,,48,42.0,,2.0,1.0,2.0,,1,0,2.0,7.0
38798,Senne Lynen,Werder Bremen,M,Borussia Mönchengladbach vs Werder Bremen,90,7.5,,0,,,42,36.0,,3.0,4.0,1.0,,0,0,5.0,9.0
38798,Senne Lynen,Werder Bremen,M,Werder Bremen vs SC Freiburg,77,6.6,,0,1.0,,46,42.0,,1.0,,,1.0,0,0,2.0,5.0
38798,Senne Lynen,Werder Bremen,M,Bayern München vs Werder Bremen,90,7.3,,0,,,41,32.0,,2.0,2.0,,1.0,0,0,5.0,8.0
38798,Senne Lynen,Werder Bremen,M,Werder Bremen vs FC St. Pauli,90,7,,0,,,39,34.0,,1.0,2.0,1.0,,0,0,2.0,5.0
38798,Senne Lynen,Werder Bremen,M,Werder Bremen vs Union Berlin,90,7,,0,,,51,43.0,,2.0,3.0,,,0,0,3.0,6.0
38798,Senne Lynen,Werder Bremen,M,FSV Mainz 05 vs Werder Bremen,90,7.3,,0,,,56,47.0,,2.0,2.0,,1.0,0,0,4.0,4.0
38798,Senne Lynen,Werder Bremen,M,Werder Bremen vs VfL Wolfsburg,86,7.2,,0,,,54,49.0,,4.0,,2.0,,0,0,5.0,7.0
38798,Senne Lynen,Werder Bremen,M,RB Leipzig vs Werder Bremen,89,6.9,,0,1.0,,45,41.0,,2.0,1.0,,,0,0,2.0,3.0
38798,Senne Lynen,Werder Bremen,M,Werder Bremen vs 1. FC Köln,90,6.7,,0,1.0,,61,56.0,,,1.0,3.0,2.0,0,0,2.0,6.0
38798,Senne Lynen,Werder Bremen,M,Hamburger SV vs Werder Bremen,90,5.9,,0,1.0,1.0,40,35.0,,1.0,1.0,2.0,,0,0,1.0,10.0
38798,Senne Lynen,Werder Bremen,M,Werder Bremen vs VfB Stuttgart,77,6.5,,0,,,28,24.0,,1.0,2.0,2.0,,0,0,1.0,4.0
38798,Senne Lynen,Werder Bremen,M,FC Augsburg vs Werder Bremen,90,7.9,,0,,,30,23.0,,6.0,1.0,3.0,1.0,1,0,12.0,17.0
38798,Senne Lynen,Werder Bremen,M,Borussia Dortmund vs Werder Bremen,90,6.2,,0,,,61,49.0,,1.0,2.0,1.0,,0,0,1.0,4.0
38798,Senne Lynen,Werder Bremen,M,Werder Bremen vs Eintracht Frankfurt,90,7,,0,1.0,1.0,42,37.0,,3.0,2.0,,,0,0,4.0,8.0
38798,Senne Lynen,Werder Bremen,M,Bayer Leverkusen vs Werder Bremen,90,7,,0,,,70,64.0,,4.0,7.0,1.0,1.0,0,0,5.0,10.0
38798,Senne Lynen,Werder Bremen,M,Werder Bremen vs 1899 Hoffenheim,90,7.3,,0,1.0,,82,75.0,,,4.0,2.0,,0,0,1.0,4.0
38798,Senne Lynen,Werder Bremen,M,Werder Bremen vs Borussia Mönchengladbach,90,6.5,,0,1.0,,76,62.0,,,2.0,1.0,1.0,0,0,4.0,13.0
38798,Senne Lynen,Werder Bremen,M,SC Freiburg vs Werder Bremen,88,6.3,,0,,,45,37.0,,2.0,4.0,2.0,,0,0,4.0,12.0
38798,Senne Lynen,Werder Bremen,M,Werder Bremen vs Bayern München,90,5.9,,0,,,37,34.0,,3.0,3.0,2.0,,1,0,4.0,8.0
38798,Senne Lynen,Werder Bremen,M,FC St. Pauli vs Werder Bremen,90,6.5,,0,,,103,87.0,,2.0,3.0,2.0,,1,0,3.0,8.0
177807,Justin Njinmah,Werder Bremen,M,Eintracht Frankfurt vs Werder Bremen,90,7.3,1.0,0,4.0,2.0,16,12.0,,,,,1.0,1,0,4.0,6.0
177807,Justin Njinmah,Werder Bremen,M,Werder Bremen vs Bayer Leverkusen,65,6.3,,0,1.0,,17,12.0,,1.0,,,,0,0,3.0,4.0
177807,Justin Njinmah,Werder Bremen,M,Borussia Mönchengladbach vs Werder Bremen,15,7.5,1.0,0,1.0,1.0,3,2.0,,,,,,0,0,,
177807,Justin Njinmah,Werder Bremen,M,Werder Bremen vs SC Freiburg,60,6.2,,0,2.0,2.0,14,10.0,,2.0,,,,0,0,3.0,6.0
177807,Justin Njinmah,Werder Bremen,M,Bayern München vs Werder Bremen,73,6.3,,0,,,17,12.0,,,,,1.0,0,0,1.0,4.0
177807,Justin Njinmah,Werder Bremen,M,Werder Bremen vs FC St. Pauli,60,6.6,,0,,,19,11.0,,2.0,,,,0,0,6.0,11.0
177807,Justin Njinmah,Werder Bremen,M,1. FC Heidenheim vs Werder Bremen,27,6.3,,0,,,5,5.0,,1.0,1.0,,,0,0,1.0,2.0
177807,Justin Njinmah,Werder Bremen,M,FSV Mainz 05 vs Werder Bremen,26,6.7,,0,1.0,,6,4.0,,,,1.0,1.0,0,0,2.0,5.0
177807,Justin Njinmah,Werder Bremen,M,Werder Bremen vs VfL Wolfsburg,66,6.2,,0,,,16,12.0,,,1.0,,,0,0,2.0,3.0
177807,Justin Njinmah,Werder Bremen,M,RB Leipzig vs Werder Bremen,17,6.3,,0,,,4,4.0,,1.0,,,,0,0,1.0,2.0
177807,Justin Njinmah,Werder Bremen,M,Hamburger SV vs Werder Bremen,21,7.3,1.0,0,1.0,1.0,5,3.0,,,,,1.0,0,0,1.0,4.0
177807,Justin Njinmah,Werder Bremen,M,Werder Bremen vs VfB Stuttgart,77,6.5,,0,2.0,1.0,21,15.0,,1.0,1.0,,,0,0,2.0,6.0
177807,Justin Njinmah,Werder Bremen,M,FC Augsburg vs Werder Bremen,68,6.7,,0,,,11,8.0,,,,2.0,1.0,0,0,4.0,6.0
177807,Justin Njinmah,Werder Bremen,M,Borussia Dortmund vs Werder Bremen,81,6.6,,0,2.0,2.0,10,9.0,,1.0,,2.0,2.0,0,0,4.0,9.0
177807,Justin Njinmah,Werder Bremen,M,Werder Bremen vs Eintracht Frankfurt,89,7.7,1.0,0,4.0,1.0,14,11.0,,,,,3.0,0,0,4.0,5.0
177807,Justin Njinmah,Werder Bremen,M,Bayer Leverkusen vs Werder Bremen,90,6.5,,0,3.0,,17,14.0,,1.0,1.0,1.0,1.0,0,0,3.0,8.0
177807,Justin Njinmah,Werder Bremen,M,Werder Bremen vs 1899 Hoffenheim,59,6.5,,0,1.0,,10,6.0,,,,,,0,0,2.0,4.0
177807,Justin Njinmah,Werder Bremen,M,Werder Bremen vs Borussia Mönchengladbach,64,6.5,,0,2.0,2.0,12,12.0,,,,,1.0,0,0,1.0,4.0
177807,Justin Njinmah,Werder Bremen,M,SC Freiburg vs Werder Bremen,84,6.7,,0,2.0,2.0,28,21.0,,1.0,1.0,1.0,,0,0,1.0,6.0
177807,Justin Njinmah,Werder Bremen,M,Werder Bremen vs Bayern München,79,6.5,,0,2.0,1.0,23,10.0,,3.0,,,,0,0,3.0,4.0
177807,Justin Njinmah,Werder Bremen,M,FC St. Pauli vs Werder Bremen,90,6.2,,0,2.0,,37,36.0,,1.0,1.0,1.0,,0,0,2.0,5.0
7562,Romano Schmid,Werder Bremen,M,Eintracht Frankfurt vs Werder Bremen,90,6.5,,0,,,42,30.0,,3.0,,,1.0,0,0,4.0,9.0
7562,Romano Schmid,Werder Bremen,M,Werder Bremen vs Bayer Leverkusen,90,7.6,1.0,0,1.0,1.0,49,35.0,,1.0,,1.0,,0,0,4.0,8.0
7562,Romano Schmid,Werder Bremen,M,Borussia Mönchengladbach vs Werder Bremen,75,6.9,1.0,0,1.0,1.0,31,24.0,,2.0,,1.0,2.0,0,0,5.0,14.0
7562,Romano Schmid,Werder Bremen,M,Werder Bremen vs SC Freiburg,73,5.6,,0,1.0,1.0,28,20.0,,,,2.0,,0,0,1.0,5.0
7562,Romano Schmid,Werder Bremen,M,Bayern München vs Werder Bremen,90,6.3,,0,,,44,33.0,,1.0,1.0,,,0,0,2.0,8.0
7562,Romano Schmid,Werder Bremen,M,Werder Bremen vs FC St. Pauli,90,7.3,,0,,,29,23.0,,1.0,2.0,1.0,,0,0,2.0,8.0
7562,Romano Schmid,Werder Bremen,M,1. FC Heidenheim vs Werder Bremen,90,7,,2,1.0,,44,34.0,,,1.0,,1.0,0,0,3.0,11.0
7562,Romano Schmid,Werder Bremen,M,Werder Bremen vs Union Berlin,89,7.3,,0,,,39,28.0,,,,,3.0,0,0,6.0,11.0
7562,Romano Schmid,Werder Bremen,M,FSV Mainz 05 vs Werder Bremen,89,6.7,,0,,,46,36.0,,,,,1.0,0,0,1.0,5.0
7562,Romano Schmid,Werder Bremen,M,Werder Bremen vs VfL Wolfsburg,90,6.9,,0,1.0,,67,58.0,,1.0,,1.0,,1,0,1.0,5.0
7562,Romano Schmid,Werder Bremen,M,RB Leipzig vs Werder Bremen,90,6.7,,0,3.0,3.0,51,40.0,,2.0,,,1.0,0,0,4.0,11.0
7562,Romano Schmid,Werder Bremen,M,Werder Bremen vs 1. FC Köln,90,6.9,,0,1.0,1.0,34,26.0,,1.0,,,,0,0,2.0,9.0
7562,Romano Schmid,Werder Bremen,M,Hamburger SV vs Werder Bremen,90,6.7,,2,,,34,27.0,,1.0,,,2.0,1,0,5.0,10.0
7562,Romano Schmid,Werder Bremen,M,Werder Bremen vs VfB Stuttgart,90,7.3,,0,2.0,1.0,39,32.0,,2.0,,2.0,,0,0,7.0,18.0
7562,Romano Schmid,Werder Bremen,M,FC Augsburg vs Werder Bremen,90,6.3,,0,1.0,,31,18.0,,,,1.0,1.0,1,0,2.0,8.0
7562,Romano Schmid,Werder Bremen,M,Borussia Dortmund vs Werder Bremen,81,6.3,,0,1.0,1.0,42,32.0,,1.0,,,1.0,0,0,2.0,7.0
7562,Romano Schmid,Werder Bremen,M,Werder Bremen vs Eintracht Frankfurt,90,6.9,,1,,,44,31.0,,2.0,1.0,3.0,2.0,1,0,6.0,20.0
7562,Romano Schmid,Werder Bremen,M,Bayer Leverkusen vs Werder Bremen,90,6.5,,0,2.0,1.0,54,41.0,,,,,1.0,0,0,4.0,10.0
7562,Romano Schmid,Werder Bremen,M,Werder Bremen vs 1899 Hoffenheim,90,6.6,,0,2.0,,35,26.0,,4.0,,,1.0,0,0,7.0,14.0
7562,Romano Schmid,Werder Bremen,M,Werder Bremen vs Borussia Mönchengladbach,90,7.2,,0,,,60,49.0,,1.0,,1.0,3.0,0,0,6.0,13.0
7562,Romano Schmid,Werder Bremen,M,SC Freiburg vs Werder Bremen,84,6.3,,0,2.0,2.0,41,30.0,,1.0,2.0,1.0,,0,0,2.0,7.0
7562,Romano Schmid,Werder Bremen,M,Werder Bremen vs Bayern München,90,7.7,,0,3.0,1.0,42,25.0,,6.0,1.0,,,0,0,9.0,13.0
7562,Romano Schmid,Werder Bremen,M,FC St. Pauli vs Werder Bremen,90,6.9,,0,,,39,27.0,,1.0,1.0,,2.0,0,0,5.0,10.0
346866,Samuel Mbangula,Werder Bremen,M,Eintracht Frankfurt vs Werder Bremen,65,5.9,,0,1.0,,21,14.0,,2.0,,,1.0,0,0,5.0,11.0
346866,Samuel Mbangula,Werder Bremen,M,Werder Bremen vs Bayer Leverkusen,71,6.6,,0,1.0,,27,23.0,,2.0,,2.0,2.0,0,0,5.0,12.0
346866,Samuel Mbangula,Werder Bremen,M,Borussia Mönchengladbach vs Werder Bremen,75,8.7,1.0,1,1.0,1.0,28,24.0,,,1.0,,2.0,0,0,4.0,10.0
346866,Samuel Mbangula,Werder Bremen,M,Bayern München vs Werder Bremen,80,6.5,,0,,,34,28.0,,2.0,3.0,,1.0,0,0,4.0,8.0
346866,Samuel Mbangula,Werder Bremen,M,Werder Bremen vs FC St. Pauli,81,7.9,1.0,0,1.0,1.0,29,23.0,,3.0,,,2.0,0,0,5.0,8.0
346866,Samuel Mbangula,Werder Bremen,M,1. FC Heidenheim vs Werder Bremen,63,7,,0,,,15,14.0,,2.0,,,,0,0,5.0,8.0
346866,Samuel Mbangula,Werder Bremen,M,Werder Bremen vs Union Berlin,85,7,,0,,,41,35.0,,,,,2.0,0,0,5.0,8.0
346866,Samuel Mbangula,Werder Bremen,M,FSV Mainz 05 vs Werder Bremen,45,6.2,,0,,,16,14.0,,,,,1.0,0,0,1.0,5.0
346866,Samuel Mbangula,Werder Bremen,M,Werder Bremen vs VfL Wolfsburg,25,7.2,1.0,0,1.0,1.0,11,11.0,,,,1.0,2.0,0,0,2.0,4.0
346866,Samuel Mbangula,Werder Bremen,M,RB Leipzig vs Werder Bremen,17,6.9,,0,,,11,10.0,,1.0,,,,0,0,2.0,3.0
346866,Samuel Mbangula,Werder Bremen,M,Werder Bremen vs 1. FC Köln,9,6.3,,0,,,8,8.0,,,,,,0,0,,1.0
346866,Samuel Mbangula,Werder Bremen,M,Hamburger SV vs Werder Bremen,9,6.9,,0,,,2,2.0,,1.0,,,1.0,0,0,3.0,3.0
346866,Samuel Mbangula,Werder Bremen,M,Werder Bremen vs VfB Stuttgart,64,6.3,,0,1.0,1.0,22,20.0,,,,,1.0,0,0,2.0,7.0
346866,Samuel Mbangula,Werder Bremen,M,Borussia Dortmund vs Werder Bremen,9,6.6,,0,,,3,3.0,,1.0,,,,0,0,2.0,3.0
346866,Samuel Mbangula,Werder Bremen,M,Werder Bremen vs Eintracht Frankfurt,15,7.3,,1,,,3,3.0,,,,,3.0,0,0,4.0,6.0
346866,Samuel Mbangula,Werder Bremen,M,Werder Bremen vs 1899 Hoffenheim,31,7.3,,0,1.0,1.0,21,20.0,,,,,,0,0,2.0,3.0
346866,Samuel Mbangula,Werder Bremen,M,Werder Bremen vs Borussia Mönchengladbach,89,7.6,,0,,,42,35.0,,2.0,,,2.0,0,0,11.0,14.0
346866,Samuel Mbangula,Werder Bremen,M,SC Freiburg vs Werder Bremen,28,6.6,,0,2.0,1.0,25,24.0,,,,,1.0,0,0,2.0,3.0
346866,Samuel Mbangula,Werder Bremen,M,Werder Bremen vs Bayern München,45,6.9,,0,,,21,20.0,,,,,,0,0,3.0,6.0
346866,Samuel Mbangula,Werder Bremen,M,FC St. Pauli vs Werder Bremen,90,6.9,,0,1.0,1.0,23,19.0,,,,,1.0,0,0,2.0,7.0
7073,Marco Grüll,Werder Bremen,F,Eintracht Frankfurt vs Werder Bremen,89,6.2,,1,2.0,2.0,28,22.0,,,1.0,,1.0,0,0,1.0,11.0
7073,Marco Grüll,Werder Bremen,F,Werder Bremen vs Bayer Leverkusen,71,6.6,,0,4.0,,11,9.0,,2.0,,,,0,0,3.0,5.0
7073,Marco Grüll,Werder Bremen,F,Borussia Mönchengladbach vs Werder Bremen,90,6.7,,0,2.0,1.0,32,26.0,,2.0,,2.0,1.0,0,0,6.0,11.0
7073,Marco Grüll,Werder Bremen,F,Werder Bremen vs SC Freiburg,90,6.3,,0,,,29,22.0,,1.0,,2.0,1.0,1,0,3.0,9.0
7073,Marco Grüll,Werder Bremen,F,Bayern München vs Werder Bremen,17,6.6,,0,,,1,1.0,,1.0,,,,0,0,1.0,1.0
7073,Marco Grüll,Werder Bremen,F,Werder Bremen vs FC St. Pauli,30,6.5,,0,1.0,1.0,8,4.0,,,,1.0,,1,0,,1.0
7073,Marco Grüll,Werder Bremen,F,1. FC Heidenheim vs Werder Bremen,90,8.2,1.0,0,1.0,1.0,25,23.0,,1.0,,1.0,2.0,0,0,4.0,7.0
7073,Marco Grüll,Werder Bremen,F,Werder Bremen vs Union Berlin,89,7.9,1.0,0,2.0,2.0,17,11.0,,3.0,1.0,2.0,1.0,1,0,4.0,9.0
7073,Marco Grüll,Werder Bremen,F,FSV Mainz 05 vs Werder Bremen,64,6.3,,0,1.0,1.0,14,12.0,,3.0,,1.0,,0,0,4.0,8.0
7073,Marco Grüll,Werder Bremen,F,Werder Bremen vs VfL Wolfsburg,86,7.5,,0,2.0,1.0,46,39.0,,1.0,,,1.0,0,0,6.0,7.0
7073,Marco Grüll,Werder Bremen,F,RB Leipzig vs Werder Bremen,73,7.9,,0,2.0,1.0,22,16.0,,5.0,1.0,1.0,1.0,0,0,7.0,8.0
7073,Marco Grüll,Werder Bremen,F,Werder Bremen vs 1. FC Köln,90,7.5,,0,,,38,28.0,,3.0,1.0,,3.0,0,0,9.0,14.0
7073,Marco Grüll,Werder Bremen,F,Hamburger SV vs Werder Bremen,88,6.7,,0,,,20,15.0,,1.0,4.0,3.0,1.0,1,0,4.0,15.0
7073,Marco Grüll,Werder Bremen,F,Werder Bremen vs VfB Stuttgart,64,6.9,,0,,,11,8.0,,,2.0,1.0,1.0,0,0,2.0,7.0
7073,Marco Grüll,Werder Bremen,F,FC Augsburg vs Werder Bremen,22,6.3,,0,,,4,3.0,,2.0,,2.0,,0,0,2.0,7.0
7073,Marco Grüll,Werder Bremen,F,Borussia Dortmund vs Werder Bremen,69,6.9,,0,2.0,,23,17.0,,1.0,,,4.0,0,0,6.0,7.0
7073,Marco Grüll,Werder Bremen,F,Werder Bremen vs Eintracht Frankfurt,75,6,,0,,,27,17.0,,,,1.0,1.0,0,0,2.0,7.0
7073,Marco Grüll,Werder Bremen,F,Bayer Leverkusen vs Werder Bremen,60,6.2,,0,,,18,15.0,,,,1.0,1.0,0,0,1.0,5.0
7073,Marco Grüll,Werder Bremen,F,Werder Bremen vs 1899 Hoffenheim,31,7.2,,0,1.0,,21,17.0,,,,,,0,0,3.0,3.0
7073,Marco Grüll,Werder Bremen,F,Werder Bremen vs Borussia Mönchengladbach,26,7.2,,0,1.0,,14,12.0,,2.0,,,1.0,0,0,6.0,7.0
7073,Marco Grüll,Werder Bremen,F,SC Freiburg vs Werder Bremen,15,6.7,,0,,,8,7.0,,1.0,,1.0,,0,0,2.0,3.0
7073,Marco Grüll,Werder Bremen,F,Werder Bremen vs Bayern München,90,6.6,,0,2.0,1.0,26,19.0,,2.0,,2.0,1.0,0,0,5.0,12.0
7073,Marco Grüll,Werder Bremen,F,FC St. Pauli vs Werder Bremen,61,6.5,,0,,,8,7.0,,,,1.0,,0,0,,3.0
448468,Patrice Čović,Werder Bremen,M,Eintracht Frankfurt vs Werder Bremen,25,6.2,,0,,,21,18.0,,,,1.0,,0,0,,2.0
448468,Patrice Čović,Werder Bremen,M,Werder Bremen vs Bayer Leverkusen,65,6.2,,0,,,34,30.0,,,,,1.0,0,0,1.0,3.0
448468,Patrice Čović,Werder Bremen,M,Borussia Mönchengladbach vs Werder Bremen,12,6.7,,0,,,5,4.0,,1.0,,,,0,0,1.0,2.0
448468,Patrice Čović,Werder Bremen,M,Werder Bremen vs SC Freiburg,17,6.3,,0,,,16,13.0,,1.0,,,,0,0,1.0,1.0
448468,Patrice Čović,Werder Bremen,M,Bayern München vs Werder Bremen,10,6.2,,0,,,6,4.0,,,1.0,1.0,,0,0,,1.0
448468,Patrice Čović,Werder Bremen,M,Werder Bremen vs FC St. Pauli,9,6.7,,0,1.0,1.0,6,1.0,,,,,,0,0,,
448468,Patrice Čović,Werder Bremen,M,1. FC Heidenheim vs Werder Bremen,68,6.3,,0,,,28,18.0,,1.0,1.0,1.0,,1,0,1.0,4.0
448468,Patrice Čović,Werder Bremen,M,FC Augsburg vs Werder Bremen,15,6.7,,0,,,4,4.0,,1.0,,2.0,,0,0,1.0,4.0
448468,Patrice Čović,Werder Bremen,M,Werder Bremen vs 1899 Hoffenheim,14,6.9,,0,,,19,15.0,,1.0,1.0,,1.0,0,0,2.0,2.0
448468,Patrice Čović,Werder Bremen,M,Werder Bremen vs Bayern München,25,6.5,,0,,,9,7.0,,,,,,0,0,,2.0
440147,Karim Coulibaly,Werder Bremen,D,Eintracht Frankfurt vs Werder Bremen,12,6.9,,0,,,6,6.0,,,,,,0,0,,
440147,Karim Coulibaly,Werder Bremen,D,Werder Bremen vs Bayer Leverkusen,90,5.3,1.0,0,1.0,1.0,69,54.0,,,1.0,,1.0,0,0,3.0,7.0
440147,Karim Coulibaly,Werder Bremen,D,Borussia Mönchengladbach vs Werder Bremen,90,7,,0,1.0,,51,43.0,,1.0,1.0,,,0,0,2.0,4.0
440147,Karim Coulibaly,Werder Bremen,D,Werder Bremen vs SC Freiburg,90,5.9,,0,,,92,77.0,,2.0,3.0,,,0,0,5.0,13.0
440147,Karim Coulibaly,Werder Bremen,D,Bayern München vs Werder Bremen,90,6.2,,0,,,72,64.0,,1.0,1.0,1.0,,0,0,2.0,3.0
440147,Karim Coulibaly,Werder Bremen,D,Werder Bremen vs FC St. Pauli,90,7.3,,0,1.0,,60,52.0,,3.0,1.0,1.0,,0,0,7.0,12.0
440147,Karim Coulibaly,Werder Bremen,D,1. FC Heidenheim vs Werder Bremen,90,6.2,,0,,,43,35.0,,1.0,,2.0,,0,0,3.0,5.0
440147,Karim Coulibaly,Werder Bremen,D,Werder Bremen vs Union Berlin,90,7,,0,,,77,68.0,,,2.0,2.0,,1,0,7.0,12.0
440147,Karim Coulibaly,Werder Bremen,D,FSV Mainz 05 vs Werder Bremen,81,6.3,,0,,,62,55.0,,1.0,1.0,3.0,2.0,1,0,4.0,10.0
440147,Karim Coulibaly,Werder Bremen,D,Werder Bremen vs VfL Wolfsburg,80,6.7,,0,,,64,56.0,,,1.0,1.0,,0,0,3.0,5.0
440147,Karim Coulibaly,Werder Bremen,D,RB Leipzig vs Werder Bremen,90,6.3,,0,,,50,44.0,,2.0,1.0,,,0,0,4.0,7.0
440147,Karim Coulibaly,Werder Bremen,D,Werder Bremen vs 1. FC Köln,90,6.9,,0,,,63,60.0,,2.0,,1.0,,0,0,3.0,7.0
440147,Karim Coulibaly,Werder Bremen,D,Hamburger SV vs Werder Bremen,90,6.2,,0,,,63,54.0,,2.0,2.0,1.0,,1,0,3.0,7.0
440147,Karim Coulibaly,Werder Bremen,D,Werder Bremen vs VfB Stuttgart,59,5.6,,0,,,31,23.0,,1.0,1.0,,1.0,2,1,3.0,5.0
440147,Karim Coulibaly,Werder Bremen,D,Borussia Dortmund vs Werder Bremen,90,6.5,,0,,,70,63.0,,,2.0,1.0,1.0,0,0,3.0,4.0
440147,Karim Coulibaly,Werder Bremen,D,Werder Bremen vs Eintracht Frankfurt,90,6.2,,0,,,58,48.0,,3.0,,,,0,0,4.0,7.0
440147,Karim Coulibaly,Werder Bremen,D,Bayer Leverkusen vs Werder Bremen,90,6.7,,0,,,61,57.0,,2.0,,2.0,,0,0,3.0,8.0
440147,Karim Coulibaly,Werder Bremen,D,Werder Bremen vs 1899 Hoffenheim,90,6.3,,0,1.0,,72,59.0,,,,,1.0,0,0,3.0,6.0
440147,Karim Coulibaly,Werder Bremen,D,Werder Bremen vs Borussia Mönchengladbach,90,6.7,,0,1.0,,67,59.0,,,,,,0,0,1.0,4.0
440147,Karim Coulibaly,Werder Bremen,D,SC Freiburg vs Werder Bremen,90,7,,0,1.0,,68,62.0,,1.0,2.0,1.0,,0,0,2.0,6.0
440147,Karim Coulibaly,Werder Bremen,D,Werder Bremen vs Bayern München,61,6.3,,0,,,16,12.0,,1.0,1.0,,,0,0,2.0,3.0
334334,Keke Topp,Werder Bremen,F,Eintracht Frankfurt vs Werder Bremen,12,6.3,,0,,,4,4.0,,,,,,0,0,,2.0
334334,Keke Topp,Werder Bremen,F,Werder Bremen vs Bayer Leverkusen,19,6.2,,1,1.0,1.0,13,10.0,,,,,,0,0,2.0,4.0
334334,Keke Topp,Werder Bremen,F,Werder Bremen vs SC Freiburg,17,6.3,,0,,,5,4.0,,,,,,0,0,,
334334,Keke Topp,Werder Bremen,F,Werder Bremen vs Union Berlin,13,6.2,,0,1.0,,4,3.0,,,,1.0,,1,0,,4.0
334334,Keke Topp,Werder Bremen,F,FSV Mainz 05 vs Werder Bremen,26,6.2,,0,,,11,5.0,,,,2.0,1.0,1,0,4.0,10.0
334334,Keke Topp,Werder Bremen,F,Werder Bremen vs VfL Wolfsburg,65,6,,0,,,16,11.0,,2.0,,,,0,0,3.0,8.0
334334,Keke Topp,Werder Bremen,F,RB Leipzig vs Werder Bremen,73,6.6,,0,1.0,,24,23.0,,,,2.0,1.0,0,0,3.0,9.0
334334,Keke Topp,Werder Bremen,F,Werder Bremen vs 1. FC Köln,71,6.2,,0,1.0,,16,10.0,,1.0,,2.0,1.0,0,0,3.0,8.0
334334,Keke Topp,Werder Bremen,F,Hamburger SV vs Werder Bremen,69,6.3,,0,,,6,5.0,,,,2.0,,1,0,2.0,7.0
334334,Keke Topp,Werder Bremen,F,Werder Bremen vs VfB Stuttgart,26,6.3,,0,,,13,9.0,,,,2.0,,0,0,2.0,6.0
334334,Keke Topp,Werder Bremen,F,FC Augsburg vs Werder Bremen,16,6.7,,0,,,6,3.0,,1.0,,1.0,1.0,0,0,2.0,3.0
334334,Keke Topp,Werder Bremen,F,Werder Bremen vs Eintracht Frankfurt,8,6.7,,0,,,2,1.0,,1.0,,,1.0,0,0,3.0,4.0
334334,Keke Topp,Werder Bremen,F,Bayer Leverkusen vs Werder Bremen,11,6.5,,0,1.0,,4,2.0,,,,,,0,0,2.0,2.0
334334,Keke Topp,Werder Bremen,F,Werder Bremen vs 1899 Hoffenheim,14,6.5,,0,1.0,,7,6.0,,,,,,0,0,2.0,3.0
334334,Keke Topp,Werder Bremen,F,Werder Bremen vs Borussia Mönchengladbach,7,7.3,1.0,0,1.0,1.0,1,1.0,,,,,,0,0,,1.0
334334,Keke Topp,Werder Bremen,F,SC Freiburg vs Werder Bremen,90,5.9,,0,2.0,,21,17.0,,,,,,0,0,4.0,16.0
334334,Keke Topp,Werder Bremen,F,FC St. Pauli vs Werder Bremen,11,6.2,,0,1.0,,2,2.0,,,,,,0,0,1.0,4.0
24894,Diant Ramaj,1. FC Heidenheim,G,1. FC Heidenheim vs VfL Wolfsburg,90,6.2,,0,,,54,42.0,,,,2.0,,1,0,1.0,3.0
24894,Diant Ramaj,1. FC Heidenheim,G,RB Leipzig vs 1. FC Heidenheim,90,6.9,,0,,,52,37.0,,,,,,0,0,,
24894,Diant Ramaj,1. FC Heidenheim,G,1. FC Heidenheim vs Borussia Dortmund,90,9.3,,0,,,46,23.0,,,,,1.0,0,0,2.0,2.0
24894,Diant Ramaj,1. FC Heidenheim,G,Hamburger SV vs 1. FC Heidenheim,90,7.2,,0,,,41,29.0,,,,,,0,0,,1.0
24894,Diant Ramaj,1. FC Heidenheim,G,1. FC Heidenheim vs FC Augsburg,90,7.2,,0,,,53,34.0,,,,,,0,0,1.0,1.0
24894,Diant Ramaj,1. FC Heidenheim,G,VfB Stuttgart vs 1. FC Heidenheim,90,6.9,,0,,,68,47.0,,,,,,0,0,,
24894,Diant Ramaj,1. FC Heidenheim,G,1. FC Heidenheim vs Werder Bremen,90,6.6,,0,,,46,38.0,,,,,,0,0,,
24894,Diant Ramaj,1. FC Heidenheim,G,1899 Hoffenheim vs 1. FC Heidenheim,90,7.5,,0,,,56,33.0,,,,,1.0,0,0,2.0,2.0
24894,Diant Ramaj,1. FC Heidenheim,G,1. FC Heidenheim vs Eintracht Frankfurt,90,7.5,,0,,,42,28.0,,,,,,0,0,,
24894,Diant Ramaj,1. FC Heidenheim,G,Bayer Leverkusen vs 1. FC Heidenheim,90,6.5,,0,,,49,30.0,,,,,,0,0,,
24894,Diant Ramaj,1. FC Heidenheim,G,1. FC Heidenheim vs Borussia Mönchengladbach,90,6.5,,0,,,34,28.0,,,,,,0,0,,
24894,Diant Ramaj,1. FC Heidenheim,G,Union Berlin vs 1. FC Heidenheim,90,7,,0,,,70,50.0,,,,,,0,0,,
24894,Diant Ramaj,1. FC Heidenheim,G,1. FC Heidenheim vs SC Freiburg,90,7.2,,0,,,42,33.0,,,,,,0,0,,
24894,Diant Ramaj,1. FC Heidenheim,G,FC St. Pauli vs 1. FC Heidenheim,90,6.7,,0,,,29,21.0,,,,,,0,0,,
24894,Diant Ramaj,1. FC Heidenheim,G,1. FC Heidenheim vs Bayern München,90,7.7,,0,,,47,26.0,,1.0,,,,0,0,1.0,2.0
24894,Diant Ramaj,1. FC Heidenheim,G,1. FC Heidenheim vs 1. FC Köln,90,8.7,,0,,,56,44.0,,,,,,0,0,1.0,1.0
24894,Diant Ramaj,1. FC Heidenheim,G,FSV Mainz 05 vs 1. FC Heidenheim,90,6.3,,0,,,53,35.0,,,,,,0,0,,1.0
24894,Diant Ramaj,1. FC Heidenheim,G,VfL Wolfsburg vs 1. FC Heidenheim,90,6.3,,0,,,36,17.0,,,,,,0,0,,
24894,Diant Ramaj,1. FC Heidenheim,G,1. FC Heidenheim vs RB Leipzig,90,6.5,,0,,,42,19.0,,,,,,0,0,,
24894,Diant Ramaj,1. FC Heidenheim,G,Borussia Dortmund vs 1. FC Heidenheim,90,5.7,,0,,,42,19.0,,,,,,0,0,3.0,3.0
24894,Diant Ramaj,1. FC Heidenheim,G,1. FC Heidenheim vs Hamburger SV,90,6.7,,0,,,43,27.0,,,,,,0,0,,
24894,Diant Ramaj,1. FC Heidenheim,G,FC Augsburg vs 1. FC Heidenheim,90,7.7,,0,,,67,46.0,,,,,,0,0,1.0,1.0
24894,Diant Ramaj,1. FC Heidenheim,G,1. FC Heidenheim vs VfB Stuttgart,90,7.2,,0,,,48,28.0,,,,,,0,0,,
24899,Patrick Mainka,1. FC Heidenheim,D,1. FC Heidenheim vs VfL Wolfsburg,90,6.2,,0,,,59,51.0,,1.0,,,1.0,0,0,4.0,7.0
24899,Patrick Mainka,1. FC Heidenheim,D,RB Leipzig vs 1. FC Heidenheim,90,6.7,,0,,,40,31.0,,1.0,,,1.0,0,0,4.0,6.0
24899,Patrick Mainka,1. FC Heidenheim,D,1. FC Heidenheim vs Borussia Dortmund,90,6.9,,0,,,14,12.0,,1.0,6.0,,,0,0,1.0,2.0
24899,Patrick Mainka,1. FC Heidenheim,D,Hamburger SV vs 1. FC Heidenheim,90,7,,0,1.0,,54,50.0,,1.0,1.0,,1.0,0,0,7.0,11.0
24899,Patrick Mainka,1. FC Heidenheim,D,1. FC Heidenheim vs FC Augsburg,90,7.5,,0,2.0,1.0,36,32.0,,3.0,3.0,1.0,,0,0,5.0,7.0
24899,Patrick Mainka,1. FC Heidenheim,D,VfB Stuttgart vs 1. FC Heidenheim,90,7.3,,0,2.0,,32,30.0,,,,,1.0,0,0,6.0,9.0
24899,Patrick Mainka,1. FC Heidenheim,D,1. FC Heidenheim vs Werder Bremen,90,7.2,,1,1.0,,63,58.0,,,1.0,1.0,,0,0,5.0,9.0
24899,Patrick Mainka,1. FC Heidenheim,D,1899 Hoffenheim vs 1. FC Heidenheim,90,6.9,,0,1.0,,26,25.0,,2.0,,1.0,1.0,0,0,10.0,13.0
24899,Patrick Mainka,1. FC Heidenheim,D,1. FC Heidenheim vs Eintracht Frankfurt,90,6.9,,0,,,24,20.0,,2.0,1.0,,2.0,0,0,6.0,9.0
24899,Patrick Mainka,1. FC Heidenheim,D,Bayer Leverkusen vs 1. FC Heidenheim,90,6,,0,,,32,27.0,,,,,,0,0,,1.0
24899,Patrick Mainka,1. FC Heidenheim,D,1. FC Heidenheim vs Borussia Mönchengladbach,90,5.9,,0,2.0,1.0,78,70.0,,1.0,1.0,1.0,,1,0,1.0,4.0
24899,Patrick Mainka,1. FC Heidenheim,D,Union Berlin vs 1. FC Heidenheim,90,7,,0,1.0,,55,48.0,,3.0,1.0,,1.0,0,0,8.0,12.0
24899,Patrick Mainka,1. FC Heidenheim,D,1. FC Heidenheim vs SC Freiburg,90,8.3,1.0,0,2.0,1.0,22,21.0,,5.0,,,,0,0,9.0,11.0
24899,Patrick Mainka,1. FC Heidenheim,D,FC St. Pauli vs 1. FC Heidenheim,90,7.3,,0,1.0,,81,77.0,,2.0,2.0,,,0,0,10.0,13.0
24899,Patrick Mainka,1. FC Heidenheim,D,1. FC Heidenheim vs Bayern München,90,6.3,,0,1.0,,31,24.0,,2.0,,,,0,0,3.0,5.0
24899,Patrick Mainka,1. FC Heidenheim,D,1. FC Heidenheim vs 1. FC Köln,90,7.6,,0,,,62,55.0,,,,,,0,0,3.0,6.0
24899,Patrick Mainka,1. FC Heidenheim,D,FSV Mainz 05 vs 1. FC Heidenheim,90,7.9,,0,,,53,44.0,,3.0,1.0,,1.0,0,0,17.0,23.0
24899,Patrick Mainka,1. FC Heidenheim,D,VfL Wolfsburg vs 1. FC Heidenheim,90,6.6,,0,1.0,,24,18.0,,,,,,0,0,3.0,5.0
24899,Patrick Mainka,1. FC Heidenheim,D,1. FC Heidenheim vs RB Leipzig,90,6,,0,1.0,1.0,22,21.0,,,,1.0,,0,0,1.0,3.0
24899,Patrick Mainka,1. FC Heidenheim,D,Borussia Dortmund vs 1. FC Heidenheim,90,6.3,,0,,,18,12.0,,4.0,,1.0,1.0,0,0,9.0,17.0
24899,Patrick Mainka,1. FC Heidenheim,D,1. FC Heidenheim vs Hamburger SV,90,6.7,,0,4.0,1.0,42,36.0,,1.0,4.0,,1.0,0,0,11.0,18.0
24899,Patrick Mainka,1. FC Heidenheim,D,FC Augsburg vs 1. FC Heidenheim,90,7,,0,,,59,58.0,,,2.0,,,0,0,5.0,11.0
24899,Patrick Mainka,1. FC Heidenheim,D,1. FC Heidenheim vs VfB Stuttgart,90,5.9,,0,1.0,,31,20.0,,,1.0,,,0,0,8.0,10.0
25203,Benedikt Gimber,1. FC Heidenheim,D,1. FC Heidenheim vs VfL Wolfsburg,90,6.2,,0,,,49,42.0,,1.0,,3.0,3.0,0,0,7.0,13.0
25203,Benedikt Gimber,1. FC Heidenheim,D,RB Leipzig vs 1. FC Heidenheim,90,6.6,,0,,,39,31.0,,3.0,,,2.0,0,0,5.0,8.0
25203,Benedikt Gimber,1. FC Heidenheim,D,1. FC Heidenheim vs Borussia Dortmund,45,6.2,,0,,,15,11.0,,2.0,,1.0,2.0,1,0,4.0,7.0
25203,Benedikt Gimber,1. FC Heidenheim,D,Hamburger SV vs 1. FC Heidenheim,68,6.2,,0,,,34,30.0,,,,1.0,,0,0,2.0,3.0
25203,Benedikt Gimber,1. FC Heidenheim,D,1. FC Heidenheim vs FC Augsburg,12,6.3,,0,,,3,1.0,,,,,2.0,0,0,4.0,5.0
25203,Benedikt Gimber,1. FC Heidenheim,D,1899 Hoffenheim vs 1. FC Heidenheim,45,5.9,,0,,,15,11.0,,,1.0,2.0,,0,0,,4.0
25203,Benedikt Gimber,1. FC Heidenheim,D,Bayer Leverkusen vs 1. FC Heidenheim,57,6,,0,,,19,15.0,,1.0,,,,0,0,1.0,1.0
25203,Benedikt Gimber,1. FC Heidenheim,D,Union Berlin vs 1. FC Heidenheim,57,6.6,,0,,,28,25.0,,1.0,1.0,1.0,3.0,1,0,7.0,9.0
25203,Benedikt Gimber,1. FC Heidenheim,D,1. FC Heidenheim vs SC Freiburg,45,6.7,,0,,,16,11.0,,1.0,,3.0,1.0,1,0,5.0,8.0
25203,Benedikt Gimber,1. FC Heidenheim,D,1. FC Heidenheim vs Bayern München,90,7,,0,,,33,29.0,,3.0,1.0,2.0,2.0,0,0,6.0,8.0
25203,Benedikt Gimber,1. FC Heidenheim,D,FSV Mainz 05 vs 1. FC Heidenheim,90,6.2,,0,1.0,1.0,56,49.0,,2.0,2.0,3.0,1.0,1,0,5.0,12.0
25203,Benedikt Gimber,1. FC Heidenheim,D,VfL Wolfsburg vs 1. FC Heidenheim,90,6.2,,0,1.0,,32,26.0,,3.0,1.0,2.0,2.0,0,0,5.0,12.0
25203,Benedikt Gimber,1. FC Heidenheim,D,1. FC Heidenheim vs RB Leipzig,90,5.9,,0,1.0,,32,23.0,,2.0,,1.0,1.0,1,0,5.0,12.0
25203,Benedikt Gimber,1. FC Heidenheim,D,1. FC Heidenheim vs Hamburger SV,77,7,,0,1.0,1.0,47,41.0,,3.0,,,2.0,0,0,7.0,11.0
25203,Benedikt Gimber,1. FC Heidenheim,D,FC Augsburg vs 1. FC Heidenheim,90,6.9,,0,,,53,47.0,,3.0,1.0,2.0,3.0,1,0,9.0,15.0
25203,Benedikt Gimber,1. FC Heidenheim,D,1. FC Heidenheim vs VfB Stuttgart,90,6.6,,0,,,24,17.0,,2.0,1.0,2.0,1.0,0,0,7.0,10.0
177815,Tim Siersleben,1. FC Heidenheim,D,1. FC Heidenheim vs VfL Wolfsburg,78,5.9,,0,1.0,,30,24.0,,,3.0,1.0,1.0,0,0,1.0,4.0
177815,Tim Siersleben,1. FC Heidenheim,D,1. FC Heidenheim vs Borussia Dortmund,9,7,,0,,,1,1.0,,,,,,0,0,,
177815,Tim Siersleben,1. FC Heidenheim,D,1. FC Heidenheim vs FC Augsburg,90,7,,0,1.0,1.0,46,35.0,,4.0,1.0,2.0,3.0,0,0,9.0,12.0
177815,Tim Siersleben,1. FC Heidenheim,D,VfB Stuttgart vs 1. FC Heidenheim,90,6.3,,0,,,50,36.0,,,,,1.0,0,0,1.0,2.0
177815,Tim Siersleben,1. FC Heidenheim,D,1. FC Heidenheim vs Werder Bremen,90,6.5,,0,2.0,1.0,53,41.0,,2.0,1.0,,,1,0,3.0,6.0
177815,Tim Siersleben,1. FC Heidenheim,D,1899 Hoffenheim vs 1. FC Heidenheim,90,6.7,,0,,,45,35.0,,3.0,1.0,1.0,2.0,0,0,6.0,11.0
177815,Tim Siersleben,1. FC Heidenheim,D,1. FC Heidenheim vs Eintracht Frankfurt,90,7.3,,0,,,17,10.0,,4.0,3.0,2.0,,0,0,5.0,8.0
177815,Tim Siersleben,1. FC Heidenheim,D,Bayer Leverkusen vs 1. FC Heidenheim,90,5.3,,0,,,35,27.0,,1.0,5.0,,,0,0,2.0,4.0
177815,Tim Siersleben,1. FC Heidenheim,D,1. FC Heidenheim vs Borussia Mönchengladbach,90,6.6,,0,,,71,67.0,,3.0,4.0,1.0,3.0,0,0,7.0,14.0
177815,Tim Siersleben,1. FC Heidenheim,D,1. FC Heidenheim vs SC Freiburg,45,6.9,,0,,,18,15.0,,1.0,,1.0,,0,0,2.0,3.0
177815,Tim Siersleben,1. FC Heidenheim,D,FC St. Pauli vs 1. FC Heidenheim,64,7.6,,0,,,58,49.0,,1.0,,1.0,1.0,0,0,5.0,5.0
177815,Tim Siersleben,1. FC Heidenheim,D,1. FC Heidenheim vs 1. FC Köln,90,6.6,,0,1.0,1.0,66,60.0,,,,,,0,0,,3.0
177815,Tim Siersleben,1. FC Heidenheim,D,Borussia Dortmund vs 1. FC Heidenheim,90,6,,0,,,27,24.0,,2.0,,3.0,2.0,0,0,5.0,9.0
177815,Tim Siersleben,1. FC Heidenheim,D,1. FC Heidenheim vs VfB Stuttgart,75,6,,0,,,28,20.0,,2.0,2.0,1.0,,1,0,3.0,8.0
24897,Marnon Busch,1. FC Heidenheim,M,1. FC Heidenheim vs VfL Wolfsburg,90,6.6,,0,,,35,29.0,,2.0,,,,0,0,3.0,5.0
24897,Marnon Busch,1. FC Heidenheim,M,RB Leipzig vs 1. FC Heidenheim,90,6.2,,0,,,27,21.0,,3.0,2.0,3.0,,1,0,3.0,6.0
24897,Marnon Busch,1. FC Heidenheim,M,1. FC Heidenheim vs Borussia Dortmund,45,6.7,,0,,,12,9.0,,,1.0,,,0,0,,2.0
24897,Marnon Busch,1. FC Heidenheim,M,Hamburger SV vs 1. FC Heidenheim,22,7.2,,0,,,18,16.0,,2.0,1.0,,,0,0,2.0,4.0
24897,Marnon Busch,1. FC Heidenheim,M,1. FC Heidenheim vs FC Augsburg,22,6.3,,0,1.0,1.0,9,6.0,,1.0,1.0,1.0,,0,0,1.0,4.0
24897,Marnon Busch,1. FC Heidenheim,M,VfB Stuttgart vs 1. FC Heidenheim,10,6.9,,0,,,7,6.0,,,,,1.0,0,0,3.0,3.0
24897,Marnon Busch,1. FC Heidenheim,M,1. FC Heidenheim vs Werder Bremen,27,6.9,,1,,,16,13.0,,,,,,0,0,1.0,3.0
24897,Marnon Busch,1. FC Heidenheim,M,1899 Hoffenheim vs 1. FC Heidenheim,23,7.2,,0,1.0,,6,5.0,,1.0,,,,0,0,1.0,3.0
24897,Marnon Busch,1. FC Heidenheim,M,1. FC Heidenheim vs Eintracht Frankfurt,89,7,,0,,,16,13.0,,,2.0,,1.0,0,0,1.0,6.0
24897,Marnon Busch,1. FC Heidenheim,M,Bayer Leverkusen vs 1. FC Heidenheim,83,6.3,,0,,,11,10.0,,2.0,,,,0,0,2.0,2.0
24897,Marnon Busch,1. FC Heidenheim,M,1. FC Heidenheim vs Borussia Mönchengladbach,28,6.5,,0,,,27,20.0,,,,,,0,0,,
24897,Marnon Busch,1. FC Heidenheim,M,Union Berlin vs 1. FC Heidenheim,76,7,,0,,,25,21.0,,1.0,,1.0,,0,0,2.0,5.0
24897,Marnon Busch,1. FC Heidenheim,M,1. FC Heidenheim vs SC Freiburg,83,7.3,,1,,,17,14.0,,1.0,4.0,,1.0,0,0,2.0,4.0
24897,Marnon Busch,1. FC Heidenheim,M,FC St. Pauli vs 1. FC Heidenheim,90,7.2,,0,,,74,63.0,,,1.0,2.0,,0,0,1.0,5.0
24897,Marnon Busch,1. FC Heidenheim,M,1. FC Heidenheim vs Bayern München,66,6.7,,0,,,12,8.0,,,1.0,,,0,0,1.0,2.0
24897,Marnon Busch,1. FC Heidenheim,M,1. FC Heidenheim vs 1. FC Köln,12,6.9,,0,,,9,8.0,,1.0,,,,0,0,2.0,3.0
24897,Marnon Busch,1. FC Heidenheim,M,VfL Wolfsburg vs 1. FC Heidenheim,90,6.6,,0,1.0,,18,11.0,,1.0,1.0,1.0,,1,0,3.0,4.0
24897,Marnon Busch,1. FC Heidenheim,M,Borussia Dortmund vs 1. FC Heidenheim,90,6.3,,0,,,20,15.0,,1.0,1.0,,1.0,0,0,4.0,6.0
24897,Marnon Busch,1. FC Heidenheim,M,1. FC Heidenheim vs Hamburger SV,90,7.3,,0,,,36,31.0,,4.0,,,1.0,0,0,7.0,9.0
24897,Marnon Busch,1. FC Heidenheim,M,FC Augsburg vs 1. FC Heidenheim,90,6.9,,0,1.0,,54,44.0,,1.0,2.0,1.0,,0,0,3.0,8.0
127619,Jan Schöppner,1. FC Heidenheim,M,1. FC Heidenheim vs VfL Wolfsburg,90,6.2,,0,,,24,18.0,,2.0,2.0,1.0,,0,0,3.0,7.0
127619,Jan Schöppner,1. FC Heidenheim,M,1. FC Heidenheim vs Borussia Dortmund,90,6.5,,0,,,21,12.0,,2.0,5.0,2.0,,1,0,3.0,9.0
127619,Jan Schöppner,1. FC Heidenheim,M,Hamburger SV vs 1. FC Heidenheim,68,6,,0,1.0,1.0,21,18.0,,,1.0,2.0,2.0,0,0,2.0,7.0
127619,Jan Schöppner,1. FC Heidenheim,M,1. FC Heidenheim vs FC Augsburg,90,6.3,,0,1.0,,35,20.0,,3.0,,,,0,0,4.0,11.0
127619,Jan Schöppner,1. FC Heidenheim,M,VfB Stuttgart vs 1. FC Heidenheim,90,6.6,,0,,,18,13.0,,1.0,,1.0,,0,0,6.0,13.0
127619,Jan Schöppner,1. FC Heidenheim,M,1. FC Heidenheim vs Werder Bremen,63,7.3,,0,1.0,,32,25.0,,2.0,,,1.0,0,0,4.0,7.0
127619,Jan Schöppner,1. FC Heidenheim,M,1899 Hoffenheim vs 1. FC Heidenheim,90,6.7,,0,,,29,19.0,,1.0,2.0,1.0,2.0,1,0,7.0,13.0
127619,Jan Schöppner,1. FC Heidenheim,M,1. FC Heidenheim vs Eintracht Frankfurt,90,6.2,,0,,,20,11.0,,,1.0,1.0,,0,0,1.0,10.0
127619,Jan Schöppner,1. FC Heidenheim,M,Bayer Leverkusen vs 1. FC Heidenheim,45,5.9,,0,,,17,15.0,,1.0,1.0,1.0,,1,0,1.0,6.0
127619,Jan Schöppner,1. FC Heidenheim,M,1. FC Heidenheim vs Borussia Mönchengladbach,90,5.7,,0,,,34,29.0,,,3.0,3.0,2.0,0,0,5.0,13.0
127619,Jan Schöppner,1. FC Heidenheim,M,Union Berlin vs 1. FC Heidenheim,33,7.9,1.0,0,1.0,1.0,23,15.0,,1.0,1.0,,,0,0,4.0,5.0
127619,Jan Schöppner,1. FC Heidenheim,M,1. FC Heidenheim vs SC Freiburg,90,6.5,,0,,,23,12.0,,1.0,,1.0,,0,0,8.0,16.0
127619,Jan Schöppner,1. FC Heidenheim,M,FC St. Pauli vs 1. FC Heidenheim,45,6.2,,0,,,13,10.0,,,,1.0,,1,0,1.0,3.0
127619,Jan Schöppner,1. FC Heidenheim,M,1. FC Heidenheim vs Bayern München,66,6.7,,0,,,12,7.0,,,2.0,,,0,0,2.0,2.0
127619,Jan Schöppner,1. FC Heidenheim,M,1. FC Heidenheim vs 1. FC Köln,60,7,,1,1.0,1.0,24,15.0,,1.0,1.0,,,0,0,3.0,7.0
127619,Jan Schöppner,1. FC Heidenheim,M,FSV Mainz 05 vs 1. FC Heidenheim,45,6.3,,0,1.0,,26,16.0,,,,,,0,0,3.0,6.0
127619,Jan Schöppner,1. FC Heidenheim,M,VfL Wolfsburg vs 1. FC Heidenheim,90,6.3,,0,2.0,1.0,18,8.0,,,1.0,,1.0,0,0,3.0,13.0
127619,Jan Schöppner,1. FC Heidenheim,M,1. FC Heidenheim vs RB Leipzig,84,6.2,,0,1.0,,17,10.0,,1.0,,1.0,2.0,0,0,4.0,12.0
127619,Jan Schöppner,1. FC Heidenheim,M,Borussia Dortmund vs 1. FC Heidenheim,20,6.9,,0,1.0,,7,5.0,,,,1.0,,0,0,,2.0
127619,Jan Schöppner,1. FC Heidenheim,M,FC Augsburg vs 1. FC Heidenheim,87,7.2,,0,1.0,1.0,31,26.0,,,3.0,,1.0,0,0,2.0,4.0
127619,Jan Schöppner,1. FC Heidenheim,M,1. FC Heidenheim vs VfB Stuttgart,24,6.5,,0,,,5,3.0,,,,,,0,0,1.0,1.0
24904,Niklas Dorsch,1. FC Heidenheim,M,1. FC Heidenheim vs VfL Wolfsburg,62,6.2,,0,,,25,23.0,,2.0,1.0,,,0,0,2.0,4.0
24904,Niklas Dorsch,1. FC Heidenheim,M,RB Leipzig vs 1. FC Heidenheim,58,6.2,,0,,,13,10.0,,1.0,,1.0,,0,0,2.0,4.0
24904,Niklas Dorsch,1. FC Heidenheim,M,Hamburger SV vs 1. FC Heidenheim,90,7.3,,0,,,54,51.0,,3.0,,1.0,1.0,0,0,4.0,5.0
24904,Niklas Dorsch,1. FC Heidenheim,M,1. FC Heidenheim vs FC Augsburg,89,6.7,,0,1.0,,35,26.0,,1.0,,3.0,1.0,0,0,4.0,11.0
24904,Niklas Dorsch,1. FC Heidenheim,M,VfB Stuttgart vs 1. FC Heidenheim,74,6.9,,0,,,18,17.0,,2.0,1.0,,3.0,0,0,6.0,9.0
24904,Niklas Dorsch,1. FC Heidenheim,M,1. FC Heidenheim vs Werder Bremen,79,6.9,,0,3.0,2.0,42,36.0,,1.0,2.0,1.0,2.0,0,0,4.0,9.0
24904,Niklas Dorsch,1. FC Heidenheim,M,1899 Hoffenheim vs 1. FC Heidenheim,45,6.3,,0,,,8,8.0,,1.0,,1.0,1.0,0,0,3.0,6.0
24904,Niklas Dorsch,1. FC Heidenheim,M,1. FC Heidenheim vs Eintracht Frankfurt,20,6.3,,0,,,4,3.0,,,,2.0,,0,0,,2.0
24904,Niklas Dorsch,1. FC Heidenheim,M,Bayer Leverkusen vs 1. FC Heidenheim,57,6.3,,0,,,29,26.0,,3.0,2.0,3.0,,0,0,3.0,8.0
24904,Niklas Dorsch,1. FC Heidenheim,M,1. FC Heidenheim vs Borussia Mönchengladbach,83,7.2,,0,,,64,60.0,,2.0,,,1.0,0,0,5.0,6.0
24904,Niklas Dorsch,1. FC Heidenheim,M,Union Berlin vs 1. FC Heidenheim,57,6.9,,0,,,24,19.0,,1.0,1.0,,,0,0,3.0,3.0
24904,Niklas Dorsch,1. FC Heidenheim,M,1. FC Heidenheim vs SC Freiburg,88,6.7,,0,2.0,,17,15.0,,1.0,1.0,,,0,0,1.0,4.0
24904,Niklas Dorsch,1. FC Heidenheim,M,FC St. Pauli vs 1. FC Heidenheim,12,6.9,,0,,,14,14.0,,,1.0,,,0,0,1.0,1.0
24904,Niklas Dorsch,1. FC Heidenheim,M,1. FC Heidenheim vs Bayern München,90,7,,0,,,32,30.0,,3.0,,1.0,,0,0,3.0,6.0
24904,Niklas Dorsch,1. FC Heidenheim,M,1. FC Heidenheim vs 1. FC Köln,90,7.5,,0,,,57,50.0,,2.0,,,1.0,0,0,3.0,5.0
24904,Niklas Dorsch,1. FC Heidenheim,M,FSV Mainz 05 vs 1. FC Heidenheim,90,6.6,,0,,,53,47.0,,2.0,,1.0,,0,0,3.0,7.0
24904,Niklas Dorsch,1. FC Heidenheim,M,VfL Wolfsburg vs 1. FC Heidenheim,86,8.2,,0,,,27,24.0,,5.0,1.0,,2.0,1,0,9.0,9.0
24904,Niklas Dorsch,1. FC Heidenheim,M,1. FC Heidenheim vs RB Leipzig,90,6.9,,0,1.0,,22,19.0,,6.0,2.0,1.0,3.0,0,0,9.0,11.0
24904,Niklas Dorsch,1. FC Heidenheim,M,Borussia Dortmund vs 1. FC Heidenheim,90,7.2,,0,,,23,20.0,,6.0,1.0,1.0,,0,0,6.0,8.0
24904,Niklas Dorsch,1. FC Heidenheim,M,1. FC Heidenheim vs Hamburger SV,90,7.6,,0,1.0,1.0,47,41.0,,2.0,1.0,,1.0,0,0,5.0,6.0
24904,Niklas Dorsch,1. FC Heidenheim,M,1. FC Heidenheim vs VfB Stuttgart,15,6.3,,0,,,4,4.0,,,,2.0,,0,0,,1.0
24979,Jonas Föhrenbach,1. FC Heidenheim,M,1. FC Heidenheim vs VfL Wolfsburg,61,6.6,,0,,,12,10.0,,2.0,,,,0,0,2.0,3.0
24979,Jonas Föhrenbach,1. FC Heidenheim,M,RB Leipzig vs 1. FC Heidenheim,90,6.2,,0,,,12,10.0,,1.0,2.0,1.0,,1,0,2.0,7.0
24979,Jonas Föhrenbach,1. FC Heidenheim,M,1. FC Heidenheim vs Borussia Dortmund,83,7,,0,,,25,21.0,,1.0,1.0,,,0,0,1.0,2.0
24979,Jonas Föhrenbach,1. FC Heidenheim,M,Hamburger SV vs 1. FC Heidenheim,90,6.3,,0,,,43,36.0,,1.0,2.0,,1.0,0,0,2.0,5.0
24979,Jonas Föhrenbach,1. FC Heidenheim,M,1. FC Heidenheim vs FC Augsburg,90,6.2,,0,,,19,14.0,,1.0,,2.0,1.0,0,0,2.0,7.0
24979,Jonas Föhrenbach,1. FC Heidenheim,M,VfB Stuttgart vs 1. FC Heidenheim,90,6.9,,0,,,34,22.0,,3.0,2.0,1.0,1.0,0,0,4.0,7.0
24979,Jonas Föhrenbach,1. FC Heidenheim,M,1. FC Heidenheim vs Werder Bremen,90,7.9,1.0,0,1.0,1.0,40,34.0,,2.0,,,1.0,0,0,4.0,4.0
24979,Jonas Föhrenbach,1. FC Heidenheim,M,1899 Hoffenheim vs 1. FC Heidenheim,90,7.2,,1,,,28,24.0,,3.0,2.0,,,0,0,4.0,6.0
24979,Jonas Föhrenbach,1. FC Heidenheim,M,1. FC Heidenheim vs Eintracht Frankfurt,90,6.6,,0,,,26,19.0,,1.0,2.0,1.0,2.0,0,0,4.0,5.0
24979,Jonas Föhrenbach,1. FC Heidenheim,M,Bayer Leverkusen vs 1. FC Heidenheim,90,5.2,,0,,,15,11.0,,1.0,1.0,,,0,0,1.0,2.0
24979,Jonas Föhrenbach,1. FC Heidenheim,M,1. FC Heidenheim vs Borussia Mönchengladbach,90,5.9,,0,,,36,29.0,,,,,,0,0,1.0,4.0
24979,Jonas Föhrenbach,1. FC Heidenheim,M,Union Berlin vs 1. FC Heidenheim,90,6.3,,0,,,37,24.0,,,1.0,,,0,0,1.0,2.0
24979,Jonas Föhrenbach,1. FC Heidenheim,M,1. FC Heidenheim vs SC Freiburg,90,7.7,,0,,,16,11.0,,3.0,1.0,,,0,0,5.0,8.0
24979,Jonas Föhrenbach,1. FC Heidenheim,M,FC St. Pauli vs 1. FC Heidenheim,90,6.7,,0,,,50,38.0,,1.0,,,,0,0,3.0,4.0
24979,Jonas Föhrenbach,1. FC Heidenheim,M,1. FC Heidenheim vs Bayern München,90,5.9,,0,,,17,12.0,,,,2.0,,0,0,2.0,5.0
24979,Jonas Föhrenbach,1. FC Heidenheim,M,1. FC Heidenheim vs 1. FC Köln,90,5.9,,0,,,27,23.0,,2.0,1.0,1.0,,1,0,3.0,7.0
24979,Jonas Föhrenbach,1. FC Heidenheim,M,FSV Mainz 05 vs 1. FC Heidenheim,81,6.2,,0,,,29,20.0,,2.0,2.0,1.0,1.0,0,0,3.0,6.0
24979,Jonas Föhrenbach,1. FC Heidenheim,M,VfL Wolfsburg vs 1. FC Heidenheim,77,6.7,,0,,,19,9.0,,2.0,4.0,1.0,1.0,1,0,3.0,7.0
24979,Jonas Föhrenbach,1. FC Heidenheim,M,1. FC Heidenheim vs RB Leipzig,90,6.3,,0,,,13,10.0,,5.0,,2.0,1.0,0,0,6.0,11.0
327897,Arijon Ibrahimović,1. FC Heidenheim,F,1. FC Heidenheim vs VfL Wolfsburg,71,6.6,,0,,,27,20.0,,1.0,,,,0,0,5.0,10.0
327897,Arijon Ibrahimović,1. FC Heidenheim,F,RB Leipzig vs 1. FC Heidenheim,58,6.2,,0,1.0,,9,5.0,,2.0,,1.0,,0,0,4.0,9.0
327897,Arijon Ibrahimović,1. FC Heidenheim,F,1. FC Heidenheim vs Borussia Dortmund,81,6.5,,0,1.0,1.0,26,22.0,,,1.0,1.0,,0,0,1.0,5.0
327897,Arijon Ibrahimović,1. FC Heidenheim,F,Hamburger SV vs 1. FC Heidenheim,78,6.3,,0,3.0,3.0,27,19.0,,1.0,,,1.0,0,0,2.0,3.0
327897,Arijon Ibrahimović,1. FC Heidenheim,F,1. FC Heidenheim vs FC Augsburg,89,6.9,,0,1.0,,42,32.0,,2.0,1.0,,1.0,1,0,3.0,7.0
327897,Arijon Ibrahimović,1. FC Heidenheim,F,VfB Stuttgart vs 1. FC Heidenheim,89,6.2,,0,,,33,19.0,,,2.0,,,0,0,3.0,9.0
327897,Arijon Ibrahimović,1. FC Heidenheim,F,1. FC Heidenheim vs Werder Bremen,90,6.9,,0,4.0,3.0,43,34.0,,,1.0,1.0,1.0,0,0,3.0,8.0
327897,Arijon Ibrahimović,1. FC Heidenheim,F,1899 Hoffenheim vs 1. FC Heidenheim,90,6.5,,0,2.0,1.0,30,17.0,,,,1.0,2.0,0,0,5.0,10.0
327897,Arijon Ibrahimović,1. FC Heidenheim,F,1. FC Heidenheim vs Eintracht Frankfurt,90,6.9,,1,1.0,1.0,38,20.0,,1.0,1.0,,1.0,0,0,4.0,10.0
327897,Arijon Ibrahimović,1. FC Heidenheim,F,Bayer Leverkusen vs 1. FC Heidenheim,90,6,,0,,,27,21.0,,1.0,,1.0,1.0,0,0,2.0,8.0
327897,Arijon Ibrahimović,1. FC Heidenheim,F,1. FC Heidenheim vs Borussia Mönchengladbach,62,6.6,,0,,,24,19.0,,1.0,,,1.0,0,0,2.0,4.0
327897,Arijon Ibrahimović,1. FC Heidenheim,F,Union Berlin vs 1. FC Heidenheim,33,7.2,,1,,,19,15.0,,1.0,,,1.0,0,0,3.0,5.0
327897,Arijon Ibrahimović,1. FC Heidenheim,F,1. FC Heidenheim vs SC Freiburg,45,7.5,,0,,,23,18.0,,1.0,1.0,1.0,,0,0,1.0,5.0
327897,Arijon Ibrahimović,1. FC Heidenheim,F,FC St. Pauli vs 1. FC Heidenheim,90,7,,0,1.0,1.0,38,26.0,,2.0,,1.0,1.0,0,0,9.0,15.0
327897,Arijon Ibrahimović,1. FC Heidenheim,F,1. FC Heidenheim vs Bayern München,45,6.2,,0,1.0,,15,11.0,,,,,,0,0,1.0,5.0
327897,Arijon Ibrahimović,1. FC Heidenheim,F,1. FC Heidenheim vs 1. FC Köln,60,7,,0,3.0,2.0,28,22.0,,,,2.0,,1,0,,5.0
327897,Arijon Ibrahimović,1. FC Heidenheim,F,FSV Mainz 05 vs 1. FC Heidenheim,90,7.2,,0,1.0,1.0,44,35.0,,3.0,2.0,,2.0,0,0,7.0,13.0
327897,Arijon Ibrahimović,1. FC Heidenheim,F,VfL Wolfsburg vs 1. FC Heidenheim,90,6.9,,0,,,33,23.0,,1.0,2.0,,2.0,0,0,4.0,11.0
327897,Arijon Ibrahimović,1. FC Heidenheim,F,1. FC Heidenheim vs RB Leipzig,63,6.9,,0,2.0,1.0,15,11.0,,1.0,,,,0,0,2.0,5.0
327897,Arijon Ibrahimović,1. FC Heidenheim,F,Borussia Dortmund vs 1. FC Heidenheim,45,6.9,,0,1.0,,17,16.0,,,2.0,,3.0,0,0,6.0,11.0
327897,Arijon Ibrahimović,1. FC Heidenheim,F,1. FC Heidenheim vs Hamburger SV,63,6.6,,0,,,28,15.0,,1.0,,,,0,0,3.0,7.0
327897,Arijon Ibrahimović,1. FC Heidenheim,F,FC Augsburg vs 1. FC Heidenheim,90,7.2,,0,1.0,,37,31.0,,5.0,2.0,,2.0,0,0,8.0,10.0
327897,Arijon Ibrahimović,1. FC Heidenheim,F,1. FC Heidenheim vs VfB Stuttgart,90,7.7,1.0,0,3.0,3.0,40,31.0,,1.0,3.0,,1.0,0,0,2.0,9.0
283323,Leo Scienza,1. FC Heidenheim,F,1. FC Heidenheim vs VfL Wolfsburg,90,8,1.0,0,2.0,1.0,20,17.0,,1.0,,1.0,5.0,0,0,7.0,12.0
283323,Leo Scienza,1. FC Heidenheim,F,RB Leipzig vs 1. FC Heidenheim,90,6.9,,0,,,17,11.0,,1.0,,,2.0,0,0,5.0,13.0
24641,Budu Zivzivadze,1. FC Heidenheim,F,1. FC Heidenheim vs VfL Wolfsburg,71,6.6,,0,2.0,1.0,8,5.0,,,,1.0,1.0,0,0,2.0,5.0
24641,Budu Zivzivadze,1. FC Heidenheim,F,RB Leipzig vs 1. FC Heidenheim,33,6.3,,0,,,5,4.0,,,,,,0,0,,3.0
24641,Budu Zivzivadze,1. FC Heidenheim,F,1. FC Heidenheim vs Borussia Dortmund,21,3.3,,0,,,7,5.0,,1.0,,1.0,,0,1,1.0,3.0
24641,Budu Zivzivadze,1. FC Heidenheim,F,1. FC Heidenheim vs Werder Bremen,79,6.7,,0,3.0,2.0,17,14.0,,1.0,,,,0,0,5.0,10.0
24641,Budu Zivzivadze,1. FC Heidenheim,F,1899 Hoffenheim vs 1. FC Heidenheim,45,6.5,,0,,,5,3.0,,1.0,,1.0,,0,0,1.0,6.0
24641,Budu Zivzivadze,1. FC Heidenheim,F,1. FC Heidenheim vs Eintracht Frankfurt,70,7.7,1.0,0,2.0,2.0,18,14.0,,,,,1.0,0,0,3.0,8.0
24641,Budu Zivzivadze,1. FC Heidenheim,F,Bayer Leverkusen vs 1. FC Heidenheim,33,6.2,,0,,,7,4.0,,,,,,0,0,,
24641,Budu Zivzivadze,1. FC Heidenheim,F,1. FC Heidenheim vs Borussia Mönchengladbach,28,6.3,,0,,,5,4.0,,,1.0,,,0,0,,2.0
24641,Budu Zivzivadze,1. FC Heidenheim,F,1. FC Heidenheim vs Hamburger SV,26,6.5,,0,1.0,,7,6.0,,1.0,,,,0,0,1.0,4.0
24641,Budu Zivzivadze,1. FC Heidenheim,F,FC Augsburg vs 1. FC Heidenheim,9,6.2,,0,,,3,2.0,,,,1.0,,1,0,,2.0
25502,Haktab Omar Traore,1. FC Heidenheim,D,1. FC Heidenheim vs VfL Wolfsburg,29,6.2,,0,,,19,17.0,,,,1.0,,1,0,2.0,4.0
25502,Haktab Omar Traore,1. FC Heidenheim,D,RB Leipzig vs 1. FC Heidenheim,13,6,,0,,,3,2.0,,,,1.0,,0,0,,4.0
25502,Haktab Omar Traore,1. FC Heidenheim,D,1. FC Heidenheim vs Borussia Dortmund,90,6,,0,2.0,,25,17.0,,,,,,0,0,,2.0
25502,Haktab Omar Traore,1. FC Heidenheim,D,Hamburger SV vs 1. FC Heidenheim,90,7.2,,1,1.0,,32,26.0,,3.0,2.0,1.0,1.0,0,0,5.0,8.0
25502,Haktab Omar Traore,1. FC Heidenheim,D,1. FC Heidenheim vs FC Augsburg,90,6.3,,0,,,25,22.0,,,1.0,3.0,2.0,0,0,2.0,5.0
25502,Haktab Omar Traore,1. FC Heidenheim,D,VfB Stuttgart vs 1. FC Heidenheim,90,6.3,,0,,,26,14.0,,1.0,,1.0,1.0,0,0,2.0,8.0
25502,Haktab Omar Traore,1. FC Heidenheim,D,1. FC Heidenheim vs Werder Bremen,90,6.2,,0,1.0,,44,36.0,,,2.0,2.0,,0,0,2.0,9.0
25502,Haktab Omar Traore,1. FC Heidenheim,D,1899 Hoffenheim vs 1. FC Heidenheim,78,7,,0,,,31,22.0,,4.0,,1.0,2.0,0,0,8.0,14.0
25502,Haktab Omar Traore,1. FC Heidenheim,D,1. FC Heidenheim vs Eintracht Frankfurt,27,7,,0,,,5,4.0,,,,,2.0,0,0,3.0,4.0
25502,Haktab Omar Traore,1. FC Heidenheim,D,Bayer Leverkusen vs 1. FC Heidenheim,90,5.5,,0,,,29,28.0,,1.0,2.0,1.0,2.0,0,0,3.0,7.0
25502,Haktab Omar Traore,1. FC Heidenheim,D,1. FC Heidenheim vs Borussia Mönchengladbach,62,6.5,,0,,,38,30.0,,,,1.0,1.0,1,0,3.0,5.0
25502,Haktab Omar Traore,1. FC Heidenheim,D,Union Berlin vs 1. FC Heidenheim,14,7.2,,1,,,17,12.0,,,,,,0,0,2.0,3.0
25502,Haktab Omar Traore,1. FC Heidenheim,D,1. FC Heidenheim vs SC Freiburg,14,6.6,,0,,,4,4.0,,,,,,0,0,,
25502,Haktab Omar Traore,1. FC Heidenheim,D,FC St. Pauli vs 1. FC Heidenheim,45,6.6,,0,1.0,1.0,33,32.0,,,,1.0,,0,0,1.0,2.0
25502,Haktab Omar Traore,1. FC Heidenheim,D,1. FC Heidenheim vs Bayern München,90,5.7,,0,,,18,12.0,,2.0,,2.0,1.0,0,0,3.0,7.0
25502,Haktab Omar Traore,1. FC Heidenheim,D,1. FC Heidenheim vs 1. FC Köln,78,6.2,,0,,,34,26.0,,3.0,1.0,,1.0,0,0,4.0,9.0
25502,Haktab Omar Traore,1. FC Heidenheim,D,FSV Mainz 05 vs 1. FC Heidenheim,90,6.2,,0,1.0,,60,42.0,,2.0,1.0,,3.0,0,0,8.0,12.0
25502,Haktab Omar Traore,1. FC Heidenheim,D,Borussia Dortmund vs 1. FC Heidenheim,80,6,,0,,,10,7.0,,,,1.0,,0,0,,4.0
25502,Haktab Omar Traore,1. FC Heidenheim,D,1. FC Heidenheim vs Hamburger SV,45,6.5,,0,,,11,9.0,,,,2.0,1.0,0,0,1.0,5.0
25502,Haktab Omar Traore,1. FC Heidenheim,D,1. FC Heidenheim vs VfB Stuttgart,66,6.2,,0,,,16,10.0,,,1.0,1.0,,0,0,1.0,4.0
280055,Luca Kerber,1. FC Heidenheim,M,1. FC Heidenheim vs VfL Wolfsburg,28,6.2,,0,,,7,6.0,,,,1.0,,0,0,,3.0
280055,Luca Kerber,1. FC Heidenheim,M,RB Leipzig vs 1. FC Heidenheim,68,6.2,,0,,,11,5.0,,,,2.0,1.0,1,0,2.0,9.0
280055,Luca Kerber,1. FC Heidenheim,M,1. FC Heidenheim vs Borussia Dortmund,90,6.9,,0,1.0,,14,9.0,,1.0,1.0,,1.0,0,0,3.0,4.0
280055,Luca Kerber,1. FC Heidenheim,M,Hamburger SV vs 1. FC Heidenheim,54,6.9,,0,2.0,1.0,16,13.0,,,,,,0,0,2.0,3.0
280055,Luca Kerber,1. FC Heidenheim,M,1. FC Heidenheim vs FC Augsburg,12,6.5,,0,,,3,2.0,,2.0,,,,0,0,2.0,2.0
280055,Luca Kerber,1. FC Heidenheim,M,VfB Stuttgart vs 1. FC Heidenheim,80,6.2,,0,,,8,5.0,,2.0,,5.0,1.0,1,0,3.0,12.0
280055,Luca Kerber,1. FC Heidenheim,M,1. FC Heidenheim vs Borussia Mönchengladbach,11,6.6,,0,,,3,2.0,,1.0,1.0,,,0,0,2.0,3.0
280055,Luca Kerber,1. FC Heidenheim,M,1. FC Heidenheim vs SC Freiburg,9,6.7,,0,,,0,,,,,,1.0,0,0,1.0,1.0
280055,Luca Kerber,1. FC Heidenheim,M,1. FC Heidenheim vs Bayern München,45,6.2,,0,,,1,1.0,,,,1.0,1.0,0,0,1.0,4.0
280055,Luca Kerber,1. FC Heidenheim,M,VfL Wolfsburg vs 1. FC Heidenheim,11,6.7,,0,1.0,,2,1.0,,2.0,,,,0,0,3.0,4.0
280055,Luca Kerber,1. FC Heidenheim,M,1. FC Heidenheim vs RB Leipzig,13,6.2,,0,,,0,,,,,,,0,0,,1.0
24955,Mathias Honsak,1. FC Heidenheim,F,1. FC Heidenheim vs VfL Wolfsburg,19,6.5,,0,1.0,,10,9.0,,,,,1.0,0,0,1.0,3.0
24955,Mathias Honsak,1. FC Heidenheim,F,RB Leipzig vs 1. FC Heidenheim,77,6.5,,0,2.0,2.0,9,4.0,,2.0,2.0,,,0,0,3.0,5.0
24955,Mathias Honsak,1. FC Heidenheim,F,1. FC Heidenheim vs Borussia Dortmund,70,6.9,,0,,,15,10.0,,1.0,3.0,,2.0,0,0,7.0,10.0
24955,Mathias Honsak,1. FC Heidenheim,F,1. FC Heidenheim vs Werder Bremen,11,6.3,,0,2.0,,4,3.0,,,,,,0,0,1.0,1.0
24955,Mathias Honsak,1. FC Heidenheim,F,1899 Hoffenheim vs 1. FC Heidenheim,45,6.6,,0,2.0,1.0,10,7.0,,,1.0,,,0,0,2.0,3.0
24955,Mathias Honsak,1. FC Heidenheim,F,1. FC Heidenheim vs Eintracht Frankfurt,63,6.9,,0,2.0,,10,6.0,,3.0,2.0,,1.0,0,0,5.0,7.0
24955,Mathias Honsak,1. FC Heidenheim,F,Bayer Leverkusen vs 1. FC Heidenheim,67,6,,0,,,19,15.0,,2.0,,,,0,0,4.0,10.0
24955,Mathias Honsak,1. FC Heidenheim,F,1. FC Heidenheim vs Borussia Mönchengladbach,62,5.6,,0,,,4,4.0,,,,4.0,,0,0,,9.0
24955,Mathias Honsak,1. FC Heidenheim,F,Union Berlin vs 1. FC Heidenheim,76,6.6,,0,1.0,,12,10.0,,2.0,,,2.0,0,0,5.0,10.0
24955,Mathias Honsak,1. FC Heidenheim,F,1. FC Heidenheim vs SC Freiburg,90,6.9,,0,3.0,,19,13.0,,1.0,1.0,1.0,3.0,0,0,8.0,15.0
24955,Mathias Honsak,1. FC Heidenheim,F,FC St. Pauli vs 1. FC Heidenheim,26,7.3,,0,3.0,1.0,16,15.0,,,,,,0,0,,
24955,Mathias Honsak,1. FC Heidenheim,F,1. FC Heidenheim vs Bayern München,45,6.2,,0,,,8,8.0,,,1.0,,,0,0,1.0,6.0
24955,Mathias Honsak,1. FC Heidenheim,F,1. FC Heidenheim vs 1. FC Köln,30,6.3,,0,,,9,7.0,,1.0,,1.0,,0,0,1.0,4.0
24955,Mathias Honsak,1. FC Heidenheim,F,FSV Mainz 05 vs 1. FC Heidenheim,15,6.5,,0,,,7,5.0,,1.0,,,,0,0,1.0,2.0
24955,Mathias Honsak,1. FC Heidenheim,F,VfL Wolfsburg vs 1. FC Heidenheim,89,6.3,,0,1.0,,16,12.0,,1.0,1.0,,,0,0,2.0,6.0
24955,Mathias Honsak,1. FC Heidenheim,F,1. FC Heidenheim vs RB Leipzig,77,6.7,,0,,,18,10.0,,3.0,3.0,1.0,,0,0,6.0,12.0
24955,Mathias Honsak,1. FC Heidenheim,F,Borussia Dortmund vs 1. FC Heidenheim,45,6.3,,0,,,8,6.0,,,,2.0,,1,0,,8.0
24955,Mathias Honsak,1. FC Heidenheim,F,1. FC Heidenheim vs Hamburger SV,27,6.6,,0,,,7,7.0,,,,1.0,1.0,0,0,2.0,7.0
24955,Mathias Honsak,1. FC Heidenheim,F,FC Augsburg vs 1. FC Heidenheim,8,6.7,,0,,,5,3.0,,,2.0,,,0,0,1.0,1.0
15732,Mikkel Kaufmann,1. FC Heidenheim,F,1. FC Heidenheim vs VfL Wolfsburg,19,6.3,,0,,,2,1.0,,,1.0,1.0,,0,0,1.0,4.0
15732,Mikkel Kaufmann,1. FC Heidenheim,F,RB Leipzig vs 1. FC Heidenheim,57,5.9,,0,,,10,3.0,,1.0,,3.0,,1,0,3.0,14.0
15732,Mikkel Kaufmann,1. FC Heidenheim,F,1. FC Heidenheim vs Borussia Dortmund,20,6.2,,0,1.0,,7,5.0,,1.0,,,1.0,0,0,3.0,8.0
15732,Mikkel Kaufmann,1. FC Heidenheim,F,Hamburger SV vs 1. FC Heidenheim,78,6.9,,0,2.0,1.0,6,3.0,,,,1.0,4.0,0,0,7.0,12.0
15732,Mikkel Kaufmann,1. FC Heidenheim,F,1. FC Heidenheim vs FC Augsburg,68,8.2,1.0,1,1.0,1.0,8,5.0,,,,2.0,3.0,0,0,5.0,12.0
15732,Mikkel Kaufmann,1. FC Heidenheim,F,VfB Stuttgart vs 1. FC Heidenheim,89,6.3,,0,2.0,1.0,20,13.0,,,,1.0,1.0,0,0,8.0,16.0
15732,Mikkel Kaufmann,1. FC Heidenheim,F,1. FC Heidenheim vs Werder Bremen,33,6.3,,0,,,9,8.0,,1.0,,1.0,,0,0,2.0,4.0
15732,Mikkel Kaufmann,1. FC Heidenheim,F,FC St. Pauli vs 1. FC Heidenheim,26,6.5,,0,,,6,3.0,,,,2.0,1.0,1,0,2.0,3.0
15732,Mikkel Kaufmann,1. FC Heidenheim,F,1. FC Heidenheim vs Bayern München,24,6.6,,0,,,3,3.0,,,,,,0,0,,1.0
15732,Mikkel Kaufmann,1. FC Heidenheim,F,1. FC Heidenheim vs 1. FC Köln,12,6.7,,0,,,2,2.0,,,,1.0,1.0,0,0,2.0,3.0
15732,Mikkel Kaufmann,1. FC Heidenheim,F,FSV Mainz 05 vs 1. FC Heidenheim,58,6.5,,0,1.0,,12,9.0,,,,,1.0,0,0,3.0,11.0
15732,Mikkel Kaufmann,1. FC Heidenheim,F,VfL Wolfsburg vs 1. FC Heidenheim,11,6.3,,0,,,0,,,,,1.0,,0,0,,1.0
15732,Mikkel Kaufmann,1. FC Heidenheim,F,Borussia Dortmund vs 1. FC Heidenheim,10,6.3,,0,1.0,,5,4.0,,,,,,0,0,,2.0
8959,Adrian Beck,1. FC Heidenheim,M,1. FC Heidenheim vs VfL Wolfsburg,12,6.2,,0,,,11,10.0,,,,,,0,0,,1.0
8959,Adrian Beck,1. FC Heidenheim,M,RB Leipzig vs 1. FC Heidenheim,22,6.3,,0,,,8,7.0,,,,,,0,0,,3.0
8959,Adrian Beck,1. FC Heidenheim,M,1. FC Heidenheim vs Borussia Dortmund,45,6.7,,0,,,15,12.0,,,,,1.0,0,0,2.0,2.0
8959,Adrian Beck,1. FC Heidenheim,M,Hamburger SV vs 1. FC Heidenheim,36,6.2,,0,,,16,15.0,,1.0,,,1.0,0,0,4.0,10.0
8959,Adrian Beck,1. FC Heidenheim,M,1. FC Heidenheim vs FC Augsburg,22,7,,0,,,13,11.0,,1.0,,,1.0,0,0,2.0,4.0
8959,Adrian Beck,1. FC Heidenheim,M,1. FC Heidenheim vs Werder Bremen,79,7.9,,0,1.0,1.0,36,29.0,,2.0,1.0,2.0,3.0,0,0,7.0,13.0
8959,Adrian Beck,1. FC Heidenheim,M,1899 Hoffenheim vs 1. FC Heidenheim,67,6.3,,0,,,21,14.0,,1.0,,2.0,1.0,0,0,2.0,9.0
8959,Adrian Beck,1. FC Heidenheim,M,1. FC Heidenheim vs Eintracht Frankfurt,20,6.3,,0,,,7,5.0,,,1.0,,,0,0,,1.0
8959,Adrian Beck,1. FC Heidenheim,M,Bayer Leverkusen vs 1. FC Heidenheim,10,6.9,,0,,,3,3.0,,,,1.0,1.0,0,0,3.0,4.0
8959,Adrian Beck,1. FC Heidenheim,M,1. FC Heidenheim vs Borussia Mönchengladbach,90,7.3,,0,1.0,1.0,42,42.0,,2.0,,1.0,2.0,0,0,8.0,17.0
8959,Adrian Beck,1. FC Heidenheim,M,Union Berlin vs 1. FC Heidenheim,57,6.7,,0,,,15,12.0,,1.0,,,,0,0,2.0,4.0
8959,Adrian Beck,1. FC Heidenheim,M,FC St. Pauli vs 1. FC Heidenheim,64,7,,0,,,40,34.0,,1.0,,1.0,,0,0,4.0,7.0
8959,Adrian Beck,1. FC Heidenheim,M,1. FC Heidenheim vs 1. FC Köln,30,6.7,,0,1.0,,21,14.0,,,,,1.0,0,0,4.0,5.0
8959,Adrian Beck,1. FC Heidenheim,M,FSV Mainz 05 vs 1. FC Heidenheim,32,7.5,,0,1.0,,19,17.0,,3.0,,1.0,1.0,0,0,5.0,6.0
8959,Adrian Beck,1. FC Heidenheim,M,VfL Wolfsburg vs 1. FC Heidenheim,77,7.2,1.0,0,2.0,2.0,18,14.0,,,,1.0,,0,0,1.0,4.0
8959,Adrian Beck,1. FC Heidenheim,M,1. FC Heidenheim vs RB Leipzig,63,6.3,,0,,,16,11.0,,2.0,1.0,1.0,,0,0,2.0,11.0
8959,Adrian Beck,1. FC Heidenheim,M,1. FC Heidenheim vs Hamburger SV,13,6.5,,0,1.0,,7,5.0,,,,,,0,0,1.0,2.0
8959,Adrian Beck,1. FC Heidenheim,M,FC Augsburg vs 1. FC Heidenheim,8,6.6,,0,,,8,6.0,,1.0,,,,0,0,3.0,3.0
15573,Kamil Grabara,VfL Wolfsburg,G,1. FC Heidenheim vs VfL Wolfsburg,90,6.9,,0,,,23,14.0,,,,,,0,0,,
15573,Kamil Grabara,VfL Wolfsburg,G,VfL Wolfsburg vs FSV Mainz 05,90,7.2,,0,,,39,22.0,,,,,,0,0,1.0,1.0
15573,Kamil Grabara,VfL Wolfsburg,G,VfL Wolfsburg vs 1. FC Köln,90,6.6,,0,,,25,16.0,,,,,,1,0,,
15573,Kamil Grabara,VfL Wolfsburg,G,Borussia Dortmund vs VfL Wolfsburg,90,7.6,,0,1.0,,30,24.0,,,,,,0,0,1.0,1.0
15573,Kamil Grabara,VfL Wolfsburg,G,VfL Wolfsburg vs RB Leipzig,90,7.9,,0,,,29,28.0,,,,,,0,0,,
15573,Kamil Grabara,VfL Wolfsburg,G,FC Augsburg vs VfL Wolfsburg,90,6.6,,0,,,43,37.0,,,,,1.0,0,0,1.0,1.0
15573,Kamil Grabara,VfL Wolfsburg,G,VfL Wolfsburg vs VfB Stuttgart,90,7.7,,0,,,45,34.0,,,,,,0,0,,
15573,Kamil Grabara,VfL Wolfsburg,G,Hamburger SV vs VfL Wolfsburg,90,9,,0,,,44,18.0,,,,,,0,0,,
15573,Kamil Grabara,VfL Wolfsburg,G,VfL Wolfsburg vs 1899 Hoffenheim,90,6.3,,0,,,40,28.0,,,,,,0,0,1.0,1.0
15573,Kamil Grabara,VfL Wolfsburg,G,Werder Bremen vs VfL Wolfsburg,90,7.2,,0,,,46,31.0,,,,,,0,0,,
15573,Kamil Grabara,VfL Wolfsburg,G,VfL Wolfsburg vs Bayer Leverkusen,90,5.6,,0,,,30,23.0,,,,,,0,0,,
15573,Kamil Grabara,VfL Wolfsburg,G,Eintracht Frankfurt vs VfL Wolfsburg,90,6.9,,0,,,45,29.0,,,,,,0,0,3.0,3.0
15573,Kamil Grabara,VfL Wolfsburg,G,VfL Wolfsburg vs Union Berlin,90,8.2,,0,,,40,22.0,,,,,,0,0,1.0,1.0
15573,Kamil Grabara,VfL Wolfsburg,G,Borussia Mönchengladbach vs VfL Wolfsburg,90,6.9,,0,,,38,24.0,,,,,,0,0,2.0,2.0
15573,Kamil Grabara,VfL Wolfsburg,G,VfL Wolfsburg vs SC Freiburg,90,8.3,,0,,,46,35.0,,,,,,0,0,,
15573,Kamil Grabara,VfL Wolfsburg,G,Bayern München vs VfL Wolfsburg,90,6.9,,0,,,47,35.0,,,,,,0,0,,
15573,Kamil Grabara,VfL Wolfsburg,G,VfL Wolfsburg vs FC St. Pauli,90,8.2,,0,,,35,33.0,,,,,,0,0,,
15573,Kamil Grabara,VfL Wolfsburg,G,VfL Wolfsburg vs 1. FC Heidenheim,90,7.3,,0,,,33,31.0,,1.0,,,,0,0,1.0,1.0
15573,Kamil Grabara,VfL Wolfsburg,G,FSV Mainz 05 vs VfL Wolfsburg,90,7.9,,0,,,19,11.0,,,,,,0,0,,
15573,Kamil Grabara,VfL Wolfsburg,G,1. FC Köln vs VfL Wolfsburg,90,7.3,,0,,,30,26.0,,,,,,0,0,,
15573,Kamil Grabara,VfL Wolfsburg,G,VfL Wolfsburg vs Borussia Dortmund,90,5.6,,0,,,27,14.0,,,,,,0,0,2.0,3.0
15573,Kamil Grabara,VfL Wolfsburg,G,RB Leipzig vs VfL Wolfsburg,90,8.2,,0,,,25,16.0,,,,,,0,0,,
15573,Kamil Grabara,VfL Wolfsburg,G,VfL Wolfsburg vs FC Augsburg,90,5.9,,0,,,27,16.0,,,,,,0,0,,
177618,Kilian Fischer,VfL Wolfsburg,D,1. FC Heidenheim vs VfL Wolfsburg,89,6.7,,0,1.0,,35,31.0,,2.0,2.0,1.0,,0,0,4.0,7.0
177618,Kilian Fischer,VfL Wolfsburg,D,VfL Wolfsburg vs FSV Mainz 05,90,6.6,,0,,,29,22.0,,1.0,1.0,1.0,2.0,0,0,7.0,11.0
177618,Kilian Fischer,VfL Wolfsburg,D,VfL Wolfsburg vs 1. FC Köln,90,6.3,,0,,,60,55.0,,3.0,1.0,3.0,,0,0,3.0,10.0
177618,Kilian Fischer,VfL Wolfsburg,D,Borussia Dortmund vs VfL Wolfsburg,90,6.2,,0,,,53,47.0,,,1.0,3.0,,0,0,1.0,5.0
177618,Kilian Fischer,VfL Wolfsburg,D,VfL Wolfsburg vs RB Leipzig,89,7.2,,0,1.0,,41,33.0,,3.0,1.0,,,0,0,4.0,5.0
177618,Kilian Fischer,VfL Wolfsburg,D,FC Augsburg vs VfL Wolfsburg,90,6,,0,,,48,35.0,,3.0,2.0,,1.0,0,0,5.0,7.0
177618,Kilian Fischer,VfL Wolfsburg,D,VfL Wolfsburg vs VfB Stuttgart,67,6,,0,,,25,15.0,,,1.0,,1.0,0,0,2.0,4.0
177618,Kilian Fischer,VfL Wolfsburg,D,Bayern München vs VfL Wolfsburg,90,4.2,,0,,,32,24.0,,3.0,2.0,,,0,0,4.0,10.0
177618,Kilian Fischer,VfL Wolfsburg,D,VfL Wolfsburg vs FC St. Pauli,17,6.3,,0,,,12,11.0,,,,,,0,0,,
177618,Kilian Fischer,VfL Wolfsburg,D,1. FC Köln vs VfL Wolfsburg,74,7.2,,0,,,24,16.0,,5.0,1.0,1.0,,0,0,7.0,10.0
177618,Kilian Fischer,VfL Wolfsburg,D,VfL Wolfsburg vs Borussia Dortmund,17,6.7,,0,,,6,5.0,,,,1.0,,0,0,,3.0
231032,Moritz Jenz,VfL Wolfsburg,D,1. FC Heidenheim vs VfL Wolfsburg,90,6.3,,0,,,41,34.0,,1.0,,2.0,,1,0,4.0,7.0
231032,Moritz Jenz,VfL Wolfsburg,D,VfL Wolfsburg vs FSV Mainz 05,90,6.9,,0,,,31,27.0,,2.0,,1.0,1.0,0,0,5.0,6.0
231032,Moritz Jenz,VfL Wolfsburg,D,VfL Wolfsburg vs 1. FC Köln,90,6,,0,,,58,54.0,,1.0,,3.0,,0,0,2.0,6.0
231032,Moritz Jenz,VfL Wolfsburg,D,Borussia Dortmund vs VfL Wolfsburg,90,7.2,,0,,,47,42.0,,2.0,2.0,,,0,0,3.0,5.0
231032,Moritz Jenz,VfL Wolfsburg,D,VfL Wolfsburg vs RB Leipzig,90,7.5,,0,,,51,48.0,,2.0,2.0,,,0,0,7.0,9.0
231032,Moritz Jenz,VfL Wolfsburg,D,FC Augsburg vs VfL Wolfsburg,90,6.2,,0,,,47,43.0,,1.0,2.0,1.0,,1,0,2.0,4.0
231032,Moritz Jenz,VfL Wolfsburg,D,VfL Wolfsburg vs VfB Stuttgart,90,6.2,,0,,,46,40.0,,3.0,1.0,2.0,1.0,1,0,6.0,9.0
231032,Moritz Jenz,VfL Wolfsburg,D,Werder Bremen vs VfL Wolfsburg,90,6.3,,0,,,43,39.0,,1.0,1.0,,1.0,0,0,3.0,3.0
231032,Moritz Jenz,VfL Wolfsburg,D,Bayern München vs VfL Wolfsburg,90,4.6,,0,,,30,27.0,,5.0,1.0,1.0,,0,0,6.0,8.0
231032,Moritz Jenz,VfL Wolfsburg,D,VfL Wolfsburg vs FC St. Pauli,90,6.9,,0,,,107,100.0,,2.0,,4.0,,1,0,5.0,10.0
231032,Moritz Jenz,VfL Wolfsburg,D,VfL Wolfsburg vs 1. FC Heidenheim,90,8.7,1.0,0,2.0,1.0,106,96.0,,1.0,,,3.0,0,0,11.0,14.0
231032,Moritz Jenz,VfL Wolfsburg,D,FSV Mainz 05 vs VfL Wolfsburg,90,6.6,,0,,,34,23.0,,4.0,,1.0,,0,0,11.0,13.0
231032,Moritz Jenz,VfL Wolfsburg,D,1. FC Köln vs VfL Wolfsburg,90,6.5,,0,,,71,64.0,,,,2.0,,1,0,3.0,8.0
231032,Moritz Jenz,VfL Wolfsburg,D,RB Leipzig vs VfL Wolfsburg,90,6.9,,0,,,36,31.0,,2.0,,1.0,,0,0,4.0,7.0
231032,Moritz Jenz,VfL Wolfsburg,D,VfL Wolfsburg vs FC Augsburg,90,6.3,,0,,,81,74.0,,,,3.0,1.0,0,0,7.0,14.0
162409,Konstantinos Koulierakis,VfL Wolfsburg,D,1. FC Heidenheim vs VfL Wolfsburg,90,6.9,,0,,,53,45.0,,1.0,1.0,1.0,,0,0,2.0,5.0
162409,Konstantinos Koulierakis,VfL Wolfsburg,D,VfL Wolfsburg vs FSV Mainz 05,90,7,,0,2.0,1.0,48,37.0,,1.0,1.0,2.0,,0,0,2.0,7.0
162409,Konstantinos Koulierakis,VfL Wolfsburg,D,VfL Wolfsburg vs 1. FC Köln,90,6.3,,0,,,60,53.0,,,1.0,1.0,,0,0,2.0,4.0
162409,Konstantinos Koulierakis,VfL Wolfsburg,D,Borussia Dortmund vs VfL Wolfsburg,90,7.2,,0,2.0,,63,55.0,,2.0,1.0,2.0,1.0,0,0,4.0,7.0
162409,Konstantinos Koulierakis,VfL Wolfsburg,D,VfL Wolfsburg vs RB Leipzig,90,6.9,,0,2.0,1.0,66,55.0,,1.0,1.0,1.0,1.0,1,0,5.0,10.0
162409,Konstantinos Koulierakis,VfL Wolfsburg,D,FC Augsburg vs VfL Wolfsburg,90,6.2,,0,,,65,59.0,,,2.0,1.0,,0,0,3.0,6.0
162409,Konstantinos Koulierakis,VfL Wolfsburg,D,VfL Wolfsburg vs VfB Stuttgart,90,6.7,,0,1.0,1.0,52,44.0,,2.0,2.0,,,0,0,5.0,8.0
162409,Konstantinos Koulierakis,VfL Wolfsburg,D,Hamburger SV vs VfL Wolfsburg,90,7.3,,0,,,33,27.0,,3.0,2.0,1.0,,0,0,8.0,12.0
162409,Konstantinos Koulierakis,VfL Wolfsburg,D,VfL Wolfsburg vs 1899 Hoffenheim,90,6.3,,0,1.0,1.0,57,46.0,,1.0,5.0,,4.0,0,0,6.0,8.0
162409,Konstantinos Koulierakis,VfL Wolfsburg,D,VfL Wolfsburg vs Bayer Leverkusen,45,6.9,,0,1.0,1.0,23,18.0,,1.0,3.0,,,0,0,1.0,2.0
162409,Konstantinos Koulierakis,VfL Wolfsburg,D,Eintracht Frankfurt vs VfL Wolfsburg,90,6.9,,0,,,56,46.0,,2.0,2.0,1.0,1.0,1,0,4.0,8.0
162409,Konstantinos Koulierakis,VfL Wolfsburg,D,VfL Wolfsburg vs Union Berlin,90,6.2,,0,,,46,38.0,,,,2.0,,1,0,2.0,4.0
162409,Konstantinos Koulierakis,VfL Wolfsburg,D,Borussia Mönchengladbach vs VfL Wolfsburg,90,6,,0,2.0,1.0,45,37.0,,,2.0,1.0,1.0,0,0,5.0,7.0
162409,Konstantinos Koulierakis,VfL Wolfsburg,D,VfL Wolfsburg vs SC Freiburg,90,6,,0,,,54,47.0,,1.0,,1.0,,0,0,2.0,3.0
162409,Konstantinos Koulierakis,VfL Wolfsburg,D,Bayern München vs VfL Wolfsburg,90,5.5,,0,,,57,51.0,,3.0,,,,0,0,5.0,7.0
162409,Konstantinos Koulierakis,VfL Wolfsburg,D,VfL Wolfsburg vs FC St. Pauli,90,7.5,,0,,,98,93.0,,,,,,0,0,4.0,6.0
162409,Konstantinos Koulierakis,VfL Wolfsburg,D,VfL Wolfsburg vs 1. FC Heidenheim,90,6.9,,0,,,109,96.0,,1.0,1.0,2.0,,0,0,5.0,9.0
162409,Konstantinos Koulierakis,VfL Wolfsburg,D,VfL Wolfsburg vs Borussia Dortmund,90,7.5,1.0,0,1.0,1.0,37,30.0,,,3.0,2.0,,0,0,1.0,9.0
162409,Konstantinos Koulierakis,VfL Wolfsburg,D,RB Leipzig vs VfL Wolfsburg,14,6.3,,0,,,5,3.0,,,,,,0,0,,
323951,Aaron Zehnter,VfL Wolfsburg,D,1. FC Heidenheim vs VfL Wolfsburg,90,6.2,,0,,,43,34.0,,1.0,,,,0,0,2.0,4.0
323951,Aaron Zehnter,VfL Wolfsburg,D,VfL Wolfsburg vs FSV Mainz 05,89,8.2,1.0,0,2.0,1.0,32,21.0,,1.0,4.0,,,0,0,3.0,3.0
323951,Aaron Zehnter,VfL Wolfsburg,D,VfL Wolfsburg vs VfB Stuttgart,90,6.2,,0,1.0,,42,36.0,,1.0,1.0,,,0,0,1.0,2.0
323951,Aaron Zehnter,VfL Wolfsburg,D,Hamburger SV vs VfL Wolfsburg,90,6.2,,0,1.0,,29,17.0,,,1.0,,,0,0,1.0,4.0
323951,Aaron Zehnter,VfL Wolfsburg,D,VfL Wolfsburg vs 1899 Hoffenheim,89,6.2,,0,1.0,1.0,43,36.0,,,2.0,,,0,0,1.0,1.0
323951,Aaron Zehnter,VfL Wolfsburg,D,Werder Bremen vs VfL Wolfsburg,90,6.9,,0,,,46,41.0,,,2.0,,,0,0,1.0,1.0
323951,Aaron Zehnter,VfL Wolfsburg,D,VfL Wolfsburg vs Bayer Leverkusen,90,6.3,,0,,,34,27.0,,1.0,,,,0,0,1.0,1.0
323951,Aaron Zehnter,VfL Wolfsburg,D,Eintracht Frankfurt vs VfL Wolfsburg,90,7.2,1.0,0,2.0,1.0,22,17.0,,,4.0,,,0,0,1.0,3.0
323951,Aaron Zehnter,VfL Wolfsburg,D,VfL Wolfsburg vs Union Berlin,90,6.9,,0,,,31,24.0,,1.0,,,,0,0,4.0,7.0
323951,Aaron Zehnter,VfL Wolfsburg,D,Borussia Mönchengladbach vs VfL Wolfsburg,90,6.7,,0,,,34,26.0,,2.0,2.0,,,0,0,2.0,8.0
323951,Aaron Zehnter,VfL Wolfsburg,D,VfL Wolfsburg vs SC Freiburg,90,6.3,,0,,,35,33.0,,3.0,,1.0,,0,0,3.0,5.0
323951,Aaron Zehnter,VfL Wolfsburg,D,VfL Wolfsburg vs FC St. Pauli,83,7,,0,,,53,46.0,,1.0,,,,0,0,2.0,3.0
323951,Aaron Zehnter,VfL Wolfsburg,D,VfL Wolfsburg vs 1. FC Heidenheim,45,6.2,,0,,,15,12.0,,,,,,0,0,,1.0
323951,Aaron Zehnter,VfL Wolfsburg,D,FSV Mainz 05 vs VfL Wolfsburg,90,5.6,,0,,,40,23.0,,1.0,,,,0,0,2.0,6.0
25408,Maximilian Arnold,VfL Wolfsburg,M,1. FC Heidenheim vs VfL Wolfsburg,90,7.6,,1,3.0,1.0,58,48.0,,1.0,2.0,1.0,2.0,1,0,4.0,5.0
25408,Maximilian Arnold,VfL Wolfsburg,M,VfL Wolfsburg vs FSV Mainz 05,90,6.9,,0,,,27,21.0,,,4.0,,,0,0,1.0,2.0
25408,Maximilian Arnold,VfL Wolfsburg,M,VfL Wolfsburg vs 1. FC Köln,90,8.9,1.0,1,1.0,1.0,45,43.0,,,,,,0,0,,
25408,Maximilian Arnold,VfL Wolfsburg,M,Borussia Dortmund vs VfL Wolfsburg,90,6.9,,0,,,66,55.0,,3.0,2.0,,,0,0,3.0,6.0
25408,Maximilian Arnold,VfL Wolfsburg,M,VfL Wolfsburg vs RB Leipzig,90,7.2,,0,,,54,49.0,,1.0,,1.0,,1,0,2.0,5.0
25408,Maximilian Arnold,VfL Wolfsburg,M,FC Augsburg vs VfL Wolfsburg,90,7.3,,0,,,50,43.0,,2.0,2.0,,4.0,0,0,7.0,10.0
25408,Maximilian Arnold,VfL Wolfsburg,M,Hamburger SV vs VfL Wolfsburg,90,7.3,,0,,,47,38.0,,1.0,1.0,1.0,1.0,0,0,2.0,4.0
25408,Maximilian Arnold,VfL Wolfsburg,M,VfL Wolfsburg vs 1899 Hoffenheim,90,6.6,,0,,,43,40.0,,2.0,1.0,3.0,,0,0,2.0,5.0
25408,Maximilian Arnold,VfL Wolfsburg,M,Werder Bremen vs VfL Wolfsburg,90,6.3,,0,1.0,1.0,45,32.0,,,1.0,,1.0,0,0,2.0,5.0
25408,Maximilian Arnold,VfL Wolfsburg,M,VfL Wolfsburg vs Bayer Leverkusen,90,8.3,,1,1.0,1.0,45,40.0,,,1.0,4.0,3.0,0,0,3.0,7.0
25408,Maximilian Arnold,VfL Wolfsburg,M,Eintracht Frankfurt vs VfL Wolfsburg,90,7.3,,0,,,29,25.0,,2.0,,,2.0,1,0,6.0,8.0
25408,Maximilian Arnold,VfL Wolfsburg,M,VfL Wolfsburg vs Union Berlin,90,7,,0,,,38,29.0,,1.0,1.0,2.0,2.0,0,0,4.0,8.0
25408,Maximilian Arnold,VfL Wolfsburg,M,Borussia Mönchengladbach vs VfL Wolfsburg,90,6.6,,0,1.0,,53,41.0,,2.0,,1.0,,0,0,2.0,5.0
25408,Maximilian Arnold,VfL Wolfsburg,M,VfL Wolfsburg vs SC Freiburg,90,6.7,,0,,,50,38.0,,,1.0,1.0,3.0,1,0,4.0,9.0
25408,Maximilian Arnold,VfL Wolfsburg,M,Bayern München vs VfL Wolfsburg,90,6.3,,0,,,29,25.0,,1.0,2.0,2.0,3.0,0,0,6.0,10.0
25408,Maximilian Arnold,VfL Wolfsburg,M,VfL Wolfsburg vs FC St. Pauli,90,7.7,,0,,,88,79.0,,1.0,,,1.0,0,0,2.0,4.0
25408,Maximilian Arnold,VfL Wolfsburg,M,VfL Wolfsburg vs 1. FC Heidenheim,90,6.9,,0,1.0,1.0,65,55.0,,1.0,,1.0,,1,0,3.0,6.0
25408,Maximilian Arnold,VfL Wolfsburg,M,1. FC Köln vs VfL Wolfsburg,90,6.9,,0,1.0,,75,63.0,,,,,1.0,0,0,2.0,4.0
25408,Maximilian Arnold,VfL Wolfsburg,M,VfL Wolfsburg vs Borussia Dortmund,90,8.2,,1,,,43,37.0,,2.0,2.0,,1.0,0,0,3.0,4.0
25408,Maximilian Arnold,VfL Wolfsburg,M,RB Leipzig vs VfL Wolfsburg,90,6.7,,0,,,38,33.0,,1.0,4.0,,1.0,0,0,3.0,6.0
10169,Vinícius Souza,VfL Wolfsburg,M,1. FC Heidenheim vs VfL Wolfsburg,90,6.9,,0,1.0,,28,26.0,,3.0,4.0,2.0,1.0,0,0,5.0,9.0
10169,Vinícius Souza,VfL Wolfsburg,M,VfL Wolfsburg vs FSV Mainz 05,89,7.2,,0,,,25,20.0,,2.0,,1.0,3.0,0,0,8.0,12.0
10169,Vinícius Souza,VfL Wolfsburg,M,VfL Wolfsburg vs 1. FC Köln,90,6.9,,0,,,34,24.0,,3.0,2.0,2.0,,0,0,7.0,10.0
10169,Vinícius Souza,VfL Wolfsburg,M,Borussia Dortmund vs VfL Wolfsburg,60,6.7,,0,1.0,,19,17.0,,1.0,1.0,1.0,1.0,0,0,3.0,4.0
10169,Vinícius Souza,VfL Wolfsburg,M,VfL Wolfsburg vs RB Leipzig,89,7.2,,0,,,33,30.0,,4.0,,2.0,,0,0,6.0,11.0
10169,Vinícius Souza,VfL Wolfsburg,M,FC Augsburg vs VfL Wolfsburg,45,6.9,,0,,,9,7.0,,4.0,,1.0,,0,0,6.0,9.0
10169,Vinícius Souza,VfL Wolfsburg,M,VfL Wolfsburg vs VfB Stuttgart,90,7.3,,0,,,40,29.0,,2.0,1.0,2.0,,0,0,6.0,9.0
10169,Vinícius Souza,VfL Wolfsburg,M,Hamburger SV vs VfL Wolfsburg,56,6.2,,0,,,17,15.0,,1.0,1.0,5.0,,1,0,2.0,10.0
10169,Vinícius Souza,VfL Wolfsburg,M,VfL Wolfsburg vs 1899 Hoffenheim,90,7.3,,0,1.0,1.0,43,37.0,,2.0,1.0,,2.0,0,0,5.0,9.0
10169,Vinícius Souza,VfL Wolfsburg,M,Werder Bremen vs VfL Wolfsburg,90,7.2,,0,,,36,35.0,,2.0,2.0,,4.0,0,0,9.0,13.0
10169,Vinícius Souza,VfL Wolfsburg,M,Eintracht Frankfurt vs VfL Wolfsburg,13,6.3,,0,,,1,1.0,,,,,,0,0,,
10169,Vinícius Souza,VfL Wolfsburg,M,FSV Mainz 05 vs VfL Wolfsburg,75,6.9,,0,,,20,12.0,,2.0,1.0,2.0,2.0,1,0,11.0,13.0
10169,Vinícius Souza,VfL Wolfsburg,M,1. FC Köln vs VfL Wolfsburg,45,6.3,,0,,,15,13.0,,,,2.0,,0,0,3.0,9.0
15916,Andreas Skov Olsen,VfL Wolfsburg,M,1. FC Heidenheim vs VfL Wolfsburg,89,8.5,1.0,0,1.0,1.0,32,29.0,,,,,,1,0,3.0,3.0
15916,Andreas Skov Olsen,VfL Wolfsburg,M,VfL Wolfsburg vs FSV Mainz 05,45,7,,0,,,12,10.0,,,,,,0,0,1.0,1.0
15916,Andreas Skov Olsen,VfL Wolfsburg,M,VfL Wolfsburg vs 1. FC Köln,89,6.2,,0,3.0,1.0,30,26.0,,,,1.0,,0,0,,2.0
15916,Andreas Skov Olsen,VfL Wolfsburg,M,Borussia Dortmund vs VfL Wolfsburg,45,6.3,,0,,,12,11.0,,,,,1.0,0,0,1.0,3.0
15916,Andreas Skov Olsen,VfL Wolfsburg,M,FC Augsburg vs VfL Wolfsburg,45,6.6,,0,1.0,,21,16.0,,1.0,1.0,,,0,0,3.0,4.0
15916,Andreas Skov Olsen,VfL Wolfsburg,M,VfL Wolfsburg vs VfB Stuttgart,22,6.3,,0,1.0,,9,9.0,,,,,,0,0,,1.0
15916,Andreas Skov Olsen,VfL Wolfsburg,M,Hamburger SV vs VfL Wolfsburg,23,6.9,,0,,,8,7.0,,1.0,,,2.0,0,0,3.0,5.0
15916,Andreas Skov Olsen,VfL Wolfsburg,M,Werder Bremen vs VfL Wolfsburg,11,6.3,,0,,,2,2.0,,,,,1.0,0,0,1.0,1.0
1321,Lovro Majer,VfL Wolfsburg,M,1. FC Heidenheim vs VfL Wolfsburg,64,6.2,,0,,,30,22.0,,,,2.0,2.0,0,0,3.0,9.0
1321,Lovro Majer,VfL Wolfsburg,M,VfL Wolfsburg vs FSV Mainz 05,70,6.9,,1,1.0,,19,14.0,,2.0,1.0,3.0,1.0,0,0,3.0,12.0
1321,Lovro Majer,VfL Wolfsburg,M,VfL Wolfsburg vs 1. FC Köln,85,7.5,1.0,0,1.0,1.0,26,21.0,,,,3.0,4.0,1,0,5.0,13.0
1321,Lovro Majer,VfL Wolfsburg,M,Borussia Dortmund vs VfL Wolfsburg,60,6.3,,0,,,19,16.0,,1.0,,,1.0,0,0,2.0,5.0
1321,Lovro Majer,VfL Wolfsburg,M,FC Augsburg vs VfL Wolfsburg,12,6.7,,0,,,10,10.0,,,,,,0,0,,
1321,Lovro Majer,VfL Wolfsburg,M,VfL Wolfsburg vs VfB Stuttgart,21,6.9,,0,,,15,13.0,,,1.0,,2.0,0,0,4.0,6.0
1321,Lovro Majer,VfL Wolfsburg,M,VfL Wolfsburg vs 1899 Hoffenheim,30,6.3,,0,,,29,23.0,,1.0,,2.0,,0,0,2.0,4.0
1321,Lovro Majer,VfL Wolfsburg,M,VfL Wolfsburg vs Bayer Leverkusen,90,7.3,,0,2.0,2.0,31,29.0,,3.0,1.0,,1.0,0,0,4.0,9.0
1321,Lovro Majer,VfL Wolfsburg,M,Eintracht Frankfurt vs VfL Wolfsburg,89,6.9,,0,,,38,35.0,,2.0,,2.0,1.0,0,0,5.0,9.0
1321,Lovro Majer,VfL Wolfsburg,M,VfL Wolfsburg vs Union Berlin,89,7.7,1.0,0,1.0,1.0,21,16.0,,2.0,1.0,1.0,1.0,1,0,3.0,5.0
1321,Lovro Majer,VfL Wolfsburg,M,Borussia Mönchengladbach vs VfL Wolfsburg,83,6.9,,1,2.0,1.0,33,29.0,,1.0,,1.0,,1,0,2.0,7.0
1321,Lovro Majer,VfL Wolfsburg,M,VfL Wolfsburg vs SC Freiburg,68,6.3,,0,,,22,16.0,,1.0,1.0,,,0,0,3.0,6.0
1321,Lovro Majer,VfL Wolfsburg,M,Bayern München vs VfL Wolfsburg,77,6.3,,1,1.0,,31,24.0,,2.0,1.0,1.0,,0,0,3.0,7.0
1321,Lovro Majer,VfL Wolfsburg,M,VfL Wolfsburg vs FC St. Pauli,61,7.2,,0,1.0,,23,20.0,,2.0,1.0,2.0,,0,0,5.0,7.0
1321,Lovro Majer,VfL Wolfsburg,M,VfL Wolfsburg vs 1. FC Heidenheim,59,6.3,,0,2.0,,23,21.0,,1.0,,1.0,,0,0,1.0,2.0
1321,Lovro Majer,VfL Wolfsburg,M,FSV Mainz 05 vs VfL Wolfsburg,15,6.5,,0,,,13,10.0,,,,,1.0,0,0,2.0,6.0
1321,Lovro Majer,VfL Wolfsburg,M,1. FC Köln vs VfL Wolfsburg,45,6.5,,0,,,12,10.0,,1.0,1.0,2.0,2.0,0,0,4.0,8.0
1321,Lovro Majer,VfL Wolfsburg,M,VfL Wolfsburg vs Borussia Dortmund,26,6.2,,0,1.0,,14,10.0,,1.0,,2.0,,0,0,2.0,6.0
1321,Lovro Majer,VfL Wolfsburg,M,RB Leipzig vs VfL Wolfsburg,84,6.3,,0,1.0,,26,23.0,,1.0,,2.0,1.0,0,0,3.0,13.0
1321,Lovro Majer,VfL Wolfsburg,M,VfL Wolfsburg vs FC Augsburg,65,6.6,,0,1.0,,18,13.0,,,,1.0,1.0,1,0,3.0,7.0
126642,Patrick Wimmer,VfL Wolfsburg,M,1. FC Heidenheim vs VfL Wolfsburg,90,7.5,,1,2.0,1.0,34,23.0,,2.0,2.0,,3.0,0,0,8.0,17.0
126642,Patrick Wimmer,VfL Wolfsburg,M,VfL Wolfsburg vs FSV Mainz 05,90,6.5,,0,1.0,,19,12.0,,1.0,1.0,1.0,3.0,1,0,8.0,20.0
126642,Patrick Wimmer,VfL Wolfsburg,M,VfL Wolfsburg vs 1. FC Köln,89,7.5,,0,,,21,16.0,,2.0,,1.0,4.0,0,0,10.0,15.0
126642,Patrick Wimmer,VfL Wolfsburg,M,Borussia Dortmund vs VfL Wolfsburg,73,6.6,,0,,,17,14.0,,2.0,2.0,1.0,2.0,0,0,4.0,8.0
126642,Patrick Wimmer,VfL Wolfsburg,M,VfL Wolfsburg vs RB Leipzig,45,6.9,,0,1.0,,19,15.0,,,,,2.0,0,0,4.0,10.0
126642,Patrick Wimmer,VfL Wolfsburg,M,Hamburger SV vs VfL Wolfsburg,34,6.2,,0,,,3,3.0,,2.0,1.0,7.0,1.0,1,0,5.0,17.0
126642,Patrick Wimmer,VfL Wolfsburg,M,Werder Bremen vs VfL Wolfsburg,23,6.2,,0,,,9,4.0,,,,2.0,1.0,0,0,2.0,7.0
126642,Patrick Wimmer,VfL Wolfsburg,M,VfL Wolfsburg vs Bayer Leverkusen,61,6.2,,0,,,18,14.0,,2.0,,,,0,0,2.0,6.0
126642,Patrick Wimmer,VfL Wolfsburg,M,Eintracht Frankfurt vs VfL Wolfsburg,71,6.3,,0,,,23,13.0,,2.0,2.0,1.0,1.0,1,0,4.0,13.0
126642,Patrick Wimmer,VfL Wolfsburg,M,VfL Wolfsburg vs Union Berlin,65,7.7,1.0,0,1.0,1.0,17,9.0,,1.0,2.0,,1.0,0,0,5.0,11.0
126642,Patrick Wimmer,VfL Wolfsburg,M,Borussia Mönchengladbach vs VfL Wolfsburg,69,8.3,2.0,0,3.0,3.0,23,17.0,,3.0,1.0,1.0,,0,0,6.0,17.0
126642,Patrick Wimmer,VfL Wolfsburg,M,VfL Wolfsburg vs SC Freiburg,80,7.2,,2,1.0,1.0,21,15.0,,3.0,,3.0,,0,0,4.0,12.0
126642,Patrick Wimmer,VfL Wolfsburg,M,Bayern München vs VfL Wolfsburg,64,6,,0,,,18,12.0,,1.0,4.0,,,0,0,2.0,8.0
126642,Patrick Wimmer,VfL Wolfsburg,M,VfL Wolfsburg vs FC St. Pauli,73,7.2,,0,,,29,22.0,,2.0,,,1.0,0,0,7.0,10.0
126642,Patrick Wimmer,VfL Wolfsburg,M,VfL Wolfsburg vs 1. FC Heidenheim,90,7.2,,0,,,35,24.0,,1.0,2.0,1.0,2.0,0,0,10.0,19.0
126642,Patrick Wimmer,VfL Wolfsburg,M,FSV Mainz 05 vs VfL Wolfsburg,75,6.3,,0,,,20,9.0,,,1.0,1.0,1.0,1,0,7.0,19.0
126642,Patrick Wimmer,VfL Wolfsburg,M,1. FC Köln vs VfL Wolfsburg,74,6.6,,0,2.0,,29,17.0,,6.0,,,,0,0,9.0,18.0
342188,Dženan Pejčinović,VfL Wolfsburg,F,1. FC Heidenheim vs VfL Wolfsburg,64,5.9,,0,3.0,,16,13.0,,,,,,0,0,4.0,10.0
342188,Dženan Pejčinović,VfL Wolfsburg,F,VfL Wolfsburg vs FSV Mainz 05,70,6.5,,0,1.0,,12,7.0,,1.0,,2.0,1.0,0,0,5.0,13.0
342188,Dženan Pejčinović,VfL Wolfsburg,F,VfL Wolfsburg vs 1. FC Köln,20,6.5,,0,1.0,1.0,5,5.0,,,,,,0,0,,3.0
342188,Dženan Pejčinović,VfL Wolfsburg,F,Borussia Dortmund vs VfL Wolfsburg,9,6.3,,0,,,1,1.0,,,,,,0,0,,
342188,Dženan Pejčinović,VfL Wolfsburg,F,VfL Wolfsburg vs RB Leipzig,20,6.3,,0,,,9,3.0,,,,1.0,,0,0,3.0,6.0
342188,Dženan Pejčinović,VfL Wolfsburg,F,FC Augsburg vs VfL Wolfsburg,45,6.2,,0,1.0,,3,2.0,,,,1.0,1.0,0,0,2.0,6.0
342188,Dženan Pejčinović,VfL Wolfsburg,F,Werder Bremen vs VfL Wolfsburg,11,6.3,,0,,,2,2.0,,,,,,0,0,,
342188,Dženan Pejčinović,VfL Wolfsburg,F,VfL Wolfsburg vs Bayer Leverkusen,61,6.7,,0,3.0,2.0,7,7.0,,,,,1.0,1,0,3.0,5.0
342188,Dženan Pejčinović,VfL Wolfsburg,F,Eintracht Frankfurt vs VfL Wolfsburg,19,6.7,,0,1.0,,4,4.0,,1.0,,,,0,0,2.0,4.0
342188,Dženan Pejčinović,VfL Wolfsburg,F,VfL Wolfsburg vs Union Berlin,17,6.2,,0,,,7,2.0,,,,,,0,0,2.0,7.0
342188,Dženan Pejčinović,VfL Wolfsburg,F,Borussia Mönchengladbach vs VfL Wolfsburg,14,6.5,,0,,,3,3.0,,,,,,0,0,,2.0
342188,Dženan Pejčinović,VfL Wolfsburg,F,VfL Wolfsburg vs SC Freiburg,90,10,3.0,0,5.0,4.0,28,21.0,,,,1.0,1.0,0,0,6.0,13.0
342188,Dženan Pejčinović,VfL Wolfsburg,F,Bayern München vs VfL Wolfsburg,86,7.7,1.0,0,2.0,2.0,14,9.0,,3.0,,1.0,1.0,0,0,4.0,9.0
342188,Dženan Pejčinović,VfL Wolfsburg,F,VfL Wolfsburg vs FC St. Pauli,90,7.2,1.0,0,3.0,2.0,16,8.0,,1.0,,,,0,0,6.0,13.0
342188,Dženan Pejčinović,VfL Wolfsburg,F,FSV Mainz 05 vs VfL Wolfsburg,90,6.3,,0,1.0,,19,15.0,,,,3.0,1.0,0,0,5.0,10.0
342188,Dženan Pejčinović,VfL Wolfsburg,F,1. FC Köln vs VfL Wolfsburg,90,6.9,,0,1.0,1.0,17,10.0,,1.0,,,,0,0,5.0,6.0
342188,Dženan Pejčinović,VfL Wolfsburg,F,VfL Wolfsburg vs Borussia Dortmund,12,6.5,,0,,,4,2.0,,,,,,0,0,2.0,2.0
342188,Dženan Pejčinović,VfL Wolfsburg,F,RB Leipzig vs VfL Wolfsburg,14,6.6,,0,,,3,2.0,,1.0,,,,0,0,1.0,2.0
342188,Dženan Pejčinović,VfL Wolfsburg,F,VfL Wolfsburg vs FC Augsburg,8,6.5,,0,,,2,2.0,,,,,,0,0,,1.0
30484,Mattias Svanberg,VfL Wolfsburg,M,1. FC Heidenheim vs VfL Wolfsburg,26,7.9,1.0,0,2.0,1.0,10,6.0,,,,1.0,3.0,0,0,6.0,7.0
30484,Mattias Svanberg,VfL Wolfsburg,M,VfL Wolfsburg vs FSV Mainz 05,30,6.2,,0,1.0,1.0,3,1.0,,,,3.0,1.0,2,1,2.0,6.0
30484,Mattias Svanberg,VfL Wolfsburg,M,Borussia Dortmund vs VfL Wolfsburg,30,6.6,,0,,,10,8.0,,1.0,,1.0,,0,0,1.0,2.0
30484,Mattias Svanberg,VfL Wolfsburg,M,VfL Wolfsburg vs RB Leipzig,70,6.6,,0,,,20,13.0,,,,,1.0,0,0,2.0,3.0
30484,Mattias Svanberg,VfL Wolfsburg,M,FC Augsburg vs VfL Wolfsburg,78,6.5,,0,2.0,1.0,14,13.0,,1.0,,1.0,2.0,0,0,3.0,6.0
30484,Mattias Svanberg,VfL Wolfsburg,M,VfL Wolfsburg vs VfB Stuttgart,69,6.3,,0,1.0,1.0,20,17.0,,1.0,1.0,3.0,,0,0,1.0,7.0
30484,Mattias Svanberg,VfL Wolfsburg,M,Hamburger SV vs VfL Wolfsburg,23,6.7,,0,,,6,5.0,,,,,1.0,1,0,1.0,2.0
30484,Mattias Svanberg,VfL Wolfsburg,M,VfL Wolfsburg vs 1899 Hoffenheim,60,6.6,,1,1.0,,15,10.0,,,1.0,1.0,1.0,0,0,2.0,5.0
30484,Mattias Svanberg,VfL Wolfsburg,M,Werder Bremen vs VfL Wolfsburg,67,7.6,1.0,0,2.0,1.0,22,16.0,,,2.0,1.0,2.0,0,0,5.0,11.0
30484,Mattias Svanberg,VfL Wolfsburg,M,VfL Wolfsburg vs Bayer Leverkusen,29,6.3,,0,3.0,1.0,9,6.0,,,1.0,1.0,,0,0,,1.0
30484,Mattias Svanberg,VfL Wolfsburg,M,Eintracht Frankfurt vs VfL Wolfsburg,19,6.6,,0,,,4,2.0,,1.0,,,,0,0,1.0,1.0
30484,Mattias Svanberg,VfL Wolfsburg,M,VfL Wolfsburg vs Union Berlin,25,6.2,,0,,,3,2.0,,,,,1.0,0,0,1.0,5.0
30484,Mattias Svanberg,VfL Wolfsburg,M,Borussia Mönchengladbach vs VfL Wolfsburg,21,6.3,,0,,,4,3.0,,1.0,,,,0,0,1.0,5.0
30484,Mattias Svanberg,VfL Wolfsburg,M,VfL Wolfsburg vs SC Freiburg,22,6.3,,0,,,6,5.0,,,,,,0,0,1.0,2.0
30484,Mattias Svanberg,VfL Wolfsburg,M,Bayern München vs VfL Wolfsburg,64,6,,0,,,18,15.0,,1.0,,1.0,2.0,1,0,3.0,8.0
30484,Mattias Svanberg,VfL Wolfsburg,M,VfL Wolfsburg vs FC St. Pauli,12,6.5,,0,,,1,1.0,,1.0,,1.0,,0,0,1.0,5.0
30484,Mattias Svanberg,VfL Wolfsburg,M,FSV Mainz 05 vs VfL Wolfsburg,14,6.6,,0,,,8,3.0,,1.0,,,1.0,0,0,3.0,4.0
30484,Mattias Svanberg,VfL Wolfsburg,M,VfL Wolfsburg vs Borussia Dortmund,12,6.5,,0,,,0,,,,,,1.0,0,0,1.0,3.0
30484,Mattias Svanberg,VfL Wolfsburg,M,RB Leipzig vs VfL Wolfsburg,30,7.5,1.0,0,1.0,1.0,4,2.0,,,,,,0,0,,
30484,Mattias Svanberg,VfL Wolfsburg,M,VfL Wolfsburg vs FC Augsburg,65,6.3,,0,,,11,9.0,,2.0,1.0,3.0,3.0,1,0,6.0,12.0
200139,Mohamed Amoura,VfL Wolfsburg,F,1. FC Heidenheim vs VfL Wolfsburg,26,7.5,1.0,0,1.0,1.0,5,4.0,,,,2.0,1.0,0,0,1.0,4.0
200139,Mohamed Amoura,VfL Wolfsburg,F,VfL Wolfsburg vs FSV Mainz 05,20,6.3,,0,,,5,4.0,,,,1.0,,0,0,1.0,3.0
200139,Mohamed Amoura,VfL Wolfsburg,F,VfL Wolfsburg vs 1. FC Köln,70,7.5,1.0,0,3.0,1.0,21,16.0,,1.0,,,,0,0,3.0,4.0
200139,Mohamed Amoura,VfL Wolfsburg,F,Borussia Dortmund vs VfL Wolfsburg,90,7,,0,2.0,,15,12.0,,3.0,2.0,,1.0,0,0,7.0,9.0
200139,Mohamed Amoura,VfL Wolfsburg,F,VfL Wolfsburg vs RB Leipzig,90,6.2,,0,3.0,1.0,27,17.0,,3.0,1.0,1.0,1.0,0,0,6.0,12.0
200139,Mohamed Amoura,VfL Wolfsburg,F,FC Augsburg vs VfL Wolfsburg,90,6.9,,1,3.0,1.0,24,18.0,,5.0,,,,0,0,5.0,11.0
200139,Mohamed Amoura,VfL Wolfsburg,F,VfL Wolfsburg vs VfB Stuttgart,12,6.3,,0,,,6,3.0,,1.0,,1.0,,0,0,2.0,4.0
200139,Mohamed Amoura,VfL Wolfsburg,F,Hamburger SV vs VfL Wolfsburg,56,6.3,,0,1.0,1.0,17,10.0,,2.0,1.0,1.0,,1,0,3.0,8.0
200139,Mohamed Amoura,VfL Wolfsburg,F,VfL Wolfsburg vs 1899 Hoffenheim,90,8.7,2.0,0,4.0,3.0,18,16.0,,1.0,,1.0,3.0,0,0,5.0,16.0
200139,Mohamed Amoura,VfL Wolfsburg,F,Werder Bremen vs VfL Wolfsburg,80,6.2,,0,,,9,6.0,,1.0,,,,0,0,2.0,9.0
200139,Mohamed Amoura,VfL Wolfsburg,F,VfL Wolfsburg vs Bayer Leverkusen,90,5.6,,0,2.0,,23,18.0,,1.0,,2.0,1.0,1,0,2.0,10.0
200139,Mohamed Amoura,VfL Wolfsburg,F,Eintracht Frankfurt vs VfL Wolfsburg,71,6.6,,0,2.0,1.0,16,10.0,,1.0,,1.0,1.0,0,0,3.0,10.0
200139,Mohamed Amoura,VfL Wolfsburg,F,VfL Wolfsburg vs Union Berlin,73,7.7,1.0,1,1.0,1.0,15,11.0,,2.0,,2.0,,0,0,3.0,12.0
200139,Mohamed Amoura,VfL Wolfsburg,F,Borussia Mönchengladbach vs VfL Wolfsburg,83,7.5,1.0,0,2.0,1.0,17,13.0,,,,,1.0,0,0,3.0,9.0
200139,Mohamed Amoura,VfL Wolfsburg,F,VfL Wolfsburg vs FC St. Pauli,29,6.2,,0,,,10,8.0,,,,1.0,,0,0,2.0,7.0
200139,Mohamed Amoura,VfL Wolfsburg,F,VfL Wolfsburg vs 1. FC Heidenheim,90,6.9,,0,2.0,1.0,38,32.0,,3.0,,1.0,1.0,0,0,5.0,9.0
200139,Mohamed Amoura,VfL Wolfsburg,F,FSV Mainz 05 vs VfL Wolfsburg,66,6.9,1.0,0,2.0,1.0,15,9.0,,3.0,1.0,1.0,,0,0,6.0,17.0
200139,Mohamed Amoura,VfL Wolfsburg,F,VfL Wolfsburg vs Borussia Dortmund,83,6.3,,0,8.0,1.0,13,8.0,,,,,,0,0,2.0,5.0
200139,Mohamed Amoura,VfL Wolfsburg,F,RB Leipzig vs VfL Wolfsburg,83,7.2,1.0,0,4.0,1.0,18,14.0,,,,,,0,0,1.0,6.0
200139,Mohamed Amoura,VfL Wolfsburg,F,VfL Wolfsburg vs FC Augsburg,82,7.2,,1,,,19,14.0,,,,,,0,0,2.0,5.0
1798,Frederik Rønnow,Union Berlin,G,Union Berlin vs VfB Stuttgart,90,8.5,,0,,,30,15.0,,,,,,0,0,2.0,2.0
1798,Frederik Rønnow,Union Berlin,G,Borussia Dortmund vs Union Berlin,90,6.7,,0,,,37,24.0,,,,,2.0,0,0,2.0,2.0
1798,Frederik Rønnow,Union Berlin,G,Union Berlin vs 1899 Hoffenheim,90,7.3,,0,,,17,11.0,,,,,,0,0,,
1798,Frederik Rønnow,Union Berlin,G,Eintracht Frankfurt vs Union Berlin,90,6.9,,0,,,39,10.0,,,,,,0,0,,
1798,Frederik Rønnow,Union Berlin,G,Union Berlin vs Hamburger SV,90,8.3,,0,,,24,11.0,,,,,,0,0,,
1798,Frederik Rønnow,Union Berlin,G,Bayer Leverkusen vs Union Berlin,90,5.7,,0,,,33,20.0,,,,,,0,0,,1.0
1798,Frederik Rønnow,Union Berlin,G,Union Berlin vs Borussia Mönchengladbach,90,7,,0,,,28,13.0,,,,,,0,0,1.0,1.0
1798,Frederik Rønnow,Union Berlin,G,Werder Bremen vs Union Berlin,90,6.9,,0,,,30,14.0,,,,,,0,0,,
1798,Frederik Rønnow,Union Berlin,G,Union Berlin vs SC Freiburg,90,7.2,,0,,,24,10.0,,,,,,0,0,1.0,1.0
1798,Frederik Rønnow,Union Berlin,G,Union Berlin vs Bayern München,90,5.9,,0,,,40,16.0,,,,,,0,0,,
1798,Frederik Rønnow,Union Berlin,G,FC St. Pauli vs Union Berlin,90,7.3,,0,,,32,16.0,,,,,,0,0,,
1798,Frederik Rønnow,Union Berlin,G,Union Berlin vs 1. FC Heidenheim,90,6.2,,0,,,27,16.0,,,,,,0,0,,
1798,Frederik Rønnow,Union Berlin,G,VfL Wolfsburg vs Union Berlin,90,6.2,,0,,,33,23.0,,1.0,,,,0,0,1.0,1.0
1798,Frederik Rønnow,Union Berlin,G,Union Berlin vs RB Leipzig,90,7.2,,0,,,33,16.0,,,,,,0,0,,
1798,Frederik Rønnow,Union Berlin,G,1. FC Köln vs Union Berlin,90,7.2,,0,,,34,25.0,,,,,,1,0,,
1798,Frederik Rønnow,Union Berlin,G,Union Berlin vs FSV Mainz 05,90,6.2,,0,,,25,13.0,,,,,,0,0,,
1798,Frederik Rønnow,Union Berlin,G,FC Augsburg vs Union Berlin,90,7.2,,0,,,44,36.0,,,,,,0,0,1.0,1.0
1798,Frederik Rønnow,Union Berlin,G,VfB Stuttgart vs Union Berlin,90,7.2,,0,,,30,14.0,,,,,,0,0,,
1798,Frederik Rønnow,Union Berlin,G,Union Berlin vs Borussia Dortmund,90,5.9,,0,,,37,23.0,,,,1.0,,0,0,1.0,3.0
1798,Frederik Rønnow,Union Berlin,G,1899 Hoffenheim vs Union Berlin,90,6.9,,0,,,37,14.0,,,,,,0,0,,
1798,Frederik Rønnow,Union Berlin,G,Union Berlin vs Eintracht Frankfurt,90,6.7,,0,,,19,14.0,,,,,1.0,0,0,1.0,1.0
1798,Frederik Rønnow,Union Berlin,G,Hamburger SV vs Union Berlin,90,5.9,,0,,,27,14.0,,,,,,0,0,,
1798,Frederik Rønnow,Union Berlin,G,Union Berlin vs Bayer Leverkusen,90,6.9,,0,,,28,10.0,,,1.0,,,1,0,,
24848,Christopher Trimmel,Union Berlin,D,Union Berlin vs VfB Stuttgart,84,7.2,,0,,,10,6.0,,2.0,1.0,3.0,,1,0,2.0,4.0
24848,Christopher Trimmel,Union Berlin,D,Borussia Dortmund vs Union Berlin,64,6.3,,0,1.0,,30,19.0,,2.0,,,,0,0,3.0,4.0
24848,Christopher Trimmel,Union Berlin,D,Union Berlin vs 1899 Hoffenheim,90,6.9,,0,,,27,16.0,,,1.0,2.0,4.0,0,0,4.0,9.0
24848,Christopher Trimmel,Union Berlin,D,Eintracht Frankfurt vs Union Berlin,73,6.3,,0,,,6,3.0,,,,1.0,,0,0,,2.0
24848,Christopher Trimmel,Union Berlin,D,Union Berlin vs Hamburger SV,90,6.6,,0,,,29,14.0,,1.0,1.0,4.0,1.0,1,0,3.0,9.0
24848,Christopher Trimmel,Union Berlin,D,Bayer Leverkusen vs Union Berlin,71,6.5,,0,,,28,14.0,,,,1.0,,1,0,,2.0
24848,Christopher Trimmel,Union Berlin,D,Union Berlin vs Borussia Mönchengladbach,39,6.9,,1,,,6,4.0,,1.0,,2.0,1.0,1,0,3.0,8.0
24848,Christopher Trimmel,Union Berlin,D,Werder Bremen vs Union Berlin,79,6.9,,0,,,26,19.0,,,,,,0,0,,1.0
24848,Christopher Trimmel,Union Berlin,D,Union Berlin vs SC Freiburg,29,6.9,,0,,,4,2.0,,,,4.0,,1,0,,4.0
24848,Christopher Trimmel,Union Berlin,D,FC St. Pauli vs Union Berlin,90,6.6,,0,,,46,28.0,,,,,,0,0,,1.0
24848,Christopher Trimmel,Union Berlin,D,Union Berlin vs 1. FC Heidenheim,79,7.6,,0,,,25,13.0,,2.0,1.0,,,0,0,2.0,4.0
24848,Christopher Trimmel,Union Berlin,D,VfL Wolfsburg vs Union Berlin,70,6,,0,,,48,36.0,,1.0,,,,0,0,1.0,1.0
24848,Christopher Trimmel,Union Berlin,D,Union Berlin vs RB Leipzig,31,7,,1,,,8,4.0,,2.0,1.0,,,0,0,2.0,2.0
24848,Christopher Trimmel,Union Berlin,D,1. FC Köln vs Union Berlin,73,7.3,,0,,,12,6.0,,3.0,,1.0,,1,0,4.0,5.0
24848,Christopher Trimmel,Union Berlin,D,Union Berlin vs FSV Mainz 05,20,6.9,,0,,,17,11.0,,2.0,,,,0,0,3.0,3.0
24848,Christopher Trimmel,Union Berlin,D,FC Augsburg vs Union Berlin,90,7.2,,0,,,42,27.0,,3.0,1.0,,,0,0,5.0,8.0
24848,Christopher Trimmel,Union Berlin,D,Union Berlin vs Borussia Dortmund,10,6.6,,0,,,4,2.0,,1.0,,1.0,,0,0,1.0,3.0
24848,Christopher Trimmel,Union Berlin,D,Union Berlin vs Eintracht Frankfurt,90,6.9,,0,,,23,14.0,,2.0,,,,0,0,3.0,5.0
24848,Christopher Trimmel,Union Berlin,D,Hamburger SV vs Union Berlin,90,7.5,,0,,,46,36.0,,1.0,,,1.0,0,0,5.0,7.0
24848,Christopher Trimmel,Union Berlin,D,Union Berlin vs Bayer Leverkusen,79,7.5,,0,,,21,15.0,,3.0,,2.0,,0,0,3.0,5.0
37117,Danilho Doekhi,Union Berlin,D,Union Berlin vs VfB Stuttgart,90,7.6,,0,,,16,10.0,,2.0,2.0,2.0,1.0,0,0,5.0,11.0
37117,Danilho Doekhi,Union Berlin,D,Borussia Dortmund vs Union Berlin,90,5.9,,0,,,58,44.0,,1.0,1.0,,,0,0,3.0,4.0
37117,Danilho Doekhi,Union Berlin,D,Union Berlin vs 1899 Hoffenheim,90,5.9,,0,2.0,,42,31.0,,2.0,2.0,,,0,0,7.0,10.0
37117,Danilho Doekhi,Union Berlin,D,Eintracht Frankfurt vs Union Berlin,90,6.6,,0,,,11,9.0,,4.0,,,,0,0,6.0,7.0
37117,Danilho Doekhi,Union Berlin,D,Union Berlin vs Hamburger SV,90,7.5,,0,1.0,,29,24.0,,,2.0,,1.0,0,0,6.0,6.0
37117,Danilho Doekhi,Union Berlin,D,Bayer Leverkusen vs Union Berlin,90,6.5,,0,1.0,,34,29.0,,1.0,2.0,,2.0,0,0,4.0,6.0
37117,Danilho Doekhi,Union Berlin,D,Union Berlin vs Borussia Mönchengladbach,90,8.7,2.0,0,3.0,2.0,19,13.0,,1.0,1.0,,,0,0,8.0,10.0
37117,Danilho Doekhi,Union Berlin,D,Werder Bremen vs Union Berlin,90,7.2,,0,3.0,,36,29.0,,5.0,2.0,2.0,,0,0,13.0,19.0
37117,Danilho Doekhi,Union Berlin,D,Union Berlin vs SC Freiburg,90,7.5,,0,2.0,,31,22.0,,2.0,1.0,1.0,1.0,0,0,12.0,16.0
37117,Danilho Doekhi,Union Berlin,D,Union Berlin vs Bayern München,90,8.9,2.0,0,2.0,2.0,23,15.0,,1.0,1.0,,1.0,1,0,5.0,7.0
37117,Danilho Doekhi,Union Berlin,D,FC St. Pauli vs Union Berlin,90,7.3,,0,1.0,,54,45.0,,4.0,,2.0,,0,0,8.0,14.0
37117,Danilho Doekhi,Union Berlin,D,Union Berlin vs 1. FC Heidenheim,90,6.3,,0,2.0,,28,18.0,,,1.0,,,0,0,6.0,8.0
37117,Danilho Doekhi,Union Berlin,D,VfL Wolfsburg vs Union Berlin,90,6.5,,0,2.0,,49,40.0,,2.0,3.0,,1.0,0,0,13.0,20.0
37117,Danilho Doekhi,Union Berlin,D,Union Berlin vs RB Leipzig,90,7,,0,,,30,21.0,,5.0,1.0,1.0,1.0,1,0,9.0,12.0
37117,Danilho Doekhi,Union Berlin,D,1. FC Köln vs Union Berlin,90,6.9,,0,,,32,24.0,,,,1.0,1.0,0,0,7.0,11.0
37117,Danilho Doekhi,Union Berlin,D,Union Berlin vs FSV Mainz 05,90,6.2,,0,2.0,,52,46.0,,1.0,1.0,1.0,,1,0,6.0,12.0
37117,Danilho Doekhi,Union Berlin,D,FC Augsburg vs Union Berlin,90,6.3,,0,1.0,,56,49.0,,,,3.0,,0,0,3.0,8.0
37117,Danilho Doekhi,Union Berlin,D,VfB Stuttgart vs Union Berlin,90,6.5,,0,,,33,25.0,,,2.0,,,0,0,2.0,5.0
37117,Danilho Doekhi,Union Berlin,D,Union Berlin vs Borussia Dortmund,90,5.6,,0,1.0,,32,23.0,,1.0,2.0,3.0,,0,0,5.0,12.0
37117,Danilho Doekhi,Union Berlin,D,1899 Hoffenheim vs Union Berlin,90,6.2,,0,1.0,,29,18.0,,1.0,,3.0,2.0,0,0,9.0,16.0
37117,Danilho Doekhi,Union Berlin,D,Union Berlin vs Eintracht Frankfurt,90,6.3,,0,,,19,12.0,,,2.0,1.0,1.0,0,0,4.0,6.0
37117,Danilho Doekhi,Union Berlin,D,Hamburger SV vs Union Berlin,90,5.9,,0,2.0,1.0,45,33.0,,1.0,1.0,1.0,,0,0,6.0,11.0
37117,Danilho Doekhi,Union Berlin,D,Union Berlin vs Bayer Leverkusen,90,7.3,,0,1.0,,28,19.0,,,1.0,,,0,0,7.0,9.0
288206,Leopold Querfeld,Union Berlin,D,Union Berlin vs VfB Stuttgart,90,6.6,,0,1.0,,7,6.0,,,,,1.0,0,0,3.0,5.0
288206,Leopold Querfeld,Union Berlin,D,Borussia Dortmund vs Union Berlin,90,7.7,,0,2.0,1.0,49,47.0,,1.0,3.0,,1.0,0,0,4.0,5.0
288206,Leopold Querfeld,Union Berlin,D,Union Berlin vs 1899 Hoffenheim,90,6.2,,0,,,46,40.0,,1.0,3.0,1.0,,0,0,5.0,8.0
288206,Leopold Querfeld,Union Berlin,D,Eintracht Frankfurt vs Union Berlin,90,5.6,,0,,,18,13.0,,1.0,,2.0,2.0,1,0,8.0,11.0
288206,Leopold Querfeld,Union Berlin,D,Union Berlin vs Hamburger SV,90,7.2,,0,,,38,30.0,,,,1.0,1.0,1,0,3.0,6.0
288206,Leopold Querfeld,Union Berlin,D,Bayer Leverkusen vs Union Berlin,90,7,,0,,,32,28.0,,5.0,2.0,1.0,1.0,0,0,7.0,12.0
288206,Leopold Querfeld,Union Berlin,D,Union Berlin vs Borussia Mönchengladbach,90,6.9,,0,,,17,13.0,,2.0,,3.0,2.0,1,0,5.0,11.0
288206,Leopold Querfeld,Union Berlin,D,Werder Bremen vs Union Berlin,90,6.6,,0,,,43,37.0,,3.0,1.0,3.0,,0,0,6.0,13.0
288206,Leopold Querfeld,Union Berlin,D,Union Berlin vs SC Freiburg,90,7.7,,0,2.0,,25,21.0,,1.0,1.0,1.0,1.0,0,0,6.0,7.0
288206,Leopold Querfeld,Union Berlin,D,Union Berlin vs Bayern München,90,6.9,,0,1.0,,26,19.0,,2.0,2.0,1.0,,0,0,6.0,8.0
288206,Leopold Querfeld,Union Berlin,D,FC St. Pauli vs Union Berlin,90,7.9,,0,1.0,1.0,69,60.0,,,,,2.0,0,0,6.0,8.0
288206,Leopold Querfeld,Union Berlin,D,Union Berlin vs 1. FC Heidenheim,90,5.7,,0,,,36,30.0,,,,3.0,,0,0,4.0,15.0
288206,Leopold Querfeld,Union Berlin,D,VfL Wolfsburg vs Union Berlin,90,6.7,,0,4.0,3.0,69,53.0,,,1.0,2.0,1.0,0,0,12.0,16.0
288206,Leopold Querfeld,Union Berlin,D,Union Berlin vs RB Leipzig,90,7.6,,0,,,31,18.0,,5.0,3.0,,4.0,0,0,14.0,15.0
288206,Leopold Querfeld,Union Berlin,D,1. FC Köln vs Union Berlin,90,8.3,,0,1.0,1.0,50,42.0,,1.0,1.0,2.0,,0,0,9.0,11.0
288206,Leopold Querfeld,Union Berlin,D,Union Berlin vs FSV Mainz 05,90,7,,0,,,64,48.0,,2.0,1.0,,2.0,0,0,10.0,14.0
288206,Leopold Querfeld,Union Berlin,D,FC Augsburg vs Union Berlin,90,6.9,,0,1.0,,84,70.0,,1.0,,3.0,,0,0,8.0,14.0
288206,Leopold Querfeld,Union Berlin,D,VfB Stuttgart vs Union Berlin,90,7,,0,1.0,,46,37.0,,1.0,1.0,1.0,,0,0,3.0,7.0
288206,Leopold Querfeld,Union Berlin,D,Union Berlin vs Borussia Dortmund,90,7.2,,0,,,45,36.0,,4.0,4.0,1.0,3.0,0,0,9.0,19.0
288206,Leopold Querfeld,Union Berlin,D,1899 Hoffenheim vs Union Berlin,90,6.2,,0,2.0,,28,21.0,,4.0,,5.0,2.0,0,0,13.0,22.0
288206,Leopold Querfeld,Union Berlin,D,Union Berlin vs Eintracht Frankfurt,90,7.2,1.0,0,2.0,2.0,15,12.0,,2.0,1.0,3.0,1.0,0,0,7.0,10.0
288206,Leopold Querfeld,Union Berlin,D,Hamburger SV vs Union Berlin,90,7,1.0,0,1.0,1.0,37,33.0,,2.0,3.0,,1.0,0,0,6.0,7.0
288206,Leopold Querfeld,Union Berlin,D,Union Berlin vs Bayer Leverkusen,90,6.6,,0,,,21,16.0,,,,3.0,,1,0,1.0,7.0
324957,Tom Rothe,Union Berlin,D,Union Berlin vs VfB Stuttgart,90,6.6,,0,1.0,,16,13.0,,2.0,,2.0,,0,0,4.0,8.0
324957,Tom Rothe,Union Berlin,D,Borussia Dortmund vs Union Berlin,90,5.9,,0,1.0,1.0,41,33.0,,1.0,1.0,,1.0,0,0,3.0,6.0
324957,Tom Rothe,Union Berlin,D,Union Berlin vs 1899 Hoffenheim,82,6.2,1.0,0,2.0,1.0,29,18.0,,,4.0,1.0,1.0,0,1,6.0,11.0
324957,Tom Rothe,Union Berlin,D,Union Berlin vs Hamburger SV,10,6.5,,0,1.0,,7,3.0,,1.0,,1.0,,0,0,1.0,5.0
324957,Tom Rothe,Union Berlin,D,Bayer Leverkusen vs Union Berlin,19,6.7,,0,,,15,11.0,,,1.0,,,0,0,,
324957,Tom Rothe,Union Berlin,D,Union Berlin vs Borussia Mönchengladbach,21,6.3,,0,,,6,3.0,,1.0,,1.0,,0,0,3.0,7.0
324957,Tom Rothe,Union Berlin,D,Werder Bremen vs Union Berlin,29,6.2,,0,,,18,17.0,,,,1.0,,0,0,,2.0
324957,Tom Rothe,Union Berlin,D,Union Berlin vs SC Freiburg,10,6.3,,0,1.0,,4,4.0,,,,1.0,,1,0,,2.0
324957,Tom Rothe,Union Berlin,D,Union Berlin vs Bayern München,78,6.2,,0,,,30,16.0,,2.0,2.0,1.0,,0,0,6.0,14.0
324957,Tom Rothe,Union Berlin,D,FC St. Pauli vs Union Berlin,73,6.9,,0,,,29,21.0,,2.0,3.0,1.0,1.0,0,0,9.0,13.0
324957,Tom Rothe,Union Berlin,D,Union Berlin vs 1. FC Heidenheim,17,5.9,,0,1.0,,2,1.0,,1.0,2.0,,,0,0,1.0,7.0
324957,Tom Rothe,Union Berlin,D,VfL Wolfsburg vs Union Berlin,20,6.6,,0,1.0,1.0,11,10.0,,1.0,,,,0,0,2.0,4.0
1298,Robert Skov,Union Berlin,D,Union Berlin vs VfB Stuttgart,67,6.9,,0,1.0,,15,10.0,,2.0,1.0,2.0,1.0,0,0,5.0,9.0
1298,Robert Skov,Union Berlin,D,Borussia Dortmund vs Union Berlin,70,6.2,,0,,,18,13.0,,2.0,1.0,2.0,2.0,0,0,5.0,8.0
1298,Robert Skov,Union Berlin,D,Union Berlin vs 1899 Hoffenheim,86,6.3,,0,,,29,19.0,,2.0,,1.0,,0,0,3.0,7.0
30785,András Schäfer,Union Berlin,M,Union Berlin vs VfB Stuttgart,90,6.6,,0,,,19,9.0,,2.0,,3.0,1.0,0,0,7.0,11.0
30785,András Schäfer,Union Berlin,M,Eintracht Frankfurt vs Union Berlin,8,6.7,,0,,,2,1.0,,,,,,0,0,,
30785,András Schäfer,Union Berlin,M,Union Berlin vs Hamburger SV,31,6.3,,0,2.0,,11,10.0,,1.0,,3.0,1.0,0,0,2.0,8.0
30785,András Schäfer,Union Berlin,M,Bayer Leverkusen vs Union Berlin,64,6.7,,0,,,20,16.0,,3.0,,,2.0,0,0,5.0,8.0
30785,András Schäfer,Union Berlin,M,Werder Bremen vs Union Berlin,29,6.5,,0,,,19,17.0,,,1.0,,1.0,0,0,2.0,4.0
30785,András Schäfer,Union Berlin,M,Union Berlin vs SC Freiburg,90,7.3,,0,2.0,1.0,21,11.0,,4.0,2.0,3.0,3.0,0,0,14.0,22.0
30785,András Schäfer,Union Berlin,M,Union Berlin vs Bayern München,90,6.3,,0,,,24,14.0,,2.0,3.0,1.0,,0,0,5.0,13.0
30785,András Schäfer,Union Berlin,M,Union Berlin vs 1. FC Heidenheim,11,6.5,,0,,,6,6.0,,,3.0,,,0,0,,
30785,András Schäfer,Union Berlin,M,VfL Wolfsburg vs Union Berlin,56,5.9,,0,2.0,,19,15.0,,,,3.0,,0,0,1.0,6.0
30785,András Schäfer,Union Berlin,M,Union Berlin vs RB Leipzig,23,6.9,,0,1.0,1.0,10,8.0,,,,,,0,0,,2.0
30785,András Schäfer,Union Berlin,M,1. FC Köln vs Union Berlin,13,7.9,1.0,0,1.0,1.0,1,1.0,,,,1.0,,1,0,,1.0
30785,András Schäfer,Union Berlin,M,Union Berlin vs FSV Mainz 05,25,6.6,,0,1.0,,18,12.0,,1.0,,,,0,0,3.0,4.0
30785,András Schäfer,Union Berlin,M,FC Augsburg vs Union Berlin,64,6.3,,0,1.0,,22,18.0,,2.0,3.0,2.0,1.0,0,0,4.0,7.0
30785,András Schäfer,Union Berlin,M,VfB Stuttgart vs Union Berlin,75,6.3,,0,,,30,20.0,,4.0,1.0,2.0,2.0,0,0,7.0,16.0
30785,András Schäfer,Union Berlin,M,Union Berlin vs Borussia Dortmund,14,6.2,,0,,,2,2.0,,,,,1.0,0,0,1.0,4.0
30785,András Schäfer,Union Berlin,M,1899 Hoffenheim vs Union Berlin,36,6.6,,0,1.0,1.0,10,6.0,,2.0,,1.0,1.0,0,0,3.0,6.0
30785,András Schäfer,Union Berlin,M,Union Berlin vs Eintracht Frankfurt,79,6.3,,0,1.0,,15,12.0,,1.0,,2.0,1.0,1,0,3.0,9.0
30785,András Schäfer,Union Berlin,M,Hamburger SV vs Union Berlin,15,6.9,,0,,,10,9.0,,1.0,1.0,,,0,0,2.0,2.0
30785,András Schäfer,Union Berlin,M,Union Berlin vs Bayer Leverkusen,85,7.3,,0,2.0,2.0,31,25.0,,4.0,1.0,2.0,2.0,0,0,10.0,16.0
25300,Rani Khedira,Union Berlin,M,Union Berlin vs VfB Stuttgart,90,6.9,,0,,,19,11.0,,3.0,3.0,1.0,,1,0,3.0,5.0
25300,Rani Khedira,Union Berlin,M,Borussia Dortmund vs Union Berlin,90,6.3,,0,,,33,32.0,,2.0,1.0,,,0,0,2.0,4.0
25300,Rani Khedira,Union Berlin,M,Union Berlin vs 1899 Hoffenheim,73,6.3,,0,,,18,12.0,,3.0,,3.0,1.0,0,0,6.0,11.0
25300,Rani Khedira,Union Berlin,M,Eintracht Frankfurt vs Union Berlin,90,6.5,,0,,,17,9.0,,2.0,1.0,3.0,,0,0,5.0,10.0
25300,Rani Khedira,Union Berlin,M,Union Berlin vs Hamburger SV,90,7,,0,1.0,1.0,19,14.0,,2.0,1.0,1.0,1.0,0,0,4.0,8.0
25300,Rani Khedira,Union Berlin,M,Bayer Leverkusen vs Union Berlin,90,6.3,,0,1.0,1.0,8,3.0,,2.0,,2.0,1.0,0,0,3.0,7.0
25300,Rani Khedira,Union Berlin,M,Union Berlin vs Borussia Mönchengladbach,90,8.3,1.0,0,1.0,1.0,24,18.0,,5.0,2.0,1.0,,1,0,6.0,10.0
25300,Rani Khedira,Union Berlin,M,Werder Bremen vs Union Berlin,90,6.7,,0,,,40,24.0,,2.0,4.0,2.0,,0,0,4.0,8.0
25300,Rani Khedira,Union Berlin,M,Union Berlin vs SC Freiburg,90,6.6,,0,,,15,10.0,,3.0,1.0,1.0,1.0,1,0,5.0,9.0
25300,Rani Khedira,Union Berlin,M,Union Berlin vs Bayern München,90,6.3,,0,,,17,7.0,,3.0,2.0,3.0,1.0,0,0,4.0,8.0
25300,Rani Khedira,Union Berlin,M,FC St. Pauli vs Union Berlin,90,7.5,1.0,0,1.0,1.0,19,12.0,,1.0,1.0,1.0,1.0,1,0,4.0,5.0
25300,Rani Khedira,Union Berlin,M,Union Berlin vs 1. FC Heidenheim,90,7.3,1.0,0,1.0,1.0,25,16.0,,1.0,1.0,1.0,2.0,1,0,4.0,10.0
25300,Rani Khedira,Union Berlin,M,Union Berlin vs RB Leipzig,90,6.6,,0,,,16,12.0,,5.0,1.0,2.0,,0,0,5.0,11.0
25300,Rani Khedira,Union Berlin,M,1. FC Köln vs Union Berlin,90,6.5,,0,1.0,1.0,10,8.0,,,2.0,2.0,1.0,0,0,2.0,8.0
25300,Rani Khedira,Union Berlin,M,Union Berlin vs FSV Mainz 05,90,6.3,,0,,,31,20.0,,3.0,,1.0,,0,0,4.0,15.0
25300,Rani Khedira,Union Berlin,M,FC Augsburg vs Union Berlin,82,6.3,,0,1.0,,24,18.0,,4.0,,2.0,1.0,0,0,5.0,8.0
25300,Rani Khedira,Union Berlin,M,VfB Stuttgart vs Union Berlin,90,6.3,,0,,,22,15.0,,4.0,2.0,,,0,0,4.0,6.0
25300,Rani Khedira,Union Berlin,M,Union Berlin vs Borussia Dortmund,90,6.2,,0,,,21,12.0,,4.0,,1.0,,0,0,5.0,9.0
25300,Rani Khedira,Union Berlin,M,1899 Hoffenheim vs Union Berlin,90,7.7,1.0,0,2.0,2.0,27,13.0,,1.0,1.0,1.0,1.0,0,0,6.0,9.0
25300,Rani Khedira,Union Berlin,M,Union Berlin vs Eintracht Frankfurt,90,7.2,,0,,,17,8.0,,1.0,2.0,,2.0,0,0,7.0,9.0
25300,Rani Khedira,Union Berlin,M,Hamburger SV vs Union Berlin,75,6.7,,0,1.0,,17,12.0,,,1.0,1.0,,0,0,2.0,7.0
25300,Rani Khedira,Union Berlin,M,Union Berlin vs Bayer Leverkusen,90,7.2,1.0,0,1.0,1.0,13,6.0,,1.0,3.0,3.0,1.0,0,0,3.0,11.0
26249,Janik Haberer,Union Berlin,M,Union Berlin vs VfB Stuttgart,67,7,,0,,,12,9.0,,,,1.0,4.0,1,0,4.0,8.0
26249,Janik Haberer,Union Berlin,M,Borussia Dortmund vs Union Berlin,82,6.2,,0,,,28,25.0,,1.0,1.0,,,0,0,1.0,3.0
26249,Janik Haberer,Union Berlin,M,Union Berlin vs 1899 Hoffenheim,68,6.6,,0,,,28,19.0,,2.0,1.0,1.0,2.0,0,0,6.0,9.0
26249,Janik Haberer,Union Berlin,M,Eintracht Frankfurt vs Union Berlin,90,7.2,,0,,,27,15.0,,3.0,2.0,,1.0,0,0,7.0,9.0
26249,Janik Haberer,Union Berlin,M,Union Berlin vs Hamburger SV,59,6.9,,0,,,25,21.0,,1.0,,1.0,1.0,0,0,3.0,7.0
26249,Janik Haberer,Union Berlin,M,Bayer Leverkusen vs Union Berlin,19,6.6,,0,,,9,8.0,,,1.0,,,0,0,,
26249,Janik Haberer,Union Berlin,M,Union Berlin vs Borussia Mönchengladbach,51,7,,0,,,14,12.0,,1.0,,2.0,2.0,1,0,3.0,6.0
26249,Janik Haberer,Union Berlin,M,Werder Bremen vs Union Berlin,11,6.6,,0,,,15,12.0,,,,1.0,,0,0,1.0,2.0
26249,Janik Haberer,Union Berlin,M,Union Berlin vs SC Freiburg,61,6.6,,0,,,20,15.0,,,,2.0,,1,0,,3.0
26249,Janik Haberer,Union Berlin,M,Union Berlin vs Bayern München,70,6.9,,1,1.0,,15,12.0,,2.0,,2.0,1.0,1,0,4.0,9.0
26249,Janik Haberer,Union Berlin,M,FC St. Pauli vs Union Berlin,17,6.9,,0,,,7,6.0,,1.0,,1.0,,0,0,4.0,8.0
26249,Janik Haberer,Union Berlin,M,Union Berlin vs 1. FC Heidenheim,11,6.5,,0,,,7,5.0,,,,1.0,,0,0,,1.0
26249,Janik Haberer,Union Berlin,M,VfL Wolfsburg vs Union Berlin,90,7.2,,0,1.0,1.0,38,32.0,,1.0,,,2.0,0,0,5.0,7.0
26249,Janik Haberer,Union Berlin,M,Union Berlin vs RB Leipzig,59,6.2,,0,1.0,,24,13.0,,3.0,,1.0,1.0,1,0,5.0,12.0
26249,Janik Haberer,Union Berlin,M,Union Berlin vs FSV Mainz 05,70,7.2,,0,,,35,27.0,,4.0,,1.0,,0,0,6.0,10.0
26249,Janik Haberer,Union Berlin,M,VfB Stuttgart vs Union Berlin,90,7.2,,0,,,41,32.0,,3.0,1.0,,,0,0,4.0,7.0
26249,Janik Haberer,Union Berlin,M,Union Berlin vs Borussia Dortmund,86,7,,0,,,33,27.0,,,,1.0,2.0,0,0,3.0,10.0
26249,Janik Haberer,Union Berlin,M,1899 Hoffenheim vs Union Berlin,90,6.3,,0,,,25,17.0,,,,1.0,1.0,0,0,3.0,8.0
26249,Janik Haberer,Union Berlin,M,Union Berlin vs Eintracht Frankfurt,11,6.2,,0,,,3,2.0,,,,1.0,,1,0,,1.0
26249,Janik Haberer,Union Berlin,M,Union Berlin vs Bayer Leverkusen,11,6.3,,0,,,4,4.0,,1.0,,1.0,,1,0,1.0,2.0
380873,Ilyas Ansah,Union Berlin,F,Union Berlin vs VfB Stuttgart,76,9.2,2.0,0,2.0,2.0,15,12.0,,1.0,,1.0,1.0,0,0,6.0,14.0
380873,Ilyas Ansah,Union Berlin,F,Borussia Dortmund vs Union Berlin,70,6,,0,,,5,5.0,,,,2.0,1.0,0,0,1.0,8.0
380873,Ilyas Ansah,Union Berlin,F,Union Berlin vs 1899 Hoffenheim,73,7,1.0,0,1.0,1.0,10,7.0,,,1.0,,2.0,0,0,5.0,15.0
380873,Ilyas Ansah,Union Berlin,F,Eintracht Frankfurt vs Union Berlin,72,7.9,1.0,0,1.0,1.0,10,10.0,,1.0,,,,0,0,5.0,12.0
380873,Ilyas Ansah,Union Berlin,F,Union Berlin vs Hamburger SV,89,6.3,,0,2.0,,12,8.0,,1.0,,2.0,,0,0,6.0,14.0
380873,Ilyas Ansah,Union Berlin,F,Bayer Leverkusen vs Union Berlin,26,6.5,,0,1.0,,6,5.0,,,,,,0,0,1.0,4.0
380873,Ilyas Ansah,Union Berlin,F,Union Berlin vs Borussia Mönchengladbach,76,6.9,,0,1.0,,16,13.0,,,,,3.0,0,0,4.0,10.0
380873,Ilyas Ansah,Union Berlin,F,Werder Bremen vs Union Berlin,90,6.5,,0,1.0,,16,16.0,,1.0,,1.0,1.0,0,0,3.0,12.0
380873,Ilyas Ansah,Union Berlin,F,Union Berlin vs SC Freiburg,29,6.9,,0,1.0,1.0,2,2.0,,,,,,0,0,1.0,4.0
380873,Ilyas Ansah,Union Berlin,F,Union Berlin vs Bayern München,78,6.7,,0,2.0,2.0,10,7.0,,,1.0,,2.0,0,0,3.0,7.0
380873,Ilyas Ansah,Union Berlin,F,FC St. Pauli vs Union Berlin,82,6.6,,0,,,14,11.0,,,1.0,,3.0,0,0,5.0,11.0
380873,Ilyas Ansah,Union Berlin,F,Union Berlin vs 1. FC Heidenheim,90,6.9,,1,,,22,13.0,,,,3.0,2.0,0,0,3.0,13.0
380873,Ilyas Ansah,Union Berlin,F,VfL Wolfsburg vs Union Berlin,90,6.5,,0,2.0,,15,12.0,,1.0,1.0,,2.0,0,0,5.0,11.0
380873,Ilyas Ansah,Union Berlin,F,Union Berlin vs RB Leipzig,85,7.3,1.0,0,2.0,1.0,13,10.0,,,,,,0,0,1.0,8.0
380873,Ilyas Ansah,Union Berlin,F,1. FC Köln vs Union Berlin,72,6.3,,0,,,4,3.0,,,,2.0,3.0,0,0,3.0,8.0
380873,Ilyas Ansah,Union Berlin,F,Union Berlin vs FSV Mainz 05,25,6.2,,0,,,5,3.0,,,,,,0,0,,4.0
380873,Ilyas Ansah,Union Berlin,F,FC Augsburg vs Union Berlin,64,6.3,,0,1.0,,7,7.0,,1.0,,1.0,1.0,0,0,3.0,6.0
380873,Ilyas Ansah,Union Berlin,F,VfB Stuttgart vs Union Berlin,21,6.3,,0,,,7,6.0,,1.0,,1.0,1.0,0,0,3.0,7.0
380873,Ilyas Ansah,Union Berlin,F,Union Berlin vs Borussia Dortmund,66,6.3,,0,,,10,6.0,,1.0,,1.0,2.0,0,0,5.0,10.0
380873,Ilyas Ansah,Union Berlin,F,1899 Hoffenheim vs Union Berlin,36,6.2,,0,,,3,3.0,,1.0,,1.0,1.0,0,0,3.0,12.0
380873,Ilyas Ansah,Union Berlin,F,Union Berlin vs Eintracht Frankfurt,71,6.2,,0,1.0,,9,5.0,,1.0,,1.0,,0,0,4.0,12.0
380873,Ilyas Ansah,Union Berlin,F,Hamburger SV vs Union Berlin,61,6.6,,0,,,8,8.0,,,,,3.0,0,0,3.0,11.0
380873,Ilyas Ansah,Union Berlin,F,Union Berlin vs Bayer Leverkusen,11,6.7,,0,,,1,,,1.0,,,1.0,0,0,2.0,2.0
45892,Andrej Ilić,Union Berlin,F,Union Berlin vs VfB Stuttgart,90,6.7,,1,2.0,,23,14.0,,,,2.0,1.0,1,0,9.0,23.0
45892,Andrej Ilić,Union Berlin,F,Borussia Dortmund vs Union Berlin,90,6.6,,0,5.0,1.0,14,8.0,,,,,,0,0,7.0,14.0
45892,Andrej Ilić,Union Berlin,F,Union Berlin vs 1899 Hoffenheim,90,6.2,,0,4.0,2.0,15,10.0,,,,2.0,,0,0,4.0,20.0
45892,Andrej Ilić,Union Berlin,F,Eintracht Frankfurt vs Union Berlin,90,7.5,,3,1.0,,14,9.0,,,,2.0,3.0,1,0,5.0,20.0
45892,Andrej Ilić,Union Berlin,F,Union Berlin vs Hamburger SV,90,5.5,,0,1.0,1.0,14,8.0,,,,2.0,2.0,0,0,5.0,20.0
45892,Andrej Ilić,Union Berlin,F,Bayer Leverkusen vs Union Berlin,90,6.3,,0,1.0,,9,6.0,,1.0,,2.0,1.0,0,0,9.0,23.0
45892,Andrej Ilić,Union Berlin,F,Union Berlin vs Borussia Mönchengladbach,90,6.7,,0,1.0,,18,11.0,,,,3.0,2.0,0,0,7.0,22.0
45892,Andrej Ilić,Union Berlin,F,Werder Bremen vs Union Berlin,29,6.3,,0,2.0,,5,3.0,,,,,,0,0,3.0,5.0
45892,Andrej Ilić,Union Berlin,F,Union Berlin vs SC Freiburg,86,6.5,,0,1.0,,14,5.0,,,,2.0,1.0,1,0,6.0,12.0
45892,Andrej Ilić,Union Berlin,F,FC St. Pauli vs Union Berlin,65,6.3,,1,1.0,1.0,8,4.0,,,,,1.0,0,0,2.0,9.0
45892,Andrej Ilić,Union Berlin,F,Union Berlin vs 1. FC Heidenheim,29,6.3,,0,,,5,3.0,,,,,,0,0,2.0,6.0
45892,Andrej Ilić,Union Berlin,F,VfL Wolfsburg vs Union Berlin,34,7,,0,1.0,,4,4.0,,,,,1.0,0,0,3.0,6.0
45892,Andrej Ilić,Union Berlin,F,Union Berlin vs RB Leipzig,23,6.5,,1,,,10,6.0,,,,,,0,0,,7.0
45892,Andrej Ilić,Union Berlin,F,1. FC Köln vs Union Berlin,18,6.7,,0,,,4,3.0,,,,,,0,0,2.0,3.0
45892,Andrej Ilić,Union Berlin,F,Union Berlin vs FSV Mainz 05,90,6.5,,0,1.0,,27,17.0,,,,1.0,,0,0,10.0,27.0
45892,Andrej Ilić,Union Berlin,F,FC Augsburg vs Union Berlin,26,6.9,,1,1.0,1.0,5,2.0,,,,,,0,0,3.0,4.0
45892,Andrej Ilić,Union Berlin,F,VfB Stuttgart vs Union Berlin,89,5.9,,0,4.0,1.0,17,9.0,,,,2.0,1.0,0,0,7.0,23.0
45892,Andrej Ilić,Union Berlin,F,Union Berlin vs Borussia Dortmund,90,6.7,,0,3.0,2.0,23,16.0,,,,,1.0,0,0,10.0,23.0
45892,Andrej Ilić,Union Berlin,F,1899 Hoffenheim vs Union Berlin,90,6.3,,0,3.0,,10,3.0,,1.0,,3.0,2.0,1,0,10.0,23.0
45892,Andrej Ilić,Union Berlin,F,Union Berlin vs Eintracht Frankfurt,19,6.3,,0,1.0,,5,3.0,,,,,,0,0,2.0,3.0
45892,Andrej Ilić,Union Berlin,F,Hamburger SV vs Union Berlin,90,7.7,1.0,0,4.0,3.0,11,6.0,,,,2.0,2.0,0,0,10.0,22.0
45892,Andrej Ilić,Union Berlin,F,Union Berlin vs Bayer Leverkusen,86,6.2,,0,1.0,1.0,19,10.0,,,,1.0,1.0,1,0,12.0,23.0
128853,Derrick Köhn,Union Berlin,D,Union Berlin vs VfB Stuttgart,23,6.2,,0,,,8,6.0,,1.0,,3.0,,0,0,1.0,5.0
128853,Derrick Köhn,Union Berlin,D,Borussia Dortmund vs Union Berlin,20,6.5,,0,,,6,5.0,,,,,2.0,0,0,2.0,3.0
128853,Derrick Köhn,Union Berlin,D,Union Berlin vs 1899 Hoffenheim,12,6.6,,0,1.0,,7,5.0,,,,,,0,0,,
128853,Derrick Köhn,Union Berlin,D,Eintracht Frankfurt vs Union Berlin,89,6.9,,0,,,9,7.0,,4.0,,2.0,1.0,0,0,5.0,9.0
128853,Derrick Köhn,Union Berlin,D,Union Berlin vs Hamburger SV,80,6.9,,0,,,12,11.0,,,,1.0,1.0,0,0,2.0,4.0
128853,Derrick Köhn,Union Berlin,D,Bayer Leverkusen vs Union Berlin,90,5.9,,0,2.0,1.0,19,14.0,,1.0,2.0,3.0,,1,0,2.0,11.0
128853,Derrick Köhn,Union Berlin,D,Union Berlin vs Borussia Mönchengladbach,69,6.6,,0,2.0,1.0,18,15.0,,1.0,,4.0,1.0,1,0,2.0,9.0
128853,Derrick Köhn,Union Berlin,D,Werder Bremen vs Union Berlin,61,6.7,,0,,,21,13.0,,2.0,,,,0,0,2.0,4.0
128853,Derrick Köhn,Union Berlin,D,Union Berlin vs SC Freiburg,80,6.7,,0,,,16,9.0,,1.0,,,,0,0,2.0,4.0
128853,Derrick Köhn,Union Berlin,D,Union Berlin vs Bayern München,12,6.2,,0,,,0,,,,,,1.0,0,0,1.0,1.0
128853,Derrick Köhn,Union Berlin,D,FC St. Pauli vs Union Berlin,17,6.6,,0,,,8,7.0,,,,,,0,0,,1.0
128853,Derrick Köhn,Union Berlin,D,Union Berlin vs 1. FC Heidenheim,73,6.6,,0,1.0,,25,20.0,,,1.0,,2.0,0,0,3.0,5.0
128853,Derrick Köhn,Union Berlin,D,VfL Wolfsburg vs Union Berlin,70,6.2,,0,1.0,,30,21.0,,2.0,,1.0,,0,0,5.0,8.0
128853,Derrick Köhn,Union Berlin,D,Union Berlin vs RB Leipzig,85,8,,0,,,14,13.0,,3.0,,,1.0,0,0,4.0,6.0
128853,Derrick Köhn,Union Berlin,D,1. FC Köln vs Union Berlin,90,7,,0,,,24,21.0,,,,2.0,,0,0,1.0,4.0
128853,Derrick Köhn,Union Berlin,D,Union Berlin vs FSV Mainz 05,90,8,,1,,,44,39.0,,3.0,1.0,1.0,2.0,0,0,6.0,8.0
128853,Derrick Köhn,Union Berlin,D,FC Augsburg vs Union Berlin,89,6,,0,,,36,26.0,,1.0,1.0,4.0,,0,1,2.0,9.0
128853,Derrick Köhn,Union Berlin,D,1899 Hoffenheim vs Union Berlin,36,7.2,,0,,,14,13.0,,,,,,0,0,,
128853,Derrick Köhn,Union Berlin,D,Union Berlin vs Eintracht Frankfurt,90,6.3,,0,2.0,,22,16.0,,2.0,1.0,1.0,,1,0,3.0,8.0
128853,Derrick Köhn,Union Berlin,D,Hamburger SV vs Union Berlin,90,6.5,,0,1.0,,30,20.0,,3.0,,1.0,,0,0,3.0,9.0
128853,Derrick Köhn,Union Berlin,D,Union Berlin vs Bayer Leverkusen,90,8,,0,,,28,23.0,,2.0,,,,0,0,3.0,4.0
1234,Alex Král,Union Berlin,M,Union Berlin vs VfB Stuttgart,23,6.6,,0,,,1,1.0,,1.0,,,1.0,0,0,2.0,2.0
1234,Alex Král,Union Berlin,M,Borussia Dortmund vs Union Berlin,64,6.3,,0,,,18,16.0,,1.0,1.0,2.0,3.0,0,0,4.0,6.0
1234,Alex Král,Union Berlin,M,Union Berlin vs 1899 Hoffenheim,22,6.2,,0,1.0,1.0,10,5.0,,1.0,,,,0,0,2.0,5.0
1234,Alex Král,Union Berlin,M,Union Berlin vs Borussia Mönchengladbach,14,6.7,,0,1.0,,5,5.0,,,,,,0,0,1.0,2.0
1234,Alex Král,Union Berlin,M,Union Berlin vs SC Freiburg,10,6.7,,0,,,4,3.0,,,,1.0,,1,0,1.0,3.0
1234,Alex Král,Union Berlin,M,Union Berlin vs Bayern München,20,6.5,,0,,,4,4.0,,,1.0,,,0,0,,2.0
1234,Alex Král,Union Berlin,M,FC St. Pauli vs Union Berlin,25,6.6,,0,,,5,3.0,,,,,,0,0,2.0,3.0
1234,Alex Král,Union Berlin,M,Union Berlin vs 1. FC Heidenheim,17,6.5,,0,,,4,4.0,,,,,,0,0,1.0,1.0
1234,Alex Král,Union Berlin,M,VfL Wolfsburg vs Union Berlin,20,6.2,,0,,,13,9.0,,,,1.0,1.0,0,0,1.0,3.0
1234,Alex Král,Union Berlin,M,FC Augsburg vs Union Berlin,8,6.6,,0,,,2,1.0,,,,,,0,0,1.0,2.0
1234,Alex Král,Union Berlin,M,1899 Hoffenheim vs Union Berlin,14,6.7,,0,,,2,2.0,,1.0,,,,0,0,1.0,2.0
1234,Alex Král,Union Berlin,M,Union Berlin vs Eintracht Frankfurt,8,7,,0,,,6,5.0,,,1.0,,,0,0,1.0,1.0
1234,Alex Král,Union Berlin,M,Hamburger SV vs Union Berlin,15,6.7,,0,,,7,7.0,,1.0,,,1.0,0,0,3.0,4.0
1234,Alex Král,Union Berlin,M,Union Berlin vs Bayer Leverkusen,19,6.9,,0,,,8,8.0,,,,,2.0,0,0,2.0,2.0
1124,Oliver Burke,Union Berlin,F,Union Berlin vs VfB Stuttgart,14,6.2,,0,,,4,3.0,,,,1.0,1.0,0,0,1.0,4.0
1124,Oliver Burke,Union Berlin,F,Borussia Dortmund vs Union Berlin,20,6.2,,0,,,5,5.0,,,1.0,,,0,0,,2.0
1124,Oliver Burke,Union Berlin,F,Union Berlin vs 1899 Hoffenheim,74,6.6,,0,3.0,1.0,18,14.0,,1.0,1.0,,,0,0,6.0,14.0
1124,Oliver Burke,Union Berlin,F,Eintracht Frankfurt vs Union Berlin,81,10,3.0,0,5.0,4.0,10,6.0,,1.0,1.0,,,0,0,2.0,5.0
1124,Oliver Burke,Union Berlin,F,Union Berlin vs Hamburger SV,59,6.5,,0,,,5,4.0,,,1.0,,2.0,0,0,2.0,7.0
1124,Oliver Burke,Union Berlin,F,Bayer Leverkusen vs Union Berlin,64,6.3,,0,1.0,,10,7.0,,1.0,,,,0,0,1.0,2.0
1124,Oliver Burke,Union Berlin,F,Werder Bremen vs Union Berlin,90,6.7,,0,1.0,1.0,17,11.0,,1.0,,,2.0,0,0,4.0,7.0
1124,Oliver Burke,Union Berlin,F,Union Berlin vs SC Freiburg,12,6.2,,0,,,0,,,,,,,0,0,,
1124,Oliver Burke,Union Berlin,F,Union Berlin vs Bayern München,78,6.5,,0,,,8,6.0,,,,,1.0,0,0,2.0,7.0
1124,Oliver Burke,Union Berlin,F,FC St. Pauli vs Union Berlin,73,6.5,,0,,,12,10.0,,,,1.0,,0,0,2.0,10.0
1124,Oliver Burke,Union Berlin,F,Union Berlin vs 1. FC Heidenheim,61,6.2,,0,,,14,10.0,,,,1.0,,1,0,1.0,4.0
1124,Oliver Burke,Union Berlin,F,VfL Wolfsburg vs Union Berlin,33,6.2,,0,1.0,,11,7.0,,,,2.0,,1,0,1.0,4.0
1124,Oliver Burke,Union Berlin,F,Union Berlin vs RB Leipzig,67,7.3,1.0,0,2.0,2.0,19,17.0,,,,,,0,0,1.0,4.0
1124,Oliver Burke,Union Berlin,F,1. FC Köln vs Union Berlin,72,6,,0,1.0,,7,7.0,,,,1.0,,0,0,1.0,9.0
1124,Oliver Burke,Union Berlin,F,Union Berlin vs FSV Mainz 05,70,6.2,,0,5.0,2.0,13,7.0,,,,,,0,0,2.0,7.0
1124,Oliver Burke,Union Berlin,F,FC Augsburg vs Union Berlin,64,6.9,,0,1.0,,11,9.0,,,,1.0,1.0,0,0,5.0,10.0
1124,Oliver Burke,Union Berlin,F,Union Berlin vs Borussia Dortmund,14,6.7,,0,,,1,,,,,,,0,0,2.0,3.0
1124,Oliver Burke,Union Berlin,F,1899 Hoffenheim vs Union Berlin,54,6.3,,0,,,10,8.0,,2.0,,,,0,0,2.0,7.0
1124,Oliver Burke,Union Berlin,F,Hamburger SV vs Union Berlin,15,6.6,,1,,,3,1.0,,,,,,0,0,,
14330,Josip Juranović,Union Berlin,D,Union Berlin vs VfB Stuttgart,15,6.2,,0,,,3,,,,,,,0,0,,
14330,Josip Juranović,Union Berlin,D,Union Berlin vs Bayern München,20,6.2,,0,1.0,,2,1.0,,,1.0,,,0,0,,
14330,Josip Juranović,Union Berlin,D,1. FC Köln vs Union Berlin,17,6.6,,0,,,7,6.0,,,,,,1,0,,
14330,Josip Juranović,Union Berlin,D,VfB Stuttgart vs Union Berlin,69,8.2,,0,1.0,,26,23.0,,2.0,,,1.0,0,0,3.0,5.0
14330,Josip Juranović,Union Berlin,D,Union Berlin vs Borussia Dortmund,66,7.3,,0,1.0,,33,27.0,,1.0,,,2.0,0,0,3.0,5.0
399,Alexander Nübel,VfB Stuttgart,G,Union Berlin vs VfB Stuttgart,90,5.6,,0,,,21,18.0,,,,,,0,0,,
399,Alexander Nübel,VfB Stuttgart,G,VfB Stuttgart vs Borussia Mönchengladbach,90,8.6,,0,,,50,42.0,,,,,,0,0,,
399,Alexander Nübel,VfB Stuttgart,G,SC Freiburg vs VfB Stuttgart,90,6.3,,0,,,45,32.0,,,,,,0,0,,
399,Alexander Nübel,VfB Stuttgart,G,VfB Stuttgart vs FC St. Pauli,90,7.5,,0,,,24,18.0,,,,,,0,0,,
399,Alexander Nübel,VfB Stuttgart,G,1. FC Köln vs VfB Stuttgart,90,6.3,,0,,,28,25.0,,,,,,0,0,,
399,Alexander Nübel,VfB Stuttgart,G,VfB Stuttgart vs 1. FC Heidenheim,90,7,,0,,,38,30.0,,,,,,0,0,,
399,Alexander Nübel,VfB Stuttgart,G,VfL Wolfsburg vs VfB Stuttgart,90,7.9,,0,,,33,27.0,,,,,,0,0,,
399,Alexander Nübel,VfB Stuttgart,G,VfB Stuttgart vs FSV Mainz 05,90,7.9,,1,,,32,24.0,,,,,1.0,0,0,1.0,1.0
399,Alexander Nübel,VfB Stuttgart,G,RB Leipzig vs VfB Stuttgart,90,7.5,,0,,,26,22.0,,,,,,0,0,,
399,Alexander Nübel,VfB Stuttgart,G,VfB Stuttgart vs FC Augsburg,90,6.5,,0,,,43,33.0,,,,,,0,0,,
399,Alexander Nübel,VfB Stuttgart,G,Borussia Dortmund vs VfB Stuttgart,90,6.9,,0,,,34,18.0,,,,,,0,0,,
399,Alexander Nübel,VfB Stuttgart,G,Hamburger SV vs VfB Stuttgart,90,6,,0,,,21,18.0,,,,,,0,0,1.0,1.0
399,Alexander Nübel,VfB Stuttgart,G,VfB Stuttgart vs Bayern München,90,5.9,,0,,,47,27.0,,,,,1.0,0,0,2.0,2.0
399,Alexander Nübel,VfB Stuttgart,G,Werder Bremen vs VfB Stuttgart,90,8.3,,0,,,31,25.0,,,1.0,,,0,0,,
399,Alexander Nübel,VfB Stuttgart,G,VfB Stuttgart vs 1899 Hoffenheim,90,7.5,,0,,,39,28.0,,,,,,0,0,,
399,Alexander Nübel,VfB Stuttgart,G,Bayer Leverkusen vs VfB Stuttgart,90,8.2,,0,,,35,26.0,,,,,1.0,0,0,2.0,2.0
399,Alexander Nübel,VfB Stuttgart,G,VfB Stuttgart vs Eintracht Frankfurt,90,7.3,,0,,,39,30.0,,,,,1.0,0,0,1.0,1.0
399,Alexander Nübel,VfB Stuttgart,G,VfB Stuttgart vs Union Berlin,90,6.9,,0,,,39,30.0,,,,,,0,0,,
399,Alexander Nübel,VfB Stuttgart,G,Borussia Mönchengladbach vs VfB Stuttgart,90,7.9,,0,,,29,24.0,,,,,1.0,0,0,1.0,1.0
399,Alexander Nübel,VfB Stuttgart,G,VfB Stuttgart vs SC Freiburg,90,7.7,,0,,,32,28.0,,,,,,0,0,,
399,Alexander Nübel,VfB Stuttgart,G,FC St. Pauli vs VfB Stuttgart,90,7.9,,0,,,36,30.0,,,,,,0,0,,
399,Alexander Nübel,VfB Stuttgart,G,VfB Stuttgart vs 1. FC Köln,90,7.2,,0,,,36,29.0,,,,,,0,0,,
399,Alexander Nübel,VfB Stuttgart,G,1. FC Heidenheim vs VfB Stuttgart,90,7.2,,0,,,40,25.0,,,,,,0,0,,
24868,Josha Vagnoman,VfB Stuttgart,D,Union Berlin vs VfB Stuttgart,71,5.9,,0,1.0,,30,28.0,,1.0,,2.0,2.0,1,0,5.0,13.0
24868,Josha Vagnoman,VfB Stuttgart,D,VfB Stuttgart vs Borussia Mönchengladbach,90,6.9,,0,1.0,1.0,32,28.0,,,1.0,1.0,1.0,0,0,1.0,4.0
24868,Josha Vagnoman,VfB Stuttgart,D,SC Freiburg vs VfB Stuttgart,89,6,,0,1.0,1.0,26,20.0,,2.0,,1.0,,0,0,3.0,8.0
24868,Josha Vagnoman,VfB Stuttgart,D,1. FC Köln vs VfB Stuttgart,90,7.7,1.0,0,2.0,2.0,50,40.0,,3.0,,2.0,1.0,0,0,5.0,7.0
24868,Josha Vagnoman,VfB Stuttgart,D,VfL Wolfsburg vs VfB Stuttgart,12,6.9,,0,,,2,2.0,,2.0,,,1.0,0,0,3.0,4.0
24868,Josha Vagnoman,VfB Stuttgart,D,VfB Stuttgart vs FSV Mainz 05,90,7,,1,1.0,,30,24.0,,4.0,,3.0,1.0,0,0,7.0,13.0
24868,Josha Vagnoman,VfB Stuttgart,D,RB Leipzig vs VfB Stuttgart,90,6.2,,0,,,47,39.0,,3.0,,,,0,0,5.0,7.0
24868,Josha Vagnoman,VfB Stuttgart,D,Hamburger SV vs VfB Stuttgart,90,6.3,,0,,,25,24.0,,2.0,,1.0,1.0,1,0,4.0,7.0
24868,Josha Vagnoman,VfB Stuttgart,D,VfB Stuttgart vs Bayern München,74,6.2,,0,1.0,,24,19.0,,2.0,,,,0,0,3.0,6.0
24868,Josha Vagnoman,VfB Stuttgart,D,Werder Bremen vs VfB Stuttgart,90,6.5,,0,1.0,1.0,36,29.0,,2.0,,1.0,,0,0,4.0,9.0
24868,Josha Vagnoman,VfB Stuttgart,D,VfB Stuttgart vs 1899 Hoffenheim,90,6.7,,0,,,37,28.0,,1.0,2.0,1.0,,0,0,2.0,6.0
24868,Josha Vagnoman,VfB Stuttgart,D,Bayer Leverkusen vs VfB Stuttgart,79,6.6,,0,2.0,2.0,21,19.0,,,,1.0,1.0,0,0,2.0,3.0
24868,Josha Vagnoman,VfB Stuttgart,D,VfB Stuttgart vs Eintracht Frankfurt,90,7.3,,2,1.0,1.0,40,36.0,,,,,1.0,0,0,1.0,4.0
24868,Josha Vagnoman,VfB Stuttgart,D,VfB Stuttgart vs Union Berlin,89,6.2,,0,4.0,2.0,32,28.0,,1.0,,1.0,,1,0,2.0,9.0
24868,Josha Vagnoman,VfB Stuttgart,D,Borussia Mönchengladbach vs VfB Stuttgart,90,6.9,,0,1.0,,34,26.0,,2.0,,1.0,1.0,0,0,4.0,7.0
24868,Josha Vagnoman,VfB Stuttgart,D,VfB Stuttgart vs SC Freiburg,90,7.2,,0,2.0,1.0,34,30.0,,2.0,,,3.0,0,0,6.0,11.0
24868,Josha Vagnoman,VfB Stuttgart,D,FC St. Pauli vs VfB Stuttgart,69,6,,0,,,35,27.0,,1.0,,2.0,1.0,0,0,5.0,9.0
24868,Josha Vagnoman,VfB Stuttgart,D,VfB Stuttgart vs 1. FC Köln,13,6.2,,0,,,4,3.0,,,,,,0,0,,
24868,Josha Vagnoman,VfB Stuttgart,D,1. FC Heidenheim vs VfB Stuttgart,12,6.3,,0,,,8,5.0,,,,,,0,0,,
349344,Luca Jaquez,VfB Stuttgart,D,Union Berlin vs VfB Stuttgart,89,6.9,,0,,,98,88.0,,2.0,,1.0,1.0,0,0,8.0,15.0
349344,Luca Jaquez,VfB Stuttgart,D,1. FC Köln vs VfB Stuttgart,86,7.3,,0,,,68,62.0,,2.0,2.0,,,1,0,3.0,4.0
349344,Luca Jaquez,VfB Stuttgart,D,VfB Stuttgart vs 1. FC Heidenheim,56,6.9,,0,1.0,,70,63.0,,,1.0,,,0,0,,
349344,Luca Jaquez,VfB Stuttgart,D,VfL Wolfsburg vs VfB Stuttgart,90,7.3,,0,,,66,59.0,,1.0,,,,0,0,1.0,2.0
349344,Luca Jaquez,VfB Stuttgart,D,RB Leipzig vs VfB Stuttgart,90,6.2,,1,1.0,,71,68.0,,,2.0,1.0,,0,0,,2.0
38112,Jeff Chabot,VfB Stuttgart,D,Union Berlin vs VfB Stuttgart,82,7.9,,0,2.0,1.0,90,83.0,,,1.0,,5.0,0,0,11.0,13.0
38112,Jeff Chabot,VfB Stuttgart,D,SC Freiburg vs VfB Stuttgart,90,7.2,,0,,,60,53.0,,,3.0,,,0,0,11.0,13.0
38112,Jeff Chabot,VfB Stuttgart,D,VfB Stuttgart vs FC St. Pauli,90,8.3,,0,,,76,67.0,,4.0,5.0,,4.0,0,0,11.0,13.0
38112,Jeff Chabot,VfB Stuttgart,D,1. FC Köln vs VfB Stuttgart,90,6.6,,0,,,71,64.0,,,,3.0,1.0,0,0,2.0,7.0
38112,Jeff Chabot,VfB Stuttgart,D,VfB Stuttgart vs 1. FC Heidenheim,90,8.3,,0,2.0,2.0,106,97.0,,1.0,3.0,1.0,4.0,0,0,9.0,16.0
38112,Jeff Chabot,VfB Stuttgart,D,VfL Wolfsburg vs VfB Stuttgart,90,7.2,,0,2.0,1.0,81,62.0,,3.0,,3.0,,0,0,9.0,15.0
38112,Jeff Chabot,VfB Stuttgart,D,VfB Stuttgart vs FSV Mainz 05,15,7,,0,,,5,5.0,,1.0,,,1.0,0,0,3.0,3.0
38112,Jeff Chabot,VfB Stuttgart,D,RB Leipzig vs VfB Stuttgart,90,6.2,,0,,,87,78.0,,,1.0,3.0,,0,0,6.0,9.0
38112,Jeff Chabot,VfB Stuttgart,D,Borussia Dortmund vs VfB Stuttgart,90,7,,0,1.0,,55,51.0,,,,1.0,3.0,0,0,10.0,12.0
38112,Jeff Chabot,VfB Stuttgart,D,Hamburger SV vs VfB Stuttgart,90,6.9,,0,,,90,84.0,,,,2.0,2.0,0,0,6.0,8.0
38112,Jeff Chabot,VfB Stuttgart,D,Werder Bremen vs VfB Stuttgart,90,7.3,,0,1.0,,81,75.0,,1.0,,2.0,1.0,0,0,5.0,13.0
38112,Jeff Chabot,VfB Stuttgart,D,VfB Stuttgart vs 1899 Hoffenheim,90,7.2,,0,1.0,,31,24.0,,1.0,3.0,,1.0,0,0,6.0,10.0
38112,Jeff Chabot,VfB Stuttgart,D,Bayer Leverkusen vs VfB Stuttgart,90,6.2,,0,,,57,51.0,,2.0,3.0,3.0,1.0,0,0,3.0,7.0
38112,Jeff Chabot,VfB Stuttgart,D,VfB Stuttgart vs Eintracht Frankfurt,74,6.3,,0,1.0,,60,48.0,,,3.0,2.0,2.0,1,0,6.0,11.0
38112,Jeff Chabot,VfB Stuttgart,D,VfB Stuttgart vs Union Berlin,90,7.9,,0,,,68,63.0,,2.0,,2.0,2.0,0,0,12.0,19.0
38112,Jeff Chabot,VfB Stuttgart,D,Borussia Mönchengladbach vs VfB Stuttgart,90,8.2,,0,,,74,65.0,,2.0,1.0,,1.0,0,0,6.0,6.0
38112,Jeff Chabot,VfB Stuttgart,D,VfB Stuttgart vs SC Freiburg,90,7.5,,0,1.0,,79,63.0,,1.0,2.0,,3.0,0,0,9.0,17.0
38112,Jeff Chabot,VfB Stuttgart,D,VfB Stuttgart vs 1. FC Köln,90,7.3,,0,,,68,62.0,,1.0,,1.0,2.0,1,0,10.0,12.0
38112,Jeff Chabot,VfB Stuttgart,D,1. FC Heidenheim vs VfB Stuttgart,90,6.3,,0,1.0,1.0,66,58.0,,2.0,1.0,,,0,0,4.0,7.0
25342,Maximilian Mittelstädt,VfB Stuttgart,D,Union Berlin vs VfB Stuttgart,90,7.3,,0,2.0,1.0,96,82.0,,2.0,1.0,1.0,,0,0,3.0,5.0
25342,Maximilian Mittelstädt,VfB Stuttgart,D,VfB Stuttgart vs Borussia Mönchengladbach,74,7.2,,0,,,54,49.0,,2.0,2.0,1.0,1.0,1,0,3.0,5.0
25342,Maximilian Mittelstädt,VfB Stuttgart,D,SC Freiburg vs VfB Stuttgart,76,7.3,,0,,,43,38.0,,,2.0,,,0,0,4.0,5.0
25342,Maximilian Mittelstädt,VfB Stuttgart,D,VfB Stuttgart vs FC St. Pauli,84,7.7,,0,1.0,,57,52.0,,,4.0,,1.0,0,0,3.0,3.0
25342,Maximilian Mittelstädt,VfB Stuttgart,D,1. FC Köln vs VfB Stuttgart,29,6.9,,0,1.0,,9,8.0,,,,,1.0,0,0,1.0,1.0
25342,Maximilian Mittelstädt,VfB Stuttgart,D,VfB Stuttgart vs 1. FC Heidenheim,90,7.7,,1,1.0,,57,52.0,,5.0,1.0,,2.0,0,0,8.0,13.0
25342,Maximilian Mittelstädt,VfB Stuttgart,D,VfL Wolfsburg vs VfB Stuttgart,78,7.9,1.0,0,3.0,3.0,35,29.0,,2.0,1.0,1.0,2.0,1,0,4.0,7.0
25342,Maximilian Mittelstädt,VfB Stuttgart,D,RB Leipzig vs VfB Stuttgart,58,6.3,,0,1.0,1.0,33,26.0,,1.0,2.0,,1.0,0,0,2.0,6.0
25342,Maximilian Mittelstädt,VfB Stuttgart,D,VfB Stuttgart vs FC Augsburg,90,7.3,1.0,0,1.0,1.0,58,48.0,,5.0,,,2.0,0,0,9.0,13.0
25342,Maximilian Mittelstädt,VfB Stuttgart,D,Borussia Dortmund vs VfB Stuttgart,80,6.3,,1,,,45,38.0,,1.0,3.0,,,0,0,3.0,6.0
25342,Maximilian Mittelstädt,VfB Stuttgart,D,Hamburger SV vs VfB Stuttgart,9,6.2,,0,,,7,7.0,,,,,,0,0,,2.0
25342,Maximilian Mittelstädt,VfB Stuttgart,D,VfB Stuttgart vs Bayern München,90,6.5,,0,1.0,,27,23.0,,3.0,1.0,1.0,3.0,0,0,10.0,13.0
25342,Maximilian Mittelstädt,VfB Stuttgart,D,Werder Bremen vs VfB Stuttgart,8,7.2,,1,,,10,9.0,,,,,,0,0,,
25342,Maximilian Mittelstädt,VfB Stuttgart,D,VfB Stuttgart vs 1899 Hoffenheim,90,7.2,,0,1.0,1.0,41,31.0,,1.0,2.0,1.0,,0,0,2.0,5.0
25342,Maximilian Mittelstädt,VfB Stuttgart,D,Bayer Leverkusen vs VfB Stuttgart,90,7.7,1.0,0,1.0,1.0,36,26.0,,5.0,,,,0,0,6.0,8.0
25342,Maximilian Mittelstädt,VfB Stuttgart,D,VfB Stuttgart vs Eintracht Frankfurt,89,7.3,,0,1.0,,43,34.0,,4.0,4.0,1.0,1.0,0,0,9.0,14.0
25342,Maximilian Mittelstädt,VfB Stuttgart,D,VfB Stuttgart vs Union Berlin,90,7,,0,1.0,,43,37.0,,4.0,1.0,,1.0,0,0,7.0,11.0
25342,Maximilian Mittelstädt,VfB Stuttgart,D,Borussia Mönchengladbach vs VfB Stuttgart,17,6.9,,0,1.0,1.0,10,9.0,,3.0,1.0,,,0,0,3.0,4.0
25342,Maximilian Mittelstädt,VfB Stuttgart,D,VfB Stuttgart vs SC Freiburg,31,7.3,,0,,,19,19.0,,4.0,,,,1,0,4.0,4.0
25342,Maximilian Mittelstädt,VfB Stuttgart,D,FC St. Pauli vs VfB Stuttgart,90,7.3,,0,,,76,69.0,,2.0,2.0,1.0,2.0,0,0,5.0,7.0
25342,Maximilian Mittelstädt,VfB Stuttgart,D,VfB Stuttgart vs 1. FC Köln,77,7.9,,0,,,48,42.0,,6.0,1.0,,,0,0,9.0,11.0
25342,Maximilian Mittelstädt,VfB Stuttgart,D,1. FC Heidenheim vs VfB Stuttgart,90,6.3,1.0,0,2.0,1.0,60,50.0,,1.0,2.0,1.0,,0,0,5.0,9.0
24963,Atakan Karazor,VfB Stuttgart,M,Union Berlin vs VfB Stuttgart,82,7,,0,2.0,1.0,48,44.0,,3.0,,,1.0,0,0,7.0,10.0
24963,Atakan Karazor,VfB Stuttgart,M,VfB Stuttgart vs Borussia Mönchengladbach,64,6.6,,0,,,46,43.0,,,,,,0,0,1.0,5.0
24963,Atakan Karazor,VfB Stuttgart,M,SC Freiburg vs VfB Stuttgart,89,7.3,,0,,,48,38.0,,1.0,2.0,1.0,2.0,0,0,9.0,12.0
24963,Atakan Karazor,VfB Stuttgart,M,1. FC Köln vs VfB Stuttgart,90,6.2,,0,,,33,27.0,,1.0,,3.0,2.0,0,0,3.0,11.0
24963,Atakan Karazor,VfB Stuttgart,M,VfB Stuttgart vs 1. FC Heidenheim,57,6.9,,0,,,42,34.0,,1.0,,1.0,,0,0,2.0,3.0
24963,Atakan Karazor,VfB Stuttgart,M,VfL Wolfsburg vs VfB Stuttgart,13,6.6,,0,,,6,6.0,,,,,,0,0,,
24963,Atakan Karazor,VfB Stuttgart,M,RB Leipzig vs VfB Stuttgart,88,6.9,,0,,,41,36.0,,3.0,1.0,,2.0,0,0,7.0,10.0
24963,Atakan Karazor,VfB Stuttgart,M,VfB Stuttgart vs FC Augsburg,74,5.3,,0,,,32,26.0,,2.0,2.0,3.0,,0,0,3.0,10.0
24963,Atakan Karazor,VfB Stuttgart,M,Werder Bremen vs VfB Stuttgart,90,7.3,,0,1.0,1.0,65,57.0,,4.0,2.0,,2.0,0,0,11.0,14.0
24963,Atakan Karazor,VfB Stuttgart,M,VfB Stuttgart vs 1899 Hoffenheim,90,7.2,,0,1.0,,20,14.0,,2.0,1.0,1.0,4.0,1,0,11.0,17.0
24963,Atakan Karazor,VfB Stuttgart,M,Bayer Leverkusen vs VfB Stuttgart,90,6.3,,0,,,44,32.0,,1.0,2.0,1.0,,0,0,3.0,8.0
24963,Atakan Karazor,VfB Stuttgart,M,VfB Stuttgart vs Eintracht Frankfurt,90,6.6,,0,,,42,38.0,,4.0,,2.0,,0,0,7.0,11.0
24963,Atakan Karazor,VfB Stuttgart,M,VfB Stuttgart vs Union Berlin,90,7.3,,0,,,51,38.0,,1.0,,,4.0,0,0,10.0,11.0
24963,Atakan Karazor,VfB Stuttgart,M,Borussia Mönchengladbach vs VfB Stuttgart,90,6.7,,0,,,70,61.0,,,,1.0,1.0,1,0,3.0,4.0
24963,Atakan Karazor,VfB Stuttgart,M,VfB Stuttgart vs SC Freiburg,77,6.6,,0,,,36,32.0,,1.0,,1.0,,1,0,3.0,7.0
24963,Atakan Karazor,VfB Stuttgart,M,FC St. Pauli vs VfB Stuttgart,85,6.7,,0,,,48,42.0,,,2.0,,1.0,0,0,2.0,2.0
24963,Atakan Karazor,VfB Stuttgart,M,VfB Stuttgart vs 1. FC Köln,90,6.9,,0,,,58,50.0,,2.0,,,1.0,0,0,4.0,7.0
24963,Atakan Karazor,VfB Stuttgart,M,1. FC Heidenheim vs VfB Stuttgart,12,6.7,,0,,,17,17.0,,,,1.0,,0,0,1.0,2.0
137210,Angelo Stiller,VfB Stuttgart,M,Union Berlin vs VfB Stuttgart,90,6.9,,0,,,99,91.0,,1.0,,,,0,0,1.0,2.0
137210,Angelo Stiller,VfB Stuttgart,M,VfB Stuttgart vs Borussia Mönchengladbach,90,7.6,,0,,,65,62.0,,2.0,1.0,,2.0,0,0,6.0,7.0
137210,Angelo Stiller,VfB Stuttgart,M,SC Freiburg vs VfB Stuttgart,90,6.3,,0,,,52,44.0,,1.0,1.0,1.0,1.0,0,0,3.0,8.0
137210,Angelo Stiller,VfB Stuttgart,M,VfB Stuttgart vs FC St. Pauli,90,6.3,,0,2.0,2.0,76,69.0,,1.0,2.0,3.0,2.0,0,0,8.0,15.0
137210,Angelo Stiller,VfB Stuttgart,M,1. FC Köln vs VfB Stuttgart,90,7.3,,1,,,67,60.0,,,,,,0,0,1.0,5.0
137210,Angelo Stiller,VfB Stuttgart,M,VfB Stuttgart vs 1. FC Heidenheim,33,7.2,,0,,,36,31.0,,1.0,,1.0,2.0,0,0,4.0,5.0
137210,Angelo Stiller,VfB Stuttgart,M,VfL Wolfsburg vs VfB Stuttgart,85,8.9,1.0,1,1.0,1.0,92,82.0,,1.0,1.0,,,0,0,2.0,4.0
137210,Angelo Stiller,VfB Stuttgart,M,VfB Stuttgart vs FSV Mainz 05,28,6.9,,0,,,20,18.0,,,,,1.0,0,0,2.0,4.0
137210,Angelo Stiller,VfB Stuttgart,M,RB Leipzig vs VfB Stuttgart,90,7.2,,0,,,72,67.0,,2.0,3.0,,1.0,0,0,5.0,8.0
137210,Angelo Stiller,VfB Stuttgart,M,VfB Stuttgart vs FC Augsburg,90,7.5,,1,,,67,54.0,,1.0,,1.0,2.0,0,0,6.0,9.0
137210,Angelo Stiller,VfB Stuttgart,M,Borussia Dortmund vs VfB Stuttgart,89,6.9,,0,,,93,81.0,,,2.0,,2.0,0,0,2.0,4.0
137210,Angelo Stiller,VfB Stuttgart,M,Hamburger SV vs VfB Stuttgart,33,6.6,,0,,,21,19.0,,2.0,,,,0,0,2.0,3.0
137210,Angelo Stiller,VfB Stuttgart,M,VfB Stuttgart vs Bayern München,90,6.9,,0,,,66,57.0,,2.0,,1.0,1.0,0,0,3.0,8.0
137210,Angelo Stiller,VfB Stuttgart,M,Werder Bremen vs VfB Stuttgart,90,7.3,,0,,,105,95.0,,1.0,3.0,,1.0,0,0,3.0,5.0
137210,Angelo Stiller,VfB Stuttgart,M,VfB Stuttgart vs 1899 Hoffenheim,90,7,,0,,,55,38.0,,1.0,,1.0,3.0,1,0,6.0,9.0
137210,Angelo Stiller,VfB Stuttgart,M,Bayer Leverkusen vs VfB Stuttgart,90,7.3,,0,,,54,46.0,,1.0,1.0,1.0,3.0,0,0,5.0,9.0
137210,Angelo Stiller,VfB Stuttgart,M,VfB Stuttgart vs Eintracht Frankfurt,90,7.2,,0,1.0,1.0,69,58.0,,4.0,2.0,,1.0,0,0,8.0,8.0
137210,Angelo Stiller,VfB Stuttgart,M,VfB Stuttgart vs Union Berlin,89,6.9,,0,1.0,,67,63.0,,1.0,,,1.0,0,0,3.0,9.0
137210,Angelo Stiller,VfB Stuttgart,M,Borussia Mönchengladbach vs VfB Stuttgart,79,7.2,,1,,,72,66.0,,1.0,1.0,1.0,2.0,0,0,4.0,8.0
137210,Angelo Stiller,VfB Stuttgart,M,VfB Stuttgart vs SC Freiburg,90,7.2,,0,,,88,78.0,,1.0,1.0,2.0,1.0,0,0,3.0,9.0
137210,Angelo Stiller,VfB Stuttgart,M,FC St. Pauli vs VfB Stuttgart,90,7.3,,0,,,106,91.0,,2.0,,,1.0,0,0,5.0,9.0
137210,Angelo Stiller,VfB Stuttgart,M,VfB Stuttgart vs 1. FC Köln,13,7.5,,1,,,4,4.0,,1.0,,,,0,0,2.0,2.0
137210,Angelo Stiller,VfB Stuttgart,M,1. FC Heidenheim vs VfB Stuttgart,78,6.9,,0,,,81,67.0,,1.0,1.0,,1.0,0,0,4.0,6.0
158054,Nick Woltemade,VfB Stuttgart,M,Union Berlin vs VfB Stuttgart,90,6.3,,0,,,9,5.0,,1.0,,1.0,3.0,0,0,5.0,14.0
26475,Deniz Undav,VfB Stuttgart,M,Union Berlin vs VfB Stuttgart,90,6.2,,0,3.0,,39,36.0,,2.0,,2.0,1.0,1,0,5.0,11.0
26475,Deniz Undav,VfB Stuttgart,M,VfB Stuttgart vs Borussia Mönchengladbach,14,6.3,,0,,,2,2.0,,,,,,0,0,,1.0
26475,Deniz Undav,VfB Stuttgart,M,VfL Wolfsburg vs VfB Stuttgart,23,6.3,,0,1.0,,8,7.0,,,,,,0,0,,1.0
26475,Deniz Undav,VfB Stuttgart,M,VfB Stuttgart vs FSV Mainz 05,90,8.2,1.0,0,3.0,3.0,24,15.0,,1.0,1.0,,1.0,0,0,3.0,8.0
26475,Deniz Undav,VfB Stuttgart,M,RB Leipzig vs VfB Stuttgart,77,5.7,,0,4.0,1.0,17,11.0,,,,2.0,1.0,1,0,2.0,12.0
26475,Deniz Undav,VfB Stuttgart,M,VfB Stuttgart vs FC Augsburg,89,8.2,2.0,0,3.0,3.0,23,14.0,,,,2.0,,0,0,2.0,9.0
26475,Deniz Undav,VfB Stuttgart,M,Borussia Dortmund vs VfB Stuttgart,90,9.2,3.0,0,5.0,3.0,24,18.0,,1.0,,3.0,1.0,0,0,2.0,9.0
26475,Deniz Undav,VfB Stuttgart,M,Hamburger SV vs VfB Stuttgart,50,6.6,1.0,0,3.0,1.0,8,6.0,,,,1.0,,1,0,1.0,5.0
26475,Deniz Undav,VfB Stuttgart,M,VfB Stuttgart vs Bayern München,89,6.2,,0,3.0,1.0,14,9.0,,,,1.0,,0,0,2.0,3.0
26475,Deniz Undav,VfB Stuttgart,M,Werder Bremen vs VfB Stuttgart,89,6.9,1.0,0,8.0,4.0,13,11.0,,,,1.0,,0,0,1.0,7.0
26475,Deniz Undav,VfB Stuttgart,M,VfB Stuttgart vs 1899 Hoffenheim,90,6.7,,0,1.0,,19,13.0,,1.0,,2.0,1.0,0,0,4.0,11.0
26475,Deniz Undav,VfB Stuttgart,M,Bayer Leverkusen vs VfB Stuttgart,88,8.3,1.0,2,4.0,2.0,11,10.0,,,2.0,1.0,1.0,0,0,1.0,8.0
26475,Deniz Undav,VfB Stuttgart,M,VfB Stuttgart vs Eintracht Frankfurt,90,8.2,1.0,0,5.0,4.0,31,25.0,,,,,1.0,0,0,2.0,8.0
26475,Deniz Undav,VfB Stuttgart,M,VfB Stuttgart vs Union Berlin,90,7,,0,4.0,1.0,31,23.0,,,1.0,1.0,,0,0,3.0,6.0
26475,Deniz Undav,VfB Stuttgart,M,Borussia Mönchengladbach vs VfB Stuttgart,29,7.5,1.0,0,1.0,1.0,10,8.0,,2.0,,,,0,0,2.0,4.0
26475,Deniz Undav,VfB Stuttgart,M,VfB Stuttgart vs SC Freiburg,89,6.2,,1,8.0,3.0,15,9.0,,,,3.0,,0,0,4.0,12.0
26475,Deniz Undav,VfB Stuttgart,M,FC St. Pauli vs VfB Stuttgart,90,6.2,,1,1.0,,29,18.0,,2.0,,2.0,,1,0,4.0,8.0
26475,Deniz Undav,VfB Stuttgart,M,VfB Stuttgart vs 1. FC Köln,90,8.2,1.0,0,4.0,2.0,27,21.0,,3.0,,,3.0,0,0,7.0,12.0
26475,Deniz Undav,VfB Stuttgart,M,1. FC Heidenheim vs VfB Stuttgart,38,7,1.0,0,3.0,3.0,19,11.0,,,,,1.0,0,0,2.0,3.0
128533,Jamie Leweling,VfB Stuttgart,M,Union Berlin vs VfB Stuttgart,90,6.9,,0,1.0,1.0,37,31.0,,,,1.0,5.0,1,0,5.0,9.0
128533,Jamie Leweling,VfB Stuttgart,M,VfB Stuttgart vs Borussia Mönchengladbach,90,7,,1,2.0,1.0,29,22.0,,,2.0,1.0,2.0,1,0,5.0,13.0
128533,Jamie Leweling,VfB Stuttgart,M,SC Freiburg vs VfB Stuttgart,90,6.6,,1,1.0,,18,16.0,,,2.0,,1.0,0,0,2.0,7.0
128533,Jamie Leweling,VfB Stuttgart,M,VfB Stuttgart vs FC St. Pauli,89,7.5,,1,,,20,17.0,,,,,1.0,0,0,2.0,7.0
128533,Jamie Leweling,VfB Stuttgart,M,1. FC Köln vs VfB Stuttgart,19,6.3,,0,,,4,2.0,,,,1.0,,0,0,1.0,3.0
128533,Jamie Leweling,VfB Stuttgart,M,VfB Stuttgart vs 1. FC Heidenheim,89,7.5,,0,3.0,1.0,42,34.0,,1.0,1.0,,2.0,0,0,6.0,6.0
128533,Jamie Leweling,VfB Stuttgart,M,VfB Stuttgart vs FSV Mainz 05,72,7.3,,0,1.0,1.0,12,9.0,,,,,4.0,0,0,6.0,7.0
128533,Jamie Leweling,VfB Stuttgart,M,RB Leipzig vs VfB Stuttgart,13,6.3,,0,,,2,2.0,,,,1.0,,0,0,,1.0
128533,Jamie Leweling,VfB Stuttgart,M,VfB Stuttgart vs FC Augsburg,90,6.2,,0,,,24,19.0,,,1.0,,1.0,0,0,2.0,10.0
128533,Jamie Leweling,VfB Stuttgart,M,Borussia Dortmund vs VfB Stuttgart,89,6.2,,0,1.0,1.0,29,25.0,,1.0,1.0,,,0,0,4.0,12.0
128533,Jamie Leweling,VfB Stuttgart,M,Hamburger SV vs VfB Stuttgart,45,6.9,,0,2.0,1.0,15,11.0,,1.0,1.0,,3.0,0,0,4.0,7.0
128533,Jamie Leweling,VfB Stuttgart,M,VfB Stuttgart vs Bayern München,89,6.5,,0,1.0,,20,14.0,,,,1.0,2.0,1,0,6.0,10.0
128533,Jamie Leweling,VfB Stuttgart,M,Werder Bremen vs VfB Stuttgart,82,9.2,1.0,2,2.0,2.0,32,23.0,,4.0,2.0,,3.0,0,0,7.0,8.0
128533,Jamie Leweling,VfB Stuttgart,M,VfB Stuttgart vs 1899 Hoffenheim,90,6.3,,0,1.0,,24,13.0,,1.0,,,1.0,0,0,2.0,7.0
128533,Jamie Leweling,VfB Stuttgart,M,Bayer Leverkusen vs VfB Stuttgart,79,8.3,2.0,0,2.0,2.0,14,10.0,,,2.0,2.0,1.0,1,0,1.0,4.0
128533,Jamie Leweling,VfB Stuttgart,M,VfB Stuttgart vs Eintracht Frankfurt,89,7.2,,0,2.0,2.0,24,15.0,,1.0,,,3.0,0,0,9.0,11.0
128533,Jamie Leweling,VfB Stuttgart,M,VfB Stuttgart vs Union Berlin,90,6.3,,0,,,24,17.0,,1.0,,,1.0,0,0,3.0,9.0
128533,Jamie Leweling,VfB Stuttgart,M,Borussia Mönchengladbach vs VfB Stuttgart,61,7.6,1.0,0,2.0,1.0,36,29.0,,3.0,,2.0,,0,0,5.0,10.0
128533,Jamie Leweling,VfB Stuttgart,M,VfB Stuttgart vs SC Freiburg,90,6.5,,0,,,24,19.0,,1.0,,2.0,,0,0,3.0,8.0
128533,Jamie Leweling,VfB Stuttgart,M,FC St. Pauli vs VfB Stuttgart,45,7.7,1.0,0,1.0,1.0,16,9.0,,,,,,0,0,,1.0
128533,Jamie Leweling,VfB Stuttgart,M,VfB Stuttgart vs 1. FC Köln,84,6.2,,1,,,29,22.0,,,,2.0,1.0,0,0,1.0,8.0
128533,Jamie Leweling,VfB Stuttgart,M,1. FC Heidenheim vs VfB Stuttgart,24,7.2,,0,,,7,5.0,,,,,1.0,0,0,2.0,2.0
46930,Ermedin Demirović,VfB Stuttgart,F,Union Berlin vs VfB Stuttgart,65,6,,0,1.0,,11,9.0,,,1.0,3.0,,1,0,,7.0
46930,Ermedin Demirović,VfB Stuttgart,F,VfB Stuttgart vs Borussia Mönchengladbach,90,6.2,,0,,,12,10.0,,1.0,,,1.0,0,0,2.0,8.0
46930,Ermedin Demirović,VfB Stuttgart,F,SC Freiburg vs VfB Stuttgart,76,7.3,1.0,0,2.0,1.0,13,10.0,,,,3.0,3.0,0,0,4.0,11.0
46930,Ermedin Demirović,VfB Stuttgart,F,VfB Stuttgart vs FC St. Pauli,84,7.6,1.0,1,2.0,2.0,11,7.0,,,,4.0,,0,0,2.0,8.0
46930,Ermedin Demirović,VfB Stuttgart,F,1. FC Köln vs VfB Stuttgart,90,6.6,1.0,0,2.0,1.0,12,8.0,,1.0,,2.0,3.0,0,0,7.0,17.0
46930,Ermedin Demirović,VfB Stuttgart,F,VfB Stuttgart vs 1. FC Heidenheim,90,6,,0,,,11,8.0,,,,4.0,,0,0,1.0,7.0
46930,Ermedin Demirović,VfB Stuttgart,F,Bayer Leverkusen vs VfB Stuttgart,2,,,0,,,1,,,1.0,,,,0,0,2.0,2.0
46930,Ermedin Demirović,VfB Stuttgart,F,VfB Stuttgart vs Eintracht Frankfurt,59,7.7,1.0,0,1.0,1.0,9,7.0,,,,1.0,1.0,0,0,2.0,7.0
46930,Ermedin Demirović,VfB Stuttgart,F,VfB Stuttgart vs Union Berlin,15,6.3,,0,,,6,5.0,,,,,,0,0,1.0,1.0
46930,Ermedin Demirović,VfB Stuttgart,F,Borussia Mönchengladbach vs VfB Stuttgart,61,6.3,,0,2.0,2.0,10,6.0,,1.0,,,1.0,0,0,6.0,9.0
46930,Ermedin Demirović,VfB Stuttgart,F,VfB Stuttgart vs SC Freiburg,13,7.3,1.0,0,1.0,1.0,1,1.0,,,,1.0,,1,0,,2.0
46930,Ermedin Demirović,VfB Stuttgart,F,FC St. Pauli vs VfB Stuttgart,85,6.7,,0,,,11,8.0,,,,1.0,3.0,1,0,5.0,8.0
46930,Ermedin Demirović,VfB Stuttgart,F,VfB Stuttgart vs 1. FC Köln,90,9.2,2.0,0,3.0,2.0,16,11.0,,2.0,,2.0,2.0,1,0,9.0,12.0
46930,Ermedin Demirović,VfB Stuttgart,F,1. FC Heidenheim vs VfB Stuttgart,90,5.7,,0,1.0,1.0,16,11.0,,1.0,,,2.0,0,0,3.0,15.0
265363,Tiago Tomás,VfB Stuttgart,F,Union Berlin vs VfB Stuttgart,25,7.3,1.0,0,1.0,1.0,5,4.0,,1.0,,1.0,2.0,0,0,3.0,6.0
265363,Tiago Tomás,VfB Stuttgart,F,VfB Stuttgart vs Borussia Mönchengladbach,74,6.6,,0,4.0,2.0,23,19.0,,1.0,,1.0,3.0,0,0,4.0,8.0
265363,Tiago Tomás,VfB Stuttgart,F,SC Freiburg vs VfB Stuttgart,27,6,,0,,,10,8.0,,,,2.0,,0,0,,5.0
265363,Tiago Tomás,VfB Stuttgart,F,VfB Stuttgart vs FC St. Pauli,73,7.7,,0,,,12,10.0,,,,,4.0,0,0,10.0,15.0
265363,Tiago Tomás,VfB Stuttgart,F,1. FC Köln vs VfB Stuttgart,71,6.5,,0,3.0,1.0,24,20.0,,1.0,,1.0,1.0,0,0,2.0,4.0
265363,Tiago Tomás,VfB Stuttgart,F,VfB Stuttgart vs 1. FC Heidenheim,33,6.9,,0,1.0,,18,16.0,,,,,1.0,0,0,2.0,2.0
265363,Tiago Tomás,VfB Stuttgart,F,VfL Wolfsburg vs VfB Stuttgart,78,7.5,1.0,0,2.0,1.0,29,23.0,,2.0,,,1.0,0,0,3.0,7.0
265363,Tiago Tomás,VfB Stuttgart,F,VfB Stuttgart vs FSV Mainz 05,18,6.6,,0,,,7,5.0,,,,,1.0,1,0,2.0,3.0
265363,Tiago Tomás,VfB Stuttgart,F,RB Leipzig vs VfB Stuttgart,32,7.3,1.0,0,1.0,1.0,8,6.0,,,,,,0,0,,2.0
265363,Tiago Tomás,VfB Stuttgart,F,VfB Stuttgart vs FC Augsburg,22,6.2,,0,1.0,,8,7.0,,1.0,,,,0,0,3.0,5.0
265363,Tiago Tomás,VfB Stuttgart,F,Borussia Dortmund vs VfB Stuttgart,73,6.3,,0,2.0,1.0,27,21.0,,1.0,,2.0,4.0,0,0,9.0,17.0
265363,Tiago Tomás,VfB Stuttgart,F,VfB Stuttgart vs Bayern München,16,6.3,,0,,,3,3.0,,,1.0,,,0,0,,1.0
265363,Tiago Tomás,VfB Stuttgart,F,Werder Bremen vs VfB Stuttgart,14,6.2,,0,1.0,,3,2.0,,1.0,2.0,,,0,0,1.0,2.0
265363,Tiago Tomás,VfB Stuttgart,F,VfB Stuttgart vs 1899 Hoffenheim,70,6.5,,0,2.0,1.0,9,5.0,,,,1.0,2.0,1,0,2.0,9.0
265363,Tiago Tomás,VfB Stuttgart,F,VfB Stuttgart vs 1. FC Köln,12,6.3,,0,,,1,1.0,,,,,,0,0,,1.0
265363,Tiago Tomás,VfB Stuttgart,F,1. FC Heidenheim vs VfB Stuttgart,52,6.3,,0,,,21,18.0,,,,2.0,1.0,0,0,3.0,7.0
24798,Chris Führich,VfB Stuttgart,M,Union Berlin vs VfB Stuttgart,19,7.3,,1,1.0,1.0,15,11.0,,,,,,0,0,2.0,2.0
24798,Chris Führich,VfB Stuttgart,M,VfB Stuttgart vs Borussia Mönchengladbach,50,6.7,,0,,,36,27.0,,,,,,0,0,,2.0
24798,Chris Führich,VfB Stuttgart,M,SC Freiburg vs VfB Stuttgart,11,6.5,,0,,,3,3.0,,,,,,0,0,,1.0
24798,Chris Führich,VfB Stuttgart,M,VfB Stuttgart vs FC St. Pauli,17,6.6,,0,,,13,12.0,,1.0,,,,0,0,1.0,2.0
24798,Chris Führich,VfB Stuttgart,M,1. FC Köln vs VfB Stuttgart,71,6.3,,0,1.0,1.0,37,30.0,,1.0,,,,0,0,1.0,1.0
24798,Chris Führich,VfB Stuttgart,M,VfL Wolfsburg vs VfB Stuttgart,13,6.3,,0,,,7,6.0,,,,,,0,0,,
24798,Chris Führich,VfB Stuttgart,M,VfB Stuttgart vs FSV Mainz 05,72,7.6,1.0,0,1.0,1.0,22,14.0,,2.0,,1.0,,0,0,2.0,5.0
24798,Chris Führich,VfB Stuttgart,M,RB Leipzig vs VfB Stuttgart,58,6.7,,0,2.0,1.0,25,20.0,,1.0,,,,0,0,2.0,5.0
24798,Chris Führich,VfB Stuttgart,M,VfB Stuttgart vs FC Augsburg,16,7.5,,0,,,18,15.0,,,,,,0,0,1.0,1.0
24798,Chris Führich,VfB Stuttgart,M,Borussia Dortmund vs VfB Stuttgart,17,6.7,,1,2.0,1.0,5,5.0,,,,,,0,0,,1.0
24798,Chris Führich,VfB Stuttgart,M,Hamburger SV vs VfB Stuttgart,40,6.2,,0,,,23,18.0,,,,,,0,0,,3.0
24798,Chris Führich,VfB Stuttgart,M,VfB Stuttgart vs Bayern München,29,6.5,,0,,,8,6.0,,,,,,0,0,1.0,1.0
24798,Chris Führich,VfB Stuttgart,M,Werder Bremen vs VfB Stuttgart,14,8.2,1.0,0,2.0,2.0,19,19.0,,1.0,,1.0,,0,0,1.0,2.0
24798,Chris Führich,VfB Stuttgart,M,VfB Stuttgart vs 1899 Hoffenheim,20,6.6,,0,,,8,7.0,,,,,,0,0,,
24798,Chris Führich,VfB Stuttgart,M,Bayer Leverkusen vs VfB Stuttgart,72,7.2,,1,,,38,30.0,,,,,1.0,0,0,1.0,2.0
24798,Chris Führich,VfB Stuttgart,M,VfB Stuttgart vs Eintracht Frankfurt,75,7.9,,0,1.0,,39,31.0,,,,,1.0,0,0,8.0,10.0
24798,Chris Führich,VfB Stuttgart,M,VfB Stuttgart vs Union Berlin,76,8.2,1.0,0,1.0,1.0,38,29.0,,1.0,,,,0,0,2.0,5.0
24798,Chris Führich,VfB Stuttgart,M,Borussia Mönchengladbach vs VfB Stuttgart,29,7.5,,0,,,24,21.0,,1.0,,,,0,0,2.0,2.0
24798,Chris Führich,VfB Stuttgart,M,VfB Stuttgart vs SC Freiburg,31,7,,0,,,21,19.0,,,,,,0,0,,
24798,Chris Führich,VfB Stuttgart,M,FC St. Pauli vs VfB Stuttgart,69,6.3,,0,1.0,1.0,33,25.0,,1.0,,1.0,,0,0,3.0,5.0
24798,Chris Führich,VfB Stuttgart,M,VfB Stuttgart vs 1. FC Köln,70,7.2,,0,,,37,28.0,,,,1.0,,1,0,1.0,6.0
24798,Chris Führich,VfB Stuttgart,M,1. FC Heidenheim vs VfB Stuttgart,66,7.6,1.0,0,2.0,2.0,35,29.0,,,,,1.0,0,0,2.0,3.0
135883,Ramon Hendriks,VfB Stuttgart,D,Union Berlin vs VfB Stuttgart,8,6.7,,0,,,16,15.0,,,,,,0,0,1.0,2.0
135883,Ramon Hendriks,VfB Stuttgart,D,VfB Stuttgart vs Borussia Mönchengladbach,90,6.9,,0,,,63,59.0,,1.0,,,,0,0,4.0,7.0
135883,Ramon Hendriks,VfB Stuttgart,D,SC Freiburg vs VfB Stuttgart,14,6.2,,0,,,17,15.0,,,,,1.0,0,0,3.0,3.0
135883,Ramon Hendriks,VfB Stuttgart,D,VfB Stuttgart vs FC St. Pauli,11,7,,0,,,7,6.0,,,,,,0,0,,
135883,Ramon Hendriks,VfB Stuttgart,D,1. FC Köln vs VfB Stuttgart,61,6.7,,0,,,35,31.0,,2.0,,,1.0,0,0,3.0,5.0
135883,Ramon Hendriks,VfB Stuttgart,D,VfL Wolfsburg vs VfB Stuttgart,90,7.2,,0,,,49,44.0,,4.0,,,,0,0,5.0,6.0
135883,Ramon Hendriks,VfB Stuttgart,D,RB Leipzig vs VfB Stuttgart,90,6.2,,0,,,60,58.0,,,2.0,2.0,,1,0,3.0,5.0
135883,Ramon Hendriks,VfB Stuttgart,D,Borussia Dortmund vs VfB Stuttgart,10,6.9,,0,,,6,5.0,,1.0,,,,0,0,2.0,2.0
135883,Ramon Hendriks,VfB Stuttgart,D,Hamburger SV vs VfB Stuttgart,87,7.3,,0,1.0,,37,32.0,,4.0,,,2.0,0,0,8.0,9.0
135883,Ramon Hendriks,VfB Stuttgart,D,VfB Stuttgart vs Bayern München,90,5.9,,0,,,50,44.0,,,4.0,,1.0,0,0,4.0,4.0
135883,Ramon Hendriks,VfB Stuttgart,D,Werder Bremen vs VfB Stuttgart,90,6.9,,0,,,51,45.0,,,,,,0,0,2.0,5.0
135883,Ramon Hendriks,VfB Stuttgart,D,Bayer Leverkusen vs VfB Stuttgart,90,6.6,,0,,,45,41.0,,,1.0,,,0,0,2.0,5.0
135883,Ramon Hendriks,VfB Stuttgart,D,VfB Stuttgart vs Eintracht Frankfurt,90,7.2,,0,,,56,49.0,,3.0,2.0,1.0,2.0,1,0,10.0,11.0
135883,Ramon Hendriks,VfB Stuttgart,D,VfB Stuttgart vs Union Berlin,89,8,,1,,,67,62.0,,2.0,,1.0,2.0,0,0,8.0,12.0
135883,Ramon Hendriks,VfB Stuttgart,D,Borussia Mönchengladbach vs VfB Stuttgart,73,7.2,,0,1.0,,33,30.0,,1.0,,1.0,1.0,0,0,2.0,5.0
135883,Ramon Hendriks,VfB Stuttgart,D,VfB Stuttgart vs SC Freiburg,59,6.6,,0,1.0,,23,20.0,,,,,,0,0,1.0,3.0
135883,Ramon Hendriks,VfB Stuttgart,D,FC St. Pauli vs VfB Stuttgart,90,7,,0,,,104,98.0,,2.0,1.0,2.0,1.0,0,0,4.0,7.0
135883,Ramon Hendriks,VfB Stuttgart,D,VfB Stuttgart vs 1. FC Köln,13,6.6,,1,,,1,1.0,,,,,1.0,0,0,1.0,2.0
135883,Ramon Hendriks,VfB Stuttgart,D,1. FC Heidenheim vs VfB Stuttgart,90,6.3,,0,,,88,79.0,,2.0,1.0,1.0,3.0,0,0,8.0,10.0
398194,Lazar Jovanović,VfB Stuttgart,F,Union Berlin vs VfB Stuttgart,8,6.3,,0,1.0,,4,2.0,,,,1.0,,0,0,1.0,2.0
398194,Lazar Jovanović,VfB Stuttgart,F,VfB Stuttgart vs Borussia Mönchengladbach,26,6.5,,0,,,6,3.0,,,,,,0,0,2.0,5.0
398194,Lazar Jovanović,VfB Stuttgart,F,Hamburger SV vs VfB Stuttgart,9,6.6,,0,,,3,3.0,,,,,1.0,0,0,1.0,1.0
9026,Nikola Vasilj,FC St. Pauli,G,FC St. Pauli vs Borussia Dortmund,90,7.3,,0,,,31,24.0,,,,,,0,0,,
9026,Nikola Vasilj,FC St. Pauli,G,Hamburger SV vs FC St. Pauli,90,7.3,,0,,,28,20.0,,,,,,0,0,1.0,1.0
9026,Nikola Vasilj,FC St. Pauli,G,FC St. Pauli vs FC Augsburg,90,6.9,,0,,,53,41.0,,,,,,0,0,1.0,1.0
9026,Nikola Vasilj,FC St. Pauli,G,VfB Stuttgart vs FC St. Pauli,90,8,,0,,,36,27.0,,,,,,0,0,1.0,1.0
9026,Nikola Vasilj,FC St. Pauli,G,FC St. Pauli vs Bayer Leverkusen,90,6.3,,0,,,38,32.0,,,,,,0,0,,
9026,Nikola Vasilj,FC St. Pauli,G,Werder Bremen vs FC St. Pauli,90,7.7,,0,,,31,23.0,,,,,,0,0,,
9026,Nikola Vasilj,FC St. Pauli,G,FC St. Pauli vs 1899 Hoffenheim,90,6.9,,0,,,29,24.0,,1.0,,,,0,0,1.0,1.0
9026,Nikola Vasilj,FC St. Pauli,G,Eintracht Frankfurt vs FC St. Pauli,90,6.9,,0,,,40,36.0,,,,,,0,0,,
9026,Nikola Vasilj,FC St. Pauli,G,FC St. Pauli vs Borussia Mönchengladbach,90,6.6,,0,,,22,20.0,,,,,,0,0,,
9026,Nikola Vasilj,FC St. Pauli,G,SC Freiburg vs FC St. Pauli,90,6.6,,0,,,31,22.0,,,,,,0,0,1.0,1.0
9026,Nikola Vasilj,FC St. Pauli,G,FC St. Pauli vs Union Berlin,90,6.7,,0,,,25,18.0,,,,,,0,0,,
9026,Nikola Vasilj,FC St. Pauli,G,Bayern München vs FC St. Pauli,90,6.2,,0,,,29,15.0,,,,,,0,0,1.0,1.0
9026,Nikola Vasilj,FC St. Pauli,G,1. FC Köln vs FC St. Pauli,90,7.9,,0,,,35,26.0,,,,,,0,0,,
9026,Nikola Vasilj,FC St. Pauli,G,FC St. Pauli vs 1. FC Heidenheim,90,8.3,,0,,,40,12.0,,,,,,0,0,,
9026,Nikola Vasilj,FC St. Pauli,G,FSV Mainz 05 vs FC St. Pauli,90,6.9,,0,,,27,20.0,,,,,,0,0,,
9026,Nikola Vasilj,FC St. Pauli,G,VfL Wolfsburg vs FC St. Pauli,90,7.2,,0,,,35,25.0,,,,,,0,0,,
9026,Nikola Vasilj,FC St. Pauli,G,Borussia Dortmund vs FC St. Pauli,90,6.2,,0,,,34,18.0,,,,,,0,0,1.0,1.0
9026,Nikola Vasilj,FC St. Pauli,G,FC St. Pauli vs Hamburger SV,90,7.2,,0,,,29,19.0,,,,,,0,0,1.0,1.0
9026,Nikola Vasilj,FC St. Pauli,G,FC St. Pauli vs RB Leipzig,90,7.5,,0,,,47,39.0,,,,,,0,0,,
9026,Nikola Vasilj,FC St. Pauli,G,FC Augsburg vs FC St. Pauli,90,7.2,,0,,,42,35.0,,,,,,0,0,,
9026,Nikola Vasilj,FC St. Pauli,G,FC St. Pauli vs VfB Stuttgart,90,6.5,,0,,,33,19.0,,,,,,0,0,1.0,1.0
9026,Nikola Vasilj,FC St. Pauli,G,Bayer Leverkusen vs FC St. Pauli,90,6.3,,0,,,27,23.0,,,,,,0,0,1.0,1.0
9026,Nikola Vasilj,FC St. Pauli,G,FC St. Pauli vs Werder Bremen,90,7.3,,0,,,32,25.0,,,,,,0,0,,
24961,Hauke Wahl,FC St. Pauli,D,FC St. Pauli vs Borussia Dortmund,90,6,,0,,,72,61.0,,2.0,,,1.0,0,0,4.0,6.0
24961,Hauke Wahl,FC St. Pauli,D,Hamburger SV vs FC St. Pauli,90,7.2,,0,,,60,51.0,,1.0,,,2.0,0,0,3.0,3.0
24961,Hauke Wahl,FC St. Pauli,D,FC St. Pauli vs FC Augsburg,90,6.9,,0,,,65,57.0,,3.0,,1.0,1.0,0,0,8.0,12.0
24961,Hauke Wahl,FC St. Pauli,D,VfB Stuttgart vs FC St. Pauli,90,6.9,,0,,,54,45.0,,2.0,1.0,,1.0,0,0,5.0,6.0
24961,Hauke Wahl,FC St. Pauli,D,FC St. Pauli vs Bayer Leverkusen,90,7.2,1.0,0,2.0,2.0,60,53.0,,,,1.0,,0,0,2.0,5.0
24961,Hauke Wahl,FC St. Pauli,D,Werder Bremen vs FC St. Pauli,90,7.2,,0,,,109,94.0,,4.0,1.0,,1.0,0,0,8.0,11.0
24961,Hauke Wahl,FC St. Pauli,D,Eintracht Frankfurt vs FC St. Pauli,90,6.3,,0,,,59,52.0,,,,1.0,,0,0,2.0,8.0
24961,Hauke Wahl,FC St. Pauli,D,FC St. Pauli vs Borussia Mönchengladbach,90,6.3,,0,1.0,,101,95.0,,,,,1.0,0,0,2.0,4.0
24961,Hauke Wahl,FC St. Pauli,D,SC Freiburg vs FC St. Pauli,90,5.9,,0,,,35,27.0,,,,,,0,0,,3.0
24961,Hauke Wahl,FC St. Pauli,D,FC St. Pauli vs Union Berlin,90,7.2,,0,1.0,1.0,84,64.0,,4.0,3.0,1.0,,0,0,11.0,16.0
24961,Hauke Wahl,FC St. Pauli,D,Bayern München vs FC St. Pauli,90,6.5,,0,,,15,14.0,,3.0,1.0,,,0,0,3.0,8.0
24961,Hauke Wahl,FC St. Pauli,D,1. FC Köln vs FC St. Pauli,45,6.9,,0,,,27,24.0,,,2.0,,,0,0,1.0,1.0
24961,Hauke Wahl,FC St. Pauli,D,FC St. Pauli vs 1. FC Heidenheim,90,6.9,,0,,,38,30.0,,,,1.0,1.0,0,0,3.0,9.0
24961,Hauke Wahl,FC St. Pauli,D,FSV Mainz 05 vs FC St. Pauli,90,6.9,,0,,,65,51.0,,1.0,,1.0,,0,0,3.0,5.0
24961,Hauke Wahl,FC St. Pauli,D,VfL Wolfsburg vs FC St. Pauli,90,6.6,,0,,,43,40.0,,4.0,,1.0,,0,0,5.0,11.0
24961,Hauke Wahl,FC St. Pauli,D,Borussia Dortmund vs FC St. Pauli,90,6.9,,0,,,23,19.0,,1.0,1.0,,,0,0,3.0,6.0
24961,Hauke Wahl,FC St. Pauli,D,FC St. Pauli vs Hamburger SV,90,7,,0,,,61,56.0,,2.0,,1.0,,0,0,3.0,4.0
24961,Hauke Wahl,FC St. Pauli,D,FC St. Pauli vs RB Leipzig,90,7.2,,0,,,49,43.0,,3.0,4.0,,,0,0,7.0,9.0
24961,Hauke Wahl,FC St. Pauli,D,FC St. Pauli vs Werder Bremen,90,8.7,1.0,0,1.0,1.0,48,43.0,,2.0,2.0,,1.0,0,0,7.0,7.0
8486,Eric Smith,FC St. Pauli,D,FC St. Pauli vs Borussia Dortmund,90,7.2,1.0,0,1.0,1.0,68,61.0,,2.0,1.0,1.0,1.0,1,0,6.0,9.0
8486,Eric Smith,FC St. Pauli,D,Hamburger SV vs FC St. Pauli,90,7.7,,0,,,60,52.0,,2.0,2.0,1.0,1.0,0,0,5.0,10.0
8486,Eric Smith,FC St. Pauli,D,FC St. Pauli vs FC Augsburg,90,7.3,,0,,,76,66.0,,1.0,1.0,,2.0,0,0,5.0,6.0
8486,Eric Smith,FC St. Pauli,D,VfB Stuttgart vs FC St. Pauli,90,5.9,,0,,,60,51.0,,1.0,,1.0,2.0,0,0,3.0,6.0
8486,Eric Smith,FC St. Pauli,D,FC St. Pauli vs Bayer Leverkusen,90,6.9,,0,2.0,1.0,60,53.0,,,,1.0,1.0,1,0,4.0,5.0
8486,Eric Smith,FC St. Pauli,D,Werder Bremen vs FC St. Pauli,90,7.3,,0,,,93,86.0,,,1.0,,1.0,0,0,3.0,5.0
8486,Eric Smith,FC St. Pauli,D,FC St. Pauli vs 1899 Hoffenheim,90,6.6,,0,,,48,41.0,,,1.0,,3.0,0,0,6.0,7.0
8486,Eric Smith,FC St. Pauli,D,Eintracht Frankfurt vs FC St. Pauli,90,7.2,,0,,,65,60.0,,3.0,1.0,,1.0,0,0,4.0,8.0
8486,Eric Smith,FC St. Pauli,D,FC St. Pauli vs Borussia Mönchengladbach,90,6.2,,0,1.0,1.0,96,87.0,,,,1.0,,0,0,1.0,2.0
8486,Eric Smith,FC St. Pauli,D,SC Freiburg vs FC St. Pauli,90,6.9,,0,,,46,34.0,,1.0,1.0,1.0,,0,0,3.0,7.0
8486,Eric Smith,FC St. Pauli,D,FC St. Pauli vs Union Berlin,90,6.7,,0,,,73,62.0,,3.0,2.0,,,0,0,3.0,7.0
8486,Eric Smith,FC St. Pauli,D,Bayern München vs FC St. Pauli,90,6.2,,0,,,24,21.0,,1.0,,,1.0,0,0,3.0,3.0
8486,Eric Smith,FC St. Pauli,D,1. FC Köln vs FC St. Pauli,90,7.7,,0,,,50,43.0,,2.0,1.0,,4.0,0,0,6.0,9.0
8486,Eric Smith,FC St. Pauli,D,FC St. Pauli vs 1. FC Heidenheim,45,6.7,,0,,,35,31.0,,1.0,,1.0,1.0,0,1,2.0,3.0
8486,Eric Smith,FC St. Pauli,D,VfL Wolfsburg vs FC St. Pauli,90,8,1.0,0,1.0,1.0,55,45.0,,2.0,,,2.0,0,0,7.0,11.0
8486,Eric Smith,FC St. Pauli,D,Borussia Dortmund vs FC St. Pauli,90,7.2,,2,,,50,38.0,,,3.0,,1.0,1,0,3.0,7.0
8486,Eric Smith,FC St. Pauli,D,FC St. Pauli vs Hamburger SV,90,7,,0,2.0,1.0,46,41.0,,1.0,,2.0,1.0,0,0,3.0,7.0
8486,Eric Smith,FC St. Pauli,D,FC St. Pauli vs RB Leipzig,90,6.6,,0,,,48,39.0,,2.0,2.0,2.0,,0,0,2.0,7.0
8486,Eric Smith,FC St. Pauli,D,FC Augsburg vs FC St. Pauli,90,6.3,,0,,,79,70.0,,1.0,1.0,1.0,1.0,0,0,4.0,13.0
8486,Eric Smith,FC St. Pauli,D,FC St. Pauli vs Werder Bremen,90,6.5,,0,,,44,31.0,,,1.0,,1.0,0,0,1.0,4.0
40274,Adam Dźwigała,FC St. Pauli,D,FC St. Pauli vs Borussia Dortmund,77,5.7,,0,,,46,37.0,,1.0,,1.0,,1,0,1.0,4.0
40274,Adam Dźwigała,FC St. Pauli,D,Hamburger SV vs FC St. Pauli,82,7.9,1.0,0,1.0,1.0,38,34.0,,1.0,1.0,2.0,,1,0,2.0,6.0
40274,Adam Dźwigała,FC St. Pauli,D,FC St. Pauli vs FC Augsburg,75,6.9,,0,,,66,59.0,,3.0,,,,0,0,4.0,6.0
40274,Adam Dźwigała,FC St. Pauli,D,VfB Stuttgart vs FC St. Pauli,82,6.6,,0,,,42,37.0,,4.0,2.0,2.0,,0,0,5.0,10.0
40274,Adam Dźwigała,FC St. Pauli,D,FC St. Pauli vs Bayer Leverkusen,22,6.9,,0,,,14,10.0,,,2.0,,1.0,0,0,3.0,4.0
40274,Adam Dźwigała,FC St. Pauli,D,FC St. Pauli vs 1899 Hoffenheim,75,7,,0,,,34,25.0,,5.0,1.0,1.0,1.0,1,0,8.0,11.0
40274,Adam Dźwigała,FC St. Pauli,D,1. FC Köln vs FC St. Pauli,45,6.3,,0,1.0,,22,20.0,,4.0,,1.0,,0,0,4.0,8.0
40274,Adam Dźwigała,FC St. Pauli,D,FC St. Pauli vs 1. FC Heidenheim,45,6.9,,0,,,7,6.0,,,2.0,,,0,0,3.0,5.0
40274,Adam Dźwigała,FC St. Pauli,D,FSV Mainz 05 vs FC St. Pauli,90,7.5,,0,,,44,35.0,,5.0,,2.0,1.0,0,0,8.0,13.0
40274,Adam Dźwigała,FC St. Pauli,D,VfL Wolfsburg vs FC St. Pauli,90,6.7,,1,,,35,29.0,,4.0,,2.0,,1,0,5.0,12.0
40274,Adam Dźwigała,FC St. Pauli,D,Borussia Dortmund vs FC St. Pauli,64,6.3,,0,,,20,17.0,,,1.0,,1.0,0,0,1.0,2.0
40274,Adam Dźwigała,FC St. Pauli,D,FC St. Pauli vs Hamburger SV,65,7.5,,0,,,44,34.0,,5.0,1.0,1.0,,1,0,7.0,10.0
40274,Adam Dźwigała,FC St. Pauli,D,FC St. Pauli vs VfB Stuttgart,90,6.3,,0,,,15,10.0,,1.0,1.0,,1.0,0,0,3.0,4.0
40274,Adam Dźwigała,FC St. Pauli,D,Bayer Leverkusen vs FC St. Pauli,90,6.3,,0,,,40,33.0,,7.0,5.0,3.0,,0,0,8.0,12.0
148448,Arkadiusz Pyrka,FC St. Pauli,M,FC St. Pauli vs Borussia Dortmund,77,6.9,,0,,,35,31.0,,1.0,1.0,,,0,0,3.0,4.0
148448,Arkadiusz Pyrka,FC St. Pauli,M,Hamburger SV vs FC St. Pauli,59,6.9,,0,,,26,23.0,,2.0,,1.0,3.0,1,0,5.0,8.0
148448,Arkadiusz Pyrka,FC St. Pauli,M,FC St. Pauli vs FC Augsburg,45,6.2,,0,,,24,20.0,,,1.0,1.0,,1,0,1.0,6.0
148448,Arkadiusz Pyrka,FC St. Pauli,M,VfB Stuttgart vs FC St. Pauli,8,6.7,,0,,,3,2.0,,,,,,0,0,,
148448,Arkadiusz Pyrka,FC St. Pauli,M,Werder Bremen vs FC St. Pauli,71,6.3,,0,2.0,1.0,50,40.0,,1.0,,,1.0,0,0,2.0,7.0
148448,Arkadiusz Pyrka,FC St. Pauli,M,FC St. Pauli vs 1899 Hoffenheim,90,6.6,,0,,,42,25.0,,2.0,,2.0,,0,0,3.0,8.0
148448,Arkadiusz Pyrka,FC St. Pauli,M,SC Freiburg vs FC St. Pauli,90,6.5,,0,,,31,23.0,,,3.0,,1.0,0,0,2.0,5.0
148448,Arkadiusz Pyrka,FC St. Pauli,M,FC St. Pauli vs Union Berlin,73,6.9,,0,,,45,35.0,,2.0,,1.0,,0,0,3.0,7.0
148448,Arkadiusz Pyrka,FC St. Pauli,M,Bayern München vs FC St. Pauli,90,6.3,,0,1.0,,21,13.0,,3.0,2.0,,,0,0,4.0,4.0
148448,Arkadiusz Pyrka,FC St. Pauli,M,1. FC Köln vs FC St. Pauli,90,6.5,,0,,,32,29.0,,,1.0,,1.0,0,0,2.0,2.0
148448,Arkadiusz Pyrka,FC St. Pauli,M,FC St. Pauli vs 1. FC Heidenheim,90,6.3,,0,,,27,18.0,,,1.0,2.0,,1,0,,8.0
148448,Arkadiusz Pyrka,FC St. Pauli,M,FSV Mainz 05 vs FC St. Pauli,90,6.9,,0,,,20,9.0,,1.0,1.0,,,0,0,4.0,4.0
148448,Arkadiusz Pyrka,FC St. Pauli,M,VfL Wolfsburg vs FC St. Pauli,90,7,,0,,,27,21.0,,1.0,,1.0,1.0,0,0,2.0,5.0
148448,Arkadiusz Pyrka,FC St. Pauli,M,Borussia Dortmund vs FC St. Pauli,90,6.3,,0,,,26,20.0,,1.0,1.0,,2.0,0,0,4.0,7.0
148448,Arkadiusz Pyrka,FC St. Pauli,M,FC St. Pauli vs Hamburger SV,90,6.7,,0,1.0,1.0,28,22.0,,1.0,,1.0,,0,0,2.0,6.0
148448,Arkadiusz Pyrka,FC St. Pauli,M,FC St. Pauli vs RB Leipzig,90,6.9,,0,,,35,27.0,,3.0,2.0,1.0,1.0,0,0,4.0,8.0
148448,Arkadiusz Pyrka,FC St. Pauli,M,FC Augsburg vs FC St. Pauli,90,6.6,,0,1.0,,35,27.0,,2.0,,1.0,1.0,0,0,5.0,8.0
148448,Arkadiusz Pyrka,FC St. Pauli,M,FC St. Pauli vs VfB Stuttgart,89,7.3,,1,1.0,1.0,22,18.0,,,2.0,1.0,2.0,0,0,4.0,9.0
148448,Arkadiusz Pyrka,FC St. Pauli,M,Bayer Leverkusen vs FC St. Pauli,90,6.5,,0,,,24,18.0,,,,,1.0,0,0,2.0,5.0
148448,Arkadiusz Pyrka,FC St. Pauli,M,FC St. Pauli vs Werder Bremen,90,7.5,,0,,,32,23.0,,2.0,1.0,,2.0,0,0,4.0,4.0
50863,James Sands,FC St. Pauli,M,FC St. Pauli vs Borussia Dortmund,87,6.7,,0,,,35,27.0,,3.0,,,2.0,0,0,6.0,9.0
50863,James Sands,FC St. Pauli,M,Hamburger SV vs FC St. Pauli,90,7.3,,0,2.0,1.0,47,37.0,,6.0,1.0,4.0,2.0,0,0,8.0,15.0
50863,James Sands,FC St. Pauli,M,FC St. Pauli vs FC Augsburg,90,7.3,,0,,,44,34.0,,5.0,,2.0,2.0,0,0,14.0,18.0
50863,James Sands,FC St. Pauli,M,VfB Stuttgart vs FC St. Pauli,90,6.2,,0,1.0,,38,29.0,,2.0,1.0,5.0,2.0,1,0,7.0,20.0
50863,James Sands,FC St. Pauli,M,FC St. Pauli vs Bayer Leverkusen,90,6.3,,0,,,41,34.0,,1.0,3.0,,2.0,0,0,4.0,6.0
50863,James Sands,FC St. Pauli,M,Werder Bremen vs FC St. Pauli,71,6.3,,0,1.0,1.0,45,38.0,,1.0,3.0,3.0,,0,0,3.0,7.0
50863,James Sands,FC St. Pauli,M,FC St. Pauli vs 1899 Hoffenheim,90,7.2,,0,,,45,33.0,,3.0,1.0,,6.0,0,0,11.0,13.0
50863,James Sands,FC St. Pauli,M,FC St. Pauli vs Borussia Mönchengladbach,55,6.3,,0,1.0,,38,31.0,,1.0,1.0,,1.0,1,0,4.0,5.0
50863,James Sands,FC St. Pauli,M,SC Freiburg vs FC St. Pauli,68,6.3,,0,,,22,16.0,,2.0,1.0,2.0,1.0,0,0,6.0,9.0
50863,James Sands,FC St. Pauli,M,FC St. Pauli vs Union Berlin,90,6.6,,0,1.0,,56,42.0,,2.0,2.0,2.0,2.0,0,0,10.0,16.0
50863,James Sands,FC St. Pauli,M,Bayern München vs FC St. Pauli,90,6.5,,0,1.0,,18,13.0,,2.0,,,,0,0,3.0,5.0
50863,James Sands,FC St. Pauli,M,1. FC Köln vs FC St. Pauli,73,6.9,,0,,,28,27.0,,,3.0,1.0,,0,0,3.0,5.0
50863,James Sands,FC St. Pauli,M,FC St. Pauli vs 1. FC Heidenheim,90,6.2,,0,1.0,1.0,35,25.0,,,,,1.0,1,0,2.0,9.0
50863,James Sands,FC St. Pauli,M,FSV Mainz 05 vs FC St. Pauli,90,7.3,,0,,,37,21.0,,2.0,5.0,,2.0,0,0,12.0,19.0
50863,James Sands,FC St. Pauli,M,VfL Wolfsburg vs FC St. Pauli,90,6.2,,0,,,39,29.0,,,4.0,,,0,0,2.0,7.0
50863,James Sands,FC St. Pauli,M,Borussia Dortmund vs FC St. Pauli,90,8.2,1.0,0,1.0,1.0,36,25.0,,2.0,1.0,1.0,1.0,0,0,6.0,9.0
50863,James Sands,FC St. Pauli,M,FC St. Pauli vs Hamburger SV,90,7,,0,1.0,,45,38.0,,1.0,2.0,1.0,5.0,0,0,9.0,17.0
50863,James Sands,FC St. Pauli,M,FC St. Pauli vs RB Leipzig,77,6.7,,0,,,40,28.0,,2.0,1.0,,2.0,0,0,5.0,6.0
50863,James Sands,FC St. Pauli,M,FC Augsburg vs FC St. Pauli,90,6.7,,0,1.0,,61,46.0,,2.0,,2.0,2.0,1,0,6.0,14.0
50863,James Sands,FC St. Pauli,M,FC St. Pauli vs VfB Stuttgart,90,6.7,,0,1.0,,32,24.0,,,7.0,1.0,1.0,0,0,2.0,6.0
50863,James Sands,FC St. Pauli,M,Bayer Leverkusen vs FC St. Pauli,69,6.2,,0,,,37,25.0,,2.0,3.0,,,0,0,3.0,5.0
50863,James Sands,FC St. Pauli,M,FC St. Pauli vs Werder Bremen,10,6.9,,0,,,5,3.0,,1.0,,,,0,0,2.0,4.0
146586,Joel Chima Fujita,FC St. Pauli,M,FC St. Pauli vs Borussia Dortmund,90,6.2,,0,,,47,38.0,,2.0,1.0,4.0,,0,0,2.0,10.0
146586,Joel Chima Fujita,FC St. Pauli,M,Hamburger SV vs FC St. Pauli,90,7.2,,1,1.0,,54,43.0,,1.0,3.0,1.0,2.0,0,0,3.0,9.0
146586,Joel Chima Fujita,FC St. Pauli,M,FC St. Pauli vs FC Augsburg,90,6.5,,0,,,62,49.0,,2.0,1.0,1.0,,0,0,2.0,10.0
146586,Joel Chima Fujita,FC St. Pauli,M,VfB Stuttgart vs FC St. Pauli,90,6.6,,0,,,55,46.0,,,2.0,1.0,,0,0,1.0,5.0
146586,Joel Chima Fujita,FC St. Pauli,M,FC St. Pauli vs Bayer Leverkusen,80,6.5,,0,1.0,,37,29.0,,1.0,2.0,1.0,1.0,1,0,4.0,9.0
146586,Joel Chima Fujita,FC St. Pauli,M,Werder Bremen vs FC St. Pauli,90,6.7,,0,1.0,,67,56.0,,2.0,1.0,3.0,,0,0,4.0,10.0
146586,Joel Chima Fujita,FC St. Pauli,M,FC St. Pauli vs 1899 Hoffenheim,82,6.7,,0,1.0,,40,30.0,,3.0,1.0,3.0,,0,0,3.0,6.0
146586,Joel Chima Fujita,FC St. Pauli,M,Eintracht Frankfurt vs FC St. Pauli,90,7.2,,0,,,44,38.0,,4.0,2.0,,2.0,0,0,8.0,12.0
146586,Joel Chima Fujita,FC St. Pauli,M,FC St. Pauli vs Borussia Mönchengladbach,90,6.3,,0,,,43,36.0,,1.0,2.0,,,0,0,2.0,7.0
146586,Joel Chima Fujita,FC St. Pauli,M,SC Freiburg vs FC St. Pauli,90,6.9,,0,,,39,29.0,,3.0,2.0,1.0,,1,0,7.0,9.0
146586,Joel Chima Fujita,FC St. Pauli,M,FC St. Pauli vs Union Berlin,90,6.6,,0,1.0,1.0,52,32.0,,2.0,,1.0,2.0,1,0,8.0,13.0
146586,Joel Chima Fujita,FC St. Pauli,M,Bayern München vs FC St. Pauli,90,6.3,,0,,,24,18.0,,3.0,,1.0,,0,0,3.0,7.0
146586,Joel Chima Fujita,FC St. Pauli,M,1. FC Köln vs FC St. Pauli,90,6.3,,0,,,46,34.0,,1.0,1.0,,,0,0,5.0,9.0
146586,Joel Chima Fujita,FC St. Pauli,M,FC St. Pauli vs 1. FC Heidenheim,90,7.9,,2,,,35,25.0,,,2.0,1.0,,0,0,2.0,7.0
146586,Joel Chima Fujita,FC St. Pauli,M,FSV Mainz 05 vs FC St. Pauli,90,6.7,,0,1.0,,20,10.0,,4.0,1.0,2.0,,0,0,5.0,11.0
146586,Joel Chima Fujita,FC St. Pauli,M,VfL Wolfsburg vs FC St. Pauli,90,7,,0,3.0,1.0,35,25.0,,2.0,,,,0,0,7.0,12.0
146586,Joel Chima Fujita,FC St. Pauli,M,Borussia Dortmund vs FC St. Pauli,90,6.3,,0,,,33,27.0,,5.0,1.0,2.0,,0,0,6.0,16.0
146586,Joel Chima Fujita,FC St. Pauli,M,FC St. Pauli vs Hamburger SV,90,6.7,,0,,,31,22.0,,1.0,1.0,1.0,,0,0,4.0,10.0
146586,Joel Chima Fujita,FC St. Pauli,M,FC St. Pauli vs RB Leipzig,77,6.7,,0,2.0,,30,19.0,,2.0,,,,0,0,3.0,6.0
146586,Joel Chima Fujita,FC St. Pauli,M,FC Augsburg vs FC St. Pauli,70,6.7,,0,1.0,,34,21.0,,3.0,,3.0,1.0,0,0,6.0,15.0
146586,Joel Chima Fujita,FC St. Pauli,M,Bayer Leverkusen vs FC St. Pauli,21,6.5,,0,1.0,1.0,23,20.0,,1.0,1.0,1.0,,0,0,1.0,2.0
146586,Joel Chima Fujita,FC St. Pauli,M,FC St. Pauli vs Werder Bremen,87,7.5,1.0,0,1.0,1.0,19,15.0,,1.0,1.0,,1.0,0,0,3.0,8.0
202636,Louis Oppie,FC St. Pauli,M,FC St. Pauli vs Borussia Dortmund,90,6.6,,0,2.0,1.0,41,33.0,,2.0,,,2.0,0,0,5.0,6.0
202636,Louis Oppie,FC St. Pauli,M,Hamburger SV vs FC St. Pauli,90,6.9,,0,2.0,1.0,33,24.0,,5.0,,1.0,,0,0,5.0,9.0
202636,Louis Oppie,FC St. Pauli,M,FC St. Pauli vs FC Augsburg,90,6.2,,0,,,33,26.0,,1.0,,,2.0,0,0,3.0,4.0
202636,Louis Oppie,FC St. Pauli,M,VfB Stuttgart vs FC St. Pauli,90,6.2,,0,1.0,,36,26.0,,,,2.0,2.0,0,0,2.0,9.0
202636,Louis Oppie,FC St. Pauli,M,FC St. Pauli vs Bayer Leverkusen,90,6.7,,0,1.0,,30,23.0,,3.0,1.0,3.0,,0,0,3.0,8.0
202636,Louis Oppie,FC St. Pauli,M,Werder Bremen vs FC St. Pauli,90,6.7,,0,1.0,,39,34.0,,3.0,2.0,1.0,,0,0,4.0,10.0
202636,Louis Oppie,FC St. Pauli,M,FC St. Pauli vs 1899 Hoffenheim,90,6.9,,0,,,35,31.0,,,1.0,,1.0,0,0,2.0,4.0
202636,Louis Oppie,FC St. Pauli,M,Eintracht Frankfurt vs FC St. Pauli,90,6.9,,0,,,45,39.0,,2.0,1.0,,1.0,0,0,4.0,5.0
202636,Louis Oppie,FC St. Pauli,M,FC St. Pauli vs Borussia Mönchengladbach,90,6.3,,0,,,46,37.0,,1.0,1.0,1.0,1.0,0,0,2.0,6.0
202636,Louis Oppie,FC St. Pauli,M,SC Freiburg vs FC St. Pauli,90,7.3,1.0,0,1.0,1.0,32,26.0,,,1.0,1.0,1.0,0,0,2.0,6.0
202636,Louis Oppie,FC St. Pauli,M,FC St. Pauli vs Union Berlin,90,6.6,,0,1.0,,42,33.0,,1.0,,,,0,0,2.0,2.0
202636,Louis Oppie,FC St. Pauli,M,Bayern München vs FC St. Pauli,22,6,,0,1.0,,6,6.0,,,1.0,1.0,,0,0,,2.0
202636,Louis Oppie,FC St. Pauli,M,1. FC Köln vs FC St. Pauli,90,6.2,,0,,,27,26.0,,,,,,0,0,,2.0
202636,Louis Oppie,FC St. Pauli,M,FC St. Pauli vs 1. FC Heidenheim,90,6.7,,0,,,24,18.0,,,,,1.0,0,0,2.0,3.0
202636,Louis Oppie,FC St. Pauli,M,FSV Mainz 05 vs FC St. Pauli,74,7.2,,0,,,32,25.0,,,,,,0,0,1.0,1.0
202636,Louis Oppie,FC St. Pauli,M,VfL Wolfsburg vs FC St. Pauli,22,6.5,,0,,,10,7.0,,,,,1.0,0,0,1.0,1.0
202636,Louis Oppie,FC St. Pauli,M,Borussia Dortmund vs FC St. Pauli,26,6.3,,0,,,11,10.0,,,,,,0,0,,2.0
202636,Louis Oppie,FC St. Pauli,M,FC St. Pauli vs Hamburger SV,90,6.7,,0,1.0,,30,19.0,,1.0,,3.0,1.0,0,0,3.0,7.0
1672,Danel Sinani,FC St. Pauli,F,FC St. Pauli vs Borussia Dortmund,90,8.3,1.0,1,2.0,2.0,40,30.0,,2.0,2.0,3.0,3.0,0,0,6.0,13.0
1672,Danel Sinani,FC St. Pauli,F,Hamburger SV vs FC St. Pauli,90,6.7,,0,,,45,39.0,,2.0,,4.0,,1,0,3.0,13.0
1672,Danel Sinani,FC St. Pauli,F,FC St. Pauli vs FC Augsburg,89,7.9,1.0,0,1.0,1.0,49,35.0,,1.0,,2.0,,0,0,3.0,16.0
1672,Danel Sinani,FC St. Pauli,F,VfB Stuttgart vs FC St. Pauli,74,6,,0,,,40,24.0,,,,,3.0,0,0,3.0,7.0
1672,Danel Sinani,FC St. Pauli,F,FC St. Pauli vs Bayer Leverkusen,90,6.9,,0,3.0,2.0,43,36.0,,1.0,,1.0,,0,0,1.0,3.0
1672,Danel Sinani,FC St. Pauli,F,Werder Bremen vs FC St. Pauli,90,6.6,,0,,,79,62.0,,1.0,1.0,1.0,3.0,0,0,5.0,11.0
1672,Danel Sinani,FC St. Pauli,F,FC St. Pauli vs 1899 Hoffenheim,90,6.3,,0,1.0,,43,32.0,,,,1.0,1.0,0,0,2.0,6.0
1672,Danel Sinani,FC St. Pauli,F,Eintracht Frankfurt vs FC St. Pauli,90,6.3,,0,2.0,,62,48.0,,2.0,1.0,2.0,,0,0,4.0,9.0
1672,Danel Sinani,FC St. Pauli,F,FC St. Pauli vs Borussia Mönchengladbach,45,6.6,,0,1.0,,31,23.0,,,,,1.0,0,0,1.0,1.0
1672,Danel Sinani,FC St. Pauli,F,SC Freiburg vs FC St. Pauli,8,6.7,,0,,,4,3.0,,,,,1.0,1,0,1.0,1.0
1672,Danel Sinani,FC St. Pauli,F,FC St. Pauli vs Union Berlin,26,6.6,,0,2.0,1.0,11,9.0,,,,1.0,,0,0,1.0,4.0
1672,Danel Sinani,FC St. Pauli,F,Bayern München vs FC St. Pauli,72,6.9,,0,,,18,13.0,,3.0,,1.0,,0,0,5.0,10.0
1672,Danel Sinani,FC St. Pauli,F,1. FC Köln vs FC St. Pauli,17,6.7,,1,1.0,,7,5.0,,,,1.0,,0,0,,2.0
1672,Danel Sinani,FC St. Pauli,F,FC St. Pauli vs Hamburger SV,25,6.9,,0,1.0,1.0,12,7.0,,,,1.0,2.0,0,0,2.0,4.0
1672,Danel Sinani,FC St. Pauli,F,FC St. Pauli vs RB Leipzig,76,6.7,,0,,,42,29.0,,2.0,1.0,1.0,1.0,0,0,3.0,6.0
1672,Danel Sinani,FC St. Pauli,F,FC Augsburg vs FC St. Pauli,63,6.9,1.0,0,3.0,2.0,21,15.0,,1.0,1.0,1.0,1.0,0,0,2.0,4.0
1672,Danel Sinani,FC St. Pauli,F,FC St. Pauli vs VfB Stuttgart,90,6.9,1.0,0,3.0,3.0,32,21.0,,,,1.0,,0,0,1.0,11.0
1672,Danel Sinani,FC St. Pauli,F,Bayer Leverkusen vs FC St. Pauli,90,6.6,,0,1.0,,32,25.0,,1.0,1.0,2.0,,0,0,2.0,7.0
1672,Danel Sinani,FC St. Pauli,F,FC St. Pauli vs Werder Bremen,90,6.9,,1,,,42,32.0,,1.0,,4.0,3.0,0,0,6.0,16.0
178921,Andreas Hountondji,FC St. Pauli,F,FC St. Pauli vs Borussia Dortmund,68,7.5,1.0,0,2.0,2.0,10,8.0,,,,1.0,,0,0,2.0,6.0
178921,Andreas Hountondji,FC St. Pauli,F,Hamburger SV vs FC St. Pauli,69,8,1.0,0,2.0,1.0,12,8.0,,2.0,,2.0,2.0,0,0,6.0,11.0
178921,Andreas Hountondji,FC St. Pauli,F,FC St. Pauli vs FC Augsburg,45,5.9,1.0,0,4.0,3.0,13,7.0,,1.0,,1.0,,0,0,2.0,10.0
178921,Andreas Hountondji,FC St. Pauli,F,VfB Stuttgart vs FC St. Pauli,62,6.2,,0,,,11,7.0,,,,1.0,,0,0,,6.0
178921,Andreas Hountondji,FC St. Pauli,F,FC St. Pauli vs Bayer Leverkusen,68,6.2,,0,,,6,5.0,,,1.0,,,0,0,,4.0
178921,Andreas Hountondji,FC St. Pauli,F,FC St. Pauli vs 1899 Hoffenheim,27,6.6,,0,,,7,5.0,,2.0,,,,0,0,3.0,5.0
178921,Andreas Hountondji,FC St. Pauli,F,Eintracht Frankfurt vs FC St. Pauli,61,6.5,,0,,,8,3.0,,,,,1.0,0,0,4.0,7.0
178921,Andreas Hountondji,FC St. Pauli,F,FC St. Pauli vs Borussia Mönchengladbach,45,6.2,,0,,,6,4.0,,,,1.0,,1,0,1.0,8.0
178921,Andreas Hountondji,FC St. Pauli,F,SC Freiburg vs FC St. Pauli,31,6.2,,0,1.0,,4,2.0,,,,,1.0,0,0,1.0,6.0
178921,Andreas Hountondji,FC St. Pauli,F,FC St. Pauli vs Union Berlin,64,6.2,,0,,,10,6.0,,,,,,0,0,2.0,11.0
178921,Andreas Hountondji,FC St. Pauli,F,Bayern München vs FC St. Pauli,18,7.5,1.0,0,1.0,1.0,0,,,,,,,0,0,,3.0
178921,Andreas Hountondji,FC St. Pauli,F,FSV Mainz 05 vs FC St. Pauli,58,6.2,,0,,,4,2.0,,1.0,,,1.0,0,0,2.0,8.0
20780,Mathias Pereira Lage,FC St. Pauli,F,FC St. Pauli vs Borussia Dortmund,90,6.7,,0,2.0,1.0,20,13.0,,4.0,1.0,,1.0,0,0,5.0,10.0
20780,Mathias Pereira Lage,FC St. Pauli,F,Hamburger SV vs FC St. Pauli,82,6.9,,1,2.0,1.0,17,14.0,,2.0,,3.0,1.0,0,0,6.0,13.0
20780,Mathias Pereira Lage,FC St. Pauli,F,FC St. Pauli vs FC Augsburg,88,6.2,,0,2.0,2.0,24,15.0,,2.0,1.0,2.0,2.0,0,0,7.0,15.0
20780,Mathias Pereira Lage,FC St. Pauli,F,VfB Stuttgart vs FC St. Pauli,62,6.6,,0,1.0,1.0,15,10.0,,1.0,1.0,,2.0,0,0,6.0,12.0
20780,Mathias Pereira Lage,FC St. Pauli,F,FC St. Pauli vs Bayer Leverkusen,81,6.7,,0,1.0,,19,16.0,,2.0,,2.0,3.0,0,0,6.0,13.0
20780,Mathias Pereira Lage,FC St. Pauli,F,Werder Bremen vs FC St. Pauli,90,6.3,,0,1.0,1.0,24,17.0,,2.0,,,1.0,0,0,4.0,11.0
20780,Mathias Pereira Lage,FC St. Pauli,F,FC St. Pauli vs 1899 Hoffenheim,63,6.3,,0,,,15,9.0,,1.0,,2.0,,0,0,1.0,8.0
20780,Mathias Pereira Lage,FC St. Pauli,F,Eintracht Frankfurt vs FC St. Pauli,60,6.2,,0,1.0,,15,12.0,,1.0,1.0,2.0,1.0,1,0,4.0,11.0
20780,Mathias Pereira Lage,FC St. Pauli,F,FC St. Pauli vs Borussia Mönchengladbach,45,6.2,,0,1.0,1.0,10,9.0,,1.0,1.0,1.0,1.0,0,0,3.0,7.0
20780,Mathias Pereira Lage,FC St. Pauli,F,SC Freiburg vs FC St. Pauli,90,6.7,,0,1.0,1.0,28,17.0,,1.0,,2.0,2.0,0,0,6.0,14.0
20780,Mathias Pereira Lage,FC St. Pauli,F,FC St. Pauli vs Union Berlin,87,6.7,,0,2.0,,28,16.0,,2.0,,1.0,2.0,0,0,8.0,15.0
20780,Mathias Pereira Lage,FC St. Pauli,F,Bayern München vs FC St. Pauli,87,6.6,,1,,,17,11.0,,2.0,3.0,1.0,2.0,0,0,6.0,15.0
20780,Mathias Pereira Lage,FC St. Pauli,F,1. FC Köln vs FC St. Pauli,68,5.9,,0,,,22,13.0,,1.0,1.0,1.0,,0,0,1.0,5.0
20780,Mathias Pereira Lage,FC St. Pauli,F,FC St. Pauli vs 1. FC Heidenheim,45,6,,0,3.0,2.0,16,10.0,,,,,,0,0,1.0,4.0
20780,Mathias Pereira Lage,FC St. Pauli,F,FSV Mainz 05 vs FC St. Pauli,89,6.6,,0,,,23,17.0,,,,1.0,1.0,1,0,4.0,8.0
20780,Mathias Pereira Lage,FC St. Pauli,F,VfL Wolfsburg vs FC St. Pauli,89,7.3,,0,2.0,1.0,22,15.0,,1.0,,1.0,3.0,0,0,8.0,10.0
20780,Mathias Pereira Lage,FC St. Pauli,F,Borussia Dortmund vs FC St. Pauli,90,7.2,,0,1.0,1.0,18,8.0,,4.0,1.0,4.0,3.0,0,0,12.0,20.0
20780,Mathias Pereira Lage,FC St. Pauli,F,FC St. Pauli vs Hamburger SV,65,6.2,,0,1.0,,16,7.0,,1.0,1.0,2.0,1.0,0,0,3.0,13.0
20780,Mathias Pereira Lage,FC St. Pauli,F,FC St. Pauli vs RB Leipzig,14,6.6,,0,,,7,5.0,,,,,1.0,0,0,2.0,2.0
20780,Mathias Pereira Lage,FC St. Pauli,F,FC Augsburg vs FC St. Pauli,27,6.3,,0,,,5,5.0,,,,,1.0,0,0,1.0,3.0
20780,Mathias Pereira Lage,FC St. Pauli,F,FC St. Pauli vs Werder Bremen,37,6.2,,0,1.0,1.0,10,3.0,,,,,,0,0,3.0,6.0
474789,Abdoulie Ceesay,FC St. Pauli,F,FC St. Pauli vs Borussia Dortmund,22,6.9,,0,1.0,,3,3.0,,,,2.0,1.0,0,0,3.0,6.0
474789,Abdoulie Ceesay,FC St. Pauli,F,FC St. Pauli vs Bayer Leverkusen,13,6.5,,0,1.0,,1,1.0,,,,1.0,1.0,1,0,2.0,6.0
474789,Abdoulie Ceesay,FC St. Pauli,F,Werder Bremen vs FC St. Pauli,19,6.7,,0,,,7,3.0,,,,,1.0,0,0,4.0,5.0
474789,Abdoulie Ceesay,FC St. Pauli,F,FC St. Pauli vs 1899 Hoffenheim,15,6.7,,0,,,1,1.0,,,,1.0,1.0,0,0,2.0,4.0
474789,Abdoulie Ceesay,FC St. Pauli,F,Eintracht Frankfurt vs FC St. Pauli,20,6.5,,0,,,4,4.0,,,,,,0,0,,2.0
474789,Abdoulie Ceesay,FC St. Pauli,F,FC St. Pauli vs Borussia Mönchengladbach,45,6.2,,0,1.0,,6,4.0,,1.0,,3.0,,1,0,2.0,7.0
474789,Abdoulie Ceesay,FC St. Pauli,F,SC Freiburg vs FC St. Pauli,8,6.3,,0,,,5,4.0,,,,,,0,0,1.0,2.0
474789,Abdoulie Ceesay,FC St. Pauli,F,FC St. Pauli vs Union Berlin,26,6,,0,,,6,4.0,,,,2.0,,0,0,2.0,10.0
474789,Abdoulie Ceesay,FC St. Pauli,F,Bayern München vs FC St. Pauli,22,6.3,,0,,,2,1.0,,,,,,0,0,,
474789,Abdoulie Ceesay,FC St. Pauli,F,1. FC Köln vs FC St. Pauli,10,6.5,,0,,,2,1.0,,,,,,0,0,,1.0
474789,Abdoulie Ceesay,FC St. Pauli,F,FC St. Pauli vs RB Leipzig,8,6.5,,0,,,6,5.0,,,,,,0,0,,
474789,Abdoulie Ceesay,FC St. Pauli,F,FC Augsburg vs FC St. Pauli,12,6.5,,0,1.0,1.0,1,1.0,,,,1.0,,0,0,,3.0
474789,Abdoulie Ceesay,FC St. Pauli,F,Bayer Leverkusen vs FC St. Pauli,8,6.7,,0,,,2,2.0,,,,,1.0,0,0,1.0,1.0
6904,Connor Metcalfe,FC St. Pauli,M,FC St. Pauli vs Borussia Dortmund,13,6.6,,0,,,9,8.0,,1.0,1.0,,1.0,0,0,2.0,2.0
6904,Connor Metcalfe,FC St. Pauli,M,Hamburger SV vs FC St. Pauli,8,6.5,,0,,,10,10.0,,,,,,0,0,1.0,4.0
6904,Connor Metcalfe,FC St. Pauli,M,VfB Stuttgart vs FC St. Pauli,16,6.3,,0,,,4,2.0,,1.0,,1.0,,0,0,1.0,4.0
6904,Connor Metcalfe,FC St. Pauli,M,FC St. Pauli vs Bayer Leverkusen,10,6.9,,0,,,5,4.0,,,,,,0,0,2.0,2.0
6904,Connor Metcalfe,FC St. Pauli,M,Werder Bremen vs FC St. Pauli,19,6.5,,0,2.0,,17,15.0,,,1.0,,,0,0,1.0,5.0
6904,Connor Metcalfe,FC St. Pauli,M,FC St. Pauli vs 1899 Hoffenheim,8,6.3,,0,,,5,2.0,,,,,,0,0,,
6904,Connor Metcalfe,FC St. Pauli,M,Eintracht Frankfurt vs FC St. Pauli,29,6.6,,0,2.0,,14,14.0,,,,1.0,,0,0,,1.0
6904,Connor Metcalfe,FC St. Pauli,M,FC St. Pauli vs Borussia Mönchengladbach,35,6.7,,0,3.0,1.0,18,15.0,,1.0,,1.0,,0,0,2.0,4.0
6904,Connor Metcalfe,FC St. Pauli,M,SC Freiburg vs FC St. Pauli,82,6.9,,1,,,20,13.0,,3.0,1.0,3.0,1.0,0,0,5.0,12.0
6904,Connor Metcalfe,FC St. Pauli,M,FC St. Pauli vs Union Berlin,17,6.9,,0,,,12,9.0,,,,,,0,0,,
6904,Connor Metcalfe,FC St. Pauli,M,Bayern München vs FC St. Pauli,13,6.2,,0,,,0,,,,,,,0,0,,1.0
6904,Connor Metcalfe,FC St. Pauli,M,1. FC Köln vs FC St. Pauli,22,6.7,,0,,,6,3.0,,3.0,,,,0,0,3.0,5.0
27157,Manolis Saliakas,FC St. Pauli,D,FC St. Pauli vs Borussia Dortmund,13,7.2,,1,,,25,22.0,,,,,,0,0,,2.0
27157,Manolis Saliakas,FC St. Pauli,D,Hamburger SV vs FC St. Pauli,31,6.6,,0,,,29,20.0,,1.0,,,,0,0,1.0,3.0
27157,Manolis Saliakas,FC St. Pauli,D,FC St. Pauli vs FC Augsburg,45,7.2,,0,1.0,,15,13.0,,1.0,1.0,,2.0,0,0,4.0,5.0
27157,Manolis Saliakas,FC St. Pauli,D,VfB Stuttgart vs FC St. Pauli,82,6.7,,0,,,25,18.0,,3.0,,,,0,0,4.0,4.0
27157,Manolis Saliakas,FC St. Pauli,D,FC St. Pauli vs Bayer Leverkusen,87,6.9,,0,1.0,1.0,45,33.0,,4.0,,1.0,1.0,0,0,6.0,11.0
27157,Manolis Saliakas,FC St. Pauli,D,Werder Bremen vs FC St. Pauli,19,7.2,,0,,,31,26.0,,1.0,,,,1,0,1.0,2.0
27157,Manolis Saliakas,FC St. Pauli,D,Eintracht Frankfurt vs FC St. Pauli,90,7.2,,0,,,61,47.0,,2.0,1.0,,2.0,0,0,5.0,5.0
27157,Manolis Saliakas,FC St. Pauli,D,FC St. Pauli vs Borussia Mönchengladbach,84,6.2,,0,1.0,1.0,57,44.0,,1.0,,2.0,,1,0,2.0,4.0
27157,Manolis Saliakas,FC St. Pauli,D,FC St. Pauli vs RB Leipzig,87,6.9,,0,,,35,28.0,,2.0,2.0,,,0,0,4.0,7.0
27157,Manolis Saliakas,FC St. Pauli,D,FC Augsburg vs FC St. Pauli,84,7.2,,0,1.0,,29,17.0,,2.0,2.0,,1.0,0,0,3.0,3.0
27157,Manolis Saliakas,FC St. Pauli,D,FC St. Pauli vs VfB Stuttgart,90,8.2,1.0,0,1.0,1.0,32,24.0,,1.0,,,,0,0,1.0,2.0
27157,Manolis Saliakas,FC St. Pauli,D,Bayer Leverkusen vs FC St. Pauli,82,6.5,,0,,,31,21.0,,2.0,4.0,,,0,0,2.0,3.0
27157,Manolis Saliakas,FC St. Pauli,D,FC St. Pauli vs Werder Bremen,90,7.2,,1,,,29,21.0,,2.0,1.0,,,1,0,5.0,6.0
17756,Oladapo Afolayan,FC St. Pauli,F,FC St. Pauli vs Borussia Dortmund,14,6.3,,0,,,2,1.0,,,,1.0,,0,0,,2.0
17756,Oladapo Afolayan,FC St. Pauli,F,FC St. Pauli vs FC Augsburg,2,,,0,,,0,,,,,,,0,0,1.0,1.0
17756,Oladapo Afolayan,FC St. Pauli,F,VfB Stuttgart vs FC St. Pauli,28,6.3,,0,1.0,1.0,6,3.0,,1.0,,1.0,,1,0,2.0,5.0
17756,Oladapo Afolayan,FC St. Pauli,F,FC St. Pauli vs Bayer Leverkusen,9,6.9,,0,,,3,3.0,,,,,1.0,0,0,1.0,3.0
17756,Oladapo Afolayan,FC St. Pauli,F,FC St. Pauli vs 1899 Hoffenheim,27,6.3,,0,,,14,10.0,,,,,,0,0,1.0,3.0
17756,Oladapo Afolayan,FC St. Pauli,F,Eintracht Frankfurt vs FC St. Pauli,30,6.5,,0,2.0,1.0,20,16.0,,1.0,,,2.0,0,0,5.0,12.0
17756,Oladapo Afolayan,FC St. Pauli,F,FC St. Pauli vs Borussia Mönchengladbach,45,6.7,,0,,,19,16.0,,2.0,,,3.0,0,0,5.0,11.0
25282,Gregor Kobel,Borussia Dortmund,G,FC St. Pauli vs Borussia Dortmund,90,7.2,,0,,,34,26.0,,,,,1.0,0,0,1.0,1.0
25282,Gregor Kobel,Borussia Dortmund,G,Borussia Dortmund vs Union Berlin,90,7.7,,0,,,27,22.0,,,,,,0,0,,
25282,Gregor Kobel,Borussia Dortmund,G,1. FC Heidenheim vs Borussia Dortmund,90,7.2,,0,,,15,13.0,,,,,,0,0,,
25282,Gregor Kobel,Borussia Dortmund,G,Borussia Dortmund vs VfL Wolfsburg,90,6.7,,0,,,28,22.0,,,,,,0,0,,
25282,Gregor Kobel,Borussia Dortmund,G,FSV Mainz 05 vs Borussia Dortmund,90,6.9,,0,,,37,22.0,,,,,,0,0,,
25282,Gregor Kobel,Borussia Dortmund,G,Borussia Dortmund vs RB Leipzig,90,7.2,,0,,,26,21.0,,,,,,0,0,,
25282,Gregor Kobel,Borussia Dortmund,G,Bayern München vs Borussia Dortmund,90,8,,0,,,22,16.0,,,,,,0,0,,
25282,Gregor Kobel,Borussia Dortmund,G,Borussia Dortmund vs 1. FC Köln,90,6.9,,0,,,20,19.0,,,,,,0,0,,
25282,Gregor Kobel,Borussia Dortmund,G,FC Augsburg vs Borussia Dortmund,90,6.9,,0,,,42,25.0,,,,,,1,0,,
25282,Gregor Kobel,Borussia Dortmund,G,Hamburger SV vs Borussia Dortmund,90,6.9,,0,,,24,17.0,,,,,1.0,0,0,1.0,1.0
25282,Gregor Kobel,Borussia Dortmund,G,Borussia Dortmund vs VfB Stuttgart,90,6.3,,0,,,38,26.0,,,,,,0,0,,
25282,Gregor Kobel,Borussia Dortmund,G,Bayer Leverkusen vs Borussia Dortmund,90,7.5,,0,,,33,25.0,,,,,,0,0,1.0,1.0
25282,Gregor Kobel,Borussia Dortmund,G,Borussia Dortmund vs 1899 Hoffenheim,90,7.6,,0,,,46,27.0,,,,,,0,0,,1.0
25282,Gregor Kobel,Borussia Dortmund,G,SC Freiburg vs Borussia Dortmund,90,8.3,,0,,,41,22.0,,,,,,0,0,,
25282,Gregor Kobel,Borussia Dortmund,G,Borussia Dortmund vs Borussia Mönchengladbach,90,6.9,,0,,,26,21.0,,,,,,0,0,,
25282,Gregor Kobel,Borussia Dortmund,G,Eintracht Frankfurt vs Borussia Dortmund,90,6.2,,0,,,28,26.0,,,,,,0,0,1.0,1.0
25282,Gregor Kobel,Borussia Dortmund,G,Borussia Dortmund vs Werder Bremen,90,7,,0,,,29,22.0,,,,,,0,0,,
25282,Gregor Kobel,Borussia Dortmund,G,Borussia Dortmund vs FC St. Pauli,90,6.9,,0,,,35,30.0,,,,,,0,0,,
25282,Gregor Kobel,Borussia Dortmund,G,Union Berlin vs Borussia Dortmund,90,8.7,,0,,,30,17.0,,,,,,0,0,,
25282,Gregor Kobel,Borussia Dortmund,G,Borussia Dortmund vs 1. FC Heidenheim,90,6.9,,0,,,34,25.0,,,,,1.0,1,0,1.0,1.0
25282,Gregor Kobel,Borussia Dortmund,G,VfL Wolfsburg vs Borussia Dortmund,90,6.3,,0,,,31,23.0,,,,,,0,0,1.0,1.0
25282,Gregor Kobel,Borussia Dortmund,G,Borussia Dortmund vs FSV Mainz 05,90,8.9,,0,,,26,19.0,,,,,1.0,0,0,1.0,1.0
25282,Gregor Kobel,Borussia Dortmund,G,RB Leipzig vs Borussia Dortmund,90,6.6,,0,,,33,23.0,,,,,1.0,0,0,1.0,2.0
341839,Filippo Mané,Borussia Dortmund,D,FC St. Pauli vs Borussia Dortmund,85,5.5,,0,,,66,60.0,,,1.0,1.0,,0,1,,6.0
341839,Filippo Mané,Borussia Dortmund,D,Borussia Dortmund vs 1. FC Heidenheim,45,6.9,,0,,,34,28.0,,1.0,1.0,,2.0,0,0,4.0,4.0
25368,Waldemar Anton,Borussia Dortmund,D,FC St. Pauli vs Borussia Dortmund,90,7.6,1.0,0,1.0,1.0,93,86.0,,3.0,2.0,1.0,2.0,0,0,7.0,11.0
25368,Waldemar Anton,Borussia Dortmund,D,Borussia Dortmund vs Union Berlin,90,7.9,,0,,,100,97.0,,1.0,,,1.0,0,0,3.0,8.0
25368,Waldemar Anton,Borussia Dortmund,D,1. FC Heidenheim vs Borussia Dortmund,90,8.2,,0,,,133,129.0,,1.0,1.0,,,0,0,4.0,5.0
25368,Waldemar Anton,Borussia Dortmund,D,Borussia Dortmund vs VfL Wolfsburg,90,7.5,,0,,,86,82.0,,1.0,1.0,2.0,,0,0,2.0,7.0
25368,Waldemar Anton,Borussia Dortmund,D,FSV Mainz 05 vs Borussia Dortmund,90,7.3,,0,,,54,47.0,,,,1.0,1.0,0,0,5.0,8.0
25368,Waldemar Anton,Borussia Dortmund,D,Borussia Dortmund vs RB Leipzig,90,6.6,,0,1.0,,89,80.0,,2.0,,,,0,0,5.0,8.0
25368,Waldemar Anton,Borussia Dortmund,D,Bayern München vs Borussia Dortmund,90,6.9,,0,,,50,37.0,,2.0,,1.0,2.0,1,0,8.0,14.0
25368,Waldemar Anton,Borussia Dortmund,D,Borussia Dortmund vs 1. FC Köln,90,7.7,,0,1.0,,94,85.0,,4.0,1.0,1.0,,0,0,7.0,11.0
25368,Waldemar Anton,Borussia Dortmund,D,FC Augsburg vs Borussia Dortmund,90,7.3,,0,,,70,57.0,,,1.0,2.0,1.0,0,0,5.0,9.0
25368,Waldemar Anton,Borussia Dortmund,D,Hamburger SV vs Borussia Dortmund,90,7.3,,0,,,63,56.0,,2.0,2.0,,,0,0,5.0,7.0
25368,Waldemar Anton,Borussia Dortmund,D,Borussia Dortmund vs VfB Stuttgart,90,6.3,,0,,,38,34.0,,6.0,1.0,,,0,0,7.0,11.0
25368,Waldemar Anton,Borussia Dortmund,D,Bayer Leverkusen vs Borussia Dortmund,90,7.3,,0,,,43,37.0,,3.0,,1.0,1.0,0,0,4.0,6.0
25368,Waldemar Anton,Borussia Dortmund,D,Borussia Dortmund vs 1899 Hoffenheim,90,7.2,,0,1.0,,46,39.0,,2.0,1.0,1.0,2.0,0,0,6.0,8.0
25368,Waldemar Anton,Borussia Dortmund,D,Eintracht Frankfurt vs Borussia Dortmund,90,7.3,,0,1.0,1.0,103,89.0,,1.0,1.0,1.0,1.0,1,0,7.0,11.0
25368,Waldemar Anton,Borussia Dortmund,D,Borussia Dortmund vs Werder Bremen,90,7.2,,0,1.0,,70,59.0,,4.0,1.0,,,0,0,6.0,7.0
25368,Waldemar Anton,Borussia Dortmund,D,Borussia Dortmund vs FC St. Pauli,90,7.6,,0,1.0,1.0,135,123.0,,1.0,1.0,,1.0,0,0,8.0,9.0
25368,Waldemar Anton,Borussia Dortmund,D,Union Berlin vs Borussia Dortmund,90,7.3,,0,,,29,21.0,,,2.0,2.0,,0,0,8.0,14.0
25368,Waldemar Anton,Borussia Dortmund,D,Borussia Dortmund vs 1. FC Heidenheim,90,7.9,1.0,0,1.0,1.0,52,46.0,,4.0,,1.0,,1,0,9.0,12.0
25368,Waldemar Anton,Borussia Dortmund,D,VfL Wolfsburg vs Borussia Dortmund,90,6.9,,0,,,82,75.0,,2.0,1.0,,,0,0,5.0,7.0
25368,Waldemar Anton,Borussia Dortmund,D,Borussia Dortmund vs FSV Mainz 05,90,7.6,,0,,,66,62.0,,1.0,1.0,2.0,,0,0,5.0,11.0
25368,Waldemar Anton,Borussia Dortmund,D,RB Leipzig vs Borussia Dortmund,90,7.3,,0,,,58,48.0,,6.0,,2.0,,0,0,9.0,14.0
2194,Ramy Bensebaini,Borussia Dortmund,D,FC St. Pauli vs Borussia Dortmund,90,6.7,,0,1.0,,90,84.0,,,,2.0,1.0,1,0,6.0,10.0
2194,Ramy Bensebaini,Borussia Dortmund,D,Borussia Dortmund vs Union Berlin,90,7.9,,0,,,110,99.0,,1.0,1.0,2.0,,0,0,3.0,7.0
2194,Ramy Bensebaini,Borussia Dortmund,D,1. FC Heidenheim vs Borussia Dortmund,90,8.9,,0,,,120,113.0,,1.0,1.0,2.0,1.0,0,0,5.0,10.0
2194,Ramy Bensebaini,Borussia Dortmund,D,Borussia Dortmund vs VfL Wolfsburg,90,7.9,,0,,,74,69.0,,,1.0,1.0,,1,0,3.0,5.0
2194,Ramy Bensebaini,Borussia Dortmund,D,FSV Mainz 05 vs Borussia Dortmund,90,7.2,,0,1.0,1.0,52,42.0,,1.0,2.0,3.0,,0,0,2.0,8.0
2194,Ramy Bensebaini,Borussia Dortmund,D,Borussia Dortmund vs RB Leipzig,90,7.2,,0,2.0,1.0,48,43.0,,2.0,2.0,2.0,2.0,0,0,6.0,8.0
2194,Ramy Bensebaini,Borussia Dortmund,D,Bayern München vs Borussia Dortmund,45,6.6,,0,,,17,14.0,,3.0,,2.0,,1,0,4.0,6.0
2194,Ramy Bensebaini,Borussia Dortmund,D,Borussia Dortmund vs 1. FC Köln,90,8.3,,0,1.0,,88,77.0,,2.0,,,1.0,0,0,6.0,6.0
2194,Ramy Bensebaini,Borussia Dortmund,D,FC Augsburg vs Borussia Dortmund,90,7.2,,0,,,61,52.0,,2.0,2.0,2.0,1.0,0,0,6.0,14.0
2194,Ramy Bensebaini,Borussia Dortmund,D,SC Freiburg vs Borussia Dortmund,90,7.6,1.0,0,1.0,1.0,40,31.0,,4.0,,1.0,1.0,0,0,7.0,11.0
2194,Ramy Bensebaini,Borussia Dortmund,D,VfL Wolfsburg vs Borussia Dortmund,2,,,0,,,0,,,,,,,0,0,,
2194,Ramy Bensebaini,Borussia Dortmund,D,Borussia Dortmund vs FSV Mainz 05,90,7.9,1.0,0,1.0,1.0,77,68.0,,,1.0,3.0,,0,0,2.0,9.0
2194,Ramy Bensebaini,Borussia Dortmund,D,RB Leipzig vs Borussia Dortmund,90,6.9,,0,1.0,,47,33.0,,2.0,,4.0,3.0,1,0,7.0,14.0
197448,Yan Couto,Borussia Dortmund,M,FC St. Pauli vs Borussia Dortmund,90,6.3,,0,,,16,12.0,,1.0,1.0,1.0,2.0,1,0,3.0,6.0
197448,Yan Couto,Borussia Dortmund,M,Borussia Dortmund vs Union Berlin,90,7.5,,1,,,59,53.0,,2.0,,3.0,2.0,0,0,6.0,12.0
197448,Yan Couto,Borussia Dortmund,M,1. FC Heidenheim vs Borussia Dortmund,90,6.5,,0,1.0,,68,59.0,,2.0,1.0,,,0,0,3.0,3.0
197448,Yan Couto,Borussia Dortmund,M,FSV Mainz 05 vs Borussia Dortmund,69,7,,0,1.0,,20,15.0,,1.0,,1.0,2.0,1,0,3.0,8.0
197448,Yan Couto,Borussia Dortmund,M,Borussia Dortmund vs RB Leipzig,60,7.9,1.0,0,1.0,1.0,41,35.0,,1.0,,2.0,1.0,0,0,3.0,8.0
197448,Yan Couto,Borussia Dortmund,M,FC Augsburg vs Borussia Dortmund,74,6.7,,0,,,32,26.0,,3.0,,1.0,1.0,0,0,4.0,10.0
197448,Yan Couto,Borussia Dortmund,M,Bayer Leverkusen vs Borussia Dortmund,10,6.2,,0,,,2,1.0,,1.0,,1.0,1.0,1,0,2.0,3.0
197448,Yan Couto,Borussia Dortmund,M,Borussia Dortmund vs 1899 Hoffenheim,89,7.9,,1,,,39,26.0,,2.0,1.0,,,0,0,5.0,11.0
197448,Yan Couto,Borussia Dortmund,M,SC Freiburg vs Borussia Dortmund,89,7.3,,0,1.0,1.0,43,34.0,,1.0,1.0,1.0,2.0,1,0,3.0,5.0
197448,Yan Couto,Borussia Dortmund,M,Borussia Dortmund vs Borussia Mönchengladbach,8,7,,0,,,9,7.0,,1.0,,,,0,0,1.0,3.0
197448,Yan Couto,Borussia Dortmund,M,Borussia Dortmund vs Werder Bremen,90,7.3,,0,1.0,1.0,35,31.0,,3.0,2.0,,1.0,0,0,5.0,6.0
197448,Yan Couto,Borussia Dortmund,M,Borussia Dortmund vs FC St. Pauli,19,6.5,,0,,,10,8.0,,,,,,0,0,2.0,2.0
197448,Yan Couto,Borussia Dortmund,M,Borussia Dortmund vs 1. FC Heidenheim,58,6.6,,0,,,18,16.0,,,,2.0,1.0,0,0,3.0,9.0
197448,Yan Couto,Borussia Dortmund,M,RB Leipzig vs Borussia Dortmund,26,6.7,,0,,,12,9.0,,,,,,0,0,,1.0
18970,Pascal Groß,Borussia Dortmund,M,FC St. Pauli vs Borussia Dortmund,87,6,,1,1.0,1.0,44,34.0,,2.0,,3.0,1.0,0,0,3.0,9.0
18970,Pascal Groß,Borussia Dortmund,M,Borussia Dortmund vs Union Berlin,8,6.6,,0,,,15,14.0,,1.0,,,,0,0,1.0,1.0
18970,Pascal Groß,Borussia Dortmund,M,1. FC Heidenheim vs Borussia Dortmund,65,7.2,,0,,,72,66.0,,,,1.0,,0,0,1.0,5.0
18970,Pascal Groß,Borussia Dortmund,M,FSV Mainz 05 vs Borussia Dortmund,13,6.6,,0,,,13,12.0,,,,,1.0,0,0,1.0,1.0
18970,Pascal Groß,Borussia Dortmund,M,Borussia Dortmund vs RB Leipzig,9,6.6,,0,1.0,,10,8.0,,,,1.0,,0,0,1.0,4.0
18970,Pascal Groß,Borussia Dortmund,M,Bayern München vs Borussia Dortmund,84,6.3,,0,,,30,21.0,,,,2.0,,0,0,2.0,5.0
18970,Pascal Groß,Borussia Dortmund,M,Borussia Dortmund vs 1. FC Köln,68,7.3,,0,1.0,,64,58.0,,1.0,,2.0,1.0,0,0,2.0,5.0
18970,Pascal Groß,Borussia Dortmund,M,FC Augsburg vs Borussia Dortmund,90,7.2,,0,,,69,60.0,,2.0,3.0,,,0,0,4.0,6.0
18970,Pascal Groß,Borussia Dortmund,M,Hamburger SV vs Borussia Dortmund,89,7,,0,1.0,,77,68.0,,,1.0,,,0,0,1.0,4.0
18970,Pascal Groß,Borussia Dortmund,M,SC Freiburg vs Borussia Dortmund,34,6.7,,0,,,5,4.0,,,1.0,,1.0,0,0,1.0,2.0
18970,Pascal Groß,Borussia Dortmund,M,Borussia Dortmund vs Borussia Mönchengladbach,71,7.5,,0,,,65,60.0,,2.0,1.0,1.0,,0,0,2.0,3.0
1159,Marcel Sabitzer,Borussia Dortmund,M,FC St. Pauli vs Borussia Dortmund,90,6.6,,1,,,27,23.0,,1.0,1.0,1.0,,1,0,2.0,4.0
1159,Marcel Sabitzer,Borussia Dortmund,M,Borussia Dortmund vs Union Berlin,86,6.9,,0,1.0,,51,44.0,,1.0,1.0,1.0,,0,0,1.0,2.0
1159,Marcel Sabitzer,Borussia Dortmund,M,Borussia Dortmund vs VfL Wolfsburg,89,7.3,,0,,,51,48.0,,3.0,3.0,3.0,,0,0,3.0,6.0
1159,Marcel Sabitzer,Borussia Dortmund,M,FSV Mainz 05 vs Borussia Dortmund,77,7.3,,0,1.0,,26,21.0,,2.0,2.0,,,0,0,3.0,5.0
1159,Marcel Sabitzer,Borussia Dortmund,M,Borussia Dortmund vs RB Leipzig,90,6.9,,0,1.0,,45,38.0,,1.0,1.0,1.0,1.0,0,0,2.0,8.0
1159,Marcel Sabitzer,Borussia Dortmund,M,Bayern München vs Borussia Dortmund,73,6.3,,0,,,23,19.0,,,,2.0,,0,0,,2.0
1159,Marcel Sabitzer,Borussia Dortmund,M,Borussia Dortmund vs 1. FC Köln,22,6.7,,0,1.0,1.0,14,11.0,,,,1.0,1.0,0,0,1.0,3.0
1159,Marcel Sabitzer,Borussia Dortmund,M,FC Augsburg vs Borussia Dortmund,16,6.6,,0,,,5,3.0,,,,,1.0,0,0,2.0,3.0
1159,Marcel Sabitzer,Borussia Dortmund,M,Bayer Leverkusen vs Borussia Dortmund,90,6.3,,0,1.0,,23,19.0,,1.0,,,,0,0,2.0,4.0
1159,Marcel Sabitzer,Borussia Dortmund,M,Borussia Dortmund vs 1899 Hoffenheim,90,6.9,,0,,,32,20.0,,2.0,1.0,,,0,0,2.0,4.0
1159,Marcel Sabitzer,Borussia Dortmund,M,Borussia Dortmund vs Borussia Mönchengladbach,19,6.9,,0,,,22,18.0,,,1.0,,1.0,0,0,2.0,3.0
1159,Marcel Sabitzer,Borussia Dortmund,M,Eintracht Frankfurt vs Borussia Dortmund,90,6.9,,0,,,50,44.0,,1.0,,,1.0,0,0,3.0,5.0
1159,Marcel Sabitzer,Borussia Dortmund,M,Borussia Dortmund vs Werder Bremen,90,7.7,1.0,0,3.0,2.0,32,26.0,,,1.0,1.0,1.0,1,0,3.0,5.0
1159,Marcel Sabitzer,Borussia Dortmund,M,Borussia Dortmund vs FSV Mainz 05,16,6.5,,0,,,14,13.0,,,1.0,,,0,0,,2.0
1159,Marcel Sabitzer,Borussia Dortmund,M,RB Leipzig vs Borussia Dortmund,76,6.9,,0,2.0,1.0,15,12.0,,,1.0,,1.0,0,0,3.0,7.0
198654,Daniel Svensson,Borussia Dortmund,M,FC St. Pauli vs Borussia Dortmund,90,6.6,,0,,,45,41.0,,,1.0,,,0,0,2.0,3.0
198654,Daniel Svensson,Borussia Dortmund,M,Borussia Dortmund vs Union Berlin,90,6.6,,0,,,55,50.0,,,,2.0,,0,0,2.0,5.0
198654,Daniel Svensson,Borussia Dortmund,M,1. FC Heidenheim vs Borussia Dortmund,90,7.3,,0,,,48,45.0,,,,,,0,0,,
198654,Daniel Svensson,Borussia Dortmund,M,Borussia Dortmund vs VfL Wolfsburg,90,6.2,,0,1.0,,43,33.0,,,,1.0,,0,0,1.0,2.0
198654,Daniel Svensson,Borussia Dortmund,M,FSV Mainz 05 vs Borussia Dortmund,90,7.6,1.0,0,1.0,1.0,16,15.0,,1.0,,1.0,1.0,0,0,5.0,9.0
198654,Daniel Svensson,Borussia Dortmund,M,Borussia Dortmund vs RB Leipzig,90,7.5,,0,,,37,33.0,,4.0,,3.0,4.0,0,0,8.0,13.0
198654,Daniel Svensson,Borussia Dortmund,M,Bayern München vs Borussia Dortmund,90,6.9,,0,,,26,19.0,,3.0,3.0,3.0,,0,0,3.0,7.0
198654,Daniel Svensson,Borussia Dortmund,M,Borussia Dortmund vs 1. FC Köln,85,7.2,,0,,,28,25.0,,1.0,,1.0,,0,0,2.0,6.0
198654,Daniel Svensson,Borussia Dortmund,M,FC Augsburg vs Borussia Dortmund,28,6.7,,0,,,7,5.0,,1.0,,3.0,,0,0,1.0,5.0
198654,Daniel Svensson,Borussia Dortmund,M,Hamburger SV vs Borussia Dortmund,90,6.7,,0,1.0,,26,23.0,,3.0,,,2.0,0,0,5.0,8.0
198654,Daniel Svensson,Borussia Dortmund,M,Borussia Dortmund vs VfB Stuttgart,17,6.2,,0,,,6,5.0,,,,,1.0,0,0,2.0,6.0
198654,Daniel Svensson,Borussia Dortmund,M,Bayer Leverkusen vs Borussia Dortmund,90,6.6,,1,,,18,13.0,,3.0,2.0,1.0,,0,0,4.0,9.0
198654,Daniel Svensson,Borussia Dortmund,M,Borussia Dortmund vs 1899 Hoffenheim,90,6.6,,0,1.0,1.0,23,18.0,,1.0,,,1.0,0,0,3.0,6.0
198654,Daniel Svensson,Borussia Dortmund,M,SC Freiburg vs Borussia Dortmund,12,6.7,,0,,,3,2.0,,,1.0,,,0,0,,1.0
198654,Daniel Svensson,Borussia Dortmund,M,Borussia Dortmund vs Borussia Mönchengladbach,90,6.6,,0,,,43,37.0,,1.0,,1.0,1.0,0,0,2.0,4.0
198654,Daniel Svensson,Borussia Dortmund,M,Eintracht Frankfurt vs Borussia Dortmund,90,6.2,,0,1.0,,35,25.0,,1.0,2.0,2.0,,0,0,5.0,11.0
198654,Daniel Svensson,Borussia Dortmund,M,Borussia Dortmund vs Werder Bremen,23,6.7,,0,,,9,9.0,,,,1.0,,0,0,,1.0
198654,Daniel Svensson,Borussia Dortmund,M,Borussia Dortmund vs FC St. Pauli,90,6.6,,0,,,32,25.0,,1.0,1.0,1.0,,0,0,3.0,4.0
198654,Daniel Svensson,Borussia Dortmund,M,Union Berlin vs Borussia Dortmund,90,6.6,,0,,,20,17.0,,,1.0,1.0,,0,0,4.0,10.0
198654,Daniel Svensson,Borussia Dortmund,M,Borussia Dortmund vs 1. FC Heidenheim,90,7.5,,0,,,27,21.0,,3.0,,,1.0,0,0,5.0,5.0
198654,Daniel Svensson,Borussia Dortmund,M,VfL Wolfsburg vs Borussia Dortmund,90,6.9,,0,,,46,42.0,,3.0,,1.0,2.0,0,0,7.0,13.0
198654,Daniel Svensson,Borussia Dortmund,M,Borussia Dortmund vs FSV Mainz 05,90,6.6,,0,,,36,27.0,,,1.0,,,0,0,1.0,2.0
198654,Daniel Svensson,Borussia Dortmund,M,RB Leipzig vs Borussia Dortmund,90,6.6,,0,,,23,16.0,,1.0,,,1.0,0,0,4.0,8.0
326757,Jobe Bellingham,Borussia Dortmund,F,FC St. Pauli vs Borussia Dortmund,45,6.7,,0,,,12,12.0,,1.0,,,1.0,0,0,3.0,8.0
326757,Jobe Bellingham,Borussia Dortmund,F,Borussia Dortmund vs Union Berlin,71,7.2,,0,,,61,51.0,,1.0,1.0,1.0,2.0,0,0,7.0,10.0
326757,Jobe Bellingham,Borussia Dortmund,F,1. FC Heidenheim vs Borussia Dortmund,24,6.3,,0,,,30,28.0,,,2.0,2.0,,0,0,,4.0
326757,Jobe Bellingham,Borussia Dortmund,F,Borussia Dortmund vs VfL Wolfsburg,13,6.7,,0,,,7,6.0,,,,,,0,0,,1.0
326757,Jobe Bellingham,Borussia Dortmund,F,FSV Mainz 05 vs Borussia Dortmund,13,6.5,,0,,,16,12.0,,,1.0,,,0,0,,2.0
326757,Jobe Bellingham,Borussia Dortmund,F,Borussia Dortmund vs RB Leipzig,20,6.6,,0,,,5,4.0,,2.0,,,1.0,0,0,4.0,6.0
326757,Jobe Bellingham,Borussia Dortmund,F,Bayern München vs Borussia Dortmund,17,6.3,,0,,,12,12.0,,1.0,1.0,,,0,0,1.0,1.0
326757,Jobe Bellingham,Borussia Dortmund,F,Borussia Dortmund vs 1. FC Köln,14,6.7,,0,,,6,6.0,,,,,,0,0,,
326757,Jobe Bellingham,Borussia Dortmund,F,FC Augsburg vs Borussia Dortmund,28,6.9,,0,,,11,10.0,,,1.0,,2.0,0,0,3.0,6.0
326757,Jobe Bellingham,Borussia Dortmund,F,Hamburger SV vs Borussia Dortmund,90,7.3,,0,,,70,62.0,,2.0,2.0,1.0,1.0,0,0,3.0,4.0
326757,Jobe Bellingham,Borussia Dortmund,F,Borussia Dortmund vs VfB Stuttgart,90,6.9,,0,1.0,,50,42.0,,2.0,2.0,1.0,1.0,0,0,4.0,6.0
326757,Jobe Bellingham,Borussia Dortmund,F,Bayer Leverkusen vs Borussia Dortmund,10,6.3,,0,,,4,4.0,,,,,,0,0,,
326757,Jobe Bellingham,Borussia Dortmund,F,SC Freiburg vs Borussia Dortmund,53,5.7,,0,1.0,1.0,31,23.0,,3.0,,1.0,,0,1,6.0,10.0
326757,Jobe Bellingham,Borussia Dortmund,F,Borussia Dortmund vs Werder Bremen,23,6.6,,0,,,12,9.0,,,2.0,,,0,0,,1.0
326757,Jobe Bellingham,Borussia Dortmund,F,Borussia Dortmund vs FC St. Pauli,90,6.7,,0,,,61,52.0,,,4.0,1.0,1.0,1,0,4.0,9.0
326757,Jobe Bellingham,Borussia Dortmund,F,Union Berlin vs Borussia Dortmund,90,6.7,,1,1.0,1.0,26,19.0,,2.0,3.0,1.0,,0,0,3.0,9.0
326757,Jobe Bellingham,Borussia Dortmund,F,Borussia Dortmund vs 1. FC Heidenheim,58,7.2,,0,1.0,,37,35.0,,4.0,,,1.0,0,0,6.0,10.0
326757,Jobe Bellingham,Borussia Dortmund,F,VfL Wolfsburg vs Borussia Dortmund,90,6.9,,0,1.0,1.0,49,43.0,,3.0,4.0,,4.0,0,0,8.0,9.0
326757,Jobe Bellingham,Borussia Dortmund,F,Borussia Dortmund vs FSV Mainz 05,90,7,,0,,,55,46.0,,,4.0,1.0,,0,0,,2.0
326757,Jobe Bellingham,Borussia Dortmund,F,RB Leipzig vs Borussia Dortmund,90,6.9,,0,,,35,29.0,,,,,1.0,0,0,4.0,5.0
21393,Serhou Guirassy,Borussia Dortmund,F,FC St. Pauli vs Borussia Dortmund,90,7.2,1.0,0,3.0,3.0,18,9.0,,,,2.0,2.0,0,0,8.0,13.0
21393,Serhou Guirassy,Borussia Dortmund,F,Borussia Dortmund vs Union Berlin,87,8.2,2.0,0,6.0,5.0,23,18.0,,,,1.0,,0,0,3.0,9.0
21393,Serhou Guirassy,Borussia Dortmund,F,1. FC Heidenheim vs Borussia Dortmund,90,7,1.0,0,5.0,5.0,31,26.0,,,,1.0,,1,0,1.0,3.0
21393,Serhou Guirassy,Borussia Dortmund,F,Borussia Dortmund vs VfL Wolfsburg,90,6.2,,0,,,18,14.0,,,,1.0,1.0,0,0,3.0,6.0
21393,Serhou Guirassy,Borussia Dortmund,F,Borussia Dortmund vs RB Leipzig,81,7.2,,1,1.0,1.0,20,14.0,,,,1.0,,0,0,2.0,5.0
21393,Serhou Guirassy,Borussia Dortmund,F,Bayern München vs Borussia Dortmund,84,6.9,,0,1.0,,18,8.0,,,,,3.0,0,0,8.0,10.0
21393,Serhou Guirassy,Borussia Dortmund,F,Borussia Dortmund vs 1. FC Köln,90,5.9,,0,2.0,1.0,25,17.0,,,,1.0,,1,0,5.0,10.0
21393,Serhou Guirassy,Borussia Dortmund,F,FC Augsburg vs Borussia Dortmund,90,7.5,1.0,0,2.0,1.0,16,13.0,,,,2.0,2.0,0,0,7.0,16.0
21393,Serhou Guirassy,Borussia Dortmund,F,Hamburger SV vs Borussia Dortmund,89,6.2,,0,2.0,,11,8.0,,1.0,,5.0,4.0,0,0,5.0,14.0
21393,Serhou Guirassy,Borussia Dortmund,F,Borussia Dortmund vs VfB Stuttgart,90,6.3,,0,2.0,1.0,27,24.0,,,,2.0,1.0,0,0,2.0,8.0
21393,Serhou Guirassy,Borussia Dortmund,F,Bayer Leverkusen vs Borussia Dortmund,61,7,,0,2.0,1.0,12,11.0,,,,,1.0,0,0,5.0,7.0
21393,Serhou Guirassy,Borussia Dortmund,F,Borussia Dortmund vs 1899 Hoffenheim,89,6.7,,0,1.0,,22,17.0,,,,1.0,1.0,0,0,8.0,12.0
21393,Serhou Guirassy,Borussia Dortmund,F,SC Freiburg vs Borussia Dortmund,78,6.3,,0,3.0,,24,17.0,,,,2.0,1.0,0,0,4.0,9.0
21393,Serhou Guirassy,Borussia Dortmund,F,Borussia Dortmund vs Borussia Mönchengladbach,82,6.5,,0,2.0,,23,16.0,,,,1.0,,0,0,4.0,7.0
21393,Serhou Guirassy,Borussia Dortmund,F,Eintracht Frankfurt vs Borussia Dortmund,66,5.3,,0,1.0,,11,8.0,,,,1.0,,0,0,1.0,8.0
21393,Serhou Guirassy,Borussia Dortmund,F,Borussia Dortmund vs Werder Bremen,23,7.5,1.0,0,2.0,2.0,12,9.0,,,,1.0,1.0,0,0,2.0,3.0
21393,Serhou Guirassy,Borussia Dortmund,F,Borussia Dortmund vs FC St. Pauli,19,6.6,,0,1.0,,10,8.0,,,,,,0,0,4.0,4.0
21393,Serhou Guirassy,Borussia Dortmund,F,Union Berlin vs Borussia Dortmund,90,7.3,,0,1.0,,26,21.0,,,,3.0,4.0,0,0,14.0,24.0
21393,Serhou Guirassy,Borussia Dortmund,F,Borussia Dortmund vs 1. FC Heidenheim,89,7.5,2.0,0,7.0,3.0,27,24.0,,1.0,,2.0,2.0,0,0,9.0,24.0
21393,Serhou Guirassy,Borussia Dortmund,F,VfL Wolfsburg vs Borussia Dortmund,90,7.3,1.0,0,1.0,1.0,21,15.0,,,,4.0,2.0,0,0,8.0,19.0
21393,Serhou Guirassy,Borussia Dortmund,F,Borussia Dortmund vs FSV Mainz 05,74,8.2,2.0,0,3.0,2.0,15,12.0,,,,,,0,0,5.0,11.0
21393,Serhou Guirassy,Borussia Dortmund,F,RB Leipzig vs Borussia Dortmund,71,6.5,,0,,,19,14.0,,,,,,0,0,5.0,12.0
7334,Karim Adeyemi,Borussia Dortmund,F,FC St. Pauli vs Borussia Dortmund,45,7.5,,0,,,11,7.0,,,1.0,,2.0,0,0,3.0,6.0
7334,Karim Adeyemi,Borussia Dortmund,F,Borussia Dortmund vs Union Berlin,3,,,0,,,2,2.0,,,,1.0,,0,0,,2.0
7334,Karim Adeyemi,Borussia Dortmund,F,1. FC Heidenheim vs Borussia Dortmund,66,6.9,,1,4.0,2.0,12,8.0,,,1.0,2.0,1.0,1,0,5.0,9.0
7334,Karim Adeyemi,Borussia Dortmund,F,Borussia Dortmund vs VfL Wolfsburg,77,7.9,1.0,0,5.0,1.0,22,16.0,,1.0,1.0,1.0,4.0,0,0,8.0,11.0
7334,Karim Adeyemi,Borussia Dortmund,F,FSV Mainz 05 vs Borussia Dortmund,68,7.6,1.0,0,1.0,1.0,17,10.0,,,1.0,1.0,3.0,0,0,6.0,12.0
7334,Karim Adeyemi,Borussia Dortmund,F,Borussia Dortmund vs RB Leipzig,70,5.9,,0,1.0,,20,11.0,,,,,,0,0,2.0,12.0
7334,Karim Adeyemi,Borussia Dortmund,F,Bayern München vs Borussia Dortmund,74,6.2,,0,1.0,,19,16.0,,,,2.0,2.0,0,0,2.0,5.0
7334,Karim Adeyemi,Borussia Dortmund,F,Borussia Dortmund vs 1. FC Köln,79,7.2,,0,2.0,1.0,28,24.0,,,,1.0,3.0,0,0,6.0,12.0
7334,Karim Adeyemi,Borussia Dortmund,F,Hamburger SV vs Borussia Dortmund,24,6.5,,0,,,5,5.0,,,,,,1,0,,1.0
7334,Karim Adeyemi,Borussia Dortmund,F,Borussia Dortmund vs VfB Stuttgart,13,7.9,1.0,0,2.0,2.0,6,3.0,,,,,,0,0,,1.0
7334,Karim Adeyemi,Borussia Dortmund,F,Bayer Leverkusen vs Borussia Dortmund,80,7.3,1.0,0,1.0,1.0,18,11.0,,1.0,,,1.0,0,0,3.0,7.0
7334,Karim Adeyemi,Borussia Dortmund,F,Borussia Dortmund vs 1899 Hoffenheim,80,6.3,,0,,,12,11.0,,,,1.0,2.0,0,0,3.0,13.0
7334,Karim Adeyemi,Borussia Dortmund,F,Borussia Dortmund vs Borussia Mönchengladbach,60,5.9,,0,1.0,1.0,11,8.0,,,,4.0,,0,0,1.0,14.0
7334,Karim Adeyemi,Borussia Dortmund,F,Eintracht Frankfurt vs Borussia Dortmund,15,6.6,,0,,,2,2.0,,,,,1.0,0,0,2.0,2.0
7334,Karim Adeyemi,Borussia Dortmund,F,Borussia Dortmund vs Werder Bremen,10,6.3,,0,,,3,2.0,,,,,,0,0,,1.0
7334,Karim Adeyemi,Borussia Dortmund,F,Borussia Dortmund vs FC St. Pauli,71,8.7,1.0,1,1.0,1.0,23,17.0,,1.0,,2.0,3.0,1,0,7.0,11.0
7334,Karim Adeyemi,Borussia Dortmund,F,Borussia Dortmund vs 1. FC Heidenheim,69,6.9,,0,1.0,1.0,21,14.0,,,,1.0,1.0,0,0,6.0,12.0
7334,Karim Adeyemi,Borussia Dortmund,F,Borussia Dortmund vs FSV Mainz 05,16,6.2,,0,,,5,5.0,,,,,,0,0,,2.0
7334,Karim Adeyemi,Borussia Dortmund,F,RB Leipzig vs Borussia Dortmund,14,6.6,,1,,,7,4.0,,,,,,0,0,,1.0
984,Julian Brandt,Borussia Dortmund,M,FC St. Pauli vs Borussia Dortmund,45,7.9,1.0,0,2.0,2.0,12,9.0,,2.0,,,,0,0,5.0,7.0
984,Julian Brandt,Borussia Dortmund,M,Borussia Dortmund vs Union Berlin,90,7.6,,0,,,64,56.0,,,,,,0,0,2.0,3.0
984,Julian Brandt,Borussia Dortmund,M,Borussia Dortmund vs VfL Wolfsburg,13,6.6,,0,,,11,10.0,,1.0,,,,0,0,1.0,7.0
984,Julian Brandt,Borussia Dortmund,M,FSV Mainz 05 vs Borussia Dortmund,90,7,,2,2.0,1.0,27,20.0,,,,1.0,,0,0,1.0,8.0
984,Julian Brandt,Borussia Dortmund,M,Borussia Dortmund vs RB Leipzig,20,6.2,,0,1.0,,12,7.0,,,,,,0,0,1.0,3.0
984,Julian Brandt,Borussia Dortmund,M,Bayern München vs Borussia Dortmund,12,7.7,1.0,0,1.0,1.0,3,3.0,,,,,,0,0,,
984,Julian Brandt,Borussia Dortmund,M,Borussia Dortmund vs 1. FC Köln,14,6.7,,0,1.0,1.0,6,6.0,,,,,,0,0,,
984,Julian Brandt,Borussia Dortmund,M,FC Augsburg vs Borussia Dortmund,89,6.3,,0,1.0,,36,25.0,,1.0,,1.0,1.0,0,0,4.0,9.0
984,Julian Brandt,Borussia Dortmund,M,Borussia Dortmund vs VfB Stuttgart,73,6.7,,0,,,30,16.0,,1.0,1.0,,,0,0,2.0,4.0
984,Julian Brandt,Borussia Dortmund,M,Bayer Leverkusen vs Borussia Dortmund,89,6.6,,0,2.0,1.0,33,29.0,,1.0,,,,0,0,3.0,4.0
984,Julian Brandt,Borussia Dortmund,M,Borussia Dortmund vs 1899 Hoffenheim,80,7.5,1.0,0,2.0,2.0,14,12.0,,,,,,0,0,1.0,2.0
984,Julian Brandt,Borussia Dortmund,M,Borussia Dortmund vs Borussia Mönchengladbach,71,7.5,1.0,0,2.0,1.0,28,25.0,,,,,,0,0,1.0,4.0
984,Julian Brandt,Borussia Dortmund,M,Eintracht Frankfurt vs Borussia Dortmund,87,6.7,,0,2.0,1.0,48,36.0,,,2.0,,2.0,0,0,5.0,8.0
984,Julian Brandt,Borussia Dortmund,M,Borussia Dortmund vs FC St. Pauli,83,8.2,1.0,0,3.0,2.0,27,23.0,,2.0,,,1.0,0,0,5.0,6.0
984,Julian Brandt,Borussia Dortmund,M,Borussia Dortmund vs 1. FC Heidenheim,90,7.2,,0,,,51,42.0,,3.0,,,,0,0,5.0,7.0
984,Julian Brandt,Borussia Dortmund,M,VfL Wolfsburg vs Borussia Dortmund,88,7.2,1.0,0,1.0,1.0,57,49.0,,,,2.0,,0,0,3.0,9.0
984,Julian Brandt,Borussia Dortmund,M,Borussia Dortmund vs FSV Mainz 05,61,6.9,,0,1.0,1.0,29,19.0,,,,,,0,0,2.0,3.0
984,Julian Brandt,Borussia Dortmund,M,RB Leipzig vs Borussia Dortmund,26,6.7,,0,1.0,1.0,14,9.0,,,,,1.0,0,0,3.0,4.0
637,Felix Nmecha,Borussia Dortmund,M,FC St. Pauli vs Borussia Dortmund,45,6.3,,1,,,11,8.0,,,1.0,1.0,1.0,0,0,1.0,5.0
637,Felix Nmecha,Borussia Dortmund,M,Borussia Dortmund vs Union Berlin,19,8,1.0,0,1.0,1.0,19,19.0,,,,,,0,0,1.0,1.0
637,Felix Nmecha,Borussia Dortmund,M,1. FC Heidenheim vs Borussia Dortmund,89,7.2,,0,1.0,,68,56.0,,2.0,,,2.0,0,0,8.0,8.0
637,Felix Nmecha,Borussia Dortmund,M,Borussia Dortmund vs VfL Wolfsburg,77,7.2,,0,1.0,1.0,38,34.0,,,,,,0,0,2.0,3.0
637,Felix Nmecha,Borussia Dortmund,M,FSV Mainz 05 vs Borussia Dortmund,77,7,,0,,,27,20.0,,,1.0,,1.0,0,0,3.0,4.0
637,Felix Nmecha,Borussia Dortmund,M,Borussia Dortmund vs RB Leipzig,70,6.5,,0,,,24,18.0,,1.0,1.0,1.0,,0,0,4.0,9.0
637,Felix Nmecha,Borussia Dortmund,M,Bayern München vs Borussia Dortmund,90,6.6,,0,1.0,,34,27.0,,1.0,3.0,1.0,1.0,0,0,6.0,11.0
637,Felix Nmecha,Borussia Dortmund,M,Borussia Dortmund vs 1. FC Köln,85,7.2,,0,3.0,1.0,47,40.0,,2.0,1.0,2.0,2.0,0,0,5.0,13.0
637,Felix Nmecha,Borussia Dortmund,M,FC Augsburg vs Borussia Dortmund,62,6.9,,0,,,39,34.0,,3.0,,2.0,,0,0,7.0,9.0
637,Felix Nmecha,Borussia Dortmund,M,Hamburger SV vs Borussia Dortmund,8,6.3,,0,,,3,1.0,,,,,,0,0,1.0,2.0
637,Felix Nmecha,Borussia Dortmund,M,Borussia Dortmund vs VfB Stuttgart,90,5.9,,0,1.0,,35,28.0,,2.0,2.0,5.0,,0,0,3.0,13.0
637,Felix Nmecha,Borussia Dortmund,M,Bayer Leverkusen vs Borussia Dortmund,89,7.2,,0,,,31,30.0,,3.0,,,,0,0,4.0,5.0
637,Felix Nmecha,Borussia Dortmund,M,Borussia Dortmund vs 1899 Hoffenheim,89,6.9,,1,,,34,27.0,,2.0,2.0,3.0,1.0,0,0,4.0,12.0
637,Felix Nmecha,Borussia Dortmund,M,SC Freiburg vs Borussia Dortmund,90,6.6,,0,,,35,30.0,,1.0,1.0,1.0,,0,0,1.0,3.0
637,Felix Nmecha,Borussia Dortmund,M,Borussia Dortmund vs Borussia Mönchengladbach,90,8.2,,0,,,76,72.0,,2.0,3.0,,,0,0,8.0,9.0
637,Felix Nmecha,Borussia Dortmund,M,Eintracht Frankfurt vs Borussia Dortmund,90,8,1.0,0,1.0,1.0,53,49.0,,1.0,,,3.0,0,0,5.0,7.0
637,Felix Nmecha,Borussia Dortmund,M,Borussia Dortmund vs Werder Bremen,90,7.2,,1,,,48,44.0,,3.0,3.0,1.0,,0,0,3.0,6.0
637,Felix Nmecha,Borussia Dortmund,M,Borussia Dortmund vs FC St. Pauli,83,6.3,,0,,,38,33.0,,,,,,0,0,1.0,5.0
637,Felix Nmecha,Borussia Dortmund,M,Union Berlin vs Borussia Dortmund,89,7,,0,1.0,,22,19.0,,2.0,1.0,2.0,1.0,0,0,7.0,14.0
637,Felix Nmecha,Borussia Dortmund,M,Borussia Dortmund vs 1. FC Heidenheim,90,7,,0,1.0,,48,39.0,,2.0,2.0,,1.0,0,0,5.0,6.0
637,Felix Nmecha,Borussia Dortmund,M,VfL Wolfsburg vs Borussia Dortmund,88,7.3,,0,1.0,,53,49.0,,1.0,,,1.0,0,0,6.0,7.0
637,Felix Nmecha,Borussia Dortmund,M,Borussia Dortmund vs FSV Mainz 05,74,7.2,,0,1.0,1.0,33,29.0,,,,,1.0,0,0,6.0,7.0
637,Felix Nmecha,Borussia Dortmund,M,RB Leipzig vs Borussia Dortmund,65,6.2,,0,1.0,1.0,20,17.0,,,,2.0,1.0,0,0,2.0,8.0
24807,Salih Özcan,Borussia Dortmund,M,FC St. Pauli vs Borussia Dortmund,14,6.3,,0,,,2,2.0,,,,,,0,0,,
24807,Salih Özcan,Borussia Dortmund,M,1. FC Heidenheim vs Borussia Dortmund,16,7,,0,,,26,26.0,,,,,,0,0,1.0,1.0
24807,Salih Özcan,Borussia Dortmund,M,Borussia Dortmund vs FC St. Pauli,16,6.3,,0,,,12,11.0,,,,,,0,0,,1.0
24807,Salih Özcan,Borussia Dortmund,M,VfL Wolfsburg vs Borussia Dortmund,2,,,0,,,0,,,,,,1.0,0,0,1.0,2.0
25906,Robin Zentner,FSV Mainz 05,G,FSV Mainz 05 vs 1. FC Köln,90,7.2,,0,,,33,26.0,,,,,,0,0,1.0,2.0
25906,Robin Zentner,FSV Mainz 05,G,VfL Wolfsburg vs FSV Mainz 05,90,6.2,,0,,,31,21.0,,,,,,1,0,1.0,1.0
25906,Robin Zentner,FSV Mainz 05,G,FSV Mainz 05 vs RB Leipzig,90,6.2,,0,,,39,20.0,,,,,,0,0,,
25906,Robin Zentner,FSV Mainz 05,G,FC Augsburg vs FSV Mainz 05,90,7.5,,0,,,31,10.0,,,,,,0,0,1.0,1.0
25906,Robin Zentner,FSV Mainz 05,G,FSV Mainz 05 vs Borussia Dortmund,67,5.6,,0,,,28,15.0,,,,1.0,1.0,0,1,2.0,3.0
25906,Robin Zentner,FSV Mainz 05,G,VfB Stuttgart vs FSV Mainz 05,90,7.3,,0,,,44,20.0,,,,,,0,0,,
25906,Robin Zentner,FSV Mainz 05,G,FSV Mainz 05 vs Werder Bremen,90,7,,0,,,32,18.0,,,,,,0,0,,
25906,Robin Zentner,FSV Mainz 05,G,Eintracht Frankfurt vs FSV Mainz 05,90,7,,0,,,49,23.0,,,,1.0,,1,0,1.0,3.0
25906,Robin Zentner,FSV Mainz 05,G,FSV Mainz 05 vs 1899 Hoffenheim,90,8.5,,0,,,51,22.0,,,,,,0,0,2.0,2.0
1812,Danny da Costa,FSV Mainz 05,D,FSV Mainz 05 vs 1. FC Köln,90,7.2,,0,1.0,,48,37.0,,,,1.0,1.0,0,0,5.0,7.0
1812,Danny da Costa,FSV Mainz 05,D,VfL Wolfsburg vs FSV Mainz 05,90,6.9,,0,,,67,57.0,,1.0,3.0,2.0,2.0,1,0,7.0,13.0
1812,Danny da Costa,FSV Mainz 05,D,FSV Mainz 05 vs RB Leipzig,90,6.6,,0,,,54,41.0,,3.0,3.0,1.0,1.0,0,0,4.0,7.0
1812,Danny da Costa,FSV Mainz 05,D,FC Augsburg vs FSV Mainz 05,90,6.3,,0,,,23,17.0,,,,,1.0,0,0,1.0,4.0
1812,Danny da Costa,FSV Mainz 05,D,FSV Mainz 05 vs Borussia Dortmund,90,6.5,,0,,,50,37.0,,,1.0,,1.0,0,0,5.0,8.0
1812,Danny da Costa,FSV Mainz 05,D,Hamburger SV vs FSV Mainz 05,90,5.6,,0,,,73,58.0,,,1.0,,,0,0,1.0,7.0
1812,Danny da Costa,FSV Mainz 05,D,FSV Mainz 05 vs Bayer Leverkusen,90,6.3,,0,,,51,39.0,,3.0,2.0,3.0,,0,0,5.0,10.0
1812,Danny da Costa,FSV Mainz 05,D,VfB Stuttgart vs FSV Mainz 05,90,6.9,,0,2.0,1.0,26,21.0,,,,,1.0,0,0,2.0,4.0
1812,Danny da Costa,FSV Mainz 05,D,FSV Mainz 05 vs Werder Bremen,13,6.3,,0,,,2,1.0,,1.0,1.0,1.0,,0,0,1.0,3.0
1812,Danny da Costa,FSV Mainz 05,D,Eintracht Frankfurt vs FSV Mainz 05,90,7,,0,,,35,22.0,,2.0,1.0,1.0,2.0,1,0,7.0,9.0
1812,Danny da Costa,FSV Mainz 05,D,FSV Mainz 05 vs 1899 Hoffenheim,45,8.9,1.0,0,2.0,2.0,15,9.0,,,,1.0,,0,0,4.0,8.0
1812,Danny da Costa,FSV Mainz 05,D,SC Freiburg vs FSV Mainz 05,90,5.9,,0,,,26,15.0,,1.0,2.0,,1.0,0,0,3.0,5.0
1812,Danny da Costa,FSV Mainz 05,D,FSV Mainz 05 vs Borussia Mönchengladbach,90,6.2,,0,,,79,66.0,,1.0,1.0,1.0,,0,0,2.0,5.0
1812,Danny da Costa,FSV Mainz 05,D,Bayern München vs FSV Mainz 05,90,6.5,,0,,,10,8.0,,,,1.0,,1,0,1.0,3.0
1812,Danny da Costa,FSV Mainz 05,D,FSV Mainz 05 vs FC St. Pauli,90,6.9,,0,,,26,14.0,,,,1.0,,0,0,1.0,5.0
1812,Danny da Costa,FSV Mainz 05,D,Union Berlin vs FSV Mainz 05,90,7,,0,,,45,31.0,,4.0,2.0,1.0,1.0,0,0,11.0,13.0
1812,Danny da Costa,FSV Mainz 05,D,FSV Mainz 05 vs 1. FC Heidenheim,90,7.3,,0,,,31,27.0,,1.0,,,1.0,0,0,7.0,9.0
1812,Danny da Costa,FSV Mainz 05,D,1. FC Köln vs FSV Mainz 05,90,7.9,,1,1.0,1.0,21,14.0,,4.0,1.0,1.0,2.0,0,0,9.0,14.0
1812,Danny da Costa,FSV Mainz 05,D,FSV Mainz 05 vs VfL Wolfsburg,65,6.3,,0,,,34,26.0,,1.0,1.0,,,0,0,4.0,9.0
1812,Danny da Costa,FSV Mainz 05,D,RB Leipzig vs FSV Mainz 05,90,7.2,,0,,,18,11.0,,6.0,1.0,2.0,1.0,0,0,7.0,14.0
1812,Danny da Costa,FSV Mainz 05,D,FSV Mainz 05 vs FC Augsburg,90,7.2,,0,,,18,14.0,,,,2.0,1.0,0,0,2.0,4.0
1812,Danny da Costa,FSV Mainz 05,D,Borussia Dortmund vs FSV Mainz 05,90,6,,0,,,27,16.0,,1.0,1.0,,1.0,0,0,2.0,5.0
1812,Danny da Costa,FSV Mainz 05,D,FSV Mainz 05 vs Hamburger SV,90,7.5,,1,,,30,21.0,,2.0,,1.0,1.0,0,0,6.0,11.0
39279,Andreas Hanche-Olsen,FSV Mainz 05,D,FSV Mainz 05 vs 1. FC Köln,65,7,,0,,,38,28.0,,,,1.0,,0,0,7.0,11.0
39279,Andreas Hanche-Olsen,FSV Mainz 05,D,VfL Wolfsburg vs FSV Mainz 05,45,6.6,,0,,,19,15.0,,1.0,1.0,2.0,,1,0,4.0,9.0
39279,Andreas Hanche-Olsen,FSV Mainz 05,D,FSV Mainz 05 vs RB Leipzig,75,6.6,,0,,,33,27.0,,1.0,3.0,,,0,0,4.0,6.0
39279,Andreas Hanche-Olsen,FSV Mainz 05,D,FC Augsburg vs FSV Mainz 05,81,7.3,,1,,,26,21.0,,,2.0,1.0,1.0,0,0,5.0,8.0
39279,Andreas Hanche-Olsen,FSV Mainz 05,D,FSV Mainz 05 vs Borussia Dortmund,69,6.3,,0,3.0,2.0,36,24.0,,1.0,,,1.0,0,0,11.0,14.0
39279,Andreas Hanche-Olsen,FSV Mainz 05,D,Hamburger SV vs FSV Mainz 05,90,5.6,,0,,,46,43.0,,1.0,5.0,2.0,1.0,0,0,7.0,12.0
39279,Andreas Hanche-Olsen,FSV Mainz 05,D,FSV Mainz 05 vs Bayer Leverkusen,25,6.3,,0,,,13,8.0,,,,1.0,,1,0,2.0,3.0
39279,Andreas Hanche-Olsen,FSV Mainz 05,D,VfB Stuttgart vs FSV Mainz 05,23,6.3,,0,,,17,13.0,,,,,,0,0,3.0,3.0
39279,Andreas Hanche-Olsen,FSV Mainz 05,D,FSV Mainz 05 vs Werder Bremen,90,6.5,,0,,,31,23.0,,1.0,2.0,1.0,,0,0,3.0,7.0
39279,Andreas Hanche-Olsen,FSV Mainz 05,D,FSV Mainz 05 vs 1899 Hoffenheim,90,6.2,,0,1.0,,29,21.0,,1.0,,2.0,1.0,0,0,7.0,10.0
39279,Andreas Hanche-Olsen,FSV Mainz 05,D,SC Freiburg vs FSV Mainz 05,17,6.3,,0,1.0,1.0,3,3.0,,,,,,0,0,,1.0
39279,Andreas Hanche-Olsen,FSV Mainz 05,D,FSV Mainz 05 vs Borussia Mönchengladbach,90,7.2,,0,,,69,61.0,,2.0,1.0,3.0,1.0,1,0,5.0,13.0
39279,Andreas Hanche-Olsen,FSV Mainz 05,D,FSV Mainz 05 vs FC St. Pauli,90,7.9,,0,,,78,69.0,,,1.0,,1.0,0,0,8.0,13.0
979,Dominik Kohr,FSV Mainz 05,D,FSV Mainz 05 vs 1. FC Köln,89,7.5,,0,,,47,41.0,,3.0,,,2.0,0,0,8.0,10.0
979,Dominik Kohr,FSV Mainz 05,D,VfL Wolfsburg vs FSV Mainz 05,90,7.3,,0,2.0,1.0,54,48.0,,1.0,1.0,1.0,3.0,0,0,6.0,9.0
979,Dominik Kohr,FSV Mainz 05,D,FSV Mainz 05 vs RB Leipzig,90,8.2,,0,1.0,,55,46.0,,3.0,2.0,,7.0,0,0,16.0,20.0
979,Dominik Kohr,FSV Mainz 05,D,FC Augsburg vs FSV Mainz 05,53,7.2,1.0,0,1.0,1.0,19,12.0,,1.0,2.0,3.0,,2,1,5.0,8.0
979,Dominik Kohr,FSV Mainz 05,D,Hamburger SV vs FSV Mainz 05,62,5.9,,0,,,32,26.0,,,2.0,2.0,2.0,1,0,4.0,7.0
979,Dominik Kohr,FSV Mainz 05,D,FSV Mainz 05 vs Bayer Leverkusen,90,4.9,,0,,,39,30.0,,1.0,3.0,2.0,1.0,1,0,4.0,11.0
979,Dominik Kohr,FSV Mainz 05,D,VfB Stuttgart vs FSV Mainz 05,67,5.9,,0,,,29,20.0,,,,3.0,,1,0,,6.0
979,Dominik Kohr,FSV Mainz 05,D,FSV Mainz 05 vs Werder Bremen,90,7,,0,,,45,39.0,,1.0,2.0,1.0,2.0,0,0,7.0,9.0
979,Dominik Kohr,FSV Mainz 05,D,Eintracht Frankfurt vs FSV Mainz 05,90,7.2,,0,,,32,26.0,,4.0,2.0,,1.0,0,0,7.0,7.0
979,Dominik Kohr,FSV Mainz 05,D,FSV Mainz 05 vs 1899 Hoffenheim,88,6.9,,0,,,29,25.0,,,1.0,2.0,2.0,0,1,2.0,6.0
979,Dominik Kohr,FSV Mainz 05,D,FSV Mainz 05 vs FC St. Pauli,90,7.7,,0,1.0,,52,44.0,,4.0,1.0,1.0,1.0,0,0,6.0,11.0
979,Dominik Kohr,FSV Mainz 05,D,Union Berlin vs FSV Mainz 05,90,6.7,,0,,,33,23.0,,2.0,1.0,1.0,,0,0,3.0,4.0
979,Dominik Kohr,FSV Mainz 05,D,FSV Mainz 05 vs 1. FC Heidenheim,90,7.6,,0,,,29,26.0,,3.0,1.0,1.0,1.0,1,0,5.0,8.0
979,Dominik Kohr,FSV Mainz 05,D,1. FC Köln vs FSV Mainz 05,90,6.2,,0,,,33,25.0,,2.0,2.0,1.0,2.0,0,0,5.0,13.0
979,Dominik Kohr,FSV Mainz 05,D,FSV Mainz 05 vs VfL Wolfsburg,90,7.2,,0,,,57,50.0,,1.0,1.0,2.0,2.0,1,0,4.0,8.0
979,Dominik Kohr,FSV Mainz 05,D,FSV Mainz 05 vs FC Augsburg,81,7.3,,0,1.0,,49,45.0,,,,,2.0,0,0,3.0,6.0
979,Dominik Kohr,FSV Mainz 05,D,Borussia Dortmund vs FSV Mainz 05,90,5.6,,0,,,62,55.0,,2.0,2.0,1.0,,0,0,2.0,9.0
979,Dominik Kohr,FSV Mainz 05,D,FSV Mainz 05 vs Hamburger SV,59,7.2,,0,,,19,15.0,,3.0,3.0,2.0,2.0,1,0,6.0,9.0
22244,Anthony Caci,FSV Mainz 05,M,FSV Mainz 05 vs 1. FC Köln,65,6.9,,0,1.0,,22,18.0,,1.0,,1.0,,0,0,2.0,3.0
22244,Anthony Caci,FSV Mainz 05,M,VfL Wolfsburg vs FSV Mainz 05,90,7,,0,2.0,,62,53.0,,2.0,1.0,2.0,,1,0,2.0,6.0
22244,Anthony Caci,FSV Mainz 05,M,FSV Mainz 05 vs RB Leipzig,75,7,,0,,,44,33.0,,1.0,2.0,1.0,1.0,0,0,4.0,6.0
22244,Anthony Caci,FSV Mainz 05,M,FC Augsburg vs FSV Mainz 05,83,7.3,,0,,,37,27.0,,1.0,,1.0,2.0,0,0,8.0,12.0
33889,Kaishu Sano,FSV Mainz 05,M,FSV Mainz 05 vs 1. FC Köln,90,7.3,,0,,,33,26.0,,,1.0,,2.0,0,0,5.0,8.0
33889,Kaishu Sano,FSV Mainz 05,M,VfL Wolfsburg vs FSV Mainz 05,90,6.3,,0,2.0,,30,26.0,,,3.0,1.0,2.0,0,0,3.0,7.0
33889,Kaishu Sano,FSV Mainz 05,M,FSV Mainz 05 vs RB Leipzig,90,7.3,,0,,,45,37.0,,2.0,3.0,,,0,0,6.0,13.0
33889,Kaishu Sano,FSV Mainz 05,M,FC Augsburg vs FSV Mainz 05,90,8.9,1.0,1,2.0,1.0,35,27.0,,3.0,2.0,,,0,0,8.0,10.0
33889,Kaishu Sano,FSV Mainz 05,M,FSV Mainz 05 vs Borussia Dortmund,90,6.9,,0,1.0,,34,28.0,,1.0,3.0,1.0,,0,0,4.0,8.0
33889,Kaishu Sano,FSV Mainz 05,M,Hamburger SV vs FSV Mainz 05,90,6.5,,0,1.0,1.0,55,48.0,,1.0,1.0,,1.0,0,0,7.0,11.0
33889,Kaishu Sano,FSV Mainz 05,M,FSV Mainz 05 vs Bayer Leverkusen,90,7.9,,0,,,40,29.0,,1.0,,,1.0,0,0,7.0,8.0
33889,Kaishu Sano,FSV Mainz 05,M,VfB Stuttgart vs FSV Mainz 05,90,6.6,,0,,,34,27.0,,1.0,,1.0,,0,0,4.0,6.0
33889,Kaishu Sano,FSV Mainz 05,M,FSV Mainz 05 vs Werder Bremen,90,7,,0,,,45,37.0,,1.0,5.0,,1.0,0,0,3.0,6.0
33889,Kaishu Sano,FSV Mainz 05,M,Eintracht Frankfurt vs FSV Mainz 05,90,7,,0,,,40,35.0,,3.0,3.0,1.0,,0,0,6.0,9.0
33889,Kaishu Sano,FSV Mainz 05,M,FSV Mainz 05 vs 1899 Hoffenheim,90,8,,0,1.0,,33,24.0,,2.0,3.0,1.0,,0,0,14.0,21.0
33889,Kaishu Sano,FSV Mainz 05,M,SC Freiburg vs FSV Mainz 05,90,6.3,,0,,,29,21.0,,,1.0,1.0,1.0,0,0,2.0,4.0
33889,Kaishu Sano,FSV Mainz 05,M,FSV Mainz 05 vs Borussia Mönchengladbach,90,7.9,,0,,,68,51.0,,2.0,5.0,,1.0,0,0,11.0,16.0
33889,Kaishu Sano,FSV Mainz 05,M,Bayern München vs FSV Mainz 05,90,6.6,,0,,,16,12.0,,1.0,,,,0,0,3.0,4.0
33889,Kaishu Sano,FSV Mainz 05,M,FSV Mainz 05 vs FC St. Pauli,90,6.9,,0,,,38,29.0,,1.0,6.0,,2.0,1,0,3.0,5.0
33889,Kaishu Sano,FSV Mainz 05,M,Union Berlin vs FSV Mainz 05,90,6.6,,0,,,29,24.0,,2.0,1.0,,,0,0,9.0,18.0
33889,Kaishu Sano,FSV Mainz 05,M,FSV Mainz 05 vs 1. FC Heidenheim,90,7.2,,0,,,38,26.0,,2.0,1.0,,4.0,0,0,9.0,13.0
33889,Kaishu Sano,FSV Mainz 05,M,1. FC Köln vs FSV Mainz 05,89,6.7,,0,,,27,16.0,,1.0,3.0,1.0,1.0,0,0,5.0,8.0
33889,Kaishu Sano,FSV Mainz 05,M,FSV Mainz 05 vs VfL Wolfsburg,90,6.7,,0,,,39,35.0,,,3.0,,,0,0,2.0,4.0
33889,Kaishu Sano,FSV Mainz 05,M,RB Leipzig vs FSV Mainz 05,90,7.3,,0,1.0,1.0,42,28.0,,5.0,2.0,,1.0,0,0,11.0,12.0
33889,Kaishu Sano,FSV Mainz 05,M,FSV Mainz 05 vs FC Augsburg,90,7.2,,0,,,37,31.0,,3.0,1.0,,1.0,0,0,6.0,8.0
33889,Kaishu Sano,FSV Mainz 05,M,Borussia Dortmund vs FSV Mainz 05,90,6.5,,0,,,46,35.0,,2.0,3.0,,1.0,0,0,3.0,4.0
33889,Kaishu Sano,FSV Mainz 05,M,FSV Mainz 05 vs Hamburger SV,90,7,,0,,,28,22.0,,1.0,,1.0,1.0,0,0,7.0,10.0
714,Nadiem Amiri,FSV Mainz 05,M,FSV Mainz 05 vs 1. FC Köln,65,7,,0,2.0,1.0,43,37.0,,,1.0,1.0,1.0,0,0,2.0,4.0
714,Nadiem Amiri,FSV Mainz 05,M,VfL Wolfsburg vs FSV Mainz 05,90,7.5,1.0,0,1.0,1.0,66,54.0,,2.0,2.0,,2.0,0,0,6.0,11.0
714,Nadiem Amiri,FSV Mainz 05,M,FSV Mainz 05 vs RB Leipzig,90,7.2,,0,2.0,,48,41.0,,2.0,,3.0,,0,0,5.0,13.0
714,Nadiem Amiri,FSV Mainz 05,M,FC Augsburg vs FSV Mainz 05,90,6.7,,0,,,54,45.0,,3.0,1.0,3.0,1.0,0,0,6.0,14.0
714,Nadiem Amiri,FSV Mainz 05,M,FSV Mainz 05 vs Borussia Dortmund,80,7,,0,,,39,34.0,,2.0,1.0,2.0,1.0,1,0,3.0,7.0
714,Nadiem Amiri,FSV Mainz 05,M,Hamburger SV vs FSV Mainz 05,82,7.2,,0,1.0,1.0,76,66.0,,,1.0,1.0,1.0,1,0,5.0,9.0
714,Nadiem Amiri,FSV Mainz 05,M,FSV Mainz 05 vs Bayer Leverkusen,90,8.2,1.0,1,4.0,2.0,49,41.0,,1.0,,1.0,1.0,1,0,4.0,7.0
714,Nadiem Amiri,FSV Mainz 05,M,VfB Stuttgart vs FSV Mainz 05,90,7.2,1.0,0,2.0,1.0,56,46.0,,4.0,3.0,,,1,0,5.0,9.0
714,Nadiem Amiri,FSV Mainz 05,M,FSV Mainz 05 vs Werder Bremen,90,7.6,,0,,,62,53.0,,1.0,1.0,2.0,,0,0,2.0,7.0
714,Nadiem Amiri,FSV Mainz 05,M,Eintracht Frankfurt vs FSV Mainz 05,90,7.5,,0,,,49,38.0,,4.0,,,2.0,0,0,8.0,11.0
714,Nadiem Amiri,FSV Mainz 05,M,FSV Mainz 05 vs 1899 Hoffenheim,90,7.3,,0,,,35,23.0,,1.0,1.0,1.0,2.0,1,0,4.0,6.0
714,Nadiem Amiri,FSV Mainz 05,M,FSV Mainz 05 vs Borussia Mönchengladbach,90,6.7,,0,,,48,37.0,,1.0,,,,0,0,2.0,8.0
714,Nadiem Amiri,FSV Mainz 05,M,FSV Mainz 05 vs FC St. Pauli,89,6.7,,0,1.0,,29,17.0,,,,,2.0,0,0,4.0,11.0
714,Nadiem Amiri,FSV Mainz 05,M,Union Berlin vs FSV Mainz 05,78,8.2,1.0,0,2.0,2.0,49,34.0,,1.0,,1.0,2.0,0,0,3.0,4.0
714,Nadiem Amiri,FSV Mainz 05,M,FSV Mainz 05 vs 1. FC Heidenheim,89,9,1.0,0,1.0,1.0,45,33.0,,1.0,,2.0,1.0,0,0,4.0,11.0
714,Nadiem Amiri,FSV Mainz 05,M,FSV Mainz 05 vs VfL Wolfsburg,25,8,1.0,1,1.0,1.0,7,7.0,,,,,,0,0,2.0,3.0
714,Nadiem Amiri,FSV Mainz 05,M,RB Leipzig vs FSV Mainz 05,72,7.2,1.0,0,1.0,1.0,29,25.0,,,,,,0,0,1.0,2.0
714,Nadiem Amiri,FSV Mainz 05,M,FSV Mainz 05 vs FC Augsburg,81,8.7,2.0,0,2.0,2.0,28,20.0,,2.0,1.0,,2.0,1,0,5.0,11.0
714,Nadiem Amiri,FSV Mainz 05,M,Borussia Dortmund vs FSV Mainz 05,90,6.3,,0,1.0,1.0,50,43.0,,1.0,3.0,,1.0,0,0,3.0,5.0
714,Nadiem Amiri,FSV Mainz 05,M,FSV Mainz 05 vs Hamburger SV,90,8,1.0,0,2.0,1.0,27,20.0,,1.0,,,1.0,0,0,3.0,6.0
25915,Phillipp Mwene,FSV Mainz 05,M,FSV Mainz 05 vs 1. FC Köln,90,7.2,,0,,,18,16.0,,1.0,,,1.0,0,0,3.0,6.0
25915,Phillipp Mwene,FSV Mainz 05,M,VfL Wolfsburg vs FSV Mainz 05,69,6.7,,0,,,16,15.0,,,,1.0,,0,0,1.0,3.0
25915,Phillipp Mwene,FSV Mainz 05,M,FSV Mainz 05 vs RB Leipzig,75,6.5,,0,1.0,,28,19.0,,,,1.0,,0,0,,3.0
25915,Phillipp Mwene,FSV Mainz 05,M,FC Augsburg vs FSV Mainz 05,81,7,,0,,,11,6.0,,1.0,,,3.0,0,0,5.0,7.0
25915,Phillipp Mwene,FSV Mainz 05,M,FSV Mainz 05 vs Borussia Dortmund,90,6.6,,0,,,30,20.0,,2.0,,2.0,2.0,0,0,6.0,10.0
25915,Phillipp Mwene,FSV Mainz 05,M,Hamburger SV vs FSV Mainz 05,45,6.3,,0,,,15,11.0,,,,,,0,0,1.0,4.0
25915,Phillipp Mwene,FSV Mainz 05,M,FSV Mainz 05 vs Bayer Leverkusen,90,6.5,,0,,,32,22.0,,,2.0,3.0,2.0,0,0,2.0,13.0
25915,Phillipp Mwene,FSV Mainz 05,M,VfB Stuttgart vs FSV Mainz 05,90,6.9,,0,1.0,,19,14.0,,1.0,,1.0,3.0,1,0,6.0,9.0
25915,Phillipp Mwene,FSV Mainz 05,M,FSV Mainz 05 vs Werder Bremen,77,7.5,,0,1.0,,28,24.0,,2.0,1.0,1.0,1.0,0,0,5.0,6.0
25915,Phillipp Mwene,FSV Mainz 05,M,Eintracht Frankfurt vs FSV Mainz 05,89,6.5,,0,,,26,15.0,,,,1.0,1.0,1,0,2.0,4.0
25915,Phillipp Mwene,FSV Mainz 05,M,FSV Mainz 05 vs 1899 Hoffenheim,90,7,,0,1.0,,41,31.0,,,,1.0,2.0,1,0,2.0,6.0
25915,Phillipp Mwene,FSV Mainz 05,M,SC Freiburg vs FSV Mainz 05,90,5.9,,0,,,12,9.0,,,1.0,1.0,1.0,0,0,1.0,6.0
25915,Phillipp Mwene,FSV Mainz 05,M,FSV Mainz 05 vs Borussia Mönchengladbach,66,6.2,,0,,,17,12.0,,1.0,,2.0,1.0,0,0,2.0,10.0
25915,Phillipp Mwene,FSV Mainz 05,M,FSV Mainz 05 vs VfL Wolfsburg,25,6.6,,0,,,14,12.0,,,,,,0,0,,3.0
25915,Phillipp Mwene,FSV Mainz 05,M,RB Leipzig vs FSV Mainz 05,8,6.7,,0,,,2,,,,,1.0,,0,0,,1.0
25915,Phillipp Mwene,FSV Mainz 05,M,FSV Mainz 05 vs FC Augsburg,9,6.9,,0,,,3,2.0,,1.0,1.0,,,0,0,2.0,3.0
25915,Phillipp Mwene,FSV Mainz 05,M,Borussia Dortmund vs FSV Mainz 05,29,6.3,,0,,,10,6.0,,2.0,,,1.0,0,0,3.0,5.0
25915,Phillipp Mwene,FSV Mainz 05,M,FSV Mainz 05 vs Hamburger SV,90,7.3,,0,,,18,14.0,,1.0,,,1.0,0,0,2.0,2.0
202736,Paul Nebel,FSV Mainz 05,F,FSV Mainz 05 vs 1. FC Köln,60,5.9,,0,,,20,16.0,,,,1.0,,0,1,3.0,6.0
202736,Paul Nebel,FSV Mainz 05,F,FC Augsburg vs FSV Mainz 05,90,7.2,1.0,0,2.0,1.0,40,35.0,,,1.0,,3.0,0,0,5.0,11.0
202736,Paul Nebel,FSV Mainz 05,F,FSV Mainz 05 vs Borussia Dortmund,90,6.7,,0,1.0,,34,29.0,,1.0,,1.0,3.0,1,0,4.0,7.0
202736,Paul Nebel,FSV Mainz 05,F,Hamburger SV vs FSV Mainz 05,90,7.2,,0,,,55,47.0,,4.0,2.0,,1.0,0,0,7.0,11.0
202736,Paul Nebel,FSV Mainz 05,F,FSV Mainz 05 vs Bayer Leverkusen,90,6.3,,0,,,33,24.0,,,,1.0,,0,0,1.0,9.0
202736,Paul Nebel,FSV Mainz 05,F,VfB Stuttgart vs FSV Mainz 05,90,6.3,,0,,,29,21.0,,1.0,,1.0,,0,0,3.0,8.0
202736,Paul Nebel,FSV Mainz 05,F,FSV Mainz 05 vs Werder Bremen,89,6.3,,0,,,48,38.0,,1.0,1.0,4.0,1.0,0,0,2.0,9.0
202736,Paul Nebel,FSV Mainz 05,F,Eintracht Frankfurt vs FSV Mainz 05,90,6.3,,0,1.0,,40,29.0,,3.0,1.0,2.0,,1,0,4.0,12.0
202736,Paul Nebel,FSV Mainz 05,F,FSV Mainz 05 vs 1899 Hoffenheim,90,6.5,,0,1.0,,42,30.0,,1.0,,,,0,0,3.0,9.0
202736,Paul Nebel,FSV Mainz 05,F,SC Freiburg vs FSV Mainz 05,28,4.3,,0,,,14,13.0,,,,3.0,,0,1,,4.0
202736,Paul Nebel,FSV Mainz 05,F,FSV Mainz 05 vs FC St. Pauli,90,6.3,,0,,,24,14.0,,,,,,0,0,,5.0
202736,Paul Nebel,FSV Mainz 05,F,Union Berlin vs FSV Mainz 05,12,6.3,,0,,,2,1.0,,,,,,0,0,,3.0
202736,Paul Nebel,FSV Mainz 05,F,FSV Mainz 05 vs 1. FC Heidenheim,31,6.2,,0,1.0,,8,3.0,,1.0,2.0,1.0,,0,0,1.0,5.0
202736,Paul Nebel,FSV Mainz 05,F,1. FC Köln vs FSV Mainz 05,89,6.2,,0,,,29,22.0,,3.0,1.0,1.0,,0,0,3.0,14.0
202736,Paul Nebel,FSV Mainz 05,F,FSV Mainz 05 vs VfL Wolfsburg,65,6.6,,0,,,31,23.0,,4.0,,,1.0,0,0,7.0,12.0
202736,Paul Nebel,FSV Mainz 05,F,RB Leipzig vs FSV Mainz 05,8,6.7,,0,,,1,,,1.0,,,,0,0,1.0,3.0
202736,Paul Nebel,FSV Mainz 05,F,FSV Mainz 05 vs FC Augsburg,9,6.5,,0,,,2,1.0,,1.0,,1.0,,0,0,1.0,2.0
202736,Paul Nebel,FSV Mainz 05,F,Borussia Dortmund vs FSV Mainz 05,30,6.6,,0,,,10,8.0,,1.0,,,2.0,0,0,4.0,5.0
202736,Paul Nebel,FSV Mainz 05,F,FSV Mainz 05 vs Hamburger SV,9,6.7,,0,1.0,,2,1.0,,,,,,0,0,,
2906,Jae-sung Lee,FSV Mainz 05,F,FSV Mainz 05 vs 1. FC Köln,90,6.3,,0,1.0,,34,22.0,,2.0,,,1.0,0,0,7.0,12.0
2906,Jae-sung Lee,FSV Mainz 05,F,VfL Wolfsburg vs FSV Mainz 05,90,6.6,,0,1.0,,20,19.0,,2.0,,1.0,1.0,0,0,6.0,14.0
2906,Jae-sung Lee,FSV Mainz 05,F,FSV Mainz 05 vs Borussia Dortmund,63,6.5,,0,,,22,18.0,,,,,,0,0,3.0,9.0
2906,Jae-sung Lee,FSV Mainz 05,F,Hamburger SV vs FSV Mainz 05,71,6.2,,0,2.0,2.0,24,19.0,,1.0,1.0,2.0,1.0,1,0,4.0,13.0
2906,Jae-sung Lee,FSV Mainz 05,F,FSV Mainz 05 vs Bayer Leverkusen,81,6.9,1.0,0,1.0,1.0,19,9.0,,1.0,,2.0,,0,0,5.0,14.0
2906,Jae-sung Lee,FSV Mainz 05,F,VfB Stuttgart vs FSV Mainz 05,87,6.3,,0,1.0,,14,10.0,,3.0,1.0,1.0,1.0,0,0,5.0,9.0
2906,Jae-sung Lee,FSV Mainz 05,F,FSV Mainz 05 vs Werder Bremen,89,6.2,,0,2.0,1.0,19,12.0,,,1.0,1.0,1.0,0,0,4.0,8.0
2906,Jae-sung Lee,FSV Mainz 05,F,Eintracht Frankfurt vs FSV Mainz 05,90,6.7,,0,,,26,18.0,,2.0,,,2.0,0,0,9.0,16.0
2906,Jae-sung Lee,FSV Mainz 05,F,FSV Mainz 05 vs 1899 Hoffenheim,67,6.6,,0,,,19,15.0,,,1.0,,1.0,0,0,3.0,6.0
2906,Jae-sung Lee,FSV Mainz 05,F,SC Freiburg vs FSV Mainz 05,72,6.6,,0,,,30,26.0,,1.0,,,,0,0,2.0,4.0
2906,Jae-sung Lee,FSV Mainz 05,F,FSV Mainz 05 vs Borussia Mönchengladbach,88,6.9,,0,1.0,,33,27.0,,3.0,3.0,2.0,,0,0,6.0,12.0
2906,Jae-sung Lee,FSV Mainz 05,F,Bayern München vs FSV Mainz 05,90,7.2,1.0,0,1.0,1.0,12,7.0,,1.0,3.0,,1.0,0,0,5.0,13.0
2906,Jae-sung Lee,FSV Mainz 05,F,FSV Mainz 05 vs FC St. Pauli,90,6.7,,0,,,39,30.0,,1.0,2.0,1.0,1.0,0,0,4.0,8.0
2906,Jae-sung Lee,FSV Mainz 05,F,Union Berlin vs FSV Mainz 05,90,7.2,,1,,,35,24.0,,1.0,,,2.0,0,0,5.0,8.0
2906,Jae-sung Lee,FSV Mainz 05,F,FSV Mainz 05 vs 1. FC Heidenheim,90,7,,1,,,36,29.0,,1.0,2.0,3.0,1.0,0,0,4.0,18.0
2906,Jae-sung Lee,FSV Mainz 05,F,1. FC Köln vs FSV Mainz 05,74,6.2,,0,,,18,12.0,,1.0,,2.0,,1,0,2.0,6.0
2906,Jae-sung Lee,FSV Mainz 05,F,FSV Mainz 05 vs VfL Wolfsburg,89,7.2,,0,,,25,21.0,,2.0,1.0,,2.0,0,0,5.0,7.0
2906,Jae-sung Lee,FSV Mainz 05,F,RB Leipzig vs FSV Mainz 05,90,6.9,,0,1.0,,21,18.0,,3.0,3.0,,,0,0,4.0,8.0
2906,Jae-sung Lee,FSV Mainz 05,F,FSV Mainz 05 vs FC Augsburg,88,7.2,,0,1.0,1.0,25,19.0,,3.0,,,2.0,0,0,6.0,8.0
2906,Jae-sung Lee,FSV Mainz 05,F,Borussia Dortmund vs FSV Mainz 05,60,6.2,,0,,,23,22.0,,2.0,1.0,,1.0,0,0,3.0,7.0
2906,Jae-sung Lee,FSV Mainz 05,F,FSV Mainz 05 vs Hamburger SV,86,6.6,,0,1.0,,23,22.0,,3.0,,,1.0,0,0,6.0,14.0
162946,Benedict Hollerbach,FSV Mainz 05,F,FSV Mainz 05 vs 1. FC Köln,15,6.3,,0,,,3,3.0,,,,1.0,,0,0,1.0,2.0
162946,Benedict Hollerbach,FSV Mainz 05,F,Hamburger SV vs FSV Mainz 05,62,6.2,,0,1.0,,11,9.0,,,,3.0,1.0,0,0,2.0,8.0
162946,Benedict Hollerbach,FSV Mainz 05,F,FSV Mainz 05 vs Bayer Leverkusen,86,6.5,,0,1.0,,14,9.0,,2.0,,2.0,3.0,0,0,7.0,12.0
162946,Benedict Hollerbach,FSV Mainz 05,F,VfB Stuttgart vs FSV Mainz 05,67,6.6,,0,,,8,5.0,,,,,1.0,0,0,2.0,10.0
162946,Benedict Hollerbach,FSV Mainz 05,F,FSV Mainz 05 vs Werder Bremen,69,7.5,,1,1.0,1.0,21,13.0,,1.0,,1.0,3.0,0,0,6.0,14.0
162946,Benedict Hollerbach,FSV Mainz 05,F,Eintracht Frankfurt vs FSV Mainz 05,71,6.3,,0,,,16,11.0,,3.0,1.0,2.0,,0,0,5.0,17.0
162946,Benedict Hollerbach,FSV Mainz 05,F,FSV Mainz 05 vs 1899 Hoffenheim,89,7,,0,4.0,1.0,14,13.0,,,,3.0,2.0,0,0,7.0,20.0
162946,Benedict Hollerbach,FSV Mainz 05,F,SC Freiburg vs FSV Mainz 05,73,5.9,,0,,,9,7.0,,,,1.0,,0,0,1.0,12.0
162946,Benedict Hollerbach,FSV Mainz 05,F,FSV Mainz 05 vs Borussia Mönchengladbach,13,6.2,,0,,,5,3.0,,,,3.0,,0,0,,6.0
162946,Benedict Hollerbach,FSV Mainz 05,F,Bayern München vs FSV Mainz 05,78,6.5,,0,,,15,8.0,,1.0,,,1.0,0,0,7.0,16.0
162946,Benedict Hollerbach,FSV Mainz 05,F,FSV Mainz 05 vs FC St. Pauli,78,6.3,,0,,,13,10.0,,1.0,,2.0,1.0,0,0,3.0,13.0
162946,Benedict Hollerbach,FSV Mainz 05,F,Union Berlin vs FSV Mainz 05,78,7.2,1.0,0,3.0,2.0,25,18.0,,4.0,,,1.0,0,0,9.0,19.0
162946,Benedict Hollerbach,FSV Mainz 05,F,FSV Mainz 05 vs VfL Wolfsburg,89,6.9,,1,4.0,2.0,27,22.0,,1.0,,,,0,0,5.0,23.0
162946,Benedict Hollerbach,FSV Mainz 05,F,RB Leipzig vs FSV Mainz 05,14,6.3,,0,1.0,,3,2.0,,,,,,0,0,,2.0
342177,Nelson Weiper,FSV Mainz 05,F,FSV Mainz 05 vs 1. FC Köln,75,6.3,,0,1.0,1.0,16,12.0,,,,1.0,,0,0,5.0,14.0
342177,Nelson Weiper,FSV Mainz 05,F,VfL Wolfsburg vs FSV Mainz 05,69,6.7,,0,,,11,10.0,,,,,1.0,0,0,4.0,7.0
342177,Nelson Weiper,FSV Mainz 05,F,FSV Mainz 05 vs RB Leipzig,90,5.9,,0,1.0,1.0,22,14.0,,,,2.0,,0,0,6.0,22.0
342177,Nelson Weiper,FSV Mainz 05,F,FC Augsburg vs FSV Mainz 05,9,6.2,,0,,,4,3.0,,,,,,0,0,,2.0
342177,Nelson Weiper,FSV Mainz 05,F,FSV Mainz 05 vs Borussia Dortmund,10,6.3,,0,,,3,,,,,,,0,0,2.0,4.0
342177,Nelson Weiper,FSV Mainz 05,F,Hamburger SV vs FSV Mainz 05,45,6.5,,0,1.0,,7,5.0,,,,1.0,1.0,0,0,2.0,7.0
342177,Nelson Weiper,FSV Mainz 05,F,VfB Stuttgart vs FSV Mainz 05,11,6.3,,0,,,2,1.0,,,,,,0,0,1.0,3.0
342177,Nelson Weiper,FSV Mainz 05,F,Eintracht Frankfurt vs FSV Mainz 05,8,6.5,,0,,,3,2.0,,,,,,0,0,1.0,4.0
342177,Nelson Weiper,FSV Mainz 05,F,FSV Mainz 05 vs 1899 Hoffenheim,23,6.2,,0,,,3,2.0,,,,1.0,,0,0,1.0,4.0
342177,Nelson Weiper,FSV Mainz 05,F,FSV Mainz 05 vs Borussia Mönchengladbach,90,6.2,,0,3.0,1.0,23,14.0,,1.0,,,,0,0,6.0,14.0
342177,Nelson Weiper,FSV Mainz 05,F,Bayern München vs FSV Mainz 05,12,6.7,,0,,,7,3.0,,,1.0,,,0,0,3.0,5.0
342177,Nelson Weiper,FSV Mainz 05,F,RB Leipzig vs FSV Mainz 05,8,6.2,,0,,,4,1.0,,,,,,1,0,1.0,4.0
342177,Nelson Weiper,FSV Mainz 05,F,Borussia Dortmund vs FSV Mainz 05,17,7.3,,0,2.0,2.0,7,5.0,,1.0,,,,0,0,2.0,4.0
25907,Stefan Bell,FSV Mainz 05,D,FSV Mainz 05 vs 1. FC Köln,25,6.7,,0,1.0,,8,4.0,,1.0,,,,0,0,5.0,8.0
25907,Stefan Bell,FSV Mainz 05,D,VfL Wolfsburg vs FSV Mainz 05,45,6.7,,0,,,32,22.0,,,1.0,1.0,,0,0,6.0,9.0
25907,Stefan Bell,FSV Mainz 05,D,FSV Mainz 05 vs RB Leipzig,15,6.5,,0,,,8,5.0,,,,3.0,,1,0,1.0,5.0
25907,Stefan Bell,FSV Mainz 05,D,FC Augsburg vs FSV Mainz 05,34,6.9,,0,,,4,3.0,,1.0,,,,0,0,3.0,4.0
25907,Stefan Bell,FSV Mainz 05,D,FSV Mainz 05 vs Borussia Dortmund,27,7,,0,1.0,,13,9.0,,2.0,,,,0,0,3.0,3.0
25907,Stefan Bell,FSV Mainz 05,D,Hamburger SV vs FSV Mainz 05,28,6.9,,0,1.0,,29,27.0,,,1.0,,,0,0,3.0,5.0
25907,Stefan Bell,FSV Mainz 05,D,FSV Mainz 05 vs Bayer Leverkusen,65,6.2,,0,,,36,24.0,,,3.0,1.0,,0,0,2.0,2.0
25907,Stefan Bell,FSV Mainz 05,D,VfB Stuttgart vs FSV Mainz 05,87,5.9,,0,,,22,13.0,,,3.0,3.0,1.0,0,0,2.0,10.0
25907,Stefan Bell,FSV Mainz 05,D,FSV Mainz 05 vs 1899 Hoffenheim,9,6.7,,0,,,3,1.0,,,,,,0,0,,
25907,Stefan Bell,FSV Mainz 05,D,SC Freiburg vs FSV Mainz 05,73,5.6,,0,,,26,17.0,,,1.0,1.0,2.0,1,0,3.0,9.0
25907,Stefan Bell,FSV Mainz 05,D,Bayern München vs FSV Mainz 05,90,6.7,,1,,,14,10.0,,1.0,1.0,,,0,0,2.0,5.0
25907,Stefan Bell,FSV Mainz 05,D,Union Berlin vs FSV Mainz 05,90,6.6,,0,,,41,29.0,,2.0,1.0,,1.0,0,0,13.0,20.0
25907,Stefan Bell,FSV Mainz 05,D,FSV Mainz 05 vs 1. FC Heidenheim,90,6.9,,0,1.0,1.0,36,31.0,,,2.0,1.0,,0,0,8.0,17.0
25907,Stefan Bell,FSV Mainz 05,D,1. FC Köln vs FSV Mainz 05,74,8.2,1.0,0,1.0,1.0,26,16.0,,1.0,1.0,,1.0,0,0,7.0,8.0
25907,Stefan Bell,FSV Mainz 05,D,FSV Mainz 05 vs VfL Wolfsburg,90,6.9,1.0,0,5.0,2.0,39,28.0,,,1.0,2.0,1.0,1,0,8.0,13.0
25907,Stefan Bell,FSV Mainz 05,D,RB Leipzig vs FSV Mainz 05,90,6.9,,0,,,29,22.0,,3.0,,2.0,,1,0,6.0,11.0
25907,Stefan Bell,FSV Mainz 05,D,FSV Mainz 05 vs FC Augsburg,90,7.7,,0,1.0,1.0,43,26.0,,1.0,3.0,,1.0,0,0,7.0,10.0
25907,Stefan Bell,FSV Mainz 05,D,Borussia Dortmund vs FSV Mainz 05,27,6.2,,0,,,8,6.0,,,,1.0,,0,0,1.0,2.0
24842,Lennard Maloney,FSV Mainz 05,M,FSV Mainz 05 vs 1. FC Köln,25,6.5,,0,,,10,7.0,,,,,1.0,0,0,1.0,3.0
24842,Lennard Maloney,FSV Mainz 05,M,FSV Mainz 05 vs Borussia Dortmund,10,6.6,,0,,,1,1.0,,1.0,,,,0,0,1.0,1.0
24842,Lennard Maloney,FSV Mainz 05,M,Hamburger SV vs FSV Mainz 05,8,6.6,,0,,,10,6.0,,,1.0,,,0,0,1.0,1.0
24842,Lennard Maloney,FSV Mainz 05,M,FSV Mainz 05 vs Werder Bremen,90,6,,0,1.0,1.0,32,26.0,,1.0,1.0,4.0,1.0,0,0,5.0,13.0
24842,Lennard Maloney,FSV Mainz 05,M,Eintracht Frankfurt vs FSV Mainz 05,87,6.6,,0,,,33,25.0,,,,2.0,,0,0,6.0,12.0
24842,Lennard Maloney,FSV Mainz 05,M,FSV Mainz 05 vs 1899 Hoffenheim,45,6.3,,0,,,29,27.0,,,1.0,,,0,0,1.0,2.0
24842,Lennard Maloney,FSV Mainz 05,M,SC Freiburg vs FSV Mainz 05,36,6.2,,0,,,6,2.0,,,2.0,1.0,,0,0,,3.0
24842,Lennard Maloney,FSV Mainz 05,M,Bayern München vs FSV Mainz 05,90,6.3,,0,2.0,,10,5.0,,1.0,1.0,1.0,1.0,0,0,4.0,6.0
24842,Lennard Maloney,FSV Mainz 05,M,Union Berlin vs FSV Mainz 05,9,6.5,,0,,,3,2.0,,1.0,,1.0,,0,0,1.0,2.0
24842,Lennard Maloney,FSV Mainz 05,M,1. FC Köln vs FSV Mainz 05,16,7,,0,,,5,4.0,,3.0,,,,0,0,5.0,8.0
24842,Lennard Maloney,FSV Mainz 05,M,FSV Mainz 05 vs VfL Wolfsburg,8,6.2,,0,,,5,4.0,,,,2.0,,0,0,,4.0
24842,Lennard Maloney,FSV Mainz 05,M,RB Leipzig vs FSV Mainz 05,18,6.7,,0,,,6,4.0,,1.0,,1.0,,0,0,1.0,3.0
24842,Lennard Maloney,FSV Mainz 05,M,FSV Mainz 05 vs FC Augsburg,9,6.6,,0,,,0,,,2.0,,,,0,0,2.0,3.0
48378,Silvan Widmer,FSV Mainz 05,D,FSV Mainz 05 vs 1. FC Köln,25,6.5,,0,,,14,7.0,,2.0,1.0,,,0,0,5.0,6.0
48378,Silvan Widmer,FSV Mainz 05,D,FSV Mainz 05 vs RB Leipzig,15,6.7,,0,,,10,7.0,,,,,,0,0,1.0,2.0
48378,Silvan Widmer,FSV Mainz 05,D,FC Augsburg vs FSV Mainz 05,9,6.3,,0,,,7,5.0,,1.0,1.0,,,0,0,1.0,1.0
48378,Silvan Widmer,FSV Mainz 05,D,FSV Mainz 05 vs Borussia Dortmund,90,7.2,,0,,,22,18.0,,5.0,,,1.0,0,0,7.0,7.0
48378,Silvan Widmer,FSV Mainz 05,D,VfB Stuttgart vs FSV Mainz 05,81,6.9,,0,1.0,,14,11.0,,,,,3.0,0,0,4.0,7.0
48378,Silvan Widmer,FSV Mainz 05,D,FSV Mainz 05 vs Werder Bremen,77,8.3,1.0,0,3.0,2.0,25,18.0,,1.0,1.0,1.0,,0,0,3.0,5.0
48378,Silvan Widmer,FSV Mainz 05,D,Eintracht Frankfurt vs FSV Mainz 05,88,6.6,,0,,,31,18.0,,2.0,1.0,3.0,,1,0,4.0,10.0
48378,Silvan Widmer,FSV Mainz 05,D,FSV Mainz 05 vs 1899 Hoffenheim,45,6.3,,0,,,17,11.0,,1.0,,1.0,2.0,1,0,4.0,9.0
48378,Silvan Widmer,FSV Mainz 05,D,FSV Mainz 05 vs Borussia Mönchengladbach,77,7.2,,0,,,28,25.0,,3.0,,,,0,0,5.0,7.0
48378,Silvan Widmer,FSV Mainz 05,D,FSV Mainz 05 vs FC St. Pauli,79,6.7,,0,3.0,,23,18.0,,1.0,,,,0,0,3.0,8.0
48378,Silvan Widmer,FSV Mainz 05,D,Union Berlin vs FSV Mainz 05,90,6.6,,0,2.0,,26,19.0,,3.0,,1.0,1.0,0,0,5.0,9.0
48378,Silvan Widmer,FSV Mainz 05,D,FSV Mainz 05 vs 1. FC Heidenheim,90,7.6,1.0,0,2.0,1.0,28,20.0,,1.0,1.0,,,1,0,2.0,3.0
48378,Silvan Widmer,FSV Mainz 05,D,1. FC Köln vs FSV Mainz 05,90,6.3,,0,1.0,,24,19.0,,1.0,,1.0,,1,0,2.0,5.0
48378,Silvan Widmer,FSV Mainz 05,D,FSV Mainz 05 vs VfL Wolfsburg,90,7,,0,,,31,21.0,,2.0,,,,0,0,5.0,9.0
48378,Silvan Widmer,FSV Mainz 05,D,RB Leipzig vs FSV Mainz 05,82,6.6,,0,,,16,7.0,,4.0,4.0,2.0,,0,0,4.0,9.0
48378,Silvan Widmer,FSV Mainz 05,D,FSV Mainz 05 vs FC Augsburg,81,6.3,,0,,,20,13.0,,1.0,1.0,1.0,,0,0,1.0,4.0
48378,Silvan Widmer,FSV Mainz 05,D,Borussia Dortmund vs FSV Mainz 05,61,6.2,,0,,,31,24.0,,,,2.0,,1,0,2.0,4.0
280339,Armindo Sieb,FSV Mainz 05,F,FSV Mainz 05 vs 1. FC Köln,10,6.7,,0,,,2,2.0,,,,,,0,0,,
280339,Armindo Sieb,FSV Mainz 05,F,VfL Wolfsburg vs FSV Mainz 05,21,6.7,,0,2.0,1.0,5,4.0,,,,2.0,,1,0,1.0,5.0
280339,Armindo Sieb,FSV Mainz 05,F,FSV Mainz 05 vs RB Leipzig,25,6.5,,0,,,7,4.0,,,,,,0,0,2.0,7.0
280339,Armindo Sieb,FSV Mainz 05,F,FC Augsburg vs FSV Mainz 05,81,7.2,1.0,0,3.0,1.0,17,11.0,,,,1.0,1.0,0,0,3.0,8.0
280339,Armindo Sieb,FSV Mainz 05,F,FSV Mainz 05 vs Borussia Dortmund,80,6.5,,0,,,19,15.0,,,,4.0,1.0,0,0,2.0,11.0
280339,Armindo Sieb,FSV Mainz 05,F,Hamburger SV vs FSV Mainz 05,28,6.3,,0,,,5,3.0,,,,1.0,,0,0,,3.0
280339,Armindo Sieb,FSV Mainz 05,F,FSV Mainz 05 vs Bayer Leverkusen,14,7.5,1.0,0,1.0,1.0,3,2.0,,,,,,0,0,,1.0
280339,Armindo Sieb,FSV Mainz 05,F,VfB Stuttgart vs FSV Mainz 05,23,6.3,,0,1.0,,5,3.0,,,,2.0,,0,0,2.0,6.0
280339,Armindo Sieb,FSV Mainz 05,F,FSV Mainz 05 vs Werder Bremen,21,6.2,,0,,,5,3.0,,,,,,0,0,,4.0
280339,Armindo Sieb,FSV Mainz 05,F,Eintracht Frankfurt vs FSV Mainz 05,19,5.9,,0,,,6,2.0,,1.0,,1.0,,0,0,3.0,9.0
280339,Armindo Sieb,FSV Mainz 05,F,SC Freiburg vs FSV Mainz 05,17,6,,0,,,2,1.0,,,,,,0,0,1.0,6.0
280339,Armindo Sieb,FSV Mainz 05,F,FSV Mainz 05 vs FC St. Pauli,12,6.7,,0,1.0,1.0,5,3.0,,,,,,0,0,1.0,1.0
280339,Armindo Sieb,FSV Mainz 05,F,Union Berlin vs FSV Mainz 05,12,6.2,,0,,,2,1.0,,,,,,0,0,,2.0
280339,Armindo Sieb,FSV Mainz 05,F,FSV Mainz 05 vs 1. FC Heidenheim,59,6.2,,0,1.0,1.0,13,10.0,,2.0,,1.0,,0,0,3.0,10.0
280339,Armindo Sieb,FSV Mainz 05,F,1. FC Köln vs FSV Mainz 05,29,6.9,,0,1.0,1.0,8,4.0,,4.0,,1.0,,0,0,5.0,7.0
15871,Marvin Schwäbe,1. FC Köln,G,FSV Mainz 05 vs 1. FC Köln,90,7.3,,0,,,41,22.0,,,,,1.0,0,0,1.0,1.0
15871,Marvin Schwäbe,1. FC Köln,G,1. FC Köln vs SC Freiburg,90,6.9,,0,,,40,23.0,,,,,,0,0,,
15871,Marvin Schwäbe,1. FC Köln,G,VfL Wolfsburg vs 1. FC Köln,90,6.2,,0,,,38,27.0,,,,,,0,0,1.0,1.0
15871,Marvin Schwäbe,1. FC Köln,G,RB Leipzig vs 1. FC Köln,90,8.9,,0,,,51,40.0,,,,,,0,0,1.0,1.0
15871,Marvin Schwäbe,1. FC Köln,G,1. FC Köln vs VfB Stuttgart,90,5.9,,0,,,51,30.0,,,,1.0,,0,0,,1.0
15871,Marvin Schwäbe,1. FC Köln,G,1899 Hoffenheim vs 1. FC Köln,90,9.3,,0,,,51,35.0,,,,,,0,0,,
15871,Marvin Schwäbe,1. FC Köln,G,1. FC Köln vs FC Augsburg,90,7.2,,0,,,36,27.0,,,,,,0,0,,1.0
15871,Marvin Schwäbe,1. FC Köln,G,Borussia Dortmund vs 1. FC Köln,90,9,,0,,,51,35.0,,,,,,0,0,,
15871,Marvin Schwäbe,1. FC Köln,G,1. FC Köln vs Hamburger SV,90,8.7,,0,,,42,30.0,,,,,,0,0,,
15871,Marvin Schwäbe,1. FC Köln,G,Borussia Mönchengladbach vs 1. FC Köln,90,6.5,,0,,,33,21.0,,,,,,0,0,,
15871,Marvin Schwäbe,1. FC Köln,G,1. FC Köln vs Eintracht Frankfurt,90,7,,0,,,54,40.0,,1.0,,,,0,0,1.0,1.0
15871,Marvin Schwäbe,1. FC Köln,G,Werder Bremen vs 1. FC Köln,90,7.9,,0,,,51,35.0,,,,,,0,0,,
15871,Marvin Schwäbe,1. FC Köln,G,1. FC Köln vs FC St. Pauli,90,6.7,,0,,,63,43.0,,,,,,0,0,,
15871,Marvin Schwäbe,1. FC Köln,G,Bayer Leverkusen vs 1. FC Köln,90,7.3,,0,,,61,38.0,,,,,,0,0,,
15871,Marvin Schwäbe,1. FC Köln,G,1. FC Köln vs Union Berlin,90,6.9,,0,,,47,37.0,,,,,,0,0,,
15871,Marvin Schwäbe,1. FC Köln,G,1. FC Heidenheim vs 1. FC Köln,90,8.2,,0,,,53,38.0,,,,,,0,0,,
15871,Marvin Schwäbe,1. FC Köln,G,1. FC Köln vs Bayern München,90,5.9,,0,,,42,22.0,,,,,,0,0,,
15871,Marvin Schwäbe,1. FC Köln,G,1. FC Köln vs FSV Mainz 05,90,7.3,,0,,,46,33.0,,,,,,0,0,,
15871,Marvin Schwäbe,1. FC Köln,G,SC Freiburg vs 1. FC Köln,90,7.2,,0,,,47,39.0,,,,,,0,0,,
15871,Marvin Schwäbe,1. FC Köln,G,1. FC Köln vs VfL Wolfsburg,90,7.2,,0,,,55,34.0,,,,,,0,0,,
15871,Marvin Schwäbe,1. FC Köln,G,1. FC Köln vs RB Leipzig,90,7.2,,0,,,47,32.0,,,,,,0,0,1.0,1.0
15871,Marvin Schwäbe,1. FC Köln,G,VfB Stuttgart vs 1. FC Köln,90,6.9,,0,,,36,23.0,,,,,,0,0,,
15871,Marvin Schwäbe,1. FC Köln,G,1. FC Köln vs 1899 Hoffenheim,90,7.5,,0,,,48,20.0,,,,,1.0,0,0,1.0,1.0
15871,Marvin Schwäbe,1. FC Köln,G,FC Augsburg vs 1. FC Köln,90,6.2,,0,,,49,34.0,,,,,,0,0,,
48765,Joel Schmied,1. FC Köln,D,FSV Mainz 05 vs 1. FC Köln,90,6.3,,0,,,17,14.0,,1.0,,2.0,,1,0,2.0,11.0
48765,Joel Schmied,1. FC Köln,D,1. FC Köln vs SC Freiburg,45,6.2,,0,,,21,17.0,,,1.0,1.0,,1,0,,1.0
48765,Joel Schmied,1. FC Köln,D,VfL Wolfsburg vs 1. FC Köln,90,6.2,,0,,,33,30.0,,2.0,2.0,2.0,,1,0,4.0,6.0
48765,Joel Schmied,1. FC Köln,D,RB Leipzig vs 1. FC Köln,90,6.5,,0,,,46,40.0,,1.0,,1.0,,0,0,2.0,3.0
48765,Joel Schmied,1. FC Köln,D,1. FC Köln vs VfB Stuttgart,85,6.2,,0,,,25,22.0,,,1.0,1.0,1.0,1,0,3.0,5.0
48765,Joel Schmied,1. FC Köln,D,1899 Hoffenheim vs 1. FC Köln,90,7.2,,0,1.0,,31,25.0,,,1.0,1.0,1.0,0,0,5.0,7.0
48765,Joel Schmied,1. FC Köln,D,1. FC Köln vs FC Augsburg,90,6.3,,0,,,38,33.0,,1.0,2.0,,,0,0,2.0,5.0
48765,Joel Schmied,1. FC Köln,D,Borussia Dortmund vs 1. FC Köln,18,6.2,,0,,,2,1.0,,,,,,0,0,,1.0
48765,Joel Schmied,1. FC Köln,D,1. FC Köln vs Hamburger SV,45,6.7,,0,,,14,13.0,,,,,,0,0,,
48765,Joel Schmied,1. FC Köln,D,Borussia Mönchengladbach vs 1. FC Köln,90,6.9,,0,,,81,78.0,,4.0,2.0,3.0,1.0,0,0,6.0,10.0
48765,Joel Schmied,1. FC Köln,D,1. FC Köln vs Eintracht Frankfurt,63,5,,0,1.0,,27,24.0,,,,1.0,1.0,0,0,2.0,5.0
48765,Joel Schmied,1. FC Köln,D,VfB Stuttgart vs 1. FC Köln,68,6.3,,0,,,25,21.0,,1.0,,1.0,1.0,0,0,4.0,8.0
48765,Joel Schmied,1. FC Köln,D,1. FC Köln vs 1899 Hoffenheim,90,6.3,,0,,,17,11.0,,1.0,1.0,,,0,0,3.0,6.0
90641,Timo Hübers,1. FC Köln,D,FSV Mainz 05 vs 1. FC Köln,90,7.3,,0,,,41,37.0,,1.0,,,1.0,0,0,5.0,10.0
90641,Timo Hübers,1. FC Köln,D,1. FC Köln vs SC Freiburg,45,6.6,,0,,,21,17.0,,,1.0,1.0,1.0,0,0,2.0,5.0
90641,Timo Hübers,1. FC Köln,D,VfL Wolfsburg vs 1. FC Köln,90,6.5,,0,,,51,46.0,,,,1.0,2.0,0,0,5.0,7.0
90641,Timo Hübers,1. FC Köln,D,RB Leipzig vs 1. FC Köln,90,6.7,,0,,,73,73.0,,,1.0,1.0,4.0,0,0,6.0,13.0
90641,Timo Hübers,1. FC Köln,D,1. FC Köln vs VfB Stuttgart,90,6.7,,0,,,48,42.0,,1.0,4.0,2.0,1.0,0,0,5.0,7.0
90641,Timo Hübers,1. FC Köln,D,1899 Hoffenheim vs 1. FC Köln,90,7.2,,0,,,34,32.0,,4.0,2.0,2.0,,0,0,8.0,17.0
90641,Timo Hübers,1. FC Köln,D,1. FC Köln vs FC Augsburg,90,7.3,,0,,,65,48.0,,3.0,3.0,1.0,1.0,0,0,9.0,13.0
90641,Timo Hübers,1. FC Köln,D,Borussia Dortmund vs 1. FC Köln,84,7.7,,0,,,34,25.0,,5.0,,,,0,0,6.0,8.0
1156,Tom Krauß,1. FC Köln,D,FSV Mainz 05 vs 1. FC Köln,68,7.2,,0,,,48,48.0,,1.0,,,1.0,0,0,2.0,2.0
1156,Tom Krauß,1. FC Köln,D,1. FC Köln vs SC Freiburg,31,6.2,,0,2.0,,12,10.0,,3.0,,1.0,,0,0,3.0,6.0
1156,Tom Krauß,1. FC Köln,D,RB Leipzig vs 1. FC Köln,90,6.3,,0,,,59,51.0,,2.0,,2.0,1.0,0,0,4.0,7.0
1156,Tom Krauß,1. FC Köln,D,1. FC Köln vs VfB Stuttgart,90,6.6,,0,,,56,49.0,,3.0,2.0,1.0,1.0,1,0,4.0,12.0
1156,Tom Krauß,1. FC Köln,D,1899 Hoffenheim vs 1. FC Köln,12,6.7,,0,,,4,3.0,,,1.0,,,0,0,,1.0
1156,Tom Krauß,1. FC Köln,D,Borussia Dortmund vs 1. FC Köln,45,6.9,,0,,,8,7.0,,1.0,,1.0,2.0,0,0,4.0,6.0
1156,Tom Krauß,1. FC Köln,D,1. FC Köln vs Hamburger SV,23,6.9,,0,,,16,13.0,,2.0,1.0,1.0,,0,0,2.0,3.0
1156,Tom Krauß,1. FC Köln,D,Werder Bremen vs 1. FC Köln,45,6.6,,0,,,43,37.0,,,3.0,,,0,0,,
1156,Tom Krauß,1. FC Köln,D,1. FC Köln vs FC St. Pauli,82,7.3,,0,1.0,1.0,52,50.0,,1.0,1.0,,,0,0,2.0,3.0
1156,Tom Krauß,1. FC Köln,D,Bayer Leverkusen vs 1. FC Köln,90,7.5,,0,,,38,35.0,,5.0,1.0,,1.0,0,0,8.0,9.0
1156,Tom Krauß,1. FC Köln,D,1. FC Köln vs Union Berlin,68,7,,0,1.0,,56,53.0,,2.0,,2.0,,1,0,3.0,6.0
1156,Tom Krauß,1. FC Köln,D,1. FC Heidenheim vs 1. FC Köln,90,6.6,,0,,,33,28.0,,3.0,1.0,2.0,1.0,0,0,4.0,11.0
1156,Tom Krauß,1. FC Köln,D,1. FC Köln vs Bayern München,90,7.2,,0,,,22,18.0,,5.0,5.0,1.0,3.0,0,0,8.0,10.0
1156,Tom Krauß,1. FC Köln,D,1. FC Köln vs FSV Mainz 05,45,6.9,,0,,,23,17.0,,,3.0,,1.0,1,0,4.0,6.0
1156,Tom Krauß,1. FC Köln,D,SC Freiburg vs 1. FC Köln,77,7,,0,,,28,25.0,,6.0,1.0,1.0,,1,0,8.0,10.0
1156,Tom Krauß,1. FC Köln,D,1. FC Köln vs VfL Wolfsburg,90,7.9,,1,,,25,21.0,,5.0,1.0,2.0,2.0,0,0,7.0,11.0
1156,Tom Krauß,1. FC Köln,D,1. FC Köln vs RB Leipzig,90,7.6,,0,,,40,31.0,,5.0,1.0,1.0,2.0,0,0,9.0,12.0
1156,Tom Krauß,1. FC Köln,D,VfB Stuttgart vs 1. FC Köln,89,6.3,,0,,,24,19.0,,1.0,1.0,2.0,,0,0,1.0,6.0
1156,Tom Krauß,1. FC Köln,D,1. FC Köln vs 1899 Hoffenheim,89,7.2,,0,,,32,25.0,,7.0,1.0,1.0,1.0,0,0,8.0,12.0
1156,Tom Krauß,1. FC Köln,D,FC Augsburg vs 1. FC Köln,84,6.9,,0,,,38,30.0,,4.0,,,2.0,0,0,9.0,13.0
191740,Sebastian Sebulonsen,1. FC Köln,M,FSV Mainz 05 vs 1. FC Köln,74,6.6,,0,1.0,,17,13.0,,,,,,0,0,,2.0
191740,Sebastian Sebulonsen,1. FC Köln,M,1. FC Köln vs SC Freiburg,90,6.3,,0,1.0,,21,17.0,,2.0,,1.0,,0,0,3.0,5.0
191740,Sebastian Sebulonsen,1. FC Köln,M,VfL Wolfsburg vs 1. FC Köln,64,6.3,,0,,,14,10.0,,2.0,1.0,1.0,,0,0,2.0,4.0
191740,Sebastian Sebulonsen,1. FC Köln,M,RB Leipzig vs 1. FC Köln,72,6.9,,0,,,11,9.0,,3.0,,,1.0,0,0,6.0,7.0
191740,Sebastian Sebulonsen,1. FC Köln,M,1. FC Köln vs VfB Stuttgart,90,6.9,,0,1.0,,26,19.0,,1.0,,,1.0,0,0,4.0,5.0
191740,Sebastian Sebulonsen,1. FC Köln,M,1899 Hoffenheim vs 1. FC Köln,90,6.6,,0,1.0,,20,12.0,,2.0,1.0,1.0,1.0,1,0,5.0,9.0
191740,Sebastian Sebulonsen,1. FC Köln,M,1. FC Köln vs FC Augsburg,74,6.5,,0,2.0,,19,12.0,,,,,,0,0,1.0,3.0
191740,Sebastian Sebulonsen,1. FC Köln,M,Borussia Dortmund vs 1. FC Köln,90,6.6,,0,,,12,9.0,,1.0,2.0,1.0,1.0,1,0,5.0,8.0
191740,Sebastian Sebulonsen,1. FC Köln,M,1. FC Köln vs Hamburger SV,45,6.5,,0,,,9,9.0,,,1.0,1.0,1.0,0,0,1.0,3.0
191740,Sebastian Sebulonsen,1. FC Köln,M,Borussia Mönchengladbach vs 1. FC Köln,45,6.6,,0,,,24,20.0,,1.0,,,,1,0,3.0,3.0
191740,Sebastian Sebulonsen,1. FC Köln,M,1. FC Köln vs Eintracht Frankfurt,81,6.2,,0,,,28,19.0,,5.0,1.0,,,0,0,8.0,10.0
191740,Sebastian Sebulonsen,1. FC Köln,M,Werder Bremen vs 1. FC Köln,90,6.6,,0,1.0,,40,33.0,,1.0,,1.0,,0,0,2.0,5.0
191740,Sebastian Sebulonsen,1. FC Köln,M,1. FC Köln vs FC St. Pauli,90,6.3,,0,1.0,1.0,47,36.0,,,2.0,,,0,0,1.0,4.0
191740,Sebastian Sebulonsen,1. FC Köln,M,Bayer Leverkusen vs 1. FC Köln,90,6.3,,0,2.0,1.0,30,21.0,,4.0,,,,0,0,4.0,6.0
191740,Sebastian Sebulonsen,1. FC Köln,M,1. FC Köln vs Union Berlin,90,6.2,,0,1.0,,28,22.0,,2.0,,2.0,,1,0,3.0,10.0
191740,Sebastian Sebulonsen,1. FC Köln,M,1. FC Heidenheim vs 1. FC Köln,90,6.7,,0,1.0,1.0,33,27.0,,,,,,0,0,4.0,6.0
191740,Sebastian Sebulonsen,1. FC Köln,M,1. FC Köln vs Bayern München,90,5.9,,0,,,20,16.0,,1.0,2.0,,,0,0,2.0,7.0
191740,Sebastian Sebulonsen,1. FC Köln,M,1. FC Köln vs FSV Mainz 05,90,6.9,,0,,,54,41.0,,1.0,2.0,,,0,0,2.0,3.0
191740,Sebastian Sebulonsen,1. FC Köln,M,SC Freiburg vs 1. FC Köln,90,6.7,,0,,,51,40.0,,,1.0,,,0,0,6.0,9.0
191740,Sebastian Sebulonsen,1. FC Köln,M,1. FC Köln vs VfL Wolfsburg,90,7,,0,,,40,30.0,,2.0,,,,0,0,2.0,4.0
191740,Sebastian Sebulonsen,1. FC Köln,M,1. FC Köln vs RB Leipzig,90,6,,0,,,18,13.0,,3.0,,,2.0,0,0,6.0,11.0
191740,Sebastian Sebulonsen,1. FC Köln,M,VfB Stuttgart vs 1. FC Köln,90,5.2,,0,,,24,21.0,,1.0,,,1.0,0,0,2.0,7.0
191740,Sebastian Sebulonsen,1. FC Köln,M,1. FC Köln vs 1899 Hoffenheim,69,6.9,,0,,,15,13.0,,2.0,,,,0,0,4.0,7.0
48198,Ísak Bergmann Jóhannesson,1. FC Köln,M,FSV Mainz 05 vs 1. FC Köln,80,6.7,,0,,,35,29.0,,,,,,0,0,,2.0
48198,Ísak Bergmann Jóhannesson,1. FC Köln,M,1. FC Köln vs SC Freiburg,90,7,,0,,,39,33.0,,,1.0,2.0,,0,0,,4.0
48198,Ísak Bergmann Jóhannesson,1. FC Köln,M,VfL Wolfsburg vs 1. FC Köln,45,7.9,1.0,0,1.0,1.0,17,16.0,,,,,,1,0,,2.0
48198,Ísak Bergmann Jóhannesson,1. FC Köln,M,RB Leipzig vs 1. FC Köln,90,6.6,,0,,,46,40.0,,2.0,,,,0,0,3.0,4.0
48198,Ísak Bergmann Jóhannesson,1. FC Köln,M,1. FC Köln vs VfB Stuttgart,74,6.9,,0,,,32,27.0,,2.0,,1.0,,0,0,3.0,4.0
48198,Ísak Bergmann Jóhannesson,1. FC Köln,M,1899 Hoffenheim vs 1. FC Köln,84,7.3,,0,1.0,,38,32.0,,2.0,1.0,,,0,0,2.0,3.0
48198,Ísak Bergmann Jóhannesson,1. FC Köln,M,1. FC Köln vs FC Augsburg,90,6.7,,0,,,63,46.0,,2.0,,2.0,1.0,1,0,3.0,10.0
48198,Ísak Bergmann Jóhannesson,1. FC Köln,M,Borussia Dortmund vs 1. FC Köln,72,6.3,,0,,,17,13.0,,1.0,,1.0,,1,0,1.0,3.0
48198,Ísak Bergmann Jóhannesson,1. FC Köln,M,1. FC Köln vs Hamburger SV,67,6.6,,0,1.0,,34,31.0,,1.0,,,,0,0,1.0,2.0
48198,Ísak Bergmann Jóhannesson,1. FC Köln,M,Borussia Mönchengladbach vs 1. FC Köln,80,6.7,,0,,,40,37.0,,1.0,,,1.0,0,0,3.0,5.0
48198,Ísak Bergmann Jóhannesson,1. FC Köln,M,1. FC Köln vs Eintracht Frankfurt,90,6.7,,0,,,54,49.0,,,,,,0,0,1.0,5.0
48198,Ísak Bergmann Jóhannesson,1. FC Köln,M,Werder Bremen vs 1. FC Köln,45,6.6,,0,1.0,,23,22.0,,1.0,,,,0,0,2.0,3.0
48198,Ísak Bergmann Jóhannesson,1. FC Köln,M,1. FC Köln vs FC St. Pauli,17,6.3,,0,,,16,13.0,,1.0,,,,0,0,1.0,2.0
48198,Ísak Bergmann Jóhannesson,1. FC Köln,M,Bayer Leverkusen vs 1. FC Köln,10,6.6,,0,,,17,13.0,,,,,,0,0,,1.0
48198,Ísak Bergmann Jóhannesson,1. FC Köln,M,1. FC Köln vs Union Berlin,90,6.7,,0,,,28,24.0,,1.0,,1.0,,0,0,1.0,3.0
48198,Ísak Bergmann Jóhannesson,1. FC Köln,M,1. FC Köln vs Bayern München,12,6.7,,0,,,6,5.0,,,,,,0,0,,
48198,Ísak Bergmann Jóhannesson,1. FC Köln,M,1. FC Köln vs FSV Mainz 05,45,7.2,,0,,,24,17.0,,1.0,,,,0,0,3.0,6.0
48198,Ísak Bergmann Jóhannesson,1. FC Köln,M,SC Freiburg vs 1. FC Köln,13,7,,0,,,9,7.0,,1.0,,,,0,0,2.0,2.0
48198,Ísak Bergmann Jóhannesson,1. FC Köln,M,1. FC Köln vs VfL Wolfsburg,24,6.3,,0,,,7,5.0,,,,,,0,0,,1.0
48198,Ísak Bergmann Jóhannesson,1. FC Köln,M,1. FC Köln vs RB Leipzig,68,6.9,,1,,,18,14.0,,2.0,1.0,1.0,2.0,0,0,5.0,10.0
48198,Ísak Bergmann Jóhannesson,1. FC Köln,M,FC Augsburg vs 1. FC Köln,45,6.9,,0,,,30,25.0,,1.0,,,,0,0,2.0,3.0
162480,Eric Martel,1. FC Köln,M,FSV Mainz 05 vs 1. FC Köln,90,7.2,,0,,,47,35.0,,1.0,2.0,1.0,1.0,0,0,6.0,13.0
162480,Eric Martel,1. FC Köln,M,1. FC Köln vs SC Freiburg,90,7.2,,0,,,46,40.0,,1.0,2.0,1.0,1.0,1,0,7.0,13.0
162480,Eric Martel,1. FC Köln,M,VfL Wolfsburg vs 1. FC Köln,90,6,,0,,,35,30.0,,1.0,,4.0,,0,0,4.0,12.0
162480,Eric Martel,1. FC Köln,M,RB Leipzig vs 1. FC Köln,59,6.7,,1,,,33,31.0,,2.0,3.0,3.0,,1,0,3.0,7.0
162480,Eric Martel,1. FC Köln,M,1. FC Köln vs VfB Stuttgart,90,6.5,,0,,,37,36.0,,,1.0,,,0,0,1.0,1.0
162480,Eric Martel,1. FC Köln,M,1899 Hoffenheim vs 1. FC Köln,90,7.3,,1,,,37,28.0,,3.0,2.0,1.0,2.0,0,0,9.0,13.0
162480,Eric Martel,1. FC Köln,M,1. FC Köln vs FC Augsburg,90,7.6,,0,,,64,51.0,,1.0,3.0,3.0,8.0,0,0,18.0,24.0
162480,Eric Martel,1. FC Köln,M,Borussia Dortmund vs 1. FC Köln,90,6.9,,0,1.0,,31,25.0,,,,2.0,,0,0,3.0,9.0
162480,Eric Martel,1. FC Köln,M,1. FC Köln vs Hamburger SV,90,7.2,,0,,,50,42.0,,,,1.0,3.0,0,0,6.0,9.0
162480,Eric Martel,1. FC Köln,M,Borussia Mönchengladbach vs 1. FC Köln,90,6.6,,0,,,98,92.0,,,1.0,2.0,1.0,0,0,3.0,11.0
162480,Eric Martel,1. FC Köln,M,1. FC Köln vs Eintracht Frankfurt,90,6.5,,0,,,56,53.0,,2.0,2.0,1.0,,0,0,2.0,4.0
162480,Eric Martel,1. FC Köln,M,Werder Bremen vs 1. FC Köln,82,7,,0,,,51,47.0,,2.0,,3.0,2.0,1,0,7.0,12.0
162480,Eric Martel,1. FC Köln,M,1. FC Köln vs FC St. Pauli,90,6.9,,0,,,101,97.0,,1.0,1.0,,2.0,0,0,6.0,13.0
162480,Eric Martel,1. FC Köln,M,Bayer Leverkusen vs 1. FC Köln,80,5.9,,0,,,24,21.0,,,1.0,1.0,2.0,1,0,2.0,6.0
162480,Eric Martel,1. FC Köln,M,1. FC Köln vs Union Berlin,90,7.2,,0,,,50,40.0,,1.0,1.0,,4.0,0,0,12.0,18.0
162480,Eric Martel,1. FC Köln,M,1. FC Heidenheim vs 1. FC Köln,90,7.6,1.0,0,2.0,1.0,47,39.0,,1.0,,2.0,2.0,1,0,10.0,14.0
162480,Eric Martel,1. FC Köln,M,1. FC Köln vs FSV Mainz 05,45,6.7,,0,,,25,21.0,,2.0,2.0,1.0,1.0,1,0,5.0,8.0
162480,Eric Martel,1. FC Köln,M,SC Freiburg vs 1. FC Köln,13,6.5,,0,,,15,13.0,,,,1.0,,0,0,2.0,5.0
162480,Eric Martel,1. FC Köln,M,1. FC Köln vs VfL Wolfsburg,90,6.6,,0,1.0,,34,27.0,,2.0,,,1.0,0,0,5.0,10.0
162480,Eric Martel,1. FC Köln,M,1. FC Köln vs RB Leipzig,90,5.9,,0,,,44,36.0,,2.0,2.0,,1.0,0,0,6.0,18.0
162480,Eric Martel,1. FC Köln,M,VfB Stuttgart vs 1. FC Köln,89,6,,0,,,35,30.0,,1.0,,2.0,1.0,0,0,3.0,11.0
162480,Eric Martel,1. FC Köln,M,1. FC Köln vs 1899 Hoffenheim,90,7.3,,0,1.0,,23,17.0,,5.0,1.0,1.0,3.0,0,0,8.0,14.0
162480,Eric Martel,1. FC Köln,M,FC Augsburg vs 1. FC Köln,45,7,,0,1.0,,24,21.0,,3.0,,1.0,1.0,1,0,5.0,8.0
162386,Kristoffer Lund,1. FC Köln,M,FSV Mainz 05 vs 1. FC Köln,67,6.7,,0,1.0,,29,22.0,,1.0,1.0,1.0,1.0,1,0,2.0,7.0
162386,Kristoffer Lund,1. FC Köln,M,1. FC Köln vs SC Freiburg,68,6.9,,0,1.0,,33,21.0,,1.0,,,1.0,0,0,5.0,10.0
162386,Kristoffer Lund,1. FC Köln,M,VfL Wolfsburg vs 1. FC Köln,78,6.7,,0,2.0,,22,14.0,,1.0,,,2.0,0,0,6.0,6.0
162386,Kristoffer Lund,1. FC Köln,M,1. FC Köln vs VfB Stuttgart,16,6.2,,0,,,8,7.0,,,,,,0,0,,1.0
162386,Kristoffer Lund,1. FC Köln,M,1899 Hoffenheim vs 1. FC Köln,84,6.9,,0,,,25,18.0,,,1.0,,,0,0,1.0,3.0
162386,Kristoffer Lund,1. FC Köln,M,1. FC Köln vs FC Augsburg,74,6.6,,0,1.0,,32,22.0,,,,1.0,2.0,0,0,9.0,16.0
162386,Kristoffer Lund,1. FC Köln,M,Borussia Dortmund vs 1. FC Köln,90,6.9,,0,,,20,16.0,,3.0,2.0,,,0,0,4.0,6.0
162386,Kristoffer Lund,1. FC Köln,M,1. FC Köln vs Hamburger SV,90,6.9,,0,2.0,1.0,28,22.0,,2.0,1.0,,1.0,0,0,4.0,7.0
162386,Kristoffer Lund,1. FC Köln,M,Borussia Mönchengladbach vs 1. FC Köln,67,5.7,,0,,,28,20.0,,,1.0,3.0,1.0,0,0,3.0,7.0
162386,Kristoffer Lund,1. FC Köln,M,1. FC Köln vs Eintracht Frankfurt,90,5.6,,0,,,50,40.0,,2.0,2.0,,1.0,0,0,4.0,9.0
162386,Kristoffer Lund,1. FC Köln,M,Werder Bremen vs 1. FC Köln,45,6.9,,1,,,30,29.0,,1.0,2.0,,,0,0,2.0,4.0
162386,Kristoffer Lund,1. FC Köln,M,1. FC Köln vs FC St. Pauli,8,6.2,,0,,,1,1.0,,,,,,0,0,,
162386,Kristoffer Lund,1. FC Köln,M,Bayer Leverkusen vs 1. FC Köln,17,6.6,,0,,,12,8.0,,,,,,0,0,1.0,2.0
162386,Kristoffer Lund,1. FC Köln,M,1. FC Köln vs Union Berlin,90,6.2,,0,,,32,24.0,,,1.0,1.0,2.0,0,0,2.0,4.0
162386,Kristoffer Lund,1. FC Köln,M,1. FC Heidenheim vs 1. FC Köln,15,6.9,,0,,,2,2.0,,,,,,0,0,1.0,2.0
162386,Kristoffer Lund,1. FC Köln,M,1. FC Köln vs Bayern München,78,6.3,,0,1.0,,10,8.0,,3.0,1.0,,1.0,0,0,4.0,7.0
162386,Kristoffer Lund,1. FC Köln,M,1. FC Köln vs FSV Mainz 05,45,6.6,,0,,,24,17.0,,,,,,0,0,1.0,7.0
162386,Kristoffer Lund,1. FC Köln,M,SC Freiburg vs 1. FC Köln,77,6.9,,0,,,32,28.0,,1.0,1.0,1.0,1.0,0,0,5.0,6.0
162386,Kristoffer Lund,1. FC Köln,M,1. FC Köln vs VfL Wolfsburg,86,7.7,,0,2.0,,21,12.0,,4.0,3.0,1.0,4.0,0,0,11.0,19.0
162386,Kristoffer Lund,1. FC Köln,M,1. FC Köln vs RB Leipzig,78,7.3,,0,1.0,,23,20.0,,1.0,,,1.0,0,0,2.0,3.0
162386,Kristoffer Lund,1. FC Köln,M,VfB Stuttgart vs 1. FC Köln,90,7,,0,,,31,23.0,,1.0,5.0,,2.0,0,0,7.0,10.0
162386,Kristoffer Lund,1. FC Köln,M,1. FC Köln vs 1899 Hoffenheim,90,7,,0,,,25,18.0,,,,,5.0,0,0,7.0,13.0
162386,Kristoffer Lund,1. FC Köln,M,FC Augsburg vs 1. FC Köln,90,6.6,,0,1.0,1.0,16,10.0,,1.0,,1.0,2.0,0,0,4.0,8.0
181908,Jan Thielmann,1. FC Köln,F,FSV Mainz 05 vs 1. FC Köln,67,6.3,,0,2.0,,13,7.0,,1.0,,1.0,,0,0,3.0,10.0
181908,Jan Thielmann,1. FC Köln,F,1. FC Köln vs SC Freiburg,68,8,1.0,1,3.0,2.0,12,10.0,,,,1.0,,0,0,1.0,5.0
181908,Jan Thielmann,1. FC Köln,F,VfL Wolfsburg vs 1. FC Köln,64,6.9,,0,3.0,3.0,7,4.0,,1.0,2.0,,6.0,0,0,8.0,12.0
181908,Jan Thielmann,1. FC Köln,F,RB Leipzig vs 1. FC Köln,58,7.7,1.0,0,2.0,1.0,9,8.0,,1.0,,,,0,0,2.0,3.0
181908,Jan Thielmann,1. FC Köln,F,1. FC Köln vs VfB Stuttgart,74,6.3,,0,2.0,1.0,15,11.0,,,,2.0,,0,0,1.0,6.0
181908,Jan Thielmann,1. FC Köln,F,1899 Hoffenheim vs 1. FC Köln,45,7,,0,,,7,6.0,,,,,5.0,0,0,7.0,12.0
181908,Jan Thielmann,1. FC Köln,F,1. FC Köln vs FC Augsburg,74,6.7,,0,,,16,14.0,,1.0,1.0,,1.0,1,0,2.0,6.0
181908,Jan Thielmann,1. FC Köln,F,1. FC Köln vs Eintracht Frankfurt,64,6.5,,0,2.0,1.0,15,11.0,,1.0,,1.0,,0,0,2.0,6.0
181908,Jan Thielmann,1. FC Köln,F,Werder Bremen vs 1. FC Köln,90,6.6,,0,,,39,34.0,,2.0,3.0,1.0,,1,0,3.0,5.0
181908,Jan Thielmann,1. FC Köln,F,1. FC Köln vs FC St. Pauli,90,6.3,,0,,,24,17.0,,2.0,2.0,,,0,0,3.0,6.0
181908,Jan Thielmann,1. FC Köln,F,Bayer Leverkusen vs 1. FC Köln,90,6.7,,0,,,16,12.0,,1.0,,1.0,1.0,0,0,3.0,5.0
181908,Jan Thielmann,1. FC Köln,F,1. FC Köln vs Union Berlin,68,7.3,,0,,,24,19.0,,1.0,,,5.0,0,0,6.0,7.0
181908,Jan Thielmann,1. FC Köln,F,1. FC Heidenheim vs 1. FC Köln,75,6.2,,0,,,27,21.0,,,1.0,,,0,0,,5.0
181908,Jan Thielmann,1. FC Köln,F,1. FC Köln vs Bayern München,85,6.6,,0,,,15,9.0,,3.0,2.0,,,0,0,4.0,6.0
181908,Jan Thielmann,1. FC Köln,F,1. FC Köln vs FSV Mainz 05,13,6.9,,0,,,2,2.0,,,,,,0,0,1.0,1.0
181908,Jan Thielmann,1. FC Köln,F,SC Freiburg vs 1. FC Köln,67,6.7,,0,,,12,8.0,,,,,1.0,0,0,3.0,5.0
181908,Jan Thielmann,1. FC Köln,F,1. FC Köln vs VfL Wolfsburg,15,6.3,,0,,,4,2.0,,,,,,0,0,,1.0
181908,Jan Thielmann,1. FC Köln,F,1. FC Köln vs RB Leipzig,89,7,1.0,0,1.0,1.0,22,15.0,,1.0,,1.0,1.0,1,0,4.0,11.0
181908,Jan Thielmann,1. FC Köln,F,VfB Stuttgart vs 1. FC Köln,90,7,,0,1.0,1.0,42,25.0,,1.0,1.0,,1.0,0,0,6.0,9.0
40560,Jakub Kamiński,1. FC Köln,F,FSV Mainz 05 vs 1. FC Köln,90,7.2,,0,3.0,1.0,37,31.0,,,,1.0,1.0,0,0,5.0,10.0
40560,Jakub Kamiński,1. FC Köln,F,1. FC Köln vs SC Freiburg,90,7.9,1.0,0,3.0,2.0,20,15.0,,,,,1.0,0,0,2.0,5.0
40560,Jakub Kamiński,1. FC Köln,F,VfL Wolfsburg vs 1. FC Köln,90,7.7,1.0,0,1.0,1.0,24,19.0,,2.0,,,1.0,0,0,4.0,7.0
40560,Jakub Kamiński,1. FC Köln,F,RB Leipzig vs 1. FC Köln,90,6.2,,0,,,33,28.0,,,2.0,,,0,0,1.0,6.0
40560,Jakub Kamiński,1. FC Köln,F,1. FC Köln vs VfB Stuttgart,90,7,1.0,0,3.0,2.0,29,22.0,,,3.0,1.0,1.0,0,0,2.0,6.0
40560,Jakub Kamiński,1. FC Köln,F,1899 Hoffenheim vs 1. FC Köln,90,6.9,,0,3.0,2.0,18,16.0,,,,,2.0,0,0,2.0,5.0
40560,Jakub Kamiński,1. FC Köln,F,1. FC Köln vs FC Augsburg,90,6.9,,0,1.0,,31,27.0,,1.0,,,,0,0,3.0,8.0
40560,Jakub Kamiński,1. FC Köln,F,Borussia Dortmund vs 1. FC Köln,90,7.2,,0,,,14,12.0,,3.0,1.0,,2.0,0,0,5.0,9.0
40560,Jakub Kamiński,1. FC Köln,F,1. FC Köln vs Hamburger SV,90,9.6,1.0,1,2.0,1.0,23,16.0,,3.0,,,,0,0,3.0,8.0
40560,Jakub Kamiński,1. FC Köln,F,Borussia Mönchengladbach vs 1. FC Köln,90,6.5,,0,1.0,,26,23.0,,4.0,,1.0,,0,0,4.0,8.0
40560,Jakub Kamiński,1. FC Köln,F,1. FC Köln vs Eintracht Frankfurt,90,8,1.0,0,1.0,1.0,31,26.0,,1.0,1.0,,,0,0,2.0,7.0
40560,Jakub Kamiński,1. FC Köln,F,Werder Bremen vs 1. FC Köln,90,6.3,,0,,,24,21.0,,2.0,,,,0,0,2.0,5.0
40560,Jakub Kamiński,1. FC Köln,F,1. FC Köln vs FC St. Pauli,90,6.6,,0,,,54,42.0,,,,,1.0,0,0,1.0,2.0
40560,Jakub Kamiński,1. FC Köln,F,Bayer Leverkusen vs 1. FC Köln,90,7.2,,0,,,31,27.0,,3.0,2.0,1.0,1.0,0,0,4.0,6.0
40560,Jakub Kamiński,1. FC Köln,F,1. FC Köln vs Union Berlin,86,6.9,,0,3.0,2.0,23,18.0,,1.0,,1.0,2.0,0,0,4.0,7.0
40560,Jakub Kamiński,1. FC Köln,F,1. FC Heidenheim vs 1. FC Köln,90,6.7,,0,3.0,1.0,33,24.0,,,,,,0,0,3.0,6.0
40560,Jakub Kamiński,1. FC Köln,F,1. FC Köln vs Bayern München,90,6.9,,0,1.0,1.0,17,14.0,,4.0,2.0,,,0,0,5.0,6.0
40560,Jakub Kamiński,1. FC Köln,F,1. FC Köln vs FSV Mainz 05,90,6.6,,0,1.0,,36,26.0,,2.0,,,1.0,0,0,5.0,13.0
40560,Jakub Kamiński,1. FC Köln,F,SC Freiburg vs 1. FC Köln,90,6.6,,0,,,49,39.0,,3.0,,1.0,1.0,0,0,4.0,9.0
40560,Jakub Kamiński,1. FC Köln,F,1. FC Köln vs VfL Wolfsburg,75,6.9,,0,,,21,20.0,,2.0,,1.0,1.0,0,0,3.0,10.0
40560,Jakub Kamiński,1. FC Köln,F,1. FC Köln vs RB Leipzig,90,7.2,,0,,,32,22.0,,3.0,1.0,2.0,2.0,0,0,7.0,11.0
40560,Jakub Kamiński,1. FC Köln,F,VfB Stuttgart vs 1. FC Köln,90,6.5,,0,1.0,,37,29.0,,2.0,1.0,,2.0,1,0,4.0,8.0
40560,Jakub Kamiński,1. FC Köln,F,1. FC Köln vs 1899 Hoffenheim,89,7.9,,1,1.0,1.0,24,20.0,,1.0,,,,0,0,4.0,6.0
40560,Jakub Kamiński,1. FC Köln,F,FC Augsburg vs 1. FC Köln,90,6.9,,0,,,29,23.0,,2.0,1.0,,1.0,0,0,4.0,7.0
25242,Marius Bülter,1. FC Köln,F,FSV Mainz 05 vs 1. FC Köln,90,7.7,1.0,0,1.0,1.0,25,20.0,,1.0,1.0,2.0,1.0,0,0,5.0,14.0
25242,Marius Bülter,1. FC Köln,F,1. FC Köln vs SC Freiburg,76,9.2,1.0,2,2.0,1.0,15,13.0,,1.0,,4.0,2.0,0,0,6.0,14.0
25242,Marius Bülter,1. FC Köln,F,VfL Wolfsburg vs 1. FC Köln,90,6.9,,0,1.0,1.0,21,15.0,,1.0,,,1.0,0,0,4.0,6.0
25242,Marius Bülter,1. FC Köln,F,RB Leipzig vs 1. FC Köln,45,6.7,,0,1.0,,9,5.0,,,1.0,,,0,0,1.0,1.0
25242,Marius Bülter,1. FC Köln,F,1. FC Köln vs FC Augsburg,31,6.7,,1,,,13,9.0,,,,1.0,,0,0,1.0,4.0
25242,Marius Bülter,1. FC Köln,F,Borussia Dortmund vs 1. FC Köln,45,6.6,,0,1.0,,7,3.0,,,1.0,,1.0,0,0,3.0,4.0
25242,Marius Bülter,1. FC Köln,F,1. FC Köln vs Hamburger SV,17,6,,0,2.0,2.0,7,4.0,,,,1.0,1.0,1,0,1.0,3.0
25242,Marius Bülter,1. FC Köln,F,Borussia Mönchengladbach vs 1. FC Köln,90,7.3,,0,4.0,1.0,26,21.0,,,,,1.0,0,0,4.0,8.0
25242,Marius Bülter,1. FC Köln,F,1. FC Köln vs Eintracht Frankfurt,14,7.9,1.0,0,2.0,2.0,1,,,,,,,0,0,3.0,5.0
25242,Marius Bülter,1. FC Köln,F,Werder Bremen vs 1. FC Köln,90,6.5,,0,2.0,,27,23.0,,,,,3.0,1,0,4.0,11.0
25242,Marius Bülter,1. FC Köln,F,1. FC Köln vs FC St. Pauli,73,6.9,,0,1.0,,17,13.0,,,,1.0,2.0,0,0,2.0,6.0
25242,Marius Bülter,1. FC Köln,F,Bayer Leverkusen vs 1. FC Köln,45,6.3,,0,,,16,10.0,,,,,1.0,0,0,3.0,5.0
25242,Marius Bülter,1. FC Köln,F,1. FC Köln vs Union Berlin,32,6.6,,0,,,5,5.0,,,,,,0,0,,6.0
25242,Marius Bülter,1. FC Köln,F,1. FC Heidenheim vs 1. FC Köln,15,7.2,,0,1.0,,6,4.0,,,,1.0,,0,0,1.0,2.0
25242,Marius Bülter,1. FC Köln,F,1. FC Köln vs Bayern München,12,6.5,,0,1.0,,2,2.0,,,,,,0,0,,1.0
25242,Marius Bülter,1. FC Köln,F,1. FC Köln vs FSV Mainz 05,90,5.9,,0,5.0,2.0,20,11.0,,,,2.0,3.0,1,0,8.0,21.0
25242,Marius Bülter,1. FC Köln,F,SC Freiburg vs 1. FC Köln,90,6.9,,0,3.0,2.0,27,18.0,,,1.0,1.0,1.0,0,0,3.0,10.0
25242,Marius Bülter,1. FC Köln,F,1. FC Köln vs VfL Wolfsburg,66,6.9,,0,1.0,,13,8.0,,,,,2.0,0,0,3.0,5.0
25242,Marius Bülter,1. FC Köln,F,1. FC Köln vs RB Leipzig,22,6.7,,0,,,6,4.0,,1.0,,,,0,0,2.0,6.0
25242,Marius Bülter,1. FC Köln,F,VfB Stuttgart vs 1. FC Köln,84,6.6,,0,1.0,,20,17.0,,,,,,0,0,3.0,5.0
25242,Marius Bülter,1. FC Köln,F,1. FC Köln vs 1899 Hoffenheim,11,6.3,,0,,,2,2.0,,,,,,0,0,,
25242,Marius Bülter,1. FC Köln,F,FC Augsburg vs 1. FC Köln,66,6.6,,0,,,9,6.0,,,,,2.0,0,0,2.0,2.0
72048,Cenk Özkaçar,1. FC Köln,D,FSV Mainz 05 vs 1. FC Köln,23,7.2,,0,1.0,,28,27.0,,2.0,,,,0,0,5.0,8.0
72048,Cenk Özkaçar,1. FC Köln,D,1899 Hoffenheim vs 1. FC Köln,18,6.3,,0,,,8,6.0,,,,1.0,,0,0,1.0,3.0
72048,Cenk Özkaçar,1. FC Köln,D,Borussia Dortmund vs 1. FC Köln,55,6.9,,0,,,24,22.0,,2.0,2.0,,,0,0,3.0,7.0
72048,Cenk Özkaçar,1. FC Köln,D,1. FC Köln vs Hamburger SV,90,7,,0,,,52,48.0,,2.0,1.0,,,0,0,5.0,8.0
72048,Cenk Özkaçar,1. FC Köln,D,Borussia Mönchengladbach vs 1. FC Köln,67,6.7,,0,1.0,1.0,57,56.0,,1.0,3.0,,1.0,0,0,5.0,8.0
72048,Cenk Özkaçar,1. FC Köln,D,Werder Bremen vs 1. FC Köln,74,6.3,,0,1.0,1.0,50,45.0,,,1.0,1.0,1.0,0,0,2.0,5.0
72048,Cenk Özkaçar,1. FC Köln,D,Bayer Leverkusen vs 1. FC Köln,45,6,,0,,,25,21.0,,,,,,0,0,,1.0
72048,Cenk Özkaçar,1. FC Köln,D,1. FC Köln vs Union Berlin,12,6,,0,,,4,2.0,,,,1.0,,0,0,,3.0
72048,Cenk Özkaçar,1. FC Köln,D,1. FC Köln vs Bayern München,90,6.2,,0,,,28,20.0,,4.0,,1.0,,0,0,6.0,12.0
72048,Cenk Özkaçar,1. FC Köln,D,1. FC Köln vs FSV Mainz 05,45,6.3,,0,,,31,28.0,,,,,,0,0,3.0,4.0
72048,Cenk Özkaçar,1. FC Köln,D,1. FC Köln vs VfL Wolfsburg,90,6.7,,0,,,39,33.0,,1.0,1.0,,,0,0,2.0,8.0
72048,Cenk Özkaçar,1. FC Köln,D,1. FC Köln vs RB Leipzig,90,6.7,,0,,,52,39.0,,1.0,,1.0,,0,0,3.0,6.0
72048,Cenk Özkaçar,1. FC Köln,D,VfB Stuttgart vs 1. FC Köln,68,7,,0,1.0,,34,27.0,,1.0,,1.0,1.0,0,0,4.0,7.0
72048,Cenk Özkaçar,1. FC Köln,D,1. FC Köln vs 1899 Hoffenheim,90,6.2,,0,1.0,1.0,38,28.0,,2.0,1.0,1.0,,1,0,5.0,10.0
72048,Cenk Özkaçar,1. FC Köln,D,FC Augsburg vs 1. FC Köln,90,6.3,,0,2.0,1.0,45,38.0,,1.0,4.0,,1.0,0,0,7.0,10.0
37439,Ragnar Ache,1. FC Köln,F,FSV Mainz 05 vs 1. FC Köln,22,6.3,,0,,,5,3.0,,,,1.0,,0,0,2.0,4.0
37439,Ragnar Ache,1. FC Köln,F,1. FC Köln vs SC Freiburg,14,6.3,,0,,,4,4.0,,,,,,0,0,1.0,3.0
37439,Ragnar Ache,1. FC Köln,F,VfL Wolfsburg vs 1. FC Köln,12,6.3,,1,,,5,3.0,,,,,,0,0,1.0,4.0
37439,Ragnar Ache,1. FC Köln,F,RB Leipzig vs 1. FC Köln,31,6.2,,0,2.0,,4,4.0,,,,1.0,1.0,0,0,3.0,6.0
37439,Ragnar Ache,1. FC Köln,F,1. FC Köln vs VfB Stuttgart,63,7.9,,1,2.0,2.0,14,9.0,,1.0,,,5.0,0,0,11.0,13.0
37439,Ragnar Ache,1. FC Köln,F,1899 Hoffenheim vs 1. FC Köln,45,6.6,,0,,,7,5.0,,1.0,,,,0,0,6.0,11.0
37439,Ragnar Ache,1. FC Köln,F,1. FC Köln vs FC Augsburg,16,6.3,,0,,,3,3.0,,1.0,,,,0,0,1.0,3.0
37439,Ragnar Ache,1. FC Köln,F,Borussia Dortmund vs 1. FC Köln,18,6.6,,0,,,4,2.0,,,,,,0,0,2.0,3.0
37439,Ragnar Ache,1. FC Köln,F,1. FC Köln vs Hamburger SV,73,7.9,1.0,0,2.0,1.0,10,6.0,,1.0,,,4.0,0,0,8.0,13.0
37439,Ragnar Ache,1. FC Köln,F,Borussia Mönchengladbach vs 1. FC Köln,45,6.9,,0,2.0,1.0,10,5.0,,,,3.0,2.0,1,0,9.0,13.0
37439,Ragnar Ache,1. FC Köln,F,1. FC Köln vs Eintracht Frankfurt,76,6.9,,1,,,20,11.0,,,,,,0,0,7.0,15.0
37439,Ragnar Ache,1. FC Köln,F,1. FC Köln vs FC St. Pauli,17,6.6,,0,1.0,1.0,8,6.0,,1.0,,1.0,,0,0,7.0,13.0
37439,Ragnar Ache,1. FC Köln,F,Bayer Leverkusen vs 1. FC Köln,45,6.2,,0,,,10,7.0,,,,1.0,1.0,0,0,4.0,9.0
37439,Ragnar Ache,1. FC Köln,F,1. FC Köln vs Union Berlin,58,6.7,,0,1.0,,8,3.0,,,,,1.0,0,0,5.0,11.0
37439,Ragnar Ache,1. FC Köln,F,1. FC Heidenheim vs 1. FC Köln,89,6.5,,0,3.0,3.0,17,10.0,,,,1.0,2.0,0,0,8.0,13.0
37439,Ragnar Ache,1. FC Köln,F,1. FC Köln vs Bayern München,78,6.9,,0,1.0,,16,6.0,,,,,,0,0,13.0,23.0
37439,Ragnar Ache,1. FC Köln,F,1. FC Köln vs FSV Mainz 05,45,8.9,2.0,0,3.0,2.0,15,9.0,,,,,1.0,0,0,12.0,22.0
37439,Ragnar Ache,1. FC Köln,F,SC Freiburg vs 1. FC Köln,90,6.6,,0,4.0,1.0,22,13.0,,2.0,,1.0,1.0,0,0,11.0,20.0
37439,Ragnar Ache,1. FC Köln,F,1. FC Köln vs VfL Wolfsburg,86,6.9,,0,2.0,1.0,14,6.0,,1.0,,1.0,2.0,1,0,11.0,15.0
37439,Ragnar Ache,1. FC Köln,F,1. FC Köln vs RB Leipzig,89,6.9,,0,3.0,1.0,15,7.0,,,1.0,1.0,1.0,0,0,12.0,23.0
37439,Ragnar Ache,1. FC Köln,F,VfB Stuttgart vs 1. FC Köln,90,7.5,1.0,0,3.0,2.0,12,9.0,,1.0,1.0,2.0,1.0,0,0,8.0,22.0
37439,Ragnar Ache,1. FC Köln,F,1. FC Köln vs 1899 Hoffenheim,85,7.2,1.0,0,2.0,1.0,7,6.0,,,,,1.0,0,0,4.0,12.0
37439,Ragnar Ache,1. FC Köln,F,FC Augsburg vs 1. FC Köln,90,6.7,,0,,,8,5.0,,2.0,,1.0,2.0,0,0,5.0,12.0
432310,Said El Mala,1. FC Köln,M,FSV Mainz 05 vs 1. FC Köln,22,6.3,,0,1.0,,8,7.0,,,,,,0,0,2.0,6.0
432310,Said El Mala,1. FC Köln,M,1. FC Köln vs SC Freiburg,22,7.3,1.0,0,1.0,1.0,2,2.0,,,,,,0,0,,4.0
432310,Said El Mala,1. FC Köln,M,VfL Wolfsburg vs 1. FC Köln,26,6.9,,1,1.0,1.0,7,5.0,,,1.0,1.0,2.0,0,0,4.0,8.0
432310,Said El Mala,1. FC Köln,M,RB Leipzig vs 1. FC Köln,45,6.7,,0,2.0,1.0,17,11.0,,1.0,,,,0,0,4.0,7.0
432310,Said El Mala,1. FC Köln,M,1. FC Köln vs VfB Stuttgart,27,6.3,,0,3.0,2.0,5,3.0,,1.0,,,1.0,0,0,5.0,8.0
432310,Said El Mala,1. FC Köln,M,1899 Hoffenheim vs 1. FC Köln,72,7.7,1.0,0,3.0,2.0,11,6.0,,,1.0,,,0,0,4.0,10.0
432310,Said El Mala,1. FC Köln,M,1. FC Köln vs FC Augsburg,31,7.7,1.0,0,1.0,1.0,15,9.0,,2.0,,,,0,0,3.0,6.0
432310,Said El Mala,1. FC Köln,M,Borussia Dortmund vs 1. FC Köln,72,6.3,,0,3.0,,4,,,1.0,,1.0,1.0,0,0,4.0,12.0
432310,Said El Mala,1. FC Köln,M,1. FC Köln vs Hamburger SV,23,7.9,1.0,0,3.0,2.0,7,5.0,,2.0,,,1.0,0,0,4.0,4.0
432310,Said El Mala,1. FC Köln,M,Borussia Mönchengladbach vs 1. FC Köln,45,6.9,,0,1.0,1.0,8,7.0,,2.0,,,1.0,0,0,6.0,9.0
432310,Said El Mala,1. FC Köln,M,1. FC Köln vs Eintracht Frankfurt,26,6.9,,1,2.0,,11,11.0,,,,,,0,0,,3.0
432310,Said El Mala,1. FC Köln,M,Werder Bremen vs 1. FC Köln,90,8.3,1.0,0,2.0,1.0,30,21.0,,,1.0,2.0,4.0,0,0,9.0,17.0
432310,Said El Mala,1. FC Köln,M,1. FC Köln vs FC St. Pauli,82,7.2,1.0,0,2.0,2.0,10,5.0,,1.0,,2.0,,0,0,2.0,7.0
432310,Said El Mala,1. FC Köln,M,Bayer Leverkusen vs 1. FC Köln,73,6.3,,0,,,9,7.0,,2.0,,,,0,0,2.0,8.0
432310,Said El Mala,1. FC Köln,M,1. FC Köln vs Union Berlin,22,6.5,,0,1.0,,2,2.0,,,,,,0,0,1.0,2.0
432310,Said El Mala,1. FC Köln,M,1. FC Heidenheim vs 1. FC Köln,45,7.9,1.0,0,3.0,1.0,8,6.0,,,,,2.0,0,0,3.0,5.0
432310,Said El Mala,1. FC Köln,M,1. FC Köln vs Bayern München,78,7,,0,1.0,1.0,13,8.0,,,,,,0,0,1.0,7.0
432310,Said El Mala,1. FC Köln,M,1. FC Köln vs FSV Mainz 05,90,7.3,,0,4.0,1.0,28,25.0,,3.0,,2.0,1.0,1,0,7.0,14.0
432310,Said El Mala,1. FC Köln,M,SC Freiburg vs 1. FC Köln,23,6.2,,0,,,7,7.0,,,,,,0,0,,3.0
432310,Said El Mala,1. FC Köln,M,1. FC Köln vs VfL Wolfsburg,15,7.2,,0,2.0,1.0,4,3.0,,,,,,0,0,5.0,8.0
432310,Said El Mala,1. FC Köln,M,1. FC Köln vs RB Leipzig,90,6.3,,0,2.0,1.0,16,10.0,,1.0,,,,0,0,3.0,13.0
432310,Said El Mala,1. FC Köln,M,VfB Stuttgart vs 1. FC Köln,22,6.3,,0,1.0,,3,2.0,,,,,,0,0,,2.0
432310,Said El Mala,1. FC Köln,M,1. FC Köln vs 1899 Hoffenheim,85,8.2,1.0,1,1.0,1.0,17,12.0,,,,,1.0,0,0,4.0,11.0
432310,Said El Mala,1. FC Köln,M,FC Augsburg vs 1. FC Köln,24,6.3,,0,,,4,3.0,,,,,,0,0,2.0,7.0
26260,Luca Waldschmidt,1. FC Köln,F,FSV Mainz 05 vs 1. FC Köln,16,7,,1,,,4,3.0,,,,,,0,0,,
26260,Luca Waldschmidt,1. FC Köln,F,VfL Wolfsburg vs 1. FC Köln,45,6.9,1.0,0,1.0,1.0,12,11.0,,,,,,0,0,,1.0
26260,Luca Waldschmidt,1. FC Köln,F,RB Leipzig vs 1. FC Köln,59,6.5,,0,,,18,14.0,,,,,,0,0,,1.0
26260,Luca Waldschmidt,1. FC Köln,F,1. FC Köln vs VfB Stuttgart,11,6.7,,0,1.0,,1,1.0,,,,,,0,0,,1.0
26260,Luca Waldschmidt,1. FC Köln,F,1. FC Köln vs FC Augsburg,59,7,,0,1.0,1.0,19,11.0,,1.0,,1.0,,0,0,6.0,7.0
26260,Luca Waldschmidt,1. FC Köln,F,Borussia Mönchengladbach vs 1. FC Köln,23,7.2,1.0,0,1.0,1.0,16,14.0,,,,,2.0,0,0,2.0,3.0
26260,Luca Waldschmidt,1. FC Köln,F,1. FC Köln vs Eintracht Frankfurt,14,7.7,1.0,0,1.0,1.0,8,7.0,,,,1.0,,0,0,,1.0
26260,Luca Waldschmidt,1. FC Köln,F,Werder Bremen vs 1. FC Köln,16,6.3,,0,1.0,,9,6.0,,1.0,,,,0,0,4.0,7.0
26260,Luca Waldschmidt,1. FC Köln,F,1. FC Köln vs FC St. Pauli,88,6.9,,1,2.0,2.0,29,22.0,,1.0,,,1.0,0,0,3.0,4.0
26260,Luca Waldschmidt,1. FC Köln,F,Bayer Leverkusen vs 1. FC Köln,45,6.3,,0,1.0,1.0,13,9.0,,,,,,0,0,,2.0
26260,Luca Waldschmidt,1. FC Köln,F,1. FC Köln vs Bayern München,12,6.3,,0,,,2,1.0,,1.0,,,,0,0,1.0,1.0
26260,Luca Waldschmidt,1. FC Köln,F,1. FC Köln vs FSV Mainz 05,17,6.9,,0,,,8,7.0,,,,,,0,0,,1.0
26260,Luca Waldschmidt,1. FC Köln,F,SC Freiburg vs 1. FC Köln,10,6.3,,0,,,3,1.0,,,,,,0,0,,
26260,Luca Waldschmidt,1. FC Köln,F,1. FC Köln vs RB Leipzig,12,6.7,,0,,,1,1.0,,1.0,,,,0,0,1.0,3.0
26260,Luca Waldschmidt,1. FC Köln,F,VfB Stuttgart vs 1. FC Köln,22,6.9,,1,,,4,4.0,,1.0,,1.0,,0,0,1.0,3.0
26260,Luca Waldschmidt,1. FC Köln,F,1. FC Köln vs 1899 Hoffenheim,11,6.5,,0,,,0,,,,,,,0,0,,1.0
26260,Luca Waldschmidt,1. FC Köln,F,FC Augsburg vs 1. FC Köln,66,7,,0,1.0,,9,9.0,,1.0,1.0,,2.0,0,0,4.0,6.0
24803,Florian Kainz,1. FC Köln,M,FSV Mainz 05 vs 1. FC Köln,10,6.9,,0,,,6,5.0,,1.0,,,,0,0,2.0,2.0
24803,Florian Kainz,1. FC Köln,M,VfL Wolfsburg vs 1. FC Köln,19,6.7,,0,,,21,18.0,,1.0,1.0,,,0,0,1.0,1.0
24803,Florian Kainz,1. FC Köln,M,RB Leipzig vs 1. FC Köln,18,6.9,,0,,,17,14.0,,,,,2.0,0,0,2.0,2.0
24803,Florian Kainz,1. FC Köln,M,1. FC Köln vs VfB Stuttgart,16,6.5,,0,,,6,5.0,,,,1.0,,0,0,,2.0
24803,Florian Kainz,1. FC Köln,M,1. FC Köln vs FC Augsburg,16,7,,0,,,18,17.0,,,,,2.0,0,0,2.0,2.0
24803,Florian Kainz,1. FC Köln,M,1. FC Köln vs Hamburger SV,67,8.5,1.0,0,3.0,2.0,16,11.0,,1.0,2.0,1.0,,0,0,3.0,4.0
24803,Florian Kainz,1. FC Köln,M,Borussia Mönchengladbach vs 1. FC Köln,45,6.2,,0,,,29,21.0,,,,,,0,0,,4.0
24803,Florian Kainz,1. FC Köln,M,1. FC Köln vs Eintracht Frankfurt,27,6.6,,0,,,23,20.0,,1.0,1.0,1.0,,0,0,2.0,5.0
24803,Florian Kainz,1. FC Köln,M,Werder Bremen vs 1. FC Köln,8,6.7,,0,,,6,5.0,,,,,,0,0,,
24803,Florian Kainz,1. FC Köln,M,1. FC Köln vs FC St. Pauli,8,6.3,,0,1.0,1.0,7,7.0,,,,,,0,0,,
25626,Moritz Nicolas,Borussia Mönchengladbach,G,Borussia Mönchengladbach vs Hamburger SV,90,6.9,,0,,,24,19.0,,,,,,0,0,,
25626,Moritz Nicolas,Borussia Mönchengladbach,G,VfB Stuttgart vs Borussia Mönchengladbach,90,7.7,,0,,,32,29.0,,,,,,0,0,1.0,1.0
25626,Moritz Nicolas,Borussia Mönchengladbach,G,Borussia Mönchengladbach vs Werder Bremen,90,6,,0,,,26,24.0,,,,,,0,0,,
25626,Moritz Nicolas,Borussia Mönchengladbach,G,Bayer Leverkusen vs Borussia Mönchengladbach,90,7.7,,0,,,24,18.0,,,,,,0,0,,
25626,Moritz Nicolas,Borussia Mönchengladbach,G,Borussia Mönchengladbach vs Eintracht Frankfurt,90,5.9,,0,,,22,17.0,,,,,,0,0,,
25626,Moritz Nicolas,Borussia Mönchengladbach,G,Borussia Mönchengladbach vs SC Freiburg,90,6.9,,0,,,25,21.0,,,,,,0,0,,
25626,Moritz Nicolas,Borussia Mönchengladbach,G,Union Berlin vs Borussia Mönchengladbach,90,6.3,,0,,,33,25.0,,,,,,0,0,,
25626,Moritz Nicolas,Borussia Mönchengladbach,G,Borussia Mönchengladbach vs Bayern München,90,8.5,,0,,,38,19.0,,1.0,,,,0,0,1.0,1.0
25626,Moritz Nicolas,Borussia Mönchengladbach,G,FC St. Pauli vs Borussia Mönchengladbach,90,7.9,,0,,,34,25.0,,,,,,0,0,,
25626,Moritz Nicolas,Borussia Mönchengladbach,G,Borussia Mönchengladbach vs 1. FC Köln,90,7.9,,0,,,22,18.0,,,,,,0,0,,
25626,Moritz Nicolas,Borussia Mönchengladbach,G,1. FC Heidenheim vs Borussia Mönchengladbach,90,8,,0,,,20,18.0,,,,,,0,0,,
25626,Moritz Nicolas,Borussia Mönchengladbach,G,Borussia Mönchengladbach vs RB Leipzig,90,7.6,,0,,,35,26.0,,,,,,0,0,1.0,1.0
25626,Moritz Nicolas,Borussia Mönchengladbach,G,FSV Mainz 05 vs Borussia Mönchengladbach,90,7.2,,0,,,31,17.0,,,,,,0,0,,
25626,Moritz Nicolas,Borussia Mönchengladbach,G,Borussia Mönchengladbach vs VfL Wolfsburg,90,6.9,,0,,,33,27.0,,,,,,0,0,,
25626,Moritz Nicolas,Borussia Mönchengladbach,G,Borussia Dortmund vs Borussia Mönchengladbach,90,7.6,,0,,,34,22.0,,,1.0,,,0,0,,
25626,Moritz Nicolas,Borussia Mönchengladbach,G,Borussia Mönchengladbach vs FC Augsburg,90,6.9,,0,,,47,33.0,,,,,,0,0,,
25626,Moritz Nicolas,Borussia Mönchengladbach,G,1899 Hoffenheim vs Borussia Mönchengladbach,90,6.9,,0,,,27,14.0,,,,,,0,0,,
25626,Moritz Nicolas,Borussia Mönchengladbach,G,Hamburger SV vs Borussia Mönchengladbach,90,8.9,,0,,,42,27.0,,,,,1.0,0,0,1.0,1.0
25626,Moritz Nicolas,Borussia Mönchengladbach,G,Borussia Mönchengladbach vs VfB Stuttgart,90,8.2,,0,,,49,39.0,,,,,,0,0,,
25626,Moritz Nicolas,Borussia Mönchengladbach,G,Werder Bremen vs Borussia Mönchengladbach,90,7.3,,0,,,26,15.0,,,,,1.0,0,0,1.0,1.0
25626,Moritz Nicolas,Borussia Mönchengladbach,G,Borussia Mönchengladbach vs Bayer Leverkusen,90,6.5,,0,,,39,22.0,,,,,,0,0,,
25626,Moritz Nicolas,Borussia Mönchengladbach,G,Eintracht Frankfurt vs Borussia Mönchengladbach,90,8,,0,,,31,26.0,,,,,,0,0,1.0,1.0
25626,Moritz Nicolas,Borussia Mönchengladbach,G,SC Freiburg vs Borussia Mönchengladbach,90,8.2,,0,,,49,39.0,,,,,,0,0,1.0,1.0
50852,Joseph Scally,Borussia Mönchengladbach,D,Borussia Mönchengladbach vs Hamburger SV,90,7.3,,0,,,56,51.0,,1.0,,1.0,3.0,1,0,8.0,12.0
50852,Joseph Scally,Borussia Mönchengladbach,D,VfB Stuttgart vs Borussia Mönchengladbach,85,6.3,,0,1.0,1.0,28,23.0,,2.0,,2.0,2.0,1,0,6.0,12.0
50852,Joseph Scally,Borussia Mönchengladbach,D,Bayer Leverkusen vs Borussia Mönchengladbach,90,6.3,,0,2.0,2.0,24,20.0,,,2.0,2.0,1.0,1,0,3.0,7.0
50852,Joseph Scally,Borussia Mönchengladbach,D,Borussia Mönchengladbach vs Eintracht Frankfurt,90,7.3,,2,1.0,1.0,16,12.0,,,1.0,,3.0,0,0,4.0,11.0
50852,Joseph Scally,Borussia Mönchengladbach,D,Borussia Mönchengladbach vs SC Freiburg,90,6.9,,0,1.0,,38,31.0,,1.0,,2.0,1.0,1,0,4.0,6.0
50852,Joseph Scally,Borussia Mönchengladbach,D,Union Berlin vs Borussia Mönchengladbach,90,6.2,,0,,,44,37.0,,4.0,,2.0,2.0,0,0,8.0,14.0
50852,Joseph Scally,Borussia Mönchengladbach,D,Borussia Mönchengladbach vs Bayern München,14,6.3,,0,,,1,1.0,,,,,,0,0,,1.0
50852,Joseph Scally,Borussia Mönchengladbach,D,FC St. Pauli vs Borussia Mönchengladbach,78,7.3,,0,1.0,,19,18.0,,,1.0,,3.0,0,0,4.0,6.0
50852,Joseph Scally,Borussia Mönchengladbach,D,Borussia Mönchengladbach vs 1. FC Köln,90,6.3,,0,,,23,17.0,,2.0,1.0,,2.0,0,0,5.0,13.0
50852,Joseph Scally,Borussia Mönchengladbach,D,1. FC Heidenheim vs Borussia Mönchengladbach,90,7.9,,0,,,58,53.0,,4.0,,1.0,3.0,0,0,11.0,15.0
50852,Joseph Scally,Borussia Mönchengladbach,D,Borussia Mönchengladbach vs RB Leipzig,90,6.6,,0,,,45,31.0,,3.0,,3.0,1.0,0,0,5.0,10.0
50852,Joseph Scally,Borussia Mönchengladbach,D,FSV Mainz 05 vs Borussia Mönchengladbach,90,7.3,,0,,,41,35.0,,4.0,2.0,1.0,3.0,1,0,10.0,16.0
50852,Joseph Scally,Borussia Mönchengladbach,D,Borussia Dortmund vs Borussia Mönchengladbach,90,6,,0,1.0,,24,17.0,,,,1.0,1.0,0,0,2.0,7.0
50852,Joseph Scally,Borussia Mönchengladbach,D,Borussia Mönchengladbach vs FC Augsburg,85,7,1.0,0,3.0,3.0,27,23.0,,2.0,,2.0,1.0,0,0,6.0,12.0
50852,Joseph Scally,Borussia Mönchengladbach,D,1899 Hoffenheim vs Borussia Mönchengladbach,90,5.2,,0,,,14,9.0,,1.0,2.0,1.0,2.0,0,0,5.0,11.0
50852,Joseph Scally,Borussia Mönchengladbach,D,Hamburger SV vs Borussia Mönchengladbach,90,7,,0,,,27,21.0,,2.0,,1.0,4.0,0,0,8.0,11.0
50852,Joseph Scally,Borussia Mönchengladbach,D,Borussia Mönchengladbach vs VfB Stuttgart,90,4.3,,0,,,28,22.0,,1.0,,2.0,2.0,0,0,4.0,14.0
50852,Joseph Scally,Borussia Mönchengladbach,D,Werder Bremen vs Borussia Mönchengladbach,84,6.9,,0,,,12,9.0,,1.0,4.0,,4.0,0,0,6.0,10.0
50852,Joseph Scally,Borussia Mönchengladbach,D,Borussia Mönchengladbach vs Bayer Leverkusen,12,6.6,,0,,,2,,,,,,,0,0,1.0,1.0
50852,Joseph Scally,Borussia Mönchengladbach,D,Eintracht Frankfurt vs Borussia Mönchengladbach,25,6.7,,0,,,13,13.0,,,,,1.0,0,0,2.0,3.0
50852,Joseph Scally,Borussia Mönchengladbach,D,SC Freiburg vs Borussia Mönchengladbach,90,6.3,,0,,,27,22.0,,,,1.0,1.0,0,0,1.0,3.0
2803,Nico Elvedi,Borussia Mönchengladbach,D,Borussia Mönchengladbach vs Hamburger SV,90,7.7,,0,,,91,87.0,,,1.0,,,0,0,1.0,6.0
2803,Nico Elvedi,Borussia Mönchengladbach,D,VfB Stuttgart vs Borussia Mönchengladbach,90,7.2,,0,,,43,42.0,,1.0,1.0,1.0,,0,0,3.0,5.0
2803,Nico Elvedi,Borussia Mönchengladbach,D,Borussia Mönchengladbach vs Werder Bremen,90,5.9,,0,,,79,70.0,,1.0,1.0,1.0,1.0,0,0,5.0,9.0
2803,Nico Elvedi,Borussia Mönchengladbach,D,Bayer Leverkusen vs Borussia Mönchengladbach,90,7.2,,0,,,60,55.0,,4.0,,1.0,,1,0,6.0,11.0
2803,Nico Elvedi,Borussia Mönchengladbach,D,Borussia Mönchengladbach vs Eintracht Frankfurt,90,6.2,,0,,,48,42.0,,,4.0,1.0,,0,0,4.0,6.0
2803,Nico Elvedi,Borussia Mönchengladbach,D,Borussia Mönchengladbach vs SC Freiburg,90,7.3,,0,,,66,64.0,,,,1.0,,1,0,1.0,4.0
2803,Nico Elvedi,Borussia Mönchengladbach,D,Union Berlin vs Borussia Mönchengladbach,90,6.6,,0,,,62,59.0,,3.0,,,,0,0,7.0,10.0
2803,Nico Elvedi,Borussia Mönchengladbach,D,Borussia Mönchengladbach vs Bayern München,90,6.9,,0,,,11,8.0,,1.0,1.0,,,0,0,3.0,5.0
2803,Nico Elvedi,Borussia Mönchengladbach,D,FC St. Pauli vs Borussia Mönchengladbach,90,7.6,,0,,,57,56.0,,,,,2.0,0,0,5.0,6.0
2803,Nico Elvedi,Borussia Mönchengladbach,D,Borussia Mönchengladbach vs 1. FC Köln,90,7,,0,,,35,32.0,,1.0,1.0,2.0,,0,0,5.0,10.0
2803,Nico Elvedi,Borussia Mönchengladbach,D,1. FC Heidenheim vs Borussia Mönchengladbach,90,8.2,,0,2.0,,52,50.0,,,,1.0,1.0,0,0,4.0,7.0
2803,Nico Elvedi,Borussia Mönchengladbach,D,Borussia Mönchengladbach vs RB Leipzig,90,7.2,,0,,,54,48.0,,2.0,,1.0,1.0,0,0,5.0,7.0
2803,Nico Elvedi,Borussia Mönchengladbach,D,FSV Mainz 05 vs Borussia Mönchengladbach,90,7.3,,0,,,47,43.0,,4.0,1.0,,,0,0,7.0,11.0
2803,Nico Elvedi,Borussia Mönchengladbach,D,Borussia Mönchengladbach vs VfL Wolfsburg,90,6.5,,0,,,84,73.0,,1.0,1.0,,1.0,0,0,2.0,3.0
2803,Nico Elvedi,Borussia Mönchengladbach,D,Borussia Dortmund vs Borussia Mönchengladbach,90,6.9,,0,,,38,36.0,,4.0,,,1.0,0,0,5.0,7.0
2803,Nico Elvedi,Borussia Mönchengladbach,D,Borussia Mönchengladbach vs FC Augsburg,90,7.7,,0,,,97,93.0,,,2.0,1.0,,0,0,2.0,3.0
2803,Nico Elvedi,Borussia Mönchengladbach,D,1899 Hoffenheim vs Borussia Mönchengladbach,90,5.9,,0,,,45,38.0,,2.0,1.0,,1.0,0,0,4.0,5.0
2803,Nico Elvedi,Borussia Mönchengladbach,D,Hamburger SV vs Borussia Mönchengladbach,90,6.9,,0,,,45,40.0,,,1.0,2.0,,0,0,1.0,4.0
2803,Nico Elvedi,Borussia Mönchengladbach,D,Borussia Mönchengladbach vs VfB Stuttgart,90,6.5,,0,,,58,53.0,,1.0,2.0,,,0,0,4.0,6.0
2803,Nico Elvedi,Borussia Mönchengladbach,D,Werder Bremen vs Borussia Mönchengladbach,90,7.6,,0,,,27,22.0,,2.0,2.0,,,0,0,7.0,7.0
2803,Nico Elvedi,Borussia Mönchengladbach,D,Borussia Mönchengladbach vs Bayer Leverkusen,90,7.3,,0,,,50,49.0,,1.0,,,,0,0,4.0,4.0
2803,Nico Elvedi,Borussia Mönchengladbach,D,Eintracht Frankfurt vs Borussia Mönchengladbach,90,6.3,,0,1.0,,60,58.0,,1.0,1.0,,1.0,0,0,3.0,7.0
2803,Nico Elvedi,Borussia Mönchengladbach,D,SC Freiburg vs Borussia Mönchengladbach,90,6.6,,0,1.0,,74,71.0,,,,,1.0,0,0,4.0,5.0
322627,Fabio Chiarodia,Borussia Mönchengladbach,D,Borussia Mönchengladbach vs Hamburger SV,77,7.3,,0,,,65,62.0,,1.0,1.0,,,0,0,2.0,2.0
322627,Fabio Chiarodia,Borussia Mönchengladbach,D,VfB Stuttgart vs Borussia Mönchengladbach,11,6.6,,0,,,10,10.0,,1.0,,,,0,0,1.0,1.0
322627,Fabio Chiarodia,Borussia Mönchengladbach,D,Borussia Mönchengladbach vs Werder Bremen,74,6.7,,0,1.0,,49,45.0,,4.0,2.0,1.0,,0,0,5.0,7.0
322627,Fabio Chiarodia,Borussia Mönchengladbach,D,Bayer Leverkusen vs Borussia Mönchengladbach,86,6.3,,0,,,53,42.0,,1.0,,1.0,,0,0,2.0,4.0
322627,Fabio Chiarodia,Borussia Mönchengladbach,D,Borussia Mönchengladbach vs Eintracht Frankfurt,38,5.9,,0,,,23,20.0,,,,1.0,,0,0,,2.0
322627,Fabio Chiarodia,Borussia Mönchengladbach,D,Borussia Mönchengladbach vs VfB Stuttgart,10,7,,0,1.0,,7,6.0,,1.0,,,,0,0,1.0,1.0
322627,Fabio Chiarodia,Borussia Mönchengladbach,D,Werder Bremen vs Borussia Mönchengladbach,90,6.5,,0,,,31,25.0,,1.0,4.0,2.0,,0,0,1.0,4.0
322627,Fabio Chiarodia,Borussia Mönchengladbach,D,Borussia Mönchengladbach vs Bayer Leverkusen,2,,,0,,,3,1.0,,,,,,0,0,,
327646,Lukas Ullrich,Borussia Mönchengladbach,D,Borussia Mönchengladbach vs Hamburger SV,77,7,,0,,,44,39.0,,2.0,,,,0,0,3.0,4.0
327646,Lukas Ullrich,Borussia Mönchengladbach,D,VfB Stuttgart vs Borussia Mönchengladbach,85,6.5,,0,1.0,,32,26.0,,1.0,1.0,,,0,0,2.0,4.0
327646,Lukas Ullrich,Borussia Mönchengladbach,D,Borussia Mönchengladbach vs Werder Bremen,60,6.2,,0,,,30,23.0,,3.0,1.0,1.0,,0,0,4.0,6.0
327646,Lukas Ullrich,Borussia Mönchengladbach,D,Bayer Leverkusen vs Borussia Mönchengladbach,90,6.9,,0,,,29,20.0,,5.0,1.0,1.0,,1,0,8.0,14.0
327646,Lukas Ullrich,Borussia Mönchengladbach,D,Borussia Mönchengladbach vs Eintracht Frankfurt,82,6,,0,,,27,19.0,,1.0,4.0,1.0,1.0,0,0,2.0,7.0
327646,Lukas Ullrich,Borussia Mönchengladbach,D,Borussia Mönchengladbach vs SC Freiburg,9,6.9,,0,,,4,3.0,,,,,,0,0,,1.0
327646,Lukas Ullrich,Borussia Mönchengladbach,D,Union Berlin vs Borussia Mönchengladbach,30,6,,0,,,6,5.0,,,,3.0,1.0,0,0,1.0,5.0
327646,Lukas Ullrich,Borussia Mönchengladbach,D,Borussia Mönchengladbach vs Bayern München,15,6.3,,0,,,11,3.0,,2.0,2.0,,,0,0,2.0,2.0
327646,Lukas Ullrich,Borussia Mönchengladbach,D,FC St. Pauli vs Borussia Mönchengladbach,90,7.5,,0,1.0,,34,29.0,,2.0,1.0,,1.0,0,0,4.0,6.0
327646,Lukas Ullrich,Borussia Mönchengladbach,D,Borussia Mönchengladbach vs 1. FC Köln,90,6,,0,,,17,15.0,,1.0,,3.0,1.0,0,0,3.0,8.0
327646,Lukas Ullrich,Borussia Mönchengladbach,D,Borussia Mönchengladbach vs VfL Wolfsburg,20,7.2,,0,,,19,16.0,,1.0,,,,0,0,2.0,2.0
327646,Lukas Ullrich,Borussia Mönchengladbach,D,1899 Hoffenheim vs Borussia Mönchengladbach,89,5.5,,0,2.0,2.0,30,24.0,,1.0,3.0,1.0,,0,0,1.0,5.0
327646,Lukas Ullrich,Borussia Mönchengladbach,D,Borussia Mönchengladbach vs VfB Stuttgart,86,6.2,,0,,,19,15.0,,,3.0,1.0,,1,0,,2.0
327646,Lukas Ullrich,Borussia Mönchengladbach,D,Borussia Mönchengladbach vs Bayer Leverkusen,88,6.5,,0,,,31,24.0,,1.0,3.0,,2.0,0,0,3.0,7.0
327646,Lukas Ullrich,Borussia Mönchengladbach,D,Eintracht Frankfurt vs Borussia Mönchengladbach,90,6.6,,0,1.0,,44,39.0,,,,3.0,2.0,0,0,9.0,13.0
327646,Lukas Ullrich,Borussia Mönchengladbach,D,SC Freiburg vs Borussia Mönchengladbach,62,6.9,,0,1.0,,25,21.0,,1.0,,1.0,1.0,0,0,4.0,5.0
203007,Rocco Reitz,Borussia Mönchengladbach,M,Borussia Mönchengladbach vs Hamburger SV,90,7.2,,0,3.0,2.0,56,48.0,,1.0,5.0,1.0,2.0,1,0,5.0,6.0
203007,Rocco Reitz,Borussia Mönchengladbach,M,VfB Stuttgart vs Borussia Mönchengladbach,84,6.6,,0,,,40,31.0,,4.0,1.0,1.0,,0,0,4.0,7.0
203007,Rocco Reitz,Borussia Mönchengladbach,M,Borussia Mönchengladbach vs Werder Bremen,90,6.3,,0,4.0,1.0,55,46.0,,1.0,1.0,1.0,2.0,0,0,4.0,9.0
203007,Rocco Reitz,Borussia Mönchengladbach,M,Bayer Leverkusen vs Borussia Mönchengladbach,86,7,,0,,,50,47.0,,2.0,2.0,,1.0,0,0,3.0,6.0
203007,Rocco Reitz,Borussia Mönchengladbach,M,Borussia Mönchengladbach vs Eintracht Frankfurt,61,6.3,,0,,,27,23.0,,2.0,1.0,1.0,1.0,0,0,4.0,7.0
203007,Rocco Reitz,Borussia Mönchengladbach,M,Borussia Mönchengladbach vs SC Freiburg,69,6.9,,0,1.0,1.0,24,17.0,,5.0,,1.0,1.0,0,0,9.0,16.0
203007,Rocco Reitz,Borussia Mönchengladbach,M,Union Berlin vs Borussia Mönchengladbach,90,7.3,,0,,,45,33.0,,2.0,,2.0,6.0,1,0,12.0,20.0
203007,Rocco Reitz,Borussia Mönchengladbach,M,Borussia Mönchengladbach vs Bayern München,84,7.3,,0,,,11,7.0,,3.0,1.0,,4.0,0,0,9.0,12.0
203007,Rocco Reitz,Borussia Mönchengladbach,M,FC St. Pauli vs Borussia Mönchengladbach,85,7.2,,0,2.0,2.0,34,22.0,,4.0,3.0,3.0,2.0,0,0,8.0,14.0
203007,Rocco Reitz,Borussia Mönchengladbach,M,Borussia Mönchengladbach vs 1. FC Köln,89,6.9,,0,2.0,,26,17.0,,2.0,1.0,1.0,2.0,1,0,7.0,11.0
203007,Rocco Reitz,Borussia Mönchengladbach,M,1. FC Heidenheim vs Borussia Mönchengladbach,90,6.9,,1,,,54,42.0,,3.0,1.0,2.0,3.0,0,0,7.0,14.0
203007,Rocco Reitz,Borussia Mönchengladbach,M,Borussia Mönchengladbach vs RB Leipzig,90,7.2,,0,1.0,,33,25.0,,3.0,2.0,,2.0,0,0,5.0,11.0
203007,Rocco Reitz,Borussia Mönchengladbach,M,FSV Mainz 05 vs Borussia Mönchengladbach,90,7.3,,0,2.0,2.0,44,32.0,,2.0,2.0,1.0,3.0,0,0,8.0,14.0
203007,Rocco Reitz,Borussia Mönchengladbach,M,Borussia Mönchengladbach vs VfL Wolfsburg,90,6.7,,0,3.0,2.0,68,52.0,,2.0,1.0,,,0,0,5.0,6.0
203007,Rocco Reitz,Borussia Mönchengladbach,M,Borussia Dortmund vs Borussia Mönchengladbach,90,6.3,,0,1.0,,41,32.0,,,,1.0,2.0,0,0,4.0,12.0
203007,Rocco Reitz,Borussia Mönchengladbach,M,Borussia Mönchengladbach vs FC Augsburg,90,6.9,,0,1.0,,43,38.0,,3.0,2.0,1.0,2.0,0,0,6.0,17.0
203007,Rocco Reitz,Borussia Mönchengladbach,M,1899 Hoffenheim vs Borussia Mönchengladbach,90,6.9,,1,,,36,24.0,,2.0,6.0,1.0,4.0,0,0,7.0,11.0
203007,Rocco Reitz,Borussia Mönchengladbach,M,Hamburger SV vs Borussia Mönchengladbach,90,7.3,,0,,,43,29.0,,2.0,2.0,2.0,2.0,0,0,5.0,9.0
203007,Rocco Reitz,Borussia Mönchengladbach,M,Borussia Mönchengladbach vs VfB Stuttgart,65,6.3,,0,1.0,,27,18.0,,1.0,1.0,2.0,1.0,0,0,2.0,7.0
203007,Rocco Reitz,Borussia Mönchengladbach,M,Werder Bremen vs Borussia Mönchengladbach,90,6,,0,2.0,,24,14.0,,1.0,3.0,2.0,1.0,1,0,5.0,14.0
203007,Rocco Reitz,Borussia Mönchengladbach,M,Borussia Mönchengladbach vs Bayer Leverkusen,90,6.7,,0,1.0,,42,33.0,,4.0,1.0,2.0,1.0,0,0,6.0,15.0
203007,Rocco Reitz,Borussia Mönchengladbach,M,Eintracht Frankfurt vs Borussia Mönchengladbach,90,6.2,,0,,,31,25.0,,,,2.0,2.0,1,0,3.0,9.0
24969,Philipp Sander,Borussia Mönchengladbach,M,Borussia Mönchengladbach vs Hamburger SV,83,7,,0,3.0,1.0,51,47.0,,3.0,,,1.0,0,0,5.0,10.0
24969,Philipp Sander,Borussia Mönchengladbach,M,VfB Stuttgart vs Borussia Mönchengladbach,90,7.6,,0,2.0,1.0,58,54.0,,3.0,4.0,2.0,,0,0,7.0,10.0
24969,Philipp Sander,Borussia Mönchengladbach,M,Borussia Mönchengladbach vs Werder Bremen,60,6.3,,0,,,30,26.0,,1.0,1.0,1.0,,0,0,2.0,5.0
24969,Philipp Sander,Borussia Mönchengladbach,M,Borussia Mönchengladbach vs Eintracht Frankfurt,29,6.9,,0,,,18,18.0,,1.0,,,,0,0,2.0,3.0
24969,Philipp Sander,Borussia Mönchengladbach,M,Borussia Mönchengladbach vs SC Freiburg,81,7.5,,0,1.0,1.0,55,48.0,,4.0,2.0,4.0,,1,0,6.0,11.0
24969,Philipp Sander,Borussia Mönchengladbach,M,Union Berlin vs Borussia Mönchengladbach,80,7.5,,0,2.0,1.0,54,48.0,,3.0,1.0,,,0,0,5.0,10.0
24969,Philipp Sander,Borussia Mönchengladbach,M,Borussia Mönchengladbach vs Bayern München,90,6.3,,0,,,17,10.0,,2.0,1.0,,,0,0,2.0,2.0
24969,Philipp Sander,Borussia Mönchengladbach,M,FC St. Pauli vs Borussia Mönchengladbach,90,7.7,,0,,,69,59.0,,2.0,,1.0,,0,0,7.0,9.0
24969,Philipp Sander,Borussia Mönchengladbach,M,Borussia Mönchengladbach vs 1. FC Köln,63,8.2,1.0,0,1.0,1.0,26,23.0,,1.0,2.0,,,0,0,1.0,3.0
24969,Philipp Sander,Borussia Mönchengladbach,M,Borussia Mönchengladbach vs VfL Wolfsburg,90,6.7,,0,1.0,,69,56.0,,3.0,1.0,,,0,0,10.0,15.0
24969,Philipp Sander,Borussia Mönchengladbach,M,Borussia Dortmund vs Borussia Mönchengladbach,80,7.3,,0,,,42,37.0,,5.0,,1.0,2.0,0,0,8.0,11.0
24969,Philipp Sander,Borussia Mönchengladbach,M,Borussia Mönchengladbach vs FC Augsburg,72,7.5,,0,,,37,32.0,,3.0,1.0,1.0,,0,0,6.0,7.0
24969,Philipp Sander,Borussia Mönchengladbach,M,1899 Hoffenheim vs Borussia Mönchengladbach,90,4.9,,0,1.0,,38,27.0,,3.0,2.0,1.0,2.0,0,0,7.0,13.0
24969,Philipp Sander,Borussia Mönchengladbach,M,Hamburger SV vs Borussia Mönchengladbach,90,7.5,,0,,,51,42.0,,1.0,2.0,1.0,1.0,0,0,5.0,6.0
24969,Philipp Sander,Borussia Mönchengladbach,M,Borussia Mönchengladbach vs VfB Stuttgart,86,6.3,,0,1.0,,38,32.0,,5.0,1.0,1.0,1.0,0,0,7.0,12.0
24969,Philipp Sander,Borussia Mönchengladbach,M,Werder Bremen vs Borussia Mönchengladbach,69,7.2,,0,,,29,25.0,,1.0,,2.0,,0,0,4.0,7.0
24969,Philipp Sander,Borussia Mönchengladbach,M,Borussia Mönchengladbach vs Bayer Leverkusen,90,6.3,,0,,,45,39.0,,1.0,6.0,,,0,0,3.0,5.0
24969,Philipp Sander,Borussia Mönchengladbach,M,Eintracht Frankfurt vs Borussia Mönchengladbach,45,6.5,,0,1.0,,22,19.0,,3.0,2.0,,,0,0,4.0,8.0
24969,Philipp Sander,Borussia Mönchengladbach,M,SC Freiburg vs Borussia Mönchengladbach,90,6.9,,0,1.0,,58,49.0,,1.0,1.0,1.0,,0,0,4.0,6.0
20784,Franck Honorat,Borussia Mönchengladbach,M,Borussia Mönchengladbach vs Hamburger SV,90,7,,0,1.0,1.0,37,32.0,,4.0,,1.0,,0,0,4.0,9.0
20784,Franck Honorat,Borussia Mönchengladbach,M,VfB Stuttgart vs Borussia Mönchengladbach,90,6.9,,0,1.0,1.0,33,25.0,,1.0,,1.0,,0,0,2.0,7.0
20784,Franck Honorat,Borussia Mönchengladbach,M,Borussia Mönchengladbach vs Werder Bremen,90,6,,0,,,36,27.0,,1.0,,1.0,,0,0,1.0,9.0
20784,Franck Honorat,Borussia Mönchengladbach,M,Union Berlin vs Borussia Mönchengladbach,30,6.7,,0,,,12,10.0,,,,,1.0,0,0,1.0,1.0
20784,Franck Honorat,Borussia Mönchengladbach,M,Borussia Mönchengladbach vs Bayern München,76,6.7,,0,,,6,5.0,,1.0,1.0,,1.0,0,0,2.0,3.0
20784,Franck Honorat,Borussia Mönchengladbach,M,FC St. Pauli vs Borussia Mönchengladbach,57,7.3,,1,1.0,1.0,14,11.0,,,,1.0,,0,0,,3.0
20784,Franck Honorat,Borussia Mönchengladbach,M,Borussia Mönchengladbach vs 1. FC Köln,76,8,,1,,,16,9.0,,1.0,,1.0,1.0,0,0,6.0,11.0
20784,Franck Honorat,Borussia Mönchengladbach,M,1. FC Heidenheim vs Borussia Mönchengladbach,82,6.9,,1,1.0,,30,25.0,,,,1.0,,0,0,3.0,6.0
20784,Franck Honorat,Borussia Mönchengladbach,M,Borussia Mönchengladbach vs RB Leipzig,89,6.9,,0,1.0,,18,12.0,,1.0,1.0,,1.0,0,0,3.0,6.0
20784,Franck Honorat,Borussia Mönchengladbach,M,Borussia Mönchengladbach vs FC Augsburg,62,7.5,,1,,,14,9.0,,,,,,0,0,4.0,6.0
20784,Franck Honorat,Borussia Mönchengladbach,M,1899 Hoffenheim vs Borussia Mönchengladbach,56,6.2,,0,,,13,9.0,,,,1.0,,0,0,1.0,5.0
20784,Franck Honorat,Borussia Mönchengladbach,M,Hamburger SV vs Borussia Mönchengladbach,69,6.3,,0,,,15,9.0,,1.0,,,,0,0,1.0,3.0
20784,Franck Honorat,Borussia Mönchengladbach,M,Borussia Mönchengladbach vs VfB Stuttgart,65,6.5,,0,,,21,14.0,,,1.0,1.0,,0,0,2.0,5.0
20784,Franck Honorat,Borussia Mönchengladbach,M,Werder Bremen vs Borussia Mönchengladbach,90,6.5,,1,1.0,,18,14.0,,,,1.0,,0,0,2.0,12.0
20784,Franck Honorat,Borussia Mönchengladbach,M,Borussia Mönchengladbach vs Bayer Leverkusen,88,6.5,,0,1.0,,25,21.0,,1.0,2.0,,,0,0,1.0,5.0
20784,Franck Honorat,Borussia Mönchengladbach,M,Eintracht Frankfurt vs Borussia Mönchengladbach,90,7.3,,0,,,41,35.0,,1.0,,,1.0,0,0,4.0,7.0
20784,Franck Honorat,Borussia Mönchengladbach,M,SC Freiburg vs Borussia Mönchengladbach,90,7.2,,0,1.0,,26,20.0,,1.0,,,,0,0,2.0,5.0
25461,Kevin Stöger,Borussia Mönchengladbach,M,Borussia Mönchengladbach vs Hamburger SV,66,6.5,,0,1.0,,33,26.0,,,,2.0,1.0,0,0,2.0,8.0
25461,Kevin Stöger,Borussia Mönchengladbach,M,VfB Stuttgart vs Borussia Mönchengladbach,84,7,,0,1.0,,39,31.0,,5.0,,,2.0,0,0,7.0,9.0
25461,Kevin Stöger,Borussia Mönchengladbach,M,Borussia Mönchengladbach vs Werder Bremen,16,6.7,,0,,,19,16.0,,,,,,0,0,,1.0
25461,Kevin Stöger,Borussia Mönchengladbach,M,Bayer Leverkusen vs Borussia Mönchengladbach,80,6.9,,0,3.0,2.0,43,35.0,,3.0,3.0,3.0,3.0,0,0,6.0,13.0
25461,Kevin Stöger,Borussia Mönchengladbach,M,Borussia Mönchengladbach vs Eintracht Frankfurt,38,6.2,,0,,,14,11.0,,,,1.0,,0,0,,2.0
25461,Kevin Stöger,Borussia Mönchengladbach,M,Union Berlin vs Borussia Mönchengladbach,30,6.5,,0,,,21,17.0,,1.0,,,,0,0,1.0,3.0
25461,Kevin Stöger,Borussia Mönchengladbach,M,Borussia Mönchengladbach vs Bayern München,84,5.9,,0,1.0,,19,14.0,,2.0,1.0,3.0,1.0,0,0,3.0,9.0
25461,Kevin Stöger,Borussia Mönchengladbach,M,FC St. Pauli vs Borussia Mönchengladbach,9,6.7,,0,,,9,9.0,,,,,,0,0,1.0,2.0
25461,Kevin Stöger,Borussia Mönchengladbach,M,1. FC Heidenheim vs Borussia Mönchengladbach,8,6.9,,0,,,11,11.0,,1.0,,,,0,0,1.0,1.0
25461,Kevin Stöger,Borussia Mönchengladbach,M,FSV Mainz 05 vs Borussia Mönchengladbach,21,6.3,,0,,,8,4.0,,,,,,0,0,,1.0
25461,Kevin Stöger,Borussia Mönchengladbach,M,Borussia Mönchengladbach vs VfL Wolfsburg,20,7.2,,0,,,28,24.0,,1.0,,,1.0,0,0,2.0,2.0
25461,Kevin Stöger,Borussia Mönchengladbach,M,Borussia Dortmund vs Borussia Mönchengladbach,10,6.5,,0,,,5,2.0,,,,,,0,0,,1.0
25461,Kevin Stöger,Borussia Mönchengladbach,M,1899 Hoffenheim vs Borussia Mönchengladbach,21,6.5,,0,1.0,,12,9.0,,2.0,,,,0,0,2.0,3.0
25461,Kevin Stöger,Borussia Mönchengladbach,M,Borussia Mönchengladbach vs VfB Stuttgart,15,6.3,,0,,,20,18.0,,,,1.0,,0,0,1.0,4.0
25461,Kevin Stöger,Borussia Mönchengladbach,M,Werder Bremen vs Borussia Mönchengladbach,33,6.9,,0,,,9,8.0,,3.0,1.0,1.0,,0,0,4.0,7.0
25461,Kevin Stöger,Borussia Mönchengladbach,M,Borussia Mönchengladbach vs Bayer Leverkusen,79,7.2,,0,1.0,1.0,63,56.0,,2.0,2.0,,4.0,1,0,6.0,7.0
25461,Kevin Stöger,Borussia Mönchengladbach,M,Eintracht Frankfurt vs Borussia Mönchengladbach,65,6.5,,0,1.0,,31,24.0,,2.0,,1.0,,0,0,2.0,6.0
25461,Kevin Stöger,Borussia Mönchengladbach,M,SC Freiburg vs Borussia Mönchengladbach,13,6.9,,1,,,5,4.0,,,,,,0,0,,
725,Robin Hack,Borussia Mönchengladbach,M,Borussia Mönchengladbach vs Hamburger SV,90,7.2,,0,1.0,,33,26.0,,,1.0,,1.0,0,0,3.0,4.0
725,Robin Hack,Borussia Mönchengladbach,M,VfB Stuttgart vs Borussia Mönchengladbach,90,6.6,,0,3.0,2.0,39,33.0,,1.0,,2.0,1.0,0,0,3.0,10.0
725,Robin Hack,Borussia Mönchengladbach,M,Borussia Mönchengladbach vs Werder Bremen,60,6,,0,2.0,,22,17.0,,,,1.0,1.0,0,0,1.0,8.0
725,Robin Hack,Borussia Mönchengladbach,M,1. FC Heidenheim vs Borussia Mönchengladbach,8,6.5,,0,,,5,4.0,,,,,,0,0,,
28382,Haris Tabaković,Borussia Mönchengladbach,F,Borussia Mönchengladbach vs Hamburger SV,83,5.9,,0,3.0,,6,3.0,,,,4.0,1.0,0,0,5.0,17.0
28382,Haris Tabaković,Borussia Mönchengladbach,F,Borussia Mönchengladbach vs Werder Bremen,30,6.3,,0,1.0,,4,3.0,,,,,,0,0,2.0,3.0
28382,Haris Tabaković,Borussia Mönchengladbach,F,Bayer Leverkusen vs Borussia Mönchengladbach,10,7.3,1.0,0,1.0,1.0,2,1.0,,,,,,0,0,1.0,1.0
28382,Haris Tabaković,Borussia Mönchengladbach,F,Borussia Mönchengladbach vs Eintracht Frankfurt,52,7.5,1.0,0,2.0,2.0,8,5.0,,,,,,0,0,4.0,7.0
28382,Haris Tabaković,Borussia Mönchengladbach,F,Borussia Mönchengladbach vs SC Freiburg,69,6.2,,0,1.0,,14,8.0,,,,2.0,,0,0,4.0,10.0
28382,Haris Tabaković,Borussia Mönchengladbach,F,Union Berlin vs Borussia Mönchengladbach,90,7.6,1.0,0,2.0,1.0,17,12.0,,1.0,,1.0,2.0,0,0,5.0,9.0
28382,Haris Tabaković,Borussia Mönchengladbach,F,Borussia Mönchengladbach vs Bayern München,63,6.7,,0,,,12,6.0,,,,,,0,0,5.0,9.0
28382,Haris Tabaković,Borussia Mönchengladbach,F,FC St. Pauli vs Borussia Mönchengladbach,85,9.3,2.0,1,5.0,4.0,15,13.0,,,,1.0,,0,0,4.0,7.0
28382,Haris Tabaković,Borussia Mönchengladbach,F,Borussia Mönchengladbach vs 1. FC Köln,90,7.3,1.0,1,2.0,2.0,22,18.0,,,,1.0,1.0,0,0,5.0,12.0
28382,Haris Tabaković,Borussia Mönchengladbach,F,1. FC Heidenheim vs Borussia Mönchengladbach,72,6.3,1.0,0,2.0,1.0,25,18.0,,,,5.0,,0,0,7.0,16.0
28382,Haris Tabaković,Borussia Mönchengladbach,F,Borussia Mönchengladbach vs RB Leipzig,73,6.7,,0,,,18,10.0,,,,1.0,1.0,0,0,5.0,10.0
28382,Haris Tabaković,Borussia Mönchengladbach,F,FSV Mainz 05 vs Borussia Mönchengladbach,90,6.3,,0,3.0,,21,16.0,,1.0,,,2.0,0,0,10.0,19.0
28382,Haris Tabaković,Borussia Mönchengladbach,F,Borussia Mönchengladbach vs VfL Wolfsburg,90,6.9,,0,2.0,1.0,14,11.0,,1.0,,1.0,1.0,0,0,8.0,14.0
28382,Haris Tabaković,Borussia Mönchengladbach,F,Borussia Dortmund vs Borussia Mönchengladbach,90,6,,0,,,26,18.0,,1.0,,4.0,,0,0,5.0,13.0
28382,Haris Tabaković,Borussia Mönchengladbach,F,Borussia Mönchengladbach vs FC Augsburg,73,8.3,2.0,0,3.0,3.0,15,12.0,,,,1.0,,0,0,3.0,13.0
28382,Haris Tabaković,Borussia Mönchengladbach,F,1899 Hoffenheim vs Borussia Mönchengladbach,69,6.9,,0,,,10,7.0,,,,1.0,2.0,0,0,6.0,10.0
28382,Haris Tabaković,Borussia Mönchengladbach,F,Hamburger SV vs Borussia Mönchengladbach,89,5.9,,0,3.0,,13,9.0,,,,4.0,2.0,0,0,4.0,14.0
28382,Haris Tabaković,Borussia Mönchengladbach,F,Borussia Mönchengladbach vs VfB Stuttgart,90,5.2,,0,1.0,1.0,24,15.0,,,,2.0,,0,0,1.0,9.0
28382,Haris Tabaković,Borussia Mönchengladbach,F,Werder Bremen vs Borussia Mönchengladbach,84,7.2,1.0,0,1.0,1.0,15,9.0,,,,,,0,0,1.0,7.0
28382,Haris Tabaković,Borussia Mönchengladbach,F,Borussia Mönchengladbach vs Bayer Leverkusen,68,6.2,,0,1.0,1.0,13,11.0,,,,1.0,1.0,0,0,2.0,5.0
28382,Haris Tabaković,Borussia Mönchengladbach,F,Eintracht Frankfurt vs Borussia Mönchengladbach,79,6.2,,0,1.0,1.0,15,11.0,,,,,1.0,0,0,3.0,7.0
28382,Haris Tabaković,Borussia Mönchengladbach,F,SC Freiburg vs Borussia Mönchengladbach,90,7.2,1.0,0,2.0,1.0,27,19.0,,,,2.0,,0,0,6.0,13.0
25638,Florian Neuhaus,Borussia Mönchengladbach,M,Borussia Mönchengladbach vs Hamburger SV,24,6.6,,0,,,19,16.0,,,,,,0,0,1.0,1.0
25638,Florian Neuhaus,Borussia Mönchengladbach,M,VfB Stuttgart vs Borussia Mönchengladbach,11,6.7,,0,1.0,1.0,17,15.0,,,,,,0,0,,
25638,Florian Neuhaus,Borussia Mönchengladbach,M,Bayer Leverkusen vs Borussia Mönchengladbach,18,6.7,,0,,,12,10.0,,1.0,1.0,1.0,,0,0,1.0,2.0
25638,Florian Neuhaus,Borussia Mönchengladbach,M,Borussia Mönchengladbach vs Eintracht Frankfurt,52,6.9,,0,1.0,,17,12.0,,1.0,,1.0,,0,0,1.0,6.0
25638,Florian Neuhaus,Borussia Mönchengladbach,M,Borussia Mönchengladbach vs SC Freiburg,81,6.9,,0,3.0,2.0,34,27.0,,,,,,0,0,1.0,3.0
25638,Florian Neuhaus,Borussia Mönchengladbach,M,Union Berlin vs Borussia Mönchengladbach,60,6.5,,0,1.0,,19,17.0,,,,2.0,1.0,0,0,1.0,5.0
25638,Florian Neuhaus,Borussia Mönchengladbach,M,FC St. Pauli vs Borussia Mönchengladbach,78,7,,1,,,35,30.0,,1.0,3.0,1.0,,0,0,1.0,3.0
25638,Florian Neuhaus,Borussia Mönchengladbach,M,Borussia Mönchengladbach vs 1. FC Köln,75,6.9,,0,,,43,33.0,,,,,,0,0,,2.0
25638,Florian Neuhaus,Borussia Mönchengladbach,M,1. FC Heidenheim vs Borussia Mönchengladbach,72,6.6,,0,1.0,,50,38.0,,2.0,,,2.0,0,0,4.0,8.0
25638,Florian Neuhaus,Borussia Mönchengladbach,M,Borussia Mönchengladbach vs RB Leipzig,73,6.7,,0,1.0,,38,27.0,,2.0,,,1.0,0,0,5.0,10.0
25638,Florian Neuhaus,Borussia Mönchengladbach,M,Borussia Dortmund vs Borussia Mönchengladbach,80,6.6,,0,,,44,32.0,,1.0,1.0,2.0,2.0,0,0,6.0,10.0
25638,Florian Neuhaus,Borussia Mönchengladbach,M,Borussia Mönchengladbach vs FC Augsburg,72,7,,0,,,56,47.0,,2.0,1.0,2.0,2.0,0,0,5.0,10.0
25638,Florian Neuhaus,Borussia Mönchengladbach,M,Hamburger SV vs Borussia Mönchengladbach,69,6.6,,0,,,27,22.0,,,1.0,,,0,0,,1.0
25638,Florian Neuhaus,Borussia Mönchengladbach,M,Borussia Mönchengladbach vs VfB Stuttgart,75,6.7,,0,3.0,2.0,31,26.0,,1.0,2.0,,,0,0,1.0,5.0
25638,Florian Neuhaus,Borussia Mönchengladbach,M,Werder Bremen vs Borussia Mönchengladbach,57,6.7,,0,,,23,17.0,,1.0,,,1.0,0,0,2.0,5.0
163069,Luca Netz,Borussia Mönchengladbach,D,Borussia Mönchengladbach vs Hamburger SV,13,6.6,,0,,,10,7.0,,1.0,,,,0,0,3.0,6.0
163069,Luca Netz,Borussia Mönchengladbach,D,VfB Stuttgart vs Borussia Mönchengladbach,10,6.7,,0,,,4,3.0,,,,,,0,0,,
163069,Luca Netz,Borussia Mönchengladbach,D,Borussia Mönchengladbach vs Werder Bremen,30,5.9,,0,,,16,12.0,,1.0,,1.0,,0,0,1.0,4.0
163069,Luca Netz,Borussia Mönchengladbach,D,Borussia Mönchengladbach vs Eintracht Frankfurt,29,7.5,,1,,,13,9.0,,,,,,0,0,2.0,2.0
163069,Luca Netz,Borussia Mönchengladbach,D,Borussia Mönchengladbach vs SC Freiburg,85,7.2,,0,,,34,28.0,,1.0,1.0,,,0,0,4.0,6.0
163069,Luca Netz,Borussia Mönchengladbach,D,Borussia Mönchengladbach vs Bayern München,75,6.3,,0,,,10,5.0,,1.0,1.0,,,0,0,1.0,2.0
163069,Luca Netz,Borussia Mönchengladbach,D,1. FC Heidenheim vs Borussia Mönchengladbach,90,7.2,,0,,,42,37.0,,1.0,,1.0,,0,0,1.0,2.0
163069,Luca Netz,Borussia Mönchengladbach,D,Borussia Mönchengladbach vs RB Leipzig,90,7.2,,0,,,23,20.0,,2.0,,,1.0,0,0,3.0,3.0
163069,Luca Netz,Borussia Mönchengladbach,D,FSV Mainz 05 vs Borussia Mönchengladbach,90,6.6,,0,,,34,22.0,,2.0,1.0,1.0,,0,0,3.0,8.0
163069,Luca Netz,Borussia Mönchengladbach,D,Borussia Mönchengladbach vs VfL Wolfsburg,70,6.3,,0,,,41,34.0,,1.0,,1.0,1.0,0,0,3.0,8.0
163069,Luca Netz,Borussia Mönchengladbach,D,Borussia Dortmund vs Borussia Mönchengladbach,90,6.9,,0,,,46,37.0,,3.0,,1.0,,1,0,4.0,8.0
163069,Luca Netz,Borussia Mönchengladbach,D,Borussia Mönchengladbach vs FC Augsburg,90,7.7,,1,,,38,30.0,,1.0,2.0,,,0,0,4.0,9.0
163069,Luca Netz,Borussia Mönchengladbach,D,Hamburger SV vs Borussia Mönchengladbach,90,6.3,,0,,,18,10.0,,1.0,,1.0,,0,0,3.0,6.0
163069,Luca Netz,Borussia Mönchengladbach,D,Werder Bremen vs Borussia Mönchengladbach,90,6.3,,0,,,25,18.0,,1.0,,2.0,,0,0,3.0,7.0
31043,Kevin Diks,Borussia Mönchengladbach,D,Borussia Mönchengladbach vs Hamburger SV,13,6.9,,0,1.0,,11,10.0,,1.0,,1.0,1.0,0,0,4.0,6.0
31043,Kevin Diks,Borussia Mönchengladbach,D,VfB Stuttgart vs Borussia Mönchengladbach,90,6.2,,0,1.0,,54,47.0,,,2.0,,,0,0,,
31043,Kevin Diks,Borussia Mönchengladbach,D,Borussia Mönchengladbach vs Werder Bremen,90,5.9,,0,1.0,1.0,67,61.0,,2.0,,1.0,,0,0,6.0,10.0
31043,Kevin Diks,Borussia Mönchengladbach,D,Bayer Leverkusen vs Borussia Mönchengladbach,90,6.3,,0,,,41,37.0,,1.0,,2.0,1.0,1,0,2.0,4.0
31043,Kevin Diks,Borussia Mönchengladbach,D,Borussia Mönchengladbach vs Eintracht Frankfurt,90,5.7,,0,1.0,1.0,55,46.0,,,2.0,2.0,,1,0,2.0,6.0
31043,Kevin Diks,Borussia Mönchengladbach,D,Borussia Mönchengladbach vs SC Freiburg,90,7.3,,0,,,76,69.0,,1.0,,,,0,0,6.0,10.0
31043,Kevin Diks,Borussia Mönchengladbach,D,Union Berlin vs Borussia Mönchengladbach,60,6.5,,0,,,42,36.0,,1.0,,,,0,0,2.0,3.0
31043,Kevin Diks,Borussia Mönchengladbach,D,Borussia Mönchengladbach vs Bayern München,90,7.6,,0,,,16,16.0,,2.0,1.0,1.0,1.0,0,0,3.0,4.0
31043,Kevin Diks,Borussia Mönchengladbach,D,FC St. Pauli vs Borussia Mönchengladbach,90,7.7,,0,,,60,56.0,,,2.0,,,0,0,5.0,8.0
31043,Kevin Diks,Borussia Mönchengladbach,D,Borussia Mönchengladbach vs 1. FC Köln,90,7.9,1.0,0,1.0,1.0,58,54.0,,2.0,1.0,,2.0,1,0,5.0,8.0
31043,Kevin Diks,Borussia Mönchengladbach,D,1. FC Heidenheim vs Borussia Mönchengladbach,90,8.3,1.0,0,2.0,2.0,74,71.0,,2.0,,,,0,0,2.0,3.0
31043,Kevin Diks,Borussia Mönchengladbach,D,Borussia Mönchengladbach vs RB Leipzig,90,7,,0,1.0,,55,51.0,,2.0,,,,0,0,2.0,2.0
31043,Kevin Diks,Borussia Mönchengladbach,D,FSV Mainz 05 vs Borussia Mönchengladbach,90,7.2,,0,1.0,,49,41.0,,1.0,,,,0,0,5.0,7.0
31043,Kevin Diks,Borussia Mönchengladbach,D,Borussia Mönchengladbach vs VfL Wolfsburg,90,6.6,,0,,,99,92.0,,4.0,1.0,1.0,,0,0,9.0,11.0
31043,Kevin Diks,Borussia Mönchengladbach,D,Borussia Dortmund vs Borussia Mönchengladbach,90,6.9,,0,,,66,60.0,,5.0,1.0,1.0,2.0,0,0,9.0,12.0
31043,Kevin Diks,Borussia Mönchengladbach,D,Borussia Mönchengladbach vs FC Augsburg,90,8.3,1.0,0,1.0,1.0,85,77.0,,2.0,3.0,,1.0,0,0,3.0,4.0
31043,Kevin Diks,Borussia Mönchengladbach,D,1899 Hoffenheim vs Borussia Mönchengladbach,90,6.9,,0,,,52,46.0,,4.0,,,2.0,0,0,8.0,9.0
31043,Kevin Diks,Borussia Mönchengladbach,D,Hamburger SV vs Borussia Mönchengladbach,88,7.2,,0,1.0,,48,43.0,,1.0,2.0,2.0,1.0,1,0,5.0,8.0
31043,Kevin Diks,Borussia Mönchengladbach,D,Borussia Mönchengladbach vs Bayer Leverkusen,90,6.2,,0,1.0,1.0,61,55.0,,1.0,1.0,1.0,1.0,1,0,3.0,6.0
31043,Kevin Diks,Borussia Mönchengladbach,D,SC Freiburg vs Borussia Mönchengladbach,83,7,,0,1.0,1.0,62,54.0,,4.0,,,2.0,0,0,9.0,11.0
280358,Jens Castrop,Borussia Mönchengladbach,M,Borussia Mönchengladbach vs Hamburger SV,8,6.7,,0,,,10,9.0,,1.0,,,,0,0,1.0,2.0
280358,Jens Castrop,Borussia Mönchengladbach,M,VfB Stuttgart vs Borussia Mönchengladbach,15,5.9,,0,1.0,,6,4.0,,1.0,,4.0,,0,0,1.0,7.0
280358,Jens Castrop,Borussia Mönchengladbach,M,Bayer Leverkusen vs Borussia Mönchengladbach,72,7,,0,,,11,9.0,,4.0,,2.0,2.0,0,0,6.0,14.0
280358,Jens Castrop,Borussia Mönchengladbach,M,Borussia Mönchengladbach vs Eintracht Frankfurt,90,8.3,1.0,0,2.0,2.0,27,20.0,,6.0,,2.0,1.0,0,0,8.0,12.0
280358,Jens Castrop,Borussia Mönchengladbach,M,Borussia Mönchengladbach vs SC Freiburg,90,6.9,,0,,,26,24.0,,6.0,4.0,2.0,1.0,0,0,8.0,18.0
280358,Jens Castrop,Borussia Mönchengladbach,M,Union Berlin vs Borussia Mönchengladbach,60,6.2,,0,1.0,,17,12.0,,1.0,,2.0,4.0,1,0,7.0,13.0
280358,Jens Castrop,Borussia Mönchengladbach,M,Borussia Mönchengladbach vs Bayern München,19,3.7,,0,,,4,1.0,,1.0,,2.0,,0,1,2.0,4.0
280358,Jens Castrop,Borussia Mönchengladbach,M,1. FC Heidenheim vs Borussia Mönchengladbach,89,7.3,,0,,,32,26.0,,4.0,,,2.0,0,0,6.0,8.0
280358,Jens Castrop,Borussia Mönchengladbach,M,Borussia Mönchengladbach vs RB Leipzig,83,6.6,,0,,,24,16.0,,3.0,1.0,1.0,1.0,0,0,6.0,12.0
280358,Jens Castrop,Borussia Mönchengladbach,M,FSV Mainz 05 vs Borussia Mönchengladbach,89,7.3,,0,3.0,2.0,29,21.0,,4.0,2.0,,1.0,0,0,9.0,14.0
280358,Jens Castrop,Borussia Mönchengladbach,M,Borussia Mönchengladbach vs VfL Wolfsburg,57,6.3,,0,,,16,8.0,,1.0,2.0,,,0,0,4.0,9.0
280358,Jens Castrop,Borussia Mönchengladbach,M,Borussia Mönchengladbach vs FC Augsburg,18,6.2,,0,,,5,1.0,,1.0,,2.0,,0,0,1.0,4.0
280358,Jens Castrop,Borussia Mönchengladbach,M,1899 Hoffenheim vs Borussia Mönchengladbach,69,6.3,,0,,,11,6.0,,,,2.0,2.0,0,0,5.0,10.0
280358,Jens Castrop,Borussia Mönchengladbach,M,Hamburger SV vs Borussia Mönchengladbach,21,6.7,,0,,,8,5.0,,2.0,,1.0,1.0,0,0,4.0,8.0
280358,Jens Castrop,Borussia Mönchengladbach,M,Werder Bremen vs Borussia Mönchengladbach,12,6.5,,0,,,5,2.0,,,,,,0,0,1.0,2.0
280358,Jens Castrop,Borussia Mönchengladbach,M,Borussia Mönchengladbach vs Bayer Leverkusen,78,7,,0,2.0,2.0,19,16.0,,6.0,,2.0,1.0,0,0,9.0,14.0
280358,Jens Castrop,Borussia Mönchengladbach,M,Eintracht Frankfurt vs Borussia Mönchengladbach,65,6.2,,0,,,16,15.0,,1.0,1.0,3.0,2.0,0,0,6.0,13.0
280358,Jens Castrop,Borussia Mönchengladbach,M,SC Freiburg vs Borussia Mönchengladbach,28,6.3,,0,,,19,15.0,,1.0,,,,0,0,1.0,3.0
106851,Shuto Machino,Borussia Mönchengladbach,F,Borussia Mönchengladbach vs Hamburger SV,8,6.5,,0,,,3,2.0,,,,,,0,0,,3.0
106851,Shuto Machino,Borussia Mönchengladbach,F,VfB Stuttgart vs Borussia Mönchengladbach,75,6.9,,0,1.0,,20,14.0,,,,,,0,0,5.0,7.0
106851,Shuto Machino,Borussia Mönchengladbach,F,Borussia Mönchengladbach vs Werder Bremen,90,6.9,,0,2.0,,11,8.0,,1.0,,1.0,1.0,1,0,2.0,5.0
106851,Shuto Machino,Borussia Mönchengladbach,F,Bayer Leverkusen vs Borussia Mönchengladbach,80,6.9,,0,3.0,2.0,19,11.0,,1.0,1.0,,,0,0,5.0,7.0
106851,Shuto Machino,Borussia Mönchengladbach,F,Borussia Mönchengladbach vs Eintracht Frankfurt,61,6.7,,0,,,10,9.0,,1.0,,1.0,,0,0,2.0,5.0
106851,Shuto Machino,Borussia Mönchengladbach,F,Borussia Mönchengladbach vs SC Freiburg,9,6.3,,0,,,3,3.0,,,,,,0,0,1.0,3.0
106851,Shuto Machino,Borussia Mönchengladbach,F,Borussia Mönchengladbach vs Bayern München,27,6.7,,0,,,4,3.0,,,,,,0,0,2.0,3.0
106851,Shuto Machino,Borussia Mönchengladbach,F,FC St. Pauli vs Borussia Mönchengladbach,33,7.3,1.0,0,2.0,2.0,10,8.0,,1.0,,,1.0,0,0,2.0,4.0
106851,Shuto Machino,Borussia Mönchengladbach,F,Borussia Mönchengladbach vs 1. FC Köln,14,6.6,,0,1.0,,11,5.0,,2.0,,,,0,0,3.0,5.0
106851,Shuto Machino,Borussia Mönchengladbach,F,1. FC Heidenheim vs Borussia Mönchengladbach,18,7.5,1.0,0,1.0,1.0,17,16.0,,,,,,0,0,,2.0
106851,Shuto Machino,Borussia Mönchengladbach,F,Borussia Mönchengladbach vs RB Leipzig,17,6.2,,0,,,3,2.0,,,,1.0,,0,0,,3.0
106851,Shuto Machino,Borussia Mönchengladbach,F,FSV Mainz 05 vs Borussia Mönchengladbach,79,6.9,,0,1.0,1.0,27,20.0,,,,,,0,0,,2.0
106851,Shuto Machino,Borussia Mönchengladbach,F,Borussia Mönchengladbach vs VfL Wolfsburg,70,6.9,,0,,,10,6.0,,,,,2.0,0,0,4.0,5.0
106851,Shuto Machino,Borussia Mönchengladbach,F,Borussia Dortmund vs Borussia Mönchengladbach,10,6.2,,0,,,1,1.0,,,,2.0,,0,0,,3.0
106851,Shuto Machino,Borussia Mönchengladbach,F,Borussia Mönchengladbach vs FC Augsburg,17,6.9,,0,,,10,10.0,,,,,,0,0,1.0,2.0
106851,Shuto Machino,Borussia Mönchengladbach,F,1899 Hoffenheim vs Borussia Mönchengladbach,34,7.5,1.0,0,1.0,1.0,7,5.0,,,,,,0,0,,1.0
106851,Shuto Machino,Borussia Mönchengladbach,F,Hamburger SV vs Borussia Mönchengladbach,8,6.3,,0,,,3,2.0,,,,,,0,0,1.0,2.0
106851,Shuto Machino,Borussia Mönchengladbach,F,Borussia Mönchengladbach vs VfB Stuttgart,90,6.3,,0,2.0,,21,13.0,,1.0,,1.0,2.0,0,0,4.0,8.0
106851,Shuto Machino,Borussia Mönchengladbach,F,Werder Bremen vs Borussia Mönchengladbach,12,6.2,,0,1.0,1.0,5,3.0,,,,,,0,0,2.0,5.0
106851,Shuto Machino,Borussia Mönchengladbach,F,Borussia Mönchengladbach vs Bayer Leverkusen,2,,,0,,,1,1.0,,,,,,0,0,,2.0
106851,Shuto Machino,Borussia Mönchengladbach,F,Eintracht Frankfurt vs Borussia Mönchengladbach,45,6.6,,0,,,11,11.0,,,,,,0,0,,1.0
106851,Shuto Machino,Borussia Mönchengladbach,F,SC Freiburg vs Borussia Mönchengladbach,28,6.3,,0,,,6,5.0,,,,,,0,0,1.0,3.0
25033,Daniel Heuer Fernandes,Hamburger SV,G,Borussia Mönchengladbach vs Hamburger SV,90,7.3,,0,,,50,37.0,,,,,,0,0,,
25033,Daniel Heuer Fernandes,Hamburger SV,G,Hamburger SV vs FC St. Pauli,90,7,,0,,,44,35.0,,,,,,0,0,,
25033,Daniel Heuer Fernandes,Hamburger SV,G,Bayern München vs Hamburger SV,90,6.7,,0,,,40,32.0,,,,,,0,0,,
25033,Daniel Heuer Fernandes,Hamburger SV,G,Hamburger SV vs 1. FC Heidenheim,90,8.2,,0,,,34,21.0,,,,,,1,0,,
25033,Daniel Heuer Fernandes,Hamburger SV,G,Union Berlin vs Hamburger SV,90,7.9,,0,,,54,52.0,,,,,,0,0,,
25033,Daniel Heuer Fernandes,Hamburger SV,G,Hamburger SV vs FSV Mainz 05,90,8,,0,,,41,21.0,,,,,1.0,0,0,1.0,1.0
25033,Daniel Heuer Fernandes,Hamburger SV,G,RB Leipzig vs Hamburger SV,90,6.2,,0,,,47,43.0,,,,,,0,0,,
25033,Daniel Heuer Fernandes,Hamburger SV,G,Hamburger SV vs VfL Wolfsburg,90,6.9,,0,,,61,55.0,,,,,,0,0,,
25033,Daniel Heuer Fernandes,Hamburger SV,G,1. FC Köln vs Hamburger SV,90,7.5,,0,,,49,44.0,,,,,,0,0,,
25033,Daniel Heuer Fernandes,Hamburger SV,G,Hamburger SV vs Borussia Dortmund,90,6.5,,0,,,58,40.0,,,,,,0,0,,1.0
25033,Daniel Heuer Fernandes,Hamburger SV,G,FC Augsburg vs Hamburger SV,90,7.5,,0,1.0,,63,52.0,,,,,,0,0,,
25033,Daniel Heuer Fernandes,Hamburger SV,G,Hamburger SV vs VfB Stuttgart,90,5.9,,0,,,55,32.0,,,,,1.0,0,0,1.0,1.0
25033,Daniel Heuer Fernandes,Hamburger SV,G,Hamburger SV vs Werder Bremen,90,6.3,,0,,,50,43.0,,,,,,0,0,,
25033,Daniel Heuer Fernandes,Hamburger SV,G,1899 Hoffenheim vs Hamburger SV,90,6,,0,,,48,33.0,,,,,,0,0,,
25033,Daniel Heuer Fernandes,Hamburger SV,G,Hamburger SV vs Eintracht Frankfurt,90,7.3,,0,,,59,45.0,,,,,,0,0,,
25033,Daniel Heuer Fernandes,Hamburger SV,G,SC Freiburg vs Hamburger SV,90,7.3,,0,,,57,39.0,,,,,1.0,1,0,1.0,1.0
25033,Daniel Heuer Fernandes,Hamburger SV,G,Hamburger SV vs Borussia Mönchengladbach,90,6.7,,0,,,49,41.0,,,,,,0,0,1.0,1.0
25033,Daniel Heuer Fernandes,Hamburger SV,G,FC St. Pauli vs Hamburger SV,90,8,,0,,,57,54.0,,,,,,0,0,1.0,1.0
25033,Daniel Heuer Fernandes,Hamburger SV,G,Hamburger SV vs Bayern München,90,8.3,,0,,,45,28.0,,,,,1.0,1,0,2.0,2.0
25033,Daniel Heuer Fernandes,Hamburger SV,G,1. FC Heidenheim vs Hamburger SV,90,8.3,,0,,,42,26.0,,,,,,0,0,,
25033,Daniel Heuer Fernandes,Hamburger SV,G,Hamburger SV vs Union Berlin,90,6.6,,0,,,50,40.0,,,,,,0,0,,
25033,Daniel Heuer Fernandes,Hamburger SV,G,FSV Mainz 05 vs Hamburger SV,90,6.6,,0,,,46,39.0,,,,,,0,0,,
162265,Warmed Omari,Hamburger SV,D,Borussia Mönchengladbach vs Hamburger SV,90,7.3,,0,,,43,39.0,,1.0,1.0,,,0,0,2.0,3.0
162265,Warmed Omari,Hamburger SV,D,Hamburger SV vs FC St. Pauli,90,6.6,,0,,,57,48.0,,,1.0,,,0,0,3.0,6.0
162265,Warmed Omari,Hamburger SV,D,Bayern München vs Hamburger SV,90,5.3,,0,1.0,,34,28.0,,,2.0,1.0,,0,0,1.0,4.0
162265,Warmed Omari,Hamburger SV,D,Hamburger SV vs 1. FC Heidenheim,90,6.3,,0,,,37,34.0,,,,1.0,,0,0,3.0,7.0
162265,Warmed Omari,Hamburger SV,D,Union Berlin vs Hamburger SV,76,6.9,,0,,,63,55.0,,1.0,,,,0,0,1.0,4.0
162265,Warmed Omari,Hamburger SV,D,Hamburger SV vs Bayern München,17,6.9,,0,,,4,3.0,,,,,,0,0,,1.0
162265,Warmed Omari,Hamburger SV,D,1. FC Heidenheim vs Hamburger SV,90,6.9,,0,,,42,36.0,,,,1.0,,0,0,1.0,4.0
162265,Warmed Omari,Hamburger SV,D,FSV Mainz 05 vs Hamburger SV,90,6.9,,0,1.0,1.0,42,36.0,,2.0,1.0,1.0,2.0,0,0,5.0,11.0
324019,Daniel Elfadli,Hamburger SV,D,Borussia Mönchengladbach vs Hamburger SV,90,7.3,,0,,,33,32.0,,2.0,2.0,1.0,2.0,0,0,7.0,11.0
324019,Daniel Elfadli,Hamburger SV,D,Hamburger SV vs FC St. Pauli,75,6.9,,0,,,64,64.0,,1.0,1.0,,1.0,0,0,2.0,2.0
324019,Daniel Elfadli,Hamburger SV,D,Bayern München vs Hamburger SV,45,6.2,,0,,,18,14.0,,,2.0,1.0,,0,0,,2.0
324019,Daniel Elfadli,Hamburger SV,D,Hamburger SV vs 1. FC Heidenheim,90,6.5,,0,,,50,49.0,,,1.0,2.0,1.0,1,0,2.0,8.0
324019,Daniel Elfadli,Hamburger SV,D,Union Berlin vs Hamburger SV,90,7.7,,0,1.0,1.0,73,70.0,,1.0,1.0,1.0,2.0,0,0,6.0,8.0
324019,Daniel Elfadli,Hamburger SV,D,Hamburger SV vs FSV Mainz 05,90,7.2,,0,,,14,14.0,,4.0,1.0,1.0,2.0,1,0,7.0,11.0
324019,Daniel Elfadli,Hamburger SV,D,RB Leipzig vs Hamburger SV,90,6.3,,0,,,64,62.0,,2.0,2.0,,,0,0,2.0,5.0
324019,Daniel Elfadli,Hamburger SV,D,Hamburger SV vs VfL Wolfsburg,88,6.7,,0,,,54,49.0,,3.0,1.0,1.0,,0,0,3.0,6.0
324019,Daniel Elfadli,Hamburger SV,D,1. FC Köln vs Hamburger SV,90,6,,0,,,55,50.0,,1.0,,2.0,,0,0,1.0,4.0
324019,Daniel Elfadli,Hamburger SV,D,1899 Hoffenheim vs Hamburger SV,23,6.7,,0,,,6,6.0,,,1.0,,1.0,0,0,1.0,1.0
324019,Daniel Elfadli,Hamburger SV,D,Hamburger SV vs Eintracht Frankfurt,61,6.9,,0,,,45,45.0,,1.0,2.0,1.0,1.0,0,0,6.0,9.0
324019,Daniel Elfadli,Hamburger SV,D,SC Freiburg vs Hamburger SV,51,5,,0,,,29,25.0,,,,3.0,1.0,2,1,1.0,5.0
324019,Daniel Elfadli,Hamburger SV,D,Hamburger SV vs Bayern München,90,6.9,,0,,,28,25.0,,3.0,,1.0,2.0,0,0,6.0,9.0
324019,Daniel Elfadli,Hamburger SV,D,1. FC Heidenheim vs Hamburger SV,45,6.7,,0,,,37,37.0,,,2.0,3.0,,1,0,1.0,4.0
324019,Daniel Elfadli,Hamburger SV,D,Hamburger SV vs Union Berlin,11,6.2,,0,,,2,2.0,,,,,,0,0,,2.0
324019,Daniel Elfadli,Hamburger SV,D,FSV Mainz 05 vs Hamburger SV,8,6.7,,0,,,1,,,,,,,0,0,1.0,1.0
25346,Jordan Torunarigha,Hamburger SV,D,Borussia Mönchengladbach vs Hamburger SV,90,7.3,,0,,,53,44.0,,1.0,,1.0,1.0,0,0,7.0,11.0
25346,Jordan Torunarigha,Hamburger SV,D,Hamburger SV vs FC St. Pauli,90,7.6,,0,,,87,73.0,,3.0,1.0,1.0,1.0,0,0,8.0,9.0
25346,Jordan Torunarigha,Hamburger SV,D,Hamburger SV vs Borussia Dortmund,89,7.2,,0,,,49,42.0,,7.0,,1.0,1.0,0,0,10.0,15.0
25346,Jordan Torunarigha,Hamburger SV,D,FC Augsburg vs Hamburger SV,82,6.9,,0,,,41,39.0,,1.0,1.0,1.0,,0,0,3.0,5.0
25346,Jordan Torunarigha,Hamburger SV,D,Hamburger SV vs VfB Stuttgart,90,6.5,,0,,,30,22.0,,1.0,1.0,1.0,,0,0,2.0,6.0
25346,Jordan Torunarigha,Hamburger SV,D,Hamburger SV vs Werder Bremen,90,6.6,,0,,,44,40.0,,4.0,4.0,,,0,0,7.0,10.0
25346,Jordan Torunarigha,Hamburger SV,D,1899 Hoffenheim vs Hamburger SV,90,5.7,,0,,,50,40.0,,,2.0,,2.0,0,0,4.0,6.0
25346,Jordan Torunarigha,Hamburger SV,D,SC Freiburg vs Hamburger SV,33,6.2,,0,,,21,13.0,,,1.0,,,0,0,3.0,6.0
25346,Jordan Torunarigha,Hamburger SV,D,Hamburger SV vs Borussia Mönchengladbach,90,7.5,,0,1.0,1.0,89,78.0,,,4.0,4.0,2.0,1,0,8.0,13.0
25346,Jordan Torunarigha,Hamburger SV,D,FC St. Pauli vs Hamburger SV,90,7.9,,0,,,87,78.0,,1.0,,1.0,1.0,0,0,5.0,6.0
25346,Jordan Torunarigha,Hamburger SV,D,1. FC Heidenheim vs Hamburger SV,45,7.3,,0,,,21,19.0,,2.0,,,,0,0,5.0,5.0
25346,Jordan Torunarigha,Hamburger SV,D,Hamburger SV vs Union Berlin,90,6.3,,0,,,65,53.0,,1.0,1.0,1.0,1.0,0,0,4.0,7.0
25346,Jordan Torunarigha,Hamburger SV,D,FSV Mainz 05 vs Hamburger SV,90,7.3,,0,,,58,55.0,,2.0,3.0,2.0,,0,0,3.0,9.0
265741,Giorgi Gocholeishvili,Hamburger SV,M,Borussia Mönchengladbach vs Hamburger SV,86,6.2,,0,1.0,,21,15.0,,1.0,1.0,1.0,,0,0,3.0,7.0
265741,Giorgi Gocholeishvili,Hamburger SV,M,Hamburger SV vs FC St. Pauli,77,5.9,,0,,,14,10.0,,,,1.0,2.0,2,1,4.0,10.0
265741,Giorgi Gocholeishvili,Hamburger SV,M,Hamburger SV vs 1. FC Heidenheim,86,7.5,,0,1.0,,19,17.0,,1.0,1.0,,2.0,0,0,5.0,6.0
265741,Giorgi Gocholeishvili,Hamburger SV,M,Union Berlin vs Hamburger SV,89,6.5,,0,,,31,28.0,,,,2.0,,0,0,2.0,8.0
265741,Giorgi Gocholeishvili,Hamburger SV,M,Hamburger SV vs FSV Mainz 05,82,6.9,,0,1.0,1.0,22,17.0,,1.0,2.0,3.0,3.0,0,0,8.0,15.0
265741,Giorgi Gocholeishvili,Hamburger SV,M,1. FC Köln vs Hamburger SV,13,5.3,,0,1.0,,3,1.0,,,,,,0,0,1.0,5.0
265741,Giorgi Gocholeishvili,Hamburger SV,M,Hamburger SV vs Borussia Dortmund,74,7,,0,,,13,12.0,,3.0,,1.0,,0,0,3.0,5.0
265741,Giorgi Gocholeishvili,Hamburger SV,M,FC Augsburg vs Hamburger SV,82,6.7,,0,1.0,1.0,23,18.0,,3.0,,1.0,1.0,0,0,4.0,9.0
265741,Giorgi Gocholeishvili,Hamburger SV,M,Hamburger SV vs VfB Stuttgart,23,6.9,,0,,,7,5.0,,,,1.0,1.0,0,0,2.0,3.0
265741,Giorgi Gocholeishvili,Hamburger SV,M,Hamburger SV vs Werder Bremen,14,6.9,,0,,,0,,,,,1.0,1.0,0,0,3.0,6.0
265741,Giorgi Gocholeishvili,Hamburger SV,M,1899 Hoffenheim vs Hamburger SV,45,6.5,,0,1.0,,12,9.0,,,,,2.0,0,0,3.0,7.0
265741,Giorgi Gocholeishvili,Hamburger SV,M,Hamburger SV vs Eintracht Frankfurt,12,6.5,,0,,,1,,,,,,,0,0,,3.0
265741,Giorgi Gocholeishvili,Hamburger SV,M,SC Freiburg vs Hamburger SV,11,6.2,,0,,,6,4.0,,,,,,0,0,1.0,2.0
265741,Giorgi Gocholeishvili,Hamburger SV,M,Hamburger SV vs Borussia Mönchengladbach,23,7.2,,0,,,16,15.0,,1.0,,,,0,0,1.0,2.0
265741,Giorgi Gocholeishvili,Hamburger SV,M,Hamburger SV vs Bayern München,31,7,,0,,,3,,,4.0,,,1.0,1,0,6.0,9.0
265741,Giorgi Gocholeishvili,Hamburger SV,M,1. FC Heidenheim vs Hamburger SV,10,7.2,,0,,,1,,,1.0,,,1.0,0,0,4.0,5.0
265741,Giorgi Gocholeishvili,Hamburger SV,M,Hamburger SV vs Union Berlin,16,6.6,,1,,,4,3.0,,,,,,0,0,3.0,4.0
265741,Giorgi Gocholeishvili,Hamburger SV,M,FSV Mainz 05 vs Hamburger SV,2,,,0,,,1,1.0,,,,,1.0,0,0,1.0,1.0
260898,Nicolai Remberg,Hamburger SV,M,Borussia Mönchengladbach vs Hamburger SV,90,7.2,,0,1.0,,39,31.0,,1.0,,2.0,2.0,0,0,5.0,9.0
260898,Nicolai Remberg,Hamburger SV,M,Hamburger SV vs FC St. Pauli,90,7,,0,,,35,30.0,,4.0,3.0,1.0,2.0,0,0,7.0,8.0
260898,Nicolai Remberg,Hamburger SV,M,Bayern München vs Hamburger SV,90,6.9,,0,,,31,28.0,,2.0,,2.0,3.0,0,0,7.0,13.0
260898,Nicolai Remberg,Hamburger SV,M,Hamburger SV vs 1. FC Heidenheim,90,6.9,,0,1.0,1.0,42,39.0,,,,2.0,2.0,1,0,3.0,7.0
260898,Nicolai Remberg,Hamburger SV,M,Union Berlin vs Hamburger SV,90,7.9,,0,,,53,48.0,,4.0,1.0,1.0,3.0,0,0,10.0,13.0
260898,Nicolai Remberg,Hamburger SV,M,Hamburger SV vs FSV Mainz 05,90,6.9,,1,,,32,25.0,,3.0,1.0,2.0,1.0,1,0,4.0,9.0
260898,Nicolai Remberg,Hamburger SV,M,RB Leipzig vs Hamburger SV,90,7.2,,0,,,47,44.0,,3.0,,2.0,,0,0,6.0,9.0
260898,Nicolai Remberg,Hamburger SV,M,Hamburger SV vs VfL Wolfsburg,90,6.3,,0,2.0,,50,45.0,,,2.0,1.0,1.0,0,0,2.0,4.0
260898,Nicolai Remberg,Hamburger SV,M,1. FC Köln vs Hamburger SV,90,6.3,,0,1.0,1.0,50,47.0,,,1.0,2.0,1.0,1,0,4.0,8.0
260898,Nicolai Remberg,Hamburger SV,M,Hamburger SV vs Borussia Dortmund,90,7.3,,0,,,42,38.0,,4.0,1.0,1.0,,0,0,5.0,6.0
260898,Nicolai Remberg,Hamburger SV,M,FC Augsburg vs Hamburger SV,90,7.3,,0,2.0,1.0,46,43.0,,3.0,2.0,1.0,4.0,1,0,8.0,11.0
260898,Nicolai Remberg,Hamburger SV,M,Hamburger SV vs VfB Stuttgart,90,7.2,,0,,,31,29.0,,4.0,1.0,2.0,2.0,0,0,7.0,10.0
260898,Nicolai Remberg,Hamburger SV,M,Hamburger SV vs Werder Bremen,90,7.3,,0,,,43,42.0,,3.0,2.0,1.0,2.0,1,0,11.0,13.0
260898,Nicolai Remberg,Hamburger SV,M,Hamburger SV vs Eintracht Frankfurt,90,6.9,,0,,,40,36.0,,2.0,2.0,1.0,1.0,0,0,5.0,7.0
260898,Nicolai Remberg,Hamburger SV,M,SC Freiburg vs Hamburger SV,90,7.5,,0,,,37,34.0,,2.0,,,4.0,0,0,8.0,8.0
260898,Nicolai Remberg,Hamburger SV,M,Hamburger SV vs Borussia Mönchengladbach,90,6.9,,0,3.0,3.0,80,75.0,,,4.0,2.0,3.0,0,0,4.0,11.0
260898,Nicolai Remberg,Hamburger SV,M,FC St. Pauli vs Hamburger SV,90,6.2,,0,,,89,84.0,,2.0,2.0,2.0,,1,0,3.0,8.0
260898,Nicolai Remberg,Hamburger SV,M,Hamburger SV vs Bayern München,90,7.3,,0,,,20,17.0,,1.0,2.0,1.0,1.0,1,0,6.0,8.0
260898,Nicolai Remberg,Hamburger SV,M,1. FC Heidenheim vs Hamburger SV,90,6.6,,0,,,38,30.0,,1.0,1.0,1.0,2.0,0,0,4.0,9.0
260898,Nicolai Remberg,Hamburger SV,M,Hamburger SV vs Union Berlin,90,6.5,,0,,,41,36.0,,2.0,2.0,2.0,1.0,0,0,6.0,13.0
260898,Nicolai Remberg,Hamburger SV,M,FSV Mainz 05 vs Hamburger SV,90,7,,0,,,44,40.0,,1.0,2.0,1.0,1.0,1,0,4.0,8.0
5973,Nicolás Capaldo,Hamburger SV,M,Borussia Mönchengladbach vs Hamburger SV,86,6.9,,0,,,18,13.0,,1.0,,,2.0,1,0,3.0,4.0
5973,Nicolás Capaldo,Hamburger SV,M,Hamburger SV vs FC St. Pauli,75,6.7,,0,,,21,17.0,,,1.0,,2.0,0,0,3.0,9.0
5973,Nicolás Capaldo,Hamburger SV,M,Bayern München vs Hamburger SV,45,6.5,,0,,,13,8.0,,1.0,1.0,,1.0,0,0,3.0,3.0
5973,Nicolás Capaldo,Hamburger SV,M,Union Berlin vs Hamburger SV,8,6.6,,0,,,8,7.0,,1.0,,1.0,,0,0,2.0,3.0
5973,Nicolás Capaldo,Hamburger SV,M,Hamburger SV vs FSV Mainz 05,90,7.3,,1,,,33,20.0,,2.0,2.0,2.0,2.0,0,0,9.0,12.0
5973,Nicolás Capaldo,Hamburger SV,M,RB Leipzig vs Hamburger SV,89,6.2,,0,,,61,50.0,,1.0,1.0,3.0,5.0,1,0,7.0,13.0
5973,Nicolás Capaldo,Hamburger SV,M,Hamburger SV vs VfL Wolfsburg,88,6.9,,0,,,60,50.0,,2.0,2.0,,4.0,0,0,6.0,9.0
5973,Nicolás Capaldo,Hamburger SV,M,Hamburger SV vs Borussia Dortmund,89,7,,0,1.0,,32,25.0,,6.0,,3.0,1.0,0,0,8.0,14.0
5973,Nicolás Capaldo,Hamburger SV,M,FC Augsburg vs Hamburger SV,86,7.3,,0,1.0,1.0,49,41.0,,6.0,3.0,2.0,2.0,1,0,11.0,16.0
5973,Nicolás Capaldo,Hamburger SV,M,Hamburger SV vs VfB Stuttgart,90,6.3,,0,,,29,22.0,,5.0,5.0,1.0,,0,0,5.0,9.0
5973,Nicolás Capaldo,Hamburger SV,M,Hamburger SV vs Werder Bremen,90,6.5,,0,,,34,29.0,,4.0,3.0,1.0,3.0,0,0,8.0,14.0
5973,Nicolás Capaldo,Hamburger SV,M,1899 Hoffenheim vs Hamburger SV,88,5.9,,0,,,26,19.0,,4.0,3.0,,1.0,1,0,6.0,13.0
5973,Nicolás Capaldo,Hamburger SV,M,Hamburger SV vs Eintracht Frankfurt,90,7.2,,0,,,18,11.0,,1.0,4.0,,1.0,0,0,4.0,9.0
5973,Nicolás Capaldo,Hamburger SV,M,SC Freiburg vs Hamburger SV,90,6.5,,0,2.0,,28,22.0,,6.0,1.0,1.0,2.0,0,0,8.0,9.0
5973,Nicolás Capaldo,Hamburger SV,M,Hamburger SV vs Borussia Mönchengladbach,67,7.5,,0,1.0,1.0,30,27.0,,,,1.0,1.0,0,0,3.0,3.0
5973,Nicolás Capaldo,Hamburger SV,M,FC St. Pauli vs Hamburger SV,90,7.2,,0,,,43,34.0,,2.0,1.0,3.0,5.0,0,0,12.0,21.0
5973,Nicolás Capaldo,Hamburger SV,M,Hamburger SV vs Bayern München,90,6.3,,0,3.0,1.0,11,10.0,,4.0,3.0,1.0,2.0,1,0,7.0,12.0
5973,Nicolás Capaldo,Hamburger SV,M,Hamburger SV vs Union Berlin,87,7.2,1.0,0,1.0,1.0,36,26.0,,3.0,2.0,1.0,2.0,1,0,7.0,17.0
5973,Nicolás Capaldo,Hamburger SV,M,FSV Mainz 05 vs Hamburger SV,90,6.9,,0,1.0,,40,36.0,,2.0,,1.0,4.0,0,0,10.0,18.0
48489,Miro Muheim,Hamburger SV,M,Borussia Mönchengladbach vs Hamburger SV,90,7,,0,,,31,25.0,,2.0,,1.0,2.0,0,0,5.0,8.0
48489,Miro Muheim,Hamburger SV,M,Hamburger SV vs FC St. Pauli,90,6.6,,0,2.0,1.0,44,32.0,,2.0,2.0,4.0,4.0,0,0,8.0,17.0
48489,Miro Muheim,Hamburger SV,M,Bayern München vs Hamburger SV,90,5.3,,0,,,38,34.0,,1.0,1.0,3.0,1.0,1,0,2.0,8.0
48489,Miro Muheim,Hamburger SV,M,Hamburger SV vs 1. FC Heidenheim,90,7.3,,0,,,51,43.0,,3.0,,1.0,,0,0,3.0,7.0
48489,Miro Muheim,Hamburger SV,M,Union Berlin vs Hamburger SV,82,6.5,,0,,,35,30.0,,2.0,,3.0,1.0,1,0,3.0,8.0
48489,Miro Muheim,Hamburger SV,M,Hamburger SV vs FSV Mainz 05,90,6.5,,0,1.0,,28,16.0,,2.0,3.0,2.0,,0,0,2.0,8.0
48489,Miro Muheim,Hamburger SV,M,RB Leipzig vs Hamburger SV,90,7.6,,1,,,58,47.0,,2.0,2.0,1.0,2.0,0,0,6.0,8.0
48489,Miro Muheim,Hamburger SV,M,Hamburger SV vs VfL Wolfsburg,90,8,,0,4.0,1.0,55,43.0,,3.0,1.0,2.0,3.0,0,0,7.0,9.0
48489,Miro Muheim,Hamburger SV,M,1. FC Köln vs Hamburger SV,90,6.6,,0,,,52,39.0,,2.0,,1.0,2.0,0,0,7.0,9.0
48489,Miro Muheim,Hamburger SV,M,Hamburger SV vs Borussia Dortmund,90,7.3,,1,,,49,36.0,,3.0,,,2.0,0,0,6.0,9.0
48489,Miro Muheim,Hamburger SV,M,FC Augsburg vs Hamburger SV,90,6.9,,0,1.0,,47,36.0,,2.0,1.0,,1.0,0,0,4.0,10.0
48489,Miro Muheim,Hamburger SV,M,Hamburger SV vs VfB Stuttgart,90,7.2,,0,,,23,11.0,,2.0,2.0,1.0,1.0,0,0,5.0,7.0
48489,Miro Muheim,Hamburger SV,M,Hamburger SV vs Werder Bremen,31,6.9,,1,,,13,11.0,,,2.0,1.0,,0,0,2.0,3.0
48489,Miro Muheim,Hamburger SV,M,1899 Hoffenheim vs Hamburger SV,90,6.9,,0,1.0,1.0,45,31.0,,2.0,1.0,3.0,4.0,0,0,9.0,16.0
48489,Miro Muheim,Hamburger SV,M,Hamburger SV vs Eintracht Frankfurt,90,7.2,,0,1.0,,42,32.0,,3.0,2.0,,3.0,0,0,7.0,12.0
48489,Miro Muheim,Hamburger SV,M,SC Freiburg vs Hamburger SV,90,7.2,,1,1.0,1.0,38,28.0,,,,,1.0,0,0,3.0,4.0
48489,Miro Muheim,Hamburger SV,M,Hamburger SV vs Borussia Mönchengladbach,90,6.9,,0,3.0,1.0,59,45.0,,3.0,,2.0,2.0,0,0,6.0,11.0
48489,Miro Muheim,Hamburger SV,M,FC St. Pauli vs Hamburger SV,90,7.6,,0,,,62,48.0,,4.0,4.0,1.0,1.0,0,0,7.0,9.0
48489,Miro Muheim,Hamburger SV,M,Hamburger SV vs Bayern München,90,7.9,,0,1.0,,33,26.0,,3.0,2.0,1.0,2.0,1,0,6.0,10.0
48489,Miro Muheim,Hamburger SV,M,1. FC Heidenheim vs Hamburger SV,90,6.5,,0,,,43,28.0,,1.0,,,2.0,0,0,3.0,6.0
48489,Miro Muheim,Hamburger SV,M,Hamburger SV vs Union Berlin,90,6.9,,0,1.0,1.0,30,19.0,,2.0,,,1.0,0,0,4.0,7.0
48489,Miro Muheim,Hamburger SV,M,FSV Mainz 05 vs Hamburger SV,88,6.9,,0,,,56,39.0,,1.0,,1.0,4.0,1,0,8.0,12.0
14351,Emir Sahiti,Hamburger SV,F,Borussia Mönchengladbach vs Hamburger SV,66,6.5,,0,,,13,10.0,,,,,,0,0,1.0,6.0
14351,Emir Sahiti,Hamburger SV,F,Hamburger SV vs FC St. Pauli,56,6.3,,0,,,18,12.0,,,,,1.0,0,0,4.0,7.0
162773,Ransford Yeboah Königsdörffer,Hamburger SV,F,Borussia Mönchengladbach vs Hamburger SV,74,6.2,,0,,,10,5.0,,,,1.0,,0,0,2.0,7.0
162773,Ransford Yeboah Königsdörffer,Hamburger SV,F,Hamburger SV vs FC St. Pauli,82,6.6,,0,2.0,1.0,15,11.0,,,,1.0,3.0,0,0,6.0,10.0
162773,Ransford Yeboah Königsdörffer,Hamburger SV,F,Bayern München vs Hamburger SV,76,6.7,,0,,,11,9.0,,,,1.0,2.0,0,0,3.0,5.0
162773,Ransford Yeboah Königsdörffer,Hamburger SV,F,Hamburger SV vs 1. FC Heidenheim,85,6.6,,0,4.0,3.0,18,16.0,,,,,,0,0,3.0,8.0
162773,Ransford Yeboah Königsdörffer,Hamburger SV,F,Union Berlin vs Hamburger SV,76,6.3,,0,2.0,,12,10.0,,,,1.0,,0,0,,2.0
162773,Ransford Yeboah Königsdörffer,Hamburger SV,F,Hamburger SV vs FSV Mainz 05,67,6.7,,0,1.0,1.0,8,4.0,,,1.0,1.0,1.0,0,0,4.0,8.0
162773,Ransford Yeboah Königsdörffer,Hamburger SV,F,RB Leipzig vs Hamburger SV,76,6.3,,0,4.0,,19,13.0,,,,1.0,1.0,0,0,3.0,6.0
162773,Ransford Yeboah Königsdörffer,Hamburger SV,F,Hamburger SV vs VfL Wolfsburg,64,6.3,,0,2.0,1.0,15,13.0,,,,,2.0,0,0,5.0,6.0
162773,Ransford Yeboah Königsdörffer,Hamburger SV,F,1. FC Köln vs Hamburger SV,59,6.5,,0,2.0,1.0,13,8.0,,,,1.0,,0,0,2.0,5.0
162773,Ransford Yeboah Königsdörffer,Hamburger SV,F,Hamburger SV vs Borussia Dortmund,28,7.5,1.0,0,2.0,1.0,4,4.0,,,,1.0,,0,0,1.0,4.0
162773,Ransford Yeboah Königsdörffer,Hamburger SV,F,FC Augsburg vs Hamburger SV,90,6.2,,0,2.0,1.0,12,6.0,,,,,1.0,0,0,2.0,7.0
162773,Ransford Yeboah Königsdörffer,Hamburger SV,F,Hamburger SV vs VfB Stuttgart,54,6.2,,0,2.0,,10,7.0,,1.0,,1.0,,0,0,1.0,6.0
162773,Ransford Yeboah Königsdörffer,Hamburger SV,F,Hamburger SV vs Werder Bremen,31,6.3,,0,,,6,6.0,,,,,1.0,0,0,2.0,4.0
162773,Ransford Yeboah Königsdörffer,Hamburger SV,F,1899 Hoffenheim vs Hamburger SV,78,6.7,,0,3.0,1.0,14,12.0,,,,1.0,,1,0,4.0,7.0
162773,Ransford Yeboah Königsdörffer,Hamburger SV,F,Hamburger SV vs Eintracht Frankfurt,87,6.7,,0,1.0,,13,8.0,,,,1.0,,0,0,3.0,12.0
162773,Ransford Yeboah Königsdörffer,Hamburger SV,F,SC Freiburg vs Hamburger SV,10,6.5,,0,1.0,1.0,0,,,,,,,0,0,,1.0
162773,Ransford Yeboah Königsdörffer,Hamburger SV,F,Hamburger SV vs Borussia Mönchengladbach,67,6.6,,0,3.0,2.0,13,11.0,,,,1.0,1.0,0,0,3.0,4.0
162773,Ransford Yeboah Königsdörffer,Hamburger SV,F,FC St. Pauli vs Hamburger SV,68,6.3,,0,,,14,9.0,,,,1.0,1.0,0,0,1.0,7.0
162773,Ransford Yeboah Königsdörffer,Hamburger SV,F,Hamburger SV vs Bayern München,73,6.9,,0,,,6,5.0,,,1.0,1.0,1.0,0,0,1.0,5.0
162773,Ransford Yeboah Königsdörffer,Hamburger SV,F,1. FC Heidenheim vs Hamburger SV,68,7.3,1.0,0,1.0,1.0,16,12.0,,,,,,0,0,1.0,7.0
162773,Ransford Yeboah Königsdörffer,Hamburger SV,F,Hamburger SV vs Union Berlin,87,8.3,2.0,0,5.0,2.0,15,10.0,,,,2.0,,0,0,4.0,9.0
162773,Ransford Yeboah Königsdörffer,Hamburger SV,F,FSV Mainz 05 vs Hamburger SV,87,6.3,,0,1.0,,20,17.0,,1.0,,1.0,1.0,0,0,5.0,12.0
470282,Alexander Røssing-Lelesiit,Hamburger SV,F,Borussia Mönchengladbach vs Hamburger SV,74,6.2,,0,1.0,1.0,12,11.0,,2.0,,3.0,,0,0,2.0,11.0
470282,Alexander Røssing-Lelesiit,Hamburger SV,F,Hamburger SV vs FC St. Pauli,56,6.5,,0,,,8,6.0,,3.0,,2.0,,0,0,3.0,10.0
470282,Alexander Røssing-Lelesiit,Hamburger SV,F,Bayern München vs Hamburger SV,45,6.2,,0,,,10,9.0,,,,,,0,0,2.0,5.0
470282,Alexander Røssing-Lelesiit,Hamburger SV,F,Hamburger SV vs 1. FC Heidenheim,11,7,,0,,,2,2.0,,,,,1.0,0,0,3.0,7.0
470282,Alexander Røssing-Lelesiit,Hamburger SV,F,Hamburger SV vs FSV Mainz 05,8,6.3,,0,,,1,1.0,,1.0,,,,0,0,1.0,3.0
470282,Alexander Røssing-Lelesiit,Hamburger SV,F,1. FC Köln vs Hamburger SV,13,6.3,,0,,,3,2.0,,,,1.0,,0,0,1.0,2.0
470282,Alexander Røssing-Lelesiit,Hamburger SV,F,FC Augsburg vs Hamburger SV,8,6.7,,0,,,8,8.0,,,,,,0,0,,
470282,Alexander Røssing-Lelesiit,Hamburger SV,F,Hamburger SV vs VfB Stuttgart,81,7.2,,1,,,14,10.0,,3.0,,3.0,4.0,2,1,9.0,17.0
470282,Alexander Røssing-Lelesiit,Hamburger SV,F,SC Freiburg vs Hamburger SV,12,6.7,,0,,,3,3.0,,,,1.0,1.0,1,0,1.0,2.0
470282,Alexander Røssing-Lelesiit,Hamburger SV,F,Hamburger SV vs Borussia Mönchengladbach,10,6.2,,0,1.0,1.0,5,3.0,,,,2.0,,0,0,,4.0
470282,Alexander Røssing-Lelesiit,Hamburger SV,F,FC St. Pauli vs Hamburger SV,14,6.3,,0,,,2,,,,,1.0,1.0,0,0,1.0,2.0
129693,Rayan Philippe,Hamburger SV,F,Borussia Mönchengladbach vs Hamburger SV,24,6.3,,0,,,3,3.0,,1.0,,,,0,0,2.0,6.0
129693,Rayan Philippe,Hamburger SV,F,Hamburger SV vs FC St. Pauli,15,6.3,,0,,,4,4.0,,1.0,,,,0,0,2.0,5.0
129693,Rayan Philippe,Hamburger SV,F,Bayern München vs Hamburger SV,45,6.9,,0,,,8,8.0,,3.0,,1.0,1.0,0,0,6.0,11.0
129693,Rayan Philippe,Hamburger SV,F,Hamburger SV vs 1. FC Heidenheim,74,7.5,1.0,0,2.0,1.0,11,8.0,,3.0,,2.0,,1,0,4.0,8.0
129693,Rayan Philippe,Hamburger SV,F,Union Berlin vs Hamburger SV,76,6.3,,0,4.0,3.0,17,13.0,,3.0,1.0,4.0,,1,0,6.0,14.0
129693,Rayan Philippe,Hamburger SV,F,Hamburger SV vs FSV Mainz 05,82,9.3,2.0,0,5.0,4.0,11,6.0,,,1.0,,,0,0,1.0,5.0
129693,Rayan Philippe,Hamburger SV,F,RB Leipzig vs Hamburger SV,89,6.3,,0,1.0,1.0,21,15.0,,1.0,,1.0,1.0,0,0,2.0,7.0
129693,Rayan Philippe,Hamburger SV,F,Hamburger SV vs VfL Wolfsburg,90,6.9,,0,3.0,2.0,15,12.0,,,,,1.0,0,0,3.0,11.0
129693,Rayan Philippe,Hamburger SV,F,1. FC Köln vs Hamburger SV,77,6.3,,0,,,10,8.0,,,,2.0,,0,0,,2.0
129693,Rayan Philippe,Hamburger SV,F,Hamburger SV vs Borussia Dortmund,74,5.9,,0,,,12,9.0,,,,1.0,,0,0,,8.0
129693,Rayan Philippe,Hamburger SV,F,FC Augsburg vs Hamburger SV,18,7.2,,0,1.0,,8,5.0,,,,,,0,0,1.0,1.0
129693,Rayan Philippe,Hamburger SV,F,Hamburger SV vs VfB Stuttgart,68,6.2,,0,1.0,,8,6.0,,,,3.0,,0,0,,5.0
129693,Rayan Philippe,Hamburger SV,F,Hamburger SV vs Werder Bremen,59,6.3,,0,1.0,,11,9.0,,1.0,,,1.0,0,0,4.0,9.0
129693,Rayan Philippe,Hamburger SV,F,1899 Hoffenheim vs Hamburger SV,45,6.2,1.0,0,2.0,1.0,4,4.0,,,,1.0,,0,0,1.0,5.0
129693,Rayan Philippe,Hamburger SV,F,Hamburger SV vs Eintracht Frankfurt,88,6.2,,0,1.0,,8,3.0,,2.0,,,1.0,0,0,3.0,6.0
129693,Rayan Philippe,Hamburger SV,F,Hamburger SV vs Borussia Mönchengladbach,23,6.2,,0,,,4,3.0,,,,,,0,0,,3.0
129693,Rayan Philippe,Hamburger SV,F,FC St. Pauli vs Hamburger SV,22,6.3,,0,,,5,2.0,,,,,1.0,0,0,1.0,1.0
129693,Rayan Philippe,Hamburger SV,F,Hamburger SV vs Bayern München,17,6.5,,0,,,5,2.0,,,,1.0,,0,0,,2.0
129693,Rayan Philippe,Hamburger SV,F,1. FC Heidenheim vs Hamburger SV,22,7.2,1.0,0,2.0,2.0,5,4.0,,1.0,,1.0,,0,0,1.0,4.0
129693,Rayan Philippe,Hamburger SV,F,FSV Mainz 05 vs Hamburger SV,14,6.5,,0,1.0,,3,,,,,,,0,0,,
1167,Yussuf Poulsen,Hamburger SV,F,Borussia Mönchengladbach vs Hamburger SV,16,6.9,,0,1.0,1.0,6,4.0,,1.0,,,1.0,0,0,7.0,8.0
1167,Yussuf Poulsen,Hamburger SV,F,Hamburger SV vs FC St. Pauli,34,6.7,,0,,,17,12.0,,,,2.0,,1,0,6.0,12.0
1167,Yussuf Poulsen,Hamburger SV,F,RB Leipzig vs Hamburger SV,14,6.5,,0,,,7,5.0,,,,,,0,0,1.0,2.0
1167,Yussuf Poulsen,Hamburger SV,F,Hamburger SV vs VfL Wolfsburg,26,6.6,,0,2.0,,12,7.0,,1.0,,1.0,,0,0,4.0,7.0
1167,Yussuf Poulsen,Hamburger SV,F,1. FC Köln vs Hamburger SV,31,6.5,,0,,,12,8.0,,,,1.0,1.0,1,0,3.0,8.0
1167,Yussuf Poulsen,Hamburger SV,F,Hamburger SV vs Borussia Dortmund,62,6.3,,0,1.0,1.0,11,5.0,,,,2.0,,1,0,2.0,8.0
1167,Yussuf Poulsen,Hamburger SV,F,Hamburger SV vs Werder Bremen,14,7.6,1.0,0,1.0,1.0,3,2.0,,,,,,0,0,3.0,4.0
1167,Yussuf Poulsen,Hamburger SV,F,1899 Hoffenheim vs Hamburger SV,12,6.5,,0,,,4,2.0,,,,1.0,,0,0,,2.0
1167,Yussuf Poulsen,Hamburger SV,F,Hamburger SV vs Union Berlin,18,6.6,,0,,,6,3.0,,,,1.0,,0,0,3.0,4.0
1167,Yussuf Poulsen,Hamburger SV,F,FSV Mainz 05 vs Hamburger SV,25,6.9,,0,,,3,1.0,,1.0,,2.0,1.0,0,0,5.0,10.0
8483,Jean-Luc Dompé,Hamburger SV,F,Borussia Mönchengladbach vs Hamburger SV,16,6.9,,0,1.0,,9,9.0,,,,,,0,0,1.0,1.0
8483,Jean-Luc Dompé,Hamburger SV,F,Hamburger SV vs FC St. Pauli,34,6.9,,0,,,9,6.0,,,,,1.0,0,0,2.0,4.0
8483,Jean-Luc Dompé,Hamburger SV,F,Hamburger SV vs 1. FC Heidenheim,74,6.7,,0,3.0,2.0,19,15.0,,,,1.0,,0,0,2.0,4.0
8483,Jean-Luc Dompé,Hamburger SV,F,Union Berlin vs Hamburger SV,90,6.9,,0,1.0,1.0,15,13.0,,,,,4.0,0,0,5.0,9.0
8483,Jean-Luc Dompé,Hamburger SV,F,Hamburger SV vs FSV Mainz 05,68,8,1.0,0,2.0,1.0,10,7.0,,,,,1.0,0,0,2.0,4.0
8483,Jean-Luc Dompé,Hamburger SV,F,RB Leipzig vs Hamburger SV,90,7,,0,2.0,,28,22.0,,1.0,,,1.0,0,0,6.0,9.0
8483,Jean-Luc Dompé,Hamburger SV,F,Hamburger SV vs VfL Wolfsburg,90,7.7,,0,2.0,2.0,23,18.0,,1.0,,,1.0,0,0,3.0,4.0
8483,Jean-Luc Dompé,Hamburger SV,F,1. FC Köln vs Hamburger SV,89,8.7,1.0,0,2.0,2.0,23,17.0,,1.0,,,,0,0,2.0,4.0
8483,Jean-Luc Dompé,Hamburger SV,F,Hamburger SV vs Borussia Dortmund,90,6.7,,0,,,21,19.0,,,,,,0,0,1.0,2.0
8483,Jean-Luc Dompé,Hamburger SV,F,FC Augsburg vs Hamburger SV,90,6.7,,0,1.0,1.0,22,15.0,,,,1.0,,0,0,,3.0
8483,Jean-Luc Dompé,Hamburger SV,F,Hamburger SV vs Werder Bremen,89,7.6,,0,1.0,,27,22.0,,,,,,0,0,3.0,3.0
8483,Jean-Luc Dompé,Hamburger SV,F,SC Freiburg vs Hamburger SV,57,6.7,,0,,,11,9.0,,1.0,,,,0,0,3.0,5.0
8483,Jean-Luc Dompé,Hamburger SV,F,Hamburger SV vs Borussia Mönchengladbach,80,6.9,,0,1.0,,21,15.0,,,,,,0,0,,3.0
8483,Jean-Luc Dompé,Hamburger SV,F,FC St. Pauli vs Hamburger SV,22,6.3,,0,,,9,9.0,,,,,,0,0,,1.0
8483,Jean-Luc Dompé,Hamburger SV,F,Hamburger SV vs Union Berlin,18,6.7,,0,1.0,,4,4.0,,,,,,0,0,,
302632,William Mikelbrencis,Hamburger SV,D,Borussia Mönchengladbach vs Hamburger SV,11,6.7,,0,,,2,,,,,,,0,0,1.0,3.0
302632,William Mikelbrencis,Hamburger SV,D,Hamburger SV vs FC St. Pauli,8,6.6,,0,,,8,7.0,,,,1.0,,0,0,,1.0
302632,William Mikelbrencis,Hamburger SV,D,Bayern München vs Hamburger SV,90,5.9,,0,2.0,2.0,15,12.0,,,,1.0,,0,0,1.0,3.0
302632,William Mikelbrencis,Hamburger SV,D,Hamburger SV vs 1. FC Heidenheim,13,6.2,,0,,,3,1.0,,,1.0,,,0,0,,1.0
302632,William Mikelbrencis,Hamburger SV,D,Hamburger SV vs FSV Mainz 05,8,6.3,,0,,,7,3.0,,,,1.0,,0,0,,1.0
302632,William Mikelbrencis,Hamburger SV,D,RB Leipzig vs Hamburger SV,84,5.9,,0,1.0,,27,21.0,,3.0,,2.0,,0,0,4.0,9.0
302632,William Mikelbrencis,Hamburger SV,D,Hamburger SV vs VfL Wolfsburg,77,6.7,,0,,,31,24.0,,,,1.0,,0,0,,
302632,William Mikelbrencis,Hamburger SV,D,1. FC Köln vs Hamburger SV,77,6.3,,0,,,23,18.0,,,,1.0,,0,0,1.0,5.0
302632,William Mikelbrencis,Hamburger SV,D,Hamburger SV vs Borussia Dortmund,16,6.9,,0,,,8,6.0,,,,1.0,,0,0,1.0,3.0
302632,William Mikelbrencis,Hamburger SV,D,Hamburger SV vs VfB Stuttgart,67,6.7,,0,,,15,10.0,,2.0,1.0,2.0,1.0,0,0,3.0,7.0
302632,William Mikelbrencis,Hamburger SV,D,Hamburger SV vs Eintracht Frankfurt,61,6.2,,0,2.0,2.0,16,11.0,,1.0,,1.0,,0,0,3.0,8.0
302632,William Mikelbrencis,Hamburger SV,D,Hamburger SV vs Bayern München,73,7,,1,,,8,8.0,,2.0,,,,0,0,3.0,6.0
302632,William Mikelbrencis,Hamburger SV,D,1. FC Heidenheim vs Hamburger SV,22,6.5,,0,1.0,1.0,5,3.0,,,,,,1,0,1.0,3.0
302632,William Mikelbrencis,Hamburger SV,D,Hamburger SV vs Union Berlin,11,6.2,,0,,,2,1.0,,,,1.0,,1,0,,3.0
302632,William Mikelbrencis,Hamburger SV,D,FSV Mainz 05 vs Hamburger SV,25,6.9,,0,1.0,,4,2.0,,1.0,,,,0,0,1.0,2.0
24965,Jonas Meffert,Hamburger SV,M,Borussia Mönchengladbach vs Hamburger SV,11,6.7,,0,,,7,4.0,,,,,,0,0,1.0,1.0
24965,Jonas Meffert,Hamburger SV,M,Bayern München vs Hamburger SV,45,6.6,,0,,,23,18.0,,2.0,,,,0,0,2.0,2.0
24965,Jonas Meffert,Hamburger SV,M,Hamburger SV vs FSV Mainz 05,28,6.6,,0,,,15,12.0,,2.0,,1.0,,0,0,2.0,4.0
24965,Jonas Meffert,Hamburger SV,M,1899 Hoffenheim vs Hamburger SV,67,6.7,,0,,,36,28.0,,,1.0,,,0,0,2.0,3.0
444962,Otto Stange,Hamburger SV,F,Hamburger SV vs FC St. Pauli,15,6.6,,0,,,0,,,,,,1.0,0,0,1.0,1.0
37759,Martijn Kaars,FC St. Pauli,F,Hamburger SV vs FC St. Pauli,21,6.2,,0,1.0,1.0,11,6.0,,,,,,0,0,1.0,1.0
37759,Martijn Kaars,FC St. Pauli,F,FC St. Pauli vs FC Augsburg,45,6.6,,0,1.0,,16,12.0,,,,,,0,0,,1.0
37759,Martijn Kaars,FC St. Pauli,F,VfB Stuttgart vs FC St. Pauli,28,6.3,,0,,,8,7.0,,,,1.0,,0,0,,3.0
37759,Martijn Kaars,FC St. Pauli,F,FC St. Pauli vs Bayer Leverkusen,22,6.5,,0,,,3,3.0,,,,,,0,0,,1.0
37759,Martijn Kaars,FC St. Pauli,F,Werder Bremen vs FC St. Pauli,90,6.2,,0,1.0,,18,14.0,,,,1.0,,0,0,4.0,9.0
37759,Martijn Kaars,FC St. Pauli,F,FC St. Pauli vs 1899 Hoffenheim,63,6.7,,0,2.0,2.0,15,13.0,,,,,2.0,0,0,3.0,6.0
37759,Martijn Kaars,FC St. Pauli,F,Eintracht Frankfurt vs FC St. Pauli,70,6.3,,0,,,16,11.0,,,,,,0,0,2.0,5.0
37759,Martijn Kaars,FC St. Pauli,F,FC St. Pauli vs Borussia Mönchengladbach,45,6.5,,0,,,17,16.0,,,,,,0,0,,2.0
37759,Martijn Kaars,FC St. Pauli,F,SC Freiburg vs FC St. Pauli,59,6.2,,0,,,20,16.0,,1.0,,1.0,,0,0,1.0,5.0
37759,Martijn Kaars,FC St. Pauli,F,FC St. Pauli vs Union Berlin,9,6.5,,0,,,2,2.0,,,,,,0,0,,1.0
37759,Martijn Kaars,FC St. Pauli,F,1. FC Köln vs FC St. Pauli,68,6.5,,0,,,15,10.0,,,,1.0,,0,0,1.0,3.0
37759,Martijn Kaars,FC St. Pauli,F,FC St. Pauli vs 1. FC Heidenheim,76,8.2,2.0,0,2.0,2.0,19,17.0,,,,1.0,,0,0,1.0,10.0
37759,Martijn Kaars,FC St. Pauli,F,VfL Wolfsburg vs FC St. Pauli,22,6.5,,0,,,5,3.0,,,,,,0,0,2.0,5.0
37759,Martijn Kaars,FC St. Pauli,F,Borussia Dortmund vs FC St. Pauli,64,6.2,,0,,,12,10.0,,1.0,,,,0,0,1.0,9.0
37759,Martijn Kaars,FC St. Pauli,F,FC St. Pauli vs Hamburger SV,45,6.5,,0,,,11,9.0,,1.0,,,,0,0,1.0,3.0
37759,Martijn Kaars,FC St. Pauli,F,FC St. Pauli vs RB Leipzig,23,7.5,1.0,0,2.0,2.0,9,7.0,,,,,1.0,0,0,1.0,2.0
37759,Martijn Kaars,FC St. Pauli,F,FC Augsburg vs FC St. Pauli,27,6.2,,0,,,7,6.0,,,,,,0,0,,3.0
37759,Martijn Kaars,FC St. Pauli,F,FC St. Pauli vs VfB Stuttgart,89,6.2,,0,1.0,1.0,19,15.0,,,,,1.0,0,0,3.0,8.0
37759,Martijn Kaars,FC St. Pauli,F,Bayer Leverkusen vs FC St. Pauli,82,6.2,,0,2.0,,18,11.0,,,,,,0,0,1.0,1.0
37759,Martijn Kaars,FC St. Pauli,F,FC St. Pauli vs Werder Bremen,53,6.3,,0,1.0,1.0,9,7.0,,1.0,,1.0,,1,0,1.0,5.0
90731,Lars Ritzka,FC St. Pauli,D,Hamburger SV vs FC St. Pauli,8,6.6,,0,,,11,9.0,,1.0,,,,0,0,2.0,5.0
90731,Lars Ritzka,FC St. Pauli,D,FC St. Pauli vs FC Augsburg,15,6.6,,0,,,6,4.0,,1.0,1.0,,,0,0,1.0,1.0
90731,Lars Ritzka,FC St. Pauli,D,VfB Stuttgart vs FC St. Pauli,8,6.9,,0,,,6,4.0,,,,,1.0,0,0,1.0,1.0
90731,Lars Ritzka,FC St. Pauli,D,FC St. Pauli vs Bayer Leverkusen,68,6.3,,0,,,42,37.0,,1.0,1.0,2.0,,0,0,3.0,6.0
90731,Lars Ritzka,FC St. Pauli,D,Werder Bremen vs FC St. Pauli,71,6.3,,0,,,42,31.0,,1.0,,,,0,0,2.0,8.0
90731,Lars Ritzka,FC St. Pauli,D,FC St. Pauli vs 1899 Hoffenheim,75,6.5,,0,,,26,19.0,,3.0,4.0,,,0,0,3.0,6.0
90731,Lars Ritzka,FC St. Pauli,D,Bayern München vs FC St. Pauli,68,6.5,,0,,,24,15.0,,3.0,,,,0,0,5.0,10.0
90731,Lars Ritzka,FC St. Pauli,D,FSV Mainz 05 vs FC St. Pauli,16,6.9,,0,,,2,,,1.0,,,,0,0,2.0,2.0
90731,Lars Ritzka,FC St. Pauli,D,VfL Wolfsburg vs FC St. Pauli,68,6.3,,0,,,24,18.0,,2.0,1.0,2.0,,1,0,2.0,6.0
90731,Lars Ritzka,FC St. Pauli,D,Borussia Dortmund vs FC St. Pauli,64,6.6,,0,1.0,,31,18.0,,6.0,2.0,1.0,,0,0,6.0,9.0
90731,Lars Ritzka,FC St. Pauli,D,Bayer Leverkusen vs FC St. Pauli,8,6.6,,0,,,4,4.0,,1.0,,,,0,0,1.0,1.0
32887,Yukinari Sugawara,Werder Bremen,D,Werder Bremen vs Bayer Leverkusen,90,6.2,,0,1.0,1.0,44,40.0,,,,,,0,0,,2.0
32887,Yukinari Sugawara,Werder Bremen,D,Borussia Mönchengladbach vs Werder Bremen,90,7.2,,1,1.0,1.0,44,31.0,,3.0,,,,0,0,5.0,7.0
32887,Yukinari Sugawara,Werder Bremen,D,Werder Bremen vs SC Freiburg,73,6.3,,0,1.0,,41,33.0,,,,1.0,,0,0,1.0,3.0
32887,Yukinari Sugawara,Werder Bremen,D,Bayern München vs Werder Bremen,90,5.9,,0,4.0,3.0,30,25.0,,2.0,,,,0,0,3.0,4.0
32887,Yukinari Sugawara,Werder Bremen,D,Werder Bremen vs FC St. Pauli,90,7.3,,0,1.0,1.0,38,28.0,,2.0,,1.0,,0,0,5.0,8.0
32887,Yukinari Sugawara,Werder Bremen,D,1. FC Heidenheim vs Werder Bremen,90,6.2,,0,,,39,29.0,,1.0,,,,0,0,2.0,4.0
32887,Yukinari Sugawara,Werder Bremen,D,Werder Bremen vs Union Berlin,89,7.2,,1,1.0,,53,37.0,,2.0,2.0,1.0,,0,0,3.0,8.0
32887,Yukinari Sugawara,Werder Bremen,D,FSV Mainz 05 vs Werder Bremen,90,6.6,,0,,,44,33.0,,1.0,1.0,,1.0,0,0,4.0,6.0
32887,Yukinari Sugawara,Werder Bremen,D,Werder Bremen vs VfL Wolfsburg,90,7.2,,1,2.0,1.0,50,45.0,,,1.0,3.0,1.0,0,0,1.0,6.0
32887,Yukinari Sugawara,Werder Bremen,D,RB Leipzig vs Werder Bremen,90,6.7,,0,,,56,50.0,,,1.0,,,0,0,,1.0
32887,Yukinari Sugawara,Werder Bremen,D,Werder Bremen vs 1. FC Köln,90,7.2,,0,3.0,,41,34.0,,3.0,1.0,,2.0,0,0,6.0,8.0
32887,Yukinari Sugawara,Werder Bremen,D,Hamburger SV vs Werder Bremen,90,5.9,,0,,,36,26.0,,,,,,0,0,1.0,7.0
32887,Yukinari Sugawara,Werder Bremen,D,Werder Bremen vs VfB Stuttgart,90,5.3,,0,,,22,16.0,,,2.0,2.0,,0,0,2.0,8.0
32887,Yukinari Sugawara,Werder Bremen,D,FC Augsburg vs Werder Bremen,90,6.7,,0,,,29,19.0,,2.0,,3.0,,1,0,2.0,6.0
32887,Yukinari Sugawara,Werder Bremen,D,Borussia Dortmund vs Werder Bremen,90,6.2,,0,,,40,33.0,,,1.0,,,0,0,,2.0
32887,Yukinari Sugawara,Werder Bremen,D,Werder Bremen vs Eintracht Frankfurt,90,6.9,,1,,,53,39.0,,1.0,,1.0,1.0,0,0,4.0,8.0
32887,Yukinari Sugawara,Werder Bremen,D,Bayer Leverkusen vs Werder Bremen,79,6.2,,0,,,38,28.0,,1.0,1.0,,1.0,0,0,2.0,3.0
32887,Yukinari Sugawara,Werder Bremen,D,Werder Bremen vs 1899 Hoffenheim,90,7,,0,2.0,,44,37.0,,1.0,,,1.0,0,0,3.0,4.0
32887,Yukinari Sugawara,Werder Bremen,D,Werder Bremen vs Borussia Mönchengladbach,64,6.2,,0,1.0,1.0,29,24.0,,,,1.0,,0,0,1.0,3.0
32887,Yukinari Sugawara,Werder Bremen,D,SC Freiburg vs Werder Bremen,90,7,,0,,,52,47.0,,2.0,,1.0,1.0,0,0,4.0,7.0
32887,Yukinari Sugawara,Werder Bremen,D,Werder Bremen vs Bayern München,11,6.5,,0,,,5,4.0,,,,,,0,0,,1.0
193720,Skelly Alvero,Werder Bremen,M,Werder Bremen vs Bayer Leverkusen,25,6.9,,0,,,20,20.0,,,1.0,,1.0,0,0,1.0,1.0
193720,Skelly Alvero,Werder Bremen,M,Borussia Mönchengladbach vs Werder Bremen,12,6.7,,0,,,4,3.0,,,,,,0,0,,
265372,Isaac Schmidt,Werder Bremen,D,Werder Bremen vs Bayer Leverkusen,19,7.9,1.0,0,1.0,1.0,9,8.0,,2.0,,1.0,,1,0,3.0,5.0
265372,Isaac Schmidt,Werder Bremen,D,Werder Bremen vs SC Freiburg,30,6.3,,0,,,20,17.0,,,,,1.0,0,0,1.0,2.0
265372,Isaac Schmidt,Werder Bremen,D,Bayern München vs Werder Bremen,10,6.3,,0,,,10,5.0,,,,,,0,0,1.0,3.0
265372,Isaac Schmidt,Werder Bremen,D,Werder Bremen vs FC St. Pauli,46,7.3,,0,,,21,19.0,,4.0,1.0,,,0,0,5.0,6.0
265372,Isaac Schmidt,Werder Bremen,D,FSV Mainz 05 vs Werder Bremen,9,6.7,,0,,,5,3.0,,,,2.0,,0,0,1.0,3.0
265372,Isaac Schmidt,Werder Bremen,D,Werder Bremen vs VfL Wolfsburg,10,6.6,,0,,,9,8.0,,,1.0,,,0,0,,2.0
265372,Isaac Schmidt,Werder Bremen,D,Werder Bremen vs VfB Stuttgart,26,6.7,,0,,,17,15.0,,2.0,,,,0,0,5.0,5.0
265372,Isaac Schmidt,Werder Bremen,D,FC Augsburg vs Werder Bremen,83,6.2,,0,,,27,22.0,,,1.0,,,0,0,,3.0
265372,Isaac Schmidt,Werder Bremen,D,Borussia Dortmund vs Werder Bremen,81,6.3,,0,,,40,32.0,,1.0,3.0,1.0,,0,0,4.0,7.0
265372,Isaac Schmidt,Werder Bremen,D,Werder Bremen vs Eintracht Frankfurt,64,6.6,,0,1.0,,37,26.0,,2.0,,1.0,1.0,0,0,7.0,11.0
265372,Isaac Schmidt,Werder Bremen,D,Bayer Leverkusen vs Werder Bremen,45,6.3,,0,,,8,5.0,,,,2.0,,0,0,1.0,3.0
265372,Isaac Schmidt,Werder Bremen,D,Werder Bremen vs Borussia Mönchengladbach,15,6.9,,0,2.0,1.0,17,16.0,,,,,,0,0,2.0,5.0
265372,Isaac Schmidt,Werder Bremen,D,Werder Bremen vs Bayern München,25,6.3,,0,,,16,10.0,,1.0,2.0,,1.0,0,0,3.0,5.0
265372,Isaac Schmidt,Werder Bremen,D,FC St. Pauli vs Werder Bremen,60,6.3,,0,,,27,18.0,,,,1.0,,1,0,1.0,3.0
491103,Axel Tape,Bayer Leverkusen,D,Werder Bremen vs Bayer Leverkusen,72,5.6,,0,,,39,36.0,,1.0,,4.0,1.0,0,0,6.0,12.0
491103,Axel Tape,Bayer Leverkusen,D,Bayer Leverkusen vs Eintracht Frankfurt,8,6.9,,0,2.0,1.0,2,2.0,,,,1.0,,0,0,2.0,3.0
491103,Axel Tape,Bayer Leverkusen,D,Bayer Leverkusen vs Borussia Mönchengladbach,27,6,,0,,,12,12.0,,,1.0,1.0,,0,0,,4.0
491103,Axel Tape,Bayer Leverkusen,D,FC St. Pauli vs Bayer Leverkusen,56,6.7,,0,,,6,6.0,,,,,5.0,0,0,5.0,9.0
491103,Axel Tape,Bayer Leverkusen,D,RB Leipzig vs Bayer Leverkusen,13,6.7,,0,,,2,2.0,,,,1.0,,1,0,1.0,3.0
162037,Malik Tillman,Bayer Leverkusen,M,Werder Bremen vs Bayer Leverkusen,61,7.3,1.0,0,1.0,1.0,28,23.0,,2.0,1.0,,1.0,0,0,4.0,6.0
162037,Malik Tillman,Bayer Leverkusen,M,Bayer Leverkusen vs Eintracht Frankfurt,62,6.6,,0,2.0,,13,12.0,,1.0,,,,0,0,4.0,7.0
162037,Malik Tillman,Bayer Leverkusen,M,Bayer Leverkusen vs Borussia Mönchengladbach,90,7.2,1.0,0,1.0,1.0,51,47.0,,1.0,3.0,1.0,2.0,0,0,4.0,8.0
162037,Malik Tillman,Bayer Leverkusen,M,FC St. Pauli vs Bayer Leverkusen,75,6.7,,0,,,22,13.0,,6.0,1.0,1.0,1.0,0,0,7.0,13.0
162037,Malik Tillman,Bayer Leverkusen,M,Bayer Leverkusen vs Union Berlin,90,7.2,,0,3.0,1.0,48,40.0,,2.0,,1.0,4.0,0,0,11.0,14.0
162037,Malik Tillman,Bayer Leverkusen,M,Bayer Leverkusen vs 1. FC Heidenheim,45,6.6,,0,1.0,,48,41.0,,1.0,2.0,,,0,0,3.0,5.0
162037,Malik Tillman,Bayer Leverkusen,M,VfL Wolfsburg vs Bayer Leverkusen,64,8.2,1.0,0,1.0,1.0,24,22.0,,1.0,,1.0,,0,0,2.0,5.0
162037,Malik Tillman,Bayer Leverkusen,M,Bayer Leverkusen vs Borussia Dortmund,74,6.3,,0,1.0,,26,23.0,,,,2.0,3.0,1,0,4.0,8.0
162037,Malik Tillman,Bayer Leverkusen,M,FC Augsburg vs Bayer Leverkusen,81,6.9,,0,,,43,38.0,,2.0,,,2.0,0,0,4.0,5.0
162037,Malik Tillman,Bayer Leverkusen,M,Bayer Leverkusen vs 1. FC Köln,86,7.3,,0,2.0,,40,33.0,,3.0,1.0,,1.0,0,0,6.0,9.0
162037,Malik Tillman,Bayer Leverkusen,M,RB Leipzig vs Bayer Leverkusen,90,6.9,,0,,,70,67.0,,1.0,1.0,3.0,,0,0,3.0,8.0
162037,Malik Tillman,Bayer Leverkusen,M,Bayer Leverkusen vs VfB Stuttgart,90,7.2,,0,2.0,,35,32.0,,1.0,1.0,1.0,2.0,0,0,5.0,11.0
162037,Malik Tillman,Bayer Leverkusen,M,1899 Hoffenheim vs Bayer Leverkusen,90,6.9,,0,1.0,,33,26.0,,1.0,,,1.0,0,0,5.0,8.0
162037,Malik Tillman,Bayer Leverkusen,M,Bayer Leverkusen vs Werder Bremen,33,6.7,,0,,,14,8.0,,1.0,1.0,,1.0,0,0,2.0,5.0
162037,Malik Tillman,Bayer Leverkusen,M,Eintracht Frankfurt vs Bayer Leverkusen,82,8,1.0,0,1.0,1.0,27,24.0,,2.0,,2.0,2.0,0,0,6.0,13.0
162037,Malik Tillman,Bayer Leverkusen,M,Borussia Mönchengladbach vs Bayer Leverkusen,90,6.3,,0,,,38,29.0,,3.0,,1.0,2.0,0,0,8.0,15.0
162037,Malik Tillman,Bayer Leverkusen,M,Bayer Leverkusen vs FC St. Pauli,45,6.9,,0,2.0,,36,29.0,,,1.0,,1.0,0,0,2.0,3.0
162037,Malik Tillman,Bayer Leverkusen,M,Union Berlin vs Bayer Leverkusen,81,6.3,,0,1.0,1.0,23,17.0,,,1.0,,2.0,0,0,3.0,9.0
6002,Exequiel Palacios,Bayer Leverkusen,M,Werder Bremen vs Bayer Leverkusen,29,6.7,,0,,,25,24.0,,,,,,0,0,,
6002,Exequiel Palacios,Bayer Leverkusen,M,Bayer Leverkusen vs Eintracht Frankfurt,15,6.6,,0,,,0,,,1.0,,,1.0,0,0,2.0,2.0
6002,Exequiel Palacios,Bayer Leverkusen,M,Bayer Leverkusen vs Werder Bremen,18,6.7,,0,,,12,8.0,,,,,1.0,0,0,2.0,5.0
6002,Exequiel Palacios,Bayer Leverkusen,M,Eintracht Frankfurt vs Bayer Leverkusen,26,6.5,,0,1.0,,47,42.0,,,1.0,,,0,0,,1.0
6002,Exequiel Palacios,Bayer Leverkusen,M,Borussia Mönchengladbach vs Bayer Leverkusen,25,6.7,,0,1.0,1.0,29,23.0,,2.0,,,,1,0,2.0,3.0
6002,Exequiel Palacios,Bayer Leverkusen,M,Bayer Leverkusen vs FC St. Pauli,80,7.2,,0,,,117,111.0,,,1.0,,1.0,0,0,1.0,5.0
174918,Loïc Badé,Bayer Leverkusen,D,Werder Bremen vs Bayer Leverkusen,18,6.3,,0,,,15,15.0,,,,,,0,0,,2.0
174918,Loïc Badé,Bayer Leverkusen,D,Bayer Leverkusen vs Eintracht Frankfurt,90,7,,0,2.0,1.0,32,28.0,,2.0,,,,0,0,8.0,9.0
174918,Loïc Badé,Bayer Leverkusen,D,Bayer Leverkusen vs Borussia Mönchengladbach,63,6.9,,0,,,78,70.0,,1.0,1.0,2.0,,1,0,2.0,6.0
174918,Loïc Badé,Bayer Leverkusen,D,FC St. Pauli vs Bayer Leverkusen,90,7.5,,0,,,82,71.0,,1.0,2.0,,,1,0,5.0,7.0
174918,Loïc Badé,Bayer Leverkusen,D,Bayer Leverkusen vs Union Berlin,90,7.9,,0,,,103,95.0,,,1.0,,,0,0,5.0,9.0
174918,Loïc Badé,Bayer Leverkusen,D,FSV Mainz 05 vs Bayer Leverkusen,90,6.9,,0,,,64,57.0,,3.0,1.0,2.0,3.0,1,0,8.0,11.0
174918,Loïc Badé,Bayer Leverkusen,D,Bayer Leverkusen vs SC Freiburg,90,7.9,,0,1.0,,93,90.0,,3.0,,,,0,0,6.0,11.0
174918,Loïc Badé,Bayer Leverkusen,D,Bayern München vs Bayer Leverkusen,90,6.9,,0,,,51,43.0,,2.0,2.0,,,0,0,3.0,5.0
174918,Loïc Badé,Bayer Leverkusen,D,Bayer Leverkusen vs 1. FC Heidenheim,90,8.2,,0,1.0,,119,111.0,,3.0,1.0,,,0,0,5.0,6.0
174918,Loïc Badé,Bayer Leverkusen,D,VfL Wolfsburg vs Bayer Leverkusen,90,7.2,,0,,,94,90.0,,1.0,1.0,,1.0,0,0,4.0,6.0
174918,Loïc Badé,Bayer Leverkusen,D,Bayer Leverkusen vs Borussia Dortmund,90,6.9,,0,1.0,1.0,75,73.0,,2.0,2.0,,,0,0,3.0,7.0
174918,Loïc Badé,Bayer Leverkusen,D,FC Augsburg vs Bayer Leverkusen,45,6.7,,0,,,62,57.0,,1.0,,,,0,0,2.0,3.0
174918,Loïc Badé,Bayer Leverkusen,D,Bayer Leverkusen vs 1. FC Köln,13,6.6,,0,,,12,10.0,,,,,,0,0,,
174918,Loïc Badé,Bayer Leverkusen,D,RB Leipzig vs Bayer Leverkusen,90,7.9,,0,,,81,80.0,,1.0,2.0,,,0,0,7.0,8.0
174918,Loïc Badé,Bayer Leverkusen,D,Bayer Leverkusen vs VfB Stuttgart,45,7,,0,,,28,23.0,,2.0,3.0,3.0,,1,0,3.0,7.0
174918,Loïc Badé,Bayer Leverkusen,D,1899 Hoffenheim vs Bayer Leverkusen,90,7.9,,0,,,74,65.0,,3.0,1.0,,,0,0,6.0,6.0
174918,Loïc Badé,Bayer Leverkusen,D,Bayer Leverkusen vs Werder Bremen,90,8,,0,1.0,1.0,61,55.0,,2.0,2.0,,,1,0,3.0,7.0
174918,Loïc Badé,Bayer Leverkusen,D,Borussia Mönchengladbach vs Bayer Leverkusen,45,6.6,,0,,,42,40.0,,,,1.0,,0,0,2.0,5.0
174918,Loïc Badé,Bayer Leverkusen,D,Union Berlin vs Bayer Leverkusen,68,6.6,,0,,,39,32.0,,,1.0,,,0,0,5.0,8.0
328262,Muhammed Damar,1899 Hoffenheim,M,1899 Hoffenheim vs Eintracht Frankfurt,31,6.3,,0,1.0,1.0,15,13.0,,,,,,0,0,,1.0
328262,Muhammed Damar,1899 Hoffenheim,M,Union Berlin vs 1899 Hoffenheim,12,6.5,,0,,,10,9.0,,,,,,0,0,,1.0
328262,Muhammed Damar,1899 Hoffenheim,M,1899 Hoffenheim vs Bayern München,66,7.2,,0,1.0,1.0,21,16.0,,1.0,,1.0,1.0,0,0,3.0,5.0
328262,Muhammed Damar,1899 Hoffenheim,M,SC Freiburg vs 1899 Hoffenheim,31,6.3,,0,1.0,1.0,9,8.0,,1.0,,,,0,0,1.0,5.0
328262,Muhammed Damar,1899 Hoffenheim,M,1899 Hoffenheim vs 1. FC Köln,70,6.3,,0,1.0,1.0,30,25.0,,1.0,1.0,1.0,,0,0,2.0,6.0
328262,Muhammed Damar,1899 Hoffenheim,M,1899 Hoffenheim vs 1. FC Heidenheim,14,6.3,,0,1.0,1.0,7,6.0,,1.0,,,,0,0,1.0,5.0
328262,Muhammed Damar,1899 Hoffenheim,M,1899 Hoffenheim vs RB Leipzig,10,6.3,,0,1.0,1.0,4,4.0,,,,,,0,0,1.0,2.0
328262,Muhammed Damar,1899 Hoffenheim,M,1899 Hoffenheim vs FC Augsburg,10,6.5,,0,,,5,2.0,,,,,,0,0,,1.0
328262,Muhammed Damar,1899 Hoffenheim,M,1899 Hoffenheim vs Borussia Mönchengladbach,12,7.2,,0,,,7,7.0,,,,1.0,,0,0,,2.0
328262,Muhammed Damar,1899 Hoffenheim,M,Bayern München vs 1899 Hoffenheim,19,7,,0,1.0,1.0,5,4.0,,,,,1.0,0,0,1.0,2.0
278453,Albian Hajdari,1899 Hoffenheim,D,1899 Hoffenheim vs Eintracht Frankfurt,18,6.3,,0,,,9,6.0,,,2.0,,,0,0,,1.0
278453,Albian Hajdari,1899 Hoffenheim,D,Union Berlin vs 1899 Hoffenheim,77,7.2,,0,1.0,1.0,43,32.0,,3.0,1.0,1.0,1.0,0,0,11.0,14.0
278453,Albian Hajdari,1899 Hoffenheim,D,1899 Hoffenheim vs Bayern München,90,6,,0,1.0,,40,33.0,,3.0,2.0,2.0,1.0,0,0,5.0,6.0
278453,Albian Hajdari,1899 Hoffenheim,D,1899 Hoffenheim vs 1. FC Köln,90,6.9,,0,,,77,66.0,,,1.0,,,0,0,2.0,8.0
278453,Albian Hajdari,1899 Hoffenheim,D,FC St. Pauli vs 1899 Hoffenheim,86,7.2,,0,,,67,58.0,,,3.0,2.0,2.0,1,0,3.0,7.0
278453,Albian Hajdari,1899 Hoffenheim,D,1899 Hoffenheim vs 1. FC Heidenheim,90,7.2,,0,1.0,,80,67.0,,1.0,1.0,3.0,2.0,1,0,9.0,18.0
278453,Albian Hajdari,1899 Hoffenheim,D,VfL Wolfsburg vs 1899 Hoffenheim,45,6.7,,0,,,40,33.0,,1.0,,1.0,1.0,1,0,3.0,4.0
278453,Albian Hajdari,1899 Hoffenheim,D,1899 Hoffenheim vs RB Leipzig,90,7.7,1.0,0,1.0,1.0,46,42.0,,2.0,2.0,2.0,3.0,0,0,6.0,12.0
278453,Albian Hajdari,1899 Hoffenheim,D,FSV Mainz 05 vs 1899 Hoffenheim,90,6.9,,0,,,54,40.0,,2.0,1.0,1.0,2.0,0,0,7.0,14.0
278453,Albian Hajdari,1899 Hoffenheim,D,1899 Hoffenheim vs FC Augsburg,90,7.9,,0,,,60,48.0,,3.0,1.0,2.0,,0,0,9.0,13.0
278453,Albian Hajdari,1899 Hoffenheim,D,Borussia Dortmund vs 1899 Hoffenheim,90,6.6,,0,,,68,56.0,,4.0,1.0,2.0,1.0,1,0,7.0,11.0
278453,Albian Hajdari,1899 Hoffenheim,D,1899 Hoffenheim vs Hamburger SV,90,6.9,,0,,,58,48.0,,5.0,1.0,2.0,1.0,0,0,7.0,12.0
278453,Albian Hajdari,1899 Hoffenheim,D,VfB Stuttgart vs 1899 Hoffenheim,73,7.2,,0,1.0,1.0,44,32.0,,2.0,2.0,3.0,1.0,1,0,5.0,10.0
278453,Albian Hajdari,1899 Hoffenheim,D,1899 Hoffenheim vs Bayer Leverkusen,90,7.3,,0,1.0,,25,21.0,,2.0,1.0,1.0,1.0,0,0,5.0,10.0
278453,Albian Hajdari,1899 Hoffenheim,D,Eintracht Frankfurt vs 1899 Hoffenheim,90,7.2,,0,,,87,77.0,,1.0,2.0,3.0,2.0,1,0,4.0,8.0
278453,Albian Hajdari,1899 Hoffenheim,D,Werder Bremen vs 1899 Hoffenheim,90,7.2,,0,,,36,30.0,,,,1.0,2.0,0,0,3.0,9.0
278453,Albian Hajdari,1899 Hoffenheim,D,1899 Hoffenheim vs Union Berlin,90,7.2,,0,,,36,29.0,,3.0,,,,1,0,7.0,11.0
278453,Albian Hajdari,1899 Hoffenheim,D,Bayern München vs 1899 Hoffenheim,90,6,,0,,,53,44.0,,5.0,1.0,3.0,,0,0,6.0,13.0
278453,Albian Hajdari,1899 Hoffenheim,D,1899 Hoffenheim vs SC Freiburg,90,7.2,,0,,,53,37.0,,2.0,1.0,,,0,0,2.0,3.0
278453,Albian Hajdari,1899 Hoffenheim,D,1. FC Köln vs 1899 Hoffenheim,90,6.9,,1,,,59,44.0,,1.0,1.0,1.0,,1,0,5.0,10.0
387973,Max Moerstedt,1899 Hoffenheim,F,1899 Hoffenheim vs Eintracht Frankfurt,18,6.3,,0,1.0,,2,2.0,,1.0,,1.0,,0,0,2.0,4.0
387973,Max Moerstedt,1899 Hoffenheim,F,Union Berlin vs 1899 Hoffenheim,24,6.2,,0,,,7,5.0,,1.0,,1.0,,0,0,2.0,6.0
387973,Max Moerstedt,1899 Hoffenheim,F,1899 Hoffenheim vs 1. FC Köln,20,6.7,,0,,,8,7.0,,1.0,,,,0,0,2.0,3.0
387973,Max Moerstedt,1899 Hoffenheim,F,FC St. Pauli vs 1899 Hoffenheim,14,6.3,,0,,,4,4.0,,1.0,,,,0,0,1.0,2.0
387973,Max Moerstedt,1899 Hoffenheim,F,1899 Hoffenheim vs 1. FC Heidenheim,14,6.3,,0,,,4,2.0,,,,2.0,,0,0,1.0,6.0
387973,Max Moerstedt,1899 Hoffenheim,F,VfL Wolfsburg vs 1899 Hoffenheim,27,6.7,,0,,,11,8.0,,,,,,0,0,3.0,6.0
387973,Max Moerstedt,1899 Hoffenheim,F,FSV Mainz 05 vs 1899 Hoffenheim,13,6.3,,0,,,6,4.0,,,,,1.0,0,0,2.0,4.0
387973,Max Moerstedt,1899 Hoffenheim,F,1899 Hoffenheim vs FC Augsburg,30,6.2,,0,,,11,7.0,,,,1.0,,1,0,1.0,5.0
387973,Max Moerstedt,1899 Hoffenheim,F,Borussia Dortmund vs 1899 Hoffenheim,10,6.7,,0,,,5,4.0,,1.0,,,,0,0,1.0,1.0
387973,Max Moerstedt,1899 Hoffenheim,F,1899 Hoffenheim vs Borussia Mönchengladbach,13,7.5,1.0,0,1.0,1.0,3,2.0,,,,,,0,0,1.0,2.0
387973,Max Moerstedt,1899 Hoffenheim,F,1899 Hoffenheim vs Bayer Leverkusen,11,6.5,,0,1.0,1.0,4,4.0,,,,,1.0,0,0,1.0,3.0
387973,Max Moerstedt,1899 Hoffenheim,F,Eintracht Frankfurt vs 1899 Hoffenheim,76,7.2,1.0,0,1.0,1.0,9,7.0,,,,1.0,1.0,0,0,3.0,7.0
387973,Max Moerstedt,1899 Hoffenheim,F,Werder Bremen vs 1899 Hoffenheim,14,6.5,,0,,,4,2.0,,,,,,0,0,,1.0
387973,Max Moerstedt,1899 Hoffenheim,F,1899 Hoffenheim vs Union Berlin,45,6.7,,0,1.0,,6,4.0,,1.0,,3.0,4.0,0,0,6.0,13.0
387973,Max Moerstedt,1899 Hoffenheim,F,Bayern München vs 1899 Hoffenheim,9,6.5,,0,,,1,,,,,,,0,0,,1.0
387973,Max Moerstedt,1899 Hoffenheim,F,1899 Hoffenheim vs SC Freiburg,16,6.2,,0,,,5,4.0,,,,2.0,,0,0,,2.0
8451,Aurélio Buta,Eintracht Frankfurt,D,1899 Hoffenheim vs Eintracht Frankfurt,12,6.2,,0,,,3,1.0,,,,1.0,,1,0,1.0,4.0
8451,Aurélio Buta,Eintracht Frankfurt,D,Borussia Mönchengladbach vs Eintracht Frankfurt,33,5.3,,0,,,20,18.0,,1.0,,,,0,0,1.0,4.0
8451,Aurélio Buta,Eintracht Frankfurt,D,Eintracht Frankfurt vs Bayern München,90,6.3,,0,1.0,,41,32.0,,5.0,,2.0,2.0,0,0,7.0,10.0
8451,Aurélio Buta,Eintracht Frankfurt,D,Hamburger SV vs Eintracht Frankfurt,16,6.7,,0,,,4,2.0,,,,,,0,0,,
2927,Michy Batshuayi,Eintracht Frankfurt,F,1899 Hoffenheim vs Eintracht Frankfurt,13,6.3,,0,,,4,2.0,,1.0,,,,0,0,2.0,5.0
2927,Michy Batshuayi,Eintracht Frankfurt,F,Bayer Leverkusen vs Eintracht Frankfurt,19,6.2,,0,,,6,4.0,,,,1.0,,0,0,,3.0
2927,Michy Batshuayi,Eintracht Frankfurt,F,Eintracht Frankfurt vs Union Berlin,21,6.6,,0,,,7,7.0,,,,,,0,0,1.0,2.0
2927,Michy Batshuayi,Eintracht Frankfurt,F,1. FC Heidenheim vs Eintracht Frankfurt,14,6.3,,0,,,2,1.0,,,,1.0,,0,0,,2.0
2927,Michy Batshuayi,Eintracht Frankfurt,F,Eintracht Frankfurt vs VfL Wolfsburg,28,7,1.0,0,1.0,1.0,6,4.0,,,,,,0,0,1.0,3.0
2927,Michy Batshuayi,Eintracht Frankfurt,F,RB Leipzig vs Eintracht Frankfurt,45,5.9,,0,1.0,,13,10.0,,,,,1.0,0,0,2.0,8.0
394734,Finn Jeltsch,VfB Stuttgart,D,VfB Stuttgart vs Borussia Mönchengladbach,90,7.2,,0,,,56,53.0,,2.0,1.0,,2.0,0,0,6.0,9.0
394734,Finn Jeltsch,VfB Stuttgart,D,SC Freiburg vs VfB Stuttgart,90,5.5,,0,1.0,,61,52.0,,2.0,2.0,1.0,,0,0,3.0,5.0
394734,Finn Jeltsch,VfB Stuttgart,D,VfB Stuttgart vs FC St. Pauli,90,7.5,,0,,,75,68.0,,2.0,,,1.0,0,0,4.0,7.0
394734,Finn Jeltsch,VfB Stuttgart,D,VfB Stuttgart vs FSV Mainz 05,90,6.9,,0,,,55,51.0,,1.0,,1.0,1.0,1,0,5.0,10.0
394734,Finn Jeltsch,VfB Stuttgart,D,VfB Stuttgart vs FC Augsburg,90,6.3,,0,1.0,,77,71.0,,1.0,3.0,1.0,1.0,0,0,4.0,7.0
394734,Finn Jeltsch,VfB Stuttgart,D,Borussia Dortmund vs VfB Stuttgart,90,6,,0,,,58,52.0,,1.0,2.0,1.0,,1,0,1.0,2.0
394734,Finn Jeltsch,VfB Stuttgart,D,Werder Bremen vs VfB Stuttgart,89,7.3,,1,,,63,59.0,,,,1.0,2.0,0,0,6.0,9.0
394734,Finn Jeltsch,VfB Stuttgart,D,VfB Stuttgart vs 1899 Hoffenheim,45,7.2,,0,,,20,20.0,,1.0,2.0,1.0,3.0,0,0,5.0,8.0
394734,Finn Jeltsch,VfB Stuttgart,D,Bayer Leverkusen vs VfB Stuttgart,18,6.9,,0,,,12,11.0,,,,1.0,,1,0,2.0,3.0
394734,Finn Jeltsch,VfB Stuttgart,D,VfB Stuttgart vs Eintracht Frankfurt,16,6.5,,0,,,7,7.0,,,,,,0,0,,1.0
394734,Finn Jeltsch,VfB Stuttgart,D,VfB Stuttgart vs Union Berlin,14,6.3,,0,,,11,10.0,,1.0,2.0,,,0,0,1.0,1.0
394734,Finn Jeltsch,VfB Stuttgart,D,Borussia Mönchengladbach vs VfB Stuttgart,90,6.9,,0,,,57,51.0,,,,,,0,0,1.0,2.0
394734,Finn Jeltsch,VfB Stuttgart,D,VfB Stuttgart vs SC Freiburg,90,7.3,,0,,,63,55.0,,2.0,,1.0,3.0,0,0,6.0,12.0
394734,Finn Jeltsch,VfB Stuttgart,D,FC St. Pauli vs VfB Stuttgart,90,7.2,,0,,,103,97.0,,1.0,1.0,,,0,0,5.0,6.0
394734,Finn Jeltsch,VfB Stuttgart,D,VfB Stuttgart vs 1. FC Köln,90,6.9,,0,,,49,43.0,,1.0,,,,0,0,4.0,7.0
388871,Chema Andrés,VfB Stuttgart,M,VfB Stuttgart vs Borussia Mönchengladbach,26,7.9,1.0,0,1.0,1.0,11,10.0,,,1.0,,1.0,0,0,1.0,1.0
388871,Chema Andrés,VfB Stuttgart,M,SC Freiburg vs VfB Stuttgart,14,6.2,,0,,,7,4.0,,,,,,0,0,2.0,4.0
388871,Chema Andrés,VfB Stuttgart,M,VfB Stuttgart vs FC St. Pauli,89,7.5,,0,1.0,,54,47.0,,4.0,5.0,2.0,,0,0,9.0,12.0
388871,Chema Andrés,VfB Stuttgart,M,VfB Stuttgart vs 1. FC Heidenheim,90,7.5,,0,,,59,55.0,,3.0,3.0,1.0,,0,0,6.0,10.0
388871,Chema Andrés,VfB Stuttgart,M,VfL Wolfsburg vs VfB Stuttgart,90,7.2,,0,2.0,1.0,51,43.0,,1.0,3.0,1.0,2.0,0,0,8.0,16.0
388871,Chema Andrés,VfB Stuttgart,M,VfB Stuttgart vs FSV Mainz 05,90,7,,0,,,50,37.0,,2.0,1.0,1.0,,0,0,6.0,6.0
388871,Chema Andrés,VfB Stuttgart,M,Borussia Dortmund vs VfB Stuttgart,80,6.7,,0,,,39,35.0,,3.0,2.0,,1.0,0,0,5.0,7.0
388871,Chema Andrés,VfB Stuttgart,M,Hamburger SV vs VfB Stuttgart,90,6.3,,0,1.0,1.0,59,54.0,,1.0,1.0,4.0,,1,0,4.0,11.0
388871,Chema Andrés,VfB Stuttgart,M,VfB Stuttgart vs Bayern München,90,7.2,,0,1.0,,35,29.0,,2.0,1.0,,1.0,0,0,5.0,8.0
388871,Chema Andrés,VfB Stuttgart,M,Bayer Leverkusen vs VfB Stuttgart,2,,,0,,,2,2.0,,,,,,0,0,,
388871,Chema Andrés,VfB Stuttgart,M,Borussia Mönchengladbach vs VfB Stuttgart,11,6.5,,0,,,15,10.0,,,,,,0,0,,1.0
388871,Chema Andrés,VfB Stuttgart,M,VfB Stuttgart vs SC Freiburg,13,6.6,,0,,,7,5.0,,1.0,1.0,1.0,,0,0,2.0,4.0
388871,Chema Andrés,VfB Stuttgart,M,FC St. Pauli vs VfB Stuttgart,12,6.9,,0,,,11,10.0,,,,,,0,0,1.0,2.0
388871,Chema Andrés,VfB Stuttgart,M,VfB Stuttgart vs 1. FC Köln,83,6.7,,0,1.0,,46,42.0,,1.0,1.0,1.0,,0,0,3.0,8.0
388871,Chema Andrés,VfB Stuttgart,M,1. FC Heidenheim vs VfB Stuttgart,90,7.3,,0,,,49,40.0,,3.0,4.0,1.0,1.0,1,0,8.0,11.0
180731,Lorenz Assignon,VfB Stuttgart,D,VfB Stuttgart vs Borussia Mönchengladbach,16,6.9,,0,,,2,2.0,,2.0,,1.0,,0,0,2.0,3.0
180731,Lorenz Assignon,VfB Stuttgart,D,SC Freiburg vs VfB Stuttgart,11,6.2,,0,,,1,1.0,,,,,,0,0,,
180731,Lorenz Assignon,VfB Stuttgart,D,VfB Stuttgart vs FC St. Pauli,90,6.9,,0,2.0,2.0,34,30.0,,1.0,1.0,4.0,1.0,0,0,5.0,10.0
180731,Lorenz Assignon,VfB Stuttgart,D,VfB Stuttgart vs 1. FC Heidenheim,90,7.2,,0,1.0,1.0,32,28.0,,2.0,,2.0,,0,0,4.0,12.0
180731,Lorenz Assignon,VfB Stuttgart,D,VfL Wolfsburg vs VfB Stuttgart,90,7.2,,0,,,60,48.0,,,,,2.0,0,0,5.0,9.0
180731,Lorenz Assignon,VfB Stuttgart,D,VfB Stuttgart vs FSV Mainz 05,28,6.3,,0,1.0,,5,4.0,,,2.0,2.0,,1,0,1.0,5.0
180731,Lorenz Assignon,VfB Stuttgart,D,VfB Stuttgart vs FC Augsburg,89,5.3,,0,,,50,39.0,,,3.0,1.0,,1,0,1.0,8.0
180731,Lorenz Assignon,VfB Stuttgart,D,Borussia Dortmund vs VfB Stuttgart,90,5.3,,0,1.0,,30,24.0,,2.0,2.0,2.0,,0,0,3.0,12.0
180731,Lorenz Assignon,VfB Stuttgart,D,VfB Stuttgart vs Bayern München,7,4.5,,0,,,1,,,,,1.0,,0,1,1.0,1.0
180731,Lorenz Assignon,VfB Stuttgart,D,Bayer Leverkusen vs VfB Stuttgart,11,6.9,,0,,,8,7.0,,1.0,1.0,,,0,0,2.0,3.0
180731,Lorenz Assignon,VfB Stuttgart,D,FC St. Pauli vs VfB Stuttgart,21,6.6,,0,1.0,,15,13.0,,1.0,,1.0,,0,0,2.0,4.0
180731,Lorenz Assignon,VfB Stuttgart,D,VfB Stuttgart vs 1. FC Köln,77,7.2,,0,1.0,,33,29.0,,4.0,,2.0,,0,0,4.0,7.0
180731,Lorenz Assignon,VfB Stuttgart,D,1. FC Heidenheim vs VfB Stuttgart,78,6.2,,0,,,38,30.0,,1.0,,,1.0,0,0,5.0,7.0
24806,Nikolas Nartey,VfB Stuttgart,M,VfB Stuttgart vs Borussia Mönchengladbach,16,6.9,,0,,,9,7.0,,3.0,,,,0,0,3.0,4.0
24806,Nikolas Nartey,VfB Stuttgart,M,1. FC Köln vs VfB Stuttgart,10,6.7,,0,,,4,2.0,,,,,,0,0,1.0,2.0
24806,Nikolas Nartey,VfB Stuttgart,M,VfL Wolfsburg vs VfB Stuttgart,67,6.6,,0,,,17,14.0,,,,1.0,3.0,0,0,5.0,9.0
24806,Nikolas Nartey,VfB Stuttgart,M,VfB Stuttgart vs FSV Mainz 05,62,6.9,,0,,,33,28.0,,1.0,1.0,,,0,0,3.0,5.0
24806,Nikolas Nartey,VfB Stuttgart,M,RB Leipzig vs VfB Stuttgart,32,6.6,,0,,,18,16.0,,,1.0,,,0,0,2.0,5.0
24806,Nikolas Nartey,VfB Stuttgart,M,VfB Stuttgart vs FC Augsburg,16,7.3,,0,1.0,1.0,14,14.0,,,,,,1,0,2.0,2.0
24806,Nikolas Nartey,VfB Stuttgart,M,Borussia Dortmund vs VfB Stuttgart,10,6.7,,0,,,7,6.0,,,,1.0,,0,0,1.0,1.0
24806,Nikolas Nartey,VfB Stuttgart,M,Hamburger SV vs VfB Stuttgart,57,6.3,,0,1.0,,32,28.0,,,,2.0,1.0,0,0,2.0,6.0
24806,Nikolas Nartey,VfB Stuttgart,M,VfB Stuttgart vs Bayern München,61,6.9,,0,1.0,,15,14.0,,,1.0,,2.0,0,0,4.0,5.0
24806,Nikolas Nartey,VfB Stuttgart,M,Werder Bremen vs VfB Stuttgart,76,7.2,,0,1.0,,38,31.0,,2.0,3.0,,2.0,0,0,6.0,8.0
24806,Nikolas Nartey,VfB Stuttgart,M,VfB Stuttgart vs 1899 Hoffenheim,90,6.6,,0,2.0,1.0,27,20.0,,1.0,1.0,2.0,2.0,0,0,10.0,18.0
24806,Nikolas Nartey,VfB Stuttgart,M,Bayer Leverkusen vs VfB Stuttgart,88,6.6,,0,,,24,20.0,,,,1.0,2.0,0,0,7.0,12.0
24806,Nikolas Nartey,VfB Stuttgart,M,VfB Stuttgart vs Eintracht Frankfurt,31,6.9,1.0,0,1.0,1.0,8,7.0,,,,1.0,,0,0,2.0,4.0
24806,Nikolas Nartey,VfB Stuttgart,M,VfB Stuttgart vs Union Berlin,75,6.3,,0,,,24,19.0,,1.0,,1.0,,0,0,2.0,4.0
24806,Nikolas Nartey,VfB Stuttgart,M,Borussia Mönchengladbach vs VfB Stuttgart,79,6.9,,0,3.0,3.0,29,25.0,,1.0,1.0,1.0,1.0,0,0,4.0,6.0
24806,Nikolas Nartey,VfB Stuttgart,M,VfB Stuttgart vs SC Freiburg,59,7.2,,0,2.0,1.0,24,18.0,,1.0,1.0,1.0,,0,0,3.0,6.0
24806,Nikolas Nartey,VfB Stuttgart,M,1. FC Heidenheim vs VfB Stuttgart,24,6.6,,1,,,13,11.0,,,,,,0,0,2.0,2.0
280427,Grant-Leon Ranos,Borussia Mönchengladbach,F,VfB Stuttgart vs Borussia Mönchengladbach,10,6.2,,0,,,5,4.0,,,,,,0,0,,2.0
280427,Grant-Leon Ranos,Borussia Mönchengladbach,F,Borussia Mönchengladbach vs Werder Bremen,16,6.3,,0,,,8,7.0,,,1.0,,,0,0,1.0,3.0
280427,Grant-Leon Ranos,Borussia Mönchengladbach,F,Bayer Leverkusen vs Borussia Mönchengladbach,10,6.3,,0,,,0,,,,,,,1,0,,1.0
280427,Grant-Leon Ranos,Borussia Mönchengladbach,F,Borussia Mönchengladbach vs Eintracht Frankfurt,8,7.5,1.0,0,1.0,1.0,3,2.0,,,,,,0,0,,1.0
280427,Grant-Leon Ranos,Borussia Mönchengladbach,F,Borussia Mönchengladbach vs SC Freiburg,9,6.2,,0,,,5,5.0,,,,1.0,,0,0,,2.0
280427,Grant-Leon Ranos,Borussia Mönchengladbach,F,FSV Mainz 05 vs Borussia Mönchengladbach,11,6.7,,0,,,3,2.0,,,,,1.0,0,0,1.0,2.0
280427,Grant-Leon Ranos,Borussia Mönchengladbach,F,Borussia Mönchengladbach vs VfL Wolfsburg,33,6.3,,0,3.0,1.0,10,10.0,,,,,,0,0,2.0,2.0
280427,Grant-Leon Ranos,Borussia Mönchengladbach,F,Borussia Dortmund vs Borussia Mönchengladbach,25,6.2,,0,,,9,6.0,,1.0,,,,0,0,1.0,5.0
203011,Julian Niehues,1. FC Heidenheim,M,RB Leipzig vs 1. FC Heidenheim,32,6.7,,0,,,13,11.0,,1.0,,,,0,0,2.0,5.0
203011,Julian Niehues,1. FC Heidenheim,M,1. FC Heidenheim vs FC Augsburg,75,7.2,,0,,,23,19.0,,1.0,1.0,1.0,2.0,0,0,6.0,10.0
203011,Julian Niehues,1. FC Heidenheim,M,VfB Stuttgart vs 1. FC Heidenheim,80,6.5,,0,,,27,21.0,,,3.0,2.0,,0,0,1.0,4.0
203011,Julian Niehues,1. FC Heidenheim,M,1. FC Heidenheim vs Werder Bremen,11,6.9,,0,,,3,2.0,,,,,,0,0,1.0,1.0
203011,Julian Niehues,1. FC Heidenheim,M,1899 Hoffenheim vs 1. FC Heidenheim,45,6.9,,0,,,23,17.0,,,1.0,,1.0,0,0,3.0,3.0
203011,Julian Niehues,1. FC Heidenheim,M,1. FC Heidenheim vs Eintracht Frankfurt,70,6.7,,0,1.0,1.0,25,19.0,,,2.0,,,0,0,1.0,4.0
203011,Julian Niehues,1. FC Heidenheim,M,Bayer Leverkusen vs 1. FC Heidenheim,33,6.2,,0,,,10,10.0,,,1.0,,,0,0,,1.0
203011,Julian Niehues,1. FC Heidenheim,M,Union Berlin vs 1. FC Heidenheim,90,6.9,,0,2.0,,34,23.0,,4.0,1.0,2.0,1.0,0,0,11.0,17.0
203011,Julian Niehues,1. FC Heidenheim,M,1. FC Heidenheim vs SC Freiburg,70,6.6,,0,,,24,16.0,,,2.0,,1.0,0,0,4.0,5.0
203011,Julian Niehues,1. FC Heidenheim,M,FC St. Pauli vs 1. FC Heidenheim,78,6.3,,0,1.0,1.0,77,68.0,,,,,,0,0,2.0,4.0
203011,Julian Niehues,1. FC Heidenheim,M,1. FC Heidenheim vs Bayern München,24,6.5,,0,,,13,12.0,,1.0,1.0,,,0,0,1.0,4.0
203011,Julian Niehues,1. FC Heidenheim,M,1. FC Heidenheim vs 1. FC Köln,90,7.5,1.0,0,1.0,1.0,56,45.0,,1.0,1.0,1.0,,0,0,2.0,6.0
203011,Julian Niehues,1. FC Heidenheim,M,FSV Mainz 05 vs 1. FC Heidenheim,75,6.2,,0,,,54,43.0,,3.0,1.0,,,0,0,6.0,7.0
203011,Julian Niehues,1. FC Heidenheim,M,1. FC Heidenheim vs RB Leipzig,9,6.7,,0,,,0,,,,,,,0,0,,
203011,Julian Niehues,1. FC Heidenheim,M,Borussia Dortmund vs 1. FC Heidenheim,70,8.5,2.0,0,3.0,2.0,16,11.0,,1.0,,1.0,,1,0,1.0,6.0
203011,Julian Niehues,1. FC Heidenheim,M,1. FC Heidenheim vs Hamburger SV,64,6.9,,0,2.0,,24,21.0,,,,,1.0,0,0,1.0,2.0
203011,Julian Niehues,1. FC Heidenheim,M,FC Augsburg vs 1. FC Heidenheim,81,6.7,,0,1.0,,42,37.0,,,1.0,1.0,,0,0,1.0,4.0
203011,Julian Niehues,1. FC Heidenheim,M,1. FC Heidenheim vs VfB Stuttgart,75,6.7,,0,,,15,11.0,,,,,,0,0,1.0,3.0
125720,Sirlord Conteh,1. FC Heidenheim,F,RB Leipzig vs 1. FC Heidenheim,32,6.9,,0,1.0,1.0,3,2.0,,,1.0,1.0,1.0,1,0,1.0,2.0
125720,Sirlord Conteh,1. FC Heidenheim,F,1. FC Heidenheim vs Borussia Dortmund,45,6.7,,0,,,8,4.0,,1.0,1.0,,1.0,0,0,4.0,9.0
125720,Sirlord Conteh,1. FC Heidenheim,F,Hamburger SV vs 1. FC Heidenheim,90,6.5,,0,1.0,,13,11.0,,,,2.0,2.0,0,0,5.0,8.0
125720,Sirlord Conteh,1. FC Heidenheim,F,1. FC Heidenheim vs FC Augsburg,68,8.3,1.0,1,3.0,1.0,17,14.0,,2.0,,,3.0,0,0,6.0,11.0
125720,Sirlord Conteh,1. FC Heidenheim,F,1. FC Heidenheim vs Bayern München,24,6.3,,0,,,5,4.0,,,,,,0,0,,1.0
125720,Sirlord Conteh,1. FC Heidenheim,F,1. FC Heidenheim vs 1. FC Köln,83,5.9,,0,1.0,,18,13.0,,2.0,1.0,,,0,0,3.0,7.0
125720,Sirlord Conteh,1. FC Heidenheim,F,FSV Mainz 05 vs 1. FC Heidenheim,45,6.2,,0,1.0,,7,3.0,,,,1.0,,0,0,1.0,3.0
125720,Sirlord Conteh,1. FC Heidenheim,F,1. FC Heidenheim vs RB Leipzig,27,6.3,,0,,,2,,,1.0,,,,0,0,1.0,3.0
125720,Sirlord Conteh,1. FC Heidenheim,F,Borussia Dortmund vs 1. FC Heidenheim,10,6.5,,0,1.0,,4,2.0,,,,,,0,0,,
125720,Sirlord Conteh,1. FC Heidenheim,F,1. FC Heidenheim vs Hamburger SV,45,6.3,,0,,,11,4.0,,1.0,,,,0,0,1.0,2.0
125720,Sirlord Conteh,1. FC Heidenheim,F,FC Augsburg vs 1. FC Heidenheim,26,6.5,,0,,,12,7.0,,,,1.0,,0,0,1.0,2.0
125720,Sirlord Conteh,1. FC Heidenheim,F,1. FC Heidenheim vs VfB Stuttgart,26,6.6,1.0,0,1.0,1.0,6,2.0,,,,1.0,,0,0,,4.0
279993,Anton Kade,FC Augsburg,M,FC Augsburg vs Bayern München,26,6.9,,0,1.0,,7,4.0,,,,1.0,,0,0,2.0,4.0
279993,Anton Kade,FC Augsburg,M,FC Augsburg vs VfL Wolfsburg,19,6.6,,0,,,9,9.0,,1.0,,,,0,0,1.0,2.0
279993,Anton Kade,FC Augsburg,M,1. FC Köln vs FC Augsburg,89,6.6,,0,1.0,,24,15.0,,1.0,1.0,1.0,2.0,1,0,8.0,20.0
279993,Anton Kade,FC Augsburg,M,FC Augsburg vs RB Leipzig,77,6.7,,0,,,31,24.0,,2.0,,,1.0,0,0,6.0,7.0
279993,Anton Kade,FC Augsburg,M,FC Augsburg vs Borussia Dortmund,27,6.7,,0,1.0,,8,5.0,,1.0,,,1.0,0,0,3.0,3.0
279993,Anton Kade,FC Augsburg,M,VfB Stuttgart vs FC Augsburg,81,6.3,,0,3.0,2.0,13,11.0,,1.0,,1.0,,0,0,5.0,11.0
279993,Anton Kade,FC Augsburg,M,FC Augsburg vs Hamburger SV,90,7.9,1.0,0,2.0,2.0,27,24.0,,2.0,1.0,,,0,0,3.0,6.0
279993,Anton Kade,FC Augsburg,M,1899 Hoffenheim vs FC Augsburg,82,6,,0,1.0,,28,16.0,,1.0,1.0,1.0,,0,0,5.0,12.0
279993,Anton Kade,FC Augsburg,M,FC Augsburg vs Bayer Leverkusen,89,8.2,1.0,0,4.0,3.0,30,20.0,,,1.0,,,1,0,5.0,8.0
279993,Anton Kade,FC Augsburg,M,Eintracht Frankfurt vs FC Augsburg,90,6.3,,0,,,23,18.0,,1.0,,1.0,2.0,0,0,5.0,13.0
279993,Anton Kade,FC Augsburg,M,Borussia Mönchengladbach vs FC Augsburg,62,6.6,,0,3.0,1.0,18,15.0,,2.0,,,2.0,0,0,4.0,6.0
279993,Anton Kade,FC Augsburg,M,FC Augsburg vs Union Berlin,75,7,,0,1.0,1.0,20,16.0,,2.0,,1.0,,0,0,4.0,8.0
279993,Anton Kade,FC Augsburg,M,FC Augsburg vs SC Freiburg,15,6.7,,0,,,5,2.0,,,,,,0,0,,
279993,Anton Kade,FC Augsburg,M,Bayern München vs FC Augsburg,63,6.2,,0,,,6,4.0,,,,,,0,0,2.0,5.0
279993,Anton Kade,FC Augsburg,M,FC Augsburg vs FC St. Pauli,30,6.2,,0,,,7,5.0,,,1.0,3.0,,0,0,,3.0
279993,Anton Kade,FC Augsburg,M,FSV Mainz 05 vs FC Augsburg,33,6.2,,0,,,21,16.0,,,1.0,1.0,,1,0,1.0,4.0
279993,Anton Kade,FC Augsburg,M,FC Augsburg vs 1. FC Heidenheim,59,6.6,,0,,,24,20.0,,1.0,,1.0,,0,0,3.0,7.0
279993,Anton Kade,FC Augsburg,M,FC Augsburg vs 1. FC Köln,8,7.2,,0,,,5,3.0,,,,1.0,,0,0,1.0,2.0
413065,Noahkai Banks,FC Augsburg,D,FC Augsburg vs Bayern München,13,7.2,,0,,,2,1.0,,1.0,1.0,,,0,0,1.0,1.0
413065,Noahkai Banks,FC Augsburg,D,1. FC Heidenheim vs FC Augsburg,31,7.3,,0,,,24,22.0,,2.0,1.0,1.0,1.0,0,0,5.0,7.0
413065,Noahkai Banks,FC Augsburg,D,FC Augsburg vs VfL Wolfsburg,84,7.5,1.0,0,1.0,1.0,49,43.0,,1.0,,2.0,1.0,1,0,5.0,9.0
413065,Noahkai Banks,FC Augsburg,D,1. FC Köln vs FC Augsburg,85,6.5,,0,,,33,29.0,,1.0,1.0,3.0,1.0,0,0,2.0,5.0
413065,Noahkai Banks,FC Augsburg,D,FC Augsburg vs RB Leipzig,90,5.5,,0,,,62,58.0,,1.0,,1.0,,1,0,2.0,4.0
413065,Noahkai Banks,FC Augsburg,D,FC Augsburg vs Borussia Dortmund,90,6.6,,0,1.0,1.0,48,45.0,,,1.0,2.0,1.0,0,0,2.0,6.0
413065,Noahkai Banks,FC Augsburg,D,VfB Stuttgart vs FC Augsburg,62,6.9,,0,,,15,13.0,,2.0,1.0,,2.0,0,0,5.0,5.0
413065,Noahkai Banks,FC Augsburg,D,FC Augsburg vs Hamburger SV,90,7,,0,,,43,39.0,,2.0,,2.0,,0,0,4.0,10.0
413065,Noahkai Banks,FC Augsburg,D,1899 Hoffenheim vs FC Augsburg,90,6.3,,0,,,33,27.0,,1.0,1.0,,,0,0,6.0,9.0
413065,Noahkai Banks,FC Augsburg,D,FC Augsburg vs Bayer Leverkusen,90,7.7,,0,,,32,29.0,,3.0,,2.0,2.0,1,0,8.0,13.0
413065,Noahkai Banks,FC Augsburg,D,Eintracht Frankfurt vs FC Augsburg,90,7.2,,0,,,47,42.0,,5.0,,1.0,1.0,0,0,8.0,13.0
413065,Noahkai Banks,FC Augsburg,D,FC Augsburg vs Werder Bremen,90,7,,0,,,50,44.0,,2.0,1.0,3.0,2.0,1,0,5.0,10.0
413065,Noahkai Banks,FC Augsburg,D,Borussia Mönchengladbach vs FC Augsburg,90,7.2,,0,,,49,44.0,,7.0,1.0,,1.0,0,0,9.0,12.0
413065,Noahkai Banks,FC Augsburg,D,FC Augsburg vs Union Berlin,90,7,,0,1.0,1.0,67,61.0,,1.0,3.0,2.0,2.0,0,0,4.0,7.0
413065,Noahkai Banks,FC Augsburg,D,FC Augsburg vs SC Freiburg,90,7.3,,0,,,37,36.0,,4.0,1.0,1.0,,1,0,6.0,9.0
413065,Noahkai Banks,FC Augsburg,D,FC Augsburg vs FC St. Pauli,90,7.3,,0,1.0,1.0,52,45.0,,2.0,,2.0,1.0,1,0,6.0,9.0
413065,Noahkai Banks,FC Augsburg,D,FSV Mainz 05 vs FC Augsburg,45,6.3,,0,,,39,33.0,,,1.0,,,0,0,2.0,3.0
413065,Noahkai Banks,FC Augsburg,D,FC Augsburg vs 1. FC Heidenheim,90,7.6,,0,,,39,37.0,,2.0,,,2.0,0,0,7.0,9.0
413065,Noahkai Banks,FC Augsburg,D,VfL Wolfsburg vs FC Augsburg,90,6.2,,0,,,55,49.0,,1.0,,4.0,,0,0,3.0,9.0
413065,Noahkai Banks,FC Augsburg,D,FC Augsburg vs 1. FC Köln,90,7.9,,1,2.0,1.0,34,28.0,,,1.0,1.0,,1,0,2.0,4.0
8,Raphaël Guerreiro,Bayern München,D,FC Augsburg vs Bayern München,17,6.9,,0,,,4,4.0,,1.0,,,,0,0,1.0,1.0
8,Raphaël Guerreiro,Bayern München,D,Bayern München vs Hamburger SV,18,6.9,,0,,,12,12.0,,,,,,0,0,,
8,Raphaël Guerreiro,Bayern München,D,Bayern München vs Werder Bremen,29,6.3,,0,,,17,15.0,,,,1.0,,0,0,,2.0
8,Raphaël Guerreiro,Bayern München,D,Eintracht Frankfurt vs Bayern München,19,6.9,,1,,,14,13.0,,,,,,0,0,,
8,Raphaël Guerreiro,Bayern München,D,Borussia Mönchengladbach vs Bayern München,45,8.2,1.0,1,1.0,1.0,42,40.0,,3.0,,1.0,,0,0,3.0,5.0
8,Raphaël Guerreiro,Bayern München,D,Bayern München vs Bayer Leverkusen,79,6.6,,0,1.0,,46,39.0,,1.0,,,,0,0,3.0,4.0
8,Raphaël Guerreiro,Bayern München,D,Bayern München vs FC St. Pauli,65,7.3,1.0,0,1.0,1.0,43,41.0,,,,,1.0,0,0,3.0,4.0
8,Raphaël Guerreiro,Bayern München,D,VfB Stuttgart vs Bayern München,60,6.3,,0,,,16,10.0,,,,,,0,0,,2.0
8,Raphaël Guerreiro,Bayern München,D,1. FC Heidenheim vs Bayern München,72,6.6,,0,,,76,69.0,,1.0,1.0,,,0,0,1.0,3.0
8,Raphaël Guerreiro,Bayern München,D,Bayern München vs VfL Wolfsburg,33,7.7,1.0,0,1.0,1.0,27,26.0,,,,,,0,0,,3.0
8,Raphaël Guerreiro,Bayern München,D,1. FC Köln vs Bayern München,8,6.7,,0,,,6,6.0,,,,,,0,0,,1.0
549,Václav Černý,VfL Wolfsburg,M,VfL Wolfsburg vs FSV Mainz 05,45,6.6,,0,,,6,5.0,,,,,2.0,0,0,3.0,6.0
22097,Arnaud Nordin,FSV Mainz 05,F,VfL Wolfsburg vs FSV Mainz 05,81,6.6,,0,1.0,,23,22.0,,2.0,,,2.0,0,0,4.0,8.0
22097,Arnaud Nordin,FSV Mainz 05,F,FSV Mainz 05 vs RB Leipzig,75,7.2,,0,3.0,1.0,28,23.0,,,,1.0,,0,0,1.0,6.0
22097,Arnaud Nordin,FSV Mainz 05,F,FC Augsburg vs FSV Mainz 05,56,6.3,,0,,,10,8.0,,1.0,,,1.0,0,0,2.0,5.0
22097,Arnaud Nordin,FSV Mainz 05,F,FSV Mainz 05 vs Borussia Dortmund,27,6.9,,0,1.0,,11,9.0,,,,,2.0,0,0,4.0,6.0
22097,Arnaud Nordin,FSV Mainz 05,F,Hamburger SV vs FSV Mainz 05,90,6.6,,0,1.0,,42,33.0,,3.0,1.0,1.0,4.0,0,0,9.0,12.0
22097,Arnaud Nordin,FSV Mainz 05,F,FSV Mainz 05 vs Bayer Leverkusen,25,6.7,,0,1.0,,10,7.0,,,,1.0,1.0,0,0,2.0,3.0
22097,Arnaud Nordin,FSV Mainz 05,F,VfB Stuttgart vs FSV Mainz 05,11,6.3,,0,,,2,1.0,,,,,,0,0,,
22097,Arnaud Nordin,FSV Mainz 05,F,SC Freiburg vs FSV Mainz 05,54,6.5,,0,,,7,6.0,,,1.0,1.0,2.0,0,0,2.0,7.0
22097,Arnaud Nordin,FSV Mainz 05,F,FSV Mainz 05 vs Borussia Mönchengladbach,24,7.2,,0,1.0,1.0,17,16.0,,2.0,,,,0,0,2.0,2.0
22097,Arnaud Nordin,FSV Mainz 05,F,Bayern München vs FSV Mainz 05,28,6.7,,0,1.0,,6,4.0,,2.0,2.0,,,0,0,2.0,4.0
283753,Nikolas Veratschnig,FSV Mainz 05,D,VfL Wolfsburg vs FSV Mainz 05,21,6.7,,0,,,12,9.0,,,1.0,1.0,,0,0,1.0,2.0
283753,Nikolas Veratschnig,FSV Mainz 05,D,FSV Mainz 05 vs RB Leipzig,15,7.2,,0,,,7,4.0,,1.0,,,,0,0,1.0,1.0
283753,Nikolas Veratschnig,FSV Mainz 05,D,FC Augsburg vs FSV Mainz 05,15,6.9,,0,,,7,3.0,,,1.0,,,0,0,2.0,2.0
283753,Nikolas Veratschnig,FSV Mainz 05,D,Hamburger SV vs FSV Mainz 05,19,6.9,,0,,,6,4.0,,,,,1.0,0,0,3.0,4.0
283753,Nikolas Veratschnig,FSV Mainz 05,D,FSV Mainz 05 vs Bayer Leverkusen,65,6.5,,0,,,25,21.0,,1.0,,2.0,2.0,0,0,5.0,11.0
283753,Nikolas Veratschnig,FSV Mainz 05,D,VfB Stuttgart vs FSV Mainz 05,9,6.3,,0,1.0,,5,3.0,,,,,,0,0,,1.0
283753,Nikolas Veratschnig,FSV Mainz 05,D,FSV Mainz 05 vs Werder Bremen,13,6.2,,0,,,8,5.0,,,1.0,2.0,,1,0,1.0,3.0
283753,Nikolas Veratschnig,FSV Mainz 05,D,FSV Mainz 05 vs Borussia Mönchengladbach,13,6.7,,0,,,9,8.0,,,,,,1,0,,1.0
283753,Nikolas Veratschnig,FSV Mainz 05,D,Bayern München vs FSV Mainz 05,90,6.2,,0,,,16,6.0,,2.0,4.0,3.0,2.0,0,0,4.0,11.0
283753,Nikolas Veratschnig,FSV Mainz 05,D,FSV Mainz 05 vs FC St. Pauli,11,6.9,,0,,,4,3.0,,,,,1.0,0,0,1.0,1.0
283753,Nikolas Veratschnig,FSV Mainz 05,D,Union Berlin vs FSV Mainz 05,90,6.9,,1,,,22,12.0,,1.0,,,1.0,0,0,3.0,11.0
283753,Nikolas Veratschnig,FSV Mainz 05,D,FSV Mainz 05 vs 1. FC Heidenheim,34,6.9,,0,1.0,1.0,10,8.0,,,,,,0,0,2.0,2.0
283753,Nikolas Veratschnig,FSV Mainz 05,D,FSV Mainz 05 vs Hamburger SV,31,6.2,,0,,,11,10.0,,1.0,,2.0,,0,0,1.0,5.0
287932,Ben Justus Bobzien,FSV Mainz 05,F,VfL Wolfsburg vs FSV Mainz 05,9,6.6,,0,,,10,9.0,,2.0,,,,0,0,2.0,3.0
422780,Aarón Anselmino,Borussia Dortmund,D,Borussia Dortmund vs Union Berlin,76,7.7,,0,,,78,73.0,,2.0,,2.0,1.0,0,0,4.0,7.0
422780,Aarón Anselmino,Borussia Dortmund,D,FC Augsburg vs Borussia Dortmund,90,7.5,,0,,,56,49.0,,3.0,2.0,2.0,1.0,0,0,8.0,11.0
422780,Aarón Anselmino,Borussia Dortmund,D,Bayer Leverkusen vs Borussia Dortmund,90,7.3,1.0,0,1.0,1.0,38,31.0,,2.0,1.0,,,0,0,5.0,10.0
422780,Aarón Anselmino,Borussia Dortmund,D,Borussia Dortmund vs 1899 Hoffenheim,90,7,,0,,,32,27.0,,2.0,1.0,1.0,1.0,0,0,5.0,10.0
422780,Aarón Anselmino,Borussia Dortmund,D,Union Berlin vs Borussia Dortmund,21,6.6,,0,,,9,6.0,,,1.0,,,0,0,,1.0
158644,Maximilian Beier,Borussia Dortmund,F,Borussia Dortmund vs Union Berlin,77,6.7,,1,,,20,17.0,,,,,1.0,0,0,1.0,3.0
158644,Maximilian Beier,Borussia Dortmund,F,1. FC Heidenheim vs Borussia Dortmund,74,6.6,1.0,0,2.0,1.0,38,29.0,,,1.0,,,0,0,1.0,5.0
158644,Maximilian Beier,Borussia Dortmund,F,Borussia Dortmund vs VfL Wolfsburg,65,6.3,,0,3.0,2.0,12,6.0,,,,,2.0,0,0,4.0,5.0
158644,Maximilian Beier,Borussia Dortmund,F,FSV Mainz 05 vs Borussia Dortmund,87,5.3,,0,,,16,8.0,,,,4.0,,0,0,2.0,17.0
158644,Maximilian Beier,Borussia Dortmund,F,Borussia Dortmund vs RB Leipzig,81,6.7,,0,,,22,19.0,,,,1.0,1.0,0,0,2.0,10.0
158644,Maximilian Beier,Borussia Dortmund,F,Bayern München vs Borussia Dortmund,16,6.3,,0,,,3,1.0,,,,1.0,,0,0,,2.0
158644,Maximilian Beier,Borussia Dortmund,F,Borussia Dortmund vs 1. FC Köln,22,7.7,1.0,0,2.0,2.0,17,13.0,,,1.0,1.0,,1,0,1.0,3.0
158644,Maximilian Beier,Borussia Dortmund,F,FC Augsburg vs Borussia Dortmund,74,7,,0,1.0,,21,16.0,,2.0,1.0,,2.0,0,0,6.0,8.0
158644,Maximilian Beier,Borussia Dortmund,F,Hamburger SV vs Borussia Dortmund,66,5.5,,0,,,21,13.0,,1.0,,,,0,0,2.0,10.0
158644,Maximilian Beier,Borussia Dortmund,F,Borussia Dortmund vs VfB Stuttgart,89,7.9,1.0,1,2.0,2.0,34,25.0,,2.0,,2.0,1.0,1,0,8.0,15.0
158644,Maximilian Beier,Borussia Dortmund,F,Borussia Dortmund vs 1899 Hoffenheim,10,6.7,,0,,,2,1.0,,,,,,0,0,2.0,4.0
158644,Maximilian Beier,Borussia Dortmund,F,SC Freiburg vs Borussia Dortmund,12,6.3,,0,,,2,2.0,,,,,,0,0,,1.0
158644,Maximilian Beier,Borussia Dortmund,F,Borussia Dortmund vs Borussia Mönchengladbach,30,7.6,1.0,0,3.0,2.0,10,9.0,,1.0,,,,0,0,2.0,4.0
158644,Maximilian Beier,Borussia Dortmund,F,Eintracht Frankfurt vs Borussia Dortmund,75,7.2,1.0,0,1.0,1.0,14,11.0,,1.0,1.0,,1.0,0,0,3.0,10.0
158644,Maximilian Beier,Borussia Dortmund,F,Borussia Dortmund vs Werder Bremen,67,6.3,,0,3.0,2.0,18,12.0,,1.0,,1.0,1.0,0,0,3.0,8.0
158644,Maximilian Beier,Borussia Dortmund,F,Borussia Dortmund vs FC St. Pauli,19,6.7,,0,,,5,5.0,,,,,1.0,0,0,1.0,2.0
158644,Maximilian Beier,Borussia Dortmund,F,Union Berlin vs Borussia Dortmund,90,7,1.0,0,2.0,1.0,21,13.0,,1.0,,1.0,,0,0,3.0,9.0
158644,Maximilian Beier,Borussia Dortmund,F,Borussia Dortmund vs 1. FC Heidenheim,32,6.9,,1,,,16,11.0,,,,1.0,,0,0,1.0,3.0
158644,Maximilian Beier,Borussia Dortmund,F,VfL Wolfsburg vs Borussia Dortmund,89,6.2,,0,,,29,21.0,,2.0,2.0,,1.0,0,0,7.0,13.0
158644,Maximilian Beier,Borussia Dortmund,F,Borussia Dortmund vs FSV Mainz 05,61,7.6,1.0,0,2.0,2.0,15,7.0,,2.0,,,1.0,0,0,5.0,7.0
158644,Maximilian Beier,Borussia Dortmund,F,RB Leipzig vs Borussia Dortmund,64,6.3,,0,1.0,1.0,9,5.0,,,,,,0,0,1.0,4.0
24845,Julian Ryerson,Borussia Dortmund,D,Borussia Dortmund vs Union Berlin,14,6.9,,0,,,20,20.0,,1.0,1.0,1.0,,0,0,1.0,2.0
24845,Julian Ryerson,Borussia Dortmund,D,1. FC Heidenheim vs Borussia Dortmund,74,7.6,,1,,,96,91.0,,1.0,,1.0,,1,0,1.0,7.0
24845,Julian Ryerson,Borussia Dortmund,D,Borussia Dortmund vs VfL Wolfsburg,90,7.9,,1,,,51,44.0,,3.0,1.0,1.0,1.0,0,0,4.0,10.0
24845,Julian Ryerson,Borussia Dortmund,D,FSV Mainz 05 vs Borussia Dortmund,21,6.7,,0,,,9,6.0,,,,,,0,0,1.0,2.0
24845,Julian Ryerson,Borussia Dortmund,D,Borussia Dortmund vs RB Leipzig,30,6.7,,0,,,10,10.0,,1.0,,,2.0,0,0,3.0,8.0
24845,Julian Ryerson,Borussia Dortmund,D,Bayern München vs Borussia Dortmund,90,7.9,,1,,,28,23.0,,4.0,,2.0,2.0,1,0,10.0,15.0
24845,Julian Ryerson,Borussia Dortmund,D,Borussia Dortmund vs 1. FC Köln,90,6.5,,0,,,42,37.0,,1.0,,,,0,0,1.0,6.0
24845,Julian Ryerson,Borussia Dortmund,D,FC Augsburg vs Borussia Dortmund,16,7,,0,,,6,4.0,,2.0,1.0,,,0,0,3.0,3.0
24845,Julian Ryerson,Borussia Dortmund,D,Hamburger SV vs Borussia Dortmund,90,6.3,,0,,,25,21.0,,1.0,,,,0,0,1.0,9.0
24845,Julian Ryerson,Borussia Dortmund,D,Borussia Dortmund vs VfB Stuttgart,90,6.6,,0,,,28,24.0,,2.0,,,1.0,0,0,4.0,7.0
24845,Julian Ryerson,Borussia Dortmund,D,Bayer Leverkusen vs Borussia Dortmund,80,6.7,,0,,,23,23.0,,1.0,2.0,2.0,,1,0,1.0,6.0
24845,Julian Ryerson,Borussia Dortmund,D,SC Freiburg vs Borussia Dortmund,90,6.2,,0,1.0,,23,17.0,,,2.0,2.0,2.0,1,0,2.0,10.0
24845,Julian Ryerson,Borussia Dortmund,D,Borussia Dortmund vs Borussia Mönchengladbach,82,6.6,,0,,,38,31.0,,2.0,,1.0,1.0,0,0,5.0,11.0
24845,Julian Ryerson,Borussia Dortmund,D,Eintracht Frankfurt vs Borussia Dortmund,90,6.2,,1,,,37,29.0,,,1.0,,2.0,0,0,4.0,12.0
24845,Julian Ryerson,Borussia Dortmund,D,Borussia Dortmund vs Werder Bremen,67,7.6,,1,,,15,12.0,,,,,,0,0,,
24845,Julian Ryerson,Borussia Dortmund,D,Borussia Dortmund vs FC St. Pauli,71,6.7,,0,,,17,13.0,,2.0,,,2.0,0,0,5.0,11.0
24845,Julian Ryerson,Borussia Dortmund,D,Union Berlin vs Borussia Dortmund,89,7.3,,1,,,25,13.0,,3.0,,1.0,,0,0,7.0,13.0
24845,Julian Ryerson,Borussia Dortmund,D,VfL Wolfsburg vs Borussia Dortmund,69,6.5,,1,1.0,,29,21.0,,1.0,,1.0,1.0,0,0,4.0,8.0
24845,Julian Ryerson,Borussia Dortmund,D,Borussia Dortmund vs FSV Mainz 05,90,10,,4,,,37,27.0,,2.0,2.0,2.0,1.0,0,0,5.0,11.0
24845,Julian Ryerson,Borussia Dortmund,D,RB Leipzig vs Borussia Dortmund,90,7.7,,0,,,31,25.0,,,1.0,4.0,1.0,1,0,4.0,9.0
138935,Carney Chukwuemeka,Borussia Dortmund,M,Borussia Dortmund vs Union Berlin,13,6.7,,0,,,7,7.0,,,,,,0,0,2.0,4.0
138935,Carney Chukwuemeka,Borussia Dortmund,M,1. FC Heidenheim vs Borussia Dortmund,25,6.6,,0,1.0,,23,19.0,,2.0,,,,0,0,6.0,7.0
138935,Carney Chukwuemeka,Borussia Dortmund,M,Borussia Dortmund vs VfL Wolfsburg,25,6.6,,0,,,8,8.0,,,1.0,,1.0,0,0,3.0,6.0
138935,Carney Chukwuemeka,Borussia Dortmund,M,FSV Mainz 05 vs Borussia Dortmund,22,6.7,,0,,,8,7.0,,1.0,,1.0,1.0,0,0,4.0,8.0
138935,Carney Chukwuemeka,Borussia Dortmund,M,Borussia Dortmund vs 1. FC Köln,68,6.3,,0,1.0,,22,19.0,,1.0,,,,0,0,1.0,5.0
138935,Carney Chukwuemeka,Borussia Dortmund,M,FC Augsburg vs Borussia Dortmund,62,6.7,,0,1.0,,24,21.0,,1.0,,1.0,2.0,0,0,3.0,9.0
138935,Carney Chukwuemeka,Borussia Dortmund,M,Hamburger SV vs Borussia Dortmund,82,7.3,1.0,0,3.0,1.0,33,25.0,,3.0,,1.0,1.0,0,0,5.0,12.0
138935,Carney Chukwuemeka,Borussia Dortmund,M,Borussia Dortmund vs VfB Stuttgart,77,6.9,,0,1.0,,31,29.0,,2.0,3.0,,1.0,0,0,3.0,6.0
138935,Carney Chukwuemeka,Borussia Dortmund,M,Borussia Dortmund vs 1899 Hoffenheim,10,6.9,,0,,,8,7.0,,,,,,0,0,1.0,1.0
138935,Carney Chukwuemeka,Borussia Dortmund,M,SC Freiburg vs Borussia Dortmund,78,6.3,,0,1.0,,19,16.0,,,,,2.0,0,0,5.0,12.0
138935,Carney Chukwuemeka,Borussia Dortmund,M,Borussia Dortmund vs Borussia Mönchengladbach,19,6.9,,0,,,15,14.0,,1.0,,,,0,0,3.0,6.0
138935,Carney Chukwuemeka,Borussia Dortmund,M,Eintracht Frankfurt vs Borussia Dortmund,10,6.9,1.0,0,2.0,1.0,4,4.0,,,,,,0,0,,
138935,Carney Chukwuemeka,Borussia Dortmund,M,Borussia Dortmund vs Werder Bremen,67,6.2,,0,1.0,,26,21.0,,1.0,1.0,2.0,1.0,0,0,3.0,9.0
138935,Carney Chukwuemeka,Borussia Dortmund,M,Borussia Dortmund vs FC St. Pauli,16,6.3,,0,,,8,7.0,,,,,,0,0,,2.0
138935,Carney Chukwuemeka,Borussia Dortmund,M,Union Berlin vs Borussia Dortmund,11,7.7,,0,,,6,5.0,,2.0,,,1.0,0,0,6.0,6.0
138935,Carney Chukwuemeka,Borussia Dortmund,M,Borussia Dortmund vs 1. FC Heidenheim,32,6.7,,0,,,13,10.0,,1.0,1.0,1.0,,0,0,2.0,5.0
138935,Carney Chukwuemeka,Borussia Dortmund,M,VfL Wolfsburg vs Borussia Dortmund,2,,,0,,,2,2.0,,,,,,0,0,1.0,1.0
138935,Carney Chukwuemeka,Borussia Dortmund,M,Borussia Dortmund vs FSV Mainz 05,29,6.5,,0,,,15,12.0,,,,1.0,,1,0,,3.0
138935,Carney Chukwuemeka,Borussia Dortmund,M,RB Leipzig vs Borussia Dortmund,25,6.9,,0,,,9,8.0,,2.0,,1.0,,0,0,3.0,4.0
24910,Tim Skarke,Union Berlin,M,Borussia Dortmund vs Union Berlin,26,6.2,,0,,,9,5.0,,1.0,,1.0,,0,0,1.0,3.0
24910,Tim Skarke,Union Berlin,M,Union Berlin vs 1899 Hoffenheim,16,6.5,,0,2.0,1.0,5,3.0,,,,1.0,,0,0,1.0,3.0
24910,Tim Skarke,Union Berlin,M,Eintracht Frankfurt vs Union Berlin,17,6.7,,0,,,2,2.0,,1.0,,,,0,0,1.0,2.0
24910,Tim Skarke,Union Berlin,M,Union Berlin vs Hamburger SV,31,6.6,,0,,,8,4.0,,,,,3.0,0,0,3.0,3.0
24910,Tim Skarke,Union Berlin,M,Bayer Leverkusen vs Union Berlin,26,6.7,,0,,,5,4.0,,,,,,0,0,,
24910,Tim Skarke,Union Berlin,M,Union Berlin vs Borussia Mönchengladbach,69,6.7,,0,2.0,1.0,18,11.0,,,,1.0,1.0,0,0,1.0,5.0
24910,Tim Skarke,Union Berlin,M,Werder Bremen vs Union Berlin,61,6.5,,0,2.0,1.0,21,17.0,,,,,,0,0,,5.0
24910,Tim Skarke,Union Berlin,M,Union Berlin vs SC Freiburg,61,6.2,,0,,,12,10.0,,,,1.0,,0,0,,5.0
24910,Tim Skarke,Union Berlin,M,Union Berlin vs Bayern München,12,6.2,,0,1.0,,3,2.0,,,,,,0,0,,2.0
24910,Tim Skarke,Union Berlin,M,FC St. Pauli vs Union Berlin,8,6.3,,0,1.0,,3,2.0,,1.0,,,1.0,0,0,2.0,5.0
24910,Tim Skarke,Union Berlin,M,Union Berlin vs RB Leipzig,10,7.7,1.0,0,2.0,2.0,1,1.0,,,,,,0,0,,
24910,Tim Skarke,Union Berlin,M,1. FC Köln vs Union Berlin,18,6.7,,0,,,4,1.0,,,,1.0,,0,0,1.0,2.0
24910,Tim Skarke,Union Berlin,M,Hamburger SV vs Union Berlin,29,6.5,,0,1.0,,8,5.0,,,,,1.0,0,0,1.0,4.0
24910,Tim Skarke,Union Berlin,M,Union Berlin vs Bayer Leverkusen,12,6.6,,0,,,3,2.0,,,,,,0,0,2.0,2.0
512,Woo-Yeong Jeong,Union Berlin,M,Borussia Dortmund vs Union Berlin,26,6.6,,0,,,8,6.0,,,,,1.0,0,0,1.0,3.0
512,Woo-Yeong Jeong,Union Berlin,M,Union Berlin vs 1899 Hoffenheim,17,6.7,,0,,,10,6.0,,2.0,,,,0,0,4.0,5.0
512,Woo-Yeong Jeong,Union Berlin,M,Eintracht Frankfurt vs Union Berlin,9,6.9,,0,1.0,,0,,,,,,1.0,0,0,1.0,3.0
512,Woo-Yeong Jeong,Union Berlin,M,Union Berlin vs Hamburger SV,14,6.6,,0,,,3,3.0,,1.0,,,,0,0,1.0,1.0
512,Woo-Yeong Jeong,Union Berlin,M,Bayer Leverkusen vs Union Berlin,64,6.2,,0,1.0,1.0,14,10.0,,,,2.0,2.0,0,0,3.0,8.0
512,Woo-Yeong Jeong,Union Berlin,M,Union Berlin vs Borussia Mönchengladbach,21,6.9,,0,,,8,8.0,,,,1.0,1.0,0,0,2.0,4.0
512,Woo-Yeong Jeong,Union Berlin,M,Werder Bremen vs Union Berlin,11,6.7,,0,,,9,6.0,,,,,,0,0,1.0,2.0
512,Woo-Yeong Jeong,Union Berlin,M,Union Berlin vs Bayern München,12,6.5,,0,,,3,3.0,,,,,,0,0,,
512,Woo-Yeong Jeong,Union Berlin,M,FC St. Pauli vs Union Berlin,17,6.2,,0,,,4,3.0,,,,,,0,0,1.0,7.0
512,Woo-Yeong Jeong,Union Berlin,M,Union Berlin vs 1. FC Heidenheim,73,6.6,,0,,,19,17.0,,,,1.0,1.0,0,0,2.0,7.0
512,Woo-Yeong Jeong,Union Berlin,M,VfL Wolfsburg vs Union Berlin,57,6.7,,0,2.0,,7,6.0,,1.0,,,4.0,0,0,5.0,8.0
512,Woo-Yeong Jeong,Union Berlin,M,Union Berlin vs RB Leipzig,67,6.6,,1,1.0,,25,21.0,,2.0,,,,0,0,3.0,8.0
512,Woo-Yeong Jeong,Union Berlin,M,1. FC Köln vs Union Berlin,64,6.5,,0,1.0,,19,11.0,,1.0,,2.0,1.0,0,0,2.0,5.0
512,Woo-Yeong Jeong,Union Berlin,M,Union Berlin vs FSV Mainz 05,20,7.9,1.0,0,1.0,1.0,12,11.0,,2.0,,,,0,0,2.0,2.0
512,Woo-Yeong Jeong,Union Berlin,M,FC Augsburg vs Union Berlin,90,7.2,,0,2.0,1.0,19,16.0,,2.0,1.0,,3.0,0,0,6.0,8.0
512,Woo-Yeong Jeong,Union Berlin,M,VfB Stuttgart vs Union Berlin,15,7.7,1.0,0,2.0,2.0,12,11.0,,,,,,0,0,,
512,Woo-Yeong Jeong,Union Berlin,M,Union Berlin vs Borussia Dortmund,90,7.2,,0,1.0,,25,16.0,,1.0,2.0,1.0,2.0,0,0,7.0,9.0
512,Woo-Yeong Jeong,Union Berlin,M,1899 Hoffenheim vs Union Berlin,54,6.2,,0,,,9,4.0,,,,,,0,0,,5.0
512,Woo-Yeong Jeong,Union Berlin,M,Union Berlin vs Eintracht Frankfurt,71,7.2,,0,,,17,13.0,,3.0,,,2.0,0,0,5.0,7.0
512,Woo-Yeong Jeong,Union Berlin,M,Hamburger SV vs Union Berlin,61,6.2,,0,,,10,5.0,,,2.0,,,0,0,,1.0
512,Woo-Yeong Jeong,Union Berlin,M,Union Berlin vs Bayer Leverkusen,71,6.9,,0,,,20,15.0,,1.0,,1.0,,0,0,2.0,5.0
327831,Aljoscha Kemlein,Union Berlin,M,Borussia Dortmund vs Union Berlin,8,6.7,,0,,,4,4.0,,,,,,0,0,,1.0
327831,Aljoscha Kemlein,Union Berlin,M,Union Berlin vs 1899 Hoffenheim,17,6.6,,0,,,13,11.0,,1.0,,1.0,2.0,0,0,3.0,7.0
327831,Aljoscha Kemlein,Union Berlin,M,Eintracht Frankfurt vs Union Berlin,18,6.5,,0,,,4,3.0,,,,1.0,,0,0,,2.0
327831,Aljoscha Kemlein,Union Berlin,M,Bayer Leverkusen vs Union Berlin,26,6.9,,0,,,15,12.0,,1.0,1.0,,1.0,0,0,3.0,3.0
327831,Aljoscha Kemlein,Union Berlin,M,Union Berlin vs Borussia Mönchengladbach,90,7.3,,0,1.0,,52,36.0,,2.0,2.0,1.0,1.0,0,0,10.0,11.0
327831,Aljoscha Kemlein,Union Berlin,M,Werder Bremen vs Union Berlin,61,6.2,,0,,,23,19.0,,2.0,,2.0,,0,0,3.0,11.0
327831,Aljoscha Kemlein,Union Berlin,M,Union Berlin vs SC Freiburg,80,7.3,,0,,,24,14.0,,3.0,,,,0,0,6.0,8.0
327831,Aljoscha Kemlein,Union Berlin,M,Union Berlin vs Bayern München,70,6.6,,0,,,26,19.0,,2.0,,,,0,0,2.0,5.0
327831,Aljoscha Kemlein,Union Berlin,M,FC St. Pauli vs Union Berlin,73,6.9,,0,,,35,26.0,,,1.0,,,0,0,5.0,8.0
327831,Aljoscha Kemlein,Union Berlin,M,Union Berlin vs 1. FC Heidenheim,79,6.2,,0,1.0,1.0,34,28.0,,1.0,1.0,3.0,,1,0,2.0,13.0
327831,Aljoscha Kemlein,Union Berlin,M,VfL Wolfsburg vs Union Berlin,90,6.9,,0,,,58,49.0,,1.0,2.0,1.0,,0,0,1.0,3.0
327831,Aljoscha Kemlein,Union Berlin,M,Union Berlin vs RB Leipzig,90,7.2,,0,1.0,,42,31.0,,7.0,1.0,,,0,0,9.0,13.0
327831,Aljoscha Kemlein,Union Berlin,M,1. FC Köln vs Union Berlin,84,6.9,,0,1.0,,35,28.0,,1.0,,2.0,1.0,1,0,3.0,6.0
327831,Aljoscha Kemlein,Union Berlin,M,Union Berlin vs FSV Mainz 05,65,6.7,,0,,,42,29.0,,2.0,,1.0,,0,0,3.0,7.0
327831,Aljoscha Kemlein,Union Berlin,M,FC Augsburg vs Union Berlin,26,6.9,,0,,,25,22.0,,1.0,,,,0,0,1.0,2.0
327831,Aljoscha Kemlein,Union Berlin,M,VfB Stuttgart vs Union Berlin,90,7,,0,,,39,30.0,,2.0,2.0,1.0,,0,0,5.0,8.0
327831,Aljoscha Kemlein,Union Berlin,M,Union Berlin vs Borussia Dortmund,76,6.7,,0,,,44,32.0,,1.0,1.0,,1.0,0,0,4.0,5.0
327831,Aljoscha Kemlein,Union Berlin,M,1899 Hoffenheim vs Union Berlin,83,6.9,,0,1.0,,34,27.0,,,1.0,,1.0,0,0,4.0,5.0
327831,Aljoscha Kemlein,Union Berlin,M,Union Berlin vs Eintracht Frankfurt,88,7,,0,1.0,1.0,29,25.0,,3.0,,,1.0,1,0,5.0,6.0
327831,Aljoscha Kemlein,Union Berlin,M,Hamburger SV vs Union Berlin,83,6.7,,0,,,32,25.0,,1.0,2.0,1.0,1.0,0,0,4.0,9.0
327831,Aljoscha Kemlein,Union Berlin,M,Union Berlin vs Bayer Leverkusen,90,7.2,,1,,,44,33.0,,,,1.0,,0,0,1.0,6.0
287916,Rav van den Berg,1. FC Köln,D,1. FC Köln vs SC Freiburg,90,7.3,,0,,,38,33.0,,1.0,,,,0,0,5.0,5.0
287916,Rav van den Berg,1. FC Köln,D,VfL Wolfsburg vs 1. FC Köln,71,6.2,,0,,,30,28.0,,,,,1.0,0,0,1.0,4.0
287916,Rav van den Berg,1. FC Köln,D,Werder Bremen vs 1. FC Köln,78,6.9,,0,,,53,50.0,,2.0,2.0,1.0,,0,0,2.0,6.0
287916,Rav van den Berg,1. FC Köln,D,1. FC Köln vs FC St. Pauli,90,6.7,,0,,,99,97.0,,,,1.0,,0,0,2.0,4.0
287916,Rav van den Berg,1. FC Köln,D,Bayer Leverkusen vs 1. FC Köln,90,6.7,,0,,,40,36.0,,2.0,,,,0,0,5.0,6.0
287916,Rav van den Berg,1. FC Köln,D,1. FC Köln vs Union Berlin,82,6.9,,0,,,104,102.0,,1.0,,1.0,,0,1,2.0,5.0
287916,Rav van den Berg,1. FC Köln,D,SC Freiburg vs 1. FC Köln,87,6.2,,0,,,68,59.0,,2.0,1.0,1.0,,0,0,5.0,10.0
287916,Rav van den Berg,1. FC Köln,D,1. FC Köln vs VfL Wolfsburg,10,6.6,,0,,,0,,,,,,,0,0,,
287916,Rav van den Berg,1. FC Köln,D,1. FC Köln vs 1899 Hoffenheim,90,6.2,,0,,,16,13.0,,,6.0,2.0,,0,0,4.0,9.0
287916,Rav van den Berg,1. FC Köln,D,FC Augsburg vs 1. FC Köln,90,6.7,,0,,,81,71.0,,1.0,,1.0,,0,0,3.0,6.0
202838,Denis Huseinbašić,1. FC Köln,M,1. FC Köln vs SC Freiburg,59,6.9,,0,,,23,18.0,,,,,1.0,0,0,2.0,3.0
202838,Denis Huseinbašić,1. FC Köln,M,RB Leipzig vs 1. FC Köln,31,6.7,,0,,,30,27.0,,,1.0,,,0,0,,1.0
202838,Denis Huseinbašić,1. FC Köln,M,1. FC Köln vs VfB Stuttgart,27,6.5,,0,,,12,11.0,,,,1.0,,0,0,,2.0
202838,Denis Huseinbašić,1. FC Köln,M,1899 Hoffenheim vs 1. FC Köln,12,6.7,,0,,,4,3.0,,1.0,,,,0,0,1.0,2.0
202838,Denis Huseinbašić,1. FC Köln,M,1. FC Köln vs FC Augsburg,16,6.9,,0,1.0,,13,13.0,,3.0,2.0,,,0,0,3.0,3.0
202838,Denis Huseinbašić,1. FC Köln,M,Borussia Dortmund vs 1. FC Köln,72,7,,0,,,20,20.0,,2.0,,2.0,2.0,0,0,4.0,6.0
202838,Denis Huseinbašić,1. FC Köln,M,1. FC Köln vs Hamburger SV,90,7.3,,0,,,54,51.0,,,,1.0,5.0,0,0,6.0,7.0
202838,Denis Huseinbašić,1. FC Köln,M,Borussia Mönchengladbach vs 1. FC Köln,90,6.6,,0,1.0,,82,80.0,,2.0,,1.0,,1,0,2.0,7.0
202838,Denis Huseinbašić,1. FC Köln,M,1. FC Köln vs Eintracht Frankfurt,76,6.2,,0,,,49,44.0,,3.0,,1.0,,0,0,3.0,5.0
202838,Denis Huseinbašić,1. FC Köln,M,1. FC Köln vs FC St. Pauli,73,6.7,,0,,,58,51.0,,,,1.0,,0,0,1.0,2.0
202838,Denis Huseinbašić,1. FC Köln,M,Bayer Leverkusen vs 1. FC Köln,45,6.6,,0,,,13,12.0,,2.0,,1.0,,0,0,2.0,4.0
202838,Denis Huseinbašić,1. FC Köln,M,1. FC Köln vs Union Berlin,22,6.5,,0,,,14,13.0,,,,,,0,0,1.0,2.0
202838,Denis Huseinbašić,1. FC Köln,M,1. FC Heidenheim vs 1. FC Köln,45,6.9,,0,,,29,24.0,,3.0,,,,0,0,3.0,3.0
202838,Denis Huseinbašić,1. FC Köln,M,VfB Stuttgart vs 1. FC Köln,12,6.5,,0,,,6,6.0,,,1.0,,,0,0,,
7319,Jusuf Gazibegović,1. FC Köln,D,1. FC Köln vs SC Freiburg,22,6.5,,0,,,6,5.0,,,,,,0,0,,
15874,Anthony Jung,SC Freiburg,D,1. FC Köln vs SC Freiburg,21,6.7,,0,,,35,31.0,,,,,,0,0,1.0,1.0
15874,Anthony Jung,SC Freiburg,D,Werder Bremen vs SC Freiburg,8,6.6,,0,,,2,1.0,,,,,,0,0,,
15874,Anthony Jung,SC Freiburg,D,SC Freiburg vs 1899 Hoffenheim,90,6.6,,0,,,37,25.0,,1.0,1.0,,1.0,0,0,4.0,4.0
15874,Anthony Jung,SC Freiburg,D,1. FC Heidenheim vs SC Freiburg,19,5.6,,0,,,17,13.0,,,,1.0,,1,0,1.0,2.0
15874,Anthony Jung,SC Freiburg,D,SC Freiburg vs Borussia Dortmund,76,6.9,,0,,,48,42.0,,,2.0,1.0,1.0,0,0,3.0,5.0
15874,Anthony Jung,SC Freiburg,D,VfL Wolfsburg vs SC Freiburg,90,6.6,,0,,,58,48.0,,,,2.0,,1,0,4.0,8.0
15874,Anthony Jung,SC Freiburg,D,SC Freiburg vs Hamburger SV,45,6.5,,0,,,30,26.0,,,1.0,,,0,0,,
15874,Anthony Jung,SC Freiburg,D,RB Leipzig vs SC Freiburg,90,6.9,,0,,,46,37.0,,1.0,2.0,,1.0,0,0,3.0,5.0
15874,Anthony Jung,SC Freiburg,D,SC Freiburg vs Werder Bremen,22,6.9,,0,,,2,1.0,,,,,,0,0,1.0,3.0
15874,Anthony Jung,SC Freiburg,D,1899 Hoffenheim vs SC Freiburg,33,6.3,,0,1.0,,18,16.0,,,1.0,,,0,0,1.0,2.0
26250,Nicolas Höfler,SC Freiburg,M,1. FC Köln vs SC Freiburg,21,6.6,,0,1.0,,25,22.0,,,,,,0,0,4.0,4.0
26250,Nicolas Höfler,SC Freiburg,M,SC Freiburg vs VfB Stuttgart,15,6.3,,0,,,1,1.0,,,,,,0,0,,1.0
26250,Nicolas Höfler,SC Freiburg,M,Union Berlin vs SC Freiburg,9,6.7,,0,,,3,3.0,,,,1.0,,0,0,,
26250,Nicolas Höfler,SC Freiburg,M,VfL Wolfsburg vs SC Freiburg,11,7,,0,1.0,1.0,6,4.0,,,1.0,,1.0,0,0,1.0,1.0
26250,Nicolas Höfler,SC Freiburg,M,SC Freiburg vs Hamburger SV,8,6.7,,0,,,2,2.0,,,,,,0,0,,
26250,Nicolas Höfler,SC Freiburg,M,SC Freiburg vs 1. FC Köln,27,6.3,,0,,,8,7.0,,1.0,,1.0,,0,0,1.0,4.0
178769,Philipp Treu,SC Freiburg,D,1. FC Köln vs SC Freiburg,11,6.6,,0,,,7,7.0,,,,,,0,0,,
178769,Philipp Treu,SC Freiburg,D,Werder Bremen vs SC Freiburg,21,7.2,,0,,,8,6.0,,1.0,,,2.0,0,0,4.0,4.0
178769,Philipp Treu,SC Freiburg,D,SC Freiburg vs 1899 Hoffenheim,52,7,,0,,,17,14.0,,1.0,1.0,,1.0,0,0,3.0,3.0
178769,Philipp Treu,SC Freiburg,D,Borussia Mönchengladbach vs SC Freiburg,90,6.9,,0,,,33,29.0,,2.0,,,1.0,0,0,4.0,7.0
178769,Philipp Treu,SC Freiburg,D,Bayer Leverkusen vs SC Freiburg,90,6.9,,0,,,24,20.0,,4.0,1.0,2.0,,0,0,4.0,6.0
178769,Philipp Treu,SC Freiburg,D,Union Berlin vs SC Freiburg,90,6.9,,0,,,34,27.0,,2.0,,,3.0,0,0,5.0,11.0
178769,Philipp Treu,SC Freiburg,D,SC Freiburg vs FC St. Pauli,90,6.3,,0,,,39,37.0,,2.0,1.0,2.0,2.0,0,0,5.0,9.0
178769,Philipp Treu,SC Freiburg,D,Bayern München vs SC Freiburg,90,5.2,,0,,,11,7.0,,2.0,,1.0,1.0,0,0,4.0,6.0
178769,Philipp Treu,SC Freiburg,D,SC Freiburg vs FSV Mainz 05,87,6.9,,0,,,40,38.0,,1.0,,,3.0,0,0,4.0,6.0
178769,Philipp Treu,SC Freiburg,D,1. FC Heidenheim vs SC Freiburg,90,6.3,,1,,,39,36.0,,1.0,,1.0,1.0,0,0,3.0,8.0
178769,Philipp Treu,SC Freiburg,D,SC Freiburg vs Borussia Dortmund,90,7.9,,0,2.0,1.0,39,34.0,,5.0,,,2.0,0,0,9.0,10.0
178769,Philipp Treu,SC Freiburg,D,VfL Wolfsburg vs SC Freiburg,67,7.9,1.0,0,2.0,2.0,18,16.0,,,1.0,,1.0,0,0,1.0,3.0
178769,Philipp Treu,SC Freiburg,D,SC Freiburg vs Hamburger SV,79,6.3,,0,,,29,26.0,,1.0,,2.0,1.0,1,0,3.0,10.0
178769,Philipp Treu,SC Freiburg,D,RB Leipzig vs SC Freiburg,65,6.3,,0,,,17,11.0,,4.0,,2.0,,1,0,5.0,10.0
178769,Philipp Treu,SC Freiburg,D,FC Augsburg vs SC Freiburg,90,6.3,,0,1.0,,41,29.0,,,,1.0,1.0,0,0,3.0,6.0
178769,Philipp Treu,SC Freiburg,D,SC Freiburg vs 1. FC Köln,90,6.9,,0,,,30,23.0,,1.0,,1.0,3.0,0,0,7.0,11.0
178769,Philipp Treu,SC Freiburg,D,VfB Stuttgart vs SC Freiburg,78,7.3,,0,1.0,,17,13.0,,1.0,1.0,,1.0,0,0,3.0,4.0
178769,Philipp Treu,SC Freiburg,D,1899 Hoffenheim vs SC Freiburg,88,6.2,,0,1.0,,25,20.0,,,,,1.0,0,0,3.0,9.0
178769,Philipp Treu,SC Freiburg,D,SC Freiburg vs Borussia Mönchengladbach,90,6.6,,0,,,24,19.0,,3.0,,,1.0,0,0,4.0,9.0
125173,Junior Adamu,SC Freiburg,F,1. FC Köln vs SC Freiburg,11,6.3,,0,1.0,,1,1.0,,,,,,0,0,,
125173,Junior Adamu,SC Freiburg,F,Werder Bremen vs SC Freiburg,85,7.3,1.0,0,1.0,1.0,24,8.0,,4.0,2.0,,,0,0,13.0,16.0
125173,Junior Adamu,SC Freiburg,F,SC Freiburg vs 1899 Hoffenheim,64,7,,1,2.0,,9,4.0,,3.0,1.0,3.0,1.0,0,0,12.0,26.0
125173,Junior Adamu,SC Freiburg,F,Borussia Mönchengladbach vs SC Freiburg,79,6.7,,0,,,12,8.0,,,1.0,1.0,3.0,0,0,5.0,11.0
125173,Junior Adamu,SC Freiburg,F,SC Freiburg vs Eintracht Frankfurt,64,6.6,,0,,,10,9.0,,,1.0,,3.0,0,0,6.0,9.0
125173,Junior Adamu,SC Freiburg,F,Bayer Leverkusen vs SC Freiburg,45,6.3,,0,2.0,2.0,7,4.0,,2.0,,1.0,,0,0,6.0,14.0
125173,Junior Adamu,SC Freiburg,F,Union Berlin vs SC Freiburg,39,5.9,,0,1.0,,7,7.0,,,,2.0,,1,0,1.0,9.0
125173,Junior Adamu,SC Freiburg,F,SC Freiburg vs FC St. Pauli,58,6.2,,0,,,9,5.0,,,1.0,2.0,1.0,0,0,2.0,7.0
125173,Junior Adamu,SC Freiburg,F,VfL Wolfsburg vs SC Freiburg,11,6.7,,0,,,3,2.0,,2.0,,1.0,1.0,0,0,3.0,5.0
757,Lucas Vázquez,Bayer Leverkusen,M,Bayer Leverkusen vs Eintracht Frankfurt,90,7.3,,0,2.0,,26,20.0,,2.0,1.0,1.0,2.0,1,0,5.0,7.0
757,Lucas Vázquez,Bayer Leverkusen,M,Bayer Leverkusen vs Borussia Mönchengladbach,63,6.3,,0,,,26,24.0,,1.0,,1.0,2.0,0,0,4.0,10.0
757,Lucas Vázquez,Bayer Leverkusen,M,FC St. Pauli vs Bayer Leverkusen,34,6.5,,0,,,5,4.0,,,,1.0,,1,0,,2.0
757,Lucas Vázquez,Bayer Leverkusen,M,Bayer Leverkusen vs Union Berlin,45,7.3,,1,,,26,24.0,,3.0,,1.0,2.0,0,0,6.0,8.0
757,Lucas Vázquez,Bayer Leverkusen,M,RB Leipzig vs Bayer Leverkusen,18,6.6,,0,,,8,8.0,,,,,,0,0,,
757,Lucas Vázquez,Bayer Leverkusen,M,Bayer Leverkusen vs VfB Stuttgart,8,6.6,,0,,,3,3.0,,,,,,0,0,,
757,Lucas Vázquez,Bayer Leverkusen,M,Bayer Leverkusen vs Werder Bremen,57,7.7,1.0,0,1.0,1.0,24,20.0,,,1.0,,2.0,0,0,2.0,3.0
757,Lucas Vázquez,Bayer Leverkusen,M,Bayer Leverkusen vs FC St. Pauli,59,7.3,,1,,,33,27.0,,,,1.0,,0,0,1.0,2.0
757,Lucas Vázquez,Bayer Leverkusen,M,Union Berlin vs Bayer Leverkusen,29,7,,0,,,28,25.0,,,,1.0,,0,0,,2.0
237087,Ezequiel Fernández,Bayer Leverkusen,M,Bayer Leverkusen vs Eintracht Frankfurt,30,6.7,,0,1.0,,8,6.0,,2.0,1.0,1.0,1.0,2,1,3.0,5.0
237087,Ezequiel Fernández,Bayer Leverkusen,M,FC St. Pauli vs Bayer Leverkusen,45,7.3,,0,,,28,25.0,,3.0,1.0,,2.0,1,0,6.0,9.0
237087,Ezequiel Fernández,Bayer Leverkusen,M,Bayer Leverkusen vs Union Berlin,69,6.3,,0,,,102,94.0,,,1.0,3.0,1.0,0,0,1.0,8.0
237087,Ezequiel Fernández,Bayer Leverkusen,M,FSV Mainz 05 vs Bayer Leverkusen,90,7.2,,0,,,69,58.0,,4.0,,,3.0,0,0,10.0,15.0
237087,Ezequiel Fernández,Bayer Leverkusen,M,Bayer Leverkusen vs SC Freiburg,67,6.3,,0,,,57,53.0,,1.0,,,,0,0,1.0,5.0
237087,Ezequiel Fernández,Bayer Leverkusen,M,RB Leipzig vs Bayer Leverkusen,33,7,,0,,,34,30.0,,,1.0,,1.0,0,0,2.0,2.0
237087,Ezequiel Fernández,Bayer Leverkusen,M,Bayer Leverkusen vs VfB Stuttgart,66,6.9,,0,1.0,1.0,43,37.0,,2.0,,2.0,3.0,0,0,6.0,10.0
237087,Ezequiel Fernández,Bayer Leverkusen,M,1899 Hoffenheim vs Bayer Leverkusen,45,7,,0,,,29,24.0,,3.0,1.0,,1.0,0,0,6.0,8.0
237087,Ezequiel Fernández,Bayer Leverkusen,M,Bayer Leverkusen vs Werder Bremen,33,6.5,,0,,,21,17.0,,,2.0,2.0,,0,0,,6.0
237087,Ezequiel Fernández,Bayer Leverkusen,M,Eintracht Frankfurt vs Bayer Leverkusen,64,6.6,,0,1.0,,60,53.0,,2.0,1.0,1.0,,0,0,4.0,9.0
237087,Ezequiel Fernández,Bayer Leverkusen,M,Borussia Mönchengladbach vs Bayer Leverkusen,65,6.9,,0,,,68,60.0,,1.0,1.0,,2.0,0,0,3.0,6.0
237087,Ezequiel Fernández,Bayer Leverkusen,M,Union Berlin vs Bayer Leverkusen,61,6.7,,0,1.0,,35,31.0,,2.0,,,2.0,0,0,4.0,7.0
14,Mahmoud Dahoud,Eintracht Frankfurt,M,Bayer Leverkusen vs Eintracht Frankfurt,17,6.2,,0,,,3,2.0,,,,1.0,,0,0,,2.0
14,Mahmoud Dahoud,Eintracht Frankfurt,M,Eintracht Frankfurt vs FSV Mainz 05,79,6.2,,0,2.0,,44,34.0,,2.0,1.0,3.0,,0,0,3.0,12.0
14,Mahmoud Dahoud,Eintracht Frankfurt,M,1. FC Köln vs Eintracht Frankfurt,78,7.5,1.0,0,2.0,1.0,38,30.0,,1.0,4.0,2.0,,0,0,2.0,5.0
14,Mahmoud Dahoud,Eintracht Frankfurt,M,Eintracht Frankfurt vs VfL Wolfsburg,14,6.9,,0,,,9,7.0,,1.0,,,,0,0,1.0,2.0
14,Mahmoud Dahoud,Eintracht Frankfurt,M,RB Leipzig vs Eintracht Frankfurt,56,5.9,,0,1.0,,28,19.0,,1.0,,4.0,,0,0,1.0,6.0
14,Mahmoud Dahoud,Eintracht Frankfurt,M,Eintracht Frankfurt vs FC Augsburg,62,6.7,,0,1.0,,35,32.0,,1.0,,2.0,,0,0,2.0,5.0
14,Mahmoud Dahoud,Eintracht Frankfurt,M,Hamburger SV vs Eintracht Frankfurt,90,6.2,,0,1.0,,72,60.0,,,1.0,,,0,0,5.0,9.0
14,Mahmoud Dahoud,Eintracht Frankfurt,M,Eintracht Frankfurt vs Borussia Dortmund,13,7.7,1.0,0,1.0,1.0,8,6.0,,1.0,1.0,1.0,,0,0,1.0,2.0
14,Mahmoud Dahoud,Eintracht Frankfurt,M,VfB Stuttgart vs Eintracht Frankfurt,24,6.6,,1,,,8,6.0,,,,,1.0,0,0,1.0,2.0
14,Mahmoud Dahoud,Eintracht Frankfurt,M,Werder Bremen vs Eintracht Frankfurt,65,6.3,,0,,,25,21.0,,,2.0,1.0,,0,0,1.0,4.0
14,Mahmoud Dahoud,Eintracht Frankfurt,M,Union Berlin vs Eintracht Frankfurt,8,6.9,,1,,,2,2.0,,,,,,0,0,1.0,2.0
14,Mahmoud Dahoud,Eintracht Frankfurt,M,Eintracht Frankfurt vs Borussia Mönchengladbach,73,6.7,,0,1.0,,19,14.0,,2.0,,1.0,,0,0,2.0,4.0
14,Mahmoud Dahoud,Eintracht Frankfurt,M,Bayern München vs Eintracht Frankfurt,60,6.5,,0,1.0,,26,21.0,,1.0,,,,0,0,1.0,4.0
163022,Patrick Osterhage,SC Freiburg,M,SC Freiburg vs VfB Stuttgart,85,6.7,,0,1.0,,34,29.0,,1.0,1.0,2.0,2.0,0,0,5.0,9.0
163022,Patrick Osterhage,SC Freiburg,M,Werder Bremen vs SC Freiburg,84,6.9,,0,,,18,15.0,,1.0,1.0,,2.0,0,0,4.0,7.0
163022,Patrick Osterhage,SC Freiburg,M,SC Freiburg vs 1899 Hoffenheim,90,6.7,,0,,,24,17.0,,,1.0,2.0,2.0,1,0,3.0,10.0
163022,Patrick Osterhage,SC Freiburg,M,Borussia Mönchengladbach vs SC Freiburg,90,6.7,,0,,,46,40.0,,2.0,3.0,2.0,,1,0,4.0,13.0
163022,Patrick Osterhage,SC Freiburg,M,SC Freiburg vs FC St. Pauli,19,6.7,,0,,,8,8.0,,,,,,0,0,1.0,1.0
163022,Patrick Osterhage,SC Freiburg,M,Bayern München vs SC Freiburg,26,6.9,,0,,,14,11.0,,,1.0,,,0,0,,
163022,Patrick Osterhage,SC Freiburg,M,SC Freiburg vs FSV Mainz 05,10,7.5,1.0,0,1.0,1.0,18,17.0,,,,,,0,0,,1.0
163022,Patrick Osterhage,SC Freiburg,M,1. FC Heidenheim vs SC Freiburg,90,6.7,,0,1.0,,41,36.0,,1.0,2.0,1.0,1.0,0,0,4.0,10.0
163022,Patrick Osterhage,SC Freiburg,M,SC Freiburg vs Borussia Dortmund,90,6.6,,0,,,51,48.0,,1.0,2.0,1.0,,0,0,1.0,4.0
163022,Patrick Osterhage,SC Freiburg,M,VfL Wolfsburg vs SC Freiburg,45,6.7,,0,,,19,16.0,,2.0,1.0,,1.0,0,0,3.0,4.0
163022,Patrick Osterhage,SC Freiburg,M,SC Freiburg vs Hamburger SV,25,6.2,,0,,,19,16.0,,,,,,1,0,,3.0
163022,Patrick Osterhage,SC Freiburg,M,RB Leipzig vs SC Freiburg,85,6.6,,0,,,26,23.0,,2.0,1.0,1.0,2.0,0,0,5.0,8.0
163022,Patrick Osterhage,SC Freiburg,M,FC Augsburg vs SC Freiburg,19,6.9,,0,1.0,1.0,7,6.0,,,1.0,,,0,0,,2.0
163022,Patrick Osterhage,SC Freiburg,M,SC Freiburg vs 1. FC Köln,63,6.9,,0,,,26,24.0,,1.0,1.0,2.0,,0,0,3.0,7.0
163022,Patrick Osterhage,SC Freiburg,M,VfB Stuttgart vs SC Freiburg,22,6.5,,0,,,5,5.0,,,,,,0,0,,1.0
163022,Patrick Osterhage,SC Freiburg,M,SC Freiburg vs Werder Bremen,84,6.9,,0,1.0,,24,20.0,,,,,2.0,0,0,3.0,7.0
163022,Patrick Osterhage,SC Freiburg,M,1899 Hoffenheim vs SC Freiburg,90,6,,0,,,23,14.0,,,1.0,2.0,,1,0,,5.0
163022,Patrick Osterhage,SC Freiburg,M,SC Freiburg vs Borussia Mönchengladbach,90,6.3,,0,,,33,31.0,,1.0,,,1.0,0,0,2.0,5.0
25313,Jan-Niklas Beste,SC Freiburg,M,SC Freiburg vs VfB Stuttgart,86,6.6,,0,1.0,1.0,18,14.0,,2.0,,,3.0,0,0,7.0,10.0
25313,Jan-Niklas Beste,SC Freiburg,M,Werder Bremen vs SC Freiburg,69,6.3,,0,1.0,1.0,20,15.0,,3.0,,2.0,2.0,1,0,5.0,11.0
25313,Jan-Niklas Beste,SC Freiburg,M,SC Freiburg vs 1899 Hoffenheim,84,6.9,,0,,,23,16.0,,2.0,1.0,1.0,3.0,0,0,7.0,12.0
25313,Jan-Niklas Beste,SC Freiburg,M,Borussia Mönchengladbach vs SC Freiburg,79,6.6,,0,1.0,,18,13.0,,1.0,1.0,,1.0,0,0,3.0,7.0
25313,Jan-Niklas Beste,SC Freiburg,M,SC Freiburg vs Eintracht Frankfurt,90,6.2,,0,,,30,19.0,,1.0,1.0,,2.0,0,0,3.0,12.0
25313,Jan-Niklas Beste,SC Freiburg,M,Union Berlin vs SC Freiburg,74,6.9,,0,1.0,,20,18.0,,2.0,,,2.0,0,0,5.0,12.0
25313,Jan-Niklas Beste,SC Freiburg,M,SC Freiburg vs FC St. Pauli,88,6,,0,1.0,1.0,22,14.0,,1.0,,1.0,,1,0,1.0,3.0
25313,Jan-Niklas Beste,SC Freiburg,M,Bayern München vs SC Freiburg,90,6.5,,1,1.0,,12,7.0,,3.0,1.0,1.0,2.0,0,0,5.0,10.0
25313,Jan-Niklas Beste,SC Freiburg,M,SC Freiburg vs FSV Mainz 05,80,6.9,,0,3.0,2.0,35,31.0,,1.0,,3.0,1.0,0,0,2.0,8.0
25313,Jan-Niklas Beste,SC Freiburg,M,1. FC Heidenheim vs SC Freiburg,90,6.3,,0,2.0,,19,16.0,,3.0,3.0,1.0,2.0,0,0,7.0,16.0
25313,Jan-Niklas Beste,SC Freiburg,M,SC Freiburg vs Hamburger SV,11,7.7,,1,,,6,4.0,,1.0,,1.0,,0,0,2.0,4.0
25313,Jan-Niklas Beste,SC Freiburg,M,RB Leipzig vs SC Freiburg,25,6.6,,0,,,8,6.0,,,,,,1,0,1.0,2.0
25313,Jan-Niklas Beste,SC Freiburg,M,FC Augsburg vs SC Freiburg,34,6.9,,0,,,8,7.0,,1.0,1.0,,,0,0,1.0,1.0
25313,Jan-Niklas Beste,SC Freiburg,M,SC Freiburg vs 1. FC Köln,90,6.6,,0,1.0,1.0,30,24.0,,,1.0,,1.0,0,0,1.0,7.0
25313,Jan-Niklas Beste,SC Freiburg,M,VfB Stuttgart vs SC Freiburg,68,6.9,,0,,,14,11.0,,1.0,1.0,1.0,2.0,1,0,3.0,6.0
25313,Jan-Niklas Beste,SC Freiburg,M,SC Freiburg vs Werder Bremen,68,7.9,1.0,0,1.0,1.0,16,10.0,,2.0,3.0,,1.0,0,0,4.0,8.0
25313,Jan-Niklas Beste,SC Freiburg,M,1899 Hoffenheim vs SC Freiburg,9,6.3,,0,,,5,3.0,,1.0,,,,0,0,1.0,1.0
25313,Jan-Niklas Beste,SC Freiburg,M,SC Freiburg vs Borussia Mönchengladbach,90,6.9,,0,2.0,2.0,15,8.0,,,1.0,2.0,2.0,1,0,2.0,6.0
202696,Igor Matanović,SC Freiburg,F,SC Freiburg vs VfB Stuttgart,12,8.3,2.0,0,2.0,2.0,1,1.0,,,,,1.0,0,0,1.0,4.0
202696,Igor Matanović,SC Freiburg,F,Werder Bremen vs SC Freiburg,14,6.9,,0,,,7,6.0,,1.0,1.0,,,0,0,3.0,5.0
202696,Igor Matanović,SC Freiburg,F,SC Freiburg vs 1899 Hoffenheim,26,6.9,,0,,,6,5.0,,1.0,,,3.0,0,0,6.0,9.0
202696,Igor Matanović,SC Freiburg,F,Borussia Mönchengladbach vs SC Freiburg,11,6.5,,0,,,4,1.0,,,,,,0,0,1.0,2.0
202696,Igor Matanović,SC Freiburg,F,SC Freiburg vs Eintracht Frankfurt,26,6.3,,0,,,7,3.0,,,1.0,,,0,0,1.0,6.0
202696,Igor Matanović,SC Freiburg,F,Bayer Leverkusen vs SC Freiburg,23,6.7,,0,1.0,,5,3.0,,,,1.0,1.0,0,0,3.0,6.0
202696,Igor Matanović,SC Freiburg,F,Union Berlin vs SC Freiburg,51,6.2,,0,2.0,2.0,6,2.0,,2.0,,5.0,,0,0,5.0,14.0
202696,Igor Matanović,SC Freiburg,F,SC Freiburg vs FC St. Pauli,32,6.7,,0,1.0,,6,4.0,,,,,2.0,0,0,3.0,4.0
202696,Igor Matanović,SC Freiburg,F,Bayern München vs SC Freiburg,26,6.2,,0,,,6,3.0,,,,,1.0,0,0,2.0,3.0
202696,Igor Matanović,SC Freiburg,F,SC Freiburg vs FSV Mainz 05,21,5.9,,0,1.0,,6,5.0,,,,1.0,,0,0,,2.0
202696,Igor Matanović,SC Freiburg,F,SC Freiburg vs Borussia Dortmund,14,6.6,,0,1.0,1.0,3,1.0,,,,,1.0,0,0,2.0,3.0
202696,Igor Matanović,SC Freiburg,F,SC Freiburg vs Hamburger SV,25,7.2,1.0,0,3.0,2.0,7,5.0,,,,,,0,0,2.0,4.0
202696,Igor Matanović,SC Freiburg,F,RB Leipzig vs SC Freiburg,25,6.3,,0,,,5,3.0,,,1.0,2.0,,0,0,,3.0
202696,Igor Matanović,SC Freiburg,F,FC Augsburg vs SC Freiburg,90,7.6,1.0,0,2.0,1.0,20,13.0,,2.0,,5.0,2.0,0,0,10.0,20.0
202696,Igor Matanović,SC Freiburg,F,SC Freiburg vs 1. FC Köln,76,6,1.0,0,3.0,2.0,16,10.0,,1.0,,1.0,2.0,0,0,5.0,11.0
202696,Igor Matanović,SC Freiburg,F,VfB Stuttgart vs SC Freiburg,90,7,,0,,,21,12.0,,2.0,2.0,7.0,2.0,0,0,17.0,33.0
202696,Igor Matanović,SC Freiburg,F,SC Freiburg vs Werder Bremen,84,7.2,,1,2.0,1.0,13,7.0,,1.0,2.0,2.0,1.0,0,0,9.0,17.0
202696,Igor Matanović,SC Freiburg,F,1899 Hoffenheim vs SC Freiburg,32,6.6,,0,1.0,,11,8.0,,,,1.0,1.0,0,0,5.0,10.0
202696,Igor Matanović,SC Freiburg,F,SC Freiburg vs Borussia Mönchengladbach,90,6.9,1.0,0,2.0,1.0,11,6.0,,1.0,1.0,3.0,,0,0,6.0,24.0
334879,Badredine Bouanani,VfB Stuttgart,M,SC Freiburg vs VfB Stuttgart,63,6.9,,0,,,18,16.0,,,1.0,,,0,0,1.0,4.0
334879,Badredine Bouanani,VfB Stuttgart,M,VfB Stuttgart vs FC St. Pauli,11,6.5,,0,1.0,1.0,4,4.0,,,,,,0,0,,
334879,Badredine Bouanani,VfB Stuttgart,M,1. FC Köln vs VfB Stuttgart,19,6.6,,0,,,10,9.0,,2.0,2.0,,1.0,1,0,3.0,5.0
334879,Badredine Bouanani,VfB Stuttgart,M,VfB Stuttgart vs 1. FC Heidenheim,57,6.2,,0,2.0,,23,16.0,,,,,,0,0,1.0,3.0
334879,Badredine Bouanani,VfB Stuttgart,M,VfL Wolfsburg vs VfB Stuttgart,12,6.7,,0,,,9,7.0,,,,,,0,0,2.0,4.0
334879,Badredine Bouanani,VfB Stuttgart,M,RB Leipzig vs VfB Stuttgart,9,6.7,,0,,,0,,,,,,1.0,0,0,1.0,1.0
334879,Badredine Bouanani,VfB Stuttgart,M,VfB Stuttgart vs FC Augsburg,68,6,,0,1.0,,23,16.0,,,1.0,1.0,,0,0,,7.0
334879,Badredine Bouanani,VfB Stuttgart,M,Hamburger SV vs VfB Stuttgart,87,6.9,,0,2.0,,42,30.0,,,,,3.0,0,0,4.0,6.0
334879,Badredine Bouanani,VfB Stuttgart,M,Werder Bremen vs VfB Stuttgart,9,6.6,,0,1.0,,2,2.0,,,,,,0,0,,
334879,Badredine Bouanani,VfB Stuttgart,M,VfB Stuttgart vs Eintracht Frankfurt,15,6.3,,0,1.0,1.0,12,10.0,,,,,,0,0,,2.0
334879,Badredine Bouanani,VfB Stuttgart,M,Borussia Mönchengladbach vs VfB Stuttgart,90,7.2,,0,1.0,,34,27.0,,2.0,,,1.0,0,0,4.0,7.0
334879,Badredine Bouanani,VfB Stuttgart,M,FC St. Pauli vs VfB Stuttgart,21,6.2,,0,,,9,5.0,,,,,,0,0,,3.0
340573,Bilal El Khannouss,VfB Stuttgart,M,SC Freiburg vs VfB Stuttgart,90,6.2,,0,1.0,,33,28.0,,4.0,,4.0,,1,0,5.0,13.0
340573,Bilal El Khannouss,VfB Stuttgart,M,VfB Stuttgart vs FC St. Pauli,90,7.9,1.0,0,2.0,1.0,52,42.0,,1.0,,,,0,0,3.0,7.0
340573,Bilal El Khannouss,VfB Stuttgart,M,1. FC Köln vs VfB Stuttgart,86,7,,0,,,53,42.0,,1.0,,,,0,0,3.0,4.0
340573,Bilal El Khannouss,VfB Stuttgart,M,VfB Stuttgart vs 1. FC Heidenheim,89,7.9,1.0,0,2.0,2.0,58,45.0,,1.0,,1.0,1.0,1,0,4.0,8.0
340573,Bilal El Khannouss,VfB Stuttgart,M,VfL Wolfsburg vs VfB Stuttgart,85,6.9,,1,1.0,,53,43.0,,,1.0,2.0,,0,0,3.0,9.0
340573,Bilal El Khannouss,VfB Stuttgart,M,VfB Stuttgart vs FSV Mainz 05,18,6.6,,0,1.0,1.0,8,4.0,,1.0,,,,0,0,2.0,2.0
340573,Bilal El Khannouss,VfB Stuttgart,M,RB Leipzig vs VfB Stuttgart,90,6.9,,0,1.0,,46,36.0,,,,1.0,1.0,0,0,2.0,6.0
340573,Bilal El Khannouss,VfB Stuttgart,M,VfB Stuttgart vs FC Augsburg,74,6.9,,1,2.0,1.0,34,28.0,,,,1.0,1.0,0,0,3.0,6.0
340573,Bilal El Khannouss,VfB Stuttgart,M,Borussia Dortmund vs VfB Stuttgart,90,6.9,,1,,,53,37.0,,4.0,1.0,,1.0,0,0,5.0,7.0
340573,Bilal El Khannouss,VfB Stuttgart,M,Hamburger SV vs VfB Stuttgart,90,6.2,,0,1.0,,62,47.0,,,2.0,1.0,,0,0,2.0,7.0
340573,Bilal El Khannouss,VfB Stuttgart,M,VfB Stuttgart vs Bayern München,74,6.6,,0,,,34,29.0,,1.0,,,,0,0,2.0,3.0
340573,Bilal El Khannouss,VfB Stuttgart,M,Werder Bremen vs VfB Stuttgart,76,8.3,1.0,0,2.0,2.0,53,40.0,,3.0,,,,0,0,5.0,8.0
340573,Bilal El Khannouss,VfB Stuttgart,M,Borussia Mönchengladbach vs VfB Stuttgart,11,6.9,,0,,,18,17.0,,2.0,,,1.0,0,0,3.0,4.0
340573,Bilal El Khannouss,VfB Stuttgart,M,VfB Stuttgart vs SC Freiburg,77,7.2,,0,1.0,1.0,46,37.0,,,1.0,2.0,2.0,0,0,4.0,9.0
340573,Bilal El Khannouss,VfB Stuttgart,M,FC St. Pauli vs VfB Stuttgart,45,6.3,,0,,,27,24.0,,1.0,1.0,,,0,0,1.0,2.0
340573,Bilal El Khannouss,VfB Stuttgart,M,VfB Stuttgart vs 1. FC Köln,20,6.3,,0,,,18,15.0,,1.0,,1.0,,1,0,1.0,4.0
340573,Bilal El Khannouss,VfB Stuttgart,M,1. FC Heidenheim vs VfB Stuttgart,66,6.9,,0,2.0,,46,40.0,,1.0,1.0,1.0,,1,0,3.0,5.0
1930,Joakim Mæhle,VfL Wolfsburg,D,VfL Wolfsburg vs 1. FC Köln,90,7,,1,2.0,1.0,50,46.0,,2.0,,1.0,,0,0,2.0,7.0
1930,Joakim Mæhle,VfL Wolfsburg,D,Borussia Dortmund vs VfL Wolfsburg,81,6.2,,0,,,32,25.0,,3.0,1.0,,,0,0,4.0,8.0
1930,Joakim Mæhle,VfL Wolfsburg,D,VfL Wolfsburg vs RB Leipzig,90,6.5,,0,,,50,40.0,,,4.0,1.0,,0,0,3.0,6.0
1930,Joakim Mæhle,VfL Wolfsburg,D,FC Augsburg vs VfL Wolfsburg,90,5.9,,0,1.0,,37,30.0,,3.0,5.0,1.0,,0,0,3.0,7.0
1930,Joakim Mæhle,VfL Wolfsburg,D,VfL Wolfsburg vs VfB Stuttgart,68,6.7,,0,,,18,13.0,,2.0,1.0,,,0,0,4.0,8.0
1930,Joakim Mæhle,VfL Wolfsburg,D,Hamburger SV vs VfL Wolfsburg,12,6.7,,0,1.0,,2,1.0,,,,,,0,0,,
290545,Jenson Seelt,VfL Wolfsburg,D,VfL Wolfsburg vs 1. FC Köln,21,6.3,,0,,,5,5.0,,,,,1.0,0,0,3.0,4.0
290545,Jenson Seelt,VfL Wolfsburg,D,Hamburger SV vs VfL Wolfsburg,90,7.2,,0,,,36,30.0,,1.0,1.0,1.0,,0,0,2.0,8.0
290545,Jenson Seelt,VfL Wolfsburg,D,VfL Wolfsburg vs 1899 Hoffenheim,90,6.9,,0,1.0,,55,48.0,,2.0,,,,0,0,8.0,10.0
290545,Jenson Seelt,VfL Wolfsburg,D,Werder Bremen vs VfL Wolfsburg,90,6.7,,0,,,35,29.0,,2.0,1.0,1.0,,0,0,3.0,6.0
290545,Jenson Seelt,VfL Wolfsburg,D,VfL Wolfsburg vs Bayer Leverkusen,45,5.9,,0,1.0,,22,21.0,,1.0,,,1.0,0,0,3.0,5.0
290545,Jenson Seelt,VfL Wolfsburg,D,Eintracht Frankfurt vs VfL Wolfsburg,90,7.2,,0,,,49,43.0,,1.0,2.0,,1.0,0,0,4.0,5.0
290545,Jenson Seelt,VfL Wolfsburg,D,VfL Wolfsburg vs Union Berlin,90,7.2,,0,,,50,41.0,,2.0,1.0,,2.0,0,0,7.0,12.0
290545,Jenson Seelt,VfL Wolfsburg,D,Borussia Mönchengladbach vs VfL Wolfsburg,90,7,,0,,,54,46.0,,1.0,,2.0,1.0,0,0,4.0,8.0
290545,Jenson Seelt,VfL Wolfsburg,D,VfL Wolfsburg vs SC Freiburg,90,5.9,,0,,,73,63.0,,3.0,,1.0,,0,0,10.0,12.0
15884,Jesper Lindstrøm,VfL Wolfsburg,M,VfL Wolfsburg vs 1. FC Köln,17,6.5,,0,,,4,3.0,,,,,1.0,0,0,2.0,4.0
15884,Jesper Lindstrøm,VfL Wolfsburg,M,VfL Wolfsburg vs SC Freiburg,10,6.5,,0,1.0,1.0,6,6.0,,,,,,0,0,,2.0
15884,Jesper Lindstrøm,VfL Wolfsburg,M,VfL Wolfsburg vs 1. FC Heidenheim,20,6.5,,0,1.0,1.0,12,10.0,,,,,,1,0,1.0,2.0
15884,Jesper Lindstrøm,VfL Wolfsburg,M,FSV Mainz 05 vs VfL Wolfsburg,15,6.2,,0,1.0,1.0,2,2.0,,,,,,0,0,1.0,4.0
15884,Jesper Lindstrøm,VfL Wolfsburg,M,1. FC Köln vs VfL Wolfsburg,16,6.9,,0,,,9,7.0,,,,,,0,0,3.0,4.0
15884,Jesper Lindstrøm,VfL Wolfsburg,M,VfL Wolfsburg vs Borussia Dortmund,26,6.7,,0,,,14,11.0,,2.0,,1.0,,0,0,3.0,4.0
362564,Adam Daghim,VfL Wolfsburg,F,VfL Wolfsburg vs 1. FC Köln,17,6.3,,0,,,4,2.0,,1.0,,,1.0,0,0,2.0,5.0
362564,Adam Daghim,VfL Wolfsburg,F,Borussia Dortmund vs VfL Wolfsburg,45,6.5,,0,,,20,14.0,,,1.0,,,0,0,,1.0
362564,Adam Daghim,VfL Wolfsburg,F,VfL Wolfsburg vs RB Leipzig,45,6.9,,0,2.0,,12,9.0,,3.0,,,2.0,0,0,7.0,13.0
362564,Adam Daghim,VfL Wolfsburg,F,FC Augsburg vs VfL Wolfsburg,90,7.9,1.0,0,2.0,1.0,34,21.0,,4.0,2.0,1.0,,0,0,6.0,6.0
362564,Adam Daghim,VfL Wolfsburg,F,VfL Wolfsburg vs VfB Stuttgart,90,6,,0,,,23,14.0,,,1.0,2.0,1.0,0,0,2.0,9.0
362564,Adam Daghim,VfL Wolfsburg,F,Hamburger SV vs VfL Wolfsburg,90,7.7,1.0,0,2.0,1.0,19,13.0,,1.0,,1.0,1.0,0,0,4.0,10.0
362564,Adam Daghim,VfL Wolfsburg,F,VfL Wolfsburg vs 1899 Hoffenheim,90,6.2,,0,,,25,16.0,,,1.0,2.0,1.0,0,0,2.0,12.0
362564,Adam Daghim,VfL Wolfsburg,F,Werder Bremen vs VfL Wolfsburg,87,5.9,,0,1.0,1.0,27,15.0,,1.0,2.0,2.0,3.0,0,0,4.0,10.0
362564,Adam Daghim,VfL Wolfsburg,F,VfL Wolfsburg vs SC Freiburg,10,6.3,,0,,,3,2.0,,,,1.0,1.0,0,0,2.0,3.0
362564,Adam Daghim,VfL Wolfsburg,F,Bayern München vs VfL Wolfsburg,26,6.9,,0,,,7,6.0,,2.0,,,1.0,0,0,3.0,4.0
362564,Adam Daghim,VfL Wolfsburg,F,VfL Wolfsburg vs FC St. Pauli,17,7.2,,1,1.0,1.0,6,6.0,,,,,,0,0,,1.0
362564,Adam Daghim,VfL Wolfsburg,F,VfL Wolfsburg vs 1. FC Heidenheim,31,6.5,,0,,,15,8.0,,,,1.0,1.0,0,0,2.0,4.0
362564,Adam Daghim,VfL Wolfsburg,F,FSV Mainz 05 vs VfL Wolfsburg,24,6.6,,0,,,5,4.0,,2.0,,,,0,0,2.0,3.0
362564,Adam Daghim,VfL Wolfsburg,F,1. FC Köln vs VfL Wolfsburg,45,6.7,,0,2.0,1.0,16,9.0,,3.0,,2.0,1.0,0,0,9.0,19.0
362564,Adam Daghim,VfL Wolfsburg,F,VfL Wolfsburg vs Borussia Dortmund,83,7.5,,0,,,21,16.0,,,1.0,1.0,2.0,1,0,4.0,10.0
362564,Adam Daghim,VfL Wolfsburg,F,RB Leipzig vs VfL Wolfsburg,89,6.3,,1,,,32,21.0,,,,1.0,1.0,0,0,3.0,11.0
362564,Adam Daghim,VfL Wolfsburg,F,VfL Wolfsburg vs FC Augsburg,90,7.2,,0,,,27,22.0,,3.0,,,2.0,0,0,9.0,11.0
8641,Alessio Castro-Montes,1. FC Köln,M,VfL Wolfsburg vs 1. FC Köln,26,6,,0,,,19,12.0,,1.0,,2.0,,0,0,1.0,6.0
8641,Alessio Castro-Montes,1. FC Köln,M,Borussia Mönchengladbach vs 1. FC Köln,10,6.9,,0,,,18,15.0,,,,,,0,0,3.0,3.0
8641,Alessio Castro-Montes,1. FC Köln,M,1. FC Köln vs Eintracht Frankfurt,9,6.7,,0,,,7,6.0,,,,,1.0,0,0,1.0,1.0
8641,Alessio Castro-Montes,1. FC Köln,M,Werder Bremen vs 1. FC Köln,45,6.7,,0,,,26,20.0,,1.0,,2.0,1.0,1,0,4.0,6.0
8641,Alessio Castro-Montes,1. FC Köln,M,1. FC Heidenheim vs 1. FC Köln,75,7.9,,2,1.0,,34,26.0,,2.0,2.0,,1.0,0,0,5.0,7.0
8641,Alessio Castro-Montes,1. FC Köln,M,1. FC Köln vs FSV Mainz 05,83,7.7,,1,,,58,49.0,,2.0,,1.0,1.0,0,0,4.0,8.0
8641,Alessio Castro-Montes,1. FC Köln,M,SC Freiburg vs 1. FC Köln,90,6.9,,0,1.0,,24,20.0,,4.0,1.0,2.0,,1,0,4.0,7.0
8641,Alessio Castro-Montes,1. FC Köln,M,1. FC Köln vs VfL Wolfsburg,90,7.2,,0,,,26,14.0,,3.0,,2.0,2.0,0,0,10.0,19.0
199931,William Bøving,FSV Mainz 05,F,FSV Mainz 05 vs RB Leipzig,65,6.2,,0,1.0,,18,11.0,,,,,,0,0,,3.0
199931,William Bøving,FSV Mainz 05,F,FSV Mainz 05 vs Bayer Leverkusen,9,6.5,,0,,,7,6.0,,,,1.0,,1,0,,2.0
199931,William Bøving,FSV Mainz 05,F,SC Freiburg vs FSV Mainz 05,18,6.6,,0,,,4,3.0,,,1.0,,,0,0,1.0,1.0
199931,William Bøving,FSV Mainz 05,F,Bayern München vs FSV Mainz 05,90,7.3,,1,,,12,10.0,,4.0,1.0,1.0,1.0,0,0,5.0,9.0
199931,William Bøving,FSV Mainz 05,F,1. FC Köln vs FSV Mainz 05,16,6.7,,0,,,5,3.0,,,,,,0,0,2.0,3.0
199897,Sota Kawasaki,FSV Mainz 05,M,FSV Mainz 05 vs RB Leipzig,15,6.7,,0,,,5,3.0,,1.0,,,1.0,0,0,2.0,4.0
199897,Sota Kawasaki,FSV Mainz 05,M,Eintracht Frankfurt vs FSV Mainz 05,9,6.6,,0,,,3,2.0,,1.0,,,,0,0,2.0,2.0
199897,Sota Kawasaki,FSV Mainz 05,M,FSV Mainz 05 vs 1899 Hoffenheim,45,6.3,,0,,,16,11.0,,,1.0,,,0,0,1.0,5.0
199897,Sota Kawasaki,FSV Mainz 05,M,SC Freiburg vs FSV Mainz 05,90,7.2,,0,,,19,13.0,,3.0,,3.0,,1,0,3.0,9.0
199897,Sota Kawasaki,FSV Mainz 05,M,FSV Mainz 05 vs Borussia Mönchengladbach,9,6.7,,0,,,2,2.0,,,,1.0,,0,0,1.0,2.0
199897,Sota Kawasaki,FSV Mainz 05,M,Bayern München vs FSV Mainz 05,62,7,,0,,,8,4.0,,5.0,,1.0,1.0,0,0,6.0,8.0
419916,Conrad Harder,RB Leipzig,F,FSV Mainz 05 vs RB Leipzig,24,6.5,,0,2.0,,7,4.0,,,,2.0,,0,0,2.0,5.0
419916,Conrad Harder,RB Leipzig,F,RB Leipzig vs 1. FC Köln,10,6.3,,0,,,2,2.0,,1.0,,1.0,1.0,0,0,2.0,6.0
419916,Conrad Harder,RB Leipzig,F,VfL Wolfsburg vs RB Leipzig,11,6.6,,0,,,6,4.0,,,,,1.0,0,0,3.0,5.0
419916,Conrad Harder,RB Leipzig,F,FC Augsburg vs RB Leipzig,27,6.5,,0,1.0,1.0,9,4.0,,,,,,0,0,1.0,2.0
419916,Conrad Harder,RB Leipzig,F,1899 Hoffenheim vs RB Leipzig,15,6.3,,0,,,7,5.0,,,1.0,,,0,0,1.0,6.0
419916,Conrad Harder,RB Leipzig,F,RB Leipzig vs Werder Bremen,68,6.2,,0,,,13,8.0,,,1.0,1.0,1.0,1,0,1.0,5.0
419916,Conrad Harder,RB Leipzig,F,Borussia Mönchengladbach vs RB Leipzig,82,6.2,,0,4.0,2.0,8,4.0,,1.0,,,1.0,0,0,2.0,8.0
419916,Conrad Harder,RB Leipzig,F,RB Leipzig vs Eintracht Frankfurt,67,8.7,1.0,1,3.0,2.0,12,8.0,,,1.0,1.0,2.0,0,0,6.0,10.0
419916,Conrad Harder,RB Leipzig,F,Union Berlin vs RB Leipzig,90,6.2,,1,1.0,,18,13.0,,3.0,,4.0,,1,0,4.0,16.0
419916,Conrad Harder,RB Leipzig,F,RB Leipzig vs Bayer Leverkusen,90,6.3,,0,5.0,2.0,17,13.0,,2.0,1.0,,4.0,0,0,7.0,14.0
419916,Conrad Harder,RB Leipzig,F,RB Leipzig vs SC Freiburg,16,6.9,,0,,,5,4.0,,,,,,0,0,1.0,4.0
419916,Conrad Harder,RB Leipzig,F,RB Leipzig vs Bayern München,9,6.3,,0,1.0,,1,1.0,,,1.0,,,0,0,1.0,2.0
419916,Conrad Harder,RB Leipzig,F,FC St. Pauli vs RB Leipzig,26,6.2,,0,,,10,8.0,,,,1.0,,0,0,2.0,7.0
419916,Conrad Harder,RB Leipzig,F,RB Leipzig vs FSV Mainz 05,90,7.3,1.0,0,4.0,2.0,16,13.0,,,,1.0,2.0,0,0,5.0,12.0
419916,Conrad Harder,RB Leipzig,F,1. FC Köln vs RB Leipzig,26,6.7,,0,,,6,3.0,,,,1.0,1.0,0,0,4.0,7.0
419916,Conrad Harder,RB Leipzig,F,RB Leipzig vs VfL Wolfsburg,63,6.6,,0,2.0,1.0,14,11.0,,,,1.0,1.0,0,0,2.0,4.0
419916,Conrad Harder,RB Leipzig,F,RB Leipzig vs Borussia Dortmund,9,6.5,,0,1.0,,4,1.0,,,,,1.0,0,0,1.0,4.0
25178,Leart Paqarada,1. FC Heidenheim,D,1. FC Heidenheim vs Borussia Dortmund,7,,,0,,,2,2.0,,,,,,0,0,,1.0
328617,Cole Campbell,Borussia Dortmund,F,1. FC Heidenheim vs Borussia Dortmund,16,6.2,,0,,,6,4.0,,,,,,0,0,,1.0
283058,Nicolas Jackson,Bayern München,F,Bayern München vs Hamburger SV,45,6,,0,1.0,1.0,18,17.0,,,1.0,1.0,,0,0,,3.0
283058,Nicolas Jackson,Bayern München,F,1899 Hoffenheim vs Bayern München,62,6.2,,0,1.0,1.0,7,5.0,,,,1.0,1.0,0,0,2.0,6.0
283058,Nicolas Jackson,Bayern München,F,Bayern München vs Werder Bremen,12,6.6,,0,1.0,1.0,3,2.0,,,,,1.0,0,0,1.0,1.0
283058,Nicolas Jackson,Bayern München,F,Eintracht Frankfurt vs Bayern München,10,6.7,,0,,,5,4.0,,,,,,0,0,,
283058,Nicolas Jackson,Bayern München,F,Bayern München vs Borussia Dortmund,61,6.3,,0,,,15,13.0,,1.0,,2.0,1.0,0,0,2.0,7.0
283058,Nicolas Jackson,Bayern München,F,Borussia Mönchengladbach vs Bayern München,59,5.7,,0,,,19,13.0,,,,,,0,0,,3.0
283058,Nicolas Jackson,Bayern München,F,Bayern München vs Bayer Leverkusen,59,7,1.0,0,2.0,1.0,15,13.0,,1.0,,,,0,0,2.0,9.0
283058,Nicolas Jackson,Bayern München,F,Union Berlin vs Bayern München,9,6.3,,0,,,3,3.0,,,,,,0,0,,
283058,Nicolas Jackson,Bayern München,F,Bayern München vs SC Freiburg,19,7.5,1.0,0,1.0,1.0,11,9.0,,,,,,0,0,,
283058,Nicolas Jackson,Bayern München,F,Bayern München vs FC St. Pauli,17,8,1.0,0,1.0,1.0,2,1.0,,,1.0,,,0,0,,
283058,Nicolas Jackson,Bayern München,F,VfB Stuttgart vs Bayern München,60,6.6,,0,3.0,1.0,16,11.0,,,,2.0,1.0,0,0,4.0,8.0
283058,Nicolas Jackson,Bayern München,F,Bayern München vs FSV Mainz 05,17,6.5,,0,2.0,,4,4.0,,,,,,0,0,1.0,2.0
283058,Nicolas Jackson,Bayern München,F,Bayern München vs FC Augsburg,11,6.7,,0,,,3,3.0,,,,,,0,0,1.0,1.0
283058,Nicolas Jackson,Bayern München,F,Bayern München vs 1899 Hoffenheim,22,6.9,,0,1.0,1.0,3,2.0,,,,1.0,,0,0,1.0,3.0
283058,Nicolas Jackson,Bayern München,F,Werder Bremen vs Bayern München,10,6.3,,0,,,3,2.0,,,,,,0,0,,
325975,Tom Bischof,Bayern München,M,Bayern München vs Hamburger SV,27,6.9,,0,2.0,,30,30.0,,,1.0,,1.0,0,0,1.0,1.0
325975,Tom Bischof,Bayern München,M,1899 Hoffenheim vs Bayern München,14,6.3,,0,,,13,13.0,,,,,,0,0,,
325975,Tom Bischof,Bayern München,M,Bayern München vs Werder Bremen,90,6.9,,1,,,84,77.0,,1.0,2.0,3.0,,0,0,1.0,6.0
325975,Tom Bischof,Bayern München,M,Eintracht Frankfurt vs Bayern München,2,,,0,,,6,6.0,,,,1.0,1.0,0,0,1.0,2.0
325975,Tom Bischof,Bayern München,M,Bayern München vs Borussia Dortmund,12,6.5,,0,,,2,1.0,,,,,,0,0,,1.0
325975,Tom Bischof,Bayern München,M,Borussia Mönchengladbach vs Bayern München,81,6.7,,0,2.0,1.0,92,88.0,,,,1.0,,1,0,2.0,3.0
325975,Tom Bischof,Bayern München,M,Bayern München vs Bayer Leverkusen,90,7.2,,1,2.0,,80,72.0,,3.0,1.0,,,0,0,4.0,5.0
325975,Tom Bischof,Bayern München,M,Union Berlin vs Bayern München,10,6.9,,1,,,16,16.0,,,,,,0,0,,
325975,Tom Bischof,Bayern München,M,Bayern München vs SC Freiburg,90,6.3,,0,,,58,54.0,,3.0,1.0,,1.0,0,0,5.0,7.0
325975,Tom Bischof,Bayern München,M,Bayern München vs FC St. Pauli,90,6.2,,0,2.0,,92,84.0,,,,1.0,,0,0,1.0,6.0
325975,Tom Bischof,Bayern München,M,VfB Stuttgart vs Bayern München,45,6.3,,0,,,18,15.0,,,,1.0,,1,0,1.0,4.0
325975,Tom Bischof,Bayern München,M,Bayern München vs FSV Mainz 05,61,6.3,,0,,,57,54.0,,,,1.0,,0,0,1.0,4.0
325975,Tom Bischof,Bayern München,M,Bayern München vs VfL Wolfsburg,90,6.9,,0,1.0,,92,89.0,,,1.0,1.0,2.0,0,0,3.0,10.0
325975,Tom Bischof,Bayern München,M,1. FC Köln vs Bayern München,8,6.6,,0,,,7,7.0,,,,,,0,0,,1.0
325975,Tom Bischof,Bayern München,M,RB Leipzig vs Bayern München,81,6.3,,0,,,59,53.0,,1.0,1.0,1.0,,0,0,2.0,7.0
325975,Tom Bischof,Bayern München,M,Bayern München vs FC Augsburg,11,6.5,,0,1.0,1.0,12,10.0,,,,,,0,0,,1.0
325975,Tom Bischof,Bayern München,M,Werder Bremen vs Bayern München,14,7.3,,0,,,20,19.0,,1.0,,,,0,0,1.0,1.0
325975,Tom Bischof,Bayern München,M,Bayern München vs Eintracht Frankfurt,13,6.6,,0,1.0,,16,16.0,,1.0,,,,0,0,1.0,1.0
387521,Luka Vušković,Hamburger SV,D,Bayern München vs Hamburger SV,90,5.6,,0,1.0,,35,30.0,,,1.0,,1.0,0,0,2.0,3.0
387521,Luka Vušković,Hamburger SV,D,Hamburger SV vs 1. FC Heidenheim,90,9.3,1.0,0,2.0,1.0,66,54.0,,1.0,,1.0,1.0,0,0,8.0,10.0
387521,Luka Vušković,Hamburger SV,D,Union Berlin vs Hamburger SV,90,8.2,,0,,,101,88.0,,,,1.0,3.0,0,0,19.0,23.0
387521,Luka Vušković,Hamburger SV,D,Hamburger SV vs FSV Mainz 05,90,7.3,,0,1.0,,32,21.0,,,3.0,1.0,2.0,0,0,7.0,13.0
387521,Luka Vušković,Hamburger SV,D,RB Leipzig vs Hamburger SV,90,7.2,,0,,,81,72.0,,3.0,1.0,1.0,,0,0,9.0,14.0
387521,Luka Vušković,Hamburger SV,D,Hamburger SV vs VfL Wolfsburg,90,7.6,,0,,,75,61.0,,1.0,,,4.0,1,0,16.0,20.0
387521,Luka Vušković,Hamburger SV,D,1. FC Köln vs Hamburger SV,90,7.3,,0,,,60,55.0,,,,2.0,1.0,0,0,4.0,8.0
387521,Luka Vušković,Hamburger SV,D,Hamburger SV vs Borussia Dortmund,90,7.3,,0,,,45,43.0,,,3.0,2.0,3.0,0,0,6.0,8.0
387521,Luka Vušković,Hamburger SV,D,FC Augsburg vs Hamburger SV,90,6.3,,0,,,66,61.0,,,1.0,2.0,1.0,1,0,5.0,11.0
387521,Luka Vušković,Hamburger SV,D,Hamburger SV vs VfB Stuttgart,90,6.6,,0,1.0,,30,23.0,,2.0,,1.0,,0,0,3.0,7.0
387521,Luka Vušković,Hamburger SV,D,Hamburger SV vs Werder Bremen,90,7.2,1.0,0,1.0,1.0,65,53.0,,,1.0,2.0,1.0,1,0,3.0,6.0
387521,Luka Vušković,Hamburger SV,D,1899 Hoffenheim vs Hamburger SV,90,6.2,,0,,,55,46.0,,2.0,,,1.0,0,0,10.0,10.0
387521,Luka Vušković,Hamburger SV,D,Hamburger SV vs Eintracht Frankfurt,90,6.9,,0,1.0,,56,46.0,,1.0,3.0,1.0,1.0,0,0,6.0,7.0
387521,Luka Vušković,Hamburger SV,D,SC Freiburg vs Hamburger SV,90,7.5,1.0,0,2.0,1.0,43,30.0,,,,2.0,,1,0,5.0,9.0
387521,Luka Vušković,Hamburger SV,D,Hamburger SV vs Borussia Mönchengladbach,90,7.2,,0,2.0,1.0,77,69.0,,,2.0,1.0,2.0,0,0,7.0,12.0
387521,Luka Vušković,Hamburger SV,D,FC St. Pauli vs Hamburger SV,90,8.2,,0,2.0,1.0,117,101.0,,1.0,2.0,,1.0,0,0,12.0,14.0
387521,Luka Vušković,Hamburger SV,D,Hamburger SV vs Bayern München,90,7.3,1.0,0,2.0,1.0,32,25.0,,1.0,,2.0,1.0,0,0,5.0,7.0
387521,Luka Vušković,Hamburger SV,D,1. FC Heidenheim vs Hamburger SV,90,7.2,,0,1.0,,48,37.0,,,,,1.0,0,0,8.0,13.0
387521,Luka Vušković,Hamburger SV,D,Hamburger SV vs Union Berlin,90,6.5,,0,,,75,60.0,,1.0,5.0,2.0,1.0,1,0,10.0,18.0
384861,Aboubaka Soumahoro,Hamburger SV,D,Bayern München vs Hamburger SV,45,5.3,,0,,,19,18.0,,1.0,,2.0,,1,0,1.0,2.0
384861,Aboubaka Soumahoro,Hamburger SV,D,Hamburger SV vs Werder Bremen,59,6.2,,0,,,28,26.0,,,,,,0,0,,2.0
384861,Aboubaka Soumahoro,Hamburger SV,D,1899 Hoffenheim vs Hamburger SV,8,6.6,,0,,,1,1.0,,,,,,0,0,,
384861,Aboubaka Soumahoro,Hamburger SV,D,Hamburger SV vs Eintracht Frankfurt,29,6.7,,0,,,12,9.0,,,,1.0,,0,0,,1.0
41725,Fábio Vieira,Hamburger SV,M,Bayern München vs Hamburger SV,76,6.3,,0,,,20,17.0,,,1.0,2.0,1.0,0,0,1.0,3.0
41725,Fábio Vieira,Hamburger SV,M,Hamburger SV vs 1. FC Heidenheim,79,7.9,,1,3.0,1.0,28,27.0,,,,1.0,2.0,1,0,3.0,6.0
41725,Fábio Vieira,Hamburger SV,M,Union Berlin vs Hamburger SV,90,6.6,,0,2.0,,43,35.0,,,1.0,3.0,2.0,0,1,3.0,9.0
41725,Fábio Vieira,Hamburger SV,M,Hamburger SV vs VfL Wolfsburg,26,6.9,,0,1.0,,13,12.0,,,,,,0,0,1.0,2.0
41725,Fábio Vieira,Hamburger SV,M,1. FC Köln vs Hamburger SV,83,6.2,,0,,,25,20.0,,,,2.0,1.0,2,1,3.0,8.0
41725,Fábio Vieira,Hamburger SV,M,FC Augsburg vs Hamburger SV,72,6.9,,0,1.0,1.0,19,14.0,,,,1.0,1.0,0,0,2.0,5.0
41725,Fábio Vieira,Hamburger SV,M,Hamburger SV vs VfB Stuttgart,23,7.6,1.0,0,1.0,1.0,7,7.0,,,,,,0,0,,2.0
41725,Fábio Vieira,Hamburger SV,M,Hamburger SV vs Werder Bremen,83,7.3,,1,2.0,1.0,44,40.0,,,1.0,,2.0,0,0,3.0,5.0
41725,Fábio Vieira,Hamburger SV,M,1899 Hoffenheim vs Hamburger SV,90,7.5,,1,1.0,,30,28.0,,2.0,1.0,1.0,1.0,0,0,4.0,9.0
41725,Fábio Vieira,Hamburger SV,M,Hamburger SV vs Eintracht Frankfurt,20,6.3,,0,,,3,,,,,,,0,0,,
41725,Fábio Vieira,Hamburger SV,M,SC Freiburg vs Hamburger SV,79,7.2,,0,1.0,1.0,19,16.0,,1.0,,,1.0,0,0,3.0,5.0
41725,Fábio Vieira,Hamburger SV,M,Hamburger SV vs Borussia Mönchengladbach,90,7.2,,0,4.0,,55,46.0,,1.0,,,3.0,0,0,6.0,10.0
41725,Fábio Vieira,Hamburger SV,M,FC St. Pauli vs Hamburger SV,87,7.3,,0,,,47,41.0,,2.0,,,3.0,0,0,6.0,8.0
41725,Fábio Vieira,Hamburger SV,M,Hamburger SV vs Bayern München,85,7,1.0,0,3.0,2.0,17,13.0,,1.0,2.0,1.0,2.0,0,0,4.0,8.0
41725,Fábio Vieira,Hamburger SV,M,1. FC Heidenheim vs Hamburger SV,80,7.5,,1,1.0,,38,33.0,,,1.0,,,0,0,2.0,5.0
41725,Fábio Vieira,Hamburger SV,M,Hamburger SV vs Union Berlin,90,7.3,,0,1.0,,51,42.0,,2.0,,,,0,0,5.0,7.0
41725,Fábio Vieira,Hamburger SV,M,FSV Mainz 05 vs Hamburger SV,90,7.9,1.0,0,4.0,3.0,46,38.0,,1.0,,,,0,0,4.0,7.0
551352,Fabio Baldé,Hamburger SV,F,Bayern München vs Hamburger SV,14,6.3,,0,,,2,1.0,,,,,,0,0,,1.0
551352,Fabio Baldé,Hamburger SV,F,Hamburger SV vs 1. FC Heidenheim,16,6.3,,0,,,3,2.0,,,,1.0,,0,0,1.0,4.0
551352,Fabio Baldé,Hamburger SV,F,Hamburger SV vs FSV Mainz 05,22,6.3,,0,1.0,,2,1.0,,2.0,,,,0,0,3.0,5.0
551352,Fabio Baldé,Hamburger SV,F,RB Leipzig vs Hamburger SV,12,6.3,,0,1.0,1.0,6,6.0,,,,,1.0,0,0,1.0,2.0
551352,Fabio Baldé,Hamburger SV,F,Hamburger SV vs VfL Wolfsburg,13,6.5,,0,,,5,3.0,,,,,,0,0,,1.0
551352,Fabio Baldé,Hamburger SV,F,Hamburger SV vs Borussia Dortmund,10,6.3,,0,,,4,3.0,,,,,,0,0,,
551352,Fabio Baldé,Hamburger SV,F,Hamburger SV vs VfB Stuttgart,22,6.6,,1,,,3,3.0,,1.0,,,,0,0,2.0,4.0
551352,Fabio Baldé,Hamburger SV,F,1899 Hoffenheim vs Hamburger SV,78,6.7,,0,2.0,1.0,15,9.0,,1.0,,1.0,1.0,0,0,7.0,15.0
551352,Fabio Baldé,Hamburger SV,F,Hamburger SV vs Eintracht Frankfurt,70,7.2,,0,,,20,14.0,,2.0,,,,0,0,4.0,8.0
551352,Fabio Baldé,Hamburger SV,F,FC St. Pauli vs Hamburger SV,54,6.2,,0,1.0,1.0,10,9.0,,1.0,,1.0,,0,0,3.0,12.0
24914,Robert Glatzel,Hamburger SV,F,Bayern München vs Hamburger SV,14,6.3,,0,2.0,,0,,,,,,,0,0,,2.0
24914,Robert Glatzel,Hamburger SV,F,Hamburger SV vs 1. FC Heidenheim,14,6.3,,0,1.0,,4,2.0,,,,3.0,,0,0,2.0,7.0
24914,Robert Glatzel,Hamburger SV,F,Union Berlin vs Hamburger SV,14,6.3,,0,,,5,3.0,,,,,1.0,0,0,2.0,3.0
24914,Robert Glatzel,Hamburger SV,F,Hamburger SV vs FSV Mainz 05,23,6.7,,0,1.0,1.0,7,7.0,,,,,,0,0,2.0,6.0
24914,Robert Glatzel,Hamburger SV,F,1. FC Köln vs Hamburger SV,13,6.3,,0,,,1,,,,,,,0,0,1.0,2.0
24914,Robert Glatzel,Hamburger SV,F,Hamburger SV vs Borussia Dortmund,16,6.5,,0,1.0,1.0,7,4.0,,,,1.0,,0,0,,2.0
24914,Robert Glatzel,Hamburger SV,F,FC Augsburg vs Hamburger SV,8,6.5,,0,,,2,1.0,,,,,,0,0,,
24914,Robert Glatzel,Hamburger SV,F,Hamburger SV vs VfB Stuttgart,33,7.5,1.0,0,1.0,1.0,1,1.0,,,,,1.0,0,0,1.0,4.0
24914,Robert Glatzel,Hamburger SV,F,Hamburger SV vs Borussia Mönchengladbach,10,6.3,,0,,,4,3.0,,,,,,0,0,,1.0
24914,Robert Glatzel,Hamburger SV,F,FC St. Pauli vs Hamburger SV,22,6.5,,0,,,6,3.0,,,,,,0,0,1.0,1.0
24914,Robert Glatzel,Hamburger SV,F,Hamburger SV vs Bayern München,16,6.5,,0,,,1,1.0,,,,,,0,0,,2.0
24914,Robert Glatzel,Hamburger SV,F,Hamburger SV vs Union Berlin,72,6.6,,1,,,11,9.0,,,,1.0,1.0,0,0,2.0,6.0
24914,Robert Glatzel,Hamburger SV,F,FSV Mainz 05 vs Hamburger SV,65,6.3,,0,2.0,1.0,12,8.0,,,,,1.0,0,0,3.0,5.0
163032,Fabian Rieder,FC Augsburg,F,FC St. Pauli vs FC Augsburg,84,7.5,1.0,0,1.0,1.0,25,18.0,,1.0,,1.0,1.0,0,0,5.0,11.0
163032,Fabian Rieder,FC Augsburg,F,FC Augsburg vs FSV Mainz 05,90,6.2,,0,2.0,1.0,24,19.0,,1.0,1.0,2.0,1.0,0,0,4.0,16.0
163032,Fabian Rieder,FC Augsburg,F,1. FC Heidenheim vs FC Augsburg,90,7.2,,1,2.0,1.0,28,16.0,,3.0,,2.0,4.0,1,0,10.0,18.0
163032,Fabian Rieder,FC Augsburg,F,FC Augsburg vs VfL Wolfsburg,90,7.7,,1,,,34,30.0,,2.0,1.0,,2.0,0,0,6.0,14.0
163032,Fabian Rieder,FC Augsburg,F,1. FC Köln vs FC Augsburg,85,6.2,1.0,0,3.0,1.0,24,18.0,,1.0,,4.0,,0,0,4.0,16.0
163032,Fabian Rieder,FC Augsburg,F,FC Augsburg vs RB Leipzig,65,6.3,,0,1.0,,25,17.0,,2.0,,,,0,0,4.0,13.0
163032,Fabian Rieder,FC Augsburg,F,FC Augsburg vs Borussia Dortmund,90,6.7,,0,,,32,21.0,,2.0,,3.0,1.0,1,0,5.0,17.0
163032,Fabian Rieder,FC Augsburg,F,VfB Stuttgart vs FC Augsburg,81,7.7,1.0,0,2.0,1.0,19,13.0,,,1.0,1.0,1.0,0,0,2.0,7.0
163032,Fabian Rieder,FC Augsburg,F,FC Augsburg vs Hamburger SV,83,6.7,,0,1.0,,22,18.0,,1.0,1.0,2.0,1.0,0,0,2.0,9.0
163032,Fabian Rieder,FC Augsburg,F,1899 Hoffenheim vs FC Augsburg,90,6.7,,0,1.0,1.0,32,20.0,,,2.0,2.0,1.0,0,0,2.0,8.0
163032,Fabian Rieder,FC Augsburg,F,FC Augsburg vs Bayer Leverkusen,57,6.3,,0,1.0,,16,11.0,,1.0,1.0,3.0,,0,0,1.0,5.0
163032,Fabian Rieder,FC Augsburg,F,Eintracht Frankfurt vs FC Augsburg,76,6.7,,0,1.0,,22,15.0,,1.0,,,1.0,0,0,2.0,5.0
163032,Fabian Rieder,FC Augsburg,F,FC Augsburg vs Werder Bremen,78,6.7,,0,,,23,18.0,,,,,3.0,0,0,4.0,8.0
163032,Fabian Rieder,FC Augsburg,F,Borussia Mönchengladbach vs FC Augsburg,45,6.5,,0,1.0,,12,9.0,,,,1.0,,0,0,,1.0
163032,Fabian Rieder,FC Augsburg,F,FC Augsburg vs Union Berlin,14,6.6,,0,1.0,1.0,3,1.0,,,,,,0,0,1.0,1.0
163032,Fabian Rieder,FC Augsburg,F,FC Augsburg vs SC Freiburg,75,6.9,,0,1.0,,21,18.0,,,,3.0,2.0,0,0,4.0,10.0
163032,Fabian Rieder,FC Augsburg,F,Bayern München vs FC Augsburg,74,6.3,,0,,,16,10.0,,1.0,,,2.0,0,0,4.0,7.0
163032,Fabian Rieder,FC Augsburg,F,FC Augsburg vs FC St. Pauli,60,6.2,,0,1.0,,13,8.0,,,1.0,2.0,,0,0,,5.0
163032,Fabian Rieder,FC Augsburg,F,FSV Mainz 05 vs FC Augsburg,9,6.7,,0,,,4,3.0,,,,,,0,0,,
163032,Fabian Rieder,FC Augsburg,F,VfL Wolfsburg vs FC Augsburg,32,6.3,,0,,,13,11.0,,,,2.0,,0,0,,3.0
163032,Fabian Rieder,FC Augsburg,F,FC Augsburg vs 1. FC Köln,90,6.6,,0,,,21,14.0,,2.0,1.0,2.0,1.0,0,0,3.0,7.0
20634,Alexis Claude-Maurice,FC Augsburg,M,FC St. Pauli vs FC Augsburg,21,6.5,,0,,,9,8.0,,1.0,,,,0,0,1.0,2.0
20634,Alexis Claude-Maurice,FC Augsburg,M,FC Augsburg vs FSV Mainz 05,90,6.5,,0,4.0,2.0,35,31.0,,,1.0,2.0,1.0,0,0,1.0,8.0
20634,Alexis Claude-Maurice,FC Augsburg,M,1. FC Heidenheim vs FC Augsburg,59,6.6,,0,1.0,,19,14.0,,,,,1.0,0,0,3.0,5.0
20634,Alexis Claude-Maurice,FC Augsburg,M,1. FC Köln vs FC Augsburg,45,6.5,,0,1.0,1.0,15,12.0,,,,2.0,1.0,0,0,3.0,9.0
20634,Alexis Claude-Maurice,FC Augsburg,M,FC Augsburg vs RB Leipzig,77,6.5,,0,5.0,1.0,35,32.0,,2.0,,1.0,1.0,1,0,6.0,10.0
20634,Alexis Claude-Maurice,FC Augsburg,M,FC Augsburg vs Borussia Dortmund,82,6.2,,0,,,29,23.0,,,,1.0,2.0,0,0,4.0,12.0
20634,Alexis Claude-Maurice,FC Augsburg,M,VfB Stuttgart vs FC Augsburg,62,6.2,,0,2.0,1.0,17,14.0,,,,,1.0,0,0,2.0,8.0
20634,Alexis Claude-Maurice,FC Augsburg,M,FC Augsburg vs Hamburger SV,64,6.6,,0,2.0,,27,25.0,,2.0,,4.0,2.0,0,0,7.0,14.0
20634,Alexis Claude-Maurice,FC Augsburg,M,1899 Hoffenheim vs FC Augsburg,8,6.6,,0,1.0,1.0,5,5.0,,,,,,0,0,,
20634,Alexis Claude-Maurice,FC Augsburg,M,FC Augsburg vs Bayer Leverkusen,70,6.6,,0,1.0,,17,15.0,,3.0,1.0,1.0,2.0,0,0,6.0,10.0
20634,Alexis Claude-Maurice,FC Augsburg,M,Eintracht Frankfurt vs FC Augsburg,66,6.7,,0,,,28,20.0,,,,1.0,3.0,1,0,6.0,10.0
20634,Alexis Claude-Maurice,FC Augsburg,M,FC Augsburg vs Werder Bremen,90,7.6,,0,2.0,2.0,40,35.0,,1.0,,,4.0,0,0,11.0,19.0
20634,Alexis Claude-Maurice,FC Augsburg,M,Borussia Mönchengladbach vs FC Augsburg,85,7,,0,2.0,,41,36.0,,2.0,,1.0,3.0,0,0,9.0,20.0
20634,Alexis Claude-Maurice,FC Augsburg,M,FC Augsburg vs Union Berlin,83,7.9,1.0,0,2.0,1.0,22,18.0,,,1.0,,3.0,0,0,4.0,8.0
20634,Alexis Claude-Maurice,FC Augsburg,M,FC Augsburg vs SC Freiburg,90,7.9,1.0,0,4.0,3.0,26,25.0,,1.0,,1.0,3.0,0,0,6.0,14.0
20634,Alexis Claude-Maurice,FC Augsburg,M,Bayern München vs FC Augsburg,90,7.2,,0,5.0,3.0,25,22.0,,6.0,1.0,1.0,1.0,0,0,10.0,19.0
20634,Alexis Claude-Maurice,FC Augsburg,M,FC Augsburg vs FC St. Pauli,90,7.9,,2,1.0,,25,21.0,,2.0,,1.0,4.0,0,0,7.0,14.0
20634,Alexis Claude-Maurice,FC Augsburg,M,FSV Mainz 05 vs FC Augsburg,90,6.3,,0,3.0,3.0,29,22.0,,2.0,,1.0,,1,0,4.0,11.0
20634,Alexis Claude-Maurice,FC Augsburg,M,FC Augsburg vs 1. FC Heidenheim,90,6.9,1.0,0,4.0,1.0,57,48.0,,1.0,,,2.0,0,0,5.0,10.0
20634,Alexis Claude-Maurice,FC Augsburg,M,VfL Wolfsburg vs FC Augsburg,90,7.3,,2,1.0,,37,33.0,,,,,,0,0,3.0,7.0
20634,Alexis Claude-Maurice,FC Augsburg,M,FC Augsburg vs 1. FC Köln,90,7.2,1.0,0,3.0,2.0,31,25.0,,2.0,,3.0,1.0,0,0,4.0,13.0
310196,Ismael Gharbi,FC Augsburg,F,FC St. Pauli vs FC Augsburg,10,6.3,,0,,,2,1.0,,,,,,0,0,,4.0
310196,Ismael Gharbi,FC Augsburg,F,FC Augsburg vs RB Leipzig,25,6.9,,0,,,19,16.0,,,,,3.0,0,0,4.0,4.0
310196,Ismael Gharbi,FC Augsburg,F,FC Augsburg vs Borussia Dortmund,14,6.7,,0,,,2,2.0,,1.0,,1.0,1.0,0,0,2.0,5.0
310196,Ismael Gharbi,FC Augsburg,F,Eintracht Frankfurt vs FC Augsburg,14,6.3,,0,1.0,,7,4.0,,,,,,0,0,,1.0
310196,Ismael Gharbi,FC Augsburg,F,Borussia Mönchengladbach vs FC Augsburg,28,6.7,,0,1.0,,13,10.0,,,,1.0,4.0,0,0,4.0,7.0
380518,Aiman Dardari,FC Augsburg,F,FC St. Pauli vs FC Augsburg,10,6.3,,0,,,3,2.0,,,,,,0,0,,
380518,Aiman Dardari,FC Augsburg,F,FC Augsburg vs RB Leipzig,13,6.2,,0,,,5,4.0,,,,1.0,,1,0,,3.0
380518,Aiman Dardari,FC Augsburg,F,FC Augsburg vs Werder Bremen,12,6.5,,0,,,2,,,,,,1.0,0,0,1.0,3.0
161921,Giovanni Reyna,Borussia Mönchengladbach,M,Borussia Mönchengladbach vs Werder Bremen,74,6.6,,0,1.0,1.0,29,20.0,,2.0,,,1.0,0,0,6.0,10.0
161921,Giovanni Reyna,Borussia Mönchengladbach,M,Bayer Leverkusen vs Borussia Mönchengladbach,10,6.9,,0,,,5,4.0,,1.0,,,,0,0,2.0,2.0
161921,Giovanni Reyna,Borussia Mönchengladbach,M,Union Berlin vs Borussia Mönchengladbach,30,6.3,,0,,,12,10.0,,,,1.0,,1,0,,3.0
161921,Giovanni Reyna,Borussia Mönchengladbach,M,Borussia Mönchengladbach vs Bayern München,13,6.3,,0,,,3,2.0,,,,,,0,0,,1.0
161921,Giovanni Reyna,Borussia Mönchengladbach,M,FC St. Pauli vs Borussia Mönchengladbach,12,6.9,,0,,,18,16.0,,,,,1.0,0,0,1.0,1.0
161921,Giovanni Reyna,Borussia Mönchengladbach,M,Borussia Mönchengladbach vs 1. FC Köln,15,6.5,,0,,,8,8.0,,,,1.0,,0,0,,6.0
161921,Giovanni Reyna,Borussia Mönchengladbach,M,1. FC Heidenheim vs Borussia Mönchengladbach,18,7.2,,0,,,20,19.0,,1.0,,,1.0,0,0,3.0,4.0
161921,Giovanni Reyna,Borussia Mönchengladbach,M,Borussia Mönchengladbach vs RB Leipzig,17,6.9,,0,,,5,4.0,,2.0,,,,0,0,2.0,2.0
161921,Giovanni Reyna,Borussia Mönchengladbach,M,FSV Mainz 05 vs Borussia Mönchengladbach,69,7.3,,0,,,41,35.0,,2.0,1.0,,1.0,0,0,5.0,8.0
161921,Giovanni Reyna,Borussia Mönchengladbach,M,Borussia Mönchengladbach vs VfL Wolfsburg,57,6.3,,0,,,16,14.0,,,1.0,3.0,,0,0,1.0,8.0
161921,Giovanni Reyna,Borussia Mönchengladbach,M,Borussia Dortmund vs Borussia Mönchengladbach,65,6.7,,0,,,33,26.0,,,2.0,,2.0,0,0,3.0,9.0
161921,Giovanni Reyna,Borussia Mönchengladbach,M,Borussia Mönchengladbach vs FC Augsburg,9,6.3,,0,,,5,4.0,,,,,,0,0,,1.0
161921,Giovanni Reyna,Borussia Mönchengladbach,M,Hamburger SV vs Borussia Mönchengladbach,21,6.3,,0,,,18,13.0,,,,,1.0,0,0,1.0,1.0
178709,Yannik Engelhardt,Borussia Mönchengladbach,M,Borussia Mönchengladbach vs Werder Bremen,30,6.9,,0,,,27,25.0,,3.0,,2.0,1.0,0,0,4.0,7.0
178709,Yannik Engelhardt,Borussia Mönchengladbach,M,Bayer Leverkusen vs Borussia Mönchengladbach,90,6.2,,0,,,37,35.0,,1.0,1.0,1.0,3.0,0,0,5.0,12.0
178709,Yannik Engelhardt,Borussia Mönchengladbach,M,Borussia Mönchengladbach vs Eintracht Frankfurt,90,7.3,1.0,0,1.0,1.0,34,26.0,,2.0,,3.0,2.0,0,0,6.0,12.0
178709,Yannik Engelhardt,Borussia Mönchengladbach,M,Borussia Mönchengladbach vs SC Freiburg,90,7.3,,0,1.0,1.0,44,42.0,,3.0,,1.0,4.0,0,0,9.0,13.0
178709,Yannik Engelhardt,Borussia Mönchengladbach,M,Union Berlin vs Borussia Mönchengladbach,60,6.6,,1,,,33,29.0,,1.0,1.0,,,0,0,3.0,5.0
178709,Yannik Engelhardt,Borussia Mönchengladbach,M,Borussia Mönchengladbach vs Bayern München,90,7.3,,0,,,22,16.0,,3.0,1.0,,,0,0,3.0,6.0
178709,Yannik Engelhardt,Borussia Mönchengladbach,M,FC St. Pauli vs Borussia Mönchengladbach,90,7,,0,2.0,1.0,56,52.0,,2.0,1.0,,,0,0,2.0,2.0
178709,Yannik Engelhardt,Borussia Mönchengladbach,M,Borussia Mönchengladbach vs 1. FC Köln,90,7.3,,0,,,31,27.0,,3.0,2.0,1.0,2.0,0,0,8.0,11.0
178709,Yannik Engelhardt,Borussia Mönchengladbach,M,1. FC Heidenheim vs Borussia Mönchengladbach,82,7.2,,0,1.0,,43,39.0,,1.0,,1.0,1.0,0,0,3.0,5.0
178709,Yannik Engelhardt,Borussia Mönchengladbach,M,Borussia Mönchengladbach vs RB Leipzig,90,6.6,,0,,,43,38.0,,,2.0,2.0,,0,0,,3.0
178709,Yannik Engelhardt,Borussia Mönchengladbach,M,FSV Mainz 05 vs Borussia Mönchengladbach,90,6.9,,0,,,50,37.0,,3.0,,1.0,,0,0,5.0,9.0
178709,Yannik Engelhardt,Borussia Mönchengladbach,M,Borussia Mönchengladbach vs VfL Wolfsburg,90,6.9,,0,1.0,,54,45.0,,1.0,1.0,,,0,0,6.0,9.0
178709,Yannik Engelhardt,Borussia Mönchengladbach,M,Borussia Dortmund vs Borussia Mönchengladbach,80,6.7,,0,,,55,46.0,,1.0,1.0,,3.0,0,0,5.0,8.0
178709,Yannik Engelhardt,Borussia Mönchengladbach,M,Borussia Mönchengladbach vs FC Augsburg,90,5.9,,0,2.0,,57,53.0,,3.0,,4.0,,0,0,4.0,14.0
178709,Yannik Engelhardt,Borussia Mönchengladbach,M,1899 Hoffenheim vs Borussia Mönchengladbach,45,6.2,,0,1.0,1.0,20,15.0,,,2.0,2.0,1.0,1,0,1.0,6.0
178709,Yannik Engelhardt,Borussia Mönchengladbach,M,Hamburger SV vs Borussia Mönchengladbach,90,6.2,,0,,,42,37.0,,1.0,,4.0,1.0,1,0,2.0,10.0
178709,Yannik Engelhardt,Borussia Mönchengladbach,M,Borussia Mönchengladbach vs VfB Stuttgart,10,6.7,,0,,,2,2.0,,,,,,0,0,,
178709,Yannik Engelhardt,Borussia Mönchengladbach,M,Werder Bremen vs Borussia Mönchengladbach,90,7.2,,0,1.0,,37,27.0,,4.0,1.0,3.0,3.0,0,0,11.0,19.0
178709,Yannik Engelhardt,Borussia Mönchengladbach,M,Borussia Mönchengladbach vs Bayer Leverkusen,90,7.3,1.0,0,1.0,1.0,59,51.0,,2.0,3.0,1.0,,0,0,3.0,6.0
178709,Yannik Engelhardt,Borussia Mönchengladbach,M,Eintracht Frankfurt vs Borussia Mönchengladbach,90,6.3,,0,2.0,,59,56.0,,1.0,1.0,1.0,,1,0,1.0,5.0
178709,Yannik Engelhardt,Borussia Mönchengladbach,M,SC Freiburg vs Borussia Mönchengladbach,62,6.7,,0,,,49,40.0,,2.0,1.0,1.0,1.0,1,0,4.0,8.0
15592,Jens Stage,Werder Bremen,M,Borussia Mönchengladbach vs Werder Bremen,63,7.7,1.0,0,1.0,1.0,25,19.0,,1.0,,3.0,,0,0,2.0,7.0
15592,Jens Stage,Werder Bremen,M,Werder Bremen vs SC Freiburg,60,6.5,,0,1.0,,24,17.0,,,,,,1,0,2.0,3.0
15592,Jens Stage,Werder Bremen,M,Bayern München vs Werder Bremen,80,7,,0,1.0,,34,29.0,,2.0,1.0,1.0,3.0,0,0,6.0,7.0
15592,Jens Stage,Werder Bremen,M,Werder Bremen vs FC St. Pauli,90,6.9,,0,1.0,1.0,40,21.0,,1.0,2.0,2.0,2.0,1,0,10.0,15.0
15592,Jens Stage,Werder Bremen,M,1. FC Heidenheim vs Werder Bremen,90,7.3,1.0,0,2.0,1.0,33,27.0,,2.0,,4.0,2.0,0,0,6.0,14.0
15592,Jens Stage,Werder Bremen,M,Werder Bremen vs Union Berlin,90,7.2,,0,1.0,,39,31.0,,5.0,,,2.0,0,0,9.0,13.0
15592,Jens Stage,Werder Bremen,M,FSV Mainz 05 vs Werder Bremen,90,7.7,1.0,0,2.0,2.0,28,23.0,,1.0,3.0,1.0,,0,0,2.0,5.0
15592,Jens Stage,Werder Bremen,M,Werder Bremen vs VfL Wolfsburg,90,8.2,1.0,0,2.0,1.0,52,41.0,,4.0,1.0,1.0,1.0,0,0,7.0,10.0
15592,Jens Stage,Werder Bremen,M,RB Leipzig vs Werder Bremen,90,6.2,,0,1.0,1.0,44,36.0,,,1.0,1.0,,0,0,2.0,6.0
15592,Jens Stage,Werder Bremen,M,Werder Bremen vs 1. FC Köln,90,7.5,,1,2.0,,44,34.0,,1.0,1.0,,1.0,0,0,4.0,6.0
15592,Jens Stage,Werder Bremen,M,Hamburger SV vs Werder Bremen,90,7.9,1.0,0,2.0,1.0,33,29.0,,1.0,,1.0,2.0,1,0,4.0,7.0
15592,Jens Stage,Werder Bremen,M,Werder Bremen vs VfB Stuttgart,90,6.2,,0,1.0,,27,19.0,,3.0,,1.0,1.0,0,0,5.0,10.0
15592,Jens Stage,Werder Bremen,M,FC Augsburg vs Werder Bremen,90,7,,0,,,31,19.0,,3.0,,,2.0,0,0,6.0,10.0
15592,Jens Stage,Werder Bremen,M,Borussia Dortmund vs Werder Bremen,90,6,,0,,,54,44.0,,,,2.0,2.0,0,0,2.0,8.0
15592,Jens Stage,Werder Bremen,M,Werder Bremen vs Eintracht Frankfurt,90,7.9,1.0,0,3.0,1.0,46,36.0,,2.0,,,2.0,0,0,5.0,6.0
15592,Jens Stage,Werder Bremen,M,Bayer Leverkusen vs Werder Bremen,90,6.2,,0,1.0,1.0,53,45.0,,1.0,2.0,,,0,0,1.0,2.0
15592,Jens Stage,Werder Bremen,M,Werder Bremen vs 1899 Hoffenheim,90,6.7,,0,3.0,2.0,49,30.0,,2.0,,2.0,,1,0,9.0,16.0
15592,Jens Stage,Werder Bremen,M,Werder Bremen vs Borussia Mönchengladbach,90,7,,0,,,52,42.0,,1.0,,,3.0,0,0,9.0,14.0
15592,Jens Stage,Werder Bremen,M,SC Freiburg vs Werder Bremen,90,6.5,,0,,,41,29.0,,1.0,4.0,1.0,2.0,0,0,7.0,10.0
15592,Jens Stage,Werder Bremen,M,Werder Bremen vs Bayern München,65,6.7,,0,1.0,,26,21.0,,2.0,2.0,1.0,,0,0,4.0,7.0
15592,Jens Stage,Werder Bremen,M,FC St. Pauli vs Werder Bremen,90,6,,0,1.0,,55,33.0,,2.0,,1.0,,0,0,2.0,8.0
48642,Cameron Puertas,Werder Bremen,M,Borussia Mönchengladbach vs Werder Bremen,83,6.9,,0,3.0,1.0,27,21.0,,4.0,,,4.0,0,0,8.0,11.0
48642,Cameron Puertas,Werder Bremen,M,Werder Bremen vs SC Freiburg,90,5.9,,0,2.0,1.0,50,47.0,,1.0,,5.0,,1,0,2.0,11.0
48642,Cameron Puertas,Werder Bremen,M,Bayern München vs Werder Bremen,61,6.3,,0,,,16,12.0,,,,,1.0,0,0,1.0,5.0
48642,Cameron Puertas,Werder Bremen,M,Werder Bremen vs FC St. Pauli,81,6.5,,0,1.0,,29,22.0,,3.0,1.0,1.0,2.0,1,0,6.0,18.0
48642,Cameron Puertas,Werder Bremen,M,1. FC Heidenheim vs Werder Bremen,68,6.2,,0,2.0,1.0,32,26.0,,1.0,1.0,3.0,,1,0,3.0,8.0
48642,Cameron Puertas,Werder Bremen,M,Werder Bremen vs Union Berlin,13,6.7,,0,,,3,,,1.0,,,,0,0,1.0,2.0
48642,Cameron Puertas,Werder Bremen,M,FSV Mainz 05 vs Werder Bremen,45,7.3,,0,,,15,14.0,,3.0,1.0,,3.0,0,0,7.0,9.0
48642,Cameron Puertas,Werder Bremen,M,Werder Bremen vs VfL Wolfsburg,12,6.5,,0,,,5,2.0,,,,1.0,,0,0,,1.0
48642,Cameron Puertas,Werder Bremen,M,RB Leipzig vs Werder Bremen,73,6.9,,0,1.0,,35,31.0,,4.0,1.0,1.0,1.0,0,0,6.0,10.0
48642,Cameron Puertas,Werder Bremen,M,Werder Bremen vs 1. FC Köln,81,6.7,,0,1.0,1.0,25,20.0,,4.0,,1.0,,0,0,5.0,11.0
48642,Cameron Puertas,Werder Bremen,M,Hamburger SV vs Werder Bremen,79,6.2,,0,2.0,,12,11.0,,3.0,1.0,1.0,,0,0,4.0,11.0
48642,Cameron Puertas,Werder Bremen,M,Werder Bremen vs VfB Stuttgart,13,6.5,,0,,,9,7.0,,,,,,0,0,,1.0
48642,Cameron Puertas,Werder Bremen,M,FC Augsburg vs Werder Bremen,75,6.6,,0,1.0,,23,19.0,,3.0,,2.0,,0,0,4.0,9.0
48642,Cameron Puertas,Werder Bremen,M,Borussia Dortmund vs Werder Bremen,9,6.3,,0,,,7,5.0,,,,,1.0,0,0,1.0,2.0
48642,Cameron Puertas,Werder Bremen,M,Werder Bremen vs 1899 Hoffenheim,76,7,,0,,,42,35.0,,2.0,,1.0,3.0,0,0,6.0,9.0
48642,Cameron Puertas,Werder Bremen,M,SC Freiburg vs Werder Bremen,15,6.9,,0,,,11,10.0,,,,,,0,0,,
48642,Cameron Puertas,Werder Bremen,M,Werder Bremen vs Bayern München,90,7.2,,0,1.0,,46,37.0,,6.0,3.0,2.0,2.0,1,0,9.0,13.0
48642,Cameron Puertas,Werder Bremen,M,FC St. Pauli vs Werder Bremen,79,7,,0,,,49,44.0,,4.0,2.0,1.0,,0,0,6.0,10.0
39071,Victor Okoh Boniface,Werder Bremen,F,Borussia Mönchengladbach vs Werder Bremen,15,6.6,,1,,,5,5.0,,,,,,0,0,,2.0
39071,Victor Okoh Boniface,Werder Bremen,F,Werder Bremen vs SC Freiburg,30,6.2,,0,1.0,1.0,14,10.0,,,,1.0,,1,0,1.0,4.0
39071,Victor Okoh Boniface,Werder Bremen,F,Bayern München vs Werder Bremen,29,6.5,,0,,,9,8.0,,,,,,0,0,,2.0
39071,Victor Okoh Boniface,Werder Bremen,F,Werder Bremen vs FC St. Pauli,9,7,,0,1.0,,5,2.0,,1.0,,,,0,0,3.0,4.0
39071,Victor Okoh Boniface,Werder Bremen,F,1. FC Heidenheim vs Werder Bremen,22,6.7,,0,2.0,1.0,9,7.0,,,,,,0,0,3.0,5.0
39071,Victor Okoh Boniface,Werder Bremen,F,Werder Bremen vs Union Berlin,85,7,,0,2.0,1.0,19,14.0,,,,,2.0,0,0,5.0,13.0
39071,Victor Okoh Boniface,Werder Bremen,F,FSV Mainz 05 vs Werder Bremen,64,6.9,,0,,,17,9.0,,,,,3.0,0,0,7.0,8.0
39071,Victor Okoh Boniface,Werder Bremen,F,Werder Bremen vs VfL Wolfsburg,24,7,,1,4.0,2.0,3,2.0,,,,,1.0,0,0,5.0,5.0
39071,Victor Okoh Boniface,Werder Bremen,F,RB Leipzig vs Werder Bremen,17,6.2,,0,1.0,,7,5.0,,1.0,,,,0,0,2.0,5.0
39071,Victor Okoh Boniface,Werder Bremen,F,Werder Bremen vs 1. FC Köln,19,6.9,,0,1.0,1.0,13,8.0,,,,,,0,0,1.0,2.0
39071,Victor Okoh Boniface,Werder Bremen,F,Hamburger SV vs Werder Bremen,11,6.5,,0,,,8,5.0,,,,,,0,0,1.0,2.0
25389,Ihlas Bebou,1899 Hoffenheim,F,1899 Hoffenheim vs Bayern München,12,6.3,,0,,,2,2.0,,,,,,0,0,,
25389,Ihlas Bebou,1899 Hoffenheim,F,SC Freiburg vs 1899 Hoffenheim,9,6.7,,0,,,1,1.0,,,,,,0,0,,
25389,Ihlas Bebou,1899 Hoffenheim,F,1899 Hoffenheim vs 1. FC Köln,26,6.3,,0,,,2,1.0,,,,,1.0,0,0,1.0,2.0
25389,Ihlas Bebou,1899 Hoffenheim,F,FC St. Pauli vs 1899 Hoffenheim,11,6.5,,0,,,1,,,,,1.0,,0,0,,2.0
25389,Ihlas Bebou,1899 Hoffenheim,F,VfL Wolfsburg vs 1899 Hoffenheim,15,6.3,,0,2.0,,6,6.0,,,,1.0,,0,0,,2.0
25389,Ihlas Bebou,1899 Hoffenheim,F,1899 Hoffenheim vs RB Leipzig,14,6.9,,0,,,5,3.0,,,,,,0,0,1.0,2.0
25389,Ihlas Bebou,1899 Hoffenheim,F,FSV Mainz 05 vs 1899 Hoffenheim,9,6.5,,0,,,2,2.0,,,,,,0,0,,
25389,Ihlas Bebou,1899 Hoffenheim,F,Borussia Dortmund vs 1899 Hoffenheim,17,6.3,,0,1.0,1.0,3,3.0,,,1.0,,,0,0,1.0,2.0
25389,Ihlas Bebou,1899 Hoffenheim,F,1899 Hoffenheim vs Hamburger SV,10,7.3,,0,,,5,5.0,,,,,1.0,0,0,1.0,2.0
25389,Ihlas Bebou,1899 Hoffenheim,F,1899 Hoffenheim vs Bayer Leverkusen,9,6.5,,0,,,0,,,,,,,0,0,,2.0
25389,Ihlas Bebou,1899 Hoffenheim,F,Eintracht Frankfurt vs 1899 Hoffenheim,14,6.5,,0,,,3,2.0,,,2.0,1.0,,1,0,,1.0
25389,Ihlas Bebou,1899 Hoffenheim,F,1899 Hoffenheim vs Union Berlin,12,6.3,,0,1.0,1.0,1,,,,,,,0,0,,3.0
25389,Ihlas Bebou,1899 Hoffenheim,F,Bayern München vs 1899 Hoffenheim,24,6.2,,0,,,8,7.0,,1.0,,2.0,,0,0,1.0,4.0
25389,Ihlas Bebou,1899 Hoffenheim,F,1899 Hoffenheim vs SC Freiburg,11,6.7,,0,,,3,3.0,,,,,,0,0,1.0,2.0
8651,Samuel Essende,FC Augsburg,F,FC Augsburg vs FSV Mainz 05,45,7.6,1.0,0,2.0,2.0,10,8.0,,,,,2.0,0,0,3.0,7.0
8651,Samuel Essende,FC Augsburg,F,1. FC Heidenheim vs FC Augsburg,90,6.2,,0,,,15,11.0,,1.0,,6.0,2.0,1,0,9.0,22.0
8651,Samuel Essende,FC Augsburg,F,FC Augsburg vs VfL Wolfsburg,11,6.5,,0,1.0,,5,3.0,,,,1.0,1.0,0,0,1.0,3.0
8651,Samuel Essende,FC Augsburg,F,1. FC Köln vs FC Augsburg,11,6.2,,0,,,1,,,,,2.0,,0,0,,2.0
8651,Samuel Essende,FC Augsburg,F,FC Augsburg vs Borussia Dortmund,8,6.7,,0,,,2,2.0,,,,1.0,1.0,0,0,2.0,4.0
8651,Samuel Essende,FC Augsburg,F,VfB Stuttgart vs FC Augsburg,28,5.9,,0,2.0,,6,3.0,,,,1.0,,0,0,1.0,7.0
8651,Samuel Essende,FC Augsburg,F,FC Augsburg vs Hamburger SV,26,6.3,,0,1.0,1.0,6,3.0,,,,1.0,1.0,0,0,3.0,9.0
8651,Samuel Essende,FC Augsburg,F,1899 Hoffenheim vs FC Augsburg,90,6.3,,0,1.0,,15,12.0,,,,2.0,3.0,0,0,7.0,21.0
8651,Samuel Essende,FC Augsburg,F,Eintracht Frankfurt vs FC Augsburg,14,6.2,,0,2.0,,4,3.0,,,,,,0,0,1.0,3.0
8651,Samuel Essende,FC Augsburg,F,Borussia Mönchengladbach vs FC Augsburg,45,6,,0,2.0,,10,7.0,,3.0,,1.0,,0,0,3.0,6.0
8651,Samuel Essende,FC Augsburg,F,FC Augsburg vs Union Berlin,14,6.9,,0,,,4,2.0,,,,,2.0,0,0,3.0,3.0
8651,Samuel Essende,FC Augsburg,F,Bayern München vs FC Augsburg,27,6.6,,0,1.0,,4,4.0,,,,,2.0,0,0,4.0,5.0
8651,Samuel Essende,FC Augsburg,F,FC Augsburg vs FC St. Pauli,12,6.5,,0,1.0,1.0,7,3.0,,,,,,0,0,1.0,1.0
25066,Maxim Leitsch,FSV Mainz 05,D,FC Augsburg vs FSV Mainz 05,9,6.2,,0,,,2,1.0,,,,1.0,,0,0,,3.0
25066,Maxim Leitsch,FSV Mainz 05,D,FSV Mainz 05 vs Borussia Dortmund,63,6.7,,0,,,19,14.0,,2.0,3.0,1.0,1.0,0,0,5.0,9.0
25066,Maxim Leitsch,FSV Mainz 05,D,FSV Mainz 05 vs Borussia Mönchengladbach,90,7.2,,0,1.0,,69,57.0,,1.0,2.0,,,0,0,4.0,7.0
1427,Albert Sambi Lokonga,Hamburger SV,M,Hamburger SV vs 1. FC Heidenheim,16,6.7,,0,,,8,7.0,,1.0,2.0,,,0,0,2.0,3.0
1427,Albert Sambi Lokonga,Hamburger SV,M,Union Berlin vs Hamburger SV,14,6.7,,0,,,11,9.0,,,,,,0,0,,
1427,Albert Sambi Lokonga,Hamburger SV,M,Hamburger SV vs FSV Mainz 05,62,7.2,1.0,0,1.0,1.0,22,19.0,,3.0,,,,0,0,5.0,9.0
1427,Albert Sambi Lokonga,Hamburger SV,M,RB Leipzig vs Hamburger SV,76,8.3,1.0,0,1.0,1.0,32,28.0,,1.0,,1.0,1.0,0,0,2.0,4.0
1427,Albert Sambi Lokonga,Hamburger SV,M,Hamburger SV vs VfL Wolfsburg,64,7.2,,0,3.0,,26,22.0,,2.0,,1.0,2.0,0,0,6.0,11.0
1427,Albert Sambi Lokonga,Hamburger SV,M,1. FC Köln vs Hamburger SV,89,6.2,,0,1.0,1.0,35,33.0,,,,1.0,1.0,0,0,1.0,5.0
1427,Albert Sambi Lokonga,Hamburger SV,M,Hamburger SV vs Borussia Dortmund,90,7.3,,0,,,38,34.0,,2.0,1.0,,1.0,0,0,6.0,10.0
1427,Albert Sambi Lokonga,Hamburger SV,M,FC Augsburg vs Hamburger SV,86,6.7,,0,,,37,31.0,,,1.0,1.0,2.0,0,0,5.0,7.0
1427,Albert Sambi Lokonga,Hamburger SV,M,Hamburger SV vs VfB Stuttgart,67,6.6,,0,,,14,12.0,,1.0,2.0,,1.0,0,0,2.0,4.0
1427,Albert Sambi Lokonga,Hamburger SV,M,Hamburger SV vs Werder Bremen,90,8,1.0,0,2.0,2.0,61,54.0,,3.0,1.0,2.0,1.0,0,0,9.0,16.0
1427,Albert Sambi Lokonga,Hamburger SV,M,1899 Hoffenheim vs Hamburger SV,90,6.2,,0,1.0,1.0,37,35.0,,1.0,,2.0,2.0,1,0,4.0,10.0
1427,Albert Sambi Lokonga,Hamburger SV,M,Hamburger SV vs Eintracht Frankfurt,90,8.3,1.0,0,1.0,1.0,33,28.0,,4.0,2.0,,2.0,0,0,7.0,9.0
1427,Albert Sambi Lokonga,Hamburger SV,M,SC Freiburg vs Hamburger SV,89,6.6,,0,1.0,,27,21.0,,,,1.0,2.0,0,0,3.0,6.0
1427,Albert Sambi Lokonga,Hamburger SV,M,FC St. Pauli vs Hamburger SV,3,,,0,,,3,3.0,,,,,,0,0,,
1427,Albert Sambi Lokonga,Hamburger SV,M,Hamburger SV vs Bayern München,85,6.9,,0,,,36,33.0,,3.0,1.0,2.0,2.0,1,0,6.0,11.0
1427,Albert Sambi Lokonga,Hamburger SV,M,1. FC Heidenheim vs Hamburger SV,45,6.6,,0,1.0,1.0,26,23.0,,,,1.0,,0,0,1.0,3.0
26530,Stefan Schimmer,1. FC Heidenheim,F,Hamburger SV vs 1. FC Heidenheim,22,6.2,,0,2.0,1.0,6,2.0,,,1.0,,,0,0,1.0,2.0
26530,Stefan Schimmer,1. FC Heidenheim,F,VfB Stuttgart vs 1. FC Heidenheim,16,6.5,,0,,,3,,,,,,,0,0,,
26530,Stefan Schimmer,1. FC Heidenheim,F,1. FC Heidenheim vs Werder Bremen,57,7.2,1.0,0,2.0,1.0,13,10.0,,,,1.0,1.0,0,0,1.0,4.0
26530,Stefan Schimmer,1. FC Heidenheim,F,1899 Hoffenheim vs 1. FC Heidenheim,45,7.7,1.0,0,2.0,1.0,6,4.0,,,1.0,2.0,1.0,0,0,6.0,12.0
26530,Stefan Schimmer,1. FC Heidenheim,F,1. FC Heidenheim vs Eintracht Frankfurt,70,7.2,,0,1.0,,9,8.0,,1.0,,,1.0,0,0,6.0,10.0
26530,Stefan Schimmer,1. FC Heidenheim,F,1. FC Heidenheim vs Borussia Mönchengladbach,28,6.7,,0,,,14,10.0,,1.0,,,,0,0,2.0,2.0
26530,Stefan Schimmer,1. FC Heidenheim,F,Union Berlin vs 1. FC Heidenheim,33,7.5,1.0,0,2.0,1.0,5,4.0,,,,1.0,,1,0,2.0,4.0
26530,Stefan Schimmer,1. FC Heidenheim,F,1. FC Heidenheim vs SC Freiburg,20,7.7,1.0,0,2.0,2.0,6,2.0,,,1.0,,1.0,0,0,2.0,4.0
26530,Stefan Schimmer,1. FC Heidenheim,F,FC St. Pauli vs 1. FC Heidenheim,45,5.9,,1,3.0,1.0,9,7.0,,,,2.0,,0,0,1.0,7.0
26530,Stefan Schimmer,1. FC Heidenheim,F,1. FC Heidenheim vs Bayern München,45,6.5,,0,2.0,1.0,4,3.0,,,,,1.0,0,0,1.0,2.0
26530,Stefan Schimmer,1. FC Heidenheim,F,1. FC Heidenheim vs 1. FC Köln,12,6.2,,0,,,4,2.0,,,,1.0,,0,0,,4.0
26530,Stefan Schimmer,1. FC Heidenheim,F,FSV Mainz 05 vs 1. FC Heidenheim,32,6.6,1.0,0,1.0,1.0,7,4.0,,,,1.0,,0,0,2.0,7.0
26530,Stefan Schimmer,1. FC Heidenheim,F,VfL Wolfsburg vs 1. FC Heidenheim,13,6.5,,0,,,3,2.0,,,,,,0,0,,
26530,Stefan Schimmer,1. FC Heidenheim,F,1. FC Heidenheim vs RB Leipzig,27,6.3,,0,,,4,2.0,,,,,,0,0,2.0,4.0
26530,Stefan Schimmer,1. FC Heidenheim,F,Borussia Dortmund vs 1. FC Heidenheim,10,6.6,,0,,,2,1.0,,1.0,,,,0,0,1.0,1.0
26530,Stefan Schimmer,1. FC Heidenheim,F,1. FC Heidenheim vs Hamburger SV,45,6.3,,0,,,6,4.0,,1.0,,1.0,,0,0,2.0,6.0
26530,Stefan Schimmer,1. FC Heidenheim,F,FC Augsburg vs 1. FC Heidenheim,64,5.9,,0,,,13,9.0,,,,1.0,,0,0,1.0,7.0
26530,Stefan Schimmer,1. FC Heidenheim,F,1. FC Heidenheim vs VfB Stuttgart,25,6.3,,0,1.0,1.0,8,6.0,,1.0,,,,0,0,2.0,4.0
431917,Adam Kölle,1. FC Heidenheim,D,Hamburger SV vs 1. FC Heidenheim,12,7.2,1.0,0,1.0,1.0,7,3.0,,1.0,,2.0,,1,0,3.0,9.0
431917,Adam Kölle,1. FC Heidenheim,D,1. FC Heidenheim vs FC Augsburg,15,6.3,,0,,,2,1.0,,,,1.0,1.0,0,0,1.0,2.0
431917,Adam Kölle,1. FC Heidenheim,D,Bayer Leverkusen vs 1. FC Heidenheim,45,6.3,,0,,,11,10.0,,,,,,0,0,,2.0
431917,Adam Kölle,1. FC Heidenheim,D,1. FC Heidenheim vs VfB Stuttgart,15,5.9,,0,1.0,,7,5.0,,,1.0,1.0,,0,0,1.0,3.0
480613,Yannik Wagner,1. FC Heidenheim,F,Hamburger SV vs 1. FC Heidenheim,12,7,,0,,,3,3.0,,1.0,,,,0,0,1.0,2.0
480613,Yannik Wagner,1. FC Heidenheim,F,VfB Stuttgart vs 1. FC Heidenheim,10,6.7,,0,,,2,2.0,,,,,,0,0,,
480613,Yannik Wagner,1. FC Heidenheim,F,Union Berlin vs 1. FC Heidenheim,14,6.5,,0,,,5,2.0,,,,,,0,0,,
480613,Yannik Wagner,1. FC Heidenheim,F,FSV Mainz 05 vs 1. FC Heidenheim,9,6.3,,0,,,0,,,,,,,0,0,,
342320,Kosta Nedeljković,RB Leipzig,D,RB Leipzig vs 1. FC Köln,10,6.6,,0,,,1,1.0,,,,,,0,0,,
342320,Kosta Nedeljković,RB Leipzig,D,RB Leipzig vs Eintracht Frankfurt,90,6.9,,0,,,46,41.0,,,,,,0,0,1.0,3.0
342320,Kosta Nedeljković,RB Leipzig,D,Union Berlin vs RB Leipzig,81,5.7,,0,,,38,31.0,,1.0,1.0,1.0,1.0,0,0,2.0,7.0
342320,Kosta Nedeljković,RB Leipzig,D,RB Leipzig vs Bayer Leverkusen,70,6,,0,,,38,34.0,,,,,,0,0,1.0,5.0
25380,Linton Maina,1. FC Köln,M,RB Leipzig vs 1. FC Köln,32,6.9,,0,,,18,17.0,,,,,,0,0,1.0,1.0
25380,Linton Maina,1. FC Köln,M,1. FC Köln vs VfB Stuttgart,63,7.2,,0,,,18,15.0,,,,1.0,1.0,0,0,1.0,2.0
25380,Linton Maina,1. FC Köln,M,1899 Hoffenheim vs 1. FC Köln,18,6.9,,0,,,10,9.0,,,,,,0,0,,1.0
25380,Linton Maina,1. FC Köln,M,Borussia Dortmund vs 1. FC Köln,18,6.5,,0,,,0,,,,,,,0,0,,1.0
25380,Linton Maina,1. FC Köln,M,1. FC Köln vs Hamburger SV,67,6.5,,0,3.0,1.0,13,10.0,,,,1.0,1.0,0,0,2.0,4.0
25380,Linton Maina,1. FC Köln,M,Borussia Mönchengladbach vs 1. FC Köln,23,6.9,,0,,,22,20.0,,,1.0,,,0,0,2.0,4.0
25380,Linton Maina,1. FC Köln,M,1. FC Köln vs FC St. Pauli,8,6.2,,0,,,3,2.0,,,,,,0,0,,3.0
25380,Linton Maina,1. FC Köln,M,Bayer Leverkusen vs 1. FC Köln,45,6.5,,0,2.0,2.0,14,12.0,,1.0,,1.0,1.0,0,0,2.0,5.0
25380,Linton Maina,1. FC Köln,M,1. FC Köln vs Union Berlin,12,6.7,,0,,,2,2.0,,,,,1.0,0,0,1.0,1.0
25380,Linton Maina,1. FC Köln,M,1. FC Heidenheim vs 1. FC Köln,28,6.7,,0,,,7,7.0,,,,,,0,0,,
25380,Linton Maina,1. FC Köln,M,1. FC Köln vs Bayern München,67,7.9,1.0,0,1.0,1.0,12,10.0,,1.0,,,,0,0,1.0,3.0
25380,Linton Maina,1. FC Köln,M,1. FC Köln vs FSV Mainz 05,73,6.3,,0,1.0,1.0,21,18.0,,,,,,0,0,1.0,3.0
25380,Linton Maina,1. FC Köln,M,SC Freiburg vs 1. FC Köln,86,6.2,,0,3.0,1.0,25,17.0,,,,,,0,0,,2.0
25380,Linton Maina,1. FC Köln,M,1. FC Köln vs VfL Wolfsburg,75,7.9,1.0,0,2.0,1.0,14,14.0,,1.0,,1.0,,0,0,1.0,4.0
362884,Kauã Santos,Eintracht Frankfurt,G,Eintracht Frankfurt vs Union Berlin,90,5.9,,0,,,25,19.0,,,,,,0,0,1.0,1.0
362884,Kauã Santos,Eintracht Frankfurt,G,Borussia Mönchengladbach vs Eintracht Frankfurt,90,6.3,,0,,,40,27.0,,,,,,0,0,1.0,1.0
362884,Kauã Santos,Eintracht Frankfurt,G,Eintracht Frankfurt vs Bayern München,90,5.9,,0,,,42,21.0,,1.0,,,,0,0,1.0,1.0
362884,Kauã Santos,Eintracht Frankfurt,G,SC Freiburg vs Eintracht Frankfurt,90,6.2,,0,,,36,27.0,,,,,,0,0,,
362884,Kauã Santos,Eintracht Frankfurt,G,Eintracht Frankfurt vs Borussia Dortmund,90,7.3,,0,,,37,19.0,,,,,,0,0,3.0,3.0
362884,Kauã Santos,Eintracht Frankfurt,G,VfB Stuttgart vs Eintracht Frankfurt,90,7,,0,,,41,26.0,,,,,,0,0,,
362884,Kauã Santos,Eintracht Frankfurt,G,Werder Bremen vs Eintracht Frankfurt,90,6,,0,,,30,18.0,,,,,,0,0,,
362884,Kauã Santos,Eintracht Frankfurt,G,Eintracht Frankfurt vs 1899 Hoffenheim,90,6.2,,0,,,41,16.0,,,,,,0,0,1.0,2.0
362884,Kauã Santos,Eintracht Frankfurt,G,Eintracht Frankfurt vs Bayer Leverkusen,90,5.2,,0,,,41,30.0,,,,,,0,0,,
362884,Kauã Santos,Eintracht Frankfurt,G,Union Berlin vs Eintracht Frankfurt,90,7,,0,,,36,26.0,,,,,,0,0,1.0,1.0
362884,Kauã Santos,Eintracht Frankfurt,G,Eintracht Frankfurt vs Borussia Mönchengladbach,90,8.2,,0,,,31,25.0,,,,,1.0,0,0,3.0,3.0
362884,Kauã Santos,Eintracht Frankfurt,G,Bayern München vs Eintracht Frankfurt,90,8.5,,0,,,26,15.0,,,,,1.0,0,0,2.0,2.0
162414,Aurèle Amenda,Eintracht Frankfurt,D,Eintracht Frankfurt vs Union Berlin,10,7,,0,,,12,11.0,,,,,1.0,0,0,2.0,2.0
162414,Aurèle Amenda,Eintracht Frankfurt,D,Borussia Mönchengladbach vs Eintracht Frankfurt,12,6,,0,,,9,9.0,,,,,,1,0,,
162414,Aurèle Amenda,Eintracht Frankfurt,D,SC Freiburg vs Eintracht Frankfurt,90,7,,0,1.0,,63,49.0,,,,2.0,1.0,1,0,8.0,11.0
162414,Aurèle Amenda,Eintracht Frankfurt,D,RB Leipzig vs Eintracht Frankfurt,21,6.6,,0,,,18,17.0,,,,,,0,0,,1.0
162414,Aurèle Amenda,Eintracht Frankfurt,D,Eintracht Frankfurt vs FC Augsburg,28,6.9,,0,,,13,11.0,,,1.0,,1.0,0,0,3.0,3.0
162414,Aurèle Amenda,Eintracht Frankfurt,D,Hamburger SV vs Eintracht Frankfurt,90,7,,0,,,80,74.0,,1.0,3.0,,,0,0,5.0,10.0
162414,Aurèle Amenda,Eintracht Frankfurt,D,VfB Stuttgart vs Eintracht Frankfurt,90,6,,0,,,50,35.0,,,2.0,1.0,,0,0,5.0,8.0
162414,Aurèle Amenda,Eintracht Frankfurt,D,Eintracht Frankfurt vs 1899 Hoffenheim,90,5.2,,0,,,48,44.0,,1.0,1.0,2.0,,0,0,2.0,6.0
162414,Aurèle Amenda,Eintracht Frankfurt,D,Eintracht Frankfurt vs Bayer Leverkusen,90,6.2,,0,2.0,,64,57.0,,1.0,2.0,1.0,,0,0,4.0,5.0
162414,Aurèle Amenda,Eintracht Frankfurt,D,Eintracht Frankfurt vs Borussia Mönchengladbach,90,7.9,,0,1.0,1.0,49,42.0,,1.0,,,1.0,0,0,8.0,11.0
162414,Aurèle Amenda,Eintracht Frankfurt,D,Bayern München vs Eintracht Frankfurt,90,5.3,,0,,,78,68.0,,1.0,1.0,1.0,,1,0,2.0,5.0
376,Diogo Leite,Union Berlin,D,Eintracht Frankfurt vs Union Berlin,90,6.3,,0,,,24,15.0,,,,,2.0,0,0,2.0,4.0
376,Diogo Leite,Union Berlin,D,Union Berlin vs Hamburger SV,90,7.3,,0,,,29,23.0,,4.0,3.0,2.0,3.0,0,0,7.0,15.0
376,Diogo Leite,Union Berlin,D,Bayer Leverkusen vs Union Berlin,71,5.6,,0,,,22,14.0,,,2.0,2.0,,1,0,2.0,8.0
376,Diogo Leite,Union Berlin,D,Union Berlin vs Borussia Mönchengladbach,90,6.6,,0,,,28,20.0,,,2.0,2.0,,0,0,2.0,5.0
376,Diogo Leite,Union Berlin,D,Werder Bremen vs Union Berlin,79,7,,0,,,25,15.0,,2.0,1.0,1.0,2.0,0,0,5.0,8.0
376,Diogo Leite,Union Berlin,D,Union Berlin vs SC Freiburg,90,7,,0,,,30,22.0,,1.0,1.0,3.0,3.0,0,0,7.0,16.0
376,Diogo Leite,Union Berlin,D,Union Berlin vs Bayern München,90,6.9,,0,,,30,29.0,,1.0,,,,0,0,2.0,2.0
376,Diogo Leite,Union Berlin,D,FC St. Pauli vs Union Berlin,90,7.5,,0,,,61,48.0,,2.0,,2.0,1.0,0,0,9.0,14.0
376,Diogo Leite,Union Berlin,D,Union Berlin vs 1. FC Heidenheim,90,6.9,,0,1.0,,51,37.0,,1.0,2.0,,2.0,0,0,10.0,14.0
376,Diogo Leite,Union Berlin,D,Union Berlin vs RB Leipzig,90,6.2,,0,1.0,,35,19.0,,3.0,3.0,3.0,,0,0,5.0,9.0
376,Diogo Leite,Union Berlin,D,1. FC Köln vs Union Berlin,90,7,,0,,,54,45.0,,,,1.0,1.0,0,0,7.0,12.0
376,Diogo Leite,Union Berlin,D,Union Berlin vs FSV Mainz 05,78,6.6,,0,,,69,50.0,,2.0,2.0,1.0,1.0,1,0,6.0,9.0
376,Diogo Leite,Union Berlin,D,FC Augsburg vs Union Berlin,82,6.5,,0,,,70,53.0,,,3.0,1.0,,0,0,1.0,6.0
376,Diogo Leite,Union Berlin,D,VfB Stuttgart vs Union Berlin,90,6.6,,0,,,47,36.0,,,2.0,2.0,,0,0,2.0,4.0
376,Diogo Leite,Union Berlin,D,Union Berlin vs Borussia Dortmund,76,6.9,,0,2.0,1.0,47,35.0,,2.0,2.0,,1.0,0,0,6.0,10.0
376,Diogo Leite,Union Berlin,D,1899 Hoffenheim vs Union Berlin,75,6,,0,1.0,,33,19.0,,2.0,3.0,,,0,0,6.0,7.0
343320,Eliesse Ben Seghir,Bayer Leverkusen,F,Bayer Leverkusen vs Borussia Mönchengladbach,76,7.7,,0,1.0,1.0,44,40.0,,,1.0,1.0,3.0,1,0,7.0,9.0
343320,Eliesse Ben Seghir,Bayer Leverkusen,F,FC St. Pauli vs Bayer Leverkusen,56,6.3,,0,,,20,13.0,,,,,,0,0,2.0,4.0
343320,Eliesse Ben Seghir,Bayer Leverkusen,F,FSV Mainz 05 vs Bayer Leverkusen,11,6.9,,0,,,10,8.0,,1.0,,1.0,,1,0,2.0,4.0
343320,Eliesse Ben Seghir,Bayer Leverkusen,F,Bayer Leverkusen vs SC Freiburg,9,6.7,,0,,,5,4.0,,,,,,0,0,1.0,1.0
343320,Eliesse Ben Seghir,Bayer Leverkusen,F,Bayern München vs Bayer Leverkusen,8,6.3,,0,,,2,2.0,,,,,,0,0,,
343320,Eliesse Ben Seghir,Bayer Leverkusen,F,Bayer Leverkusen vs 1. FC Heidenheim,15,6.3,,0,,,12,11.0,,1.0,,1.0,1.0,0,0,2.0,6.0
343320,Eliesse Ben Seghir,Bayer Leverkusen,F,FC Augsburg vs Bayer Leverkusen,29,6.7,,0,1.0,,19,18.0,,1.0,,,1.0,0,0,3.0,6.0
25635,Jonas Hofmann,Bayer Leverkusen,M,Bayer Leverkusen vs Borussia Mönchengladbach,12,6.5,,0,,,5,4.0,,,,1.0,,1,0,,1.0
25635,Jonas Hofmann,Bayer Leverkusen,M,FC St. Pauli vs Bayer Leverkusen,15,6.3,,0,,,5,4.0,,,,,1.0,0,0,1.0,1.0
25635,Jonas Hofmann,Bayer Leverkusen,M,Bayer Leverkusen vs Union Berlin,9,6.3,,0,1.0,,13,11.0,,,,,,0,0,,
25635,Jonas Hofmann,Bayer Leverkusen,M,FSV Mainz 05 vs Bayer Leverkusen,66,7.9,,1,1.0,1.0,29,22.0,,2.0,,1.0,2.0,0,0,5.0,9.0
25635,Jonas Hofmann,Bayer Leverkusen,M,Bayer Leverkusen vs SC Freiburg,67,6.3,,0,,,35,29.0,,1.0,,,,0,0,1.0,3.0
25635,Jonas Hofmann,Bayer Leverkusen,M,Bayern München vs Bayer Leverkusen,34,6.3,,0,,,15,12.0,,,,,,0,0,1.0,3.0
25635,Jonas Hofmann,Bayer Leverkusen,M,Bayer Leverkusen vs 1. FC Heidenheim,90,7.2,1.0,0,4.0,3.0,61,57.0,,,,1.0,,0,0,,3.0
25635,Jonas Hofmann,Bayer Leverkusen,M,VfL Wolfsburg vs Bayer Leverkusen,90,8.2,1.0,0,1.0,1.0,49,45.0,,2.0,,,2.0,0,0,5.0,5.0
25635,Jonas Hofmann,Bayer Leverkusen,M,Bayer Leverkusen vs Borussia Dortmund,74,6.3,,0,2.0,,34,25.0,,3.0,,,,0,0,4.0,5.0
25635,Jonas Hofmann,Bayer Leverkusen,M,FC Augsburg vs Bayer Leverkusen,61,6.3,,0,1.0,,28,20.0,,,1.0,,1.0,0,0,2.0,6.0
25635,Jonas Hofmann,Bayer Leverkusen,M,Bayer Leverkusen vs 1. FC Köln,62,7.2,,0,2.0,1.0,39,33.0,,1.0,,,,0,0,2.0,2.0
25635,Jonas Hofmann,Bayer Leverkusen,M,RB Leipzig vs Bayer Leverkusen,57,6.7,,0,,,28,22.0,,,,,2.0,0,0,3.0,5.0
25635,Jonas Hofmann,Bayer Leverkusen,M,Bayer Leverkusen vs VfB Stuttgart,24,6.7,,0,,,6,5.0,,,,1.0,,0,0,,
25635,Jonas Hofmann,Bayer Leverkusen,M,1899 Hoffenheim vs Bayer Leverkusen,9,6.3,,0,1.0,,8,7.0,,,,,,0,0,,
25635,Jonas Hofmann,Bayer Leverkusen,M,Bayer Leverkusen vs Werder Bremen,90,7.3,,0,1.0,,53,41.0,,3.0,1.0,,,1,0,5.0,7.0
25635,Jonas Hofmann,Bayer Leverkusen,M,Eintracht Frankfurt vs Bayer Leverkusen,26,6.6,,0,,,22,18.0,,1.0,,,,0,0,1.0,2.0
25635,Jonas Hofmann,Bayer Leverkusen,M,Borussia Mönchengladbach vs Bayer Leverkusen,80,6.7,,0,,,37,32.0,,,,,1.0,0,0,1.0,1.0
25635,Jonas Hofmann,Bayer Leverkusen,M,Bayer Leverkusen vs FC St. Pauli,18,6.7,,1,,,18,16.0,,,,,,0,0,,1.0
25635,Jonas Hofmann,Bayer Leverkusen,M,Union Berlin vs Bayer Leverkusen,22,6.5,,0,,,15,13.0,,,,,,1,0,,
412705,Charles Herrmann,Borussia Mönchengladbach,M,Bayer Leverkusen vs Borussia Mönchengladbach,10,6.9,,1,,,3,2.0,,,1.0,1.0,,0,0,,2.0
26243,Nico Schlotterbeck,Borussia Dortmund,D,Borussia Dortmund vs VfL Wolfsburg,90,7.7,,0,,,79,72.0,,,1.0,,,0,0,1.0,5.0
26243,Nico Schlotterbeck,Borussia Dortmund,D,FSV Mainz 05 vs Borussia Dortmund,90,7.7,,0,,,49,41.0,,2.0,,1.0,1.0,0,0,8.0,10.0
26243,Nico Schlotterbeck,Borussia Dortmund,D,Borussia Dortmund vs RB Leipzig,90,7.9,,0,,,79,74.0,,1.0,3.0,1.0,1.0,1,0,3.0,8.0
26243,Nico Schlotterbeck,Borussia Dortmund,D,Bayern München vs Borussia Dortmund,90,8.2,,0,1.0,,61,48.0,,4.0,4.0,1.0,2.0,0,0,9.0,10.0
26243,Nico Schlotterbeck,Borussia Dortmund,D,Borussia Dortmund vs 1. FC Köln,90,7.7,,0,3.0,1.0,98,93.0,,2.0,,,,0,0,3.0,5.0
26243,Nico Schlotterbeck,Borussia Dortmund,D,Hamburger SV vs Borussia Dortmund,90,7.7,,1,1.0,,58,51.0,,4.0,,,2.0,0,0,10.0,15.0
26243,Nico Schlotterbeck,Borussia Dortmund,D,Borussia Dortmund vs VfB Stuttgart,90,7.3,,0,,,52,43.0,,4.0,1.0,1.0,3.0,0,0,9.0,13.0
26243,Nico Schlotterbeck,Borussia Dortmund,D,Bayer Leverkusen vs Borussia Dortmund,90,6.6,,0,,,63,52.0,,,2.0,3.0,2.0,1,0,2.0,5.0
26243,Nico Schlotterbeck,Borussia Dortmund,D,Borussia Dortmund vs 1899 Hoffenheim,90,8.9,1.0,0,1.0,1.0,64,55.0,,4.0,,,1.0,0,0,7.0,8.0
26243,Nico Schlotterbeck,Borussia Dortmund,D,SC Freiburg vs Borussia Dortmund,90,7.2,,0,,,54,47.0,,2.0,,,,0,0,4.0,6.0
26243,Nico Schlotterbeck,Borussia Dortmund,D,Borussia Dortmund vs Borussia Mönchengladbach,90,9.2,,0,,,104,94.0,,2.0,1.0,2.0,2.0,1,0,11.0,13.0
26243,Nico Schlotterbeck,Borussia Dortmund,D,Eintracht Frankfurt vs Borussia Dortmund,90,7.2,,0,2.0,1.0,72,62.0,,2.0,,,3.0,0,0,7.0,8.0
26243,Nico Schlotterbeck,Borussia Dortmund,D,Borussia Dortmund vs Werder Bremen,90,9,1.0,0,1.0,1.0,68,59.0,,3.0,1.0,2.0,,0,0,3.0,5.0
26243,Nico Schlotterbeck,Borussia Dortmund,D,Borussia Dortmund vs FC St. Pauli,90,6.9,,0,2.0,1.0,113,101.0,,2.0,,3.0,1.0,1,0,4.0,14.0
26243,Nico Schlotterbeck,Borussia Dortmund,D,Union Berlin vs Borussia Dortmund,90,8.3,1.0,0,1.0,1.0,32,24.0,,2.0,,1.0,1.0,0,0,6.0,10.0
26243,Nico Schlotterbeck,Borussia Dortmund,D,Borussia Dortmund vs 1. FC Heidenheim,90,6.2,,0,2.0,,58,48.0,,,,,,0,0,2.0,4.0
26243,Nico Schlotterbeck,Borussia Dortmund,D,VfL Wolfsburg vs Borussia Dortmund,90,7.6,,0,1.0,,85,72.0,,1.0,1.0,2.0,,1,0,4.0,6.0
174,Christian Eriksen,VfL Wolfsburg,M,Borussia Dortmund vs VfL Wolfsburg,30,6.3,,0,,,23,18.0,,2.0,1.0,1.0,,0,0,2.0,6.0
174,Christian Eriksen,VfL Wolfsburg,M,VfL Wolfsburg vs RB Leipzig,20,6.2,,0,1.0,,7,4.0,,,,,,0,0,,1.0
174,Christian Eriksen,VfL Wolfsburg,M,FC Augsburg vs VfL Wolfsburg,45,6.3,,0,1.0,1.0,26,20.0,,,,,,0,0,,3.0
174,Christian Eriksen,VfL Wolfsburg,M,VfL Wolfsburg vs VfB Stuttgart,78,6.9,,0,1.0,1.0,29,22.0,,,1.0,,,0,0,2.0,5.0
174,Christian Eriksen,VfL Wolfsburg,M,Hamburger SV vs VfL Wolfsburg,67,7,,1,,,27,22.0,,,,,,0,0,,1.0
174,Christian Eriksen,VfL Wolfsburg,M,VfL Wolfsburg vs 1899 Hoffenheim,75,6.5,,0,,,24,20.0,,,,,,0,0,1.0,2.0
174,Christian Eriksen,VfL Wolfsburg,M,Werder Bremen vs VfL Wolfsburg,87,6.7,,0,1.0,1.0,44,36.0,,,1.0,,,0,0,1.0,4.0
174,Christian Eriksen,VfL Wolfsburg,M,VfL Wolfsburg vs Bayer Leverkusen,29,6.6,,0,,,25,22.0,,1.0,,1.0,,0,0,1.0,2.0
174,Christian Eriksen,VfL Wolfsburg,M,Eintracht Frankfurt vs VfL Wolfsburg,86,6.9,,0,2.0,1.0,40,27.0,,1.0,,1.0,,0,0,2.0,5.0
174,Christian Eriksen,VfL Wolfsburg,M,VfL Wolfsburg vs Union Berlin,89,7.2,,1,,,40,32.0,,1.0,,1.0,,1,0,3.0,7.0
174,Christian Eriksen,VfL Wolfsburg,M,Borussia Mönchengladbach vs VfL Wolfsburg,89,6.9,,1,,,49,41.0,,2.0,2.0,,,0,0,3.0,9.0
174,Christian Eriksen,VfL Wolfsburg,M,VfL Wolfsburg vs SC Freiburg,80,6.5,,0,1.0,,41,31.0,,2.0,,,,0,0,3.0,5.0
174,Christian Eriksen,VfL Wolfsburg,M,Bayern München vs VfL Wolfsburg,86,5.9,,0,1.0,,25,17.0,,2.0,,,,0,0,4.0,7.0
174,Christian Eriksen,VfL Wolfsburg,M,VfL Wolfsburg vs FC St. Pauli,90,6.7,1.0,0,3.0,2.0,56,41.0,,1.0,3.0,1.0,,0,0,1.0,6.0
174,Christian Eriksen,VfL Wolfsburg,M,VfL Wolfsburg vs 1. FC Heidenheim,90,7.5,,1,,,61,54.0,,1.0,,1.0,,1,0,3.0,6.0
174,Christian Eriksen,VfL Wolfsburg,M,FSV Mainz 05 vs VfL Wolfsburg,84,6.9,,0,1.0,,25,20.0,,1.0,,,,0,0,2.0,4.0
174,Christian Eriksen,VfL Wolfsburg,M,1. FC Köln vs VfL Wolfsburg,90,6.9,,0,2.0,,50,42.0,,2.0,,1.0,1.0,1,0,3.0,6.0
174,Christian Eriksen,VfL Wolfsburg,M,VfL Wolfsburg vs Borussia Dortmund,90,7.2,,0,,,36,27.0,,3.0,1.0,2.0,,0,0,3.0,9.0
174,Christian Eriksen,VfL Wolfsburg,M,RB Leipzig vs VfL Wolfsburg,90,6.7,,0,2.0,1.0,40,29.0,,2.0,1.0,,,0,0,2.0,3.0
174,Christian Eriksen,VfL Wolfsburg,M,VfL Wolfsburg vs FC Augsburg,90,9.2,,1,1.0,,62,57.0,,2.0,1.0,,1.0,0,0,4.0,8.0
1302,Jonas Wind,VfL Wolfsburg,F,Borussia Dortmund vs VfL Wolfsburg,17,6.6,,0,,,2,1.0,,,,,2.0,0,0,3.0,4.0
1302,Jonas Wind,VfL Wolfsburg,F,VfL Wolfsburg vs RB Leipzig,70,7.2,,0,3.0,2.0,24,18.0,,,,,2.0,0,0,4.0,7.0
1302,Jonas Wind,VfL Wolfsburg,F,VfL Wolfsburg vs VfB Stuttgart,90,6.5,,0,1.0,,29,15.0,,,,1.0,2.0,0,0,6.0,15.0
1302,Jonas Wind,VfL Wolfsburg,F,Hamburger SV vs VfL Wolfsburg,67,6.2,,0,,,17,10.0,,,,,1.0,1,0,3.0,8.0
1302,Jonas Wind,VfL Wolfsburg,F,VfL Wolfsburg vs 1899 Hoffenheim,15,6.6,,0,,,6,4.0,,,,,3.0,0,0,3.0,4.0
1302,Jonas Wind,VfL Wolfsburg,F,Werder Bremen vs VfL Wolfsburg,10,6.2,,0,,,3,3.0,,,,,,0,0,,3.0
1302,Jonas Wind,VfL Wolfsburg,F,VfL Wolfsburg vs Bayer Leverkusen,29,6.3,,0,1.0,1.0,16,13.0,,,,,,0,0,,2.0
496738,Wisdom Mike,Bayern München,F,Bayern München vs Werder Bremen,10,6.3,,0,2.0,1.0,3,2.0,,,1.0,,,0,0,,
496738,Wisdom Mike,Bayern München,F,Bayern München vs SC Freiburg,13,6.5,,0,,,5,3.0,,,,,,0,0,,1.0
496738,Wisdom Mike,Bayern München,F,Bayern München vs VfL Wolfsburg,13,6.5,,0,,,7,7.0,,,,,,0,0,,1.0
169295,Karl Hein,Werder Bremen,G,Bayern München vs Werder Bremen,90,7.9,,0,,,53,38.0,,,,,,0,0,2.0,2.0
169295,Karl Hein,Werder Bremen,G,Werder Bremen vs FC St. Pauli,90,7.5,,0,,,57,45.0,,,,,,0,0,1.0,1.0
180553,Lasse Riess,FSV Mainz 05,G,FSV Mainz 05 vs Borussia Dortmund,21,6.6,,0,,,8,4.0,,,,,,0,0,,
180553,Lasse Riess,FSV Mainz 05,G,Hamburger SV vs FSV Mainz 05,90,5.6,,0,,,28,23.0,,,,,,0,0,,
180553,Lasse Riess,FSV Mainz 05,G,FSV Mainz 05 vs Bayer Leverkusen,90,6.7,,0,,,29,18.0,,,,,,0,0,2.0,2.0
180553,Lasse Riess,FSV Mainz 05,G,SC Freiburg vs FSV Mainz 05,90,7.2,,0,,,34,16.0,,,,,1.0,0,0,2.0,2.0
129791,Fábio Silva,Borussia Dortmund,F,FSV Mainz 05 vs Borussia Dortmund,9,6.3,,0,,,2,2.0,,,,,,0,0,1.0,5.0
129791,Fábio Silva,Borussia Dortmund,F,Borussia Dortmund vs RB Leipzig,9,6.3,,0,,,4,2.0,,,,,,0,0,1.0,1.0
129791,Fábio Silva,Borussia Dortmund,F,Bayern München vs Borussia Dortmund,12,6.5,,0,,,6,5.0,,,,,,0,0,1.0,2.0
129791,Fábio Silva,Borussia Dortmund,F,Borussia Dortmund vs 1. FC Köln,11,6.7,,1,1.0,1.0,4,4.0,,,,,,0,0,,1.0
129791,Fábio Silva,Borussia Dortmund,F,Bayer Leverkusen vs Borussia Dortmund,29,6.9,,1,,,7,4.0,,,1.0,1.0,1.0,1,0,1.0,3.0
129791,Fábio Silva,Borussia Dortmund,F,SC Freiburg vs Borussia Dortmund,56,6.2,,0,,,15,13.0,,1.0,,1.0,2.0,0,0,3.0,9.0
129791,Fábio Silva,Borussia Dortmund,F,Borussia Dortmund vs Borussia Mönchengladbach,8,6.7,,1,,,7,6.0,,,,1.0,1.0,0,0,1.0,4.0
129791,Fábio Silva,Borussia Dortmund,F,Eintracht Frankfurt vs Borussia Dortmund,24,6.5,,0,1.0,,12,10.0,,,,,,0,0,1.0,2.0
129791,Fábio Silva,Borussia Dortmund,F,Borussia Dortmund vs Werder Bremen,84,6.9,,0,1.0,,16,13.0,,,,1.0,,0,0,5.0,12.0
129791,Fábio Silva,Borussia Dortmund,F,Borussia Dortmund vs FC St. Pauli,71,6.2,,1,,,20,14.0,,,1.0,,,0,0,1.0,6.0
129791,Fábio Silva,Borussia Dortmund,F,Union Berlin vs Borussia Dortmund,79,6.2,,0,3.0,1.0,18,11.0,,1.0,,2.0,2.0,0,0,4.0,12.0
129791,Fábio Silva,Borussia Dortmund,F,Borussia Dortmund vs 1. FC Heidenheim,21,6.7,,0,,,16,12.0,,,,2.0,,0,0,1.0,5.0
129791,Fábio Silva,Borussia Dortmund,F,VfL Wolfsburg vs Borussia Dortmund,21,6.6,,1,,,15,11.0,,,,,,0,0,2.0,2.0
129791,Fábio Silva,Borussia Dortmund,F,Borussia Dortmund vs FSV Mainz 05,29,6.3,,0,1.0,1.0,9,5.0,,,,1.0,1.0,1,0,4.0,8.0
129791,Fábio Silva,Borussia Dortmund,F,RB Leipzig vs Borussia Dortmund,19,7.5,1.0,0,1.0,1.0,12,9.0,,,,2.0,,1,0,1.0,4.0
21587,Ellyes Skhiri,Eintracht Frankfurt,M,Borussia Mönchengladbach vs Eintracht Frankfurt,90,6.9,,0,,,59,52.0,,1.0,2.0,1.0,2.0,0,0,5.0,8.0
21587,Ellyes Skhiri,Eintracht Frankfurt,M,Eintracht Frankfurt vs Bayern München,78,6.7,,0,,,45,42.0,,1.0,3.0,,,0,0,2.0,3.0
21587,Ellyes Skhiri,Eintracht Frankfurt,M,SC Freiburg vs Eintracht Frankfurt,25,6.7,,0,,,18,14.0,,,1.0,,1.0,0,0,2.0,2.0
21587,Ellyes Skhiri,Eintracht Frankfurt,M,Eintracht Frankfurt vs FC St. Pauli,90,6.7,,0,,,56,47.0,,,2.0,,2.0,0,0,2.0,6.0
21587,Ellyes Skhiri,Eintracht Frankfurt,M,1. FC Heidenheim vs Eintracht Frankfurt,90,7.3,,0,1.0,,77,67.0,,,2.0,1.0,,0,0,6.0,7.0
21587,Ellyes Skhiri,Eintracht Frankfurt,M,Eintracht Frankfurt vs FSV Mainz 05,45,6.6,,0,,,20,18.0,,,,1.0,,0,0,1.0,3.0
21587,Ellyes Skhiri,Eintracht Frankfurt,M,1. FC Köln vs Eintracht Frankfurt,12,6.3,,0,,,11,10.0,,,,,1.0,0,0,1.0,1.0
21587,Ellyes Skhiri,Eintracht Frankfurt,M,Eintracht Frankfurt vs VfL Wolfsburg,76,6.7,,0,1.0,,29,24.0,,1.0,1.0,,,0,0,1.0,4.0
21587,Ellyes Skhiri,Eintracht Frankfurt,M,Eintracht Frankfurt vs FC Augsburg,90,6.6,,0,,,50,44.0,,,,1.0,,0,0,2.0,10.0
21587,Ellyes Skhiri,Eintracht Frankfurt,M,VfB Stuttgart vs Eintracht Frankfurt,77,6.3,,0,,,37,31.0,,2.0,,1.0,,0,0,3.0,7.0
21587,Ellyes Skhiri,Eintracht Frankfurt,M,Werder Bremen vs Eintracht Frankfurt,90,6.7,,0,2.0,,40,32.0,,2.0,5.0,1.0,,0,0,2.0,5.0
21587,Ellyes Skhiri,Eintracht Frankfurt,M,Eintracht Frankfurt vs 1899 Hoffenheim,90,6.5,,0,,,48,40.0,,,2.0,,1.0,0,0,1.0,2.0
21587,Ellyes Skhiri,Eintracht Frankfurt,M,Eintracht Frankfurt vs Bayer Leverkusen,70,5.7,,0,,,36,31.0,,1.0,,2.0,,2,1,2.0,7.0
21587,Ellyes Skhiri,Eintracht Frankfurt,M,Eintracht Frankfurt vs Borussia Mönchengladbach,11,6.9,,0,,,7,6.0,,1.0,,,1.0,0,0,2.0,2.0
21587,Ellyes Skhiri,Eintracht Frankfurt,M,Bayern München vs Eintracht Frankfurt,77,6.7,,0,,,65,64.0,,1.0,,,1.0,0,0,3.0,5.0
202919,Max Rosenfelder,SC Freiburg,D,SC Freiburg vs 1899 Hoffenheim,10,6.6,,0,,,3,1.0,,,,,,0,0,,
202919,Max Rosenfelder,SC Freiburg,D,Bayer Leverkusen vs SC Freiburg,23,6.6,,0,,,1,1.0,,1.0,,1.0,,0,0,1.0,2.0
202919,Max Rosenfelder,SC Freiburg,D,Union Berlin vs SC Freiburg,90,7,,0,,,63,61.0,,,,,2.0,0,0,2.0,5.0
202919,Max Rosenfelder,SC Freiburg,D,SC Freiburg vs FC St. Pauli,9,6.6,,0,,,2,1.0,,,,,,0,0,1.0,1.0
202919,Max Rosenfelder,SC Freiburg,D,Bayern München vs SC Freiburg,77,5.9,,0,,,35,31.0,,1.0,2.0,,,0,0,1.0,4.0
202919,Max Rosenfelder,SC Freiburg,D,SC Freiburg vs FSV Mainz 05,8,6.6,,0,,,8,6.0,,,,,,0,0,1.0,1.0
202919,Max Rosenfelder,SC Freiburg,D,1. FC Heidenheim vs SC Freiburg,26,6.2,,0,,,12,7.0,,1.0,,,,0,0,1.0,3.0
202919,Max Rosenfelder,SC Freiburg,D,FC Augsburg vs SC Freiburg,10,6.9,,0,,,2,2.0,,,1.0,,1.0,0,0,2.0,2.0
202919,Max Rosenfelder,SC Freiburg,D,SC Freiburg vs 1. FC Köln,62,5.7,,0,,,55,52.0,,,,,,0,0,1.0,4.0
202919,Max Rosenfelder,SC Freiburg,D,VfB Stuttgart vs SC Freiburg,90,6.5,,0,,,23,18.0,,2.0,2.0,1.0,2.0,0,0,5.0,10.0
202919,Max Rosenfelder,SC Freiburg,D,SC Freiburg vs Werder Bremen,90,7.3,,0,,,31,30.0,,3.0,,,,0,0,4.0,5.0
202919,Max Rosenfelder,SC Freiburg,D,1899 Hoffenheim vs SC Freiburg,12,6.3,,0,,,4,3.0,,,,,,0,0,1.0,2.0
323449,Ameen Al-Dakhil,VfB Stuttgart,D,1. FC Köln vs VfB Stuttgart,10,6.6,,0,,,2,1.0,,,,,,0,0,,
323449,Ameen Al-Dakhil,VfB Stuttgart,D,VfB Stuttgart vs 1. FC Heidenheim,34,6.9,,0,,,25,24.0,,,,,,0,0,2.0,3.0
323449,Ameen Al-Dakhil,VfB Stuttgart,D,VfB Stuttgart vs FSV Mainz 05,90,6.5,,0,1.0,,71,63.0,,,2.0,,1.0,0,0,2.0,5.0
323449,Ameen Al-Dakhil,VfB Stuttgart,D,Hamburger SV vs VfB Stuttgart,90,6.9,,0,,,72,66.0,,6.0,1.0,,,0,0,7.0,12.0
323449,Ameen Al-Dakhil,VfB Stuttgart,D,VfB Stuttgart vs Bayern München,90,5.3,,0,,,33,29.0,,1.0,1.0,1.0,,1,0,3.0,7.0
323449,Ameen Al-Dakhil,VfB Stuttgart,D,Werder Bremen vs VfB Stuttgart,9,6.7,,0,,,3,2.0,,,,,,0,0,,
323449,Ameen Al-Dakhil,VfB Stuttgart,D,VfB Stuttgart vs 1899 Hoffenheim,45,6.6,,0,,,28,22.0,,,,,,0,0,1.0,3.0
41799,Guilherme Ramos,Hamburger SV,D,Union Berlin vs Hamburger SV,14,6.6,,0,1.0,1.0,15,11.0,,,,,1.0,0,0,4.0,7.0
41799,Guilherme Ramos,Hamburger SV,D,Hamburger SV vs VfL Wolfsburg,9,6.6,,0,,,2,,,,,,,0,0,1.0,1.0
41799,Guilherme Ramos,Hamburger SV,D,Hamburger SV vs Borussia Dortmund,10,6.7,,0,,,3,2.0,,,,,,0,0,,1.0
41799,Guilherme Ramos,Hamburger SV,D,FC Augsburg vs Hamburger SV,9,6.7,,0,,,5,4.0,,,,,,0,0,,
41799,Guilherme Ramos,Hamburger SV,D,Hamburger SV vs VfB Stuttgart,9,6.5,,0,,,0,,,,,,,0,0,,
41799,Guilherme Ramos,Hamburger SV,D,SC Freiburg vs Hamburger SV,11,6,,0,,,6,3.0,,,,1.0,,0,0,1.0,4.0
41799,Guilherme Ramos,Hamburger SV,D,Hamburger SV vs Borussia Mönchengladbach,15,6.6,,0,,,5,4.0,,,,,,0,0,,
26237,Dominique Heintz,1. FC Köln,D,1899 Hoffenheim vs 1. FC Köln,72,7.2,,0,,,25,15.0,,,,,1.0,0,0,3.0,3.0
26237,Dominique Heintz,1. FC Köln,D,1. FC Köln vs FC Augsburg,59,6.2,,0,,,42,35.0,,1.0,1.0,1.0,1.0,0,0,7.0,9.0
26237,Dominique Heintz,1. FC Köln,D,Borussia Dortmund vs 1. FC Köln,35,6.3,,0,,,12,8.0,,1.0,,,1.0,0,0,2.0,3.0
26237,Dominique Heintz,1. FC Köln,D,1. FC Köln vs Hamburger SV,23,6.9,,0,,,16,15.0,,,,1.0,,0,0,,2.0
26237,Dominique Heintz,1. FC Köln,D,1. FC Köln vs Eintracht Frankfurt,90,6.5,,0,,,59,54.0,,1.0,3.0,,1.0,0,0,6.0,8.0
26237,Dominique Heintz,1. FC Köln,D,Werder Bremen vs 1. FC Köln,12,6.7,,0,,,9,9.0,,,1.0,,,0,0,,1.0
26237,Dominique Heintz,1. FC Köln,D,1. FC Köln vs Union Berlin,86,8.3,,0,,,97,86.0,,,,,,0,0,5.0,6.0
180298,Oscar Fraulo,Borussia Mönchengladbach,M,Borussia Mönchengladbach vs SC Freiburg,21,6.7,,0,,,10,10.0,,,1.0,1.0,,0,0,,3.0
180298,Oscar Fraulo,Borussia Mönchengladbach,M,Borussia Mönchengladbach vs Bayern München,13,6.7,,0,,,1,1.0,,,,,,0,0,,
180298,Oscar Fraulo,Borussia Mönchengladbach,M,FC St. Pauli vs Borussia Mönchengladbach,12,7.3,1.0,0,1.0,1.0,5,5.0,,1.0,,1.0,,0,0,1.0,2.0
180298,Oscar Fraulo,Borussia Mönchengladbach,M,Borussia Mönchengladbach vs 1. FC Köln,9,6.3,,0,,,1,1.0,,,,1.0,,0,0,,2.0
428913,Jan Urbich,Borussia Mönchengladbach,F,Borussia Mönchengladbach vs SC Freiburg,21,6.3,,0,,,6,2.0,,,,,,0,0,1.0,2.0
428913,Jan Urbich,Borussia Mönchengladbach,F,Union Berlin vs Borussia Mönchengladbach,10,6.2,,0,,,0,,,,,1.0,1.0,0,0,1.0,4.0
428913,Jan Urbich,Borussia Mönchengladbach,F,FC St. Pauli vs Borussia Mönchengladbach,9,6.6,,0,,,3,2.0,,,,,1.0,0,0,3.0,3.0
24839,Marvin Friedrich,Borussia Mönchengladbach,D,Union Berlin vs Borussia Mönchengladbach,90,6.3,,0,,,80,69.0,,4.0,,1.0,2.0,0,0,9.0,16.0
24839,Marvin Friedrich,Borussia Mönchengladbach,D,Borussia Mönchengladbach vs 1. FC Köln,27,6.3,,0,,,4,1.0,,,,,,0,0,,1.0
24839,Marvin Friedrich,Borussia Mönchengladbach,D,Borussia Mönchengladbach vs RB Leipzig,15,6.6,,0,,,5,5.0,,,1.0,,,0,0,,
24839,Marvin Friedrich,Borussia Mönchengladbach,D,Werder Bremen vs Borussia Mönchengladbach,21,6.6,,0,,,6,3.0,,2.0,,1.0,,0,0,3.0,3.0
334914,Saël Kumbedi,VfL Wolfsburg,D,VfL Wolfsburg vs VfB Stuttgart,23,6.2,,0,,,13,11.0,,1.0,1.0,1.0,1.0,0,0,2.0,6.0
334914,Saël Kumbedi,VfL Wolfsburg,D,Hamburger SV vs VfL Wolfsburg,85,7,,0,,,19,16.0,,1.0,,,,0,0,1.0,2.0
334914,Saël Kumbedi,VfL Wolfsburg,D,VfL Wolfsburg vs 1899 Hoffenheim,90,6,,1,,,41,31.0,,2.0,2.0,1.0,1.0,0,0,4.0,11.0
334914,Saël Kumbedi,VfL Wolfsburg,D,Werder Bremen vs VfL Wolfsburg,90,6.2,,1,,,36,27.0,,,2.0,2.0,,0,0,,4.0
334914,Saël Kumbedi,VfL Wolfsburg,D,VfL Wolfsburg vs Bayer Leverkusen,84,6.2,,0,,,31,26.0,,2.0,,1.0,,0,0,5.0,8.0
334914,Saël Kumbedi,VfL Wolfsburg,D,Eintracht Frankfurt vs VfL Wolfsburg,90,6.9,,1,,,39,30.0,,2.0,,,,0,0,7.0,13.0
334914,Saël Kumbedi,VfL Wolfsburg,D,VfL Wolfsburg vs Union Berlin,45,6.6,,1,,,21,15.0,,1.0,1.0,2.0,2.0,1,0,3.0,11.0
334914,Saël Kumbedi,VfL Wolfsburg,D,Borussia Mönchengladbach vs VfL Wolfsburg,90,6.2,,0,,,35,26.0,,2.0,2.0,1.0,2.0,0,0,5.0,10.0
334914,Saël Kumbedi,VfL Wolfsburg,D,VfL Wolfsburg vs SC Freiburg,88,6.5,,0,1.0,,53,42.0,,2.0,,5.0,1.0,0,0,5.0,11.0
334914,Saël Kumbedi,VfL Wolfsburg,D,Bayern München vs VfL Wolfsburg,90,4.7,,0,1.0,,15,9.0,,1.0,,,,0,0,2.0,6.0
334914,Saël Kumbedi,VfL Wolfsburg,D,VfL Wolfsburg vs FC St. Pauli,73,6.2,,0,,,36,29.0,,1.0,,,2.0,0,0,3.0,8.0
334914,Saël Kumbedi,VfL Wolfsburg,D,VfL Wolfsburg vs 1. FC Heidenheim,31,6.3,,0,,,20,17.0,,,,,,0,0,,4.0
334914,Saël Kumbedi,VfL Wolfsburg,D,FSV Mainz 05 vs VfL Wolfsburg,90,7.3,,1,,,37,27.0,,3.0,,,1.0,0,0,4.0,6.0
334914,Saël Kumbedi,VfL Wolfsburg,D,1. FC Köln vs VfL Wolfsburg,16,6.6,,0,,,7,6.0,,1.0,,1.0,,0,0,2.0,6.0
334914,Saël Kumbedi,VfL Wolfsburg,D,RB Leipzig vs VfL Wolfsburg,90,6.3,,0,,,29,20.0,,9.0,1.0,3.0,3.0,1,0,12.0,20.0
334914,Saël Kumbedi,VfL Wolfsburg,D,VfL Wolfsburg vs FC Augsburg,89,6.2,,0,,,44,38.0,,1.0,1.0,1.0,,0,0,4.0,10.0
663,Martin Terrier,Bayer Leverkusen,F,FSV Mainz 05 vs Bayer Leverkusen,11,7.6,1.0,0,2.0,1.0,7,5.0,,,,,1.0,0,0,3.0,6.0
663,Martin Terrier,Bayer Leverkusen,F,Bayern München vs Bayer Leverkusen,34,6.9,,0,,,13,12.0,,2.0,,,,0,0,2.0,3.0
663,Martin Terrier,Bayer Leverkusen,F,Bayer Leverkusen vs 1. FC Heidenheim,45,6.3,,0,,,23,20.0,,2.0,,,,0,0,2.0,4.0
663,Martin Terrier,Bayer Leverkusen,F,VfL Wolfsburg vs Bayer Leverkusen,26,6.5,,0,,,11,9.0,,,,,2.0,0,0,2.0,4.0
663,Martin Terrier,Bayer Leverkusen,F,Bayer Leverkusen vs Borussia Dortmund,16,6.5,,0,,,3,1.0,,,,,,0,0,,
663,Martin Terrier,Bayer Leverkusen,F,FC Augsburg vs Bayer Leverkusen,45,6.5,,0,,,10,8.0,,,,,1.0,0,0,1.0,2.0
663,Martin Terrier,Bayer Leverkusen,F,Bayer Leverkusen vs 1. FC Köln,28,7.7,1.0,0,1.0,1.0,11,8.0,,1.0,,,,0,0,2.0,3.0
663,Martin Terrier,Bayer Leverkusen,F,RB Leipzig vs Bayer Leverkusen,77,7.6,1.0,0,2.0,1.0,34,32.0,,,,,2.0,0,0,4.0,6.0
663,Martin Terrier,Bayer Leverkusen,F,Bayer Leverkusen vs VfB Stuttgart,66,6.9,,0,3.0,1.0,19,16.0,,,,,1.0,0,0,3.0,4.0
663,Martin Terrier,Bayer Leverkusen,F,Eintracht Frankfurt vs Bayer Leverkusen,64,6.9,,0,,,29,28.0,,2.0,,,2.0,0,0,6.0,7.0
663,Martin Terrier,Bayer Leverkusen,F,Borussia Mönchengladbach vs Bayer Leverkusen,10,6.3,,0,,,5,3.0,,1.0,,1.0,,1,0,1.0,3.0
663,Martin Terrier,Bayer Leverkusen,F,Bayer Leverkusen vs FC St. Pauli,10,6.2,,0,,,4,3.0,,,,,,0,0,,1.0
663,Martin Terrier,Bayer Leverkusen,F,Union Berlin vs Bayer Leverkusen,9,6.5,,0,1.0,,1,1.0,,,,,,0,0,,
161923,Immanuel Pherai,Hamburger SV,M,RB Leipzig vs Hamburger SV,14,6.9,,0,,,10,10.0,,1.0,,,1.0,0,0,3.0,3.0
161923,Immanuel Pherai,Hamburger SV,M,Hamburger SV vs VfL Wolfsburg,9,6.3,,0,,,6,4.0,,,,1.0,,0,0,1.0,3.0
161923,Immanuel Pherai,Hamburger SV,M,1. FC Köln vs Hamburger SV,2,3.9,,0,,,0,,,,,2.0,,2,1,,2.0
161923,Immanuel Pherai,Hamburger SV,M,FC Augsburg vs Hamburger SV,9,6.3,,0,,,5,3.0,,,,,,0,0,,
161923,Immanuel Pherai,Hamburger SV,M,Hamburger SV vs Eintracht Frankfurt,13,6.3,,0,,,1,1.0,,,,1.0,,0,0,,1.0
161923,Immanuel Pherai,Hamburger SV,M,Hamburger SV vs Bayern München,16,6.9,,0,,,1,,,1.0,,,1.0,0,0,2.0,2.0
178106,Marvin Pieringer,1. FC Heidenheim,F,1. FC Heidenheim vs Werder Bremen,11,7,,0,,,4,3.0,,1.0,,,1.0,0,0,2.0,3.0
178106,Marvin Pieringer,1. FC Heidenheim,F,1899 Hoffenheim vs 1. FC Heidenheim,12,6.7,,0,,,4,3.0,,,,,,0,0,2.0,3.0
178106,Marvin Pieringer,1. FC Heidenheim,F,1. FC Heidenheim vs Eintracht Frankfurt,20,6.2,,0,1.0,,6,4.0,,,,1.0,,0,0,1.0,6.0
178106,Marvin Pieringer,1. FC Heidenheim,F,Bayer Leverkusen vs 1. FC Heidenheim,23,6.7,,0,,,10,7.0,,,,,1.0,0,0,2.0,3.0
178106,Marvin Pieringer,1. FC Heidenheim,F,1. FC Heidenheim vs Borussia Mönchengladbach,83,6.5,,0,2.0,,18,11.0,,1.0,,2.0,1.0,0,0,3.0,9.0
178106,Marvin Pieringer,1. FC Heidenheim,F,Union Berlin vs 1. FC Heidenheim,90,6.9,,0,,,23,13.0,,2.0,1.0,4.0,3.0,0,0,11.0,20.0
178106,Marvin Pieringer,1. FC Heidenheim,F,1. FC Heidenheim vs SC Freiburg,90,6.6,,0,1.0,,23,12.0,,3.0,2.0,2.0,2.0,0,0,10.0,19.0
178106,Marvin Pieringer,1. FC Heidenheim,F,FC St. Pauli vs 1. FC Heidenheim,90,7.2,1.0,0,3.0,2.0,24,16.0,,2.0,1.0,4.0,2.0,1,0,11.0,18.0
178106,Marvin Pieringer,1. FC Heidenheim,F,1. FC Heidenheim vs Bayern München,66,6.2,,0,3.0,,16,10.0,,,,,1.0,0,0,3.0,6.0
178106,Marvin Pieringer,1. FC Heidenheim,F,1. FC Heidenheim vs 1. FC Köln,78,7.9,1.0,0,2.0,1.0,16,11.0,,2.0,,2.0,2.0,0,0,6.0,13.0
178106,Marvin Pieringer,1. FC Heidenheim,F,FSV Mainz 05 vs 1. FC Heidenheim,58,6.3,,0,2.0,1.0,9,7.0,,,1.0,2.0,1.0,1,0,4.0,11.0
178106,Marvin Pieringer,1. FC Heidenheim,F,VfL Wolfsburg vs 1. FC Heidenheim,86,6.3,,0,1.0,,16,8.0,,1.0,,5.0,2.0,0,0,9.0,22.0
178106,Marvin Pieringer,1. FC Heidenheim,F,1. FC Heidenheim vs RB Leipzig,77,6.2,,0,1.0,,13,12.0,,,2.0,,1.0,0,0,1.0,7.0
178106,Marvin Pieringer,1. FC Heidenheim,F,Borussia Dortmund vs 1. FC Heidenheim,80,6.2,,0,1.0,,14,13.0,,1.0,,,,0,0,2.0,9.0
178106,Marvin Pieringer,1. FC Heidenheim,F,1. FC Heidenheim vs Hamburger SV,45,6.6,,0,1.0,,11,6.0,,1.0,1.0,1.0,,0,0,2.0,4.0
178106,Marvin Pieringer,1. FC Heidenheim,F,FC Augsburg vs 1. FC Heidenheim,26,6.6,,0,,,9,7.0,,,,,,0,0,3.0,4.0
178106,Marvin Pieringer,1. FC Heidenheim,F,1. FC Heidenheim vs VfB Stuttgart,65,6.3,,0,,,17,13.0,,1.0,,2.0,1.0,0,0,2.0,9.0
25011,Amos Pieper,Werder Bremen,D,1. FC Heidenheim vs Werder Bremen,90,6.9,,0,,,48,35.0,,1.0,1.0,,,0,0,5.0,6.0
25011,Amos Pieper,Werder Bremen,D,Werder Bremen vs Union Berlin,90,7.9,,0,1.0,,81,70.0,,3.0,2.0,,2.0,1,0,10.0,11.0
25011,Amos Pieper,Werder Bremen,D,FSV Mainz 05 vs Werder Bremen,90,8,,0,1.0,,70,60.0,,1.0,1.0,,1.0,0,0,6.0,9.0
25011,Amos Pieper,Werder Bremen,D,Werder Bremen vs VfL Wolfsburg,90,7.7,,0,2.0,1.0,91,81.0,,3.0,1.0,,,0,0,7.0,9.0
25011,Amos Pieper,Werder Bremen,D,RB Leipzig vs Werder Bremen,90,6.9,,0,1.0,1.0,58,56.0,,1.0,3.0,1.0,,1,0,5.0,8.0
25011,Amos Pieper,Werder Bremen,D,Werder Bremen vs 1. FC Köln,45,7.2,,0,,,41,38.0,,1.0,4.0,2.0,1.0,0,0,4.0,7.0
25011,Amos Pieper,Werder Bremen,D,Hamburger SV vs Werder Bremen,90,6.7,,0,,,66,57.0,,2.0,1.0,1.0,,0,0,4.0,8.0
25011,Amos Pieper,Werder Bremen,D,Werder Bremen vs VfB Stuttgart,90,5.7,,0,,,36,24.0,,2.0,1.0,1.0,1.0,0,0,3.0,6.0
25011,Amos Pieper,Werder Bremen,D,FC Augsburg vs Werder Bremen,90,7.3,,0,1.0,,59,52.0,,1.0,,2.0,1.0,1,0,5.0,9.0
25011,Amos Pieper,Werder Bremen,D,Borussia Dortmund vs Werder Bremen,90,6.9,,0,,,75,61.0,,5.0,5.0,,3.0,0,0,8.0,10.0
25011,Amos Pieper,Werder Bremen,D,Werder Bremen vs Eintracht Frankfurt,90,7.2,,0,,,85,74.0,,2.0,,,,0,0,8.0,8.0
25011,Amos Pieper,Werder Bremen,D,Bayer Leverkusen vs Werder Bremen,15,6.9,,0,,,4,3.0,,1.0,,,,0,0,1.0,1.0
506,Niklas Süle,Borussia Dortmund,D,Bayern München vs Borussia Dortmund,45,6.2,,0,,,17,16.0,,,1.0,,,0,0,,1.0
506,Niklas Süle,Borussia Dortmund,D,Borussia Dortmund vs Borussia Mönchengladbach,90,8.2,,1,,,78,73.0,,3.0,,1.0,,0,0,3.0,7.0
506,Niklas Süle,Borussia Dortmund,D,Eintracht Frankfurt vs Borussia Dortmund,76,7.5,,0,,,59,55.0,,4.0,3.0,2.0,,1,0,9.0,11.0
506,Niklas Süle,Borussia Dortmund,D,Borussia Dortmund vs Werder Bremen,45,6.6,,0,,,34,32.0,,,,3.0,,1,0,1.0,4.0
506,Niklas Süle,Borussia Dortmund,D,Borussia Dortmund vs 1. FC Heidenheim,45,6.3,,0,,,24,24.0,,,,1.0,,0,0,1.0,3.0
506,Niklas Süle,Borussia Dortmund,D,VfL Wolfsburg vs Borussia Dortmund,88,7.2,,0,1.0,1.0,81,76.0,,,1.0,,1.0,0,0,1.0,4.0
506,Niklas Süle,Borussia Dortmund,D,Borussia Dortmund vs FSV Mainz 05,45,6.9,,0,1.0,,32,31.0,,,,,,1,0,,
48142,Karol Mets,FC St. Pauli,D,FC St. Pauli vs 1899 Hoffenheim,15,6.3,,0,,,17,17.0,,,,,,0,0,1.0,2.0
48142,Karol Mets,FC St. Pauli,D,Eintracht Frankfurt vs FC St. Pauli,86,6.7,,0,,,62,56.0,,2.0,,,1.0,0,0,5.0,5.0
48142,Karol Mets,FC St. Pauli,D,FC St. Pauli vs Borussia Mönchengladbach,90,5.6,,0,,,86,78.0,,,,1.0,,0,0,1.0,6.0
48142,Karol Mets,FC St. Pauli,D,SC Freiburg vs FC St. Pauli,82,6.3,,0,,,39,34.0,,1.0,1.0,,,0,0,1.0,1.0
48142,Karol Mets,FC St. Pauli,D,FC St. Pauli vs Union Berlin,90,7.3,,0,,,83,71.0,,2.0,3.0,1.0,,0,0,6.0,10.0
48142,Karol Mets,FC St. Pauli,D,Bayern München vs FC St. Pauli,90,5.9,,0,1.0,,24,19.0,,1.0,1.0,2.0,,1,0,2.0,4.0
48142,Karol Mets,FC St. Pauli,D,1. FC Köln vs FC St. Pauli,86,6.9,,0,,,47,44.0,,1.0,2.0,,,0,0,1.0,1.0
48142,Karol Mets,FC St. Pauli,D,FC St. Pauli vs 1. FC Heidenheim,90,7.5,,0,,,42,39.0,,1.0,1.0,,2.0,0,0,7.0,7.0
48142,Karol Mets,FC St. Pauli,D,FSV Mainz 05 vs FC St. Pauli,90,7.5,,0,,,56,41.0,,2.0,2.0,,,0,0,4.0,6.0
48142,Karol Mets,FC St. Pauli,D,VfL Wolfsburg vs FC St. Pauli,90,6.9,,0,,,55,44.0,,1.0,,,1.0,0,0,4.0,4.0
48142,Karol Mets,FC St. Pauli,D,Borussia Dortmund vs FC St. Pauli,90,5.9,,0,,,52,45.0,,2.0,1.0,2.0,1.0,0,0,4.0,9.0
48142,Karol Mets,FC St. Pauli,D,FC St. Pauli vs Hamburger SV,90,7,,0,,,53,43.0,,1.0,1.0,,,0,0,1.0,4.0
48142,Karol Mets,FC St. Pauli,D,FC St. Pauli vs RB Leipzig,90,7.3,,0,,,63,55.0,,4.0,2.0,1.0,,0,0,8.0,10.0
48142,Karol Mets,FC St. Pauli,D,FC Augsburg vs FC St. Pauli,90,7,,0,,,84,77.0,,1.0,2.0,,3.0,0,0,7.0,9.0
48142,Karol Mets,FC St. Pauli,D,FC St. Pauli vs VfB Stuttgart,90,6.9,,0,1.0,,30,25.0,,2.0,,1.0,,0,0,4.0,6.0
48142,Karol Mets,FC St. Pauli,D,Bayer Leverkusen vs FC St. Pauli,90,5.9,,0,,,40,39.0,,1.0,1.0,1.0,1.0,1,0,2.0,5.0
48142,Karol Mets,FC St. Pauli,D,FC St. Pauli vs Werder Bremen,90,6.6,,0,,,56,46.0,,,,,,0,0,3.0,4.0
26300,Ozan Kabak,1899 Hoffenheim,D,FC St. Pauli vs 1899 Hoffenheim,11,6.7,,0,,,1,1.0,,,,,,0,0,,1.0
26300,Ozan Kabak,1899 Hoffenheim,D,1899 Hoffenheim vs 1. FC Heidenheim,10,6.9,,0,,,2,2.0,,,,,,0,0,1.0,2.0
26300,Ozan Kabak,1899 Hoffenheim,D,VfL Wolfsburg vs 1899 Hoffenheim,45,6.5,,0,,,25,20.0,,1.0,,3.0,,0,0,4.0,9.0
26300,Ozan Kabak,1899 Hoffenheim,D,1899 Hoffenheim vs RB Leipzig,11,6.6,,0,,,2,2.0,,,,,,0,0,1.0,1.0
26300,Ozan Kabak,1899 Hoffenheim,D,1899 Hoffenheim vs FC Augsburg,18,6.7,,0,1.0,,10,7.0,,,1.0,,,0,0,1.0,2.0
26300,Ozan Kabak,1899 Hoffenheim,D,1899 Hoffenheim vs Hamburger SV,90,7.9,1.0,0,1.0,1.0,82,78.0,,,2.0,,1.0,0,0,2.0,6.0
26300,Ozan Kabak,1899 Hoffenheim,D,VfB Stuttgart vs 1899 Hoffenheim,17,6.5,,0,,,2,1.0,,,,2.0,,0,0,,4.0
26300,Ozan Kabak,1899 Hoffenheim,D,1899 Hoffenheim vs Borussia Mönchengladbach,90,7,,0,1.0,,101,88.0,,1.0,1.0,4.0,1.0,0,0,7.0,13.0
26300,Ozan Kabak,1899 Hoffenheim,D,Eintracht Frankfurt vs 1899 Hoffenheim,90,8.2,1.0,0,4.0,1.0,56,47.0,,3.0,2.0,,,0,0,11.0,13.0
26300,Ozan Kabak,1899 Hoffenheim,D,Werder Bremen vs 1899 Hoffenheim,31,7.2,,0,,,3,1.0,,,1.0,,,0,0,1.0,2.0
26300,Ozan Kabak,1899 Hoffenheim,D,1899 Hoffenheim vs Union Berlin,90,7.2,,0,,,43,35.0,,1.0,1.0,1.0,2.0,0,0,14.0,22.0
26300,Ozan Kabak,1899 Hoffenheim,D,Bayern München vs 1899 Hoffenheim,90,5.6,,0,1.0,,41,31.0,,3.0,,,,0,0,6.0,10.0
26300,Ozan Kabak,1899 Hoffenheim,D,1899 Hoffenheim vs SC Freiburg,90,8.7,1.0,0,2.0,2.0,66,58.0,,,2.0,1.0,,1,0,9.0,14.0
26300,Ozan Kabak,1899 Hoffenheim,D,1. FC Köln vs 1899 Hoffenheim,90,7.9,1.0,0,3.0,2.0,63,55.0,,1.0,,2.0,,0,0,9.0,15.0
203376,Jonas Urbig,Bayern München,G,Borussia Mönchengladbach vs Bayern München,90,6.6,,0,,,24,21.0,,,,,,0,0,,
203376,Jonas Urbig,Bayern München,G,VfB Stuttgart vs Bayern München,90,7.2,,0,,,50,41.0,,,,,,0,0,,
203376,Jonas Urbig,Bayern München,G,1. FC Heidenheim vs Bayern München,90,7.3,,0,,,39,34.0,,,,,,0,0,,
203376,Jonas Urbig,Bayern München,G,Bayern München vs FC Augsburg,90,6.9,,0,,,54,46.0,,,,,,0,0,,1.0
203376,Jonas Urbig,Bayern München,G,Werder Bremen vs Bayern München,45,7.7,,0,,,17,13.0,,,,,,0,0,,
203376,Jonas Urbig,Bayern München,G,Bayern München vs Eintracht Frankfurt,90,7.2,,0,,,24,22.0,,,,,,0,0,1.0,1.0
2749,Jackson Irvine,FC St. Pauli,M,Eintracht Frankfurt vs FC St. Pauli,8,6.3,,0,,,5,4.0,,,,,,0,0,,
2749,Jackson Irvine,FC St. Pauli,M,FC St. Pauli vs Borussia Mönchengladbach,10,6.3,,0,,,2,2.0,,,,,,0,0,,2.0
2749,Jackson Irvine,FC St. Pauli,M,SC Freiburg vs FC St. Pauli,22,6.7,,0,2.0,,19,16.0,,,,1.0,,0,0,2.0,4.0
2749,Jackson Irvine,FC St. Pauli,M,FC St. Pauli vs Union Berlin,64,6.7,,0,,,30,23.0,,,,,1.0,0,0,2.0,5.0
2749,Jackson Irvine,FC St. Pauli,M,Bayern München vs FC St. Pauli,68,6.9,,0,1.0,,20,17.0,,2.0,3.0,2.0,1.0,0,0,7.0,13.0
2749,Jackson Irvine,FC St. Pauli,M,1. FC Köln vs FC St. Pauli,90,7,,0,,,40,27.0,,5.0,1.0,1.0,,0,0,9.0,14.0
2749,Jackson Irvine,FC St. Pauli,M,FC St. Pauli vs 1. FC Heidenheim,90,7.2,,0,1.0,,25,17.0,,1.0,3.0,,3.0,0,0,11.0,17.0
2749,Jackson Irvine,FC St. Pauli,M,FSV Mainz 05 vs FC St. Pauli,90,7.2,,0,1.0,1.0,30,19.0,,,2.0,1.0,,0,0,4.0,8.0
2749,Jackson Irvine,FC St. Pauli,M,FC St. Pauli vs Hamburger SV,25,6.5,,0,,,6,5.0,,,,,1.0,0,0,2.0,6.0
2749,Jackson Irvine,FC St. Pauli,M,FC St. Pauli vs RB Leipzig,13,6.6,,0,,,18,13.0,,,1.0,,1.0,0,0,2.0,3.0
2749,Jackson Irvine,FC St. Pauli,M,FC Augsburg vs FC St. Pauli,20,6.7,,0,1.0,1.0,18,12.0,,1.0,,,,0,0,3.0,5.0
2749,Jackson Irvine,FC St. Pauli,M,FC St. Pauli vs VfB Stuttgart,90,6.9,,0,1.0,1.0,33,27.0,,,2.0,3.0,,0,0,2.0,9.0
2749,Jackson Irvine,FC St. Pauli,M,Bayer Leverkusen vs FC St. Pauli,69,6.2,,0,,,30,20.0,,1.0,1.0,2.0,,0,0,4.0,10.0
2749,Jackson Irvine,FC St. Pauli,M,FC St. Pauli vs Werder Bremen,80,6.3,,0,,,28,18.0,,1.0,2.0,1.0,1.0,0,0,5.0,9.0
383665,Tidiam Gomis,RB Leipzig,F,FC Augsburg vs RB Leipzig,27,6,,0,,,6,5.0,,,,,,0,0,,2.0
383665,Tidiam Gomis,RB Leipzig,F,1899 Hoffenheim vs RB Leipzig,10,6.6,,0,,,1,1.0,,1.0,,,,0,0,1.0,1.0
383665,Tidiam Gomis,RB Leipzig,F,Borussia Mönchengladbach vs RB Leipzig,8,6.5,,0,,,7,6.0,,,,,,0,0,1.0,1.0
383665,Tidiam Gomis,RB Leipzig,F,RB Leipzig vs Eintracht Frankfurt,23,6.2,,0,,,6,5.0,,,,,,0,0,,1.0
383665,Tidiam Gomis,RB Leipzig,F,Union Berlin vs RB Leipzig,32,7.3,1.0,0,1.0,1.0,15,10.0,,,,,,0,0,1.0,1.0
383665,Tidiam Gomis,RB Leipzig,F,RB Leipzig vs Bayer Leverkusen,79,6.7,,0,1.0,,15,13.0,,1.0,,1.0,,0,0,4.0,9.0
383665,Tidiam Gomis,RB Leipzig,F,RB Leipzig vs SC Freiburg,60,6.3,,0,1.0,1.0,19,16.0,,,,,1.0,0,0,5.0,13.0
383665,Tidiam Gomis,RB Leipzig,F,RB Leipzig vs Bayern München,12,6.3,,0,,,6,6.0,,,,,,0,0,,1.0
383665,Tidiam Gomis,RB Leipzig,F,1. FC Heidenheim vs RB Leipzig,19,6.9,,0,,,10,9.0,,2.0,,,1.0,0,0,5.0,6.0
383665,Tidiam Gomis,RB Leipzig,F,FC St. Pauli vs RB Leipzig,10,6.7,,0,1.0,1.0,2,2.0,,,,,,0,0,1.0,2.0
383665,Tidiam Gomis,RB Leipzig,F,RB Leipzig vs FSV Mainz 05,18,6.2,,0,1.0,,7,6.0,,,,,,0,0,,2.0
383665,Tidiam Gomis,RB Leipzig,F,1. FC Köln vs RB Leipzig,8,6.2,,0,,,0,,,,,2.0,,0,0,,3.0
268571,El Chadaille Bitshiabu,RB Leipzig,D,FC Augsburg vs RB Leipzig,20,6.7,,0,1.0,,18,16.0,,1.0,,,,0,0,1.0,2.0
268571,El Chadaille Bitshiabu,RB Leipzig,D,1899 Hoffenheim vs RB Leipzig,90,5.9,,0,,,63,56.0,,,2.0,1.0,,0,0,2.0,5.0
268571,El Chadaille Bitshiabu,RB Leipzig,D,RB Leipzig vs Bayer Leverkusen,12,6.3,,0,,,2,2.0,,,,,,0,0,,1.0
268571,El Chadaille Bitshiabu,RB Leipzig,D,RB Leipzig vs SC Freiburg,9,6.6,,0,,,3,3.0,,,,,,0,0,,
268571,El Chadaille Bitshiabu,RB Leipzig,D,1. FC Heidenheim vs RB Leipzig,77,7.2,,0,,,86,82.0,,,1.0,,,0,0,1.0,1.0
268571,El Chadaille Bitshiabu,RB Leipzig,D,FC St. Pauli vs RB Leipzig,90,7.2,,0,,,103,95.0,,1.0,1.0,1.0,,0,0,3.0,5.0
268571,El Chadaille Bitshiabu,RB Leipzig,D,RB Leipzig vs FSV Mainz 05,59,6.9,,0,,,65,60.0,,2.0,,1.0,,0,0,4.0,7.0
398192,Andrija Maksimović,RB Leipzig,M,FC Augsburg vs RB Leipzig,20,6.9,,0,,,13,13.0,,,,,1.0,0,0,1.0,1.0
398192,Andrija Maksimović,RB Leipzig,M,RB Leipzig vs Eintracht Frankfurt,23,6.9,,0,,,12,11.0,,,,,,0,0,1.0,3.0
398192,Andrija Maksimović,RB Leipzig,M,Union Berlin vs RB Leipzig,9,6.2,,0,,,3,3.0,,,,,,0,0,,1.0
398192,Andrija Maksimović,RB Leipzig,M,RB Leipzig vs Bayer Leverkusen,20,6.2,,0,,,14,13.0,,,,1.0,,0,0,,1.0
398192,Andrija Maksimović,RB Leipzig,M,1. FC Heidenheim vs RB Leipzig,13,6.6,,0,,,7,7.0,,,,,1.0,0,0,1.0,1.0
380503,Bence Dárdai,VfL Wolfsburg,M,Hamburger SV vs VfL Wolfsburg,34,6.6,,0,,,8,8.0,,1.0,1.0,1.0,,0,0,1.0,3.0
343316,Jeanuël Belocian,Bayer Leverkusen,D,Bayer Leverkusen vs SC Freiburg,13,7,,0,,,23,22.0,,,,,,0,0,,1.0
343316,Jeanuël Belocian,Bayer Leverkusen,D,Bayern München vs Bayer Leverkusen,86,6.3,,0,,,31,27.0,,,,,2.0,0,0,3.0,4.0
343316,Jeanuël Belocian,Bayer Leverkusen,D,Bayer Leverkusen vs 1. FC Heidenheim,34,7.5,,0,,,46,46.0,,,,1.0,1.0,0,0,1.0,3.0
343316,Jeanuël Belocian,Bayer Leverkusen,D,VfL Wolfsburg vs Bayer Leverkusen,15,6.7,,0,,,10,7.0,,,,,,0,0,,1.0
343316,Jeanuël Belocian,Bayer Leverkusen,D,Bayer Leverkusen vs 1. FC Köln,8,6.3,,0,1.0,,2,2.0,,,,,,0,0,,
343316,Jeanuël Belocian,Bayer Leverkusen,D,RB Leipzig vs Bayer Leverkusen,90,6.3,,0,,,55,52.0,,4.0,1.0,3.0,1.0,0,0,5.0,11.0
343316,Jeanuël Belocian,Bayer Leverkusen,D,Bayer Leverkusen vs VfB Stuttgart,45,5.5,,0,,,33,31.0,,1.0,,1.0,1.0,0,0,2.0,3.0
343316,Jeanuël Belocian,Bayer Leverkusen,D,VfL Wolfsburg vs Borussia Dortmund,90,7.2,,0,,,35,30.0,,3.0,,1.0,1.0,0,0,6.0,9.0
343316,Jeanuël Belocian,Bayer Leverkusen,D,RB Leipzig vs VfL Wolfsburg,90,6.2,,1,,,23,17.0,,1.0,1.0,2.0,,0,0,2.0,4.0
343316,Jeanuël Belocian,Bayer Leverkusen,D,VfL Wolfsburg vs FC Augsburg,90,6.2,,0,1.0,,45,39.0,,1.0,2.0,,2.0,1,0,5.0,8.0
13,Dan-Axel Zagadou,VfB Stuttgart,D,VfB Stuttgart vs FSV Mainz 05,75,6.9,,0,3.0,1.0,74,65.0,,2.0,1.0,2.0,,0,0,7.0,12.0
13,Dan-Axel Zagadou,VfB Stuttgart,D,VfB Stuttgart vs FC Augsburg,90,9.2,,0,2.0,,97,78.0,,3.0,2.0,3.0,1.0,0,0,16.0,20.0
26244,Pascal Stenzel,VfB Stuttgart,M,VfB Stuttgart vs FSV Mainz 05,62,6.2,,0,2.0,1.0,31,24.0,,,2.0,1.0,,1,0,,2.0
26244,Pascal Stenzel,VfB Stuttgart,M,Hamburger SV vs VfB Stuttgart,45,6.7,,0,,,25,24.0,,,,1.0,2.0,1,0,3.0,4.0
1144,Lukas Klostermann,RB Leipzig,D,1899 Hoffenheim vs RB Leipzig,10,6.6,,0,,,1,1.0,,,,,,0,0,,
414384,Alejo Sarco,Bayer Leverkusen,F,Bayer Leverkusen vs 1. FC Heidenheim,34,6.2,,0,1.0,,10,7.0,,,,2.0,1.0,0,0,2.0,5.0
414384,Alejo Sarco,Bayer Leverkusen,F,Bayer Leverkusen vs 1. FC Köln,13,6.2,,0,1.0,,4,3.0,,1.0,,,,0,0,1.0,4.0
414384,Alejo Sarco,Bayer Leverkusen,F,Bayer Leverkusen vs VfB Stuttgart,24,6.7,,0,,,4,2.0,,,,,1.0,0,0,2.0,2.0
414384,Alejo Sarco,Bayer Leverkusen,F,Borussia Mönchengladbach vs VfB Stuttgart,25,6.5,,0,,,3,2.0,,,,,,0,0,,2.0
414384,Alejo Sarco,Bayer Leverkusen,F,Borussia Mönchengladbach vs Bayer Leverkusen,22,6.6,,0,,,2,2.0,,,,,,0,0,,
864,Emre Can,Borussia Dortmund,D,Hamburger SV vs Borussia Dortmund,90,8,,0,1.0,,77,68.0,,,2.0,,3.0,0,0,8.0,8.0
864,Emre Can,Borussia Dortmund,D,Borussia Dortmund vs VfB Stuttgart,90,6.6,1.0,0,1.0,1.0,53,41.0,,,,1.0,,0,0,1.0,2.0
864,Emre Can,Borussia Dortmund,D,SC Freiburg vs Borussia Dortmund,89,7.2,,0,1.0,1.0,53,44.0,,2.0,1.0,1.0,,0,0,4.0,12.0
864,Emre Can,Borussia Dortmund,D,Borussia Dortmund vs Borussia Mönchengladbach,90,7.3,,0,,,73,66.0,,3.0,6.0,3.0,3.0,1,0,8.0,15.0
864,Emre Can,Borussia Dortmund,D,Eintracht Frankfurt vs Borussia Dortmund,14,6.7,,0,,,22,20.0,,,,,,1,0,1.0,1.0
864,Emre Can,Borussia Dortmund,D,Borussia Dortmund vs Werder Bremen,45,7,,0,,,32,31.0,,3.0,1.0,1.0,1.0,0,0,4.0,9.0
864,Emre Can,Borussia Dortmund,D,Borussia Dortmund vs FC St. Pauli,90,7.3,1.0,0,1.0,1.0,99,88.0,,1.0,,2.0,,0,0,7.0,17.0
864,Emre Can,Borussia Dortmund,D,Union Berlin vs Borussia Dortmund,69,7.5,1.0,0,1.0,1.0,31,21.0,,1.0,3.0,2.0,1.0,1,0,6.0,11.0
32893,Hiroki Itō,Bayern München,D,Bayern München vs SC Freiburg,13,6.9,,1,,,14,13.0,,,,,,0,0,,
32893,Hiroki Itō,Bayern München,D,VfB Stuttgart vs Bayern München,12,6.6,,0,,,8,7.0,,,,,,0,0,,
32893,Hiroki Itō,Bayern München,D,Bayern München vs FSV Mainz 05,61,6.6,,0,,,102,97.0,,,1.0,1.0,1.0,0,0,3.0,6.0
32893,Hiroki Itō,Bayern München,D,1. FC Heidenheim vs Bayern München,73,6.9,,0,3.0,1.0,73,62.0,,,1.0,,,0,0,2.0,3.0
32893,Hiroki Itō,Bayern München,D,Bayern München vs VfL Wolfsburg,13,6.9,,0,1.0,,26,25.0,,,1.0,,,0,0,2.0,2.0
32893,Hiroki Itō,Bayern München,D,1. FC Köln vs Bayern München,88,6.9,,1,2.0,1.0,73,66.0,,,2.0,1.0,,0,0,,1.0
32893,Hiroki Itō,Bayern München,D,RB Leipzig vs Bayern München,86,6.2,,0,,,42,34.0,,,2.0,2.0,,0,0,2.0,4.0
32893,Hiroki Itō,Bayern München,D,Bayern München vs FC Augsburg,79,7.7,1.0,0,1.0,1.0,55,45.0,,,1.0,1.0,,0,0,5.0,6.0
32893,Hiroki Itō,Bayern München,D,Bayern München vs 1899 Hoffenheim,27,7,,0,,,9,9.0,,1.0,,,,0,0,2.0,2.0
32893,Hiroki Itō,Bayern München,D,Bayern München vs Eintracht Frankfurt,40,5.9,,0,,,15,14.0,,,,1.0,,0,0,,1.0
1291,Denis Vavro,VfL Wolfsburg,D,VfL Wolfsburg vs Bayer Leverkusen,90,6.7,1.0,0,2.0,2.0,44,35.0,,1.0,,1.0,,0,0,3.0,4.0
1291,Denis Vavro,VfL Wolfsburg,D,Eintracht Frankfurt vs VfL Wolfsburg,13,5.6,,0,,,0,,,,,1.0,,1,0,,1.0
1291,Denis Vavro,VfL Wolfsburg,D,VfL Wolfsburg vs Union Berlin,14,7.3,,0,,,0,,,,,,1.0,0,0,3.0,4.0
1291,Denis Vavro,VfL Wolfsburg,D,Borussia Mönchengladbach vs VfL Wolfsburg,14,6.9,,0,,,1,,,,,,,0,0,,
1291,Denis Vavro,VfL Wolfsburg,D,Bayern München vs VfL Wolfsburg,11,6.2,,0,,,2,1.0,,,,,,0,0,,
1291,Denis Vavro,VfL Wolfsburg,D,FSV Mainz 05 vs VfL Wolfsburg,90,7.2,,0,,,37,30.0,,2.0,,1.0,,0,0,8.0,12.0
1291,Denis Vavro,VfL Wolfsburg,D,1. FC Köln vs VfL Wolfsburg,90,6.9,,0,,,60,48.0,,1.0,2.0,,1.0,0,0,4.0,7.0
1291,Denis Vavro,VfL Wolfsburg,D,VfL Wolfsburg vs Borussia Dortmund,90,7,,0,,,20,19.0,,,,,2.0,0,0,5.0,9.0
1291,Denis Vavro,VfL Wolfsburg,D,RB Leipzig vs VfL Wolfsburg,90,7.7,,0,1.0,,37,33.0,,1.0,1.0,1.0,,0,0,3.0,4.0
1291,Denis Vavro,VfL Wolfsburg,D,VfL Wolfsburg vs FC Augsburg,89,6.2,,0,3.0,1.0,74,71.0,,,,1.0,,0,0,2.0,5.0
25400,Yannick Gerhardt,VfL Wolfsburg,M,VfL Wolfsburg vs Bayer Leverkusen,61,6.7,,0,2.0,,20,16.0,,1.0,1.0,,,0,0,2.0,3.0
25400,Yannick Gerhardt,VfL Wolfsburg,M,Eintracht Frankfurt vs VfL Wolfsburg,86,7.6,,0,,,43,34.0,,1.0,1.0,2.0,,0,0,4.0,9.0
25400,Yannick Gerhardt,VfL Wolfsburg,M,VfL Wolfsburg vs Union Berlin,90,6.3,,0,,,39,34.0,,2.0,1.0,3.0,,0,0,2.0,8.0
25400,Yannick Gerhardt,VfL Wolfsburg,M,Borussia Mönchengladbach vs VfL Wolfsburg,89,6.2,,0,,,41,37.0,,,,1.0,1.0,0,0,2.0,8.0
25400,Yannick Gerhardt,VfL Wolfsburg,M,VfL Wolfsburg vs SC Freiburg,90,6.2,,0,1.0,,38,34.0,,2.0,2.0,2.0,1.0,0,0,4.0,8.0
25400,Yannick Gerhardt,VfL Wolfsburg,M,Bayern München vs VfL Wolfsburg,26,6.2,,0,,,11,7.0,,,,,,0,0,,
25400,Yannick Gerhardt,VfL Wolfsburg,M,VfL Wolfsburg vs FC St. Pauli,83,6.7,,0,1.0,,42,36.0,,1.0,1.0,1.0,2.0,0,0,5.0,13.0
25400,Yannick Gerhardt,VfL Wolfsburg,M,VfL Wolfsburg vs 1. FC Heidenheim,70,6.6,,0,,,47,42.0,,1.0,,,1.0,0,0,5.0,8.0
25400,Yannick Gerhardt,VfL Wolfsburg,M,FSV Mainz 05 vs VfL Wolfsburg,84,6.5,,0,,,24,17.0,,1.0,,2.0,,0,0,5.0,12.0
25400,Yannick Gerhardt,VfL Wolfsburg,M,1. FC Köln vs VfL Wolfsburg,89,6.2,,0,1.0,,42,33.0,,,1.0,4.0,2.0,1,0,2.0,8.0
25400,Yannick Gerhardt,VfL Wolfsburg,M,VfL Wolfsburg vs FC Augsburg,90,7.3,1.0,0,1.0,1.0,35,30.0,,2.0,1.0,,2.0,0,0,6.0,13.0
444960,Jan Bürger,VfL Wolfsburg,D,VfL Wolfsburg vs Bayer Leverkusen,12,6.7,,0,,,4,3.0,,1.0,,2.0,,0,0,1.0,3.0
444960,Jan Bürger,VfL Wolfsburg,D,VfL Wolfsburg vs Union Berlin,45,6.5,,0,,,6,2.0,,1.0,,,,0,0,1.0,3.0
444960,Jan Bürger,VfL Wolfsburg,D,VfL Wolfsburg vs SC Freiburg,9,6.9,,0,1.0,,1,1.0,,,,,1.0,0,0,1.0,2.0
444960,Jan Bürger,VfL Wolfsburg,D,VfL Wolfsburg vs 1. FC Heidenheim,59,6.2,,0,,,23,16.0,,,,1.0,1.0,0,0,2.0,6.0
444960,Jan Bürger,VfL Wolfsburg,D,VfL Wolfsburg vs Borussia Dortmund,73,6.3,,0,,,17,15.0,,1.0,1.0,1.0,1.0,0,0,4.0,10.0
125723,Thomas Keller,1. FC Heidenheim,M,1. FC Heidenheim vs Borussia Mönchengladbach,11,6.7,,0,,,16,14.0,,,,,,0,0,,
125723,Thomas Keller,1. FC Heidenheim,M,Union Berlin vs 1. FC Heidenheim,90,7.3,,0,,,59,52.0,,1.0,,1.0,2.0,0,0,6.0,9.0
125723,Thomas Keller,1. FC Heidenheim,M,1. FC Heidenheim vs SC Freiburg,45,6,,0,1.0,,12,9.0,,,,2.0,,1,0,,2.0
125723,Thomas Keller,1. FC Heidenheim,M,FC St. Pauli vs 1. FC Heidenheim,45,6.3,,0,,,32,24.0,,,,,,0,0,2.0,3.0
26256,Tim Kleindienst,Borussia Mönchengladbach,F,Borussia Mönchengladbach vs RB Leipzig,8,6.7,,0,,,3,2.0,,,,,,0,0,2.0,5.0
162771,Jessic Ngankam,Eintracht Frankfurt,F,Eintracht Frankfurt vs VfL Wolfsburg,8,6.3,,0,,,0,,,,,1.0,1.0,0,0,1.0,2.0
162771,Jessic Ngankam,Eintracht Frankfurt,F,RB Leipzig vs Eintracht Frankfurt,45,6.3,,0,,,12,11.0,,,,2.0,1.0,0,0,2.0,10.0
162771,Jessic Ngankam,Eintracht Frankfurt,F,Hamburger SV vs Eintracht Frankfurt,17,6.2,,0,,,5,4.0,,,,1.0,,0,0,,3.0
442546,Kacper Potulski,FSV Mainz 05,D,SC Freiburg vs FSV Mainz 05,90,6.3,,0,,,24,19.0,,1.0,4.0,,,0,0,4.0,9.0
442546,Kacper Potulski,FSV Mainz 05,D,Bayern München vs FSV Mainz 05,90,7.6,1.0,0,1.0,1.0,14,11.0,,1.0,2.0,1.0,,1,0,2.0,4.0
442546,Kacper Potulski,FSV Mainz 05,D,FSV Mainz 05 vs FC St. Pauli,90,7.2,,0,,,57,47.0,,,,,,0,0,7.0,9.0
442546,Kacper Potulski,FSV Mainz 05,D,FSV Mainz 05 vs 1. FC Heidenheim,56,6.7,,0,1.0,,12,11.0,,,1.0,,,0,0,2.0,4.0
442546,Kacper Potulski,FSV Mainz 05,D,1. FC Köln vs FSV Mainz 05,90,6.9,,0,1.0,,19,14.0,,3.0,2.0,1.0,,0,0,6.0,9.0
442546,Kacper Potulski,FSV Mainz 05,D,RB Leipzig vs FSV Mainz 05,90,6.6,,0,,,34,26.0,,,3.0,2.0,,1,0,3.0,10.0
442546,Kacper Potulski,FSV Mainz 05,D,FSV Mainz 05 vs FC Augsburg,9,6.3,,0,,,2,1.0,,,1.0,1.0,,0,0,,1.0
442546,Kacper Potulski,FSV Mainz 05,D,Borussia Dortmund vs FSV Mainz 05,63,6.3,,0,1.0,,52,39.0,,3.0,,,,0,0,9.0,12.0
442546,Kacper Potulski,FSV Mainz 05,D,FSV Mainz 05 vs Hamburger SV,90,5.9,,0,1.0,1.0,38,31.0,,1.0,1.0,5.0,1.0,1,0,5.0,14.0
90829,Daniel Batz,FSV Mainz 05,G,FSV Mainz 05 vs Borussia Mönchengladbach,90,8.3,,0,,,36,31.0,,,,,,0,0,,
90829,Daniel Batz,FSV Mainz 05,G,Bayern München vs FSV Mainz 05,90,7.9,,0,,,37,16.0,,,,,,0,0,,
90829,Daniel Batz,FSV Mainz 05,G,FSV Mainz 05 vs FC St. Pauli,90,7.3,,0,,,16,13.0,,,,,,0,0,,
90829,Daniel Batz,FSV Mainz 05,G,Union Berlin vs FSV Mainz 05,90,7.2,,0,,,35,13.0,,,,,,0,0,1.0,1.0
90829,Daniel Batz,FSV Mainz 05,G,FSV Mainz 05 vs 1. FC Heidenheim,90,6.5,,0,,,29,12.0,,,,,,0,0,,
90829,Daniel Batz,FSV Mainz 05,G,1. FC Köln vs FSV Mainz 05,90,7.2,,0,,,32,17.0,,,,,,1,0,1.0,1.0
90829,Daniel Batz,FSV Mainz 05,G,FSV Mainz 05 vs VfL Wolfsburg,90,6.7,,0,,,28,19.0,,,,,,0,0,,
90829,Daniel Batz,FSV Mainz 05,G,RB Leipzig vs FSV Mainz 05,90,7.6,,0,,,26,18.0,,,,,,0,0,,
90829,Daniel Batz,FSV Mainz 05,G,FSV Mainz 05 vs FC Augsburg,90,8.2,,0,,,31,24.0,,,,,,0,0,,
90829,Daniel Batz,FSV Mainz 05,G,Borussia Dortmund vs FSV Mainz 05,90,6.6,,0,,,31,27.0,,,,,,0,0,1.0,2.0
90829,Daniel Batz,FSV Mainz 05,G,FSV Mainz 05 vs Hamburger SV,90,6.9,,0,,,35,21.0,,,,,,0,0,,
277421,Fabio Moreno Fell,FSV Mainz 05,F,FSV Mainz 05 vs Borussia Mönchengladbach,77,6.3,,0,1.0,,22,12.0,,,,,,0,0,2.0,8.0
585662,Pharell Hensel,VfL Wolfsburg,M,VfL Wolfsburg vs Union Berlin,13,6.7,,0,,,2,2.0,,,,,,0,0,,
585662,Pharell Hensel,VfL Wolfsburg,M,Bayern München vs VfL Wolfsburg,11,6.7,,0,,,2,2.0,,1.0,,,,0,0,1.0,1.0
270,Stanley N'Soki,Union Berlin,D,VfL Wolfsburg vs Union Berlin,78,6.9,1.0,0,1.0,1.0,40,32.0,,2.0,1.0,,1.0,0,0,4.0,6.0
270,Stanley N'Soki,Union Berlin,D,Union Berlin vs RB Leipzig,10,6.3,,0,,,0,,,,,,,0,0,,
270,Stanley N'Soki,Union Berlin,D,VfB Stuttgart vs Union Berlin,21,7,,1,1.0,,11,8.0,,,,,,0,0,2.0,2.0
270,Stanley N'Soki,Union Berlin,D,Union Berlin vs Borussia Dortmund,24,6.2,,0,,,16,6.0,,1.0,1.0,,,0,0,2.0,4.0
270,Stanley N'Soki,Union Berlin,D,1899 Hoffenheim vs Union Berlin,54,6.3,,0,,,11,6.0,,1.0,,3.0,,1,0,3.0,6.0
270,Stanley N'Soki,Union Berlin,D,Union Berlin vs Eintracht Frankfurt,90,6.6,,0,,,27,16.0,,1.0,,,,0,0,3.0,3.0
270,Stanley N'Soki,Union Berlin,D,Hamburger SV vs Union Berlin,83,6.7,,0,,,39,24.0,,2.0,5.0,,2.0,0,0,9.0,11.0
270,Stanley N'Soki,Union Berlin,D,Union Berlin vs Bayer Leverkusen,90,6.9,,0,,,34,24.0,,1.0,2.0,1.0,,1,0,3.0,5.0
430354,Livan Burcu,Union Berlin,F,VfL Wolfsburg vs Union Berlin,12,6.9,,0,,,15,14.0,,,,,,0,0,1.0,1.0
430354,Livan Burcu,Union Berlin,F,1. FC Köln vs Union Berlin,26,6.7,,0,1.0,,9,7.0,,1.0,,,,0,0,3.0,6.0
430354,Livan Burcu,Union Berlin,F,Union Berlin vs FSV Mainz 05,65,6.7,,0,3.0,1.0,22,17.0,,,,1.0,2.0,0,0,4.0,10.0
430354,Livan Burcu,Union Berlin,F,FC Augsburg vs Union Berlin,26,6.7,,0,,,8,6.0,,1.0,,,2.0,0,0,4.0,7.0
430354,Livan Burcu,Union Berlin,F,VfB Stuttgart vs Union Berlin,69,6.3,,0,,,9,6.0,,1.0,1.0,2.0,1.0,1,0,3.0,12.0
430354,Livan Burcu,Union Berlin,F,Union Berlin vs Borussia Dortmund,24,6.3,,0,1.0,,5,5.0,,,,,,0,0,1.0,4.0
430354,Livan Burcu,Union Berlin,F,1899 Hoffenheim vs Union Berlin,15,6.3,,0,,,4,2.0,,1.0,,,,0,0,1.0,3.0
430354,Livan Burcu,Union Berlin,F,Union Berlin vs Eintracht Frankfurt,19,6.6,,0,1.0,,3,1.0,,,,,2.0,0,0,2.0,4.0
430354,Livan Burcu,Union Berlin,F,Hamburger SV vs Union Berlin,29,6.9,,0,,,6,2.0,,1.0,,1.0,,0,0,3.0,6.0
15901,Mads Pedersen,FC Augsburg,D,FC Augsburg vs Bayer Leverkusen,33,6.9,,0,,,10,6.0,,1.0,,,,0,0,1.0,3.0
15901,Mads Pedersen,FC Augsburg,D,Eintracht Frankfurt vs FC Augsburg,15,6.9,,0,,,4,4.0,,,,,,0,0,,
15901,Mads Pedersen,FC Augsburg,D,FC Augsburg vs Werder Bremen,34,6.2,,0,,,9,8.0,,1.0,,2.0,,0,0,1.0,8.0
15901,Mads Pedersen,FC Augsburg,D,Borussia Mönchengladbach vs FC Augsburg,62,7.3,,0,,,20,18.0,,3.0,1.0,3.0,1.0,0,0,4.0,9.0
15901,Mads Pedersen,FC Augsburg,D,FC Augsburg vs SC Freiburg,27,6.3,,0,,,6,2.0,,,,,,0,0,,5.0
15901,Mads Pedersen,FC Augsburg,D,FC Augsburg vs FC St. Pauli,13,6.9,,0,,,3,2.0,,,,,2.0,0,0,2.0,4.0
138873,Ricky-Jade Jones,FC St. Pauli,F,1. FC Köln vs FC St. Pauli,22,7.7,1.0,0,1.0,1.0,2,,,,,,,1,0,2.0,2.0
138873,Ricky-Jade Jones,FC St. Pauli,F,FC St. Pauli vs 1. FC Heidenheim,13,6.5,,0,,,4,1.0,,,,,2.0,0,0,3.0,8.0
138873,Ricky-Jade Jones,FC St. Pauli,F,FSV Mainz 05 vs FC St. Pauli,32,6.2,,0,,,6,5.0,,,,2.0,,0,0,1.0,6.0
138873,Ricky-Jade Jones,FC St. Pauli,F,VfL Wolfsburg vs FC St. Pauli,68,6.6,,0,2.0,1.0,11,6.0,,1.0,,2.0,2.0,0,0,5.0,10.0
138873,Ricky-Jade Jones,FC St. Pauli,F,Borussia Dortmund vs FC St. Pauli,26,7.3,1.0,0,3.0,3.0,3,3.0,,,,1.0,,0,0,1.0,3.0
138873,Ricky-Jade Jones,FC St. Pauli,F,FC St. Pauli vs Hamburger SV,45,6.9,,0,,,8,3.0,,1.0,1.0,2.0,2.0,0,0,6.0,9.0
138873,Ricky-Jade Jones,FC St. Pauli,F,FC St. Pauli vs RB Leipzig,67,6.2,,0,1.0,,10,4.0,,1.0,,1.0,1.0,0,0,5.0,15.0
138873,Ricky-Jade Jones,FC St. Pauli,F,FC Augsburg vs FC St. Pauli,63,5.9,,0,1.0,1.0,9,5.0,,,,,,0,0,,6.0
355167,Max Finkgräfe,RB Leipzig,D,RB Leipzig vs Eintracht Frankfurt,23,6.9,,0,,,19,19.0,,2.0,1.0,,,0,0,2.0,4.0
355167,Max Finkgräfe,RB Leipzig,D,1. FC Heidenheim vs RB Leipzig,13,6.6,,0,,,12,11.0,,,,,,0,0,,
355167,Max Finkgräfe,RB Leipzig,D,RB Leipzig vs VfL Wolfsburg,90,7,,0,,,73,68.0,,3.0,3.0,1.0,1.0,0,0,7.0,10.0
570742,Samba Konaté,RB Leipzig,F,RB Leipzig vs Eintracht Frankfurt,8,6.3,,0,1.0,,0,,,,,,,0,0,,
24880,Bakery Jatta,Hamburger SV,M,Hamburger SV vs Werder Bremen,83,7.3,,0,1.0,1.0,26,22.0,,3.0,,,1.0,0,0,6.0,7.0
24880,Bakery Jatta,Hamburger SV,M,1899 Hoffenheim vs Hamburger SV,12,6.7,,0,,,6,6.0,,,,,,0,0,,
24880,Bakery Jatta,Hamburger SV,M,Hamburger SV vs Eintracht Frankfurt,29,7.3,,0,,,5,2.0,,1.0,,1.0,1.0,0,0,2.0,5.0
24880,Bakery Jatta,Hamburger SV,M,SC Freiburg vs Hamburger SV,79,6.2,,0,1.0,,8,5.0,,,4.0,1.0,,0,0,,5.0
24880,Bakery Jatta,Hamburger SV,M,Hamburger SV vs Borussia Mönchengladbach,85,7.3,,0,2.0,1.0,19,18.0,,2.0,,,1.0,0,0,5.0,5.0
24880,Bakery Jatta,Hamburger SV,M,FC St. Pauli vs Hamburger SV,90,6.3,,0,,,22,15.0,,,,2.0,1.0,0,0,1.0,6.0
24880,Bakery Jatta,Hamburger SV,M,Hamburger SV vs Bayern München,59,6.2,,0,,,12,10.0,,,,1.0,,0,0,,4.0
24880,Bakery Jatta,Hamburger SV,M,1. FC Heidenheim vs Hamburger SV,90,7.2,,0,1.0,,15,13.0,,2.0,,2.0,,0,0,3.0,8.0
24880,Bakery Jatta,Hamburger SV,M,Hamburger SV vs Union Berlin,74,7,,1,,,31,27.0,,2.0,1.0,1.0,,0,0,2.0,7.0
24880,Bakery Jatta,Hamburger SV,M,FSV Mainz 05 vs Hamburger SV,65,6.2,,0,,,12,11.0,,,,2.0,1.0,0,0,1.0,6.0
66019,Adam Hložek,1899 Hoffenheim,F,Borussia Dortmund vs 1899 Hoffenheim,10,6.5,,0,,,1,1.0,,,,,,0,0,,1.0
66019,Adam Hložek,1899 Hoffenheim,F,1899 Hoffenheim vs Hamburger SV,10,6.3,,0,1.0,1.0,3,3.0,,,,,,0,0,,
578918,Wael Mohya,Borussia Mönchengladbach,M,Borussia Mönchengladbach vs VfL Wolfsburg,33,6.7,,0,,,14,13.0,,,,,1.0,0,0,2.0,4.0
578918,Wael Mohya,Borussia Mönchengladbach,M,Borussia Dortmund vs Borussia Mönchengladbach,10,6.3,,0,1.0,1.0,9,7.0,,1.0,,,,0,0,1.0,1.0
578918,Wael Mohya,Borussia Mönchengladbach,M,Borussia Mönchengladbach vs FC Augsburg,28,6.5,,0,,,12,10.0,,,,1.0,1.0,0,0,1.0,6.0
578918,Wael Mohya,Borussia Mönchengladbach,M,1899 Hoffenheim vs Borussia Mönchengladbach,21,6.5,,0,,,3,3.0,,,,,,0,0,,
578918,Wael Mohya,Borussia Mönchengladbach,M,Borussia Mönchengladbach vs VfB Stuttgart,25,6.2,,0,,,9,5.0,,,,,,0,0,,1.0
578918,Wael Mohya,Borussia Mönchengladbach,M,Eintracht Frankfurt vs Borussia Mönchengladbach,11,7.2,,0,1.0,1.0,3,2.0,,,,,,0,0,,1.0
578918,Wael Mohya,Borussia Mönchengladbach,M,SC Freiburg vs Borussia Mönchengladbach,28,6.7,,0,,,12,10.0,,1.0,1.0,1.0,,0,0,1.0,2.0
127631,Valentin Gendrey,1899 Hoffenheim,D,1899 Hoffenheim vs Hamburger SV,8,6.3,,0,,,1,1.0,,,,1.0,,0,0,,2.0
127631,Valentin Gendrey,1899 Hoffenheim,D,VfB Stuttgart vs 1899 Hoffenheim,2,,,0,,,2,2.0,,,,,,0,0,,
127631,Valentin Gendrey,1899 Hoffenheim,D,1899 Hoffenheim vs Borussia Mönchengladbach,14,7.5,,1,,,13,12.0,,,,1.0,1.0,0,0,2.0,3.0
127631,Valentin Gendrey,1899 Hoffenheim,D,1899 Hoffenheim vs Bayer Leverkusen,11,6.3,,0,,,2,2.0,,,,,,0,0,,3.0
127631,Valentin Gendrey,1899 Hoffenheim,D,Bayern München vs 1899 Hoffenheim,19,6.2,,0,,,5,5.0,,1.0,1.0,,,0,0,1.0,2.0
127631,Valentin Gendrey,1899 Hoffenheim,D,1899 Hoffenheim vs SC Freiburg,3,7.6,1.0,0,1.0,1.0,2,2.0,,,,,,0,0,,
509,Alphonso Davies,Bayern München,D,Bayern München vs FSV Mainz 05,29,6.2,,0,,,26,20.0,,,,,,1,0,2.0,6.0
509,Alphonso Davies,Bayern München,D,1. FC Heidenheim vs Bayern München,17,7.3,,0,,,14,14.0,,3.0,1.0,,,0,0,5.0,5.0
509,Alphonso Davies,Bayern München,D,RB Leipzig vs Bayern München,9,6.9,,0,,,7,6.0,,,,,,0,0,,
509,Alphonso Davies,Bayern München,D,Bayern München vs FC Augsburg,61,6.9,,0,,,49,46.0,,1.0,,1.0,,0,0,3.0,8.0
509,Alphonso Davies,Bayern München,D,Hamburger SV vs Bayern München,90,6.3,,0,,,67,62.0,,1.0,,,,0,0,1.0,6.0
509,Alphonso Davies,Bayern München,D,Bayern München vs 1899 Hoffenheim,80,6.3,,0,2.0,,34,33.0,,1.0,1.0,1.0,2.0,0,0,6.0,10.0
509,Alphonso Davies,Bayern München,D,Werder Bremen vs Bayern München,21,6.9,,1,,,18,16.0,,1.0,,,,0,0,1.0,1.0
509,Alphonso Davies,Bayern München,D,Bayern München vs Eintracht Frankfurt,50,7.3,,0,,,18,18.0,,1.0,,,2.0,0,0,6.0,10.0
382492,Elias Baum,Eintracht Frankfurt,D,Hamburger SV vs Eintracht Frankfurt,13,6.7,,0,,,8,6.0,,,,,,0,0,1.0,3.0
382492,Elias Baum,Eintracht Frankfurt,D,Bayern München vs Eintracht Frankfurt,13,6.6,,0,,,8,8.0,,,,2.0,,0,0,,1.0
1166,Timo Werner,RB Leipzig,F,RB Leipzig vs Bayer Leverkusen,11,6.3,,0,,,7,6.0,,,,,,0,0,,
444961,Montrell Culbreath,Bayer Leverkusen,M,RB Leipzig vs Bayer Leverkusen,13,7.6,1.0,0,1.0,1.0,5,4.0,,,,1.0,,0,0,1.0,3.0
449689,David Daiber,Bayern München,M,1. FC Heidenheim vs Bayern München,18,6.9,,0,,,14,14.0,,,,,,0,0,1.0,1.0
409190,Younes Ebnoutalib,Eintracht Frankfurt,F,Eintracht Frankfurt vs Borussia Dortmund,90,7.2,1.0,0,3.0,1.0,12,9.0,,,1.0,2.0,2.0,0,0,3.0,17.0
409190,Younes Ebnoutalib,Eintracht Frankfurt,F,VfB Stuttgart vs Eintracht Frankfurt,20,6.2,,0,,,1,1.0,,,,,,0,0,,4.0
147831,Arnaud Kalimuendo,Eintracht Frankfurt,F,Eintracht Frankfurt vs Borussia Dortmund,27,6.9,,1,,,2,2.0,,,,1.0,1.0,1,0,3.0,6.0
147831,Arnaud Kalimuendo,Eintracht Frankfurt,F,VfB Stuttgart vs Eintracht Frankfurt,90,6.9,,0,3.0,2.0,21,16.0,,1.0,,1.0,3.0,1,0,9.0,20.0
147831,Arnaud Kalimuendo,Eintracht Frankfurt,F,Werder Bremen vs Eintracht Frankfurt,90,6.6,1.0,0,1.0,1.0,29,22.0,,,,,2.0,0,0,3.0,15.0
147831,Arnaud Kalimuendo,Eintracht Frankfurt,F,Eintracht Frankfurt vs 1899 Hoffenheim,72,7.7,1.0,0,2.0,2.0,17,13.0,,,,,2.0,0,0,4.0,10.0
147831,Arnaud Kalimuendo,Eintracht Frankfurt,F,Eintracht Frankfurt vs Bayer Leverkusen,90,6.2,,0,,,19,17.0,,,,,,0,0,,6.0
147831,Arnaud Kalimuendo,Eintracht Frankfurt,F,Union Berlin vs Eintracht Frankfurt,90,5.9,,0,,,13,12.0,,,,3.0,1.0,1,0,3.0,12.0
147831,Arnaud Kalimuendo,Eintracht Frankfurt,F,Eintracht Frankfurt vs Borussia Mönchengladbach,17,6.7,,0,1.0,1.0,0,,,,,,,0,0,,
147831,Arnaud Kalimuendo,Eintracht Frankfurt,F,Bayern München vs Eintracht Frankfurt,30,7.7,1.0,0,2.0,1.0,8,8.0,,,,,,0,0,1.0,1.0
334362,Damion Downs,Hamburger SV,F,SC Freiburg vs Hamburger SV,78,6.2,,0,1.0,1.0,8,7.0,,,,1.0,,0,0,1.0,12.0
334362,Damion Downs,Hamburger SV,F,Hamburger SV vs Borussia Mönchengladbach,80,6.3,,0,2.0,1.0,12,9.0,,,,3.0,1.0,0,0,1.0,6.0
334362,Damion Downs,Hamburger SV,F,FC St. Pauli vs Hamburger SV,68,6,,0,,,8,6.0,,,,1.0,,0,0,,4.0
334362,Damion Downs,Hamburger SV,F,1. FC Heidenheim vs Hamburger SV,45,6.3,,0,,,10,8.0,,1.0,,1.0,,0,0,4.0,10.0
404656,Jahmai Simpson-Pusey,1. FC Köln,D,1. FC Heidenheim vs 1. FC Köln,90,6.5,,0,2.0,2.0,45,36.0,,2.0,1.0,1.0,1.0,0,0,7.0,11.0
404656,Jahmai Simpson-Pusey,1. FC Köln,D,1. FC Köln vs Bayern München,90,6.2,,0,,,39,33.0,,1.0,2.0,,,0,0,3.0,3.0
404656,Jahmai Simpson-Pusey,1. FC Köln,D,1. FC Köln vs FSV Mainz 05,90,7.3,,0,,,58,53.0,,1.0,4.0,,,0,0,3.0,5.0
404656,Jahmai Simpson-Pusey,1. FC Köln,D,1. FC Köln vs 1899 Hoffenheim,21,6.6,,0,,,4,3.0,,,,,,0,0,,
404656,Jahmai Simpson-Pusey,1. FC Köln,D,FC Augsburg vs 1. FC Köln,78,7,,0,2.0,1.0,72,66.0,,1.0,1.0,,1.0,0,0,5.0,5.0
610625,Fynn Schenten,1. FC Köln,F,1. FC Heidenheim vs 1. FC Köln,62,6.9,,0,,,7,7.0,,,,,,0,0,2.0,3.0
610625,Fynn Schenten,1. FC Köln,F,1. FC Köln vs Bayern München,23,6.3,,0,,,2,2.0,,,,,,0,0,,
610625,Fynn Schenten,1. FC Köln,F,SC Freiburg vs 1. FC Köln,9,6.7,,0,1.0,,2,1.0,,,,,,0,0,1.0,1.0
610625,Fynn Schenten,1. FC Köln,F,1. FC Köln vs RB Leipzig,10,6.3,,0,,,3,1.0,,,,,,0,0,,
610625,Fynn Schenten,1. FC Köln,F,FC Augsburg vs 1. FC Köln,12,6.5,,0,,,3,,,,,,,0,0,,1.0
292218,Marin Ljubičić,Union Berlin,F,Union Berlin vs FSV Mainz 05,12,7,1.0,0,1.0,1.0,5,2.0,,,,1.0,,0,0,1.0,3.0
292218,Marin Ljubičić,Union Berlin,F,FC Augsburg vs Union Berlin,8,6.9,1.0,0,1.0,1.0,0,,,,,1.0,,0,0,,1.0
350799,Jeremy Arevalo,VfB Stuttgart,F,Bayer Leverkusen vs VfB Stuttgart,11,6.7,,0,,,3,3.0,,,,,1.0,0,0,2.0,2.0
350799,Jeremy Arevalo,VfB Stuttgart,F,FC St. Pauli vs VfB Stuttgart,12,6.5,,0,1.0,1.0,2,2.0,,,,,,0,0,,1.0
337593,Kota Takai,Borussia Mönchengladbach,D,Borussia Mönchengladbach vs FC Augsburg,18,6.3,,0,,,15,13.0,,1.0,,1.0,,0,0,1.0,4.0
337593,Kota Takai,Borussia Mönchengladbach,D,1899 Hoffenheim vs Borussia Mönchengladbach,45,6.3,,0,1.0,1.0,18,14.0,,2.0,,,,0,0,3.0,5.0
337593,Kota Takai,Borussia Mönchengladbach,D,Hamburger SV vs Borussia Mönchengladbach,12,7.2,,0,,,9,7.0,,1.0,,,1.0,0,0,3.0,5.0
337593,Kota Takai,Borussia Mönchengladbach,D,Borussia Mönchengladbach vs VfB Stuttgart,90,6.9,,0,,,74,67.0,,1.0,3.0,,,0,0,3.0,4.0
337593,Kota Takai,Borussia Mönchengladbach,D,Eintracht Frankfurt vs Borussia Mönchengladbach,90,5.9,,0,2.0,1.0,79,76.0,,2.0,1.0,1.0,1.0,0,0,4.0,8.0
337593,Kota Takai,Borussia Mönchengladbach,D,SC Freiburg vs Borussia Mönchengladbach,90,6.7,,0,,,64,51.0,,3.0,1.0,1.0,1.0,1,0,11.0,18.0
25297,Michael Gregoritsch,FC Augsburg,F,Borussia Mönchengladbach vs FC Augsburg,9,6.7,,0,,,4,2.0,,1.0,,1.0,1.0,0,0,2.0,3.0
25297,Michael Gregoritsch,FC Augsburg,F,FC Augsburg vs Union Berlin,83,6.3,,0,2.0,,15,9.0,,,,1.0,3.0,0,0,8.0,16.0
25297,Michael Gregoritsch,FC Augsburg,F,FC Augsburg vs SC Freiburg,90,6.9,,0,,,18,9.0,,1.0,1.0,,2.0,1,0,5.0,14.0
25297,Michael Gregoritsch,FC Augsburg,F,FC Augsburg vs FC St. Pauli,84,8.9,2.0,0,3.0,3.0,14,5.0,,1.0,1.0,,2.0,0,0,10.0,21.0
25297,Michael Gregoritsch,FC Augsburg,F,FSV Mainz 05 vs FC Augsburg,57,6.2,,0,,,10,5.0,,,,,,0,0,1.0,5.0
25297,Michael Gregoritsch,FC Augsburg,F,FC Augsburg vs 1. FC Heidenheim,59,6.7,,0,1.0,,16,8.0,,1.0,,,,0,0,4.0,7.0
25297,Michael Gregoritsch,FC Augsburg,F,VfL Wolfsburg vs FC Augsburg,9,6.9,1.0,0,1.0,1.0,3,2.0,,,,2.0,,1,0,1.0,4.0
25297,Michael Gregoritsch,FC Augsburg,F,FC Augsburg vs 1. FC Köln,22,6.7,,1,,,5,4.0,,,,,,0,0,,3.0
414474,Felipe Chavez,Bayern München,M,Bayern München vs VfL Wolfsburg,14,6.9,,0,,,10,10.0,,,,,,0,0,,
414474,Felipe Chavez,Bayern München,M,Bayern München vs FC Augsburg,10,6.6,,0,,,10,10.0,,,,,,0,0,,1.0
414474,Felipe Chavez,Bayern München,M,1. FC Köln vs RB Leipzig,10,6.7,,0,,,4,4.0,,,,,,0,0,,
414474,Felipe Chavez,Bayern München,M,FC Augsburg vs 1. FC Köln,12,6.2,,0,,,17,15.0,,,,,,0,0,,2.0
149557,Kevin Paredes,VfL Wolfsburg,M,Bayern München vs VfL Wolfsburg,13,6.3,,0,1.0,1.0,2,1.0,,1.0,,,,0,0,1.0,1.0
149557,Kevin Paredes,VfL Wolfsburg,M,VfL Wolfsburg vs FC St. Pauli,12,6.6,,0,,,8,6.0,,,,,1.0,0,0,1.0,1.0
149557,Kevin Paredes,VfL Wolfsburg,M,VfL Wolfsburg vs 1. FC Heidenheim,45,7.3,,0,1.0,,25,21.0,,1.0,,1.0,2.0,1,0,6.0,10.0
149557,Kevin Paredes,VfL Wolfsburg,M,VfL Wolfsburg vs Borussia Dortmund,64,6.9,,0,,,15,10.0,,2.0,2.0,1.0,,0,0,5.0,9.0
149557,Kevin Paredes,VfL Wolfsburg,M,VfL Wolfsburg vs FC Augsburg,25,6.7,,0,,,3,3.0,,,,,3.0,0,0,3.0,4.0
535046,Ayoube Amaimouni-Echghouyab,Eintracht Frankfurt,F,VfB Stuttgart vs Eintracht Frankfurt,13,7.3,1.0,0,1.0,1.0,0,,,,,,1.0,0,0,1.0,3.0
535046,Ayoube Amaimouni-Echghouyab,Eintracht Frankfurt,F,Werder Bremen vs Eintracht Frankfurt,14,6.6,,1,,,4,1.0,,,,2.0,,1,0,2.0,5.0
535046,Ayoube Amaimouni-Echghouyab,Eintracht Frankfurt,F,Eintracht Frankfurt vs 1899 Hoffenheim,18,6.2,,0,,,3,3.0,,,,1.0,1.0,0,0,1.0,5.0
535046,Ayoube Amaimouni-Echghouyab,Eintracht Frankfurt,F,Eintracht Frankfurt vs Bayer Leverkusen,21,6.7,,0,1.0,1.0,6,5.0,,1.0,,1.0,,0,0,1.0,5.0
535046,Ayoube Amaimouni-Echghouyab,Eintracht Frankfurt,F,Union Berlin vs Eintracht Frankfurt,8,6.3,,0,,,0,,,,,,,0,0,,
535046,Ayoube Amaimouni-Echghouyab,Eintracht Frankfurt,F,Eintracht Frankfurt vs Borussia Mönchengladbach,79,7.3,1.0,0,2.0,2.0,6,3.0,,,,,2.0,0,0,4.0,11.0
535046,Ayoube Amaimouni-Echghouyab,Eintracht Frankfurt,F,Bayern München vs Eintracht Frankfurt,60,6.2,,0,,,13,11.0,,,,,,0,0,1.0,4.0
371911,Jovan Milošević,Werder Bremen,F,Borussia Dortmund vs Werder Bremen,21,6.7,,0,,,8,8.0,,,,,,0,0,3.0,6.0
371911,Jovan Milošević,Werder Bremen,F,Werder Bremen vs Eintracht Frankfurt,26,7.6,1.0,0,1.0,1.0,8,6.0,,,,1.0,,0,0,3.0,6.0
371911,Jovan Milošević,Werder Bremen,F,Bayer Leverkusen vs Werder Bremen,30,6.7,,0,1.0,,7,3.0,,2.0,,,,0,0,3.0,4.0
371911,Jovan Milošević,Werder Bremen,F,Werder Bremen vs 1899 Hoffenheim,90,6.9,,0,,,18,15.0,,1.0,,2.0,1.0,1,0,5.0,11.0
371911,Jovan Milošević,Werder Bremen,F,Werder Bremen vs Borussia Mönchengladbach,26,6.5,,0,,,7,7.0,,,,,,0,0,2.0,4.0
371911,Jovan Milošević,Werder Bremen,F,SC Freiburg vs Werder Bremen,11,6.2,,0,,,0,,,,,,,0,0,,
371911,Jovan Milošević,Werder Bremen,F,FC St. Pauli vs Werder Bremen,29,7,1.0,0,2.0,2.0,6,3.0,,,1.0,1.0,,1,0,1.0,4.0
8673,Olivier Deman,Werder Bremen,D,Borussia Dortmund vs Werder Bremen,9,6.3,,0,,,7,6.0,,,,,,0,0,,
8673,Olivier Deman,Werder Bremen,D,Bayer Leverkusen vs Werder Bremen,45,6.9,,0,,,28,25.0,,2.0,,1.0,,1,0,4.0,6.0
8673,Olivier Deman,Werder Bremen,D,Werder Bremen vs 1899 Hoffenheim,59,7,,0,,,20,14.0,,1.0,,,1.0,0,0,2.0,3.0
8673,Olivier Deman,Werder Bremen,D,Werder Bremen vs Borussia Mönchengladbach,90,7.2,,1,1.0,1.0,45,36.0,,6.0,1.0,5.0,,0,0,7.0,16.0
8673,Olivier Deman,Werder Bremen,D,SC Freiburg vs Werder Bremen,62,6.6,,0,,,25,20.0,,3.0,1.0,2.0,1.0,0,0,4.0,6.0
361393,Bruno Ogbus,SC Freiburg,D,RB Leipzig vs SC Freiburg,90,7.2,,0,,,37,33.0,,2.0,,,1.0,0,0,4.0,7.0
361393,Bruno Ogbus,SC Freiburg,D,FC Augsburg vs SC Freiburg,90,7.7,,0,1.0,,57,54.0,,1.0,,,,0,0,5.0,7.0
361393,Bruno Ogbus,SC Freiburg,D,SC Freiburg vs 1. FC Köln,28,6.9,,0,,,6,4.0,,1.0,1.0,,1.0,0,0,2.0,3.0
361393,Bruno Ogbus,SC Freiburg,D,VfB Stuttgart vs SC Freiburg,12,6.5,,0,1.0,1.0,1,,,,,,1.0,0,0,1.0,3.0
361393,Bruno Ogbus,SC Freiburg,D,SC Freiburg vs Werder Bremen,90,6.9,,0,,,19,17.0,,1.0,1.0,1.0,1.0,0,0,3.0,7.0
361393,Bruno Ogbus,SC Freiburg,D,1899 Hoffenheim vs SC Freiburg,90,6.5,,0,,,31,25.0,,1.0,1.0,1.0,,0,0,3.0,5.0
361393,Bruno Ogbus,SC Freiburg,D,SC Freiburg vs Borussia Mönchengladbach,90,6.3,,0,,,24,20.0,,2.0,1.0,,,0,0,2.0,5.0
632022,Youssoupha Niang,1. FC Köln,F,1. FC Köln vs Bayern München,11,6.3,,0,,,2,,,,,1.0,,0,0,1.0,2.0
632022,Youssoupha Niang,1. FC Köln,F,1. FC Köln vs VfL Wolfsburg,10,6.3,,0,,,3,1.0,,,,,,0,0,2.0,4.0
632022,Youssoupha Niang,1. FC Köln,F,FC Augsburg vs 1. FC Köln,24,6.9,,0,,,6,4.0,,,,,1.0,0,0,2.0,4.0
48481,Leonidas Stergiou,1. FC Heidenheim,D,VfL Wolfsburg vs 1. FC Heidenheim,13,6.5,,0,,,5,4.0,,,,,,0,0,1.0,2.0
48481,Leonidas Stergiou,1. FC Heidenheim,D,1. FC Heidenheim vs RB Leipzig,90,6.9,,0,,,17,10.0,,4.0,1.0,2.0,1.0,0,0,7.0,14.0
307929,Tomoya Ando,FC St. Pauli,D,Borussia Dortmund vs FC St. Pauli,26,6.3,,0,,,13,9.0,,,,,,0,0,3.0,3.0
307929,Tomoya Ando,FC St. Pauli,D,FC St. Pauli vs RB Leipzig,90,7.2,,0,,,59,45.0,,4.0,1.0,,,0,0,8.0,11.0
307929,Tomoya Ando,FC St. Pauli,D,FC Augsburg vs FC St. Pauli,90,7.2,,0,,,59,55.0,,4.0,2.0,2.0,,0,0,8.0,12.0
307929,Tomoya Ando,FC St. Pauli,D,FC St. Pauli vs VfB Stuttgart,90,6.6,,0,,,27,19.0,,,,1.0,2.0,0,0,4.0,6.0
307929,Tomoya Ando,FC St. Pauli,D,Bayer Leverkusen vs FC St. Pauli,90,6.2,,0,,,44,41.0,,1.0,1.0,,,0,0,2.0,2.0
307929,Tomoya Ando,FC St. Pauli,D,FC St. Pauli vs Werder Bremen,90,7,,0,,,51,43.0,,4.0,5.0,,1.0,0,0,8.0,10.0
37246,Janis Blaswich,Bayer Leverkusen,G,1899 Hoffenheim vs Bayer Leverkusen,30,7.2,,0,,,25,22.0,,,,,,0,0,,
37246,Janis Blaswich,Bayer Leverkusen,G,Bayer Leverkusen vs Werder Bremen,90,7.9,,0,,,20,13.0,,,,,,0,0,,
37246,Janis Blaswich,Bayer Leverkusen,G,Eintracht Frankfurt vs Bayer Leverkusen,90,6.9,,0,,,29,23.0,,,,,,0,0,1.0,1.0
37246,Janis Blaswich,Bayer Leverkusen,G,Borussia Mönchengladbach vs Bayer Leverkusen,90,6.6,,0,,,18,15.0,,,,,,0,0,,
37246,Janis Blaswich,Bayer Leverkusen,G,Bayer Leverkusen vs FC St. Pauli,90,6.6,,0,,,25,22.0,,,,,,0,0,,
37246,Janis Blaswich,Bayer Leverkusen,G,Union Berlin vs Bayer Leverkusen,90,6.3,,0,,,15,8.0,,,,,,0,0,,
20617,Silas,FSV Mainz 05,F,1. FC Köln vs FSV Mainz 05,61,6.3,,0,2.0,2.0,9,8.0,,,,,,0,0,2.0,8.0
20617,Silas,FSV Mainz 05,F,FSV Mainz 05 vs VfL Wolfsburg,8,6.5,,0,,,3,2.0,,,,,,0,0,1.0,5.0
20617,Silas,FSV Mainz 05,F,RB Leipzig vs FSV Mainz 05,68,8.2,1.0,0,2.0,2.0,15,10.0,,2.0,,,1.0,0,0,7.0,14.0
20617,Silas,FSV Mainz 05,F,FSV Mainz 05 vs FC Augsburg,63,6.2,,0,2.0,2.0,9,5.0,,,,1.0,1.0,0,0,2.0,8.0
20617,Silas,FSV Mainz 05,F,Borussia Dortmund vs FSV Mainz 05,60,6.7,,0,1.0,,6,6.0,,,,,2.0,0,0,3.0,6.0
20617,Silas,FSV Mainz 05,F,FSV Mainz 05 vs Hamburger SV,45,6.3,,0,1.0,1.0,8,7.0,,,,2.0,1.0,1,0,3.0,8.0
181812,Jamal Musiala,Bayern München,M,RB Leipzig vs Bayern München,9,6.9,,1,,,8,8.0,,1.0,,,,0,0,1.0,2.0
181812,Jamal Musiala,Bayern München,M,Bayern München vs FC Augsburg,29,6.5,,0,1.0,,17,15.0,,,,,2.0,0,0,2.0,5.0
181812,Jamal Musiala,Bayern München,M,Hamburger SV vs Bayern München,25,6.9,,0,1.0,1.0,11,8.0,,,,,1.0,0,0,2.0,3.0
181812,Jamal Musiala,Bayern München,M,Bayern München vs 1899 Hoffenheim,27,6.3,,1,2.0,1.0,11,10.0,,2.0,,,,0,0,4.0,9.0
181812,Jamal Musiala,Bayern München,M,Werder Bremen vs Bayern München,21,6.2,,0,1.0,1.0,17,14.0,,1.0,,1.0,1.0,1,0,3.0,7.0
181812,Jamal Musiala,Bayern München,M,Bayern München vs Eintracht Frankfurt,78,6.3,,0,,,19,17.0,,1.0,,,3.0,0,0,6.0,10.0
178093,Yannik Keitel,FC Augsburg,D,FC Augsburg vs SC Freiburg,63,6.5,,0,,,27,23.0,,,,1.0,1.0,1,0,3.0,6.0
178093,Yannik Keitel,FC Augsburg,D,Bayern München vs FC Augsburg,16,6.6,,0,,,1,,,,,,,0,0,,
178093,Yannik Keitel,FC Augsburg,D,FC Augsburg vs FC St. Pauli,45,6.9,,0,,,12,9.0,,,1.0,,,0,0,2.0,2.0
178093,Yannik Keitel,FC Augsburg,D,FC Augsburg vs 1. FC Köln,40,7.2,,0,,,11,8.0,,5.0,,,,1,0,7.0,9.0
711,Stefan Posch,FSV Mainz 05,D,FSV Mainz 05 vs VfL Wolfsburg,90,7.3,,0,,,68,57.0,,5.0,2.0,1.0,1.0,1,0,11.0,14.0
711,Stefan Posch,FSV Mainz 05,D,RB Leipzig vs FSV Mainz 05,90,6.9,,0,,,29,20.0,,3.0,3.0,2.0,,1,0,5.0,9.0
711,Stefan Posch,FSV Mainz 05,D,FSV Mainz 05 vs FC Augsburg,90,7,,0,,,30,24.0,,2.0,1.0,1.0,,0,0,2.0,7.0
711,Stefan Posch,FSV Mainz 05,D,Borussia Dortmund vs FSV Mainz 05,90,5.6,,0,1.0,1.0,46,39.0,,1.0,,,,1,0,2.0,5.0
711,Stefan Posch,FSV Mainz 05,D,FSV Mainz 05 vs Hamburger SV,90,7.3,,0,1.0,,41,28.0,,4.0,1.0,,1.0,0,0,10.0,13.0
422572,Kento Shiogai,VfL Wolfsburg,F,FSV Mainz 05 vs VfL Wolfsburg,14,6.6,,0,,,1,1.0,,1.0,,,1.0,0,0,2.0,3.0
422572,Kento Shiogai,VfL Wolfsburg,F,1. FC Köln vs VfL Wolfsburg,45,6.2,,0,2.0,1.0,9,6.0,,,,1.0,,1,0,1.0,5.0
422572,Kento Shiogai,VfL Wolfsburg,F,VfL Wolfsburg vs Borussia Dortmund,64,6.2,,0,,,10,7.0,,,1.0,1.0,,0,0,,6.0
422572,Kento Shiogai,VfL Wolfsburg,F,RB Leipzig vs VfL Wolfsburg,60,6.3,,0,,,12,10.0,,2.0,1.0,,,0,0,2.0,11.0
422572,Kento Shiogai,VfL Wolfsburg,F,VfL Wolfsburg vs FC Augsburg,25,7.5,1.0,0,2.0,2.0,3,2.0,,1.0,,1.0,1.0,0,0,2.0,4.0
353143,Hennes Behrens,1. FC Heidenheim,M,1. FC Heidenheim vs RB Leipzig,13,6.9,,0,,,4,2.0,,2.0,,,,0,0,3.0,4.0
353143,Hennes Behrens,1. FC Heidenheim,M,Borussia Dortmund vs 1. FC Heidenheim,90,7.3,,0,,,32,18.0,,3.0,,1.0,4.0,0,0,11.0,20.0
353143,Hennes Behrens,1. FC Heidenheim,M,1. FC Heidenheim vs Hamburger SV,90,7.2,,0,,,27,20.0,,1.0,,,2.0,0,0,3.0,3.0
353143,Hennes Behrens,1. FC Heidenheim,M,FC Augsburg vs 1. FC Heidenheim,87,6.9,,0,1.0,1.0,36,30.0,,1.0,1.0,,1.0,0,0,4.0,7.0
353143,Hennes Behrens,1. FC Heidenheim,M,1. FC Heidenheim vs VfB Stuttgart,90,6.9,,0,,,27,20.0,,1.0,1.0,1.0,2.0,0,0,5.0,9.0
15917,Mathias Rasmussen,FC St. Pauli,M,FC St. Pauli vs RB Leipzig,13,6.7,,0,,,15,12.0,,,,,,0,0,,1.0
15917,Mathias Rasmussen,FC St. Pauli,M,FC Augsburg vs FC St. Pauli,90,6.7,,0,,,42,37.0,,1.0,1.0,2.0,2.0,0,0,5.0,9.0
15917,Mathias Rasmussen,FC St. Pauli,M,FC St. Pauli vs VfB Stuttgart,90,6.3,,0,1.0,,29,19.0,,2.0,,1.0,2.0,0,0,4.0,9.0
15917,Mathias Rasmussen,FC St. Pauli,M,Bayer Leverkusen vs FC St. Pauli,90,6.5,,0,1.0,,27,19.0,,2.0,1.0,2.0,1.0,0,0,4.0,9.0
15917,Mathias Rasmussen,FC St. Pauli,M,FC St. Pauli vs Werder Bremen,10,6.7,,0,,,3,2.0,,,,,,0,0,,
98,Benjamin Henrichs,RB Leipzig,D,RB Leipzig vs FSV Mainz 05,31,6.7,,0,,,27,20.0,,1.0,2.0,,,0,0,1.0,4.0
98,Benjamin Henrichs,RB Leipzig,D,1. FC Köln vs RB Leipzig,64,6.5,,0,1.0,,25,21.0,,2.0,2.0,,,0,0,3.0,6.0
98,Benjamin Henrichs,RB Leipzig,D,RB Leipzig vs VfL Wolfsburg,63,6.9,,0,1.0,1.0,44,36.0,,2.0,1.0,,,0,0,3.0,6.0
98,Benjamin Henrichs,RB Leipzig,D,RB Leipzig vs Borussia Dortmund,8,6.2,,0,,,4,3.0,,,,,,0,0,,
37938,Sheraldo Becker,FSV Mainz 05,F,FSV Mainz 05 vs FC Augsburg,27,6.5,,0,1.0,,5,4.0,,,,2.0,,1,0,1.0,4.0
37938,Sheraldo Becker,FSV Mainz 05,F,Borussia Dortmund vs FSV Mainz 05,30,6.5,,0,1.0,1.0,6,5.0,,,,,,0,0,,1.0
37938,Sheraldo Becker,FSV Mainz 05,F,FSV Mainz 05 vs Hamburger SV,45,7.3,,0,1.0,,12,9.0,,,,1.0,,0,0,,1.0
341641,Rodrigo Ribeiro,FC Augsburg,F,FSV Mainz 05 vs FC Augsburg,33,6.6,,0,2.0,1.0,7,6.0,,1.0,,,,0,0,4.0,4.0
341641,Rodrigo Ribeiro,FC Augsburg,F,FC Augsburg vs 1. FC Heidenheim,31,6.9,,0,1.0,1.0,8,4.0,,,,2.0,1.0,0,0,4.0,8.0
341641,Rodrigo Ribeiro,FC Augsburg,F,VfL Wolfsburg vs FC Augsburg,81,7,1.0,0,3.0,3.0,15,15.0,,,,3.0,,1,0,6.0,15.0
341641,Rodrigo Ribeiro,FC Augsburg,F,FC Augsburg vs 1. FC Köln,68,7.2,1.0,0,3.0,1.0,7,4.0,,1.0,,,,0,0,1.0,5.0
73879,Philip Otele,Hamburger SV,F,1. FC Heidenheim vs Hamburger SV,68,7,,1,1.0,,26,20.0,,,,1.0,,0,0,4.0,7.0
73879,Philip Otele,Hamburger SV,F,Hamburger SV vs Union Berlin,72,7.3,,0,,,19,10.0,,,1.0,,,0,0,4.0,7.0
73879,Philip Otele,Hamburger SV,F,FSV Mainz 05 vs Hamburger SV,76,6.3,,0,1.0,,18,14.0,,,1.0,2.0,,0,0,4.0,11.0
335095,Hugo Bolin,Borussia Mönchengladbach,M,Borussia Mönchengladbach vs Bayer Leverkusen,11,6.7,,0,,,5,4.0,,,,,1.0,0,0,1.0,1.0
335095,Hugo Bolin,Borussia Mönchengladbach,M,Eintracht Frankfurt vs Borussia Mönchengladbach,25,6.3,,0,2.0,,7,6.0,,,,,,0,0,,2.0
335095,Hugo Bolin,Borussia Mönchengladbach,M,SC Freiburg vs Borussia Mönchengladbach,62,6.3,,0,,,15,15.0,,,1.0,,2.0,0,0,3.0,7.0
328225,Brajan Gruda,RB Leipzig,M,1. FC Köln vs RB Leipzig,82,6.3,,0,,,22,16.0,,2.0,,2.0,,0,0,4.0,9.0
328225,Brajan Gruda,RB Leipzig,M,RB Leipzig vs VfL Wolfsburg,90,8.9,1.0,1,3.0,3.0,40,30.0,,,,,1.0,0,0,7.0,13.0
328225,Brajan Gruda,RB Leipzig,M,RB Leipzig vs Borussia Dortmund,82,7.5,,0,,,29,24.0,,1.0,,2.0,4.0,0,0,6.0,12.0
535086,Luka Duric,1899 Hoffenheim,M,Bayern München vs 1899 Hoffenheim,9,6.6,,0,,,2,2.0,,,,,,0,0,,
568225,Luca Reggiani,Borussia Dortmund,D,Borussia Dortmund vs FSV Mainz 05,45,7,,0,1.0,,43,40.0,,3.0,,,,0,0,3.0,4.0
568225,Luca Reggiani,Borussia Dortmund,D,RB Leipzig vs Borussia Dortmund,64,6.3,,0,,,22,18.0,,2.0,,2.0,,1,0,4.0,8.0
32871,Taichi Hara,FC St. Pauli,F,Bayer Leverkusen vs FC St. Pauli,21,6.2,,0,1.0,,4,1.0,,,,,,0,0,,
496976,Love Arrhov,Eintracht Frankfurt,M,Eintracht Frankfurt vs Borussia Mönchengladbach,11,6.3,,0,,,6,5.0,,,,2.0,,1,0,,3.0
64302,Christian Joe Conteh,1. FC Heidenheim,F,FC Augsburg vs 1. FC Heidenheim,64,6.7,,0,2.0,,11,9.0,,1.0,1.0,1.0,,0,0,4.0,9.0
64302,Christian Joe Conteh,1. FC Heidenheim,F,1. FC Heidenheim vs VfB Stuttgart,64,6.2,,0,,,10,6.0,,1.0,1.0,2.0,1.0,0,0,2.0,6.0
1924,Maarten Vandevoordt,RB Leipzig,G,RB Leipzig vs VfL Wolfsburg,61,7,,0,,,31,28.0,,,,,1.0,0,0,1.0,1.0
1924,Maarten Vandevoordt,RB Leipzig,G,RB Leipzig vs Borussia Dortmund,90,8,,0,,,45,32.0,,,,,,0,0,,
499495,Uchenna Ogundu,FC Augsburg,F,VfL Wolfsburg vs FC Augsburg,9,6.5,,0,,,2,,,,,,,0,0,2.0,6.0
