player_id,name,team,position,fixture,minutes,rating,goals,assists,shots_total,shots_on,passes_total,accurate_passes,pass_accuracy_pct,tackles,interceptions,fouls_committed,fouls_drawn,yellow_cards,red_cards,duels_won,duels_total
21628,Brice Samba,Rennes,G,Rennes vs Marseille,90,7.7,,0.0,,,34,21.0,,,,,,0,0,,
21628,Brice Samba,Rennes,G,Lorient vs Rennes,90,7,,0.0,,,64,48.0,,,,,,0,0,,
21628,Brice Samba,Rennes,G,Angers vs Rennes,90,7.5,,0.0,,,65,58.0,,,,,1.0,0,0,1.0,1.0
21628,Brice Samba,Rennes,G,Rennes vs Lyon,90,7.6,,0.0,,,31,23.0,,,,,1.0,0,0,1.0,1.0
21628,Brice Samba,Rennes,G,Nantes vs Rennes,90,6.7,,0.0,,,48,31.0,,,,,,0,0,,
21628,Brice Samba,Rennes,G,Rennes vs Lens,90,7.2,,0.0,,,19,19.0,,,,,,0,0,,
21628,Brice Samba,Rennes,G,Le Havre vs Rennes,90,6.2,,0.0,,,35,26.0,,,,,,0,0,,
21628,Brice Samba,Rennes,G,Rennes vs Auxerre,90,6.6,,0.0,,,20,13.0,,1.0,,,,0,0,1.0,1.0
21628,Brice Samba,Rennes,G,Rennes vs Nice,90,6.2,,0.0,,,33,23.0,,,,,1.0,1,0,1.0,1.0
21628,Brice Samba,Rennes,G,Toulouse vs Rennes,90,6.2,,0.0,,,41,29.0,,,,,,1,0,1.0,1.0
21628,Brice Samba,Rennes,G,Rennes vs Strasbourg,90,6.9,,0.0,,,28,24.0,,,,,,0,0,,
21628,Brice Samba,Rennes,G,Paris FC vs Rennes,90,7.2,,0.0,,,33,22.0,,,,,,0,0,,
21628,Brice Samba,Rennes,G,Rennes vs Monaco,90,6.2,,0.0,,,38,30.0,,,,,,0,0,,
21628,Brice Samba,Rennes,G,Metz vs Rennes,90,7.3,,0.0,,,37,27.0,,,,,,0,0,,
21628,Brice Samba,Rennes,G,Paris Saint Germain vs Rennes,90,5.3,,0.0,,,36,28.0,,,,,,0,0,1.0,1.0
21628,Brice Samba,Rennes,G,Rennes vs Stade Brestois 29,90,7.2,,0.0,,,39,31.0,,,,,,1,0,,
21628,Brice Samba,Rennes,G,Lille vs Rennes,90,7.2,,0.0,,,37,31.0,,,,,,0,0,1.0,1.0
21628,Brice Samba,Rennes,G,Rennes vs Le Havre,101,6.9,,,,,24,21.0,,,,,,0,0,,
21628,Brice Samba,Rennes,G,Rennes vs Lorient,90,6.5,,0.0,,,14,14.0,,,,,,0,0,,
21628,Brice Samba,Rennes,G,Monaco vs Rennes,90,5.3,,0.0,,,36,28.0,,,,,,0,0,,
21628,Brice Samba,Rennes,G,Rennes vs Paris Saint Germain,90,9.5,,0.0,,,37,22.0,,,,,1.0,0,0,1.0,1.0
21628,Brice Samba,Rennes,G,Auxerre vs Rennes,90,7.6,,0.0,,,50,37.0,,,,,1.0,0,0,1.0,1.0
3007,Przemysław Frankowski,Rennes,D,Rennes vs Marseille,85,6.9,,0.0,,,30,16.0,,1.0,,,2.0,0,0,4.0,6.0
3007,Przemysław Frankowski,Rennes,D,Angers vs Rennes,90,6.2,,0.0,1.0,1.0,64,53.0,,3.0,1.0,2.0,2.0,1,0,6.0,12.0
3007,Przemysław Frankowski,Rennes,D,Rennes vs Lyon,45,6.3,,0.0,1.0,,20,14.0,,3.0,,2.0,1.0,1,0,4.0,6.0
3007,Przemysław Frankowski,Rennes,D,Le Havre vs Rennes,90,7.2,,0.0,,,51,47.0,,4.0,1.0,,,0,0,4.0,6.0
3007,Przemysław Frankowski,Rennes,D,Rennes vs Nice,45,7.6,,1.0,,,12,11.0,,2.0,,2.0,1.0,1,0,3.0,6.0
3007,Przemysław Frankowski,Rennes,D,Toulouse vs Rennes,79,6.9,,0.0,,,22,17.0,,3.0,,1.0,,0,0,4.0,8.0
3007,Przemysław Frankowski,Rennes,D,Rennes vs Strasbourg,90,7.6,,0.0,,,48,41.0,,5.0,,1.0,,1,0,6.0,10.0
3007,Przemysław Frankowski,Rennes,D,Rennes vs Monaco,89,7.9,,1.0,,,52,39.0,,3.0,2.0,,1.0,0,0,5.0,7.0
3007,Przemysław Frankowski,Rennes,D,Metz vs Rennes,62,6.6,,0.0,,,24,19.0,,,,1.0,,0,0,,5.0
3007,Przemysław Frankowski,Rennes,D,Paris Saint Germain vs Rennes,90,6.3,,0.0,1.0,,39,30.0,,3.0,,,1.0,0,0,5.0,8.0
3007,Przemysław Frankowski,Rennes,D,Rennes vs Stade Brestois 29,51,6.9,,0.0,,,29,23.0,,2.0,,,,0,0,3.0,4.0
3007,Przemysław Frankowski,Rennes,D,Lille vs Rennes,90,8.2,1.0,0.0,2.0,1.0,56,51.0,,5.0,,,,0,0,6.0,10.0
3007,Przemysław Frankowski,Rennes,D,Rennes vs Le Havre,92,7.5,,,1.0,1.0,45,34.0,,4.0,3.0,1.0,,0,0,4.0,4.0
3007,Przemysław Frankowski,Rennes,D,Rennes vs Lorient,59,6.5,,0.0,,,36,29.0,,,,1.0,,0,0,1.0,2.0
3007,Przemysław Frankowski,Rennes,D,Monaco vs Rennes,56,6.6,,0.0,,,29,23.0,,1.0,1.0,,1.0,0,0,2.0,3.0
417830,Abdelhamid Ait Boudlal,Rennes,D,Rennes vs Marseille,31,5.6,,0.0,,,12,11.0,,,1.0,1.0,,0,1,,1.0
417830,Abdelhamid Ait Boudlal,Rennes,D,Rennes vs Lyon,45,6.3,,0.0,,,21,17.0,,1.0,1.0,,,0,0,2.0,3.0
417830,Abdelhamid Ait Boudlal,Rennes,D,Rennes vs Nice,32,7.6,1.0,0.0,1.0,1.0,14,12.0,,,,,,0,0,1.0,2.0
417830,Abdelhamid Ait Boudlal,Rennes,D,Toulouse vs Rennes,90,6.6,,0.0,,,36,31.0,,2.0,,2.0,,1,0,5.0,9.0
417830,Abdelhamid Ait Boudlal,Rennes,D,Rennes vs Strasbourg,90,7.7,,1.0,,,35,30.0,,3.0,,1.0,,0,0,4.0,9.0
417830,Abdelhamid Ait Boudlal,Rennes,D,Rennes vs Monaco,90,8,1.0,0.0,1.0,1.0,54,45.0,,2.0,1.0,,,0,0,5.0,9.0
417830,Abdelhamid Ait Boudlal,Rennes,D,Metz vs Rennes,90,7.5,,0.0,,,61,54.0,,1.0,1.0,,1.0,0,0,5.0,7.0
417830,Abdelhamid Ait Boudlal,Rennes,D,Paris Saint Germain vs Rennes,90,4.9,,0.0,,,44,38.0,,1.0,1.0,1.0,,1,0,1.0,6.0
417830,Abdelhamid Ait Boudlal,Rennes,D,Rennes vs Stade Brestois 29,90,7.2,,0.0,,,73,60.0,,3.0,,1.0,1.0,0,0,10.0,14.0
417830,Abdelhamid Ait Boudlal,Rennes,D,Monaco vs Rennes,90,6.3,,0.0,,,62,55.0,,,1.0,,1.0,0,0,2.0,3.0
417830,Abdelhamid Ait Boudlal,Rennes,D,Lens vs Rennes,29,7,,0.0,1.0,,7,6.0,,3.0,,,,0,0,3.0,4.0
367636,Jérémy Jacquet,Rennes,D,Rennes vs Marseille,90,7.7,,0.0,,,28,22.0,,1.0,1.0,,1.0,0,0,6.0,7.0
367636,Jérémy Jacquet,Rennes,D,Lorient vs Rennes,90,6.2,,0.0,,,75,72.0,,1.0,,1.0,,0,0,4.0,5.0
367636,Jérémy Jacquet,Rennes,D,Angers vs Rennes,90,7.2,,0.0,,,83,82.0,,3.0,,3.0,1.0,1,0,4.0,8.0
367636,Jérémy Jacquet,Rennes,D,Rennes vs Lyon,90,6.7,,0.0,1.0,1.0,55,50.0,,,1.0,1.0,,0,0,1.0,3.0
367636,Jérémy Jacquet,Rennes,D,Nantes vs Rennes,90,6.9,,0.0,,,64,59.0,,,2.0,1.0,2.0,0,0,5.0,8.0
367636,Jérémy Jacquet,Rennes,D,Rennes vs Lens,90,7.9,,0.0,,,74,69.0,,4.0,1.0,3.0,2.0,1,0,10.0,20.0
367636,Jérémy Jacquet,Rennes,D,Le Havre vs Rennes,90,6.3,,0.0,,,58,51.0,,1.0,,3.0,3.0,1,0,7.0,10.0
367636,Jérémy Jacquet,Rennes,D,Rennes vs Auxerre,90,6.6,,0.0,1.0,,58,49.0,,3.0,,2.0,1.0,0,0,6.0,9.0
367636,Jérémy Jacquet,Rennes,D,Rennes vs Nice,90,6.7,,0.0,2.0,1.0,62,58.0,,1.0,2.0,,,0,0,3.0,5.0
367636,Jérémy Jacquet,Rennes,D,Toulouse vs Rennes,90,6.9,,0.0,,,50,43.0,,,3.0,,1.0,0,0,3.0,3.0
367636,Jérémy Jacquet,Rennes,D,Rennes vs Strasbourg,90,7.2,,0.0,1.0,,46,37.0,,1.0,2.0,,1.0,0,0,3.0,4.0
367636,Jérémy Jacquet,Rennes,D,Paris FC vs Rennes,90,7.5,,0.0,,,59,51.0,,2.0,2.0,1.0,2.0,0,0,6.0,8.0
367636,Jérémy Jacquet,Rennes,D,Rennes vs Monaco,90,7.9,,0.0,,,41,35.0,,4.0,,,,0,0,5.0,5.0
367636,Jérémy Jacquet,Rennes,D,Metz vs Rennes,90,7.5,,0.0,1.0,1.0,63,61.0,,1.0,1.0,,,0,0,2.0,2.0
367636,Jérémy Jacquet,Rennes,D,Paris Saint Germain vs Rennes,74,5.6,,0.0,,,28,26.0,,1.0,1.0,2.0,,2,1,1.0,3.0
367636,Jérémy Jacquet,Rennes,D,Lille vs Rennes,90,8.3,,0.0,2.0,,73,69.0,,2.0,1.0,1.0,,1,0,4.0,7.0
367636,Jérémy Jacquet,Rennes,D,Rennes vs Lorient,90,7.2,,0.0,,,70,65.0,,,1.0,2.0,1.0,0,0,4.0,6.0
367636,Jérémy Jacquet,Rennes,D,Monaco vs Rennes,90,6.5,,0.0,,,56,45.0,,1.0,,,2.0,0,0,6.0,6.0
367636,Jérémy Jacquet,Rennes,D,Lens vs Rennes,69,6.7,,0.0,,,32,28.0,,1.0,1.0,,,0,0,1.0,1.0
129681,Anthony Rouault,Rennes,D,Rennes vs Marseille,90,7.9,,0.0,,,31,26.0,,1.0,1.0,1.0,1.0,0,0,2.0,6.0
129681,Anthony Rouault,Rennes,D,Lorient vs Rennes,90,7.2,,0.0,,,66,59.0,,5.0,3.0,,1.0,0,0,8.0,10.0
129681,Anthony Rouault,Rennes,D,Angers vs Rennes,90,7.9,,0.0,,,95,89.0,,4.0,1.0,1.0,,0,0,6.0,11.0
129681,Anthony Rouault,Rennes,D,Rennes vs Lyon,90,8.2,1.0,0.0,1.0,1.0,57,54.0,,1.0,1.0,1.0,,0,0,2.0,3.0
129681,Anthony Rouault,Rennes,D,Nantes vs Rennes,90,6.2,,0.0,,,66,57.0,,1.0,1.0,3.0,,1,0,1.0,8.0
129681,Anthony Rouault,Rennes,D,Rennes vs Lens,90,7.9,,0.0,,,85,78.0,,1.0,2.0,1.0,,0,0,3.0,9.0
129681,Anthony Rouault,Rennes,D,Rennes vs Auxerre,90,6,,0.0,,,43,34.0,,,,2.0,,1,0,5.0,7.0
129681,Anthony Rouault,Rennes,D,Paris FC vs Rennes,90,7.6,,0.0,,,55,51.0,,,1.0,2.0,1.0,1,0,7.0,10.0
129681,Anthony Rouault,Rennes,D,Metz vs Rennes,28,6.6,,0.0,,,18,12.0,,1.0,1.0,,,0,0,1.0,1.0
129681,Anthony Rouault,Rennes,D,Paris Saint Germain vs Rennes,15,6.2,,0.0,,,2,2.0,,,1.0,,1.0,0,0,1.0,1.0
129681,Anthony Rouault,Rennes,D,Rennes vs Stade Brestois 29,90,6.7,,0.0,1.0,,49,42.0,,1.0,,1.0,1.0,0,0,6.0,12.0
129681,Anthony Rouault,Rennes,D,Rennes vs Le Havre,101,6.7,,,,,39,30.0,,,,,1.0,0,0,4.0,8.0
129681,Anthony Rouault,Rennes,D,Lens vs Rennes,64,6.2,,0.0,,,49,39.0,,1.0,1.0,3.0,,0,0,3.0,9.0
129681,Anthony Rouault,Rennes,D,Rennes vs Paris Saint Germain,90,7.3,,0.0,,,24,19.0,,,1.0,,,0,0,1.0,5.0
129681,Anthony Rouault,Rennes,D,Auxerre vs Rennes,90,7.5,,0.0,1.0,1.0,51,45.0,,3.0,,4.0,2.0,1,0,8.0,15.0
272460,Quentin Merlin,Rennes,D,Rennes vs Marseille,90,7.5,,1.0,,,28,19.0,,3.0,,,3.0,0,0,6.0,16.0
272460,Quentin Merlin,Rennes,D,Lorient vs Rennes,90,6.3,,0.0,,,41,32.0,,1.0,,,,0,0,2.0,4.0
272460,Quentin Merlin,Rennes,D,Angers vs Rennes,90,7.5,,1.0,2.0,2.0,46,42.0,,,1.0,,1.0,0,0,1.0,1.0
272460,Quentin Merlin,Rennes,D,Rennes vs Lyon,90,7.2,,0.0,,,44,34.0,,1.0,1.0,,,0,0,3.0,5.0
272460,Quentin Merlin,Rennes,D,Nantes vs Rennes,90,6.2,,0.0,,,34,29.0,,,,1.0,,0,0,,3.0
272460,Quentin Merlin,Rennes,D,Rennes vs Lens,80,7.3,,0.0,,,56,41.0,,,,,,0,0,3.0,6.0
272460,Quentin Merlin,Rennes,D,Le Havre vs Rennes,90,6.6,,0.0,2.0,,45,36.0,,1.0,2.0,,2.0,0,0,4.0,6.0
272460,Quentin Merlin,Rennes,D,Rennes vs Auxerre,90,6.3,,0.0,,,43,32.0,,1.0,2.0,1.0,2.0,0,0,3.0,9.0
272460,Quentin Merlin,Rennes,D,Rennes vs Nice,62,6.9,,0.0,,,40,36.0,,,2.0,,3.0,0,0,5.0,7.0
272460,Quentin Merlin,Rennes,D,Rennes vs Strasbourg,31,6.6,,0.0,,,18,15.0,,1.0,,,1.0,0,0,2.0,5.0
272460,Quentin Merlin,Rennes,D,Paris FC vs Rennes,90,7.3,,0.0,1.0,,40,34.0,,2.0,1.0,1.0,2.0,0,0,5.0,6.0
272460,Quentin Merlin,Rennes,D,Rennes vs Monaco,16,6.2,,0.0,,,23,19.0,,1.0,,,,0,0,1.0,1.0
272460,Quentin Merlin,Rennes,D,Metz vs Rennes,28,6.9,,0.0,,,18,15.0,,1.0,2.0,,,0,0,1.0,2.0
272460,Quentin Merlin,Rennes,D,Paris Saint Germain vs Rennes,45,5.6,,0.0,,,16,14.0,,,1.0,,,0,0,,1.0
272460,Quentin Merlin,Rennes,D,Rennes vs Stade Brestois 29,39,7.2,,1.0,,,18,14.0,,1.0,,,1.0,0,0,3.0,5.0
272460,Quentin Merlin,Rennes,D,Lille vs Rennes,62,7.6,1.0,0.0,2.0,1.0,36,24.0,,1.0,,,,0,0,1.0,3.0
272460,Quentin Merlin,Rennes,D,Rennes vs Le Havre,73,7.3,,,1.0,,25,16.0,,1.0,1.0,1.0,2.0,0,0,6.0,8.0
272460,Quentin Merlin,Rennes,D,Rennes vs Lorient,90,6.9,,0.0,1.0,1.0,48,43.0,,1.0,3.0,,1.0,0,0,2.0,3.0
272460,Quentin Merlin,Rennes,D,Monaco vs Rennes,90,6.3,,0.0,,,42,33.0,,3.0,2.0,,1.0,0,0,5.0,8.0
272460,Quentin Merlin,Rennes,D,Lens vs Rennes,26,6.7,,0.0,,,19,15.0,,1.0,3.0,2.0,,0,0,3.0,6.0
272460,Quentin Merlin,Rennes,D,Rennes vs Paris Saint Germain,90,6.6,,0.0,1.0,1.0,25,13.0,,3.0,1.0,2.0,,0,0,3.0,9.0
272460,Quentin Merlin,Rennes,D,Auxerre vs Rennes,90,7.2,,0.0,,,57,46.0,,2.0,1.0,1.0,1.0,1,0,4.0,10.0
163032,Fabian Rieder,Rennes,M,Rennes vs Marseille,64,6.6,,0.0,1.0,,18,15.0,,1.0,1.0,1.0,,0,0,2.0,6.0
163032,Fabian Rieder,Rennes,M,Lorient vs Rennes,63,6,,0.0,,,10,8.0,,,1.0,1.0,1.0,0,0,1.0,8.0
163032,Fabian Rieder,Rennes,M,Angers vs Rennes,12,6.3,,0.0,,,6,5.0,,2.0,,,,0,0,2.0,4.0
21102,Valentin Rongier,Rennes,M,Rennes vs Marseille,90,7.2,,0.0,1.0,1.0,26,25.0,,1.0,,1.0,,1,0,2.0,3.0
21102,Valentin Rongier,Rennes,M,Lorient vs Rennes,90,7,,0.0,,,64,54.0,,1.0,,,3.0,0,0,5.0,7.0
21102,Valentin Rongier,Rennes,M,Angers vs Rennes,90,6.9,,0.0,,,80,72.0,,1.0,1.0,1.0,1.0,0,0,3.0,6.0
21102,Valentin Rongier,Rennes,M,Rennes vs Lyon,90,6.6,,0.0,1.0,,63,58.0,,,,2.0,2.0,0,0,3.0,8.0
21102,Valentin Rongier,Rennes,M,Nantes vs Rennes,45,7.2,,0.0,1.0,,36,31.0,,1.0,,2.0,,0,0,3.0,5.0
21102,Valentin Rongier,Rennes,M,Le Havre vs Rennes,90,6.5,,0.0,,,86,77.0,,1.0,1.0,3.0,,1,0,3.0,11.0
21102,Valentin Rongier,Rennes,M,Rennes vs Auxerre,90,7.3,,0.0,,,63,56.0,,2.0,,1.0,,0,0,4.0,8.0
21102,Valentin Rongier,Rennes,M,Rennes vs Nice,90,6.9,,0.0,1.0,1.0,62,54.0,,1.0,4.0,1.0,,0,0,4.0,7.0
21102,Valentin Rongier,Rennes,M,Toulouse vs Rennes,90,7,,0.0,1.0,,51,43.0,,2.0,1.0,1.0,1.0,0,0,5.0,8.0
21102,Valentin Rongier,Rennes,M,Rennes vs Strasbourg,90,8.2,,1.0,1.0,1.0,58,53.0,,6.0,,4.0,2.0,0,0,8.0,16.0
21102,Valentin Rongier,Rennes,M,Paris FC vs Rennes,90,7.2,,1.0,,,59,50.0,,2.0,1.0,1.0,1.0,0,0,4.0,6.0
21102,Valentin Rongier,Rennes,M,Rennes vs Monaco,90,7.3,,0.0,1.0,,92,84.0,,1.0,1.0,,1.0,0,0,2.0,4.0
21102,Valentin Rongier,Rennes,M,Metz vs Rennes,90,7.7,1.0,0.0,2.0,1.0,57,47.0,,1.0,4.0,2.0,,0,0,1.0,6.0
21102,Valentin Rongier,Rennes,M,Paris Saint Germain vs Rennes,90,6.3,,0.0,1.0,1.0,40,38.0,,1.0,4.0,1.0,2.0,0,0,5.0,8.0
21102,Valentin Rongier,Rennes,M,Rennes vs Stade Brestois 29,90,7.7,,0.0,,,64,54.0,,7.0,,2.0,1.0,0,0,11.0,15.0
21102,Valentin Rongier,Rennes,M,Lille vs Rennes,90,7,,0.0,,,95,90.0,,1.0,,3.0,1.0,0,0,4.0,9.0
21102,Valentin Rongier,Rennes,M,Rennes vs Le Havre,101,7.9,,,1.0,1.0,63,56.0,,4.0,,3.0,,0,0,10.0,15.0
21102,Valentin Rongier,Rennes,M,Rennes vs Lorient,90,7.2,,0.0,,,76,68.0,,2.0,,3.0,,1,0,4.0,10.0
21102,Valentin Rongier,Rennes,M,Lens vs Rennes,90,6.7,,0.0,1.0,,54,46.0,,5.0,3.0,2.0,2.0,0,0,8.0,16.0
21102,Valentin Rongier,Rennes,M,Rennes vs Paris Saint Germain,90,6.6,,0.0,,,44,41.0,,3.0,,,,0,0,3.0,7.0
21102,Valentin Rongier,Rennes,M,Auxerre vs Rennes,90,6.6,,0.0,,,77,62.0,,1.0,,1.0,1.0,1,0,3.0,5.0
30807,Seko Fofana,Rennes,M,Rennes vs Marseille,86,7,,0.0,,,33,30.0,,1.0,,,,0,0,4.0,5.0
30807,Seko Fofana,Rennes,M,Lorient vs Rennes,90,6.6,,0.0,1.0,,62,59.0,,,,1.0,2.0,0,0,7.0,9.0
30807,Seko Fofana,Rennes,M,Angers vs Rennes,83,6.6,,0.0,,,52,48.0,,,,1.0,1.0,0,0,1.0,3.0
30807,Seko Fofana,Rennes,M,Rennes vs Lyon,21,6.9,,0.0,1.0,,21,19.0,,,,,,0,0,3.0,4.0
30807,Seko Fofana,Rennes,M,Nantes vs Rennes,90,7.2,,0.0,1.0,1.0,49,45.0,,,,,2.0,0,0,6.0,7.0
30807,Seko Fofana,Rennes,M,Rennes vs Lens,90,7.2,,0.0,2.0,,50,43.0,,1.0,,,2.0,0,0,4.0,11.0
30807,Seko Fofana,Rennes,M,Le Havre vs Rennes,27,6.7,,0.0,,,18,15.0,,,2.0,,1.0,0,0,2.0,2.0
30807,Seko Fofana,Rennes,M,Rennes vs Auxerre,90,7.5,1.0,0.0,2.0,1.0,29,26.0,,1.0,1.0,1.0,3.0,0,0,4.0,10.0
30807,Seko Fofana,Rennes,M,Rennes vs Nice,58,6.3,,0.0,,,31,28.0,,,1.0,,1.0,0,0,2.0,4.0
30807,Seko Fofana,Rennes,M,Paris FC vs Rennes,13,6.6,,0.0,,,1,1.0,,,,,,0,0,1.0,1.0
30807,Seko Fofana,Rennes,M,Rennes vs Stade Brestois 29,11,7,,0.0,1.0,1.0,10,10.0,,,,,,0,0,1.0,3.0
30807,Seko Fofana,Rennes,M,Rennes vs Le Havre,9,6.6,,,,,4,4.0,,,,,1.0,0,0,1.0,1.0
15286,Mousa Tamari,Rennes,F,Rennes vs Marseille,84,7,,0.0,3.0,3.0,10,5.0,,,,2.0,2.0,1,0,3.0,8.0
15286,Mousa Tamari,Rennes,F,Angers vs Rennes,60,6.2,,0.0,,,15,13.0,,1.0,,,,0,0,1.0,3.0
15286,Mousa Tamari,Rennes,F,Rennes vs Lyon,45,7.9,,1.0,2.0,,20,16.0,,2.0,1.0,,,0,0,3.0,5.0
15286,Mousa Tamari,Rennes,F,Nantes vs Rennes,25,6.5,,0.0,,,8,8.0,,,,,,0,0,,
15286,Mousa Tamari,Rennes,F,Rennes vs Lens,61,6.3,,0.0,3.0,1.0,25,20.0,,2.0,,2.0,,0,0,4.0,12.0
15286,Mousa Tamari,Rennes,F,Rennes vs Auxerre,13,6.6,,0.0,,,5,4.0,,,,1.0,1.0,0,0,1.0,2.0
15286,Mousa Tamari,Rennes,F,Rennes vs Nice,45,7.2,,0.0,,,18,17.0,,1.0,2.0,,2.0,0,0,3.0,6.0
15286,Mousa Tamari,Rennes,F,Toulouse vs Rennes,90,7.2,1.0,0.0,2.0,2.0,14,11.0,,,1.0,1.0,1.0,1,0,2.0,10.0
15286,Mousa Tamari,Rennes,F,Rennes vs Strasbourg,59,7.3,,1.0,,,15,13.0,,,1.0,,1.0,0,0,3.0,7.0
15286,Mousa Tamari,Rennes,F,Paris FC vs Rennes,89,6.3,,0.0,,,9,8.0,,1.0,,1.0,1.0,0,0,3.0,8.0
15286,Mousa Tamari,Rennes,F,Rennes vs Monaco,85,6.9,,0.0,3.0,3.0,22,18.0,,2.0,1.0,,1.0,0,0,3.0,8.0
15286,Mousa Tamari,Rennes,F,Metz vs Rennes,90,6.5,,0.0,1.0,,25,22.0,,1.0,,2.0,,0,0,2.0,7.0
15286,Mousa Tamari,Rennes,F,Paris Saint Germain vs Rennes,82,6.3,,0.0,,,20,17.0,,2.0,1.0,,1.0,0,0,3.0,10.0
15286,Mousa Tamari,Rennes,F,Rennes vs Stade Brestois 29,79,8.9,1.0,1.0,2.0,2.0,24,18.0,,4.0,,2.0,3.0,1,0,8.0,11.0
15286,Mousa Tamari,Rennes,F,Lille vs Rennes,89,6.5,,0.0,1.0,1.0,53,49.0,,,,1.0,,0,0,1.0,5.0
15286,Mousa Tamari,Rennes,F,Rennes vs Le Havre,80,6.6,,,2.0,1.0,19,17.0,,1.0,,1.0,,1,0,1.0,9.0
15286,Mousa Tamari,Rennes,F,Rennes vs Lorient,31,7,,0.0,1.0,,18,12.0,,,,,1.0,0,0,2.0,5.0
15286,Mousa Tamari,Rennes,F,Monaco vs Rennes,78,6.2,,0.0,1.0,1.0,17,15.0,,1.0,,,,0,0,1.0,3.0
15286,Mousa Tamari,Rennes,F,Lens vs Rennes,90,6.5,,0.0,2.0,,25,17.0,,,,1.0,2.0,0,0,8.0,15.0
15286,Mousa Tamari,Rennes,F,Rennes vs Paris Saint Germain,89,7.2,1.0,0.0,1.0,1.0,25,17.0,,,1.0,,1.0,0,0,4.0,13.0
15286,Mousa Tamari,Rennes,F,Auxerre vs Rennes,68,6.5,,1.0,,,20,15.0,,,,1.0,,0,0,1.0,7.0
449662,Mohamed Kader Meite,Rennes,F,Rennes vs Marseille,37,6.6,,0.0,,,3,2.0,,,,1.0,,0,0,2.0,3.0
449662,Mohamed Kader Meite,Rennes,F,Lorient vs Rennes,16,6.3,,0.0,,,1,1.0,,,,,,0,0,,
449662,Mohamed Kader Meite,Rennes,F,Angers vs Rennes,30,6.5,,0.0,3.0,1.0,13,10.0,,,1.0,,,0,0,4.0,6.0
449662,Mohamed Kader Meite,Rennes,F,Rennes vs Lyon,21,8.2,1.0,1.0,2.0,2.0,2,1.0,,,,,1.0,0,0,2.0,2.0
449662,Mohamed Kader Meite,Rennes,F,Nantes vs Rennes,9,6.5,,0.0,,,2,1.0,,,,,,0,0,,2.0
449662,Mohamed Kader Meite,Rennes,F,Rennes vs Lens,29,6.2,,0.0,,,6,4.0,,,,2.0,,0,0,1.0,4.0
449662,Mohamed Kader Meite,Rennes,F,Rennes vs Auxerre,13,6.7,,0.0,,,4,2.0,,,,,1.0,0,0,4.0,7.0
449662,Mohamed Kader Meite,Rennes,F,Rennes vs Nice,28,6.9,,0.0,,,5,3.0,,1.0,,,1.0,0,0,5.0,7.0
449662,Mohamed Kader Meite,Rennes,F,Toulouse vs Rennes,69,7,,0.0,1.0,,4,2.0,,,,1.0,1.0,0,0,7.0,11.0
449662,Mohamed Kader Meite,Rennes,F,Rennes vs Strasbourg,68,8.2,1.0,1.0,1.0,1.0,8,7.0,,1.0,,3.0,,0,0,1.0,5.0
449662,Mohamed Kader Meite,Rennes,F,Paris FC vs Rennes,66,6.3,,0.0,2.0,1.0,14,7.0,,,,2.0,,0,0,2.0,6.0
449662,Mohamed Kader Meite,Rennes,F,Metz vs Rennes,14,6.5,,0.0,,,5,3.0,,,,,,0,0,1.0,4.0
449662,Mohamed Kader Meite,Rennes,F,Paris Saint Germain vs Rennes,8,6.3,,0.0,,,3,2.0,,,,,,0,0,,
449662,Mohamed Kader Meite,Rennes,F,Rennes vs Stade Brestois 29,12,7.3,1.0,0.0,1.0,1.0,1,1.0,,,,,,0,0,,
449662,Mohamed Kader Meite,Rennes,F,Lille vs Rennes,62,6.5,,0.0,1.0,,10,6.0,,1.0,,1.0,,0,0,3.0,4.0
449662,Mohamed Kader Meite,Rennes,F,Rennes vs Le Havre,28,6.3,,,3.0,1.0,2,2.0,,,,1.0,,0,0,1.0,4.0
449662,Mohamed Kader Meite,Rennes,F,Rennes vs Lorient,31,6.2,,0.0,,,0,,,,,1.0,,0,0,,2.0
20916,Christopher Wooh,Rennes,D,Rennes vs Marseille,53,7,,0.0,,,11,10.0,,,,,,0,0,1.0,1.0
20916,Christopher Wooh,Rennes,D,Lorient vs Rennes,11,3,,0.0,,,8,8.0,,,,1.0,,0,1,,1.0
24147,Mahdi Camara,Rennes,M,Rennes vs Marseille,26,6.7,,0.0,,,8,6.0,,,,1.0,,0,0,1.0,2.0
24147,Mahdi Camara,Rennes,M,Lorient vs Rennes,6,3,,0.0,,,2,2.0,,,1.0,1.0,,0,1,,1.0
24147,Mahdi Camara,Rennes,M,Nantes vs Rennes,90,6.3,,0.0,,,44,42.0,,4.0,,1.0,2.0,0,0,6.0,11.0
24147,Mahdi Camara,Rennes,M,Rennes vs Lens,90,7.3,,0.0,,,55,54.0,,5.0,,3.0,1.0,1,0,8.0,14.0
24147,Mahdi Camara,Rennes,M,Le Havre vs Rennes,90,6.2,,0.0,,,40,36.0,,1.0,,1.0,1.0,0,0,3.0,6.0
24147,Mahdi Camara,Rennes,M,Rennes vs Auxerre,90,7,,0.0,1.0,1.0,31,24.0,,4.0,5.0,,3.0,0,0,10.0,14.0
24147,Mahdi Camara,Rennes,M,Rennes vs Nice,58,6.5,,0.0,1.0,,34,31.0,,1.0,1.0,1.0,1.0,1,0,2.0,3.0
24147,Mahdi Camara,Rennes,M,Toulouse vs Rennes,90,7.2,,0.0,1.0,1.0,30,24.0,,3.0,1.0,1.0,,0,0,6.0,8.0
24147,Mahdi Camara,Rennes,M,Rennes vs Strasbourg,90,6.9,,0.0,,,33,28.0,,2.0,3.0,3.0,1.0,0,0,5.0,9.0
24147,Mahdi Camara,Rennes,M,Paris FC vs Rennes,90,6.6,,0.0,,,34,30.0,,2.0,2.0,2.0,,1,0,4.0,7.0
24147,Mahdi Camara,Rennes,M,Rennes vs Monaco,90,8.5,1.0,1.0,2.0,2.0,32,26.0,,1.0,,1.0,3.0,0,0,5.0,7.0
24147,Mahdi Camara,Rennes,M,Metz vs Rennes,90,6.6,,0.0,,,34,30.0,,1.0,1.0,,1.0,0,0,3.0,6.0
24147,Mahdi Camara,Rennes,M,Paris Saint Germain vs Rennes,82,6.5,,0.0,,,19,18.0,,1.0,,,,0,0,2.0,4.0
24147,Mahdi Camara,Rennes,M,Rennes vs Stade Brestois 29,90,6.5,,0.0,,,39,37.0,,2.0,2.0,5.0,3.0,0,0,5.0,12.0
24147,Mahdi Camara,Rennes,M,Lille vs Rennes,90,6.9,,0.0,,,57,52.0,,1.0,,,,0,0,3.0,5.0
24147,Mahdi Camara,Rennes,M,Rennes vs Le Havre,101,6.3,,,,,36,28.0,,,,1.0,1.0,0,0,6.0,13.0
24147,Mahdi Camara,Rennes,M,Rennes vs Lorient,76,7.2,,0.0,1.0,,42,40.0,,2.0,2.0,2.0,,0,0,5.0,9.0
24147,Mahdi Camara,Rennes,M,Monaco vs Rennes,90,5.9,,0.0,1.0,1.0,34,28.0,,3.0,2.0,1.0,1.0,0,0,6.0,14.0
24147,Mahdi Camara,Rennes,M,Lens vs Rennes,90,6.5,,0.0,2.0,,42,37.0,,1.0,,1.0,1.0,0,0,2.0,8.0
24147,Mahdi Camara,Rennes,M,Rennes vs Paris Saint Germain,90,6.7,,0.0,,,27,24.0,,,,,,0,0,1.0,4.0
24147,Mahdi Camara,Rennes,M,Auxerre vs Rennes,88,8.3,2.0,0.0,2.0,2.0,38,35.0,,4.0,1.0,1.0,1.0,1,0,7.0,15.0
375000,Ibrahim Salah,Rennes,F,Rennes vs Marseille,13,6.3,,0.0,,,3,3.0,,,,,,0,0,1.0,3.0
375000,Ibrahim Salah,Rennes,F,Lorient vs Rennes,27,6.6,,0.0,,,19,19.0,,1.0,,,2.0,0,0,3.0,4.0
438281,Mahamadou Nagida,Rennes,D,Rennes vs Marseille,12,6.3,,0.0,1.0,,2,2.0,,,,,,0,0,,
438281,Mahamadou Nagida,Rennes,D,Lorient vs Rennes,57,5.3,,0.0,2.0,1.0,23,18.0,,1.0,1.0,1.0,1.0,0,0,5.0,8.0
438281,Mahamadou Nagida,Rennes,D,Rennes vs Lens,10,6.9,,0.0,,,6,5.0,,,,1.0,,1,0,1.0,2.0
438281,Mahamadou Nagida,Rennes,D,Toulouse vs Rennes,10,5.6,,0.0,,,3,3.0,,1.0,,1.0,,0,0,1.0,3.0
438281,Mahamadou Nagida,Rennes,D,Lens vs Rennes,21,6.2,,0.0,1.0,,16,16.0,,1.0,,1.0,,0,0,1.0,3.0
438281,Mahamadou Nagida,Rennes,D,Rennes vs Paris Saint Germain,90,6.9,,0.0,,,40,29.0,,1.0,,1.0,,0,0,4.0,8.0
438281,Mahamadou Nagida,Rennes,D,Auxerre vs Rennes,90,7.3,,0.0,1.0,1.0,49,37.0,,4.0,4.0,1.0,2.0,0,0,7.0,11.0
21497,Ludovic Blas,Rennes,M,Rennes vs Marseille,11,8.3,1.0,0.0,1.0,1.0,7,7.0,,,,,1.0,0,0,1.0,1.0
21497,Ludovic Blas,Rennes,M,Lorient vs Rennes,63,6.5,,0.0,1.0,,14,12.0,,,,,2.0,0,0,2.0,6.0
21497,Ludovic Blas,Rennes,M,Angers vs Rennes,88,6.7,,0.0,2.0,1.0,45,41.0,,1.0,,1.0,1.0,0,0,6.0,9.0
21497,Ludovic Blas,Rennes,M,Rennes vs Lyon,89,6.3,,0.0,,,31,28.0,,1.0,3.0,2.0,4.0,0,0,5.0,17.0
21497,Ludovic Blas,Rennes,M,Nantes vs Rennes,69,6.9,1.0,0.0,4.0,2.0,31,26.0,,1.0,1.0,,1.0,0,0,2.0,7.0
21497,Ludovic Blas,Rennes,M,Rennes vs Lens,62,6.2,,0.0,,,33,28.0,,1.0,,,1.0,0,0,2.0,5.0
21497,Ludovic Blas,Rennes,M,Rennes vs Auxerre,77,7.5,,1.0,2.0,1.0,33,26.0,,,1.0,,3.0,0,0,6.0,12.0
21497,Ludovic Blas,Rennes,M,Rennes vs Nice,90,5.9,,0.0,1.0,1.0,23,20.0,,,1.0,3.0,1.0,0,0,1.0,9.0
21497,Ludovic Blas,Rennes,M,Rennes vs Strasbourg,22,6.5,,0.0,1.0,,16,14.0,,,,,1.0,0,0,2.0,3.0
21497,Ludovic Blas,Rennes,M,Paris FC vs Rennes,24,7.3,,0.0,1.0,,7,7.0,,,,,1.0,0,0,2.0,3.0
21497,Ludovic Blas,Rennes,M,Rennes vs Monaco,15,7,1.0,0.0,1.0,1.0,13,11.0,,1.0,,1.0,,0,0,2.0,3.0
21497,Ludovic Blas,Rennes,M,Metz vs Rennes,28,7,,0.0,,,9,7.0,,,1.0,,1.0,0,0,1.0,3.0
21497,Ludovic Blas,Rennes,M,Paris Saint Germain vs Rennes,8,6.5,,0.0,,,4,3.0,,,,,,0,0,,
21497,Ludovic Blas,Rennes,M,Rennes vs Stade Brestois 29,32,6.9,,0.0,,,15,12.0,,,,3.0,2.0,0,0,4.0,7.0
21497,Ludovic Blas,Rennes,M,Lille vs Rennes,28,7.3,,0.0,2.0,1.0,21,18.0,,1.0,1.0,,,0,0,1.0,3.0
21497,Ludovic Blas,Rennes,M,Rennes vs Le Havre,28,7.2,,1.0,1.0,,12,8.0,,,,,,0,0,1.0,2.0
21497,Ludovic Blas,Rennes,M,Rennes vs Lorient,30,6.7,,0.0,,,23,20.0,,1.0,,,,0,0,1.0,3.0
21497,Ludovic Blas,Rennes,M,Monaco vs Rennes,34,6.5,,0.0,,,16,14.0,,,,,,0,0,1.0,2.0
21497,Ludovic Blas,Rennes,M,Lens vs Rennes,26,6.3,,0.0,,,9,9.0,,,,,,0,0,1.0,1.0
21497,Ludovic Blas,Rennes,M,Rennes vs Paris Saint Germain,25,7.2,,1.0,,,11,9.0,,,,1.0,,0,0,,2.0
21497,Ludovic Blas,Rennes,M,Auxerre vs Rennes,22,6.5,,0.0,1.0,1.0,7,6.0,,,,2.0,,0,0,1.0,4.0
47296,Gerónimo Rulli,Marseille,G,Rennes vs Marseille,90,7.3,,0.0,,,27,24.0,,,,,,0,0,,
47296,Gerónimo Rulli,Marseille,G,Marseille vs Paris FC,90,7,,0.0,,,27,23.0,,,,,,0,0,,
47296,Gerónimo Rulli,Marseille,G,Lyon vs Marseille,90,7.9,,0.0,,,44,21.0,,,,,4.0,0,0,5.0,5.0
47296,Gerónimo Rulli,Marseille,G,Marseille vs Paris Saint Germain,90,8.2,,0.0,,,29,25.0,,,,,,0,0,,
47296,Gerónimo Rulli,Marseille,G,Strasbourg vs Marseille,90,6.3,,0.0,,,39,27.0,,,,,1.0,0,0,1.0,1.0
47296,Gerónimo Rulli,Marseille,G,Metz vs Marseille,90,7.3,,0.0,,,19,18.0,,1.0,,,1.0,0,0,2.0,2.0
47296,Gerónimo Rulli,Marseille,G,Lens vs Marseille,90,7.9,,0.0,,,32,28.0,,,,,,0,0,,
47296,Gerónimo Rulli,Marseille,G,Marseille vs Angers,90,6.7,,0.0,,,27,23.0,,,,,,0,0,,
47296,Gerónimo Rulli,Marseille,G,Auxerre vs Marseille,90,9.2,,0.0,,,31,23.0,,,,,2.0,0,0,3.0,3.0
47296,Gerónimo Rulli,Marseille,G,Marseille vs Stade Brestois 29,90,7.2,,0.0,,,29,28.0,,,,,1.0,0,0,1.0,1.0
47296,Gerónimo Rulli,Marseille,G,Marseille vs Toulouse,90,6.7,,0.0,,,35,33.0,,,,,2.0,0,0,4.0,4.0
47296,Gerónimo Rulli,Marseille,G,Lille vs Marseille,90,6,,0.0,,,29,24.0,,,,,,0,0,,
47296,Gerónimo Rulli,Marseille,G,Marseille vs Monaco,90,8.6,,0.0,,,32,27.0,,1.0,,,,0,0,5.0,6.0
47296,Gerónimo Rulli,Marseille,G,Marseille vs Nantes,90,8.2,,0.0,,,24,14.0,,,,,,0,0,,
47296,Gerónimo Rulli,Marseille,G,Angers vs Marseille,90,7,,0.0,,,54,51.0,,,,,,0,0,,
47296,Gerónimo Rulli,Marseille,G,Marseille vs Lens,90,6.7,,0.0,,,46,45.0,,,,,,0,0,,
47296,Gerónimo Rulli,Marseille,G,Paris FC vs Marseille,90,6.2,,0.0,,,34,27.0,,,,1.0,,1,0,,1.0
47296,Gerónimo Rulli,Marseille,G,Marseille vs Strasbourg,90,6.9,,0.0,,,28,14.0,,,,,2.0,0,0,2.0,2.0
47296,Gerónimo Rulli,Marseille,G,Stade Brestois 29 vs Marseille,90,6.3,,0.0,,,28,26.0,,,,,,0,0,,
181827,Conrad Jaden Egan-Riley,Marseille,D,Rennes vs Marseille,90,7.7,,0.0,,,83,75.0,,4.0,,,,0,0,4.0,5.0
181827,Conrad Jaden Egan-Riley,Marseille,D,Marseille vs Paris FC,90,6.3,,0.0,,,93,89.0,,,,,2.0,0,0,4.0,6.0
181827,Conrad Jaden Egan-Riley,Marseille,D,Lyon vs Marseille,29,5.2,,0.0,,,15,14.0,,,,1.0,,0,1,,1.0
181827,Conrad Jaden Egan-Riley,Marseille,D,Marseille vs Angers,90,6.7,,0.0,,,85,79.0,,1.0,,1.0,,0,0,4.0,10.0
181827,Conrad Jaden Egan-Riley,Marseille,D,Auxerre vs Marseille,90,7.2,,0.0,,,87,82.0,,,1.0,,1.0,0,0,1.0,3.0
181827,Conrad Jaden Egan-Riley,Marseille,D,Marseille vs Stade Brestois 29,11,6.6,,0.0,,,14,14.0,,,,,,0,0,,
181827,Conrad Jaden Egan-Riley,Marseille,D,Nice vs Marseille,13,6.9,,0.0,,,15,15.0,,,,,,0,0,1.0,1.0
181827,Conrad Jaden Egan-Riley,Marseille,D,Marseille vs Nantes,73,6.6,,0.0,,,55,50.0,,,,,1.0,0,0,2.0,3.0
6,Leonardo Balerdi,Marseille,D,Rennes vs Marseille,90,7.7,,0.0,2.0,1.0,94,92.0,,5.0,,1.0,1.0,1,0,7.0,11.0
6,Leonardo Balerdi,Marseille,D,Marseille vs Paris FC,90,7.2,,0.0,1.0,1.0,97,92.0,,,,,1.0,0,0,6.0,6.0
6,Leonardo Balerdi,Marseille,D,Lyon vs Marseille,90,7.2,,0.0,,,47,41.0,,2.0,,1.0,1.0,0,0,6.0,10.0
6,Leonardo Balerdi,Marseille,D,Marseille vs Paris Saint Germain,90,7.2,,0.0,,,23,20.0,,3.0,3.0,1.0,1.0,0,0,5.0,10.0
6,Leonardo Balerdi,Marseille,D,Strasbourg vs Marseille,90,7,,0.0,2.0,,69,64.0,,3.0,2.0,1.0,3.0,1,0,8.0,10.0
6,Leonardo Balerdi,Marseille,D,Metz vs Marseille,26,7,,0.0,,,29,29.0,,1.0,1.0,,,0,0,2.0,2.0
6,Leonardo Balerdi,Marseille,D,Marseille vs Le Havre,90,6.9,,0.0,,,99,97.0,,3.0,,2.0,,0,0,5.0,9.0
6,Leonardo Balerdi,Marseille,D,Lens vs Marseille,38,6.9,,0.0,1.0,,48,46.0,,2.0,,2.0,2.0,1,0,8.0,14.0
6,Leonardo Balerdi,Marseille,D,Nice vs Marseille,77,6.9,,1.0,,,63,56.0,,1.0,3.0,,2.0,0,0,3.0,6.0
6,Leonardo Balerdi,Marseille,D,Marseille vs Toulouse,14,6.5,,0.0,,,18,17.0,,,,,,0,0,,1.0
6,Leonardo Balerdi,Marseille,D,Lille vs Marseille,90,7.3,,0.0,,,99,93.0,,2.0,1.0,,1.0,0,0,5.0,9.0
6,Leonardo Balerdi,Marseille,D,Marseille vs Monaco,32,6.5,,0.0,,,13,12.0,,,1.0,,,0,0,,3.0
6,Leonardo Balerdi,Marseille,D,Angers vs Marseille,90,7.2,,0.0,,,108,102.0,,3.0,,,1.0,0,0,5.0,11.0
6,Leonardo Balerdi,Marseille,D,Marseille vs Lens,90,6.7,,0.0,,,74,65.0,,1.0,2.0,2.0,,0,0,3.0,9.0
6,Leonardo Balerdi,Marseille,D,Paris FC vs Marseille,90,6.6,,0.0,3.0,1.0,57,53.0,,1.0,2.0,,1.0,0,0,3.0,5.0
6,Leonardo Balerdi,Marseille,D,Paris Saint Germain vs Marseille,90,5.3,,0.0,,,35,28.0,,3.0,,4.0,1.0,1,0,4.0,11.0
926,Geoffrey Kondogbia,Marseille,D,Rennes vs Marseille,45,6.9,,0.0,,,40,37.0,,,,,,0,0,,
926,Geoffrey Kondogbia,Marseille,D,Marseille vs Lorient,61,7.2,,0.0,,,57,52.0,,2.0,,,1.0,0,0,7.0,9.0
926,Geoffrey Kondogbia,Marseille,D,Nice vs Marseille,70,6.9,,0.0,,,40,37.0,,1.0,2.0,2.0,1.0,1,0,3.0,7.0
926,Geoffrey Kondogbia,Marseille,D,Marseille vs Toulouse,13,6.6,,0.0,,,23,22.0,,,,,,0,0,,1.0
926,Geoffrey Kondogbia,Marseille,D,Lille vs Marseille,80,7.2,,0.0,1.0,1.0,62,53.0,,3.0,2.0,3.0,,0,0,6.0,11.0
926,Geoffrey Kondogbia,Marseille,D,Marseille vs Monaco,45,6.9,,0.0,,,31,25.0,,,1.0,1.0,2.0,1,0,5.0,7.0
2735,Pierre-Emile Højbjerg,Marseille,M,Rennes vs Marseille,90,7.3,,0.0,3.0,,115,111.0,,1.0,1.0,,1.0,0,0,5.0,7.0
2735,Pierre-Emile Højbjerg,Marseille,M,Marseille vs Paris FC,90,8.2,1.0,0.0,2.0,1.0,96,86.0,,,,1.0,1.0,0,0,3.0,6.0
2735,Pierre-Emile Højbjerg,Marseille,M,Lyon vs Marseille,90,6.5,,0.0,2.0,1.0,33,31.0,,,2.0,3.0,1.0,0,0,3.0,8.0
2735,Pierre-Emile Højbjerg,Marseille,M,Marseille vs Lorient,29,6.6,,0.0,1.0,,43,42.0,,,,,,0,0,,
2735,Pierre-Emile Højbjerg,Marseille,M,Marseille vs Paris Saint Germain,90,7.3,,0.0,1.0,,42,36.0,,1.0,2.0,2.0,4.0,0,0,8.0,11.0
2735,Pierre-Emile Højbjerg,Marseille,M,Strasbourg vs Marseille,90,6.6,,0.0,1.0,,74,68.0,,1.0,,3.0,,0,0,3.0,9.0
2735,Pierre-Emile Højbjerg,Marseille,M,Metz vs Marseille,90,7.3,,0.0,,,83,80.0,,,,1.0,1.0,0,0,3.0,4.0
2735,Pierre-Emile Højbjerg,Marseille,M,Marseille vs Le Havre,90,7.5,,0.0,2.0,2.0,90,86.0,,,,1.0,2.0,0,0,3.0,4.0
2735,Pierre-Emile Højbjerg,Marseille,M,Lens vs Marseille,16,6.5,,0.0,1.0,,18,15.0,,,,,,0,0,,1.0
2735,Pierre-Emile Højbjerg,Marseille,M,Marseille vs Angers,90,6.9,,0.0,1.0,1.0,76,67.0,,4.0,,1.0,1.0,1,0,8.0,15.0
2735,Pierre-Emile Højbjerg,Marseille,M,Auxerre vs Marseille,90,6.9,,0.0,,,64,62.0,,,,1.0,,0,0,,2.0
2735,Pierre-Emile Højbjerg,Marseille,M,Marseille vs Stade Brestois 29,86,7.9,,0.0,1.0,1.0,99,92.0,,2.0,2.0,,1.0,0,0,4.0,8.0
2735,Pierre-Emile Højbjerg,Marseille,M,Marseille vs Toulouse,90,8.3,1.0,0.0,2.0,2.0,116,112.0,,2.0,,1.0,1.0,1,0,5.0,8.0
2735,Pierre-Emile Højbjerg,Marseille,M,Marseille vs Monaco,90,8.3,,1.0,,,73,65.0,,1.0,1.0,1.0,,0,0,1.0,3.0
2735,Pierre-Emile Højbjerg,Marseille,M,Marseille vs Nantes,90,6.9,,0.0,2.0,1.0,84,79.0,,,,2.0,5.0,0,0,7.0,15.0
2735,Pierre-Emile Højbjerg,Marseille,M,Angers vs Marseille,90,7.9,,1.0,1.0,,111,104.0,,1.0,,1.0,2.0,0,0,4.0,6.0
2735,Pierre-Emile Højbjerg,Marseille,M,Marseille vs Lens,90,6.9,,1.0,1.0,,62,55.0,,,,1.0,4.0,0,0,5.0,10.0
2735,Pierre-Emile Højbjerg,Marseille,M,Paris FC vs Marseille,90,7.3,,0.0,1.0,,64,58.0,,2.0,2.0,,3.0,0,0,5.0,6.0
2735,Pierre-Emile Højbjerg,Marseille,M,Paris Saint Germain vs Marseille,90,6.2,,0.0,,,53,45.0,,1.0,3.0,,1.0,0,0,3.0,7.0
2735,Pierre-Emile Højbjerg,Marseille,M,Marseille vs Strasbourg,90,6.9,,0.0,,,53,45.0,,3.0,3.0,,2.0,0,0,5.0,8.0
2735,Pierre-Emile Højbjerg,Marseille,M,Stade Brestois 29 vs Marseille,87,6.6,,0.0,,,71,64.0,,3.0,,2.0,1.0,1,0,6.0,14.0
896,Angel Gomes,Marseille,M,Rennes vs Marseille,86,7.2,,0.0,1.0,,100,91.0,,1.0,,,1.0,0,0,2.0,4.0
896,Angel Gomes,Marseille,M,Marseille vs Paris FC,90,6.9,,0.0,,,80,76.0,,2.0,1.0,2.0,,0,0,3.0,4.0
896,Angel Gomes,Marseille,M,Lyon vs Marseille,90,6.3,,0.0,,,35,31.0,,,,2.0,1.0,1,0,3.0,6.0
896,Angel Gomes,Marseille,M,Marseille vs Lorient,90,8.5,1.0,0.0,1.0,1.0,83,76.0,,1.0,,1.0,,1,0,3.0,6.0
896,Angel Gomes,Marseille,M,Strasbourg vs Marseille,90,6.3,,0.0,,,48,41.0,,1.0,,3.0,1.0,0,0,3.0,8.0
896,Angel Gomes,Marseille,M,Metz vs Marseille,64,6.6,,0.0,2.0,,30,27.0,,1.0,,1.0,1.0,0,0,3.0,4.0
896,Angel Gomes,Marseille,M,Marseille vs Le Havre,65,6.3,,0.0,1.0,1.0,36,34.0,,,,2.0,1.0,0,0,1.0,6.0
896,Angel Gomes,Marseille,M,Lens vs Marseille,16,6.7,,0.0,,,16,15.0,,,,,3.0,0,0,4.0,6.0
896,Angel Gomes,Marseille,M,Marseille vs Angers,45,6.2,,0.0,1.0,1.0,22,16.0,,,,2.0,,0,0,,4.0
896,Angel Gomes,Marseille,M,Auxerre vs Marseille,63,7.2,1.0,0.0,1.0,1.0,41,39.0,,1.0,1.0,1.0,,1,0,1.0,4.0
896,Angel Gomes,Marseille,M,Marseille vs Stade Brestois 29,70,8.2,1.0,0.0,2.0,1.0,32,29.0,,,,1.0,1.0,0,0,2.0,5.0
896,Angel Gomes,Marseille,M,Nice vs Marseille,70,7,,0.0,,,24,21.0,,3.0,2.0,2.0,3.0,0,0,7.0,10.0
896,Angel Gomes,Marseille,M,Marseille vs Toulouse,45,6.3,,0.0,,,25,24.0,,,,2.0,,1,0,,4.0
896,Angel Gomes,Marseille,M,Angers vs Marseille,8,6.5,,0.0,,,10,10.0,,,,,,0,0,1.0,2.0
897,Mason Greenwood,Marseille,F,Rennes vs Marseille,90,7.3,,0.0,2.0,,65,58.0,,,,1.0,,0,0,4.0,10.0
897,Mason Greenwood,Marseille,F,Marseille vs Paris FC,90,9,1.0,2.0,2.0,1.0,43,34.0,,1.0,,1.0,3.0,0,0,4.0,10.0
897,Mason Greenwood,Marseille,F,Lyon vs Marseille,45,6.5,,0.0,,,10,8.0,,,1.0,1.0,,0,0,,5.0
897,Mason Greenwood,Marseille,F,Marseille vs Lorient,90,7.7,1.0,1.0,4.0,3.0,54,48.0,,,,,1.0,0,0,4.0,7.0
897,Mason Greenwood,Marseille,F,Marseille vs Paris Saint Germain,89,6.7,,0.0,,,33,21.0,,,,1.0,,0,0,,5.0
897,Mason Greenwood,Marseille,F,Strasbourg vs Marseille,32,6.7,,0.0,1.0,1.0,24,23.0,,,,,,0,0,1.0,3.0
897,Mason Greenwood,Marseille,F,Metz vs Marseille,90,6.9,,0.0,5.0,2.0,57,44.0,,,1.0,,1.0,0,0,2.0,3.0
897,Mason Greenwood,Marseille,F,Marseille vs Le Havre,79,10,4.0,0.0,5.0,4.0,62,56.0,,,,,2.0,0,0,2.0,4.0
897,Mason Greenwood,Marseille,F,Lens vs Marseille,90,8,1.0,0.0,2.0,1.0,54,44.0,,,,1.0,3.0,1,0,5.0,8.0
897,Mason Greenwood,Marseille,F,Marseille vs Angers,90,6,,0.0,3.0,1.0,38,25.0,,,,2.0,1.0,0,0,2.0,7.0
897,Mason Greenwood,Marseille,F,Marseille vs Stade Brestois 29,79,7.2,1.0,0.0,3.0,2.0,54,41.0,,1.0,,,,0,0,3.0,4.0
897,Mason Greenwood,Marseille,F,Nice vs Marseille,90,9.2,2.0,0.0,5.0,5.0,40,35.0,,,,,,0,0,1.0,1.0
897,Mason Greenwood,Marseille,F,Marseille vs Toulouse,90,7.7,,0.0,2.0,1.0,73,60.0,,2.0,,,2.0,0,0,7.0,12.0
897,Mason Greenwood,Marseille,F,Lille vs Marseille,90,7.7,,0.0,1.0,1.0,39,34.0,,,,,1.0,0,0,6.0,9.0
897,Mason Greenwood,Marseille,F,Marseille vs Monaco,90,8.5,1.0,0.0,5.0,2.0,51,38.0,,,,,2.0,1,0,4.0,7.0
897,Mason Greenwood,Marseille,F,Marseille vs Nantes,73,6.2,,0.0,2.0,1.0,28,23.0,,2.0,,1.0,,0,0,3.0,12.0
897,Mason Greenwood,Marseille,F,Angers vs Marseille,62,7.7,1.0,0.0,3.0,2.0,34,32.0,,,,,,0,0,,4.0
897,Mason Greenwood,Marseille,F,Marseille vs Lens,32,6.9,,0.0,,,20,16.0,,,,,,0,0,2.0,2.0
897,Mason Greenwood,Marseille,F,Paris FC vs Marseille,90,8.6,1.0,1.0,2.0,1.0,45,38.0,,,,,,0,0,3.0,5.0
897,Mason Greenwood,Marseille,F,Paris Saint Germain vs Marseille,80,6,,0.0,,,31,26.0,,,,1.0,,0,0,2.0,9.0
897,Mason Greenwood,Marseille,F,Marseille vs Strasbourg,90,7.3,1.0,0.0,4.0,2.0,34,28.0,,2.0,1.0,3.0,,0,0,6.0,11.0
897,Mason Greenwood,Marseille,F,Stade Brestois 29 vs Marseille,90,5.9,,0.0,6.0,2.0,55,42.0,,1.0,,2.0,3.0,0,0,5.0,15.0
272,Adrien Rabiot,Marseille,M,Rennes vs Marseille,90,6.3,,0.0,1.0,,41,39.0,,,,2.0,1.0,1,0,1.0,5.0
2973,Amir Murillo,Marseille,M,Rennes vs Marseille,78,6.3,,0.0,1.0,,37,30.0,,,,1.0,1.0,0,0,3.0,4.0
2973,Amir Murillo,Marseille,M,Marseille vs Paris FC,90,6.3,,0.0,,,49,46.0,,2.0,,3.0,,0,0,2.0,6.0
2973,Amir Murillo,Marseille,M,Lyon vs Marseille,90,6.5,,0.0,,,37,25.0,,2.0,,2.0,1.0,1,0,5.0,10.0
2973,Amir Murillo,Marseille,M,Marseille vs Lorient,90,7.5,,0.0,,,63,59.0,,1.0,,2.0,2.0,0,0,4.0,9.0
2973,Amir Murillo,Marseille,M,Marseille vs Paris Saint Germain,12,6.9,,0.0,,,2,2.0,,1.0,,1.0,,1,0,1.0,2.0
2973,Amir Murillo,Marseille,M,Strasbourg vs Marseille,90,6.9,1.0,0.0,1.0,1.0,37,31.0,,2.0,,3.0,2.0,1,0,7.0,14.0
2973,Amir Murillo,Marseille,M,Metz vs Marseille,11,6.3,,0.0,,,8,5.0,,,,,,0,0,,
2973,Amir Murillo,Marseille,M,Marseille vs Le Havre,25,7.2,1.0,0.0,1.0,1.0,10,9.0,,,1.0,1.0,1.0,1,0,1.0,5.0
2973,Amir Murillo,Marseille,M,Lens vs Marseille,74,6.2,,0.0,1.0,,42,40.0,,1.0,1.0,1.0,1.0,0,0,2.0,6.0
2973,Amir Murillo,Marseille,M,Marseille vs Angers,45,6.5,,0.0,,,15,9.0,,3.0,,1.0,1.0,0,0,5.0,10.0
2973,Amir Murillo,Marseille,M,Auxerre vs Marseille,90,6.9,,0.0,1.0,,32,26.0,,4.0,1.0,3.0,2.0,0,0,9.0,15.0
2973,Amir Murillo,Marseille,M,Marseille vs Stade Brestois 29,90,7.2,,0.0,,,46,42.0,,1.0,1.0,1.0,,0,0,4.0,8.0
2973,Amir Murillo,Marseille,M,Marseille vs Monaco,58,6.7,,0.0,1.0,,26,19.0,,,1.0,2.0,2.0,0,0,3.0,8.0
2973,Amir Murillo,Marseille,M,Marseille vs Nantes,45,6.2,,0.0,1.0,,7,4.0,,1.0,1.0,1.0,1.0,0,0,2.0,7.0
2973,Amir Murillo,Marseille,M,Angers vs Marseille,90,7.9,,1.0,,,72,70.0,,4.0,,,2.0,0,0,8.0,10.0
2973,Amir Murillo,Marseille,M,Paris FC vs Marseille,10,5.9,,0.0,,,2,1.0,,,,,,0,0,,
278095,Jonathan Rowe,Marseille,F,Rennes vs Marseille,63,6.2,,0.0,4.0,,24,19.0,,,1.0,2.0,2.0,0,0,2.0,7.0
85041,Amine Gouiri,Marseille,F,Rennes vs Marseille,86,6.3,,0.0,1.0,1.0,32,27.0,,,1.0,,,0,0,,2.0
85041,Amine Gouiri,Marseille,F,Marseille vs Paris FC,89,6.7,,0.0,1.0,1.0,25,22.0,,2.0,,,2.0,0,0,4.0,7.0
85041,Amine Gouiri,Marseille,F,Marseille vs Lorient,44,6.3,,0.0,,,9,7.0,,1.0,,,,0,0,2.0,2.0
85041,Amine Gouiri,Marseille,F,Marseille vs Paris Saint Germain,78,6.2,,0.0,1.0,,22,17.0,,,,,,0,0,2.0,5.0
85041,Amine Gouiri,Marseille,F,Strasbourg vs Marseille,58,6.5,,0.0,3.0,2.0,13,11.0,,,,,,0,0,,2.0
85041,Amine Gouiri,Marseille,F,Metz vs Marseille,26,8.2,1.0,1.0,1.0,1.0,5,5.0,,,,,,0,0,2.0,3.0
85041,Amine Gouiri,Marseille,F,Marseille vs Nantes,17,6.5,,0.0,,,4,4.0,,,,,,0,0,1.0,3.0
85041,Amine Gouiri,Marseille,F,Angers vs Marseille,61,7.3,1.0,0.0,5.0,3.0,19,17.0,,,,,2.0,0,0,2.0,5.0
85041,Amine Gouiri,Marseille,F,Marseille vs Lens,80,8.6,2.0,0.0,3.0,3.0,15,15.0,,1.0,,3.0,,0,0,2.0,11.0
85041,Amine Gouiri,Marseille,F,Paris FC vs Marseille,23,6.5,,0.0,1.0,,11,8.0,,1.0,,,,0,0,2.0,4.0
85041,Amine Gouiri,Marseille,F,Paris Saint Germain vs Marseille,90,6.2,,0.0,1.0,1.0,29,22.0,,,1.0,1.0,1.0,0,0,4.0,11.0
85041,Amine Gouiri,Marseille,F,Marseille vs Strasbourg,85,8.2,1.0,1.0,1.0,1.0,23,21.0,,2.0,,,,0,0,4.0,13.0
85041,Amine Gouiri,Marseille,F,Stade Brestois 29 vs Marseille,71,6.3,,0.0,1.0,,16,13.0,,1.0,,2.0,1.0,0,0,2.0,6.0
1138,Timothy Weah,Marseille,F,Rennes vs Marseille,45,6.5,,0.0,,,31,30.0,,3.0,1.0,2.0,,0,0,3.0,7.0
1138,Timothy Weah,Marseille,F,Marseille vs Paris FC,63,6.5,,0.0,,,20,17.0,,1.0,,,1.0,0,0,2.0,3.0
1138,Timothy Weah,Marseille,F,Lyon vs Marseille,72,7.2,,0.0,,,26,22.0,,1.0,,,,0,0,4.0,6.0
1138,Timothy Weah,Marseille,F,Marseille vs Lorient,61,6.9,,0.0,1.0,1.0,30,26.0,,1.0,,2.0,,0,0,3.0,5.0
1138,Timothy Weah,Marseille,F,Marseille vs Paris Saint Germain,78,7.3,,0.0,,,22,18.0,,5.0,2.0,1.0,1.0,1,0,6.0,8.0
1138,Timothy Weah,Marseille,F,Strasbourg vs Marseille,58,6.3,,0.0,1.0,1.0,18,16.0,,,,1.0,1.0,0,0,2.0,4.0
1138,Timothy Weah,Marseille,F,Metz vs Marseille,79,6.3,,0.0,1.0,,49,42.0,,4.0,1.0,,,0,0,5.0,9.0
1138,Timothy Weah,Marseille,F,Marseille vs Le Havre,19,6.5,,0.0,,,13,10.0,,,,,,0,0,,
1138,Timothy Weah,Marseille,F,Lens vs Marseille,52,6.9,,1.0,,,19,18.0,,,,1.0,,0,0,2.0,5.0
1138,Timothy Weah,Marseille,F,Nice vs Marseille,90,7.9,1.0,0.0,1.0,1.0,28,25.0,,2.0,,,,0,0,3.0,5.0
1138,Timothy Weah,Marseille,F,Marseille vs Toulouse,90,6.5,,0.0,1.0,,47,43.0,,2.0,,,1.0,0,0,5.0,8.0
1138,Timothy Weah,Marseille,F,Lille vs Marseille,90,6.3,,0.0,,,42,36.0,,,2.0,3.0,,0,0,1.0,7.0
1138,Timothy Weah,Marseille,F,Marseille vs Monaco,90,6.3,,0.0,1.0,1.0,41,34.0,,,2.0,1.0,1.0,0,0,3.0,9.0
1138,Timothy Weah,Marseille,F,Marseille vs Nantes,90,6.2,,0.0,2.0,1.0,41,29.0,,2.0,,3.0,3.0,0,0,6.0,15.0
1138,Timothy Weah,Marseille,F,Angers vs Marseille,90,7.9,1.0,0.0,2.0,2.0,40,33.0,,2.0,,1.0,,0,0,3.0,5.0
1138,Timothy Weah,Marseille,F,Marseille vs Lens,90,7.3,,1.0,,,35,27.0,,1.0,,,2.0,0,0,5.0,7.0
1138,Timothy Weah,Marseille,F,Paris FC vs Marseille,80,7,,0.0,2.0,1.0,32,26.0,,2.0,,3.0,1.0,0,0,3.0,6.0
1138,Timothy Weah,Marseille,F,Paris Saint Germain vs Marseille,90,5,,0.0,,,28,25.0,,,,3.0,,0,0,,5.0
1138,Timothy Weah,Marseille,F,Marseille vs Strasbourg,90,6.9,,0.0,1.0,,34,28.0,,2.0,1.0,,,1,0,4.0,5.0
1138,Timothy Weah,Marseille,F,Stade Brestois 29 vs Marseille,90,6.9,,0.0,,,90,85.0,,3.0,2.0,3.0,2.0,0,0,7.0,12.0
1465,Pierre-Emerick Aubameyang,Marseille,F,Rennes vs Marseille,27,6.2,,0.0,,,7,6.0,,,,1.0,,0,0,,2.0
1465,Pierre-Emerick Aubameyang,Marseille,F,Marseille vs Paris FC,74,9.9,2.0,0.0,3.0,2.0,14,12.0,,,,,1.0,0,0,1.0,2.0
1465,Pierre-Emerick Aubameyang,Marseille,F,Lyon vs Marseille,85,6.7,,0.0,,,16,11.0,,,,,1.0,0,0,3.0,7.0
1465,Pierre-Emerick Aubameyang,Marseille,F,Marseille vs Paris Saint Germain,29,7.2,,0.0,1.0,1.0,13,9.0,,1.0,1.0,1.0,,0,0,2.0,5.0
1465,Pierre-Emerick Aubameyang,Marseille,F,Strasbourg vs Marseille,32,7.2,1.0,0.0,2.0,2.0,11,10.0,,1.0,,,,0,0,2.0,3.0
1465,Pierre-Emerick Aubameyang,Marseille,F,Marseille vs Le Havre,90,7.5,,1.0,1.0,1.0,9,9.0,,,,2.0,,0,0,,3.0
1465,Pierre-Emerick Aubameyang,Marseille,F,Lens vs Marseille,38,6.2,,0.0,1.0,1.0,5,3.0,,,,,,0,0,1.0,3.0
1465,Pierre-Emerick Aubameyang,Marseille,F,Marseille vs Angers,90,7.2,,1.0,2.0,,21,20.0,,,1.0,,1.0,0,0,2.0,4.0
1465,Pierre-Emerick Aubameyang,Marseille,F,Auxerre vs Marseille,78,6.2,,0.0,1.0,,17,14.0,,,,1.0,,0,0,,2.0
1465,Pierre-Emerick Aubameyang,Marseille,F,Marseille vs Stade Brestois 29,86,7.2,1.0,0.0,5.0,1.0,25,21.0,,,1.0,1.0,2.0,0,0,2.0,4.0
1465,Pierre-Emerick Aubameyang,Marseille,F,Nice vs Marseille,77,8,1.0,2.0,2.0,2.0,22,19.0,,,,1.0,,0,0,1.0,4.0
1465,Pierre-Emerick Aubameyang,Marseille,F,Marseille vs Toulouse,90,6.6,,1.0,3.0,1.0,28,21.0,,,,,1.0,0,0,3.0,6.0
1465,Pierre-Emerick Aubameyang,Marseille,F,Lille vs Marseille,66,6.2,,0.0,1.0,,11,9.0,,1.0,,,,0,0,1.0,4.0
1465,Pierre-Emerick Aubameyang,Marseille,F,Marseille vs Monaco,86,6.6,,0.0,2.0,2.0,18,15.0,,,,2.0,1.0,0,0,2.0,4.0
1465,Pierre-Emerick Aubameyang,Marseille,F,Marseille vs Nantes,61,6.5,,0.0,1.0,1.0,12,11.0,,,,1.0,,0,0,1.0,5.0
1465,Pierre-Emerick Aubameyang,Marseille,F,Angers vs Marseille,29,6.7,,0.0,2.0,2.0,8,7.0,,,,1.0,2.0,1,0,2.0,3.0
1465,Pierre-Emerick Aubameyang,Marseille,F,Marseille vs Lens,10,6.5,,0.0,,,3,3.0,,,,2.0,,0,0,,2.0
1465,Pierre-Emerick Aubameyang,Marseille,F,Paris FC vs Marseille,67,6.9,1.0,0.0,1.0,1.0,11,8.0,,,,,,0,0,,3.0
1465,Pierre-Emerick Aubameyang,Marseille,F,Marseille vs Strasbourg,71,8.3,,0.0,2.0,2.0,27,24.0,,3.0,1.0,1.0,2.0,0,0,6.0,11.0
1465,Pierre-Emerick Aubameyang,Marseille,F,Stade Brestois 29 vs Marseille,45,6.9,,0.0,,,7,7.0,,,,,,0,0,3.0,3.0
943,Ulisses Garcia,Marseille,D,Rennes vs Marseille,12,6.3,,0.0,,,12,10.0,,1.0,,1.0,,1,0,1.0,2.0
943,Ulisses Garcia,Marseille,D,Marseille vs Paris FC,89,6.2,,0.0,1.0,,35,34.0,,1.0,,1.0,,0,0,1.0,3.0
943,Ulisses Garcia,Marseille,D,Lyon vs Marseille,45,6.9,,0.0,,,14,11.0,,1.0,,,1.0,0,0,4.0,5.0
943,Ulisses Garcia,Marseille,D,Auxerre vs Marseille,65,5.9,,0.0,1.0,1.0,23,22.0,,,,2.0,1.0,0,1,1.0,7.0
455245,Darryl Bakola,Marseille,M,Rennes vs Marseille,11,6.3,,0.0,,,8,8.0,,,,,1.0,0,0,1.0,2.0
455245,Darryl Bakola,Marseille,M,Lyon vs Marseille,11,6.3,,0.0,,,1,1.0,,,,,1.0,0,0,1.0,1.0
455245,Darryl Bakola,Marseille,M,Marseille vs Le Havre,11,6.5,,0.0,,,13,12.0,,,,1.0,,0,0,,2.0
455245,Darryl Bakola,Marseille,M,Marseille vs Stade Brestois 29,8,6.7,,0.0,2.0,1.0,3,3.0,,,,1.0,,0,0,,
455245,Darryl Bakola,Marseille,M,Lille vs Marseille,24,6.9,,0.0,,,11,7.0,,2.0,,,1.0,0,0,4.0,6.0
455245,Darryl Bakola,Marseille,M,Marseille vs Monaco,8,6.3,,0.0,,,2,2.0,,,,,,0,0,,2.0
455245,Darryl Bakola,Marseille,M,Marseille vs Lens,16,6.3,,0.0,,,5,3.0,,,,2.0,1.0,0,0,2.0,6.0
435482,Robinio Vaz,Marseille,F,Rennes vs Marseille,11,6.3,,0.0,,,2,1.0,,,,,,0,0,,
435482,Robinio Vaz,Marseille,F,Marseille vs Paris FC,16,8.3,1.0,0.0,1.0,1.0,1,,,1.0,1.0,1.0,1.0,1,0,2.0,3.0
435482,Robinio Vaz,Marseille,F,Lyon vs Marseille,12,6.7,,0.0,,,2,2.0,,,,,,0,0,1.0,2.0
435482,Robinio Vaz,Marseille,F,Strasbourg vs Marseille,11,6.3,,0.0,1.0,1.0,1,,,,,1.0,,0,0,,1.0
435482,Robinio Vaz,Marseille,F,Metz vs Marseille,64,6.2,,1.0,1.0,1.0,6,6.0,,1.0,,2.0,2.0,0,0,3.0,6.0
435482,Robinio Vaz,Marseille,F,Marseille vs Le Havre,25,7.9,1.0,1.0,1.0,1.0,4,4.0,,1.0,,,,0,0,1.0,1.0
435482,Robinio Vaz,Marseille,F,Lens vs Marseille,52,6,,0.0,1.0,,6,2.0,,,,1.0,,0,0,,5.0
435482,Robinio Vaz,Marseille,F,Marseille vs Angers,45,9,2.0,0.0,2.0,2.0,13,12.0,,,,,2.0,0,0,3.0,3.0
435482,Robinio Vaz,Marseille,F,Auxerre vs Marseille,63,6.3,,0.0,,,10,7.0,,1.0,1.0,2.0,3.0,1,0,6.0,14.0
435482,Robinio Vaz,Marseille,F,Marseille vs Stade Brestois 29,11,6.5,,0.0,,,3,3.0,,,,,,0,0,,1.0
435482,Robinio Vaz,Marseille,F,Nice vs Marseille,13,6.3,,0.0,,,4,3.0,,,,,,0,0,,
435482,Robinio Vaz,Marseille,F,Marseille vs Toulouse,45,6.2,,0.0,1.0,,12,10.0,,,,,,0,0,2.0,6.0
435482,Robinio Vaz,Marseille,F,Lille vs Marseille,24,6.2,,0.0,,,5,4.0,,,,1.0,1.0,0,0,1.0,5.0
347211,Robin Risser,Lens,G,Lens vs Lyon,90,6.9,,0.0,,,31,27.0,,,,,,0,0,,
347211,Robin Risser,Lens,G,Le Havre vs Lens,90,7.5,,0.0,,,28,19.0,,,,,,0,0,,
347211,Robin Risser,Lens,G,Lens vs Stade Brestois 29,90,6.7,,0.0,,,34,28.0,,,,,,0,0,,
347211,Robin Risser,Lens,G,Paris Saint Germain vs Lens,90,6.6,,0.0,,,32,26.0,,,,,,0,0,,
347211,Robin Risser,Lens,G,Lens vs Lille,90,8.3,,0.0,,,31,22.0,,,,,,0,0,,
347211,Robin Risser,Lens,G,Rennes vs Lens,90,7.2,,0.0,,,32,15.0,,,,,,0,0,,
347211,Robin Risser,Lens,G,Auxerre vs Lens,90,6.5,,0.0,,,25,17.0,,,,,,1,0,1.0,1.0
347211,Robin Risser,Lens,G,Lens vs Paris FC,90,7,,0.0,,,16,11.0,,,,,,0,0,,
347211,Robin Risser,Lens,G,Lens vs Marseille,90,7,,0.0,,,21,15.0,,,,,1.0,0,0,1.0,1.0
347211,Robin Risser,Lens,G,Metz vs Lens,90,8.2,,0.0,,,26,20.0,,,,,,0,0,,
347211,Robin Risser,Lens,G,Lens vs Lorient,90,8.3,,0.0,,,20,16.0,,,,,2.0,0,0,2.0,2.0
347211,Robin Risser,Lens,G,Monaco vs Lens,90,7.6,,0.0,,,34,26.0,,,,,,0,0,1.0,1.0
347211,Robin Risser,Lens,G,Lens vs Strasbourg,90,6.6,,0.0,,,34,25.0,,,,,,0,0,,
347211,Robin Risser,Lens,G,Angers vs Lens,90,7,,0.0,,,28,21.0,,,,,,0,0,,
347211,Robin Risser,Lens,G,Nantes vs Lens,90,6.9,,0.0,,,15,12.0,,,,,,0,0,,
347211,Robin Risser,Lens,G,Lens vs Nice,90,8.3,,0.0,,,33,26.0,,,,,,0,0,,
347211,Robin Risser,Lens,G,Toulouse vs Lens,90,7.7,,0.0,,,19,17.0,,,,,1.0,1,0,2.0,2.0
347211,Robin Risser,Lens,G,Lens vs Auxerre,90,6.9,,0.0,,,29,25.0,,,,,,0,0,,
347211,Robin Risser,Lens,G,Marseille vs Lens,90,6.2,,0.0,,,19,16.0,,,,,,0,0,,
347211,Robin Risser,Lens,G,Lens vs Le Havre,90,7.9,,0.0,,,27,23.0,,,,,,0,0,,
347211,Robin Risser,Lens,G,Lens vs Rennes,90,6.6,,1.0,,,30,20.0,,,,,,0,0,,
347211,Robin Risser,Lens,G,Paris FC vs Lens,90,8.3,,0.0,,,36,25.0,,,,,,0,0,,
347211,Robin Risser,Lens,G,Lens vs Monaco,90,6.2,,0.0,,,27,21.0,,,,,,0,0,,
347211,Robin Risser,Lens,G,Strasbourg vs Lens,90,6.7,,0.0,,,20,16.0,,,,,,0,0,,
322984,Samson Baidoo,Lens,D,Lens vs Lyon,90,6.5,,0.0,,,51,46.0,,2.0,1.0,4.0,,1,0,4.0,10.0
322984,Samson Baidoo,Lens,D,Lens vs Stade Brestois 29,45,6.9,,0.0,1.0,1.0,37,34.0,,2.0,,1.0,,0,0,4.0,8.0
322984,Samson Baidoo,Lens,D,Paris Saint Germain vs Lens,90,6.9,,0.0,,,30,30.0,,,1.0,,,0,0,,
322984,Samson Baidoo,Lens,D,Lens vs Lille,90,7.7,,0.0,,,32,27.0,,1.0,5.0,1.0,,0,0,4.0,6.0
322984,Samson Baidoo,Lens,D,Rennes vs Lens,90,7.3,,0.0,,,19,19.0,,,,,,0,0,,3.0
322984,Samson Baidoo,Lens,D,Auxerre vs Lens,90,6.7,,0.0,1.0,1.0,35,34.0,,1.0,,1.0,1.0,1,0,4.0,10.0
322984,Samson Baidoo,Lens,D,Lens vs Paris FC,90,7.9,1.0,0.0,3.0,1.0,43,41.0,,,,2.0,,0,0,5.0,12.0
322984,Samson Baidoo,Lens,D,Lens vs Marseille,90,7.6,,0.0,1.0,,35,29.0,,3.0,1.0,,,0,0,8.0,9.0
322984,Samson Baidoo,Lens,D,Metz vs Lens,90,7.2,,0.0,1.0,,74,71.0,,2.0,,1.0,2.0,0,0,6.0,9.0
322984,Samson Baidoo,Lens,D,Lens vs Lorient,90,9.7,1.0,0.0,1.0,1.0,94,91.0,,2.0,2.0,,1.0,0,0,4.0,5.0
322984,Samson Baidoo,Lens,D,Monaco vs Lens,90,6.9,,0.0,1.0,,38,37.0,,1.0,4.0,,,0,0,2.0,5.0
322984,Samson Baidoo,Lens,D,Lens vs Strasbourg,90,7.2,,0.0,,,58,55.0,,,,,,0,0,2.0,4.0
322984,Samson Baidoo,Lens,D,Angers vs Lens,90,7.2,,1.0,,,48,45.0,,5.0,,,,0,0,8.0,11.0
322984,Samson Baidoo,Lens,D,Nantes vs Lens,90,6.7,,0.0,2.0,,56,48.0,,3.0,,1.0,1.0,0,0,8.0,16.0
322984,Samson Baidoo,Lens,D,Lens vs Nice,90,7.5,,0.0,1.0,,50,44.0,,3.0,2.0,2.0,,0,0,6.0,9.0
322984,Samson Baidoo,Lens,D,Toulouse vs Lens,90,7.2,,0.0,,,78,73.0,,1.0,1.0,2.0,,0,0,2.0,7.0
322984,Samson Baidoo,Lens,D,Lens vs Auxerre,90,7.3,,0.0,1.0,,58,47.0,,1.0,4.0,1.0,,0,0,5.0,10.0
322984,Samson Baidoo,Lens,D,Lens vs Rennes,60,6.7,,0.0,,,53,53.0,,,1.0,,,0,0,,
22166,Malang Sarr,Lens,D,Lens vs Lyon,90,7.3,,0.0,1.0,,56,55.0,,2.0,4.0,1.0,1.0,1,0,6.0,8.0
22166,Malang Sarr,Lens,D,Le Havre vs Lens,90,7,,0.0,,,39,37.0,,,1.0,,2.0,0,0,3.0,4.0
22166,Malang Sarr,Lens,D,Lens vs Stade Brestois 29,90,7.3,,0.0,1.0,1.0,66,58.0,,1.0,2.0,,1.0,0,0,5.0,7.0
22166,Malang Sarr,Lens,D,Paris Saint Germain vs Lens,90,6.7,,0.0,,,42,34.0,,3.0,3.0,,,0,0,5.0,8.0
22166,Malang Sarr,Lens,D,Lens vs Lille,90,7.2,,0.0,,,43,31.0,,3.0,2.0,1.0,,0,0,4.0,7.0
22166,Malang Sarr,Lens,D,Rennes vs Lens,90,7,,0.0,,,17,12.0,,1.0,1.0,,,0,0,2.0,3.0
22166,Malang Sarr,Lens,D,Auxerre vs Lens,90,7.3,,0.0,1.0,,46,40.0,,4.0,2.0,1.0,1.0,1,0,9.0,11.0
22166,Malang Sarr,Lens,D,Lens vs Paris FC,90,8,,0.0,1.0,,49,43.0,,4.0,,,,0,0,7.0,8.0
22166,Malang Sarr,Lens,D,Lens vs Marseille,90,6.9,,0.0,,,33,29.0,,2.0,1.0,1.0,,0,0,2.0,4.0
22166,Malang Sarr,Lens,D,Lens vs Lorient,90,7.9,,0.0,,,96,90.0,,,3.0,,,0,0,1.0,2.0
22166,Malang Sarr,Lens,D,Monaco vs Lens,90,6.9,,0.0,,,51,46.0,,1.0,1.0,,,0,0,2.0,3.0
22166,Malang Sarr,Lens,D,Lens vs Strasbourg,90,6.9,,0.0,,,86,68.0,,1.0,2.0,2.0,1.0,0,0,3.0,7.0
22166,Malang Sarr,Lens,D,Angers vs Lens,90,6.9,,0.0,1.0,,81,72.0,,1.0,2.0,2.0,,0,0,4.0,8.0
22166,Malang Sarr,Lens,D,Nantes vs Lens,90,7.3,,0.0,1.0,1.0,76,70.0,,5.0,,1.0,,0,0,8.0,12.0
22166,Malang Sarr,Lens,D,Lens vs Nice,90,7.2,,0.0,,,50,44.0,,2.0,8.0,2.0,2.0,0,0,4.0,8.0
22166,Malang Sarr,Lens,D,Toulouse vs Lens,90,7.2,,0.0,1.0,,97,88.0,,2.0,4.0,2.0,,0,0,3.0,7.0
22166,Malang Sarr,Lens,D,Lens vs Auxerre,90,7.9,,1.0,,,36,30.0,,4.0,3.0,,,0,0,5.0,6.0
22166,Malang Sarr,Lens,D,Marseille vs Lens,90,7,,0.0,,,69,63.0,,5.0,3.0,,4.0,0,0,9.0,11.0
22166,Malang Sarr,Lens,D,Lens vs Le Havre,90,7.3,,0.0,1.0,1.0,53,45.0,,1.0,5.0,,,0,0,6.0,8.0
22166,Malang Sarr,Lens,D,Lens vs Rennes,90,7.3,,0.0,,,70,62.0,,1.0,1.0,,,0,0,2.0,4.0
22166,Malang Sarr,Lens,D,Paris FC vs Lens,90,6.9,,0.0,1.0,,53,44.0,,1.0,3.0,1.0,,0,0,2.0,4.0
22166,Malang Sarr,Lens,D,Lens vs Monaco,90,6.9,,0.0,3.0,1.0,63,55.0,,2.0,3.0,,,0,0,4.0,7.0
22166,Malang Sarr,Lens,D,Strasbourg vs Lens,90,6.6,,0.0,,,50,47.0,,,3.0,,,0,0,1.0,2.0
20525,Matthieu Udol,Lens,D,Lens vs Lyon,90,7.2,,0.0,,,46,41.0,,1.0,2.0,,2.0,0,0,3.0,6.0
20525,Matthieu Udol,Lens,D,Le Havre vs Lens,90,6.9,,0.0,,,47,42.0,,3.0,4.0,1.0,2.0,0,0,7.0,14.0
20525,Matthieu Udol,Lens,D,Lens vs Stade Brestois 29,90,6.6,,0.0,3.0,1.0,65,53.0,,2.0,,2.0,1.0,0,0,6.0,12.0
20525,Matthieu Udol,Lens,D,Paris Saint Germain vs Lens,80,6.3,,0.0,,,23,20.0,,3.0,1.0,1.0,,0,0,4.0,7.0
20525,Matthieu Udol,Lens,D,Lens vs Lille,90,6.9,,0.0,1.0,,21,17.0,,1.0,5.0,3.0,2.0,1,0,4.0,10.0
20525,Matthieu Udol,Lens,D,Rennes vs Lens,90,7.2,,0.0,2.0,1.0,22,10.0,,4.0,2.0,3.0,,0,0,8.0,13.0
20525,Matthieu Udol,Lens,D,Auxerre vs Lens,90,6.3,,0.0,,,33,26.0,,1.0,4.0,2.0,2.0,0,0,5.0,12.0
20525,Matthieu Udol,Lens,D,Lens vs Paris FC,90,7,,0.0,,,29,24.0,,1.0,,1.0,,0,0,2.0,6.0
20525,Matthieu Udol,Lens,D,Lens vs Marseille,90,7.2,,0.0,1.0,,23,19.0,,3.0,,,1.0,0,0,4.0,8.0
20525,Matthieu Udol,Lens,D,Metz vs Lens,90,6.9,,0.0,1.0,,75,68.0,,1.0,,1.0,,0,0,1.0,6.0
20525,Matthieu Udol,Lens,D,Lens vs Lorient,90,7.3,,1.0,1.0,1.0,51,40.0,,,,,,0,0,2.0,3.0
20525,Matthieu Udol,Lens,D,Monaco vs Lens,90,7.3,,0.0,2.0,2.0,29,25.0,,1.0,1.0,2.0,2.0,0,0,7.0,10.0
20525,Matthieu Udol,Lens,D,Lens vs Strasbourg,90,7.7,,1.0,,,51,41.0,,2.0,3.0,,2.0,0,0,6.0,12.0
20525,Matthieu Udol,Lens,D,Angers vs Lens,89,6.9,,0.0,1.0,1.0,37,31.0,,,4.0,,1.0,0,0,1.0,5.0
20525,Matthieu Udol,Lens,D,Nantes vs Lens,90,7.2,,1.0,,,45,36.0,,1.0,,1.0,,0,0,1.0,6.0
20525,Matthieu Udol,Lens,D,Lens vs Nice,90,8.3,,2.0,,,35,33.0,,1.0,,1.0,,0,0,3.0,10.0
20525,Matthieu Udol,Lens,D,Toulouse vs Lens,90,7.2,,0.0,,,44,38.0,,2.0,,,2.0,0,0,5.0,8.0
20525,Matthieu Udol,Lens,D,Lens vs Auxerre,90,7.7,,0.0,,,23,18.0,,1.0,2.0,,2.0,0,0,3.0,6.0
20525,Matthieu Udol,Lens,D,Marseille vs Lens,90,5.9,,0.0,,,57,51.0,,1.0,,1.0,,0,0,1.0,6.0
20525,Matthieu Udol,Lens,D,Lens vs Le Havre,90,7.6,,1.0,1.0,,29,20.0,,2.0,3.0,,1.0,0,0,5.0,5.0
20525,Matthieu Udol,Lens,D,Lens vs Rennes,90,6.6,,0.0,,,27,23.0,,1.0,1.0,1.0,1.0,0,0,4.0,7.0
20525,Matthieu Udol,Lens,D,Paris FC vs Lens,89,7.6,,0.0,1.0,,24,21.0,,1.0,1.0,2.0,1.0,0,0,4.0,6.0
20525,Matthieu Udol,Lens,D,Lens vs Monaco,90,6.6,,0.0,2.0,1.0,36,28.0,,,4.0,,,0,0,4.0,10.0
20525,Matthieu Udol,Lens,D,Strasbourg vs Lens,90,6.3,,0.0,4.0,1.0,42,34.0,,3.0,2.0,2.0,,1,0,3.0,8.0
21568,Ruben Aguilar,Lens,M,Lens vs Lyon,85,7.6,,0.0,1.0,,43,33.0,,,,,,0,0,3.0,4.0
21568,Ruben Aguilar,Lens,M,Le Havre vs Lens,90,7.9,,0.0,,,27,25.0,,3.0,1.0,,,0,0,4.0,5.0
21568,Ruben Aguilar,Lens,M,Lens vs Stade Brestois 29,76,6.7,,0.0,,,44,37.0,,3.0,,1.0,,1,0,3.0,9.0
21568,Ruben Aguilar,Lens,M,Paris Saint Germain vs Lens,66,7,,0.0,1.0,,26,23.0,,3.0,3.0,,1.0,0,0,4.0,4.0
21568,Ruben Aguilar,Lens,M,Lens vs Lille,69,7.3,,0.0,1.0,1.0,24,19.0,,2.0,,,,0,0,4.0,8.0
21568,Ruben Aguilar,Lens,M,Rennes vs Lens,78,7.2,,0.0,1.0,,28,23.0,,,1.0,1.0,,0,0,2.0,3.0
21568,Ruben Aguilar,Lens,M,Auxerre vs Lens,90,6.7,,0.0,,,34,28.0,,1.0,2.0,2.0,1.0,0,0,3.0,4.0
21568,Ruben Aguilar,Lens,M,Lens vs Paris FC,73,7,,0.0,,,40,32.0,,1.0,1.0,1.0,1.0,0,0,2.0,4.0
21568,Ruben Aguilar,Lens,M,Lens vs Marseille,85,6.9,,0.0,,,32,29.0,,2.0,1.0,1.0,,0,0,5.0,7.0
21568,Ruben Aguilar,Lens,M,Metz vs Lens,27,6.2,,0.0,,,20,17.0,,1.0,1.0,1.0,,0,0,1.0,2.0
21568,Ruben Aguilar,Lens,M,Lens vs Lorient,82,6.9,,0.0,1.0,,42,39.0,,1.0,,,,0,0,1.0,1.0
21568,Ruben Aguilar,Lens,M,Monaco vs Lens,84,7.2,,0.0,,,44,36.0,,1.0,1.0,1.0,2.0,1,0,4.0,6.0
21568,Ruben Aguilar,Lens,M,Lens vs Strasbourg,90,6.5,,0.0,,,45,41.0,,2.0,2.0,4.0,1.0,0,0,3.0,9.0
21568,Ruben Aguilar,Lens,M,Angers vs Lens,78,6.3,,0.0,,,46,38.0,,3.0,4.0,2.0,,1,0,3.0,7.0
21568,Ruben Aguilar,Lens,M,Nantes vs Lens,90,7.2,,1.0,1.0,,69,62.0,,4.0,3.0,1.0,1.0,0,0,6.0,9.0
21568,Ruben Aguilar,Lens,M,Lens vs Nice,90,6.6,,0.0,2.0,,38,25.0,,1.0,2.0,1.0,,0,0,2.0,5.0
21568,Ruben Aguilar,Lens,M,Lens vs Auxerre,24,6.9,,0.0,,,7,5.0,,1.0,,,,0,0,1.0,1.0
21568,Ruben Aguilar,Lens,M,Marseille vs Lens,78,6.5,,0.0,,,39,34.0,,,2.0,2.0,,0,0,1.0,5.0
21568,Ruben Aguilar,Lens,M,Lens vs Le Havre,90,7.9,1.0,0.0,1.0,1.0,56,47.0,,3.0,,2.0,1.0,0,0,6.0,14.0
21568,Ruben Aguilar,Lens,M,Lens vs Rennes,56,7.3,1.0,1.0,1.0,1.0,27,19.0,,3.0,1.0,3.0,2.0,2,1,6.0,12.0
21568,Ruben Aguilar,Lens,M,Lens vs Monaco,12,6.6,,0.0,,,10,10.0,,,,,,0,0,,
22261,Adrien Thomasson,Lens,M,Lens vs Lyon,90,6.2,,0.0,1.0,1.0,54,45.0,,1.0,3.0,,2.0,0,0,4.0,8.0
22261,Adrien Thomasson,Lens,M,Le Havre vs Lens,90,6.9,,0.0,,,47,40.0,,,,1.0,1.0,1,0,3.0,7.0
22261,Adrien Thomasson,Lens,M,Lens vs Stade Brestois 29,90,8.2,1.0,0.0,2.0,1.0,57,47.0,,,1.0,,,0,0,1.0,4.0
22261,Adrien Thomasson,Lens,M,Paris Saint Germain vs Lens,90,6.9,,0.0,1.0,,39,30.0,,4.0,,1.0,,0,0,4.0,7.0
22261,Adrien Thomasson,Lens,M,Lens vs Lille,90,6.6,,0.0,,,36,28.0,,1.0,1.0,4.0,1.0,0,0,2.0,9.0
22261,Adrien Thomasson,Lens,M,Rennes vs Lens,90,7.3,,0.0,3.0,1.0,21,14.0,,9.0,1.0,2.0,5.0,1,0,15.0,21.0
22261,Adrien Thomasson,Lens,M,Auxerre vs Lens,90,7.3,,2.0,,,44,37.0,,3.0,,4.0,1.0,1,0,6.0,15.0
22261,Adrien Thomasson,Lens,M,Lens vs Paris FC,90,7.7,,2.0,,,40,31.0,,3.0,1.0,3.0,1.0,0,0,4.0,10.0
22261,Adrien Thomasson,Lens,M,Lens vs Marseille,90,7,,0.0,,,47,38.0,,4.0,,1.0,2.0,1,0,6.0,11.0
22261,Adrien Thomasson,Lens,M,Metz vs Lens,90,6.9,,0.0,,,47,45.0,,1.0,1.0,3.0,2.0,0,0,3.0,9.0
22261,Adrien Thomasson,Lens,M,Lens vs Lorient,90,7,,0.0,,,48,38.0,,3.0,,1.0,1.0,0,0,4.0,12.0
22261,Adrien Thomasson,Lens,M,Monaco vs Lens,84,6.7,,0.0,2.0,2.0,41,36.0,,6.0,1.0,5.0,4.0,0,0,10.0,23.0
22261,Adrien Thomasson,Lens,M,Lens vs Strasbourg,90,6.2,,0.0,,,53,43.0,,5.0,1.0,2.0,3.0,1,0,8.0,20.0
22261,Adrien Thomasson,Lens,M,Angers vs Lens,90,6.3,,0.0,2.0,,61,54.0,,1.0,,2.0,3.0,0,0,6.0,15.0
22261,Adrien Thomasson,Lens,M,Lens vs Nice,89,6.3,,0.0,1.0,1.0,46,33.0,,1.0,,4.0,,0,0,3.0,14.0
22261,Adrien Thomasson,Lens,M,Toulouse vs Lens,90,7.7,1.0,1.0,2.0,2.0,62,54.0,,3.0,,4.0,1.0,0,0,7.0,16.0
22261,Adrien Thomasson,Lens,M,Lens vs Auxerre,57,6.2,,0.0,2.0,,25,21.0,,1.0,,2.0,,1,0,2.0,8.0
22261,Adrien Thomasson,Lens,M,Marseille vs Lens,72,6.6,,0.0,1.0,,31,28.0,,4.0,,,,0,0,5.0,7.0
22261,Adrien Thomasson,Lens,M,Lens vs Le Havre,90,7.5,,0.0,1.0,,48,41.0,,3.0,1.0,3.0,,0,0,5.0,14.0
22261,Adrien Thomasson,Lens,M,Lens vs Rennes,90,6,,0.0,1.0,,43,35.0,,2.0,,2.0,1.0,1,0,4.0,12.0
22261,Adrien Thomasson,Lens,M,Paris FC vs Lens,90,7.3,,0.0,,,44,41.0,,5.0,3.0,,3.0,0,0,10.0,18.0
22261,Adrien Thomasson,Lens,M,Lens vs Monaco,90,6.9,,1.0,,,44,35.0,,3.0,,,2.0,0,0,7.0,12.0
22261,Adrien Thomasson,Lens,M,Strasbourg vs Lens,73,7.2,,0.0,1.0,,34,29.0,,6.0,,1.0,2.0,1,0,10.0,19.0
270509,Andy Diouf,Lens,M,Lens vs Lyon,90,7.3,,0.0,2.0,1.0,40,33.0,,1.0,,,1.0,0,0,5.0,9.0
2483,Deiver Machado,Lens,M,Lens vs Lyon,76,6.9,,0.0,4.0,1.0,27,21.0,,1.0,,1.0,5.0,0,0,6.0,11.0
2483,Deiver Machado,Lens,M,Le Havre vs Lens,90,6.2,,0.0,,,24,22.0,,,3.0,2.0,,0,0,1.0,8.0
2483,Deiver Machado,Lens,M,Lens vs Stade Brestois 29,45,6.6,,0.0,,,23,20.0,,,,,1.0,0,0,3.0,6.0
2483,Deiver Machado,Lens,M,Metz vs Lens,63,6.5,,0.0,,,18,16.0,,,,1.0,2.0,1,0,3.0,6.0
2483,Deiver Machado,Lens,M,Angers vs Nantes,82,6.3,,0.0,,,26,23.0,,2.0,1.0,2.0,3.0,0,0,6.0,13.0
2483,Deiver Machado,Lens,M,Marseille vs Nantes,90,7.2,,0.0,,,20,14.0,,3.0,1.0,4.0,2.0,0,0,8.0,13.0
2483,Deiver Machado,Lens,M,Nantes vs Paris FC,18,6.2,,0.0,,,7,4.0,,,,,,0,0,1.0,3.0
2483,Deiver Machado,Lens,M,Nantes vs Lyon,27,7.2,,0.0,,,25,24.0,,1.0,,,1.0,0,0,2.0,4.0
2483,Deiver Machado,Lens,M,Monaco vs Nantes,90,5.9,,1.0,1.0,,45,38.0,,,2.0,2.0,1.0,0,0,1.0,10.0
2483,Deiver Machado,Lens,M,Nantes vs Le Havre,45,7,,0.0,,,6,6.0,,1.0,,,,0,0,1.0,2.0
21715,Wesley Saïd,Lens,F,Lens vs Lyon,86,6.9,,0.0,4.0,2.0,12,8.0,,,,3.0,,0,0,1.0,6.0
21715,Wesley Saïd,Lens,F,Le Havre vs Lens,89,7.5,1.0,1.0,3.0,2.0,22,20.0,,,,4.0,,0,0,1.0,7.0
21715,Wesley Saïd,Lens,F,Lens vs Stade Brestois 29,89,7.2,,0.0,1.0,1.0,23,18.0,,,,1.0,2.0,0,0,6.0,11.0
21715,Wesley Saïd,Lens,F,Paris Saint Germain vs Lens,10,6.5,,0.0,,,5,5.0,,,,1.0,,0,0,,1.0
21715,Wesley Saïd,Lens,F,Lens vs Lille,74,8.7,1.0,1.0,1.0,1.0,20,14.0,,1.0,,1.0,1.0,0,0,4.0,8.0
21715,Wesley Saïd,Lens,F,Rennes vs Lens,61,7.2,,0.0,,,19,14.0,,4.0,1.0,,,0,0,6.0,12.0
21715,Wesley Saïd,Lens,F,Auxerre vs Lens,81,6.5,,0.0,,,29,24.0,,,2.0,3.0,,0,0,2.0,7.0
21715,Wesley Saïd,Lens,F,Lens vs Paris FC,31,6.3,,0.0,1.0,,6,4.0,,,1.0,,,0,0,,1.0
21715,Wesley Saïd,Lens,F,Lens vs Marseille,69,6.5,,0.0,,,16,13.0,,,2.0,,,0,0,1.0,6.0
21715,Wesley Saïd,Lens,F,Metz vs Lens,45,6.5,,0.0,,,15,10.0,,,,1.0,,0,0,1.0,2.0
21715,Wesley Saïd,Lens,F,Lens vs Lorient,82,8.3,1.0,0.0,2.0,1.0,37,33.0,,,,,,0,0,4.0,4.0
21715,Wesley Saïd,Lens,F,Monaco vs Lens,72,8.6,2.0,0.0,4.0,4.0,33,28.0,,,,1.0,,0,0,1.0,4.0
21715,Wesley Saïd,Lens,F,Lens vs Strasbourg,75,6.7,,0.0,,,28,26.0,,2.0,,1.0,,0,0,3.0,8.0
21715,Wesley Saïd,Lens,F,Angers vs Lens,70,6.2,,0.0,3.0,2.0,23,17.0,,1.0,,1.0,,0,0,2.0,4.0
21715,Wesley Saïd,Lens,F,Nantes vs Lens,89,7.2,1.0,0.0,3.0,1.0,29,23.0,,1.0,1.0,,,0,0,1.0,6.0
21715,Wesley Saïd,Lens,F,Lens vs Nice,78,6.9,,0.0,1.0,1.0,30,27.0,,,,,,0,0,1.0,2.0
21715,Wesley Saïd,Lens,F,Toulouse vs Lens,90,7.9,1.0,0.0,4.0,2.0,50,45.0,,,,,2.0,0,0,4.0,11.0
21715,Wesley Saïd,Lens,F,Lens vs Auxerre,66,7.9,1.0,0.0,1.0,1.0,22,17.0,,3.0,1.0,3.0,2.0,0,0,6.0,12.0
21715,Wesley Saïd,Lens,F,Marseille vs Lens,71,6.3,,0.0,,,30,23.0,,2.0,,3.0,2.0,1,0,5.0,11.0
21715,Wesley Saïd,Lens,F,Lens vs Le Havre,89,6.9,,0.0,2.0,,33,27.0,,1.0,1.0,4.0,,0,0,4.0,9.0
21715,Wesley Saïd,Lens,F,Lens vs Rennes,61,6.9,,0.0,,,23,18.0,,1.0,,1.0,2.0,0,0,6.0,10.0
21715,Wesley Saïd,Lens,F,Paris FC vs Lens,68,9.2,2.0,0.0,3.0,2.0,25,23.0,,,,2.0,1.0,1,0,4.0,5.0
21715,Wesley Saïd,Lens,F,Strasbourg vs Lens,72,6.7,,0.0,2.0,,22,20.0,,2.0,,,1.0,0,0,4.0,10.0
23643,Morgan Guilavogui,Lens,F,Lens vs Lyon,90,7.9,,0.0,,,30,22.0,,3.0,,3.0,2.0,0,0,8.0,12.0
23643,Morgan Guilavogui,Lens,F,Le Havre vs Lens,17,6.9,,0.0,,,8,7.0,,2.0,1.0,,1.0,0,0,4.0,4.0
23643,Morgan Guilavogui,Lens,F,Lens vs Stade Brestois 29,15,7.6,1.0,0.0,2.0,1.0,9,8.0,,,,,,0,0,1.0,1.0
23643,Morgan Guilavogui,Lens,F,Paris Saint Germain vs Lens,45,6.7,,0.0,,,13,7.0,,2.0,,,,0,0,3.0,5.0
23643,Morgan Guilavogui,Lens,F,Lens vs Lille,16,6.9,,0.0,1.0,,3,2.0,,,,,1.0,0,0,3.0,3.0
23643,Morgan Guilavogui,Lens,F,Rennes vs Lens,29,6.9,,0.0,2.0,,12,7.0,,2.0,,,2.0,1,0,7.0,11.0
23643,Morgan Guilavogui,Lens,F,Auxerre vs Lens,9,6.6,,0.0,,,7,5.0,,1.0,,,,0,0,3.0,4.0
23643,Morgan Guilavogui,Lens,F,Lens vs Paris FC,89,7,,0.0,,,35,29.0,,2.0,,1.0,3.0,0,0,5.0,6.0
23643,Morgan Guilavogui,Lens,F,Lens vs Marseille,21,6.5,,0.0,,,5,3.0,,,,4.0,1.0,1,0,3.0,9.0
23643,Morgan Guilavogui,Lens,F,Metz vs Lens,45,6.2,,0.0,,,13,11.0,,,,2.0,1.0,0,0,1.0,8.0
23643,Morgan Guilavogui,Lens,F,Lens vs Lorient,19,6.6,,0.0,,,18,17.0,,,,,,0,0,1.0,2.0
23643,Morgan Guilavogui,Lens,F,Monaco vs Lens,18,6.9,,0.0,,,9,7.0,,1.0,,,,0,0,1.0,1.0
23643,Morgan Guilavogui,Lens,F,Lens vs Strasbourg,20,6.6,,0.0,1.0,,11,9.0,,,,1.0,1.0,0,1,2.0,3.0
23643,Morgan Guilavogui,Lens,F,Lens vs Nice,12,6.5,,0.0,,,7,6.0,,1.0,,2.0,,0,0,1.0,5.0
23643,Morgan Guilavogui,Lens,F,Toulouse vs Lens,16,6.3,,0.0,,,14,13.0,,,,,,0,0,,1.0
23643,Morgan Guilavogui,Lens,F,Lens vs Auxerre,24,6.5,,0.0,1.0,1.0,14,12.0,,,,2.0,,1,0,1.0,4.0
443579,Rayan Fofana,Lens,F,Lens vs Lyon,57,7.2,,0.0,1.0,,12,10.0,,,1.0,,4.0,0,0,6.0,8.0
443579,Rayan Fofana,Lens,F,Le Havre vs Lens,73,7.7,1.0,0.0,2.0,1.0,11,9.0,,,,2.0,6.0,0,0,7.0,16.0
443579,Rayan Fofana,Lens,F,Lens vs Stade Brestois 29,75,7.2,,0.0,5.0,2.0,13,7.0,,1.0,,,2.0,0,0,6.0,12.0
443579,Rayan Fofana,Lens,F,Paris Saint Germain vs Lens,24,6.6,,0.0,2.0,,5,3.0,,,,,1.0,0,0,3.0,3.0
443579,Rayan Fofana,Lens,F,Lens vs Lille,69,6.9,1.0,0.0,3.0,2.0,7,5.0,,2.0,,,2.0,0,0,4.0,9.0
443579,Rayan Fofana,Lens,F,Rennes vs Lens,29,7,,0.0,1.0,,3,2.0,,1.0,,,1.0,0,0,4.0,5.0
443579,Rayan Fofana,Lens,F,Auxerre vs Lens,49,6.2,,0.0,,,13,10.0,,,1.0,2.0,1.0,0,0,3.0,8.0
443579,Rayan Fofana,Lens,F,Lens vs Marseille,9,6.3,,0.0,,,3,1.0,,,,,,0,0,1.0,2.0
443579,Rayan Fofana,Lens,F,Metz vs Lens,11,6.2,,0.0,1.0,1.0,3,3.0,,1.0,,,,0,0,1.0,3.0
443579,Rayan Fofana,Lens,F,Lens vs Lorient,19,6.3,,0.0,,,6,5.0,,,,1.0,1.0,0,0,1.0,2.0
443579,Rayan Fofana,Lens,F,Monaco vs Lens,18,6.2,,0.0,2.0,1.0,1,,,1.0,,1.0,,0,0,2.0,4.0
443579,Rayan Fofana,Lens,F,Nantes vs Lens,21,6.3,,0.0,,,5,4.0,,,,1.0,1.0,0,0,2.0,4.0
443579,Rayan Fofana,Lens,F,Lens vs Nice,9,6.7,,0.0,,,2,1.0,,2.0,,,,0,0,2.0,3.0
443579,Rayan Fofana,Lens,F,Toulouse vs Lens,52,5.9,,0.0,1.0,1.0,8,8.0,,,,2.0,2.0,0,0,2.0,11.0
443579,Rayan Fofana,Lens,F,Lens vs Auxerre,56,7.2,,0.0,,,11,9.0,,,,1.0,6.0,0,0,6.0,11.0
443579,Rayan Fofana,Lens,F,Marseille vs Lens,19,7.5,1.0,0.0,1.0,1.0,2,1.0,,,,,,0,0,,2.0
443579,Rayan Fofana,Lens,F,Lens vs Le Havre,16,6.9,,0.0,,,4,4.0,,1.0,,,1.0,0,0,5.0,8.0
443579,Rayan Fofana,Lens,F,Paris FC vs Lens,21,8.3,2.0,0.0,2.0,2.0,4,3.0,,1.0,,,,0,0,2.0,6.0
443579,Rayan Fofana,Lens,F,Lens vs Monaco,15,6.3,,0.0,,,3,2.0,,,,,1.0,0,0,1.0,1.0
1922,Florian Thauvin,Lens,F,Lens vs Lyon,33,6.9,,0.0,,,21,18.0,,1.0,,,1.0,0,0,4.0,8.0
1922,Florian Thauvin,Lens,F,Le Havre vs Lens,73,6.6,,0.0,,,28,21.0,,,,,1.0,0,0,3.0,4.0
1922,Florian Thauvin,Lens,F,Lens vs Stade Brestois 29,76,7.6,1.0,0.0,2.0,1.0,40,31.0,,4.0,,,1.0,0,0,6.0,11.0
1922,Florian Thauvin,Lens,F,Paris Saint Germain vs Lens,80,6.3,,0.0,3.0,2.0,29,23.0,,,,1.0,3.0,1,0,4.0,10.0
1922,Florian Thauvin,Lens,F,Lens vs Lille,86,7.3,1.0,0.0,5.0,2.0,28,23.0,,1.0,1.0,2.0,1.0,0,0,4.0,11.0
1922,Florian Thauvin,Lens,F,Rennes vs Lens,90,7.7,,0.0,,,36,26.0,,,1.0,,5.0,0,0,8.0,17.0
1922,Florian Thauvin,Lens,F,Auxerre vs Lens,82,6.2,,0.0,,,33,26.0,,,,1.0,,1,0,1.0,8.0
1922,Florian Thauvin,Lens,F,Lens vs Paris FC,72,5.9,,0.0,1.0,1.0,37,27.0,,2.0,,1.0,1.0,1,0,6.0,14.0
1922,Florian Thauvin,Lens,F,Lens vs Marseille,81,6.9,,0.0,2.0,1.0,22,17.0,,1.0,,,1.0,0,0,4.0,9.0
1922,Florian Thauvin,Lens,F,Metz vs Lens,88,6.3,,0.0,1.0,,48,38.0,,1.0,,,,0,0,1.0,5.0
1922,Florian Thauvin,Lens,F,Lens vs Lorient,71,6.5,,0.0,1.0,1.0,39,29.0,,1.0,,,,0,0,3.0,6.0
1922,Florian Thauvin,Lens,F,Monaco vs Lens,90,8.2,,2.0,1.0,,42,33.0,,2.0,,,2.0,0,0,7.0,15.0
1922,Florian Thauvin,Lens,F,Lens vs Strasbourg,75,6.7,,0.0,3.0,1.0,24,20.0,,1.0,,,1.0,0,0,3.0,8.0
1922,Florian Thauvin,Lens,F,Angers vs Lens,90,9.2,2.0,0.0,4.0,3.0,49,36.0,,,2.0,,,0,0,2.0,10.0
1922,Florian Thauvin,Lens,F,Nantes vs Lens,90,8,1.0,0.0,3.0,2.0,61,52.0,,,,1.0,1.0,0,0,4.0,10.0
1922,Florian Thauvin,Lens,F,Lens vs Nice,78,6.3,,0.0,1.0,,25,18.0,,1.0,,,1.0,0,0,5.0,14.0
1922,Florian Thauvin,Lens,F,Toulouse vs Lens,74,6.6,,0.0,2.0,,37,29.0,,,,1.0,,1,0,,2.0
1922,Florian Thauvin,Lens,F,Lens vs Auxerre,86,6.7,,0.0,2.0,,30,22.0,,,1.0,1.0,1.0,0,0,1.0,10.0
1922,Florian Thauvin,Lens,F,Marseille vs Lens,78,6.7,,0.0,,,31,26.0,,,2.0,4.0,2.0,1,0,6.0,13.0
1922,Florian Thauvin,Lens,F,Lens vs Le Havre,89,8,,0.0,2.0,1.0,50,43.0,,1.0,,2.0,2.0,0,0,8.0,15.0
1922,Florian Thauvin,Lens,F,Lens vs Rennes,78,7.5,,1.0,1.0,,27,23.0,,,,,3.0,0,0,5.0,9.0
1922,Florian Thauvin,Lens,F,Paris FC vs Lens,89,7.9,1.0,0.0,2.0,2.0,44,34.0,,1.0,,1.0,1.0,0,0,7.0,12.0
1922,Florian Thauvin,Lens,F,Lens vs Monaco,90,8,1.0,0.0,5.0,3.0,47,41.0,,1.0,1.0,1.0,1.0,0,0,3.0,5.0
1922,Florian Thauvin,Lens,F,Strasbourg vs Lens,81,6.9,,0.0,3.0,1.0,33,20.0,,2.0,,1.0,1.0,0,0,4.0,8.0
402066,Anthony Bermont,Lens,M,Lens vs Lyon,14,6.9,,0.0,,,14,12.0,,,,,,0,0,,
402066,Anthony Bermont,Lens,M,Lens vs Stade Brestois 29,14,6.6,,0.0,,,13,9.0,,,,,,0,0,3.0,4.0
402066,Anthony Bermont,Lens,M,Paris Saint Germain vs Lens,10,6.7,,0.0,1.0,,6,4.0,,,,,,0,0,1.0,2.0
402066,Anthony Bermont,Lens,M,Monaco vs Lens,11,6.3,,0.0,,,8,6.0,,,2.0,1.0,,0,0,,1.0
402066,Anthony Bermont,Lens,M,Toulouse vs Lens,13,6.7,,0.0,,,4,4.0,,,,1.0,,0,0,,1.0
402066,Anthony Bermont,Lens,M,Marseille vs Lens,12,6.6,,0.0,1.0,1.0,10,10.0,,,1.0,,,0,0,,1.0
402066,Anthony Bermont,Lens,M,Lens vs Monaco,9,6.7,,0.0,,,5,5.0,,,,,,0,0,,1.0
44594,Saud Abdulhamid,Lens,D,Lens vs Lyon,10,6.9,,0.0,,,4,4.0,,,,,1.0,0,0,2.0,3.0
44594,Saud Abdulhamid,Lens,D,Lens vs Stade Brestois 29,14,7.9,,1.0,,,16,16.0,,,,,,0,0,,2.0
44594,Saud Abdulhamid,Lens,D,Paris Saint Germain vs Lens,24,6.9,,0.0,,,15,13.0,,2.0,,,,0,0,2.0,2.0
44594,Saud Abdulhamid,Lens,D,Lens vs Lille,21,7,,0.0,,,7,6.0,,3.0,,,,0,0,3.0,3.0
44594,Saud Abdulhamid,Lens,D,Rennes vs Lens,12,6.6,,0.0,,,4,2.0,,,,,,0,0,,
44594,Saud Abdulhamid,Lens,D,Lens vs Paris FC,17,6.9,,0.0,,,10,7.0,,2.0,1.0,,,0,0,2.0,4.0
44594,Saud Abdulhamid,Lens,D,Lens vs Marseille,11,6.7,,0.0,,,2,1.0,,,,1.0,,0,0,1.0,2.0
44594,Saud Abdulhamid,Lens,D,Metz vs Lens,90,5.9,,0.0,,,39,35.0,,1.0,,2.0,1.0,0,0,3.0,9.0
44594,Saud Abdulhamid,Lens,D,Lens vs Lorient,8,6.7,,0.0,,,11,10.0,,,,,,0,0,,
44594,Saud Abdulhamid,Lens,D,Angers vs Lens,12,6.9,,0.0,,,6,6.0,,2.0,1.0,,,0,0,2.0,4.0
44594,Saud Abdulhamid,Lens,D,Toulouse vs Lens,89,6.9,,0.0,1.0,,41,40.0,,1.0,,,1.0,0,0,3.0,7.0
44594,Saud Abdulhamid,Lens,D,Lens vs Auxerre,66,6.6,,0.0,1.0,1.0,27,24.0,,2.0,,2.0,,0,0,2.0,9.0
44594,Saud Abdulhamid,Lens,D,Marseille vs Lens,90,6.2,,0.0,,,33,31.0,,,,3.0,2.0,0,0,3.0,9.0
44594,Saud Abdulhamid,Lens,D,Lens vs Rennes,29,6.6,,0.0,,,7,6.0,,1.0,1.0,,1.0,0,0,2.0,5.0
44594,Saud Abdulhamid,Lens,D,Paris FC vs Lens,90,8,,1.0,,,42,38.0,,3.0,1.0,2.0,1.0,0,0,4.0,9.0
44594,Saud Abdulhamid,Lens,D,Lens vs Monaco,75,6.6,,0.0,,,19,17.0,,3.0,1.0,3.0,,1,0,3.0,5.0
44594,Saud Abdulhamid,Lens,D,Strasbourg vs Lens,90,7.3,,0.0,,,32,28.0,,4.0,1.0,,,0,0,6.0,7.0
20761,Florian Sotoca,Lens,F,Lens vs Lyon,10,6.5,,0.0,,,3,2.0,,,,1.0,,0,0,1.0,3.0
20761,Florian Sotoca,Lens,F,Le Havre vs Lens,17,6.7,,0.0,,,4,3.0,,,2.0,,1.0,0,0,1.0,2.0
20761,Florian Sotoca,Lens,F,Lens vs Lille,10,6.5,,0.0,,,3,,,,,,,0,0,1.0,3.0
20761,Florian Sotoca,Lens,F,Lens vs Lorient,8,6.7,,0.0,,,10,8.0,,,,,1.0,0,0,1.0,1.0
20761,Florian Sotoca,Lens,F,Monaco vs Lens,11,6.3,,0.0,,,4,4.0,,,,,,0,0,,2.0
20761,Florian Sotoca,Lens,F,Lens vs Strasbourg,12,6.2,,0.0,,,6,4.0,,,,,,1,0,,1.0
20761,Florian Sotoca,Lens,F,Angers vs Lens,20,6.2,,0.0,1.0,,5,4.0,,,,1.0,,0,0,1.0,5.0
20761,Florian Sotoca,Lens,F,Lens vs Nice,12,6.3,,0.0,,,6,6.0,,,1.0,1.0,,0,0,,2.0
20761,Florian Sotoca,Lens,F,Toulouse vs Lens,13,6.6,,0.0,,,6,5.0,,,,,2.0,0,0,2.0,2.0
20761,Florian Sotoca,Lens,F,Lens vs Auxerre,8,6.7,,0.0,,,5,5.0,,,,,,0,0,,1.0
20761,Florian Sotoca,Lens,F,Marseille vs Lens,12,6.3,,0.0,,,8,7.0,,,,1.0,,0,0,,
20761,Florian Sotoca,Lens,F,Lens vs Le Havre,8,6.5,,0.0,,,8,6.0,,,,1.0,,0,0,,1.0
20761,Florian Sotoca,Lens,F,Lens vs Monaco,9,6.3,,0.0,,,3,1.0,,,,,,0,0,1.0,1.0
20761,Florian Sotoca,Lens,F,Strasbourg vs Lens,9,6.2,,0.0,,,7,3.0,,,,,,0,0,,1.0
20762,Rémy Descamps,Lyon,G,Lens vs Lyon,90,8.6,,0.0,,,37,23.0,,,,,,0,0,,1.0
20762,Rémy Descamps,Lyon,G,Lyon vs Metz,90,7.9,,0.0,,,27,26.0,,,,,,0,0,,
20762,Rémy Descamps,Lyon,G,Lyon vs Marseille,90,7.2,,0.0,,,18,13.0,,,,,,0,0,,
20762,Rémy Descamps,Lyon,G,Rennes vs Lyon,90,5.9,,0.0,,,28,16.0,,,,,,0,0,,
334914,Saël Kumbedi,Lyon,D,Lens vs Lyon,66,6.5,,0.0,1.0,,13,7.0,,1.0,1.0,4.0,2.0,1,0,4.0,11.0
68,Clinton Mata,Lyon,D,Lens vs Lyon,90,8.2,,0.0,,,43,39.0,,1.0,1.0,,2.0,0,0,3.0,3.0
68,Clinton Mata,Lyon,D,Lyon vs Metz,86,7.2,,0.0,,,87,83.0,,2.0,,,1.0,0,0,3.0,3.0
68,Clinton Mata,Lyon,D,Lyon vs Marseille,90,6.9,,0.0,1.0,,37,36.0,,,1.0,2.0,,0,0,,5.0
68,Clinton Mata,Lyon,D,Rennes vs Lyon,90,6.7,,0.0,,,56,54.0,,2.0,1.0,1.0,1.0,1,0,3.0,5.0
68,Clinton Mata,Lyon,D,Lyon vs Angers,90,7.5,,0.0,,,90,82.0,,3.0,,1.0,,0,0,6.0,9.0
68,Clinton Mata,Lyon,D,Lille vs Lyon,90,7.5,,0.0,,,39,33.0,,,,,2.0,0,0,3.0,6.0
68,Clinton Mata,Lyon,D,Lyon vs Toulouse,90,6,,0.0,1.0,,77,67.0,,1.0,1.0,,,0,0,1.0,4.0
68,Clinton Mata,Lyon,D,Nice vs Lyon,77,6.7,,0.0,,,87,82.0,,1.0,2.0,1.0,1.0,1,0,2.0,3.0
68,Clinton Mata,Lyon,D,Lyon vs Strasbourg,90,6.3,,0.0,,,51,41.0,,,1.0,2.0,,0,0,2.0,7.0
68,Clinton Mata,Lyon,D,Paris FC vs Lyon,90,7,,0.0,,,66,55.0,,1.0,1.0,1.0,1.0,0,0,4.0,7.0
68,Clinton Mata,Lyon,D,Stade Brestois 29 vs Lyon,90,7.3,,0.0,,,43,36.0,,3.0,,1.0,,0,0,5.0,8.0
68,Clinton Mata,Lyon,D,Lyon vs Paris Saint Germain,90,6.2,,0.0,,,29,27.0,,,2.0,1.0,4.0,1,0,4.0,6.0
68,Clinton Mata,Lyon,D,Auxerre vs Lyon,63,8.2,,0.0,,,65,58.0,,3.0,2.0,1.0,3.0,0,0,7.0,11.0
68,Clinton Mata,Lyon,D,Lorient vs Lyon,90,6.5,,0.0,1.0,,67,62.0,,,,3.0,1.0,0,0,3.0,7.0
68,Clinton Mata,Lyon,D,Lyon vs Le Havre,90,8.2,,0.0,,,37,34.0,,3.0,,1.0,4.0,0,0,16.0,22.0
68,Clinton Mata,Lyon,D,Monaco vs Lyon,90,6.2,,0.0,,,34,33.0,,2.0,,3.0,2.0,1,0,4.0,8.0
68,Clinton Mata,Lyon,D,Lyon vs Stade Brestois 29,90,7,,0.0,,,86,81.0,,1.0,1.0,3.0,,0,0,5.0,11.0
68,Clinton Mata,Lyon,D,Metz vs Lyon,90,7,,0.0,,,45,38.0,,1.0,,1.0,,0,0,2.0,6.0
68,Clinton Mata,Lyon,D,Lyon vs Lille,90,7,,0.0,,,58,51.0,,1.0,1.0,1.0,1.0,0,0,3.0,5.0
68,Clinton Mata,Lyon,D,Nantes vs Lyon,90,8.3,,0.0,,,64,56.0,,4.0,1.0,,2.0,0,0,7.0,9.0
68,Clinton Mata,Lyon,D,Lyon vs Nice,90,7.2,,0.0,,,79,74.0,,1.0,,,1.0,0,0,2.0,3.0
68,Clinton Mata,Lyon,D,Strasbourg vs Lyon,90,5.9,,0.0,,,42,40.0,,3.0,,3.0,3.0,0,0,6.0,10.0
25916,Moussa Niakhaté,Lyon,D,Lens vs Lyon,90,7.6,,0.0,,,41,38.0,,3.0,1.0,1.0,2.0,0,0,6.0,8.0
25916,Moussa Niakhaté,Lyon,D,Lyon vs Metz,90,7.6,,0.0,,,89,88.0,,2.0,1.0,3.0,1.0,0,0,6.0,9.0
25916,Moussa Niakhaté,Lyon,D,Lyon vs Marseille,90,7.9,,0.0,1.0,,64,54.0,,1.0,2.0,3.0,,0,0,11.0,15.0
25916,Moussa Niakhaté,Lyon,D,Rennes vs Lyon,90,6.7,,0.0,,,60,52.0,,2.0,2.0,1.0,2.0,0,0,6.0,8.0
25916,Moussa Niakhaté,Lyon,D,Lyon vs Angers,90,7.9,,0.0,,,112,107.0,,,,2.0,1.0,1,0,7.0,10.0
25916,Moussa Niakhaté,Lyon,D,Lille vs Lyon,90,7.5,,0.0,,,59,45.0,,,1.0,2.0,,0,0,3.0,7.0
25916,Moussa Niakhaté,Lyon,D,Lyon vs Toulouse,90,6.9,,0.0,,,100,90.0,,,,2.0,1.0,0,0,5.0,11.0
25916,Moussa Niakhaté,Lyon,D,Nice vs Lyon,13,6.9,,0.0,,,18,15.0,,,1.0,,,1,0,1.0,2.0
25916,Moussa Niakhaté,Lyon,D,Lyon vs Strasbourg,90,6.9,,1.0,,,69,59.0,,2.0,1.0,1.0,1.0,0,0,4.0,7.0
25916,Moussa Niakhaté,Lyon,D,Paris FC vs Lyon,90,6.5,,0.0,,,65,58.0,,2.0,,,2.0,0,0,7.0,12.0
25916,Moussa Niakhaté,Lyon,D,Stade Brestois 29 vs Lyon,90,7.3,,0.0,,,64,56.0,,1.0,,,,0,0,2.0,5.0
25916,Moussa Niakhaté,Lyon,D,Lyon vs Paris Saint Germain,90,6.2,,1.0,,,29,25.0,,,,,2.0,0,0,3.0,5.0
25916,Moussa Niakhaté,Lyon,D,Auxerre vs Lyon,90,7.3,,0.0,,,79,74.0,,1.0,,1.0,,0,0,4.0,7.0
25916,Moussa Niakhaté,Lyon,D,Lyon vs Nantes,90,8.2,,0.0,,,82,78.0,,2.0,1.0,1.0,,0,0,5.0,8.0
25916,Moussa Niakhaté,Lyon,D,Lorient vs Lyon,90,6.9,,0.0,,,63,56.0,,,,1.0,1.0,0,0,1.0,3.0
25916,Moussa Niakhaté,Lyon,D,Lyon vs Le Havre,90,7.2,,0.0,,,45,43.0,,1.0,,3.0,1.0,1,0,4.0,9.0
25916,Moussa Niakhaté,Lyon,D,Metz vs Lyon,45,6.9,,0.0,,,46,42.0,,2.0,,1.0,1.0,0,0,4.0,5.0
25916,Moussa Niakhaté,Lyon,D,Lyon vs Lille,90,7.5,,0.0,,,73,64.0,,1.0,,,,0,0,4.0,4.0
25916,Moussa Niakhaté,Lyon,D,Nantes vs Lyon,90,7.3,,0.0,,,57,49.0,,2.0,,3.0,1.0,0,0,6.0,10.0
25916,Moussa Niakhaté,Lyon,D,Lyon vs Nice,90,7.9,,0.0,1.0,,91,82.0,,3.0,3.0,1.0,1.0,0,0,7.0,8.0
25916,Moussa Niakhaté,Lyon,D,Strasbourg vs Lyon,90,6.5,,0.0,,,70,65.0,,,1.0,1.0,2.0,0,0,5.0,7.0
9700,Abner Vinícius,Lyon,D,Lens vs Lyon,90,6.9,,0.0,1.0,,37,34.0,,2.0,,2.0,,1,0,3.0,8.0
9700,Abner Vinícius,Lyon,D,Lyon vs Metz,74,6.6,,0.0,,,25,23.0,,,,1.0,1.0,0,0,2.0,6.0
9700,Abner Vinícius,Lyon,D,Lyon vs Marseille,71,6.3,,0.0,1.0,1.0,20,14.0,,2.0,,1.0,,1,0,2.0,3.0
9700,Abner Vinícius,Lyon,D,Rennes vs Lyon,90,6.2,,0.0,,,46,39.0,,3.0,2.0,2.0,,0,0,4.0,7.0
9700,Abner Vinícius,Lyon,D,Nice vs Lyon,68,6,,0.0,,,40,34.0,,,,,1.0,0,0,2.0,3.0
9700,Abner Vinícius,Lyon,D,Paris FC vs Lyon,61,6,,0.0,,,16,12.0,,2.0,1.0,2.0,,0,1,2.0,6.0
9700,Abner Vinícius,Lyon,D,Auxerre vs Lyon,90,6.9,,0.0,,,39,33.0,,,,1.0,,0,0,3.0,4.0
9700,Abner Vinícius,Lyon,D,Lyon vs Nantes,90,7.2,1.0,0.0,1.0,1.0,49,48.0,,,,1.0,,0,0,,3.0
9700,Abner Vinícius,Lyon,D,Lorient vs Lyon,90,6.2,,0.0,,,33,26.0,,,1.0,,,0,0,,5.0
9700,Abner Vinícius,Lyon,D,Lyon vs Le Havre,90,7.2,,0.0,,,38,31.0,,3.0,,1.0,1.0,0,0,5.0,8.0
9700,Abner Vinícius,Lyon,D,Monaco vs Lyon,81,7.9,1.0,0.0,1.0,1.0,30,23.0,,1.0,,,,0,0,2.0,4.0
9700,Abner Vinícius,Lyon,D,Lyon vs Stade Brestois 29,89,7.9,1.0,0.0,1.0,1.0,61,56.0,,4.0,,4.0,,1,0,5.0,13.0
9700,Abner Vinícius,Lyon,D,Lyon vs Lille,89,6.3,,0.0,,,21,16.0,,1.0,,2.0,1.0,0,0,2.0,8.0
9700,Abner Vinícius,Lyon,D,Nantes vs Lyon,90,6.9,,0.0,,,37,31.0,,,,1.0,,0,0,2.0,6.0
9700,Abner Vinícius,Lyon,D,Lyon vs Nice,90,6.9,,0.0,,,33,24.0,,,,1.0,,1,0,1.0,4.0
9700,Abner Vinícius,Lyon,D,Strasbourg vs Lyon,90,6.3,,0.0,,,33,20.0,,1.0,,,1.0,0,0,2.0,4.0
162590,Tyler Morton,Lyon,M,Lens vs Lyon,90,7.5,,0.0,,,42,32.0,,3.0,,2.0,,0,0,5.0,10.0
162590,Tyler Morton,Lyon,M,Lyon vs Metz,90,8,,0.0,1.0,1.0,69,63.0,,1.0,,,3.0,0,0,4.0,4.0
162590,Tyler Morton,Lyon,M,Lyon vs Marseille,90,7.3,,0.0,,,61,58.0,,,,2.0,,0,0,1.0,3.0
162590,Tyler Morton,Lyon,M,Rennes vs Lyon,75,6.9,,0.0,,,51,48.0,,1.0,,3.0,1.0,0,1,4.0,7.0
162590,Tyler Morton,Lyon,M,Lille vs Lyon,90,7.6,1.0,0.0,1.0,1.0,30,24.0,,2.0,,2.0,,0,0,3.0,7.0
162590,Tyler Morton,Lyon,M,Lyon vs Toulouse,90,6.6,,0.0,,,69,59.0,,1.0,,,1.0,0,0,3.0,10.0
162590,Tyler Morton,Lyon,M,Nice vs Lyon,77,7.3,,0.0,1.0,,37,32.0,,5.0,1.0,2.0,,0,0,7.0,10.0
162590,Tyler Morton,Lyon,M,Lyon vs Strasbourg,90,7.2,,0.0,,,38,30.0,,4.0,1.0,1.0,,0,0,5.0,7.0
162590,Tyler Morton,Lyon,M,Paris FC vs Lyon,90,6.3,,0.0,,,42,33.0,,2.0,1.0,,1.0,0,0,4.0,7.0
162590,Tyler Morton,Lyon,M,Stade Brestois 29 vs Lyon,90,7.3,,0.0,2.0,1.0,47,39.0,,1.0,,,1.0,0,0,2.0,3.0
162590,Tyler Morton,Lyon,M,Lyon vs Paris Saint Germain,90,6.6,,1.0,1.0,,23,22.0,,1.0,3.0,1.0,,1,0,2.0,3.0
162590,Tyler Morton,Lyon,M,Lyon vs Nantes,85,6.7,,0.0,1.0,,63,53.0,,1.0,2.0,3.0,1.0,1,0,3.0,8.0
162590,Tyler Morton,Lyon,M,Lorient vs Lyon,90,6.6,,0.0,,,42,35.0,,2.0,1.0,3.0,,0,0,3.0,7.0
162590,Tyler Morton,Lyon,M,Lyon vs Le Havre,90,6.2,,0.0,1.0,,34,29.0,,,,2.0,,1,0,1.0,4.0
162590,Tyler Morton,Lyon,M,Monaco vs Lyon,90,7.3,,0.0,1.0,1.0,54,52.0,,2.0,3.0,2.0,1.0,0,0,4.0,6.0
162590,Tyler Morton,Lyon,M,Lyon vs Stade Brestois 29,90,7.7,,0.0,,,103,97.0,,,1.0,,1.0,0,0,2.0,3.0
162590,Tyler Morton,Lyon,M,Metz vs Lyon,90,8.7,1.0,1.0,2.0,2.0,50,45.0,,1.0,,,1.0,0,0,4.0,9.0
162590,Tyler Morton,Lyon,M,Nantes vs Lyon,90,7.3,,0.0,,,56,50.0,,5.0,,,,0,0,5.0,8.0
162590,Tyler Morton,Lyon,M,Lyon vs Nice,90,7.3,,0.0,,,75,68.0,,1.0,1.0,1.0,1.0,0,0,3.0,5.0
162590,Tyler Morton,Lyon,M,Strasbourg vs Lyon,90,6.7,,0.0,,,55,50.0,,1.0,2.0,1.0,,0,0,1.0,3.0
80752,Tanner Tessmann,Lyon,M,Lens vs Lyon,90,7.2,,0.0,1.0,,39,30.0,,3.0,1.0,,1.0,0,0,5.0,10.0
80752,Tanner Tessmann,Lyon,M,Lyon vs Metz,90,7.7,,0.0,1.0,1.0,71,67.0,,4.0,1.0,,1.0,0,0,5.0,7.0
80752,Tanner Tessmann,Lyon,M,Lyon vs Marseille,90,7.2,,0.0,3.0,1.0,51,46.0,,,2.0,1.0,,0,0,2.0,5.0
80752,Tanner Tessmann,Lyon,M,Rennes vs Lyon,90,7.2,,0.0,,,47,39.0,,2.0,1.0,1.0,2.0,0,0,9.0,13.0
80752,Tanner Tessmann,Lyon,M,Lyon vs Angers,90,7.2,1.0,0.0,4.0,1.0,59,51.0,,1.0,,,1.0,0,0,3.0,10.0
80752,Tanner Tessmann,Lyon,M,Lille vs Lyon,90,6.3,,0.0,,,34,30.0,,,,4.0,2.0,0,0,3.0,9.0
80752,Tanner Tessmann,Lyon,M,Lyon vs Toulouse,89,6.9,,0.0,,,48,41.0,,,2.0,,3.0,0,0,4.0,6.0
80752,Tanner Tessmann,Lyon,M,Nice vs Lyon,13,7.2,,0.0,1.0,1.0,12,11.0,,2.0,,,1.0,0,0,3.0,4.0
80752,Tanner Tessmann,Lyon,M,Lyon vs Strasbourg,89,6.7,,0.0,,,43,36.0,,1.0,,,,0,0,1.0,2.0
80752,Tanner Tessmann,Lyon,M,Paris FC vs Lyon,22,6.2,,0.0,,,9,8.0,,,,,,0,0,,1.0
80752,Tanner Tessmann,Lyon,M,Stade Brestois 29 vs Lyon,15,6.7,,0.0,,,14,10.0,,1.0,,,,0,0,1.0,1.0
80752,Tanner Tessmann,Lyon,M,Lyon vs Paris Saint Germain,90,6,,0.0,,,25,20.0,,1.0,1.0,,,0,0,2.0,7.0
80752,Tanner Tessmann,Lyon,M,Auxerre vs Lyon,90,6.7,,0.0,3.0,1.0,67,56.0,,2.0,2.0,1.0,,0,0,3.0,6.0
80752,Tanner Tessmann,Lyon,M,Lyon vs Nantes,89,7.3,,0.0,,,89,83.0,,,1.0,2.0,,0,0,,2.0
80752,Tanner Tessmann,Lyon,M,Monaco vs Lyon,24,6.3,,0.0,,,24,18.0,,,,1.0,,0,0,,1.0
80752,Tanner Tessmann,Lyon,M,Lyon vs Stade Brestois 29,74,7.2,,0.0,2.0,1.0,45,38.0,,,,1.0,1.0,0,0,3.0,8.0
80752,Tanner Tessmann,Lyon,M,Metz vs Lyon,90,7,,0.0,,,34,25.0,,1.0,1.0,,1.0,0,0,6.0,7.0
80752,Tanner Tessmann,Lyon,M,Lyon vs Lille,90,7.3,,0.0,,,42,35.0,,2.0,1.0,1.0,2.0,0,0,4.0,5.0
80752,Tanner Tessmann,Lyon,M,Nantes vs Lyon,90,6.9,,0.0,3.0,,27,19.0,,2.0,,,1.0,0,0,7.0,11.0
80752,Tanner Tessmann,Lyon,M,Lyon vs Nice,90,6.9,,0.0,,,65,62.0,,1.0,,2.0,1.0,1,0,3.0,8.0
80752,Tanner Tessmann,Lyon,M,Strasbourg vs Lyon,58,6.2,,0.0,1.0,,31,26.0,,2.0,,2.0,,0,0,2.0,5.0
1456,Ainsley Maitland-Niles,Lyon,M,Lens vs Lyon,90,6.6,,0.0,,,23,13.0,,1.0,2.0,3.0,1.0,0,0,5.0,9.0
1456,Ainsley Maitland-Niles,Lyon,M,Lyon vs Metz,90,8.2,,1.0,,,48,44.0,,6.0,,4.0,1.0,0,0,8.0,15.0
1456,Ainsley Maitland-Niles,Lyon,M,Lyon vs Marseille,90,7,,0.0,,,50,46.0,,,,,,0,0,1.0,3.0
1456,Ainsley Maitland-Niles,Lyon,M,Rennes vs Lyon,90,6.6,,1.0,,,55,47.0,,2.0,2.0,,,0,0,4.0,8.0
1456,Ainsley Maitland-Niles,Lyon,M,Lyon vs Angers,90,6.9,,0.0,3.0,1.0,36,35.0,,2.0,3.0,1.0,,0,0,3.0,7.0
1456,Ainsley Maitland-Niles,Lyon,M,Lille vs Lyon,90,7,,0.0,,,24,21.0,,2.0,4.0,1.0,,0,0,2.0,6.0
1456,Ainsley Maitland-Niles,Lyon,M,Lyon vs Toulouse,90,6.7,,0.0,1.0,,55,44.0,,5.0,2.0,1.0,1.0,0,0,7.0,12.0
1456,Ainsley Maitland-Niles,Lyon,M,Nice vs Lyon,90,6,,0.0,2.0,1.0,57,50.0,,,,,,0,0,,2.0
1456,Ainsley Maitland-Niles,Lyon,M,Lyon vs Strasbourg,90,6.5,,0.0,,,34,28.0,,,1.0,2.0,1.0,0,0,2.0,4.0
1456,Ainsley Maitland-Niles,Lyon,M,Paris FC vs Lyon,90,6.3,,0.0,,,34,31.0,,5.0,,3.0,1.0,0,0,6.0,11.0
1456,Ainsley Maitland-Niles,Lyon,M,Stade Brestois 29 vs Lyon,75,7,,0.0,,,24,21.0,,2.0,,,1.0,0,0,4.0,9.0
1456,Ainsley Maitland-Niles,Lyon,M,Lyon vs Paris Saint Germain,90,7.3,1.0,0.0,1.0,1.0,14,11.0,,2.0,,1.0,,0,0,3.0,9.0
1456,Ainsley Maitland-Niles,Lyon,M,Auxerre vs Lyon,90,6.9,,0.0,,,52,44.0,,1.0,2.0,2.0,1.0,1,0,2.0,5.0
1456,Ainsley Maitland-Niles,Lyon,M,Lyon vs Nantes,18,6.3,,0.0,,,14,13.0,,1.0,,,,0,0,1.0,5.0
1456,Ainsley Maitland-Niles,Lyon,M,Lorient vs Lyon,42,5.2,,0.0,,,20,18.0,,,,3.0,1.0,2,1,1.0,4.0
1456,Ainsley Maitland-Niles,Lyon,M,Monaco vs Lyon,90,7.3,,1.0,1.0,1.0,46,43.0,,,1.0,,,0,0,3.0,5.0
1456,Ainsley Maitland-Niles,Lyon,M,Lyon vs Stade Brestois 29,74,7.6,,0.0,1.0,1.0,49,45.0,,4.0,3.0,3.0,1.0,1,0,5.0,9.0
1456,Ainsley Maitland-Niles,Lyon,M,Metz vs Lyon,90,6.2,,0.0,1.0,,38,32.0,,1.0,1.0,,,0,0,1.0,4.0
1456,Ainsley Maitland-Niles,Lyon,M,Lyon vs Lille,90,6.7,,0.0,,,30,24.0,,4.0,1.0,4.0,,1,0,5.0,12.0
1456,Ainsley Maitland-Niles,Lyon,M,Nantes vs Lyon,90,6.9,,0.0,1.0,,41,33.0,,2.0,3.0,1.0,,0,0,4.0,8.0
1456,Ainsley Maitland-Niles,Lyon,M,Lyon vs Nice,89,7.5,,0.0,,,54,47.0,,2.0,,1.0,,1,0,5.0,6.0
1456,Ainsley Maitland-Niles,Lyon,M,Strasbourg vs Lyon,90,6.2,,0.0,,,39,34.0,,4.0,,2.0,1.0,0,0,6.0,10.0
519,Corentin Tolisso,Lyon,M,Lens vs Lyon,90,6.3,,0.0,2.0,1.0,43,41.0,,1.0,1.0,5.0,2.0,0,0,4.0,13.0
519,Corentin Tolisso,Lyon,M,Lyon vs Metz,75,7.2,1.0,0.0,1.0,1.0,32,23.0,,1.0,1.0,,2.0,0,0,3.0,10.0
519,Corentin Tolisso,Lyon,M,Lyon vs Marseille,90,6.7,,0.0,2.0,,32,26.0,,,,2.0,3.0,0,0,7.0,15.0
519,Corentin Tolisso,Lyon,M,Rennes vs Lyon,90,8.5,1.0,0.0,2.0,2.0,50,42.0,,3.0,,1.0,4.0,1,0,9.0,13.0
519,Corentin Tolisso,Lyon,M,Lyon vs Angers,81,7.5,,0.0,1.0,1.0,67,60.0,,2.0,2.0,,,0,0,5.0,6.0
519,Corentin Tolisso,Lyon,M,Lille vs Lyon,90,7.2,,0.0,,,39,30.0,,,1.0,2.0,2.0,0,0,7.0,10.0
519,Corentin Tolisso,Lyon,M,Lyon vs Toulouse,90,6.6,,0.0,2.0,1.0,54,45.0,,1.0,1.0,2.0,2.0,0,0,7.0,16.0
519,Corentin Tolisso,Lyon,M,Nice vs Lyon,90,6.5,,0.0,1.0,1.0,69,61.0,,2.0,1.0,2.0,,0,0,5.0,15.0
519,Corentin Tolisso,Lyon,M,Lyon vs Strasbourg,90,6.3,,0.0,1.0,1.0,30,23.0,,2.0,1.0,2.0,4.0,0,0,7.0,13.0
519,Corentin Tolisso,Lyon,M,Paris FC vs Lyon,68,8.3,1.0,0.0,1.0,1.0,39,32.0,,1.0,,,1.0,0,0,4.0,5.0
519,Corentin Tolisso,Lyon,M,Stade Brestois 29 vs Lyon,84,7.2,,0.0,1.0,1.0,48,44.0,,2.0,,2.0,5.0,0,0,8.0,12.0
519,Corentin Tolisso,Lyon,M,Lyon vs Paris Saint Germain,12,6.3,,0.0,,,9,7.0,,,,,,1,0,,4.0
519,Corentin Tolisso,Lyon,M,Auxerre vs Lyon,90,6.6,,0.0,2.0,,65,58.0,,,2.0,2.0,1.0,1,0,2.0,8.0
519,Corentin Tolisso,Lyon,M,Lyon vs Nantes,90,6.3,,0.0,4.0,3.0,55,46.0,,,,1.0,,0,0,1.0,4.0
519,Corentin Tolisso,Lyon,M,Lorient vs Lyon,90,6.6,,0.0,1.0,1.0,41,36.0,,2.0,2.0,2.0,,0,0,4.0,13.0
519,Corentin Tolisso,Lyon,M,Lyon vs Le Havre,90,7.9,,0.0,2.0,1.0,57,49.0,,,1.0,2.0,4.0,0,0,4.0,12.0
519,Corentin Tolisso,Lyon,M,Monaco vs Lyon,89,7.3,,0.0,2.0,1.0,69,58.0,,2.0,,1.0,3.0,1,0,8.0,13.0
519,Corentin Tolisso,Lyon,M,Metz vs Lyon,45,6.3,,1.0,,,17,14.0,,,,2.0,,0,0,,7.0
519,Corentin Tolisso,Lyon,M,Lyon vs Nice,66,6.9,1.0,0.0,1.0,1.0,34,24.0,,,1.0,3.0,2.0,0,0,5.0,13.0
519,Corentin Tolisso,Lyon,M,Strasbourg vs Lyon,83,7.3,1.0,0.0,1.0,1.0,47,35.0,,3.0,,1.0,2.0,0,0,6.0,8.0
361348,Malick Fofana,Lyon,M,Lens vs Lyon,89,7,,1.0,1.0,1.0,26,18.0,,1.0,,,1.0,0,0,3.0,7.0
361348,Malick Fofana,Lyon,M,Lyon vs Metz,86,8.6,1.0,0.0,1.0,1.0,24,19.0,,1.0,,,3.0,0,0,6.0,7.0
361348,Malick Fofana,Lyon,M,Lyon vs Marseille,53,7.2,,0.0,2.0,2.0,19,17.0,,,1.0,1.0,2.0,0,0,3.0,6.0
361348,Malick Fofana,Lyon,M,Rennes vs Lyon,85,6.2,,0.0,,,25,20.0,,,1.0,2.0,3.0,0,0,3.0,13.0
361348,Malick Fofana,Lyon,M,Lyon vs Angers,89,7.6,,0.0,1.0,1.0,31,27.0,,1.0,,1.0,3.0,0,0,5.0,8.0
361348,Malick Fofana,Lyon,M,Lille vs Lyon,89,6.7,,0.0,1.0,1.0,22,18.0,,2.0,1.0,5.0,4.0,1,0,7.0,13.0
361348,Malick Fofana,Lyon,M,Lyon vs Toulouse,90,7.5,1.0,0.0,4.0,2.0,19,17.0,,1.0,,2.0,1.0,0,0,2.0,6.0
361348,Malick Fofana,Lyon,M,Nice vs Lyon,77,6.3,,0.0,1.0,1.0,22,15.0,,2.0,,,2.0,0,0,5.0,5.0
361348,Malick Fofana,Lyon,M,Lyon vs Strasbourg,68,6.9,,0.0,,,17,13.0,,3.0,,,2.0,0,0,5.0,6.0
180496,Georges Mikautadze,Lyon,F,Lens vs Lyon,89,7.6,1.0,0.0,4.0,1.0,15,12.0,,,,,1.0,0,0,3.0,8.0
180496,Georges Mikautadze,Lyon,F,Lyon vs Metz,90,6.3,,0.0,4.0,3.0,17,15.0,,,1.0,,,0,0,3.0,6.0
519664,Khalis Merah,Lyon,M,Lens vs Lyon,24,6.3,,0.0,,,12,11.0,,1.0,,2.0,1.0,0,0,2.0,6.0
519664,Khalis Merah,Lyon,M,Lyon vs Metz,15,6.6,,0.0,,,13,12.0,,,,1.0,2.0,0,0,3.0,4.0
519664,Khalis Merah,Lyon,M,Lyon vs Marseille,71,6.6,,0.0,,,23,19.0,,,1.0,,2.0,0,0,2.0,4.0
519664,Khalis Merah,Lyon,M,Rennes vs Lyon,75,6.7,,0.0,2.0,2.0,28,25.0,,,,,2.0,0,0,2.0,3.0
519664,Khalis Merah,Lyon,M,Lyon vs Angers,64,6.2,,0.0,,,32,29.0,,,,3.0,,1,0,,6.0
519664,Khalis Merah,Lyon,M,Lille vs Lyon,75,6,,0.0,,,26,24.0,,1.0,,2.0,,0,0,2.0,7.0
519664,Khalis Merah,Lyon,M,Lyon vs Paris Saint Germain,78,6.5,,0.0,,,14,11.0,,1.0,,,,0,0,3.0,4.0
519664,Khalis Merah,Lyon,M,Auxerre vs Lyon,45,6.2,,0.0,,,20,18.0,,1.0,,1.0,1.0,1,0,2.0,4.0
519664,Khalis Merah,Lyon,M,Lyon vs Nantes,10,6.9,,0.0,,,4,3.0,,1.0,,,1.0,0,0,2.0,2.0
519664,Khalis Merah,Lyon,M,Lyon vs Le Havre,73,6.9,,0.0,,,33,26.0,,,,,1.0,0,0,2.0,3.0
519664,Khalis Merah,Lyon,M,Monaco vs Lyon,66,6.9,,0.0,,,33,25.0,,,,,2.0,0,0,3.0,5.0
519664,Khalis Merah,Lyon,M,Lyon vs Stade Brestois 29,16,6.6,,0.0,,,22,18.0,,,,1.0,,0,0,3.0,4.0
519664,Khalis Merah,Lyon,M,Metz vs Lyon,74,7.2,,1.0,1.0,1.0,24,20.0,,2.0,1.0,,,0,0,2.0,4.0
519664,Khalis Merah,Lyon,M,Lyon vs Nice,24,6.3,,0.0,,,30,28.0,,,1.0,,,0,0,,2.0
963,Lukáš Hrádecký,Monaco,G,Monaco vs Le Havre,90,6.7,,0.0,,,30,25.0,,,,,,0,0,,
963,Lukáš Hrádecký,Monaco,G,Lille vs Monaco,90,6.5,,0.0,,,39,24.0,,,,,,0,0,,
963,Lukáš Hrádecký,Monaco,G,Monaco vs Strasbourg,79,7.2,,0.0,,,29,22.0,,1.0,,,,0,0,3.0,3.0
963,Lukáš Hrádecký,Monaco,G,Rennes vs Monaco,90,6.7,,0.0,,,14,13.0,,,,,,0,0,,
963,Lukáš Hrádecký,Monaco,G,Monaco vs Paris Saint Germain,90,7.9,,0.0,,,30,18.0,,,,,,0,0,,
963,Lukáš Hrádecký,Monaco,G,Stade Brestois 29 vs Monaco,90,6.6,,0.0,,,24,22.0,,,,,,0,0,1.0,1.0
963,Lukáš Hrádecký,Monaco,G,Marseille vs Monaco,90,7.3,,0.0,,,15,8.0,,,,,,0,0,,
963,Lukáš Hrádecký,Monaco,G,Monaco vs Lyon,12,6.7,,0.0,,,1,1.0,,,,,,0,0,1.0,1.0
231,Jordan Teze,Monaco,D,Monaco vs Le Havre,63,7.3,,0.0,1.0,,61,55.0,,1.0,1.0,,1.0,0,0,2.0,5.0
231,Jordan Teze,Monaco,D,Lille vs Monaco,74,6.9,,0.0,,,27,16.0,,2.0,1.0,1.0,,0,0,5.0,9.0
231,Jordan Teze,Monaco,D,Monaco vs Strasbourg,90,7.7,,0.0,,,39,30.0,,11.0,,,2.0,0,0,14.0,20.0
231,Jordan Teze,Monaco,D,Monaco vs Metz,90,6.7,,0.0,,,35,33.0,,4.0,2.0,1.0,1.0,1,0,6.0,9.0
231,Jordan Teze,Monaco,D,Lorient vs Monaco,90,6.2,,0.0,,,43,38.0,,1.0,1.0,2.0,1.0,0,0,2.0,10.0
231,Jordan Teze,Monaco,D,Monaco vs Nice,90,7.5,,0.0,1.0,1.0,62,48.0,,1.0,,2.0,,0,0,1.0,6.0
231,Jordan Teze,Monaco,D,Angers vs Monaco,84,6.7,,0.0,1.0,,39,34.0,,,,2.0,1.0,1,0,1.0,4.0
231,Jordan Teze,Monaco,D,Monaco vs Toulouse,45,7.3,,0.0,,,17,13.0,,1.0,,,2.0,0,0,4.0,6.0
231,Jordan Teze,Monaco,D,Nantes vs Monaco,90,6.9,,0.0,,,41,36.0,,4.0,2.0,3.0,,1,0,5.0,11.0
231,Jordan Teze,Monaco,D,Monaco vs Paris FC,90,7.2,,0.0,,,67,57.0,,2.0,2.0,,3.0,0,0,6.0,9.0
231,Jordan Teze,Monaco,D,Monaco vs Lens,61,6.5,,0.0,,,31,28.0,,1.0,,1.0,1.0,0,0,2.0,5.0
231,Jordan Teze,Monaco,D,Rennes vs Monaco,90,6.5,,0.0,,,63,56.0,,1.0,3.0,,1.0,0,0,3.0,5.0
231,Jordan Teze,Monaco,D,Monaco vs Paris Saint Germain,90,7.3,,0.0,1.0,1.0,39,33.0,,1.0,2.0,2.0,2.0,1,0,4.0,7.0
231,Jordan Teze,Monaco,D,Stade Brestois 29 vs Monaco,90,6.9,,0.0,1.0,,78,72.0,,,,2.0,,1,0,3.0,5.0
231,Jordan Teze,Monaco,D,Marseille vs Monaco,17,6.3,,0.0,,,17,15.0,,1.0,,,,0,0,1.0,2.0
231,Jordan Teze,Monaco,D,Monaco vs Lyon,90,6,,0.0,,,37,31.0,,,2.0,3.0,2.0,0,0,3.0,8.0
231,Jordan Teze,Monaco,D,Monaco vs Lorient,70,6.3,,0.0,,,45,36.0,,1.0,1.0,3.0,1.0,0,0,3.0,8.0
231,Jordan Teze,Monaco,D,Le Havre vs Monaco,19,6.9,,0.0,,,12,11.0,,,1.0,,1.0,0,0,1.0,1.0
231,Jordan Teze,Monaco,D,Monaco vs Rennes,90,7,,0.0,,,42,36.0,,3.0,,2.0,1.0,1,0,4.0,8.0
231,Jordan Teze,Monaco,D,Nice vs Monaco,90,7.5,,0.0,1.0,,59,45.0,,4.0,,1.0,,0,0,6.0,8.0
231,Jordan Teze,Monaco,D,Monaco vs Nantes,14,6.6,,0.0,,,8,6.0,,,,1.0,,1,0,,2.0
231,Jordan Teze,Monaco,D,Lens vs Monaco,90,6.9,,0.0,,,45,35.0,,4.0,,,1.0,0,0,6.0,9.0
175,Eric Dier,Monaco,D,Monaco vs Le Havre,90,8.7,1.0,0.0,1.0,1.0,109,108.0,,,1.0,,,0,0,2.0,4.0
175,Eric Dier,Monaco,D,Lille vs Monaco,90,6.5,,0.0,,,53,47.0,,,,3.0,1.0,0,0,2.0,9.0
175,Eric Dier,Monaco,D,Monaco vs Strasbourg,90,6.7,,0.0,,,46,40.0,,,2.0,2.0,1.0,0,0,1.0,4.0
175,Eric Dier,Monaco,D,Monaco vs Metz,90,6.6,,0.0,,,64,62.0,,,2.0,,,0,0,2.0,6.0
175,Eric Dier,Monaco,D,Lorient vs Monaco,90,8.5,,0.0,,,123,113.0,,2.0,2.0,1.0,1.0,0,0,5.0,7.0
175,Eric Dier,Monaco,D,Monaco vs Nice,90,7,,0.0,1.0,1.0,90,80.0,,3.0,1.0,,,0,0,6.0,6.0
175,Eric Dier,Monaco,D,Monaco vs Lorient,90,6.3,,0.0,,,80,79.0,,,,2.0,1.0,0,0,2.0,7.0
175,Eric Dier,Monaco,D,Le Havre vs Monaco,42,6.6,,0.0,,,18,17.0,,2.0,2.0,1.0,,0,0,3.0,7.0
371916,Christian Mawissa,Monaco,D,Monaco vs Le Havre,90,7.2,,0.0,,,111,105.0,,,2.0,,3.0,0,0,7.0,10.0
371916,Christian Mawissa,Monaco,D,Lille vs Monaco,90,6.2,,0.0,,,57,53.0,,3.0,1.0,1.0,,1,0,4.0,7.0
371916,Christian Mawissa,Monaco,D,Monaco vs Strasbourg,90,7,,0.0,,,58,56.0,,1.0,1.0,,2.0,0,0,8.0,11.0
371916,Christian Mawissa,Monaco,D,Lorient vs Monaco,90,6.9,,0.0,,,106,101.0,,,2.0,1.0,,0,0,,5.0
371916,Christian Mawissa,Monaco,D,Monaco vs Toulouse,90,7,,0.0,,,58,50.0,,2.0,3.0,1.0,2.0,0,0,10.0,15.0
371916,Christian Mawissa,Monaco,D,Nantes vs Monaco,69,6.5,,0.0,,,35,32.0,,4.0,2.0,1.0,,0,0,4.0,6.0
371916,Christian Mawissa,Monaco,D,Monaco vs Lyon,36,6.9,,0.0,,,9,4.0,,,1.0,,,0,0,2.0,2.0
10316,Caio Henrique,Monaco,D,Monaco vs Le Havre,90,6.7,,0.0,,,50,41.0,,1.0,,,2.0,0,0,5.0,8.0
10316,Caio Henrique,Monaco,D,Lille vs Monaco,85,6.9,,0.0,,,37,24.0,,1.0,,,1.0,0,0,2.0,5.0
10316,Caio Henrique,Monaco,D,Monaco vs Strasbourg,90,5.9,,0.0,,,30,25.0,,2.0,1.0,3.0,,0,0,2.0,7.0
10316,Caio Henrique,Monaco,D,Auxerre vs Monaco,27,6.6,,0.0,,,9,7.0,,,,1.0,1.0,1,0,1.0,3.0
10316,Caio Henrique,Monaco,D,Monaco vs Metz,11,6.9,,0.0,,,7,5.0,,1.0,,,,0,0,1.0,1.0
10316,Caio Henrique,Monaco,D,Lorient vs Monaco,90,6.3,,0.0,,,40,34.0,,1.0,,1.0,1.0,0,0,2.0,5.0
10316,Caio Henrique,Monaco,D,Monaco vs Nice,20,6.9,,0.0,,,14,12.0,,,,,,0,0,,1.0
10316,Caio Henrique,Monaco,D,Angers vs Monaco,90,6.3,,0.0,,,63,52.0,,,1.0,,,0,0,,2.0
10316,Caio Henrique,Monaco,D,Monaco vs Paris FC,90,7,,0.0,,,73,60.0,,1.0,1.0,,2.0,0,0,4.0,4.0
10316,Caio Henrique,Monaco,D,Monaco vs Lens,90,6.6,,0.0,,,72,63.0,,2.0,1.0,1.0,,0,0,2.0,4.0
10316,Caio Henrique,Monaco,D,Monaco vs Paris Saint Germain,90,7.2,,0.0,,,43,35.0,,1.0,2.0,,1.0,0,0,3.0,3.0
10316,Caio Henrique,Monaco,D,Stade Brestois 29 vs Monaco,90,6.2,,0.0,,,42,30.0,,2.0,2.0,1.0,1.0,1,0,6.0,10.0
10316,Caio Henrique,Monaco,D,Marseille vs Monaco,90,6.3,,0.0,,,28,19.0,,1.0,,2.0,2.0,0,0,5.0,10.0
10316,Caio Henrique,Monaco,D,Monaco vs Lyon,90,5.9,,0.0,,,48,38.0,,1.0,1.0,,1.0,0,0,3.0,9.0
10316,Caio Henrique,Monaco,D,Monaco vs Lorient,90,6.6,,0.0,,,43,35.0,,4.0,,1.0,2.0,0,0,7.0,9.0
10316,Caio Henrique,Monaco,D,Le Havre vs Monaco,90,7.3,,0.0,,,52,41.0,,1.0,,2.0,1.0,0,0,2.0,6.0
10316,Caio Henrique,Monaco,D,Nice vs Monaco,25,6.6,,0.0,,,5,4.0,,,,,,0,0,,
10316,Caio Henrique,Monaco,D,Monaco vs Nantes,90,7,,0.0,,,46,41.0,,1.0,1.0,1.0,,0,0,1.0,6.0
10316,Caio Henrique,Monaco,D,Lens vs Monaco,90,7.6,,1.0,,,36,28.0,,1.0,1.0,,2.0,0,0,3.0,4.0
374058,Lamine Camara,Monaco,M,Monaco vs Le Havre,63,7.2,,1.0,1.0,,82,76.0,,,3.0,,2.0,0,0,3.0,7.0
374058,Lamine Camara,Monaco,M,Lille vs Monaco,90,6.7,,0.0,,,44,36.0,,1.0,1.0,2.0,2.0,1,0,5.0,11.0
374058,Lamine Camara,Monaco,M,Monaco vs Strasbourg,78,7.2,,1.0,,,37,30.0,,1.0,,2.0,5.0,0,0,10.0,15.0
374058,Lamine Camara,Monaco,M,Auxerre vs Monaco,12,7.2,,0.0,,,11,8.0,,1.0,,,1.0,0,0,3.0,3.0
374058,Lamine Camara,Monaco,M,Monaco vs Metz,90,7.2,,1.0,2.0,,50,43.0,,3.0,3.0,,,0,0,4.0,9.0
374058,Lamine Camara,Monaco,M,Rennes vs Monaco,20,6.5,,0.0,,,18,18.0,,,2.0,,,0,0,,2.0
374058,Lamine Camara,Monaco,M,Monaco vs Paris Saint Germain,90,7.2,,0.0,,,52,39.0,,2.0,4.0,1.0,4.0,1,0,8.0,11.0
374058,Lamine Camara,Monaco,M,Stade Brestois 29 vs Monaco,77,7.2,,0.0,1.0,,63,57.0,,,1.0,,6.0,0,0,8.0,10.0
374058,Lamine Camara,Monaco,M,Marseille vs Monaco,86,6.9,,0.0,1.0,,44,36.0,,3.0,3.0,2.0,2.0,0,0,6.0,8.0
374058,Lamine Camara,Monaco,M,Le Havre vs Monaco,90,6.9,,0.0,1.0,,51,39.0,,3.0,1.0,4.0,,0,0,5.0,12.0
374058,Lamine Camara,Monaco,M,Monaco vs Rennes,90,7.2,,0.0,,,44,30.0,,4.0,3.0,1.0,4.0,0,0,9.0,14.0
374058,Lamine Camara,Monaco,M,Nice vs Monaco,90,7.6,,0.0,,,44,39.0,,2.0,3.0,,1.0,0,0,6.0,7.0
374058,Lamine Camara,Monaco,M,Monaco vs Nantes,62,6.9,,0.0,,,40,35.0,,4.0,,3.0,1.0,1,0,5.0,12.0
374058,Lamine Camara,Monaco,M,Lens vs Monaco,90,7.2,,0.0,1.0,,56,44.0,,4.0,1.0,,2.0,0,0,6.0,11.0
2810,Denis Zakaria,Monaco,M,Monaco vs Le Havre,90,8.3,,1.0,,,73,66.0,,1.0,,,1.0,0,0,5.0,8.0
2810,Denis Zakaria,Monaco,M,Lille vs Monaco,90,6.2,,0.0,,,34,32.0,,1.0,3.0,2.0,,0,0,1.0,6.0
2810,Denis Zakaria,Monaco,M,Monaco vs Strasbourg,90,7,,0.0,,,30,29.0,,2.0,2.0,,,0,0,3.0,4.0
2810,Denis Zakaria,Monaco,M,Auxerre vs Monaco,90,6.5,,0.0,,,46,42.0,,,,2.0,,1,0,,3.0
2810,Denis Zakaria,Monaco,M,Monaco vs Lens,11,6.9,,0.0,,,17,17.0,,,,,1.0,1,0,1.0,1.0
2810,Denis Zakaria,Monaco,M,Rennes vs Monaco,66,6,,0.0,,,31,28.0,,2.0,2.0,4.0,,0,1,4.0,9.0
2810,Denis Zakaria,Monaco,M,Marseille vs Monaco,90,6.6,,0.0,,,26,26.0,,1.0,1.0,,,0,0,1.0,3.0
2810,Denis Zakaria,Monaco,M,Monaco vs Lorient,90,6.9,,0.0,,,76,75.0,,3.0,1.0,2.0,,1,0,4.0,8.0
2810,Denis Zakaria,Monaco,M,Le Havre vs Monaco,90,6.6,,0.0,1.0,,36,30.0,,1.0,5.0,,,0,0,3.0,7.0
2810,Denis Zakaria,Monaco,M,Monaco vs Rennes,81,7,,0.0,2.0,,47,46.0,,1.0,1.0,1.0,,0,0,1.0,2.0
2810,Denis Zakaria,Monaco,M,Nice vs Monaco,90,7.7,,0.0,2.0,,35,34.0,,3.0,2.0,1.0,1.0,0,0,7.0,9.0
2810,Denis Zakaria,Monaco,M,Monaco vs Nantes,76,7.3,1.0,0.0,1.0,1.0,31,26.0,,1.0,,,,0,0,1.0,5.0
2810,Denis Zakaria,Monaco,M,Lens vs Monaco,90,7.3,1.0,0.0,1.0,1.0,46,41.0,,1.0,1.0,1.0,,0,0,3.0,4.0
274300,Maghnes Akliouche,Monaco,M,Monaco vs Le Havre,90,7.2,1.0,0.0,2.0,1.0,67,56.0,,1.0,1.0,,,0,0,1.0,5.0
274300,Maghnes Akliouche,Monaco,M,Lille vs Monaco,90,7.3,,0.0,2.0,1.0,40,31.0,,2.0,1.0,1.0,,0,0,4.0,9.0
274300,Maghnes Akliouche,Monaco,M,Monaco vs Strasbourg,90,8.2,1.0,1.0,2.0,1.0,38,32.0,,2.0,1.0,2.0,,1,0,2.0,13.0
274300,Maghnes Akliouche,Monaco,M,Auxerre vs Monaco,90,6.3,,0.0,,,43,32.0,,,1.0,,1.0,0,0,1.0,6.0
274300,Maghnes Akliouche,Monaco,M,Monaco vs Metz,90,6.6,,0.0,,,35,28.0,,5.0,,2.0,1.0,0,0,6.0,14.0
274300,Maghnes Akliouche,Monaco,M,Monaco vs Nice,90,6.6,,0.0,1.0,,45,38.0,,,,,2.0,0,0,2.0,9.0
274300,Maghnes Akliouche,Monaco,M,Angers vs Monaco,84,7.2,,0.0,1.0,1.0,35,29.0,,2.0,2.0,1.0,2.0,0,0,4.0,7.0
274300,Maghnes Akliouche,Monaco,M,Monaco vs Toulouse,30,6.7,,0.0,,,9,7.0,,1.0,,2.0,,0,0,1.0,6.0
274300,Maghnes Akliouche,Monaco,M,Nantes vs Monaco,81,8.2,1.0,1.0,2.0,2.0,37,33.0,,,,2.0,4.0,0,0,4.0,8.0
274300,Maghnes Akliouche,Monaco,M,Monaco vs Paris FC,61,6.9,,0.0,1.0,1.0,30,28.0,,1.0,1.0,,,0,0,1.0,4.0
274300,Maghnes Akliouche,Monaco,M,Monaco vs Lens,73,6.2,,0.0,1.0,1.0,32,29.0,,1.0,,,1.0,0,0,4.0,8.0
274300,Maghnes Akliouche,Monaco,M,Rennes vs Monaco,70,6.7,,0.0,1.0,,28,23.0,,1.0,1.0,2.0,,1,0,2.0,7.0
274300,Maghnes Akliouche,Monaco,M,Monaco vs Paris Saint Germain,90,7.2,,0.0,,,38,33.0,,1.0,2.0,2.0,3.0,0,0,7.0,11.0
274300,Maghnes Akliouche,Monaco,M,Stade Brestois 29 vs Monaco,90,6.5,,0.0,,,27,21.0,,2.0,,,2.0,0,0,6.0,12.0
274300,Maghnes Akliouche,Monaco,M,Marseille vs Monaco,90,7.2,,0.0,,,45,42.0,,1.0,2.0,,1.0,0,0,4.0,5.0
274300,Maghnes Akliouche,Monaco,M,Monaco vs Lyon,90,6.5,,0.0,1.0,,28,21.0,,2.0,,1.0,1.0,0,0,3.0,6.0
274300,Maghnes Akliouche,Monaco,M,Monaco vs Lorient,90,6.9,,0.0,4.0,2.0,55,50.0,,1.0,,,2.0,0,0,5.0,10.0
274300,Maghnes Akliouche,Monaco,M,Le Havre vs Monaco,90,6.6,,0.0,2.0,,45,41.0,,2.0,,,2.0,0,0,5.0,8.0
274300,Maghnes Akliouche,Monaco,M,Monaco vs Rennes,45,7.3,1.0,0.0,1.0,1.0,19,14.0,,,1.0,,,0,0,,3.0
274300,Maghnes Akliouche,Monaco,M,Nice vs Monaco,90,7.3,,0.0,,,36,29.0,,5.0,,,2.0,0,0,9.0,15.0
274300,Maghnes Akliouche,Monaco,M,Monaco vs Nantes,43,6.6,,0.0,,,27,26.0,,1.0,,1.0,1.0,0,0,2.0,5.0
1101,Takumi Minamino,Monaco,M,Monaco vs Le Havre,81,6.2,,0.0,1.0,1.0,20,14.0,,,,,,0,0,1.0,5.0
1101,Takumi Minamino,Monaco,M,Lille vs Monaco,74,6.3,,0.0,,,10,6.0,,,,1.0,,0,0,1.0,6.0
1101,Takumi Minamino,Monaco,M,Monaco vs Strasbourg,17,7.2,1.0,0.0,1.0,1.0,2,1.0,,,,,,0,0,,1.0
1101,Takumi Minamino,Monaco,M,Auxerre vs Monaco,89,7.3,1.0,0.0,1.0,1.0,38,30.0,,,1.0,,,1,0,1.0,3.0
1101,Takumi Minamino,Monaco,M,Monaco vs Metz,79,6.2,,1.0,1.0,,26,19.0,,,,3.0,,0,0,,6.0
1101,Takumi Minamino,Monaco,M,Lorient vs Monaco,65,6.5,,0.0,2.0,,27,25.0,,1.0,,,,0,0,1.0,6.0
1101,Takumi Minamino,Monaco,M,Monaco vs Nice,70,5.9,,0.0,,,32,23.0,,,,1.0,1.0,0,0,1.0,3.0
1101,Takumi Minamino,Monaco,M,Angers vs Monaco,20,6.6,,1.0,,,4,2.0,,,,,,0,0,,
1101,Takumi Minamino,Monaco,M,Monaco vs Toulouse,90,6.9,,0.0,,,20,14.0,,,,,2.0,0,0,5.0,8.0
1101,Takumi Minamino,Monaco,M,Nantes vs Monaco,69,6.9,,0.0,1.0,,31,25.0,,1.0,,2.0,2.0,1,0,4.0,8.0
1101,Takumi Minamino,Monaco,M,Monaco vs Paris FC,29,6.5,,0.0,1.0,,12,8.0,,,,1.0,,1,0,1.0,2.0
1101,Takumi Minamino,Monaco,M,Rennes vs Monaco,29,6.2,,0.0,,,11,9.0,,,,,,0,0,,3.0
1101,Takumi Minamino,Monaco,M,Monaco vs Paris Saint Germain,86,8.2,1.0,0.0,2.0,2.0,29,20.0,,1.0,,,1.0,0,0,2.0,2.0
1101,Takumi Minamino,Monaco,M,Stade Brestois 29 vs Monaco,77,6,,0.0,2.0,,17,9.0,,,2.0,1.0,1.0,1,0,2.0,5.0
1101,Takumi Minamino,Monaco,M,Marseille vs Monaco,86,6.3,,0.0,3.0,2.0,29,21.0,,,1.0,1.0,1.0,0,0,2.0,9.0
109,Aleksandr Golovin,Monaco,M,Monaco vs Le Havre,89,6.2,,0.0,,,57,49.0,,1.0,,2.0,,0,0,3.0,8.0
109,Aleksandr Golovin,Monaco,M,Lille vs Monaco,74,7.2,,0.0,,,36,31.0,,3.0,1.0,1.0,2.0,0,0,7.0,11.0
109,Aleksandr Golovin,Monaco,M,Monaco vs Strasbourg,85,5.7,,0.0,1.0,,22,15.0,,,1.0,2.0,,0,0,1.0,7.0
109,Aleksandr Golovin,Monaco,M,Monaco vs Toulouse,76,6.2,,0.0,,,27,18.0,,1.0,2.0,2.0,1.0,1,0,2.0,8.0
109,Aleksandr Golovin,Monaco,M,Nantes vs Monaco,21,8.5,2.0,0.0,3.0,3.0,9,7.0,,4.0,,1.0,1.0,0,0,6.0,9.0
109,Aleksandr Golovin,Monaco,M,Monaco vs Paris FC,61,6.2,,0.0,2.0,,26,22.0,,1.0,2.0,1.0,1.0,0,0,2.0,4.0
109,Aleksandr Golovin,Monaco,M,Monaco vs Lens,45,6.9,,0.0,,,15,14.0,,3.0,1.0,1.0,1.0,0,0,7.0,13.0
109,Aleksandr Golovin,Monaco,M,Monaco vs Paris Saint Germain,72,6.9,,1.0,1.0,1.0,31,25.0,,,2.0,,,0,0,,2.0
109,Aleksandr Golovin,Monaco,M,Stade Brestois 29 vs Monaco,69,6.2,,0.0,1.0,1.0,20,13.0,,,2.0,1.0,2.0,0,0,2.0,5.0
109,Aleksandr Golovin,Monaco,M,Marseille vs Monaco,73,7.2,,0.0,3.0,2.0,22,19.0,,2.0,1.0,1.0,,0,0,4.0,7.0
109,Aleksandr Golovin,Monaco,M,Monaco vs Lyon,77,6.9,,0.0,1.0,1.0,28,25.0,,1.0,2.0,,1.0,0,0,3.0,5.0
109,Aleksandr Golovin,Monaco,M,Monaco vs Lorient,90,7,,0.0,1.0,1.0,52,47.0,,2.0,1.0,3.0,,0,0,4.0,11.0
109,Aleksandr Golovin,Monaco,M,Le Havre vs Monaco,90,6.7,,0.0,1.0,,34,27.0,,,,3.0,,0,0,,6.0
109,Aleksandr Golovin,Monaco,M,Monaco vs Rennes,81,6.9,,1.0,,,32,24.0,,,1.0,1.0,1.0,0,0,1.0,5.0
109,Aleksandr Golovin,Monaco,M,Nice vs Monaco,65,6.3,,0.0,1.0,1.0,30,22.0,,1.0,1.0,1.0,,0,0,2.0,3.0
109,Aleksandr Golovin,Monaco,M,Monaco vs Nantes,65,6.2,,2.0,,,38,29.0,,,1.0,1.0,,2,1,1.0,5.0
283026,Mika Biereth,Monaco,F,Monaco vs Le Havre,80,6.7,,0.0,1.0,,21,11.0,,1.0,,,1.0,0,0,6.0,11.0
283026,Mika Biereth,Monaco,F,Lille vs Monaco,16,6,,0.0,1.0,,3,2.0,,,,1.0,,0,0,1.0,8.0
283026,Mika Biereth,Monaco,F,Monaco vs Strasbourg,79,6.6,,0.0,,,14,11.0,,1.0,,,1.0,0,0,2.0,8.0
283026,Mika Biereth,Monaco,F,Auxerre vs Monaco,78,5.9,,0.0,1.0,1.0,17,12.0,,1.0,,1.0,1.0,0,0,2.0,9.0
283026,Mika Biereth,Monaco,F,Monaco vs Metz,68,7.3,1.0,0.0,2.0,2.0,9,3.0,,2.0,,2.0,2.0,0,0,5.0,11.0
283026,Mika Biereth,Monaco,F,Lorient vs Monaco,45,6,,0.0,,,3,1.0,,,,,1.0,0,0,1.0,4.0
283026,Mika Biereth,Monaco,F,Monaco vs Nice,69,6.2,,0.0,,,3,3.0,,,,,1.0,0,0,1.0,5.0
283026,Mika Biereth,Monaco,F,Angers vs Monaco,62,6.9,,0.0,,,14,9.0,,,,2.0,,0,0,1.0,5.0
283026,Mika Biereth,Monaco,F,Nantes vs Monaco,17,6.3,,0.0,,,6,3.0,,,,,,0,0,1.0,3.0
283026,Mika Biereth,Monaco,F,Monaco vs Paris FC,45,6.2,,0.0,,,8,4.0,,,,1.0,,0,0,1.0,4.0
283026,Mika Biereth,Monaco,F,Monaco vs Lens,61,6.7,,0.0,,,12,8.0,,,,,1.0,0,0,1.0,3.0
283026,Mika Biereth,Monaco,F,Rennes vs Monaco,29,7.3,1.0,0.0,1.0,1.0,4,4.0,,1.0,,,,0,0,1.0,3.0
283026,Mika Biereth,Monaco,F,Monaco vs Paris Saint Germain,12,6.2,,0.0,,,4,1.0,,,,,,0,0,,2.0
283026,Mika Biereth,Monaco,F,Stade Brestois 29 vs Monaco,90,6.3,,0.0,3.0,1.0,13,8.0,,,,3.0,1.0,0,0,2.0,11.0
283026,Mika Biereth,Monaco,F,Marseille vs Monaco,8,6.9,,0.0,1.0,1.0,1,1.0,,,,,,0,0,1.0,1.0
283026,Mika Biereth,Monaco,F,Monaco vs Lyon,77,6.5,,0.0,,,6,4.0,,1.0,,1.0,1.0,0,0,2.0,5.0
283026,Mika Biereth,Monaco,F,Monaco vs Lorient,62,6.2,,0.0,1.0,,10,4.0,,2.0,,3.0,2.0,0,0,5.0,14.0
283026,Mika Biereth,Monaco,F,Monaco vs Rennes,34,6.9,,2.0,1.0,1.0,12,8.0,,,,,,0,0,1.0,4.0
283026,Mika Biereth,Monaco,F,Nice vs Monaco,15,6.3,,0.0,,,2,1.0,,,,,1.0,0,0,1.0,3.0
283026,Mika Biereth,Monaco,F,Monaco vs Nantes,14,6.7,,0.0,,,7,3.0,,2.0,,,,0,0,2.0,4.0
283026,Mika Biereth,Monaco,F,Lens vs Monaco,11,6.3,,0.0,,,3,1.0,,,,1.0,,0,0,2.0,5.0
291649,Vanderson,Monaco,D,Monaco vs Le Havre,27,6.9,,0.0,,,14,12.0,,3.0,,1.0,,0,0,5.0,6.0
291649,Vanderson,Monaco,D,Lille vs Monaco,16,6.5,,0.0,1.0,,12,9.0,,,2.0,,,0,0,1.0,3.0
291649,Vanderson,Monaco,D,Auxerre vs Monaco,90,7.3,,1.0,,,60,49.0,,2.0,3.0,2.0,,0,0,5.0,12.0
291649,Vanderson,Monaco,D,Lorient vs Monaco,45,6.6,,0.0,,,29,27.0,,,,1.0,1.0,1,0,2.0,4.0
291649,Vanderson,Monaco,D,Rennes vs Monaco,20,6.3,,1.0,,,8,8.0,,,1.0,1.0,,0,0,,3.0
291649,Vanderson,Monaco,D,Monaco vs Paris Saint Germain,65,6.7,,0.0,1.0,,23,16.0,,4.0,2.0,1.0,,0,0,5.0,10.0
291649,Vanderson,Monaco,D,Stade Brestois 29 vs Monaco,83,6.9,,0.0,,,50,40.0,,1.0,2.0,2.0,1.0,1,0,2.0,6.0
291649,Vanderson,Monaco,D,Marseille vs Monaco,90,6.9,,0.0,1.0,,39,27.0,,3.0,5.0,3.0,,1,0,6.0,10.0
291649,Vanderson,Monaco,D,Monaco vs Lorient,20,6.3,,0.0,,,18,17.0,,,,,,0,0,2.0,2.0
291649,Vanderson,Monaco,D,Le Havre vs Monaco,33,7.3,,0.0,,,24,21.0,,3.0,,,,0,0,5.0,8.0
291649,Vanderson,Monaco,D,Monaco vs Rennes,19,7.3,,0.0,,,18,15.0,,3.0,2.0,,,0,0,3.0,4.0
291649,Vanderson,Monaco,D,Nice vs Monaco,14,6.3,,0.0,,,13,7.0,,,1.0,1.0,,1,0,,1.0
291649,Vanderson,Monaco,D,Monaco vs Nantes,76,7,,0.0,,,51,38.0,,5.0,4.0,3.0,,0,0,7.0,9.0
343320,Eliesse Ben Seghir,Monaco,M,Monaco vs Le Havre,27,6.2,,0.0,1.0,,11,8.0,,2.0,,1.0,1.0,0,0,3.0,4.0
343320,Eliesse Ben Seghir,Monaco,M,Lille vs Monaco,16,6.3,,0.0,,,14,11.0,,,,,,0,0,1.0,3.0
386276,Paris Brunner,Monaco,F,Monaco vs Le Havre,10,6.5,,0.0,,,2,1.0,,,,,,0,0,,
386276,Paris Brunner,Monaco,F,Auxerre vs Monaco,27,6.2,,0.0,,,4,1.0,,,,4.0,1.0,1,0,3.0,10.0
386276,Paris Brunner,Monaco,F,Monaco vs Metz,45,6.3,,0.0,,,10,7.0,,1.0,1.0,2.0,,0,0,2.0,6.0
386276,Paris Brunner,Monaco,F,Stade Brestois 29 vs Monaco,13,6.2,,0.0,1.0,,2,2.0,,,,1.0,,0,0,,1.0
395040,George Ilenikhena,Monaco,F,Monaco vs Le Havre,9,6.7,,0.0,,,3,2.0,,,,,,0,0,,
395040,George Ilenikhena,Monaco,F,Monaco vs Strasbourg,11,6.9,,0.0,,,4,4.0,,,,,,0,0,2.0,4.0
395040,George Ilenikhena,Monaco,F,Auxerre vs Monaco,12,7.3,1.0,0.0,1.0,1.0,2,2.0,,,,1.0,,0,0,2.0,5.0
395040,George Ilenikhena,Monaco,F,Monaco vs Metz,22,7.7,1.0,0.0,2.0,1.0,5,4.0,,,,,1.0,0,0,2.0,4.0
395040,George Ilenikhena,Monaco,F,Lorient vs Monaco,65,6.2,,0.0,,,6,6.0,,,,,,0,0,2.0,4.0
395040,George Ilenikhena,Monaco,F,Monaco vs Nice,21,5.9,,0.0,3.0,1.0,3,2.0,,,,,1.0,0,0,1.0,4.0
395040,George Ilenikhena,Monaco,F,Angers vs Monaco,12,6.5,,0.0,,,1,,,,,,,0,0,,
395040,George Ilenikhena,Monaco,F,Monaco vs Toulouse,30,6.3,,0.0,1.0,1.0,3,2.0,,,,,2.0,0,0,2.0,4.0
395040,George Ilenikhena,Monaco,F,Monaco vs Paris FC,8,6.3,,0.0,,,0,,,1.0,,,,0,0,1.0,2.0
395040,George Ilenikhena,Monaco,F,Monaco vs Lens,29,6.3,,0.0,3.0,2.0,2,1.0,,,,,,0,0,,3.0
395040,George Ilenikhena,Monaco,F,Rennes vs Monaco,61,6.2,,0.0,,,7,5.0,,,,,,0,0,,4.0
395040,George Ilenikhena,Monaco,F,Marseille vs Monaco,8,6.3,,0.0,1.0,1.0,4,1.0,,,,,,0,0,1.0,1.0
395040,George Ilenikhena,Monaco,F,Monaco vs Lyon,13,6.3,,0.0,,,1,1.0,,,,,1.0,0,0,1.0,4.0
395040,George Ilenikhena,Monaco,F,Monaco vs Lorient,28,6.2,,0.0,,,3,3.0,,,,1.0,,0,0,,4.0
395040,George Ilenikhena,Monaco,F,Le Havre vs Monaco,57,6.3,,0.0,2.0,,9,6.0,,,,,1.0,0,0,2.0,5.0
453792,Aladji Bamba,Monaco,M,Monaco vs Le Havre,10,6.9,,0.0,,,14,14.0,,,,1.0,1.0,0,0,1.0,2.0
453792,Aladji Bamba,Monaco,M,Monaco vs Strasbourg,12,6.3,,0.0,,,5,4.0,,2.0,1.0,1.0,,0,0,3.0,7.0
453792,Aladji Bamba,Monaco,M,Auxerre vs Monaco,78,7.7,,0.0,,,78,74.0,,4.0,1.0,1.0,3.0,1,0,12.0,16.0
453792,Aladji Bamba,Monaco,M,Monaco vs Metz,33,6.6,,0.0,,,19,15.0,,2.0,,1.0,,0,0,2.0,3.0
453792,Aladji Bamba,Monaco,M,Angers vs Monaco,12,6.7,,0.0,,,7,6.0,,,,,,0,0,1.0,1.0
453792,Aladji Bamba,Monaco,M,Monaco vs Rennes,9,6.3,,0.0,,,4,4.0,,,,1.0,,0,0,,1.0
453792,Aladji Bamba,Monaco,M,Nice vs Monaco,75,6.6,,0.0,,,32,24.0,,1.0,1.0,2.0,3.0,0,0,5.0,9.0
453792,Aladji Bamba,Monaco,M,Lens vs Monaco,59,6.7,,0.0,,,38,30.0,,3.0,,3.0,,0,0,5.0,10.0
119853,Mory Diaw,Le Havre,G,Monaco vs Le Havre,90,6.3,,0.0,,,26,17.0,,,,,,0,0,1.0,1.0
119853,Mory Diaw,Le Havre,G,Le Havre vs Lens,90,6.3,,0.0,,,31,22.0,,,,,1.0,0,0,2.0,2.0
119853,Mory Diaw,Le Havre,G,Le Havre vs Nice,90,7,,1.0,,,50,30.0,,,,,,0,0,,
119853,Mory Diaw,Le Havre,G,Strasbourg vs Le Havre,90,7.7,,0.0,,,45,38.0,,,,,,0,0,,
119853,Mory Diaw,Le Havre,G,Le Havre vs Lorient,90,7.2,,0.0,,,23,19.0,,,,,,0,0,1.0,2.0
119853,Mory Diaw,Le Havre,G,Metz vs Le Havre,90,7,,0.0,,,40,32.0,,1.0,,,,0,0,1.0,1.0
119853,Mory Diaw,Le Havre,G,Le Havre vs Rennes,90,6.3,,0.0,,,29,28.0,,,1.0,,,0,0,,
119853,Mory Diaw,Le Havre,G,Marseille vs Le Havre,90,4.9,,0.0,,,25,12.0,,,,,,0,0,,
119853,Mory Diaw,Le Havre,G,Auxerre vs Le Havre,90,8,,0.0,,,39,31.0,,,,,,0,0,,
119853,Mory Diaw,Le Havre,G,Le Havre vs Stade Brestois 29,90,7,,0.0,,,29,18.0,,,1.0,,,0,0,,
119853,Mory Diaw,Le Havre,G,Toulouse vs Le Havre,90,7.2,,0.0,,,46,31.0,,,,,,0,0,,
119853,Mory Diaw,Le Havre,G,Le Havre vs Nantes,90,6.5,,0.0,,,25,22.0,,,,,1.0,0,0,1.0,1.0
119853,Mory Diaw,Le Havre,G,Paris Saint Germain vs Le Havre,90,6.9,,0.0,,,37,22.0,,,,,,0,0,,
119853,Mory Diaw,Le Havre,G,Le Havre vs Lille,90,6.9,,0.0,,,21,17.0,,,,,,0,0,,
119853,Mory Diaw,Le Havre,G,Le Havre vs Paris FC,90,6.9,,0.0,,,30,22.0,,,,,,0,0,,
119853,Mory Diaw,Le Havre,G,Lyon vs Le Havre,90,8.3,,0.0,,,32,24.0,,1.0,,,,0,0,1.0,1.0
119853,Mory Diaw,Le Havre,G,Le Havre vs Strasbourg,90,6.3,,0.0,,,21,18.0,,,,,,0,0,,
119853,Mory Diaw,Le Havre,G,Le Havre vs Toulouse,45,7.3,,0.0,,,26,15.0,,,,,1.0,0,0,2.0,2.0
119853,Mory Diaw,Le Havre,G,Nantes vs Le Havre,90,6.9,,0.0,,,29,28.0,,,,,,0,0,,
174927,Arouna Sangante,Le Havre,D,Monaco vs Le Havre,78,5.7,,0.0,,,21,12.0,,,1.0,3.0,1.0,0,0,2.0,8.0
174927,Arouna Sangante,Le Havre,D,Le Havre vs Lens,84,6.9,,0.0,,,88,81.0,,2.0,1.0,4.0,4.0,1,0,9.0,13.0
174927,Arouna Sangante,Le Havre,D,Le Havre vs Nice,90,7.3,,0.0,,,45,37.0,,2.0,1.0,1.0,3.0,0,0,8.0,12.0
174927,Arouna Sangante,Le Havre,D,Strasbourg vs Le Havre,89,6.9,,0.0,,,60,58.0,,1.0,1.0,,1.0,0,0,4.0,6.0
174927,Arouna Sangante,Le Havre,D,Le Havre vs Lorient,90,7.7,,0.0,,,109,97.0,,1.0,,1.0,1.0,1,0,7.0,10.0
174927,Arouna Sangante,Le Havre,D,Le Havre vs Rennes,90,6.6,,0.0,,,63,58.0,,1.0,3.0,,1.0,0,0,3.0,5.0
174927,Arouna Sangante,Le Havre,D,Marseille vs Le Havre,90,5.3,,0.0,,,30,27.0,,1.0,1.0,1.0,1.0,0,0,2.0,4.0
174927,Arouna Sangante,Le Havre,D,Auxerre vs Le Havre,90,7.2,,0.0,1.0,,61,57.0,,1.0,2.0,1.0,3.0,1,0,5.0,9.0
174927,Arouna Sangante,Le Havre,D,Le Havre vs Stade Brestois 29,83,8.5,1.0,0.0,1.0,1.0,43,40.0,,,1.0,,,0,0,2.0,5.0
174927,Arouna Sangante,Le Havre,D,Toulouse vs Le Havre,90,8,,0.0,1.0,1.0,65,55.0,,3.0,2.0,,4.0,0,0,9.0,13.0
174927,Arouna Sangante,Le Havre,D,Le Havre vs Nantes,90,6.9,,0.0,1.0,1.0,71,61.0,,1.0,1.0,3.0,1.0,0,0,6.0,12.0
174927,Arouna Sangante,Le Havre,D,Paris Saint Germain vs Le Havre,90,6,,0.0,,,37,30.0,,1.0,1.0,,,0,0,1.0,3.0
174927,Arouna Sangante,Le Havre,D,Le Havre vs Lille,90,6.9,,0.0,,,61,51.0,,,2.0,2.0,,0,0,3.0,6.0
174927,Arouna Sangante,Le Havre,D,Le Havre vs Paris FC,84,7.3,,0.0,,,54,50.0,,,,1.0,,0,0,3.0,5.0
174927,Arouna Sangante,Le Havre,D,Lyon vs Le Havre,90,6.9,,0.0,,,37,33.0,,1.0,,4.0,3.0,0,0,7.0,11.0
174927,Arouna Sangante,Le Havre,D,Rennes vs Le Havre,101,7.2,,,,,40,29.0,,2.0,3.0,1.0,2.0,0,0,5.0,9.0
174927,Arouna Sangante,Le Havre,D,Le Havre vs Monaco,90,7.9,,0.0,,,35,25.0,,3.0,2.0,3.0,1.0,0,0,7.0,13.0
174927,Arouna Sangante,Le Havre,D,Lens vs Le Havre,59,6.9,,0.0,1.0,1.0,22,18.0,,2.0,,1.0,1.0,0,0,3.0,6.0
174927,Arouna Sangante,Le Havre,D,Le Havre vs Strasbourg,79,7.9,,1.0,1.0,1.0,65,61.0,,1.0,,,1.0,0,0,4.0,4.0
174927,Arouna Sangante,Le Havre,D,Le Havre vs Toulouse,2,3,,0.0,,,0,,,,,1.0,,0,1,,1.0
33165,Ayumu Seko,Le Havre,D,Monaco vs Le Havre,90,6.5,,0.0,1.0,,19,16.0,,,1.0,,,0,0,1.0,2.0
33165,Ayumu Seko,Le Havre,D,Le Havre vs Lens,90,6.2,,0.0,1.0,,40,31.0,,1.0,1.0,2.0,,0,0,1.0,5.0
33165,Ayumu Seko,Le Havre,D,Le Havre vs Nice,90,6.3,,0.0,,,18,14.0,,1.0,,3.0,1.0,0,0,2.0,6.0
33165,Ayumu Seko,Le Havre,D,Strasbourg vs Le Havre,21,6.2,,0.0,,,8,8.0,,1.0,,,,0,0,1.0,2.0
33165,Ayumu Seko,Le Havre,D,Le Havre vs Lorient,90,6.9,,0.0,1.0,,40,30.0,,3.0,,2.0,3.0,1,0,9.0,12.0
33165,Ayumu Seko,Le Havre,D,Metz vs Le Havre,90,7.2,,0.0,,,42,36.0,,3.0,,3.0,4.0,0,0,7.0,9.0
33165,Ayumu Seko,Le Havre,D,Le Havre vs Rennes,90,6.2,,0.0,,,33,25.0,,,2.0,1.0,,0,0,1.0,3.0
33165,Ayumu Seko,Le Havre,D,Marseille vs Le Havre,84,6.2,,0.0,,,19,13.0,,,1.0,1.0,,0,0,1.0,2.0
33165,Ayumu Seko,Le Havre,D,Auxerre vs Le Havre,90,7.5,,0.0,1.0,,27,21.0,,4.0,2.0,1.0,2.0,0,0,7.0,9.0
33165,Ayumu Seko,Le Havre,D,Le Havre vs Stade Brestois 29,90,7.2,,0.0,1.0,1.0,47,39.0,,,1.0,1.0,,1,0,2.0,6.0
33165,Ayumu Seko,Le Havre,D,Toulouse vs Le Havre,90,7.5,,0.0,,,28,25.0,,4.0,2.0,1.0,,0,0,8.0,11.0
33165,Ayumu Seko,Le Havre,D,Le Havre vs Nantes,90,7.3,,0.0,1.0,,54,45.0,,1.0,2.0,,1.0,0,0,3.0,5.0
33165,Ayumu Seko,Le Havre,D,Paris Saint Germain vs Le Havre,90,6.9,,0.0,1.0,,30,23.0,,2.0,3.0,,2.0,0,0,5.0,5.0
33165,Ayumu Seko,Le Havre,D,Le Havre vs Lille,90,6.9,,0.0,1.0,1.0,26,15.0,,2.0,,1.0,,0,0,6.0,8.0
33165,Ayumu Seko,Le Havre,D,Le Havre vs Paris FC,90,6.7,,0.0,,,41,36.0,,,3.0,1.0,1.0,0,0,2.0,4.0
33165,Ayumu Seko,Le Havre,D,Lyon vs Le Havre,90,6.6,,0.0,1.0,,18,12.0,,2.0,1.0,1.0,,1,0,3.0,4.0
33165,Ayumu Seko,Le Havre,D,Le Havre vs Angers,90,7.3,,0.0,1.0,1.0,50,40.0,,3.0,,1.0,,0,0,6.0,8.0
33165,Ayumu Seko,Le Havre,D,Rennes vs Le Havre,101,7.3,,,1.0,1.0,23,18.0,,2.0,2.0,,2.0,0,0,7.0,8.0
33165,Ayumu Seko,Le Havre,D,Le Havre vs Monaco,90,7.2,,0.0,,,26,24.0,,2.0,,,,0,0,2.0,3.0
33165,Ayumu Seko,Le Havre,D,Lens vs Le Havre,90,6.9,,0.0,1.0,,48,44.0,,2.0,1.0,1.0,1.0,0,0,3.0,4.0
64255,Gautier Lloris,Le Havre,D,Monaco vs Le Havre,90,5.3,,0.0,,,21,15.0,,,4.0,2.0,,1,0,5.0,10.0
64255,Gautier Lloris,Le Havre,D,Le Havre vs Lens,90,7.3,,0.0,,,87,81.0,,3.0,2.0,1.0,,0,0,6.0,7.0
64255,Gautier Lloris,Le Havre,D,Le Havre vs Nice,90,7,,0.0,,,48,48.0,,2.0,,1.0,1.0,0,0,3.0,6.0
64255,Gautier Lloris,Le Havre,D,Strasbourg vs Le Havre,90,7.5,,0.0,1.0,,81,78.0,,3.0,1.0,2.0,,0,0,5.0,7.0
64255,Gautier Lloris,Le Havre,D,Le Havre vs Lorient,90,7.2,,1.0,1.0,1.0,106,104.0,,1.0,1.0,1.0,2.0,0,0,5.0,10.0
64255,Gautier Lloris,Le Havre,D,Metz vs Le Havre,90,7,,0.0,,,66,55.0,,1.0,,,1.0,0,0,3.0,4.0
64255,Gautier Lloris,Le Havre,D,Le Havre vs Rennes,90,6.7,,0.0,,,48,46.0,,,1.0,1.0,,0,0,3.0,5.0
64255,Gautier Lloris,Le Havre,D,Marseille vs Le Havre,34,5.2,,0.0,,,13,10.0,,,,2.0,,0,1,,1.0
64255,Gautier Lloris,Le Havre,D,Le Havre vs Stade Brestois 29,90,7.2,,0.0,,,52,50.0,,,3.0,2.0,,0,0,3.0,7.0
64255,Gautier Lloris,Le Havre,D,Toulouse vs Le Havre,90,7.2,,0.0,,,66,60.0,,,4.0,3.0,1.0,0,0,4.0,7.0
64255,Gautier Lloris,Le Havre,D,Le Havre vs Nantes,90,8.9,1.0,0.0,1.0,1.0,80,77.0,,3.0,1.0,1.0,3.0,0,0,13.0,15.0
64255,Gautier Lloris,Le Havre,D,Paris Saint Germain vs Le Havre,90,6.6,,0.0,,,26,24.0,,3.0,3.0,,,0,0,4.0,7.0
64255,Gautier Lloris,Le Havre,D,Le Havre vs Lille,90,7.5,,0.0,2.0,1.0,39,34.0,,1.0,3.0,,,0,0,8.0,10.0
64255,Gautier Lloris,Le Havre,D,Le Havre vs Paris FC,90,6.9,,0.0,,,58,54.0,,1.0,2.0,1.0,,0,0,1.0,4.0
64255,Gautier Lloris,Le Havre,D,Lyon vs Le Havre,90,7.9,,0.0,,,35,31.0,,,,1.0,2.0,0,0,6.0,9.0
64255,Gautier Lloris,Le Havre,D,Le Havre vs Angers,90,7.2,,0.0,1.0,,66,62.0,,1.0,1.0,1.0,,0,0,3.0,4.0
64255,Gautier Lloris,Le Havre,D,Rennes vs Le Havre,42,7.3,,,,,25,20.0,,1.0,1.0,1.0,2.0,0,0,3.0,4.0
64255,Gautier Lloris,Le Havre,D,Le Havre vs Strasbourg,11,6.6,,0.0,,,7,7.0,,,,,,0,0,,
64255,Gautier Lloris,Le Havre,D,Le Havre vs Toulouse,90,7.9,,0.0,,,45,38.0,,3.0,1.0,,,0,0,6.0,6.0
64255,Gautier Lloris,Le Havre,D,Nantes vs Le Havre,90,6.9,,0.0,1.0,,85,80.0,,2.0,3.0,1.0,,0,0,7.0,13.0
23637,Yanis Zouaoui,Le Havre,D,Monaco vs Le Havre,90,6.3,,0.0,,,21,15.0,,2.0,1.0,,2.0,0,0,6.0,8.0
23637,Yanis Zouaoui,Le Havre,D,Le Havre vs Lens,90,6.3,,0.0,1.0,1.0,63,52.0,,,1.0,2.0,,1,0,1.0,3.0
23637,Yanis Zouaoui,Le Havre,D,Le Havre vs Nice,67,6.2,,0.0,,,27,21.0,,,,2.0,,0,0,2.0,8.0
23637,Yanis Zouaoui,Le Havre,D,Strasbourg vs Le Havre,90,5.2,,0.0,2.0,,53,34.0,,2.0,2.0,2.0,,1,0,3.0,9.0
23637,Yanis Zouaoui,Le Havre,D,Metz vs Le Havre,76,6.3,,0.0,,,27,21.0,,1.0,1.0,4.0,1.0,1,0,4.0,12.0
23637,Yanis Zouaoui,Le Havre,D,Le Havre vs Rennes,90,6.3,,0.0,,,36,27.0,,1.0,1.0,,,0,0,3.0,10.0
23637,Yanis Zouaoui,Le Havre,D,Marseille vs Le Havre,90,4.9,,0.0,1.0,,15,11.0,,,,1.0,1.0,1,0,2.0,6.0
23637,Yanis Zouaoui,Le Havre,D,Auxerre vs Le Havre,90,8.2,,0.0,,,40,32.0,,3.0,2.0,,2.0,0,0,10.0,12.0
23637,Yanis Zouaoui,Le Havre,D,Le Havre vs Stade Brestois 29,25,6.7,,1.0,,,7,7.0,,,1.0,,,0,0,,5.0
23637,Yanis Zouaoui,Le Havre,D,Toulouse vs Le Havre,77,6.9,,0.0,,,41,34.0,,1.0,,,,0,0,2.0,3.0
23637,Yanis Zouaoui,Le Havre,D,Le Havre vs Nantes,90,6.6,,0.0,,,44,37.0,,3.0,2.0,,1.0,0,0,5.0,6.0
23637,Yanis Zouaoui,Le Havre,D,Paris Saint Germain vs Le Havre,90,5.6,,0.0,1.0,1.0,31,21.0,,,,,1.0,0,0,1.0,4.0
23637,Yanis Zouaoui,Le Havre,D,Le Havre vs Lille,89,6.9,,0.0,,,34,25.0,,3.0,,1.0,,0,0,3.0,6.0
23637,Yanis Zouaoui,Le Havre,D,Le Havre vs Paris FC,90,7.3,,0.0,,,42,34.0,,3.0,1.0,,1.0,0,0,5.0,8.0
23637,Yanis Zouaoui,Le Havre,D,Lyon vs Le Havre,90,6.7,,0.0,1.0,,30,24.0,,1.0,,,1.0,0,0,3.0,7.0
23637,Yanis Zouaoui,Le Havre,D,Le Havre vs Angers,90,7,,0.0,1.0,1.0,49,40.0,,,1.0,,1.0,0,0,2.0,4.0
23637,Yanis Zouaoui,Le Havre,D,Rennes vs Le Havre,101,6.5,,,,,30,24.0,,,1.0,,1.0,0,0,1.0,6.0
23637,Yanis Zouaoui,Le Havre,D,Le Havre vs Monaco,66,7,,0.0,,,30,22.0,,2.0,,,2.0,0,0,4.0,6.0
23637,Yanis Zouaoui,Le Havre,D,Lens vs Le Havre,70,6.5,,0.0,,,20,12.0,,2.0,2.0,,1.0,0,0,3.0,8.0
23637,Yanis Zouaoui,Le Havre,D,Le Havre vs Toulouse,90,6.3,,0.0,,,36,27.0,,3.0,2.0,1.0,,0,0,4.0,11.0
23637,Yanis Zouaoui,Le Havre,D,Nantes vs Le Havre,62,5.9,,0.0,,,30,24.0,,1.0,,,3.0,0,0,8.0,9.0
162443,Étienne Youte Kinkoue,Le Havre,M,Monaco vs Le Havre,78,6.6,,0.0,,,20,12.0,,2.0,,,,0,0,2.0,3.0
162443,Étienne Youte Kinkoue,Le Havre,M,Metz vs Le Havre,90,7.2,,0.0,,,47,44.0,,,,2.0,,1,0,,5.0
162443,Étienne Youte Kinkoue,Le Havre,M,Marseille vs Le Havre,52,5.7,,0.0,,,12,8.0,,1.0,,,,0,0,1.0,1.0
162443,Étienne Youte Kinkoue,Le Havre,M,Auxerre vs Le Havre,90,8.3,,0.0,,,63,54.0,,3.0,,1.0,1.0,1,0,7.0,8.0
162443,Étienne Youte Kinkoue,Le Havre,M,Le Havre vs Stade Brestois 29,14,6.6,,0.0,,,1,1.0,,,,,,0,0,,
162443,Étienne Youte Kinkoue,Le Havre,M,Le Havre vs Paris FC,10,6.7,,0.0,,,11,10.0,,,,,,0,0,,
36932,Younes Namli,Le Havre,M,Monaco vs Le Havre,58,6.3,,0.0,,,9,5.0,,2.0,,2.0,,0,0,3.0,7.0
36932,Younes Namli,Le Havre,M,Le Havre vs Lens,27,7,,0.0,,,14,12.0,,1.0,1.0,,1.0,0,0,4.0,5.0
36932,Younes Namli,Le Havre,M,Le Havre vs Nice,8,6.7,,0.0,,,4,2.0,,1.0,1.0,,,0,0,1.0,1.0
36932,Younes Namli,Le Havre,M,Le Havre vs Lorient,27,6.7,,0.0,1.0,,11,8.0,,2.0,1.0,,,0,0,3.0,6.0
36932,Younes Namli,Le Havre,M,Metz vs Le Havre,9,6.5,,0.0,,,2,2.0,,,,,,0,0,,1.0
36932,Younes Namli,Le Havre,M,Le Havre vs Rennes,63,6.9,,0.0,,,26,17.0,,2.0,1.0,1.0,,0,0,2.0,8.0
36932,Younes Namli,Le Havre,M,Marseille vs Le Havre,12,6.9,,1.0,,,3,1.0,,,,,1.0,0,0,2.0,2.0
36932,Younes Namli,Le Havre,M,Auxerre vs Le Havre,28,6.3,,0.0,,,8,4.0,,,1.0,2.0,,0,0,,5.0
36932,Younes Namli,Le Havre,M,Le Havre vs Nantes,11,6.3,,0.0,,,8,7.0,,,,1.0,1.0,1,0,1.0,2.0
36932,Younes Namli,Le Havre,M,Paris Saint Germain vs Le Havre,10,6.7,,0.0,,,5,4.0,,,,,1.0,0,0,1.0,2.0
36932,Younes Namli,Le Havre,M,Le Havre vs Paris FC,9,6.5,,0.0,1.0,,3,2.0,,,,1.0,,0,0,,
36932,Younes Namli,Le Havre,M,Lyon vs Le Havre,78,6.6,,0.0,,,20,16.0,,1.0,1.0,1.0,,1,0,4.0,7.0
364093,Simon Ebonog,Le Havre,M,Monaco vs Le Havre,58,6.7,,0.0,,,8,7.0,,1.0,,,,0,0,1.0,2.0
364093,Simon Ebonog,Le Havre,M,Le Havre vs Lens,15,6.5,,0.0,,,4,3.0,,,,1.0,1.0,0,0,2.0,6.0
364093,Simon Ebonog,Le Havre,M,Le Havre vs Nice,13,6.6,,0.0,,,2,,,1.0,,,,0,0,1.0,1.0
364093,Simon Ebonog,Le Havre,M,Strasbourg vs Le Havre,14,6.3,,0.0,,,3,3.0,,2.0,,1.0,,0,0,3.0,6.0
364093,Simon Ebonog,Le Havre,M,Metz vs Le Havre,61,6.7,,0.0,,,14,12.0,,1.0,,,,0,0,1.0,2.0
364093,Simon Ebonog,Le Havre,M,Le Havre vs Rennes,77,6.3,,0.0,1.0,,20,17.0,,1.0,1.0,1.0,,1,0,4.0,9.0
364093,Simon Ebonog,Le Havre,M,Marseille vs Le Havre,25,6.2,,0.0,,,9,8.0,,1.0,1.0,2.0,1.0,0,0,4.0,6.0
364093,Simon Ebonog,Le Havre,M,Auxerre vs Le Havre,12,6.3,,0.0,,,2,1.0,,,,1.0,,0,0,1.0,3.0
364093,Simon Ebonog,Le Havre,M,Le Havre vs Stade Brestois 29,72,7,,0.0,1.0,,28,23.0,,4.0,1.0,2.0,3.0,0,0,7.0,12.0
364093,Simon Ebonog,Le Havre,M,Toulouse vs Le Havre,24,6.9,,0.0,,,4,3.0,,1.0,,1.0,,1,0,3.0,4.0
364093,Simon Ebonog,Le Havre,M,Paris Saint Germain vs Le Havre,90,6.2,,0.0,1.0,1.0,19,15.0,,4.0,2.0,,1.0,0,0,6.0,10.0
364093,Simon Ebonog,Le Havre,M,Le Havre vs Lille,64,6.9,,0.0,1.0,1.0,16,9.0,,2.0,1.0,,2.0,0,0,4.0,5.0
364093,Simon Ebonog,Le Havre,M,Le Havre vs Paris FC,44,6.9,,0.0,,,14,10.0,,1.0,,,1.0,0,0,4.0,5.0
364093,Simon Ebonog,Le Havre,M,Le Havre vs Angers,57,6.2,,0.0,,,19,16.0,,,1.0,1.0,,0,0,,4.0
364093,Simon Ebonog,Le Havre,M,Rennes vs Le Havre,101,6.5,,,1.0,,24,17.0,,2.0,2.0,2.0,1.0,1,0,3.0,10.0
364093,Simon Ebonog,Le Havre,M,Le Havre vs Monaco,90,7,,0.0,1.0,,29,23.0,,1.0,,,2.0,0,0,5.0,7.0
364093,Simon Ebonog,Le Havre,M,Lens vs Le Havre,89,7,,0.0,,,26,20.0,,1.0,2.0,,3.0,0,0,8.0,13.0
364093,Simon Ebonog,Le Havre,M,Le Havre vs Strasbourg,89,6.3,,0.0,2.0,,23,18.0,,3.0,,,,0,0,5.0,8.0
364093,Simon Ebonog,Le Havre,M,Le Havre vs Toulouse,65,6.2,,0.0,,,17,14.0,,1.0,1.0,1.0,,1,0,3.0,9.0
364093,Simon Ebonog,Le Havre,M,Nantes vs Le Havre,90,6.6,,0.0,,,43,33.0,,1.0,2.0,2.0,4.0,0,0,13.0,20.0
128342,Rassoul Ndiaye,Le Havre,M,Monaco vs Le Havre,79,7.5,1.0,0.0,1.0,1.0,21,17.0,,3.0,,1.0,,0,0,3.0,8.0
128342,Rassoul Ndiaye,Le Havre,M,Le Havre vs Lens,63,6.3,,0.0,,,19,18.0,,,,1.0,1.0,0,0,1.0,6.0
128342,Rassoul Ndiaye,Le Havre,M,Le Havre vs Nice,66,8.2,1.0,0.0,2.0,2.0,14,12.0,,,,,2.0,0,0,3.0,4.0
128342,Rassoul Ndiaye,Le Havre,M,Strasbourg vs Le Havre,69,6.9,,0.0,1.0,,30,27.0,,2.0,,1.0,1.0,0,0,3.0,5.0
128342,Rassoul Ndiaye,Le Havre,M,Le Havre vs Lorient,27,6.6,,0.0,,,9,7.0,,,,,,0,0,1.0,3.0
128342,Rassoul Ndiaye,Le Havre,M,Metz vs Le Havre,29,6.6,,0.0,,,7,7.0,,1.0,,,1.0,0,0,2.0,2.0
128342,Rassoul Ndiaye,Le Havre,M,Le Havre vs Rennes,89,7.7,1.0,0.0,3.0,1.0,33,30.0,,1.0,2.0,1.0,2.0,0,0,4.0,7.0
128342,Rassoul Ndiaye,Le Havre,M,Marseille vs Le Havre,65,7.3,,0.0,,,18,17.0,,4.0,,,1.0,0,0,8.0,10.0
128342,Rassoul Ndiaye,Le Havre,M,Auxerre vs Le Havre,78,6.3,,0.0,2.0,1.0,13,12.0,,,,,3.0,0,0,4.0,9.0
128342,Rassoul Ndiaye,Le Havre,M,Le Havre vs Stade Brestois 29,18,6.9,,0.0,,,8,7.0,,1.0,,,,0,0,1.0,1.0
128342,Rassoul Ndiaye,Le Havre,M,Toulouse vs Le Havre,90,6.9,,0.0,,,37,29.0,,3.0,,,,0,0,5.0,8.0
128342,Rassoul Ndiaye,Le Havre,M,Le Havre vs Nantes,79,6.2,,0.0,2.0,1.0,23,19.0,,,,1.0,1.0,0,0,2.0,10.0
128342,Rassoul Ndiaye,Le Havre,M,Paris Saint Germain vs Le Havre,84,6.3,,0.0,1.0,,21,18.0,,4.0,1.0,1.0,,0,0,4.0,9.0
128342,Rassoul Ndiaye,Le Havre,M,Le Havre vs Lille,80,6.6,,0.0,,,26,19.0,,2.0,1.0,1.0,,0,0,2.0,5.0
128342,Rassoul Ndiaye,Le Havre,M,Le Havre vs Paris FC,85,7.2,,0.0,1.0,,28,25.0,,1.0,1.0,,1.0,0,0,4.0,5.0
128342,Rassoul Ndiaye,Le Havre,M,Lyon vs Le Havre,90,6.6,,0.0,,,26,23.0,,2.0,,1.0,1.0,1,0,4.0,7.0
128342,Rassoul Ndiaye,Le Havre,M,Le Havre vs Angers,90,8.5,,2.0,,,34,24.0,,8.0,,,1.0,0,0,11.0,14.0
128342,Rassoul Ndiaye,Le Havre,M,Rennes vs Le Havre,101,7.9,,1.0,,,39,36.0,,5.0,1.0,2.0,2.0,0,0,10.0,18.0
128342,Rassoul Ndiaye,Le Havre,M,Le Havre vs Monaco,89,7.2,,0.0,1.0,,42,34.0,,2.0,1.0,,2.0,0,0,5.0,8.0
128342,Rassoul Ndiaye,Le Havre,M,Lens vs Le Havre,90,6.6,,0.0,,,37,34.0,,1.0,1.0,1.0,1.0,0,0,3.0,10.0
128342,Rassoul Ndiaye,Le Havre,M,Le Havre vs Strasbourg,90,6.9,,0.0,,,37,32.0,,1.0,,1.0,1.0,0,0,2.0,6.0
128342,Rassoul Ndiaye,Le Havre,M,Le Havre vs Toulouse,89,7.3,,0.0,1.0,,28,21.0,,4.0,1.0,,3.0,0,0,8.0,13.0
128342,Rassoul Ndiaye,Le Havre,M,Nantes vs Le Havre,90,6.5,,0.0,1.0,,41,33.0,,,1.0,,2.0,0,0,3.0,6.0
174937,Yassine Kechta,Le Havre,M,Monaco vs Le Havre,90,6.3,,1.0,,,31,24.0,,1.0,1.0,3.0,1.0,0,0,3.0,7.0
174937,Yassine Kechta,Le Havre,M,Le Havre vs Lens,84,6.3,,0.0,,,27,22.0,,3.0,1.0,1.0,1.0,0,0,4.0,11.0
174937,Yassine Kechta,Le Havre,M,Le Havre vs Nice,67,6.2,,0.0,2.0,1.0,13,11.0,,,,1.0,1.0,0,0,2.0,10.0
174937,Yassine Kechta,Le Havre,M,Strasbourg vs Le Havre,89,6.5,,0.0,1.0,1.0,29,20.0,,3.0,,3.0,,1,0,5.0,12.0
174937,Yassine Kechta,Le Havre,M,Le Havre vs Lorient,63,6.5,,0.0,1.0,,17,16.0,,1.0,,3.0,1.0,0,0,2.0,8.0
174937,Yassine Kechta,Le Havre,M,Le Havre vs Rennes,12,6.6,,0.0,1.0,,7,5.0,,1.0,,1.0,,0,0,1.0,2.0
174937,Yassine Kechta,Le Havre,M,Marseille vs Le Havre,84,7.5,1.0,0.0,1.0,1.0,18,16.0,,,1.0,2.0,2.0,1,0,2.0,5.0
174937,Yassine Kechta,Le Havre,M,Auxerre vs Le Havre,78,6.7,,0.0,,,24,18.0,,2.0,,2.0,2.0,0,0,4.0,14.0
174937,Yassine Kechta,Le Havre,M,Le Havre vs Stade Brestois 29,18,6.2,,0.0,,,3,1.0,,1.0,1.0,,,0,0,1.0,6.0
174937,Yassine Kechta,Le Havre,M,Toulouse vs Le Havre,66,6,,0.0,1.0,,23,13.0,,2.0,,4.0,,0,0,3.0,13.0
174937,Yassine Kechta,Le Havre,M,Le Havre vs Nantes,63,6.3,,0.0,1.0,,27,25.0,,,3.0,2.0,1.0,1,0,1.0,3.0
174937,Yassine Kechta,Le Havre,M,Paris Saint Germain vs Le Havre,75,6.5,,0.0,2.0,2.0,28,17.0,,3.0,,1.0,1.0,0,0,4.0,9.0
174937,Yassine Kechta,Le Havre,M,Le Havre vs Lille,26,6.3,,0.0,,,7,6.0,,,,2.0,,0,0,1.0,5.0
174937,Yassine Kechta,Le Havre,M,Le Havre vs Paris FC,46,6.3,,0.0,1.0,,15,14.0,,,,,1.0,0,0,1.0,2.0
174937,Yassine Kechta,Le Havre,M,Lyon vs Le Havre,63,6.2,,0.0,,,11,9.0,,1.0,3.0,2.0,,0,0,1.0,6.0
174937,Yassine Kechta,Le Havre,M,Le Havre vs Angers,66,6.6,,0.0,,,22,20.0,,1.0,3.0,,,0,0,1.0,2.0
174937,Yassine Kechta,Le Havre,M,Rennes vs Le Havre,22,6.6,,,,,4,4.0,,2.0,,,,0,0,3.0,4.0
174937,Yassine Kechta,Le Havre,M,Le Havre vs Strasbourg,11,6.7,,0.0,1.0,1.0,7,4.0,,1.0,1.0,,1.0,0,0,2.0,3.0
174937,Yassine Kechta,Le Havre,M,Nantes vs Le Havre,27,6.7,,0.0,1.0,1.0,11,10.0,,1.0,,3.0,1.0,1,0,3.0,9.0
156465,Issa Soumaré,Le Havre,F,Monaco vs Le Havre,90,6.2,,0.0,1.0,1.0,13,9.0,,1.0,,2.0,1.0,0,0,5.0,14.0
156465,Issa Soumaré,Le Havre,F,Le Havre vs Lens,90,6.7,,0.0,3.0,1.0,26,18.0,,,,1.0,1.0,0,0,5.0,13.0
156465,Issa Soumaré,Le Havre,F,Le Havre vs Nice,90,9.2,1.0,1.0,3.0,3.0,24,18.0,,1.0,2.0,1.0,2.0,1,0,8.0,15.0
156465,Issa Soumaré,Le Havre,F,Strasbourg vs Le Havre,90,6.9,,0.0,2.0,,22,15.0,,,,2.0,2.0,0,0,4.0,13.0
156465,Issa Soumaré,Le Havre,F,Le Havre vs Lorient,90,8.2,1.0,0.0,2.0,1.0,21,18.0,,3.0,1.0,4.0,3.0,0,0,12.0,21.0
156465,Issa Soumaré,Le Havre,F,Metz vs Le Havre,90,6.9,,0.0,,,21,17.0,,1.0,,2.0,4.0,0,0,9.0,20.0
156465,Issa Soumaré,Le Havre,F,Le Havre vs Rennes,90,7.9,1.0,0.0,1.0,1.0,23,17.0,,3.0,,1.0,4.0,0,0,9.0,15.0
156465,Issa Soumaré,Le Havre,F,Marseille vs Le Havre,90,7.2,,1.0,1.0,,18,15.0,,1.0,,2.0,4.0,0,0,9.0,17.0
156465,Issa Soumaré,Le Havre,F,Auxerre vs Le Havre,90,6.3,,0.0,,,11,6.0,,1.0,,1.0,2.0,0,0,7.0,14.0
156465,Issa Soumaré,Le Havre,F,Le Havre vs Stade Brestois 29,90,6.3,,0.0,3.0,1.0,27,23.0,,1.0,,2.0,1.0,0,0,5.0,16.0
156465,Issa Soumaré,Le Havre,F,Toulouse vs Le Havre,90,7.2,,0.0,3.0,1.0,23,14.0,,2.0,,,2.0,0,0,14.0,23.0
156465,Issa Soumaré,Le Havre,F,Le Havre vs Nantes,90,6,,0.0,4.0,1.0,12,6.0,,,,1.0,,0,0,3.0,9.0
156465,Issa Soumaré,Le Havre,F,Paris Saint Germain vs Le Havre,90,7.9,,0.0,2.0,,28,22.0,,2.0,,3.0,2.0,0,0,12.0,20.0
156465,Issa Soumaré,Le Havre,F,Le Havre vs Lille,90,7.6,,0.0,2.0,,23,19.0,,1.0,1.0,1.0,3.0,0,0,11.0,17.0
156465,Issa Soumaré,Le Havre,F,Le Havre vs Paris FC,90,6.5,,0.0,4.0,2.0,27,19.0,,1.0,,1.0,5.0,0,0,7.0,13.0
156465,Issa Soumaré,Le Havre,F,Lyon vs Le Havre,90,6.3,,0.0,3.0,1.0,14,10.0,,1.0,,2.0,3.0,0,0,9.0,15.0
156465,Issa Soumaré,Le Havre,F,Le Havre vs Angers,90,6.3,,0.0,2.0,,20,17.0,,,2.0,4.0,3.0,0,0,7.0,17.0
156465,Issa Soumaré,Le Havre,F,Rennes vs Le Havre,24,6.7,,,,,5,3.0,,,,1.0,1.0,0,0,2.0,3.0
156465,Issa Soumaré,Le Havre,F,Le Havre vs Monaco,45,6.9,,0.0,,,14,13.0,,1.0,1.0,1.0,,0,0,4.0,6.0
156465,Issa Soumaré,Le Havre,F,Lens vs Le Havre,90,6.9,,0.0,2.0,1.0,23,12.0,,,,1.0,3.0,0,0,10.0,17.0
156465,Issa Soumaré,Le Havre,F,Le Havre vs Strasbourg,90,7.9,1.0,0.0,3.0,2.0,10,7.0,,,,2.0,1.0,1,0,4.0,8.0
156465,Issa Soumaré,Le Havre,F,Le Havre vs Toulouse,90,9.7,2.0,0.0,2.0,2.0,22,9.0,,1.0,,2.0,4.0,0,0,14.0,25.0
156465,Issa Soumaré,Le Havre,F,Nantes vs Le Havre,90,6.9,,0.0,,,23,11.0,,1.0,,,1.0,0,0,8.0,11.0
174625,Fodé Doucouré,Le Havre,D,Monaco vs Le Havre,32,6,,0.0,1.0,,10,7.0,,1.0,,1.0,,0,0,1.0,2.0
174625,Fodé Doucouré,Le Havre,D,Le Havre vs Lens,63,8.6,1.0,0.0,3.0,2.0,23,21.0,,2.0,1.0,,,0,0,2.0,4.0
174625,Fodé Doucouré,Le Havre,D,Le Havre vs Nice,82,7.2,1.0,0.0,1.0,1.0,13,10.0,,,,1.0,,0,0,3.0,8.0
174625,Fodé Doucouré,Le Havre,D,Strasbourg vs Le Havre,69,7.2,,0.0,,,29,26.0,,6.0,1.0,,,0,0,8.0,12.0
174625,Fodé Doucouré,Le Havre,D,Le Havre vs Lorient,63,6.5,,0.0,,,18,15.0,,1.0,2.0,1.0,,0,0,2.0,6.0
174625,Fodé Doucouré,Le Havre,D,Metz vs Le Havre,29,6.7,,0.0,,,17,12.0,,1.0,,,,0,0,1.0,3.0
174625,Fodé Doucouré,Le Havre,D,Le Havre vs Rennes,27,6.6,,0.0,,,15,10.0,,1.0,,,,0,0,1.0,1.0
174625,Fodé Doucouré,Le Havre,D,Marseille vs Le Havre,65,6.7,,0.0,2.0,1.0,10,9.0,,2.0,,,1.0,0,0,3.0,5.0
174625,Fodé Doucouré,Le Havre,D,Auxerre vs Le Havre,12,6.9,,0.0,,,2,2.0,,1.0,,,,0,0,2.0,2.0
174625,Fodé Doucouré,Le Havre,D,Le Havre vs Stade Brestois 29,72,6.7,,0.0,,,37,33.0,,1.0,,1.0,,0,0,1.0,4.0
174625,Fodé Doucouré,Le Havre,D,Le Havre vs Nantes,27,7.5,,1.0,,,23,19.0,,2.0,,,,0,0,2.0,3.0
174625,Fodé Doucouré,Le Havre,D,Paris Saint Germain vs Le Havre,15,6.5,,0.0,,,5,5.0,,1.0,,,,0,0,1.0,2.0
174625,Fodé Doucouré,Le Havre,D,Le Havre vs Lille,64,7.3,,0.0,1.0,1.0,19,16.0,,1.0,,2.0,1.0,0,0,3.0,8.0
174625,Fodé Doucouré,Le Havre,D,Le Havre vs Paris FC,17,6.7,,0.0,,,6,5.0,,,,,,0,0,,
174625,Fodé Doucouré,Le Havre,D,Lyon vs Le Havre,27,7,,0.0,,,7,5.0,,1.0,,,1.0,0,0,2.0,2.0
174625,Fodé Doucouré,Le Havre,D,Rennes vs Le Havre,22,6.9,,,,,3,2.0,,3.0,,,,0,0,3.0,4.0
174625,Fodé Doucouré,Le Havre,D,Lens vs Le Havre,12,6.6,,0.0,1.0,,13,7.0,,2.0,,,,0,0,2.0,3.0
174625,Fodé Doucouré,Le Havre,D,Le Havre vs Strasbourg,64,6.6,,0.0,,,16,12.0,,2.0,,1.0,,0,0,2.0,4.0
174625,Fodé Doucouré,Le Havre,D,Nantes vs Le Havre,45,6.7,,0.0,,,19,16.0,,,,,,0,0,,1.0
1945,Mbwana Ally Samatta,Le Havre,F,Monaco vs Le Havre,32,6.9,,0.0,2.0,1.0,12,10.0,,1.0,,,,0,0,4.0,5.0
1945,Mbwana Ally Samatta,Le Havre,F,Le Havre vs Lens,73,6.3,,0.0,3.0,1.0,15,7.0,,,1.0,3.0,1.0,1,0,6.0,13.0
1945,Mbwana Ally Samatta,Le Havre,F,Le Havre vs Nice,85,6.7,,0.0,2.0,1.0,15,10.0,,1.0,,2.0,3.0,0,0,8.0,17.0
1945,Mbwana Ally Samatta,Le Havre,F,Strasbourg vs Le Havre,90,6.2,,0.0,,,15,13.0,,,,2.0,1.0,0,0,2.0,11.0
1945,Mbwana Ally Samatta,Le Havre,F,Le Havre vs Lorient,77,6,,0.0,2.0,,17,13.0,,,,2.0,1.0,1,0,2.0,13.0
1945,Mbwana Ally Samatta,Le Havre,F,Metz vs Le Havre,61,6.3,,0.0,,,5,4.0,,,,,,0,0,,4.0
1945,Mbwana Ally Samatta,Le Havre,F,Marseille vs Le Havre,38,6.5,,0.0,,,3,1.0,,,,1.0,,0,0,,2.0
1945,Mbwana Ally Samatta,Le Havre,F,Auxerre vs Le Havre,62,6.3,,0.0,2.0,1.0,10,8.0,,,,1.0,,0,0,4.0,5.0
1945,Mbwana Ally Samatta,Le Havre,F,Le Havre vs Lille,26,6.2,,0.0,,,4,2.0,,,,2.0,,1,0,1.0,5.0
1945,Mbwana Ally Samatta,Le Havre,F,Le Havre vs Paris FC,73,6,,0.0,2.0,,6,4.0,,,1.0,2.0,,0,0,2.0,10.0
1945,Mbwana Ally Samatta,Le Havre,F,Lyon vs Le Havre,78,5.3,,0.0,2.0,2.0,12,9.0,,,,5.0,,0,0,2.0,16.0
1945,Mbwana Ally Samatta,Le Havre,F,Rennes vs Le Havre,77,6.5,,,1.0,1.0,23,13.0,,1.0,,3.0,1.0,1,0,6.0,20.0
1945,Mbwana Ally Samatta,Le Havre,F,Le Havre vs Monaco,45,6.6,,0.0,1.0,,8,5.0,,,1.0,,4.0,0,0,6.0,9.0
1945,Mbwana Ally Samatta,Le Havre,F,Le Havre vs Strasbourg,26,6.6,,0.0,,,5,3.0,,2.0,,,,0,0,2.0,2.0
1945,Mbwana Ally Samatta,Le Havre,F,Le Havre vs Toulouse,25,6.7,,0.0,,,5,4.0,,2.0,,1.0,1.0,0,0,4.0,10.0
1945,Mbwana Ally Samatta,Le Havre,F,Nantes vs Le Havre,45,6.2,,0.0,,,7,5.0,,,,,,0,0,2.0,8.0
21641,Godson Kyeremeh,Le Havre,F,Monaco vs Le Havre,12,6.7,,0.0,,,4,3.0,,1.0,,,,0,0,1.0,2.0
21641,Godson Kyeremeh,Le Havre,F,Le Havre vs Lens,15,6.3,,0.0,,,2,1.0,,,,,1.0,0,0,1.0,1.0
21641,Godson Kyeremeh,Le Havre,F,Le Havre vs Rennes,27,7,,1.0,1.0,,2,2.0,,1.0,,,2.0,0,0,3.0,5.0
21641,Godson Kyeremeh,Le Havre,F,Marseille vs Le Havre,12,6.6,,0.0,,,3,3.0,,,,,2.0,0,0,3.0,5.0
21641,Godson Kyeremeh,Le Havre,F,Le Havre vs Stade Brestois 29,90,6.3,,0.0,1.0,,12,10.0,,2.0,,3.0,4.0,0,0,6.0,12.0
21641,Godson Kyeremeh,Le Havre,F,Le Havre vs Nantes,11,6.6,,0.0,,,4,4.0,,,,,1.0,0,0,2.0,3.0
21641,Godson Kyeremeh,Le Havre,F,Le Havre vs Lille,80,7.3,,0.0,1.0,1.0,16,14.0,,,,2.0,4.0,0,0,4.0,7.0
21641,Godson Kyeremeh,Le Havre,F,Le Havre vs Paris FC,73,6.5,,0.0,,,14,11.0,,1.0,,1.0,1.0,0,0,4.0,11.0
21641,Godson Kyeremeh,Le Havre,F,Lyon vs Le Havre,27,6.3,,0.0,,,4,1.0,,,,1.0,2.0,0,0,2.0,3.0
21641,Godson Kyeremeh,Le Havre,F,Le Havre vs Angers,14,6.3,,0.0,,,2,2.0,,1.0,,,,0,0,1.0,2.0
961,Felix Mambimbi,Le Havre,F,Monaco vs Le Havre,12,6.5,,0.0,1.0,1.0,0,,,,,,,0,0,,2.0
961,Felix Mambimbi,Le Havre,F,Le Havre vs Lens,17,6.2,,0.0,,,6,4.0,,,,1.0,,0,0,,2.0
961,Felix Mambimbi,Le Havre,F,Le Havre vs Nice,23,6.6,,0.0,,,6,5.0,,1.0,,,1.0,0,0,2.0,2.0
961,Felix Mambimbi,Le Havre,F,Le Havre vs Lorient,12,6.3,,0.0,1.0,,2,1.0,,1.0,,2.0,,0,0,3.0,6.0
961,Felix Mambimbi,Le Havre,F,Metz vs Le Havre,10,6.3,,0.0,,,0,,,,,,,0,0,,
961,Felix Mambimbi,Le Havre,F,Le Havre vs Rennes,63,6.3,,0.0,1.0,,10,5.0,,1.0,2.0,3.0,,0,0,2.0,8.0
961,Felix Mambimbi,Le Havre,F,Toulouse vs Le Havre,66,6.3,,0.0,,,7,7.0,,,1.0,2.0,1.0,0,0,1.0,6.0
961,Felix Mambimbi,Le Havre,F,Le Havre vs Nantes,63,6.7,,0.0,,,17,13.0,,2.0,,1.0,,0,0,2.0,7.0
961,Felix Mambimbi,Le Havre,F,Paris Saint Germain vs Le Havre,10,6.6,,0.0,1.0,,7,5.0,,1.0,,,,0,0,2.0,2.0
961,Felix Mambimbi,Le Havre,F,Le Havre vs Lille,10,6.7,,0.0,,,2,1.0,,,,,,0,0,1.0,1.0
961,Felix Mambimbi,Le Havre,F,Le Havre vs Angers,66,6.2,,0.0,,,27,20.0,,1.0,,2.0,1.0,1,0,2.0,10.0
961,Felix Mambimbi,Le Havre,F,Rennes vs Le Havre,79,6.9,1.0,,1.0,1.0,12,9.0,,2.0,,2.0,,0,0,2.0,9.0
961,Felix Mambimbi,Le Havre,F,Le Havre vs Monaco,65,6.3,,0.0,,,17,11.0,,1.0,,1.0,1.0,0,0,4.0,10.0
961,Felix Mambimbi,Le Havre,F,Lens vs Le Havre,9,6.6,,0.0,,,3,3.0,,2.0,,1.0,1.0,0,0,3.0,5.0
460805,Daren Nbenbege Mosengo,Le Havre,M,Monaco vs Le Havre,11,6.6,,0.0,,,7,6.0,,1.0,,,,0,0,1.0,2.0
460805,Daren Nbenbege Mosengo,Le Havre,M,Le Havre vs Angers,33,6.3,,0.0,,,11,8.0,,,,1.0,1.0,0,0,2.0,7.0
460805,Daren Nbenbege Mosengo,Le Havre,M,Lens vs Le Havre,31,6.9,,0.0,,,25,22.0,,1.0,1.0,,1.0,0,0,3.0,7.0
460805,Daren Nbenbege Mosengo,Le Havre,M,Le Havre vs Strasbourg,8,6.3,,0.0,,,2,1.0,,,,,,0,0,,
460805,Daren Nbenbege Mosengo,Le Havre,M,Le Havre vs Toulouse,25,6.7,,0.0,,,4,1.0,,,,,,0,0,,5.0
20566,Yehvann Diouf,Nice,G,Nice vs Toulouse,90,6.7,,0.0,,,24,22.0,,,,,,0,0,,
20566,Yehvann Diouf,Nice,G,Nice vs Auxerre,90,8.6,,0.0,,,20,17.0,,,,,,0,0,,
20566,Yehvann Diouf,Nice,G,Le Havre vs Nice,90,6.9,,0.0,,,26,24.0,,,,,,0,0,,
20566,Yehvann Diouf,Nice,G,Nice vs Nantes,90,7.3,,0.0,,,28,16.0,,,,,1.0,0,0,1.0,1.0
20566,Yehvann Diouf,Nice,G,Stade Brestois 29 vs Nice,90,5.2,,0.0,,,19,19.0,,,,,,0,0,,
20566,Yehvann Diouf,Nice,G,Nice vs Paris FC,90,6.6,,0.0,,,27,22.0,,,,,,0,0,,
20566,Yehvann Diouf,Nice,G,Monaco vs Nice,90,7.2,,0.0,,,35,12.0,,,,,,0,0,,1.0
20566,Yehvann Diouf,Nice,G,Nice vs Lyon,90,8.2,,0.0,,,30,19.0,,,,,,0,0,2.0,2.0
20566,Yehvann Diouf,Nice,G,Rennes vs Nice,90,7.3,,0.0,,,29,19.0,,,,,,0,0,1.0,1.0
20566,Yehvann Diouf,Nice,G,Nice vs Lille,90,7.3,,0.0,,,24,14.0,,,,,,0,0,1.0,1.0
20566,Yehvann Diouf,Nice,G,Paris Saint Germain vs Nice,90,7.9,,0.0,,,35,25.0,,,,,,0,0,,
20566,Yehvann Diouf,Nice,G,Metz vs Nice,90,6.2,,0.0,,,32,30.0,,,,,,0,0,,
20566,Yehvann Diouf,Nice,G,Nice vs Marseille,90,6.3,,0.0,,,20,18.0,,,,,,0,0,1.0,1.0
20566,Yehvann Diouf,Nice,G,Lorient vs Nice,90,6.7,,0.0,,,28,21.0,,,,,,0,0,,
20566,Yehvann Diouf,Nice,G,Nice vs Angers,90,7.3,,0.0,,,30,26.0,,,,,,0,0,,
20566,Yehvann Diouf,Nice,G,Lens vs Nice,90,6.6,,0.0,,,31,25.0,,,,,,0,0,1.0,1.0
313937,Antoine Mendy,Nice,D,Nice vs Toulouse,90,6.7,,0.0,,,59,51.0,,3.0,,2.0,3.0,0,0,9.0,17.0
313937,Antoine Mendy,Nice,D,Nice vs Auxerre,90,8.2,,0.0,,,83,74.0,,3.0,,,1.0,0,0,12.0,13.0
313937,Antoine Mendy,Nice,D,Le Havre vs Nice,67,5.9,,0.0,,,59,49.0,,2.0,,2.0,1.0,1,0,7.0,13.0
313937,Antoine Mendy,Nice,D,Nice vs Paris FC,90,7.2,,0.0,1.0,1.0,64,54.0,,4.0,2.0,3.0,2.0,0,0,10.0,15.0
313937,Antoine Mendy,Nice,D,Monaco vs Nice,90,6.9,,0.0,,,25,20.0,,1.0,,1.0,1.0,0,0,5.0,8.0
313937,Antoine Mendy,Nice,D,Nice vs Lyon,90,7.3,,0.0,,,17,15.0,,4.0,1.0,,1.0,0,0,6.0,7.0
313937,Antoine Mendy,Nice,D,Rennes vs Nice,90,6.9,,0.0,1.0,,46,36.0,,4.0,1.0,4.0,,0,0,6.0,13.0
313937,Antoine Mendy,Nice,D,Nice vs Lille,90,7.3,,0.0,,,30,22.0,,1.0,1.0,,,1,0,1.0,3.0
313937,Antoine Mendy,Nice,D,Paris Saint Germain vs Nice,90,7.3,,0.0,1.0,1.0,19,14.0,,4.0,1.0,1.0,2.0,0,0,9.0,14.0
313937,Antoine Mendy,Nice,D,Metz vs Nice,86,6.6,,0.0,,,64,59.0,,1.0,,3.0,2.0,1,0,5.0,9.0
313937,Antoine Mendy,Nice,D,Nice vs Marseille,90,5.7,,0.0,1.0,,82,74.0,,,,1.0,1.0,1,0,2.0,4.0
313937,Antoine Mendy,Nice,D,Lorient vs Nice,90,5.9,,0.0,,,89,75.0,,1.0,,,,0,0,6.0,10.0
313937,Antoine Mendy,Nice,D,Nice vs Angers,90,6.9,,0.0,1.0,1.0,69,59.0,,2.0,,1.0,,1,0,7.0,14.0
313937,Antoine Mendy,Nice,D,Lens vs Nice,90,6.3,,0.0,,,79,73.0,,2.0,2.0,3.0,3.0,0,0,6.0,11.0
313937,Antoine Mendy,Nice,D,Nice vs Lorient,45,6.3,,0.0,1.0,,28,24.0,,2.0,,,,0,0,4.0,6.0
449509,Abdulay Juma Bah,Nice,D,Nice vs Toulouse,90,8.2,,0.0,,,75,71.0,,2.0,,1.0,,0,0,7.0,9.0
449509,Abdulay Juma Bah,Nice,D,Nice vs Auxerre,90,7,,0.0,,,69,61.0,,1.0,2.0,3.0,,0,0,7.0,11.0
449509,Abdulay Juma Bah,Nice,D,Le Havre vs Nice,90,6.3,,0.0,1.0,,57,54.0,,1.0,,2.0,,1,0,3.0,6.0
449509,Abdulay Juma Bah,Nice,D,Nice vs Nantes,90,7.2,,0.0,,,62,59.0,,2.0,,2.0,1.0,1,0,6.0,12.0
449509,Abdulay Juma Bah,Nice,D,Stade Brestois 29 vs Nice,90,5.7,,0.0,,,79,75.0,,,1.0,,,0,0,2.0,8.0
449509,Abdulay Juma Bah,Nice,D,Nice vs Lyon,24,6.2,,0.0,,,0,,,1.0,,,,0,0,1.0,2.0
449509,Abdulay Juma Bah,Nice,D,Rennes vs Nice,19,7.7,,0.0,,,1,,,,,2.0,1.0,0,0,3.0,6.0
449509,Abdulay Juma Bah,Nice,D,Nice vs Lille,90,7.7,,0.0,,,23,23.0,,1.0,1.0,,,0,0,2.0,5.0
449509,Abdulay Juma Bah,Nice,D,Paris Saint Germain vs Nice,90,6.9,,0.0,,,25,23.0,,1.0,,1.0,,1,0,4.0,5.0
449509,Abdulay Juma Bah,Nice,D,Metz vs Nice,90,5.6,,0.0,1.0,1.0,61,59.0,,,2.0,2.0,1.0,1,0,5.0,11.0
449509,Abdulay Juma Bah,Nice,D,Nice vs Marseille,90,5.6,,0.0,,,71,68.0,,,2.0,,,0,0,2.0,3.0
449509,Abdulay Juma Bah,Nice,D,Nice vs Angers,45,6.3,,0.0,1.0,,42,37.0,,,1.0,1.0,,0,0,1.0,4.0
449509,Abdulay Juma Bah,Nice,D,Nice vs Strasbourg,90,7.7,,0.0,1.0,,63,62.0,,3.0,2.0,1.0,1.0,0,0,9.0,14.0
449509,Abdulay Juma Bah,Nice,D,Toulouse vs Nice,90,6.9,,0.0,,,95,85.0,,2.0,,3.0,,1,0,7.0,14.0
449509,Abdulay Juma Bah,Nice,D,Nantes vs Nice,90,7.3,,0.0,,,48,42.0,,4.0,3.0,2.0,,0,0,6.0,11.0
449509,Abdulay Juma Bah,Nice,D,Nice vs Monaco,13,6.9,,0.0,,,3,2.0,,,1.0,,,0,0,2.0,2.0
449509,Abdulay Juma Bah,Nice,D,Lyon vs Nice,15,6.3,,0.0,,,13,10.0,,,,,,0,0,1.0,2.0
404172,Kojo Peprah Oppong,Nice,D,Nice vs Toulouse,89,7.2,,0.0,,,53,47.0,,4.0,1.0,1.0,1.0,0,0,6.0,10.0
404172,Kojo Peprah Oppong,Nice,D,Nice vs Auxerre,90,6.7,,0.0,,,52,49.0,,2.0,1.0,1.0,,1,0,4.0,9.0
404172,Kojo Peprah Oppong,Nice,D,Le Havre vs Nice,90,7.3,1.0,0.0,1.0,1.0,82,77.0,,,2.0,,1.0,0,0,5.0,6.0
404172,Kojo Peprah Oppong,Nice,D,Nice vs Nantes,90,7.3,,0.0,1.0,1.0,53,47.0,,2.0,2.0,2.0,2.0,0,0,5.0,10.0
404172,Kojo Peprah Oppong,Nice,D,Stade Brestois 29 vs Nice,90,6.9,,0.0,,,94,88.0,,4.0,,3.0,5.0,0,0,12.0,19.0
404172,Kojo Peprah Oppong,Nice,D,Nice vs Paris FC,90,6.6,,0.0,,,39,34.0,,1.0,2.0,1.0,,0,0,4.0,8.0
404172,Kojo Peprah Oppong,Nice,D,Monaco vs Nice,52,6.5,,0.0,,,11,7.0,,1.0,,,,0,0,3.0,3.0
404172,Kojo Peprah Oppong,Nice,D,Nice vs Lyon,90,7,,0.0,,,16,16.0,,2.0,1.0,2.0,,0,0,5.0,8.0
404172,Kojo Peprah Oppong,Nice,D,Rennes vs Nice,90,6.3,,0.0,,,44,41.0,,,1.0,3.0,,0,0,2.0,8.0
404172,Kojo Peprah Oppong,Nice,D,Nice vs Lille,90,6.6,,0.0,1.0,,35,27.0,,,,1.0,1.0,0,0,2.0,3.0
404172,Kojo Peprah Oppong,Nice,D,Paris Saint Germain vs Nice,90,7.2,,0.0,,,27,24.0,,4.0,1.0,,,0,0,6.0,10.0
404172,Kojo Peprah Oppong,Nice,D,Metz vs Nice,90,6.6,,0.0,1.0,,58,53.0,,2.0,2.0,,2.0,0,0,8.0,13.0
404172,Kojo Peprah Oppong,Nice,D,Nice vs Marseille,68,5.7,,0.0,,,46,44.0,,,,,,0,0,1.0,1.0
404172,Kojo Peprah Oppong,Nice,D,Lorient vs Nice,61,6.6,,0.0,1.0,,69,68.0,,3.0,,1.0,1.0,0,0,7.0,8.0
404172,Kojo Peprah Oppong,Nice,D,Lens vs Nice,70,6,,0.0,,,50,48.0,,,1.0,4.0,,0,0,4.0,11.0
404172,Kojo Peprah Oppong,Nice,D,Nice vs Strasbourg,90,5.6,,0.0,,,81,75.0,,,1.0,2.0,1.0,1,0,1.0,4.0
404172,Kojo Peprah Oppong,Nice,D,Nantes vs Nice,90,7.7,,0.0,,,32,29.0,,2.0,1.0,,2.0,0,0,7.0,8.0
404172,Kojo Peprah Oppong,Nice,D,Nice vs Stade Brestois 29,90,7.2,,0.0,,,94,89.0,,1.0,1.0,1.0,4.0,1,0,12.0,17.0
404172,Kojo Peprah Oppong,Nice,D,Nice vs Monaco,90,7.2,,0.0,,,23,20.0,,,2.0,,1.0,0,0,3.0,4.0
404172,Kojo Peprah Oppong,Nice,D,Lyon vs Nice,90,6.9,,0.0,,,63,60.0,,3.0,,1.0,3.0,0,0,7.0,9.0
404172,Kojo Peprah Oppong,Nice,D,Nice vs Lorient,90,6.9,,0.0,,,45,42.0,,3.0,3.0,1.0,,0,0,9.0,11.0
25008,Jonathan Clauss,Nice,M,Nice vs Toulouse,90,6.6,,0.0,2.0,,57,46.0,,1.0,1.0,,2.0,0,0,4.0,8.0
25008,Jonathan Clauss,Nice,M,Le Havre vs Nice,30,6,,0.0,,,11,8.0,,2.0,1.0,1.0,,0,0,2.0,3.0
25008,Jonathan Clauss,Nice,M,Nice vs Nantes,90,7.5,,0.0,,,54,45.0,,2.0,,,,0,0,3.0,5.0
25008,Jonathan Clauss,Nice,M,Stade Brestois 29 vs Nice,90,7.5,,0.0,,,54,49.0,,2.0,2.0,1.0,2.0,0,0,5.0,8.0
25008,Jonathan Clauss,Nice,M,Nice vs Paris FC,90,7.2,,0.0,1.0,1.0,43,33.0,,4.0,3.0,1.0,,0,0,6.0,8.0
25008,Jonathan Clauss,Nice,M,Monaco vs Nice,90,5.9,,0.0,1.0,,32,20.0,,2.0,1.0,2.0,,0,0,3.0,9.0
25008,Jonathan Clauss,Nice,M,Nice vs Lyon,90,6.6,,1.0,,,29,19.0,,,2.0,2.0,,0,0,1.0,7.0
25008,Jonathan Clauss,Nice,M,Rennes vs Nice,45,8.2,1.0,1.0,1.0,1.0,25,22.0,,2.0,,1.0,,0,0,4.0,8.0
25008,Jonathan Clauss,Nice,M,Metz vs Nice,90,7.9,,0.0,,,35,30.0,,2.0,1.0,1.0,2.0,0,0,5.0,8.0
25008,Jonathan Clauss,Nice,M,Nice vs Marseille,90,6.7,,0.0,,,63,52.0,,,,1.0,,0,0,,1.0
25008,Jonathan Clauss,Nice,M,Lorient vs Nice,90,7.2,,0.0,,,47,44.0,,2.0,1.0,1.0,,0,0,4.0,6.0
25008,Jonathan Clauss,Nice,M,Nice vs Angers,90,7.3,,0.0,,,51,43.0,,2.0,1.0,1.0,1.0,0,0,4.0,6.0
25008,Jonathan Clauss,Nice,M,Lens vs Nice,90,7,,0.0,,,60,50.0,,3.0,1.0,,,0,0,7.0,7.0
25008,Jonathan Clauss,Nice,M,Nice vs Strasbourg,90,7.7,,0.0,1.0,,32,28.0,,3.0,2.0,,1.0,0,0,6.0,10.0
25008,Jonathan Clauss,Nice,M,Toulouse vs Nice,90,5.7,,0.0,1.0,,59,47.0,,1.0,3.0,1.0,1.0,0,0,3.0,6.0
25008,Jonathan Clauss,Nice,M,Nantes vs Nice,90,8.5,,1.0,,,49,38.0,,5.0,4.0,,1.0,0,0,11.0,15.0
25008,Jonathan Clauss,Nice,M,Nice vs Stade Brestois 29,90,6.9,,1.0,,,63,50.0,,2.0,,,1.0,0,0,6.0,8.0
25008,Jonathan Clauss,Nice,M,Nice vs Monaco,90,7.3,,0.0,1.0,,32,24.0,,4.0,1.0,1.0,,0,0,4.0,8.0
25008,Jonathan Clauss,Nice,M,Lyon vs Nice,90,6.9,,0.0,,,65,59.0,,1.0,2.0,,3.0,0,0,5.0,7.0
25008,Jonathan Clauss,Nice,M,Nice vs Lorient,45,6.2,,1.0,,,12,9.0,,2.0,2.0,1.0,,0,0,2.0,4.0
4399,Hicham Boudaoui,Nice,M,Nice vs Toulouse,90,6.3,,0.0,1.0,1.0,44,34.0,,,1.0,3.0,3.0,1,0,4.0,13.0
4399,Hicham Boudaoui,Nice,M,Nice vs Auxerre,90,6.3,,0.0,1.0,1.0,42,37.0,,1.0,,2.0,2.0,0,0,4.0,11.0
4399,Hicham Boudaoui,Nice,M,Le Havre vs Nice,90,7.7,,1.0,1.0,1.0,52,42.0,,,,2.0,2.0,1,0,6.0,11.0
4399,Hicham Boudaoui,Nice,M,Nice vs Nantes,81,6.7,,0.0,2.0,1.0,31,27.0,,2.0,2.0,,1.0,0,0,4.0,7.0
4399,Hicham Boudaoui,Nice,M,Stade Brestois 29 vs Nice,73,6.6,,1.0,1.0,,36,31.0,,1.0,1.0,,2.0,0,0,3.0,5.0
4399,Hicham Boudaoui,Nice,M,Nice vs Paris FC,33,6.5,,0.0,1.0,,12,11.0,,,1.0,1.0,1.0,0,0,1.0,4.0
4399,Hicham Boudaoui,Nice,M,Monaco vs Nice,71,6.3,,0.0,,,12,10.0,,,,,,0,0,,1.0
4399,Hicham Boudaoui,Nice,M,Nice vs Lyon,90,8.2,1.0,0.0,1.0,1.0,24,22.0,,2.0,3.0,1.0,1.0,0,0,5.0,11.0
4399,Hicham Boudaoui,Nice,M,Nice vs Lille,22,6.9,,0.0,,,5,4.0,,,1.0,,1.0,0,0,1.0,1.0
4399,Hicham Boudaoui,Nice,M,Paris Saint Germain vs Nice,90,7,,0.0,,,16,14.0,,2.0,2.0,,,0,0,5.0,8.0
4399,Hicham Boudaoui,Nice,M,Metz vs Nice,90,6.3,,0.0,,,38,32.0,,3.0,2.0,1.0,2.0,1,0,6.0,11.0
4399,Hicham Boudaoui,Nice,M,Nice vs Angers,27,6.9,,0.0,1.0,,17,16.0,,,,1.0,2.0,0,0,2.0,4.0
4399,Hicham Boudaoui,Nice,M,Lens vs Nice,70,6.5,,0.0,2.0,2.0,25,17.0,,2.0,,,4.0,0,0,6.0,8.0
4399,Hicham Boudaoui,Nice,M,Nice vs Stade Brestois 29,17,6.9,,0.0,,,13,12.0,,,,1.0,,1,0,2.0,4.0
4399,Hicham Boudaoui,Nice,M,Lyon vs Nice,15,6.7,,0.0,,,4,3.0,,,,,,0,0,,
4399,Hicham Boudaoui,Nice,M,Nice vs Lorient,26,6.7,,0.0,,,4,2.0,,,,,1.0,0,0,1.0,1.0
193617,Tom Louchet,Nice,M,Nice vs Toulouse,76,7,,0.0,,,29,26.0,,3.0,,2.0,1.0,0,0,4.0,7.0
193617,Tom Louchet,Nice,M,Nice vs Auxerre,89,9.2,,2.0,2.0,,41,33.0,,1.0,2.0,,2.0,0,0,5.0,8.0
193617,Tom Louchet,Nice,M,Le Havre vs Nice,82,6.9,,0.0,,,21,16.0,,4.0,,1.0,,0,0,6.0,9.0
193617,Tom Louchet,Nice,M,Nice vs Nantes,9,6.7,,0.0,,,8,7.0,,1.0,,1.0,,0,0,1.0,2.0
193617,Tom Louchet,Nice,M,Stade Brestois 29 vs Nice,17,6.5,,0.0,,,11,10.0,,,,,,0,0,,2.0
193617,Tom Louchet,Nice,M,Monaco vs Nice,34,6.5,,0.0,,,8,6.0,,,1.0,1.0,,0,0,,2.0
193617,Tom Louchet,Nice,M,Nice vs Lyon,17,6.3,,0.0,,,7,6.0,,2.0,1.0,,1.0,0,0,4.0,7.0
193617,Tom Louchet,Nice,M,Rennes vs Nice,45,6.3,,0.0,,,11,6.0,,,2.0,2.0,1.0,1,0,1.0,3.0
193617,Tom Louchet,Nice,M,Nice vs Lille,22,6.9,,0.0,,,5,2.0,,1.0,,1.0,,0,0,1.0,2.0
193617,Tom Louchet,Nice,M,Paris Saint Germain vs Nice,84,6.9,,0.0,,,25,15.0,,3.0,1.0,,,0,0,5.0,7.0
193617,Tom Louchet,Nice,M,Lorient vs Nice,90,6.2,,0.0,1.0,,51,42.0,,1.0,,1.0,,0,0,3.0,5.0
193617,Tom Louchet,Nice,M,Nice vs Angers,53,5.9,,0.0,,,37,28.0,,1.0,,2.0,1.0,0,1,3.0,8.0
193617,Tom Louchet,Nice,M,Toulouse vs Nice,90,6.9,,0.0,2.0,,34,29.0,,1.0,,,,0,0,4.0,6.0
193617,Tom Louchet,Nice,M,Nantes vs Nice,20,7.6,1.0,0.0,1.0,1.0,9,8.0,,,1.0,,,0,0,,
193617,Tom Louchet,Nice,M,Nice vs Stade Brestois 29,8,6.7,,0.0,1.0,1.0,9,7.0,,,,,1.0,0,0,1.0,3.0
193617,Tom Louchet,Nice,M,Nice vs Monaco,64,6.6,,0.0,,,18,12.0,,2.0,,,1.0,0,0,3.0,7.0
193617,Tom Louchet,Nice,M,Lyon vs Nice,75,6.6,,0.0,2.0,2.0,24,20.0,,1.0,,2.0,1.0,0,0,3.0,7.0
193617,Tom Louchet,Nice,M,Nice vs Lorient,85,8.2,2.0,0.0,2.0,2.0,27,21.0,,1.0,,1.0,1.0,0,0,2.0,3.0
162465,Melvin Bard,Nice,M,Nice vs Toulouse,90,6.5,,0.0,2.0,,30,25.0,,1.0,1.0,,,0,0,1.0,4.0
162465,Melvin Bard,Nice,M,Nice vs Auxerre,90,6.9,,0.0,1.0,1.0,38,34.0,,,,3.0,3.0,0,0,6.0,14.0
162465,Melvin Bard,Nice,M,Le Havre vs Nice,90,6.7,,0.0,,,42,34.0,,1.0,,,1.0,0,0,3.0,10.0
162465,Melvin Bard,Nice,M,Nice vs Nantes,90,7.2,,0.0,1.0,,34,24.0,,,1.0,,1.0,0,0,2.0,4.0
162465,Melvin Bard,Nice,M,Stade Brestois 29 vs Nice,90,5.6,,0.0,1.0,,106,93.0,,,1.0,1.0,1.0,1,0,3.0,8.0
162465,Melvin Bard,Nice,M,Nice vs Paris FC,45,6.5,,0.0,,,22,16.0,,1.0,,,,0,0,1.0,2.0
162465,Melvin Bard,Nice,M,Monaco vs Nice,90,6.9,,0.0,,,28,19.0,,4.0,1.0,1.0,1.0,0,0,10.0,12.0
162465,Melvin Bard,Nice,M,Nice vs Lyon,90,7.6,1.0,0.0,1.0,1.0,22,14.0,,1.0,1.0,,1.0,0,0,4.0,7.0
162465,Melvin Bard,Nice,M,Rennes vs Nice,90,7,,0.0,,,42,35.0,,2.0,1.0,,2.0,0,0,6.0,8.0
162465,Melvin Bard,Nice,M,Nice vs Lille,90,7.3,,0.0,,,19,12.0,,4.0,2.0,1.0,1.0,0,0,8.0,12.0
162465,Melvin Bard,Nice,M,Paris Saint Germain vs Nice,90,6.2,,0.0,,,14,5.0,,1.0,,1.0,1.0,0,0,3.0,6.0
162465,Melvin Bard,Nice,M,Metz vs Nice,45,6.2,,0.0,,,8,4.0,,,1.0,2.0,,1,0,2.0,4.0
162465,Melvin Bard,Nice,M,Nice vs Marseille,90,6.2,,0.0,2.0,1.0,35,30.0,,,4.0,1.0,1.0,0,0,2.0,6.0
162465,Melvin Bard,Nice,M,Lorient vs Nice,90,6.3,,0.0,,,85,75.0,,,1.0,,1.0,0,0,3.0,5.0
162465,Melvin Bard,Nice,M,Nice vs Angers,90,6.9,,0.0,1.0,,74,63.0,,3.0,1.0,1.0,,0,0,4.0,6.0
162465,Melvin Bard,Nice,M,Lens vs Nice,90,7,,0.0,,,61,52.0,,3.0,4.0,,,0,0,7.0,9.0
162465,Melvin Bard,Nice,M,Nice vs Strasbourg,90,7.9,,1.0,,,51,44.0,,5.0,,2.0,1.0,0,0,8.0,15.0
162465,Melvin Bard,Nice,M,Toulouse vs Nice,70,6.2,,0.0,1.0,1.0,56,47.0,,1.0,1.0,2.0,,0,0,1.0,4.0
162465,Melvin Bard,Nice,M,Nice vs Lorient,26,6,,0.0,,,8,3.0,,2.0,,2.0,1.0,1,0,4.0,8.0
334879,Badredine Bouanani,Nice,F,Nice vs Toulouse,76,6.7,,0.0,1.0,,30,23.0,,,1.0,,2.0,0,0,3.0,9.0
334879,Badredine Bouanani,Nice,F,Nice vs Auxerre,17,6.7,,0.0,,,17,14.0,,,,,,0,0,,
105154,Isak Jansson,Nice,F,Nice vs Toulouse,76,6.2,,0.0,,,16,12.0,,,,2.0,,0,0,1.0,7.0
105154,Isak Jansson,Nice,F,Nice vs Auxerre,63,6.2,,0.0,2.0,1.0,10,6.0,,1.0,3.0,1.0,3.0,1,0,5.0,12.0
105154,Isak Jansson,Nice,F,Le Havre vs Nice,60,6.3,,0.0,,,18,12.0,,1.0,,,1.0,0,0,2.0,7.0
105154,Isak Jansson,Nice,F,Nice vs Nantes,15,7,,0.0,1.0,1.0,6,5.0,,,,1.0,,0,0,,1.0
105154,Isak Jansson,Nice,F,Stade Brestois 29 vs Nice,27,6.5,,0.0,1.0,,6,5.0,,1.0,,,,0,0,1.0,3.0
105154,Isak Jansson,Nice,F,Nice vs Paris FC,22,6.3,,0.0,1.0,1.0,2,1.0,,1.0,,,,0,0,1.0,1.0
105154,Isak Jansson,Nice,F,Nice vs Lille,21,8,1.0,0.0,3.0,3.0,6,4.0,,1.0,,1.0,1.0,0,0,2.0,4.0
105154,Isak Jansson,Nice,F,Paris Saint Germain vs Nice,45,6.3,,0.0,,,5,3.0,,,,,,0,0,,1.0
105154,Isak Jansson,Nice,F,Nice vs Marseille,13,6.3,,0.0,,,2,1.0,,,,,,0,0,1.0,1.0
105154,Isak Jansson,Nice,F,Lorient vs Nice,30,6.5,,0.0,,,6,4.0,,,1.0,1.0,,1,0,,2.0
105154,Isak Jansson,Nice,F,Nice vs Angers,27,6.3,,0.0,1.0,1.0,14,10.0,,1.0,,,,0,0,1.0,5.0
105154,Isak Jansson,Nice,F,Lens vs Nice,70,7.2,,0.0,1.0,1.0,16,14.0,,2.0,1.0,,,0,0,4.0,6.0
105154,Isak Jansson,Nice,F,Toulouse vs Nice,45,6.3,,0.0,1.0,1.0,9,6.0,,1.0,,,,0,0,2.0,3.0
105154,Isak Jansson,Nice,F,Nice vs Stade Brestois 29,8,6.3,,0.0,,,2,2.0,,,,,,0,0,,1.0
105154,Isak Jansson,Nice,F,Nice vs Monaco,13,6.3,,0.0,,,6,4.0,,,,,,0,0,,2.0
105154,Isak Jansson,Nice,F,Lyon vs Nice,13,6.3,,0.0,,,2,2.0,,,,,,0,0,,
69971,Terem Moffi,Nice,F,Nice vs Toulouse,76,6.7,,0.0,,,16,11.0,,,,,1.0,0,0,4.0,7.0
69971,Terem Moffi,Nice,F,Nice vs Auxerre,17,7,1.0,0.0,2.0,1.0,6,5.0,,,,,,0,0,,
69971,Terem Moffi,Nice,F,Le Havre vs Nice,23,6.3,,0.0,1.0,,4,4.0,,,,,,0,0,,1.0
69971,Terem Moffi,Nice,F,Nice vs Nantes,28,6.2,,0.0,2.0,1.0,2,2.0,,,,,,0,0,,1.0
69971,Terem Moffi,Nice,F,Stade Brestois 29 vs Nice,63,7,1.0,0.0,2.0,1.0,7,5.0,,,,1.0,,0,0,1.0,4.0
69971,Terem Moffi,Nice,F,Nice vs Paris FC,75,6.3,,0.0,1.0,1.0,8,4.0,,,,,1.0,0,0,2.0,3.0
69971,Terem Moffi,Nice,F,Monaco vs Nice,38,6.2,,0.0,1.0,,6,5.0,,,,,,0,0,1.0,5.0
69971,Terem Moffi,Nice,F,Metz vs Nice,11,6.5,,0.0,,,2,2.0,,,,,,0,0,,3.0
69971,Terem Moffi,Nice,F,Nice vs Marseille,68,6.6,,0.0,4.0,4.0,9,5.0,,1.0,,1.0,,0,0,1.0,4.0
69971,Terem Moffi,Nice,F,Lorient vs Nice,90,6,,0.0,,,14,10.0,,,,,,0,0,3.0,10.0
107,Sofiane Diop,Nice,M,Nice vs Toulouse,14,6.5,,0.0,,,7,7.0,,,,,,0,0,1.0,2.0
107,Sofiane Diop,Nice,M,Nice vs Auxerre,27,7.3,,0.0,1.0,,20,17.0,,1.0,1.0,,,0,0,3.0,7.0
107,Sofiane Diop,Nice,M,Le Havre vs Nice,30,6.5,,0.0,,,13,10.0,,,,,2.0,0,0,2.0,3.0
107,Sofiane Diop,Nice,M,Nice vs Nantes,62,6.2,,0.0,2.0,,22,19.0,,,,3.0,,1,0,3.0,9.0
107,Sofiane Diop,Nice,M,Stade Brestois 29 vs Nice,90,6.9,,0.0,2.0,1.0,59,48.0,,1.0,,1.0,2.0,1,0,4.0,9.0
107,Sofiane Diop,Nice,M,Nice vs Paris FC,90,7.9,1.0,0.0,2.0,1.0,31,21.0,,1.0,1.0,1.0,4.0,0,0,6.0,11.0
107,Sofiane Diop,Nice,M,Monaco vs Nice,72,8.2,2.0,0.0,2.0,2.0,21,13.0,,,,,2.0,0,0,3.0,9.0
107,Sofiane Diop,Nice,M,Nice vs Lyon,73,7.6,1.0,1.0,1.0,1.0,24,19.0,,,1.0,1.0,4.0,0,0,4.0,8.0
107,Sofiane Diop,Nice,M,Rennes vs Nice,77,7.3,1.0,0.0,3.0,1.0,23,18.0,,,1.0,1.0,2.0,0,0,3.0,8.0
107,Sofiane Diop,Nice,M,Nice vs Lille,68,6.9,1.0,0.0,3.0,1.0,26,20.0,,,1.0,1.0,,0,0,,4.0
107,Sofiane Diop,Nice,M,Paris Saint Germain vs Nice,27,6.9,,0.0,,,8,6.0,,,,,2.0,0,0,2.0,3.0
107,Sofiane Diop,Nice,M,Metz vs Nice,79,6.3,,0.0,2.0,1.0,21,20.0,,,,1.0,1.0,0,0,1.0,6.0
107,Sofiane Diop,Nice,M,Nice vs Marseille,77,7.2,,1.0,,,31,23.0,,1.0,1.0,1.0,3.0,0,0,7.0,10.0
107,Sofiane Diop,Nice,M,Lorient vs Nice,59,6.2,,0.0,,,23,18.0,,1.0,,1.0,2.0,1,0,3.0,8.0
107,Sofiane Diop,Nice,M,Nice vs Angers,63,6.3,,0.0,2.0,,19,17.0,,1.0,1.0,1.0,1.0,0,0,2.0,9.0
107,Sofiane Diop,Nice,M,Lens vs Nice,90,7.5,,0.0,,,49,42.0,,,,1.0,6.0,0,0,7.0,10.0
107,Sofiane Diop,Nice,M,Nice vs Strasbourg,90,7,,0.0,3.0,1.0,43,35.0,,,2.0,1.0,,0,0,,3.0
107,Sofiane Diop,Nice,M,Nantes vs Nice,70,7.3,1.0,0.0,2.0,1.0,29,21.0,,,3.0,,2.0,0,0,3.0,8.0
107,Sofiane Diop,Nice,M,Nice vs Stade Brestois 29,82,7.5,,0.0,1.0,1.0,32,26.0,,2.0,,,2.0,0,0,8.0,10.0
107,Sofiane Diop,Nice,M,Nice vs Monaco,84,6.3,,0.0,2.0,,42,32.0,,2.0,1.0,1.0,3.0,1,0,5.0,13.0
107,Sofiane Diop,Nice,M,Lyon vs Nice,90,6.6,,0.0,2.0,1.0,47,37.0,,,,2.0,1.0,0,0,5.0,6.0
107,Sofiane Diop,Nice,M,Nice vs Lorient,64,6.5,,0.0,,,19,13.0,,,1.0,2.0,,1,0,,4.0
128987,Salis Abdul Samed,Nice,M,Nice vs Toulouse,14,6.6,,0.0,,,13,13.0,,1.0,,,,0,0,1.0,1.0
128987,Salis Abdul Samed,Nice,M,Nice vs Auxerre,63,6.3,,0.0,,,26,25.0,,1.0,1.0,,,0,0,2.0,4.0
128987,Salis Abdul Samed,Nice,M,Le Havre vs Nice,60,6.5,,0.0,,,45,41.0,,,,3.0,,0,0,2.0,6.0
128987,Salis Abdul Samed,Nice,M,Nice vs Paris FC,45,6.2,,0.0,,,17,16.0,,,2.0,2.0,1.0,1,0,1.0,4.0
128987,Salis Abdul Samed,Nice,M,Monaco vs Nice,19,6.5,,0.0,,,4,3.0,,,1.0,,1.0,0,0,1.0,4.0
128987,Salis Abdul Samed,Nice,M,Rennes vs Nice,77,6.3,,0.0,,,27,23.0,,1.0,,,,0,0,1.0,2.0
128987,Salis Abdul Samed,Nice,M,Nice vs Lille,69,6.9,,0.0,,,23,21.0,,,1.0,,3.0,0,0,4.0,6.0
128987,Salis Abdul Samed,Nice,M,Paris Saint Germain vs Nice,12,6.5,,0.0,,,3,3.0,,,,,,0,0,,
128987,Salis Abdul Samed,Nice,M,Nice vs Marseille,67,6.5,,0.0,,,41,40.0,,3.0,,4.0,1.0,0,0,5.0,10.0
128987,Salis Abdul Samed,Nice,M,Lorient vs Nice,68,6.9,,0.0,,,59,57.0,,1.0,2.0,,,0,0,1.0,2.0
128987,Salis Abdul Samed,Nice,M,Lens vs Nice,20,6.2,,0.0,,,10,8.0,,,,2.0,,1,0,,5.0
128987,Salis Abdul Samed,Nice,M,Nice vs Strasbourg,21,6.6,,0.0,,,11,11.0,,,,,,0,0,,
128987,Salis Abdul Samed,Nice,M,Nantes vs Nice,90,6.5,,0.0,,,30,25.0,,4.0,2.0,2.0,,0,0,5.0,13.0
128987,Salis Abdul Samed,Nice,M,Nice vs Stade Brestois 29,45,6.2,,0.0,,,33,31.0,,,,1.0,1.0,1,0,2.0,5.0
30531,Jérémie Boga,Nice,F,Nice vs Toulouse,14,6.9,,0.0,1.0,1.0,12,8.0,,2.0,,,,0,0,3.0,5.0
30531,Jérémie Boga,Nice,F,Nice vs Auxerre,73,7.9,1.0,0.0,1.0,1.0,25,20.0,,,,,1.0,0,0,3.0,6.0
30531,Jérémie Boga,Nice,F,Le Havre vs Nice,67,6.3,,0.0,,,21,17.0,,,1.0,,1.0,0,0,3.0,3.0
30531,Jérémie Boga,Nice,F,Nice vs Nantes,75,7.7,1.0,0.0,4.0,1.0,24,22.0,,,,,1.0,0,0,1.0,4.0
30531,Jérémie Boga,Nice,F,Stade Brestois 29 vs Nice,79,7,,0.0,2.0,,24,20.0,,,1.0,,3.0,0,0,7.0,8.0
30531,Jérémie Boga,Nice,F,Nice vs Paris FC,15,6.7,,0.0,,,4,3.0,,,,,1.0,0,0,1.0,1.0
30531,Jérémie Boga,Nice,F,Monaco vs Nice,18,6.3,,0.0,,,8,7.0,,,1.0,,,0,0,,2.0
30531,Jérémie Boga,Nice,F,Nice vs Lyon,73,6.6,,1.0,1.0,,18,15.0,,,,,1.0,0,0,2.0,6.0
30531,Jérémie Boga,Nice,F,Rennes vs Nice,90,6.6,,1.0,1.0,1.0,18,14.0,,,,2.0,1.0,0,0,1.0,4.0
30531,Jérémie Boga,Nice,F,Nice vs Lille,68,6.3,,0.0,,,16,14.0,,,,,2.0,0,0,2.0,7.0
30531,Jérémie Boga,Nice,F,Paris Saint Germain vs Nice,18,6.9,,0.0,1.0,1.0,9,8.0,,,,,1.0,0,0,2.0,2.0
30531,Jérémie Boga,Nice,F,Metz vs Nice,19,6.3,,0.0,,,7,6.0,,,,,,0,0,1.0,1.0
30531,Jérémie Boga,Nice,F,Nice vs Marseille,22,6.7,,0.0,1.0,,5,5.0,,1.0,,,,0,0,1.0,2.0
30531,Jérémie Boga,Nice,F,Lorient vs Nice,14,6.6,,0.0,,,7,6.0,,1.0,,,,0,0,2.0,2.0
503702,Bernard Nguene,Nice,F,Nice vs Toulouse,14,6.3,,0.0,,,4,4.0,,,,1.0,,1,0,2.0,4.0
503702,Bernard Nguene,Nice,F,Le Havre vs Nice,23,6.2,,0.0,,,6,3.0,,,2.0,1.0,,0,0,,2.0
503702,Bernard Nguene,Nice,F,Rennes vs Nice,29,6.6,,0.0,,,4,3.0,,1.0,,1.0,1.0,0,0,4.0,6.0
503702,Bernard Nguene,Nice,F,Nice vs Marseille,13,6.5,,0.0,,,0,,,,,,,0,0,,1.0
503702,Bernard Nguene,Nice,F,Nice vs Angers,45,6.9,,0.0,2.0,,14,10.0,,3.0,1.0,,,0,0,6.0,9.0
503702,Bernard Nguene,Nice,F,Nice vs Strasbourg,9,6.3,,0.0,1.0,,5,5.0,,,,,1.0,0,0,1.0,1.0
19250,Billal Brahimi,Nice,F,Nice vs Toulouse,8,6.6,,0.0,,,3,3.0,,,,,,0,0,,
325346,Guillaume Restes,Toulouse,G,Nice vs Toulouse,90,7,,0.0,,,26,15.0,,,,,2.0,0,0,2.0,2.0
325346,Guillaume Restes,Toulouse,G,Toulouse vs Stade Brestois 29,90,7.6,,0.0,,,27,22.0,,,1.0,,1.0,0,0,1.0,1.0
325346,Guillaume Restes,Toulouse,G,Toulouse vs Paris Saint Germain,90,6.5,,0.0,,,20,16.0,,,,,,0,0,,
325346,Guillaume Restes,Toulouse,G,Lille vs Toulouse,90,6.3,,0.0,,,24,9.0,,,,,1.0,1,0,1.0,1.0
325346,Guillaume Restes,Toulouse,G,Auxerre vs Toulouse,90,6.2,,0.0,,,23,20.0,,,,,,1,0,,
325346,Guillaume Restes,Toulouse,G,Toulouse vs Nantes,90,5.6,,0.0,,,23,15.0,,,,,,0,0,,
325346,Guillaume Restes,Toulouse,G,Lyon vs Toulouse,90,6.9,,0.0,,,26,13.0,,,,,,0,0,,
325346,Guillaume Restes,Toulouse,G,Toulouse vs Metz,90,7.5,,0.0,,,18,11.0,,,,,,0,0,,
325346,Guillaume Restes,Toulouse,G,Monaco vs Toulouse,90,7.3,,0.0,,,29,12.0,,,,,,0,0,,
325346,Guillaume Restes,Toulouse,G,Toulouse vs Rennes,90,5.9,,0.0,,,26,20.0,,,,,1.0,0,0,1.0,1.0
325346,Guillaume Restes,Toulouse,G,Toulouse vs Le Havre,90,7.5,,0.0,,,23,18.0,,,,,,0,0,,
325346,Guillaume Restes,Toulouse,G,Lorient vs Toulouse,90,6.9,,0.0,,,28,22.0,,,,,,0,0,,
325346,Guillaume Restes,Toulouse,G,Toulouse vs Angers,90,6.3,,0.0,,,28,26.0,,,,,,0,0,,
325346,Guillaume Restes,Toulouse,G,Marseille vs Toulouse,90,5.9,,0.0,,,19,10.0,,,,,,0,0,,1.0
325346,Guillaume Restes,Toulouse,G,Toulouse vs Strasbourg,90,6.9,,0.0,,,44,30.0,,,,,,0,0,,
325346,Guillaume Restes,Toulouse,G,Paris FC vs Toulouse,90,7,,0.0,,,20,14.0,,,,1.0,1.0,0,0,1.0,2.0
325346,Guillaume Restes,Toulouse,G,Toulouse vs Lens,90,7,,0.0,,,31,16.0,,,,,1.0,0,0,1.0,1.0
325346,Guillaume Restes,Toulouse,G,Toulouse vs Nice,90,7.3,,0.0,,,22,13.0,,,,,,0,0,1.0,1.0
325346,Guillaume Restes,Toulouse,G,Stade Brestois 29 vs Toulouse,90,7.9,,0.0,,,23,11.0,,,,,,0,0,1.0,1.0
325346,Guillaume Restes,Toulouse,G,Toulouse vs Auxerre,90,7.3,,0.0,,,25,19.0,,,,,,0,0,,
325346,Guillaume Restes,Toulouse,G,Angers vs Toulouse,90,7.3,,0.0,,,20,19.0,,,,,,0,0,1.0,1.0
325346,Guillaume Restes,Toulouse,G,Le Havre vs Toulouse,90,5.9,,0.0,,,11,10.0,,,,,,1,0,,
325346,Guillaume Restes,Toulouse,G,Toulouse vs Paris FC,90,6.7,,0.0,,,13,10.0,,,,,,0,0,,
102,Djibril Sidibé,Toulouse,D,Nice vs Toulouse,90,8.2,1.0,0.0,1.0,1.0,47,39.0,,3.0,,1.0,,0,0,3.0,4.0
102,Djibril Sidibé,Toulouse,D,Toulouse vs Stade Brestois 29,70,6.6,,0.0,,,35,27.0,,1.0,1.0,1.0,,0,0,2.0,4.0
102,Djibril Sidibé,Toulouse,D,Toulouse vs Paris Saint Germain,63,4.9,,0.0,,,14,5.0,,1.0,1.0,1.0,,0,0,2.0,3.0
102,Djibril Sidibé,Toulouse,D,Lille vs Toulouse,12,6,,0.0,,,1,,,,,,,0,0,1.0,2.0
102,Djibril Sidibé,Toulouse,D,Auxerre vs Toulouse,20,7.3,,0.0,,,22,21.0,,1.0,,1.0,1.0,1,0,2.0,3.0
102,Djibril Sidibé,Toulouse,D,Toulouse vs Nantes,86,7,,0.0,1.0,,29,24.0,,3.0,1.0,1.0,,0,0,3.0,3.0
102,Djibril Sidibé,Toulouse,D,Lyon vs Toulouse,78,6.2,,0.0,,,25,11.0,,,1.0,1.0,2.0,0,0,4.0,6.0
102,Djibril Sidibé,Toulouse,D,Toulouse vs Metz,64,6.9,,0.0,,,23,19.0,,,,1.0,,0,0,,2.0
102,Djibril Sidibé,Toulouse,D,Monaco vs Toulouse,17,6.9,,0.0,,,4,3.0,,,,,,0,0,,1.0
102,Djibril Sidibé,Toulouse,D,Toulouse vs Rennes,61,6.5,,0.0,,,21,15.0,,1.0,1.0,2.0,,0,0,2.0,6.0
102,Djibril Sidibé,Toulouse,D,Toulouse vs Le Havre,90,7.2,,0.0,,,38,32.0,,3.0,1.0,1.0,2.0,0,0,6.0,8.0
102,Djibril Sidibé,Toulouse,D,Lorient vs Toulouse,90,6.5,1.0,0.0,1.0,1.0,25,16.0,,2.0,,2.0,1.0,0,0,3.0,7.0
102,Djibril Sidibé,Toulouse,D,Toulouse vs Angers,18,7.2,,0.0,,,19,19.0,,,,,,0,0,1.0,1.0
102,Djibril Sidibé,Toulouse,D,Marseille vs Toulouse,85,7.3,,1.0,,,13,10.0,,4.0,1.0,,1.0,0,0,6.0,9.0
102,Djibril Sidibé,Toulouse,D,Toulouse vs Strasbourg,90,7.2,,0.0,,,30,22.0,,3.0,,1.0,1.0,0,0,7.0,10.0
102,Djibril Sidibé,Toulouse,D,Paris FC vs Toulouse,84,7.7,,2.0,1.0,1.0,26,22.0,,3.0,,,1.0,0,0,6.0,10.0
102,Djibril Sidibé,Toulouse,D,Toulouse vs Lens,90,6.6,,0.0,,,20,16.0,,1.0,,,1.0,0,0,4.0,5.0
102,Djibril Sidibé,Toulouse,D,Toulouse vs Nice,90,7,,0.0,,,48,40.0,,2.0,,3.0,,0,0,2.0,5.0
102,Djibril Sidibé,Toulouse,D,Stade Brestois 29 vs Toulouse,90,6.3,,0.0,,,37,33.0,,2.0,,1.0,,0,0,2.0,7.0
102,Djibril Sidibé,Toulouse,D,Toulouse vs Auxerre,73,6.7,,0.0,,,18,12.0,,,,,,0,0,1.0,2.0
102,Djibril Sidibé,Toulouse,D,Angers vs Toulouse,90,6.5,,0.0,,,60,52.0,,1.0,,,1.0,0,0,3.0,6.0
102,Djibril Sidibé,Toulouse,D,Le Havre vs Toulouse,83,7.3,1.0,0.0,2.0,1.0,58,49.0,,2.0,,2.0,,0,0,3.0,6.0
102,Djibril Sidibé,Toulouse,D,Toulouse vs Paris FC,90,6.7,,0.0,,,61,52.0,,1.0,,1.0,,0,0,1.0,3.0
278392,Charlie Cresswell,Toulouse,D,Nice vs Toulouse,90,7.7,,0.0,1.0,,55,48.0,,1.0,,1.0,,0,0,4.0,10.0
278392,Charlie Cresswell,Toulouse,D,Toulouse vs Stade Brestois 29,90,7.3,,0.0,1.0,,58,52.0,,,,,1.0,0,0,4.0,7.0
278392,Charlie Cresswell,Toulouse,D,Toulouse vs Paris Saint Germain,90,6,1.0,0.0,2.0,1.0,19,16.0,,,1.0,,1.0,0,0,3.0,5.0
278392,Charlie Cresswell,Toulouse,D,Lille vs Toulouse,90,7,,0.0,1.0,1.0,23,18.0,,,2.0,,,0,0,6.0,7.0
278392,Charlie Cresswell,Toulouse,D,Auxerre vs Toulouse,90,6,,0.0,1.0,,72,66.0,,,,4.0,1.0,0,0,6.0,15.0
278392,Charlie Cresswell,Toulouse,D,Toulouse vs Nantes,90,6.3,,0.0,1.0,1.0,59,49.0,,,1.0,3.0,1.0,1,0,7.0,12.0
278392,Charlie Cresswell,Toulouse,D,Lyon vs Toulouse,90,7.6,,0.0,,,32,28.0,,,1.0,,,0,0,6.0,9.0
278392,Charlie Cresswell,Toulouse,D,Toulouse vs Metz,90,8.9,1.0,1.0,2.0,1.0,53,49.0,,2.0,2.0,2.0,,0,0,7.0,11.0
278392,Charlie Cresswell,Toulouse,D,Monaco vs Toulouse,90,6.7,,0.0,2.0,,38,28.0,,,1.0,2.0,2.0,1,0,8.0,12.0
278392,Charlie Cresswell,Toulouse,D,Toulouse vs Rennes,90,8.5,1.0,0.0,2.0,2.0,74,67.0,,4.0,,1.0,1.0,0,0,10.0,15.0
278392,Charlie Cresswell,Toulouse,D,Toulouse vs Le Havre,90,6.9,,0.0,1.0,,36,31.0,,2.0,,1.0,,0,0,7.0,13.0
278392,Charlie Cresswell,Toulouse,D,Lorient vs Toulouse,90,6.3,,0.0,,,69,65.0,,,1.0,2.0,,1,0,1.0,5.0
278392,Charlie Cresswell,Toulouse,D,Toulouse vs Angers,90,7.3,,0.0,4.0,1.0,70,61.0,,2.0,2.0,1.0,3.0,0,0,16.0,23.0
278392,Charlie Cresswell,Toulouse,D,Marseille vs Toulouse,90,7.2,,0.0,,,24,15.0,,,1.0,,,0,0,2.0,6.0
278392,Charlie Cresswell,Toulouse,D,Toulouse vs Strasbourg,90,7.2,,0.0,,,40,34.0,,1.0,3.0,,2.0,0,0,7.0,8.0
278392,Charlie Cresswell,Toulouse,D,Paris FC vs Toulouse,90,6.9,,0.0,,,39,30.0,,1.0,,,,0,0,1.0,3.0
278392,Charlie Cresswell,Toulouse,D,Toulouse vs Lens,90,6,,0.0,,,33,24.0,,3.0,2.0,3.0,1.0,1,0,7.0,14.0
278392,Charlie Cresswell,Toulouse,D,Toulouse vs Nice,90,7.3,,0.0,,,57,50.0,,1.0,1.0,1.0,1.0,0,0,8.0,11.0
278392,Charlie Cresswell,Toulouse,D,Stade Brestois 29 vs Toulouse,90,7.7,,0.0,1.0,1.0,35,26.0,,1.0,,1.0,,1,0,6.0,9.0
278392,Charlie Cresswell,Toulouse,D,Toulouse vs Auxerre,90,7.3,,0.0,1.0,,83,71.0,,,1.0,2.0,,0,0,9.0,14.0
278392,Charlie Cresswell,Toulouse,D,Angers vs Toulouse,90,6.7,,0.0,,,71,65.0,,2.0,2.0,1.0,,0,0,7.0,15.0
278392,Charlie Cresswell,Toulouse,D,Le Havre vs Toulouse,90,6,,1.0,3.0,,74,68.0,,1.0,1.0,1.0,,0,0,8.0,17.0
278392,Charlie Cresswell,Toulouse,D,Toulouse vs Paris FC,90,6.9,,0.0,1.0,,66,54.0,,1.0,,,,0,0,9.0,13.0
50735,Mark McKenzie,Toulouse,D,Nice vs Toulouse,90,7.9,,0.0,,,45,42.0,,1.0,,,,0,0,2.0,3.0
50735,Mark McKenzie,Toulouse,D,Toulouse vs Stade Brestois 29,90,7.6,,0.0,,,44,38.0,,1.0,,,,0,0,2.0,7.0
50735,Mark McKenzie,Toulouse,D,Toulouse vs Paris Saint Germain,90,5.7,,0.0,,,25,21.0,,1.0,,,1.0,0,0,3.0,4.0
50735,Mark McKenzie,Toulouse,D,Lille vs Toulouse,90,6.2,,0.0,,,16,12.0,,3.0,3.0,1.0,,0,0,4.0,8.0
50735,Mark McKenzie,Toulouse,D,Auxerre vs Toulouse,90,6.7,,0.0,,,74,65.0,,1.0,,3.0,,1,0,2.0,7.0
50735,Mark McKenzie,Toulouse,D,Toulouse vs Nantes,90,6.5,,0.0,,,51,44.0,,2.0,,2.0,1.0,0,0,4.0,6.0
50735,Mark McKenzie,Toulouse,D,Lyon vs Toulouse,90,6.7,,0.0,,,19,15.0,,1.0,2.0,2.0,,1,0,2.0,6.0
50735,Mark McKenzie,Toulouse,D,Toulouse vs Metz,26,6.9,,0.0,,,11,9.0,,,,,,0,0,1.0,1.0
50735,Mark McKenzie,Toulouse,D,Monaco vs Toulouse,90,6.9,,0.0,,,47,33.0,,1.0,,1.0,,0,0,3.0,5.0
50735,Mark McKenzie,Toulouse,D,Toulouse vs Rennes,90,6.6,,0.0,1.0,,52,41.0,,2.0,1.0,1.0,,0,0,4.0,9.0
50735,Mark McKenzie,Toulouse,D,Lorient vs Toulouse,80,7.2,,0.0,,,48,41.0,,3.0,2.0,,,0,0,5.0,6.0
50735,Mark McKenzie,Toulouse,D,Toulouse vs Angers,82,7.3,,0.0,2.0,,47,42.0,,3.0,2.0,2.0,,0,0,7.0,12.0
50735,Mark McKenzie,Toulouse,D,Marseille vs Toulouse,90,7,,1.0,,,23,18.0,,2.0,,1.0,,1,0,2.0,6.0
50735,Mark McKenzie,Toulouse,D,Toulouse vs Strasbourg,90,6.6,,0.0,,,24,18.0,,,,2.0,1.0,0,0,1.0,3.0
50735,Mark McKenzie,Toulouse,D,Paris FC vs Toulouse,90,7.5,,0.0,,,42,39.0,,3.0,,,1.0,0,0,4.0,5.0
50735,Mark McKenzie,Toulouse,D,Toulouse vs Lens,90,6.2,,0.0,1.0,1.0,31,23.0,,2.0,,,,0,0,3.0,4.0
50735,Mark McKenzie,Toulouse,D,Stade Brestois 29 vs Toulouse,90,7.6,,1.0,,,45,40.0,,2.0,1.0,2.0,,1,0,5.0,6.0
50735,Mark McKenzie,Toulouse,D,Toulouse vs Auxerre,90,7.5,,0.0,,,56,48.0,,4.0,2.0,,,0,0,8.0,10.0
50735,Mark McKenzie,Toulouse,D,Angers vs Toulouse,9,6.3,,0.0,,,5,2.0,,,,1.0,,1,0,,2.0
50735,Mark McKenzie,Toulouse,D,Le Havre vs Toulouse,90,6.9,,0.0,,,82,78.0,,1.0,,3.0,2.0,0,0,6.0,12.0
39115,Aron Dønnum,Toulouse,M,Nice vs Toulouse,90,7.2,,0.0,1.0,1.0,31,29.0,,2.0,1.0,,2.0,0,0,5.0,11.0
39115,Aron Dønnum,Toulouse,M,Toulouse vs Stade Brestois 29,90,6.2,,0.0,1.0,,28,22.0,,2.0,1.0,3.0,,0,0,2.0,7.0
39115,Aron Dønnum,Toulouse,M,Toulouse vs Paris Saint Germain,90,7.9,,0.0,,,21,15.0,,2.0,1.0,2.0,3.0,1,0,8.0,13.0
39115,Aron Dønnum,Toulouse,M,Lille vs Toulouse,90,7,,0.0,2.0,1.0,32,27.0,,1.0,,1.0,1.0,1,0,3.0,7.0
39115,Aron Dønnum,Toulouse,M,Auxerre vs Toulouse,90,7.2,,0.0,,,45,41.0,,2.0,1.0,1.0,,0,0,2.0,10.0
39115,Aron Dønnum,Toulouse,M,Toulouse vs Nantes,90,8.2,1.0,1.0,3.0,2.0,46,38.0,,2.0,1.0,2.0,1.0,1,0,4.0,8.0
39115,Aron Dønnum,Toulouse,M,Lyon vs Toulouse,90,7,,0.0,,,22,17.0,,,3.0,1.0,3.0,1,0,5.0,8.0
39115,Aron Dønnum,Toulouse,M,Toulouse vs Metz,90,8.6,1.0,1.0,2.0,2.0,30,22.0,,5.0,,1.0,1.0,0,0,8.0,15.0
39115,Aron Dønnum,Toulouse,M,Monaco vs Toulouse,90,7.7,,0.0,,,34,24.0,,3.0,4.0,1.0,4.0,0,0,10.0,15.0
39115,Aron Dønnum,Toulouse,M,Toulouse vs Rennes,90,8.7,1.0,0.0,2.0,1.0,39,27.0,,2.0,3.0,1.0,3.0,1,0,5.0,8.0
39115,Aron Dønnum,Toulouse,M,Toulouse vs Le Havre,90,8,,0.0,2.0,,44,36.0,,1.0,1.0,,1.0,0,0,6.0,13.0
39115,Aron Dønnum,Toulouse,M,Toulouse vs Angers,90,7.3,,0.0,,,35,28.0,,,1.0,1.0,3.0,0,0,3.0,7.0
39115,Aron Dønnum,Toulouse,M,Marseille vs Toulouse,90,6.6,,0.0,1.0,,22,13.0,,1.0,,,1.0,0,0,3.0,5.0
39115,Aron Dønnum,Toulouse,M,Toulouse vs Lens,77,6,,0.0,,,28,19.0,,,,5.0,1.0,0,0,2.0,10.0
39115,Aron Dønnum,Toulouse,M,Toulouse vs Nice,90,7.9,,1.0,2.0,1.0,38,28.0,,2.0,3.0,1.0,2.0,0,0,6.0,8.0
39115,Aron Dønnum,Toulouse,M,Stade Brestois 29 vs Toulouse,90,6.9,,0.0,1.0,1.0,42,33.0,,3.0,,,1.0,0,0,4.0,10.0
39115,Aron Dønnum,Toulouse,M,Toulouse vs Auxerre,90,7.2,,0.0,1.0,,38,30.0,,3.0,,1.0,2.0,0,0,6.0,11.0
39115,Aron Dønnum,Toulouse,M,Angers vs Toulouse,74,6.7,,0.0,,,33,27.0,,,,2.0,1.0,0,0,1.0,4.0
39115,Aron Dønnum,Toulouse,M,Le Havre vs Toulouse,90,7.3,,0.0,3.0,2.0,61,51.0,,1.0,,,,0,0,2.0,7.0
412759,Jaydee Canvot,Toulouse,M,Nice vs Toulouse,90,6.9,,0.0,2.0,,45,38.0,,1.0,,1.0,,1,0,2.0,4.0
412759,Jaydee Canvot,Toulouse,M,Toulouse vs Stade Brestois 29,90,7.3,,0.0,,,61,59.0,,1.0,,,,0,0,5.0,8.0
304140,Mario Sauer,Toulouse,M,Nice vs Toulouse,68,7,,0.0,,,19,18.0,,3.0,,2.0,1.0,1,0,5.0,10.0
304140,Mario Sauer,Toulouse,M,Toulouse vs Stade Brestois 29,60,7,,0.0,,,17,13.0,,2.0,,1.0,,0,0,4.0,5.0
304140,Mario Sauer,Toulouse,M,Toulouse vs Paris Saint Germain,63,6.3,,0.0,2.0,1.0,16,14.0,,,1.0,1.0,,0,0,2.0,3.0
304140,Mario Sauer,Toulouse,M,Lille vs Toulouse,12,6.5,,0.0,,,4,3.0,,,2.0,,1.0,0,0,1.0,1.0
304140,Mario Sauer,Toulouse,M,Auxerre vs Toulouse,20,6.3,,0.0,,,9,6.0,,,,,,0,0,,
304140,Mario Sauer,Toulouse,M,Toulouse vs Nantes,90,7,,0.0,,,37,31.0,,2.0,1.0,,1.0,0,0,3.0,5.0
304140,Mario Sauer,Toulouse,M,Lyon vs Toulouse,45,6.7,,0.0,,,17,14.0,,,2.0,,,0,0,,
304140,Mario Sauer,Toulouse,M,Toulouse vs Metz,26,6.9,,0.0,,,10,8.0,,1.0,,1.0,,0,0,2.0,3.0
304140,Mario Sauer,Toulouse,M,Monaco vs Toulouse,13,6.6,,0.0,,,4,3.0,,1.0,,,,0,0,1.0,1.0
304140,Mario Sauer,Toulouse,M,Toulouse vs Rennes,29,6.2,,0.0,1.0,,15,10.0,,,1.0,,,0,0,,2.0
304140,Mario Sauer,Toulouse,M,Toulouse vs Le Havre,60,6.7,,0.0,1.0,,16,12.0,,,1.0,,,0,0,2.0,5.0
304140,Mario Sauer,Toulouse,M,Toulouse vs Lens,27,6.3,,0.0,,,6,3.0,,,,1.0,,1,0,,1.0
304140,Mario Sauer,Toulouse,M,Toulouse vs Nice,8,6.7,,0.0,,,4,4.0,,,,,,0,0,,
304140,Mario Sauer,Toulouse,M,Angers vs Toulouse,9,6.5,,0.0,,,2,1.0,,,,,,0,0,,1.0
304140,Mario Sauer,Toulouse,M,Le Havre vs Toulouse,27,6.5,,0.0,,,15,8.0,,1.0,,,,0,0,1.0,2.0
304140,Mario Sauer,Toulouse,M,Toulouse vs Paris FC,11,6.3,,0.0,,,1,1.0,,,,,,0,0,,1.0
452697,Dayann Methalie,Toulouse,M,Nice vs Toulouse,82,6.3,,0.0,,,19,14.0,,4.0,,4.0,,1,0,7.0,14.0
452697,Dayann Methalie,Toulouse,M,Toulouse vs Stade Brestois 29,83,7.3,,0.0,,,24,16.0,,5.0,1.0,2.0,1.0,0,0,10.0,15.0
452697,Dayann Methalie,Toulouse,M,Toulouse vs Paris Saint Germain,79,5.3,,0.0,1.0,1.0,18,12.0,,4.0,3.0,,,0,0,5.0,7.0
452697,Dayann Methalie,Toulouse,M,Lille vs Toulouse,89,6.3,,0.0,1.0,1.0,14,13.0,,2.0,2.0,3.0,,0,0,2.0,11.0
452697,Dayann Methalie,Toulouse,M,Auxerre vs Toulouse,56,6.3,,0.0,,,11,11.0,,2.0,1.0,4.0,1.0,1,0,3.0,10.0
452697,Dayann Methalie,Toulouse,M,Toulouse vs Nantes,14,6.6,,0.0,,,5,4.0,,,,1.0,1.0,0,0,1.0,3.0
452697,Dayann Methalie,Toulouse,M,Lyon vs Toulouse,45,6.6,,0.0,2.0,1.0,7,5.0,,1.0,,3.0,2.0,0,0,3.0,7.0
452697,Dayann Methalie,Toulouse,M,Toulouse vs Metz,76,7,,0.0,,,17,15.0,,,1.0,2.0,,0,0,2.0,6.0
452697,Dayann Methalie,Toulouse,M,Monaco vs Toulouse,84,6.3,,0.0,,,23,15.0,,1.0,1.0,1.0,1.0,1,0,4.0,12.0
452697,Dayann Methalie,Toulouse,M,Toulouse vs Rennes,90,6.9,,0.0,1.0,,25,19.0,,3.0,1.0,,,0,0,6.0,9.0
452697,Dayann Methalie,Toulouse,M,Toulouse vs Le Havre,79,6.2,,0.0,,,27,17.0,,1.0,,2.0,,0,0,3.0,11.0
452697,Dayann Methalie,Toulouse,M,Lorient vs Toulouse,90,7.3,,0.0,1.0,,12,11.0,,4.0,1.0,1.0,2.0,0,0,8.0,16.0
452697,Dayann Methalie,Toulouse,M,Toulouse vs Angers,72,6.3,,0.0,3.0,2.0,24,21.0,,1.0,,,,0,0,3.0,11.0
452697,Dayann Methalie,Toulouse,M,Marseille vs Toulouse,78,6.2,,0.0,,,9,6.0,,4.0,,2.0,,0,0,5.0,12.0
452697,Dayann Methalie,Toulouse,M,Toulouse vs Strasbourg,90,6.5,,0.0,,,16,15.0,,2.0,,5.0,,0,0,2.0,9.0
452697,Dayann Methalie,Toulouse,M,Paris FC vs Toulouse,63,6.2,,0.0,,,12,9.0,,,,3.0,,1,0,2.0,4.0
452697,Dayann Methalie,Toulouse,M,Angers vs Toulouse,16,6.2,,0.0,,,4,3.0,,1.0,,1.0,,0,0,1.0,5.0
452697,Dayann Methalie,Toulouse,M,Le Havre vs Toulouse,28,6.9,,0.0,,,21,16.0,,1.0,,1.0,,1,0,2.0,3.0
452697,Dayann Methalie,Toulouse,M,Toulouse vs Paris FC,90,6.7,,0.0,,,26,24.0,,1.0,3.0,2.0,,1,0,2.0,6.0
430816,Noah Edjouma,Toulouse,F,Nice vs Toulouse,68,6.9,,0.0,,,17,14.0,,,1.0,1.0,2.0,0,0,5.0,10.0
430816,Noah Edjouma,Toulouse,F,Toulouse vs Stade Brestois 29,19,6.5,,0.0,,,4,1.0,,1.0,,,,0,0,1.0,6.0
430816,Noah Edjouma,Toulouse,F,Toulouse vs Paris Saint Germain,27,6.3,,0.0,,,7,6.0,,1.0,2.0,,,0,0,1.0,7.0
430816,Noah Edjouma,Toulouse,F,Auxerre vs Toulouse,56,6.7,,0.0,,,10,8.0,,1.0,,1.0,1.0,0,0,3.0,7.0
430816,Noah Edjouma,Toulouse,F,Toulouse vs Nantes,11,6.5,,0.0,,,2,1.0,,,,,,0,0,,2.0
430816,Noah Edjouma,Toulouse,F,Toulouse vs Rennes,10,6.7,,0.0,1.0,1.0,2,2.0,,,,,,0,0,,
430816,Noah Edjouma,Toulouse,F,Toulouse vs Le Havre,11,6.2,,0.0,,,2,1.0,,,,,,0,0,,2.0
430816,Noah Edjouma,Toulouse,F,Toulouse vs Angers,18,6.7,,0.0,2.0,2.0,2,2.0,,,,1.0,,0,0,,1.0
430816,Noah Edjouma,Toulouse,F,Marseille vs Toulouse,12,6.7,,0.0,,,4,2.0,,,,,,0,0,2.0,3.0
430816,Noah Edjouma,Toulouse,F,Paris FC vs Toulouse,11,6.6,,0.0,1.0,,5,4.0,,1.0,,,1.0,0,0,4.0,6.0
430816,Noah Edjouma,Toulouse,F,Toulouse vs Nice,8,6.5,,0.0,1.0,,2,2.0,,1.0,,1.0,,0,0,1.0,4.0
430816,Noah Edjouma,Toulouse,F,Toulouse vs Auxerre,16,6.7,,0.0,,,6,1.0,,,,,,0,0,3.0,3.0
430816,Noah Edjouma,Toulouse,F,Metz vs Lille,61,6.3,,0.0,1.0,,13,7.0,,3.0,,1.0,1.0,0,0,4.0,10.0
174724,Frank Magri,Toulouse,F,Nice vs Toulouse,76,6.2,,0.0,1.0,,14,12.0,,,,2.0,1.0,0,0,3.0,8.0
174724,Frank Magri,Toulouse,F,Toulouse vs Stade Brestois 29,83,9.3,2.0,0.0,3.0,3.0,13,7.0,,,,2.0,2.0,0,0,9.0,17.0
174724,Frank Magri,Toulouse,F,Toulouse vs Paris Saint Germain,70,6.6,,0.0,,,14,11.0,,,,,1.0,0,0,5.0,8.0
174724,Frank Magri,Toulouse,F,Lille vs Toulouse,89,6.9,1.0,0.0,2.0,1.0,9,6.0,,,1.0,2.0,2.0,1,0,6.0,16.0
174724,Frank Magri,Toulouse,F,Auxerre vs Toulouse,90,5.2,,0.0,2.0,1.0,12,9.0,,,,1.0,,0,0,1.0,13.0
174724,Frank Magri,Toulouse,F,Toulouse vs Nantes,90,6.5,,0.0,3.0,1.0,17,14.0,,1.0,,3.0,1.0,0,0,5.0,14.0
174724,Frank Magri,Toulouse,F,Lyon vs Toulouse,71,6.9,,0.0,2.0,1.0,10,7.0,,2.0,2.0,1.0,2.0,0,0,10.0,17.0
174724,Frank Magri,Toulouse,F,Toulouse vs Metz,64,7.5,1.0,0.0,2.0,1.0,12,9.0,,1.0,,3.0,1.0,1,0,4.0,10.0
174724,Frank Magri,Toulouse,F,Monaco vs Toulouse,73,6.9,,0.0,,,18,15.0,,,,2.0,3.0,0,0,8.0,16.0
174724,Frank Magri,Toulouse,F,Toulouse vs Rennes,80,6.2,,0.0,,,13,12.0,,,,1.0,1.0,0,0,2.0,7.0
174724,Frank Magri,Toulouse,F,Toulouse vs Le Havre,79,6.9,,0.0,1.0,1.0,17,9.0,,1.0,,,4.0,0,0,6.0,12.0
174724,Frank Magri,Toulouse,F,Lorient vs Toulouse,90,5.9,,0.0,,,16,10.0,,,,4.0,,0,0,3.0,12.0
174724,Frank Magri,Toulouse,F,Toulouse vs Angers,66,6.2,,0.0,,,10,8.0,,1.0,,2.0,1.0,0,0,2.0,7.0
174724,Frank Magri,Toulouse,F,Marseille vs Toulouse,89,6.7,,0.0,1.0,1.0,11,10.0,,1.0,,3.0,1.0,0,0,4.0,8.0
174724,Frank Magri,Toulouse,F,Toulouse vs Strasbourg,45,6.2,,0.0,2.0,,2,2.0,,,,1.0,,1,0,1.0,5.0
174724,Frank Magri,Toulouse,F,Paris FC vs Toulouse,27,6.3,,0.0,,,4,3.0,,,,1.0,,0,0,,5.0
174724,Frank Magri,Toulouse,F,Toulouse vs Nice,82,8.2,1.0,1.0,6.0,2.0,11,6.0,,1.0,,,2.0,0,0,9.0,16.0
84128,Yann Gboho,Toulouse,F,Nice vs Toulouse,90,7.7,,0.0,1.0,,16,12.0,,1.0,,1.0,3.0,0,0,11.0,19.0
84128,Yann Gboho,Toulouse,F,Toulouse vs Stade Brestois 29,71,6.6,,0.0,,,11,7.0,,2.0,,1.0,,0,0,5.0,15.0
84128,Yann Gboho,Toulouse,F,Toulouse vs Paris Saint Germain,90,7.9,1.0,0.0,1.0,1.0,28,19.0,,1.0,1.0,,3.0,0,0,7.0,9.0
84128,Yann Gboho,Toulouse,F,Lille vs Toulouse,90,6.3,,0.0,,,20,18.0,,,1.0,,2.0,0,0,3.0,9.0
84128,Yann Gboho,Toulouse,F,Auxerre vs Toulouse,82,6.2,,0.0,1.0,,25,21.0,,,,,2.0,0,0,3.0,9.0
84128,Yann Gboho,Toulouse,F,Toulouse vs Nantes,45,7.9,1.0,0.0,1.0,1.0,12,8.0,,,,1.0,3.0,0,0,6.0,13.0
84128,Yann Gboho,Toulouse,F,Lyon vs Toulouse,90,7.2,,0.0,,,15,9.0,,2.0,1.0,1.0,,0,0,5.0,9.0
84128,Yann Gboho,Toulouse,F,Toulouse vs Metz,83,8.2,1.0,0.0,4.0,2.0,24,19.0,,1.0,,,2.0,0,0,5.0,10.0
84128,Yann Gboho,Toulouse,F,Monaco vs Toulouse,90,7.2,,0.0,2.0,2.0,27,20.0,,1.0,,1.0,4.0,0,0,9.0,15.0
84128,Yann Gboho,Toulouse,F,Toulouse vs Rennes,90,7.3,,1.0,1.0,,29,24.0,,,1.0,1.0,2.0,0,0,5.0,12.0
84128,Yann Gboho,Toulouse,F,Toulouse vs Le Havre,90,6.9,,0.0,1.0,,27,20.0,,,1.0,,1.0,0,0,5.0,13.0
84128,Yann Gboho,Toulouse,F,Lorient vs Toulouse,89,6.6,,0.0,,,37,33.0,,,,,,0,0,2.0,6.0
84128,Yann Gboho,Toulouse,F,Toulouse vs Angers,90,7.2,,0.0,,,41,33.0,,,1.0,1.0,3.0,0,0,4.0,9.0
84128,Yann Gboho,Toulouse,F,Toulouse vs Strasbourg,90,7.3,,0.0,,,15,12.0,,,,1.0,5.0,0,0,5.0,8.0
84128,Yann Gboho,Toulouse,F,Paris FC vs Toulouse,84,9.3,2.0,0.0,2.0,2.0,13,11.0,,,,,3.0,0,0,5.0,6.0
84128,Yann Gboho,Toulouse,F,Toulouse vs Lens,90,6.2,,0.0,1.0,,15,14.0,,,,1.0,4.0,0,0,5.0,17.0
84128,Yann Gboho,Toulouse,F,Toulouse vs Nice,90,8.3,,1.0,,,26,24.0,,,2.0,1.0,5.0,0,0,8.0,17.0
84128,Yann Gboho,Toulouse,F,Stade Brestois 29 vs Toulouse,90,7.2,1.0,0.0,1.0,1.0,31,25.0,,,,2.0,2.0,1,0,2.0,8.0
84128,Yann Gboho,Toulouse,F,Toulouse vs Auxerre,90,7.5,,0.0,2.0,1.0,25,22.0,,1.0,,,4.0,0,0,9.0,11.0
84128,Yann Gboho,Toulouse,F,Angers vs Toulouse,90,6.5,,0.0,1.0,1.0,22,17.0,,,1.0,1.0,1.0,0,0,6.0,17.0
84128,Yann Gboho,Toulouse,F,Le Havre vs Toulouse,90,7,,0.0,1.0,1.0,45,39.0,,,,,1.0,0,0,7.0,13.0
84128,Yann Gboho,Toulouse,F,Toulouse vs Paris FC,90,6.9,,0.0,2.0,1.0,32,29.0,,1.0,,,2.0,0,0,5.0,13.0
264383,Warren Kamanzi,Toulouse,D,Nice vs Toulouse,22,6.9,,0.0,,,9,8.0,,,,,1.0,0,0,1.0,1.0
264383,Warren Kamanzi,Toulouse,D,Toulouse vs Stade Brestois 29,30,7.2,,0.0,,,10,9.0,,,,,,0,0,,
264383,Warren Kamanzi,Toulouse,D,Toulouse vs Paris Saint Germain,27,6.7,,0.0,,,11,10.0,,1.0,,,,0,0,2.0,3.0
264383,Warren Kamanzi,Toulouse,D,Lille vs Toulouse,19,6.2,,0.0,1.0,,5,4.0,,,,,,0,0,2.0,3.0
264383,Warren Kamanzi,Toulouse,D,Auxerre vs Toulouse,34,6.9,,0.0,,,15,12.0,,4.0,,,,0,0,4.0,7.0
264383,Warren Kamanzi,Toulouse,D,Toulouse vs Nantes,76,7.2,,0.0,1.0,1.0,16,14.0,,,,1.0,1.0,0,0,4.0,10.0
264383,Warren Kamanzi,Toulouse,D,Lyon vs Toulouse,45,6.5,,0.0,,,11,9.0,,1.0,,,,0,0,2.0,5.0
264383,Warren Kamanzi,Toulouse,D,Toulouse vs Metz,14,6.6,,0.0,,,2,2.0,,,,,1.0,0,0,1.0,1.0
264383,Warren Kamanzi,Toulouse,D,Monaco vs Toulouse,13,6.6,,0.0,,,5,5.0,,,,1.0,,0,0,1.0,3.0
264383,Warren Kamanzi,Toulouse,D,Toulouse vs Le Havre,11,6.7,,0.0,,,7,6.0,,,1.0,1.0,,0,0,,2.0
264383,Warren Kamanzi,Toulouse,D,Marseille vs Toulouse,12,6.6,,0.0,,,6,5.0,,1.0,,,,0,0,1.0,1.0
264383,Warren Kamanzi,Toulouse,D,Paris FC vs Toulouse,27,6.6,,0.0,,,13,13.0,,,,1.0,,0,0,,2.0
264383,Warren Kamanzi,Toulouse,D,Toulouse vs Lens,13,5.9,,0.0,,,5,4.0,,,,,,0,0,,2.0
264383,Warren Kamanzi,Toulouse,D,Toulouse vs Paris FC,61,6.9,,0.0,,,36,33.0,,1.0,1.0,,,0,0,1.0,1.0
514464,Alexis Vossah,Toulouse,M,Nice vs Toulouse,22,6.9,,0.0,1.0,,9,9.0,,1.0,,,,0,0,1.0,2.0
514464,Alexis Vossah,Toulouse,M,Toulouse vs Paris Saint Germain,27,7.3,1.0,0.0,1.0,1.0,13,9.0,,,1.0,,,0,0,1.0,2.0
514464,Alexis Vossah,Toulouse,M,Lille vs Toulouse,8,5,,0.0,,,0,,,,,1.0,,0,1,,1.0
514464,Alexis Vossah,Toulouse,M,Lyon vs Toulouse,12,7,,1.0,,,2,1.0,,,,,,0,0,1.0,2.0
514464,Alexis Vossah,Toulouse,M,Monaco vs Toulouse,24,6.3,,0.0,1.0,,11,9.0,,1.0,,,,0,0,1.0,2.0
514464,Alexis Vossah,Toulouse,M,Toulouse vs Rennes,10,6.3,,0.0,,,9,6.0,,,,,,0,0,,
514464,Alexis Vossah,Toulouse,M,Toulouse vs Le Havre,30,6.3,,0.0,1.0,1.0,11,7.0,,,,1.0,1.0,0,0,2.0,4.0
514464,Alexis Vossah,Toulouse,M,Lorient vs Toulouse,24,6.7,,0.0,,,5,2.0,,2.0,1.0,2.0,,1,0,4.0,8.0
514464,Alexis Vossah,Toulouse,M,Toulouse vs Angers,72,6.7,,0.0,2.0,,32,25.0,,1.0,,1.0,1.0,0,0,3.0,5.0
514464,Alexis Vossah,Toulouse,M,Marseille vs Toulouse,76,5.9,,0.0,,,23,14.0,,,,1.0,,0,0,2.0,7.0
514464,Alexis Vossah,Toulouse,M,Toulouse vs Strasbourg,90,6.3,,0.0,,,27,22.0,,1.0,,1.0,1.0,0,0,3.0,6.0
514464,Alexis Vossah,Toulouse,M,Paris FC vs Toulouse,90,6.3,,0.0,,,22,16.0,,,1.0,1.0,,0,0,1.0,2.0
514464,Alexis Vossah,Toulouse,M,Toulouse vs Lens,63,6.3,,0.0,,,14,11.0,,1.0,1.0,,1.0,0,0,4.0,5.0
514464,Alexis Vossah,Toulouse,M,Toulouse vs Nice,56,6.3,,0.0,,,17,15.0,,,1.0,1.0,,0,0,,1.0
362741,Santiago Hidalgo,Toulouse,F,Nice vs Toulouse,14,6.3,,1.0,,,5,3.0,,,,,,0,0,,3.0
362741,Santiago Hidalgo,Toulouse,F,Toulouse vs Stade Brestois 29,8,6.6,,0.0,1.0,,5,4.0,,,,2.0,1.0,0,0,3.0,6.0
362741,Santiago Hidalgo,Toulouse,F,Toulouse vs Paris Saint Germain,20,6.9,,1.0,,,13,10.0,,1.0,,,,0,0,1.0,1.0
362741,Santiago Hidalgo,Toulouse,F,Lille vs Toulouse,55,6.3,,0.0,,,6,4.0,,1.0,,,,0,0,4.0,9.0
362741,Santiago Hidalgo,Toulouse,F,Auxerre vs Toulouse,8,6.3,,0.0,,,3,2.0,,2.0,,1.0,,1,0,2.0,5.0
362741,Santiago Hidalgo,Toulouse,F,Lyon vs Toulouse,12,6.3,,0.0,,,4,3.0,,,,1.0,1.0,0,0,2.0,5.0
362741,Santiago Hidalgo,Toulouse,F,Toulouse vs Metz,14,6.5,,0.0,,,1,,,,,,,0,0,,1.0
362741,Santiago Hidalgo,Toulouse,F,Monaco vs Toulouse,17,6.5,,0.0,,,5,4.0,,1.0,,,,0,0,1.0,5.0
362741,Santiago Hidalgo,Toulouse,F,Lorient vs Toulouse,10,6.5,,0.0,,,1,1.0,,1.0,,,,0,0,1.0,6.0
362741,Santiago Hidalgo,Toulouse,F,Marseille vs Toulouse,8,7.7,1.0,0.0,1.0,1.0,0,,,,,,,0,0,1.0,2.0
362741,Santiago Hidalgo,Toulouse,F,Toulouse vs Strasbourg,12,6.6,,0.0,,,2,2.0,,,1.0,2.0,2.0,0,0,2.0,4.0
362741,Santiago Hidalgo,Toulouse,F,Paris FC vs Toulouse,63,7.3,1.0,0.0,2.0,1.0,17,14.0,,,,,1.0,0,0,2.0,8.0
362741,Santiago Hidalgo,Toulouse,F,Toulouse vs Lens,27,6.5,,0.0,,,4,2.0,,1.0,,2.0,1.0,0,0,4.0,9.0
362741,Santiago Hidalgo,Toulouse,F,Toulouse vs Nice,75,8.3,2.0,0.0,3.0,3.0,17,15.0,,,1.0,2.0,3.0,1,0,3.0,10.0
362741,Santiago Hidalgo,Toulouse,F,Stade Brestois 29 vs Toulouse,80,6.2,,0.0,,,17,8.0,,,,6.0,3.0,0,0,5.0,16.0
362741,Santiago Hidalgo,Toulouse,F,Toulouse vs Auxerre,90,6.3,,0.0,,,21,17.0,,3.0,,2.0,1.0,0,0,4.0,14.0
362741,Santiago Hidalgo,Toulouse,F,Angers vs Toulouse,74,6.7,,0.0,2.0,1.0,20,17.0,,3.0,,4.0,2.0,0,0,7.0,16.0
362741,Santiago Hidalgo,Toulouse,F,Le Havre vs Toulouse,60,6.2,,0.0,1.0,1.0,10,6.0,,4.0,1.0,,1.0,1,0,5.0,13.0
362741,Santiago Hidalgo,Toulouse,F,Toulouse vs Paris FC,90,7.2,,1.0,3.0,2.0,23,16.0,,4.0,,4.0,1.0,0,0,7.0,22.0
15793,Rasmus Nicolaisen,Toulouse,D,Nice vs Toulouse,8,7,,0.0,,,5,5.0,,1.0,,,,0,0,2.0,2.0
15793,Rasmus Nicolaisen,Toulouse,D,Toulouse vs Stade Brestois 29,20,6.7,,0.0,,,7,6.0,,,,,,0,0,,2.0
15793,Rasmus Nicolaisen,Toulouse,D,Toulouse vs Paris Saint Germain,63,5.7,,0.0,,,12,11.0,,1.0,,1.0,1.0,0,0,4.0,6.0
15793,Rasmus Nicolaisen,Toulouse,D,Lille vs Toulouse,90,6.2,,0.0,,,16,12.0,,1.0,,1.0,,1,0,2.0,2.0
15793,Rasmus Nicolaisen,Toulouse,D,Auxerre vs Toulouse,70,6.9,,0.0,,,37,33.0,,2.0,1.0,2.0,,0,0,8.0,10.0
15793,Rasmus Nicolaisen,Toulouse,D,Toulouse vs Nantes,90,6.6,,0.0,3.0,1.0,40,32.0,,2.0,1.0,1.0,1.0,0,0,8.0,9.0
15793,Rasmus Nicolaisen,Toulouse,D,Lyon vs Toulouse,90,6.2,,0.0,,,25,17.0,,2.0,3.0,4.0,1.0,0,0,6.0,13.0
15793,Rasmus Nicolaisen,Toulouse,D,Toulouse vs Metz,90,7.3,,0.0,,,34,31.0,,1.0,,1.0,1.0,0,0,4.0,5.0
15793,Rasmus Nicolaisen,Toulouse,D,Monaco vs Toulouse,73,6.2,,0.0,1.0,,30,23.0,,1.0,1.0,2.0,,0,0,3.0,9.0
15793,Rasmus Nicolaisen,Toulouse,D,Toulouse vs Rennes,90,5.9,,0.0,,,61,56.0,,,1.0,2.0,1.0,1,0,2.0,6.0
15793,Rasmus Nicolaisen,Toulouse,D,Toulouse vs Le Havre,90,7.3,,0.0,,,30,24.0,,,1.0,1.0,3.0,1,0,7.0,11.0
15793,Rasmus Nicolaisen,Toulouse,D,Lorient vs Toulouse,90,7.2,,0.0,,,63,59.0,,,4.0,1.0,,0,0,5.0,7.0
15793,Rasmus Nicolaisen,Toulouse,D,Toulouse vs Angers,90,6.9,,0.0,2.0,,76,67.0,,1.0,3.0,,1.0,0,0,8.0,10.0
15793,Rasmus Nicolaisen,Toulouse,D,Marseille vs Toulouse,90,6.7,,0.0,,,18,16.0,,2.0,3.0,1.0,,0,0,3.0,5.0
15793,Rasmus Nicolaisen,Toulouse,D,Toulouse vs Strasbourg,90,7.3,,0.0,,,48,40.0,,,1.0,,,0,0,1.0,1.0
15793,Rasmus Nicolaisen,Toulouse,D,Paris FC vs Toulouse,90,7,,0.0,,,33,27.0,,,,2.0,,0,0,1.0,5.0
15793,Rasmus Nicolaisen,Toulouse,D,Toulouse vs Lens,30,6.9,,0.0,1.0,1.0,9,8.0,,,1.0,,,0,0,1.0,1.0
15793,Rasmus Nicolaisen,Toulouse,D,Toulouse vs Nice,82,7.2,,0.0,1.0,,48,42.0,,1.0,2.0,,,0,0,6.0,6.0
15793,Rasmus Nicolaisen,Toulouse,D,Stade Brestois 29 vs Toulouse,90,7.2,,0.0,1.0,1.0,43,40.0,,,3.0,2.0,1.0,0,0,5.0,9.0
15793,Rasmus Nicolaisen,Toulouse,D,Toulouse vs Auxerre,90,7.3,,0.0,,,56,52.0,,,2.0,1.0,1.0,0,0,5.0,8.0
15793,Rasmus Nicolaisen,Toulouse,D,Angers vs Toulouse,90,6.3,,0.0,,,48,41.0,,2.0,2.0,1.0,1.0,0,0,4.0,5.0
15793,Rasmus Nicolaisen,Toulouse,D,Le Havre vs Toulouse,62,5.7,,0.0,1.0,1.0,44,41.0,,,1.0,2.0,,0,0,,5.0
15793,Rasmus Nicolaisen,Toulouse,D,Toulouse vs Paris FC,90,6.9,,0.0,,,64,55.0,,,1.0,,,0,0,1.0,1.0
40384,Radosław Majecki,Stade Brestois 29,G,Stade Brestois 29 vs Lille,90,6.7,,0.0,,,29,12.0,,,,,,0,0,1.0,1.0
40384,Radosław Majecki,Stade Brestois 29,G,Toulouse vs Stade Brestois 29,90,6,,0.0,,,19,12.0,,,,,,0,0,,1.0
40384,Radosław Majecki,Stade Brestois 29,G,Lens vs Stade Brestois 29,55,6.3,,0.0,,,20,13.0,,,,1.0,,0,1,1.0,2.0
40384,Radosław Majecki,Stade Brestois 29,G,Angers vs Stade Brestois 29,90,7.2,,0.0,,,46,21.0,,,,,,0,0,,
40384,Radosław Majecki,Stade Brestois 29,G,Stade Brestois 29 vs Nantes,90,6.9,,0.0,,,29,21.0,,,,,,0,0,,
40384,Radosław Majecki,Stade Brestois 29,G,Lorient vs Stade Brestois 29,90,5.9,,0.0,,,27,19.0,,,,,1.0,0,0,1.0,1.0
40384,Radosław Majecki,Stade Brestois 29,G,Stade Brestois 29 vs Paris Saint Germain,90,6.6,,0.0,,,27,15.0,,,,,,0,0,,
40384,Radosław Majecki,Stade Brestois 29,G,Le Havre vs Stade Brestois 29,90,7.2,,0.0,,,32,26.0,,,,,,0,0,,
40384,Radosław Majecki,Stade Brestois 29,G,Stade Brestois 29 vs Lyon,90,7.5,,0.0,,,27,24.0,,,,,,0,0,,
40384,Radosław Majecki,Stade Brestois 29,G,Marseille vs Stade Brestois 29,90,6.5,,0.0,,,42,39.0,,,,,,0,0,,
22247,Kenny Lala,Stade Brestois 29,D,Stade Brestois 29 vs Lille,90,6.2,,1.0,,,41,34.0,,1.0,1.0,,,0,0,1.0,4.0
22247,Kenny Lala,Stade Brestois 29,D,Toulouse vs Stade Brestois 29,90,7.3,,0.0,,,54,39.0,,1.0,2.0,,1.0,0,0,3.0,6.0
22247,Kenny Lala,Stade Brestois 29,D,Lens vs Stade Brestois 29,90,6.9,,0.0,,,26,21.0,,,,,4.0,1,0,5.0,9.0
22247,Kenny Lala,Stade Brestois 29,D,Stade Brestois 29 vs Paris FC,90,7,,0.0,,,57,44.0,,1.0,1.0,,,0,0,1.0,3.0
22247,Kenny Lala,Stade Brestois 29,D,Stade Brestois 29 vs Nice,90,7.3,,0.0,,,41,33.0,,1.0,,,,0,0,3.0,4.0
22247,Kenny Lala,Stade Brestois 29,D,Angers vs Stade Brestois 29,90,7.5,,0.0,,,49,34.0,,2.0,,,1.0,0,0,5.0,9.0
22247,Kenny Lala,Stade Brestois 29,D,Stade Brestois 29 vs Nantes,90,7.9,,0.0,,,38,29.0,,3.0,,1.0,3.0,0,0,7.0,13.0
22247,Kenny Lala,Stade Brestois 29,D,Lorient vs Stade Brestois 29,78,6.3,,0.0,,,39,32.0,,,,1.0,,0,0,,4.0
22247,Kenny Lala,Stade Brestois 29,D,Stade Brestois 29 vs Paris Saint Germain,90,6.3,,0.0,1.0,,26,16.0,,2.0,1.0,,1.0,0,0,4.0,4.0
22247,Kenny Lala,Stade Brestois 29,D,Le Havre vs Stade Brestois 29,90,7.2,,0.0,,,43,38.0,,2.0,,1.0,1.0,1,0,4.0,5.0
22247,Kenny Lala,Stade Brestois 29,D,Stade Brestois 29 vs Lyon,90,7,,0.0,,,44,39.0,,,,1.0,,0,0,,8.0
22247,Kenny Lala,Stade Brestois 29,D,Marseille vs Stade Brestois 29,90,5.9,,0.0,,,38,28.0,,2.0,1.0,1.0,,0,0,3.0,5.0
22247,Kenny Lala,Stade Brestois 29,D,Stade Brestois 29 vs Metz,90,6.7,,0.0,,,49,39.0,,1.0,2.0,,,0,0,1.0,1.0
22247,Kenny Lala,Stade Brestois 29,D,Strasbourg vs Stade Brestois 29,90,6.7,,0.0,,,54,46.0,,,1.0,1.0,,1,0,2.0,5.0
22247,Kenny Lala,Stade Brestois 29,D,Stade Brestois 29 vs Monaco,90,6.9,,0.0,,,32,23.0,,2.0,1.0,,,0,0,2.0,3.0
22247,Kenny Lala,Stade Brestois 29,D,Rennes vs Stade Brestois 29,90,5.7,,0.0,,,29,24.0,,1.0,2.0,1.0,3.0,0,0,4.0,9.0
22247,Kenny Lala,Stade Brestois 29,D,Lyon vs Stade Brestois 29,81,6.5,,0.0,,,15,11.0,,2.0,,1.0,2.0,0,0,4.0,7.0
22247,Kenny Lala,Stade Brestois 29,D,Stade Brestois 29 vs Toulouse,90,6.9,,0.0,2.0,,51,36.0,,2.0,,1.0,2.0,0,0,7.0,9.0
22247,Kenny Lala,Stade Brestois 29,D,Nice vs Stade Brestois 29,90,6.2,,0.0,,,31,22.0,,,3.0,,,0,0,,2.0
22247,Kenny Lala,Stade Brestois 29,D,Stade Brestois 29 vs Lorient,90,7.9,,0.0,1.0,,49,35.0,,4.0,1.0,,1.0,0,0,6.0,9.0
22247,Kenny Lala,Stade Brestois 29,D,Lille vs Stade Brestois 29,90,6.2,,0.0,1.0,1.0,27,20.0,,1.0,1.0,1.0,,0,0,1.0,5.0
22247,Kenny Lala,Stade Brestois 29,D,Stade Brestois 29 vs Marseille,90,7.3,,0.0,,,22,18.0,,1.0,1.0,,,0,0,2.0,5.0
20546,Brendan Chardonnet,Stade Brestois 29,D,Stade Brestois 29 vs Lille,90,5.7,,0.0,,,44,37.0,,1.0,2.0,1.0,,1,0,2.0,6.0
20546,Brendan Chardonnet,Stade Brestois 29,D,Toulouse vs Stade Brestois 29,72,5.9,,0.0,,,33,27.0,,1.0,2.0,2.0,,1,0,1.0,6.0
20546,Brendan Chardonnet,Stade Brestois 29,D,Stade Brestois 29 vs Paris FC,90,7.2,,0.0,4.0,4.0,66,57.0,,2.0,2.0,1.0,,0,0,8.0,11.0
20546,Brendan Chardonnet,Stade Brestois 29,D,Stade Brestois 29 vs Nice,90,7.7,,0.0,,,39,37.0,,,,,1.0,0,0,2.0,3.0
20546,Brendan Chardonnet,Stade Brestois 29,D,Angers vs Stade Brestois 29,90,7.3,,0.0,,,33,30.0,,1.0,,,1.0,0,0,3.0,4.0
20546,Brendan Chardonnet,Stade Brestois 29,D,Stade Brestois 29 vs Nantes,90,7.2,,0.0,1.0,,52,45.0,,1.0,,,,0,0,1.0,6.0
20546,Brendan Chardonnet,Stade Brestois 29,D,Lorient vs Stade Brestois 29,90,6.9,,0.0,,,53,48.0,,,,1.0,1.0,0,0,6.0,9.0
20546,Brendan Chardonnet,Stade Brestois 29,D,Le Havre vs Stade Brestois 29,90,8.3,,0.0,,,69,57.0,,1.0,1.0,1.0,3.0,0,0,6.0,8.0
20546,Brendan Chardonnet,Stade Brestois 29,D,Stade Brestois 29 vs Lyon,90,6.9,,0.0,,,64,54.0,,,,2.0,1.0,0,0,3.0,7.0
20546,Brendan Chardonnet,Stade Brestois 29,D,Marseille vs Stade Brestois 29,90,6,,0.0,,,43,33.0,,2.0,1.0,1.0,1.0,0,0,3.0,5.0
20546,Brendan Chardonnet,Stade Brestois 29,D,Stade Brestois 29 vs Metz,90,7,,1.0,1.0,1.0,83,71.0,,,,1.0,1.0,0,0,5.0,6.0
20546,Brendan Chardonnet,Stade Brestois 29,D,Strasbourg vs Stade Brestois 29,45,6.2,,0.0,,,38,34.0,,1.0,,2.0,1.0,1,0,2.0,6.0
20546,Brendan Chardonnet,Stade Brestois 29,D,Stade Brestois 29 vs Monaco,90,7.5,,0.0,,,28,19.0,,3.0,3.0,,1.0,0,0,7.0,8.0
20546,Brendan Chardonnet,Stade Brestois 29,D,Rennes vs Stade Brestois 29,90,5.9,,0.0,,,47,33.0,,1.0,2.0,3.0,,0,0,5.0,10.0
20546,Brendan Chardonnet,Stade Brestois 29,D,Stade Brestois 29 vs Auxerre,90,7.2,,0.0,,,48,41.0,,3.0,1.0,,,0,0,4.0,6.0
20546,Brendan Chardonnet,Stade Brestois 29,D,Lyon vs Stade Brestois 29,90,7,,1.0,1.0,,30,20.0,,1.0,2.0,,,0,0,6.0,9.0
20546,Brendan Chardonnet,Stade Brestois 29,D,Stade Brestois 29 vs Toulouse,90,7.2,,0.0,,,50,45.0,,2.0,2.0,,3.0,0,0,10.0,11.0
20546,Brendan Chardonnet,Stade Brestois 29,D,Nice vs Stade Brestois 29,90,6.9,,0.0,,,17,15.0,,2.0,1.0,1.0,,0,0,7.0,10.0
20546,Brendan Chardonnet,Stade Brestois 29,D,Stade Brestois 29 vs Lorient,90,6.9,,0.0,,,36,32.0,,1.0,3.0,3.0,,0,0,5.0,11.0
20546,Brendan Chardonnet,Stade Brestois 29,D,Lille vs Stade Brestois 29,90,7.2,,0.0,,,28,21.0,,2.0,,,,0,0,5.0,7.0
20546,Brendan Chardonnet,Stade Brestois 29,D,Stade Brestois 29 vs Marseille,90,8,,0.0,,,25,21.0,,2.0,1.0,1.0,1.0,0,0,5.0,9.0
85914,Julien Le Cardinal,Stade Brestois 29,D,Stade Brestois 29 vs Lille,90,7.2,1.0,0.0,3.0,1.0,43,36.0,,1.0,,2.0,1.0,0,0,6.0,11.0
85914,Julien Le Cardinal,Stade Brestois 29,D,Toulouse vs Stade Brestois 29,90,7,,0.0,1.0,1.0,46,41.0,,2.0,2.0,,3.0,0,0,6.0,9.0
85914,Julien Le Cardinal,Stade Brestois 29,D,Lens vs Stade Brestois 29,90,7.3,,0.0,1.0,,31,20.0,,2.0,1.0,,,0,0,10.0,16.0
85914,Julien Le Cardinal,Stade Brestois 29,D,Lorient vs Stade Brestois 29,12,6.5,,0.0,,,3,2.0,,,,,,1,0,1.0,1.0
85914,Julien Le Cardinal,Stade Brestois 29,D,Strasbourg vs Stade Brestois 29,45,6.6,,0.0,,,21,19.0,,,,,,0,0,,3.0
274267,Bradley Locko,Stade Brestois 29,D,Stade Brestois 29 vs Lille,90,6.5,,0.0,,,33,23.0,,5.0,2.0,,1.0,0,0,7.0,11.0
274267,Bradley Locko,Stade Brestois 29,D,Toulouse vs Stade Brestois 29,90,6,,0.0,1.0,,33,27.0,,2.0,,,,0,0,3.0,7.0
274267,Bradley Locko,Stade Brestois 29,D,Lens vs Stade Brestois 29,86,6,,0.0,,,21,14.0,,3.0,1.0,2.0,,0,0,4.0,10.0
274267,Bradley Locko,Stade Brestois 29,D,Stade Brestois 29 vs Paris FC,86,6,,0.0,,,20,17.0,,3.0,1.0,2.0,,0,0,3.0,9.0
274267,Bradley Locko,Stade Brestois 29,D,Stade Brestois 29 vs Nice,90,7.2,,0.0,,,35,28.0,,3.0,,1.0,,0,0,3.0,6.0
274267,Bradley Locko,Stade Brestois 29,D,Angers vs Stade Brestois 29,90,7.2,,0.0,,,35,26.0,,4.0,,,2.0,0,0,7.0,9.0
274267,Bradley Locko,Stade Brestois 29,D,Stade Brestois 29 vs Nantes,90,7.2,,0.0,1.0,1.0,28,25.0,,3.0,,,,0,0,4.0,14.0
274267,Bradley Locko,Stade Brestois 29,D,Lorient vs Stade Brestois 29,90,6,,1.0,,,39,32.0,,2.0,1.0,,,0,0,5.0,13.0
274267,Bradley Locko,Stade Brestois 29,D,Stade Brestois 29 vs Paris Saint Germain,79,6.6,,0.0,,,16,16.0,,5.0,,,2.0,0,0,7.0,8.0
274267,Bradley Locko,Stade Brestois 29,D,Le Havre vs Stade Brestois 29,16,7.2,,0.0,,,20,16.0,,1.0,1.0,,,0,0,5.0,6.0
274267,Bradley Locko,Stade Brestois 29,D,Stade Brestois 29 vs Lyon,90,7.2,,0.0,,,35,25.0,,1.0,1.0,1.0,1.0,0,0,5.0,8.0
274267,Bradley Locko,Stade Brestois 29,D,Marseille vs Stade Brestois 29,33,6.7,,0.0,,,15,10.0,,3.0,1.0,,,0,0,3.0,5.0
274267,Bradley Locko,Stade Brestois 29,D,Rennes vs Stade Brestois 29,9,6.6,,0.0,,,3,2.0,,,,1.0,1.0,0,0,1.0,2.0
274267,Bradley Locko,Stade Brestois 29,D,Stade Brestois 29 vs Auxerre,9,6.6,,0.0,,,5,4.0,,,,,1.0,0,0,1.0,2.0
274267,Bradley Locko,Stade Brestois 29,D,Lyon vs Stade Brestois 29,81,6.9,,0.0,,,26,20.0,,9.0,1.0,1.0,4.0,0,0,13.0,22.0
274267,Bradley Locko,Stade Brestois 29,D,Stade Brestois 29 vs Marseille,8,6.7,,0.0,,,3,1.0,,,,,,0,0,,
326068,Kamory Doumbia,Stade Brestois 29,M,Stade Brestois 29 vs Lille,89,8.7,2.0,0.0,3.0,2.0,38,30.0,,2.0,1.0,1.0,1.0,1,0,3.0,11.0
326068,Kamory Doumbia,Stade Brestois 29,M,Toulouse vs Stade Brestois 29,79,6.3,,0.0,,,30,27.0,,2.0,1.0,,,0,0,4.0,8.0
326068,Kamory Doumbia,Stade Brestois 29,M,Lens vs Stade Brestois 29,75,7,,1.0,1.0,1.0,16,14.0,,3.0,,2.0,,0,0,5.0,11.0
326068,Kamory Doumbia,Stade Brestois 29,M,Stade Brestois 29 vs Paris FC,78,5.7,,0.0,,,21,17.0,,2.0,,1.0,1.0,0,0,4.0,12.0
326068,Kamory Doumbia,Stade Brestois 29,M,Stade Brestois 29 vs Nice,79,6,,0.0,1.0,,27,20.0,,2.0,2.0,2.0,1.0,0,0,4.0,11.0
326068,Kamory Doumbia,Stade Brestois 29,M,Angers vs Stade Brestois 29,75,7.2,,0.0,2.0,1.0,24,21.0,,3.0,,1.0,1.0,0,0,5.0,8.0
326068,Kamory Doumbia,Stade Brestois 29,M,Stade Brestois 29 vs Nantes,90,7.3,,0.0,1.0,,33,28.0,,3.0,,2.0,2.0,0,0,8.0,13.0
326068,Kamory Doumbia,Stade Brestois 29,M,Lorient vs Stade Brestois 29,64,6.9,,0.0,,,18,13.0,,5.0,,,1.0,0,0,7.0,11.0
326068,Kamory Doumbia,Stade Brestois 29,M,Stade Brestois 29 vs Metz,67,7.5,1.0,0.0,2.0,2.0,37,34.0,,2.0,,1.0,,1,0,2.0,6.0
326068,Kamory Doumbia,Stade Brestois 29,M,Strasbourg vs Stade Brestois 29,76,6.2,,0.0,,,26,22.0,,1.0,1.0,,,0,0,2.0,5.0
326068,Kamory Doumbia,Stade Brestois 29,M,Stade Brestois 29 vs Monaco,69,7.2,1.0,0.0,1.0,1.0,21,15.0,,2.0,1.0,2.0,1.0,1,0,4.0,11.0
326068,Kamory Doumbia,Stade Brestois 29,M,Rennes vs Stade Brestois 29,81,6.9,,1.0,1.0,1.0,24,23.0,,3.0,3.0,3.0,4.0,1,0,9.0,16.0
326068,Kamory Doumbia,Stade Brestois 29,M,Lyon vs Stade Brestois 29,21,6.7,,0.0,,,5,4.0,,1.0,,,,0,0,2.0,8.0
326068,Kamory Doumbia,Stade Brestois 29,M,Stade Brestois 29 vs Toulouse,90,6.6,,0.0,1.0,1.0,51,42.0,,3.0,,2.0,1.0,0,0,4.0,10.0
326068,Kamory Doumbia,Stade Brestois 29,M,Nice vs Stade Brestois 29,90,7.3,1.0,0.0,1.0,1.0,36,30.0,,2.0,,4.0,1.0,1,0,4.0,15.0
326068,Kamory Doumbia,Stade Brestois 29,M,Stade Brestois 29 vs Lorient,83,7.2,,0.0,1.0,,34,27.0,,4.0,,1.0,1.0,0,0,7.0,17.0
326068,Kamory Doumbia,Stade Brestois 29,M,Stade Brestois 29 vs Marseille,79,7,,0.0,1.0,1.0,34,27.0,,1.0,2.0,1.0,2.0,0,0,3.0,9.0
22170,Pierre Lees Melou,Stade Brestois 29,M,Stade Brestois 29 vs Lille,90,6.9,,0.0,2.0,,37,25.0,,3.0,,2.0,3.0,0,0,7.0,12.0
22170,Pierre Lees Melou,Stade Brestois 29,M,Toulouse vs Stade Brestois 29,90,7.2,,0.0,1.0,,60,54.0,,5.0,,,2.0,0,0,8.0,14.0
22170,Pierre Lees Melou,Stade Brestois 29,M,Paris FC vs Metz,24,7,,0.0,,,24,24.0,,,,,,0,0,,1.0
22170,Pierre Lees Melou,Stade Brestois 29,M,Stade Brestois 29 vs Paris FC,90,6.3,,0.0,,,54,46.0,,3.0,1.0,3.0,,1,0,5.0,10.0
22170,Pierre Lees Melou,Stade Brestois 29,M,Paris FC vs Strasbourg,90,6.6,,0.0,1.0,1.0,56,50.0,,2.0,,2.0,,0,0,2.0,6.0
22170,Pierre Lees Melou,Stade Brestois 29,M,Nice vs Paris FC,90,6.7,,0.0,,,46,41.0,,3.0,1.0,5.0,1.0,0,0,5.0,12.0
22170,Pierre Lees Melou,Stade Brestois 29,M,Paris FC vs Lorient,90,7.5,,0.0,,,64,59.0,,5.0,,1.0,2.0,0,0,7.0,11.0
22170,Pierre Lees Melou,Stade Brestois 29,M,Lens vs Paris FC,82,7.5,1.0,0.0,2.0,1.0,45,32.0,,1.0,2.0,1.0,1.0,0,0,4.0,7.0
22170,Pierre Lees Melou,Stade Brestois 29,M,Paris FC vs Nantes,90,7.2,,1.0,2.0,1.0,54,47.0,,,1.0,,3.0,0,0,4.0,7.0
22170,Pierre Lees Melou,Stade Brestois 29,M,Paris FC vs Lyon,82,7.2,,0.0,,,47,42.0,,3.0,1.0,2.0,1.0,1,0,4.0,7.0
22170,Pierre Lees Melou,Stade Brestois 29,M,Monaco vs Paris FC,90,6.9,,0.0,1.0,,39,30.0,,2.0,3.0,2.0,1.0,0,0,6.0,9.0
22170,Pierre Lees Melou,Stade Brestois 29,M,Paris FC vs Rennes,87,6.2,,0.0,1.0,1.0,24,18.0,,3.0,,1.0,1.0,0,0,4.0,10.0
22170,Pierre Lees Melou,Stade Brestois 29,M,Lille vs Paris FC,74,6.9,,0.0,,,35,28.0,,4.0,,,1.0,0,0,5.0,10.0
22170,Pierre Lees Melou,Stade Brestois 29,M,Paris FC vs Lens,9,5.9,,0.0,,,14,12.0,,1.0,,1.0,,1,0,1.0,4.0
22170,Pierre Lees Melou,Stade Brestois 29,M,Toulouse vs Paris FC,90,7,,0.0,,,38,29.0,,4.0,1.0,1.0,2.0,0,0,7.0,13.0
20558,Hugo Magnetti,Stade Brestois 29,M,Stade Brestois 29 vs Lille,90,6.3,,0.0,2.0,1.0,27,24.0,,2.0,,1.0,,0,0,2.0,5.0
20558,Hugo Magnetti,Stade Brestois 29,M,Toulouse vs Stade Brestois 29,72,6.7,,0.0,,,37,32.0,,3.0,1.0,1.0,1.0,0,0,4.0,8.0
20558,Hugo Magnetti,Stade Brestois 29,M,Lens vs Stade Brestois 29,90,6.2,,0.0,,,30,26.0,,1.0,1.0,1.0,,1,0,3.0,8.0
20558,Hugo Magnetti,Stade Brestois 29,M,Stade Brestois 29 vs Nice,90,6.6,,0.0,,,22,18.0,,4.0,3.0,2.0,,0,0,5.0,9.0
20558,Hugo Magnetti,Stade Brestois 29,M,Angers vs Stade Brestois 29,90,6.7,,0.0,,,35,27.0,,1.0,2.0,1.0,1.0,1,0,2.0,4.0
20558,Hugo Magnetti,Stade Brestois 29,M,Stade Brestois 29 vs Nantes,90,7.5,,0.0,2.0,,55,47.0,,5.0,,1.0,1.0,0,0,6.0,9.0
20558,Hugo Magnetti,Stade Brestois 29,M,Lorient vs Stade Brestois 29,90,6.7,,0.0,,,53,46.0,,2.0,,5.0,,0,0,2.0,6.0
20558,Hugo Magnetti,Stade Brestois 29,M,Stade Brestois 29 vs Paris Saint Germain,78,6.2,,0.0,,,19,12.0,,1.0,1.0,2.0,,0,0,1.0,3.0
20558,Hugo Magnetti,Stade Brestois 29,M,Le Havre vs Stade Brestois 29,90,6.9,,0.0,1.0,,47,42.0,,2.0,2.0,,,0,0,3.0,3.0
20558,Hugo Magnetti,Stade Brestois 29,M,Stade Brestois 29 vs Lyon,19,6.3,,0.0,1.0,,12,10.0,,,,1.0,,0,0,,1.0
20558,Hugo Magnetti,Stade Brestois 29,M,Marseille vs Stade Brestois 29,74,7.2,,0.0,,,34,30.0,,,1.0,,2.0,0,0,4.0,6.0
20558,Hugo Magnetti,Stade Brestois 29,M,Stade Brestois 29 vs Metz,78,6.9,,0.0,1.0,1.0,49,43.0,,2.0,3.0,,,0,0,2.0,3.0
20558,Hugo Magnetti,Stade Brestois 29,M,Strasbourg vs Stade Brestois 29,90,7.6,1.0,0.0,1.0,1.0,42,41.0,,2.0,3.0,1.0,,0,0,3.0,7.0
20558,Hugo Magnetti,Stade Brestois 29,M,Stade Brestois 29 vs Monaco,90,6.9,,0.0,2.0,,32,27.0,,,1.0,2.0,2.0,0,0,5.0,10.0
20558,Hugo Magnetti,Stade Brestois 29,M,Rennes vs Stade Brestois 29,81,6.2,,0.0,,,26,19.0,,1.0,1.0,2.0,1.0,0,0,2.0,4.0
20558,Hugo Magnetti,Stade Brestois 29,M,Stade Brestois 29 vs Auxerre,90,6.9,,0.0,,,44,39.0,,1.0,3.0,2.0,1.0,1,0,4.0,9.0
20558,Hugo Magnetti,Stade Brestois 29,M,Lyon vs Stade Brestois 29,90,6.3,,0.0,,,33,30.0,,3.0,1.0,1.0,2.0,0,0,5.0,12.0
20558,Hugo Magnetti,Stade Brestois 29,M,Stade Brestois 29 vs Toulouse,73,6.6,,0.0,,,47,38.0,,3.0,1.0,1.0,3.0,0,0,6.0,7.0
20558,Hugo Magnetti,Stade Brestois 29,M,Nice vs Stade Brestois 29,90,7.2,,0.0,,,42,30.0,,5.0,2.0,2.0,3.0,0,0,11.0,16.0
20558,Hugo Magnetti,Stade Brestois 29,M,Stade Brestois 29 vs Lorient,90,7.2,,0.0,,,41,36.0,,1.0,1.0,1.0,,1,0,3.0,7.0
20558,Hugo Magnetti,Stade Brestois 29,M,Lille vs Stade Brestois 29,90,6.9,,0.0,,,21,17.0,,2.0,4.0,,,0,0,3.0,6.0
20558,Hugo Magnetti,Stade Brestois 29,M,Stade Brestois 29 vs Marseille,90,7.9,,1.0,,,26,25.0,,3.0,4.0,,2.0,0,0,6.0,6.0
2214,Romain Del Castillo,Stade Brestois 29,F,Stade Brestois 29 vs Lille,90,7.2,,0.0,1.0,1.0,29,19.0,,5.0,1.0,,1.0,0,0,9.0,14.0
2214,Romain Del Castillo,Stade Brestois 29,F,Toulouse vs Stade Brestois 29,72,6.3,,0.0,,,30,24.0,,5.0,,2.0,,0,0,6.0,16.0
2214,Romain Del Castillo,Stade Brestois 29,F,Lens vs Stade Brestois 29,59,6.5,,0.0,,,22,17.0,,1.0,3.0,2.0,,0,0,3.0,8.0
2214,Romain Del Castillo,Stade Brestois 29,F,Stade Brestois 29 vs Paris FC,90,7.2,1.0,0.0,4.0,2.0,30,23.0,,1.0,,2.0,1.0,0,0,5.0,11.0
2214,Romain Del Castillo,Stade Brestois 29,F,Stade Brestois 29 vs Nice,85,9.3,1.0,1.0,1.0,1.0,42,26.0,,2.0,2.0,2.0,3.0,0,0,8.0,15.0
2214,Romain Del Castillo,Stade Brestois 29,F,Angers vs Stade Brestois 29,89,7.5,1.0,1.0,1.0,1.0,34,24.0,,3.0,,3.0,1.0,0,0,4.0,12.0
2214,Romain Del Castillo,Stade Brestois 29,F,Lorient vs Stade Brestois 29,88,7.5,1.0,0.0,1.0,1.0,27,23.0,,3.0,,2.0,2.0,0,0,8.0,12.0
2214,Romain Del Castillo,Stade Brestois 29,F,Stade Brestois 29 vs Paris Saint Germain,89,5.3,,0.0,2.0,,24,19.0,,2.0,1.0,1.0,1.0,0,0,3.0,5.0
2214,Romain Del Castillo,Stade Brestois 29,F,Le Havre vs Stade Brestois 29,90,6.2,,0.0,,,32,23.0,,1.0,,1.0,,0,0,3.0,13.0
2214,Romain Del Castillo,Stade Brestois 29,F,Stade Brestois 29 vs Lyon,90,6.5,,0.0,,,36,25.0,,2.0,,,,0,0,2.0,7.0
2214,Romain Del Castillo,Stade Brestois 29,F,Marseille vs Stade Brestois 29,90,5.9,,0.0,,,34,23.0,,,,,3.0,0,0,6.0,15.0
2214,Romain Del Castillo,Stade Brestois 29,F,Stade Brestois 29 vs Metz,90,6.9,1.0,0.0,3.0,2.0,39,30.0,,2.0,1.0,,1.0,0,0,8.0,13.0
2214,Romain Del Castillo,Stade Brestois 29,F,Strasbourg vs Stade Brestois 29,76,7.2,1.0,0.0,2.0,1.0,37,31.0,,4.0,1.0,,1.0,0,0,7.0,12.0
2214,Romain Del Castillo,Stade Brestois 29,F,Stade Brestois 29 vs Monaco,83,7.3,,0.0,,,42,29.0,,2.0,2.0,1.0,2.0,0,0,7.0,13.0
2214,Romain Del Castillo,Stade Brestois 29,F,Rennes vs Stade Brestois 29,88,6.2,,0.0,,,24,19.0,,1.0,1.0,1.0,1.0,0,0,2.0,13.0
2214,Romain Del Castillo,Stade Brestois 29,F,Stade Brestois 29 vs Auxerre,90,7.6,,0.0,,,45,34.0,,5.0,,2.0,2.0,1,0,10.0,16.0
2214,Romain Del Castillo,Stade Brestois 29,F,Lyon vs Stade Brestois 29,19,3.5,,0.0,,,5,5.0,,,,1.0,,0,1,,1.0
2214,Romain Del Castillo,Stade Brestois 29,F,Nice vs Stade Brestois 29,84,7.7,1.0,0.0,1.0,1.0,38,33.0,,1.0,1.0,1.0,3.0,0,0,4.0,11.0
2214,Romain Del Castillo,Stade Brestois 29,F,Stade Brestois 29 vs Lorient,89,6.9,,0.0,,,28,22.0,,2.0,2.0,1.0,1.0,0,0,6.0,13.0
2214,Romain Del Castillo,Stade Brestois 29,F,Lille vs Stade Brestois 29,90,6.6,,0.0,1.0,,29,22.0,,2.0,2.0,,,0,0,5.0,9.0
2214,Romain Del Castillo,Stade Brestois 29,F,Stade Brestois 29 vs Marseille,88,7.2,,0.0,,,27,16.0,,2.0,,,1.0,0,0,6.0,12.0
22264,Ludovic Ajorque,Stade Brestois 29,F,Stade Brestois 29 vs Lille,90,6.7,,0.0,,,18,13.0,,,,1.0,2.0,0,0,4.0,9.0
22264,Ludovic Ajorque,Stade Brestois 29,F,Toulouse vs Stade Brestois 29,90,6.7,,0.0,3.0,,23,17.0,,,,4.0,,0,0,10.0,17.0
22264,Ludovic Ajorque,Stade Brestois 29,F,Lens vs Stade Brestois 29,90,7.9,,0.0,,,26,14.0,,1.0,,2.0,3.0,1,0,19.0,24.0
22264,Ludovic Ajorque,Stade Brestois 29,F,Stade Brestois 29 vs Paris FC,90,6.6,,0.0,1.0,,20,11.0,,,,1.0,5.0,0,0,8.0,15.0
22264,Ludovic Ajorque,Stade Brestois 29,F,Stade Brestois 29 vs Nice,85,9.2,1.0,3.0,4.0,2.0,41,35.0,,3.0,1.0,3.0,1.0,0,0,16.0,26.0
22264,Ludovic Ajorque,Stade Brestois 29,F,Angers vs Stade Brestois 29,90,6.9,,0.0,1.0,,32,19.0,,1.0,,2.0,,0,0,12.0,19.0
22264,Ludovic Ajorque,Stade Brestois 29,F,Stade Brestois 29 vs Nantes,90,6.2,,0.0,2.0,2.0,30,20.0,,1.0,,4.0,1.0,1,0,6.0,15.0
22264,Ludovic Ajorque,Stade Brestois 29,F,Lorient vs Stade Brestois 29,90,6.7,,0.0,1.0,,21,15.0,,2.0,1.0,,2.0,1,0,9.0,17.0
22264,Ludovic Ajorque,Stade Brestois 29,F,Stade Brestois 29 vs Paris Saint Germain,90,6.6,,0.0,,,24,18.0,,,1.0,,,0,0,4.0,9.0
22264,Ludovic Ajorque,Stade Brestois 29,F,Le Havre vs Stade Brestois 29,90,6.9,,0.0,,,29,21.0,,,2.0,,1.0,0,0,10.0,14.0
22264,Ludovic Ajorque,Stade Brestois 29,F,Stade Brestois 29 vs Lyon,90,5.9,,0.0,2.0,1.0,13,8.0,,1.0,,3.0,1.0,0,0,2.0,10.0
22264,Ludovic Ajorque,Stade Brestois 29,F,Marseille vs Stade Brestois 29,90,6.9,,0.0,,,16,11.0,,,,,1.0,0,0,9.0,14.0
22264,Ludovic Ajorque,Stade Brestois 29,F,Stade Brestois 29 vs Metz,90,6.9,,1.0,3.0,,30,23.0,,,,1.0,1.0,0,0,6.0,13.0
22264,Ludovic Ajorque,Stade Brestois 29,F,Strasbourg vs Stade Brestois 29,90,7.2,,0.0,1.0,,22,18.0,,1.0,1.0,2.0,3.0,1,0,8.0,14.0
22264,Ludovic Ajorque,Stade Brestois 29,F,Stade Brestois 29 vs Monaco,60,5.3,,0.0,1.0,1.0,18,15.0,,,1.0,4.0,2.0,0,1,3.0,11.0
22264,Ludovic Ajorque,Stade Brestois 29,F,Stade Brestois 29 vs Auxerre,90,8.3,1.0,1.0,2.0,2.0,32,24.0,,1.0,,2.0,,0,0,6.0,12.0
22264,Ludovic Ajorque,Stade Brestois 29,F,Lyon vs Stade Brestois 29,69,6.3,,0.0,1.0,,15,9.0,,,1.0,2.0,3.0,0,0,8.0,16.0
22264,Ludovic Ajorque,Stade Brestois 29,F,Stade Brestois 29 vs Toulouse,90,5.9,,0.0,1.0,1.0,19,11.0,,,,3.0,2.0,1,0,4.0,12.0
22264,Ludovic Ajorque,Stade Brestois 29,F,Nice vs Stade Brestois 29,90,6.2,,1.0,,,21,13.0,,,,5.0,1.0,0,0,7.0,20.0
22264,Ludovic Ajorque,Stade Brestois 29,F,Stade Brestois 29 vs Lorient,90,7.9,1.0,0.0,2.0,2.0,24,16.0,,1.0,,1.0,3.0,1,0,10.0,15.0
22264,Ludovic Ajorque,Stade Brestois 29,F,Lille vs Stade Brestois 29,90,6.7,,1.0,,,27,12.0,,,,,3.0,1,0,8.0,13.0
22264,Ludovic Ajorque,Stade Brestois 29,F,Stade Brestois 29 vs Marseille,90,9.2,2.0,0.0,4.0,2.0,33,24.0,,1.0,,3.0,5.0,1,0,15.0,24.0
41323,Mama Baldé,Stade Brestois 29,F,Stade Brestois 29 vs Lille,89,7.6,,1.0,2.0,,26,19.0,,4.0,,3.0,3.0,0,0,9.0,17.0
41323,Mama Baldé,Stade Brestois 29,F,Toulouse vs Stade Brestois 29,84,6.5,,0.0,2.0,1.0,16,13.0,,2.0,,1.0,2.0,0,0,5.0,10.0
41323,Mama Baldé,Stade Brestois 29,F,Lens vs Stade Brestois 29,75,7.5,1.0,0.0,1.0,1.0,10,7.0,,,,1.0,,0,0,3.0,10.0
41323,Mama Baldé,Stade Brestois 29,F,Stade Brestois 29 vs Paris FC,45,6.2,,0.0,1.0,1.0,8,5.0,,,1.0,,,0,0,1.0,5.0
41323,Mama Baldé,Stade Brestois 29,F,Stade Brestois 29 vs Paris Saint Germain,23,6.3,,0.0,1.0,1.0,10,7.0,,,,1.0,,0,0,1.0,4.0
41323,Mama Baldé,Stade Brestois 29,F,Le Havre vs Stade Brestois 29,33,6.3,,0.0,3.0,,10,8.0,,1.0,,1.0,,0,0,3.0,5.0
41323,Mama Baldé,Stade Brestois 29,F,Stade Brestois 29 vs Lyon,72,6.3,,0.0,2.0,,17,12.0,,,2.0,2.0,1.0,0,0,4.0,8.0
41323,Mama Baldé,Stade Brestois 29,F,Marseille vs Stade Brestois 29,45,6.5,,0.0,,,4,2.0,,1.0,,,2.0,0,0,4.0,8.0
41323,Mama Baldé,Stade Brestois 29,F,Stade Brestois 29 vs Metz,12,6.7,,0.0,,,2,2.0,,,,,,0,0,1.0,2.0
41323,Mama Baldé,Stade Brestois 29,F,Strasbourg vs Stade Brestois 29,14,7,,1.0,,,4,3.0,,1.0,1.0,1.0,,0,0,2.0,3.0
41323,Mama Baldé,Stade Brestois 29,F,Stade Brestois 29 vs Monaco,58,6.3,,0.0,1.0,,11,5.0,,2.0,,1.0,,0,0,6.0,11.0
41323,Mama Baldé,Stade Brestois 29,F,Rennes vs Stade Brestois 29,70,7.3,1.0,0.0,5.0,1.0,12,8.0,,,,,2.0,0,0,5.0,12.0
41323,Mama Baldé,Stade Brestois 29,F,Stade Brestois 29 vs Auxerre,15,6.3,,0.0,,,2,2.0,,,,,,0,0,,1.0
449153,Hamidou Makalou,Stade Brestois 29,M,Stade Brestois 29 vs Lille,9,6.6,,0.0,,,1,,,,,,1.0,0,0,1.0,1.0
449153,Hamidou Makalou,Stade Brestois 29,M,Toulouse vs Stade Brestois 29,18,6.6,,0.0,,,9,8.0,,,,,,0,0,,1.0
449153,Hamidou Makalou,Stade Brestois 29,M,Lens vs Stade Brestois 29,15,6.2,,0.0,,,6,4.0,,,1.0,,,0,0,,
449153,Hamidou Makalou,Stade Brestois 29,M,Stade Brestois 29 vs Paris FC,68,6.2,,0.0,2.0,,22,15.0,,,,1.0,,0,0,,5.0
449153,Hamidou Makalou,Stade Brestois 29,M,Stade Brestois 29 vs Nice,11,6.7,,0.0,,,6,4.0,,,,,,0,0,,
449153,Hamidou Makalou,Stade Brestois 29,M,Stade Brestois 29 vs Nantes,12,6.7,,0.0,,,1,,,1.0,,,,0,0,1.0,1.0
449153,Hamidou Makalou,Stade Brestois 29,M,Stade Brestois 29 vs Paris Saint Germain,12,6.3,,0.0,,,7,5.0,,,1.0,,,0,0,,
449153,Hamidou Makalou,Stade Brestois 29,M,Marseille vs Stade Brestois 29,16,6.3,,0.0,,,9,9.0,,,,,,0,0,,
449153,Hamidou Makalou,Stade Brestois 29,M,Rennes vs Stade Brestois 29,9,6.6,,0.0,,,1,1.0,,,1.0,,1.0,0,0,1.0,1.0
449153,Hamidou Makalou,Stade Brestois 29,M,Stade Brestois 29 vs Toulouse,12,6.3,,0.0,,,17,14.0,,,,,,0,0,,
1337,Berke Özer,Lille,G,Stade Brestois 29 vs Lille,90,7.2,,0.0,,,31,24.0,,,,,,0,0,,
1337,Berke Özer,Lille,G,Lille vs Monaco,90,7.9,,0.0,,,29,25.0,,1.0,,,1.0,0,0,2.0,4.0
1337,Berke Özer,Lille,G,Lorient vs Lille,90,7.5,,1.0,,,29,23.0,,,,,1.0,0,0,1.0,1.0
1337,Berke Özer,Lille,G,Lille vs Toulouse,90,7.5,,0.0,,,35,29.0,,,,,,0,0,1.0,1.0
1337,Berke Özer,Lille,G,Lens vs Lille,90,7.2,,0.0,,,41,29.0,,,,,1.0,0,0,1.0,1.0
1337,Berke Özer,Lille,G,Lille vs Paris Saint Germain,90,7.3,,0.0,,,39,28.0,,,,,,0,0,,1.0
1337,Berke Özer,Lille,G,Nantes vs Lille,90,7.6,,0.0,,,48,40.0,,,,,2.0,0,0,3.0,3.0
1337,Berke Özer,Lille,G,Lille vs Metz,90,7.6,,0.0,,,27,23.0,,,,,,0,0,2.0,2.0
1337,Berke Özer,Lille,G,Lille vs Angers,90,7,,0.0,,,39,35.0,,,,,,0,0,,
1337,Berke Özer,Lille,G,Strasbourg vs Lille,90,6,,0.0,,,32,31.0,,,,,,0,0,,
1337,Berke Özer,Lille,G,Lille vs Paris FC,90,6.2,,0.0,,,27,24.0,,,,,,0,0,,
1337,Berke Özer,Lille,G,Le Havre vs Lille,90,10,,0.0,,,44,33.0,,,,,2.0,0,0,2.0,2.0
1337,Berke Özer,Lille,G,Lille vs Marseille,90,8.2,,0.0,,,27,16.0,,,,,,1,0,,
1337,Berke Özer,Lille,G,Auxerre vs Lille,90,7.9,,0.0,,,30,17.0,,,,,1.0,0,0,2.0,2.0
1337,Berke Özer,Lille,G,Lille vs Rennes,90,6.2,,0.0,,,31,20.0,,,,,,0,0,,
1337,Berke Özer,Lille,G,Paris Saint Germain vs Lille,90,7.9,,0.0,,,33,25.0,,,,,,0,0,,
1337,Berke Özer,Lille,G,Lille vs Strasbourg,90,5.5,,0.0,,,32,21.0,,,,,,0,0,,
1337,Berke Özer,Lille,G,Lyon vs Lille,90,6.5,,0.0,,,36,35.0,,,,,,0,0,1.0,1.0
1337,Berke Özer,Lille,G,Metz vs Lille,90,7.6,,0.0,,,38,27.0,,1.0,,,,0,0,1.0,1.0
1337,Berke Özer,Lille,G,Lille vs Stade Brestois 29,90,6.3,,0.0,,,21,21.0,,,,,,0,0,,
1337,Berke Özer,Lille,G,Angers vs Lille,90,7.7,,0.0,,,42,37.0,,,,,1.0,0,0,1.0,1.0
351888,Ousmane Touré,Lille,D,Stade Brestois 29 vs Lille,52,6.2,,0.0,,,21,18.0,,1.0,2.0,,,0,0,3.0,7.0
312964,Nathan Ngoy,Lille,D,Stade Brestois 29 vs Lille,90,6.9,,1.0,,,56,51.0,,1.0,2.0,2.0,,1,0,1.0,4.0
312964,Nathan Ngoy,Lille,D,Lille vs Monaco,90,7,,0.0,4.0,,52,47.0,,1.0,4.0,1.0,,0,0,2.0,3.0
312964,Nathan Ngoy,Lille,D,Lorient vs Lille,90,7,,0.0,,,79,74.0,,2.0,,1.0,,0,0,4.0,7.0
312964,Nathan Ngoy,Lille,D,Lille vs Toulouse,90,7.7,,0.0,1.0,,81,75.0,,3.0,4.0,,2.0,0,0,9.0,10.0
312964,Nathan Ngoy,Lille,D,Lens vs Lille,90,5.9,,0.0,,,64,57.0,,2.0,2.0,,,0,0,3.0,8.0
312964,Nathan Ngoy,Lille,D,Lille vs Lyon,90,6.2,,0.0,,,54,45.0,,1.0,,3.0,,0,0,2.0,7.0
312964,Nathan Ngoy,Lille,D,Lille vs Paris Saint Germain,90,7.3,,0.0,,,33,29.0,,5.0,1.0,1.0,,0,0,6.0,10.0
312964,Nathan Ngoy,Lille,D,Lille vs Metz,22,6.3,,0.0,,,9,9.0,,1.0,,,,0,0,2.0,2.0
312964,Nathan Ngoy,Lille,D,Nice vs Lille,90,6.7,,0.0,1.0,1.0,77,72.0,,2.0,1.0,,,0,0,4.0,5.0
312964,Nathan Ngoy,Lille,D,Strasbourg vs Lille,90,6.2,,0.0,2.0,2.0,74,63.0,,,,1.0,,0,0,2.0,6.0
312964,Nathan Ngoy,Lille,D,Lille vs Paris FC,12,6.9,,0.0,,,2,2.0,,,1.0,,,0,0,1.0,1.0
312964,Nathan Ngoy,Lille,D,Le Havre vs Lille,90,7.5,,0.0,,,55,50.0,,,1.0,2.0,1.0,1,0,3.0,5.0
312964,Nathan Ngoy,Lille,D,Lille vs Marseille,90,6.9,,0.0,,,42,41.0,,,1.0,,,0,0,1.0,2.0
312964,Nathan Ngoy,Lille,D,Auxerre vs Lille,38,5.3,,0.0,,,39,36.0,,,1.0,1.0,,0,1,,2.0
312964,Nathan Ngoy,Lille,D,Lille vs Rennes,90,7.2,,0.0,,,53,48.0,,1.0,4.0,,,0,0,1.0,2.0
312964,Nathan Ngoy,Lille,D,Paris Saint Germain vs Lille,90,6.3,,0.0,,,46,43.0,,1.0,1.0,,1.0,0,0,3.0,5.0
312964,Nathan Ngoy,Lille,D,Lille vs Strasbourg,90,6.2,,0.0,1.0,,64,57.0,,1.0,3.0,,,0,0,2.0,2.0
312964,Nathan Ngoy,Lille,D,Lyon vs Lille,90,6.5,,0.0,,,69,63.0,,2.0,,1.0,,1,0,2.0,4.0
312964,Nathan Ngoy,Lille,D,Angers vs Lille,90,6.9,,0.0,1.0,1.0,77,70.0,,1.0,,1.0,1.0,1,0,2.0,6.0
142691,Alexsandro Ribeiro,Lille,D,Stade Brestois 29 vs Lille,90,6.2,,0.0,,,56,50.0,,,,2.0,1.0,0,0,3.0,5.0
142691,Alexsandro Ribeiro,Lille,D,Lille vs Monaco,90,7.9,,0.0,,,68,57.0,,3.0,6.0,,1.0,0,0,9.0,10.0
142691,Alexsandro Ribeiro,Lille,D,Lorient vs Lille,90,6.6,,0.0,2.0,1.0,94,85.0,,1.0,1.0,2.0,,0,0,5.0,11.0
142691,Alexsandro Ribeiro,Lille,D,Lille vs Toulouse,44,7.5,,0.0,1.0,1.0,61,58.0,,2.0,1.0,1.0,2.0,0,0,5.0,6.0
142691,Alexsandro Ribeiro,Lille,D,Lille vs Rennes,13,3.7,,0.0,,,11,11.0,,,,1.0,,0,1,,1.0
142691,Alexsandro Ribeiro,Lille,D,Metz vs Lille,90,7.5,,0.0,1.0,,79,73.0,,2.0,1.0,1.0,3.0,0,0,8.0,13.0
142691,Alexsandro Ribeiro,Lille,D,Lille vs Stade Brestois 29,90,7.7,,0.0,3.0,,82,73.0,,2.0,2.0,3.0,1.0,0,0,9.0,14.0
20600,Romain Perraud,Lille,D,Stade Brestois 29 vs Lille,72,6.2,,0.0,1.0,1.0,20,18.0,,1.0,1.0,,3.0,0,0,5.0,8.0
20600,Romain Perraud,Lille,D,Lille vs Monaco,90,7.5,,0.0,1.0,,38,32.0,,3.0,1.0,1.0,3.0,0,0,8.0,13.0
20600,Romain Perraud,Lille,D,Lorient vs Lille,90,7.9,1.0,1.0,1.0,1.0,55,48.0,,1.0,,3.0,2.0,1,0,5.0,10.0
20600,Romain Perraud,Lille,D,Lille vs Toulouse,90,6.7,,0.0,2.0,,73,61.0,,1.0,,,,0,0,1.0,5.0
20600,Romain Perraud,Lille,D,Lens vs Lille,18,6.9,,0.0,,,11,10.0,,,1.0,,,0,0,,
20600,Romain Perraud,Lille,D,Lille vs Paris Saint Germain,90,7.2,,0.0,,,33,28.0,,2.0,1.0,,3.0,0,0,6.0,9.0
20600,Romain Perraud,Lille,D,Nantes vs Lille,82,6.9,,0.0,1.0,,51,43.0,,1.0,2.0,1.0,1.0,1,0,3.0,6.0
20600,Romain Perraud,Lille,D,Lille vs Metz,90,8,1.0,0.0,2.0,1.0,50,42.0,,4.0,,,2.0,0,0,8.0,10.0
20600,Romain Perraud,Lille,D,Nice vs Lille,90,6.6,,0.0,2.0,2.0,67,65.0,,1.0,1.0,,1.0,0,0,2.0,3.0
20600,Romain Perraud,Lille,D,Strasbourg vs Lille,85,5.6,,0.0,,,27,23.0,,1.0,1.0,3.0,1.0,1,0,2.0,10.0
20600,Romain Perraud,Lille,D,Lille vs Paris FC,90,7.2,,1.0,1.0,1.0,44,37.0,,5.0,1.0,1.0,,0,0,5.0,7.0
20600,Romain Perraud,Lille,D,Le Havre vs Lille,90,7,,0.0,,,36,32.0,,2.0,1.0,3.0,3.0,0,0,5.0,10.0
20600,Romain Perraud,Lille,D,Lille vs Marseille,90,6.9,,0.0,1.0,1.0,28,25.0,,1.0,1.0,3.0,3.0,0,0,4.0,10.0
20600,Romain Perraud,Lille,D,Auxerre vs Lille,88,6,,1.0,,,20,16.0,,,,,2.0,0,1,3.0,8.0
20600,Romain Perraud,Lille,D,Paris Saint Germain vs Lille,90,6.5,,0.0,1.0,1.0,39,30.0,,3.0,1.0,,3.0,0,0,6.0,11.0
20600,Romain Perraud,Lille,D,Lille vs Strasbourg,69,5.6,,0.0,1.0,,24,18.0,,,1.0,1.0,2.0,1,0,2.0,8.0
20600,Romain Perraud,Lille,D,Lyon vs Lille,78,6.9,,0.0,2.0,2.0,65,55.0,,3.0,,,4.0,0,0,8.0,11.0
20600,Romain Perraud,Lille,D,Metz vs Lille,82,7.3,,0.0,,,30,25.0,,3.0,1.0,1.0,1.0,0,0,4.0,7.0
20600,Romain Perraud,Lille,D,Lille vs Stade Brestois 29,90,6.9,,0.0,,,57,51.0,,,2.0,,,0,0,4.0,7.0
20600,Romain Perraud,Lille,D,Angers vs Lille,11,6.9,,0.0,,,2,2.0,,,,,1.0,0,0,2.0,2.0
375598,Ngal'ayel Mukau,Lille,M,Stade Brestois 29 vs Lille,85,7.5,1.0,0.0,1.0,1.0,21,17.0,,1.0,,3.0,1.0,0,0,3.0,7.0
375598,Ngal'ayel Mukau,Lille,M,Lille vs Monaco,60,6.9,,0.0,,,15,14.0,,1.0,,1.0,,0,0,1.0,2.0
375598,Ngal'ayel Mukau,Lille,M,Lille vs Toulouse,61,6.3,,0.0,1.0,,22,21.0,,,1.0,1.0,,0,0,,3.0
375598,Ngal'ayel Mukau,Lille,M,Lens vs Lille,31,6.6,,0.0,,,20,18.0,,1.0,,,,0,0,3.0,5.0
375598,Ngal'ayel Mukau,Lille,M,Lille vs Lyon,74,7.3,,0.0,1.0,1.0,21,20.0,,1.0,1.0,,2.0,0,0,3.0,9.0
375598,Ngal'ayel Mukau,Lille,M,Lille vs Metz,45,6.5,,0.0,,,27,25.0,,1.0,,1.0,1.0,0,0,2.0,3.0
375598,Ngal'ayel Mukau,Lille,M,Nice vs Lille,11,6.2,,0.0,,,7,6.0,,,,,,0,0,,1.0
375598,Ngal'ayel Mukau,Lille,M,Lille vs Angers,10,6.3,,0.0,,,6,6.0,,,,,,0,0,,
375598,Ngal'ayel Mukau,Lille,M,Strasbourg vs Lille,13,6.5,,0.0,,,4,4.0,,,,2.0,,1,0,,3.0
375598,Ngal'ayel Mukau,Lille,M,Lille vs Paris FC,17,6.5,,0.0,,,9,8.0,,1.0,,1.0,,0,0,1.0,2.0
375598,Ngal'ayel Mukau,Lille,M,Le Havre vs Lille,73,6.6,,0.0,,,33,29.0,,1.0,,,1.0,0,0,3.0,5.0
375598,Ngal'ayel Mukau,Lille,M,Lille vs Marseille,21,6.5,,0.0,,,6,6.0,,,,,,0,0,,3.0
375598,Ngal'ayel Mukau,Lille,M,Auxerre vs Lille,14,6.6,,0.0,,,1,1.0,,1.0,,1.0,,0,0,2.0,4.0
375598,Ngal'ayel Mukau,Lille,M,Paris Saint Germain vs Lille,77,6.3,,0.0,1.0,,33,28.0,,2.0,2.0,,1.0,0,0,5.0,7.0
375598,Ngal'ayel Mukau,Lille,M,Lille vs Strasbourg,90,6.2,,0.0,1.0,,27,25.0,,1.0,,,2.0,0,0,3.0,6.0
375598,Ngal'ayel Mukau,Lille,M,Lyon vs Lille,68,6.2,,0.0,2.0,,19,18.0,,1.0,,3.0,,1,0,3.0,7.0
375598,Ngal'ayel Mukau,Lille,M,Metz vs Lille,8,6.7,,0.0,,,4,3.0,,,,,,0,0,1.0,1.0
375598,Ngal'ayel Mukau,Lille,M,Lille vs Stade Brestois 29,66,6.3,,0.0,2.0,1.0,36,29.0,,,1.0,,1.0,0,0,2.0,7.0
375598,Ngal'ayel Mukau,Lille,M,Angers vs Lille,11,6.7,,0.0,,,5,5.0,,2.0,1.0,,,0,0,2.0,4.0
2204,Benjamin André,Lille,M,Stade Brestois 29 vs Lille,90,6.6,,0.0,,,42,32.0,,3.0,2.0,,1.0,0,0,7.0,14.0
2204,Benjamin André,Lille,M,Lille vs Monaco,90,7.3,,0.0,1.0,,51,40.0,,2.0,1.0,,,0,0,8.0,13.0
2204,Benjamin André,Lille,M,Lorient vs Lille,90,6.7,,1.0,1.0,1.0,47,40.0,,2.0,2.0,4.0,,1,0,3.0,8.0
2204,Benjamin André,Lille,M,Lille vs Toulouse,90,6.3,,0.0,,,61,55.0,,1.0,,4.0,1.0,0,0,4.0,15.0
2204,Benjamin André,Lille,M,Lille vs Paris Saint Germain,90,6.9,,0.0,,,39,30.0,,1.0,2.0,2.0,1.0,1,0,3.0,7.0
2204,Benjamin André,Lille,M,Nantes vs Lille,90,7.3,,0.0,2.0,,67,60.0,,2.0,,1.0,1.0,1,0,9.0,12.0
2204,Benjamin André,Lille,M,Lille vs Metz,89,8.2,1.0,0.0,2.0,1.0,59,53.0,,1.0,,,2.0,0,0,5.0,11.0
2204,Benjamin André,Lille,M,Nice vs Lille,81,6,,0.0,1.0,,41,31.0,,1.0,2.0,3.0,,1,0,3.0,12.0
2204,Benjamin André,Lille,M,Lille vs Angers,90,7,,0.0,2.0,,59,46.0,,2.0,1.0,2.0,1.0,0,0,7.0,12.0
2204,Benjamin André,Lille,M,Strasbourg vs Lille,90,6.9,,0.0,1.0,,53,48.0,,2.0,1.0,3.0,3.0,1,0,8.0,16.0
2204,Benjamin André,Lille,M,Le Havre vs Lille,90,6.9,,0.0,,,66,56.0,,3.0,,2.0,,0,0,5.0,11.0
2204,Benjamin André,Lille,M,Lille vs Marseille,90,7.3,,0.0,,,45,36.0,,5.0,,,2.0,0,0,10.0,12.0
2204,Benjamin André,Lille,M,Auxerre vs Lille,90,7.9,1.0,0.0,1.0,1.0,39,31.0,,4.0,,2.0,3.0,0,0,10.0,17.0
2204,Benjamin André,Lille,M,Lille vs Rennes,90,6.9,,0.0,1.0,,44,35.0,,,3.0,1.0,4.0,1,0,6.0,10.0
2204,Benjamin André,Lille,M,Lyon vs Lille,90,7.2,,0.0,,,62,56.0,,6.0,1.0,,1.0,0,0,11.0,16.0
2204,Benjamin André,Lille,M,Metz vs Lille,90,7.5,,0.0,,,69,59.0,,1.0,1.0,2.0,2.0,0,0,13.0,20.0
2204,Benjamin André,Lille,M,Lille vs Stade Brestois 29,90,7.3,,0.0,1.0,,65,53.0,,2.0,1.0,1.0,3.0,0,0,7.0,12.0
2204,Benjamin André,Lille,M,Angers vs Lille,90,7.7,,0.0,,,52,45.0,,3.0,5.0,1.0,1.0,0,0,8.0,13.0
318416,Marius Sivertsen Broholm,Lille,M,Stade Brestois 29 vs Lille,45,6.3,,0.0,,,12,9.0,,1.0,,,,0,0,3.0,6.0
318416,Marius Sivertsen Broholm,Lille,M,Lorient vs Lille,45,6.5,,0.0,,,31,23.0,,1.0,,1.0,1.0,0,0,2.0,5.0
318416,Marius Sivertsen Broholm,Lille,M,Lille vs Metz,18,7.2,,0.0,2.0,2.0,5,5.0,,2.0,,,,0,0,3.0,3.0
318416,Marius Sivertsen Broholm,Lille,M,Nice vs Lille,20,6.3,,0.0,,,5,3.0,,1.0,,,1.0,0,0,2.0,3.0
318416,Marius Sivertsen Broholm,Lille,M,Strasbourg vs Lille,14,6.5,,0.0,,,7,6.0,,,,,,0,0,,1.0
318416,Marius Sivertsen Broholm,Lille,M,Lille vs Paris FC,17,7,1.0,0.0,1.0,1.0,8,7.0,,,,1.0,,0,0,,2.0
318416,Marius Sivertsen Broholm,Lille,M,Lille vs Rennes,70,6.7,,0.0,,,24,21.0,,1.0,1.0,1.0,4.0,0,0,5.0,9.0
318416,Marius Sivertsen Broholm,Lille,M,Paris Saint Germain vs Lille,13,6.2,,0.0,,,7,7.0,,,,,,0,0,,1.0
318416,Marius Sivertsen Broholm,Lille,M,Lille vs Strasbourg,8,6.6,,1.0,,,2,1.0,,,,,,0,0,,
318416,Marius Sivertsen Broholm,Lille,M,Lyon vs Lille,22,6.2,,0.0,,,9,6.0,,2.0,1.0,1.0,1.0,0,0,3.0,10.0
318416,Marius Sivertsen Broholm,Lille,M,Lille vs Stade Brestois 29,16,6.9,,0.0,,,7,4.0,,2.0,,,1.0,0,0,3.0,3.0
67889,Hakon Arnar Haraldsson,Lille,M,Stade Brestois 29 vs Lille,85,7.9,1.0,0.0,1.0,1.0,42,37.0,,1.0,,1.0,,0,0,2.0,6.0
67889,Hakon Arnar Haraldsson,Lille,M,Lille vs Monaco,90,6.7,,0.0,2.0,,42,38.0,,,,2.0,2.0,0,0,4.0,14.0
67889,Hakon Arnar Haraldsson,Lille,M,Lorient vs Lille,90,7.9,1.0,0.0,1.0,1.0,43,38.0,,1.0,,,2.0,0,0,4.0,6.0
67889,Hakon Arnar Haraldsson,Lille,M,Lens vs Lille,59,6.5,,0.0,1.0,,29,20.0,,3.0,,,3.0,0,0,7.0,9.0
67889,Hakon Arnar Haraldsson,Lille,M,Lille vs Lyon,90,6.3,,0.0,1.0,,49,42.0,,1.0,1.0,2.0,2.0,0,0,5.0,9.0
67889,Hakon Arnar Haraldsson,Lille,M,Lille vs Paris Saint Germain,66,6.6,,0.0,,,21,17.0,,2.0,,1.0,1.0,0,0,4.0,6.0
67889,Hakon Arnar Haraldsson,Lille,M,Nantes vs Lille,89,7.3,1.0,0.0,3.0,1.0,48,42.0,,2.0,,5.0,1.0,0,0,3.0,13.0
67889,Hakon Arnar Haraldsson,Lille,M,Lille vs Metz,90,8,1.0,1.0,3.0,1.0,47,41.0,,,,3.0,1.0,1,0,2.0,8.0
67889,Hakon Arnar Haraldsson,Lille,M,Nice vs Lille,85,6.5,,0.0,1.0,,38,34.0,,,,1.0,2.0,1,0,2.0,6.0
67889,Hakon Arnar Haraldsson,Lille,M,Lille vs Angers,79,7.2,,0.0,,,33,25.0,,,,,1.0,0,0,4.0,8.0
67889,Hakon Arnar Haraldsson,Lille,M,Strasbourg vs Lille,90,6.3,,0.0,2.0,2.0,44,40.0,,1.0,,1.0,1.0,0,0,2.0,9.0
67889,Hakon Arnar Haraldsson,Lille,M,Lille vs Paris FC,29,7.2,,0.0,,,11,10.0,,1.0,,1.0,1.0,0,0,2.0,3.0
67889,Hakon Arnar Haraldsson,Lille,M,Le Havre vs Lille,18,7,,0.0,,,16,14.0,,1.0,1.0,1.0,,1,0,1.0,3.0
67889,Hakon Arnar Haraldsson,Lille,M,Lille vs Marseille,84,6.5,,0.0,,,36,28.0,,,2.0,,2.0,0,0,3.0,7.0
67889,Hakon Arnar Haraldsson,Lille,M,Auxerre vs Lille,74,6.9,1.0,0.0,1.0,1.0,29,22.0,,,,,1.0,0,0,1.0,4.0
67889,Hakon Arnar Haraldsson,Lille,M,Lille vs Rennes,84,6.6,,0.0,,,33,29.0,,1.0,,1.0,,0,0,3.0,9.0
67889,Hakon Arnar Haraldsson,Lille,M,Paris Saint Germain vs Lille,89,6.3,,0.0,,,45,42.0,,1.0,2.0,2.0,1.0,1,0,2.0,10.0
67889,Hakon Arnar Haraldsson,Lille,M,Lyon vs Lille,90,6.7,,0.0,1.0,,59,52.0,,,,,1.0,0,0,3.0,4.0
67889,Hakon Arnar Haraldsson,Lille,M,Metz vs Lille,71,6.5,,0.0,2.0,,26,23.0,,,,,1.0,0,0,1.0,6.0
67889,Hakon Arnar Haraldsson,Lille,M,Lille vs Stade Brestois 29,74,7,,0.0,1.0,,64,60.0,,1.0,1.0,,,0,0,2.0,4.0
67889,Hakon Arnar Haraldsson,Lille,M,Angers vs Lille,17,6.7,,0.0,,,9,6.0,,,,,2.0,0,0,2.0,2.0
135749,Félix Correia,Lille,M,Stade Brestois 29 vs Lille,90,6.9,,1.0,,,38,28.0,,1.0,2.0,,,0,0,3.0,8.0
135749,Félix Correia,Lille,M,Lille vs Monaco,81,7.5,,0.0,,,20,15.0,,1.0,2.0,,,0,0,2.0,3.0
135749,Félix Correia,Lille,M,Lorient vs Lille,82,7.6,,2.0,1.0,,24,19.0,,2.0,1.0,,3.0,0,0,6.0,8.0
135749,Félix Correia,Lille,M,Lille vs Toulouse,81,7,,0.0,,,37,29.0,,,,,1.0,0,0,2.0,7.0
135749,Félix Correia,Lille,M,Lens vs Lille,45,5.9,,0.0,2.0,2.0,15,10.0,,,,,,0,0,,2.0
135749,Félix Correia,Lille,M,Lille vs Lyon,74,6.6,,0.0,1.0,,22,19.0,,,1.0,3.0,3.0,0,0,4.0,9.0
135749,Félix Correia,Lille,M,Lille vs Paris Saint Germain,24,6.9,,0.0,,,11,9.0,,2.0,1.0,,,0,0,2.0,2.0
135749,Félix Correia,Lille,M,Nantes vs Lille,82,8,,0.0,,,39,34.0,,1.0,1.0,,,0,0,1.0,4.0
135749,Félix Correia,Lille,M,Lille vs Metz,83,10,2.0,1.0,2.0,2.0,51,38.0,,1.0,,,2.0,0,0,5.0,8.0
135749,Félix Correia,Lille,M,Nice vs Lille,69,6.7,,0.0,,,39,37.0,,,,,1.0,0,0,1.0,3.0
135749,Félix Correia,Lille,M,Lille vs Angers,85,7.9,1.0,0.0,5.0,1.0,44,33.0,,1.0,,1.0,,0,0,3.0,8.0
135749,Félix Correia,Lille,M,Strasbourg vs Lille,76,5.9,,0.0,,,26,18.0,,1.0,1.0,1.0,,0,0,2.0,7.0
135749,Félix Correia,Lille,M,Lille vs Paris FC,90,6.7,,0.0,,,39,32.0,,,3.0,1.0,,0,0,,6.0
135749,Félix Correia,Lille,M,Le Havre vs Lille,57,6.9,,0.0,,,14,7.0,,,,,2.0,0,0,3.0,5.0
135749,Félix Correia,Lille,M,Lille vs Marseille,20,6.6,,0.0,,,17,14.0,,1.0,,,,0,0,2.0,4.0
135749,Félix Correia,Lille,M,Auxerre vs Lille,16,5.9,,0.0,,,7,7.0,,,,1.0,,1,0,,2.0
135749,Félix Correia,Lille,M,Lille vs Rennes,20,6.6,,0.0,1.0,,9,8.0,,,,,1.0,0,0,1.0,1.0
135749,Félix Correia,Lille,M,Lille vs Strasbourg,10,6.9,,0.0,,,7,6.0,,,,,1.0,0,0,1.0,1.0
135749,Félix Correia,Lille,M,Lyon vs Lille,68,6.9,,0.0,1.0,,30,27.0,,1.0,,,2.0,0,0,5.0,7.0
135749,Félix Correia,Lille,M,Metz vs Lille,29,6.3,,0.0,2.0,1.0,12,9.0,,,,,,0,0,,3.0
135749,Félix Correia,Lille,M,Lille vs Stade Brestois 29,74,7.2,,1.0,,,46,34.0,,,1.0,,,0,0,3.0,8.0
135749,Félix Correia,Lille,M,Angers vs Lille,79,6,,0.0,2.0,,45,39.0,,2.0,5.0,,,0,0,2.0,5.0
2295,Olivier Giroud,Lille,F,Stade Brestois 29 vs Lille,90,7.3,1.0,0.0,2.0,2.0,25,13.0,,2.0,,2.0,3.0,0,0,11.0,19.0
2295,Olivier Giroud,Lille,F,Lille vs Monaco,90,7.6,1.0,0.0,4.0,1.0,18,14.0,,1.0,,1.0,4.0,0,0,10.0,14.0
2295,Olivier Giroud,Lille,F,Lille vs Toulouse,90,6.3,,0.0,3.0,1.0,15,10.0,,,1.0,1.0,,1,0,4.0,10.0
2295,Olivier Giroud,Lille,F,Lens vs Lille,78,6.5,,0.0,1.0,,16,12.0,,,,3.0,1.0,0,0,5.0,12.0
2295,Olivier Giroud,Lille,F,Lille vs Lyon,90,6.6,,0.0,,,20,13.0,,,1.0,3.0,3.0,0,0,7.0,13.0
2295,Olivier Giroud,Lille,F,Lille vs Paris Saint Germain,76,6.5,,0.0,2.0,1.0,17,13.0,,,,1.0,2.0,0,0,4.0,8.0
2295,Olivier Giroud,Lille,F,Nantes vs Lille,76,6.6,,1.0,2.0,,22,17.0,,1.0,,2.0,,0,0,3.0,5.0
2295,Olivier Giroud,Lille,F,Nice vs Lille,9,6.6,,0.0,1.0,,2,2.0,,,,,,0,0,2.0,2.0
2295,Olivier Giroud,Lille,F,Lille vs Angers,71,5.9,,0.0,2.0,1.0,19,16.0,,,,2.0,,0,0,,5.0
2295,Olivier Giroud,Lille,F,Strasbourg vs Lille,76,5.9,,0.0,1.0,,21,14.0,,,,,1.0,0,0,2.0,3.0
2295,Olivier Giroud,Lille,F,Lille vs Paris FC,86,7.9,2.0,0.0,4.0,4.0,21,16.0,,,,,1.0,0,0,2.0,5.0
2295,Olivier Giroud,Lille,F,Le Havre vs Lille,57,6,,0.0,,,10,5.0,,,,1.0,1.0,0,0,1.0,5.0
2295,Olivier Giroud,Lille,F,Lille vs Marseille,64,6.6,,0.0,,,12,6.0,,1.0,1.0,1.0,1.0,0,0,6.0,8.0
2295,Olivier Giroud,Lille,F,Auxerre vs Lille,75,6.2,,0.0,,,22,13.0,,1.0,,3.0,4.0,0,0,9.0,17.0
2295,Olivier Giroud,Lille,F,Lille vs Rennes,70,6.5,,0.0,1.0,,9,6.0,,,,,1.0,0,0,2.0,8.0
2295,Olivier Giroud,Lille,F,Paris Saint Germain vs Lille,77,6.2,,0.0,1.0,,20,12.0,,,,1.0,1.0,0,0,2.0,4.0
2295,Olivier Giroud,Lille,F,Lille vs Strasbourg,80,6.2,,0.0,4.0,1.0,10,8.0,,,,2.0,2.0,0,0,5.0,10.0
2295,Olivier Giroud,Lille,F,Lyon vs Lille,22,6.2,,0.0,,,3,2.0,,,,,,0,0,,2.0
2295,Olivier Giroud,Lille,F,Metz vs Lille,71,6.2,,0.0,3.0,,9,5.0,,1.0,1.0,,,0,0,1.0,2.0
2295,Olivier Giroud,Lille,F,Lille vs Stade Brestois 29,16,6.5,,0.0,,,2,1.0,,,,,,0,0,,
2295,Olivier Giroud,Lille,F,Angers vs Lille,79,7.2,1.0,0.0,2.0,2.0,21,17.0,,,,3.0,2.0,0,0,3.0,8.0
340077,Matías Fernández,Lille,F,Stade Brestois 29 vs Lille,45,6.7,,0.0,,,15,12.0,,,,,,0,0,2.0,3.0
340077,Matías Fernández,Lille,F,Lille vs Monaco,30,7.2,,1.0,,,8,4.0,,,,,1.0,0,0,1.0,3.0
340077,Matías Fernández,Lille,F,Lorient vs Lille,85,8.6,2.0,0.0,4.0,3.0,13,13.0,,,,1.0,1.0,1,0,1.0,2.0
340077,Matías Fernández,Lille,F,Lille vs Toulouse,80,6.5,,0.0,,,21,19.0,,1.0,,,2.0,0,0,3.0,5.0
340077,Matías Fernández,Lille,F,Lens vs Lille,90,6.9,,0.0,1.0,,27,25.0,,1.0,,,1.0,0,0,2.0,4.0
340077,Matías Fernández,Lille,F,Lille vs Lyon,90,8.2,,0.0,1.0,1.0,27,24.0,,1.0,,1.0,3.0,1,0,8.0,11.0
340077,Matías Fernández,Lille,F,Lille vs Paris Saint Germain,81,7,,0.0,1.0,,32,24.0,,1.0,1.0,,1.0,0,0,6.0,9.0
340077,Matías Fernández,Lille,F,Nantes vs Lille,89,6.6,,0.0,3.0,3.0,34,28.0,,1.0,1.0,1.0,2.0,0,0,3.0,7.0
340077,Matías Fernández,Lille,F,Lille vs Metz,68,8.5,,2.0,2.0,2.0,21,19.0,,1.0,,,1.0,0,0,4.0,8.0
340077,Matías Fernández,Lille,F,Nice vs Lille,90,6.3,,0.0,,,49,40.0,,3.0,,,,0,0,3.0,6.0
340077,Matías Fernández,Lille,F,Lille vs Angers,78,6.9,,0.0,,,17,15.0,,1.0,,,2.0,0,0,5.0,8.0
340077,Matías Fernández,Lille,F,Strasbourg vs Lille,64,6.2,,0.0,,,20,15.0,,,1.0,2.0,,0,0,1.0,5.0
340077,Matías Fernández,Lille,F,Lille vs Rennes,70,6.3,,0.0,2.0,2.0,13,11.0,,,,,1.0,0,0,2.0,4.0
340077,Matías Fernández,Lille,F,Lille vs Strasbourg,90,7.2,1.0,0.0,2.0,2.0,29,24.0,,,,1.0,1.0,0,0,2.0,12.0
340077,Matías Fernández,Lille,F,Lyon vs Lille,90,6.2,,0.0,2.0,2.0,17,13.0,,2.0,,2.0,2.0,1,0,5.0,15.0
340077,Matías Fernández,Lille,F,Metz vs Lille,90,6.7,,0.0,,,25,21.0,,,,1.0,1.0,1,0,1.0,9.0
340077,Matías Fernández,Lille,F,Lille vs Stade Brestois 29,90,6.7,,0.0,3.0,2.0,21,17.0,,1.0,,,1.0,0,0,4.0,6.0
340077,Matías Fernández,Lille,F,Angers vs Lille,90,6.2,,0.0,2.0,1.0,32,26.0,,,,1.0,3.0,0,0,3.0,8.0
490745,Maxima Goffi,Lille,D,Stade Brestois 29 vs Lille,38,6.6,,0.0,,,22,19.0,,1.0,,1.0,,0,0,4.0,6.0
340080,Vincent Burlet,Lille,D,Stade Brestois 29 vs Lille,18,6.3,,0.0,,,14,13.0,,,,,,0,0,,3.0
438688,Ayyoub Bouaddi,Lille,M,Stade Brestois 29 vs Lille,14,6.9,,0.0,1.0,1.0,10,8.0,,,1.0,1.0,,0,0,2.0,4.0
438688,Ayyoub Bouaddi,Lille,M,Lille vs Monaco,90,7.2,,0.0,,,26,22.0,,2.0,2.0,1.0,2.0,0,0,9.0,13.0
438688,Ayyoub Bouaddi,Lille,M,Lorient vs Lille,88,6.5,,0.0,,,30,25.0,,3.0,3.0,3.0,3.0,0,0,8.0,11.0
438688,Ayyoub Bouaddi,Lille,M,Lille vs Toulouse,81,6.7,,0.0,,,28,24.0,,1.0,,1.0,,0,0,4.0,9.0
438688,Ayyoub Bouaddi,Lille,M,Lens vs Lille,90,6.2,,0.0,1.0,,36,29.0,,,1.0,1.0,1.0,0,0,2.0,8.0
438688,Ayyoub Bouaddi,Lille,M,Lille vs Lyon,79,6.3,,0.0,,,21,16.0,,1.0,,2.0,,1,0,4.0,9.0
438688,Ayyoub Bouaddi,Lille,M,Lille vs Paris Saint Germain,90,6.9,,0.0,,,25,22.0,,3.0,2.0,3.0,,0,0,4.0,8.0
438688,Ayyoub Bouaddi,Lille,M,Nantes vs Lille,90,6.9,,0.0,1.0,,32,30.0,,,,2.0,2.0,1,0,4.0,8.0
438688,Ayyoub Bouaddi,Lille,M,Lille vs Metz,45,6.7,,0.0,,,29,26.0,,1.0,,3.0,,1,0,3.0,6.0
438688,Ayyoub Bouaddi,Lille,M,Nice vs Lille,69,6.6,,0.0,,,35,30.0,,4.0,,2.0,1.0,1,0,5.0,8.0
438688,Ayyoub Bouaddi,Lille,M,Lille vs Angers,90,7.5,,1.0,1.0,1.0,48,44.0,,4.0,,1.0,1.0,0,0,8.0,12.0
438688,Ayyoub Bouaddi,Lille,M,Strasbourg vs Lille,85,6.7,,0.0,,,34,29.0,,1.0,,1.0,1.0,0,0,3.0,4.0
438688,Ayyoub Bouaddi,Lille,M,Lille vs Paris FC,90,6.5,,0.0,,,38,30.0,,1.0,1.0,2.0,,0,0,4.0,8.0
438688,Ayyoub Bouaddi,Lille,M,Le Havre vs Lille,51,5.2,,0.0,,,26,20.0,,,,2.0,1.0,0,1,1.0,4.0
438688,Ayyoub Bouaddi,Lille,M,Lille vs Rennes,20,6.6,,0.0,1.0,1.0,10,7.0,,1.0,,,,0,0,3.0,3.0
438688,Ayyoub Bouaddi,Lille,M,Paris Saint Germain vs Lille,90,6,,0.0,,,41,33.0,,2.0,1.0,,,0,0,2.0,9.0
438688,Ayyoub Bouaddi,Lille,M,Lille vs Strasbourg,90,6.7,,0.0,1.0,1.0,45,38.0,,4.0,3.0,,,1,0,6.0,10.0
438688,Ayyoub Bouaddi,Lille,M,Lyon vs Lille,90,7.3,,0.0,,,56,47.0,,6.0,1.0,1.0,1.0,0,0,10.0,13.0
438688,Ayyoub Bouaddi,Lille,M,Metz vs Lille,90,7.2,,0.0,,,28,24.0,,3.0,3.0,2.0,,0,0,6.0,9.0
438688,Ayyoub Bouaddi,Lille,M,Lille vs Stade Brestois 29,85,7.3,,0.0,,,65,60.0,,4.0,1.0,,2.0,0,0,7.0,9.0
438688,Ayyoub Bouaddi,Lille,M,Angers vs Lille,90,7.7,,0.0,,,31,29.0,,5.0,2.0,,,0,0,7.0,9.0
409,Nabil Bentaleb,Lille,M,Stade Brestois 29 vs Lille,14,7.3,,0.0,,,16,14.0,,2.0,,1.0,,0,0,3.0,4.0
409,Nabil Bentaleb,Lille,M,Lille vs Monaco,9,6.7,,0.0,,,11,7.0,,,,,,1,0,1.0,1.0
409,Nabil Bentaleb,Lille,M,Lorient vs Lille,8,6.9,,0.0,,,12,11.0,,,,,,0,0,,
409,Nabil Bentaleb,Lille,M,Lille vs Toulouse,9,7.3,1.0,0.0,2.0,2.0,18,14.0,,,,,,0,0,,
409,Nabil Bentaleb,Lille,M,Lens vs Lille,77,6.9,,0.0,,,55,47.0,,,,1.0,1.0,0,0,3.0,5.0
409,Nabil Bentaleb,Lille,M,Lille vs Lyon,16,7.2,,0.0,1.0,,24,21.0,,,,,2.0,0,0,2.0,3.0
409,Nabil Bentaleb,Lille,M,Lille vs Paris Saint Germain,66,6.9,,0.0,1.0,1.0,30,27.0,,,,1.0,1.0,0,0,1.0,3.0
409,Nabil Bentaleb,Lille,M,Lille vs Metz,22,6.9,,0.0,1.0,,28,27.0,,1.0,,1.0,,0,0,1.0,2.0
409,Nabil Bentaleb,Lille,M,Nice vs Lille,21,6.7,,0.0,1.0,,20,17.0,,,1.0,,,0,0,,
409,Nabil Bentaleb,Lille,M,Lille vs Angers,11,6.7,,0.0,1.0,,17,13.0,,,,,,0,0,1.0,1.0
409,Nabil Bentaleb,Lille,M,Lille vs Paris FC,73,6.7,,0.0,2.0,1.0,46,39.0,,,,,2.0,0,0,5.0,15.0
409,Nabil Bentaleb,Lille,M,Le Havre vs Lille,17,7,,0.0,,,18,17.0,,,,,2.0,0,0,2.0,2.0
409,Nabil Bentaleb,Lille,M,Lille vs Marseille,90,7.3,,1.0,,,64,57.0,,1.0,1.0,,,0,0,3.0,9.0
409,Nabil Bentaleb,Lille,M,Auxerre vs Lille,90,8.3,1.0,0.0,2.0,1.0,63,56.0,,,,,2.0,0,0,3.0,4.0
409,Nabil Bentaleb,Lille,M,Lille vs Rennes,90,6.9,,0.0,,,59,51.0,,1.0,2.0,,1.0,0,0,2.0,4.0
409,Nabil Bentaleb,Lille,M,Paris Saint Germain vs Lille,90,6.3,,0.0,,,56,49.0,,,1.0,1.0,2.0,0,0,2.0,3.0
409,Nabil Bentaleb,Lille,M,Lille vs Stade Brestois 29,24,6.9,,0.0,,,30,25.0,,,,1.0,,0,0,,3.0
409,Nabil Bentaleb,Lille,M,Angers vs Lille,11,6.7,,0.0,,,12,9.0,,,,,,0,0,,1.0
22220,Hervé Koffi,Angers,G,Angers vs Paris FC,90,9.5,,0.0,,,41,20.0,,,,,,0,0,,
22220,Hervé Koffi,Angers,G,Paris Saint Germain vs Angers,90,6.9,,0.0,,,22,13.0,,,,,,0,0,,
22220,Hervé Koffi,Angers,G,Angers vs Rennes,90,7.6,,0.0,,,18,15.0,,,,,,0,0,,1.0
22220,Hervé Koffi,Angers,G,Metz vs Angers,90,8.2,,0.0,,,22,18.0,,1.0,,1.0,,0,0,1.0,2.0
22220,Hervé Koffi,Angers,G,Lyon vs Angers,90,7.3,,0.0,,,24,15.0,,,,,1.0,0,0,1.0,1.0
22220,Hervé Koffi,Angers,G,Angers vs Stade Brestois 29,90,6.9,,0.0,,,16,15.0,,,,,,0,0,,
22220,Hervé Koffi,Angers,G,Strasbourg vs Angers,90,6.6,,0.0,,,31,20.0,,,,,,0,0,,
22220,Hervé Koffi,Angers,G,Angers vs Monaco,90,6.7,,0.0,,,37,20.0,,,,,1.0,0,0,2.0,2.0
22220,Hervé Koffi,Angers,G,Angers vs Lorient,90,8.2,,0.0,,,34,24.0,,,,,1.0,0,0,1.0,1.0
22220,Hervé Koffi,Angers,G,Marseille vs Angers,90,6.3,,0.0,,,32,18.0,,,,,,0,0,,
22220,Hervé Koffi,Angers,G,Lille vs Angers,90,6.6,,0.0,,,30,20.0,,,,,,0,0,1.0,1.0
22220,Hervé Koffi,Angers,G,Angers vs Auxerre,90,7.2,,0.0,,,28,24.0,,,,,,0,0,,
22220,Hervé Koffi,Angers,G,Toulouse vs Angers,90,9.2,,0.0,,,48,29.0,,,,,,0,0,1.0,1.0
22220,Hervé Koffi,Angers,G,Nice vs Angers,90,7.3,,0.0,,,31,22.0,,,,,,0,0,1.0,1.0
22220,Hervé Koffi,Angers,G,Angers vs Nantes,90,6.3,,0.0,,,27,23.0,,,,,1.0,0,0,1.0,1.0
22220,Hervé Koffi,Angers,G,Angers vs Marseille,90,7,,0.0,,,21,17.0,,,,,,0,0,,
22220,Hervé Koffi,Angers,G,Paris FC vs Angers,90,6.6,,0.0,,,26,13.0,,,,,,0,0,,
22220,Hervé Koffi,Angers,G,Angers vs Metz,90,6.9,,0.0,,,19,16.0,,,,,1.0,0,0,2.0,2.0
22220,Hervé Koffi,Angers,G,Angers vs Toulouse,90,8,,0.0,,,62,51.0,,,,,1.0,0,0,1.0,1.0
22220,Hervé Koffi,Angers,G,Lorient vs Angers,90,5.9,,0.0,,,18,14.0,,,,,,0,0,,
22220,Hervé Koffi,Angers,G,Angers vs Lille,90,8,,0.0,,,37,28.0,,,,,1.0,1,0,2.0,2.0
20850,Carlens Arcus,Angers,D,Angers vs Paris FC,90,7.5,,0.0,,,34,26.0,,3.0,,2.0,1.0,1,0,7.0,10.0
20850,Carlens Arcus,Angers,D,Paris Saint Germain vs Angers,90,6.6,,0.0,,,13,11.0,,1.0,2.0,1.0,,0,0,2.0,4.0
20850,Carlens Arcus,Angers,D,Angers vs Rennes,90,6.7,,0.0,,,64,57.0,,1.0,1.0,1.0,,0,0,1.0,2.0
20850,Carlens Arcus,Angers,D,Metz vs Angers,90,6.6,,0.0,1.0,,54,47.0,,5.0,,3.0,1.0,0,0,7.0,15.0
20850,Carlens Arcus,Angers,D,Lyon vs Angers,90,6.3,,0.0,,,37,33.0,,1.0,2.0,2.0,2.0,1,0,3.0,7.0
20850,Carlens Arcus,Angers,D,Angers vs Stade Brestois 29,79,6.6,,0.0,1.0,1.0,59,55.0,,1.0,1.0,,,0,0,2.0,4.0
20850,Carlens Arcus,Angers,D,Strasbourg vs Angers,90,4.9,,0.0,,,53,46.0,,2.0,2.0,2.0,1.0,0,0,3.0,9.0
20850,Carlens Arcus,Angers,D,Angers vs Monaco,90,6.9,,0.0,1.0,,45,41.0,,3.0,1.0,3.0,2.0,1,0,7.0,11.0
20850,Carlens Arcus,Angers,D,Angers vs Lorient,90,6.3,,0.0,,,37,35.0,,,,1.0,,0,0,2.0,5.0
20850,Carlens Arcus,Angers,D,Marseille vs Angers,80,6.3,,0.0,,,28,26.0,,,1.0,,,0,0,,2.0
20850,Carlens Arcus,Angers,D,Lille vs Angers,90,6.5,,0.0,,,42,37.0,,2.0,1.0,3.0,1.0,0,0,3.0,9.0
20850,Carlens Arcus,Angers,D,Angers vs Auxerre,90,7.3,,0.0,1.0,,60,53.0,,2.0,3.0,1.0,,0,0,4.0,6.0
20850,Carlens Arcus,Angers,D,Angers vs Lens,65,6.7,,0.0,,,44,36.0,,2.0,1.0,,,0,0,3.0,3.0
20850,Carlens Arcus,Angers,D,Nice vs Angers,65,7.2,,1.0,,,50,45.0,,2.0,,,,0,0,2.0,3.0
20850,Carlens Arcus,Angers,D,Angers vs Nantes,90,6.9,,0.0,,,48,43.0,,1.0,,2.0,1.0,0,0,4.0,6.0
20850,Carlens Arcus,Angers,D,Le Havre vs Angers,90,6.3,,1.0,1.0,,64,47.0,,,3.0,2.0,2.0,1,0,2.0,5.0
20850,Carlens Arcus,Angers,D,Angers vs Marseille,86,5.7,,0.0,,,35,32.0,,1.0,,2.0,,0,0,1.0,3.0
20850,Carlens Arcus,Angers,D,Paris FC vs Angers,90,7.2,,0.0,1.0,,45,38.0,,1.0,2.0,,1.0,0,0,4.0,5.0
20850,Carlens Arcus,Angers,D,Angers vs Metz,90,7.9,,1.0,,,74,67.0,,1.0,1.0,,1.0,0,0,4.0,5.0
20850,Carlens Arcus,Angers,D,Angers vs Toulouse,90,7.3,,0.0,,,55,47.0,,4.0,1.0,2.0,2.0,1,0,7.0,10.0
20850,Carlens Arcus,Angers,D,Lorient vs Angers,90,6.6,,0.0,,,57,49.0,,1.0,5.0,,,0,0,4.0,6.0
271540,Ousmane Camara,Angers,D,Angers vs Paris FC,90,7.2,,0.0,,,26,22.0,,2.0,2.0,,1.0,0,0,5.0,7.0
271540,Ousmane Camara,Angers,D,Paris Saint Germain vs Angers,90,7.2,,0.0,,,12,9.0,,4.0,1.0,1.0,,0,0,4.0,6.0
271540,Ousmane Camara,Angers,D,Angers vs Rennes,90,7.2,,0.0,,,50,47.0,,2.0,1.0,1.0,,0,0,4.0,8.0
271540,Ousmane Camara,Angers,D,Metz vs Angers,90,6.9,,0.0,1.0,,43,40.0,,1.0,,,,0,0,3.0,4.0
271540,Ousmane Camara,Angers,D,Lyon vs Angers,90,6.9,,0.0,,,31,27.0,,1.0,,1.0,,0,0,2.0,3.0
271540,Ousmane Camara,Angers,D,Angers vs Stade Brestois 29,45,6.3,,0.0,,,36,29.0,,,1.0,,,0,0,3.0,6.0
271540,Ousmane Camara,Angers,D,Strasbourg vs Angers,19,6.3,,0.0,,,14,13.0,,,1.0,1.0,,1,0,,1.0
271540,Ousmane Camara,Angers,D,Angers vs Monaco,90,6.6,,0.0,,,37,32.0,,3.0,2.0,1.0,1.0,0,0,5.0,8.0
271540,Ousmane Camara,Angers,D,Angers vs Lorient,90,7.5,,0.0,,,38,31.0,,,2.0,1.0,,0,0,1.0,3.0
271540,Ousmane Camara,Angers,D,Marseille vs Angers,90,7.5,1.0,0.0,1.0,1.0,26,22.0,,1.0,,,,0,0,1.0,1.0
271540,Ousmane Camara,Angers,D,Lille vs Angers,90,7.2,,0.0,,,56,52.0,,2.0,1.0,,,0,0,2.0,5.0
271540,Ousmane Camara,Angers,D,Angers vs Auxerre,90,7.3,,0.0,,,60,52.0,,2.0,1.0,,,0,0,2.0,4.0
271540,Ousmane Camara,Angers,D,Toulouse vs Angers,90,7,,0.0,,,53,50.0,,,1.0,3.0,1.0,0,0,4.0,11.0
271540,Ousmane Camara,Angers,D,Angers vs Lens,90,6.9,,0.0,,,50,45.0,,4.0,1.0,,,0,0,7.0,10.0
271540,Ousmane Camara,Angers,D,Nice vs Angers,90,7.3,,0.0,,,62,57.0,,1.0,1.0,1.0,,0,0,5.0,7.0
271540,Ousmane Camara,Angers,D,Angers vs Nantes,90,7,,0.0,,,49,47.0,,,1.0,,,0,0,3.0,4.0
271540,Ousmane Camara,Angers,D,Angers vs Marseille,90,6.5,,0.0,,,32,31.0,,4.0,1.0,,,0,0,4.0,6.0
271540,Ousmane Camara,Angers,D,Paris FC vs Angers,90,7,,0.0,,,51,43.0,,1.0,1.0,,,0,0,1.0,2.0
271540,Ousmane Camara,Angers,D,Angers vs Metz,90,7.7,,0.0,1.0,,84,83.0,,1.0,,,1.0,0,0,5.0,7.0
271540,Ousmane Camara,Angers,D,Angers vs Toulouse,90,7.3,,0.0,,,57,56.0,,2.0,2.0,,,0,0,8.0,11.0
271540,Ousmane Camara,Angers,D,Lorient vs Angers,90,7.2,,0.0,1.0,1.0,67,64.0,,3.0,1.0,1.0,1.0,0,0,6.0,9.0
271540,Ousmane Camara,Angers,D,Angers vs Lille,90,7,,0.0,,,68,64.0,,2.0,2.0,1.0,1.0,0,0,4.0,6.0
21381,Jordan Lefort,Angers,D,Angers vs Paris FC,90,7.2,,1.0,,,42,34.0,,1.0,,,2.0,0,0,4.0,4.0
21381,Jordan Lefort,Angers,D,Paris Saint Germain vs Angers,90,7.7,,0.0,,,22,18.0,,4.0,1.0,,1.0,0,0,6.0,7.0
21381,Jordan Lefort,Angers,D,Angers vs Rennes,90,7.3,,0.0,,,49,45.0,,2.0,2.0,,,0,0,4.0,5.0
21381,Jordan Lefort,Angers,D,Metz vs Angers,90,7.7,,0.0,,,69,63.0,,2.0,3.0,,1.0,0,0,4.0,4.0
21381,Jordan Lefort,Angers,D,Lyon vs Angers,90,6.2,,0.0,1.0,,41,34.0,,,,1.0,1.0,1,0,4.0,7.0
21381,Jordan Lefort,Angers,D,Angers vs Stade Brestois 29,90,6.2,,0.0,1.0,,56,48.0,,1.0,1.0,,,0,0,3.0,7.0
21381,Jordan Lefort,Angers,D,Strasbourg vs Angers,90,5.9,,0.0,,,50,40.0,,1.0,2.0,,1.0,0,0,3.0,4.0
21381,Jordan Lefort,Angers,D,Angers vs Monaco,90,6.7,,0.0,,,47,42.0,,1.0,,,,0,0,1.0,1.0
21381,Jordan Lefort,Angers,D,Angers vs Lorient,90,7,,0.0,,,45,42.0,,,2.0,2.0,,1,0,1.0,4.0
21381,Jordan Lefort,Angers,D,Marseille vs Angers,90,6.7,,0.0,,,65,61.0,,1.0,1.0,1.0,,0,0,2.0,4.0
21381,Jordan Lefort,Angers,D,Lille vs Angers,90,7,,0.0,1.0,,67,63.0,,2.0,1.0,1.0,,0,0,4.0,8.0
21381,Jordan Lefort,Angers,D,Angers vs Auxerre,90,6.9,,0.0,,,65,53.0,,1.0,3.0,3.0,1.0,0,0,5.0,10.0
21381,Jordan Lefort,Angers,D,Toulouse vs Angers,90,7.2,,0.0,,,61,53.0,,,2.0,,1.0,0,0,2.0,5.0
21381,Jordan Lefort,Angers,D,Angers vs Lens,90,6.5,,0.0,,,74,61.0,,2.0,3.0,,,0,0,3.0,6.0
21381,Jordan Lefort,Angers,D,Nice vs Angers,90,7.3,,0.0,,,72,65.0,,1.0,2.0,1.0,1.0,0,0,3.0,4.0
21381,Jordan Lefort,Angers,D,Angers vs Nantes,90,6.5,,0.0,,,87,80.0,,,,2.0,,0,0,,3.0
21381,Jordan Lefort,Angers,D,Le Havre vs Angers,90,6.3,,0.0,,,42,31.0,,2.0,2.0,1.0,2.0,0,0,4.0,7.0
21381,Jordan Lefort,Angers,D,Angers vs Marseille,90,5.3,,0.0,,,49,42.0,,1.0,,,,0,0,1.0,1.0
21381,Jordan Lefort,Angers,D,Paris FC vs Angers,90,7.2,,0.0,,,45,38.0,,,2.0,,,0,0,,
21381,Jordan Lefort,Angers,D,Angers vs Metz,90,7.7,,0.0,1.0,1.0,79,76.0,,1.0,1.0,,,0,0,4.0,5.0
21381,Jordan Lefort,Angers,D,Angers vs Toulouse,90,7.3,,0.0,,,86,75.0,,3.0,1.0,1.0,,0,0,6.0,9.0
21381,Jordan Lefort,Angers,D,Lorient vs Angers,90,6.3,,0.0,1.0,,70,62.0,,,1.0,,,0,0,1.0,3.0
21381,Jordan Lefort,Angers,D,Angers vs Lille,90,5.9,,0.0,,,76,64.0,,1.0,1.0,2.0,1.0,0,0,3.0,7.0
174660,Lilian Raolisoa,Angers,M,Angers vs Paris FC,62,6.6,,0.0,,,16,12.0,,3.0,1.0,2.0,,0,0,5.0,8.0
174660,Lilian Raolisoa,Angers,M,Paris Saint Germain vs Angers,77,6.6,,0.0,,,16,10.0,,5.0,2.0,2.0,,0,0,6.0,11.0
174660,Lilian Raolisoa,Angers,M,Angers vs Rennes,90,6.7,,0.0,,,38,28.0,,1.0,,2.0,1.0,0,0,3.0,8.0
174660,Lilian Raolisoa,Angers,M,Metz vs Angers,80,6.6,,0.0,,,40,30.0,,3.0,,,,0,0,4.0,10.0
174660,Lilian Raolisoa,Angers,M,Lyon vs Angers,89,6.9,,0.0,,,19,15.0,,1.0,,1.0,1.0,0,0,5.0,9.0
174660,Lilian Raolisoa,Angers,M,Strasbourg vs Angers,63,6.6,,0.0,,,17,9.0,,1.0,,1.0,2.0,0,0,6.0,9.0
174660,Lilian Raolisoa,Angers,M,Angers vs Monaco,19,6.6,,1.0,,,13,10.0,,,,,,0,0,1.0,2.0
174660,Lilian Raolisoa,Angers,M,Angers vs Lorient,26,7,,0.0,,,12,9.0,,2.0,,,,0,0,2.0,4.0
174660,Lilian Raolisoa,Angers,M,Marseille vs Angers,59,6.9,,0.0,1.0,1.0,21,16.0,,2.0,1.0,1.0,1.0,1,0,5.0,10.0
174660,Lilian Raolisoa,Angers,M,Lille vs Angers,61,6.2,,0.0,1.0,1.0,19,15.0,,1.0,,,1.0,0,0,3.0,8.0
174660,Lilian Raolisoa,Angers,M,Angers vs Auxerre,26,6.7,,0.0,,,9,9.0,,,,1.0,,0,0,,1.0
174660,Lilian Raolisoa,Angers,M,Toulouse vs Angers,90,7.3,,0.0,,,34,28.0,,2.0,3.0,,1.0,0,0,5.0,8.0
174660,Lilian Raolisoa,Angers,M,Angers vs Lens,32,6.5,,0.0,,,13,9.0,,,,,,0,0,1.0,2.0
174660,Lilian Raolisoa,Angers,M,Nice vs Angers,25,7,,0.0,,,13,13.0,,1.0,,,,0,0,3.0,4.0
174660,Lilian Raolisoa,Angers,M,Angers vs Nantes,8,7.9,1.0,0.0,1.0,1.0,4,,,2.0,,1.0,1.0,0,0,4.0,6.0
174660,Lilian Raolisoa,Angers,M,Le Havre vs Angers,32,6.5,,0.0,,,16,13.0,,,,,,0,0,2.0,3.0
174660,Lilian Raolisoa,Angers,M,Paris FC vs Angers,12,6.7,,0.0,,,4,3.0,,,1.0,,,0,0,,1.0
174660,Lilian Raolisoa,Angers,M,Angers vs Metz,9,6.9,,0.0,1.0,1.0,7,7.0,,,,,,0,0,1.0,1.0
174660,Lilian Raolisoa,Angers,M,Angers vs Toulouse,90,8.2,1.0,0.0,2.0,1.0,22,19.0,,2.0,,2.0,1.0,1,0,5.0,12.0
174660,Lilian Raolisoa,Angers,M,Lorient vs Angers,90,6.7,,0.0,1.0,,19,14.0,,3.0,,2.0,,0,0,5.0,11.0
174660,Lilian Raolisoa,Angers,M,Angers vs Lille,90,6.7,,0.0,,,38,28.0,,2.0,1.0,3.0,,0,0,4.0,8.0
20554,Haris Belkebla,Angers,M,Angers vs Paris FC,90,6.9,,0.0,,,25,24.0,,2.0,1.0,2.0,1.0,0,0,5.0,10.0
20554,Haris Belkebla,Angers,M,Paris Saint Germain vs Angers,90,6.5,,0.0,,,17,15.0,,2.0,2.0,,2.0,0,0,5.0,7.0
20554,Haris Belkebla,Angers,M,Angers vs Rennes,90,6.5,,0.0,,,33,31.0,,1.0,,1.0,1.0,0,0,2.0,4.0
20554,Haris Belkebla,Angers,M,Metz vs Angers,90,7.2,,0.0,,,47,45.0,,3.0,2.0,1.0,1.0,1,0,7.0,12.0
20554,Haris Belkebla,Angers,M,Lyon vs Angers,90,6.3,,0.0,1.0,,22,18.0,,1.0,1.0,1.0,1.0,0,0,2.0,3.0
20554,Haris Belkebla,Angers,M,Angers vs Stade Brestois 29,90,7.5,,0.0,,,48,46.0,,1.0,3.0,1.0,5.0,0,0,10.0,13.0
20554,Haris Belkebla,Angers,M,Strasbourg vs Angers,82,5.9,,0.0,,,40,32.0,,1.0,,1.0,,1,0,2.0,6.0
20554,Haris Belkebla,Angers,M,Angers vs Monaco,90,7.5,,0.0,,,46,42.0,,3.0,,,1.0,0,0,5.0,5.0
20554,Haris Belkebla,Angers,M,Angers vs Lorient,90,7,,0.0,,,31,26.0,,3.0,,,1.0,0,0,5.0,9.0
20554,Haris Belkebla,Angers,M,Marseille vs Angers,90,6.9,,0.0,,,50,42.0,,2.0,,,3.0,0,0,8.0,11.0
20554,Haris Belkebla,Angers,M,Lille vs Angers,83,7.6,,0.0,,,32,27.0,,3.0,1.0,,3.0,0,0,7.0,9.0
20554,Haris Belkebla,Angers,M,Angers vs Auxerre,90,7.2,,0.0,,,38,33.0,,3.0,1.0,,3.0,0,0,7.0,11.0
20554,Haris Belkebla,Angers,M,Toulouse vs Angers,90,6.3,,0.0,,,32,24.0,,2.0,1.0,1.0,3.0,1,0,6.0,12.0
20554,Haris Belkebla,Angers,M,Angers vs Lens,90,6.5,,0.0,,,44,33.0,,3.0,,3.0,2.0,1,0,6.0,12.0
20554,Haris Belkebla,Angers,M,Nice vs Angers,90,7.2,,0.0,,,61,54.0,,3.0,2.0,,3.0,1,0,7.0,12.0
20554,Haris Belkebla,Angers,M,Angers vs Nantes,90,6.9,,0.0,1.0,,56,46.0,,2.0,2.0,,1.0,0,0,4.0,5.0
20554,Haris Belkebla,Angers,M,Le Havre vs Angers,90,7.5,,0.0,,,55,48.0,,5.0,,,2.0,0,0,11.0,12.0
20554,Haris Belkebla,Angers,M,Angers vs Marseille,90,6.5,,0.0,,,46,40.0,,3.0,,2.0,2.0,1,0,5.0,8.0
20554,Haris Belkebla,Angers,M,Paris FC vs Angers,90,6.9,,0.0,,,48,39.0,,1.0,2.0,1.0,1.0,1,0,3.0,6.0
20554,Haris Belkebla,Angers,M,Angers vs Metz,58,6.9,,0.0,,,51,49.0,,1.0,,,1.0,0,0,2.0,3.0
20554,Haris Belkebla,Angers,M,Lorient vs Angers,90,7,,0.0,,,53,49.0,,3.0,,1.0,2.0,0,0,7.0,8.0
20554,Haris Belkebla,Angers,M,Angers vs Lille,67,6.6,,0.0,,,32,25.0,,2.0,,,1.0,0,0,3.0,4.0
174708,Yassin Belkhdim,Angers,M,Angers vs Paris FC,85,7.2,,0.0,,,23,18.0,,2.0,,1.0,1.0,1,0,3.0,4.0
174708,Yassin Belkhdim,Angers,M,Paris Saint Germain vs Angers,87,6.3,,0.0,1.0,,21,15.0,,2.0,2.0,1.0,,0,0,2.0,6.0
174708,Yassin Belkhdim,Angers,M,Angers vs Rennes,90,7.7,,1.0,1.0,1.0,43,41.0,,4.0,,1.0,2.0,1,0,7.0,9.0
174708,Yassin Belkhdim,Angers,M,Metz vs Angers,90,6.3,,0.0,,,56,49.0,,3.0,1.0,1.0,1.0,0,0,4.0,9.0
174708,Yassin Belkhdim,Angers,M,Lyon vs Angers,82,7,,0.0,1.0,,25,18.0,,1.0,1.0,,1.0,0,0,4.0,6.0
174708,Yassin Belkhdim,Angers,M,Angers vs Stade Brestois 29,79,6.6,,0.0,,,40,38.0,,2.0,1.0,1.0,2.0,0,0,5.0,8.0
174708,Yassin Belkhdim,Angers,M,Strasbourg vs Angers,90,6.2,,0.0,,,30,25.0,,3.0,1.0,2.0,2.0,0,0,5.0,10.0
174708,Yassin Belkhdim,Angers,M,Angers vs Monaco,90,6.7,,0.0,1.0,1.0,30,28.0,,2.0,2.0,2.0,1.0,0,0,3.0,5.0
174708,Yassin Belkhdim,Angers,M,Angers vs Lorient,89,6.3,,1.0,,,23,17.0,,2.0,2.0,2.0,1.0,0,0,3.0,10.0
174708,Yassin Belkhdim,Angers,M,Marseille vs Angers,69,6.7,,0.0,,,14,10.0,,2.0,2.0,,1.0,0,0,3.0,3.0
174708,Yassin Belkhdim,Angers,M,Lille vs Angers,29,6.7,,0.0,,,9,6.0,,,1.0,,1.0,0,0,1.0,1.0
174708,Yassin Belkhdim,Angers,M,Angers vs Auxerre,64,6.6,,0.0,,,19,17.0,,1.0,,3.0,3.0,0,0,4.0,8.0
174708,Yassin Belkhdim,Angers,M,Toulouse vs Angers,90,8.5,1.0,0.0,3.0,1.0,26,18.0,,7.0,2.0,,2.0,0,0,11.0,15.0
174708,Yassin Belkhdim,Angers,M,Angers vs Lens,71,6.3,,0.0,1.0,,16,12.0,,1.0,1.0,,,0,0,1.0,2.0
174708,Yassin Belkhdim,Angers,M,Nice vs Angers,83,8.2,1.0,0.0,3.0,2.0,31,25.0,,5.0,2.0,,,0,0,5.0,7.0
174708,Yassin Belkhdim,Angers,M,Angers vs Nantes,82,7.2,,0.0,4.0,2.0,19,16.0,,3.0,1.0,1.0,1.0,0,0,4.0,7.0
174708,Yassin Belkhdim,Angers,M,Le Havre vs Angers,90,6.5,,0.0,,,38,31.0,,2.0,1.0,2.0,2.0,0,0,5.0,11.0
174708,Yassin Belkhdim,Angers,M,Angers vs Marseille,90,6.2,,0.0,,,24,21.0,,4.0,,1.0,,0,0,4.0,7.0
174708,Yassin Belkhdim,Angers,M,Paris FC vs Angers,87,6.5,,0.0,1.0,1.0,24,20.0,,1.0,1.0,1.0,,0,0,1.0,5.0
174708,Yassin Belkhdim,Angers,M,Angers vs Metz,90,7,,0.0,1.0,1.0,67,64.0,,4.0,2.0,2.0,1.0,0,0,7.0,13.0
174708,Yassin Belkhdim,Angers,M,Angers vs Toulouse,90,7.5,,0.0,1.0,,35,33.0,,2.0,4.0,,4.0,0,0,9.0,13.0
174708,Yassin Belkhdim,Angers,M,Lorient vs Angers,67,6.3,,0.0,1.0,1.0,16,11.0,,,1.0,1.0,,0,0,1.0,4.0
174708,Yassin Belkhdim,Angers,M,Angers vs Lille,90,6.2,,0.0,1.0,1.0,26,21.0,,2.0,,1.0,,1,0,2.0,6.0
41146,Florent Hanin,Angers,M,Angers vs Paris FC,72,6.6,,0.0,,,20,14.0,,1.0,,,,0,0,1.0,4.0
41146,Florent Hanin,Angers,M,Paris Saint Germain vs Angers,14,6.7,,0.0,,,3,1.0,,,,,,0,0,,1.0
41146,Florent Hanin,Angers,M,Metz vs Angers,61,6.3,,0.0,,,19,17.0,,1.0,,,,0,0,2.0,2.0
41146,Florent Hanin,Angers,M,Angers vs Stade Brestois 29,24,6.9,,0.0,,,9,8.0,,2.0,,,,0,0,3.0,6.0
41146,Florent Hanin,Angers,M,Strasbourg vs Angers,27,6.2,,0.0,,,15,9.0,,1.0,,1.0,,0,0,2.0,3.0
41146,Florent Hanin,Angers,M,Angers vs Monaco,79,6.3,,0.0,,,35,29.0,,,1.0,1.0,,0,0,,5.0
41146,Florent Hanin,Angers,M,Angers vs Lorient,90,7.2,,0.0,,,41,36.0,,1.0,1.0,2.0,1.0,0,0,3.0,6.0
41146,Florent Hanin,Angers,M,Angers vs Auxerre,15,6.6,,0.0,,,6,3.0,,,1.0,,2.0,0,0,2.0,3.0
41146,Florent Hanin,Angers,M,Angers vs Lens,19,6.6,,0.0,,,12,9.0,,1.0,2.0,,1.0,0,0,4.0,5.0
41146,Florent Hanin,Angers,M,Le Havre vs Angers,58,6.6,,0.0,,,28,17.0,,,1.0,,1.0,0,0,4.0,8.0
41146,Florent Hanin,Angers,M,Paris FC vs Angers,12,6.6,,0.0,,,6,4.0,,1.0,,,,0,0,1.0,2.0
41146,Florent Hanin,Angers,M,Angers vs Metz,33,7,,0.0,,,23,20.0,,2.0,,,,0,0,3.0,5.0
41146,Florent Hanin,Angers,M,Lorient vs Angers,23,7,,0.0,,,12,12.0,,1.0,,,1.0,0,0,2.0,2.0
41146,Florent Hanin,Angers,M,Angers vs Lille,12,6.9,,0.0,,,7,5.0,,,,,,0,0,1.0,2.0
289555,Louis Mouton,Angers,F,Angers vs Paris FC,57,6.2,,0.0,1.0,,15,12.0,,1.0,,2.0,,0,1,2.0,6.0
289555,Louis Mouton,Angers,F,Angers vs Rennes,69,6.2,,0.0,2.0,1.0,19,12.0,,1.0,,,1.0,0,0,2.0,4.0
289555,Louis Mouton,Angers,F,Metz vs Angers,71,6.6,,0.0,,,30,25.0,,1.0,,,,0,0,1.0,4.0
289555,Louis Mouton,Angers,F,Lyon vs Angers,61,6.3,,0.0,1.0,,12,8.0,,1.0,,,,0,0,3.0,8.0
289555,Louis Mouton,Angers,F,Angers vs Stade Brestois 29,20,6.9,,0.0,,,10,8.0,,,,1.0,,0,0,,1.0
289555,Louis Mouton,Angers,F,Strasbourg vs Angers,18,6.5,,0.0,,,4,2.0,,,,,,0,0,,3.0
289555,Louis Mouton,Angers,F,Angers vs Monaco,79,7,,0.0,1.0,,28,18.0,,,,2.0,1.0,0,0,1.0,8.0
289555,Louis Mouton,Angers,F,Angers vs Lorient,64,6.9,,0.0,,,24,20.0,,3.0,,,,0,0,4.0,7.0
289555,Louis Mouton,Angers,F,Marseille vs Angers,81,5.9,,0.0,1.0,1.0,42,31.0,,2.0,1.0,,,0,0,2.0,9.0
289555,Louis Mouton,Angers,F,Lille vs Angers,83,6.5,,0.0,,,34,26.0,,,2.0,1.0,,0,0,1.0,4.0
289555,Louis Mouton,Angers,F,Angers vs Auxerre,75,6.2,,0.0,1.0,1.0,22,14.0,,,,1.0,1.0,0,0,1.0,4.0
289555,Louis Mouton,Angers,F,Toulouse vs Angers,81,6.9,,0.0,1.0,1.0,33,24.0,,3.0,1.0,,,0,0,5.0,9.0
289555,Louis Mouton,Angers,F,Angers vs Lens,64,6.2,,0.0,,,23,17.0,,3.0,,1.0,1.0,0,0,5.0,11.0
289555,Louis Mouton,Angers,F,Nice vs Angers,83,6.7,,0.0,,,35,27.0,,3.0,,,2.0,0,0,6.0,10.0
289555,Louis Mouton,Angers,F,Angers vs Nantes,82,6.7,,1.0,1.0,,30,26.0,,4.0,,2.0,1.0,0,0,7.0,16.0
289555,Louis Mouton,Angers,F,Le Havre vs Angers,76,7.3,1.0,0.0,1.0,1.0,24,16.0,,1.0,,1.0,3.0,0,0,6.0,12.0
289555,Louis Mouton,Angers,F,Angers vs Marseille,76,6.6,,0.0,2.0,,33,28.0,,3.0,,,,0,0,5.0,7.0
289555,Louis Mouton,Angers,F,Paris FC vs Angers,90,6.7,,0.0,,,30,20.0,,2.0,2.0,1.0,1.0,0,0,4.0,7.0
289555,Louis Mouton,Angers,F,Angers vs Metz,90,7.3,1.0,0.0,3.0,2.0,47,40.0,,1.0,,4.0,,1,0,2.0,8.0
289555,Louis Mouton,Angers,F,Angers vs Toulouse,89,7.3,,0.0,2.0,1.0,28,21.0,,2.0,1.0,,3.0,0,0,9.0,12.0
289555,Louis Mouton,Angers,F,Lorient vs Angers,75,6.2,,0.0,,,27,17.0,,1.0,1.0,1.0,1.0,0,0,2.0,4.0
289555,Louis Mouton,Angers,F,Angers vs Lille,78,6.5,,0.0,2.0,,31,24.0,,1.0,1.0,,,0,0,2.0,5.0
421875,Sidiki Cherif,Angers,F,Angers vs Paris FC,62,6.3,,0.0,1.0,1.0,6,5.0,,1.0,,1.0,1.0,0,0,2.0,6.0
421875,Sidiki Cherif,Angers,F,Paris Saint Germain vs Angers,62,6.3,,0.0,1.0,,6,4.0,,,2.0,1.0,,0,0,,5.0
421875,Sidiki Cherif,Angers,F,Angers vs Rennes,69,6.3,,0.0,2.0,2.0,17,16.0,,,,2.0,,1,0,2.0,9.0
421875,Sidiki Cherif,Angers,F,Metz vs Angers,61,6.6,,0.0,1.0,,14,10.0,,,,,3.0,0,0,4.0,6.0
421875,Sidiki Cherif,Angers,F,Lyon vs Angers,28,6.7,,0.0,,,4,2.0,,1.0,,1.0,1.0,0,0,3.0,5.0
421875,Sidiki Cherif,Angers,F,Angers vs Stade Brestois 29,70,5.9,,0.0,2.0,,13,4.0,,,,,,0,0,1.0,4.0
421875,Sidiki Cherif,Angers,F,Strasbourg vs Angers,27,6.3,,0.0,,,6,4.0,,1.0,,,,0,0,1.0,2.0
421875,Sidiki Cherif,Angers,F,Angers vs Monaco,29,7.3,1.0,0.0,2.0,2.0,5,4.0,,,1.0,2.0,,1,0,1.0,4.0
421875,Sidiki Cherif,Angers,F,Angers vs Lorient,62,7.7,1.0,0.0,1.0,1.0,12,10.0,,,,2.0,1.0,0,0,6.0,11.0
421875,Sidiki Cherif,Angers,F,Marseille vs Angers,59,7.6,1.0,0.0,4.0,3.0,13,11.0,,2.0,,,1.0,0,0,5.0,11.0
421875,Sidiki Cherif,Angers,F,Lille vs Angers,72,6.5,,0.0,,,15,13.0,,,,,,0,0,2.0,7.0
421875,Sidiki Cherif,Angers,F,Angers vs Auxerre,82,6.9,,0.0,,,18,14.0,,,,1.0,3.0,1,0,6.0,10.0
421875,Sidiki Cherif,Angers,F,Toulouse vs Angers,68,5.9,,0.0,,,10,8.0,,,,1.0,1.0,0,0,2.0,13.0
421875,Sidiki Cherif,Angers,F,Angers vs Lens,90,6.2,,0.0,2.0,2.0,16,11.0,,1.0,1.0,,,0,0,4.0,12.0
421875,Sidiki Cherif,Angers,F,Nice vs Angers,72,6.5,,0.0,,,13,9.0,,,1.0,,2.0,0,0,4.0,8.0
421875,Sidiki Cherif,Angers,F,Angers vs Nantes,73,7.2,1.0,0.0,1.0,1.0,18,14.0,,1.0,1.0,3.0,1.0,0,0,3.0,9.0
421875,Sidiki Cherif,Angers,F,Le Havre vs Angers,90,6.2,,0.0,1.0,,20,14.0,,,,,2.0,0,0,4.0,10.0
421875,Sidiki Cherif,Angers,F,Angers vs Marseille,28,6.3,,0.0,,,9,7.0,,,,,,0,0,1.0,2.0
421875,Sidiki Cherif,Angers,F,Paris FC vs Angers,60,6.5,,0.0,,,10,8.0,,1.0,1.0,1.0,,0,0,1.0,6.0
163004,Esteban Lepaul,Angers,F,Angers vs Paris FC,85,7.2,1.0,0.0,2.0,1.0,16,9.0,,,,1.0,1.0,0,0,2.0,5.0
163004,Esteban Lepaul,Angers,F,Paris Saint Germain vs Angers,90,6.2,,0.0,1.0,,20,13.0,,,,1.0,,0,0,1.0,7.0
163004,Esteban Lepaul,Angers,F,Angers vs Rennes,83,6.7,1.0,0.0,2.0,2.0,17,13.0,,,,2.0,,0,0,,7.0
163004,Esteban Lepaul,Angers,F,Rennes vs Lyon,90,6.3,,0.0,,,10,5.0,,1.0,,1.0,,0,0,2.0,6.0
163004,Esteban Lepaul,Angers,F,Nantes vs Rennes,81,7.3,1.0,0.0,2.0,1.0,16,13.0,,,,3.0,1.0,0,0,2.0,5.0
163004,Esteban Lepaul,Angers,F,Rennes vs Lens,90,6.3,,0.0,3.0,1.0,14,11.0,,,,,,0,0,2.0,4.0
163004,Esteban Lepaul,Angers,F,Le Havre vs Rennes,89,8.2,1.0,1.0,1.0,1.0,29,27.0,,,,1.0,,0,0,1.0,6.0
163004,Esteban Lepaul,Angers,F,Rennes vs Auxerre,90,6.2,,1.0,3.0,1.0,22,18.0,,2.0,,1.0,,0,0,3.0,11.0
163004,Esteban Lepaul,Angers,F,Rennes vs Nice,45,6.9,,0.0,1.0,,7,7.0,,1.0,,,1.0,0,0,3.0,3.0
163004,Esteban Lepaul,Angers,F,Toulouse vs Rennes,80,7.9,1.0,1.0,3.0,2.0,10,7.0,,,,,,0,0,,1.0
163004,Esteban Lepaul,Angers,F,Rennes vs Strasbourg,89,9.9,3.0,0.0,5.0,4.0,22,14.0,,,,1.0,,0,0,4.0,10.0
163004,Esteban Lepaul,Angers,F,Paris FC vs Rennes,83,6.5,,0.0,2.0,,6,3.0,,,,,,0,0,3.0,6.0
163004,Esteban Lepaul,Angers,F,Rennes vs Monaco,75,7,,0.0,,,8,6.0,,,,,2.0,0,0,4.0,6.0
163004,Esteban Lepaul,Angers,F,Metz vs Rennes,76,6,,0.0,,,9,4.0,,,,,,0,0,1.0,4.0
163004,Esteban Lepaul,Angers,F,Paris Saint Germain vs Rennes,75,6.5,,0.0,1.0,1.0,22,19.0,,,,1.0,1.0,0,0,3.0,5.0
163004,Esteban Lepaul,Angers,F,Rennes vs Stade Brestois 29,78,7.7,1.0,0.0,1.0,1.0,13,11.0,,,1.0,,1.0,0,0,2.0,3.0
163004,Esteban Lepaul,Angers,F,Lille vs Rennes,28,6,,0.0,1.0,,7,5.0,,,,1.0,,0,0,,2.0
163004,Esteban Lepaul,Angers,F,Rennes vs Le Havre,73,6.2,,,2.0,2.0,10,7.0,,,,1.0,1.0,0,0,3.0,7.0
163004,Esteban Lepaul,Angers,F,Rennes vs Lorient,59,6.6,,0.0,3.0,2.0,9,6.0,,1.0,,1.0,,1,0,2.0,7.0
163004,Esteban Lepaul,Angers,F,Monaco vs Rennes,56,6.3,,0.0,2.0,2.0,8,6.0,,,,2.0,2.0,0,0,4.0,8.0
163004,Esteban Lepaul,Angers,F,Lens vs Rennes,90,7.5,1.0,0.0,1.0,1.0,7,6.0,,,,,,0,0,1.0,3.0
163004,Esteban Lepaul,Angers,F,Rennes vs Paris Saint Germain,74,7.3,1.0,0.0,2.0,1.0,13,12.0,,1.0,,1.0,,0,0,2.0,4.0
163004,Esteban Lepaul,Angers,F,Auxerre vs Rennes,68,7.3,1.0,0.0,1.0,1.0,15,9.0,,,,1.0,,0,0,,6.0
21618,Jim Allevinah,Angers,F,Angers vs Paris FC,28,6.9,,0.0,1.0,,3,3.0,,1.0,,,1.0,0,0,2.0,3.0
21618,Jim Allevinah,Angers,F,Paris Saint Germain vs Angers,28,6.5,,0.0,,,3,3.0,,,,,,0,0,,3.0
21618,Jim Allevinah,Angers,F,Angers vs Rennes,21,6.6,,0.0,,,5,4.0,,,,,1.0,0,0,2.0,3.0
21618,Jim Allevinah,Angers,F,Nice vs Angers,12,6.7,,0.0,,,7,6.0,,,,,1.0,0,0,1.0,2.0
21618,Jim Allevinah,Angers,F,Angers vs Marseille,14,7.3,1.0,0.0,1.0,1.0,8,7.0,,,,,1.0,0,0,1.0,2.0
21618,Jim Allevinah,Angers,F,Paris FC vs Angers,29,6.7,,0.0,2.0,,12,11.0,,,,,,0,0,1.0,2.0
403277,Lanroy Machine,Angers,F,Angers vs Paris FC,28,6.2,,0.0,,,4,3.0,,1.0,,1.0,,0,0,1.0,8.0
403277,Lanroy Machine,Angers,F,Paris Saint Germain vs Angers,8,6.5,,0.0,,,2,,,1.0,,1.0,,0,0,1.0,3.0
403277,Lanroy Machine,Angers,F,Angers vs Rennes,20,6.3,,0.0,1.0,,2,2.0,,,,,1.0,0,0,1.0,2.0
403277,Lanroy Machine,Angers,F,Metz vs Angers,29,6.5,,0.0,3.0,1.0,5,5.0,,1.0,,,,0,0,1.0,5.0
403277,Lanroy Machine,Angers,F,Angers vs Stade Brestois 29,20,6.5,,0.0,2.0,,2,1.0,,,,1.0,1.0,0,0,2.0,5.0
403277,Lanroy Machine,Angers,F,Angers vs Monaco,11,6.7,,0.0,,,6,5.0,,,,,,0,0,,1.0
403277,Lanroy Machine,Angers,F,Angers vs Lorient,26,6.3,,0.0,1.0,,8,7.0,,,,1.0,,0,0,1.0,3.0
403277,Lanroy Machine,Angers,F,Marseille vs Angers,31,6.3,,0.0,,,7,6.0,,,,1.0,,0,0,3.0,5.0
403277,Lanroy Machine,Angers,F,Lille vs Angers,12,6.5,,0.0,,,7,7.0,,,,,,0,0,,1.0
403277,Lanroy Machine,Angers,F,Angers vs Toulouse,24,6.5,,0.0,1.0,,5,4.0,,,,,,0,0,1.0,3.0
403277,Lanroy Machine,Angers,F,Lorient vs Angers,15,6.3,,0.0,,,6,4.0,,,,,,0,0,1.0,1.0
343609,Jacques Ekomie,Angers,D,Angers vs Paris FC,18,6.9,,0.0,,,4,4.0,,1.0,,1.0,1.0,0,0,2.0,2.0
343609,Jacques Ekomie,Angers,D,Paris Saint Germain vs Angers,76,7.3,,0.0,,,12,8.0,,12.0,1.0,,,0,0,13.0,20.0
343609,Jacques Ekomie,Angers,D,Angers vs Rennes,90,6.6,,0.0,2.0,1.0,30,27.0,,2.0,,1.0,1.0,0,0,6.0,10.0
343609,Jacques Ekomie,Angers,D,Metz vs Angers,29,7.2,,0.0,,,12,10.0,,2.0,,,1.0,0,0,3.0,3.0
343609,Jacques Ekomie,Angers,D,Lyon vs Angers,90,6.9,,0.0,1.0,1.0,25,21.0,,2.0,3.0,2.0,2.0,0,0,4.0,7.0
343609,Jacques Ekomie,Angers,D,Angers vs Stade Brestois 29,66,6.2,,0.0,,,24,21.0,,,3.0,4.0,1.0,1,0,3.0,7.0
343609,Jacques Ekomie,Angers,D,Strasbourg vs Angers,90,5.3,,0.0,,,22,17.0,,1.0,,,2.0,0,0,3.0,5.0
343609,Jacques Ekomie,Angers,D,Angers vs Monaco,19,6.3,,0.0,,,6,5.0,,2.0,,,,0,0,2.0,3.0
343609,Jacques Ekomie,Angers,D,Marseille vs Angers,90,6.2,,0.0,,,27,23.0,,2.0,,1.0,1.0,0,0,5.0,8.0
343609,Jacques Ekomie,Angers,D,Lille vs Angers,90,6.9,,0.0,,,49,40.0,,1.0,2.0,,1.0,0,0,5.0,8.0
343609,Jacques Ekomie,Angers,D,Angers vs Auxerre,75,6.9,,0.0,,,25,19.0,,1.0,1.0,1.0,,0,0,2.0,5.0
343609,Jacques Ekomie,Angers,D,Toulouse vs Angers,90,6.9,,0.0,,,23,18.0,,2.0,2.0,1.0,1.0,1,0,5.0,7.0
343609,Jacques Ekomie,Angers,D,Angers vs Lens,71,6.6,,0.0,,,26,19.0,,2.0,3.0,,1.0,0,0,4.0,8.0
343609,Jacques Ekomie,Angers,D,Nice vs Angers,90,7,,0.0,2.0,1.0,50,43.0,,4.0,1.0,2.0,1.0,0,0,5.0,10.0
343609,Jacques Ekomie,Angers,D,Angers vs Nantes,90,6.7,,0.0,,,37,28.0,,3.0,2.0,2.0,2.0,0,0,6.0,10.0
343609,Jacques Ekomie,Angers,D,Le Havre vs Angers,32,6.5,,0.0,,,17,15.0,,1.0,1.0,,,0,0,3.0,5.0
343609,Jacques Ekomie,Angers,D,Angers vs Marseille,90,5.2,,0.0,,,32,28.0,,2.0,1.0,1.0,,0,0,4.0,10.0
343609,Jacques Ekomie,Angers,D,Paris FC vs Angers,87,6.9,,0.0,,,17,13.0,,2.0,,2.0,2.0,0,0,6.0,11.0
343609,Jacques Ekomie,Angers,D,Angers vs Metz,57,6.9,,0.0,,,44,40.0,,1.0,3.0,,1.0,0,0,2.0,3.0
343609,Jacques Ekomie,Angers,D,Angers vs Toulouse,90,6.9,,0.0,,,35,28.0,,1.0,2.0,2.0,2.0,1,0,5.0,11.0
343609,Jacques Ekomie,Angers,D,Lorient vs Angers,67,5.9,,0.0,,,33,29.0,,,1.0,,,0,0,,3.0
343609,Jacques Ekomie,Angers,D,Angers vs Lille,78,5.9,,0.0,,,25,21.0,,1.0,,2.0,1.0,0,0,3.0,10.0
425207,Marius Courcoul,Angers,D,Angers vs Paris FC,12,6.6,,0.0,,,1,,,1.0,,,,0,0,1.0,1.0
425207,Marius Courcoul,Angers,D,Paris Saint Germain vs Angers,45,6.2,,0.0,,,9,7.0,,2.0,,1.0,,0,0,2.0,4.0
425207,Marius Courcoul,Angers,D,Angers vs Rennes,21,6.5,,0.0,,,5,3.0,,,,,,0,0,,4.0
425207,Marius Courcoul,Angers,D,Angers vs Stade Brestois 29,11,6.9,,0.0,,,10,8.0,,1.0,,,1.0,0,0,3.0,4.0
425207,Marius Courcoul,Angers,D,Strasbourg vs Angers,8,6.7,,0.0,,,8,5.0,,,1.0,,,0,0,,
425207,Marius Courcoul,Angers,D,Marseille vs Angers,10,6.9,,0.0,,,10,9.0,,,,,2.0,0,0,3.0,3.0
425207,Marius Courcoul,Angers,D,Lille vs Angers,12,6.9,,0.0,,,5,5.0,,,1.0,,,0,0,,
425207,Marius Courcoul,Angers,D,Angers vs Auxerre,15,6.9,,0.0,,,7,4.0,,1.0,,,,0,0,1.0,1.0
425207,Marius Courcoul,Angers,D,Angers vs Lens,19,6.2,,0.0,,,5,4.0,,1.0,,1.0,,0,0,1.0,2.0
425207,Marius Courcoul,Angers,D,Angers vs Nantes,8,6.6,,0.0,,,2,2.0,,,,,,0,0,,
425207,Marius Courcoul,Angers,D,Le Havre vs Angers,89,6.7,,0.0,2.0,1.0,37,29.0,,4.0,,2.0,,0,0,6.0,10.0
425207,Marius Courcoul,Angers,D,Angers vs Marseille,62,6.2,,0.0,,,21,17.0,,,,,,0,0,,
425207,Marius Courcoul,Angers,D,Angers vs Metz,21,6.9,,0.0,,,19,17.0,,1.0,,1.0,,0,0,1.0,3.0
425207,Marius Courcoul,Angers,D,Lorient vs Angers,9,6.7,,0.0,,,5,4.0,,,,,,0,0,,
457541,Prosper Peter,Angers,F,Angers vs Paris FC,12,6.7,,0.0,,,1,,,,,1.0,,0,0,2.0,4.0
457541,Prosper Peter,Angers,F,Angers vs Rennes,70,7.9,1.0,0.0,2.0,2.0,10,6.0,,1.0,,,3.0,0,0,6.0,10.0
457541,Prosper Peter,Angers,F,Metz vs Angers,90,6.2,,0.0,3.0,2.0,11,10.0,,,,1.0,2.0,0,0,3.0,9.0
457541,Prosper Peter,Angers,F,Lyon vs Angers,90,6.9,,0.0,,,9,8.0,,2.0,,1.0,5.0,0,0,9.0,17.0
457541,Prosper Peter,Angers,F,Angers vs Stade Brestois 29,90,6.2,,0.0,1.0,1.0,17,14.0,,,,2.0,,0,0,2.0,6.0
457541,Prosper Peter,Angers,F,Strasbourg vs Angers,90,6.2,,0.0,2.0,1.0,15,10.0,,,,1.0,,0,0,2.0,5.0
457541,Prosper Peter,Angers,F,Angers vs Monaco,61,6.3,,0.0,1.0,,8,6.0,,,1.0,2.0,4.0,0,0,4.0,12.0
457541,Prosper Peter,Angers,F,Angers vs Lorient,28,7.3,1.0,0.0,1.0,1.0,1,,,,,2.0,,0,0,2.0,5.0
457541,Prosper Peter,Angers,F,Lille vs Angers,18,6.5,,0.0,,,0,,,,,2.0,,0,0,1.0,4.0
457541,Prosper Peter,Angers,F,Angers vs Auxerre,8,6.9,1.0,0.0,1.0,1.0,2,2.0,,,,2.0,,0,0,,3.0
457541,Prosper Peter,Angers,F,Toulouse vs Angers,22,6.3,,0.0,,,3,2.0,,,,2.0,,0,0,1.0,8.0
457541,Prosper Peter,Angers,F,Angers vs Lens,26,6.2,,0.0,1.0,1.0,5,1.0,,,,1.0,1.0,0,0,2.0,4.0
457541,Prosper Peter,Angers,F,Nice vs Angers,18,6.2,,0.0,,,3,,,,,1.0,,0,0,1.0,6.0
457541,Prosper Peter,Angers,F,Angers vs Nantes,17,6.2,,0.0,,,5,5.0,,,1.0,3.0,,0,0,,3.0
457541,Prosper Peter,Angers,F,Le Havre vs Angers,14,6.2,,0.0,,,3,3.0,,,,,,0,0,,3.0
457541,Prosper Peter,Angers,F,Angers vs Marseille,62,6.2,,0.0,,,6,3.0,,,,,,0,0,1.0,5.0
457541,Prosper Peter,Angers,F,Paris FC vs Angers,30,6.3,,0.0,,,6,4.0,,1.0,,1.0,,0,0,5.0,8.0
457541,Prosper Peter,Angers,F,Angers vs Metz,69,6.3,,0.0,1.0,,12,11.0,,1.0,,1.0,2.0,0,0,3.0,7.0
457541,Prosper Peter,Angers,F,Angers vs Toulouse,11,6.6,,0.0,,,3,2.0,,,,,,0,0,3.0,4.0
457541,Prosper Peter,Angers,F,Lorient vs Angers,15,6.5,,0.0,,,3,3.0,,,,,,0,0,,2.0
457541,Prosper Peter,Angers,F,Angers vs Lille,12,6.6,,0.0,,,8,3.0,,1.0,,,1.0,0,0,5.0,7.0
194981,Obed Nkambadio,Paris FC,G,Angers vs Paris FC,90,6.3,,0.0,,,27,26.0,,,,,,0,0,,
194981,Obed Nkambadio,Paris FC,G,Marseille vs Paris FC,90,5.5,,0.0,,,30,25.0,,,,,,0,0,,
194981,Obed Nkambadio,Paris FC,G,Stade Brestois 29 vs Paris FC,90,7.9,,0.0,,,46,28.0,,,,,,0,0,,
194981,Obed Nkambadio,Paris FC,G,Paris FC vs Strasbourg,90,6.2,,0.0,,,34,32.0,,,,,,0,0,,
194981,Obed Nkambadio,Paris FC,G,Nice vs Paris FC,90,6.6,,0.0,,,53,37.0,,,,,,0,0,,
194981,Obed Nkambadio,Paris FC,G,Paris FC vs Lorient,90,7.2,,0.0,,,32,27.0,,,,,,0,0,,
194981,Obed Nkambadio,Paris FC,G,Lens vs Paris FC,90,7.3,,0.0,,,46,36.0,,,,,,0,0,1.0,1.0
194981,Obed Nkambadio,Paris FC,G,Paris FC vs Nantes,90,5.7,,0.0,,,38,32.0,,,,,,0,0,,1.0
194981,Obed Nkambadio,Paris FC,G,Paris FC vs Lyon,90,5.9,,0.0,,,32,23.0,,,,,,0,0,,
194981,Obed Nkambadio,Paris FC,G,Paris FC vs Rennes,90,6.5,,0.0,,,45,33.0,,,,,,0,0,,
194981,Obed Nkambadio,Paris FC,G,Paris FC vs Auxerre,90,5.9,,0.0,,,54,50.0,,,,,,0,0,1.0,1.0
20869,Samir Sophian Chergui,Paris FC,D,Angers vs Paris FC,90,6.9,,0.0,,,54,50.0,,3.0,,,,0,0,4.0,7.0
20869,Samir Sophian Chergui,Paris FC,D,Marseille vs Paris FC,90,5.3,,0.0,,,23,21.0,,,,1.0,,0,0,,2.0
20869,Samir Sophian Chergui,Paris FC,D,Paris FC vs Metz,90,6,,0.0,1.0,1.0,31,28.0,,,1.0,1.0,,0,0,1.0,5.0
20869,Samir Sophian Chergui,Paris FC,D,Stade Brestois 29 vs Paris FC,82,7.7,,0.0,,,43,36.0,,4.0,1.0,,,0,0,7.0,8.0
20869,Samir Sophian Chergui,Paris FC,D,Paris FC vs Strasbourg,90,6.3,,0.0,,,79,76.0,,3.0,,1.0,1.0,0,0,6.0,8.0
20869,Samir Sophian Chergui,Paris FC,D,Paris FC vs Lorient,22,6.9,,0.0,,,15,15.0,,,,1.0,,0,0,1.0,3.0
20869,Samir Sophian Chergui,Paris FC,D,Lens vs Paris FC,90,6.5,,0.0,,,58,55.0,,1.0,2.0,,,0,0,4.0,8.0
20869,Samir Sophian Chergui,Paris FC,D,Paris FC vs Nantes,90,6.7,1.0,0.0,2.0,1.0,53,47.0,,2.0,1.0,3.0,,0,0,4.0,11.0
20869,Samir Sophian Chergui,Paris FC,D,Paris FC vs Lyon,90,5.9,,0.0,,,33,29.0,,2.0,,4.0,1.0,1,0,6.0,11.0
20869,Samir Sophian Chergui,Paris FC,D,Monaco vs Paris FC,90,6.9,,0.0,,,40,32.0,,,,1.0,,0,0,2.0,3.0
20869,Samir Sophian Chergui,Paris FC,D,Paris FC vs Rennes,90,6.2,,0.0,2.0,1.0,35,28.0,,,,,1.0,0,0,3.0,5.0
20869,Samir Sophian Chergui,Paris FC,D,Lille vs Paris FC,60,6.7,,0.0,,,30,25.0,,1.0,1.0,,1.0,0,0,3.0,4.0
174881,Moustapha Mbow,Paris FC,D,Angers vs Paris FC,90,7.6,,0.0,,,75,71.0,,5.0,2.0,1.0,3.0,0,0,10.0,11.0
174881,Moustapha Mbow,Paris FC,D,Marseille vs Paris FC,90,5,,0.0,,,46,41.0,,1.0,3.0,2.0,,0,0,1.0,6.0
174881,Moustapha Mbow,Paris FC,D,Paris FC vs Metz,90,6.7,,0.0,2.0,1.0,51,46.0,,2.0,1.0,,,0,0,4.0,7.0
174881,Moustapha Mbow,Paris FC,D,Stade Brestois 29 vs Paris FC,90,7.7,,0.0,,,41,39.0,,3.0,1.0,,,0,0,6.0,7.0
174881,Moustapha Mbow,Paris FC,D,Paris FC vs Strasbourg,90,6.3,,0.0,,,79,75.0,,1.0,2.0,1.0,1.0,0,0,3.0,5.0
174881,Moustapha Mbow,Paris FC,D,Nice vs Paris FC,90,6.2,,0.0,1.0,,48,45.0,,,1.0,1.0,,1,0,1.0,3.0
174881,Moustapha Mbow,Paris FC,D,Paris FC vs Lorient,90,7.6,,0.0,,,87,81.0,,1.0,,1.0,,0,0,4.0,8.0
174881,Moustapha Mbow,Paris FC,D,Paris FC vs Nantes,90,6.3,,0.0,1.0,,69,61.0,,,2.0,1.0,1.0,0,0,4.0,8.0
174881,Moustapha Mbow,Paris FC,D,Paris FC vs Lyon,90,6.7,,0.0,,,48,45.0,,4.0,1.0,1.0,,1,0,10.0,14.0
174881,Moustapha Mbow,Paris FC,D,Monaco vs Paris FC,90,7.3,,0.0,1.0,,40,35.0,,1.0,2.0,,2.0,0,0,5.0,6.0
174881,Moustapha Mbow,Paris FC,D,Paris FC vs Rennes,90,6.9,,0.0,1.0,1.0,39,34.0,,3.0,1.0,,2.0,0,0,6.0,8.0
174881,Moustapha Mbow,Paris FC,D,Lille vs Paris FC,90,6.2,,0.0,,,48,46.0,,2.0,1.0,1.0,,0,0,3.0,5.0
174881,Moustapha Mbow,Paris FC,D,Paris FC vs Auxerre,90,7.5,,0.0,,,86,81.0,,2.0,,,2.0,0,0,9.0,11.0
174881,Moustapha Mbow,Paris FC,D,Le Havre vs Paris FC,90,7,,0.0,,,64,61.0,,1.0,1.0,2.0,1.0,0,0,5.0,9.0
174881,Moustapha Mbow,Paris FC,D,Paris FC vs Toulouse,90,6.9,,0.0,,,70,66.0,,2.0,2.0,1.0,,0,0,9.0,11.0
174881,Moustapha Mbow,Paris FC,D,Paris Saint Germain vs Paris FC,90,6.7,,0.0,,,36,32.0,,1.0,,1.0,,0,0,4.0,6.0
174881,Moustapha Mbow,Paris FC,D,Nantes vs Paris FC,90,6.9,,0.0,,,61,50.0,,3.0,1.0,1.0,1.0,0,0,5.0,9.0
174881,Moustapha Mbow,Paris FC,D,Paris FC vs Angers,90,7.3,,0.0,,,94,85.0,,1.0,3.0,1.0,,0,0,3.0,5.0
174881,Moustapha Mbow,Paris FC,D,Paris FC vs Marseille,90,7.3,,1.0,,,61,55.0,,,,1.0,,0,0,3.0,4.0
174881,Moustapha Mbow,Paris FC,D,Auxerre vs Paris FC,90,6.9,,0.0,,,44,39.0,,4.0,2.0,2.0,1.0,1,0,7.0,14.0
174881,Moustapha Mbow,Paris FC,D,Paris FC vs Lens,16,6.2,,0.0,,,16,15.0,,,,,,0,0,,1.0
174881,Moustapha Mbow,Paris FC,D,Toulouse vs Paris FC,90,7.3,,0.0,,,42,37.0,,5.0,,1.0,,0,0,7.0,11.0
22086,Timothée Kolodziejczak,Paris FC,D,Angers vs Paris FC,85,6.2,,0.0,,,81,74.0,,,1.0,,1.0,0,0,2.0,5.0
22086,Timothée Kolodziejczak,Paris FC,D,Stade Brestois 29 vs Paris FC,10,6.7,,0.0,,,5,3.0,,,,,,0,0,,1.0
22086,Timothée Kolodziejczak,Paris FC,D,Monaco vs Paris FC,8,6.6,,0.0,,,3,2.0,,,,,,0,0,,
22086,Timothée Kolodziejczak,Paris FC,D,Lille vs Paris FC,30,5.6,,0.0,,,26,23.0,,,1.0,1.0,,0,0,,1.0
22086,Timothée Kolodziejczak,Paris FC,D,Paris Saint Germain vs Paris FC,90,6.6,,0.0,,,29,25.0,,3.0,1.0,1.0,,0,0,4.0,6.0
22086,Timothée Kolodziejczak,Paris FC,D,Nantes vs Paris FC,90,6.5,,0.0,1.0,1.0,60,56.0,,1.0,,2.0,,1,0,2.0,7.0
22086,Timothée Kolodziejczak,Paris FC,D,Paris FC vs Angers,90,7.3,,0.0,,,97,88.0,,2.0,,1.0,,1,0,2.0,5.0
22086,Timothée Kolodziejczak,Paris FC,D,Paris FC vs Marseille,90,6,,0.0,,,47,43.0,,1.0,2.0,1.0,,0,0,2.0,5.0
22086,Timothée Kolodziejczak,Paris FC,D,Auxerre vs Paris FC,90,7.3,,0.0,,,58,52.0,,1.0,1.0,,,0,0,4.0,5.0
22086,Timothée Kolodziejczak,Paris FC,D,Paris FC vs Lens,90,5.9,,0.0,,,88,80.0,,1.0,2.0,2.0,,0,0,5.0,10.0
389322,Nhoa Sangui,Paris FC,D,Angers vs Paris FC,90,6.6,,0.0,,,48,38.0,,1.0,,,3.0,0,0,4.0,5.0
389322,Nhoa Sangui,Paris FC,D,Marseille vs Paris FC,83,6,,0.0,,,32,29.0,,1.0,,1.0,1.0,0,0,3.0,4.0
389322,Nhoa Sangui,Paris FC,D,Paris FC vs Metz,13,6.9,,0.0,,,13,12.0,,,,,,0,0,,
389322,Nhoa Sangui,Paris FC,D,Stade Brestois 29 vs Paris FC,8,6.6,,0.0,,,2,2.0,,1.0,,,,0,0,1.0,1.0
389322,Nhoa Sangui,Paris FC,D,Paris FC vs Strasbourg,88,5.9,,0.0,,,48,45.0,,2.0,,,,0,0,2.0,4.0
389322,Nhoa Sangui,Paris FC,D,Nice vs Paris FC,9,6.6,,0.0,,,2,,,,,,,0,0,1.0,1.0
389322,Nhoa Sangui,Paris FC,D,Paris FC vs Lorient,10,6.6,,0.0,1.0,,2,2.0,,,1.0,,,0,0,1.0,1.0
389322,Nhoa Sangui,Paris FC,D,Lens vs Paris FC,45,6.2,,0.0,,,24,19.0,,2.0,,,,0,0,2.0,5.0
389322,Nhoa Sangui,Paris FC,D,Paris FC vs Toulouse,38,6.5,,0.0,,,21,21.0,,,1.0,,,0,0,,
389322,Nhoa Sangui,Paris FC,D,Paris Saint Germain vs Paris FC,90,6.3,,0.0,,,33,26.0,,2.0,1.0,,1.0,0,0,3.0,5.0
389322,Nhoa Sangui,Paris FC,D,Nantes vs Paris FC,90,6.3,,0.0,,,37,30.0,,,,,2.0,0,0,3.0,3.0
389322,Nhoa Sangui,Paris FC,D,Paris FC vs Angers,90,6.3,,0.0,,,49,45.0,,1.0,,2.0,,0,0,1.0,7.0
389322,Nhoa Sangui,Paris FC,D,Paris FC vs Marseille,90,6.3,,0.0,,,30,25.0,,1.0,,,2.0,0,0,3.0,4.0
389322,Nhoa Sangui,Paris FC,D,Auxerre vs Paris FC,90,7.2,,0.0,,,41,31.0,,3.0,2.0,,1.0,0,0,4.0,7.0
389322,Nhoa Sangui,Paris FC,D,Paris FC vs Lens,90,6.3,,0.0,,,37,34.0,,,1.0,,1.0,0,0,3.0,6.0
389322,Nhoa Sangui,Paris FC,D,Toulouse vs Paris FC,90,6.9,,0.0,,,28,25.0,,2.0,1.0,,,0,0,3.0,5.0
83831,Ilan Kebbal,Paris FC,M,Angers vs Paris FC,90,6.9,,0.0,3.0,2.0,68,63.0,,1.0,1.0,1.0,2.0,0,0,5.0,11.0
83831,Ilan Kebbal,Paris FC,M,Marseille vs Paris FC,90,8.5,1.0,1.0,2.0,1.0,40,32.0,,,,,2.0,0,0,3.0,6.0
83831,Ilan Kebbal,Paris FC,M,Paris FC vs Metz,90,9.6,2.0,0.0,3.0,3.0,47,38.0,,,1.0,,3.0,0,0,5.0,8.0
83831,Ilan Kebbal,Paris FC,M,Stade Brestois 29 vs Paris FC,87,7.2,,0.0,1.0,,43,37.0,,3.0,,,3.0,0,0,10.0,13.0
83831,Ilan Kebbal,Paris FC,M,Paris FC vs Strasbourg,90,8.3,,1.0,2.0,1.0,82,69.0,,1.0,,,2.0,0,0,8.0,10.0
83831,Ilan Kebbal,Paris FC,M,Nice vs Paris FC,68,7,,0.0,,,44,35.0,,1.0,,,3.0,0,0,4.0,8.0
83831,Ilan Kebbal,Paris FC,M,Paris FC vs Lorient,89,8.2,1.0,0.0,2.0,1.0,82,78.0,,2.0,,2.0,,0,0,2.0,5.0
83831,Ilan Kebbal,Paris FC,M,Lens vs Paris FC,90,6.9,,1.0,,,50,37.0,,1.0,,,3.0,1,0,4.0,7.0
83831,Ilan Kebbal,Paris FC,M,Paris FC vs Nantes,85,7.2,,0.0,3.0,1.0,66,58.0,,1.0,,,2.0,0,0,3.0,7.0
83831,Ilan Kebbal,Paris FC,M,Paris FC vs Lyon,90,9.5,1.0,1.0,1.0,1.0,51,48.0,,2.0,,,6.0,0,0,8.0,14.0
83831,Ilan Kebbal,Paris FC,M,Monaco vs Paris FC,90,6.7,,0.0,1.0,,47,42.0,,1.0,,1.0,1.0,0,0,2.0,6.0
83831,Ilan Kebbal,Paris FC,M,Paris FC vs Rennes,90,7.5,,0.0,3.0,,46,40.0,,1.0,,,1.0,1,0,4.0,7.0
83831,Ilan Kebbal,Paris FC,M,Lille vs Paris FC,90,7.2,,0.0,,,51,44.0,,2.0,,,3.0,0,0,6.0,12.0
83831,Ilan Kebbal,Paris FC,M,Paris FC vs Auxerre,90,8.3,1.0,0.0,2.0,1.0,66,60.0,,3.0,2.0,,5.0,0,0,10.0,19.0
83831,Ilan Kebbal,Paris FC,M,Le Havre vs Paris FC,89,6.7,,0.0,2.0,,51,44.0,,1.0,,1.0,,0,0,1.0,6.0
83831,Ilan Kebbal,Paris FC,M,Paris FC vs Toulouse,90,7.3,,0.0,2.0,1.0,76,68.0,,2.0,1.0,,5.0,0,0,7.0,13.0
83831,Ilan Kebbal,Paris FC,M,Nantes vs Paris FC,87,7.9,1.0,0.0,2.0,1.0,60,53.0,,,,1.0,3.0,1,0,6.0,14.0
83831,Ilan Kebbal,Paris FC,M,Paris FC vs Angers,74,6.6,,0.0,1.0,,46,34.0,,3.0,,3.0,2.0,0,0,6.0,13.0
83831,Ilan Kebbal,Paris FC,M,Paris FC vs Marseille,90,8.3,1.0,0.0,1.0,1.0,76,66.0,,1.0,1.0,,4.0,0,0,6.0,7.0
83831,Ilan Kebbal,Paris FC,M,Auxerre vs Paris FC,63,6.9,,0.0,2.0,2.0,31,27.0,,,1.0,1.0,,1,0,1.0,5.0
83831,Ilan Kebbal,Paris FC,M,Paris FC vs Lens,90,7.3,,0.0,1.0,1.0,64,55.0,,1.0,,1.0,2.0,0,0,5.0,10.0
83831,Ilan Kebbal,Paris FC,M,Toulouse vs Paris FC,85,6.2,,0.0,1.0,1.0,38,30.0,,2.0,,1.0,2.0,1,0,4.0,11.0
327592,Lohann Doucet,Paris FC,M,Angers vs Paris FC,61,6.3,,0.0,1.0,,31,31.0,,,,3.0,,1,0,1.0,5.0
327592,Lohann Doucet,Paris FC,M,Marseille vs Paris FC,21,5.7,,0.0,,,9,7.0,,,,1.0,1.0,0,0,1.0,5.0
327592,Lohann Doucet,Paris FC,M,Lille vs Paris FC,15,7.3,1.0,0.0,1.0,1.0,4,4.0,,,,,,1,0,1.0,1.0
327592,Lohann Doucet,Paris FC,M,Paris FC vs Auxerre,29,6.6,,0.0,,,11,8.0,,1.0,,,,0,0,1.0,1.0
1910,Maxime López,Paris FC,M,Angers vs Paris FC,90,7.3,,0.0,1.0,1.0,124,111.0,,2.0,,,2.0,0,0,4.0,6.0
1910,Maxime López,Paris FC,M,Marseille vs Paris FC,90,6.6,,0.0,,,64,60.0,,,,2.0,,0,0,,4.0
1910,Maxime López,Paris FC,M,Paris FC vs Metz,90,7.2,,1.0,1.0,1.0,77,72.0,,,,,,0,0,,2.0
1910,Maxime López,Paris FC,M,Stade Brestois 29 vs Paris FC,90,6.9,,1.0,1.0,1.0,65,59.0,,,1.0,,,1,0,,2.0
1910,Maxime López,Paris FC,M,Paris FC vs Strasbourg,90,7.2,,0.0,,,108,98.0,,1.0,,3.0,1.0,1,0,2.0,7.0
1910,Maxime López,Paris FC,M,Nice vs Paris FC,90,6.9,,0.0,,,65,61.0,,2.0,,3.0,,0,0,2.0,5.0
1910,Maxime López,Paris FC,M,Paris FC vs Lorient,90,6.9,,0.0,,,94,90.0,,1.0,,4.0,,0,0,2.0,10.0
1910,Maxime López,Paris FC,M,Lens vs Paris FC,90,7.2,,0.0,1.0,1.0,85,78.0,,3.0,,1.0,,0,0,5.0,11.0
1910,Maxime López,Paris FC,M,Paris FC vs Nantes,90,7.5,,0.0,,,90,84.0,,1.0,,1.0,,1,0,1.0,3.0
1910,Maxime López,Paris FC,M,Paris FC vs Lyon,90,6.2,,0.0,,,64,58.0,,,1.0,,,0,0,,2.0
1910,Maxime López,Paris FC,M,Monaco vs Paris FC,90,7.2,,1.0,,,73,57.0,,1.0,2.0,,1.0,0,0,3.0,6.0
1910,Maxime López,Paris FC,M,Paris FC vs Rennes,90,6.7,,0.0,,,73,58.0,,3.0,1.0,3.0,1.0,1,0,5.0,11.0
1910,Maxime López,Paris FC,M,Le Havre vs Paris FC,90,7.2,,0.0,,,75,64.0,,1.0,1.0,1.0,,1,0,1.0,2.0
1910,Maxime López,Paris FC,M,Paris FC vs Toulouse,90,7.2,,0.0,,,103,96.0,,,,,1.0,1,0,1.0,1.0
1910,Maxime López,Paris FC,M,Paris Saint Germain vs Paris FC,90,6.5,,0.0,,,49,41.0,,1.0,,,,0,0,1.0,5.0
1910,Maxime López,Paris FC,M,Nantes vs Paris FC,90,6.5,,0.0,,,81,73.0,,,1.0,1.0,1.0,1,0,2.0,8.0
1910,Maxime López,Paris FC,M,Paris FC vs Angers,30,7.5,,0.0,,,33,32.0,,1.0,,1.0,,0,0,1.0,3.0
1910,Maxime López,Paris FC,M,Paris FC vs Marseille,45,6.5,,0.0,,,51,43.0,,1.0,1.0,3.0,,1,0,1.0,4.0
1910,Maxime López,Paris FC,M,Auxerre vs Paris FC,90,6.7,,0.0,,,72,66.0,,1.0,,3.0,1.0,1,0,3.0,7.0
1910,Maxime López,Paris FC,M,Paris FC vs Lens,81,6.6,,0.0,1.0,1.0,94,79.0,,,,,,0,0,2.0,3.0
2781,Moses Simon,Paris FC,M,Angers vs Paris FC,72,6.2,,0.0,1.0,,25,21.0,,,,,,0,0,3.0,12.0
2781,Moses Simon,Paris FC,M,Marseille vs Paris FC,64,7.7,1.0,0.0,3.0,2.0,5,3.0,,,2.0,,,0,0,1.0,3.0
2781,Moses Simon,Paris FC,M,Paris FC vs Metz,89,8.5,1.0,1.0,3.0,1.0,20,15.0,,,2.0,,2.0,0,0,3.0,9.0
2781,Moses Simon,Paris FC,M,Stade Brestois 29 vs Paris FC,60,6.6,,0.0,,,10,8.0,,1.0,1.0,,,0,0,2.0,5.0
2781,Moses Simon,Paris FC,M,Paris FC vs Strasbourg,69,6.9,,0.0,3.0,1.0,14,14.0,,1.0,,,,0,0,5.0,9.0
2781,Moses Simon,Paris FC,M,Nice vs Paris FC,89,6.2,,0.0,1.0,1.0,18,16.0,,,,1.0,3.0,0,0,3.0,14.0
2781,Moses Simon,Paris FC,M,Paris FC vs Lorient,85,7.2,,1.0,,,24,19.0,,,,,,0,0,1.0,6.0
2781,Moses Simon,Paris FC,M,Lens vs Paris FC,63,6.3,,0.0,,,12,10.0,,,,1.0,1.0,0,0,1.0,5.0
2781,Moses Simon,Paris FC,M,Paris FC vs Nantes,85,6.2,,0.0,1.0,,16,14.0,,1.0,,1.0,,0,0,2.0,6.0
2781,Moses Simon,Paris FC,M,Paris FC vs Lyon,67,6.2,,0.0,,,12,11.0,,1.0,,,,0,0,1.0,6.0
2781,Moses Simon,Paris FC,M,Monaco vs Paris FC,89,7.7,1.0,0.0,1.0,1.0,10,7.0,,1.0,1.0,2.0,,0,0,3.0,10.0
2781,Moses Simon,Paris FC,M,Paris FC vs Rennes,80,6.3,,0.0,1.0,,15,11.0,,,,1.0,,0,0,,6.0
2781,Moses Simon,Paris FC,M,Lille vs Paris FC,30,6.7,,0.0,,,9,9.0,,,,,1.0,0,0,1.0,2.0
2781,Moses Simon,Paris FC,M,Paris FC vs Auxerre,70,6.5,,0.0,,,20,17.0,,1.0,1.0,,,0,0,1.0,6.0
2781,Moses Simon,Paris FC,M,Le Havre vs Paris FC,66,6.3,,0.0,1.0,,13,8.0,,,1.0,2.0,,0,0,1.0,4.0
2781,Moses Simon,Paris FC,M,Paris FC vs Toulouse,77,6.7,,0.0,,,23,20.0,,1.0,,,1.0,0,0,5.0,10.0
2781,Moses Simon,Paris FC,M,Paris FC vs Marseille,64,6.3,,0.0,,,15,14.0,,,,,,0,0,,2.0
2781,Moses Simon,Paris FC,M,Auxerre vs Paris FC,63,6.9,,0.0,1.0,,19,18.0,,1.0,,,,0,0,2.0,5.0
2781,Moses Simon,Paris FC,M,Paris FC vs Lens,27,6.3,,0.0,1.0,1.0,7,7.0,,1.0,,1.0,,0,0,1.0,3.0
2781,Moses Simon,Paris FC,M,Toulouse vs Paris FC,12,6.5,,0.0,,,4,3.0,,,,1.0,,1,0,,1.0
22842,Jean-Philippe Krasso,Paris FC,F,Angers vs Paris FC,61,6.3,,0.0,3.0,3.0,10,6.0,,,,,,0,0,,6.0
22842,Jean-Philippe Krasso,Paris FC,F,Marseille vs Paris FC,26,6.5,,0.0,,,5,4.0,,,,1.0,,0,0,,2.0
22842,Jean-Philippe Krasso,Paris FC,F,Paris FC vs Metz,24,6.2,,0.0,1.0,1.0,10,10.0,,1.0,,,,0,0,3.0,9.0
22842,Jean-Philippe Krasso,Paris FC,F,Stade Brestois 29 vs Paris FC,30,6.5,,0.0,,,9,4.0,,1.0,,,2.0,0,0,5.0,12.0
22842,Jean-Philippe Krasso,Paris FC,F,Paris FC vs Strasbourg,11,6.6,,0.0,,,3,3.0,,,,,,0,0,,1.0
22842,Jean-Philippe Krasso,Paris FC,F,Nice vs Paris FC,12,7.3,1.0,0.0,1.0,1.0,4,3.0,,,,,1.0,0,0,3.0,3.0
22842,Jean-Philippe Krasso,Paris FC,F,Paris FC vs Lorient,68,7.5,1.0,1.0,3.0,1.0,11,7.0,,,,2.0,,0,0,2.0,8.0
22842,Jean-Philippe Krasso,Paris FC,F,Lens vs Paris FC,63,6.5,,0.0,,,18,10.0,,,,,2.0,0,0,7.0,18.0
22842,Jean-Philippe Krasso,Paris FC,F,Paris FC vs Nantes,73,6.5,,0.0,,,13,10.0,,1.0,,,1.0,0,0,3.0,7.0
22842,Jean-Philippe Krasso,Paris FC,F,Paris FC vs Lyon,19,6.2,,0.0,1.0,,6,3.0,,,1.0,2.0,,0,0,1.0,5.0
22842,Jean-Philippe Krasso,Paris FC,F,Monaco vs Paris FC,75,6.3,,0.0,1.0,,19,14.0,,,,2.0,2.0,0,0,5.0,17.0
22842,Jean-Philippe Krasso,Paris FC,F,Paris FC vs Rennes,73,7.2,,0.0,1.0,1.0,15,11.0,,,,1.0,2.0,0,0,4.0,8.0
22842,Jean-Philippe Krasso,Paris FC,F,Lille vs Paris FC,30,6.9,,1.0,,,10,9.0,,,,1.0,,0,0,,2.0
22842,Jean-Philippe Krasso,Paris FC,F,Paris FC vs Auxerre,79,7.2,,0.0,2.0,1.0,10,10.0,,,,1.0,2.0,0,0,3.0,5.0
22842,Jean-Philippe Krasso,Paris FC,F,Le Havre vs Paris FC,72,6.9,,0.0,1.0,,11,8.0,,2.0,,1.0,2.0,0,0,6.0,9.0
22842,Jean-Philippe Krasso,Paris FC,F,Paris FC vs Toulouse,13,6.7,,0.0,,,1,,,1.0,,,,0,0,3.0,5.0
22842,Jean-Philippe Krasso,Paris FC,F,Nantes vs Paris FC,90,5.9,,0.0,,,14,9.0,,2.0,,4.0,1.0,0,0,3.0,16.0
22842,Jean-Philippe Krasso,Paris FC,F,Paris FC vs Angers,60,6.6,,0.0,1.0,,12,9.0,,1.0,,,,0,0,3.0,5.0
22842,Jean-Philippe Krasso,Paris FC,F,Paris FC vs Marseille,64,6.2,,0.0,2.0,,15,13.0,,1.0,,1.0,2.0,0,0,4.0,11.0
22842,Jean-Philippe Krasso,Paris FC,F,Auxerre vs Paris FC,11,6.6,,0.0,1.0,,2,2.0,,,,,1.0,0,0,2.0,3.0
22842,Jean-Philippe Krasso,Paris FC,F,Paris FC vs Lens,17,7.3,,0.0,1.0,1.0,10,6.0,,3.0,,,,0,0,7.0,11.0
22842,Jean-Philippe Krasso,Paris FC,F,Toulouse vs Paris FC,9,6.3,,0.0,1.0,,7,5.0,,,,1.0,,0,0,3.0,5.0
20647,Pierre-Yves Hamel,Paris FC,F,Angers vs Paris FC,71,6.2,,0.0,,,9,6.0,,,1.0,2.0,,0,0,2.0,6.0
20647,Pierre-Yves Hamel,Paris FC,F,Marseille vs Paris FC,8,6.3,,0.0,,,0,,,,,,,0,0,,2.0
20925,Vincent Marchetti,Paris FC,M,Angers vs Paris FC,29,6.6,,0.0,1.0,,15,14.0,,,,1.0,,0,0,2.0,3.0
20925,Vincent Marchetti,Paris FC,M,Marseille vs Paris FC,83,6.5,,0.0,2.0,1.0,35,30.0,,1.0,1.0,,,0,0,2.0,3.0
20925,Vincent Marchetti,Paris FC,M,Paris FC vs Metz,89,7,,0.0,3.0,1.0,45,43.0,,,1.0,,1.0,0,0,5.0,8.0
20925,Vincent Marchetti,Paris FC,M,Stade Brestois 29 vs Paris FC,45,6.6,1.0,0.0,2.0,2.0,14,10.0,,,1.0,1.0,1.0,1,0,1.0,4.0
20925,Vincent Marchetti,Paris FC,M,Lens vs Paris FC,8,6.7,,0.0,,,6,6.0,,,,,,0,0,,1.0
20925,Vincent Marchetti,Paris FC,M,Paris FC vs Nantes,61,6.3,,0.0,,,24,20.0,,1.0,,,,0,0,1.0,3.0
20925,Vincent Marchetti,Paris FC,M,Paris FC vs Lyon,8,7.7,1.0,0.0,1.0,1.0,4,2.0,,1.0,,2.0,,0,0,1.0,3.0
20925,Vincent Marchetti,Paris FC,M,Paris FC vs Rennes,9,6.6,,0.0,1.0,,2,2.0,,,,,1.0,0,0,2.0,3.0
20925,Vincent Marchetti,Paris FC,M,Lille vs Paris FC,83,5.9,,0.0,1.0,1.0,35,30.0,,2.0,,1.0,,0,0,4.0,9.0
20925,Vincent Marchetti,Paris FC,M,Paris FC vs Auxerre,90,7,,0.0,1.0,,45,40.0,,7.0,,2.0,,0,0,8.0,11.0
20925,Vincent Marchetti,Paris FC,M,Le Havre vs Paris FC,66,6.3,,0.0,,,39,36.0,,,,1.0,1.0,0,0,3.0,10.0
20925,Vincent Marchetti,Paris FC,M,Paris FC vs Toulouse,70,6.5,,0.0,1.0,,42,39.0,,,,2.0,,0,0,4.0,8.0
20925,Vincent Marchetti,Paris FC,M,Paris Saint Germain vs Paris FC,13,6.9,,0.0,1.0,1.0,8,8.0,,,,,,0,0,,1.0
20925,Vincent Marchetti,Paris FC,M,Nantes vs Paris FC,9,6.5,,0.0,,,2,1.0,,,,1.0,,0,0,,2.0
20925,Vincent Marchetti,Paris FC,M,Paris FC vs Angers,60,6.6,,0.0,,,29,22.0,,1.0,,1.0,,0,0,2.0,4.0
20925,Vincent Marchetti,Paris FC,M,Paris FC vs Lens,17,6.6,,0.0,1.0,,13,12.0,,1.0,,,,0,0,1.0,2.0
20925,Vincent Marchetti,Paris FC,M,Toulouse vs Paris FC,23,6.6,,0.0,,,11,8.0,,2.0,,,,0,0,4.0,4.0
20704,Alimami Gory,Paris FC,F,Angers vs Paris FC,29,6.7,,0.0,,,8,8.0,,,,,1.0,0,0,1.0,1.0
20704,Alimami Gory,Paris FC,F,Marseille vs Paris FC,26,6.9,,0.0,,,2,2.0,,1.0,,,2.0,0,0,3.0,3.0
20704,Alimami Gory,Paris FC,F,Stade Brestois 29 vs Paris FC,30,6.6,,0.0,,,8,7.0,,,,2.0,1.0,0,0,1.0,2.0
20704,Alimami Gory,Paris FC,F,Paris FC vs Strasbourg,45,6.9,1.0,0.0,2.0,1.0,10,9.0,,1.0,,,,0,0,1.0,5.0
20704,Alimami Gory,Paris FC,F,Lens vs Paris FC,27,6.5,,0.0,,,4,4.0,,,,1.0,,0,0,,3.0
20704,Alimami Gory,Paris FC,F,Paris FC vs Nantes,16,6.7,,0.0,,,6,6.0,,1.0,,,1.0,0,0,2.0,3.0
20704,Alimami Gory,Paris FC,F,Lille vs Paris FC,16,6.2,,0.0,,,5,5.0,,,,,,0,0,,
20704,Alimami Gory,Paris FC,F,Paris FC vs Auxerre,61,5.7,,0.0,1.0,,8,7.0,,,2.0,,1.0,0,0,1.0,3.0
20704,Alimami Gory,Paris FC,F,Le Havre vs Paris FC,24,6,,0.0,2.0,,4,3.0,,,,1.0,,0,0,,3.0
20704,Alimami Gory,Paris FC,F,Paris Saint Germain vs Paris FC,77,6.9,,0.0,1.0,,15,10.0,,1.0,1.0,,2.0,0,0,4.0,9.0
20704,Alimami Gory,Paris FC,F,Nantes vs Paris FC,67,6.7,,0.0,1.0,,16,16.0,,2.0,,1.0,3.0,0,0,6.0,9.0
20704,Alimami Gory,Paris FC,F,Paris FC vs Angers,60,6.7,,0.0,,,11,9.0,,2.0,,,,0,0,3.0,5.0
20704,Alimami Gory,Paris FC,F,Paris FC vs Marseille,64,6.3,,0.0,,,12,11.0,,3.0,2.0,,,0,0,3.0,5.0
20704,Alimami Gory,Paris FC,F,Auxerre vs Paris FC,90,6.6,,0.0,1.0,,22,17.0,,2.0,1.0,2.0,1.0,0,0,6.0,10.0
20704,Alimami Gory,Paris FC,F,Toulouse vs Paris FC,67,7.2,,1.0,,,14,11.0,,1.0,1.0,,1.0,0,0,2.0,3.0
20599,Julien López,Paris FC,F,Angers vs Paris FC,19,6.2,,0.0,,,3,2.0,,,,,,0,0,,2.0
20599,Julien López,Paris FC,F,Marseille vs Paris FC,8,6.3,,0.0,,,4,3.0,,,1.0,,,0,0,,
20599,Julien López,Paris FC,F,Paris FC vs Toulouse,13,6.6,,0.0,,,8,8.0,,,,,,0,0,,1.0
20599,Julien López,Paris FC,F,Paris Saint Germain vs Paris FC,9,6.5,,0.0,,,0,,,,,,,0,0,,
22003,Mathieu Cafaro,Paris FC,M,Angers vs Paris FC,18,6.7,,0.0,3.0,1.0,10,9.0,,,,,,0,0,,
22003,Mathieu Cafaro,Paris FC,M,Paris FC vs Strasbourg,11,6.5,,0.0,,,7,5.0,,,,1.0,1.0,0,0,1.0,2.0
22003,Mathieu Cafaro,Paris FC,M,Nice vs Paris FC,8,6.6,,0.0,,,2,1.0,,,,,1.0,0,0,1.0,1.0
22003,Mathieu Cafaro,Paris FC,M,Paris FC vs Rennes,10,6.3,,0.0,,,4,4.0,,,,,,0,0,,
22003,Mathieu Cafaro,Paris FC,M,Lille vs Paris FC,60,6.7,,0.0,,,13,10.0,,,,1.0,2.0,0,0,2.0,4.0
22003,Mathieu Cafaro,Paris FC,M,Paris FC vs Auxerre,20,6.9,,0.0,,,4,4.0,,,,,,0,0,1.0,2.0
22003,Mathieu Cafaro,Paris FC,M,Paris Saint Germain vs Paris FC,22,6.7,,0.0,1.0,,4,3.0,,,,,,0,0,,
19430,Nouha Dicko,Paris FC,F,Angers vs Paris FC,12,6.5,,0.0,,,1,1.0,,,,2.0,,0,0,,2.0
19430,Nouha Dicko,Paris FC,F,Paris FC vs Strasbourg,21,8,1.0,1.0,2.0,1.0,4,2.0,,,,,1.0,0,0,3.0,4.0
19430,Nouha Dicko,Paris FC,F,Nice vs Paris FC,12,6.3,,0.0,,,2,1.0,,,,1.0,,0,0,,4.0
19430,Nouha Dicko,Paris FC,F,Paris FC vs Nantes,16,6.3,,0.0,,,0,,,,,1.0,1.0,0,0,1.0,2.0
19430,Nouha Dicko,Paris FC,F,Monaco vs Paris FC,9,6.3,,0.0,,,2,2.0,,,,,,0,0,,
19430,Nouha Dicko,Paris FC,F,Paris FC vs Rennes,9,6.3,,0.0,,,0,,,,,,,0,0,,
19430,Nouha Dicko,Paris FC,F,Le Havre vs Paris FC,18,6.7,,0.0,1.0,1.0,3,3.0,,,,,1.0,0,0,2.0,3.0
20542,Donovan Léon,Auxerre,G,Auxerre vs Lorient,90,7.3,,0.0,,,30,16.0,,,,,,0,0,,
20542,Donovan Léon,Auxerre,G,Nice vs Auxerre,46,5.3,,0.0,,,23,13.0,,,,1.0,,0,1,1.0,2.0
20542,Donovan Léon,Auxerre,G,Auxerre vs Toulouse,90,8.7,,0.0,,,38,19.0,,1.0,,,3.0,0,0,5.0,5.0
20542,Donovan Léon,Auxerre,G,Paris Saint Germain vs Auxerre,90,7.7,,0.0,,,25,10.0,,,,,,0,0,,1.0
20542,Donovan Léon,Auxerre,G,Auxerre vs Lens,90,6.7,,0.0,,,28,12.0,,,,,,0,0,,
20542,Donovan Léon,Auxerre,G,Rennes vs Auxerre,90,7.9,,0.0,,,32,14.0,,,,,,0,0,,
20542,Donovan Léon,Auxerre,G,Auxerre vs Le Havre,90,7.2,,0.0,,,19,12.0,,,,,,0,0,,
20542,Donovan Léon,Auxerre,G,Strasbourg vs Auxerre,90,7.2,,0.0,,,30,15.0,,,,,,0,0,,
20542,Donovan Léon,Auxerre,G,Auxerre vs Marseille,90,6.3,,0.0,,,17,14.0,,,,,,0,0,,
20542,Donovan Léon,Auxerre,G,Angers vs Auxerre,90,6.9,,0.0,,,29,18.0,,,,,1.0,0,0,1.0,1.0
20542,Donovan Léon,Auxerre,G,Auxerre vs Lyon,90,8.7,,0.0,,,30,13.0,,,,,1.0,0,0,3.0,3.0
20542,Donovan Léon,Auxerre,G,Paris FC vs Auxerre,90,7.3,,0.0,,,33,27.0,,,,,,0,0,,
20542,Donovan Léon,Auxerre,G,Auxerre vs Metz,90,7.2,,0.0,,,23,13.0,,1.0,,,,0,0,1.0,1.0
20542,Donovan Léon,Auxerre,G,Auxerre vs Lille,90,5.2,,0.0,,,16,12.0,,,,,,0,0,,
20542,Donovan Léon,Auxerre,G,Stade Brestois 29 vs Auxerre,90,7.9,,0.0,,,26,20.0,,,,,,0,0,1.0,1.0
20542,Donovan Léon,Auxerre,G,Lens vs Auxerre,90,8.2,,0.0,,,50,27.0,,,,,,0,0,,
20542,Donovan Léon,Auxerre,G,Auxerre vs Paris Saint Germain,90,8.3,,0.0,,,32,12.0,,,,,,0,0,,
20542,Donovan Léon,Auxerre,G,Toulouse vs Auxerre,90,7,,0.0,,,31,12.0,,,,,1.0,0,0,1.0,1.0
20542,Donovan Léon,Auxerre,G,Auxerre vs Paris FC,90,8.7,,0.0,,,27,14.0,,,,,,0,0,1.0,1.0
20542,Donovan Léon,Auxerre,G,Metz vs Auxerre,90,7.3,,0.0,,,21,8.0,,,,,,0,0,,
20542,Donovan Léon,Auxerre,G,Auxerre vs Rennes,90,5.9,,0.0,,,25,10.0,,,,,,0,0,,
191240,Marvin Senaya,Auxerre,D,Auxerre vs Lorient,90,7.3,,0.0,2.0,1.0,21,15.0,,6.0,1.0,3.0,3.0,1,0,10.0,16.0
191240,Marvin Senaya,Auxerre,D,Nice vs Auxerre,73,6.7,,0.0,,,21,18.0,,1.0,,2.0,2.0,1,0,4.0,9.0
191240,Marvin Senaya,Auxerre,D,Nantes vs Auxerre,90,7.5,,0.0,,,36,28.0,,3.0,3.0,,2.0,0,0,10.0,12.0
191240,Marvin Senaya,Auxerre,D,Auxerre vs Monaco,90,6.9,,0.0,,,24,14.0,,1.0,3.0,1.0,4.0,0,0,7.0,10.0
191240,Marvin Senaya,Auxerre,D,Auxerre vs Toulouse,90,7.6,,0.0,,,29,23.0,,4.0,2.0,1.0,4.0,0,0,12.0,18.0
191240,Marvin Senaya,Auxerre,D,Paris Saint Germain vs Auxerre,90,6.9,,0.0,,,22,16.0,,5.0,1.0,1.0,1.0,1,0,8.0,12.0
191240,Marvin Senaya,Auxerre,D,Auxerre vs Lens,90,5.9,,0.0,1.0,1.0,57,47.0,,,3.0,1.0,1.0,0,0,3.0,6.0
191240,Marvin Senaya,Auxerre,D,Rennes vs Auxerre,90,6.2,,0.0,,,44,33.0,,1.0,,1.0,1.0,0,0,3.0,5.0
191240,Marvin Senaya,Auxerre,D,Auxerre vs Le Havre,82,6.7,,0.0,,,24,17.0,,1.0,1.0,,2.0,0,0,4.0,5.0
191240,Marvin Senaya,Auxerre,D,Strasbourg vs Auxerre,90,6.5,,0.0,1.0,,39,32.0,,4.0,1.0,1.0,1.0,0,0,6.0,11.0
191240,Marvin Senaya,Auxerre,D,Auxerre vs Marseille,83,6.7,,0.0,,,40,34.0,,1.0,1.0,2.0,,0,0,3.0,6.0
191240,Marvin Senaya,Auxerre,D,Angers vs Auxerre,83,6.3,,0.0,1.0,1.0,33,19.0,,4.0,3.0,,1.0,0,0,5.0,8.0
191240,Marvin Senaya,Auxerre,D,Stade Brestois 29 vs Auxerre,90,7.2,,0.0,,,56,51.0,,4.0,,1.0,1.0,0,0,8.0,15.0
191240,Marvin Senaya,Auxerre,D,Lens vs Auxerre,76,6.2,,0.0,,,30,25.0,,,4.0,3.0,2.0,1,0,3.0,11.0
191240,Marvin Senaya,Auxerre,D,Auxerre vs Paris Saint Germain,90,6.5,,0.0,,,21,14.0,,2.0,,,,0,0,4.0,9.0
191240,Marvin Senaya,Auxerre,D,Metz vs Auxerre,8,6.5,,0.0,,,1,1.0,,,1.0,,,0,0,1.0,1.0
191240,Marvin Senaya,Auxerre,D,Auxerre vs Rennes,45,7.6,,0.0,,,14,9.0,,3.0,2.0,2.0,,0,0,4.0,8.0
20206,Gabriel Osho,Auxerre,D,Auxerre vs Lorient,90,7.3,,0.0,,,48,43.0,,2.0,1.0,2.0,1.0,0,0,4.0,8.0
20206,Gabriel Osho,Auxerre,D,Nice vs Auxerre,45,6.2,,0.0,,,26,26.0,,1.0,,,,0,0,2.0,3.0
31016,Francisco Sierralta,Auxerre,D,Auxerre vs Lorient,90,7,,0.0,,,55,51.0,,1.0,2.0,,,0,0,4.0,8.0
31016,Francisco Sierralta,Auxerre,D,Nice vs Auxerre,90,6.3,,0.0,,,53,50.0,,1.0,1.0,2.0,1.0,1,0,2.0,5.0
31016,Francisco Sierralta,Auxerre,D,Nantes vs Auxerre,72,6.5,,0.0,,,49,42.0,,1.0,,2.0,,0,0,5.0,8.0
31016,Francisco Sierralta,Auxerre,D,Auxerre vs Toulouse,90,7.9,,0.0,,,37,32.0,,2.0,1.0,,1.0,0,0,7.0,9.0
31016,Francisco Sierralta,Auxerre,D,Paris Saint Germain vs Auxerre,90,6.9,,0.0,,,30,25.0,,1.0,1.0,,2.0,0,0,8.0,9.0
31016,Francisco Sierralta,Auxerre,D,Auxerre vs Lens,84,7.2,1.0,0.0,2.0,1.0,52,48.0,,1.0,1.0,,,0,0,5.0,8.0
31016,Francisco Sierralta,Auxerre,D,Rennes vs Auxerre,90,6.6,,0.0,,,34,31.0,,1.0,,,,0,0,6.0,7.0
31016,Francisco Sierralta,Auxerre,D,Auxerre vs Le Havre,90,7.3,,0.0,1.0,,31,26.0,,3.0,,1.0,,0,0,9.0,13.0
31016,Francisco Sierralta,Auxerre,D,Strasbourg vs Auxerre,76,6.2,,0.0,,,24,23.0,,,,1.0,,0,0,2.0,3.0
31016,Francisco Sierralta,Auxerre,D,Angers vs Auxerre,90,6.5,,0.0,1.0,1.0,40,35.0,,3.0,2.0,2.0,1.0,1,0,5.0,7.0
191189,Clement Akpa,Auxerre,D,Auxerre vs Lorient,90,7.9,,0.0,,,56,46.0,,2.0,2.0,,2.0,0,0,6.0,8.0
191189,Clement Akpa,Auxerre,D,Nice vs Auxerre,90,6,,0.0,,,57,41.0,,1.0,1.0,,2.0,0,0,7.0,7.0
191189,Clement Akpa,Auxerre,D,Nantes vs Auxerre,90,6.9,,0.0,,,67,64.0,,,,,1.0,0,0,2.0,7.0
191189,Clement Akpa,Auxerre,D,Auxerre vs Toulouse,25,6.9,,0.0,,,6,4.0,,,,,,0,0,2.0,2.0
191189,Clement Akpa,Auxerre,D,Paris Saint Germain vs Auxerre,65,6.6,,0.0,,,23,20.0,,2.0,,1.0,2.0,0,0,5.0,6.0
191189,Clement Akpa,Auxerre,D,Auxerre vs Lens,90,7.3,,0.0,2.0,,64,54.0,,5.0,2.0,,4.0,0,0,11.0,13.0
191189,Clement Akpa,Auxerre,D,Rennes vs Auxerre,90,6.3,,0.0,,,58,41.0,,3.0,,1.0,1.0,1,0,8.0,13.0
191189,Clement Akpa,Auxerre,D,Auxerre vs Le Havre,90,7,,0.0,,,32,26.0,,,,,3.0,0,0,4.0,5.0
191189,Clement Akpa,Auxerre,D,Strasbourg vs Auxerre,90,5.7,,0.0,1.0,,49,39.0,,,1.0,1.0,1.0,0,0,1.0,2.0
191189,Clement Akpa,Auxerre,D,Auxerre vs Marseille,90,6.9,,0.0,,,67,57.0,,1.0,1.0,,3.0,0,0,9.0,12.0
191189,Clement Akpa,Auxerre,D,Angers vs Auxerre,90,6.2,,0.0,,,63,54.0,,1.0,1.0,,1.0,0,0,3.0,6.0
191189,Clement Akpa,Auxerre,D,Auxerre vs Lyon,90,7.3,,0.0,,,21,17.0,,2.0,,,,0,0,4.0,4.0
191189,Clement Akpa,Auxerre,D,Paris FC vs Auxerre,90,6.7,,0.0,,,68,56.0,,,1.0,1.0,1.0,0,0,2.0,2.0
191189,Clement Akpa,Auxerre,D,Auxerre vs Metz,90,6.9,,0.0,,,48,40.0,,2.0,,,1.0,0,0,5.0,6.0
191189,Clement Akpa,Auxerre,D,Auxerre vs Lille,60,5.6,,0.0,,,34,29.0,,1.0,,3.0,,2,1,1.0,5.0
191189,Clement Akpa,Auxerre,D,Lens vs Auxerre,90,6.9,,0.0,,,45,33.0,,2.0,3.0,2.0,1.0,1,0,6.0,10.0
191189,Clement Akpa,Auxerre,D,Auxerre vs Paris Saint Germain,90,6.7,,0.0,,,28,23.0,,1.0,4.0,1.0,,0,0,2.0,6.0
191189,Clement Akpa,Auxerre,D,Toulouse vs Auxerre,90,6.9,,0.0,,,57,41.0,,2.0,1.0,,,0,0,3.0,7.0
191189,Clement Akpa,Auxerre,D,Auxerre vs Paris FC,90,7.2,,0.0,,,55,40.0,,1.0,,,1.0,0,0,7.0,9.0
191189,Clement Akpa,Auxerre,D,Metz vs Auxerre,90,7,,0.0,,,33,26.0,,1.0,1.0,1.0,3.0,0,0,7.0,10.0
191189,Clement Akpa,Auxerre,D,Auxerre vs Rennes,45,6.5,,0.0,,,23,18.0,,2.0,2.0,,2.0,0,0,4.0,5.0
7578,Gideon Mensah,Auxerre,D,Auxerre vs Lorient,89,6.9,,0.0,,,32,24.0,,2.0,,1.0,1.0,0,0,4.0,7.0
7578,Gideon Mensah,Auxerre,D,Nice vs Auxerre,73,6.3,,0.0,,,27,23.0,,1.0,,1.0,,0,0,2.0,5.0
7578,Gideon Mensah,Auxerre,D,Nantes vs Auxerre,84,6.9,,0.0,1.0,,47,40.0,,1.0,,,,0,0,2.0,2.0
7578,Gideon Mensah,Auxerre,D,Auxerre vs Monaco,90,7.6,,0.0,,,38,33.0,,3.0,5.0,1.0,5.0,0,0,9.0,12.0
7578,Gideon Mensah,Auxerre,D,Auxerre vs Toulouse,90,7.3,,0.0,,,38,31.0,,2.0,1.0,1.0,2.0,1,0,5.0,7.0
7578,Gideon Mensah,Auxerre,D,Paris Saint Germain vs Auxerre,90,6,,0.0,,,43,32.0,,1.0,1.0,,1.0,0,0,3.0,6.0
7578,Gideon Mensah,Auxerre,D,Auxerre vs Lens,90,6.5,,0.0,,,51,42.0,,1.0,,,1.0,1,0,2.0,3.0
7578,Gideon Mensah,Auxerre,D,Rennes vs Auxerre,90,6.2,,0.0,,,39,32.0,,4.0,3.0,3.0,1.0,0,0,6.0,14.0
7578,Gideon Mensah,Auxerre,D,Auxerre vs Le Havre,87,6.9,,0.0,,,49,43.0,,1.0,1.0,4.0,,0,0,5.0,12.0
7578,Gideon Mensah,Auxerre,D,Auxerre vs Marseille,69,6.3,,0.0,,,27,27.0,,1.0,,1.0,,0,0,2.0,7.0
7578,Gideon Mensah,Auxerre,D,Angers vs Auxerre,13,6.9,,0.0,,,21,20.0,,,,,1.0,0,0,2.0,2.0
7578,Gideon Mensah,Auxerre,D,Auxerre vs Lyon,84,7.6,,0.0,,,25,20.0,,2.0,2.0,2.0,2.0,1,0,4.0,7.0
7578,Gideon Mensah,Auxerre,D,Paris FC vs Auxerre,90,6.6,,0.0,,,36,29.0,,4.0,2.0,2.0,3.0,0,0,7.0,12.0
7578,Gideon Mensah,Auxerre,D,Auxerre vs Metz,17,6.9,,0.0,,,4,4.0,,1.0,,1.0,2.0,1,0,3.0,4.0
7578,Gideon Mensah,Auxerre,D,Auxerre vs Lille,9,6.3,,0.0,,,9,8.0,,,1.0,,,0,0,,1.0
7578,Gideon Mensah,Auxerre,D,Stade Brestois 29 vs Auxerre,76,6.7,,0.0,,,46,37.0,,1.0,,2.0,2.0,1,0,5.0,10.0
7578,Gideon Mensah,Auxerre,D,Auxerre vs Paris Saint Germain,90,7,,0.0,,,35,28.0,,3.0,2.0,1.0,1.0,0,0,5.0,7.0
7578,Gideon Mensah,Auxerre,D,Toulouse vs Auxerre,85,6.3,,0.0,,,46,37.0,,1.0,,2.0,,0,0,2.0,11.0
7578,Gideon Mensah,Auxerre,D,Auxerre vs Paris FC,90,6.9,,0.0,,,50,42.0,,1.0,1.0,1.0,,0,0,1.0,5.0
7578,Gideon Mensah,Auxerre,D,Auxerre vs Rennes,45,6.9,,0.0,,,20,13.0,,2.0,,,3.0,0,0,5.0,9.0
174915,Josué Casimir,Auxerre,M,Auxerre vs Lorient,82,6,,0.0,2.0,1.0,17,11.0,,,,2.0,2.0,0,0,4.0,7.0
174915,Josué Casimir,Auxerre,M,Nice vs Auxerre,90,7,,0.0,2.0,2.0,24,18.0,,6.0,1.0,2.0,1.0,0,0,11.0,18.0
174915,Josué Casimir,Auxerre,M,Nantes vs Auxerre,72,6.3,,0.0,1.0,1.0,18,15.0,,1.0,,1.0,2.0,0,0,3.0,12.0
174915,Josué Casimir,Auxerre,M,Auxerre vs Monaco,68,6.3,,0.0,1.0,,18,11.0,,3.0,3.0,1.0,,2,1,6.0,9.0
174915,Josué Casimir,Auxerre,M,Paris Saint Germain vs Auxerre,90,6.6,,0.0,1.0,,23,21.0,,2.0,,1.0,3.0,0,0,5.0,10.0
174915,Josué Casimir,Auxerre,M,Auxerre vs Lens,90,6.2,,0.0,,,44,33.0,,1.0,,3.0,3.0,0,0,5.0,13.0
174915,Josué Casimir,Auxerre,M,Rennes vs Auxerre,68,6.2,,0.0,,,23,16.0,,2.0,,1.0,1.0,1,0,4.0,5.0
174915,Josué Casimir,Auxerre,M,Auxerre vs Le Havre,68,6.7,,0.0,1.0,1.0,25,20.0,,,,2.0,1.0,0,0,3.0,8.0
174915,Josué Casimir,Auxerre,M,Strasbourg vs Auxerre,90,6.2,,0.0,1.0,,36,32.0,,1.0,2.0,2.0,2.0,0,0,5.0,12.0
174915,Josué Casimir,Auxerre,M,Auxerre vs Marseille,69,6.7,,0.0,,,21,16.0,,1.0,,1.0,2.0,0,0,4.0,5.0
174915,Josué Casimir,Auxerre,M,Angers vs Auxerre,45,6.5,,0.0,,,19,16.0,,,,2.0,,0,0,,2.0
174915,Josué Casimir,Auxerre,M,Auxerre vs Lyon,18,6.5,,0.0,,,5,1.0,,,,,,0,0,,1.0
174915,Josué Casimir,Auxerre,M,Paris FC vs Auxerre,9,6.5,,0.0,,,1,1.0,,,,1.0,,0,0,,1.0
174915,Josué Casimir,Auxerre,M,Auxerre vs Metz,17,6.9,,0.0,,,4,3.0,,,,,,0,0,2.0,3.0
174915,Josué Casimir,Auxerre,M,Auxerre vs Lille,63,6.9,,0.0,2.0,2.0,15,15.0,,,1.0,2.0,1.0,1,0,3.0,5.0
174915,Josué Casimir,Auxerre,M,Stade Brestois 29 vs Auxerre,76,7,,0.0,,,27,23.0,,1.0,,1.0,3.0,0,0,7.0,10.0
174915,Josué Casimir,Auxerre,M,Lens vs Auxerre,14,6.7,,0.0,,,4,3.0,,,,2.0,2.0,0,0,3.0,6.0
174915,Josué Casimir,Auxerre,M,Toulouse vs Auxerre,17,6.3,,0.0,,,7,4.0,,,,,,0,0,1.0,2.0
174915,Josué Casimir,Auxerre,M,Auxerre vs Paris FC,61,6.9,,0.0,,,18,14.0,,3.0,2.0,,,0,0,6.0,8.0
174915,Josué Casimir,Auxerre,M,Metz vs Auxerre,18,6.7,,0.0,,,9,7.0,,1.0,,1.0,,1,0,1.0,2.0
174915,Josué Casimir,Auxerre,M,Auxerre vs Rennes,45,6.7,,0.0,2.0,1.0,11,9.0,,,,3.0,1.0,0,0,1.0,2.0
21010,Elisha Owusu,Auxerre,M,Auxerre vs Lorient,90,7.2,,0.0,,,26,19.0,,4.0,1.0,2.0,2.0,1,0,9.0,11.0
21010,Elisha Owusu,Auxerre,M,Nice vs Auxerre,90,6.6,,0.0,1.0,,33,28.0,,3.0,1.0,1.0,1.0,0,0,5.0,9.0
21010,Elisha Owusu,Auxerre,M,Nantes vs Auxerre,88,6.7,,0.0,,,34,29.0,,,2.0,,,0,0,,1.0
21010,Elisha Owusu,Auxerre,M,Auxerre vs Monaco,90,6.9,,0.0,1.0,,26,21.0,,5.0,1.0,2.0,,1,0,5.0,11.0
21010,Elisha Owusu,Auxerre,M,Auxerre vs Toulouse,90,7.3,,0.0,,,27,22.0,,5.0,,2.0,,0,0,6.0,12.0
21010,Elisha Owusu,Auxerre,M,Paris Saint Germain vs Auxerre,87,6.3,,0.0,,,30,23.0,,3.0,3.0,3.0,1.0,0,0,4.0,9.0
21010,Elisha Owusu,Auxerre,M,Auxerre vs Lens,76,7,,0.0,,,49,40.0,,3.0,,2.0,,1,0,4.0,10.0
21010,Elisha Owusu,Auxerre,M,Rennes vs Auxerre,22,6.7,,0.0,,,7,5.0,,1.0,,,,0,0,1.0,2.0
21010,Elisha Owusu,Auxerre,M,Auxerre vs Le Havre,45,6.3,,0.0,,,11,9.0,,,,1.0,,0,0,,4.0
21010,Elisha Owusu,Auxerre,M,Strasbourg vs Auxerre,69,6.5,,0.0,,,20,15.0,,3.0,,2.0,,0,0,3.0,8.0
21010,Elisha Owusu,Auxerre,M,Auxerre vs Marseille,84,6.9,,0.0,,,41,34.0,,,1.0,,1.0,0,0,2.0,2.0
21010,Elisha Owusu,Auxerre,M,Angers vs Auxerre,83,6.6,,0.0,,,39,35.0,,1.0,3.0,1.0,,1,0,2.0,4.0
21010,Elisha Owusu,Auxerre,M,Stade Brestois 29 vs Auxerre,90,6.3,,0.0,,,34,25.0,,3.0,,2.0,,1,0,5.0,10.0
21010,Elisha Owusu,Auxerre,M,Auxerre vs Paris Saint Germain,9,6.7,,0.0,,,4,4.0,,,,1.0,,0,0,,1.0
21010,Elisha Owusu,Auxerre,M,Toulouse vs Auxerre,80,6.3,,0.0,,,34,29.0,,1.0,3.0,3.0,,0,0,2.0,7.0
21010,Elisha Owusu,Auxerre,M,Auxerre vs Paris FC,90,6.6,,0.0,,,42,36.0,,2.0,1.0,1.0,2.0,0,0,4.0,6.0
21010,Elisha Owusu,Auxerre,M,Metz vs Auxerre,90,7.3,,0.0,,,25,24.0,,3.0,2.0,1.0,2.0,0,0,5.0,7.0
21010,Elisha Owusu,Auxerre,M,Auxerre vs Rennes,90,6.7,,0.0,,,34,27.0,,3.0,,2.0,1.0,1,0,5.0,8.0
323625,Kévin Danois,Auxerre,M,Auxerre vs Lorient,90,6.7,,0.0,1.0,,41,38.0,,3.0,,3.0,,0,0,4.0,14.0
323625,Kévin Danois,Auxerre,M,Nice vs Auxerre,90,6.9,,0.0,2.0,2.0,45,39.0,,3.0,,2.0,,0,0,4.0,11.0
323625,Kévin Danois,Auxerre,M,Nantes vs Auxerre,90,6.6,,0.0,,,57,46.0,,2.0,2.0,1.0,,1,0,2.0,9.0
323625,Kévin Danois,Auxerre,M,Auxerre vs Monaco,89,6.3,,0.0,,,36,29.0,,2.0,2.0,2.0,1.0,0,0,3.0,11.0
323625,Kévin Danois,Auxerre,M,Auxerre vs Toulouse,90,7.2,,0.0,,,29,24.0,,2.0,1.0,1.0,,0,0,4.0,7.0
323625,Kévin Danois,Auxerre,M,Paris Saint Germain vs Auxerre,75,6.7,,0.0,1.0,,30,28.0,,3.0,1.0,,,0,0,6.0,12.0
323625,Kévin Danois,Auxerre,M,Auxerre vs Lens,90,7,,0.0,,,72,64.0,,6.0,,,1.0,0,0,8.0,15.0
323625,Kévin Danois,Auxerre,M,Rennes vs Auxerre,68,6.2,,0.0,,,31,26.0,,,,,,0,0,1.0,10.0
323625,Kévin Danois,Auxerre,M,Strasbourg vs Auxerre,21,6.3,,0.0,,,16,14.0,,,,,,0,0,,
323625,Kévin Danois,Auxerre,M,Auxerre vs Marseille,90,7.7,,0.0,,,61,54.0,,3.0,1.0,,,0,0,7.0,8.0
323625,Kévin Danois,Auxerre,M,Angers vs Auxerre,90,6.7,,0.0,2.0,,67,56.0,,1.0,1.0,2.0,2.0,0,0,4.0,8.0
323625,Kévin Danois,Auxerre,M,Auxerre vs Lyon,90,6.6,,0.0,,,31,24.0,,,1.0,1.0,,0,0,,3.0
323625,Kévin Danois,Auxerre,M,Paris FC vs Auxerre,90,6.9,,0.0,2.0,,43,41.0,,1.0,2.0,1.0,1.0,0,0,2.0,6.0
323625,Kévin Danois,Auxerre,M,Auxerre vs Metz,90,8.3,1.0,0.0,2.0,2.0,46,39.0,,4.0,3.0,,1.0,0,0,7.0,12.0
323625,Kévin Danois,Auxerre,M,Auxerre vs Lille,89,6.3,,1.0,,,40,31.0,,,,2.0,,1,0,2.0,7.0
323625,Kévin Danois,Auxerre,M,Stade Brestois 29 vs Auxerre,86,6.3,,0.0,1.0,1.0,57,45.0,,1.0,2.0,,3.0,0,0,4.0,7.0
323625,Kévin Danois,Auxerre,M,Lens vs Auxerre,76,7.2,,0.0,,,39,33.0,,3.0,3.0,2.0,1.0,1,0,6.0,11.0
323625,Kévin Danois,Auxerre,M,Auxerre vs Paris Saint Germain,89,7.2,,0.0,1.0,,32,29.0,,,,,2.0,0,0,5.0,7.0
323625,Kévin Danois,Auxerre,M,Toulouse vs Auxerre,90,6.6,,0.0,1.0,,42,37.0,,2.0,2.0,,1.0,0,0,5.0,11.0
323625,Kévin Danois,Auxerre,M,Auxerre vs Paris FC,90,8,,0.0,,,51,46.0,,2.0,,1.0,1.0,0,0,5.0,10.0
323625,Kévin Danois,Auxerre,M,Metz vs Auxerre,89,8.2,1.0,0.0,1.0,1.0,48,42.0,,2.0,2.0,2.0,1.0,0,0,7.0,10.0
323625,Kévin Danois,Auxerre,M,Auxerre vs Rennes,86,7.2,,0.0,1.0,,48,38.0,,6.0,2.0,1.0,3.0,0,0,10.0,14.0
293643,Ibrahim Osman,Auxerre,M,Auxerre vs Lorient,82,7.3,,1.0,,,13,10.0,,2.0,,1.0,,0,0,6.0,12.0
293643,Ibrahim Osman,Auxerre,M,Nice vs Auxerre,62,6.7,,1.0,1.0,1.0,17,13.0,,,,2.0,,0,0,2.0,10.0
293643,Ibrahim Osman,Auxerre,M,Nantes vs Auxerre,73,6.5,,0.0,1.0,1.0,20,11.0,,,1.0,,2.0,0,0,3.0,6.0
293643,Ibrahim Osman,Auxerre,M,Auxerre vs Monaco,8,6.3,,0.0,1.0,1.0,2,2.0,,1.0,,,,0,0,1.0,2.0
293643,Ibrahim Osman,Auxerre,M,Paris Saint Germain vs Auxerre,16,6.5,,0.0,1.0,,7,6.0,,,,,,0,0,,1.0
293643,Ibrahim Osman,Auxerre,M,Auxerre vs Lens,21,6.5,,0.0,,,10,9.0,,,,,,0,0,,2.0
293643,Ibrahim Osman,Auxerre,M,Rennes vs Auxerre,68,6.3,,0.0,1.0,,17,12.0,,1.0,1.0,,2.0,0,0,3.0,8.0
293643,Ibrahim Osman,Auxerre,M,Auxerre vs Le Havre,8,6.3,,0.0,1.0,,5,5.0,,1.0,,,,0,0,1.0,2.0
293643,Ibrahim Osman,Auxerre,M,Strasbourg vs Auxerre,90,6.5,,0.0,1.0,1.0,19,15.0,,3.0,1.0,2.0,3.0,0,0,7.0,19.0
293643,Ibrahim Osman,Auxerre,M,Auxerre vs Marseille,47,7.2,,0.0,2.0,1.0,19,16.0,,,,1.0,1.0,0,0,3.0,4.0
293643,Ibrahim Osman,Auxerre,M,Angers vs Auxerre,45,6.9,,0.0,2.0,1.0,9,8.0,,1.0,,,3.0,0,0,5.0,6.0
293643,Ibrahim Osman,Auxerre,M,Paris FC vs Auxerre,19,6.2,,0.0,1.0,,6,6.0,,,,1.0,,0,0,,4.0
293643,Ibrahim Osman,Auxerre,M,Stade Brestois 29 vs Auxerre,90,6.6,,0.0,3.0,,20,18.0,,2.0,1.0,,3.0,0,0,6.0,13.0
90617,Lassine Sinayoko,Auxerre,F,Auxerre vs Lorient,88,8.5,1.0,0.0,1.0,1.0,13,10.0,,2.0,,,2.0,0,0,8.0,14.0
90617,Lassine Sinayoko,Auxerre,F,Nice vs Auxerre,73,7.3,1.0,0.0,4.0,3.0,15,11.0,,,,1.0,2.0,0,0,5.0,14.0
90617,Lassine Sinayoko,Auxerre,F,Nantes vs Auxerre,90,6.2,,0.0,1.0,,14,12.0,,,1.0,2.0,1.0,1,0,3.0,10.0
90617,Lassine Sinayoko,Auxerre,F,Auxerre vs Monaco,77,5.9,,0.0,,,14,8.0,,1.0,,2.0,2.0,0,0,3.0,14.0
90617,Lassine Sinayoko,Auxerre,F,Auxerre vs Toulouse,85,6.9,,1.0,2.0,,20,14.0,,3.0,1.0,1.0,5.0,0,0,10.0,20.0
90617,Lassine Sinayoko,Auxerre,F,Paris Saint Germain vs Auxerre,90,6.3,,0.0,1.0,,23,15.0,,1.0,1.0,,2.0,0,0,6.0,14.0
90617,Lassine Sinayoko,Auxerre,F,Auxerre vs Lens,69,6.2,,0.0,1.0,,24,21.0,,1.0,,,1.0,0,0,5.0,12.0
90617,Lassine Sinayoko,Auxerre,F,Rennes vs Auxerre,90,7.3,1.0,0.0,3.0,3.0,27,21.0,,1.0,2.0,,2.0,0,0,3.0,8.0
90617,Lassine Sinayoko,Auxerre,F,Auxerre vs Le Havre,90,6.3,,0.0,,,18,14.0,,,,2.0,,1,0,1.0,8.0
90617,Lassine Sinayoko,Auxerre,F,Strasbourg vs Auxerre,83,6,,0.0,,,21,18.0,,,2.0,2.0,,0,0,,9.0
90617,Lassine Sinayoko,Auxerre,F,Auxerre vs Marseille,90,6.9,,0.0,1.0,,29,19.0,,1.0,,1.0,2.0,0,0,6.0,9.0
90617,Lassine Sinayoko,Auxerre,F,Angers vs Auxerre,77,6.7,,0.0,1.0,1.0,20,18.0,,,,1.0,1.0,0,0,5.0,12.0
90617,Lassine Sinayoko,Auxerre,F,Auxerre vs Lyon,89,6.6,,0.0,4.0,3.0,24,17.0,,,6.0,,,0,0,4.0,7.0
90617,Lassine Sinayoko,Auxerre,F,Paris FC vs Auxerre,85,7,,1.0,1.0,1.0,30,23.0,,,1.0,,,0,0,1.0,7.0
90617,Lassine Sinayoko,Auxerre,F,Auxerre vs Metz,89,7.3,1.0,0.0,2.0,2.0,29,24.0,,1.0,,,2.0,0,0,4.0,8.0
90617,Lassine Sinayoko,Auxerre,F,Auxerre vs Lille,90,9.3,2.0,0.0,6.0,4.0,36,32.0,,6.0,1.0,,,0,0,9.0,12.0
90617,Lassine Sinayoko,Auxerre,F,Lens vs Auxerre,90,7.2,,0.0,1.0,,22,13.0,,1.0,,,2.0,0,0,10.0,14.0
90617,Lassine Sinayoko,Auxerre,F,Auxerre vs Paris Saint Germain,90,6.5,,0.0,2.0,,23,15.0,,1.0,,1.0,1.0,0,0,4.0,8.0
90617,Lassine Sinayoko,Auxerre,F,Toulouse vs Auxerre,90,6.3,,0.0,3.0,1.0,25,19.0,,1.0,1.0,1.0,3.0,1,0,8.0,20.0
90617,Lassine Sinayoko,Auxerre,F,Auxerre vs Paris FC,90,5.9,,0.0,4.0,1.0,22,18.0,,,1.0,1.0,1.0,1,0,1.0,5.0
90617,Lassine Sinayoko,Auxerre,F,Metz vs Auxerre,90,7.2,,1.0,3.0,1.0,49,40.0,,4.0,1.0,2.0,2.0,1,0,9.0,16.0
90617,Lassine Sinayoko,Auxerre,F,Auxerre vs Rennes,90,6.7,,0.0,2.0,1.0,21,12.0,,2.0,1.0,5.0,2.0,0,0,7.0,18.0
322595,Lasso Coulibaly,Auxerre,M,Auxerre vs Lorient,8,6.5,,0.0,,,3,3.0,,,,3.0,,0,0,1.0,5.0
322595,Lasso Coulibaly,Auxerre,M,Nice vs Auxerre,17,6.5,,0.0,,,6,4.0,,,1.0,,,0,0,,
322595,Lasso Coulibaly,Auxerre,M,Nantes vs Auxerre,18,6.6,,0.0,,,7,7.0,,,,1.0,1.0,0,0,2.0,3.0
322595,Lasso Coulibaly,Auxerre,M,Auxerre vs Monaco,25,6.6,,0.0,,,10,8.0,,1.0,,,1.0,0,0,4.0,4.0
322595,Lasso Coulibaly,Auxerre,M,Paris Saint Germain vs Auxerre,25,7.5,,0.0,,,9,7.0,,3.0,1.0,,3.0,0,0,8.0,9.0
322595,Lasso Coulibaly,Auxerre,M,Rennes vs Auxerre,22,6.9,,0.0,,,6,6.0,,1.0,1.0,,,0,0,3.0,3.0
322595,Lasso Coulibaly,Auxerre,M,Auxerre vs Le Havre,22,6.6,,0.0,,,6,5.0,,1.0,,1.0,1.0,0,0,3.0,6.0
322595,Lasso Coulibaly,Auxerre,M,Strasbourg vs Auxerre,21,6.7,,0.0,,,8,5.0,,,,1.0,1.0,0,0,2.0,4.0
322595,Lasso Coulibaly,Auxerre,M,Auxerre vs Marseille,43,6.7,,0.0,1.0,1.0,11,8.0,,,,1.0,2.0,0,0,3.0,6.0
322595,Lasso Coulibaly,Auxerre,M,Auxerre vs Lille,8,6.3,,0.0,,,3,2.0,,,,1.0,,1,0,,2.0
322595,Lasso Coulibaly,Auxerre,M,Stade Brestois 29 vs Auxerre,30,7.2,,0.0,,,9,7.0,,,1.0,,,0,0,3.0,3.0
322595,Lasso Coulibaly,Auxerre,M,Auxerre vs Paris FC,29,6.6,,0.0,1.0,,9,9.0,,,,,,0,0,1.0,2.0
322595,Lasso Coulibaly,Auxerre,M,Metz vs Auxerre,18,6.2,,0.0,,,5,3.0,,,1.0,,1.0,0,0,2.0,6.0
496896,Rudy Matondo,Auxerre,M,Auxerre vs Lorient,8,6.7,,0.0,,,1,1.0,,,,,,0,0,,
496896,Rudy Matondo,Auxerre,M,Nantes vs Auxerre,2,,,0.0,,,7,6.0,,,,,,0,0,,1.0
496896,Rudy Matondo,Auxerre,M,Auxerre vs Monaco,13,6.7,,0.0,,,7,6.0,,1.0,1.0,,,0,0,1.0,2.0
496896,Rudy Matondo,Auxerre,M,Paris Saint Germain vs Auxerre,15,6.6,,0.0,,,15,13.0,,1.0,1.0,1.0,,1,0,2.0,3.0
496896,Rudy Matondo,Auxerre,M,Auxerre vs Lens,14,6.3,,0.0,,,7,6.0,,,,,1.0,0,0,1.0,1.0
496896,Rudy Matondo,Auxerre,M,Auxerre vs Le Havre,22,6.7,,0.0,,,13,11.0,,,,,,0,0,2.0,3.0
496896,Rudy Matondo,Auxerre,M,Strasbourg vs Auxerre,21,6.3,,0.0,,,14,14.0,,,1.0,2.0,,1,0,,3.0
496896,Rudy Matondo,Auxerre,M,Auxerre vs Marseille,12,6.6,,0.0,,,6,6.0,,1.0,,,,0,0,1.0,2.0
496896,Rudy Matondo,Auxerre,M,Angers vs Auxerre,72,7.2,,0.0,1.0,,29,28.0,,2.0,1.0,1.0,4.0,0,0,6.0,9.0
496896,Rudy Matondo,Auxerre,M,Auxerre vs Lyon,90,6.5,,0.0,,,14,8.0,,1.0,,2.0,,0,0,2.0,6.0
496896,Rudy Matondo,Auxerre,M,Paris FC vs Auxerre,90,7,,0.0,,,38,36.0,,3.0,1.0,1.0,1.0,0,0,5.0,10.0
496896,Rudy Matondo,Auxerre,M,Auxerre vs Metz,90,6.5,,0.0,,,21,18.0,,1.0,1.0,2.0,1.0,1,0,2.0,6.0
496896,Rudy Matondo,Auxerre,M,Auxerre vs Lille,45,6.2,,0.0,,,18,15.0,,,,1.0,,0,0,,2.0
496896,Rudy Matondo,Auxerre,M,Stade Brestois 29 vs Auxerre,60,6.2,,0.0,,,25,23.0,,,1.0,1.0,1.0,0,0,3.0,9.0
496896,Rudy Matondo,Auxerre,M,Lens vs Auxerre,14,6.5,,0.0,,,10,9.0,,,,1.0,,0,0,,2.0
496896,Rudy Matondo,Auxerre,M,Auxerre vs Paris Saint Germain,45,6.5,,0.0,,,13,12.0,,,,,1.0,0,0,1.0,2.0
496896,Rudy Matondo,Auxerre,M,Paris FC vs Lens,90,6,,0.0,,,35,22.0,,3.0,,3.0,1.0,1,0,5.0,11.0
51293,Thelonius Bair,Auxerre,F,Auxerre vs Lorient,12,6.7,,0.0,,,3,2.0,,,,,,0,0,2.0,4.0
51293,Thelonius Bair,Auxerre,F,Nantes vs Auxerre,11,6.3,,0.0,,,1,1.0,,,,,,0,0,1.0,1.0
215827,Fredrik Oppegård,Auxerre,D,Auxerre vs Lorient,10,6.9,,0.0,,,2,2.0,,3.0,,1.0,,1,0,3.0,4.0
215827,Fredrik Oppegård,Auxerre,D,Nice vs Auxerre,17,6.9,,0.0,,,7,7.0,,,,,,0,0,,
215827,Fredrik Oppegård,Auxerre,D,Nantes vs Auxerre,17,6.7,,0.0,,,8,7.0,,,,,,0,0,,1.0
215827,Fredrik Oppegård,Auxerre,D,Auxerre vs Monaco,90,6.2,,0.0,,,25,16.0,,3.0,2.0,,,0,0,4.0,8.0
215827,Fredrik Oppegård,Auxerre,D,Auxerre vs Toulouse,64,6.3,,0.0,,,14,10.0,,3.0,,,,0,1,5.0,6.0
215827,Fredrik Oppegård,Auxerre,D,Auxerre vs Le Havre,11,6.6,,0.0,,,1,1.0,,,,,,0,0,,
215827,Fredrik Oppegård,Auxerre,D,Strasbourg vs Auxerre,90,6.9,,0.0,1.0,,29,27.0,,2.0,4.0,1.0,,0,0,2.0,4.0
215827,Fredrik Oppegård,Auxerre,D,Auxerre vs Marseille,21,6.9,,0.0,1.0,1.0,14,13.0,,1.0,,,1.0,0,0,2.0,2.0
215827,Fredrik Oppegård,Auxerre,D,Angers vs Auxerre,90,5.9,,0.0,,,47,43.0,,,1.0,2.0,1.0,0,0,1.0,5.0
215827,Fredrik Oppegård,Auxerre,D,Auxerre vs Lyon,10,7,,0.0,,,2,2.0,,1.0,,,1.0,0,0,2.0,2.0
215827,Fredrik Oppegård,Auxerre,D,Auxerre vs Metz,73,6.2,,0.0,,,19,16.0,,,,,,0,0,,
215827,Fredrik Oppegård,Auxerre,D,Auxerre vs Lille,81,5.9,,0.0,,,25,21.0,,2.0,1.0,2.0,,0,0,2.0,6.0
215827,Fredrik Oppegård,Auxerre,D,Stade Brestois 29 vs Auxerre,14,6.2,,0.0,,,9,8.0,,,,,,0,0,,1.0
215827,Fredrik Oppegård,Auxerre,D,Lens vs Auxerre,90,7,,0.0,,,37,29.0,,5.0,1.0,,,0,0,5.0,6.0
215827,Fredrik Oppegård,Auxerre,D,Auxerre vs Rennes,45,6.7,,0.0,1.0,,15,8.0,,1.0,,,,0,0,2.0,4.0
22241,Bingourou Kamara,Lorient,G,Auxerre vs Lorient,90,6.6,,0.0,,,29,23.0,,,,,,0,0,,
22241,Bingourou Kamara,Lorient,G,Lorient vs Rennes,90,6.9,,0.0,,,11,10.0,,,,,,0,0,,
22241,Bingourou Kamara,Lorient,G,Lorient vs Lille,90,5,,0.0,,,27,20.0,,,,,1.0,0,0,1.0,1.0
162236,Formose Mendy,Lorient,D,Auxerre vs Lorient,90,7,,0.0,,,64,55.0,,3.0,1.0,,3.0,0,0,7.0,11.0
162236,Formose Mendy,Lorient,D,Lorient vs Rennes,45,6.9,,0.0,,,22,19.0,,,2.0,2.0,,1,0,2.0,4.0
50030,Montassar Talbi,Lorient,D,Auxerre vs Lorient,90,7.3,,0.0,2.0,,78,74.0,,3.0,1.0,,2.0,0,0,5.0,8.0
50030,Montassar Talbi,Lorient,D,Lorient vs Rennes,90,7.2,,0.0,,,57,56.0,,,,,,0,0,2.0,3.0
50030,Montassar Talbi,Lorient,D,Lorient vs Lille,90,5,,0.0,,,35,33.0,,,1.0,,,0,0,,6.0
50030,Montassar Talbi,Lorient,D,Marseille vs Lorient,90,6.3,,0.0,,,24,24.0,,1.0,,,,0,0,2.0,2.0
50030,Montassar Talbi,Lorient,D,Le Havre vs Lorient,90,6.6,,0.0,,,30,25.0,,,,1.0,,1,0,5.0,8.0
50030,Montassar Talbi,Lorient,D,Lorient vs Monaco,90,7,,0.0,,,40,38.0,,2.0,,,,0,0,3.0,3.0
50030,Montassar Talbi,Lorient,D,Paris FC vs Lorient,90,6.5,,0.0,1.0,,50,40.0,,,2.0,,1.0,0,0,6.0,7.0
50030,Montassar Talbi,Lorient,D,Lorient vs Stade Brestois 29,90,5.9,,0.0,,,40,34.0,,,3.0,,1.0,0,0,5.0,10.0
50030,Montassar Talbi,Lorient,D,Angers vs Lorient,90,6.3,,0.0,,,78,69.0,,1.0,,,1.0,0,0,4.0,9.0
50030,Montassar Talbi,Lorient,D,Lorient vs Paris Saint Germain,90,7.3,,0.0,,,24,19.0,,2.0,2.0,,,0,0,3.0,4.0
50030,Montassar Talbi,Lorient,D,Lens vs Lorient,90,7.2,,0.0,,,51,45.0,,1.0,1.0,,1.0,0,0,2.0,3.0
50030,Montassar Talbi,Lorient,D,Lorient vs Toulouse,90,7.3,,0.0,,,58,48.0,,1.0,,,,0,0,3.0,6.0
50030,Montassar Talbi,Lorient,D,Nantes vs Lorient,90,7.3,,0.0,,,49,45.0,,,,,1.0,0,0,5.0,5.0
50030,Montassar Talbi,Lorient,D,Lorient vs Nice,90,7.7,,0.0,,,53,48.0,,1.0,1.0,,2.0,0,0,7.0,11.0
50030,Montassar Talbi,Lorient,D,Lorient vs Lyon,90,6.9,,0.0,1.0,,17,14.0,,,1.0,2.0,1.0,0,0,4.0,8.0
50030,Montassar Talbi,Lorient,D,Strasbourg vs Lorient,90,7.3,,0.0,,,51,47.0,,,2.0,,,0,0,6.0,8.0
50030,Montassar Talbi,Lorient,D,Monaco vs Lorient,90,6.9,,0.0,1.0,,35,31.0,,,1.0,,1.0,0,0,3.0,5.0
50030,Montassar Talbi,Lorient,D,Rennes vs Lorient,90,7.5,,1.0,,,19,13.0,,,1.0,,,0,0,2.0,4.0
50030,Montassar Talbi,Lorient,D,Lorient vs Nantes,90,6.6,,0.0,,,93,83.0,,1.0,1.0,,,0,0,5.0,12.0
50030,Montassar Talbi,Lorient,D,Stade Brestois 29 vs Lorient,90,6.2,,0.0,2.0,2.0,58,52.0,,,2.0,,,0,0,3.0,5.0
50030,Montassar Talbi,Lorient,D,Lorient vs Angers,90,7.5,,0.0,,,104,96.0,,2.0,,,,0,0,3.0,5.0
50030,Montassar Talbi,Lorient,D,Nice vs Lorient,90,6.3,,0.0,,,65,52.0,,,1.0,1.0,,1,0,8.0,14.0
1031,Igor Silva,Lorient,D,Auxerre vs Lorient,90,6.2,,0.0,,,55,48.0,,,2.0,3.0,2.0,1,0,5.0,10.0
1031,Igor Silva,Lorient,D,Lorient vs Rennes,90,7.5,,0.0,,,62,54.0,,2.0,1.0,,1.0,0,0,3.0,3.0
1031,Igor Silva,Lorient,D,Lorient vs Lille,90,5.9,,0.0,1.0,,41,36.0,,1.0,2.0,1.0,,0,0,2.0,3.0
1031,Igor Silva,Lorient,D,Angers vs Lorient,45,6.7,,0.0,,,31,31.0,,2.0,1.0,,,0,0,2.0,4.0
1031,Igor Silva,Lorient,D,Lorient vs Paris Saint Germain,90,7.6,1.0,0.0,1.0,1.0,21,16.0,,1.0,1.0,,3.0,0,0,6.0,12.0
1031,Igor Silva,Lorient,D,Lens vs Lorient,90,6,,0.0,,,37,33.0,,,1.0,,1.0,0,0,1.0,2.0
1031,Igor Silva,Lorient,D,Lorient vs Toulouse,90,6.9,,0.0,1.0,,36,33.0,,1.0,1.0,,3.0,0,0,5.0,7.0
1031,Igor Silva,Lorient,D,Lorient vs Metz,90,7.3,,0.0,,,57,44.0,,1.0,1.0,,,0,0,4.0,5.0
1031,Igor Silva,Lorient,D,Monaco vs Lorient,89,6.9,,0.0,,,21,20.0,,2.0,1.0,2.0,1.0,0,0,7.0,16.0
1031,Igor Silva,Lorient,D,Rennes vs Lorient,74,6.6,,0.0,1.0,,22,15.0,,,1.0,,1.0,0,0,1.0,2.0
1031,Igor Silva,Lorient,D,Lorient vs Nantes,90,7,,0.0,,,53,51.0,,1.0,,2.0,3.0,0,0,5.0,6.0
1031,Igor Silva,Lorient,D,Lorient vs Angers,90,8.2,,0.0,,,68,60.0,,6.0,,,2.0,0,0,9.0,10.0
1031,Igor Silva,Lorient,D,Nice vs Lorient,90,5.9,,0.0,1.0,,40,33.0,,1.0,1.0,,1.0,0,0,3.0,5.0
158551,Joel Mugisha Mvuka,Lorient,M,Auxerre vs Lorient,65,6.5,,0.0,,,17,13.0,,2.0,1.0,2.0,,0,0,3.0,9.0
158551,Joel Mugisha Mvuka,Lorient,M,Lorient vs Lille,75,6.2,,0.0,,,25,19.0,,3.0,1.0,1.0,2.0,0,0,5.0,9.0
158551,Joel Mugisha Mvuka,Lorient,M,Marseille vs Lorient,74,6.5,,0.0,1.0,,18,15.0,,,1.0,,2.0,0,0,3.0,4.0
158551,Joel Mugisha Mvuka,Lorient,M,Le Havre vs Lorient,16,6.9,,0.0,,,5,4.0,,1.0,1.0,,,0,0,3.0,4.0
158551,Joel Mugisha Mvuka,Lorient,M,Lorient vs Monaco,16,6.2,,0.0,,,6,5.0,,1.0,1.0,,1.0,0,0,2.0,4.0
158551,Joel Mugisha Mvuka,Lorient,M,Paris FC vs Lorient,13,6.9,,0.0,,,0,,,,,,2.0,0,0,3.0,4.0
158551,Joel Mugisha Mvuka,Lorient,M,Lorient vs Stade Brestois 29,14,6.2,,0.0,,,5,3.0,,,,,,0,0,,3.0
158551,Joel Mugisha Mvuka,Lorient,M,Lorient vs Paris Saint Germain,77,6.9,,0.0,1.0,1.0,13,8.0,,7.0,1.0,,1.0,0,0,8.0,10.0
158551,Joel Mugisha Mvuka,Lorient,M,Lens vs Lorient,15,6.2,,0.0,,,2,2.0,,,,,,0,0,,
158551,Joel Mugisha Mvuka,Lorient,M,Lorient vs Toulouse,80,6.3,,0.0,1.0,,15,11.0,,5.0,,1.0,,0,0,6.0,10.0
158551,Joel Mugisha Mvuka,Lorient,M,Lorient vs Nice,11,7.7,,0.0,1.0,,8,8.0,,,,,2.0,0,0,2.0,3.0
158551,Joel Mugisha Mvuka,Lorient,M,Strasbourg vs Lorient,24,6.3,,0.0,,,10,9.0,,,,,,0,0,,3.0
158551,Joel Mugisha Mvuka,Lorient,M,Lorient vs Metz,90,6.7,,0.0,2.0,,19,16.0,,3.0,1.0,,1.0,0,0,4.0,6.0
402265,Arthur Avom Ebong,Lorient,M,Auxerre vs Lorient,90,7,,0.0,,,50,45.0,,2.0,,,2.0,0,0,5.0,8.0
402265,Arthur Avom Ebong,Lorient,M,Lorient vs Rennes,90,7.3,,1.0,4.0,,53,44.0,,,3.0,1.0,1.0,0,0,4.0,8.0
402265,Arthur Avom Ebong,Lorient,M,Lorient vs Lille,82,6.7,,0.0,,,27,25.0,,1.0,3.0,2.0,2.0,1,0,4.0,6.0
402265,Arthur Avom Ebong,Lorient,M,Marseille vs Lorient,28,6.9,,0.0,,,16,15.0,,3.0,,,,0,0,5.0,6.0
402265,Arthur Avom Ebong,Lorient,M,Le Havre vs Lorient,90,6.9,,0.0,1.0,1.0,37,30.0,,3.0,2.0,2.0,3.0,1,0,7.0,11.0
402265,Arthur Avom Ebong,Lorient,M,Lorient vs Monaco,83,7.9,,0.0,,,46,40.0,,1.0,2.0,,1.0,0,0,4.0,8.0
402265,Arthur Avom Ebong,Lorient,M,Paris FC vs Lorient,90,7.2,,0.0,,,43,36.0,,1.0,2.0,,3.0,0,0,7.0,9.0
402265,Arthur Avom Ebong,Lorient,M,Lorient vs Stade Brestois 29,90,6.9,,0.0,1.0,,43,41.0,,3.0,1.0,3.0,3.0,0,0,7.0,18.0
402265,Arthur Avom Ebong,Lorient,M,Angers vs Lorient,90,6.9,,0.0,1.0,,72,58.0,,5.0,1.0,1.0,2.0,0,0,8.0,19.0
402265,Arthur Avom Ebong,Lorient,M,Lorient vs Paris Saint Germain,21,6.9,,0.0,1.0,,8,5.0,,1.0,2.0,1.0,,0,0,2.0,3.0
402265,Arthur Avom Ebong,Lorient,M,Lens vs Lorient,65,6.3,,0.0,,,43,33.0,,3.0,2.0,1.0,1.0,1,0,4.0,7.0
402265,Arthur Avom Ebong,Lorient,M,Lorient vs Toulouse,90,7.2,,0.0,,,56,47.0,,5.0,1.0,1.0,2.0,0,0,8.0,12.0
402265,Arthur Avom Ebong,Lorient,M,Nantes vs Lorient,90,7.2,,0.0,1.0,,58,45.0,,,1.0,,3.0,0,0,4.0,5.0
402265,Arthur Avom Ebong,Lorient,M,Lorient vs Nice,90,6.9,,0.0,,,69,64.0,,2.0,1.0,,,0,0,3.0,6.0
402265,Arthur Avom Ebong,Lorient,M,Lorient vs Lyon,90,7.7,,0.0,,,45,42.0,,2.0,,,3.0,0,0,6.0,8.0
402265,Arthur Avom Ebong,Lorient,M,Strasbourg vs Lorient,90,6.9,,0.0,,,33,26.0,,1.0,,,4.0,0,0,5.0,8.0
402265,Arthur Avom Ebong,Lorient,M,Rennes vs Lorient,27,7.2,,0.0,,,4,1.0,,,,,1.0,0,0,1.0,3.0
402265,Arthur Avom Ebong,Lorient,M,Lorient vs Nantes,24,6.6,,0.0,,,11,7.0,,3.0,,1.0,,0,0,3.0,6.0
402265,Arthur Avom Ebong,Lorient,M,Stade Brestois 29 vs Lorient,80,7.3,,0.0,,,65,52.0,,3.0,1.0,,,0,0,5.0,9.0
402265,Arthur Avom Ebong,Lorient,M,Lorient vs Angers,23,6.5,,0.0,,,18,15.0,,,,,,0,0,1.0,3.0
20917,Laurent Abergel,Lorient,M,Auxerre vs Lorient,90,6.7,,0.0,1.0,1.0,71,62.0,,3.0,,2.0,2.0,0,0,7.0,12.0
20917,Laurent Abergel,Lorient,M,Lorient vs Rennes,90,8,,0.0,1.0,,77,69.0,,2.0,1.0,3.0,1.0,1,0,3.0,10.0
20917,Laurent Abergel,Lorient,M,Lorient vs Lille,90,6.2,,0.0,,,58,51.0,,2.0,,3.0,1.0,1,0,3.0,7.0
20917,Laurent Abergel,Lorient,M,Marseille vs Lorient,90,6.3,,0.0,,,58,52.0,,1.0,1.0,1.0,1.0,0,0,3.0,6.0
20917,Laurent Abergel,Lorient,M,Le Havre vs Lorient,90,6.7,,0.0,,,58,49.0,,2.0,1.0,1.0,,1,0,4.0,10.0
20917,Laurent Abergel,Lorient,M,Lorient vs Monaco,90,7.3,,0.0,,,75,69.0,,1.0,,,1.0,0,0,3.0,3.0
20917,Laurent Abergel,Lorient,M,Paris FC vs Lorient,90,6.9,,0.0,1.0,,65,56.0,,2.0,,,1.0,0,0,3.0,5.0
20917,Laurent Abergel,Lorient,M,Lorient vs Stade Brestois 29,90,6.6,,0.0,,,53,41.0,,,1.0,1.0,1.0,0,0,3.0,6.0
20917,Laurent Abergel,Lorient,M,Angers vs Lorient,78,6.9,,0.0,,,75,68.0,,1.0,,1.0,,0,0,2.0,5.0
20917,Laurent Abergel,Lorient,M,Lorient vs Paris Saint Germain,90,7,,0.0,,,22,19.0,,2.0,1.0,,1.0,0,0,4.0,8.0
20917,Laurent Abergel,Lorient,M,Lens vs Lorient,90,7,,0.0,1.0,1.0,79,74.0,,3.0,1.0,2.0,1.0,1,0,4.0,9.0
20917,Laurent Abergel,Lorient,M,Lorient vs Toulouse,60,6.6,,0.0,,,30,22.0,,1.0,2.0,,,0,0,3.0,5.0
20917,Laurent Abergel,Lorient,M,Lorient vs Nice,90,7.9,1.0,0.0,1.0,1.0,53,48.0,,1.0,2.0,1.0,,0,0,2.0,6.0
20917,Laurent Abergel,Lorient,M,Lorient vs Lyon,89,6.9,,0.0,,,33,26.0,,,2.0,2.0,1.0,1,0,2.0,4.0
20917,Laurent Abergel,Lorient,M,Strasbourg vs Lorient,90,7.7,,0.0,2.0,1.0,76,69.0,,2.0,1.0,,,0,0,3.0,4.0
20917,Laurent Abergel,Lorient,M,Lorient vs Metz,74,6.3,,0.0,1.0,1.0,39,33.0,,,,,1.0,0,0,2.0,5.0
20917,Laurent Abergel,Lorient,M,Monaco vs Lorient,90,6.6,,0.0,,,60,51.0,,1.0,2.0,1.0,1.0,0,0,3.0,7.0
20917,Laurent Abergel,Lorient,M,Rennes vs Lorient,90,7.2,,0.0,,,36,31.0,,2.0,2.0,1.0,1.0,0,0,4.0,9.0
20917,Laurent Abergel,Lorient,M,Lorient vs Nantes,85,7.3,,0.0,,,108,98.0,,4.0,1.0,2.0,1.0,1,0,5.0,8.0
20917,Laurent Abergel,Lorient,M,Stade Brestois 29 vs Lorient,90,7,,0.0,2.0,,83,73.0,,1.0,,1.0,2.0,0,0,4.0,9.0
20917,Laurent Abergel,Lorient,M,Lorient vs Angers,90,6.3,,0.0,,,96,87.0,,,3.0,,,0,0,1.0,3.0
20917,Laurent Abergel,Lorient,M,Nice vs Lorient,90,7,,0.0,1.0,,88,79.0,,,,1.0,2.0,0,0,4.0,6.0
402386,Arsène Kouassi,Lorient,M,Auxerre vs Lorient,75,6.6,,0.0,,,18,14.0,,,,,2.0,0,0,3.0,8.0
402386,Arsène Kouassi,Lorient,M,Lorient vs Rennes,73,7.7,,1.0,,,31,29.0,,,1.0,1.0,1.0,1,0,5.0,7.0
402386,Arsène Kouassi,Lorient,M,Lorient vs Lille,82,6.3,,0.0,,,21,17.0,,,1.0,,1.0,0,0,3.0,4.0
402386,Arsène Kouassi,Lorient,M,Marseille vs Lorient,76,6,,0.0,,,19,15.0,,2.0,1.0,,1.0,0,0,4.0,6.0
402386,Arsène Kouassi,Lorient,M,Le Havre vs Lorient,90,7.5,,0.0,,,32,27.0,,4.0,,1.0,2.0,0,0,8.0,12.0
402386,Arsène Kouassi,Lorient,M,Lorient vs Monaco,90,8.3,,0.0,,,40,33.0,,,1.0,2.0,2.0,0,0,6.0,10.0
402386,Arsène Kouassi,Lorient,M,Paris FC vs Lorient,77,6.5,,0.0,,,35,33.0,,,,,1.0,1,0,1.0,2.0
402386,Arsène Kouassi,Lorient,M,Lorient vs Stade Brestois 29,83,8.2,1.0,1.0,1.0,1.0,25,22.0,,,,1.0,1.0,0,0,3.0,5.0
402386,Arsène Kouassi,Lorient,M,Angers vs Lorient,90,7,,0.0,1.0,,40,38.0,,1.0,3.0,1.0,1.0,0,0,6.0,9.0
402386,Arsène Kouassi,Lorient,M,Lorient vs Paris Saint Germain,90,6.6,,0.0,,,16,14.0,,1.0,1.0,,1.0,0,0,3.0,5.0
402386,Arsène Kouassi,Lorient,M,Lens vs Lorient,90,6.2,,0.0,,,16,16.0,,1.0,,,,0,0,1.0,3.0
402386,Arsène Kouassi,Lorient,M,Lorient vs Toulouse,90,7.3,,0.0,,,35,32.0,,,2.0,,4.0,0,0,6.0,10.0
402386,Arsène Kouassi,Lorient,M,Nantes vs Lorient,90,6.9,,0.0,,,30,24.0,,3.0,2.0,2.0,3.0,0,0,8.0,13.0
402386,Arsène Kouassi,Lorient,M,Lorient vs Nice,90,7,,1.0,,,30,26.0,,1.0,1.0,,2.0,0,0,3.0,6.0
402386,Arsène Kouassi,Lorient,M,Lorient vs Lyon,90,6.7,,0.0,1.0,,21,18.0,,1.0,1.0,1.0,3.0,0,0,4.0,9.0
402386,Arsène Kouassi,Lorient,M,Strasbourg vs Lorient,90,6.3,,0.0,,,33,27.0,,1.0,,2.0,,0,0,3.0,8.0
402386,Arsène Kouassi,Lorient,M,Monaco vs Lorient,90,6.3,,0.0,,,36,33.0,,3.0,2.0,,1.0,0,0,8.0,12.0
402386,Arsène Kouassi,Lorient,M,Rennes vs Lorient,90,7.2,,0.0,,,19,13.0,,,,,5.0,0,0,5.0,10.0
402386,Arsène Kouassi,Lorient,M,Lorient vs Nantes,90,7.7,1.0,0.0,1.0,1.0,26,23.0,,,1.0,,3.0,1,0,3.0,7.0
402386,Arsène Kouassi,Lorient,M,Stade Brestois 29 vs Lorient,64,6.5,,0.0,,,22,19.0,,,,1.0,,0,0,2.0,5.0
402386,Arsène Kouassi,Lorient,M,Lorient vs Angers,90,6.9,,1.0,,,31,26.0,,,,,1.0,0,0,4.0,7.0
402386,Arsène Kouassi,Lorient,M,Nice vs Lorient,45,6.7,,0.0,,,15,13.0,,1.0,,,3.0,0,0,4.0,6.0
72457,Aiyegun Tosin,Lorient,F,Auxerre vs Lorient,90,6.2,,0.0,3.0,,16,12.0,,,,1.0,,0,0,4.0,10.0
72457,Aiyegun Tosin,Lorient,F,Lorient vs Rennes,66,8.2,1.0,0.0,2.0,2.0,14,12.0,,,1.0,2.0,1.0,0,0,1.0,6.0
72457,Aiyegun Tosin,Lorient,F,Lorient vs Lille,68,7,1.0,0.0,1.0,1.0,9,6.0,,,,,,0,0,1.0,3.0
72457,Aiyegun Tosin,Lorient,F,Marseille vs Lorient,16,6.6,,0.0,,,4,4.0,,1.0,,,1.0,0,0,2.0,3.0
72457,Aiyegun Tosin,Lorient,F,Le Havre vs Lorient,63,7.6,1.0,0.0,1.0,1.0,10,7.0,,,,1.0,2.0,0,0,3.0,6.0
72457,Aiyegun Tosin,Lorient,F,Lorient vs Monaco,62,6.7,,0.0,2.0,1.0,21,15.0,,2.0,,,1.0,0,0,6.0,8.0
72457,Aiyegun Tosin,Lorient,F,Paris FC vs Lorient,30,6.5,,0.0,1.0,,6,5.0,,,,,,0,0,,1.0
72457,Aiyegun Tosin,Lorient,F,Lorient vs Stade Brestois 29,28,6.5,,0.0,1.0,1.0,7,6.0,,,,1.0,1.0,1,0,1.0,4.0
72457,Aiyegun Tosin,Lorient,F,Angers vs Lorient,65,5.6,,0.0,1.0,1.0,7,5.0,,,,1.0,1.0,0,0,1.0,5.0
72457,Aiyegun Tosin,Lorient,F,Lorient vs Paris Saint Germain,21,6.3,,0.0,,,2,1.0,,,,,,0,0,,
72457,Aiyegun Tosin,Lorient,F,Lens vs Lorient,75,6.7,,0.0,3.0,2.0,13,12.0,,,,2.0,,0,0,1.0,7.0
72457,Aiyegun Tosin,Lorient,F,Lorient vs Toulouse,69,6.9,,0.0,,,5,2.0,,,1.0,,2.0,0,0,3.0,5.0
72457,Aiyegun Tosin,Lorient,F,Nantes vs Lorient,59,6.6,,0.0,,,11,10.0,,1.0,,,1.0,0,0,3.0,5.0
72457,Aiyegun Tosin,Lorient,F,Stade Brestois 29 vs Lorient,27,6.3,,0.0,1.0,,8,6.0,,,,1.0,,0,0,,4.0
72457,Aiyegun Tosin,Lorient,F,Nice vs Lorient,23,6.2,,0.0,,,10,7.0,,,,,,0,0,,1.0
200873,Mohamed Bamba,Lorient,F,Auxerre vs Lorient,65,6.2,,0.0,,,11,4.0,,1.0,,2.0,,0,0,2.0,10.0
200873,Mohamed Bamba,Lorient,F,Lorient vs Rennes,34,6.2,,1.0,1.0,,2,1.0,,,,,,0,0,,2.0
200873,Mohamed Bamba,Lorient,F,Lorient vs Lille,22,6.3,,0.0,,,7,6.0,,,1.0,,,0,0,,
200873,Mohamed Bamba,Lorient,F,Marseille vs Lorient,28,6.2,,0.0,,,7,5.0,,,,,,0,0,2.0,8.0
200873,Mohamed Bamba,Lorient,F,Le Havre vs Lorient,62,5.6,,0.0,1.0,,10,8.0,,,,5.0,,1,0,1.0,11.0
200873,Mohamed Bamba,Lorient,F,Lorient vs Monaco,62,7.7,1.0,0.0,4.0,3.0,10,8.0,,1.0,,2.0,1.0,1,0,3.0,6.0
200873,Mohamed Bamba,Lorient,F,Paris FC vs Lorient,60,6.5,,0.0,,,10,8.0,,,,1.0,1.0,0,0,3.0,8.0
200873,Mohamed Bamba,Lorient,F,Lorient vs Stade Brestois 29,73,7,,0.0,,,8,6.0,,,,,3.0,0,0,7.0,8.0
200873,Mohamed Bamba,Lorient,F,Angers vs Lorient,25,6.6,,0.0,2.0,1.0,9,8.0,,,,,1.0,0,0,3.0,3.0
200873,Mohamed Bamba,Lorient,F,Lorient vs Paris Saint Germain,69,6.7,,0.0,,,8,7.0,,1.0,,,,0,0,1.0,1.0
200873,Mohamed Bamba,Lorient,F,Lens vs Lorient,65,5.9,,0.0,1.0,,15,11.0,,,,1.0,1.0,0,0,2.0,5.0
200873,Mohamed Bamba,Lorient,F,Lorient vs Toulouse,10,6.3,,0.0,1.0,1.0,6,3.0,,,,,1.0,0,0,2.0,4.0
200873,Mohamed Bamba,Lorient,F,Nantes vs Lorient,19,6.2,,0.0,,,6,4.0,,,,2.0,,0,0,1.0,5.0
200873,Mohamed Bamba,Lorient,F,Strasbourg vs Lorient,24,6.7,,0.0,,,3,3.0,,,,,,0,0,1.0,1.0
200873,Mohamed Bamba,Lorient,F,Lorient vs Metz,30,7,,1.0,1.0,1.0,5,5.0,,,1.0,3.0,,1,0,1.0,4.0
200873,Mohamed Bamba,Lorient,F,Monaco vs Lorient,15,6.3,,0.0,,,5,4.0,,,,1.0,,0,0,1.0,2.0
200873,Mohamed Bamba,Lorient,F,Lorient vs Nantes,12,6.3,,0.0,,,3,2.0,,,,,,0,0,,
200873,Mohamed Bamba,Lorient,F,Stade Brestois 29 vs Lorient,10,6.7,,0.0,,,4,4.0,,1.0,,,,0,0,1.0,2.0
276662,Pablo Pagis,Lorient,F,Auxerre vs Lorient,66,6.5,,0.0,,,27,18.0,,1.0,1.0,2.0,1.0,1,0,3.0,8.0
276662,Pablo Pagis,Lorient,F,Lorient vs Rennes,34,7.2,1.0,0.0,2.0,2.0,22,19.0,,,,1.0,,0,0,1.0,4.0
276662,Pablo Pagis,Lorient,F,Lorient vs Monaco,18,9.3,2.0,0.0,3.0,3.0,14,11.0,,,1.0,,,0,0,2.0,3.0
276662,Pablo Pagis,Lorient,F,Paris FC vs Lorient,60,6.3,,0.0,2.0,1.0,19,14.0,,1.0,2.0,,,0,0,2.0,6.0
276662,Pablo Pagis,Lorient,F,Lorient vs Stade Brestois 29,72,6,,0.0,,,22,14.0,,,1.0,1.0,1.0,0,0,3.0,11.0
276662,Pablo Pagis,Lorient,F,Angers vs Lorient,65,6.2,,0.0,1.0,,21,15.0,,1.0,,,,0,0,1.0,4.0
276662,Pablo Pagis,Lorient,F,Lorient vs Paris Saint Germain,68,6.2,,0.0,,,17,15.0,,,2.0,1.0,1.0,0,0,1.0,5.0
276662,Pablo Pagis,Lorient,F,Lens vs Lorient,25,6.5,,0.0,,,9,8.0,,,,1.0,,0,0,,2.0
276662,Pablo Pagis,Lorient,F,Lorient vs Toulouse,69,7.2,1.0,0.0,3.0,1.0,18,13.0,,,1.0,2.0,,0,0,3.0,10.0
276662,Pablo Pagis,Lorient,F,Nantes vs Lorient,31,6.9,,0.0,1.0,1.0,9,6.0,,,,1.0,2.0,0,0,4.0,7.0
276662,Pablo Pagis,Lorient,F,Lorient vs Nice,64,7,,0.0,1.0,,18,13.0,,,,1.0,,0,0,1.0,4.0
276662,Pablo Pagis,Lorient,F,Lorient vs Lyon,71,8.3,1.0,0.0,2.0,1.0,17,10.0,,1.0,,2.0,2.0,0,0,3.0,8.0
276662,Pablo Pagis,Lorient,F,Strasbourg vs Lorient,74,7,,0.0,2.0,1.0,20,17.0,,3.0,1.0,1.0,,0,0,3.0,5.0
276662,Pablo Pagis,Lorient,F,Lorient vs Metz,90,6.9,,0.0,4.0,,31,25.0,,3.0,,,1.0,0,0,4.0,6.0
276662,Pablo Pagis,Lorient,F,Monaco vs Lorient,75,6.7,,0.0,3.0,,28,23.0,,1.0,2.0,,,0,0,1.0,3.0
276662,Pablo Pagis,Lorient,F,Rennes vs Lorient,27,7.3,1.0,0.0,1.0,1.0,7,5.0,,2.0,1.0,,,0,0,2.0,4.0
276662,Pablo Pagis,Lorient,F,Lorient vs Nantes,74,6.5,,0.0,1.0,1.0,36,29.0,,,,1.0,1.0,0,0,2.0,6.0
276662,Pablo Pagis,Lorient,F,Stade Brestois 29 vs Lorient,73,7.2,,0.0,2.0,,37,31.0,,2.0,1.0,1.0,1.0,0,0,6.0,11.0
276662,Pablo Pagis,Lorient,F,Lorient vs Angers,74,8.3,1.0,0.0,2.0,1.0,32,26.0,,1.0,,,2.0,0,0,5.0,9.0
276662,Pablo Pagis,Lorient,F,Nice vs Lorient,67,7.6,1.0,0.0,2.0,2.0,32,24.0,,1.0,,,1.0,0,0,4.0,8.0
384112,Panos Katseris,Lorient,D,Auxerre vs Lorient,25,7,,0.0,,,9,8.0,,,,,3.0,0,0,4.0,8.0
384112,Panos Katseris,Lorient,D,Lorient vs Rennes,90,6.6,,0.0,2.0,1.0,48,39.0,,1.0,4.0,1.0,,1,0,2.0,8.0
384112,Panos Katseris,Lorient,D,Lorient vs Lille,15,6.7,,0.0,,,0,,,,1.0,1.0,2.0,0,0,2.0,4.0
384112,Panos Katseris,Lorient,D,Lorient vs Angers,9,6.7,,0.0,,,3,1.0,,1.0,,1.0,,0,0,1.0,3.0
384112,Panos Katseris,Lorient,D,Nice vs Lorient,13,6.6,,0.0,,,18,17.0,,,,1.0,2.0,1,0,3.0,5.0
144319,Sambou Soumano,Lorient,F,Auxerre vs Lorient,25,6.9,,0.0,2.0,2.0,3,2.0,,,,,,0,0,2.0,5.0
144319,Sambou Soumano,Lorient,F,Lorient vs Rennes,56,7.6,1.0,0.0,2.0,1.0,8,6.0,,,,1.0,1.0,1,0,3.0,6.0
144319,Sambou Soumano,Lorient,F,Lorient vs Lille,68,6.5,,1.0,2.0,1.0,16,11.0,,,2.0,2.0,2.0,0,0,7.0,12.0
144319,Sambou Soumano,Lorient,F,Marseille vs Lorient,62,6.2,,0.0,,,8,8.0,,1.0,,,5.0,0,0,6.0,18.0
144319,Sambou Soumano,Lorient,F,Le Havre vs Lorient,28,6.2,,0.0,,,5,4.0,,,,2.0,,0,0,1.0,5.0
144319,Sambou Soumano,Lorient,F,Lorient vs Monaco,28,6.7,,1.0,,,7,5.0,,,,1.0,,0,0,,2.0
144319,Sambou Soumano,Lorient,F,Paris FC vs Lorient,30,6.2,,0.0,,,5,3.0,,,,1.0,,0,0,1.0,5.0
144319,Sambou Soumano,Lorient,F,Lorient vs Stade Brestois 29,17,6.9,1.0,0.0,1.0,1.0,4,3.0,,,,1.0,1.0,0,0,2.0,5.0
144319,Sambou Soumano,Lorient,F,Angers vs Lorient,25,6.7,,0.0,,,6,4.0,,1.0,1.0,,,0,0,2.0,2.0
144319,Sambou Soumano,Lorient,F,Lens vs Lorient,15,6.3,,0.0,,,3,3.0,,,,,,0,0,,1.0
144319,Sambou Soumano,Lorient,F,Lorient vs Toulouse,21,6.6,,0.0,1.0,,5,3.0,,1.0,,,,0,0,2.0,3.0
144319,Sambou Soumano,Lorient,F,Nantes vs Lorient,71,7,,0.0,,,14,9.0,,,,1.0,3.0,0,0,6.0,8.0
144319,Sambou Soumano,Lorient,F,Lorient vs Nice,79,7.6,2.0,0.0,4.0,3.0,13,10.0,,,,2.0,2.0,0,0,4.0,13.0
144319,Sambou Soumano,Lorient,F,Lorient vs Lyon,71,6.5,,0.0,2.0,1.0,7,5.0,,,,1.0,1.0,1,0,4.0,6.0
144319,Sambou Soumano,Lorient,F,Strasbourg vs Lorient,66,6.5,,0.0,2.0,,10,8.0,,1.0,,,1.0,0,0,4.0,9.0
144319,Sambou Soumano,Lorient,F,Lorient vs Metz,60,6.9,,0.0,1.0,1.0,11,10.0,,,,1.0,1.0,0,0,2.0,4.0
144319,Sambou Soumano,Lorient,F,Rennes vs Lorient,16,6.3,,0.0,,,9,6.0,,,,,,0,0,2.0,6.0
144319,Sambou Soumano,Lorient,F,Lorient vs Nantes,24,6.6,,0.0,,,3,3.0,,,,,,0,0,1.0,3.0
144319,Sambou Soumano,Lorient,F,Stade Brestois 29 vs Lorient,27,6.2,,0.0,,,6,4.0,,,,1.0,1.0,0,0,1.0,4.0
144319,Sambou Soumano,Lorient,F,Lorient vs Angers,16,6.5,,0.0,,,5,4.0,,,1.0,,,0,0,,
144319,Sambou Soumano,Lorient,F,Nice vs Lorient,13,6.2,,0.0,1.0,,3,3.0,,,,,,0,0,,4.0
322865,Karim Dermane,Lorient,M,Auxerre vs Lorient,24,6.7,,0.0,1.0,,13,12.0,,1.0,,1.0,,0,0,2.0,7.0
322865,Karim Dermane,Lorient,M,Lorient vs Rennes,56,6,,0.0,1.0,,14,12.0,,,,2.0,1.0,1,0,1.0,4.0
322865,Karim Dermane,Lorient,M,Lorient vs Lille,90,7.3,,0.0,,,22,18.0,,1.0,1.0,1.0,4.0,0,0,7.0,13.0
322865,Karim Dermane,Lorient,M,Marseille vs Lorient,62,6.2,,0.0,,,26,22.0,,1.0,,2.0,2.0,1,0,3.0,11.0
322865,Karim Dermane,Lorient,M,Le Havre vs Lorient,90,7.5,,1.0,,,33,26.0,,2.0,,,4.0,0,0,7.0,13.0
322865,Karim Dermane,Lorient,M,Lorient vs Monaco,72,6.6,,0.0,1.0,,34,29.0,,3.0,1.0,1.0,1.0,1,0,4.0,8.0
322865,Karim Dermane,Lorient,M,Angers vs Lorient,25,6.7,,0.0,1.0,,16,13.0,,,1.0,1.0,1.0,0,0,1.0,2.0
322865,Karim Dermane,Lorient,M,Lorient vs Paris Saint Germain,69,6.3,,0.0,1.0,,19,12.0,,1.0,,2.0,2.0,0,0,3.0,7.0
322865,Karim Dermane,Lorient,M,Lens vs Lorient,82,6.9,,0.0,1.0,,30,27.0,,1.0,2.0,1.0,1.0,0,0,5.0,9.0
322865,Karim Dermane,Lorient,M,Lorient vs Toulouse,80,6.7,,0.0,,,21,18.0,,3.0,,,3.0,0,0,6.0,14.0
322865,Karim Dermane,Lorient,M,Nantes vs Lorient,59,6.3,,0.0,1.0,,15,14.0,,2.0,,1.0,,0,0,2.0,8.0
322865,Karim Dermane,Lorient,M,Lorient vs Nice,27,6.6,,0.0,1.0,,20,17.0,,,,,1.0,0,0,1.0,2.0
322865,Karim Dermane,Lorient,M,Lorient vs Lyon,19,6.9,,0.0,1.0,1.0,8,8.0,,,,,1.0,0,0,2.0,2.0
322865,Karim Dermane,Lorient,M,Strasbourg vs Lorient,16,6.3,,0.0,,,9,9.0,,,1.0,,,0,0,,1.0
322865,Karim Dermane,Lorient,M,Lorient vs Metz,16,6.9,,0.0,,,14,13.0,,1.0,,,,0,0,2.0,3.0
322865,Karim Dermane,Lorient,M,Monaco vs Lorient,15,8.2,1.0,1.0,2.0,1.0,10,10.0,,,,,1.0,0,0,4.0,5.0
322865,Karim Dermane,Lorient,M,Rennes vs Lorient,63,6.9,,0.0,,,24,15.0,,,1.0,2.0,3.0,0,0,7.0,9.0
322865,Karim Dermane,Lorient,M,Lorient vs Nantes,16,6.5,,0.0,,,8,7.0,,1.0,,,,0,0,1.0,5.0
322865,Karim Dermane,Lorient,M,Stade Brestois 29 vs Lorient,17,6.9,,0.0,,,16,15.0,,,1.0,1.0,1.0,0,0,3.0,4.0
322865,Karim Dermane,Lorient,M,Lorient vs Angers,16,6.7,,0.0,1.0,,15,14.0,,,,1.0,,0,0,,3.0
322865,Karim Dermane,Lorient,M,Nice vs Lorient,67,6.9,,0.0,2.0,,27,24.0,,1.0,,,2.0,0,0,5.0,9.0
152669,Darlin Yongwa,Lorient,D,Auxerre vs Lorient,15,6.3,,0.0,,,4,2.0,,,,1.0,,0,0,1.0,4.0
152669,Darlin Yongwa,Lorient,D,Lorient vs Rennes,17,7.2,,0.0,,,18,13.0,,,1.0,1.0,,0,0,,3.0
152669,Darlin Yongwa,Lorient,D,Lorient vs Lille,8,5.9,,0.0,,,3,3.0,,,,,1.0,0,0,1.0,1.0
152669,Darlin Yongwa,Lorient,D,Marseille vs Lorient,10,3,,0.0,,,7,5.0,,,,1.0,,0,1,1.0,2.0
152669,Darlin Yongwa,Lorient,D,Paris FC vs Lorient,13,6.9,,0.0,,,3,2.0,,1.0,,,1.0,0,0,2.0,2.0
152669,Darlin Yongwa,Lorient,D,Lorient vs Stade Brestois 29,14,6.2,,0.0,,,1,1.0,,,,,,0,0,,
152669,Darlin Yongwa,Lorient,D,Angers vs Lorient,90,6.7,,0.0,1.0,,86,74.0,,2.0,,,1.0,0,0,5.0,9.0
152669,Darlin Yongwa,Lorient,D,Lorient vs Paris Saint Germain,90,7,,0.0,,,24,14.0,,3.0,1.0,,2.0,0,0,7.0,9.0
152669,Darlin Yongwa,Lorient,D,Lens vs Lorient,90,6.9,,0.0,,,62,50.0,,1.0,2.0,1.0,1.0,0,0,4.0,6.0
152669,Darlin Yongwa,Lorient,D,Lorient vs Toulouse,90,6.5,,0.0,,,46,36.0,,1.0,3.0,1.0,2.0,0,0,6.0,14.0
152669,Darlin Yongwa,Lorient,D,Nantes vs Lorient,90,6.3,,0.0,,,52,47.0,,2.0,1.0,,1.0,1,0,3.0,9.0
152669,Darlin Yongwa,Lorient,D,Lorient vs Nice,90,6.9,,0.0,,,38,27.0,,2.0,1.0,2.0,2.0,1,0,7.0,14.0
152669,Darlin Yongwa,Lorient,D,Lorient vs Lyon,90,6.9,,0.0,1.0,1.0,27,22.0,,,1.0,1.0,3.0,0,0,4.0,9.0
152669,Darlin Yongwa,Lorient,D,Strasbourg vs Lorient,90,7.3,,0.0,,,50,41.0,,4.0,,,1.0,0,0,8.0,11.0
152669,Darlin Yongwa,Lorient,D,Stade Brestois 29 vs Lorient,26,6.3,,0.0,,,11,10.0,,2.0,,1.0,,0,0,2.0,6.0
152669,Darlin Yongwa,Lorient,D,Lorient vs Angers,86,6.6,,0.0,,,65,59.0,,2.0,,1.0,1.0,0,0,3.0,9.0
152669,Darlin Yongwa,Lorient,D,Nice vs Lorient,90,6,,0.0,,,36,31.0,,3.0,,,,1,0,7.0,18.0
158532,Jonathan Fischer,Metz,G,Metz vs Strasbourg,90,6.7,,0.0,,,23,16.0,,,,,,0,0,,
158532,Jonathan Fischer,Metz,G,Lyon vs Metz,90,6.9,,0.0,,,34,30.0,,,,,1.0,0,0,1.0,1.0
158532,Jonathan Fischer,Metz,G,Paris FC vs Metz,90,8.5,,0.0,,,41,37.0,,,,,,0,0,1.0,1.0
158532,Jonathan Fischer,Metz,G,Metz vs Angers,90,8,,0.0,,,42,41.0,,,,,1.0,0,0,1.0,1.0
158532,Jonathan Fischer,Metz,G,Monaco vs Metz,90,6.6,,0.0,,,51,44.0,,,,,,0,0,,
158532,Jonathan Fischer,Metz,G,Metz vs Le Havre,90,7.9,,0.0,,,25,19.0,,,,,,0,0,2.0,2.0
158532,Jonathan Fischer,Metz,G,Metz vs Marseille,90,7.7,,0.0,,,43,38.0,,,,,,0,0,,
158532,Jonathan Fischer,Metz,G,Toulouse vs Metz,90,6.5,,0.0,,,55,47.0,,,,,1.0,0,0,2.0,3.0
158532,Jonathan Fischer,Metz,G,Lille vs Metz,13,6.7,,0.0,,,2,1.0,,,,,,0,0,,
158532,Jonathan Fischer,Metz,G,Metz vs Lens,90,6.9,,0.0,,,30,17.0,,,,,,0,0,,
158532,Jonathan Fischer,Metz,G,Nantes vs Metz,90,7.3,,0.0,,,36,27.0,,,,,,0,0,,
158532,Jonathan Fischer,Metz,G,Metz vs Nice,90,7.3,,0.0,,,45,31.0,,,,,,0,0,1.0,1.0
158532,Jonathan Fischer,Metz,G,Stade Brestois 29 vs Metz,90,6.9,,0.0,,,36,26.0,,,,,1.0,0,0,2.0,3.0
158532,Jonathan Fischer,Metz,G,Metz vs Rennes,90,7.2,,0.0,,,38,36.0,,,,,,0,0,,
158532,Jonathan Fischer,Metz,G,Auxerre vs Metz,90,6,,0.0,,,37,34.0,,,,,,0,0,,
158532,Jonathan Fischer,Metz,G,Metz vs Paris Saint Germain,90,8,,0.0,,,42,35.0,,,,,,0,0,,
158532,Jonathan Fischer,Metz,G,Lorient vs Metz,90,7.5,,0.0,,,32,26.0,,,,,,0,0,,
158532,Jonathan Fischer,Metz,G,Strasbourg vs Metz,90,6.7,,0.0,,,44,41.0,,,,,,0,0,1.0,1.0
158532,Jonathan Fischer,Metz,G,Metz vs Lyon,90,6,,0.0,,,31,26.0,,,,,,0,0,,
158532,Jonathan Fischer,Metz,G,Angers vs Metz,90,7.3,,0.0,,,24,13.0,,,,,,0,0,,
158532,Jonathan Fischer,Metz,G,Metz vs Lille,90,6.6,,0.0,,,42,21.0,,,,,,0,0,,
158532,Jonathan Fischer,Metz,G,Metz vs Auxerre,90,6.3,,0.0,,,23,21.0,,,,,,0,0,,
158532,Jonathan Fischer,Metz,G,Paris Saint Germain vs Metz,90,7.3,,0.0,,,40,26.0,,,,,,0,0,,
96331,Koffi Kouao,Metz,D,Metz vs Strasbourg,84,7.5,,0.0,1.0,,19,15.0,,4.0,,3.0,3.0,1,0,9.0,17.0
96331,Koffi Kouao,Metz,D,Lyon vs Metz,90,6,,0.0,,,30,27.0,,,,3.0,,1,0,1.0,5.0
96331,Koffi Kouao,Metz,D,Paris FC vs Metz,90,6.6,,0.0,,,46,44.0,,3.0,1.0,,,0,0,4.0,7.0
96331,Koffi Kouao,Metz,D,Metz vs Angers,90,6,,0.0,,,67,60.0,,3.0,,3.0,,0,0,3.0,9.0
96331,Koffi Kouao,Metz,D,Monaco vs Metz,89,6.9,,0.0,1.0,1.0,27,18.0,,4.0,1.0,,5.0,0,0,11.0,16.0
96331,Koffi Kouao,Metz,D,Metz vs Le Havre,90,7.5,,0.0,,,61,58.0,,1.0,,1.0,3.0,0,0,6.0,11.0
96331,Koffi Kouao,Metz,D,Metz vs Marseille,90,6.5,,0.0,,,24,20.0,,2.0,1.0,1.0,1.0,0,0,4.0,8.0
96331,Koffi Kouao,Metz,D,Toulouse vs Metz,90,7,,0.0,,,45,41.0,,4.0,,,1.0,0,0,5.0,9.0
96331,Koffi Kouao,Metz,D,Lille vs Metz,61,6,,0.0,,,11,7.0,,2.0,1.0,,,0,0,2.0,3.0
96331,Koffi Kouao,Metz,D,Metz vs Lens,90,7.9,,0.0,2.0,1.0,48,41.0,,1.0,3.0,,2.0,0,0,7.0,8.0
96331,Koffi Kouao,Metz,D,Nantes vs Metz,90,7.3,,0.0,3.0,1.0,36,27.0,,5.0,2.0,1.0,1.0,1,0,7.0,11.0
96331,Koffi Kouao,Metz,D,Metz vs Nice,90,6.9,,0.0,1.0,,51,44.0,,2.0,,,2.0,0,0,4.0,8.0
96331,Koffi Kouao,Metz,D,Stade Brestois 29 vs Metz,68,6.5,,0.0,,,32,29.0,,1.0,1.0,1.0,1.0,0,0,2.0,4.0
96331,Koffi Kouao,Metz,D,Metz vs Paris Saint Germain,90,6.7,,0.0,1.0,1.0,43,38.0,,7.0,,3.0,,1,0,9.0,16.0
96331,Koffi Kouao,Metz,D,Lorient vs Metz,90,6.3,,0.0,,,54,50.0,,3.0,3.0,3.0,1.0,1,0,4.0,10.0
96331,Koffi Kouao,Metz,D,Metz vs Lyon,90,7.7,1.0,1.0,2.0,2.0,43,38.0,,,2.0,1.0,2.0,1,0,4.0,7.0
96331,Koffi Kouao,Metz,D,Angers vs Metz,86,6.7,,0.0,1.0,,42,33.0,,2.0,3.0,,,0,0,5.0,7.0
96331,Koffi Kouao,Metz,D,Metz vs Lille,90,7.9,,0.0,1.0,,32,24.0,,6.0,1.0,3.0,,1,0,9.0,15.0
96331,Koffi Kouao,Metz,D,Metz vs Auxerre,63,6.6,,0.0,2.0,1.0,44,39.0,,2.0,1.0,3.0,1.0,1,0,3.0,11.0
96331,Koffi Kouao,Metz,D,Paris Saint Germain vs Metz,66,6.5,,0.0,,,26,22.0,,1.0,,,,0,0,2.0,5.0
428084,Sadibou Sané,Metz,D,Metz vs Strasbourg,90,7.5,,0.0,,,48,44.0,,4.0,5.0,,,0,0,4.0,6.0
428084,Sadibou Sané,Metz,D,Lyon vs Metz,90,6.7,,0.0,,,71,67.0,,3.0,1.0,3.0,,0,0,4.0,8.0
428084,Sadibou Sané,Metz,D,Paris FC vs Metz,80,6.3,1.0,0.0,1.0,1.0,64,58.0,,2.0,2.0,3.0,,1,1,3.0,8.0
428084,Sadibou Sané,Metz,D,Metz vs Marseille,90,6.2,,0.0,,,49,41.0,,2.0,,,1.0,0,0,3.0,4.0
428084,Sadibou Sané,Metz,D,Toulouse vs Metz,47,5.7,,0.0,,,80,72.0,,1.0,,2.0,,0,1,2.0,5.0
428084,Sadibou Sané,Metz,D,Auxerre vs Metz,90,7.2,,0.0,,,101,96.0,,2.0,,1.0,3.0,0,0,7.0,10.0
428084,Sadibou Sané,Metz,D,Metz vs Paris Saint Germain,16,6.3,,0.0,,,18,14.0,,,,,,0,0,,1.0
428084,Sadibou Sané,Metz,D,Lorient vs Metz,90,8.5,1.0,0.0,2.0,1.0,82,73.0,,,,,1.0,0,0,4.0,5.0
428084,Sadibou Sané,Metz,D,Strasbourg vs Metz,90,6.3,,0.0,,,92,77.0,,2.0,2.0,1.0,1.0,1,0,4.0,7.0
428084,Sadibou Sané,Metz,D,Metz vs Lille,90,7.6,,0.0,,,46,39.0,,1.0,2.0,,,0,0,4.0,4.0
428084,Sadibou Sané,Metz,D,Metz vs Auxerre,90,7.3,,0.0,,,83,75.0,,3.0,1.0,,1.0,0,0,9.0,11.0
428084,Sadibou Sané,Metz,D,Paris Saint Germain vs Metz,90,6.3,,0.0,,,46,41.0,,2.0,2.0,1.0,,0,0,2.0,6.0
3240,Jean-Philippe Gbamin,Metz,D,Metz vs Strasbourg,90,6.7,,0.0,,,53,46.0,,1.0,,1.0,,0,0,1.0,4.0
3240,Jean-Philippe Gbamin,Metz,D,Lyon vs Metz,90,6.5,,0.0,,,69,65.0,,1.0,,,,0,0,1.0,3.0
3240,Jean-Philippe Gbamin,Metz,D,Paris FC vs Metz,90,6.7,,0.0,1.0,,76,69.0,,3.0,,1.0,,0,0,6.0,10.0
3240,Jean-Philippe Gbamin,Metz,D,Metz vs Angers,90,8.7,1.0,0.0,1.0,1.0,90,80.0,,3.0,1.0,,,0,0,7.0,8.0
3240,Jean-Philippe Gbamin,Metz,D,Monaco vs Metz,90,6.2,,0.0,,,85,78.0,,4.0,1.0,,1.0,0,0,6.0,11.0
3240,Jean-Philippe Gbamin,Metz,D,Metz vs Le Havre,90,7.6,,0.0,,,58,54.0,,6.0,1.0,2.0,,0,0,8.0,11.0
3240,Jean-Philippe Gbamin,Metz,D,Metz vs Marseille,21,6.3,,0.0,,,15,11.0,,,,1.0,,0,0,,2.0
3240,Jean-Philippe Gbamin,Metz,D,Toulouse vs Metz,90,5.9,,0.0,,,91,79.0,,1.0,1.0,,,0,0,2.0,6.0
3240,Jean-Philippe Gbamin,Metz,D,Lille vs Metz,90,5.2,,0.0,,,38,30.0,,1.0,1.0,1.0,,0,0,3.0,6.0
3240,Jean-Philippe Gbamin,Metz,D,Metz vs Lens,90,7.3,,0.0,2.0,1.0,67,58.0,,1.0,,,1.0,0,0,5.0,6.0
3240,Jean-Philippe Gbamin,Metz,D,Nantes vs Metz,90,7.3,,0.0,,,55,47.0,,1.0,2.0,,,0,0,6.0,11.0
3240,Jean-Philippe Gbamin,Metz,D,Metz vs Nice,90,7.2,,1.0,,,54,48.0,,2.0,2.0,1.0,1.0,0,0,6.0,12.0
3240,Jean-Philippe Gbamin,Metz,D,Stade Brestois 29 vs Metz,90,6.2,,0.0,,,63,57.0,,,,,1.0,0,0,3.0,7.0
3240,Jean-Philippe Gbamin,Metz,D,Metz vs Rennes,90,6.9,,0.0,1.0,1.0,87,76.0,,,3.0,1.0,1.0,0,0,2.0,11.0
3240,Jean-Philippe Gbamin,Metz,D,Auxerre vs Metz,90,6.9,,0.0,,,85,79.0,,2.0,,,,0,0,4.0,6.0
3240,Jean-Philippe Gbamin,Metz,D,Metz vs Paris Saint Germain,90,7.2,,0.0,,,59,51.0,,3.0,,,,0,0,4.0,5.0
3240,Jean-Philippe Gbamin,Metz,D,Strasbourg vs Metz,89,6.5,,0.0,2.0,1.0,65,61.0,,1.0,,1.0,,0,0,3.0,10.0
3240,Jean-Philippe Gbamin,Metz,D,Metz vs Lyon,90,5.3,,0.0,,,79,70.0,,1.0,1.0,1.0,,0,0,3.0,6.0
3240,Jean-Philippe Gbamin,Metz,D,Angers vs Metz,9,3,,0.0,,,6,4.0,,,,1.0,,0,1,,3.0
3240,Jean-Philippe Gbamin,Metz,D,Paris Saint Germain vs Metz,90,6.3,,0.0,,,38,30.0,,3.0,,1.0,,1,0,4.0,7.0
378353,Urie-Michel Mboula,Metz,D,Metz vs Strasbourg,90,6.6,,0.0,,,45,36.0,,1.0,1.0,,1.0,0,0,3.0,4.0
378353,Urie-Michel Mboula,Metz,D,Lyon vs Metz,41,6.5,,0.0,,,25,21.0,,1.0,,1.0,3.0,0,0,5.0,7.0
378353,Urie-Michel Mboula,Metz,D,Metz vs Le Havre,45,6.9,,0.0,,,22,20.0,,1.0,1.0,1.0,1.0,0,0,2.0,3.0
378353,Urie-Michel Mboula,Metz,D,Lorient vs Metz,90,6.9,,0.0,,,92,89.0,,,1.0,1.0,1.0,0,0,3.0,5.0
378353,Urie-Michel Mboula,Metz,D,Metz vs Lyon,28,6.7,,0.0,,,17,15.0,,2.0,,1.0,,0,0,3.0,5.0
378353,Urie-Michel Mboula,Metz,D,Metz vs Lille,90,7.3,,0.0,1.0,,44,41.0,,,2.0,,,0,0,2.0,2.0
378353,Urie-Michel Mboula,Metz,D,Metz vs Auxerre,90,6.5,,0.0,1.0,1.0,94,86.0,,1.0,4.0,1.0,1.0,0,0,2.0,5.0
2181,Georgiy Tsitaishvili,Metz,D,Metz vs Strasbourg,90,6.7,,0.0,,,23,17.0,,2.0,,3.0,1.0,0,0,7.0,16.0
2181,Georgiy Tsitaishvili,Metz,D,Lyon vs Metz,62,6.2,,0.0,1.0,,19,13.0,,,,1.0,2.0,0,0,3.0,5.0
2181,Georgiy Tsitaishvili,Metz,D,Paris FC vs Metz,62,6.3,,1.0,2.0,,16,12.0,,,,1.0,1.0,0,0,3.0,5.0
2181,Georgiy Tsitaishvili,Metz,D,Metz vs Angers,72,6.5,,0.0,,,21,20.0,,,1.0,2.0,,0,0,,4.0
2181,Georgiy Tsitaishvili,Metz,D,Metz vs Le Havre,45,6.6,,0.0,1.0,,16,13.0,,,,,,0,0,,1.0
2181,Georgiy Tsitaishvili,Metz,D,Metz vs Marseille,11,6.7,,0.0,1.0,,6,5.0,,,,,,0,0,1.0,1.0
2181,Georgiy Tsitaishvili,Metz,D,Toulouse vs Metz,19,6.3,,0.0,,,4,2.0,,1.0,,,1.0,0,0,3.0,6.0
2181,Georgiy Tsitaishvili,Metz,D,Lille vs Metz,90,6,,0.0,2.0,,20,16.0,,,,1.0,2.0,0,0,4.0,10.0
2181,Georgiy Tsitaishvili,Metz,D,Metz vs Lens,81,7.2,,0.0,1.0,,25,21.0,,2.0,2.0,1.0,1.0,0,0,3.0,7.0
2181,Georgiy Tsitaishvili,Metz,D,Nantes vs Metz,79,7.2,,0.0,,,9,7.0,,2.0,1.0,,2.0,0,0,5.0,5.0
2181,Georgiy Tsitaishvili,Metz,D,Metz vs Nice,90,6.7,,0.0,1.0,,18,13.0,,,,1.0,3.0,0,0,4.0,7.0
2181,Georgiy Tsitaishvili,Metz,D,Stade Brestois 29 vs Metz,68,7.3,1.0,0.0,1.0,1.0,14,8.0,,,,,,0,0,2.0,6.0
2181,Georgiy Tsitaishvili,Metz,D,Metz vs Rennes,90,6.6,,0.0,,,34,24.0,,1.0,,,3.0,0,0,4.0,5.0
2181,Georgiy Tsitaishvili,Metz,D,Auxerre vs Metz,68,6.5,,0.0,,,17,13.0,,,1.0,,,0,0,,2.0
2181,Georgiy Tsitaishvili,Metz,D,Metz vs Paris Saint Germain,85,8,1.0,0.0,1.0,1.0,21,17.0,,1.0,1.0,,2.0,0,0,4.0,5.0
2181,Georgiy Tsitaishvili,Metz,D,Lorient vs Metz,84,6.2,,0.0,1.0,1.0,32,27.0,,,1.0,1.0,1.0,0,0,2.0,6.0
2181,Georgiy Tsitaishvili,Metz,D,Strasbourg vs Metz,90,6.2,,0.0,,,26,22.0,,,,,,1,0,1.0,7.0
2181,Georgiy Tsitaishvili,Metz,D,Metz vs Lyon,90,6.2,,0.0,1.0,1.0,25,17.0,,,,1.0,,0,0,1.0,6.0
2181,Georgiy Tsitaishvili,Metz,D,Angers vs Metz,90,6.9,,0.0,,,24,19.0,,1.0,,,1.0,0,0,4.0,8.0
2181,Georgiy Tsitaishvili,Metz,D,Metz vs Lille,89,7.3,,0.0,,,16,13.0,,1.0,,,1.0,0,0,2.0,3.0
2181,Georgiy Tsitaishvili,Metz,D,Metz vs Auxerre,90,6.9,,0.0,,,42,34.0,,1.0,,,1.0,0,0,3.0,7.0
2181,Georgiy Tsitaishvili,Metz,D,Paris Saint Germain vs Metz,88,6.2,,0.0,,,17,15.0,,1.0,1.0,2.0,,0,0,2.0,4.0
157912,Boubacar Traoré,Metz,M,Metz vs Strasbourg,84,6.3,,0.0,,,23,18.0,,3.0,,,,0,0,5.0,15.0
157912,Boubacar Traoré,Metz,M,Lyon vs Metz,90,6.2,,0.0,2.0,1.0,57,55.0,,1.0,,2.0,,1,0,1.0,7.0
157912,Boubacar Traoré,Metz,M,Paris FC vs Metz,89,8,1.0,0.0,1.0,1.0,43,38.0,,2.0,,,,0,0,5.0,5.0
157912,Boubacar Traoré,Metz,M,Metz vs Angers,90,7.7,,0.0,,,39,29.0,,6.0,1.0,1.0,,0,0,8.0,10.0
157912,Boubacar Traoré,Metz,M,Metz vs Le Havre,90,6.5,,0.0,3.0,,42,38.0,,3.0,,5.0,1.0,1,0,4.0,11.0
157912,Boubacar Traoré,Metz,M,Metz vs Marseille,90,6.3,,0.0,,,39,34.0,,1.0,2.0,2.0,,0,0,2.0,6.0
157912,Boubacar Traoré,Metz,M,Toulouse vs Metz,71,6.7,,0.0,,,44,40.0,,5.0,,3.0,,0,0,5.0,8.0
157912,Boubacar Traoré,Metz,M,Nantes vs Metz,12,6.7,,0.0,,,3,1.0,,1.0,,,,0,0,2.0,3.0
157912,Boubacar Traoré,Metz,M,Metz vs Nice,13,6.6,,0.0,,,9,6.0,,,,,,0,0,3.0,4.0
157912,Boubacar Traoré,Metz,M,Stade Brestois 29 vs Metz,22,6.7,,0.0,,,8,7.0,,,,,,0,0,3.0,4.0
157912,Boubacar Traoré,Metz,M,Metz vs Rennes,88,6.9,,0.0,2.0,,39,31.0,,2.0,1.0,1.0,,0,0,7.0,10.0
157912,Boubacar Traoré,Metz,M,Auxerre vs Metz,84,6.3,,0.0,1.0,1.0,51,45.0,,4.0,1.0,2.0,1.0,0,0,5.0,9.0
157912,Boubacar Traoré,Metz,M,Metz vs Paris Saint Germain,85,6.5,,0.0,,,29,24.0,,1.0,1.0,2.0,,0,0,5.0,11.0
157912,Boubacar Traoré,Metz,M,Lorient vs Metz,84,6.3,,0.0,1.0,,28,26.0,,2.0,,1.0,2.0,0,0,6.0,10.0
157912,Boubacar Traoré,Metz,M,Metz vs Lyon,90,7,,0.0,2.0,,39,35.0,,2.0,,,,0,0,8.0,15.0
157912,Boubacar Traoré,Metz,M,Angers vs Metz,68,6.5,,0.0,,,22,17.0,,1.0,2.0,,,0,0,1.0,2.0
157912,Boubacar Traoré,Metz,M,Paris Saint Germain vs Metz,90,6.9,,0.0,1.0,,29,28.0,,5.0,1.0,3.0,1.0,1,0,8.0,14.0
407,Benjamin Stambouli,Metz,M,Metz vs Strasbourg,90,6.6,,0.0,,,41,27.0,,3.0,1.0,3.0,,0,0,5.0,13.0
407,Benjamin Stambouli,Metz,M,Lyon vs Metz,90,6.3,,0.0,,,41,35.0,,3.0,,2.0,,0,0,5.0,9.0
407,Benjamin Stambouli,Metz,M,Paris FC vs Metz,90,6.9,,0.0,1.0,,50,44.0,,,,1.0,,0,0,2.0,5.0
407,Benjamin Stambouli,Metz,M,Metz vs Angers,85,7.3,,0.0,1.0,,46,38.0,,3.0,1.0,1.0,,0,0,3.0,4.0
407,Benjamin Stambouli,Metz,M,Monaco vs Metz,89,6.3,,0.0,,,46,36.0,,1.0,1.0,,2.0,0,0,3.0,5.0
407,Benjamin Stambouli,Metz,M,Lille vs Metz,90,7.2,,0.0,1.0,,40,33.0,,1.0,,,4.0,0,0,7.0,10.0
407,Benjamin Stambouli,Metz,M,Metz vs Paris Saint Germain,11,6.9,,0.0,,,8,6.0,,1.0,,,,0,0,1.0,1.0
407,Benjamin Stambouli,Metz,M,Lorient vs Metz,13,6.6,,0.0,,,13,11.0,,1.0,1.0,,,0,0,1.0,1.0
407,Benjamin Stambouli,Metz,M,Metz vs Lyon,28,6.3,,0.0,1.0,1.0,21,14.0,,,,1.0,,0,0,,1.0
407,Benjamin Stambouli,Metz,M,Angers vs Metz,90,7.5,,0.0,,,47,38.0,,3.0,1.0,2.0,1.0,0,0,4.0,7.0
407,Benjamin Stambouli,Metz,M,Metz vs Lille,70,7.2,,0.0,,,22,19.0,,3.0,,2.0,1.0,0,0,5.0,7.0
21640,Jessy Deminguet,Metz,M,Metz vs Strasbourg,73,6.9,,0.0,,,15,10.0,,3.0,3.0,2.0,2.0,1,0,6.0,10.0
21640,Jessy Deminguet,Metz,M,Metz vs Angers,14,6.2,,0.0,,,6,6.0,,,,,,0,0,,2.0
21640,Jessy Deminguet,Metz,M,Monaco vs Metz,75,6.5,,0.0,,,46,42.0,,2.0,2.0,1.0,1.0,0,0,3.0,7.0
21640,Jessy Deminguet,Metz,M,Metz vs Le Havre,87,6.7,,0.0,,,42,35.0,,3.0,1.0,1.0,1.0,1,0,4.0,10.0
21640,Jessy Deminguet,Metz,M,Metz vs Marseille,79,6.3,,0.0,,,21,20.0,,1.0,,,1.0,0,0,2.0,4.0
21640,Jessy Deminguet,Metz,M,Toulouse vs Metz,19,6.2,,0.0,,,18,17.0,,,,1.0,,0,0,,1.0
21640,Jessy Deminguet,Metz,M,Lille vs Metz,89,6.3,,0.0,1.0,,28,24.0,,1.0,,3.0,1.0,1,0,3.0,8.0
21640,Jessy Deminguet,Metz,M,Metz vs Lens,81,7,,0.0,1.0,1.0,24,22.0,,1.0,1.0,,1.0,0,0,4.0,5.0
21640,Jessy Deminguet,Metz,M,Nantes vs Metz,78,6.7,,0.0,,,25,23.0,,1.0,1.0,,,0,0,3.0,6.0
21640,Jessy Deminguet,Metz,M,Metz vs Nice,77,6.6,,0.0,,,21,21.0,,2.0,,,2.0,0,0,5.0,10.0
21640,Jessy Deminguet,Metz,M,Stade Brestois 29 vs Metz,68,6.3,,0.0,,,21,17.0,,1.0,,,,0,0,1.0,4.0
21640,Jessy Deminguet,Metz,M,Metz vs Rennes,75,6.9,,0.0,1.0,1.0,43,39.0,,1.0,1.0,1.0,,0,0,1.0,4.0
21640,Jessy Deminguet,Metz,M,Auxerre vs Metz,80,6.9,,0.0,,,55,52.0,,,,4.0,2.0,1,0,6.0,13.0
21640,Jessy Deminguet,Metz,M,Metz vs Paris Saint Germain,85,8.2,1.0,0.0,1.0,1.0,37,34.0,,4.0,1.0,1.0,2.0,0,0,6.0,10.0
21640,Jessy Deminguet,Metz,M,Lorient vs Metz,45,6.3,,0.0,,,36,35.0,,,1.0,,,0,0,,1.0
21640,Jessy Deminguet,Metz,M,Strasbourg vs Metz,71,7,,0.0,1.0,,39,36.0,,3.0,,1.0,1.0,0,0,4.0,12.0
21640,Jessy Deminguet,Metz,M,Metz vs Lyon,62,6.7,,0.0,,,36,33.0,,1.0,,,1.0,0,0,2.0,2.0
21640,Jessy Deminguet,Metz,M,Angers vs Metz,32,6.9,,0.0,,,12,10.0,,1.0,,,2.0,0,0,4.0,7.0
21640,Jessy Deminguet,Metz,M,Metz vs Lille,70,6.6,,0.0,,,24,19.0,,1.0,1.0,1.0,,0,0,2.0,5.0
21640,Jessy Deminguet,Metz,M,Metz vs Auxerre,45,6.2,,0.0,,,37,30.0,,,,1.0,1.0,0,0,1.0,4.0
21640,Jessy Deminguet,Metz,M,Paris Saint Germain vs Metz,24,6.5,,0.0,1.0,,16,14.0,,,,,,0,0,,2.0
514519,Brian Madjo,Metz,F,Metz vs Strasbourg,59,6.7,,0.0,1.0,,5,3.0,,,,1.0,2.0,0,0,4.0,8.0
514519,Brian Madjo,Metz,F,Lyon vs Metz,80,6.6,,0.0,1.0,1.0,9,5.0,,,,1.0,1.0,0,0,1.0,4.0
514519,Brian Madjo,Metz,F,Metz vs Marseille,11,6.7,,0.0,,,0,,,,,,,0,0,1.0,1.0
514519,Brian Madjo,Metz,F,Auxerre vs Metz,11,6.5,,0.0,,,3,2.0,,,,1.0,,0,0,,2.0
20534,Cheick Tidiane Sabaly,Metz,F,Metz vs Strasbourg,73,6.3,,0.0,,,18,12.0,,2.0,,,2.0,0,0,4.0,13.0
20534,Cheick Tidiane Sabaly,Metz,F,Metz vs Angers,17,6.2,,0.0,,,3,2.0,,,,1.0,,0,0,,3.0
20534,Cheick Tidiane Sabaly,Metz,F,Monaco vs Metz,90,7.5,,1.0,1.0,,30,24.0,,2.0,2.0,1.0,1.0,0,0,5.0,12.0
20534,Cheick Tidiane Sabaly,Metz,F,Metz vs Le Havre,90,6.2,,0.0,,,14,10.0,,2.0,,,,0,0,2.0,7.0
20534,Cheick Tidiane Sabaly,Metz,F,Metz vs Marseille,90,6.9,,0.0,,,20,17.0,,1.0,1.0,2.0,2.0,0,0,4.0,8.0
20534,Cheick Tidiane Sabaly,Metz,F,Toulouse vs Metz,90,7.2,,0.0,,,18,18.0,,3.0,,,2.0,0,0,6.0,11.0
20534,Cheick Tidiane Sabaly,Metz,F,Lille vs Metz,89,6.2,,0.0,2.0,1.0,18,15.0,,1.0,1.0,1.0,2.0,0,0,4.0,13.0
20534,Cheick Tidiane Sabaly,Metz,F,Metz vs Lens,81,6.3,,0.0,1.0,1.0,23,18.0,,2.0,,4.0,,0,0,3.0,9.0
20534,Cheick Tidiane Sabaly,Metz,F,Nantes vs Metz,90,7.7,,1.0,1.0,1.0,22,17.0,,5.0,,1.0,1.0,0,0,7.0,13.0
20534,Cheick Tidiane Sabaly,Metz,F,Metz vs Nice,77,6.5,,0.0,1.0,,24,17.0,,,,3.0,3.0,1,0,7.0,16.0
20534,Cheick Tidiane Sabaly,Metz,F,Stade Brestois 29 vs Metz,90,6,,0.0,1.0,1.0,19,14.0,,,1.0,1.0,2.0,1,0,6.0,16.0
20534,Cheick Tidiane Sabaly,Metz,F,Metz vs Rennes,19,6.5,,0.0,,,1,,,,,,,0,0,,1.0
20534,Cheick Tidiane Sabaly,Metz,F,Auxerre vs Metz,68,6,,0.0,,,13,6.0,,,,,1.0,0,0,2.0,7.0
20534,Cheick Tidiane Sabaly,Metz,F,Metz vs Paris Saint Germain,12,6.5,,0.0,,,6,5.0,,,,,,0,0,,1.0
434410,Idrissa Gueye,Metz,F,Metz vs Strasbourg,31,6.3,,0.0,,,5,1.0,,1.0,,3.0,,0,0,1.0,8.0
434410,Idrissa Gueye,Metz,F,Lyon vs Metz,10,6.7,,0.0,,,1,1.0,,,,,1.0,0,0,1.0,1.0
434410,Idrissa Gueye,Metz,F,Paris FC vs Metz,89,6.6,,0.0,1.0,,10,6.0,,1.0,,,1.0,0,0,4.0,8.0
434352,Alpha Touré,Metz,M,Metz vs Strasbourg,17,6.7,,0.0,,,14,11.0,,1.0,,,,0,0,2.0,3.0
434352,Alpha Touré,Metz,M,Lyon vs Metz,49,7.2,,0.0,,,19,18.0,,3.0,,,1.0,0,0,4.0,5.0
434352,Alpha Touré,Metz,M,Paris FC vs Metz,13,6.7,,0.0,,,7,7.0,,,,1.0,,0,0,2.0,4.0
434352,Alpha Touré,Metz,M,Metz vs Angers,90,6.2,,0.0,,,41,37.0,,1.0,1.0,,1.0,0,0,4.0,8.0
434352,Alpha Touré,Metz,M,Monaco vs Metz,15,6.2,,0.0,,,6,5.0,,1.0,,,,0,0,1.0,2.0
434352,Alpha Touré,Metz,M,Metz vs Le Havre,8,6.7,,0.0,,,1,1.0,,,,,,0,0,,
434352,Alpha Touré,Metz,M,Metz vs Marseille,11,6.7,,0.0,,,9,8.0,,,,1.0,,0,0,1.0,2.0
434352,Alpha Touré,Metz,M,Toulouse vs Metz,90,6.7,,0.0,,,56,51.0,,3.0,,2.0,2.0,0,0,7.0,12.0
434352,Alpha Touré,Metz,M,Lille vs Metz,61,5.9,,0.0,,,15,8.0,,,,4.0,1.0,0,0,2.0,9.0
434352,Alpha Touré,Metz,M,Metz vs Lens,90,7.2,,0.0,2.0,,54,49.0,,2.0,1.0,2.0,4.0,1,0,9.0,13.0
434352,Alpha Touré,Metz,M,Nantes vs Metz,89,6.6,,0.0,1.0,1.0,35,34.0,,4.0,,3.0,,1,0,6.0,11.0
434352,Alpha Touré,Metz,M,Metz vs Nice,89,7.2,,0.0,,,35,30.0,,5.0,2.0,1.0,2.0,0,0,9.0,13.0
434352,Alpha Touré,Metz,M,Stade Brestois 29 vs Metz,90,5.9,,0.0,,,44,38.0,,1.0,1.0,1.0,,1,0,2.0,7.0
434352,Alpha Touré,Metz,M,Metz vs Rennes,15,6.9,,0.0,,,6,5.0,,1.0,,,,0,0,2.0,2.0
434352,Alpha Touré,Metz,M,Auxerre vs Metz,10,6.2,,0.0,,,9,7.0,,,,,,0,0,,
434352,Alpha Touré,Metz,M,Metz vs Paris Saint Germain,11,6.3,,0.0,,,8,8.0,,,,1.0,,0,0,,2.0
434352,Alpha Touré,Metz,M,Lorient vs Metz,45,6.5,,0.0,,,30,28.0,,2.0,1.0,,1.0,0,0,3.0,7.0
434352,Alpha Touré,Metz,M,Strasbourg vs Metz,19,6.6,,0.0,,,12,11.0,,1.0,,,,0,0,1.0,1.0
434352,Alpha Touré,Metz,M,Metz vs Lyon,62,6.2,,0.0,,,26,19.0,,,,,,0,0,1.0,1.0
434352,Alpha Touré,Metz,M,Angers vs Metz,31,6.9,,0.0,,,12,10.0,,1.0,1.0,,2.0,0,0,3.0,4.0
434352,Alpha Touré,Metz,M,Metz vs Lille,90,6.2,,0.0,,,13,10.0,,2.0,,1.0,,0,0,3.0,9.0
434352,Alpha Touré,Metz,M,Metz vs Auxerre,45,6.6,,1.0,2.0,,28,25.0,,2.0,,,1.0,0,0,4.0,8.0
434352,Alpha Touré,Metz,M,Paris Saint Germain vs Metz,78,5.9,,0.0,,,28,25.0,,,,3.0,1.0,0,0,2.0,11.0
408870,Ibou Sane,Metz,F,Metz vs Strasbourg,17,6.7,,0.0,,,4,4.0,,,,,1.0,0,0,1.0,1.0
408870,Ibou Sane,Metz,F,Lyon vs Metz,28,6.6,,0.0,,,9,8.0,,,1.0,1.0,2.0,0,0,3.0,5.0
408870,Ibou Sane,Metz,F,Paris FC vs Metz,28,6.5,,0.0,,,10,9.0,,,,,1.0,0,0,1.0,1.0
408870,Ibou Sane,Metz,F,Metz vs Angers,73,7.6,,0.0,1.0,1.0,14,13.0,,3.0,,,4.0,0,0,7.0,12.0
408870,Ibou Sane,Metz,F,Metz vs Le Havre,10,6.5,,0.0,,,3,3.0,,,,1.0,,0,0,,1.0
408870,Ibou Sane,Metz,F,Toulouse vs Metz,10,6.5,,0.0,,,3,3.0,,,,1.0,,0,0,,1.0
408870,Ibou Sane,Metz,F,Lille vs Metz,11,7.3,1.0,0.0,1.0,1.0,4,4.0,,,,1.0,2.0,0,0,2.0,5.0
408870,Ibou Sane,Metz,F,Metz vs Lens,9,7.3,,1.0,,,5,2.0,,,,,1.0,0,0,1.0,1.0
408870,Ibou Sane,Metz,F,Nantes vs Metz,78,6.7,,0.0,1.0,1.0,18,14.0,,1.0,,2.0,,1,0,3.0,7.0
408870,Ibou Sane,Metz,F,Metz vs Nice,13,6.5,,0.0,,,2,1.0,,,,,,0,0,,1.0
408870,Ibou Sane,Metz,F,Stade Brestois 29 vs Metz,12,6.6,,0.0,,,4,2.0,,,,,,0,0,,
408870,Ibou Sane,Metz,F,Metz vs Rennes,76,6.3,,0.0,2.0,,13,11.0,,,,1.0,,0,0,,2.0
408870,Ibou Sane,Metz,F,Auxerre vs Metz,22,6.5,,0.0,,,9,8.0,,,,,,0,0,,3.0
408870,Ibou Sane,Metz,F,Lorient vs Metz,79,6.3,,0.0,,,11,8.0,,3.0,,,1.0,1,0,5.0,7.0
408870,Ibou Sane,Metz,F,Strasbourg vs Metz,81,6.9,,0.0,,,20,16.0,,,,1.0,3.0,0,0,6.0,9.0
408870,Ibou Sane,Metz,F,Metz vs Lyon,8,6.3,,0.0,,,2,2.0,,,,,,0,0,,
19518,Maxime Colin,Metz,D,Metz vs Strasbourg,14,6.5,,0.0,,,10,10.0,,,,,,0,0,2.0,2.0
19518,Maxime Colin,Metz,D,Monaco vs Metz,90,5.7,,0.0,,,52,46.0,,2.0,,,1.0,0,0,3.0,6.0
19518,Maxime Colin,Metz,D,Metz vs Marseille,69,5.7,,0.0,,,30,24.0,,,,,,0,0,,2.0
19518,Maxime Colin,Metz,D,Metz vs Lens,90,7.3,,0.0,1.0,,54,50.0,,4.0,2.0,,,0,0,6.0,7.0
19518,Maxime Colin,Metz,D,Nantes vs Metz,90,7,,0.0,1.0,,31,30.0,,3.0,1.0,,,0,0,5.0,10.0
19518,Maxime Colin,Metz,D,Metz vs Nice,90,6.5,,0.0,,,42,37.0,,2.0,1.0,1.0,,0,0,2.0,5.0
19518,Maxime Colin,Metz,D,Stade Brestois 29 vs Metz,90,6.3,,0.0,1.0,1.0,35,25.0,,4.0,1.0,1.0,1.0,0,0,5.0,7.0
19518,Maxime Colin,Metz,D,Metz vs Rennes,90,7,,0.0,,,64,58.0,,1.0,3.0,1.0,,0,0,2.0,5.0
19518,Maxime Colin,Metz,D,Auxerre vs Metz,90,6.6,,0.0,,,53,49.0,,4.0,2.0,,1.0,0,0,7.0,8.0
19518,Maxime Colin,Metz,D,Metz vs Paris Saint Germain,90,6,,0.0,,,45,43.0,,,1.0,,,0,0,1.0,3.0
19518,Maxime Colin,Metz,D,Lorient vs Metz,90,6.7,,0.0,1.0,,57,49.0,,1.0,1.0,1.0,,0,0,1.0,3.0
19518,Maxime Colin,Metz,D,Strasbourg vs Metz,90,6.7,,0.0,,,45,39.0,,4.0,,1.0,,0,0,4.0,5.0
19518,Maxime Colin,Metz,D,Metz vs Lyon,78,5.3,,0.0,,,46,42.0,,,2.0,1.0,,0,0,1.0,4.0
19518,Maxime Colin,Metz,D,Angers vs Metz,31,7.2,,0.0,,,15,13.0,,,1.0,1.0,,0,0,,1.0
19518,Maxime Colin,Metz,D,Metz vs Auxerre,27,6.3,,0.0,,,20,17.0,,,1.0,,,0,0,,1.0
327548,Joseph N'Duquidi,Metz,M,Metz vs Strasbourg,14,6.5,,0.0,,,3,2.0,,,,,,0,0,,
340151,Mike Penders,Strasbourg,G,Metz vs Strasbourg,90,6.9,,0.0,,,23,22.0,,,,,,0,0,,
340151,Mike Penders,Strasbourg,G,Monaco vs Strasbourg,90,5,,0.0,,,38,33.0,,,,,,0,0,,
340151,Mike Penders,Strasbourg,G,Strasbourg vs Le Havre,90,7.2,,0.0,,,40,35.0,,,,,,0,0,,
340151,Mike Penders,Strasbourg,G,Paris FC vs Strasbourg,90,6.2,,0.0,,,43,31.0,,,,,,1,0,,
340151,Mike Penders,Strasbourg,G,Strasbourg vs Marseille,90,7.3,,0.0,,,40,32.0,,,,,,0,0,,
340151,Mike Penders,Strasbourg,G,Strasbourg vs Angers,90,6.9,,0.0,,,61,54.0,,,,,,0,0,,
340151,Mike Penders,Strasbourg,G,Paris Saint Germain vs Strasbourg,90,6.6,,0.0,,,30,21.0,,,,1.0,,1,0,,1.0
340151,Mike Penders,Strasbourg,G,Lyon vs Strasbourg,90,7.9,,0.0,,,61,49.0,,,,,,0,0,,
340151,Mike Penders,Strasbourg,G,Strasbourg vs Auxerre,90,6.9,,0.0,,,40,38.0,,,,,,0,0,,
340151,Mike Penders,Strasbourg,G,Rennes vs Strasbourg,90,6.5,,0.0,,,44,41.0,,,,,,0,0,,
340151,Mike Penders,Strasbourg,G,Strasbourg vs Lille,90,7.9,,0.0,,,60,46.0,,,,,,1,0,,
340151,Mike Penders,Strasbourg,G,Lens vs Strasbourg,90,7.9,,0.0,,,42,36.0,,,,,,0,0,,
340151,Mike Penders,Strasbourg,G,Strasbourg vs Stade Brestois 29,90,7.3,,0.0,,,44,40.0,,,,,,0,0,1.0,1.0
340151,Mike Penders,Strasbourg,G,Toulouse vs Strasbourg,90,6.6,,0.0,,,53,47.0,,,,,,0,0,1.0,1.0
340151,Mike Penders,Strasbourg,G,Strasbourg vs Lorient,90,7.2,,0.0,,,39,35.0,,,,,,0,0,,
340151,Mike Penders,Strasbourg,G,Nice vs Strasbourg,90,7.2,,0.0,,,49,42.0,,,,,,0,0,,
340151,Mike Penders,Strasbourg,G,Strasbourg vs Metz,90,6.7,,0.0,,,27,22.0,,,,,,0,0,,
340151,Mike Penders,Strasbourg,G,Lille vs Strasbourg,90,8,,0.0,,,56,45.0,,,,,,0,0,,
340151,Mike Penders,Strasbourg,G,Strasbourg vs Paris Saint Germain,90,6.3,,0.0,,,32,26.0,,,,,,0,0,,
340151,Mike Penders,Strasbourg,G,Le Havre vs Strasbourg,90,7.3,,0.0,,,25,24.0,,,,,1.0,0,0,1.0,1.0
340151,Mike Penders,Strasbourg,G,Marseille vs Strasbourg,90,6.9,,0.0,,,26,25.0,,,,,,0,0,,
340151,Mike Penders,Strasbourg,G,Strasbourg vs Lyon,90,6.9,,0.0,,,44,38.0,,,,,,0,0,,
340151,Mike Penders,Strasbourg,G,Strasbourg vs Lens,90,6.3,,0.0,,,58,51.0,,,,,,0,0,1.0,1.0
334035,Samuel Amo-Ameyaw,Strasbourg,D,Metz vs Strasbourg,80,6.9,,0.0,,,27,25.0,,3.0,,3.0,2.0,0,0,10.0,19.0
334035,Samuel Amo-Ameyaw,Strasbourg,D,Monaco vs Strasbourg,19,6.6,,1.0,1.0,,8,6.0,,,,,1.0,0,0,3.0,5.0
334035,Samuel Amo-Ameyaw,Strasbourg,D,Strasbourg vs Le Havre,45,7.3,,0.0,,,13,12.0,,3.0,1.0,,2.0,0,0,7.0,10.0
334035,Samuel Amo-Ameyaw,Strasbourg,D,Strasbourg vs Marseille,45,6.3,,0.0,,,15,15.0,,,,1.0,,1,0,,3.0
334035,Samuel Amo-Ameyaw,Strasbourg,D,Strasbourg vs Angers,17,6.5,,0.0,,,17,16.0,,,,,,0,0,,1.0
334035,Samuel Amo-Ameyaw,Strasbourg,D,Strasbourg vs Auxerre,45,6.7,,0.0,1.0,,12,11.0,,1.0,,,,0,0,1.0,3.0
334035,Samuel Amo-Ameyaw,Strasbourg,D,Rennes vs Strasbourg,52,7.3,,0.0,1.0,,21,19.0,,3.0,,1.0,2.0,0,0,6.0,8.0
334035,Samuel Amo-Ameyaw,Strasbourg,D,Strasbourg vs Stade Brestois 29,57,7.2,1.0,0.0,1.0,1.0,18,15.0,,3.0,,1.0,2.0,0,0,6.0,12.0
334035,Samuel Amo-Ameyaw,Strasbourg,D,Toulouse vs Strasbourg,15,6.9,,0.0,,,8,7.0,,1.0,,,2.0,0,0,3.0,3.0
334035,Samuel Amo-Ameyaw,Strasbourg,D,Strasbourg vs Lorient,90,6.6,,0.0,,,51,44.0,,1.0,2.0,,1.0,0,0,2.0,5.0
334035,Samuel Amo-Ameyaw,Strasbourg,D,Nice vs Strasbourg,23,7.2,,0.0,,,8,7.0,,1.0,,1.0,,0,0,1.0,3.0
334035,Samuel Amo-Ameyaw,Strasbourg,D,Strasbourg vs Metz,10,6.9,,0.0,,,7,7.0,,,,,,0,0,2.0,3.0
334035,Samuel Amo-Ameyaw,Strasbourg,D,Lille vs Strasbourg,14,6,,0.0,,,4,3.0,,,,1.0,1.0,0,0,1.0,3.0
334035,Samuel Amo-Ameyaw,Strasbourg,D,Strasbourg vs Paris Saint Germain,8,6.5,,0.0,,,4,2.0,,,,1.0,,0,0,1.0,4.0
334035,Samuel Amo-Ameyaw,Strasbourg,D,Le Havre vs Strasbourg,14,6.3,,0.0,,,12,10.0,,,,,,0,0,,1.0
334035,Samuel Amo-Ameyaw,Strasbourg,D,Strasbourg vs Lyon,9,6.6,,0.0,,,1,1.0,,,,,1.0,0,0,2.0,2.0
282549,Junior Mwanga,Strasbourg,D,Metz vs Strasbourg,90,7.9,,0.0,,,88,81.0,,4.0,,2.0,1.0,0,0,6.0,10.0
282549,Junior Mwanga,Strasbourg,D,Strasbourg vs Nantes,90,7.3,,0.0,1.0,,43,38.0,,4.0,1.0,2.0,,0,0,7.0,11.0
282549,Junior Mwanga,Strasbourg,D,Nice vs Nantes,77,7,,0.0,,,23,19.0,,1.0,1.0,2.0,3.0,0,0,5.0,8.0
282549,Junior Mwanga,Strasbourg,D,Nantes vs Rennes,90,7.9,1.0,0.0,1.0,1.0,41,38.0,,1.0,1.0,,1.0,0,0,3.0,4.0
282549,Junior Mwanga,Strasbourg,D,Toulouse vs Nantes,90,7.2,,0.0,,,48,43.0,,4.0,1.0,,1.0,0,0,9.0,17.0
282549,Junior Mwanga,Strasbourg,D,Stade Brestois 29 vs Nantes,90,6.9,,0.0,,,54,49.0,,1.0,1.0,,,0,0,2.0,3.0
282549,Junior Mwanga,Strasbourg,D,Nantes vs Lille,90,6.9,,0.0,,,19,15.0,,3.0,,2.0,1.0,0,0,5.0,11.0
282549,Junior Mwanga,Strasbourg,D,Paris FC vs Nantes,90,6.5,,0.0,1.0,,25,20.0,,,2.0,3.0,1.0,1,0,2.0,6.0
282549,Junior Mwanga,Strasbourg,D,Nantes vs Monaco,90,6.9,,0.0,,,32,22.0,,2.0,1.0,1.0,1.0,0,0,4.0,7.0
282549,Junior Mwanga,Strasbourg,D,Nantes vs Metz,90,6.7,,0.0,,,41,37.0,,3.0,,1.0,1.0,0,0,5.0,14.0
282549,Junior Mwanga,Strasbourg,D,Le Havre vs Nantes,90,6.7,,0.0,,,28,20.0,,2.0,,1.0,,0,0,4.0,8.0
282549,Junior Mwanga,Strasbourg,D,Nantes vs Lorient,90,6.9,,0.0,1.0,,40,36.0,,1.0,,1.0,2.0,0,0,4.0,9.0
282549,Junior Mwanga,Strasbourg,D,Lyon vs Nantes,43,5.3,,0.0,1.0,,12,9.0,,,,2.0,,0,1,2.0,6.0
282549,Junior Mwanga,Strasbourg,D,Angers vs Nantes,90,6.6,,0.0,1.0,1.0,47,37.0,,4.0,2.0,,1.0,0,0,7.0,8.0
282549,Junior Mwanga,Strasbourg,D,Marseille vs Nantes,63,6.9,,0.0,,,19,17.0,,3.0,,1.0,1.0,1,0,5.0,8.0
282549,Junior Mwanga,Strasbourg,D,Nantes vs Paris FC,90,7.2,,1.0,,,65,60.0,,,,,1.0,0,0,3.0,6.0
282549,Junior Mwanga,Strasbourg,D,Nantes vs Nice,90,6.6,,0.0,2.0,1.0,48,38.0,,1.0,1.0,2.0,,0,0,5.0,12.0
282549,Junior Mwanga,Strasbourg,D,Le Havre vs Strasbourg,33,6.5,,0.0,,,10,8.0,,,,,,0,0,1.0,2.0
396193,Lucas Høgsberg,Strasbourg,D,Metz vs Strasbourg,90,7.6,,0.0,,,89,83.0,,2.0,2.0,,,0,0,3.0,3.0
396193,Lucas Høgsberg,Strasbourg,D,Monaco vs Strasbourg,90,6.3,,0.0,,,68,62.0,,,1.0,2.0,,0,0,1.0,6.0
396193,Lucas Høgsberg,Strasbourg,D,Strasbourg vs Le Havre,90,7.2,,0.0,,,58,56.0,,,,3.0,3.0,2,1,4.0,7.0
396193,Lucas Høgsberg,Strasbourg,D,Strasbourg vs Marseille,90,6.5,,0.0,,,46,38.0,,2.0,1.0,2.0,2.0,0,0,6.0,8.0
396193,Lucas Høgsberg,Strasbourg,D,Strasbourg vs Angers,77,6.9,,0.0,,,97,90.0,,,2.0,,,0,0,,1.0
396193,Lucas Høgsberg,Strasbourg,D,Paris Saint Germain vs Strasbourg,90,6.2,,0.0,,,34,32.0,,,,3.0,,0,0,,3.0
396193,Lucas Høgsberg,Strasbourg,D,Lyon vs Strasbourg,89,6.7,,0.0,,,47,43.0,,1.0,1.0,,1.0,0,0,2.0,2.0
396193,Lucas Høgsberg,Strasbourg,D,Rennes vs Strasbourg,90,6.2,,0.0,1.0,,79,77.0,,2.0,,,1.0,0,0,4.0,6.0
396193,Lucas Høgsberg,Strasbourg,D,Strasbourg vs Lille,90,6.9,,0.0,,,52,48.0,,2.0,1.0,1.0,,0,0,2.0,4.0
396193,Lucas Høgsberg,Strasbourg,D,Lens vs Strasbourg,45,6.9,,0.0,,,31,28.0,,2.0,,,,0,0,2.0,4.0
396193,Lucas Høgsberg,Strasbourg,D,Nice vs Strasbourg,89,7.2,,0.0,1.0,1.0,88,79.0,,1.0,,,,0,0,2.0,3.0
396193,Lucas Høgsberg,Strasbourg,D,Strasbourg vs Metz,64,6.5,,0.0,,,39,35.0,,1.0,,1.0,,1,0,1.0,3.0
396193,Lucas Høgsberg,Strasbourg,D,Le Havre vs Strasbourg,90,6.5,,0.0,,,36,34.0,,,,,,0,0,1.0,3.0
396193,Lucas Høgsberg,Strasbourg,D,Marseille vs Strasbourg,64,6.2,,0.0,1.0,,51,49.0,,1.0,,,1.0,0,0,2.0,5.0
396193,Lucas Høgsberg,Strasbourg,D,Strasbourg vs Lens,14,6.9,,0.0,,,20,20.0,,,,,,0,0,,
276184,Mamadou Sarr,Strasbourg,D,Metz vs Strasbourg,90,7.7,,0.0,,,84,81.0,,2.0,,,2.0,1,0,6.0,7.0
276184,Mamadou Sarr,Strasbourg,D,Strasbourg vs Nantes,90,7.3,,0.0,,,54,52.0,,7.0,,1.0,,0,0,9.0,17.0
276184,Mamadou Sarr,Strasbourg,D,Monaco vs Strasbourg,90,6.5,,0.0,,,74,70.0,,2.0,,,,0,0,7.0,11.0
276184,Mamadou Sarr,Strasbourg,D,Strasbourg vs Le Havre,90,7.2,,0.0,,,57,54.0,,1.0,1.0,2.0,,0,0,4.0,7.0
276184,Mamadou Sarr,Strasbourg,D,Paris FC vs Strasbourg,90,6.3,,0.0,,,60,55.0,,1.0,,1.0,,1,0,2.0,5.0
276184,Mamadou Sarr,Strasbourg,D,Strasbourg vs Marseille,90,6.2,,0.0,,,38,33.0,,1.0,1.0,1.0,,0,0,2.0,6.0
276184,Mamadou Sarr,Strasbourg,D,Lyon vs Strasbourg,90,6.5,,0.0,,,73,69.0,,,2.0,2.0,2.0,1,0,3.0,5.0
276184,Mamadou Sarr,Strasbourg,D,Strasbourg vs Auxerre,90,7.3,,0.0,,,90,89.0,,,,2.0,1.0,0,0,4.0,7.0
276184,Mamadou Sarr,Strasbourg,D,Strasbourg vs Lille,90,7.2,,0.0,,,45,43.0,,1.0,1.0,,1.0,0,0,3.0,5.0
276184,Mamadou Sarr,Strasbourg,D,Lens vs Strasbourg,90,7,,0.0,1.0,,59,55.0,,,,,2.0,0,0,4.0,4.0
276184,Mamadou Sarr,Strasbourg,D,Strasbourg vs Stade Brestois 29,90,6.3,,0.0,,,66,60.0,,,,3.0,1.0,0,0,2.0,6.0
276184,Mamadou Sarr,Strasbourg,D,Toulouse vs Strasbourg,90,6.6,,0.0,,,127,124.0,,,1.0,1.0,1.0,0,0,2.0,6.0
276184,Mamadou Sarr,Strasbourg,D,Strasbourg vs Lorient,45,6.9,,0.0,,,48,48.0,,,,1.0,,0,0,1.0,3.0
276184,Mamadou Sarr,Strasbourg,D,Lille vs Strasbourg,90,6.6,,0.0,,,75,71.0,,,1.0,1.0,1.0,0,0,2.0,5.0
276184,Mamadou Sarr,Strasbourg,D,Strasbourg vs Paris Saint Germain,90,6.3,,0.0,,,32,29.0,,,2.0,1.0,,0,0,,4.0
358166,Abdoul Ouattara,Strasbourg,D,Metz vs Strasbourg,55,6.7,,0.0,,,37,35.0,,,,1.0,,1,0,1.0,4.0
358166,Abdoul Ouattara,Strasbourg,D,Strasbourg vs Nantes,90,7.3,,0.0,2.0,1.0,27,25.0,,,2.0,1.0,,0,0,,5.0
358166,Abdoul Ouattara,Strasbourg,D,Monaco vs Strasbourg,45,6.2,,0.0,,,24,20.0,,,,,,0,0,,1.0
358166,Abdoul Ouattara,Strasbourg,D,Strasbourg vs Le Havre,45,6.2,,0.0,,,16,15.0,,,,1.0,,0,0,,4.0
358166,Abdoul Ouattara,Strasbourg,D,Paris FC vs Strasbourg,90,6.2,,0.0,,,37,30.0,,1.0,1.0,,1.0,0,0,2.0,4.0
358166,Abdoul Ouattara,Strasbourg,D,Strasbourg vs Marseille,45,7.9,1.0,0.0,1.0,1.0,19,15.0,,1.0,1.0,,,0,0,2.0,3.0
358166,Abdoul Ouattara,Strasbourg,D,Strasbourg vs Angers,90,7.5,1.0,0.0,2.0,2.0,46,43.0,,2.0,1.0,4.0,,0,0,2.0,8.0
358166,Abdoul Ouattara,Strasbourg,D,Paris Saint Germain vs Strasbourg,90,6.2,,0.0,,,13,11.0,,2.0,,,,0,0,2.0,5.0
358166,Abdoul Ouattara,Strasbourg,D,Lyon vs Strasbourg,90,6.5,,0.0,1.0,,17,14.0,,1.0,2.0,1.0,1.0,0,0,3.0,5.0
358166,Abdoul Ouattara,Strasbourg,D,Strasbourg vs Auxerre,45,7,,0.0,,,30,27.0,,3.0,,,,0,0,3.0,3.0
358166,Abdoul Ouattara,Strasbourg,D,Rennes vs Strasbourg,61,5.9,,0.0,4.0,,31,28.0,,,,,,0,0,,1.0
358166,Abdoul Ouattara,Strasbourg,D,Strasbourg vs Lille,89,6.9,,0.0,,,27,26.0,,2.0,1.0,,1.0,0,0,3.0,4.0
358166,Abdoul Ouattara,Strasbourg,D,Strasbourg vs Lorient,9,6.3,,0.0,,,8,6.0,,,,,,0,0,,
358166,Abdoul Ouattara,Strasbourg,D,Nice vs Strasbourg,90,7,,0.0,,,47,41.0,,1.0,,,2.0,0,0,5.0,7.0
358166,Abdoul Ouattara,Strasbourg,D,Strasbourg vs Metz,26,6.9,,0.0,,,16,16.0,,2.0,,,,0,0,2.0,2.0
358166,Abdoul Ouattara,Strasbourg,D,Lille vs Strasbourg,29,6.3,,0.0,1.0,,20,16.0,,,1.0,,,0,0,,
358166,Abdoul Ouattara,Strasbourg,D,Strasbourg vs Paris Saint Germain,90,6.3,,0.0,,,24,22.0,,,,,,0,0,,2.0
358166,Abdoul Ouattara,Strasbourg,D,Marseille vs Strasbourg,45,6.9,,0.0,,,28,26.0,,2.0,,,,0,0,2.0,2.0
358166,Abdoul Ouattara,Strasbourg,D,Strasbourg vs Lyon,15,6.7,,0.0,,,5,5.0,,,,,,0,0,,
358166,Abdoul Ouattara,Strasbourg,D,Strasbourg vs Lens,90,6.3,,0.0,2.0,2.0,39,33.0,,1.0,,1.0,,1,0,1.0,2.0
325594,Félix Lemaréchal,Strasbourg,M,Metz vs Strasbourg,90,6.2,,0.0,3.0,1.0,44,40.0,,3.0,,2.0,,0,0,6.0,16.0
325594,Félix Lemaréchal,Strasbourg,M,Strasbourg vs Nantes,75,6.9,,0.0,,,33,25.0,,1.0,,1.0,3.0,0,0,5.0,10.0
325594,Félix Lemaréchal,Strasbourg,M,Monaco vs Strasbourg,89,6.7,,0.0,1.0,,47,37.0,,2.0,,3.0,1.0,0,0,8.0,15.0
325594,Félix Lemaréchal,Strasbourg,M,Strasbourg vs Le Havre,45,6.3,,0.0,,,9,5.0,,1.0,,,,0,0,1.0,2.0
325594,Félix Lemaréchal,Strasbourg,M,Paris FC vs Strasbourg,29,6.3,,0.0,,,9,6.0,,,,,2.0,0,0,3.0,5.0
325594,Félix Lemaréchal,Strasbourg,M,Strasbourg vs Marseille,45,6.3,,0.0,,,15,10.0,,1.0,1.0,,,0,0,1.0,3.0
325594,Félix Lemaréchal,Strasbourg,M,Strasbourg vs Angers,72,7.9,,2.0,2.0,1.0,30,28.0,,6.0,,,,0,0,9.0,15.0
325594,Félix Lemaréchal,Strasbourg,M,Paris Saint Germain vs Strasbourg,25,6.2,,0.0,,,11,7.0,,2.0,1.0,1.0,,0,0,3.0,6.0
325594,Félix Lemaréchal,Strasbourg,M,Lyon vs Strasbourg,13,6.3,,0.0,,,4,2.0,,,,1.0,,1,0,,2.0
325594,Félix Lemaréchal,Strasbourg,M,Lens vs Strasbourg,61,6.7,,0.0,1.0,,28,19.0,,1.0,1.0,,,0,0,3.0,5.0
325594,Félix Lemaréchal,Strasbourg,M,Strasbourg vs Metz,10,6.5,,0.0,,,4,2.0,,,,1.0,,0,0,,2.0
415431,Samir El Mourabet,Strasbourg,M,Metz vs Strasbourg,72,7,,0.0,,,62,52.0,,3.0,1.0,2.0,,0,0,6.0,11.0
415431,Samir El Mourabet,Strasbourg,M,Strasbourg vs Nantes,65,6.6,,0.0,,,33,31.0,,,,,1.0,0,0,2.0,6.0
415431,Samir El Mourabet,Strasbourg,M,Monaco vs Strasbourg,19,6.7,,0.0,1.0,,9,8.0,,1.0,,,,0,0,1.0,3.0
415431,Samir El Mourabet,Strasbourg,M,Strasbourg vs Le Havre,20,6.6,,0.0,,,9,9.0,,1.0,,,1.0,0,0,2.0,4.0
415431,Samir El Mourabet,Strasbourg,M,Paris FC vs Strasbourg,73,7.2,,0.0,,,36,33.0,,1.0,,,2.0,0,0,3.0,4.0
415431,Samir El Mourabet,Strasbourg,M,Strasbourg vs Marseille,12,6.5,,0.0,,,8,8.0,,,,,,0,0,,
415431,Samir El Mourabet,Strasbourg,M,Strasbourg vs Angers,90,7.3,,0.0,,,92,83.0,,4.0,1.0,2.0,,0,0,5.0,8.0
415431,Samir El Mourabet,Strasbourg,M,Paris Saint Germain vs Strasbourg,65,6.6,,0.0,,,19,16.0,,3.0,,,,0,0,3.0,5.0
415431,Samir El Mourabet,Strasbourg,M,Lyon vs Strasbourg,77,6.9,,0.0,,,35,30.0,,1.0,2.0,2.0,,0,0,2.0,4.0
415431,Samir El Mourabet,Strasbourg,M,Strasbourg vs Auxerre,45,7.2,,0.0,,,55,52.0,,,,1.0,4.0,0,0,4.0,7.0
415431,Samir El Mourabet,Strasbourg,M,Rennes vs Strasbourg,52,6.2,,0.0,,,30,26.0,,5.0,,,1.0,0,0,7.0,10.0
415431,Samir El Mourabet,Strasbourg,M,Strasbourg vs Lille,14,6.3,,0.0,,,3,1.0,,,,,,0,0,,
415431,Samir El Mourabet,Strasbourg,M,Lens vs Strasbourg,61,7.2,,0.0,,,31,29.0,,4.0,,2.0,1.0,1,0,6.0,9.0
415431,Samir El Mourabet,Strasbourg,M,Strasbourg vs Stade Brestois 29,90,7.2,,0.0,,,67,63.0,,3.0,4.0,,1.0,0,0,4.0,6.0
415431,Samir El Mourabet,Strasbourg,M,Toulouse vs Strasbourg,90,6.7,,0.0,,,82,78.0,,1.0,1.0,3.0,,1,0,2.0,7.0
415431,Samir El Mourabet,Strasbourg,M,Strasbourg vs Lorient,81,6.6,,0.0,,,56,51.0,,5.0,,1.0,,0,0,6.0,14.0
415431,Samir El Mourabet,Strasbourg,M,Nice vs Strasbourg,81,6.9,,0.0,1.0,,47,42.0,,4.0,,1.0,,0,0,5.0,7.0
415431,Samir El Mourabet,Strasbourg,M,Strasbourg vs Metz,90,8.2,,0.0,,,60,53.0,,3.0,2.0,,,0,0,7.0,9.0
415431,Samir El Mourabet,Strasbourg,M,Lille vs Strasbourg,61,6.6,,0.0,,,33,28.0,,2.0,,2.0,,1,0,3.0,7.0
415431,Samir El Mourabet,Strasbourg,M,Strasbourg vs Paris Saint Germain,89,6.7,,0.0,,,30,25.0,,2.0,1.0,,,0,0,2.0,3.0
415431,Samir El Mourabet,Strasbourg,M,Le Havre vs Strasbourg,90,6.9,,0.0,1.0,,56,54.0,,4.0,3.0,1.0,1.0,0,0,5.0,9.0
415431,Samir El Mourabet,Strasbourg,M,Marseille vs Strasbourg,45,6.2,,0.0,,,42,36.0,,4.0,1.0,,1.0,0,0,5.0,6.0
415431,Samir El Mourabet,Strasbourg,M,Strasbourg vs Lyon,90,7.6,,1.0,,,47,47.0,,4.0,,,1.0,0,0,5.0,8.0
415431,Samir El Mourabet,Strasbourg,M,Strasbourg vs Lens,90,7.5,,0.0,,,58,52.0,,3.0,2.0,1.0,1.0,0,0,5.0,8.0
319572,Valentín Barco,Strasbourg,M,Metz vs Strasbourg,90,7.3,,0.0,,,65,54.0,,1.0,,1.0,5.0,0,0,12.0,19.0
319572,Valentín Barco,Strasbourg,M,Strasbourg vs Nantes,49,6.9,,0.0,,,29,25.0,,,1.0,,2.0,0,0,2.0,4.0
319572,Valentín Barco,Strasbourg,M,Monaco vs Strasbourg,90,7.9,,0.0,,,57,50.0,,4.0,,1.0,4.0,0,0,10.0,14.0
319572,Valentín Barco,Strasbourg,M,Strasbourg vs Le Havre,90,7.2,,0.0,2.0,2.0,53,47.0,,4.0,,,1.0,0,0,6.0,12.0
319572,Valentín Barco,Strasbourg,M,Paris FC vs Strasbourg,90,6.9,,0.0,,,36,27.0,,3.0,,2.0,1.0,1,0,5.0,8.0
319572,Valentín Barco,Strasbourg,M,Strasbourg vs Marseille,84,7.3,,0.0,1.0,,50,44.0,,3.0,2.0,,3.0,0,0,8.0,11.0
319572,Valentín Barco,Strasbourg,M,Strasbourg vs Angers,73,7.9,,1.0,1.0,,79,68.0,,3.0,1.0,1.0,3.0,1,0,6.0,10.0
319572,Valentín Barco,Strasbourg,M,Paris Saint Germain vs Strasbourg,90,7.3,,1.0,,,39,35.0,,3.0,,,3.0,0,0,7.0,9.0
319572,Valentín Barco,Strasbourg,M,Lyon vs Strasbourg,90,6.2,,0.0,,,45,37.0,,1.0,1.0,1.0,3.0,0,0,5.0,9.0
319572,Valentín Barco,Strasbourg,M,Strasbourg vs Auxerre,62,8.3,1.0,1.0,1.0,1.0,67,56.0,,2.0,2.0,,3.0,0,0,5.0,8.0
319572,Valentín Barco,Strasbourg,M,Rennes vs Strasbourg,90,7.2,,1.0,3.0,1.0,61,51.0,,3.0,,2.0,4.0,0,0,9.0,17.0
319572,Valentín Barco,Strasbourg,M,Strasbourg vs Lille,90,7.7,,0.0,1.0,,30,23.0,,2.0,,,4.0,0,0,9.0,11.0
319572,Valentín Barco,Strasbourg,M,Lens vs Strasbourg,77,6.2,,0.0,,,51,40.0,,,,2.0,1.0,0,1,4.0,9.0
319572,Valentín Barco,Strasbourg,M,Strasbourg vs Lorient,90,7,,0.0,1.0,,87,83.0,,,2.0,1.0,2.0,0,0,2.0,8.0
319572,Valentín Barco,Strasbourg,M,Nice vs Strasbourg,90,6.5,,0.0,1.0,1.0,56,46.0,,,,1.0,3.0,0,0,3.0,4.0
319572,Valentín Barco,Strasbourg,M,Strasbourg vs Metz,90,7.3,,0.0,1.0,,76,70.0,,3.0,1.0,3.0,3.0,1,0,8.0,13.0
319572,Valentín Barco,Strasbourg,M,Lille vs Strasbourg,90,7.7,,0.0,,,58,56.0,,3.0,,,1.0,0,0,4.0,6.0
319572,Valentín Barco,Strasbourg,M,Le Havre vs Strasbourg,90,7,,0.0,,,74,66.0,,2.0,,2.0,1.0,0,0,4.0,11.0
319572,Valentín Barco,Strasbourg,M,Marseille vs Strasbourg,90,7.2,,0.0,,,91,81.0,,4.0,1.0,1.0,1.0,1,0,6.0,11.0
319572,Valentín Barco,Strasbourg,M,Strasbourg vs Lyon,90,6.9,,0.0,,,61,50.0,,1.0,,2.0,1.0,0,0,2.0,6.0
319572,Valentín Barco,Strasbourg,M,Strasbourg vs Lens,90,7.5,,0.0,,,72,67.0,,2.0,,,2.0,0,0,5.0,7.0
203762,Emmanuel Emegha,Strasbourg,F,Metz vs Strasbourg,90,6.9,,0.0,2.0,2.0,7,5.0,,,,1.0,2.0,0,0,4.0,5.0
203762,Emmanuel Emegha,Strasbourg,F,Strasbourg vs Nantes,45,6.9,1.0,0.0,3.0,2.0,0,,,,,,,0,0,,
203762,Emmanuel Emegha,Strasbourg,F,Paris FC vs Strasbourg,30,7.2,1.0,1.0,2.0,2.0,5,5.0,,,,3.0,1.0,1,0,1.0,5.0
203762,Emmanuel Emegha,Strasbourg,F,Strasbourg vs Marseille,62,6.9,,1.0,1.0,,7,6.0,,,,2.0,2.0,1,0,2.0,5.0
203762,Emmanuel Emegha,Strasbourg,F,Strasbourg vs Lille,76,9.2,2.0,0.0,2.0,2.0,9,7.0,,,,3.0,2.0,0,0,4.0,9.0
203762,Emmanuel Emegha,Strasbourg,F,Lens vs Strasbourg,90,6.3,,0.0,1.0,,12,10.0,,,,1.0,2.0,1,0,4.0,6.0
203762,Emmanuel Emegha,Strasbourg,F,Strasbourg vs Stade Brestois 29,21,6.3,,0.0,1.0,,3,2.0,,,,,,0,0,1.0,1.0
390742,Joaquin Panichelli,Strasbourg,F,Metz vs Strasbourg,90,7.3,1.0,0.0,1.0,1.0,28,18.0,,3.0,,,2.0,0,0,8.0,16.0
390742,Joaquin Panichelli,Strasbourg,F,Strasbourg vs Nantes,90,6.2,,0.0,2.0,,20,16.0,,,,1.0,1.0,1,0,5.0,17.0
390742,Joaquin Panichelli,Strasbourg,F,Monaco vs Strasbourg,90,6.3,1.0,0.0,2.0,1.0,15,12.0,,,,3.0,1.0,0,0,1.0,11.0
390742,Joaquin Panichelli,Strasbourg,F,Strasbourg vs Le Havre,90,7.2,1.0,0.0,3.0,3.0,16,14.0,,,1.0,,3.0,0,0,7.0,14.0
390742,Joaquin Panichelli,Strasbourg,F,Paris FC vs Strasbourg,60,6.2,,0.0,,,12,10.0,,1.0,,2.0,2.0,0,0,3.0,10.0
390742,Joaquin Panichelli,Strasbourg,F,Strasbourg vs Marseille,28,6.3,,0.0,3.0,,10,7.0,,,,2.0,1.0,0,0,3.0,6.0
390742,Joaquin Panichelli,Strasbourg,F,Strasbourg vs Angers,84,8.9,2.0,0.0,6.0,5.0,10,6.0,,,2.0,1.0,1.0,0,0,2.0,6.0
390742,Joaquin Panichelli,Strasbourg,F,Paris Saint Germain vs Strasbourg,90,8.9,2.0,0.0,4.0,3.0,31,28.0,,3.0,2.0,3.0,2.0,0,0,9.0,15.0
390742,Joaquin Panichelli,Strasbourg,F,Lyon vs Strasbourg,90,7.3,1.0,0.0,1.0,1.0,27,13.0,,1.0,,3.0,1.0,0,0,8.0,14.0
390742,Joaquin Panichelli,Strasbourg,F,Strasbourg vs Auxerre,66,6.6,1.0,0.0,5.0,3.0,8,6.0,,1.0,,1.0,1.0,0,0,2.0,6.0
390742,Joaquin Panichelli,Strasbourg,F,Rennes vs Strasbourg,90,6.3,,0.0,1.0,,9,5.0,,,,2.0,2.0,0,0,4.0,8.0
390742,Joaquin Panichelli,Strasbourg,F,Strasbourg vs Lille,89,6.3,,0.0,,,22,11.0,,4.0,2.0,4.0,2.0,1,0,11.0,21.0
390742,Joaquin Panichelli,Strasbourg,F,Lens vs Strasbourg,90,6.9,,0.0,,,28,19.0,,3.0,2.0,1.0,1.0,0,0,9.0,15.0
390742,Joaquin Panichelli,Strasbourg,F,Strasbourg vs Stade Brestois 29,90,7.5,,0.0,3.0,1.0,20,18.0,,,,2.0,3.0,0,0,8.0,12.0
390742,Joaquin Panichelli,Strasbourg,F,Toulouse vs Strasbourg,90,6.2,,0.0,,,14,12.0,,1.0,,1.0,1.0,0,0,3.0,12.0
390742,Joaquin Panichelli,Strasbourg,F,Strasbourg vs Lorient,90,6.2,,0.0,4.0,1.0,13,11.0,,2.0,,1.0,,0,0,8.0,18.0
390742,Joaquin Panichelli,Strasbourg,F,Nice vs Strasbourg,90,7,1.0,0.0,1.0,1.0,27,21.0,,,,3.0,2.0,0,0,5.0,9.0
390742,Joaquin Panichelli,Strasbourg,F,Strasbourg vs Metz,90,6.6,,0.0,1.0,1.0,13,11.0,,,1.0,,1.0,0,0,5.0,6.0
390742,Joaquin Panichelli,Strasbourg,F,Lille vs Strasbourg,87,8.2,1.0,1.0,2.0,1.0,24,16.0,,4.0,,,2.0,0,0,11.0,15.0
390742,Joaquin Panichelli,Strasbourg,F,Strasbourg vs Paris Saint Germain,90,5.7,,0.0,1.0,1.0,24,18.0,,1.0,,1.0,1.0,0,0,3.0,10.0
390742,Joaquin Panichelli,Strasbourg,F,Le Havre vs Strasbourg,90,5.6,,0.0,,,14,9.0,,,2.0,3.0,3.0,0,0,6.0,16.0
390742,Joaquin Panichelli,Strasbourg,F,Marseille vs Strasbourg,90,6.3,1.0,0.0,3.0,1.0,15,13.0,,,,2.0,2.0,1,0,3.0,10.0
390742,Joaquin Panichelli,Strasbourg,F,Strasbourg vs Lyon,90,7,1.0,0.0,4.0,3.0,14,12.0,,,,3.0,3.0,0,0,5.0,13.0
390742,Joaquin Panichelli,Strasbourg,F,Strasbourg vs Lens,90,7.5,1.0,0.0,1.0,1.0,15,11.0,,2.0,,2.0,,0,0,2.0,7.0
129695,Dilane Bakwa,Strasbourg,F,Metz vs Strasbourg,35,6.6,,1.0,,,19,16.0,,1.0,,,,0,0,3.0,7.0
129695,Dilane Bakwa,Strasbourg,F,Strasbourg vs Nantes,25,7.2,,1.0,,,9,8.0,,,1.0,,,0,0,1.0,2.0
129695,Dilane Bakwa,Strasbourg,F,Monaco vs Strasbourg,45,8.9,1.0,0.0,1.0,1.0,14,13.0,,,,,4.0,0,0,6.0,7.0
226803,Sebastian Nanasi,Strasbourg,M,Metz vs Strasbourg,18,6.6,,0.0,,,5,5.0,,1.0,,1.0,,0,0,1.0,2.0
226803,Sebastian Nanasi,Strasbourg,M,Strasbourg vs Nantes,45,6.2,,0.0,,,17,15.0,,,,,,0,0,,3.0
226803,Sebastian Nanasi,Strasbourg,M,Strasbourg vs Auxerre,90,8.3,1.0,1.0,4.0,2.0,49,40.0,,1.0,2.0,1.0,1.0,0,0,3.0,6.0
226803,Sebastian Nanasi,Strasbourg,M,Rennes vs Strasbourg,38,7.3,1.0,0.0,1.0,1.0,14,13.0,,,,,,0,0,,1.0
226803,Sebastian Nanasi,Strasbourg,M,Strasbourg vs Stade Brestois 29,13,6.5,,0.0,,,10,7.0,,,,1.0,,0,0,,1.0
226803,Sebastian Nanasi,Strasbourg,M,Toulouse vs Strasbourg,61,6.3,,0.0,,,38,34.0,,,1.0,,,0,0,1.0,2.0
226803,Sebastian Nanasi,Strasbourg,M,Strasbourg vs Lorient,75,6.7,,0.0,1.0,,24,22.0,,2.0,1.0,,,0,0,3.0,7.0
226803,Sebastian Nanasi,Strasbourg,M,Lille vs Strasbourg,14,6.5,,0.0,,,5,4.0,,,,,,0,0,,
226803,Sebastian Nanasi,Strasbourg,M,Le Havre vs Strasbourg,14,6.3,,0.0,1.0,1.0,3,3.0,,,,,,0,0,,
226803,Sebastian Nanasi,Strasbourg,M,Marseille vs Strasbourg,27,7.3,1.0,0.0,2.0,1.0,10,7.0,,,,,,0,0,,1.0
406303,Kendry Páez,Strasbourg,M,Metz vs Strasbourg,10,6.7,,0.0,,,7,4.0,,,2.0,,,0,0,,1.0
406303,Kendry Páez,Strasbourg,M,Strasbourg vs Nantes,64,6.7,,0.0,1.0,,20,16.0,,,,1.0,1.0,0,0,2.0,11.0
406303,Kendry Páez,Strasbourg,M,Monaco vs Strasbourg,45,6.2,,0.0,1.0,1.0,19,14.0,,4.0,,,,0,0,5.0,12.0
406303,Kendry Páez,Strasbourg,M,Strasbourg vs Le Havre,45,6.6,,0.0,1.0,1.0,19,15.0,,,,1.0,1.0,0,0,4.0,8.0
406303,Kendry Páez,Strasbourg,M,Paris FC vs Strasbourg,61,6.9,1.0,0.0,1.0,1.0,19,14.0,,,,1.0,1.0,0,0,1.0,6.0
406303,Kendry Páez,Strasbourg,M,Strasbourg vs Marseille,45,6.3,,0.0,1.0,,12,8.0,,,,2.0,,0,0,,4.0
406303,Kendry Páez,Strasbourg,M,Strasbourg vs Angers,11,6.2,,0.0,,,3,2.0,,,,1.0,,0,0,,3.0
406303,Kendry Páez,Strasbourg,M,Strasbourg vs Auxerre,24,6.6,,0.0,2.0,1.0,11,8.0,,,1.0,,,0,0,1.0,3.0
406303,Kendry Páez,Strasbourg,M,Rennes vs Strasbourg,13,6.5,,0.0,,,4,3.0,,,,1.0,,0,0,,2.0
406303,Kendry Páez,Strasbourg,M,Strasbourg vs Stade Brestois 29,57,6.5,,0.0,,,24,19.0,,2.0,,,,0,0,3.0,9.0
406303,Kendry Páez,Strasbourg,M,Toulouse vs Strasbourg,29,6.3,,0.0,1.0,,12,11.0,,,,,,0,0,1.0,2.0
406303,Kendry Páez,Strasbourg,M,Strasbourg vs Lorient,15,6.7,,0.0,,,8,8.0,,,,,,0,0,,2.0
406303,Kendry Páez,Strasbourg,M,Nice vs Strasbourg,10,6.3,,0.0,,,1,1.0,,,,,,0,0,,1.0
647,Anthony Lopes,Nantes,G,Nantes vs Paris Saint Germain,90,6.6,,0.0,,,48,35.0,,,,,,0,0,,1.0
647,Anthony Lopes,Nantes,G,Strasbourg vs Nantes,90,7.3,,0.0,,,51,44.0,,,,,1.0,0,0,1.0,2.0
647,Anthony Lopes,Nantes,G,Nantes vs Auxerre,90,7.6,,0.0,,,46,35.0,,,,,,0,0,,
647,Anthony Lopes,Nantes,G,Nice vs Nantes,90,7.3,,0.0,,,33,23.0,,,,,,0,0,,
647,Anthony Lopes,Nantes,G,Nantes vs Rennes,90,6.9,,0.0,,,26,24.0,,,,,1.0,0,0,2.0,2.0
647,Anthony Lopes,Nantes,G,Toulouse vs Nantes,90,6.6,,0.0,,,38,34.0,,,,,1.0,1,0,2.0,2.0
647,Anthony Lopes,Nantes,G,Stade Brestois 29 vs Nantes,90,9.5,,0.0,,,30,26.0,,,,,2.0,0,0,3.0,3.0
647,Anthony Lopes,Nantes,G,Nantes vs Lille,90,7.3,,0.0,,,34,21.0,,,,,1.0,0,0,1.0,1.0
647,Anthony Lopes,Nantes,G,Paris FC vs Nantes,90,7.2,,0.0,,,32,19.0,,,,,1.0,0,0,1.0,1.0
647,Anthony Lopes,Nantes,G,Nantes vs Monaco,90,6,,0.0,,,36,28.0,,,1.0,,1.0,0,0,1.0,1.0
647,Anthony Lopes,Nantes,G,Nantes vs Metz,89,7.3,,0.0,,,23,22.0,,1.0,,,,0,0,1.0,1.0
647,Anthony Lopes,Nantes,G,Nantes vs Lorient,90,6.3,,0.0,,,22,14.0,,,,,,1,0,,
647,Anthony Lopes,Nantes,G,Lyon vs Nantes,90,7.3,,0.0,,,24,11.0,,,,,1.0,0,0,3.0,3.0
647,Anthony Lopes,Nantes,G,Nantes vs Lens,90,7.5,,0.0,,,26,15.0,,,,,,0,0,,
647,Anthony Lopes,Nantes,G,Angers vs Nantes,90,6,,0.0,,,36,32.0,,,,,,0,0,,
647,Anthony Lopes,Nantes,G,Marseille vs Nantes,90,8,,0.0,,,26,23.0,,,,,1.0,0,0,1.0,1.0
647,Anthony Lopes,Nantes,G,Nantes vs Paris FC,90,6.3,,0.0,,,38,35.0,,,,,,0,0,,
647,Anthony Lopes,Nantes,G,Nantes vs Nice,90,5.9,,0.0,,,16,12.0,,,,,,0,0,,
647,Anthony Lopes,Nantes,G,Lorient vs Nantes,90,6.6,,0.0,,,16,12.0,,,,,,1,0,,
647,Anthony Lopes,Nantes,G,Nantes vs Lyon,90,7.2,,0.0,,,27,18.0,,,,,,0,0,,
647,Anthony Lopes,Nantes,G,Monaco vs Nantes,90,7.3,,0.0,,,25,21.0,,,,,2.0,0,0,2.0,2.0
647,Anthony Lopes,Nantes,G,Nantes vs Le Havre,90,7,,0.0,,,19,5.0,,,,,,0,0,,
22134,Kelvin Amian,Nantes,D,Nantes vs Paris Saint Germain,90,6.9,,0.0,,,16,11.0,,2.0,,1.0,2.0,1,0,5.0,6.0
22134,Kelvin Amian,Nantes,D,Strasbourg vs Nantes,90,6.3,,0.0,1.0,,53,43.0,,2.0,,,,0,0,3.0,7.0
22134,Kelvin Amian,Nantes,D,Nantes vs Auxerre,90,7.5,,0.0,,,31,19.0,,1.0,1.0,1.0,,0,0,3.0,4.0
22134,Kelvin Amian,Nantes,D,Nice vs Nantes,90,6.3,,0.0,2.0,,32,25.0,,,,1.0,,0,0,1.0,2.0
22134,Kelvin Amian,Nantes,D,Nantes vs Rennes,90,6.7,,0.0,,,50,43.0,,2.0,2.0,,1.0,0,0,3.0,3.0
22134,Kelvin Amian,Nantes,D,Toulouse vs Nantes,90,6.3,,0.0,,,59,50.0,,2.0,,2.0,4.0,1,0,7.0,12.0
22134,Kelvin Amian,Nantes,D,Stade Brestois 29 vs Nantes,90,7.3,,0.0,,,48,39.0,,,,1.0,1.0,0,0,6.0,12.0
22134,Kelvin Amian,Nantes,D,Nantes vs Lille,90,6.9,,0.0,,,28,23.0,,2.0,,3.0,,0,0,3.0,7.0
22134,Kelvin Amian,Nantes,D,Paris FC vs Nantes,90,6.9,,0.0,,,19,15.0,,,,,,0,0,2.0,2.0
22134,Kelvin Amian,Nantes,D,Nantes vs Monaco,90,5.9,,0.0,1.0,,43,34.0,,2.0,,,,0,0,2.0,3.0
22134,Kelvin Amian,Nantes,D,Nantes vs Metz,90,6.2,,0.0,,,32,26.0,,1.0,,2.0,,0,0,1.0,3.0
22134,Kelvin Amian,Nantes,D,Le Havre vs Nantes,90,7.3,,1.0,,,29,23.0,,2.0,,,1.0,0,0,6.0,7.0
22134,Kelvin Amian,Nantes,D,Nantes vs Lorient,90,6.9,,0.0,,,59,46.0,,3.0,1.0,1.0,,0,0,7.0,11.0
22134,Kelvin Amian,Nantes,D,Lyon vs Nantes,90,7.3,,0.0,,,31,25.0,,2.0,,,1.0,0,0,3.0,3.0
22134,Kelvin Amian,Nantes,D,Nantes vs Lens,90,6.6,,0.0,,,26,20.0,,3.0,,2.0,2.0,0,0,8.0,12.0
22134,Kelvin Amian,Nantes,D,Angers vs Nantes,90,5.5,,0.0,1.0,,31,24.0,,,,,1.0,0,0,1.0,5.0
22134,Kelvin Amian,Nantes,D,Marseille vs Nantes,90,7.3,,0.0,1.0,1.0,32,27.0,,2.0,,2.0,1.0,0,0,6.0,9.0
22134,Kelvin Amian,Nantes,D,Nantes vs Paris FC,90,6.2,,0.0,,,34,30.0,,,,2.0,1.0,0,0,2.0,6.0
22134,Kelvin Amian,Nantes,D,Nantes vs Nice,90,5.9,,0.0,2.0,1.0,32,26.0,,1.0,2.0,1.0,,0,0,1.0,5.0
22134,Kelvin Amian,Nantes,D,Lorient vs Nantes,90,6.5,,0.0,1.0,,53,47.0,,,,1.0,1.0,0,0,4.0,7.0
22134,Kelvin Amian,Nantes,D,Nantes vs Lyon,71,6.7,,0.0,,,28,23.0,,,1.0,2.0,1.0,1,0,3.0,6.0
50026,Chidozie Awaziem,Nantes,D,Nantes vs Paris Saint Germain,90,6.9,,0.0,,,48,37.0,,2.0,1.0,,,0,0,3.0,4.0
50026,Chidozie Awaziem,Nantes,D,Strasbourg vs Nantes,90,7.2,,0.0,,,89,81.0,,1.0,2.0,2.0,,1,0,6.0,9.0
50026,Chidozie Awaziem,Nantes,D,Nantes vs Auxerre,90,6.9,,0.0,,,60,51.0,,,,,1.0,1,0,1.0,3.0
50026,Chidozie Awaziem,Nantes,D,Nice vs Nantes,90,7.2,,0.0,,,65,59.0,,1.0,,,1.0,0,0,6.0,6.0
50026,Chidozie Awaziem,Nantes,D,Nantes vs Rennes,90,6.3,,0.0,,,64,53.0,,1.0,2.0,1.0,1.0,0,0,2.0,3.0
50026,Chidozie Awaziem,Nantes,D,Toulouse vs Nantes,90,6.3,,0.0,,,89,79.0,,,1.0,1.0,1.0,0,0,5.0,12.0
50026,Chidozie Awaziem,Nantes,D,Stade Brestois 29 vs Nantes,90,7.6,,0.0,,,71,63.0,,,,1.0,2.0,1,0,5.0,6.0
50026,Chidozie Awaziem,Nantes,D,Nantes vs Lille,90,6.9,,0.0,1.0,1.0,50,46.0,,1.0,1.0,2.0,,1,0,2.0,6.0
50026,Chidozie Awaziem,Nantes,D,Paris FC vs Nantes,90,7.3,,0.0,,,39,35.0,,1.0,,1.0,,0,0,5.0,7.0
50026,Chidozie Awaziem,Nantes,D,Nantes vs Monaco,76,6.3,,0.0,,,52,44.0,,2.0,1.0,1.0,2.0,0,0,5.0,7.0
50026,Chidozie Awaziem,Nantes,D,Nantes vs Metz,90,6.9,,0.0,1.0,1.0,67,58.0,,,1.0,1.0,1.0,0,0,3.0,6.0
50026,Chidozie Awaziem,Nantes,D,Le Havre vs Nantes,90,7.6,,0.0,1.0,1.0,26,22.0,,1.0,,,1.0,0,0,5.0,8.0
50026,Chidozie Awaziem,Nantes,D,Nantes vs Lorient,90,8,1.0,0.0,1.0,1.0,100,93.0,,,1.0,2.0,2.0,0,0,3.0,8.0
50026,Chidozie Awaziem,Nantes,D,Lyon vs Nantes,90,6.5,,0.0,,,51,36.0,,,1.0,,1.0,0,0,2.0,2.0
50026,Chidozie Awaziem,Nantes,D,Nantes vs Lens,90,6.9,,0.0,,,46,37.0,,1.0,4.0,,,1,0,2.0,6.0
50026,Chidozie Awaziem,Nantes,D,Angers vs Nantes,90,6,,0.0,,,65,52.0,,1.0,,2.0,3.0,1,0,6.0,10.0
50026,Chidozie Awaziem,Nantes,D,Nantes vs Nice,90,7.6,,1.0,1.0,,68,59.0,,3.0,1.0,,1.0,0,0,7.0,9.0
50026,Chidozie Awaziem,Nantes,D,Monaco vs Nantes,90,6.9,,0.0,,,56,50.0,,4.0,1.0,2.0,1.0,1,0,6.0,10.0
50026,Chidozie Awaziem,Nantes,D,Nantes vs Le Havre,90,7.3,,0.0,1.0,,15,7.0,,1.0,,,1.0,0,0,5.0,6.0
522609,Tylel Tati,Nantes,D,Nantes vs Paris Saint Germain,90,6.5,,0.0,,,33,27.0,,,,,,0,0,,2.0
522609,Tylel Tati,Nantes,D,Strasbourg vs Nantes,90,7.2,,0.0,,,64,59.0,,3.0,1.0,,,0,0,6.0,6.0
522609,Tylel Tati,Nantes,D,Nantes vs Auxerre,90,6.6,,0.0,,,53,46.0,,1.0,2.0,2.0,,0,0,1.0,4.0
522609,Tylel Tati,Nantes,D,Nice vs Nantes,90,6.3,,0.0,,,35,29.0,,,,3.0,1.0,0,0,1.0,5.0
522609,Tylel Tati,Nantes,D,Nantes vs Rennes,66,5.9,,0.0,,,36,32.0,,1.0,1.0,2.0,,1,0,2.0,5.0
522609,Tylel Tati,Nantes,D,Toulouse vs Nantes,90,6.5,,0.0,,,90,82.0,,,2.0,2.0,1.0,0,0,2.0,5.0
522609,Tylel Tati,Nantes,D,Nantes vs Lille,90,7.5,,0.0,,,45,37.0,,2.0,,,1.0,0,0,4.0,5.0
522609,Tylel Tati,Nantes,D,Paris FC vs Nantes,90,7,,0.0,,,34,30.0,,2.0,1.0,,1.0,0,0,3.0,5.0
522609,Tylel Tati,Nantes,D,Nantes vs Monaco,90,5.5,,0.0,,,32,29.0,,,4.0,1.0,1.0,1,0,2.0,4.0
522609,Tylel Tati,Nantes,D,Nantes vs Metz,90,5.5,,0.0,,,65,60.0,,,,1.0,,0,0,1.0,7.0
522609,Tylel Tati,Nantes,D,Le Havre vs Nantes,90,6.3,,0.0,,,22,16.0,,,1.0,1.0,,1,0,1.0,3.0
522609,Tylel Tati,Nantes,D,Nantes vs Lorient,90,7,,0.0,,,89,82.0,,1.0,1.0,1.0,,0,0,1.0,2.0
522609,Tylel Tati,Nantes,D,Lyon vs Nantes,89,6,,0.0,,,23,19.0,,1.0,,1.0,1.0,1,0,2.0,3.0
522609,Tylel Tati,Nantes,D,Nantes vs Lens,90,6.6,,0.0,,,28,22.0,,2.0,,1.0,2.0,0,0,5.0,7.0
522609,Tylel Tati,Nantes,D,Angers vs Nantes,90,6.3,,0.0,,,62,50.0,,,,3.0,2.0,0,0,3.0,6.0
522609,Tylel Tati,Nantes,D,Marseille vs Nantes,90,7.6,,0.0,,,53,52.0,,2.0,2.0,,1.0,0,0,6.0,6.0
522609,Tylel Tati,Nantes,D,Nantes vs Paris FC,90,6.3,,0.0,,,66,62.0,,1.0,2.0,2.0,1.0,1,0,4.0,7.0
522609,Tylel Tati,Nantes,D,Nantes vs Nice,90,6.5,,0.0,,,53,42.0,,2.0,1.0,,2.0,0,0,7.0,9.0
21570,Nicolas Cozza,Nantes,D,Nantes vs Paris Saint Germain,90,6.5,,0.0,,,22,12.0,,2.0,2.0,,1.0,0,0,3.0,4.0
21570,Nicolas Cozza,Nantes,D,Strasbourg vs Nantes,90,6.9,,0.0,,,36,27.0,,,,1.0,2.0,0,0,6.0,9.0
21570,Nicolas Cozza,Nantes,D,Nantes vs Auxerre,90,7.3,,0.0,,,23,19.0,,,,2.0,1.0,0,0,3.0,8.0
21570,Nicolas Cozza,Nantes,D,Nice vs Nantes,86,6.3,,0.0,,,30,21.0,,1.0,1.0,,1.0,0,0,4.0,5.0
21570,Nicolas Cozza,Nantes,D,Nantes vs Rennes,82,6.3,,0.0,,,30,18.0,,1.0,,2.0,1.0,0,0,3.0,6.0
21570,Nicolas Cozza,Nantes,D,Stade Brestois 29 vs Nantes,3,,,0.0,,,0,,,,,,,0,0,,
21570,Nicolas Cozza,Nantes,D,Paris FC vs Nantes,14,6.6,,0.0,,,1,1.0,,,,,,0,0,,
21570,Nicolas Cozza,Nantes,D,Nantes vs Monaco,26,6.2,,0.0,,,10,8.0,,,,,,0,0,1.0,3.0
21570,Nicolas Cozza,Nantes,D,Nantes vs Metz,89,6.7,,0.0,1.0,,22,20.0,,2.0,1.0,,,0,0,4.0,8.0
21570,Nicolas Cozza,Nantes,D,Nantes vs Lorient,90,6.2,,0.0,,,56,46.0,,1.0,1.0,1.0,,0,0,2.0,6.0
21570,Nicolas Cozza,Nantes,D,Lyon vs Nantes,90,5.5,,0.0,1.0,,23,15.0,,,1.0,1.0,,0,0,1.0,6.0
21570,Nicolas Cozza,Nantes,D,Nantes vs Lens,87,6,,0.0,,,23,13.0,,1.0,,,,0,0,3.0,7.0
21570,Nicolas Cozza,Nantes,D,Marseille vs Nantes,90,7.3,,0.0,,,46,38.0,,4.0,2.0,,3.0,0,0,8.0,8.0
21570,Nicolas Cozza,Nantes,D,Nantes vs Paris FC,90,6.3,,0.0,,,38,26.0,,4.0,,1.0,,0,0,6.0,10.0
21570,Nicolas Cozza,Nantes,D,Nantes vs Nice,90,5.7,,0.0,,,25,15.0,,1.0,1.0,1.0,1.0,0,0,2.0,7.0
21570,Nicolas Cozza,Nantes,D,Lorient vs Nantes,90,6.3,,0.0,,,64,57.0,,1.0,,1.0,2.0,0,0,3.0,7.0
21570,Nicolas Cozza,Nantes,D,Nantes vs Lyon,71,6.2,,0.0,,,27,20.0,,,,,,0,0,,2.0
21570,Nicolas Cozza,Nantes,D,Monaco vs Nantes,45,7.2,,0.0,,,40,38.0,,3.0,1.0,,,0,0,4.0,8.0
21570,Nicolas Cozza,Nantes,D,Nantes vs Le Havre,90,6.9,,0.0,,,15,10.0,,2.0,,3.0,2.0,1,0,4.0,8.0
137296,Hyeok-kyu Kwon,Nantes,M,Nantes vs Paris Saint Germain,79,7.3,,0.0,,,15,11.0,,3.0,,,,0,0,3.0,6.0
137296,Hyeok-kyu Kwon,Nantes,M,Strasbourg vs Nantes,34,6.5,,0.0,,,19,19.0,,,,1.0,1.0,0,0,2.0,6.0
137296,Hyeok-kyu Kwon,Nantes,M,Nantes vs Auxerre,18,6.6,,0.0,,,8,8.0,,,,,,0,0,,
137296,Hyeok-kyu Kwon,Nantes,M,Toulouse vs Nantes,13,6.3,,0.0,,,2,1.0,,,1.0,1.0,,0,0,,1.0
137296,Hyeok-kyu Kwon,Nantes,M,Stade Brestois 29 vs Nantes,90,7.3,,0.0,,,35,32.0,,1.0,,2.0,2.0,0,0,5.0,11.0
137296,Hyeok-kyu Kwon,Nantes,M,Nantes vs Lille,83,7,,0.0,1.0,,14,13.0,,2.0,3.0,1.0,4.0,0,0,6.0,10.0
137296,Hyeok-kyu Kwon,Nantes,M,Paris FC vs Nantes,69,6.2,,0.0,,,18,15.0,,,,1.0,,1,0,,2.0
137296,Hyeok-kyu Kwon,Nantes,M,Nantes vs Monaco,64,6.2,,0.0,,,23,20.0,,1.0,1.0,2.0,1.0,0,0,3.0,7.0
137296,Hyeok-kyu Kwon,Nantes,M,Le Havre vs Nantes,90,7.2,,0.0,,,20,15.0,,3.0,,1.0,1.0,1,0,6.0,8.0
137296,Hyeok-kyu Kwon,Nantes,M,Nantes vs Lorient,59,6.7,,0.0,,,33,29.0,,1.0,,1.0,,0,0,1.0,4.0
137296,Hyeok-kyu Kwon,Nantes,M,Lyon vs Nantes,78,7,,0.0,,,14,12.0,,1.0,1.0,,,0,0,1.0,2.0
137296,Hyeok-kyu Kwon,Nantes,M,Nantes vs Lens,87,7.2,,0.0,,,20,17.0,,3.0,1.0,1.0,1.0,0,0,6.0,7.0
197771,Yassine Benhattab,Nantes,M,Nantes vs Paris Saint Germain,59,6.3,,0.0,1.0,,19,14.0,,,,,,0,0,1.0,3.0
197771,Yassine Benhattab,Nantes,M,Strasbourg vs Nantes,85,6.7,,0.0,,,26,23.0,,1.0,,1.0,,0,0,1.0,5.0
197771,Yassine Benhattab,Nantes,M,Nantes vs Auxerre,87,6.9,,0.0,,,22,16.0,,2.0,,2.0,,0,0,5.0,8.0
197771,Yassine Benhattab,Nantes,M,Nice vs Nantes,45,7.2,,0.0,,,12,7.0,,2.0,,,,0,0,3.0,4.0
197771,Yassine Benhattab,Nantes,M,Nantes vs Rennes,23,6.6,,0.0,,,8,5.0,,,,,,0,0,,
197771,Yassine Benhattab,Nantes,M,Toulouse vs Nantes,45,6.3,,0.0,,,14,9.0,,1.0,,,,0,0,1.0,2.0
197771,Yassine Benhattab,Nantes,M,Nantes vs Lille,27,6.9,,0.0,,,11,9.0,,2.0,,,2.0,0,0,4.0,5.0
197771,Yassine Benhattab,Nantes,M,Nantes vs Metz,23,6.9,,0.0,,,5,1.0,,1.0,,,,0,0,4.0,6.0
197771,Yassine Benhattab,Nantes,M,Le Havre vs Nantes,19,6.3,,0.0,,,2,2.0,,,,,1.0,0,0,1.0,2.0
197771,Yassine Benhattab,Nantes,M,Angers vs Nantes,64,6,,0.0,1.0,1.0,22,16.0,,1.0,,,,0,0,2.0,7.0
443674,Louis Leroux,Nantes,M,Nantes vs Paris Saint Germain,86,6.9,,0.0,,,21,16.0,,4.0,,1.0,,0,0,5.0,8.0
443674,Louis Leroux,Nantes,M,Strasbourg vs Nantes,71,6.9,,0.0,,,28,23.0,,3.0,1.0,1.0,1.0,0,0,6.0,9.0
443674,Louis Leroux,Nantes,M,Nantes vs Auxerre,25,6.9,,0.0,,,2,1.0,,1.0,,,1.0,0,0,2.0,2.0
443674,Louis Leroux,Nantes,M,Nice vs Nantes,25,6.7,,0.0,,,14,10.0,,,,,,0,0,,1.0
443674,Louis Leroux,Nantes,M,Nantes vs Rennes,89,6.3,,0.0,,,20,10.0,,,1.0,,1.0,0,0,1.0,4.0
443674,Louis Leroux,Nantes,M,Toulouse vs Nantes,90,7.6,1.0,0.0,1.0,1.0,34,29.0,,3.0,,1.0,,1,0,5.0,8.0
443674,Louis Leroux,Nantes,M,Stade Brestois 29 vs Nantes,90,6.9,,0.0,,,33,28.0,,,1.0,,,0,0,1.0,3.0
443674,Louis Leroux,Nantes,M,Nantes vs Lille,90,6,,0.0,,,27,15.0,,,,,,0,0,,5.0
443674,Louis Leroux,Nantes,M,Paris FC vs Nantes,90,6.7,,1.0,,,27,19.0,,1.0,,2.0,,0,0,5.0,9.0
443674,Louis Leroux,Nantes,M,Nantes vs Monaco,90,5.9,,0.0,,,41,33.0,,2.0,,2.0,2.0,0,0,5.0,10.0
443674,Louis Leroux,Nantes,M,Nantes vs Metz,90,5.9,,0.0,,,26,20.0,,,,,,0,0,,6.0
443674,Louis Leroux,Nantes,M,Le Havre vs Nantes,90,7.3,,0.0,,,37,28.0,,5.0,,1.0,4.0,0,0,9.0,13.0
443674,Louis Leroux,Nantes,M,Marseille vs Nantes,32,6.7,,0.0,2.0,2.0,19,18.0,,1.0,,1.0,,0,0,2.0,4.0
443674,Louis Leroux,Nantes,M,Lorient vs Nantes,61,7,,0.0,,,27,21.0,,4.0,,,,0,0,5.0,6.0
443674,Louis Leroux,Nantes,M,Nantes vs Le Havre,81,6.3,,0.0,,,19,15.0,,2.0,1.0,,1.0,0,0,4.0,12.0
193952,Johann Lepenant,Nantes,M,Nantes vs Paris Saint Germain,90,6.6,,0.0,1.0,,30,23.0,,1.0,1.0,2.0,2.0,0,0,3.0,7.0
193952,Johann Lepenant,Nantes,M,Strasbourg vs Nantes,85,7,,0.0,,,19,17.0,,4.0,,,1.0,0,0,8.0,13.0
193952,Johann Lepenant,Nantes,M,Nantes vs Auxerre,90,7.9,,0.0,1.0,1.0,30,24.0,,6.0,1.0,,4.0,0,0,12.0,15.0
193952,Johann Lepenant,Nantes,M,Nice vs Nantes,90,7.2,,0.0,2.0,1.0,36,33.0,,4.0,2.0,1.0,3.0,0,0,8.0,14.0
193952,Johann Lepenant,Nantes,M,Nantes vs Rennes,90,6.7,,0.0,1.0,,35,29.0,,3.0,2.0,,3.0,0,0,7.0,14.0
193952,Johann Lepenant,Nantes,M,Toulouse vs Nantes,84,7.3,,1.0,,,44,36.0,,4.0,,,3.0,0,0,7.0,11.0
193952,Johann Lepenant,Nantes,M,Nantes vs Lorient,31,6.6,,0.0,,,12,11.0,,1.0,,1.0,,0,0,1.0,4.0
193952,Johann Lepenant,Nantes,M,Lyon vs Nantes,89,6.7,,0.0,,,17,15.0,,3.0,,2.0,2.0,1,0,5.0,9.0
193952,Johann Lepenant,Nantes,M,Nantes vs Lens,90,7.2,,0.0,,,32,27.0,,5.0,,1.0,1.0,0,0,7.0,12.0
193952,Johann Lepenant,Nantes,M,Angers vs Nantes,82,6.3,,0.0,,,46,40.0,,1.0,2.0,1.0,1.0,0,0,3.0,8.0
193952,Johann Lepenant,Nantes,M,Marseille vs Nantes,27,6.7,,0.0,,,10,8.0,,,,,,0,0,1.0,3.0
193952,Johann Lepenant,Nantes,M,Nantes vs Paris FC,72,7.2,,0.0,1.0,,38,33.0,,4.0,,2.0,3.0,0,0,8.0,13.0
193952,Johann Lepenant,Nantes,M,Nantes vs Nice,90,7.5,,0.0,1.0,,48,37.0,,5.0,1.0,2.0,2.0,1,0,7.0,15.0
193952,Johann Lepenant,Nantes,M,Lorient vs Nantes,78,6.9,,0.0,,,34,30.0,,4.0,1.0,1.0,,0,0,5.0,7.0
193952,Johann Lepenant,Nantes,M,Nantes vs Lyon,90,6.3,,0.0,,,44,36.0,,5.0,2.0,1.0,1.0,0,0,7.0,12.0
193952,Johann Lepenant,Nantes,M,Monaco vs Nantes,24,7,,0.0,,,18,15.0,,1.0,,,1.0,0,0,3.0,3.0
193952,Johann Lepenant,Nantes,M,Nantes vs Le Havre,90,6.6,,0.0,1.0,,20,11.0,,4.0,1.0,3.0,5.0,0,0,9.0,22.0
443676,Bahereba Guirassy,Nantes,M,Nantes vs Paris Saint Germain,59,7.2,,0.0,1.0,,13,8.0,,6.0,1.0,,,0,0,7.0,10.0
443676,Bahereba Guirassy,Nantes,M,Strasbourg vs Nantes,56,6.7,,0.0,2.0,2.0,17,9.0,,2.0,1.0,,,0,0,5.0,9.0
443676,Bahereba Guirassy,Nantes,M,Nantes vs Auxerre,72,6.7,,1.0,,,13,9.0,,1.0,1.0,4.0,,0,0,4.0,14.0
443676,Bahereba Guirassy,Nantes,M,Toulouse vs Nantes,17,6.3,,0.0,1.0,,6,2.0,,,,1.0,,0,0,,2.0
443676,Bahereba Guirassy,Nantes,M,Stade Brestois 29 vs Nantes,27,6.6,,0.0,,,8,4.0,,,,,,0,0,3.0,7.0
443676,Bahereba Guirassy,Nantes,M,Nantes vs Lille,63,6.2,,0.0,,,18,10.0,,1.0,,,,0,0,1.0,7.0
443676,Bahereba Guirassy,Nantes,M,Paris FC vs Nantes,89,6.9,,0.0,2.0,,25,18.0,,2.0,,1.0,1.0,0,0,8.0,15.0
443676,Bahereba Guirassy,Nantes,M,Nantes vs Monaco,71,8.3,2.0,0.0,3.0,3.0,12,7.0,,1.0,,,,0,0,1.0,8.0
443676,Bahereba Guirassy,Nantes,M,Nantes vs Metz,67,6.2,,0.0,,,16,11.0,,1.0,,,,0,0,2.0,9.0
443676,Bahereba Guirassy,Nantes,M,Le Havre vs Nantes,71,6.9,,0.0,,,17,12.0,,1.0,,,1.0,0,0,5.0,11.0
443676,Bahereba Guirassy,Nantes,M,Nantes vs Lorient,29,6.2,,0.0,,,9,6.0,,,,1.0,2.0,0,0,2.0,5.0
443676,Bahereba Guirassy,Nantes,M,Lyon vs Nantes,32,6.6,,0.0,,,5,4.0,,,,1.0,1.0,0,0,2.0,4.0
443676,Bahereba Guirassy,Nantes,M,Nantes vs Lens,44,6.9,,0.0,,,11,9.0,,2.0,,,,0,0,3.0,6.0
443676,Bahereba Guirassy,Nantes,M,Marseille vs Nantes,8,6.5,,0.0,,,1,,,,,2.0,1.0,1,0,1.0,2.0
443676,Bahereba Guirassy,Nantes,M,Nantes vs Paris FC,25,6.2,,0.0,,,5,4.0,,,,1.0,1.0,0,0,1.0,5.0
443676,Bahereba Guirassy,Nantes,M,Nantes vs Lyon,12,6.5,,0.0,,,5,4.0,,,1.0,,,0,0,,2.0
443676,Bahereba Guirassy,Nantes,M,Nantes vs Le Havre,37,6.6,,0.0,,,6,6.0,,1.0,,2.0,1.0,0,0,3.0,8.0
2668,Mostafa Mohamed,Nantes,F,Nantes vs Paris Saint Germain,79,6.3,,0.0,,,13,9.0,,,2.0,1.0,1.0,0,0,5.0,14.0
2668,Mostafa Mohamed,Nantes,F,Strasbourg vs Nantes,90,7.2,,0.0,1.0,,17,10.0,,3.0,,1.0,4.0,0,0,13.0,18.0
2668,Mostafa Mohamed,Nantes,F,Nantes vs Auxerre,87,7.2,1.0,0.0,1.0,1.0,12,5.0,,,,,2.0,0,0,6.0,15.0
2668,Mostafa Mohamed,Nantes,F,Nice vs Nantes,86,6.5,,0.0,2.0,,11,6.0,,,1.0,,4.0,0,0,7.0,15.0
2668,Mostafa Mohamed,Nantes,F,Nantes vs Rennes,67,6,,0.0,1.0,,5,4.0,,,1.0,3.0,1.0,1,0,1.0,8.0
2668,Mostafa Mohamed,Nantes,F,Stade Brestois 29 vs Nantes,85,6,,0.0,2.0,,7,5.0,,1.0,2.0,2.0,,0,0,1.0,9.0
2668,Mostafa Mohamed,Nantes,F,Nantes vs Lille,63,6.3,,0.0,,,4,3.0,,1.0,,1.0,,0,0,2.0,9.0
2668,Mostafa Mohamed,Nantes,F,Paris FC vs Nantes,20,6.6,,0.0,,,3,2.0,,,,,1.0,0,0,3.0,4.0
2668,Mostafa Mohamed,Nantes,F,Nantes vs Monaco,19,7.2,1.0,0.0,2.0,1.0,6,4.0,,1.0,,1.0,,0,0,1.0,5.0
2668,Mostafa Mohamed,Nantes,F,Nantes vs Metz,11,6.7,,0.0,,,2,2.0,,,,,,0,0,,
2668,Mostafa Mohamed,Nantes,F,Le Havre vs Nantes,19,6.9,,0.0,,,2,1.0,,1.0,,,2.0,0,0,4.0,4.0
2668,Mostafa Mohamed,Nantes,F,Nantes vs Lorient,31,6.3,,0.0,1.0,,9,4.0,,,,2.0,1.0,0,0,2.0,5.0
2668,Mostafa Mohamed,Nantes,F,Lyon vs Nantes,11,6.7,,0.0,,,1,,,,,,,0,0,1.0,1.0
2668,Mostafa Mohamed,Nantes,F,Nantes vs Lens,31,6.7,,0.0,2.0,,5,3.0,,,,,1.0,0,0,3.0,7.0
2668,Mostafa Mohamed,Nantes,F,Angers vs Nantes,64,6.7,,0.0,,,13,8.0,,1.0,,1.0,2.0,0,0,6.0,12.0
2668,Mostafa Mohamed,Nantes,F,Nantes vs Nice,90,6.9,1.0,0.0,6.0,2.0,23,15.0,,,,2.0,2.0,0,0,9.0,19.0
2668,Mostafa Mohamed,Nantes,F,Lorient vs Nantes,77,6.6,,0.0,5.0,1.0,15,9.0,,,,,,0,0,6.0,10.0
2668,Mostafa Mohamed,Nantes,F,Nantes vs Lyon,45,5.9,,0.0,,,3,2.0,,,1.0,1.0,1.0,0,0,2.0,12.0
26519,Hyun-Seok Hong,Nantes,M,Nantes vs Paris Saint Germain,31,6.3,,0.0,1.0,,8,6.0,,1.0,1.0,,,0,0,1.0,2.0
26519,Hyun-Seok Hong,Nantes,M,Strasbourg vs Nantes,19,6.6,,0.0,,,11,9.0,,2.0,1.0,,,0,0,3.0,4.0
26519,Hyun-Seok Hong,Nantes,M,Nantes vs Auxerre,65,7,,0.0,1.0,1.0,17,15.0,,1.0,,,,0,0,2.0,3.0
26519,Hyun-Seok Hong,Nantes,M,Nice vs Nantes,65,6.3,,0.0,1.0,1.0,17,12.0,,2.0,,,,0,0,2.0,5.0
26519,Hyun-Seok Hong,Nantes,M,Toulouse vs Nantes,17,6.5,,0.0,,,6,4.0,,,1.0,,,0,0,,1.0
26519,Hyun-Seok Hong,Nantes,M,Stade Brestois 29 vs Nantes,87,6.9,,0.0,,,15,11.0,,3.0,,,1.0,0,0,5.0,6.0
161622,Matthis Abline,Nantes,F,Nantes vs Paris Saint Germain,31,6.5,,0.0,,,4,3.0,,1.0,,1.0,,0,0,2.0,7.0
161622,Matthis Abline,Nantes,F,Strasbourg vs Nantes,34,6.5,,0.0,,,6,4.0,,,,1.0,1.0,0,0,2.0,8.0
161622,Matthis Abline,Nantes,F,Nantes vs Auxerre,18,6.9,,0.0,,,3,,,,,1.0,1.0,0,0,4.0,5.0
161622,Matthis Abline,Nantes,F,Nice vs Nantes,90,6.9,,0.0,2.0,1.0,11,7.0,,,1.0,1.0,2.0,0,0,5.0,8.0
161622,Matthis Abline,Nantes,F,Nantes vs Rennes,90,7.2,,1.0,4.0,1.0,16,12.0,,1.0,,2.0,2.0,0,0,10.0,15.0
161622,Matthis Abline,Nantes,F,Toulouse vs Nantes,89,6.2,,0.0,,,21,16.0,,1.0,,2.0,1.0,0,0,3.0,10.0
161622,Matthis Abline,Nantes,F,Stade Brestois 29 vs Nantes,90,6.9,,0.0,2.0,,18,12.0,,1.0,1.0,2.0,1.0,0,0,9.0,16.0
161622,Matthis Abline,Nantes,F,Nantes vs Lille,90,6.9,,0.0,4.0,2.0,12,9.0,,3.0,,1.0,1.0,0,0,6.0,9.0
161622,Matthis Abline,Nantes,F,Paris FC vs Nantes,90,8.3,1.0,0.0,2.0,1.0,9,7.0,,4.0,,,2.0,0,0,8.0,17.0
161622,Matthis Abline,Nantes,F,Nantes vs Monaco,90,8.7,,1.0,,,21,16.0,,,,1.0,4.0,1,0,10.0,21.0
161622,Matthis Abline,Nantes,F,Nantes vs Metz,90,6.6,,0.0,4.0,2.0,14,8.0,,1.0,,2.0,1.0,0,0,6.0,12.0
161622,Matthis Abline,Nantes,F,Le Havre vs Nantes,85,6.9,1.0,0.0,1.0,1.0,18,13.0,,,,2.0,2.0,1,0,2.0,12.0
161622,Matthis Abline,Nantes,F,Nantes vs Lorient,90,6.6,,0.0,2.0,,9,7.0,,,,1.0,3.0,0,0,6.0,13.0
161622,Matthis Abline,Nantes,F,Lyon vs Nantes,90,7.2,,0.0,4.0,2.0,12,9.0,,,,,3.0,0,0,6.0,9.0
161622,Matthis Abline,Nantes,F,Nantes vs Lens,90,7.9,,0.0,3.0,1.0,10,7.0,,,,,4.0,0,0,8.0,13.0
161622,Matthis Abline,Nantes,F,Angers vs Nantes,90,6.3,,0.0,1.0,1.0,6,6.0,,,,1.0,1.0,1,0,1.0,6.0
161622,Matthis Abline,Nantes,F,Marseille vs Nantes,90,6.7,,0.0,3.0,1.0,20,13.0,,,,2.0,1.0,0,0,2.0,11.0
161622,Matthis Abline,Nantes,F,Nantes vs Paris FC,90,8.3,1.0,0.0,2.0,1.0,17,14.0,,2.0,1.0,,1.0,0,0,8.0,11.0
161622,Matthis Abline,Nantes,F,Nantes vs Nice,87,5.7,,0.0,,,15,8.0,,,,1.0,1.0,1,0,4.0,16.0
161622,Matthis Abline,Nantes,F,Lorient vs Nantes,90,7.7,1.0,0.0,1.0,1.0,10,10.0,,1.0,2.0,2.0,2.0,0,0,4.0,11.0
161622,Matthis Abline,Nantes,F,Nantes vs Lyon,90,6.6,,0.0,1.0,,19,13.0,,3.0,,2.0,2.0,1,0,5.0,12.0
161622,Matthis Abline,Nantes,F,Monaco vs Nantes,90,6.5,,0.0,2.0,1.0,18,12.0,,,,,1.0,0,0,4.0,12.0
924,Francis Coquelin,Nantes,M,Nantes vs Paris Saint Germain,11,6.9,,0.0,,,9,9.0,,1.0,,,,0,0,2.0,2.0
924,Francis Coquelin,Nantes,M,Strasbourg vs Nantes,56,6.2,,0.0,,,32,24.0,,,,1.0,,1,0,,1.0
924,Francis Coquelin,Nantes,M,Nantes vs Auxerre,72,6.9,,0.0,,,24,22.0,,1.0,2.0,1.0,1.0,0,0,5.0,7.0
924,Francis Coquelin,Nantes,M,Nantes vs Rennes,11,6.3,,0.0,1.0,1.0,4,4.0,,,,1.0,,0,0,,1.0
924,Francis Coquelin,Nantes,M,Marseille vs Nantes,58,6.9,,0.0,,,26,24.0,,2.0,,2.0,1.0,0,0,3.0,7.0
924,Francis Coquelin,Nantes,M,Nantes vs Paris FC,65,6.2,,0.0,,,32,29.0,,1.0,,2.0,,0,0,3.0,9.0
924,Francis Coquelin,Nantes,M,Lorient vs Nantes,12,6.7,,0.0,,,4,4.0,,2.0,1.0,,,0,0,2.0,2.0
924,Francis Coquelin,Nantes,M,Nantes vs Lyon,19,6.6,,0.0,1.0,,19,18.0,,,,,,0,0,1.0,1.0
924,Francis Coquelin,Nantes,M,Monaco vs Nantes,66,6.7,,0.0,,,27,21.0,,,1.0,1.0,1.0,0,0,5.0,9.0
924,Francis Coquelin,Nantes,M,Nantes vs Le Havre,9,6.3,,0.0,,,1,1.0,,1.0,,,,0,0,1.0,3.0
428504,Amady Camara,Nantes,F,Nantes vs Paris Saint Germain,11,6.3,,0.0,,,4,2.0,,,,,,0,0,,1.0
428504,Amady Camara,Nantes,F,Nantes vs Auxerre,8,6.7,,0.0,,,1,,,,1.0,,,0,0,1.0,2.0
428504,Amady Camara,Nantes,F,Nice vs Nantes,45,6.6,,0.0,1.0,,11,10.0,,1.0,,2.0,,0,0,2.0,5.0
428504,Amady Camara,Nantes,F,Nantes vs Rennes,12,6.5,,0.0,,,4,2.0,,,,,,0,0,,1.0
428504,Amady Camara,Nantes,F,Toulouse vs Nantes,45,6.2,,0.0,,,13,12.0,,1.0,,,,0,0,1.0,4.0
428504,Amady Camara,Nantes,F,Nantes vs Monaco,19,6.6,,0.0,,,2,2.0,,1.0,,,1.0,0,0,2.0,4.0
428504,Amady Camara,Nantes,F,Nantes vs Lorient,9,6.6,,0.0,,,3,1.0,,1.0,,,1.0,0,0,2.0,4.0
428504,Amady Camara,Nantes,F,Nantes vs Lens,3,,,0.0,,,4,3.0,,,,1.0,,0,0,,2.0
428504,Amady Camara,Nantes,F,Angers vs Nantes,8,6.5,,0.0,1.0,,3,2.0,,,,,,0,0,,1.0
428504,Amady Camara,Nantes,F,Nantes vs Paris FC,8,6.2,,0.0,1.0,,5,4.0,,,,1.0,,0,0,,1.0
388779,Dehmaine Tabibou,Nantes,M,Nantes vs Paris Saint Germain,9,6.3,,0.0,1.0,,1,1.0,,,,,,0,0,,1.0
388779,Dehmaine Tabibou,Nantes,M,Strasbourg vs Nantes,12,6.3,,0.0,,,3,2.0,,,,,,0,0,,1.0
388779,Dehmaine Tabibou,Nantes,M,Nantes vs Auxerre,8,6.5,,0.0,,,0,,,,,,,0,0,,
388779,Dehmaine Tabibou,Nantes,M,Nice vs Nantes,12,6.5,,0.0,,,4,3.0,,,,1.0,,0,0,,3.0
388779,Dehmaine Tabibou,Nantes,M,Nantes vs Rennes,13,6.2,,0.0,1.0,,6,4.0,,,1.0,1.0,1.0,0,0,1.0,1.0
388779,Dehmaine Tabibou,Nantes,M,Toulouse vs Nantes,73,6.6,,0.0,2.0,,21,19.0,,1.0,,1.0,3.0,0,0,4.0,7.0
388779,Dehmaine Tabibou,Nantes,M,Stade Brestois 29 vs Nantes,85,7.5,,0.0,,,42,34.0,,4.0,2.0,1.0,1.0,0,0,10.0,14.0
388779,Dehmaine Tabibou,Nantes,M,Nantes vs Lille,69,6,,0.0,,,17,9.0,,,,,1.0,0,0,1.0,2.0
388779,Dehmaine Tabibou,Nantes,M,Paris FC vs Nantes,76,6.6,,0.0,1.0,,19,13.0,,1.0,1.0,1.0,1.0,0,0,3.0,5.0
388779,Dehmaine Tabibou,Nantes,M,Nantes vs Monaco,63,6.2,,0.0,2.0,,23,14.0,,1.0,2.0,2.0,,0,0,4.0,7.0
388779,Dehmaine Tabibou,Nantes,M,Nantes vs Metz,79,6.5,,0.0,2.0,1.0,24,17.0,,,2.0,1.0,2.0,1,0,4.0,9.0
388779,Dehmaine Tabibou,Nantes,M,Le Havre vs Nantes,59,6.5,,0.0,,,16,13.0,,,,2.0,,0,0,,5.0
388779,Dehmaine Tabibou,Nantes,M,Nantes vs Lorient,81,6.9,,0.0,1.0,,26,21.0,,3.0,,2.0,3.0,0,0,9.0,17.0
388779,Dehmaine Tabibou,Nantes,M,Nantes vs Lens,30,6.3,,0.0,,,8,8.0,,1.0,1.0,1.0,1.0,1,0,2.0,8.0
388779,Dehmaine Tabibou,Nantes,M,Marseille vs Nantes,58,6.2,,0.0,1.0,1.0,14,10.0,,,,2.0,1.0,1,0,1.0,6.0
388779,Dehmaine Tabibou,Nantes,M,Lorient vs Nantes,29,6.9,,0.0,,,10,9.0,,1.0,1.0,,,0,0,4.0,4.0
388779,Dehmaine Tabibou,Nantes,M,Nantes vs Lyon,63,7.3,,0.0,,,22,20.0,,5.0,3.0,2.0,1.0,0,0,7.0,10.0
388779,Dehmaine Tabibou,Nantes,M,Monaco vs Nantes,90,7.7,,0.0,1.0,,33,25.0,,6.0,,,,0,0,13.0,16.0
388779,Dehmaine Tabibou,Nantes,M,Nantes vs Le Havre,45,6.6,,0.0,,,11,5.0,,2.0,1.0,1.0,,1,0,3.0,6.0
162453,Lucas Chevalier,Paris Saint Germain,G,Nantes vs Paris Saint Germain,90,6.9,,0.0,,,15,12.0,,,,,,0,0,,
162453,Lucas Chevalier,Paris Saint Germain,G,Paris Saint Germain vs Angers,90,6.7,,0.0,,,13,13.0,,,,,,0,0,,
162453,Lucas Chevalier,Paris Saint Germain,G,Toulouse vs Paris Saint Germain,90,6.7,,0.0,,,26,24.0,,,,,,0,0,,
162453,Lucas Chevalier,Paris Saint Germain,G,Paris Saint Germain vs Lens,90,7.7,,0.0,,,26,25.0,,,,,,0,0,,
162453,Lucas Chevalier,Paris Saint Germain,G,Marseille vs Paris Saint Germain,90,5.9,,0.0,,,21,19.0,,,,,,0,0,,
162453,Lucas Chevalier,Paris Saint Germain,G,Paris Saint Germain vs Auxerre,90,7.7,,0.0,,,27,21.0,,,,,,0,0,,
162453,Lucas Chevalier,Paris Saint Germain,G,Lille vs Paris Saint Germain,90,6.9,,0.0,,,25,24.0,,,,,,0,0,,
162453,Lucas Chevalier,Paris Saint Germain,G,Paris Saint Germain vs Strasbourg,90,6.6,,0.0,,,35,34.0,,,,,,0,0,,
162453,Lucas Chevalier,Paris Saint Germain,G,Stade Brestois 29 vs Paris Saint Germain,90,7.6,,0.0,,,24,23.0,,,,,,0,0,,
162453,Lucas Chevalier,Paris Saint Germain,G,Lorient vs Paris Saint Germain,90,6.7,,0.0,,,15,14.0,,,,,,0,0,,
162453,Lucas Chevalier,Paris Saint Germain,G,Paris Saint Germain vs Nice,90,7.3,,0.0,,,17,16.0,,,,,,0,0,,
162453,Lucas Chevalier,Paris Saint Germain,G,Lyon vs Paris Saint Germain,90,5.9,,0.0,,,22,18.0,,,,,,0,0,2.0,2.0
162453,Lucas Chevalier,Paris Saint Germain,G,Paris Saint Germain vs Le Havre,90,7.3,,0.0,,,32,28.0,,,,,,0,0,,
162453,Lucas Chevalier,Paris Saint Germain,G,Monaco vs Paris Saint Germain,90,7,,0.0,,,27,16.0,,,,,1.0,0,0,1.0,1.0
162453,Lucas Chevalier,Paris Saint Germain,G,Paris Saint Germain vs Paris FC,90,6.6,,0.0,,,18,13.0,,,,,,0,0,,
162453,Lucas Chevalier,Paris Saint Germain,G,Paris Saint Germain vs Lille,90,8.6,,0.0,,,24,20.0,,,,,,0,0,,
162453,Lucas Chevalier,Paris Saint Germain,G,Auxerre vs Paris Saint Germain,90,6.7,,0.0,,,32,30.0,,,,,,0,0,,
336657,Warren Zaïre-Emery,Paris Saint Germain,D,Nantes vs Paris Saint Germain,90,7.3,,0.0,,,89,83.0,,2.0,1.0,2.0,1.0,0,0,4.0,6.0
336657,Warren Zaïre-Emery,Paris Saint Germain,D,Paris Saint Germain vs Angers,23,6.9,,0.0,1.0,,32,31.0,,,,1.0,,0,0,,2.0
336657,Warren Zaïre-Emery,Paris Saint Germain,D,Toulouse vs Paris Saint Germain,45,6.3,,0.0,,,48,45.0,,,,2.0,,0,0,,5.0
336657,Warren Zaïre-Emery,Paris Saint Germain,D,Paris Saint Germain vs Lens,71,7,,0.0,,,64,59.0,,3.0,,1.0,1.0,0,0,8.0,12.0
336657,Warren Zaïre-Emery,Paris Saint Germain,D,Marseille vs Paris Saint Germain,73,6.3,,0.0,,,54,49.0,,1.0,,3.0,,0,0,3.0,9.0
336657,Warren Zaïre-Emery,Paris Saint Germain,D,Paris Saint Germain vs Auxerre,90,7.2,,0.0,1.0,1.0,70,68.0,,1.0,2.0,1.0,,0,0,2.0,5.0
336657,Warren Zaïre-Emery,Paris Saint Germain,D,Lille vs Paris Saint Germain,90,6.2,,0.0,,,72,64.0,,1.0,1.0,1.0,,0,0,2.0,7.0
336657,Warren Zaïre-Emery,Paris Saint Germain,D,Paris Saint Germain vs Strasbourg,90,7,,0.0,,,84,83.0,,2.0,1.0,2.0,2.0,0,0,5.0,10.0
336657,Warren Zaïre-Emery,Paris Saint Germain,D,Stade Brestois 29 vs Paris Saint Germain,90,7.5,,1.0,2.0,1.0,103,98.0,,1.0,1.0,1.0,2.0,0,0,4.0,5.0
336657,Warren Zaïre-Emery,Paris Saint Germain,D,Lorient vs Paris Saint Germain,77,6.6,,0.0,,,74,72.0,,1.0,,1.0,,0,0,2.0,6.0
336657,Warren Zaïre-Emery,Paris Saint Germain,D,Paris Saint Germain vs Nice,72,6.6,,0.0,1.0,1.0,64,62.0,,1.0,,2.0,,0,0,1.0,9.0
336657,Warren Zaïre-Emery,Paris Saint Germain,D,Lyon vs Paris Saint Germain,90,7.6,1.0,0.0,1.0,1.0,54,48.0,,2.0,,,1.0,0,0,8.0,9.0
336657,Warren Zaïre-Emery,Paris Saint Germain,D,Paris Saint Germain vs Le Havre,90,9.3,,0.0,,,74,66.0,,4.0,,,1.0,0,0,6.0,11.0
336657,Warren Zaïre-Emery,Paris Saint Germain,D,Monaco vs Paris Saint Germain,90,6.7,,0.0,,,56,47.0,,1.0,,,,0,0,2.0,3.0
336657,Warren Zaïre-Emery,Paris Saint Germain,D,Paris Saint Germain vs Rennes,80,7.2,,0.0,,,56,51.0,,2.0,,1.0,,0,0,5.0,10.0
336657,Warren Zaïre-Emery,Paris Saint Germain,D,Metz vs Paris Saint Germain,90,6,,0.0,,,64,60.0,,3.0,,2.0,,1,0,5.0,11.0
336657,Warren Zaïre-Emery,Paris Saint Germain,D,Paris Saint Germain vs Paris FC,90,6.3,,1.0,,,79,73.0,,1.0,,3.0,,0,0,3.0,6.0
336657,Warren Zaïre-Emery,Paris Saint Germain,D,Paris Saint Germain vs Lille,90,7.2,,0.0,1.0,,77,76.0,,4.0,1.0,1.0,,0,0,5.0,7.0
336657,Warren Zaïre-Emery,Paris Saint Germain,D,Auxerre vs Paris Saint Germain,90,6.3,,0.0,,,79,72.0,,1.0,,1.0,2.0,0,0,4.0,12.0
336657,Warren Zaïre-Emery,Paris Saint Germain,D,Strasbourg vs Paris Saint Germain,90,7,,1.0,,,56,52.0,,1.0,,,1.0,0,0,3.0,4.0
336657,Warren Zaïre-Emery,Paris Saint Germain,D,Paris Saint Germain vs Marseille,75,6.7,,0.0,,,36,33.0,,1.0,3.0,1.0,,1,0,2.0,7.0
336657,Warren Zaïre-Emery,Paris Saint Germain,D,Rennes vs Paris Saint Germain,90,6.6,,0.0,1.0,,49,46.0,,1.0,,,,0,0,4.0,6.0
336657,Warren Zaïre-Emery,Paris Saint Germain,D,Paris Saint Germain vs Metz,90,8.2,,1.0,1.0,1.0,98,93.0,,4.0,1.0,1.0,1.0,0,0,8.0,10.0
161671,Ilya Zabarnyi,Paris Saint Germain,D,Nantes vs Paris Saint Germain,90,7.2,,0.0,,,65,62.0,,2.0,1.0,,,0,0,2.0,4.0
161671,Ilya Zabarnyi,Paris Saint Germain,D,Toulouse vs Paris Saint Germain,90,6.5,,0.0,,,94,87.0,,1.0,2.0,1.0,,0,0,1.0,7.0
161671,Ilya Zabarnyi,Paris Saint Germain,D,Paris Saint Germain vs Lens,90,6.9,,0.0,,,87,78.0,,1.0,1.0,,,0,0,2.0,5.0
161671,Ilya Zabarnyi,Paris Saint Germain,D,Marseille vs Paris Saint Germain,90,7.2,,0.0,,,64,59.0,,3.0,,,1.0,0,0,4.0,7.0
161671,Ilya Zabarnyi,Paris Saint Germain,D,Paris Saint Germain vs Auxerre,90,8.2,1.0,0.0,1.0,1.0,80,76.0,,1.0,1.0,1.0,,0,0,1.0,2.0
161671,Ilya Zabarnyi,Paris Saint Germain,D,Lille vs Paris Saint Germain,22,6.3,,0.0,,,14,11.0,,,,1.0,,0,0,1.0,2.0
161671,Ilya Zabarnyi,Paris Saint Germain,D,Paris Saint Germain vs Strasbourg,90,6.9,,0.0,,,118,112.0,,3.0,1.0,1.0,,0,0,3.0,5.0
161671,Ilya Zabarnyi,Paris Saint Germain,D,Stade Brestois 29 vs Paris Saint Germain,90,7.3,,0.0,,,86,77.0,,1.0,,,,0,0,5.0,8.0
161671,Ilya Zabarnyi,Paris Saint Germain,D,Lorient vs Paris Saint Germain,90,7.2,,0.0,,,102,101.0,,1.0,,2.0,,1,0,3.0,5.0
161671,Ilya Zabarnyi,Paris Saint Germain,D,Paris Saint Germain vs Nice,90,6.9,,0.0,,,92,90.0,,,,1.0,1.0,1,0,1.0,6.0
161671,Ilya Zabarnyi,Paris Saint Germain,D,Lyon vs Paris Saint Germain,90,6.5,,0.0,,,85,79.0,,,2.0,2.0,,0,0,2.0,6.0
161671,Ilya Zabarnyi,Paris Saint Germain,D,Paris Saint Germain vs Le Havre,90,7.3,,0.0,,,65,62.0,,1.0,,,,0,0,2.0,2.0
161671,Ilya Zabarnyi,Paris Saint Germain,D,Metz vs Paris Saint Germain,90,6.9,,0.0,,,72,69.0,,1.0,,1.0,,0,0,3.0,8.0
161671,Ilya Zabarnyi,Paris Saint Germain,D,Paris Saint Germain vs Paris FC,70,5.9,,0.0,,,35,32.0,,1.0,,1.0,,1,0,1.0,2.0
161671,Ilya Zabarnyi,Paris Saint Germain,D,Paris Saint Germain vs Lille,45,7,,0.0,,,26,25.0,,,1.0,,1.0,0,0,1.0,1.0
161671,Ilya Zabarnyi,Paris Saint Germain,D,Auxerre vs Paris Saint Germain,90,7.2,,0.0,,,90,81.0,,1.0,1.0,,,0,0,5.0,6.0
161671,Ilya Zabarnyi,Paris Saint Germain,D,Rennes vs Paris Saint Germain,90,6.3,,0.0,,,77,71.0,,2.0,,2.0,,0,0,3.0,6.0
161671,Ilya Zabarnyi,Paris Saint Germain,D,Paris Saint Germain vs Metz,90,7.5,,0.0,,,72,71.0,,,,,,0,0,2.0,3.0
307835,Lucas Beraldo,Paris Saint Germain,D,Nantes vs Paris Saint Germain,90,7.9,,0.0,,,73,72.0,,1.0,2.0,1.0,1.0,0,0,7.0,11.0
307835,Lucas Beraldo,Paris Saint Germain,D,Toulouse vs Paris Saint Germain,90,6.7,,0.0,,,101,97.0,,2.0,,1.0,,0,0,3.0,7.0
307835,Lucas Beraldo,Paris Saint Germain,D,Paris Saint Germain vs Lens,70,7,,0.0,,,83,81.0,,2.0,1.0,1.0,,0,0,2.0,3.0
307835,Lucas Beraldo,Paris Saint Germain,D,Paris Saint Germain vs Auxerre,90,9.2,1.0,0.0,2.0,1.0,89,84.0,,3.0,,1.0,,0,0,9.0,13.0
307835,Lucas Beraldo,Paris Saint Germain,D,Lille vs Paris Saint Germain,90,7.5,,0.0,,,94,90.0,,2.0,1.0,,,0,0,4.0,6.0
307835,Lucas Beraldo,Paris Saint Germain,D,Paris Saint Germain vs Strasbourg,61,6.6,,0.0,,,93,87.0,,,,,1.0,0,0,2.0,3.0
307835,Lucas Beraldo,Paris Saint Germain,D,Lorient vs Paris Saint Germain,90,7.5,,0.0,1.0,,114,108.0,,,1.0,1.0,,0,0,4.0,5.0
307835,Lucas Beraldo,Paris Saint Germain,D,Paris Saint Germain vs Le Havre,64,6.9,,0.0,,,35,28.0,,,2.0,1.0,,0,0,2.0,8.0
307835,Lucas Beraldo,Paris Saint Germain,D,Auxerre vs Paris Saint Germain,90,7.7,,0.0,,,89,84.0,,2.0,1.0,2.0,,1,0,4.0,9.0
307835,Lucas Beraldo,Paris Saint Germain,D,Paris Saint Germain vs Metz,90,6.3,,0.0,,,68,63.0,,,2.0,4.0,,0,0,,8.0
33,Lucas Hernández,Paris Saint Germain,D,Nantes vs Paris Saint Germain,61,6.9,,0.0,1.0,1.0,50,44.0,,,1.0,,1.0,0,0,2.0,3.0
33,Lucas Hernández,Paris Saint Germain,D,Paris Saint Germain vs Lens,90,6.9,,0.0,,,89,88.0,,,,2.0,1.0,0,0,1.0,6.0
33,Lucas Hernández,Paris Saint Germain,D,Paris Saint Germain vs Auxerre,90,7.6,,0.0,,,72,63.0,,1.0,2.0,2.0,2.0,0,0,7.0,10.0
33,Lucas Hernández,Paris Saint Germain,D,Lille vs Paris Saint Germain,68,7.6,,0.0,1.0,,69,66.0,,,1.0,2.0,1.0,1,0,2.0,5.0
33,Lucas Hernández,Paris Saint Germain,D,Paris Saint Germain vs Strasbourg,90,6.2,,0.0,,,91,86.0,,1.0,,3.0,,1,0,3.0,7.0
33,Lucas Hernández,Paris Saint Germain,D,Stade Brestois 29 vs Paris Saint Germain,90,7.5,,0.0,,,71,69.0,,,2.0,,1.0,0,0,1.0,2.0
33,Lucas Hernández,Paris Saint Germain,D,Lyon vs Paris Saint Germain,74,6.3,,0.0,,,65,59.0,,,1.0,1.0,,0,0,1.0,3.0
33,Lucas Hernández,Paris Saint Germain,D,Paris Saint Germain vs Le Havre,26,6.6,,0.0,,,17,15.0,,1.0,1.0,1.0,,0,0,2.0,4.0
33,Lucas Hernández,Paris Saint Germain,D,Monaco vs Paris Saint Germain,90,7.2,,0.0,1.0,,55,48.0,,3.0,1.0,1.0,3.0,0,0,7.0,12.0
33,Lucas Hernández,Paris Saint Germain,D,Paris Saint Germain vs Rennes,90,7.3,,1.0,,,83,76.0,,1.0,,,,0,0,1.0,1.0
33,Lucas Hernández,Paris Saint Germain,D,Metz vs Paris Saint Germain,90,6.9,,0.0,,,83,73.0,,4.0,1.0,2.0,1.0,0,0,7.0,9.0
33,Lucas Hernández,Paris Saint Germain,D,Paris Saint Germain vs Paris FC,10,6.6,,0.0,,,14,12.0,,,,,,0,0,,
33,Lucas Hernández,Paris Saint Germain,D,Paris Saint Germain vs Lille,11,6.9,,0.0,,,7,6.0,,,1.0,,,0,0,1.0,1.0
33,Lucas Hernández,Paris Saint Germain,D,Auxerre vs Paris Saint Germain,90,7.3,,0.0,,,97,88.0,,2.0,,,2.0,0,0,4.0,7.0
33,Lucas Hernández,Paris Saint Germain,D,Paris Saint Germain vs Marseille,15,6.9,,0.0,,,13,13.0,,,,,1.0,0,0,1.0,1.0
33,Lucas Hernández,Paris Saint Germain,D,Paris Saint Germain vs Metz,90,7.6,,1.0,2.0,1.0,67,63.0,,1.0,,,2.0,0,0,6.0,7.0
927,Kang-in Lee,Paris Saint Germain,M,Nantes vs Paris Saint Germain,61,7.5,,0.0,,,61,57.0,,,,,,0,0,2.0,3.0
927,Kang-in Lee,Paris Saint Germain,M,Paris Saint Germain vs Angers,9,6.6,,0.0,,,17,17.0,,,,,1.0,0,0,1.0,1.0
927,Kang-in Lee,Paris Saint Germain,M,Paris Saint Germain vs Lens,57,6.7,,0.0,1.0,1.0,31,27.0,,1.0,,2.0,1.0,0,0,3.0,6.0
927,Kang-in Lee,Paris Saint Germain,M,Marseille vs Paris Saint Germain,26,6.3,,0.0,1.0,,15,15.0,,,,,,0,0,,2.0
927,Kang-in Lee,Paris Saint Germain,M,Paris Saint Germain vs Auxerre,80,7.3,,0.0,1.0,1.0,72,64.0,,3.0,,1.0,1.0,0,0,5.0,13.0
927,Kang-in Lee,Paris Saint Germain,M,Lille vs Paris Saint Germain,90,6.5,,0.0,3.0,2.0,67,64.0,,,1.0,,1.0,0,0,3.0,5.0
927,Kang-in Lee,Paris Saint Germain,M,Paris Saint Germain vs Strasbourg,90,6.6,,0.0,1.0,,61,58.0,,,,1.0,,1,0,,1.0
927,Kang-in Lee,Paris Saint Germain,M,Stade Brestois 29 vs Paris Saint Germain,67,6.6,,0.0,1.0,,45,42.0,,,,3.0,1.0,0,0,1.0,5.0
927,Kang-in Lee,Paris Saint Germain,M,Paris Saint Germain vs Nice,24,7.2,,0.0,,,21,20.0,,,,,,1,0,1.0,4.0
927,Kang-in Lee,Paris Saint Germain,M,Lyon vs Paris Saint Germain,90,7.2,,1.0,1.0,1.0,50,44.0,,1.0,,1.0,3.0,0,0,5.0,12.0
927,Kang-in Lee,Paris Saint Germain,M,Paris Saint Germain vs Le Havre,55,8,1.0,0.0,2.0,2.0,36,31.0,,1.0,,,,0,0,2.0,3.0
927,Kang-in Lee,Paris Saint Germain,M,Monaco vs Paris Saint Germain,64,6.7,,0.0,2.0,,33,30.0,,1.0,,3.0,,0,0,4.0,8.0
927,Kang-in Lee,Paris Saint Germain,M,Paris Saint Germain vs Rennes,64,6.2,,0.0,2.0,,23,20.0,,,,,1.0,0,0,1.0,4.0
927,Kang-in Lee,Paris Saint Germain,M,Metz vs Paris Saint Germain,90,7.9,,1.0,3.0,1.0,59,55.0,,2.0,1.0,1.0,2.0,0,0,5.0,7.0
927,Kang-in Lee,Paris Saint Germain,M,Strasbourg vs Paris Saint Germain,30,7,,0.0,1.0,1.0,24,20.0,,2.0,,,1.0,0,0,5.0,5.0
927,Kang-in Lee,Paris Saint Germain,M,Paris Saint Germain vs Marseille,22,8.5,1.0,0.0,1.0,1.0,10,9.0,,,,1.0,,0,0,,4.0
927,Kang-in Lee,Paris Saint Germain,M,Rennes vs Paris Saint Germain,30,6.9,,0.0,1.0,1.0,18,17.0,,1.0,,1.0,1.0,0,0,4.0,7.0
927,Kang-in Lee,Paris Saint Germain,M,Paris Saint Germain vs Metz,63,7.3,,0.0,,,50,44.0,,1.0,,,1.0,0,0,4.0,5.0
128384,Vitinha,Paris Saint Germain,M,Nantes vs Paris Saint Germain,90,8.9,1.0,0.0,2.0,1.0,121,116.0,,3.0,,,,0,0,3.0,6.0
128384,Vitinha,Paris Saint Germain,M,Paris Saint Germain vs Angers,90,7.9,,0.0,3.0,1.0,160,149.0,,1.0,1.0,,,0,0,1.0,1.0
128384,Vitinha,Paris Saint Germain,M,Toulouse vs Paris Saint Germain,45,7.3,,0.0,,,63,61.0,,,,,,0,0,,1.0
128384,Vitinha,Paris Saint Germain,M,Paris Saint Germain vs Lens,90,9.2,,2.0,,,147,140.0,,,1.0,,2.0,0,0,4.0,8.0
128384,Vitinha,Paris Saint Germain,M,Marseille vs Paris Saint Germain,90,7.3,,0.0,4.0,3.0,101,93.0,,1.0,1.0,,4.0,0,0,7.0,10.0
128384,Vitinha,Paris Saint Germain,M,Paris Saint Germain vs Auxerre,36,7.9,,1.0,,,57,56.0,,,,,,0,0,,
128384,Vitinha,Paris Saint Germain,M,Lille vs Paris Saint Germain,31,6.9,,0.0,,,40,36.0,,,,1.0,1.0,0,0,1.0,2.0
128384,Vitinha,Paris Saint Germain,M,Stade Brestois 29 vs Paris Saint Germain,90,8.3,,1.0,1.0,,152,146.0,,,,,2.0,0,0,2.0,3.0
128384,Vitinha,Paris Saint Germain,M,Lorient vs Paris Saint Germain,45,7.3,,0.0,2.0,1.0,83,79.0,,,,,1.0,0,0,1.0,1.0
128384,Vitinha,Paris Saint Germain,M,Paris Saint Germain vs Nice,90,8.3,,0.0,2.0,1.0,140,132.0,,1.0,,,,0,0,2.0,5.0
128384,Vitinha,Paris Saint Germain,M,Lyon vs Paris Saint Germain,90,8.2,,2.0,1.0,,128,117.0,,3.0,1.0,,1.0,0,0,4.0,5.0
128384,Vitinha,Paris Saint Germain,M,Paris Saint Germain vs Le Havre,71,6.9,,0.0,,,59,53.0,,1.0,2.0,,,0,0,1.0,5.0
128384,Vitinha,Paris Saint Germain,M,Monaco vs Paris Saint Germain,90,7.6,,0.0,2.0,2.0,91,79.0,,,,3.0,2.0,1,0,3.0,6.0
128384,Vitinha,Paris Saint Germain,M,Paris Saint Germain vs Rennes,71,7.3,,0.0,1.0,,81,77.0,,1.0,,,1.0,0,0,3.0,3.0
128384,Vitinha,Paris Saint Germain,M,Metz vs Paris Saint Germain,90,7.3,,0.0,,,126,122.0,,,,1.0,1.0,0,0,3.0,6.0
128384,Vitinha,Paris Saint Germain,M,Paris Saint Germain vs Paris FC,90,7.2,,0.0,1.0,,128,122.0,,1.0,,,,0,0,1.0,1.0
128384,Vitinha,Paris Saint Germain,M,Paris Saint Germain vs Lille,90,7.6,,1.0,,,101,95.0,,2.0,2.0,1.0,,0,0,3.0,4.0
128384,Vitinha,Paris Saint Germain,M,Auxerre vs Paris Saint Germain,90,7.9,,0.0,,,114,104.0,,1.0,4.0,3.0,,0,0,1.0,3.0
128384,Vitinha,Paris Saint Germain,M,Strasbourg vs Paris Saint Germain,90,7.2,,0.0,,,80,77.0,,,4.0,,,0,0,1.0,2.0
128384,Vitinha,Paris Saint Germain,M,Paris Saint Germain vs Marseille,90,7.3,,0.0,,,91,84.0,,1.0,2.0,1.0,1.0,1,0,2.0,3.0
128384,Vitinha,Paris Saint Germain,M,Rennes vs Paris Saint Germain,90,7.3,,0.0,,,103,96.0,,1.0,2.0,1.0,2.0,0,0,3.0,4.0
128384,Vitinha,Paris Saint Germain,M,Paris Saint Germain vs Metz,27,7.2,,0.0,1.0,1.0,40,40.0,,,,,1.0,0,0,1.0,2.0
328,Fabián Ruiz,Paris Saint Germain,M,Nantes vs Paris Saint Germain,61,6.9,,0.0,,,62,52.0,,,,,,0,0,1.0,1.0
328,Fabián Ruiz,Paris Saint Germain,M,Paris Saint Germain vs Angers,90,9.3,1.0,0.0,2.0,1.0,134,125.0,,3.0,2.0,,1.0,0,0,4.0,6.0
328,Fabián Ruiz,Paris Saint Germain,M,Toulouse vs Paris Saint Germain,90,7.3,,1.0,,,120,114.0,,,1.0,,,0,0,,2.0
328,Fabián Ruiz,Paris Saint Germain,M,Paris Saint Germain vs Lens,19,6.9,,0.0,1.0,,25,25.0,,1.0,,,,0,0,1.0,2.0
328,Fabián Ruiz,Paris Saint Germain,M,Marseille vs Paris Saint Germain,90,6.6,,0.0,1.0,1.0,69,62.0,,,1.0,,,1,0,,2.0
328,Fabián Ruiz,Paris Saint Germain,M,Paris Saint Germain vs Nice,25,7.2,,0.0,1.0,,25,23.0,,,,,,0,0,,1.0
328,Fabián Ruiz,Paris Saint Germain,M,Lyon vs Paris Saint Germain,74,6.3,,0.0,,,57,53.0,,,,,,0,0,,3.0
328,Fabián Ruiz,Paris Saint Germain,M,Paris Saint Germain vs Le Havre,19,6.9,,0.0,,,21,20.0,,,,,,0,0,,
328,Fabián Ruiz,Paris Saint Germain,M,Monaco vs Paris Saint Germain,83,6.2,,0.0,2.0,,45,38.0,,,,,,0,0,,2.0
328,Fabián Ruiz,Paris Saint Germain,M,Paris Saint Germain vs Rennes,19,6.6,,0.0,,,35,34.0,,,,,,0,0,,1.0
328,Fabián Ruiz,Paris Saint Germain,M,Metz vs Paris Saint Germain,45,6.6,,0.0,,,42,42.0,,1.0,,,,0,0,1.0,3.0
328,Fabián Ruiz,Paris Saint Germain,M,Paris Saint Germain vs Paris FC,90,7.7,,1.0,2.0,1.0,96,88.0,,3.0,1.0,,,0,0,4.0,5.0
328,Fabián Ruiz,Paris Saint Germain,M,Paris Saint Germain vs Lille,90,7.3,,0.0,1.0,1.0,112,103.0,,2.0,3.0,1.0,,0,0,2.0,2.0
446249,Ibrahim Mbaye,Paris Saint Germain,F,Nantes vs Paris Saint Germain,61,5.6,,0.0,,,52,46.0,,1.0,,,1.0,0,0,3.0,11.0
446249,Ibrahim Mbaye,Paris Saint Germain,F,Paris Saint Germain vs Angers,13,6.6,,0.0,,,16,14.0,,,,,1.0,0,0,3.0,3.0
446249,Ibrahim Mbaye,Paris Saint Germain,F,Toulouse vs Paris Saint Germain,15,6.2,,0.0,,,13,12.0,,,,,,0,0,1.0,3.0
446249,Ibrahim Mbaye,Paris Saint Germain,F,Paris Saint Germain vs Lens,60,7,,0.0,3.0,1.0,32,28.0,,1.0,,,,0,0,2.0,5.0
446249,Ibrahim Mbaye,Paris Saint Germain,F,Paris Saint Germain vs Auxerre,90,6.6,,0.0,,,40,37.0,,2.0,1.0,3.0,,0,0,5.0,12.0
446249,Ibrahim Mbaye,Paris Saint Germain,F,Lille vs Paris Saint Germain,59,6.3,,0.0,,,32,23.0,,,,2.0,,0,0,2.0,7.0
446249,Ibrahim Mbaye,Paris Saint Germain,F,Paris Saint Germain vs Strasbourg,90,7.5,,0.0,,,57,51.0,,2.0,2.0,2.0,3.0,0,0,6.0,9.0
446249,Ibrahim Mbaye,Paris Saint Germain,F,Lorient vs Paris Saint Germain,45,6.3,,0.0,1.0,1.0,32,27.0,,1.0,,,,0,0,1.0,4.0
446249,Ibrahim Mbaye,Paris Saint Germain,F,Lyon vs Paris Saint Germain,16,6.6,,0.0,,,12,10.0,,,,,,0,0,,
446249,Ibrahim Mbaye,Paris Saint Germain,F,Paris Saint Germain vs Le Havre,90,6.9,,0.0,5.0,2.0,46,40.0,,1.0,2.0,1.0,1.0,0,0,6.0,16.0
446249,Ibrahim Mbaye,Paris Saint Germain,F,Monaco vs Paris Saint Germain,14,6.3,,0.0,,,8,4.0,,,,1.0,1.0,0,0,1.0,4.0
446249,Ibrahim Mbaye,Paris Saint Germain,F,Paris Saint Germain vs Rennes,10,7.5,1.0,0.0,1.0,1.0,6,6.0,,,,,,0,0,,
446249,Ibrahim Mbaye,Paris Saint Germain,F,Metz vs Paris Saint Germain,89,8,,2.0,1.0,,37,31.0,,,,,3.0,0,0,7.0,17.0
446249,Ibrahim Mbaye,Paris Saint Germain,F,Auxerre vs Paris Saint Germain,61,6.7,,0.0,1.0,1.0,27,24.0,,1.0,,,,0,0,1.0,3.0
446249,Ibrahim Mbaye,Paris Saint Germain,F,Strasbourg vs Paris Saint Germain,45,6.6,,0.0,,,29,26.0,,2.0,,,,0,0,3.0,4.0
446249,Ibrahim Mbaye,Paris Saint Germain,F,Paris Saint Germain vs Metz,45,6.3,,0.0,1.0,,25,22.0,,,,,2.0,0,0,3.0,7.0
41585,Gonçalo Ramos,Paris Saint Germain,F,Nantes vs Paris Saint Germain,78,6.7,,0.0,3.0,,13,9.0,,1.0,,,,0,0,6.0,8.0
41585,Gonçalo Ramos,Paris Saint Germain,F,Paris Saint Germain vs Angers,23,6.5,,0.0,1.0,1.0,8,8.0,,,,,,0,0,,1.0
41585,Gonçalo Ramos,Paris Saint Germain,F,Toulouse vs Paris Saint Germain,20,6.5,,0.0,1.0,1.0,6,5.0,,,,,,0,0,,2.0
41585,Gonçalo Ramos,Paris Saint Germain,F,Paris Saint Germain vs Lens,90,6.5,,0.0,2.0,2.0,23,19.0,,1.0,,2.0,,1,0,2.0,3.0
41585,Gonçalo Ramos,Paris Saint Germain,F,Marseille vs Paris Saint Germain,89,6.5,,0.0,1.0,,16,10.0,,2.0,1.0,2.0,1.0,0,0,6.0,12.0
41585,Gonçalo Ramos,Paris Saint Germain,F,Paris Saint Germain vs Auxerre,90,6.2,,0.0,1.0,1.0,22,13.0,,,,1.0,2.0,0,0,4.0,12.0
41585,Gonçalo Ramos,Paris Saint Germain,F,Lille vs Paris Saint Germain,90,6.2,,0.0,2.0,,20,18.0,,,,,3.0,0,0,3.0,7.0
41585,Gonçalo Ramos,Paris Saint Germain,F,Paris Saint Germain vs Strasbourg,90,7.2,1.0,0.0,4.0,3.0,22,19.0,,,,1.0,2.0,0,0,3.0,3.0
41585,Gonçalo Ramos,Paris Saint Germain,F,Stade Brestois 29 vs Paris Saint Germain,11,6.5,,0.0,,,4,3.0,,,,1.0,,0,0,,1.0
41585,Gonçalo Ramos,Paris Saint Germain,F,Lorient vs Paris Saint Germain,13,6.3,,0.0,,,4,4.0,,,,,,0,0,1.0,3.0
41585,Gonçalo Ramos,Paris Saint Germain,F,Paris Saint Germain vs Nice,18,6.9,1.0,0.0,4.0,3.0,0,,,,1.0,,,0,0,,1.0
41585,Gonçalo Ramos,Paris Saint Germain,F,Lyon vs Paris Saint Germain,16,6.5,,0.0,,,2,2.0,,1.0,,1.0,,1,0,1.0,2.0
41585,Gonçalo Ramos,Paris Saint Germain,F,Paris Saint Germain vs Le Havre,64,6.5,,0.0,5.0,2.0,15,13.0,,2.0,,2.0,1.0,0,0,5.0,10.0
41585,Gonçalo Ramos,Paris Saint Germain,F,Monaco vs Paris Saint Germain,14,6.2,,0.0,,,0,,,,,,,0,0,,
41585,Gonçalo Ramos,Paris Saint Germain,F,Paris Saint Germain vs Rennes,19,7.7,1.0,0.0,1.0,1.0,10,10.0,,,1.0,,1.0,0,0,1.0,1.0
41585,Gonçalo Ramos,Paris Saint Germain,F,Metz vs Paris Saint Germain,66,7.2,1.0,0.0,3.0,3.0,23,21.0,,1.0,,1.0,2.0,0,0,6.0,16.0
41585,Gonçalo Ramos,Paris Saint Germain,F,Paris Saint Germain vs Paris FC,20,6.2,,0.0,,,6,3.0,,,,,,0,0,1.0,5.0
41585,Gonçalo Ramos,Paris Saint Germain,F,Paris Saint Germain vs Lille,14,6.3,,0.0,,,3,2.0,,,,2.0,,0,0,1.0,4.0
41585,Gonçalo Ramos,Paris Saint Germain,F,Auxerre vs Paris Saint Germain,62,6.2,,0.0,2.0,1.0,21,19.0,,1.0,,2.0,,0,0,3.0,10.0
41585,Gonçalo Ramos,Paris Saint Germain,F,Paris Saint Germain vs Marseille,15,6.2,,0.0,1.0,,5,4.0,,,,2.0,1.0,0,0,1.0,3.0
41585,Gonçalo Ramos,Paris Saint Germain,F,Rennes vs Paris Saint Germain,16,6.9,,0.0,4.0,2.0,5,4.0,,,,1.0,,0,0,1.0,2.0
41585,Gonçalo Ramos,Paris Saint Germain,F,Paris Saint Germain vs Metz,90,8.9,1.0,1.0,1.0,1.0,31,29.0,,1.0,,,2.0,0,0,6.0,12.0
161904,Bradley Barcola,Paris Saint Germain,F,Nantes vs Paris Saint Germain,90,6.2,,0.0,3.0,1.0,42,39.0,,,,2.0,,0,0,1.0,8.0
161904,Bradley Barcola,Paris Saint Germain,F,Paris Saint Germain vs Angers,67,6.7,,0.0,1.0,,29,24.0,,2.0,,,,0,0,3.0,7.0
161904,Bradley Barcola,Paris Saint Germain,F,Toulouse vs Paris Saint Germain,75,8.9,1.0,0.0,1.0,1.0,30,28.0,,2.0,1.0,,1.0,0,0,5.0,8.0
161904,Bradley Barcola,Paris Saint Germain,F,Paris Saint Germain vs Lens,71,8.3,2.0,0.0,2.0,2.0,19,12.0,,,1.0,,,0,0,,5.0
161904,Bradley Barcola,Paris Saint Germain,F,Paris Saint Germain vs Auxerre,45,6.3,,0.0,2.0,1.0,14,14.0,,,,2.0,1.0,1,0,2.0,10.0
161904,Bradley Barcola,Paris Saint Germain,F,Lille vs Paris Saint Germain,59,7.2,,0.0,4.0,2.0,23,21.0,,1.0,1.0,,1.0,0,0,7.0,9.0
161904,Bradley Barcola,Paris Saint Germain,F,Paris Saint Germain vs Strasbourg,61,8.9,1.0,0.0,2.0,2.0,37,30.0,,4.0,,1.0,2.0,0,0,9.0,12.0
161904,Bradley Barcola,Paris Saint Germain,F,Stade Brestois 29 vs Paris Saint Germain,79,6.3,,0.0,1.0,1.0,36,28.0,,1.0,,2.0,,0,0,1.0,9.0
161904,Bradley Barcola,Paris Saint Germain,F,Lorient vs Paris Saint Germain,27,5.9,,0.0,2.0,1.0,24,19.0,,,,1.0,,1,0,,3.0
161904,Bradley Barcola,Paris Saint Germain,F,Paris Saint Germain vs Nice,66,7.3,,0.0,3.0,2.0,24,23.0,,,,1.0,1.0,0,0,5.0,9.0
161904,Bradley Barcola,Paris Saint Germain,F,Paris Saint Germain vs Le Havre,35,8.3,1.0,0.0,3.0,2.0,17,13.0,,,,1.0,,0,0,1.0,4.0
161904,Bradley Barcola,Paris Saint Germain,F,Paris Saint Germain vs Rennes,90,8.3,,0.0,2.0,2.0,40,36.0,,3.0,1.0,,,0,0,5.0,10.0
161904,Bradley Barcola,Paris Saint Germain,F,Metz vs Paris Saint Germain,24,6.6,,0.0,1.0,,13,11.0,,,1.0,,,0,0,3.0,6.0
161904,Bradley Barcola,Paris Saint Germain,F,Paris Saint Germain vs Paris FC,20,6.6,,0.0,,,14,13.0,,,,,,0,0,1.0,3.0
161904,Bradley Barcola,Paris Saint Germain,F,Paris Saint Germain vs Lille,27,8.3,1.0,0.0,1.0,1.0,13,11.0,,4.0,,2.0,,0,0,5.0,7.0
161904,Bradley Barcola,Paris Saint Germain,F,Auxerre vs Paris Saint Germain,90,7.6,1.0,0.0,5.0,3.0,28,23.0,,2.0,1.0,1.0,,0,0,3.0,8.0
161904,Bradley Barcola,Paris Saint Germain,F,Strasbourg vs Paris Saint Germain,60,6.6,,1.0,,,20,16.0,,,,,,0,0,2.0,4.0
161904,Bradley Barcola,Paris Saint Germain,F,Paris Saint Germain vs Marseille,68,6.9,,0.0,3.0,,25,19.0,,,1.0,,2.0,0,0,3.0,8.0
161904,Bradley Barcola,Paris Saint Germain,F,Rennes vs Paris Saint Germain,30,7.5,,0.0,1.0,1.0,13,11.0,,1.0,,,,0,0,3.0,4.0
161904,Bradley Barcola,Paris Saint Germain,F,Paris Saint Germain vs Metz,64,7.9,1.0,0.0,2.0,1.0,27,23.0,,1.0,2.0,,,0,0,3.0,6.0
9,Achraf Hakimi,Paris Saint Germain,D,Nantes vs Paris Saint Germain,29,6.9,,0.0,,,28,26.0,,1.0,,1.0,,1,0,1.0,3.0
9,Achraf Hakimi,Paris Saint Germain,D,Paris Saint Germain vs Angers,90,6.6,,0.0,1.0,,129,122.0,,1.0,1.0,1.0,,0,0,3.0,13.0
9,Achraf Hakimi,Paris Saint Germain,D,Toulouse vs Paris Saint Germain,90,5.2,,0.0,1.0,1.0,76,69.0,,2.0,1.0,,,0,0,2.0,6.0
9,Achraf Hakimi,Paris Saint Germain,D,Paris Saint Germain vs Lens,90,6.7,,0.0,,,66,62.0,,1.0,,,1.0,0,0,2.0,6.0
9,Achraf Hakimi,Paris Saint Germain,D,Marseille vs Paris Saint Germain,90,7,,0.0,2.0,1.0,78,67.0,,3.0,,1.0,2.0,0,0,7.0,11.0
9,Achraf Hakimi,Paris Saint Germain,D,Paris Saint Germain vs Auxerre,54,6.9,,0.0,,,46,39.0,,2.0,,1.0,1.0,0,0,3.0,6.0
9,Achraf Hakimi,Paris Saint Germain,D,Lille vs Paris Saint Germain,31,6.2,,0.0,1.0,,20,17.0,,1.0,,1.0,1.0,0,0,2.0,5.0
9,Achraf Hakimi,Paris Saint Germain,D,Stade Brestois 29 vs Paris Saint Germain,90,8.3,2.0,0.0,2.0,2.0,95,89.0,,,2.0,1.0,2.0,1,0,2.0,8.0
9,Achraf Hakimi,Paris Saint Germain,D,Paris Saint Germain vs Nice,90,7.2,,0.0,,,87,84.0,,1.0,,,1.0,0,0,2.0,7.0
9,Achraf Hakimi,Paris Saint Germain,D,Strasbourg vs Paris Saint Germain,75,5.7,,0.0,2.0,1.0,74,68.0,,,,1.0,,0,1,,2.0
9,Achraf Hakimi,Paris Saint Germain,D,Rennes vs Paris Saint Germain,90,6.5,,0.0,,,70,61.0,,,1.0,,2.0,0,0,3.0,4.0
9,Achraf Hakimi,Paris Saint Germain,D,Paris Saint Germain vs Metz,90,7.5,,0.0,2.0,,75,66.0,,,2.0,,1.0,0,0,2.0,4.0
263482,Nuno Mendes,Paris Saint Germain,D,Nantes vs Paris Saint Germain,29,6.9,,1.0,,,20,16.0,,1.0,,,,0,0,1.0,3.0
263482,Nuno Mendes,Paris Saint Germain,D,Paris Saint Germain vs Angers,90,6.9,,0.0,1.0,1.0,75,69.0,,,,,1.0,0,0,2.0,9.0
263482,Nuno Mendes,Paris Saint Germain,D,Toulouse vs Paris Saint Germain,45,6.3,,0.0,,,47,44.0,,,1.0,2.0,1.0,0,0,3.0,5.0
263482,Nuno Mendes,Paris Saint Germain,D,Paris Saint Germain vs Lens,20,6.6,,0.0,,,12,11.0,,,,,,0,0,,1.0
263482,Nuno Mendes,Paris Saint Germain,D,Marseille vs Paris Saint Germain,90,7.3,,0.0,,,53,49.0,,4.0,1.0,,3.0,0,0,8.0,13.0
263482,Nuno Mendes,Paris Saint Germain,D,Lille vs Paris Saint Germain,31,7.9,1.0,0.0,1.0,1.0,15,14.0,,,,,1.0,0,0,1.0,4.0
263482,Nuno Mendes,Paris Saint Germain,D,Lorient vs Paris Saint Germain,90,7,1.0,0.0,4.0,4.0,59,56.0,,1.0,2.0,2.0,,0,0,5.0,10.0
263482,Nuno Mendes,Paris Saint Germain,D,Paris Saint Germain vs Nice,90,6.9,,0.0,,,79,70.0,,2.0,,2.0,1.0,0,0,3.0,11.0
263482,Nuno Mendes,Paris Saint Germain,D,Paris Saint Germain vs Le Havre,90,7.9,,1.0,2.0,1.0,80,66.0,,2.0,1.0,1.0,2.0,1,0,5.0,7.0
263482,Nuno Mendes,Paris Saint Germain,D,Paris Saint Germain vs Paris FC,80,6.9,,0.0,3.0,1.0,61,54.0,,1.0,1.0,,2.0,0,0,6.0,8.0
263482,Nuno Mendes,Paris Saint Germain,D,Paris Saint Germain vs Lille,90,7.5,,0.0,2.0,,63,56.0,,2.0,2.0,1.0,3.0,0,0,9.0,14.0
263482,Nuno Mendes,Paris Saint Germain,D,Strasbourg vs Paris Saint Germain,90,7.9,1.0,0.0,1.0,1.0,102,92.0,,1.0,2.0,,,0,0,4.0,7.0
263482,Nuno Mendes,Paris Saint Germain,D,Paris Saint Germain vs Marseille,90,9.9,,1.0,3.0,1.0,61,58.0,,1.0,1.0,,3.0,0,0,9.0,10.0
263482,Nuno Mendes,Paris Saint Germain,D,Rennes vs Paris Saint Germain,90,6.9,,0.0,,,64,56.0,,7.0,1.0,1.0,,0,0,8.0,14.0
343027,Désiré Doué,Paris Saint Germain,F,Nantes vs Paris Saint Germain,29,6.9,,0.0,,,19,18.0,,2.0,1.0,,1.0,0,0,3.0,7.0
343027,Désiré Doué,Paris Saint Germain,F,Paris Saint Germain vs Angers,77,6.6,,0.0,2.0,,50,44.0,,4.0,1.0,,2.0,0,0,9.0,18.0
343027,Désiré Doué,Paris Saint Germain,F,Toulouse vs Paris Saint Germain,63,6.9,,0.0,1.0,,24,21.0,,,,2.0,3.0,0,0,4.0,11.0
343027,Désiré Doué,Paris Saint Germain,F,Paris Saint Germain vs Strasbourg,61,6.2,,1.0,1.0,1.0,49,40.0,,3.0,,,2.0,0,0,5.0,16.0
343027,Désiré Doué,Paris Saint Germain,F,Stade Brestois 29 vs Paris Saint Germain,20,7.6,1.0,0.0,3.0,1.0,21,19.0,,,,,,0,0,2.0,3.0
343027,Désiré Doué,Paris Saint Germain,F,Lorient vs Paris Saint Germain,63,6.2,,0.0,,,35,29.0,,2.0,,2.0,1.0,0,0,3.0,10.0
343027,Désiré Doué,Paris Saint Germain,F,Metz vs Paris Saint Germain,45,7.9,1.0,0.0,2.0,2.0,26,18.0,,1.0,,2.0,1.0,0,0,3.0,5.0
343027,Désiré Doué,Paris Saint Germain,F,Paris Saint Germain vs Paris FC,70,8.7,1.0,0.0,3.0,2.0,43,39.0,,3.0,1.0,2.0,1.0,0,0,5.0,10.0
343027,Désiré Doué,Paris Saint Germain,F,Paris Saint Germain vs Lille,84,7.3,,1.0,4.0,3.0,46,37.0,,1.0,,1.0,1.0,0,0,7.0,12.0
343027,Désiré Doué,Paris Saint Germain,F,Auxerre vs Paris Saint Germain,29,6.7,,0.0,,,12,10.0,,,,1.0,1.0,0,0,1.0,3.0
343027,Désiré Doué,Paris Saint Germain,F,Strasbourg vs Paris Saint Germain,45,7,,0.0,1.0,,29,26.0,,2.0,1.0,,2.0,0,0,7.0,10.0
343027,Désiré Doué,Paris Saint Germain,F,Paris Saint Germain vs Marseille,62,6.6,,0.0,4.0,1.0,28,23.0,,1.0,,2.0,2.0,0,0,3.0,10.0
343027,Désiré Doué,Paris Saint Germain,F,Rennes vs Paris Saint Germain,60,6.3,,0.0,3.0,1.0,36,32.0,,1.0,,2.0,2.0,0,0,5.0,11.0
343027,Désiré Doué,Paris Saint Germain,F,Paris Saint Germain vs Metz,45,8.2,1.0,0.0,1.0,1.0,33,30.0,,1.0,,1.0,1.0,0,0,4.0,7.0
153,Ousmane Dembélé,Paris Saint Germain,F,Nantes vs Paris Saint Germain,29,6.6,,0.0,1.0,,28,22.0,,,,,1.0,0,0,2.0,3.0
153,Ousmane Dembélé,Paris Saint Germain,F,Paris Saint Germain vs Angers,81,6.3,,0.0,3.0,,73,66.0,,1.0,,,,0,0,6.0,12.0
153,Ousmane Dembélé,Paris Saint Germain,F,Toulouse vs Paris Saint Germain,70,8.2,2.0,1.0,3.0,2.0,62,55.0,,1.0,,1.0,,0,0,1.0,4.0
153,Ousmane Dembélé,Paris Saint Germain,F,Stade Brestois 29 vs Paris Saint Germain,23,6.6,,0.0,3.0,,26,24.0,,1.0,,,,0,0,1.0,3.0
153,Ousmane Dembélé,Paris Saint Germain,F,Lorient vs Paris Saint Germain,61,6.6,,0.0,,,48,40.0,,,,1.0,,0,0,,3.0
153,Ousmane Dembélé,Paris Saint Germain,F,Paris Saint Germain vs Nice,18,6.9,,0.0,2.0,1.0,14,12.0,,,,,,0,0,,
153,Ousmane Dembélé,Paris Saint Germain,F,Monaco vs Paris Saint Germain,26,6.7,,0.0,,,17,13.0,,,,,,0,0,,2.0
153,Ousmane Dembélé,Paris Saint Germain,F,Paris Saint Germain vs Rennes,26,6.9,,1.0,1.0,1.0,36,30.0,,,,,,0,0,1.0,1.0
153,Ousmane Dembélé,Paris Saint Germain,F,Paris Saint Germain vs Paris FC,70,8.6,1.0,0.0,2.0,1.0,68,51.0,,,,,,0,0,2.0,3.0
153,Ousmane Dembélé,Paris Saint Germain,F,Paris Saint Germain vs Lille,76,9.9,2.0,0.0,2.0,2.0,61,56.0,,,,,,0,0,2.0,3.0
153,Ousmane Dembélé,Paris Saint Germain,F,Auxerre vs Paris Saint Germain,28,6.9,,1.0,1.0,1.0,24,18.0,,1.0,,,,0,0,2.0,4.0
153,Ousmane Dembélé,Paris Saint Germain,F,Strasbourg vs Paris Saint Germain,31,6.6,,0.0,,,10,9.0,,,,,1.0,0,0,1.0,2.0
153,Ousmane Dembélé,Paris Saint Germain,F,Paris Saint Germain vs Marseille,75,10,2.0,1.0,3.0,2.0,20,16.0,,,,,,0,0,5.0,6.0
153,Ousmane Dembélé,Paris Saint Germain,F,Rennes vs Paris Saint Germain,74,8.2,1.0,0.0,3.0,2.0,24,20.0,,1.0,,,,0,0,1.0,6.0
483,Khvicha Kvaratskhelia,Paris Saint Germain,F,Nantes vs Paris Saint Germain,12,6.7,,0.0,1.0,1.0,6,6.0,,,,,,0,0,,1.0
483,Khvicha Kvaratskhelia,Paris Saint Germain,F,Toulouse vs Paris Saint Germain,27,6.7,,0.0,,,17,15.0,,3.0,,1.0,1.0,0,0,4.0,7.0
483,Khvicha Kvaratskhelia,Paris Saint Germain,F,Paris Saint Germain vs Lens,30,6.5,,0.0,,,16,14.0,,,,,1.0,0,0,2.0,5.0
483,Khvicha Kvaratskhelia,Paris Saint Germain,F,Marseille vs Paris Saint Germain,90,6.7,,0.0,2.0,,42,37.0,,,1.0,1.0,4.0,0,0,5.0,9.0
483,Khvicha Kvaratskhelia,Paris Saint Germain,F,Paris Saint Germain vs Auxerre,45,6.9,,0.0,2.0,1.0,28,25.0,,1.0,1.0,,1.0,0,0,6.0,13.0
483,Khvicha Kvaratskhelia,Paris Saint Germain,F,Paris Saint Germain vs Strasbourg,29,6.7,,0.0,3.0,1.0,23,19.0,,,,,1.0,0,0,2.0,2.0
483,Khvicha Kvaratskhelia,Paris Saint Germain,F,Stade Brestois 29 vs Paris Saint Germain,70,6.2,,1.0,2.0,2.0,39,35.0,,,1.0,1.0,,0,0,1.0,11.0
483,Khvicha Kvaratskhelia,Paris Saint Germain,F,Lorient vs Paris Saint Germain,29,6.3,,0.0,1.0,1.0,25,25.0,,,,1.0,,0,0,2.0,6.0
483,Khvicha Kvaratskhelia,Paris Saint Germain,F,Paris Saint Germain vs Nice,90,9.2,,1.0,1.0,,78,71.0,,5.0,,2.0,1.0,1,0,11.0,17.0
483,Khvicha Kvaratskhelia,Paris Saint Germain,F,Lyon vs Paris Saint Germain,74,8.5,1.0,0.0,1.0,1.0,40,31.0,,2.0,1.0,,2.0,0,0,5.0,9.0
483,Khvicha Kvaratskhelia,Paris Saint Germain,F,Paris Saint Germain vs Le Havre,19,6.6,,1.0,3.0,1.0,11,10.0,,,,1.0,,0,0,,3.0
483,Khvicha Kvaratskhelia,Paris Saint Germain,F,Monaco vs Paris Saint Germain,76,6.7,,0.0,2.0,2.0,26,20.0,,1.0,1.0,2.0,1.0,0,0,5.0,11.0
483,Khvicha Kvaratskhelia,Paris Saint Germain,F,Paris Saint Germain vs Rennes,71,9.6,2.0,0.0,4.0,3.0,37,29.0,,,,,1.0,0,0,6.0,9.0
483,Khvicha Kvaratskhelia,Paris Saint Germain,F,Metz vs Paris Saint Germain,24,6.7,,0.0,1.0,1.0,10,8.0,,,,,,0,0,,1.0
483,Khvicha Kvaratskhelia,Paris Saint Germain,F,Paris Saint Germain vs Lille,63,6.9,,0.0,,,39,32.0,,1.0,,2.0,,0,0,3.0,9.0
483,Khvicha Kvaratskhelia,Paris Saint Germain,F,Auxerre vs Paris Saint Germain,90,6.9,,0.0,1.0,1.0,45,37.0,,2.0,1.0,1.0,3.0,0,0,6.0,12.0
483,Khvicha Kvaratskhelia,Paris Saint Germain,F,Paris Saint Germain vs Marseille,28,7.3,1.0,0.0,2.0,1.0,18,16.0,,,,,,0,0,1.0,1.0
483,Khvicha Kvaratskhelia,Paris Saint Germain,F,Rennes vs Paris Saint Germain,60,7.3,,0.0,,,26,21.0,,1.0,,1.0,1.0,0,0,3.0,6.0
483,Khvicha Kvaratskhelia,Paris Saint Germain,F,Paris Saint Germain vs Metz,26,7.2,,0.0,,,20,20.0,,,1.0,,1.0,0,0,1.0,2.0
257,Marquinhos,Paris Saint Germain,D,Paris Saint Germain vs Angers,90,8.3,,0.0,,,101,96.0,,4.0,,,,0,0,8.0,9.0
257,Marquinhos,Paris Saint Germain,D,Marseille vs Paris Saint Germain,90,6.6,,0.0,,,78,73.0,,2.0,,,,0,0,4.0,6.0
257,Marquinhos,Paris Saint Germain,D,Stade Brestois 29 vs Paris Saint Germain,23,6.9,,0.0,,,18,17.0,,,,,,0,0,1.0,2.0
257,Marquinhos,Paris Saint Germain,D,Lorient vs Paris Saint Germain,90,7.5,,0.0,,,109,106.0,,,,,,0,0,,1.0
257,Marquinhos,Paris Saint Germain,D,Lyon vs Paris Saint Germain,16,6.9,,0.0,,,21,18.0,,,1.0,,,0,0,1.0,1.0
257,Marquinhos,Paris Saint Germain,D,Monaco vs Paris Saint Germain,90,7.3,,0.0,,,50,46.0,,4.0,2.0,1.0,,0,0,5.0,9.0
257,Marquinhos,Paris Saint Germain,D,Paris Saint Germain vs Rennes,90,7.3,,0.0,1.0,,88,85.0,,,,3.0,,0,0,3.0,8.0
257,Marquinhos,Paris Saint Germain,D,Paris Saint Germain vs Paris FC,20,6.9,,0.0,,,32,32.0,,,,,,0,0,,
257,Marquinhos,Paris Saint Germain,D,Paris Saint Germain vs Lille,90,6.6,,0.0,,,60,58.0,,1.0,1.0,1.0,,0,0,1.0,3.0
257,Marquinhos,Paris Saint Germain,D,Strasbourg vs Paris Saint Germain,90,7.2,,0.0,,,78,76.0,,1.0,,2.0,1.0,0,0,3.0,8.0
257,Marquinhos,Paris Saint Germain,D,Paris Saint Germain vs Marseille,90,7.9,,0.0,,,58,53.0,,3.0,2.0,,,0,0,7.0,8.0
16367,Willian Pacho,Paris Saint Germain,D,Paris Saint Germain vs Angers,90,7.7,,0.0,,,69,68.0,,1.0,,,1.0,0,0,2.0,2.0
16367,Willian Pacho,Paris Saint Germain,D,Toulouse vs Paris Saint Germain,45,7,,0.0,,,45,43.0,,3.0,1.0,,,0,0,5.0,5.0
16367,Willian Pacho,Paris Saint Germain,D,Marseille vs Paris Saint Germain,64,6.7,,0.0,,,66,66.0,,,,,,0,0,,
16367,Willian Pacho,Paris Saint Germain,D,Lille vs Paris Saint Germain,90,6.9,,0.0,,,94,91.0,,3.0,,1.0,,0,0,3.0,7.0
16367,Willian Pacho,Paris Saint Germain,D,Paris Saint Germain vs Strasbourg,29,7.2,,0.0,1.0,,32,31.0,,2.0,1.0,,,0,0,2.0,2.0
16367,Willian Pacho,Paris Saint Germain,D,Stade Brestois 29 vs Paris Saint Germain,67,6.9,,0.0,,,40,38.0,,1.0,,,,0,0,1.0,4.0
16367,Willian Pacho,Paris Saint Germain,D,Paris Saint Germain vs Nice,90,7.5,,0.0,,,81,77.0,,1.0,2.0,1.0,,0,0,3.0,5.0
16367,Willian Pacho,Paris Saint Germain,D,Lyon vs Paris Saint Germain,90,6.9,,0.0,1.0,,104,96.0,,,,,2.0,0,0,7.0,10.0
16367,Willian Pacho,Paris Saint Germain,D,Monaco vs Paris Saint Germain,90,6.3,,0.0,,,59,49.0,,,1.0,,,0,0,1.0,3.0
16367,Willian Pacho,Paris Saint Germain,D,Paris Saint Germain vs Rennes,90,7.3,,0.0,,,79,74.0,,3.0,2.0,1.0,1.0,0,0,4.0,5.0
16367,Willian Pacho,Paris Saint Germain,D,Metz vs Paris Saint Germain,90,6.7,,0.0,,,69,67.0,,1.0,1.0,,,0,0,3.0,6.0
16367,Willian Pacho,Paris Saint Germain,D,Paris Saint Germain vs Paris FC,90,6.9,,0.0,2.0,,71,69.0,,5.0,2.0,,,0,0,8.0,11.0
16367,Willian Pacho,Paris Saint Germain,D,Paris Saint Germain vs Lille,90,7.7,,0.0,,,60,57.0,,4.0,2.0,1.0,,0,0,6.0,8.0
16367,Willian Pacho,Paris Saint Germain,D,Strasbourg vs Paris Saint Germain,90,6.6,,0.0,1.0,,89,82.0,,3.0,5.0,,,0,0,3.0,4.0
16367,Willian Pacho,Paris Saint Germain,D,Paris Saint Germain vs Marseille,90,6.9,,0.0,,,57,52.0,,3.0,1.0,,,0,0,4.0,9.0
16367,Willian Pacho,Paris Saint Germain,D,Rennes vs Paris Saint Germain,90,6.7,,0.0,,,69,66.0,,1.0,,,,0,0,4.0,6.0
335051,João Neves,Paris Saint Germain,M,Paris Saint Germain vs Angers,67,7.3,,0.0,2.0,,75,72.0,,2.0,1.0,1.0,1.0,0,0,4.0,5.0
335051,João Neves,Paris Saint Germain,M,Toulouse vs Paris Saint Germain,90,10,3.0,0.0,4.0,3.0,88,85.0,,,,1.0,1.0,0,0,2.0,7.0
335051,João Neves,Paris Saint Germain,M,Paris Saint Germain vs Lens,19,6.9,,0.0,,,21,18.0,,,,,,0,0,,
335051,João Neves,Paris Saint Germain,M,Lorient vs Paris Saint Germain,45,6.7,,0.0,,,40,38.0,,1.0,,,,0,0,3.0,5.0
335051,João Neves,Paris Saint Germain,M,Paris Saint Germain vs Nice,65,6.9,,0.0,1.0,,64,62.0,,1.0,,2.0,,0,0,1.0,4.0
335051,João Neves,Paris Saint Germain,M,Lyon vs Paris Saint Germain,90,7.9,1.0,0.0,2.0,1.0,67,63.0,,1.0,,,,0,0,6.0,8.0
335051,João Neves,Paris Saint Germain,M,Paris Saint Germain vs Le Havre,90,8.2,1.0,0.0,2.0,1.0,55,49.0,,3.0,2.0,1.0,1.0,0,0,4.0,6.0
335051,João Neves,Paris Saint Germain,M,Monaco vs Paris Saint Germain,90,6.7,,0.0,2.0,,45,36.0,,3.0,2.0,,,0,0,3.0,6.0
335051,João Neves,Paris Saint Germain,M,Paris Saint Germain vs Rennes,80,7.7,,1.0,1.0,,65,61.0,,4.0,,2.0,,0,0,5.0,9.0
335051,João Neves,Paris Saint Germain,M,Paris Saint Germain vs Paris FC,90,6.3,,0.0,,,74,68.0,,1.0,,1.0,,0,0,1.0,7.0
335051,João Neves,Paris Saint Germain,M,Strasbourg vs Paris Saint Germain,90,6.9,,0.0,,,60,56.0,,,,1.0,1.0,0,0,2.0,5.0
335051,João Neves,Paris Saint Germain,M,Paris Saint Germain vs Marseille,90,7.3,,0.0,1.0,1.0,59,53.0,,2.0,,3.0,3.0,0,0,9.0,14.0
335051,João Neves,Paris Saint Germain,M,Rennes vs Paris Saint Germain,71,6.2,,0.0,1.0,,43,34.0,,4.0,,,1.0,0,0,7.0,8.0
335051,João Neves,Paris Saint Germain,M,Paris Saint Germain vs Metz,27,7.7,,0.0,,,22,21.0,,1.0,,,,0,0,2.0,4.0
21145,Pierrick Capelle,Angers,M,Paris Saint Germain vs Angers,45,6.6,,0.0,,,16,13.0,,1.0,1.0,,,0,0,1.0,3.0
21145,Pierrick Capelle,Angers,M,Lyon vs Angers,8,6.3,,0.0,,,4,3.0,,,,,,0,0,,1.0
21145,Pierrick Capelle,Angers,M,Nice vs Angers,12,6.3,,0.0,,,4,4.0,,,,,,0,0,,
21145,Pierrick Capelle,Angers,M,Angers vs Marseille,14,6.3,,0.0,,,9,7.0,,1.0,,1.0,2.0,0,0,3.0,5.0
385569,Emmanuel Biumla,Angers,M,Paris Saint Germain vs Angers,13,6.3,,0.0,,,1,1.0,,,,,,0,0,,2.0
385569,Emmanuel Biumla,Angers,M,Angers vs Stade Brestois 29,45,6.3,,0.0,,,27,23.0,,,,,,0,0,1.0,3.0
385569,Emmanuel Biumla,Angers,M,Strasbourg vs Angers,71,5,,0.0,,,44,37.0,,4.0,1.0,,1.0,0,0,6.0,8.0
283216,Bilal Nadir,Marseille,M,Marseille vs Paris FC,27,7.3,,2.0,,,9,7.0,,2.0,,,,0,0,3.0,3.0
283216,Bilal Nadir,Marseille,M,Lyon vs Marseille,34,6.5,,0.0,,,6,6.0,,,,,,0,0,,2.0
283216,Bilal Nadir,Marseille,M,Marseille vs Lorient,90,6.2,,0.0,,,54,48.0,,,,1.0,1.0,0,0,1.0,5.0
283216,Bilal Nadir,Marseille,M,Marseille vs Paris Saint Germain,12,6.6,,0.0,,,5,5.0,,1.0,,,,0,0,1.0,2.0
283216,Bilal Nadir,Marseille,M,Metz vs Marseille,10,6.3,,0.0,1.0,1.0,8,7.0,,,,1.0,,0,0,,3.0
283216,Bilal Nadir,Marseille,M,Marseille vs Le Havre,25,7.5,,1.0,,,17,17.0,,,,2.0,,1,0,,3.0
283216,Bilal Nadir,Marseille,M,Lens vs Marseille,29,6.5,,0.0,,,16,11.0,,,,1.0,1.0,0,0,2.0,5.0
283216,Bilal Nadir,Marseille,M,Marseille vs Angers,13,6.7,,0.0,,,4,2.0,,,,,,0,0,,
283216,Bilal Nadir,Marseille,M,Nice vs Marseille,20,6.3,,0.0,,,11,8.0,,,,1.0,,0,0,,2.0
283216,Bilal Nadir,Marseille,M,Marseille vs Toulouse,77,6.9,,1.0,2.0,,65,63.0,,2.0,2.0,2.0,,0,0,2.0,8.0
283216,Bilal Nadir,Marseille,M,Lille vs Marseille,10,6.7,,0.0,,,12,9.0,,1.0,,2.0,1.0,0,0,3.0,6.0
283216,Bilal Nadir,Marseille,M,Marseille vs Monaco,9,6.7,,0.0,,,1,1.0,,,,1.0,,0,0,,2.0
283216,Bilal Nadir,Marseille,M,Marseille vs Nantes,25,5.5,,0.0,,,19,17.0,,3.0,,3.0,1.0,2,1,4.0,9.0
283216,Bilal Nadir,Marseille,M,Angers vs Marseille,82,7,,0.0,1.0,,74,69.0,,5.0,1.0,2.0,,0,0,6.0,10.0
283216,Bilal Nadir,Marseille,M,Paris FC vs Marseille,11,6.2,,0.0,,,3,3.0,,,,3.0,,1,0,,4.0
283216,Bilal Nadir,Marseille,M,Paris Saint Germain vs Marseille,10,6.7,,0.0,,,1,1.0,,,,1.0,,0,0,1.0,2.0
283216,Bilal Nadir,Marseille,M,Marseille vs Strasbourg,71,6.6,,0.0,,,39,36.0,,3.0,2.0,1.0,,0,0,4.0,7.0
283216,Bilal Nadir,Marseille,M,Stade Brestois 29 vs Marseille,9,6.3,,0.0,,,4,4.0,,,,1.0,,1,0,,1.0
266013,Otávio,Paris FC,D,Marseille vs Paris FC,90,6.2,,0.0,,,60,53.0,,3.0,2.0,2.0,2.0,0,0,6.0,8.0
266013,Otávio,Paris FC,D,Paris FC vs Metz,90,6.2,,0.0,1.0,,55,49.0,,,,3.0,,1,0,2.0,8.0
266013,Otávio,Paris FC,D,Stade Brestois 29 vs Paris FC,84,6.2,,0.0,,,50,42.0,,,2.0,2.0,1.0,0,1,4.0,7.0
266013,Otávio,Paris FC,D,Nice vs Paris FC,90,7.3,,0.0,,,66,61.0,,4.0,3.0,,1.0,0,0,6.0,7.0
266013,Otávio,Paris FC,D,Paris FC vs Lorient,90,7.3,,0.0,1.0,,94,86.0,,4.0,2.0,1.0,5.0,0,0,10.0,15.0
266013,Otávio,Paris FC,D,Lens vs Paris FC,90,7.2,,0.0,,,86,77.0,,2.0,1.0,1.0,2.0,0,0,5.0,8.0
266013,Otávio,Paris FC,D,Paris FC vs Nantes,45,7.2,,0.0,1.0,,44,40.0,,3.0,,1.0,2.0,0,0,6.0,8.0
266013,Otávio,Paris FC,D,Paris FC vs Lyon,90,6.2,,0.0,1.0,,69,59.0,,,,1.0,2.0,0,0,6.0,11.0
266013,Otávio,Paris FC,D,Monaco vs Paris FC,90,6.9,,0.0,,,34,27.0,,1.0,3.0,2.0,,1,0,1.0,4.0
266013,Otávio,Paris FC,D,Paris FC vs Rennes,90,6.6,,0.0,,,62,53.0,,,3.0,,2.0,1,0,4.0,7.0
266013,Otávio,Paris FC,D,Paris FC vs Auxerre,90,7.2,,0.0,,,98,85.0,,1.0,,1.0,1.0,1,0,5.0,7.0
266013,Otávio,Paris FC,D,Le Havre vs Paris FC,90,7.9,,0.0,,,76,71.0,,3.0,,,2.0,0,0,6.0,6.0
266013,Otávio,Paris FC,D,Paris FC vs Toulouse,90,6.9,,0.0,,,82,76.0,,4.0,2.0,1.0,2.0,1,0,7.0,10.0
266013,Otávio,Paris FC,D,Paris Saint Germain vs Paris FC,90,6.7,,0.0,,,31,27.0,,2.0,,1.0,,0,0,3.0,7.0
266013,Otávio,Paris FC,D,Nantes vs Paris FC,81,6.6,,0.0,,,47,45.0,,2.0,1.0,,1.0,0,0,3.0,6.0
266013,Otávio,Paris FC,D,Paris FC vs Angers,90,7.6,,0.0,1.0,,94,83.0,,3.0,4.0,,1.0,0,0,5.0,7.0
266013,Otávio,Paris FC,D,Paris FC vs Marseille,90,7,,0.0,1.0,1.0,44,40.0,,1.0,,1.0,,0,0,2.0,5.0
266013,Otávio,Paris FC,D,Auxerre vs Paris FC,90,6.9,,0.0,,,62,51.0,,1.0,,1.0,,0,0,2.0,7.0
266013,Otávio,Paris FC,D,Paris FC vs Lens,74,6.3,,0.0,1.0,1.0,56,48.0,,3.0,1.0,2.0,,0,0,3.0,8.0
266013,Otávio,Paris FC,D,Toulouse vs Paris FC,90,6.2,,0.0,,,48,38.0,,2.0,2.0,1.0,4.0,1,0,7.0,11.0
84218,Adama Camara,Paris FC,M,Marseille vs Paris FC,69,7,,0.0,,,19,18.0,,3.0,2.0,,,0,0,3.0,4.0
84218,Adama Camara,Paris FC,M,Paris FC vs Metz,66,6.6,,0.0,2.0,,29,24.0,,2.0,,,1.0,0,0,3.0,4.0
84218,Adama Camara,Paris FC,M,Stade Brestois 29 vs Paris FC,45,6.6,,0.0,,,28,24.0,,2.0,,1.0,,0,0,6.0,10.0
84218,Adama Camara,Paris FC,M,Paris FC vs Strasbourg,79,6.2,,0.0,1.0,,41,33.0,,3.0,1.0,2.0,,0,0,3.0,8.0
84218,Adama Camara,Paris FC,M,Nice vs Paris FC,78,6.7,,0.0,,,29,25.0,,2.0,2.0,,1.0,0,0,4.0,7.0
84218,Adama Camara,Paris FC,M,Paris FC vs Lorient,68,6.7,,0.0,,,29,27.0,,2.0,,2.0,1.0,0,0,3.0,11.0
84218,Adama Camara,Paris FC,M,Lens vs Paris FC,72,6.3,,0.0,1.0,1.0,29,26.0,,1.0,1.0,1.0,,0,0,4.0,10.0
84218,Adama Camara,Paris FC,M,Paris FC vs Lyon,71,7.2,1.0,0.0,1.0,1.0,29,24.0,,,1.0,1.0,2.0,1,0,5.0,10.0
84218,Adama Camara,Paris FC,M,Monaco vs Paris FC,89,7.2,,0.0,,,33,29.0,,2.0,4.0,,,1,0,3.0,5.0
84218,Adama Camara,Paris FC,M,Paris FC vs Rennes,87,6.3,,0.0,,,37,34.0,,3.0,1.0,,1.0,0,0,4.0,9.0
84218,Adama Camara,Paris FC,M,Lille vs Paris FC,90,6.5,,0.0,,,32,25.0,,1.0,1.0,1.0,,0,0,5.0,8.0
84218,Adama Camara,Paris FC,M,Paris FC vs Auxerre,79,6.7,,0.0,1.0,,28,27.0,,2.0,,2.0,1.0,0,0,4.0,6.0
84218,Adama Camara,Paris FC,M,Le Havre vs Paris FC,90,6.9,,0.0,1.0,1.0,43,38.0,,1.0,1.0,1.0,1.0,1,0,2.0,5.0
84218,Adama Camara,Paris FC,M,Paris FC vs Toulouse,90,6.7,,0.0,2.0,,46,43.0,,2.0,1.0,2.0,,1,0,4.0,8.0
84218,Adama Camara,Paris FC,M,Paris Saint Germain vs Paris FC,89,6.6,,0.0,1.0,,28,21.0,,2.0,,,1.0,0,0,4.0,7.0
84218,Adama Camara,Paris FC,M,Nantes vs Paris FC,90,6.6,,0.0,,,42,39.0,,1.0,,1.0,3.0,0,0,6.0,12.0
84218,Adama Camara,Paris FC,M,Paris FC vs Angers,87,7.5,,0.0,1.0,1.0,49,46.0,,1.0,1.0,1.0,1.0,0,0,3.0,4.0
84218,Adama Camara,Paris FC,M,Paris FC vs Marseille,86,6.9,,0.0,,,53,46.0,,2.0,2.0,2.0,1.0,0,0,4.0,6.0
84218,Adama Camara,Paris FC,M,Auxerre vs Paris FC,45,6.7,,0.0,,,24,21.0,,2.0,,2.0,1.0,1,0,3.0,8.0
120,Willem Geubbels,Paris FC,F,Marseille vs Paris FC,64,6.2,,0.0,1.0,,6,5.0,,,,2.0,,0,0,1.0,7.0
120,Willem Geubbels,Paris FC,F,Paris FC vs Metz,66,6.7,,0.0,1.0,,15,11.0,,,,,,0,0,1.0,6.0
120,Willem Geubbels,Paris FC,F,Stade Brestois 29 vs Paris FC,60,7.5,1.0,0.0,1.0,1.0,14,10.0,,,,,,0,0,2.0,6.0
120,Willem Geubbels,Paris FC,F,Paris FC vs Strasbourg,45,6.2,,0.0,3.0,1.0,7,6.0,,,,,,0,0,1.0,1.0
120,Willem Geubbels,Paris FC,F,Nice vs Paris FC,78,6.3,,0.0,3.0,1.0,21,16.0,,,,2.0,1.0,0,0,4.0,10.0
120,Willem Geubbels,Paris FC,F,Paris FC vs Lorient,22,6.9,,0.0,1.0,,7,5.0,,,,2.0,,0,0,4.0,8.0
120,Willem Geubbels,Paris FC,F,Lens vs Paris FC,27,6.5,,0.0,1.0,,6,4.0,,,1.0,,,0,0,,1.0
120,Willem Geubbels,Paris FC,F,Paris FC vs Nantes,17,6.2,,0.0,,,4,3.0,,,,,,0,0,,3.0
120,Willem Geubbels,Paris FC,F,Paris FC vs Lyon,71,6.3,,0.0,1.0,,15,8.0,,1.0,1.0,1.0,,0,0,6.0,11.0
120,Willem Geubbels,Paris FC,F,Monaco vs Paris FC,15,6.2,,0.0,,,4,3.0,,,,2.0,,0,0,,6.0
120,Willem Geubbels,Paris FC,F,Paris FC vs Rennes,17,5.9,,0.0,2.0,,3,2.0,,,,2.0,,0,0,,4.0
120,Willem Geubbels,Paris FC,F,Lille vs Paris FC,60,7.5,1.0,0.0,2.0,1.0,12,7.0,,,,2.0,,0,0,4.0,10.0
120,Willem Geubbels,Paris FC,F,Paris FC vs Auxerre,11,6.3,,0.0,1.0,,0,,,,,1.0,,0,0,1.0,2.0
120,Willem Geubbels,Paris FC,F,Paris FC vs Toulouse,20,6.7,,0.0,,,2,2.0,,,,,1.0,0,0,1.0,1.0
120,Willem Geubbels,Paris FC,F,Paris Saint Germain vs Paris FC,89,6.3,1.0,0.0,2.0,2.0,20,14.0,,,2.0,,,0,0,3.0,11.0
120,Willem Geubbels,Paris FC,F,Paris FC vs Angers,30,6.7,,0.0,1.0,,3,3.0,,,,,,0,0,,2.0
120,Willem Geubbels,Paris FC,F,Paris FC vs Marseille,11,6.5,,0.0,,,2,1.0,,,,,,0,0,,
188319,Kevin Carlos Omoruyi,Nice,F,Nice vs Auxerre,73,6.5,,0.0,3.0,,8,5.0,,,,,3.0,0,0,4.0,8.0
188319,Kevin Carlos Omoruyi,Nice,F,Le Havre vs Nice,90,6.3,,0.0,1.0,1.0,14,11.0,,,,4.0,3.0,1,0,7.0,15.0
188319,Kevin Carlos Omoruyi,Nice,F,Nice vs Nantes,62,6.5,,0.0,2.0,2.0,8,5.0,,,,2.0,3.0,0,0,3.0,8.0
188319,Kevin Carlos Omoruyi,Nice,F,Stade Brestois 29 vs Nice,27,6.5,,0.0,2.0,2.0,4,4.0,,,,1.0,,0,0,2.0,4.0
188319,Kevin Carlos Omoruyi,Nice,F,Rennes vs Nice,61,6.2,,0.0,,,13,6.0,,,1.0,2.0,,0,0,,4.0
188319,Kevin Carlos Omoruyi,Nice,F,Nice vs Lille,90,6.6,,0.0,,,23,13.0,,,,3.0,1.0,0,0,6.0,14.0
188319,Kevin Carlos Omoruyi,Nice,F,Metz vs Nice,71,6,,0.0,2.0,1.0,7,5.0,,,,4.0,,0,0,3.0,12.0
188319,Kevin Carlos Omoruyi,Nice,F,Lorient vs Nice,31,6.9,,0.0,1.0,1.0,6,3.0,,,,3.0,,0,0,4.0,8.0
188319,Kevin Carlos Omoruyi,Nice,F,Nice vs Angers,2,,,0.0,,,2,1.0,,,,,,0,0,,1.0
188319,Kevin Carlos Omoruyi,Nice,F,Lens vs Nice,45,6.2,,0.0,,,8,7.0,,,,1.0,,0,0,1.0,4.0
188319,Kevin Carlos Omoruyi,Nice,F,Toulouse vs Nice,23,6.3,,0.0,,,3,3.0,,,,,,0,0,,
188319,Kevin Carlos Omoruyi,Nice,F,Nice vs Stade Brestois 29,23,6.2,,0.0,,,4,,,,,,,0,0,1.0,5.0
188319,Kevin Carlos Omoruyi,Nice,F,Lyon vs Nice,16,6.3,,0.0,,,2,1.0,,,,,,0,0,,
188319,Kevin Carlos Omoruyi,Nice,F,Nice vs Lorient,45,6.3,,0.0,,,11,6.0,,1.0,,1.0,,0,0,4.0,8.0
240,Pablo Rosario,Nice,M,Nice vs Auxerre,27,6.9,,0.0,2.0,1.0,16,15.0,,1.0,,,,0,0,3.0,5.0
193681,Théo De Percin,Auxerre,G,Nice vs Auxerre,45,6.3,,0.0,,,21,7.0,,,,,,0,0,1.0,1.0
193681,Théo De Percin,Auxerre,G,Nantes vs Auxerre,90,7,,0.0,,,33,22.0,,,,,,0,0,,
193681,Théo De Percin,Auxerre,G,Auxerre vs Monaco,90,6.5,,0.0,,,25,12.0,,,,,1.0,0,0,1.0,1.0
19625,Danny Namaso,Auxerre,F,Nice vs Auxerre,28,6.2,,0.0,,,5,4.0,,,,1.0,1.0,0,0,2.0,12.0
19625,Danny Namaso,Auxerre,F,Nantes vs Auxerre,90,6.9,,0.0,3.0,2.0,24,18.0,,1.0,,3.0,2.0,0,0,7.0,14.0
19625,Danny Namaso,Auxerre,F,Auxerre vs Monaco,90,7,,0.0,2.0,,24,18.0,,1.0,,2.0,4.0,0,0,11.0,18.0
19625,Danny Namaso,Auxerre,F,Auxerre vs Toulouse,90,8,1.0,0.0,1.0,1.0,15,11.0,,2.0,,4.0,3.0,0,0,8.0,22.0
19625,Danny Namaso,Auxerre,F,Paris Saint Germain vs Auxerre,74,6.3,,0.0,1.0,1.0,25,19.0,,3.0,1.0,,2.0,0,0,6.0,11.0
19625,Danny Namaso,Auxerre,F,Auxerre vs Lens,90,6.2,,0.0,2.0,,36,29.0,,,,2.0,2.0,1,0,4.0,9.0
19625,Danny Namaso,Auxerre,F,Rennes vs Auxerre,90,7,1.0,0.0,1.0,1.0,22,20.0,,1.0,,4.0,1.0,0,0,3.0,17.0
19625,Danny Namaso,Auxerre,F,Auxerre vs Le Havre,90,6.9,,0.0,4.0,2.0,20,18.0,,,,1.0,2.0,1,0,6.0,15.0
19625,Danny Namaso,Auxerre,F,Auxerre vs Marseille,90,6.2,,0.0,2.0,1.0,23,20.0,,,1.0,1.0,1.0,1,0,2.0,11.0
19625,Danny Namaso,Auxerre,F,Angers vs Auxerre,90,6.3,,0.0,1.0,,26,20.0,,1.0,1.0,2.0,2.0,0,0,4.0,11.0
19625,Danny Namaso,Auxerre,F,Auxerre vs Lyon,90,6.7,,0.0,2.0,1.0,15,15.0,,,2.0,2.0,2.0,0,0,5.0,16.0
19625,Danny Namaso,Auxerre,F,Paris FC vs Auxerre,90,6.2,,0.0,,,23,17.0,,3.0,,2.0,3.0,1,0,8.0,20.0
19625,Danny Namaso,Auxerre,F,Auxerre vs Metz,90,6.9,,1.0,4.0,2.0,26,21.0,,2.0,,1.0,1.0,0,0,6.0,9.0
19625,Danny Namaso,Auxerre,F,Auxerre vs Lille,90,6.7,,0.0,1.0,,28,23.0,,,,3.0,2.0,0,0,3.0,9.0
19625,Danny Namaso,Auxerre,F,Lens vs Auxerre,88,6.6,,0.0,1.0,,25,19.0,,2.0,,4.0,4.0,0,0,11.0,19.0
19625,Danny Namaso,Auxerre,F,Auxerre vs Paris Saint Germain,89,6.9,,0.0,1.0,,30,28.0,,1.0,,3.0,2.0,0,0,9.0,19.0
19625,Danny Namaso,Auxerre,F,Toulouse vs Auxerre,86,6.3,,0.0,1.0,1.0,29,22.0,,,,1.0,1.0,1,0,4.0,16.0
19625,Danny Namaso,Auxerre,F,Auxerre vs Paris FC,90,7.3,,0.0,1.0,,28,25.0,,,,1.0,4.0,0,0,9.0,15.0
19625,Danny Namaso,Auxerre,F,Auxerre vs Rennes,90,7.2,,0.0,2.0,,19,16.0,,1.0,2.0,1.0,2.0,0,0,8.0,14.0
193953,Lamine Sy,Auxerre,D,Nice vs Auxerre,17,6.7,,0.0,,,9,7.0,,2.0,,,,0,0,2.0,2.0
193953,Lamine Sy,Auxerre,D,Auxerre vs Lens,13,6.5,,0.0,,,3,2.0,,,,,1.0,0,0,1.0,1.0
193953,Lamine Sy,Auxerre,D,Auxerre vs Marseille,12,6.9,,0.0,,,8,6.0,,,,,,0,0,1.0,1.0
193953,Lamine Sy,Auxerre,D,Angers vs Auxerre,13,6.2,,0.0,,,4,3.0,,,,1.0,,0,0,,1.0
193953,Lamine Sy,Auxerre,D,Auxerre vs Lyon,90,7.3,,0.0,,,16,12.0,,2.0,1.0,1.0,1.0,0,0,4.0,7.0
193953,Lamine Sy,Auxerre,D,Paris FC vs Auxerre,90,6.3,,0.0,,,37,29.0,,3.0,2.0,,,0,0,4.0,7.0
193953,Lamine Sy,Auxerre,D,Auxerre vs Metz,90,7,,0.0,,,26,23.0,,4.0,2.0,1.0,,0,0,7.0,10.0
193953,Lamine Sy,Auxerre,D,Auxerre vs Lille,90,6.9,,0.0,,,39,31.0,,4.0,2.0,1.0,3.0,0,0,7.0,8.0
193953,Lamine Sy,Auxerre,D,Stade Brestois 29 vs Auxerre,90,6.3,,0.0,1.0,,47,39.0,,1.0,2.0,1.0,2.0,0,0,6.0,13.0
193953,Lamine Sy,Auxerre,D,Lens vs Auxerre,90,6.2,,0.0,1.0,,26,21.0,,4.0,2.0,1.0,1.0,0,0,5.0,11.0
193953,Lamine Sy,Auxerre,D,Auxerre vs Paris Saint Germain,85,7,,0.0,,,24,19.0,,4.0,1.0,1.0,2.0,0,0,7.0,8.0
193953,Lamine Sy,Auxerre,D,Toulouse vs Auxerre,90,6.6,,0.0,,,40,37.0,,1.0,,1.0,,0,0,1.0,4.0
193953,Lamine Sy,Auxerre,D,Auxerre vs Paris FC,90,6.7,,0.0,1.0,1.0,29,23.0,,1.0,,1.0,,0,0,3.0,8.0
193953,Lamine Sy,Auxerre,D,Metz vs Auxerre,82,7.2,,0.0,1.0,,22,19.0,,2.0,1.0,,,0,0,4.0,6.0
193953,Lamine Sy,Auxerre,D,Auxerre vs Rennes,45,5.7,,0.0,,,11,7.0,,1.0,1.0,2.0,1.0,0,0,3.0,10.0
66387,Pavel Šulc,Lyon,M,Lyon vs Metz,74,6.7,,1.0,2.0,,13,12.0,,1.0,,2.0,,0,0,1.0,5.0
66387,Pavel Šulc,Lyon,M,Lyon vs Marseille,19,6.3,1.0,0.0,2.0,2.0,8,4.0,,,,2.0,,1,0,2.0,7.0
66387,Pavel Šulc,Lyon,M,Rennes vs Lyon,15,6.2,,0.0,,,3,2.0,,,1.0,,,0,0,1.0,2.0
66387,Pavel Šulc,Lyon,M,Lyon vs Angers,26,6.9,,0.0,,,9,7.0,,,,,,0,0,1.0,3.0
66387,Pavel Šulc,Lyon,M,Lille vs Lyon,15,6.5,,0.0,1.0,,6,4.0,,1.0,,3.0,,1,0,2.0,6.0
66387,Pavel Šulc,Lyon,M,Nice vs Lyon,90,8.5,2.0,0.0,3.0,2.0,30,24.0,,,1.0,,1.0,0,0,4.0,9.0
66387,Pavel Šulc,Lyon,M,Lyon vs Strasbourg,77,6.6,,0.0,2.0,1.0,8,6.0,,1.0,,3.0,1.0,0,0,2.0,5.0
66387,Pavel Šulc,Lyon,M,Paris FC vs Lyon,85,8.3,2.0,0.0,2.0,2.0,18,15.0,,1.0,1.0,3.0,2.0,0,0,4.0,14.0
66387,Pavel Šulc,Lyon,M,Stade Brestois 29 vs Lyon,90,6.7,,0.0,,,31,25.0,,5.0,,1.0,1.0,0,0,6.0,15.0
66387,Pavel Šulc,Lyon,M,Auxerre vs Lyon,45,6.5,,0.0,,,13,9.0,,,,,,0,0,2.0,7.0
66387,Pavel Šulc,Lyon,M,Lyon vs Nantes,90,7.7,,1.0,3.0,1.0,35,29.0,,1.0,1.0,,1.0,0,0,3.0,6.0
66387,Pavel Šulc,Lyon,M,Lorient vs Lyon,90,7,,0.0,1.0,,23,15.0,,,1.0,3.0,3.0,0,0,7.0,12.0
66387,Pavel Šulc,Lyon,M,Lyon vs Le Havre,89,7.7,1.0,0.0,3.0,2.0,19,13.0,,2.0,,2.0,,0,0,2.0,10.0
66387,Pavel Šulc,Lyon,M,Monaco vs Lyon,81,8,2.0,0.0,2.0,2.0,9,5.0,,1.0,1.0,2.0,,0,0,3.0,10.0
66387,Pavel Šulc,Lyon,M,Lyon vs Stade Brestois 29,90,7.9,1.0,0.0,1.0,1.0,21,19.0,,3.0,1.0,1.0,,0,0,6.0,13.0
66387,Pavel Šulc,Lyon,M,Lyon vs Lille,82,7.2,,0.0,1.0,1.0,22,17.0,,3.0,,1.0,,0,0,5.0,10.0
66387,Pavel Šulc,Lyon,M,Nantes vs Lyon,89,6.2,1.0,0.0,1.0,1.0,12,9.0,,,,2.0,3.0,0,0,5.0,17.0
66387,Pavel Šulc,Lyon,M,Lyon vs Nice,81,6.2,,1.0,3.0,,15,8.0,,,,,,0,0,1.0,4.0
66387,Pavel Šulc,Lyon,M,Strasbourg vs Lyon,28,6.7,,0.0,,,3,2.0,,,,,1.0,0,0,1.0,1.0
529,Nicolás Tagliafico,Lyon,D,Lyon vs Metz,16,6.5,,0.0,,,7,6.0,,,1.0,1.0,,0,0,,2.0
529,Nicolás Tagliafico,Lyon,D,Lyon vs Marseille,37,6.7,,0.0,1.0,,18,12.0,,,1.0,,,0,0,1.0,2.0
529,Nicolás Tagliafico,Lyon,D,Lyon vs Angers,90,7,,0.0,,,60,55.0,,2.0,1.0,3.0,,0,0,2.0,8.0
529,Nicolás Tagliafico,Lyon,D,Lille vs Lyon,90,7.6,,1.0,,,32,25.0,,3.0,,1.0,5.0,1,0,11.0,16.0
529,Nicolás Tagliafico,Lyon,D,Lyon vs Toulouse,90,6.3,,0.0,1.0,,64,58.0,,2.0,,3.0,4.0,0,0,9.0,17.0
529,Nicolás Tagliafico,Lyon,D,Nice vs Lyon,22,6.9,,0.0,1.0,,13,12.0,,2.0,1.0,,,0,0,3.0,3.0
529,Nicolás Tagliafico,Lyon,D,Lyon vs Strasbourg,90,6.6,,0.0,,,27,22.0,,1.0,2.0,3.0,6.0,0,0,7.0,14.0
529,Nicolás Tagliafico,Lyon,D,Paris FC vs Lyon,22,5.9,,0.0,1.0,1.0,10,7.0,,,,3.0,,0,0,2.0,5.0
529,Nicolás Tagliafico,Lyon,D,Stade Brestois 29 vs Lyon,90,7.5,,0.0,,,35,30.0,,3.0,2.0,,3.0,0,0,7.0,9.0
529,Nicolás Tagliafico,Lyon,D,Lyon vs Paris Saint Germain,90,5.3,,0.0,2.0,,23,14.0,,1.0,5.0,2.0,,2,1,2.0,8.0
529,Nicolás Tagliafico,Lyon,D,Lyon vs Nantes,90,7.7,,0.0,,,66,62.0,,2.0,,3.0,2.0,0,0,7.0,12.0
529,Nicolás Tagliafico,Lyon,D,Lorient vs Lyon,70,5.7,,0.0,,,40,35.0,,1.0,,4.0,,0,0,1.0,7.0
529,Nicolás Tagliafico,Lyon,D,Monaco vs Lyon,90,7.2,,2.0,2.0,,66,55.0,,2.0,2.0,2.0,3.0,0,0,6.0,12.0
529,Nicolás Tagliafico,Lyon,D,Lyon vs Stade Brestois 29,90,7.3,,0.0,,,62,60.0,,1.0,,1.0,2.0,0,0,7.0,10.0
529,Nicolás Tagliafico,Lyon,D,Strasbourg vs Lyon,15,6.3,,0.0,,,6,6.0,,,,1.0,,0,0,,1.0
199871,Adam Karabec,Lyon,M,Lyon vs Metz,16,7.3,1.0,0.0,1.0,1.0,8,7.0,,,,,,0,0,,
199871,Adam Karabec,Lyon,M,Lyon vs Marseille,89,6.6,,0.0,,,25,23.0,,,,2.0,3.0,0,0,4.0,9.0
199871,Adam Karabec,Lyon,M,Rennes vs Lyon,67,6.9,,0.0,1.0,1.0,24,20.0,,1.0,,1.0,1.0,0,0,3.0,5.0
199871,Adam Karabec,Lyon,M,Lyon vs Angers,89,6.7,,0.0,,,30,25.0,,,,1.0,2.0,0,0,5.0,7.0
199871,Adam Karabec,Lyon,M,Lille vs Lyon,75,6.9,,0.0,,,13,11.0,,,1.0,1.0,1.0,0,0,3.0,7.0
199871,Adam Karabec,Lyon,M,Lyon vs Toulouse,78,6.9,,0.0,,,22,16.0,,,,1.0,3.0,0,0,4.0,5.0
199871,Adam Karabec,Lyon,M,Nice vs Lyon,68,6.2,,0.0,1.0,,16,10.0,,,,2.0,1.0,0,0,2.0,6.0
199871,Adam Karabec,Lyon,M,Lyon vs Strasbourg,77,6.5,,0.0,,,14,11.0,,,,,,0,0,,4.0
199871,Adam Karabec,Lyon,M,Paris FC vs Lyon,68,6.6,,0.0,,,15,12.0,,2.0,,3.0,3.0,1,0,6.0,13.0
199871,Adam Karabec,Lyon,M,Lyon vs Paris Saint Germain,26,6.5,,0.0,,,10,6.0,,,,,,0,0,1.0,2.0
199871,Adam Karabec,Lyon,M,Auxerre vs Lyon,85,6.9,,0.0,,,28,22.0,,,,,2.0,0,0,3.0,4.0
199871,Adam Karabec,Lyon,M,Lyon vs Nantes,15,6.9,,0.0,1.0,1.0,7,7.0,,,,,1.0,0,0,1.0,2.0
199871,Adam Karabec,Lyon,M,Lyon vs Le Havre,17,7.3,,0.0,,,4,3.0,,,,,,0,0,1.0,1.0
199871,Adam Karabec,Lyon,M,Monaco vs Lyon,9,6.9,,0.0,1.0,1.0,7,4.0,,1.0,,,,0,0,3.0,3.0
199871,Adam Karabec,Lyon,M,Lyon vs Stade Brestois 29,8,6.7,,0.0,,,1,1.0,,,,,,0,0,1.0,3.0
193293,Ruben Kluivert,Lyon,D,Lyon vs Metz,11,6.6,,0.0,,,9,9.0,,,,,,0,0,,
193293,Ruben Kluivert,Lyon,D,Rennes vs Lyon,16,6,,0.0,,,5,5.0,,,,,,0,0,,1.0
193293,Ruben Kluivert,Lyon,D,Nice vs Lyon,90,6.2,,1.0,,,71,65.0,,4.0,1.0,2.0,1.0,0,0,10.0,14.0
193293,Ruben Kluivert,Lyon,D,Lyon vs Paris Saint Germain,90,6.2,,0.0,,,31,21.0,,2.0,2.0,3.0,,0,0,6.0,12.0
193293,Ruben Kluivert,Lyon,D,Lyon vs Le Havre,9,6.7,,0.0,,,1,1.0,,,1.0,,,0,0,,1.0
193293,Ruben Kluivert,Lyon,D,Monaco vs Lyon,90,6.9,,0.0,,,34,32.0,,1.0,1.0,,,1,0,1.0,1.0
193293,Ruben Kluivert,Lyon,D,Lyon vs Stade Brestois 29,90,6.7,,0.0,,,77,72.0,,,1.0,1.0,,0,0,2.0,6.0
193293,Ruben Kluivert,Lyon,D,Metz vs Lyon,90,6.7,1.0,0.0,1.0,1.0,53,41.0,,,1.0,,,0,0,2.0,3.0
193293,Ruben Kluivert,Lyon,D,Lyon vs Lille,90,7.9,,1.0,,,42,38.0,,2.0,1.0,,1.0,0,0,6.0,7.0
193293,Ruben Kluivert,Lyon,D,Strasbourg vs Lyon,85,6,,0.0,,,43,33.0,,2.0,,1.0,1.0,1,0,5.0,8.0
345388,Afonso Moreira,Lyon,F,Lyon vs Metz,11,6.5,,0.0,,,3,3.0,,,,1.0,,0,0,,2.0
345388,Afonso Moreira,Lyon,F,Lyon vs Marseille,19,6.6,,0.0,,,3,3.0,,2.0,1.0,,1.0,0,0,3.0,5.0
345388,Afonso Moreira,Lyon,F,Lille vs Lyon,15,6.5,,0.0,,,0,,,,,1.0,,1,0,,2.0
345388,Afonso Moreira,Lyon,F,Lyon vs Toulouse,12,6.3,,0.0,1.0,,2,2.0,,,,1.0,1.0,1,0,2.0,6.0
345388,Afonso Moreira,Lyon,F,Nice vs Lyon,13,6.5,,0.0,1.0,,5,5.0,,,,,,0,0,,1.0
345388,Afonso Moreira,Lyon,F,Lyon vs Strasbourg,22,8,1.0,0.0,1.0,1.0,12,11.0,,,,,2.0,0,0,3.0,5.0
345388,Afonso Moreira,Lyon,F,Paris FC vs Lyon,74,7.3,,2.0,,,11,10.0,,1.0,,1.0,1.0,0,0,4.0,12.0
345388,Afonso Moreira,Lyon,F,Stade Brestois 29 vs Lyon,90,7.2,,0.0,,,22,17.0,,5.0,1.0,1.0,3.0,0,0,10.0,13.0
345388,Afonso Moreira,Lyon,F,Lyon vs Paris Saint Germain,90,7.2,1.0,0.0,2.0,1.0,11,11.0,,2.0,1.0,2.0,2.0,0,0,4.0,12.0
345388,Afonso Moreira,Lyon,F,Auxerre vs Lyon,90,6.9,,0.0,3.0,2.0,38,32.0,,2.0,,,1.0,0,0,3.0,9.0
345388,Afonso Moreira,Lyon,F,Lyon vs Nantes,18,8,,1.0,1.0,,7,6.0,,,,,,0,0,,
345388,Afonso Moreira,Lyon,F,Lorient vs Lyon,20,6.9,,0.0,1.0,1.0,7,7.0,,,,,1.0,0,0,2.0,3.0
345388,Afonso Moreira,Lyon,F,Lyon vs Le Havre,90,7.3,,1.0,2.0,,19,15.0,,,1.0,,3.0,0,0,4.0,11.0
345388,Afonso Moreira,Lyon,F,Monaco vs Lyon,90,6.2,,0.0,2.0,2.0,30,26.0,,,,,2.0,0,0,4.0,9.0
345388,Afonso Moreira,Lyon,F,Lyon vs Stade Brestois 29,89,6.3,,1.0,1.0,,39,32.0,,,1.0,1.0,1.0,0,0,1.0,6.0
345388,Afonso Moreira,Lyon,F,Metz vs Lyon,89,6.5,,0.0,,,31,24.0,,1.0,,,4.0,0,0,5.0,9.0
345388,Afonso Moreira,Lyon,F,Lyon vs Lille,90,6.7,,0.0,,,32,24.0,,6.0,2.0,3.0,1.0,0,0,10.0,26.0
345388,Afonso Moreira,Lyon,F,Nantes vs Lyon,86,7,,1.0,2.0,1.0,24,20.0,,2.0,2.0,2.0,2.0,0,0,7.0,15.0
20529,Gauthier Hein,Metz,M,Lyon vs Metz,90,6.6,,0.0,,,59,57.0,,1.0,,,,0,0,1.0,2.0
20529,Gauthier Hein,Metz,M,Paris FC vs Metz,90,7.3,,1.0,,,50,47.0,,1.0,1.0,,,0,0,4.0,6.0
20529,Gauthier Hein,Metz,M,Metz vs Angers,90,6.9,,1.0,,,64,58.0,,2.0,,1.0,,0,0,2.0,9.0
20529,Gauthier Hein,Metz,M,Monaco vs Metz,90,7.2,1.0,0.0,2.0,1.0,75,61.0,,1.0,,,1.0,0,0,3.0,6.0
20529,Gauthier Hein,Metz,M,Metz vs Le Havre,80,6.7,,0.0,,,38,37.0,,,,1.0,1.0,0,0,2.0,7.0
20529,Gauthier Hein,Metz,M,Metz vs Marseille,90,6.3,,0.0,1.0,1.0,42,37.0,,,,,,0,0,1.0,6.0
20529,Gauthier Hein,Metz,M,Toulouse vs Metz,83,7,,0.0,,,52,48.0,,,1.0,,2.0,0,0,2.0,2.0
20529,Gauthier Hein,Metz,M,Lille vs Metz,29,6.2,,0.0,,,20,19.0,,,,,,0,0,,1.0
20529,Gauthier Hein,Metz,M,Metz vs Lens,90,8.2,2.0,0.0,3.0,2.0,50,47.0,,1.0,,2.0,1.0,2,1,3.0,8.0
20529,Gauthier Hein,Metz,M,Metz vs Nice,89,7.9,1.0,0.0,1.0,1.0,51,47.0,,2.0,,1.0,1.0,1,0,3.0,6.0
20529,Gauthier Hein,Metz,M,Stade Brestois 29 vs Metz,90,6.2,,0.0,2.0,,40,37.0,,,,,1.0,0,0,2.0,7.0
20529,Gauthier Hein,Metz,M,Metz vs Rennes,90,7.5,,0.0,,,41,39.0,,,,1.0,3.0,0,0,4.0,6.0
20529,Gauthier Hein,Metz,M,Auxerre vs Metz,90,7.9,1.0,0.0,2.0,1.0,59,52.0,,1.0,,,,0,0,1.0,3.0
20529,Gauthier Hein,Metz,M,Metz vs Paris Saint Germain,90,6.7,,1.0,1.0,1.0,53,48.0,,,,,1.0,0,0,3.0,7.0
20529,Gauthier Hein,Metz,M,Lorient vs Metz,90,7.2,,1.0,,,72,67.0,,,,,,0,0,1.0,1.0
20529,Gauthier Hein,Metz,M,Strasbourg vs Metz,90,6.9,1.0,0.0,2.0,1.0,65,58.0,,1.0,1.0,3.0,2.0,0,0,3.0,14.0
20529,Gauthier Hein,Metz,M,Metz vs Lyon,88,6.3,,0.0,,,39,35.0,,1.0,1.0,,,0,0,1.0,3.0
20529,Gauthier Hein,Metz,M,Angers vs Metz,59,6.7,,0.0,,,32,29.0,,,1.0,1.0,,0,0,,2.0
20529,Gauthier Hein,Metz,M,Metz vs Lille,20,6.9,,0.0,1.0,1.0,7,6.0,,,,,,0,0,,1.0
20529,Gauthier Hein,Metz,M,Metz vs Auxerre,70,6.2,,0.0,,,41,34.0,,1.0,,,,0,0,1.0,5.0
68177,Giorgi Abuashvili,Metz,M,Lyon vs Metz,62,6.3,,0.0,1.0,,27,27.0,,1.0,,1.0,,0,0,2.0,12.0
68177,Giorgi Abuashvili,Metz,M,Paris FC vs Metz,62,6.3,,0.0,2.0,,11,9.0,,2.0,,,1.0,0,0,3.0,6.0
68177,Giorgi Abuashvili,Metz,M,Metz vs Angers,18,6.6,,0.0,,,9,8.0,,1.0,,,,0,0,2.0,4.0
68177,Giorgi Abuashvili,Metz,M,Metz vs Le Havre,9,6.9,,0.0,,,5,4.0,,1.0,,1.0,1.0,0,0,3.0,4.0
68177,Giorgi Abuashvili,Metz,M,Toulouse vs Metz,45,6,,0.0,1.0,1.0,28,24.0,,,,1.0,,1,0,1.0,5.0
68177,Giorgi Abuashvili,Metz,M,Lille vs Metz,61,6.3,,0.0,1.0,1.0,10,7.0,,1.0,,,,0,0,1.0,5.0
68177,Giorgi Abuashvili,Metz,M,Metz vs Lens,9,6.9,,0.0,,,6,6.0,,1.0,1.0,,1.0,0,0,2.0,4.0
68177,Giorgi Abuashvili,Metz,M,Nantes vs Metz,12,7.6,1.0,0.0,1.0,1.0,0,,,1.0,,,,0,0,1.0,2.0
68177,Giorgi Abuashvili,Metz,M,Metz vs Rennes,2,,,0.0,1.0,1.0,4,3.0,,1.0,,,,0,0,1.0,1.0
68177,Giorgi Abuashvili,Metz,M,Metz vs Paris Saint Germain,11,6.5,,0.0,,,7,5.0,,,,,,0,0,,1.0
68177,Giorgi Abuashvili,Metz,M,Strasbourg vs Metz,18,6.5,,0.0,,,8,8.0,,,,,,0,0,,3.0
68177,Giorgi Abuashvili,Metz,M,Metz vs Lyon,12,6.3,,0.0,,,6,6.0,,,1.0,1.0,,0,0,1.0,2.0
68177,Giorgi Abuashvili,Metz,M,Angers vs Metz,22,6.2,,0.0,,,6,4.0,,,,,1.0,0,0,1.0,6.0
68177,Giorgi Abuashvili,Metz,M,Metz vs Lille,28,6.6,,0.0,1.0,1.0,6,6.0,,,1.0,,,0,0,1.0,1.0
68177,Giorgi Abuashvili,Metz,M,Metz vs Auxerre,82,6.5,,0.0,1.0,,23,21.0,,2.0,,,3.0,0,0,6.0,13.0
68177,Giorgi Abuashvili,Metz,M,Paris Saint Germain vs Metz,24,6.3,,0.0,,,6,6.0,,,,,,0,0,,1.0
336180,Morgan Bokele Mputu,Metz,F,Lyon vs Metz,28,6.6,,0.0,,,15,13.0,,1.0,,,2.0,0,0,3.0,6.0
336180,Morgan Bokele Mputu,Metz,F,Paris FC vs Metz,28,6.3,,0.0,,,12,9.0,,,,1.0,,0,0,,2.0
336180,Morgan Bokele Mputu,Metz,F,Metz vs Le Havre,81,7.5,,0.0,,,30,24.0,,1.0,,,4.0,0,0,6.0,9.0
336180,Morgan Bokele Mputu,Metz,F,Lille vs Metz,29,6.6,,0.0,1.0,1.0,9,8.0,,,,,1.0,0,0,1.0,4.0
336180,Morgan Bokele Mputu,Metz,F,Nantes vs Metz,11,6.3,,0.0,,,1,1.0,,,,,1.0,0,0,1.0,2.0
336180,Morgan Bokele Mputu,Metz,F,Stade Brestois 29 vs Metz,22,6.6,,0.0,,,9,8.0,,1.0,1.0,,,0,0,2.0,2.0
336180,Morgan Bokele Mputu,Metz,F,Metz vs Rennes,14,6.7,,0.0,,,7,4.0,,2.0,,1.0,,0,0,2.0,4.0
336180,Morgan Bokele Mputu,Metz,F,Lorient vs Metz,13,6.2,,0.0,,,9,7.0,,,,,,0,0,,2.0
437776,Abdoulaye Faye,Lorient,D,Lorient vs Rennes,45,7.2,,0.0,,,37,36.0,,2.0,,3.0,,0,0,3.0,7.0
437776,Abdoulaye Faye,Lorient,D,Lorient vs Lille,90,4.2,,0.0,1.0,,46,39.0,,2.0,2.0,3.0,,1,0,3.0,12.0
437776,Abdoulaye Faye,Lorient,D,Marseille vs Lorient,90,5.9,,0.0,,,36,31.0,,,2.0,1.0,1.0,1,0,3.0,6.0
437776,Abdoulaye Faye,Lorient,D,Le Havre vs Lorient,90,7.3,,0.0,2.0,,55,48.0,,1.0,2.0,1.0,2.0,1,0,9.0,12.0
437776,Abdoulaye Faye,Lorient,D,Lorient vs Monaco,90,6.6,,0.0,,,68,61.0,,1.0,3.0,1.0,,0,0,3.0,4.0
437776,Abdoulaye Faye,Lorient,D,Paris FC vs Lorient,79,7.5,,0.0,,,64,56.0,,4.0,1.0,1.0,3.0,1,0,9.0,11.0
437776,Abdoulaye Faye,Lorient,D,Lorient vs Stade Brestois 29,90,6.3,,0.0,2.0,1.0,50,42.0,,2.0,2.0,3.0,1.0,1,0,7.0,11.0
174703,Théo Le Bris,Lorient,M,Lorient vs Rennes,24,7.9,1.0,0.0,1.0,1.0,10,9.0,,,,,,0,0,,
174703,Théo Le Bris,Lorient,M,Lorient vs Lille,8,6.2,,0.0,,,5,4.0,,,,,,0,0,1.0,2.0
174703,Théo Le Bris,Lorient,M,Marseille vs Lorient,28,6.5,,0.0,1.0,1.0,2,2.0,,1.0,,,,0,0,1.0,3.0
174703,Théo Le Bris,Lorient,M,Le Havre vs Lorient,74,6.6,,0.0,,,14,12.0,,2.0,1.0,,1.0,0,0,4.0,4.0
174703,Théo Le Bris,Lorient,M,Lorient vs Monaco,83,6.9,,0.0,2.0,1.0,35,31.0,,,,,1.0,0,0,1.0,2.0
174703,Théo Le Bris,Lorient,M,Paris FC vs Lorient,90,6.9,,0.0,,,29,28.0,,4.0,,2.0,,0,0,5.0,8.0
174703,Théo Le Bris,Lorient,M,Lorient vs Stade Brestois 29,83,8.5,1.0,1.0,1.0,1.0,34,28.0,,2.0,,,,0,0,5.0,7.0
174703,Théo Le Bris,Lorient,M,Angers vs Lorient,90,6.9,,0.0,2.0,,48,43.0,,2.0,1.0,1.0,1.0,0,0,3.0,5.0
174703,Théo Le Bris,Lorient,M,Lorient vs Paris Saint Germain,13,6.3,,0.0,1.0,,1,1.0,,,,,,0,0,,
174703,Théo Le Bris,Lorient,M,Lens vs Lorient,75,6.3,,0.0,1.0,,20,17.0,,3.0,,,,0,0,4.0,7.0
174703,Théo Le Bris,Lorient,M,Lorient vs Toulouse,10,6.7,,0.0,,,4,4.0,,,,,,0,0,,
174703,Théo Le Bris,Lorient,M,Nantes vs Lorient,90,6.6,,0.0,,,32,29.0,,2.0,,2.0,,0,0,2.0,5.0
174703,Théo Le Bris,Lorient,M,Lorient vs Nice,79,6.6,,0.0,1.0,1.0,29,23.0,,1.0,,,,0,0,1.0,3.0
174703,Théo Le Bris,Lorient,M,Lorient vs Lyon,89,7.5,,0.0,,,23,18.0,,4.0,2.0,1.0,,0,0,5.0,6.0
174703,Théo Le Bris,Lorient,M,Strasbourg vs Lorient,66,7.5,,0.0,1.0,,19,16.0,,2.0,,,,0,0,3.0,6.0
174703,Théo Le Bris,Lorient,M,Lorient vs Metz,90,6.9,,0.0,,,23,19.0,,4.0,2.0,,1.0,0,0,7.0,9.0
174703,Théo Le Bris,Lorient,M,Monaco vs Lorient,89,6.3,,0.0,,,27,22.0,,2.0,,1.0,1.0,0,0,3.0,5.0
174703,Théo Le Bris,Lorient,M,Rennes vs Lorient,90,6.5,,0.0,,,13,10.0,,,1.0,1.0,,0,0,1.0,3.0
174703,Théo Le Bris,Lorient,M,Lorient vs Nantes,90,7.2,,1.0,,,39,34.0,,,,,,0,0,1.0,5.0
174703,Théo Le Bris,Lorient,M,Stade Brestois 29 vs Lorient,90,7.3,,0.0,1.0,,44,40.0,,,2.0,,,0,0,3.0,5.0
174703,Théo Le Bris,Lorient,M,Lorient vs Angers,85,6.7,,0.0,,,36,31.0,,1.0,1.0,,,0,0,1.0,6.0
174703,Théo Le Bris,Lorient,M,Nice vs Lorient,77,6.2,,0.0,1.0,1.0,27,23.0,,,1.0,,,0,0,,1.0
343792,Djaoui Cissé,Rennes,M,Lorient vs Rennes,27,6.2,,0.0,,,12,8.0,,,,1.0,3.0,0,0,4.0,8.0
343792,Djaoui Cissé,Rennes,M,Angers vs Rennes,12,6.7,,0.0,1.0,,4,4.0,,,,,,0,0,,
343792,Djaoui Cissé,Rennes,M,Rennes vs Lyon,69,7.3,,0.0,3.0,,30,26.0,,5.0,,,,0,0,6.0,9.0
343792,Djaoui Cissé,Rennes,M,Nantes vs Rennes,45,6.3,,0.0,,,27,27.0,,1.0,,4.0,,1,0,1.0,7.0
343792,Djaoui Cissé,Rennes,M,Rennes vs Lens,29,6.6,,0.0,,,19,15.0,,1.0,,,,0,0,1.0,3.0
343792,Djaoui Cissé,Rennes,M,Le Havre vs Rennes,63,6.3,,0.0,1.0,1.0,25,18.0,,1.0,,1.0,,0,0,3.0,5.0
343792,Djaoui Cissé,Rennes,M,Rennes vs Nice,32,7.2,,0.0,3.0,2.0,26,24.0,,1.0,,1.0,1.0,1,0,4.0,5.0
343792,Djaoui Cissé,Rennes,M,Toulouse vs Rennes,71,7.3,,0.0,,,35,24.0,,3.0,,1.0,2.0,0,0,5.0,10.0
343792,Djaoui Cissé,Rennes,M,Rennes vs Strasbourg,68,6.5,,0.0,,,21,13.0,,1.0,,1.0,,0,0,4.0,12.0
343792,Djaoui Cissé,Rennes,M,Paris FC vs Rennes,66,6.5,,0.0,1.0,1.0,30,23.0,,1.0,1.0,2.0,,0,0,2.0,9.0
343792,Djaoui Cissé,Rennes,M,Rennes vs Monaco,74,6.3,,0.0,2.0,,44,37.0,,2.0,,,,0,0,2.0,3.0
343792,Djaoui Cissé,Rennes,M,Metz vs Rennes,62,6.9,,0.0,,,32,24.0,,2.0,,1.0,1.0,0,0,3.0,4.0
343792,Djaoui Cissé,Rennes,M,Paris Saint Germain vs Rennes,45,6.6,,0.0,,,22,19.0,,4.0,,,,0,0,4.0,5.0
343792,Djaoui Cissé,Rennes,M,Rennes vs Stade Brestois 29,58,6.3,,0.0,,,32,25.0,,4.0,1.0,,,0,0,5.0,7.0
343792,Djaoui Cissé,Rennes,M,Rennes vs Lorient,60,6.9,,0.0,1.0,1.0,35,32.0,,,2.0,2.0,1.0,0,0,2.0,5.0
343792,Djaoui Cissé,Rennes,M,Monaco vs Rennes,65,6.5,,0.0,,,41,34.0,,1.0,,1.0,,0,0,1.0,3.0
343792,Djaoui Cissé,Rennes,M,Rennes vs Paris Saint Germain,16,6.9,,0.0,1.0,,6,5.0,,3.0,,1.0,,0,0,3.0,5.0
343792,Djaoui Cissé,Rennes,M,Auxerre vs Rennes,12,6.9,,0.0,1.0,1.0,5,3.0,,,,,,0,0,,
196187,Alidu Seidu,Rennes,D,Lorient vs Rennes,17,7.3,,0.0,,,15,13.0,,1.0,2.0,,2.0,0,0,4.0,4.0
196187,Alidu Seidu,Rennes,D,Rennes vs Lyon,45,7,,0.0,,,33,32.0,,1.0,,1.0,1.0,1,0,2.0,4.0
196187,Alidu Seidu,Rennes,D,Nantes vs Rennes,45,7.3,,1.0,,,29,26.0,,1.0,2.0,,2.0,0,0,4.0,5.0
196187,Alidu Seidu,Rennes,D,Rennes vs Lens,90,7.7,,0.0,,,67,62.0,,2.0,3.0,,2.0,0,0,8.0,17.0
196187,Alidu Seidu,Rennes,D,Le Havre vs Rennes,90,6.3,,0.0,1.0,,69,61.0,,2.0,2.0,,2.0,0,0,5.0,8.0
196187,Alidu Seidu,Rennes,D,Rennes vs Auxerre,90,7.5,,0.0,,,48,41.0,,8.0,1.0,,1.0,0,0,10.0,11.0
196187,Alidu Seidu,Rennes,D,Rennes vs Nice,45,6.3,,0.0,,,31,27.0,,1.0,,1.0,1.0,0,0,2.0,4.0
196187,Alidu Seidu,Rennes,D,Toulouse vs Rennes,11,6.2,,0.0,,,6,6.0,,1.0,1.0,,1.0,0,0,2.0,5.0
196187,Alidu Seidu,Rennes,D,Rennes vs Stade Brestois 29,11,6.9,,0.0,,,8,7.0,,1.0,1.0,,,0,0,1.0,1.0
196187,Alidu Seidu,Rennes,D,Lille vs Rennes,90,8.2,,0.0,,,65,64.0,,2.0,2.0,,1.0,0,0,6.0,6.0
196187,Alidu Seidu,Rennes,D,Rennes vs Le Havre,101,7.2,,,,,43,39.0,,1.0,,3.0,4.0,0,0,9.0,14.0
196187,Alidu Seidu,Rennes,D,Rennes vs Lorient,90,7.2,,0.0,3.0,1.0,72,69.0,,3.0,,4.0,1.0,0,0,8.0,16.0
196187,Alidu Seidu,Rennes,D,Monaco vs Rennes,34,6.2,,0.0,,,37,33.0,,1.0,,,1.0,0,0,2.0,4.0
196187,Alidu Seidu,Rennes,D,Lens vs Rennes,61,6.2,,0.0,,,36,35.0,,2.0,,,2.0,0,0,4.0,6.0
2850,Karl-Johan Johnsson,Strasbourg,G,Strasbourg vs Nantes,90,7.2,,0.0,,,32,25.0,,,,,,0,0,1.0,1.0
147835,Andrew Omobamidele,Strasbourg,D,Strasbourg vs Nantes,41,6.9,,0.0,,,46,45.0,,,1.0,2.0,,0,0,,3.0
147835,Andrew Omobamidele,Strasbourg,D,Paris FC vs Strasbourg,15,6.5,,0.0,,,1,1.0,,,,,,0,0,,
147835,Andrew Omobamidele,Strasbourg,D,Strasbourg vs Marseille,12,6.3,,0.0,,,5,3.0,,,,,,0,0,,
147835,Andrew Omobamidele,Strasbourg,D,Strasbourg vs Angers,13,6.6,,0.0,,,32,32.0,,,1.0,,,0,0,,1.0
147835,Andrew Omobamidele,Strasbourg,D,Paris Saint Germain vs Strasbourg,25,6.2,,0.0,,,9,9.0,,,1.0,,,0,0,,1.0
147835,Andrew Omobamidele,Strasbourg,D,Lyon vs Strasbourg,13,6.7,,0.0,,,1,1.0,,1.0,,,,0,0,2.0,3.0
147835,Andrew Omobamidele,Strasbourg,D,Strasbourg vs Auxerre,90,7.6,,0.0,1.0,,76,74.0,,,1.0,,2.0,0,0,7.0,7.0
147835,Andrew Omobamidele,Strasbourg,D,Strasbourg vs Lille,9,6.9,,0.0,,,0,,,,,,,0,0,1.0,1.0
147835,Andrew Omobamidele,Strasbourg,D,Lens vs Strasbourg,45,6.9,,0.0,,,31,28.0,,,,,,0,0,1.0,1.0
147835,Andrew Omobamidele,Strasbourg,D,Strasbourg vs Stade Brestois 29,90,6.5,,0.0,1.0,1.0,82,79.0,,,,1.0,1.0,0,0,4.0,5.0
147835,Andrew Omobamidele,Strasbourg,D,Toulouse vs Strasbourg,61,6.5,,0.0,,,87,87.0,,,1.0,2.0,,0,0,1.0,4.0
147835,Andrew Omobamidele,Strasbourg,D,Strasbourg vs Lorient,45,7,,0.0,,,52,51.0,,,,1.0,,1,0,2.0,3.0
147835,Andrew Omobamidele,Strasbourg,D,Le Havre vs Strasbourg,57,6.6,,0.0,,,29,29.0,,1.0,,,,0,0,1.0,1.0
147835,Andrew Omobamidele,Strasbourg,D,Marseille vs Strasbourg,90,6.7,,0.0,,,63,60.0,,,2.0,,1.0,0,0,3.0,3.0
147835,Andrew Omobamidele,Strasbourg,D,Strasbourg vs Lyon,89,6.7,,0.0,,,65,64.0,,,1.0,,,1,0,,
147835,Andrew Omobamidele,Strasbourg,D,Strasbourg vs Lens,90,7.2,,0.0,,,72,69.0,,3.0,,,,0,0,3.0,4.0
271542,Ismael Doukouré,Strasbourg,D,Strasbourg vs Nantes,90,7.3,,0.0,,,62,57.0,,2.0,1.0,1.0,1.0,1,0,5.0,9.0
271542,Ismael Doukouré,Strasbourg,D,Monaco vs Strasbourg,45,6.3,,0.0,,,35,31.0,,,,1.0,1.0,1,0,4.0,5.0
271542,Ismael Doukouré,Strasbourg,D,Strasbourg vs Le Havre,90,7.2,,0.0,,,60,51.0,,,,,1.0,0,0,5.0,6.0
271542,Ismael Doukouré,Strasbourg,D,Paris FC vs Strasbourg,90,6.3,,1.0,1.0,,60,55.0,,,,,,0,0,4.0,5.0
271542,Ismael Doukouré,Strasbourg,D,Strasbourg vs Marseille,90,6.9,,0.0,,,53,45.0,,4.0,2.0,,1.0,0,0,6.0,8.0
271542,Ismael Doukouré,Strasbourg,D,Strasbourg vs Angers,90,7.7,,0.0,,,91,87.0,,,2.0,,1.0,0,0,2.0,2.0
271542,Ismael Doukouré,Strasbourg,D,Paris Saint Germain vs Strasbourg,89,5.3,,0.0,,,27,20.0,,,2.0,1.0,,0,0,,3.0
271542,Ismael Doukouré,Strasbourg,D,Lyon vs Strasbourg,67,5.2,,0.0,,,38,34.0,,,1.0,1.0,,0,1,,1.0
271542,Ismael Doukouré,Strasbourg,D,Strasbourg vs Stade Brestois 29,90,6.6,,0.0,3.0,1.0,53,46.0,,1.0,2.0,,1.0,0,0,2.0,5.0
271542,Ismael Doukouré,Strasbourg,D,Toulouse vs Strasbourg,90,6.9,,0.0,,,76,69.0,,2.0,1.0,3.0,2.0,0,0,5.0,9.0
271542,Ismael Doukouré,Strasbourg,D,Strasbourg vs Lorient,90,7.2,,0.0,1.0,1.0,105,100.0,,,1.0,,,0,0,3.0,6.0
271542,Ismael Doukouré,Strasbourg,D,Nice vs Strasbourg,90,6.3,,0.0,,,71,67.0,,1.0,2.0,1.0,1.0,1,0,5.0,11.0
271542,Ismael Doukouré,Strasbourg,D,Strasbourg vs Metz,90,6.9,,0.0,,,53,53.0,,1.0,2.0,1.0,1.0,0,0,4.0,7.0
271542,Ismael Doukouré,Strasbourg,D,Lille vs Strasbourg,90,6.9,,0.0,,,50,50.0,,2.0,,1.0,1.0,0,0,4.0,7.0
271542,Ismael Doukouré,Strasbourg,D,Strasbourg vs Paris Saint Germain,90,6.7,,0.0,,,39,37.0,,,,,1.0,0,0,2.0,3.0
271542,Ismael Doukouré,Strasbourg,D,Le Havre vs Strasbourg,29,4.5,,0.0,,,10,9.0,,,,1.0,,0,1,,1.0
271542,Ismael Doukouré,Strasbourg,D,Strasbourg vs Lyon,90,6.5,,0.0,,,47,41.0,,,1.0,,,0,0,,1.0
271542,Ismael Doukouré,Strasbourg,D,Strasbourg vs Lens,90,6.9,,0.0,1.0,1.0,67,57.0,,1.0,2.0,,,0,0,6.0,8.0
335056,Diego Moreira,Strasbourg,F,Strasbourg vs Nantes,26,7,,0.0,,,13,9.0,,3.0,,,,0,0,4.0,5.0
335056,Diego Moreira,Strasbourg,F,Monaco vs Strasbourg,71,6.7,,0.0,2.0,1.0,23,19.0,,2.0,,,1.0,0,0,5.0,13.0
335056,Diego Moreira,Strasbourg,F,Strasbourg vs Le Havre,82,7.3,,0.0,,,39,34.0,,3.0,1.0,,1.0,0,0,5.0,11.0
335056,Diego Moreira,Strasbourg,F,Paris FC vs Strasbourg,85,7,,1.0,,,36,27.0,,3.0,,,,0,0,4.0,9.0
335056,Diego Moreira,Strasbourg,F,Strasbourg vs Marseille,90,6.7,,0.0,,,26,21.0,,,,1.0,1.0,0,0,2.0,7.0
335056,Diego Moreira,Strasbourg,F,Strasbourg vs Angers,90,7.2,,0.0,,,41,34.0,,1.0,,1.0,1.0,1,0,6.0,11.0
335056,Diego Moreira,Strasbourg,F,Paris Saint Germain vs Strasbourg,73,8.9,1.0,1.0,1.0,1.0,24,19.0,,2.0,1.0,,,0,0,2.0,7.0
335056,Diego Moreira,Strasbourg,F,Lyon vs Strasbourg,89,6.5,,0.0,1.0,,32,27.0,,1.0,1.0,2.0,1.0,1,0,3.0,8.0
335056,Diego Moreira,Strasbourg,F,Strasbourg vs Auxerre,62,7.5,,0.0,1.0,1.0,45,38.0,,2.0,,1.0,,0,0,3.0,6.0
335056,Diego Moreira,Strasbourg,F,Rennes vs Strasbourg,83,6.7,,0.0,,,54,48.0,,1.0,2.0,,1.0,0,0,2.0,6.0
335056,Diego Moreira,Strasbourg,F,Strasbourg vs Lille,89,7,,0.0,1.0,,25,19.0,,3.0,2.0,,,0,0,6.0,10.0
335056,Diego Moreira,Strasbourg,F,Lens vs Strasbourg,85,7,,0.0,,,38,29.0,,2.0,1.0,1.0,3.0,0,0,6.0,11.0
335056,Diego Moreira,Strasbourg,F,Strasbourg vs Stade Brestois 29,33,7,,0.0,,,22,18.0,,,,,1.0,0,0,3.0,4.0
335056,Diego Moreira,Strasbourg,F,Toulouse vs Strasbourg,87,6.3,,0.0,,,57,51.0,,,,2.0,2.0,1,0,2.0,4.0
335056,Diego Moreira,Strasbourg,F,Strasbourg vs Lorient,90,6.9,,0.0,1.0,,70,63.0,,,4.0,,,0,0,3.0,6.0
335056,Diego Moreira,Strasbourg,F,Nice vs Strasbourg,90,6.3,,0.0,1.0,,40,27.0,,3.0,,,,0,0,5.0,11.0
335056,Diego Moreira,Strasbourg,F,Strasbourg vs Metz,89,7.3,1.0,0.0,1.0,1.0,41,36.0,,1.0,1.0,2.0,4.0,0,0,8.0,17.0
335056,Diego Moreira,Strasbourg,F,Lille vs Strasbourg,76,6.9,,1.0,2.0,1.0,28,23.0,,1.0,,1.0,2.0,0,0,5.0,10.0
335056,Diego Moreira,Strasbourg,F,Strasbourg vs Paris Saint Germain,90,6.5,,0.0,1.0,1.0,29,20.0,,,1.0,1.0,1.0,1,0,2.0,8.0
335056,Diego Moreira,Strasbourg,F,Le Havre vs Strasbourg,90,6.9,,0.0,,,41,28.0,,7.0,,1.0,4.0,0,0,13.0,26.0
335056,Diego Moreira,Strasbourg,F,Marseille vs Strasbourg,90,6.3,,0.0,1.0,1.0,48,42.0,,3.0,3.0,1.0,,0,0,7.0,20.0
335056,Diego Moreira,Strasbourg,F,Strasbourg vs Lyon,89,8.3,1.0,1.0,2.0,2.0,36,30.0,,,,1.0,1.0,0,0,2.0,5.0
335056,Diego Moreira,Strasbourg,F,Strasbourg vs Lens,89,6.7,,0.0,,,28,23.0,,3.0,,,1.0,0,0,6.0,12.0
345416,Rafael Luis,Strasbourg,M,Strasbourg vs Nantes,15,6.9,,0.0,1.0,1.0,10,7.0,,2.0,,1.0,,0,0,3.0,5.0
345416,Rafael Luis,Strasbourg,M,Monaco vs Strasbourg,90,6.6,,0.0,,,63,57.0,,2.0,,1.0,,0,0,3.0,5.0
345416,Rafael Luis,Strasbourg,M,Strasbourg vs Le Havre,70,6.9,,0.0,,,26,24.0,,2.0,,,,0,0,2.0,3.0
345416,Rafael Luis,Strasbourg,M,Strasbourg vs Angers,17,6.9,,0.0,,,20,19.0,,1.0,1.0,,,0,0,1.0,1.0
345416,Rafael Luis,Strasbourg,M,Strasbourg vs Auxerre,45,6.9,,0.0,,,56,53.0,,2.0,1.0,1.0,1.0,0,0,3.0,7.0
345416,Rafael Luis,Strasbourg,M,Lille vs Strasbourg,14,6.3,,0.0,,,16,15.0,,1.0,,,,0,0,1.0,1.0
345416,Rafael Luis,Strasbourg,M,Strasbourg vs Paris Saint Germain,18,6.3,,0.0,,,11,11.0,,1.0,,1.0,,0,0,1.0,3.0
42086,Youssef El Arabi,Nantes,F,Strasbourg vs Nantes,12,6.3,,0.0,,,3,,,,,,,0,0,1.0,2.0
42086,Youssef El Arabi,Nantes,F,Nice vs Nantes,12,6.7,,0.0,,,6,4.0,,,,1.0,,0,0,1.0,2.0
42086,Youssef El Arabi,Nantes,F,Nantes vs Rennes,8,8.2,1.0,0.0,1.0,1.0,2,2.0,,1.0,,1.0,1.0,0,0,3.0,4.0
42086,Youssef El Arabi,Nantes,F,Toulouse vs Nantes,8,6.3,,0.0,,,2,1.0,,,,1.0,,0,0,,3.0
42086,Youssef El Arabi,Nantes,F,Stade Brestois 29 vs Nantes,9,6.3,,0.0,,,1,,,,,1.0,,0,0,,
42086,Youssef El Arabi,Nantes,F,Nantes vs Lille,27,6.5,,0.0,,,6,5.0,,,,,1.0,0,0,1.0,2.0
42086,Youssef El Arabi,Nantes,F,Paris FC vs Nantes,70,7.7,1.0,0.0,1.0,1.0,17,9.0,,,,1.0,2.0,0,0,5.0,9.0
42086,Youssef El Arabi,Nantes,F,Nantes vs Monaco,71,6.3,,0.0,2.0,1.0,17,11.0,,1.0,,1.0,3.0,0,0,4.0,6.0
42086,Youssef El Arabi,Nantes,F,Nantes vs Metz,79,7.2,,0.0,1.0,,19,14.0,,1.0,1.0,,2.0,0,0,8.0,13.0
42086,Youssef El Arabi,Nantes,F,Le Havre vs Nantes,71,5.9,,0.0,,,15,8.0,,,,5.0,2.0,0,0,3.0,14.0
42086,Youssef El Arabi,Nantes,F,Nantes vs Lorient,59,5.9,,0.0,,,15,9.0,,,,3.0,1.0,0,0,1.0,9.0
42086,Youssef El Arabi,Nantes,F,Lyon vs Nantes,59,6.3,,0.0,,,16,8.0,,,,1.0,2.0,0,0,2.0,9.0
42086,Youssef El Arabi,Nantes,F,Nantes vs Lens,59,5.9,1.0,0.0,2.0,2.0,16,9.0,,,,,,0,0,3.0,13.0
42086,Youssef El Arabi,Nantes,F,Angers vs Nantes,26,6.7,,0.0,,,7,7.0,,,,,,0,0,,
42086,Youssef El Arabi,Nantes,F,Marseille vs Nantes,82,7.3,,0.0,1.0,1.0,25,20.0,,3.0,,1.0,1.0,0,0,6.0,9.0
42086,Youssef El Arabi,Nantes,F,Nantes vs Paris FC,65,6.7,,0.0,,,14,7.0,,,1.0,1.0,2.0,0,0,5.0,8.0
42086,Youssef El Arabi,Nantes,F,Nantes vs Nice,8,6.5,,0.0,1.0,,4,2.0,,,,,,0,0,,1.0
42086,Youssef El Arabi,Nantes,F,Lorient vs Nantes,13,6.7,,0.0,,,4,3.0,,,,,1.0,0,0,1.0,3.0
42086,Youssef El Arabi,Nantes,F,Nantes vs Lyon,45,6.5,,0.0,3.0,2.0,11,10.0,,,1.0,1.0,1.0,0,0,2.0,3.0
42086,Youssef El Arabi,Nantes,F,Monaco vs Nantes,12,6.5,,0.0,,,7,6.0,,,,,,0,0,,2.0
42086,Youssef El Arabi,Nantes,F,Nantes vs Le Havre,90,6.7,,0.0,1.0,1.0,32,15.0,,3.0,,3.0,3.0,0,0,10.0,23.0
50956,Cristian Cásseres Jr.,Toulouse,M,Toulouse vs Stade Brestois 29,90,7.3,,0.0,,,38,29.0,,3.0,1.0,1.0,3.0,0,0,7.0,13.0
50956,Cristian Cásseres Jr.,Toulouse,M,Toulouse vs Paris Saint Germain,90,5.2,,0.0,2.0,1.0,35,30.0,,3.0,2.0,2.0,1.0,0,0,4.0,8.0
50956,Cristian Cásseres Jr.,Toulouse,M,Lille vs Toulouse,90,6.9,,0.0,,,36,26.0,,1.0,3.0,,1.0,0,0,5.0,5.0
50956,Cristian Cásseres Jr.,Toulouse,M,Auxerre vs Toulouse,90,8.2,,0.0,1.0,1.0,53,44.0,,7.0,1.0,1.0,2.0,1,0,10.0,11.0
50956,Cristian Cásseres Jr.,Toulouse,M,Toulouse vs Nantes,28,7.3,,0.0,,,26,26.0,,,,1.0,,0,0,,1.0
50956,Cristian Cásseres Jr.,Toulouse,M,Lyon vs Toulouse,78,6.6,,0.0,1.0,,22,20.0,,1.0,,1.0,,0,0,2.0,5.0
50956,Cristian Cásseres Jr.,Toulouse,M,Toulouse vs Metz,90,7.3,,0.0,,,41,34.0,,,1.0,,4.0,0,0,4.0,8.0
50956,Cristian Cásseres Jr.,Toulouse,M,Monaco vs Toulouse,84,6.7,,0.0,,,37,29.0,,,,2.0,1.0,0,0,1.0,3.0
50956,Cristian Cásseres Jr.,Toulouse,M,Toulouse vs Rennes,80,6.2,,0.0,1.0,,36,30.0,,1.0,1.0,,2.0,0,0,3.0,7.0
50956,Cristian Cásseres Jr.,Toulouse,M,Toulouse vs Le Havre,90,6.6,,0.0,1.0,,44,39.0,,,1.0,,,0,0,1.0,7.0
50956,Cristian Cásseres Jr.,Toulouse,M,Lorient vs Toulouse,90,6.9,,0.0,,,52,40.0,,2.0,1.0,2.0,1.0,1,0,5.0,13.0
50956,Cristian Cásseres Jr.,Toulouse,M,Toulouse vs Angers,90,7.6,,0.0,3.0,,57,43.0,,5.0,,2.0,1.0,0,0,10.0,15.0
50956,Cristian Cásseres Jr.,Toulouse,M,Marseille vs Toulouse,90,7.2,,0.0,,,30,26.0,,2.0,2.0,,3.0,0,0,6.0,10.0
50956,Cristian Cásseres Jr.,Toulouse,M,Toulouse vs Strasbourg,90,7.2,,0.0,,,32,29.0,,4.0,2.0,3.0,1.0,1,0,7.0,12.0
50956,Cristian Cásseres Jr.,Toulouse,M,Paris FC vs Toulouse,90,7.7,,0.0,,,50,42.0,,4.0,,2.0,3.0,0,0,7.0,12.0
50956,Cristian Cásseres Jr.,Toulouse,M,Toulouse vs Lens,90,8.2,,0.0,1.0,,38,35.0,,8.0,1.0,2.0,4.0,0,0,16.0,19.0
50956,Cristian Cásseres Jr.,Toulouse,M,Toulouse vs Nice,34,7.6,1.0,0.0,1.0,1.0,24,24.0,,1.0,,,,0,0,1.0,2.0
50956,Cristian Cásseres Jr.,Toulouse,M,Stade Brestois 29 vs Toulouse,90,7.2,,0.0,1.0,,64,58.0,,1.0,4.0,1.0,2.0,0,0,5.0,8.0
50956,Cristian Cásseres Jr.,Toulouse,M,Toulouse vs Auxerre,90,7.7,,0.0,1.0,1.0,61,51.0,,7.0,2.0,1.0,2.0,1,0,10.0,13.0
50956,Cristian Cásseres Jr.,Toulouse,M,Angers vs Toulouse,90,7.3,,0.0,1.0,,61,49.0,,7.0,2.0,1.0,,0,0,8.0,14.0
50956,Cristian Cásseres Jr.,Toulouse,M,Le Havre vs Toulouse,63,6.7,,0.0,,,45,43.0,,2.0,,2.0,,1,0,3.0,7.0
50956,Cristian Cásseres Jr.,Toulouse,M,Toulouse vs Paris FC,90,7.5,,0.0,1.0,1.0,74,62.0,,2.0,1.0,3.0,2.0,0,0,4.0,10.0
551200,Mathis Saka,Toulouse,M,Toulouse vs Stade Brestois 29,8,6.3,,0.0,,,5,2.0,,,,1.0,,0,0,,1.0
365742,Michel Diaz,Stade Brestois 29,D,Toulouse vs Stade Brestois 29,18,6.6,,0.0,,,14,11.0,,,1.0,,1.0,0,0,3.0,4.0
365742,Michel Diaz,Stade Brestois 29,D,Lens vs Stade Brestois 29,90,6,,0.0,,,27,22.0,,,,,,0,0,2.0,5.0
365742,Michel Diaz,Stade Brestois 29,D,Stade Brestois 29 vs Paris FC,90,6.6,,0.0,1.0,,60,53.0,,4.0,1.0,,,0,0,5.0,7.0
365742,Michel Diaz,Stade Brestois 29,D,Stade Brestois 29 vs Nice,90,6.7,,0.0,,,24,21.0,,,1.0,,1.0,0,0,2.0,4.0
365742,Michel Diaz,Stade Brestois 29,D,Angers vs Stade Brestois 29,90,7.7,,0.0,,,32,26.0,,1.0,3.0,,,0,0,3.0,4.0
365742,Michel Diaz,Stade Brestois 29,D,Stade Brestois 29 vs Nantes,90,7,,0.0,,,46,41.0,,1.0,2.0,,,0,0,3.0,5.0
365742,Michel Diaz,Stade Brestois 29,D,Stade Brestois 29 vs Paris Saint Germain,90,6.3,,0.0,,,15,10.0,,2.0,1.0,,,0,0,3.0,6.0
365742,Michel Diaz,Stade Brestois 29,D,Strasbourg vs Stade Brestois 29,90,7.3,,0.0,,,65,57.0,,1.0,,2.0,1.0,0,0,3.0,6.0
365742,Michel Diaz,Stade Brestois 29,D,Nice vs Stade Brestois 29,16,7.2,,0.0,,,11,9.0,,,,,,0,0,4.0,4.0
365742,Michel Diaz,Stade Brestois 29,D,Stade Brestois 29 vs Lorient,90,7.9,,0.0,,,33,31.0,,,,,1.0,0,0,3.0,4.0
365742,Michel Diaz,Stade Brestois 29,D,Lille vs Stade Brestois 29,90,7.3,,0.0,,,30,24.0,,1.0,2.0,,,0,0,2.0,3.0
365742,Michel Diaz,Stade Brestois 29,D,Stade Brestois 29 vs Marseille,90,7.2,,0.0,1.0,,27,22.0,,2.0,3.0,,1.0,0,0,4.0,5.0
128287,Joris Chotard,Stade Brestois 29,M,Toulouse vs Stade Brestois 29,18,7.2,,0.0,,,9,8.0,,2.0,,,2.0,0,0,5.0,5.0
128287,Joris Chotard,Stade Brestois 29,M,Lens vs Stade Brestois 29,86,7.2,,0.0,,,30,26.0,,4.0,,1.0,,0,0,6.0,9.0
128287,Joris Chotard,Stade Brestois 29,M,Stade Brestois 29 vs Paris FC,90,6.5,,0.0,1.0,1.0,47,38.0,,1.0,1.0,1.0,,0,0,1.0,5.0
128287,Joris Chotard,Stade Brestois 29,M,Stade Brestois 29 vs Nice,90,7.9,1.0,0.0,1.0,1.0,30,25.0,,2.0,3.0,,,0,0,3.0,5.0
128287,Joris Chotard,Stade Brestois 29,M,Angers vs Stade Brestois 29,90,6.3,,0.0,,,27,22.0,,2.0,2.0,3.0,,0,0,2.0,7.0
128287,Joris Chotard,Stade Brestois 29,M,Stade Brestois 29 vs Nantes,90,7.2,,0.0,1.0,,51,46.0,,1.0,,,,0,0,1.0,2.0
128287,Joris Chotard,Stade Brestois 29,M,Lorient vs Stade Brestois 29,90,6.3,,0.0,1.0,1.0,43,37.0,,2.0,,1.0,1.0,0,0,4.0,9.0
128287,Joris Chotard,Stade Brestois 29,M,Stade Brestois 29 vs Paris Saint Germain,90,6.9,,0.0,,,30,19.0,,4.0,2.0,2.0,2.0,0,0,7.0,10.0
128287,Joris Chotard,Stade Brestois 29,M,Le Havre vs Stade Brestois 29,90,6.7,,0.0,,,45,35.0,,,1.0,2.0,,1,0,3.0,5.0
128287,Joris Chotard,Stade Brestois 29,M,Stade Brestois 29 vs Lyon,90,6.6,,0.0,,,43,34.0,,1.0,1.0,,,0,0,2.0,4.0
128287,Joris Chotard,Stade Brestois 29,M,Marseille vs Stade Brestois 29,82,6.2,,0.0,1.0,,32,25.0,,2.0,2.0,2.0,,0,0,2.0,6.0
128287,Joris Chotard,Stade Brestois 29,M,Stade Brestois 29 vs Metz,90,7.2,,0.0,3.0,,45,40.0,,1.0,,,1.0,0,0,3.0,3.0
128287,Joris Chotard,Stade Brestois 29,M,Strasbourg vs Stade Brestois 29,90,6.3,,0.0,2.0,1.0,37,26.0,,,2.0,1.0,,0,0,3.0,6.0
128287,Joris Chotard,Stade Brestois 29,M,Stade Brestois 29 vs Monaco,83,6.7,,0.0,,,29,24.0,,1.0,,3.0,,0,0,1.0,4.0
128287,Joris Chotard,Stade Brestois 29,M,Rennes vs Stade Brestois 29,90,6.5,,0.0,,,28,17.0,,1.0,3.0,1.0,1.0,0,0,3.0,6.0
128287,Joris Chotard,Stade Brestois 29,M,Stade Brestois 29 vs Auxerre,90,8.9,1.0,0.0,1.0,1.0,55,45.0,,3.0,,1.0,,0,0,4.0,8.0
128287,Joris Chotard,Stade Brestois 29,M,Lyon vs Stade Brestois 29,90,7.2,,0.0,1.0,1.0,26,19.0,,3.0,,,,0,0,4.0,6.0
128287,Joris Chotard,Stade Brestois 29,M,Stade Brestois 29 vs Toulouse,90,6.9,,0.0,1.0,1.0,61,48.0,,1.0,1.0,,1.0,0,0,3.0,4.0
128287,Joris Chotard,Stade Brestois 29,M,Nice vs Stade Brestois 29,90,6.9,,0.0,3.0,,37,26.0,,3.0,4.0,1.0,1.0,0,0,7.0,10.0
128287,Joris Chotard,Stade Brestois 29,M,Stade Brestois 29 vs Lorient,90,7,,0.0,,,32,25.0,,3.0,1.0,,1.0,0,0,4.0,8.0
128287,Joris Chotard,Stade Brestois 29,M,Lille vs Stade Brestois 29,90,7.6,,0.0,,,24,18.0,,8.0,5.0,1.0,,0,0,8.0,11.0
128287,Joris Chotard,Stade Brestois 29,M,Stade Brestois 29 vs Marseille,90,7,,0.0,,,32,24.0,,1.0,1.0,,1.0,0,0,4.0,7.0
329209,Axel Camblan,Stade Brestois 29,M,Toulouse vs Stade Brestois 29,11,6.5,,0.0,,,3,3.0,,,,,,0,0,,1.0
485957,Serigne Diop,Stade Brestois 29,F,Toulouse vs Stade Brestois 29,15,6.3,,0.0,,,1,1.0,,,,,,0,0,1.0,1.0
485957,Serigne Diop,Stade Brestois 29,F,Lens vs Stade Brestois 29,11,6.7,,0.0,,,1,,,,,,,0,0,2.0,3.0
2336,Loic Négo,Le Havre,D,Le Havre vs Lens,90,7,,0.0,2.0,1.0,63,51.0,,2.0,1.0,,3.0,0,0,5.0,8.0
2336,Loic Négo,Le Havre,D,Le Havre vs Nice,90,7.3,,0.0,,,30,25.0,,,,,1.0,0,0,3.0,4.0
2336,Loic Négo,Le Havre,D,Strasbourg vs Le Havre,90,6.5,,0.0,1.0,,52,48.0,,2.0,2.0,3.0,1.0,0,0,4.0,9.0
2336,Loic Négo,Le Havre,D,Le Havre vs Lorient,90,6.3,,0.0,,,63,50.0,,2.0,1.0,,,0,0,2.0,4.0
2336,Loic Négo,Le Havre,D,Metz vs Le Havre,90,7.3,,0.0,1.0,,35,27.0,,1.0,1.0,1.0,1.0,0,0,5.0,6.0
2336,Loic Négo,Le Havre,D,Le Havre vs Rennes,78,5.6,,0.0,1.0,,44,29.0,,,1.0,2.0,,0,0,2.0,4.0
2336,Loic Négo,Le Havre,D,Marseille vs Le Havre,90,5,,0.0,,,25,15.0,,,,1.0,1.0,0,0,3.0,6.0
2336,Loic Négo,Le Havre,D,Auxerre vs Le Havre,90,7.2,,0.0,,,29,22.0,,2.0,1.0,,,0,0,5.0,8.0
2336,Loic Négo,Le Havre,D,Le Havre vs Stade Brestois 29,25,6.7,,0.0,,,8,6.0,,1.0,3.0,,,0,0,1.0,3.0
2336,Loic Négo,Le Havre,D,Toulouse vs Le Havre,90,7.5,,0.0,,,50,42.0,,5.0,3.0,1.0,1.0,0,0,7.0,13.0
2336,Loic Négo,Le Havre,D,Le Havre vs Nantes,79,6.3,,0.0,,,35,31.0,,1.0,2.0,3.0,1.0,1,0,4.0,9.0
2336,Loic Négo,Le Havre,D,Paris Saint Germain vs Le Havre,84,6.3,,0.0,,,18,11.0,,2.0,1.0,1.0,,0,0,2.0,5.0
2336,Loic Négo,Le Havre,D,Le Havre vs Lille,90,7.2,,0.0,1.0,1.0,39,27.0,,3.0,1.0,1.0,,0,0,3.0,4.0
2336,Loic Négo,Le Havre,D,Le Havre vs Paris FC,90,7.2,,0.0,,,40,32.0,,,,,1.0,0,0,2.0,4.0
2336,Loic Négo,Le Havre,D,Lyon vs Le Havre,63,7.2,,0.0,1.0,,23,15.0,,1.0,2.0,,,1,0,4.0,5.0
2336,Loic Négo,Le Havre,D,Le Havre vs Angers,90,7.7,,0.0,,,42,34.0,,4.0,,,,0,0,6.0,9.0
2336,Loic Négo,Le Havre,D,Rennes vs Le Havre,101,7.2,,,,,26,19.0,,3.0,3.0,,2.0,0,0,6.0,7.0
2336,Loic Négo,Le Havre,D,Le Havre vs Monaco,90,7.2,,0.0,1.0,,40,28.0,,1.0,,,2.0,0,0,4.0,6.0
2336,Loic Négo,Le Havre,D,Lens vs Le Havre,78,6.2,,0.0,,,22,14.0,,,3.0,,,0,0,,4.0
2336,Loic Négo,Le Havre,D,Le Havre vs Strasbourg,90,6.5,,0.0,2.0,1.0,39,32.0,,2.0,1.0,2.0,1.0,0,0,3.0,6.0
2336,Loic Négo,Le Havre,D,Le Havre vs Toulouse,90,7.2,,0.0,,,20,15.0,,2.0,,,,0,0,4.0,6.0
2336,Loic Négo,Le Havre,D,Nantes vs Le Havre,90,7.2,,0.0,,,82,68.0,,2.0,,,1.0,0,0,3.0,3.0
21103,Abdoulaye Touré,Le Havre,M,Le Havre vs Lens,27,6.3,,0.0,,,18,14.0,,,,,,0,0,,5.0
21103,Abdoulaye Touré,Le Havre,M,Le Havre vs Nice,24,6.9,,0.0,,,8,7.0,,2.0,,,,0,0,2.0,2.0
21103,Abdoulaye Touré,Le Havre,M,Strasbourg vs Le Havre,76,7.5,,0.0,,,35,34.0,,1.0,1.0,,1.0,0,0,2.0,4.0
21103,Abdoulaye Touré,Le Havre,M,Le Havre vs Lorient,85,6,,0.0,2.0,,43,35.0,,,1.0,3.0,1.0,0,0,4.0,9.0
21103,Abdoulaye Touré,Le Havre,M,Metz vs Le Havre,86,6.9,,0.0,,,23,21.0,,1.0,2.0,2.0,4.0,0,0,6.0,10.0
21103,Abdoulaye Touré,Le Havre,M,Marseille vs Le Havre,25,7.2,1.0,0.0,1.0,1.0,17,15.0,,,1.0,,1.0,0,0,1.0,1.0
21103,Abdoulaye Touré,Le Havre,M,Auxerre vs Le Havre,90,7.5,1.0,0.0,2.0,2.0,20,19.0,,1.0,1.0,2.0,3.0,0,0,5.0,8.0
21103,Abdoulaye Touré,Le Havre,M,Le Havre vs Stade Brestois 29,90,7.3,,0.0,,,46,40.0,,,1.0,1.0,2.0,0,0,4.0,7.0
21103,Abdoulaye Touré,Le Havre,M,Toulouse vs Le Havre,90,7.2,,0.0,2.0,1.0,31,28.0,,5.0,2.0,2.0,3.0,1,0,8.0,10.0
21103,Abdoulaye Touré,Le Havre,M,Le Havre vs Nantes,90,6.9,,0.0,,,39,31.0,,1.0,,2.0,,0,0,4.0,10.0
21103,Abdoulaye Touré,Le Havre,M,Paris Saint Germain vs Le Havre,58,6.3,,0.0,1.0,,17,15.0,,1.0,,1.0,2.0,1,0,3.0,6.0
21635,Jonathan Gradit,Lens,D,Le Havre vs Lens,90,7.5,,0.0,,,47,43.0,,3.0,4.0,2.0,,0,0,8.0,12.0
21635,Jonathan Gradit,Lens,D,Lens vs Stade Brestois 29,90,6.9,,0.0,1.0,,74,70.0,,1.0,1.0,2.0,1.0,0,0,6.0,19.0
21635,Jonathan Gradit,Lens,D,Paris Saint Germain vs Lens,90,6.9,,0.0,,,24,23.0,,5.0,3.0,3.0,1.0,0,0,6.0,9.0
21635,Jonathan Gradit,Lens,D,Lens vs Lille,90,7.2,,0.0,,,31,26.0,,2.0,2.0,2.0,1.0,0,0,3.0,6.0
21635,Jonathan Gradit,Lens,D,Lens vs Paris FC,90,7,,0.0,,,34,31.0,,4.0,1.0,1.0,1.0,0,0,6.0,9.0
21635,Jonathan Gradit,Lens,D,Lens vs Marseille,90,7.2,,0.0,,,35,30.0,,1.0,,,,0,0,3.0,4.0
21635,Jonathan Gradit,Lens,D,Metz vs Lens,88,7.6,,0.0,,,69,60.0,,1.0,,,3.0,0,0,6.0,7.0
21635,Jonathan Gradit,Lens,D,Lens vs Lorient,90,7,,0.0,,,97,93.0,,,2.0,3.0,1.0,1,0,2.0,5.0
21635,Jonathan Gradit,Lens,D,Monaco vs Lens,90,6.9,,0.0,,,61,57.0,,,3.0,1.0,1.0,1,0,3.0,4.0
395811,Fode Sylla,Lens,M,Le Havre vs Lens,59,7.2,,0.0,,,40,32.0,,5.0,1.0,2.0,,0,0,7.0,10.0
395811,Fode Sylla,Lens,M,Lens vs Lille,10,6.6,,0.0,,,1,1.0,,1.0,,,,0,0,1.0,1.0
277306,Mamadou Sangare,Lens,M,Le Havre vs Lens,31,6.6,,0.0,,,32,27.0,,1.0,,1.0,2.0,0,0,4.0,7.0
277306,Mamadou Sangare,Lens,M,Lens vs Stade Brestois 29,90,7,,0.0,1.0,1.0,67,59.0,,1.0,2.0,,1.0,0,0,4.0,12.0
277306,Mamadou Sangare,Lens,M,Paris Saint Germain vs Lens,90,6.7,,0.0,,,36,31.0,,2.0,,,1.0,0,0,3.0,9.0
277306,Mamadou Sangare,Lens,M,Lens vs Lille,86,7.2,,0.0,1.0,,35,31.0,,1.0,1.0,3.0,2.0,0,0,6.0,11.0
277306,Mamadou Sangare,Lens,M,Rennes vs Lens,90,7.6,,0.0,1.0,,34,29.0,,8.0,1.0,,1.0,0,0,12.0,15.0
277306,Mamadou Sangare,Lens,M,Auxerre vs Lens,90,6.3,,0.0,,,47,34.0,,3.0,1.0,1.0,1.0,0,0,9.0,18.0
277306,Mamadou Sangare,Lens,M,Lens vs Paris FC,90,7.5,,0.0,,,44,33.0,,5.0,2.0,,1.0,0,0,9.0,13.0
277306,Mamadou Sangare,Lens,M,Lens vs Marseille,90,6.9,,0.0,2.0,2.0,48,36.0,,3.0,1.0,3.0,2.0,1,0,8.0,16.0
277306,Mamadou Sangare,Lens,M,Metz vs Lens,90,6.5,,0.0,1.0,,54,47.0,,3.0,1.0,2.0,2.0,0,0,8.0,12.0
277306,Mamadou Sangare,Lens,M,Lens vs Lorient,59,6.9,,1.0,,,32,28.0,,3.0,1.0,2.0,1.0,1,0,4.0,9.0
277306,Mamadou Sangare,Lens,M,Monaco vs Lens,63,7.5,1.0,0.0,1.0,1.0,29,27.0,,2.0,1.0,3.0,4.0,0,0,9.0,16.0
277306,Mamadou Sangare,Lens,M,Lens vs Strasbourg,90,7.9,,0.0,,,68,67.0,,5.0,,1.0,3.0,0,0,9.0,14.0
277306,Mamadou Sangare,Lens,M,Angers vs Lens,90,7.3,,0.0,2.0,,56,53.0,,5.0,3.0,1.0,1.0,0,0,9.0,17.0
277306,Mamadou Sangare,Lens,M,Nantes vs Lens,90,7,,0.0,2.0,1.0,71,61.0,,5.0,,,,0,0,8.0,15.0
277306,Mamadou Sangare,Lens,M,Lens vs Nice,90,7.2,,0.0,2.0,1.0,45,41.0,,3.0,2.0,,3.0,0,0,7.0,10.0
277306,Mamadou Sangare,Lens,M,Lens vs Auxerre,33,7,,0.0,2.0,1.0,19,16.0,,1.0,3.0,1.0,2.0,0,0,3.0,5.0
277306,Mamadou Sangare,Lens,M,Marseille vs Lens,90,6.9,,1.0,,,64,53.0,,5.0,1.0,2.0,2.0,1,0,7.0,13.0
277306,Mamadou Sangare,Lens,M,Lens vs Le Havre,90,7.2,,0.0,2.0,,77,67.0,,5.0,3.0,4.0,,0,0,11.0,19.0
277306,Mamadou Sangare,Lens,M,Lens vs Rennes,89,6.9,,0.0,,,50,44.0,,4.0,2.0,3.0,,1,0,6.0,12.0
277306,Mamadou Sangare,Lens,M,Paris FC vs Lens,48,7,,0.0,,,28,25.0,,2.0,1.0,,1.0,0,0,4.0,5.0
277306,Mamadou Sangare,Lens,M,Strasbourg vs Lens,90,7.7,1.0,0.0,2.0,1.0,45,36.0,,1.0,5.0,1.0,2.0,0,0,4.0,8.0
394950,Andrija Bulatovic,Lens,M,Le Havre vs Lens,10,6.3,,0.0,,,3,1.0,,2.0,,1.0,,0,0,2.0,4.0
394950,Andrija Bulatovic,Lens,M,Metz vs Lens,11,6.3,,0.0,,,4,3.0,,1.0,,,1.0,0,0,2.0,3.0
394950,Andrija Bulatovic,Lens,M,Lens vs Lorient,31,7.3,,1.0,,,16,15.0,,3.0,1.0,,1.0,0,0,4.0,5.0
394950,Andrija Bulatovic,Lens,M,Monaco vs Lens,27,6.2,,0.0,,,17,15.0,,,,2.0,,0,0,1.0,6.0
394950,Andrija Bulatovic,Lens,M,Nantes vs Lens,90,7.3,,0.0,1.0,,37,30.0,,4.0,,3.0,4.0,0,0,10.0,17.0
394950,Andrija Bulatovic,Lens,M,Toulouse vs Lens,89,6.6,,0.0,1.0,1.0,31,26.0,,5.0,2.0,4.0,3.0,1,0,9.0,16.0
394950,Andrija Bulatovic,Lens,M,Lens vs Auxerre,90,7,,0.0,3.0,3.0,34,27.0,,6.0,1.0,3.0,3.0,0,0,9.0,20.0
394950,Andrija Bulatovic,Lens,M,Marseille vs Lens,18,6.5,,0.0,,,14,11.0,,,,,1.0,0,0,1.0,2.0
394950,Andrija Bulatovic,Lens,M,Paris FC vs Lens,42,6.6,,0.0,,,18,14.0,,1.0,2.0,,2.0,0,0,3.0,4.0
394950,Andrija Bulatovic,Lens,M,Lens vs Monaco,87,6.3,,0.0,1.0,,41,37.0,,2.0,1.0,2.0,1.0,0,0,3.0,9.0
264,Thomas Meunier,Lille,D,Lille vs Monaco,90,6.9,,0.0,2.0,,39,30.0,,,1.0,,,0,0,1.0,3.0
264,Thomas Meunier,Lille,D,Lorient vs Lille,85,6.2,,0.0,,,50,45.0,,1.0,2.0,2.0,,0,0,2.0,6.0
264,Thomas Meunier,Lille,D,Lille vs Paris Saint Germain,76,6.2,,0.0,,,21,18.0,,1.0,1.0,,,0,0,1.0,2.0
264,Thomas Meunier,Lille,D,Nantes vs Lille,90,7,,0.0,1.0,,38,25.0,,,1.0,1.0,,1,0,1.0,4.0
264,Thomas Meunier,Lille,D,Lille vs Metz,90,6.3,,0.0,,,46,36.0,,2.0,,2.0,,0,0,4.0,7.0
264,Thomas Meunier,Lille,D,Nice vs Lille,90,6,,0.0,2.0,1.0,64,52.0,,3.0,,3.0,,0,0,4.0,11.0
264,Thomas Meunier,Lille,D,Lille vs Angers,90,8.7,,0.0,,,59,53.0,,3.0,2.0,1.0,,0,0,3.0,4.0
264,Thomas Meunier,Lille,D,Strasbourg vs Lille,90,6.2,,0.0,,,54,45.0,,2.0,1.0,2.0,,0,0,5.0,13.0
264,Thomas Meunier,Lille,D,Lille vs Paris FC,90,6.7,,0.0,,,46,34.0,,1.0,2.0,,,0,0,2.0,2.0
264,Thomas Meunier,Lille,D,Le Havre vs Lille,90,6.7,,0.0,1.0,,45,38.0,,,,2.0,,1,0,3.0,9.0
264,Thomas Meunier,Lille,D,Lille vs Marseille,90,7.5,,0.0,,,38,30.0,,2.0,,2.0,,0,0,5.0,9.0
264,Thomas Meunier,Lille,D,Auxerre vs Lille,74,6.2,,0.0,,,41,34.0,,,1.0,1.0,,0,0,2.0,5.0
264,Thomas Meunier,Lille,D,Lille vs Rennes,90,6.9,,0.0,1.0,,38,32.0,,3.0,,,1.0,0,0,6.0,8.0
264,Thomas Meunier,Lille,D,Paris Saint Germain vs Lille,8,6.3,,0.0,,,6,6.0,,,,1.0,,0,0,,1.0
264,Thomas Meunier,Lille,D,Lille vs Strasbourg,21,6.3,,0.0,,,14,11.0,,,,,,0,0,,
138835,Folarin Balogun,Monaco,F,Lille vs Monaco,90,6.5,,0.0,1.0,,15,13.0,,,1.0,1.0,1.0,0,0,2.0,6.0
138835,Folarin Balogun,Monaco,F,Monaco vs Strasbourg,89,7.9,1.0,0.0,4.0,2.0,23,18.0,,,1.0,,1.0,0,0,5.0,8.0
138835,Folarin Balogun,Monaco,F,Auxerre vs Monaco,63,5.9,,1.0,3.0,,17,7.0,,1.0,,3.0,1.0,0,0,4.0,8.0
138835,Folarin Balogun,Monaco,F,Lorient vs Monaco,45,6.3,,0.0,1.0,,12,9.0,,1.0,,,,0,0,1.0,4.0
138835,Folarin Balogun,Monaco,F,Monaco vs Nice,45,6.6,,0.0,1.0,1.0,10,6.0,,,,2.0,1.0,0,0,4.0,8.0
138835,Folarin Balogun,Monaco,F,Angers vs Monaco,28,7.5,1.0,0.0,2.0,2.0,3,3.0,,,,,,0,0,,3.0
138835,Folarin Balogun,Monaco,F,Monaco vs Toulouse,60,6.2,,0.0,2.0,1.0,9,6.0,,1.0,,3.0,2.0,0,0,3.0,10.0
138835,Folarin Balogun,Monaco,F,Nantes vs Monaco,73,7.5,1.0,0.0,4.0,1.0,18,13.0,,,,3.0,2.0,0,0,4.0,12.0
138835,Folarin Balogun,Monaco,F,Monaco vs Paris FC,45,6.9,,0.0,1.0,,6,5.0,,,1.0,,,0,0,,1.0
138835,Folarin Balogun,Monaco,F,Monaco vs Lens,45,6.9,1.0,0.0,3.0,2.0,6,5.0,,1.0,,1.0,2.0,0,1,4.0,6.0
138835,Folarin Balogun,Monaco,F,Monaco vs Paris Saint Germain,85,6.2,,0.0,,,25,19.0,,,,1.0,1.0,0,0,3.0,10.0
138835,Folarin Balogun,Monaco,F,Marseille vs Monaco,90,7,,0.0,1.0,1.0,18,15.0,,,,,3.0,0,0,7.0,11.0
138835,Folarin Balogun,Monaco,F,Monaco vs Lyon,90,6.5,,1.0,,,15,9.0,,,,2.0,3.0,1,0,4.0,8.0
138835,Folarin Balogun,Monaco,F,Monaco vs Lorient,89,6.3,,0.0,4.0,2.0,14,11.0,,,,,1.0,0,0,3.0,6.0
138835,Folarin Balogun,Monaco,F,Le Havre vs Monaco,90,6.5,,0.0,2.0,2.0,12,8.0,,,,2.0,2.0,1,0,4.0,10.0
138835,Folarin Balogun,Monaco,F,Monaco vs Rennes,56,6.6,,1.0,1.0,1.0,5,4.0,,,,2.0,,0,0,,6.0
138835,Folarin Balogun,Monaco,F,Nice vs Monaco,90,5.3,,0.0,2.0,1.0,21,16.0,,,,2.0,,1,0,,8.0
138835,Folarin Balogun,Monaco,F,Monaco vs Nantes,76,6.5,,0.0,2.0,1.0,12,7.0,,1.0,,2.0,3.0,0,0,5.0,9.0
138835,Folarin Balogun,Monaco,F,Lens vs Monaco,85,7.9,1.0,0.0,4.0,3.0,11,9.0,,,,,2.0,0,0,2.0,4.0
333137,Kassoum Ouattara,Monaco,D,Lille vs Monaco,14,6.5,,0.0,,,4,3.0,,1.0,,,,0,0,2.0,3.0
333137,Kassoum Ouattara,Monaco,D,Auxerre vs Monaco,63,6.2,,0.0,,,40,29.0,,2.0,1.0,1.0,,1,0,5.0,15.0
333137,Kassoum Ouattara,Monaco,D,Monaco vs Metz,79,6.6,,0.0,1.0,,9,6.0,,1.0,2.0,2.0,,0,0,5.0,13.0
333137,Kassoum Ouattara,Monaco,D,Monaco vs Nice,70,6.2,,0.0,3.0,,27,20.0,,1.0,2.0,1.0,1.0,0,0,7.0,9.0
333137,Kassoum Ouattara,Monaco,D,Angers vs Monaco,70,6.3,,0.0,,,25,15.0,,,,1.0,3.0,0,0,3.0,11.0
333137,Kassoum Ouattara,Monaco,D,Monaco vs Toulouse,90,7.9,,1.0,1.0,,47,36.0,,2.0,,1.0,,0,0,4.0,12.0
333137,Kassoum Ouattara,Monaco,D,Nantes vs Monaco,90,7,,2.0,,,19,14.0,,2.0,2.0,1.0,1.0,1,0,4.0,12.0
333137,Kassoum Ouattara,Monaco,D,Monaco vs Paris FC,45,6.3,,0.0,,,15,11.0,,1.0,,,1.0,0,0,2.0,3.0
333137,Kassoum Ouattara,Monaco,D,Monaco vs Lens,90,6.3,,0.0,,,25,19.0,,3.0,,3.0,2.0,0,0,6.0,15.0
333137,Kassoum Ouattara,Monaco,D,Rennes vs Monaco,90,5.9,,0.0,,,35,31.0,,5.0,1.0,2.0,,0,0,6.0,13.0
333137,Kassoum Ouattara,Monaco,D,Monaco vs Lyon,54,6.3,,0.0,,,30,22.0,,1.0,5.0,2.0,1.0,0,0,4.0,6.0
333137,Kassoum Ouattara,Monaco,D,Monaco vs Lorient,70,6.6,,0.0,,,37,33.0,,2.0,,,,0,0,4.0,7.0
333137,Kassoum Ouattara,Monaco,D,Le Havre vs Monaco,57,6.9,,0.0,,,27,20.0,,3.0,1.0,4.0,1.0,1,0,5.0,11.0
333137,Kassoum Ouattara,Monaco,D,Monaco vs Rennes,90,6.9,,0.0,1.0,,31,16.0,,3.0,1.0,4.0,,0,0,5.0,9.0
21248,Grégoire Coudert,Stade Brestois 29,G,Lens vs Stade Brestois 29,31,7.2,,0.0,,,12,4.0,,,,,,0,0,,
21248,Grégoire Coudert,Stade Brestois 29,G,Stade Brestois 29 vs Paris FC,90,6.9,,0.0,,,21,14.0,,,,,,0,0,,
21248,Grégoire Coudert,Stade Brestois 29,G,Stade Brestois 29 vs Nice,90,7,,0.0,,,38,22.0,,,,,,0,0,,
21248,Grégoire Coudert,Stade Brestois 29,G,Stade Brestois 29 vs Metz,90,6.3,,0.0,,,27,16.0,,,,,,0,0,1.0,1.0
21248,Grégoire Coudert,Stade Brestois 29,G,Strasbourg vs Stade Brestois 29,90,8,,0.0,,,36,20.0,,,,,1.0,0,0,1.0,1.0
21248,Grégoire Coudert,Stade Brestois 29,G,Stade Brestois 29 vs Monaco,90,7.2,,0.0,,,37,15.0,,,,,1.0,0,0,2.0,2.0
21248,Grégoire Coudert,Stade Brestois 29,G,Rennes vs Stade Brestois 29,90,7,,0.0,,,24,15.0,,,,,,0,0,,
21248,Grégoire Coudert,Stade Brestois 29,G,Stade Brestois 29 vs Auxerre,90,7.2,,0.0,,,37,28.0,,,,,,0,0,1.0,1.0
21248,Grégoire Coudert,Stade Brestois 29,G,Lyon vs Stade Brestois 29,90,8.6,,0.0,,,33,12.0,,,,,1.0,0,0,1.0,2.0
21248,Grégoire Coudert,Stade Brestois 29,G,Stade Brestois 29 vs Toulouse,90,6.5,,0.0,,,34,22.0,,,,,1.0,0,0,1.0,1.0
21248,Grégoire Coudert,Stade Brestois 29,G,Nice vs Stade Brestois 29,90,7.9,,0.0,,,31,16.0,,,,,1.0,0,0,2.0,2.0
21248,Grégoire Coudert,Stade Brestois 29,G,Stade Brestois 29 vs Lorient,90,6.9,,0.0,,,26,14.0,,,,,,0,0,,
21248,Grégoire Coudert,Stade Brestois 29,G,Lille vs Stade Brestois 29,90,7,,0.0,,,27,14.0,,,,,,0,0,,
21248,Grégoire Coudert,Stade Brestois 29,G,Stade Brestois 29 vs Marseille,90,8.5,,0.0,,,30,12.0,,,,,1.0,0,0,1.0,1.0
369556,Justin Bourgault,Stade Brestois 29,D,Lens vs Stade Brestois 29,15,6.2,,0.0,1.0,,4,4.0,,,1.0,,,0,0,2.0,4.0
498791,Raphaël Le Guen,Stade Brestois 29,D,Lens vs Stade Brestois 29,11,6.3,,0.0,,,2,1.0,,,,,,0,0,,
23363,Noah Cadiou,Lorient,M,Lorient vs Lille,22,6.3,,0.0,,,21,17.0,,1.0,2.0,,1.0,0,0,2.0,5.0
23363,Noah Cadiou,Lorient,M,Marseille vs Lorient,14,6.3,,0.0,,,4,2.0,,1.0,,,,0,0,1.0,1.0
23363,Noah Cadiou,Lorient,M,Lorient vs Monaco,16,6.9,,0.0,,,11,9.0,,1.0,,,,0,0,2.0,2.0
23363,Noah Cadiou,Lorient,M,Angers vs Lorient,12,6.9,,0.0,1.0,1.0,11,11.0,,1.0,,,1.0,0,0,2.0,2.0
23363,Noah Cadiou,Lorient,M,Lorient vs Paris Saint Germain,89,6.3,,0.0,,,19,17.0,,,,1.0,,0,0,1.0,6.0
23363,Noah Cadiou,Lorient,M,Lens vs Lorient,25,6.5,,0.0,,,21,19.0,,,1.0,1.0,,0,0,,1.0
23363,Noah Cadiou,Lorient,M,Lorient vs Toulouse,30,6.3,,0.0,,,23,19.0,,1.0,,1.0,,0,0,2.0,5.0
23363,Noah Cadiou,Lorient,M,Nantes vs Lorient,90,7.3,,0.0,1.0,,45,39.0,,3.0,1.0,3.0,,0,0,7.0,11.0
23363,Noah Cadiou,Lorient,M,Lorient vs Nice,26,6.6,,0.0,,,13,12.0,,,,,,0,0,,1.0
23363,Noah Cadiou,Lorient,M,Lorient vs Lyon,12,6.9,,0.0,,,7,5.0,,,1.0,,,0,0,2.0,2.0
23363,Noah Cadiou,Lorient,M,Strasbourg vs Lorient,16,6.7,,0.0,1.0,,8,4.0,,1.0,1.0,,,0,0,2.0,4.0
23363,Noah Cadiou,Lorient,M,Lorient vs Metz,90,6.6,,0.0,,,63,53.0,,1.0,,1.0,,0,0,1.0,6.0
23363,Noah Cadiou,Lorient,M,Monaco vs Lorient,89,6.6,,1.0,1.0,,42,39.0,,,2.0,1.0,3.0,0,0,4.0,11.0
23363,Noah Cadiou,Lorient,M,Rennes vs Lorient,90,7.3,,0.0,1.0,1.0,23,17.0,,2.0,,1.0,1.0,0,0,3.0,4.0
23363,Noah Cadiou,Lorient,M,Lorient vs Nantes,90,6.6,,0.0,,,67,61.0,,,2.0,,2.0,0,0,2.0,6.0
23363,Noah Cadiou,Lorient,M,Lorient vs Angers,90,7,,0.0,,,76,72.0,,1.0,2.0,3.0,,0,0,1.0,4.0
23363,Noah Cadiou,Lorient,M,Nice vs Lorient,90,8.3,1.0,0.0,1.0,1.0,79,68.0,,2.0,1.0,1.0,3.0,0,0,8.0,11.0
306979,Hamza Igamane,Lille,F,Lorient vs Lille,45,8.5,2.0,0.0,3.0,3.0,12,7.0,,,,1.0,,0,0,4.0,8.0
306979,Hamza Igamane,Lille,F,Lille vs Toulouse,29,6.2,,0.0,,,10,7.0,,1.0,,1.0,,0,0,1.0,6.0
306979,Hamza Igamane,Lille,F,Lens vs Lille,12,6.5,,0.0,1.0,,4,3.0,,,1.0,,,0,0,,1.0
306979,Hamza Igamane,Lille,F,Lille vs Lyon,11,6.3,,0.0,1.0,,4,2.0,,,,1.0,,1,0,2.0,4.0
306979,Hamza Igamane,Lille,F,Lille vs Paris Saint Germain,14,6.9,,1.0,,,5,5.0,,,1.0,,1.0,0,0,1.0,3.0
306979,Hamza Igamane,Lille,F,Nantes vs Lille,14,8,1.0,0.0,2.0,1.0,8,8.0,,1.0,,,,0,0,3.0,3.0
306979,Hamza Igamane,Lille,F,Lille vs Metz,68,8,1.0,0.0,3.0,2.0,22,18.0,,3.0,,,,0,0,6.0,9.0
306979,Hamza Igamane,Lille,F,Nice vs Lille,70,6.3,,0.0,3.0,,16,12.0,,1.0,,,1.0,0,0,3.0,4.0
306979,Hamza Igamane,Lille,F,Lille vs Angers,19,7,,0.0,1.0,1.0,12,10.0,,,,,,0,0,2.0,4.0
306979,Hamza Igamane,Lille,F,Strasbourg vs Lille,26,6.3,,0.0,,,5,3.0,,,,1.0,1.0,0,0,2.0,6.0
306979,Hamza Igamane,Lille,F,Lille vs Paris FC,61,6.3,,0.0,3.0,1.0,15,10.0,,1.0,,2.0,,1,0,4.0,9.0
306979,Hamza Igamane,Lille,F,Le Havre vs Lille,33,7.2,1.0,0.0,1.0,1.0,10,7.0,,,,,,0,0,4.0,11.0
306979,Hamza Igamane,Lille,F,Lille vs Marseille,26,6.7,,0.0,,,4,3.0,,,,,,0,0,,
1567,Aïssa Mandi,Lille,D,Lorient vs Lille,13,6.7,,0.0,,,9,9.0,,,,,,0,0,,1.0
1567,Aïssa Mandi,Lille,D,Lille vs Toulouse,90,7,,0.0,,,42,35.0,,5.0,1.0,2.0,1.0,0,0,8.0,11.0
1567,Aïssa Mandi,Lille,D,Lens vs Lille,90,6.3,,0.0,,,56,48.0,,1.0,3.0,2.0,2.0,1,0,4.0,6.0
1567,Aïssa Mandi,Lille,D,Lille vs Lyon,90,6.9,,0.0,,,68,64.0,,,,1.0,1.0,1,0,2.0,3.0
1567,Aïssa Mandi,Lille,D,Lille vs Paris Saint Germain,90,7,,0.0,,,55,48.0,,1.0,2.0,1.0,1.0,0,0,3.0,6.0
1567,Aïssa Mandi,Lille,D,Nantes vs Lille,90,7.3,,0.0,,,75,69.0,,1.0,3.0,,,0,0,3.0,5.0
1567,Aïssa Mandi,Lille,D,Lille vs Metz,68,7,,0.0,,,55,51.0,,1.0,1.0,2.0,,1,0,2.0,5.0
1567,Aïssa Mandi,Lille,D,Nice vs Lille,90,7,,0.0,,,76,71.0,,2.0,2.0,,1.0,0,0,6.0,8.0
1567,Aïssa Mandi,Lille,D,Lille vs Angers,90,8.5,,0.0,,,75,69.0,,2.0,,,1.0,0,0,7.0,8.0
1567,Aïssa Mandi,Lille,D,Strasbourg vs Lille,90,6.9,,0.0,,,70,62.0,,2.0,1.0,2.0,,0,0,3.0,5.0
1567,Aïssa Mandi,Lille,D,Lille vs Paris FC,86,8.2,1.0,0.0,1.0,1.0,76,66.0,,1.0,1.0,,,0,0,2.0,2.0
1567,Aïssa Mandi,Lille,D,Le Havre vs Lille,39,6.9,,0.0,1.0,,33,31.0,,2.0,1.0,,,0,0,2.0,3.0
1567,Aïssa Mandi,Lille,D,Lille vs Marseille,90,7.2,,0.0,,,51,46.0,,1.0,3.0,1.0,1.0,0,0,3.0,5.0
1567,Aïssa Mandi,Lille,D,Auxerre vs Lille,90,7.2,,0.0,,,71,65.0,,,1.0,,1.0,1,0,3.0,4.0
1567,Aïssa Mandi,Lille,D,Paris Saint Germain vs Lille,90,6.6,,0.0,,,50,45.0,,1.0,,,2.0,0,0,4.0,7.0
1567,Aïssa Mandi,Lille,D,Lille vs Strasbourg,69,6.2,,0.0,,,41,39.0,,1.0,1.0,1.0,,0,0,3.0,6.0
1567,Aïssa Mandi,Lille,D,Lyon vs Lille,90,7.3,,0.0,,,80,76.0,,2.0,1.0,,1.0,1,0,5.0,5.0
1567,Aïssa Mandi,Lille,D,Metz vs Lille,90,7.2,,0.0,,,62,56.0,,,4.0,,,0,0,3.0,5.0
1567,Aïssa Mandi,Lille,D,Angers vs Lille,90,7.7,,0.0,2.0,1.0,93,88.0,,1.0,2.0,,,0,0,4.0,5.0
99576,Osame Sahraoui,Lille,F,Lorient vs Lille,13,7.6,1.0,0.0,1.0,1.0,4,3.0,,,,,,0,0,1.0,3.0
99576,Osame Sahraoui,Lille,F,Lille vs Toulouse,9,6.6,,1.0,1.0,,6,3.0,,,,,,0,0,,
99576,Osame Sahraoui,Lille,F,Lens vs Lille,45,6.3,,0.0,1.0,,21,16.0,,1.0,,,6.0,0,0,9.0,14.0
99576,Osame Sahraoui,Lille,F,Lille vs Lyon,16,6.5,,0.0,1.0,1.0,12,10.0,,,,1.0,,0,0,,3.0
99576,Osame Sahraoui,Lille,F,Lille vs Paris Saint Germain,24,6.9,,0.0,,,12,10.0,,,1.0,,1.0,0,0,2.0,2.0
99576,Osame Sahraoui,Lille,F,Nantes vs Lille,8,7,,1.0,,,3,3.0,,,,,1.0,0,0,1.0,1.0
99576,Osame Sahraoui,Lille,F,Lille vs Metz,22,6.6,,0.0,1.0,1.0,17,14.0,,,,2.0,2.0,0,0,2.0,4.0
99576,Osame Sahraoui,Lille,F,Nice vs Lille,21,6.6,,0.0,,,20,15.0,,,,,1.0,0,0,2.0,2.0
99576,Osame Sahraoui,Lille,F,Lille vs Angers,12,6.7,,0.0,,,14,11.0,,,,,1.0,0,0,3.0,3.0
99576,Osame Sahraoui,Lille,F,Strasbourg vs Lille,14,6.7,,0.0,,,9,9.0,,1.0,,,1.0,0,0,2.0,4.0
99576,Osame Sahraoui,Lille,F,Lille vs Paris FC,73,7.2,,0.0,,,36,31.0,,1.0,1.0,,5.0,0,0,10.0,14.0
99576,Osame Sahraoui,Lille,F,Le Havre vs Lille,72,6.2,,0.0,1.0,,31,22.0,,,,,2.0,0,0,4.0,12.0
99576,Osame Sahraoui,Lille,F,Lille vs Marseille,70,6.9,,0.0,,,24,20.0,,1.0,1.0,,2.0,0,0,4.0,11.0
99576,Osame Sahraoui,Lille,F,Auxerre vs Lille,45,6.3,,0.0,1.0,1.0,16,15.0,,1.0,,,2.0,0,0,3.0,6.0
99576,Osame Sahraoui,Lille,F,Lille vs Rennes,10,6.7,,0.0,,,4,2.0,,,,,,0,0,,2.0
99576,Osame Sahraoui,Lille,F,Paris Saint Germain vs Lille,13,6.3,,0.0,,,11,9.0,,,,,,0,0,,1.0
334878,Ugo Raghouber,Lille,M,Lorient vs Lille,10,6.3,,0.0,,,6,4.0,,,,,,0,0,,1.0
319919,Oussama El Azzouzi,Auxerre,M,Nantes vs Auxerre,18,6.7,,0.0,,,17,17.0,,,,1.0,1.0,1,0,1.0,3.0
319919,Oussama El Azzouzi,Auxerre,M,Rennes vs Auxerre,77,7.2,,0.0,,,38,36.0,,4.0,2.0,2.0,1.0,0,0,7.0,11.0
319919,Oussama El Azzouzi,Auxerre,M,Auxerre vs Le Havre,90,6.2,,0.0,,,47,39.0,,,1.0,5.0,1.0,0,0,2.0,11.0
319919,Oussama El Azzouzi,Auxerre,M,Strasbourg vs Auxerre,14,6.7,,0.0,,,5,4.0,,,,,,0,0,,
319919,Oussama El Azzouzi,Auxerre,M,Auxerre vs Lyon,89,7,,0.0,,,24,22.0,,2.0,4.0,,,0,0,4.0,8.0
319919,Oussama El Azzouzi,Auxerre,M,Paris FC vs Auxerre,85,6.3,,0.0,,,46,41.0,,1.0,2.0,4.0,,0,0,4.0,10.0
319919,Oussama El Azzouzi,Auxerre,M,Auxerre vs Metz,89,8.3,1.0,0.0,3.0,1.0,48,45.0,,,2.0,3.0,1.0,0,0,4.0,8.0
319919,Oussama El Azzouzi,Auxerre,M,Auxerre vs Lille,88,6.3,,0.0,,,31,30.0,,4.0,1.0,2.0,,0,1,5.0,12.0
319919,Oussama El Azzouzi,Auxerre,M,Lens vs Auxerre,88,7.2,,0.0,,,51,43.0,,3.0,2.0,1.0,3.0,0,0,6.0,11.0
319919,Oussama El Azzouzi,Auxerre,M,Auxerre vs Paris Saint Germain,90,6.6,,0.0,1.0,,30,26.0,,3.0,1.0,,,0,0,5.0,9.0
319919,Oussama El Azzouzi,Auxerre,M,Toulouse vs Auxerre,85,7.2,,0.0,,,49,47.0,,2.0,1.0,,,0,0,4.0,6.0
489905,Seny Koumbassa,Toulouse,D,Toulouse vs Paris Saint Germain,11,6.9,,0.0,,,2,2.0,,1.0,,,,0,0,1.0,1.0
489905,Seny Koumbassa,Toulouse,D,Toulouse vs Lens,47,6.5,,0.0,,,12,8.0,,1.0,1.0,,,0,0,1.0,1.0
489905,Seny Koumbassa,Toulouse,D,Toulouse vs Nice,8,6.7,,0.0,,,9,8.0,,,,1.0,,0,0,,1.0
126757,Lilian Brassier,Rennes,D,Angers vs Rennes,83,7.3,,0.0,,,78,73.0,,2.0,1.0,,,0,0,3.0,7.0
126757,Lilian Brassier,Rennes,D,Nantes vs Rennes,45,6.3,,0.0,,,24,20.0,,1.0,,,,0,0,2.0,3.0
126757,Lilian Brassier,Rennes,D,Le Havre vs Rennes,90,6.6,,0.0,,,73,61.0,,3.0,,,1.0,0,0,6.0,10.0
126757,Lilian Brassier,Rennes,D,Rennes vs Nice,90,6.3,,0.0,,,67,63.0,,1.0,4.0,2.0,1.0,0,0,3.0,5.0
126757,Lilian Brassier,Rennes,D,Toulouse vs Rennes,90,6,,0.0,1.0,,44,30.0,,,1.0,1.0,,0,0,2.0,7.0
126757,Lilian Brassier,Rennes,D,Rennes vs Strasbourg,90,6.9,,0.0,,,46,40.0,,1.0,,,1.0,0,0,2.0,3.0
126757,Lilian Brassier,Rennes,D,Paris FC vs Rennes,90,7.2,,0.0,,,49,40.0,,2.0,1.0,,1.0,0,0,4.0,6.0
126757,Lilian Brassier,Rennes,D,Rennes vs Monaco,90,7.3,,0.0,,,54,47.0,,1.0,1.0,,5.0,0,0,7.0,9.0
126757,Lilian Brassier,Rennes,D,Metz vs Rennes,62,7,,0.0,,,46,34.0,,2.0,2.0,1.0,,0,0,2.0,3.0
126757,Lilian Brassier,Rennes,D,Paris Saint Germain vs Rennes,90,6.2,,0.0,,,39,31.0,,2.0,2.0,,1.0,0,0,4.0,8.0
126757,Lilian Brassier,Rennes,D,Rennes vs Stade Brestois 29,90,6.3,,0.0,,,59,47.0,,1.0,2.0,1.0,1.0,0,0,3.0,5.0
126757,Lilian Brassier,Rennes,D,Lille vs Rennes,90,6.9,,1.0,1.0,,69,62.0,,,1.0,4.0,,0,0,,6.0
126757,Lilian Brassier,Rennes,D,Rennes vs Le Havre,101,6.7,,,,,54,40.0,,1.0,1.0,2.0,1.0,0,0,4.0,8.0
126757,Lilian Brassier,Rennes,D,Rennes vs Lorient,90,6.2,,0.0,2.0,,83,72.0,,1.0,2.0,1.0,,0,0,4.0,6.0
126757,Lilian Brassier,Rennes,D,Monaco vs Rennes,56,6.2,,0.0,,,38,33.0,,,,1.0,,1,0,1.0,3.0
126757,Lilian Brassier,Rennes,D,Lens vs Rennes,26,7.3,,0.0,,,33,30.0,,1.0,,2.0,1.0,0,0,6.0,8.0
126757,Lilian Brassier,Rennes,D,Rennes vs Paris Saint Germain,90,7.3,,0.0,,,23,18.0,,3.0,3.0,1.0,2.0,0,0,6.0,9.0
126757,Lilian Brassier,Rennes,D,Auxerre vs Rennes,90,6.9,,0.0,,,57,49.0,,1.0,1.0,2.0,,0,0,2.0,5.0
237249,Mikayil Faye,Rennes,D,Angers vs Rennes,12,6.6,,0.0,,,9,7.0,,,,,,0,0,1.0,1.0
68483,Bertuğ Yıldırım,Rennes,F,Angers vs Rennes,2,,,0.0,,,4,2.0,,,,,,0,0,,
7313,Philipp Köhn,Monaco,G,Monaco vs Strasbourg,11,6.9,,0.0,,,6,4.0,,,,,,0,0,,
7313,Philipp Köhn,Monaco,G,Auxerre vs Monaco,90,6.9,,0.0,,,20,17.0,,,,,,0,0,,
7313,Philipp Köhn,Monaco,G,Monaco vs Metz,90,7.3,,0.0,,,18,15.0,,,,,,0,0,,
7313,Philipp Köhn,Monaco,G,Lorient vs Monaco,90,7,,0.0,,,13,13.0,,,,,,0,0,,
7313,Philipp Köhn,Monaco,G,Monaco vs Nice,90,6.2,,0.0,,,22,19.0,,,,,,0,0,,
7313,Philipp Köhn,Monaco,G,Angers vs Monaco,90,6.9,,0.0,,,35,34.0,,,1.0,,1.0,0,0,2.0,2.0
7313,Philipp Köhn,Monaco,G,Monaco vs Toulouse,90,7.6,,0.0,,,35,23.0,,,,,,0,0,2.0,2.0
7313,Philipp Köhn,Monaco,G,Nantes vs Monaco,90,6.3,,0.0,,,23,17.0,,,,,,1,0,,1.0
7313,Philipp Köhn,Monaco,G,Monaco vs Paris FC,90,6.5,,0.0,,,21,18.0,,,,,,0,0,,
7313,Philipp Köhn,Monaco,G,Monaco vs Lens,90,6.6,,0.0,,,33,25.0,,,,,,0,0,1.0,1.0
7313,Philipp Köhn,Monaco,G,Monaco vs Lyon,78,7.3,,0.0,,,24,21.0,,,,,,0,0,1.0,1.0
7313,Philipp Köhn,Monaco,G,Monaco vs Lorient,90,5.9,,0.0,,,21,17.0,,,,,,0,0,,
7313,Philipp Köhn,Monaco,G,Le Havre vs Monaco,90,6.9,,0.0,,,17,14.0,,,,,,0,0,,
7313,Philipp Köhn,Monaco,G,Monaco vs Rennes,90,7.2,,0.0,,,35,24.0,,,,,,0,0,,
7313,Philipp Köhn,Monaco,G,Nice vs Monaco,90,7.7,,0.0,,,35,24.0,,,,,1.0,0,0,1.0,1.0
7313,Philipp Köhn,Monaco,G,Monaco vs Nantes,90,6.5,,0.0,,,23,10.0,,,,,,0,0,1.0,1.0
7313,Philipp Köhn,Monaco,G,Lens vs Monaco,90,6.7,,0.0,,,32,23.0,,,,,,0,0,1.0,1.0
395762,Mathis Amougou,Strasbourg,M,Monaco vs Strasbourg,71,6.9,,0.0,,,28,27.0,,3.0,1.0,,,0,0,3.0,3.0
395762,Mathis Amougou,Strasbourg,M,Strasbourg vs Le Havre,45,7.2,,0.0,1.0,1.0,12,8.0,,1.0,,,2.0,0,0,3.0,4.0
395762,Mathis Amougou,Strasbourg,M,Paris FC vs Strasbourg,17,6.5,,0.0,1.0,,4,3.0,,,,,1.0,0,0,2.0,3.0
395762,Mathis Amougou,Strasbourg,M,Strasbourg vs Auxerre,28,6.6,,0.0,,,20,19.0,,3.0,,,,0,0,3.0,5.0
395762,Mathis Amougou,Strasbourg,M,Rennes vs Strasbourg,38,6.6,,0.0,,,37,35.0,,1.0,,,,0,0,2.0,4.0
395762,Mathis Amougou,Strasbourg,M,Lens vs Strasbourg,29,6.3,,0.0,,,19,18.0,,,,1.0,,0,0,,3.0
395762,Mathis Amougou,Strasbourg,M,Toulouse vs Strasbourg,29,6.6,,0.0,,,18,18.0,,1.0,,,,0,0,1.0,1.0
395762,Mathis Amougou,Strasbourg,M,Nice vs Strasbourg,9,6.6,,0.0,,,6,5.0,,1.0,,1.0,,1,0,1.0,2.0
387120,Rabby Nzingoula,Strasbourg,M,Monaco vs Strasbourg,7,5.2,,0.0,,,3,2.0,,,,1.0,,0,1,,2.0
387120,Rabby Nzingoula,Strasbourg,M,Rennes vs Strasbourg,29,6.3,,0.0,,,15,12.0,,1.0,1.0,2.0,1.0,0,0,2.0,4.0
387120,Rabby Nzingoula,Strasbourg,M,Strasbourg vs Lille,14,6.9,,0.0,,,1,1.0,,1.0,,,1.0,0,0,3.0,4.0
387120,Rabby Nzingoula,Strasbourg,M,Lens vs Strasbourg,12,6.5,,0.0,,,1,1.0,,,,,,0,0,,3.0
20521,Thomas Delaine,Le Havre,D,Le Havre vs Nice,23,6.6,,0.0,,,9,6.0,,,,1.0,,0,0,,1.0
20521,Thomas Delaine,Le Havre,D,Le Havre vs Lorient,85,6.6,,0.0,,,68,52.0,,,2.0,1.0,,0,0,,1.0
20521,Thomas Delaine,Le Havre,D,Metz vs Le Havre,14,6.6,,0.0,1.0,,4,3.0,,,,,,0,0,1.0,1.0
20521,Thomas Delaine,Le Havre,D,Le Havre vs Stade Brestois 29,65,6.9,,0.0,,,37,28.0,,2.0,1.0,,1.0,0,0,4.0,6.0
20521,Thomas Delaine,Le Havre,D,Toulouse vs Le Havre,13,6.7,,0.0,,,4,1.0,,,,,,0,0,,1.0
1914,Morgan Sanson,Nice,M,Le Havre vs Nice,8,6.3,,0.0,,,4,4.0,,,,,1.0,0,0,1.0,2.0
1914,Morgan Sanson,Nice,M,Nice vs Nantes,28,6.7,,0.0,,,13,13.0,,1.0,,3.0,1.0,0,0,2.0,7.0
1914,Morgan Sanson,Nice,M,Stade Brestois 29 vs Nice,17,6.5,,0.0,1.0,,11,10.0,,,,,,0,0,1.0,3.0
1914,Morgan Sanson,Nice,M,Nice vs Paris FC,12,6.3,,0.0,,,3,3.0,,1.0,,1.0,,0,0,1.0,6.0
1914,Morgan Sanson,Nice,M,Monaco vs Nice,18,6.3,,0.0,,,6,3.0,,,,,,0,0,,1.0
1914,Morgan Sanson,Nice,M,Nice vs Lyon,17,6.7,,0.0,,,3,2.0,,,,,,0,0,,
1914,Morgan Sanson,Nice,M,Rennes vs Nice,13,6.7,,0.0,,,2,1.0,,1.0,,,,0,0,1.0,1.0
1914,Morgan Sanson,Nice,M,Nice vs Lille,11,6.9,,1.0,,,4,4.0,,,,,,0,0,,
1914,Morgan Sanson,Nice,M,Paris Saint Germain vs Nice,71,6.7,,0.0,,,4,4.0,,,,,1.0,0,0,3.0,5.0
1914,Morgan Sanson,Nice,M,Metz vs Nice,11,6.2,,0.0,,,6,5.0,,1.0,,1.0,1.0,0,0,2.0,3.0
1914,Morgan Sanson,Nice,M,Nice vs Marseille,23,6.5,,0.0,,,6,6.0,,,,,,0,0,,2.0
1914,Morgan Sanson,Nice,M,Lorient vs Nice,22,6.3,,0.0,,,9,6.0,,,,2.0,,0,0,,2.0
1914,Morgan Sanson,Nice,M,Nice vs Angers,63,6.7,,0.0,1.0,,23,18.0,,,1.0,,,0,0,2.0,4.0
1914,Morgan Sanson,Nice,M,Lens vs Nice,70,6.5,,0.0,,,26,18.0,,2.0,1.0,,,0,0,3.0,8.0
1914,Morgan Sanson,Nice,M,Nice vs Strasbourg,81,6.7,,0.0,2.0,1.0,20,15.0,,3.0,2.0,1.0,2.0,0,0,6.0,9.0
1914,Morgan Sanson,Nice,M,Toulouse vs Nice,90,5.3,,0.0,2.0,1.0,45,36.0,,2.0,1.0,6.0,,1,0,2.0,11.0
1914,Morgan Sanson,Nice,M,Nantes vs Nice,89,6.9,,1.0,,,24,17.0,,1.0,1.0,1.0,1.0,1,0,4.0,9.0
1914,Morgan Sanson,Nice,M,Nice vs Stade Brestois 29,90,6.7,,0.0,1.0,1.0,38,31.0,,,1.0,3.0,1.0,0,0,3.0,11.0
1914,Morgan Sanson,Nice,M,Nice vs Monaco,84,7.5,,0.0,1.0,,34,32.0,,2.0,4.0,1.0,,0,0,5.0,9.0
1914,Morgan Sanson,Nice,M,Lyon vs Nice,83,6.5,,0.0,,,39,32.0,,3.0,1.0,3.0,,1,0,4.0,9.0
1914,Morgan Sanson,Nice,M,Nice vs Lorient,90,6.6,,0.0,,,36,30.0,,3.0,1.0,1.0,,0,0,5.0,8.0
1800,Kevin Trapp,Paris FC,G,Paris FC vs Metz,90,6.2,,0.0,,,31,24.0,,,,,1.0,0,0,1.0,1.0
1800,Kevin Trapp,Paris FC,G,Monaco vs Paris FC,90,7.2,,0.0,,,49,32.0,,,,,,0,0,,
1800,Kevin Trapp,Paris FC,G,Lille vs Paris FC,90,6.9,,0.0,,,44,27.0,,,1.0,,,0,0,,
1800,Kevin Trapp,Paris FC,G,Le Havre vs Paris FC,90,7,,0.0,,,51,44.0,,,,,,0,0,1.0,1.0
1800,Kevin Trapp,Paris FC,G,Paris FC vs Toulouse,90,6.9,,0.0,,,35,32.0,,,,,,0,0,,
1800,Kevin Trapp,Paris FC,G,Paris Saint Germain vs Paris FC,90,5.9,,0.0,,,35,21.0,,,,,1.0,0,0,1.0,1.0
1800,Kevin Trapp,Paris FC,G,Nantes vs Paris FC,90,6.3,,0.0,,,33,21.0,,,,,,0,0,,
1800,Kevin Trapp,Paris FC,G,Paris FC vs Angers,90,7.2,,0.0,,,33,33.0,,,,,,0,0,,
1800,Kevin Trapp,Paris FC,G,Paris FC vs Marseille,90,6.6,,0.0,,,42,35.0,,,,,,0,0,,
1800,Kevin Trapp,Paris FC,G,Auxerre vs Paris FC,90,7.5,,0.0,,,36,29.0,,,,,,0,0,1.0,1.0
1800,Kevin Trapp,Paris FC,G,Paris FC vs Lens,90,6,,0.0,,,32,30.0,,,,,2.0,0,0,2.0,2.0
1800,Kevin Trapp,Paris FC,G,Toulouse vs Paris FC,90,9.3,,0.0,,,47,36.0,,,,,,1,0,,
8474,Thibault De Smet,Paris FC,D,Paris FC vs Metz,77,6.2,,0.0,1.0,,33,26.0,,1.0,1.0,,,0,0,2.0,4.0
8474,Thibault De Smet,Paris FC,D,Stade Brestois 29 vs Paris FC,90,6.9,,0.0,,,55,50.0,,3.0,,1.0,3.0,0,0,7.0,11.0
8474,Thibault De Smet,Paris FC,D,Paris FC vs Strasbourg,21,6.3,,0.0,1.0,,19,19.0,,,,,2.0,0,0,2.0,3.0
8474,Thibault De Smet,Paris FC,D,Nice vs Paris FC,90,6.5,,0.0,,,61,49.0,,,,1.0,,0,0,1.0,3.0
8474,Thibault De Smet,Paris FC,D,Paris FC vs Lorient,90,6.7,,0.0,,,58,53.0,,,,2.0,1.0,0,0,2.0,4.0
8474,Thibault De Smet,Paris FC,D,Lens vs Paris FC,45,6.6,,0.0,,,38,35.0,,2.0,,,1.0,0,0,3.0,3.0
8474,Thibault De Smet,Paris FC,D,Paris FC vs Nantes,90,6.3,,0.0,,,37,32.0,,2.0,1.0,1.0,,1,0,6.0,10.0
8474,Thibault De Smet,Paris FC,D,Paris FC vs Lyon,67,6,,1.0,,,33,25.0,,4.0,,3.0,3.0,2,1,7.0,11.0
8474,Thibault De Smet,Paris FC,D,Paris FC vs Rennes,87,6.3,,0.0,1.0,,36,30.0,,,1.0,1.0,1.0,1,0,1.0,3.0
8474,Thibault De Smet,Paris FC,D,Lille vs Paris FC,90,6.2,,0.0,,,41,36.0,,1.0,2.0,,1.0,0,0,3.0,4.0
8474,Thibault De Smet,Paris FC,D,Paris FC vs Auxerre,79,6.3,,0.0,,,32,26.0,,1.0,,1.0,,0,0,2.0,6.0
8474,Thibault De Smet,Paris FC,D,Le Havre vs Paris FC,18,6.7,,0.0,,,7,6.0,,,,,,0,0,,
8474,Thibault De Smet,Paris FC,D,Paris FC vs Toulouse,13,6.3,,0.0,,,9,8.0,,1.0,,,,0,0,1.0,3.0
8474,Thibault De Smet,Paris FC,D,Paris Saint Germain vs Paris FC,89,6.9,,0.0,,,24,18.0,,4.0,,,1.0,0,0,5.0,7.0
8474,Thibault De Smet,Paris FC,D,Toulouse vs Paris FC,23,6.7,,0.0,,,5,4.0,,1.0,2.0,,,0,0,3.0,3.0
363792,Terry Yegbe,Metz,D,Paris FC vs Metz,77,5.6,,0.0,,,29,20.0,,2.0,1.0,,,0,0,4.0,5.0
363792,Terry Yegbe,Metz,D,Metz vs Angers,90,7.2,,0.0,1.0,1.0,85,77.0,,3.0,,,,0,0,3.0,3.0
363792,Terry Yegbe,Metz,D,Monaco vs Metz,90,5.2,,0.0,,,65,55.0,,2.0,1.0,3.0,,0,0,2.0,7.0
363792,Terry Yegbe,Metz,D,Metz vs Le Havre,90,7.3,,0.0,,,56,52.0,,,1.0,,1.0,0,0,1.0,1.0
363792,Terry Yegbe,Metz,D,Metz vs Marseille,90,6,,0.0,,,43,38.0,,,2.0,,,0,0,,
363792,Terry Yegbe,Metz,D,Toulouse vs Metz,45,6.2,,0.0,,,38,34.0,,,1.0,,,0,0,,2.0
363792,Terry Yegbe,Metz,D,Lille vs Metz,90,5.3,,0.0,,,37,35.0,,1.0,2.0,,1.0,0,0,2.0,4.0
363792,Terry Yegbe,Metz,D,Metz vs Lens,90,6.9,,0.0,,,57,50.0,,1.0,,,1.0,0,0,3.0,4.0
363792,Terry Yegbe,Metz,D,Nantes vs Metz,90,7,,0.0,1.0,,50,41.0,,,1.0,1.0,,0,0,2.0,4.0
363792,Terry Yegbe,Metz,D,Metz vs Nice,90,7,,0.0,,,50,44.0,,,2.0,,1.0,0,0,3.0,3.0
363792,Terry Yegbe,Metz,D,Stade Brestois 29 vs Metz,90,6.2,,1.0,,,59,50.0,,,,1.0,,0,0,2.0,5.0
363792,Terry Yegbe,Metz,D,Metz vs Rennes,90,6.7,,0.0,2.0,,64,52.0,,,1.0,2.0,,0,0,2.0,5.0
363792,Terry Yegbe,Metz,D,Metz vs Paris Saint Germain,74,6.7,,0.0,,,42,36.0,,1.0,1.0,2.0,1.0,0,0,3.0,7.0
363792,Terry Yegbe,Metz,D,Strasbourg vs Metz,90,6.2,,0.0,,,64,58.0,,,1.0,1.0,1.0,1,0,2.0,4.0
363792,Terry Yegbe,Metz,D,Metz vs Lyon,62,6,,0.0,,,35,31.0,,,,1.0,1.0,0,0,1.0,3.0
363792,Terry Yegbe,Metz,D,Angers vs Metz,90,6.5,,0.0,,,36,30.0,,1.0,1.0,2.0,,1,0,3.0,6.0
363792,Terry Yegbe,Metz,D,Paris Saint Germain vs Metz,90,6.9,,0.0,,,29,26.0,,3.0,,2.0,,0,0,3.0,5.0
31057,Hamed Junior Traorè,Marseille,M,Lyon vs Marseille,86,6.6,,0.0,1.0,1.0,16,12.0,,1.0,,1.0,2.0,0,0,5.0,8.0
31057,Hamed Junior Traorè,Marseille,M,Marseille vs Nantes,17,6.2,,0.0,,,9,6.0,,1.0,,1.0,,0,0,1.0,5.0
31057,Hamed Junior Traorè,Marseille,M,Angers vs Marseille,61,7.6,1.0,1.0,2.0,1.0,31,30.0,,1.0,1.0,,,0,0,1.0,5.0
31057,Hamed Junior Traorè,Marseille,M,Marseille vs Lens,74,6.5,,0.0,,,27,25.0,,,,1.0,1.0,0,0,2.0,6.0
31057,Hamed Junior Traorè,Marseille,M,Paris FC vs Marseille,23,6.3,,0.0,,,8,6.0,,1.0,,1.0,1.0,1,0,3.0,4.0
31057,Hamed Junior Traorè,Marseille,M,Stade Brestois 29 vs Marseille,19,7,,0.0,1.0,1.0,10,10.0,,1.0,,1.0,,0,0,2.0,4.0
51295,Derek Cornelius,Marseille,D,Lyon vs Marseille,56,6.9,,0.0,,,14,12.0,,,1.0,,2.0,0,0,2.0,3.0
30525,Pol Lirola,Marseille,D,Lyon vs Marseille,18,6.2,,0.0,,,5,4.0,,,,,,0,0,1.0,3.0
30525,Pol Lirola,Marseille,D,Marseille vs Angers,12,6.2,,0.0,,,2,1.0,,,,1.0,1.0,0,0,3.0,5.0
30525,Pol Lirola,Marseille,D,Auxerre vs Marseille,12,6.7,,0.0,,,5,5.0,,,1.0,,1.0,0,0,1.0,4.0
36827,Jeffrey de Lange,Marseille,G,Marseille vs Lorient,90,6.6,,0.0,,,8,8.0,,,,,,0,0,,
36827,Jeffrey de Lange,Marseille,G,Marseille vs Le Havre,90,6.2,,0.0,,,24,22.0,,,,,,0,0,,
36827,Jeffrey de Lange,Marseille,G,Nice vs Marseille,90,8.3,,0.0,,,50,40.0,,,,,,0,0,,
36827,Jeffrey de Lange,Marseille,G,Paris Saint Germain vs Marseille,90,5.6,,0.0,,,30,18.0,,,,,,0,0,,1.0
2725,Benjamin Pavard,Marseille,D,Marseille vs Lorient,78,8.3,1.0,0.0,1.0,1.0,99,94.0,,1.0,,1.0,,1,0,3.0,6.0
2725,Benjamin Pavard,Marseille,D,Marseille vs Paris Saint Germain,90,7,,0.0,,,16,14.0,,,,2.0,,1,0,1.0,3.0
2725,Benjamin Pavard,Marseille,D,Strasbourg vs Marseille,11,7,,0.0,,,3,2.0,,,,,,0,0,1.0,1.0
2725,Benjamin Pavard,Marseille,D,Metz vs Marseille,90,7.5,,0.0,1.0,,69,66.0,,1.0,4.0,,1.0,0,0,4.0,5.0
2725,Benjamin Pavard,Marseille,D,Marseille vs Le Havre,90,7.6,,1.0,,,96,90.0,,3.0,,1.0,1.0,0,0,5.0,7.0
2725,Benjamin Pavard,Marseille,D,Lens vs Marseille,61,5.2,,0.0,1.0,1.0,57,52.0,,1.0,,1.0,,1,0,3.0,4.0
2725,Benjamin Pavard,Marseille,D,Marseille vs Angers,45,6.3,,0.0,,,22,21.0,,,,,,0,0,,
2725,Benjamin Pavard,Marseille,D,Auxerre vs Marseille,90,7.3,,0.0,1.0,,60,56.0,,2.0,,1.0,,0,0,5.0,8.0
2725,Benjamin Pavard,Marseille,D,Marseille vs Stade Brestois 29,90,7.3,,0.0,,,86,82.0,,2.0,1.0,,1.0,0,0,4.0,9.0
2725,Benjamin Pavard,Marseille,D,Nice vs Marseille,90,6.7,,1.0,1.0,1.0,57,49.0,,,1.0,1.0,,0,0,,1.0
2725,Benjamin Pavard,Marseille,D,Marseille vs Toulouse,90,6.2,,0.0,,,76,73.0,,1.0,3.0,,1.0,0,0,3.0,5.0
2725,Benjamin Pavard,Marseille,D,Lille vs Marseille,66,6.7,,0.0,,,34,31.0,,2.0,1.0,,1.0,0,0,4.0,6.0
2725,Benjamin Pavard,Marseille,D,Marseille vs Monaco,58,7.3,,0.0,,,37,35.0,,1.0,,,,0,0,2.0,4.0
2725,Benjamin Pavard,Marseille,D,Marseille vs Nantes,90,6.2,,0.0,,,36,35.0,,,2.0,1.0,2.0,0,0,2.0,4.0
2725,Benjamin Pavard,Marseille,D,Marseille vs Lens,16,6.5,,0.0,,,8,8.0,,,,,,0,0,,
2725,Benjamin Pavard,Marseille,D,Paris Saint Germain vs Marseille,62,6.9,,0.0,,,23,21.0,,1.0,1.0,,1.0,0,0,5.0,6.0
2725,Benjamin Pavard,Marseille,D,Marseille vs Strasbourg,90,6,,0.0,,,34,30.0,,,1.0,1.0,,1,0,1.0,3.0
2725,Benjamin Pavard,Marseille,D,Stade Brestois 29 vs Marseille,90,6.7,,0.0,1.0,,104,98.0,,,,3.0,1.0,0,0,3.0,11.0
21694,Nayef Aguerd,Marseille,D,Marseille vs Lorient,90,9.3,1.0,0.0,1.0,1.0,119,114.0,,1.0,2.0,2.0,,0,0,10.0,15.0
21694,Nayef Aguerd,Marseille,D,Marseille vs Paris Saint Germain,90,8.2,,0.0,1.0,,35,28.0,,2.0,,1.0,,0,0,5.0,7.0
21694,Nayef Aguerd,Marseille,D,Strasbourg vs Marseille,90,6.7,,0.0,,,92,84.0,,,2.0,1.0,1.0,1,0,1.0,2.0
21694,Nayef Aguerd,Marseille,D,Metz vs Marseille,90,7.2,,0.0,,,91,86.0,,1.0,1.0,1.0,,0,0,2.0,4.0
21694,Nayef Aguerd,Marseille,D,Marseille vs Le Havre,90,7,,0.0,,,94,90.0,,1.0,1.0,3.0,2.0,0,0,7.0,11.0
21694,Nayef Aguerd,Marseille,D,Lens vs Marseille,90,7.2,,0.0,,,129,123.0,,4.0,1.0,,,0,0,5.0,7.0
21694,Nayef Aguerd,Marseille,D,Marseille vs Angers,90,7.2,,0.0,,,118,114.0,,2.0,1.0,1.0,,1,0,4.0,6.0
21694,Nayef Aguerd,Marseille,D,Marseille vs Stade Brestois 29,79,6.9,,0.0,,,59,58.0,,2.0,1.0,2.0,,0,0,3.0,9.0
21694,Nayef Aguerd,Marseille,D,Marseille vs Toulouse,76,6.9,,0.0,1.0,,96,95.0,,1.0,1.0,2.0,1.0,0,0,6.0,10.0
21694,Nayef Aguerd,Marseille,D,Lille vs Marseille,90,6.9,,0.0,,,89,84.0,,,3.0,,,0,0,1.0,5.0
21694,Nayef Aguerd,Marseille,D,Marseille vs Monaco,90,7.9,,0.0,,,60,48.0,,,,2.0,,0,0,2.0,5.0
21694,Nayef Aguerd,Marseille,D,Marseille vs Lens,74,7.2,,0.0,,,83,80.0,,3.0,1.0,,1.0,0,0,4.0,5.0
21694,Nayef Aguerd,Marseille,D,Paris FC vs Marseille,90,6.7,,0.0,1.0,,68,57.0,,2.0,1.0,1.0,,0,0,4.0,6.0
21694,Nayef Aguerd,Marseille,D,Marseille vs Strasbourg,90,6.2,,0.0,,,45,38.0,,,4.0,2.0,,1,0,4.0,8.0
21694,Nayef Aguerd,Marseille,D,Stade Brestois 29 vs Marseille,90,6.7,,0.0,1.0,,78,71.0,,1.0,1.0,1.0,1.0,0,0,6.0,11.0
6231,Facundo Medina,Marseille,D,Marseille vs Lorient,61,7.2,,0.0,,,75,72.0,,1.0,,3.0,,0,0,1.0,4.0
6231,Facundo Medina,Marseille,D,Strasbourg vs Marseille,85,7.2,,0.0,,,58,55.0,,3.0,,,3.0,0,0,7.0,9.0
6231,Facundo Medina,Marseille,D,Marseille vs Nantes,45,6.6,,0.0,,,41,41.0,,1.0,,,,0,0,2.0,4.0
6231,Facundo Medina,Marseille,D,Angers vs Marseille,90,7,,0.0,,,99,94.0,,3.0,2.0,,,0,0,5.0,5.0
6231,Facundo Medina,Marseille,D,Marseille vs Lens,90,6.9,,0.0,,,85,74.0,,2.0,2.0,1.0,1.0,0,0,3.0,5.0
6231,Facundo Medina,Marseille,D,Paris FC vs Marseille,90,6.2,,0.0,,,52,45.0,,,1.0,4.0,1.0,1,0,2.0,6.0
6231,Facundo Medina,Marseille,D,Paris Saint Germain vs Marseille,90,5.2,,0.0,1.0,,59,53.0,,1.0,2.0,2.0,1.0,0,0,2.0,5.0
6231,Facundo Medina,Marseille,D,Marseille vs Strasbourg,15,6.3,,0.0,,,2,2.0,,,,,,0,0,,
19030,Matt O'Riley,Marseille,M,Marseille vs Lorient,46,7.3,,0.0,,,32,29.0,,3.0,,2.0,,0,0,3.0,7.0
19030,Matt O'Riley,Marseille,M,Marseille vs Paris Saint Germain,90,6.5,,0.0,,,30,25.0,,1.0,1.0,3.0,,0,0,3.0,10.0
19030,Matt O'Riley,Marseille,M,Strasbourg vs Marseille,85,6.5,,0.0,,,65,57.0,,,2.0,2.0,,1,0,,4.0
19030,Matt O'Riley,Marseille,M,Metz vs Marseille,85,8.7,1.0,1.0,3.0,2.0,64,60.0,,,1.0,,,0,0,,2.0
19030,Matt O'Riley,Marseille,M,Marseille vs Le Havre,65,6.6,,0.0,,,45,39.0,,1.0,,1.0,,0,0,2.0,5.0
19030,Matt O'Riley,Marseille,M,Lens vs Marseille,74,6.7,,0.0,1.0,,68,64.0,,3.0,1.0,,,0,0,3.0,5.0
19030,Matt O'Riley,Marseille,M,Marseille vs Angers,45,6.6,,0.0,,,26,25.0,,,,2.0,,0,0,,4.0
19030,Matt O'Riley,Marseille,M,Auxerre vs Marseille,90,6.3,,0.0,,,40,31.0,,2.0,,1.0,,1,0,3.0,6.0
19030,Matt O'Riley,Marseille,M,Marseille vs Stade Brestois 29,20,7.2,,1.0,,,11,11.0,,,,,1.0,0,0,1.0,1.0
19030,Matt O'Riley,Marseille,M,Nice vs Marseille,20,6.9,,0.0,,,11,9.0,,2.0,,,,0,0,2.0,2.0
19030,Matt O'Riley,Marseille,M,Marseille vs Monaco,45,6.2,,0.0,2.0,1.0,16,13.0,,,,,,0,0,,2.0
19030,Matt O'Riley,Marseille,M,Marseille vs Nantes,29,6.5,,0.0,,,20,16.0,,,,1.0,,0,0,,2.0
19030,Matt O'Riley,Marseille,M,Angers vs Marseille,28,6.2,,0.0,,,8,6.0,,3.0,1.0,1.0,,0,0,3.0,8.0
19030,Matt O'Riley,Marseille,M,Marseille vs Lens,16,6.3,,0.0,,,7,6.0,,2.0,,2.0,,0,0,2.0,4.0
2284,Emerson Palmieri,Marseille,D,Marseille vs Lorient,29,6.9,,0.0,,,37,36.0,,1.0,,,,0,0,1.0,3.0
2284,Emerson Palmieri,Marseille,D,Marseille vs Paris Saint Germain,90,6.3,,0.0,1.0,,20,15.0,,2.0,,3.0,,0,0,3.0,10.0
2284,Emerson Palmieri,Marseille,D,Strasbourg vs Marseille,32,7.2,,0.0,,,21,17.0,,2.0,,,,0,0,4.0,5.0
2284,Emerson Palmieri,Marseille,D,Metz vs Marseille,90,7.3,,0.0,2.0,,75,70.0,,1.0,1.0,1.0,,0,0,2.0,4.0
2284,Emerson Palmieri,Marseille,D,Marseille vs Le Havre,65,6.2,,0.0,1.0,1.0,39,35.0,,,1.0,,,0,0,1.0,3.0
2284,Emerson Palmieri,Marseille,D,Lens vs Marseille,90,6.9,,0.0,,,99,94.0,,2.0,4.0,1.0,,0,0,3.0,5.0
2284,Emerson Palmieri,Marseille,D,Marseille vs Angers,90,7.2,,1.0,,,84,78.0,,4.0,3.0,,,0,0,5.0,7.0
2284,Emerson Palmieri,Marseille,D,Auxerre vs Marseille,90,7.2,,0.0,,,48,43.0,,2.0,2.0,1.0,1.0,1,0,3.0,5.0
2284,Emerson Palmieri,Marseille,D,Marseille vs Stade Brestois 29,90,7.7,,0.0,,,56,50.0,,2.0,1.0,2.0,,0,0,3.0,7.0
2284,Emerson Palmieri,Marseille,D,Nice vs Marseille,90,6.9,,0.0,,,44,42.0,,,1.0,,1.0,0,0,2.0,4.0
2284,Emerson Palmieri,Marseille,D,Marseille vs Toulouse,89,7.2,,0.0,,,67,61.0,,2.0,6.0,,,0,0,5.0,7.0
2284,Emerson Palmieri,Marseille,D,Lille vs Marseille,90,7,,0.0,,,46,39.0,,2.0,2.0,,,0,0,3.0,6.0
2284,Emerson Palmieri,Marseille,D,Marseille vs Monaco,90,8,,0.0,1.0,1.0,43,33.0,,2.0,1.0,,1.0,0,0,3.0,5.0
2284,Emerson Palmieri,Marseille,D,Marseille vs Nantes,90,7.9,,0.0,,,50,47.0,,3.0,3.0,,5.0,0,0,9.0,9.0
2284,Emerson Palmieri,Marseille,D,Angers vs Marseille,89,7.3,,2.0,,,42,38.0,,,,,,0,0,,
2284,Emerson Palmieri,Marseille,D,Paris Saint Germain vs Marseille,90,6.3,,0.0,,,46,38.0,,4.0,,2.0,2.0,1,0,9.0,14.0
2284,Emerson Palmieri,Marseille,D,Marseille vs Strasbourg,90,6.3,,0.0,,,40,34.0,,5.0,,2.0,2.0,0,0,9.0,13.0
2284,Emerson Palmieri,Marseille,D,Stade Brestois 29 vs Marseille,90,6.5,,0.0,1.0,,55,52.0,,2.0,,,1.0,0,0,3.0,5.0
9363,Igor Paixão,Marseille,F,Marseille vs Lorient,29,6.7,,0.0,1.0,1.0,22,20.0,,,1.0,3.0,,1,0,2.0,5.0
9363,Igor Paixão,Marseille,F,Marseille vs Paris Saint Germain,61,6.5,,0.0,1.0,,15,10.0,,1.0,,,1.0,0,0,2.0,5.0
9363,Igor Paixão,Marseille,F,Strasbourg vs Marseille,58,6.5,,0.0,2.0,1.0,15,12.0,,1.0,,,1.0,0,0,3.0,7.0
9363,Igor Paixão,Marseille,F,Metz vs Marseille,80,8.3,1.0,0.0,2.0,2.0,33,28.0,,2.0,,,1.0,0,0,6.0,11.0
9363,Igor Paixão,Marseille,F,Marseille vs Le Havre,71,6.9,,1.0,3.0,,33,30.0,,,,1.0,1.0,0,0,4.0,10.0
9363,Igor Paixão,Marseille,F,Lens vs Marseille,90,6.2,,0.0,,,36,30.0,,1.0,,,2.0,0,0,3.0,14.0
9363,Igor Paixão,Marseille,F,Marseille vs Angers,76,6.5,,0.0,1.0,1.0,50,42.0,,,1.0,,,0,0,2.0,5.0
9363,Igor Paixão,Marseille,F,Auxerre vs Marseille,27,6.7,,0.0,1.0,,7,5.0,,,,,1.0,0,0,2.0,6.0
9363,Igor Paixão,Marseille,F,Marseille vs Stade Brestois 29,90,7.6,,0.0,2.0,1.0,35,31.0,,2.0,,1.0,1.0,0,0,7.0,10.0
9363,Igor Paixão,Marseille,F,Nice vs Marseille,89,7.6,1.0,0.0,3.0,2.0,21,20.0,,,3.0,,2.0,0,0,4.0,9.0
9363,Igor Paixão,Marseille,F,Marseille vs Toulouse,89,7.2,1.0,0.0,1.0,1.0,28,24.0,,2.0,2.0,,1.0,0,0,4.0,13.0
9363,Igor Paixão,Marseille,F,Lille vs Marseille,80,6.5,,0.0,,,27,22.0,,,1.0,,2.0,0,0,2.0,6.0
9363,Igor Paixão,Marseille,F,Marseille vs Monaco,32,6.7,,0.0,1.0,1.0,10,8.0,,,,,1.0,0,0,1.0,5.0
9363,Igor Paixão,Marseille,F,Marseille vs Nantes,31,6.7,,0.0,,,10,7.0,,1.0,,2.0,,0,0,2.0,4.0
9363,Igor Paixão,Marseille,F,Angers vs Marseille,29,7.2,1.0,0.0,3.0,1.0,12,8.0,,,,2.0,,0,0,,4.0
9363,Igor Paixão,Marseille,F,Marseille vs Lens,90,6.6,,1.0,1.0,,17,14.0,,3.0,3.0,2.0,2.0,0,0,6.0,13.0
9363,Igor Paixão,Marseille,F,Paris FC vs Marseille,79,6.9,,0.0,1.0,,22,17.0,,,,,1.0,0,0,3.0,5.0
9363,Igor Paixão,Marseille,F,Paris Saint Germain vs Marseille,45,6.6,,0.0,1.0,1.0,8,5.0,,1.0,,1.0,2.0,0,0,5.0,10.0
9363,Igor Paixão,Marseille,F,Marseille vs Strasbourg,19,6.5,,0.0,1.0,1.0,7,5.0,,,,1.0,,1,0,2.0,4.0
9363,Igor Paixão,Marseille,F,Stade Brestois 29 vs Marseille,71,6.3,,0.0,,,22,17.0,,1.0,,,,0,0,3.0,8.0
340154,Arthur Vermeeren,Marseille,M,Marseille vs Lorient,12,6.9,,1.0,,,15,15.0,,1.0,1.0,1.0,,0,0,1.0,2.0
340154,Arthur Vermeeren,Marseille,M,Metz vs Marseille,12,6.7,,0.0,,,13,13.0,,,,,,0,0,,
340154,Arthur Vermeeren,Marseille,M,Lens vs Marseille,90,6.9,,0.0,,,117,105.0,,2.0,,,,0,0,4.0,7.0
340154,Arthur Vermeeren,Marseille,M,Marseille vs Angers,45,6.9,,0.0,,,33,30.0,,2.0,,,,0,0,2.0,3.0
340154,Arthur Vermeeren,Marseille,M,Auxerre vs Marseille,27,6.5,,0.0,,,12,5.0,,2.0,1.0,1.0,,0,0,2.0,5.0
340154,Arthur Vermeeren,Marseille,M,Marseille vs Stade Brestois 29,90,7.3,,0.0,,,104,98.0,,3.0,,3.0,,0,0,4.0,11.0
340154,Arthur Vermeeren,Marseille,M,Nice vs Marseille,90,6.3,,0.0,,,37,33.0,,3.0,1.0,3.0,,0,0,4.0,10.0
340154,Arthur Vermeeren,Marseille,M,Lille vs Marseille,90,6.6,,0.0,,,56,50.0,,2.0,,2.0,1.0,1,0,5.0,7.0
340154,Arthur Vermeeren,Marseille,M,Marseille vs Monaco,81,6.3,,0.0,1.0,,41,31.0,,2.0,2.0,1.0,,0,0,3.0,7.0
340154,Arthur Vermeeren,Marseille,M,Marseille vs Nantes,26,4.7,,0.0,,,26,23.0,,,,1.0,,0,1,,2.0
340154,Arthur Vermeeren,Marseille,M,Paris FC vs Marseille,11,6.3,,0.0,,,6,6.0,,1.0,1.0,,,0,0,1.0,2.0
340154,Arthur Vermeeren,Marseille,M,Stade Brestois 29 vs Marseille,45,6.2,,0.0,,,24,22.0,,1.0,1.0,,,0,0,1.0,3.0
1142,Yvon Mvogo,Lorient,G,Marseille vs Lorient,90,5.9,,0.0,,,31,16.0,,,,,,0,0,,
1142,Yvon Mvogo,Lorient,G,Le Havre vs Lorient,90,6.5,,0.0,,,34,21.0,,,,,,0,0,1.0,1.0
1142,Yvon Mvogo,Lorient,G,Lorient vs Monaco,90,6.6,,0.0,,,31,28.0,,,,,,0,0,,
1142,Yvon Mvogo,Lorient,G,Paris FC vs Lorient,90,6.3,,0.0,,,36,28.0,,,,,,0,0,,
1142,Yvon Mvogo,Lorient,G,Lorient vs Stade Brestois 29,90,6.2,,0.0,,,21,16.0,,,,,1.0,0,0,1.0,1.0
1142,Yvon Mvogo,Lorient,G,Angers vs Lorient,90,6.2,,0.0,,,49,49.0,,,,,,0,0,,
1142,Yvon Mvogo,Lorient,G,Lorient vs Paris Saint Germain,90,8.2,,0.0,,,27,15.0,,,,,,0,0,1.0,1.0
1142,Yvon Mvogo,Lorient,G,Lens vs Lorient,90,6.6,,0.0,,,31,26.0,,,,,,0,0,,1.0
1142,Yvon Mvogo,Lorient,G,Lorient vs Toulouse,90,6.7,,0.0,,,32,26.0,,,,,,0,0,,
1142,Yvon Mvogo,Lorient,G,Nantes vs Lorient,90,6.2,,0.0,,,33,18.0,,,,,,0,0,,
1142,Yvon Mvogo,Lorient,G,Lorient vs Nice,90,7.9,,0.0,,,28,19.0,,,,,,0,0,,
1142,Yvon Mvogo,Lorient,G,Lorient vs Lyon,90,8.3,,0.0,,,40,28.0,,,,,1.0,0,0,3.0,3.0
1142,Yvon Mvogo,Lorient,G,Strasbourg vs Lorient,90,7.9,,0.0,,,44,40.0,,,,,,0,0,2.0,2.0
1142,Yvon Mvogo,Lorient,G,Lorient vs Metz,90,6.3,,0.0,,,29,23.0,,,1.0,,,0,0,,
1142,Yvon Mvogo,Lorient,G,Monaco vs Lorient,90,8,,0.0,,,41,29.0,,,,,1.0,0,0,2.0,2.0
1142,Yvon Mvogo,Lorient,G,Rennes vs Lorient,90,8.7,,0.0,,,36,20.0,,,,,,0,0,1.0,1.0
1142,Yvon Mvogo,Lorient,G,Lorient vs Nantes,90,6.2,,0.0,,,42,31.0,,,,,,0,0,,
1142,Yvon Mvogo,Lorient,G,Stade Brestois 29 vs Lorient,90,7,,0.0,,,39,35.0,,,,,1.0,0,0,1.0,1.0
1142,Yvon Mvogo,Lorient,G,Lorient vs Angers,90,7.3,,0.0,,,52,47.0,,,,,,0,0,1.0,1.0
1142,Yvon Mvogo,Lorient,G,Nice vs Lorient,90,6.6,,0.0,,,29,25.0,,1.0,,,,0,0,1.0,2.0
193501,Bamo Meïté,Lorient,D,Marseille vs Lorient,90,5.9,,0.0,,,26,23.0,,,,,2.0,0,0,3.0,5.0
193501,Bamo Meïté,Lorient,D,Le Havre vs Lorient,90,6.2,,0.0,1.0,1.0,44,33.0,,1.0,1.0,1.0,1.0,1,0,4.0,11.0
193501,Bamo Meïté,Lorient,D,Lorient vs Monaco,90,6.9,,0.0,1.0,,62,56.0,,,,2.0,1.0,0,0,3.0,7.0
193501,Bamo Meïté,Lorient,D,Paris FC vs Lorient,90,6.2,,0.0,,,58,51.0,,,1.0,1.0,1.0,0,0,6.0,13.0
193501,Bamo Meïté,Lorient,D,Lorient vs Stade Brestois 29,90,6.5,,0.0,,,52,46.0,,3.0,1.0,1.0,1.0,1,0,9.0,11.0
193501,Bamo Meïté,Lorient,D,Angers vs Lorient,45,6.2,,0.0,,,42,39.0,,,,,,0,0,1.0,5.0
193501,Bamo Meïté,Lorient,D,Nantes vs Lorient,89,7.2,,0.0,,,37,34.0,,,,4.0,2.0,0,0,11.0,17.0
193501,Bamo Meïté,Lorient,D,Lorient vs Nice,85,7.5,,1.0,1.0,,35,31.0,,2.0,1.0,,,0,0,4.0,5.0
193501,Bamo Meïté,Lorient,D,Lorient vs Lyon,90,6.9,,0.0,1.0,,29,20.0,,2.0,2.0,1.0,1.0,0,0,5.0,8.0
193501,Bamo Meïté,Lorient,D,Strasbourg vs Lorient,90,7.7,,0.0,,,27,21.0,,1.0,1.0,,,0,0,6.0,11.0
193501,Bamo Meïté,Lorient,D,Lorient vs Metz,90,6.9,,0.0,,,53,46.0,,1.0,1.0,2.0,1.0,0,0,4.0,9.0
193501,Bamo Meïté,Lorient,D,Monaco vs Lorient,90,7.3,,1.0,,,34,29.0,,3.0,,3.0,2.0,0,0,8.0,13.0
193501,Bamo Meïté,Lorient,D,Rennes vs Lorient,90,7.5,,0.0,,,20,13.0,,1.0,,,,0,0,4.0,9.0
193501,Bamo Meïté,Lorient,D,Lorient vs Nantes,74,6.3,,0.0,,,40,33.0,,1.0,,2.0,2.0,1,0,6.0,9.0
193501,Bamo Meïté,Lorient,D,Stade Brestois 29 vs Lorient,90,6.2,,0.0,,,36,32.0,,1.0,1.0,1.0,1.0,0,0,5.0,11.0
193501,Bamo Meïté,Lorient,D,Lorient vs Angers,8,6.9,,0.0,,,9,8.0,,1.0,,,,0,0,1.0,1.0
193501,Bamo Meïté,Lorient,D,Nice vs Lorient,45,6.7,,0.0,1.0,,39,33.0,,,,,,0,0,3.0,3.0
22171,Jean-Victor Makengo,Lorient,F,Marseille vs Lorient,62,6.9,,0.0,,,20,18.0,,,1.0,,1.0,0,0,1.0,4.0
22171,Jean-Victor Makengo,Lorient,F,Le Havre vs Lorient,27,6.3,,0.0,2.0,1.0,11,8.0,,,,,3.0,0,0,3.0,6.0
22171,Jean-Victor Makengo,Lorient,F,Lorient vs Monaco,28,6.6,,1.0,,,11,11.0,,3.0,,1.0,,0,0,4.0,6.0
22171,Jean-Victor Makengo,Lorient,F,Paris FC vs Lorient,77,6.5,,0.0,,,28,22.0,,,1.0,1.0,4.0,0,0,6.0,13.0
22171,Jean-Victor Makengo,Lorient,F,Lorient vs Stade Brestois 29,62,6.2,,0.0,1.0,1.0,24,18.0,,1.0,,1.0,,0,0,1.0,6.0
22171,Jean-Victor Makengo,Lorient,F,Angers vs Lorient,65,6.7,,0.0,1.0,1.0,25,22.0,,,,,2.0,0,0,2.0,4.0
22171,Jean-Victor Makengo,Lorient,F,Lorient vs Paris Saint Germain,22,6.5,,0.0,,,6,3.0,,,,,1.0,0,0,1.0,3.0
22171,Jean-Victor Makengo,Lorient,F,Lens vs Lorient,8,6.3,,0.0,,,2,2.0,,1.0,,,,0,0,1.0,1.0
22171,Jean-Victor Makengo,Lorient,F,Lorient vs Toulouse,21,6.9,,0.0,1.0,,9,8.0,,,,,,0,0,2.0,2.0
22171,Jean-Victor Makengo,Lorient,F,Nantes vs Lorient,31,6.7,,0.0,1.0,,8,7.0,,1.0,,1.0,,0,0,3.0,5.0
22171,Jean-Victor Makengo,Lorient,F,Lorient vs Nice,63,6.3,,0.0,2.0,1.0,14,12.0,,1.0,,1.0,,0,0,2.0,5.0
22171,Jean-Victor Makengo,Lorient,F,Lorient vs Lyon,78,7.2,,0.0,3.0,2.0,18,15.0,,2.0,,,2.0,0,0,6.0,8.0
22171,Jean-Victor Makengo,Lorient,F,Strasbourg vs Lorient,74,6.9,,0.0,1.0,,28,24.0,,3.0,1.0,,,0,0,3.0,5.0
22171,Jean-Victor Makengo,Lorient,F,Lorient vs Metz,60,6.3,,0.0,2.0,,17,11.0,,,1.0,1.0,,0,0,1.0,2.0
22171,Jean-Victor Makengo,Lorient,F,Monaco vs Lorient,90,8.2,1.0,0.0,1.0,1.0,18,17.0,,2.0,,,3.0,0,0,6.0,7.0
22171,Jean-Victor Makengo,Lorient,F,Rennes vs Lorient,63,7.9,1.0,0.0,1.0,1.0,10,5.0,,1.0,1.0,,4.0,0,0,5.0,6.0
22171,Jean-Victor Makengo,Lorient,F,Lorient vs Nantes,66,7,,0.0,1.0,1.0,20,19.0,,1.0,,,3.0,0,0,5.0,7.0
22171,Jean-Victor Makengo,Lorient,F,Stade Brestois 29 vs Lorient,63,6.9,,0.0,,,24,18.0,,,1.0,,2.0,0,0,6.0,9.0
22171,Jean-Victor Makengo,Lorient,F,Lorient vs Angers,67,7.3,1.0,0.0,2.0,1.0,20,18.0,,,,,1.0,0,0,2.0,5.0
22171,Jean-Victor Makengo,Lorient,F,Nice vs Lorient,23,6.6,,1.0,1.0,,15,15.0,,,,,,0,0,2.0,5.0
22163,Dante,Nice,D,Nice vs Nantes,75,7.5,,0.0,1.0,1.0,62,58.0,,2.0,2.0,1.0,,0,0,3.0,5.0
22163,Dante,Nice,D,Nice vs Lyon,66,6.6,,0.0,,,25,21.0,,,,1.0,1.0,0,0,2.0,4.0
22163,Dante,Nice,D,Nantes vs Nice,9,6.7,,0.0,,,3,2.0,,,,,,0,0,,
22163,Dante,Nice,D,Nice vs Stade Brestois 29,90,6.2,,0.0,1.0,,59,52.0,,,,1.0,1.0,0,0,2.0,3.0
22163,Dante,Nice,D,Nice vs Monaco,90,7.2,,0.0,1.0,,33,26.0,,1.0,2.0,1.0,,0,0,5.0,7.0
22163,Dante,Nice,D,Lyon vs Nice,75,6.2,,0.0,,,29,27.0,,,1.0,,,0,0,1.0,2.0
22163,Dante,Nice,D,Nice vs Lorient,90,6.3,,0.0,,,35,33.0,,1.0,3.0,,,0,0,3.0,7.0
8680,Charles Vanhoutte,Nice,M,Nice vs Nantes,90,7.9,,1.0,,,72,65.0,,4.0,,1.0,,0,0,7.0,9.0
8680,Charles Vanhoutte,Nice,M,Stade Brestois 29 vs Nice,73,6.3,,0.0,,,62,52.0,,3.0,1.0,2.0,1.0,1,0,6.0,13.0
8680,Charles Vanhoutte,Nice,M,Nice vs Paris FC,90,6.3,,0.0,,,44,36.0,,,,1.0,,0,0,2.0,3.0
8680,Charles Vanhoutte,Nice,M,Monaco vs Nice,90,7.5,,0.0,,,38,32.0,,4.0,2.0,1.0,,0,0,8.0,11.0
8680,Charles Vanhoutte,Nice,M,Nice vs Lyon,90,6.5,,0.0,,,28,20.0,,1.0,1.0,2.0,,1,0,4.0,8.0
8680,Charles Vanhoutte,Nice,M,Rennes vs Nice,90,5.9,,0.0,,,43,30.0,,2.0,1.0,3.0,,1,0,2.0,11.0
8680,Charles Vanhoutte,Nice,M,Nice vs Lille,85,7.6,,0.0,,,26,23.0,,3.0,1.0,1.0,,1,0,4.0,6.0
8680,Charles Vanhoutte,Nice,M,Paris Saint Germain vs Nice,19,6.6,,0.0,,,9,6.0,,,,,,0,0,1.0,1.0
8680,Charles Vanhoutte,Nice,M,Metz vs Nice,90,7.2,,1.0,,,59,51.0,,1.0,2.0,3.0,,0,0,5.0,10.0
8680,Charles Vanhoutte,Nice,M,Nice vs Marseille,90,6.5,,0.0,,,59,55.0,,2.0,,,,0,0,2.0,4.0
8680,Charles Vanhoutte,Nice,M,Nice vs Angers,88,7.5,,0.0,,,63,54.0,,3.0,1.0,1.0,1.0,0,0,7.0,11.0
8680,Charles Vanhoutte,Nice,M,Lens vs Nice,45,6.9,,0.0,,,38,32.0,,3.0,3.0,2.0,,1,0,6.0,8.0
8680,Charles Vanhoutte,Nice,M,Toulouse vs Nice,8,6.9,,0.0,,,10,10.0,,1.0,,,1.0,0,0,2.0,4.0
8680,Charles Vanhoutte,Nice,M,Nantes vs Nice,81,6.9,,0.0,,,29,22.0,,3.0,1.0,2.0,,1,0,6.0,14.0
8680,Charles Vanhoutte,Nice,M,Nice vs Stade Brestois 29,73,7,,0.0,1.0,1.0,54,47.0,,2.0,,3.0,1.0,1,0,5.0,10.0
8680,Charles Vanhoutte,Nice,M,Nice vs Monaco,89,6.5,,0.0,,,37,29.0,,,,1.0,,0,0,1.0,6.0
8680,Charles Vanhoutte,Nice,M,Lyon vs Nice,90,6.9,,0.0,,,46,40.0,,4.0,,1.0,2.0,0,0,6.0,11.0
8680,Charles Vanhoutte,Nice,M,Nice vs Lorient,90,6.6,,0.0,,,32,26.0,,2.0,1.0,2.0,,0,0,3.0,8.0
158065,Tiago Gouveia,Nice,F,Nice vs Nantes,15,6.6,,0.0,,,10,7.0,,,,,1.0,0,0,2.0,3.0
158065,Tiago Gouveia,Nice,F,Stade Brestois 29 vs Nice,63,6.3,,0.0,2.0,,29,25.0,,2.0,,1.0,,0,0,3.0,9.0
158065,Tiago Gouveia,Nice,F,Nice vs Lyon,17,6.7,,0.0,1.0,1.0,0,,,2.0,,,1.0,0,0,4.0,9.0
158065,Tiago Gouveia,Nice,F,Rennes vs Nice,13,6.5,,0.0,,,3,2.0,,,,,1.0,0,0,1.0,3.0
158065,Tiago Gouveia,Nice,F,Nice vs Lille,90,6.7,,0.0,1.0,,25,20.0,,1.0,1.0,2.0,,1,0,2.0,7.0
158065,Tiago Gouveia,Nice,F,Paris Saint Germain vs Nice,90,6.6,,0.0,,,28,20.0,,2.0,2.0,,3.0,0,0,6.0,10.0
158065,Tiago Gouveia,Nice,F,Metz vs Nice,11,6.3,,0.0,,,2,2.0,,,,,,0,0,,
158065,Tiago Gouveia,Nice,F,Lorient vs Nice,60,6.5,,0.0,1.0,1.0,27,23.0,,,2.0,,,0,0,,3.0
158065,Tiago Gouveia,Nice,F,Lens vs Nice,20,6.3,,0.0,1.0,,3,2.0,,,,,,0,0,,
158065,Tiago Gouveia,Nice,F,Nice vs Strasbourg,45,6.3,,0.0,3.0,1.0,11,10.0,,,1.0,1.0,1.0,0,0,1.0,4.0
158065,Tiago Gouveia,Nice,F,Toulouse vs Nice,45,6.2,,0.0,1.0,1.0,17,14.0,,1.0,,,2.0,0,0,4.0,6.0
158065,Tiago Gouveia,Nice,F,Nantes vs Nice,20,6.3,,0.0,,,11,6.0,,,,,,0,0,,
266200,Mayckel Lahdo,Nantes,F,Nice vs Nantes,13,6.2,,0.0,,,8,7.0,,,,2.0,,0,0,,5.0
266200,Mayckel Lahdo,Nantes,F,Nantes vs Rennes,78,6.5,,0.0,,,11,9.0,,2.0,,1.0,3.0,0,0,5.0,8.0
266200,Mayckel Lahdo,Nantes,F,Toulouse vs Nantes,73,7.5,1.0,0.0,2.0,1.0,11,10.0,,,,,,0,0,,1.0
266200,Mayckel Lahdo,Nantes,F,Stade Brestois 29 vs Nantes,63,6.3,,0.0,,,27,24.0,,2.0,,2.0,,0,0,6.0,14.0
266200,Mayckel Lahdo,Nantes,F,Nantes vs Lorient,61,6.3,,0.0,,,14,14.0,,,,,1.0,0,0,3.0,6.0
266200,Mayckel Lahdo,Nantes,F,Lyon vs Nantes,58,6.7,,0.0,,,7,6.0,,,,,2.0,0,0,2.0,5.0
266200,Mayckel Lahdo,Nantes,F,Nantes vs Lens,46,6.3,,0.0,,,14,11.0,,1.0,,,,0,0,2.0,5.0
266200,Mayckel Lahdo,Nantes,F,Angers vs Nantes,26,6.7,,1.0,,,8,5.0,,,,,,0,0,,
402542,Telli Siwe,Auxerre,D,Auxerre vs Monaco,90,6.5,,0.0,,,20,17.0,,2.0,3.0,,,0,0,3.0,6.0
402542,Telli Siwe,Auxerre,D,Auxerre vs Toulouse,90,7,,0.0,1.0,,33,29.0,,2.0,1.0,1.0,,0,0,3.0,5.0
402542,Telli Siwe,Auxerre,D,Paris Saint Germain vs Auxerre,45,5.9,,0.0,,,13,10.0,,,,1.0,,0,0,,5.0
190686,Sékou Mara,Auxerre,F,Auxerre vs Monaco,65,6.6,,0.0,1.0,1.0,13,8.0,,1.0,,1.0,1.0,0,0,5.0,8.0
190686,Sékou Mara,Auxerre,F,Auxerre vs Toulouse,65,6.2,,0.0,,,13,11.0,,,,1.0,1.0,0,0,2.0,9.0
190686,Sékou Mara,Auxerre,F,Paris Saint Germain vs Auxerre,45,6.5,,0.0,2.0,2.0,8,5.0,,,,2.0,,0,0,1.0,6.0
190686,Sékou Mara,Auxerre,F,Auxerre vs Lens,90,6.3,,0.0,1.0,,17,13.0,,2.0,,2.0,3.0,0,0,10.0,19.0
190686,Sékou Mara,Auxerre,F,Rennes vs Auxerre,22,6.7,,0.0,,,9,9.0,,,,,1.0,0,0,2.0,4.0
190686,Sékou Mara,Auxerre,F,Auxerre vs Le Havre,68,6.2,,0.0,,,8,5.0,,,,3.0,1.0,0,0,3.0,9.0
190686,Sékou Mara,Auxerre,F,Auxerre vs Marseille,21,6.5,,0.0,,,6,4.0,,,,1.0,1.0,0,0,1.0,3.0
190686,Sékou Mara,Auxerre,F,Angers vs Auxerre,18,6.6,,0.0,1.0,1.0,6,6.0,,,,,,0,0,2.0,2.0
190686,Sékou Mara,Auxerre,F,Auxerre vs Lyon,72,6.6,,0.0,2.0,1.0,14,12.0,,,1.0,2.0,2.0,0,0,6.0,13.0
190686,Sékou Mara,Auxerre,F,Paris FC vs Auxerre,71,6.2,,0.0,2.0,1.0,11,5.0,,,,3.0,2.0,0,0,5.0,12.0
190686,Sékou Mara,Auxerre,F,Auxerre vs Metz,73,6.9,,1.0,,,12,7.0,,2.0,,1.0,1.0,0,0,3.0,12.0
190686,Sékou Mara,Auxerre,F,Auxerre vs Lille,45,6.7,,0.0,1.0,1.0,11,10.0,,1.0,,1.0,,0,0,3.0,8.0
190686,Sékou Mara,Auxerre,F,Stade Brestois 29 vs Auxerre,76,6.3,,0.0,1.0,,13,9.0,,,,1.0,1.0,0,0,4.0,7.0
190686,Sékou Mara,Auxerre,F,Lens vs Auxerre,2,,,0.0,,,0,,,,,,,0,0,,
190686,Sékou Mara,Auxerre,F,Toulouse vs Auxerre,9,6.2,,0.0,,,1,,,,,1.0,,0,0,1.0,4.0
190686,Sékou Mara,Auxerre,F,Auxerre vs Paris FC,12,6.5,,0.0,1.0,,2,2.0,,,,1.0,,0,0,1.0,3.0
190686,Sékou Mara,Auxerre,F,Metz vs Auxerre,72,6.5,,0.0,1.0,1.0,14,12.0,,2.0,1.0,1.0,2.0,0,0,6.0,15.0
190686,Sékou Mara,Auxerre,F,Auxerre vs Rennes,45,6.3,,0.0,,,12,6.0,,1.0,,,1.0,0,0,4.0,9.0
261,Thilo Kehrer,Monaco,D,Auxerre vs Monaco,90,7.3,,0.0,3.0,,96,91.0,,1.0,,,1.0,0,0,6.0,11.0
261,Thilo Kehrer,Monaco,D,Monaco vs Metz,90,6.9,,0.0,1.0,,67,57.0,,1.0,,1.0,,0,0,4.0,5.0
261,Thilo Kehrer,Monaco,D,Lorient vs Monaco,38,5.6,,0.0,,,41,34.0,,1.0,1.0,2.0,,2,1,3.0,5.0
261,Thilo Kehrer,Monaco,D,Angers vs Monaco,90,7.9,,0.0,1.0,1.0,101,89.0,,4.0,1.0,,2.0,0,0,10.0,13.0
261,Thilo Kehrer,Monaco,D,Monaco vs Toulouse,90,7.3,,0.0,1.0,,49,35.0,,7.0,1.0,3.0,5.0,1,0,14.0,21.0
261,Thilo Kehrer,Monaco,D,Nantes vs Monaco,90,6.3,,0.0,1.0,,56,46.0,,2.0,4.0,1.0,1.0,1,0,8.0,11.0
261,Thilo Kehrer,Monaco,D,Monaco vs Paris FC,90,7,,0.0,,,82,68.0,,1.0,2.0,,3.0,0,0,6.0,9.0
261,Thilo Kehrer,Monaco,D,Monaco vs Lens,90,5.7,,0.0,1.0,,59,50.0,,2.0,,2.0,1.0,0,0,5.0,7.0
261,Thilo Kehrer,Monaco,D,Rennes vs Monaco,90,6.5,,0.0,,,82,75.0,,1.0,1.0,,1.0,0,0,4.0,4.0
261,Thilo Kehrer,Monaco,D,Monaco vs Paris Saint Germain,80,6.6,,0.0,,,31,23.0,,2.0,,1.0,,0,1,5.0,8.0
261,Thilo Kehrer,Monaco,D,Marseille vs Monaco,90,7.7,,0.0,,,30,29.0,,,3.0,2.0,2.0,0,0,2.0,4.0
261,Thilo Kehrer,Monaco,D,Monaco vs Lyon,90,6.2,,0.0,,,53,51.0,,2.0,1.0,1.0,,1,0,2.0,6.0
261,Thilo Kehrer,Monaco,D,Le Havre vs Monaco,90,6.3,,0.0,,,45,40.0,,,2.0,3.0,,1,0,3.0,11.0
261,Thilo Kehrer,Monaco,D,Monaco vs Rennes,90,7.2,,0.0,2.0,,63,57.0,,1.0,2.0,1.0,3.0,0,0,6.0,12.0
261,Thilo Kehrer,Monaco,D,Nice vs Monaco,90,7.5,,0.0,,,48,40.0,,4.0,2.0,1.0,,0,0,8.0,13.0
261,Thilo Kehrer,Monaco,D,Monaco vs Nantes,90,7.2,,0.0,1.0,,38,30.0,,4.0,1.0,,,0,0,7.0,8.0
261,Thilo Kehrer,Monaco,D,Lens vs Monaco,90,6.9,,0.0,,,50,45.0,,3.0,2.0,2.0,2.0,0,0,6.0,11.0
47480,Mohammed Salisu,Monaco,D,Auxerre vs Monaco,90,7.2,,0.0,,,93,85.0,,5.0,1.0,3.0,2.0,0,0,8.0,11.0
47480,Mohammed Salisu,Monaco,D,Monaco vs Nice,90,7.3,,0.0,1.0,,96,87.0,,2.0,1.0,2.0,,1,0,8.0,11.0
47480,Mohammed Salisu,Monaco,D,Angers vs Monaco,90,7.5,,0.0,1.0,,108,99.0,,2.0,,3.0,,1,0,6.0,9.0
47480,Mohammed Salisu,Monaco,D,Monaco vs Toulouse,90,8.3,1.0,0.0,1.0,1.0,64,54.0,,2.0,2.0,1.0,,0,0,5.0,10.0
47480,Mohammed Salisu,Monaco,D,Nantes vs Monaco,90,6.5,,0.0,,,49,43.0,,2.0,,1.0,,1,0,3.0,7.0
47480,Mohammed Salisu,Monaco,D,Monaco vs Paris FC,90,7.2,,0.0,,,80,72.0,,1.0,4.0,1.0,,0,0,6.0,9.0
47480,Mohammed Salisu,Monaco,D,Monaco vs Lens,90,6.6,,0.0,1.0,,52,45.0,,3.0,5.0,2.0,1.0,0,0,9.0,17.0
47480,Mohammed Salisu,Monaco,D,Rennes vs Monaco,90,6.3,,0.0,,,80,69.0,,1.0,1.0,1.0,,0,0,1.0,6.0
47480,Mohammed Salisu,Monaco,D,Monaco vs Paris Saint Germain,90,7.5,,0.0,2.0,1.0,48,43.0,,1.0,1.0,2.0,,0,0,5.0,9.0
47480,Mohammed Salisu,Monaco,D,Stade Brestois 29 vs Monaco,90,6.9,,0.0,,,63,47.0,,2.0,1.0,,,0,0,7.0,13.0
47480,Mohammed Salisu,Monaco,D,Marseille vs Monaco,90,6.6,,0.0,,,30,26.0,,2.0,1.0,,,0,0,5.0,8.0
47480,Mohammed Salisu,Monaco,D,Monaco vs Lyon,90,6.2,,0.0,,,53,44.0,,2.0,,1.0,,0,0,5.0,8.0
375,Chancel Mbemba,Lille,D,Lille vs Toulouse,46,6.7,,0.0,,,34,31.0,,3.0,,1.0,,1,0,4.0,6.0
375,Chancel Mbemba,Lille,D,Lens vs Lille,90,6.2,,0.0,1.0,1.0,70,69.0,,4.0,,3.0,,1,0,6.0,12.0
375,Chancel Mbemba,Lille,D,Nantes vs Lille,90,7.9,,0.0,,,60,55.0,,4.0,1.0,,2.0,0,0,9.0,12.0
375,Chancel Mbemba,Lille,D,Lille vs Metz,90,6.6,,0.0,1.0,,55,48.0,,1.0,,3.0,,0,0,3.0,6.0
375,Chancel Mbemba,Lille,D,Lille vs Angers,90,7.3,,0.0,,,51,44.0,,2.0,3.0,,1.0,0,0,4.0,7.0
375,Chancel Mbemba,Lille,D,Lille vs Paris FC,90,6.7,,0.0,1.0,1.0,55,47.0,,,2.0,,2.0,0,0,3.0,4.0
375,Chancel Mbemba,Lille,D,Le Havre vs Lille,51,6.9,,0.0,,,30,26.0,,,,,,0,0,,1.0
375,Chancel Mbemba,Lille,D,Auxerre vs Lille,45,5.3,,0.0,,,28,25.0,,,,,,0,0,1.0,2.0
375,Chancel Mbemba,Lille,D,Lille vs Strasbourg,90,5.9,,0.0,1.0,1.0,48,46.0,,,2.0,2.0,,0,0,1.0,4.0
375,Chancel Mbemba,Lille,D,Lille vs Stade Brestois 29,90,7,,0.0,,,89,82.0,,,2.0,,1.0,0,0,2.0,4.0
386287,Ethan Mbappé,Lille,M,Lille vs Toulouse,10,7.3,1.0,0.0,1.0,1.0,9,8.0,,,,,,0,0,,2.0
386287,Ethan Mbappé,Lille,M,Lens vs Lille,13,6.7,,0.0,,,8,8.0,,,,,1.0,0,0,1.0,4.0
386287,Ethan Mbappé,Lille,M,Lille vs Paris Saint Germain,9,7.3,1.0,0.0,1.0,1.0,8,5.0,,,,,,0,0,,1.0
386287,Ethan Mbappé,Lille,M,Lille vs Paris FC,12,6.7,,0.0,,,2,2.0,,,,,,0,0,,1.0
386287,Ethan Mbappé,Lille,M,Le Havre vs Lille,33,6.6,,1.0,1.0,1.0,18,16.0,,1.0,,,,0,0,1.0,3.0
386287,Ethan Mbappé,Lille,M,Lille vs Marseille,69,7.9,1.0,0.0,1.0,1.0,24,19.0,,4.0,,1.0,,0,0,4.0,5.0
386287,Ethan Mbappé,Lille,M,Auxerre vs Lille,84,6.7,,0.0,,,28,24.0,,3.0,,,3.0,0,0,6.0,9.0
386287,Ethan Mbappé,Lille,M,Paris Saint Germain vs Lille,77,6.3,,0.0,2.0,2.0,21,17.0,,1.0,1.0,1.0,,0,0,1.0,9.0
386287,Ethan Mbappé,Lille,M,Lille vs Strasbourg,87,6.6,,0.0,3.0,,26,22.0,,1.0,,1.0,1.0,0,0,5.0,15.0
118345,Abu Francis,Toulouse,M,Lille vs Toulouse,72,7.5,,0.0,,,22,17.0,,5.0,2.0,1.0,2.0,0,0,8.0,11.0
118345,Abu Francis,Toulouse,M,Auxerre vs Toulouse,70,7,,0.0,,,38,32.0,,3.0,1.0,,1.0,0,0,5.0,6.0
118345,Abu Francis,Toulouse,M,Toulouse vs Nantes,62,6.7,,0.0,1.0,,33,29.0,,3.0,1.0,1.0,,0,0,4.0,6.0
118345,Abu Francis,Toulouse,M,Lyon vs Toulouse,45,6.9,,0.0,,,17,12.0,,2.0,,1.0,1.0,1,0,4.0,6.0
118345,Abu Francis,Toulouse,M,Toulouse vs Metz,90,6.9,,0.0,,,37,33.0,,2.0,,,,0,0,3.0,5.0
118345,Abu Francis,Toulouse,M,Monaco vs Toulouse,66,6.2,,0.0,,,25,16.0,,2.0,2.0,2.0,,1,0,4.0,8.0
118345,Abu Francis,Toulouse,M,Toulouse vs Rennes,61,6,,0.0,1.0,,26,22.0,,1.0,1.0,,,0,0,3.0,5.0
118345,Abu Francis,Toulouse,M,Lorient vs Toulouse,66,6.6,,0.0,,,40,36.0,,1.0,1.0,,,0,0,2.0,2.0
334952,Rafik Messali,Toulouse,M,Lille vs Toulouse,16,6.6,,0.0,,,3,2.0,,1.0,,,1.0,0,0,2.0,3.0
334952,Rafik Messali,Toulouse,M,Lorient vs Toulouse,10,6.6,,0.0,,,2,,,1.0,1.0,1.0,1.0,1,0,3.0,4.0
334952,Rafik Messali,Toulouse,M,Toulouse vs Angers,24,6.3,,0.0,,,11,8.0,,,,1.0,1.0,0,0,1.0,3.0
334952,Rafik Messali,Toulouse,M,Marseille vs Toulouse,14,6.3,,0.0,,,2,,,,,,,0,0,,
334952,Rafik Messali,Toulouse,M,Toulouse vs Strasbourg,45,6.5,,0.0,,,11,6.0,,1.0,1.0,2.0,,1,0,1.0,4.0
334952,Rafik Messali,Toulouse,M,Paris FC vs Toulouse,20,6.7,,0.0,,,11,11.0,,,1.0,1.0,,0,0,,1.0
334952,Rafik Messali,Toulouse,M,Toulouse vs Lens,63,7.2,,0.0,,,14,11.0,,3.0,,,,0,0,3.0,5.0
334952,Rafik Messali,Toulouse,M,Toulouse vs Nice,90,7.2,,0.0,,,24,20.0,,,4.0,,2.0,0,0,4.0,9.0
334952,Rafik Messali,Toulouse,M,Stade Brestois 29 vs Toulouse,90,6.6,,0.0,,,37,25.0,,2.0,3.0,1.0,2.0,0,0,5.0,10.0
334952,Rafik Messali,Toulouse,M,Toulouse vs Auxerre,17,7.2,,0.0,,,10,6.0,,,2.0,1.0,,0,0,2.0,2.0
334952,Rafik Messali,Toulouse,M,Angers vs Toulouse,81,6.6,,0.0,,,37,30.0,,1.0,,3.0,2.0,0,0,5.0,11.0
334952,Rafik Messali,Toulouse,M,Le Havre vs Toulouse,30,7.3,,0.0,,,15,15.0,,1.0,,1.0,,0,0,3.0,4.0
409216,Senny Mayulu,Paris Saint Germain,M,Paris Saint Germain vs Lens,33,6.9,,0.0,,,30,26.0,,3.0,,2.0,1.0,0,0,4.0,7.0
409216,Senny Mayulu,Paris Saint Germain,M,Marseille vs Paris Saint Germain,17,6.6,,0.0,,,11,11.0,,1.0,,,1.0,0,0,2.0,4.0
409216,Senny Mayulu,Paris Saint Germain,M,Paris Saint Germain vs Auxerre,62,7,,1.0,,,27,22.0,,6.0,,2.0,,0,0,7.0,13.0
409216,Senny Mayulu,Paris Saint Germain,M,Lille vs Paris Saint Germain,59,6.6,,0.0,,,27,23.0,,1.0,,1.0,1.0,0,0,2.0,4.0
409216,Senny Mayulu,Paris Saint Germain,M,Paris Saint Germain vs Strasbourg,89,6.3,1.0,0.0,3.0,2.0,53,46.0,,4.0,,,1.0,0,0,6.0,10.0
409216,Senny Mayulu,Paris Saint Germain,M,Stade Brestois 29 vs Paris Saint Germain,79,6.7,,0.0,1.0,1.0,36,34.0,,1.0,,1.0,1.0,0,0,4.0,7.0
409216,Senny Mayulu,Paris Saint Germain,M,Lorient vs Paris Saint Germain,90,6.6,,0.0,,,40,35.0,,3.0,,1.0,2.0,0,0,8.0,10.0
409216,Senny Mayulu,Paris Saint Germain,M,Paris Saint Germain vs Nice,72,6.3,,0.0,2.0,,19,18.0,,1.0,1.0,1.0,,0,0,3.0,8.0
409216,Senny Mayulu,Paris Saint Germain,M,Lyon vs Paris Saint Germain,67,6.3,,0.0,1.0,,18,15.0,,3.0,,3.0,1.0,1,0,4.0,7.0
409216,Senny Mayulu,Paris Saint Germain,M,Paris Saint Germain vs Le Havre,71,6.9,,0.0,1.0,,20,19.0,,1.0,1.0,,1.0,0,0,3.0,5.0
409216,Senny Mayulu,Paris Saint Germain,M,Monaco vs Paris Saint Germain,64,6.2,,0.0,1.0,,13,12.0,,,,1.0,2.0,0,0,2.0,11.0
409216,Senny Mayulu,Paris Saint Germain,M,Paris Saint Germain vs Rennes,90,8.2,1.0,1.0,2.0,1.0,33,32.0,,3.0,3.0,2.0,,0,0,3.0,9.0
409216,Senny Mayulu,Paris Saint Germain,M,Paris Saint Germain vs Paris FC,83,6.3,,0.0,3.0,1.0,35,33.0,,1.0,,,1.0,0,0,2.0,9.0
409216,Senny Mayulu,Paris Saint Germain,M,Paris Saint Germain vs Lille,45,6.3,,0.0,,,13,11.0,,2.0,,1.0,,0,0,2.0,4.0
409216,Senny Mayulu,Paris Saint Germain,M,Auxerre vs Paris Saint Germain,90,6.7,,0.0,1.0,1.0,34,33.0,,1.0,,1.0,1.0,0,0,3.0,8.0
409216,Senny Mayulu,Paris Saint Germain,M,Strasbourg vs Paris Saint Germain,59,7.7,1.0,0.0,2.0,1.0,19,14.0,,1.0,,2.0,1.0,0,0,4.0,9.0
409216,Senny Mayulu,Paris Saint Germain,M,Paris Saint Germain vs Marseille,75,6.9,,2.0,1.0,,26,21.0,,2.0,1.0,1.0,1.0,0,0,3.0,5.0
1135,Odsonne Édouard,Lens,F,Paris Saint Germain vs Lens,66,5.9,,0.0,2.0,1.0,15,13.0,,1.0,,1.0,,1,0,1.0,5.0
1135,Odsonne Édouard,Lens,F,Lens vs Lille,21,6.3,,0.0,,,4,4.0,,,,,,0,0,1.0,5.0
1135,Odsonne Édouard,Lens,F,Rennes vs Lens,61,6.3,,0.0,,,9,8.0,,,,2.0,2.0,0,0,4.0,13.0
1135,Odsonne Édouard,Lens,F,Auxerre vs Lens,41,8,1.0,0.0,2.0,2.0,5,4.0,,,,,,0,0,2.0,2.0
1135,Odsonne Édouard,Lens,F,Lens vs Paris FC,59,7.3,1.0,0.0,1.0,1.0,16,13.0,,,,,,0,0,3.0,6.0
1135,Odsonne Édouard,Lens,F,Lens vs Marseille,81,7.5,1.0,0.0,1.0,1.0,13,8.0,,,,1.0,1.0,0,0,2.0,6.0
1135,Odsonne Édouard,Lens,F,Metz vs Lens,45,6.2,,0.0,2.0,1.0,6,5.0,,,,,,0,0,1.0,4.0
1135,Odsonne Édouard,Lens,F,Lens vs Lorient,71,7.5,1.0,0.0,2.0,2.0,10,8.0,,,,1.0,,0,0,1.0,5.0
1135,Odsonne Édouard,Lens,F,Monaco vs Lens,72,6.9,1.0,1.0,2.0,2.0,18,13.0,,1.0,,2.0,,0,0,3.0,11.0
1135,Odsonne Édouard,Lens,F,Lens vs Strasbourg,85,7.2,,0.0,2.0,2.0,10,7.0,,,1.0,1.0,,0,0,2.0,7.0
1135,Odsonne Édouard,Lens,F,Angers vs Lens,78,7,,1.0,,,12,10.0,,3.0,,1.0,,0,0,6.0,11.0
1135,Odsonne Édouard,Lens,F,Nantes vs Lens,69,6.6,,0.0,1.0,1.0,12,10.0,,,,1.0,,0,0,4.0,10.0
1135,Odsonne Édouard,Lens,F,Lens vs Nice,86,8.9,2.0,0.0,2.0,2.0,13,10.0,,,,3.0,6.0,0,0,7.0,17.0
1135,Odsonne Édouard,Lens,F,Toulouse vs Lens,38,6.7,,0.0,,,6,5.0,,,,,1.0,0,0,2.0,2.0
1135,Odsonne Édouard,Lens,F,Marseille vs Lens,59,6.9,,0.0,1.0,,5,5.0,,2.0,,,1.0,0,0,5.0,7.0
1135,Odsonne Édouard,Lens,F,Lens vs Le Havre,74,6.5,,0.0,1.0,,7,6.0,,2.0,,,1.0,0,0,3.0,6.0
1135,Odsonne Édouard,Lens,F,Lens vs Rennes,61,8.2,1.0,0.0,2.0,1.0,5,3.0,,,,1.0,,0,0,3.0,8.0
1135,Odsonne Édouard,Lens,F,Paris FC vs Lens,69,6.3,,1.0,2.0,,17,14.0,,,,1.0,1.0,0,0,2.0,6.0
1135,Odsonne Édouard,Lens,F,Lens vs Monaco,63,6.9,1.0,0.0,2.0,2.0,14,12.0,,,,1.0,2.0,0,0,2.0,8.0
1135,Odsonne Édouard,Lens,F,Strasbourg vs Lens,60,6.3,,0.0,6.0,1.0,13,11.0,,,,1.0,,0,0,1.0,6.0
277191,Abdallah Sima,Lens,F,Paris Saint Germain vs Lens,45,6.7,,0.0,,,12,8.0,,,,,,0,0,1.0,2.0
277191,Abdallah Sima,Lens,F,Auxerre vs Lens,8,7.6,1.0,0.0,1.0,1.0,2,1.0,,1.0,,,,0,0,1.0,1.0
277191,Abdallah Sima,Lens,F,Lens vs Paris FC,18,6.5,,0.0,,,3,1.0,,,,1.0,,1,0,1.0,2.0
277191,Abdallah Sima,Lens,F,Lens vs Marseille,9,6.7,,0.0,1.0,1.0,4,3.0,,,,,,0,0,1.0,1.0
277191,Abdallah Sima,Lens,F,Metz vs Lens,45,6.2,,0.0,,,13,10.0,,1.0,,1.0,,1,0,1.0,4.0
277191,Abdallah Sima,Lens,F,Lens vs Strasbourg,15,6.3,,0.0,1.0,1.0,8,6.0,,1.0,,1.0,,0,0,1.0,3.0
277191,Abdallah Sima,Lens,F,Angers vs Lens,12,6.2,,0.0,,,3,3.0,,1.0,,,,0,0,3.0,6.0
277191,Abdallah Sima,Lens,F,Lens vs Auxerre,34,6.6,,0.0,1.0,,9,5.0,,,,1.0,,0,0,4.0,8.0
277191,Abdallah Sima,Lens,F,Marseille vs Lens,31,6.9,,0.0,,,9,9.0,,1.0,,,2.0,0,0,3.0,3.0
277191,Abdallah Sima,Lens,F,Lens vs Le Havre,8,6.5,,0.0,,,5,5.0,,,,,,0,0,,2.0
277191,Abdallah Sima,Lens,F,Lens vs Monaco,27,7.2,,0.0,,,10,6.0,,1.0,,1.0,2.0,0,0,4.0,6.0
277191,Abdallah Sima,Lens,F,Strasbourg vs Lens,18,6.3,,0.0,1.0,,4,4.0,,,,,1.0,0,0,1.0,1.0
2933,Ben Chilwell,Strasbourg,M,Strasbourg vs Le Havre,45,6.7,,0.0,,,25,18.0,,1.0,,1.0,,0,0,2.0,7.0
2933,Ben Chilwell,Strasbourg,M,Paris FC vs Strasbourg,90,6.7,,0.0,,,37,32.0,,2.0,,,,0,0,4.0,6.0
2933,Ben Chilwell,Strasbourg,M,Strasbourg vs Marseille,90,6,,0.0,,,38,31.0,,,,1.0,3.0,0,0,4.0,10.0
2933,Ben Chilwell,Strasbourg,M,Paris Saint Germain vs Strasbourg,90,6,,0.0,,,27,22.0,,1.0,,2.0,1.0,0,0,2.0,6.0
2933,Ben Chilwell,Strasbourg,M,Strasbourg vs Auxerre,28,6.9,,0.0,,,10,4.0,,1.0,,,1.0,0,0,2.0,2.0
2933,Ben Chilwell,Strasbourg,M,Rennes vs Strasbourg,90,5.6,,0.0,,,69,64.0,,2.0,2.0,1.0,2.0,1,0,5.0,9.0
2933,Ben Chilwell,Strasbourg,M,Strasbourg vs Lille,90,7.3,,0.0,,,33,26.0,,1.0,2.0,,3.0,1,0,5.0,6.0
2933,Ben Chilwell,Strasbourg,M,Lens vs Strasbourg,90,6.9,,0.0,,,51,44.0,,1.0,,1.0,,0,0,2.0,3.0
2933,Ben Chilwell,Strasbourg,M,Strasbourg vs Stade Brestois 29,69,6.9,,1.0,1.0,1.0,23,18.0,,,1.0,,,0,0,2.0,5.0
2933,Ben Chilwell,Strasbourg,M,Toulouse vs Strasbourg,90,6.7,,0.0,,,93,83.0,,1.0,,,2.0,1,0,5.0,5.0
2933,Ben Chilwell,Strasbourg,M,Nice vs Strasbourg,90,6.7,,0.0,,,54,51.0,,3.0,3.0,2.0,1.0,0,0,5.0,11.0
2933,Ben Chilwell,Strasbourg,M,Strasbourg vs Metz,90,6.3,,0.0,,,38,36.0,,1.0,7.0,1.0,1.0,0,0,2.0,6.0
2933,Ben Chilwell,Strasbourg,M,Lille vs Strasbourg,90,7,,0.0,,,40,38.0,,3.0,1.0,2.0,,0,0,4.0,7.0
2933,Ben Chilwell,Strasbourg,M,Strasbourg vs Paris Saint Germain,82,6.9,,1.0,,,21,19.0,,2.0,,1.0,,0,0,3.0,6.0
2933,Ben Chilwell,Strasbourg,M,Le Havre vs Strasbourg,90,6.3,,0.0,,,34,27.0,,3.0,2.0,1.0,3.0,1,0,6.0,10.0
2933,Ben Chilwell,Strasbourg,M,Marseille vs Strasbourg,85,6.5,,0.0,1.0,,51,50.0,,,,,,0,0,2.0,4.0
2933,Ben Chilwell,Strasbourg,M,Strasbourg vs Lyon,90,6.2,,0.0,,,29,23.0,,1.0,,,,0,0,1.0,5.0
359386,Martial Godo,Strasbourg,F,Strasbourg vs Le Havre,8,7,,0.0,1.0,,1,1.0,,,,,1.0,0,0,1.0,1.0
359386,Martial Godo,Strasbourg,F,Paris FC vs Strasbourg,61,6.2,,0.0,,,14,11.0,,1.0,,1.0,,1,0,2.0,8.0
359386,Martial Godo,Strasbourg,F,Strasbourg vs Angers,73,7.6,2.0,0.0,3.0,3.0,39,35.0,,,2.0,,1.0,0,0,3.0,5.0
359386,Martial Godo,Strasbourg,F,Paris Saint Germain vs Strasbourg,17,6.7,,0.0,,,3,3.0,,,1.0,,1.0,0,0,1.0,3.0
359386,Martial Godo,Strasbourg,F,Lyon vs Strasbourg,8,6.2,,0.0,,,0,,,,,,,0,0,,
359386,Martial Godo,Strasbourg,F,Strasbourg vs Auxerre,90,6.2,,0.0,2.0,1.0,24,23.0,,,,3.0,2.0,1,0,3.0,7.0
359386,Martial Godo,Strasbourg,F,Rennes vs Strasbourg,13,6.5,,0.0,,,1,,,,,,,0,0,,1.0
359386,Martial Godo,Strasbourg,F,Strasbourg vs Lille,9,6.7,,0.0,,,0,,,,,,1.0,0,0,1.0,1.0
359386,Martial Godo,Strasbourg,F,Strasbourg vs Stade Brestois 29,27,6.7,,0.0,1.0,,7,6.0,,,1.0,,2.0,0,0,2.0,4.0
359386,Martial Godo,Strasbourg,F,Toulouse vs Strasbourg,8,6.2,,0.0,,,3,2.0,,,,,,0,0,,3.0
359386,Martial Godo,Strasbourg,F,Strasbourg vs Lorient,15,6.7,,0.0,,,7,7.0,,1.0,,,,0,0,1.0,1.0
359386,Martial Godo,Strasbourg,F,Nice vs Strasbourg,67,6.3,,0.0,1.0,1.0,17,14.0,,1.0,1.0,1.0,1.0,0,0,4.0,7.0
359386,Martial Godo,Strasbourg,F,Strasbourg vs Metz,80,6.9,1.0,0.0,4.0,3.0,18,13.0,,2.0,,2.0,,0,0,4.0,9.0
359386,Martial Godo,Strasbourg,F,Lille vs Strasbourg,90,8.5,2.0,0.0,2.0,2.0,18,15.0,,,,1.0,2.0,0,0,3.0,7.0
359386,Martial Godo,Strasbourg,F,Strasbourg vs Paris Saint Germain,90,6.6,,0.0,1.0,,18,15.0,,,2.0,,1.0,0,0,2.0,4.0
359386,Martial Godo,Strasbourg,F,Le Havre vs Strasbourg,76,7.7,1.0,0.0,1.0,1.0,21,10.0,,2.0,,1.0,2.0,0,0,4.0,8.0
359386,Martial Godo,Strasbourg,F,Marseille vs Strasbourg,90,6.7,,1.0,1.0,,33,29.0,,,2.0,1.0,2.0,0,0,3.0,10.0
359386,Martial Godo,Strasbourg,F,Strasbourg vs Lyon,90,7.9,1.0,0.0,3.0,2.0,24,20.0,,3.0,,2.0,4.0,0,0,7.0,13.0
359386,Martial Godo,Strasbourg,F,Strasbourg vs Lens,76,6.7,,0.0,,,14,9.0,,,2.0,,1.0,0,0,3.0,4.0
145476,Reda Khadra,Le Havre,M,Strasbourg vs Le Havre,21,6.9,,0.0,,,5,4.0,,2.0,,,,0,0,3.0,4.0
145476,Reda Khadra,Le Havre,M,Metz vs Le Havre,85,7,,0.0,2.0,2.0,17,13.0,,,,2.0,,0,0,5.0,10.0
145476,Reda Khadra,Le Havre,M,Toulouse vs Le Havre,24,6.7,,0.0,,,2,2.0,,1.0,,,,0,0,1.0,3.0
145476,Reda Khadra,Le Havre,M,Le Havre vs Nantes,27,6.9,,0.0,1.0,,8,5.0,,2.0,,,,0,0,3.0,5.0
145476,Reda Khadra,Le Havre,M,Paris Saint Germain vs Le Havre,32,6.2,,0.0,,,4,3.0,,1.0,,1.0,,0,0,1.0,5.0
145476,Reda Khadra,Le Havre,M,Le Havre vs Lille,10,6.6,,0.0,1.0,1.0,6,6.0,,,,,1.0,0,0,1.0,2.0
375990,Pathé Mboup,Stade Brestois 29,F,Stade Brestois 29 vs Paris FC,45,6.3,,0.0,1.0,,6,4.0,,,1.0,1.0,,0,0,2.0,9.0
375990,Pathé Mboup,Stade Brestois 29,F,Stade Brestois 29 vs Nice,61,6.2,,0.0,1.0,,14,7.0,,,,3.0,2.0,0,0,2.0,9.0
375990,Pathé Mboup,Stade Brestois 29,F,Angers vs Stade Brestois 29,27,6.5,,0.0,,,4,3.0,,,,1.0,,0,0,2.0,5.0
375990,Pathé Mboup,Stade Brestois 29,F,Stade Brestois 29 vs Nantes,78,6.6,,0.0,1.0,1.0,15,9.0,,2.0,1.0,2.0,4.0,1,0,8.0,20.0
375990,Pathé Mboup,Stade Brestois 29,F,Lorient vs Stade Brestois 29,9,6.3,,0.0,,,0,,,,,,,0,0,,1.0
375990,Pathé Mboup,Stade Brestois 29,F,Stade Brestois 29 vs Paris Saint Germain,67,6.7,,0.0,3.0,1.0,11,10.0,,4.0,1.0,1.0,1.0,1,0,7.0,9.0
375990,Pathé Mboup,Stade Brestois 29,F,Le Havre vs Stade Brestois 29,16,6.3,,0.0,,,6,4.0,,,,,1.0,0,0,2.0,4.0
375990,Pathé Mboup,Stade Brestois 29,F,Stade Brestois 29 vs Lyon,82,6.7,,0.0,1.0,1.0,14,13.0,,2.0,3.0,4.0,1.0,1,0,8.0,17.0
375990,Pathé Mboup,Stade Brestois 29,F,Marseille vs Stade Brestois 29,45,6.2,,0.0,1.0,1.0,12,8.0,,1.0,1.0,1.0,,1,0,1.0,2.0
375990,Pathé Mboup,Stade Brestois 29,F,Stade Brestois 29 vs Metz,78,8.3,1.0,0.0,3.0,1.0,22,19.0,,4.0,,3.0,1.0,0,0,8.0,13.0
375990,Pathé Mboup,Stade Brestois 29,F,Strasbourg vs Stade Brestois 29,65,6.7,,0.0,1.0,1.0,6,4.0,,1.0,,1.0,2.0,0,0,7.0,14.0
375990,Pathé Mboup,Stade Brestois 29,F,Stade Brestois 29 vs Monaco,21,6.2,,0.0,,,1,,,1.0,,2.0,1.0,1,0,2.0,7.0
375990,Pathé Mboup,Stade Brestois 29,F,Rennes vs Stade Brestois 29,90,5.3,,0.0,2.0,2.0,10,7.0,,1.0,2.0,1.0,,0,0,4.0,20.0
375990,Pathé Mboup,Stade Brestois 29,F,Stade Brestois 29 vs Auxerre,71,5.9,,0.0,,,20,18.0,,,1.0,3.0,,0,0,2.0,16.0
375990,Pathé Mboup,Stade Brestois 29,F,Lyon vs Stade Brestois 29,33,6.5,,0.0,,,5,4.0,,,,,2.0,0,0,2.0,9.0
375990,Pathé Mboup,Stade Brestois 29,F,Stade Brestois 29 vs Toulouse,45,6.3,,0.0,1.0,1.0,18,16.0,,,,1.0,,0,0,2.0,10.0
375990,Pathé Mboup,Stade Brestois 29,F,Nice vs Stade Brestois 29,20,6.3,,0.0,,,10,10.0,,,,1.0,,0,0,,6.0
375990,Pathé Mboup,Stade Brestois 29,F,Lille vs Stade Brestois 29,20,5.9,,0.0,,,3,2.0,,,,4.0,,0,0,,8.0
90594,Junior Dina Ebimbe,Stade Brestois 29,M,Stade Brestois 29 vs Paris FC,22,6.6,,0.0,,,12,8.0,,1.0,,,,0,0,3.0,4.0
90594,Junior Dina Ebimbe,Stade Brestois 29,M,Stade Brestois 29 vs Nice,11,6.9,,0.0,,,7,6.0,,2.0,,,,0,0,2.0,2.0
90594,Junior Dina Ebimbe,Stade Brestois 29,M,Angers vs Stade Brestois 29,15,6.7,,0.0,,,1,1.0,,,,,,0,0,1.0,2.0
90594,Junior Dina Ebimbe,Stade Brestois 29,M,Stade Brestois 29 vs Nantes,78,6.9,,0.0,1.0,1.0,7,4.0,,3.0,,1.0,,0,0,3.0,5.0
90594,Junior Dina Ebimbe,Stade Brestois 29,M,Lorient vs Stade Brestois 29,64,6.9,1.0,0.0,3.0,1.0,7,4.0,,,,2.0,1.0,0,0,1.0,5.0
90594,Junior Dina Ebimbe,Stade Brestois 29,M,Stade Brestois 29 vs Paris Saint Germain,67,6.9,,0.0,,,10,6.0,,3.0,,2.0,1.0,0,0,4.0,7.0
90594,Junior Dina Ebimbe,Stade Brestois 29,M,Le Havre vs Stade Brestois 29,57,6.5,,0.0,,,11,8.0,,1.0,,,1.0,0,0,3.0,7.0
90594,Junior Dina Ebimbe,Stade Brestois 29,M,Stade Brestois 29 vs Lyon,8,6.7,,0.0,,,3,2.0,,,,,,0,0,1.0,1.0
90594,Junior Dina Ebimbe,Stade Brestois 29,M,Marseille vs Stade Brestois 29,8,6.7,,0.0,,,3,2.0,,,,,,0,0,,
90594,Junior Dina Ebimbe,Stade Brestois 29,M,Stade Brestois 29 vs Monaco,13,6.3,,0.0,,,3,3.0,,1.0,1.0,,1.0,0,0,2.0,5.0
90594,Junior Dina Ebimbe,Stade Brestois 29,M,Rennes vs Stade Brestois 29,9,6.3,,0.0,,,2,2.0,,1.0,,1.0,,1,0,1.0,2.0
90594,Junior Dina Ebimbe,Stade Brestois 29,M,Lyon vs Stade Brestois 29,9,7.3,1.0,0.0,2.0,1.0,4,2.0,,,,,,0,0,1.0,3.0
90594,Junior Dina Ebimbe,Stade Brestois 29,M,Stade Brestois 29 vs Toulouse,17,6.5,,0.0,1.0,,3,2.0,,,,,,0,0,,1.0
90594,Junior Dina Ebimbe,Stade Brestois 29,M,Nice vs Stade Brestois 29,13,6.7,,0.0,,,4,4.0,,1.0,,,,0,0,1.0,1.0
90594,Junior Dina Ebimbe,Stade Brestois 29,M,Stade Brestois 29 vs Lorient,17,6.2,,0.0,1.0,1.0,7,6.0,,,,,,0,0,,2.0
90594,Junior Dina Ebimbe,Stade Brestois 29,M,Lille vs Stade Brestois 29,77,5.9,,0.0,,,16,9.0,,,1.0,4.0,2.0,0,0,2.0,11.0
90594,Junior Dina Ebimbe,Stade Brestois 29,M,Stade Brestois 29 vs Marseille,73,7.3,,0.0,2.0,1.0,19,16.0,,2.0,,2.0,1.0,0,0,5.0,10.0
326073,Remy Labeau Lascary,Stade Brestois 29,F,Stade Brestois 29 vs Paris FC,12,6.7,,0.0,,,3,3.0,,,,1.0,1.0,0,0,1.0,3.0
326073,Remy Labeau Lascary,Stade Brestois 29,F,Stade Brestois 29 vs Nice,29,7.2,1.0,0.0,1.0,1.0,7,5.0,,,,4.0,1.0,1,0,4.0,12.0
326073,Remy Labeau Lascary,Stade Brestois 29,F,Angers vs Stade Brestois 29,63,7.3,1.0,0.0,2.0,1.0,13,11.0,,,1.0,1.0,3.0,0,0,3.0,8.0
326073,Remy Labeau Lascary,Stade Brestois 29,F,Lorient vs Stade Brestois 29,26,6.3,,0.0,,,3,3.0,,,,1.0,,0,0,,1.0
326073,Remy Labeau Lascary,Stade Brestois 29,F,Stade Brestois 29 vs Lyon,18,6.6,,0.0,1.0,1.0,3,3.0,,2.0,,1.0,,0,0,3.0,6.0
326073,Remy Labeau Lascary,Stade Brestois 29,F,Marseille vs Stade Brestois 29,45,6.3,,0.0,1.0,1.0,8,6.0,,,,1.0,,0,0,2.0,5.0
326073,Remy Labeau Lascary,Stade Brestois 29,F,Stade Brestois 29 vs Metz,23,6.3,,0.0,,,4,3.0,,,,1.0,1.0,0,0,1.0,3.0
326073,Remy Labeau Lascary,Stade Brestois 29,F,Strasbourg vs Stade Brestois 29,25,6.2,,0.0,,,3,2.0,,,,,,0,0,1.0,4.0
326073,Remy Labeau Lascary,Stade Brestois 29,F,Stade Brestois 29 vs Monaco,32,6.3,,0.0,2.0,1.0,3,,,,,,,0,0,,2.0
326073,Remy Labeau Lascary,Stade Brestois 29,F,Rennes vs Stade Brestois 29,20,6.2,,0.0,2.0,1.0,1,1.0,,1.0,,3.0,,0,0,1.0,4.0
326073,Remy Labeau Lascary,Stade Brestois 29,F,Stade Brestois 29 vs Auxerre,68,7.2,,1.0,2.0,1.0,19,16.0,,1.0,,,1.0,0,0,5.0,9.0
326073,Remy Labeau Lascary,Stade Brestois 29,F,Lyon vs Stade Brestois 29,57,6.3,,0.0,,,15,12.0,,,1.0,,2.0,0,0,4.0,7.0
326073,Remy Labeau Lascary,Stade Brestois 29,F,Stade Brestois 29 vs Toulouse,83,6.3,,0.0,1.0,1.0,17,13.0,,,,1.0,1.0,0,0,3.0,8.0
326073,Remy Labeau Lascary,Stade Brestois 29,F,Nice vs Stade Brestois 29,70,6,,0.0,1.0,,16,15.0,,2.0,,1.0,,1,0,2.0,8.0
326073,Remy Labeau Lascary,Stade Brestois 29,F,Stade Brestois 29 vs Lorient,73,7.3,1.0,0.0,2.0,1.0,16,13.0,,2.0,1.0,3.0,,0,0,3.0,12.0
326073,Remy Labeau Lascary,Stade Brestois 29,F,Lille vs Stade Brestois 29,70,8.3,1.0,0.0,3.0,2.0,13,8.0,,2.0,1.0,,,0,0,3.0,7.0
326073,Remy Labeau Lascary,Stade Brestois 29,F,Stade Brestois 29 vs Marseille,17,6.3,,0.0,,,1,1.0,,,,1.0,,0,0,,4.0
302868,Daouda Guindo,Stade Brestois 29,D,Stade Brestois 29 vs Paris FC,11,6.6,,0.0,,,8,7.0,,,,,,0,0,,
302868,Daouda Guindo,Stade Brestois 29,D,Stade Brestois 29 vs Nice,11,6.6,,0.0,,,3,3.0,,1.0,,,,0,0,1.0,1.0
302868,Daouda Guindo,Stade Brestois 29,D,Stade Brestois 29 vs Nantes,12,6.7,,0.0,,,3,3.0,,,,,,0,0,,1.0
302868,Daouda Guindo,Stade Brestois 29,D,Stade Brestois 29 vs Paris Saint Germain,11,6.3,,0.0,,,8,8.0,,,,,,0,0,,
302868,Daouda Guindo,Stade Brestois 29,D,Le Havre vs Stade Brestois 29,74,6.5,,0.0,,,36,30.0,,2.0,,2.0,,1,0,2.0,4.0
302868,Daouda Guindo,Stade Brestois 29,D,Marseille vs Stade Brestois 29,57,6.3,,0.0,1.0,,23,19.0,,,,,1.0,0,0,1.0,1.0
302868,Daouda Guindo,Stade Brestois 29,D,Stade Brestois 29 vs Metz,90,6.5,,0.0,1.0,,33,25.0,,3.0,2.0,2.0,,0,0,5.0,9.0
302868,Daouda Guindo,Stade Brestois 29,D,Strasbourg vs Stade Brestois 29,90,6.3,,0.0,,,29,24.0,,1.0,1.0,3.0,3.0,0,0,5.0,11.0
302868,Daouda Guindo,Stade Brestois 29,D,Stade Brestois 29 vs Monaco,90,7.2,,0.0,2.0,1.0,33,27.0,,3.0,,1.0,1.0,0,0,4.0,6.0
302868,Daouda Guindo,Stade Brestois 29,D,Rennes vs Stade Brestois 29,88,5.5,,0.0,1.0,1.0,27,13.0,,,,1.0,1.0,0,0,1.0,4.0
302868,Daouda Guindo,Stade Brestois 29,D,Stade Brestois 29 vs Auxerre,90,6.7,,0.0,1.0,,41,31.0,,1.0,1.0,2.0,,1,0,2.0,6.0
302868,Daouda Guindo,Stade Brestois 29,D,Lyon vs Stade Brestois 29,21,6.6,,0.0,,,12,8.0,,,2.0,1.0,2.0,0,0,2.0,4.0
302868,Daouda Guindo,Stade Brestois 29,D,Stade Brestois 29 vs Toulouse,90,6.2,,0.0,1.0,,57,47.0,,2.0,2.0,2.0,1.0,1,0,5.0,8.0
302868,Daouda Guindo,Stade Brestois 29,D,Nice vs Stade Brestois 29,90,6.9,,0.0,1.0,,22,21.0,,7.0,3.0,3.0,1.0,0,0,8.0,13.0
302868,Daouda Guindo,Stade Brestois 29,D,Stade Brestois 29 vs Lorient,90,6.9,,0.0,1.0,1.0,27,20.0,,1.0,2.0,1.0,1.0,0,0,4.0,6.0
302868,Daouda Guindo,Stade Brestois 29,D,Lille vs Stade Brestois 29,90,6.3,,0.0,2.0,1.0,25,18.0,,2.0,4.0,1.0,,0,0,2.0,6.0
302868,Daouda Guindo,Stade Brestois 29,D,Stade Brestois 29 vs Marseille,90,6.6,,0.0,2.0,,22,17.0,,4.0,1.0,2.0,1.0,0,0,5.0,8.0
20535,Habib Diallo,Metz,F,Metz vs Angers,90,5.5,,0.0,2.0,2.0,15,12.0,,,1.0,1.0,,0,0,4.0,13.0
20535,Habib Diallo,Metz,F,Monaco vs Metz,90,7.7,1.0,0.0,1.0,1.0,11,5.0,,,,1.0,2.0,0,0,8.0,13.0
20535,Habib Diallo,Metz,F,Metz vs Le Havre,90,6.3,,0.0,1.0,,8,8.0,,,,3.0,2.0,0,0,5.0,12.0
20535,Habib Diallo,Metz,F,Metz vs Marseille,79,6.2,,0.0,,,8,5.0,,,,1.0,1.0,0,0,2.0,11.0
20535,Habib Diallo,Metz,F,Toulouse vs Metz,84,6.9,,0.0,1.0,1.0,7,5.0,,,,,,0,0,1.0,5.0
20535,Habib Diallo,Metz,F,Lille vs Metz,90,6.9,,1.0,,,20,13.0,,1.0,,,3.0,0,0,9.0,15.0
20535,Habib Diallo,Metz,F,Metz vs Lens,90,6.2,,0.0,2.0,1.0,6,5.0,,2.0,,6.0,1.0,0,0,4.0,16.0
20535,Habib Diallo,Metz,F,Nantes vs Metz,89,8.2,1.0,0.0,4.0,2.0,15,6.0,,1.0,,,2.0,0,0,8.0,10.0
20535,Habib Diallo,Metz,F,Metz vs Nice,88,8.3,1.0,0.0,2.0,1.0,17,11.0,,1.0,,3.0,3.0,0,0,8.0,13.0
20535,Habib Diallo,Metz,F,Auxerre vs Metz,45,6,,0.0,1.0,,4,3.0,,,,1.0,1.0,0,0,1.0,5.0
20535,Habib Diallo,Metz,F,Metz vs Paris Saint Germain,90,6.6,,0.0,2.0,1.0,18,11.0,,,,,2.0,0,0,10.0,18.0
20535,Habib Diallo,Metz,F,Metz vs Lyon,90,7.3,1.0,0.0,2.0,2.0,7,4.0,,,1.0,1.0,1.0,0,0,3.0,6.0
20535,Habib Diallo,Metz,F,Angers vs Metz,90,6.5,,0.0,1.0,,11,9.0,,,,2.0,,0,0,5.0,14.0
20535,Habib Diallo,Metz,F,Metz vs Lille,90,6.5,,0.0,1.0,,13,8.0,,,,2.0,,0,0,7.0,20.0
20535,Habib Diallo,Metz,F,Metz vs Auxerre,90,6.5,,0.0,,,13,8.0,,,,1.0,1.0,0,0,4.0,9.0
20535,Habib Diallo,Metz,F,Paris Saint Germain vs Metz,90,6.6,,0.0,,,12,5.0,,,,1.0,3.0,0,0,8.0,14.0
20692,Himad Abdelli,Angers,M,Metz vs Angers,19,7.5,1.0,0.0,1.0,1.0,17,15.0,,1.0,,,,0,0,1.0,3.0
20692,Himad Abdelli,Angers,M,Lyon vs Angers,29,7,,0.0,,,15,13.0,,,,,,0,0,,1.0
20692,Himad Abdelli,Angers,M,Angers vs Stade Brestois 29,70,6.5,,0.0,,,36,26.0,,,2.0,1.0,,0,0,2.0,6.0
20692,Himad Abdelli,Angers,M,Strasbourg vs Angers,72,6.2,,0.0,,,34,29.0,,1.0,3.0,1.0,2.0,0,0,4.0,9.0
20692,Himad Abdelli,Angers,M,Angers vs Monaco,71,6.9,,0.0,1.0,,32,29.0,,3.0,1.0,1.0,,0,0,6.0,11.0
20692,Himad Abdelli,Angers,M,Angers vs Lorient,89,7.7,,0.0,,,50,41.0,,4.0,2.0,1.0,,0,0,7.0,11.0
20692,Himad Abdelli,Angers,M,Marseille vs Angers,90,6.7,,0.0,,,71,61.0,,1.0,,2.0,2.0,0,0,3.0,7.0
20692,Himad Abdelli,Angers,M,Lille vs Angers,90,6.9,,0.0,,,66,59.0,,1.0,,2.0,1.0,0,0,5.0,8.0
20692,Himad Abdelli,Angers,M,Angers vs Auxerre,90,7.2,,0.0,2.0,1.0,55,52.0,,1.0,,3.0,,0,0,4.0,9.0
20692,Himad Abdelli,Angers,M,Toulouse vs Angers,89,7.2,,0.0,,,65,56.0,,3.0,2.0,3.0,2.0,0,0,7.0,12.0
20692,Himad Abdelli,Angers,M,Angers vs Lens,58,6.9,,0.0,1.0,,37,33.0,,1.0,2.0,,2.0,0,0,5.0,6.0
20692,Himad Abdelli,Angers,M,Nice vs Angers,90,7.5,,0.0,,,65,58.0,,3.0,1.0,1.0,1.0,0,0,5.0,12.0
20692,Himad Abdelli,Angers,M,Angers vs Nantes,89,7.9,1.0,0.0,4.0,3.0,70,64.0,,2.0,1.0,1.0,2.0,1,0,7.0,12.0
20692,Himad Abdelli,Angers,M,Paris Saint Germain vs Marseille,28,6,,0.0,1.0,1.0,7,4.0,,,,2.0,,0,0,,2.0
20692,Himad Abdelli,Angers,M,Marseille vs Strasbourg,19,6.3,,0.0,,,18,16.0,,,,,,0,0,,1.0
20692,Himad Abdelli,Angers,M,Stade Brestois 29 vs Marseille,11,6.9,,0.0,,,14,13.0,,,,,,0,0,1.0,1.0
405074,Justin-Noel Kalumba,Angers,F,Metz vs Angers,10,6.3,,0.0,,,4,3.0,,,,,,0,0,1.0,2.0
405074,Justin-Noel Kalumba,Angers,F,Lyon vs Angers,62,6.7,,0.0,,,15,11.0,,2.0,,,1.0,0,0,4.0,8.0
405074,Justin-Noel Kalumba,Angers,F,Angers vs Stade Brestois 29,90,7,,0.0,,,39,31.0,,,,2.0,2.0,0,0,4.0,13.0
405074,Justin-Noel Kalumba,Angers,F,Strasbourg vs Angers,63,6.2,,0.0,,,17,12.0,,4.0,1.0,1.0,,0,0,5.0,16.0
421,Breel Embolo,Rennes,F,Rennes vs Lyon,69,5.6,,0.0,2.0,1.0,8,6.0,,,2.0,8.0,2.0,0,0,2.0,16.0
421,Breel Embolo,Rennes,F,Nantes vs Rennes,65,6.7,,0.0,,,9,6.0,,,,1.0,2.0,0,0,3.0,5.0
421,Breel Embolo,Rennes,F,Rennes vs Lens,61,6.2,,0.0,,,9,5.0,,,,1.0,1.0,0,0,1.0,3.0
421,Breel Embolo,Rennes,F,Le Havre vs Rennes,90,7.5,1.0,0.0,1.0,1.0,13,7.0,,2.0,,,3.0,0,0,7.0,13.0
421,Breel Embolo,Rennes,F,Rennes vs Auxerre,77,7.7,1.0,0.0,4.0,3.0,19,13.0,,1.0,,2.0,,0,0,3.0,9.0
421,Breel Embolo,Rennes,F,Rennes vs Nice,90,6.7,,0.0,2.0,1.0,15,8.0,,2.0,,2.0,6.0,1,0,10.0,19.0
421,Breel Embolo,Rennes,F,Toulouse vs Rennes,21,6.3,,0.0,,,2,1.0,,,,2.0,2.0,0,0,2.0,5.0
421,Breel Embolo,Rennes,F,Rennes vs Strasbourg,22,6.7,,0.0,,,6,6.0,,1.0,,1.0,1.0,0,0,3.0,6.0
421,Breel Embolo,Rennes,F,Paris FC vs Rennes,24,7.9,1.0,0.0,1.0,1.0,2,1.0,,1.0,,1.0,,0,0,1.0,4.0
421,Breel Embolo,Rennes,F,Rennes vs Monaco,89,7.5,1.0,0.0,2.0,2.0,19,19.0,,3.0,,1.0,,0,0,8.0,15.0
421,Breel Embolo,Rennes,F,Metz vs Rennes,90,7,,1.0,1.0,,21,15.0,,5.0,,1.0,3.0,0,0,11.0,15.0
421,Breel Embolo,Rennes,F,Paris Saint Germain vs Rennes,82,6.2,,0.0,1.0,,18,17.0,,,,,2.0,0,0,3.0,9.0
421,Breel Embolo,Rennes,F,Rennes vs Stade Brestois 29,79,6.9,,0.0,,,17,14.0,,,2.0,1.0,6.0,0,0,7.0,12.0
421,Breel Embolo,Rennes,F,Lille vs Rennes,90,6.5,,1.0,1.0,,26,19.0,,,,3.0,2.0,0,0,3.0,8.0
421,Breel Embolo,Rennes,F,Rennes vs Le Havre,101,7.7,1.0,,1.0,1.0,6,6.0,,,,4.0,2.0,0,0,3.0,12.0
421,Breel Embolo,Rennes,F,Rennes vs Lorient,81,6.3,,0.0,2.0,,9,5.0,,,,1.0,1.0,0,0,3.0,6.0
421,Breel Embolo,Rennes,F,Monaco vs Rennes,90,6.2,,0.0,1.0,,22,15.0,,,,2.0,2.0,1,0,4.0,12.0
421,Breel Embolo,Rennes,F,Lens vs Rennes,90,5.9,,0.0,1.0,,17,12.0,,,,3.0,3.0,1,0,4.0,12.0
421,Breel Embolo,Rennes,F,Rennes vs Paris Saint Germain,16,7.2,1.0,0.0,1.0,1.0,6,5.0,,,,,1.0,0,0,2.0,4.0
421,Breel Embolo,Rennes,F,Auxerre vs Rennes,22,6.3,,0.0,,,4,2.0,,,,2.0,,0,0,1.0,7.0
18780,Rachid Ghezzal,Lyon,F,Rennes vs Lyon,23,6.5,,0.0,,,14,11.0,,2.0,,1.0,,0,0,3.0,7.0
18780,Rachid Ghezzal,Lyon,F,Nice vs Lyon,22,6.7,,0.0,1.0,1.0,17,15.0,,2.0,,1.0,,0,0,2.0,4.0
18780,Rachid Ghezzal,Lyon,F,Lyon vs Strasbourg,13,6.6,,0.0,,,5,4.0,,1.0,,1.0,,0,0,2.0,2.0
18780,Rachid Ghezzal,Lyon,F,Stade Brestois 29 vs Lyon,14,6.2,,0.0,,,6,3.0,,,,,,0,0,,2.0
18780,Rachid Ghezzal,Lyon,F,Lyon vs Paris Saint Germain,64,6.2,,0.0,,,20,15.0,,,,,,0,0,1.0,5.0
61142,Dominik Greif,Lyon,G,Lyon vs Angers,90,7.6,,0.0,,,25,22.0,,,,,,0,0,,
61142,Dominik Greif,Lyon,G,Lille vs Lyon,90,8.7,,0.0,,,45,35.0,,,,,1.0,0,0,2.0,2.0
61142,Dominik Greif,Lyon,G,Lyon vs Toulouse,90,6,,0.0,,,51,45.0,,,,,,0,0,,
61142,Dominik Greif,Lyon,G,Nice vs Lyon,90,6.2,,0.0,,,25,23.0,,,,,,0,0,,1.0
61142,Dominik Greif,Lyon,G,Lyon vs Strasbourg,90,6.7,,0.0,,,32,27.0,,,,,1.0,0,0,1.0,1.0
61142,Dominik Greif,Lyon,G,Paris FC vs Lyon,90,6.5,,1.0,,,34,28.0,,,,,,0,0,,
61142,Dominik Greif,Lyon,G,Stade Brestois 29 vs Lyon,90,7.3,,0.0,,,45,33.0,,,,,,0,0,3.0,3.0
61142,Dominik Greif,Lyon,G,Lyon vs Paris Saint Germain,90,5.6,,0.0,,,33,21.0,,,,,,0,0,,
61142,Dominik Greif,Lyon,G,Auxerre vs Lyon,90,8.5,,0.0,,,40,35.0,,,,,1.0,0,0,1.0,1.0
61142,Dominik Greif,Lyon,G,Lyon vs Nantes,90,6.9,,0.0,,,17,15.0,,,,,,0,0,,
61142,Dominik Greif,Lyon,G,Lorient vs Lyon,90,7,,0.0,,,29,22.0,,,,,,0,0,,
61142,Dominik Greif,Lyon,G,Lyon vs Le Havre,90,8,,0.0,,,36,27.0,,,,,1.0,0,0,1.0,1.0
61142,Dominik Greif,Lyon,G,Monaco vs Lyon,90,6.7,,0.0,,,27,19.0,,,,,,0,0,,
61142,Dominik Greif,Lyon,G,Lyon vs Stade Brestois 29,90,6.5,,0.0,,,18,17.0,,,,,,0,0,,
61142,Dominik Greif,Lyon,G,Metz vs Lyon,90,6.7,,0.0,,,31,24.0,,,,,,0,0,,
61142,Dominik Greif,Lyon,G,Lyon vs Lille,90,7.3,,0.0,,,42,32.0,,,,,,0,0,1.0,1.0
61142,Dominik Greif,Lyon,G,Nantes vs Lyon,90,6.7,,0.0,,,28,15.0,,,,,,1,0,,
61142,Dominik Greif,Lyon,G,Lyon vs Nice,90,8.2,,0.0,,,38,35.0,,,,,,0,0,,
61142,Dominik Greif,Lyon,G,Strasbourg vs Lyon,90,6.7,,0.0,,,38,29.0,,,,,,0,0,,
195512,Martín Satriano,Lyon,F,Lyon vs Angers,81,6,,0.0,2.0,1.0,12,12.0,,,,3.0,1.0,0,0,1.0,6.0
195512,Martín Satriano,Lyon,F,Lyon vs Toulouse,90,6.9,,1.0,,,22,20.0,,,1.0,1.0,,0,0,4.0,9.0
195512,Martín Satriano,Lyon,F,Nice vs Lyon,90,6.2,,0.0,1.0,,25,23.0,,,,1.0,1.0,0,0,3.0,12.0
195512,Martín Satriano,Lyon,F,Lyon vs Strasbourg,13,6.3,,0.0,1.0,,5,5.0,,,,,,0,0,,
195512,Martín Satriano,Lyon,F,Paris FC vs Lyon,14,6.5,,0.0,,,1,1.0,,,,,2.0,0,0,2.0,5.0
195512,Martín Satriano,Lyon,F,Stade Brestois 29 vs Lyon,76,6.3,,0.0,,,27,20.0,,,1.0,,2.0,0,0,5.0,11.0
195512,Martín Satriano,Lyon,F,Auxerre vs Lyon,90,6.3,,0.0,3.0,3.0,12,7.0,,2.0,1.0,2.0,,0,0,4.0,12.0
195512,Martín Satriano,Lyon,F,Lyon vs Nantes,85,9,2.0,0.0,4.0,2.0,16,14.0,,2.0,1.0,1.0,1.0,0,0,5.0,6.0
195512,Martín Satriano,Lyon,F,Lorient vs Lyon,90,6.3,,0.0,1.0,1.0,23,17.0,,,1.0,2.0,5.0,0,0,9.0,19.0
195512,Martín Satriano,Lyon,F,Lyon vs Le Havre,73,6.3,,0.0,1.0,,13,11.0,,1.0,1.0,1.0,1.0,0,0,2.0,4.0
438692,Mathys de Carvalho,Lyon,M,Lyon vs Angers,9,6.6,,0.0,1.0,,12,12.0,,1.0,,,,0,0,1.0,1.0
438692,Mathys de Carvalho,Lyon,M,Paris FC vs Lyon,90,7.3,,0.0,1.0,,57,54.0,,2.0,1.0,,4.0,1,0,8.0,10.0
438692,Mathys de Carvalho,Lyon,M,Stade Brestois 29 vs Lyon,15,6.6,,0.0,,,3,3.0,,,,,1.0,0,0,1.0,2.0
438692,Mathys de Carvalho,Lyon,M,Auxerre vs Lyon,27,7.2,,0.0,1.0,1.0,28,27.0,,1.0,,,,0,0,3.0,5.0
438692,Mathys de Carvalho,Lyon,M,Lyon vs Nantes,72,7.2,,0.0,1.0,,49,46.0,,2.0,2.0,1.0,,0,0,3.0,7.0
438692,Mathys de Carvalho,Lyon,M,Lorient vs Lyon,45,6.3,,0.0,1.0,1.0,25,22.0,,1.0,1.0,,,0,0,1.0,2.0
438692,Mathys de Carvalho,Lyon,M,Lyon vs Le Havre,17,6.2,,0.0,1.0,,4,4.0,,,,1.0,,0,0,,2.0
438692,Mathys de Carvalho,Lyon,M,Metz vs Lyon,16,6.5,,0.0,,,9,8.0,,,,,,0,0,,2.0
471106,Enzo Molebe,Lyon,F,Lyon vs Angers,9,6.2,,0.0,,,5,3.0,,,,,,0,0,,1.0
30423,Hans Hateboer,Rennes,M,Nantes vs Rennes,21,5.2,,0.0,,,8,8.0,,,,2.0,,0,0,1.0,3.0
30423,Hans Hateboer,Rennes,M,Paris FC vs Lyon,16,6.2,,0.0,,,14,12.0,,1.0,,,,0,0,3.0,3.0
30423,Hans Hateboer,Rennes,M,Stade Brestois 29 vs Lyon,8,3,,0.0,,,2,2.0,,,,1.0,,0,1,,1.0
30423,Hans Hateboer,Rennes,M,Lyon vs Nantes,72,6.5,,0.0,2.0,,50,41.0,,,,1.0,1.0,0,0,1.0,2.0
30423,Hans Hateboer,Rennes,M,Lorient vs Lyon,45,6.7,,0.0,,,25,22.0,,,,,,0,0,1.0,2.0
30423,Hans Hateboer,Rennes,M,Lyon vs Le Havre,85,7.2,,0.0,2.0,1.0,25,21.0,,,1.0,1.0,1.0,0,0,2.0,6.0
30423,Hans Hateboer,Rennes,M,Metz vs Lyon,90,6.2,,0.0,,,28,22.0,,1.0,3.0,,,0,0,1.0,1.0
30423,Hans Hateboer,Rennes,M,Nantes vs Lyon,14,6.7,,0.0,,,0,,,1.0,,,,0,0,1.0,1.0
30423,Hans Hateboer,Rennes,M,Lyon vs Nice,90,6.6,,0.0,,,56,51.0,,1.0,1.0,3.0,1.0,0,0,4.0,12.0
274312,Mohamed-Ali Cho,Nice,F,Stade Brestois 29 vs Nice,11,6.7,,0.0,,,4,4.0,,,,,1.0,0,0,2.0,4.0
274312,Mohamed-Ali Cho,Nice,F,Nice vs Paris FC,68,6.9,,1.0,,,19,16.0,,,,1.0,1.0,0,0,1.0,7.0
274312,Mohamed-Ali Cho,Nice,F,Monaco vs Nice,72,6.9,,1.0,,,11,10.0,,1.0,,,3.0,0,0,5.0,14.0
274312,Mohamed-Ali Cho,Nice,F,Nice vs Lyon,73,6.3,,0.0,,,9,4.0,,,,1.0,,0,0,1.0,8.0
274312,Mohamed-Ali Cho,Nice,F,Metz vs Nice,79,7.7,1.0,0.0,3.0,1.0,26,23.0,,1.0,1.0,,,0,0,2.0,5.0
274312,Mohamed-Ali Cho,Nice,F,Nice vs Marseille,77,8.2,1.0,0.0,2.0,2.0,31,28.0,,,,,3.0,0,0,5.0,11.0
274312,Mohamed-Ali Cho,Nice,F,Lorient vs Nice,76,6.9,,0.0,1.0,,23,20.0,,,1.0,,2.0,0,0,5.0,8.0
274312,Mohamed-Ali Cho,Nice,F,Nice vs Angers,77,5.9,,0.0,,,15,8.0,,,,1.0,2.0,0,0,3.0,10.0
274312,Mohamed-Ali Cho,Nice,F,Lens vs Nice,90,6.7,,0.0,2.0,1.0,26,22.0,,,1.0,,1.0,0,0,4.0,11.0
274312,Mohamed-Ali Cho,Nice,F,Nice vs Strasbourg,90,6.6,,0.0,,,18,10.0,,1.0,,,2.0,0,0,5.0,11.0
274312,Mohamed-Ali Cho,Nice,F,Toulouse vs Nice,45,6.6,,0.0,1.0,1.0,15,12.0,,1.0,,1.0,,0,0,1.0,6.0
274312,Mohamed-Ali Cho,Nice,F,Nantes vs Nice,89,8.9,2.0,0.0,3.0,2.0,22,12.0,,1.0,,,2.0,0,0,6.0,11.0
274312,Mohamed-Ali Cho,Nice,F,Nice vs Stade Brestois 29,67,6.7,,0.0,,,30,23.0,,3.0,,1.0,1.0,0,0,7.0,15.0
274312,Mohamed-Ali Cho,Nice,F,Lyon vs Nice,74,6.7,,0.0,1.0,,21,18.0,,,,2.0,2.0,0,0,4.0,11.0
274312,Mohamed-Ali Cho,Nice,F,Nice vs Lorient,90,7.2,,1.0,1.0,1.0,24,22.0,,2.0,,4.0,1.0,0,0,5.0,18.0
37151,Calvin Verdonk,Lille,D,Lens vs Lille,72,6.7,,0.0,,,66,52.0,,2.0,1.0,1.0,,1,0,6.0,9.0
37151,Calvin Verdonk,Lille,D,Lille vs Lyon,90,6.9,,0.0,,,51,42.0,,1.0,2.0,1.0,1.0,0,0,4.0,6.0
37151,Calvin Verdonk,Lille,D,Nantes vs Lille,8,6.6,,0.0,,,4,4.0,,,,1.0,,0,0,1.0,2.0
37151,Calvin Verdonk,Lille,D,Lille vs Angers,90,7.2,,0.0,,,52,46.0,,1.0,3.0,3.0,,1,0,3.0,8.0
37151,Calvin Verdonk,Lille,D,Strasbourg vs Lille,8,6.3,,0.0,,,4,3.0,,,,1.0,,0,1,,1.0
37151,Calvin Verdonk,Lille,D,Lille vs Rennes,74,6.3,,0.0,1.0,,35,28.0,,2.0,,,,0,0,4.0,4.0
37151,Calvin Verdonk,Lille,D,Lille vs Strasbourg,21,6.6,,0.0,,,19,16.0,,2.0,1.0,1.0,,0,0,2.0,3.0
37151,Calvin Verdonk,Lille,D,Lyon vs Lille,12,7,,0.0,,,14,14.0,,,,,,0,0,,
37151,Calvin Verdonk,Lille,D,Metz vs Lille,8,6.7,,0.0,,,9,7.0,,,,,,0,0,,
37151,Calvin Verdonk,Lille,D,Angers vs Lille,84,6.7,,0.0,,,63,53.0,,,2.0,3.0,,0,0,,4.0
2202,Hamari Traoré,Paris FC,D,Paris FC vs Strasbourg,69,6.3,,0.0,1.0,,43,40.0,,4.0,1.0,1.0,,0,0,4.0,8.0
2202,Hamari Traoré,Paris FC,D,Nice vs Paris FC,89,7.3,,0.0,,,43,39.0,,3.0,,,1.0,0,0,7.0,8.0
2202,Hamari Traoré,Paris FC,D,Paris FC vs Lorient,68,7,,0.0,,,45,39.0,,2.0,2.0,1.0,,0,0,4.0,6.0
2202,Hamari Traoré,Paris FC,D,Lens vs Paris FC,90,6.3,,0.0,,,51,42.0,,,1.0,2.0,,1,0,2.0,4.0
2202,Hamari Traoré,Paris FC,D,Paris FC vs Nantes,45,6.2,,0.0,,,28,27.0,,3.0,1.0,1.0,,1,0,4.0,6.0
2202,Hamari Traoré,Paris FC,D,Lille vs Paris FC,90,5.5,,0.0,,,45,25.0,,1.0,2.0,4.0,,1,0,3.0,9.0
2202,Hamari Traoré,Paris FC,D,Paris FC vs Auxerre,90,7.2,,0.0,,,40,32.0,,5.0,,2.0,1.0,0,0,7.0,11.0
2202,Hamari Traoré,Paris FC,D,Le Havre vs Paris FC,90,6.3,,0.0,,,45,40.0,,1.0,1.0,3.0,,0,0,1.0,5.0
2202,Hamari Traoré,Paris FC,D,Paris FC vs Toulouse,52,6,,0.0,,,29,25.0,,,,1.0,1.0,0,0,1.0,2.0
2202,Hamari Traoré,Paris FC,D,Nantes vs Paris FC,90,7.5,,1.0,,,40,28.0,,3.0,3.0,1.0,,0,0,5.0,7.0
2202,Hamari Traoré,Paris FC,D,Paris FC vs Angers,90,6.3,,0.0,,,49,39.0,,1.0,2.0,3.0,,0,0,2.0,4.0
161747,Guéla Doué,Strasbourg,D,Paris FC vs Strasbourg,29,6.6,1.0,0.0,1.0,1.0,5,4.0,,1.0,1.0,,,0,0,2.0,3.0
161747,Guéla Doué,Strasbourg,D,Strasbourg vs Marseille,84,6.7,,0.0,,,11,7.0,,1.0,,1.0,2.0,0,0,4.0,9.0
161747,Guéla Doué,Strasbourg,D,Strasbourg vs Angers,90,8.3,,1.0,,,116,105.0,,4.0,2.0,2.0,2.0,0,0,11.0,16.0
161747,Guéla Doué,Strasbourg,D,Paris Saint Germain vs Strasbourg,90,6.6,,1.0,,,22,20.0,,3.0,,3.0,4.0,0,0,8.0,19.0
161747,Guéla Doué,Strasbourg,D,Lyon vs Strasbourg,90,6.9,,1.0,,,24,19.0,,1.0,,5.0,3.0,1,0,6.0,14.0
161747,Guéla Doué,Strasbourg,D,Strasbourg vs Auxerre,90,7.5,,0.0,,,97,88.0,,3.0,,1.0,,0,0,6.0,8.0
161747,Guéla Doué,Strasbourg,D,Rennes vs Strasbourg,90,6.2,,0.0,1.0,,75,66.0,,2.0,,,1.0,0,0,6.0,8.0
161747,Guéla Doué,Strasbourg,D,Strasbourg vs Lille,90,6.9,,0.0,,,37,27.0,,2.0,1.0,1.0,1.0,0,0,5.0,10.0
161747,Guéla Doué,Strasbourg,D,Lens vs Strasbourg,89,6.2,,0.0,1.0,1.0,28,19.0,,2.0,3.0,3.0,,1,0,5.0,16.0
161747,Guéla Doué,Strasbourg,D,Strasbourg vs Stade Brestois 29,90,6.2,,0.0,,,71,58.0,,1.0,1.0,4.0,,0,0,6.0,13.0
161747,Guéla Doué,Strasbourg,D,Toulouse vs Strasbourg,75,6.7,,0.0,,,60,55.0,,,,,2.0,0,0,5.0,8.0
161747,Guéla Doué,Strasbourg,D,Strasbourg vs Lorient,90,7.3,,0.0,,,95,89.0,,2.0,1.0,1.0,,0,0,4.0,8.0
161747,Guéla Doué,Strasbourg,D,Strasbourg vs Metz,90,7.2,,1.0,,,60,55.0,,2.0,,1.0,,0,0,7.0,10.0
161747,Guéla Doué,Strasbourg,D,Lille vs Strasbourg,76,7.3,,1.0,,,36,29.0,,2.0,1.0,3.0,,1,0,8.0,13.0
161747,Guéla Doué,Strasbourg,D,Strasbourg vs Paris Saint Germain,90,7.3,1.0,0.0,2.0,1.0,35,28.0,,3.0,4.0,2.0,,0,0,7.0,12.0
161747,Guéla Doué,Strasbourg,D,Marseille vs Strasbourg,90,6.3,,0.0,1.0,1.0,51,40.0,,2.0,,4.0,1.0,0,0,9.0,18.0
161747,Guéla Doué,Strasbourg,D,Strasbourg vs Lyon,90,6.3,,0.0,1.0,,50,43.0,,2.0,3.0,1.0,1.0,0,0,5.0,8.0
161747,Guéla Doué,Strasbourg,D,Strasbourg vs Lens,90,6.3,,0.0,,,45,37.0,,1.0,1.0,3.0,2.0,0,0,4.0,13.0
81,Krépin Diatta,Monaco,M,Monaco vs Metz,57,7.2,,1.0,,,27,21.0,,2.0,3.0,1.0,1.0,0,0,3.0,7.0
81,Krépin Diatta,Monaco,M,Lorient vs Monaco,45,6.7,,0.0,,,30,25.0,,2.0,,,1.0,0,0,3.0,4.0
81,Krépin Diatta,Monaco,M,Monaco vs Nice,90,8.2,,0.0,,,51,45.0,,2.0,1.0,1.0,1.0,0,0,8.0,12.0
81,Krépin Diatta,Monaco,M,Angers vs Monaco,90,7,,0.0,1.0,,43,33.0,,4.0,3.0,,1.0,0,0,8.0,10.0
81,Krépin Diatta,Monaco,M,Monaco vs Toulouse,90,7.2,,0.0,,,33,25.0,,5.0,1.0,1.0,,0,0,7.0,14.0
81,Krépin Diatta,Monaco,M,Nantes vs Monaco,90,6.9,,0.0,1.0,1.0,27,22.0,,2.0,2.0,,,0,0,4.0,5.0
81,Krépin Diatta,Monaco,M,Monaco vs Paris FC,90,7.2,,0.0,1.0,,41,29.0,,5.0,3.0,2.0,1.0,0,0,11.0,14.0
81,Krépin Diatta,Monaco,M,Rennes vs Monaco,70,6.3,,0.0,,,25,18.0,,1.0,1.0,,,0,0,3.0,5.0
81,Krépin Diatta,Monaco,M,Monaco vs Paris Saint Germain,25,6.6,,0.0,,,4,4.0,,,,,,1,0,1.0,2.0
81,Krépin Diatta,Monaco,M,Stade Brestois 29 vs Monaco,13,6.9,,0.0,,,7,6.0,,,,,1.0,0,0,1.0,1.0
81,Krépin Diatta,Monaco,M,Monaco vs Rennes,71,6.9,,0.0,,,20,14.0,,2.0,,,,0,0,2.0,2.0
81,Krépin Diatta,Monaco,M,Nice vs Monaco,76,6.9,,0.0,,,43,32.0,,3.0,,1.0,,0,0,7.0,11.0
81,Krépin Diatta,Monaco,M,Monaco vs Nantes,14,6.9,,0.0,,,3,1.0,,,1.0,1.0,1.0,0,0,2.0,4.0
81,Krépin Diatta,Monaco,M,Lens vs Monaco,31,6.9,,0.0,,,11,7.0,,,1.0,,1.0,0,0,1.0,1.0
135775,Ansu Fati,Monaco,F,Monaco vs Metz,45,8.3,2.0,0.0,3.0,2.0,23,18.0,,2.0,,,,0,0,4.0,5.0
135775,Ansu Fati,Monaco,F,Lorient vs Monaco,25,7,1.0,0.0,1.0,1.0,15,11.0,,1.0,,1.0,,0,0,1.0,3.0
135775,Ansu Fati,Monaco,F,Monaco vs Nice,90,7.9,2.0,0.0,3.0,2.0,38,33.0,,1.0,,,,0,0,4.0,10.0
135775,Ansu Fati,Monaco,F,Angers vs Monaco,70,5.6,,0.0,1.0,,19,16.0,,,,,,0,0,,4.0
135775,Ansu Fati,Monaco,F,Monaco vs Toulouse,60,6.9,,0.0,2.0,1.0,11,8.0,,,1.0,,2.0,0,0,4.0,5.0
135775,Ansu Fati,Monaco,F,Nantes vs Monaco,9,6.6,,0.0,1.0,,2,1.0,,1.0,,,,0,0,1.0,1.0
135775,Ansu Fati,Monaco,F,Monaco vs Paris FC,29,6.2,,0.0,,,10,6.0,,,,2.0,,1,0,1.0,5.0
135775,Ansu Fati,Monaco,F,Monaco vs Lens,17,6,,0.0,2.0,1.0,10,8.0,,,,,1.0,0,0,3.0,3.0
135775,Ansu Fati,Monaco,F,Rennes vs Monaco,61,6.5,,0.0,3.0,2.0,30,27.0,,,,2.0,1.0,0,0,2.0,8.0
135775,Ansu Fati,Monaco,F,Monaco vs Paris Saint Germain,18,6.9,,0.0,,,5,4.0,,3.0,,,,0,0,3.0,3.0
135775,Ansu Fati,Monaco,F,Monaco vs Lorient,20,6.9,1.0,0.0,2.0,2.0,9,7.0,,,,,,0,0,,3.0
135775,Ansu Fati,Monaco,F,Le Havre vs Monaco,33,6.2,,0.0,,,12,11.0,,,,,,0,0,,3.0
135775,Ansu Fati,Monaco,F,Monaco vs Rennes,45,7.3,1.0,0.0,1.0,1.0,9,8.0,,,,1.0,,0,0,2.0,5.0
135775,Ansu Fati,Monaco,F,Monaco vs Nantes,28,6.6,,0.0,1.0,1.0,8,7.0,,,1.0,,,0,0,2.0,3.0
135775,Ansu Fati,Monaco,F,Lens vs Monaco,22,7.7,1.0,0.0,1.0,1.0,1,1.0,,1.0,,,,0,0,1.0,1.0
340152,Stanis Idumbo Muzambo,Monaco,M,Monaco vs Metz,11,7.2,,1.0,1.0,1.0,6,6.0,,,,,,0,0,,1.0
340152,Stanis Idumbo Muzambo,Monaco,M,Lorient vs Monaco,25,6.3,,0.0,,,13,13.0,,1.0,,,1.0,0,0,2.0,3.0
340152,Stanis Idumbo Muzambo,Monaco,M,Monaco vs Nice,20,6.7,,0.0,2.0,,9,9.0,,,,,,0,0,,
340152,Stanis Idumbo Muzambo,Monaco,M,Angers vs Monaco,20,6.5,,0.0,,,6,4.0,,,,2.0,1.0,0,0,2.0,5.0
340152,Stanis Idumbo Muzambo,Monaco,M,Monaco vs Paris FC,45,6.2,,0.0,,,5,4.0,,,,,,0,0,,1.0
340152,Stanis Idumbo Muzambo,Monaco,M,Stade Brestois 29 vs Monaco,21,6.3,,0.0,,,7,6.0,,1.0,,1.0,,0,0,2.0,5.0
340152,Stanis Idumbo Muzambo,Monaco,M,Monaco vs Lyon,13,6.7,,0.0,,,3,2.0,,1.0,,,,0,0,1.0,1.0
340152,Stanis Idumbo Muzambo,Monaco,M,Monaco vs Rennes,9,7.9,1.0,0.0,1.0,1.0,2,2.0,,,,,,0,0,,
105,Fodé Ballo-Touré,Metz,M,Monaco vs Metz,75,6.7,,0.0,,,39,36.0,,2.0,,,1.0,0,0,5.0,8.0
105,Fodé Ballo-Touré,Metz,M,Metz vs Marseille,79,7,,0.0,1.0,,26,24.0,,3.0,,,1.0,0,0,5.0,7.0
105,Fodé Ballo-Touré,Metz,M,Toulouse vs Metz,71,6.6,,0.0,,,66,62.0,,1.0,2.0,1.0,5.0,0,0,9.0,12.0
105,Fodé Ballo-Touré,Metz,M,Stade Brestois 29 vs Metz,22,6,,0.0,,,12,10.0,,,,2.0,1.0,1,0,2.0,3.0
105,Fodé Ballo-Touré,Metz,M,Metz vs Rennes,76,7.9,,0.0,,,27,24.0,,3.0,,,,0,0,5.0,5.0
105,Fodé Ballo-Touré,Metz,M,Auxerre vs Metz,90,5.6,,0.0,1.0,1.0,30,27.0,,1.0,,2.0,1.0,0,0,2.0,10.0
105,Fodé Ballo-Touré,Metz,M,Strasbourg vs Metz,72,5.9,,0.0,1.0,,16,12.0,,2.0,1.0,3.0,2.0,0,0,5.0,11.0
105,Fodé Ballo-Touré,Metz,M,Angers vs Metz,59,6.3,,0.0,,,14,14.0,,1.0,,2.0,2.0,1,0,4.0,9.0
105,Fodé Ballo-Touré,Metz,M,Metz vs Lille,90,7.5,,0.0,,,26,24.0,,3.0,2.0,1.0,3.0,0,0,8.0,12.0
105,Fodé Ballo-Touré,Metz,M,Metz vs Auxerre,62,6.6,,0.0,,,43,41.0,,4.0,,,1.0,0,0,7.0,11.0
105,Fodé Ballo-Touré,Metz,M,Paris Saint Germain vs Metz,66,6.2,,0.0,,,15,13.0,,,,1.0,,0,0,3.0,5.0
384683,Ismaël Guerti,Metz,M,Monaco vs Metz,15,6.3,,0.0,,,9,7.0,,2.0,1.0,,,0,0,3.0,4.0
384683,Ismaël Guerti,Metz,M,Lille vs Metz,11,6.5,,0.0,,,6,6.0,,,,,,0,0,,1.0
384683,Ismaël Guerti,Metz,M,Metz vs Lens,9,6.3,,0.0,,,7,6.0,,,,,,0,0,,1.0
30748,Assane Dioussé,Auxerre,M,Auxerre vs Toulouse,12,6.7,,0.0,,,1,1.0,,,,,,0,0,,
30748,Assane Dioussé,Auxerre,M,Paris Saint Germain vs Auxerre,10,6.7,,0.0,,,7,6.0,,,,,,0,0,,
30748,Assane Dioussé,Auxerre,M,Rennes vs Auxerre,13,6.2,,0.0,1.0,,8,6.0,,,,3.0,,1,0,,3.0
30748,Assane Dioussé,Auxerre,M,Auxerre vs Le Havre,45,6.9,,0.0,,,32,29.0,,1.0,,1.0,1.0,0,0,2.0,5.0
30748,Assane Dioussé,Auxerre,M,Strasbourg vs Auxerre,69,6.6,,0.0,,,33,32.0,,1.0,1.0,1.0,2.0,0,0,3.0,6.0
30748,Assane Dioussé,Auxerre,M,Angers vs Auxerre,13,6.3,,0.0,,,13,12.0,,1.0,,,,0,0,1.0,2.0
30748,Assane Dioussé,Auxerre,M,Paris FC vs Auxerre,9,6.6,,0.0,,,5,5.0,,,,,,0,0,,
30748,Assane Dioussé,Auxerre,M,Auxerre vs Lille,27,7,,0.0,1.0,1.0,15,14.0,,1.0,,,,0,0,1.0,3.0
30748,Assane Dioussé,Auxerre,M,Stade Brestois 29 vs Auxerre,14,6.3,,0.0,,,17,16.0,,,4.0,,,0,0,1.0,2.0
30748,Assane Dioussé,Auxerre,M,Lens vs Auxerre,2,,,0.0,,,5,5.0,,1.0,,,,1,0,1.0,2.0
30748,Assane Dioussé,Auxerre,M,Toulouse vs Auxerre,10,6.7,,0.0,,,1,1.0,,,,1.0,,0,0,1.0,1.0
30748,Assane Dioussé,Auxerre,M,Metz vs Auxerre,8,6.3,,0.0,,,4,2.0,,,,1.0,,1,0,,1.0
321648,Emersonn,Toulouse,F,Auxerre vs Toulouse,34,6,,0.0,4.0,1.0,1,1.0,,,,1.0,,0,0,2.0,9.0
321648,Emersonn,Toulouse,F,Toulouse vs Nantes,45,6.7,,0.0,1.0,,8,6.0,,,1.0,1.0,1.0,0,0,3.0,6.0
321648,Emersonn,Toulouse,F,Lyon vs Toulouse,19,8.7,1.0,0.0,3.0,1.0,3,2.0,,,,1.0,,0,0,2.0,4.0
321648,Emersonn,Toulouse,F,Toulouse vs Metz,76,6.3,,1.0,3.0,1.0,11,10.0,,,,2.0,1.0,1,0,2.0,10.0
321648,Emersonn,Toulouse,F,Monaco vs Toulouse,90,6,,0.0,1.0,,13,7.0,,2.0,,3.0,,1,0,9.0,22.0
321648,Emersonn,Toulouse,F,Toulouse vs Rennes,29,6.5,,0.0,,,3,3.0,,,,,,0,0,1.0,3.0
321648,Emersonn,Toulouse,F,Toulouse vs Le Havre,90,6.2,,0.0,3.0,,13,10.0,,1.0,1.0,5.0,,0,0,5.0,14.0
321648,Emersonn,Toulouse,F,Lorient vs Toulouse,80,6.3,,0.0,1.0,1.0,15,10.0,,5.0,,3.0,1.0,0,0,8.0,15.0
321648,Emersonn,Toulouse,F,Toulouse vs Angers,90,6.9,,0.0,3.0,1.0,12,9.0,,1.0,2.0,2.0,1.0,1,0,8.0,16.0
321648,Emersonn,Toulouse,F,Marseille vs Toulouse,85,8.2,1.0,0.0,2.0,2.0,11,10.0,,2.0,1.0,2.0,1.0,0,0,10.0,19.0
321648,Emersonn,Toulouse,F,Toulouse vs Strasbourg,78,6.9,1.0,0.0,3.0,3.0,11,7.0,,1.0,,3.0,,0,0,4.0,12.0
321648,Emersonn,Toulouse,F,Paris FC vs Toulouse,70,6.2,,1.0,1.0,,10,7.0,,,,2.0,,0,0,3.0,14.0
321648,Emersonn,Toulouse,F,Toulouse vs Lens,23,3.2,,0.0,1.0,,7,5.0,,,,1.0,,0,1,2.0,7.0
321648,Emersonn,Toulouse,F,Toulouse vs Auxerre,74,6.9,,0.0,1.0,,12,11.0,,2.0,,1.0,1.0,0,0,6.0,13.0
321648,Emersonn,Toulouse,F,Angers vs Toulouse,63,6,,0.0,2.0,1.0,13,12.0,,,,,,0,0,3.0,9.0
321648,Emersonn,Toulouse,F,Le Havre vs Toulouse,62,6.2,,0.0,,,9,6.0,,2.0,,3.0,1.0,0,0,3.0,9.0
321648,Emersonn,Toulouse,F,Toulouse vs Paris FC,64,7.2,,0.0,1.0,1.0,10,8.0,,1.0,,,1.0,0,0,5.0,7.0
344165,Damián Pizarro,Le Havre,F,Le Havre vs Lorient,13,6.3,,0.0,,,2,2.0,,,,,1.0,0,0,1.0,3.0
344165,Damián Pizarro,Le Havre,F,Le Havre vs Rennes,13,6.5,,0.0,,,1,,,,,1.0,,0,0,,1.0
437349,Enzo Koffi,Le Havre,F,Le Havre vs Lorient,12,6.3,,0.0,,,6,5.0,,,,,,0,0,,
437349,Enzo Koffi,Le Havre,F,Le Havre vs Angers,24,6.3,,0.0,1.0,1.0,8,6.0,,,1.0,3.0,1.0,0,0,3.0,7.0
437349,Enzo Koffi,Le Havre,F,Le Havre vs Monaco,24,6.6,,0.0,,,9,5.0,,1.0,,,,0,0,3.0,5.0
437349,Enzo Koffi,Le Havre,F,Le Havre vs Strasbourg,63,6.7,,0.0,,,17,16.0,,6.0,2.0,2.0,,0,0,8.0,17.0
437349,Enzo Koffi,Le Havre,F,Nantes vs Le Havre,28,6.9,,0.0,1.0,,18,15.0,,,,1.0,3.0,1,0,6.0,9.0
419035,Mamadou Coulibaly,Monaco,M,Lorient vs Monaco,81,6.7,,0.0,,,56,53.0,,3.0,1.0,2.0,1.0,0,0,4.0,9.0
419035,Mamadou Coulibaly,Monaco,M,Monaco vs Nice,45,6.9,,0.0,,,25,23.0,,2.0,,1.0,,0,0,4.0,6.0
419035,Mamadou Coulibaly,Monaco,M,Angers vs Monaco,90,7.7,,0.0,,,65,63.0,,6.0,2.0,3.0,3.0,0,0,10.0,16.0
419035,Mamadou Coulibaly,Monaco,M,Monaco vs Toulouse,45,6.5,,0.0,,,27,24.0,,,2.0,1.0,,1,0,1.0,5.0
419035,Mamadou Coulibaly,Monaco,M,Nantes vs Monaco,90,8.2,1.0,1.0,2.0,2.0,34,28.0,,1.0,,2.0,2.0,1,0,5.0,9.0
419035,Mamadou Coulibaly,Monaco,M,Monaco vs Paris FC,82,6.7,,0.0,,,41,30.0,,1.0,,2.0,,1,0,5.0,9.0
419035,Mamadou Coulibaly,Monaco,M,Monaco vs Lens,79,7.3,,0.0,,,54,43.0,,4.0,1.0,2.0,3.0,0,0,9.0,15.0
419035,Mamadou Coulibaly,Monaco,M,Rennes vs Monaco,85,6.2,,0.0,,,35,33.0,,2.0,2.0,1.0,,0,0,2.0,5.0
419035,Mamadou Coulibaly,Monaco,M,Stade Brestois 29 vs Monaco,69,6.6,,0.0,,,43,38.0,,1.0,1.0,1.0,,0,0,2.0,7.0
419035,Mamadou Coulibaly,Monaco,M,Monaco vs Lyon,70,7.2,1.0,0.0,1.0,1.0,35,29.0,,2.0,2.0,3.0,1.0,0,1,3.0,9.0
419035,Mamadou Coulibaly,Monaco,M,Monaco vs Rennes,90,8.2,1.0,0.0,1.0,1.0,35,29.0,,3.0,1.0,1.0,,0,0,4.0,5.0
419035,Mamadou Coulibaly,Monaco,M,Nice vs Monaco,15,6.6,,0.0,1.0,,10,7.0,,1.0,1.0,1.0,,0,0,4.0,6.0
419035,Mamadou Coulibaly,Monaco,M,Monaco vs Nantes,47,5.9,,0.0,,,19,15.0,,1.0,,1.0,,1,0,1.0,9.0
419035,Mamadou Coulibaly,Monaco,M,Lens vs Monaco,90,6.3,,1.0,,,24,20.0,,2.0,,2.0,1.0,0,0,6.0,16.0
543470,Pape Cabral,Monaco,M,Lorient vs Monaco,9,6.7,,0.0,1.0,1.0,13,13.0,,1.0,1.0,,,0,0,1.0,3.0
543470,Pape Cabral,Monaco,M,Monaco vs Toulouse,14,6.7,,0.0,1.0,1.0,9,7.0,,1.0,,,,0,0,2.0,3.0
543470,Pape Cabral,Monaco,M,Nantes vs Monaco,21,6.3,,0.0,1.0,,9,8.0,,,,,,0,0,1.0,2.0
543470,Pape Cabral,Monaco,M,Monaco vs Lens,29,6.6,,0.0,,,21,17.0,,,,1.0,1.0,0,0,2.0,4.0
471107,Quentin Ndjantou,Paris Saint Germain,F,Paris Saint Germain vs Auxerre,28,7.2,,0.0,2.0,1.0,19,16.0,,1.0,,1.0,,0,0,1.0,3.0
471107,Quentin Ndjantou,Paris Saint Germain,F,Lille vs Paris Saint Germain,90,6.3,,0.0,,,44,38.0,,,1.0,2.0,,0,0,3.0,10.0
471107,Quentin Ndjantou,Paris Saint Germain,F,Paris Saint Germain vs Strasbourg,29,6.5,,0.0,1.0,,25,19.0,,,,1.0,1.0,0,0,2.0,6.0
471107,Quentin Ndjantou,Paris Saint Germain,F,Stade Brestois 29 vs Paris Saint Germain,11,6.5,,0.0,,,12,9.0,,,1.0,,,0,0,,
471107,Quentin Ndjantou,Paris Saint Germain,F,Lorient vs Paris Saint Germain,45,6.5,,0.0,,,23,20.0,,,,1.0,,0,0,1.0,3.0
471107,Quentin Ndjantou,Paris Saint Germain,F,Lyon vs Paris Saint Germain,23,6.5,,0.0,,,4,3.0,,,,,,0,0,,
471107,Quentin Ndjantou,Paris Saint Germain,F,Paris Saint Germain vs Le Havre,26,6.6,,0.0,1.0,,16,13.0,,1.0,,1.0,1.0,1,0,3.0,5.0
471107,Quentin Ndjantou,Paris Saint Germain,F,Monaco vs Paris Saint Germain,26,6.2,,0.0,1.0,,9,7.0,,,,1.0,,0,0,,3.0
471107,Quentin Ndjantou,Paris Saint Germain,F,Paris Saint Germain vs Rennes,10,6.9,,1.0,,,17,16.0,,,,,,0,0,,
471107,Quentin Ndjantou,Paris Saint Germain,F,Metz vs Paris Saint Germain,66,7.2,1.0,0.0,2.0,2.0,29,26.0,,,,,,0,0,,2.0
543469,Mathis Jangeal,Paris Saint Germain,F,Paris Saint Germain vs Auxerre,10,6.3,,0.0,,,9,9.0,,,,1.0,,0,0,,2.0
407017,Moise Bombito,Nice,D,Nice vs Paris FC,90,7.2,,0.0,,,45,41.0,,2.0,1.0,2.0,1.0,0,0,7.0,12.0
407017,Moise Bombito,Nice,D,Monaco vs Nice,56,5.9,,0.0,,,19,13.0,,,1.0,1.0,,1,0,2.0,3.0
49583,Ali Abdi,Nice,M,Nice vs Paris FC,45,6.6,,0.0,,,12,8.0,,,,,1.0,0,0,1.0,4.0
49583,Ali Abdi,Nice,M,Monaco vs Nice,34,5.2,,0.0,,,8,6.0,,1.0,2.0,2.0,,2,1,2.0,5.0
49583,Ali Abdi,Nice,M,Rennes vs Nice,71,7,,0.0,,,18,15.0,,1.0,,1.0,3.0,0,0,5.0,7.0
49583,Ali Abdi,Nice,M,Paris Saint Germain vs Nice,90,6.7,,0.0,,,20,12.0,,3.0,1.0,2.0,1.0,0,0,8.0,15.0
49583,Ali Abdi,Nice,M,Metz vs Nice,45,6.6,,0.0,,,9,9.0,,2.0,,1.0,1.0,0,0,3.0,7.0
49583,Ali Abdi,Nice,M,Nice vs Marseille,22,6.2,,0.0,,,6,5.0,,,,,1.0,1,0,1.0,1.0
49583,Ali Abdi,Nice,M,Lorient vs Nice,29,7.3,,0.0,,,17,14.0,,1.0,,1.0,,0,0,3.0,5.0
49583,Ali Abdi,Nice,M,Nice vs Angers,90,6.6,,0.0,,,39,32.0,,1.0,,1.0,,0,0,4.0,7.0
49583,Ali Abdi,Nice,M,Lens vs Nice,20,7,,0.0,,,9,9.0,,1.0,,,1.0,0,0,3.0,4.0
49583,Ali Abdi,Nice,M,Toulouse vs Nice,20,5.9,,0.0,,,11,9.0,,2.0,1.0,,1.0,0,0,3.0,4.0
49583,Ali Abdi,Nice,M,Nantes vs Nice,90,5.9,,0.0,,,40,22.0,,3.0,2.0,4.0,,1,0,7.0,19.0
49583,Ali Abdi,Nice,M,Nice vs Stade Brestois 29,90,7.9,1.0,0.0,1.0,1.0,38,30.0,,3.0,1.0,1.0,1.0,0,0,7.0,10.0
49583,Ali Abdi,Nice,M,Nice vs Monaco,90,6.5,,0.0,1.0,,26,17.0,,,,1.0,1.0,0,0,7.0,20.0
49583,Ali Abdi,Nice,M,Lyon vs Nice,90,6,,0.0,,,42,32.0,,,,,2.0,0,0,4.0,8.0
49583,Ali Abdi,Nice,M,Nice vs Lorient,64,6.3,,0.0,,,37,30.0,,,2.0,,,0,0,3.0,7.0
22229,Jonathan Ikoné,Paris FC,F,Nice vs Paris FC,22,6.7,,0.0,,,8,7.0,,1.0,,,,0,0,2.0,3.0
22229,Jonathan Ikoné,Paris FC,F,Paris FC vs Lorient,22,6.7,,0.0,,,9,9.0,,,,,1.0,0,0,1.0,3.0
22229,Jonathan Ikoné,Paris FC,F,Lens vs Paris FC,18,6.3,,0.0,,,9,8.0,,,,,,0,0,1.0,3.0
22229,Jonathan Ikoné,Paris FC,F,Paris FC vs Nantes,29,6.6,,0.0,,,6,6.0,,2.0,,,,0,0,3.0,5.0
22229,Jonathan Ikoné,Paris FC,F,Paris FC vs Lyon,23,6.2,,0.0,,,6,4.0,,,,,,0,0,,3.0
22229,Jonathan Ikoné,Paris FC,F,Paris FC vs Auxerre,11,6.2,,0.0,1.0,,4,3.0,,,,1.0,,1,0,,1.0
22229,Jonathan Ikoné,Paris FC,F,Le Havre vs Paris FC,24,7.3,,0.0,,,5,5.0,,1.0,,,,0,0,3.0,3.0
22229,Jonathan Ikoné,Paris FC,F,Paris FC vs Toulouse,77,6.5,,0.0,1.0,1.0,18,16.0,,1.0,,3.0,,0,0,1.0,5.0
22229,Jonathan Ikoné,Paris FC,F,Paris Saint Germain vs Paris FC,68,6.3,,0.0,,,16,12.0,,1.0,,1.0,,0,0,3.0,6.0
22229,Jonathan Ikoné,Paris FC,F,Paris FC vs Angers,16,6.6,,0.0,,,5,4.0,,1.0,,1.0,1.0,0,0,2.0,2.0
22229,Jonathan Ikoné,Paris FC,F,Paris FC vs Marseille,26,7.7,1.0,0.0,1.0,1.0,12,11.0,,,,1.0,1.0,0,0,2.0,4.0
22229,Jonathan Ikoné,Paris FC,F,Auxerre vs Paris FC,27,6.6,,0.0,1.0,1.0,6,6.0,,,,,,0,0,,2.0
22229,Jonathan Ikoné,Paris FC,F,Toulouse vs Paris FC,67,6.5,,0.0,,,14,11.0,,,1.0,,3.0,0,0,4.0,8.0
456831,Marius Louer,Angers,D,Angers vs Stade Brestois 29,11,6.9,,0.0,,,10,9.0,,,,,,0,0,,
456831,Marius Louer,Angers,D,Angers vs Marseille,10,6.2,,0.0,,,1,1.0,,,,,,0,0,,
422595,Luc Zogbé,Stade Brestois 29,D,Angers vs Stade Brestois 29,8,6.7,,0.0,,,1,1.0,,,,1.0,,0,0,,2.0
422595,Luc Zogbé,Stade Brestois 29,D,Stade Brestois 29 vs Auxerre,90,7.3,,0.0,1.0,,29,20.0,,2.0,2.0,3.0,2.0,0,0,6.0,13.0
422595,Luc Zogbé,Stade Brestois 29,D,Lyon vs Stade Brestois 29,9,6.7,,0.0,,,1,,,,,,,0,0,1.0,3.0
2096,Arnaud Bodart,Lille,G,Lille vs Lyon,90,7.2,,0.0,,,31,24.0,,,,,,0,0,,
2096,Arnaud Bodart,Lille,G,Nice vs Lille,90,6.5,,0.0,,,37,29.0,,,,1.0,,0,0,,1.0
379329,Tiago Santos,Lille,D,Lille vs Lyon,89,6.6,,0.0,,,24,20.0,,1.0,,2.0,6.0,0,0,7.0,12.0
379329,Tiago Santos,Lille,D,Lille vs Paris Saint Germain,14,6.6,,0.0,,,8,4.0,,1.0,,1.0,,0,0,1.0,3.0
379329,Tiago Santos,Lille,D,Auxerre vs Lille,16,6.7,,0.0,,,11,11.0,,1.0,,,2.0,0,0,4.0,6.0
379329,Tiago Santos,Lille,D,Lille vs Rennes,16,6.9,,0.0,,,5,5.0,,,,,1.0,0,0,2.0,2.0
379329,Tiago Santos,Lille,D,Paris Saint Germain vs Lille,87,6,,0.0,,,19,15.0,,,,,2.0,0,0,3.0,9.0
379329,Tiago Santos,Lille,D,Lille vs Strasbourg,69,6.2,,0.0,,,19,13.0,,1.0,,1.0,2.0,0,0,3.0,5.0
379329,Tiago Santos,Lille,D,Lyon vs Lille,85,6,,0.0,,,37,32.0,,,2.0,2.0,1.0,0,0,1.0,10.0
379329,Tiago Santos,Lille,D,Metz vs Lille,82,7.2,,0.0,,,18,17.0,,1.0,,,,0,0,2.0,3.0
379329,Tiago Santos,Lille,D,Lille vs Stade Brestois 29,10,6.9,,0.0,,,5,5.0,,1.0,,,1.0,0,0,2.0,3.0
379329,Tiago Santos,Lille,D,Angers vs Lille,90,7.3,,0.0,2.0,,37,30.0,,4.0,1.0,1.0,3.0,0,0,9.0,16.0
399890,Nordan Mukiele,Rennes,F,Rennes vs Lens,28,6.3,,0.0,,,11,10.0,,,,3.0,,0,0,1.0,7.0
284072,Ahmadou Bamba Dieng,Lorient,F,Paris FC vs Lorient,11,6.2,,0.0,2.0,2.0,1,,,,,3.0,,1,0,1.0,5.0
284072,Ahmadou Bamba Dieng,Lorient,F,Lorient vs Stade Brestois 29,18,6.3,,1.0,2.0,1.0,1,,,,,,,0,0,,1.0
284072,Ahmadou Bamba Dieng,Lorient,F,Lorient vs Nice,11,6.2,,0.0,4.0,1.0,2,1.0,,,,,,0,0,3.0,5.0
284072,Ahmadou Bamba Dieng,Lorient,F,Lorient vs Lyon,19,6.5,,0.0,,,2,1.0,,,,1.0,1.0,0,0,1.0,3.0
284072,Ahmadou Bamba Dieng,Lorient,F,Lorient vs Metz,30,7.3,1.0,0.0,2.0,2.0,5,4.0,,1.0,,,,0,0,2.0,4.0
284072,Ahmadou Bamba Dieng,Lorient,F,Monaco vs Lorient,75,7.5,1.0,0.0,3.0,2.0,9,7.0,,1.0,,,,0,0,3.0,8.0
284072,Ahmadou Bamba Dieng,Lorient,F,Rennes vs Lorient,74,6.2,,0.0,1.0,1.0,12,8.0,,,,2.0,2.0,0,0,2.0,11.0
284072,Ahmadou Bamba Dieng,Lorient,F,Lorient vs Nantes,66,7,1.0,0.0,2.0,1.0,7,5.0,,,,4.0,1.0,1,0,2.0,6.0
284072,Ahmadou Bamba Dieng,Lorient,F,Stade Brestois 29 vs Lorient,63,6.6,,0.0,1.0,,15,11.0,,,1.0,,2.0,0,0,7.0,10.0
284072,Ahmadou Bamba Dieng,Lorient,F,Lorient vs Angers,74,6.7,,0.0,2.0,,11,9.0,,1.0,,1.0,,0,0,3.0,5.0
284072,Ahmadou Bamba Dieng,Lorient,F,Nice vs Lorient,77,6.6,1.0,0.0,3.0,1.0,21,17.0,,1.0,1.0,,1.0,0,0,3.0,8.0
443755,Bahmed Deuff,Nantes,M,Stade Brestois 29 vs Nantes,9,6.7,,0.0,,,1,1.0,,,,,,0,0,,
443755,Bahmed Deuff,Nantes,M,Nantes vs Lille,21,6.5,,0.0,,,7,5.0,,,1.0,1.0,1.0,0,0,1.0,3.0
443755,Bahmed Deuff,Nantes,M,Paris FC vs Nantes,21,6.7,,0.0,1.0,1.0,2,2.0,,,,2.0,,0,0,,6.0
443755,Bahmed Deuff,Nantes,M,Nantes vs Monaco,27,6.2,,0.0,2.0,,11,9.0,,,,,,0,0,2.0,5.0
443755,Bahmed Deuff,Nantes,M,Nantes vs Metz,11,6.5,,0.0,1.0,,4,4.0,,,,,,0,0,,
443755,Bahmed Deuff,Nantes,M,Le Havre vs Nantes,31,6.5,,0.0,,,6,5.0,,1.0,,,,0,0,1.0,3.0
443755,Bahmed Deuff,Nantes,M,Lyon vs Nantes,31,6.5,,0.0,,,3,3.0,,2.0,,1.0,,0,0,3.0,5.0
443755,Bahmed Deuff,Nantes,M,Nantes vs Lens,60,6.9,,0.0,1.0,1.0,12,9.0,,1.0,1.0,1.0,1.0,0,0,7.0,14.0
443755,Bahmed Deuff,Nantes,M,Angers vs Nantes,8,6.3,,0.0,,,6,5.0,,,,1.0,,0,0,,1.0
443755,Bahmed Deuff,Nantes,M,Nantes vs Nice,9,6.3,,0.0,1.0,,3,1.0,,,,,1.0,0,0,2.0,2.0
369500,Ismaelo Ganiou,Lens,D,Auxerre vs Lens,73,6,,0.0,,,44,38.0,,1.0,1.0,4.0,1.0,2,1,4.0,11.0
369500,Ismaelo Ganiou,Lens,D,Lens vs Strasbourg,90,8.5,1.0,0.0,1.0,1.0,70,60.0,,1.0,1.0,,,0,0,2.0,3.0
369500,Ismaelo Ganiou,Lens,D,Angers vs Lens,90,6.6,,0.0,2.0,,54,47.0,,3.0,3.0,1.0,2.0,0,0,7.0,9.0
369500,Ismaelo Ganiou,Lens,D,Nantes vs Lens,90,6.5,,0.0,,,58,53.0,,3.0,1.0,3.0,,0,0,8.0,14.0
369500,Ismaelo Ganiou,Lens,D,Lens vs Nice,90,6.9,,0.0,,,38,30.0,,,,1.0,,0,0,3.0,5.0
369500,Ismaelo Ganiou,Lens,D,Toulouse vs Lens,90,8.6,1.0,0.0,3.0,1.0,74,64.0,,2.0,,,,0,0,8.0,10.0
369500,Ismaelo Ganiou,Lens,D,Lens vs Auxerre,90,7.3,,0.0,,,58,46.0,,3.0,3.0,2.0,1.0,0,0,6.0,12.0
369500,Ismaelo Ganiou,Lens,D,Marseille vs Lens,90,6.7,,0.0,,,50,43.0,,1.0,,,2.0,0,0,5.0,6.0
369500,Ismaelo Ganiou,Lens,D,Lens vs Le Havre,90,6.9,,0.0,,,31,26.0,,1.0,,3.0,1.0,0,0,3.0,9.0
369500,Ismaelo Ganiou,Lens,D,Lens vs Rennes,90,7.3,,0.0,,,49,41.0,,3.0,2.0,,3.0,0,0,6.0,8.0
369500,Ismaelo Ganiou,Lens,D,Paris FC vs Lens,90,7,,0.0,,,31,25.0,,,,,1.0,0,0,3.0,4.0
369500,Ismaelo Ganiou,Lens,D,Lens vs Monaco,90,6.5,,0.0,,,51,47.0,,1.0,,3.0,2.0,1,0,5.0,9.0
369500,Ismaelo Ganiou,Lens,D,Strasbourg vs Lens,90,6.5,,0.0,1.0,,48,43.0,,1.0,3.0,,,0,0,2.0,4.0
70747,Julio Enciso,Strasbourg,M,Strasbourg vs Angers,18,6.7,,0.0,1.0,1.0,7,4.0,,,,,1.0,0,0,1.0,2.0
70747,Julio Enciso,Strasbourg,M,Paris Saint Germain vs Strasbourg,65,6.5,,0.0,5.0,3.0,20,14.0,,1.0,,1.0,,0,0,2.0,5.0
70747,Julio Enciso,Strasbourg,M,Lyon vs Strasbourg,77,6.2,,0.0,2.0,1.0,30,27.0,,,,1.0,1.0,0,0,2.0,10.0
70747,Julio Enciso,Strasbourg,M,Rennes vs Strasbourg,83,6.3,,0.0,,,42,36.0,,1.0,,,,0,0,5.0,14.0
70747,Julio Enciso,Strasbourg,M,Strasbourg vs Lille,76,7.2,,0.0,,,13,11.0,,,1.0,,3.0,1,0,6.0,7.0
70747,Julio Enciso,Strasbourg,M,Lens vs Strasbourg,29,7.2,,0.0,,,10,8.0,,3.0,,,2.0,0,0,9.0,10.0
70747,Julio Enciso,Strasbourg,M,Strasbourg vs Stade Brestois 29,90,7.6,,0.0,2.0,1.0,38,35.0,,,,,2.0,0,0,8.0,14.0
70747,Julio Enciso,Strasbourg,M,Toulouse vs Strasbourg,90,7,,0.0,,,54,49.0,,,,1.0,7.0,0,0,9.0,15.0
70747,Julio Enciso,Strasbourg,M,Strasbourg vs Lorient,75,6.9,,0.0,,,25,23.0,,,,,,0,0,2.0,5.0
70747,Julio Enciso,Strasbourg,M,Nice vs Strasbourg,80,6.6,,0.0,1.0,1.0,29,24.0,,1.0,,1.0,2.0,0,0,6.0,13.0
70747,Julio Enciso,Strasbourg,M,Strasbourg vs Metz,80,7.6,,1.0,2.0,1.0,27,24.0,,1.0,1.0,,2.0,0,0,6.0,9.0
70747,Julio Enciso,Strasbourg,M,Lille vs Strasbourg,76,9.2,1.0,1.0,5.0,2.0,16,10.0,,1.0,,1.0,,0,0,4.0,6.0
70747,Julio Enciso,Strasbourg,M,Strasbourg vs Paris Saint Germain,72,6.9,,0.0,1.0,1.0,19,16.0,,1.0,,,1.0,0,0,4.0,6.0
70747,Julio Enciso,Strasbourg,M,Le Havre vs Strasbourg,83,6.9,,0.0,1.0,1.0,22,20.0,,3.0,,2.0,,0,0,6.0,10.0
70747,Julio Enciso,Strasbourg,M,Marseille vs Strasbourg,63,6.2,,0.0,,,27,23.0,,,,1.0,,0,0,2.0,8.0
70747,Julio Enciso,Strasbourg,M,Strasbourg vs Lyon,85,6.6,,0.0,1.0,,21,18.0,,,,2.0,,0,0,1.0,5.0
70747,Julio Enciso,Strasbourg,M,Strasbourg vs Lens,90,6.3,,0.0,2.0,1.0,38,25.0,,2.0,2.0,2.0,,1,0,5.0,14.0
191289,Amine Sbai,Angers,M,Angers vs Monaco,71,6.7,,0.0,,,17,11.0,,,1.0,,1.0,0,0,4.0,11.0
191289,Amine Sbai,Angers,M,Angers vs Lorient,64,7.5,,1.0,2.0,2.0,19,16.0,,,1.0,,,0,0,4.0,6.0
191289,Amine Sbai,Angers,M,Marseille vs Angers,31,6.9,,0.0,,,12,7.0,,1.0,,,,0,0,3.0,3.0
191289,Amine Sbai,Angers,M,Lille vs Angers,61,6.2,,0.0,,,35,24.0,,1.0,,1.0,1.0,0,0,2.0,9.0
191289,Amine Sbai,Angers,M,Angers vs Auxerre,82,7.2,,0.0,2.0,1.0,26,20.0,,2.0,,1.0,,1,0,2.0,8.0
191289,Amine Sbai,Angers,M,Toulouse vs Angers,89,6.2,,0.0,1.0,,27,22.0,,2.0,1.0,3.0,1.0,0,0,4.0,15.0
191289,Amine Sbai,Angers,M,Angers vs Lens,90,6.2,,0.0,1.0,1.0,25,18.0,,3.0,1.0,1.0,1.0,0,0,7.0,23.0
191289,Amine Sbai,Angers,M,Nice vs Angers,72,6.6,,0.0,1.0,1.0,27,18.0,,,,2.0,,0,0,3.0,9.0
191289,Amine Sbai,Angers,M,Angers vs Nantes,82,6.9,,0.0,2.0,1.0,31,19.0,,1.0,1.0,,1.0,0,0,4.0,6.0
191289,Amine Sbai,Angers,M,Le Havre vs Angers,58,5.9,,0.0,,,21,17.0,,,,,,0,0,,8.0
191289,Amine Sbai,Angers,M,Angers vs Marseille,76,7.2,1.0,0.0,2.0,2.0,23,15.0,,3.0,,1.0,2.0,0,0,6.0,18.0
191289,Amine Sbai,Angers,M,Paris FC vs Angers,61,6.7,,0.0,1.0,,9,7.0,,,,,2.0,0,0,2.0,6.0
191289,Amine Sbai,Angers,M,Angers vs Metz,81,7.2,,0.0,,,47,37.0,,1.0,,,1.0,0,0,2.0,5.0
191289,Amine Sbai,Angers,M,Angers vs Toulouse,66,6.7,,0.0,,,12,9.0,,,,1.0,3.0,0,0,5.0,11.0
191289,Amine Sbai,Angers,M,Lorient vs Angers,23,6.7,,0.0,,,8,7.0,,,,1.0,,0,0,3.0,8.0
191289,Amine Sbai,Angers,M,Angers vs Lille,90,6.6,,0.0,,,26,19.0,,2.0,1.0,1.0,2.0,0,0,6.0,14.0
579375,Djibirin Harouna,Angers,F,Angers vs Monaco,11,7,,0.0,,,5,5.0,,1.0,1.0,1.0,,0,0,2.0,3.0
579375,Djibirin Harouna,Angers,F,Marseille vs Angers,21,6.3,,0.0,1.0,,4,3.0,,,,,,0,0,,5.0
579375,Djibirin Harouna,Angers,F,Lille vs Angers,29,6.5,,0.0,,,3,2.0,,,,,1.0,0,0,1.0,6.0
579375,Djibirin Harouna,Angers,F,Angers vs Auxerre,8,6.7,,0.0,1.0,1.0,4,4.0,,,,2.0,,0,0,,3.0
579375,Djibirin Harouna,Angers,F,Toulouse vs Angers,9,6.7,,0.0,,,2,1.0,,,,1.0,1.0,1,0,2.0,4.0
579375,Djibirin Harouna,Angers,F,Angers vs Lens,25,7.7,1.0,0.0,1.0,1.0,4,1.0,,1.0,,,1.0,0,0,4.0,5.0
579375,Djibirin Harouna,Angers,F,Nice vs Angers,18,6.5,,0.0,,,10,8.0,,,1.0,1.0,,0,0,1.0,5.0
579375,Djibirin Harouna,Angers,F,Angers vs Nantes,8,7.2,1.0,0.0,1.0,1.0,0,,,,,,,0,0,1.0,1.0
579375,Djibirin Harouna,Angers,F,Angers vs Marseille,28,6.9,,1.0,,,7,5.0,,,,1.0,1.0,0,0,2.0,4.0
579375,Djibirin Harouna,Angers,F,Paris FC vs Angers,61,6.6,,0.0,,,11,5.0,,4.0,,,1.0,0,0,5.0,9.0
579375,Djibirin Harouna,Angers,F,Angers vs Metz,32,6.5,,0.0,,,10,7.0,,,2.0,1.0,,0,0,1.0,3.0
579375,Djibirin Harouna,Angers,F,Angers vs Lille,23,6.7,,0.0,,,5,4.0,,,,,1.0,0,0,2.0,4.0
457025,Julian Vignolo,Toulouse,F,Toulouse vs Metz,10,6.5,,0.0,,,1,1.0,,,,1.0,,0,0,,1.0
457025,Julian Vignolo,Toulouse,F,Toulouse vs Angers,8,6.5,,0.0,,,0,,,,,1.0,,0,0,,1.0
457025,Julian Vignolo,Toulouse,F,Marseille vs Toulouse,12,6.5,,0.0,,,2,2.0,,,,,,0,0,,2.0
457025,Julian Vignolo,Toulouse,F,Paris FC vs Toulouse,11,6.3,,0.0,,,4,2.0,,,,,,0,0,,1.0
457025,Julian Vignolo,Toulouse,F,Toulouse vs Lens,13,6.3,,0.0,,,1,,,1.0,,1.0,,0,0,1.0,2.0
457025,Julian Vignolo,Toulouse,F,Toulouse vs Nice,15,7.6,1.0,0.0,2.0,2.0,3,,,,,,,0,0,2.0,2.0
457025,Julian Vignolo,Toulouse,F,Stade Brestois 29 vs Toulouse,10,6.2,,0.0,,,2,1.0,,,,,,0,0,,1.0
457025,Julian Vignolo,Toulouse,F,Angers vs Toulouse,27,6.9,,0.0,1.0,1.0,3,1.0,,1.0,,,,0,0,2.0,3.0
457025,Julian Vignolo,Toulouse,F,Le Havre vs Toulouse,15,7.2,,0.0,1.0,1.0,3,2.0,,,,,,0,0,,
457025,Julian Vignolo,Toulouse,F,Toulouse vs Paris FC,29,7.3,1.0,0.0,2.0,2.0,7,5.0,,,,,1.0,0,0,1.0,3.0
19323,Joel Asoro,Metz,F,Toulouse vs Metz,9,6.7,,0.0,,,3,2.0,,,,,,0,0,1.0,1.0
19323,Joel Asoro,Metz,F,Metz vs Nice,9,6.3,,0.0,,,2,1.0,,,,1.0,,0,0,,4.0
19323,Joel Asoro,Metz,F,Stade Brestois 29 vs Metz,78,5.6,,0.0,1.0,,10,3.0,,,,1.0,,0,0,,9.0
19323,Joel Asoro,Metz,F,Metz vs Rennes,71,6.3,,0.0,1.0,1.0,13,11.0,,,,,1.0,0,0,2.0,5.0
19323,Joel Asoro,Metz,F,Auxerre vs Metz,45,6.5,,0.0,,,5,3.0,,,,,,0,0,1.0,3.0
19323,Joel Asoro,Metz,F,Lorient vs Metz,11,6.7,,0.0,,,3,1.0,,,,,,0,0,1.0,1.0
19323,Joel Asoro,Metz,F,Strasbourg vs Metz,9,6.5,,0.0,,,1,,,,,,,0,0,,1.0
162568,Soumaila Coulibaly,Stade Brestois 29,D,Lorient vs Stade Brestois 29,90,6.3,,0.0,1.0,1.0,63,57.0,,1.0,2.0,1.0,3.0,0,0,5.0,7.0
162568,Soumaila Coulibaly,Stade Brestois 29,D,Stade Brestois 29 vs Paris Saint Germain,90,6.2,,0.0,,,26,24.0,,,,,1.0,0,0,1.0,1.0
162568,Soumaila Coulibaly,Stade Brestois 29,D,Le Havre vs Stade Brestois 29,90,7.7,,0.0,,,73,64.0,,2.0,1.0,1.0,4.0,0,0,9.0,13.0
162568,Soumaila Coulibaly,Stade Brestois 29,D,Stade Brestois 29 vs Lyon,90,7.5,,0.0,1.0,,53,47.0,,,1.0,2.0,,0,0,4.0,6.0
162568,Soumaila Coulibaly,Stade Brestois 29,D,Marseille vs Stade Brestois 29,90,6.2,,0.0,,,51,48.0,,1.0,2.0,2.0,,0,0,1.0,3.0
162568,Soumaila Coulibaly,Stade Brestois 29,D,Stade Brestois 29 vs Metz,90,6.2,,0.0,1.0,,94,90.0,,,,1.0,,1,0,6.0,7.0
162568,Soumaila Coulibaly,Stade Brestois 29,D,Stade Brestois 29 vs Monaco,90,6.9,,0.0,,,25,22.0,,,1.0,1.0,3.0,0,0,5.0,6.0
162568,Soumaila Coulibaly,Stade Brestois 29,D,Rennes vs Stade Brestois 29,90,5.9,,0.0,1.0,1.0,40,33.0,,2.0,1.0,4.0,,1,0,2.0,7.0
162568,Soumaila Coulibaly,Stade Brestois 29,D,Stade Brestois 29 vs Auxerre,90,7.6,,0.0,,,64,61.0,,2.0,,1.0,2.0,0,0,7.0,9.0
162568,Soumaila Coulibaly,Stade Brestois 29,D,Lyon vs Stade Brestois 29,90,6.5,,0.0,,,26,22.0,,1.0,,,,0,0,3.0,3.0
162568,Soumaila Coulibaly,Stade Brestois 29,D,Stade Brestois 29 vs Toulouse,90,6.3,,0.0,,,65,59.0,,1.0,2.0,4.0,,0,0,2.0,9.0
162568,Soumaila Coulibaly,Stade Brestois 29,D,Nice vs Stade Brestois 29,74,6.2,,0.0,1.0,,22,17.0,,1.0,1.0,2.0,1.0,1,0,3.0,4.0
664,Lucas Tousart,Stade Brestois 29,M,Lorient vs Stade Brestois 29,26,6.3,,0.0,,,9,9.0,,4.0,1.0,2.0,,0,0,4.0,10.0
664,Lucas Tousart,Stade Brestois 29,M,Stade Brestois 29 vs Paris Saint Germain,23,6.6,,0.0,,,6,6.0,,3.0,1.0,,,0,0,3.0,4.0
664,Lucas Tousart,Stade Brestois 29,M,Le Havre vs Stade Brestois 29,74,6.6,,0.0,2.0,2.0,44,40.0,,2.0,2.0,2.0,,0,0,4.0,9.0
664,Lucas Tousart,Stade Brestois 29,M,Stade Brestois 29 vs Lyon,71,7,,0.0,1.0,,19,17.0,,4.0,,2.0,,0,0,6.0,11.0
664,Lucas Tousart,Stade Brestois 29,M,Marseille vs Stade Brestois 29,45,6.3,,0.0,,,11,11.0,,,,2.0,1.0,0,0,1.0,4.0
664,Lucas Tousart,Stade Brestois 29,M,Stade Brestois 29 vs Metz,12,6.6,,0.0,,,2,,,,,1.0,1.0,0,0,1.0,4.0
664,Lucas Tousart,Stade Brestois 29,M,Strasbourg vs Stade Brestois 29,14,6.7,,0.0,,,1,,,,1.0,,,0,0,,1.0
664,Lucas Tousart,Stade Brestois 29,M,Stade Brestois 29 vs Monaco,13,6.3,,0.0,,,5,1.0,,,,,,0,0,,
664,Lucas Tousart,Stade Brestois 29,M,Rennes vs Stade Brestois 29,9,6.7,,0.0,,,2,1.0,,1.0,,,,0,0,1.0,1.0
664,Lucas Tousart,Stade Brestois 29,M,Stade Brestois 29 vs Auxerre,22,6.9,,0.0,1.0,,10,6.0,,2.0,,,,0,0,4.0,5.0
664,Lucas Tousart,Stade Brestois 29,M,Lyon vs Stade Brestois 29,69,6.3,,0.0,,,13,7.0,,1.0,1.0,1.0,,0,0,4.0,6.0
664,Lucas Tousart,Stade Brestois 29,M,Stade Brestois 29 vs Toulouse,45,6.3,,0.0,1.0,,8,6.0,,1.0,1.0,1.0,,0,0,4.0,6.0
664,Lucas Tousart,Stade Brestois 29,M,Stade Brestois 29 vs Lorient,16,6.7,,0.0,,,4,3.0,,,,,,0,0,,
664,Lucas Tousart,Stade Brestois 29,M,Lille vs Stade Brestois 29,13,6.7,,0.0,,,4,4.0,,1.0,,1.0,,0,0,1.0,4.0
664,Lucas Tousart,Stade Brestois 29,M,Stade Brestois 29 vs Marseille,11,6.9,,0.0,,,3,2.0,,1.0,,,1.0,0,0,2.0,2.0
66013,Uroš Radaković,Nantes,D,Nantes vs Lille,14,6.3,,0.0,,,3,,,,,1.0,,0,0,2.0,4.0
66013,Uroš Radaković,Nantes,D,Nantes vs Metz,8,6.3,,0.0,,,1,1.0,,,,,,0,0,,1.0
66013,Uroš Radaković,Nantes,D,Lyon vs Nantes,12,6.6,,0.0,,,3,2.0,,,,,,0,0,,
20654,Fabien Centonze,Nantes,D,Paris FC vs Nantes,11,6.6,,0.0,,,0,,,1.0,,1.0,,0,0,1.0,2.0
20654,Fabien Centonze,Nantes,D,Nantes vs Monaco,14,6.5,,0.0,1.0,,9,5.0,,2.0,1.0,1.0,,1,0,4.0,7.0
20654,Fabien Centonze,Nantes,D,Le Havre vs Nantes,12,6.3,,0.0,,,0,,,,1.0,,,0,0,,1.0
20654,Fabien Centonze,Nantes,D,Lyon vs Nantes,11,6.7,,0.0,,,1,1.0,,,1.0,,,0,0,,1.0
20654,Fabien Centonze,Nantes,D,Nantes vs Lens,8,6.6,,0.0,,,6,6.0,,,,,,0,0,,
20654,Fabien Centonze,Nantes,D,Angers vs Nantes,90,6.9,1.0,0.0,1.0,1.0,28,19.0,,3.0,3.0,2.0,2.0,0,0,6.0,13.0
20654,Fabien Centonze,Nantes,D,Marseille vs Nantes,45,7.7,1.0,0.0,1.0,1.0,9,6.0,,2.0,2.0,,3.0,0,0,5.0,5.0
20654,Fabien Centonze,Nantes,D,Lorient vs Nantes,78,6.5,,0.0,,,26,20.0,,1.0,1.0,4.0,1.0,1,0,3.0,6.0
20654,Fabien Centonze,Nantes,D,Nantes vs Lyon,90,6.9,,0.0,1.0,,28,22.0,,3.0,3.0,,,0,0,6.0,13.0
20654,Fabien Centonze,Nantes,D,Monaco vs Nantes,90,7.3,1.0,0.0,1.0,1.0,32,24.0,,4.0,1.0,,,0,0,4.0,6.0
20654,Fabien Centonze,Nantes,D,Nantes vs Le Havre,90,7.2,,0.0,,,20,16.0,,4.0,3.0,2.0,,1,0,7.0,14.0
487381,Soriba Diaoune,Lille,F,Lille vs Metz,11,6.9,,1.0,1.0,,4,4.0,,,,1.0,,0,0,1.0,2.0
487381,Soriba Diaoune,Lille,F,Auxerre vs Lille,15,7.2,1.0,0.0,1.0,1.0,4,3.0,,,,1.0,,0,0,1.0,4.0
487381,Soriba Diaoune,Lille,F,Lille vs Rennes,20,6.3,,0.0,,,2,1.0,,,,,,0,0,,3.0
487381,Soriba Diaoune,Lille,F,Paris Saint Germain vs Lille,13,7.2,,0.0,1.0,1.0,7,6.0,,,,,,0,0,1.0,2.0
487381,Soriba Diaoune,Lille,F,Lille vs Strasbourg,21,6.5,,0.0,3.0,1.0,7,5.0,,1.0,,1.0,1.0,0,0,2.0,5.0
487381,Soriba Diaoune,Lille,F,Lyon vs Lille,12,6.5,,0.0,1.0,,4,4.0,,1.0,,1.0,,0,0,1.0,3.0
487381,Soriba Diaoune,Lille,F,Metz vs Lille,19,7,,0.0,,,11,11.0,,,1.0,,1.0,0,0,3.0,5.0
487381,Soriba Diaoune,Lille,F,Lille vs Stade Brestois 29,66,6.3,,0.0,1.0,1.0,15,11.0,,1.0,,,,0,0,2.0,6.0
403878,Pape Sy,Metz,G,Lille vs Metz,77,6.2,,0.0,,,27,12.0,,,,,1.0,0,0,1.0,1.0
404588,Cléo Mélières,Metz,D,Lille vs Metz,29,5.7,,0.0,,,12,11.0,,,,1.0,,1,0,,1.0
513415,Stephan Zagadou,Le Havre,D,Le Havre vs Stade Brestois 29,65,6.6,,0.0,,,27,25.0,,1.0,,,,0,0,2.0,6.0
513415,Stephan Zagadou,Le Havre,D,Lens vs Le Havre,89,6.3,,0.0,,,48,37.0,,,1.0,1.0,,0,0,2.0,5.0
513415,Stephan Zagadou,Le Havre,D,Le Havre vs Strasbourg,90,8,1.0,0.0,1.0,1.0,44,43.0,,3.0,,3.0,,0,0,4.0,8.0
513415,Stephan Zagadou,Le Havre,D,Le Havre vs Toulouse,84,7.2,,0.0,,,20,19.0,,3.0,,,,0,0,5.0,7.0
3234,Abdoulaye Bamba,Angers,D,Marseille vs Angers,9,6.7,,0.0,,,5,3.0,,,,1.0,,0,0,,1.0
3234,Abdoulaye Bamba,Angers,D,Le Havre vs Angers,90,7.3,,0.0,1.0,1.0,24,18.0,,1.0,2.0,,1.0,0,0,5.0,5.0
162466,Sinaly Diomandé,Auxerre,D,Strasbourg vs Auxerre,69,6.2,,0.0,,,34,30.0,,1.0,2.0,,1.0,0,0,4.0,4.0
162466,Sinaly Diomandé,Auxerre,D,Auxerre vs Marseille,90,6.5,,0.0,,,60,58.0,,,2.0,3.0,,2,1,1.0,6.0
162466,Sinaly Diomandé,Auxerre,D,Auxerre vs Lyon,90,7.3,,0.0,,,16,12.0,,3.0,1.0,,2.0,0,0,5.0,5.0
162466,Sinaly Diomandé,Auxerre,D,Paris FC vs Auxerre,90,7.2,1.0,0.0,1.0,1.0,42,41.0,,,1.0,1.0,,0,0,,3.0
162466,Sinaly Diomandé,Auxerre,D,Auxerre vs Metz,90,6.6,,0.0,,,34,32.0,,,2.0,1.0,1.0,0,0,2.0,3.0
162466,Sinaly Diomandé,Auxerre,D,Auxerre vs Lille,90,6.2,,0.0,2.0,,30,27.0,,1.0,2.0,3.0,4.0,0,0,10.0,16.0
162466,Sinaly Diomandé,Auxerre,D,Stade Brestois 29 vs Auxerre,90,6.6,,0.0,,,58,49.0,,2.0,4.0,,,0,0,4.0,9.0
162466,Sinaly Diomandé,Auxerre,D,Lens vs Auxerre,90,6.6,,0.0,,,53,45.0,,4.0,2.0,4.0,1.0,1,0,7.0,12.0
162466,Sinaly Diomandé,Auxerre,D,Auxerre vs Paris Saint Germain,85,7.5,,0.0,,,15,13.0,,1.0,1.0,1.0,,0,0,3.0,4.0
162466,Sinaly Diomandé,Auxerre,D,Toulouse vs Auxerre,90,7.9,,0.0,,,61,51.0,,1.0,1.0,,1.0,0,0,7.0,10.0
162466,Sinaly Diomandé,Auxerre,D,Auxerre vs Paris FC,90,7,,0.0,,,43,34.0,,,1.0,1.0,,0,0,2.0,4.0
162466,Sinaly Diomandé,Auxerre,D,Metz vs Auxerre,90,6.9,,0.0,1.0,,22,18.0,,2.0,1.0,1.0,,0,0,3.0,5.0
162466,Sinaly Diomandé,Auxerre,D,Auxerre vs Rennes,90,6.5,,0.0,,,47,38.0,,2.0,1.0,,3.0,0,0,7.0,9.0
381123,Ryan Rodin,Auxerre,F,Strasbourg vs Auxerre,12,6.3,,0.0,,,3,3.0,,,,,,0,0,,
381123,Ryan Rodin,Auxerre,F,Stade Brestois 29 vs Auxerre,14,6.2,,0.0,,,1,1.0,,,,,,0,0,,3.0
1754,Glen Kamara,Rennes,M,Toulouse vs Rennes,19,6.3,,0.0,,,8,6.0,,,,,,0,0,1.0,1.0
1754,Glen Kamara,Rennes,M,Rennes vs Monaco,11,6.3,,0.0,,,4,4.0,,,,,,0,0,,
1754,Glen Kamara,Rennes,M,Monaco vs Rennes,25,6.9,,0.0,,,37,34.0,,,,,2.0,0,0,3.0,4.0
55819,Tuomas Ollila,Paris FC,D,Paris FC vs Lyon,19,6.5,,0.0,,,8,8.0,,,,1.0,,0,0,,3.0
55819,Tuomas Ollila,Paris FC,D,Monaco vs Paris FC,89,6.6,,0.0,,,26,20.0,,,1.0,,3.0,0,0,3.0,7.0
55819,Tuomas Ollila,Paris FC,D,Paris FC vs Rennes,9,7.2,,0.0,,,6,4.0,,,,,,0,0,,
55819,Tuomas Ollila,Paris FC,D,Paris FC vs Auxerre,11,6.9,,0.0,,,5,1.0,,,,,1.0,0,0,2.0,2.0
55819,Tuomas Ollila,Paris FC,D,Le Havre vs Paris FC,72,6.9,,0.0,2.0,,26,21.0,,1.0,,,1.0,0,0,7.0,9.0
55819,Tuomas Ollila,Paris FC,D,Paris FC vs Toulouse,77,5.7,,0.0,,,42,28.0,,,,2.0,2.0,0,0,5.0,8.0
55819,Tuomas Ollila,Paris FC,D,Paris Saint Germain vs Paris FC,8,6.6,,0.0,,,2,2.0,,,,,,0,0,,
55819,Tuomas Ollila,Paris FC,D,Paris FC vs Marseille,26,6.6,,0.0,,,9,6.0,,1.0,,,,0,0,1.0,1.0
15684,Patrik Carlgren,Nantes,G,Nantes vs Metz,8,5.9,,0.0,,,2,1.0,,,,,,0,0,,
15684,Patrik Carlgren,Nantes,G,Le Havre vs Nantes,90,6.2,,0.0,,,28,11.0,,,,,,0,0,1.0,1.0
562661,Tadjidine Mmadi,Marseille,M,Marseille vs Stade Brestois 29,8,6.6,,0.0,,,2,2.0,,1.0,1.0,,,0,0,1.0,1.0
562661,Tadjidine Mmadi,Marseille,M,Lille vs Marseille,10,6.5,,0.0,,,8,6.0,,,,,,0,0,1.0,4.0
343319,Lucas Michal,Monaco,F,Monaco vs Lens,45,6.5,,0.0,1.0,,19,16.0,,,,1.0,1.0,0,0,3.0,7.0
343319,Lucas Michal,Monaco,F,Stade Brestois 29 vs Monaco,13,6.3,,0.0,,,7,7.0,,,,1.0,,0,0,1.0,2.0
343319,Lucas Michal,Monaco,F,Metz vs Lille,62,6.2,,0.0,,,16,14.0,,,,1.0,1.0,0,0,4.0,15.0
343319,Lucas Michal,Monaco,F,Metz vs Auxerre,28,6.3,,0.0,,,15,13.0,,,,1.0,,1,0,,2.0
343319,Lucas Michal,Monaco,F,Paris Saint Germain vs Metz,66,6.2,,0.0,,,16,14.0,,,,1.0,1.0,0,0,2.0,6.0
904,Paul Pogba,Monaco,M,Rennes vs Monaco,11,6.6,,0.0,,,15,14.0,,1.0,1.0,,,0,0,1.0,1.0
904,Paul Pogba,Monaco,M,Monaco vs Paris Saint Germain,11,6.9,,0.0,,,5,3.0,,,,,,0,0,1.0,1.0
904,Paul Pogba,Monaco,M,Stade Brestois 29 vs Monaco,21,7.3,,0.0,,,13,12.0,,2.0,,1.0,,0,0,4.0,5.0
623922,Adil Hamdani,Lyon,F,Auxerre vs Lyon,9,6.3,,0.0,,,2,2.0,,,,,,0,0,,
403883,Malick Mbaye,Metz,F,Metz vs Rennes,14,6.3,,0.0,1.0,1.0,1,1.0,,1.0,1.0,,,0,0,1.0,3.0
403883,Malick Mbaye,Metz,F,Auxerre vs Metz,22,6.2,,0.0,,,14,10.0,,,,1.0,,0,0,,1.0
403883,Malick Mbaye,Metz,F,Metz vs Paris Saint Germain,84,6.5,,0.0,,,25,20.0,,3.0,,1.0,2.0,1,0,5.0,9.0
403883,Malick Mbaye,Metz,F,Lorient vs Metz,90,6.7,,0.0,,,30,25.0,,,2.0,1.0,1.0,0,0,3.0,12.0
403883,Malick Mbaye,Metz,F,Strasbourg vs Metz,89,7.2,,0.0,,,26,23.0,,7.0,,,,0,0,7.0,12.0
174973,Melvin Zinga,Angers,G,Angers vs Lens,90,7.3,,0.0,,,31,21.0,,1.0,,,,0,0,1.0,1.0
174973,Melvin Zinga,Angers,G,Le Havre vs Angers,90,6.9,,0.0,,,18,12.0,,,,,,0,0,,
214310,Nathaniel Adjei,Lorient,D,Lorient vs Nice,12,6.6,,0.0,,,5,5.0,,,,,,0,0,,
214310,Nathaniel Adjei,Lorient,D,Lorient vs Metz,90,6.9,,0.0,,,67,63.0,,1.0,,1.0,1.0,0,0,3.0,8.0
214310,Nathaniel Adjei,Lorient,D,Rennes vs Lorient,16,6.9,,0.0,,,5,3.0,,2.0,,,,0,0,2.0,2.0
214310,Nathaniel Adjei,Lorient,D,Lorient vs Nantes,16,6.9,,0.0,,,10,9.0,,,,,,0,0,,
214310,Nathaniel Adjei,Lorient,D,Stade Brestois 29 vs Lorient,90,6.2,,0.0,,,47,41.0,,2.0,2.0,2.0,,0,0,5.0,11.0
24882,Orel Mangala,Lyon,M,Lyon vs Nantes,15,6.6,,0.0,,,9,9.0,,,,,1.0,0,0,1.0,1.0
24882,Orel Mangala,Lyon,M,Monaco vs Lyon,9,6.5,,0.0,,,14,13.0,,,,1.0,,0,0,,2.0
24882,Orel Mangala,Lyon,M,Lyon vs Stade Brestois 29,16,6.7,,0.0,1.0,,17,15.0,,3.0,,,1.0,0,0,4.0,5.0
18765,André Gomes,Lille,M,Lille vs Marseille,13,6.9,,0.0,,,5,5.0,,,,1.0,,0,0,3.0,6.0
2068,Matvey Safonov,Paris Saint Germain,G,Paris Saint Germain vs Rennes,90,6.9,,0.0,,,26,21.0,,,,,,0,0,,
2068,Matvey Safonov,Paris Saint Germain,G,Metz vs Paris Saint Germain,90,6.2,,0.0,,,27,23.0,,,,,,0,0,,
2068,Matvey Safonov,Paris Saint Germain,G,Strasbourg vs Paris Saint Germain,90,7.2,,0.0,,,28,22.0,,,,,,0,0,1.0,1.0
2068,Matvey Safonov,Paris Saint Germain,G,Paris Saint Germain vs Marseille,90,8.2,,0.0,,,30,26.0,,,,,1.0,0,0,1.0,1.0
2068,Matvey Safonov,Paris Saint Germain,G,Rennes vs Paris Saint Germain,90,6.2,,0.0,,,21,20.0,,,,,,0,0,,
2068,Matvey Safonov,Paris Saint Germain,G,Paris Saint Germain vs Metz,90,6.9,,0.0,,,26,23.0,,,,,,0,0,,
625629,Elias Legendre Quiñonez,Rennes,M,Paris Saint Germain vs Rennes,8,6.3,,0.0,,,3,3.0,,,1.0,,,0,0,,2.0
625629,Elias Legendre Quiñonez,Rennes,M,Rennes vs Le Havre,21,6.5,,,,,10,7.0,,1.0,,,,0,0,2.0,5.0
625629,Elias Legendre Quiñonez,Rennes,M,Rennes vs Lorient,9,6.3,,0.0,1.0,,2,2.0,,1.0,,,,0,0,2.0,2.0
625629,Elias Legendre Quiñonez,Rennes,M,Monaco vs Rennes,12,6.7,,0.0,,,4,3.0,,,,1.0,1.0,0,0,1.0,3.0
662,Tanguy Ndombélé,Nice,M,Nice vs Angers,13,6.9,,0.0,1.0,1.0,8,7.0,,,,,1.0,0,0,2.0,2.0
662,Tanguy Ndombélé,Nice,M,Lens vs Nice,20,6.7,,0.0,,,2,2.0,,,,,1.0,0,0,1.0,1.0
662,Tanguy Ndombélé,Nice,M,Nice vs Strasbourg,81,7,,0.0,,,26,24.0,,2.0,,1.0,1.0,0,0,3.0,7.0
662,Tanguy Ndombélé,Nice,M,Toulouse vs Nice,45,6.9,,0.0,1.0,,6,5.0,,1.0,,,3.0,0,0,4.0,5.0
662,Tanguy Ndombélé,Nice,M,Nice vs Monaco,26,6.3,,0.0,,,2,2.0,,,,,,0,0,,1.0
437529,Noam Obougou Jacquet,Le Havre,F,Le Havre vs Paris FC,17,6.9,,0.0,,,0,,,,,2.0,1.0,0,0,1.0,4.0
437529,Noam Obougou Jacquet,Le Havre,F,Lyon vs Le Havre,12,6.7,,0.0,1.0,1.0,1,,,,,,,0,0,1.0,1.0
437529,Noam Obougou Jacquet,Le Havre,F,Le Havre vs Angers,24,7.2,1.0,0.0,1.0,1.0,4,2.0,,,1.0,1.0,,0,0,1.0,4.0
437529,Noam Obougou Jacquet,Le Havre,F,Le Havre vs Monaco,25,6.9,,0.0,1.0,1.0,4,4.0,,,,2.0,2.0,0,0,5.0,8.0
437529,Noam Obougou Jacquet,Le Havre,F,Lens vs Le Havre,21,6.3,,0.0,,,4,,,,,,,0,0,2.0,5.0
584356,Kenny Quetant,Le Havre,F,Lyon vs Le Havre,12,6.7,,0.0,1.0,,1,1.0,,,,,,0,0,1.0,1.0
584356,Kenny Quetant,Le Havre,F,Le Havre vs Angers,83,7.2,1.0,0.0,2.0,2.0,14,10.0,,,,1.0,,0,0,2.0,9.0
584356,Kenny Quetant,Le Havre,F,Rennes vs Le Havre,79,6.3,,,,,13,8.0,,,,1.0,1.0,1,0,1.0,5.0
584356,Kenny Quetant,Le Havre,F,Le Havre vs Monaco,65,6.7,,0.0,,,16,11.0,,,1.0,1.0,1.0,0,0,5.0,8.0
584356,Kenny Quetant,Le Havre,F,Lens vs Le Havre,10,6.7,,0.0,,,1,,,,,,,0,0,1.0,1.0
584356,Kenny Quetant,Le Havre,F,Nantes vs Le Havre,45,6.3,,0.0,,,3,2.0,,,,2.0,,0,0,,4.0
21079,Maxime Dupé,Nice,G,Nice vs Strasbourg,90,6.9,,0.0,,,34,26.0,,,,,,0,0,,
21079,Maxime Dupé,Nice,G,Toulouse vs Nice,90,4.6,,0.0,,,32,23.0,,,,,,0,0,,
21079,Maxime Dupé,Nice,G,Nantes vs Nice,90,7.3,,0.0,,,30,16.0,,,,,1.0,0,0,1.0,1.0
21079,Maxime Dupé,Nice,G,Nice vs Stade Brestois 29,90,6.3,,0.0,,,29,20.0,,,,,,0,0,,
21079,Maxime Dupé,Nice,G,Nice vs Monaco,90,6.7,,0.0,,,25,11.0,,,,,,0,0,,
21079,Maxime Dupé,Nice,G,Lyon vs Nice,90,6.7,,0.0,,,42,31.0,,,,,,0,0,1.0,1.0
21079,Maxime Dupé,Nice,G,Nice vs Lorient,90,5.6,,0.0,,,34,19.0,,,,,,0,0,1.0,1.0
442866,Everton Pereira,Nice,M,Nice vs Strasbourg,69,6.3,,0.0,,,40,35.0,,,2.0,1.0,,0,0,1.0,4.0
442866,Everton Pereira,Nice,M,Toulouse vs Nice,67,5.6,,0.0,,,24,17.0,,,1.0,3.0,,0,0,2.0,9.0
162707,Elye Wahi,Nice,F,Nice vs Strasbourg,45,7.6,1.0,0.0,4.0,3.0,7,4.0,,,,,,0,0,,4.0
162707,Elye Wahi,Nice,F,Toulouse vs Nice,82,7.5,1.0,0.0,1.0,1.0,14,11.0,,,,1.0,1.0,0,0,2.0,12.0
162707,Elye Wahi,Nice,F,Nantes vs Nice,70,6,,0.0,1.0,,7,4.0,,1.0,,4.0,,0,0,2.0,11.0
162707,Elye Wahi,Nice,F,Nice vs Stade Brestois 29,82,7,1.0,0.0,1.0,1.0,5,3.0,,,,3.0,,1,0,,7.0
162707,Elye Wahi,Nice,F,Nice vs Monaco,90,5.6,,0.0,2.0,2.0,16,11.0,,,,3.0,1.0,1,0,1.0,9.0
162707,Elye Wahi,Nice,F,Lyon vs Nice,6,,,0.0,,,1,,,,,,,0,0,,
362470,Zoumana Diallo,Nice,F,Nice vs Strasbourg,9,6.3,,0.0,,,1,,,,,2.0,1.0,0,0,1.0,3.0
392569,Sékou Doucoure,Nantes,D,Marseille vs Nantes,45,6.9,,0.0,,,30,26.0,,,3.0,1.0,,0,0,1.0,2.0
22093,Rémy Cabella,Nantes,M,Marseille vs Nantes,32,7.9,1.0,0.0,2.0,2.0,30,29.0,,1.0,2.0,2.0,,0,0,1.0,5.0
22093,Rémy Cabella,Nantes,M,Nantes vs Paris FC,90,6.9,,0.0,,,55,47.0,,2.0,1.0,1.0,2.0,0,0,5.0,10.0
22093,Rémy Cabella,Nantes,M,Nantes vs Nice,90,7.7,,0.0,1.0,1.0,64,48.0,,6.0,1.0,,2.0,0,0,9.0,14.0
22093,Rémy Cabella,Nantes,M,Lorient vs Nantes,90,6.5,,0.0,1.0,,47,37.0,,1.0,,1.0,1.0,1,0,3.0,7.0
22093,Rémy Cabella,Nantes,M,Nantes vs Lyon,90,7.9,,0.0,,,61,54.0,,1.0,,,2.0,0,0,9.0,10.0
22093,Rémy Cabella,Nantes,M,Monaco vs Nantes,66,6.7,,0.0,,,49,43.0,,,,1.0,2.0,0,0,2.0,6.0
551415,Tidiane Devernois,Auxerre,M,Stade Brestois 29 vs Auxerre,9,6.3,,0.0,,,5,3.0,,,,,,0,0,,
551415,Tidiane Devernois,Auxerre,M,Auxerre vs Rennes,9,6.6,,0.0,,,5,3.0,,,,,,0,0,,
395808,Paul Argney,Le Havre,G,Le Havre vs Angers,90,6.6,,0.0,,,30,24.0,,,,,,0,0,,
567804,Noah Nsoki,Paris Saint Germain,M,Paris Saint Germain vs Paris FC,15,6.3,,0.0,,,8,6.0,,1.0,,,,0,0,1.0,1.0
461595,Mohamed Benoit-Dao,Paris FC,F,Paris Saint Germain vs Paris FC,9,6.3,,0.0,,,2,2.0,,,,,,0,0,,
8694,Wout Faes,Monaco,D,Monaco vs Lorient,90,6.9,,0.0,,,119,113.0,,2.0,1.0,1.0,,0,0,6.0,9.0
8694,Wout Faes,Monaco,D,Le Havre vs Monaco,29,6.6,,0.0,,,8,8.0,,,1.0,1.0,,0,0,1.0,2.0
8694,Wout Faes,Monaco,D,Monaco vs Nantes,90,7.3,,0.0,1.0,1.0,34,32.0,,2.0,1.0,1.0,,0,0,4.0,6.0
8694,Wout Faes,Monaco,D,Lens vs Monaco,90,6.2,,0.0,1.0,,47,43.0,,,1.0,2.0,,1,0,2.0,5.0
152418,Naouirou Ahamada,Auxerre,M,Lens vs Auxerre,76,6.9,,0.0,1.0,,32,26.0,,,,,1.0,0,0,3.0,4.0
152418,Naouirou Ahamada,Auxerre,M,Auxerre vs Paris Saint Germain,45,6.3,,0.0,,,10,6.0,,2.0,,1.0,1.0,0,0,3.0,5.0
152418,Naouirou Ahamada,Auxerre,M,Toulouse vs Auxerre,10,6.3,,0.0,,,5,5.0,,,,1.0,,0,0,,1.0
152418,Naouirou Ahamada,Auxerre,M,Auxerre vs Paris FC,78,6.9,,0.0,,,39,37.0,,1.0,,,1.0,0,0,4.0,7.0
152418,Naouirou Ahamada,Auxerre,M,Metz vs Auxerre,82,6.7,,0.0,1.0,,22,20.0,,1.0,1.0,1.0,,0,0,2.0,5.0
152418,Naouirou Ahamada,Auxerre,M,Auxerre vs Rennes,45,6.5,,0.0,,,11,11.0,,1.0,,1.0,1.0,0,0,2.0,4.0
84082,Romain Faivre,Auxerre,M,Lens vs Auxerre,14,6.6,,0.0,,,5,4.0,,1.0,,,1.0,0,0,3.0,4.0
84082,Romain Faivre,Auxerre,M,Auxerre vs Paris Saint Germain,9,6.7,,0.0,,,4,3.0,,,,,,0,0,,
84082,Romain Faivre,Auxerre,M,Toulouse vs Auxerre,73,6.6,,0.0,1.0,,32,31.0,,,,2.0,2.0,0,0,3.0,6.0
84082,Romain Faivre,Auxerre,M,Metz vs Auxerre,72,7.2,,0.0,1.0,,22,18.0,,2.0,1.0,1.0,1.0,0,0,7.0,12.0
339417,Pape Diop,Toulouse,M,Toulouse vs Nice,82,6.7,,0.0,1.0,1.0,37,32.0,,1.0,3.0,1.0,1.0,0,0,3.0,6.0
339417,Pape Diop,Toulouse,M,Stade Brestois 29 vs Toulouse,89,8.3,1.0,1.0,2.0,1.0,45,40.0,,,,,4.0,0,0,5.0,11.0
339417,Pape Diop,Toulouse,M,Toulouse vs Auxerre,90,6.7,,0.0,2.0,2.0,48,42.0,,,4.0,3.0,1.0,0,0,1.0,7.0
339417,Pape Diop,Toulouse,M,Angers vs Toulouse,81,7,,0.0,3.0,1.0,43,39.0,,3.0,2.0,1.0,1.0,1,0,5.0,10.0
339417,Pape Diop,Toulouse,M,Le Havre vs Toulouse,90,7.2,,0.0,3.0,1.0,59,51.0,,6.0,2.0,,2.0,0,0,9.0,12.0
339417,Pape Diop,Toulouse,M,Toulouse vs Paris FC,86,7.3,,0.0,4.0,3.0,51,45.0,,5.0,2.0,2.0,,0,0,6.0,10.0
611321,Brad-Hamilton Mantsounga,Nice,D,Toulouse vs Nice,90,7,,0.0,,,86,85.0,,6.0,,,2.0,0,0,8.0,9.0
22260,Ibrahima Sissoko,Nantes,D,Nantes vs Paris FC,82,6.6,,0.0,,,49,41.0,,2.0,,3.0,2.0,0,0,8.0,13.0
22260,Ibrahima Sissoko,Nantes,D,Nantes vs Nice,81,6.9,,0.0,1.0,,48,34.0,,3.0,,2.0,1.0,0,0,11.0,14.0
22260,Ibrahima Sissoko,Nantes,D,Lorient vs Nantes,60,6,,0.0,,,23,18.0,,,1.0,5.0,,1,0,1.0,7.0
22260,Ibrahima Sissoko,Nantes,D,Monaco vs Nantes,24,6.5,,0.0,,,21,20.0,,,,2.0,,1,0,,4.0
22177,Ignatius Ganago,Nantes,F,Nantes vs Paris FC,25,6.7,,0.0,,,2,2.0,,,,,,0,0,,
22177,Ignatius Ganago,Nantes,F,Monaco vs Nantes,24,6.5,,0.0,1.0,,5,4.0,,,,,,0,0,2.0,2.0
22177,Ignatius Ganago,Nantes,F,Nantes vs Le Havre,53,7.3,1.0,0.0,1.0,1.0,13,9.0,,,,2.0,,0,0,3.0,6.0
359603,Luca Koleosho,Paris FC,F,Nantes vs Paris FC,23,8,1.0,0.0,1.0,1.0,5,4.0,,3.0,,1.0,1.0,0,0,6.0,7.0
359603,Luca Koleosho,Paris FC,F,Paris FC vs Angers,30,6.3,,0.0,1.0,,13,9.0,,1.0,,,,0,0,2.0,3.0
359603,Luca Koleosho,Paris FC,F,Paris FC vs Marseille,26,6.3,,0.0,1.0,1.0,7,6.0,,,,1.0,1.0,0,0,1.0,4.0
359603,Luca Koleosho,Paris FC,F,Auxerre vs Paris FC,27,6.7,,0.0,,,9,5.0,,1.0,,,,0,0,1.0,1.0
359603,Luca Koleosho,Paris FC,F,Paris FC vs Lens,63,6.9,,0.0,,,24,17.0,,5.0,,2.0,,0,0,7.0,14.0
359603,Luca Koleosho,Paris FC,F,Toulouse vs Paris FC,23,6.7,,0.0,,,6,5.0,,,,,,0,0,,2.0
3080,Marshall Munetsi,Paris FC,M,Nantes vs Paris FC,9,6.7,,0.0,,,3,3.0,,,,,,0,0,,1.0
3080,Marshall Munetsi,Paris FC,M,Paris FC vs Angers,12,6.7,,0.0,,,7,4.0,,,,,,0,0,1.0,2.0
3080,Marshall Munetsi,Paris FC,M,Paris FC vs Marseille,45,7.2,,0.0,1.0,,16,14.0,,,1.0,1.0,3.0,0,0,4.0,7.0
3080,Marshall Munetsi,Paris FC,M,Auxerre vs Paris FC,45,6.3,,0.0,,,11,6.0,,,,,,0,0,1.0,2.0
3080,Marshall Munetsi,Paris FC,M,Paris FC vs Lens,73,5.9,,0.0,1.0,1.0,18,16.0,,1.0,,1.0,,0,0,1.0,6.0
3080,Marshall Munetsi,Paris FC,M,Toulouse vs Paris FC,67,7.7,1.0,0.0,1.0,1.0,16,11.0,,1.0,,,1.0,0,0,2.0,3.0
24012,Lionel M'Pasi,Le Havre,G,Rennes vs Le Havre,101,7.5,,,,,52,30.0,,,,,,1,0,1.0,1.0
24012,Lionel M'Pasi,Le Havre,G,Le Havre vs Monaco,90,7.2,,0.0,,,40,31.0,,,,,,0,0,,
24012,Lionel M'Pasi,Le Havre,G,Lens vs Le Havre,90,7.3,,0.0,,,38,32.0,,,,,1.0,0,0,1.0,1.0
24012,Lionel M'Pasi,Le Havre,G,Le Havre vs Toulouse,45,9.5,,0.0,,,19,8.0,,,,,,0,0,,
162067,Timothee Pembele,Le Havre,D,Rennes vs Le Havre,37,7.3,,,,,15,11.0,,,1.0,,,0,0,2.0,2.0
162067,Timothee Pembele,Le Havre,D,Lens vs Le Havre,20,6.9,,0.0,,,6,5.0,,1.0,,,1.0,0,0,3.0,4.0
162067,Timothee Pembele,Le Havre,D,Le Havre vs Strasbourg,27,6.7,,0.0,1.0,,16,13.0,,1.0,1.0,,,0,0,1.0,2.0
162067,Timothee Pembele,Le Havre,D,Le Havre vs Toulouse,14,6.6,,0.0,,,1,1.0,,,,,,0,0,,
162067,Timothee Pembele,Le Havre,D,Nantes vs Le Havre,45,6.3,,0.0,,,39,39.0,,,,,,0,0,,
2710,Sofiane Boufal,Le Havre,M,Rennes vs Le Havre,22,6.3,,,1.0,1.0,7,6.0,,,,1.0,1.0,0,0,1.0,1.0
2710,Sofiane Boufal,Le Havre,M,Le Havre vs Monaco,25,6.3,,0.0,,,9,5.0,,1.0,,,,0,0,1.0,4.0
2710,Sofiane Boufal,Le Havre,M,Lens vs Le Havre,69,6.2,,0.0,,,25,18.0,,1.0,,3.0,3.0,1,0,5.0,14.0
2710,Sofiane Boufal,Le Havre,M,Le Havre vs Strasbourg,79,7,,1.0,1.0,1.0,37,27.0,,2.0,,2.0,1.0,0,0,7.0,17.0
2710,Sofiane Boufal,Le Havre,M,Le Havre vs Toulouse,65,7.3,,1.0,1.0,,24,19.0,,2.0,,,4.0,0,0,9.0,15.0
2710,Sofiane Boufal,Le Havre,M,Nantes vs Le Havre,63,6.2,,0.0,,,27,21.0,,,,1.0,1.0,0,0,3.0,9.0
377122,Endrick,Lyon,F,Lyon vs Stade Brestois 29,89,7.9,,1.0,4.0,2.0,42,33.0,,3.0,2.0,2.0,1.0,0,0,12.0,24.0
377122,Endrick,Lyon,F,Metz vs Lyon,89,10,3.0,0.0,6.0,6.0,26,20.0,,,1.0,1.0,3.0,0,0,6.0,7.0
377122,Endrick,Lyon,F,Lyon vs Lille,89,6,,0.0,,,15,9.0,,,,2.0,1.0,0,0,2.0,12.0
377122,Endrick,Lyon,F,Nantes vs Lyon,61,5.9,,0.0,1.0,1.0,14,12.0,,,,2.0,3.0,1,1,3.0,12.0
377122,Endrick,Lyon,F,Strasbourg vs Lyon,90,6.3,,0.0,1.0,1.0,15,11.0,,,,,,1,0,1.0,5.0
40403,Sebastian Szymański,Rennes,M,Rennes vs Lorient,14,6.3,,0.0,,,9,6.0,,1.0,,,,0,0,1.0,1.0
40403,Sebastian Szymański,Rennes,M,Monaco vs Rennes,34,6.3,,0.0,2.0,,17,14.0,,2.0,,1.0,1.0,0,0,3.0,4.0
40403,Sebastian Szymański,Rennes,M,Lens vs Rennes,64,6.7,,0.0,,,14,11.0,,1.0,,1.0,,0,0,1.0,4.0
40403,Sebastian Szymański,Rennes,M,Rennes vs Paris Saint Germain,74,6.5,,1.0,,,15,10.0,,2.0,,2.0,1.0,0,0,3.0,9.0
40403,Sebastian Szymański,Rennes,M,Auxerre vs Rennes,78,7.3,,1.0,1.0,,20,15.0,,5.0,,2.0,2.0,0,0,7.0,15.0
179843,Lucas Gourna-Douath,Le Havre,M,Le Havre vs Monaco,90,7.2,,0.0,,,30,25.0,,1.0,3.0,1.0,1.0,0,0,3.0,4.0
179843,Lucas Gourna-Douath,Le Havre,M,Lens vs Le Havre,90,7,,0.0,2.0,,49,41.0,,1.0,1.0,1.0,2.0,1,0,7.0,15.0
179843,Lucas Gourna-Douath,Le Havre,M,Le Havre vs Strasbourg,90,6.9,,0.0,,,42,38.0,,3.0,,2.0,3.0,1,0,7.0,14.0
179843,Lucas Gourna-Douath,Le Havre,M,Le Havre vs Toulouse,90,6.9,,0.0,,,12,12.0,,1.0,2.0,1.0,2.0,0,0,3.0,5.0
179843,Lucas Gourna-Douath,Le Havre,M,Nantes vs Le Havre,90,6.3,,0.0,,,69,60.0,,5.0,,3.0,1.0,1,0,8.0,17.0
38747,Quinten Timber,Marseille,M,Marseille vs Lens,74,6.9,,0.0,,,41,36.0,,2.0,,1.0,2.0,0,0,5.0,9.0
38747,Quinten Timber,Marseille,M,Paris FC vs Marseille,79,6.9,,0.0,,,34,32.0,,2.0,,,2.0,0,0,4.0,7.0
38747,Quinten Timber,Marseille,M,Paris Saint Germain vs Marseille,90,6,,0.0,1.0,,28,22.0,,1.0,,1.0,1.0,0,0,2.0,4.0
38747,Quinten Timber,Marseille,M,Marseille vs Strasbourg,90,6.9,,0.0,1.0,,45,41.0,,5.0,1.0,,2.0,0,0,10.0,20.0
38747,Quinten Timber,Marseille,M,Stade Brestois 29 vs Marseille,79,5.9,,0.0,2.0,1.0,46,35.0,,1.0,,1.0,,1,0,2.0,6.0
313236,Ethan Nwaneri,Marseille,F,Marseille vs Lens,58,8.2,1.0,0.0,2.0,2.0,28,25.0,,,,1.0,1.0,0,0,4.0,7.0
313236,Ethan Nwaneri,Marseille,F,Paris FC vs Marseille,67,6.5,,0.0,1.0,,15,12.0,,,1.0,2.0,,0,0,,5.0
313236,Ethan Nwaneri,Marseille,F,Paris Saint Germain vs Marseille,45,6.3,,0.0,,,17,13.0,,2.0,1.0,,,0,0,2.0,7.0
313236,Ethan Nwaneri,Marseille,F,Stade Brestois 29 vs Marseille,19,6.5,,0.0,,,13,11.0,,,,1.0,,1,0,,2.0
570580,Believe Munongo,Metz,M,Metz vs Lyon,28,6.7,,0.0,,,18,17.0,,,,1.0,,0,0,2.0,3.0
570580,Believe Munongo,Metz,M,Angers vs Metz,58,6.6,,0.0,,,25,19.0,,2.0,,,1.0,0,0,4.0,5.0
570580,Believe Munongo,Metz,M,Metz vs Lille,20,6.7,,0.0,,,8,7.0,,1.0,1.0,1.0,1.0,0,0,2.0,5.0
570580,Believe Munongo,Metz,M,Metz vs Auxerre,90,6,,0.0,1.0,,40,32.0,,1.0,1.0,6.0,,0,0,4.0,14.0
37652,Branco van den Boomen,Angers,M,Paris FC vs Angers,29,7.2,,0.0,,,21,21.0,,,,,1.0,0,0,1.0,1.0
37652,Branco van den Boomen,Angers,M,Angers vs Metz,69,7.5,,0.0,3.0,1.0,81,77.0,,1.0,,1.0,,1,0,2.0,7.0
37652,Branco van den Boomen,Angers,M,Angers vs Toulouse,90,7.5,,1.0,2.0,1.0,52,51.0,,1.0,,2.0,,0,0,2.0,8.0
37652,Branco van den Boomen,Angers,M,Lorient vs Angers,81,7.3,,0.0,,,47,45.0,,1.0,1.0,1.0,1.0,0,0,3.0,5.0
37652,Branco van den Boomen,Angers,M,Angers vs Lille,90,7.2,,0.0,,,62,56.0,,1.0,2.0,4.0,,1,0,2.0,6.0
369544,Gessime Yassine,Strasbourg,F,Lille vs Strasbourg,8,6.3,,0.0,,,2,2.0,,,,,,0,0,,
369544,Gessime Yassine,Strasbourg,F,Marseille vs Strasbourg,25,7.2,,0.0,1.0,,11,7.0,,,,,2.0,0,0,4.0,7.0
441264,Kyllian Antonio,Lens,D,Lens vs Le Havre,90,7.3,,0.0,1.0,,45,39.0,,3.0,4.0,1.0,2.0,1,0,7.0,12.0
441264,Kyllian Antonio,Lens,D,Lens vs Rennes,30,7.3,,0.0,,,8,7.0,,1.0,1.0,,2.0,0,0,4.0,4.0
304427,Ali Youssef,Nantes,D,Lorient vs Nantes,90,6.6,,0.0,,,60,53.0,,2.0,1.0,2.0,,1,0,4.0,7.0
304427,Ali Youssef,Nantes,D,Nantes vs Lyon,90,7.6,,0.0,2.0,,57,45.0,,3.0,1.0,1.0,1.0,1,0,10.0,13.0
304427,Ali Youssef,Nantes,D,Monaco vs Nantes,78,6.3,,0.0,,,36,29.0,,,,,1.0,0,0,3.0,3.0
304427,Ali Youssef,Nantes,D,Nantes vs Le Havre,90,6.9,,0.0,,,9,8.0,,,,1.0,,1,0,,1.0
197779,Mohamed Kaba,Nantes,M,Lorient vs Nantes,30,6.7,,1.0,,,21,19.0,,,,1.0,,0,0,,2.0
197779,Mohamed Kaba,Nantes,M,Nantes vs Lyon,88,6.5,,0.0,1.0,,38,33.0,,1.0,,1.0,,1,0,1.0,6.0
197779,Mohamed Kaba,Nantes,M,Monaco vs Nantes,66,6.3,,0.0,,,25,20.0,,2.0,1.0,,3.0,0,0,6.0,7.0
197779,Mohamed Kaba,Nantes,M,Nantes vs Le Havre,90,7.2,,0.0,,,21,18.0,,3.0,1.0,,,0,0,5.0,8.0
386438,Mathieu Acapandié,Nantes,D,Lorient vs Nantes,12,6.3,,0.0,,,5,3.0,,,,,,0,0,,
361352,Noah Nartey,Lyon,M,Lyon vs Lille,90,8,1.0,0.0,1.0,1.0,34,27.0,,3.0,1.0,1.0,1.0,0,0,7.0,13.0
361352,Noah Nartey,Lyon,M,Nantes vs Lyon,90,6.9,,0.0,1.0,,28,26.0,,1.0,,,1.0,0,0,5.0,11.0
361352,Noah Nartey,Lyon,M,Lyon vs Nice,90,7.9,1.0,0.0,1.0,1.0,38,36.0,,1.0,1.0,3.0,2.0,0,0,5.0,11.0
361352,Noah Nartey,Lyon,M,Strasbourg vs Lyon,62,6.2,,0.0,,,25,24.0,,1.0,,,,0,0,1.0,4.0
497617,Remi Himbert,Lyon,F,Lyon vs Lille,8,6.5,,0.0,,,2,,,1.0,,,,0,0,1.0,4.0
497617,Remi Himbert,Lyon,F,Strasbourg vs Lyon,17,6.3,,0.0,,,2,2.0,,,,,,0,0,,
20817,Goduine Koyalipou,Angers,F,Angers vs Metz,21,6.9,,0.0,1.0,1.0,2,2.0,,,1.0,1.0,,0,0,2.0,4.0
20817,Goduine Koyalipou,Angers,F,Angers vs Toulouse,79,5.9,,0.0,3.0,1.0,21,15.0,,2.0,,1.0,,0,0,5.0,16.0
20817,Goduine Koyalipou,Angers,F,Lorient vs Angers,75,6.2,,0.0,2.0,1.0,12,8.0,,,,,,0,0,3.0,8.0
20817,Goduine Koyalipou,Angers,F,Angers vs Lille,90,6.9,,0.0,2.0,1.0,14,12.0,,1.0,1.0,,,0,0,5.0,11.0
584096,Nathan Mbala,Metz,F,Angers vs Metz,9,6.3,,0.0,,,0,,,,,,,0,0,,
584096,Nathan Mbala,Metz,F,Metz vs Auxerre,8,7.3,1.0,0.0,1.0,1.0,1,1.0,,,,,,0,0,,1.0
584096,Nathan Mbala,Metz,F,Paris Saint Germain vs Metz,2,,,0.0,,,0,,,,,,,0,0,,
405237,Kaïl Boudache,Nice,F,Nice vs Stade Brestois 29,45,6.6,,0.0,2.0,1.0,4,4.0,,2.0,1.0,,4.0,0,0,6.0,13.0
405237,Kaïl Boudache,Nice,F,Nice vs Monaco,26,6.7,,0.0,1.0,,3,3.0,,1.0,1.0,,,0,0,2.0,5.0
405237,Kaïl Boudache,Nice,F,Lyon vs Nice,84,6.2,,0.0,2.0,,17,10.0,,,,1.0,,0,0,1.0,7.0
405237,Kaïl Boudache,Nice,F,Nice vs Lorient,45,7.3,1.0,0.0,2.0,1.0,8,7.0,,2.0,1.0,,,0,0,4.0,11.0
115588,Bryan Okoh,Auxerre,D,Toulouse vs Auxerre,10,6.9,,0.0,,,3,3.0,,,,,1.0,0,0,1.0,1.0
115588,Bryan Okoh,Auxerre,D,Metz vs Auxerre,90,6.9,,0.0,,,37,33.0,,2.0,1.0,,1.0,0,0,5.0,8.0
115588,Bryan Okoh,Auxerre,D,Auxerre vs Rennes,90,6.7,,0.0,1.0,,31,28.0,,1.0,5.0,,1.0,0,0,6.0,8.0
8490,Giorgi Kvilitaia,Metz,F,Metz vs Lille,8,6.3,,0.0,,,3,3.0,,,,,,0,0,,
8490,Giorgi Kvilitaia,Metz,F,Metz vs Auxerre,20,6.5,,0.0,1.0,1.0,6,4.0,,,,,,0,0,1.0,2.0
8490,Giorgi Kvilitaia,Metz,F,Paris Saint Germain vs Metz,12,6.6,,0.0,,,5,3.0,,,,,1.0,0,0,3.0,4.0
20732,Gaëtan Perrin,Lille,F,Metz vs Lille,19,6.2,,0.0,1.0,1.0,9,3.0,,1.0,,1.0,1.0,0,0,2.0,5.0
20732,Gaëtan Perrin,Lille,F,Lille vs Stade Brestois 29,24,7.9,1.0,0.0,1.0,1.0,9,8.0,,1.0,,1.0,,0,0,3.0,4.0
20732,Gaëtan Perrin,Lille,F,Angers vs Lille,73,7.2,,0.0,,,21,19.0,,2.0,1.0,1.0,,0,0,3.0,8.0
22173,Allan Saint-Maximin,Lens,F,Lens vs Rennes,29,7.7,1.0,0.0,1.0,1.0,5,5.0,,,,1.0,1.0,0,0,3.0,8.0
22173,Allan Saint-Maximin,Lens,F,Paris FC vs Lens,22,6.9,,2.0,,,8,6.0,,,,,,0,0,1.0,7.0
22173,Allan Saint-Maximin,Lens,F,Lens vs Monaco,75,7.2,,0.0,,,27,24.0,,,,2.0,1.0,0,0,4.0,10.0
22173,Allan Saint-Maximin,Lens,F,Strasbourg vs Lens,30,6.5,,0.0,,,10,9.0,,,,,,0,0,,2.0
1153,Amadou Haidara,Lens,M,Lens vs Rennes,12,6.7,,0.0,,,5,4.0,,,,,,0,0,,
1153,Amadou Haidara,Lens,M,Strasbourg vs Lens,17,6.7,,0.0,1.0,1.0,4,3.0,,,,,1.0,0,0,1.0,1.0
361462,Mathys Silistrie,Rennes,G,Lens vs Rennes,90,5.6,,0.0,,,32,28.0,,,,,,0,0,,
22097,Arnaud Nordin,Rennes,M,Lens vs Rennes,64,6.9,,1.0,,,6,5.0,,2.0,,1.0,2.0,1,0,4.0,7.0
22097,Arnaud Nordin,Rennes,M,Rennes vs Paris Saint Germain,65,6.7,,0.0,2.0,,6,6.0,,,,1.0,2.0,0,0,2.0,5.0
22097,Arnaud Nordin,Rennes,M,Auxerre vs Rennes,78,6.2,,0.0,2.0,,17,15.0,,3.0,,3.0,5.0,0,0,8.0,16.0
364810,Abakar Sylla,Nantes,D,Nantes vs Lyon,19,6.9,,0.0,1.0,,22,21.0,,,,2.0,,0,0,2.0,4.0
364810,Abakar Sylla,Nantes,D,Monaco vs Nantes,45,5.2,,0.0,1.0,,25,19.0,,,,,,0,0,3.0,6.0
483118,Gabin Bernardeau,Nice,M,Nice vs Monaco,64,7.2,,0.0,1.0,1.0,27,16.0,,3.0,,1.0,3.0,0,0,7.0,13.0
483118,Gabin Bernardeau,Nice,M,Nice vs Lorient,12,6.7,,0.0,,,0,,,1.0,,,,0,0,1.0,1.0
301771,Simon Adingra,Monaco,M,Nice vs Monaco,75,6.5,,0.0,1.0,,20,13.0,,2.0,,,,0,0,5.0,12.0
301771,Simon Adingra,Monaco,M,Monaco vs Nantes,90,8.9,2.0,0.0,3.0,2.0,22,20.0,,,1.0,,2.0,0,0,7.0,18.0
301771,Simon Adingra,Monaco,M,Lens vs Monaco,68,5.9,,0.0,1.0,,22,17.0,,,,1.0,,0,0,,10.0
203428,Jacen Russell-Rowe,Toulouse,F,Angers vs Toulouse,16,6.6,,0.0,,,4,2.0,,,,,1.0,0,0,2.0,2.0
203428,Jacen Russell-Rowe,Toulouse,F,Le Havre vs Toulouse,28,6.2,,0.0,1.0,1.0,4,3.0,,,,1.0,,0,0,1.0,5.0
203428,Jacen Russell-Rowe,Toulouse,F,Toulouse vs Paris FC,26,6.2,,0.0,1.0,,7,6.0,,,,1.0,,0,0,,2.0
1863,Ciro Immobile,Paris FC,F,Auxerre vs Paris FC,79,6.3,,0.0,1.0,1.0,18,14.0,,,,,,0,0,1.0,6.0
1863,Ciro Immobile,Paris FC,F,Paris FC vs Lens,73,6.3,,0.0,1.0,,13,10.0,,,,,,0,0,,3.0
1863,Ciro Immobile,Paris FC,F,Toulouse vs Paris FC,81,6.7,,0.0,,,13,10.0,,,,,,0,0,3.0,8.0
491087,Dro Fernández,Paris Saint Germain,M,Paris Saint Germain vs Marseille,15,7,,0.0,,,11,11.0,,,,,3.0,0,0,4.0,4.0
491087,Dro Fernández,Paris Saint Germain,M,Rennes vs Paris Saint Germain,19,6.7,,0.0,,,13,12.0,,,,,1.0,0,0,1.0,1.0
491087,Dro Fernández,Paris Saint Germain,M,Paris Saint Germain vs Metz,63,6.3,,0.0,1.0,1.0,41,39.0,,1.0,,3.0,2.0,0,0,5.0,11.0
291476,David Datro Fofana,Strasbourg,F,Marseille vs Strasbourg,15,6.7,,0.0,,,2,2.0,,1.0,,,,0,0,1.0,1.0
342063,Diego Coppola,Paris FC,D,Paris FC vs Lens,90,5.7,,0.0,,,67,58.0,,,,,,0,0,,2.0
342063,Diego Coppola,Paris FC,D,Toulouse vs Paris FC,90,6.7,,0.0,,,56,47.0,,,,1.0,,1,0,1.0,4.0
395589,Nidal Čelik,Lens,D,Paris FC vs Lens,90,7.3,,0.0,,,40,38.0,,4.0,1.0,,,0,0,5.0,7.0
395589,Nidal Čelik,Lens,D,Lens vs Monaco,90,6,,0.0,,,50,44.0,,4.0,,,,0,0,7.0,8.0
395589,Nidal Čelik,Lens,D,Strasbourg vs Lens,90,6.3,,0.0,,,43,36.0,,1.0,3.0,1.0,1.0,0,0,2.0,4.0
8493,Roman Yaremchuk,Lyon,F,Lyon vs Nice,9,6.3,,0.0,,,6,5.0,,,,1.0,,0,0,2.0,4.0
8493,Roman Yaremchuk,Lyon,F,Strasbourg vs Lyon,32,6.6,,1.0,,,9,6.0,,,,,,0,0,,
1915,Bouna Sarr,Metz,D,Paris Saint Germain vs Metz,24,5.9,,0.0,,,10,8.0,,1.0,,,1.0,0,0,2.0,4.0
457101,Yassir Zabiri,Rennes,F,Auxerre vs Rennes,12,6.6,,0.0,,,1,1.0,,1.0,,1.0,,0,0,2.0,3.0
456765,Henrick Do Marcolino,Rennes,F,Auxerre vs Rennes,2,,,0.0,,,3,1.0,,1.0,2.0,,,0,0,2.0,2.0
422780,Aarón Anselmino,Strasbourg,D,Strasbourg vs Lyon,10,6.7,,0.0,,,4,4.0,,,1.0,,,0,0,,
