fixture,team,player_id,name,position,minutes,rating,goals,assists,shots_total,shots_on,passes_total,accurate_passes,pass_accuracy_%,tackles,interceptions,fouls_committed,fouls_drawn,yellow_cards,red_cards,duels_won,duels_total
Rennes vs Marseille,Rennes,21628,Brice Samba,G,90,7.7,,0.0,,,34,21.0,61.8,,,,,0,0,,
Rennes vs Marseille,Rennes,3007,Przemysław Frankowski,D,85,6.9,,0.0,,,30,16.0,53.3,1.0,,,2.0,0,0,4.0,6.0
Rennes vs Marseille,Rennes,417830,Abdelhamid Ait Boudlal,D,31,5.6,,0.0,,,12,11.0,91.7,,1.0,1.0,,0,1,,1.0
Rennes vs Marseille,Rennes,367636,Jérémy Jacquet,D,90,7.7,,0.0,,,28,22.0,78.6,1.0,1.0,,1.0,0,0,6.0,7.0
Rennes vs Marseille,Rennes,129681,Anthony Rouault,D,90,7.9,,0.0,,,31,26.0,83.9,1.0,1.0,1.0,1.0,0,0,2.0,6.0
Rennes vs Marseille,Rennes,272460,Quentin Merlin,D,90,7.5,,1.0,,,28,19.0,67.9,3.0,,,3.0,0,0,6.0,16.0
Rennes vs Marseille,Rennes,163032,Fabian Rieder,M,64,6.6,,0.0,1.0,,18,15.0,83.3,1.0,1.0,1.0,,0,0,2.0,6.0
Rennes vs Marseille,Rennes,21102,Valentin Rongier,M,90,7.2,,0.0,1.0,1.0,26,25.0,96.2,1.0,,1.0,,1,0,2.0,3.0
Rennes vs Marseille,Rennes,30807,Seko Fofana,M,86,7,,0.0,,,33,30.0,90.9,1.0,,,,0,0,4.0,5.0
Rennes vs Marseille,Rennes,15286,Mousa Tamari,F,84,7,,0.0,3.0,3.0,10,5.0,50.0,,,2.0,2.0,1,0,3.0,8.0
Rennes vs Marseille,Rennes,449662,Mohamed Kader Meite,F,37,6.6,,0.0,,,3,2.0,66.7,,,1.0,,0,0,2.0,3.0
Rennes vs Marseille,Rennes,20916,Christopher Wooh,D,53,7,,0.0,,,11,10.0,90.9,,,,,0,0,1.0,1.0
Rennes vs Marseille,Rennes,24147,Mahdi Camara,M,26,6.7,,0.0,,,8,6.0,75.0,,,1.0,,0,0,1.0,2.0
Rennes vs Marseille,Rennes,375000,Ibrahim Salah,F,13,6.3,,0.0,,,3,3.0,100.0,,,,,0,0,1.0,3.0
Rennes vs Marseille,Rennes,438281,Mahamadou Nagida,D,12,6.3,,0.0,1.0,,2,2.0,100.0,,,,,0,0,,
Rennes vs Marseille,Rennes,21497,Ludovic Blas,M,11,8.3,1.0,0.0,1.0,1.0,7,7.0,100.0,,,,1.0,0,0,1.0,1.0
Rennes vs Marseille,Marseille,47296,Gerónimo Rulli,G,90,7.3,,0.0,,,27,24.0,88.9,,,,,0,0,,
Rennes vs Marseille,Marseille,181827,Conrad Jaden Egan-Riley,D,90,7.7,,0.0,,,83,75.0,90.4,4.0,,,,0,0,4.0,5.0
Rennes vs Marseille,Marseille,6,Leonardo Balerdi,D,90,7.7,,0.0,2.0,1.0,94,92.0,97.9,5.0,,1.0,1.0,1,0,7.0,11.0
Rennes vs Marseille,Marseille,926,Geoffrey Kondogbia,D,45,6.9,,0.0,,,40,37.0,92.5,,,,,0,0,,
Rennes vs Marseille,Marseille,2735,Pierre-Emile Højbjerg,M,90,7.3,,0.0,3.0,,115,111.0,96.5,1.0,1.0,,1.0,0,0,5.0,7.0
Rennes vs Marseille,Marseille,896,Angel Gomes,M,86,7.2,,0.0,1.0,,100,91.0,91.0,1.0,,,1.0,0,0,2.0,4.0
Rennes vs Marseille,Marseille,897,Mason Greenwood,F,90,7.3,,0.0,2.0,,65,58.0,89.2,,,1.0,,0,0,4.0,10.0
Rennes vs Marseille,Marseille,272,Adrien Rabiot,M,90,6.3,,0.0,1.0,,41,39.0,95.1,,,2.0,1.0,1,0,1.0,5.0
Rennes vs Marseille,Marseille,2973,Amir Murillo,M,78,6.3,,0.0,1.0,,37,30.0,81.1,,,1.0,1.0,0,0,3.0,4.0
Rennes vs Marseille,Marseille,278095,Jonathan Rowe,F,63,6.2,,0.0,4.0,,24,19.0,79.2,,1.0,2.0,2.0,0,0,2.0,7.0
Rennes vs Marseille,Marseille,85041,Amine Gouiri,F,86,6.3,,0.0,1.0,1.0,32,27.0,84.4,,1.0,,,0,0,,2.0
Rennes vs Marseille,Marseille,1138,Timothy Weah,F,45,6.5,,0.0,,,31,30.0,96.8,3.0,1.0,2.0,,0,0,3.0,7.0
Rennes vs Marseille,Marseille,1465,Pierre-Emerick Aubameyang,F,27,6.2,,0.0,,,7,6.0,85.7,,,1.0,,0,0,,2.0
Rennes vs Marseille,Marseille,943,Ulisses Garcia,D,12,6.3,,0.0,,,12,10.0,83.3,1.0,,1.0,,1,0,1.0,2.0
Rennes vs Marseille,Marseille,455245,Darryl Bakola,M,11,6.3,,0.0,,,8,8.0,100.0,,,,1.0,0,0,1.0,2.0
Rennes vs Marseille,Marseille,435482,Robinio Vaz,F,11,6.3,,0.0,,,2,1.0,50.0,,,,,0,0,,
Lens vs Lyon,Lens,347211,Robin Risser,G,90,6.9,,0.0,,,31,27.0,87.1,,,,,0,0,,
Lens vs Lyon,Lens,322984,Samson Baidoo,D,90,6.5,,0.0,,,51,46.0,90.2,2.0,1.0,4.0,,1,0,4.0,10.0
Lens vs Lyon,Lens,22166,Malang Sarr,D,90,7.3,,0.0,1.0,,56,55.0,98.2,2.0,4.0,1.0,1.0,1,0,6.0,8.0
Lens vs Lyon,Lens,20525,Matthieu Udol,D,90,7.2,,0.0,,,46,41.0,89.1,1.0,2.0,,2.0,0,0,3.0,6.0
Lens vs Lyon,Lens,21568,Ruben Aguilar,M,85,7.6,,0.0,1.0,,43,33.0,76.7,,,,,0,0,3.0,4.0
Lens vs Lyon,Lens,22261,Adrien Thomasson,M,90,6.2,,0.0,1.0,1.0,54,45.0,83.3,1.0,3.0,,2.0,0,0,4.0,8.0
Lens vs Lyon,Lens,270509,Andy Diouf,M,90,7.3,,0.0,2.0,1.0,40,33.0,82.5,1.0,,,1.0,0,0,5.0,9.0
Lens vs Lyon,Lens,2483,Deiver Machado,M,76,6.9,,0.0,4.0,1.0,27,21.0,77.8,1.0,,1.0,5.0,0,0,6.0,11.0
Lens vs Lyon,Lens,21715,Wesley Saïd,F,86,6.9,,0.0,4.0,2.0,12,8.0,66.7,,,3.0,,0,0,1.0,6.0
Lens vs Lyon,Lens,23643,Morgan Guilavogui,F,90,7.9,,0.0,,,30,22.0,73.3,3.0,,3.0,2.0,0,0,8.0,12.0
Lens vs Lyon,Lens,443579,Rayan Fofana,F,57,7.2,,0.0,1.0,,12,10.0,83.3,,1.0,,4.0,0,0,6.0,8.0
Lens vs Lyon,Lens,1922,Florian Thauvin,F,33,6.9,,0.0,,,21,18.0,85.7,1.0,,,1.0,0,0,4.0,8.0
Lens vs Lyon,Lens,402066,Anthony Bermont,M,14,6.9,,0.0,,,14,12.0,85.7,,,,,0,0,,
Lens vs Lyon,Lens,44594,Saud Abdulhamid,D,10,6.9,,0.0,,,4,4.0,100.0,,,,1.0,0,0,2.0,3.0
Lens vs Lyon,Lens,20761,Florian Sotoca,F,10,6.5,,0.0,,,3,2.0,66.7,,,1.0,,0,0,1.0,3.0
Lens vs Lyon,Lyon,20762,Rémy Descamps,G,90,8.6,,0.0,,,37,23.0,62.2,,,,,0,0,,1.0
Lens vs Lyon,Lyon,334914,Saël Kumbedi,D,66,6.5,,0.0,1.0,,13,7.0,53.8,1.0,1.0,4.0,2.0,1,0,4.0,11.0
Lens vs Lyon,Lyon,68,Clinton Mata,D,90,8.2,,0.0,,,43,39.0,90.7,1.0,1.0,,2.0,0,0,3.0,3.0
Lens vs Lyon,Lyon,25916,Moussa Niakhaté,D,90,7.6,,0.0,,,41,38.0,92.7,3.0,1.0,1.0,2.0,0,0,6.0,8.0
Lens vs Lyon,Lyon,9700,Abner Vinícius,D,90,6.9,,0.0,1.0,,37,34.0,91.9,2.0,,2.0,,1,0,3.0,8.0
Lens vs Lyon,Lyon,162590,Tyler Morton,M,90,7.5,,0.0,,,42,32.0,76.2,3.0,,2.0,,0,0,5.0,10.0
Lens vs Lyon,Lyon,80752,Tanner Tessmann,M,90,7.2,,0.0,1.0,,39,30.0,76.9,3.0,1.0,,1.0,0,0,5.0,10.0
Lens vs Lyon,Lyon,1456,Ainsley Maitland-Niles,M,90,6.6,,0.0,,,23,13.0,56.5,1.0,2.0,3.0,1.0,0,0,5.0,9.0
Lens vs Lyon,Lyon,519,Corentin Tolisso,M,90,6.3,,0.0,2.0,1.0,43,41.0,95.3,1.0,1.0,5.0,2.0,0,0,4.0,13.0
Lens vs Lyon,Lyon,361348,Malick Fofana,M,89,7,,1.0,1.0,1.0,26,18.0,69.2,1.0,,,1.0,0,0,3.0,7.0
Lens vs Lyon,Lyon,180496,Georges Mikautadze,F,89,7.6,1.0,0.0,4.0,1.0,15,12.0,80.0,,,,1.0,0,0,3.0,8.0
Lens vs Lyon,Lyon,519664,Khalis Merah,M,24,6.3,,0.0,,,12,11.0,91.7,1.0,,2.0,1.0,0,0,2.0,6.0
Monaco vs Le Havre,Monaco,963,Lukáš Hrádecký,G,90,6.7,,0.0,,,30,25.0,83.3,,,,,0,0,,
Monaco vs Le Havre,Monaco,231,Jordan Teze,D,63,7.3,,0.0,1.0,,61,55.0,90.2,1.0,1.0,,1.0,0,0,2.0,5.0
Monaco vs Le Havre,Monaco,175,Eric Dier,D,90,8.7,1.0,0.0,1.0,1.0,109,108.0,99.1,,1.0,,,0,0,2.0,4.0
Monaco vs Le Havre,Monaco,371916,Christian Mawissa,D,90,7.2,,0.0,,,111,105.0,94.6,,2.0,,3.0,0,0,7.0,10.0
Monaco vs Le Havre,Monaco,10316,Caio Henrique,D,90,6.7,,0.0,,,50,41.0,82.0,1.0,,,2.0,0,0,5.0,8.0
Monaco vs Le Havre,Monaco,374058,Lamine Camara,M,63,7.2,,1.0,1.0,,82,76.0,92.7,,3.0,,2.0,0,0,3.0,7.0
Monaco vs Le Havre,Monaco,2810,Denis Zakaria,M,90,8.3,,1.0,,,73,66.0,90.4,1.0,,,1.0,0,0,5.0,8.0
Monaco vs Le Havre,Monaco,274300,Maghnes Akliouche,M,90,7.2,1.0,0.0,2.0,1.0,67,56.0,83.6,1.0,1.0,,,0,0,1.0,5.0
Monaco vs Le Havre,Monaco,1101,Takumi Minamino,M,81,6.2,,0.0,1.0,1.0,20,14.0,70.0,,,,,0,0,1.0,5.0
Monaco vs Le Havre,Monaco,109,Aleksandr Golovin,M,89,6.2,,0.0,,,57,49.0,86.0,1.0,,2.0,,0,0,3.0,8.0
Monaco vs Le Havre,Monaco,283026,Mika Biereth,F,80,6.7,,0.0,1.0,,21,11.0,52.4,1.0,,,1.0,0,0,6.0,11.0
Monaco vs Le Havre,Monaco,291649,Vanderson,D,27,6.9,,0.0,,,14,12.0,85.7,3.0,,1.0,,0,0,5.0,6.0
Monaco vs Le Havre,Monaco,343320,Eliesse Ben Seghir,M,27,6.2,,0.0,1.0,,11,8.0,72.7,2.0,,1.0,1.0,0,0,3.0,4.0
Monaco vs Le Havre,Monaco,386276,Paris Brunner,F,10,6.5,,0.0,,,2,1.0,50.0,,,,,0,0,,
Monaco vs Le Havre,Monaco,395040,George Ilenikhena,F,9,6.7,,0.0,,,3,2.0,66.7,,,,,0,0,,
Monaco vs Le Havre,Monaco,453792,Aladji Bamba,M,10,6.9,,0.0,,,14,14.0,100.0,,,1.0,1.0,0,0,1.0,2.0
Monaco vs Le Havre,Le Havre,119853,Mory Diaw,G,90,6.3,,0.0,,,26,17.0,65.4,,,,,0,0,1.0,1.0
Monaco vs Le Havre,Le Havre,174927,Arouna Sangante,D,78,5.7,,0.0,,,21,12.0,57.1,,1.0,3.0,1.0,0,0,2.0,8.0
Monaco vs Le Havre,Le Havre,33165,Ayumu Seko,D,90,6.5,,0.0,1.0,,19,16.0,84.2,,1.0,,,0,0,1.0,2.0
Monaco vs Le Havre,Le Havre,64255,Gautier Lloris,D,90,5.3,,0.0,,,21,15.0,71.4,,4.0,2.0,,1,0,5.0,10.0
Monaco vs Le Havre,Le Havre,23637,Yanis Zouaoui,D,90,6.3,,0.0,,,21,15.0,71.4,2.0,1.0,,2.0,0,0,6.0,8.0
Monaco vs Le Havre,Le Havre,162443,Étienne Youte Kinkoue,M,78,6.6,,0.0,,,20,12.0,60.0,2.0,,,,0,0,2.0,3.0
Monaco vs Le Havre,Le Havre,36932,Younes Namli,M,58,6.3,,0.0,,,9,5.0,55.6,2.0,,2.0,,0,0,3.0,7.0
Monaco vs Le Havre,Le Havre,364093,Simon Ebonog,M,58,6.7,,0.0,,,8,7.0,87.5,1.0,,,,0,0,1.0,2.0
Monaco vs Le Havre,Le Havre,128342,Rassoul Ndiaye,M,79,7.5,1.0,0.0,1.0,1.0,21,17.0,81.0,3.0,,1.0,,0,0,3.0,8.0
Monaco vs Le Havre,Le Havre,174937,Yassine Kechta,M,90,6.3,,1.0,,,31,24.0,77.4,1.0,1.0,3.0,1.0,0,0,3.0,7.0
Monaco vs Le Havre,Le Havre,156465,Issa Soumaré,F,90,6.2,,0.0,1.0,1.0,13,9.0,69.2,1.0,,2.0,1.0,0,0,5.0,14.0
Monaco vs Le Havre,Le Havre,174625,Fodé Doucouré,D,32,6,,0.0,1.0,,10,7.0,70.0,1.0,,1.0,,0,0,1.0,2.0
Monaco vs Le Havre,Le Havre,1945,Mbwana Ally Samatta,F,32,6.9,,0.0,2.0,1.0,12,10.0,83.3,1.0,,,,0,0,4.0,5.0
Monaco vs Le Havre,Le Havre,21641,Godson Kyeremeh,F,12,6.7,,0.0,,,4,3.0,75.0,1.0,,,,0,0,1.0,2.0
Monaco vs Le Havre,Le Havre,961,Felix Mambimbi,F,12,6.5,,0.0,1.0,1.0,0,,,,,,,0,0,,2.0
Monaco vs Le Havre,Le Havre,460805,Daren Nbenbege Mosengo,M,11,6.6,,0.0,,,7,6.0,85.7,1.0,,,,0,0,1.0,2.0
Nice vs Toulouse,Nice,20566,Yehvann Diouf,G,90,6.7,,0.0,,,24,22.0,91.7,,,,,0,0,,
Nice vs Toulouse,Nice,313937,Antoine Mendy,D,90,6.7,,0.0,,,59,51.0,86.4,3.0,,2.0,3.0,0,0,9.0,17.0
Nice vs Toulouse,Nice,449509,Abdulay Juma Bah,D,90,8.2,,0.0,,,75,71.0,94.7,2.0,,1.0,,0,0,7.0,9.0
Nice vs Toulouse,Nice,404172,Kojo Peprah Oppong,D,89,7.2,,0.0,,,53,47.0,88.7,4.0,1.0,1.0,1.0,0,0,6.0,10.0
Nice vs Toulouse,Nice,25008,Jonathan Clauss,M,90,6.6,,0.0,2.0,,57,46.0,80.7,1.0,1.0,,2.0,0,0,4.0,8.0
Nice vs Toulouse,Nice,4399,Hicham Boudaoui,M,90,6.3,,0.0,1.0,1.0,44,34.0,77.3,,1.0,3.0,3.0,1,0,4.0,13.0
Nice vs Toulouse,Nice,193617,Tom Louchet,M,76,7,,0.0,,,29,26.0,89.7,3.0,,2.0,1.0,0,0,4.0,7.0
Nice vs Toulouse,Nice,162465,Melvin Bard,M,90,6.5,,0.0,2.0,,30,25.0,83.3,1.0,1.0,,,0,0,1.0,4.0
Nice vs Toulouse,Nice,334879,Badredine Bouanani,F,76,6.7,,0.0,1.0,,30,23.0,76.7,,1.0,,2.0,0,0,3.0,9.0
Nice vs Toulouse,Nice,105154,Isak Jansson,F,76,6.2,,0.0,,,16,12.0,75.0,,,2.0,,0,0,1.0,7.0
Nice vs Toulouse,Nice,69971,Terem Moffi,F,76,6.7,,0.0,,,16,11.0,68.8,,,,1.0,0,0,4.0,7.0
Nice vs Toulouse,Nice,107,Sofiane Diop,M,14,6.5,,0.0,,,7,7.0,100.0,,,,,0,0,1.0,2.0
Nice vs Toulouse,Nice,128987,Salis Abdul Samed,M,14,6.6,,0.0,,,13,13.0,100.0,1.0,,,,0,0,1.0,1.0
Nice vs Toulouse,Nice,30531,Jérémie Boga,F,14,6.9,,0.0,1.0,1.0,12,8.0,66.7,2.0,,,,0,0,3.0,5.0
Nice vs Toulouse,Nice,503702,Bernard Nguene,F,14,6.3,,0.0,,,4,4.0,100.0,,,1.0,,1,0,2.0,4.0
Nice vs Toulouse,Nice,19250,Billal Brahimi,F,8,6.6,,0.0,,,3,3.0,100.0,,,,,0,0,,
Nice vs Toulouse,Toulouse,325346,Guillaume Restes,G,90,7,,0.0,,,26,15.0,57.7,,,,2.0,0,0,2.0,2.0
Nice vs Toulouse,Toulouse,102,Djibril Sidibé,D,90,8.2,1.0,0.0,1.0,1.0,47,39.0,83.0,3.0,,1.0,,0,0,3.0,4.0
Nice vs Toulouse,Toulouse,278392,Charlie Cresswell,D,90,7.7,,0.0,1.0,,55,48.0,87.3,1.0,,1.0,,0,0,4.0,10.0
Nice vs Toulouse,Toulouse,50735,Mark McKenzie,D,90,7.9,,0.0,,,45,42.0,93.3,1.0,,,,0,0,2.0,3.0
Nice vs Toulouse,Toulouse,39115,Aron Dønnum,M,90,7.2,,0.0,1.0,1.0,31,29.0,93.5,2.0,1.0,,2.0,0,0,5.0,11.0
Nice vs Toulouse,Toulouse,412759,Jaydee Canvot,M,90,6.9,,0.0,2.0,,45,38.0,84.4,1.0,,1.0,,1,0,2.0,4.0
Nice vs Toulouse,Toulouse,304140,Mario Sauer,M,68,7,,0.0,,,19,18.0,94.7,3.0,,2.0,1.0,1,0,5.0,10.0
Nice vs Toulouse,Toulouse,452697,Dayann Methalie,M,82,6.3,,0.0,,,19,14.0,73.7,4.0,,4.0,,1,0,7.0,14.0
Nice vs Toulouse,Toulouse,430816,Noah Edjouma,F,68,6.9,,0.0,,,17,14.0,82.4,,1.0,1.0,2.0,0,0,5.0,10.0
Nice vs Toulouse,Toulouse,174724,Frank Magri,F,76,6.2,,0.0,1.0,,14,12.0,85.7,,,2.0,1.0,0,0,3.0,8.0
Nice vs Toulouse,Toulouse,84128,Yann Gboho,F,90,7.7,,0.0,1.0,,16,12.0,75.0,1.0,,1.0,3.0,0,0,11.0,19.0
Nice vs Toulouse,Toulouse,264383,Warren Kamanzi,D,22,6.9,,0.0,,,9,8.0,88.9,,,,1.0,0,0,1.0,1.0
Nice vs Toulouse,Toulouse,514464,Alexis Vossah,M,22,6.9,,0.0,1.0,,9,9.0,100.0,1.0,,,,0,0,1.0,2.0
Nice vs Toulouse,Toulouse,362741,Santiago Hidalgo,F,14,6.3,,1.0,,,5,3.0,60.0,,,,,0,0,,3.0
Nice vs Toulouse,Toulouse,15793,Rasmus Nicolaisen,D,8,7,,0.0,,,5,5.0,100.0,1.0,,,,0,0,2.0,2.0
Stade Brestois 29 vs Lille,Stade Brestois 29,40384,Radosław Majecki,G,90,6.7,,0.0,,,29,12.0,41.4,,,,,0,0,1.0,1.0
Stade Brestois 29 vs Lille,Stade Brestois 29,22247,Kenny Lala,D,90,6.2,,1.0,,,41,34.0,82.9,1.0,1.0,,,0,0,1.0,4.0
Stade Brestois 29 vs Lille,Stade Brestois 29,20546,Brendan Chardonnet,D,90,5.7,,0.0,,,44,37.0,84.1,1.0,2.0,1.0,,1,0,2.0,6.0
Stade Brestois 29 vs Lille,Stade Brestois 29,85914,Julien Le Cardinal,D,90,7.2,1.0,0.0,3.0,1.0,43,36.0,83.7,1.0,,2.0,1.0,0,0,6.0,11.0
Stade Brestois 29 vs Lille,Stade Brestois 29,274267,Bradley Locko,D,90,6.5,,0.0,,,33,23.0,69.7,5.0,2.0,,1.0,0,0,7.0,11.0
Stade Brestois 29 vs Lille,Stade Brestois 29,326068,Kamory Doumbia,M,89,8.7,2.0,0.0,3.0,2.0,38,30.0,78.9,2.0,1.0,1.0,1.0,1,0,3.0,11.0
Stade Brestois 29 vs Lille,Stade Brestois 29,22170,Pierre Lees Melou,M,90,6.9,,0.0,2.0,,37,25.0,67.6,3.0,,2.0,3.0,0,0,7.0,12.0
Stade Brestois 29 vs Lille,Stade Brestois 29,20558,Hugo Magnetti,M,90,6.3,,0.0,2.0,1.0,27,24.0,88.9,2.0,,1.0,,0,0,2.0,5.0
Stade Brestois 29 vs Lille,Stade Brestois 29,2214,Romain Del Castillo,F,90,7.2,,0.0,1.0,1.0,29,19.0,65.5,5.0,1.0,,1.0,0,0,9.0,14.0
Stade Brestois 29 vs Lille,Stade Brestois 29,22264,Ludovic Ajorque,F,90,6.7,,0.0,,,18,13.0,72.2,,,1.0,2.0,0,0,4.0,9.0
Stade Brestois 29 vs Lille,Stade Brestois 29,41323,Mama Baldé,F,89,7.6,,1.0,2.0,,26,19.0,73.1,4.0,,3.0,3.0,0,0,9.0,17.0
Stade Brestois 29 vs Lille,Stade Brestois 29,449153,Hamidou Makalou,M,9,6.6,,0.0,,,1,,,,,,1.0,0,0,1.0,1.0
Stade Brestois 29 vs Lille,Lille,1337,Berke Özer,G,90,7.2,,0.0,,,31,24.0,77.4,,,,,0,0,,
Stade Brestois 29 vs Lille,Lille,351888,Ousmane Touré,D,52,6.2,,0.0,,,21,18.0,85.7,1.0,2.0,,,0,0,3.0,7.0
Stade Brestois 29 vs Lille,Lille,312964,Nathan Ngoy,D,90,6.9,,1.0,,,56,51.0,91.1,1.0,2.0,2.0,,1,0,1.0,4.0
Stade Brestois 29 vs Lille,Lille,142691,Alexsandro Ribeiro,D,90,6.2,,0.0,,,56,50.0,89.3,,,2.0,1.0,0,0,3.0,5.0
Stade Brestois 29 vs Lille,Lille,20600,Romain Perraud,D,72,6.2,,0.0,1.0,1.0,20,18.0,90.0,1.0,1.0,,3.0,0,0,5.0,8.0
Stade Brestois 29 vs Lille,Lille,375598,Ngal'ayel Mukau,M,85,7.5,1.0,0.0,1.0,1.0,21,17.0,81.0,1.0,,3.0,1.0,0,0,3.0,7.0
Stade Brestois 29 vs Lille,Lille,2204,Benjamin André,M,90,6.6,,0.0,,,42,32.0,76.2,3.0,2.0,,1.0,0,0,7.0,14.0
Stade Brestois 29 vs Lille,Lille,318416,Marius Sivertsen Broholm,M,45,6.3,,0.0,,,12,9.0,75.0,1.0,,,,0,0,3.0,6.0
Stade Brestois 29 vs Lille,Lille,67889,Hakon Arnar Haraldsson,M,85,7.9,1.0,0.0,1.0,1.0,42,37.0,88.1,1.0,,1.0,,0,0,2.0,6.0
Stade Brestois 29 vs Lille,Lille,135749,Félix Correia,M,90,6.9,,1.0,,,38,28.0,73.7,1.0,2.0,,,0,0,3.0,8.0
Stade Brestois 29 vs Lille,Lille,2295,Olivier Giroud,F,90,7.3,1.0,0.0,2.0,2.0,25,13.0,52.0,2.0,,2.0,3.0,0,0,11.0,19.0
Stade Brestois 29 vs Lille,Lille,340077,Matías Fernández,F,45,6.7,,0.0,,,15,12.0,80.0,,,,,0,0,2.0,3.0
Stade Brestois 29 vs Lille,Lille,490745,Maxima Goffi,D,38,6.6,,0.0,,,22,19.0,86.4,1.0,,1.0,,0,0,4.0,6.0
Stade Brestois 29 vs Lille,Lille,340080,Vincent Burlet,D,18,6.3,,0.0,,,14,13.0,92.9,,,,,0,0,,3.0
Stade Brestois 29 vs Lille,Lille,438688,Ayyoub Bouaddi,M,14,6.9,,0.0,1.0,1.0,10,8.0,80.0,,1.0,1.0,,0,0,2.0,4.0
Stade Brestois 29 vs Lille,Lille,409,Nabil Bentaleb,M,14,7.3,,0.0,,,16,14.0,87.5,2.0,,1.0,,0,0,3.0,4.0
Angers vs Paris FC,Angers,22220,Hervé Koffi,G,90,9.5,,0.0,,,41,20.0,48.8,,,,,0,0,,
Angers vs Paris FC,Angers,20850,Carlens Arcus,D,90,7.5,,0.0,,,34,26.0,76.5,3.0,,2.0,1.0,1,0,7.0,10.0
Angers vs Paris FC,Angers,271540,Ousmane Camara,D,90,7.2,,0.0,,,26,22.0,84.6,2.0,2.0,,1.0,0,0,5.0,7.0
Angers vs Paris FC,Angers,21381,Jordan Lefort,D,90,7.2,,1.0,,,42,34.0,81.0,1.0,,,2.0,0,0,4.0,4.0
Angers vs Paris FC,Angers,174660,Lilian Raolisoa,M,62,6.6,,0.0,,,16,12.0,75.0,3.0,1.0,2.0,,0,0,5.0,8.0
Angers vs Paris FC,Angers,20554,Haris Belkebla,M,90,6.9,,0.0,,,25,24.0,96.0,2.0,1.0,2.0,1.0,0,0,5.0,10.0
Angers vs Paris FC,Angers,174708,Yassin Belkhdim,M,85,7.2,,0.0,,,23,18.0,78.3,2.0,,1.0,1.0,1,0,3.0,4.0
Angers vs Paris FC,Angers,41146,Florent Hanin,M,72,6.6,,0.0,,,20,14.0,70.0,1.0,,,,0,0,1.0,4.0
Angers vs Paris FC,Angers,289555,Louis Mouton,F,57,6.2,,0.0,1.0,,15,12.0,80.0,1.0,,2.0,,0,1,2.0,6.0
Angers vs Paris FC,Angers,421875,Sidiki Cherif,F,62,6.3,,0.0,1.0,1.0,6,5.0,83.3,1.0,,1.0,1.0,0,0,2.0,6.0
Angers vs Paris FC,Angers,163004,Esteban Lepaul,F,85,7.2,1.0,0.0,2.0,1.0,16,9.0,56.2,,,1.0,1.0,0,0,2.0,5.0
Angers vs Paris FC,Angers,21618,Jim Allevinah,F,28,6.9,,0.0,1.0,,3,3.0,100.0,1.0,,,1.0,0,0,2.0,3.0
Angers vs Paris FC,Angers,403277,Lanroy Machine,F,28,6.2,,0.0,,,4,3.0,75.0,1.0,,1.0,,0,0,1.0,8.0
Angers vs Paris FC,Angers,343609,Jacques Ekomie,D,18,6.9,,0.0,,,4,4.0,100.0,1.0,,1.0,1.0,0,0,2.0,2.0
Angers vs Paris FC,Angers,425207,Marius Courcoul,D,12,6.6,,0.0,,,1,,,1.0,,,,0,0,1.0,1.0
Angers vs Paris FC,Angers,457541,Prosper Peter,F,12,6.7,,0.0,,,1,,,,,1.0,,0,0,2.0,4.0
Angers vs Paris FC,Paris FC,194981,Obed Nkambadio,G,90,6.3,,0.0,,,27,26.0,96.3,,,,,0,0,,
Angers vs Paris FC,Paris FC,20869,Samir Sophian Chergui,D,90,6.9,,0.0,,,54,50.0,92.6,3.0,,,,0,0,4.0,7.0
Angers vs Paris FC,Paris FC,174881,Moustapha Mbow,D,90,7.6,,0.0,,,75,71.0,94.7,5.0,2.0,1.0,3.0,0,0,10.0,11.0
Angers vs Paris FC,Paris FC,22086,Timothée Kolodziejczak,D,85,6.2,,0.0,,,81,74.0,91.4,,1.0,,1.0,0,0,2.0,5.0
Angers vs Paris FC,Paris FC,389322,Nhoa Sangui,D,90,6.6,,0.0,,,48,38.0,79.2,1.0,,,3.0,0,0,4.0,5.0
Angers vs Paris FC,Paris FC,83831,Ilan Kebbal,M,90,6.9,,0.0,3.0,2.0,68,63.0,92.6,1.0,1.0,1.0,2.0,0,0,5.0,11.0
Angers vs Paris FC,Paris FC,327592,Lohann Doucet,M,61,6.3,,0.0,1.0,,31,31.0,100.0,,,3.0,,1,0,1.0,5.0
Angers vs Paris FC,Paris FC,1910,Maxime López,M,90,7.3,,0.0,1.0,1.0,124,111.0,89.5,2.0,,,2.0,0,0,4.0,6.0
Angers vs Paris FC,Paris FC,2781,Moses Simon,M,72,6.2,,0.0,1.0,,25,21.0,84.0,,,,,0,0,3.0,12.0
Angers vs Paris FC,Paris FC,22842,Jean-Philippe Krasso,F,61,6.3,,0.0,3.0,3.0,10,6.0,60.0,,,,,0,0,,6.0
Angers vs Paris FC,Paris FC,20647,Pierre-Yves Hamel,F,71,6.2,,0.0,,,9,6.0,66.7,,1.0,2.0,,0,0,2.0,6.0
Angers vs Paris FC,Paris FC,20925,Vincent Marchetti,M,29,6.6,,0.0,1.0,,15,14.0,93.3,,,1.0,,0,0,2.0,3.0
Angers vs Paris FC,Paris FC,20704,Alimami Gory,F,29,6.7,,0.0,,,8,8.0,100.0,,,,1.0,0,0,1.0,1.0
Angers vs Paris FC,Paris FC,20599,Julien López,F,19,6.2,,0.0,,,3,2.0,66.7,,,,,0,0,,2.0
Angers vs Paris FC,Paris FC,22003,Mathieu Cafaro,M,18,6.7,,0.0,3.0,1.0,10,9.0,90.0,,,,,0,0,,
Angers vs Paris FC,Paris FC,19430,Nouha Dicko,F,12,6.5,,0.0,,,1,1.0,100.0,,,2.0,,0,0,,2.0
Auxerre vs Lorient,Auxerre,20542,Donovan Léon,G,90,7.3,,0.0,,,30,16.0,53.3,,,,,0,0,,
Auxerre vs Lorient,Auxerre,191240,Marvin Senaya,D,90,7.3,,0.0,2.0,1.0,21,15.0,71.4,6.0,1.0,3.0,3.0,1,0,10.0,16.0
Auxerre vs Lorient,Auxerre,20206,Gabriel Osho,D,90,7.3,,0.0,,,48,43.0,89.6,2.0,1.0,2.0,1.0,0,0,4.0,8.0
Auxerre vs Lorient,Auxerre,31016,Francisco Sierralta,D,90,7,,0.0,,,55,51.0,92.7,1.0,2.0,,,0,0,4.0,8.0
Auxerre vs Lorient,Auxerre,191189,Clement Akpa,D,90,7.9,,0.0,,,56,46.0,82.1,2.0,2.0,,2.0,0,0,6.0,8.0
Auxerre vs Lorient,Auxerre,7578,Gideon Mensah,D,89,6.9,,0.0,,,32,24.0,75.0,2.0,,1.0,1.0,0,0,4.0,7.0
Auxerre vs Lorient,Auxerre,174915,Josué Casimir,M,82,6,,0.0,2.0,1.0,17,11.0,64.7,,,2.0,2.0,0,0,4.0,7.0
Auxerre vs Lorient,Auxerre,21010,Elisha Owusu,M,90,7.2,,0.0,,,26,19.0,73.1,4.0,1.0,2.0,2.0,1,0,9.0,11.0
Auxerre vs Lorient,Auxerre,323625,Kévin Danois,M,90,6.7,,0.0,1.0,,41,38.0,92.7,3.0,,3.0,,0,0,4.0,14.0
Auxerre vs Lorient,Auxerre,293643,Ibrahim Osman,M,82,7.3,,1.0,,,13,10.0,76.9,2.0,,1.0,,0,0,6.0,12.0
Auxerre vs Lorient,Auxerre,90617,Lassine Sinayoko,F,88,8.5,1.0,0.0,1.0,1.0,13,10.0,76.9,2.0,,,2.0,0,0,8.0,14.0
Auxerre vs Lorient,Auxerre,322595,Lasso Coulibaly,M,8,6.5,,0.0,,,3,3.0,100.0,,,3.0,,0,0,1.0,5.0
Auxerre vs Lorient,Auxerre,496896,Rudy Matondo,M,8,6.7,,0.0,,,1,1.0,100.0,,,,,0,0,,
Auxerre vs Lorient,Auxerre,51293,Thelonius Bair,F,12,6.7,,0.0,,,3,2.0,66.7,,,,,0,0,2.0,4.0
Auxerre vs Lorient,Auxerre,215827,Fredrik Oppegård,D,10,6.9,,0.0,,,2,2.0,100.0,3.0,,1.0,,1,0,3.0,4.0
Auxerre vs Lorient,Lorient,22241,Bingourou Kamara,G,90,6.6,,0.0,,,29,23.0,79.3,,,,,0,0,,
Auxerre vs Lorient,Lorient,162236,Formose Mendy,D,90,7,,0.0,,,64,55.0,85.9,3.0,1.0,,3.0,0,0,7.0,11.0
Auxerre vs Lorient,Lorient,50030,Montassar Talbi,D,90,7.3,,0.0,2.0,,78,74.0,94.9,3.0,1.0,,2.0,0,0,5.0,8.0
Auxerre vs Lorient,Lorient,1031,Igor Silva,D,90,6.2,,0.0,,,55,48.0,87.3,,2.0,3.0,2.0,1,0,5.0,10.0
Auxerre vs Lorient,Lorient,158551,Joel Mugisha Mvuka,M,65,6.5,,0.0,,,17,13.0,76.5,2.0,1.0,2.0,,0,0,3.0,9.0
Auxerre vs Lorient,Lorient,402265,Arthur Avom Ebong,M,90,7,,0.0,,,50,45.0,90.0,2.0,,,2.0,0,0,5.0,8.0
Auxerre vs Lorient,Lorient,20917,Laurent Abergel,M,90,6.7,,0.0,1.0,1.0,71,62.0,87.3,3.0,,2.0,2.0,0,0,7.0,12.0
Auxerre vs Lorient,Lorient,402386,Arsène Kouassi,M,75,6.6,,0.0,,,18,14.0,77.8,,,,2.0,0,0,3.0,8.0
Auxerre vs Lorient,Lorient,72457,Aiyegun Tosin,F,90,6.2,,0.0,3.0,,16,12.0,75.0,,,1.0,,0,0,4.0,10.0
Auxerre vs Lorient,Lorient,200873,Mohamed Bamba,F,65,6.2,,0.0,,,11,4.0,36.4,1.0,,2.0,,0,0,2.0,10.0
Auxerre vs Lorient,Lorient,276662,Pablo Pagis,F,66,6.5,,0.0,,,27,18.0,66.7,1.0,1.0,2.0,1.0,1,0,3.0,8.0
Auxerre vs Lorient,Lorient,384112,Panos Katseris,D,25,7,,0.0,,,9,8.0,88.9,,,,3.0,0,0,4.0,8.0
Auxerre vs Lorient,Lorient,144319,Sambou Soumano,F,25,6.9,,0.0,2.0,2.0,3,2.0,66.7,,,,,0,0,2.0,5.0
Auxerre vs Lorient,Lorient,322865,Karim Dermane,M,24,6.7,,0.0,1.0,,13,12.0,92.3,1.0,,1.0,,0,0,2.0,7.0
Auxerre vs Lorient,Lorient,152669,Darlin Yongwa,D,15,6.3,,0.0,,,4,2.0,50.0,,,1.0,,0,0,1.0,4.0
Metz vs Strasbourg,Metz,158532,Jonathan Fischer,G,90,6.7,,0.0,,,23,16.0,69.6,,,,,0,0,,
Metz vs Strasbourg,Metz,96331,Koffi Kouao,D,84,7.5,,0.0,1.0,,19,15.0,78.9,4.0,,3.0,3.0,1,0,9.0,17.0
Metz vs Strasbourg,Metz,428084,Sadibou Sané,D,90,7.5,,0.0,,,48,44.0,91.7,4.0,5.0,,,0,0,4.0,6.0
Metz vs Strasbourg,Metz,3240,Jean-Philippe Gbamin,D,90,6.7,,0.0,,,53,46.0,86.8,1.0,,1.0,,0,0,1.0,4.0
Metz vs Strasbourg,Metz,378353,Urie-Michel Mboula,D,90,6.6,,0.0,,,45,36.0,80.0,1.0,1.0,,1.0,0,0,3.0,4.0
Metz vs Strasbourg,Metz,2181,Georgiy Tsitaishvili,D,90,6.7,,0.0,,,23,17.0,73.9,2.0,,3.0,1.0,0,0,7.0,16.0
Metz vs Strasbourg,Metz,157912,Boubacar Traoré,M,84,6.3,,0.0,,,23,18.0,78.3,3.0,,,,0,0,5.0,15.0
Metz vs Strasbourg,Metz,407,Benjamin Stambouli,M,90,6.6,,0.0,,,41,27.0,65.9,3.0,1.0,3.0,,0,0,5.0,13.0
Metz vs Strasbourg,Metz,21640,Jessy Deminguet,M,73,6.9,,0.0,,,15,10.0,66.7,3.0,3.0,2.0,2.0,1,0,6.0,10.0
Metz vs Strasbourg,Metz,514519,Brian Madjo,F,59,6.7,,0.0,1.0,,5,3.0,60.0,,,1.0,2.0,0,0,4.0,8.0
Metz vs Strasbourg,Metz,20534,Cheick Tidiane Sabaly,F,73,6.3,,0.0,,,18,12.0,66.7,2.0,,,2.0,0,0,4.0,13.0
Metz vs Strasbourg,Metz,434410,Idrissa Gueye,F,31,6.3,,0.0,,,5,1.0,20.0,1.0,,3.0,,0,0,1.0,8.0
Metz vs Strasbourg,Metz,434352,Alpha Touré,M,17,6.7,,0.0,,,14,11.0,78.6,1.0,,,,0,0,2.0,3.0
Metz vs Strasbourg,Metz,408870,Ibou Sane,F,17,6.7,,0.0,,,4,4.0,100.0,,,,1.0,0,0,1.0,1.0
Metz vs Strasbourg,Metz,19518,Maxime Colin,D,14,6.5,,0.0,,,10,10.0,100.0,,,,,0,0,2.0,2.0
Metz vs Strasbourg,Metz,327548,Joseph N'Duquidi,M,14,6.5,,0.0,,,3,2.0,66.7,,,,,0,0,,
Metz vs Strasbourg,Strasbourg,340151,Mike Penders,G,90,6.9,,0.0,,,23,22.0,95.7,,,,,0,0,,
Metz vs Strasbourg,Strasbourg,334035,Samuel Amo-Ameyaw,D,80,6.9,,0.0,,,27,25.0,92.6,3.0,,3.0,2.0,0,0,10.0,19.0
Metz vs Strasbourg,Strasbourg,282549,Junior Mwanga,D,90,7.9,,0.0,,,88,81.0,92.0,4.0,,2.0,1.0,0,0,6.0,10.0
Metz vs Strasbourg,Strasbourg,396193,Lucas Høgsberg,D,90,7.6,,0.0,,,89,83.0,93.3,2.0,2.0,,,0,0,3.0,3.0
Metz vs Strasbourg,Strasbourg,276184,Mamadou Sarr,D,90,7.7,,0.0,,,84,81.0,96.4,2.0,,,2.0,1,0,6.0,7.0
Metz vs Strasbourg,Strasbourg,358166,Abdoul Ouattara,D,55,6.7,,0.0,,,37,35.0,94.6,,,1.0,,1,0,1.0,4.0
Metz vs Strasbourg,Strasbourg,325594,Félix Lemaréchal,M,90,6.2,,0.0,3.0,1.0,44,40.0,90.9,3.0,,2.0,,0,0,6.0,16.0
Metz vs Strasbourg,Strasbourg,415431,Samir El Mourabet,M,72,7,,0.0,,,62,52.0,83.9,3.0,1.0,2.0,,0,0,6.0,11.0
Metz vs Strasbourg,Strasbourg,319572,Valentín Barco,M,90,7.3,,0.0,,,65,54.0,83.1,1.0,,1.0,5.0,0,0,12.0,19.0
Metz vs Strasbourg,Strasbourg,203762,Emmanuel Emegha,F,90,6.9,,0.0,2.0,2.0,7,5.0,71.4,,,1.0,2.0,0,0,4.0,5.0
Metz vs Strasbourg,Strasbourg,390742,Joaquin Panichelli,F,90,7.3,1.0,0.0,1.0,1.0,28,18.0,64.3,3.0,,,2.0,0,0,8.0,16.0
Metz vs Strasbourg,Strasbourg,129695,Dilane Bakwa,F,35,6.6,,1.0,,,19,16.0,84.2,1.0,,,,0,0,3.0,7.0
Metz vs Strasbourg,Strasbourg,226803,Sebastian Nanasi,M,18,6.6,,0.0,,,5,5.0,100.0,1.0,,1.0,,0,0,1.0,2.0
Metz vs Strasbourg,Strasbourg,406303,Kendry Páez,M,10,6.7,,0.0,,,7,4.0,57.1,,2.0,,,0,0,,1.0
Nantes vs Paris Saint Germain,Nantes,647,Anthony Lopes,G,90,6.6,,0.0,,,48,35.0,72.9,,,,,0,0,,1.0
Nantes vs Paris Saint Germain,Nantes,22134,Kelvin Amian,D,90,6.9,,0.0,,,16,11.0,68.8,2.0,,1.0,2.0,1,0,5.0,6.0
Nantes vs Paris Saint Germain,Nantes,50026,Chidozie Awaziem,D,90,6.9,,0.0,,,48,37.0,77.1,2.0,1.0,,,0,0,3.0,4.0
Nantes vs Paris Saint Germain,Nantes,522609,Tylel Tati,D,90,6.5,,0.0,,,33,27.0,81.8,,,,,0,0,,2.0
Nantes vs Paris Saint Germain,Nantes,21570,Nicolas Cozza,D,90,6.5,,0.0,,,22,12.0,54.5,2.0,2.0,,1.0,0,0,3.0,4.0
Nantes vs Paris Saint Germain,Nantes,137296,Hyeok-kyu Kwon,M,79,7.3,,0.0,,,15,11.0,73.3,3.0,,,,0,0,3.0,6.0
Nantes vs Paris Saint Germain,Nantes,197771,Yassine Benhattab,M,59,6.3,,0.0,1.0,,19,14.0,73.7,,,,,0,0,1.0,3.0
Nantes vs Paris Saint Germain,Nantes,443674,Louis Leroux,M,86,6.9,,0.0,,,21,16.0,76.2,4.0,,1.0,,0,0,5.0,8.0
Nantes vs Paris Saint Germain,Nantes,193952,Johann Lepenant,M,90,6.6,,0.0,1.0,,30,23.0,76.7,1.0,1.0,2.0,2.0,0,0,3.0,7.0
Nantes vs Paris Saint Germain,Nantes,443676,Bahereba Guirassy,M,59,7.2,,0.0,1.0,,13,8.0,61.5,6.0,1.0,,,0,0,7.0,10.0
Nantes vs Paris Saint Germain,Nantes,2668,Mostafa Mohamed,F,79,6.3,,0.0,,,13,9.0,69.2,,2.0,1.0,1.0,0,0,5.0,14.0
Nantes vs Paris Saint Germain,Nantes,26519,Hyun-Seok Hong,M,31,6.3,,0.0,1.0,,8,6.0,75.0,1.0,1.0,,,0,0,1.0,2.0
Nantes vs Paris Saint Germain,Nantes,161622,Matthis Abline,F,31,6.5,,0.0,,,4,3.0,75.0,1.0,,1.0,,0,0,2.0,7.0
Nantes vs Paris Saint Germain,Nantes,924,Francis Coquelin,M,11,6.9,,0.0,,,9,9.0,100.0,1.0,,,,0,0,2.0,2.0
Nantes vs Paris Saint Germain,Nantes,428504,Amady Camara,F,11,6.3,,0.0,,,4,2.0,50.0,,,,,0,0,,1.0
Nantes vs Paris Saint Germain,Nantes,388779,Dehmaine Tabibou,M,9,6.3,,0.0,1.0,,1,1.0,100.0,,,,,0,0,,1.0
Nantes vs Paris Saint Germain,Paris Saint Germain,162453,Lucas Chevalier,G,90,6.9,,0.0,,,15,12.0,80.0,,,,,0,0,,
Nantes vs Paris Saint Germain,Paris Saint Germain,336657,Warren Zaïre-Emery,D,90,7.3,,0.0,,,89,83.0,93.3,2.0,1.0,2.0,1.0,0,0,4.0,6.0
Nantes vs Paris Saint Germain,Paris Saint Germain,161671,Ilya Zabarnyi,D,90,7.2,,0.0,,,65,62.0,95.4,2.0,1.0,,,0,0,2.0,4.0
Nantes vs Paris Saint Germain,Paris Saint Germain,307835,Lucas Beraldo,D,90,7.9,,0.0,,,73,72.0,98.6,1.0,2.0,1.0,1.0,0,0,7.0,11.0
Nantes vs Paris Saint Germain,Paris Saint Germain,33,Lucas Hernández,D,61,6.9,,0.0,1.0,1.0,50,44.0,88.0,,1.0,,1.0,0,0,2.0,3.0
Nantes vs Paris Saint Germain,Paris Saint Germain,927,Kang-in Lee,M,61,7.5,,0.0,,,61,57.0,93.4,,,,,0,0,2.0,3.0
Nantes vs Paris Saint Germain,Paris Saint Germain,128384,Vitinha,M,90,8.9,1.0,0.0,2.0,1.0,121,116.0,95.9,3.0,,,,0,0,3.0,6.0
Nantes vs Paris Saint Germain,Paris Saint Germain,328,Fabián Ruiz,M,61,6.9,,0.0,,,62,52.0,83.9,,,,,0,0,1.0,1.0
Nantes vs Paris Saint Germain,Paris Saint Germain,446249,Ibrahim Mbaye,F,61,5.6,,0.0,,,52,46.0,88.5,1.0,,,1.0,0,0,3.0,11.0
Nantes vs Paris Saint Germain,Paris Saint Germain,41585,Gonçalo Ramos,F,78,6.7,,0.0,3.0,,13,9.0,69.2,1.0,,,,0,0,6.0,8.0
Nantes vs Paris Saint Germain,Paris Saint Germain,161904,Bradley Barcola,F,90,6.2,,0.0,3.0,1.0,42,39.0,92.9,,,2.0,,0,0,1.0,8.0
Nantes vs Paris Saint Germain,Paris Saint Germain,9,Achraf Hakimi,D,29,6.9,,0.0,,,28,26.0,92.9,1.0,,1.0,,1,0,1.0,3.0
Nantes vs Paris Saint Germain,Paris Saint Germain,263482,Nuno Mendes,D,29,6.9,,1.0,,,20,16.0,80.0,1.0,,,,0,0,1.0,3.0
Nantes vs Paris Saint Germain,Paris Saint Germain,343027,Désiré Doué,F,29,6.9,,0.0,,,19,18.0,94.7,2.0,1.0,,1.0,0,0,3.0,7.0
Nantes vs Paris Saint Germain,Paris Saint Germain,153,Ousmane Dembélé,F,29,6.6,,0.0,1.0,,28,22.0,78.6,,,,1.0,0,0,2.0,3.0
Nantes vs Paris Saint Germain,Paris Saint Germain,483,Khvicha Kvaratskhelia,F,12,6.7,,0.0,1.0,1.0,6,6.0,100.0,,,,,0,0,,1.0
Paris Saint Germain vs Angers,Paris Saint Germain,162453,Lucas Chevalier,G,90,6.7,,0.0,,,13,13.0,100.0,,,,,0,0,,
Paris Saint Germain vs Angers,Paris Saint Germain,9,Achraf Hakimi,D,90,6.6,,0.0,1.0,,129,122.0,94.6,1.0,1.0,1.0,,0,0,3.0,13.0
Paris Saint Germain vs Angers,Paris Saint Germain,257,Marquinhos,D,90,8.3,,0.0,,,101,96.0,95.0,4.0,,,,0,0,8.0,9.0
Paris Saint Germain vs Angers,Paris Saint Germain,16367,Willian Pacho,D,90,7.7,,0.0,,,69,68.0,98.6,1.0,,,1.0,0,0,2.0,2.0
Paris Saint Germain vs Angers,Paris Saint Germain,263482,Nuno Mendes,D,90,6.9,,0.0,1.0,1.0,75,69.0,92.0,,,,1.0,0,0,2.0,9.0
Paris Saint Germain vs Angers,Paris Saint Germain,335051,João Neves,M,67,7.3,,0.0,2.0,,75,72.0,96.0,2.0,1.0,1.0,1.0,0,0,4.0,5.0
Paris Saint Germain vs Angers,Paris Saint Germain,128384,Vitinha,M,90,7.9,,0.0,3.0,1.0,160,149.0,93.1,1.0,1.0,,,0,0,1.0,1.0
Paris Saint Germain vs Angers,Paris Saint Germain,328,Fabián Ruiz,M,90,9.3,1.0,0.0,2.0,1.0,134,125.0,93.3,3.0,2.0,,1.0,0,0,4.0,6.0
Paris Saint Germain vs Angers,Paris Saint Germain,343027,Désiré Doué,F,77,6.6,,0.0,2.0,,50,44.0,88.0,4.0,1.0,,2.0,0,0,9.0,18.0
Paris Saint Germain vs Angers,Paris Saint Germain,153,Ousmane Dembélé,F,81,6.3,,0.0,3.0,,73,66.0,90.4,1.0,,,,0,0,6.0,12.0
Paris Saint Germain vs Angers,Paris Saint Germain,161904,Bradley Barcola,F,67,6.7,,0.0,1.0,,29,24.0,82.8,2.0,,,,0,0,3.0,7.0
Paris Saint Germain vs Angers,Paris Saint Germain,336657,Warren Zaïre-Emery,M,23,6.9,,0.0,1.0,,32,31.0,96.9,,,1.0,,0,0,,2.0
Paris Saint Germain vs Angers,Paris Saint Germain,41585,Gonçalo Ramos,F,23,6.5,,0.0,1.0,1.0,8,8.0,100.0,,,,,0,0,,1.0
Paris Saint Germain vs Angers,Paris Saint Germain,446249,Ibrahim Mbaye,F,13,6.6,,0.0,,,16,14.0,87.5,,,,1.0,0,0,3.0,3.0
Paris Saint Germain vs Angers,Paris Saint Germain,927,Kang-in Lee,M,9,6.6,,0.0,,,17,17.0,100.0,,,,1.0,0,0,1.0,1.0
Paris Saint Germain vs Angers,Angers,22220,Hervé Koffi,G,90,6.9,,0.0,,,22,13.0,59.1,,,,,0,0,,
Paris Saint Germain vs Angers,Angers,20850,Carlens Arcus,D,90,6.6,,0.0,,,13,11.0,84.6,1.0,2.0,1.0,,0,0,2.0,4.0
Paris Saint Germain vs Angers,Angers,271540,Ousmane Camara,D,90,7.2,,0.0,,,12,9.0,75.0,4.0,1.0,1.0,,0,0,4.0,6.0
Paris Saint Germain vs Angers,Angers,21381,Jordan Lefort,D,90,7.7,,0.0,,,22,18.0,81.8,4.0,1.0,,1.0,0,0,6.0,7.0
Paris Saint Germain vs Angers,Angers,174660,Lilian Raolisoa,M,77,6.6,,0.0,,,16,10.0,62.5,5.0,2.0,2.0,,0,0,6.0,11.0
Paris Saint Germain vs Angers,Angers,174708,Yassin Belkhdim,M,87,6.3,,0.0,1.0,,21,15.0,71.4,2.0,2.0,1.0,,0,0,2.0,6.0
Paris Saint Germain vs Angers,Angers,425207,Marius Courcoul,M,45,6.2,,0.0,,,9,7.0,77.8,2.0,,1.0,,0,0,2.0,4.0
Paris Saint Germain vs Angers,Angers,20554,Haris Belkebla,M,90,6.5,,0.0,,,17,15.0,88.2,2.0,2.0,,2.0,0,0,5.0,7.0
Paris Saint Germain vs Angers,Angers,343609,Jacques Ekomie,M,76,7.3,,0.0,,,12,8.0,66.7,12.0,1.0,,,0,0,13.0,20.0
Paris Saint Germain vs Angers,Angers,163004,Esteban Lepaul,F,90,6.2,,0.0,1.0,,20,13.0,65.0,,,1.0,,0,0,1.0,7.0
Paris Saint Germain vs Angers,Angers,421875,Sidiki Cherif,F,62,6.3,,0.0,1.0,,6,4.0,66.7,,2.0,1.0,,0,0,,5.0
Paris Saint Germain vs Angers,Angers,21145,Pierrick Capelle,M,45,6.6,,0.0,,,16,13.0,81.2,1.0,1.0,,,0,0,1.0,3.0
Paris Saint Germain vs Angers,Angers,21618,Jim Allevinah,F,28,6.5,,0.0,,,3,3.0,100.0,,,,,0,0,,3.0
Paris Saint Germain vs Angers,Angers,41146,Florent Hanin,D,14,6.7,,0.0,,,3,1.0,33.3,,,,,0,0,,1.0
Paris Saint Germain vs Angers,Angers,385569,Emmanuel Biumla,M,13,6.3,,0.0,,,1,1.0,100.0,,,,,0,0,,2.0
Paris Saint Germain vs Angers,Angers,403277,Lanroy Machine,F,8,6.5,,0.0,,,2,,,1.0,,1.0,,0,0,1.0,3.0
Marseille vs Paris FC,Marseille,47296,Gerónimo Rulli,G,90,7,,0.0,,,27,23.0,85.2,,,,,0,0,,
Marseille vs Paris FC,Marseille,2973,Amir Murillo,D,90,6.3,,0.0,,,49,46.0,93.9,2.0,,3.0,,0,0,2.0,6.0
Marseille vs Paris FC,Marseille,181827,Conrad Jaden Egan-Riley,D,90,6.3,,0.0,,,93,89.0,95.7,,,,2.0,0,0,4.0,6.0
Marseille vs Paris FC,Marseille,6,Leonardo Balerdi,D,90,7.2,,0.0,1.0,1.0,97,92.0,94.8,,,,1.0,0,0,6.0,6.0
Marseille vs Paris FC,Marseille,943,Ulisses Garcia,D,89,6.2,,0.0,1.0,,35,34.0,97.1,1.0,,1.0,,0,0,1.0,3.0
Marseille vs Paris FC,Marseille,896,Angel Gomes,M,90,6.9,,0.0,,,80,76.0,95.0,2.0,1.0,2.0,,0,0,3.0,4.0
Marseille vs Paris FC,Marseille,2735,Pierre-Emile Højbjerg,M,90,8.2,1.0,0.0,2.0,1.0,96,86.0,89.6,,,1.0,1.0,0,0,3.0,6.0
Marseille vs Paris FC,Marseille,897,Mason Greenwood,M,90,9,1.0,2.0,2.0,1.0,43,34.0,79.1,1.0,,1.0,3.0,0,0,4.0,10.0
Marseille vs Paris FC,Marseille,85041,Amine Gouiri,M,89,6.7,,0.0,1.0,1.0,25,22.0,88.0,2.0,,,2.0,0,0,4.0,7.0
Marseille vs Paris FC,Marseille,1138,Timothy Weah,M,63,6.5,,0.0,,,20,17.0,85.0,1.0,,,1.0,0,0,2.0,3.0
Marseille vs Paris FC,Marseille,1465,Pierre-Emerick Aubameyang,F,74,9.9,2.0,0.0,3.0,2.0,14,12.0,85.7,,,,1.0,0,0,1.0,2.0
Marseille vs Paris FC,Marseille,283216,Bilal Nadir,M,27,7.3,,2.0,,,9,7.0,77.8,2.0,,,,0,0,3.0,3.0
Marseille vs Paris FC,Marseille,435482,Robinio Vaz,F,16,8.3,1.0,0.0,1.0,1.0,1,,,1.0,1.0,1.0,1.0,1,0,2.0,3.0
Marseille vs Paris FC,Paris FC,194981,Obed Nkambadio,G,90,5.5,,0.0,,,30,25.0,83.3,,,,,0,0,,
Marseille vs Paris FC,Paris FC,20869,Samir Sophian Chergui,D,90,5.3,,0.0,,,23,21.0,91.3,,,1.0,,0,0,,2.0
Marseille vs Paris FC,Paris FC,174881,Moustapha Mbow,D,90,5,,0.0,,,46,41.0,89.1,1.0,3.0,2.0,,0,0,1.0,6.0
Marseille vs Paris FC,Paris FC,266013,Otávio,D,90,6.2,,0.0,,,60,53.0,88.3,3.0,2.0,2.0,2.0,0,0,6.0,8.0
Marseille vs Paris FC,Paris FC,389322,Nhoa Sangui,D,83,6,,0.0,,,32,29.0,90.6,1.0,,1.0,1.0,0,0,3.0,4.0
Marseille vs Paris FC,Paris FC,1910,Maxime López,M,90,6.6,,0.0,,,64,60.0,93.8,,,2.0,,0,0,,4.0
Marseille vs Paris FC,Paris FC,20925,Vincent Marchetti,M,83,6.5,,0.0,2.0,1.0,35,30.0,85.7,1.0,1.0,,,0,0,2.0,3.0
Marseille vs Paris FC,Paris FC,84218,Adama Camara,M,69,7,,0.0,,,19,18.0,94.7,3.0,2.0,,,0,0,3.0,4.0
Marseille vs Paris FC,Paris FC,83831,Ilan Kebbal,F,90,8.5,1.0,1.0,2.0,1.0,40,32.0,80.0,,,,2.0,0,0,3.0,6.0
Marseille vs Paris FC,Paris FC,120,Willem Geubbels,F,64,6.2,,0.0,1.0,,6,5.0,83.3,,,2.0,,0,0,1.0,7.0
Marseille vs Paris FC,Paris FC,2781,Moses Simon,F,64,7.7,1.0,0.0,3.0,2.0,5,3.0,60.0,,2.0,,,0,0,1.0,3.0
Marseille vs Paris FC,Paris FC,22842,Jean-Philippe Krasso,F,26,6.5,,0.0,,,5,4.0,80.0,,,1.0,,0,0,,2.0
Marseille vs Paris FC,Paris FC,20704,Alimami Gory,F,26,6.9,,0.0,,,2,2.0,100.0,1.0,,,2.0,0,0,3.0,3.0
Marseille vs Paris FC,Paris FC,327592,Lohann Doucet,M,21,5.7,,0.0,,,9,7.0,77.8,,,1.0,1.0,0,0,1.0,5.0
Marseille vs Paris FC,Paris FC,20647,Pierre-Yves Hamel,F,8,6.3,,0.0,,,0,,,,,,,0,0,,2.0
Marseille vs Paris FC,Paris FC,20599,Julien López,F,8,6.3,,0.0,,,4,3.0,75.0,,1.0,,,0,0,,
Nice vs Auxerre,Nice,20566,Yehvann Diouf,G,90,8.6,,0.0,,,20,17.0,85.0,,,,,0,0,,
Nice vs Auxerre,Nice,313937,Antoine Mendy,D,90,8.2,,0.0,,,83,74.0,89.2,3.0,,,1.0,0,0,12.0,13.0
Nice vs Auxerre,Nice,449509,Abdulay Juma Bah,D,90,7,,0.0,,,69,61.0,88.4,1.0,2.0,3.0,,0,0,7.0,11.0
Nice vs Auxerre,Nice,404172,Kojo Peprah Oppong,D,90,6.7,,0.0,,,52,49.0,94.2,2.0,1.0,1.0,,1,0,4.0,9.0
Nice vs Auxerre,Nice,193617,Tom Louchet,M,89,9.2,,2.0,2.0,,41,33.0,80.5,1.0,2.0,,2.0,0,0,5.0,8.0
Nice vs Auxerre,Nice,4399,Hicham Boudaoui,M,90,6.3,,0.0,1.0,1.0,42,37.0,88.1,1.0,,2.0,2.0,0,0,4.0,11.0
Nice vs Auxerre,Nice,128987,Salis Abdul Samed,M,63,6.3,,0.0,,,26,25.0,96.2,1.0,1.0,,,0,0,2.0,4.0
Nice vs Auxerre,Nice,162465,Melvin Bard,M,90,6.9,,0.0,1.0,1.0,38,34.0,89.5,,,3.0,3.0,0,0,6.0,14.0
Nice vs Auxerre,Nice,105154,Isak Jansson,F,63,6.2,,0.0,2.0,1.0,10,6.0,60.0,1.0,3.0,1.0,3.0,1,0,5.0,12.0
Nice vs Auxerre,Nice,30531,Jérémie Boga,F,73,7.9,1.0,0.0,1.0,1.0,25,20.0,80.0,,,,1.0,0,0,3.0,6.0
Nice vs Auxerre,Nice,188319,Kevin Carlos Omoruyi,F,73,6.5,,0.0,3.0,,8,5.0,62.5,,,,3.0,0,0,4.0,8.0
Nice vs Auxerre,Nice,240,Pablo Rosario,M,27,6.9,,0.0,2.0,1.0,16,15.0,93.8,1.0,,,,0,0,3.0,5.0
Nice vs Auxerre,Nice,107,Sofiane Diop,M,27,7.3,,0.0,1.0,,20,17.0,85.0,1.0,1.0,,,0,0,3.0,7.0
Nice vs Auxerre,Nice,334879,Badredine Bouanani,M,17,6.7,,0.0,,,17,14.0,82.4,,,,,0,0,,
Nice vs Auxerre,Nice,69971,Terem Moffi,F,17,7,1.0,0.0,2.0,1.0,6,5.0,83.3,,,,,0,0,,
Nice vs Auxerre,Auxerre,20542,Donovan Léon,G,46,5.3,,0.0,,,23,13.0,56.5,,,1.0,,0,1,1.0,2.0
Nice vs Auxerre,Auxerre,20206,Gabriel Osho,D,45,6.2,,0.0,,,26,26.0,100.0,1.0,,,,0,0,2.0,3.0
Nice vs Auxerre,Auxerre,31016,Francisco Sierralta,D,90,6.3,,0.0,,,53,50.0,94.3,1.0,1.0,2.0,1.0,1,0,2.0,5.0
Nice vs Auxerre,Auxerre,191189,Clement Akpa,D,90,6,,0.0,,,57,41.0,71.9,1.0,1.0,,2.0,0,0,7.0,7.0
Nice vs Auxerre,Auxerre,191240,Marvin Senaya,M,73,6.7,,0.0,,,21,18.0,85.7,1.0,,2.0,2.0,1,0,4.0,9.0
Nice vs Auxerre,Auxerre,21010,Elisha Owusu,M,90,6.6,,0.0,1.0,,33,28.0,84.8,3.0,1.0,1.0,1.0,0,0,5.0,9.0
Nice vs Auxerre,Auxerre,323625,Kévin Danois,M,90,6.9,,0.0,2.0,2.0,45,39.0,86.7,3.0,,2.0,,0,0,4.0,11.0
Nice vs Auxerre,Auxerre,7578,Gideon Mensah,M,73,6.3,,0.0,,,27,23.0,85.2,1.0,,1.0,,0,0,2.0,5.0
Nice vs Auxerre,Auxerre,174915,Josué Casimir,F,90,7,,0.0,2.0,2.0,24,18.0,75.0,6.0,1.0,2.0,1.0,0,0,11.0,18.0
Nice vs Auxerre,Auxerre,90617,Lassine Sinayoko,F,73,7.3,1.0,0.0,4.0,3.0,15,11.0,73.3,,,1.0,2.0,0,0,5.0,14.0
Nice vs Auxerre,Auxerre,293643,Ibrahim Osman,F,62,6.7,,1.0,1.0,1.0,17,13.0,76.5,,,2.0,,0,0,2.0,10.0
Nice vs Auxerre,Auxerre,193681,Théo De Percin,G,45,6.3,,0.0,,,21,7.0,33.3,,,,,0,0,1.0,1.0
Nice vs Auxerre,Auxerre,19625,Danny Namaso,F,28,6.2,,0.0,,,5,4.0,80.0,,,1.0,1.0,0,0,2.0,12.0
Nice vs Auxerre,Auxerre,193953,Lamine Sy,D,17,6.7,,0.0,,,9,7.0,77.8,2.0,,,,0,0,2.0,2.0
Nice vs Auxerre,Auxerre,215827,Fredrik Oppegård,D,17,6.9,,0.0,,,7,7.0,100.0,,,,,0,0,,
Nice vs Auxerre,Auxerre,322595,Lasso Coulibaly,M,17,6.5,,0.0,,,6,4.0,66.7,,1.0,,,0,0,,
Lyon vs Metz,Lyon,20762,Rémy Descamps,G,90,7.9,,0.0,,,27,26.0,96.3,,,,,0,0,,
Lyon vs Metz,Lyon,1456,Ainsley Maitland-Niles,D,90,8.2,,1.0,,,48,44.0,91.7,6.0,,4.0,1.0,0,0,8.0,15.0
Lyon vs Metz,Lyon,68,Clinton Mata,D,86,7.2,,0.0,,,87,83.0,95.4,2.0,,,1.0,0,0,3.0,3.0
Lyon vs Metz,Lyon,25916,Moussa Niakhaté,D,90,7.6,,0.0,,,89,88.0,98.9,2.0,1.0,3.0,1.0,0,0,6.0,9.0
Lyon vs Metz,Lyon,9700,Abner Vinícius,D,74,6.6,,0.0,,,25,23.0,92.0,,,1.0,1.0,0,0,2.0,6.0
Lyon vs Metz,Lyon,80752,Tanner Tessmann,M,90,7.7,,0.0,1.0,1.0,71,67.0,94.4,4.0,1.0,,1.0,0,0,5.0,7.0
Lyon vs Metz,Lyon,162590,Tyler Morton,M,90,8,,0.0,1.0,1.0,69,63.0,91.3,1.0,,,3.0,0,0,4.0,4.0
Lyon vs Metz,Lyon,66387,Pavel Šulc,M,74,6.7,,1.0,2.0,,13,12.0,92.3,1.0,,2.0,,0,0,1.0,5.0
Lyon vs Metz,Lyon,519,Corentin Tolisso,M,75,7.2,1.0,0.0,1.0,1.0,32,23.0,71.9,1.0,1.0,,2.0,0,0,3.0,10.0
Lyon vs Metz,Lyon,361348,Malick Fofana,M,86,8.6,1.0,0.0,1.0,1.0,24,19.0,79.2,1.0,,,3.0,0,0,6.0,7.0
Lyon vs Metz,Lyon,180496,Georges Mikautadze,F,90,6.3,,0.0,4.0,3.0,17,15.0,88.2,,1.0,,,0,0,3.0,6.0
Lyon vs Metz,Lyon,529,Nicolás Tagliafico,D,16,6.5,,0.0,,,7,6.0,85.7,,1.0,1.0,,0,0,,2.0
Lyon vs Metz,Lyon,199871,Adam Karabec,M,16,7.3,1.0,0.0,1.0,1.0,8,7.0,87.5,,,,,0,0,,
Lyon vs Metz,Lyon,519664,Khalis Merah,M,15,6.6,,0.0,,,13,12.0,92.3,,,1.0,2.0,0,0,3.0,4.0
Lyon vs Metz,Lyon,193293,Ruben Kluivert,D,11,6.6,,0.0,,,9,9.0,100.0,,,,,0,0,,
Lyon vs Metz,Lyon,345388,Afonso Moreira,F,11,6.5,,0.0,,,3,3.0,100.0,,,1.0,,0,0,,2.0
Lyon vs Metz,Metz,158532,Jonathan Fischer,G,90,6.9,,0.0,,,34,30.0,88.2,,,,1.0,0,0,1.0,1.0
Lyon vs Metz,Metz,96331,Koffi Kouao,D,90,6,,0.0,,,30,27.0,90.0,,,3.0,,1,0,1.0,5.0
Lyon vs Metz,Metz,428084,Sadibou Sané,D,90,6.7,,0.0,,,71,67.0,94.4,3.0,1.0,3.0,,0,0,4.0,8.0
Lyon vs Metz,Metz,3240,Jean-Philippe Gbamin,D,90,6.5,,0.0,,,69,65.0,94.2,1.0,,,,0,0,1.0,3.0
Lyon vs Metz,Metz,378353,Urie-Michel Mboula,D,41,6.5,,0.0,,,25,21.0,84.0,1.0,,1.0,3.0,0,0,5.0,7.0
Lyon vs Metz,Metz,407,Benjamin Stambouli,M,90,6.3,,0.0,,,41,35.0,85.4,3.0,,2.0,,0,0,5.0,9.0
Lyon vs Metz,Metz,157912,Boubacar Traoré,M,90,6.2,,0.0,2.0,1.0,57,55.0,96.5,1.0,,2.0,,1,0,1.0,7.0
Lyon vs Metz,Metz,2181,Georgiy Tsitaishvili,M,62,6.2,,0.0,1.0,,19,13.0,68.4,,,1.0,2.0,0,0,3.0,5.0
Lyon vs Metz,Metz,20529,Gauthier Hein,M,90,6.6,,0.0,,,59,57.0,96.6,1.0,,,,0,0,1.0,2.0
Lyon vs Metz,Metz,68177,Giorgi Abuashvili,M,62,6.3,,0.0,1.0,,27,27.0,100.0,1.0,,1.0,,0,0,2.0,12.0
Lyon vs Metz,Metz,514519,Brian Madjo,F,80,6.6,,0.0,1.0,1.0,9,5.0,55.6,,,1.0,1.0,0,0,1.0,4.0
Lyon vs Metz,Metz,434352,Alpha Touré,M,49,7.2,,0.0,,,19,18.0,94.7,3.0,,,1.0,0,0,4.0,5.0
Lyon vs Metz,Metz,408870,Ibou Sane,F,28,6.6,,0.0,,,9,8.0,88.9,,1.0,1.0,2.0,0,0,3.0,5.0
Lyon vs Metz,Metz,336180,Morgan Bokele Mputu,F,28,6.6,,0.0,,,15,13.0,86.7,1.0,,,2.0,0,0,3.0,6.0
Lyon vs Metz,Metz,434410,Idrissa Gueye,F,10,6.7,,0.0,,,1,1.0,100.0,,,,1.0,0,0,1.0,1.0
Lorient vs Rennes,Lorient,22241,Bingourou Kamara,G,90,6.9,,0.0,,,11,10.0,90.9,,,,,0,0,,
Lorient vs Rennes,Lorient,162236,Formose Mendy,D,45,6.9,,0.0,,,22,19.0,86.4,,2.0,2.0,,1,0,2.0,4.0
Lorient vs Rennes,Lorient,50030,Montassar Talbi,D,90,7.2,,0.0,,,57,56.0,98.2,,,,,0,0,2.0,3.0
Lorient vs Rennes,Lorient,1031,Igor Silva,D,90,7.5,,0.0,,,62,54.0,87.1,2.0,1.0,,1.0,0,0,3.0,3.0
Lorient vs Rennes,Lorient,384112,Panos Katseris,M,90,6.6,,0.0,2.0,1.0,48,39.0,81.2,1.0,4.0,1.0,,1,0,2.0,8.0
Lorient vs Rennes,Lorient,20917,Laurent Abergel,M,90,8,,0.0,1.0,,77,69.0,89.6,2.0,1.0,3.0,1.0,1,0,3.0,10.0
Lorient vs Rennes,Lorient,402265,Arthur Avom Ebong,M,90,7.3,,1.0,4.0,,53,44.0,83.0,,3.0,1.0,1.0,0,0,4.0,8.0
Lorient vs Rennes,Lorient,402386,Arsène Kouassi,M,73,7.7,,1.0,,,31,29.0,93.5,,1.0,1.0,1.0,1,0,5.0,7.0
Lorient vs Rennes,Lorient,72457,Aiyegun Tosin,F,66,8.2,1.0,0.0,2.0,2.0,14,12.0,85.7,,1.0,2.0,1.0,0,0,1.0,6.0
Lorient vs Rennes,Lorient,144319,Sambou Soumano,F,56,7.6,1.0,0.0,2.0,1.0,8,6.0,75.0,,,1.0,1.0,1,0,3.0,6.0
Lorient vs Rennes,Lorient,322865,Karim Dermane,F,56,6,,0.0,1.0,,14,12.0,85.7,,,2.0,1.0,1,0,1.0,4.0
Lorient vs Rennes,Lorient,437776,Abdoulaye Faye,D,45,7.2,,0.0,,,37,36.0,97.3,2.0,,3.0,,0,0,3.0,7.0
Lorient vs Rennes,Lorient,276662,Pablo Pagis,F,34,7.2,1.0,0.0,2.0,2.0,22,19.0,86.4,,,1.0,,0,0,1.0,4.0
Lorient vs Rennes,Lorient,200873,Mohamed Bamba,F,34,6.2,,1.0,1.0,,2,1.0,50.0,,,,,0,0,,2.0
Lorient vs Rennes,Lorient,174703,Théo Le Bris,M,24,7.9,1.0,0.0,1.0,1.0,10,9.0,90.0,,,,,0,0,,
Lorient vs Rennes,Lorient,152669,Darlin Yongwa,D,17,7.2,,0.0,,,18,13.0,72.2,,1.0,1.0,,0,0,,3.0
Lorient vs Rennes,Rennes,21628,Brice Samba,G,90,7,,0.0,,,64,48.0,75.0,,,,,0,0,,
Lorient vs Rennes,Rennes,20916,Christopher Wooh,D,11,3,,0.0,,,8,8.0,100.0,,,1.0,,0,1,,1.0
Lorient vs Rennes,Rennes,367636,Jérémy Jacquet,D,90,6.2,,0.0,,,75,72.0,96.0,1.0,,1.0,,0,0,4.0,5.0
Lorient vs Rennes,Rennes,129681,Anthony Rouault,D,90,7.2,,0.0,,,66,59.0,89.4,5.0,3.0,,1.0,0,0,8.0,10.0
Lorient vs Rennes,Rennes,24147,Mahdi Camara,M,6,3,,0.0,,,2,2.0,100.0,,1.0,1.0,,0,1,,1.0
Lorient vs Rennes,Rennes,163032,Fabian Rieder,M,63,6,,0.0,,,10,8.0,80.0,,1.0,1.0,1.0,0,0,1.0,8.0
Lorient vs Rennes,Rennes,21102,Valentin Rongier,M,90,7,,0.0,,,64,54.0,84.4,1.0,,,3.0,0,0,5.0,7.0
Lorient vs Rennes,Rennes,30807,Seko Fofana,M,90,6.6,,0.0,1.0,,62,59.0,95.2,,,1.0,2.0,0,0,7.0,9.0
Lorient vs Rennes,Rennes,272460,Quentin Merlin,M,90,6.3,,0.0,,,41,32.0,78.0,1.0,,,,0,0,2.0,4.0
Lorient vs Rennes,Rennes,21497,Ludovic Blas,F,63,6.5,,0.0,1.0,,14,12.0,85.7,,,,2.0,0,0,2.0,6.0
Lorient vs Rennes,Rennes,449662,Mohamed Kader Meite,F,16,6.3,,0.0,,,1,1.0,100.0,,,,,0,0,,
Lorient vs Rennes,Rennes,438281,Mahamadou Nagida,D,57,5.3,,0.0,2.0,1.0,23,18.0,78.3,1.0,1.0,1.0,1.0,0,0,5.0,8.0
Lorient vs Rennes,Rennes,343792,Djaoui Cissé,M,27,6.2,,0.0,,,12,8.0,66.7,,,1.0,3.0,0,0,4.0,8.0
Lorient vs Rennes,Rennes,375000,Ibrahim Salah,F,27,6.6,,0.0,,,19,19.0,100.0,1.0,,,2.0,0,0,3.0,4.0
Lorient vs Rennes,Rennes,196187,Alidu Seidu,D,17,7.3,,0.0,,,15,13.0,86.7,1.0,2.0,,2.0,0,0,4.0,4.0
Strasbourg vs Nantes,Strasbourg,2850,Karl-Johan Johnsson,G,90,7.2,,0.0,,,32,25.0,78.1,,,,,0,0,1.0,1.0
Strasbourg vs Nantes,Strasbourg,276184,Mamadou Sarr,D,90,7.3,,0.0,,,54,52.0,96.3,7.0,,1.0,,0,0,9.0,17.0
Strasbourg vs Nantes,Strasbourg,147835,Andrew Omobamidele,D,41,6.9,,0.0,,,46,45.0,97.8,,1.0,2.0,,0,0,,3.0
Strasbourg vs Nantes,Strasbourg,271542,Ismael Doukouré,D,90,7.3,,0.0,,,62,57.0,91.9,2.0,1.0,1.0,1.0,1,0,5.0,9.0
Strasbourg vs Nantes,Strasbourg,282549,Junior Mwanga,M,90,7.3,,0.0,1.0,,43,38.0,88.4,4.0,1.0,2.0,,0,0,7.0,11.0
Strasbourg vs Nantes,Strasbourg,325594,Félix Lemaréchal,M,75,6.9,,0.0,,,33,25.0,75.8,1.0,,1.0,3.0,0,0,5.0,10.0
Strasbourg vs Nantes,Strasbourg,415431,Samir El Mourabet,M,65,6.6,,0.0,,,33,31.0,93.9,,,,1.0,0,0,2.0,6.0
Strasbourg vs Nantes,Strasbourg,358166,Abdoul Ouattara,M,90,7.3,,0.0,2.0,1.0,27,25.0,92.6,,2.0,1.0,,0,0,,5.0
Strasbourg vs Nantes,Strasbourg,406303,Kendry Páez,F,64,6.7,,0.0,1.0,,20,16.0,80.0,,,1.0,1.0,0,0,2.0,11.0
Strasbourg vs Nantes,Strasbourg,226803,Sebastian Nanasi,F,45,6.2,,0.0,,,17,15.0,88.2,,,,,0,0,,3.0
Strasbourg vs Nantes,Strasbourg,390742,Joaquin Panichelli,F,90,6.2,,0.0,2.0,,20,16.0,80.0,,,1.0,1.0,1,0,5.0,17.0
Strasbourg vs Nantes,Strasbourg,319572,Valentín Barco,M,49,6.9,,0.0,,,29,25.0,86.2,,1.0,,2.0,0,0,2.0,4.0
Strasbourg vs Nantes,Strasbourg,203762,Emmanuel Emegha,F,45,6.9,1.0,0.0,3.0,2.0,0,,,,,,,0,0,,
Strasbourg vs Nantes,Strasbourg,335056,Diego Moreira,F,26,7,,0.0,,,13,9.0,69.2,3.0,,,,0,0,4.0,5.0
Strasbourg vs Nantes,Strasbourg,129695,Dilane Bakwa,F,25,7.2,,1.0,,,9,8.0,88.9,,1.0,,,0,0,1.0,2.0
Strasbourg vs Nantes,Strasbourg,345416,Rafael Luis,M,15,6.9,,0.0,1.0,1.0,10,7.0,70.0,2.0,,1.0,,0,0,3.0,5.0
Strasbourg vs Nantes,Nantes,647,Anthony Lopes,G,90,7.3,,0.0,,,51,44.0,86.3,,,,1.0,0,0,1.0,2.0
Strasbourg vs Nantes,Nantes,22134,Kelvin Amian,D,90,6.3,,0.0,1.0,,53,43.0,81.1,2.0,,,,0,0,3.0,7.0
Strasbourg vs Nantes,Nantes,50026,Chidozie Awaziem,D,90,7.2,,0.0,,,89,81.0,91.0,1.0,2.0,2.0,,1,0,6.0,9.0
Strasbourg vs Nantes,Nantes,522609,Tylel Tati,D,90,7.2,,0.0,,,64,59.0,92.2,3.0,1.0,,,0,0,6.0,6.0
Strasbourg vs Nantes,Nantes,21570,Nicolas Cozza,D,90,6.9,,0.0,,,36,27.0,75.0,,,1.0,2.0,0,0,6.0,9.0
Strasbourg vs Nantes,Nantes,924,Francis Coquelin,M,56,6.2,,0.0,,,32,24.0,75.0,,,1.0,,1,0,,1.0
Strasbourg vs Nantes,Nantes,197771,Yassine Benhattab,M,85,6.7,,0.0,,,26,23.0,88.5,1.0,,1.0,,0,0,1.0,5.0
Strasbourg vs Nantes,Nantes,443674,Louis Leroux,M,71,6.9,,0.0,,,28,23.0,82.1,3.0,1.0,1.0,1.0,0,0,6.0,9.0
Strasbourg vs Nantes,Nantes,193952,Johann Lepenant,M,85,7,,0.0,,,19,17.0,89.5,4.0,,,1.0,0,0,8.0,13.0
Strasbourg vs Nantes,Nantes,443676,Bahereba Guirassy,M,56,6.7,,0.0,2.0,2.0,17,9.0,52.9,2.0,1.0,,,0,0,5.0,9.0
Strasbourg vs Nantes,Nantes,2668,Mostafa Mohamed,F,90,7.2,,0.0,1.0,,17,10.0,58.8,3.0,,1.0,4.0,0,0,13.0,18.0
Strasbourg vs Nantes,Nantes,137296,Hyeok-kyu Kwon,M,34,6.5,,0.0,,,19,19.0,100.0,,,1.0,1.0,0,0,2.0,6.0
Strasbourg vs Nantes,Nantes,161622,Matthis Abline,F,34,6.5,,0.0,,,6,4.0,66.7,,,1.0,1.0,0,0,2.0,8.0
Strasbourg vs Nantes,Nantes,26519,Hyun-Seok Hong,M,19,6.6,,0.0,,,11,9.0,81.8,2.0,1.0,,,0,0,3.0,4.0
Strasbourg vs Nantes,Nantes,388779,Dehmaine Tabibou,M,12,6.3,,0.0,,,3,2.0,66.7,,,,,0,0,,1.0
Strasbourg vs Nantes,Nantes,42086,Youssef El Arabi,F,12,6.3,,0.0,,,3,,,,,,,0,0,1.0,2.0
Toulouse vs Stade Brestois 29,Toulouse,325346,Guillaume Restes,G,90,7.6,,0.0,,,27,22.0,81.5,,1.0,,1.0,0,0,1.0,1.0
Toulouse vs Stade Brestois 29,Toulouse,412759,Jaydee Canvot,D,90,7.3,,0.0,,,61,59.0,96.7,1.0,,,,0,0,5.0,8.0
Toulouse vs Stade Brestois 29,Toulouse,278392,Charlie Cresswell,D,90,7.3,,0.0,1.0,,58,52.0,89.7,,,,1.0,0,0,4.0,7.0
Toulouse vs Stade Brestois 29,Toulouse,50735,Mark McKenzie,D,90,7.6,,0.0,,,44,38.0,86.4,1.0,,,,0,0,2.0,7.0
Toulouse vs Stade Brestois 29,Toulouse,102,Djibril Sidibé,M,70,6.6,,0.0,,,35,27.0,77.1,1.0,1.0,1.0,,0,0,2.0,4.0
Toulouse vs Stade Brestois 29,Toulouse,304140,Mario Sauer,M,60,7,,0.0,,,17,13.0,76.5,2.0,,1.0,,0,0,4.0,5.0
Toulouse vs Stade Brestois 29,Toulouse,50956,Cristian Cásseres Jr.,M,90,7.3,,0.0,,,38,29.0,76.3,3.0,1.0,1.0,3.0,0,0,7.0,13.0
Toulouse vs Stade Brestois 29,Toulouse,452697,Dayann Methalie,M,83,7.3,,0.0,,,24,16.0,66.7,5.0,1.0,2.0,1.0,0,0,10.0,15.0
Toulouse vs Stade Brestois 29,Toulouse,39115,Aron Dønnum,F,90,6.2,,0.0,1.0,,28,22.0,78.6,2.0,1.0,3.0,,0,0,2.0,7.0
Toulouse vs Stade Brestois 29,Toulouse,174724,Frank Magri,F,83,9.3,2.0,0.0,3.0,3.0,13,7.0,53.8,,,2.0,2.0,0,0,9.0,17.0
Toulouse vs Stade Brestois 29,Toulouse,84128,Yann Gboho,F,71,6.6,,0.0,,,11,7.0,63.6,2.0,,1.0,,0,0,5.0,15.0
Toulouse vs Stade Brestois 29,Toulouse,264383,Warren Kamanzi,D,30,7.2,,0.0,,,10,9.0,90.0,,,,,0,0,,
Toulouse vs Stade Brestois 29,Toulouse,15793,Rasmus Nicolaisen,D,20,6.7,,0.0,,,7,6.0,85.7,,,,,0,0,,2.0
Toulouse vs Stade Brestois 29,Toulouse,430816,Noah Edjouma,F,19,6.5,,0.0,,,4,1.0,25.0,1.0,,,,0,0,1.0,6.0
Toulouse vs Stade Brestois 29,Toulouse,551200,Mathis Saka,M,8,6.3,,0.0,,,5,2.0,40.0,,,1.0,,0,0,,1.0
Toulouse vs Stade Brestois 29,Toulouse,362741,Santiago Hidalgo,F,8,6.6,,0.0,1.0,,5,4.0,80.0,,,2.0,1.0,0,0,3.0,6.0
Toulouse vs Stade Brestois 29,Stade Brestois 29,40384,Radosław Majecki,G,90,6,,0.0,,,19,12.0,63.2,,,,,0,0,,1.0
Toulouse vs Stade Brestois 29,Stade Brestois 29,22247,Kenny Lala,D,90,7.3,,0.0,,,54,39.0,72.2,1.0,2.0,,1.0,0,0,3.0,6.0
Toulouse vs Stade Brestois 29,Stade Brestois 29,20546,Brendan Chardonnet,D,72,5.9,,0.0,,,33,27.0,81.8,1.0,2.0,2.0,,1,0,1.0,6.0
Toulouse vs Stade Brestois 29,Stade Brestois 29,85914,Julien Le Cardinal,D,90,7,,0.0,1.0,1.0,46,41.0,89.1,2.0,2.0,,3.0,0,0,6.0,9.0
Toulouse vs Stade Brestois 29,Stade Brestois 29,274267,Bradley Locko,D,90,6,,0.0,1.0,,33,27.0,81.8,2.0,,,,0,0,3.0,7.0
Toulouse vs Stade Brestois 29,Stade Brestois 29,326068,Kamory Doumbia,M,79,6.3,,0.0,,,30,27.0,90.0,2.0,1.0,,,0,0,4.0,8.0
Toulouse vs Stade Brestois 29,Stade Brestois 29,22170,Pierre Lees Melou,M,90,7.2,,0.0,1.0,,60,54.0,90.0,5.0,,,2.0,0,0,8.0,14.0
Toulouse vs Stade Brestois 29,Stade Brestois 29,20558,Hugo Magnetti,M,72,6.7,,0.0,,,37,32.0,86.5,3.0,1.0,1.0,1.0,0,0,4.0,8.0
Toulouse vs Stade Brestois 29,Stade Brestois 29,2214,Romain Del Castillo,F,72,6.3,,0.0,,,30,24.0,80.0,5.0,,2.0,,0,0,6.0,16.0
Toulouse vs Stade Brestois 29,Stade Brestois 29,22264,Ludovic Ajorque,F,90,6.7,,0.0,3.0,,23,17.0,73.9,,,4.0,,0,0,10.0,17.0
Toulouse vs Stade Brestois 29,Stade Brestois 29,41323,Mama Baldé,F,84,6.5,,0.0,2.0,1.0,16,13.0,81.2,2.0,,1.0,2.0,0,0,5.0,10.0
Toulouse vs Stade Brestois 29,Stade Brestois 29,365742,Michel Diaz,D,18,6.6,,0.0,,,14,11.0,78.6,,1.0,,1.0,0,0,3.0,4.0
Toulouse vs Stade Brestois 29,Stade Brestois 29,449153,Hamidou Makalou,M,18,6.6,,0.0,,,9,8.0,88.9,,,,,0,0,,1.0
Toulouse vs Stade Brestois 29,Stade Brestois 29,128287,Joris Chotard,M,18,7.2,,0.0,,,9,8.0,88.9,2.0,,,2.0,0,0,5.0,5.0
Toulouse vs Stade Brestois 29,Stade Brestois 29,329209,Axel Camblan,M,11,6.5,,0.0,,,3,3.0,100.0,,,,,0,0,,1.0
Toulouse vs Stade Brestois 29,Stade Brestois 29,485957,Serigne Diop,F,15,6.3,,0.0,,,1,1.0,100.0,,,,,0,0,1.0,1.0
Le Havre vs Lens,Le Havre,119853,Mory Diaw,G,90,6.3,,0.0,,,31,22.0,71.0,,,,1.0,0,0,2.0,2.0
Le Havre vs Lens,Le Havre,2336,Loic Négo,D,90,7,,0.0,2.0,1.0,63,51.0,81.0,2.0,1.0,,3.0,0,0,5.0,8.0
Le Havre vs Lens,Le Havre,174927,Arouna Sangante,D,84,6.9,,0.0,,,88,81.0,92.0,2.0,1.0,4.0,4.0,1,0,9.0,13.0
Le Havre vs Lens,Le Havre,64255,Gautier Lloris,D,90,7.3,,0.0,,,87,81.0,93.1,3.0,2.0,1.0,,0,0,6.0,7.0
Le Havre vs Lens,Le Havre,23637,Yanis Zouaoui,D,90,6.3,,0.0,1.0,1.0,63,52.0,82.5,,1.0,2.0,,1,0,1.0,3.0
Le Havre vs Lens,Le Havre,33165,Ayumu Seko,M,90,6.2,,0.0,1.0,,40,31.0,77.5,1.0,1.0,2.0,,0,0,1.0,5.0
Le Havre vs Lens,Le Havre,174625,Fodé Doucouré,M,63,8.6,1.0,0.0,3.0,2.0,23,21.0,91.3,2.0,1.0,,,0,0,2.0,4.0
Le Havre vs Lens,Le Havre,174937,Yassine Kechta,M,84,6.3,,0.0,,,27,22.0,81.5,3.0,1.0,1.0,1.0,0,0,4.0,11.0
Le Havre vs Lens,Le Havre,128342,Rassoul Ndiaye,M,63,6.3,,0.0,,,19,18.0,94.7,,,1.0,1.0,0,0,1.0,6.0
Le Havre vs Lens,Le Havre,156465,Issa Soumaré,M,90,6.7,,0.0,3.0,1.0,26,18.0,69.2,,,1.0,1.0,0,0,5.0,13.0
Le Havre vs Lens,Le Havre,1945,Mbwana Ally Samatta,F,73,6.3,,0.0,3.0,1.0,15,7.0,46.7,,1.0,3.0,1.0,1,0,6.0,13.0
Le Havre vs Lens,Le Havre,36932,Younes Namli,F,27,7,,0.0,,,14,12.0,85.7,1.0,1.0,,1.0,0,0,4.0,5.0
Le Havre vs Lens,Le Havre,21103,Abdoulaye Touré,M,27,6.3,,0.0,,,18,14.0,77.8,,,,,0,0,,5.0
Le Havre vs Lens,Le Havre,961,Felix Mambimbi,F,17,6.2,,0.0,,,6,4.0,66.7,,,1.0,,0,0,,2.0
Le Havre vs Lens,Le Havre,21641,Godson Kyeremeh,F,15,6.3,,0.0,,,2,1.0,50.0,,,,1.0,0,0,1.0,1.0
Le Havre vs Lens,Le Havre,364093,Simon Ebonog,M,15,6.5,,0.0,,,4,3.0,75.0,,,1.0,1.0,0,0,2.0,6.0
Le Havre vs Lens,Lens,347211,Robin Risser,G,90,7.5,,0.0,,,28,19.0,67.9,,,,,0,0,,
Le Havre vs Lens,Lens,21635,Jonathan Gradit,D,90,7.5,,0.0,,,47,43.0,91.5,3.0,4.0,2.0,,0,0,8.0,12.0
Le Havre vs Lens,Lens,22166,Malang Sarr,D,90,7,,0.0,,,39,37.0,94.9,,1.0,,2.0,0,0,3.0,4.0
Le Havre vs Lens,Lens,20525,Matthieu Udol,D,90,6.9,,0.0,,,47,42.0,89.4,3.0,4.0,1.0,2.0,0,0,7.0,14.0
Le Havre vs Lens,Lens,21568,Ruben Aguilar,M,90,7.9,,0.0,,,27,25.0,92.6,3.0,1.0,,,0,0,4.0,5.0
Le Havre vs Lens,Lens,22261,Adrien Thomasson,M,90,6.9,,0.0,,,47,40.0,85.1,,,1.0,1.0,1,0,3.0,7.0
Le Havre vs Lens,Lens,395811,Fode Sylla,M,59,7.2,,0.0,,,40,32.0,80.0,5.0,1.0,2.0,,0,0,7.0,10.0
Le Havre vs Lens,Lens,2483,Deiver Machado,M,90,6.2,,0.0,,,24,22.0,91.7,,3.0,2.0,,0,0,1.0,8.0
Le Havre vs Lens,Lens,1922,Florian Thauvin,F,73,6.6,,0.0,,,28,21.0,75.0,,,,1.0,0,0,3.0,4.0
Le Havre vs Lens,Lens,21715,Wesley Saïd,F,89,7.5,1.0,1.0,3.0,2.0,22,20.0,90.9,,,4.0,,0,0,1.0,7.0
Le Havre vs Lens,Lens,443579,Rayan Fofana,F,73,7.7,1.0,0.0,2.0,1.0,11,9.0,81.8,,,2.0,6.0,0,0,7.0,16.0
Le Havre vs Lens,Lens,277306,Mamadou Sangare,M,31,6.6,,0.0,,,32,27.0,84.4,1.0,,1.0,2.0,0,0,4.0,7.0
Le Havre vs Lens,Lens,23643,Morgan Guilavogui,F,17,6.9,,0.0,,,8,7.0,87.5,2.0,1.0,,1.0,0,0,4.0,4.0
Le Havre vs Lens,Lens,20761,Florian Sotoca,F,17,6.7,,0.0,,,4,3.0,75.0,,2.0,,1.0,0,0,1.0,2.0
Le Havre vs Lens,Lens,394950,Andrija Bulatovic,M,10,6.3,,0.0,,,3,1.0,33.3,2.0,,1.0,,0,0,2.0,4.0
Lille vs Monaco,Lille,1337,Berke Özer,G,90,7.9,,0.0,,,29,25.0,86.2,1.0,,,1.0,0,0,2.0,4.0
Lille vs Monaco,Lille,264,Thomas Meunier,D,90,6.9,,0.0,2.0,,39,30.0,76.9,,1.0,,,0,0,1.0,3.0
Lille vs Monaco,Lille,312964,Nathan Ngoy,D,90,7,,0.0,4.0,,52,47.0,90.4,1.0,4.0,1.0,,0,0,2.0,3.0
Lille vs Monaco,Lille,142691,Alexsandro Ribeiro,D,90,7.9,,0.0,,,68,57.0,83.8,3.0,6.0,,1.0,0,0,9.0,10.0
Lille vs Monaco,Lille,20600,Romain Perraud,D,90,7.5,,0.0,1.0,,38,32.0,84.2,3.0,1.0,1.0,3.0,0,0,8.0,13.0
Lille vs Monaco,Lille,438688,Ayyoub Bouaddi,M,90,7.2,,0.0,,,26,22.0,84.6,2.0,2.0,1.0,2.0,0,0,9.0,13.0
Lille vs Monaco,Lille,2204,Benjamin André,M,90,7.3,,0.0,1.0,,51,40.0,78.4,2.0,1.0,,,0,0,8.0,13.0
Lille vs Monaco,Lille,375598,Ngal'ayel Mukau,M,60,6.9,,0.0,,,15,14.0,93.3,1.0,,1.0,,0,0,1.0,2.0
Lille vs Monaco,Lille,67889,Hakon Arnar Haraldsson,M,90,6.7,,0.0,2.0,,42,38.0,90.5,,,2.0,2.0,0,0,4.0,14.0
Lille vs Monaco,Lille,135749,Félix Correia,M,81,7.5,,0.0,,,20,15.0,75.0,1.0,2.0,,,0,0,2.0,3.0
Lille vs Monaco,Lille,2295,Olivier Giroud,F,90,7.6,1.0,0.0,4.0,1.0,18,14.0,77.8,1.0,,1.0,4.0,0,0,10.0,14.0
Lille vs Monaco,Lille,340077,Matías Fernández,F,30,7.2,,1.0,,,8,4.0,50.0,,,,1.0,0,0,1.0,3.0
Lille vs Monaco,Lille,409,Nabil Bentaleb,M,9,6.7,,0.0,,,11,7.0,63.6,,,,,1,0,1.0,1.0
Lille vs Monaco,Monaco,963,Lukáš Hrádecký,G,90,6.5,,0.0,,,39,24.0,61.5,,,,,0,0,,
Lille vs Monaco,Monaco,231,Jordan Teze,D,74,6.9,,0.0,,,27,16.0,59.3,2.0,1.0,1.0,,0,0,5.0,9.0
Lille vs Monaco,Monaco,175,Eric Dier,D,90,6.5,,0.0,,,53,47.0,88.7,,,3.0,1.0,0,0,2.0,9.0
Lille vs Monaco,Monaco,371916,Christian Mawissa,D,90,6.2,,0.0,,,57,53.0,93.0,3.0,1.0,1.0,,1,0,4.0,7.0
Lille vs Monaco,Monaco,10316,Caio Henrique,D,85,6.9,,0.0,,,37,24.0,64.9,1.0,,,1.0,0,0,2.0,5.0
Lille vs Monaco,Monaco,374058,Lamine Camara,M,90,6.7,,0.0,,,44,36.0,81.8,1.0,1.0,2.0,2.0,1,0,5.0,11.0
Lille vs Monaco,Monaco,2810,Denis Zakaria,M,90,6.2,,0.0,,,34,32.0,94.1,1.0,3.0,2.0,,0,0,1.0,6.0
Lille vs Monaco,Monaco,109,Aleksandr Golovin,M,74,7.2,,0.0,,,36,31.0,86.1,3.0,1.0,1.0,2.0,0,0,7.0,11.0
Lille vs Monaco,Monaco,274300,Maghnes Akliouche,F,90,7.3,,0.0,2.0,1.0,40,31.0,77.5,2.0,1.0,1.0,,0,0,4.0,9.0
Lille vs Monaco,Monaco,138835,Folarin Balogun,F,90,6.5,,0.0,1.0,,15,13.0,86.7,,1.0,1.0,1.0,0,0,2.0,6.0
Lille vs Monaco,Monaco,1101,Takumi Minamino,F,74,6.3,,0.0,,,10,6.0,60.0,,,1.0,,0,0,1.0,6.0
Lille vs Monaco,Monaco,291649,Vanderson,D,16,6.5,,0.0,1.0,,12,9.0,75.0,,2.0,,,0,0,1.0,3.0
Lille vs Monaco,Monaco,343320,Eliesse Ben Seghir,M,16,6.3,,0.0,,,14,11.0,78.6,,,,,0,0,1.0,3.0
Lille vs Monaco,Monaco,283026,Mika Biereth,F,16,6,,0.0,1.0,,3,2.0,66.7,,,1.0,,0,0,1.0,8.0
Lille vs Monaco,Monaco,333137,Kassoum Ouattara,D,14,6.5,,0.0,,,4,3.0,75.0,1.0,,,,0,0,2.0,3.0
Lens vs Stade Brestois 29,Lens,347211,Robin Risser,G,90,6.7,,0.0,,,34,28.0,82.4,,,,,0,0,,
Lens vs Stade Brestois 29,Lens,21635,Jonathan Gradit,D,90,6.9,,0.0,1.0,,74,70.0,94.6,1.0,1.0,2.0,1.0,0,0,6.0,19.0
Lens vs Stade Brestois 29,Lens,22166,Malang Sarr,D,90,7.3,,0.0,1.0,1.0,66,58.0,87.9,1.0,2.0,,1.0,0,0,5.0,7.0
Lens vs Stade Brestois 29,Lens,20525,Matthieu Udol,D,90,6.6,,0.0,3.0,1.0,65,53.0,81.5,2.0,,2.0,1.0,0,0,6.0,12.0
Lens vs Stade Brestois 29,Lens,21568,Ruben Aguilar,M,76,6.7,,0.0,,,44,37.0,84.1,3.0,,1.0,,1,0,3.0,9.0
Lens vs Stade Brestois 29,Lens,277306,Mamadou Sangare,M,90,7,,0.0,1.0,1.0,67,59.0,88.1,1.0,2.0,,1.0,0,0,4.0,12.0
Lens vs Stade Brestois 29,Lens,22261,Adrien Thomasson,M,90,8.2,1.0,0.0,2.0,1.0,57,47.0,82.5,,1.0,,,0,0,1.0,4.0
Lens vs Stade Brestois 29,Lens,2483,Deiver Machado,M,45,6.6,,0.0,,,23,20.0,87.0,,,,1.0,0,0,3.0,6.0
Lens vs Stade Brestois 29,Lens,1922,Florian Thauvin,F,76,7.6,1.0,0.0,2.0,1.0,40,31.0,77.5,4.0,,,1.0,0,0,6.0,11.0
Lens vs Stade Brestois 29,Lens,21715,Wesley Saïd,F,89,7.2,,0.0,1.0,1.0,23,18.0,78.3,,,1.0,2.0,0,0,6.0,11.0
Lens vs Stade Brestois 29,Lens,443579,Rayan Fofana,F,75,7.2,,0.0,5.0,2.0,13,7.0,53.8,1.0,,,2.0,0,0,6.0,12.0
Lens vs Stade Brestois 29,Lens,322984,Samson Baidoo,D,45,6.9,,0.0,1.0,1.0,37,34.0,91.9,2.0,,1.0,,0,0,4.0,8.0
Lens vs Stade Brestois 29,Lens,23643,Morgan Guilavogui,F,15,7.6,1.0,0.0,2.0,1.0,9,8.0,88.9,,,,,0,0,1.0,1.0
Lens vs Stade Brestois 29,Lens,44594,Saud Abdulhamid,D,14,7.9,,1.0,,,16,16.0,100.0,,,,,0,0,,2.0
Lens vs Stade Brestois 29,Lens,402066,Anthony Bermont,M,14,6.6,,0.0,,,13,9.0,69.2,,,,,0,0,3.0,4.0
Lens vs Stade Brestois 29,Stade Brestois 29,40384,Radosław Majecki,G,55,6.3,,0.0,,,20,13.0,65.0,,,1.0,,0,1,1.0,2.0
Lens vs Stade Brestois 29,Stade Brestois 29,22247,Kenny Lala,D,90,6.9,,0.0,,,26,21.0,80.8,,,,4.0,1,0,5.0,9.0
Lens vs Stade Brestois 29,Stade Brestois 29,85914,Julien Le Cardinal,D,90,7.3,,0.0,1.0,,31,20.0,64.5,2.0,1.0,,,0,0,10.0,16.0
Lens vs Stade Brestois 29,Stade Brestois 29,365742,Michel Diaz,D,90,6,,0.0,,,27,22.0,81.5,,,,,0,0,2.0,5.0
Lens vs Stade Brestois 29,Stade Brestois 29,274267,Bradley Locko,D,86,6,,0.0,,,21,14.0,66.7,3.0,1.0,2.0,,0,0,4.0,10.0
Lens vs Stade Brestois 29,Stade Brestois 29,326068,Kamory Doumbia,M,75,7,,1.0,1.0,1.0,16,14.0,87.5,3.0,,2.0,,0,0,5.0,11.0
Lens vs Stade Brestois 29,Stade Brestois 29,128287,Joris Chotard,M,86,7.2,,0.0,,,30,26.0,86.7,4.0,,1.0,,0,0,6.0,9.0
Lens vs Stade Brestois 29,Stade Brestois 29,20558,Hugo Magnetti,M,90,6.2,,0.0,,,30,26.0,86.7,1.0,1.0,1.0,,1,0,3.0,8.0
Lens vs Stade Brestois 29,Stade Brestois 29,2214,Romain Del Castillo,F,59,6.5,,0.0,,,22,17.0,77.3,1.0,3.0,2.0,,0,0,3.0,8.0
Lens vs Stade Brestois 29,Stade Brestois 29,22264,Ludovic Ajorque,F,90,7.9,,0.0,,,26,14.0,53.8,1.0,,2.0,3.0,1,0,19.0,24.0
Lens vs Stade Brestois 29,Stade Brestois 29,41323,Mama Baldé,F,75,7.5,1.0,0.0,1.0,1.0,10,7.0,70.0,,,1.0,,0,0,3.0,10.0
Lens vs Stade Brestois 29,Stade Brestois 29,21248,Grégoire Coudert,G,31,7.2,,0.0,,,12,4.0,33.3,,,,,0,0,,
Lens vs Stade Brestois 29,Stade Brestois 29,369556,Justin Bourgault,D,15,6.2,,0.0,1.0,,4,4.0,100.0,,1.0,,,0,0,2.0,4.0
Lens vs Stade Brestois 29,Stade Brestois 29,449153,Hamidou Makalou,M,15,6.2,,0.0,,,6,4.0,66.7,,1.0,,,0,0,,
Lens vs Stade Brestois 29,Stade Brestois 29,498791,Raphaël Le Guen,D,11,6.3,,0.0,,,2,1.0,50.0,,,,,0,0,,
Lens vs Stade Brestois 29,Stade Brestois 29,485957,Serigne Diop,F,11,6.7,,0.0,,,1,,,,,,,0,0,2.0,3.0
Lorient vs Lille,Lorient,22241,Bingourou Kamara,G,90,5,,0.0,,,27,20.0,74.1,,,,1.0,0,0,1.0,1.0
Lorient vs Lille,Lorient,1031,Igor Silva,D,90,5.9,,0.0,1.0,,41,36.0,87.8,1.0,2.0,1.0,,0,0,2.0,3.0
Lorient vs Lille,Lorient,50030,Montassar Talbi,D,90,5,,0.0,,,35,33.0,94.3,,1.0,,,0,0,,6.0
Lorient vs Lille,Lorient,437776,Abdoulaye Faye,D,90,4.2,,0.0,1.0,,46,39.0,84.8,2.0,2.0,3.0,,1,0,3.0,12.0
Lorient vs Lille,Lorient,384112,Panos Katseris,M,15,6.7,,0.0,,,0,,,,1.0,1.0,2.0,0,0,2.0,4.0
Lorient vs Lille,Lorient,402265,Arthur Avom Ebong,M,82,6.7,,0.0,,,27,25.0,92.6,1.0,3.0,2.0,2.0,1,0,4.0,6.0
Lorient vs Lille,Lorient,20917,Laurent Abergel,M,90,6.2,,0.0,,,58,51.0,87.9,2.0,,3.0,1.0,1,0,3.0,7.0
Lorient vs Lille,Lorient,402386,Arsène Kouassi,M,82,6.3,,0.0,,,21,17.0,81.0,,1.0,,1.0,0,0,3.0,4.0
Lorient vs Lille,Lorient,72457,Aiyegun Tosin,F,68,7,1.0,0.0,1.0,1.0,9,6.0,66.7,,,,,0,0,1.0,3.0
Lorient vs Lille,Lorient,322865,Karim Dermane,F,90,7.3,,0.0,,,22,18.0,81.8,1.0,1.0,1.0,4.0,0,0,7.0,13.0
Lorient vs Lille,Lorient,144319,Sambou Soumano,F,68,6.5,,1.0,2.0,1.0,16,11.0,68.8,,2.0,2.0,2.0,0,0,7.0,12.0
Lorient vs Lille,Lorient,158551,Joel Mugisha Mvuka,M,75,6.2,,0.0,,,25,19.0,76.0,3.0,1.0,1.0,2.0,0,0,5.0,9.0
Lorient vs Lille,Lorient,23363,Noah Cadiou,M,22,6.3,,0.0,,,21,17.0,81.0,1.0,2.0,,1.0,0,0,2.0,5.0
Lorient vs Lille,Lorient,200873,Mohamed Bamba,F,22,6.3,,0.0,,,7,6.0,85.7,,1.0,,,0,0,,
Lorient vs Lille,Lorient,152669,Darlin Yongwa,D,8,5.9,,0.0,,,3,3.0,100.0,,,,1.0,0,0,1.0,1.0
Lorient vs Lille,Lorient,174703,Théo Le Bris,M,8,6.2,,0.0,,,5,4.0,80.0,,,,,0,0,1.0,2.0
Lorient vs Lille,Lille,1337,Berke Özer,G,90,7.5,,1.0,,,29,23.0,79.3,,,,1.0,0,0,1.0,1.0
Lorient vs Lille,Lille,264,Thomas Meunier,D,85,6.2,,0.0,,,50,45.0,90.0,1.0,2.0,2.0,,0,0,2.0,6.0
Lorient vs Lille,Lille,312964,Nathan Ngoy,D,90,7,,0.0,,,79,74.0,93.7,2.0,,1.0,,0,0,4.0,7.0
Lorient vs Lille,Lille,142691,Alexsandro Ribeiro,D,90,6.6,,0.0,2.0,1.0,94,85.0,90.4,1.0,1.0,2.0,,0,0,5.0,11.0
Lorient vs Lille,Lille,20600,Romain Perraud,D,90,7.9,1.0,1.0,1.0,1.0,55,48.0,87.3,1.0,,3.0,2.0,1,0,5.0,10.0
Lorient vs Lille,Lille,438688,Ayyoub Bouaddi,M,88,6.5,,0.0,,,30,25.0,83.3,3.0,3.0,3.0,3.0,0,0,8.0,11.0
Lorient vs Lille,Lille,2204,Benjamin André,M,90,6.7,,1.0,1.0,1.0,47,40.0,85.1,2.0,2.0,4.0,,1,0,3.0,8.0
Lorient vs Lille,Lille,318416,Marius Sivertsen Broholm,M,45,6.5,,0.0,,,31,23.0,74.2,1.0,,1.0,1.0,0,0,2.0,5.0
Lorient vs Lille,Lille,67889,Hakon Arnar Haraldsson,M,90,7.9,1.0,0.0,1.0,1.0,43,38.0,88.4,1.0,,,2.0,0,0,4.0,6.0
Lorient vs Lille,Lille,135749,Félix Correia,M,82,7.6,,2.0,1.0,,24,19.0,79.2,2.0,1.0,,3.0,0,0,6.0,8.0
Lorient vs Lille,Lille,340077,Matías Fernández,F,85,8.6,2.0,0.0,4.0,3.0,13,13.0,100.0,,,1.0,1.0,1,0,1.0,2.0
Lorient vs Lille,Lille,306979,Hamza Igamane,F,45,8.5,2.0,0.0,3.0,3.0,12,7.0,58.3,,,1.0,,0,0,4.0,8.0
Lorient vs Lille,Lille,409,Nabil Bentaleb,M,8,6.9,,0.0,,,12,11.0,91.7,,,,,0,0,,
Lorient vs Lille,Lille,1567,Aïssa Mandi,D,13,6.7,,0.0,,,9,9.0,100.0,,,,,0,0,,1.0
Lorient vs Lille,Lille,99576,Osame Sahraoui,F,13,7.6,1.0,0.0,1.0,1.0,4,3.0,75.0,,,,,0,0,1.0,3.0
Lorient vs Lille,Lille,334878,Ugo Raghouber,M,10,6.3,,0.0,,,6,4.0,66.7,,,,,0,0,,1.0
Nantes vs Auxerre,Nantes,647,Anthony Lopes,G,90,7.6,,0.0,,,46,35.0,76.1,,,,,0,0,,
Nantes vs Auxerre,Nantes,22134,Kelvin Amian,D,90,7.5,,0.0,,,31,19.0,61.3,1.0,1.0,1.0,,0,0,3.0,4.0
Nantes vs Auxerre,Nantes,50026,Chidozie Awaziem,D,90,6.9,,0.0,,,60,51.0,85.0,,,,1.0,1,0,1.0,3.0
Nantes vs Auxerre,Nantes,522609,Tylel Tati,D,90,6.6,,0.0,,,53,46.0,86.8,1.0,2.0,2.0,,0,0,1.0,4.0
Nantes vs Auxerre,Nantes,21570,Nicolas Cozza,D,90,7.3,,0.0,,,23,19.0,82.6,,,2.0,1.0,0,0,3.0,8.0
Nantes vs Auxerre,Nantes,26519,Hyun-Seok Hong,M,65,7,,0.0,1.0,1.0,17,15.0,88.2,1.0,,,,0,0,2.0,3.0
Nantes vs Auxerre,Nantes,924,Francis Coquelin,M,72,6.9,,0.0,,,24,22.0,91.7,1.0,2.0,1.0,1.0,0,0,5.0,7.0
Nantes vs Auxerre,Nantes,193952,Johann Lepenant,M,90,7.9,,0.0,1.0,1.0,30,24.0,80.0,6.0,1.0,,4.0,0,0,12.0,15.0
Nantes vs Auxerre,Nantes,197771,Yassine Benhattab,F,87,6.9,,0.0,,,22,16.0,72.7,2.0,,2.0,,0,0,5.0,8.0
Nantes vs Auxerre,Nantes,2668,Mostafa Mohamed,F,87,7.2,1.0,0.0,1.0,1.0,12,5.0,41.7,,,,2.0,0,0,6.0,15.0
Nantes vs Auxerre,Nantes,443676,Bahereba Guirassy,F,72,6.7,,1.0,,,13,9.0,69.2,1.0,1.0,4.0,,0,0,4.0,14.0
Nantes vs Auxerre,Nantes,443674,Louis Leroux,M,25,6.9,,0.0,,,2,1.0,50.0,1.0,,,1.0,0,0,2.0,2.0
Nantes vs Auxerre,Nantes,137296,Hyeok-kyu Kwon,M,18,6.6,,0.0,,,8,8.0,100.0,,,,,0,0,,
Nantes vs Auxerre,Nantes,161622,Matthis Abline,F,18,6.9,,0.0,,,3,,,,,1.0,1.0,0,0,4.0,5.0
Nantes vs Auxerre,Nantes,388779,Dehmaine Tabibou,M,8,6.5,,0.0,,,0,,,,,,,0,0,,
Nantes vs Auxerre,Nantes,428504,Amady Camara,F,8,6.7,,0.0,,,1,,,,1.0,,,0,0,1.0,2.0
Nantes vs Auxerre,Auxerre,193681,Théo De Percin,G,90,7,,0.0,,,33,22.0,66.7,,,,,0,0,,
Nantes vs Auxerre,Auxerre,191240,Marvin Senaya,D,90,7.5,,0.0,,,36,28.0,77.8,3.0,3.0,,2.0,0,0,10.0,12.0
Nantes vs Auxerre,Auxerre,31016,Francisco Sierralta,D,72,6.5,,0.0,,,49,42.0,85.7,1.0,,2.0,,0,0,5.0,8.0
Nantes vs Auxerre,Auxerre,191189,Clement Akpa,D,90,6.9,,0.0,,,67,64.0,95.5,,,,1.0,0,0,2.0,7.0
Nantes vs Auxerre,Auxerre,7578,Gideon Mensah,D,84,6.9,,0.0,1.0,,47,40.0,85.1,1.0,,,,0,0,2.0,2.0
Nantes vs Auxerre,Auxerre,174915,Josué Casimir,M,72,6.3,,0.0,1.0,1.0,18,15.0,83.3,1.0,,1.0,2.0,0,0,3.0,12.0
Nantes vs Auxerre,Auxerre,21010,Elisha Owusu,M,88,6.7,,0.0,,,34,29.0,85.3,,2.0,,,0,0,,1.0
Nantes vs Auxerre,Auxerre,323625,Kévin Danois,M,90,6.6,,0.0,,,57,46.0,80.7,2.0,2.0,1.0,,1,0,2.0,9.0
Nantes vs Auxerre,Auxerre,293643,Ibrahim Osman,M,73,6.5,,0.0,1.0,1.0,20,11.0,55.0,,1.0,,2.0,0,0,3.0,6.0
Nantes vs Auxerre,Auxerre,19625,Danny Namaso,F,90,6.9,,0.0,3.0,2.0,24,18.0,75.0,1.0,,3.0,2.0,0,0,7.0,14.0
Nantes vs Auxerre,Auxerre,90617,Lassine Sinayoko,F,90,6.2,,0.0,1.0,,14,12.0,85.7,,1.0,2.0,1.0,1,0,3.0,10.0
Nantes vs Auxerre,Auxerre,322595,Lasso Coulibaly,M,18,6.6,,0.0,,,7,7.0,100.0,,,1.0,1.0,0,0,2.0,3.0
Nantes vs Auxerre,Auxerre,319919,Oussama El Azzouzi,M,18,6.7,,0.0,,,17,17.0,100.0,,,1.0,1.0,1,0,1.0,3.0
Nantes vs Auxerre,Auxerre,215827,Fredrik Oppegård,D,17,6.7,,0.0,,,8,7.0,87.5,,,,,0,0,,1.0
Nantes vs Auxerre,Auxerre,51293,Thelonius Bair,F,11,6.3,,0.0,,,1,1.0,100.0,,,,,0,0,1.0,1.0
Nantes vs Auxerre,Auxerre,496896,Rudy Matondo,M,2,,,0.0,,,7,6.0,85.7,,,,,0,0,,1.0
Toulouse vs Paris Saint Germain,Toulouse,325346,Guillaume Restes,G,90,6.5,,0.0,,,20,16.0,80.0,,,,,0,0,,
Toulouse vs Paris Saint Germain,Toulouse,102,Djibril Sidibé,D,63,4.9,,0.0,,,14,5.0,35.7,1.0,1.0,1.0,,0,0,2.0,3.0
Toulouse vs Paris Saint Germain,Toulouse,50735,Mark McKenzie,D,90,5.7,,0.0,,,25,21.0,84.0,1.0,,,1.0,0,0,3.0,4.0
Toulouse vs Paris Saint Germain,Toulouse,278392,Charlie Cresswell,D,90,6,1.0,0.0,2.0,1.0,19,16.0,84.2,,1.0,,1.0,0,0,3.0,5.0
Toulouse vs Paris Saint Germain,Toulouse,15793,Rasmus Nicolaisen,D,63,5.7,,0.0,,,12,11.0,91.7,1.0,,1.0,1.0,0,0,4.0,6.0
Toulouse vs Paris Saint Germain,Toulouse,452697,Dayann Methalie,D,79,5.3,,0.0,1.0,1.0,18,12.0,66.7,4.0,3.0,,,0,0,5.0,7.0
Toulouse vs Paris Saint Germain,Toulouse,39115,Aron Dønnum,M,90,7.9,,0.0,,,21,15.0,71.4,2.0,1.0,2.0,3.0,1,0,8.0,13.0
Toulouse vs Paris Saint Germain,Toulouse,304140,Mario Sauer,M,63,6.3,,0.0,2.0,1.0,16,14.0,87.5,,1.0,1.0,,0,0,2.0,3.0
Toulouse vs Paris Saint Germain,Toulouse,50956,Cristian Cásseres Jr.,M,90,5.2,,0.0,2.0,1.0,35,30.0,85.7,3.0,2.0,2.0,1.0,0,0,4.0,8.0
Toulouse vs Paris Saint Germain,Toulouse,84128,Yann Gboho,M,90,7.9,1.0,0.0,1.0,1.0,28,19.0,67.9,1.0,1.0,,3.0,0,0,7.0,9.0
Toulouse vs Paris Saint Germain,Toulouse,174724,Frank Magri,F,70,6.6,,0.0,,,14,11.0,78.6,,,,1.0,0,0,5.0,8.0
Toulouse vs Paris Saint Germain,Toulouse,264383,Warren Kamanzi,D,27,6.7,,0.0,,,11,10.0,90.9,1.0,,,,0,0,2.0,3.0
Toulouse vs Paris Saint Germain,Toulouse,514464,Alexis Vossah,M,27,7.3,1.0,0.0,1.0,1.0,13,9.0,69.2,,1.0,,,0,0,1.0,2.0
Toulouse vs Paris Saint Germain,Toulouse,430816,Noah Edjouma,F,27,6.3,,0.0,,,7,6.0,85.7,1.0,2.0,,,0,0,1.0,7.0
Toulouse vs Paris Saint Germain,Toulouse,362741,Santiago Hidalgo,F,20,6.9,,1.0,,,13,10.0,76.9,1.0,,,,0,0,1.0,1.0
Toulouse vs Paris Saint Germain,Toulouse,489905,Seny Koumbassa,D,11,6.9,,0.0,,,2,2.0,100.0,1.0,,,,0,0,1.0,1.0
Toulouse vs Paris Saint Germain,Paris Saint Germain,162453,Lucas Chevalier,G,90,6.7,,0.0,,,26,24.0,92.3,,,,,0,0,,
Toulouse vs Paris Saint Germain,Paris Saint Germain,9,Achraf Hakimi,D,90,5.2,,0.0,1.0,1.0,76,69.0,90.8,2.0,1.0,,,0,0,2.0,6.0
Toulouse vs Paris Saint Germain,Paris Saint Germain,161671,Ilya Zabarnyi,D,90,6.5,,0.0,,,94,87.0,92.6,1.0,2.0,1.0,,0,0,1.0,7.0
Toulouse vs Paris Saint Germain,Paris Saint Germain,307835,Lucas Beraldo,D,90,6.7,,0.0,,,101,97.0,96.0,2.0,,1.0,,0,0,3.0,7.0
Toulouse vs Paris Saint Germain,Paris Saint Germain,263482,Nuno Mendes,D,45,6.3,,0.0,,,47,44.0,93.6,,1.0,2.0,1.0,0,0,3.0,5.0
Toulouse vs Paris Saint Germain,Paris Saint Germain,335051,João Neves,M,90,10,3.0,0.0,4.0,3.0,88,85.0,96.6,,,1.0,1.0,0,0,2.0,7.0
Toulouse vs Paris Saint Germain,Paris Saint Germain,128384,Vitinha,M,45,7.3,,0.0,,,63,61.0,96.8,,,,,0,0,,1.0
Toulouse vs Paris Saint Germain,Paris Saint Germain,328,Fabián Ruiz,M,90,7.3,,1.0,,,120,114.0,95.0,,1.0,,,0,0,,2.0
Toulouse vs Paris Saint Germain,Paris Saint Germain,343027,Désiré Doué,F,63,6.9,,0.0,1.0,,24,21.0,87.5,,,2.0,3.0,0,0,4.0,11.0
Toulouse vs Paris Saint Germain,Paris Saint Germain,153,Ousmane Dembélé,F,70,8.2,2.0,1.0,3.0,2.0,62,55.0,88.7,1.0,,1.0,,0,0,1.0,4.0
Toulouse vs Paris Saint Germain,Paris Saint Germain,161904,Bradley Barcola,F,75,8.9,1.0,0.0,1.0,1.0,30,28.0,93.3,2.0,1.0,,1.0,0,0,5.0,8.0
Toulouse vs Paris Saint Germain,Paris Saint Germain,16367,Willian Pacho,D,45,7,,0.0,,,45,43.0,95.6,3.0,1.0,,,0,0,5.0,5.0
Toulouse vs Paris Saint Germain,Paris Saint Germain,336657,Warren Zaïre-Emery,M,45,6.3,,0.0,,,48,45.0,93.8,,,2.0,,0,0,,5.0
Toulouse vs Paris Saint Germain,Paris Saint Germain,483,Khvicha Kvaratskhelia,F,27,6.7,,0.0,,,17,15.0,88.2,3.0,,1.0,1.0,0,0,4.0,7.0
Toulouse vs Paris Saint Germain,Paris Saint Germain,41585,Gonçalo Ramos,F,20,6.5,,0.0,1.0,1.0,6,5.0,83.3,,,,,0,0,,2.0
Toulouse vs Paris Saint Germain,Paris Saint Germain,446249,Ibrahim Mbaye,F,15,6.2,,0.0,,,13,12.0,92.3,,,,,0,0,1.0,3.0
Angers vs Rennes,Angers,22220,Hervé Koffi,G,90,7.6,,0.0,,,18,15.0,83.3,,,,,0,0,,1.0
Angers vs Rennes,Angers,20850,Carlens Arcus,D,90,6.7,,0.0,,,64,57.0,89.1,1.0,1.0,1.0,,0,0,1.0,2.0
Angers vs Rennes,Angers,271540,Ousmane Camara,D,90,7.2,,0.0,,,50,47.0,94.0,2.0,1.0,1.0,,0,0,4.0,8.0
Angers vs Rennes,Angers,21381,Jordan Lefort,D,90,7.3,,0.0,,,49,45.0,91.8,2.0,2.0,,,0,0,4.0,5.0
Angers vs Rennes,Angers,343609,Jacques Ekomie,D,90,6.6,,0.0,2.0,1.0,30,27.0,90.0,2.0,,1.0,1.0,0,0,6.0,10.0
Angers vs Rennes,Angers,174708,Yassin Belkhdim,M,90,7.7,,1.0,1.0,1.0,43,41.0,95.3,4.0,,1.0,2.0,1,0,7.0,9.0
Angers vs Rennes,Angers,20554,Haris Belkebla,M,90,6.5,,0.0,,,33,31.0,93.9,1.0,,1.0,1.0,0,0,2.0,4.0
Angers vs Rennes,Angers,174660,Lilian Raolisoa,M,90,6.7,,0.0,,,38,28.0,73.7,1.0,,2.0,1.0,0,0,3.0,8.0
Angers vs Rennes,Angers,289555,Louis Mouton,M,69,6.2,,0.0,2.0,1.0,19,12.0,63.2,1.0,,,1.0,0,0,2.0,4.0
Angers vs Rennes,Angers,421875,Sidiki Cherif,M,69,6.3,,0.0,2.0,2.0,17,16.0,94.1,,,2.0,,1,0,2.0,9.0
Angers vs Rennes,Angers,457541,Prosper Peter,F,70,7.9,1.0,0.0,2.0,2.0,10,6.0,60.0,1.0,,,3.0,0,0,6.0,10.0
Angers vs Rennes,Angers,425207,Marius Courcoul,D,21,6.5,,0.0,,,5,3.0,60.0,,,,,0,0,,4.0
Angers vs Rennes,Angers,21618,Jim Allevinah,F,21,6.6,,0.0,,,5,4.0,80.0,,,,1.0,0,0,2.0,3.0
Angers vs Rennes,Angers,403277,Lanroy Machine,F,20,6.3,,0.0,1.0,,2,2.0,100.0,,,,1.0,0,0,1.0,2.0
Angers vs Rennes,Rennes,21628,Brice Samba,G,90,7.5,,0.0,,,65,58.0,89.2,,,,1.0,0,0,1.0,1.0
Angers vs Rennes,Rennes,129681,Anthony Rouault,D,90,7.9,,0.0,,,95,89.0,93.7,4.0,1.0,1.0,,0,0,6.0,11.0
Angers vs Rennes,Rennes,367636,Jérémy Jacquet,D,90,7.2,,0.0,,,83,82.0,98.8,3.0,,3.0,1.0,1,0,4.0,8.0
Angers vs Rennes,Rennes,126757,Lilian Brassier,D,83,7.3,,0.0,,,78,73.0,93.6,2.0,1.0,,,0,0,3.0,7.0
Angers vs Rennes,Rennes,3007,Przemysław Frankowski,M,90,6.2,,0.0,1.0,1.0,64,53.0,82.8,3.0,1.0,2.0,2.0,1,0,6.0,12.0
Angers vs Rennes,Rennes,21497,Ludovic Blas,M,88,6.7,,0.0,2.0,1.0,45,41.0,91.1,1.0,,1.0,1.0,0,0,6.0,9.0
Angers vs Rennes,Rennes,21102,Valentin Rongier,M,90,6.9,,0.0,,,80,72.0,90.0,1.0,1.0,1.0,1.0,0,0,3.0,6.0
Angers vs Rennes,Rennes,30807,Seko Fofana,M,83,6.6,,0.0,,,52,48.0,92.3,,,1.0,1.0,0,0,1.0,3.0
Angers vs Rennes,Rennes,272460,Quentin Merlin,M,90,7.5,,1.0,2.0,2.0,46,42.0,91.3,,1.0,,1.0,0,0,1.0,1.0
Angers vs Rennes,Rennes,15286,Mousa Tamari,F,60,6.2,,0.0,,,15,13.0,86.7,1.0,,,,0,0,1.0,3.0
Angers vs Rennes,Rennes,163004,Esteban Lepaul,F,83,6.7,1.0,0.0,2.0,2.0,17,13.0,76.5,,,2.0,,0,0,,7.0
Angers vs Rennes,Rennes,449662,Mohamed Kader Meite,F,30,6.5,,0.0,3.0,1.0,13,10.0,76.9,,1.0,,,0,0,4.0,6.0
Angers vs Rennes,Rennes,237249,Mikayil Faye,D,12,6.6,,0.0,,,9,7.0,77.8,,,,,0,0,1.0,1.0
Angers vs Rennes,Rennes,343792,Djaoui Cissé,M,12,6.7,,0.0,1.0,,4,4.0,100.0,,,,,0,0,,
Angers vs Rennes,Rennes,163032,Fabian Rieder,M,12,6.3,,0.0,,,6,5.0,83.3,2.0,,,,0,0,2.0,4.0
Angers vs Rennes,Rennes,68483,Bertuğ Yıldırım,F,2,,,0.0,,,4,2.0,50.0,,,,,0,0,,
Monaco vs Strasbourg,Monaco,963,Lukáš Hrádecký,G,79,7.2,,0.0,,,29,22.0,75.9,1.0,,,,0,0,3.0,3.0
Monaco vs Strasbourg,Monaco,231,Jordan Teze,D,90,7.7,,0.0,,,39,30.0,76.9,11.0,,,2.0,0,0,14.0,20.0
Monaco vs Strasbourg,Monaco,175,Eric Dier,D,90,6.7,,0.0,,,46,40.0,87.0,,2.0,2.0,1.0,0,0,1.0,4.0
Monaco vs Strasbourg,Monaco,371916,Christian Mawissa,D,90,7,,0.0,,,58,56.0,96.6,1.0,1.0,,2.0,0,0,8.0,11.0
Monaco vs Strasbourg,Monaco,10316,Caio Henrique,D,90,5.9,,0.0,,,30,25.0,83.3,2.0,1.0,3.0,,0,0,2.0,7.0
Monaco vs Strasbourg,Monaco,374058,Lamine Camara,M,78,7.2,,1.0,,,37,30.0,81.1,1.0,,2.0,5.0,0,0,10.0,15.0
Monaco vs Strasbourg,Monaco,2810,Denis Zakaria,M,90,7,,0.0,,,30,29.0,96.7,2.0,2.0,,,0,0,3.0,4.0
Monaco vs Strasbourg,Monaco,274300,Maghnes Akliouche,M,90,8.2,1.0,1.0,2.0,1.0,38,32.0,84.2,2.0,1.0,2.0,,1,0,2.0,13.0
Monaco vs Strasbourg,Monaco,283026,Mika Biereth,M,79,6.6,,0.0,,,14,11.0,78.6,1.0,,,1.0,0,0,2.0,8.0
Monaco vs Strasbourg,Monaco,109,Aleksandr Golovin,M,85,5.7,,0.0,1.0,,22,15.0,68.2,,1.0,2.0,,0,0,1.0,7.0
Monaco vs Strasbourg,Monaco,138835,Folarin Balogun,F,89,7.9,1.0,0.0,4.0,2.0,23,18.0,78.3,,1.0,,1.0,0,0,5.0,8.0
Monaco vs Strasbourg,Monaco,453792,Aladji Bamba,M,12,6.3,,0.0,,,5,4.0,80.0,2.0,1.0,1.0,,0,0,3.0,7.0
Monaco vs Strasbourg,Monaco,7313,Philipp Köhn,G,11,6.9,,0.0,,,6,4.0,66.7,,,,,0,0,,
Monaco vs Strasbourg,Monaco,395040,George Ilenikhena,F,11,6.9,,0.0,,,4,4.0,100.0,,,,,0,0,2.0,4.0
Monaco vs Strasbourg,Monaco,1101,Takumi Minamino,M,17,7.2,1.0,0.0,1.0,1.0,2,1.0,50.0,,,,,0,0,,1.0
Monaco vs Strasbourg,Strasbourg,340151,Mike Penders,G,90,5,,0.0,,,38,33.0,86.8,,,,,0,0,,
Monaco vs Strasbourg,Strasbourg,396193,Lucas Høgsberg,D,90,6.3,,0.0,,,68,62.0,91.2,,1.0,2.0,,0,0,1.0,6.0
Monaco vs Strasbourg,Strasbourg,276184,Mamadou Sarr,D,90,6.5,,0.0,,,74,70.0,94.6,2.0,,,,0,0,7.0,11.0
Monaco vs Strasbourg,Strasbourg,271542,Ismael Doukouré,D,45,6.3,,0.0,,,35,31.0,88.6,,,1.0,1.0,1,0,4.0,5.0
Monaco vs Strasbourg,Strasbourg,358166,Abdoul Ouattara,M,45,6.2,,0.0,,,24,20.0,83.3,,,,,0,0,,1.0
Monaco vs Strasbourg,Strasbourg,395762,Mathis Amougou,M,71,6.9,,0.0,,,28,27.0,96.4,3.0,1.0,,,0,0,3.0,3.0
Monaco vs Strasbourg,Strasbourg,345416,Rafael Luis,M,90,6.6,,0.0,,,63,57.0,90.5,2.0,,1.0,,0,0,3.0,5.0
Monaco vs Strasbourg,Strasbourg,335056,Diego Moreira,M,71,6.7,,0.0,2.0,1.0,23,19.0,82.6,2.0,,,1.0,0,0,5.0,13.0
Monaco vs Strasbourg,Strasbourg,325594,Félix Lemaréchal,F,89,6.7,,0.0,1.0,,47,37.0,78.7,2.0,,3.0,1.0,0,0,8.0,15.0
Monaco vs Strasbourg,Strasbourg,319572,Valentín Barco,F,90,7.9,,0.0,,,57,50.0,87.7,4.0,,1.0,4.0,0,0,10.0,14.0
Monaco vs Strasbourg,Strasbourg,390742,Joaquin Panichelli,F,90,6.3,1.0,0.0,2.0,1.0,15,12.0,80.0,,,3.0,1.0,0,0,1.0,11.0
Monaco vs Strasbourg,Strasbourg,129695,Dilane Bakwa,F,45,8.9,1.0,0.0,1.0,1.0,14,13.0,92.9,,,,4.0,0,0,6.0,7.0
Monaco vs Strasbourg,Strasbourg,406303,Kendry Páez,M,45,6.2,,0.0,1.0,1.0,19,14.0,73.7,4.0,,,,0,0,5.0,12.0
Monaco vs Strasbourg,Strasbourg,415431,Samir El Mourabet,M,19,6.7,,0.0,1.0,,9,8.0,88.9,1.0,,,,0,0,1.0,3.0
Monaco vs Strasbourg,Strasbourg,334035,Samuel Amo-Ameyaw,F,19,6.6,,1.0,1.0,,8,6.0,75.0,,,,1.0,0,0,3.0,5.0
Monaco vs Strasbourg,Strasbourg,387120,Rabby Nzingoula,M,7,5.2,,0.0,,,3,2.0,66.7,,,1.0,,0,1,,2.0
Le Havre vs Nice,Le Havre,119853,Mory Diaw,G,90,7,,1.0,,,50,30.0,60.0,,,,,0,0,,
Le Havre vs Nice,Le Havre,2336,Loic Négo,D,90,7.3,,0.0,,,30,25.0,83.3,,,,1.0,0,0,3.0,4.0
Le Havre vs Nice,Le Havre,174927,Arouna Sangante,D,90,7.3,,0.0,,,45,37.0,82.2,2.0,1.0,1.0,3.0,0,0,8.0,12.0
Le Havre vs Nice,Le Havre,64255,Gautier Lloris,D,90,7,,0.0,,,48,48.0,100.0,2.0,,1.0,1.0,0,0,3.0,6.0
Le Havre vs Nice,Le Havre,23637,Yanis Zouaoui,D,67,6.2,,0.0,,,27,21.0,77.8,,,2.0,,0,0,2.0,8.0
Le Havre vs Nice,Le Havre,33165,Ayumu Seko,M,90,6.3,,0.0,,,18,14.0,77.8,1.0,,3.0,1.0,0,0,2.0,6.0
Le Havre vs Nice,Le Havre,174625,Fodé Doucouré,M,82,7.2,1.0,0.0,1.0,1.0,13,10.0,76.9,,,1.0,,0,0,3.0,8.0
Le Havre vs Nice,Le Havre,174937,Yassine Kechta,M,67,6.2,,0.0,2.0,1.0,13,11.0,84.6,,,1.0,1.0,0,0,2.0,10.0
Le Havre vs Nice,Le Havre,128342,Rassoul Ndiaye,M,66,8.2,1.0,0.0,2.0,2.0,14,12.0,85.7,,,,2.0,0,0,3.0,4.0
Le Havre vs Nice,Le Havre,156465,Issa Soumaré,M,90,9.2,1.0,1.0,3.0,3.0,24,18.0,75.0,1.0,2.0,1.0,2.0,1,0,8.0,15.0
Le Havre vs Nice,Le Havre,1945,Mbwana Ally Samatta,F,85,6.7,,0.0,2.0,1.0,15,10.0,66.7,1.0,,2.0,3.0,0,0,8.0,17.0
Le Havre vs Nice,Le Havre,21103,Abdoulaye Touré,M,24,6.9,,0.0,,,8,7.0,87.5,2.0,,,,0,0,2.0,2.0
Le Havre vs Nice,Le Havre,20521,Thomas Delaine,D,23,6.6,,0.0,,,9,6.0,66.7,,,1.0,,0,0,,1.0
Le Havre vs Nice,Le Havre,961,Felix Mambimbi,F,23,6.6,,0.0,,,6,5.0,83.3,1.0,,,1.0,0,0,2.0,2.0
Le Havre vs Nice,Le Havre,36932,Younes Namli,F,8,6.7,,0.0,,,4,2.0,50.0,1.0,1.0,,,0,0,1.0,1.0
Le Havre vs Nice,Le Havre,364093,Simon Ebonog,M,13,6.6,,0.0,,,2,,,1.0,,,,0,0,1.0,1.0
Le Havre vs Nice,Nice,20566,Yehvann Diouf,G,90,6.9,,0.0,,,26,24.0,92.3,,,,,0,0,,
Le Havre vs Nice,Nice,313937,Antoine Mendy,D,67,5.9,,0.0,,,59,49.0,83.1,2.0,,2.0,1.0,1,0,7.0,13.0
Le Havre vs Nice,Nice,449509,Abdulay Juma Bah,D,90,6.3,,0.0,1.0,,57,54.0,94.7,1.0,,2.0,,1,0,3.0,6.0
Le Havre vs Nice,Nice,404172,Kojo Peprah Oppong,D,90,7.3,1.0,0.0,1.0,1.0,82,77.0,93.9,,2.0,,1.0,0,0,5.0,6.0
Le Havre vs Nice,Nice,193617,Tom Louchet,M,82,6.9,,0.0,,,21,16.0,76.2,4.0,,1.0,,0,0,6.0,9.0
Le Havre vs Nice,Nice,4399,Hicham Boudaoui,M,90,7.7,,1.0,1.0,1.0,52,42.0,80.8,,,2.0,2.0,1,0,6.0,11.0
Le Havre vs Nice,Nice,128987,Salis Abdul Samed,M,60,6.5,,0.0,,,45,41.0,91.1,,,3.0,,0,0,2.0,6.0
Le Havre vs Nice,Nice,162465,Melvin Bard,M,90,6.7,,0.0,,,42,34.0,81.0,1.0,,,1.0,0,0,3.0,10.0
Le Havre vs Nice,Nice,105154,Isak Jansson,F,60,6.3,,0.0,,,18,12.0,66.7,1.0,,,1.0,0,0,2.0,7.0
Le Havre vs Nice,Nice,30531,Jérémie Boga,F,67,6.3,,0.0,,,21,17.0,81.0,,1.0,,1.0,0,0,3.0,3.0
Le Havre vs Nice,Nice,188319,Kevin Carlos Omoruyi,F,90,6.3,,0.0,1.0,1.0,14,11.0,78.6,,,4.0,3.0,1,0,7.0,15.0
Le Havre vs Nice,Nice,25008,Jonathan Clauss,D,30,6,,0.0,,,11,8.0,72.7,2.0,1.0,1.0,,0,0,2.0,3.0
Le Havre vs Nice,Nice,107,Sofiane Diop,M,30,6.5,,0.0,,,13,10.0,76.9,,,,2.0,0,0,2.0,3.0
Le Havre vs Nice,Nice,503702,Bernard Nguene,F,23,6.2,,0.0,,,6,3.0,50.0,,2.0,1.0,,0,0,,2.0
Le Havre vs Nice,Nice,69971,Terem Moffi,F,23,6.3,,0.0,1.0,,4,4.0,100.0,,,,,0,0,,1.0
Le Havre vs Nice,Nice,1914,Morgan Sanson,M,8,6.3,,0.0,,,4,4.0,100.0,,,,1.0,0,0,1.0,2.0
Paris FC vs Metz,Paris FC,1800,Kevin Trapp,G,90,6.2,,0.0,,,31,24.0,77.4,,,,1.0,0,0,1.0,1.0
Paris FC vs Metz,Paris FC,20869,Samir Sophian Chergui,D,90,6,,0.0,1.0,1.0,31,28.0,90.3,,1.0,1.0,,0,0,1.0,5.0
Paris FC vs Metz,Paris FC,174881,Moustapha Mbow,D,90,6.7,,0.0,2.0,1.0,51,46.0,90.2,2.0,1.0,,,0,0,4.0,7.0
Paris FC vs Metz,Paris FC,266013,Otávio,D,90,6.2,,0.0,1.0,,55,49.0,89.1,,,3.0,,1,0,2.0,8.0
Paris FC vs Metz,Paris FC,8474,Thibault De Smet,D,77,6.2,,0.0,1.0,,33,26.0,78.8,1.0,1.0,,,0,0,2.0,4.0
Paris FC vs Metz,Paris FC,1910,Maxime López,M,90,7.2,,1.0,1.0,1.0,77,72.0,93.5,,,,,0,0,,2.0
Paris FC vs Metz,Paris FC,20925,Vincent Marchetti,M,89,7,,0.0,3.0,1.0,45,43.0,95.6,,1.0,,1.0,0,0,5.0,8.0
Paris FC vs Metz,Paris FC,84218,Adama Camara,M,66,6.6,,0.0,2.0,,29,24.0,82.8,2.0,,,1.0,0,0,3.0,4.0
Paris FC vs Metz,Paris FC,83831,Ilan Kebbal,F,90,9.6,2.0,0.0,3.0,3.0,47,38.0,80.9,,1.0,,3.0,0,0,5.0,8.0
Paris FC vs Metz,Paris FC,120,Willem Geubbels,F,66,6.7,,0.0,1.0,,15,11.0,73.3,,,,,0,0,1.0,6.0
Paris FC vs Metz,Paris FC,2781,Moses Simon,F,89,8.5,1.0,1.0,3.0,1.0,20,15.0,75.0,,2.0,,2.0,0,0,3.0,9.0
Paris FC vs Metz,Paris FC,22170,Pierre Lees Melou,M,24,7,,0.0,,,24,24.0,100.0,,,,,0,0,,1.0
Paris FC vs Metz,Paris FC,22842,Jean-Philippe Krasso,F,24,6.2,,0.0,1.0,1.0,10,10.0,100.0,1.0,,,,0,0,3.0,9.0
Paris FC vs Metz,Paris FC,389322,Nhoa Sangui,D,13,6.9,,0.0,,,13,12.0,92.3,,,,,0,0,,
Paris FC vs Metz,Metz,158532,Jonathan Fischer,G,90,8.5,,0.0,,,41,37.0,90.2,,,,,0,0,1.0,1.0
Paris FC vs Metz,Metz,96331,Koffi Kouao,D,90,6.6,,0.0,,,46,44.0,95.7,3.0,1.0,,,0,0,4.0,7.0
Paris FC vs Metz,Metz,428084,Sadibou Sané,D,80,6.3,1.0,0.0,1.0,1.0,64,58.0,90.6,2.0,2.0,3.0,,1,1,3.0,8.0
Paris FC vs Metz,Metz,3240,Jean-Philippe Gbamin,D,90,6.7,,0.0,1.0,,76,69.0,90.8,3.0,,1.0,,0,0,6.0,10.0
Paris FC vs Metz,Metz,363792,Terry Yegbe,D,77,5.6,,0.0,,,29,20.0,69.0,2.0,1.0,,,0,0,4.0,5.0
Paris FC vs Metz,Metz,407,Benjamin Stambouli,M,90,6.9,,0.0,1.0,,50,44.0,88.0,,,1.0,,0,0,2.0,5.0
Paris FC vs Metz,Metz,157912,Boubacar Traoré,M,89,8,1.0,0.0,1.0,1.0,43,38.0,88.4,2.0,,,,0,0,5.0,5.0
Paris FC vs Metz,Metz,2181,Georgiy Tsitaishvili,M,62,6.3,,1.0,2.0,,16,12.0,75.0,,,1.0,1.0,0,0,3.0,5.0
Paris FC vs Metz,Metz,20529,Gauthier Hein,M,90,7.3,,1.0,,,50,47.0,94.0,1.0,1.0,,,0,0,4.0,6.0
Paris FC vs Metz,Metz,68177,Giorgi Abuashvili,M,62,6.3,,0.0,2.0,,11,9.0,81.8,2.0,,,1.0,0,0,3.0,6.0
Paris FC vs Metz,Metz,434410,Idrissa Gueye,F,89,6.6,,0.0,1.0,,10,6.0,60.0,1.0,,,1.0,0,0,4.0,8.0
Paris FC vs Metz,Metz,408870,Ibou Sane,F,28,6.5,,0.0,,,10,9.0,90.0,,,,1.0,0,0,1.0,1.0
Paris FC vs Metz,Metz,336180,Morgan Bokele Mputu,F,28,6.3,,0.0,,,12,9.0,75.0,,,1.0,,0,0,,2.0
Paris FC vs Metz,Metz,434352,Alpha Touré,M,13,6.7,,0.0,,,7,7.0,100.0,,,1.0,,0,0,2.0,4.0
Lyon vs Marseille,Lyon,20762,Rémy Descamps,G,90,7.2,,0.0,,,18,13.0,72.2,,,,,0,0,,
Lyon vs Marseille,Lyon,1456,Ainsley Maitland-Niles,D,90,7,,0.0,,,50,46.0,92.0,,,,,0,0,1.0,3.0
Lyon vs Marseille,Lyon,68,Clinton Mata,D,90,6.9,,0.0,1.0,,37,36.0,97.3,,1.0,2.0,,0,0,,5.0
Lyon vs Marseille,Lyon,25916,Moussa Niakhaté,D,90,7.9,,0.0,1.0,,64,54.0,84.4,1.0,2.0,3.0,,0,0,11.0,15.0
Lyon vs Marseille,Lyon,9700,Abner Vinícius,D,71,6.3,,0.0,1.0,1.0,20,14.0,70.0,2.0,,1.0,,1,0,2.0,3.0
Lyon vs Marseille,Lyon,80752,Tanner Tessmann,M,90,7.2,,0.0,3.0,1.0,51,46.0,90.2,,2.0,1.0,,0,0,2.0,5.0
Lyon vs Marseille,Lyon,162590,Tyler Morton,M,90,7.3,,0.0,,,61,58.0,95.1,,,2.0,,0,0,1.0,3.0
Lyon vs Marseille,Lyon,199871,Adam Karabec,M,89,6.6,,0.0,,,25,23.0,92.0,,,2.0,3.0,0,0,4.0,9.0
Lyon vs Marseille,Lyon,519664,Khalis Merah,M,71,6.6,,0.0,,,23,19.0,82.6,,1.0,,2.0,0,0,2.0,4.0
Lyon vs Marseille,Lyon,361348,Malick Fofana,M,53,7.2,,0.0,2.0,2.0,19,17.0,89.5,,1.0,1.0,2.0,0,0,3.0,6.0
Lyon vs Marseille,Lyon,519,Corentin Tolisso,F,90,6.7,,0.0,2.0,,32,26.0,81.2,,,2.0,3.0,0,0,7.0,15.0
Lyon vs Marseille,Lyon,529,Nicolás Tagliafico,D,37,6.7,,0.0,1.0,,18,12.0,66.7,,1.0,,,0,0,1.0,2.0
Lyon vs Marseille,Lyon,66387,Pavel Šulc,M,19,6.3,1.0,0.0,2.0,2.0,8,4.0,50.0,,,2.0,,1,0,2.0,7.0
Lyon vs Marseille,Lyon,345388,Afonso Moreira,F,19,6.6,,0.0,,,3,3.0,100.0,2.0,1.0,,1.0,0,0,3.0,5.0
Lyon vs Marseille,Marseille,47296,Gerónimo Rulli,G,90,7.9,,0.0,,,44,21.0,47.7,,,,4.0,0,0,5.0,5.0
Lyon vs Marseille,Marseille,2973,Amir Murillo,D,90,6.5,,0.0,,,37,25.0,67.6,2.0,,2.0,1.0,1,0,5.0,10.0
Lyon vs Marseille,Marseille,6,Leonardo Balerdi,D,90,7.2,,0.0,,,47,41.0,87.2,2.0,,1.0,1.0,0,0,6.0,10.0
Lyon vs Marseille,Marseille,181827,Conrad Jaden Egan-Riley,D,29,5.2,,0.0,,,15,14.0,93.3,,,1.0,,0,1,,1.0
Lyon vs Marseille,Marseille,1138,Timothy Weah,D,72,7.2,,0.0,,,26,22.0,84.6,1.0,,,,0,0,4.0,6.0
Lyon vs Marseille,Marseille,896,Angel Gomes,M,90,6.3,,0.0,,,35,31.0,88.6,,,2.0,1.0,1,0,3.0,6.0
Lyon vs Marseille,Marseille,2735,Pierre-Emile Højbjerg,M,90,6.5,,0.0,2.0,1.0,33,31.0,93.9,,2.0,3.0,1.0,0,0,3.0,8.0
Lyon vs Marseille,Marseille,897,Mason Greenwood,M,45,6.5,,0.0,,,10,8.0,80.0,,1.0,1.0,,0,0,,5.0
Lyon vs Marseille,Marseille,283216,Bilal Nadir,M,34,6.5,,0.0,,,6,6.0,100.0,,,,,0,0,,2.0
Lyon vs Marseille,Marseille,31057,Hamed Junior Traorè,M,86,6.6,,0.0,1.0,1.0,16,12.0,75.0,1.0,,1.0,2.0,0,0,5.0,8.0
Lyon vs Marseille,Marseille,1465,Pierre-Emerick Aubameyang,F,85,6.7,,0.0,,,16,11.0,68.8,,,,1.0,0,0,3.0,7.0
Lyon vs Marseille,Marseille,51295,Derek Cornelius,D,56,6.9,,0.0,,,14,12.0,85.7,,1.0,,2.0,0,0,2.0,3.0
Lyon vs Marseille,Marseille,943,Ulisses Garcia,D,45,6.9,,0.0,,,14,11.0,78.6,1.0,,,1.0,0,0,4.0,5.0
Lyon vs Marseille,Marseille,30525,Pol Lirola,D,18,6.2,,0.0,,,5,4.0,80.0,,,,,0,0,1.0,3.0
Lyon vs Marseille,Marseille,435482,Robinio Vaz,F,12,6.7,,0.0,,,2,2.0,100.0,,,,,0,0,1.0,2.0
Lyon vs Marseille,Marseille,455245,Darryl Bakola,M,11,6.3,,0.0,,,1,1.0,100.0,,,,1.0,0,0,1.0,1.0
Marseille vs Lorient,Marseille,36827,Jeffrey de Lange,G,90,6.6,,0.0,,,8,8.0,100.0,,,,,0,0,,
Marseille vs Lorient,Marseille,2973,Amir Murillo,D,90,7.5,,0.0,,,63,59.0,93.7,1.0,,2.0,2.0,0,0,4.0,9.0
Marseille vs Lorient,Marseille,2725,Benjamin Pavard,D,78,8.3,1.0,0.0,1.0,1.0,99,94.0,94.9,1.0,,1.0,,1,0,3.0,6.0
Marseille vs Lorient,Marseille,21694,Nayef Aguerd,D,90,9.3,1.0,0.0,1.0,1.0,119,114.0,95.8,1.0,2.0,2.0,,0,0,10.0,15.0
Marseille vs Lorient,Marseille,6231,Facundo Medina,D,61,7.2,,0.0,,,75,72.0,96.0,1.0,,3.0,,0,0,1.0,4.0
Marseille vs Lorient,Marseille,896,Angel Gomes,M,90,8.5,1.0,0.0,1.0,1.0,83,76.0,91.6,1.0,,1.0,,1,0,3.0,6.0
Marseille vs Lorient,Marseille,926,Geoffrey Kondogbia,M,61,7.2,,0.0,,,57,52.0,91.2,2.0,,,1.0,0,0,7.0,9.0
Marseille vs Lorient,Marseille,897,Mason Greenwood,M,90,7.7,1.0,1.0,4.0,3.0,54,48.0,88.9,,,,1.0,0,0,4.0,7.0
Marseille vs Lorient,Marseille,283216,Bilal Nadir,M,90,6.2,,0.0,,,54,48.0,88.9,,,1.0,1.0,0,0,1.0,5.0
Marseille vs Lorient,Marseille,1138,Timothy Weah,M,61,6.9,,0.0,1.0,1.0,30,26.0,86.7,1.0,,2.0,,0,0,3.0,5.0
Marseille vs Lorient,Marseille,85041,Amine Gouiri,F,44,6.3,,0.0,,,9,7.0,77.8,1.0,,,,0,0,2.0,2.0
Marseille vs Lorient,Marseille,19030,Matt O'Riley,M,46,7.3,,0.0,,,32,29.0,90.6,3.0,,2.0,,0,0,3.0,7.0
Marseille vs Lorient,Marseille,2284,Emerson Palmieri,D,29,6.9,,0.0,,,37,36.0,97.3,1.0,,,,0,0,1.0,3.0
Marseille vs Lorient,Marseille,2735,Pierre-Emile Højbjerg,M,29,6.6,,0.0,1.0,,43,42.0,97.7,,,,,0,0,,
Marseille vs Lorient,Marseille,9363,Igor Paixão,F,29,6.7,,0.0,1.0,1.0,22,20.0,90.9,,1.0,3.0,,1,0,2.0,5.0
Marseille vs Lorient,Marseille,340154,Arthur Vermeeren,M,12,6.9,,1.0,,,15,15.0,100.0,1.0,1.0,1.0,,0,0,1.0,2.0
Marseille vs Lorient,Lorient,1142,Yvon Mvogo,G,90,5.9,,0.0,,,31,16.0,51.6,,,,,0,0,,
Marseille vs Lorient,Lorient,193501,Bamo Meïté,D,90,5.9,,0.0,,,26,23.0,88.5,,,,2.0,0,0,3.0,5.0
Marseille vs Lorient,Lorient,50030,Montassar Talbi,D,90,6.3,,0.0,,,24,24.0,100.0,1.0,,,,0,0,2.0,2.0
Marseille vs Lorient,Lorient,437776,Abdoulaye Faye,D,90,5.9,,0.0,,,36,31.0,86.1,,2.0,1.0,1.0,1,0,3.0,6.0
Marseille vs Lorient,Lorient,158551,Joel Mugisha Mvuka,M,74,6.5,,0.0,1.0,,18,15.0,83.3,,1.0,,2.0,0,0,3.0,4.0
Marseille vs Lorient,Lorient,23363,Noah Cadiou,M,14,6.3,,0.0,,,4,2.0,50.0,1.0,,,,0,0,1.0,1.0
Marseille vs Lorient,Lorient,20917,Laurent Abergel,M,90,6.3,,0.0,,,58,52.0,89.7,1.0,1.0,1.0,1.0,0,0,3.0,6.0
Marseille vs Lorient,Lorient,152669,Darlin Yongwa,M,10,3,,0.0,,,7,5.0,71.4,,,1.0,,0,1,1.0,2.0
Marseille vs Lorient,Lorient,22171,Jean-Victor Makengo,F,62,6.9,,0.0,,,20,18.0,90.0,,1.0,,1.0,0,0,1.0,4.0
Marseille vs Lorient,Lorient,322865,Karim Dermane,F,62,6.2,,0.0,,,26,22.0,84.6,1.0,,2.0,2.0,1,0,3.0,11.0
Marseille vs Lorient,Lorient,144319,Sambou Soumano,F,62,6.2,,0.0,,,8,8.0,100.0,1.0,,,5.0,0,0,6.0,18.0
Marseille vs Lorient,Lorient,402386,Arsène Kouassi,D,76,6,,0.0,,,19,15.0,78.9,2.0,1.0,,1.0,0,0,4.0,6.0
Marseille vs Lorient,Lorient,174703,Théo Le Bris,M,28,6.5,,0.0,1.0,1.0,2,2.0,100.0,1.0,,,,0,0,1.0,3.0
Marseille vs Lorient,Lorient,402265,Arthur Avom Ebong,M,28,6.9,,0.0,,,16,15.0,93.8,3.0,,,,0,0,5.0,6.0
Marseille vs Lorient,Lorient,200873,Mohamed Bamba,F,28,6.2,,0.0,,,7,5.0,71.4,,,,,0,0,2.0,8.0
Marseille vs Lorient,Lorient,72457,Aiyegun Tosin,F,16,6.6,,0.0,,,4,4.0,100.0,1.0,,,1.0,0,0,2.0,3.0
Nice vs Nantes,Nice,20566,Yehvann Diouf,G,90,7.3,,0.0,,,28,16.0,57.1,,,,1.0,0,0,1.0,1.0
Nice vs Nantes,Nice,404172,Kojo Peprah Oppong,D,90,7.3,,0.0,1.0,1.0,53,47.0,88.7,2.0,2.0,2.0,2.0,0,0,5.0,10.0
Nice vs Nantes,Nice,449509,Abdulay Juma Bah,D,90,7.2,,0.0,,,62,59.0,95.2,2.0,,2.0,1.0,1,0,6.0,12.0
Nice vs Nantes,Nice,22163,Dante,D,75,7.5,,0.0,1.0,1.0,62,58.0,93.5,2.0,2.0,1.0,,0,0,3.0,5.0
Nice vs Nantes,Nice,25008,Jonathan Clauss,M,90,7.5,,0.0,,,54,45.0,83.3,2.0,,,,0,0,3.0,5.0
Nice vs Nantes,Nice,4399,Hicham Boudaoui,M,81,6.7,,0.0,2.0,1.0,31,27.0,87.1,2.0,2.0,,1.0,0,0,4.0,7.0
Nice vs Nantes,Nice,8680,Charles Vanhoutte,M,90,7.9,,1.0,,,72,65.0,90.3,4.0,,1.0,,0,0,7.0,9.0
Nice vs Nantes,Nice,162465,Melvin Bard,M,90,7.2,,0.0,1.0,,34,24.0,70.6,,1.0,,1.0,0,0,2.0,4.0
Nice vs Nantes,Nice,107,Sofiane Diop,F,62,6.2,,0.0,2.0,,22,19.0,86.4,,,3.0,,1,0,3.0,9.0
Nice vs Nantes,Nice,30531,Jérémie Boga,F,75,7.7,1.0,0.0,4.0,1.0,24,22.0,91.7,,,,1.0,0,0,1.0,4.0
Nice vs Nantes,Nice,188319,Kevin Carlos Omoruyi,F,62,6.5,,0.0,2.0,2.0,8,5.0,62.5,,,2.0,3.0,0,0,3.0,8.0
Nice vs Nantes,Nice,1914,Morgan Sanson,M,28,6.7,,0.0,,,13,13.0,100.0,1.0,,3.0,1.0,0,0,2.0,7.0
Nice vs Nantes,Nice,69971,Terem Moffi,F,28,6.2,,0.0,2.0,1.0,2,2.0,100.0,,,,,0,0,,1.0
Nice vs Nantes,Nice,105154,Isak Jansson,F,15,7,,0.0,1.0,1.0,6,5.0,83.3,,,1.0,,0,0,,1.0
Nice vs Nantes,Nice,158065,Tiago Gouveia,F,15,6.6,,0.0,,,10,7.0,70.0,,,,1.0,0,0,2.0,3.0
Nice vs Nantes,Nice,193617,Tom Louchet,M,9,6.7,,0.0,,,8,7.0,87.5,1.0,,1.0,,0,0,1.0,2.0
Nice vs Nantes,Nantes,647,Anthony Lopes,G,90,7.3,,0.0,,,33,23.0,69.7,,,,,0,0,,
Nice vs Nantes,Nantes,22134,Kelvin Amian,D,90,6.3,,0.0,2.0,,32,25.0,78.1,,,1.0,,0,0,1.0,2.0
Nice vs Nantes,Nantes,50026,Chidozie Awaziem,D,90,7.2,,0.0,,,65,59.0,90.8,1.0,,,1.0,0,0,6.0,6.0
Nice vs Nantes,Nantes,522609,Tylel Tati,D,90,6.3,,0.0,,,35,29.0,82.9,,,3.0,1.0,0,0,1.0,5.0
Nice vs Nantes,Nantes,21570,Nicolas Cozza,D,86,6.3,,0.0,,,30,21.0,70.0,1.0,1.0,,1.0,0,0,4.0,5.0
Nice vs Nantes,Nantes,282549,Junior Mwanga,M,77,7,,0.0,,,23,19.0,82.6,1.0,1.0,2.0,3.0,0,0,5.0,8.0
Nice vs Nantes,Nantes,197771,Yassine Benhattab,M,45,7.2,,0.0,,,12,7.0,58.3,2.0,,,,0,0,3.0,4.0
Nice vs Nantes,Nantes,26519,Hyun-Seok Hong,M,65,6.3,,0.0,1.0,1.0,17,12.0,70.6,2.0,,,,0,0,2.0,5.0
Nice vs Nantes,Nantes,193952,Johann Lepenant,M,90,7.2,,0.0,2.0,1.0,36,33.0,91.7,4.0,2.0,1.0,3.0,0,0,8.0,14.0
Nice vs Nantes,Nantes,161622,Matthis Abline,M,90,6.9,,0.0,2.0,1.0,11,7.0,63.6,,1.0,1.0,2.0,0,0,5.0,8.0
Nice vs Nantes,Nantes,2668,Mostafa Mohamed,F,86,6.5,,0.0,2.0,,11,6.0,54.5,,1.0,,4.0,0,0,7.0,15.0
Nice vs Nantes,Nantes,428504,Amady Camara,F,45,6.6,,0.0,1.0,,11,10.0,90.9,1.0,,2.0,,0,0,2.0,5.0
Nice vs Nantes,Nantes,443674,Louis Leroux,M,25,6.7,,0.0,,,14,10.0,71.4,,,,,0,0,,1.0
Nice vs Nantes,Nantes,266200,Mayckel Lahdo,F,13,6.2,,0.0,,,8,7.0,87.5,,,2.0,,0,0,,5.0
Nice vs Nantes,Nantes,388779,Dehmaine Tabibou,M,12,6.5,,0.0,,,4,3.0,75.0,,,1.0,,0,0,,3.0
Nice vs Nantes,Nantes,42086,Youssef El Arabi,F,12,6.7,,0.0,,,6,4.0,66.7,,,1.0,,0,0,1.0,2.0
Auxerre vs Monaco,Auxerre,193681,Théo De Percin,G,90,6.5,,0.0,,,25,12.0,48.0,,,,1.0,0,0,1.0,1.0
Auxerre vs Monaco,Auxerre,174915,Josué Casimir,D,68,6.3,,0.0,1.0,,18,11.0,61.1,3.0,3.0,1.0,,2,1,6.0,9.0
Auxerre vs Monaco,Auxerre,191240,Marvin Senaya,D,90,6.9,,0.0,,,24,14.0,58.3,1.0,3.0,1.0,4.0,0,0,7.0,10.0
Auxerre vs Monaco,Auxerre,402542,Telli Siwe,D,90,6.5,,0.0,,,20,17.0,85.0,2.0,3.0,,,0,0,3.0,6.0
Auxerre vs Monaco,Auxerre,7578,Gideon Mensah,D,90,7.6,,0.0,,,38,33.0,86.8,3.0,5.0,1.0,5.0,0,0,9.0,12.0
Auxerre vs Monaco,Auxerre,215827,Fredrik Oppegård,D,90,6.2,,0.0,,,25,16.0,64.0,3.0,2.0,,,0,0,4.0,8.0
Auxerre vs Monaco,Auxerre,90617,Lassine Sinayoko,M,77,5.9,,0.0,,,14,8.0,57.1,1.0,,2.0,2.0,0,0,3.0,14.0
Auxerre vs Monaco,Auxerre,21010,Elisha Owusu,M,90,6.9,,0.0,1.0,,26,21.0,80.8,5.0,1.0,2.0,,1,0,5.0,11.0
Auxerre vs Monaco,Auxerre,323625,Kévin Danois,M,89,6.3,,0.0,,,36,29.0,80.6,2.0,2.0,2.0,1.0,0,0,3.0,11.0
Auxerre vs Monaco,Auxerre,19625,Danny Namaso,M,90,7,,0.0,2.0,,24,18.0,75.0,1.0,,2.0,4.0,0,0,11.0,18.0
Auxerre vs Monaco,Auxerre,190686,Sékou Mara,F,65,6.6,,0.0,1.0,1.0,13,8.0,61.5,1.0,,1.0,1.0,0,0,5.0,8.0
Auxerre vs Monaco,Auxerre,322595,Lasso Coulibaly,M,25,6.6,,0.0,,,10,8.0,80.0,1.0,,,1.0,0,0,4.0,4.0
Auxerre vs Monaco,Auxerre,496896,Rudy Matondo,M,13,6.7,,0.0,,,7,6.0,85.7,1.0,1.0,,,0,0,1.0,2.0
Auxerre vs Monaco,Auxerre,293643,Ibrahim Osman,F,8,6.3,,0.0,1.0,1.0,2,2.0,100.0,1.0,,,,0,0,1.0,2.0
Auxerre vs Monaco,Monaco,7313,Philipp Köhn,G,90,6.9,,0.0,,,20,17.0,85.0,,,,,0,0,,
Auxerre vs Monaco,Monaco,291649,Vanderson,D,90,7.3,,1.0,,,60,49.0,81.7,2.0,3.0,2.0,,0,0,5.0,12.0
Auxerre vs Monaco,Monaco,261,Thilo Kehrer,D,90,7.3,,0.0,3.0,,96,91.0,94.8,1.0,,,1.0,0,0,6.0,11.0
Auxerre vs Monaco,Monaco,47480,Mohammed Salisu,D,90,7.2,,0.0,,,93,85.0,91.4,5.0,1.0,3.0,2.0,0,0,8.0,11.0
Auxerre vs Monaco,Monaco,333137,Kassoum Ouattara,D,63,6.2,,0.0,,,40,29.0,72.5,2.0,1.0,1.0,,1,0,5.0,15.0
Auxerre vs Monaco,Monaco,274300,Maghnes Akliouche,M,90,6.3,,0.0,,,43,32.0,74.4,,1.0,,1.0,0,0,1.0,6.0
Auxerre vs Monaco,Monaco,453792,Aladji Bamba,M,78,7.7,,0.0,,,78,74.0,94.9,4.0,1.0,1.0,3.0,1,0,12.0,16.0
Auxerre vs Monaco,Monaco,2810,Denis Zakaria,M,90,6.5,,0.0,,,46,42.0,91.3,,,2.0,,1,0,,3.0
Auxerre vs Monaco,Monaco,1101,Takumi Minamino,M,89,7.3,1.0,0.0,1.0,1.0,38,30.0,78.9,,1.0,,,1,0,1.0,3.0
Auxerre vs Monaco,Monaco,283026,Mika Biereth,F,78,5.9,,0.0,1.0,1.0,17,12.0,70.6,1.0,,1.0,1.0,0,0,2.0,9.0
Auxerre vs Monaco,Monaco,138835,Folarin Balogun,F,63,5.9,,1.0,3.0,,17,7.0,41.2,1.0,,3.0,1.0,0,0,4.0,8.0
Auxerre vs Monaco,Monaco,10316,Caio Henrique,D,27,6.6,,0.0,,,9,7.0,77.8,,,1.0,1.0,1,0,1.0,3.0
Auxerre vs Monaco,Monaco,386276,Paris Brunner,F,27,6.2,,0.0,,,4,1.0,25.0,,,4.0,1.0,1,0,3.0,10.0
Auxerre vs Monaco,Monaco,374058,Lamine Camara,M,12,7.2,,0.0,,,11,8.0,72.7,1.0,,,1.0,0,0,3.0,3.0
Auxerre vs Monaco,Monaco,395040,George Ilenikhena,F,12,7.3,1.0,0.0,1.0,1.0,2,2.0,100.0,,,1.0,,0,0,2.0,5.0
Lille vs Toulouse,Lille,1337,Berke Özer,G,90,7.5,,0.0,,,35,29.0,82.9,,,,,0,0,1.0,1.0
Lille vs Toulouse,Lille,1567,Aïssa Mandi,D,90,7,,0.0,,,42,35.0,83.3,5.0,1.0,2.0,1.0,0,0,8.0,11.0
Lille vs Toulouse,Lille,312964,Nathan Ngoy,D,90,7.7,,0.0,1.0,,81,75.0,92.6,3.0,4.0,,2.0,0,0,9.0,10.0
Lille vs Toulouse,Lille,142691,Alexsandro Ribeiro,D,44,7.5,,0.0,1.0,1.0,61,58.0,95.1,2.0,1.0,1.0,2.0,0,0,5.0,6.0
Lille vs Toulouse,Lille,20600,Romain Perraud,D,90,6.7,,0.0,2.0,,73,61.0,83.6,1.0,,,,0,0,1.0,5.0
Lille vs Toulouse,Lille,2204,Benjamin André,M,90,6.3,,0.0,,,61,55.0,90.2,1.0,,4.0,1.0,0,0,4.0,15.0
Lille vs Toulouse,Lille,438688,Ayyoub Bouaddi,M,81,6.7,,0.0,,,28,24.0,85.7,1.0,,1.0,,0,0,4.0,9.0
Lille vs Toulouse,Lille,340077,Matías Fernández,M,80,6.5,,0.0,,,21,19.0,90.5,1.0,,,2.0,0,0,3.0,5.0
Lille vs Toulouse,Lille,375598,Ngal'ayel Mukau,M,61,6.3,,0.0,1.0,,22,21.0,95.5,,1.0,1.0,,0,0,,3.0
Lille vs Toulouse,Lille,135749,Félix Correia,M,81,7,,0.0,,,37,29.0,78.4,,,,1.0,0,0,2.0,7.0
Lille vs Toulouse,Lille,2295,Olivier Giroud,F,90,6.3,,0.0,3.0,1.0,15,10.0,66.7,,1.0,1.0,,1,0,4.0,10.0
Lille vs Toulouse,Lille,375,Chancel Mbemba,D,46,6.7,,0.0,,,34,31.0,91.2,3.0,,1.0,,1,0,4.0,6.0
Lille vs Toulouse,Lille,306979,Hamza Igamane,F,29,6.2,,0.0,,,10,7.0,70.0,1.0,,1.0,,0,0,1.0,6.0
Lille vs Toulouse,Lille,386287,Ethan Mbappé,M,10,7.3,1.0,0.0,1.0,1.0,9,8.0,88.9,,,,,0,0,,2.0
Lille vs Toulouse,Lille,99576,Osame Sahraoui,F,9,6.6,,1.0,1.0,,6,3.0,50.0,,,,,0,0,,
Lille vs Toulouse,Lille,409,Nabil Bentaleb,M,9,7.3,1.0,0.0,2.0,2.0,18,14.0,77.8,,,,,0,0,,
Lille vs Toulouse,Toulouse,325346,Guillaume Restes,G,90,6.3,,0.0,,,24,9.0,37.5,,,,1.0,1,0,1.0,1.0
Lille vs Toulouse,Toulouse,50735,Mark McKenzie,D,90,6.2,,0.0,,,16,12.0,75.0,3.0,3.0,1.0,,0,0,4.0,8.0
Lille vs Toulouse,Toulouse,278392,Charlie Cresswell,D,90,7,,0.0,1.0,1.0,23,18.0,78.3,,2.0,,,0,0,6.0,7.0
Lille vs Toulouse,Toulouse,15793,Rasmus Nicolaisen,D,90,6.2,,0.0,,,16,12.0,75.0,1.0,,1.0,,1,0,2.0,2.0
Lille vs Toulouse,Toulouse,39115,Aron Dønnum,M,90,7,,0.0,2.0,1.0,32,27.0,84.4,1.0,,1.0,1.0,1,0,3.0,7.0
Lille vs Toulouse,Toulouse,50956,Cristian Cásseres Jr.,M,90,6.9,,0.0,,,36,26.0,72.2,1.0,3.0,,1.0,0,0,5.0,5.0
Lille vs Toulouse,Toulouse,118345,Abu Francis,M,72,7.5,,0.0,,,22,17.0,77.3,5.0,2.0,1.0,2.0,0,0,8.0,11.0
Lille vs Toulouse,Toulouse,452697,Dayann Methalie,M,89,6.3,,0.0,1.0,1.0,14,13.0,92.9,2.0,2.0,3.0,,0,0,2.0,11.0
Lille vs Toulouse,Toulouse,362741,Santiago Hidalgo,F,55,6.3,,0.0,,,6,4.0,66.7,1.0,,,,0,0,4.0,9.0
Lille vs Toulouse,Toulouse,174724,Frank Magri,F,89,6.9,1.0,0.0,2.0,1.0,9,6.0,66.7,,1.0,2.0,2.0,1,0,6.0,16.0
Lille vs Toulouse,Toulouse,84128,Yann Gboho,F,90,6.3,,0.0,,,20,18.0,90.0,,1.0,,2.0,0,0,3.0,9.0
Lille vs Toulouse,Toulouse,334952,Rafik Messali,M,16,6.6,,0.0,,,3,2.0,66.7,1.0,,,1.0,0,0,2.0,3.0
Lille vs Toulouse,Toulouse,264383,Warren Kamanzi,D,19,6.2,,0.0,1.0,,5,4.0,80.0,,,,,0,0,2.0,3.0
Lille vs Toulouse,Toulouse,514464,Alexis Vossah,M,8,5,,0.0,,,0,,,,,1.0,,0,1,,1.0
Lille vs Toulouse,Toulouse,102,Djibril Sidibé,D,12,6,,0.0,,,1,,,,,,,0,0,1.0,2.0
Lille vs Toulouse,Toulouse,304140,Mario Sauer,M,12,6.5,,0.0,,,4,3.0,75.0,,2.0,,1.0,0,0,1.0,1.0
Paris Saint Germain vs Lens,Paris Saint Germain,162453,Lucas Chevalier,G,90,7.7,,0.0,,,26,25.0,96.2,,,,,0,0,,
Paris Saint Germain vs Lens,Paris Saint Germain,9,Achraf Hakimi,D,90,6.7,,0.0,,,66,62.0,93.9,1.0,,,1.0,0,0,2.0,6.0
Paris Saint Germain vs Lens,Paris Saint Germain,161671,Ilya Zabarnyi,D,90,6.9,,0.0,,,87,78.0,89.7,1.0,1.0,,,0,0,2.0,5.0
Paris Saint Germain vs Lens,Paris Saint Germain,307835,Lucas Beraldo,D,70,7,,0.0,,,83,81.0,97.6,2.0,1.0,1.0,,0,0,2.0,3.0
Paris Saint Germain vs Lens,Paris Saint Germain,33,Lucas Hernández,D,90,6.9,,0.0,,,89,88.0,98.9,,,2.0,1.0,0,0,1.0,6.0
Paris Saint Germain vs Lens,Paris Saint Germain,336657,Warren Zaïre-Emery,M,71,7,,0.0,,,64,59.0,92.2,3.0,,1.0,1.0,0,0,8.0,12.0
Paris Saint Germain vs Lens,Paris Saint Germain,128384,Vitinha,M,90,9.2,,2.0,,,147,140.0,95.2,,1.0,,2.0,0,0,4.0,8.0
Paris Saint Germain vs Lens,Paris Saint Germain,927,Kang-in Lee,M,57,6.7,,0.0,1.0,1.0,31,27.0,87.1,1.0,,2.0,1.0,0,0,3.0,6.0
Paris Saint Germain vs Lens,Paris Saint Germain,483,Khvicha Kvaratskhelia,F,30,6.5,,0.0,,,16,14.0,87.5,,,,1.0,0,0,2.0,5.0
Paris Saint Germain vs Lens,Paris Saint Germain,41585,Gonçalo Ramos,F,90,6.5,,0.0,2.0,2.0,23,19.0,82.6,1.0,,2.0,,1,0,2.0,3.0
Paris Saint Germain vs Lens,Paris Saint Germain,161904,Bradley Barcola,F,71,8.3,2.0,0.0,2.0,2.0,19,12.0,63.2,,1.0,,,0,0,,5.0
Paris Saint Germain vs Lens,Paris Saint Germain,446249,Ibrahim Mbaye,F,60,7,,0.0,3.0,1.0,32,28.0,87.5,1.0,,,,0,0,2.0,5.0
Paris Saint Germain vs Lens,Paris Saint Germain,409216,Senny Mayulu,M,33,6.9,,0.0,,,30,26.0,86.7,3.0,,2.0,1.0,0,0,4.0,7.0
Paris Saint Germain vs Lens,Paris Saint Germain,263482,Nuno Mendes,D,20,6.6,,0.0,,,12,11.0,91.7,,,,,0,0,,1.0
Paris Saint Germain vs Lens,Paris Saint Germain,335051,João Neves,M,19,6.9,,0.0,,,21,18.0,85.7,,,,,0,0,,
Paris Saint Germain vs Lens,Paris Saint Germain,328,Fabián Ruiz,M,19,6.9,,0.0,1.0,,25,25.0,100.0,1.0,,,,0,0,1.0,2.0
Paris Saint Germain vs Lens,Lens,347211,Robin Risser,G,90,6.6,,0.0,,,32,26.0,81.2,,,,,0,0,,
Paris Saint Germain vs Lens,Lens,21635,Jonathan Gradit,D,90,6.9,,0.0,,,24,23.0,95.8,5.0,3.0,3.0,1.0,0,0,6.0,9.0
Paris Saint Germain vs Lens,Lens,322984,Samson Baidoo,D,90,6.9,,0.0,,,30,30.0,100.0,,1.0,,,0,0,,
Paris Saint Germain vs Lens,Lens,22166,Malang Sarr,D,90,6.7,,0.0,,,42,34.0,81.0,3.0,3.0,,,0,0,5.0,8.0
Paris Saint Germain vs Lens,Lens,21568,Ruben Aguilar,M,66,7,,0.0,1.0,,26,23.0,88.5,3.0,3.0,,1.0,0,0,4.0,4.0
Paris Saint Germain vs Lens,Lens,277306,Mamadou Sangare,M,90,6.7,,0.0,,,36,31.0,86.1,2.0,,,1.0,0,0,3.0,9.0
Paris Saint Germain vs Lens,Lens,22261,Adrien Thomasson,M,90,6.9,,0.0,1.0,,39,30.0,76.9,4.0,,1.0,,0,0,4.0,7.0
Paris Saint Germain vs Lens,Lens,20525,Matthieu Udol,M,80,6.3,,0.0,,,23,20.0,87.0,3.0,1.0,1.0,,0,0,4.0,7.0
Paris Saint Germain vs Lens,Lens,1922,Florian Thauvin,F,80,6.3,,0.0,3.0,2.0,29,23.0,79.3,,,1.0,3.0,1,0,4.0,10.0
Paris Saint Germain vs Lens,Lens,23643,Morgan Guilavogui,F,45,6.7,,0.0,,,13,7.0,53.8,2.0,,,,0,0,3.0,5.0
Paris Saint Germain vs Lens,Lens,1135,Odsonne Édouard,F,66,5.9,,0.0,2.0,1.0,15,13.0,86.7,1.0,,1.0,,1,0,1.0,5.0
Paris Saint Germain vs Lens,Lens,277191,Abdallah Sima,F,45,6.7,,0.0,,,12,8.0,66.7,,,,,0,0,1.0,2.0
Paris Saint Germain vs Lens,Lens,44594,Saud Abdulhamid,D,24,6.9,,0.0,,,15,13.0,86.7,2.0,,,,0,0,2.0,2.0
Paris Saint Germain vs Lens,Lens,443579,Rayan Fofana,F,24,6.6,,0.0,2.0,,5,3.0,60.0,,,,1.0,0,0,3.0,3.0
Paris Saint Germain vs Lens,Lens,402066,Anthony Bermont,M,10,6.7,,0.0,1.0,,6,4.0,66.7,,,,,0,0,1.0,2.0
Paris Saint Germain vs Lens,Lens,21715,Wesley Saïd,F,10,6.5,,0.0,,,5,5.0,100.0,,,1.0,,0,0,,1.0
Strasbourg vs Le Havre,Strasbourg,340151,Mike Penders,G,90,7.2,,0.0,,,40,35.0,87.5,,,,,0,0,,
Strasbourg vs Le Havre,Strasbourg,276184,Mamadou Sarr,D,90,7.2,,0.0,,,57,54.0,94.7,1.0,1.0,2.0,,0,0,4.0,7.0
Strasbourg vs Le Havre,Strasbourg,396193,Lucas Høgsberg,D,90,7.2,,0.0,,,58,56.0,96.6,,,3.0,3.0,2,1,4.0,7.0
Strasbourg vs Le Havre,Strasbourg,271542,Ismael Doukouré,D,90,7.2,,0.0,,,60,51.0,85.0,,,,1.0,0,0,5.0,6.0
Strasbourg vs Le Havre,Strasbourg,345416,Rafael Luis,M,70,6.9,,0.0,,,26,24.0,92.3,2.0,,,,0,0,2.0,3.0
Strasbourg vs Le Havre,Strasbourg,335056,Diego Moreira,M,82,7.3,,0.0,,,39,34.0,87.2,3.0,1.0,,1.0,0,0,5.0,11.0
Strasbourg vs Le Havre,Strasbourg,395762,Mathis Amougou,M,45,7.2,,0.0,1.0,1.0,12,8.0,66.7,1.0,,,2.0,0,0,3.0,4.0
Strasbourg vs Le Havre,Strasbourg,319572,Valentín Barco,M,90,7.2,,0.0,2.0,2.0,53,47.0,88.7,4.0,,,1.0,0,0,6.0,12.0
Strasbourg vs Le Havre,Strasbourg,2933,Ben Chilwell,M,45,6.7,,0.0,,,25,18.0,72.0,1.0,,1.0,,0,0,2.0,7.0
Strasbourg vs Le Havre,Strasbourg,390742,Joaquin Panichelli,F,90,7.2,1.0,0.0,3.0,3.0,16,14.0,87.5,,1.0,,3.0,0,0,7.0,14.0
Strasbourg vs Le Havre,Strasbourg,325594,Félix Lemaréchal,F,45,6.3,,0.0,,,9,5.0,55.6,1.0,,,,0,0,1.0,2.0
Strasbourg vs Le Havre,Strasbourg,406303,Kendry Páez,M,45,6.6,,0.0,1.0,1.0,19,15.0,78.9,,,1.0,1.0,0,0,4.0,8.0
Strasbourg vs Le Havre,Strasbourg,334035,Samuel Amo-Ameyaw,F,45,7.3,,0.0,,,13,12.0,92.3,3.0,1.0,,2.0,0,0,7.0,10.0
Strasbourg vs Le Havre,Strasbourg,358166,Abdoul Ouattara,M,45,6.2,,0.0,,,16,15.0,93.8,,,1.0,,0,0,,4.0
Strasbourg vs Le Havre,Strasbourg,415431,Samir El Mourabet,M,20,6.6,,0.0,,,9,9.0,100.0,1.0,,,1.0,0,0,2.0,4.0
Strasbourg vs Le Havre,Strasbourg,359386,Martial Godo,F,8,7,,0.0,1.0,,1,1.0,100.0,,,,1.0,0,0,1.0,1.0
Strasbourg vs Le Havre,Le Havre,119853,Mory Diaw,G,90,7.7,,0.0,,,45,38.0,84.4,,,,,0,0,,
Strasbourg vs Le Havre,Le Havre,2336,Loic Négo,D,90,6.5,,0.0,1.0,,52,48.0,92.3,2.0,2.0,3.0,1.0,0,0,4.0,9.0
Strasbourg vs Le Havre,Le Havre,174927,Arouna Sangante,D,89,6.9,,0.0,,,60,58.0,96.7,1.0,1.0,,1.0,0,0,4.0,6.0
Strasbourg vs Le Havre,Le Havre,64255,Gautier Lloris,D,90,7.5,,0.0,1.0,,81,78.0,96.3,3.0,1.0,2.0,,0,0,5.0,7.0
Strasbourg vs Le Havre,Le Havre,23637,Yanis Zouaoui,D,90,5.2,,0.0,2.0,,53,34.0,64.2,2.0,2.0,2.0,,1,0,3.0,9.0
Strasbourg vs Le Havre,Le Havre,21103,Abdoulaye Touré,M,76,7.5,,0.0,,,35,34.0,97.1,1.0,1.0,,1.0,0,0,2.0,4.0
Strasbourg vs Le Havre,Le Havre,174625,Fodé Doucouré,M,69,7.2,,0.0,,,29,26.0,89.7,6.0,1.0,,,0,0,8.0,12.0
Strasbourg vs Le Havre,Le Havre,174937,Yassine Kechta,M,89,6.5,,0.0,1.0,1.0,29,20.0,69.0,3.0,,3.0,,1,0,5.0,12.0
Strasbourg vs Le Havre,Le Havre,128342,Rassoul Ndiaye,M,69,6.9,,0.0,1.0,,30,27.0,90.0,2.0,,1.0,1.0,0,0,3.0,5.0
Strasbourg vs Le Havre,Le Havre,156465,Issa Soumaré,M,90,6.9,,0.0,2.0,,22,15.0,68.2,,,2.0,2.0,0,0,4.0,13.0
Strasbourg vs Le Havre,Le Havre,1945,Mbwana Ally Samatta,F,90,6.2,,0.0,,,15,13.0,86.7,,,2.0,1.0,0,0,2.0,11.0
Strasbourg vs Le Havre,Le Havre,33165,Ayumu Seko,D,21,6.2,,0.0,,,8,8.0,100.0,1.0,,,,0,0,1.0,2.0
Strasbourg vs Le Havre,Le Havre,145476,Reda Khadra,M,21,6.9,,0.0,,,5,4.0,80.0,2.0,,,,0,0,3.0,4.0
Strasbourg vs Le Havre,Le Havre,364093,Simon Ebonog,M,14,6.3,,0.0,,,3,3.0,100.0,2.0,,1.0,,0,0,3.0,6.0
Stade Brestois 29 vs Paris FC,Stade Brestois 29,21248,Grégoire Coudert,G,90,6.9,,0.0,,,21,14.0,66.7,,,,,0,0,,
Stade Brestois 29 vs Paris FC,Stade Brestois 29,22247,Kenny Lala,D,90,7,,0.0,,,57,44.0,77.2,1.0,1.0,,,0,0,1.0,3.0
Stade Brestois 29 vs Paris FC,Stade Brestois 29,20546,Brendan Chardonnet,D,90,7.2,,0.0,4.0,4.0,66,57.0,86.4,2.0,2.0,1.0,,0,0,8.0,11.0
Stade Brestois 29 vs Paris FC,Stade Brestois 29,365742,Michel Diaz,D,90,6.6,,0.0,1.0,,60,53.0,88.3,4.0,1.0,,,0,0,5.0,7.0
Stade Brestois 29 vs Paris FC,Stade Brestois 29,274267,Bradley Locko,D,86,6,,0.0,,,20,17.0,85.0,3.0,1.0,2.0,,0,0,3.0,9.0
Stade Brestois 29 vs Paris FC,Stade Brestois 29,326068,Kamory Doumbia,M,78,5.7,,0.0,,,21,17.0,81.0,2.0,,1.0,1.0,0,0,4.0,12.0
Stade Brestois 29 vs Paris FC,Stade Brestois 29,128287,Joris Chotard,M,90,6.5,,0.0,1.0,1.0,47,38.0,80.9,1.0,1.0,1.0,,0,0,1.0,5.0
Stade Brestois 29 vs Paris FC,Stade Brestois 29,449153,Hamidou Makalou,M,68,6.2,,0.0,2.0,,22,15.0,68.2,,,1.0,,0,0,,5.0
Stade Brestois 29 vs Paris FC,Stade Brestois 29,2214,Romain Del Castillo,F,90,7.2,1.0,0.0,4.0,2.0,30,23.0,76.7,1.0,,2.0,1.0,0,0,5.0,11.0
Stade Brestois 29 vs Paris FC,Stade Brestois 29,22264,Ludovic Ajorque,F,90,6.6,,0.0,1.0,,20,11.0,55.0,,,1.0,5.0,0,0,8.0,15.0
Stade Brestois 29 vs Paris FC,Stade Brestois 29,41323,Mama Baldé,F,45,6.2,,0.0,1.0,1.0,8,5.0,62.5,,1.0,,,0,0,1.0,5.0
Stade Brestois 29 vs Paris FC,Stade Brestois 29,375990,Pathé Mboup,F,45,6.3,,0.0,1.0,,6,4.0,66.7,,1.0,1.0,,0,0,2.0,9.0
Stade Brestois 29 vs Paris FC,Stade Brestois 29,90594,Junior Dina Ebimbe,M,22,6.6,,0.0,,,12,8.0,66.7,1.0,,,,0,0,3.0,4.0
Stade Brestois 29 vs Paris FC,Stade Brestois 29,326073,Remy Labeau Lascary,F,12,6.7,,0.0,,,3,3.0,100.0,,,1.0,1.0,0,0,1.0,3.0
Stade Brestois 29 vs Paris FC,Stade Brestois 29,302868,Daouda Guindo,D,11,6.6,,0.0,,,8,7.0,87.5,,,,,0,0,,
Stade Brestois 29 vs Paris FC,Paris FC,194981,Obed Nkambadio,G,90,7.9,,0.0,,,46,28.0,60.9,,,,,0,0,,
Stade Brestois 29 vs Paris FC,Paris FC,20869,Samir Sophian Chergui,D,82,7.7,,0.0,,,43,36.0,83.7,4.0,1.0,,,0,0,7.0,8.0
Stade Brestois 29 vs Paris FC,Paris FC,174881,Moustapha Mbow,D,90,7.7,,0.0,,,41,39.0,95.1,3.0,1.0,,,0,0,6.0,7.0
Stade Brestois 29 vs Paris FC,Paris FC,266013,Otávio,D,84,6.2,,0.0,,,50,42.0,84.0,,2.0,2.0,1.0,0,1,4.0,7.0
Stade Brestois 29 vs Paris FC,Paris FC,8474,Thibault De Smet,D,90,6.9,,0.0,,,55,50.0,90.9,3.0,,1.0,3.0,0,0,7.0,11.0
Stade Brestois 29 vs Paris FC,Paris FC,22170,Pierre Lees Melou,M,90,6.3,,0.0,,,54,46.0,85.2,3.0,1.0,3.0,,1,0,5.0,10.0
Stade Brestois 29 vs Paris FC,Paris FC,83831,Ilan Kebbal,M,87,7.2,,0.0,1.0,,43,37.0,86.0,3.0,,,3.0,0,0,10.0,13.0
Stade Brestois 29 vs Paris FC,Paris FC,1910,Maxime López,M,90,6.9,,1.0,1.0,1.0,65,59.0,90.8,,1.0,,,1,0,,2.0
Stade Brestois 29 vs Paris FC,Paris FC,20925,Vincent Marchetti,M,45,6.6,1.0,0.0,2.0,2.0,14,10.0,71.4,,1.0,1.0,1.0,1,0,1.0,4.0
Stade Brestois 29 vs Paris FC,Paris FC,2781,Moses Simon,M,60,6.6,,0.0,,,10,8.0,80.0,1.0,1.0,,,0,0,2.0,5.0
Stade Brestois 29 vs Paris FC,Paris FC,120,Willem Geubbels,F,60,7.5,1.0,0.0,1.0,1.0,14,10.0,71.4,,,,,0,0,2.0,6.0
Stade Brestois 29 vs Paris FC,Paris FC,84218,Adama Camara,M,45,6.6,,0.0,,,28,24.0,85.7,2.0,,1.0,,0,0,6.0,10.0
Stade Brestois 29 vs Paris FC,Paris FC,20704,Alimami Gory,F,30,6.6,,0.0,,,8,7.0,87.5,,,2.0,1.0,0,0,1.0,2.0
Stade Brestois 29 vs Paris FC,Paris FC,22842,Jean-Philippe Krasso,F,30,6.5,,0.0,,,9,4.0,44.4,1.0,,,2.0,0,0,5.0,12.0
Stade Brestois 29 vs Paris FC,Paris FC,389322,Nhoa Sangui,D,8,6.6,,0.0,,,2,2.0,100.0,1.0,,,,0,0,1.0,1.0
Stade Brestois 29 vs Paris FC,Paris FC,22086,Timothée Kolodziejczak,D,10,6.7,,0.0,,,5,3.0,60.0,,,,,0,0,,1.0
Metz vs Angers,Metz,158532,Jonathan Fischer,G,90,8,,0.0,,,42,41.0,97.6,,,,1.0,0,0,1.0,1.0
Metz vs Angers,Metz,96331,Koffi Kouao,D,90,6,,0.0,,,67,60.0,89.6,3.0,,3.0,,0,0,3.0,9.0
Metz vs Angers,Metz,3240,Jean-Philippe Gbamin,D,90,8.7,1.0,0.0,1.0,1.0,90,80.0,88.9,3.0,1.0,,,0,0,7.0,8.0
Metz vs Angers,Metz,363792,Terry Yegbe,D,90,7.2,,0.0,1.0,1.0,85,77.0,90.6,3.0,,,,0,0,3.0,3.0
Metz vs Angers,Metz,434352,Alpha Touré,D,90,6.2,,0.0,,,41,37.0,90.2,1.0,1.0,,1.0,0,0,4.0,8.0
Metz vs Angers,Metz,407,Benjamin Stambouli,M,85,7.3,,0.0,1.0,,46,38.0,82.6,3.0,1.0,1.0,,0,0,3.0,4.0
Metz vs Angers,Metz,157912,Boubacar Traoré,M,90,7.7,,0.0,,,39,29.0,74.4,6.0,1.0,1.0,,0,0,8.0,10.0
Metz vs Angers,Metz,2181,Georgiy Tsitaishvili,M,72,6.5,,0.0,,,21,20.0,95.2,,1.0,2.0,,0,0,,4.0
Metz vs Angers,Metz,20529,Gauthier Hein,M,90,6.9,,1.0,,,64,58.0,90.6,2.0,,1.0,,0,0,2.0,9.0
Metz vs Angers,Metz,408870,Ibou Sane,M,73,7.6,,0.0,1.0,1.0,14,13.0,92.9,3.0,,,4.0,0,0,7.0,12.0
Metz vs Angers,Metz,20535,Habib Diallo,F,90,5.5,,0.0,2.0,2.0,15,12.0,80.0,,1.0,1.0,,0,0,4.0,13.0
Metz vs Angers,Metz,68177,Giorgi Abuashvili,F,18,6.6,,0.0,,,9,8.0,88.9,1.0,,,,0,0,2.0,4.0
Metz vs Angers,Metz,20534,Cheick Tidiane Sabaly,F,17,6.2,,0.0,,,3,2.0,66.7,,,1.0,,0,0,,3.0
Metz vs Angers,Metz,21640,Jessy Deminguet,M,14,6.2,,0.0,,,6,6.0,100.0,,,,,0,0,,2.0
Metz vs Angers,Angers,22220,Hervé Koffi,G,90,8.2,,0.0,,,22,18.0,81.8,1.0,,1.0,,0,0,1.0,2.0
Metz vs Angers,Angers,20850,Carlens Arcus,D,90,6.6,,0.0,1.0,,54,47.0,87.0,5.0,,3.0,1.0,0,0,7.0,15.0
Metz vs Angers,Angers,271540,Ousmane Camara,D,90,6.9,,0.0,1.0,,43,40.0,93.0,1.0,,,,0,0,3.0,4.0
Metz vs Angers,Angers,21381,Jordan Lefort,D,90,7.7,,0.0,,,69,63.0,91.3,2.0,3.0,,1.0,0,0,4.0,4.0
Metz vs Angers,Angers,41146,Florent Hanin,D,61,6.3,,0.0,,,19,17.0,89.5,1.0,,,,0,0,2.0,2.0
Metz vs Angers,Angers,174708,Yassin Belkhdim,M,90,6.3,,0.0,,,56,49.0,87.5,3.0,1.0,1.0,1.0,0,0,4.0,9.0
Metz vs Angers,Angers,20554,Haris Belkebla,M,90,7.2,,0.0,,,47,45.0,95.7,3.0,2.0,1.0,1.0,1,0,7.0,12.0
Metz vs Angers,Angers,174660,Lilian Raolisoa,M,80,6.6,,0.0,,,40,30.0,75.0,3.0,,,,0,0,4.0,10.0
Metz vs Angers,Angers,289555,Louis Mouton,M,71,6.6,,0.0,,,30,25.0,83.3,1.0,,,,0,0,1.0,4.0
Metz vs Angers,Angers,421875,Sidiki Cherif,M,61,6.6,,0.0,1.0,,14,10.0,71.4,,,,3.0,0,0,4.0,6.0
Metz vs Angers,Angers,457541,Prosper Peter,F,90,6.2,,0.0,3.0,2.0,11,10.0,90.9,,,1.0,2.0,0,0,3.0,9.0
Metz vs Angers,Angers,343609,Jacques Ekomie,D,29,7.2,,0.0,,,12,10.0,83.3,2.0,,,1.0,0,0,3.0,3.0
Metz vs Angers,Angers,403277,Lanroy Machine,F,29,6.5,,0.0,3.0,1.0,5,5.0,100.0,1.0,,,,0,0,1.0,5.0
Metz vs Angers,Angers,20692,Himad Abdelli,M,19,7.5,1.0,0.0,1.0,1.0,17,15.0,88.2,1.0,,,,0,0,1.0,3.0
Metz vs Angers,Angers,405074,Justin-Noel Kalumba,F,10,6.3,,0.0,,,4,3.0,75.0,,,,,0,0,1.0,2.0
Rennes vs Lyon,Rennes,21628,Brice Samba,G,90,7.6,,0.0,,,31,23.0,74.2,,,,1.0,0,0,1.0,1.0
Rennes vs Lyon,Rennes,417830,Abdelhamid Ait Boudlal,D,45,6.3,,0.0,,,21,17.0,81.0,1.0,1.0,,,0,0,2.0,3.0
Rennes vs Lyon,Rennes,367636,Jérémy Jacquet,D,90,6.7,,0.0,1.0,1.0,55,50.0,90.9,,1.0,1.0,,0,0,1.0,3.0
Rennes vs Lyon,Rennes,129681,Anthony Rouault,D,90,8.2,1.0,0.0,1.0,1.0,57,54.0,94.7,1.0,1.0,1.0,,0,0,2.0,3.0
Rennes vs Lyon,Rennes,3007,Przemysław Frankowski,M,45,6.3,,0.0,1.0,,20,14.0,70.0,3.0,,2.0,1.0,1,0,4.0,6.0
Rennes vs Lyon,Rennes,21497,Ludovic Blas,M,89,6.3,,0.0,,,31,28.0,90.3,1.0,3.0,2.0,4.0,0,0,5.0,17.0
Rennes vs Lyon,Rennes,21102,Valentin Rongier,M,90,6.6,,0.0,1.0,,63,58.0,92.1,,,2.0,2.0,0,0,3.0,8.0
Rennes vs Lyon,Rennes,343792,Djaoui Cissé,M,69,7.3,,0.0,3.0,,30,26.0,86.7,5.0,,,,0,0,6.0,9.0
Rennes vs Lyon,Rennes,272460,Quentin Merlin,M,90,7.2,,0.0,,,44,34.0,77.3,1.0,1.0,,,0,0,3.0,5.0
Rennes vs Lyon,Rennes,163004,Esteban Lepaul,F,90,6.3,,0.0,,,10,5.0,50.0,1.0,,1.0,,0,0,2.0,6.0
Rennes vs Lyon,Rennes,421,Breel Embolo,F,69,5.6,,0.0,2.0,1.0,8,6.0,75.0,,2.0,8.0,2.0,0,0,2.0,16.0
Rennes vs Lyon,Rennes,196187,Alidu Seidu,D,45,7,,0.0,,,33,32.0,97.0,1.0,,1.0,1.0,1,0,2.0,4.0
Rennes vs Lyon,Rennes,15286,Mousa Tamari,F,45,7.9,,1.0,2.0,,20,16.0,80.0,2.0,1.0,,,0,0,3.0,5.0
Rennes vs Lyon,Rennes,30807,Seko Fofana,M,21,6.9,,0.0,1.0,,21,19.0,90.5,,,,,0,0,3.0,4.0
Rennes vs Lyon,Rennes,449662,Mohamed Kader Meite,F,21,8.2,1.0,1.0,2.0,2.0,2,1.0,50.0,,,,1.0,0,0,2.0,2.0
Rennes vs Lyon,Lyon,20762,Rémy Descamps,G,90,5.9,,0.0,,,28,16.0,57.1,,,,,0,0,,
Rennes vs Lyon,Lyon,1456,Ainsley Maitland-Niles,D,90,6.6,,1.0,,,55,47.0,85.5,2.0,2.0,,,0,0,4.0,8.0
Rennes vs Lyon,Lyon,68,Clinton Mata,D,90,6.7,,0.0,,,56,54.0,96.4,2.0,1.0,1.0,1.0,1,0,3.0,5.0
Rennes vs Lyon,Lyon,25916,Moussa Niakhaté,D,90,6.7,,0.0,,,60,52.0,86.7,2.0,2.0,1.0,2.0,0,0,6.0,8.0
Rennes vs Lyon,Lyon,9700,Abner Vinícius,D,90,6.2,,0.0,,,46,39.0,84.8,3.0,2.0,2.0,,0,0,4.0,7.0
Rennes vs Lyon,Lyon,80752,Tanner Tessmann,M,90,7.2,,0.0,,,47,39.0,83.0,2.0,1.0,1.0,2.0,0,0,9.0,13.0
Rennes vs Lyon,Lyon,162590,Tyler Morton,M,75,6.9,,0.0,,,51,48.0,94.1,1.0,,3.0,1.0,0,1,4.0,7.0
Rennes vs Lyon,Lyon,199871,Adam Karabec,M,67,6.9,,0.0,1.0,1.0,24,20.0,83.3,1.0,,1.0,1.0,0,0,3.0,5.0
Rennes vs Lyon,Lyon,519,Corentin Tolisso,M,90,8.5,1.0,0.0,2.0,2.0,50,42.0,84.0,3.0,,1.0,4.0,1,0,9.0,13.0
Rennes vs Lyon,Lyon,361348,Malick Fofana,M,85,6.2,,0.0,,,25,20.0,80.0,,1.0,2.0,3.0,0,0,3.0,13.0
Rennes vs Lyon,Lyon,519664,Khalis Merah,F,75,6.7,,0.0,2.0,2.0,28,25.0,89.3,,,,2.0,0,0,2.0,3.0
Rennes vs Lyon,Lyon,18780,Rachid Ghezzal,F,23,6.5,,0.0,,,14,11.0,78.6,2.0,,1.0,,0,0,3.0,7.0
Rennes vs Lyon,Lyon,66387,Pavel Šulc,M,15,6.2,,0.0,,,3,2.0,66.7,,1.0,,,0,0,1.0,2.0
Rennes vs Lyon,Lyon,193293,Ruben Kluivert,D,16,6,,0.0,,,5,5.0,100.0,,,,,0,0,,1.0
Lyon vs Angers,Lyon,61142,Dominik Greif,G,90,7.6,,0.0,,,25,22.0,88.0,,,,,0,0,,
Lyon vs Angers,Lyon,1456,Ainsley Maitland-Niles,D,90,6.9,,0.0,3.0,1.0,36,35.0,97.2,2.0,3.0,1.0,,0,0,3.0,7.0
Lyon vs Angers,Lyon,68,Clinton Mata,D,90,7.5,,0.0,,,90,82.0,91.1,3.0,,1.0,,0,0,6.0,9.0
Lyon vs Angers,Lyon,25916,Moussa Niakhaté,D,90,7.9,,0.0,,,112,107.0,95.5,,,2.0,1.0,1,0,7.0,10.0
Lyon vs Angers,Lyon,529,Nicolás Tagliafico,D,90,7,,0.0,,,60,55.0,91.7,2.0,1.0,3.0,,0,0,2.0,8.0
Lyon vs Angers,Lyon,80752,Tanner Tessmann,M,90,7.2,1.0,0.0,4.0,1.0,59,51.0,86.4,1.0,,,1.0,0,0,3.0,10.0
Lyon vs Angers,Lyon,519664,Khalis Merah,M,64,6.2,,0.0,,,32,29.0,90.6,,,3.0,,1,0,,6.0
Lyon vs Angers,Lyon,199871,Adam Karabec,M,89,6.7,,0.0,,,30,25.0,83.3,,,1.0,2.0,0,0,5.0,7.0
Lyon vs Angers,Lyon,519,Corentin Tolisso,M,81,7.5,,0.0,1.0,1.0,67,60.0,89.6,2.0,2.0,,,0,0,5.0,6.0
Lyon vs Angers,Lyon,361348,Malick Fofana,M,89,7.6,,0.0,1.0,1.0,31,27.0,87.1,1.0,,1.0,3.0,0,0,5.0,8.0
Lyon vs Angers,Lyon,195512,Martín Satriano,F,81,6,,0.0,2.0,1.0,12,12.0,100.0,,,3.0,1.0,0,0,1.0,6.0
Lyon vs Angers,Lyon,66387,Pavel Šulc,M,26,6.9,,0.0,,,9,7.0,77.8,,,,,0,0,1.0,3.0
Lyon vs Angers,Lyon,438692,Mathys de Carvalho,M,9,6.6,,0.0,1.0,,12,12.0,100.0,1.0,,,,0,0,1.0,1.0
Lyon vs Angers,Lyon,471106,Enzo Molebe,F,9,6.2,,0.0,,,5,3.0,60.0,,,,,0,0,,1.0
Lyon vs Angers,Angers,22220,Hervé Koffi,G,90,7.3,,0.0,,,24,15.0,62.5,,,,1.0,0,0,1.0,1.0
Lyon vs Angers,Angers,20850,Carlens Arcus,D,90,6.3,,0.0,,,37,33.0,89.2,1.0,2.0,2.0,2.0,1,0,3.0,7.0
Lyon vs Angers,Angers,271540,Ousmane Camara,D,90,6.9,,0.0,,,31,27.0,87.1,1.0,,1.0,,0,0,2.0,3.0
Lyon vs Angers,Angers,21381,Jordan Lefort,D,90,6.2,,0.0,1.0,,41,34.0,82.9,,,1.0,1.0,1,0,4.0,7.0
Lyon vs Angers,Angers,343609,Jacques Ekomie,D,90,6.9,,0.0,1.0,1.0,25,21.0,84.0,2.0,3.0,2.0,2.0,0,0,4.0,7.0
Lyon vs Angers,Angers,289555,Louis Mouton,M,61,6.3,,0.0,1.0,,12,8.0,66.7,1.0,,,,0,0,3.0,8.0
Lyon vs Angers,Angers,20554,Haris Belkebla,M,90,6.3,,0.0,1.0,,22,18.0,81.8,1.0,1.0,1.0,1.0,0,0,2.0,3.0
Lyon vs Angers,Angers,174708,Yassin Belkhdim,M,82,7,,0.0,1.0,,25,18.0,72.0,1.0,1.0,,1.0,0,0,4.0,6.0
Lyon vs Angers,Angers,174660,Lilian Raolisoa,F,89,6.9,,0.0,,,19,15.0,78.9,1.0,,1.0,1.0,0,0,5.0,9.0
Lyon vs Angers,Angers,457541,Prosper Peter,F,90,6.9,,0.0,,,9,8.0,88.9,2.0,,1.0,5.0,0,0,9.0,17.0
Lyon vs Angers,Angers,405074,Justin-Noel Kalumba,F,62,6.7,,0.0,,,15,11.0,73.3,2.0,,,1.0,0,0,4.0,8.0
Lyon vs Angers,Angers,20692,Himad Abdelli,M,29,7,,0.0,,,15,13.0,86.7,,,,,0,0,,1.0
Lyon vs Angers,Angers,421875,Sidiki Cherif,F,28,6.7,,0.0,,,4,2.0,50.0,1.0,,1.0,1.0,0,0,3.0,5.0
Lyon vs Angers,Angers,21145,Pierrick Capelle,M,8,6.3,,0.0,,,4,3.0,75.0,,,,,0,0,,1.0
Nantes vs Rennes,Nantes,647,Anthony Lopes,G,90,6.9,,0.0,,,26,24.0,92.3,,,,1.0,0,0,2.0,2.0
Nantes vs Rennes,Nantes,22134,Kelvin Amian,D,90,6.7,,0.0,,,50,43.0,86.0,2.0,2.0,,1.0,0,0,3.0,3.0
Nantes vs Rennes,Nantes,50026,Chidozie Awaziem,D,90,6.3,,0.0,,,64,53.0,82.8,1.0,2.0,1.0,1.0,0,0,2.0,3.0
Nantes vs Rennes,Nantes,522609,Tylel Tati,D,66,5.9,,0.0,,,36,32.0,88.9,1.0,1.0,2.0,,1,0,2.0,5.0
Nantes vs Rennes,Nantes,21570,Nicolas Cozza,D,82,6.3,,0.0,,,30,18.0,60.0,1.0,,2.0,1.0,0,0,3.0,6.0
Nantes vs Rennes,Nantes,282549,Junior Mwanga,M,90,7.9,1.0,0.0,1.0,1.0,41,38.0,92.7,1.0,1.0,,1.0,0,0,3.0,4.0
Nantes vs Rennes,Nantes,266200,Mayckel Lahdo,M,78,6.5,,0.0,,,11,9.0,81.8,2.0,,1.0,3.0,0,0,5.0,8.0
Nantes vs Rennes,Nantes,193952,Johann Lepenant,M,90,6.7,,0.0,1.0,,35,29.0,82.9,3.0,2.0,,3.0,0,0,7.0,14.0
Nantes vs Rennes,Nantes,443674,Louis Leroux,M,89,6.3,,0.0,,,20,10.0,50.0,,1.0,,1.0,0,0,1.0,4.0
Nantes vs Rennes,Nantes,161622,Matthis Abline,M,90,7.2,,1.0,4.0,1.0,16,12.0,75.0,1.0,,2.0,2.0,0,0,10.0,15.0
Nantes vs Rennes,Nantes,2668,Mostafa Mohamed,F,67,6,,0.0,1.0,,5,4.0,80.0,,1.0,3.0,1.0,1,0,1.0,8.0
Nantes vs Rennes,Nantes,924,Francis Coquelin,M,11,6.3,,0.0,1.0,1.0,4,4.0,100.0,,,1.0,,0,0,,1.0
Nantes vs Rennes,Nantes,197771,Yassine Benhattab,M,23,6.6,,0.0,,,8,5.0,62.5,,,,,0,0,,
Nantes vs Rennes,Nantes,388779,Dehmaine Tabibou,M,13,6.2,,0.0,1.0,,6,4.0,66.7,,1.0,1.0,1.0,0,0,1.0,1.0
Nantes vs Rennes,Nantes,428504,Amady Camara,F,12,6.5,,0.0,,,4,2.0,50.0,,,,,0,0,,1.0
Nantes vs Rennes,Nantes,42086,Youssef El Arabi,F,8,8.2,1.0,0.0,1.0,1.0,2,2.0,100.0,1.0,,1.0,1.0,0,0,3.0,4.0
Nantes vs Rennes,Rennes,21628,Brice Samba,G,90,6.7,,0.0,,,48,31.0,64.6,,,,,0,0,,
Nantes vs Rennes,Rennes,196187,Alidu Seidu,D,45,7.3,,1.0,,,29,26.0,89.7,1.0,2.0,,2.0,0,0,4.0,5.0
Nantes vs Rennes,Rennes,367636,Jérémy Jacquet,D,90,6.9,,0.0,,,64,59.0,92.2,,2.0,1.0,2.0,0,0,5.0,8.0
Nantes vs Rennes,Rennes,129681,Anthony Rouault,D,90,6.2,,0.0,,,66,57.0,86.4,1.0,1.0,3.0,,1,0,1.0,8.0
Nantes vs Rennes,Rennes,24147,Mahdi Camara,M,90,6.3,,0.0,,,44,42.0,95.5,4.0,,1.0,2.0,0,0,6.0,11.0
Nantes vs Rennes,Rennes,21497,Ludovic Blas,M,69,6.9,1.0,0.0,4.0,2.0,31,26.0,83.9,1.0,1.0,,1.0,0,0,2.0,7.0
Nantes vs Rennes,Rennes,21102,Valentin Rongier,M,45,7.2,,0.0,1.0,,36,31.0,86.1,1.0,,2.0,,0,0,3.0,5.0
Nantes vs Rennes,Rennes,30807,Seko Fofana,M,90,7.2,,0.0,1.0,1.0,49,45.0,91.8,,,,2.0,0,0,6.0,7.0
Nantes vs Rennes,Rennes,272460,Quentin Merlin,M,90,6.2,,0.0,,,34,29.0,85.3,,,1.0,,0,0,,3.0
Nantes vs Rennes,Rennes,163004,Esteban Lepaul,F,81,7.3,1.0,0.0,2.0,1.0,16,13.0,81.2,,,3.0,1.0,0,0,2.0,5.0
Nantes vs Rennes,Rennes,421,Breel Embolo,F,65,6.7,,0.0,,,9,6.0,66.7,,,1.0,2.0,0,0,3.0,5.0
Nantes vs Rennes,Rennes,126757,Lilian Brassier,D,45,6.3,,0.0,,,24,20.0,83.3,1.0,,,,0,0,2.0,3.0
Nantes vs Rennes,Rennes,343792,Djaoui Cissé,M,45,6.3,,0.0,,,27,27.0,100.0,1.0,,4.0,,1,0,1.0,7.0
Nantes vs Rennes,Rennes,15286,Mousa Tamari,F,25,6.5,,0.0,,,8,8.0,100.0,,,,,0,0,,
Nantes vs Rennes,Rennes,30423,Hans Hateboer,M,21,5.2,,0.0,,,8,8.0,100.0,,,2.0,,0,0,1.0,3.0
Nantes vs Rennes,Rennes,449662,Mohamed Kader Meite,F,9,6.5,,0.0,,,2,1.0,50.0,,,,,0,0,,2.0
Stade Brestois 29 vs Nice,Stade Brestois 29,21248,Grégoire Coudert,G,90,7,,0.0,,,38,22.0,57.9,,,,,0,0,,
Stade Brestois 29 vs Nice,Stade Brestois 29,22247,Kenny Lala,D,90,7.3,,0.0,,,41,33.0,80.5,1.0,,,,0,0,3.0,4.0
Stade Brestois 29 vs Nice,Stade Brestois 29,20546,Brendan Chardonnet,D,90,7.7,,0.0,,,39,37.0,94.9,,,,1.0,0,0,2.0,3.0
Stade Brestois 29 vs Nice,Stade Brestois 29,365742,Michel Diaz,D,90,6.7,,0.0,,,24,21.0,87.5,,1.0,,1.0,0,0,2.0,4.0
Stade Brestois 29 vs Nice,Stade Brestois 29,274267,Bradley Locko,D,90,7.2,,0.0,,,35,28.0,80.0,3.0,,1.0,,0,0,3.0,6.0
Stade Brestois 29 vs Nice,Stade Brestois 29,128287,Joris Chotard,M,90,7.9,1.0,0.0,1.0,1.0,30,25.0,83.3,2.0,3.0,,,0,0,3.0,5.0
Stade Brestois 29 vs Nice,Stade Brestois 29,20558,Hugo Magnetti,M,90,6.6,,0.0,,,22,18.0,81.8,4.0,3.0,2.0,,0,0,5.0,9.0
Stade Brestois 29 vs Nice,Stade Brestois 29,2214,Romain Del Castillo,M,85,9.3,1.0,1.0,1.0,1.0,42,26.0,61.9,2.0,2.0,2.0,3.0,0,0,8.0,15.0
Stade Brestois 29 vs Nice,Stade Brestois 29,326068,Kamory Doumbia,M,79,6,,0.0,1.0,,27,20.0,74.1,2.0,2.0,2.0,1.0,0,0,4.0,11.0
Stade Brestois 29 vs Nice,Stade Brestois 29,375990,Pathé Mboup,M,61,6.2,,0.0,1.0,,14,7.0,50.0,,,3.0,2.0,0,0,2.0,9.0
Stade Brestois 29 vs Nice,Stade Brestois 29,22264,Ludovic Ajorque,F,85,9.2,1.0,3.0,4.0,2.0,41,35.0,85.4,3.0,1.0,3.0,1.0,0,0,16.0,26.0
Stade Brestois 29 vs Nice,Stade Brestois 29,326073,Remy Labeau Lascary,F,29,7.2,1.0,0.0,1.0,1.0,7,5.0,71.4,,,4.0,1.0,1,0,4.0,12.0
Stade Brestois 29 vs Nice,Stade Brestois 29,90594,Junior Dina Ebimbe,M,11,6.9,,0.0,,,7,6.0,85.7,2.0,,,,0,0,2.0,2.0
Stade Brestois 29 vs Nice,Stade Brestois 29,302868,Daouda Guindo,D,11,6.6,,0.0,,,3,3.0,100.0,1.0,,,,0,0,1.0,1.0
Stade Brestois 29 vs Nice,Stade Brestois 29,449153,Hamidou Makalou,M,11,6.7,,0.0,,,6,4.0,66.7,,,,,0,0,,
Stade Brestois 29 vs Nice,Nice,20566,Yehvann Diouf,G,90,5.2,,0.0,,,19,19.0,100.0,,,,,0,0,,
Stade Brestois 29 vs Nice,Nice,404172,Kojo Peprah Oppong,D,90,6.9,,0.0,,,94,88.0,93.6,4.0,,3.0,5.0,0,0,12.0,19.0
Stade Brestois 29 vs Nice,Nice,449509,Abdulay Juma Bah,D,90,5.7,,0.0,,,79,75.0,94.9,,1.0,,,0,0,2.0,8.0
Stade Brestois 29 vs Nice,Nice,162465,Melvin Bard,D,90,5.6,,0.0,1.0,,106,93.0,87.7,,1.0,1.0,1.0,1,0,3.0,8.0
Stade Brestois 29 vs Nice,Nice,25008,Jonathan Clauss,M,90,7.5,,0.0,,,54,49.0,90.7,2.0,2.0,1.0,2.0,0,0,5.0,8.0
Stade Brestois 29 vs Nice,Nice,4399,Hicham Boudaoui,M,73,6.6,,1.0,1.0,,36,31.0,86.1,1.0,1.0,,2.0,0,0,3.0,5.0
Stade Brestois 29 vs Nice,Nice,8680,Charles Vanhoutte,M,73,6.3,,0.0,,,62,52.0,83.9,3.0,1.0,2.0,1.0,1,0,6.0,13.0
Stade Brestois 29 vs Nice,Nice,158065,Tiago Gouveia,M,63,6.3,,0.0,2.0,,29,25.0,86.2,2.0,,1.0,,0,0,3.0,9.0
Stade Brestois 29 vs Nice,Nice,107,Sofiane Diop,F,90,6.9,,0.0,2.0,1.0,59,48.0,81.4,1.0,,1.0,2.0,1,0,4.0,9.0
Stade Brestois 29 vs Nice,Nice,30531,Jérémie Boga,F,79,7,,0.0,2.0,,24,20.0,83.3,,1.0,,3.0,0,0,7.0,8.0
Stade Brestois 29 vs Nice,Nice,69971,Terem Moffi,F,63,7,1.0,0.0,2.0,1.0,7,5.0,71.4,,,1.0,,0,0,1.0,4.0
Stade Brestois 29 vs Nice,Nice,188319,Kevin Carlos Omoruyi,F,27,6.5,,0.0,2.0,2.0,4,4.0,100.0,,,1.0,,0,0,2.0,4.0
Stade Brestois 29 vs Nice,Nice,105154,Isak Jansson,F,27,6.5,,0.0,1.0,,6,5.0,83.3,1.0,,,,0,0,1.0,3.0
Stade Brestois 29 vs Nice,Nice,1914,Morgan Sanson,M,17,6.5,,0.0,1.0,,11,10.0,90.9,,,,,0,0,1.0,3.0
Stade Brestois 29 vs Nice,Nice,193617,Tom Louchet,M,17,6.5,,0.0,,,11,10.0,90.9,,,,,0,0,,2.0
Stade Brestois 29 vs Nice,Nice,274312,Mohamed-Ali Cho,F,11,6.7,,0.0,,,4,4.0,100.0,,,,1.0,0,0,2.0,4.0
Lens vs Lille,Lens,347211,Robin Risser,G,90,8.3,,0.0,,,31,22.0,71.0,,,,,0,0,,
Lens vs Lille,Lens,21635,Jonathan Gradit,D,90,7.2,,0.0,,,31,26.0,83.9,2.0,2.0,2.0,1.0,0,0,3.0,6.0
Lens vs Lille,Lens,322984,Samson Baidoo,D,90,7.7,,0.0,,,32,27.0,84.4,1.0,5.0,1.0,,0,0,4.0,6.0
Lens vs Lille,Lens,22166,Malang Sarr,D,90,7.2,,0.0,,,43,31.0,72.1,3.0,2.0,1.0,,0,0,4.0,7.0
Lens vs Lille,Lens,21568,Ruben Aguilar,M,69,7.3,,0.0,1.0,1.0,24,19.0,79.2,2.0,,,,0,0,4.0,8.0
Lens vs Lille,Lens,277306,Mamadou Sangare,M,86,7.2,,0.0,1.0,,35,31.0,88.6,1.0,1.0,3.0,2.0,0,0,6.0,11.0
Lens vs Lille,Lens,22261,Adrien Thomasson,M,90,6.6,,0.0,,,36,28.0,77.8,1.0,1.0,4.0,1.0,0,0,2.0,9.0
Lens vs Lille,Lens,20525,Matthieu Udol,M,90,6.9,,0.0,1.0,,21,17.0,81.0,1.0,5.0,3.0,2.0,1,0,4.0,10.0
Lens vs Lille,Lens,1922,Florian Thauvin,F,86,7.3,1.0,0.0,5.0,2.0,28,23.0,82.1,1.0,1.0,2.0,1.0,0,0,4.0,11.0
Lens vs Lille,Lens,21715,Wesley Saïd,F,74,8.7,1.0,1.0,1.0,1.0,20,14.0,70.0,1.0,,1.0,1.0,0,0,4.0,8.0
Lens vs Lille,Lens,443579,Rayan Fofana,F,69,6.9,1.0,0.0,3.0,2.0,7,5.0,71.4,2.0,,,2.0,0,0,4.0,9.0
Lens vs Lille,Lens,44594,Saud Abdulhamid,D,21,7,,0.0,,,7,6.0,85.7,3.0,,,,0,0,3.0,3.0
Lens vs Lille,Lens,1135,Odsonne Édouard,F,21,6.3,,0.0,,,4,4.0,100.0,,,,,0,0,1.0,5.0
Lens vs Lille,Lens,23643,Morgan Guilavogui,F,16,6.9,,0.0,1.0,,3,2.0,66.7,,,,1.0,0,0,3.0,3.0
Lens vs Lille,Lens,395811,Fode Sylla,M,10,6.6,,0.0,,,1,1.0,100.0,1.0,,,,0,0,1.0,1.0
Lens vs Lille,Lens,20761,Florian Sotoca,F,10,6.5,,0.0,,,3,,,,,,,0,0,1.0,3.0
Lens vs Lille,Lille,1337,Berke Özer,G,90,7.2,,0.0,,,41,29.0,70.7,,,,1.0,0,0,1.0,1.0
Lens vs Lille,Lille,1567,Aïssa Mandi,D,90,6.3,,0.0,,,56,48.0,85.7,1.0,3.0,2.0,2.0,1,0,4.0,6.0
Lens vs Lille,Lille,312964,Nathan Ngoy,D,90,5.9,,0.0,,,64,57.0,89.1,2.0,2.0,,,0,0,3.0,8.0
Lens vs Lille,Lille,375,Chancel Mbemba,D,90,6.2,,0.0,1.0,1.0,70,69.0,98.6,4.0,,3.0,,1,0,6.0,12.0
Lens vs Lille,Lille,20600,Romain Perraud,D,18,6.9,,0.0,,,11,10.0,90.9,,1.0,,,0,0,,
Lens vs Lille,Lille,409,Nabil Bentaleb,M,77,6.9,,0.0,,,55,47.0,85.5,,,1.0,1.0,0,0,3.0,5.0
Lens vs Lille,Lille,438688,Ayyoub Bouaddi,M,90,6.2,,0.0,1.0,,36,29.0,80.6,,1.0,1.0,1.0,0,0,2.0,8.0
Lens vs Lille,Lille,340077,Matías Fernández,M,90,6.9,,0.0,1.0,,27,25.0,92.6,1.0,,,1.0,0,0,2.0,4.0
Lens vs Lille,Lille,67889,Hakon Arnar Haraldsson,M,59,6.5,,0.0,1.0,,29,20.0,69.0,3.0,,,3.0,0,0,7.0,9.0
Lens vs Lille,Lille,135749,Félix Correia,M,45,5.9,,0.0,2.0,2.0,15,10.0,66.7,,,,,0,0,,2.0
Lens vs Lille,Lille,2295,Olivier Giroud,F,78,6.5,,0.0,1.0,,16,12.0,75.0,,,3.0,1.0,0,0,5.0,12.0
Lens vs Lille,Lille,37151,Calvin Verdonk,D,72,6.7,,0.0,,,66,52.0,78.8,2.0,1.0,1.0,,1,0,6.0,9.0
Lens vs Lille,Lille,99576,Osame Sahraoui,F,45,6.3,,0.0,1.0,,21,16.0,76.2,1.0,,,6.0,0,0,9.0,14.0
Lens vs Lille,Lille,375598,Ngal'ayel Mukau,M,31,6.6,,0.0,,,20,18.0,90.0,1.0,,,,0,0,3.0,5.0
Lens vs Lille,Lille,386287,Ethan Mbappé,M,13,6.7,,0.0,,,8,8.0,100.0,,,,1.0,0,0,1.0,4.0
Lens vs Lille,Lille,306979,Hamza Igamane,F,12,6.5,,0.0,1.0,,4,3.0,75.0,,1.0,,,0,0,,1.0
Paris FC vs Strasbourg,Paris FC,194981,Obed Nkambadio,G,90,6.2,,0.0,,,34,32.0,94.1,,,,,0,0,,
Paris FC vs Strasbourg,Paris FC,2202,Hamari Traoré,D,69,6.3,,0.0,1.0,,43,40.0,93.0,4.0,1.0,1.0,,0,0,4.0,8.0
Paris FC vs Strasbourg,Paris FC,20869,Samir Sophian Chergui,D,90,6.3,,0.0,,,79,76.0,96.2,3.0,,1.0,1.0,0,0,6.0,8.0
Paris FC vs Strasbourg,Paris FC,174881,Moustapha Mbow,D,90,6.3,,0.0,,,79,75.0,94.9,1.0,2.0,1.0,1.0,0,0,3.0,5.0
Paris FC vs Strasbourg,Paris FC,389322,Nhoa Sangui,D,88,5.9,,0.0,,,48,45.0,93.8,2.0,,,,0,0,2.0,4.0
Paris FC vs Strasbourg,Paris FC,22170,Pierre Lees Melou,M,90,6.6,,0.0,1.0,1.0,56,50.0,89.3,2.0,,2.0,,0,0,2.0,6.0
Paris FC vs Strasbourg,Paris FC,83831,Ilan Kebbal,M,90,8.3,,1.0,2.0,1.0,82,69.0,84.1,1.0,,,2.0,0,0,8.0,10.0
Paris FC vs Strasbourg,Paris FC,1910,Maxime López,M,90,7.2,,0.0,,,108,98.0,90.7,1.0,,3.0,1.0,1,0,2.0,7.0
Paris FC vs Strasbourg,Paris FC,84218,Adama Camara,M,79,6.2,,0.0,1.0,,41,33.0,80.5,3.0,1.0,2.0,,0,0,3.0,8.0
Paris FC vs Strasbourg,Paris FC,2781,Moses Simon,M,69,6.9,,0.0,3.0,1.0,14,14.0,100.0,1.0,,,,0,0,5.0,9.0
Paris FC vs Strasbourg,Paris FC,120,Willem Geubbels,F,45,6.2,,0.0,3.0,1.0,7,6.0,85.7,,,,,0,0,1.0,1.0
Paris FC vs Strasbourg,Paris FC,20704,Alimami Gory,F,45,6.9,1.0,0.0,2.0,1.0,10,9.0,90.0,1.0,,,,0,0,1.0,5.0
Paris FC vs Strasbourg,Paris FC,8474,Thibault De Smet,D,21,6.3,,0.0,1.0,,19,19.0,100.0,,,,2.0,0,0,2.0,3.0
Paris FC vs Strasbourg,Paris FC,19430,Nouha Dicko,F,21,8,1.0,1.0,2.0,1.0,4,2.0,50.0,,,,1.0,0,0,3.0,4.0
Paris FC vs Strasbourg,Paris FC,22003,Mathieu Cafaro,M,11,6.5,,0.0,,,7,5.0,71.4,,,1.0,1.0,0,0,1.0,2.0
Paris FC vs Strasbourg,Paris FC,22842,Jean-Philippe Krasso,F,11,6.6,,0.0,,,3,3.0,100.0,,,,,0,0,,1.0
Paris FC vs Strasbourg,Strasbourg,340151,Mike Penders,G,90,6.2,,0.0,,,43,31.0,72.1,,,,,1,0,,
Paris FC vs Strasbourg,Strasbourg,358166,Abdoul Ouattara,D,90,6.2,,0.0,,,37,30.0,81.1,1.0,1.0,,1.0,0,0,2.0,4.0
Paris FC vs Strasbourg,Strasbourg,271542,Ismael Doukouré,D,90,6.3,,1.0,1.0,,60,55.0,91.7,,,,,0,0,4.0,5.0
Paris FC vs Strasbourg,Strasbourg,276184,Mamadou Sarr,D,90,6.3,,0.0,,,60,55.0,91.7,1.0,,1.0,,1,0,2.0,5.0
Paris FC vs Strasbourg,Strasbourg,2933,Ben Chilwell,D,90,6.7,,0.0,,,37,32.0,86.5,2.0,,,,0,0,4.0,6.0
Paris FC vs Strasbourg,Strasbourg,335056,Diego Moreira,M,85,7,,1.0,,,36,27.0,75.0,3.0,,,,0,0,4.0,9.0
Paris FC vs Strasbourg,Strasbourg,415431,Samir El Mourabet,M,73,7.2,,0.0,,,36,33.0,91.7,1.0,,,2.0,0,0,3.0,4.0
Paris FC vs Strasbourg,Strasbourg,319572,Valentín Barco,M,90,6.9,,0.0,,,36,27.0,75.0,3.0,,2.0,1.0,1,0,5.0,8.0
Paris FC vs Strasbourg,Strasbourg,359386,Martial Godo,M,61,6.2,,0.0,,,14,11.0,78.6,1.0,,1.0,,1,0,2.0,8.0
Paris FC vs Strasbourg,Strasbourg,390742,Joaquin Panichelli,F,60,6.2,,0.0,,,12,10.0,83.3,1.0,,2.0,2.0,0,0,3.0,10.0
Paris FC vs Strasbourg,Strasbourg,406303,Kendry Páez,F,61,6.9,1.0,0.0,1.0,1.0,19,14.0,73.7,,,1.0,1.0,0,0,1.0,6.0
Paris FC vs Strasbourg,Strasbourg,203762,Emmanuel Emegha,F,30,7.2,1.0,1.0,2.0,2.0,5,5.0,100.0,,,3.0,1.0,1,0,1.0,5.0
Paris FC vs Strasbourg,Strasbourg,161747,Guéla Doué,D,29,6.6,1.0,0.0,1.0,1.0,5,4.0,80.0,1.0,1.0,,,0,0,2.0,3.0
Paris FC vs Strasbourg,Strasbourg,325594,Félix Lemaréchal,M,29,6.3,,0.0,,,9,6.0,66.7,,,,2.0,0,0,3.0,5.0
Paris FC vs Strasbourg,Strasbourg,395762,Mathis Amougou,M,17,6.5,,0.0,1.0,,4,3.0,75.0,,,,1.0,0,0,2.0,3.0
Paris FC vs Strasbourg,Strasbourg,147835,Andrew Omobamidele,D,15,6.5,,0.0,,,1,1.0,100.0,,,,,0,0,,
Monaco vs Metz,Monaco,7313,Philipp Köhn,G,90,7.3,,0.0,,,18,15.0,83.3,,,,,0,0,,
Monaco vs Metz,Monaco,231,Jordan Teze,D,90,6.7,,0.0,,,35,33.0,94.3,4.0,2.0,1.0,1.0,1,0,6.0,9.0
Monaco vs Metz,Monaco,175,Eric Dier,D,90,6.6,,0.0,,,64,62.0,96.9,,2.0,,,0,0,2.0,6.0
Monaco vs Metz,Monaco,261,Thilo Kehrer,D,90,6.9,,0.0,1.0,,67,57.0,85.1,1.0,,1.0,,0,0,4.0,5.0
Monaco vs Metz,Monaco,333137,Kassoum Ouattara,D,79,6.6,,0.0,1.0,,9,6.0,66.7,1.0,2.0,2.0,,0,0,5.0,13.0
Monaco vs Metz,Monaco,274300,Maghnes Akliouche,M,90,6.6,,0.0,,,35,28.0,80.0,5.0,,2.0,1.0,0,0,6.0,14.0
Monaco vs Metz,Monaco,374058,Lamine Camara,M,90,7.2,,1.0,2.0,,50,43.0,86.0,3.0,3.0,,,0,0,4.0,9.0
Monaco vs Metz,Monaco,453792,Aladji Bamba,M,33,6.6,,0.0,,,19,15.0,78.9,2.0,,1.0,,0,0,2.0,3.0
Monaco vs Metz,Monaco,1101,Takumi Minamino,M,79,6.2,,1.0,1.0,,26,19.0,73.1,,,3.0,,0,0,,6.0
Monaco vs Metz,Monaco,283026,Mika Biereth,F,68,7.3,1.0,0.0,2.0,2.0,9,3.0,33.3,2.0,,2.0,2.0,0,0,5.0,11.0
Monaco vs Metz,Monaco,386276,Paris Brunner,F,45,6.3,,0.0,,,10,7.0,70.0,1.0,1.0,2.0,,0,0,2.0,6.0
Monaco vs Metz,Monaco,81,Krépin Diatta,M,57,7.2,,1.0,,,27,21.0,77.8,2.0,3.0,1.0,1.0,0,0,3.0,7.0
Monaco vs Metz,Monaco,135775,Ansu Fati,F,45,8.3,2.0,0.0,3.0,2.0,23,18.0,78.3,2.0,,,,0,0,4.0,5.0
Monaco vs Metz,Monaco,395040,George Ilenikhena,F,22,7.7,1.0,0.0,2.0,1.0,5,4.0,80.0,,,,1.0,0,0,2.0,4.0
Monaco vs Metz,Monaco,10316,Caio Henrique,D,11,6.9,,0.0,,,7,5.0,71.4,1.0,,,,0,0,1.0,1.0
Monaco vs Metz,Monaco,340152,Stanis Idumbo Muzambo,M,11,7.2,,1.0,1.0,1.0,6,6.0,100.0,,,,,0,0,,1.0
Monaco vs Metz,Metz,158532,Jonathan Fischer,G,90,6.6,,0.0,,,51,44.0,86.3,,,,,0,0,,
Monaco vs Metz,Metz,19518,Maxime Colin,D,90,5.7,,0.0,,,52,46.0,88.5,2.0,,,1.0,0,0,3.0,6.0
Monaco vs Metz,Metz,3240,Jean-Philippe Gbamin,D,90,6.2,,0.0,,,85,78.0,91.8,4.0,1.0,,1.0,0,0,6.0,11.0
Monaco vs Metz,Metz,363792,Terry Yegbe,D,90,5.2,,0.0,,,65,55.0,84.6,2.0,1.0,3.0,,0,0,2.0,7.0
Monaco vs Metz,Metz,96331,Koffi Kouao,M,89,6.9,,0.0,1.0,1.0,27,18.0,66.7,4.0,1.0,,5.0,0,0,11.0,16.0
Monaco vs Metz,Metz,407,Benjamin Stambouli,M,89,6.3,,0.0,,,46,36.0,78.3,1.0,1.0,,2.0,0,0,3.0,5.0
Monaco vs Metz,Metz,21640,Jessy Deminguet,M,75,6.5,,0.0,,,46,42.0,91.3,2.0,2.0,1.0,1.0,0,0,3.0,7.0
Monaco vs Metz,Metz,105,Fodé Ballo-Touré,M,75,6.7,,0.0,,,39,36.0,92.3,2.0,,,1.0,0,0,5.0,8.0
Monaco vs Metz,Metz,20529,Gauthier Hein,F,90,7.2,1.0,0.0,2.0,1.0,75,61.0,81.3,1.0,,,1.0,0,0,3.0,6.0
Monaco vs Metz,Metz,20534,Cheick Tidiane Sabaly,F,90,7.5,,1.0,1.0,,30,24.0,80.0,2.0,2.0,1.0,1.0,0,0,5.0,12.0
Monaco vs Metz,Metz,20535,Habib Diallo,F,90,7.7,1.0,0.0,1.0,1.0,11,5.0,45.5,,,1.0,2.0,0,0,8.0,13.0
Monaco vs Metz,Metz,434352,Alpha Touré,M,15,6.2,,0.0,,,6,5.0,83.3,1.0,,,,0,0,1.0,2.0
Monaco vs Metz,Metz,384683,Ismaël Guerti,M,15,6.3,,0.0,,,9,7.0,77.8,2.0,1.0,,,0,0,3.0,4.0
Auxerre vs Toulouse,Auxerre,20542,Donovan Léon,G,90,8.7,,0.0,,,38,19.0,50.0,1.0,,,3.0,0,0,5.0,5.0
Auxerre vs Toulouse,Auxerre,191240,Marvin Senaya,D,90,7.6,,0.0,,,29,23.0,79.3,4.0,2.0,1.0,4.0,0,0,12.0,18.0
Auxerre vs Toulouse,Auxerre,402542,Telli Siwe,D,90,7,,0.0,1.0,,33,29.0,87.9,2.0,1.0,1.0,,0,0,3.0,5.0
Auxerre vs Toulouse,Auxerre,31016,Francisco Sierralta,D,90,7.9,,0.0,,,37,32.0,86.5,2.0,1.0,,1.0,0,0,7.0,9.0
Auxerre vs Toulouse,Auxerre,7578,Gideon Mensah,D,90,7.3,,0.0,,,38,31.0,81.6,2.0,1.0,1.0,2.0,1,0,5.0,7.0
Auxerre vs Toulouse,Auxerre,215827,Fredrik Oppegård,D,64,6.3,,0.0,,,14,10.0,71.4,3.0,,,,0,1,5.0,6.0
Auxerre vs Toulouse,Auxerre,90617,Lassine Sinayoko,M,85,6.9,,1.0,2.0,,20,14.0,70.0,3.0,1.0,1.0,5.0,0,0,10.0,20.0
Auxerre vs Toulouse,Auxerre,21010,Elisha Owusu,M,90,7.3,,0.0,,,27,22.0,81.5,5.0,,2.0,,0,0,6.0,12.0
Auxerre vs Toulouse,Auxerre,323625,Kévin Danois,M,90,7.2,,0.0,,,29,24.0,82.8,2.0,1.0,1.0,,0,0,4.0,7.0
Auxerre vs Toulouse,Auxerre,19625,Danny Namaso,M,90,8,1.0,0.0,1.0,1.0,15,11.0,73.3,2.0,,4.0,3.0,0,0,8.0,22.0
Auxerre vs Toulouse,Auxerre,190686,Sékou Mara,F,65,6.2,,0.0,,,13,11.0,84.6,,,1.0,1.0,0,0,2.0,9.0
Auxerre vs Toulouse,Auxerre,191189,Clement Akpa,D,25,6.9,,0.0,,,6,4.0,66.7,,,,,0,0,2.0,2.0
Auxerre vs Toulouse,Auxerre,30748,Assane Dioussé,M,12,6.7,,0.0,,,1,1.0,100.0,,,,,0,0,,
Auxerre vs Toulouse,Toulouse,325346,Guillaume Restes,G,90,6.2,,0.0,,,23,20.0,87.0,,,,,1,0,,
Auxerre vs Toulouse,Toulouse,50735,Mark McKenzie,D,90,6.7,,0.0,,,74,65.0,87.8,1.0,,3.0,,1,0,2.0,7.0
Auxerre vs Toulouse,Toulouse,278392,Charlie Cresswell,D,90,6,,0.0,1.0,,72,66.0,91.7,,,4.0,1.0,0,0,6.0,15.0
Auxerre vs Toulouse,Toulouse,15793,Rasmus Nicolaisen,D,70,6.9,,0.0,,,37,33.0,89.2,2.0,1.0,2.0,,0,0,8.0,10.0
Auxerre vs Toulouse,Toulouse,39115,Aron Dønnum,M,90,7.2,,0.0,,,45,41.0,91.1,2.0,1.0,1.0,,0,0,2.0,10.0
Auxerre vs Toulouse,Toulouse,50956,Cristian Cásseres Jr.,M,90,8.2,,0.0,1.0,1.0,53,44.0,83.0,7.0,1.0,1.0,2.0,1,0,10.0,11.0
Auxerre vs Toulouse,Toulouse,118345,Abu Francis,M,70,7,,0.0,,,38,32.0,84.2,3.0,1.0,,1.0,0,0,5.0,6.0
Auxerre vs Toulouse,Toulouse,452697,Dayann Methalie,M,56,6.3,,0.0,,,11,11.0,100.0,2.0,1.0,4.0,1.0,1,0,3.0,10.0
Auxerre vs Toulouse,Toulouse,430816,Noah Edjouma,F,56,6.7,,0.0,,,10,8.0,80.0,1.0,,1.0,1.0,0,0,3.0,7.0
Auxerre vs Toulouse,Toulouse,174724,Frank Magri,F,90,5.2,,0.0,2.0,1.0,12,9.0,75.0,,,1.0,,0,0,1.0,13.0
Auxerre vs Toulouse,Toulouse,84128,Yann Gboho,F,82,6.2,,0.0,1.0,,25,21.0,84.0,,,,2.0,0,0,3.0,9.0
Auxerre vs Toulouse,Toulouse,264383,Warren Kamanzi,D,34,6.9,,0.0,,,15,12.0,80.0,4.0,,,,0,0,4.0,7.0
Auxerre vs Toulouse,Toulouse,321648,Emersonn,F,34,6,,0.0,4.0,1.0,1,1.0,100.0,,,1.0,,0,0,2.0,9.0
Auxerre vs Toulouse,Toulouse,102,Djibril Sidibé,D,20,7.3,,0.0,,,22,21.0,95.5,1.0,,1.0,1.0,1,0,2.0,3.0
Auxerre vs Toulouse,Toulouse,304140,Mario Sauer,M,20,6.3,,0.0,,,9,6.0,66.7,,,,,0,0,,
Auxerre vs Toulouse,Toulouse,362741,Santiago Hidalgo,F,8,6.3,,0.0,,,3,2.0,66.7,2.0,,1.0,,1,0,2.0,5.0
Le Havre vs Lorient,Le Havre,119853,Mory Diaw,G,90,7.2,,0.0,,,23,19.0,82.6,,,,,0,0,1.0,2.0
Le Havre vs Lorient,Le Havre,2336,Loic Négo,D,90,6.3,,0.0,,,63,50.0,79.4,2.0,1.0,,,0,0,2.0,4.0
Le Havre vs Lorient,Le Havre,174927,Arouna Sangante,D,90,7.7,,0.0,,,109,97.0,89.0,1.0,,1.0,1.0,1,0,7.0,10.0
Le Havre vs Lorient,Le Havre,64255,Gautier Lloris,D,90,7.2,,1.0,1.0,1.0,106,104.0,98.1,1.0,1.0,1.0,2.0,0,0,5.0,10.0
Le Havre vs Lorient,Le Havre,20521,Thomas Delaine,D,85,6.6,,0.0,,,68,52.0,76.5,,2.0,1.0,,0,0,,1.0
Le Havre vs Lorient,Le Havre,33165,Ayumu Seko,M,90,6.9,,0.0,1.0,,40,30.0,75.0,3.0,,2.0,3.0,1,0,9.0,12.0
Le Havre vs Lorient,Le Havre,21103,Abdoulaye Touré,M,85,6,,0.0,2.0,,43,35.0,81.4,,1.0,3.0,1.0,0,0,4.0,9.0
Le Havre vs Lorient,Le Havre,174625,Fodé Doucouré,M,63,6.5,,0.0,,,18,15.0,83.3,1.0,2.0,1.0,,0,0,2.0,6.0
Le Havre vs Lorient,Le Havre,174937,Yassine Kechta,M,63,6.5,,0.0,1.0,,17,16.0,94.1,1.0,,3.0,1.0,0,0,2.0,8.0
Le Havre vs Lorient,Le Havre,156465,Issa Soumaré,M,90,8.2,1.0,0.0,2.0,1.0,21,18.0,85.7,3.0,1.0,4.0,3.0,0,0,12.0,21.0
Le Havre vs Lorient,Le Havre,1945,Mbwana Ally Samatta,F,77,6,,0.0,2.0,,17,13.0,76.5,,,2.0,1.0,1,0,2.0,13.0
Le Havre vs Lorient,Le Havre,128342,Rassoul Ndiaye,M,27,6.6,,0.0,,,9,7.0,77.8,,,,,0,0,1.0,3.0
Le Havre vs Lorient,Le Havre,36932,Younes Namli,F,27,6.7,,0.0,1.0,,11,8.0,72.7,2.0,1.0,,,0,0,3.0,6.0
Le Havre vs Lorient,Le Havre,344165,Damián Pizarro,F,13,6.3,,0.0,,,2,2.0,100.0,,,,1.0,0,0,1.0,3.0
Le Havre vs Lorient,Le Havre,437349,Enzo Koffi,F,12,6.3,,0.0,,,6,5.0,83.3,,,,,0,0,,
Le Havre vs Lorient,Le Havre,961,Felix Mambimbi,F,12,6.3,,0.0,1.0,,2,1.0,50.0,1.0,,2.0,,0,0,3.0,6.0
Le Havre vs Lorient,Lorient,1142,Yvon Mvogo,G,90,6.5,,0.0,,,34,21.0,61.8,,,,,0,0,1.0,1.0
Le Havre vs Lorient,Lorient,193501,Bamo Meïté,D,90,6.2,,0.0,1.0,1.0,44,33.0,75.0,1.0,1.0,1.0,1.0,1,0,4.0,11.0
Le Havre vs Lorient,Lorient,50030,Montassar Talbi,D,90,6.6,,0.0,,,30,25.0,83.3,,,1.0,,1,0,5.0,8.0
Le Havre vs Lorient,Lorient,437776,Abdoulaye Faye,D,90,7.3,,0.0,2.0,,55,48.0,87.3,1.0,2.0,1.0,2.0,1,0,9.0,12.0
Le Havre vs Lorient,Lorient,174703,Théo Le Bris,M,74,6.6,,0.0,,,14,12.0,85.7,2.0,1.0,,1.0,0,0,4.0,4.0
Le Havre vs Lorient,Lorient,402265,Arthur Avom Ebong,M,90,6.9,,0.0,1.0,1.0,37,30.0,81.1,3.0,2.0,2.0,3.0,1,0,7.0,11.0
Le Havre vs Lorient,Lorient,20917,Laurent Abergel,M,90,6.7,,0.0,,,58,49.0,84.5,2.0,1.0,1.0,,1,0,4.0,10.0
Le Havre vs Lorient,Lorient,402386,Arsène Kouassi,M,90,7.5,,0.0,,,32,27.0,84.4,4.0,,1.0,2.0,0,0,8.0,12.0
Le Havre vs Lorient,Lorient,72457,Aiyegun Tosin,F,63,7.6,1.0,0.0,1.0,1.0,10,7.0,70.0,,,1.0,2.0,0,0,3.0,6.0
Le Havre vs Lorient,Lorient,322865,Karim Dermane,F,90,7.5,,1.0,,,33,26.0,78.8,2.0,,,4.0,0,0,7.0,13.0
Le Havre vs Lorient,Lorient,200873,Mohamed Bamba,F,62,5.6,,0.0,1.0,,10,8.0,80.0,,,5.0,,1,0,1.0,11.0
Le Havre vs Lorient,Lorient,144319,Sambou Soumano,F,28,6.2,,0.0,,,5,4.0,80.0,,,2.0,,0,0,1.0,5.0
Le Havre vs Lorient,Lorient,22171,Jean-Victor Makengo,M,27,6.3,,0.0,2.0,1.0,11,8.0,72.7,,,,3.0,0,0,3.0,6.0
Le Havre vs Lorient,Lorient,158551,Joel Mugisha Mvuka,M,16,6.9,,0.0,,,5,4.0,80.0,1.0,1.0,,,0,0,3.0,4.0
Marseille vs Paris Saint Germain,Marseille,47296,Gerónimo Rulli,G,90,8.2,,0.0,,,29,25.0,86.2,,,,,0,0,,
Marseille vs Paris Saint Germain,Marseille,2725,Benjamin Pavard,D,90,7,,0.0,,,16,14.0,87.5,,,2.0,,1,0,1.0,3.0
Marseille vs Paris Saint Germain,Marseille,6,Leonardo Balerdi,D,90,7.2,,0.0,,,23,20.0,87.0,3.0,3.0,1.0,1.0,0,0,5.0,10.0
Marseille vs Paris Saint Germain,Marseille,21694,Nayef Aguerd,D,90,8.2,,0.0,1.0,,35,28.0,80.0,2.0,,1.0,,0,0,5.0,7.0
Marseille vs Paris Saint Germain,Marseille,1138,Timothy Weah,M,78,7.3,,0.0,,,22,18.0,81.8,5.0,2.0,1.0,1.0,1,0,6.0,8.0
Marseille vs Paris Saint Germain,Marseille,19030,Matt O'Riley,M,90,6.5,,0.0,,,30,25.0,83.3,1.0,1.0,3.0,,0,0,3.0,10.0
Marseille vs Paris Saint Germain,Marseille,2735,Pierre-Emile Højbjerg,M,90,7.3,,0.0,1.0,,42,36.0,85.7,1.0,2.0,2.0,4.0,0,0,8.0,11.0
Marseille vs Paris Saint Germain,Marseille,2284,Emerson Palmieri,M,90,6.3,,0.0,1.0,,20,15.0,75.0,2.0,,3.0,,0,0,3.0,10.0
Marseille vs Paris Saint Germain,Marseille,897,Mason Greenwood,F,89,6.7,,0.0,,,33,21.0,63.6,,,1.0,,0,0,,5.0
Marseille vs Paris Saint Germain,Marseille,9363,Igor Paixão,F,61,6.5,,0.0,1.0,,15,10.0,66.7,1.0,,,1.0,0,0,2.0,5.0
Marseille vs Paris Saint Germain,Marseille,85041,Amine Gouiri,F,78,6.2,,0.0,1.0,,22,17.0,77.3,,,,,0,0,2.0,5.0
Marseille vs Paris Saint Germain,Marseille,1465,Pierre-Emerick Aubameyang,F,29,7.2,,0.0,1.0,1.0,13,9.0,69.2,1.0,1.0,1.0,,0,0,2.0,5.0
Marseille vs Paris Saint Germain,Marseille,2973,Amir Murillo,D,12,6.9,,0.0,,,2,2.0,100.0,1.0,,1.0,,1,0,1.0,2.0
Marseille vs Paris Saint Germain,Marseille,283216,Bilal Nadir,M,12,6.6,,0.0,,,5,5.0,100.0,1.0,,,,0,0,1.0,2.0
Marseille vs Paris Saint Germain,Paris Saint Germain,162453,Lucas Chevalier,G,90,5.9,,0.0,,,21,19.0,90.5,,,,,0,0,,
Marseille vs Paris Saint Germain,Paris Saint Germain,257,Marquinhos,D,90,6.6,,0.0,,,78,73.0,93.6,2.0,,,,0,0,4.0,6.0
Marseille vs Paris Saint Germain,Paris Saint Germain,161671,Ilya Zabarnyi,D,90,7.2,,0.0,,,64,59.0,92.2,3.0,,,1.0,0,0,4.0,7.0
Marseille vs Paris Saint Germain,Paris Saint Germain,16367,Willian Pacho,D,64,6.7,,0.0,,,66,66.0,100.0,,,,,0,0,,
Marseille vs Paris Saint Germain,Paris Saint Germain,9,Achraf Hakimi,M,90,7,,0.0,2.0,1.0,78,67.0,85.9,3.0,,1.0,2.0,0,0,7.0,11.0
Marseille vs Paris Saint Germain,Paris Saint Germain,336657,Warren Zaïre-Emery,M,73,6.3,,0.0,,,54,49.0,90.7,1.0,,3.0,,0,0,3.0,9.0
Marseille vs Paris Saint Germain,Paris Saint Germain,128384,Vitinha,M,90,7.3,,0.0,4.0,3.0,101,93.0,92.1,1.0,1.0,,4.0,0,0,7.0,10.0
Marseille vs Paris Saint Germain,Paris Saint Germain,328,Fabián Ruiz,M,90,6.6,,0.0,1.0,1.0,69,62.0,89.9,,1.0,,,1,0,,2.0
Marseille vs Paris Saint Germain,Paris Saint Germain,263482,Nuno Mendes,M,90,7.3,,0.0,,,53,49.0,92.5,4.0,1.0,,3.0,0,0,8.0,13.0
Marseille vs Paris Saint Germain,Paris Saint Germain,41585,Gonçalo Ramos,F,89,6.5,,0.0,1.0,,16,10.0,62.5,2.0,1.0,2.0,1.0,0,0,6.0,12.0
Marseille vs Paris Saint Germain,Paris Saint Germain,483,Khvicha Kvaratskhelia,F,90,6.7,,0.0,2.0,,42,37.0,88.1,,1.0,1.0,4.0,0,0,5.0,9.0
Marseille vs Paris Saint Germain,Paris Saint Germain,927,Kang-in Lee,M,26,6.3,,0.0,1.0,,15,15.0,100.0,,,,,0,0,,2.0
Marseille vs Paris Saint Germain,Paris Saint Germain,409216,Senny Mayulu,M,17,6.6,,0.0,,,11,11.0,100.0,1.0,,,1.0,0,0,2.0,4.0
Strasbourg vs Marseille,Strasbourg,340151,Mike Penders,G,90,7.3,,0.0,,,40,32.0,80.0,,,,,0,0,,
Strasbourg vs Marseille,Strasbourg,161747,Guéla Doué,D,84,6.7,,0.0,,,11,7.0,63.6,1.0,,1.0,2.0,0,0,4.0,9.0
Strasbourg vs Marseille,Strasbourg,396193,Lucas Høgsberg,D,90,6.5,,0.0,,,46,38.0,82.6,2.0,1.0,2.0,2.0,0,0,6.0,8.0
Strasbourg vs Marseille,Strasbourg,276184,Mamadou Sarr,D,90,6.2,,0.0,,,38,33.0,86.8,1.0,1.0,1.0,,0,0,2.0,6.0
Strasbourg vs Marseille,Strasbourg,2933,Ben Chilwell,D,90,6,,0.0,,,38,31.0,81.6,,,1.0,3.0,0,0,4.0,10.0
Strasbourg vs Marseille,Strasbourg,319572,Valentín Barco,M,84,7.3,,0.0,1.0,,50,44.0,88.0,3.0,2.0,,3.0,0,0,8.0,11.0
Strasbourg vs Marseille,Strasbourg,271542,Ismael Doukouré,M,90,6.9,,0.0,,,53,45.0,84.9,4.0,2.0,,1.0,0,0,6.0,8.0
Strasbourg vs Marseille,Strasbourg,406303,Kendry Páez,M,45,6.3,,0.0,1.0,,12,8.0,66.7,,,2.0,,0,0,,4.0
Strasbourg vs Marseille,Strasbourg,325594,Félix Lemaréchal,M,45,6.3,,0.0,,,15,10.0,66.7,1.0,1.0,,,0,0,1.0,3.0
Strasbourg vs Marseille,Strasbourg,335056,Diego Moreira,M,90,6.7,,0.0,,,26,21.0,80.8,,,1.0,1.0,0,0,2.0,7.0
Strasbourg vs Marseille,Strasbourg,203762,Emmanuel Emegha,F,62,6.9,,1.0,1.0,,7,6.0,85.7,,,2.0,2.0,1,0,2.0,5.0
Strasbourg vs Marseille,Strasbourg,358166,Abdoul Ouattara,M,45,7.9,1.0,0.0,1.0,1.0,19,15.0,78.9,1.0,1.0,,,0,0,2.0,3.0
Strasbourg vs Marseille,Strasbourg,334035,Samuel Amo-Ameyaw,F,45,6.3,,0.0,,,15,15.0,100.0,,,1.0,,1,0,,3.0
Strasbourg vs Marseille,Strasbourg,390742,Joaquin Panichelli,F,28,6.3,,0.0,3.0,,10,7.0,70.0,,,2.0,1.0,0,0,3.0,6.0
Strasbourg vs Marseille,Strasbourg,147835,Andrew Omobamidele,D,12,6.3,,0.0,,,5,3.0,60.0,,,,,0,0,,
Strasbourg vs Marseille,Strasbourg,415431,Samir El Mourabet,M,12,6.5,,0.0,,,8,8.0,100.0,,,,,0,0,,
Strasbourg vs Marseille,Marseille,47296,Gerónimo Rulli,G,90,6.3,,0.0,,,39,27.0,69.2,,,,1.0,0,0,1.0,1.0
Strasbourg vs Marseille,Marseille,2973,Amir Murillo,D,90,6.9,1.0,0.0,1.0,1.0,37,31.0,83.8,2.0,,3.0,2.0,1,0,7.0,14.0
Strasbourg vs Marseille,Marseille,6,Leonardo Balerdi,D,90,7,,0.0,2.0,,69,64.0,92.8,3.0,2.0,1.0,3.0,1,0,8.0,10.0
Strasbourg vs Marseille,Marseille,21694,Nayef Aguerd,D,90,6.7,,0.0,,,92,84.0,91.3,,2.0,1.0,1.0,1,0,1.0,2.0
Strasbourg vs Marseille,Marseille,6231,Facundo Medina,D,85,7.2,,0.0,,,58,55.0,94.8,3.0,,,3.0,0,0,7.0,9.0
Strasbourg vs Marseille,Marseille,19030,Matt O'Riley,M,85,6.5,,0.0,,,65,57.0,87.7,,2.0,2.0,,1,0,,4.0
Strasbourg vs Marseille,Marseille,2735,Pierre-Emile Højbjerg,M,90,6.6,,0.0,1.0,,74,68.0,91.9,1.0,,3.0,,0,0,3.0,9.0
Strasbourg vs Marseille,Marseille,9363,Igor Paixão,M,58,6.5,,0.0,2.0,1.0,15,12.0,80.0,1.0,,,1.0,0,0,3.0,7.0
Strasbourg vs Marseille,Marseille,896,Angel Gomes,M,90,6.3,,0.0,,,48,41.0,85.4,1.0,,3.0,1.0,0,0,3.0,8.0
Strasbourg vs Marseille,Marseille,1138,Timothy Weah,M,58,6.3,,0.0,1.0,1.0,18,16.0,88.9,,,1.0,1.0,0,0,2.0,4.0
Strasbourg vs Marseille,Marseille,85041,Amine Gouiri,F,58,6.5,,0.0,3.0,2.0,13,11.0,84.6,,,,,0,0,,2.0
Strasbourg vs Marseille,Marseille,2284,Emerson Palmieri,D,32,7.2,,0.0,,,21,17.0,81.0,2.0,,,,0,0,4.0,5.0
Strasbourg vs Marseille,Marseille,897,Mason Greenwood,F,32,6.7,,0.0,1.0,1.0,24,23.0,95.8,,,,,0,0,1.0,3.0
Strasbourg vs Marseille,Marseille,1465,Pierre-Emerick Aubameyang,F,32,7.2,1.0,0.0,2.0,2.0,11,10.0,90.9,1.0,,,,0,0,2.0,3.0
Strasbourg vs Marseille,Marseille,2725,Benjamin Pavard,D,11,7,,0.0,,,3,2.0,66.7,,,,,0,0,1.0,1.0
Strasbourg vs Marseille,Marseille,435482,Robinio Vaz,F,11,6.3,,0.0,1.0,1.0,1,,,,,1.0,,0,0,,1.0
Lorient vs Monaco,Lorient,1142,Yvon Mvogo,G,90,6.6,,0.0,,,31,28.0,90.3,,,,,0,0,,
Lorient vs Monaco,Lorient,193501,Bamo Meïté,D,90,6.9,,0.0,1.0,,62,56.0,90.3,,,2.0,1.0,0,0,3.0,7.0
Lorient vs Monaco,Lorient,50030,Montassar Talbi,D,90,7,,0.0,,,40,38.0,95.0,2.0,,,,0,0,3.0,3.0
Lorient vs Monaco,Lorient,437776,Abdoulaye Faye,D,90,6.6,,0.0,,,68,61.0,89.7,1.0,3.0,1.0,,0,0,3.0,4.0
Lorient vs Monaco,Lorient,174703,Théo Le Bris,M,83,6.9,,0.0,2.0,1.0,35,31.0,88.6,,,,1.0,0,0,1.0,2.0
Lorient vs Monaco,Lorient,402265,Arthur Avom Ebong,M,83,7.9,,0.0,,,46,40.0,87.0,1.0,2.0,,1.0,0,0,4.0,8.0
Lorient vs Monaco,Lorient,20917,Laurent Abergel,M,90,7.3,,0.0,,,75,69.0,92.0,1.0,,,1.0,0,0,3.0,3.0
Lorient vs Monaco,Lorient,402386,Arsène Kouassi,M,90,8.3,,0.0,,,40,33.0,82.5,,1.0,2.0,2.0,0,0,6.0,10.0
Lorient vs Monaco,Lorient,72457,Aiyegun Tosin,F,62,6.7,,0.0,2.0,1.0,21,15.0,71.4,2.0,,,1.0,0,0,6.0,8.0
Lorient vs Monaco,Lorient,322865,Karim Dermane,F,72,6.6,,0.0,1.0,,34,29.0,85.3,3.0,1.0,1.0,1.0,1,0,4.0,8.0
Lorient vs Monaco,Lorient,200873,Mohamed Bamba,F,62,7.7,1.0,0.0,4.0,3.0,10,8.0,80.0,1.0,,2.0,1.0,1,0,3.0,6.0
Lorient vs Monaco,Lorient,22171,Jean-Victor Makengo,M,28,6.6,,1.0,,,11,11.0,100.0,3.0,,1.0,,0,0,4.0,6.0
Lorient vs Monaco,Lorient,144319,Sambou Soumano,F,28,6.7,,1.0,,,7,5.0,71.4,,,1.0,,0,0,,2.0
Lorient vs Monaco,Lorient,276662,Pablo Pagis,F,18,9.3,2.0,0.0,3.0,3.0,14,11.0,78.6,,1.0,,,0,0,2.0,3.0
Lorient vs Monaco,Lorient,158551,Joel Mugisha Mvuka,M,16,6.2,,0.0,,,6,5.0,83.3,1.0,1.0,,1.0,0,0,2.0,4.0
Lorient vs Monaco,Lorient,23363,Noah Cadiou,M,16,6.9,,0.0,,,11,9.0,81.8,1.0,,,,0,0,2.0,2.0
Lorient vs Monaco,Monaco,7313,Philipp Köhn,G,90,7,,0.0,,,13,13.0,100.0,,,,,0,0,,
Lorient vs Monaco,Monaco,261,Thilo Kehrer,D,38,5.6,,0.0,,,41,34.0,82.9,1.0,1.0,2.0,,2,1,3.0,5.0
Lorient vs Monaco,Monaco,175,Eric Dier,D,90,8.5,,0.0,,,123,113.0,91.9,2.0,2.0,1.0,1.0,0,0,5.0,7.0
Lorient vs Monaco,Monaco,371916,Christian Mawissa,D,90,6.9,,0.0,,,106,101.0,95.3,,2.0,1.0,,0,0,,5.0
Lorient vs Monaco,Monaco,291649,Vanderson,M,45,6.6,,0.0,,,29,27.0,93.1,,,1.0,1.0,1,0,2.0,4.0
Lorient vs Monaco,Monaco,1101,Takumi Minamino,M,65,6.5,,0.0,2.0,,27,25.0,92.6,1.0,,,,0,0,1.0,6.0
Lorient vs Monaco,Monaco,231,Jordan Teze,M,90,6.2,,0.0,,,43,38.0,88.4,1.0,1.0,2.0,1.0,0,0,2.0,10.0
Lorient vs Monaco,Monaco,419035,Mamadou Coulibaly,M,81,6.7,,0.0,,,56,53.0,94.6,3.0,1.0,2.0,1.0,0,0,4.0,9.0
Lorient vs Monaco,Monaco,10316,Caio Henrique,M,90,6.3,,0.0,,,40,34.0,85.0,1.0,,1.0,1.0,0,0,2.0,5.0
Lorient vs Monaco,Monaco,395040,George Ilenikhena,F,65,6.2,,0.0,,,6,6.0,100.0,,,,,0,0,2.0,4.0
Lorient vs Monaco,Monaco,283026,Mika Biereth,F,45,6,,0.0,,,3,1.0,33.3,,,,1.0,0,0,1.0,4.0
Lorient vs Monaco,Monaco,81,Krépin Diatta,M,45,6.7,,0.0,,,30,25.0,83.3,2.0,,,1.0,0,0,3.0,4.0
Lorient vs Monaco,Monaco,138835,Folarin Balogun,F,45,6.3,,0.0,1.0,,12,9.0,75.0,1.0,,,,0,0,1.0,4.0
Lorient vs Monaco,Monaco,340152,Stanis Idumbo Muzambo,M,25,6.3,,0.0,,,13,13.0,100.0,1.0,,,1.0,0,0,2.0,3.0
Lorient vs Monaco,Monaco,135775,Ansu Fati,F,25,7,1.0,0.0,1.0,1.0,15,11.0,73.3,1.0,,1.0,,0,0,1.0,3.0
Lorient vs Monaco,Monaco,543470,Pape Cabral,M,9,6.7,,0.0,1.0,1.0,13,13.0,100.0,1.0,1.0,,,0,0,1.0,3.0
Toulouse vs Nantes,Toulouse,325346,Guillaume Restes,G,90,5.6,,0.0,,,23,15.0,65.2,,,,,0,0,,
Toulouse vs Nantes,Toulouse,50735,Mark McKenzie,D,90,6.5,,0.0,,,51,44.0,86.3,2.0,,2.0,1.0,0,0,4.0,6.0
Toulouse vs Nantes,Toulouse,278392,Charlie Cresswell,D,90,6.3,,0.0,1.0,1.0,59,49.0,83.1,,1.0,3.0,1.0,1,0,7.0,12.0
Toulouse vs Nantes,Toulouse,15793,Rasmus Nicolaisen,D,90,6.6,,0.0,3.0,1.0,40,32.0,80.0,2.0,1.0,1.0,1.0,0,0,8.0,9.0
Toulouse vs Nantes,Toulouse,102,Djibril Sidibé,M,86,7,,0.0,1.0,,29,24.0,82.8,3.0,1.0,1.0,,0,0,3.0,3.0
Toulouse vs Nantes,Toulouse,118345,Abu Francis,M,62,6.7,,0.0,1.0,,33,29.0,87.9,3.0,1.0,1.0,,0,0,4.0,6.0
Toulouse vs Nantes,Toulouse,304140,Mario Sauer,M,90,7,,0.0,,,37,31.0,83.8,2.0,1.0,,1.0,0,0,3.0,5.0
Toulouse vs Nantes,Toulouse,264383,Warren Kamanzi,M,76,7.2,,0.0,1.0,1.0,16,14.0,87.5,,,1.0,1.0,0,0,4.0,10.0
Toulouse vs Nantes,Toulouse,39115,Aron Dønnum,F,90,8.2,1.0,1.0,3.0,2.0,46,38.0,82.6,2.0,1.0,2.0,1.0,1,0,4.0,8.0
Toulouse vs Nantes,Toulouse,174724,Frank Magri,F,90,6.5,,0.0,3.0,1.0,17,14.0,82.4,1.0,,3.0,1.0,0,0,5.0,14.0
Toulouse vs Nantes,Toulouse,321648,Emersonn,F,45,6.7,,0.0,1.0,,8,6.0,75.0,,1.0,1.0,1.0,0,0,3.0,6.0
Toulouse vs Nantes,Toulouse,84128,Yann Gboho,F,45,7.9,1.0,0.0,1.0,1.0,12,8.0,66.7,,,1.0,3.0,0,0,6.0,13.0
Toulouse vs Nantes,Toulouse,50956,Cristian Cásseres Jr.,M,28,7.3,,0.0,,,26,26.0,100.0,,,1.0,,0,0,,1.0
Toulouse vs Nantes,Toulouse,452697,Dayann Methalie,D,14,6.6,,0.0,,,5,4.0,80.0,,,1.0,1.0,0,0,1.0,3.0
Toulouse vs Nantes,Toulouse,430816,Noah Edjouma,F,11,6.5,,0.0,,,2,1.0,50.0,,,,,0,0,,2.0
Toulouse vs Nantes,Nantes,647,Anthony Lopes,G,90,6.6,,0.0,,,38,34.0,89.5,,,,1.0,1,0,2.0,2.0
Toulouse vs Nantes,Nantes,22134,Kelvin Amian,D,90,6.3,,0.0,,,59,50.0,84.7,2.0,,2.0,4.0,1,0,7.0,12.0
Toulouse vs Nantes,Nantes,50026,Chidozie Awaziem,D,90,6.3,,0.0,,,89,79.0,88.8,,1.0,1.0,1.0,0,0,5.0,12.0
Toulouse vs Nantes,Nantes,522609,Tylel Tati,D,90,6.5,,0.0,,,90,82.0,91.1,,2.0,2.0,1.0,0,0,2.0,5.0
Toulouse vs Nantes,Nantes,443674,Louis Leroux,D,90,7.6,1.0,0.0,1.0,1.0,34,29.0,85.3,3.0,,1.0,,1,0,5.0,8.0
Toulouse vs Nantes,Nantes,193952,Johann Lepenant,M,84,7.3,,1.0,,,44,36.0,81.8,4.0,,,3.0,0,0,7.0,11.0
Toulouse vs Nantes,Nantes,282549,Junior Mwanga,M,90,7.2,,0.0,,,48,43.0,89.6,4.0,1.0,,1.0,0,0,9.0,17.0
Toulouse vs Nantes,Nantes,388779,Dehmaine Tabibou,M,73,6.6,,0.0,2.0,,21,19.0,90.5,1.0,,1.0,3.0,0,0,4.0,7.0
Toulouse vs Nantes,Nantes,428504,Amady Camara,F,45,6.2,,0.0,,,13,12.0,92.3,1.0,,,,0,0,1.0,4.0
Toulouse vs Nantes,Nantes,161622,Matthis Abline,F,89,6.2,,0.0,,,21,16.0,76.2,1.0,,2.0,1.0,0,0,3.0,10.0
Toulouse vs Nantes,Nantes,266200,Mayckel Lahdo,F,73,7.5,1.0,0.0,2.0,1.0,11,10.0,90.9,,,,,0,0,,1.0
Toulouse vs Nantes,Nantes,197771,Yassine Benhattab,M,45,6.3,,0.0,,,14,9.0,64.3,1.0,,,,0,0,1.0,2.0
Toulouse vs Nantes,Nantes,26519,Hyun-Seok Hong,M,17,6.5,,0.0,,,6,4.0,66.7,,1.0,,,0,0,,1.0
Toulouse vs Nantes,Nantes,443676,Bahereba Guirassy,F,17,6.3,,0.0,1.0,,6,2.0,33.3,,,1.0,,0,0,,2.0
Toulouse vs Nantes,Nantes,137296,Hyeok-kyu Kwon,M,13,6.3,,0.0,,,2,1.0,50.0,,1.0,1.0,,0,0,,1.0
Toulouse vs Nantes,Nantes,42086,Youssef El Arabi,F,8,6.3,,0.0,,,2,1.0,50.0,,,1.0,,0,0,,3.0
Paris Saint Germain vs Auxerre,Paris Saint Germain,162453,Lucas Chevalier,G,90,7.7,,0.0,,,27,21.0,77.8,,,,,0,0,,
Paris Saint Germain vs Auxerre,Paris Saint Germain,336657,Warren Zaïre-Emery,D,90,7.2,,0.0,1.0,1.0,70,68.0,97.1,1.0,2.0,1.0,,0,0,2.0,5.0
Paris Saint Germain vs Auxerre,Paris Saint Germain,161671,Ilya Zabarnyi,D,90,8.2,1.0,0.0,1.0,1.0,80,76.0,95.0,1.0,1.0,1.0,,0,0,1.0,2.0
Paris Saint Germain vs Auxerre,Paris Saint Germain,307835,Lucas Beraldo,D,90,9.2,1.0,0.0,2.0,1.0,89,84.0,94.4,3.0,,1.0,,0,0,9.0,13.0
Paris Saint Germain vs Auxerre,Paris Saint Germain,33,Lucas Hernández,D,90,7.6,,0.0,,,72,63.0,87.5,1.0,2.0,2.0,2.0,0,0,7.0,10.0
Paris Saint Germain vs Auxerre,Paris Saint Germain,927,Kang-in Lee,M,80,7.3,,0.0,1.0,1.0,72,64.0,88.9,3.0,,1.0,1.0,0,0,5.0,13.0
Paris Saint Germain vs Auxerre,Paris Saint Germain,128384,Vitinha,M,36,7.9,,1.0,,,57,56.0,98.2,,,,,0,0,,
Paris Saint Germain vs Auxerre,Paris Saint Germain,409216,Senny Mayulu,M,62,7,,1.0,,,27,22.0,81.5,6.0,,2.0,,0,0,7.0,13.0
Paris Saint Germain vs Auxerre,Paris Saint Germain,446249,Ibrahim Mbaye,F,90,6.6,,0.0,,,40,37.0,92.5,2.0,1.0,3.0,,0,0,5.0,12.0
Paris Saint Germain vs Auxerre,Paris Saint Germain,41585,Gonçalo Ramos,F,90,6.2,,0.0,1.0,1.0,22,13.0,59.1,,,1.0,2.0,0,0,4.0,12.0
Paris Saint Germain vs Auxerre,Paris Saint Germain,483,Khvicha Kvaratskhelia,F,45,6.9,,0.0,2.0,1.0,28,25.0,89.3,1.0,1.0,,1.0,0,0,6.0,13.0
Paris Saint Germain vs Auxerre,Paris Saint Germain,9,Achraf Hakimi,D,54,6.9,,0.0,,,46,39.0,84.8,2.0,,1.0,1.0,0,0,3.0,6.0
Paris Saint Germain vs Auxerre,Paris Saint Germain,161904,Bradley Barcola,F,45,6.3,,0.0,2.0,1.0,14,14.0,100.0,,,2.0,1.0,1,0,2.0,10.0
Paris Saint Germain vs Auxerre,Paris Saint Germain,471107,Quentin Ndjantou,F,28,7.2,,0.0,2.0,1.0,19,16.0,84.2,1.0,,1.0,,0,0,1.0,3.0
Paris Saint Germain vs Auxerre,Paris Saint Germain,543469,Mathis Jangeal,F,10,6.3,,0.0,,,9,9.0,100.0,,,1.0,,0,0,,2.0
Paris Saint Germain vs Auxerre,Auxerre,20542,Donovan Léon,G,90,7.7,,0.0,,,25,10.0,40.0,,,,,0,0,,1.0
Paris Saint Germain vs Auxerre,Auxerre,191240,Marvin Senaya,D,90,6.9,,0.0,,,22,16.0,72.7,5.0,1.0,1.0,1.0,1,0,8.0,12.0
Paris Saint Germain vs Auxerre,Auxerre,402542,Telli Siwe,D,45,5.9,,0.0,,,13,10.0,76.9,,,1.0,,0,0,,5.0
Paris Saint Germain vs Auxerre,Auxerre,31016,Francisco Sierralta,D,90,6.9,,0.0,,,30,25.0,83.3,1.0,1.0,,2.0,0,0,8.0,9.0
Paris Saint Germain vs Auxerre,Auxerre,191189,Clement Akpa,D,65,6.6,,0.0,,,23,20.0,87.0,2.0,,1.0,2.0,0,0,5.0,6.0
Paris Saint Germain vs Auxerre,Auxerre,7578,Gideon Mensah,D,90,6,,0.0,,,43,32.0,74.4,1.0,1.0,,1.0,0,0,3.0,6.0
Paris Saint Germain vs Auxerre,Auxerre,174915,Josué Casimir,M,90,6.6,,0.0,1.0,,23,21.0,91.3,2.0,,1.0,3.0,0,0,5.0,10.0
Paris Saint Germain vs Auxerre,Auxerre,21010,Elisha Owusu,M,87,6.3,,0.0,,,30,23.0,76.7,3.0,3.0,3.0,1.0,0,0,4.0,9.0
Paris Saint Germain vs Auxerre,Auxerre,323625,Kévin Danois,M,75,6.7,,0.0,1.0,,30,28.0,93.3,3.0,1.0,,,0,0,6.0,12.0
Paris Saint Germain vs Auxerre,Auxerre,19625,Danny Namaso,M,74,6.3,,0.0,1.0,1.0,25,19.0,76.0,3.0,1.0,,2.0,0,0,6.0,11.0
Paris Saint Germain vs Auxerre,Auxerre,90617,Lassine Sinayoko,F,90,6.3,,0.0,1.0,,23,15.0,65.2,1.0,1.0,,2.0,0,0,6.0,14.0
Paris Saint Germain vs Auxerre,Auxerre,190686,Sékou Mara,F,45,6.5,,0.0,2.0,2.0,8,5.0,62.5,,,2.0,,0,0,1.0,6.0
Paris Saint Germain vs Auxerre,Auxerre,322595,Lasso Coulibaly,M,25,7.5,,0.0,,,9,7.0,77.8,3.0,1.0,,3.0,0,0,8.0,9.0
Paris Saint Germain vs Auxerre,Auxerre,293643,Ibrahim Osman,F,16,6.5,,0.0,1.0,,7,6.0,85.7,,,,,0,0,,1.0
Paris Saint Germain vs Auxerre,Auxerre,496896,Rudy Matondo,M,15,6.6,,0.0,,,15,13.0,86.7,1.0,1.0,1.0,,1,0,2.0,3.0
Paris Saint Germain vs Auxerre,Auxerre,30748,Assane Dioussé,M,10,6.7,,0.0,,,7,6.0,85.7,,,,,0,0,,
Nice vs Paris FC,Nice,20566,Yehvann Diouf,G,90,6.6,,0.0,,,27,22.0,81.5,,,,,0,0,,
Nice vs Paris FC,Nice,313937,Antoine Mendy,D,90,7.2,,0.0,1.0,1.0,64,54.0,84.4,4.0,2.0,3.0,2.0,0,0,10.0,15.0
Nice vs Paris FC,Nice,407017,Moise Bombito,D,90,7.2,,0.0,,,45,41.0,91.1,2.0,1.0,2.0,1.0,0,0,7.0,12.0
Nice vs Paris FC,Nice,404172,Kojo Peprah Oppong,D,90,6.6,,0.0,,,39,34.0,87.2,1.0,2.0,1.0,,0,0,4.0,8.0
Nice vs Paris FC,Nice,25008,Jonathan Clauss,M,90,7.2,,0.0,1.0,1.0,43,33.0,76.7,4.0,3.0,1.0,,0,0,6.0,8.0
Nice vs Paris FC,Nice,8680,Charles Vanhoutte,M,90,6.3,,0.0,,,44,36.0,81.8,,,1.0,,0,0,2.0,3.0
Nice vs Paris FC,Nice,128987,Salis Abdul Samed,M,45,6.2,,0.0,,,17,16.0,94.1,,2.0,2.0,1.0,1,0,1.0,4.0
Nice vs Paris FC,Nice,49583,Ali Abdi,M,45,6.6,,0.0,,,12,8.0,66.7,,,,1.0,0,0,1.0,4.0
Nice vs Paris FC,Nice,107,Sofiane Diop,F,90,7.9,1.0,0.0,2.0,1.0,31,21.0,67.7,1.0,1.0,1.0,4.0,0,0,6.0,11.0
Nice vs Paris FC,Nice,274312,Mohamed-Ali Cho,F,68,6.9,,1.0,,,19,16.0,84.2,,,1.0,1.0,0,0,1.0,7.0
Nice vs Paris FC,Nice,69971,Terem Moffi,F,75,6.3,,0.0,1.0,1.0,8,4.0,50.0,,,,1.0,0,0,2.0,3.0
Nice vs Paris FC,Nice,162465,Melvin Bard,D,45,6.5,,0.0,,,22,16.0,72.7,1.0,,,,0,0,1.0,2.0
Nice vs Paris FC,Nice,4399,Hicham Boudaoui,M,33,6.5,,0.0,1.0,,12,11.0,91.7,,1.0,1.0,1.0,0,0,1.0,4.0
Nice vs Paris FC,Nice,105154,Isak Jansson,F,22,6.3,,0.0,1.0,1.0,2,1.0,50.0,1.0,,,,0,0,1.0,1.0
Nice vs Paris FC,Nice,30531,Jérémie Boga,F,15,6.7,,0.0,,,4,3.0,75.0,,,,1.0,0,0,1.0,1.0
Nice vs Paris FC,Nice,1914,Morgan Sanson,M,12,6.3,,0.0,,,3,3.0,100.0,1.0,,1.0,,0,0,1.0,6.0
Nice vs Paris FC,Paris FC,194981,Obed Nkambadio,G,90,6.6,,0.0,,,53,37.0,69.8,,,,,0,0,,
Nice vs Paris FC,Paris FC,2202,Hamari Traoré,D,89,7.3,,0.0,,,43,39.0,90.7,3.0,,,1.0,0,0,7.0,8.0
Nice vs Paris FC,Paris FC,174881,Moustapha Mbow,D,90,6.2,,0.0,1.0,,48,45.0,93.8,,1.0,1.0,,1,0,1.0,3.0
Nice vs Paris FC,Paris FC,266013,Otávio,D,90,7.3,,0.0,,,66,61.0,92.4,4.0,3.0,,1.0,0,0,6.0,7.0
Nice vs Paris FC,Paris FC,8474,Thibault De Smet,D,90,6.5,,0.0,,,61,49.0,80.3,,,1.0,,0,0,1.0,3.0
Nice vs Paris FC,Paris FC,1910,Maxime López,M,90,6.9,,0.0,,,65,61.0,93.8,2.0,,3.0,,0,0,2.0,5.0
Nice vs Paris FC,Paris FC,22170,Pierre Lees Melou,M,90,6.7,,0.0,,,46,41.0,89.1,3.0,1.0,5.0,1.0,0,0,5.0,12.0
Nice vs Paris FC,Paris FC,84218,Adama Camara,M,78,6.7,,0.0,,,29,25.0,86.2,2.0,2.0,,1.0,0,0,4.0,7.0
Nice vs Paris FC,Paris FC,83831,Ilan Kebbal,F,68,7,,0.0,,,44,35.0,79.5,1.0,,,3.0,0,0,4.0,8.0
Nice vs Paris FC,Paris FC,120,Willem Geubbels,F,78,6.3,,0.0,3.0,1.0,21,16.0,76.2,,,2.0,1.0,0,0,4.0,10.0
Nice vs Paris FC,Paris FC,2781,Moses Simon,F,89,6.2,,0.0,1.0,1.0,18,16.0,88.9,,,1.0,3.0,0,0,3.0,14.0
Nice vs Paris FC,Paris FC,22229,Jonathan Ikoné,F,22,6.7,,0.0,,,8,7.0,87.5,1.0,,,,0,0,2.0,3.0
Nice vs Paris FC,Paris FC,22842,Jean-Philippe Krasso,F,12,7.3,1.0,0.0,1.0,1.0,4,3.0,75.0,,,,1.0,0,0,3.0,3.0
Nice vs Paris FC,Paris FC,19430,Nouha Dicko,F,12,6.3,,0.0,,,2,1.0,50.0,,,1.0,,0,0,,4.0
Nice vs Paris FC,Paris FC,389322,Nhoa Sangui,D,9,6.6,,0.0,,,2,,,,,,,0,0,1.0,1.0
Nice vs Paris FC,Paris FC,22003,Mathieu Cafaro,M,8,6.6,,0.0,,,2,1.0,50.0,,,,1.0,0,0,1.0,1.0
Angers vs Stade Brestois 29,Angers,22220,Hervé Koffi,G,90,6.9,,0.0,,,16,15.0,93.8,,,,,0,0,,
Angers vs Stade Brestois 29,Angers,20850,Carlens Arcus,D,79,6.6,,0.0,1.0,1.0,59,55.0,93.2,1.0,1.0,,,0,0,2.0,4.0
Angers vs Stade Brestois 29,Angers,271540,Ousmane Camara,D,45,6.3,,0.0,,,36,29.0,80.6,,1.0,,,0,0,3.0,6.0
Angers vs Stade Brestois 29,Angers,21381,Jordan Lefort,D,90,6.2,,0.0,1.0,,56,48.0,85.7,1.0,1.0,,,0,0,3.0,7.0
Angers vs Stade Brestois 29,Angers,343609,Jacques Ekomie,D,66,6.2,,0.0,,,24,21.0,87.5,,3.0,4.0,1.0,1,0,3.0,7.0
Angers vs Stade Brestois 29,Angers,405074,Justin-Noel Kalumba,M,90,7,,0.0,,,39,31.0,79.5,,,2.0,2.0,0,0,4.0,13.0
Angers vs Stade Brestois 29,Angers,174708,Yassin Belkhdim,M,79,6.6,,0.0,,,40,38.0,95.0,2.0,1.0,1.0,2.0,0,0,5.0,8.0
Angers vs Stade Brestois 29,Angers,20554,Haris Belkebla,M,90,7.5,,0.0,,,48,46.0,95.8,1.0,3.0,1.0,5.0,0,0,10.0,13.0
Angers vs Stade Brestois 29,Angers,20692,Himad Abdelli,M,70,6.5,,0.0,,,36,26.0,72.2,,2.0,1.0,,0,0,2.0,6.0
Angers vs Stade Brestois 29,Angers,421875,Sidiki Cherif,F,70,5.9,,0.0,2.0,,13,4.0,30.8,,,,,0,0,1.0,4.0
Angers vs Stade Brestois 29,Angers,457541,Prosper Peter,F,90,6.2,,0.0,1.0,1.0,17,14.0,82.4,,,2.0,,0,0,2.0,6.0
Angers vs Stade Brestois 29,Angers,385569,Emmanuel Biumla,M,45,6.3,,0.0,,,27,23.0,85.2,,,,,0,0,1.0,3.0
Angers vs Stade Brestois 29,Angers,41146,Florent Hanin,D,24,6.9,,0.0,,,9,8.0,88.9,2.0,,,,0,0,3.0,6.0
Angers vs Stade Brestois 29,Angers,289555,Louis Mouton,M,20,6.9,,0.0,,,10,8.0,80.0,,,1.0,,0,0,,1.0
Angers vs Stade Brestois 29,Angers,403277,Lanroy Machine,F,20,6.5,,0.0,2.0,,2,1.0,50.0,,,1.0,1.0,0,0,2.0,5.0
Angers vs Stade Brestois 29,Angers,425207,Marius Courcoul,D,11,6.9,,0.0,,,10,8.0,80.0,1.0,,,1.0,0,0,3.0,4.0
Angers vs Stade Brestois 29,Angers,456831,Marius Louer,D,11,6.9,,0.0,,,10,9.0,90.0,,,,,0,0,,
Angers vs Stade Brestois 29,Stade Brestois 29,40384,Radosław Majecki,G,90,7.2,,0.0,,,46,21.0,45.7,,,,,0,0,,
Angers vs Stade Brestois 29,Stade Brestois 29,22247,Kenny Lala,D,90,7.5,,0.0,,,49,34.0,69.4,2.0,,,1.0,0,0,5.0,9.0
Angers vs Stade Brestois 29,Stade Brestois 29,20546,Brendan Chardonnet,D,90,7.3,,0.0,,,33,30.0,90.9,1.0,,,1.0,0,0,3.0,4.0
Angers vs Stade Brestois 29,Stade Brestois 29,365742,Michel Diaz,D,90,7.7,,0.0,,,32,26.0,81.2,1.0,3.0,,,0,0,3.0,4.0
Angers vs Stade Brestois 29,Stade Brestois 29,274267,Bradley Locko,D,90,7.2,,0.0,,,35,26.0,74.3,4.0,,,2.0,0,0,7.0,9.0
Angers vs Stade Brestois 29,Stade Brestois 29,128287,Joris Chotard,M,90,6.3,,0.0,,,27,22.0,81.5,2.0,2.0,3.0,,0,0,2.0,7.0
Angers vs Stade Brestois 29,Stade Brestois 29,20558,Hugo Magnetti,M,90,6.7,,0.0,,,35,27.0,77.1,1.0,2.0,1.0,1.0,1,0,2.0,4.0
Angers vs Stade Brestois 29,Stade Brestois 29,2214,Romain Del Castillo,M,89,7.5,1.0,1.0,1.0,1.0,34,24.0,70.6,3.0,,3.0,1.0,0,0,4.0,12.0
Angers vs Stade Brestois 29,Stade Brestois 29,326068,Kamory Doumbia,M,75,7.2,,0.0,2.0,1.0,24,21.0,87.5,3.0,,1.0,1.0,0,0,5.0,8.0
Angers vs Stade Brestois 29,Stade Brestois 29,326073,Remy Labeau Lascary,M,63,7.3,1.0,0.0,2.0,1.0,13,11.0,84.6,,1.0,1.0,3.0,0,0,3.0,8.0
Angers vs Stade Brestois 29,Stade Brestois 29,22264,Ludovic Ajorque,F,90,6.9,,0.0,1.0,,32,19.0,59.4,1.0,,2.0,,0,0,12.0,19.0
Angers vs Stade Brestois 29,Stade Brestois 29,375990,Pathé Mboup,F,27,6.5,,0.0,,,4,3.0,75.0,,,1.0,,0,0,2.0,5.0
Angers vs Stade Brestois 29,Stade Brestois 29,90594,Junior Dina Ebimbe,M,15,6.7,,0.0,,,1,1.0,100.0,,,,,0,0,1.0,2.0
Angers vs Stade Brestois 29,Stade Brestois 29,422595,Luc Zogbé,D,8,6.7,,0.0,,,1,1.0,100.0,,,1.0,,0,0,,2.0
Lille vs Lyon,Lille,2096,Arnaud Bodart,G,90,7.2,,0.0,,,31,24.0,77.4,,,,,0,0,,
Lille vs Lyon,Lille,379329,Tiago Santos,D,89,6.6,,0.0,,,24,20.0,83.3,1.0,,2.0,6.0,0,0,7.0,12.0
Lille vs Lyon,Lille,312964,Nathan Ngoy,D,90,6.2,,0.0,,,54,45.0,83.3,1.0,,3.0,,0,0,2.0,7.0
Lille vs Lyon,Lille,1567,Aïssa Mandi,D,90,6.9,,0.0,,,68,64.0,94.1,,,1.0,1.0,1,0,2.0,3.0
Lille vs Lyon,Lille,37151,Calvin Verdonk,D,90,6.9,,0.0,,,51,42.0,82.4,1.0,2.0,1.0,1.0,0,0,4.0,6.0
Lille vs Lyon,Lille,375598,Ngal'ayel Mukau,M,74,7.3,,0.0,1.0,1.0,21,20.0,95.2,1.0,1.0,,2.0,0,0,3.0,9.0
Lille vs Lyon,Lille,438688,Ayyoub Bouaddi,M,79,6.3,,0.0,,,21,16.0,76.2,1.0,,2.0,,1,0,4.0,9.0
Lille vs Lyon,Lille,135749,Félix Correia,M,74,6.6,,0.0,1.0,,22,19.0,86.4,,1.0,3.0,3.0,0,0,4.0,9.0
Lille vs Lyon,Lille,67889,Hakon Arnar Haraldsson,M,90,6.3,,0.0,1.0,,49,42.0,85.7,1.0,1.0,2.0,2.0,0,0,5.0,9.0
Lille vs Lyon,Lille,340077,Matías Fernández,M,90,8.2,,0.0,1.0,1.0,27,24.0,88.9,1.0,,1.0,3.0,1,0,8.0,11.0
Lille vs Lyon,Lille,2295,Olivier Giroud,F,90,6.6,,0.0,,,20,13.0,65.0,,1.0,3.0,3.0,0,0,7.0,13.0
Lille vs Lyon,Lille,409,Nabil Bentaleb,M,16,7.2,,0.0,1.0,,24,21.0,87.5,,,,2.0,0,0,2.0,3.0
Lille vs Lyon,Lille,99576,Osame Sahraoui,F,16,6.5,,0.0,1.0,1.0,12,10.0,83.3,,,1.0,,0,0,,3.0
Lille vs Lyon,Lille,306979,Hamza Igamane,F,11,6.3,,0.0,1.0,,4,2.0,50.0,,,1.0,,1,0,2.0,4.0
Lille vs Lyon,Lyon,61142,Dominik Greif,G,90,8.7,,0.0,,,45,35.0,77.8,,,,1.0,0,0,2.0,2.0
Lille vs Lyon,Lyon,1456,Ainsley Maitland-Niles,D,90,7,,0.0,,,24,21.0,87.5,2.0,4.0,1.0,,0,0,2.0,6.0
Lille vs Lyon,Lyon,68,Clinton Mata,D,90,7.5,,0.0,,,39,33.0,84.6,,,,2.0,0,0,3.0,6.0
Lille vs Lyon,Lyon,25916,Moussa Niakhaté,D,90,7.5,,0.0,,,59,45.0,76.3,,1.0,2.0,,0,0,3.0,7.0
Lille vs Lyon,Lyon,529,Nicolás Tagliafico,D,90,7.6,,1.0,,,32,25.0,78.1,3.0,,1.0,5.0,1,0,11.0,16.0
Lille vs Lyon,Lyon,162590,Tyler Morton,M,90,7.6,1.0,0.0,1.0,1.0,30,24.0,80.0,2.0,,2.0,,0,0,3.0,7.0
Lille vs Lyon,Lyon,80752,Tanner Tessmann,M,90,6.3,,0.0,,,34,30.0,88.2,,,4.0,2.0,0,0,3.0,9.0
Lille vs Lyon,Lyon,519,Corentin Tolisso,M,90,7.2,,0.0,,,39,30.0,76.9,,1.0,2.0,2.0,0,0,7.0,10.0
Lille vs Lyon,Lyon,199871,Adam Karabec,F,75,6.9,,0.0,,,13,11.0,84.6,,1.0,1.0,1.0,0,0,3.0,7.0
Lille vs Lyon,Lyon,519664,Khalis Merah,F,75,6,,0.0,,,26,24.0,92.3,1.0,,2.0,,0,0,2.0,7.0
Lille vs Lyon,Lyon,361348,Malick Fofana,F,89,6.7,,0.0,1.0,1.0,22,18.0,81.8,2.0,1.0,5.0,4.0,1,0,7.0,13.0
Lille vs Lyon,Lyon,66387,Pavel Šulc,M,15,6.5,,0.0,1.0,,6,4.0,66.7,1.0,,3.0,,1,0,2.0,6.0
Lille vs Lyon,Lyon,345388,Afonso Moreira,F,15,6.5,,0.0,,,0,,,,,1.0,,1,0,,2.0
Metz vs Le Havre,Metz,158532,Jonathan Fischer,G,90,7.9,,0.0,,,25,19.0,76.0,,,,,0,0,2.0,2.0
Metz vs Le Havre,Metz,96331,Koffi Kouao,D,90,7.5,,0.0,,,61,58.0,95.1,1.0,,1.0,3.0,0,0,6.0,11.0
Metz vs Le Havre,Metz,363792,Terry Yegbe,D,90,7.3,,0.0,,,56,52.0,92.9,,1.0,,1.0,0,0,1.0,1.0
Metz vs Le Havre,Metz,3240,Jean-Philippe Gbamin,D,90,7.6,,0.0,,,58,54.0,93.1,6.0,1.0,2.0,,0,0,8.0,11.0
Metz vs Le Havre,Metz,336180,Morgan Bokele Mputu,M,81,7.5,,0.0,,,30,24.0,80.0,1.0,,,4.0,0,0,6.0,9.0
Metz vs Le Havre,Metz,157912,Boubacar Traoré,M,90,6.5,,0.0,3.0,,42,38.0,90.5,3.0,,5.0,1.0,1,0,4.0,11.0
Metz vs Le Havre,Metz,21640,Jessy Deminguet,M,87,6.7,,0.0,,,42,35.0,83.3,3.0,1.0,1.0,1.0,1,0,4.0,10.0
Metz vs Le Havre,Metz,378353,Urie-Michel Mboula,M,45,6.9,,0.0,,,22,20.0,90.9,1.0,1.0,1.0,1.0,0,0,2.0,3.0
Metz vs Le Havre,Metz,20529,Gauthier Hein,F,80,6.7,,0.0,,,38,37.0,97.4,,,1.0,1.0,0,0,2.0,7.0
Metz vs Le Havre,Metz,20534,Cheick Tidiane Sabaly,F,90,6.2,,0.0,,,14,10.0,71.4,2.0,,,,0,0,2.0,7.0
Metz vs Le Havre,Metz,20535,Habib Diallo,F,90,6.3,,0.0,1.0,,8,8.0,100.0,,,3.0,2.0,0,0,5.0,12.0
Metz vs Le Havre,Metz,2181,Georgiy Tsitaishvili,F,45,6.6,,0.0,1.0,,16,13.0,81.2,,,,,0,0,,1.0
Metz vs Le Havre,Metz,408870,Ibou Sane,F,10,6.5,,0.0,,,3,3.0,100.0,,,1.0,,0,0,,1.0
Metz vs Le Havre,Metz,68177,Giorgi Abuashvili,F,9,6.9,,0.0,,,5,4.0,80.0,1.0,,1.0,1.0,0,0,3.0,4.0
Metz vs Le Havre,Metz,434352,Alpha Touré,M,8,6.7,,0.0,,,1,1.0,100.0,,,,,0,0,,
Metz vs Le Havre,Le Havre,119853,Mory Diaw,G,90,7,,0.0,,,40,32.0,80.0,1.0,,,,0,0,1.0,1.0
Metz vs Le Havre,Le Havre,2336,Loic Négo,D,90,7.3,,0.0,1.0,,35,27.0,77.1,1.0,1.0,1.0,1.0,0,0,5.0,6.0
Metz vs Le Havre,Le Havre,162443,Étienne Youte Kinkoue,D,90,7.2,,0.0,,,47,44.0,93.6,,,2.0,,1,0,,5.0
Metz vs Le Havre,Le Havre,64255,Gautier Lloris,D,90,7,,0.0,,,66,55.0,83.3,1.0,,,1.0,0,0,3.0,4.0
Metz vs Le Havre,Le Havre,23637,Yanis Zouaoui,D,76,6.3,,0.0,,,27,21.0,77.8,1.0,1.0,4.0,1.0,1,0,4.0,12.0
Metz vs Le Havre,Le Havre,364093,Simon Ebonog,M,61,6.7,,0.0,,,14,12.0,85.7,1.0,,,,0,0,1.0,2.0
Metz vs Le Havre,Le Havre,33165,Ayumu Seko,M,90,7.2,,0.0,,,42,36.0,85.7,3.0,,3.0,4.0,0,0,7.0,9.0
Metz vs Le Havre,Le Havre,21103,Abdoulaye Touré,M,86,6.9,,0.0,,,23,21.0,91.3,1.0,2.0,2.0,4.0,0,0,6.0,10.0
Metz vs Le Havre,Le Havre,145476,Reda Khadra,F,85,7,,0.0,2.0,2.0,17,13.0,76.5,,,2.0,,0,0,5.0,10.0
Metz vs Le Havre,Le Havre,1945,Mbwana Ally Samatta,F,61,6.3,,0.0,,,5,4.0,80.0,,,,,0,0,,4.0
Metz vs Le Havre,Le Havre,156465,Issa Soumaré,F,90,6.9,,0.0,,,21,17.0,81.0,1.0,,2.0,4.0,0,0,9.0,20.0
Metz vs Le Havre,Le Havre,174625,Fodé Doucouré,D,29,6.7,,0.0,,,17,12.0,70.6,1.0,,,,0,0,1.0,3.0
Metz vs Le Havre,Le Havre,128342,Rassoul Ndiaye,M,29,6.6,,0.0,,,7,7.0,100.0,1.0,,,1.0,0,0,2.0,2.0
Metz vs Le Havre,Le Havre,20521,Thomas Delaine,D,14,6.6,,0.0,1.0,,4,3.0,75.0,,,,,0,0,1.0,1.0
Metz vs Le Havre,Le Havre,961,Felix Mambimbi,F,10,6.3,,0.0,,,0,,,,,,,0,0,,
Metz vs Le Havre,Le Havre,36932,Younes Namli,F,9,6.5,,0.0,,,2,2.0,100.0,,,,,0,0,,1.0
Rennes vs Lens,Rennes,21628,Brice Samba,G,90,7.2,,0.0,,,19,19.0,100.0,,,,,0,0,,
Rennes vs Lens,Rennes,196187,Alidu Seidu,D,90,7.7,,0.0,,,67,62.0,92.5,2.0,3.0,,2.0,0,0,8.0,17.0
Rennes vs Lens,Rennes,367636,Jérémy Jacquet,D,90,7.9,,0.0,,,74,69.0,93.2,4.0,1.0,3.0,2.0,1,0,10.0,20.0
Rennes vs Lens,Rennes,129681,Anthony Rouault,D,90,7.9,,0.0,,,85,78.0,91.8,1.0,2.0,1.0,,0,0,3.0,9.0
Rennes vs Lens,Rennes,21497,Ludovic Blas,M,62,6.2,,0.0,,,33,28.0,84.8,1.0,,,1.0,0,0,2.0,5.0
Rennes vs Lens,Rennes,24147,Mahdi Camara,M,90,7.3,,0.0,,,55,54.0,98.2,5.0,,3.0,1.0,1,0,8.0,14.0
Rennes vs Lens,Rennes,343792,Djaoui Cissé,M,29,6.6,,0.0,,,19,15.0,78.9,1.0,,,,0,0,1.0,3.0
Rennes vs Lens,Rennes,30807,Seko Fofana,M,90,7.2,,0.0,2.0,,50,43.0,86.0,1.0,,,2.0,0,0,4.0,11.0
Rennes vs Lens,Rennes,272460,Quentin Merlin,M,80,7.3,,0.0,,,56,41.0,73.2,,,,,0,0,3.0,6.0
Rennes vs Lens,Rennes,421,Breel Embolo,F,61,6.2,,0.0,,,9,5.0,55.6,,,1.0,1.0,0,0,1.0,3.0
Rennes vs Lens,Rennes,163004,Esteban Lepaul,F,90,6.3,,0.0,3.0,1.0,14,11.0,78.6,,,,,0,0,2.0,4.0
Rennes vs Lens,Rennes,15286,Mousa Tamari,F,61,6.3,,0.0,3.0,1.0,25,20.0,80.0,2.0,,2.0,,0,0,4.0,12.0
Rennes vs Lens,Rennes,449662,Mohamed Kader Meite,F,29,6.2,,0.0,,,6,4.0,66.7,,,2.0,,0,0,1.0,4.0
Rennes vs Lens,Rennes,399890,Nordan Mukiele,F,28,6.3,,0.0,,,11,10.0,90.9,,,3.0,,0,0,1.0,7.0
Rennes vs Lens,Rennes,438281,Mahamadou Nagida,D,10,6.9,,0.0,,,6,5.0,83.3,,,1.0,,1,0,1.0,2.0
Rennes vs Lens,Lens,347211,Robin Risser,G,90,7.2,,0.0,,,32,15.0,46.9,,,,,0,0,,
Rennes vs Lens,Lens,322984,Samson Baidoo,D,90,7.3,,0.0,,,19,19.0,100.0,,,,,0,0,,3.0
Rennes vs Lens,Lens,22166,Malang Sarr,D,90,7,,0.0,,,17,12.0,70.6,1.0,1.0,,,0,0,2.0,3.0
Rennes vs Lens,Lens,21568,Ruben Aguilar,M,78,7.2,,0.0,1.0,,28,23.0,82.1,,1.0,1.0,,0,0,2.0,3.0
Rennes vs Lens,Lens,277306,Mamadou Sangare,M,90,7.6,,0.0,1.0,,34,29.0,85.3,8.0,1.0,,1.0,0,0,12.0,15.0
Rennes vs Lens,Lens,22261,Adrien Thomasson,M,90,7.3,,0.0,3.0,1.0,21,14.0,66.7,9.0,1.0,2.0,5.0,1,0,15.0,21.0
Rennes vs Lens,Lens,20525,Matthieu Udol,M,90,7.2,,0.0,2.0,1.0,22,10.0,45.5,4.0,2.0,3.0,,0,0,8.0,13.0
Rennes vs Lens,Lens,1922,Florian Thauvin,F,90,7.7,,0.0,,,36,26.0,72.2,,1.0,,5.0,0,0,8.0,17.0
Rennes vs Lens,Lens,21715,Wesley Saïd,F,61,7.2,,0.0,,,19,14.0,73.7,4.0,1.0,,,0,0,6.0,12.0
Rennes vs Lens,Lens,1135,Odsonne Édouard,F,61,6.3,,0.0,,,9,8.0,88.9,,,2.0,2.0,0,0,4.0,13.0
Rennes vs Lens,Lens,23643,Morgan Guilavogui,F,29,6.9,,0.0,2.0,,12,7.0,58.3,2.0,,,2.0,1,0,7.0,11.0
Rennes vs Lens,Lens,443579,Rayan Fofana,F,29,7,,0.0,1.0,,3,2.0,66.7,1.0,,,1.0,0,0,4.0,5.0
Rennes vs Lens,Lens,44594,Saud Abdulhamid,D,12,6.6,,0.0,,,4,2.0,50.0,,,,,0,0,,
Paris FC vs Lorient,Paris FC,194981,Obed Nkambadio,G,90,7.2,,0.0,,,32,27.0,84.4,,,,,0,0,,
Paris FC vs Lorient,Paris FC,2202,Hamari Traoré,D,68,7,,0.0,,,45,39.0,86.7,2.0,2.0,1.0,,0,0,4.0,6.0
Paris FC vs Lorient,Paris FC,174881,Moustapha Mbow,D,90,7.6,,0.0,,,87,81.0,93.1,1.0,,1.0,,0,0,4.0,8.0
Paris FC vs Lorient,Paris FC,266013,Otávio,D,90,7.3,,0.0,1.0,,94,86.0,91.5,4.0,2.0,1.0,5.0,0,0,10.0,15.0
Paris FC vs Lorient,Paris FC,8474,Thibault De Smet,D,90,6.7,,0.0,,,58,53.0,91.4,,,2.0,1.0,0,0,2.0,4.0
Paris FC vs Lorient,Paris FC,1910,Maxime López,M,90,6.9,,0.0,,,94,90.0,95.7,1.0,,4.0,,0,0,2.0,10.0
Paris FC vs Lorient,Paris FC,22170,Pierre Lees Melou,M,90,7.5,,0.0,,,64,59.0,92.2,5.0,,1.0,2.0,0,0,7.0,11.0
Paris FC vs Lorient,Paris FC,84218,Adama Camara,M,68,6.7,,0.0,,,29,27.0,93.1,2.0,,2.0,1.0,0,0,3.0,11.0
Paris FC vs Lorient,Paris FC,83831,Ilan Kebbal,F,89,8.2,1.0,0.0,2.0,1.0,82,78.0,95.1,2.0,,2.0,,0,0,2.0,5.0
Paris FC vs Lorient,Paris FC,22842,Jean-Philippe Krasso,F,68,7.5,1.0,1.0,3.0,1.0,11,7.0,63.6,,,2.0,,0,0,2.0,8.0
Paris FC vs Lorient,Paris FC,2781,Moses Simon,F,85,7.2,,1.0,,,24,19.0,79.2,,,,,0,0,1.0,6.0
Paris FC vs Lorient,Paris FC,20869,Samir Sophian Chergui,D,22,6.9,,0.0,,,15,15.0,100.0,,,1.0,,0,0,1.0,3.0
Paris FC vs Lorient,Paris FC,22229,Jonathan Ikoné,F,22,6.7,,0.0,,,9,9.0,100.0,,,,1.0,0,0,1.0,3.0
Paris FC vs Lorient,Paris FC,120,Willem Geubbels,F,22,6.9,,0.0,1.0,,7,5.0,71.4,,,2.0,,0,0,4.0,8.0
Paris FC vs Lorient,Paris FC,389322,Nhoa Sangui,D,10,6.6,,0.0,1.0,,2,2.0,100.0,,1.0,,,0,0,1.0,1.0
Paris FC vs Lorient,Lorient,1142,Yvon Mvogo,G,90,6.3,,0.0,,,36,28.0,77.8,,,,,0,0,,
Paris FC vs Lorient,Lorient,193501,Bamo Meïté,D,90,6.2,,0.0,,,58,51.0,87.9,,1.0,1.0,1.0,0,0,6.0,13.0
Paris FC vs Lorient,Lorient,50030,Montassar Talbi,D,90,6.5,,0.0,1.0,,50,40.0,80.0,,2.0,,1.0,0,0,6.0,7.0
Paris FC vs Lorient,Lorient,437776,Abdoulaye Faye,D,79,7.5,,0.0,,,64,56.0,87.5,4.0,1.0,1.0,3.0,1,0,9.0,11.0
Paris FC vs Lorient,Lorient,174703,Théo Le Bris,M,90,6.9,,0.0,,,29,28.0,96.6,4.0,,2.0,,0,0,5.0,8.0
Paris FC vs Lorient,Lorient,402265,Arthur Avom Ebong,M,90,7.2,,0.0,,,43,36.0,83.7,1.0,2.0,,3.0,0,0,7.0,9.0
Paris FC vs Lorient,Lorient,20917,Laurent Abergel,M,90,6.9,,0.0,1.0,,65,56.0,86.2,2.0,,,1.0,0,0,3.0,5.0
Paris FC vs Lorient,Lorient,402386,Arsène Kouassi,M,77,6.5,,0.0,,,35,33.0,94.3,,,,1.0,1,0,1.0,2.0
Paris FC vs Lorient,Lorient,22171,Jean-Victor Makengo,F,77,6.5,,0.0,,,28,22.0,78.6,,1.0,1.0,4.0,0,0,6.0,13.0
Paris FC vs Lorient,Lorient,276662,Pablo Pagis,F,60,6.3,,0.0,2.0,1.0,19,14.0,73.7,1.0,2.0,,,0,0,2.0,6.0
Paris FC vs Lorient,Lorient,200873,Mohamed Bamba,F,60,6.5,,0.0,,,10,8.0,80.0,,,1.0,1.0,0,0,3.0,8.0
Paris FC vs Lorient,Lorient,144319,Sambou Soumano,F,30,6.2,,0.0,,,5,3.0,60.0,,,1.0,,0,0,1.0,5.0
Paris FC vs Lorient,Lorient,72457,Aiyegun Tosin,F,30,6.5,,0.0,1.0,,6,5.0,83.3,,,,,0,0,,1.0
Paris FC vs Lorient,Lorient,152669,Darlin Yongwa,D,13,6.9,,0.0,,,3,2.0,66.7,1.0,,,1.0,0,0,2.0,2.0
Paris FC vs Lorient,Lorient,158551,Joel Mugisha Mvuka,M,13,6.9,,0.0,,,0,,,,,,2.0,0,0,3.0,4.0
Paris FC vs Lorient,Lorient,284072,Ahmadou Bamba Dieng,F,11,6.2,,0.0,2.0,2.0,1,,,,,3.0,,1,0,1.0,5.0
Metz vs Marseille,Metz,158532,Jonathan Fischer,G,90,7.7,,0.0,,,43,38.0,88.4,,,,,0,0,,
Metz vs Marseille,Metz,428084,Sadibou Sané,D,90,6.2,,0.0,,,49,41.0,83.7,2.0,,,1.0,0,0,3.0,4.0
Metz vs Marseille,Metz,3240,Jean-Philippe Gbamin,D,21,6.3,,0.0,,,15,11.0,73.3,,,1.0,,0,0,,2.0
Metz vs Marseille,Metz,363792,Terry Yegbe,D,90,6,,0.0,,,43,38.0,88.4,,2.0,,,0,0,,
Metz vs Marseille,Metz,96331,Koffi Kouao,M,90,6.5,,0.0,,,24,20.0,83.3,2.0,1.0,1.0,1.0,0,0,4.0,8.0
Metz vs Marseille,Metz,157912,Boubacar Traoré,M,90,6.3,,0.0,,,39,34.0,87.2,1.0,2.0,2.0,,0,0,2.0,6.0
Metz vs Marseille,Metz,21640,Jessy Deminguet,M,79,6.3,,0.0,,,21,20.0,95.2,1.0,,,1.0,0,0,2.0,4.0
Metz vs Marseille,Metz,105,Fodé Ballo-Touré,M,79,7,,0.0,1.0,,26,24.0,92.3,3.0,,,1.0,0,0,5.0,7.0
Metz vs Marseille,Metz,20529,Gauthier Hein,F,90,6.3,,0.0,1.0,1.0,42,37.0,88.1,,,,,0,0,1.0,6.0
Metz vs Marseille,Metz,20534,Cheick Tidiane Sabaly,F,90,6.9,,0.0,,,20,17.0,85.0,1.0,1.0,2.0,2.0,0,0,4.0,8.0
Metz vs Marseille,Metz,20535,Habib Diallo,F,79,6.2,,0.0,,,8,5.0,62.5,,,1.0,1.0,0,0,2.0,11.0
Metz vs Marseille,Metz,19518,Maxime Colin,D,69,5.7,,0.0,,,30,24.0,80.0,,,,,0,0,,2.0
Metz vs Marseille,Metz,2181,Georgiy Tsitaishvili,F,11,6.7,,0.0,1.0,,6,5.0,83.3,,,,,0,0,1.0,1.0
Metz vs Marseille,Metz,434352,Alpha Touré,M,11,6.7,,0.0,,,9,8.0,88.9,,,1.0,,0,0,1.0,2.0
Metz vs Marseille,Metz,514519,Brian Madjo,F,11,6.7,,0.0,,,0,,,,,,,0,0,1.0,1.0
Metz vs Marseille,Marseille,47296,Gerónimo Rulli,G,90,7.3,,0.0,,,19,18.0,94.7,1.0,,,1.0,0,0,2.0,2.0
Metz vs Marseille,Marseille,1138,Timothy Weah,D,79,6.3,,0.0,1.0,,49,42.0,85.7,4.0,1.0,,,0,0,5.0,9.0
Metz vs Marseille,Marseille,2725,Benjamin Pavard,D,90,7.5,,0.0,1.0,,69,66.0,95.7,1.0,4.0,,1.0,0,0,4.0,5.0
Metz vs Marseille,Marseille,21694,Nayef Aguerd,D,90,7.2,,0.0,,,91,86.0,94.5,1.0,1.0,1.0,,0,0,2.0,4.0
Metz vs Marseille,Marseille,2284,Emerson Palmieri,D,90,7.3,,0.0,2.0,,75,70.0,93.3,1.0,1.0,1.0,,0,0,2.0,4.0
Metz vs Marseille,Marseille,19030,Matt O'Riley,M,85,8.7,1.0,1.0,3.0,2.0,64,60.0,93.8,,1.0,,,0,0,,2.0
Metz vs Marseille,Marseille,2735,Pierre-Emile Højbjerg,M,90,7.3,,0.0,,,83,80.0,96.4,,,1.0,1.0,0,0,3.0,4.0
Metz vs Marseille,Marseille,897,Mason Greenwood,M,90,6.9,,0.0,5.0,2.0,57,44.0,77.2,,1.0,,1.0,0,0,2.0,3.0
Metz vs Marseille,Marseille,896,Angel Gomes,M,64,6.6,,0.0,2.0,,30,27.0,90.0,1.0,,1.0,1.0,0,0,3.0,4.0
Metz vs Marseille,Marseille,9363,Igor Paixão,M,80,8.3,1.0,0.0,2.0,2.0,33,28.0,84.8,2.0,,,1.0,0,0,6.0,11.0
Metz vs Marseille,Marseille,435482,Robinio Vaz,F,64,6.2,,1.0,1.0,1.0,6,6.0,100.0,1.0,,2.0,2.0,0,0,3.0,6.0
Metz vs Marseille,Marseille,6,Leonardo Balerdi,D,26,7,,0.0,,,29,29.0,100.0,1.0,1.0,,,0,0,2.0,2.0
Metz vs Marseille,Marseille,85041,Amine Gouiri,F,26,8.2,1.0,1.0,1.0,1.0,5,5.0,100.0,,,,,0,0,2.0,3.0
Metz vs Marseille,Marseille,2973,Amir Murillo,D,11,6.3,,0.0,,,8,5.0,62.5,,,,,0,0,,
Metz vs Marseille,Marseille,283216,Bilal Nadir,M,10,6.3,,0.0,1.0,1.0,8,7.0,87.5,,,1.0,,0,0,,3.0
Metz vs Marseille,Marseille,340154,Arthur Vermeeren,M,12,6.7,,0.0,,,13,13.0,100.0,,,,,0,0,,
Stade Brestois 29 vs Nantes,Stade Brestois 29,40384,Radosław Majecki,G,90,6.9,,0.0,,,29,21.0,72.4,,,,,0,0,,
Stade Brestois 29 vs Nantes,Stade Brestois 29,22247,Kenny Lala,D,90,7.9,,0.0,,,38,29.0,76.3,3.0,,1.0,3.0,0,0,7.0,13.0
Stade Brestois 29 vs Nantes,Stade Brestois 29,20546,Brendan Chardonnet,D,90,7.2,,0.0,1.0,,52,45.0,86.5,1.0,,,,0,0,1.0,6.0
Stade Brestois 29 vs Nantes,Stade Brestois 29,365742,Michel Diaz,D,90,7,,0.0,,,46,41.0,89.1,1.0,2.0,,,0,0,3.0,5.0
Stade Brestois 29 vs Nantes,Stade Brestois 29,274267,Bradley Locko,D,90,7.2,,0.0,1.0,1.0,28,25.0,89.3,3.0,,,,0,0,4.0,14.0
Stade Brestois 29 vs Nantes,Stade Brestois 29,128287,Joris Chotard,M,90,7.2,,0.0,1.0,,51,46.0,90.2,1.0,,,,0,0,1.0,2.0
Stade Brestois 29 vs Nantes,Stade Brestois 29,20558,Hugo Magnetti,M,90,7.5,,0.0,2.0,,55,47.0,85.5,5.0,,1.0,1.0,0,0,6.0,9.0
Stade Brestois 29 vs Nantes,Stade Brestois 29,90594,Junior Dina Ebimbe,M,78,6.9,,0.0,1.0,1.0,7,4.0,57.1,3.0,,1.0,,0,0,3.0,5.0
Stade Brestois 29 vs Nantes,Stade Brestois 29,326068,Kamory Doumbia,M,90,7.3,,0.0,1.0,,33,28.0,84.8,3.0,,2.0,2.0,0,0,8.0,13.0
Stade Brestois 29 vs Nantes,Stade Brestois 29,375990,Pathé Mboup,M,78,6.6,,0.0,1.0,1.0,15,9.0,60.0,2.0,1.0,2.0,4.0,1,0,8.0,20.0
Stade Brestois 29 vs Nantes,Stade Brestois 29,22264,Ludovic Ajorque,F,90,6.2,,0.0,2.0,2.0,30,20.0,66.7,1.0,,4.0,1.0,1,0,6.0,15.0
Stade Brestois 29 vs Nantes,Stade Brestois 29,302868,Daouda Guindo,D,12,6.7,,0.0,,,3,3.0,100.0,,,,,0,0,,1.0
Stade Brestois 29 vs Nantes,Stade Brestois 29,449153,Hamidou Makalou,M,12,6.7,,0.0,,,1,,,1.0,,,,0,0,1.0,1.0
Stade Brestois 29 vs Nantes,Nantes,647,Anthony Lopes,G,90,9.5,,0.0,,,30,26.0,86.7,,,,2.0,0,0,3.0,3.0
Stade Brestois 29 vs Nantes,Nantes,22134,Kelvin Amian,D,90,7.3,,0.0,,,48,39.0,81.2,,,1.0,1.0,0,0,6.0,12.0
Stade Brestois 29 vs Nantes,Nantes,50026,Chidozie Awaziem,D,90,7.6,,0.0,,,71,63.0,88.7,,,1.0,2.0,1,0,5.0,6.0
Stade Brestois 29 vs Nantes,Nantes,282549,Junior Mwanga,D,90,6.9,,0.0,,,54,49.0,90.7,1.0,1.0,,,0,0,2.0,3.0
Stade Brestois 29 vs Nantes,Nantes,443674,Louis Leroux,D,90,6.9,,0.0,,,33,28.0,84.8,,1.0,,,0,0,1.0,3.0
Stade Brestois 29 vs Nantes,Nantes,137296,Hyeok-kyu Kwon,M,90,7.3,,0.0,,,35,32.0,91.4,1.0,,2.0,2.0,0,0,5.0,11.0
Stade Brestois 29 vs Nantes,Nantes,266200,Mayckel Lahdo,M,63,6.3,,0.0,,,27,24.0,88.9,2.0,,2.0,,0,0,6.0,14.0
Stade Brestois 29 vs Nantes,Nantes,26519,Hyun-Seok Hong,M,87,6.9,,0.0,,,15,11.0,73.3,3.0,,,1.0,0,0,5.0,6.0
Stade Brestois 29 vs Nantes,Nantes,388779,Dehmaine Tabibou,M,85,7.5,,0.0,,,42,34.0,81.0,4.0,2.0,1.0,1.0,0,0,10.0,14.0
Stade Brestois 29 vs Nantes,Nantes,161622,Matthis Abline,M,90,6.9,,0.0,2.0,,18,12.0,66.7,1.0,1.0,2.0,1.0,0,0,9.0,16.0
Stade Brestois 29 vs Nantes,Nantes,2668,Mostafa Mohamed,F,85,6,,0.0,2.0,,7,5.0,71.4,1.0,2.0,2.0,,0,0,1.0,9.0
Stade Brestois 29 vs Nantes,Nantes,443676,Bahereba Guirassy,F,27,6.6,,0.0,,,8,4.0,50.0,,,,,0,0,3.0,7.0
Stade Brestois 29 vs Nantes,Nantes,443755,Bahmed Deuff,M,9,6.7,,0.0,,,1,1.0,100.0,,,,,0,0,,
Stade Brestois 29 vs Nantes,Nantes,42086,Youssef El Arabi,F,9,6.3,,0.0,,,1,,,,,1.0,,0,0,,
Stade Brestois 29 vs Nantes,Nantes,21570,Nicolas Cozza,D,3,,,0.0,,,0,,,,,,,0,0,,
Auxerre vs Lens,Auxerre,20542,Donovan Léon,G,90,6.7,,0.0,,,28,12.0,42.9,,,,,0,0,,
Auxerre vs Lens,Auxerre,174915,Josué Casimir,D,90,6.2,,0.0,,,44,33.0,75.0,1.0,,3.0,3.0,0,0,5.0,13.0
Auxerre vs Lens,Auxerre,191240,Marvin Senaya,D,90,5.9,,0.0,1.0,1.0,57,47.0,82.5,,3.0,1.0,1.0,0,0,3.0,6.0
Auxerre vs Lens,Auxerre,31016,Francisco Sierralta,D,84,7.2,1.0,0.0,2.0,1.0,52,48.0,92.3,1.0,1.0,,,0,0,5.0,8.0
Auxerre vs Lens,Auxerre,191189,Clement Akpa,D,90,7.3,,0.0,2.0,,64,54.0,84.4,5.0,2.0,,4.0,0,0,11.0,13.0
Auxerre vs Lens,Auxerre,7578,Gideon Mensah,D,90,6.5,,0.0,,,51,42.0,82.4,1.0,,,1.0,1,0,2.0,3.0
Auxerre vs Lens,Auxerre,90617,Lassine Sinayoko,M,69,6.2,,0.0,1.0,,24,21.0,87.5,1.0,,,1.0,0,0,5.0,12.0
Auxerre vs Lens,Auxerre,21010,Elisha Owusu,M,76,7,,0.0,,,49,40.0,81.6,3.0,,2.0,,1,0,4.0,10.0
Auxerre vs Lens,Auxerre,323625,Kévin Danois,M,90,7,,0.0,,,72,64.0,88.9,6.0,,,1.0,0,0,8.0,15.0
Auxerre vs Lens,Auxerre,19625,Danny Namaso,M,90,6.2,,0.0,2.0,,36,29.0,80.6,,,2.0,2.0,1,0,4.0,9.0
Auxerre vs Lens,Auxerre,190686,Sékou Mara,F,90,6.3,,0.0,1.0,,17,13.0,76.5,2.0,,2.0,3.0,0,0,10.0,19.0
Auxerre vs Lens,Auxerre,293643,Ibrahim Osman,F,21,6.5,,0.0,,,10,9.0,90.0,,,,,0,0,,2.0
Auxerre vs Lens,Auxerre,496896,Rudy Matondo,M,14,6.3,,0.0,,,7,6.0,85.7,,,,1.0,0,0,1.0,1.0
Auxerre vs Lens,Auxerre,193953,Lamine Sy,D,13,6.5,,0.0,,,3,2.0,66.7,,,,1.0,0,0,1.0,1.0
Auxerre vs Lens,Lens,347211,Robin Risser,G,90,6.5,,0.0,,,25,17.0,68.0,,,,,1,0,1.0,1.0
Auxerre vs Lens,Lens,369500,Ismaelo Ganiou,D,73,6,,0.0,,,44,38.0,86.4,1.0,1.0,4.0,1.0,2,1,4.0,11.0
Auxerre vs Lens,Lens,322984,Samson Baidoo,D,90,6.7,,0.0,1.0,1.0,35,34.0,97.1,1.0,,1.0,1.0,1,0,4.0,10.0
Auxerre vs Lens,Lens,22166,Malang Sarr,D,90,7.3,,0.0,1.0,,46,40.0,87.0,4.0,2.0,1.0,1.0,1,0,9.0,11.0
Auxerre vs Lens,Lens,21568,Ruben Aguilar,M,90,6.7,,0.0,,,34,28.0,82.4,1.0,2.0,2.0,1.0,0,0,3.0,4.0
Auxerre vs Lens,Lens,277306,Mamadou Sangare,M,90,6.3,,0.0,,,47,34.0,72.3,3.0,1.0,1.0,1.0,0,0,9.0,18.0
Auxerre vs Lens,Lens,22261,Adrien Thomasson,M,90,7.3,,2.0,,,44,37.0,84.1,3.0,,4.0,1.0,1,0,6.0,15.0
Auxerre vs Lens,Lens,20525,Matthieu Udol,M,90,6.3,,0.0,,,33,26.0,78.8,1.0,4.0,2.0,2.0,0,0,5.0,12.0
Auxerre vs Lens,Lens,1922,Florian Thauvin,F,82,6.2,,0.0,,,33,26.0,78.8,,,1.0,,1,0,1.0,8.0
Auxerre vs Lens,Lens,21715,Wesley Saïd,F,81,6.5,,0.0,,,29,24.0,82.8,,2.0,3.0,,0,0,2.0,7.0
Auxerre vs Lens,Lens,1135,Odsonne Édouard,F,41,8,1.0,0.0,2.0,2.0,5,4.0,80.0,,,,,0,0,2.0,2.0
Auxerre vs Lens,Lens,443579,Rayan Fofana,F,49,6.2,,0.0,,,13,10.0,76.9,,1.0,2.0,1.0,0,0,3.0,8.0
Auxerre vs Lens,Lens,23643,Morgan Guilavogui,F,9,6.6,,0.0,,,7,5.0,71.4,1.0,,,,0,0,3.0,4.0
Auxerre vs Lens,Lens,277191,Abdallah Sima,F,8,7.6,1.0,0.0,1.0,1.0,2,1.0,50.0,1.0,,,,0,0,1.0,1.0
Lyon vs Toulouse,Lyon,61142,Dominik Greif,G,90,6,,0.0,,,51,45.0,88.2,,,,,0,0,,
Lyon vs Toulouse,Lyon,1456,Ainsley Maitland-Niles,D,90,6.7,,0.0,1.0,,55,44.0,80.0,5.0,2.0,1.0,1.0,0,0,7.0,12.0
Lyon vs Toulouse,Lyon,68,Clinton Mata,D,90,6,,0.0,1.0,,77,67.0,87.0,1.0,1.0,,,0,0,1.0,4.0
Lyon vs Toulouse,Lyon,25916,Moussa Niakhaté,D,90,6.9,,0.0,,,100,90.0,90.0,,,2.0,1.0,0,0,5.0,11.0
Lyon vs Toulouse,Lyon,529,Nicolás Tagliafico,D,90,6.3,,0.0,1.0,,64,58.0,90.6,2.0,,3.0,4.0,0,0,9.0,17.0
Lyon vs Toulouse,Lyon,80752,Tanner Tessmann,M,89,6.9,,0.0,,,48,41.0,85.4,,2.0,,3.0,0,0,4.0,6.0
Lyon vs Toulouse,Lyon,162590,Tyler Morton,M,90,6.6,,0.0,,,69,59.0,85.5,1.0,,,1.0,0,0,3.0,10.0
Lyon vs Toulouse,Lyon,199871,Adam Karabec,M,78,6.9,,0.0,,,22,16.0,72.7,,,1.0,3.0,0,0,4.0,5.0
Lyon vs Toulouse,Lyon,519,Corentin Tolisso,M,90,6.6,,0.0,2.0,1.0,54,45.0,83.3,1.0,1.0,2.0,2.0,0,0,7.0,16.0
Lyon vs Toulouse,Lyon,361348,Malick Fofana,M,90,7.5,1.0,0.0,4.0,2.0,19,17.0,89.5,1.0,,2.0,1.0,0,0,2.0,6.0
Lyon vs Toulouse,Lyon,195512,Martín Satriano,F,90,6.9,,1.0,,,22,20.0,90.9,,1.0,1.0,,0,0,4.0,9.0
Lyon vs Toulouse,Lyon,345388,Afonso Moreira,F,12,6.3,,0.0,1.0,,2,2.0,100.0,,,1.0,1.0,1,0,2.0,6.0
Lyon vs Toulouse,Toulouse,325346,Guillaume Restes,G,90,6.9,,0.0,,,26,13.0,50.0,,,,,0,0,,
Lyon vs Toulouse,Toulouse,50735,Mark McKenzie,D,90,6.7,,0.0,,,19,15.0,78.9,1.0,2.0,2.0,,1,0,2.0,6.0
Lyon vs Toulouse,Toulouse,278392,Charlie Cresswell,D,90,7.6,,0.0,,,32,28.0,87.5,,1.0,,,0,0,6.0,9.0
Lyon vs Toulouse,Toulouse,15793,Rasmus Nicolaisen,D,90,6.2,,0.0,,,25,17.0,68.0,2.0,3.0,4.0,1.0,0,0,6.0,13.0
Lyon vs Toulouse,Toulouse,102,Djibril Sidibé,M,78,6.2,,0.0,,,25,11.0,44.0,,1.0,1.0,2.0,0,0,4.0,6.0
Lyon vs Toulouse,Toulouse,50956,Cristian Cásseres Jr.,M,78,6.6,,0.0,1.0,,22,20.0,90.9,1.0,,1.0,,0,0,2.0,5.0
Lyon vs Toulouse,Toulouse,304140,Mario Sauer,M,45,6.7,,0.0,,,17,14.0,82.4,,2.0,,,0,0,,
Lyon vs Toulouse,Toulouse,264383,Warren Kamanzi,M,45,6.5,,0.0,,,11,9.0,81.8,1.0,,,,0,0,2.0,5.0
Lyon vs Toulouse,Toulouse,39115,Aron Dønnum,F,90,7,,0.0,,,22,17.0,77.3,,3.0,1.0,3.0,1,0,5.0,8.0
Lyon vs Toulouse,Toulouse,174724,Frank Magri,F,71,6.9,,0.0,2.0,1.0,10,7.0,70.0,2.0,2.0,1.0,2.0,0,0,10.0,17.0
Lyon vs Toulouse,Toulouse,84128,Yann Gboho,F,90,7.2,,0.0,,,15,9.0,60.0,2.0,1.0,1.0,,0,0,5.0,9.0
Lyon vs Toulouse,Toulouse,452697,Dayann Methalie,D,45,6.6,,0.0,2.0,1.0,7,5.0,71.4,1.0,,3.0,2.0,0,0,3.0,7.0
Lyon vs Toulouse,Toulouse,118345,Abu Francis,M,45,6.9,,0.0,,,17,12.0,70.6,2.0,,1.0,1.0,1,0,4.0,6.0
Lyon vs Toulouse,Toulouse,321648,Emersonn,F,19,8.7,1.0,0.0,3.0,1.0,3,2.0,66.7,,,1.0,,0,0,2.0,4.0
Lyon vs Toulouse,Toulouse,514464,Alexis Vossah,M,12,7,,1.0,,,2,1.0,50.0,,,,,0,0,1.0,2.0
Lyon vs Toulouse,Toulouse,362741,Santiago Hidalgo,F,12,6.3,,0.0,,,4,3.0,75.0,,,1.0,1.0,0,0,2.0,5.0
Monaco vs Nice,Monaco,7313,Philipp Köhn,G,90,6.2,,0.0,,,22,19.0,86.4,,,,,0,0,,
Monaco vs Nice,Monaco,81,Krépin Diatta,D,90,8.2,,0.0,,,51,45.0,88.2,2.0,1.0,1.0,1.0,0,0,8.0,12.0
Monaco vs Nice,Monaco,175,Eric Dier,D,90,7,,0.0,1.0,1.0,90,80.0,88.9,3.0,1.0,,,0,0,6.0,6.0
Monaco vs Nice,Monaco,47480,Mohammed Salisu,D,90,7.3,,0.0,1.0,,96,87.0,90.6,2.0,1.0,2.0,,1,0,8.0,11.0
Monaco vs Nice,Monaco,333137,Kassoum Ouattara,D,70,6.2,,0.0,3.0,,27,20.0,74.1,1.0,2.0,1.0,1.0,0,0,7.0,9.0
Monaco vs Nice,Monaco,231,Jordan Teze,M,90,7.5,,0.0,1.0,1.0,62,48.0,77.4,1.0,,2.0,,0,0,1.0,6.0
Monaco vs Nice,Monaco,419035,Mamadou Coulibaly,M,45,6.9,,0.0,,,25,23.0,92.0,2.0,,1.0,,0,0,4.0,6.0
Monaco vs Nice,Monaco,274300,Maghnes Akliouche,M,90,6.6,,0.0,1.0,,45,38.0,84.4,,,,2.0,0,0,2.0,9.0
Monaco vs Nice,Monaco,135775,Ansu Fati,M,90,7.9,2.0,0.0,3.0,2.0,38,33.0,86.8,1.0,,,,0,0,4.0,10.0
Monaco vs Nice,Monaco,1101,Takumi Minamino,M,70,5.9,,0.0,,,32,23.0,71.9,,,1.0,1.0,0,0,1.0,3.0
Monaco vs Nice,Monaco,283026,Mika Biereth,F,69,6.2,,0.0,,,3,3.0,100.0,,,,1.0,0,0,1.0,5.0
Monaco vs Nice,Monaco,138835,Folarin Balogun,F,45,6.6,,0.0,1.0,1.0,10,6.0,60.0,,,2.0,1.0,0,0,4.0,8.0
Monaco vs Nice,Monaco,395040,George Ilenikhena,F,21,5.9,,0.0,3.0,1.0,3,2.0,66.7,,,,1.0,0,0,1.0,4.0
Monaco vs Nice,Monaco,10316,Caio Henrique,D,20,6.9,,0.0,,,14,12.0,85.7,,,,,0,0,,1.0
Monaco vs Nice,Monaco,340152,Stanis Idumbo Muzambo,M,20,6.7,,0.0,2.0,,9,9.0,100.0,,,,,0,0,,
Monaco vs Nice,Nice,20566,Yehvann Diouf,G,90,7.2,,0.0,,,35,12.0,34.3,,,,,0,0,,1.0
Monaco vs Nice,Nice,313937,Antoine Mendy,D,90,6.9,,0.0,,,25,20.0,80.0,1.0,,1.0,1.0,0,0,5.0,8.0
Monaco vs Nice,Nice,407017,Moise Bombito,D,56,5.9,,0.0,,,19,13.0,68.4,,1.0,1.0,,1,0,2.0,3.0
Monaco vs Nice,Nice,162465,Melvin Bard,D,90,6.9,,0.0,,,28,19.0,67.9,4.0,1.0,1.0,1.0,0,0,10.0,12.0
Monaco vs Nice,Nice,25008,Jonathan Clauss,M,90,5.9,,0.0,1.0,,32,20.0,62.5,2.0,1.0,2.0,,0,0,3.0,9.0
Monaco vs Nice,Nice,4399,Hicham Boudaoui,M,71,6.3,,0.0,,,12,10.0,83.3,,,,,0,0,,1.0
Monaco vs Nice,Nice,8680,Charles Vanhoutte,M,90,7.5,,0.0,,,38,32.0,84.2,4.0,2.0,1.0,,0,0,8.0,11.0
Monaco vs Nice,Nice,49583,Ali Abdi,M,34,5.2,,0.0,,,8,6.0,75.0,1.0,2.0,2.0,,2,1,2.0,5.0
Monaco vs Nice,Nice,274312,Mohamed-Ali Cho,F,72,6.9,,1.0,,,11,10.0,90.9,1.0,,,3.0,0,0,5.0,14.0
Monaco vs Nice,Nice,69971,Terem Moffi,F,38,6.2,,0.0,1.0,,6,5.0,83.3,,,,,0,0,1.0,5.0
Monaco vs Nice,Nice,107,Sofiane Diop,F,72,8.2,2.0,0.0,2.0,2.0,21,13.0,61.9,,,,2.0,0,0,3.0,9.0
Monaco vs Nice,Nice,404172,Kojo Peprah Oppong,D,52,6.5,,0.0,,,11,7.0,63.6,1.0,,,,0,0,3.0,3.0
Monaco vs Nice,Nice,193617,Tom Louchet,M,34,6.5,,0.0,,,8,6.0,75.0,,1.0,1.0,,0,0,,2.0
Monaco vs Nice,Nice,128987,Salis Abdul Samed,M,19,6.5,,0.0,,,4,3.0,75.0,,1.0,,1.0,0,0,1.0,4.0
Monaco vs Nice,Nice,1914,Morgan Sanson,M,18,6.3,,0.0,,,6,3.0,50.0,,,,,0,0,,1.0
Monaco vs Nice,Nice,30531,Jérémie Boga,F,18,6.3,,0.0,,,8,7.0,87.5,,1.0,,,0,0,,2.0
Strasbourg vs Angers,Strasbourg,340151,Mike Penders,G,90,6.9,,0.0,,,61,54.0,88.5,,,,,0,0,,
Strasbourg vs Angers,Strasbourg,161747,Guéla Doué,D,90,8.3,,1.0,,,116,105.0,90.5,4.0,2.0,2.0,2.0,0,0,11.0,16.0
Strasbourg vs Angers,Strasbourg,396193,Lucas Høgsberg,D,77,6.9,,0.0,,,97,90.0,92.8,,2.0,,,0,0,,1.0
Strasbourg vs Angers,Strasbourg,271542,Ismael Doukouré,D,90,7.7,,0.0,,,91,87.0,95.6,,2.0,,1.0,0,0,2.0,2.0
Strasbourg vs Angers,Strasbourg,358166,Abdoul Ouattara,M,90,7.5,1.0,0.0,2.0,2.0,46,43.0,93.5,2.0,1.0,4.0,,0,0,2.0,8.0
Strasbourg vs Angers,Strasbourg,319572,Valentín Barco,M,73,7.9,,1.0,1.0,,79,68.0,86.1,3.0,1.0,1.0,3.0,1,0,6.0,10.0
Strasbourg vs Angers,Strasbourg,415431,Samir El Mourabet,M,90,7.3,,0.0,,,92,83.0,90.2,4.0,1.0,2.0,,0,0,5.0,8.0
Strasbourg vs Angers,Strasbourg,335056,Diego Moreira,M,90,7.2,,0.0,,,41,34.0,82.9,1.0,,1.0,1.0,1,0,6.0,11.0
Strasbourg vs Angers,Strasbourg,359386,Martial Godo,F,73,7.6,2.0,0.0,3.0,3.0,39,35.0,89.7,,2.0,,1.0,0,0,3.0,5.0
Strasbourg vs Angers,Strasbourg,325594,Félix Lemaréchal,F,72,7.9,,2.0,2.0,1.0,30,28.0,93.3,6.0,,,,0,0,9.0,15.0
Strasbourg vs Angers,Strasbourg,390742,Joaquin Panichelli,F,84,8.9,2.0,0.0,6.0,5.0,10,6.0,60.0,,2.0,1.0,1.0,0,0,2.0,6.0
Strasbourg vs Angers,Strasbourg,70747,Julio Enciso,M,18,6.7,,0.0,1.0,1.0,7,4.0,57.1,,,,1.0,0,0,1.0,2.0
Strasbourg vs Angers,Strasbourg,345416,Rafael Luis,M,17,6.9,,0.0,,,20,19.0,95.0,1.0,1.0,,,0,0,1.0,1.0
Strasbourg vs Angers,Strasbourg,334035,Samuel Amo-Ameyaw,F,17,6.5,,0.0,,,17,16.0,94.1,,,,,0,0,,1.0
Strasbourg vs Angers,Strasbourg,147835,Andrew Omobamidele,D,13,6.6,,0.0,,,32,32.0,100.0,,1.0,,,0,0,,1.0
Strasbourg vs Angers,Strasbourg,406303,Kendry Páez,M,11,6.2,,0.0,,,3,2.0,66.7,,,1.0,,0,0,,3.0
Strasbourg vs Angers,Angers,22220,Hervé Koffi,G,90,6.6,,0.0,,,31,20.0,64.5,,,,,0,0,,
Strasbourg vs Angers,Angers,20850,Carlens Arcus,D,90,4.9,,0.0,,,53,46.0,86.8,2.0,2.0,2.0,1.0,0,0,3.0,9.0
Strasbourg vs Angers,Angers,385569,Emmanuel Biumla,D,71,5,,0.0,,,44,37.0,84.1,4.0,1.0,,1.0,0,0,6.0,8.0
Strasbourg vs Angers,Angers,21381,Jordan Lefort,D,90,5.9,,0.0,,,50,40.0,80.0,1.0,2.0,,1.0,0,0,3.0,4.0
Strasbourg vs Angers,Angers,343609,Jacques Ekomie,D,90,5.3,,0.0,,,22,17.0,77.3,1.0,,,2.0,0,0,3.0,5.0
Strasbourg vs Angers,Angers,174708,Yassin Belkhdim,M,90,6.2,,0.0,,,30,25.0,83.3,3.0,1.0,2.0,2.0,0,0,5.0,10.0
Strasbourg vs Angers,Angers,20554,Haris Belkebla,M,82,5.9,,0.0,,,40,32.0,80.0,1.0,,1.0,,1,0,2.0,6.0
Strasbourg vs Angers,Angers,20692,Himad Abdelli,M,72,6.2,,0.0,,,34,29.0,85.3,1.0,3.0,1.0,2.0,0,0,4.0,9.0
Strasbourg vs Angers,Angers,174660,Lilian Raolisoa,F,63,6.6,,0.0,,,17,9.0,52.9,1.0,,1.0,2.0,0,0,6.0,9.0
Strasbourg vs Angers,Angers,457541,Prosper Peter,F,90,6.2,,0.0,2.0,1.0,15,10.0,66.7,,,1.0,,0,0,2.0,5.0
Strasbourg vs Angers,Angers,405074,Justin-Noel Kalumba,F,63,6.2,,0.0,,,17,12.0,70.6,4.0,1.0,1.0,,0,0,5.0,16.0
Strasbourg vs Angers,Angers,41146,Florent Hanin,D,27,6.2,,0.0,,,15,9.0,60.0,1.0,,1.0,,0,0,2.0,3.0
Strasbourg vs Angers,Angers,421875,Sidiki Cherif,F,27,6.3,,0.0,,,6,4.0,66.7,1.0,,,,0,0,1.0,2.0
Strasbourg vs Angers,Angers,271540,Ousmane Camara,D,19,6.3,,0.0,,,14,13.0,92.9,,1.0,1.0,,1,0,,1.0
Strasbourg vs Angers,Angers,289555,Louis Mouton,M,18,6.5,,0.0,,,4,2.0,50.0,,,,,0,0,,3.0
Strasbourg vs Angers,Angers,425207,Marius Courcoul,D,8,6.7,,0.0,,,8,5.0,62.5,,1.0,,,0,0,,
Le Havre vs Rennes,Le Havre,119853,Mory Diaw,G,90,6.3,,0.0,,,29,28.0,96.6,,1.0,,,0,0,,
Le Havre vs Rennes,Le Havre,2336,Loic Négo,D,78,5.6,,0.0,1.0,,44,29.0,65.9,,1.0,2.0,,0,0,2.0,4.0
Le Havre vs Rennes,Le Havre,174927,Arouna Sangante,D,90,6.6,,0.0,,,63,58.0,92.1,1.0,3.0,,1.0,0,0,3.0,5.0
Le Havre vs Rennes,Le Havre,64255,Gautier Lloris,D,90,6.7,,0.0,,,48,46.0,95.8,,1.0,1.0,,0,0,3.0,5.0
Le Havre vs Rennes,Le Havre,23637,Yanis Zouaoui,D,90,6.3,,0.0,,,36,27.0,75.0,1.0,1.0,,,0,0,3.0,10.0
Le Havre vs Rennes,Le Havre,364093,Simon Ebonog,M,77,6.3,,0.0,1.0,,20,17.0,85.0,1.0,1.0,1.0,,1,0,4.0,9.0
Le Havre vs Rennes,Le Havre,33165,Ayumu Seko,M,90,6.2,,0.0,,,33,25.0,75.8,,2.0,1.0,,0,0,1.0,3.0
Le Havre vs Rennes,Le Havre,128342,Rassoul Ndiaye,M,89,7.7,1.0,0.0,3.0,1.0,33,30.0,90.9,1.0,2.0,1.0,2.0,0,0,4.0,7.0
Le Havre vs Rennes,Le Havre,36932,Younes Namli,F,63,6.9,,0.0,,,26,17.0,65.4,2.0,1.0,1.0,,0,0,2.0,8.0
Le Havre vs Rennes,Le Havre,156465,Issa Soumaré,F,90,7.9,1.0,0.0,1.0,1.0,23,17.0,73.9,3.0,,1.0,4.0,0,0,9.0,15.0
Le Havre vs Rennes,Le Havre,961,Felix Mambimbi,F,63,6.3,,0.0,1.0,,10,5.0,50.0,1.0,2.0,3.0,,0,0,2.0,8.0
Le Havre vs Rennes,Le Havre,21641,Godson Kyeremeh,F,27,7,,1.0,1.0,,2,2.0,100.0,1.0,,,2.0,0,0,3.0,5.0
Le Havre vs Rennes,Le Havre,174625,Fodé Doucouré,D,27,6.6,,0.0,,,15,10.0,66.7,1.0,,,,0,0,1.0,1.0
Le Havre vs Rennes,Le Havre,344165,Damián Pizarro,F,13,6.5,,0.0,,,1,,,,,1.0,,0,0,,1.0
Le Havre vs Rennes,Le Havre,174937,Yassine Kechta,M,12,6.6,,0.0,1.0,,7,5.0,71.4,1.0,,1.0,,0,0,1.0,2.0
Le Havre vs Rennes,Rennes,21628,Brice Samba,G,90,6.2,,0.0,,,35,26.0,74.3,,,,,0,0,,
Le Havre vs Rennes,Rennes,196187,Alidu Seidu,D,90,6.3,,0.0,1.0,,69,61.0,88.4,2.0,2.0,,2.0,0,0,5.0,8.0
Le Havre vs Rennes,Rennes,367636,Jérémy Jacquet,D,90,6.3,,0.0,,,58,51.0,87.9,1.0,,3.0,3.0,1,0,7.0,10.0
Le Havre vs Rennes,Rennes,126757,Lilian Brassier,D,90,6.6,,0.0,,,73,61.0,83.6,3.0,,,1.0,0,0,6.0,10.0
Le Havre vs Rennes,Rennes,3007,Przemysław Frankowski,M,90,7.2,,0.0,,,51,47.0,92.2,4.0,1.0,,,0,0,4.0,6.0
Le Havre vs Rennes,Rennes,24147,Mahdi Camara,M,90,6.2,,0.0,,,40,36.0,90.0,1.0,,1.0,1.0,0,0,3.0,6.0
Le Havre vs Rennes,Rennes,21102,Valentin Rongier,M,90,6.5,,0.0,,,86,77.0,89.5,1.0,1.0,3.0,,1,0,3.0,11.0
Le Havre vs Rennes,Rennes,343792,Djaoui Cissé,M,63,6.3,,0.0,1.0,1.0,25,18.0,72.0,1.0,,1.0,,0,0,3.0,5.0
Le Havre vs Rennes,Rennes,272460,Quentin Merlin,M,90,6.6,,0.0,2.0,,45,36.0,80.0,1.0,2.0,,2.0,0,0,4.0,6.0
Le Havre vs Rennes,Rennes,163004,Esteban Lepaul,F,89,8.2,1.0,1.0,1.0,1.0,29,27.0,93.1,,,1.0,,0,0,1.0,6.0
Le Havre vs Rennes,Rennes,421,Breel Embolo,F,90,7.5,1.0,0.0,1.0,1.0,13,7.0,53.8,2.0,,,3.0,0,0,7.0,13.0
Le Havre vs Rennes,Rennes,30807,Seko Fofana,M,27,6.7,,0.0,,,18,15.0,83.3,,2.0,,1.0,0,0,2.0,2.0
Lille vs Paris Saint Germain,Lille,1337,Berke Özer,G,90,7.3,,0.0,,,39,28.0,71.8,,,,,0,0,,1.0
Lille vs Paris Saint Germain,Lille,264,Thomas Meunier,D,76,6.2,,0.0,,,21,18.0,85.7,1.0,1.0,,,0,0,1.0,2.0
Lille vs Paris Saint Germain,Lille,312964,Nathan Ngoy,D,90,7.3,,0.0,,,33,29.0,87.9,5.0,1.0,1.0,,0,0,6.0,10.0
Lille vs Paris Saint Germain,Lille,1567,Aïssa Mandi,D,90,7,,0.0,,,55,48.0,87.3,1.0,2.0,1.0,1.0,0,0,3.0,6.0
Lille vs Paris Saint Germain,Lille,20600,Romain Perraud,D,90,7.2,,0.0,,,33,28.0,84.8,2.0,1.0,,3.0,0,0,6.0,9.0
Lille vs Paris Saint Germain,Lille,409,Nabil Bentaleb,M,66,6.9,,0.0,1.0,1.0,30,27.0,90.0,,,1.0,1.0,0,0,1.0,3.0
Lille vs Paris Saint Germain,Lille,438688,Ayyoub Bouaddi,M,90,6.9,,0.0,,,25,22.0,88.0,3.0,2.0,3.0,,0,0,4.0,8.0
Lille vs Paris Saint Germain,Lille,2204,Benjamin André,M,90,6.9,,0.0,,,39,30.0,76.9,1.0,2.0,2.0,1.0,1,0,3.0,7.0
Lille vs Paris Saint Germain,Lille,67889,Hakon Arnar Haraldsson,F,66,6.6,,0.0,,,21,17.0,81.0,2.0,,1.0,1.0,0,0,4.0,6.0
Lille vs Paris Saint Germain,Lille,2295,Olivier Giroud,F,76,6.5,,0.0,2.0,1.0,17,13.0,76.5,,,1.0,2.0,0,0,4.0,8.0
Lille vs Paris Saint Germain,Lille,340077,Matías Fernández,F,81,7,,0.0,1.0,,32,24.0,75.0,1.0,1.0,,1.0,0,0,6.0,9.0
Lille vs Paris Saint Germain,Lille,99576,Osame Sahraoui,F,24,6.9,,0.0,,,12,10.0,83.3,,1.0,,1.0,0,0,2.0,2.0
Lille vs Paris Saint Germain,Lille,135749,Félix Correia,F,24,6.9,,0.0,,,11,9.0,81.8,2.0,1.0,,,0,0,2.0,2.0
Lille vs Paris Saint Germain,Lille,379329,Tiago Santos,D,14,6.6,,0.0,,,8,4.0,50.0,1.0,,1.0,,0,0,1.0,3.0
Lille vs Paris Saint Germain,Lille,306979,Hamza Igamane,F,14,6.9,,1.0,,,5,5.0,100.0,,1.0,,1.0,0,0,1.0,3.0
Lille vs Paris Saint Germain,Lille,386287,Ethan Mbappé,M,9,7.3,1.0,0.0,1.0,1.0,8,5.0,62.5,,,,,0,0,,1.0
Lille vs Paris Saint Germain,Paris Saint Germain,162453,Lucas Chevalier,G,90,6.9,,0.0,,,25,24.0,96.0,,,,,0,0,,
Lille vs Paris Saint Germain,Paris Saint Germain,336657,Warren Zaïre-Emery,D,90,6.2,,0.0,,,72,64.0,88.9,1.0,1.0,1.0,,0,0,2.0,7.0
Lille vs Paris Saint Germain,Paris Saint Germain,307835,Lucas Beraldo,D,90,7.5,,0.0,,,94,90.0,95.7,2.0,1.0,,,0,0,4.0,6.0
Lille vs Paris Saint Germain,Paris Saint Germain,16367,Willian Pacho,D,90,6.9,,0.0,,,94,91.0,96.8,3.0,,1.0,,0,0,3.0,7.0
Lille vs Paris Saint Germain,Paris Saint Germain,33,Lucas Hernández,D,68,7.6,,0.0,1.0,,69,66.0,95.7,,1.0,2.0,1.0,1,0,2.0,5.0
Lille vs Paris Saint Germain,Paris Saint Germain,409216,Senny Mayulu,M,59,6.6,,0.0,,,27,23.0,85.2,1.0,,1.0,1.0,0,0,2.0,4.0
Lille vs Paris Saint Germain,Paris Saint Germain,927,Kang-in Lee,M,90,6.5,,0.0,3.0,2.0,67,64.0,95.5,,1.0,,1.0,0,0,3.0,5.0
Lille vs Paris Saint Germain,Paris Saint Germain,471107,Quentin Ndjantou,M,90,6.3,,0.0,,,44,38.0,86.4,,1.0,2.0,,0,0,3.0,10.0
Lille vs Paris Saint Germain,Paris Saint Germain,446249,Ibrahim Mbaye,F,59,6.3,,0.0,,,32,23.0,71.9,,,2.0,,0,0,2.0,7.0
Lille vs Paris Saint Germain,Paris Saint Germain,41585,Gonçalo Ramos,F,90,6.2,,0.0,2.0,,20,18.0,90.0,,,,3.0,0,0,3.0,7.0
Lille vs Paris Saint Germain,Paris Saint Germain,161904,Bradley Barcola,F,59,7.2,,0.0,4.0,2.0,23,21.0,91.3,1.0,1.0,,1.0,0,0,7.0,9.0
Lille vs Paris Saint Germain,Paris Saint Germain,263482,Nuno Mendes,D,31,7.9,1.0,0.0,1.0,1.0,15,14.0,93.3,,,,1.0,0,0,1.0,4.0
Lille vs Paris Saint Germain,Paris Saint Germain,9,Achraf Hakimi,D,31,6.2,,0.0,1.0,,20,17.0,85.0,1.0,,1.0,1.0,0,0,2.0,5.0
Lille vs Paris Saint Germain,Paris Saint Germain,128384,Vitinha,M,31,6.9,,0.0,,,40,36.0,90.0,,,1.0,1.0,0,0,1.0,2.0
Lille vs Paris Saint Germain,Paris Saint Germain,161671,Ilya Zabarnyi,D,22,6.3,,0.0,,,14,11.0,78.6,,,1.0,,0,0,1.0,2.0
Paris Saint Germain vs Strasbourg,Paris Saint Germain,162453,Lucas Chevalier,G,90,6.6,,0.0,,,35,34.0,97.1,,,,,0,0,,
Paris Saint Germain vs Strasbourg,Paris Saint Germain,409216,Senny Mayulu,D,89,6.3,1.0,0.0,3.0,2.0,53,46.0,86.8,4.0,,,1.0,0,0,6.0,10.0
Paris Saint Germain vs Strasbourg,Paris Saint Germain,161671,Ilya Zabarnyi,D,90,6.9,,0.0,,,118,112.0,94.9,3.0,1.0,1.0,,0,0,3.0,5.0
Paris Saint Germain vs Strasbourg,Paris Saint Germain,307835,Lucas Beraldo,D,61,6.6,,0.0,,,93,87.0,93.5,,,,1.0,0,0,2.0,3.0
Paris Saint Germain vs Strasbourg,Paris Saint Germain,33,Lucas Hernández,D,90,6.2,,0.0,,,91,86.0,94.5,1.0,,3.0,,1,0,3.0,7.0
Paris Saint Germain vs Strasbourg,Paris Saint Germain,927,Kang-in Lee,M,90,6.6,,0.0,1.0,,61,58.0,95.1,,,1.0,,1,0,,1.0
Paris Saint Germain vs Strasbourg,Paris Saint Germain,336657,Warren Zaïre-Emery,M,90,7,,0.0,,,84,83.0,98.8,2.0,1.0,2.0,2.0,0,0,5.0,10.0
Paris Saint Germain vs Strasbourg,Paris Saint Germain,343027,Désiré Doué,M,61,6.2,,1.0,1.0,1.0,49,40.0,81.6,3.0,,,2.0,0,0,5.0,16.0
Paris Saint Germain vs Strasbourg,Paris Saint Germain,446249,Ibrahim Mbaye,F,90,7.5,,0.0,,,57,51.0,89.5,2.0,2.0,2.0,3.0,0,0,6.0,9.0
Paris Saint Germain vs Strasbourg,Paris Saint Germain,41585,Gonçalo Ramos,F,90,7.2,1.0,0.0,4.0,3.0,22,19.0,86.4,,,1.0,2.0,0,0,3.0,3.0
Paris Saint Germain vs Strasbourg,Paris Saint Germain,161904,Bradley Barcola,F,61,8.9,1.0,0.0,2.0,2.0,37,30.0,81.1,4.0,,1.0,2.0,0,0,9.0,12.0
Paris Saint Germain vs Strasbourg,Paris Saint Germain,16367,Willian Pacho,D,29,7.2,,0.0,1.0,,32,31.0,96.9,2.0,1.0,,,0,0,2.0,2.0
Paris Saint Germain vs Strasbourg,Paris Saint Germain,471107,Quentin Ndjantou,F,29,6.5,,0.0,1.0,,25,19.0,76.0,,,1.0,1.0,0,0,2.0,6.0
Paris Saint Germain vs Strasbourg,Paris Saint Germain,483,Khvicha Kvaratskhelia,F,29,6.7,,0.0,3.0,1.0,23,19.0,82.6,,,,1.0,0,0,2.0,2.0
Paris Saint Germain vs Strasbourg,Strasbourg,340151,Mike Penders,G,90,6.6,,0.0,,,30,21.0,70.0,,,1.0,,1,0,,1.0
Paris Saint Germain vs Strasbourg,Strasbourg,271542,Ismael Doukouré,D,89,5.3,,0.0,,,27,20.0,74.1,,2.0,1.0,,0,0,,3.0
Paris Saint Germain vs Strasbourg,Strasbourg,396193,Lucas Høgsberg,D,90,6.2,,0.0,,,34,32.0,94.1,,,3.0,,0,0,,3.0
Paris Saint Germain vs Strasbourg,Strasbourg,2933,Ben Chilwell,D,90,6,,0.0,,,27,22.0,81.5,1.0,,2.0,1.0,0,0,2.0,6.0
Paris Saint Germain vs Strasbourg,Strasbourg,161747,Guéla Doué,M,90,6.6,,1.0,,,22,20.0,90.9,3.0,,3.0,4.0,0,0,8.0,19.0
Paris Saint Germain vs Strasbourg,Strasbourg,319572,Valentín Barco,M,90,7.3,,1.0,,,39,35.0,89.7,3.0,,,3.0,0,0,7.0,9.0
Paris Saint Germain vs Strasbourg,Strasbourg,415431,Samir El Mourabet,M,65,6.6,,0.0,,,19,16.0,84.2,3.0,,,,0,0,3.0,5.0
Paris Saint Germain vs Strasbourg,Strasbourg,358166,Abdoul Ouattara,M,90,6.2,,0.0,,,13,11.0,84.6,2.0,,,,0,0,2.0,5.0
Paris Saint Germain vs Strasbourg,Strasbourg,70747,Julio Enciso,F,65,6.5,,0.0,5.0,3.0,20,14.0,70.0,1.0,,1.0,,0,0,2.0,5.0
Paris Saint Germain vs Strasbourg,Strasbourg,335056,Diego Moreira,F,73,8.9,1.0,1.0,1.0,1.0,24,19.0,79.2,2.0,1.0,,,0,0,2.0,7.0
Paris Saint Germain vs Strasbourg,Strasbourg,390742,Joaquin Panichelli,F,90,8.9,2.0,0.0,4.0,3.0,31,28.0,90.3,3.0,2.0,3.0,2.0,0,0,9.0,15.0
Paris Saint Germain vs Strasbourg,Strasbourg,147835,Andrew Omobamidele,D,25,6.2,,0.0,,,9,9.0,100.0,,1.0,,,0,0,,1.0
Paris Saint Germain vs Strasbourg,Strasbourg,325594,Félix Lemaréchal,M,25,6.2,,0.0,,,11,7.0,63.6,2.0,1.0,1.0,,0,0,3.0,6.0
Paris Saint Germain vs Strasbourg,Strasbourg,359386,Martial Godo,F,17,6.7,,0.0,,,3,3.0,100.0,,1.0,,1.0,0,0,1.0,3.0
Nice vs Lyon,Nice,20566,Yehvann Diouf,G,90,8.2,,0.0,,,30,19.0,63.3,,,,,0,0,2.0,2.0
Nice vs Lyon,Nice,313937,Antoine Mendy,D,90,7.3,,0.0,,,17,15.0,88.2,4.0,1.0,,1.0,0,0,6.0,7.0
Nice vs Lyon,Nice,404172,Kojo Peprah Oppong,D,90,7,,0.0,,,16,16.0,100.0,2.0,1.0,2.0,,0,0,5.0,8.0
Nice vs Lyon,Nice,22163,Dante,D,66,6.6,,0.0,,,25,21.0,84.0,,,1.0,1.0,0,0,2.0,4.0
Nice vs Lyon,Nice,25008,Jonathan Clauss,M,90,6.6,,1.0,,,29,19.0,65.5,,2.0,2.0,,0,0,1.0,7.0
Nice vs Lyon,Nice,4399,Hicham Boudaoui,M,90,8.2,1.0,0.0,1.0,1.0,24,22.0,91.7,2.0,3.0,1.0,1.0,0,0,5.0,11.0
Nice vs Lyon,Nice,8680,Charles Vanhoutte,M,90,6.5,,0.0,,,28,20.0,71.4,1.0,1.0,2.0,,1,0,4.0,8.0
Nice vs Lyon,Nice,162465,Melvin Bard,M,90,7.6,1.0,0.0,1.0,1.0,22,14.0,63.6,1.0,1.0,,1.0,0,0,4.0,7.0
Nice vs Lyon,Nice,274312,Mohamed-Ali Cho,F,73,6.3,,0.0,,,9,4.0,44.4,,,1.0,,0,0,1.0,8.0
Nice vs Lyon,Nice,107,Sofiane Diop,F,73,7.6,1.0,1.0,1.0,1.0,24,19.0,79.2,,1.0,1.0,4.0,0,0,4.0,8.0
Nice vs Lyon,Nice,30531,Jérémie Boga,F,73,6.6,,1.0,1.0,,18,15.0,83.3,,,,1.0,0,0,2.0,6.0
Nice vs Lyon,Nice,449509,Abdulay Juma Bah,D,24,6.2,,0.0,,,0,,,1.0,,,,0,0,1.0,2.0
Nice vs Lyon,Nice,193617,Tom Louchet,M,17,6.3,,0.0,,,7,6.0,85.7,2.0,1.0,,1.0,0,0,4.0,7.0
Nice vs Lyon,Nice,1914,Morgan Sanson,M,17,6.7,,0.0,,,3,2.0,66.7,,,,,0,0,,
Nice vs Lyon,Nice,158065,Tiago Gouveia,F,17,6.7,,0.0,1.0,1.0,0,,,2.0,,,1.0,0,0,4.0,9.0
Nice vs Lyon,Lyon,61142,Dominik Greif,G,90,6.2,,0.0,,,25,23.0,92.0,,,,,0,0,,1.0
Nice vs Lyon,Lyon,1456,Ainsley Maitland-Niles,D,90,6,,0.0,2.0,1.0,57,50.0,87.7,,,,,0,0,,2.0
Nice vs Lyon,Lyon,68,Clinton Mata,D,77,6.7,,0.0,,,87,82.0,94.3,1.0,2.0,1.0,1.0,1,0,2.0,3.0
Nice vs Lyon,Lyon,193293,Ruben Kluivert,D,90,6.2,,1.0,,,71,65.0,91.5,4.0,1.0,2.0,1.0,0,0,10.0,14.0
Nice vs Lyon,Lyon,9700,Abner Vinícius,D,68,6,,0.0,,,40,34.0,85.0,,,,1.0,0,0,2.0,3.0
Nice vs Lyon,Lyon,162590,Tyler Morton,M,77,7.3,,0.0,1.0,,37,32.0,86.5,5.0,1.0,2.0,,0,0,7.0,10.0
Nice vs Lyon,Lyon,519,Corentin Tolisso,M,90,6.5,,0.0,1.0,1.0,69,61.0,88.4,2.0,1.0,2.0,,0,0,5.0,15.0
Nice vs Lyon,Lyon,199871,Adam Karabec,M,68,6.2,,0.0,1.0,,16,10.0,62.5,,,2.0,1.0,0,0,2.0,6.0
Nice vs Lyon,Lyon,66387,Pavel Šulc,M,90,8.5,2.0,0.0,3.0,2.0,30,24.0,80.0,,1.0,,1.0,0,0,4.0,9.0
Nice vs Lyon,Lyon,361348,Malick Fofana,M,77,6.3,,0.0,1.0,1.0,22,15.0,68.2,2.0,,,2.0,0,0,5.0,5.0
Nice vs Lyon,Lyon,195512,Martín Satriano,F,90,6.2,,0.0,1.0,,25,23.0,92.0,,,1.0,1.0,0,0,3.0,12.0
Nice vs Lyon,Lyon,529,Nicolás Tagliafico,D,22,6.9,,0.0,1.0,,13,12.0,92.3,2.0,1.0,,,0,0,3.0,3.0
Nice vs Lyon,Lyon,18780,Rachid Ghezzal,F,22,6.7,,0.0,1.0,1.0,17,15.0,88.2,2.0,,1.0,,0,0,2.0,4.0
Nice vs Lyon,Lyon,25916,Moussa Niakhaté,D,13,6.9,,0.0,,,18,15.0,83.3,,1.0,,,1,0,1.0,2.0
Nice vs Lyon,Lyon,80752,Tanner Tessmann,M,13,7.2,,0.0,1.0,1.0,12,11.0,91.7,2.0,,,1.0,0,0,3.0,4.0
Nice vs Lyon,Lyon,345388,Afonso Moreira,F,13,6.5,,0.0,1.0,,5,5.0,100.0,,,,,0,0,,1.0
Angers vs Monaco,Angers,22220,Hervé Koffi,G,90,6.7,,0.0,,,37,20.0,54.1,,,,1.0,0,0,2.0,2.0
Angers vs Monaco,Angers,20850,Carlens Arcus,D,90,6.9,,0.0,1.0,,45,41.0,91.1,3.0,1.0,3.0,2.0,1,0,7.0,11.0
Angers vs Monaco,Angers,271540,Ousmane Camara,D,90,6.6,,0.0,,,37,32.0,86.5,3.0,2.0,1.0,1.0,0,0,5.0,8.0
Angers vs Monaco,Angers,21381,Jordan Lefort,D,90,6.7,,0.0,,,47,42.0,89.4,1.0,,,,0,0,1.0,1.0
Angers vs Monaco,Angers,41146,Florent Hanin,D,79,6.3,,0.0,,,35,29.0,82.9,,1.0,1.0,,0,0,,5.0
Angers vs Monaco,Angers,20554,Haris Belkebla,M,90,7.5,,0.0,,,46,42.0,91.3,3.0,,,1.0,0,0,5.0,5.0
Angers vs Monaco,Angers,20692,Himad Abdelli,M,71,6.9,,0.0,1.0,,32,29.0,90.6,3.0,1.0,1.0,,0,0,6.0,11.0
Angers vs Monaco,Angers,174708,Yassin Belkhdim,M,90,6.7,,0.0,1.0,1.0,30,28.0,93.3,2.0,2.0,2.0,1.0,0,0,3.0,5.0
Angers vs Monaco,Angers,289555,Louis Mouton,M,79,7,,0.0,1.0,,28,18.0,64.3,,,2.0,1.0,0,0,1.0,8.0
Angers vs Monaco,Angers,191289,Amine Sbai,M,71,6.7,,0.0,,,17,11.0,64.7,,1.0,,1.0,0,0,4.0,11.0
Angers vs Monaco,Angers,457541,Prosper Peter,F,61,6.3,,0.0,1.0,,8,6.0,75.0,,1.0,2.0,4.0,0,0,4.0,12.0
Angers vs Monaco,Angers,421875,Sidiki Cherif,F,29,7.3,1.0,0.0,2.0,2.0,5,4.0,80.0,,1.0,2.0,,1,0,1.0,4.0
Angers vs Monaco,Angers,343609,Jacques Ekomie,D,19,6.3,,0.0,,,6,5.0,83.3,2.0,,,,0,0,2.0,3.0
Angers vs Monaco,Angers,174660,Lilian Raolisoa,D,19,6.6,,1.0,,,13,10.0,76.9,,,,,0,0,1.0,2.0
Angers vs Monaco,Angers,579375,Djibirin Harouna,F,11,7,,0.0,,,5,5.0,100.0,1.0,1.0,1.0,,0,0,2.0,3.0
Angers vs Monaco,Angers,403277,Lanroy Machine,F,11,6.7,,0.0,,,6,5.0,83.3,,,,,0,0,,1.0
Angers vs Monaco,Monaco,7313,Philipp Köhn,G,90,6.9,,0.0,,,35,34.0,97.1,,1.0,,1.0,0,0,2.0,2.0
Angers vs Monaco,Monaco,261,Thilo Kehrer,D,90,7.9,,0.0,1.0,1.0,101,89.0,88.1,4.0,1.0,,2.0,0,0,10.0,13.0
Angers vs Monaco,Monaco,47480,Mohammed Salisu,D,90,7.5,,0.0,1.0,,108,99.0,91.7,2.0,,3.0,,1,0,6.0,9.0
Angers vs Monaco,Monaco,10316,Caio Henrique,D,90,6.3,,0.0,,,63,52.0,82.5,,1.0,,,0,0,,2.0
Angers vs Monaco,Monaco,81,Krépin Diatta,M,90,7,,0.0,1.0,,43,33.0,76.7,4.0,3.0,,1.0,0,0,8.0,10.0
Angers vs Monaco,Monaco,231,Jordan Teze,M,84,6.7,,0.0,1.0,,39,34.0,87.2,,,2.0,1.0,1,0,1.0,4.0
Angers vs Monaco,Monaco,419035,Mamadou Coulibaly,M,90,7.7,,0.0,,,65,63.0,96.9,6.0,2.0,3.0,3.0,0,0,10.0,16.0
Angers vs Monaco,Monaco,333137,Kassoum Ouattara,M,70,6.3,,0.0,,,25,15.0,60.0,,,1.0,3.0,0,0,3.0,11.0
Angers vs Monaco,Monaco,274300,Maghnes Akliouche,F,84,7.2,,0.0,1.0,1.0,35,29.0,82.9,2.0,2.0,1.0,2.0,0,0,4.0,7.0
Angers vs Monaco,Monaco,135775,Ansu Fati,F,70,5.6,,0.0,1.0,,19,16.0,84.2,,,,,0,0,,4.0
Angers vs Monaco,Monaco,283026,Mika Biereth,F,62,6.9,,0.0,,,14,9.0,64.3,,,2.0,,0,0,1.0,5.0
Angers vs Monaco,Monaco,138835,Folarin Balogun,F,28,7.5,1.0,0.0,2.0,2.0,3,3.0,100.0,,,,,0,0,,3.0
Angers vs Monaco,Monaco,340152,Stanis Idumbo Muzambo,M,20,6.5,,0.0,,,6,4.0,66.7,,,2.0,1.0,0,0,2.0,5.0
Angers vs Monaco,Monaco,1101,Takumi Minamino,M,20,6.6,,1.0,,,4,2.0,50.0,,,,,0,0,,
Angers vs Monaco,Monaco,453792,Aladji Bamba,M,12,6.7,,0.0,,,7,6.0,85.7,,,,,0,0,1.0,1.0
Angers vs Monaco,Monaco,395040,George Ilenikhena,F,12,6.5,,0.0,,,1,,,,,,,0,0,,
Marseille vs Le Havre,Marseille,36827,Jeffrey de Lange,G,90,6.2,,0.0,,,24,22.0,91.7,,,,,0,0,,
Marseille vs Le Havre,Marseille,2725,Benjamin Pavard,D,90,7.6,,1.0,,,96,90.0,93.8,3.0,,1.0,1.0,0,0,5.0,7.0
Marseille vs Le Havre,Marseille,6,Leonardo Balerdi,D,90,6.9,,0.0,,,99,97.0,98.0,3.0,,2.0,,0,0,5.0,9.0
Marseille vs Le Havre,Marseille,21694,Nayef Aguerd,D,90,7,,0.0,,,94,90.0,95.7,1.0,1.0,3.0,2.0,0,0,7.0,11.0
Marseille vs Le Havre,Marseille,2284,Emerson Palmieri,D,65,6.2,,0.0,1.0,1.0,39,35.0,89.7,,1.0,,,0,0,1.0,3.0
Marseille vs Le Havre,Marseille,19030,Matt O'Riley,M,65,6.6,,0.0,,,45,39.0,86.7,1.0,,1.0,,0,0,2.0,5.0
Marseille vs Le Havre,Marseille,2735,Pierre-Emile Højbjerg,M,90,7.5,,0.0,2.0,2.0,90,86.0,95.6,,,1.0,2.0,0,0,3.0,4.0
Marseille vs Le Havre,Marseille,897,Mason Greenwood,M,79,10,4.0,0.0,5.0,4.0,62,56.0,90.3,,,,2.0,0,0,2.0,4.0
Marseille vs Le Havre,Marseille,896,Angel Gomes,M,65,6.3,,0.0,1.0,1.0,36,34.0,94.4,,,2.0,1.0,0,0,1.0,6.0
Marseille vs Le Havre,Marseille,9363,Igor Paixão,M,71,6.9,,1.0,3.0,,33,30.0,90.9,,,1.0,1.0,0,0,4.0,10.0
Marseille vs Le Havre,Marseille,1465,Pierre-Emerick Aubameyang,F,90,7.5,,1.0,1.0,1.0,9,9.0,100.0,,,2.0,,0,0,,3.0
Marseille vs Le Havre,Marseille,2973,Amir Murillo,D,25,7.2,1.0,0.0,1.0,1.0,10,9.0,90.0,,1.0,1.0,1.0,1,0,1.0,5.0
Marseille vs Le Havre,Marseille,283216,Bilal Nadir,M,25,7.5,,1.0,,,17,17.0,100.0,,,2.0,,1,0,,3.0
Marseille vs Le Havre,Marseille,435482,Robinio Vaz,F,25,7.9,1.0,1.0,1.0,1.0,4,4.0,100.0,1.0,,,,0,0,1.0,1.0
Marseille vs Le Havre,Marseille,1138,Timothy Weah,F,19,6.5,,0.0,,,13,10.0,76.9,,,,,0,0,,
Marseille vs Le Havre,Marseille,455245,Darryl Bakola,M,11,6.5,,0.0,,,13,12.0,92.3,,,1.0,,0,0,,2.0
Marseille vs Le Havre,Le Havre,119853,Mory Diaw,G,90,4.9,,0.0,,,25,12.0,48.0,,,,,0,0,,
Marseille vs Le Havre,Le Havre,2336,Loic Négo,D,90,5,,0.0,,,25,15.0,60.0,,,1.0,1.0,0,0,3.0,6.0
Marseille vs Le Havre,Le Havre,174927,Arouna Sangante,D,90,5.3,,0.0,,,30,27.0,90.0,1.0,1.0,1.0,1.0,0,0,2.0,4.0
Marseille vs Le Havre,Le Havre,64255,Gautier Lloris,D,34,5.2,,0.0,,,13,10.0,76.9,,,2.0,,0,1,,1.0
Marseille vs Le Havre,Le Havre,23637,Yanis Zouaoui,D,90,4.9,,0.0,1.0,,15,11.0,73.3,,,1.0,1.0,1,0,2.0,6.0
Marseille vs Le Havre,Le Havre,174625,Fodé Doucouré,M,65,6.7,,0.0,2.0,1.0,10,9.0,90.0,2.0,,,1.0,0,0,3.0,5.0
Marseille vs Le Havre,Le Havre,128342,Rassoul Ndiaye,M,65,7.3,,0.0,,,18,17.0,94.4,4.0,,,1.0,0,0,8.0,10.0
Marseille vs Le Havre,Le Havre,33165,Ayumu Seko,M,84,6.2,,0.0,,,19,13.0,68.4,,1.0,1.0,,0,0,1.0,2.0
Marseille vs Le Havre,Le Havre,174937,Yassine Kechta,M,84,7.5,1.0,0.0,1.0,1.0,18,16.0,88.9,,1.0,2.0,2.0,1,0,2.0,5.0
Marseille vs Le Havre,Le Havre,156465,Issa Soumaré,F,90,7.2,,1.0,1.0,,18,15.0,83.3,1.0,,2.0,4.0,0,0,9.0,17.0
Marseille vs Le Havre,Le Havre,1945,Mbwana Ally Samatta,F,38,6.5,,0.0,,,3,1.0,33.3,,,1.0,,0,0,,2.0
Marseille vs Le Havre,Le Havre,162443,Étienne Youte Kinkoue,D,52,5.7,,0.0,,,12,8.0,66.7,1.0,,,,0,0,1.0,1.0
Marseille vs Le Havre,Le Havre,21103,Abdoulaye Touré,M,25,7.2,1.0,0.0,1.0,1.0,17,15.0,88.2,,1.0,,1.0,0,0,1.0,1.0
Marseille vs Le Havre,Le Havre,364093,Simon Ebonog,M,25,6.2,,0.0,,,9,8.0,88.9,1.0,1.0,2.0,1.0,0,0,4.0,6.0
Marseille vs Le Havre,Le Havre,36932,Younes Namli,F,12,6.9,,1.0,,,3,1.0,33.3,,,,1.0,0,0,2.0,2.0
Marseille vs Le Havre,Le Havre,21641,Godson Kyeremeh,F,12,6.6,,0.0,,,3,3.0,100.0,,,,2.0,0,0,3.0,5.0
Lens vs Paris FC,Lens,347211,Robin Risser,G,90,7,,0.0,,,16,11.0,68.8,,,,,0,0,,
Lens vs Paris FC,Lens,21635,Jonathan Gradit,D,90,7,,0.0,,,34,31.0,91.2,4.0,1.0,1.0,1.0,0,0,6.0,9.0
Lens vs Paris FC,Lens,322984,Samson Baidoo,D,90,7.9,1.0,0.0,3.0,1.0,43,41.0,95.3,,,2.0,,0,0,5.0,12.0
Lens vs Paris FC,Lens,22166,Malang Sarr,D,90,8,,0.0,1.0,,49,43.0,87.8,4.0,,,,0,0,7.0,8.0
Lens vs Paris FC,Lens,21568,Ruben Aguilar,M,73,7,,0.0,,,40,32.0,80.0,1.0,1.0,1.0,1.0,0,0,2.0,4.0
Lens vs Paris FC,Lens,277306,Mamadou Sangare,M,90,7.5,,0.0,,,44,33.0,75.0,5.0,2.0,,1.0,0,0,9.0,13.0
Lens vs Paris FC,Lens,22261,Adrien Thomasson,M,90,7.7,,2.0,,,40,31.0,77.5,3.0,1.0,3.0,1.0,0,0,4.0,10.0
Lens vs Paris FC,Lens,20525,Matthieu Udol,M,90,7,,0.0,,,29,24.0,82.8,1.0,,1.0,,0,0,2.0,6.0
Lens vs Paris FC,Lens,1922,Florian Thauvin,F,72,5.9,,0.0,1.0,1.0,37,27.0,73.0,2.0,,1.0,1.0,1,0,6.0,14.0
Lens vs Paris FC,Lens,23643,Morgan Guilavogui,F,89,7,,0.0,,,35,29.0,82.9,2.0,,1.0,3.0,0,0,5.0,6.0
Lens vs Paris FC,Lens,1135,Odsonne Édouard,F,59,7.3,1.0,0.0,1.0,1.0,16,13.0,81.2,,,,,0,0,3.0,6.0
Lens vs Paris FC,Lens,21715,Wesley Saïd,F,31,6.3,,0.0,1.0,,6,4.0,66.7,,1.0,,,0,0,,1.0
Lens vs Paris FC,Lens,277191,Abdallah Sima,F,18,6.5,,0.0,,,3,1.0,33.3,,,1.0,,1,0,1.0,2.0
Lens vs Paris FC,Lens,44594,Saud Abdulhamid,D,17,6.9,,0.0,,,10,7.0,70.0,2.0,1.0,,,0,0,2.0,4.0
Lens vs Paris FC,Paris FC,194981,Obed Nkambadio,G,90,7.3,,0.0,,,46,36.0,78.3,,,,,0,0,1.0,1.0
Lens vs Paris FC,Paris FC,2202,Hamari Traoré,D,90,6.3,,0.0,,,51,42.0,82.4,,1.0,2.0,,1,0,2.0,4.0
Lens vs Paris FC,Paris FC,20869,Samir Sophian Chergui,D,90,6.5,,0.0,,,58,55.0,94.8,1.0,2.0,,,0,0,4.0,8.0
Lens vs Paris FC,Paris FC,266013,Otávio,D,90,7.2,,0.0,,,86,77.0,89.5,2.0,1.0,1.0,2.0,0,0,5.0,8.0
Lens vs Paris FC,Paris FC,8474,Thibault De Smet,D,45,6.6,,0.0,,,38,35.0,92.1,2.0,,,1.0,0,0,3.0,3.0
Lens vs Paris FC,Paris FC,1910,Maxime López,M,90,7.2,,0.0,1.0,1.0,85,78.0,91.8,3.0,,1.0,,0,0,5.0,11.0
Lens vs Paris FC,Paris FC,22170,Pierre Lees Melou,M,82,7.5,1.0,0.0,2.0,1.0,45,32.0,71.1,1.0,2.0,1.0,1.0,0,0,4.0,7.0
Lens vs Paris FC,Paris FC,84218,Adama Camara,M,72,6.3,,0.0,1.0,1.0,29,26.0,89.7,1.0,1.0,1.0,,0,0,4.0,10.0
Lens vs Paris FC,Paris FC,83831,Ilan Kebbal,F,90,6.9,,1.0,,,50,37.0,74.0,1.0,,,3.0,1,0,4.0,7.0
Lens vs Paris FC,Paris FC,22842,Jean-Philippe Krasso,F,63,6.5,,0.0,,,18,10.0,55.6,,,,2.0,0,0,7.0,18.0
Lens vs Paris FC,Paris FC,2781,Moses Simon,F,63,6.3,,0.0,,,12,10.0,83.3,,,1.0,1.0,0,0,1.0,5.0
Lens vs Paris FC,Paris FC,389322,Nhoa Sangui,D,45,6.2,,0.0,,,24,19.0,79.2,2.0,,,,0,0,2.0,5.0
Lens vs Paris FC,Paris FC,120,Willem Geubbels,F,27,6.5,,0.0,1.0,,6,4.0,66.7,,1.0,,,0,0,,1.0
Lens vs Paris FC,Paris FC,20704,Alimami Gory,F,27,6.5,,0.0,,,4,4.0,100.0,,,1.0,,0,0,,3.0
Lens vs Paris FC,Paris FC,22229,Jonathan Ikoné,F,18,6.3,,0.0,,,9,8.0,88.9,,,,,0,0,1.0,3.0
Lens vs Paris FC,Paris FC,20925,Vincent Marchetti,M,8,6.7,,0.0,,,6,6.0,100.0,,,,,0,0,,1.0
Rennes vs Auxerre,Rennes,21628,Brice Samba,G,90,6.6,,0.0,,,20,13.0,65.0,1.0,,,,0,0,1.0,1.0
Rennes vs Auxerre,Rennes,196187,Alidu Seidu,D,90,7.5,,0.0,,,48,41.0,85.4,8.0,1.0,,1.0,0,0,10.0,11.0
Rennes vs Auxerre,Rennes,367636,Jérémy Jacquet,D,90,6.6,,0.0,1.0,,58,49.0,84.5,3.0,,2.0,1.0,0,0,6.0,9.0
Rennes vs Auxerre,Rennes,129681,Anthony Rouault,D,90,6,,0.0,,,43,34.0,79.1,,,2.0,,1,0,5.0,7.0
Rennes vs Auxerre,Rennes,21497,Ludovic Blas,M,77,7.5,,1.0,2.0,1.0,33,26.0,78.8,,1.0,,3.0,0,0,6.0,12.0
Rennes vs Auxerre,Rennes,24147,Mahdi Camara,M,90,7,,0.0,1.0,1.0,31,24.0,77.4,4.0,5.0,,3.0,0,0,10.0,14.0
Rennes vs Auxerre,Rennes,21102,Valentin Rongier,M,90,7.3,,0.0,,,63,56.0,88.9,2.0,,1.0,,0,0,4.0,8.0
Rennes vs Auxerre,Rennes,30807,Seko Fofana,M,90,7.5,1.0,0.0,2.0,1.0,29,26.0,89.7,1.0,1.0,1.0,3.0,0,0,4.0,10.0
Rennes vs Auxerre,Rennes,272460,Quentin Merlin,M,90,6.3,,0.0,,,43,32.0,74.4,1.0,2.0,1.0,2.0,0,0,3.0,9.0
Rennes vs Auxerre,Rennes,163004,Esteban Lepaul,F,90,6.2,,1.0,3.0,1.0,22,18.0,81.8,2.0,,1.0,,0,0,3.0,11.0
Rennes vs Auxerre,Rennes,421,Breel Embolo,F,77,7.7,1.0,0.0,4.0,3.0,19,13.0,68.4,1.0,,2.0,,0,0,3.0,9.0
Rennes vs Auxerre,Rennes,15286,Mousa Tamari,F,13,6.6,,0.0,,,5,4.0,80.0,,,1.0,1.0,0,0,1.0,2.0
Rennes vs Auxerre,Rennes,449662,Mohamed Kader Meite,F,13,6.7,,0.0,,,4,2.0,50.0,,,,1.0,0,0,4.0,7.0
Rennes vs Auxerre,Auxerre,20542,Donovan Léon,G,90,7.9,,0.0,,,32,14.0,43.8,,,,,0,0,,
Rennes vs Auxerre,Auxerre,174915,Josué Casimir,D,68,6.2,,0.0,,,23,16.0,69.6,2.0,,1.0,1.0,1,0,4.0,5.0
Rennes vs Auxerre,Auxerre,191240,Marvin Senaya,D,90,6.2,,0.0,,,44,33.0,75.0,1.0,,1.0,1.0,0,0,3.0,5.0
Rennes vs Auxerre,Auxerre,31016,Francisco Sierralta,D,90,6.6,,0.0,,,34,31.0,91.2,1.0,,,,0,0,6.0,7.0
Rennes vs Auxerre,Auxerre,191189,Clement Akpa,D,90,6.3,,0.0,,,58,41.0,70.7,3.0,,1.0,1.0,1,0,8.0,13.0
Rennes vs Auxerre,Auxerre,7578,Gideon Mensah,D,90,6.2,,0.0,,,39,32.0,82.1,4.0,3.0,3.0,1.0,0,0,6.0,14.0
Rennes vs Auxerre,Auxerre,293643,Ibrahim Osman,M,68,6.3,,0.0,1.0,,17,12.0,70.6,1.0,1.0,,2.0,0,0,3.0,8.0
Rennes vs Auxerre,Auxerre,319919,Oussama El Azzouzi,M,77,7.2,,0.0,,,38,36.0,94.7,4.0,2.0,2.0,1.0,0,0,7.0,11.0
Rennes vs Auxerre,Auxerre,323625,Kévin Danois,M,68,6.2,,0.0,,,31,26.0,83.9,,,,,0,0,1.0,10.0
Rennes vs Auxerre,Auxerre,19625,Danny Namaso,M,90,7,1.0,0.0,1.0,1.0,22,20.0,90.9,1.0,,4.0,1.0,0,0,3.0,17.0
Rennes vs Auxerre,Auxerre,90617,Lassine Sinayoko,F,90,7.3,1.0,0.0,3.0,3.0,27,21.0,77.8,1.0,2.0,,2.0,0,0,3.0,8.0
Rennes vs Auxerre,Auxerre,21010,Elisha Owusu,M,22,6.7,,0.0,,,7,5.0,71.4,1.0,,,,0,0,1.0,2.0
Rennes vs Auxerre,Auxerre,322595,Lasso Coulibaly,M,22,6.9,,0.0,,,6,6.0,100.0,1.0,1.0,,,0,0,3.0,3.0
Rennes vs Auxerre,Auxerre,190686,Sékou Mara,F,22,6.7,,0.0,,,9,9.0,100.0,,,,1.0,0,0,2.0,4.0
Rennes vs Auxerre,Auxerre,30748,Assane Dioussé,M,13,6.2,,0.0,1.0,,8,6.0,75.0,,,3.0,,1,0,,3.0
Toulouse vs Metz,Toulouse,325346,Guillaume Restes,G,90,7.5,,0.0,,,18,11.0,61.1,,,,,0,0,,
Toulouse vs Metz,Toulouse,102,Djibril Sidibé,D,64,6.9,,0.0,,,23,19.0,82.6,,,1.0,,0,0,,2.0
Toulouse vs Metz,Toulouse,278392,Charlie Cresswell,D,90,8.9,1.0,1.0,2.0,1.0,53,49.0,92.5,2.0,2.0,2.0,,0,0,7.0,11.0
Toulouse vs Metz,Toulouse,15793,Rasmus Nicolaisen,D,90,7.3,,0.0,,,34,31.0,91.2,1.0,,1.0,1.0,0,0,4.0,5.0
Toulouse vs Metz,Toulouse,39115,Aron Dønnum,M,90,8.6,1.0,1.0,2.0,2.0,30,22.0,73.3,5.0,,1.0,1.0,0,0,8.0,15.0
Toulouse vs Metz,Toulouse,50956,Cristian Cásseres Jr.,M,90,7.3,,0.0,,,41,34.0,82.9,,1.0,,4.0,0,0,4.0,8.0
Toulouse vs Metz,Toulouse,118345,Abu Francis,M,90,6.9,,0.0,,,37,33.0,89.2,2.0,,,,0,0,3.0,5.0
Toulouse vs Metz,Toulouse,452697,Dayann Methalie,M,76,7,,0.0,,,17,15.0,88.2,,1.0,2.0,,0,0,2.0,6.0
Toulouse vs Metz,Toulouse,174724,Frank Magri,F,64,7.5,1.0,0.0,2.0,1.0,12,9.0,75.0,1.0,,3.0,1.0,1,0,4.0,10.0
Toulouse vs Metz,Toulouse,321648,Emersonn,F,76,6.3,,1.0,3.0,1.0,11,10.0,90.9,,,2.0,1.0,1,0,2.0,10.0
Toulouse vs Metz,Toulouse,84128,Yann Gboho,F,83,8.2,1.0,0.0,4.0,2.0,24,19.0,79.2,1.0,,,2.0,0,0,5.0,10.0
Toulouse vs Metz,Toulouse,50735,Mark McKenzie,D,26,6.9,,0.0,,,11,9.0,81.8,,,,,0,0,1.0,1.0
Toulouse vs Metz,Toulouse,304140,Mario Sauer,M,26,6.9,,0.0,,,10,8.0,80.0,1.0,,1.0,,0,0,2.0,3.0
Toulouse vs Metz,Toulouse,264383,Warren Kamanzi,D,14,6.6,,0.0,,,2,2.0,100.0,,,,1.0,0,0,1.0,1.0
Toulouse vs Metz,Toulouse,362741,Santiago Hidalgo,F,14,6.5,,0.0,,,1,,,,,,,0,0,,1.0
Toulouse vs Metz,Toulouse,457025,Julian Vignolo,F,10,6.5,,0.0,,,1,1.0,100.0,,,1.0,,0,0,,1.0
Toulouse vs Metz,Metz,158532,Jonathan Fischer,G,90,6.5,,0.0,,,55,47.0,85.5,,,,1.0,0,0,2.0,3.0
Toulouse vs Metz,Metz,3240,Jean-Philippe Gbamin,D,90,5.9,,0.0,,,91,79.0,86.8,1.0,1.0,,,0,0,2.0,6.0
Toulouse vs Metz,Metz,428084,Sadibou Sané,D,47,5.7,,0.0,,,80,72.0,90.0,1.0,,2.0,,0,1,2.0,5.0
Toulouse vs Metz,Metz,105,Fodé Ballo-Touré,D,71,6.6,,0.0,,,66,62.0,93.9,1.0,2.0,1.0,5.0,0,0,9.0,12.0
Toulouse vs Metz,Metz,96331,Koffi Kouao,M,90,7,,0.0,,,45,41.0,91.1,4.0,,,1.0,0,0,5.0,9.0
Toulouse vs Metz,Metz,157912,Boubacar Traoré,M,71,6.7,,0.0,,,44,40.0,90.9,5.0,,3.0,,0,0,5.0,8.0
Toulouse vs Metz,Metz,434352,Alpha Touré,M,90,6.7,,0.0,,,56,51.0,91.1,3.0,,2.0,2.0,0,0,7.0,12.0
Toulouse vs Metz,Metz,68177,Giorgi Abuashvili,M,45,6,,0.0,1.0,1.0,28,24.0,85.7,,,1.0,,1,0,1.0,5.0
Toulouse vs Metz,Metz,20529,Gauthier Hein,F,83,7,,0.0,,,52,48.0,92.3,,1.0,,2.0,0,0,2.0,2.0
Toulouse vs Metz,Metz,20534,Cheick Tidiane Sabaly,F,90,7.2,,0.0,,,18,18.0,100.0,3.0,,,2.0,0,0,6.0,11.0
Toulouse vs Metz,Metz,20535,Habib Diallo,F,84,6.9,,0.0,1.0,1.0,7,5.0,71.4,,,,,0,0,1.0,5.0
Toulouse vs Metz,Metz,363792,Terry Yegbe,D,45,6.2,,0.0,,,38,34.0,89.5,,1.0,,,0,0,,2.0
Toulouse vs Metz,Metz,2181,Georgiy Tsitaishvili,F,19,6.3,,0.0,,,4,2.0,50.0,1.0,,,1.0,0,0,3.0,6.0
Toulouse vs Metz,Metz,21640,Jessy Deminguet,M,19,6.2,,0.0,,,18,17.0,94.4,,,1.0,,0,0,,1.0
Toulouse vs Metz,Metz,408870,Ibou Sane,F,10,6.5,,0.0,,,3,3.0,100.0,,,1.0,,0,0,,1.0
Toulouse vs Metz,Metz,19323,Joel Asoro,F,9,6.7,,0.0,,,3,2.0,66.7,,,,,0,0,1.0,1.0
Lorient vs Stade Brestois 29,Lorient,1142,Yvon Mvogo,G,90,6.2,,0.0,,,21,16.0,76.2,,,,1.0,0,0,1.0,1.0
Lorient vs Stade Brestois 29,Lorient,193501,Bamo Meïté,D,90,6.5,,0.0,,,52,46.0,88.5,3.0,1.0,1.0,1.0,1,0,9.0,11.0
Lorient vs Stade Brestois 29,Lorient,50030,Montassar Talbi,D,90,5.9,,0.0,,,40,34.0,85.0,,3.0,,1.0,0,0,5.0,10.0
Lorient vs Stade Brestois 29,Lorient,437776,Abdoulaye Faye,D,90,6.3,,0.0,2.0,1.0,50,42.0,84.0,2.0,2.0,3.0,1.0,1,0,7.0,11.0
Lorient vs Stade Brestois 29,Lorient,174703,Théo Le Bris,M,83,8.5,1.0,1.0,1.0,1.0,34,28.0,82.4,2.0,,,,0,0,5.0,7.0
Lorient vs Stade Brestois 29,Lorient,402265,Arthur Avom Ebong,M,90,6.9,,0.0,1.0,,43,41.0,95.3,3.0,1.0,3.0,3.0,0,0,7.0,18.0
Lorient vs Stade Brestois 29,Lorient,20917,Laurent Abergel,M,90,6.6,,0.0,,,53,41.0,77.4,,1.0,1.0,1.0,0,0,3.0,6.0
Lorient vs Stade Brestois 29,Lorient,402386,Arsène Kouassi,M,83,8.2,1.0,1.0,1.0,1.0,25,22.0,88.0,,,1.0,1.0,0,0,3.0,5.0
Lorient vs Stade Brestois 29,Lorient,22171,Jean-Victor Makengo,F,62,6.2,,0.0,1.0,1.0,24,18.0,75.0,1.0,,1.0,,0,0,1.0,6.0
Lorient vs Stade Brestois 29,Lorient,276662,Pablo Pagis,F,72,6,,0.0,,,22,14.0,63.6,,1.0,1.0,1.0,0,0,3.0,11.0
Lorient vs Stade Brestois 29,Lorient,200873,Mohamed Bamba,F,73,7,,0.0,,,8,6.0,75.0,,,,3.0,0,0,7.0,8.0
Lorient vs Stade Brestois 29,Lorient,72457,Aiyegun Tosin,F,28,6.5,,0.0,1.0,1.0,7,6.0,85.7,,,1.0,1.0,1,0,1.0,4.0
Lorient vs Stade Brestois 29,Lorient,284072,Ahmadou Bamba Dieng,F,18,6.3,,1.0,2.0,1.0,1,,,,,,,0,0,,1.0
Lorient vs Stade Brestois 29,Lorient,144319,Sambou Soumano,F,17,6.9,1.0,0.0,1.0,1.0,4,3.0,75.0,,,1.0,1.0,0,0,2.0,5.0
Lorient vs Stade Brestois 29,Lorient,152669,Darlin Yongwa,D,14,6.2,,0.0,,,1,1.0,100.0,,,,,0,0,,
Lorient vs Stade Brestois 29,Lorient,158551,Joel Mugisha Mvuka,M,14,6.2,,0.0,,,5,3.0,60.0,,,,,0,0,,3.0
Lorient vs Stade Brestois 29,Stade Brestois 29,40384,Radosław Majecki,G,90,5.9,,0.0,,,27,19.0,70.4,,,,1.0,0,0,1.0,1.0
Lorient vs Stade Brestois 29,Stade Brestois 29,22247,Kenny Lala,D,78,6.3,,0.0,,,39,32.0,82.1,,,1.0,,0,0,,4.0
Lorient vs Stade Brestois 29,Stade Brestois 29,20546,Brendan Chardonnet,D,90,6.9,,0.0,,,53,48.0,90.6,,,1.0,1.0,0,0,6.0,9.0
Lorient vs Stade Brestois 29,Stade Brestois 29,162568,Soumaila Coulibaly,D,90,6.3,,0.0,1.0,1.0,63,57.0,90.5,1.0,2.0,1.0,3.0,0,0,5.0,7.0
Lorient vs Stade Brestois 29,Stade Brestois 29,274267,Bradley Locko,D,90,6,,1.0,,,39,32.0,82.1,2.0,1.0,,,0,0,5.0,13.0
Lorient vs Stade Brestois 29,Stade Brestois 29,128287,Joris Chotard,M,90,6.3,,0.0,1.0,1.0,43,37.0,86.0,2.0,,1.0,1.0,0,0,4.0,9.0
Lorient vs Stade Brestois 29,Stade Brestois 29,20558,Hugo Magnetti,M,90,6.7,,0.0,,,53,46.0,86.8,2.0,,5.0,,0,0,2.0,6.0
Lorient vs Stade Brestois 29,Stade Brestois 29,2214,Romain Del Castillo,M,88,7.5,1.0,0.0,1.0,1.0,27,23.0,85.2,3.0,,2.0,2.0,0,0,8.0,12.0
Lorient vs Stade Brestois 29,Stade Brestois 29,326068,Kamory Doumbia,M,64,6.9,,0.0,,,18,13.0,72.2,5.0,,,1.0,0,0,7.0,11.0
Lorient vs Stade Brestois 29,Stade Brestois 29,90594,Junior Dina Ebimbe,M,64,6.9,1.0,0.0,3.0,1.0,7,4.0,57.1,,,2.0,1.0,0,0,1.0,5.0
Lorient vs Stade Brestois 29,Stade Brestois 29,22264,Ludovic Ajorque,F,90,6.7,,0.0,1.0,,21,15.0,71.4,2.0,1.0,,2.0,1,0,9.0,17.0
Lorient vs Stade Brestois 29,Stade Brestois 29,664,Lucas Tousart,M,26,6.3,,0.0,,,9,9.0,100.0,4.0,1.0,2.0,,0,0,4.0,10.0
Lorient vs Stade Brestois 29,Stade Brestois 29,326073,Remy Labeau Lascary,F,26,6.3,,0.0,,,3,3.0,100.0,,,1.0,,0,0,,1.0
Lorient vs Stade Brestois 29,Stade Brestois 29,85914,Julien Le Cardinal,D,12,6.5,,0.0,,,3,2.0,66.7,,,,,1,0,1.0,1.0
Lorient vs Stade Brestois 29,Stade Brestois 29,375990,Pathé Mboup,F,9,6.3,,0.0,,,0,,,,,,,0,0,,1.0
Nantes vs Lille,Nantes,647,Anthony Lopes,G,90,7.3,,0.0,,,34,21.0,61.8,,,,1.0,0,0,1.0,1.0
Nantes vs Lille,Nantes,22134,Kelvin Amian,D,90,6.9,,0.0,,,28,23.0,82.1,2.0,,3.0,,0,0,3.0,7.0
Nantes vs Lille,Nantes,50026,Chidozie Awaziem,D,90,6.9,,0.0,1.0,1.0,50,46.0,92.0,1.0,1.0,2.0,,1,0,2.0,6.0
Nantes vs Lille,Nantes,522609,Tylel Tati,D,90,7.5,,0.0,,,45,37.0,82.2,2.0,,,1.0,0,0,4.0,5.0
Nantes vs Lille,Nantes,443674,Louis Leroux,D,90,6,,0.0,,,27,15.0,55.6,,,,,0,0,,5.0
Nantes vs Lille,Nantes,282549,Junior Mwanga,M,90,6.9,,0.0,,,19,15.0,78.9,3.0,,2.0,1.0,0,0,5.0,11.0
Nantes vs Lille,Nantes,137296,Hyeok-kyu Kwon,M,83,7,,0.0,1.0,,14,13.0,92.9,2.0,3.0,1.0,4.0,0,0,6.0,10.0
Nantes vs Lille,Nantes,388779,Dehmaine Tabibou,M,69,6,,0.0,,,17,9.0,52.9,,,,1.0,0,0,1.0,2.0
Nantes vs Lille,Nantes,161622,Matthis Abline,F,90,6.9,,0.0,4.0,2.0,12,9.0,75.0,3.0,,1.0,1.0,0,0,6.0,9.0
Nantes vs Lille,Nantes,2668,Mostafa Mohamed,F,63,6.3,,0.0,,,4,3.0,75.0,1.0,,1.0,,0,0,2.0,9.0
Nantes vs Lille,Nantes,443676,Bahereba Guirassy,F,63,6.2,,0.0,,,18,10.0,55.6,1.0,,,,0,0,1.0,7.0
Nantes vs Lille,Nantes,197771,Yassine Benhattab,M,27,6.9,,0.0,,,11,9.0,81.8,2.0,,,2.0,0,0,4.0,5.0
Nantes vs Lille,Nantes,42086,Youssef El Arabi,F,27,6.5,,0.0,,,6,5.0,83.3,,,,1.0,0,0,1.0,2.0
Nantes vs Lille,Nantes,443755,Bahmed Deuff,M,21,6.5,,0.0,,,7,5.0,71.4,,1.0,1.0,1.0,0,0,1.0,3.0
Nantes vs Lille,Nantes,66013,Uroš Radaković,D,14,6.3,,0.0,,,3,,,,,1.0,,0,0,2.0,4.0
Nantes vs Lille,Lille,1337,Berke Özer,G,90,7.6,,0.0,,,48,40.0,83.3,,,,2.0,0,0,3.0,3.0
Nantes vs Lille,Lille,264,Thomas Meunier,D,90,7,,0.0,1.0,,38,25.0,65.8,,1.0,1.0,,1,0,1.0,4.0
Nantes vs Lille,Lille,375,Chancel Mbemba,D,90,7.9,,0.0,,,60,55.0,91.7,4.0,1.0,,2.0,0,0,9.0,12.0
Nantes vs Lille,Lille,1567,Aïssa Mandi,D,90,7.3,,0.0,,,75,69.0,92.0,1.0,3.0,,,0,0,3.0,5.0
Nantes vs Lille,Lille,20600,Romain Perraud,D,82,6.9,,0.0,1.0,,51,43.0,84.3,1.0,2.0,1.0,1.0,1,0,3.0,6.0
Nantes vs Lille,Lille,2204,Benjamin André,M,90,7.3,,0.0,2.0,,67,60.0,89.6,2.0,,1.0,1.0,1,0,9.0,12.0
Nantes vs Lille,Lille,438688,Ayyoub Bouaddi,M,90,6.9,,0.0,1.0,,32,30.0,93.8,,,2.0,2.0,1,0,4.0,8.0
Nantes vs Lille,Lille,135749,Félix Correia,M,82,8,,0.0,,,39,34.0,87.2,1.0,1.0,,,0,0,1.0,4.0
Nantes vs Lille,Lille,67889,Hakon Arnar Haraldsson,M,89,7.3,1.0,0.0,3.0,1.0,48,42.0,87.5,2.0,,5.0,1.0,0,0,3.0,13.0
Nantes vs Lille,Lille,340077,Matías Fernández,M,89,6.6,,0.0,3.0,3.0,34,28.0,82.4,1.0,1.0,1.0,2.0,0,0,3.0,7.0
Nantes vs Lille,Lille,2295,Olivier Giroud,F,76,6.6,,1.0,2.0,,22,17.0,77.3,1.0,,2.0,,0,0,3.0,5.0
Nantes vs Lille,Lille,306979,Hamza Igamane,F,14,8,1.0,0.0,2.0,1.0,8,8.0,100.0,1.0,,,,0,0,3.0,3.0
Nantes vs Lille,Lille,37151,Calvin Verdonk,D,8,6.6,,0.0,,,4,4.0,100.0,,,1.0,,0,0,1.0,2.0
Nantes vs Lille,Lille,99576,Osame Sahraoui,F,8,7,,1.0,,,3,3.0,100.0,,,,1.0,0,0,1.0,1.0
Paris FC vs Nantes,Paris FC,194981,Obed Nkambadio,G,90,5.7,,0.0,,,38,32.0,84.2,,,,,0,0,,1.0
Paris FC vs Nantes,Paris FC,2202,Hamari Traoré,D,45,6.2,,0.0,,,28,27.0,96.4,3.0,1.0,1.0,,1,0,4.0,6.0
Paris FC vs Nantes,Paris FC,20869,Samir Sophian Chergui,D,90,6.7,1.0,0.0,2.0,1.0,53,47.0,88.7,2.0,1.0,3.0,,0,0,4.0,11.0
Paris FC vs Nantes,Paris FC,174881,Moustapha Mbow,D,90,6.3,,0.0,1.0,,69,61.0,88.4,,2.0,1.0,1.0,0,0,4.0,8.0
Paris FC vs Nantes,Paris FC,8474,Thibault De Smet,D,90,6.3,,0.0,,,37,32.0,86.5,2.0,1.0,1.0,,1,0,6.0,10.0
Paris FC vs Nantes,Paris FC,22170,Pierre Lees Melou,M,90,7.2,,1.0,2.0,1.0,54,47.0,87.0,,1.0,,3.0,0,0,4.0,7.0
Paris FC vs Nantes,Paris FC,20925,Vincent Marchetti,M,61,6.3,,0.0,,,24,20.0,83.3,1.0,,,,0,0,1.0,3.0
Paris FC vs Nantes,Paris FC,83831,Ilan Kebbal,M,85,7.2,,0.0,3.0,1.0,66,58.0,87.9,1.0,,,2.0,0,0,3.0,7.0
Paris FC vs Nantes,Paris FC,1910,Maxime López,M,90,7.5,,0.0,,,90,84.0,93.3,1.0,,1.0,,1,0,1.0,3.0
Paris FC vs Nantes,Paris FC,2781,Moses Simon,M,85,6.2,,0.0,1.0,,16,14.0,87.5,1.0,,1.0,,0,0,2.0,6.0
Paris FC vs Nantes,Paris FC,22842,Jean-Philippe Krasso,F,73,6.5,,0.0,,,13,10.0,76.9,1.0,,,1.0,0,0,3.0,7.0
Paris FC vs Nantes,Paris FC,266013,Otávio,D,45,7.2,,0.0,1.0,,44,40.0,90.9,3.0,,1.0,2.0,0,0,6.0,8.0
Paris FC vs Nantes,Paris FC,22229,Jonathan Ikoné,F,29,6.6,,0.0,,,6,6.0,100.0,2.0,,,,0,0,3.0,5.0
Paris FC vs Nantes,Paris FC,120,Willem Geubbels,F,17,6.2,,0.0,,,4,3.0,75.0,,,,,0,0,,3.0
Paris FC vs Nantes,Paris FC,20704,Alimami Gory,F,16,6.7,,0.0,,,6,6.0,100.0,1.0,,,1.0,0,0,2.0,3.0
Paris FC vs Nantes,Paris FC,19430,Nouha Dicko,F,16,6.3,,0.0,,,0,,,,,1.0,1.0,0,0,1.0,2.0
Paris FC vs Nantes,Nantes,647,Anthony Lopes,G,90,7.2,,0.0,,,32,19.0,59.4,,,,1.0,0,0,1.0,1.0
Paris FC vs Nantes,Nantes,22134,Kelvin Amian,D,90,6.9,,0.0,,,19,15.0,78.9,,,,,0,0,2.0,2.0
Paris FC vs Nantes,Nantes,50026,Chidozie Awaziem,D,90,7.3,,0.0,,,39,35.0,89.7,1.0,,1.0,,0,0,5.0,7.0
Paris FC vs Nantes,Nantes,522609,Tylel Tati,D,90,7,,0.0,,,34,30.0,88.2,2.0,1.0,,1.0,0,0,3.0,5.0
Paris FC vs Nantes,Nantes,443674,Louis Leroux,D,90,6.7,,1.0,,,27,19.0,70.4,1.0,,2.0,,0,0,5.0,9.0
Paris FC vs Nantes,Nantes,282549,Junior Mwanga,M,90,6.5,,0.0,1.0,,25,20.0,80.0,,2.0,3.0,1.0,1,0,2.0,6.0
Paris FC vs Nantes,Nantes,137296,Hyeok-kyu Kwon,M,69,6.2,,0.0,,,18,15.0,83.3,,,1.0,,1,0,,2.0
Paris FC vs Nantes,Nantes,388779,Dehmaine Tabibou,M,76,6.6,,0.0,1.0,,19,13.0,68.4,1.0,1.0,1.0,1.0,0,0,3.0,5.0
Paris FC vs Nantes,Nantes,443676,Bahereba Guirassy,F,89,6.9,,0.0,2.0,,25,18.0,72.0,2.0,,1.0,1.0,0,0,8.0,15.0
Paris FC vs Nantes,Nantes,42086,Youssef El Arabi,F,70,7.7,1.0,0.0,1.0,1.0,17,9.0,52.9,,,1.0,2.0,0,0,5.0,9.0
Paris FC vs Nantes,Nantes,161622,Matthis Abline,F,90,8.3,1.0,0.0,2.0,1.0,9,7.0,77.8,4.0,,,2.0,0,0,8.0,17.0
Paris FC vs Nantes,Nantes,443755,Bahmed Deuff,M,21,6.7,,0.0,1.0,1.0,2,2.0,100.0,,,2.0,,0,0,,6.0
Paris FC vs Nantes,Nantes,2668,Mostafa Mohamed,F,20,6.6,,0.0,,,3,2.0,66.7,,,,1.0,0,0,3.0,4.0
Paris FC vs Nantes,Nantes,21570,Nicolas Cozza,D,14,6.6,,0.0,,,1,1.0,100.0,,,,,0,0,,
Paris FC vs Nantes,Nantes,20654,Fabien Centonze,D,11,6.6,,0.0,,,0,,,1.0,,1.0,,0,0,1.0,2.0
Stade Brestois 29 vs Paris Saint Germain,Stade Brestois 29,40384,Radosław Majecki,G,90,6.6,,0.0,,,27,15.0,55.6,,,,,0,0,,
Stade Brestois 29 vs Paris Saint Germain,Stade Brestois 29,22247,Kenny Lala,D,90,6.3,,0.0,1.0,,26,16.0,61.5,2.0,1.0,,1.0,0,0,4.0,4.0
Stade Brestois 29 vs Paris Saint Germain,Stade Brestois 29,365742,Michel Diaz,D,90,6.3,,0.0,,,15,10.0,66.7,2.0,1.0,,,0,0,3.0,6.0
Stade Brestois 29 vs Paris Saint Germain,Stade Brestois 29,162568,Soumaila Coulibaly,D,90,6.2,,0.0,,,26,24.0,92.3,,,,1.0,0,0,1.0,1.0
Stade Brestois 29 vs Paris Saint Germain,Stade Brestois 29,274267,Bradley Locko,D,79,6.6,,0.0,,,16,16.0,100.0,5.0,,,2.0,0,0,7.0,8.0
Stade Brestois 29 vs Paris Saint Germain,Stade Brestois 29,128287,Joris Chotard,M,90,6.9,,0.0,,,30,19.0,63.3,4.0,2.0,2.0,2.0,0,0,7.0,10.0
Stade Brestois 29 vs Paris Saint Germain,Stade Brestois 29,20558,Hugo Magnetti,M,78,6.2,,0.0,,,19,12.0,63.2,1.0,1.0,2.0,,0,0,1.0,3.0
Stade Brestois 29 vs Paris Saint Germain,Stade Brestois 29,90594,Junior Dina Ebimbe,M,67,6.9,,0.0,,,10,6.0,60.0,3.0,,2.0,1.0,0,0,4.0,7.0
Stade Brestois 29 vs Paris Saint Germain,Stade Brestois 29,2214,Romain Del Castillo,M,89,5.3,,0.0,2.0,,24,19.0,79.2,2.0,1.0,1.0,1.0,0,0,3.0,5.0
Stade Brestois 29 vs Paris Saint Germain,Stade Brestois 29,375990,Pathé Mboup,M,67,6.7,,0.0,3.0,1.0,11,10.0,90.9,4.0,1.0,1.0,1.0,1,0,7.0,9.0
Stade Brestois 29 vs Paris Saint Germain,Stade Brestois 29,22264,Ludovic Ajorque,F,90,6.6,,0.0,,,24,18.0,75.0,,1.0,,,0,0,4.0,9.0
Stade Brestois 29 vs Paris Saint Germain,Stade Brestois 29,664,Lucas Tousart,M,23,6.6,,0.0,,,6,6.0,100.0,3.0,1.0,,,0,0,3.0,4.0
Stade Brestois 29 vs Paris Saint Germain,Stade Brestois 29,41323,Mama Baldé,F,23,6.3,,0.0,1.0,1.0,10,7.0,70.0,,,1.0,,0,0,1.0,4.0
Stade Brestois 29 vs Paris Saint Germain,Stade Brestois 29,449153,Hamidou Makalou,M,12,6.3,,0.0,,,7,5.0,71.4,,1.0,,,0,0,,
Stade Brestois 29 vs Paris Saint Germain,Stade Brestois 29,302868,Daouda Guindo,D,11,6.3,,0.0,,,8,8.0,100.0,,,,,0,0,,
Stade Brestois 29 vs Paris Saint Germain,Paris Saint Germain,162453,Lucas Chevalier,G,90,7.6,,0.0,,,24,23.0,95.8,,,,,0,0,,
Stade Brestois 29 vs Paris Saint Germain,Paris Saint Germain,9,Achraf Hakimi,D,90,8.3,2.0,0.0,2.0,2.0,95,89.0,93.7,,2.0,1.0,2.0,1,0,2.0,8.0
Stade Brestois 29 vs Paris Saint Germain,Paris Saint Germain,161671,Ilya Zabarnyi,D,90,7.3,,0.0,,,86,77.0,89.5,1.0,,,,0,0,5.0,8.0
Stade Brestois 29 vs Paris Saint Germain,Paris Saint Germain,16367,Willian Pacho,D,67,6.9,,0.0,,,40,38.0,95.0,1.0,,,,0,0,1.0,4.0
Stade Brestois 29 vs Paris Saint Germain,Paris Saint Germain,33,Lucas Hernández,D,90,7.5,,0.0,,,71,69.0,97.2,,2.0,,1.0,0,0,1.0,2.0
Stade Brestois 29 vs Paris Saint Germain,Paris Saint Germain,336657,Warren Zaïre-Emery,M,90,7.5,,1.0,2.0,1.0,103,98.0,95.1,1.0,1.0,1.0,2.0,0,0,4.0,5.0
Stade Brestois 29 vs Paris Saint Germain,Paris Saint Germain,128384,Vitinha,M,90,8.3,,1.0,1.0,,152,146.0,96.1,,,,2.0,0,0,2.0,3.0
Stade Brestois 29 vs Paris Saint Germain,Paris Saint Germain,927,Kang-in Lee,M,67,6.6,,0.0,1.0,,45,42.0,93.3,,,3.0,1.0,0,0,1.0,5.0
Stade Brestois 29 vs Paris Saint Germain,Paris Saint Germain,483,Khvicha Kvaratskhelia,F,70,6.2,,1.0,2.0,2.0,39,35.0,89.7,,1.0,1.0,,0,0,1.0,11.0
Stade Brestois 29 vs Paris Saint Germain,Paris Saint Germain,409216,Senny Mayulu,F,79,6.7,,0.0,1.0,1.0,36,34.0,94.4,1.0,,1.0,1.0,0,0,4.0,7.0
Stade Brestois 29 vs Paris Saint Germain,Paris Saint Germain,161904,Bradley Barcola,F,79,6.3,,0.0,1.0,1.0,36,28.0,77.8,1.0,,2.0,,0,0,1.0,9.0
Stade Brestois 29 vs Paris Saint Germain,Paris Saint Germain,257,Marquinhos,D,23,6.9,,0.0,,,18,17.0,94.4,,,,,0,0,1.0,2.0
Stade Brestois 29 vs Paris Saint Germain,Paris Saint Germain,153,Ousmane Dembélé,F,23,6.6,,0.0,3.0,,26,24.0,92.3,1.0,,,,0,0,1.0,3.0
Stade Brestois 29 vs Paris Saint Germain,Paris Saint Germain,343027,Désiré Doué,F,20,7.6,1.0,0.0,3.0,1.0,21,19.0,90.5,,,,,0,0,2.0,3.0
Stade Brestois 29 vs Paris Saint Germain,Paris Saint Germain,471107,Quentin Ndjantou,F,11,6.5,,0.0,,,12,9.0,75.0,,1.0,,,0,0,,
Stade Brestois 29 vs Paris Saint Germain,Paris Saint Germain,41585,Gonçalo Ramos,F,11,6.5,,0.0,,,4,3.0,75.0,,,1.0,,0,0,,1.0
Monaco vs Toulouse,Monaco,7313,Philipp Köhn,G,90,7.6,,0.0,,,35,23.0,65.7,,,,,0,0,2.0,2.0
Monaco vs Toulouse,Monaco,261,Thilo Kehrer,D,90,7.3,,0.0,1.0,,49,35.0,71.4,7.0,1.0,3.0,5.0,1,0,14.0,21.0
Monaco vs Toulouse,Monaco,47480,Mohammed Salisu,D,90,8.3,1.0,0.0,1.0,1.0,64,54.0,84.4,2.0,2.0,1.0,,0,0,5.0,10.0
Monaco vs Toulouse,Monaco,371916,Christian Mawissa,D,90,7,,0.0,,,58,50.0,86.2,2.0,3.0,1.0,2.0,0,0,10.0,15.0
Monaco vs Toulouse,Monaco,81,Krépin Diatta,M,90,7.2,,0.0,,,33,25.0,75.8,5.0,1.0,1.0,,0,0,7.0,14.0
Monaco vs Toulouse,Monaco,419035,Mamadou Coulibaly,M,45,6.5,,0.0,,,27,24.0,88.9,,2.0,1.0,,1,0,1.0,5.0
Monaco vs Toulouse,Monaco,109,Aleksandr Golovin,M,76,6.2,,0.0,,,27,18.0,66.7,1.0,2.0,2.0,1.0,1,0,2.0,8.0
Monaco vs Toulouse,Monaco,333137,Kassoum Ouattara,M,90,7.9,,1.0,1.0,,47,36.0,76.6,2.0,,1.0,,0,0,4.0,12.0
Monaco vs Toulouse,Monaco,1101,Takumi Minamino,F,90,6.9,,0.0,,,20,14.0,70.0,,,,2.0,0,0,5.0,8.0
Monaco vs Toulouse,Monaco,135775,Ansu Fati,F,60,6.9,,0.0,2.0,1.0,11,8.0,72.7,,1.0,,2.0,0,0,4.0,5.0
Monaco vs Toulouse,Monaco,138835,Folarin Balogun,F,60,6.2,,0.0,2.0,1.0,9,6.0,66.7,1.0,,3.0,2.0,0,0,3.0,10.0
Monaco vs Toulouse,Monaco,231,Jordan Teze,D,45,7.3,,0.0,,,17,13.0,76.5,1.0,,,2.0,0,0,4.0,6.0
Monaco vs Toulouse,Monaco,274300,Maghnes Akliouche,M,30,6.7,,0.0,,,9,7.0,77.8,1.0,,2.0,,0,0,1.0,6.0
Monaco vs Toulouse,Monaco,395040,George Ilenikhena,F,30,6.3,,0.0,1.0,1.0,3,2.0,66.7,,,,2.0,0,0,2.0,4.0
Monaco vs Toulouse,Monaco,543470,Pape Cabral,M,14,6.7,,0.0,1.0,1.0,9,7.0,77.8,1.0,,,,0,0,2.0,3.0
Monaco vs Toulouse,Toulouse,325346,Guillaume Restes,G,90,7.3,,0.0,,,29,12.0,41.4,,,,,0,0,,
Monaco vs Toulouse,Toulouse,50735,Mark McKenzie,D,90,6.9,,0.0,,,47,33.0,70.2,1.0,,1.0,,0,0,3.0,5.0
Monaco vs Toulouse,Toulouse,278392,Charlie Cresswell,D,90,6.7,,0.0,2.0,,38,28.0,73.7,,1.0,2.0,2.0,1,0,8.0,12.0
Monaco vs Toulouse,Toulouse,15793,Rasmus Nicolaisen,D,73,6.2,,0.0,1.0,,30,23.0,76.7,1.0,1.0,2.0,,0,0,3.0,9.0
Monaco vs Toulouse,Toulouse,39115,Aron Dønnum,M,90,7.7,,0.0,,,34,24.0,70.6,3.0,4.0,1.0,4.0,0,0,10.0,15.0
Monaco vs Toulouse,Toulouse,50956,Cristian Cásseres Jr.,M,84,6.7,,0.0,,,37,29.0,78.4,,,2.0,1.0,0,0,1.0,3.0
Monaco vs Toulouse,Toulouse,118345,Abu Francis,M,66,6.2,,0.0,,,25,16.0,64.0,2.0,2.0,2.0,,1,0,4.0,8.0
Monaco vs Toulouse,Toulouse,452697,Dayann Methalie,M,84,6.3,,0.0,,,23,15.0,65.2,1.0,1.0,1.0,1.0,1,0,4.0,12.0
Monaco vs Toulouse,Toulouse,174724,Frank Magri,F,73,6.9,,0.0,,,18,15.0,83.3,,,2.0,3.0,0,0,8.0,16.0
Monaco vs Toulouse,Toulouse,84128,Yann Gboho,F,90,7.2,,0.0,2.0,2.0,27,20.0,74.1,1.0,,1.0,4.0,0,0,9.0,15.0
Monaco vs Toulouse,Toulouse,321648,Emersonn,F,90,6,,0.0,1.0,,13,7.0,53.8,2.0,,3.0,,1,0,9.0,22.0
Monaco vs Toulouse,Toulouse,514464,Alexis Vossah,M,24,6.3,,0.0,1.0,,11,9.0,81.8,1.0,,,,0,0,1.0,2.0
Monaco vs Toulouse,Toulouse,102,Djibril Sidibé,D,17,6.9,,0.0,,,4,3.0,75.0,,,,,0,0,,1.0
Monaco vs Toulouse,Toulouse,362741,Santiago Hidalgo,F,17,6.5,,0.0,,,5,4.0,80.0,1.0,,,,0,0,1.0,5.0
Monaco vs Toulouse,Toulouse,264383,Warren Kamanzi,D,13,6.6,,0.0,,,5,5.0,100.0,,,1.0,,0,0,1.0,3.0
Monaco vs Toulouse,Toulouse,304140,Mario Sauer,M,13,6.6,,0.0,,,4,3.0,75.0,1.0,,,,0,0,1.0,1.0
Lens vs Marseille,Lens,347211,Robin Risser,G,90,7,,0.0,,,21,15.0,71.4,,,,1.0,0,0,1.0,1.0
Lens vs Marseille,Lens,21635,Jonathan Gradit,D,90,7.2,,0.0,,,35,30.0,85.7,1.0,,,,0,0,3.0,4.0
Lens vs Marseille,Lens,322984,Samson Baidoo,D,90,7.6,,0.0,1.0,,35,29.0,82.9,3.0,1.0,,,0,0,8.0,9.0
Lens vs Marseille,Lens,22166,Malang Sarr,D,90,6.9,,0.0,,,33,29.0,87.9,2.0,1.0,1.0,,0,0,2.0,4.0
Lens vs Marseille,Lens,21568,Ruben Aguilar,M,85,6.9,,0.0,,,32,29.0,90.6,2.0,1.0,1.0,,0,0,5.0,7.0
Lens vs Marseille,Lens,277306,Mamadou Sangare,M,90,6.9,,0.0,2.0,2.0,48,36.0,75.0,3.0,1.0,3.0,2.0,1,0,8.0,16.0
Lens vs Marseille,Lens,22261,Adrien Thomasson,M,90,7,,0.0,,,47,38.0,80.9,4.0,,1.0,2.0,1,0,6.0,11.0
Lens vs Marseille,Lens,20525,Matthieu Udol,M,90,7.2,,0.0,1.0,,23,19.0,82.6,3.0,,,1.0,0,0,4.0,8.0
Lens vs Marseille,Lens,1922,Florian Thauvin,F,81,6.9,,0.0,2.0,1.0,22,17.0,77.3,1.0,,,1.0,0,0,4.0,9.0
Lens vs Marseille,Lens,21715,Wesley Saïd,F,69,6.5,,0.0,,,16,13.0,81.2,,2.0,,,0,0,1.0,6.0
Lens vs Marseille,Lens,1135,Odsonne Édouard,F,81,7.5,1.0,0.0,1.0,1.0,13,8.0,61.5,,,1.0,1.0,0,0,2.0,6.0
Lens vs Marseille,Lens,23643,Morgan Guilavogui,F,21,6.5,,0.0,,,5,3.0,60.0,,,4.0,1.0,1,0,3.0,9.0
Lens vs Marseille,Lens,277191,Abdallah Sima,F,9,6.7,,0.0,1.0,1.0,4,3.0,75.0,,,,,0,0,1.0,1.0
Lens vs Marseille,Lens,443579,Rayan Fofana,F,9,6.3,,0.0,,,3,1.0,33.3,,,,,0,0,1.0,2.0
Lens vs Marseille,Lens,44594,Saud Abdulhamid,D,11,6.7,,0.0,,,2,1.0,50.0,,,1.0,,0,0,1.0,2.0
Lens vs Marseille,Marseille,47296,Gerónimo Rulli,G,90,7.9,,0.0,,,32,28.0,87.5,,,,,0,0,,
Lens vs Marseille,Marseille,2725,Benjamin Pavard,D,61,5.2,,0.0,1.0,1.0,57,52.0,91.2,1.0,,1.0,,1,0,3.0,4.0
Lens vs Marseille,Marseille,21694,Nayef Aguerd,D,90,7.2,,0.0,,,129,123.0,95.3,4.0,1.0,,,0,0,5.0,7.0
Lens vs Marseille,Marseille,2284,Emerson Palmieri,D,90,6.9,,0.0,,,99,94.0,94.9,2.0,4.0,1.0,,0,0,3.0,5.0
Lens vs Marseille,Marseille,1138,Timothy Weah,M,52,6.9,,1.0,,,19,18.0,94.7,,,1.0,,0,0,2.0,5.0
Lens vs Marseille,Marseille,19030,Matt O'Riley,M,74,6.7,,0.0,1.0,,68,64.0,94.1,3.0,1.0,,,0,0,3.0,5.0
Lens vs Marseille,Marseille,340154,Arthur Vermeeren,M,90,6.9,,0.0,,,117,105.0,89.7,2.0,,,,0,0,4.0,7.0
Lens vs Marseille,Marseille,2973,Amir Murillo,M,74,6.2,,0.0,1.0,,42,40.0,95.2,1.0,1.0,1.0,1.0,0,0,2.0,6.0
Lens vs Marseille,Marseille,897,Mason Greenwood,F,90,8,1.0,0.0,2.0,1.0,54,44.0,81.5,,,1.0,3.0,1,0,5.0,8.0
Lens vs Marseille,Marseille,9363,Igor Paixão,F,90,6.2,,0.0,,,36,30.0,83.3,1.0,,,2.0,0,0,3.0,14.0
Lens vs Marseille,Marseille,435482,Robinio Vaz,F,52,6,,0.0,1.0,,6,2.0,33.3,,,1.0,,0,0,,5.0
Lens vs Marseille,Marseille,6,Leonardo Balerdi,D,38,6.9,,0.0,1.0,,48,46.0,95.8,2.0,,2.0,2.0,1,0,8.0,14.0
Lens vs Marseille,Marseille,1465,Pierre-Emerick Aubameyang,F,38,6.2,,0.0,1.0,1.0,5,3.0,60.0,,,,,0,0,1.0,3.0
Lens vs Marseille,Marseille,283216,Bilal Nadir,M,29,6.5,,0.0,,,16,11.0,68.8,,,1.0,1.0,0,0,2.0,5.0
Lens vs Marseille,Marseille,896,Angel Gomes,M,16,6.7,,0.0,,,16,15.0,93.8,,,,3.0,0,0,4.0,6.0
Lens vs Marseille,Marseille,2735,Pierre-Emile Højbjerg,M,16,6.5,,0.0,1.0,,18,15.0,83.3,,,,,0,0,,1.0
Lille vs Metz,Lille,1337,Berke Özer,G,90,7.6,,0.0,,,27,23.0,85.2,,,,,0,0,2.0,2.0
Lille vs Metz,Lille,264,Thomas Meunier,D,90,6.3,,0.0,,,46,36.0,78.3,2.0,,2.0,,0,0,4.0,7.0
Lille vs Metz,Lille,375,Chancel Mbemba,D,90,6.6,,0.0,1.0,,55,48.0,87.3,1.0,,3.0,,0,0,3.0,6.0
Lille vs Metz,Lille,1567,Aïssa Mandi,D,68,7,,0.0,,,55,51.0,92.7,1.0,1.0,2.0,,1,0,2.0,5.0
Lille vs Metz,Lille,20600,Romain Perraud,D,90,8,1.0,0.0,2.0,1.0,50,42.0,84.0,4.0,,,2.0,0,0,8.0,10.0
Lille vs Metz,Lille,2204,Benjamin André,M,89,8.2,1.0,0.0,2.0,1.0,59,53.0,89.8,1.0,,,2.0,0,0,5.0,11.0
Lille vs Metz,Lille,438688,Ayyoub Bouaddi,M,45,6.7,,0.0,,,29,26.0,89.7,1.0,,3.0,,1,0,3.0,6.0
Lille vs Metz,Lille,135749,Félix Correia,M,83,10,2.0,1.0,2.0,2.0,51,38.0,74.5,1.0,,,2.0,0,0,5.0,8.0
Lille vs Metz,Lille,67889,Hakon Arnar Haraldsson,M,90,8,1.0,1.0,3.0,1.0,47,41.0,87.2,,,3.0,1.0,1,0,2.0,8.0
Lille vs Metz,Lille,340077,Matías Fernández,M,68,8.5,,2.0,2.0,2.0,21,19.0,90.5,1.0,,,1.0,0,0,4.0,8.0
Lille vs Metz,Lille,306979,Hamza Igamane,F,68,8,1.0,0.0,3.0,2.0,22,18.0,81.8,3.0,,,,0,0,6.0,9.0
Lille vs Metz,Lille,375598,Ngal'ayel Mukau,M,45,6.5,,0.0,,,27,25.0,92.6,1.0,,1.0,1.0,0,0,2.0,3.0
Lille vs Metz,Lille,312964,Nathan Ngoy,D,22,6.3,,0.0,,,9,9.0,100.0,1.0,,,,0,0,2.0,2.0
Lille vs Metz,Lille,99576,Osame Sahraoui,F,22,6.6,,0.0,1.0,1.0,17,14.0,82.4,,,2.0,2.0,0,0,2.0,4.0
Lille vs Metz,Lille,409,Nabil Bentaleb,M,22,6.9,,0.0,1.0,,28,27.0,96.4,1.0,,1.0,,0,0,1.0,2.0
Lille vs Metz,Lille,318416,Marius Sivertsen Broholm,F,18,7.2,,0.0,2.0,2.0,5,5.0,100.0,2.0,,,,0,0,3.0,3.0
Lille vs Metz,Lille,487381,Soriba Diaoune,F,11,6.9,,1.0,1.0,,4,4.0,100.0,,,1.0,,0,0,1.0,2.0
Lille vs Metz,Metz,403878,Pape Sy,G,77,6.2,,0.0,,,27,12.0,44.4,,,,1.0,0,0,1.0,1.0
Lille vs Metz,Metz,96331,Koffi Kouao,D,61,6,,0.0,,,11,7.0,63.6,2.0,1.0,,,0,0,2.0,3.0
Lille vs Metz,Metz,3240,Jean-Philippe Gbamin,D,90,5.2,,0.0,,,38,30.0,78.9,1.0,1.0,1.0,,0,0,3.0,6.0
Lille vs Metz,Metz,363792,Terry Yegbe,D,90,5.3,,0.0,,,37,35.0,94.6,1.0,2.0,,1.0,0,0,2.0,4.0
Lille vs Metz,Metz,2181,Georgiy Tsitaishvili,D,90,6,,0.0,2.0,,20,16.0,80.0,,,1.0,2.0,0,0,4.0,10.0
Lille vs Metz,Metz,434352,Alpha Touré,M,61,5.9,,0.0,,,15,8.0,53.3,,,4.0,1.0,0,0,2.0,9.0
Lille vs Metz,Metz,407,Benjamin Stambouli,M,90,7.2,,0.0,1.0,,40,33.0,82.5,1.0,,,4.0,0,0,7.0,10.0
Lille vs Metz,Metz,21640,Jessy Deminguet,M,89,6.3,,0.0,1.0,,28,24.0,85.7,1.0,,3.0,1.0,1,0,3.0,8.0
Lille vs Metz,Metz,20534,Cheick Tidiane Sabaly,F,89,6.2,,0.0,2.0,1.0,18,15.0,83.3,1.0,1.0,1.0,2.0,0,0,4.0,13.0
Lille vs Metz,Metz,20535,Habib Diallo,F,90,6.9,,1.0,,,20,13.0,65.0,1.0,,,3.0,0,0,9.0,15.0
Lille vs Metz,Metz,68177,Giorgi Abuashvili,F,61,6.3,,0.0,1.0,1.0,10,7.0,70.0,1.0,,,,0,0,1.0,5.0
Lille vs Metz,Metz,20529,Gauthier Hein,M,29,6.2,,0.0,,,20,19.0,95.0,,,,,0,0,,1.0
Lille vs Metz,Metz,336180,Morgan Bokele Mputu,F,29,6.6,,0.0,1.0,1.0,9,8.0,88.9,,,,1.0,0,0,1.0,4.0
Lille vs Metz,Metz,404588,Cléo Mélières,D,29,5.7,,0.0,,,12,11.0,91.7,,,1.0,,1,0,,1.0
Lille vs Metz,Metz,158532,Jonathan Fischer,G,13,6.7,,0.0,,,2,1.0,50.0,,,,,0,0,,
Lille vs Metz,Metz,384683,Ismaël Guerti,M,11,6.5,,0.0,,,6,6.0,100.0,,,,,0,0,,1.0
Lille vs Metz,Metz,408870,Ibou Sane,F,11,7.3,1.0,0.0,1.0,1.0,4,4.0,100.0,,,1.0,2.0,0,0,2.0,5.0
Angers vs Lorient,Angers,22220,Hervé Koffi,G,90,8.2,,0.0,,,34,24.0,70.6,,,,1.0,0,0,1.0,1.0
Angers vs Lorient,Angers,20850,Carlens Arcus,D,90,6.3,,0.0,,,37,35.0,94.6,,,1.0,,0,0,2.0,5.0
Angers vs Lorient,Angers,271540,Ousmane Camara,D,90,7.5,,0.0,,,38,31.0,81.6,,2.0,1.0,,0,0,1.0,3.0
Angers vs Lorient,Angers,21381,Jordan Lefort,D,90,7,,0.0,,,45,42.0,93.3,,2.0,2.0,,1,0,1.0,4.0
Angers vs Lorient,Angers,41146,Florent Hanin,D,90,7.2,,0.0,,,41,36.0,87.8,1.0,1.0,2.0,1.0,0,0,3.0,6.0
Angers vs Lorient,Angers,20554,Haris Belkebla,M,90,7,,0.0,,,31,26.0,83.9,3.0,,,1.0,0,0,5.0,9.0
Angers vs Lorient,Angers,20692,Himad Abdelli,M,89,7.7,,0.0,,,50,41.0,82.0,4.0,2.0,1.0,,0,0,7.0,11.0
Angers vs Lorient,Angers,174708,Yassin Belkhdim,M,89,6.3,,1.0,,,23,17.0,73.9,2.0,2.0,2.0,1.0,0,0,3.0,10.0
Angers vs Lorient,Angers,289555,Louis Mouton,M,64,6.9,,0.0,,,24,20.0,83.3,3.0,,,,0,0,4.0,7.0
Angers vs Lorient,Angers,191289,Amine Sbai,M,64,7.5,,1.0,2.0,2.0,19,16.0,84.2,,1.0,,,0,0,4.0,6.0
Angers vs Lorient,Angers,457541,Prosper Peter,F,28,7.3,1.0,0.0,1.0,1.0,1,,,,,2.0,,0,0,2.0,5.0
Angers vs Lorient,Angers,421875,Sidiki Cherif,F,62,7.7,1.0,0.0,1.0,1.0,12,10.0,83.3,,,2.0,1.0,0,0,6.0,11.0
Angers vs Lorient,Angers,174660,Lilian Raolisoa,D,26,7,,0.0,,,12,9.0,75.0,2.0,,,,0,0,2.0,4.0
Angers vs Lorient,Angers,403277,Lanroy Machine,F,26,6.3,,0.0,1.0,,8,7.0,87.5,,,1.0,,0,0,1.0,3.0
Angers vs Lorient,Lorient,1142,Yvon Mvogo,G,90,6.2,,0.0,,,49,49.0,100.0,,,,,0,0,,
Angers vs Lorient,Lorient,193501,Bamo Meïté,D,45,6.2,,0.0,,,42,39.0,92.9,,,,,0,0,1.0,5.0
Angers vs Lorient,Lorient,50030,Montassar Talbi,D,90,6.3,,0.0,,,78,69.0,88.5,1.0,,,1.0,0,0,4.0,9.0
Angers vs Lorient,Lorient,152669,Darlin Yongwa,D,90,6.7,,0.0,1.0,,86,74.0,86.0,2.0,,,1.0,0,0,5.0,9.0
Angers vs Lorient,Lorient,174703,Théo Le Bris,M,90,6.9,,0.0,2.0,,48,43.0,89.6,2.0,1.0,1.0,1.0,0,0,3.0,5.0
Angers vs Lorient,Lorient,402265,Arthur Avom Ebong,M,90,6.9,,0.0,1.0,,72,58.0,80.6,5.0,1.0,1.0,2.0,0,0,8.0,19.0
Angers vs Lorient,Lorient,20917,Laurent Abergel,M,78,6.9,,0.0,,,75,68.0,90.7,1.0,,1.0,,0,0,2.0,5.0
Angers vs Lorient,Lorient,402386,Arsène Kouassi,M,90,7,,0.0,1.0,,40,38.0,95.0,1.0,3.0,1.0,1.0,0,0,6.0,9.0
Angers vs Lorient,Lorient,22171,Jean-Victor Makengo,F,65,6.7,,0.0,1.0,1.0,25,22.0,88.0,,,,2.0,0,0,2.0,4.0
Angers vs Lorient,Lorient,276662,Pablo Pagis,F,65,6.2,,0.0,1.0,,21,15.0,71.4,1.0,,,,0,0,1.0,4.0
Angers vs Lorient,Lorient,72457,Aiyegun Tosin,F,65,5.6,,0.0,1.0,1.0,7,5.0,71.4,,,1.0,1.0,0,0,1.0,5.0
Angers vs Lorient,Lorient,1031,Igor Silva,D,45,6.7,,0.0,,,31,31.0,100.0,2.0,1.0,,,0,0,2.0,4.0
Angers vs Lorient,Lorient,322865,Karim Dermane,M,25,6.7,,0.0,1.0,,16,13.0,81.2,,1.0,1.0,1.0,0,0,1.0,2.0
Angers vs Lorient,Lorient,200873,Mohamed Bamba,F,25,6.6,,0.0,2.0,1.0,9,8.0,88.9,,,,1.0,0,0,3.0,3.0
Angers vs Lorient,Lorient,144319,Sambou Soumano,F,25,6.7,,0.0,,,6,4.0,66.7,1.0,1.0,,,0,0,2.0,2.0
Angers vs Lorient,Lorient,23363,Noah Cadiou,M,12,6.9,,0.0,1.0,1.0,11,11.0,100.0,1.0,,,1.0,0,0,2.0,2.0
Rennes vs Nice,Rennes,21628,Brice Samba,G,90,6.2,,0.0,,,33,23.0,69.7,,,,1.0,1,0,1.0,1.0
Rennes vs Nice,Rennes,196187,Alidu Seidu,D,45,6.3,,0.0,,,31,27.0,87.1,1.0,,1.0,1.0,0,0,2.0,4.0
Rennes vs Nice,Rennes,367636,Jérémy Jacquet,D,90,6.7,,0.0,2.0,1.0,62,58.0,93.5,1.0,2.0,,,0,0,3.0,5.0
Rennes vs Nice,Rennes,126757,Lilian Brassier,D,90,6.3,,0.0,,,67,63.0,94.0,1.0,4.0,2.0,1.0,0,0,3.0,5.0
Rennes vs Nice,Rennes,272460,Quentin Merlin,D,62,6.9,,0.0,,,40,36.0,90.0,,2.0,,3.0,0,0,5.0,7.0
Rennes vs Nice,Rennes,21497,Ludovic Blas,M,90,5.9,,0.0,1.0,1.0,23,20.0,87.0,,1.0,3.0,1.0,0,0,1.0,9.0
Rennes vs Nice,Rennes,24147,Mahdi Camara,M,58,6.5,,0.0,1.0,,34,31.0,91.2,1.0,1.0,1.0,1.0,1,0,2.0,3.0
Rennes vs Nice,Rennes,21102,Valentin Rongier,M,90,6.9,,0.0,1.0,1.0,62,54.0,87.1,1.0,4.0,1.0,,0,0,4.0,7.0
Rennes vs Nice,Rennes,30807,Seko Fofana,M,58,6.3,,0.0,,,31,28.0,90.3,,1.0,,1.0,0,0,2.0,4.0
Rennes vs Nice,Rennes,421,Breel Embolo,F,90,6.7,,0.0,2.0,1.0,15,8.0,53.3,2.0,,2.0,6.0,1,0,10.0,19.0
Rennes vs Nice,Rennes,163004,Esteban Lepaul,F,45,6.9,,0.0,1.0,,7,7.0,100.0,1.0,,,1.0,0,0,3.0,3.0
Rennes vs Nice,Rennes,3007,Przemysław Frankowski,M,45,7.6,,1.0,,,12,11.0,91.7,2.0,,2.0,1.0,1,0,3.0,6.0
Rennes vs Nice,Rennes,15286,Mousa Tamari,F,45,7.2,,0.0,,,18,17.0,94.4,1.0,2.0,,2.0,0,0,3.0,6.0
Rennes vs Nice,Rennes,417830,Abdelhamid Ait Boudlal,D,32,7.6,1.0,0.0,1.0,1.0,14,12.0,85.7,,,,,0,0,1.0,2.0
Rennes vs Nice,Rennes,343792,Djaoui Cissé,M,32,7.2,,0.0,3.0,2.0,26,24.0,92.3,1.0,,1.0,1.0,1,0,4.0,5.0
Rennes vs Nice,Rennes,449662,Mohamed Kader Meite,F,28,6.9,,0.0,,,5,3.0,60.0,1.0,,,1.0,0,0,5.0,7.0
Rennes vs Nice,Nice,20566,Yehvann Diouf,G,90,7.3,,0.0,,,29,19.0,65.5,,,,,0,0,1.0,1.0
Rennes vs Nice,Nice,313937,Antoine Mendy,D,90,6.9,,0.0,1.0,,46,36.0,78.3,4.0,1.0,4.0,,0,0,6.0,13.0
Rennes vs Nice,Nice,404172,Kojo Peprah Oppong,D,90,6.3,,0.0,,,44,41.0,93.2,,1.0,3.0,,0,0,2.0,8.0
Rennes vs Nice,Nice,162465,Melvin Bard,D,90,7,,0.0,,,42,35.0,83.3,2.0,1.0,,2.0,0,0,6.0,8.0
Rennes vs Nice,Nice,25008,Jonathan Clauss,M,45,8.2,1.0,1.0,1.0,1.0,25,22.0,88.0,2.0,,1.0,,0,0,4.0,8.0
Rennes vs Nice,Nice,128987,Salis Abdul Samed,M,77,6.3,,0.0,,,27,23.0,85.2,1.0,,,,0,0,1.0,2.0
Rennes vs Nice,Nice,8680,Charles Vanhoutte,M,90,5.9,,0.0,,,43,30.0,69.8,2.0,1.0,3.0,,1,0,2.0,11.0
Rennes vs Nice,Nice,49583,Ali Abdi,M,71,7,,0.0,,,18,15.0,83.3,1.0,,1.0,3.0,0,0,5.0,7.0
Rennes vs Nice,Nice,107,Sofiane Diop,F,77,7.3,1.0,0.0,3.0,1.0,23,18.0,78.3,,1.0,1.0,2.0,0,0,3.0,8.0
Rennes vs Nice,Nice,188319,Kevin Carlos Omoruyi,F,61,6.2,,0.0,,,13,6.0,46.2,,1.0,2.0,,0,0,,4.0
Rennes vs Nice,Nice,30531,Jérémie Boga,F,90,6.6,,1.0,1.0,1.0,18,14.0,77.8,,,2.0,1.0,0,0,1.0,4.0
Rennes vs Nice,Nice,193617,Tom Louchet,M,45,6.3,,0.0,,,11,6.0,54.5,,2.0,2.0,1.0,1,0,1.0,3.0
Rennes vs Nice,Nice,503702,Bernard Nguene,F,29,6.6,,0.0,,,4,3.0,75.0,1.0,,1.0,1.0,0,0,4.0,6.0
Rennes vs Nice,Nice,449509,Abdulay Juma Bah,D,19,7.7,,0.0,,,1,,,,,2.0,1.0,0,0,3.0,6.0
Rennes vs Nice,Nice,1914,Morgan Sanson,M,13,6.7,,0.0,,,2,1.0,50.0,1.0,,,,0,0,1.0,1.0
Rennes vs Nice,Nice,158065,Tiago Gouveia,F,13,6.5,,0.0,,,3,2.0,66.7,,,,1.0,0,0,1.0,3.0
Auxerre vs Le Havre,Auxerre,20542,Donovan Léon,G,90,7.2,,0.0,,,19,12.0,63.2,,,,,0,0,,
Auxerre vs Le Havre,Auxerre,191240,Marvin Senaya,D,82,6.7,,0.0,,,24,17.0,70.8,1.0,1.0,,2.0,0,0,4.0,5.0
Auxerre vs Le Havre,Auxerre,31016,Francisco Sierralta,D,90,7.3,,0.0,1.0,,31,26.0,83.9,3.0,,1.0,,0,0,9.0,13.0
Auxerre vs Le Havre,Auxerre,191189,Clement Akpa,D,90,7,,0.0,,,32,26.0,81.2,,,,3.0,0,0,4.0,5.0
Auxerre vs Le Havre,Auxerre,174915,Josué Casimir,M,68,6.7,,0.0,1.0,1.0,25,20.0,80.0,,,2.0,1.0,0,0,3.0,8.0
Auxerre vs Le Havre,Auxerre,319919,Oussama El Azzouzi,M,90,6.2,,0.0,,,47,39.0,83.0,,1.0,5.0,1.0,0,0,2.0,11.0
Auxerre vs Le Havre,Auxerre,21010,Elisha Owusu,M,45,6.3,,0.0,,,11,9.0,81.8,,,1.0,,0,0,,4.0
Auxerre vs Le Havre,Auxerre,7578,Gideon Mensah,M,87,6.9,,0.0,,,49,43.0,87.8,1.0,1.0,4.0,,0,0,5.0,12.0
Auxerre vs Le Havre,Auxerre,90617,Lassine Sinayoko,F,90,6.3,,0.0,,,18,14.0,77.8,,,2.0,,1,0,1.0,8.0
Auxerre vs Le Havre,Auxerre,19625,Danny Namaso,F,90,6.9,,0.0,4.0,2.0,20,18.0,90.0,,,1.0,2.0,1,0,6.0,15.0
Auxerre vs Le Havre,Auxerre,190686,Sékou Mara,F,68,6.2,,0.0,,,8,5.0,62.5,,,3.0,1.0,0,0,3.0,9.0
Auxerre vs Le Havre,Auxerre,30748,Assane Dioussé,M,45,6.9,,0.0,,,32,29.0,90.6,1.0,,1.0,1.0,0,0,2.0,5.0
Auxerre vs Le Havre,Auxerre,496896,Rudy Matondo,M,22,6.7,,0.0,,,13,11.0,84.6,,,,,0,0,2.0,3.0
Auxerre vs Le Havre,Auxerre,322595,Lasso Coulibaly,M,22,6.6,,0.0,,,6,5.0,83.3,1.0,,1.0,1.0,0,0,3.0,6.0
Auxerre vs Le Havre,Auxerre,293643,Ibrahim Osman,F,8,6.3,,0.0,1.0,,5,5.0,100.0,1.0,,,,0,0,1.0,2.0
Auxerre vs Le Havre,Auxerre,215827,Fredrik Oppegård,D,11,6.6,,0.0,,,1,1.0,100.0,,,,,0,0,,
Auxerre vs Le Havre,Le Havre,119853,Mory Diaw,G,90,8,,0.0,,,39,31.0,79.5,,,,,0,0,,
Auxerre vs Le Havre,Le Havre,2336,Loic Négo,D,90,7.2,,0.0,,,29,22.0,75.9,2.0,1.0,,,0,0,5.0,8.0
Auxerre vs Le Havre,Le Havre,162443,Étienne Youte Kinkoue,D,90,8.3,,0.0,,,63,54.0,85.7,3.0,,1.0,1.0,1,0,7.0,8.0
Auxerre vs Le Havre,Le Havre,174927,Arouna Sangante,D,90,7.2,,0.0,1.0,,61,57.0,93.4,1.0,2.0,1.0,3.0,1,0,5.0,9.0
Auxerre vs Le Havre,Le Havre,23637,Yanis Zouaoui,D,90,8.2,,0.0,,,40,32.0,80.0,3.0,2.0,,2.0,0,0,10.0,12.0
Auxerre vs Le Havre,Le Havre,33165,Ayumu Seko,M,90,7.5,,0.0,1.0,,27,21.0,77.8,4.0,2.0,1.0,2.0,0,0,7.0,9.0
Auxerre vs Le Havre,Le Havre,174937,Yassine Kechta,M,78,6.7,,0.0,,,24,18.0,75.0,2.0,,2.0,2.0,0,0,4.0,14.0
Auxerre vs Le Havre,Le Havre,128342,Rassoul Ndiaye,M,78,6.3,,0.0,2.0,1.0,13,12.0,92.3,,,,3.0,0,0,4.0,9.0
Auxerre vs Le Havre,Le Havre,21103,Abdoulaye Touré,M,90,7.5,1.0,0.0,2.0,2.0,20,19.0,95.0,1.0,1.0,2.0,3.0,0,0,5.0,8.0
Auxerre vs Le Havre,Le Havre,1945,Mbwana Ally Samatta,F,62,6.3,,0.0,2.0,1.0,10,8.0,80.0,,,1.0,,0,0,4.0,5.0
Auxerre vs Le Havre,Le Havre,156465,Issa Soumaré,F,90,6.3,,0.0,,,11,6.0,54.5,1.0,,1.0,2.0,0,0,7.0,14.0
Auxerre vs Le Havre,Le Havre,36932,Younes Namli,F,28,6.3,,0.0,,,8,4.0,50.0,,1.0,2.0,,0,0,,5.0
Auxerre vs Le Havre,Le Havre,174625,Fodé Doucouré,D,12,6.9,,0.0,,,2,2.0,100.0,1.0,,,,0,0,2.0,2.0
Auxerre vs Le Havre,Le Havre,364093,Simon Ebonog,M,12,6.3,,0.0,,,2,1.0,50.0,,,1.0,,0,0,1.0,3.0
Lyon vs Strasbourg,Lyon,61142,Dominik Greif,G,90,6.7,,0.0,,,32,27.0,84.4,,,,1.0,0,0,1.0,1.0
Lyon vs Strasbourg,Lyon,1456,Ainsley Maitland-Niles,D,90,6.5,,0.0,,,34,28.0,82.4,,1.0,2.0,1.0,0,0,2.0,4.0
Lyon vs Strasbourg,Lyon,68,Clinton Mata,D,90,6.3,,0.0,,,51,41.0,80.4,,1.0,2.0,,0,0,2.0,7.0
Lyon vs Strasbourg,Lyon,25916,Moussa Niakhaté,D,90,6.9,,1.0,,,69,59.0,85.5,2.0,1.0,1.0,1.0,0,0,4.0,7.0
Lyon vs Strasbourg,Lyon,529,Nicolás Tagliafico,D,90,6.6,,0.0,,,27,22.0,81.5,1.0,2.0,3.0,6.0,0,0,7.0,14.0
Lyon vs Strasbourg,Lyon,162590,Tyler Morton,M,90,7.2,,0.0,,,38,30.0,78.9,4.0,1.0,1.0,,0,0,5.0,7.0
Lyon vs Strasbourg,Lyon,80752,Tanner Tessmann,M,89,6.7,,0.0,,,43,36.0,83.7,1.0,,,,0,0,1.0,2.0
Lyon vs Strasbourg,Lyon,519,Corentin Tolisso,M,90,6.3,,0.0,1.0,1.0,30,23.0,76.7,2.0,1.0,2.0,4.0,0,0,7.0,13.0
Lyon vs Strasbourg,Lyon,199871,Adam Karabec,F,77,6.5,,0.0,,,14,11.0,78.6,,,,,0,0,,4.0
Lyon vs Strasbourg,Lyon,66387,Pavel Šulc,F,77,6.6,,0.0,2.0,1.0,8,6.0,75.0,1.0,,3.0,1.0,0,0,2.0,5.0
Lyon vs Strasbourg,Lyon,361348,Malick Fofana,F,68,6.9,,0.0,,,17,13.0,76.5,3.0,,,2.0,0,0,5.0,6.0
Lyon vs Strasbourg,Lyon,345388,Afonso Moreira,F,22,8,1.0,0.0,1.0,1.0,12,11.0,91.7,,,,2.0,0,0,3.0,5.0
Lyon vs Strasbourg,Lyon,18780,Rachid Ghezzal,F,13,6.6,,0.0,,,5,4.0,80.0,1.0,,1.0,,0,0,2.0,2.0
Lyon vs Strasbourg,Lyon,195512,Martín Satriano,F,13,6.3,,0.0,1.0,,5,5.0,100.0,,,,,0,0,,
Lyon vs Strasbourg,Strasbourg,340151,Mike Penders,G,90,7.9,,0.0,,,61,49.0,80.3,,,,,0,0,,
Lyon vs Strasbourg,Strasbourg,271542,Ismael Doukouré,D,67,5.2,,0.0,,,38,34.0,89.5,,1.0,1.0,,0,1,,1.0
Lyon vs Strasbourg,Strasbourg,276184,Mamadou Sarr,D,90,6.5,,0.0,,,73,69.0,94.5,,2.0,2.0,2.0,1,0,3.0,5.0
Lyon vs Strasbourg,Strasbourg,396193,Lucas Høgsberg,D,89,6.7,,0.0,,,47,43.0,91.5,1.0,1.0,,1.0,0,0,2.0,2.0
Lyon vs Strasbourg,Strasbourg,161747,Guéla Doué,M,90,6.9,,1.0,,,24,19.0,79.2,1.0,,5.0,3.0,1,0,6.0,14.0
Lyon vs Strasbourg,Strasbourg,358166,Abdoul Ouattara,M,90,6.5,,0.0,1.0,,17,14.0,82.4,1.0,2.0,1.0,1.0,0,0,3.0,5.0
Lyon vs Strasbourg,Strasbourg,319572,Valentín Barco,M,90,6.2,,0.0,,,45,37.0,82.2,1.0,1.0,1.0,3.0,0,0,5.0,9.0
Lyon vs Strasbourg,Strasbourg,415431,Samir El Mourabet,M,77,6.9,,0.0,,,35,30.0,85.7,1.0,2.0,2.0,,0,0,2.0,4.0
Lyon vs Strasbourg,Strasbourg,335056,Diego Moreira,M,89,6.5,,0.0,1.0,,32,27.0,84.4,1.0,1.0,2.0,1.0,1,0,3.0,8.0
Lyon vs Strasbourg,Strasbourg,390742,Joaquin Panichelli,F,90,7.3,1.0,0.0,1.0,1.0,27,13.0,48.1,1.0,,3.0,1.0,0,0,8.0,14.0
Lyon vs Strasbourg,Strasbourg,70747,Julio Enciso,F,77,6.2,,0.0,2.0,1.0,30,27.0,90.0,,,1.0,1.0,0,0,2.0,10.0
Lyon vs Strasbourg,Strasbourg,147835,Andrew Omobamidele,D,13,6.7,,0.0,,,1,1.0,100.0,1.0,,,,0,0,2.0,3.0
Lyon vs Strasbourg,Strasbourg,325594,Félix Lemaréchal,M,13,6.3,,0.0,,,4,2.0,50.0,,,1.0,,1,0,,2.0
Lyon vs Strasbourg,Strasbourg,359386,Martial Godo,F,8,6.2,,0.0,,,0,,,,,,,0,0,,
Nice vs Lille,Nice,20566,Yehvann Diouf,G,90,7.3,,0.0,,,24,14.0,58.3,,,,,0,0,1.0,1.0
Nice vs Lille,Nice,313937,Antoine Mendy,D,90,7.3,,0.0,,,30,22.0,73.3,1.0,1.0,,,1,0,1.0,3.0
Nice vs Lille,Nice,449509,Abdulay Juma Bah,D,90,7.7,,0.0,,,23,23.0,100.0,1.0,1.0,,,0,0,2.0,5.0
Nice vs Lille,Nice,404172,Kojo Peprah Oppong,D,90,6.6,,0.0,1.0,,35,27.0,77.1,,,1.0,1.0,0,0,2.0,3.0
Nice vs Lille,Nice,158065,Tiago Gouveia,M,90,6.7,,0.0,1.0,,25,20.0,80.0,1.0,1.0,2.0,,1,0,2.0,7.0
Nice vs Lille,Nice,128987,Salis Abdul Samed,M,69,6.9,,0.0,,,23,21.0,91.3,,1.0,,3.0,0,0,4.0,6.0
Nice vs Lille,Nice,8680,Charles Vanhoutte,M,85,7.6,,0.0,,,26,23.0,88.5,3.0,1.0,1.0,,1,0,4.0,6.0
Nice vs Lille,Nice,162465,Melvin Bard,M,90,7.3,,0.0,,,19,12.0,63.2,4.0,2.0,1.0,1.0,0,0,8.0,12.0
Nice vs Lille,Nice,107,Sofiane Diop,F,68,6.9,1.0,0.0,3.0,1.0,26,20.0,76.9,,1.0,1.0,,0,0,,4.0
Nice vs Lille,Nice,188319,Kevin Carlos Omoruyi,F,90,6.6,,0.0,,,23,13.0,56.5,,,3.0,1.0,0,0,6.0,14.0
Nice vs Lille,Nice,30531,Jérémie Boga,F,68,6.3,,0.0,,,16,14.0,87.5,,,,2.0,0,0,2.0,7.0
Nice vs Lille,Nice,193617,Tom Louchet,M,22,6.9,,0.0,,,5,2.0,40.0,1.0,,1.0,,0,0,1.0,2.0
Nice vs Lille,Nice,4399,Hicham Boudaoui,M,22,6.9,,0.0,,,5,4.0,80.0,,1.0,,1.0,0,0,1.0,1.0
Nice vs Lille,Nice,105154,Isak Jansson,F,21,8,1.0,0.0,3.0,3.0,6,4.0,66.7,1.0,,1.0,1.0,0,0,2.0,4.0
Nice vs Lille,Nice,1914,Morgan Sanson,M,11,6.9,,1.0,,,4,4.0,100.0,,,,,0,0,,
Nice vs Lille,Lille,2096,Arnaud Bodart,G,90,6.5,,0.0,,,37,29.0,78.4,,,1.0,,0,0,,1.0
Nice vs Lille,Lille,264,Thomas Meunier,D,90,6,,0.0,2.0,1.0,64,52.0,81.2,3.0,,3.0,,0,0,4.0,11.0
Nice vs Lille,Lille,312964,Nathan Ngoy,D,90,6.7,,0.0,1.0,1.0,77,72.0,93.5,2.0,1.0,,,0,0,4.0,5.0
Nice vs Lille,Lille,1567,Aïssa Mandi,D,90,7,,0.0,,,76,71.0,93.4,2.0,2.0,,1.0,0,0,6.0,8.0
Nice vs Lille,Lille,20600,Romain Perraud,D,90,6.6,,0.0,2.0,2.0,67,65.0,97.0,1.0,1.0,,1.0,0,0,2.0,3.0
Nice vs Lille,Lille,2204,Benjamin André,M,81,6,,0.0,1.0,,41,31.0,75.6,1.0,2.0,3.0,,1,0,3.0,12.0
Nice vs Lille,Lille,438688,Ayyoub Bouaddi,M,69,6.6,,0.0,,,35,30.0,85.7,4.0,,2.0,1.0,1,0,5.0,8.0
Nice vs Lille,Lille,135749,Félix Correia,M,69,6.7,,0.0,,,39,37.0,94.9,,,,1.0,0,0,1.0,3.0
Nice vs Lille,Lille,67889,Hakon Arnar Haraldsson,M,85,6.5,,0.0,1.0,,38,34.0,89.5,,,1.0,2.0,1,0,2.0,6.0
Nice vs Lille,Lille,340077,Matías Fernández,M,90,6.3,,0.0,,,49,40.0,81.6,3.0,,,,0,0,3.0,6.0
Nice vs Lille,Lille,306979,Hamza Igamane,F,70,6.3,,0.0,3.0,,16,12.0,75.0,1.0,,,1.0,0,0,3.0,4.0
Nice vs Lille,Lille,99576,Osame Sahraoui,F,21,6.6,,0.0,,,20,15.0,75.0,,,,1.0,0,0,2.0,2.0
Nice vs Lille,Lille,409,Nabil Bentaleb,M,21,6.7,,0.0,1.0,,20,17.0,85.0,,1.0,,,0,0,,
Nice vs Lille,Lille,318416,Marius Sivertsen Broholm,F,20,6.3,,0.0,,,5,3.0,60.0,1.0,,,1.0,0,0,2.0,3.0
Nice vs Lille,Lille,2295,Olivier Giroud,F,9,6.6,,0.0,1.0,,2,2.0,100.0,,,,,0,0,2.0,2.0
Nice vs Lille,Lille,375598,Ngal'ayel Mukau,M,11,6.2,,0.0,,,7,6.0,85.7,,,,,0,0,,1.0
Lorient vs Paris Saint Germain,Lorient,1142,Yvon Mvogo,G,90,8.2,,0.0,,,27,15.0,55.6,,,,,0,0,1.0,1.0
Lorient vs Paris Saint Germain,Lorient,158551,Joel Mugisha Mvuka,D,77,6.9,,0.0,1.0,1.0,13,8.0,61.5,7.0,1.0,,1.0,0,0,8.0,10.0
Lorient vs Paris Saint Germain,Lorient,1031,Igor Silva,D,90,7.6,1.0,0.0,1.0,1.0,21,16.0,76.2,1.0,1.0,,3.0,0,0,6.0,12.0
Lorient vs Paris Saint Germain,Lorient,50030,Montassar Talbi,D,90,7.3,,0.0,,,24,19.0,79.2,2.0,2.0,,,0,0,3.0,4.0
Lorient vs Paris Saint Germain,Lorient,152669,Darlin Yongwa,D,90,7,,0.0,,,24,14.0,58.3,3.0,1.0,,2.0,0,0,7.0,9.0
Lorient vs Paris Saint Germain,Lorient,402386,Arsène Kouassi,D,90,6.6,,0.0,,,16,14.0,87.5,1.0,1.0,,1.0,0,0,3.0,5.0
Lorient vs Paris Saint Germain,Lorient,322865,Karim Dermane,M,69,6.3,,0.0,1.0,,19,12.0,63.2,1.0,,2.0,2.0,0,0,3.0,7.0
Lorient vs Paris Saint Germain,Lorient,20917,Laurent Abergel,M,90,7,,0.0,,,22,19.0,86.4,2.0,1.0,,1.0,0,0,4.0,8.0
Lorient vs Paris Saint Germain,Lorient,23363,Noah Cadiou,M,89,6.3,,0.0,,,19,17.0,89.5,,,1.0,,0,0,1.0,6.0
Lorient vs Paris Saint Germain,Lorient,276662,Pablo Pagis,M,68,6.2,,0.0,,,17,15.0,88.2,,2.0,1.0,1.0,0,0,1.0,5.0
Lorient vs Paris Saint Germain,Lorient,200873,Mohamed Bamba,F,69,6.7,,0.0,,,8,7.0,87.5,1.0,,,,0,0,1.0,1.0
Lorient vs Paris Saint Germain,Lorient,22171,Jean-Victor Makengo,M,22,6.5,,0.0,,,6,3.0,50.0,,,,1.0,0,0,1.0,3.0
Lorient vs Paris Saint Germain,Lorient,402265,Arthur Avom Ebong,M,21,6.9,,0.0,1.0,,8,5.0,62.5,1.0,2.0,1.0,,0,0,2.0,3.0
Lorient vs Paris Saint Germain,Lorient,72457,Aiyegun Tosin,F,21,6.3,,0.0,,,2,1.0,50.0,,,,,0,0,,
Lorient vs Paris Saint Germain,Lorient,174703,Théo Le Bris,M,13,6.3,,0.0,1.0,,1,1.0,100.0,,,,,0,0,,
Lorient vs Paris Saint Germain,Paris Saint Germain,162453,Lucas Chevalier,G,90,6.7,,0.0,,,15,14.0,93.3,,,,,0,0,,
Lorient vs Paris Saint Germain,Paris Saint Germain,161671,Ilya Zabarnyi,D,90,7.2,,0.0,,,102,101.0,99.0,1.0,,2.0,,1,0,3.0,5.0
Lorient vs Paris Saint Germain,Paris Saint Germain,257,Marquinhos,D,90,7.5,,0.0,,,109,106.0,97.2,,,,,0,0,,1.0
Lorient vs Paris Saint Germain,Paris Saint Germain,307835,Lucas Beraldo,D,90,7.5,,0.0,1.0,,114,108.0,94.7,,1.0,1.0,,0,0,4.0,5.0
Lorient vs Paris Saint Germain,Paris Saint Germain,263482,Nuno Mendes,D,90,7,1.0,0.0,4.0,4.0,59,56.0,94.9,1.0,2.0,2.0,,0,0,5.0,10.0
Lorient vs Paris Saint Germain,Paris Saint Germain,409216,Senny Mayulu,M,90,6.6,,0.0,,,40,35.0,87.5,3.0,,1.0,2.0,0,0,8.0,10.0
Lorient vs Paris Saint Germain,Paris Saint Germain,336657,Warren Zaïre-Emery,M,77,6.6,,0.0,,,74,72.0,97.3,1.0,,1.0,,0,0,2.0,6.0
Lorient vs Paris Saint Germain,Paris Saint Germain,471107,Quentin Ndjantou,M,45,6.5,,0.0,,,23,20.0,87.0,,,1.0,,0,0,1.0,3.0
Lorient vs Paris Saint Germain,Paris Saint Germain,446249,Ibrahim Mbaye,F,45,6.3,,0.0,1.0,1.0,32,27.0,84.4,1.0,,,,0,0,1.0,4.0
Lorient vs Paris Saint Germain,Paris Saint Germain,153,Ousmane Dembélé,F,61,6.6,,0.0,,,48,40.0,83.3,,,1.0,,0,0,,3.0
Lorient vs Paris Saint Germain,Paris Saint Germain,343027,Désiré Doué,F,63,6.2,,0.0,,,35,29.0,82.9,2.0,,2.0,1.0,0,0,3.0,10.0
Lorient vs Paris Saint Germain,Paris Saint Germain,335051,João Neves,M,45,6.7,,0.0,,,40,38.0,95.0,1.0,,,,0,0,3.0,5.0
Lorient vs Paris Saint Germain,Paris Saint Germain,128384,Vitinha,M,45,7.3,,0.0,2.0,1.0,83,79.0,95.2,,,,1.0,0,0,1.0,1.0
Lorient vs Paris Saint Germain,Paris Saint Germain,483,Khvicha Kvaratskhelia,F,29,6.3,,0.0,1.0,1.0,25,25.0,100.0,,,1.0,,0,0,2.0,6.0
Lorient vs Paris Saint Germain,Paris Saint Germain,161904,Bradley Barcola,F,27,5.9,,0.0,2.0,1.0,24,19.0,79.2,,,1.0,,1,0,,3.0
Lorient vs Paris Saint Germain,Paris Saint Germain,41585,Gonçalo Ramos,F,13,6.3,,0.0,,,4,4.0,100.0,,,,,0,0,1.0,3.0
Le Havre vs Stade Brestois 29,Le Havre,119853,Mory Diaw,G,90,7,,0.0,,,29,18.0,62.1,,1.0,,,0,0,,
Le Havre vs Stade Brestois 29,Le Havre,513415,Stephan Zagadou,D,65,6.6,,0.0,,,27,25.0,92.6,1.0,,,,0,0,2.0,6.0
Le Havre vs Stade Brestois 29,Le Havre,174927,Arouna Sangante,D,83,8.5,1.0,0.0,1.0,1.0,43,40.0,93.0,,1.0,,,0,0,2.0,5.0
Le Havre vs Stade Brestois 29,Le Havre,64255,Gautier Lloris,D,90,7.2,,0.0,,,52,50.0,96.2,,3.0,2.0,,0,0,3.0,7.0
Le Havre vs Stade Brestois 29,Le Havre,33165,Ayumu Seko,M,90,7.2,,0.0,1.0,1.0,47,39.0,83.0,,1.0,1.0,,1,0,2.0,6.0
Le Havre vs Stade Brestois 29,Le Havre,174625,Fodé Doucouré,M,72,6.7,,0.0,,,37,33.0,89.2,1.0,,1.0,,0,0,1.0,4.0
Le Havre vs Stade Brestois 29,Le Havre,364093,Simon Ebonog,M,72,7,,0.0,1.0,,28,23.0,82.1,4.0,1.0,2.0,3.0,0,0,7.0,12.0
Le Havre vs Stade Brestois 29,Le Havre,21103,Abdoulaye Touré,M,90,7.3,,0.0,,,46,40.0,87.0,,1.0,1.0,2.0,0,0,4.0,7.0
Le Havre vs Stade Brestois 29,Le Havre,20521,Thomas Delaine,M,65,6.9,,0.0,,,37,28.0,75.7,2.0,1.0,,1.0,0,0,4.0,6.0
Le Havre vs Stade Brestois 29,Le Havre,21641,Godson Kyeremeh,F,90,6.3,,0.0,1.0,,12,10.0,83.3,2.0,,3.0,4.0,0,0,6.0,12.0
Le Havre vs Stade Brestois 29,Le Havre,156465,Issa Soumaré,F,90,6.3,,0.0,3.0,1.0,27,23.0,85.2,1.0,,2.0,1.0,0,0,5.0,16.0
Le Havre vs Stade Brestois 29,Le Havre,2336,Loic Négo,D,25,6.7,,0.0,,,8,6.0,75.0,1.0,3.0,,,0,0,1.0,3.0
Le Havre vs Stade Brestois 29,Le Havre,23637,Yanis Zouaoui,D,25,6.7,,1.0,,,7,7.0,100.0,,1.0,,,0,0,,5.0
Le Havre vs Stade Brestois 29,Le Havre,174937,Yassine Kechta,M,18,6.2,,0.0,,,3,1.0,33.3,1.0,1.0,,,0,0,1.0,6.0
Le Havre vs Stade Brestois 29,Le Havre,128342,Rassoul Ndiaye,M,18,6.9,,0.0,,,8,7.0,87.5,1.0,,,,0,0,1.0,1.0
Le Havre vs Stade Brestois 29,Le Havre,162443,Étienne Youte Kinkoue,D,14,6.6,,0.0,,,1,1.0,100.0,,,,,0,0,,
Le Havre vs Stade Brestois 29,Stade Brestois 29,40384,Radosław Majecki,G,90,7.2,,0.0,,,32,26.0,81.2,,,,,0,0,,
Le Havre vs Stade Brestois 29,Stade Brestois 29,22247,Kenny Lala,D,90,7.2,,0.0,,,43,38.0,88.4,2.0,,1.0,1.0,1,0,4.0,5.0
Le Havre vs Stade Brestois 29,Stade Brestois 29,20546,Brendan Chardonnet,D,90,8.3,,0.0,,,69,57.0,82.6,1.0,1.0,1.0,3.0,0,0,6.0,8.0
Le Havre vs Stade Brestois 29,Stade Brestois 29,162568,Soumaila Coulibaly,D,90,7.7,,0.0,,,73,64.0,87.7,2.0,1.0,1.0,4.0,0,0,9.0,13.0
Le Havre vs Stade Brestois 29,Stade Brestois 29,302868,Daouda Guindo,D,74,6.5,,0.0,,,36,30.0,83.3,2.0,,2.0,,1,0,2.0,4.0
Le Havre vs Stade Brestois 29,Stade Brestois 29,128287,Joris Chotard,M,90,6.7,,0.0,,,45,35.0,77.8,,1.0,2.0,,1,0,3.0,5.0
Le Havre vs Stade Brestois 29,Stade Brestois 29,664,Lucas Tousart,M,74,6.6,,0.0,2.0,2.0,44,40.0,90.9,2.0,2.0,2.0,,0,0,4.0,9.0
Le Havre vs Stade Brestois 29,Stade Brestois 29,20558,Hugo Magnetti,M,90,6.9,,0.0,1.0,,47,42.0,89.4,2.0,2.0,,,0,0,3.0,3.0
Le Havre vs Stade Brestois 29,Stade Brestois 29,2214,Romain Del Castillo,F,90,6.2,,0.0,,,32,23.0,71.9,1.0,,1.0,,0,0,3.0,13.0
Le Havre vs Stade Brestois 29,Stade Brestois 29,22264,Ludovic Ajorque,F,90,6.9,,0.0,,,29,21.0,72.4,,2.0,,1.0,0,0,10.0,14.0
Le Havre vs Stade Brestois 29,Stade Brestois 29,90594,Junior Dina Ebimbe,F,57,6.5,,0.0,,,11,8.0,72.7,1.0,,,1.0,0,0,3.0,7.0
Le Havre vs Stade Brestois 29,Stade Brestois 29,41323,Mama Baldé,F,33,6.3,,0.0,3.0,,10,8.0,80.0,1.0,,1.0,,0,0,3.0,5.0
Le Havre vs Stade Brestois 29,Stade Brestois 29,274267,Bradley Locko,D,16,7.2,,0.0,,,20,16.0,80.0,1.0,1.0,,,0,0,5.0,6.0
Le Havre vs Stade Brestois 29,Stade Brestois 29,375990,Pathé Mboup,F,16,6.3,,0.0,,,6,4.0,66.7,,,,1.0,0,0,2.0,4.0
Metz vs Lens,Metz,158532,Jonathan Fischer,G,90,6.9,,0.0,,,30,17.0,56.7,,,,,0,0,,
Metz vs Lens,Metz,96331,Koffi Kouao,D,90,7.9,,0.0,2.0,1.0,48,41.0,85.4,1.0,3.0,,2.0,0,0,7.0,8.0
Metz vs Lens,Metz,3240,Jean-Philippe Gbamin,D,90,7.3,,0.0,2.0,1.0,67,58.0,86.6,1.0,,,1.0,0,0,5.0,6.0
Metz vs Lens,Metz,363792,Terry Yegbe,D,90,6.9,,0.0,,,57,50.0,87.7,1.0,,,1.0,0,0,3.0,4.0
Metz vs Lens,Metz,19518,Maxime Colin,D,90,7.3,,0.0,1.0,,54,50.0,92.6,4.0,2.0,,,0,0,6.0,7.0
Metz vs Lens,Metz,434352,Alpha Touré,M,90,7.2,,0.0,2.0,,54,49.0,90.7,2.0,1.0,2.0,4.0,1,0,9.0,13.0
Metz vs Lens,Metz,20534,Cheick Tidiane Sabaly,M,81,6.3,,0.0,1.0,1.0,23,18.0,78.3,2.0,,4.0,,0,0,3.0,9.0
Metz vs Lens,Metz,20529,Gauthier Hein,M,90,8.2,2.0,0.0,3.0,2.0,50,47.0,94.0,1.0,,2.0,1.0,2,1,3.0,8.0
Metz vs Lens,Metz,21640,Jessy Deminguet,M,81,7,,0.0,1.0,1.0,24,22.0,91.7,1.0,1.0,,1.0,0,0,4.0,5.0
Metz vs Lens,Metz,2181,Georgiy Tsitaishvili,M,81,7.2,,0.0,1.0,,25,21.0,84.0,2.0,2.0,1.0,1.0,0,0,3.0,7.0
Metz vs Lens,Metz,20535,Habib Diallo,F,90,6.2,,0.0,2.0,1.0,6,5.0,83.3,2.0,,6.0,1.0,0,0,4.0,16.0
Metz vs Lens,Metz,68177,Giorgi Abuashvili,F,9,6.9,,0.0,,,6,6.0,100.0,1.0,1.0,,1.0,0,0,2.0,4.0
Metz vs Lens,Metz,384683,Ismaël Guerti,M,9,6.3,,0.0,,,7,6.0,85.7,,,,,0,0,,1.0
Metz vs Lens,Metz,408870,Ibou Sane,F,9,7.3,,1.0,,,5,2.0,40.0,,,,1.0,0,0,1.0,1.0
Metz vs Lens,Lens,347211,Robin Risser,G,90,8.2,,0.0,,,26,20.0,76.9,,,,,0,0,,
Metz vs Lens,Lens,21635,Jonathan Gradit,D,88,7.6,,0.0,,,69,60.0,87.0,1.0,,,3.0,0,0,6.0,7.0
Metz vs Lens,Lens,322984,Samson Baidoo,D,90,7.2,,0.0,1.0,,74,71.0,95.9,2.0,,1.0,2.0,0,0,6.0,9.0
Metz vs Lens,Lens,20525,Matthieu Udol,D,90,6.9,,0.0,1.0,,75,68.0,90.7,1.0,,1.0,,0,0,1.0,6.0
Metz vs Lens,Lens,44594,Saud Abdulhamid,M,90,5.9,,0.0,,,39,35.0,89.7,1.0,,2.0,1.0,0,0,3.0,9.0
Metz vs Lens,Lens,277306,Mamadou Sangare,M,90,6.5,,0.0,1.0,,54,47.0,87.0,3.0,1.0,2.0,2.0,0,0,8.0,12.0
Metz vs Lens,Lens,22261,Adrien Thomasson,M,90,6.9,,0.0,,,47,45.0,95.7,1.0,1.0,3.0,2.0,0,0,3.0,9.0
Metz vs Lens,Lens,2483,Deiver Machado,M,63,6.5,,0.0,,,18,16.0,88.9,,,1.0,2.0,1,0,3.0,6.0
Metz vs Lens,Lens,1922,Florian Thauvin,F,88,6.3,,0.0,1.0,,48,38.0,79.2,1.0,,,,0,0,1.0,5.0
Metz vs Lens,Lens,277191,Abdallah Sima,F,45,6.2,,0.0,,,13,10.0,76.9,1.0,,1.0,,1,0,1.0,4.0
Metz vs Lens,Lens,1135,Odsonne Édouard,F,45,6.2,,0.0,2.0,1.0,6,5.0,83.3,,,,,0,0,1.0,4.0
Metz vs Lens,Lens,23643,Morgan Guilavogui,F,45,6.2,,0.0,,,13,11.0,84.6,,,2.0,1.0,0,0,1.0,8.0
Metz vs Lens,Lens,21715,Wesley Saïd,F,45,6.5,,0.0,,,15,10.0,66.7,,,1.0,,0,0,1.0,2.0
Metz vs Lens,Lens,21568,Ruben Aguilar,D,27,6.2,,0.0,,,20,17.0,85.0,1.0,1.0,1.0,,0,0,1.0,2.0
Metz vs Lens,Lens,394950,Andrija Bulatovic,M,11,6.3,,0.0,,,4,3.0,75.0,1.0,,,1.0,0,0,2.0,3.0
Metz vs Lens,Lens,443579,Rayan Fofana,F,11,6.2,,0.0,1.0,1.0,3,3.0,100.0,1.0,,,,0,0,1.0,3.0
Marseille vs Angers,Marseille,47296,Gerónimo Rulli,G,90,6.7,,0.0,,,27,23.0,85.2,,,,,0,0,,
Marseille vs Angers,Marseille,2973,Amir Murillo,D,45,6.5,,0.0,,,15,9.0,60.0,3.0,,1.0,1.0,0,0,5.0,10.0
Marseille vs Angers,Marseille,181827,Conrad Jaden Egan-Riley,D,90,6.7,,0.0,,,85,79.0,92.9,1.0,,1.0,,0,0,4.0,10.0
Marseille vs Angers,Marseille,21694,Nayef Aguerd,D,90,7.2,,0.0,,,118,114.0,96.6,2.0,1.0,1.0,,1,0,4.0,6.0
Marseille vs Angers,Marseille,2284,Emerson Palmieri,D,90,7.2,,1.0,,,84,78.0,92.9,4.0,3.0,,,0,0,5.0,7.0
Marseille vs Angers,Marseille,340154,Arthur Vermeeren,M,45,6.9,,0.0,,,33,30.0,90.9,2.0,,,,0,0,2.0,3.0
Marseille vs Angers,Marseille,2735,Pierre-Emile Højbjerg,M,90,6.9,,0.0,1.0,1.0,76,67.0,88.2,4.0,,1.0,1.0,1,0,8.0,15.0
Marseille vs Angers,Marseille,897,Mason Greenwood,M,90,6,,0.0,3.0,1.0,38,25.0,65.8,,,2.0,1.0,0,0,2.0,7.0
Marseille vs Angers,Marseille,896,Angel Gomes,M,45,6.2,,0.0,1.0,1.0,22,16.0,72.7,,,2.0,,0,0,,4.0
Marseille vs Angers,Marseille,9363,Igor Paixão,M,76,6.5,,0.0,1.0,1.0,50,42.0,84.0,,1.0,,,0,0,2.0,5.0
Marseille vs Angers,Marseille,1465,Pierre-Emerick Aubameyang,F,90,7.2,,1.0,2.0,,21,20.0,95.2,,1.0,,1.0,0,0,2.0,4.0
Marseille vs Angers,Marseille,2725,Benjamin Pavard,D,45,6.3,,0.0,,,22,21.0,95.5,,,,,0,0,,
Marseille vs Angers,Marseille,19030,Matt O'Riley,M,45,6.6,,0.0,,,26,25.0,96.2,,,2.0,,0,0,,4.0
Marseille vs Angers,Marseille,435482,Robinio Vaz,F,45,9,2.0,0.0,2.0,2.0,13,12.0,92.3,,,,2.0,0,0,3.0,3.0
Marseille vs Angers,Marseille,283216,Bilal Nadir,M,13,6.7,,0.0,,,4,2.0,50.0,,,,,0,0,,
Marseille vs Angers,Marseille,30525,Pol Lirola,D,12,6.2,,0.0,,,2,1.0,50.0,,,1.0,1.0,0,0,3.0,5.0
Marseille vs Angers,Angers,22220,Hervé Koffi,G,90,6.3,,0.0,,,32,18.0,56.2,,,,,0,0,,
Marseille vs Angers,Angers,20850,Carlens Arcus,D,80,6.3,,0.0,,,28,26.0,92.9,,1.0,,,0,0,,2.0
Marseille vs Angers,Angers,271540,Ousmane Camara,D,90,7.5,1.0,0.0,1.0,1.0,26,22.0,84.6,1.0,,,,0,0,1.0,1.0
Marseille vs Angers,Angers,21381,Jordan Lefort,D,90,6.7,,0.0,,,65,61.0,93.8,1.0,1.0,1.0,,0,0,2.0,4.0
Marseille vs Angers,Angers,343609,Jacques Ekomie,D,90,6.2,,0.0,,,27,23.0,85.2,2.0,,1.0,1.0,0,0,5.0,8.0
Marseille vs Angers,Angers,20554,Haris Belkebla,M,90,6.9,,0.0,,,50,42.0,84.0,2.0,,,3.0,0,0,8.0,11.0
Marseille vs Angers,Angers,20692,Himad Abdelli,M,90,6.7,,0.0,,,71,61.0,85.9,1.0,,2.0,2.0,0,0,3.0,7.0
Marseille vs Angers,Angers,174708,Yassin Belkhdim,M,69,6.7,,0.0,,,14,10.0,71.4,2.0,2.0,,1.0,0,0,3.0,3.0
Marseille vs Angers,Angers,289555,Louis Mouton,M,81,5.9,,0.0,1.0,1.0,42,31.0,73.8,2.0,1.0,,,0,0,2.0,9.0
Marseille vs Angers,Angers,174660,Lilian Raolisoa,M,59,6.9,,0.0,1.0,1.0,21,16.0,76.2,2.0,1.0,1.0,1.0,1,0,5.0,10.0
Marseille vs Angers,Angers,421875,Sidiki Cherif,F,59,7.6,1.0,0.0,4.0,3.0,13,11.0,84.6,2.0,,,1.0,0,0,5.0,11.0
Marseille vs Angers,Angers,191289,Amine Sbai,F,31,6.9,,0.0,,,12,7.0,58.3,1.0,,,,0,0,3.0,3.0
Marseille vs Angers,Angers,403277,Lanroy Machine,F,31,6.3,,0.0,,,7,6.0,85.7,,,1.0,,0,0,3.0,5.0
Marseille vs Angers,Angers,579375,Djibirin Harouna,F,21,6.3,,0.0,1.0,,4,3.0,75.0,,,,,0,0,,5.0
Marseille vs Angers,Angers,425207,Marius Courcoul,D,10,6.9,,0.0,,,10,9.0,90.0,,,,2.0,0,0,3.0,3.0
Marseille vs Angers,Angers,3234,Abdoulaye Bamba,D,9,6.7,,0.0,,,5,3.0,60.0,,,1.0,,0,0,,1.0
Nantes vs Monaco,Nantes,647,Anthony Lopes,G,90,6,,0.0,,,36,28.0,77.8,,1.0,,1.0,0,0,1.0,1.0
Nantes vs Monaco,Nantes,22134,Kelvin Amian,D,90,5.9,,0.0,1.0,,43,34.0,79.1,2.0,,,,0,0,2.0,3.0
Nantes vs Monaco,Nantes,50026,Chidozie Awaziem,D,76,6.3,,0.0,,,52,44.0,84.6,2.0,1.0,1.0,2.0,0,0,5.0,7.0
Nantes vs Monaco,Nantes,522609,Tylel Tati,D,90,5.5,,0.0,,,32,29.0,90.6,,4.0,1.0,1.0,1,0,2.0,4.0
Nantes vs Monaco,Nantes,443674,Louis Leroux,D,90,5.9,,0.0,,,41,33.0,80.5,2.0,,2.0,2.0,0,0,5.0,10.0
Nantes vs Monaco,Nantes,282549,Junior Mwanga,M,90,6.9,,0.0,,,32,22.0,68.8,2.0,1.0,1.0,1.0,0,0,4.0,7.0
Nantes vs Monaco,Nantes,137296,Hyeok-kyu Kwon,M,64,6.2,,0.0,,,23,20.0,87.0,1.0,1.0,2.0,1.0,0,0,3.0,7.0
Nantes vs Monaco,Nantes,388779,Dehmaine Tabibou,M,63,6.2,,0.0,2.0,,23,14.0,60.9,1.0,2.0,2.0,,0,0,4.0,7.0
Nantes vs Monaco,Nantes,443676,Bahereba Guirassy,F,71,8.3,2.0,0.0,3.0,3.0,12,7.0,58.3,1.0,,,,0,0,1.0,8.0
Nantes vs Monaco,Nantes,42086,Youssef El Arabi,F,71,6.3,,0.0,2.0,1.0,17,11.0,64.7,1.0,,1.0,3.0,0,0,4.0,6.0
Nantes vs Monaco,Nantes,161622,Matthis Abline,F,90,8.7,,1.0,,,21,16.0,76.2,,,1.0,4.0,1,0,10.0,21.0
Nantes vs Monaco,Nantes,443755,Bahmed Deuff,M,27,6.2,,0.0,2.0,,11,9.0,81.8,,,,,0,0,2.0,5.0
Nantes vs Monaco,Nantes,21570,Nicolas Cozza,D,26,6.2,,0.0,,,10,8.0,80.0,,,,,0,0,1.0,3.0
Nantes vs Monaco,Nantes,2668,Mostafa Mohamed,F,19,7.2,1.0,0.0,2.0,1.0,6,4.0,66.7,1.0,,1.0,,0,0,1.0,5.0
Nantes vs Monaco,Nantes,428504,Amady Camara,F,19,6.6,,0.0,,,2,2.0,100.0,1.0,,,1.0,0,0,2.0,4.0
Nantes vs Monaco,Nantes,20654,Fabien Centonze,D,14,6.5,,0.0,1.0,,9,5.0,55.6,2.0,1.0,1.0,,1,0,4.0,7.0
Nantes vs Monaco,Monaco,7313,Philipp Köhn,G,90,6.3,,0.0,,,23,17.0,73.9,,,,,1,0,,1.0
Nantes vs Monaco,Monaco,261,Thilo Kehrer,D,90,6.3,,0.0,1.0,,56,46.0,82.1,2.0,4.0,1.0,1.0,1,0,8.0,11.0
Nantes vs Monaco,Monaco,47480,Mohammed Salisu,D,90,6.5,,0.0,,,49,43.0,87.8,2.0,,1.0,,1,0,3.0,7.0
Nantes vs Monaco,Monaco,371916,Christian Mawissa,D,69,6.5,,0.0,,,35,32.0,91.4,4.0,2.0,1.0,,0,0,4.0,6.0
Nantes vs Monaco,Monaco,231,Jordan Teze,M,90,6.9,,0.0,,,41,36.0,87.8,4.0,2.0,3.0,,1,0,5.0,11.0
Nantes vs Monaco,Monaco,81,Krépin Diatta,M,90,6.9,,0.0,1.0,1.0,27,22.0,81.5,2.0,2.0,,,0,0,4.0,5.0
Nantes vs Monaco,Monaco,1101,Takumi Minamino,M,69,6.9,,0.0,1.0,,31,25.0,80.6,1.0,,2.0,2.0,1,0,4.0,8.0
Nantes vs Monaco,Monaco,419035,Mamadou Coulibaly,M,90,8.2,1.0,1.0,2.0,2.0,34,28.0,82.4,1.0,,2.0,2.0,1,0,5.0,9.0
Nantes vs Monaco,Monaco,333137,Kassoum Ouattara,M,90,7,,2.0,,,19,14.0,73.7,2.0,2.0,1.0,1.0,1,0,4.0,12.0
Nantes vs Monaco,Monaco,274300,Maghnes Akliouche,F,81,8.2,1.0,1.0,2.0,2.0,37,33.0,89.2,,,2.0,4.0,0,0,4.0,8.0
Nantes vs Monaco,Monaco,138835,Folarin Balogun,F,73,7.5,1.0,0.0,4.0,1.0,18,13.0,72.2,,,3.0,2.0,0,0,4.0,12.0
Nantes vs Monaco,Monaco,543470,Pape Cabral,M,21,6.3,,0.0,1.0,,9,8.0,88.9,,,,,0,0,1.0,2.0
Nantes vs Monaco,Monaco,109,Aleksandr Golovin,M,21,8.5,2.0,0.0,3.0,3.0,9,7.0,77.8,4.0,,1.0,1.0,0,0,6.0,9.0
Nantes vs Monaco,Monaco,283026,Mika Biereth,F,17,6.3,,0.0,,,6,3.0,50.0,,,,,0,0,1.0,3.0
Nantes vs Monaco,Monaco,135775,Ansu Fati,F,9,6.6,,0.0,1.0,,2,1.0,50.0,1.0,,,,0,0,1.0,1.0
Strasbourg vs Auxerre,Strasbourg,340151,Mike Penders,G,90,6.9,,0.0,,,40,38.0,95.0,,,,,0,0,,
Strasbourg vs Auxerre,Strasbourg,161747,Guéla Doué,D,90,7.5,,0.0,,,97,88.0,90.7,3.0,,1.0,,0,0,6.0,8.0
Strasbourg vs Auxerre,Strasbourg,147835,Andrew Omobamidele,D,90,7.6,,0.0,1.0,,76,74.0,97.4,,1.0,,2.0,0,0,7.0,7.0
Strasbourg vs Auxerre,Strasbourg,276184,Mamadou Sarr,D,90,7.3,,0.0,,,90,89.0,98.9,,,2.0,1.0,0,0,4.0,7.0
Strasbourg vs Auxerre,Strasbourg,358166,Abdoul Ouattara,M,45,7,,0.0,,,30,27.0,90.0,3.0,,,,0,0,3.0,3.0
Strasbourg vs Auxerre,Strasbourg,345416,Rafael Luis,M,45,6.9,,0.0,,,56,53.0,94.6,2.0,1.0,1.0,1.0,0,0,3.0,7.0
Strasbourg vs Auxerre,Strasbourg,319572,Valentín Barco,M,62,8.3,1.0,1.0,1.0,1.0,67,56.0,83.6,2.0,2.0,,3.0,0,0,5.0,8.0
Strasbourg vs Auxerre,Strasbourg,335056,Diego Moreira,M,62,7.5,,0.0,1.0,1.0,45,38.0,84.4,2.0,,1.0,,0,0,3.0,6.0
Strasbourg vs Auxerre,Strasbourg,359386,Martial Godo,F,90,6.2,,0.0,2.0,1.0,24,23.0,95.8,,,3.0,2.0,1,0,3.0,7.0
Strasbourg vs Auxerre,Strasbourg,226803,Sebastian Nanasi,F,90,8.3,1.0,1.0,4.0,2.0,49,40.0,81.6,1.0,2.0,1.0,1.0,0,0,3.0,6.0
Strasbourg vs Auxerre,Strasbourg,390742,Joaquin Panichelli,F,66,6.6,1.0,0.0,5.0,3.0,8,6.0,75.0,1.0,,1.0,1.0,0,0,2.0,6.0
Strasbourg vs Auxerre,Strasbourg,415431,Samir El Mourabet,M,45,7.2,,0.0,,,55,52.0,94.5,,,1.0,4.0,0,0,4.0,7.0
Strasbourg vs Auxerre,Strasbourg,334035,Samuel Amo-Ameyaw,F,45,6.7,,0.0,1.0,,12,11.0,91.7,1.0,,,,0,0,1.0,3.0
Strasbourg vs Auxerre,Strasbourg,2933,Ben Chilwell,D,28,6.9,,0.0,,,10,4.0,40.0,1.0,,,1.0,0,0,2.0,2.0
Strasbourg vs Auxerre,Strasbourg,395762,Mathis Amougou,M,28,6.6,,0.0,,,20,19.0,95.0,3.0,,,,0,0,3.0,5.0
Strasbourg vs Auxerre,Strasbourg,406303,Kendry Páez,M,24,6.6,,0.0,2.0,1.0,11,8.0,72.7,,1.0,,,0,0,1.0,3.0
Strasbourg vs Auxerre,Auxerre,20542,Donovan Léon,G,90,7.2,,0.0,,,30,15.0,50.0,,,,,0,0,,
Strasbourg vs Auxerre,Auxerre,162466,Sinaly Diomandé,D,69,6.2,,0.0,,,34,30.0,88.2,1.0,2.0,,1.0,0,0,4.0,4.0
Strasbourg vs Auxerre,Auxerre,319919,Oussama El Azzouzi,D,14,6.7,,0.0,,,5,4.0,80.0,,,,,0,0,,
Strasbourg vs Auxerre,Auxerre,191189,Clement Akpa,D,90,5.7,,0.0,1.0,,49,39.0,79.6,,1.0,1.0,1.0,0,0,1.0,2.0
Strasbourg vs Auxerre,Auxerre,191240,Marvin Senaya,M,90,6.5,,0.0,1.0,,39,32.0,82.1,4.0,1.0,1.0,1.0,0,0,6.0,11.0
Strasbourg vs Auxerre,Auxerre,21010,Elisha Owusu,M,69,6.5,,0.0,,,20,15.0,75.0,3.0,,2.0,,0,0,3.0,8.0
Strasbourg vs Auxerre,Auxerre,30748,Assane Dioussé,M,69,6.6,,0.0,,,33,32.0,97.0,1.0,1.0,1.0,2.0,0,0,3.0,6.0
Strasbourg vs Auxerre,Auxerre,215827,Fredrik Oppegård,M,90,6.9,,0.0,1.0,,29,27.0,93.1,2.0,4.0,1.0,,0,0,2.0,4.0
Strasbourg vs Auxerre,Auxerre,174915,Josué Casimir,F,90,6.2,,0.0,1.0,,36,32.0,88.9,1.0,2.0,2.0,2.0,0,0,5.0,12.0
Strasbourg vs Auxerre,Auxerre,293643,Ibrahim Osman,F,90,6.5,,0.0,1.0,1.0,19,15.0,78.9,3.0,1.0,2.0,3.0,0,0,7.0,19.0
Strasbourg vs Auxerre,Auxerre,90617,Lassine Sinayoko,F,83,6,,0.0,,,21,18.0,85.7,,2.0,2.0,,0,0,,9.0
Strasbourg vs Auxerre,Auxerre,31016,Francisco Sierralta,D,76,6.2,,0.0,,,24,23.0,95.8,,,1.0,,0,0,2.0,3.0
Strasbourg vs Auxerre,Auxerre,323625,Kévin Danois,M,21,6.3,,0.0,,,16,14.0,87.5,,,,,0,0,,
Strasbourg vs Auxerre,Auxerre,496896,Rudy Matondo,M,21,6.3,,0.0,,,14,14.0,100.0,,1.0,2.0,,1,0,,3.0
Strasbourg vs Auxerre,Auxerre,322595,Lasso Coulibaly,M,21,6.7,,0.0,,,8,5.0,62.5,,,1.0,1.0,0,0,2.0,4.0
Strasbourg vs Auxerre,Auxerre,381123,Ryan Rodin,F,12,6.3,,0.0,,,3,3.0,100.0,,,,,0,0,,
Toulouse vs Rennes,Toulouse,325346,Guillaume Restes,G,90,5.9,,0.0,,,26,20.0,76.9,,,,1.0,0,0,1.0,1.0
Toulouse vs Rennes,Toulouse,50735,Mark McKenzie,D,90,6.6,,0.0,1.0,,52,41.0,78.8,2.0,1.0,1.0,,0,0,4.0,9.0
Toulouse vs Rennes,Toulouse,278392,Charlie Cresswell,D,90,8.5,1.0,0.0,2.0,2.0,74,67.0,90.5,4.0,,1.0,1.0,0,0,10.0,15.0
Toulouse vs Rennes,Toulouse,15793,Rasmus Nicolaisen,D,90,5.9,,0.0,,,61,56.0,91.8,,1.0,2.0,1.0,1,0,2.0,6.0
Toulouse vs Rennes,Toulouse,102,Djibril Sidibé,M,61,6.5,,0.0,,,21,15.0,71.4,1.0,1.0,2.0,,0,0,2.0,6.0
Toulouse vs Rennes,Toulouse,50956,Cristian Cásseres Jr.,M,80,6.2,,0.0,1.0,,36,30.0,83.3,1.0,1.0,,2.0,0,0,3.0,7.0
Toulouse vs Rennes,Toulouse,118345,Abu Francis,M,61,6,,0.0,1.0,,26,22.0,84.6,1.0,1.0,,,0,0,3.0,5.0
Toulouse vs Rennes,Toulouse,452697,Dayann Methalie,M,90,6.9,,0.0,1.0,,25,19.0,76.0,3.0,1.0,,,0,0,6.0,9.0
Toulouse vs Rennes,Toulouse,39115,Aron Dønnum,F,90,8.7,1.0,0.0,2.0,1.0,39,27.0,69.2,2.0,3.0,1.0,3.0,1,0,5.0,8.0
Toulouse vs Rennes,Toulouse,84128,Yann Gboho,F,90,7.3,,1.0,1.0,,29,24.0,82.8,,1.0,1.0,2.0,0,0,5.0,12.0
Toulouse vs Rennes,Toulouse,174724,Frank Magri,F,80,6.2,,0.0,,,13,12.0,92.3,,,1.0,1.0,0,0,2.0,7.0
Toulouse vs Rennes,Toulouse,304140,Mario Sauer,M,29,6.2,,0.0,1.0,,15,10.0,66.7,,1.0,,,0,0,,2.0
Toulouse vs Rennes,Toulouse,321648,Emersonn,F,29,6.5,,0.0,,,3,3.0,100.0,,,,,0,0,1.0,3.0
Toulouse vs Rennes,Toulouse,514464,Alexis Vossah,M,10,6.3,,0.0,,,9,6.0,66.7,,,,,0,0,,
Toulouse vs Rennes,Toulouse,430816,Noah Edjouma,F,10,6.7,,0.0,1.0,1.0,2,2.0,100.0,,,,,0,0,,
Toulouse vs Rennes,Rennes,21628,Brice Samba,G,90,6.2,,0.0,,,41,29.0,70.7,,,,,1,0,1.0,1.0
Toulouse vs Rennes,Rennes,417830,Abdelhamid Ait Boudlal,D,90,6.6,,0.0,,,36,31.0,86.1,2.0,,2.0,,1,0,5.0,9.0
Toulouse vs Rennes,Rennes,367636,Jérémy Jacquet,D,90,6.9,,0.0,,,50,43.0,86.0,,3.0,,1.0,0,0,3.0,3.0
Toulouse vs Rennes,Rennes,126757,Lilian Brassier,D,90,6,,0.0,1.0,,44,30.0,68.2,,1.0,1.0,,0,0,2.0,7.0
Toulouse vs Rennes,Rennes,3007,Przemysław Frankowski,M,79,6.9,,0.0,,,22,17.0,77.3,3.0,,1.0,,0,0,4.0,8.0
Toulouse vs Rennes,Rennes,24147,Mahdi Camara,M,90,7.2,,0.0,1.0,1.0,30,24.0,80.0,3.0,1.0,1.0,,0,0,6.0,8.0
Toulouse vs Rennes,Rennes,21102,Valentin Rongier,M,90,7,,0.0,1.0,,51,43.0,84.3,2.0,1.0,1.0,1.0,0,0,5.0,8.0
Toulouse vs Rennes,Rennes,343792,Djaoui Cissé,M,71,7.3,,0.0,,,35,24.0,68.6,3.0,,1.0,2.0,0,0,5.0,10.0
Toulouse vs Rennes,Rennes,15286,Mousa Tamari,M,90,7.2,1.0,0.0,2.0,2.0,14,11.0,78.6,,1.0,1.0,1.0,1,0,2.0,10.0
Toulouse vs Rennes,Rennes,163004,Esteban Lepaul,F,80,7.9,1.0,1.0,3.0,2.0,10,7.0,70.0,,,,,0,0,,1.0
Toulouse vs Rennes,Rennes,449662,Mohamed Kader Meite,F,69,7,,0.0,1.0,,4,2.0,50.0,,,1.0,1.0,0,0,7.0,11.0
Toulouse vs Rennes,Rennes,421,Breel Embolo,F,21,6.3,,0.0,,,2,1.0,50.0,,,2.0,2.0,0,0,2.0,5.0
Toulouse vs Rennes,Rennes,1754,Glen Kamara,M,19,6.3,,0.0,,,8,6.0,75.0,,,,,0,0,1.0,1.0
Toulouse vs Rennes,Rennes,196187,Alidu Seidu,D,11,6.2,,0.0,,,6,6.0,100.0,1.0,1.0,,1.0,0,0,2.0,5.0
Toulouse vs Rennes,Rennes,438281,Mahamadou Nagida,D,10,5.6,,0.0,,,3,3.0,100.0,1.0,,1.0,,0,0,1.0,3.0
Paris FC vs Lyon,Paris FC,194981,Obed Nkambadio,G,90,5.9,,0.0,,,32,23.0,71.9,,,,,0,0,,
Paris FC vs Lyon,Paris FC,20869,Samir Sophian Chergui,D,90,5.9,,0.0,,,33,29.0,87.9,2.0,,4.0,1.0,1,0,6.0,11.0
Paris FC vs Lyon,Paris FC,174881,Moustapha Mbow,D,90,6.7,,0.0,,,48,45.0,93.8,4.0,1.0,1.0,,1,0,10.0,14.0
Paris FC vs Lyon,Paris FC,266013,Otávio,D,90,6.2,,0.0,1.0,,69,59.0,85.5,,,1.0,2.0,0,0,6.0,11.0
Paris FC vs Lyon,Paris FC,8474,Thibault De Smet,D,67,6,,1.0,,,33,25.0,75.8,4.0,,3.0,3.0,2,1,7.0,11.0
Paris FC vs Lyon,Paris FC,1910,Maxime López,M,90,6.2,,0.0,,,64,58.0,90.6,,1.0,,,0,0,,2.0
Paris FC vs Lyon,Paris FC,22170,Pierre Lees Melou,M,82,7.2,,0.0,,,47,42.0,89.4,3.0,1.0,2.0,1.0,1,0,4.0,7.0
Paris FC vs Lyon,Paris FC,84218,Adama Camara,M,71,7.2,1.0,0.0,1.0,1.0,29,24.0,82.8,,1.0,1.0,2.0,1,0,5.0,10.0
Paris FC vs Lyon,Paris FC,22229,Jonathan Ikoné,F,23,6.2,,0.0,,,6,4.0,66.7,,,,,0,0,,3.0
Paris FC vs Lyon,Paris FC,120,Willem Geubbels,F,71,6.3,,0.0,1.0,,15,8.0,53.3,1.0,1.0,1.0,,0,0,6.0,11.0
Paris FC vs Lyon,Paris FC,83831,Ilan Kebbal,F,90,9.5,1.0,1.0,1.0,1.0,51,48.0,94.1,2.0,,,6.0,0,0,8.0,14.0
Paris FC vs Lyon,Paris FC,2781,Moses Simon,F,67,6.2,,0.0,,,12,11.0,91.7,1.0,,,,0,0,1.0,6.0
Paris FC vs Lyon,Paris FC,55819,Tuomas Ollila,D,19,6.5,,0.0,,,8,8.0,100.0,,,1.0,,0,0,,3.0
Paris FC vs Lyon,Paris FC,22842,Jean-Philippe Krasso,F,19,6.2,,0.0,1.0,,6,3.0,50.0,,1.0,2.0,,0,0,1.0,5.0
Paris FC vs Lyon,Paris FC,20925,Vincent Marchetti,M,8,7.7,1.0,0.0,1.0,1.0,4,2.0,50.0,1.0,,2.0,,0,0,1.0,3.0
Paris FC vs Lyon,Lyon,61142,Dominik Greif,G,90,6.5,,1.0,,,34,28.0,82.4,,,,,0,0,,
Paris FC vs Lyon,Lyon,1456,Ainsley Maitland-Niles,D,90,6.3,,0.0,,,34,31.0,91.2,5.0,,3.0,1.0,0,0,6.0,11.0
Paris FC vs Lyon,Lyon,68,Clinton Mata,D,90,7,,0.0,,,66,55.0,83.3,1.0,1.0,1.0,1.0,0,0,4.0,7.0
Paris FC vs Lyon,Lyon,25916,Moussa Niakhaté,D,90,6.5,,0.0,,,65,58.0,89.2,2.0,,,2.0,0,0,7.0,12.0
Paris FC vs Lyon,Lyon,9700,Abner Vinícius,D,61,6,,0.0,,,16,12.0,75.0,2.0,1.0,2.0,,0,1,2.0,6.0
Paris FC vs Lyon,Lyon,162590,Tyler Morton,M,90,6.3,,0.0,,,42,33.0,78.6,2.0,1.0,,1.0,0,0,4.0,7.0
Paris FC vs Lyon,Lyon,438692,Mathys de Carvalho,M,90,7.3,,0.0,1.0,,57,54.0,94.7,2.0,1.0,,4.0,1,0,8.0,10.0
Paris FC vs Lyon,Lyon,199871,Adam Karabec,M,68,6.6,,0.0,,,15,12.0,80.0,2.0,,3.0,3.0,1,0,6.0,13.0
Paris FC vs Lyon,Lyon,519,Corentin Tolisso,M,68,8.3,1.0,0.0,1.0,1.0,39,32.0,82.1,1.0,,,1.0,0,0,4.0,5.0
Paris FC vs Lyon,Lyon,345388,Afonso Moreira,M,74,7.3,,2.0,,,11,10.0,90.9,1.0,,1.0,1.0,0,0,4.0,12.0
Paris FC vs Lyon,Lyon,66387,Pavel Šulc,F,85,8.3,2.0,0.0,2.0,2.0,18,15.0,83.3,1.0,1.0,3.0,2.0,0,0,4.0,14.0
Paris FC vs Lyon,Lyon,529,Nicolás Tagliafico,D,22,5.9,,0.0,1.0,1.0,10,7.0,70.0,,,3.0,,0,0,2.0,5.0
Paris FC vs Lyon,Lyon,80752,Tanner Tessmann,M,22,6.2,,0.0,,,9,8.0,88.9,,,,,0,0,,1.0
Paris FC vs Lyon,Lyon,30423,Hans Hateboer,D,16,6.2,,0.0,,,14,12.0,85.7,1.0,,,,0,0,3.0,3.0
Paris FC vs Lyon,Lyon,195512,Martín Satriano,F,14,6.5,,0.0,,,1,1.0,100.0,,,,2.0,0,0,2.0,5.0
Paris Saint Germain vs Nice,Paris Saint Germain,162453,Lucas Chevalier,G,90,7.3,,0.0,,,17,16.0,94.1,,,,,0,0,,
Paris Saint Germain vs Nice,Paris Saint Germain,9,Achraf Hakimi,D,90,7.2,,0.0,,,87,84.0,96.6,1.0,,,1.0,0,0,2.0,7.0
Paris Saint Germain vs Nice,Paris Saint Germain,161671,Ilya Zabarnyi,D,90,6.9,,0.0,,,92,90.0,97.8,,,1.0,1.0,1,0,1.0,6.0
Paris Saint Germain vs Nice,Paris Saint Germain,16367,Willian Pacho,D,90,7.5,,0.0,,,81,77.0,95.1,1.0,2.0,1.0,,0,0,3.0,5.0
Paris Saint Germain vs Nice,Paris Saint Germain,263482,Nuno Mendes,D,90,6.9,,0.0,,,79,70.0,88.6,2.0,,2.0,1.0,0,0,3.0,11.0
Paris Saint Germain vs Nice,Paris Saint Germain,335051,João Neves,M,65,6.9,,0.0,1.0,,64,62.0,96.9,1.0,,2.0,,0,0,1.0,4.0
Paris Saint Germain vs Nice,Paris Saint Germain,128384,Vitinha,M,90,8.3,,0.0,2.0,1.0,140,132.0,94.3,1.0,,,,0,0,2.0,5.0
Paris Saint Germain vs Nice,Paris Saint Germain,336657,Warren Zaïre-Emery,M,72,6.6,,0.0,1.0,1.0,64,62.0,96.9,1.0,,2.0,,0,0,1.0,9.0
Paris Saint Germain vs Nice,Paris Saint Germain,483,Khvicha Kvaratskhelia,F,90,9.2,,1.0,1.0,,78,71.0,91.0,5.0,,2.0,1.0,1,0,11.0,17.0
Paris Saint Germain vs Nice,Paris Saint Germain,409216,Senny Mayulu,F,72,6.3,,0.0,2.0,,19,18.0,94.7,1.0,1.0,1.0,,0,0,3.0,8.0
Paris Saint Germain vs Nice,Paris Saint Germain,161904,Bradley Barcola,F,66,7.3,,0.0,3.0,2.0,24,23.0,95.8,,,1.0,1.0,0,0,5.0,9.0
Paris Saint Germain vs Nice,Paris Saint Germain,328,Fabián Ruiz,M,25,7.2,,0.0,1.0,,25,23.0,92.0,,,,,0,0,,1.0
Paris Saint Germain vs Nice,Paris Saint Germain,927,Kang-in Lee,M,24,7.2,,0.0,,,21,20.0,95.2,,,,,1,0,1.0,4.0
Paris Saint Germain vs Nice,Paris Saint Germain,41585,Gonçalo Ramos,F,18,6.9,1.0,0.0,4.0,3.0,0,,,,1.0,,,0,0,,1.0
Paris Saint Germain vs Nice,Paris Saint Germain,153,Ousmane Dembélé,F,18,6.9,,0.0,2.0,1.0,14,12.0,85.7,,,,,0,0,,
Paris Saint Germain vs Nice,Nice,20566,Yehvann Diouf,G,90,7.9,,0.0,,,35,25.0,71.4,,,,,0,0,,
Paris Saint Germain vs Nice,Nice,313937,Antoine Mendy,D,90,7.3,,0.0,1.0,1.0,19,14.0,73.7,4.0,1.0,1.0,2.0,0,0,9.0,14.0
Paris Saint Germain vs Nice,Nice,449509,Abdulay Juma Bah,D,90,6.9,,0.0,,,25,23.0,92.0,1.0,,1.0,,1,0,4.0,5.0
Paris Saint Germain vs Nice,Nice,404172,Kojo Peprah Oppong,D,90,7.2,,0.0,,,27,24.0,88.9,4.0,1.0,,,0,0,6.0,10.0
Paris Saint Germain vs Nice,Nice,162465,Melvin Bard,D,90,6.2,,0.0,,,14,5.0,35.7,1.0,,1.0,1.0,0,0,3.0,6.0
Paris Saint Germain vs Nice,Nice,49583,Ali Abdi,D,90,6.7,,0.0,,,20,12.0,60.0,3.0,1.0,2.0,1.0,0,0,8.0,15.0
Paris Saint Germain vs Nice,Nice,158065,Tiago Gouveia,M,90,6.6,,0.0,,,28,20.0,71.4,2.0,2.0,,3.0,0,0,6.0,10.0
Paris Saint Germain vs Nice,Nice,193617,Tom Louchet,M,84,6.9,,0.0,,,25,15.0,60.0,3.0,1.0,,,0,0,5.0,7.0
Paris Saint Germain vs Nice,Nice,4399,Hicham Boudaoui,M,90,7,,0.0,,,16,14.0,87.5,2.0,2.0,,,0,0,5.0,8.0
Paris Saint Germain vs Nice,Nice,1914,Morgan Sanson,M,71,6.7,,0.0,,,4,4.0,100.0,,,,1.0,0,0,3.0,5.0
Paris Saint Germain vs Nice,Nice,105154,Isak Jansson,F,45,6.3,,0.0,,,5,3.0,60.0,,,,,0,0,,1.0
Paris Saint Germain vs Nice,Nice,107,Sofiane Diop,M,27,6.9,,0.0,,,8,6.0,75.0,,,,2.0,0,0,2.0,3.0
Paris Saint Germain vs Nice,Nice,8680,Charles Vanhoutte,M,19,6.6,,0.0,,,9,6.0,66.7,,,,,0,0,1.0,1.0
Paris Saint Germain vs Nice,Nice,30531,Jérémie Boga,F,18,6.9,,0.0,1.0,1.0,9,8.0,88.9,,,,1.0,0,0,2.0,2.0
Paris Saint Germain vs Nice,Nice,128987,Salis Abdul Samed,M,12,6.5,,0.0,,,3,3.0,100.0,,,,,0,0,,
Monaco vs Paris FC,Monaco,7313,Philipp Köhn,G,90,6.5,,0.0,,,21,18.0,85.7,,,,,0,0,,
Monaco vs Paris FC,Monaco,261,Thilo Kehrer,D,90,7,,0.0,,,82,68.0,82.9,1.0,2.0,,3.0,0,0,6.0,9.0
Monaco vs Paris FC,Monaco,47480,Mohammed Salisu,D,90,7.2,,0.0,,,80,72.0,90.0,1.0,4.0,1.0,,0,0,6.0,9.0
Monaco vs Paris FC,Monaco,10316,Caio Henrique,D,90,7,,0.0,,,73,60.0,82.2,1.0,1.0,,2.0,0,0,4.0,4.0
Monaco vs Paris FC,Monaco,81,Krépin Diatta,M,90,7.2,,0.0,1.0,,41,29.0,70.7,5.0,3.0,2.0,1.0,0,0,11.0,14.0
Monaco vs Paris FC,Monaco,231,Jordan Teze,M,90,7.2,,0.0,,,67,57.0,85.1,2.0,2.0,,3.0,0,0,6.0,9.0
Monaco vs Paris FC,Monaco,419035,Mamadou Coulibaly,M,82,6.7,,0.0,,,41,30.0,73.2,1.0,,2.0,,1,0,5.0,9.0
Monaco vs Paris FC,Monaco,333137,Kassoum Ouattara,M,45,6.3,,0.0,,,15,11.0,73.3,1.0,,,1.0,0,0,2.0,3.0
Monaco vs Paris FC,Monaco,274300,Maghnes Akliouche,F,61,6.9,,0.0,1.0,1.0,30,28.0,93.3,1.0,1.0,,,0,0,1.0,4.0
Monaco vs Paris FC,Monaco,109,Aleksandr Golovin,F,61,6.2,,0.0,2.0,,26,22.0,84.6,1.0,2.0,1.0,1.0,0,0,2.0,4.0
Monaco vs Paris FC,Monaco,283026,Mika Biereth,F,45,6.2,,0.0,,,8,4.0,50.0,,,1.0,,0,0,1.0,4.0
Monaco vs Paris FC,Monaco,340152,Stanis Idumbo Muzambo,M,45,6.2,,0.0,,,5,4.0,80.0,,,,,0,0,,1.0
Monaco vs Paris FC,Monaco,138835,Folarin Balogun,F,45,6.9,,0.0,1.0,,6,5.0,83.3,,1.0,,,0,0,,1.0
Monaco vs Paris FC,Monaco,1101,Takumi Minamino,M,29,6.5,,0.0,1.0,,12,8.0,66.7,,,1.0,,1,0,1.0,2.0
Monaco vs Paris FC,Monaco,135775,Ansu Fati,F,29,6.2,,0.0,,,10,6.0,60.0,,,2.0,,1,0,1.0,5.0
Monaco vs Paris FC,Monaco,395040,George Ilenikhena,F,8,6.3,,0.0,,,0,,,1.0,,,,0,0,1.0,2.0
Monaco vs Paris FC,Paris FC,1800,Kevin Trapp,G,90,7.2,,0.0,,,49,32.0,65.3,,,,,0,0,,
Monaco vs Paris FC,Paris FC,20869,Samir Sophian Chergui,D,90,6.9,,0.0,,,40,32.0,80.0,,,1.0,,0,0,2.0,3.0
Monaco vs Paris FC,Paris FC,174881,Moustapha Mbow,D,90,7.3,,0.0,1.0,,40,35.0,87.5,1.0,2.0,,2.0,0,0,5.0,6.0
Monaco vs Paris FC,Paris FC,266013,Otávio,D,90,6.9,,0.0,,,34,27.0,79.4,1.0,3.0,2.0,,1,0,1.0,4.0
Monaco vs Paris FC,Paris FC,55819,Tuomas Ollila,D,89,6.6,,0.0,,,26,20.0,76.9,,1.0,,3.0,0,0,3.0,7.0
Monaco vs Paris FC,Paris FC,1910,Maxime López,M,90,7.2,,1.0,,,73,57.0,78.1,1.0,2.0,,1.0,0,0,3.0,6.0
Monaco vs Paris FC,Paris FC,84218,Adama Camara,M,89,7.2,,0.0,,,33,29.0,87.9,2.0,4.0,,,1,0,3.0,5.0
Monaco vs Paris FC,Paris FC,22170,Pierre Lees Melou,M,90,6.9,,0.0,1.0,,39,30.0,76.9,2.0,3.0,2.0,1.0,0,0,6.0,9.0
Monaco vs Paris FC,Paris FC,83831,Ilan Kebbal,F,90,6.7,,0.0,1.0,,47,42.0,89.4,1.0,,1.0,1.0,0,0,2.0,6.0
Monaco vs Paris FC,Paris FC,22842,Jean-Philippe Krasso,F,75,6.3,,0.0,1.0,,19,14.0,73.7,,,2.0,2.0,0,0,5.0,17.0
Monaco vs Paris FC,Paris FC,2781,Moses Simon,F,89,7.7,1.0,0.0,1.0,1.0,10,7.0,70.0,1.0,1.0,2.0,,0,0,3.0,10.0
Monaco vs Paris FC,Paris FC,120,Willem Geubbels,F,15,6.2,,0.0,,,4,3.0,75.0,,,2.0,,0,0,,6.0
Monaco vs Paris FC,Paris FC,22086,Timothée Kolodziejczak,D,8,6.6,,0.0,,,3,2.0,66.7,,,,,0,0,,
Monaco vs Paris FC,Paris FC,19430,Nouha Dicko,F,9,6.3,,0.0,,,2,2.0,100.0,,,,,0,0,,
Auxerre vs Marseille,Auxerre,20542,Donovan Léon,G,90,6.3,,0.0,,,17,14.0,82.4,,,,,0,0,,
Auxerre vs Marseille,Auxerre,174915,Josué Casimir,D,69,6.7,,0.0,,,21,16.0,76.2,1.0,,1.0,2.0,0,0,4.0,5.0
Auxerre vs Marseille,Auxerre,191240,Marvin Senaya,D,83,6.7,,0.0,,,40,34.0,85.0,1.0,1.0,2.0,,0,0,3.0,6.0
Auxerre vs Marseille,Auxerre,162466,Sinaly Diomandé,D,90,6.5,,0.0,,,60,58.0,96.7,,2.0,3.0,,2,1,1.0,6.0
Auxerre vs Marseille,Auxerre,191189,Clement Akpa,D,90,6.9,,0.0,,,67,57.0,85.1,1.0,1.0,,3.0,0,0,9.0,12.0
Auxerre vs Marseille,Auxerre,7578,Gideon Mensah,D,69,6.3,,0.0,,,27,27.0,100.0,1.0,,1.0,,0,0,2.0,7.0
Auxerre vs Marseille,Auxerre,322595,Lasso Coulibaly,M,43,6.7,,0.0,1.0,1.0,11,8.0,72.7,,,1.0,2.0,0,0,3.0,6.0
Auxerre vs Marseille,Auxerre,21010,Elisha Owusu,M,84,6.9,,0.0,,,41,34.0,82.9,,1.0,,1.0,0,0,2.0,2.0
Auxerre vs Marseille,Auxerre,323625,Kévin Danois,M,90,7.7,,0.0,,,61,54.0,88.5,3.0,1.0,,,0,0,7.0,8.0
Auxerre vs Marseille,Auxerre,19625,Danny Namaso,M,90,6.2,,0.0,2.0,1.0,23,20.0,87.0,,1.0,1.0,1.0,1,0,2.0,11.0
Auxerre vs Marseille,Auxerre,90617,Lassine Sinayoko,F,90,6.9,,0.0,1.0,,29,19.0,65.5,1.0,,1.0,2.0,0,0,6.0,9.0
Auxerre vs Marseille,Auxerre,293643,Ibrahim Osman,F,47,7.2,,0.0,2.0,1.0,19,16.0,84.2,,,1.0,1.0,0,0,3.0,4.0
Auxerre vs Marseille,Auxerre,215827,Fredrik Oppegård,D,21,6.9,,0.0,1.0,1.0,14,13.0,92.9,1.0,,,1.0,0,0,2.0,2.0
Auxerre vs Marseille,Auxerre,190686,Sékou Mara,F,21,6.5,,0.0,,,6,4.0,66.7,,,1.0,1.0,0,0,1.0,3.0
Auxerre vs Marseille,Auxerre,193953,Lamine Sy,D,12,6.9,,0.0,,,8,6.0,75.0,,,,,0,0,1.0,1.0
Auxerre vs Marseille,Auxerre,496896,Rudy Matondo,M,12,6.6,,0.0,,,6,6.0,100.0,1.0,,,,0,0,1.0,2.0
Auxerre vs Marseille,Marseille,47296,Gerónimo Rulli,G,90,9.2,,0.0,,,31,23.0,74.2,,,,2.0,0,0,3.0,3.0
Auxerre vs Marseille,Marseille,2725,Benjamin Pavard,D,90,7.3,,0.0,1.0,,60,56.0,93.3,2.0,,1.0,,0,0,5.0,8.0
Auxerre vs Marseille,Marseille,181827,Conrad Jaden Egan-Riley,D,90,7.2,,0.0,,,87,82.0,94.3,,1.0,,1.0,0,0,1.0,3.0
Auxerre vs Marseille,Marseille,2284,Emerson Palmieri,D,90,7.2,,0.0,,,48,43.0,89.6,2.0,2.0,1.0,1.0,1,0,3.0,5.0
Auxerre vs Marseille,Marseille,2973,Amir Murillo,M,90,6.9,,0.0,1.0,,32,26.0,81.2,4.0,1.0,3.0,2.0,0,0,9.0,15.0
Auxerre vs Marseille,Marseille,19030,Matt O'Riley,M,90,6.3,,0.0,,,40,31.0,77.5,2.0,,1.0,,1,0,3.0,6.0
Auxerre vs Marseille,Marseille,2735,Pierre-Emile Højbjerg,M,90,6.9,,0.0,,,64,62.0,96.9,,,1.0,,0,0,,2.0
Auxerre vs Marseille,Marseille,896,Angel Gomes,M,63,7.2,1.0,0.0,1.0,1.0,41,39.0,95.1,1.0,1.0,1.0,,1,0,1.0,4.0
Auxerre vs Marseille,Marseille,943,Ulisses Garcia,M,65,5.9,,0.0,1.0,1.0,23,22.0,95.7,,,2.0,1.0,0,1,1.0,7.0
Auxerre vs Marseille,Marseille,435482,Robinio Vaz,F,63,6.3,,0.0,,,10,7.0,70.0,1.0,1.0,2.0,3.0,1,0,6.0,14.0
Auxerre vs Marseille,Marseille,1465,Pierre-Emerick Aubameyang,F,78,6.2,,0.0,1.0,,17,14.0,82.4,,,1.0,,0,0,,2.0
Auxerre vs Marseille,Marseille,340154,Arthur Vermeeren,M,27,6.5,,0.0,,,12,5.0,41.7,2.0,1.0,1.0,,0,0,2.0,5.0
Auxerre vs Marseille,Marseille,9363,Igor Paixão,F,27,6.7,,0.0,1.0,,7,5.0,71.4,,,,1.0,0,0,2.0,6.0
Auxerre vs Marseille,Marseille,30525,Pol Lirola,D,12,6.7,,0.0,,,5,5.0,100.0,,1.0,,1.0,0,0,1.0,4.0
Rennes vs Strasbourg,Rennes,21628,Brice Samba,G,90,6.9,,0.0,,,28,24.0,85.7,,,,,0,0,,
Rennes vs Strasbourg,Rennes,417830,Abdelhamid Ait Boudlal,D,90,7.7,,1.0,,,35,30.0,85.7,3.0,,1.0,,0,0,4.0,9.0
Rennes vs Strasbourg,Rennes,367636,Jérémy Jacquet,D,90,7.2,,0.0,1.0,,46,37.0,80.4,1.0,2.0,,1.0,0,0,3.0,4.0
Rennes vs Strasbourg,Rennes,126757,Lilian Brassier,D,90,6.9,,0.0,,,46,40.0,87.0,1.0,,,1.0,0,0,2.0,3.0
Rennes vs Strasbourg,Rennes,3007,Przemysław Frankowski,M,90,7.6,,0.0,,,48,41.0,85.4,5.0,,1.0,,1,0,6.0,10.0
Rennes vs Strasbourg,Rennes,24147,Mahdi Camara,M,90,6.9,,0.0,,,33,28.0,84.8,2.0,3.0,3.0,1.0,0,0,5.0,9.0
Rennes vs Strasbourg,Rennes,21102,Valentin Rongier,M,90,8.2,,1.0,1.0,1.0,58,53.0,91.4,6.0,,4.0,2.0,0,0,8.0,16.0
Rennes vs Strasbourg,Rennes,343792,Djaoui Cissé,M,68,6.5,,0.0,,,21,13.0,61.9,1.0,,1.0,,0,0,4.0,12.0
Rennes vs Strasbourg,Rennes,15286,Mousa Tamari,M,59,7.3,,1.0,,,15,13.0,86.7,,1.0,,1.0,0,0,3.0,7.0
Rennes vs Strasbourg,Rennes,163004,Esteban Lepaul,F,89,9.9,3.0,0.0,5.0,4.0,22,14.0,63.6,,,1.0,,0,0,4.0,10.0
Rennes vs Strasbourg,Rennes,449662,Mohamed Kader Meite,F,68,8.2,1.0,1.0,1.0,1.0,8,7.0,87.5,1.0,,3.0,,0,0,1.0,5.0
Rennes vs Strasbourg,Rennes,272460,Quentin Merlin,D,31,6.6,,0.0,,,18,15.0,83.3,1.0,,,1.0,0,0,2.0,5.0
Rennes vs Strasbourg,Rennes,21497,Ludovic Blas,M,22,6.5,,0.0,1.0,,16,14.0,87.5,,,,1.0,0,0,2.0,3.0
Rennes vs Strasbourg,Rennes,421,Breel Embolo,F,22,6.7,,0.0,,,6,6.0,100.0,1.0,,1.0,1.0,0,0,3.0,6.0
Rennes vs Strasbourg,Strasbourg,340151,Mike Penders,G,90,6.5,,0.0,,,44,41.0,93.2,,,,,0,0,,
Rennes vs Strasbourg,Strasbourg,161747,Guéla Doué,D,90,6.2,,0.0,1.0,,75,66.0,88.0,2.0,,,1.0,0,0,6.0,8.0
Rennes vs Strasbourg,Strasbourg,396193,Lucas Høgsberg,D,90,6.2,,0.0,1.0,,79,77.0,97.5,2.0,,,1.0,0,0,4.0,6.0
Rennes vs Strasbourg,Strasbourg,2933,Ben Chilwell,D,90,5.6,,0.0,,,69,64.0,92.8,2.0,2.0,1.0,2.0,1,0,5.0,9.0
Rennes vs Strasbourg,Strasbourg,358166,Abdoul Ouattara,M,61,5.9,,0.0,4.0,,31,28.0,90.3,,,,,0,0,,1.0
Rennes vs Strasbourg,Strasbourg,415431,Samir El Mourabet,M,52,6.2,,0.0,,,30,26.0,86.7,5.0,,,1.0,0,0,7.0,10.0
Rennes vs Strasbourg,Strasbourg,319572,Valentín Barco,M,90,7.2,,1.0,3.0,1.0,61,51.0,83.6,3.0,,2.0,4.0,0,0,9.0,17.0
Rennes vs Strasbourg,Strasbourg,335056,Diego Moreira,M,83,6.7,,0.0,,,54,48.0,88.9,1.0,2.0,,1.0,0,0,2.0,6.0
Rennes vs Strasbourg,Strasbourg,334035,Samuel Amo-Ameyaw,F,52,7.3,,0.0,1.0,,21,19.0,90.5,3.0,,1.0,2.0,0,0,6.0,8.0
Rennes vs Strasbourg,Strasbourg,70747,Julio Enciso,F,83,6.3,,0.0,,,42,36.0,85.7,1.0,,,,0,0,5.0,14.0
Rennes vs Strasbourg,Strasbourg,390742,Joaquin Panichelli,F,90,6.3,,0.0,1.0,,9,5.0,55.6,,,2.0,2.0,0,0,4.0,8.0
Rennes vs Strasbourg,Strasbourg,395762,Mathis Amougou,M,38,6.6,,0.0,,,37,35.0,94.6,1.0,,,,0,0,2.0,4.0
Rennes vs Strasbourg,Strasbourg,226803,Sebastian Nanasi,M,38,7.3,1.0,0.0,1.0,1.0,14,13.0,92.9,,,,,0,0,,1.0
Rennes vs Strasbourg,Strasbourg,387120,Rabby Nzingoula,M,29,6.3,,0.0,,,15,12.0,80.0,1.0,1.0,2.0,1.0,0,0,2.0,4.0
Rennes vs Strasbourg,Strasbourg,406303,Kendry Páez,M,13,6.5,,0.0,,,4,3.0,75.0,,,1.0,,0,0,,2.0
Rennes vs Strasbourg,Strasbourg,359386,Martial Godo,F,13,6.5,,0.0,,,1,,,,,,,0,0,,1.0
Lille vs Angers,Lille,1337,Berke Özer,G,90,7,,0.0,,,39,35.0,89.7,,,,,0,0,,
Lille vs Angers,Lille,264,Thomas Meunier,D,90,8.7,,0.0,,,59,53.0,89.8,3.0,2.0,1.0,,0,0,3.0,4.0
Lille vs Angers,Lille,375,Chancel Mbemba,D,90,7.3,,0.0,,,51,44.0,86.3,2.0,3.0,,1.0,0,0,4.0,7.0
Lille vs Angers,Lille,1567,Aïssa Mandi,D,90,8.5,,0.0,,,75,69.0,92.0,2.0,,,1.0,0,0,7.0,8.0
Lille vs Angers,Lille,37151,Calvin Verdonk,D,90,7.2,,0.0,,,52,46.0,88.5,1.0,3.0,3.0,,1,0,3.0,8.0
Lille vs Angers,Lille,438688,Ayyoub Bouaddi,M,90,7.5,,1.0,1.0,1.0,48,44.0,91.7,4.0,,1.0,1.0,0,0,8.0,12.0
Lille vs Angers,Lille,2204,Benjamin André,M,90,7,,0.0,2.0,,59,46.0,78.0,2.0,1.0,2.0,1.0,0,0,7.0,12.0
Lille vs Angers,Lille,340077,Matías Fernández,M,78,6.9,,0.0,,,17,15.0,88.2,1.0,,,2.0,0,0,5.0,8.0
Lille vs Angers,Lille,67889,Hakon Arnar Haraldsson,M,79,7.2,,0.0,,,33,25.0,75.8,,,,1.0,0,0,4.0,8.0
Lille vs Angers,Lille,135749,Félix Correia,M,85,7.9,1.0,0.0,5.0,1.0,44,33.0,75.0,1.0,,1.0,,0,0,3.0,8.0
Lille vs Angers,Lille,2295,Olivier Giroud,F,71,5.9,,0.0,2.0,1.0,19,16.0,84.2,,,2.0,,0,0,,5.0
Lille vs Angers,Lille,306979,Hamza Igamane,F,19,7,,0.0,1.0,1.0,12,10.0,83.3,,,,,0,0,2.0,4.0
Lille vs Angers,Lille,99576,Osame Sahraoui,F,12,6.7,,0.0,,,14,11.0,78.6,,,,1.0,0,0,3.0,3.0
Lille vs Angers,Lille,409,Nabil Bentaleb,M,11,6.7,,0.0,1.0,,17,13.0,76.5,,,,,0,0,1.0,1.0
Lille vs Angers,Lille,375598,Ngal'ayel Mukau,M,10,6.3,,0.0,,,6,6.0,100.0,,,,,0,0,,
Lille vs Angers,Angers,22220,Hervé Koffi,G,90,6.6,,0.0,,,30,20.0,66.7,,,,,0,0,1.0,1.0
Lille vs Angers,Angers,20850,Carlens Arcus,D,90,6.5,,0.0,,,42,37.0,88.1,2.0,1.0,3.0,1.0,0,0,3.0,9.0
Lille vs Angers,Angers,271540,Ousmane Camara,D,90,7.2,,0.0,,,56,52.0,92.9,2.0,1.0,,,0,0,2.0,5.0
Lille vs Angers,Angers,21381,Jordan Lefort,D,90,7,,0.0,1.0,,67,63.0,94.0,2.0,1.0,1.0,,0,0,4.0,8.0
Lille vs Angers,Angers,343609,Jacques Ekomie,D,90,6.9,,0.0,,,49,40.0,81.6,1.0,2.0,,1.0,0,0,5.0,8.0
Lille vs Angers,Angers,20554,Haris Belkebla,M,83,7.6,,0.0,,,32,27.0,84.4,3.0,1.0,,3.0,0,0,7.0,9.0
Lille vs Angers,Angers,20692,Himad Abdelli,M,90,6.9,,0.0,,,66,59.0,89.4,1.0,,2.0,1.0,0,0,5.0,8.0
Lille vs Angers,Angers,174660,Lilian Raolisoa,M,61,6.2,,0.0,1.0,1.0,19,15.0,78.9,1.0,,,1.0,0,0,3.0,8.0
Lille vs Angers,Angers,289555,Louis Mouton,M,83,6.5,,0.0,,,34,26.0,76.5,,2.0,1.0,,0,0,1.0,4.0
Lille vs Angers,Angers,191289,Amine Sbai,M,61,6.2,,0.0,,,35,24.0,68.6,1.0,,1.0,1.0,0,0,2.0,9.0
Lille vs Angers,Angers,421875,Sidiki Cherif,F,72,6.5,,0.0,,,15,13.0,86.7,,,,,0,0,2.0,7.0
Lille vs Angers,Angers,174708,Yassin Belkhdim,M,29,6.7,,0.0,,,9,6.0,66.7,,1.0,,1.0,0,0,1.0,1.0
Lille vs Angers,Angers,579375,Djibirin Harouna,F,29,6.5,,0.0,,,3,2.0,66.7,,,,1.0,0,0,1.0,6.0
Lille vs Angers,Angers,457541,Prosper Peter,F,18,6.5,,0.0,,,0,,,,,2.0,,0,0,1.0,4.0
Lille vs Angers,Angers,425207,Marius Courcoul,D,12,6.9,,0.0,,,5,5.0,100.0,,1.0,,,0,0,,
Lille vs Angers,Angers,403277,Lanroy Machine,F,12,6.5,,0.0,,,7,7.0,100.0,,,,,0,0,,1.0
Nantes vs Metz,Nantes,647,Anthony Lopes,G,89,7.3,,0.0,,,23,22.0,95.7,1.0,,,,0,0,1.0,1.0
Nantes vs Metz,Nantes,22134,Kelvin Amian,D,90,6.2,,0.0,,,32,26.0,81.2,1.0,,2.0,,0,0,1.0,3.0
Nantes vs Metz,Nantes,50026,Chidozie Awaziem,D,90,6.9,,0.0,1.0,1.0,67,58.0,86.6,,1.0,1.0,1.0,0,0,3.0,6.0
Nantes vs Metz,Nantes,522609,Tylel Tati,D,90,5.5,,0.0,,,65,60.0,92.3,,,1.0,,0,0,1.0,7.0
Nantes vs Metz,Nantes,21570,Nicolas Cozza,D,89,6.7,,0.0,1.0,,22,20.0,90.9,2.0,1.0,,,0,0,4.0,8.0
Nantes vs Metz,Nantes,282549,Junior Mwanga,M,90,6.7,,0.0,,,41,37.0,90.2,3.0,,1.0,1.0,0,0,5.0,14.0
Nantes vs Metz,Nantes,443676,Bahereba Guirassy,M,67,6.2,,0.0,,,16,11.0,68.8,1.0,,,,0,0,2.0,9.0
Nantes vs Metz,Nantes,388779,Dehmaine Tabibou,M,79,6.5,,0.0,2.0,1.0,24,17.0,70.8,,2.0,1.0,2.0,1,0,4.0,9.0
Nantes vs Metz,Nantes,443674,Louis Leroux,M,90,5.9,,0.0,,,26,20.0,76.9,,,,,0,0,,6.0
Nantes vs Metz,Nantes,161622,Matthis Abline,M,90,6.6,,0.0,4.0,2.0,14,8.0,57.1,1.0,,2.0,1.0,0,0,6.0,12.0
Nantes vs Metz,Nantes,42086,Youssef El Arabi,F,79,7.2,,0.0,1.0,,19,14.0,73.7,1.0,1.0,,2.0,0,0,8.0,13.0
Nantes vs Metz,Nantes,197771,Yassine Benhattab,M,23,6.9,,0.0,,,5,1.0,20.0,1.0,,,,0,0,4.0,6.0
Nantes vs Metz,Nantes,443755,Bahmed Deuff,M,11,6.5,,0.0,1.0,,4,4.0,100.0,,,,,0,0,,
Nantes vs Metz,Nantes,2668,Mostafa Mohamed,F,11,6.7,,0.0,,,2,2.0,100.0,,,,,0,0,,
Nantes vs Metz,Nantes,15684,Patrik Carlgren,G,8,5.9,,0.0,,,2,1.0,50.0,,,,,0,0,,
Nantes vs Metz,Nantes,66013,Uroš Radaković,D,8,6.3,,0.0,,,1,1.0,100.0,,,,,0,0,,1.0
Nantes vs Metz,Metz,158532,Jonathan Fischer,G,90,7.3,,0.0,,,36,27.0,75.0,,,,,0,0,,
Nantes vs Metz,Metz,96331,Koffi Kouao,D,90,7.3,,0.0,3.0,1.0,36,27.0,75.0,5.0,2.0,1.0,1.0,1,0,7.0,11.0
Nantes vs Metz,Metz,3240,Jean-Philippe Gbamin,D,90,7.3,,0.0,,,55,47.0,85.5,1.0,2.0,,,0,0,6.0,11.0
Nantes vs Metz,Metz,363792,Terry Yegbe,D,90,7,,0.0,1.0,,50,41.0,82.0,,1.0,1.0,,0,0,2.0,4.0
Nantes vs Metz,Metz,19518,Maxime Colin,D,90,7,,0.0,1.0,,31,30.0,96.8,3.0,1.0,,,0,0,5.0,10.0
Nantes vs Metz,Metz,434352,Alpha Touré,M,89,6.6,,0.0,1.0,1.0,35,34.0,97.1,4.0,,3.0,,1,0,6.0,11.0
Nantes vs Metz,Metz,21640,Jessy Deminguet,M,78,6.7,,0.0,,,25,23.0,92.0,1.0,1.0,,,0,0,3.0,6.0
Nantes vs Metz,Metz,20534,Cheick Tidiane Sabaly,M,90,7.7,,1.0,1.0,1.0,22,17.0,77.3,5.0,,1.0,1.0,0,0,7.0,13.0
Nantes vs Metz,Metz,408870,Ibou Sane,M,78,6.7,,0.0,1.0,1.0,18,14.0,77.8,1.0,,2.0,,1,0,3.0,7.0
Nantes vs Metz,Metz,2181,Georgiy Tsitaishvili,M,79,7.2,,0.0,,,9,7.0,77.8,2.0,1.0,,2.0,0,0,5.0,5.0
Nantes vs Metz,Metz,20535,Habib Diallo,F,89,8.2,1.0,0.0,4.0,2.0,15,6.0,40.0,1.0,,,2.0,0,0,8.0,10.0
Nantes vs Metz,Metz,68177,Giorgi Abuashvili,F,12,7.6,1.0,0.0,1.0,1.0,0,,,1.0,,,,0,0,1.0,2.0
Nantes vs Metz,Metz,157912,Boubacar Traoré,M,12,6.7,,0.0,,,3,1.0,33.3,1.0,,,,0,0,2.0,3.0
Nantes vs Metz,Metz,336180,Morgan Bokele Mputu,F,11,6.3,,0.0,,,1,1.0,100.0,,,,1.0,0,0,1.0,2.0
Toulouse vs Le Havre,Toulouse,325346,Guillaume Restes,G,90,7.5,,0.0,,,23,18.0,78.3,,,,,0,0,,
Toulouse vs Le Havre,Toulouse,102,Djibril Sidibé,D,90,7.2,,0.0,,,38,32.0,84.2,3.0,1.0,1.0,2.0,0,0,6.0,8.0
Toulouse vs Le Havre,Toulouse,278392,Charlie Cresswell,D,90,6.9,,0.0,1.0,,36,31.0,86.1,2.0,,1.0,,0,0,7.0,13.0
Toulouse vs Le Havre,Toulouse,15793,Rasmus Nicolaisen,D,90,7.3,,0.0,,,30,24.0,80.0,,1.0,1.0,3.0,1,0,7.0,11.0
Toulouse vs Le Havre,Toulouse,39115,Aron Dønnum,M,90,8,,0.0,2.0,,44,36.0,81.8,1.0,1.0,,1.0,0,0,6.0,13.0
Toulouse vs Le Havre,Toulouse,50956,Cristian Cásseres Jr.,M,90,6.6,,0.0,1.0,,44,39.0,88.6,,1.0,,,0,0,1.0,7.0
Toulouse vs Le Havre,Toulouse,304140,Mario Sauer,M,60,6.7,,0.0,1.0,,16,12.0,75.0,,1.0,,,0,0,2.0,5.0
Toulouse vs Le Havre,Toulouse,452697,Dayann Methalie,M,79,6.2,,0.0,,,27,17.0,63.0,1.0,,2.0,,0,0,3.0,11.0
Toulouse vs Le Havre,Toulouse,84128,Yann Gboho,F,90,6.9,,0.0,1.0,,27,20.0,74.1,,1.0,,1.0,0,0,5.0,13.0
Toulouse vs Le Havre,Toulouse,174724,Frank Magri,F,79,6.9,,0.0,1.0,1.0,17,9.0,52.9,1.0,,,4.0,0,0,6.0,12.0
Toulouse vs Le Havre,Toulouse,321648,Emersonn,F,90,6.2,,0.0,3.0,,13,10.0,76.9,1.0,1.0,5.0,,0,0,5.0,14.0
Toulouse vs Le Havre,Toulouse,514464,Alexis Vossah,M,30,6.3,,0.0,1.0,1.0,11,7.0,63.6,,,1.0,1.0,0,0,2.0,4.0
Toulouse vs Le Havre,Toulouse,264383,Warren Kamanzi,D,11,6.7,,0.0,,,7,6.0,85.7,,1.0,1.0,,0,0,,2.0
Toulouse vs Le Havre,Toulouse,430816,Noah Edjouma,F,11,6.2,,0.0,,,2,1.0,50.0,,,,,0,0,,2.0
Toulouse vs Le Havre,Le Havre,119853,Mory Diaw,G,90,7.2,,0.0,,,46,31.0,67.4,,,,,0,0,,
Toulouse vs Le Havre,Le Havre,2336,Loic Négo,D,90,7.5,,0.0,,,50,42.0,84.0,5.0,3.0,1.0,1.0,0,0,7.0,13.0
Toulouse vs Le Havre,Le Havre,174927,Arouna Sangante,D,90,8,,0.0,1.0,1.0,65,55.0,84.6,3.0,2.0,,4.0,0,0,9.0,13.0
Toulouse vs Le Havre,Le Havre,64255,Gautier Lloris,D,90,7.2,,0.0,,,66,60.0,90.9,,4.0,3.0,1.0,0,0,4.0,7.0
Toulouse vs Le Havre,Le Havre,23637,Yanis Zouaoui,D,77,6.9,,0.0,,,41,34.0,82.9,1.0,,,,0,0,2.0,3.0
Toulouse vs Le Havre,Le Havre,33165,Ayumu Seko,M,90,7.5,,0.0,,,28,25.0,89.3,4.0,2.0,1.0,,0,0,8.0,11.0
Toulouse vs Le Havre,Le Havre,21103,Abdoulaye Touré,M,90,7.2,,0.0,2.0,1.0,31,28.0,90.3,5.0,2.0,2.0,3.0,1,0,8.0,10.0
Toulouse vs Le Havre,Le Havre,128342,Rassoul Ndiaye,M,90,6.9,,0.0,,,37,29.0,78.4,3.0,,,,0,0,5.0,8.0
Toulouse vs Le Havre,Le Havre,174937,Yassine Kechta,M,66,6,,0.0,1.0,,23,13.0,56.5,2.0,,4.0,,0,0,3.0,13.0
Toulouse vs Le Havre,Le Havre,961,Felix Mambimbi,F,66,6.3,,0.0,,,7,7.0,100.0,,1.0,2.0,1.0,0,0,1.0,6.0
Toulouse vs Le Havre,Le Havre,156465,Issa Soumaré,F,90,7.2,,0.0,3.0,1.0,23,14.0,60.9,2.0,,,2.0,0,0,14.0,23.0
Toulouse vs Le Havre,Le Havre,364093,Simon Ebonog,M,24,6.9,,0.0,,,4,3.0,75.0,1.0,,1.0,,1,0,3.0,4.0
Toulouse vs Le Havre,Le Havre,145476,Reda Khadra,M,24,6.7,,0.0,,,2,2.0,100.0,1.0,,,,0,0,1.0,3.0
Toulouse vs Le Havre,Le Havre,20521,Thomas Delaine,D,13,6.7,,0.0,,,4,1.0,25.0,,,,,0,0,,1.0
Lens vs Lorient,Lens,347211,Robin Risser,G,90,8.3,,0.0,,,20,16.0,80.0,,,,2.0,0,0,2.0,2.0
Lens vs Lorient,Lens,21635,Jonathan Gradit,D,90,7,,0.0,,,97,93.0,95.9,,2.0,3.0,1.0,1,0,2.0,5.0
Lens vs Lorient,Lens,322984,Samson Baidoo,D,90,9.7,1.0,0.0,1.0,1.0,94,91.0,96.8,2.0,2.0,,1.0,0,0,4.0,5.0
Lens vs Lorient,Lens,22166,Malang Sarr,D,90,7.9,,0.0,,,96,90.0,93.8,,3.0,,,0,0,1.0,2.0
Lens vs Lorient,Lens,21568,Ruben Aguilar,M,82,6.9,,0.0,1.0,,42,39.0,92.9,1.0,,,,0,0,1.0,1.0
Lens vs Lorient,Lens,277306,Mamadou Sangare,M,59,6.9,,1.0,,,32,28.0,87.5,3.0,1.0,2.0,1.0,1,0,4.0,9.0
Lens vs Lorient,Lens,22261,Adrien Thomasson,M,90,7,,0.0,,,48,38.0,79.2,3.0,,1.0,1.0,0,0,4.0,12.0
Lens vs Lorient,Lens,20525,Matthieu Udol,M,90,7.3,,1.0,1.0,1.0,51,40.0,78.4,,,,,0,0,2.0,3.0
Lens vs Lorient,Lens,1922,Florian Thauvin,F,71,6.5,,0.0,1.0,1.0,39,29.0,74.4,1.0,,,,0,0,3.0,6.0
Lens vs Lorient,Lens,21715,Wesley Saïd,F,82,8.3,1.0,0.0,2.0,1.0,37,33.0,89.2,,,,,0,0,4.0,4.0
Lens vs Lorient,Lens,1135,Odsonne Édouard,F,71,7.5,1.0,0.0,2.0,2.0,10,8.0,80.0,,,1.0,,0,0,1.0,5.0
Lens vs Lorient,Lens,394950,Andrija Bulatovic,M,31,7.3,,1.0,,,16,15.0,93.8,3.0,1.0,,1.0,0,0,4.0,5.0
Lens vs Lorient,Lens,443579,Rayan Fofana,F,19,6.3,,0.0,,,6,5.0,83.3,,,1.0,1.0,0,0,1.0,2.0
Lens vs Lorient,Lens,23643,Morgan Guilavogui,F,19,6.6,,0.0,,,18,17.0,94.4,,,,,0,0,1.0,2.0
Lens vs Lorient,Lens,44594,Saud Abdulhamid,D,8,6.7,,0.0,,,11,10.0,90.9,,,,,0,0,,
Lens vs Lorient,Lens,20761,Florian Sotoca,F,8,6.7,,0.0,,,10,8.0,80.0,,,,1.0,0,0,1.0,1.0
Lens vs Lorient,Lorient,1142,Yvon Mvogo,G,90,6.6,,0.0,,,31,26.0,83.9,,,,,0,0,,1.0
Lens vs Lorient,Lorient,1031,Igor Silva,D,90,6,,0.0,,,37,33.0,89.2,,1.0,,1.0,0,0,1.0,2.0
Lens vs Lorient,Lorient,50030,Montassar Talbi,D,90,7.2,,0.0,,,51,45.0,88.2,1.0,1.0,,1.0,0,0,2.0,3.0
Lens vs Lorient,Lorient,152669,Darlin Yongwa,D,90,6.9,,0.0,,,62,50.0,80.6,1.0,2.0,1.0,1.0,0,0,4.0,6.0
Lens vs Lorient,Lorient,174703,Théo Le Bris,M,75,6.3,,0.0,1.0,,20,17.0,85.0,3.0,,,,0,0,4.0,7.0
Lens vs Lorient,Lorient,402265,Arthur Avom Ebong,M,65,6.3,,0.0,,,43,33.0,76.7,3.0,2.0,1.0,1.0,1,0,4.0,7.0
Lens vs Lorient,Lorient,20917,Laurent Abergel,M,90,7,,0.0,1.0,1.0,79,74.0,93.7,3.0,1.0,2.0,1.0,1,0,4.0,9.0
Lens vs Lorient,Lorient,402386,Arsène Kouassi,M,90,6.2,,0.0,,,16,16.0,100.0,1.0,,,,0,0,1.0,3.0
Lens vs Lorient,Lorient,72457,Aiyegun Tosin,F,75,6.7,,0.0,3.0,2.0,13,12.0,92.3,,,2.0,,0,0,1.0,7.0
Lens vs Lorient,Lorient,322865,Karim Dermane,F,82,6.9,,0.0,1.0,,30,27.0,90.0,1.0,2.0,1.0,1.0,0,0,5.0,9.0
Lens vs Lorient,Lorient,200873,Mohamed Bamba,F,65,5.9,,0.0,1.0,,15,11.0,73.3,,,1.0,1.0,0,0,2.0,5.0
Lens vs Lorient,Lorient,23363,Noah Cadiou,M,25,6.5,,0.0,,,21,19.0,90.5,,1.0,1.0,,0,0,,1.0
Lens vs Lorient,Lorient,276662,Pablo Pagis,F,25,6.5,,0.0,,,9,8.0,88.9,,,1.0,,0,0,,2.0
Lens vs Lorient,Lorient,158551,Joel Mugisha Mvuka,M,15,6.2,,0.0,,,2,2.0,100.0,,,,,0,0,,
Lens vs Lorient,Lorient,144319,Sambou Soumano,F,15,6.3,,0.0,,,3,3.0,100.0,,,,,0,0,,1.0
Lens vs Lorient,Lorient,22171,Jean-Victor Makengo,M,8,6.3,,0.0,,,2,2.0,100.0,1.0,,,,0,0,1.0,1.0
Stade Brestois 29 vs Lyon,Stade Brestois 29,40384,Radosław Majecki,G,90,7.5,,0.0,,,27,24.0,88.9,,,,,0,0,,
Stade Brestois 29 vs Lyon,Stade Brestois 29,22247,Kenny Lala,D,90,7,,0.0,,,44,39.0,88.6,,,1.0,,0,0,,8.0
Stade Brestois 29 vs Lyon,Stade Brestois 29,20546,Brendan Chardonnet,D,90,6.9,,0.0,,,64,54.0,84.4,,,2.0,1.0,0,0,3.0,7.0
Stade Brestois 29 vs Lyon,Stade Brestois 29,162568,Soumaila Coulibaly,D,90,7.5,,0.0,1.0,,53,47.0,88.7,,1.0,2.0,,0,0,4.0,6.0
Stade Brestois 29 vs Lyon,Stade Brestois 29,274267,Bradley Locko,D,90,7.2,,0.0,,,35,25.0,71.4,1.0,1.0,1.0,1.0,0,0,5.0,8.0
Stade Brestois 29 vs Lyon,Stade Brestois 29,128287,Joris Chotard,M,90,6.6,,0.0,,,43,34.0,79.1,1.0,1.0,,,0,0,2.0,4.0
Stade Brestois 29 vs Lyon,Stade Brestois 29,664,Lucas Tousart,M,71,7,,0.0,1.0,,19,17.0,89.5,4.0,,2.0,,0,0,6.0,11.0
Stade Brestois 29 vs Lyon,Stade Brestois 29,41323,Mama Baldé,M,72,6.3,,0.0,2.0,,17,12.0,70.6,,2.0,2.0,1.0,0,0,4.0,8.0
Stade Brestois 29 vs Lyon,Stade Brestois 29,2214,Romain Del Castillo,M,90,6.5,,0.0,,,36,25.0,69.4,2.0,,,,0,0,2.0,7.0
Stade Brestois 29 vs Lyon,Stade Brestois 29,375990,Pathé Mboup,M,82,6.7,,0.0,1.0,1.0,14,13.0,92.9,2.0,3.0,4.0,1.0,1,0,8.0,17.0
Stade Brestois 29 vs Lyon,Stade Brestois 29,22264,Ludovic Ajorque,F,90,5.9,,0.0,2.0,1.0,13,8.0,61.5,1.0,,3.0,1.0,0,0,2.0,10.0
Stade Brestois 29 vs Lyon,Stade Brestois 29,20558,Hugo Magnetti,M,19,6.3,,0.0,1.0,,12,10.0,83.3,,,1.0,,0,0,,1.0
Stade Brestois 29 vs Lyon,Stade Brestois 29,326073,Remy Labeau Lascary,F,18,6.6,,0.0,1.0,1.0,3,3.0,100.0,2.0,,1.0,,0,0,3.0,6.0
Stade Brestois 29 vs Lyon,Stade Brestois 29,90594,Junior Dina Ebimbe,M,8,6.7,,0.0,,,3,2.0,66.7,,,,,0,0,1.0,1.0
Stade Brestois 29 vs Lyon,Lyon,61142,Dominik Greif,G,90,7.3,,0.0,,,45,33.0,73.3,,,,,0,0,3.0,3.0
Stade Brestois 29 vs Lyon,Lyon,30423,Hans Hateboer,D,8,3,,0.0,,,2,2.0,100.0,,,1.0,,0,1,,1.0
Stade Brestois 29 vs Lyon,Lyon,68,Clinton Mata,D,90,7.3,,0.0,,,43,36.0,83.7,3.0,,1.0,,0,0,5.0,8.0
Stade Brestois 29 vs Lyon,Lyon,25916,Moussa Niakhaté,D,90,7.3,,0.0,,,64,56.0,87.5,1.0,,,,0,0,2.0,5.0
Stade Brestois 29 vs Lyon,Lyon,529,Nicolás Tagliafico,D,90,7.5,,0.0,,,35,30.0,85.7,3.0,2.0,,3.0,0,0,7.0,9.0
Stade Brestois 29 vs Lyon,Lyon,80752,Tanner Tessmann,M,15,6.7,,0.0,,,14,10.0,71.4,1.0,,,,0,0,1.0,1.0
Stade Brestois 29 vs Lyon,Lyon,162590,Tyler Morton,M,90,7.3,,0.0,2.0,1.0,47,39.0,83.0,1.0,,,1.0,0,0,2.0,3.0
Stade Brestois 29 vs Lyon,Lyon,66387,Pavel Šulc,M,90,6.7,,0.0,,,31,25.0,80.6,5.0,,1.0,1.0,0,0,6.0,15.0
Stade Brestois 29 vs Lyon,Lyon,519,Corentin Tolisso,M,84,7.2,,0.0,1.0,1.0,48,44.0,91.7,2.0,,2.0,5.0,0,0,8.0,12.0
Stade Brestois 29 vs Lyon,Lyon,345388,Afonso Moreira,M,90,7.2,,0.0,,,22,17.0,77.3,5.0,1.0,1.0,3.0,0,0,10.0,13.0
Stade Brestois 29 vs Lyon,Lyon,195512,Martín Satriano,F,76,6.3,,0.0,,,27,20.0,74.1,,1.0,,2.0,0,0,5.0,11.0
Stade Brestois 29 vs Lyon,Lyon,1456,Ainsley Maitland-Niles,M,75,7,,0.0,,,24,21.0,87.5,2.0,,,1.0,0,0,4.0,9.0
Stade Brestois 29 vs Lyon,Lyon,18780,Rachid Ghezzal,F,14,6.2,,0.0,,,6,3.0,50.0,,,,,0,0,,2.0
Stade Brestois 29 vs Lyon,Lyon,438692,Mathys de Carvalho,M,15,6.6,,0.0,,,3,3.0,100.0,,,,1.0,0,0,1.0,2.0
Paris FC vs Rennes,Paris FC,194981,Obed Nkambadio,G,90,6.5,,0.0,,,45,33.0,73.3,,,,,0,0,,
Paris FC vs Rennes,Paris FC,20869,Samir Sophian Chergui,D,90,6.2,,0.0,2.0,1.0,35,28.0,80.0,,,,1.0,0,0,3.0,5.0
Paris FC vs Rennes,Paris FC,174881,Moustapha Mbow,D,90,6.9,,0.0,1.0,1.0,39,34.0,87.2,3.0,1.0,,2.0,0,0,6.0,8.0
Paris FC vs Rennes,Paris FC,84218,Adama Camara,D,87,6.3,,0.0,,,37,34.0,91.9,3.0,1.0,,1.0,0,0,4.0,9.0
Paris FC vs Rennes,Paris FC,266013,Otávio,D,90,6.6,,0.0,,,62,53.0,85.5,,3.0,,2.0,1,0,4.0,7.0
Paris FC vs Rennes,Paris FC,8474,Thibault De Smet,D,87,6.3,,0.0,1.0,,36,30.0,83.3,,1.0,1.0,1.0,1,0,1.0,3.0
Paris FC vs Rennes,Paris FC,83831,Ilan Kebbal,M,90,7.5,,0.0,3.0,,46,40.0,87.0,1.0,,,1.0,1,0,4.0,7.0
Paris FC vs Rennes,Paris FC,1910,Maxime López,M,90,6.7,,0.0,,,73,58.0,79.5,3.0,1.0,3.0,1.0,1,0,5.0,11.0
Paris FC vs Rennes,Paris FC,22170,Pierre Lees Melou,M,87,6.2,,0.0,1.0,1.0,24,18.0,75.0,3.0,,1.0,1.0,0,0,4.0,10.0
Paris FC vs Rennes,Paris FC,2781,Moses Simon,M,80,6.3,,0.0,1.0,,15,11.0,73.3,,,1.0,,0,0,,6.0
Paris FC vs Rennes,Paris FC,22842,Jean-Philippe Krasso,F,73,7.2,,0.0,1.0,1.0,15,11.0,73.3,,,1.0,2.0,0,0,4.0,8.0
Paris FC vs Rennes,Paris FC,120,Willem Geubbels,F,17,5.9,,0.0,2.0,,3,2.0,66.7,,,2.0,,0,0,,4.0
Paris FC vs Rennes,Paris FC,22003,Mathieu Cafaro,M,10,6.3,,0.0,,,4,4.0,100.0,,,,,0,0,,
Paris FC vs Rennes,Paris FC,55819,Tuomas Ollila,D,9,7.2,,0.0,,,6,4.0,66.7,,,,,0,0,,
Paris FC vs Rennes,Paris FC,20925,Vincent Marchetti,M,9,6.6,,0.0,1.0,,2,2.0,100.0,,,,1.0,0,0,2.0,3.0
Paris FC vs Rennes,Paris FC,19430,Nouha Dicko,F,9,6.3,,0.0,,,0,,,,,,,0,0,,
Paris FC vs Rennes,Rennes,21628,Brice Samba,G,90,7.2,,0.0,,,33,22.0,66.7,,,,,0,0,,
Paris FC vs Rennes,Rennes,367636,Jérémy Jacquet,D,90,7.5,,0.0,,,59,51.0,86.4,2.0,2.0,1.0,2.0,0,0,6.0,8.0
Paris FC vs Rennes,Rennes,129681,Anthony Rouault,D,90,7.6,,0.0,,,55,51.0,92.7,,1.0,2.0,1.0,1,0,7.0,10.0
Paris FC vs Rennes,Rennes,126757,Lilian Brassier,D,90,7.2,,0.0,,,49,40.0,81.6,2.0,1.0,,1.0,0,0,4.0,6.0
Paris FC vs Rennes,Rennes,272460,Quentin Merlin,M,90,7.3,,0.0,1.0,,40,34.0,85.0,2.0,1.0,1.0,2.0,0,0,5.0,6.0
Paris FC vs Rennes,Rennes,24147,Mahdi Camara,M,90,6.6,,0.0,,,34,30.0,88.2,2.0,2.0,2.0,,1,0,4.0,7.0
Paris FC vs Rennes,Rennes,21102,Valentin Rongier,M,90,7.2,,1.0,,,59,50.0,84.7,2.0,1.0,1.0,1.0,0,0,4.0,6.0
Paris FC vs Rennes,Rennes,343792,Djaoui Cissé,M,66,6.5,,0.0,1.0,1.0,30,23.0,76.7,1.0,1.0,2.0,,0,0,2.0,9.0
Paris FC vs Rennes,Rennes,15286,Mousa Tamari,M,89,6.3,,0.0,,,9,8.0,88.9,1.0,,1.0,1.0,0,0,3.0,8.0
Paris FC vs Rennes,Rennes,163004,Esteban Lepaul,F,83,6.5,,0.0,2.0,,6,3.0,50.0,,,,,0,0,3.0,6.0
Paris FC vs Rennes,Rennes,449662,Mohamed Kader Meite,F,66,6.3,,0.0,2.0,1.0,14,7.0,50.0,,,2.0,,0,0,2.0,6.0
Paris FC vs Rennes,Rennes,21497,Ludovic Blas,M,24,7.3,,0.0,1.0,,7,7.0,100.0,,,,1.0,0,0,2.0,3.0
Paris FC vs Rennes,Rennes,421,Breel Embolo,F,24,7.9,1.0,0.0,1.0,1.0,2,1.0,50.0,1.0,,1.0,,0,0,1.0,4.0
Paris FC vs Rennes,Rennes,30807,Seko Fofana,M,13,6.6,,0.0,,,1,1.0,100.0,,,,,0,0,1.0,1.0
Marseille vs Stade Brestois 29,Marseille,47296,Gerónimo Rulli,G,90,7.2,,0.0,,,29,28.0,96.6,,,,1.0,0,0,1.0,1.0
Marseille vs Stade Brestois 29,Marseille,2973,Amir Murillo,D,90,7.2,,0.0,,,46,42.0,91.3,1.0,1.0,1.0,,0,0,4.0,8.0
Marseille vs Stade Brestois 29,Marseille,2725,Benjamin Pavard,D,90,7.3,,0.0,,,86,82.0,95.3,2.0,1.0,,1.0,0,0,4.0,9.0
Marseille vs Stade Brestois 29,Marseille,21694,Nayef Aguerd,D,79,6.9,,0.0,,,59,58.0,98.3,2.0,1.0,2.0,,0,0,3.0,9.0
Marseille vs Stade Brestois 29,Marseille,2284,Emerson Palmieri,D,90,7.7,,0.0,,,56,50.0,89.3,2.0,1.0,2.0,,0,0,3.0,7.0
Marseille vs Stade Brestois 29,Marseille,2735,Pierre-Emile Højbjerg,M,86,7.9,,0.0,1.0,1.0,99,92.0,92.9,2.0,2.0,,1.0,0,0,4.0,8.0
Marseille vs Stade Brestois 29,Marseille,340154,Arthur Vermeeren,M,90,7.3,,0.0,,,104,98.0,94.2,3.0,,3.0,,0,0,4.0,11.0
Marseille vs Stade Brestois 29,Marseille,897,Mason Greenwood,M,79,7.2,1.0,0.0,3.0,2.0,54,41.0,75.9,1.0,,,,0,0,3.0,4.0
Marseille vs Stade Brestois 29,Marseille,896,Angel Gomes,M,70,8.2,1.0,0.0,2.0,1.0,32,29.0,90.6,,,1.0,1.0,0,0,2.0,5.0
Marseille vs Stade Brestois 29,Marseille,9363,Igor Paixão,M,90,7.6,,0.0,2.0,1.0,35,31.0,88.6,2.0,,1.0,1.0,0,0,7.0,10.0
Marseille vs Stade Brestois 29,Marseille,1465,Pierre-Emerick Aubameyang,F,86,7.2,1.0,0.0,5.0,1.0,25,21.0,84.0,,1.0,1.0,2.0,0,0,2.0,4.0
Marseille vs Stade Brestois 29,Marseille,19030,Matt O'Riley,M,20,7.2,,1.0,,,11,11.0,100.0,,,,1.0,0,0,1.0,1.0
Marseille vs Stade Brestois 29,Marseille,181827,Conrad Jaden Egan-Riley,D,11,6.6,,0.0,,,14,14.0,100.0,,,,,0,0,,
Marseille vs Stade Brestois 29,Marseille,435482,Robinio Vaz,F,11,6.5,,0.0,,,3,3.0,100.0,,,,,0,0,,1.0
Marseille vs Stade Brestois 29,Marseille,455245,Darryl Bakola,M,8,6.7,,0.0,2.0,1.0,3,3.0,100.0,,,1.0,,0,0,,
Marseille vs Stade Brestois 29,Marseille,562661,Tadjidine Mmadi,M,8,6.6,,0.0,,,2,2.0,100.0,1.0,1.0,,,0,0,1.0,1.0
Marseille vs Stade Brestois 29,Stade Brestois 29,40384,Radosław Majecki,G,90,6.5,,0.0,,,42,39.0,92.9,,,,,0,0,,
Marseille vs Stade Brestois 29,Stade Brestois 29,22247,Kenny Lala,D,90,5.9,,0.0,,,38,28.0,73.7,2.0,1.0,1.0,,0,0,3.0,5.0
Marseille vs Stade Brestois 29,Stade Brestois 29,20546,Brendan Chardonnet,D,90,6,,0.0,,,43,33.0,76.7,2.0,1.0,1.0,1.0,0,0,3.0,5.0
Marseille vs Stade Brestois 29,Stade Brestois 29,162568,Soumaila Coulibaly,D,90,6.2,,0.0,,,51,48.0,94.1,1.0,2.0,2.0,,0,0,1.0,3.0
Marseille vs Stade Brestois 29,Stade Brestois 29,274267,Bradley Locko,D,33,6.7,,0.0,,,15,10.0,66.7,3.0,1.0,,,0,0,3.0,5.0
Marseille vs Stade Brestois 29,Stade Brestois 29,128287,Joris Chotard,M,82,6.2,,0.0,1.0,,32,25.0,78.1,2.0,2.0,2.0,,0,0,2.0,6.0
Marseille vs Stade Brestois 29,Stade Brestois 29,20558,Hugo Magnetti,M,74,7.2,,0.0,,,34,30.0,88.2,,1.0,,2.0,0,0,4.0,6.0
Marseille vs Stade Brestois 29,Stade Brestois 29,41323,Mama Baldé,M,45,6.5,,0.0,,,4,2.0,50.0,1.0,,,2.0,0,0,4.0,8.0
Marseille vs Stade Brestois 29,Stade Brestois 29,2214,Romain Del Castillo,M,90,5.9,,0.0,,,34,23.0,67.6,,,,3.0,0,0,6.0,15.0
Marseille vs Stade Brestois 29,Stade Brestois 29,375990,Pathé Mboup,M,45,6.2,,0.0,1.0,1.0,12,8.0,66.7,1.0,1.0,1.0,,1,0,1.0,2.0
Marseille vs Stade Brestois 29,Stade Brestois 29,22264,Ludovic Ajorque,F,90,6.9,,0.0,,,16,11.0,68.8,,,,1.0,0,0,9.0,14.0
Marseille vs Stade Brestois 29,Stade Brestois 29,302868,Daouda Guindo,D,57,6.3,,0.0,1.0,,23,19.0,82.6,,,,1.0,0,0,1.0,1.0
Marseille vs Stade Brestois 29,Stade Brestois 29,664,Lucas Tousart,M,45,6.3,,0.0,,,11,11.0,100.0,,,2.0,1.0,0,0,1.0,4.0
Marseille vs Stade Brestois 29,Stade Brestois 29,326073,Remy Labeau Lascary,F,45,6.3,,0.0,1.0,1.0,8,6.0,75.0,,,1.0,,0,0,2.0,5.0
Marseille vs Stade Brestois 29,Stade Brestois 29,449153,Hamidou Makalou,M,16,6.3,,0.0,,,9,9.0,100.0,,,,,0,0,,
Marseille vs Stade Brestois 29,Stade Brestois 29,90594,Junior Dina Ebimbe,M,8,6.7,,0.0,,,3,2.0,66.7,,,,,0,0,,
Le Havre vs Nantes,Le Havre,119853,Mory Diaw,G,90,6.5,,0.0,,,25,22.0,88.0,,,,1.0,0,0,1.0,1.0
Le Havre vs Nantes,Le Havre,2336,Loic Négo,D,79,6.3,,0.0,,,35,31.0,88.6,1.0,2.0,3.0,1.0,1,0,4.0,9.0
Le Havre vs Nantes,Le Havre,174927,Arouna Sangante,D,90,6.9,,0.0,1.0,1.0,71,61.0,85.9,1.0,1.0,3.0,1.0,0,0,6.0,12.0
Le Havre vs Nantes,Le Havre,64255,Gautier Lloris,D,90,8.9,1.0,0.0,1.0,1.0,80,77.0,96.2,3.0,1.0,1.0,3.0,0,0,13.0,15.0
Le Havre vs Nantes,Le Havre,23637,Yanis Zouaoui,D,90,6.6,,0.0,,,44,37.0,84.1,3.0,2.0,,1.0,0,0,5.0,6.0
Le Havre vs Nantes,Le Havre,33165,Ayumu Seko,M,90,7.3,,0.0,1.0,,54,45.0,83.3,1.0,2.0,,1.0,0,0,3.0,5.0
Le Havre vs Nantes,Le Havre,21103,Abdoulaye Touré,M,90,6.9,,0.0,,,39,31.0,79.5,1.0,,2.0,,0,0,4.0,10.0
Le Havre vs Nantes,Le Havre,128342,Rassoul Ndiaye,M,79,6.2,,0.0,2.0,1.0,23,19.0,82.6,,,1.0,1.0,0,0,2.0,10.0
Le Havre vs Nantes,Le Havre,174937,Yassine Kechta,M,63,6.3,,0.0,1.0,,27,25.0,92.6,,3.0,2.0,1.0,1,0,1.0,3.0
Le Havre vs Nantes,Le Havre,961,Felix Mambimbi,F,63,6.7,,0.0,,,17,13.0,76.5,2.0,,1.0,,0,0,2.0,7.0
Le Havre vs Nantes,Le Havre,156465,Issa Soumaré,F,90,6,,0.0,4.0,1.0,12,6.0,50.0,,,1.0,,0,0,3.0,9.0
Le Havre vs Nantes,Le Havre,174625,Fodé Doucouré,D,27,7.5,,1.0,,,23,19.0,82.6,2.0,,,,0,0,2.0,3.0
Le Havre vs Nantes,Le Havre,145476,Reda Khadra,M,27,6.9,,0.0,1.0,,8,5.0,62.5,2.0,,,,0,0,3.0,5.0
Le Havre vs Nantes,Le Havre,36932,Younes Namli,F,11,6.3,,0.0,,,8,7.0,87.5,,,1.0,1.0,1,0,1.0,2.0
Le Havre vs Nantes,Le Havre,21641,Godson Kyeremeh,F,11,6.6,,0.0,,,4,4.0,100.0,,,,1.0,0,0,2.0,3.0
Le Havre vs Nantes,Nantes,15684,Patrik Carlgren,G,90,6.2,,0.0,,,28,11.0,39.3,,,,,0,0,1.0,1.0
Le Havre vs Nantes,Nantes,22134,Kelvin Amian,D,90,7.3,,1.0,,,29,23.0,79.3,2.0,,,1.0,0,0,6.0,7.0
Le Havre vs Nantes,Nantes,50026,Chidozie Awaziem,D,90,7.6,,0.0,1.0,1.0,26,22.0,84.6,1.0,,,1.0,0,0,5.0,8.0
Le Havre vs Nantes,Nantes,522609,Tylel Tati,D,90,6.3,,0.0,,,22,16.0,72.7,,1.0,1.0,,1,0,1.0,3.0
Le Havre vs Nantes,Nantes,443674,Louis Leroux,D,90,7.3,,0.0,,,37,28.0,75.7,5.0,,1.0,4.0,0,0,9.0,13.0
Le Havre vs Nantes,Nantes,388779,Dehmaine Tabibou,M,59,6.5,,0.0,,,16,13.0,81.2,,,2.0,,0,0,,5.0
Le Havre vs Nantes,Nantes,137296,Hyeok-kyu Kwon,M,90,7.2,,0.0,,,20,15.0,75.0,3.0,,1.0,1.0,1,0,6.0,8.0
Le Havre vs Nantes,Nantes,282549,Junior Mwanga,M,90,6.7,,0.0,,,28,20.0,71.4,2.0,,1.0,,0,0,4.0,8.0
Le Havre vs Nantes,Nantes,443676,Bahereba Guirassy,F,71,6.9,,0.0,,,17,12.0,70.6,1.0,,,1.0,0,0,5.0,11.0
Le Havre vs Nantes,Nantes,42086,Youssef El Arabi,F,71,5.9,,0.0,,,15,8.0,53.3,,,5.0,2.0,0,0,3.0,14.0
Le Havre vs Nantes,Nantes,161622,Matthis Abline,F,85,6.9,1.0,0.0,1.0,1.0,18,13.0,72.2,,,2.0,2.0,1,0,2.0,12.0
Le Havre vs Nantes,Nantes,443755,Bahmed Deuff,M,31,6.5,,0.0,,,6,5.0,83.3,1.0,,,,0,0,1.0,3.0
Le Havre vs Nantes,Nantes,197771,Yassine Benhattab,M,19,6.3,,0.0,,,2,2.0,100.0,,,,1.0,0,0,1.0,2.0
Le Havre vs Nantes,Nantes,2668,Mostafa Mohamed,F,19,6.9,,0.0,,,2,1.0,50.0,1.0,,,2.0,0,0,4.0,4.0
Le Havre vs Nantes,Nantes,20654,Fabien Centonze,D,12,6.3,,0.0,,,0,,,,1.0,,,0,0,,1.0
Monaco vs Lens,Monaco,7313,Philipp Köhn,G,90,6.6,,0.0,,,33,25.0,75.8,,,,,0,0,1.0,1.0
Monaco vs Lens,Monaco,261,Thilo Kehrer,D,90,5.7,,0.0,1.0,,59,50.0,84.7,2.0,,2.0,1.0,0,0,5.0,7.0
Monaco vs Lens,Monaco,47480,Mohammed Salisu,D,90,6.6,,0.0,1.0,,52,45.0,86.5,3.0,5.0,2.0,1.0,0,0,9.0,17.0
Monaco vs Lens,Monaco,10316,Caio Henrique,D,90,6.6,,0.0,,,72,63.0,87.5,2.0,1.0,1.0,,0,0,2.0,4.0
Monaco vs Lens,Monaco,419035,Mamadou Coulibaly,M,79,7.3,,0.0,,,54,43.0,79.6,4.0,1.0,2.0,3.0,0,0,9.0,15.0
Monaco vs Lens,Monaco,231,Jordan Teze,M,61,6.5,,0.0,,,31,28.0,90.3,1.0,,1.0,1.0,0,0,2.0,5.0
Monaco vs Lens,Monaco,274300,Maghnes Akliouche,M,73,6.2,,0.0,1.0,1.0,32,29.0,90.6,1.0,,,1.0,0,0,4.0,8.0
Monaco vs Lens,Monaco,109,Aleksandr Golovin,M,45,6.9,,0.0,,,15,14.0,93.3,3.0,1.0,1.0,1.0,0,0,7.0,13.0
Monaco vs Lens,Monaco,333137,Kassoum Ouattara,M,90,6.3,,0.0,,,25,19.0,76.0,3.0,,3.0,2.0,0,0,6.0,15.0
Monaco vs Lens,Monaco,138835,Folarin Balogun,F,45,6.9,1.0,0.0,3.0,2.0,6,5.0,83.3,1.0,,1.0,2.0,0,1,4.0,6.0
Monaco vs Lens,Monaco,283026,Mika Biereth,F,61,6.7,,0.0,,,12,8.0,66.7,,,,1.0,0,0,1.0,3.0
Monaco vs Lens,Monaco,343319,Lucas Michal,F,45,6.5,,0.0,1.0,,19,16.0,84.2,,,1.0,1.0,0,0,3.0,7.0
Monaco vs Lens,Monaco,543470,Pape Cabral,M,29,6.6,,0.0,,,21,17.0,81.0,,,1.0,1.0,0,0,2.0,4.0
Monaco vs Lens,Monaco,395040,George Ilenikhena,F,29,6.3,,0.0,3.0,2.0,2,1.0,50.0,,,,,0,0,,3.0
Monaco vs Lens,Monaco,135775,Ansu Fati,F,17,6,,0.0,2.0,1.0,10,8.0,80.0,,,,1.0,0,0,3.0,3.0
Monaco vs Lens,Monaco,2810,Denis Zakaria,M,11,6.9,,0.0,,,17,17.0,100.0,,,,1.0,1,0,1.0,1.0
Monaco vs Lens,Lens,347211,Robin Risser,G,90,7.6,,0.0,,,34,26.0,76.5,,,,,0,0,1.0,1.0
Monaco vs Lens,Lens,21635,Jonathan Gradit,D,90,6.9,,0.0,,,61,57.0,93.4,,3.0,1.0,1.0,1,0,3.0,4.0
Monaco vs Lens,Lens,322984,Samson Baidoo,D,90,6.9,,0.0,1.0,,38,37.0,97.4,1.0,4.0,,,0,0,2.0,5.0
Monaco vs Lens,Lens,22166,Malang Sarr,D,90,6.9,,0.0,,,51,46.0,90.2,1.0,1.0,,,0,0,2.0,3.0
Monaco vs Lens,Lens,21568,Ruben Aguilar,M,84,7.2,,0.0,,,44,36.0,81.8,1.0,1.0,1.0,2.0,1,0,4.0,6.0
Monaco vs Lens,Lens,277306,Mamadou Sangare,M,63,7.5,1.0,0.0,1.0,1.0,29,27.0,93.1,2.0,1.0,3.0,4.0,0,0,9.0,16.0
Monaco vs Lens,Lens,22261,Adrien Thomasson,M,84,6.7,,0.0,2.0,2.0,41,36.0,87.8,6.0,1.0,5.0,4.0,0,0,10.0,23.0
Monaco vs Lens,Lens,20525,Matthieu Udol,M,90,7.3,,0.0,2.0,2.0,29,25.0,86.2,1.0,1.0,2.0,2.0,0,0,7.0,10.0
Monaco vs Lens,Lens,1922,Florian Thauvin,F,90,8.2,,2.0,1.0,,42,33.0,78.6,2.0,,,2.0,0,0,7.0,15.0
Monaco vs Lens,Lens,21715,Wesley Saïd,F,72,8.6,2.0,0.0,4.0,4.0,33,28.0,84.8,,,1.0,,0,0,1.0,4.0
Monaco vs Lens,Lens,1135,Odsonne Édouard,F,72,6.9,1.0,1.0,2.0,2.0,18,13.0,72.2,1.0,,2.0,,0,0,3.0,11.0
Monaco vs Lens,Lens,394950,Andrija Bulatovic,M,27,6.2,,0.0,,,17,15.0,88.2,,,2.0,,0,0,1.0,6.0
Monaco vs Lens,Lens,23643,Morgan Guilavogui,F,18,6.9,,0.0,,,9,7.0,77.8,1.0,,,,0,0,1.0,1.0
Monaco vs Lens,Lens,443579,Rayan Fofana,F,18,6.2,,0.0,2.0,1.0,1,,,1.0,,1.0,,0,0,2.0,4.0
Monaco vs Lens,Lens,402066,Anthony Bermont,M,11,6.3,,0.0,,,8,6.0,75.0,,2.0,1.0,,0,0,,1.0
Monaco vs Lens,Lens,20761,Florian Sotoca,F,11,6.3,,0.0,,,4,4.0,100.0,,,,,0,0,,2.0
Lorient vs Toulouse,Lorient,1142,Yvon Mvogo,G,90,6.7,,0.0,,,32,26.0,81.2,,,,,0,0,,
Lorient vs Toulouse,Lorient,1031,Igor Silva,D,90,6.9,,0.0,1.0,,36,33.0,91.7,1.0,1.0,,3.0,0,0,5.0,7.0
Lorient vs Toulouse,Lorient,50030,Montassar Talbi,D,90,7.3,,0.0,,,58,48.0,82.8,1.0,,,,0,0,3.0,6.0
Lorient vs Toulouse,Lorient,152669,Darlin Yongwa,D,90,6.5,,0.0,,,46,36.0,78.3,1.0,3.0,1.0,2.0,0,0,6.0,14.0
Lorient vs Toulouse,Lorient,158551,Joel Mugisha Mvuka,M,80,6.3,,0.0,1.0,,15,11.0,73.3,5.0,,1.0,,0,0,6.0,10.0
Lorient vs Toulouse,Lorient,402265,Arthur Avom Ebong,M,90,7.2,,0.0,,,56,47.0,83.9,5.0,1.0,1.0,2.0,0,0,8.0,12.0
Lorient vs Toulouse,Lorient,20917,Laurent Abergel,M,60,6.6,,0.0,,,30,22.0,73.3,1.0,2.0,,,0,0,3.0,5.0
Lorient vs Toulouse,Lorient,402386,Arsène Kouassi,M,90,7.3,,0.0,,,35,32.0,91.4,,2.0,,4.0,0,0,6.0,10.0
Lorient vs Toulouse,Lorient,322865,Karim Dermane,F,80,6.7,,0.0,,,21,18.0,85.7,3.0,,,3.0,0,0,6.0,14.0
Lorient vs Toulouse,Lorient,276662,Pablo Pagis,F,69,7.2,1.0,0.0,3.0,1.0,18,13.0,72.2,,1.0,2.0,,0,0,3.0,10.0
Lorient vs Toulouse,Lorient,72457,Aiyegun Tosin,F,69,6.9,,0.0,,,5,2.0,40.0,,1.0,,2.0,0,0,3.0,5.0
Lorient vs Toulouse,Lorient,23363,Noah Cadiou,M,30,6.3,,0.0,,,23,19.0,82.6,1.0,,1.0,,0,0,2.0,5.0
Lorient vs Toulouse,Lorient,22171,Jean-Victor Makengo,M,21,6.9,,0.0,1.0,,9,8.0,88.9,,,,,0,0,2.0,2.0
Lorient vs Toulouse,Lorient,144319,Sambou Soumano,F,21,6.6,,0.0,1.0,,5,3.0,60.0,1.0,,,,0,0,2.0,3.0
Lorient vs Toulouse,Lorient,174703,Théo Le Bris,M,10,6.7,,0.0,,,4,4.0,100.0,,,,,0,0,,
Lorient vs Toulouse,Lorient,200873,Mohamed Bamba,F,10,6.3,,0.0,1.0,1.0,6,3.0,50.0,,,,1.0,0,0,2.0,4.0
Lorient vs Toulouse,Toulouse,325346,Guillaume Restes,G,90,6.9,,0.0,,,28,22.0,78.6,,,,,0,0,,
Lorient vs Toulouse,Toulouse,50735,Mark McKenzie,D,80,7.2,,0.0,,,48,41.0,85.4,3.0,2.0,,,0,0,5.0,6.0
Lorient vs Toulouse,Toulouse,278392,Charlie Cresswell,D,90,6.3,,0.0,,,69,65.0,94.2,,1.0,2.0,,1,0,1.0,5.0
Lorient vs Toulouse,Toulouse,15793,Rasmus Nicolaisen,D,90,7.2,,0.0,,,63,59.0,93.7,,4.0,1.0,,0,0,5.0,7.0
Lorient vs Toulouse,Toulouse,102,Djibril Sidibé,M,90,6.5,1.0,0.0,1.0,1.0,25,16.0,64.0,2.0,,2.0,1.0,0,0,3.0,7.0
Lorient vs Toulouse,Toulouse,50956,Cristian Cásseres Jr.,M,90,6.9,,0.0,,,52,40.0,76.9,2.0,1.0,2.0,1.0,1,0,5.0,13.0
Lorient vs Toulouse,Toulouse,118345,Abu Francis,M,66,6.6,,0.0,,,40,36.0,90.0,1.0,1.0,,,0,0,2.0,2.0
Lorient vs Toulouse,Toulouse,452697,Dayann Methalie,M,90,7.3,,0.0,1.0,,12,11.0,91.7,4.0,1.0,1.0,2.0,0,0,8.0,16.0
Lorient vs Toulouse,Toulouse,84128,Yann Gboho,F,89,6.6,,0.0,,,37,33.0,89.2,,,,,0,0,2.0,6.0
Lorient vs Toulouse,Toulouse,174724,Frank Magri,F,90,5.9,,0.0,,,16,10.0,62.5,,,4.0,,0,0,3.0,12.0
Lorient vs Toulouse,Toulouse,321648,Emersonn,F,80,6.3,,0.0,1.0,1.0,15,10.0,66.7,5.0,,3.0,1.0,0,0,8.0,15.0
Lorient vs Toulouse,Toulouse,514464,Alexis Vossah,M,24,6.7,,0.0,,,5,2.0,40.0,2.0,1.0,2.0,,1,0,4.0,8.0
Lorient vs Toulouse,Toulouse,334952,Rafik Messali,M,10,6.6,,0.0,,,2,,,1.0,1.0,1.0,1.0,1,0,3.0,4.0
Lorient vs Toulouse,Toulouse,362741,Santiago Hidalgo,F,10,6.5,,0.0,,,1,1.0,100.0,1.0,,,,0,0,1.0,6.0
Angers vs Auxerre,Angers,22220,Hervé Koffi,G,90,7.2,,0.0,,,28,24.0,85.7,,,,,0,0,,
Angers vs Auxerre,Angers,20850,Carlens Arcus,D,90,7.3,,0.0,1.0,,60,53.0,88.3,2.0,3.0,1.0,,0,0,4.0,6.0
Angers vs Auxerre,Angers,271540,Ousmane Camara,D,90,7.3,,0.0,,,60,52.0,86.7,2.0,1.0,,,0,0,2.0,4.0
Angers vs Auxerre,Angers,21381,Jordan Lefort,D,90,6.9,,0.0,,,65,53.0,81.5,1.0,3.0,3.0,1.0,0,0,5.0,10.0
Angers vs Auxerre,Angers,343609,Jacques Ekomie,D,75,6.9,,0.0,,,25,19.0,76.0,1.0,1.0,1.0,,0,0,2.0,5.0
Angers vs Auxerre,Angers,20554,Haris Belkebla,M,90,7.2,,0.0,,,38,33.0,86.8,3.0,1.0,,3.0,0,0,7.0,11.0
Angers vs Auxerre,Angers,20692,Himad Abdelli,M,90,7.2,,0.0,2.0,1.0,55,52.0,94.5,1.0,,3.0,,0,0,4.0,9.0
Angers vs Auxerre,Angers,174708,Yassin Belkhdim,M,64,6.6,,0.0,,,19,17.0,89.5,1.0,,3.0,3.0,0,0,4.0,8.0
Angers vs Auxerre,Angers,289555,Louis Mouton,M,75,6.2,,0.0,1.0,1.0,22,14.0,63.6,,,1.0,1.0,0,0,1.0,4.0
Angers vs Auxerre,Angers,191289,Amine Sbai,M,82,7.2,,0.0,2.0,1.0,26,20.0,76.9,2.0,,1.0,,1,0,2.0,8.0
Angers vs Auxerre,Angers,421875,Sidiki Cherif,F,82,6.9,,0.0,,,18,14.0,77.8,,,1.0,3.0,1,0,6.0,10.0
Angers vs Auxerre,Angers,174660,Lilian Raolisoa,D,26,6.7,,0.0,,,9,9.0,100.0,,,1.0,,0,0,,1.0
Angers vs Auxerre,Angers,41146,Florent Hanin,D,15,6.6,,0.0,,,6,3.0,50.0,,1.0,,2.0,0,0,2.0,3.0
Angers vs Auxerre,Angers,425207,Marius Courcoul,D,15,6.9,,0.0,,,7,4.0,57.1,1.0,,,,0,0,1.0,1.0
Angers vs Auxerre,Angers,579375,Djibirin Harouna,F,8,6.7,,0.0,1.0,1.0,4,4.0,100.0,,,2.0,,0,0,,3.0
Angers vs Auxerre,Angers,457541,Prosper Peter,F,8,6.9,1.0,0.0,1.0,1.0,2,2.0,100.0,,,2.0,,0,0,,3.0
Angers vs Auxerre,Auxerre,20542,Donovan Léon,G,90,6.9,,0.0,,,29,18.0,62.1,,,,1.0,0,0,1.0,1.0
Angers vs Auxerre,Auxerre,191240,Marvin Senaya,D,83,6.3,,0.0,1.0,1.0,33,19.0,57.6,4.0,3.0,,1.0,0,0,5.0,8.0
Angers vs Auxerre,Auxerre,31016,Francisco Sierralta,D,90,6.5,,0.0,1.0,1.0,40,35.0,87.5,3.0,2.0,2.0,1.0,1,0,5.0,7.0
Angers vs Auxerre,Auxerre,191189,Clement Akpa,D,90,6.2,,0.0,,,63,54.0,85.7,1.0,1.0,,1.0,0,0,3.0,6.0
Angers vs Auxerre,Auxerre,215827,Fredrik Oppegård,D,90,5.9,,0.0,,,47,43.0,91.5,,1.0,2.0,1.0,0,0,1.0,5.0
Angers vs Auxerre,Auxerre,496896,Rudy Matondo,M,72,7.2,,0.0,1.0,,29,28.0,96.6,2.0,1.0,1.0,4.0,0,0,6.0,9.0
Angers vs Auxerre,Auxerre,21010,Elisha Owusu,M,83,6.6,,0.0,,,39,35.0,89.7,1.0,3.0,1.0,,1,0,2.0,4.0
Angers vs Auxerre,Auxerre,323625,Kévin Danois,M,90,6.7,,0.0,2.0,,67,56.0,83.6,1.0,1.0,2.0,2.0,0,0,4.0,8.0
Angers vs Auxerre,Auxerre,293643,Ibrahim Osman,F,45,6.9,,0.0,2.0,1.0,9,8.0,88.9,1.0,,,3.0,0,0,5.0,6.0
Angers vs Auxerre,Auxerre,90617,Lassine Sinayoko,F,77,6.7,,0.0,1.0,1.0,20,18.0,90.0,,,1.0,1.0,0,0,5.0,12.0
Angers vs Auxerre,Auxerre,19625,Danny Namaso,F,90,6.3,,0.0,1.0,,26,20.0,76.9,1.0,1.0,2.0,2.0,0,0,4.0,11.0
Angers vs Auxerre,Auxerre,174915,Josué Casimir,F,45,6.5,,0.0,,,19,16.0,84.2,,,2.0,,0,0,,2.0
Angers vs Auxerre,Auxerre,190686,Sékou Mara,F,18,6.6,,0.0,1.0,1.0,6,6.0,100.0,,,,,0,0,2.0,2.0
Angers vs Auxerre,Auxerre,7578,Gideon Mensah,D,13,6.9,,0.0,,,21,20.0,95.2,,,,1.0,0,0,2.0,2.0
Angers vs Auxerre,Auxerre,193953,Lamine Sy,D,13,6.2,,0.0,,,4,3.0,75.0,,,1.0,,0,0,,1.0
Angers vs Auxerre,Auxerre,30748,Assane Dioussé,M,13,6.3,,0.0,,,13,12.0,92.3,1.0,,,,0,0,1.0,2.0
Strasbourg vs Lille,Strasbourg,340151,Mike Penders,G,90,7.9,,0.0,,,60,46.0,76.7,,,,,1,0,,
Strasbourg vs Lille,Strasbourg,396193,Lucas Høgsberg,D,90,6.9,,0.0,,,52,48.0,92.3,2.0,1.0,1.0,,0,0,2.0,4.0
Strasbourg vs Lille,Strasbourg,276184,Mamadou Sarr,D,90,7.2,,0.0,,,45,43.0,95.6,1.0,1.0,,1.0,0,0,3.0,5.0
Strasbourg vs Lille,Strasbourg,2933,Ben Chilwell,D,90,7.3,,0.0,,,33,26.0,78.8,1.0,2.0,,3.0,1,0,5.0,6.0
Strasbourg vs Lille,Strasbourg,161747,Guéla Doué,M,90,6.9,,0.0,,,37,27.0,73.0,2.0,1.0,1.0,1.0,0,0,5.0,10.0
Strasbourg vs Lille,Strasbourg,319572,Valentín Barco,M,90,7.7,,0.0,1.0,,30,23.0,76.7,2.0,,,4.0,0,0,9.0,11.0
Strasbourg vs Lille,Strasbourg,358166,Abdoul Ouattara,M,89,6.9,,0.0,,,27,26.0,96.3,2.0,1.0,,1.0,0,0,3.0,4.0
Strasbourg vs Lille,Strasbourg,335056,Diego Moreira,M,89,7,,0.0,1.0,,25,19.0,76.0,3.0,2.0,,,0,0,6.0,10.0
Strasbourg vs Lille,Strasbourg,70747,Julio Enciso,F,76,7.2,,0.0,,,13,11.0,84.6,,1.0,,3.0,1,0,6.0,7.0
Strasbourg vs Lille,Strasbourg,203762,Emmanuel Emegha,F,76,9.2,2.0,0.0,2.0,2.0,9,7.0,77.8,,,3.0,2.0,0,0,4.0,9.0
Strasbourg vs Lille,Strasbourg,390742,Joaquin Panichelli,F,89,6.3,,0.0,,,22,11.0,50.0,4.0,2.0,4.0,2.0,1,0,11.0,21.0
Strasbourg vs Lille,Strasbourg,387120,Rabby Nzingoula,M,14,6.9,,0.0,,,1,1.0,100.0,1.0,,,1.0,0,0,3.0,4.0
Strasbourg vs Lille,Strasbourg,415431,Samir El Mourabet,M,14,6.3,,0.0,,,3,1.0,33.3,,,,,0,0,,
Strasbourg vs Lille,Strasbourg,147835,Andrew Omobamidele,D,9,6.9,,0.0,,,0,,,,,,,0,0,1.0,1.0
Strasbourg vs Lille,Strasbourg,359386,Martial Godo,F,9,6.7,,0.0,,,0,,,,,,1.0,0,0,1.0,1.0
Strasbourg vs Lille,Lille,1337,Berke Özer,G,90,6,,0.0,,,32,31.0,96.9,,,,,0,0,,
Strasbourg vs Lille,Lille,264,Thomas Meunier,D,90,6.2,,0.0,,,54,45.0,83.3,2.0,1.0,2.0,,0,0,5.0,13.0
Strasbourg vs Lille,Lille,312964,Nathan Ngoy,D,90,6.2,,0.0,2.0,2.0,74,63.0,85.1,,,1.0,,0,0,2.0,6.0
Strasbourg vs Lille,Lille,1567,Aïssa Mandi,D,90,6.9,,0.0,,,70,62.0,88.6,2.0,1.0,2.0,,0,0,3.0,5.0
Strasbourg vs Lille,Lille,20600,Romain Perraud,D,85,5.6,,0.0,,,27,23.0,85.2,1.0,1.0,3.0,1.0,1,0,2.0,10.0
Strasbourg vs Lille,Lille,438688,Ayyoub Bouaddi,M,85,6.7,,0.0,,,34,29.0,85.3,1.0,,1.0,1.0,0,0,3.0,4.0
Strasbourg vs Lille,Lille,2204,Benjamin André,M,90,6.9,,0.0,1.0,,53,48.0,90.6,2.0,1.0,3.0,3.0,1,0,8.0,16.0
Strasbourg vs Lille,Lille,135749,Félix Correia,M,76,5.9,,0.0,,,26,18.0,69.2,1.0,1.0,1.0,,0,0,2.0,7.0
Strasbourg vs Lille,Lille,67889,Hakon Arnar Haraldsson,M,90,6.3,,0.0,2.0,2.0,44,40.0,90.9,1.0,,1.0,1.0,0,0,2.0,9.0
Strasbourg vs Lille,Lille,340077,Matías Fernández,M,64,6.2,,0.0,,,20,15.0,75.0,,1.0,2.0,,0,0,1.0,5.0
Strasbourg vs Lille,Lille,2295,Olivier Giroud,F,76,5.9,,0.0,1.0,,21,14.0,66.7,,,,1.0,0,0,2.0,3.0
Strasbourg vs Lille,Lille,306979,Hamza Igamane,F,26,6.3,,0.0,,,5,3.0,60.0,,,1.0,1.0,0,0,2.0,6.0
Strasbourg vs Lille,Lille,99576,Osame Sahraoui,F,14,6.7,,0.0,,,9,9.0,100.0,1.0,,,1.0,0,0,2.0,4.0
Strasbourg vs Lille,Lille,318416,Marius Sivertsen Broholm,F,14,6.5,,0.0,,,7,6.0,85.7,,,,,0,0,,1.0
Strasbourg vs Lille,Lille,37151,Calvin Verdonk,D,8,6.3,,0.0,,,4,3.0,75.0,,,1.0,,0,1,,1.0
Strasbourg vs Lille,Lille,375598,Ngal'ayel Mukau,M,13,6.5,,0.0,,,4,4.0,100.0,,,2.0,,1,0,,3.0
Metz vs Nice,Metz,158532,Jonathan Fischer,G,90,7.3,,0.0,,,45,31.0,68.9,,,,,0,0,1.0,1.0
Metz vs Nice,Metz,96331,Koffi Kouao,D,90,6.9,,0.0,1.0,,51,44.0,86.3,2.0,,,2.0,0,0,4.0,8.0
Metz vs Nice,Metz,3240,Jean-Philippe Gbamin,D,90,7.2,,1.0,,,54,48.0,88.9,2.0,2.0,1.0,1.0,0,0,6.0,12.0
Metz vs Nice,Metz,363792,Terry Yegbe,D,90,7,,0.0,,,50,44.0,88.0,,2.0,,1.0,0,0,3.0,3.0
Metz vs Nice,Metz,19518,Maxime Colin,D,90,6.5,,0.0,,,42,37.0,88.1,2.0,1.0,1.0,,0,0,2.0,5.0
Metz vs Nice,Metz,434352,Alpha Touré,M,89,7.2,,0.0,,,35,30.0,85.7,5.0,2.0,1.0,2.0,0,0,9.0,13.0
Metz vs Nice,Metz,21640,Jessy Deminguet,M,77,6.6,,0.0,,,21,21.0,100.0,2.0,,,2.0,0,0,5.0,10.0
Metz vs Nice,Metz,20534,Cheick Tidiane Sabaly,M,77,6.5,,0.0,1.0,,24,17.0,70.8,,,3.0,3.0,1,0,7.0,16.0
Metz vs Nice,Metz,20529,Gauthier Hein,M,89,7.9,1.0,0.0,1.0,1.0,51,47.0,92.2,2.0,,1.0,1.0,1,0,3.0,6.0
Metz vs Nice,Metz,2181,Georgiy Tsitaishvili,M,90,6.7,,0.0,1.0,,18,13.0,72.2,,,1.0,3.0,0,0,4.0,7.0
Metz vs Nice,Metz,20535,Habib Diallo,F,88,8.3,1.0,0.0,2.0,1.0,17,11.0,64.7,1.0,,3.0,3.0,0,0,8.0,13.0
Metz vs Nice,Metz,157912,Boubacar Traoré,M,13,6.6,,0.0,,,9,6.0,66.7,,,,,0,0,3.0,4.0
Metz vs Nice,Metz,408870,Ibou Sane,F,13,6.5,,0.0,,,2,1.0,50.0,,,,,0,0,,1.0
Metz vs Nice,Metz,19323,Joel Asoro,F,9,6.3,,0.0,,,2,1.0,50.0,,,1.0,,0,0,,4.0
Metz vs Nice,Nice,20566,Yehvann Diouf,G,90,6.2,,0.0,,,32,30.0,93.8,,,,,0,0,,
Metz vs Nice,Nice,313937,Antoine Mendy,D,86,6.6,,0.0,,,64,59.0,92.2,1.0,,3.0,2.0,1,0,5.0,9.0
Metz vs Nice,Nice,449509,Abdulay Juma Bah,D,90,5.6,,0.0,1.0,1.0,61,59.0,96.7,,2.0,2.0,1.0,1,0,5.0,11.0
Metz vs Nice,Nice,404172,Kojo Peprah Oppong,D,90,6.6,,0.0,1.0,,58,53.0,91.4,2.0,2.0,,2.0,0,0,8.0,13.0
Metz vs Nice,Nice,25008,Jonathan Clauss,M,90,7.9,,0.0,,,35,30.0,85.7,2.0,1.0,1.0,2.0,0,0,5.0,8.0
Metz vs Nice,Nice,4399,Hicham Boudaoui,M,90,6.3,,0.0,,,38,32.0,84.2,3.0,2.0,1.0,2.0,1,0,6.0,11.0
Metz vs Nice,Nice,8680,Charles Vanhoutte,M,90,7.2,,1.0,,,59,51.0,86.4,1.0,2.0,3.0,,0,0,5.0,10.0
Metz vs Nice,Nice,49583,Ali Abdi,M,45,6.6,,0.0,,,9,9.0,100.0,2.0,,1.0,1.0,0,0,3.0,7.0
Metz vs Nice,Nice,107,Sofiane Diop,F,79,6.3,,0.0,2.0,1.0,21,20.0,95.2,,,1.0,1.0,0,0,1.0,6.0
Metz vs Nice,Nice,274312,Mohamed-Ali Cho,F,79,7.7,1.0,0.0,3.0,1.0,26,23.0,88.5,1.0,1.0,,,0,0,2.0,5.0
Metz vs Nice,Nice,188319,Kevin Carlos Omoruyi,F,71,6,,0.0,2.0,1.0,7,5.0,71.4,,,4.0,,0,0,3.0,12.0
Metz vs Nice,Nice,162465,Melvin Bard,D,45,6.2,,0.0,,,8,4.0,50.0,,1.0,2.0,,1,0,2.0,4.0
Metz vs Nice,Nice,30531,Jérémie Boga,F,19,6.3,,0.0,,,7,6.0,85.7,,,,,0,0,1.0,1.0
Metz vs Nice,Nice,1914,Morgan Sanson,M,11,6.2,,0.0,,,6,5.0,83.3,1.0,,1.0,1.0,0,0,2.0,3.0
Metz vs Nice,Nice,69971,Terem Moffi,F,11,6.5,,0.0,,,2,2.0,100.0,,,,,0,0,,3.0
Metz vs Nice,Nice,158065,Tiago Gouveia,F,11,6.3,,0.0,,,2,2.0,100.0,,,,,0,0,,
Lyon vs Paris Saint Germain,Lyon,61142,Dominik Greif,G,90,5.6,,0.0,,,33,21.0,63.6,,,,,0,0,,
Lyon vs Paris Saint Germain,Lyon,193293,Ruben Kluivert,D,90,6.2,,0.0,,,31,21.0,67.7,2.0,2.0,3.0,,0,0,6.0,12.0
Lyon vs Paris Saint Germain,Lyon,68,Clinton Mata,D,90,6.2,,0.0,,,29,27.0,93.1,,2.0,1.0,4.0,1,0,4.0,6.0
Lyon vs Paris Saint Germain,Lyon,25916,Moussa Niakhaté,D,90,6.2,,1.0,,,29,25.0,86.2,,,,2.0,0,0,3.0,5.0
Lyon vs Paris Saint Germain,Lyon,529,Nicolás Tagliafico,D,90,5.3,,0.0,2.0,,23,14.0,60.9,1.0,5.0,2.0,,2,1,2.0,8.0
Lyon vs Paris Saint Germain,Lyon,80752,Tanner Tessmann,M,90,6,,0.0,,,25,20.0,80.0,1.0,1.0,,,0,0,2.0,7.0
Lyon vs Paris Saint Germain,Lyon,162590,Tyler Morton,M,90,6.6,,1.0,1.0,,23,22.0,95.7,1.0,3.0,1.0,,1,0,2.0,3.0
Lyon vs Paris Saint Germain,Lyon,1456,Ainsley Maitland-Niles,M,90,7.3,1.0,0.0,1.0,1.0,14,11.0,78.6,2.0,,1.0,,0,0,3.0,9.0
Lyon vs Paris Saint Germain,Lyon,519664,Khalis Merah,M,78,6.5,,0.0,,,14,11.0,78.6,1.0,,,,0,0,3.0,4.0
Lyon vs Paris Saint Germain,Lyon,345388,Afonso Moreira,M,90,7.2,1.0,0.0,2.0,1.0,11,11.0,100.0,2.0,1.0,2.0,2.0,0,0,4.0,12.0
Lyon vs Paris Saint Germain,Lyon,18780,Rachid Ghezzal,F,64,6.2,,0.0,,,20,15.0,75.0,,,,,0,0,1.0,5.0
Lyon vs Paris Saint Germain,Lyon,199871,Adam Karabec,M,26,6.5,,0.0,,,10,6.0,60.0,,,,,0,0,1.0,2.0
Lyon vs Paris Saint Germain,Lyon,519,Corentin Tolisso,M,12,6.3,,0.0,,,9,7.0,77.8,,,,,1,0,,4.0
Lyon vs Paris Saint Germain,Paris Saint Germain,162453,Lucas Chevalier,G,90,5.9,,0.0,,,22,18.0,81.8,,,,,0,0,2.0,2.0
Lyon vs Paris Saint Germain,Paris Saint Germain,336657,Warren Zaïre-Emery,D,90,7.6,1.0,0.0,1.0,1.0,54,48.0,88.9,2.0,,,1.0,0,0,8.0,9.0
Lyon vs Paris Saint Germain,Paris Saint Germain,161671,Ilya Zabarnyi,D,90,6.5,,0.0,,,85,79.0,92.9,,2.0,2.0,,0,0,2.0,6.0
Lyon vs Paris Saint Germain,Paris Saint Germain,16367,Willian Pacho,D,90,6.9,,0.0,1.0,,104,96.0,92.3,,,,2.0,0,0,7.0,10.0
Lyon vs Paris Saint Germain,Paris Saint Germain,33,Lucas Hernández,D,74,6.3,,0.0,,,65,59.0,90.8,,1.0,1.0,,0,0,1.0,3.0
Lyon vs Paris Saint Germain,Paris Saint Germain,335051,João Neves,M,90,7.9,1.0,0.0,2.0,1.0,67,63.0,94.0,1.0,,,,0,0,6.0,8.0
Lyon vs Paris Saint Germain,Paris Saint Germain,128384,Vitinha,M,90,8.2,,2.0,1.0,,128,117.0,91.4,3.0,1.0,,1.0,0,0,4.0,5.0
Lyon vs Paris Saint Germain,Paris Saint Germain,328,Fabián Ruiz,M,74,6.3,,0.0,,,57,53.0,93.0,,,,,0,0,,3.0
Lyon vs Paris Saint Germain,Paris Saint Germain,927,Kang-in Lee,F,90,7.2,,1.0,1.0,1.0,50,44.0,88.0,1.0,,1.0,3.0,0,0,5.0,12.0
Lyon vs Paris Saint Germain,Paris Saint Germain,409216,Senny Mayulu,F,67,6.3,,0.0,1.0,,18,15.0,83.3,3.0,,3.0,1.0,1,0,4.0,7.0
Lyon vs Paris Saint Germain,Paris Saint Germain,483,Khvicha Kvaratskhelia,F,74,8.5,1.0,0.0,1.0,1.0,40,31.0,77.5,2.0,1.0,,2.0,0,0,5.0,9.0
Lyon vs Paris Saint Germain,Paris Saint Germain,471107,Quentin Ndjantou,F,23,6.5,,0.0,,,4,3.0,75.0,,,,,0,0,,
Lyon vs Paris Saint Germain,Paris Saint Germain,257,Marquinhos,D,16,6.9,,0.0,,,21,18.0,85.7,,1.0,,,0,0,1.0,1.0
Lyon vs Paris Saint Germain,Paris Saint Germain,41585,Gonçalo Ramos,F,16,6.5,,0.0,,,2,2.0,100.0,1.0,,1.0,,1,0,1.0,2.0
Lyon vs Paris Saint Germain,Paris Saint Germain,446249,Ibrahim Mbaye,F,16,6.6,,0.0,,,12,10.0,83.3,,,,,0,0,,
Nice vs Marseille,Nice,20566,Yehvann Diouf,G,90,6.3,,0.0,,,20,18.0,90.0,,,,,0,0,1.0,1.0
Nice vs Marseille,Nice,313937,Antoine Mendy,D,90,5.7,,0.0,1.0,,82,74.0,90.2,,,1.0,1.0,1,0,2.0,4.0
Nice vs Marseille,Nice,449509,Abdulay Juma Bah,D,90,5.6,,0.0,,,71,68.0,95.8,,2.0,,,0,0,2.0,3.0
Nice vs Marseille,Nice,404172,Kojo Peprah Oppong,D,68,5.7,,0.0,,,46,44.0,95.7,,,,,0,0,1.0,1.0
Nice vs Marseille,Nice,25008,Jonathan Clauss,M,90,6.7,,0.0,,,63,52.0,82.5,,,1.0,,0,0,,1.0
Nice vs Marseille,Nice,8680,Charles Vanhoutte,M,90,6.5,,0.0,,,59,55.0,93.2,2.0,,,,0,0,2.0,4.0
Nice vs Marseille,Nice,128987,Salis Abdul Samed,M,67,6.5,,0.0,,,41,40.0,97.6,3.0,,4.0,1.0,0,0,5.0,10.0
Nice vs Marseille,Nice,162465,Melvin Bard,M,90,6.2,,0.0,2.0,1.0,35,30.0,85.7,,4.0,1.0,1.0,0,0,2.0,6.0
Nice vs Marseille,Nice,274312,Mohamed-Ali Cho,F,77,8.2,1.0,0.0,2.0,2.0,31,28.0,90.3,,,,3.0,0,0,5.0,11.0
Nice vs Marseille,Nice,69971,Terem Moffi,F,68,6.6,,0.0,4.0,4.0,9,5.0,55.6,1.0,,1.0,,0,0,1.0,4.0
Nice vs Marseille,Nice,107,Sofiane Diop,F,77,7.2,,1.0,,,31,23.0,74.2,1.0,1.0,1.0,3.0,0,0,7.0,10.0
Nice vs Marseille,Nice,1914,Morgan Sanson,M,23,6.5,,0.0,,,6,6.0,100.0,,,,,0,0,,2.0
Nice vs Marseille,Nice,49583,Ali Abdi,D,22,6.2,,0.0,,,6,5.0,83.3,,,,1.0,1,0,1.0,1.0
Nice vs Marseille,Nice,30531,Jérémie Boga,F,22,6.7,,0.0,1.0,,5,5.0,100.0,1.0,,,,0,0,1.0,2.0
Nice vs Marseille,Nice,105154,Isak Jansson,F,13,6.3,,0.0,,,2,1.0,50.0,,,,,0,0,1.0,1.0
Nice vs Marseille,Nice,503702,Bernard Nguene,F,13,6.5,,0.0,,,0,,,,,,,0,0,,1.0
Nice vs Marseille,Marseille,36827,Jeffrey de Lange,G,90,8.3,,0.0,,,50,40.0,80.0,,,,,0,0,,
Nice vs Marseille,Marseille,1138,Timothy Weah,D,90,7.9,1.0,0.0,1.0,1.0,28,25.0,89.3,2.0,,,,0,0,3.0,5.0
Nice vs Marseille,Marseille,2725,Benjamin Pavard,D,90,6.7,,1.0,1.0,1.0,57,49.0,86.0,,1.0,1.0,,0,0,,1.0
Nice vs Marseille,Marseille,6,Leonardo Balerdi,D,77,6.9,,1.0,,,63,56.0,88.9,1.0,3.0,,2.0,0,0,3.0,6.0
Nice vs Marseille,Marseille,2284,Emerson Palmieri,D,90,6.9,,0.0,,,44,42.0,95.5,,1.0,,1.0,0,0,2.0,4.0
Nice vs Marseille,Marseille,926,Geoffrey Kondogbia,M,70,6.9,,0.0,,,40,37.0,92.5,1.0,2.0,2.0,1.0,1,0,3.0,7.0
Nice vs Marseille,Marseille,340154,Arthur Vermeeren,M,90,6.3,,0.0,,,37,33.0,89.2,3.0,1.0,3.0,,0,0,4.0,10.0
Nice vs Marseille,Marseille,897,Mason Greenwood,M,90,9.2,2.0,0.0,5.0,5.0,40,35.0,87.5,,,,,0,0,1.0,1.0
Nice vs Marseille,Marseille,896,Angel Gomes,M,70,7,,0.0,,,24,21.0,87.5,3.0,2.0,2.0,3.0,0,0,7.0,10.0
Nice vs Marseille,Marseille,9363,Igor Paixão,M,89,7.6,1.0,0.0,3.0,2.0,21,20.0,95.2,,3.0,,2.0,0,0,4.0,9.0
Nice vs Marseille,Marseille,1465,Pierre-Emerick Aubameyang,F,77,8,1.0,2.0,2.0,2.0,22,19.0,86.4,,,1.0,,0,0,1.0,4.0
Nice vs Marseille,Marseille,283216,Bilal Nadir,M,20,6.3,,0.0,,,11,8.0,72.7,,,1.0,,0,0,,2.0
Nice vs Marseille,Marseille,19030,Matt O'Riley,M,20,6.9,,0.0,,,11,9.0,81.8,2.0,,,,0,0,2.0,2.0
Nice vs Marseille,Marseille,181827,Conrad Jaden Egan-Riley,D,13,6.9,,0.0,,,15,15.0,100.0,,,,,0,0,1.0,1.0
Nice vs Marseille,Marseille,435482,Robinio Vaz,F,13,6.3,,0.0,,,4,3.0,75.0,,,,,0,0,,
Lens vs Strasbourg,Lens,347211,Robin Risser,G,90,6.6,,0.0,,,34,25.0,73.5,,,,,0,0,,
Lens vs Strasbourg,Lens,369500,Ismaelo Ganiou,D,90,8.5,1.0,0.0,1.0,1.0,70,60.0,85.7,1.0,1.0,,,0,0,2.0,3.0
Lens vs Strasbourg,Lens,322984,Samson Baidoo,D,90,7.2,,0.0,,,58,55.0,94.8,,,,,0,0,2.0,4.0
Lens vs Strasbourg,Lens,22166,Malang Sarr,D,90,6.9,,0.0,,,86,68.0,79.1,1.0,2.0,2.0,1.0,0,0,3.0,7.0
Lens vs Strasbourg,Lens,21568,Ruben Aguilar,M,90,6.5,,0.0,,,45,41.0,91.1,2.0,2.0,4.0,1.0,0,0,3.0,9.0
Lens vs Strasbourg,Lens,277306,Mamadou Sangare,M,90,7.9,,0.0,,,68,67.0,98.5,5.0,,1.0,3.0,0,0,9.0,14.0
Lens vs Strasbourg,Lens,22261,Adrien Thomasson,M,90,6.2,,0.0,,,53,43.0,81.1,5.0,1.0,2.0,3.0,1,0,8.0,20.0
Lens vs Strasbourg,Lens,20525,Matthieu Udol,M,90,7.7,,1.0,,,51,41.0,80.4,2.0,3.0,,2.0,0,0,6.0,12.0
Lens vs Strasbourg,Lens,1922,Florian Thauvin,F,75,6.7,,0.0,3.0,1.0,24,20.0,83.3,1.0,,,1.0,0,0,3.0,8.0
Lens vs Strasbourg,Lens,21715,Wesley Saïd,F,75,6.7,,0.0,,,28,26.0,92.9,2.0,,1.0,,0,0,3.0,8.0
Lens vs Strasbourg,Lens,1135,Odsonne Édouard,F,85,7.2,,0.0,2.0,2.0,10,7.0,70.0,,1.0,1.0,,0,0,2.0,7.0
Lens vs Strasbourg,Lens,23643,Morgan Guilavogui,F,20,6.6,,0.0,1.0,,11,9.0,81.8,,,1.0,1.0,0,1,2.0,3.0
Lens vs Strasbourg,Lens,277191,Abdallah Sima,F,15,6.3,,0.0,1.0,1.0,8,6.0,75.0,1.0,,1.0,,0,0,1.0,3.0
Lens vs Strasbourg,Lens,20761,Florian Sotoca,F,12,6.2,,0.0,,,6,4.0,66.7,,,,,1,0,,1.0
Lens vs Strasbourg,Strasbourg,340151,Mike Penders,G,90,7.9,,0.0,,,42,36.0,85.7,,,,,0,0,,
Lens vs Strasbourg,Strasbourg,396193,Lucas Høgsberg,D,45,6.9,,0.0,,,31,28.0,90.3,2.0,,,,0,0,2.0,4.0
Lens vs Strasbourg,Strasbourg,276184,Mamadou Sarr,D,90,7,,0.0,1.0,,59,55.0,93.2,,,,2.0,0,0,4.0,4.0
Lens vs Strasbourg,Strasbourg,2933,Ben Chilwell,D,90,6.9,,0.0,,,51,44.0,86.3,1.0,,1.0,,0,0,2.0,3.0
Lens vs Strasbourg,Strasbourg,161747,Guéla Doué,M,89,6.2,,0.0,1.0,1.0,28,19.0,67.9,2.0,3.0,3.0,,1,0,5.0,16.0
Lens vs Strasbourg,Strasbourg,415431,Samir El Mourabet,M,61,7.2,,0.0,,,31,29.0,93.5,4.0,,2.0,1.0,1,0,6.0,9.0
Lens vs Strasbourg,Strasbourg,319572,Valentín Barco,M,77,6.2,,0.0,,,51,40.0,78.4,,,2.0,1.0,0,1,4.0,9.0
Lens vs Strasbourg,Strasbourg,335056,Diego Moreira,M,85,7,,0.0,,,38,29.0,76.3,2.0,1.0,1.0,3.0,0,0,6.0,11.0
Lens vs Strasbourg,Strasbourg,325594,Félix Lemaréchal,F,61,6.7,,0.0,1.0,,28,19.0,67.9,1.0,1.0,,,0,0,3.0,5.0
Lens vs Strasbourg,Strasbourg,390742,Joaquin Panichelli,F,90,6.9,,0.0,,,28,19.0,67.9,3.0,2.0,1.0,1.0,0,0,9.0,15.0
Lens vs Strasbourg,Strasbourg,203762,Emmanuel Emegha,F,90,6.3,,0.0,1.0,,12,10.0,83.3,,,1.0,2.0,1,0,4.0,6.0
Lens vs Strasbourg,Strasbourg,147835,Andrew Omobamidele,D,45,6.9,,0.0,,,31,28.0,90.3,,,,,0,0,1.0,1.0
Lens vs Strasbourg,Strasbourg,70747,Julio Enciso,M,29,7.2,,0.0,,,10,8.0,80.0,3.0,,,2.0,0,0,9.0,10.0
Lens vs Strasbourg,Strasbourg,395762,Mathis Amougou,M,29,6.3,,0.0,,,19,18.0,94.7,,,1.0,,0,0,,3.0
Lens vs Strasbourg,Strasbourg,387120,Rabby Nzingoula,M,12,6.5,,0.0,,,1,1.0,100.0,,,,,0,0,,3.0
Rennes vs Monaco,Rennes,21628,Brice Samba,G,90,6.2,,0.0,,,38,30.0,78.9,,,,,0,0,,
Rennes vs Monaco,Rennes,417830,Abdelhamid Ait Boudlal,D,90,8,1.0,0.0,1.0,1.0,54,45.0,83.3,2.0,1.0,,,0,0,5.0,9.0
Rennes vs Monaco,Rennes,367636,Jérémy Jacquet,D,90,7.9,,0.0,,,41,35.0,85.4,4.0,,,,0,0,5.0,5.0
Rennes vs Monaco,Rennes,126757,Lilian Brassier,D,90,7.3,,0.0,,,54,47.0,87.0,1.0,1.0,,5.0,0,0,7.0,9.0
Rennes vs Monaco,Rennes,3007,Przemysław Frankowski,M,89,7.9,,1.0,,,52,39.0,75.0,3.0,2.0,,1.0,0,0,5.0,7.0
Rennes vs Monaco,Rennes,24147,Mahdi Camara,M,90,8.5,1.0,1.0,2.0,2.0,32,26.0,81.2,1.0,,1.0,3.0,0,0,5.0,7.0
Rennes vs Monaco,Rennes,21102,Valentin Rongier,M,90,7.3,,0.0,1.0,,92,84.0,91.3,1.0,1.0,,1.0,0,0,2.0,4.0
Rennes vs Monaco,Rennes,343792,Djaoui Cissé,M,74,6.3,,0.0,2.0,,44,37.0,84.1,2.0,,,,0,0,2.0,3.0
Rennes vs Monaco,Rennes,15286,Mousa Tamari,M,85,6.9,,0.0,3.0,3.0,22,18.0,81.8,2.0,1.0,,1.0,0,0,3.0,8.0
Rennes vs Monaco,Rennes,163004,Esteban Lepaul,F,75,7,,0.0,,,8,6.0,75.0,,,,2.0,0,0,4.0,6.0
Rennes vs Monaco,Rennes,421,Breel Embolo,F,89,7.5,1.0,0.0,2.0,2.0,19,19.0,100.0,3.0,,1.0,,0,0,8.0,15.0
Rennes vs Monaco,Rennes,272460,Quentin Merlin,D,16,6.2,,0.0,,,23,19.0,82.6,1.0,,,,0,0,1.0,1.0
Rennes vs Monaco,Rennes,21497,Ludovic Blas,M,15,7,1.0,0.0,1.0,1.0,13,11.0,84.6,1.0,,1.0,,0,0,2.0,3.0
Rennes vs Monaco,Rennes,1754,Glen Kamara,M,11,6.3,,0.0,,,4,4.0,100.0,,,,,0,0,,
Rennes vs Monaco,Monaco,963,Lukáš Hrádecký,G,90,6.7,,0.0,,,14,13.0,92.9,,,,,0,0,,
Rennes vs Monaco,Monaco,231,Jordan Teze,D,90,6.5,,0.0,,,63,56.0,88.9,1.0,3.0,,1.0,0,0,3.0,5.0
Rennes vs Monaco,Monaco,261,Thilo Kehrer,D,90,6.5,,0.0,,,82,75.0,91.5,1.0,1.0,,1.0,0,0,4.0,4.0
Rennes vs Monaco,Monaco,47480,Mohammed Salisu,D,90,6.3,,0.0,,,80,69.0,86.2,1.0,1.0,1.0,,0,0,1.0,6.0
Rennes vs Monaco,Monaco,81,Krépin Diatta,M,70,6.3,,0.0,,,25,18.0,72.0,1.0,1.0,,,0,0,3.0,5.0
Rennes vs Monaco,Monaco,2810,Denis Zakaria,M,66,6,,0.0,,,31,28.0,90.3,2.0,2.0,4.0,,0,1,4.0,9.0
Rennes vs Monaco,Monaco,419035,Mamadou Coulibaly,M,85,6.2,,0.0,,,35,33.0,94.3,2.0,2.0,1.0,,0,0,2.0,5.0
Rennes vs Monaco,Monaco,333137,Kassoum Ouattara,M,90,5.9,,0.0,,,35,31.0,88.6,5.0,1.0,2.0,,0,0,6.0,13.0
Rennes vs Monaco,Monaco,274300,Maghnes Akliouche,F,70,6.7,,0.0,1.0,,28,23.0,82.1,1.0,1.0,2.0,,1,0,2.0,7.0
Rennes vs Monaco,Monaco,135775,Ansu Fati,F,61,6.5,,0.0,3.0,2.0,30,27.0,90.0,,,2.0,1.0,0,0,2.0,8.0
Rennes vs Monaco,Monaco,395040,George Ilenikhena,F,61,6.2,,0.0,,,7,5.0,71.4,,,,,0,0,,4.0
Rennes vs Monaco,Monaco,1101,Takumi Minamino,M,29,6.2,,0.0,,,11,9.0,81.8,,,,,0,0,,3.0
Rennes vs Monaco,Monaco,283026,Mika Biereth,F,29,7.3,1.0,0.0,1.0,1.0,4,4.0,100.0,1.0,,,,0,0,1.0,3.0
Rennes vs Monaco,Monaco,291649,Vanderson,D,20,6.3,,1.0,,,8,8.0,100.0,,1.0,1.0,,0,0,,3.0
Rennes vs Monaco,Monaco,374058,Lamine Camara,M,20,6.5,,0.0,,,18,18.0,100.0,,2.0,,,0,0,,2.0
Rennes vs Monaco,Monaco,904,Paul Pogba,M,11,6.6,,0.0,,,15,14.0,93.3,1.0,1.0,,,0,0,1.0,1.0
Paris Saint Germain vs Le Havre,Paris Saint Germain,162453,Lucas Chevalier,G,90,7.3,,0.0,,,32,28.0,87.5,,,,,0,0,,
Paris Saint Germain vs Le Havre,Paris Saint Germain,336657,Warren Zaïre-Emery,D,90,9.3,,0.0,,,74,66.0,89.2,4.0,,,1.0,0,0,6.0,11.0
Paris Saint Germain vs Le Havre,Paris Saint Germain,161671,Ilya Zabarnyi,D,90,7.3,,0.0,,,65,62.0,95.4,1.0,,,,0,0,2.0,2.0
Paris Saint Germain vs Le Havre,Paris Saint Germain,307835,Lucas Beraldo,D,64,6.9,,0.0,,,35,28.0,80.0,,2.0,1.0,,0,0,2.0,8.0
Paris Saint Germain vs Le Havre,Paris Saint Germain,263482,Nuno Mendes,D,90,7.9,,1.0,2.0,1.0,80,66.0,82.5,2.0,1.0,1.0,2.0,1,0,5.0,7.0
Paris Saint Germain vs Le Havre,Paris Saint Germain,409216,Senny Mayulu,M,71,6.9,,0.0,1.0,,20,19.0,95.0,1.0,1.0,,1.0,0,0,3.0,5.0
Paris Saint Germain vs Le Havre,Paris Saint Germain,128384,Vitinha,M,71,6.9,,0.0,,,59,53.0,89.8,1.0,2.0,,,0,0,1.0,5.0
Paris Saint Germain vs Le Havre,Paris Saint Germain,335051,João Neves,M,90,8.2,1.0,0.0,2.0,1.0,55,49.0,89.1,3.0,2.0,1.0,1.0,0,0,4.0,6.0
Paris Saint Germain vs Le Havre,Paris Saint Germain,927,Kang-in Lee,F,55,8,1.0,0.0,2.0,2.0,36,31.0,86.1,1.0,,,,0,0,2.0,3.0
Paris Saint Germain vs Le Havre,Paris Saint Germain,41585,Gonçalo Ramos,F,64,6.5,,0.0,5.0,2.0,15,13.0,86.7,2.0,,2.0,1.0,0,0,5.0,10.0
Paris Saint Germain vs Le Havre,Paris Saint Germain,446249,Ibrahim Mbaye,F,90,6.9,,0.0,5.0,2.0,46,40.0,87.0,1.0,2.0,1.0,1.0,0,0,6.0,16.0
Paris Saint Germain vs Le Havre,Paris Saint Germain,161904,Bradley Barcola,F,35,8.3,1.0,0.0,3.0,2.0,17,13.0,76.5,,,1.0,,0,0,1.0,4.0
Paris Saint Germain vs Le Havre,Paris Saint Germain,33,Lucas Hernández,D,26,6.6,,0.0,,,17,15.0,88.2,1.0,1.0,1.0,,0,0,2.0,4.0
Paris Saint Germain vs Le Havre,Paris Saint Germain,471107,Quentin Ndjantou,F,26,6.6,,0.0,1.0,,16,13.0,81.2,1.0,,1.0,1.0,1,0,3.0,5.0
Paris Saint Germain vs Le Havre,Paris Saint Germain,328,Fabián Ruiz,M,19,6.9,,0.0,,,21,20.0,95.2,,,,,0,0,,
Paris Saint Germain vs Le Havre,Paris Saint Germain,483,Khvicha Kvaratskhelia,F,19,6.6,,1.0,3.0,1.0,11,10.0,90.9,,,1.0,,0,0,,3.0
Paris Saint Germain vs Le Havre,Le Havre,119853,Mory Diaw,G,90,6.9,,0.0,,,37,22.0,59.5,,,,,0,0,,
Paris Saint Germain vs Le Havre,Le Havre,2336,Loic Négo,D,84,6.3,,0.0,,,18,11.0,61.1,2.0,1.0,1.0,,0,0,2.0,5.0
Paris Saint Germain vs Le Havre,Le Havre,174927,Arouna Sangante,D,90,6,,0.0,,,37,30.0,81.1,1.0,1.0,,,0,0,1.0,3.0
Paris Saint Germain vs Le Havre,Le Havre,64255,Gautier Lloris,D,90,6.6,,0.0,,,26,24.0,92.3,3.0,3.0,,,0,0,4.0,7.0
Paris Saint Germain vs Le Havre,Le Havre,23637,Yanis Zouaoui,D,90,5.6,,0.0,1.0,1.0,31,21.0,67.7,,,,1.0,0,0,1.0,4.0
Paris Saint Germain vs Le Havre,Le Havre,33165,Ayumu Seko,M,90,6.9,,0.0,1.0,,30,23.0,76.7,2.0,3.0,,2.0,0,0,5.0,5.0
Paris Saint Germain vs Le Havre,Le Havre,21103,Abdoulaye Touré,M,58,6.3,,0.0,1.0,,17,15.0,88.2,1.0,,1.0,2.0,1,0,3.0,6.0
Paris Saint Germain vs Le Havre,Le Havre,128342,Rassoul Ndiaye,M,84,6.3,,0.0,1.0,,21,18.0,85.7,4.0,1.0,1.0,,0,0,4.0,9.0
Paris Saint Germain vs Le Havre,Le Havre,364093,Simon Ebonog,M,90,6.2,,0.0,1.0,1.0,19,15.0,78.9,4.0,2.0,,1.0,0,0,6.0,10.0
Paris Saint Germain vs Le Havre,Le Havre,156465,Issa Soumaré,F,90,7.9,,0.0,2.0,,28,22.0,78.6,2.0,,3.0,2.0,0,0,12.0,20.0
Paris Saint Germain vs Le Havre,Le Havre,174937,Yassine Kechta,F,75,6.5,,0.0,2.0,2.0,28,17.0,60.7,3.0,,1.0,1.0,0,0,4.0,9.0
Paris Saint Germain vs Le Havre,Le Havre,145476,Reda Khadra,M,32,6.2,,0.0,,,4,3.0,75.0,1.0,,1.0,,0,0,1.0,5.0
Paris Saint Germain vs Le Havre,Le Havre,174625,Fodé Doucouré,D,15,6.5,,0.0,,,5,5.0,100.0,1.0,,,,0,0,1.0,2.0
Paris Saint Germain vs Le Havre,Le Havre,36932,Younes Namli,F,10,6.7,,0.0,,,5,4.0,80.0,,,,1.0,0,0,1.0,2.0
Paris Saint Germain vs Le Havre,Le Havre,961,Felix Mambimbi,F,10,6.6,,0.0,1.0,,7,5.0,71.4,1.0,,,,0,0,2.0,2.0
Auxerre vs Lyon,Auxerre,20542,Donovan Léon,G,90,8.7,,0.0,,,30,13.0,43.3,,,,1.0,0,0,3.0,3.0
Auxerre vs Lyon,Auxerre,193953,Lamine Sy,D,90,7.3,,0.0,,,16,12.0,75.0,2.0,1.0,1.0,1.0,0,0,4.0,7.0
Auxerre vs Lyon,Auxerre,162466,Sinaly Diomandé,D,90,7.3,,0.0,,,16,12.0,75.0,3.0,1.0,,2.0,0,0,5.0,5.0
Auxerre vs Lyon,Auxerre,191189,Clement Akpa,D,90,7.3,,0.0,,,21,17.0,81.0,2.0,,,,0,0,4.0,4.0
Auxerre vs Lyon,Auxerre,7578,Gideon Mensah,D,84,7.6,,0.0,,,25,20.0,80.0,2.0,2.0,2.0,2.0,1,0,4.0,7.0
Auxerre vs Lyon,Auxerre,496896,Rudy Matondo,M,90,6.5,,0.0,,,14,8.0,57.1,1.0,,2.0,,0,0,2.0,6.0
Auxerre vs Lyon,Auxerre,319919,Oussama El Azzouzi,M,89,7,,0.0,,,24,22.0,91.7,2.0,4.0,,,0,0,4.0,8.0
Auxerre vs Lyon,Auxerre,323625,Kévin Danois,M,90,6.6,,0.0,,,31,24.0,77.4,,1.0,1.0,,0,0,,3.0
Auxerre vs Lyon,Auxerre,90617,Lassine Sinayoko,F,89,6.6,,0.0,4.0,3.0,24,17.0,70.8,,6.0,,,0,0,4.0,7.0
Auxerre vs Lyon,Auxerre,190686,Sékou Mara,F,72,6.6,,0.0,2.0,1.0,14,12.0,85.7,,1.0,2.0,2.0,0,0,6.0,13.0
Auxerre vs Lyon,Auxerre,19625,Danny Namaso,F,90,6.7,,0.0,2.0,1.0,15,15.0,100.0,,2.0,2.0,2.0,0,0,5.0,16.0
Auxerre vs Lyon,Auxerre,174915,Josué Casimir,F,18,6.5,,0.0,,,5,1.0,20.0,,,,,0,0,,1.0
Auxerre vs Lyon,Auxerre,215827,Fredrik Oppegård,D,10,7,,0.0,,,2,2.0,100.0,1.0,,,1.0,0,0,2.0,2.0
Auxerre vs Lyon,Lyon,61142,Dominik Greif,G,90,8.5,,0.0,,,40,35.0,87.5,,,,1.0,0,0,1.0,1.0
Auxerre vs Lyon,Lyon,1456,Ainsley Maitland-Niles,D,90,6.9,,0.0,,,52,44.0,84.6,1.0,2.0,2.0,1.0,1,0,2.0,5.0
Auxerre vs Lyon,Lyon,68,Clinton Mata,D,63,8.2,,0.0,,,65,58.0,89.2,3.0,2.0,1.0,3.0,0,0,7.0,11.0
Auxerre vs Lyon,Lyon,25916,Moussa Niakhaté,D,90,7.3,,0.0,,,79,74.0,93.7,1.0,,1.0,,0,0,4.0,7.0
Auxerre vs Lyon,Lyon,9700,Abner Vinícius,D,90,6.9,,0.0,,,39,33.0,84.6,,,1.0,,0,0,3.0,4.0
Auxerre vs Lyon,Lyon,80752,Tanner Tessmann,M,90,6.7,,0.0,3.0,1.0,67,56.0,83.6,2.0,2.0,1.0,,0,0,3.0,6.0
Auxerre vs Lyon,Lyon,519,Corentin Tolisso,M,90,6.6,,0.0,2.0,,65,58.0,89.2,,2.0,2.0,1.0,1,0,2.0,8.0
Auxerre vs Lyon,Lyon,199871,Adam Karabec,M,85,6.9,,0.0,,,28,22.0,78.6,,,,2.0,0,0,3.0,4.0
Auxerre vs Lyon,Lyon,519664,Khalis Merah,M,45,6.2,,0.0,,,20,18.0,90.0,1.0,,1.0,1.0,1,0,2.0,4.0
Auxerre vs Lyon,Lyon,345388,Afonso Moreira,M,90,6.9,,0.0,3.0,2.0,38,32.0,84.2,2.0,,,1.0,0,0,3.0,9.0
Auxerre vs Lyon,Lyon,195512,Martín Satriano,F,90,6.3,,0.0,3.0,3.0,12,7.0,58.3,2.0,1.0,2.0,,0,0,4.0,12.0
Auxerre vs Lyon,Lyon,66387,Pavel Šulc,M,45,6.5,,0.0,,,13,9.0,69.2,,,,,0,0,2.0,7.0
Auxerre vs Lyon,Lyon,438692,Mathys de Carvalho,M,27,7.2,,0.0,1.0,1.0,28,27.0,96.4,1.0,,,,0,0,3.0,5.0
Auxerre vs Lyon,Lyon,623922,Adil Hamdani,F,9,6.3,,0.0,,,2,2.0,100.0,,,,,0,0,,
Nantes vs Lorient,Nantes,647,Anthony Lopes,G,90,6.3,,0.0,,,22,14.0,63.6,,,,,1,0,,
Nantes vs Lorient,Nantes,22134,Kelvin Amian,D,90,6.9,,0.0,,,59,46.0,78.0,3.0,1.0,1.0,,0,0,7.0,11.0
Nantes vs Lorient,Nantes,50026,Chidozie Awaziem,D,90,8,1.0,0.0,1.0,1.0,100,93.0,93.0,,1.0,2.0,2.0,0,0,3.0,8.0
Nantes vs Lorient,Nantes,522609,Tylel Tati,D,90,7,,0.0,,,89,82.0,92.1,1.0,1.0,1.0,,0,0,1.0,2.0
Nantes vs Lorient,Nantes,21570,Nicolas Cozza,D,90,6.2,,0.0,,,56,46.0,82.1,1.0,1.0,1.0,,0,0,2.0,6.0
Nantes vs Lorient,Nantes,388779,Dehmaine Tabibou,M,81,6.9,,0.0,1.0,,26,21.0,80.8,3.0,,2.0,3.0,0,0,9.0,17.0
Nantes vs Lorient,Nantes,137296,Hyeok-kyu Kwon,M,59,6.7,,0.0,,,33,29.0,87.9,1.0,,1.0,,0,0,1.0,4.0
Nantes vs Lorient,Nantes,282549,Junior Mwanga,M,90,6.9,,0.0,1.0,,40,36.0,90.0,1.0,,1.0,2.0,0,0,4.0,9.0
Nantes vs Lorient,Nantes,266200,Mayckel Lahdo,F,61,6.3,,0.0,,,14,14.0,100.0,,,,1.0,0,0,3.0,6.0
Nantes vs Lorient,Nantes,42086,Youssef El Arabi,F,59,5.9,,0.0,,,15,9.0,60.0,,,3.0,1.0,0,0,1.0,9.0
Nantes vs Lorient,Nantes,161622,Matthis Abline,F,90,6.6,,0.0,2.0,,9,7.0,77.8,,,1.0,3.0,0,0,6.0,13.0
Nantes vs Lorient,Nantes,193952,Johann Lepenant,M,31,6.6,,0.0,,,12,11.0,91.7,1.0,,1.0,,0,0,1.0,4.0
Nantes vs Lorient,Nantes,2668,Mostafa Mohamed,F,31,6.3,,0.0,1.0,,9,4.0,44.4,,,2.0,1.0,0,0,2.0,5.0
Nantes vs Lorient,Nantes,443676,Bahereba Guirassy,F,29,6.2,,0.0,,,9,6.0,66.7,,,1.0,2.0,0,0,2.0,5.0
Nantes vs Lorient,Nantes,428504,Amady Camara,F,9,6.6,,0.0,,,3,1.0,33.3,1.0,,,1.0,0,0,2.0,4.0
Nantes vs Lorient,Lorient,1142,Yvon Mvogo,G,90,6.2,,0.0,,,33,18.0,54.5,,,,,0,0,,
Nantes vs Lorient,Lorient,193501,Bamo Meïté,D,89,7.2,,0.0,,,37,34.0,91.9,,,4.0,2.0,0,0,11.0,17.0
Nantes vs Lorient,Lorient,50030,Montassar Talbi,D,90,7.3,,0.0,,,49,45.0,91.8,,,,1.0,0,0,5.0,5.0
Nantes vs Lorient,Lorient,152669,Darlin Yongwa,D,90,6.3,,0.0,,,52,47.0,90.4,2.0,1.0,,1.0,1,0,3.0,9.0
Nantes vs Lorient,Lorient,174703,Théo Le Bris,M,90,6.6,,0.0,,,32,29.0,90.6,2.0,,2.0,,0,0,2.0,5.0
Nantes vs Lorient,Lorient,402265,Arthur Avom Ebong,M,90,7.2,,0.0,1.0,,58,45.0,77.6,,1.0,,3.0,0,0,4.0,5.0
Nantes vs Lorient,Lorient,23363,Noah Cadiou,M,90,7.3,,0.0,1.0,,45,39.0,86.7,3.0,1.0,3.0,,0,0,7.0,11.0
Nantes vs Lorient,Lorient,402386,Arsène Kouassi,M,90,6.9,,0.0,,,30,24.0,80.0,3.0,2.0,2.0,3.0,0,0,8.0,13.0
Nantes vs Lorient,Lorient,72457,Aiyegun Tosin,F,59,6.6,,0.0,,,11,10.0,90.9,1.0,,,1.0,0,0,3.0,5.0
Nantes vs Lorient,Lorient,322865,Karim Dermane,F,59,6.3,,0.0,1.0,,15,14.0,93.3,2.0,,1.0,,0,0,2.0,8.0
Nantes vs Lorient,Lorient,144319,Sambou Soumano,F,71,7,,0.0,,,14,9.0,64.3,,,1.0,3.0,0,0,6.0,8.0
Nantes vs Lorient,Lorient,276662,Pablo Pagis,F,31,6.9,,0.0,1.0,1.0,9,6.0,66.7,,,1.0,2.0,0,0,4.0,7.0
Nantes vs Lorient,Lorient,22171,Jean-Victor Makengo,M,31,6.7,,0.0,1.0,,8,7.0,87.5,1.0,,1.0,,0,0,3.0,5.0
Nantes vs Lorient,Lorient,200873,Mohamed Bamba,F,19,6.2,,0.0,,,6,4.0,66.7,,,2.0,,0,0,1.0,5.0
Toulouse vs Angers,Toulouse,325346,Guillaume Restes,G,90,6.3,,0.0,,,28,26.0,92.9,,,,,0,0,,
Toulouse vs Angers,Toulouse,50735,Mark McKenzie,D,82,7.3,,0.0,2.0,,47,42.0,89.4,3.0,2.0,2.0,,0,0,7.0,12.0
Toulouse vs Angers,Toulouse,278392,Charlie Cresswell,D,90,7.3,,0.0,4.0,1.0,70,61.0,87.1,2.0,2.0,1.0,3.0,0,0,16.0,23.0
Toulouse vs Angers,Toulouse,15793,Rasmus Nicolaisen,D,90,6.9,,0.0,2.0,,76,67.0,88.2,1.0,3.0,,1.0,0,0,8.0,10.0
Toulouse vs Angers,Toulouse,39115,Aron Dønnum,M,90,7.3,,0.0,,,35,28.0,80.0,,1.0,1.0,3.0,0,0,3.0,7.0
Toulouse vs Angers,Toulouse,50956,Cristian Cásseres Jr.,M,90,7.6,,0.0,3.0,,57,43.0,75.4,5.0,,2.0,1.0,0,0,10.0,15.0
Toulouse vs Angers,Toulouse,514464,Alexis Vossah,M,72,6.7,,0.0,2.0,,32,25.0,78.1,1.0,,1.0,1.0,0,0,3.0,5.0
Toulouse vs Angers,Toulouse,452697,Dayann Methalie,M,72,6.3,,0.0,3.0,2.0,24,21.0,87.5,1.0,,,,0,0,3.0,11.0
Toulouse vs Angers,Toulouse,174724,Frank Magri,F,66,6.2,,0.0,,,10,8.0,80.0,1.0,,2.0,1.0,0,0,2.0,7.0
Toulouse vs Angers,Toulouse,84128,Yann Gboho,F,90,7.2,,0.0,,,41,33.0,80.5,,1.0,1.0,3.0,0,0,4.0,9.0
Toulouse vs Angers,Toulouse,321648,Emersonn,F,90,6.9,,0.0,3.0,1.0,12,9.0,75.0,1.0,2.0,2.0,1.0,1,0,8.0,16.0
Toulouse vs Angers,Toulouse,334952,Rafik Messali,M,24,6.3,,0.0,,,11,8.0,72.7,,,1.0,1.0,0,0,1.0,3.0
Toulouse vs Angers,Toulouse,102,Djibril Sidibé,D,18,7.2,,0.0,,,19,19.0,100.0,,,,,0,0,1.0,1.0
Toulouse vs Angers,Toulouse,430816,Noah Edjouma,F,18,6.7,,0.0,2.0,2.0,2,2.0,100.0,,,1.0,,0,0,,1.0
Toulouse vs Angers,Toulouse,457025,Julian Vignolo,F,8,6.5,,0.0,,,0,,,,,1.0,,0,0,,1.0
Toulouse vs Angers,Angers,22220,Hervé Koffi,G,90,9.2,,0.0,,,48,29.0,60.4,,,,,0,0,1.0,1.0
Toulouse vs Angers,Angers,174660,Lilian Raolisoa,D,90,7.3,,0.0,,,34,28.0,82.4,2.0,3.0,,1.0,0,0,5.0,8.0
Toulouse vs Angers,Angers,271540,Ousmane Camara,D,90,7,,0.0,,,53,50.0,94.3,,1.0,3.0,1.0,0,0,4.0,11.0
Toulouse vs Angers,Angers,21381,Jordan Lefort,D,90,7.2,,0.0,,,61,53.0,86.9,,2.0,,1.0,0,0,2.0,5.0
Toulouse vs Angers,Angers,343609,Jacques Ekomie,D,90,6.9,,0.0,,,23,18.0,78.3,2.0,2.0,1.0,1.0,1,0,5.0,7.0
Toulouse vs Angers,Angers,20554,Haris Belkebla,M,90,6.3,,0.0,,,32,24.0,75.0,2.0,1.0,1.0,3.0,1,0,6.0,12.0
Toulouse vs Angers,Angers,20692,Himad Abdelli,M,89,7.2,,0.0,,,65,56.0,86.2,3.0,2.0,3.0,2.0,0,0,7.0,12.0
Toulouse vs Angers,Angers,174708,Yassin Belkhdim,M,90,8.5,1.0,0.0,3.0,1.0,26,18.0,69.2,7.0,2.0,,2.0,0,0,11.0,15.0
Toulouse vs Angers,Angers,289555,Louis Mouton,M,81,6.9,,0.0,1.0,1.0,33,24.0,72.7,3.0,1.0,,,0,0,5.0,9.0
Toulouse vs Angers,Angers,191289,Amine Sbai,M,89,6.2,,0.0,1.0,,27,22.0,81.5,2.0,1.0,3.0,1.0,0,0,4.0,15.0
Toulouse vs Angers,Angers,421875,Sidiki Cherif,F,68,5.9,,0.0,,,10,8.0,80.0,,,1.0,1.0,0,0,2.0,13.0
Toulouse vs Angers,Angers,457541,Prosper Peter,F,22,6.3,,0.0,,,3,2.0,66.7,,,2.0,,0,0,1.0,8.0
Toulouse vs Angers,Angers,579375,Djibirin Harouna,F,9,6.7,,0.0,,,2,1.0,50.0,,,1.0,1.0,1,0,2.0,4.0
Stade Brestois 29 vs Metz,Stade Brestois 29,21248,Grégoire Coudert,G,90,6.3,,0.0,,,27,16.0,59.3,,,,,0,0,1.0,1.0
Stade Brestois 29 vs Metz,Stade Brestois 29,22247,Kenny Lala,D,90,6.7,,0.0,,,49,39.0,79.6,1.0,2.0,,,0,0,1.0,1.0
Stade Brestois 29 vs Metz,Stade Brestois 29,20546,Brendan Chardonnet,D,90,7,,1.0,1.0,1.0,83,71.0,85.5,,,1.0,1.0,0,0,5.0,6.0
Stade Brestois 29 vs Metz,Stade Brestois 29,162568,Soumaila Coulibaly,D,90,6.2,,0.0,1.0,,94,90.0,95.7,,,1.0,,1,0,6.0,7.0
Stade Brestois 29 vs Metz,Stade Brestois 29,302868,Daouda Guindo,D,90,6.5,,0.0,1.0,,33,25.0,75.8,3.0,2.0,2.0,,0,0,5.0,9.0
Stade Brestois 29 vs Metz,Stade Brestois 29,128287,Joris Chotard,M,90,7.2,,0.0,3.0,,45,40.0,88.9,1.0,,,1.0,0,0,3.0,3.0
Stade Brestois 29 vs Metz,Stade Brestois 29,20558,Hugo Magnetti,M,78,6.9,,0.0,1.0,1.0,49,43.0,87.8,2.0,3.0,,,0,0,2.0,3.0
Stade Brestois 29 vs Metz,Stade Brestois 29,2214,Romain Del Castillo,M,90,6.9,1.0,0.0,3.0,2.0,39,30.0,76.9,2.0,1.0,,1.0,0,0,8.0,13.0
Stade Brestois 29 vs Metz,Stade Brestois 29,326068,Kamory Doumbia,M,67,7.5,1.0,0.0,2.0,2.0,37,34.0,91.9,2.0,,1.0,,1,0,2.0,6.0
Stade Brestois 29 vs Metz,Stade Brestois 29,375990,Pathé Mboup,M,78,8.3,1.0,0.0,3.0,1.0,22,19.0,86.4,4.0,,3.0,1.0,0,0,8.0,13.0
Stade Brestois 29 vs Metz,Stade Brestois 29,22264,Ludovic Ajorque,F,90,6.9,,1.0,3.0,,30,23.0,76.7,,,1.0,1.0,0,0,6.0,13.0
Stade Brestois 29 vs Metz,Stade Brestois 29,326073,Remy Labeau Lascary,F,23,6.3,,0.0,,,4,3.0,75.0,,,1.0,1.0,0,0,1.0,3.0
Stade Brestois 29 vs Metz,Stade Brestois 29,664,Lucas Tousart,M,12,6.6,,0.0,,,2,,,,,1.0,1.0,0,0,1.0,4.0
Stade Brestois 29 vs Metz,Stade Brestois 29,41323,Mama Baldé,F,12,6.7,,0.0,,,2,2.0,100.0,,,,,0,0,1.0,2.0
Stade Brestois 29 vs Metz,Metz,158532,Jonathan Fischer,G,90,6.9,,0.0,,,36,26.0,72.2,,,,1.0,0,0,2.0,3.0
Stade Brestois 29 vs Metz,Metz,96331,Koffi Kouao,D,68,6.5,,0.0,,,32,29.0,90.6,1.0,1.0,1.0,1.0,0,0,2.0,4.0
Stade Brestois 29 vs Metz,Metz,3240,Jean-Philippe Gbamin,D,90,6.2,,0.0,,,63,57.0,90.5,,,,1.0,0,0,3.0,7.0
Stade Brestois 29 vs Metz,Metz,363792,Terry Yegbe,D,90,6.2,,1.0,,,59,50.0,84.7,,,1.0,,0,0,2.0,5.0
Stade Brestois 29 vs Metz,Metz,19518,Maxime Colin,D,90,6.3,,0.0,1.0,1.0,35,25.0,71.4,4.0,1.0,1.0,1.0,0,0,5.0,7.0
Stade Brestois 29 vs Metz,Metz,434352,Alpha Touré,M,90,5.9,,0.0,,,44,38.0,86.4,1.0,1.0,1.0,,1,0,2.0,7.0
Stade Brestois 29 vs Metz,Metz,21640,Jessy Deminguet,M,68,6.3,,0.0,,,21,17.0,81.0,1.0,,,,0,0,1.0,4.0
Stade Brestois 29 vs Metz,Metz,20534,Cheick Tidiane Sabaly,M,90,6,,0.0,1.0,1.0,19,14.0,73.7,,1.0,1.0,2.0,1,0,6.0,16.0
Stade Brestois 29 vs Metz,Metz,20529,Gauthier Hein,M,90,6.2,,0.0,2.0,,40,37.0,92.5,,,,1.0,0,0,2.0,7.0
Stade Brestois 29 vs Metz,Metz,2181,Georgiy Tsitaishvili,M,68,7.3,1.0,0.0,1.0,1.0,14,8.0,57.1,,,,,0,0,2.0,6.0
Stade Brestois 29 vs Metz,Metz,19323,Joel Asoro,F,78,5.6,,0.0,1.0,,10,3.0,30.0,,,1.0,,0,0,,9.0
Stade Brestois 29 vs Metz,Metz,105,Fodé Ballo-Touré,D,22,6,,0.0,,,12,10.0,83.3,,,2.0,1.0,1,0,2.0,3.0
Stade Brestois 29 vs Metz,Metz,157912,Boubacar Traoré,M,22,6.7,,0.0,,,8,7.0,87.5,,,,,0,0,3.0,4.0
Stade Brestois 29 vs Metz,Metz,336180,Morgan Bokele Mputu,F,22,6.6,,0.0,,,9,8.0,88.9,1.0,1.0,,,0,0,2.0,2.0
Stade Brestois 29 vs Metz,Metz,408870,Ibou Sane,F,12,6.6,,0.0,,,4,2.0,50.0,,,,,0,0,,
Lille vs Paris FC,Lille,1337,Berke Özer,G,90,6.2,,0.0,,,27,24.0,88.9,,,,,0,0,,
Lille vs Paris FC,Lille,264,Thomas Meunier,D,90,6.7,,0.0,,,46,34.0,73.9,1.0,2.0,,,0,0,2.0,2.0
Lille vs Paris FC,Lille,375,Chancel Mbemba,D,90,6.7,,0.0,1.0,1.0,55,47.0,85.5,,2.0,,2.0,0,0,3.0,4.0
Lille vs Paris FC,Lille,1567,Aïssa Mandi,D,86,8.2,1.0,0.0,1.0,1.0,76,66.0,86.8,1.0,1.0,,,0,0,2.0,2.0
Lille vs Paris FC,Lille,20600,Romain Perraud,D,90,7.2,,1.0,1.0,1.0,44,37.0,84.1,5.0,1.0,1.0,,0,0,5.0,7.0
Lille vs Paris FC,Lille,135749,Félix Correia,M,90,6.7,,0.0,,,39,32.0,82.1,,3.0,1.0,,0,0,,6.0
Lille vs Paris FC,Lille,409,Nabil Bentaleb,M,73,6.7,,0.0,2.0,1.0,46,39.0,84.8,,,,2.0,0,0,5.0,15.0
Lille vs Paris FC,Lille,438688,Ayyoub Bouaddi,M,90,6.5,,0.0,,,38,30.0,78.9,1.0,1.0,2.0,,0,0,4.0,8.0
Lille vs Paris FC,Lille,99576,Osame Sahraoui,M,73,7.2,,0.0,,,36,31.0,86.1,1.0,1.0,,5.0,0,0,10.0,14.0
Lille vs Paris FC,Lille,306979,Hamza Igamane,F,61,6.3,,0.0,3.0,1.0,15,10.0,66.7,1.0,,2.0,,1,0,4.0,9.0
Lille vs Paris FC,Lille,2295,Olivier Giroud,F,86,7.9,2.0,0.0,4.0,4.0,21,16.0,76.2,,,,1.0,0,0,2.0,5.0
Lille vs Paris FC,Lille,67889,Hakon Arnar Haraldsson,M,29,7.2,,0.0,,,11,10.0,90.9,1.0,,1.0,1.0,0,0,2.0,3.0
Lille vs Paris FC,Lille,375598,Ngal'ayel Mukau,M,17,6.5,,0.0,,,9,8.0,88.9,1.0,,1.0,,0,0,1.0,2.0
Lille vs Paris FC,Lille,318416,Marius Sivertsen Broholm,F,17,7,1.0,0.0,1.0,1.0,8,7.0,87.5,,,1.0,,0,0,,2.0
Lille vs Paris FC,Lille,312964,Nathan Ngoy,D,12,6.9,,0.0,,,2,2.0,100.0,,1.0,,,0,0,1.0,1.0
Lille vs Paris FC,Lille,386287,Ethan Mbappé,M,12,6.7,,0.0,,,2,2.0,100.0,,,,,0,0,,1.0
Lille vs Paris FC,Paris FC,1800,Kevin Trapp,G,90,6.9,,0.0,,,44,27.0,61.4,,1.0,,,0,0,,
Lille vs Paris FC,Paris FC,2202,Hamari Traoré,D,90,5.5,,0.0,,,45,25.0,55.6,1.0,2.0,4.0,,1,0,3.0,9.0
Lille vs Paris FC,Paris FC,20869,Samir Sophian Chergui,D,60,6.7,,0.0,,,30,25.0,83.3,1.0,1.0,,1.0,0,0,3.0,4.0
Lille vs Paris FC,Paris FC,174881,Moustapha Mbow,D,90,6.2,,0.0,,,48,46.0,95.8,2.0,1.0,1.0,,0,0,3.0,5.0
Lille vs Paris FC,Paris FC,8474,Thibault De Smet,D,90,6.2,,0.0,,,41,36.0,87.8,1.0,2.0,,1.0,0,0,3.0,4.0
Lille vs Paris FC,Paris FC,22170,Pierre Lees Melou,M,74,6.9,,0.0,,,35,28.0,80.0,4.0,,,1.0,0,0,5.0,10.0
Lille vs Paris FC,Paris FC,20925,Vincent Marchetti,M,83,5.9,,0.0,1.0,1.0,35,30.0,85.7,2.0,,1.0,,0,0,4.0,9.0
Lille vs Paris FC,Paris FC,84218,Adama Camara,M,90,6.5,,0.0,,,32,25.0,78.1,1.0,1.0,1.0,,0,0,5.0,8.0
Lille vs Paris FC,Paris FC,83831,Ilan Kebbal,F,90,7.2,,0.0,,,51,44.0,86.3,2.0,,,3.0,0,0,6.0,12.0
Lille vs Paris FC,Paris FC,120,Willem Geubbels,F,60,7.5,1.0,0.0,2.0,1.0,12,7.0,58.3,,,2.0,,0,0,4.0,10.0
Lille vs Paris FC,Paris FC,22003,Mathieu Cafaro,F,60,6.7,,0.0,,,13,10.0,76.9,,,1.0,2.0,0,0,2.0,4.0
Lille vs Paris FC,Paris FC,22086,Timothée Kolodziejczak,D,30,5.6,,0.0,,,26,23.0,88.5,,1.0,1.0,,0,0,,1.0
Lille vs Paris FC,Paris FC,2781,Moses Simon,F,30,6.7,,0.0,,,9,9.0,100.0,,,,1.0,0,0,1.0,2.0
Lille vs Paris FC,Paris FC,22842,Jean-Philippe Krasso,F,30,6.9,,1.0,,,10,9.0,90.0,,,1.0,,0,0,,2.0
Lille vs Paris FC,Paris FC,20704,Alimami Gory,F,16,6.2,,0.0,,,5,5.0,100.0,,,,,0,0,,
Lille vs Paris FC,Paris FC,327592,Lohann Doucet,M,15,7.3,1.0,0.0,1.0,1.0,4,4.0,100.0,,,,,1,0,1.0,1.0
Metz vs Rennes,Metz,158532,Jonathan Fischer,G,90,7.2,,0.0,,,38,36.0,94.7,,,,,0,0,,
Metz vs Rennes,Metz,19518,Maxime Colin,D,90,7,,0.0,,,64,58.0,90.6,1.0,3.0,1.0,,0,0,2.0,5.0
Metz vs Rennes,Metz,3240,Jean-Philippe Gbamin,D,90,6.9,,0.0,1.0,1.0,87,76.0,87.4,,3.0,1.0,1.0,0,0,2.0,11.0
Metz vs Rennes,Metz,363792,Terry Yegbe,D,90,6.7,,0.0,2.0,,64,52.0,81.2,,1.0,2.0,,0,0,2.0,5.0
Metz vs Rennes,Metz,2181,Georgiy Tsitaishvili,M,90,6.6,,0.0,,,34,24.0,70.6,1.0,,,3.0,0,0,4.0,5.0
Metz vs Rennes,Metz,21640,Jessy Deminguet,M,75,6.9,,0.0,1.0,1.0,43,39.0,90.7,1.0,1.0,1.0,,0,0,1.0,4.0
Metz vs Rennes,Metz,157912,Boubacar Traoré,M,88,6.9,,0.0,2.0,,39,31.0,79.5,2.0,1.0,1.0,,0,0,7.0,10.0
Metz vs Rennes,Metz,105,Fodé Ballo-Touré,M,76,7.9,,0.0,,,27,24.0,88.9,3.0,,,,0,0,5.0,5.0
Metz vs Rennes,Metz,20529,Gauthier Hein,F,90,7.5,,0.0,,,41,39.0,95.1,,,1.0,3.0,0,0,4.0,6.0
Metz vs Rennes,Metz,20534,Cheick Tidiane Sabaly,F,19,6.5,,0.0,,,1,,,,,,,0,0,,1.0
Metz vs Rennes,Metz,408870,Ibou Sane,F,76,6.3,,0.0,2.0,,13,11.0,84.6,,,1.0,,0,0,,2.0
Metz vs Rennes,Metz,19323,Joel Asoro,F,71,6.3,,0.0,1.0,1.0,13,11.0,84.6,,,,1.0,0,0,2.0,5.0
Metz vs Rennes,Metz,434352,Alpha Touré,M,15,6.9,,0.0,,,6,5.0,83.3,1.0,,,,0,0,2.0,2.0
Metz vs Rennes,Metz,403883,Malick Mbaye,F,14,6.3,,0.0,1.0,1.0,1,1.0,100.0,1.0,1.0,,,0,0,1.0,3.0
Metz vs Rennes,Metz,336180,Morgan Bokele Mputu,F,14,6.7,,0.0,,,7,4.0,57.1,2.0,,1.0,,0,0,2.0,4.0
Metz vs Rennes,Metz,68177,Giorgi Abuashvili,F,2,,,0.0,1.0,1.0,4,3.0,75.0,1.0,,,,0,0,1.0,1.0
Metz vs Rennes,Rennes,21628,Brice Samba,G,90,7.3,,0.0,,,37,27.0,73.0,,,,,0,0,,
Metz vs Rennes,Rennes,417830,Abdelhamid Ait Boudlal,D,90,7.5,,0.0,,,61,54.0,88.5,1.0,1.0,,1.0,0,0,5.0,7.0
Metz vs Rennes,Rennes,367636,Jérémy Jacquet,D,90,7.5,,0.0,1.0,1.0,63,61.0,96.8,1.0,1.0,,,0,0,2.0,2.0
Metz vs Rennes,Rennes,126757,Lilian Brassier,D,62,7,,0.0,,,46,34.0,73.9,2.0,2.0,1.0,,0,0,2.0,3.0
Metz vs Rennes,Rennes,3007,Przemysław Frankowski,M,62,6.6,,0.0,,,24,19.0,79.2,,,1.0,,0,0,,5.0
Metz vs Rennes,Rennes,24147,Mahdi Camara,M,90,6.6,,0.0,,,34,30.0,88.2,1.0,1.0,,1.0,0,0,3.0,6.0
Metz vs Rennes,Rennes,21102,Valentin Rongier,M,90,7.7,1.0,0.0,2.0,1.0,57,47.0,82.5,1.0,4.0,2.0,,0,0,1.0,6.0
Metz vs Rennes,Rennes,343792,Djaoui Cissé,M,62,6.9,,0.0,,,32,24.0,75.0,2.0,,1.0,1.0,0,0,3.0,4.0
Metz vs Rennes,Rennes,15286,Mousa Tamari,M,90,6.5,,0.0,1.0,,25,22.0,88.0,1.0,,2.0,,0,0,2.0,7.0
Metz vs Rennes,Rennes,163004,Esteban Lepaul,F,76,6,,0.0,,,9,4.0,44.4,,,,,0,0,1.0,4.0
Metz vs Rennes,Rennes,421,Breel Embolo,F,90,7,,1.0,1.0,,21,15.0,71.4,5.0,,1.0,3.0,0,0,11.0,15.0
Metz vs Rennes,Rennes,129681,Anthony Rouault,D,28,6.6,,0.0,,,18,12.0,66.7,1.0,1.0,,,0,0,1.0,1.0
Metz vs Rennes,Rennes,272460,Quentin Merlin,D,28,6.9,,0.0,,,18,15.0,83.3,1.0,2.0,,,0,0,1.0,2.0
Metz vs Rennes,Rennes,21497,Ludovic Blas,M,28,7,,0.0,,,9,7.0,77.8,,1.0,,1.0,0,0,1.0,3.0
Metz vs Rennes,Rennes,449662,Mohamed Kader Meite,F,14,6.5,,0.0,,,5,3.0,60.0,,,,,0,0,1.0,4.0
Monaco vs Paris Saint Germain,Monaco,963,Lukáš Hrádecký,G,90,7.9,,0.0,,,30,18.0,60.0,,,,,0,0,,
Monaco vs Paris Saint Germain,Monaco,291649,Vanderson,D,65,6.7,,0.0,1.0,,23,16.0,69.6,4.0,2.0,1.0,,0,0,5.0,10.0
Monaco vs Paris Saint Germain,Monaco,261,Thilo Kehrer,D,80,6.6,,0.0,,,31,23.0,74.2,2.0,,1.0,,0,1,5.0,8.0
Monaco vs Paris Saint Germain,Monaco,47480,Mohammed Salisu,D,90,7.5,,0.0,2.0,1.0,48,43.0,89.6,1.0,1.0,2.0,,0,0,5.0,9.0
Monaco vs Paris Saint Germain,Monaco,10316,Caio Henrique,D,90,7.2,,0.0,,,43,35.0,81.4,1.0,2.0,,1.0,0,0,3.0,3.0
Monaco vs Paris Saint Germain,Monaco,231,Jordan Teze,M,90,7.3,,0.0,1.0,1.0,39,33.0,84.6,1.0,2.0,2.0,2.0,1,0,4.0,7.0
Monaco vs Paris Saint Germain,Monaco,374058,Lamine Camara,M,90,7.2,,0.0,,,52,39.0,75.0,2.0,4.0,1.0,4.0,1,0,8.0,11.0
Monaco vs Paris Saint Germain,Monaco,274300,Maghnes Akliouche,M,90,7.2,,0.0,,,38,33.0,86.8,1.0,2.0,2.0,3.0,0,0,7.0,11.0
Monaco vs Paris Saint Germain,Monaco,1101,Takumi Minamino,M,86,8.2,1.0,0.0,2.0,2.0,29,20.0,69.0,1.0,,,1.0,0,0,2.0,2.0
Monaco vs Paris Saint Germain,Monaco,109,Aleksandr Golovin,M,72,6.9,,1.0,1.0,1.0,31,25.0,80.6,,2.0,,,0,0,,2.0
Monaco vs Paris Saint Germain,Monaco,138835,Folarin Balogun,F,85,6.2,,0.0,,,25,19.0,76.0,,,1.0,1.0,0,0,3.0,10.0
Monaco vs Paris Saint Germain,Monaco,81,Krépin Diatta,M,25,6.6,,0.0,,,4,4.0,100.0,,,,,1,0,1.0,2.0
Monaco vs Paris Saint Germain,Monaco,135775,Ansu Fati,F,18,6.9,,0.0,,,5,4.0,80.0,3.0,,,,0,0,3.0,3.0
Monaco vs Paris Saint Germain,Monaco,283026,Mika Biereth,F,12,6.2,,0.0,,,4,1.0,25.0,,,,,0,0,,2.0
Monaco vs Paris Saint Germain,Monaco,904,Paul Pogba,M,11,6.9,,0.0,,,5,3.0,60.0,,,,,0,0,1.0,1.0
Monaco vs Paris Saint Germain,Paris Saint Germain,162453,Lucas Chevalier,G,90,7,,0.0,,,27,16.0,59.3,,,,1.0,0,0,1.0,1.0
Monaco vs Paris Saint Germain,Paris Saint Germain,336657,Warren Zaïre-Emery,D,90,6.7,,0.0,,,56,47.0,83.9,1.0,,,,0,0,2.0,3.0
Monaco vs Paris Saint Germain,Paris Saint Germain,257,Marquinhos,D,90,7.3,,0.0,,,50,46.0,92.0,4.0,2.0,1.0,,0,0,5.0,9.0
Monaco vs Paris Saint Germain,Paris Saint Germain,16367,Willian Pacho,D,90,6.3,,0.0,,,59,49.0,83.1,,1.0,,,0,0,1.0,3.0
Monaco vs Paris Saint Germain,Paris Saint Germain,33,Lucas Hernández,D,90,7.2,,0.0,1.0,,55,48.0,87.3,3.0,1.0,1.0,3.0,0,0,7.0,12.0
Monaco vs Paris Saint Germain,Paris Saint Germain,335051,João Neves,M,90,6.7,,0.0,2.0,,45,36.0,80.0,3.0,2.0,,,0,0,3.0,6.0
Monaco vs Paris Saint Germain,Paris Saint Germain,128384,Vitinha,M,90,7.6,,0.0,2.0,2.0,91,79.0,86.8,,,3.0,2.0,1,0,3.0,6.0
Monaco vs Paris Saint Germain,Paris Saint Germain,328,Fabián Ruiz,M,83,6.2,,0.0,2.0,,45,38.0,84.4,,,,,0,0,,2.0
Monaco vs Paris Saint Germain,Paris Saint Germain,927,Kang-in Lee,F,64,6.7,,0.0,2.0,,33,30.0,90.9,1.0,,3.0,,0,0,4.0,8.0
Monaco vs Paris Saint Germain,Paris Saint Germain,409216,Senny Mayulu,F,64,6.2,,0.0,1.0,,13,12.0,92.3,,,1.0,2.0,0,0,2.0,11.0
Monaco vs Paris Saint Germain,Paris Saint Germain,483,Khvicha Kvaratskhelia,F,76,6.7,,0.0,2.0,2.0,26,20.0,76.9,1.0,1.0,2.0,1.0,0,0,5.0,11.0
Monaco vs Paris Saint Germain,Paris Saint Germain,153,Ousmane Dembélé,F,26,6.7,,0.0,,,17,13.0,76.5,,,,,0,0,,2.0
Monaco vs Paris Saint Germain,Paris Saint Germain,471107,Quentin Ndjantou,F,26,6.2,,0.0,1.0,,9,7.0,77.8,,,1.0,,0,0,,3.0
Monaco vs Paris Saint Germain,Paris Saint Germain,446249,Ibrahim Mbaye,F,14,6.3,,0.0,,,8,4.0,50.0,,,1.0,1.0,0,0,1.0,4.0
Monaco vs Paris Saint Germain,Paris Saint Germain,41585,Gonçalo Ramos,F,14,6.2,,0.0,,,0,,,,,,,0,0,,
Paris FC vs Auxerre,Paris FC,194981,Obed Nkambadio,G,90,5.9,,0.0,,,54,50.0,92.6,,,,,0,0,1.0,1.0
Paris FC vs Auxerre,Paris FC,2202,Hamari Traoré,D,90,7.2,,0.0,,,40,32.0,80.0,5.0,,2.0,1.0,0,0,7.0,11.0
Paris FC vs Auxerre,Paris FC,174881,Moustapha Mbow,D,90,7.5,,0.0,,,86,81.0,94.2,2.0,,,2.0,0,0,9.0,11.0
Paris FC vs Auxerre,Paris FC,266013,Otávio,D,90,7.2,,0.0,,,98,85.0,86.7,1.0,,1.0,1.0,1,0,5.0,7.0
Paris FC vs Auxerre,Paris FC,8474,Thibault De Smet,D,79,6.3,,0.0,,,32,26.0,81.2,1.0,,1.0,,0,0,2.0,6.0
Paris FC vs Auxerre,Paris FC,20704,Alimami Gory,M,61,5.7,,0.0,1.0,,8,7.0,87.5,,2.0,,1.0,0,0,1.0,3.0
Paris FC vs Auxerre,Paris FC,20925,Vincent Marchetti,M,90,7,,0.0,1.0,,45,40.0,88.9,7.0,,2.0,,0,0,8.0,11.0
Paris FC vs Auxerre,Paris FC,84218,Adama Camara,M,79,6.7,,0.0,1.0,,28,27.0,96.4,2.0,,2.0,1.0,0,0,4.0,6.0
Paris FC vs Auxerre,Paris FC,2781,Moses Simon,M,70,6.5,,0.0,,,20,17.0,85.0,1.0,1.0,,,0,0,1.0,6.0
Paris FC vs Auxerre,Paris FC,83831,Ilan Kebbal,F,90,8.3,1.0,0.0,2.0,1.0,66,60.0,90.9,3.0,2.0,,5.0,0,0,10.0,19.0
Paris FC vs Auxerre,Paris FC,22842,Jean-Philippe Krasso,F,79,7.2,,0.0,2.0,1.0,10,10.0,100.0,,,1.0,2.0,0,0,3.0,5.0
Paris FC vs Auxerre,Paris FC,327592,Lohann Doucet,M,29,6.6,,0.0,,,11,8.0,72.7,1.0,,,,0,0,1.0,1.0
Paris FC vs Auxerre,Paris FC,22003,Mathieu Cafaro,M,20,6.9,,0.0,,,4,4.0,100.0,,,,,0,0,1.0,2.0
Paris FC vs Auxerre,Paris FC,55819,Tuomas Ollila,D,11,6.9,,0.0,,,5,1.0,20.0,,,,1.0,0,0,2.0,2.0
Paris FC vs Auxerre,Paris FC,22229,Jonathan Ikoné,F,11,6.2,,0.0,1.0,,4,3.0,75.0,,,1.0,,1,0,,1.0
Paris FC vs Auxerre,Paris FC,120,Willem Geubbels,F,11,6.3,,0.0,1.0,,0,,,,,1.0,,0,0,1.0,2.0
Paris FC vs Auxerre,Auxerre,20542,Donovan Léon,G,90,7.3,,0.0,,,33,27.0,81.8,,,,,0,0,,
Paris FC vs Auxerre,Auxerre,193953,Lamine Sy,D,90,6.3,,0.0,,,37,29.0,78.4,3.0,2.0,,,0,0,4.0,7.0
Paris FC vs Auxerre,Auxerre,162466,Sinaly Diomandé,D,90,7.2,1.0,0.0,1.0,1.0,42,41.0,97.6,,1.0,1.0,,0,0,,3.0
Paris FC vs Auxerre,Auxerre,191189,Clement Akpa,D,90,6.7,,0.0,,,68,56.0,82.4,,1.0,1.0,1.0,0,0,2.0,2.0
Paris FC vs Auxerre,Auxerre,7578,Gideon Mensah,D,90,6.6,,0.0,,,36,29.0,80.6,4.0,2.0,2.0,3.0,0,0,7.0,12.0
Paris FC vs Auxerre,Auxerre,496896,Rudy Matondo,M,90,7,,0.0,,,38,36.0,94.7,3.0,1.0,1.0,1.0,0,0,5.0,10.0
Paris FC vs Auxerre,Auxerre,319919,Oussama El Azzouzi,M,85,6.3,,0.0,,,46,41.0,89.1,1.0,2.0,4.0,,0,0,4.0,10.0
Paris FC vs Auxerre,Auxerre,323625,Kévin Danois,M,90,6.9,,0.0,2.0,,43,41.0,95.3,1.0,2.0,1.0,1.0,0,0,2.0,6.0
Paris FC vs Auxerre,Auxerre,90617,Lassine Sinayoko,F,85,7,,1.0,1.0,1.0,30,23.0,76.7,,1.0,,,0,0,1.0,7.0
Paris FC vs Auxerre,Auxerre,190686,Sékou Mara,F,71,6.2,,0.0,2.0,1.0,11,5.0,45.5,,,3.0,2.0,0,0,5.0,12.0
Paris FC vs Auxerre,Auxerre,19625,Danny Namaso,F,90,6.2,,0.0,,,23,17.0,73.9,3.0,,2.0,3.0,1,0,8.0,20.0
Paris FC vs Auxerre,Auxerre,293643,Ibrahim Osman,F,19,6.2,,0.0,1.0,,6,6.0,100.0,,,1.0,,0,0,,4.0
Paris FC vs Auxerre,Auxerre,174915,Josué Casimir,F,9,6.5,,0.0,,,1,1.0,100.0,,,1.0,,0,0,,1.0
Paris FC vs Auxerre,Auxerre,30748,Assane Dioussé,M,9,6.6,,0.0,,,5,5.0,100.0,,,,,0,0,,
Marseille vs Toulouse,Marseille,47296,Gerónimo Rulli,G,90,6.7,,0.0,,,35,33.0,94.3,,,,2.0,0,0,4.0,4.0
Marseille vs Toulouse,Marseille,1138,Timothy Weah,D,90,6.5,,0.0,1.0,,47,43.0,91.5,2.0,,,1.0,0,0,5.0,8.0
Marseille vs Toulouse,Marseille,2725,Benjamin Pavard,D,90,6.2,,0.0,,,76,73.0,96.1,1.0,3.0,,1.0,0,0,3.0,5.0
Marseille vs Toulouse,Marseille,21694,Nayef Aguerd,D,76,6.9,,0.0,1.0,,96,95.0,99.0,1.0,1.0,2.0,1.0,0,0,6.0,10.0
Marseille vs Toulouse,Marseille,2284,Emerson Palmieri,D,89,7.2,,0.0,,,67,61.0,91.0,2.0,6.0,,,0,0,5.0,7.0
Marseille vs Toulouse,Marseille,283216,Bilal Nadir,M,77,6.9,,1.0,2.0,,65,63.0,96.9,2.0,2.0,2.0,,0,0,2.0,8.0
Marseille vs Toulouse,Marseille,2735,Pierre-Emile Højbjerg,M,90,8.3,1.0,0.0,2.0,2.0,116,112.0,96.6,2.0,,1.0,1.0,1,0,5.0,8.0
Marseille vs Toulouse,Marseille,897,Mason Greenwood,M,90,7.7,,0.0,2.0,1.0,73,60.0,82.2,2.0,,,2.0,0,0,7.0,12.0
Marseille vs Toulouse,Marseille,896,Angel Gomes,M,45,6.3,,0.0,,,25,24.0,96.0,,,2.0,,1,0,,4.0
Marseille vs Toulouse,Marseille,9363,Igor Paixão,M,89,7.2,1.0,0.0,1.0,1.0,28,24.0,85.7,2.0,2.0,,1.0,0,0,4.0,13.0
Marseille vs Toulouse,Marseille,1465,Pierre-Emerick Aubameyang,F,90,6.6,,1.0,3.0,1.0,28,21.0,75.0,,,,1.0,0,0,3.0,6.0
Marseille vs Toulouse,Marseille,435482,Robinio Vaz,F,45,6.2,,0.0,1.0,,12,10.0,83.3,,,,,0,0,2.0,6.0
Marseille vs Toulouse,Marseille,6,Leonardo Balerdi,D,14,6.5,,0.0,,,18,17.0,94.4,,,,,0,0,,1.0
Marseille vs Toulouse,Marseille,926,Geoffrey Kondogbia,M,13,6.6,,0.0,,,23,22.0,95.7,,,,,0,0,,1.0
Marseille vs Toulouse,Toulouse,325346,Guillaume Restes,G,90,5.9,,0.0,,,19,10.0,52.6,,,,,0,0,,1.0
Marseille vs Toulouse,Toulouse,50735,Mark McKenzie,D,90,7,,1.0,,,23,18.0,78.3,2.0,,1.0,,1,0,2.0,6.0
Marseille vs Toulouse,Toulouse,278392,Charlie Cresswell,D,90,7.2,,0.0,,,24,15.0,62.5,,1.0,,,0,0,2.0,6.0
Marseille vs Toulouse,Toulouse,15793,Rasmus Nicolaisen,D,90,6.7,,0.0,,,18,16.0,88.9,2.0,3.0,1.0,,0,0,3.0,5.0
Marseille vs Toulouse,Toulouse,102,Djibril Sidibé,M,85,7.3,,1.0,,,13,10.0,76.9,4.0,1.0,,1.0,0,0,6.0,9.0
Marseille vs Toulouse,Toulouse,514464,Alexis Vossah,M,76,5.9,,0.0,,,23,14.0,60.9,,,1.0,,0,0,2.0,7.0
Marseille vs Toulouse,Toulouse,50956,Cristian Cásseres Jr.,M,90,7.2,,0.0,,,30,26.0,86.7,2.0,2.0,,3.0,0,0,6.0,10.0
Marseille vs Toulouse,Toulouse,452697,Dayann Methalie,M,78,6.2,,0.0,,,9,6.0,66.7,4.0,,2.0,,0,0,5.0,12.0
Marseille vs Toulouse,Toulouse,39115,Aron Dønnum,F,90,6.6,,0.0,1.0,,22,13.0,59.1,1.0,,,1.0,0,0,3.0,5.0
Marseille vs Toulouse,Toulouse,174724,Frank Magri,F,89,6.7,,0.0,1.0,1.0,11,10.0,90.9,1.0,,3.0,1.0,0,0,4.0,8.0
Marseille vs Toulouse,Toulouse,321648,Emersonn,F,85,8.2,1.0,0.0,2.0,2.0,11,10.0,90.9,2.0,1.0,2.0,1.0,0,0,10.0,19.0
Marseille vs Toulouse,Toulouse,334952,Rafik Messali,M,14,6.3,,0.0,,,2,,,,,,,0,0,,
Marseille vs Toulouse,Toulouse,264383,Warren Kamanzi,D,12,6.6,,0.0,,,6,5.0,83.3,1.0,,,,0,0,1.0,1.0
Marseille vs Toulouse,Toulouse,457025,Julian Vignolo,F,12,6.5,,0.0,,,2,2.0,100.0,,,,,0,0,,2.0
Marseille vs Toulouse,Toulouse,430816,Noah Edjouma,F,12,6.7,,0.0,,,4,2.0,50.0,,,,,0,0,2.0,3.0
Marseille vs Toulouse,Toulouse,362741,Santiago Hidalgo,F,8,7.7,1.0,0.0,1.0,1.0,0,,,,,,,0,0,1.0,2.0
Strasbourg vs Stade Brestois 29,Strasbourg,340151,Mike Penders,G,90,7.3,,0.0,,,44,40.0,90.9,,,,,0,0,1.0,1.0
Strasbourg vs Stade Brestois 29,Strasbourg,161747,Guéla Doué,D,90,6.2,,0.0,,,71,58.0,81.7,1.0,1.0,4.0,,0,0,6.0,13.0
Strasbourg vs Stade Brestois 29,Strasbourg,147835,Andrew Omobamidele,D,90,6.5,,0.0,1.0,1.0,82,79.0,96.3,,,1.0,1.0,0,0,4.0,5.0
Strasbourg vs Stade Brestois 29,Strasbourg,276184,Mamadou Sarr,D,90,6.3,,0.0,,,66,60.0,90.9,,,3.0,1.0,0,0,2.0,6.0
Strasbourg vs Stade Brestois 29,Strasbourg,334035,Samuel Amo-Ameyaw,M,57,7.2,1.0,0.0,1.0,1.0,18,15.0,83.3,3.0,,1.0,2.0,0,0,6.0,12.0
Strasbourg vs Stade Brestois 29,Strasbourg,415431,Samir El Mourabet,M,90,7.2,,0.0,,,67,63.0,94.0,3.0,4.0,,1.0,0,0,4.0,6.0
Strasbourg vs Stade Brestois 29,Strasbourg,271542,Ismael Doukouré,M,90,6.6,,0.0,3.0,1.0,53,46.0,86.8,1.0,2.0,,1.0,0,0,2.0,5.0
Strasbourg vs Stade Brestois 29,Strasbourg,2933,Ben Chilwell,M,69,6.9,,1.0,1.0,1.0,23,18.0,78.3,,1.0,,,0,0,2.0,5.0
Strasbourg vs Stade Brestois 29,Strasbourg,406303,Kendry Páez,F,57,6.5,,0.0,,,24,19.0,79.2,2.0,,,,0,0,3.0,9.0
Strasbourg vs Stade Brestois 29,Strasbourg,70747,Julio Enciso,F,90,7.6,,0.0,2.0,1.0,38,35.0,92.1,,,,2.0,0,0,8.0,14.0
Strasbourg vs Stade Brestois 29,Strasbourg,390742,Joaquin Panichelli,F,90,7.5,,0.0,3.0,1.0,20,18.0,90.0,,,2.0,3.0,0,0,8.0,12.0
Strasbourg vs Stade Brestois 29,Strasbourg,359386,Martial Godo,F,27,6.7,,0.0,1.0,,7,6.0,85.7,,1.0,,2.0,0,0,2.0,4.0
Strasbourg vs Stade Brestois 29,Strasbourg,335056,Diego Moreira,F,33,7,,0.0,,,22,18.0,81.8,,,,1.0,0,0,3.0,4.0
Strasbourg vs Stade Brestois 29,Strasbourg,203762,Emmanuel Emegha,F,21,6.3,,0.0,1.0,,3,2.0,66.7,,,,,0,0,1.0,1.0
Strasbourg vs Stade Brestois 29,Strasbourg,226803,Sebastian Nanasi,M,13,6.5,,0.0,,,10,7.0,70.0,,,1.0,,0,0,,1.0
Strasbourg vs Stade Brestois 29,Stade Brestois 29,21248,Grégoire Coudert,G,90,8,,0.0,,,36,20.0,55.6,,,,1.0,0,0,1.0,1.0
Strasbourg vs Stade Brestois 29,Stade Brestois 29,22247,Kenny Lala,D,90,6.7,,0.0,,,54,46.0,85.2,,1.0,1.0,,1,0,2.0,5.0
Strasbourg vs Stade Brestois 29,Stade Brestois 29,20546,Brendan Chardonnet,D,45,6.2,,0.0,,,38,34.0,89.5,1.0,,2.0,1.0,1,0,2.0,6.0
Strasbourg vs Stade Brestois 29,Stade Brestois 29,365742,Michel Diaz,D,90,7.3,,0.0,,,65,57.0,87.7,1.0,,2.0,1.0,0,0,3.0,6.0
Strasbourg vs Stade Brestois 29,Stade Brestois 29,302868,Daouda Guindo,D,90,6.3,,0.0,,,29,24.0,82.8,1.0,1.0,3.0,3.0,0,0,5.0,11.0
Strasbourg vs Stade Brestois 29,Stade Brestois 29,128287,Joris Chotard,M,90,6.3,,0.0,2.0,1.0,37,26.0,70.3,,2.0,1.0,,0,0,3.0,6.0
Strasbourg vs Stade Brestois 29,Stade Brestois 29,20558,Hugo Magnetti,M,90,7.6,1.0,0.0,1.0,1.0,42,41.0,97.6,2.0,3.0,1.0,,0,0,3.0,7.0
Strasbourg vs Stade Brestois 29,Stade Brestois 29,2214,Romain Del Castillo,M,76,7.2,1.0,0.0,2.0,1.0,37,31.0,83.8,4.0,1.0,,1.0,0,0,7.0,12.0
Strasbourg vs Stade Brestois 29,Stade Brestois 29,326068,Kamory Doumbia,M,76,6.2,,0.0,,,26,22.0,84.6,1.0,1.0,,,0,0,2.0,5.0
Strasbourg vs Stade Brestois 29,Stade Brestois 29,375990,Pathé Mboup,M,65,6.7,,0.0,1.0,1.0,6,4.0,66.7,1.0,,1.0,2.0,0,0,7.0,14.0
Strasbourg vs Stade Brestois 29,Stade Brestois 29,22264,Ludovic Ajorque,F,90,7.2,,0.0,1.0,,22,18.0,81.8,1.0,1.0,2.0,3.0,1,0,8.0,14.0
Strasbourg vs Stade Brestois 29,Stade Brestois 29,85914,Julien Le Cardinal,D,45,6.6,,0.0,,,21,19.0,90.5,,,,,0,0,,3.0
Strasbourg vs Stade Brestois 29,Stade Brestois 29,326073,Remy Labeau Lascary,F,25,6.2,,0.0,,,3,2.0,66.7,,,,,0,0,1.0,4.0
Strasbourg vs Stade Brestois 29,Stade Brestois 29,664,Lucas Tousart,M,14,6.7,,0.0,,,1,,,,1.0,,,0,0,,1.0
Strasbourg vs Stade Brestois 29,Stade Brestois 29,41323,Mama Baldé,F,14,7,,1.0,,,4,3.0,75.0,1.0,1.0,1.0,,0,0,2.0,3.0
Angers vs Lens,Angers,174973,Melvin Zinga,G,90,7.3,,0.0,,,31,21.0,67.7,1.0,,,,0,0,1.0,1.0
Angers vs Lens,Angers,20850,Carlens Arcus,D,65,6.7,,0.0,,,44,36.0,81.8,2.0,1.0,,,0,0,3.0,3.0
Angers vs Lens,Angers,271540,Ousmane Camara,D,90,6.9,,0.0,,,50,45.0,90.0,4.0,1.0,,,0,0,7.0,10.0
Angers vs Lens,Angers,21381,Jordan Lefort,D,90,6.5,,0.0,,,74,61.0,82.4,2.0,3.0,,,0,0,3.0,6.0
Angers vs Lens,Angers,343609,Jacques Ekomie,D,71,6.6,,0.0,,,26,19.0,73.1,2.0,3.0,,1.0,0,0,4.0,8.0
Angers vs Lens,Angers,20554,Haris Belkebla,M,90,6.5,,0.0,,,44,33.0,75.0,3.0,,3.0,2.0,1,0,6.0,12.0
Angers vs Lens,Angers,20692,Himad Abdelli,M,58,6.9,,0.0,1.0,,37,33.0,89.2,1.0,2.0,,2.0,0,0,5.0,6.0
Angers vs Lens,Angers,174708,Yassin Belkhdim,M,71,6.3,,0.0,1.0,,16,12.0,75.0,1.0,1.0,,,0,0,1.0,2.0
Angers vs Lens,Angers,289555,Louis Mouton,M,64,6.2,,0.0,,,23,17.0,73.9,3.0,,1.0,1.0,0,0,5.0,11.0
Angers vs Lens,Angers,191289,Amine Sbai,M,90,6.2,,0.0,1.0,1.0,25,18.0,72.0,3.0,1.0,1.0,1.0,0,0,7.0,23.0
Angers vs Lens,Angers,421875,Sidiki Cherif,F,90,6.2,,0.0,2.0,2.0,16,11.0,68.8,1.0,1.0,,,0,0,4.0,12.0
Angers vs Lens,Angers,174660,Lilian Raolisoa,D,32,6.5,,0.0,,,13,9.0,69.2,,,,,0,0,1.0,2.0
Angers vs Lens,Angers,457541,Prosper Peter,F,26,6.2,,0.0,1.0,1.0,5,1.0,20.0,,,1.0,1.0,0,0,2.0,4.0
Angers vs Lens,Angers,579375,Djibirin Harouna,F,25,7.7,1.0,0.0,1.0,1.0,4,1.0,25.0,1.0,,,1.0,0,0,4.0,5.0
Angers vs Lens,Angers,425207,Marius Courcoul,D,19,6.2,,0.0,,,5,4.0,80.0,1.0,,1.0,,0,0,1.0,2.0
Angers vs Lens,Angers,41146,Florent Hanin,D,19,6.6,,0.0,,,12,9.0,75.0,1.0,2.0,,1.0,0,0,4.0,5.0
Angers vs Lens,Lens,347211,Robin Risser,G,90,7,,0.0,,,28,21.0,75.0,,,,,0,0,,
Angers vs Lens,Lens,369500,Ismaelo Ganiou,D,90,6.6,,0.0,2.0,,54,47.0,87.0,3.0,3.0,1.0,2.0,0,0,7.0,9.0
Angers vs Lens,Lens,322984,Samson Baidoo,D,90,7.2,,1.0,,,48,45.0,93.8,5.0,,,,0,0,8.0,11.0
Angers vs Lens,Lens,22166,Malang Sarr,D,90,6.9,,0.0,1.0,,81,72.0,88.9,1.0,2.0,2.0,,0,0,4.0,8.0
Angers vs Lens,Lens,21568,Ruben Aguilar,M,78,6.3,,0.0,,,46,38.0,82.6,3.0,4.0,2.0,,1,0,3.0,7.0
Angers vs Lens,Lens,277306,Mamadou Sangare,M,90,7.3,,0.0,2.0,,56,53.0,94.6,5.0,3.0,1.0,1.0,0,0,9.0,17.0
Angers vs Lens,Lens,22261,Adrien Thomasson,M,90,6.3,,0.0,2.0,,61,54.0,88.5,1.0,,2.0,3.0,0,0,6.0,15.0
Angers vs Lens,Lens,20525,Matthieu Udol,M,89,6.9,,0.0,1.0,1.0,37,31.0,83.8,,4.0,,1.0,0,0,1.0,5.0
Angers vs Lens,Lens,1922,Florian Thauvin,F,90,9.2,2.0,0.0,4.0,3.0,49,36.0,73.5,,2.0,,,0,0,2.0,10.0
Angers vs Lens,Lens,21715,Wesley Saïd,F,70,6.2,,0.0,3.0,2.0,23,17.0,73.9,1.0,,1.0,,0,0,2.0,4.0
Angers vs Lens,Lens,1135,Odsonne Édouard,F,78,7,,1.0,,,12,10.0,83.3,3.0,,1.0,,0,0,6.0,11.0
Angers vs Lens,Lens,20761,Florian Sotoca,F,20,6.2,,0.0,1.0,,5,4.0,80.0,,,1.0,,0,0,1.0,5.0
Angers vs Lens,Lens,44594,Saud Abdulhamid,D,12,6.9,,0.0,,,6,6.0,100.0,2.0,1.0,,,0,0,2.0,4.0
Angers vs Lens,Lens,277191,Abdallah Sima,F,12,6.2,,0.0,,,3,3.0,100.0,1.0,,,,0,0,3.0,6.0
Lorient vs Nice,Lorient,1142,Yvon Mvogo,G,90,7.9,,0.0,,,28,19.0,67.9,,,,,0,0,,
Lorient vs Nice,Lorient,193501,Bamo Meïté,D,85,7.5,,1.0,1.0,,35,31.0,88.6,2.0,1.0,,,0,0,4.0,5.0
Lorient vs Nice,Lorient,50030,Montassar Talbi,D,90,7.7,,0.0,,,53,48.0,90.6,1.0,1.0,,2.0,0,0,7.0,11.0
Lorient vs Nice,Lorient,152669,Darlin Yongwa,D,90,6.9,,0.0,,,38,27.0,71.1,2.0,1.0,2.0,2.0,1,0,7.0,14.0
Lorient vs Nice,Lorient,174703,Théo Le Bris,M,79,6.6,,0.0,1.0,1.0,29,23.0,79.3,1.0,,,,0,0,1.0,3.0
Lorient vs Nice,Lorient,402265,Arthur Avom Ebong,M,90,6.9,,0.0,,,69,64.0,92.8,2.0,1.0,,,0,0,3.0,6.0
Lorient vs Nice,Lorient,20917,Laurent Abergel,M,90,7.9,1.0,0.0,1.0,1.0,53,48.0,90.6,1.0,2.0,1.0,,0,0,2.0,6.0
Lorient vs Nice,Lorient,402386,Arsène Kouassi,M,90,7,,1.0,,,30,26.0,86.7,1.0,1.0,,2.0,0,0,3.0,6.0
Lorient vs Nice,Lorient,22171,Jean-Victor Makengo,F,63,6.3,,0.0,2.0,1.0,14,12.0,85.7,1.0,,1.0,,0,0,2.0,5.0
Lorient vs Nice,Lorient,276662,Pablo Pagis,F,64,7,,0.0,1.0,,18,13.0,72.2,,,1.0,,0,0,1.0,4.0
Lorient vs Nice,Lorient,144319,Sambou Soumano,F,79,7.6,2.0,0.0,4.0,3.0,13,10.0,76.9,,,2.0,2.0,0,0,4.0,13.0
Lorient vs Nice,Lorient,322865,Karim Dermane,M,27,6.6,,0.0,1.0,,20,17.0,85.0,,,,1.0,0,0,1.0,2.0
Lorient vs Nice,Lorient,23363,Noah Cadiou,M,26,6.6,,0.0,,,13,12.0,92.3,,,,,0,0,,1.0
Lorient vs Nice,Lorient,158551,Joel Mugisha Mvuka,M,11,7.7,,0.0,1.0,,8,8.0,100.0,,,,2.0,0,0,2.0,3.0
Lorient vs Nice,Lorient,284072,Ahmadou Bamba Dieng,F,11,6.2,,0.0,4.0,1.0,2,1.0,50.0,,,,,0,0,3.0,5.0
Lorient vs Nice,Lorient,214310,Nathaniel Adjei,D,12,6.6,,0.0,,,5,5.0,100.0,,,,,0,0,,
Lorient vs Nice,Nice,20566,Yehvann Diouf,G,90,6.7,,0.0,,,28,21.0,75.0,,,,,0,0,,
Lorient vs Nice,Nice,313937,Antoine Mendy,D,90,5.9,,0.0,,,89,75.0,84.3,1.0,,,,0,0,6.0,10.0
Lorient vs Nice,Nice,404172,Kojo Peprah Oppong,D,61,6.6,,0.0,1.0,,69,68.0,98.6,3.0,,1.0,1.0,0,0,7.0,8.0
Lorient vs Nice,Nice,162465,Melvin Bard,D,90,6.3,,0.0,,,85,75.0,88.2,,1.0,,1.0,0,0,3.0,5.0
Lorient vs Nice,Nice,25008,Jonathan Clauss,M,90,7.2,,0.0,,,47,44.0,93.6,2.0,1.0,1.0,,0,0,4.0,6.0
Lorient vs Nice,Nice,193617,Tom Louchet,M,90,6.2,,0.0,1.0,,51,42.0,82.4,1.0,,1.0,,0,0,3.0,5.0
Lorient vs Nice,Nice,128987,Salis Abdul Samed,M,68,6.9,,0.0,,,59,57.0,96.6,1.0,2.0,,,0,0,1.0,2.0
Lorient vs Nice,Nice,107,Sofiane Diop,M,59,6.2,,0.0,,,23,18.0,78.3,1.0,,1.0,2.0,1,0,3.0,8.0
Lorient vs Nice,Nice,158065,Tiago Gouveia,M,60,6.5,,0.0,1.0,1.0,27,23.0,85.2,,2.0,,,0,0,,3.0
Lorient vs Nice,Nice,274312,Mohamed-Ali Cho,F,76,6.9,,0.0,1.0,,23,20.0,87.0,,1.0,,2.0,0,0,5.0,8.0
Lorient vs Nice,Nice,69971,Terem Moffi,F,90,6,,0.0,,,14,10.0,71.4,,,,,0,0,3.0,10.0
Lorient vs Nice,Nice,188319,Kevin Carlos Omoruyi,F,31,6.9,,0.0,1.0,1.0,6,3.0,50.0,,,3.0,,0,0,4.0,8.0
Lorient vs Nice,Nice,105154,Isak Jansson,F,30,6.5,,0.0,,,6,4.0,66.7,,1.0,1.0,,1,0,,2.0
Lorient vs Nice,Nice,49583,Ali Abdi,D,29,7.3,,0.0,,,17,14.0,82.4,1.0,,1.0,,0,0,3.0,5.0
Lorient vs Nice,Nice,1914,Morgan Sanson,M,22,6.3,,0.0,,,9,6.0,66.7,,,2.0,,0,0,,2.0
Lorient vs Nice,Nice,30531,Jérémie Boga,F,14,6.6,,0.0,,,7,6.0,85.7,1.0,,,,0,0,2.0,2.0
Le Havre vs Lille,Le Havre,119853,Mory Diaw,G,90,6.9,,0.0,,,21,17.0,81.0,,,,,0,0,,
Le Havre vs Lille,Le Havre,2336,Loic Négo,D,90,7.2,,0.0,1.0,1.0,39,27.0,69.2,3.0,1.0,1.0,,0,0,3.0,4.0
Le Havre vs Lille,Le Havre,174927,Arouna Sangante,D,90,6.9,,0.0,,,61,51.0,83.6,,2.0,2.0,,0,0,3.0,6.0
Le Havre vs Lille,Le Havre,64255,Gautier Lloris,D,90,7.5,,0.0,2.0,1.0,39,34.0,87.2,1.0,3.0,,,0,0,8.0,10.0
Le Havre vs Lille,Le Havre,23637,Yanis Zouaoui,D,89,6.9,,0.0,,,34,25.0,73.5,3.0,,1.0,,0,0,3.0,6.0
Le Havre vs Lille,Le Havre,33165,Ayumu Seko,M,90,6.9,,0.0,1.0,1.0,26,15.0,57.7,2.0,,1.0,,0,0,6.0,8.0
Le Havre vs Lille,Le Havre,174625,Fodé Doucouré,M,64,7.3,,0.0,1.0,1.0,19,16.0,84.2,1.0,,2.0,1.0,0,0,3.0,8.0
Le Havre vs Lille,Le Havre,364093,Simon Ebonog,M,64,6.9,,0.0,1.0,1.0,16,9.0,56.2,2.0,1.0,,2.0,0,0,4.0,5.0
Le Havre vs Lille,Le Havre,128342,Rassoul Ndiaye,M,80,6.6,,0.0,,,26,19.0,73.1,2.0,1.0,1.0,,0,0,2.0,5.0
Le Havre vs Lille,Le Havre,156465,Issa Soumaré,M,90,7.6,,0.0,2.0,,23,19.0,82.6,1.0,1.0,1.0,3.0,0,0,11.0,17.0
Le Havre vs Lille,Le Havre,21641,Godson Kyeremeh,F,80,7.3,,0.0,1.0,1.0,16,14.0,87.5,,,2.0,4.0,0,0,4.0,7.0
Le Havre vs Lille,Le Havre,174937,Yassine Kechta,M,26,6.3,,0.0,,,7,6.0,85.7,,,2.0,,0,0,1.0,5.0
Le Havre vs Lille,Le Havre,1945,Mbwana Ally Samatta,F,26,6.2,,0.0,,,4,2.0,50.0,,,2.0,,1,0,1.0,5.0
Le Havre vs Lille,Le Havre,145476,Reda Khadra,M,10,6.6,,0.0,1.0,1.0,6,6.0,100.0,,,,1.0,0,0,1.0,2.0
Le Havre vs Lille,Le Havre,961,Felix Mambimbi,F,10,6.7,,0.0,,,2,1.0,50.0,,,,,0,0,1.0,1.0
Le Havre vs Lille,Lille,1337,Berke Özer,G,90,10,,0.0,,,44,33.0,75.0,,,,2.0,0,0,2.0,2.0
Le Havre vs Lille,Lille,264,Thomas Meunier,D,90,6.7,,0.0,1.0,,45,38.0,84.4,,,2.0,,1,0,3.0,9.0
Le Havre vs Lille,Lille,312964,Nathan Ngoy,D,90,7.5,,0.0,,,55,50.0,90.9,,1.0,2.0,1.0,1,0,3.0,5.0
Le Havre vs Lille,Lille,1567,Aïssa Mandi,D,39,6.9,,0.0,1.0,,33,31.0,93.9,2.0,1.0,,,0,0,2.0,3.0
Le Havre vs Lille,Lille,20600,Romain Perraud,D,90,7,,0.0,,,36,32.0,88.9,2.0,1.0,3.0,3.0,0,0,5.0,10.0
Le Havre vs Lille,Lille,2204,Benjamin André,M,90,6.9,,0.0,,,66,56.0,84.8,3.0,,2.0,,0,0,5.0,11.0
Le Havre vs Lille,Lille,438688,Ayyoub Bouaddi,M,51,5.2,,0.0,,,26,20.0,76.9,,,2.0,1.0,0,1,1.0,4.0
Le Havre vs Lille,Lille,135749,Félix Correia,M,57,6.9,,0.0,,,14,7.0,50.0,,,,2.0,0,0,3.0,5.0
Le Havre vs Lille,Lille,375598,Ngal'ayel Mukau,M,73,6.6,,0.0,,,33,29.0,87.9,1.0,,,1.0,0,0,3.0,5.0
Le Havre vs Lille,Lille,99576,Osame Sahraoui,M,72,6.2,,0.0,1.0,,31,22.0,71.0,,,,2.0,0,0,4.0,12.0
Le Havre vs Lille,Lille,2295,Olivier Giroud,F,57,6,,0.0,,,10,5.0,50.0,,,1.0,1.0,0,0,1.0,5.0
Le Havre vs Lille,Lille,375,Chancel Mbemba,D,51,6.9,,0.0,,,30,26.0,86.7,,,,,0,0,,1.0
Le Havre vs Lille,Lille,386287,Ethan Mbappé,M,33,6.6,,1.0,1.0,1.0,18,16.0,88.9,1.0,,,,0,0,1.0,3.0
Le Havre vs Lille,Lille,306979,Hamza Igamane,F,33,7.2,1.0,0.0,1.0,1.0,10,7.0,70.0,,,,,0,0,4.0,11.0
Le Havre vs Lille,Lille,67889,Hakon Arnar Haraldsson,M,18,7,,0.0,,,16,14.0,87.5,1.0,1.0,1.0,,1,0,1.0,3.0
Le Havre vs Lille,Lille,409,Nabil Bentaleb,M,17,7,,0.0,,,18,17.0,94.4,,,,2.0,0,0,2.0,2.0
Lyon vs Nantes,Lyon,61142,Dominik Greif,G,90,6.9,,0.0,,,17,15.0,88.2,,,,,0,0,,
Lyon vs Nantes,Lyon,80752,Tanner Tessmann,D,89,7.3,,0.0,,,89,83.0,93.3,,1.0,2.0,,0,0,,2.0
Lyon vs Nantes,Lyon,25916,Moussa Niakhaté,D,90,8.2,,0.0,,,82,78.0,95.1,2.0,1.0,1.0,,0,0,5.0,8.0
Lyon vs Nantes,Lyon,529,Nicolás Tagliafico,D,90,7.7,,0.0,,,66,62.0,93.9,2.0,,3.0,2.0,0,0,7.0,12.0
Lyon vs Nantes,Lyon,30423,Hans Hateboer,M,72,6.5,,0.0,2.0,,50,41.0,82.0,,,1.0,1.0,0,0,1.0,2.0
Lyon vs Nantes,Lyon,162590,Tyler Morton,M,85,6.7,,0.0,1.0,,63,53.0,84.1,1.0,2.0,3.0,1.0,1,0,3.0,8.0
Lyon vs Nantes,Lyon,438692,Mathys de Carvalho,M,72,7.2,,0.0,1.0,,49,46.0,93.9,2.0,2.0,1.0,,0,0,3.0,7.0
Lyon vs Nantes,Lyon,9700,Abner Vinícius,M,90,7.2,1.0,0.0,1.0,1.0,49,48.0,98.0,,,1.0,,0,0,,3.0
Lyon vs Nantes,Lyon,66387,Pavel Šulc,F,90,7.7,,1.0,3.0,1.0,35,29.0,82.9,1.0,1.0,,1.0,0,0,3.0,6.0
Lyon vs Nantes,Lyon,519,Corentin Tolisso,F,90,6.3,,0.0,4.0,3.0,55,46.0,83.6,,,1.0,,0,0,1.0,4.0
Lyon vs Nantes,Lyon,195512,Martín Satriano,F,85,9,2.0,0.0,4.0,2.0,16,14.0,87.5,2.0,1.0,1.0,1.0,0,0,5.0,6.0
Lyon vs Nantes,Lyon,1456,Ainsley Maitland-Niles,M,18,6.3,,0.0,,,14,13.0,92.9,1.0,,,,0,0,1.0,5.0
Lyon vs Nantes,Lyon,345388,Afonso Moreira,F,18,8,,1.0,1.0,,7,6.0,85.7,,,,,0,0,,
Lyon vs Nantes,Lyon,199871,Adam Karabec,M,15,6.9,,0.0,1.0,1.0,7,7.0,100.0,,,,1.0,0,0,1.0,2.0
Lyon vs Nantes,Lyon,24882,Orel Mangala,M,15,6.6,,0.0,,,9,9.0,100.0,,,,1.0,0,0,1.0,1.0
Lyon vs Nantes,Lyon,519664,Khalis Merah,M,10,6.9,,0.0,,,4,3.0,75.0,1.0,,,1.0,0,0,2.0,2.0
Lyon vs Nantes,Nantes,647,Anthony Lopes,G,90,7.3,,0.0,,,24,11.0,45.8,,,,1.0,0,0,3.0,3.0
Lyon vs Nantes,Nantes,22134,Kelvin Amian,D,90,7.3,,0.0,,,31,25.0,80.6,2.0,,,1.0,0,0,3.0,3.0
Lyon vs Nantes,Nantes,50026,Chidozie Awaziem,D,90,6.5,,0.0,,,51,36.0,70.6,,1.0,,1.0,0,0,2.0,2.0
Lyon vs Nantes,Nantes,522609,Tylel Tati,D,89,6,,0.0,,,23,19.0,82.6,1.0,,1.0,1.0,1,0,2.0,3.0
Lyon vs Nantes,Nantes,21570,Nicolas Cozza,D,90,5.5,,0.0,1.0,,23,15.0,65.2,,1.0,1.0,,0,0,1.0,6.0
Lyon vs Nantes,Nantes,282549,Junior Mwanga,M,43,5.3,,0.0,1.0,,12,9.0,75.0,,,2.0,,0,1,2.0,6.0
Lyon vs Nantes,Nantes,137296,Hyeok-kyu Kwon,M,78,7,,0.0,,,14,12.0,85.7,1.0,1.0,,,0,0,1.0,2.0
Lyon vs Nantes,Nantes,193952,Johann Lepenant,M,89,6.7,,0.0,,,17,15.0,88.2,3.0,,2.0,2.0,1,0,5.0,9.0
Lyon vs Nantes,Nantes,266200,Mayckel Lahdo,F,58,6.7,,0.0,,,7,6.0,85.7,,,,2.0,0,0,2.0,5.0
Lyon vs Nantes,Nantes,42086,Youssef El Arabi,F,59,6.3,,0.0,,,16,8.0,50.0,,,1.0,2.0,0,0,2.0,9.0
Lyon vs Nantes,Nantes,161622,Matthis Abline,F,90,7.2,,0.0,4.0,2.0,12,9.0,75.0,,,,3.0,0,0,6.0,9.0
Lyon vs Nantes,Nantes,443676,Bahereba Guirassy,F,32,6.6,,0.0,,,5,4.0,80.0,,,1.0,1.0,0,0,2.0,4.0
Lyon vs Nantes,Nantes,443755,Bahmed Deuff,M,31,6.5,,0.0,,,3,3.0,100.0,2.0,,1.0,,0,0,3.0,5.0
Lyon vs Nantes,Nantes,66013,Uroš Radaković,D,12,6.6,,0.0,,,3,2.0,66.7,,,,,0,0,,
Lyon vs Nantes,Nantes,20654,Fabien Centonze,D,11,6.7,,0.0,,,1,1.0,100.0,,1.0,,,0,0,,1.0
Lyon vs Nantes,Nantes,2668,Mostafa Mohamed,F,11,6.7,,0.0,,,1,,,,,,,0,0,1.0,1.0
Stade Brestois 29 vs Monaco,Stade Brestois 29,21248,Grégoire Coudert,G,90,7.2,,0.0,,,37,15.0,40.5,,,,1.0,0,0,2.0,2.0
Stade Brestois 29 vs Monaco,Stade Brestois 29,22247,Kenny Lala,D,90,6.9,,0.0,,,32,23.0,71.9,2.0,1.0,,,0,0,2.0,3.0
Stade Brestois 29 vs Monaco,Stade Brestois 29,20546,Brendan Chardonnet,D,90,7.5,,0.0,,,28,19.0,67.9,3.0,3.0,,1.0,0,0,7.0,8.0
Stade Brestois 29 vs Monaco,Stade Brestois 29,162568,Soumaila Coulibaly,D,90,6.9,,0.0,,,25,22.0,88.0,,1.0,1.0,3.0,0,0,5.0,6.0
Stade Brestois 29 vs Monaco,Stade Brestois 29,302868,Daouda Guindo,D,90,7.2,,0.0,2.0,1.0,33,27.0,81.8,3.0,,1.0,1.0,0,0,4.0,6.0
Stade Brestois 29 vs Monaco,Stade Brestois 29,128287,Joris Chotard,M,83,6.7,,0.0,,,29,24.0,82.8,1.0,,3.0,,0,0,1.0,4.0
Stade Brestois 29 vs Monaco,Stade Brestois 29,20558,Hugo Magnetti,M,90,6.9,,0.0,2.0,,32,27.0,84.4,,1.0,2.0,2.0,0,0,5.0,10.0
Stade Brestois 29 vs Monaco,Stade Brestois 29,2214,Romain Del Castillo,M,83,7.3,,0.0,,,42,29.0,69.0,2.0,2.0,1.0,2.0,0,0,7.0,13.0
Stade Brestois 29 vs Monaco,Stade Brestois 29,326068,Kamory Doumbia,M,69,7.2,1.0,0.0,1.0,1.0,21,15.0,71.4,2.0,1.0,2.0,1.0,1,0,4.0,11.0
Stade Brestois 29 vs Monaco,Stade Brestois 29,326073,Remy Labeau Lascary,M,32,6.3,,0.0,2.0,1.0,3,,,,,,,0,0,,2.0
Stade Brestois 29 vs Monaco,Stade Brestois 29,22264,Ludovic Ajorque,F,60,5.3,,0.0,1.0,1.0,18,15.0,83.3,,1.0,4.0,2.0,0,1,3.0,11.0
Stade Brestois 29 vs Monaco,Stade Brestois 29,41323,Mama Baldé,F,58,6.3,,0.0,1.0,,11,5.0,45.5,2.0,,1.0,,0,0,6.0,11.0
Stade Brestois 29 vs Monaco,Stade Brestois 29,375990,Pathé Mboup,F,21,6.2,,0.0,,,1,,,1.0,,2.0,1.0,1,0,2.0,7.0
Stade Brestois 29 vs Monaco,Stade Brestois 29,90594,Junior Dina Ebimbe,M,13,6.3,,0.0,,,3,3.0,100.0,1.0,1.0,,1.0,0,0,2.0,5.0
Stade Brestois 29 vs Monaco,Stade Brestois 29,664,Lucas Tousart,M,13,6.3,,0.0,,,5,1.0,20.0,,,,,0,0,,
Stade Brestois 29 vs Monaco,Monaco,963,Lukáš Hrádecký,G,90,6.6,,0.0,,,24,22.0,91.7,,,,,0,0,1.0,1.0
Stade Brestois 29 vs Monaco,Monaco,291649,Vanderson,D,83,6.9,,0.0,,,50,40.0,80.0,1.0,2.0,2.0,1.0,1,0,2.0,6.0
Stade Brestois 29 vs Monaco,Monaco,231,Jordan Teze,D,90,6.9,,0.0,1.0,,78,72.0,92.3,,,2.0,,1,0,3.0,5.0
Stade Brestois 29 vs Monaco,Monaco,47480,Mohammed Salisu,D,90,6.9,,0.0,,,63,47.0,74.6,2.0,1.0,,,0,0,7.0,13.0
Stade Brestois 29 vs Monaco,Monaco,10316,Caio Henrique,D,90,6.2,,0.0,,,42,30.0,71.4,2.0,2.0,1.0,1.0,1,0,6.0,10.0
Stade Brestois 29 vs Monaco,Monaco,374058,Lamine Camara,M,77,7.2,,0.0,1.0,,63,57.0,90.5,,1.0,,6.0,0,0,8.0,10.0
Stade Brestois 29 vs Monaco,Monaco,419035,Mamadou Coulibaly,M,69,6.6,,0.0,,,43,38.0,88.4,1.0,1.0,1.0,,0,0,2.0,7.0
Stade Brestois 29 vs Monaco,Monaco,274300,Maghnes Akliouche,M,90,6.5,,0.0,,,27,21.0,77.8,2.0,,,2.0,0,0,6.0,12.0
Stade Brestois 29 vs Monaco,Monaco,1101,Takumi Minamino,M,77,6,,0.0,2.0,,17,9.0,52.9,,2.0,1.0,1.0,1,0,2.0,5.0
Stade Brestois 29 vs Monaco,Monaco,109,Aleksandr Golovin,M,69,6.2,,0.0,1.0,1.0,20,13.0,65.0,,2.0,1.0,2.0,0,0,2.0,5.0
Stade Brestois 29 vs Monaco,Monaco,283026,Mika Biereth,F,90,6.3,,0.0,3.0,1.0,13,8.0,61.5,,,3.0,1.0,0,0,2.0,11.0
Stade Brestois 29 vs Monaco,Monaco,340152,Stanis Idumbo Muzambo,M,21,6.3,,0.0,,,7,6.0,85.7,1.0,,1.0,,0,0,2.0,5.0
Stade Brestois 29 vs Monaco,Monaco,904,Paul Pogba,M,21,7.3,,0.0,,,13,12.0,92.3,2.0,,1.0,,0,0,4.0,5.0
Stade Brestois 29 vs Monaco,Monaco,386276,Paris Brunner,F,13,6.2,,0.0,1.0,,2,2.0,100.0,,,1.0,,0,0,,1.0
Stade Brestois 29 vs Monaco,Monaco,343319,Lucas Michal,F,13,6.3,,0.0,,,7,7.0,100.0,,,1.0,,0,0,1.0,2.0
Stade Brestois 29 vs Monaco,Monaco,81,Krépin Diatta,M,13,6.9,,0.0,,,7,6.0,85.7,,,,1.0,0,0,1.0,1.0
Lille vs Marseille,Lille,1337,Berke Özer,G,90,8.2,,0.0,,,27,16.0,59.3,,,,,1,0,,
Lille vs Marseille,Lille,264,Thomas Meunier,D,90,7.5,,0.0,,,38,30.0,78.9,2.0,,2.0,,0,0,5.0,9.0
Lille vs Marseille,Lille,312964,Nathan Ngoy,D,90,6.9,,0.0,,,42,41.0,97.6,,1.0,,,0,0,1.0,2.0
Lille vs Marseille,Lille,1567,Aïssa Mandi,D,90,7.2,,0.0,,,51,46.0,90.2,1.0,3.0,1.0,1.0,0,0,3.0,5.0
Lille vs Marseille,Lille,20600,Romain Perraud,D,90,6.9,,0.0,1.0,1.0,28,25.0,89.3,1.0,1.0,3.0,3.0,0,0,4.0,10.0
Lille vs Marseille,Lille,2204,Benjamin André,M,90,7.3,,0.0,,,45,36.0,80.0,5.0,,,2.0,0,0,10.0,12.0
Lille vs Marseille,Lille,409,Nabil Bentaleb,M,90,7.3,,1.0,,,64,57.0,89.1,1.0,1.0,,,0,0,3.0,9.0
Lille vs Marseille,Lille,386287,Ethan Mbappé,M,69,7.9,1.0,0.0,1.0,1.0,24,19.0,79.2,4.0,,1.0,,0,0,4.0,5.0
Lille vs Marseille,Lille,67889,Hakon Arnar Haraldsson,M,84,6.5,,0.0,,,36,28.0,77.8,,2.0,,2.0,0,0,3.0,7.0
Lille vs Marseille,Lille,99576,Osame Sahraoui,M,70,6.9,,0.0,,,24,20.0,83.3,1.0,1.0,,2.0,0,0,4.0,11.0
Lille vs Marseille,Lille,306979,Hamza Igamane,F,26,6.7,,0.0,,,4,3.0,75.0,,,,,0,0,,
Lille vs Marseille,Lille,2295,Olivier Giroud,F,64,6.6,,0.0,,,12,6.0,50.0,1.0,1.0,1.0,1.0,0,0,6.0,8.0
Lille vs Marseille,Lille,375598,Ngal'ayel Mukau,M,21,6.5,,0.0,,,6,6.0,100.0,,,,,0,0,,3.0
Lille vs Marseille,Lille,135749,Félix Correia,F,20,6.6,,0.0,,,17,14.0,82.4,1.0,,,,0,0,2.0,4.0
Lille vs Marseille,Lille,18765,André Gomes,M,13,6.9,,0.0,,,5,5.0,100.0,,,1.0,,0,0,3.0,6.0
Lille vs Marseille,Marseille,47296,Gerónimo Rulli,G,90,6,,0.0,,,29,24.0,82.8,,,,,0,0,,
Lille vs Marseille,Marseille,2725,Benjamin Pavard,D,66,6.7,,0.0,,,34,31.0,91.2,2.0,1.0,,1.0,0,0,4.0,6.0
Lille vs Marseille,Marseille,6,Leonardo Balerdi,D,90,7.3,,0.0,,,99,93.0,93.9,2.0,1.0,,1.0,0,0,5.0,9.0
Lille vs Marseille,Marseille,21694,Nayef Aguerd,D,90,6.9,,0.0,,,89,84.0,94.4,,3.0,,,0,0,1.0,5.0
Lille vs Marseille,Marseille,1138,Timothy Weah,M,90,6.3,,0.0,,,42,36.0,85.7,,2.0,3.0,,0,0,1.0,7.0
Lille vs Marseille,Marseille,926,Geoffrey Kondogbia,M,80,7.2,,0.0,1.0,1.0,62,53.0,85.5,3.0,2.0,3.0,,0,0,6.0,11.0
Lille vs Marseille,Marseille,340154,Arthur Vermeeren,M,90,6.6,,0.0,,,56,50.0,89.3,2.0,,2.0,1.0,1,0,5.0,7.0
Lille vs Marseille,Marseille,2284,Emerson Palmieri,M,90,7,,0.0,,,46,39.0,84.8,2.0,2.0,,,0,0,3.0,6.0
Lille vs Marseille,Marseille,897,Mason Greenwood,F,90,7.7,,0.0,1.0,1.0,39,34.0,87.2,,,,1.0,0,0,6.0,9.0
Lille vs Marseille,Marseille,9363,Igor Paixão,F,80,6.5,,0.0,,,27,22.0,81.5,,1.0,,2.0,0,0,2.0,6.0
Lille vs Marseille,Marseille,1465,Pierre-Emerick Aubameyang,F,66,6.2,,0.0,1.0,,11,9.0,81.8,1.0,,,,0,0,1.0,4.0
Lille vs Marseille,Marseille,455245,Darryl Bakola,M,24,6.9,,0.0,,,11,7.0,63.6,2.0,,,1.0,0,0,4.0,6.0
Lille vs Marseille,Marseille,435482,Robinio Vaz,F,24,6.2,,0.0,,,5,4.0,80.0,,,1.0,1.0,0,0,1.0,5.0
Lille vs Marseille,Marseille,562661,Tadjidine Mmadi,M,10,6.5,,0.0,,,8,6.0,75.0,,,,,0,0,1.0,4.0
Lille vs Marseille,Marseille,283216,Bilal Nadir,M,10,6.7,,0.0,,,12,9.0,75.0,1.0,,2.0,1.0,0,0,3.0,6.0
Nantes vs Lens,Nantes,647,Anthony Lopes,G,90,7.5,,0.0,,,26,15.0,57.7,,,,,0,0,,
Nantes vs Lens,Nantes,22134,Kelvin Amian,D,90,6.6,,0.0,,,26,20.0,76.9,3.0,,2.0,2.0,0,0,8.0,12.0
Nantes vs Lens,Nantes,50026,Chidozie Awaziem,D,90,6.9,,0.0,,,46,37.0,80.4,1.0,4.0,,,1,0,2.0,6.0
Nantes vs Lens,Nantes,522609,Tylel Tati,D,90,6.6,,0.0,,,28,22.0,78.6,2.0,,1.0,2.0,0,0,5.0,7.0
Nantes vs Lens,Nantes,21570,Nicolas Cozza,D,87,6,,0.0,,,23,13.0,56.5,1.0,,,,0,0,3.0,7.0
Nantes vs Lens,Nantes,193952,Johann Lepenant,M,90,7.2,,0.0,,,32,27.0,84.4,5.0,,1.0,1.0,0,0,7.0,12.0
Nantes vs Lens,Nantes,137296,Hyeok-kyu Kwon,M,87,7.2,,0.0,,,20,17.0,85.0,3.0,1.0,1.0,1.0,0,0,6.0,7.0
Nantes vs Lens,Nantes,443755,Bahmed Deuff,M,60,6.9,,0.0,1.0,1.0,12,9.0,75.0,1.0,1.0,1.0,1.0,0,0,7.0,14.0
Nantes vs Lens,Nantes,161622,Matthis Abline,F,90,7.9,,0.0,3.0,1.0,10,7.0,70.0,,,,4.0,0,0,8.0,13.0
Nantes vs Lens,Nantes,42086,Youssef El Arabi,F,59,5.9,1.0,0.0,2.0,2.0,16,9.0,56.2,,,,,0,0,3.0,13.0
Nantes vs Lens,Nantes,443676,Bahereba Guirassy,F,44,6.9,,0.0,,,11,9.0,81.8,2.0,,,,0,0,3.0,6.0
Nantes vs Lens,Nantes,266200,Mayckel Lahdo,F,46,6.3,,0.0,,,14,11.0,78.6,1.0,,,,0,0,2.0,5.0
Nantes vs Lens,Nantes,2668,Mostafa Mohamed,F,31,6.7,,0.0,2.0,,5,3.0,60.0,,,,1.0,0,0,3.0,7.0
Nantes vs Lens,Nantes,388779,Dehmaine Tabibou,M,30,6.3,,0.0,,,8,8.0,100.0,1.0,1.0,1.0,1.0,1,0,2.0,8.0
Nantes vs Lens,Nantes,20654,Fabien Centonze,D,8,6.6,,0.0,,,6,6.0,100.0,,,,,0,0,,
Nantes vs Lens,Nantes,428504,Amady Camara,F,3,,,0.0,,,4,3.0,75.0,,,1.0,,0,0,,2.0
Nantes vs Lens,Lens,347211,Robin Risser,G,90,6.9,,0.0,,,15,12.0,80.0,,,,,0,0,,
Nantes vs Lens,Lens,369500,Ismaelo Ganiou,D,90,6.5,,0.0,,,58,53.0,91.4,3.0,1.0,3.0,,0,0,8.0,14.0
Nantes vs Lens,Lens,322984,Samson Baidoo,D,90,6.7,,0.0,2.0,,56,48.0,85.7,3.0,,1.0,1.0,0,0,8.0,16.0
Nantes vs Lens,Lens,22166,Malang Sarr,D,90,7.3,,0.0,1.0,1.0,76,70.0,92.1,5.0,,1.0,,0,0,8.0,12.0
Nantes vs Lens,Lens,21568,Ruben Aguilar,M,90,7.2,,1.0,1.0,,69,62.0,89.9,4.0,3.0,1.0,1.0,0,0,6.0,9.0
Nantes vs Lens,Lens,277306,Mamadou Sangare,M,90,7,,0.0,2.0,1.0,71,61.0,85.9,5.0,,,,0,0,8.0,15.0
Nantes vs Lens,Lens,394950,Andrija Bulatovic,M,90,7.3,,0.0,1.0,,37,30.0,81.1,4.0,,3.0,4.0,0,0,10.0,17.0
Nantes vs Lens,Lens,20525,Matthieu Udol,M,90,7.2,,1.0,,,45,36.0,80.0,1.0,,1.0,,0,0,1.0,6.0
Nantes vs Lens,Lens,1922,Florian Thauvin,F,90,8,1.0,0.0,3.0,2.0,61,52.0,85.2,,,1.0,1.0,0,0,4.0,10.0
Nantes vs Lens,Lens,21715,Wesley Saïd,F,89,7.2,1.0,0.0,3.0,1.0,29,23.0,79.3,1.0,1.0,,,0,0,1.0,6.0
Nantes vs Lens,Lens,1135,Odsonne Édouard,F,69,6.6,,0.0,1.0,1.0,12,10.0,83.3,,,1.0,,0,0,4.0,10.0
Nantes vs Lens,Lens,443579,Rayan Fofana,F,21,6.3,,0.0,,,5,4.0,80.0,,,1.0,1.0,0,0,2.0,4.0
Toulouse vs Strasbourg,Toulouse,325346,Guillaume Restes,G,90,6.9,,0.0,,,44,30.0,68.2,,,,,0,0,,
Toulouse vs Strasbourg,Toulouse,50735,Mark McKenzie,D,90,6.6,,0.0,,,24,18.0,75.0,,,2.0,1.0,0,0,1.0,3.0
Toulouse vs Strasbourg,Toulouse,278392,Charlie Cresswell,D,90,7.2,,0.0,,,40,34.0,85.0,1.0,3.0,,2.0,0,0,7.0,8.0
Toulouse vs Strasbourg,Toulouse,15793,Rasmus Nicolaisen,D,90,7.3,,0.0,,,48,40.0,83.3,,1.0,,,0,0,1.0,1.0
Toulouse vs Strasbourg,Toulouse,102,Djibril Sidibé,M,90,7.2,,0.0,,,30,22.0,73.3,3.0,,1.0,1.0,0,0,7.0,10.0
Toulouse vs Strasbourg,Toulouse,514464,Alexis Vossah,M,90,6.3,,0.0,,,27,22.0,81.5,1.0,,1.0,1.0,0,0,3.0,6.0
Toulouse vs Strasbourg,Toulouse,50956,Cristian Cásseres Jr.,M,90,7.2,,0.0,,,32,29.0,90.6,4.0,2.0,3.0,1.0,1,0,7.0,12.0
Toulouse vs Strasbourg,Toulouse,452697,Dayann Methalie,M,90,6.5,,0.0,,,16,15.0,93.8,2.0,,5.0,,0,0,2.0,9.0
Toulouse vs Strasbourg,Toulouse,84128,Yann Gboho,F,90,7.3,,0.0,,,15,12.0,80.0,,,1.0,5.0,0,0,5.0,8.0
Toulouse vs Strasbourg,Toulouse,174724,Frank Magri,F,45,6.2,,0.0,2.0,,2,2.0,100.0,,,1.0,,1,0,1.0,5.0
Toulouse vs Strasbourg,Toulouse,321648,Emersonn,F,78,6.9,1.0,0.0,3.0,3.0,11,7.0,63.6,1.0,,3.0,,0,0,4.0,12.0
Toulouse vs Strasbourg,Toulouse,334952,Rafik Messali,M,45,6.5,,0.0,,,11,6.0,54.5,1.0,1.0,2.0,,1,0,1.0,4.0
Toulouse vs Strasbourg,Toulouse,362741,Santiago Hidalgo,F,12,6.6,,0.0,,,2,2.0,100.0,,1.0,2.0,2.0,0,0,2.0,4.0
Toulouse vs Strasbourg,Strasbourg,340151,Mike Penders,G,90,6.6,,0.0,,,53,47.0,88.7,,,,,0,0,1.0,1.0
Toulouse vs Strasbourg,Strasbourg,161747,Guéla Doué,D,75,6.7,,0.0,,,60,55.0,91.7,,,,2.0,0,0,5.0,8.0
Toulouse vs Strasbourg,Strasbourg,147835,Andrew Omobamidele,D,61,6.5,,0.0,,,87,87.0,100.0,,1.0,2.0,,0,0,1.0,4.0
Toulouse vs Strasbourg,Strasbourg,276184,Mamadou Sarr,D,90,6.6,,0.0,,,127,124.0,97.6,,1.0,1.0,1.0,0,0,2.0,6.0
Toulouse vs Strasbourg,Strasbourg,335056,Diego Moreira,M,87,6.3,,0.0,,,57,51.0,89.5,,,2.0,2.0,1,0,2.0,4.0
Toulouse vs Strasbourg,Strasbourg,415431,Samir El Mourabet,M,90,6.7,,0.0,,,82,78.0,95.1,1.0,1.0,3.0,,1,0,2.0,7.0
Toulouse vs Strasbourg,Strasbourg,271542,Ismael Doukouré,M,90,6.9,,0.0,,,76,69.0,90.8,2.0,1.0,3.0,2.0,0,0,5.0,9.0
Toulouse vs Strasbourg,Strasbourg,2933,Ben Chilwell,M,90,6.7,,0.0,,,93,83.0,89.2,1.0,,,2.0,1,0,5.0,5.0
Toulouse vs Strasbourg,Strasbourg,226803,Sebastian Nanasi,F,61,6.3,,0.0,,,38,34.0,89.5,,1.0,,,0,0,1.0,2.0
Toulouse vs Strasbourg,Strasbourg,70747,Julio Enciso,F,90,7,,0.0,,,54,49.0,90.7,,,1.0,7.0,0,0,9.0,15.0
Toulouse vs Strasbourg,Strasbourg,390742,Joaquin Panichelli,F,90,6.2,,0.0,,,14,12.0,85.7,1.0,,1.0,1.0,0,0,3.0,12.0
Toulouse vs Strasbourg,Strasbourg,395762,Mathis Amougou,M,29,6.6,,0.0,,,18,18.0,100.0,1.0,,,,0,0,1.0,1.0
Toulouse vs Strasbourg,Strasbourg,406303,Kendry Páez,M,29,6.3,,0.0,1.0,,12,11.0,91.7,,,,,0,0,1.0,2.0
Toulouse vs Strasbourg,Strasbourg,334035,Samuel Amo-Ameyaw,F,15,6.9,,0.0,,,8,7.0,87.5,1.0,,,2.0,0,0,3.0,3.0
Toulouse vs Strasbourg,Strasbourg,359386,Martial Godo,F,8,6.2,,0.0,,,3,2.0,66.7,,,,,0,0,,3.0
Paris Saint Germain vs Rennes,Paris Saint Germain,2068,Matvey Safonov,G,90,6.9,,0.0,,,26,21.0,80.8,,,,,0,0,,
Paris Saint Germain vs Rennes,Paris Saint Germain,336657,Warren Zaïre-Emery,D,80,7.2,,0.0,,,56,51.0,91.1,2.0,,1.0,,0,0,5.0,10.0
Paris Saint Germain vs Rennes,Paris Saint Germain,257,Marquinhos,D,90,7.3,,0.0,1.0,,88,85.0,96.6,,,3.0,,0,0,3.0,8.0
Paris Saint Germain vs Rennes,Paris Saint Germain,16367,Willian Pacho,D,90,7.3,,0.0,,,79,74.0,93.7,3.0,2.0,1.0,1.0,0,0,4.0,5.0
Paris Saint Germain vs Rennes,Paris Saint Germain,33,Lucas Hernández,D,90,7.3,,1.0,,,83,76.0,91.6,1.0,,,,0,0,1.0,1.0
Paris Saint Germain vs Rennes,Paris Saint Germain,335051,João Neves,M,80,7.7,,1.0,1.0,,65,61.0,93.8,4.0,,2.0,,0,0,5.0,9.0
Paris Saint Germain vs Rennes,Paris Saint Germain,128384,Vitinha,M,71,7.3,,0.0,1.0,,81,77.0,95.1,1.0,,,1.0,0,0,3.0,3.0
Paris Saint Germain vs Rennes,Paris Saint Germain,409216,Senny Mayulu,M,90,8.2,1.0,1.0,2.0,1.0,33,32.0,97.0,3.0,3.0,2.0,,0,0,3.0,9.0
Paris Saint Germain vs Rennes,Paris Saint Germain,161904,Bradley Barcola,F,90,8.3,,0.0,2.0,2.0,40,36.0,90.0,3.0,1.0,,,0,0,5.0,10.0
Paris Saint Germain vs Rennes,Paris Saint Germain,927,Kang-in Lee,F,64,6.2,,0.0,2.0,,23,20.0,87.0,,,,1.0,0,0,1.0,4.0
Paris Saint Germain vs Rennes,Paris Saint Germain,483,Khvicha Kvaratskhelia,F,71,9.6,2.0,0.0,4.0,3.0,37,29.0,78.4,,,,1.0,0,0,6.0,9.0
Paris Saint Germain vs Rennes,Paris Saint Germain,153,Ousmane Dembélé,F,26,6.9,,1.0,1.0,1.0,36,30.0,83.3,,,,,0,0,1.0,1.0
Paris Saint Germain vs Rennes,Paris Saint Germain,328,Fabián Ruiz,M,19,6.6,,0.0,,,35,34.0,97.1,,,,,0,0,,1.0
Paris Saint Germain vs Rennes,Paris Saint Germain,41585,Gonçalo Ramos,F,19,7.7,1.0,0.0,1.0,1.0,10,10.0,100.0,,1.0,,1.0,0,0,1.0,1.0
Paris Saint Germain vs Rennes,Paris Saint Germain,471107,Quentin Ndjantou,F,10,6.9,,1.0,,,17,16.0,94.1,,,,,0,0,,
Paris Saint Germain vs Rennes,Paris Saint Germain,446249,Ibrahim Mbaye,F,10,7.5,1.0,0.0,1.0,1.0,6,6.0,100.0,,,,,0,0,,
Paris Saint Germain vs Rennes,Rennes,21628,Brice Samba,G,90,5.3,,0.0,,,36,28.0,77.8,,,,,0,0,1.0,1.0
Paris Saint Germain vs Rennes,Rennes,417830,Abdelhamid Ait Boudlal,D,90,4.9,,0.0,,,44,38.0,86.4,1.0,1.0,1.0,,1,0,1.0,6.0
Paris Saint Germain vs Rennes,Rennes,367636,Jérémy Jacquet,D,74,5.6,,0.0,,,28,26.0,92.9,1.0,1.0,2.0,,2,1,1.0,3.0
Paris Saint Germain vs Rennes,Rennes,126757,Lilian Brassier,D,90,6.2,,0.0,,,39,31.0,79.5,2.0,2.0,,1.0,0,0,4.0,8.0
Paris Saint Germain vs Rennes,Rennes,3007,Przemysław Frankowski,M,90,6.3,,0.0,1.0,,39,30.0,76.9,3.0,,,1.0,0,0,5.0,8.0
Paris Saint Germain vs Rennes,Rennes,24147,Mahdi Camara,M,82,6.5,,0.0,,,19,18.0,94.7,1.0,,,,0,0,2.0,4.0
Paris Saint Germain vs Rennes,Rennes,21102,Valentin Rongier,M,90,6.3,,0.0,1.0,1.0,40,38.0,95.0,1.0,4.0,1.0,2.0,0,0,5.0,8.0
Paris Saint Germain vs Rennes,Rennes,343792,Djaoui Cissé,M,45,6.6,,0.0,,,22,19.0,86.4,4.0,,,,0,0,4.0,5.0
Paris Saint Germain vs Rennes,Rennes,15286,Mousa Tamari,M,82,6.3,,0.0,,,20,17.0,85.0,2.0,1.0,,1.0,0,0,3.0,10.0
Paris Saint Germain vs Rennes,Rennes,421,Breel Embolo,F,82,6.2,,0.0,1.0,,18,17.0,94.4,,,,2.0,0,0,3.0,9.0
Paris Saint Germain vs Rennes,Rennes,163004,Esteban Lepaul,F,75,6.5,,0.0,1.0,1.0,22,19.0,86.4,,,1.0,1.0,0,0,3.0,5.0
Paris Saint Germain vs Rennes,Rennes,272460,Quentin Merlin,D,45,5.6,,0.0,,,16,14.0,87.5,,1.0,,,0,0,,1.0
Paris Saint Germain vs Rennes,Rennes,129681,Anthony Rouault,D,15,6.2,,0.0,,,2,2.0,100.0,,1.0,,1.0,0,0,1.0,1.0
Paris Saint Germain vs Rennes,Rennes,625629,Elias Legendre Quiñonez,M,8,6.3,,0.0,,,3,3.0,100.0,,1.0,,,0,0,,2.0
Paris Saint Germain vs Rennes,Rennes,21497,Ludovic Blas,M,8,6.5,,0.0,,,4,3.0,75.0,,,,,0,0,,
Paris Saint Germain vs Rennes,Rennes,449662,Mohamed Kader Meite,F,8,6.3,,0.0,,,3,2.0,66.7,,,,,0,0,,
Nice vs Angers,Nice,20566,Yehvann Diouf,G,90,7.3,,0.0,,,30,26.0,86.7,,,,,0,0,,
Nice vs Angers,Nice,313937,Antoine Mendy,D,90,6.9,,0.0,1.0,1.0,69,59.0,85.5,2.0,,1.0,,1,0,7.0,14.0
Nice vs Angers,Nice,449509,Abdulay Juma Bah,D,45,6.3,,0.0,1.0,,42,37.0,88.1,,1.0,1.0,,0,0,1.0,4.0
Nice vs Angers,Nice,162465,Melvin Bard,D,90,6.9,,0.0,1.0,,74,63.0,85.1,3.0,1.0,1.0,,0,0,4.0,6.0
Nice vs Angers,Nice,25008,Jonathan Clauss,M,90,7.3,,0.0,,,51,43.0,84.3,2.0,1.0,1.0,1.0,0,0,4.0,6.0
Nice vs Angers,Nice,193617,Tom Louchet,M,53,5.9,,0.0,,,37,28.0,75.7,1.0,,2.0,1.0,0,1,3.0,8.0
Nice vs Angers,Nice,8680,Charles Vanhoutte,M,88,7.5,,0.0,,,63,54.0,85.7,3.0,1.0,1.0,1.0,0,0,7.0,11.0
Nice vs Angers,Nice,1914,Morgan Sanson,M,63,6.7,,0.0,1.0,,23,18.0,78.3,,1.0,,,0,0,2.0,4.0
Nice vs Angers,Nice,49583,Ali Abdi,M,90,6.6,,0.0,,,39,32.0,82.1,1.0,,1.0,,0,0,4.0,7.0
Nice vs Angers,Nice,274312,Mohamed-Ali Cho,F,77,5.9,,0.0,,,15,8.0,53.3,,,1.0,2.0,0,0,3.0,10.0
Nice vs Angers,Nice,107,Sofiane Diop,F,63,6.3,,0.0,2.0,,19,17.0,89.5,1.0,1.0,1.0,1.0,0,0,2.0,9.0
Nice vs Angers,Nice,503702,Bernard Nguene,F,45,6.9,,0.0,2.0,,14,10.0,71.4,3.0,1.0,,,0,0,6.0,9.0
Nice vs Angers,Nice,4399,Hicham Boudaoui,M,27,6.9,,0.0,1.0,,17,16.0,94.1,,,1.0,2.0,0,0,2.0,4.0
Nice vs Angers,Nice,105154,Isak Jansson,F,27,6.3,,0.0,1.0,1.0,14,10.0,71.4,1.0,,,,0,0,1.0,5.0
Nice vs Angers,Nice,662,Tanguy Ndombélé,M,13,6.9,,0.0,1.0,1.0,8,7.0,87.5,,,,1.0,0,0,2.0,2.0
Nice vs Angers,Nice,188319,Kevin Carlos Omoruyi,F,2,,,0.0,,,2,1.0,50.0,,,,,0,0,,1.0
Nice vs Angers,Angers,22220,Hervé Koffi,G,90,7.3,,0.0,,,31,22.0,71.0,,,,,0,0,1.0,1.0
Nice vs Angers,Angers,20850,Carlens Arcus,D,65,7.2,,1.0,,,50,45.0,90.0,2.0,,,,0,0,2.0,3.0
Nice vs Angers,Angers,271540,Ousmane Camara,D,90,7.3,,0.0,,,62,57.0,91.9,1.0,1.0,1.0,,0,0,5.0,7.0
Nice vs Angers,Angers,21381,Jordan Lefort,D,90,7.3,,0.0,,,72,65.0,90.3,1.0,2.0,1.0,1.0,0,0,3.0,4.0
Nice vs Angers,Angers,343609,Jacques Ekomie,D,90,7,,0.0,2.0,1.0,50,43.0,86.0,4.0,1.0,2.0,1.0,0,0,5.0,10.0
Nice vs Angers,Angers,20554,Haris Belkebla,M,90,7.2,,0.0,,,61,54.0,88.5,3.0,2.0,,3.0,1,0,7.0,12.0
Nice vs Angers,Angers,20692,Himad Abdelli,M,90,7.5,,0.0,,,65,58.0,89.2,3.0,1.0,1.0,1.0,0,0,5.0,12.0
Nice vs Angers,Angers,174708,Yassin Belkhdim,M,83,8.2,1.0,0.0,3.0,2.0,31,25.0,80.6,5.0,2.0,,,0,0,5.0,7.0
Nice vs Angers,Angers,289555,Louis Mouton,M,83,6.7,,0.0,,,35,27.0,77.1,3.0,,,2.0,0,0,6.0,10.0
Nice vs Angers,Angers,191289,Amine Sbai,M,72,6.6,,0.0,1.0,1.0,27,18.0,66.7,,,2.0,,0,0,3.0,9.0
Nice vs Angers,Angers,421875,Sidiki Cherif,F,72,6.5,,0.0,,,13,9.0,69.2,,1.0,,2.0,0,0,4.0,8.0
Nice vs Angers,Angers,174660,Lilian Raolisoa,D,25,7,,0.0,,,13,13.0,100.0,1.0,,,,0,0,3.0,4.0
Nice vs Angers,Angers,579375,Djibirin Harouna,F,18,6.5,,0.0,,,10,8.0,80.0,,1.0,1.0,,0,0,1.0,5.0
Nice vs Angers,Angers,457541,Prosper Peter,F,18,6.2,,0.0,,,3,,,,,1.0,,0,0,1.0,6.0
Nice vs Angers,Angers,21145,Pierrick Capelle,M,12,6.3,,0.0,,,4,4.0,100.0,,,,,0,0,,
Nice vs Angers,Angers,21618,Jim Allevinah,F,12,6.7,,0.0,,,7,6.0,85.7,,,,1.0,0,0,1.0,2.0
Auxerre vs Metz,Auxerre,20542,Donovan Léon,G,90,7.2,,0.0,,,23,13.0,56.5,1.0,,,,0,0,1.0,1.0
Auxerre vs Metz,Auxerre,193953,Lamine Sy,D,90,7,,0.0,,,26,23.0,88.5,4.0,2.0,1.0,,0,0,7.0,10.0
Auxerre vs Metz,Auxerre,162466,Sinaly Diomandé,D,90,6.6,,0.0,,,34,32.0,94.1,,2.0,1.0,1.0,0,0,2.0,3.0
Auxerre vs Metz,Auxerre,191189,Clement Akpa,D,90,6.9,,0.0,,,48,40.0,83.3,2.0,,,1.0,0,0,5.0,6.0
Auxerre vs Metz,Auxerre,215827,Fredrik Oppegård,D,73,6.2,,0.0,,,19,16.0,84.2,,,,,0,0,,
Auxerre vs Metz,Auxerre,496896,Rudy Matondo,M,90,6.5,,0.0,,,21,18.0,85.7,1.0,1.0,2.0,1.0,1,0,2.0,6.0
Auxerre vs Metz,Auxerre,319919,Oussama El Azzouzi,M,89,8.3,1.0,0.0,3.0,1.0,48,45.0,93.8,,2.0,3.0,1.0,0,0,4.0,8.0
Auxerre vs Metz,Auxerre,323625,Kévin Danois,M,90,8.3,1.0,0.0,2.0,2.0,46,39.0,84.8,4.0,3.0,,1.0,0,0,7.0,12.0
Auxerre vs Metz,Auxerre,90617,Lassine Sinayoko,F,89,7.3,1.0,0.0,2.0,2.0,29,24.0,82.8,1.0,,,2.0,0,0,4.0,8.0
Auxerre vs Metz,Auxerre,190686,Sékou Mara,F,73,6.9,,1.0,,,12,7.0,58.3,2.0,,1.0,1.0,0,0,3.0,12.0
Auxerre vs Metz,Auxerre,19625,Danny Namaso,F,90,6.9,,1.0,4.0,2.0,26,21.0,80.8,2.0,,1.0,1.0,0,0,6.0,9.0
Auxerre vs Metz,Auxerre,7578,Gideon Mensah,D,17,6.9,,0.0,,,4,4.0,100.0,1.0,,1.0,2.0,1,0,3.0,4.0
Auxerre vs Metz,Auxerre,174915,Josué Casimir,F,17,6.9,,0.0,,,4,3.0,75.0,,,,,0,0,2.0,3.0
Auxerre vs Metz,Metz,158532,Jonathan Fischer,G,90,6,,0.0,,,37,34.0,91.9,,,,,0,0,,
Auxerre vs Metz,Metz,19518,Maxime Colin,D,90,6.6,,0.0,,,53,49.0,92.5,4.0,2.0,,1.0,0,0,7.0,8.0
Auxerre vs Metz,Metz,428084,Sadibou Sané,D,90,7.2,,0.0,,,101,96.0,95.0,2.0,,1.0,3.0,0,0,7.0,10.0
Auxerre vs Metz,Metz,3240,Jean-Philippe Gbamin,D,90,6.9,,0.0,,,85,79.0,92.9,2.0,,,,0,0,4.0,6.0
Auxerre vs Metz,Metz,105,Fodé Ballo-Touré,D,90,5.6,,0.0,1.0,1.0,30,27.0,90.0,1.0,,2.0,1.0,0,0,2.0,10.0
Auxerre vs Metz,Metz,21640,Jessy Deminguet,M,80,6.9,,0.0,,,55,52.0,94.5,,,4.0,2.0,1,0,6.0,13.0
Auxerre vs Metz,Metz,157912,Boubacar Traoré,M,84,6.3,,0.0,1.0,1.0,51,45.0,88.2,4.0,1.0,2.0,1.0,0,0,5.0,9.0
Auxerre vs Metz,Metz,20534,Cheick Tidiane Sabaly,M,68,6,,0.0,,,13,6.0,46.2,,,,1.0,0,0,2.0,7.0
Auxerre vs Metz,Metz,20529,Gauthier Hein,M,90,7.9,1.0,0.0,2.0,1.0,59,52.0,88.1,1.0,,,,0,0,1.0,3.0
Auxerre vs Metz,Metz,2181,Georgiy Tsitaishvili,M,68,6.5,,0.0,,,17,13.0,76.5,,1.0,,,0,0,,2.0
Auxerre vs Metz,Metz,19323,Joel Asoro,F,45,6.5,,0.0,,,5,3.0,60.0,,,,,0,0,1.0,3.0
Auxerre vs Metz,Metz,20535,Habib Diallo,F,45,6,,0.0,1.0,,4,3.0,75.0,,,1.0,1.0,0,0,1.0,5.0
Auxerre vs Metz,Metz,403883,Malick Mbaye,F,22,6.2,,0.0,,,14,10.0,71.4,,,1.0,,0,0,,1.0
Auxerre vs Metz,Metz,408870,Ibou Sane,F,22,6.5,,0.0,,,9,8.0,88.9,,,,,0,0,,3.0
Auxerre vs Metz,Metz,434352,Alpha Touré,M,10,6.2,,0.0,,,9,7.0,77.8,,,,,0,0,,
Auxerre vs Metz,Metz,514519,Brian Madjo,F,11,6.5,,0.0,,,3,2.0,66.7,,,1.0,,0,0,,2.0
Le Havre vs Paris FC,Le Havre,119853,Mory Diaw,G,90,6.9,,0.0,,,30,22.0,73.3,,,,,0,0,,
Le Havre vs Paris FC,Le Havre,2336,Loic Négo,D,90,7.2,,0.0,,,40,32.0,80.0,,,,1.0,0,0,2.0,4.0
Le Havre vs Paris FC,Le Havre,174927,Arouna Sangante,D,84,7.3,,0.0,,,54,50.0,92.6,,,1.0,,0,0,3.0,5.0
Le Havre vs Paris FC,Le Havre,64255,Gautier Lloris,D,90,6.9,,0.0,,,58,54.0,93.1,1.0,2.0,1.0,,0,0,1.0,4.0
Le Havre vs Paris FC,Le Havre,23637,Yanis Zouaoui,D,90,7.3,,0.0,,,42,34.0,81.0,3.0,1.0,,1.0,0,0,5.0,8.0
Le Havre vs Paris FC,Le Havre,364093,Simon Ebonog,M,44,6.9,,0.0,,,14,10.0,71.4,1.0,,,1.0,0,0,4.0,5.0
Le Havre vs Paris FC,Le Havre,33165,Ayumu Seko,M,90,6.7,,0.0,,,41,36.0,87.8,,3.0,1.0,1.0,0,0,2.0,4.0
Le Havre vs Paris FC,Le Havre,128342,Rassoul Ndiaye,M,85,7.2,,0.0,1.0,,28,25.0,89.3,1.0,1.0,,1.0,0,0,4.0,5.0
Le Havre vs Paris FC,Le Havre,21641,Godson Kyeremeh,F,73,6.5,,0.0,,,14,11.0,78.6,1.0,,1.0,1.0,0,0,4.0,11.0
Le Havre vs Paris FC,Le Havre,1945,Mbwana Ally Samatta,F,73,6,,0.0,2.0,,6,4.0,66.7,,1.0,2.0,,0,0,2.0,10.0
Le Havre vs Paris FC,Le Havre,156465,Issa Soumaré,F,90,6.5,,0.0,4.0,2.0,27,19.0,70.4,1.0,,1.0,5.0,0,0,7.0,13.0
Le Havre vs Paris FC,Le Havre,174937,Yassine Kechta,M,46,6.3,,0.0,1.0,,15,14.0,93.3,,,,1.0,0,0,1.0,2.0
Le Havre vs Paris FC,Le Havre,174625,Fodé Doucouré,D,17,6.7,,0.0,,,6,5.0,83.3,,,,,0,0,,
Le Havre vs Paris FC,Le Havre,437529,Noam Obougou Jacquet,F,17,6.9,,0.0,,,0,,,,,2.0,1.0,0,0,1.0,4.0
Le Havre vs Paris FC,Le Havre,162443,Étienne Youte Kinkoue,D,10,6.7,,0.0,,,11,10.0,90.9,,,,,0,0,,
Le Havre vs Paris FC,Le Havre,36932,Younes Namli,F,9,6.5,,0.0,1.0,,3,2.0,66.7,,,1.0,,0,0,,
Le Havre vs Paris FC,Paris FC,1800,Kevin Trapp,G,90,7,,0.0,,,51,44.0,86.3,,,,,0,0,1.0,1.0
Le Havre vs Paris FC,Paris FC,2202,Hamari Traoré,D,90,6.3,,0.0,,,45,40.0,88.9,1.0,1.0,3.0,,0,0,1.0,5.0
Le Havre vs Paris FC,Paris FC,174881,Moustapha Mbow,D,90,7,,0.0,,,64,61.0,95.3,1.0,1.0,2.0,1.0,0,0,5.0,9.0
Le Havre vs Paris FC,Paris FC,266013,Otávio,D,90,7.9,,0.0,,,76,71.0,93.4,3.0,,,2.0,0,0,6.0,6.0
Le Havre vs Paris FC,Paris FC,55819,Tuomas Ollila,D,72,6.9,,0.0,2.0,,26,21.0,80.8,1.0,,,1.0,0,0,7.0,9.0
Le Havre vs Paris FC,Paris FC,83831,Ilan Kebbal,M,89,6.7,,0.0,2.0,,51,44.0,86.3,1.0,,1.0,,0,0,1.0,6.0
Le Havre vs Paris FC,Paris FC,20925,Vincent Marchetti,M,66,6.3,,0.0,,,39,36.0,92.3,,,1.0,1.0,0,0,3.0,10.0
Le Havre vs Paris FC,Paris FC,1910,Maxime López,M,90,7.2,,0.0,,,75,64.0,85.3,1.0,1.0,1.0,,1,0,1.0,2.0
Le Havre vs Paris FC,Paris FC,84218,Adama Camara,M,90,6.9,,0.0,1.0,1.0,43,38.0,88.4,1.0,1.0,1.0,1.0,1,0,2.0,5.0
Le Havre vs Paris FC,Paris FC,2781,Moses Simon,M,66,6.3,,0.0,1.0,,13,8.0,61.5,,1.0,2.0,,0,0,1.0,4.0
Le Havre vs Paris FC,Paris FC,22842,Jean-Philippe Krasso,F,72,6.9,,0.0,1.0,,11,8.0,72.7,2.0,,1.0,2.0,0,0,6.0,9.0
Le Havre vs Paris FC,Paris FC,22229,Jonathan Ikoné,F,24,7.3,,0.0,,,5,5.0,100.0,1.0,,,,0,0,3.0,3.0
Le Havre vs Paris FC,Paris FC,20704,Alimami Gory,F,24,6,,0.0,2.0,,4,3.0,75.0,,,1.0,,0,0,,3.0
Le Havre vs Paris FC,Paris FC,8474,Thibault De Smet,D,18,6.7,,0.0,,,7,6.0,85.7,,,,,0,0,,
Le Havre vs Paris FC,Paris FC,19430,Nouha Dicko,F,18,6.7,,0.0,1.0,1.0,3,3.0,100.0,,,,1.0,0,0,2.0,3.0
Lorient vs Lyon,Lorient,1142,Yvon Mvogo,G,90,8.3,,0.0,,,40,28.0,70.0,,,,1.0,0,0,3.0,3.0
Lorient vs Lyon,Lorient,193501,Bamo Meïté,D,90,6.9,,0.0,1.0,,29,20.0,69.0,2.0,2.0,1.0,1.0,0,0,5.0,8.0
Lorient vs Lyon,Lorient,50030,Montassar Talbi,D,90,6.9,,0.0,1.0,,17,14.0,82.4,,1.0,2.0,1.0,0,0,4.0,8.0
Lorient vs Lyon,Lorient,152669,Darlin Yongwa,D,90,6.9,,0.0,1.0,1.0,27,22.0,81.5,,1.0,1.0,3.0,0,0,4.0,9.0
Lorient vs Lyon,Lorient,174703,Théo Le Bris,M,89,7.5,,0.0,,,23,18.0,78.3,4.0,2.0,1.0,,0,0,5.0,6.0
Lorient vs Lyon,Lorient,402265,Arthur Avom Ebong,M,90,7.7,,0.0,,,45,42.0,93.3,2.0,,,3.0,0,0,6.0,8.0
Lorient vs Lyon,Lorient,20917,Laurent Abergel,M,89,6.9,,0.0,,,33,26.0,78.8,,2.0,2.0,1.0,1,0,2.0,4.0
Lorient vs Lyon,Lorient,402386,Arsène Kouassi,M,90,6.7,,0.0,1.0,,21,18.0,85.7,1.0,1.0,1.0,3.0,0,0,4.0,9.0
Lorient vs Lyon,Lorient,22171,Jean-Victor Makengo,F,78,7.2,,0.0,3.0,2.0,18,15.0,83.3,2.0,,,2.0,0,0,6.0,8.0
Lorient vs Lyon,Lorient,276662,Pablo Pagis,F,71,8.3,1.0,0.0,2.0,1.0,17,10.0,58.8,1.0,,2.0,2.0,0,0,3.0,8.0
Lorient vs Lyon,Lorient,144319,Sambou Soumano,F,71,6.5,,0.0,2.0,1.0,7,5.0,71.4,,,1.0,1.0,1,0,4.0,6.0
Lorient vs Lyon,Lorient,322865,Karim Dermane,M,19,6.9,,0.0,1.0,1.0,8,8.0,100.0,,,,1.0,0,0,2.0,2.0
Lorient vs Lyon,Lorient,284072,Ahmadou Bamba Dieng,F,19,6.5,,0.0,,,2,1.0,50.0,,,1.0,1.0,0,0,1.0,3.0
Lorient vs Lyon,Lorient,23363,Noah Cadiou,M,12,6.9,,0.0,,,7,5.0,71.4,,1.0,,,0,0,2.0,2.0
Lorient vs Lyon,Lyon,61142,Dominik Greif,G,90,7,,0.0,,,29,22.0,75.9,,,,,0,0,,
Lorient vs Lyon,Lyon,68,Clinton Mata,D,90,6.5,,0.0,1.0,,67,62.0,92.5,,,3.0,1.0,0,0,3.0,7.0
Lorient vs Lyon,Lyon,25916,Moussa Niakhaté,D,90,6.9,,0.0,,,63,56.0,88.9,,,1.0,1.0,0,0,1.0,3.0
Lorient vs Lyon,Lyon,529,Nicolás Tagliafico,D,70,5.7,,0.0,,,40,35.0,87.5,1.0,,4.0,,0,0,1.0,7.0
Lorient vs Lyon,Lyon,1456,Ainsley Maitland-Niles,M,42,5.2,,0.0,,,20,18.0,90.0,,,3.0,1.0,2,1,1.0,4.0
Lorient vs Lyon,Lyon,162590,Tyler Morton,M,90,6.6,,0.0,,,42,35.0,83.3,2.0,1.0,3.0,,0,0,3.0,7.0
Lorient vs Lyon,Lyon,438692,Mathys de Carvalho,M,45,6.3,,0.0,1.0,1.0,25,22.0,88.0,1.0,1.0,,,0,0,1.0,2.0
Lorient vs Lyon,Lyon,9700,Abner Vinícius,M,90,6.2,,0.0,,,33,26.0,78.8,,1.0,,,0,0,,5.0
Lorient vs Lyon,Lyon,66387,Pavel Šulc,F,90,7,,0.0,1.0,,23,15.0,65.2,,1.0,3.0,3.0,0,0,7.0,12.0
Lorient vs Lyon,Lyon,519,Corentin Tolisso,F,90,6.6,,0.0,1.0,1.0,41,36.0,87.8,2.0,2.0,2.0,,0,0,4.0,13.0
Lorient vs Lyon,Lyon,195512,Martín Satriano,F,90,6.3,,0.0,1.0,1.0,23,17.0,73.9,,1.0,2.0,5.0,0,0,9.0,19.0
Lorient vs Lyon,Lyon,30423,Hans Hateboer,D,45,6.7,,0.0,,,25,22.0,88.0,,,,,0,0,1.0,2.0
Lorient vs Lyon,Lyon,345388,Afonso Moreira,F,20,6.9,,0.0,1.0,1.0,7,7.0,100.0,,,,1.0,0,0,2.0,3.0
Angers vs Nantes,Angers,22220,Hervé Koffi,G,90,6.3,,0.0,,,27,23.0,85.2,,,,1.0,0,0,1.0,1.0
Angers vs Nantes,Angers,20850,Carlens Arcus,D,90,6.9,,0.0,,,48,43.0,89.6,1.0,,2.0,1.0,0,0,4.0,6.0
Angers vs Nantes,Angers,271540,Ousmane Camara,D,90,7,,0.0,,,49,47.0,95.9,,1.0,,,0,0,3.0,4.0
Angers vs Nantes,Angers,21381,Jordan Lefort,D,90,6.5,,0.0,,,87,80.0,92.0,,,2.0,,0,0,,3.0
Angers vs Nantes,Angers,343609,Jacques Ekomie,D,90,6.7,,0.0,,,37,28.0,75.7,3.0,2.0,2.0,2.0,0,0,6.0,10.0
Angers vs Nantes,Angers,20554,Haris Belkebla,M,90,6.9,,0.0,1.0,,56,46.0,82.1,2.0,2.0,,1.0,0,0,4.0,5.0
Angers vs Nantes,Angers,20692,Himad Abdelli,M,89,7.9,1.0,0.0,4.0,3.0,70,64.0,91.4,2.0,1.0,1.0,2.0,1,0,7.0,12.0
Angers vs Nantes,Angers,174708,Yassin Belkhdim,M,82,7.2,,0.0,4.0,2.0,19,16.0,84.2,3.0,1.0,1.0,1.0,0,0,4.0,7.0
Angers vs Nantes,Angers,289555,Louis Mouton,M,82,6.7,,1.0,1.0,,30,26.0,86.7,4.0,,2.0,1.0,0,0,7.0,16.0
Angers vs Nantes,Angers,191289,Amine Sbai,M,82,6.9,,0.0,2.0,1.0,31,19.0,61.3,1.0,1.0,,1.0,0,0,4.0,6.0
Angers vs Nantes,Angers,421875,Sidiki Cherif,F,73,7.2,1.0,0.0,1.0,1.0,18,14.0,77.8,1.0,1.0,3.0,1.0,0,0,3.0,9.0
Angers vs Nantes,Angers,457541,Prosper Peter,F,17,6.2,,0.0,,,5,5.0,100.0,,1.0,3.0,,0,0,,3.0
Angers vs Nantes,Angers,174660,Lilian Raolisoa,D,8,7.9,1.0,0.0,1.0,1.0,4,,,2.0,,1.0,1.0,0,0,4.0,6.0
Angers vs Nantes,Angers,425207,Marius Courcoul,D,8,6.6,,0.0,,,2,2.0,100.0,,,,,0,0,,
Angers vs Nantes,Angers,579375,Djibirin Harouna,F,8,7.2,1.0,0.0,1.0,1.0,0,,,,,,,0,0,1.0,1.0
Angers vs Nantes,Nantes,647,Anthony Lopes,G,90,6,,0.0,,,36,32.0,88.9,,,,,0,0,,
Angers vs Nantes,Nantes,20654,Fabien Centonze,D,90,6.9,1.0,0.0,1.0,1.0,28,19.0,67.9,3.0,3.0,2.0,2.0,0,0,6.0,13.0
Angers vs Nantes,Nantes,50026,Chidozie Awaziem,D,90,6,,0.0,,,65,52.0,80.0,1.0,,2.0,3.0,1,0,6.0,10.0
Angers vs Nantes,Nantes,522609,Tylel Tati,D,90,6.3,,0.0,,,62,50.0,80.6,,,3.0,2.0,0,0,3.0,6.0
Angers vs Nantes,Nantes,22134,Kelvin Amian,D,90,5.5,,0.0,1.0,,31,24.0,77.4,,,,1.0,0,0,1.0,5.0
Angers vs Nantes,Nantes,197771,Yassine Benhattab,M,64,6,,0.0,1.0,1.0,22,16.0,72.7,1.0,,,,0,0,2.0,7.0
Angers vs Nantes,Nantes,193952,Johann Lepenant,M,82,6.3,,0.0,,,46,40.0,87.0,1.0,2.0,1.0,1.0,0,0,3.0,8.0
Angers vs Nantes,Nantes,282549,Junior Mwanga,M,90,6.6,,0.0,1.0,1.0,47,37.0,78.7,4.0,2.0,,1.0,0,0,7.0,8.0
Angers vs Nantes,Nantes,2483,Deiver Machado,M,82,6.3,,0.0,,,26,23.0,88.5,2.0,1.0,2.0,3.0,0,0,6.0,13.0
Angers vs Nantes,Nantes,2668,Mostafa Mohamed,F,64,6.7,,0.0,,,13,8.0,61.5,1.0,,1.0,2.0,0,0,6.0,12.0
Angers vs Nantes,Nantes,161622,Matthis Abline,F,90,6.3,,0.0,1.0,1.0,6,6.0,100.0,,,1.0,1.0,1,0,1.0,6.0
Angers vs Nantes,Nantes,42086,Youssef El Arabi,F,26,6.7,,0.0,,,7,7.0,100.0,,,,,0,0,,
Angers vs Nantes,Nantes,266200,Mayckel Lahdo,F,26,6.7,,1.0,,,8,5.0,62.5,,,,,0,0,,
Angers vs Nantes,Nantes,443755,Bahmed Deuff,M,8,6.3,,0.0,,,6,5.0,83.3,,,1.0,,0,0,,1.0
Angers vs Nantes,Nantes,428504,Amady Camara,F,8,6.5,,0.0,1.0,,3,2.0,66.7,,,,,0,0,,1.0
Rennes vs Stade Brestois 29,Rennes,21628,Brice Samba,G,90,7.2,,0.0,,,39,31.0,79.5,,,,,1,0,,
Rennes vs Stade Brestois 29,Rennes,417830,Abdelhamid Ait Boudlal,D,90,7.2,,0.0,,,73,60.0,82.2,3.0,,1.0,1.0,0,0,10.0,14.0
Rennes vs Stade Brestois 29,Rennes,129681,Anthony Rouault,D,90,6.7,,0.0,1.0,,49,42.0,85.7,1.0,,1.0,1.0,0,0,6.0,12.0
Rennes vs Stade Brestois 29,Rennes,126757,Lilian Brassier,D,90,6.3,,0.0,,,59,47.0,79.7,1.0,2.0,1.0,1.0,0,0,3.0,5.0
Rennes vs Stade Brestois 29,Rennes,3007,Przemysław Frankowski,M,51,6.9,,0.0,,,29,23.0,79.3,2.0,,,,0,0,3.0,4.0
Rennes vs Stade Brestois 29,Rennes,24147,Mahdi Camara,M,90,6.5,,0.0,,,39,37.0,94.9,2.0,2.0,5.0,3.0,0,0,5.0,12.0
Rennes vs Stade Brestois 29,Rennes,21102,Valentin Rongier,M,90,7.7,,0.0,,,64,54.0,84.4,7.0,,2.0,1.0,0,0,11.0,15.0
Rennes vs Stade Brestois 29,Rennes,343792,Djaoui Cissé,M,58,6.3,,0.0,,,32,25.0,78.1,4.0,1.0,,,0,0,5.0,7.0
Rennes vs Stade Brestois 29,Rennes,15286,Mousa Tamari,M,79,8.9,1.0,1.0,2.0,2.0,24,18.0,75.0,4.0,,2.0,3.0,1,0,8.0,11.0
Rennes vs Stade Brestois 29,Rennes,163004,Esteban Lepaul,F,78,7.7,1.0,0.0,1.0,1.0,13,11.0,84.6,,1.0,,1.0,0,0,2.0,3.0
Rennes vs Stade Brestois 29,Rennes,421,Breel Embolo,F,79,6.9,,0.0,,,17,14.0,82.4,,2.0,1.0,6.0,0,0,7.0,12.0
Rennes vs Stade Brestois 29,Rennes,272460,Quentin Merlin,D,39,7.2,,1.0,,,18,14.0,77.8,1.0,,,1.0,0,0,3.0,5.0
Rennes vs Stade Brestois 29,Rennes,21497,Ludovic Blas,M,32,6.9,,0.0,,,15,12.0,80.0,,,3.0,2.0,0,0,4.0,7.0
Rennes vs Stade Brestois 29,Rennes,449662,Mohamed Kader Meite,F,12,7.3,1.0,0.0,1.0,1.0,1,1.0,100.0,,,,,0,0,,
Rennes vs Stade Brestois 29,Rennes,196187,Alidu Seidu,D,11,6.9,,0.0,,,8,7.0,87.5,1.0,1.0,,,0,0,1.0,1.0
Rennes vs Stade Brestois 29,Rennes,30807,Seko Fofana,M,11,7,,0.0,1.0,1.0,10,10.0,100.0,,,,,0,0,1.0,3.0
Rennes vs Stade Brestois 29,Stade Brestois 29,21248,Grégoire Coudert,G,90,7,,0.0,,,24,15.0,62.5,,,,,0,0,,
Rennes vs Stade Brestois 29,Stade Brestois 29,22247,Kenny Lala,D,90,5.7,,0.0,,,29,24.0,82.8,1.0,2.0,1.0,3.0,0,0,4.0,9.0
Rennes vs Stade Brestois 29,Stade Brestois 29,20546,Brendan Chardonnet,D,90,5.9,,0.0,,,47,33.0,70.2,1.0,2.0,3.0,,0,0,5.0,10.0
Rennes vs Stade Brestois 29,Stade Brestois 29,162568,Soumaila Coulibaly,D,90,5.9,,0.0,1.0,1.0,40,33.0,82.5,2.0,1.0,4.0,,1,0,2.0,7.0
Rennes vs Stade Brestois 29,Stade Brestois 29,302868,Daouda Guindo,D,88,5.5,,0.0,1.0,1.0,27,13.0,48.1,,,1.0,1.0,0,0,1.0,4.0
Rennes vs Stade Brestois 29,Stade Brestois 29,128287,Joris Chotard,M,90,6.5,,0.0,,,28,17.0,60.7,1.0,3.0,1.0,1.0,0,0,3.0,6.0
Rennes vs Stade Brestois 29,Stade Brestois 29,20558,Hugo Magnetti,M,81,6.2,,0.0,,,26,19.0,73.1,1.0,1.0,2.0,1.0,0,0,2.0,4.0
Rennes vs Stade Brestois 29,Stade Brestois 29,2214,Romain Del Castillo,M,88,6.2,,0.0,,,24,19.0,79.2,1.0,1.0,1.0,1.0,0,0,2.0,13.0
Rennes vs Stade Brestois 29,Stade Brestois 29,326068,Kamory Doumbia,M,81,6.9,,1.0,1.0,1.0,24,23.0,95.8,3.0,3.0,3.0,4.0,1,0,9.0,16.0
Rennes vs Stade Brestois 29,Stade Brestois 29,375990,Pathé Mboup,M,90,5.3,,0.0,2.0,2.0,10,7.0,70.0,1.0,2.0,1.0,,0,0,4.0,20.0
Rennes vs Stade Brestois 29,Stade Brestois 29,41323,Mama Baldé,F,70,7.3,1.0,0.0,5.0,1.0,12,8.0,66.7,,,,2.0,0,0,5.0,12.0
Rennes vs Stade Brestois 29,Stade Brestois 29,326073,Remy Labeau Lascary,F,20,6.2,,0.0,2.0,1.0,1,1.0,100.0,1.0,,3.0,,0,0,1.0,4.0
Rennes vs Stade Brestois 29,Stade Brestois 29,664,Lucas Tousart,M,9,6.7,,0.0,,,2,1.0,50.0,1.0,,,,0,0,1.0,1.0
Rennes vs Stade Brestois 29,Stade Brestois 29,90594,Junior Dina Ebimbe,M,9,6.3,,0.0,,,2,2.0,100.0,1.0,,1.0,,1,0,1.0,2.0
Rennes vs Stade Brestois 29,Stade Brestois 29,274267,Bradley Locko,D,9,6.6,,0.0,,,3,2.0,66.7,,,1.0,1.0,0,0,1.0,2.0
Rennes vs Stade Brestois 29,Stade Brestois 29,449153,Hamidou Makalou,M,9,6.6,,0.0,,,1,1.0,100.0,,1.0,,1.0,0,0,1.0,1.0
Metz vs Paris Saint Germain,Metz,158532,Jonathan Fischer,G,90,8,,0.0,,,42,35.0,83.3,,,,,0,0,,
Metz vs Paris Saint Germain,Metz,96331,Koffi Kouao,D,90,6.7,,0.0,1.0,1.0,43,38.0,88.4,7.0,,3.0,,1,0,9.0,16.0
Metz vs Paris Saint Germain,Metz,3240,Jean-Philippe Gbamin,D,90,7.2,,0.0,,,59,51.0,86.4,3.0,,,,0,0,4.0,5.0
Metz vs Paris Saint Germain,Metz,363792,Terry Yegbe,D,74,6.7,,0.0,,,42,36.0,85.7,1.0,1.0,2.0,1.0,0,0,3.0,7.0
Metz vs Paris Saint Germain,Metz,19518,Maxime Colin,D,90,6,,0.0,,,45,43.0,95.6,,1.0,,,0,0,1.0,3.0
Metz vs Paris Saint Germain,Metz,21640,Jessy Deminguet,M,85,8.2,1.0,0.0,1.0,1.0,37,34.0,91.9,4.0,1.0,1.0,2.0,0,0,6.0,10.0
Metz vs Paris Saint Germain,Metz,157912,Boubacar Traoré,M,85,6.5,,0.0,,,29,24.0,82.8,1.0,1.0,2.0,,0,0,5.0,11.0
Metz vs Paris Saint Germain,Metz,403883,Malick Mbaye,M,84,6.5,,0.0,,,25,20.0,80.0,3.0,,1.0,2.0,1,0,5.0,9.0
Metz vs Paris Saint Germain,Metz,20529,Gauthier Hein,M,90,6.7,,1.0,1.0,1.0,53,48.0,90.6,,,,1.0,0,0,3.0,7.0
Metz vs Paris Saint Germain,Metz,2181,Georgiy Tsitaishvili,M,85,8,1.0,0.0,1.0,1.0,21,17.0,81.0,1.0,1.0,,2.0,0,0,4.0,5.0
Metz vs Paris Saint Germain,Metz,20535,Habib Diallo,F,90,6.6,,0.0,2.0,1.0,18,11.0,61.1,,,,2.0,0,0,10.0,18.0
Metz vs Paris Saint Germain,Metz,428084,Sadibou Sané,D,16,6.3,,0.0,,,18,14.0,77.8,,,,,0,0,,1.0
Metz vs Paris Saint Germain,Metz,20534,Cheick Tidiane Sabaly,F,12,6.5,,0.0,,,6,5.0,83.3,,,,,0,0,,1.0
Metz vs Paris Saint Germain,Metz,434352,Alpha Touré,M,11,6.3,,0.0,,,8,8.0,100.0,,,1.0,,0,0,,2.0
Metz vs Paris Saint Germain,Metz,407,Benjamin Stambouli,M,11,6.9,,0.0,,,8,6.0,75.0,1.0,,,,0,0,1.0,1.0
Metz vs Paris Saint Germain,Metz,68177,Giorgi Abuashvili,F,11,6.5,,0.0,,,7,5.0,71.4,,,,,0,0,,1.0
Metz vs Paris Saint Germain,Paris Saint Germain,2068,Matvey Safonov,G,90,6.2,,0.0,,,27,23.0,85.2,,,,,0,0,,
Metz vs Paris Saint Germain,Paris Saint Germain,336657,Warren Zaïre-Emery,D,90,6,,0.0,,,64,60.0,93.8,3.0,,2.0,,1,0,5.0,11.0
Metz vs Paris Saint Germain,Paris Saint Germain,161671,Ilya Zabarnyi,D,90,6.9,,0.0,,,72,69.0,95.8,1.0,,1.0,,0,0,3.0,8.0
Metz vs Paris Saint Germain,Paris Saint Germain,16367,Willian Pacho,D,90,6.7,,0.0,,,69,67.0,97.1,1.0,1.0,,,0,0,3.0,6.0
Metz vs Paris Saint Germain,Paris Saint Germain,33,Lucas Hernández,D,90,6.9,,0.0,,,83,73.0,88.0,4.0,1.0,2.0,1.0,0,0,7.0,9.0
Metz vs Paris Saint Germain,Paris Saint Germain,471107,Quentin Ndjantou,M,66,7.2,1.0,0.0,2.0,2.0,29,26.0,89.7,,,,,0,0,,2.0
Metz vs Paris Saint Germain,Paris Saint Germain,128384,Vitinha,M,90,7.3,,0.0,,,126,122.0,96.8,,,1.0,1.0,0,0,3.0,6.0
Metz vs Paris Saint Germain,Paris Saint Germain,328,Fabián Ruiz,M,45,6.6,,0.0,,,42,42.0,100.0,1.0,,,,0,0,1.0,3.0
Metz vs Paris Saint Germain,Paris Saint Germain,927,Kang-in Lee,F,90,7.9,,1.0,3.0,1.0,59,55.0,93.2,2.0,1.0,1.0,2.0,0,0,5.0,7.0
Metz vs Paris Saint Germain,Paris Saint Germain,41585,Gonçalo Ramos,F,66,7.2,1.0,0.0,3.0,3.0,23,21.0,91.3,1.0,,1.0,2.0,0,0,6.0,16.0
Metz vs Paris Saint Germain,Paris Saint Germain,446249,Ibrahim Mbaye,F,89,8,,2.0,1.0,,37,31.0,83.8,,,,3.0,0,0,7.0,17.0
Metz vs Paris Saint Germain,Paris Saint Germain,343027,Désiré Doué,F,45,7.9,1.0,0.0,2.0,2.0,26,18.0,69.2,1.0,,2.0,1.0,0,0,3.0,5.0
Metz vs Paris Saint Germain,Paris Saint Germain,161904,Bradley Barcola,F,24,6.6,,0.0,1.0,,13,11.0,84.6,,1.0,,,0,0,3.0,6.0
Metz vs Paris Saint Germain,Paris Saint Germain,483,Khvicha Kvaratskhelia,F,24,6.7,,0.0,1.0,1.0,10,8.0,80.0,,,,,0,0,,1.0
Paris FC vs Toulouse,Paris FC,1800,Kevin Trapp,G,90,6.9,,0.0,,,35,32.0,91.4,,,,,0,0,,
Paris FC vs Toulouse,Paris FC,2202,Hamari Traoré,D,52,6,,0.0,,,29,25.0,86.2,,,1.0,1.0,0,0,1.0,2.0
Paris FC vs Toulouse,Paris FC,174881,Moustapha Mbow,D,90,6.9,,0.0,,,70,66.0,94.3,2.0,2.0,1.0,,0,0,9.0,11.0
Paris FC vs Toulouse,Paris FC,266013,Otávio,D,90,6.9,,0.0,,,82,76.0,92.7,4.0,2.0,1.0,2.0,1,0,7.0,10.0
Paris FC vs Toulouse,Paris FC,55819,Tuomas Ollila,D,77,5.7,,0.0,,,42,28.0,66.7,,,2.0,2.0,0,0,5.0,8.0
Paris FC vs Toulouse,Paris FC,83831,Ilan Kebbal,M,90,7.3,,0.0,2.0,1.0,76,68.0,89.5,2.0,1.0,,5.0,0,0,7.0,13.0
Paris FC vs Toulouse,Paris FC,1910,Maxime López,M,90,7.2,,0.0,,,103,96.0,93.2,,,,1.0,1,0,1.0,1.0
Paris FC vs Toulouse,Paris FC,20925,Vincent Marchetti,M,70,6.5,,0.0,1.0,,42,39.0,92.9,,,2.0,,0,0,4.0,8.0
Paris FC vs Toulouse,Paris FC,84218,Adama Camara,M,90,6.7,,0.0,2.0,,46,43.0,93.5,2.0,1.0,2.0,,1,0,4.0,8.0
Paris FC vs Toulouse,Paris FC,2781,Moses Simon,M,77,6.7,,0.0,,,23,20.0,87.0,1.0,,,1.0,0,0,5.0,10.0
Paris FC vs Toulouse,Paris FC,22229,Jonathan Ikoné,F,77,6.5,,0.0,1.0,1.0,18,16.0,88.9,1.0,,3.0,,0,0,1.0,5.0
Paris FC vs Toulouse,Paris FC,389322,Nhoa Sangui,D,38,6.5,,0.0,,,21,21.0,100.0,,1.0,,,0,0,,
Paris FC vs Toulouse,Paris FC,120,Willem Geubbels,F,20,6.7,,0.0,,,2,2.0,100.0,,,,1.0,0,0,1.0,1.0
Paris FC vs Toulouse,Paris FC,8474,Thibault De Smet,D,13,6.3,,0.0,,,9,8.0,88.9,1.0,,,,0,0,1.0,3.0
Paris FC vs Toulouse,Paris FC,20599,Julien López,F,13,6.6,,0.0,,,8,8.0,100.0,,,,,0,0,,1.0
Paris FC vs Toulouse,Paris FC,22842,Jean-Philippe Krasso,F,13,6.7,,0.0,,,1,,,1.0,,,,0,0,3.0,5.0
Paris FC vs Toulouse,Toulouse,325346,Guillaume Restes,G,90,7,,0.0,,,20,14.0,70.0,,,1.0,1.0,0,0,1.0,2.0
Paris FC vs Toulouse,Toulouse,50735,Mark McKenzie,D,90,7.5,,0.0,,,42,39.0,92.9,3.0,,,1.0,0,0,4.0,5.0
Paris FC vs Toulouse,Toulouse,278392,Charlie Cresswell,D,90,6.9,,0.0,,,39,30.0,76.9,1.0,,,,0,0,1.0,3.0
Paris FC vs Toulouse,Toulouse,15793,Rasmus Nicolaisen,D,90,7,,0.0,,,33,27.0,81.8,,,2.0,,0,0,1.0,5.0
Paris FC vs Toulouse,Toulouse,102,Djibril Sidibé,M,84,7.7,,2.0,1.0,1.0,26,22.0,84.6,3.0,,,1.0,0,0,6.0,10.0
Paris FC vs Toulouse,Toulouse,50956,Cristian Cásseres Jr.,M,90,7.7,,0.0,,,50,42.0,84.0,4.0,,2.0,3.0,0,0,7.0,12.0
Paris FC vs Toulouse,Toulouse,514464,Alexis Vossah,M,90,6.3,,0.0,,,22,16.0,72.7,,1.0,1.0,,0,0,1.0,2.0
Paris FC vs Toulouse,Toulouse,452697,Dayann Methalie,M,63,6.2,,0.0,,,12,9.0,75.0,,,3.0,,1,0,2.0,4.0
Paris FC vs Toulouse,Toulouse,362741,Santiago Hidalgo,F,63,7.3,1.0,0.0,2.0,1.0,17,14.0,82.4,,,,1.0,0,0,2.0,8.0
Paris FC vs Toulouse,Toulouse,84128,Yann Gboho,F,84,9.3,2.0,0.0,2.0,2.0,13,11.0,84.6,,,,3.0,0,0,5.0,6.0
Paris FC vs Toulouse,Toulouse,321648,Emersonn,F,70,6.2,,1.0,1.0,,10,7.0,70.0,,,2.0,,0,0,3.0,14.0
Paris FC vs Toulouse,Toulouse,264383,Warren Kamanzi,D,27,6.6,,0.0,,,13,13.0,100.0,,,1.0,,0,0,,2.0
Paris FC vs Toulouse,Toulouse,174724,Frank Magri,F,27,6.3,,0.0,,,4,3.0,75.0,,,1.0,,0,0,,5.0
Paris FC vs Toulouse,Toulouse,334952,Rafik Messali,M,20,6.7,,0.0,,,11,11.0,100.0,,1.0,1.0,,0,0,,1.0
Paris FC vs Toulouse,Toulouse,430816,Noah Edjouma,F,11,6.6,,0.0,1.0,,5,4.0,80.0,1.0,,,1.0,0,0,4.0,6.0
Paris FC vs Toulouse,Toulouse,457025,Julian Vignolo,F,11,6.3,,0.0,,,4,2.0,50.0,,,,,0,0,,1.0
Lyon vs Le Havre,Lyon,61142,Dominik Greif,G,90,8,,0.0,,,36,27.0,75.0,,,,1.0,0,0,1.0,1.0
Lyon vs Le Havre,Lyon,30423,Hans Hateboer,D,85,7.2,,0.0,2.0,1.0,25,21.0,84.0,,1.0,1.0,1.0,0,0,2.0,6.0
Lyon vs Le Havre,Lyon,68,Clinton Mata,D,90,8.2,,0.0,,,37,34.0,91.9,3.0,,1.0,4.0,0,0,16.0,22.0
Lyon vs Le Havre,Lyon,25916,Moussa Niakhaté,D,90,7.2,,0.0,,,45,43.0,95.6,1.0,,3.0,1.0,1,0,4.0,9.0
Lyon vs Le Havre,Lyon,9700,Abner Vinícius,D,90,7.2,,0.0,,,38,31.0,81.6,3.0,,1.0,1.0,0,0,5.0,8.0
Lyon vs Le Havre,Lyon,519664,Khalis Merah,M,73,6.9,,0.0,,,33,26.0,78.8,,,,1.0,0,0,2.0,3.0
Lyon vs Le Havre,Lyon,162590,Tyler Morton,M,90,6.2,,0.0,1.0,,34,29.0,85.3,,,2.0,,1,0,1.0,4.0
Lyon vs Le Havre,Lyon,519,Corentin Tolisso,M,90,7.9,,0.0,2.0,1.0,57,49.0,86.0,,1.0,2.0,4.0,0,0,4.0,12.0
Lyon vs Le Havre,Lyon,66387,Pavel Šulc,F,89,7.7,1.0,0.0,3.0,2.0,19,13.0,68.4,2.0,,2.0,,0,0,2.0,10.0
Lyon vs Le Havre,Lyon,195512,Martín Satriano,F,73,6.3,,0.0,1.0,,13,11.0,84.6,1.0,1.0,1.0,1.0,0,0,2.0,4.0
Lyon vs Le Havre,Lyon,345388,Afonso Moreira,F,90,7.3,,1.0,2.0,,19,15.0,78.9,,1.0,,3.0,0,0,4.0,11.0
Lyon vs Le Havre,Lyon,438692,Mathys de Carvalho,M,17,6.2,,0.0,1.0,,4,4.0,100.0,,,1.0,,0,0,,2.0
Lyon vs Le Havre,Lyon,199871,Adam Karabec,M,17,7.3,,0.0,,,4,3.0,75.0,,,,,0,0,1.0,1.0
Lyon vs Le Havre,Lyon,193293,Ruben Kluivert,D,9,6.7,,0.0,,,1,1.0,100.0,,1.0,,,0,0,,1.0
Lyon vs Le Havre,Le Havre,119853,Mory Diaw,G,90,8.3,,0.0,,,32,24.0,75.0,1.0,,,,0,0,1.0,1.0
Lyon vs Le Havre,Le Havre,2336,Loic Négo,D,63,7.2,,0.0,1.0,,23,15.0,65.2,1.0,2.0,,,1,0,4.0,5.0
Lyon vs Le Havre,Le Havre,174927,Arouna Sangante,D,90,6.9,,0.0,,,37,33.0,89.2,1.0,,4.0,3.0,0,0,7.0,11.0
Lyon vs Le Havre,Le Havre,64255,Gautier Lloris,D,90,7.9,,0.0,,,35,31.0,88.6,,,1.0,2.0,0,0,6.0,9.0
Lyon vs Le Havre,Le Havre,23637,Yanis Zouaoui,D,90,6.7,,0.0,1.0,,30,24.0,80.0,1.0,,,1.0,0,0,3.0,7.0
Lyon vs Le Havre,Le Havre,128342,Rassoul Ndiaye,M,90,6.6,,0.0,,,26,23.0,88.5,2.0,,1.0,1.0,1,0,4.0,7.0
Lyon vs Le Havre,Le Havre,33165,Ayumu Seko,M,90,6.6,,0.0,1.0,,18,12.0,66.7,2.0,1.0,1.0,,1,0,3.0,4.0
Lyon vs Le Havre,Le Havre,174937,Yassine Kechta,M,63,6.2,,0.0,,,11,9.0,81.8,1.0,3.0,2.0,,0,0,1.0,6.0
Lyon vs Le Havre,Le Havre,36932,Younes Namli,F,78,6.6,,0.0,,,20,16.0,80.0,1.0,1.0,1.0,,1,0,4.0,7.0
Lyon vs Le Havre,Le Havre,1945,Mbwana Ally Samatta,F,78,5.3,,0.0,2.0,2.0,12,9.0,75.0,,,5.0,,0,0,2.0,16.0
Lyon vs Le Havre,Le Havre,156465,Issa Soumaré,F,90,6.3,,0.0,3.0,1.0,14,10.0,71.4,1.0,,2.0,3.0,0,0,9.0,15.0
Lyon vs Le Havre,Le Havre,174625,Fodé Doucouré,D,27,7,,0.0,,,7,5.0,71.4,1.0,,,1.0,0,0,2.0,2.0
Lyon vs Le Havre,Le Havre,21641,Godson Kyeremeh,F,27,6.3,,0.0,,,4,1.0,25.0,,,1.0,2.0,0,0,2.0,3.0
Lyon vs Le Havre,Le Havre,584356,Kenny Quetant,F,12,6.7,,0.0,1.0,,1,1.0,100.0,,,,,0,0,1.0,1.0
Lyon vs Le Havre,Le Havre,437529,Noam Obougou Jacquet,F,12,6.7,,0.0,1.0,1.0,1,,,,,,,0,0,1.0,1.0
Strasbourg vs Lorient,Strasbourg,340151,Mike Penders,G,90,7.2,,0.0,,,39,35.0,89.7,,,,,0,0,,
Strasbourg vs Lorient,Strasbourg,161747,Guéla Doué,D,90,7.3,,0.0,,,95,89.0,93.7,2.0,1.0,1.0,,0,0,4.0,8.0
Strasbourg vs Lorient,Strasbourg,276184,Mamadou Sarr,D,45,6.9,,0.0,,,48,48.0,100.0,,,1.0,,0,0,1.0,3.0
Strasbourg vs Lorient,Strasbourg,271542,Ismael Doukouré,D,90,7.2,,0.0,1.0,1.0,105,100.0,95.2,,1.0,,,0,0,3.0,6.0
Strasbourg vs Lorient,Strasbourg,334035,Samuel Amo-Ameyaw,M,90,6.6,,0.0,,,51,44.0,86.3,1.0,2.0,,1.0,0,0,2.0,5.0
Strasbourg vs Lorient,Strasbourg,415431,Samir El Mourabet,M,81,6.6,,0.0,,,56,51.0,91.1,5.0,,1.0,,0,0,6.0,14.0
Strasbourg vs Lorient,Strasbourg,319572,Valentín Barco,M,90,7,,0.0,1.0,,87,83.0,95.4,,2.0,1.0,2.0,0,0,2.0,8.0
Strasbourg vs Lorient,Strasbourg,335056,Diego Moreira,M,90,6.9,,0.0,1.0,,70,63.0,90.0,,4.0,,,0,0,3.0,6.0
Strasbourg vs Lorient,Strasbourg,70747,Julio Enciso,F,75,6.9,,0.0,,,25,23.0,92.0,,,,,0,0,2.0,5.0
Strasbourg vs Lorient,Strasbourg,226803,Sebastian Nanasi,F,75,6.7,,0.0,1.0,,24,22.0,91.7,2.0,1.0,,,0,0,3.0,7.0
Strasbourg vs Lorient,Strasbourg,390742,Joaquin Panichelli,F,90,6.2,,0.0,4.0,1.0,13,11.0,84.6,2.0,,1.0,,0,0,8.0,18.0
Strasbourg vs Lorient,Strasbourg,147835,Andrew Omobamidele,D,45,7,,0.0,,,52,51.0,98.1,,,1.0,,1,0,2.0,3.0
Strasbourg vs Lorient,Strasbourg,406303,Kendry Páez,M,15,6.7,,0.0,,,8,8.0,100.0,,,,,0,0,,2.0
Strasbourg vs Lorient,Strasbourg,359386,Martial Godo,F,15,6.7,,0.0,,,7,7.0,100.0,1.0,,,,0,0,1.0,1.0
Strasbourg vs Lorient,Strasbourg,358166,Abdoul Ouattara,M,9,6.3,,0.0,,,8,6.0,75.0,,,,,0,0,,
Strasbourg vs Lorient,Lorient,1142,Yvon Mvogo,G,90,7.9,,0.0,,,44,40.0,90.9,,,,,0,0,2.0,2.0
Strasbourg vs Lorient,Lorient,193501,Bamo Meïté,D,90,7.7,,0.0,,,27,21.0,77.8,1.0,1.0,,,0,0,6.0,11.0
Strasbourg vs Lorient,Lorient,50030,Montassar Talbi,D,90,7.3,,0.0,,,51,47.0,92.2,,2.0,,,0,0,6.0,8.0
Strasbourg vs Lorient,Lorient,152669,Darlin Yongwa,D,90,7.3,,0.0,,,50,41.0,82.0,4.0,,,1.0,0,0,8.0,11.0
Strasbourg vs Lorient,Lorient,174703,Théo Le Bris,M,66,7.5,,0.0,1.0,,19,16.0,84.2,2.0,,,,0,0,3.0,6.0
Strasbourg vs Lorient,Lorient,20917,Laurent Abergel,M,90,7.7,,0.0,2.0,1.0,76,69.0,90.8,2.0,1.0,,,0,0,3.0,4.0
Strasbourg vs Lorient,Lorient,402265,Arthur Avom Ebong,M,90,6.9,,0.0,,,33,26.0,78.8,1.0,,,4.0,0,0,5.0,8.0
Strasbourg vs Lorient,Lorient,402386,Arsène Kouassi,M,90,6.3,,0.0,,,33,27.0,81.8,1.0,,2.0,,0,0,3.0,8.0
Strasbourg vs Lorient,Lorient,22171,Jean-Victor Makengo,F,74,6.9,,0.0,1.0,,28,24.0,85.7,3.0,1.0,,,0,0,3.0,5.0
Strasbourg vs Lorient,Lorient,276662,Pablo Pagis,F,74,7,,0.0,2.0,1.0,20,17.0,85.0,3.0,1.0,1.0,,0,0,3.0,5.0
Strasbourg vs Lorient,Lorient,144319,Sambou Soumano,F,66,6.5,,0.0,2.0,,10,8.0,80.0,1.0,,,1.0,0,0,4.0,9.0
Strasbourg vs Lorient,Lorient,158551,Joel Mugisha Mvuka,M,24,6.3,,0.0,,,10,9.0,90.0,,,,,0,0,,3.0
Strasbourg vs Lorient,Lorient,200873,Mohamed Bamba,F,24,6.7,,0.0,,,3,3.0,100.0,,,,,0,0,1.0,1.0
Strasbourg vs Lorient,Lorient,23363,Noah Cadiou,M,16,6.7,,0.0,1.0,,8,4.0,50.0,1.0,1.0,,,0,0,2.0,4.0
Strasbourg vs Lorient,Lorient,322865,Karim Dermane,M,16,6.3,,0.0,,,9,9.0,100.0,,1.0,,,0,0,,1.0
Auxerre vs Lille,Auxerre,20542,Donovan Léon,G,90,5.2,,0.0,,,16,12.0,75.0,,,,,0,0,,
Auxerre vs Lille,Auxerre,193953,Lamine Sy,D,90,6.9,,0.0,,,39,31.0,79.5,4.0,2.0,1.0,3.0,0,0,7.0,8.0
Auxerre vs Lille,Auxerre,162466,Sinaly Diomandé,D,90,6.2,,0.0,2.0,,30,27.0,90.0,1.0,2.0,3.0,4.0,0,0,10.0,16.0
Auxerre vs Lille,Auxerre,191189,Clement Akpa,D,60,5.6,,0.0,,,34,29.0,85.3,1.0,,3.0,,2,1,1.0,5.0
Auxerre vs Lille,Auxerre,215827,Fredrik Oppegård,D,81,5.9,,0.0,,,25,21.0,84.0,2.0,1.0,2.0,,0,0,2.0,6.0
Auxerre vs Lille,Auxerre,496896,Rudy Matondo,M,45,6.2,,0.0,,,18,15.0,83.3,,,1.0,,0,0,,2.0
Auxerre vs Lille,Auxerre,319919,Oussama El Azzouzi,M,88,6.3,,0.0,,,31,30.0,96.8,4.0,1.0,2.0,,0,1,5.0,12.0
Auxerre vs Lille,Auxerre,323625,Kévin Danois,M,89,6.3,,1.0,,,40,31.0,77.5,,,2.0,,1,0,2.0,7.0
Auxerre vs Lille,Auxerre,174915,Josué Casimir,F,63,6.9,,0.0,2.0,2.0,15,15.0,100.0,,1.0,2.0,1.0,1,0,3.0,5.0
Auxerre vs Lille,Auxerre,19625,Danny Namaso,F,90,6.7,,0.0,1.0,,28,23.0,82.1,,,3.0,2.0,0,0,3.0,9.0
Auxerre vs Lille,Auxerre,90617,Lassine Sinayoko,F,90,9.3,2.0,0.0,6.0,4.0,36,32.0,88.9,6.0,1.0,,,0,0,9.0,12.0
Auxerre vs Lille,Auxerre,190686,Sékou Mara,F,45,6.7,,0.0,1.0,1.0,11,10.0,90.9,1.0,,1.0,,0,0,3.0,8.0
Auxerre vs Lille,Auxerre,30748,Assane Dioussé,M,27,7,,0.0,1.0,1.0,15,14.0,93.3,1.0,,,,0,0,1.0,3.0
Auxerre vs Lille,Auxerre,7578,Gideon Mensah,D,9,6.3,,0.0,,,9,8.0,88.9,,1.0,,,0,0,,1.0
Auxerre vs Lille,Auxerre,322595,Lasso Coulibaly,M,8,6.3,,0.0,,,3,2.0,66.7,,,1.0,,1,0,,2.0
Auxerre vs Lille,Lille,1337,Berke Özer,G,90,7.9,,0.0,,,30,17.0,56.7,,,,1.0,0,0,2.0,2.0
Auxerre vs Lille,Lille,264,Thomas Meunier,D,74,6.2,,0.0,,,41,34.0,82.9,,1.0,1.0,,0,0,2.0,5.0
Auxerre vs Lille,Lille,312964,Nathan Ngoy,D,38,5.3,,0.0,,,39,36.0,92.3,,1.0,1.0,,0,1,,2.0
Auxerre vs Lille,Lille,1567,Aïssa Mandi,D,90,7.2,,0.0,,,71,65.0,91.5,,1.0,,1.0,1,0,3.0,4.0
Auxerre vs Lille,Lille,20600,Romain Perraud,D,88,6,,1.0,,,20,16.0,80.0,,,,2.0,0,1,3.0,8.0
Auxerre vs Lille,Lille,2204,Benjamin André,M,90,7.9,1.0,0.0,1.0,1.0,39,31.0,79.5,4.0,,2.0,3.0,0,0,10.0,17.0
Auxerre vs Lille,Lille,409,Nabil Bentaleb,M,90,8.3,1.0,0.0,2.0,1.0,63,56.0,88.9,,,,2.0,0,0,3.0,4.0
Auxerre vs Lille,Lille,386287,Ethan Mbappé,M,84,6.7,,0.0,,,28,24.0,85.7,3.0,,,3.0,0,0,6.0,9.0
Auxerre vs Lille,Lille,67889,Hakon Arnar Haraldsson,M,74,6.9,1.0,0.0,1.0,1.0,29,22.0,75.9,,,,1.0,0,0,1.0,4.0
Auxerre vs Lille,Lille,99576,Osame Sahraoui,M,45,6.3,,0.0,1.0,1.0,16,15.0,93.8,1.0,,,2.0,0,0,3.0,6.0
Auxerre vs Lille,Lille,2295,Olivier Giroud,F,75,6.2,,0.0,,,22,13.0,59.1,1.0,,3.0,4.0,0,0,9.0,17.0
Auxerre vs Lille,Lille,375,Chancel Mbemba,D,45,5.3,,0.0,,,28,25.0,89.3,,,,,0,0,1.0,2.0
Auxerre vs Lille,Lille,379329,Tiago Santos,D,16,6.7,,0.0,,,11,11.0,100.0,1.0,,,2.0,0,0,4.0,6.0
Auxerre vs Lille,Lille,135749,Félix Correia,F,16,5.9,,0.0,,,7,7.0,100.0,,,1.0,,1,0,,2.0
Auxerre vs Lille,Lille,487381,Soriba Diaoune,F,15,7.2,1.0,0.0,1.0,1.0,4,3.0,75.0,,,1.0,,0,0,1.0,4.0
Auxerre vs Lille,Lille,375598,Ngal'ayel Mukau,M,14,6.6,,0.0,,,1,1.0,100.0,1.0,,1.0,,0,0,2.0,4.0
Lens vs Nice,Lens,347211,Robin Risser,G,90,8.3,,0.0,,,33,26.0,78.8,,,,,0,0,,
Lens vs Nice,Lens,369500,Ismaelo Ganiou,D,90,6.9,,0.0,,,38,30.0,78.9,,,1.0,,0,0,3.0,5.0
Lens vs Nice,Lens,322984,Samson Baidoo,D,90,7.5,,0.0,1.0,,50,44.0,88.0,3.0,2.0,2.0,,0,0,6.0,9.0
Lens vs Nice,Lens,22166,Malang Sarr,D,90,7.2,,0.0,,,50,44.0,88.0,2.0,8.0,2.0,2.0,0,0,4.0,8.0
Lens vs Nice,Lens,21568,Ruben Aguilar,M,90,6.6,,0.0,2.0,,38,25.0,65.8,1.0,2.0,1.0,,0,0,2.0,5.0
Lens vs Nice,Lens,277306,Mamadou Sangare,M,90,7.2,,0.0,2.0,1.0,45,41.0,91.1,3.0,2.0,,3.0,0,0,7.0,10.0
Lens vs Nice,Lens,22261,Adrien Thomasson,M,89,6.3,,0.0,1.0,1.0,46,33.0,71.7,1.0,,4.0,,0,0,3.0,14.0
Lens vs Nice,Lens,20525,Matthieu Udol,M,90,8.3,,2.0,,,35,33.0,94.3,1.0,,1.0,,0,0,3.0,10.0
Lens vs Nice,Lens,1922,Florian Thauvin,F,78,6.3,,0.0,1.0,,25,18.0,72.0,1.0,,,1.0,0,0,5.0,14.0
Lens vs Nice,Lens,21715,Wesley Saïd,F,78,6.9,,0.0,1.0,1.0,30,27.0,90.0,,,,,0,0,1.0,2.0
Lens vs Nice,Lens,1135,Odsonne Édouard,F,86,8.9,2.0,0.0,2.0,2.0,13,10.0,76.9,,,3.0,6.0,0,0,7.0,17.0
Lens vs Nice,Lens,23643,Morgan Guilavogui,F,12,6.5,,0.0,,,7,6.0,85.7,1.0,,2.0,,0,0,1.0,5.0
Lens vs Nice,Lens,20761,Florian Sotoca,F,12,6.3,,0.0,,,6,6.0,100.0,,1.0,1.0,,0,0,,2.0
Lens vs Nice,Lens,443579,Rayan Fofana,F,9,6.7,,0.0,,,2,1.0,50.0,2.0,,,,0,0,2.0,3.0
Lens vs Nice,Nice,20566,Yehvann Diouf,G,90,6.6,,0.0,,,31,25.0,80.6,,,,,0,0,1.0,1.0
Lens vs Nice,Nice,25008,Jonathan Clauss,D,90,7,,0.0,,,60,50.0,83.3,3.0,1.0,,,0,0,7.0,7.0
Lens vs Nice,Nice,313937,Antoine Mendy,D,90,6.3,,0.0,,,79,73.0,92.4,2.0,2.0,3.0,3.0,0,0,6.0,11.0
Lens vs Nice,Nice,404172,Kojo Peprah Oppong,D,70,6,,0.0,,,50,48.0,96.0,,1.0,4.0,,0,0,4.0,11.0
Lens vs Nice,Nice,162465,Melvin Bard,D,90,7,,0.0,,,61,52.0,85.2,3.0,4.0,,,0,0,7.0,9.0
Lens vs Nice,Nice,4399,Hicham Boudaoui,M,70,6.5,,0.0,2.0,2.0,25,17.0,68.0,2.0,,,4.0,0,0,6.0,8.0
Lens vs Nice,Nice,8680,Charles Vanhoutte,M,45,6.9,,0.0,,,38,32.0,84.2,3.0,3.0,2.0,,1,0,6.0,8.0
Lens vs Nice,Nice,1914,Morgan Sanson,M,70,6.5,,0.0,,,26,18.0,69.2,2.0,1.0,,,0,0,3.0,8.0
Lens vs Nice,Nice,274312,Mohamed-Ali Cho,F,90,6.7,,0.0,2.0,1.0,26,22.0,84.6,,1.0,,1.0,0,0,4.0,11.0
Lens vs Nice,Nice,107,Sofiane Diop,F,90,7.5,,0.0,,,49,42.0,85.7,,,1.0,6.0,0,0,7.0,10.0
Lens vs Nice,Nice,105154,Isak Jansson,F,70,7.2,,0.0,1.0,1.0,16,14.0,87.5,2.0,1.0,,,0,0,4.0,6.0
Lens vs Nice,Nice,188319,Kevin Carlos Omoruyi,F,45,6.2,,0.0,,,8,7.0,87.5,,,1.0,,0,0,1.0,4.0
Lens vs Nice,Nice,128987,Salis Abdul Samed,M,20,6.2,,0.0,,,10,8.0,80.0,,,2.0,,1,0,,5.0
Lens vs Nice,Nice,49583,Ali Abdi,D,20,7,,0.0,,,9,9.0,100.0,1.0,,,1.0,0,0,3.0,4.0
Lens vs Nice,Nice,662,Tanguy Ndombélé,M,20,6.7,,0.0,,,2,2.0,100.0,,,,1.0,0,0,1.0,1.0
Lens vs Nice,Nice,158065,Tiago Gouveia,F,20,6.3,,0.0,1.0,,3,2.0,66.7,,,,,0,0,,
Marseille vs Monaco,Marseille,47296,Gerónimo Rulli,G,90,8.6,,0.0,,,32,27.0,84.4,1.0,,,,0,0,5.0,6.0
Marseille vs Monaco,Marseille,2973,Amir Murillo,D,58,6.7,,0.0,1.0,,26,19.0,73.1,,1.0,2.0,2.0,0,0,3.0,8.0
Marseille vs Monaco,Marseille,2725,Benjamin Pavard,D,58,7.3,,0.0,,,37,35.0,94.6,1.0,,,,0,0,2.0,4.0
Marseille vs Monaco,Marseille,21694,Nayef Aguerd,D,90,7.9,,0.0,,,60,48.0,80.0,,,2.0,,0,0,2.0,5.0
Marseille vs Monaco,Marseille,2284,Emerson Palmieri,D,90,8,,0.0,1.0,1.0,43,33.0,76.7,2.0,1.0,,1.0,0,0,3.0,5.0
Marseille vs Monaco,Marseille,926,Geoffrey Kondogbia,M,45,6.9,,0.0,,,31,25.0,80.6,,1.0,1.0,2.0,1,0,5.0,7.0
Marseille vs Monaco,Marseille,2735,Pierre-Emile Højbjerg,M,90,8.3,,1.0,,,73,65.0,89.0,1.0,1.0,1.0,,0,0,1.0,3.0
Marseille vs Monaco,Marseille,897,Mason Greenwood,M,90,8.5,1.0,0.0,5.0,2.0,51,38.0,74.5,,,,2.0,1,0,4.0,7.0
Marseille vs Monaco,Marseille,340154,Arthur Vermeeren,M,81,6.3,,0.0,1.0,,41,31.0,75.6,2.0,2.0,1.0,,0,0,3.0,7.0
Marseille vs Monaco,Marseille,1138,Timothy Weah,M,90,6.3,,0.0,1.0,1.0,41,34.0,82.9,,2.0,1.0,1.0,0,0,3.0,9.0
Marseille vs Monaco,Marseille,1465,Pierre-Emerick Aubameyang,F,86,6.6,,0.0,2.0,2.0,18,15.0,83.3,,,2.0,1.0,0,0,2.0,4.0
Marseille vs Monaco,Marseille,19030,Matt O'Riley,M,45,6.2,,0.0,2.0,1.0,16,13.0,81.2,,,,,0,0,,2.0
Marseille vs Monaco,Marseille,6,Leonardo Balerdi,D,32,6.5,,0.0,,,13,12.0,92.3,,1.0,,,0,0,,3.0
Marseille vs Monaco,Marseille,9363,Igor Paixão,F,32,6.7,,0.0,1.0,1.0,10,8.0,80.0,,,,1.0,0,0,1.0,5.0
Marseille vs Monaco,Marseille,283216,Bilal Nadir,M,9,6.7,,0.0,,,1,1.0,100.0,,,1.0,,0,0,,2.0
Marseille vs Monaco,Marseille,455245,Darryl Bakola,M,8,6.3,,0.0,,,2,2.0,100.0,,,,,0,0,,2.0
Marseille vs Monaco,Monaco,963,Lukáš Hrádecký,G,90,7.3,,0.0,,,15,8.0,53.3,,,,,0,0,,
Marseille vs Monaco,Monaco,291649,Vanderson,D,90,6.9,,0.0,1.0,,39,27.0,69.2,3.0,5.0,3.0,,1,0,6.0,10.0
Marseille vs Monaco,Monaco,261,Thilo Kehrer,D,90,7.7,,0.0,,,30,29.0,96.7,,3.0,2.0,2.0,0,0,2.0,4.0
Marseille vs Monaco,Monaco,47480,Mohammed Salisu,D,90,6.6,,0.0,,,30,26.0,86.7,2.0,1.0,,,0,0,5.0,8.0
Marseille vs Monaco,Monaco,10316,Caio Henrique,D,90,6.3,,0.0,,,28,19.0,67.9,1.0,,2.0,2.0,0,0,5.0,10.0
Marseille vs Monaco,Monaco,374058,Lamine Camara,M,86,6.9,,0.0,1.0,,44,36.0,81.8,3.0,3.0,2.0,2.0,0,0,6.0,8.0
Marseille vs Monaco,Monaco,2810,Denis Zakaria,M,90,6.6,,0.0,,,26,26.0,100.0,1.0,1.0,,,0,0,1.0,3.0
Marseille vs Monaco,Monaco,274300,Maghnes Akliouche,M,90,7.2,,0.0,,,45,42.0,93.3,1.0,2.0,,1.0,0,0,4.0,5.0
Marseille vs Monaco,Monaco,1101,Takumi Minamino,M,86,6.3,,0.0,3.0,2.0,29,21.0,72.4,,1.0,1.0,1.0,0,0,2.0,9.0
Marseille vs Monaco,Monaco,109,Aleksandr Golovin,M,73,7.2,,0.0,3.0,2.0,22,19.0,86.4,2.0,1.0,1.0,,0,0,4.0,7.0
Marseille vs Monaco,Monaco,138835,Folarin Balogun,F,90,7,,0.0,1.0,1.0,18,15.0,83.3,,,,3.0,0,0,7.0,11.0
Marseille vs Monaco,Monaco,231,Jordan Teze,D,17,6.3,,0.0,,,17,15.0,88.2,1.0,,,,0,0,1.0,2.0
Marseille vs Monaco,Monaco,283026,Mika Biereth,F,8,6.9,,0.0,1.0,1.0,1,1.0,100.0,,,,,0,0,1.0,1.0
Marseille vs Monaco,Monaco,395040,George Ilenikhena,F,8,6.3,,0.0,1.0,1.0,4,1.0,25.0,,,,,0,0,1.0,1.0
Toulouse vs Lens,Toulouse,325346,Guillaume Restes,G,90,7,,0.0,,,31,16.0,51.6,,,,1.0,0,0,1.0,1.0
Toulouse vs Lens,Toulouse,50735,Mark McKenzie,D,90,6.2,,0.0,1.0,1.0,31,23.0,74.2,2.0,,,,0,0,3.0,4.0
Toulouse vs Lens,Toulouse,278392,Charlie Cresswell,D,90,6,,0.0,,,33,24.0,72.7,3.0,2.0,3.0,1.0,1,0,7.0,14.0
Toulouse vs Lens,Toulouse,15793,Rasmus Nicolaisen,D,30,6.9,,0.0,1.0,1.0,9,8.0,88.9,,1.0,,,0,0,1.0,1.0
Toulouse vs Lens,Toulouse,39115,Aron Dønnum,M,77,6,,0.0,,,28,19.0,67.9,,,5.0,1.0,0,0,2.0,10.0
Toulouse vs Lens,Toulouse,50956,Cristian Cásseres Jr.,M,90,8.2,,0.0,1.0,,38,35.0,92.1,8.0,1.0,2.0,4.0,0,0,16.0,19.0
Toulouse vs Lens,Toulouse,514464,Alexis Vossah,M,63,6.3,,0.0,,,14,11.0,78.6,1.0,1.0,,1.0,0,0,4.0,5.0
Toulouse vs Lens,Toulouse,102,Djibril Sidibé,M,90,6.6,,0.0,,,20,16.0,80.0,1.0,,,1.0,0,0,4.0,5.0
Toulouse vs Lens,Toulouse,334952,Rafik Messali,F,63,7.2,,0.0,,,14,11.0,78.6,3.0,,,,0,0,3.0,5.0
Toulouse vs Lens,Toulouse,84128,Yann Gboho,F,90,6.2,,0.0,1.0,,15,14.0,93.3,,,1.0,4.0,0,0,5.0,17.0
Toulouse vs Lens,Toulouse,321648,Emersonn,F,23,3.2,,0.0,1.0,,7,5.0,71.4,,,1.0,,0,1,2.0,7.0
Toulouse vs Lens,Toulouse,489905,Seny Koumbassa,D,47,6.5,,0.0,,,12,8.0,66.7,1.0,1.0,,,0,0,1.0,1.0
Toulouse vs Lens,Toulouse,304140,Mario Sauer,M,27,6.3,,0.0,,,6,3.0,50.0,,,1.0,,1,0,,1.0
Toulouse vs Lens,Toulouse,362741,Santiago Hidalgo,F,27,6.5,,0.0,,,4,2.0,50.0,1.0,,2.0,1.0,0,0,4.0,9.0
Toulouse vs Lens,Toulouse,264383,Warren Kamanzi,D,13,5.9,,0.0,,,5,4.0,80.0,,,,,0,0,,2.0
Toulouse vs Lens,Toulouse,457025,Julian Vignolo,F,13,6.3,,0.0,,,1,,,1.0,,1.0,,0,0,1.0,2.0
Toulouse vs Lens,Lens,347211,Robin Risser,G,90,7.7,,0.0,,,19,17.0,89.5,,,,1.0,1,0,2.0,2.0
Toulouse vs Lens,Lens,369500,Ismaelo Ganiou,D,90,8.6,1.0,0.0,3.0,1.0,74,64.0,86.5,2.0,,,,0,0,8.0,10.0
Toulouse vs Lens,Lens,322984,Samson Baidoo,D,90,7.2,,0.0,,,78,73.0,93.6,1.0,1.0,2.0,,0,0,2.0,7.0
Toulouse vs Lens,Lens,22166,Malang Sarr,D,90,7.2,,0.0,1.0,,97,88.0,90.7,2.0,4.0,2.0,,0,0,3.0,7.0
Toulouse vs Lens,Lens,44594,Saud Abdulhamid,M,89,6.9,,0.0,1.0,,41,40.0,97.6,1.0,,,1.0,0,0,3.0,7.0
Toulouse vs Lens,Lens,22261,Adrien Thomasson,M,90,7.7,1.0,1.0,2.0,2.0,62,54.0,87.1,3.0,,4.0,1.0,0,0,7.0,16.0
Toulouse vs Lens,Lens,394950,Andrija Bulatovic,M,89,6.6,,0.0,1.0,1.0,31,26.0,83.9,5.0,2.0,4.0,3.0,1,0,9.0,16.0
Toulouse vs Lens,Lens,20525,Matthieu Udol,M,90,7.2,,0.0,,,44,38.0,86.4,2.0,,,2.0,0,0,5.0,8.0
Toulouse vs Lens,Lens,1922,Florian Thauvin,F,74,6.6,,0.0,2.0,,37,29.0,78.4,,,1.0,,1,0,,2.0
Toulouse vs Lens,Lens,21715,Wesley Saïd,F,90,7.9,1.0,0.0,4.0,2.0,50,45.0,90.0,,,,2.0,0,0,4.0,11.0
Toulouse vs Lens,Lens,1135,Odsonne Édouard,F,38,6.7,,0.0,,,6,5.0,83.3,,,,1.0,0,0,2.0,2.0
Toulouse vs Lens,Lens,443579,Rayan Fofana,F,52,5.9,,0.0,1.0,1.0,8,8.0,100.0,,,2.0,2.0,0,0,2.0,11.0
Toulouse vs Lens,Lens,23643,Morgan Guilavogui,F,16,6.3,,0.0,,,14,13.0,92.9,,,,,0,0,,1.0
Toulouse vs Lens,Lens,402066,Anthony Bermont,M,13,6.7,,0.0,,,4,4.0,100.0,,,1.0,,0,0,,1.0
Toulouse vs Lens,Lens,20761,Florian Sotoca,F,13,6.6,,0.0,,,6,5.0,83.3,,,,2.0,0,0,2.0,2.0
Monaco vs Lyon,Monaco,963,Lukáš Hrádecký,G,12,6.7,,0.0,,,1,1.0,100.0,,,,,0,0,1.0,1.0
Monaco vs Lyon,Monaco,371916,Christian Mawissa,D,36,6.9,,0.0,,,9,4.0,44.4,,1.0,,,0,0,2.0,2.0
Monaco vs Lyon,Monaco,261,Thilo Kehrer,D,90,6.2,,0.0,,,53,51.0,96.2,2.0,1.0,1.0,,1,0,2.0,6.0
Monaco vs Lyon,Monaco,47480,Mohammed Salisu,D,90,6.2,,0.0,,,53,44.0,83.0,2.0,,1.0,,0,0,5.0,8.0
Monaco vs Lyon,Monaco,10316,Caio Henrique,D,90,5.9,,0.0,,,48,38.0,79.2,1.0,1.0,,1.0,0,0,3.0,9.0
Monaco vs Lyon,Monaco,419035,Mamadou Coulibaly,M,70,7.2,1.0,0.0,1.0,1.0,35,29.0,82.9,2.0,2.0,3.0,1.0,0,1,3.0,9.0
Monaco vs Lyon,Monaco,231,Jordan Teze,M,90,6,,0.0,,,37,31.0,83.8,,2.0,3.0,2.0,0,0,3.0,8.0
Monaco vs Lyon,Monaco,109,Aleksandr Golovin,M,77,6.9,,0.0,1.0,1.0,28,25.0,89.3,1.0,2.0,,1.0,0,0,3.0,5.0
Monaco vs Lyon,Monaco,274300,Maghnes Akliouche,M,90,6.5,,0.0,1.0,,28,21.0,75.0,2.0,,1.0,1.0,0,0,3.0,6.0
Monaco vs Lyon,Monaco,283026,Mika Biereth,F,77,6.5,,0.0,,,6,4.0,66.7,1.0,,1.0,1.0,0,0,2.0,5.0
Monaco vs Lyon,Monaco,138835,Folarin Balogun,F,90,6.5,,1.0,,,15,9.0,60.0,,,2.0,3.0,1,0,4.0,8.0
Monaco vs Lyon,Monaco,7313,Philipp Köhn,G,78,7.3,,0.0,,,24,21.0,87.5,,,,,0,0,1.0,1.0
Monaco vs Lyon,Monaco,333137,Kassoum Ouattara,D,54,6.3,,0.0,,,30,22.0,73.3,1.0,5.0,2.0,1.0,0,0,4.0,6.0
Monaco vs Lyon,Monaco,340152,Stanis Idumbo Muzambo,M,13,6.7,,0.0,,,3,2.0,66.7,1.0,,,,0,0,1.0,1.0
Monaco vs Lyon,Monaco,395040,George Ilenikhena,F,13,6.3,,0.0,,,1,1.0,100.0,,,,1.0,0,0,1.0,4.0
Monaco vs Lyon,Lyon,61142,Dominik Greif,G,90,6.7,,0.0,,,27,19.0,70.4,,,,,0,0,,
Monaco vs Lyon,Lyon,1456,Ainsley Maitland-Niles,D,90,7.3,,1.0,1.0,1.0,46,43.0,93.5,,1.0,,,0,0,3.0,5.0
Monaco vs Lyon,Lyon,68,Clinton Mata,D,90,6.2,,0.0,,,34,33.0,97.1,2.0,,3.0,2.0,1,0,4.0,8.0
Monaco vs Lyon,Lyon,193293,Ruben Kluivert,D,90,6.9,,0.0,,,34,32.0,94.1,1.0,1.0,,,1,0,1.0,1.0
Monaco vs Lyon,Lyon,529,Nicolás Tagliafico,D,90,7.2,,2.0,2.0,,66,55.0,83.3,2.0,2.0,2.0,3.0,0,0,6.0,12.0
Monaco vs Lyon,Lyon,9700,Abner Vinícius,M,81,7.9,1.0,0.0,1.0,1.0,30,23.0,76.7,1.0,,,,0,0,2.0,4.0
Monaco vs Lyon,Lyon,162590,Tyler Morton,M,90,7.3,,0.0,1.0,1.0,54,52.0,96.3,2.0,3.0,2.0,1.0,0,0,4.0,6.0
Monaco vs Lyon,Lyon,519,Corentin Tolisso,M,89,7.3,,0.0,2.0,1.0,69,58.0,84.1,2.0,,1.0,3.0,1,0,8.0,13.0
Monaco vs Lyon,Lyon,519664,Khalis Merah,M,66,6.9,,0.0,,,33,25.0,75.8,,,,2.0,0,0,3.0,5.0
Monaco vs Lyon,Lyon,66387,Pavel Šulc,F,81,8,2.0,0.0,2.0,2.0,9,5.0,55.6,1.0,1.0,2.0,,0,0,3.0,10.0
Monaco vs Lyon,Lyon,345388,Afonso Moreira,F,90,6.2,,0.0,2.0,2.0,30,26.0,86.7,,,,2.0,0,0,4.0,9.0
Monaco vs Lyon,Lyon,80752,Tanner Tessmann,M,24,6.3,,0.0,,,24,18.0,75.0,,,1.0,,0,0,,1.0
Monaco vs Lyon,Lyon,199871,Adam Karabec,M,9,6.9,,0.0,1.0,1.0,7,4.0,57.1,1.0,,,,0,0,3.0,3.0
Monaco vs Lyon,Lyon,24882,Orel Mangala,M,9,6.5,,0.0,,,14,13.0,92.9,,,1.0,,0,0,,2.0
Nice vs Strasbourg,Nice,21079,Maxime Dupé,G,90,6.9,,0.0,,,34,26.0,76.5,,,,,0,0,,
Nice vs Strasbourg,Nice,25008,Jonathan Clauss,D,90,7.7,,0.0,1.0,,32,28.0,87.5,3.0,2.0,,1.0,0,0,6.0,10.0
Nice vs Strasbourg,Nice,449509,Abdulay Juma Bah,D,90,7.7,,0.0,1.0,,63,62.0,98.4,3.0,2.0,1.0,1.0,0,0,9.0,14.0
Nice vs Strasbourg,Nice,404172,Kojo Peprah Oppong,D,90,5.6,,0.0,,,81,75.0,92.6,,1.0,2.0,1.0,1,0,1.0,4.0
Nice vs Strasbourg,Nice,162465,Melvin Bard,D,90,7.9,,1.0,,,51,44.0,86.3,5.0,,2.0,1.0,0,0,8.0,15.0
Nice vs Strasbourg,Nice,442866,Everton Pereira,M,69,6.3,,0.0,,,40,35.0,87.5,,2.0,1.0,,0,0,1.0,4.0
Nice vs Strasbourg,Nice,158065,Tiago Gouveia,M,45,6.3,,0.0,3.0,1.0,11,10.0,90.9,,1.0,1.0,1.0,0,0,1.0,4.0
Nice vs Strasbourg,Nice,1914,Morgan Sanson,M,81,6.7,,0.0,2.0,1.0,20,15.0,75.0,3.0,2.0,1.0,2.0,0,0,6.0,9.0
Nice vs Strasbourg,Nice,662,Tanguy Ndombélé,M,81,7,,0.0,,,26,24.0,92.3,2.0,,1.0,1.0,0,0,3.0,7.0
Nice vs Strasbourg,Nice,107,Sofiane Diop,M,90,7,,0.0,3.0,1.0,43,35.0,81.4,,2.0,1.0,,0,0,,3.0
Nice vs Strasbourg,Nice,274312,Mohamed-Ali Cho,F,90,6.6,,0.0,,,18,10.0,55.6,1.0,,,2.0,0,0,5.0,11.0
Nice vs Strasbourg,Nice,162707,Elye Wahi,F,45,7.6,1.0,0.0,4.0,3.0,7,4.0,57.1,,,,,0,0,,4.0
Nice vs Strasbourg,Nice,128987,Salis Abdul Samed,M,21,6.6,,0.0,,,11,11.0,100.0,,,,,0,0,,
Nice vs Strasbourg,Nice,503702,Bernard Nguene,F,9,6.3,,0.0,1.0,,5,5.0,100.0,,,,1.0,0,0,1.0,1.0
Nice vs Strasbourg,Nice,362470,Zoumana Diallo,F,9,6.3,,0.0,,,1,,,,,2.0,1.0,0,0,1.0,3.0
Nice vs Strasbourg,Strasbourg,340151,Mike Penders,G,90,7.2,,0.0,,,49,42.0,85.7,,,,,0,0,,
Nice vs Strasbourg,Strasbourg,358166,Abdoul Ouattara,D,90,7,,0.0,,,47,41.0,87.2,1.0,,,2.0,0,0,5.0,7.0
Nice vs Strasbourg,Strasbourg,396193,Lucas Høgsberg,D,89,7.2,,0.0,1.0,1.0,88,79.0,89.8,1.0,,,,0,0,2.0,3.0
Nice vs Strasbourg,Strasbourg,271542,Ismael Doukouré,D,90,6.3,,0.0,,,71,67.0,94.4,1.0,2.0,1.0,1.0,1,0,5.0,11.0
Nice vs Strasbourg,Strasbourg,2933,Ben Chilwell,D,90,6.7,,0.0,,,54,51.0,94.4,3.0,3.0,2.0,1.0,0,0,5.0,11.0
Nice vs Strasbourg,Strasbourg,415431,Samir El Mourabet,M,81,6.9,,0.0,1.0,,47,42.0,89.4,4.0,,1.0,,0,0,5.0,7.0
Nice vs Strasbourg,Strasbourg,319572,Valentín Barco,M,90,6.5,,0.0,1.0,1.0,56,46.0,82.1,,,1.0,3.0,0,0,3.0,4.0
Nice vs Strasbourg,Strasbourg,335056,Diego Moreira,M,90,6.3,,0.0,1.0,,40,27.0,67.5,3.0,,,,0,0,5.0,11.0
Nice vs Strasbourg,Strasbourg,70747,Julio Enciso,M,80,6.6,,0.0,1.0,1.0,29,24.0,82.8,1.0,,1.0,2.0,0,0,6.0,13.0
Nice vs Strasbourg,Strasbourg,359386,Martial Godo,M,67,6.3,,0.0,1.0,1.0,17,14.0,82.4,1.0,1.0,1.0,1.0,0,0,4.0,7.0
Nice vs Strasbourg,Strasbourg,390742,Joaquin Panichelli,F,90,7,1.0,0.0,1.0,1.0,27,21.0,77.8,,,3.0,2.0,0,0,5.0,9.0
Nice vs Strasbourg,Strasbourg,334035,Samuel Amo-Ameyaw,F,23,7.2,,0.0,,,8,7.0,87.5,1.0,,1.0,,0,0,1.0,3.0
Nice vs Strasbourg,Strasbourg,406303,Kendry Páez,M,10,6.3,,0.0,,,1,1.0,100.0,,,,,0,0,,1.0
Nice vs Strasbourg,Strasbourg,395762,Mathis Amougou,M,9,6.6,,0.0,,,6,5.0,83.3,1.0,,1.0,,1,0,1.0,2.0
Lille vs Rennes,Lille,1337,Berke Özer,G,90,6.2,,0.0,,,31,20.0,64.5,,,,,0,0,,
Lille vs Rennes,Lille,264,Thomas Meunier,D,90,6.9,,0.0,1.0,,38,32.0,84.2,3.0,,,1.0,0,0,6.0,8.0
Lille vs Rennes,Lille,312964,Nathan Ngoy,D,90,7.2,,0.0,,,53,48.0,90.6,1.0,4.0,,,0,0,1.0,2.0
Lille vs Rennes,Lille,142691,Alexsandro Ribeiro,D,13,3.7,,0.0,,,11,11.0,100.0,,,1.0,,0,1,,1.0
Lille vs Rennes,Lille,37151,Calvin Verdonk,D,74,6.3,,0.0,1.0,,35,28.0,80.0,2.0,,,,0,0,4.0,4.0
Lille vs Rennes,Lille,2204,Benjamin André,M,90,6.9,,0.0,1.0,,44,35.0,79.5,,3.0,1.0,4.0,1,0,6.0,10.0
Lille vs Rennes,Lille,409,Nabil Bentaleb,M,90,6.9,,0.0,,,59,51.0,86.4,1.0,2.0,,1.0,0,0,2.0,4.0
Lille vs Rennes,Lille,318416,Marius Sivertsen Broholm,M,70,6.7,,0.0,,,24,21.0,87.5,1.0,1.0,1.0,4.0,0,0,5.0,9.0
Lille vs Rennes,Lille,67889,Hakon Arnar Haraldsson,M,84,6.6,,0.0,,,33,29.0,87.9,1.0,,1.0,,0,0,3.0,9.0
Lille vs Rennes,Lille,340077,Matías Fernández,M,70,6.3,,0.0,2.0,2.0,13,11.0,84.6,,,,1.0,0,0,2.0,4.0
Lille vs Rennes,Lille,2295,Olivier Giroud,F,70,6.5,,0.0,1.0,,9,6.0,66.7,,,,1.0,0,0,2.0,8.0
Lille vs Rennes,Lille,438688,Ayyoub Bouaddi,M,20,6.6,,0.0,1.0,1.0,10,7.0,70.0,1.0,,,,0,0,3.0,3.0
Lille vs Rennes,Lille,135749,Félix Correia,F,20,6.6,,0.0,1.0,,9,8.0,88.9,,,,1.0,0,0,1.0,1.0
Lille vs Rennes,Lille,487381,Soriba Diaoune,F,20,6.3,,0.0,,,2,1.0,50.0,,,,,0,0,,3.0
Lille vs Rennes,Lille,379329,Tiago Santos,D,16,6.9,,0.0,,,5,5.0,100.0,,,,1.0,0,0,2.0,2.0
Lille vs Rennes,Lille,99576,Osame Sahraoui,F,10,6.7,,0.0,,,4,2.0,50.0,,,,,0,0,,2.0
Lille vs Rennes,Rennes,21628,Brice Samba,G,90,7.2,,0.0,,,37,31.0,83.8,,,,,0,0,1.0,1.0
Lille vs Rennes,Rennes,196187,Alidu Seidu,D,90,8.2,,0.0,,,65,64.0,98.5,2.0,2.0,,1.0,0,0,6.0,6.0
Lille vs Rennes,Rennes,367636,Jérémy Jacquet,D,90,8.3,,0.0,2.0,,73,69.0,94.5,2.0,1.0,1.0,,1,0,4.0,7.0
Lille vs Rennes,Rennes,126757,Lilian Brassier,D,90,6.9,,1.0,1.0,,69,62.0,89.9,,1.0,4.0,,0,0,,6.0
Lille vs Rennes,Rennes,3007,Przemysław Frankowski,M,90,8.2,1.0,0.0,2.0,1.0,56,51.0,91.1,5.0,,,,0,0,6.0,10.0
Lille vs Rennes,Rennes,24147,Mahdi Camara,M,90,6.9,,0.0,,,57,52.0,91.2,1.0,,,,0,0,3.0,5.0
Lille vs Rennes,Rennes,21102,Valentin Rongier,M,90,7,,0.0,,,95,90.0,94.7,1.0,,3.0,1.0,0,0,4.0,9.0
Lille vs Rennes,Rennes,272460,Quentin Merlin,M,62,7.6,1.0,0.0,2.0,1.0,36,24.0,66.7,1.0,,,,0,0,1.0,3.0
Lille vs Rennes,Rennes,15286,Mousa Tamari,M,89,6.5,,0.0,1.0,1.0,53,49.0,92.5,,,1.0,,0,0,1.0,5.0
Lille vs Rennes,Rennes,421,Breel Embolo,F,90,6.5,,1.0,1.0,,26,19.0,73.1,,,3.0,2.0,0,0,3.0,8.0
Lille vs Rennes,Rennes,449662,Mohamed Kader Meite,F,62,6.5,,0.0,1.0,,10,6.0,60.0,1.0,,1.0,,0,0,3.0,4.0
Lille vs Rennes,Rennes,21497,Ludovic Blas,F,28,7.3,,0.0,2.0,1.0,21,18.0,85.7,1.0,1.0,,,0,0,1.0,3.0
Lille vs Rennes,Rennes,163004,Esteban Lepaul,F,28,6,,0.0,1.0,,7,5.0,71.4,,,1.0,,0,0,,2.0
Marseille vs Nantes,Marseille,47296,Gerónimo Rulli,G,90,8.2,,0.0,,,24,14.0,58.3,,,,,0,0,,
Marseille vs Nantes,Marseille,2725,Benjamin Pavard,D,90,6.2,,0.0,,,36,35.0,97.2,,2.0,1.0,2.0,0,0,2.0,4.0
Marseille vs Nantes,Marseille,181827,Conrad Jaden Egan-Riley,D,73,6.6,,0.0,,,55,50.0,90.9,,,,1.0,0,0,2.0,3.0
Marseille vs Nantes,Marseille,6231,Facundo Medina,D,45,6.6,,0.0,,,41,41.0,100.0,1.0,,,,0,0,2.0,4.0
Marseille vs Nantes,Marseille,1138,Timothy Weah,M,90,6.2,,0.0,2.0,1.0,41,29.0,70.7,2.0,,3.0,3.0,0,0,6.0,15.0
Marseille vs Nantes,Marseille,340154,Arthur Vermeeren,M,26,4.7,,0.0,,,26,23.0,88.5,,,1.0,,0,1,,2.0
Marseille vs Nantes,Marseille,2735,Pierre-Emile Højbjerg,M,90,6.9,,0.0,2.0,1.0,84,79.0,94.0,,,2.0,5.0,0,0,7.0,15.0
Marseille vs Nantes,Marseille,2284,Emerson Palmieri,M,90,7.9,,0.0,,,50,47.0,94.0,3.0,3.0,,5.0,0,0,9.0,9.0
Marseille vs Nantes,Marseille,897,Mason Greenwood,F,73,6.2,,0.0,2.0,1.0,28,23.0,82.1,2.0,,1.0,,0,0,3.0,12.0
Marseille vs Nantes,Marseille,9363,Igor Paixão,F,31,6.7,,0.0,,,10,7.0,70.0,1.0,,2.0,,0,0,2.0,4.0
Marseille vs Nantes,Marseille,1465,Pierre-Emerick Aubameyang,F,61,6.5,,0.0,1.0,1.0,12,11.0,91.7,,,1.0,,0,0,1.0,5.0
Marseille vs Nantes,Marseille,283216,Bilal Nadir,M,25,5.5,,0.0,,,19,17.0,89.5,3.0,,3.0,1.0,2,1,4.0,9.0
Marseille vs Nantes,Marseille,2973,Amir Murillo,D,45,6.2,,0.0,1.0,,7,4.0,57.1,1.0,1.0,1.0,1.0,0,0,2.0,7.0
Marseille vs Nantes,Marseille,19030,Matt O'Riley,M,29,6.5,,0.0,,,20,16.0,80.0,,,1.0,,0,0,,2.0
Marseille vs Nantes,Marseille,31057,Hamed Junior Traorè,M,17,6.2,,0.0,,,9,6.0,66.7,1.0,,1.0,,0,0,1.0,5.0
Marseille vs Nantes,Marseille,85041,Amine Gouiri,F,17,6.5,,0.0,,,4,4.0,100.0,,,,,0,0,1.0,3.0
Marseille vs Nantes,Nantes,647,Anthony Lopes,G,90,8,,0.0,,,26,23.0,88.5,,,,1.0,0,0,1.0,1.0
Marseille vs Nantes,Nantes,20654,Fabien Centonze,D,45,7.7,1.0,0.0,1.0,1.0,9,6.0,66.7,2.0,2.0,,3.0,0,0,5.0,5.0
Marseille vs Nantes,Nantes,22134,Kelvin Amian,D,90,7.3,,0.0,1.0,1.0,32,27.0,84.4,2.0,,2.0,1.0,0,0,6.0,9.0
Marseille vs Nantes,Nantes,522609,Tylel Tati,D,90,7.6,,0.0,,,53,52.0,98.1,2.0,2.0,,1.0,0,0,6.0,6.0
Marseille vs Nantes,Nantes,21570,Nicolas Cozza,D,90,7.3,,0.0,,,46,38.0,82.6,4.0,2.0,,3.0,0,0,8.0,8.0
Marseille vs Nantes,Nantes,2483,Deiver Machado,D,90,7.2,,0.0,,,20,14.0,70.0,3.0,1.0,4.0,2.0,0,0,8.0,13.0
Marseille vs Nantes,Nantes,388779,Dehmaine Tabibou,M,58,6.2,,0.0,1.0,1.0,14,10.0,71.4,,,2.0,1.0,1,0,1.0,6.0
Marseille vs Nantes,Nantes,924,Francis Coquelin,M,58,6.9,,0.0,,,26,24.0,92.3,2.0,,2.0,1.0,0,0,3.0,7.0
Marseille vs Nantes,Nantes,282549,Junior Mwanga,M,63,6.9,,0.0,,,19,17.0,89.5,3.0,,1.0,1.0,1,0,5.0,8.0
Marseille vs Nantes,Nantes,161622,Matthis Abline,M,90,6.7,,0.0,3.0,1.0,20,13.0,65.0,,,2.0,1.0,0,0,2.0,11.0
Marseille vs Nantes,Nantes,42086,Youssef El Arabi,F,82,7.3,,0.0,1.0,1.0,25,20.0,80.0,3.0,,1.0,1.0,0,0,6.0,9.0
Marseille vs Nantes,Nantes,392569,Sékou Doucoure,D,45,6.9,,0.0,,,30,26.0,86.7,,3.0,1.0,,0,0,1.0,2.0
Marseille vs Nantes,Nantes,443674,Louis Leroux,M,32,6.7,,0.0,2.0,2.0,19,18.0,94.7,1.0,,1.0,,0,0,2.0,4.0
Marseille vs Nantes,Nantes,22093,Rémy Cabella,M,32,7.9,1.0,0.0,2.0,2.0,30,29.0,96.7,1.0,2.0,2.0,,0,0,1.0,5.0
Marseille vs Nantes,Nantes,193952,Johann Lepenant,M,27,6.7,,0.0,,,10,8.0,80.0,,,,,0,0,1.0,3.0
Marseille vs Nantes,Nantes,443676,Bahereba Guirassy,F,8,6.5,,0.0,,,1,,,,,2.0,1.0,1,0,1.0,2.0
Lorient vs Metz,Lorient,1142,Yvon Mvogo,G,90,6.3,,0.0,,,29,23.0,79.3,,1.0,,,0,0,,
Lorient vs Metz,Lorient,193501,Bamo Meïté,D,90,6.9,,0.0,,,53,46.0,86.8,1.0,1.0,2.0,1.0,0,0,4.0,9.0
Lorient vs Metz,Lorient,214310,Nathaniel Adjei,D,90,6.9,,0.0,,,67,63.0,94.0,1.0,,1.0,1.0,0,0,3.0,8.0
Lorient vs Metz,Lorient,1031,Igor Silva,D,90,7.3,,0.0,,,57,44.0,77.2,1.0,1.0,,,0,0,4.0,5.0
Lorient vs Metz,Lorient,158551,Joel Mugisha Mvuka,M,90,6.7,,0.0,2.0,,19,16.0,84.2,3.0,1.0,,1.0,0,0,4.0,6.0
Lorient vs Metz,Lorient,20917,Laurent Abergel,M,74,6.3,,0.0,1.0,1.0,39,33.0,84.6,,,,1.0,0,0,2.0,5.0
Lorient vs Metz,Lorient,23363,Noah Cadiou,M,90,6.6,,0.0,,,63,53.0,84.1,1.0,,1.0,,0,0,1.0,6.0
Lorient vs Metz,Lorient,174703,Théo Le Bris,M,90,6.9,,0.0,,,23,19.0,82.6,4.0,2.0,,1.0,0,0,7.0,9.0
Lorient vs Metz,Lorient,22171,Jean-Victor Makengo,F,60,6.3,,0.0,2.0,,17,11.0,64.7,,1.0,1.0,,0,0,1.0,2.0
Lorient vs Metz,Lorient,144319,Sambou Soumano,F,60,6.9,,0.0,1.0,1.0,11,10.0,90.9,,,1.0,1.0,0,0,2.0,4.0
Lorient vs Metz,Lorient,276662,Pablo Pagis,F,90,6.9,,0.0,4.0,,31,25.0,80.6,3.0,,,1.0,0,0,4.0,6.0
Lorient vs Metz,Lorient,200873,Mohamed Bamba,F,30,7,,1.0,1.0,1.0,5,5.0,100.0,,1.0,3.0,,1,0,1.0,4.0
Lorient vs Metz,Lorient,284072,Ahmadou Bamba Dieng,F,30,7.3,1.0,0.0,2.0,2.0,5,4.0,80.0,1.0,,,,0,0,2.0,4.0
Lorient vs Metz,Lorient,322865,Karim Dermane,M,16,6.9,,0.0,,,14,13.0,92.9,1.0,,,,0,0,2.0,3.0
Lorient vs Metz,Metz,158532,Jonathan Fischer,G,90,7.5,,0.0,,,32,26.0,81.2,,,,,0,0,,
Lorient vs Metz,Metz,96331,Koffi Kouao,D,90,6.3,,0.0,,,54,50.0,92.6,3.0,3.0,3.0,1.0,1,0,4.0,10.0
Lorient vs Metz,Metz,428084,Sadibou Sané,D,90,8.5,1.0,0.0,2.0,1.0,82,73.0,89.0,,,,1.0,0,0,4.0,5.0
Lorient vs Metz,Metz,378353,Urie-Michel Mboula,D,90,6.9,,0.0,,,92,89.0,96.7,,1.0,1.0,1.0,0,0,3.0,5.0
Lorient vs Metz,Metz,19518,Maxime Colin,D,90,6.7,,0.0,1.0,,57,49.0,86.0,1.0,1.0,1.0,,0,0,1.0,3.0
Lorient vs Metz,Metz,21640,Jessy Deminguet,M,45,6.3,,0.0,,,36,35.0,97.2,,1.0,,,0,0,,1.0
Lorient vs Metz,Metz,157912,Boubacar Traoré,M,84,6.3,,0.0,1.0,,28,26.0,92.9,2.0,,1.0,2.0,0,0,6.0,10.0
Lorient vs Metz,Metz,403883,Malick Mbaye,M,90,6.7,,0.0,,,30,25.0,83.3,,2.0,1.0,1.0,0,0,3.0,12.0
Lorient vs Metz,Metz,20529,Gauthier Hein,M,90,7.2,,1.0,,,72,67.0,93.1,,,,,0,0,1.0,1.0
Lorient vs Metz,Metz,2181,Georgiy Tsitaishvili,M,84,6.2,,0.0,1.0,1.0,32,27.0,84.4,,1.0,1.0,1.0,0,0,2.0,6.0
Lorient vs Metz,Metz,408870,Ibou Sane,F,79,6.3,,0.0,,,11,8.0,72.7,3.0,,,1.0,1,0,5.0,7.0
Lorient vs Metz,Metz,434352,Alpha Touré,M,45,6.5,,0.0,,,30,28.0,93.3,2.0,1.0,,1.0,0,0,3.0,7.0
Lorient vs Metz,Metz,19323,Joel Asoro,F,11,6.7,,0.0,,,3,1.0,33.3,,,,,0,0,1.0,1.0
Lorient vs Metz,Metz,407,Benjamin Stambouli,M,13,6.6,,0.0,,,13,11.0,84.6,1.0,1.0,,,0,0,1.0,1.0
Lorient vs Metz,Metz,336180,Morgan Bokele Mputu,F,13,6.2,,0.0,,,9,7.0,77.8,,,,,0,0,,2.0
Stade Brestois 29 vs Auxerre,Stade Brestois 29,21248,Grégoire Coudert,G,90,7.2,,0.0,,,37,28.0,75.7,,,,,0,0,1.0,1.0
Stade Brestois 29 vs Auxerre,Stade Brestois 29,422595,Luc Zogbé,D,90,7.3,,0.0,1.0,,29,20.0,69.0,2.0,2.0,3.0,2.0,0,0,6.0,13.0
Stade Brestois 29 vs Auxerre,Stade Brestois 29,20546,Brendan Chardonnet,D,90,7.2,,0.0,,,48,41.0,85.4,3.0,1.0,,,0,0,4.0,6.0
Stade Brestois 29 vs Auxerre,Stade Brestois 29,162568,Soumaila Coulibaly,D,90,7.6,,0.0,,,64,61.0,95.3,2.0,,1.0,2.0,0,0,7.0,9.0
Stade Brestois 29 vs Auxerre,Stade Brestois 29,302868,Daouda Guindo,D,90,6.7,,0.0,1.0,,41,31.0,75.6,1.0,1.0,2.0,,1,0,2.0,6.0
Stade Brestois 29 vs Auxerre,Stade Brestois 29,2214,Romain Del Castillo,M,90,7.6,,0.0,,,45,34.0,75.6,5.0,,2.0,2.0,1,0,10.0,16.0
Stade Brestois 29 vs Auxerre,Stade Brestois 29,128287,Joris Chotard,M,90,8.9,1.0,0.0,1.0,1.0,55,45.0,81.8,3.0,,1.0,,0,0,4.0,8.0
Stade Brestois 29 vs Auxerre,Stade Brestois 29,20558,Hugo Magnetti,M,90,6.9,,0.0,,,44,39.0,88.6,1.0,3.0,2.0,1.0,1,0,4.0,9.0
Stade Brestois 29 vs Auxerre,Stade Brestois 29,326073,Remy Labeau Lascary,M,68,7.2,,1.0,2.0,1.0,19,16.0,84.2,1.0,,,1.0,0,0,5.0,9.0
Stade Brestois 29 vs Auxerre,Stade Brestois 29,41323,Mama Baldé,F,15,6.3,,0.0,,,2,2.0,100.0,,,,,0,0,,1.0
Stade Brestois 29 vs Auxerre,Stade Brestois 29,22264,Ludovic Ajorque,F,90,8.3,1.0,1.0,2.0,2.0,32,24.0,75.0,1.0,,2.0,,0,0,6.0,12.0
Stade Brestois 29 vs Auxerre,Stade Brestois 29,375990,Pathé Mboup,F,71,5.9,,0.0,,,20,18.0,90.0,,1.0,3.0,,0,0,2.0,16.0
Stade Brestois 29 vs Auxerre,Stade Brestois 29,664,Lucas Tousart,M,22,6.9,,0.0,1.0,,10,6.0,60.0,2.0,,,,0,0,4.0,5.0
Stade Brestois 29 vs Auxerre,Stade Brestois 29,274267,Bradley Locko,D,9,6.6,,0.0,,,5,4.0,80.0,,,,1.0,0,0,1.0,2.0
Stade Brestois 29 vs Auxerre,Auxerre,20542,Donovan Léon,G,90,7.9,,0.0,,,26,20.0,76.9,,,,,0,0,1.0,1.0
Stade Brestois 29 vs Auxerre,Auxerre,193953,Lamine Sy,D,90,6.3,,0.0,1.0,,47,39.0,83.0,1.0,2.0,1.0,2.0,0,0,6.0,13.0
Stade Brestois 29 vs Auxerre,Auxerre,191240,Marvin Senaya,D,90,7.2,,0.0,,,56,51.0,91.1,4.0,,1.0,1.0,0,0,8.0,15.0
Stade Brestois 29 vs Auxerre,Auxerre,162466,Sinaly Diomandé,D,90,6.6,,0.0,,,58,49.0,84.5,2.0,4.0,,,0,0,4.0,9.0
Stade Brestois 29 vs Auxerre,Auxerre,7578,Gideon Mensah,D,76,6.7,,0.0,,,46,37.0,80.4,1.0,,2.0,2.0,1,0,5.0,10.0
Stade Brestois 29 vs Auxerre,Auxerre,496896,Rudy Matondo,M,60,6.2,,0.0,,,25,23.0,92.0,,1.0,1.0,1.0,0,0,3.0,9.0
Stade Brestois 29 vs Auxerre,Auxerre,21010,Elisha Owusu,M,90,6.3,,0.0,,,34,25.0,73.5,3.0,,2.0,,1,0,5.0,10.0
Stade Brestois 29 vs Auxerre,Auxerre,323625,Kévin Danois,M,86,6.3,,0.0,1.0,1.0,57,45.0,78.9,1.0,2.0,,3.0,0,0,4.0,7.0
Stade Brestois 29 vs Auxerre,Auxerre,174915,Josué Casimir,F,76,7,,0.0,,,27,23.0,85.2,1.0,,1.0,3.0,0,0,7.0,10.0
Stade Brestois 29 vs Auxerre,Auxerre,190686,Sékou Mara,F,76,6.3,,0.0,1.0,,13,9.0,69.2,,,1.0,1.0,0,0,4.0,7.0
Stade Brestois 29 vs Auxerre,Auxerre,293643,Ibrahim Osman,F,90,6.6,,0.0,3.0,,20,18.0,90.0,2.0,1.0,,3.0,0,0,6.0,13.0
Stade Brestois 29 vs Auxerre,Auxerre,322595,Lasso Coulibaly,M,30,7.2,,0.0,,,9,7.0,77.8,,1.0,,,0,0,3.0,3.0
Stade Brestois 29 vs Auxerre,Auxerre,215827,Fredrik Oppegård,D,14,6.2,,0.0,,,9,8.0,88.9,,,,,0,0,,1.0
Stade Brestois 29 vs Auxerre,Auxerre,30748,Assane Dioussé,M,14,6.3,,0.0,,,17,16.0,94.1,,4.0,,,0,0,1.0,2.0
Stade Brestois 29 vs Auxerre,Auxerre,381123,Ryan Rodin,F,14,6.2,,0.0,,,1,1.0,100.0,,,,,0,0,,3.0
Stade Brestois 29 vs Auxerre,Auxerre,551415,Tidiane Devernois,M,9,6.3,,0.0,,,5,3.0,60.0,,,,,0,0,,
Le Havre vs Angers,Le Havre,395808,Paul Argney,G,90,6.6,,0.0,,,30,24.0,80.0,,,,,0,0,,
Le Havre vs Angers,Le Havre,2336,Loic Négo,D,90,7.7,,0.0,,,42,34.0,81.0,4.0,,,,0,0,6.0,9.0
Le Havre vs Angers,Le Havre,33165,Ayumu Seko,D,90,7.3,,0.0,1.0,1.0,50,40.0,80.0,3.0,,1.0,,0,0,6.0,8.0
Le Havre vs Angers,Le Havre,64255,Gautier Lloris,D,90,7.2,,0.0,1.0,,66,62.0,93.9,1.0,1.0,1.0,,0,0,3.0,4.0
Le Havre vs Angers,Le Havre,23637,Yanis Zouaoui,D,90,7,,0.0,1.0,1.0,49,40.0,81.6,,1.0,,1.0,0,0,2.0,4.0
Le Havre vs Angers,Le Havre,128342,Rassoul Ndiaye,M,90,8.5,,2.0,,,34,24.0,70.6,8.0,,,1.0,0,0,11.0,14.0
Le Havre vs Angers,Le Havre,364093,Simon Ebonog,M,57,6.2,,0.0,,,19,16.0,84.2,,1.0,1.0,,0,0,,4.0
Le Havre vs Angers,Le Havre,174937,Yassine Kechta,M,66,6.6,,0.0,,,22,20.0,90.9,1.0,3.0,,,0,0,1.0,2.0
Le Havre vs Angers,Le Havre,961,Felix Mambimbi,M,66,6.2,,0.0,,,27,20.0,74.1,1.0,,2.0,1.0,1,0,2.0,10.0
Le Havre vs Angers,Le Havre,156465,Issa Soumaré,F,90,6.3,,0.0,2.0,,20,17.0,85.0,,2.0,4.0,3.0,0,0,7.0,17.0
Le Havre vs Angers,Le Havre,584356,Kenny Quetant,F,83,7.2,1.0,0.0,2.0,2.0,14,10.0,71.4,,,1.0,,0,0,2.0,9.0
Le Havre vs Angers,Le Havre,460805,Daren Nbenbege Mosengo,M,33,6.3,,0.0,,,11,8.0,72.7,,,1.0,1.0,0,0,2.0,7.0
Le Havre vs Angers,Le Havre,437529,Noam Obougou Jacquet,F,24,7.2,1.0,0.0,1.0,1.0,4,2.0,50.0,,1.0,1.0,,0,0,1.0,4.0
Le Havre vs Angers,Le Havre,437349,Enzo Koffi,F,24,6.3,,0.0,1.0,1.0,8,6.0,75.0,,1.0,3.0,1.0,0,0,3.0,7.0
Le Havre vs Angers,Le Havre,21641,Godson Kyeremeh,F,14,6.3,,0.0,,,2,2.0,100.0,1.0,,,,0,0,1.0,2.0
Le Havre vs Angers,Angers,174973,Melvin Zinga,G,90,6.9,,0.0,,,18,12.0,66.7,,,,,0,0,,
Le Havre vs Angers,Angers,20850,Carlens Arcus,D,90,6.3,,1.0,1.0,,64,47.0,73.4,,3.0,2.0,2.0,1,0,2.0,5.0
Le Havre vs Angers,Angers,3234,Abdoulaye Bamba,D,90,7.3,,0.0,1.0,1.0,24,18.0,75.0,1.0,2.0,,1.0,0,0,5.0,5.0
Le Havre vs Angers,Angers,21381,Jordan Lefort,D,90,6.3,,0.0,,,42,31.0,73.8,2.0,2.0,1.0,2.0,0,0,4.0,7.0
Le Havre vs Angers,Angers,41146,Florent Hanin,D,58,6.6,,0.0,,,28,17.0,60.7,,1.0,,1.0,0,0,4.0,8.0
Le Havre vs Angers,Angers,425207,Marius Courcoul,M,89,6.7,,0.0,2.0,1.0,37,29.0,78.4,4.0,,2.0,,0,0,6.0,10.0
Le Havre vs Angers,Angers,20554,Haris Belkebla,M,90,7.5,,0.0,,,55,48.0,87.3,5.0,,,2.0,0,0,11.0,12.0
Le Havre vs Angers,Angers,174708,Yassin Belkhdim,M,90,6.5,,0.0,,,38,31.0,81.6,2.0,1.0,2.0,2.0,0,0,5.0,11.0
Le Havre vs Angers,Angers,289555,Louis Mouton,M,76,7.3,1.0,0.0,1.0,1.0,24,16.0,66.7,1.0,,1.0,3.0,0,0,6.0,12.0
Le Havre vs Angers,Angers,191289,Amine Sbai,M,58,5.9,,0.0,,,21,17.0,81.0,,,,,0,0,,8.0
Le Havre vs Angers,Angers,421875,Sidiki Cherif,F,90,6.2,,0.0,1.0,,20,14.0,70.0,,,,2.0,0,0,4.0,10.0
Le Havre vs Angers,Angers,174660,Lilian Raolisoa,D,32,6.5,,0.0,,,16,13.0,81.2,,,,,0,0,2.0,3.0
Le Havre vs Angers,Angers,343609,Jacques Ekomié,D,32,6.5,,0.0,,,17,15.0,88.2,1.0,1.0,,,0,0,3.0,5.0
Le Havre vs Angers,Angers,457541,Prosper Peter,F,14,6.2,,0.0,,,3,3.0,100.0,,,,,0,0,,3.0
Paris Saint Germain vs Paris FC,Paris Saint Germain,162453,Lucas Chevalier,G,90,6.6,,0.0,,,18,13.0,72.2,,,,,0,0,,
Paris Saint Germain vs Paris FC,Paris Saint Germain,336657,Warren Zaïre-Emery,D,90,6.3,,1.0,,,79,73.0,92.4,1.0,,3.0,,0,0,3.0,6.0
Paris Saint Germain vs Paris FC,Paris Saint Germain,161671,Ilya Zabarnyi,D,70,5.9,,0.0,,,35,32.0,91.4,1.0,,1.0,,1,0,1.0,2.0
Paris Saint Germain vs Paris FC,Paris Saint Germain,16367,Willian Pacho,D,90,6.9,,0.0,2.0,,71,69.0,97.2,5.0,2.0,,,0,0,8.0,11.0
Paris Saint Germain vs Paris FC,Paris Saint Germain,263482,Nuno Mendes,D,80,6.9,,0.0,3.0,1.0,61,54.0,88.5,1.0,1.0,,2.0,0,0,6.0,8.0
Paris Saint Germain vs Paris FC,Paris Saint Germain,335051,João Neves,M,90,6.3,,0.0,,,74,68.0,91.9,1.0,,1.0,,0,0,1.0,7.0
Paris Saint Germain vs Paris FC,Paris Saint Germain,128384,Vitinha,M,90,7.2,,0.0,1.0,,128,122.0,95.3,1.0,,,,0,0,1.0,1.0
Paris Saint Germain vs Paris FC,Paris Saint Germain,328,Fabián Ruiz,M,90,7.7,,1.0,2.0,1.0,96,88.0,91.7,3.0,1.0,,,0,0,4.0,5.0
Paris Saint Germain vs Paris FC,Paris Saint Germain,343027,Désiré Doué,F,70,8.7,1.0,0.0,3.0,2.0,43,39.0,90.7,3.0,1.0,2.0,1.0,0,0,5.0,10.0
Paris Saint Germain vs Paris FC,Paris Saint Germain,153,Ousmane Dembélé,F,70,8.6,1.0,0.0,2.0,1.0,68,51.0,75.0,,,,,0,0,2.0,3.0
Paris Saint Germain vs Paris FC,Paris Saint Germain,409216,Senny Mayulu,F,83,6.3,,0.0,3.0,1.0,35,33.0,94.3,1.0,,,1.0,0,0,2.0,9.0
Paris Saint Germain vs Paris FC,Paris Saint Germain,257,Marquinhos,D,20,6.9,,0.0,,,32,32.0,100.0,,,,,0,0,,
Paris Saint Germain vs Paris FC,Paris Saint Germain,41585,Gonçalo Ramos,F,20,6.2,,0.0,,,6,3.0,50.0,,,,,0,0,1.0,5.0
Paris Saint Germain vs Paris FC,Paris Saint Germain,161904,Bradley Barcola,F,20,6.6,,0.0,,,14,13.0,92.9,,,,,0,0,1.0,3.0
Paris Saint Germain vs Paris FC,Paris Saint Germain,33,Lucas Hernández,D,10,6.6,,0.0,,,14,12.0,85.7,,,,,0,0,,
Paris Saint Germain vs Paris FC,Paris Saint Germain,567804,Noah Nsoki,M,15,6.3,,0.0,,,8,6.0,75.0,1.0,,,,0,0,1.0,1.0
Paris Saint Germain vs Paris FC,Paris FC,1800,Kevin Trapp,G,90,5.9,,0.0,,,35,21.0,60.0,,,,1.0,0,0,1.0,1.0
Paris Saint Germain vs Paris FC,Paris FC,389322,Nhoa Sangui,D,90,6.3,,0.0,,,33,26.0,78.8,2.0,1.0,,1.0,0,0,3.0,5.0
Paris Saint Germain vs Paris FC,Paris FC,174881,Moustapha Mbow,D,90,6.7,,0.0,,,36,32.0,88.9,1.0,,1.0,,0,0,4.0,6.0
Paris Saint Germain vs Paris FC,Paris FC,22086,Timothée Kolodziejczak,D,90,6.6,,0.0,,,29,25.0,86.2,3.0,1.0,1.0,,0,0,4.0,6.0
Paris Saint Germain vs Paris FC,Paris FC,266013,Otávio,D,90,6.7,,0.0,,,31,27.0,87.1,2.0,,1.0,,0,0,3.0,7.0
Paris Saint Germain vs Paris FC,Paris FC,8474,Thibault De Smet,D,89,6.9,,0.0,,,24,18.0,75.0,4.0,,,1.0,0,0,5.0,7.0
Paris Saint Germain vs Paris FC,Paris FC,22229,Jonathan Ikoné,M,68,6.3,,0.0,,,16,12.0,75.0,1.0,,1.0,,0,0,3.0,6.0
Paris Saint Germain vs Paris FC,Paris FC,1910,Maxime López,M,90,6.5,,0.0,,,49,41.0,83.7,1.0,,,,0,0,1.0,5.0
Paris Saint Germain vs Paris FC,Paris FC,84218,Adama Camara,M,89,6.6,,0.0,1.0,,28,21.0,75.0,2.0,,,1.0,0,0,4.0,7.0
Paris Saint Germain vs Paris FC,Paris FC,20704,Alimami Gory,M,77,6.9,,0.0,1.0,,15,10.0,66.7,1.0,1.0,,2.0,0,0,4.0,9.0
Paris Saint Germain vs Paris FC,Paris FC,120,Willem Geubbels,F,89,6.3,1.0,0.0,2.0,2.0,20,14.0,70.0,,2.0,,,0,0,3.0,11.0
Paris Saint Germain vs Paris FC,Paris FC,22003,Mathieu Cafaro,M,22,6.7,,0.0,1.0,,4,3.0,75.0,,,,,0,0,,
Paris Saint Germain vs Paris FC,Paris FC,20925,Vincent Marchetti,M,13,6.9,,0.0,1.0,1.0,8,8.0,100.0,,,,,0,0,,1.0
Paris Saint Germain vs Paris FC,Paris FC,55819,Tuomas Ollila,D,8,6.6,,0.0,,,2,2.0,100.0,,,,,0,0,,
Paris Saint Germain vs Paris FC,Paris FC,20599,Julien López,F,9,6.5,,0.0,,,0,,,,,,,0,0,,
Paris Saint Germain vs Paris FC,Paris FC,461595,Mohamed Benoit-Dao,F,9,6.3,,0.0,,,2,2.0,100.0,,,,,0,0,,
Monaco vs Lorient,Monaco,7313,Philipp Köhn,G,90,5.9,,0.0,,,21,17.0,81.0,,,,,0,0,,
Monaco vs Lorient,Monaco,333137,Kassoum Ouattara,D,70,6.6,,0.0,,,37,33.0,89.2,2.0,,,,0,0,4.0,7.0
Monaco vs Lorient,Monaco,175,Eric Dier,D,90,6.3,,0.0,,,80,79.0,98.8,,,2.0,1.0,0,0,2.0,7.0
Monaco vs Lorient,Monaco,8694,Wout Faes,D,90,6.9,,0.0,,,119,113.0,95.0,2.0,1.0,1.0,,0,0,6.0,9.0
Monaco vs Lorient,Monaco,10316,Caio Henrique,D,90,6.6,,0.0,,,43,35.0,81.4,4.0,,1.0,2.0,0,0,7.0,9.0
Monaco vs Lorient,Monaco,2810,Denis Zakaria,M,90,6.9,,0.0,,,76,75.0,98.7,3.0,1.0,2.0,,1,0,4.0,8.0
Monaco vs Lorient,Monaco,231,Jordan Teze,M,70,6.3,,0.0,,,45,36.0,80.0,1.0,1.0,3.0,1.0,0,0,3.0,8.0
Monaco vs Lorient,Monaco,274300,Maghnes Akliouche,M,90,6.9,,0.0,4.0,2.0,55,50.0,90.9,1.0,,,2.0,0,0,5.0,10.0
Monaco vs Lorient,Monaco,109,Aleksandr Golovin,M,90,7,,0.0,1.0,1.0,52,47.0,90.4,2.0,1.0,3.0,,0,0,4.0,11.0
Monaco vs Lorient,Monaco,283026,Mika Biereth,F,62,6.2,,0.0,1.0,,10,4.0,40.0,2.0,,3.0,2.0,0,0,5.0,14.0
Monaco vs Lorient,Monaco,138835,Folarin Balogun,F,89,6.3,,0.0,4.0,2.0,14,11.0,78.6,,,,1.0,0,0,3.0,6.0
Monaco vs Lorient,Monaco,395040,George Ilenikhena,F,28,6.2,,0.0,,,3,3.0,100.0,,,1.0,,0,0,,4.0
Monaco vs Lorient,Monaco,291649,Vanderson,D,20,6.3,,0.0,,,18,17.0,94.4,,,,,0,0,2.0,2.0
Monaco vs Lorient,Monaco,135775,Ansu Fati,F,20,6.9,1.0,0.0,2.0,2.0,9,7.0,77.8,,,,,0,0,,3.0
Monaco vs Lorient,Lorient,1142,Yvon Mvogo,G,90,8,,0.0,,,41,29.0,70.7,,,,1.0,0,0,2.0,2.0
Monaco vs Lorient,Lorient,193501,Bamo Meïté,D,90,7.3,,1.0,,,34,29.0,85.3,3.0,,3.0,2.0,0,0,8.0,13.0
Monaco vs Lorient,Lorient,50030,Montassar Talbi,D,90,6.9,,0.0,1.0,,35,31.0,88.6,,1.0,,1.0,0,0,3.0,5.0
Monaco vs Lorient,Lorient,1031,Igor Silva,D,89,6.9,,0.0,,,21,20.0,95.2,2.0,1.0,2.0,1.0,0,0,7.0,16.0
Monaco vs Lorient,Lorient,174703,Théo Le Bris,M,89,6.3,,0.0,,,27,22.0,81.5,2.0,,1.0,1.0,0,0,3.0,5.0
Monaco vs Lorient,Lorient,23363,Noah Cadiou,M,89,6.6,,1.0,1.0,,42,39.0,92.9,,2.0,1.0,3.0,0,0,4.0,11.0
Monaco vs Lorient,Lorient,20917,Laurent Abergel,M,90,6.6,,0.0,,,60,51.0,85.0,1.0,2.0,1.0,1.0,0,0,3.0,7.0
Monaco vs Lorient,Lorient,402386,Arsène Kouassi,M,90,6.3,,0.0,,,36,33.0,91.7,3.0,2.0,,1.0,0,0,8.0,12.0
Monaco vs Lorient,Lorient,22171,Jean-Victor Makengo,F,90,8.2,1.0,0.0,1.0,1.0,18,17.0,94.4,2.0,,,3.0,0,0,6.0,7.0
Monaco vs Lorient,Lorient,276662,Pablo Pagis,F,75,6.7,,0.0,3.0,,28,23.0,82.1,1.0,2.0,,,0,0,1.0,3.0
Monaco vs Lorient,Lorient,284072,Ahmadou Bamba Dieng,F,75,7.5,1.0,0.0,3.0,2.0,9,7.0,77.8,1.0,,,,0,0,3.0,8.0
Monaco vs Lorient,Lorient,322865,Karim Dermane,M,15,8.2,1.0,1.0,2.0,1.0,10,10.0,100.0,,,,1.0,0,0,4.0,5.0
Monaco vs Lorient,Lorient,200873,Mohamed Bamba,F,15,6.3,,0.0,,,5,4.0,80.0,,,1.0,,0,0,1.0,2.0
Paris Saint Germain vs Lille,Paris Saint Germain,162453,Lucas Chevalier,G,90,8.6,,0.0,,,24,20.0,83.3,,,,,0,0,,
Paris Saint Germain vs Lille,Paris Saint Germain,336657,Warren Zaïre-Emery,D,90,7.2,,0.0,1.0,,77,76.0,98.7,4.0,1.0,1.0,,0,0,5.0,7.0
Paris Saint Germain vs Lille,Paris Saint Germain,257,Marquinhos,D,90,6.6,,0.0,,,60,58.0,96.7,1.0,1.0,1.0,,0,0,1.0,3.0
Paris Saint Germain vs Lille,Paris Saint Germain,16367,Willian Pacho,D,90,7.7,,0.0,,,60,57.0,95.0,4.0,2.0,1.0,,0,0,6.0,8.0
Paris Saint Germain vs Lille,Paris Saint Germain,263482,Nuno Mendes,D,90,7.5,,0.0,2.0,,63,56.0,88.9,2.0,2.0,1.0,3.0,0,0,9.0,14.0
Paris Saint Germain vs Lille,Paris Saint Germain,409216,Senny Mayulu,M,45,6.3,,0.0,,,13,11.0,84.6,2.0,,1.0,,0,0,2.0,4.0
Paris Saint Germain vs Lille,Paris Saint Germain,128384,Vitinha,M,90,7.6,,1.0,,,101,95.0,94.1,2.0,2.0,1.0,,0,0,3.0,4.0
Paris Saint Germain vs Lille,Paris Saint Germain,328,Fabián Ruiz,M,90,7.3,,0.0,1.0,1.0,112,103.0,92.0,2.0,3.0,1.0,,0,0,2.0,2.0
Paris Saint Germain vs Lille,Paris Saint Germain,343027,Désiré Doué,F,84,7.3,,1.0,4.0,3.0,46,37.0,80.4,1.0,,1.0,1.0,0,0,7.0,12.0
Paris Saint Germain vs Lille,Paris Saint Germain,153,Ousmane Dembélé,F,76,9.9,2.0,0.0,2.0,2.0,61,56.0,91.8,,,,,0,0,2.0,3.0
Paris Saint Germain vs Lille,Paris Saint Germain,483,Khvicha Kvaratskhelia,F,63,6.9,,0.0,,,39,32.0,82.1,1.0,,2.0,,0,0,3.0,9.0
Paris Saint Germain vs Lille,Paris Saint Germain,161671,Ilya Zabarnyi,D,45,7,,0.0,,,26,25.0,96.2,,1.0,,1.0,0,0,1.0,1.0
Paris Saint Germain vs Lille,Paris Saint Germain,161904,Bradley Barcola,F,27,8.3,1.0,0.0,1.0,1.0,13,11.0,84.6,4.0,,2.0,,0,0,5.0,7.0
Paris Saint Germain vs Lille,Paris Saint Germain,41585,Gonçalo Ramos,F,14,6.3,,0.0,,,3,2.0,66.7,,,2.0,,0,0,1.0,4.0
Paris Saint Germain vs Lille,Paris Saint Germain,33,Lucas Hernández,D,11,6.9,,0.0,,,7,6.0,85.7,,1.0,,,0,0,1.0,1.0
Paris Saint Germain vs Lille,Lille,1337,Berke Özer,G,90,7.9,,0.0,,,33,25.0,75.8,,,,,0,0,,
Paris Saint Germain vs Lille,Lille,379329,Tiago Santos,D,87,6,,0.0,,,19,15.0,78.9,,,,2.0,0,0,3.0,9.0
Paris Saint Germain vs Lille,Lille,312964,Nathan Ngoy,D,90,6.3,,0.0,,,46,43.0,93.5,1.0,1.0,,1.0,0,0,3.0,5.0
Paris Saint Germain vs Lille,Lille,1567,Aïssa Mandi,D,90,6.6,,0.0,,,50,45.0,90.0,1.0,,,2.0,0,0,4.0,7.0
Paris Saint Germain vs Lille,Lille,20600,Romain Perraud,D,90,6.5,,0.0,1.0,1.0,39,30.0,76.9,3.0,1.0,,3.0,0,0,6.0,11.0
Paris Saint Germain vs Lille,Lille,375598,Ngal'ayel Mukau,M,77,6.3,,0.0,1.0,,33,28.0,84.8,2.0,2.0,,1.0,0,0,5.0,7.0
Paris Saint Germain vs Lille,Lille,409,Nabil Bentaleb,M,90,6.3,,0.0,,,56,49.0,87.5,,1.0,1.0,2.0,0,0,2.0,3.0
Paris Saint Germain vs Lille,Lille,438688,Ayyoub Bouaddi,M,90,6,,0.0,,,41,33.0,80.5,2.0,1.0,,,0,0,2.0,9.0
Paris Saint Germain vs Lille,Lille,386287,Ethan Mbappé,F,77,6.3,,0.0,2.0,2.0,21,17.0,81.0,1.0,1.0,1.0,,0,0,1.0,9.0
Paris Saint Germain vs Lille,Lille,2295,Olivier Giroud,F,77,6.2,,0.0,1.0,,20,12.0,60.0,,,1.0,1.0,0,0,2.0,4.0
Paris Saint Germain vs Lille,Lille,67889,Hakon Arnar Haraldsson,F,89,6.3,,0.0,,,45,42.0,93.3,1.0,2.0,2.0,1.0,1,0,2.0,10.0
Paris Saint Germain vs Lille,Lille,99576,Osame Sahraoui,F,13,6.3,,0.0,,,11,9.0,81.8,,,,,0,0,,1.0
Paris Saint Germain vs Lille,Lille,318416,Marius Sivertsen Broholm,F,13,6.2,,0.0,,,7,7.0,100.0,,,,,0,0,,1.0
Paris Saint Germain vs Lille,Lille,487381,Soriba Diaoune,F,13,7.2,,0.0,1.0,1.0,7,6.0,85.7,,,,,0,0,1.0,2.0
Paris Saint Germain vs Lille,Lille,264,Thomas Meunier,D,8,6.3,,0.0,,,6,6.0,100.0,,,1.0,,0,0,,1.0
Lens vs Auxerre,Lens,347211,Robin Risser,G,90,6.9,,0.0,,,29,25.0,86.2,,,,,0,0,,
Lens vs Auxerre,Lens,369500,Ismaelo Ganiou,D,90,7.3,,0.0,,,58,46.0,79.3,3.0,3.0,2.0,1.0,0,0,6.0,12.0
Lens vs Auxerre,Lens,322984,Samson Baidoo,D,90,7.3,,0.0,1.0,,58,47.0,81.0,1.0,4.0,1.0,,0,0,5.0,10.0
Lens vs Auxerre,Lens,22166,Malang Sarr,D,90,7.9,,1.0,,,36,30.0,83.3,4.0,3.0,,,0,0,5.0,6.0
Lens vs Auxerre,Lens,44594,Saud Abdulhamid,M,66,6.6,,0.0,1.0,1.0,27,24.0,88.9,2.0,,2.0,,0,0,2.0,9.0
Lens vs Auxerre,Lens,22261,Adrien Thomasson,M,57,6.2,,0.0,2.0,,25,21.0,84.0,1.0,,2.0,,1,0,2.0,8.0
Lens vs Auxerre,Lens,394950,Andrija Bulatovic,M,90,7,,0.0,3.0,3.0,34,27.0,79.4,6.0,1.0,3.0,3.0,0,0,9.0,20.0
Lens vs Auxerre,Lens,20525,Matthieu Udol,M,90,7.7,,0.0,,,23,18.0,78.3,1.0,2.0,,2.0,0,0,3.0,6.0
Lens vs Auxerre,Lens,1922,Florian Thauvin,F,86,6.7,,0.0,2.0,,30,22.0,73.3,,1.0,1.0,1.0,0,0,1.0,10.0
Lens vs Auxerre,Lens,21715,Wesley Saïd,F,66,7.9,1.0,0.0,1.0,1.0,22,17.0,77.3,3.0,1.0,3.0,2.0,0,0,6.0,12.0
Lens vs Auxerre,Lens,443579,Rayan Fofana,F,56,7.2,,0.0,,,11,9.0,81.8,,,1.0,6.0,0,0,6.0,11.0
Lens vs Auxerre,Lens,277191,Abdallah Sima,F,34,6.6,,0.0,1.0,,9,5.0,55.6,,,1.0,,0,0,4.0,8.0
Lens vs Auxerre,Lens,277306,Mamadou Sangare,M,33,7,,0.0,2.0,1.0,19,16.0,84.2,1.0,3.0,1.0,2.0,0,0,3.0,5.0
Lens vs Auxerre,Lens,21568,Ruben Aguilar,D,24,6.9,,0.0,,,7,5.0,71.4,1.0,,,,0,0,1.0,1.0
Lens vs Auxerre,Lens,23643,Morgan Guilavogui,F,24,6.5,,0.0,1.0,1.0,14,12.0,85.7,,,2.0,,1,0,1.0,4.0
Lens vs Auxerre,Lens,20761,Florian Sotoca,F,8,6.7,,0.0,,,5,5.0,100.0,,,,,0,0,,1.0
Lens vs Auxerre,Auxerre,20542,Donovan Léon,G,90,8.2,,0.0,,,50,27.0,54.0,,,,,0,0,,
Lens vs Auxerre,Auxerre,193953,Lamine Sy,D,90,6.2,,0.0,1.0,,26,21.0,80.8,4.0,2.0,1.0,1.0,0,0,5.0,11.0
Lens vs Auxerre,Auxerre,191240,Marvin Senaya,D,76,6.2,,0.0,,,30,25.0,83.3,,4.0,3.0,2.0,1,0,3.0,11.0
Lens vs Auxerre,Auxerre,162466,Sinaly Diomandé,D,90,6.6,,0.0,,,53,45.0,84.9,4.0,2.0,4.0,1.0,1,0,7.0,12.0
Lens vs Auxerre,Auxerre,191189,Clement Akpa,D,90,6.9,,0.0,,,45,33.0,73.3,2.0,3.0,2.0,1.0,1,0,6.0,10.0
Lens vs Auxerre,Auxerre,215827,Fredrik Oppegård,D,90,7,,0.0,,,37,29.0,78.4,5.0,1.0,,,0,0,5.0,6.0
Lens vs Auxerre,Auxerre,152418,Naouirou Ahamada,M,76,6.9,,0.0,1.0,,32,26.0,81.2,,,,1.0,0,0,3.0,4.0
Lens vs Auxerre,Auxerre,319919,Oussama El Azzouzi,M,88,7.2,,0.0,,,51,43.0,84.3,3.0,2.0,1.0,3.0,0,0,6.0,11.0
Lens vs Auxerre,Auxerre,323625,Kévin Danois,M,76,7.2,,0.0,,,39,33.0,84.6,3.0,3.0,2.0,1.0,1,0,6.0,11.0
Lens vs Auxerre,Auxerre,90617,Lassine Sinayoko,F,90,7.2,,0.0,1.0,,22,13.0,59.1,1.0,,,2.0,0,0,10.0,14.0
Lens vs Auxerre,Auxerre,19625,Danny Namaso,F,88,6.6,,0.0,1.0,,25,19.0,76.0,2.0,,4.0,4.0,0,0,11.0,19.0
Lens vs Auxerre,Auxerre,496896,Rudy Matondo,M,14,6.5,,0.0,,,10,9.0,90.0,,,1.0,,0,0,,2.0
Lens vs Auxerre,Auxerre,174915,Josué Casimir,F,14,6.7,,0.0,,,4,3.0,75.0,,,2.0,2.0,0,0,3.0,6.0
Lens vs Auxerre,Auxerre,84082,Romain Faivre,M,14,6.6,,0.0,,,5,4.0,80.0,1.0,,,1.0,0,0,3.0,4.0
Lens vs Auxerre,Auxerre,30748,Assane Dioussé,M,2,,,0.0,,,5,5.0,100.0,1.0,,,,1,0,1.0,2.0
Lens vs Auxerre,Auxerre,190686,Sékou Mara,F,2,,,0.0,,,0,,,,,,,0,0,,
Toulouse vs Nice,Toulouse,325346,Guillaume Restes,G,90,7.3,,0.0,,,22,13.0,59.1,,,,,0,0,1.0,1.0
Toulouse vs Nice,Toulouse,102,Djibril Sidibé,D,90,7,,0.0,,,48,40.0,83.3,2.0,,3.0,,0,0,2.0,5.0
Toulouse vs Nice,Toulouse,278392,Charlie Cresswell,D,90,7.3,,0.0,,,57,50.0,87.7,1.0,1.0,1.0,1.0,0,0,8.0,11.0
Toulouse vs Nice,Toulouse,15793,Rasmus Nicolaisen,D,82,7.2,,0.0,1.0,,48,42.0,87.5,1.0,2.0,,,0,0,6.0,6.0
Toulouse vs Nice,Toulouse,334952,Rafik Messali,M,90,7.2,,0.0,,,24,20.0,83.3,,4.0,,2.0,0,0,4.0,9.0
Toulouse vs Nice,Toulouse,514464,Alexis Vossah,M,56,6.3,,0.0,,,17,15.0,88.2,,1.0,1.0,,0,0,,1.0
Toulouse vs Nice,Toulouse,339417,Pape Diop,M,82,6.7,,0.0,1.0,1.0,37,32.0,86.5,1.0,3.0,1.0,1.0,0,0,3.0,6.0
Toulouse vs Nice,Toulouse,39115,Aron Dønnum,M,90,7.9,,1.0,2.0,1.0,38,28.0,73.7,2.0,3.0,1.0,2.0,0,0,6.0,8.0
Toulouse vs Nice,Toulouse,362741,Santiago Hidalgo,F,75,8.3,2.0,0.0,3.0,3.0,17,15.0,88.2,,1.0,2.0,3.0,1,0,3.0,10.0
Toulouse vs Nice,Toulouse,174724,Frank Magri,F,82,8.2,1.0,1.0,6.0,2.0,11,6.0,54.5,1.0,,,2.0,0,0,9.0,16.0
Toulouse vs Nice,Toulouse,84128,Yann Gboho,F,90,8.3,,1.0,,,26,24.0,92.3,,2.0,1.0,5.0,0,0,8.0,17.0
Toulouse vs Nice,Toulouse,50956,Cristian Cásseres Jr.,M,34,7.6,1.0,0.0,1.0,1.0,24,24.0,100.0,1.0,,,,0,0,1.0,2.0
Toulouse vs Nice,Toulouse,457025,Julian Vignolo,F,15,7.6,1.0,0.0,2.0,2.0,3,,,,,,,0,0,2.0,2.0
Toulouse vs Nice,Toulouse,489905,Seny Koumbassa,D,8,6.7,,0.0,,,9,8.0,88.9,,,1.0,,0,0,,1.0
Toulouse vs Nice,Toulouse,304140,Mario Sauer,M,8,6.7,,0.0,,,4,4.0,100.0,,,,,0,0,,
Toulouse vs Nice,Toulouse,430816,Noah Edjouma,F,8,6.5,,0.0,1.0,,2,2.0,100.0,1.0,,1.0,,0,0,1.0,4.0
Toulouse vs Nice,Nice,21079,Maxime Dupé,G,90,4.6,,0.0,,,32,23.0,71.9,,,,,0,0,,
Toulouse vs Nice,Nice,25008,Jonathan Clauss,D,90,5.7,,0.0,1.0,,59,47.0,79.7,1.0,3.0,1.0,1.0,0,0,3.0,6.0
Toulouse vs Nice,Nice,449509,Abdulay Juma Bah,D,90,6.9,,0.0,,,95,85.0,89.5,2.0,,3.0,,1,0,7.0,14.0
Toulouse vs Nice,Nice,611321,Brad-Hamilton Mantsounga,D,90,7,,0.0,,,86,85.0,98.8,6.0,,,2.0,0,0,8.0,9.0
Toulouse vs Nice,Nice,162465,Melvin Bard,D,70,6.2,,0.0,1.0,1.0,56,47.0,83.9,1.0,1.0,2.0,,0,0,1.0,4.0
Toulouse vs Nice,Nice,662,Tanguy Ndombélé,M,45,6.9,,0.0,1.0,,6,5.0,83.3,1.0,,,3.0,0,0,4.0,5.0
Toulouse vs Nice,Nice,442866,Everton Pereira,M,67,5.6,,0.0,,,24,17.0,70.8,,1.0,3.0,,0,0,2.0,9.0
Toulouse vs Nice,Nice,1914,Morgan Sanson,M,90,5.3,,0.0,2.0,1.0,45,36.0,80.0,2.0,1.0,6.0,,1,0,2.0,11.0
Toulouse vs Nice,Nice,193617,Tom Louchet,F,90,6.9,,0.0,2.0,,34,29.0,85.3,1.0,,,,0,0,4.0,6.0
Toulouse vs Nice,Nice,162707,Elye Wahi,F,82,7.5,1.0,0.0,1.0,1.0,14,11.0,78.6,,,1.0,1.0,0,0,2.0,12.0
Toulouse vs Nice,Nice,105154,Isak Jansson,F,45,6.3,,0.0,1.0,1.0,9,6.0,66.7,1.0,,,,0,0,2.0,3.0
Toulouse vs Nice,Nice,158065,Tiago Gouveia,F,45,6.2,,0.0,1.0,1.0,17,14.0,82.4,1.0,,,2.0,0,0,4.0,6.0
Toulouse vs Nice,Nice,274312,Mohamed-Ali Cho,F,45,6.6,,0.0,1.0,1.0,15,12.0,80.0,1.0,,1.0,,0,0,1.0,6.0
Toulouse vs Nice,Nice,188319,Kevin Carlos Omoruyi,F,23,6.3,,0.0,,,3,3.0,100.0,,,,,0,0,,
Toulouse vs Nice,Nice,49583,Ali Abdi,D,20,5.9,,0.0,,,11,9.0,81.8,2.0,1.0,,1.0,0,0,3.0,4.0
Toulouse vs Nice,Nice,8680,Charles Vanhoutte,M,8,6.9,,0.0,,,10,10.0,100.0,1.0,,,1.0,0,0,2.0,4.0
Angers vs Marseille,Angers,22220,Hervé Koffi,G,90,7,,0.0,,,21,17.0,81.0,,,,,0,0,,
Angers vs Marseille,Angers,20850,Carlens Arcus,D,86,5.7,,0.0,,,35,32.0,91.4,1.0,,2.0,,0,0,1.0,3.0
Angers vs Marseille,Angers,271540,Ousmane Camara,D,90,6.5,,0.0,,,32,31.0,96.9,4.0,1.0,,,0,0,4.0,6.0
Angers vs Marseille,Angers,21381,Jordan Lefort,D,90,5.3,,0.0,,,49,42.0,85.7,1.0,,,,0,0,1.0,1.0
Angers vs Marseille,Angers,343609,Jacques Ekomié,D,90,5.2,,0.0,,,32,28.0,87.5,2.0,1.0,1.0,,0,0,4.0,10.0
Angers vs Marseille,Angers,20554,Haris Belkebla,M,90,6.5,,0.0,,,46,40.0,87.0,3.0,,2.0,2.0,1,0,5.0,8.0
Angers vs Marseille,Angers,425207,Marius Courcoul,M,62,6.2,,0.0,,,21,17.0,81.0,,,,,0,0,,
Angers vs Marseille,Angers,174708,Yassin Belkhdim,M,90,6.2,,0.0,,,24,21.0,87.5,4.0,,1.0,,0,0,4.0,7.0
Angers vs Marseille,Angers,289555,Louis Mouton,M,76,6.6,,0.0,2.0,,33,28.0,84.8,3.0,,,,0,0,5.0,7.0
Angers vs Marseille,Angers,191289,Amine Sbai,M,76,7.2,1.0,0.0,2.0,2.0,23,15.0,65.2,3.0,,1.0,2.0,0,0,6.0,18.0
Angers vs Marseille,Angers,457541,Prosper Peter,F,62,6.2,,0.0,,,6,3.0,50.0,,,,,0,0,1.0,5.0
Angers vs Marseille,Angers,579375,Djibirin Harouna,F,28,6.9,,1.0,,,7,5.0,71.4,,,1.0,1.0,0,0,2.0,4.0
Angers vs Marseille,Angers,421875,Sidiki Cherif,F,28,6.3,,0.0,,,9,7.0,77.8,,,,,0,0,1.0,2.0
Angers vs Marseille,Angers,21145,Pierrick Capelle,M,14,6.3,,0.0,,,9,7.0,77.8,1.0,,1.0,2.0,0,0,3.0,5.0
Angers vs Marseille,Angers,21618,Jim Allevinah,F,14,7.3,1.0,0.0,1.0,1.0,8,7.0,87.5,,,,1.0,0,0,1.0,2.0
Angers vs Marseille,Angers,456831,Marius Louer,D,10,6.2,,0.0,,,1,1.0,100.0,,,,,0,0,,
Angers vs Marseille,Marseille,47296,Gerónimo Rulli,G,90,7,,0.0,,,54,51.0,94.4,,,,,0,0,,
Angers vs Marseille,Marseille,2973,Amir Murillo,D,90,7.9,,1.0,,,72,70.0,97.2,4.0,,,2.0,0,0,8.0,10.0
Angers vs Marseille,Marseille,6,Leonardo Balerdi,D,90,7.2,,0.0,,,108,102.0,94.4,3.0,,,1.0,0,0,5.0,11.0
Angers vs Marseille,Marseille,6231,Facundo Medina,D,90,7,,0.0,,,99,94.0,94.9,3.0,2.0,,,0,0,5.0,5.0
Angers vs Marseille,Marseille,1138,Timothy Weah,M,90,7.9,1.0,0.0,2.0,2.0,40,33.0,82.5,2.0,,1.0,,0,0,3.0,5.0
Angers vs Marseille,Marseille,283216,Bilal Nadir,M,82,7,,0.0,1.0,,74,69.0,93.2,5.0,1.0,2.0,,0,0,6.0,10.0
Angers vs Marseille,Marseille,2735,Pierre-Emile Højbjerg,M,90,7.9,,1.0,1.0,,111,104.0,93.7,1.0,,1.0,2.0,0,0,4.0,6.0
Angers vs Marseille,Marseille,2284,Emerson Palmieri,M,89,7.3,,2.0,,,42,38.0,90.5,,,,,0,0,,
Angers vs Marseille,Marseille,897,Mason Greenwood,F,62,7.7,1.0,0.0,3.0,2.0,34,32.0,94.1,,,,,0,0,,4.0
Angers vs Marseille,Marseille,31057,Hamed Junior Traorè,F,61,7.6,1.0,1.0,2.0,1.0,31,30.0,96.8,1.0,1.0,,,0,0,1.0,5.0
Angers vs Marseille,Marseille,85041,Amine Gouiri,F,61,7.3,1.0,0.0,5.0,3.0,19,17.0,89.5,,,,2.0,0,0,2.0,5.0
Angers vs Marseille,Marseille,9363,Igor Paixão,F,29,7.2,1.0,0.0,3.0,1.0,12,8.0,66.7,,,2.0,,0,0,,4.0
Angers vs Marseille,Marseille,1465,Pierre-Emerick Aubameyang,F,29,6.7,,0.0,2.0,2.0,8,7.0,87.5,,,1.0,2.0,1,0,2.0,3.0
Angers vs Marseille,Marseille,19030,Matt O'Riley,M,28,6.2,,0.0,,,8,6.0,75.0,3.0,1.0,1.0,,0,0,3.0,8.0
Angers vs Marseille,Marseille,896,Angel Gomes,M,8,6.5,,0.0,,,10,10.0,100.0,,,,,0,0,1.0,2.0
Strasbourg vs Metz,Strasbourg,340151,Mike Penders,G,90,6.7,,0.0,,,27,22.0,81.5,,,,,0,0,,
Strasbourg vs Metz,Strasbourg,161747,Guéla Doué,D,90,7.2,,1.0,,,60,55.0,91.7,2.0,,1.0,,0,0,7.0,10.0
Strasbourg vs Metz,Strasbourg,396193,Lucas Høgsberg,D,64,6.5,,0.0,,,39,35.0,89.7,1.0,,1.0,,1,0,1.0,3.0
Strasbourg vs Metz,Strasbourg,271542,Ismael Doukouré,D,90,6.9,,0.0,,,53,53.0,100.0,1.0,2.0,1.0,1.0,0,0,4.0,7.0
Strasbourg vs Metz,Strasbourg,2933,Ben Chilwell,D,90,6.3,,0.0,,,38,36.0,94.7,1.0,7.0,1.0,1.0,0,0,2.0,6.0
Strasbourg vs Metz,Strasbourg,319572,Valentín Barco,M,90,7.3,,0.0,1.0,,76,70.0,92.1,3.0,1.0,3.0,3.0,1,0,8.0,13.0
Strasbourg vs Metz,Strasbourg,415431,Samir El Mourabet,M,90,8.2,,0.0,,,60,53.0,88.3,3.0,2.0,,,0,0,7.0,9.0
Strasbourg vs Metz,Strasbourg,335056,Diego Moreira,M,89,7.3,1.0,0.0,1.0,1.0,41,36.0,87.8,1.0,1.0,2.0,4.0,0,0,8.0,17.0
Strasbourg vs Metz,Strasbourg,70747,Julio Enciso,M,80,7.6,,1.0,2.0,1.0,27,24.0,88.9,1.0,1.0,,2.0,0,0,6.0,9.0
Strasbourg vs Metz,Strasbourg,359386,Martial Godo,M,80,6.9,1.0,0.0,4.0,3.0,18,13.0,72.2,2.0,,2.0,,0,0,4.0,9.0
Strasbourg vs Metz,Strasbourg,390742,Joaquin Panichelli,F,90,6.6,,0.0,1.0,1.0,13,11.0,84.6,,1.0,,1.0,0,0,5.0,6.0
Strasbourg vs Metz,Strasbourg,358166,Abdoul Ouattara,M,26,6.9,,0.0,,,16,16.0,100.0,2.0,,,,0,0,2.0,2.0
Strasbourg vs Metz,Strasbourg,334035,Samuel Amo-Ameyaw,F,10,6.9,,0.0,,,7,7.0,100.0,,,,,0,0,2.0,3.0
Strasbourg vs Metz,Strasbourg,325594,Félix Lemaréchal,M,10,6.5,,0.0,,,4,2.0,50.0,,,1.0,,0,0,,2.0
Strasbourg vs Metz,Metz,158532,Jonathan Fischer,G,90,6.7,,0.0,,,44,41.0,93.2,,,,,0,0,1.0,1.0
Strasbourg vs Metz,Metz,19518,Maxime Colin,D,90,6.7,,0.0,,,45,39.0,86.7,4.0,,1.0,,0,0,4.0,5.0
Strasbourg vs Metz,Metz,428084,Sadibou Sané,D,90,6.3,,0.0,,,92,77.0,83.7,2.0,2.0,1.0,1.0,1,0,4.0,7.0
Strasbourg vs Metz,Metz,363792,Terry Yegbe,D,90,6.2,,0.0,,,64,58.0,90.6,,1.0,1.0,1.0,1,0,2.0,4.0
Strasbourg vs Metz,Metz,105,Fodé Ballo-Touré,D,72,5.9,,0.0,1.0,,16,12.0,75.0,2.0,1.0,3.0,2.0,0,0,5.0,11.0
Strasbourg vs Metz,Metz,21640,Jessy Deminguet,M,71,7,,0.0,1.0,,39,36.0,92.3,3.0,,1.0,1.0,0,0,4.0,12.0
Strasbourg vs Metz,Metz,3240,Jean-Philippe Gbamin,M,89,6.5,,0.0,2.0,1.0,65,61.0,93.8,1.0,,1.0,,0,0,3.0,10.0
Strasbourg vs Metz,Metz,403883,Malick Mbaye,M,89,7.2,,0.0,,,26,23.0,88.5,7.0,,,,0,0,7.0,12.0
Strasbourg vs Metz,Metz,20529,Gauthier Hein,M,90,6.9,1.0,0.0,2.0,1.0,65,58.0,89.2,1.0,1.0,3.0,2.0,0,0,3.0,14.0
Strasbourg vs Metz,Metz,2181,Georgiy Tsitaishvili,M,90,6.2,,0.0,,,26,22.0,84.6,,,,,1,0,1.0,7.0
Strasbourg vs Metz,Metz,408870,Ibou Sane,F,81,6.9,,0.0,,,20,16.0,80.0,,,1.0,3.0,0,0,6.0,9.0
Strasbourg vs Metz,Metz,434352,Alpha Touré,M,19,6.6,,0.0,,,12,11.0,91.7,1.0,,,,0,0,1.0,1.0
Strasbourg vs Metz,Metz,68177,Giorgi Abuashvili,F,18,6.5,,0.0,,,8,8.0,100.0,,,,,0,0,,3.0
Strasbourg vs Metz,Metz,19323,Joel Asoro,F,9,6.5,,0.0,,,1,,,,,,,0,0,,1.0
Nantes vs Paris FC,Nantes,647,Anthony Lopes,G,90,6.3,,0.0,,,38,35.0,92.1,,,,,0,0,,
Nantes vs Paris FC,Nantes,22260,Ibrahima Sissoko,D,82,6.6,,0.0,,,49,41.0,83.7,2.0,,3.0,2.0,0,0,8.0,13.0
Nantes vs Paris FC,Nantes,522609,Tylel Tati,D,90,6.3,,0.0,,,66,62.0,93.9,1.0,2.0,2.0,1.0,1,0,4.0,7.0
Nantes vs Paris FC,Nantes,21570,Nicolas Cozza,D,90,6.3,,0.0,,,38,26.0,68.4,4.0,,1.0,,0,0,6.0,10.0
Nantes vs Paris FC,Nantes,22134,Kelvin Amian,M,90,6.2,,0.0,,,34,30.0,88.2,,,2.0,1.0,0,0,2.0,6.0
Nantes vs Paris FC,Nantes,924,Francis Coquelin,M,65,6.2,,0.0,,,32,29.0,90.6,1.0,,2.0,,0,0,3.0,9.0
Nantes vs Paris FC,Nantes,282549,Junior Mwanga,M,90,7.2,,1.0,,,65,60.0,92.3,,,,1.0,0,0,3.0,6.0
Nantes vs Paris FC,Nantes,2483,Deiver Machado,M,18,6.2,,0.0,,,7,4.0,57.1,,,,,0,0,1.0,3.0
Nantes vs Paris FC,Nantes,161622,Matthis Abline,F,90,8.3,1.0,0.0,2.0,1.0,17,14.0,82.4,2.0,1.0,,1.0,0,0,8.0,11.0
Nantes vs Paris FC,Nantes,42086,Youssef El Arabi,F,65,6.7,,0.0,,,14,7.0,50.0,,1.0,1.0,2.0,0,0,5.0,8.0
Nantes vs Paris FC,Nantes,22093,Rémy Cabella,F,90,6.9,,0.0,,,55,47.0,85.5,2.0,1.0,1.0,2.0,0,0,5.0,10.0
Nantes vs Paris FC,Nantes,193952,Johann Lepenant,M,72,7.2,,0.0,1.0,,38,33.0,86.8,4.0,,2.0,3.0,0,0,8.0,13.0
Nantes vs Paris FC,Nantes,443676,Bahereba Guirassy,F,25,6.2,,0.0,,,5,4.0,80.0,,,1.0,1.0,0,0,1.0,5.0
Nantes vs Paris FC,Nantes,22177,Ignatius Ganago,F,25,6.7,,0.0,,,2,2.0,100.0,,,,,0,0,,
Nantes vs Paris FC,Nantes,428504,Amady Camara,F,8,6.2,,0.0,1.0,,5,4.0,80.0,,,1.0,,0,0,,1.0
Nantes vs Paris FC,Paris FC,1800,Kevin Trapp,G,90,6.3,,0.0,,,33,21.0,63.6,,,,,0,0,,
Nantes vs Paris FC,Paris FC,2202,Hamari Traoré,D,90,7.5,,1.0,,,40,28.0,70.0,3.0,3.0,1.0,,0,0,5.0,7.0
Nantes vs Paris FC,Paris FC,174881,Moustapha Mbow,D,90,6.9,,0.0,,,61,50.0,82.0,3.0,1.0,1.0,1.0,0,0,5.0,9.0
Nantes vs Paris FC,Paris FC,22086,Timothée Kolodziejczak,D,90,6.5,,0.0,1.0,1.0,60,56.0,93.3,1.0,,2.0,,1,0,2.0,7.0
Nantes vs Paris FC,Paris FC,266013,Otávio,D,81,6.6,,0.0,,,47,45.0,95.7,2.0,1.0,,1.0,0,0,3.0,6.0
Nantes vs Paris FC,Paris FC,389322,Nhoa Sangui,D,90,6.3,,0.0,,,37,30.0,81.1,,,,2.0,0,0,3.0,3.0
Nantes vs Paris FC,Paris FC,83831,Ilan Kebbal,M,87,7.9,1.0,0.0,2.0,1.0,60,53.0,88.3,,,1.0,3.0,1,0,6.0,14.0
Nantes vs Paris FC,Paris FC,1910,Maxime López,M,90,6.5,,0.0,,,81,73.0,90.1,,1.0,1.0,1.0,1,0,2.0,8.0
Nantes vs Paris FC,Paris FC,84218,Adama Camara,M,90,6.6,,0.0,,,42,39.0,92.9,1.0,,1.0,3.0,0,0,6.0,12.0
Nantes vs Paris FC,Paris FC,20704,Alimami Gory,M,67,6.7,,0.0,1.0,,16,16.0,100.0,2.0,,1.0,3.0,0,0,6.0,9.0
Nantes vs Paris FC,Paris FC,22842,Jean-Philippe Krasso,F,90,5.9,,0.0,,,14,9.0,64.3,2.0,,4.0,1.0,0,0,3.0,16.0
Nantes vs Paris FC,Paris FC,359603,Luca Koleosho,F,23,8,1.0,0.0,1.0,1.0,5,4.0,80.0,3.0,,1.0,1.0,0,0,6.0,7.0
Nantes vs Paris FC,Paris FC,20925,Vincent Marchetti,M,9,6.5,,0.0,,,2,1.0,50.0,,,1.0,,0,0,,2.0
Nantes vs Paris FC,Paris FC,3080,Marshall Munetsi,M,9,6.7,,0.0,,,3,3.0,100.0,,,,,0,0,,1.0
Rennes vs Le Havre,Rennes,21628,Brice Samba,G,101,6.9,,,,,24,21.0,87.5,,,,,0,0,,
Rennes vs Le Havre,Rennes,196187,Alidu Seidu,D,101,7.2,,,,,43,39.0,90.7,1.0,,3.0,4.0,0,0,9.0,14.0
Rennes vs Le Havre,Rennes,129681,Anthony Rouault,D,101,6.7,,,,,39,30.0,76.9,,,,1.0,0,0,4.0,8.0
Rennes vs Le Havre,Rennes,126757,Lilian Brassier,D,101,6.7,,,,,54,40.0,74.1,1.0,1.0,2.0,1.0,0,0,4.0,8.0
Rennes vs Le Havre,Rennes,21102,Valentin Rongier,M,101,7.9,,,1.0,1.0,63,56.0,88.9,4.0,,3.0,,0,0,10.0,15.0
Rennes vs Le Havre,Rennes,3007,Przemysław Frankowski,M,92,7.5,,,1.0,1.0,45,34.0,75.6,4.0,3.0,1.0,,0,0,4.0,4.0
Rennes vs Le Havre,Rennes,24147,Mahdi Camara,M,101,6.3,,,,,36,28.0,77.8,,,1.0,1.0,0,0,6.0,13.0
Rennes vs Le Havre,Rennes,272460,Quentin Merlin,M,73,7.3,,,1.0,,25,16.0,64.0,1.0,1.0,1.0,2.0,0,0,6.0,8.0
Rennes vs Le Havre,Rennes,15286,Mousa Tamari,M,80,6.6,,,2.0,1.0,19,17.0,89.5,1.0,,1.0,,1,0,1.0,9.0
Rennes vs Le Havre,Rennes,421,Breel Embolo,F,101,7.7,1.0,,1.0,1.0,6,6.0,100.0,,,4.0,2.0,0,0,3.0,12.0
Rennes vs Le Havre,Rennes,163004,Esteban Lepaul,F,73,6.2,,,2.0,2.0,10,7.0,70.0,,,1.0,1.0,0,0,3.0,7.0
Rennes vs Le Havre,Rennes,449662,Mohamed Kader Meite,F,28,6.3,,,3.0,1.0,2,2.0,100.0,,,1.0,,0,0,1.0,4.0
Rennes vs Le Havre,Rennes,21497,Ludovic Blas,F,28,7.2,,1.0,1.0,,12,8.0,66.7,,,,,0,0,1.0,2.0
Rennes vs Le Havre,Rennes,625629,Elias Legendre Quiñonez,F,21,6.5,,,,,10,7.0,70.0,1.0,,,,0,0,2.0,5.0
Rennes vs Le Havre,Rennes,30807,Seko Fofana,M,9,6.6,,,,,4,4.0,100.0,,,,1.0,0,0,1.0,1.0
Rennes vs Le Havre,Le Havre,24012,Lionel M'Pasi,G,101,7.5,,,,,52,30.0,57.7,,,,,1,0,1.0,1.0
Rennes vs Le Havre,Le Havre,174927,Arouna Sangante,D,101,7.2,,,,,40,29.0,72.5,2.0,3.0,1.0,2.0,0,0,5.0,9.0
Rennes vs Le Havre,Le Havre,33165,Ayumu Seko,D,101,7.3,,,1.0,1.0,23,18.0,78.3,2.0,2.0,,2.0,0,0,7.0,8.0
Rennes vs Le Havre,Le Havre,64255,Gautier Lloris,D,42,7.3,,,,,25,20.0,80.0,1.0,1.0,1.0,2.0,0,0,3.0,4.0
Rennes vs Le Havre,Le Havre,2336,Loic Négo,M,101,7.2,,,,,26,19.0,73.1,3.0,3.0,,2.0,0,0,6.0,7.0
Rennes vs Le Havre,Le Havre,364093,Simon Ebonog,M,101,6.5,,,1.0,,24,17.0,70.8,2.0,2.0,2.0,1.0,1,0,3.0,10.0
Rennes vs Le Havre,Le Havre,128342,Rassoul Ndiaye,M,101,7.9,,1.0,,,39,36.0,92.3,5.0,1.0,2.0,2.0,0,0,10.0,18.0
Rennes vs Le Havre,Le Havre,23637,Yanis Zouaoui,M,101,6.5,,,,,30,24.0,80.0,,1.0,,1.0,0,0,1.0,6.0
Rennes vs Le Havre,Le Havre,961,Felix Mambimbi,F,79,6.9,1.0,,1.0,1.0,12,9.0,75.0,2.0,,2.0,,0,0,2.0,9.0
Rennes vs Le Havre,Le Havre,156465,Issa Soumaré,F,24,6.7,,,,,5,3.0,60.0,,,1.0,1.0,0,0,2.0,3.0
Rennes vs Le Havre,Le Havre,584356,Kenny Quetant,F,79,6.3,,,,,13,8.0,61.5,,,1.0,1.0,1,0,1.0,5.0
Rennes vs Le Havre,Le Havre,1945,Mbwana Ally Samatta,F,77,6.5,,,1.0,1.0,23,13.0,56.5,1.0,,3.0,1.0,1,0,6.0,20.0
Rennes vs Le Havre,Le Havre,162067,Timothee Pembele,D,37,7.3,,,,,15,11.0,73.3,,1.0,,,0,0,2.0,2.0
Rennes vs Le Havre,Le Havre,174625,Fodé Doucouré,D,22,6.9,,,,,3,2.0,66.7,3.0,,,,0,0,3.0,4.0
Rennes vs Le Havre,Le Havre,174937,Yassine Kechta,M,22,6.6,,,,,4,4.0,100.0,2.0,,,,0,0,3.0,4.0
Rennes vs Le Havre,Le Havre,2710,Sofiane Boufal,M,22,6.3,,,1.0,1.0,7,6.0,85.7,,,1.0,1.0,0,0,1.0,1.0
Lyon vs Stade Brestois 29,Lyon,61142,Dominik Greif,G,90,6.5,,0.0,,,18,17.0,94.4,,,,,0,0,,
Lyon vs Stade Brestois 29,Lyon,1456,Ainsley Maitland-Niles,D,74,7.6,,0.0,1.0,1.0,49,45.0,91.8,4.0,3.0,3.0,1.0,1,0,5.0,9.0
Lyon vs Stade Brestois 29,Lyon,68,Clinton Mata,D,90,7,,0.0,,,86,81.0,94.2,1.0,1.0,3.0,,0,0,5.0,11.0
Lyon vs Stade Brestois 29,Lyon,193293,Ruben Kluivert,D,90,6.7,,0.0,,,77,72.0,93.5,,1.0,1.0,,0,0,2.0,6.0
Lyon vs Stade Brestois 29,Lyon,529,Nicolás Tagliafico,D,90,7.3,,0.0,,,62,60.0,96.8,1.0,,1.0,2.0,0,0,7.0,10.0
Lyon vs Stade Brestois 29,Lyon,80752,Tanner Tessmann,M,74,7.2,,0.0,2.0,1.0,45,38.0,84.4,,,1.0,1.0,0,0,3.0,8.0
Lyon vs Stade Brestois 29,Lyon,162590,Tyler Morton,M,90,7.7,,0.0,,,103,97.0,94.2,,1.0,,1.0,0,0,2.0,3.0
Lyon vs Stade Brestois 29,Lyon,9700,Abner Vinícius,M,89,7.9,1.0,0.0,1.0,1.0,61,56.0,91.8,4.0,,4.0,,1,0,5.0,13.0
Lyon vs Stade Brestois 29,Lyon,377122,Endrick,F,89,7.9,,1.0,4.0,2.0,42,33.0,78.6,3.0,2.0,2.0,1.0,0,0,12.0,24.0
Lyon vs Stade Brestois 29,Lyon,66387,Pavel Šulc,F,90,7.9,1.0,0.0,1.0,1.0,21,19.0,90.5,3.0,1.0,1.0,,0,0,6.0,13.0
Lyon vs Stade Brestois 29,Lyon,345388,Afonso Moreira,F,89,6.3,,1.0,1.0,,39,32.0,82.1,,1.0,1.0,1.0,0,0,1.0,6.0
Lyon vs Stade Brestois 29,Lyon,24882,Orel Mangala,M,16,6.7,,0.0,1.0,,17,15.0,88.2,3.0,,,1.0,0,0,4.0,5.0
Lyon vs Stade Brestois 29,Lyon,519664,Khalis Merah,M,16,6.6,,0.0,,,22,18.0,81.8,,,1.0,,0,0,3.0,4.0
Lyon vs Stade Brestois 29,Lyon,199871,Adam Karabec,M,8,6.7,,0.0,,,1,1.0,100.0,,,,,0,0,1.0,3.0
Lyon vs Stade Brestois 29,Stade Brestois 29,21248,Grégoire Coudert,G,90,8.6,,0.0,,,33,12.0,36.4,,,,1.0,0,0,1.0,2.0
Lyon vs Stade Brestois 29,Stade Brestois 29,22247,Kenny Lala,D,81,6.5,,0.0,,,15,11.0,73.3,2.0,,1.0,2.0,0,0,4.0,7.0
Lyon vs Stade Brestois 29,Stade Brestois 29,20546,Brendan Chardonnet,D,90,7,,1.0,1.0,,30,20.0,66.7,1.0,2.0,,,0,0,6.0,9.0
Lyon vs Stade Brestois 29,Stade Brestois 29,162568,Soumaila Coulibaly,D,90,6.5,,0.0,,,26,22.0,84.6,1.0,,,,0,0,3.0,3.0
Lyon vs Stade Brestois 29,Stade Brestois 29,274267,Bradley Locko,D,81,6.9,,0.0,,,26,20.0,76.9,9.0,1.0,1.0,4.0,0,0,13.0,22.0
Lyon vs Stade Brestois 29,Stade Brestois 29,128287,Joris Chotard,M,90,7.2,,0.0,1.0,1.0,26,19.0,73.1,3.0,,,,0,0,4.0,6.0
Lyon vs Stade Brestois 29,Stade Brestois 29,20558,Hugo Magnetti,M,90,6.3,,0.0,,,33,30.0,90.9,3.0,1.0,1.0,2.0,0,0,5.0,12.0
Lyon vs Stade Brestois 29,Stade Brestois 29,2214,Romain Del Castillo,M,19,3.5,,0.0,,,5,5.0,100.0,,,1.0,,0,1,,1.0
Lyon vs Stade Brestois 29,Stade Brestois 29,664,Lucas Tousart,M,69,6.3,,0.0,,,13,7.0,53.8,1.0,1.0,1.0,,0,0,4.0,6.0
Lyon vs Stade Brestois 29,Stade Brestois 29,326073,Remy Labeau Lascary,M,57,6.3,,0.0,,,15,12.0,80.0,,1.0,,2.0,0,0,4.0,7.0
Lyon vs Stade Brestois 29,Stade Brestois 29,22264,Ludovic Ajorque,F,69,6.3,,0.0,1.0,,15,9.0,60.0,,1.0,2.0,3.0,0,0,8.0,16.0
Lyon vs Stade Brestois 29,Stade Brestois 29,375990,Pathé Mboup,F,33,6.5,,0.0,,,5,4.0,80.0,,,,2.0,0,0,2.0,9.0
Lyon vs Stade Brestois 29,Stade Brestois 29,302868,Daouda Guindo,D,21,6.6,,0.0,,,12,8.0,66.7,,2.0,1.0,2.0,0,0,2.0,4.0
Lyon vs Stade Brestois 29,Stade Brestois 29,326068,Kamory Doumbia,M,21,6.7,,0.0,,,5,4.0,80.0,1.0,,,,0,0,2.0,8.0
Lyon vs Stade Brestois 29,Stade Brestois 29,422595,Luc Zogbé,D,9,6.7,,0.0,,,1,,,,,,,0,0,1.0,3.0
Lyon vs Stade Brestois 29,Stade Brestois 29,90594,Junior Dina Ebimbe,M,9,7.3,1.0,0.0,2.0,1.0,4,2.0,50.0,,,,,0,0,1.0,3.0
Auxerre vs Paris Saint Germain,Auxerre,20542,Donovan Léon,G,90,8.3,,0.0,,,32,12.0,37.5,,,,,0,0,,
Auxerre vs Paris Saint Germain,Auxerre,193953,Lamine Sy,D,85,7,,0.0,,,24,19.0,79.2,4.0,1.0,1.0,2.0,0,0,7.0,8.0
Auxerre vs Paris Saint Germain,Auxerre,191240,Marvin Senaya,D,90,6.5,,0.0,,,21,14.0,66.7,2.0,,,,0,0,4.0,9.0
Auxerre vs Paris Saint Germain,Auxerre,162466,Sinaly Diomandé,D,85,7.5,,0.0,,,15,13.0,86.7,1.0,1.0,1.0,,0,0,3.0,4.0
Auxerre vs Paris Saint Germain,Auxerre,191189,Clement Akpa,D,90,6.7,,0.0,,,28,23.0,82.1,1.0,4.0,1.0,,0,0,2.0,6.0
Auxerre vs Paris Saint Germain,Auxerre,7578,Gideon Mensah,D,90,7,,0.0,,,35,28.0,80.0,3.0,2.0,1.0,1.0,0,0,5.0,7.0
Auxerre vs Paris Saint Germain,Auxerre,152418,Naouirou Ahamada,M,45,6.3,,0.0,,,10,6.0,60.0,2.0,,1.0,1.0,0,0,3.0,5.0
Auxerre vs Paris Saint Germain,Auxerre,323625,Kévin Danois,M,89,7.2,,0.0,1.0,,32,29.0,90.6,,,,2.0,0,0,5.0,7.0
Auxerre vs Paris Saint Germain,Auxerre,319919,Oussama El Azzouzi,M,90,6.6,,0.0,1.0,,30,26.0,86.7,3.0,1.0,,,0,0,5.0,9.0
Auxerre vs Paris Saint Germain,Auxerre,19625,Danny Namaso,M,89,6.9,,0.0,1.0,,30,28.0,93.3,1.0,,3.0,2.0,0,0,9.0,19.0
Auxerre vs Paris Saint Germain,Auxerre,90617,Lassine Sinayoko,F,90,6.5,,0.0,2.0,,23,15.0,65.2,1.0,,1.0,1.0,0,0,4.0,8.0
Auxerre vs Paris Saint Germain,Auxerre,496896,Rudy Matondo,M,45,6.5,,0.0,,,13,12.0,92.3,,,,1.0,0,0,1.0,2.0
Auxerre vs Paris Saint Germain,Auxerre,21010,Elisha Owusu,M,9,6.7,,0.0,,,4,4.0,100.0,,,1.0,,0,0,,1.0
Auxerre vs Paris Saint Germain,Auxerre,84082,Romain Faivre,M,9,6.7,,0.0,,,4,3.0,75.0,,,,,0,0,,
Auxerre vs Paris Saint Germain,Paris Saint Germain,162453,Lucas Chevalier,G,90,6.7,,0.0,,,32,30.0,93.8,,,,,0,0,,
Auxerre vs Paris Saint Germain,Paris Saint Germain,336657,Warren Zaïre-Emery,D,90,6.3,,0.0,,,79,72.0,91.1,1.0,,1.0,2.0,0,0,4.0,12.0
Auxerre vs Paris Saint Germain,Paris Saint Germain,161671,Ilya Zabarnyi,D,90,7.2,,0.0,,,90,81.0,90.0,1.0,1.0,,,0,0,5.0,6.0
Auxerre vs Paris Saint Germain,Paris Saint Germain,307835,Lucas Beraldo,D,90,7.7,,0.0,,,89,84.0,94.4,2.0,1.0,2.0,,1,0,4.0,9.0
Auxerre vs Paris Saint Germain,Paris Saint Germain,33,Lucas Hernández,D,90,7.3,,0.0,,,97,88.0,90.7,2.0,,,2.0,0,0,4.0,7.0
Auxerre vs Paris Saint Germain,Paris Saint Germain,446249,Ibrahim Mbaye,M,61,6.7,,0.0,1.0,1.0,27,24.0,88.9,1.0,,,,0,0,1.0,3.0
Auxerre vs Paris Saint Germain,Paris Saint Germain,128384,Vitinha,M,90,7.9,,0.0,,,114,104.0,91.2,1.0,4.0,3.0,,0,0,1.0,3.0
Auxerre vs Paris Saint Germain,Paris Saint Germain,409216,Senny Mayulu,M,90,6.7,,0.0,1.0,1.0,34,33.0,97.1,1.0,,1.0,1.0,0,0,3.0,8.0
Auxerre vs Paris Saint Germain,Paris Saint Germain,483,Khvicha Kvaratskhelia,F,90,6.9,,0.0,1.0,1.0,45,37.0,82.2,2.0,1.0,1.0,3.0,0,0,6.0,12.0
Auxerre vs Paris Saint Germain,Paris Saint Germain,41585,Gonçalo Ramos,F,62,6.2,,0.0,2.0,1.0,21,19.0,90.5,1.0,,2.0,,0,0,3.0,10.0
Auxerre vs Paris Saint Germain,Paris Saint Germain,161904,Bradley Barcola,F,90,7.6,1.0,0.0,5.0,3.0,28,23.0,82.1,2.0,1.0,1.0,,0,0,3.0,8.0
Auxerre vs Paris Saint Germain,Paris Saint Germain,343027,Désiré Doué,F,29,6.7,,0.0,,,12,10.0,83.3,,,1.0,1.0,0,0,1.0,3.0
Auxerre vs Paris Saint Germain,Paris Saint Germain,153,Ousmane Dembélé,F,28,6.9,,1.0,1.0,1.0,24,18.0,75.0,1.0,,,,0,0,2.0,4.0
Rennes vs Lorient,Rennes,21628,Brice Samba,G,90,6.5,,0.0,,,14,14.0,100.0,,,,,0,0,,
Rennes vs Lorient,Rennes,196187,Alidu Seidu,D,90,7.2,,0.0,3.0,1.0,72,69.0,95.8,3.0,,4.0,1.0,0,0,8.0,16.0
Rennes vs Lorient,Rennes,367636,Jérémy Jacquet,D,90,7.2,,0.0,,,70,65.0,92.9,,1.0,2.0,1.0,0,0,4.0,6.0
Rennes vs Lorient,Rennes,126757,Lilian Brassier,D,90,6.2,,0.0,2.0,,83,72.0,86.7,1.0,2.0,1.0,,0,0,4.0,6.0
Rennes vs Lorient,Rennes,3007,Przemysław Frankowski,M,59,6.5,,0.0,,,36,29.0,80.6,,,1.0,,0,0,1.0,2.0
Rennes vs Lorient,Rennes,24147,Mahdi Camara,M,76,7.2,,0.0,1.0,,42,40.0,95.2,2.0,2.0,2.0,,0,0,5.0,9.0
Rennes vs Lorient,Rennes,21102,Valentin Rongier,M,90,7.2,,0.0,,,76,68.0,89.5,2.0,,3.0,,1,0,4.0,10.0
Rennes vs Lorient,Rennes,343792,Djaoui Cissé,M,60,6.9,,0.0,1.0,1.0,35,32.0,91.4,,2.0,2.0,1.0,0,0,2.0,5.0
Rennes vs Lorient,Rennes,272460,Quentin Merlin,M,90,6.9,,0.0,1.0,1.0,48,43.0,89.6,1.0,3.0,,1.0,0,0,2.0,3.0
Rennes vs Lorient,Rennes,163004,Esteban Lepaul,F,59,6.6,,0.0,3.0,2.0,9,6.0,66.7,1.0,,1.0,,1,0,2.0,7.0
Rennes vs Lorient,Rennes,421,Breel Embolo,F,81,6.3,,0.0,2.0,,9,5.0,55.6,,,1.0,1.0,0,0,3.0,6.0
Rennes vs Lorient,Rennes,449662,Mohamed Kader Meite,F,31,6.2,,0.0,,,0,,,,,1.0,,0,0,,2.0
Rennes vs Lorient,Rennes,15286,Mousa Tamari,F,31,7,,0.0,1.0,,18,12.0,66.7,,,,1.0,0,0,2.0,5.0
Rennes vs Lorient,Rennes,21497,Ludovic Blas,F,30,6.7,,0.0,,,23,20.0,87.0,1.0,,,,0,0,1.0,3.0
Rennes vs Lorient,Rennes,40403,Sebastian Szymański,M,14,6.3,,0.0,,,9,6.0,66.7,1.0,,,,0,0,1.0,1.0
Rennes vs Lorient,Rennes,625629,Elias Legendre Quiñonez,F,9,6.3,,0.0,1.0,,2,2.0,100.0,1.0,,,,0,0,2.0,2.0
Rennes vs Lorient,Lorient,1142,Yvon Mvogo,G,90,8.7,,0.0,,,36,20.0,55.6,,,,,0,0,1.0,1.0
Rennes vs Lorient,Lorient,193501,Bamo Meïté,D,90,7.5,,0.0,,,20,13.0,65.0,1.0,,,,0,0,4.0,9.0
Rennes vs Lorient,Lorient,50030,Montassar Talbi,D,90,7.5,,1.0,,,19,13.0,68.4,,1.0,,,0,0,2.0,4.0
Rennes vs Lorient,Lorient,1031,Igor Silva,D,74,6.6,,0.0,1.0,,22,15.0,68.2,,1.0,,1.0,0,0,1.0,2.0
Rennes vs Lorient,Lorient,174703,Théo Le Bris,M,90,6.5,,0.0,,,13,10.0,76.9,,1.0,1.0,,0,0,1.0,3.0
Rennes vs Lorient,Lorient,23363,Noah Cadiou,M,90,7.3,,0.0,1.0,1.0,23,17.0,73.9,2.0,,1.0,1.0,0,0,3.0,4.0
Rennes vs Lorient,Lorient,20917,Laurent Abergel,M,90,7.2,,0.0,,,36,31.0,86.1,2.0,2.0,1.0,1.0,0,0,4.0,9.0
Rennes vs Lorient,Lorient,402386,Arsène Kouassi,M,90,7.2,,0.0,,,19,13.0,68.4,,,,5.0,0,0,5.0,10.0
Rennes vs Lorient,Lorient,22171,Jean-Victor Makengo,F,63,7.9,1.0,0.0,1.0,1.0,10,5.0,50.0,1.0,1.0,,4.0,0,0,5.0,6.0
Rennes vs Lorient,Lorient,322865,Karim Dermane,F,63,6.9,,0.0,,,24,15.0,62.5,,1.0,2.0,3.0,0,0,7.0,9.0
Rennes vs Lorient,Lorient,284072,Ahmadou Bamba Dieng,F,74,6.2,,0.0,1.0,1.0,12,8.0,66.7,,,2.0,2.0,0,0,2.0,11.0
Rennes vs Lorient,Lorient,402265,Arthur Avom Ebong,M,27,7.2,,0.0,,,4,1.0,25.0,,,,1.0,0,0,1.0,3.0
Rennes vs Lorient,Lorient,276662,Pablo Pagis,F,27,7.3,1.0,0.0,1.0,1.0,7,5.0,71.4,2.0,1.0,,,0,0,2.0,4.0
Rennes vs Lorient,Lorient,214310,Nathaniel Adjei,D,16,6.9,,0.0,,,5,3.0,60.0,2.0,,,,0,0,2.0,2.0
Rennes vs Lorient,Lorient,144319,Sambou Soumano,F,16,6.3,,0.0,,,9,6.0,66.7,,,,,0,0,2.0,6.0
Le Havre vs Monaco,Le Havre,24012,Lionel M'Pasi,G,90,7.2,,0.0,,,40,31.0,77.5,,,,,0,0,,
Le Havre vs Monaco,Le Havre,2336,Loic Négo,D,90,7.2,,0.0,1.0,,40,28.0,70.0,1.0,,,2.0,0,0,4.0,6.0
Le Havre vs Monaco,Le Havre,174927,Arouna Sangante,D,90,7.9,,0.0,,,35,25.0,71.4,3.0,2.0,3.0,1.0,0,0,7.0,13.0
Le Havre vs Monaco,Le Havre,33165,Ayumu Seko,D,90,7.2,,0.0,,,26,24.0,92.3,2.0,,,,0,0,2.0,3.0
Le Havre vs Monaco,Le Havre,23637,Yanis Zouaoui,D,66,7,,0.0,,,30,22.0,73.3,2.0,,,2.0,0,0,4.0,6.0
Le Havre vs Monaco,Le Havre,364093,Simon Ebonog,M,90,7,,0.0,1.0,,29,23.0,79.3,1.0,,,2.0,0,0,5.0,7.0
Le Havre vs Monaco,Le Havre,179843,Lucas Gourna-Douath,M,90,7.2,,0.0,,,30,25.0,83.3,1.0,3.0,1.0,1.0,0,0,3.0,4.0
Le Havre vs Monaco,Le Havre,128342,Rassoul Ndiaye,M,89,7.2,,0.0,1.0,,42,34.0,81.0,2.0,1.0,,2.0,0,0,5.0,8.0
Le Havre vs Monaco,Le Havre,961,Felix Mambimbi,M,65,6.3,,0.0,,,17,11.0,64.7,1.0,,1.0,1.0,0,0,4.0,10.0
Le Havre vs Monaco,Le Havre,1945,Mbwana Ally Samatta,F,45,6.6,,0.0,1.0,,8,5.0,62.5,,1.0,,4.0,0,0,6.0,9.0
Le Havre vs Monaco,Le Havre,584356,Kenny Quetant,F,65,6.7,,0.0,,,16,11.0,68.8,,1.0,1.0,1.0,0,0,5.0,8.0
Le Havre vs Monaco,Le Havre,156465,Issa Soumaré,F,45,6.9,,0.0,,,14,13.0,92.9,1.0,1.0,1.0,,0,0,4.0,6.0
Le Havre vs Monaco,Le Havre,2710,Sofiane Boufal,M,25,6.3,,0.0,,,9,5.0,55.6,1.0,,,,0,0,1.0,4.0
Le Havre vs Monaco,Le Havre,437529,Noam Obougou Jacquet,F,25,6.9,,0.0,1.0,1.0,4,4.0,100.0,,,2.0,2.0,0,0,5.0,8.0
Le Havre vs Monaco,Le Havre,437349,Enzo Koffi,F,24,6.6,,0.0,,,9,5.0,55.6,1.0,,,,0,0,3.0,5.0
Le Havre vs Monaco,Monaco,7313,Philipp Köhn,G,90,6.9,,0.0,,,17,14.0,82.4,,,,,0,0,,
Le Havre vs Monaco,Monaco,333137,Kassoum Ouattara,D,57,6.9,,0.0,,,27,20.0,74.1,3.0,1.0,4.0,1.0,1,0,5.0,11.0
Le Havre vs Monaco,Monaco,261,Thilo Kehrer,D,90,6.3,,0.0,,,45,40.0,88.9,,2.0,3.0,,1,0,3.0,11.0
Le Havre vs Monaco,Monaco,8694,Wout Faes,D,29,6.6,,0.0,,,8,8.0,100.0,,1.0,1.0,,0,0,1.0,2.0
Le Havre vs Monaco,Monaco,10316,Caio Henrique,D,90,7.3,,0.0,,,52,41.0,78.8,1.0,,2.0,1.0,0,0,2.0,6.0
Le Havre vs Monaco,Monaco,374058,Lamine Camara,M,90,6.9,,0.0,1.0,,51,39.0,76.5,3.0,1.0,4.0,,0,0,5.0,12.0
Le Havre vs Monaco,Monaco,2810,Denis Zakaria,M,90,6.6,,0.0,1.0,,36,30.0,83.3,1.0,5.0,,,0,0,3.0,7.0
Le Havre vs Monaco,Monaco,274300,Maghnes Akliouche,M,90,6.6,,0.0,2.0,,45,41.0,91.1,2.0,,,2.0,0,0,5.0,8.0
Le Havre vs Monaco,Monaco,109,Aleksandr Golovin,M,90,6.7,,0.0,1.0,,34,27.0,79.4,,,3.0,,0,0,,6.0
Le Havre vs Monaco,Monaco,395040,George Ilenikhena,F,57,6.3,,0.0,2.0,,9,6.0,66.7,,,,1.0,0,0,2.0,5.0
Le Havre vs Monaco,Monaco,138835,Folarin Balogun,F,90,6.5,,0.0,2.0,2.0,12,8.0,66.7,,,2.0,2.0,1,0,4.0,10.0
Le Havre vs Monaco,Monaco,175,Eric Dier,D,42,6.6,,0.0,,,18,17.0,94.4,2.0,2.0,1.0,,0,0,3.0,7.0
Le Havre vs Monaco,Monaco,291649,Vanderson,D,33,7.3,,0.0,,,24,21.0,87.5,3.0,,,,0,0,5.0,8.0
Le Havre vs Monaco,Monaco,135775,Ansu Fati,F,33,6.2,,0.0,,,12,11.0,91.7,,,,,0,0,,3.0
Le Havre vs Monaco,Monaco,231,Jordan Teze,D,19,6.9,,0.0,,,12,11.0,91.7,,1.0,,1.0,0,0,1.0,1.0
Marseille vs Lens,Marseille,47296,Gerónimo Rulli,G,90,6.7,,0.0,,,46,45.0,97.8,,,,,0,0,,
Marseille vs Lens,Marseille,6,Leonardo Balerdi,D,90,6.7,,0.0,,,74,65.0,87.8,1.0,2.0,2.0,,0,0,3.0,9.0
Marseille vs Lens,Marseille,21694,Nayef Aguerd,D,74,7.2,,0.0,,,83,80.0,96.4,3.0,1.0,,1.0,0,0,4.0,5.0
Marseille vs Lens,Marseille,6231,Facundo Medina,D,90,6.9,,0.0,,,85,74.0,87.1,2.0,2.0,1.0,1.0,0,0,3.0,5.0
Marseille vs Lens,Marseille,1138,Timothy Weah,M,90,7.3,,1.0,,,35,27.0,77.1,1.0,,,2.0,0,0,5.0,7.0
Marseille vs Lens,Marseille,2735,Pierre-Emile Højbjerg,M,90,6.9,,1.0,1.0,,62,55.0,88.7,,,1.0,4.0,0,0,5.0,10.0
Marseille vs Lens,Marseille,38747,Quinten Timber,M,74,6.9,,0.0,,,41,36.0,87.8,2.0,,1.0,2.0,0,0,5.0,9.0
Marseille vs Lens,Marseille,9363,Igor Paixão,M,90,6.6,,1.0,1.0,,17,14.0,82.4,3.0,3.0,2.0,2.0,0,0,6.0,13.0
Marseille vs Lens,Marseille,313236,Ethan Nwaneri,F,58,8.2,1.0,0.0,2.0,2.0,28,25.0,89.3,,,1.0,1.0,0,0,4.0,7.0
Marseille vs Lens,Marseille,31057,Hamed Junior Traorè,F,74,6.5,,0.0,,,27,25.0,92.6,,,1.0,1.0,0,0,2.0,6.0
Marseille vs Lens,Marseille,85041,Amine Gouiri,F,80,8.6,2.0,0.0,3.0,3.0,15,15.0,100.0,1.0,,3.0,,0,0,2.0,11.0
Marseille vs Lens,Marseille,897,Mason Greenwood,F,32,6.9,,0.0,,,20,16.0,80.0,,,,,0,0,2.0,2.0
Marseille vs Lens,Marseille,2725,Benjamin Pavard,D,16,6.5,,0.0,,,8,8.0,100.0,,,,,0,0,,
Marseille vs Lens,Marseille,19030,Matt O'Riley,M,16,6.3,,0.0,,,7,6.0,85.7,2.0,,2.0,,0,0,2.0,4.0
Marseille vs Lens,Marseille,455245,Darryl Bakola,M,16,6.3,,0.0,,,5,3.0,60.0,,,2.0,1.0,0,0,2.0,6.0
Marseille vs Lens,Marseille,1465,Pierre-Emerick Aubameyang,F,10,6.5,,0.0,,,3,3.0,100.0,,,2.0,,0,0,,2.0
Marseille vs Lens,Lens,347211,Robin Risser,G,90,6.2,,0.0,,,19,16.0,84.2,,,,,0,0,,
Marseille vs Lens,Lens,369500,Ismaelo Ganiou,D,90,6.7,,0.0,,,50,43.0,86.0,1.0,,,2.0,0,0,5.0,6.0
Marseille vs Lens,Lens,22166,Malang Sarr,D,90,7,,0.0,,,69,63.0,91.3,5.0,3.0,,4.0,0,0,9.0,11.0
Marseille vs Lens,Lens,20525,Matthieu Udol,D,90,5.9,,0.0,,,57,51.0,89.5,1.0,,1.0,,0,0,1.0,6.0
Marseille vs Lens,Lens,44594,Saud Abdulhamid,M,90,6.2,,0.0,,,33,31.0,93.9,,,3.0,2.0,0,0,3.0,9.0
Marseille vs Lens,Lens,277306,Mamadou Sangare,M,90,6.9,,1.0,,,64,53.0,82.8,5.0,1.0,2.0,2.0,1,0,7.0,13.0
Marseille vs Lens,Lens,22261,Adrien Thomasson,M,72,6.6,,0.0,1.0,,31,28.0,90.3,4.0,,,,0,0,5.0,7.0
Marseille vs Lens,Lens,21568,Ruben Aguilar,M,78,6.5,,0.0,,,39,34.0,87.2,,2.0,2.0,,0,0,1.0,5.0
Marseille vs Lens,Lens,1922,Florian Thauvin,F,78,6.7,,0.0,,,31,26.0,83.9,,2.0,4.0,2.0,1,0,6.0,13.0
Marseille vs Lens,Lens,21715,Wesley Saïd,F,71,6.3,,0.0,,,30,23.0,76.7,2.0,,3.0,2.0,1,0,5.0,11.0
Marseille vs Lens,Lens,1135,Odsonne Édouard,F,59,6.9,,0.0,1.0,,5,5.0,100.0,2.0,,,1.0,0,0,5.0,7.0
Marseille vs Lens,Lens,277191,Abdallah Sima,F,31,6.9,,0.0,,,9,9.0,100.0,1.0,,,2.0,0,0,3.0,3.0
Marseille vs Lens,Lens,443579,Rayan Fofana,F,19,7.5,1.0,0.0,1.0,1.0,2,1.0,50.0,,,,,0,0,,2.0
Marseille vs Lens,Lens,394950,Andrija Bulatovic,M,18,6.5,,0.0,,,14,11.0,78.6,,,,1.0,0,0,1.0,2.0
Marseille vs Lens,Lens,402066,Anthony Bermont,M,12,6.6,,0.0,1.0,1.0,10,10.0,100.0,,1.0,,,0,0,,1.0
Marseille vs Lens,Lens,20761,Florian Sotoca,F,12,6.3,,0.0,,,8,7.0,87.5,,,1.0,,0,0,,
Nantes vs Nice,Nantes,647,Anthony Lopes,G,90,5.9,,0.0,,,16,12.0,75.0,,,,,0,0,,
Nantes vs Nice,Nantes,22134,Kelvin Amian,D,90,5.9,,0.0,2.0,1.0,32,26.0,81.2,1.0,2.0,1.0,,0,0,1.0,5.0
Nantes vs Nice,Nantes,50026,Chidozie Awaziem,D,90,7.6,,1.0,1.0,,68,59.0,86.8,3.0,1.0,,1.0,0,0,7.0,9.0
Nantes vs Nice,Nantes,522609,Tylel Tati,D,90,6.5,,0.0,,,53,42.0,79.2,2.0,1.0,,2.0,0,0,7.0,9.0
Nantes vs Nice,Nantes,21570,Nicolas Cozza,D,90,5.7,,0.0,,,25,15.0,60.0,1.0,1.0,1.0,1.0,0,0,2.0,7.0
Nantes vs Nice,Nantes,22093,Rémy Cabella,M,90,7.7,,0.0,1.0,1.0,64,48.0,75.0,6.0,1.0,,2.0,0,0,9.0,14.0
Nantes vs Nice,Nantes,22260,Ibrahima Sissoko,M,81,6.9,,0.0,1.0,,48,34.0,70.8,3.0,,2.0,1.0,0,0,11.0,14.0
Nantes vs Nice,Nantes,282549,Junior Mwanga,M,90,6.6,,0.0,2.0,1.0,48,38.0,79.2,1.0,1.0,2.0,,0,0,5.0,12.0
Nantes vs Nice,Nantes,193952,Johann Lepenant,F,90,7.5,,0.0,1.0,,48,37.0,77.1,5.0,1.0,2.0,2.0,1,0,7.0,15.0
Nantes vs Nice,Nantes,2668,Mostafa Mohamed,F,90,6.9,1.0,0.0,6.0,2.0,23,15.0,65.2,,,2.0,2.0,0,0,9.0,19.0
Nantes vs Nice,Nantes,161622,Matthis Abline,F,87,5.7,,0.0,,,15,8.0,53.3,,,1.0,1.0,1,0,4.0,16.0
Nantes vs Nice,Nantes,443755,Bahmed Deuff,M,9,6.3,,0.0,1.0,,3,1.0,33.3,,,,1.0,0,0,2.0,2.0
Nantes vs Nice,Nantes,42086,Youssef El Arabi,F,8,6.5,,0.0,1.0,,4,2.0,50.0,,,,,0,0,,1.0
Nantes vs Nice,Nice,21079,Maxime Dupé,G,90,7.3,,0.0,,,30,16.0,53.3,,,,1.0,0,0,1.0,1.0
Nantes vs Nice,Nice,25008,Jonathan Clauss,D,90,8.5,,1.0,,,49,38.0,77.6,5.0,4.0,,1.0,0,0,11.0,15.0
Nantes vs Nice,Nice,449509,Abdulay Juma Bah,D,90,7.3,,0.0,,,48,42.0,87.5,4.0,3.0,2.0,,0,0,6.0,11.0
Nantes vs Nice,Nice,404172,Kojo Peprah Oppong,D,90,7.7,,0.0,,,32,29.0,90.6,2.0,1.0,,2.0,0,0,7.0,8.0
Nantes vs Nice,Nice,49583,Ali Abdi,D,90,5.9,,0.0,,,40,22.0,55.0,3.0,2.0,4.0,,1,0,7.0,19.0
Nantes vs Nice,Nice,8680,Charles Vanhoutte,M,81,6.9,,0.0,,,29,22.0,75.9,3.0,1.0,2.0,,1,0,6.0,14.0
Nantes vs Nice,Nice,128987,Salis Abdul Samed,M,90,6.5,,0.0,,,30,25.0,83.3,4.0,2.0,2.0,,0,0,5.0,13.0
Nantes vs Nice,Nice,274312,Mohamed-Ali Cho,M,89,8.9,2.0,0.0,3.0,2.0,22,12.0,54.5,1.0,,,2.0,0,0,6.0,11.0
Nantes vs Nice,Nice,1914,Morgan Sanson,M,89,6.9,,1.0,,,24,17.0,70.8,1.0,1.0,1.0,1.0,1,0,4.0,9.0
Nantes vs Nice,Nice,107,Sofiane Diop,M,70,7.3,1.0,0.0,2.0,1.0,29,21.0,72.4,,3.0,,2.0,0,0,3.0,8.0
Nantes vs Nice,Nice,162707,Elye Wahi,F,70,6,,0.0,1.0,,7,4.0,57.1,1.0,,4.0,,0,0,2.0,11.0
Nantes vs Nice,Nice,193617,Tom Louchet,M,20,7.6,1.0,0.0,1.0,1.0,9,8.0,88.9,,1.0,,,0,0,,
Nantes vs Nice,Nice,158065,Tiago Gouveia,F,20,6.3,,0.0,,,11,6.0,54.5,,,,,0,0,,
Nantes vs Nice,Nice,22163,Dante,D,9,6.7,,0.0,,,3,2.0,66.7,,,,,0,0,,
Stade Brestois 29 vs Toulouse,Stade Brestois 29,21248,Grégoire Coudert,G,90,6.5,,0.0,,,34,22.0,64.7,,,,1.0,0,0,1.0,1.0
Stade Brestois 29 vs Toulouse,Stade Brestois 29,22247,Kenny Lala,D,90,6.9,,0.0,2.0,,51,36.0,70.6,2.0,,1.0,2.0,0,0,7.0,9.0
Stade Brestois 29 vs Toulouse,Stade Brestois 29,20546,Brendan Chardonnet,D,90,7.2,,0.0,,,50,45.0,90.0,2.0,2.0,,3.0,0,0,10.0,11.0
Stade Brestois 29 vs Toulouse,Stade Brestois 29,162568,Soumaila Coulibaly,D,90,6.3,,0.0,,,65,59.0,90.8,1.0,2.0,4.0,,0,0,2.0,9.0
Stade Brestois 29 vs Toulouse,Stade Brestois 29,302868,Daouda Guindo,D,90,6.2,,0.0,1.0,,57,47.0,82.5,2.0,2.0,2.0,1.0,1,0,5.0,8.0
Stade Brestois 29 vs Toulouse,Stade Brestois 29,128287,Joris Chotard,M,90,6.9,,0.0,1.0,1.0,61,48.0,78.7,1.0,1.0,,1.0,0,0,3.0,4.0
Stade Brestois 29 vs Toulouse,Stade Brestois 29,20558,Hugo Magnetti,M,73,6.6,,0.0,,,47,38.0,80.9,3.0,1.0,1.0,3.0,0,0,6.0,7.0
Stade Brestois 29 vs Toulouse,Stade Brestois 29,664,Lucas Tousart,M,45,6.3,,0.0,1.0,,8,6.0,75.0,1.0,1.0,1.0,,0,0,4.0,6.0
Stade Brestois 29 vs Toulouse,Stade Brestois 29,326068,Kamory Doumbia,M,90,6.6,,0.0,1.0,1.0,51,42.0,82.4,3.0,,2.0,1.0,0,0,4.0,10.0
Stade Brestois 29 vs Toulouse,Stade Brestois 29,22264,Ludovic Ajorque,F,90,5.9,,0.0,1.0,1.0,19,11.0,57.9,,,3.0,2.0,1,0,4.0,12.0
Stade Brestois 29 vs Toulouse,Stade Brestois 29,326073,Remy Labeau Lascary,F,83,6.3,,0.0,1.0,1.0,17,13.0,76.5,,,1.0,1.0,0,0,3.0,8.0
Stade Brestois 29 vs Toulouse,Stade Brestois 29,375990,Pathé Mboup,F,45,6.3,,0.0,1.0,1.0,18,16.0,88.9,,,1.0,,0,0,2.0,10.0
Stade Brestois 29 vs Toulouse,Stade Brestois 29,90594,Junior Dina Ebimbe,M,17,6.5,,0.0,1.0,,3,2.0,66.7,,,,,0,0,,1.0
Stade Brestois 29 vs Toulouse,Stade Brestois 29,449153,Hamidou Makalou,M,12,6.3,,0.0,,,17,14.0,82.4,,,,,0,0,,
Stade Brestois 29 vs Toulouse,Toulouse,325346,Guillaume Restes,G,90,7.9,,0.0,,,23,11.0,47.8,,,,,0,0,1.0,1.0
Stade Brestois 29 vs Toulouse,Toulouse,50735,Mark McKenzie,D,90,7.6,,1.0,,,45,40.0,88.9,2.0,1.0,2.0,,1,0,5.0,6.0
Stade Brestois 29 vs Toulouse,Toulouse,278392,Charlie Cresswell,D,90,7.7,,0.0,1.0,1.0,35,26.0,74.3,1.0,,1.0,,1,0,6.0,9.0
Stade Brestois 29 vs Toulouse,Toulouse,15793,Rasmus Nicolaisen,D,90,7.2,,0.0,1.0,1.0,43,40.0,93.0,,3.0,2.0,1.0,0,0,5.0,9.0
Stade Brestois 29 vs Toulouse,Toulouse,334952,Rafik Messali,M,90,6.6,,0.0,,,37,25.0,67.6,2.0,3.0,1.0,2.0,0,0,5.0,10.0
Stade Brestois 29 vs Toulouse,Toulouse,50956,Cristian Cásseres Jr.,M,90,7.2,,0.0,1.0,,64,58.0,90.6,1.0,4.0,1.0,2.0,0,0,5.0,8.0
Stade Brestois 29 vs Toulouse,Toulouse,339417,Pape Diop,M,89,8.3,1.0,1.0,2.0,1.0,45,40.0,88.9,,,,4.0,0,0,5.0,11.0
Stade Brestois 29 vs Toulouse,Toulouse,102,Djibril Sidibé,M,90,6.3,,0.0,,,37,33.0,89.2,2.0,,1.0,,0,0,2.0,7.0
Stade Brestois 29 vs Toulouse,Toulouse,39115,Aron Dønnum,F,90,6.9,,0.0,1.0,1.0,42,33.0,78.6,3.0,,,1.0,0,0,4.0,10.0
Stade Brestois 29 vs Toulouse,Toulouse,84128,Yann Gboho,F,90,7.2,1.0,0.0,1.0,1.0,31,25.0,80.6,,,2.0,2.0,1,0,2.0,8.0
Stade Brestois 29 vs Toulouse,Toulouse,362741,Santiago Hidalgo,F,80,6.2,,0.0,,,17,8.0,47.1,,,6.0,3.0,0,0,5.0,16.0
Stade Brestois 29 vs Toulouse,Toulouse,457025,Julian Vignolo,F,10,6.2,,0.0,,,2,1.0,50.0,,,,,0,0,,1.0
Metz vs Lyon,Metz,158532,Jonathan Fischer,G,90,6,,0.0,,,31,26.0,83.9,,,,,0,0,,
Metz vs Lyon,Metz,96331,Koffi Kouao,D,90,7.7,1.0,1.0,2.0,2.0,43,38.0,88.4,,2.0,1.0,2.0,1,0,4.0,7.0
Metz vs Lyon,Metz,3240,Jean-Philippe Gbamin,D,90,5.3,,0.0,,,79,70.0,88.6,1.0,1.0,1.0,,0,0,3.0,6.0
Metz vs Lyon,Metz,363792,Terry Yegbe,D,62,6,,0.0,,,35,31.0,88.6,,,1.0,1.0,0,0,1.0,3.0
Metz vs Lyon,Metz,19518,Maxime Colin,D,78,5.3,,0.0,,,46,42.0,91.3,,2.0,1.0,,0,0,1.0,4.0
Metz vs Lyon,Metz,21640,Jessy Deminguet,M,62,6.7,,0.0,,,36,33.0,91.7,1.0,,,1.0,0,0,2.0,2.0
Metz vs Lyon,Metz,434352,Alpha Touré,M,62,6.2,,0.0,,,26,19.0,73.1,,,,,0,0,1.0,1.0
Metz vs Lyon,Metz,157912,Boubacar Traoré,M,90,7,,0.0,2.0,,39,35.0,89.7,2.0,,,,0,0,8.0,15.0
Metz vs Lyon,Metz,20529,Gauthier Hein,F,88,6.3,,0.0,,,39,35.0,89.7,1.0,1.0,,,0,0,1.0,3.0
Metz vs Lyon,Metz,20535,Habib Diallo,F,90,7.3,1.0,0.0,2.0,2.0,7,4.0,57.1,,1.0,1.0,1.0,0,0,3.0,6.0
Metz vs Lyon,Metz,2181,Georgiy Tsitaishvili,F,90,6.2,,0.0,1.0,1.0,25,17.0,68.0,,,1.0,,0,0,1.0,6.0
Metz vs Lyon,Metz,378353,Urie-Michel Mboula,D,28,6.7,,0.0,,,17,15.0,88.2,2.0,,1.0,,0,0,3.0,5.0
Metz vs Lyon,Metz,570580,Believe Munongo,M,28,6.7,,0.0,,,18,17.0,94.4,,,1.0,,0,0,2.0,3.0
Metz vs Lyon,Metz,407,Benjamin Stambouli,M,28,6.3,,0.0,1.0,1.0,21,14.0,66.7,,,1.0,,0,0,,1.0
Metz vs Lyon,Metz,68177,Giorgi Abuashvili,F,12,6.3,,0.0,,,6,6.0,100.0,,1.0,1.0,,0,0,1.0,2.0
Metz vs Lyon,Metz,408870,Ibou Sane,F,8,6.3,,0.0,,,2,2.0,100.0,,,,,0,0,,
Metz vs Lyon,Lyon,61142,Dominik Greif,G,90,6.7,,0.0,,,31,24.0,77.4,,,,,0,0,,
Metz vs Lyon,Lyon,68,Clinton Mata,D,90,7,,0.0,,,45,38.0,84.4,1.0,,1.0,,0,0,2.0,6.0
Metz vs Lyon,Lyon,193293,Ruben Kluivert,D,90,6.7,1.0,0.0,1.0,1.0,53,41.0,77.4,,1.0,,,0,0,2.0,3.0
Metz vs Lyon,Lyon,30423,Hans Hateboer,D,90,6.2,,0.0,,,28,22.0,78.6,1.0,3.0,,,0,0,1.0,1.0
Metz vs Lyon,Lyon,1456,Ainsley Maitland-Niles,M,90,6.2,,0.0,1.0,,38,32.0,84.2,1.0,1.0,,,0,0,1.0,4.0
Metz vs Lyon,Lyon,80752,Tanner Tessmann,M,90,7,,0.0,,,34,25.0,73.5,1.0,1.0,,1.0,0,0,6.0,7.0
Metz vs Lyon,Lyon,162590,Tyler Morton,M,90,8.7,1.0,1.0,2.0,2.0,50,45.0,90.0,1.0,,,1.0,0,0,4.0,9.0
Metz vs Lyon,Lyon,345388,Afonso Moreira,M,89,6.5,,0.0,,,31,24.0,77.4,1.0,,,4.0,0,0,5.0,9.0
Metz vs Lyon,Lyon,519,Corentin Tolisso,F,45,6.3,,1.0,,,17,14.0,82.4,,,2.0,,0,0,,7.0
Metz vs Lyon,Lyon,377122,Endrick,F,89,10,3.0,0.0,6.0,6.0,26,20.0,76.9,,1.0,1.0,3.0,0,0,6.0,7.0
Metz vs Lyon,Lyon,519664,Khalis Merah,F,74,7.2,,1.0,1.0,1.0,24,20.0,83.3,2.0,1.0,,,0,0,2.0,4.0
Metz vs Lyon,Lyon,25916,Moussa Niakhaté,D,45,6.9,,0.0,,,46,42.0,91.3,2.0,,1.0,1.0,0,0,4.0,5.0
Metz vs Lyon,Lyon,438692,Mathys de Carvalho,M,16,6.5,,0.0,,,9,8.0,88.9,,,,,0,0,,2.0
Paris FC vs Angers,Paris FC,1800,Kevin Trapp,G,90,7.2,,0.0,,,33,33.0,100.0,,,,,0,0,,
Paris FC vs Angers,Paris FC,2202,Hamari Traoré,D,90,6.3,,0.0,,,49,39.0,79.6,1.0,2.0,3.0,,0,0,2.0,4.0
Paris FC vs Angers,Paris FC,174881,Moustapha Mbow,D,90,7.3,,0.0,,,94,85.0,90.4,1.0,3.0,1.0,,0,0,3.0,5.0
Paris FC vs Angers,Paris FC,22086,Timothée Kolodziejczak,D,90,7.3,,0.0,,,97,88.0,90.7,2.0,,1.0,,1,0,2.0,5.0
Paris FC vs Angers,Paris FC,266013,Otávio,D,90,7.6,,0.0,1.0,,94,83.0,88.3,3.0,4.0,,1.0,0,0,5.0,7.0
Paris FC vs Angers,Paris FC,389322,Nhoa Sangui,D,90,6.3,,0.0,,,49,45.0,91.8,1.0,,2.0,,0,0,1.0,7.0
Paris FC vs Angers,Paris FC,83831,Ilan Kebbal,M,74,6.6,,0.0,1.0,,46,34.0,73.9,3.0,,3.0,2.0,0,0,6.0,13.0
Paris FC vs Angers,Paris FC,20925,Vincent Marchetti,M,60,6.6,,0.0,,,29,22.0,75.9,1.0,,1.0,,0,0,2.0,4.0
Paris FC vs Angers,Paris FC,84218,Adama Camara,M,87,7.5,,0.0,1.0,1.0,49,46.0,93.9,1.0,1.0,1.0,1.0,0,0,3.0,4.0
Paris FC vs Angers,Paris FC,20704,Alimami Gory,M,60,6.7,,0.0,,,11,9.0,81.8,2.0,,,,0,0,3.0,5.0
Paris FC vs Angers,Paris FC,22842,Jean-Philippe Krasso,F,60,6.6,,0.0,1.0,,12,9.0,75.0,1.0,,,,0,0,3.0,5.0
Paris FC vs Angers,Paris FC,1910,Maxime López,M,30,7.5,,0.0,,,33,32.0,97.0,1.0,,1.0,,0,0,1.0,3.0
Paris FC vs Angers,Paris FC,359603,Luca Koleosho,F,30,6.3,,0.0,1.0,,13,9.0,69.2,1.0,,,,0,0,2.0,3.0
Paris FC vs Angers,Paris FC,120,Willem Geubbels,F,30,6.7,,0.0,1.0,,3,3.0,100.0,,,,,0,0,,2.0
Paris FC vs Angers,Paris FC,22229,Jonathan Ikoné,F,16,6.6,,0.0,,,5,4.0,80.0,1.0,,1.0,1.0,0,0,2.0,2.0
Paris FC vs Angers,Paris FC,3080,Marshall Munetsi,M,12,6.7,,0.0,,,7,4.0,57.1,,,,,0,0,1.0,2.0
Paris FC vs Angers,Angers,22220,Hervé Koffi,G,90,6.6,,0.0,,,26,13.0,50.0,,,,,0,0,,
Paris FC vs Angers,Angers,20850,Carlens Arcus,D,90,7.2,,0.0,1.0,,45,38.0,84.4,1.0,2.0,,1.0,0,0,4.0,5.0
Paris FC vs Angers,Angers,271540,Ousmane Camara,D,90,7,,0.0,,,51,43.0,84.3,1.0,1.0,,,0,0,1.0,2.0
Paris FC vs Angers,Angers,21381,Jordan Lefort,D,90,7.2,,0.0,,,45,38.0,84.4,,2.0,,,0,0,,
Paris FC vs Angers,Angers,343609,Jacques Ekomié,D,87,6.9,,0.0,,,17,13.0,76.5,2.0,,2.0,2.0,0,0,6.0,11.0
Paris FC vs Angers,Angers,174708,Yassin Belkhdim,M,87,6.5,,0.0,1.0,1.0,24,20.0,83.3,1.0,1.0,1.0,,0,0,1.0,5.0
Paris FC vs Angers,Angers,20554,Haris Belkebla,M,90,6.9,,0.0,,,48,39.0,81.2,1.0,2.0,1.0,1.0,1,0,3.0,6.0
Paris FC vs Angers,Angers,579375,Djibirin Harouna,M,61,6.6,,0.0,,,11,5.0,45.5,4.0,,,1.0,0,0,5.0,9.0
Paris FC vs Angers,Angers,289555,Louis Mouton,M,90,6.7,,0.0,,,30,20.0,66.7,2.0,2.0,1.0,1.0,0,0,4.0,7.0
Paris FC vs Angers,Angers,191289,Amine Sbai,M,61,6.7,,0.0,1.0,,9,7.0,77.8,,,,2.0,0,0,2.0,6.0
Paris FC vs Angers,Angers,421875,Sidiki Cherif,F,60,6.5,,0.0,,,10,8.0,80.0,1.0,1.0,1.0,,0,0,1.0,6.0
Paris FC vs Angers,Angers,457541,Prosper Peter,F,30,6.3,,0.0,,,6,4.0,66.7,1.0,,1.0,,0,0,5.0,8.0
Paris FC vs Angers,Angers,21618,Jim Allevinah,F,29,6.7,,0.0,2.0,,12,11.0,91.7,,,,,0,0,1.0,2.0
Paris FC vs Angers,Angers,37652,Branco van den Boomen,M,29,7.2,,0.0,,,21,21.0,100.0,,,,1.0,0,0,1.0,1.0
Paris FC vs Angers,Angers,41146,Florent Hanin,D,12,6.6,,0.0,,,6,4.0,66.7,1.0,,,,0,0,1.0,2.0
Paris FC vs Angers,Angers,174660,Lilian Raolisoa,D,12,6.7,,0.0,,,4,3.0,75.0,,1.0,,,0,0,,1.0
Lille vs Strasbourg,Lille,1337,Berke Özer,G,90,5.5,,0.0,,,32,21.0,65.6,,,,,0,0,,
Lille vs Strasbourg,Lille,379329,Tiago Santos,D,69,6.2,,0.0,,,19,13.0,68.4,1.0,,1.0,2.0,0,0,3.0,5.0
Lille vs Strasbourg,Lille,312964,Nathan Ngoy,D,90,6.2,,0.0,1.0,,64,57.0,89.1,1.0,3.0,,,0,0,2.0,2.0
Lille vs Strasbourg,Lille,375,Chancel Mbemba,D,90,5.9,,0.0,1.0,1.0,48,46.0,95.8,,2.0,2.0,,0,0,1.0,4.0
Lille vs Strasbourg,Lille,1567,Aïssa Mandi,D,69,6.2,,0.0,,,41,39.0,95.1,1.0,1.0,1.0,,0,0,3.0,6.0
Lille vs Strasbourg,Lille,20600,Romain Perraud,D,69,5.6,,0.0,1.0,,24,18.0,75.0,,1.0,1.0,2.0,1,0,2.0,8.0
Lille vs Strasbourg,Lille,386287,Ethan Mbappé,M,87,6.6,,0.0,3.0,,26,22.0,84.6,1.0,,1.0,1.0,0,0,5.0,15.0
Lille vs Strasbourg,Lille,375598,Ngal'ayel Mukau,M,90,6.2,,0.0,1.0,,27,25.0,92.6,1.0,,,2.0,0,0,3.0,6.0
Lille vs Strasbourg,Lille,438688,Ayyoub Bouaddi,M,90,6.7,,0.0,1.0,1.0,45,38.0,84.4,4.0,3.0,,,1,0,6.0,10.0
Lille vs Strasbourg,Lille,340077,Matías Fernández,M,90,7.2,1.0,0.0,2.0,2.0,29,24.0,82.8,,,1.0,1.0,0,0,2.0,12.0
Lille vs Strasbourg,Lille,2295,Olivier Giroud,F,80,6.2,,0.0,4.0,1.0,10,8.0,80.0,,,2.0,2.0,0,0,5.0,10.0
Lille vs Strasbourg,Lille,37151,Calvin Verdonk,D,21,6.6,,0.0,,,19,16.0,84.2,2.0,1.0,1.0,,0,0,2.0,3.0
Lille vs Strasbourg,Lille,264,Thomas Meunier,D,21,6.3,,0.0,,,14,11.0,78.6,,,,,0,0,,
Lille vs Strasbourg,Lille,487381,Soriba Diaoune,F,21,6.5,,0.0,3.0,1.0,7,5.0,71.4,1.0,,1.0,1.0,0,0,2.0,5.0
Lille vs Strasbourg,Lille,135749,Félix Correia,F,10,6.9,,0.0,,,7,6.0,85.7,,,,1.0,0,0,1.0,1.0
Lille vs Strasbourg,Lille,318416,Marius Sivertsen Broholm,F,8,6.6,,1.0,,,2,1.0,50.0,,,,,0,0,,
Lille vs Strasbourg,Strasbourg,340151,Mike Penders,G,90,8,,0.0,,,56,45.0,80.4,,,,,0,0,,
Lille vs Strasbourg,Strasbourg,161747,Guéla Doué,D,76,7.3,,1.0,,,36,29.0,80.6,2.0,1.0,3.0,,1,0,8.0,13.0
Lille vs Strasbourg,Strasbourg,276184,Mamadou Sarr,D,90,6.6,,0.0,,,75,71.0,94.7,,1.0,1.0,1.0,0,0,2.0,5.0
Lille vs Strasbourg,Strasbourg,271542,Ismael Doukouré,D,90,6.9,,0.0,,,50,50.0,100.0,2.0,,1.0,1.0,0,0,4.0,7.0
Lille vs Strasbourg,Strasbourg,2933,Ben Chilwell,D,90,7,,0.0,,,40,38.0,95.0,3.0,1.0,2.0,,0,0,4.0,7.0
Lille vs Strasbourg,Strasbourg,319572,Valentín Barco,M,90,7.7,,0.0,,,58,56.0,96.6,3.0,,,1.0,0,0,4.0,6.0
Lille vs Strasbourg,Strasbourg,415431,Samir El Mourabet,M,61,6.6,,0.0,,,33,28.0,84.8,2.0,,2.0,,1,0,3.0,7.0
Lille vs Strasbourg,Strasbourg,335056,Diego Moreira,M,76,6.9,,1.0,2.0,1.0,28,23.0,82.1,1.0,,1.0,2.0,0,0,5.0,10.0
Lille vs Strasbourg,Strasbourg,70747,Julio Enciso,M,76,9.2,1.0,1.0,5.0,2.0,16,10.0,62.5,1.0,,1.0,,0,0,4.0,6.0
Lille vs Strasbourg,Strasbourg,359386,Martial Godo,M,90,8.5,2.0,0.0,2.0,2.0,18,15.0,83.3,,,1.0,2.0,0,0,3.0,7.0
Lille vs Strasbourg,Strasbourg,390742,Joaquin Panichelli,F,87,8.2,1.0,1.0,2.0,1.0,24,16.0,66.7,4.0,,,2.0,0,0,11.0,15.0
Lille vs Strasbourg,Strasbourg,358166,Abdoul Ouattara,M,29,6.3,,0.0,1.0,,20,16.0,80.0,,1.0,,,0,0,,
Lille vs Strasbourg,Strasbourg,226803,Sebastian Nanasi,M,14,6.5,,0.0,,,5,4.0,80.0,,,,,0,0,,
Lille vs Strasbourg,Strasbourg,334035,Samuel Amo-Ameyaw,F,14,6,,0.0,,,4,3.0,75.0,,,1.0,1.0,0,0,1.0,3.0
Lille vs Strasbourg,Strasbourg,345416,Rafael Luis,M,14,6.3,,0.0,,,16,15.0,93.8,1.0,,,,0,0,1.0,1.0
Lille vs Strasbourg,Strasbourg,369544,Gessime Yassine,F,8,6.3,,0.0,,,2,2.0,100.0,,,,,0,0,,
Lens vs Le Havre,Lens,347211,Robin Risser,G,90,7.9,,0.0,,,27,23.0,85.2,,,,,0,0,,
Lens vs Le Havre,Lens,441264,Kyllian Antonio,D,90,7.3,,0.0,1.0,,45,39.0,86.7,3.0,4.0,1.0,2.0,1,0,7.0,12.0
Lens vs Le Havre,Lens,369500,Ismaelo Ganiou,D,90,6.9,,0.0,,,31,26.0,83.9,1.0,,3.0,1.0,0,0,3.0,9.0
Lens vs Le Havre,Lens,22166,Malang Sarr,D,90,7.3,,0.0,1.0,1.0,53,45.0,84.9,1.0,5.0,,,0,0,6.0,8.0
Lens vs Le Havre,Lens,21568,Ruben Aguilar,M,90,7.9,1.0,0.0,1.0,1.0,56,47.0,83.9,3.0,,2.0,1.0,0,0,6.0,14.0
Lens vs Le Havre,Lens,277306,Mamadou Sangare,M,90,7.2,,0.0,2.0,,77,67.0,87.0,5.0,3.0,4.0,,0,0,11.0,19.0
Lens vs Le Havre,Lens,22261,Adrien Thomasson,M,90,7.5,,0.0,1.0,,48,41.0,85.4,3.0,1.0,3.0,,0,0,5.0,14.0
Lens vs Le Havre,Lens,20525,Matthieu Udol,M,90,7.6,,1.0,1.0,,29,20.0,69.0,2.0,3.0,,1.0,0,0,5.0,5.0
Lens vs Le Havre,Lens,1922,Florian Thauvin,F,89,8,,0.0,2.0,1.0,50,43.0,86.0,1.0,,2.0,2.0,0,0,8.0,15.0
Lens vs Le Havre,Lens,21715,Wesley Saïd,F,89,6.9,,0.0,2.0,,33,27.0,81.8,1.0,1.0,4.0,,0,0,4.0,9.0
Lens vs Le Havre,Lens,1135,Odsonne Édouard,F,74,6.5,,0.0,1.0,,7,6.0,85.7,2.0,,,1.0,0,0,3.0,6.0
Lens vs Le Havre,Lens,443579,Rayan Fofana,F,16,6.9,,0.0,,,4,4.0,100.0,1.0,,,1.0,0,0,5.0,8.0
Lens vs Le Havre,Lens,277191,Abdallah Sima,F,8,6.5,,0.0,,,5,5.0,100.0,,,,,0,0,,2.0
Lens vs Le Havre,Lens,20761,Florian Sotoca,F,8,6.5,,0.0,,,8,6.0,75.0,,,1.0,,0,0,,1.0
Lens vs Le Havre,Le Havre,24012,Lionel M'Pasi,G,90,7.3,,0.0,,,38,32.0,84.2,,,,1.0,0,0,1.0,1.0
Lens vs Le Havre,Le Havre,513415,Stephan Zagadou,D,89,6.3,,0.0,,,48,37.0,77.1,,1.0,1.0,,0,0,2.0,5.0
Lens vs Le Havre,Le Havre,33165,Ayumu Seko,D,90,6.9,,0.0,1.0,,48,44.0,91.7,2.0,1.0,1.0,1.0,0,0,3.0,4.0
Lens vs Le Havre,Le Havre,174927,Arouna Sangante,D,59,6.9,,0.0,1.0,1.0,22,18.0,81.8,2.0,,1.0,1.0,0,0,3.0,6.0
Lens vs Le Havre,Le Havre,2336,Loic Négo,M,78,6.2,,0.0,,,22,14.0,63.6,,3.0,,,0,0,,4.0
Lens vs Le Havre,Le Havre,179843,Lucas Gourna-Douath,M,90,7,,0.0,2.0,,49,41.0,83.7,1.0,1.0,1.0,2.0,1,0,7.0,15.0
Lens vs Le Havre,Le Havre,364093,Simon Ebonog,M,89,7,,0.0,,,26,20.0,76.9,1.0,2.0,,3.0,0,0,8.0,13.0
Lens vs Le Havre,Le Havre,23637,Yanis Zouaoui,M,70,6.5,,0.0,,,20,12.0,60.0,2.0,2.0,,1.0,0,0,3.0,8.0
Lens vs Le Havre,Le Havre,128342,Rassoul Ndiaye,F,90,6.6,,0.0,,,37,34.0,91.9,1.0,1.0,1.0,1.0,0,0,3.0,10.0
Lens vs Le Havre,Le Havre,156465,Issa Soumaré,F,90,6.9,,0.0,2.0,1.0,23,12.0,52.2,,,1.0,3.0,0,0,10.0,17.0
Lens vs Le Havre,Le Havre,2710,Sofiane Boufal,F,69,6.2,,0.0,,,25,18.0,72.0,1.0,,3.0,3.0,1,0,5.0,14.0
Lens vs Le Havre,Le Havre,460805,Daren Nbenbege Mosengo,M,31,6.9,,0.0,,,25,22.0,88.0,1.0,1.0,,1.0,0,0,3.0,7.0
Lens vs Le Havre,Le Havre,437529,Noam Obougou Jacquet,F,21,6.3,,0.0,,,4,,,,,,,0,0,2.0,5.0
Lens vs Le Havre,Le Havre,162067,Timothee Pembele,D,20,6.9,,0.0,,,6,5.0,83.3,1.0,,,1.0,0,0,3.0,4.0
Lens vs Le Havre,Le Havre,174625,Fodé Doucouré,D,12,6.6,,0.0,1.0,,13,7.0,53.8,2.0,,,,0,0,2.0,3.0
Lens vs Le Havre,Le Havre,584356,Kenny Quetant,F,10,6.7,,0.0,,,1,,,,,,,0,0,1.0,1.0
Lens vs Le Havre,Le Havre,961,Felix Mambimbi,F,9,6.6,,0.0,,,3,3.0,100.0,2.0,,1.0,1.0,0,0,3.0,5.0
Paris FC vs Marseille,Paris FC,1800,Kevin Trapp,G,90,6.6,,0.0,,,42,35.0,83.3,,,,,0,0,,
Paris FC vs Marseille,Paris FC,20704,Alimami Gory,D,64,6.3,,0.0,,,12,11.0,91.7,3.0,2.0,,,0,0,3.0,5.0
Paris FC vs Marseille,Paris FC,174881,Moustapha Mbow,D,90,7.3,,1.0,,,61,55.0,90.2,,,1.0,,0,0,3.0,4.0
Paris FC vs Marseille,Paris FC,22086,Timothée Kolodziejczak,D,90,6,,0.0,,,47,43.0,91.5,1.0,2.0,1.0,,0,0,2.0,5.0
Paris FC vs Marseille,Paris FC,266013,Otávio,D,90,7,,0.0,1.0,1.0,44,40.0,90.9,1.0,,1.0,,0,0,2.0,5.0
Paris FC vs Marseille,Paris FC,389322,Nhoa Sangui,D,90,6.3,,0.0,,,30,25.0,83.3,1.0,,,2.0,0,0,3.0,4.0
Paris FC vs Marseille,Paris FC,83831,Ilan Kebbal,M,90,8.3,1.0,0.0,1.0,1.0,76,66.0,86.8,1.0,1.0,,4.0,0,0,6.0,7.0
Paris FC vs Marseille,Paris FC,1910,Maxime López,M,45,6.5,,0.0,,,51,43.0,84.3,1.0,1.0,3.0,,1,0,1.0,4.0
Paris FC vs Marseille,Paris FC,84218,Adama Camara,M,86,6.9,,0.0,,,53,46.0,86.8,2.0,2.0,2.0,1.0,0,0,4.0,6.0
Paris FC vs Marseille,Paris FC,2781,Moses Simon,M,64,6.3,,0.0,,,15,14.0,93.3,,,,,0,0,,2.0
Paris FC vs Marseille,Paris FC,22842,Jean-Philippe Krasso,F,64,6.2,,0.0,2.0,,15,13.0,86.7,1.0,,1.0,2.0,0,0,4.0,11.0
Paris FC vs Marseille,Paris FC,3080,Marshall Munetsi,M,45,7.2,,0.0,1.0,,16,14.0,87.5,,1.0,1.0,3.0,0,0,4.0,7.0
Paris FC vs Marseille,Paris FC,55819,Tuomas Ollila,D,26,6.6,,0.0,,,9,6.0,66.7,1.0,,,,0,0,1.0,1.0
Paris FC vs Marseille,Paris FC,359603,Luca Koleosho,F,26,6.3,,0.0,1.0,1.0,7,6.0,85.7,,,1.0,1.0,0,0,1.0,4.0
Paris FC vs Marseille,Paris FC,22229,Jonathan Ikoné,F,26,7.7,1.0,0.0,1.0,1.0,12,11.0,91.7,,,1.0,1.0,0,0,2.0,4.0
Paris FC vs Marseille,Paris FC,120,Willem Geubbels,F,11,6.5,,0.0,,,2,1.0,50.0,,,,,0,0,,
Paris FC vs Marseille,Marseille,47296,Gerónimo Rulli,G,90,6.2,,0.0,,,34,27.0,79.4,,,1.0,,1,0,,1.0
Paris FC vs Marseille,Marseille,6,Leonardo Balerdi,D,90,6.6,,0.0,3.0,1.0,57,53.0,93.0,1.0,2.0,,1.0,0,0,3.0,5.0
Paris FC vs Marseille,Marseille,21694,Nayef Aguerd,D,90,6.7,,0.0,1.0,,68,57.0,83.8,2.0,1.0,1.0,,0,0,4.0,6.0
Paris FC vs Marseille,Marseille,6231,Facundo Medina,D,90,6.2,,0.0,,,52,45.0,86.5,,1.0,4.0,1.0,1,0,2.0,6.0
Paris FC vs Marseille,Marseille,1138,Timothy Weah,M,80,7,,0.0,2.0,1.0,32,26.0,81.2,2.0,,3.0,1.0,0,0,3.0,6.0
Paris FC vs Marseille,Marseille,2735,Pierre-Emile Højbjerg,M,90,7.3,,0.0,1.0,,64,58.0,90.6,2.0,2.0,,3.0,0,0,5.0,6.0
Paris FC vs Marseille,Marseille,38747,Quinten Timber,M,79,6.9,,0.0,,,34,32.0,94.1,2.0,,,2.0,0,0,4.0,7.0
Paris FC vs Marseille,Marseille,9363,Igor Paixão,M,79,6.9,,0.0,1.0,,22,17.0,77.3,,,,1.0,0,0,3.0,5.0
Paris FC vs Marseille,Marseille,313236,Ethan Nwaneri,F,67,6.5,,0.0,1.0,,15,12.0,80.0,,1.0,2.0,,0,0,,5.0
Paris FC vs Marseille,Marseille,897,Mason Greenwood,F,90,8.6,1.0,1.0,2.0,1.0,45,38.0,84.4,,,,,0,0,3.0,5.0
Paris FC vs Marseille,Marseille,1465,Pierre-Emerick Aubameyang,F,67,6.9,1.0,0.0,1.0,1.0,11,8.0,72.7,,,,,0,0,,3.0
Paris FC vs Marseille,Marseille,31057,Hamed Junior Traorè,M,23,6.3,,0.0,,,8,6.0,75.0,1.0,,1.0,1.0,1,0,3.0,4.0
Paris FC vs Marseille,Marseille,85041,Amine Gouiri,F,23,6.5,,0.0,1.0,,11,8.0,72.7,1.0,,,,0,0,2.0,4.0
Paris FC vs Marseille,Marseille,283216,Bilal Nadir,M,11,6.2,,0.0,,,3,3.0,100.0,,,3.0,,1,0,,4.0
Paris FC vs Marseille,Marseille,340154,Arthur Vermeeren,M,11,6.3,,0.0,,,6,6.0,100.0,1.0,1.0,,,0,0,1.0,2.0
Paris FC vs Marseille,Marseille,2973,Amir Murillo,D,10,5.9,,0.0,,,2,1.0,50.0,,,,,0,0,,
Lorient vs Nantes,Lorient,1142,Yvon Mvogo,G,90,6.2,,0.0,,,42,31.0,73.8,,,,,0,0,,
Lorient vs Nantes,Lorient,193501,Bamo Meïté,D,74,6.3,,0.0,,,40,33.0,82.5,1.0,,2.0,2.0,1,0,6.0,9.0
Lorient vs Nantes,Lorient,50030,Montassar Talbi,D,90,6.6,,0.0,,,93,83.0,89.2,1.0,1.0,,,0,0,5.0,12.0
Lorient vs Nantes,Lorient,1031,Igor Silva,D,90,7,,0.0,,,53,51.0,96.2,1.0,,2.0,3.0,0,0,5.0,6.0
Lorient vs Nantes,Lorient,174703,Théo Le Bris,M,90,7.2,,1.0,,,39,34.0,87.2,,,,,0,0,1.0,5.0
Lorient vs Nantes,Lorient,23363,Noah Cadiou,M,90,6.6,,0.0,,,67,61.0,91.0,,2.0,,2.0,0,0,2.0,6.0
Lorient vs Nantes,Lorient,20917,Laurent Abergel,M,85,7.3,,0.0,,,108,98.0,90.7,4.0,1.0,2.0,1.0,1,0,5.0,8.0
Lorient vs Nantes,Lorient,402386,Arsène Kouassi,M,90,7.7,1.0,0.0,1.0,1.0,26,23.0,88.5,,1.0,,3.0,1,0,3.0,7.0
Lorient vs Nantes,Lorient,22171,Jean-Victor Makengo,F,66,7,,0.0,1.0,1.0,20,19.0,95.0,1.0,,,3.0,0,0,5.0,7.0
Lorient vs Nantes,Lorient,276662,Pablo Pagis,F,74,6.5,,0.0,1.0,1.0,36,29.0,80.6,,,1.0,1.0,0,0,2.0,6.0
Lorient vs Nantes,Lorient,284072,Ahmadou Bamba Dieng,F,66,7,1.0,0.0,2.0,1.0,7,5.0,71.4,,,4.0,1.0,1,0,2.0,6.0
Lorient vs Nantes,Lorient,402265,Arthur Avom Ebong,M,24,6.6,,0.0,,,11,7.0,63.6,3.0,,1.0,,0,0,3.0,6.0
Lorient vs Nantes,Lorient,144319,Sambou Soumano,F,24,6.6,,0.0,,,3,3.0,100.0,,,,,0,0,1.0,3.0
Lorient vs Nantes,Lorient,214310,Nathaniel Adjei,D,16,6.9,,0.0,,,10,9.0,90.0,,,,,0,0,,
Lorient vs Nantes,Lorient,322865,Karim Dermane,M,16,6.5,,0.0,,,8,7.0,87.5,1.0,,,,0,0,1.0,5.0
Lorient vs Nantes,Lorient,200873,Mohamed Bamba,F,12,6.3,,0.0,,,3,2.0,66.7,,,,,0,0,,
Lorient vs Nantes,Nantes,647,Anthony Lopes,G,90,6.6,,0.0,,,16,12.0,75.0,,,,,1,0,,
Lorient vs Nantes,Nantes,22134,Kelvin Amian,D,90,6.5,,0.0,1.0,,53,47.0,88.7,,,1.0,1.0,0,0,4.0,7.0
Lorient vs Nantes,Nantes,304427,Ali Youssef,D,90,6.6,,0.0,,,60,53.0,88.3,2.0,1.0,2.0,,1,0,4.0,7.0
Lorient vs Nantes,Nantes,21570,Nicolas Cozza,D,90,6.3,,0.0,,,64,57.0,89.1,1.0,,1.0,2.0,0,0,3.0,7.0
Lorient vs Nantes,Nantes,20654,Fabien Centonze,M,78,6.5,,0.0,,,26,20.0,76.9,1.0,1.0,4.0,1.0,1,0,3.0,6.0
Lorient vs Nantes,Nantes,22260,Ibrahima Sissoko,M,60,6,,0.0,,,23,18.0,78.3,,1.0,5.0,,1,0,1.0,7.0
Lorient vs Nantes,Nantes,193952,Johann Lepenant,M,78,6.9,,0.0,,,34,30.0,88.2,4.0,1.0,1.0,,0,0,5.0,7.0
Lorient vs Nantes,Nantes,443674,Louis Leroux,M,61,7,,0.0,,,27,21.0,77.8,4.0,,,,0,0,5.0,6.0
Lorient vs Nantes,Nantes,22093,Rémy Cabella,F,90,6.5,,0.0,1.0,,47,37.0,78.7,1.0,,1.0,1.0,1,0,3.0,7.0
Lorient vs Nantes,Nantes,161622,Matthis Abline,F,90,7.7,1.0,0.0,1.0,1.0,10,10.0,100.0,1.0,2.0,2.0,2.0,0,0,4.0,11.0
Lorient vs Nantes,Nantes,2668,Mostafa Mohamed,F,77,6.6,,0.0,5.0,1.0,15,9.0,60.0,,,,,0,0,6.0,10.0
Lorient vs Nantes,Nantes,197779,Mohamed Kaba,M,30,6.7,,1.0,,,21,19.0,90.5,,,1.0,,0,0,,2.0
Lorient vs Nantes,Nantes,388779,Dehmaine Tabibou,M,29,6.9,,0.0,,,10,9.0,90.0,1.0,1.0,,,0,0,4.0,4.0
Lorient vs Nantes,Nantes,42086,Youssef El Arabi,F,13,6.7,,0.0,,,4,3.0,75.0,,,,1.0,0,0,1.0,3.0
Lorient vs Nantes,Nantes,386438,Mathieu Acapandié,D,12,6.3,,0.0,,,5,3.0,60.0,,,,,0,0,,
Lorient vs Nantes,Nantes,924,Francis Coquelin,M,12,6.7,,0.0,,,4,4.0,100.0,2.0,1.0,,,0,0,2.0,2.0
Monaco vs Rennes,Monaco,7313,Philipp Köhn,G,90,7.2,,0.0,,,35,24.0,68.6,,,,,0,0,,
Monaco vs Rennes,Monaco,231,Jordan Teze,D,90,7,,0.0,,,42,36.0,85.7,3.0,,2.0,1.0,1,0,4.0,8.0
Monaco vs Rennes,Monaco,2810,Denis Zakaria,D,81,7,,0.0,2.0,,47,46.0,97.9,1.0,1.0,1.0,,0,0,1.0,2.0
Monaco vs Rennes,Monaco,261,Thilo Kehrer,D,90,7.2,,0.0,2.0,,63,57.0,90.5,1.0,2.0,1.0,3.0,0,0,6.0,12.0
Monaco vs Rennes,Monaco,81,Krépin Diatta,M,71,6.9,,0.0,,,20,14.0,70.0,2.0,,,,0,0,2.0,2.0
Monaco vs Rennes,Monaco,419035,Mamadou Coulibaly,M,90,8.2,1.0,0.0,1.0,1.0,35,29.0,82.9,3.0,1.0,1.0,,0,0,4.0,5.0
Monaco vs Rennes,Monaco,374058,Lamine Camara,M,90,7.2,,0.0,,,44,30.0,68.2,4.0,3.0,1.0,4.0,0,0,9.0,14.0
Monaco vs Rennes,Monaco,333137,Kassoum Ouattara,M,90,6.9,,0.0,1.0,,31,16.0,51.6,3.0,1.0,4.0,,0,0,5.0,9.0
Monaco vs Rennes,Monaco,135775,Ansu Fati,F,45,7.3,1.0,0.0,1.0,1.0,9,8.0,88.9,,,1.0,,0,0,2.0,5.0
Monaco vs Rennes,Monaco,109,Aleksandr Golovin,F,81,6.9,,1.0,,,32,24.0,75.0,,1.0,1.0,1.0,0,0,1.0,5.0
Monaco vs Rennes,Monaco,138835,Folarin Balogun,F,56,6.6,,1.0,1.0,1.0,5,4.0,80.0,,,2.0,,0,0,,6.0
Monaco vs Rennes,Monaco,274300,Maghnes Akliouche,M,45,7.3,1.0,0.0,1.0,1.0,19,14.0,73.7,,1.0,,,0,0,,3.0
Monaco vs Rennes,Monaco,283026,Mika Biereth,F,34,6.9,,2.0,1.0,1.0,12,8.0,66.7,,,,,0,0,1.0,4.0
Monaco vs Rennes,Monaco,291649,Vanderson,D,19,7.3,,0.0,,,18,15.0,83.3,3.0,2.0,,,0,0,3.0,4.0
Monaco vs Rennes,Monaco,453792,Aladji Bamba,M,9,6.3,,0.0,,,4,4.0,100.0,,,1.0,,0,0,,1.0
Monaco vs Rennes,Monaco,340152,Stanis Idumbo Muzambo,M,9,7.9,1.0,0.0,1.0,1.0,2,2.0,100.0,,,,,0,0,,
Monaco vs Rennes,Rennes,21628,Brice Samba,G,90,5.3,,0.0,,,36,28.0,77.8,,,,,0,0,,
Monaco vs Rennes,Rennes,417830,Abdelhamid Ait Boudlal,D,90,6.3,,0.0,,,62,55.0,88.7,,1.0,,1.0,0,0,2.0,3.0
Monaco vs Rennes,Rennes,367636,Jérémy Jacquet,D,90,6.5,,0.0,,,56,45.0,80.4,1.0,,,2.0,0,0,6.0,6.0
Monaco vs Rennes,Rennes,126757,Lilian Brassier,D,56,6.2,,0.0,,,38,33.0,86.8,,,1.0,,1,0,1.0,3.0
Monaco vs Rennes,Rennes,3007,Przemysław Frankowski,M,56,6.6,,0.0,,,29,23.0,79.3,1.0,1.0,,1.0,0,0,2.0,3.0
Monaco vs Rennes,Rennes,24147,Mahdi Camara,M,90,5.9,,0.0,1.0,1.0,34,28.0,82.4,3.0,2.0,1.0,1.0,0,0,6.0,14.0
Monaco vs Rennes,Rennes,343792,Djaoui Cissé,M,65,6.5,,0.0,,,41,34.0,82.9,1.0,,1.0,,0,0,1.0,3.0
Monaco vs Rennes,Rennes,272460,Quentin Merlin,M,90,6.3,,0.0,,,42,33.0,78.6,3.0,2.0,,1.0,0,0,5.0,8.0
Monaco vs Rennes,Rennes,15286,Mousa Tamari,M,78,6.2,,0.0,1.0,1.0,17,15.0,88.2,1.0,,,,0,0,1.0,3.0
Monaco vs Rennes,Rennes,163004,Esteban Lepaul,F,56,6.3,,0.0,2.0,2.0,8,6.0,75.0,,,2.0,2.0,0,0,4.0,8.0
Monaco vs Rennes,Rennes,421,Breel Embolo,F,90,6.2,,0.0,1.0,,22,15.0,68.2,,,2.0,2.0,1,0,4.0,12.0
Monaco vs Rennes,Rennes,196187,Alidu Seidu,D,34,6.2,,0.0,,,37,33.0,89.2,1.0,,,1.0,0,0,2.0,4.0
Monaco vs Rennes,Rennes,40403,Sebastian Szymański,M,34,6.3,,0.0,2.0,,17,14.0,82.4,2.0,,1.0,1.0,0,0,3.0,4.0
Monaco vs Rennes,Rennes,21497,Ludovic Blas,F,34,6.5,,0.0,,,16,14.0,87.5,,,,,0,0,1.0,2.0
Monaco vs Rennes,Rennes,1754,Glen Kamara,M,25,6.9,,0.0,,,37,34.0,91.9,,,,2.0,0,0,3.0,4.0
Monaco vs Rennes,Rennes,625629,Elias Legendre Quiñonez,F,12,6.7,,0.0,,,4,3.0,75.0,,,1.0,1.0,0,0,1.0,3.0
Lyon vs Lille,Lyon,61142,Dominik Greif,G,90,7.3,,0.0,,,42,32.0,76.2,,,,,0,0,1.0,1.0
Lyon vs Lille,Lyon,1456,Ainsley Maitland-Niles,D,90,6.7,,0.0,,,30,24.0,80.0,4.0,1.0,4.0,,1,0,5.0,12.0
Lyon vs Lille,Lyon,68,Clinton Mata,D,90,7,,0.0,,,58,51.0,87.9,1.0,1.0,1.0,1.0,0,0,3.0,5.0
Lyon vs Lille,Lyon,25916,Moussa Niakhaté,D,90,7.5,,0.0,,,73,64.0,87.7,1.0,,,,0,0,4.0,4.0
Lyon vs Lille,Lyon,193293,Ruben Kluivert,D,90,7.9,,1.0,,,42,38.0,90.5,2.0,1.0,,1.0,0,0,6.0,7.0
Lyon vs Lille,Lyon,361352,Noah Nartey,M,90,8,1.0,0.0,1.0,1.0,34,27.0,79.4,3.0,1.0,1.0,1.0,0,0,7.0,13.0
Lyon vs Lille,Lyon,80752,Tanner Tessmann,M,90,7.3,,0.0,,,42,35.0,83.3,2.0,1.0,1.0,2.0,0,0,4.0,5.0
Lyon vs Lille,Lyon,9700,Abner Vinícius,M,89,6.3,,0.0,,,21,16.0,76.2,1.0,,2.0,1.0,0,0,2.0,8.0
Lyon vs Lille,Lyon,377122,Endrick,F,89,6,,0.0,,,15,9.0,60.0,,,2.0,1.0,0,0,2.0,12.0
Lyon vs Lille,Lyon,66387,Pavel Šulc,F,82,7.2,,0.0,1.0,1.0,22,17.0,77.3,3.0,,1.0,,0,0,5.0,10.0
Lyon vs Lille,Lyon,345388,Afonso Moreira,F,90,6.7,,0.0,,,32,24.0,75.0,6.0,2.0,3.0,1.0,0,0,10.0,26.0
Lyon vs Lille,Lyon,497617,Remi Himbert,F,8,6.5,,0.0,,,2,,,1.0,,,,0,0,1.0,4.0
Lyon vs Lille,Lille,1337,Berke Özer,G,90,6.5,,0.0,,,36,35.0,97.2,,,,,0,0,1.0,1.0
Lyon vs Lille,Lille,379329,Tiago Santos,D,85,6,,0.0,,,37,32.0,86.5,,2.0,2.0,1.0,0,0,1.0,10.0
Lyon vs Lille,Lille,312964,Nathan Ngoy,D,90,6.5,,0.0,,,69,63.0,91.3,2.0,,1.0,,1,0,2.0,4.0
Lyon vs Lille,Lille,1567,Aïssa Mandi,D,90,7.3,,0.0,,,80,76.0,95.0,2.0,1.0,,1.0,1,0,5.0,5.0
Lyon vs Lille,Lille,20600,Romain Perraud,D,78,6.9,,0.0,2.0,2.0,65,55.0,84.6,3.0,,,4.0,0,0,8.0,11.0
Lyon vs Lille,Lille,438688,Ayyoub Bouaddi,M,90,7.3,,0.0,,,56,47.0,83.9,6.0,1.0,1.0,1.0,0,0,10.0,13.0
Lyon vs Lille,Lille,2204,Benjamin André,M,90,7.2,,0.0,,,62,56.0,90.3,6.0,1.0,,1.0,0,0,11.0,16.0
Lyon vs Lille,Lille,375598,Ngal'ayel Mukau,M,68,6.2,,0.0,2.0,,19,18.0,94.7,1.0,,3.0,,1,0,3.0,7.0
Lyon vs Lille,Lille,67889,Hakon Arnar Haraldsson,M,90,6.7,,0.0,1.0,,59,52.0,88.1,,,,1.0,0,0,3.0,4.0
Lyon vs Lille,Lille,135749,Félix Correia,M,68,6.9,,0.0,1.0,,30,27.0,90.0,1.0,,,2.0,0,0,5.0,7.0
Lyon vs Lille,Lille,340077,Matías Fernández,F,90,6.2,,0.0,2.0,2.0,17,13.0,76.5,2.0,,2.0,2.0,1,0,5.0,15.0
Lyon vs Lille,Lille,318416,Marius Sivertsen Broholm,F,22,6.2,,0.0,,,9,6.0,66.7,2.0,1.0,1.0,1.0,0,0,3.0,10.0
Lyon vs Lille,Lille,2295,Olivier Giroud,F,22,6.2,,0.0,,,3,2.0,66.7,,,,,0,0,,2.0
Lyon vs Lille,Lille,37151,Calvin Verdonk,D,12,7,,0.0,,,14,14.0,100.0,,,,,0,0,,
Lyon vs Lille,Lille,487381,Soriba Diaoune,F,12,6.5,,0.0,1.0,,4,4.0,100.0,1.0,,1.0,,0,0,1.0,3.0
Angers vs Metz,Angers,22220,Hervé Koffi,G,90,6.9,,0.0,,,19,16.0,84.2,,,,1.0,0,0,2.0,2.0
Angers vs Metz,Angers,20850,Carlens Arcus,D,90,7.9,,1.0,,,74,67.0,90.5,1.0,1.0,,1.0,0,0,4.0,5.0
Angers vs Metz,Angers,271540,Ousmane Camara,D,90,7.7,,0.0,1.0,,84,83.0,98.8,1.0,,,1.0,0,0,5.0,7.0
Angers vs Metz,Angers,21381,Jordan Lefort,D,90,7.7,,0.0,1.0,1.0,79,76.0,96.2,1.0,1.0,,,0,0,4.0,5.0
Angers vs Metz,Angers,343609,Jacques Ekomié,D,57,6.9,,0.0,,,44,40.0,90.9,1.0,3.0,,1.0,0,0,2.0,3.0
Angers vs Metz,Angers,20554,Haris Belkebla,M,58,6.9,,0.0,,,51,49.0,96.1,1.0,,,1.0,0,0,2.0,3.0
Angers vs Metz,Angers,37652,Branco van den Boomen,M,69,7.5,,0.0,3.0,1.0,81,77.0,95.1,1.0,,1.0,,1,0,2.0,7.0
Angers vs Metz,Angers,174708,Yassin Belkhdim,M,90,7,,0.0,1.0,1.0,67,64.0,95.5,4.0,2.0,2.0,1.0,0,0,7.0,13.0
Angers vs Metz,Angers,289555,Louis Mouton,M,90,7.3,1.0,0.0,3.0,2.0,47,40.0,85.1,1.0,,4.0,,1,0,2.0,8.0
Angers vs Metz,Angers,191289,Amine Sbai,M,81,7.2,,0.0,,,47,37.0,78.7,1.0,,,1.0,0,0,2.0,5.0
Angers vs Metz,Angers,457541,Prosper Peter,F,69,6.3,,0.0,1.0,,12,11.0,91.7,1.0,,1.0,2.0,0,0,3.0,7.0
Angers vs Metz,Angers,41146,Florent Hanin,D,33,7,,0.0,,,23,20.0,87.0,2.0,,,,0,0,3.0,5.0
Angers vs Metz,Angers,579375,Djibirin Harouna,F,32,6.5,,0.0,,,10,7.0,70.0,,2.0,1.0,,0,0,1.0,3.0
Angers vs Metz,Angers,425207,Marius Courcoul,D,21,6.9,,0.0,,,19,17.0,89.5,1.0,,1.0,,0,0,1.0,3.0
Angers vs Metz,Angers,20817,Goduine Koyalipou,F,21,6.9,,0.0,1.0,1.0,2,2.0,100.0,,1.0,1.0,,0,0,2.0,4.0
Angers vs Metz,Angers,174660,Lilian Raolisoa,D,9,6.9,,0.0,1.0,1.0,7,7.0,100.0,,,,,0,0,1.0,1.0
Angers vs Metz,Metz,158532,Jonathan Fischer,G,90,7.3,,0.0,,,24,13.0,54.2,,,,,0,0,,
Angers vs Metz,Metz,96331,Koffi Kouao,D,86,6.7,,0.0,1.0,,42,33.0,78.6,2.0,3.0,,,0,0,5.0,7.0
Angers vs Metz,Metz,3240,Jean-Philippe Gbamin,D,9,3,,0.0,,,6,4.0,66.7,,,1.0,,0,1,,3.0
Angers vs Metz,Metz,363792,Terry Yegbe,D,90,6.5,,0.0,,,36,30.0,83.3,1.0,1.0,2.0,,1,0,3.0,6.0
Angers vs Metz,Metz,105,Fodé Ballo-Touré,D,59,6.3,,0.0,,,14,14.0,100.0,1.0,,2.0,2.0,1,0,4.0,9.0
Angers vs Metz,Metz,570580,Believe Munongo,M,58,6.6,,0.0,,,25,19.0,76.0,2.0,,,1.0,0,0,4.0,5.0
Angers vs Metz,Metz,407,Benjamin Stambouli,M,90,7.5,,0.0,,,47,38.0,80.9,3.0,1.0,2.0,1.0,0,0,4.0,7.0
Angers vs Metz,Metz,157912,Boubacar Traoré,M,68,6.5,,0.0,,,22,17.0,77.3,1.0,2.0,,,0,0,1.0,2.0
Angers vs Metz,Metz,20529,Gauthier Hein,F,59,6.7,,0.0,,,32,29.0,90.6,,1.0,1.0,,0,0,,2.0
Angers vs Metz,Metz,20535,Habib Diallo,F,90,6.5,,0.0,1.0,,11,9.0,81.8,,,2.0,,0,0,5.0,14.0
Angers vs Metz,Metz,2181,Georgiy Tsitaishvili,F,90,6.9,,0.0,,,24,19.0,79.2,1.0,,,1.0,0,0,4.0,8.0
Angers vs Metz,Metz,21640,Jessy Deminguet,M,32,6.9,,0.0,,,12,10.0,83.3,1.0,,,2.0,0,0,4.0,7.0
Angers vs Metz,Metz,19518,Maxime Colin,D,31,7.2,,0.0,,,15,13.0,86.7,,1.0,1.0,,0,0,,1.0
Angers vs Metz,Metz,434352,Alpha Touré,M,31,6.9,,0.0,,,12,10.0,83.3,1.0,1.0,,2.0,0,0,3.0,4.0
Angers vs Metz,Metz,68177,Giorgi Abuashvili,F,22,6.2,,0.0,,,6,4.0,66.7,,,,1.0,0,0,1.0,6.0
Angers vs Metz,Metz,584096,Nathan Mbala,F,9,6.3,,0.0,,,0,,,,,,,0,0,,
Nice vs Stade Brestois 29,Nice,21079,Maxime Dupé,G,90,6.3,,0.0,,,29,20.0,69.0,,,,,0,0,,
Nice vs Stade Brestois 29,Nice,25008,Jonathan Clauss,D,90,6.9,,1.0,,,63,50.0,79.4,2.0,,,1.0,0,0,6.0,8.0
Nice vs Stade Brestois 29,Nice,404172,Kojo Peprah Oppong,D,90,7.2,,0.0,,,94,89.0,94.7,1.0,1.0,1.0,4.0,1,0,12.0,17.0
Nice vs Stade Brestois 29,Nice,22163,Dante,D,90,6.2,,0.0,1.0,,59,52.0,88.1,,,1.0,1.0,0,0,2.0,3.0
Nice vs Stade Brestois 29,Nice,49583,Ali Abdi,D,90,7.9,1.0,0.0,1.0,1.0,38,30.0,78.9,3.0,1.0,1.0,1.0,0,0,7.0,10.0
Nice vs Stade Brestois 29,Nice,8680,Charles Vanhoutte,M,73,7,,0.0,1.0,1.0,54,47.0,87.0,2.0,,3.0,1.0,1,0,5.0,10.0
Nice vs Stade Brestois 29,Nice,128987,Salis Abdul Samed,M,45,6.2,,0.0,,,33,31.0,93.9,,,1.0,1.0,1,0,2.0,5.0
Nice vs Stade Brestois 29,Nice,274312,Mohamed-Ali Cho,M,67,6.7,,0.0,,,30,23.0,76.7,3.0,,1.0,1.0,0,0,7.0,15.0
Nice vs Stade Brestois 29,Nice,1914,Morgan Sanson,M,90,6.7,,0.0,1.0,1.0,38,31.0,81.6,,1.0,3.0,1.0,0,0,3.0,11.0
Nice vs Stade Brestois 29,Nice,107,Sofiane Diop,M,82,7.5,,0.0,1.0,1.0,32,26.0,81.2,2.0,,,2.0,0,0,8.0,10.0
Nice vs Stade Brestois 29,Nice,162707,Elye Wahi,F,82,7,1.0,0.0,1.0,1.0,5,3.0,60.0,,,3.0,,1,0,,7.0
Nice vs Stade Brestois 29,Nice,405237,Kaïl Boudache,F,45,6.6,,0.0,2.0,1.0,4,4.0,100.0,2.0,1.0,,4.0,0,0,6.0,13.0
Nice vs Stade Brestois 29,Nice,188319,Kevin Carlos Omoruyi,F,23,6.2,,0.0,,,4,,,,,,,0,0,1.0,5.0
Nice vs Stade Brestois 29,Nice,4399,Hicham Boudaoui,M,17,6.9,,0.0,,,13,12.0,92.3,,,1.0,,1,0,2.0,4.0
Nice vs Stade Brestois 29,Nice,193617,Tom Louchet,M,8,6.7,,0.0,1.0,1.0,9,7.0,77.8,,,,1.0,0,0,1.0,3.0
Nice vs Stade Brestois 29,Nice,105154,Isak Jansson,F,8,6.3,,0.0,,,2,2.0,100.0,,,,,0,0,,1.0
Nice vs Stade Brestois 29,Stade Brestois 29,21248,Grégoire Coudert,G,90,7.9,,0.0,,,31,16.0,51.6,,,,1.0,0,0,2.0,2.0
Nice vs Stade Brestois 29,Stade Brestois 29,22247,Kenny Lala,D,90,6.2,,0.0,,,31,22.0,71.0,,3.0,,,0,0,,2.0
Nice vs Stade Brestois 29,Stade Brestois 29,20546,Brendan Chardonnet,D,90,6.9,,0.0,,,17,15.0,88.2,2.0,1.0,1.0,,0,0,7.0,10.0
Nice vs Stade Brestois 29,Stade Brestois 29,162568,Soumaila Coulibaly,D,74,6.2,,0.0,1.0,,22,17.0,77.3,1.0,1.0,2.0,1.0,1,0,3.0,4.0
Nice vs Stade Brestois 29,Stade Brestois 29,302868,Daouda Guindo,D,90,6.9,,0.0,1.0,,22,21.0,95.5,7.0,3.0,3.0,1.0,0,0,8.0,13.0
Nice vs Stade Brestois 29,Stade Brestois 29,128287,Joris Chotard,M,90,6.9,,0.0,3.0,,37,26.0,70.3,3.0,4.0,1.0,1.0,0,0,7.0,10.0
Nice vs Stade Brestois 29,Stade Brestois 29,20558,Hugo Magnetti,M,90,7.2,,0.0,,,42,30.0,71.4,5.0,2.0,2.0,3.0,0,0,11.0,16.0
Nice vs Stade Brestois 29,Stade Brestois 29,2214,Romain Del Castillo,M,84,7.7,1.0,0.0,1.0,1.0,38,33.0,86.8,1.0,1.0,1.0,3.0,0,0,4.0,11.0
Nice vs Stade Brestois 29,Stade Brestois 29,326068,Kamory Doumbia,M,90,7.3,1.0,0.0,1.0,1.0,36,30.0,83.3,2.0,,4.0,1.0,1,0,4.0,15.0
Nice vs Stade Brestois 29,Stade Brestois 29,326073,Remy Labeau Lascary,M,70,6,,0.0,1.0,,16,15.0,93.8,2.0,,1.0,,1,0,2.0,8.0
Nice vs Stade Brestois 29,Stade Brestois 29,22264,Ludovic Ajorque,F,90,6.2,,1.0,,,21,13.0,61.9,,,5.0,1.0,0,0,7.0,20.0
Nice vs Stade Brestois 29,Stade Brestois 29,375990,Pathé Mboup,F,20,6.3,,0.0,,,10,10.0,100.0,,,1.0,,0,0,,6.0
Nice vs Stade Brestois 29,Stade Brestois 29,365742,Michel Diaz,D,16,7.2,,0.0,,,11,9.0,81.8,,,,,0,0,4.0,4.0
Nice vs Stade Brestois 29,Stade Brestois 29,90594,Junior Dina Ebimbe,M,13,6.7,,0.0,,,4,4.0,100.0,1.0,,,,0,0,1.0,1.0
Toulouse vs Auxerre,Toulouse,325346,Guillaume Restes,G,90,7.3,,0.0,,,25,19.0,76.0,,,,,0,0,,
Toulouse vs Auxerre,Toulouse,50735,Mark McKenzie,D,90,7.5,,0.0,,,56,48.0,85.7,4.0,2.0,,,0,0,8.0,10.0
Toulouse vs Auxerre,Toulouse,278392,Charlie Cresswell,D,90,7.3,,0.0,1.0,,83,71.0,85.5,,1.0,2.0,,0,0,9.0,14.0
Toulouse vs Auxerre,Toulouse,15793,Rasmus Nicolaisen,D,90,7.3,,0.0,,,56,52.0,92.9,,2.0,1.0,1.0,0,0,5.0,8.0
Toulouse vs Auxerre,Toulouse,102,Djibril Sidibé,M,73,6.7,,0.0,,,18,12.0,66.7,,,,,0,0,1.0,2.0
Toulouse vs Auxerre,Toulouse,50956,Cristian Cásseres Jr.,M,90,7.7,,0.0,1.0,1.0,61,51.0,83.6,7.0,2.0,1.0,2.0,1,0,10.0,13.0
Toulouse vs Auxerre,Toulouse,339417,Pape Diop,M,90,6.7,,0.0,2.0,2.0,48,42.0,87.5,,4.0,3.0,1.0,0,0,1.0,7.0
Toulouse vs Auxerre,Toulouse,39115,Aron Dønnum,M,90,7.2,,0.0,1.0,,38,30.0,78.9,3.0,,1.0,2.0,0,0,6.0,11.0
Toulouse vs Auxerre,Toulouse,362741,Santiago Hidalgo,F,90,6.3,,0.0,,,21,17.0,81.0,3.0,,2.0,1.0,0,0,4.0,14.0
Toulouse vs Auxerre,Toulouse,84128,Yann Gboho,F,90,7.5,,0.0,2.0,1.0,25,22.0,88.0,1.0,,,4.0,0,0,9.0,11.0
Toulouse vs Auxerre,Toulouse,321648,Emersonn,F,74,6.9,,0.0,1.0,,12,11.0,91.7,2.0,,1.0,1.0,0,0,6.0,13.0
Toulouse vs Auxerre,Toulouse,334952,Rafik Messali,M,17,7.2,,0.0,,,10,6.0,60.0,,2.0,1.0,,0,0,2.0,2.0
Toulouse vs Auxerre,Toulouse,430816,Noah Edjouma,F,16,6.7,,0.0,,,6,1.0,16.7,,,,,0,0,3.0,3.0
Toulouse vs Auxerre,Auxerre,20542,Donovan Léon,G,90,7,,0.0,,,31,12.0,38.7,,,,1.0,0,0,1.0,1.0
Toulouse vs Auxerre,Auxerre,193953,Lamine Sy,D,90,6.6,,0.0,,,40,37.0,92.5,1.0,,1.0,,0,0,1.0,4.0
Toulouse vs Auxerre,Auxerre,162466,Sinaly Diomandé,D,90,7.9,,0.0,,,61,51.0,83.6,1.0,1.0,,1.0,0,0,7.0,10.0
Toulouse vs Auxerre,Auxerre,191189,Clement Akpa,D,90,6.9,,0.0,,,57,41.0,71.9,2.0,1.0,,,0,0,3.0,7.0
Toulouse vs Auxerre,Auxerre,7578,Gideon Mensah,D,85,6.3,,0.0,,,46,37.0,80.4,1.0,,2.0,,0,0,2.0,11.0
Toulouse vs Auxerre,Auxerre,21010,Elisha Owusu,M,80,6.3,,0.0,,,34,29.0,85.3,1.0,3.0,3.0,,0,0,2.0,7.0
Toulouse vs Auxerre,Auxerre,319919,Oussama El Azzouzi,M,85,7.2,,0.0,,,49,47.0,95.9,2.0,1.0,,,0,0,4.0,6.0
Toulouse vs Auxerre,Auxerre,323625,Kévin Danois,M,90,6.6,,0.0,1.0,,42,37.0,88.1,2.0,2.0,,1.0,0,0,5.0,11.0
Toulouse vs Auxerre,Auxerre,84082,Romain Faivre,F,73,6.6,,0.0,1.0,,32,31.0,96.9,,,2.0,2.0,0,0,3.0,6.0
Toulouse vs Auxerre,Auxerre,19625,Danny Namaso,F,86,6.3,,0.0,1.0,1.0,29,22.0,75.9,,,1.0,1.0,1,0,4.0,16.0
Toulouse vs Auxerre,Auxerre,90617,Lassine Sinayoko,F,90,6.3,,0.0,3.0,1.0,25,19.0,76.0,1.0,1.0,1.0,3.0,1,0,8.0,20.0
Toulouse vs Auxerre,Auxerre,174915,Josué Casimir,F,17,6.3,,0.0,,,7,4.0,57.1,,,,,0,0,1.0,2.0
Toulouse vs Auxerre,Auxerre,152418,Naouirou Ahamada,M,10,6.3,,0.0,,,5,5.0,100.0,,,1.0,,0,0,,1.0
Toulouse vs Auxerre,Auxerre,115588,Bryan Okoh,D,10,6.9,,0.0,,,3,3.0,100.0,,,,1.0,0,0,1.0,1.0
Toulouse vs Auxerre,Auxerre,30748,Assane Dioussé,M,10,6.7,,0.0,,,1,1.0,100.0,,,1.0,,0,0,1.0,1.0
Toulouse vs Auxerre,Auxerre,190686,Sékou Mara,F,9,6.2,,0.0,,,1,,,,,1.0,,0,0,1.0,4.0
Strasbourg vs Paris Saint Germain,Strasbourg,340151,Mike Penders,G,90,6.3,,0.0,,,32,26.0,81.2,,,,,0,0,,
Strasbourg vs Paris Saint Germain,Strasbourg,161747,Guéla Doué,D,90,7.3,1.0,0.0,2.0,1.0,35,28.0,80.0,3.0,4.0,2.0,,0,0,7.0,12.0
Strasbourg vs Paris Saint Germain,Strasbourg,276184,Mamadou Sarr,D,90,6.3,,0.0,,,32,29.0,90.6,,2.0,1.0,,0,0,,4.0
Strasbourg vs Paris Saint Germain,Strasbourg,271542,Ismael Doukouré,D,90,6.7,,0.0,,,39,37.0,94.9,,,,1.0,0,0,2.0,3.0
Strasbourg vs Paris Saint Germain,Strasbourg,2933,Ben Chilwell,D,82,6.9,,1.0,,,21,19.0,90.5,2.0,,1.0,,0,0,3.0,6.0
Strasbourg vs Paris Saint Germain,Strasbourg,415431,Samir El Mourabet,M,89,6.7,,0.0,,,30,25.0,83.3,2.0,1.0,,,0,0,2.0,3.0
Strasbourg vs Paris Saint Germain,Strasbourg,358166,Abdoul Ouattara,M,90,6.3,,0.0,,,24,22.0,91.7,,,,,0,0,,2.0
Strasbourg vs Paris Saint Germain,Strasbourg,335056,Diego Moreira,M,90,6.5,,0.0,1.0,1.0,29,20.0,69.0,,1.0,1.0,1.0,1,0,2.0,8.0
Strasbourg vs Paris Saint Germain,Strasbourg,70747,Julio Enciso,M,72,6.9,,0.0,1.0,1.0,19,16.0,84.2,1.0,,,1.0,0,0,4.0,6.0
Strasbourg vs Paris Saint Germain,Strasbourg,359386,Martial Godo,M,90,6.6,,0.0,1.0,,18,15.0,83.3,,2.0,,1.0,0,0,2.0,4.0
Strasbourg vs Paris Saint Germain,Strasbourg,390742,Joaquin Panichelli,F,90,5.7,,0.0,1.0,1.0,24,18.0,75.0,1.0,,1.0,1.0,0,0,3.0,10.0
Strasbourg vs Paris Saint Germain,Strasbourg,345416,Rafael Luis,M,18,6.3,,0.0,,,11,11.0,100.0,1.0,,1.0,,0,0,1.0,3.0
Strasbourg vs Paris Saint Germain,Strasbourg,334035,Samuel Amo-Ameyaw,F,8,6.5,,0.0,,,4,2.0,50.0,,,1.0,,0,0,1.0,4.0
Strasbourg vs Paris Saint Germain,Paris Saint Germain,2068,Matvey Safonov,G,90,7.2,,0.0,,,28,22.0,78.6,,,,,0,0,1.0,1.0
Strasbourg vs Paris Saint Germain,Paris Saint Germain,9,Achraf Hakimi,D,75,5.7,,0.0,2.0,1.0,74,68.0,91.9,,,1.0,,0,1,,2.0
Strasbourg vs Paris Saint Germain,Paris Saint Germain,257,Marquinhos,D,90,7.2,,0.0,,,78,76.0,97.4,1.0,,2.0,1.0,0,0,3.0,8.0
Strasbourg vs Paris Saint Germain,Paris Saint Germain,16367,Willian Pacho,D,90,6.6,,0.0,1.0,,89,82.0,92.1,3.0,5.0,,,0,0,3.0,4.0
Strasbourg vs Paris Saint Germain,Paris Saint Germain,263482,Nuno Mendes,D,90,7.9,1.0,0.0,1.0,1.0,102,92.0,90.2,1.0,2.0,,,0,0,4.0,7.0
Strasbourg vs Paris Saint Germain,Paris Saint Germain,336657,Warren Zaïre-Emery,M,90,7,,1.0,,,56,52.0,92.9,1.0,,,1.0,0,0,3.0,4.0
Strasbourg vs Paris Saint Germain,Paris Saint Germain,128384,Vitinha,M,90,7.2,,0.0,,,80,77.0,96.2,,4.0,,,0,0,1.0,2.0
Strasbourg vs Paris Saint Germain,Paris Saint Germain,335051,João Neves,M,90,6.9,,0.0,,,60,56.0,93.3,,,1.0,1.0,0,0,2.0,5.0
Strasbourg vs Paris Saint Germain,Paris Saint Germain,446249,Ibrahim Mbaye,F,45,6.6,,0.0,,,29,26.0,89.7,2.0,,,,0,0,3.0,4.0
Strasbourg vs Paris Saint Germain,Paris Saint Germain,409216,Senny Mayulu,F,59,7.7,1.0,0.0,2.0,1.0,19,14.0,73.7,1.0,,2.0,1.0,0,0,4.0,9.0
Strasbourg vs Paris Saint Germain,Paris Saint Germain,161904,Bradley Barcola,F,60,6.6,,1.0,,,20,16.0,80.0,,,,,0,0,2.0,4.0
Strasbourg vs Paris Saint Germain,Paris Saint Germain,343027,Désiré Doué,F,45,7,,0.0,1.0,,29,26.0,89.7,2.0,1.0,,2.0,0,0,7.0,10.0
Strasbourg vs Paris Saint Germain,Paris Saint Germain,153,Ousmane Dembélé,F,31,6.6,,0.0,,,10,9.0,90.0,,,,1.0,0,0,1.0,2.0
Strasbourg vs Paris Saint Germain,Paris Saint Germain,927,Kang-in Lee,M,30,7,,0.0,1.0,1.0,24,20.0,83.3,2.0,,,1.0,0,0,5.0,5.0
Metz vs Lille,Metz,158532,Jonathan Fischer,G,90,6.6,,0.0,,,42,21.0,50.0,,,,,0,0,,
Metz vs Lille,Metz,96331,Koffi Kouao,D,90,7.9,,0.0,1.0,,32,24.0,75.0,6.0,1.0,3.0,,1,0,9.0,15.0
Metz vs Lille,Metz,428084,Sadibou Sané,D,90,7.6,,0.0,,,46,39.0,84.8,1.0,2.0,,,0,0,4.0,4.0
Metz vs Lille,Metz,378353,Urie-Michel Mboula,D,90,7.3,,0.0,1.0,,44,41.0,93.2,,2.0,,,0,0,2.0,2.0
Metz vs Lille,Metz,105,Fodé Ballo-Touré,D,90,7.5,,0.0,,,26,24.0,92.3,3.0,2.0,1.0,3.0,0,0,8.0,12.0
Metz vs Lille,Metz,407,Benjamin Stambouli,M,70,7.2,,0.0,,,22,19.0,86.4,3.0,,2.0,1.0,0,0,5.0,7.0
Metz vs Lille,Metz,434352,Alpha Touré,M,90,6.2,,0.0,,,13,10.0,76.9,2.0,,1.0,,0,0,3.0,9.0
Metz vs Lille,Metz,343319,Lucas Michal,M,62,6.2,,0.0,,,16,14.0,87.5,,,1.0,1.0,0,0,4.0,15.0
Metz vs Lille,Metz,21640,Jessy Deminguet,M,70,6.6,,0.0,,,24,19.0,79.2,1.0,1.0,1.0,,0,0,2.0,5.0
Metz vs Lille,Metz,2181,Georgiy Tsitaishvili,M,89,7.3,,0.0,,,16,13.0,81.2,1.0,,,1.0,0,0,2.0,3.0
Metz vs Lille,Metz,20535,Habib Diallo,F,90,6.5,,0.0,1.0,,13,8.0,61.5,,,2.0,,0,0,7.0,20.0
Metz vs Lille,Metz,68177,Giorgi Abuashvili,F,28,6.6,,0.0,1.0,1.0,6,6.0,100.0,,1.0,,,0,0,1.0,1.0
Metz vs Lille,Metz,570580,Believe Munongo,M,20,6.7,,0.0,,,8,7.0,87.5,1.0,1.0,1.0,1.0,0,0,2.0,5.0
Metz vs Lille,Metz,20529,Gauthier Hein,M,20,6.9,,0.0,1.0,1.0,7,6.0,85.7,,,,,0,0,,1.0
Metz vs Lille,Metz,8490,Giorgi Kvilitaia,F,8,6.3,,0.0,,,3,3.0,100.0,,,,,0,0,,
Metz vs Lille,Lille,1337,Berke Özer,G,90,7.6,,0.0,,,38,27.0,71.1,1.0,,,,0,0,1.0,1.0
Metz vs Lille,Lille,379329,Tiago Santos,D,82,7.2,,0.0,,,18,17.0,94.4,1.0,,,,0,0,2.0,3.0
Metz vs Lille,Lille,1567,Aïssa Mandi,D,90,7.2,,0.0,,,62,56.0,90.3,,4.0,,,0,0,3.0,5.0
Metz vs Lille,Lille,142691,Alexsandro Ribeiro,D,90,7.5,,0.0,1.0,,79,73.0,92.4,2.0,1.0,1.0,3.0,0,0,8.0,13.0
Metz vs Lille,Lille,20600,Romain Perraud,D,82,7.3,,0.0,,,30,25.0,83.3,3.0,1.0,1.0,1.0,0,0,4.0,7.0
Metz vs Lille,Lille,2204,Benjamin André,M,90,7.5,,0.0,,,69,59.0,85.5,1.0,1.0,2.0,2.0,0,0,13.0,20.0
Metz vs Lille,Lille,438688,Ayyoub Bouaddi,M,90,7.2,,0.0,,,28,24.0,85.7,3.0,3.0,2.0,,0,0,6.0,9.0
Metz vs Lille,Lille,430816,Noah Edjouma,M,61,6.3,,0.0,1.0,,13,7.0,53.8,3.0,,1.0,1.0,0,0,4.0,10.0
Metz vs Lille,Lille,67889,Hakon Arnar Haraldsson,M,71,6.5,,0.0,2.0,,26,23.0,88.5,,,,1.0,0,0,1.0,6.0
Metz vs Lille,Lille,340077,Matías Fernández,M,90,6.7,,0.0,,,25,21.0,84.0,,,1.0,1.0,1,0,1.0,9.0
Metz vs Lille,Lille,2295,Olivier Giroud,F,71,6.2,,0.0,3.0,,9,5.0,55.6,1.0,1.0,,,0,0,1.0,2.0
Metz vs Lille,Lille,135749,Félix Correia,F,29,6.3,,0.0,2.0,1.0,12,9.0,75.0,,,,,0,0,,3.0
Metz vs Lille,Lille,20732,Gaëtan Perrin,F,19,6.2,,0.0,1.0,1.0,9,3.0,33.3,1.0,,1.0,1.0,0,0,2.0,5.0
Metz vs Lille,Lille,487381,Soriba Diaoune,F,19,7,,0.0,,,11,11.0,100.0,,1.0,,1.0,0,0,3.0,5.0
Metz vs Lille,Lille,37151,Calvin Verdonk,D,8,6.7,,0.0,,,9,7.0,77.8,,,,,0,0,,
Metz vs Lille,Lille,375598,Ngal'ayel Mukau,M,8,6.7,,0.0,,,4,3.0,75.0,,,,,0,0,1.0,1.0
Lens vs Rennes,Lens,347211,Robin Risser,G,90,6.6,,1.0,,,30,20.0,66.7,,,,,0,0,,
Lens vs Rennes,Lens,369500,Ismaelo Ganiou,D,90,7.3,,0.0,,,49,41.0,83.7,3.0,2.0,,3.0,0,0,6.0,8.0
Lens vs Rennes,Lens,322984,Samson Baidoo,D,60,6.7,,0.0,,,53,53.0,100.0,,1.0,,,0,0,,
Lens vs Rennes,Lens,22166,Malang Sarr,D,90,7.3,,0.0,,,70,62.0,88.6,1.0,1.0,,,0,0,2.0,4.0
Lens vs Rennes,Lens,21568,Ruben Aguilar,M,56,7.3,1.0,1.0,1.0,1.0,27,19.0,70.4,3.0,1.0,3.0,2.0,2,1,6.0,12.0
Lens vs Rennes,Lens,277306,Mamadou Sangare,M,89,6.9,,0.0,,,50,44.0,88.0,4.0,2.0,3.0,,1,0,6.0,12.0
Lens vs Rennes,Lens,22261,Adrien Thomasson,M,90,6,,0.0,1.0,,43,35.0,81.4,2.0,,2.0,1.0,1,0,4.0,12.0
Lens vs Rennes,Lens,20525,Matthieu Udol,M,90,6.6,,0.0,,,27,23.0,85.2,1.0,1.0,1.0,1.0,0,0,4.0,7.0
Lens vs Rennes,Lens,1922,Florian Thauvin,F,78,7.5,,1.0,1.0,,27,23.0,85.2,,,,3.0,0,0,5.0,9.0
Lens vs Rennes,Lens,21715,Wesley Saïd,F,61,6.9,,0.0,,,23,18.0,78.3,1.0,,1.0,2.0,0,0,6.0,10.0
Lens vs Rennes,Lens,1135,Odsonne Édouard,F,61,8.2,1.0,0.0,2.0,1.0,5,3.0,60.0,,,1.0,,0,0,3.0,8.0
Lens vs Rennes,Lens,441264,Kyllian Antonio,D,30,7.3,,0.0,,,8,7.0,87.5,1.0,1.0,,2.0,0,0,4.0,4.0
Lens vs Rennes,Lens,44594,Saud Abdulhamid,D,29,6.6,,0.0,,,7,6.0,85.7,1.0,1.0,,1.0,0,0,2.0,5.0
Lens vs Rennes,Lens,22173,Allan Saint-Maximin,F,29,7.7,1.0,0.0,1.0,1.0,5,5.0,100.0,,,1.0,1.0,0,0,3.0,8.0
Lens vs Rennes,Lens,1153,Amadou Haidara,M,12,6.7,,0.0,,,5,4.0,80.0,,,,,0,0,,
Lens vs Rennes,Rennes,361462,Mathys Silistrie,G,90,5.6,,0.0,,,32,28.0,87.5,,,,,0,0,,
Lens vs Rennes,Rennes,417830,Abdelhamid Ait Boudlal,D,29,7,,0.0,1.0,,7,6.0,85.7,3.0,,,,0,0,3.0,4.0
Lens vs Rennes,Rennes,367636,Jérémy Jacquet,D,69,6.7,,0.0,,,32,28.0,87.5,1.0,1.0,,,0,0,1.0,1.0
Lens vs Rennes,Rennes,129681,Anthony Rouault,D,64,6.2,,0.0,,,49,39.0,79.6,1.0,1.0,3.0,,0,0,3.0,9.0
Lens vs Rennes,Rennes,22097,Arnaud Nordin,M,64,6.9,,1.0,,,6,5.0,83.3,2.0,,1.0,2.0,1,0,4.0,7.0
Lens vs Rennes,Rennes,40403,Sebastian Szymański,M,64,6.7,,0.0,,,14,11.0,78.6,1.0,,1.0,,0,0,1.0,4.0
Lens vs Rennes,Rennes,21102,Valentin Rongier,M,90,6.7,,0.0,1.0,,54,46.0,85.2,5.0,3.0,2.0,2.0,0,0,8.0,16.0
Lens vs Rennes,Rennes,24147,Mahdi Camara,M,90,6.5,,0.0,2.0,,42,37.0,88.1,1.0,,1.0,1.0,0,0,2.0,8.0
Lens vs Rennes,Rennes,15286,Mousa Tamari,M,90,6.5,,0.0,2.0,,25,17.0,68.0,,,1.0,2.0,0,0,8.0,15.0
Lens vs Rennes,Rennes,163004,Esteban Lepaul,F,90,7.5,1.0,0.0,1.0,1.0,7,6.0,85.7,,,,,0,0,1.0,3.0
Lens vs Rennes,Rennes,421,Breel Embolo,F,90,5.9,,0.0,1.0,,17,12.0,70.6,,,3.0,3.0,1,0,4.0,12.0
Lens vs Rennes,Rennes,196187,Alidu Seidu,D,61,6.2,,0.0,,,36,35.0,97.2,2.0,,,2.0,0,0,4.0,6.0
Lens vs Rennes,Rennes,126757,Lilian Brassier,D,26,7.3,,0.0,,,33,30.0,90.9,1.0,,2.0,1.0,0,0,6.0,8.0
Lens vs Rennes,Rennes,272460,Quentin Merlin,D,26,6.7,,0.0,,,19,15.0,78.9,1.0,3.0,2.0,,0,0,3.0,6.0
Lens vs Rennes,Rennes,21497,Ludovic Blas,F,26,6.3,,0.0,,,9,9.0,100.0,,,,,0,0,1.0,1.0
Lens vs Rennes,Rennes,438281,Mahamadou Nagida,D,21,6.2,,0.0,1.0,,16,16.0,100.0,1.0,,1.0,,0,0,1.0,3.0
Stade Brestois 29 vs Lorient,Stade Brestois 29,21248,Grégoire Coudert,G,90,6.9,,0.0,,,26,14.0,53.8,,,,,0,0,,
Stade Brestois 29 vs Lorient,Stade Brestois 29,22247,Kenny Lala,D,90,7.9,,0.0,1.0,,49,35.0,71.4,4.0,1.0,,1.0,0,0,6.0,9.0
Stade Brestois 29 vs Lorient,Stade Brestois 29,20546,Brendan Chardonnet,D,90,6.9,,0.0,,,36,32.0,88.9,1.0,3.0,3.0,,0,0,5.0,11.0
Stade Brestois 29 vs Lorient,Stade Brestois 29,365742,Michel Diaz,D,90,7.9,,0.0,,,33,31.0,93.9,,,,1.0,0,0,3.0,4.0
Stade Brestois 29 vs Lorient,Stade Brestois 29,302868,Daouda Guindo,D,90,6.9,,0.0,1.0,1.0,27,20.0,74.1,1.0,2.0,1.0,1.0,0,0,4.0,6.0
Stade Brestois 29 vs Lorient,Stade Brestois 29,128287,Joris Chotard,M,90,7,,0.0,,,32,25.0,78.1,3.0,1.0,,1.0,0,0,4.0,8.0
Stade Brestois 29 vs Lorient,Stade Brestois 29,20558,Hugo Magnetti,M,90,7.2,,0.0,,,41,36.0,87.8,1.0,1.0,1.0,,1,0,3.0,7.0
Stade Brestois 29 vs Lorient,Stade Brestois 29,2214,Romain Del Castillo,M,89,6.9,,0.0,,,28,22.0,78.6,2.0,2.0,1.0,1.0,0,0,6.0,13.0
Stade Brestois 29 vs Lorient,Stade Brestois 29,326068,Kamory Doumbia,M,83,7.2,,0.0,1.0,,34,27.0,79.4,4.0,,1.0,1.0,0,0,7.0,17.0
Stade Brestois 29 vs Lorient,Stade Brestois 29,326073,Remy Labeau Lascary,M,73,7.3,1.0,0.0,2.0,1.0,16,13.0,81.2,2.0,1.0,3.0,,0,0,3.0,12.0
Stade Brestois 29 vs Lorient,Stade Brestois 29,22264,Ludovic Ajorque,F,90,7.9,1.0,0.0,2.0,2.0,24,16.0,66.7,1.0,,1.0,3.0,1,0,10.0,15.0
Stade Brestois 29 vs Lorient,Stade Brestois 29,90594,Junior Dina Ebimbe,M,17,6.2,,0.0,1.0,1.0,7,6.0,85.7,,,,,0,0,,2.0
Stade Brestois 29 vs Lorient,Stade Brestois 29,664,Lucas Tousart,M,16,6.7,,0.0,,,4,3.0,75.0,,,,,0,0,,
Stade Brestois 29 vs Lorient,Lorient,1142,Yvon Mvogo,G,90,7,,0.0,,,39,35.0,89.7,,,,1.0,0,0,1.0,1.0
Stade Brestois 29 vs Lorient,Lorient,193501,Bamo Meïté,D,90,6.2,,0.0,,,36,32.0,88.9,1.0,1.0,1.0,1.0,0,0,5.0,11.0
Stade Brestois 29 vs Lorient,Lorient,50030,Montassar Talbi,D,90,6.2,,0.0,2.0,2.0,58,52.0,89.7,,2.0,,,0,0,3.0,5.0
Stade Brestois 29 vs Lorient,Lorient,214310,Nathaniel Adjei,D,90,6.2,,0.0,,,47,41.0,87.2,2.0,2.0,2.0,,0,0,5.0,11.0
Stade Brestois 29 vs Lorient,Lorient,174703,Théo Le Bris,M,90,7.3,,0.0,1.0,,44,40.0,90.9,,2.0,,,0,0,3.0,5.0
Stade Brestois 29 vs Lorient,Lorient,402265,Arthur Avom Ebong,M,80,7.3,,0.0,,,65,52.0,80.0,3.0,1.0,,,0,0,5.0,9.0
Stade Brestois 29 vs Lorient,Lorient,20917,Laurent Abergel,M,90,7,,0.0,2.0,,83,73.0,88.0,1.0,,1.0,2.0,0,0,4.0,9.0
Stade Brestois 29 vs Lorient,Lorient,402386,Arsène Kouassi,M,64,6.5,,0.0,,,22,19.0,86.4,,,1.0,,0,0,2.0,5.0
Stade Brestois 29 vs Lorient,Lorient,22171,Jean-Victor Makengo,F,63,6.9,,0.0,,,24,18.0,75.0,,1.0,,2.0,0,0,6.0,9.0
Stade Brestois 29 vs Lorient,Lorient,276662,Pablo Pagis,F,73,7.2,,0.0,2.0,,37,31.0,83.8,2.0,1.0,1.0,1.0,0,0,6.0,11.0
Stade Brestois 29 vs Lorient,Lorient,284072,Ahmadou Bamba Dieng,F,63,6.6,,0.0,1.0,,15,11.0,73.3,,1.0,,2.0,0,0,7.0,10.0
Stade Brestois 29 vs Lorient,Lorient,144319,Sambou Soumano,F,27,6.2,,0.0,,,6,4.0,66.7,,,1.0,1.0,0,0,1.0,4.0
Stade Brestois 29 vs Lorient,Lorient,72457,Aiyegun Tosin,F,27,6.3,,0.0,1.0,,8,6.0,75.0,,,1.0,,0,0,,4.0
Stade Brestois 29 vs Lorient,Lorient,152669,Darlin Yongwa,D,26,6.3,,0.0,,,11,10.0,90.9,2.0,,1.0,,0,0,2.0,6.0
Stade Brestois 29 vs Lorient,Lorient,322865,Karim Dermane,M,17,6.9,,0.0,,,16,15.0,93.8,,1.0,1.0,1.0,0,0,3.0,4.0
Stade Brestois 29 vs Lorient,Lorient,200873,Mohamed Bamba,F,10,6.7,,0.0,,,4,4.0,100.0,1.0,,,,0,0,1.0,2.0
Nantes vs Lyon,Nantes,647,Anthony Lopes,G,90,7.2,,0.0,,,27,18.0,66.7,,,,,0,0,,
Nantes vs Lyon,Nantes,22134,Kelvin Amian,D,71,6.7,,0.0,,,28,23.0,82.1,,1.0,2.0,1.0,1,0,3.0,6.0
Nantes vs Lyon,Nantes,304427,Ali Youssef,D,90,7.6,,0.0,2.0,,57,45.0,78.9,3.0,1.0,1.0,1.0,1,0,10.0,13.0
Nantes vs Lyon,Nantes,21570,Nicolas Cozza,D,71,6.2,,0.0,,,27,20.0,74.1,,,,,0,0,,2.0
Nantes vs Lyon,Nantes,20654,Fabien Centonze,M,90,6.9,,0.0,1.0,,28,22.0,78.6,3.0,3.0,,,0,0,6.0,13.0
Nantes vs Lyon,Nantes,193952,Johann Lepenant,M,90,6.3,,0.0,,,44,36.0,81.8,5.0,2.0,1.0,1.0,0,0,7.0,12.0
Nantes vs Lyon,Nantes,197779,Mohamed Kaba,M,88,6.5,,0.0,1.0,,38,33.0,86.8,1.0,,1.0,,1,0,1.0,6.0
Nantes vs Lyon,Nantes,388779,Dehmaine Tabibou,M,63,7.3,,0.0,,,22,20.0,90.9,5.0,3.0,2.0,1.0,0,0,7.0,10.0
Nantes vs Lyon,Nantes,22093,Rémy Cabella,F,90,7.9,,0.0,,,61,54.0,88.5,1.0,,,2.0,0,0,9.0,10.0
Nantes vs Lyon,Nantes,161622,Matthis Abline,F,90,6.6,,0.0,1.0,,19,13.0,68.4,3.0,,2.0,2.0,1,0,5.0,12.0
Nantes vs Lyon,Nantes,2668,Mostafa Mohamed,F,45,5.9,,0.0,,,3,2.0,66.7,,1.0,1.0,1.0,0,0,2.0,12.0
Nantes vs Lyon,Nantes,42086,Youssef El Arabi,F,45,6.5,,0.0,3.0,2.0,11,10.0,90.9,,1.0,1.0,1.0,0,0,2.0,3.0
Nantes vs Lyon,Nantes,2483,Deiver Machado,D,27,7.2,,0.0,,,25,24.0,96.0,1.0,,,1.0,0,0,2.0,4.0
Nantes vs Lyon,Nantes,364810,Abakar Sylla,D,19,6.9,,0.0,1.0,,22,21.0,95.5,,,2.0,,0,0,2.0,4.0
Nantes vs Lyon,Nantes,924,Francis Coquelin,M,19,6.6,,0.0,1.0,,19,18.0,94.7,,,,,0,0,1.0,1.0
Nantes vs Lyon,Nantes,443676,Bahereba Guirassy,F,12,6.5,,0.0,,,5,4.0,80.0,,1.0,,,0,0,,2.0
Nantes vs Lyon,Lyon,61142,Dominik Greif,G,90,6.7,,0.0,,,28,15.0,53.6,,,,,1,0,,
Nantes vs Lyon,Lyon,1456,Ainsley Maitland-Niles,D,90,6.9,,0.0,1.0,,41,33.0,80.5,2.0,3.0,1.0,,0,0,4.0,8.0
Nantes vs Lyon,Lyon,68,Clinton Mata,D,90,8.3,,0.0,,,64,56.0,87.5,4.0,1.0,,2.0,0,0,7.0,9.0
Nantes vs Lyon,Lyon,25916,Moussa Niakhaté,D,90,7.3,,0.0,,,57,49.0,86.0,2.0,,3.0,1.0,0,0,6.0,10.0
Nantes vs Lyon,Lyon,9700,Abner Vinícius,D,90,6.9,,0.0,,,37,31.0,83.8,,,1.0,,0,0,2.0,6.0
Nantes vs Lyon,Lyon,80752,Tanner Tessmann,M,90,6.9,,0.0,3.0,,27,19.0,70.4,2.0,,,1.0,0,0,7.0,11.0
Nantes vs Lyon,Lyon,162590,Tyler Morton,M,90,7.3,,0.0,,,56,50.0,89.3,5.0,,,,0,0,5.0,8.0
Nantes vs Lyon,Lyon,361352,Noah Nartey,M,90,6.9,,0.0,1.0,,28,26.0,92.9,1.0,,,1.0,0,0,5.0,11.0
Nantes vs Lyon,Lyon,377122,Endrick,F,61,5.9,,0.0,1.0,1.0,14,12.0,85.7,,,2.0,3.0,1,1,3.0,12.0
Nantes vs Lyon,Lyon,66387,Pavel Šulc,F,89,6.2,1.0,0.0,1.0,1.0,12,9.0,75.0,,,2.0,3.0,0,0,5.0,17.0
Nantes vs Lyon,Lyon,345388,Afonso Moreira,F,86,7,,1.0,2.0,1.0,24,20.0,83.3,2.0,2.0,2.0,2.0,0,0,7.0,15.0
Nantes vs Lyon,Lyon,30423,Hans Hateboer,D,14,6.7,,0.0,,,0,,,1.0,,,,0,0,1.0,1.0
Nice vs Monaco,Nice,21079,Maxime Dupé,G,90,6.7,,0.0,,,25,11.0,44.0,,,,,0,0,,
Nice vs Monaco,Nice,25008,Jonathan Clauss,D,90,7.3,,0.0,1.0,,32,24.0,75.0,4.0,1.0,1.0,,0,0,4.0,8.0
Nice vs Monaco,Nice,404172,Kojo Peprah Oppong,D,90,7.2,,0.0,,,23,20.0,87.0,,2.0,,1.0,0,0,3.0,4.0
Nice vs Monaco,Nice,22163,Dante,D,90,7.2,,0.0,1.0,,33,26.0,78.8,1.0,2.0,1.0,,0,0,5.0,7.0
Nice vs Monaco,Nice,49583,Ali Abdi,D,90,6.5,,0.0,1.0,,26,17.0,65.4,,,1.0,1.0,0,0,7.0,20.0
Nice vs Monaco,Nice,1914,Morgan Sanson,M,84,7.5,,0.0,1.0,,34,32.0,94.1,2.0,4.0,1.0,,0,0,5.0,9.0
Nice vs Monaco,Nice,8680,Charles Vanhoutte,M,89,6.5,,0.0,,,37,29.0,78.4,,,1.0,,0,0,1.0,6.0
Nice vs Monaco,Nice,483118,Gabin Bernardeau,M,64,7.2,,0.0,1.0,1.0,27,16.0,59.3,3.0,,1.0,3.0,0,0,7.0,13.0
Nice vs Monaco,Nice,107,Sofiane Diop,M,84,6.3,,0.0,2.0,,42,32.0,76.2,2.0,1.0,1.0,3.0,1,0,5.0,13.0
Nice vs Monaco,Nice,193617,Tom Louchet,M,64,6.6,,0.0,,,18,12.0,66.7,2.0,,,1.0,0,0,3.0,7.0
Nice vs Monaco,Nice,162707,Elye Wahi,F,90,5.6,,0.0,2.0,2.0,16,11.0,68.8,,,3.0,1.0,1,0,1.0,9.0
Nice vs Monaco,Nice,662,Tanguy Ndombélé,M,26,6.3,,0.0,,,2,2.0,100.0,,,,,0,0,,1.0
Nice vs Monaco,Nice,405237,Kaïl Boudache,F,26,6.7,,0.0,1.0,,3,3.0,100.0,1.0,1.0,,,0,0,2.0,5.0
Nice vs Monaco,Nice,449509,Abdulay Juma Bah,D,13,6.9,,0.0,,,3,2.0,66.7,,1.0,,,0,0,2.0,2.0
Nice vs Monaco,Nice,105154,Isak Jansson,F,13,6.3,,0.0,,,6,4.0,66.7,,,,,0,0,,2.0
Nice vs Monaco,Monaco,7313,Philipp Köhn,G,90,7.7,,0.0,,,35,24.0,68.6,,,,1.0,0,0,1.0,1.0
Nice vs Monaco,Monaco,231,Jordan Teze,D,90,7.5,,0.0,1.0,,59,45.0,76.3,4.0,,1.0,,0,0,6.0,8.0
Nice vs Monaco,Monaco,2810,Denis Zakaria,D,90,7.7,,0.0,2.0,,35,34.0,97.1,3.0,2.0,1.0,1.0,0,0,7.0,9.0
Nice vs Monaco,Monaco,261,Thilo Kehrer,D,90,7.5,,0.0,,,48,40.0,83.3,4.0,2.0,1.0,,0,0,8.0,13.0
Nice vs Monaco,Monaco,81,Krépin Diatta,M,76,6.9,,0.0,,,43,32.0,74.4,3.0,,1.0,,0,0,7.0,11.0
Nice vs Monaco,Monaco,374058,Lamine Camara,M,90,7.6,,0.0,,,44,39.0,88.6,2.0,3.0,,1.0,0,0,6.0,7.0
Nice vs Monaco,Monaco,453792,Aladji Bamba,M,75,6.6,,0.0,,,32,24.0,75.0,1.0,1.0,2.0,3.0,0,0,5.0,9.0
Nice vs Monaco,Monaco,301771,Simon Adingra,M,75,6.5,,0.0,1.0,,20,13.0,65.0,2.0,,,,0,0,5.0,12.0
Nice vs Monaco,Monaco,274300,Maghnes Akliouche,F,90,7.3,,0.0,,,36,29.0,80.6,5.0,,,2.0,0,0,9.0,15.0
Nice vs Monaco,Monaco,109,Aleksandr Golovin,F,65,6.3,,0.0,1.0,1.0,30,22.0,73.3,1.0,1.0,1.0,,0,0,2.0,3.0
Nice vs Monaco,Monaco,138835,Folarin Balogun,F,90,5.3,,0.0,2.0,1.0,21,16.0,76.2,,,2.0,,1,0,,8.0
Nice vs Monaco,Monaco,10316,Caio Henrique,D,25,6.6,,0.0,,,5,4.0,80.0,,,,,0,0,,
Nice vs Monaco,Monaco,419035,Mamadou Coulibaly,M,15,6.6,,0.0,1.0,,10,7.0,70.0,1.0,1.0,1.0,,0,0,4.0,6.0
Nice vs Monaco,Monaco,283026,Mika Biereth,F,15,6.3,,0.0,,,2,1.0,50.0,,,,1.0,0,0,1.0,3.0
Nice vs Monaco,Monaco,291649,Vanderson,D,14,6.3,,0.0,,,13,7.0,53.8,,1.0,1.0,,1,0,,1.0
Angers vs Toulouse,Angers,22220,Hervé Koffi,G,90,8,,0.0,,,62,51.0,82.3,,,,1.0,0,0,1.0,1.0
Angers vs Toulouse,Angers,20850,Carlens Arcus,D,90,7.3,,0.0,,,55,47.0,85.5,4.0,1.0,2.0,2.0,1,0,7.0,10.0
Angers vs Toulouse,Angers,271540,Ousmane Camara,D,90,7.3,,0.0,,,57,56.0,98.2,2.0,2.0,,,0,0,8.0,11.0
Angers vs Toulouse,Angers,21381,Jordan Lefort,D,90,7.3,,0.0,,,86,75.0,87.2,3.0,1.0,1.0,,0,0,6.0,9.0
Angers vs Toulouse,Angers,343609,Jacques Ekomié,D,90,6.9,,0.0,,,35,28.0,80.0,1.0,2.0,2.0,2.0,1,0,5.0,11.0
Angers vs Toulouse,Angers,174708,Yassin Belkhdim,M,90,7.5,,0.0,1.0,,35,33.0,94.3,2.0,4.0,,4.0,0,0,9.0,13.0
Angers vs Toulouse,Angers,37652,Branco van den Boomen,M,90,7.5,,1.0,2.0,1.0,52,51.0,98.1,1.0,,2.0,,0,0,2.0,8.0
Angers vs Toulouse,Angers,174660,Lilian Raolisoa,M,90,8.2,1.0,0.0,2.0,1.0,22,19.0,86.4,2.0,,2.0,1.0,1,0,5.0,12.0
Angers vs Toulouse,Angers,289555,Louis Mouton,M,89,7.3,,0.0,2.0,1.0,28,21.0,75.0,2.0,1.0,,3.0,0,0,9.0,12.0
Angers vs Toulouse,Angers,191289,Amine Sbai,M,66,6.7,,0.0,,,12,9.0,75.0,,,1.0,3.0,0,0,5.0,11.0
Angers vs Toulouse,Angers,20817,Goduine Koyalipou,F,79,5.9,,0.0,3.0,1.0,21,15.0,71.4,2.0,,1.0,,0,0,5.0,16.0
Angers vs Toulouse,Angers,403277,Lanroy Machine,F,24,6.5,,0.0,1.0,,5,4.0,80.0,,,,,0,0,1.0,3.0
Angers vs Toulouse,Angers,457541,Prosper Peter,F,11,6.6,,0.0,,,3,2.0,66.7,,,,,0,0,3.0,4.0
Angers vs Toulouse,Toulouse,325346,Guillaume Restes,G,90,7.3,,0.0,,,20,19.0,95.0,,,,,0,0,1.0,1.0
Angers vs Toulouse,Toulouse,102,Djibril Sidibé,D,90,6.5,,0.0,,,60,52.0,86.7,1.0,,,1.0,0,0,3.0,6.0
Angers vs Toulouse,Toulouse,278392,Charlie Cresswell,D,90,6.7,,0.0,,,71,65.0,91.5,2.0,2.0,1.0,,0,0,7.0,15.0
Angers vs Toulouse,Toulouse,15793,Rasmus Nicolaisen,D,90,6.3,,0.0,,,48,41.0,85.4,2.0,2.0,1.0,1.0,0,0,4.0,5.0
Angers vs Toulouse,Toulouse,334952,Rafik Messali,M,81,6.6,,0.0,,,37,30.0,81.1,1.0,,3.0,2.0,0,0,5.0,11.0
Angers vs Toulouse,Toulouse,50956,Cristian Cásseres Jr.,M,90,7.3,,0.0,1.0,,61,49.0,80.3,7.0,2.0,1.0,,0,0,8.0,14.0
Angers vs Toulouse,Toulouse,339417,Pape Diop,M,81,7,,0.0,3.0,1.0,43,39.0,90.7,3.0,2.0,1.0,1.0,1,0,5.0,10.0
Angers vs Toulouse,Toulouse,39115,Aron Dønnum,M,74,6.7,,0.0,,,33,27.0,81.8,,,2.0,1.0,0,0,1.0,4.0
Angers vs Toulouse,Toulouse,362741,Santiago Hidalgo,F,74,6.7,,0.0,2.0,1.0,20,17.0,85.0,3.0,,4.0,2.0,0,0,7.0,16.0
Angers vs Toulouse,Toulouse,84128,Yann Gboho,F,90,6.5,,0.0,1.0,1.0,22,17.0,77.3,,1.0,1.0,1.0,0,0,6.0,17.0
Angers vs Toulouse,Toulouse,321648,Emersonn,F,63,6,,0.0,2.0,1.0,13,12.0,92.3,,,,,0,0,3.0,9.0
Angers vs Toulouse,Toulouse,457025,Julian Vignolo,F,27,6.9,,0.0,1.0,1.0,3,1.0,33.3,1.0,,,,0,0,2.0,3.0
Angers vs Toulouse,Toulouse,452697,Dayann Methalie,D,16,6.2,,0.0,,,4,3.0,75.0,1.0,,1.0,,0,0,1.0,5.0
Angers vs Toulouse,Toulouse,203428,Jacen Russell-Rowe,F,16,6.6,,0.0,,,4,2.0,50.0,,,,1.0,0,0,2.0,2.0
Angers vs Toulouse,Toulouse,50735,Mark McKenzie,D,9,6.3,,0.0,,,5,2.0,40.0,,,1.0,,1,0,,2.0
Angers vs Toulouse,Toulouse,304140,Mario Sauer,M,9,6.5,,0.0,,,2,1.0,50.0,,,,,0,0,,1.0
Auxerre vs Paris FC,Auxerre,20542,Donovan Léon,G,90,8.7,,0.0,,,27,14.0,51.9,,,,,0,0,1.0,1.0
Auxerre vs Paris FC,Auxerre,193953,Lamine Sy,D,90,6.7,,0.0,1.0,1.0,29,23.0,79.3,1.0,,1.0,,0,0,3.0,8.0
Auxerre vs Paris FC,Auxerre,162466,Sinaly Diomandé,D,90,7,,0.0,,,43,34.0,79.1,,1.0,1.0,,0,0,2.0,4.0
Auxerre vs Paris FC,Auxerre,191189,Clement Akpa,D,90,7.2,,0.0,,,55,40.0,72.7,1.0,,,1.0,0,0,7.0,9.0
Auxerre vs Paris FC,Auxerre,7578,Gideon Mensah,D,90,6.9,,0.0,,,50,42.0,84.0,1.0,1.0,1.0,,0,0,1.0,5.0
Auxerre vs Paris FC,Auxerre,152418,Naouirou Ahamada,M,78,6.9,,0.0,,,39,37.0,94.9,1.0,,,1.0,0,0,4.0,7.0
Auxerre vs Paris FC,Auxerre,21010,Elisha Owusu,M,90,6.6,,0.0,,,42,36.0,85.7,2.0,1.0,1.0,2.0,0,0,4.0,6.0
Auxerre vs Paris FC,Auxerre,323625,Kévin Danois,M,90,8,,0.0,,,51,46.0,90.2,2.0,,1.0,1.0,0,0,5.0,10.0
Auxerre vs Paris FC,Auxerre,174915,Josué Casimir,F,61,6.9,,0.0,,,18,14.0,77.8,3.0,2.0,,,0,0,6.0,8.0
Auxerre vs Paris FC,Auxerre,90617,Lassine Sinayoko,F,90,5.9,,0.0,4.0,1.0,22,18.0,81.8,,1.0,1.0,1.0,1,0,1.0,5.0
Auxerre vs Paris FC,Auxerre,19625,Danny Namaso,F,90,7.3,,0.0,1.0,,28,25.0,89.3,,,1.0,4.0,0,0,9.0,15.0
Auxerre vs Paris FC,Auxerre,322595,Lasso Coulibaly,M,29,6.6,,0.0,1.0,,9,9.0,100.0,,,,,0,0,1.0,2.0
Auxerre vs Paris FC,Auxerre,190686,Sékou Mara,F,12,6.5,,0.0,1.0,,2,2.0,100.0,,,1.0,,0,0,1.0,3.0
Auxerre vs Paris FC,Paris FC,1800,Kevin Trapp,G,90,7.5,,0.0,,,36,29.0,80.6,,,,,0,0,1.0,1.0
Auxerre vs Paris FC,Paris FC,20704,Alimami Gory,D,90,6.6,,0.0,1.0,,22,17.0,77.3,2.0,1.0,2.0,1.0,0,0,6.0,10.0
Auxerre vs Paris FC,Paris FC,174881,Moustapha Mbow,D,90,6.9,,0.0,,,44,39.0,88.6,4.0,2.0,2.0,1.0,1,0,7.0,14.0
Auxerre vs Paris FC,Paris FC,22086,Timothée Kolodziejczak,D,90,7.3,,0.0,,,58,52.0,89.7,1.0,1.0,,,0,0,4.0,5.0
Auxerre vs Paris FC,Paris FC,266013,Otávio,D,90,6.9,,0.0,,,62,51.0,82.3,1.0,,1.0,,0,0,2.0,7.0
Auxerre vs Paris FC,Paris FC,389322,Nhoa Sangui,D,90,7.2,,0.0,,,41,31.0,75.6,3.0,2.0,,1.0,0,0,4.0,7.0
Auxerre vs Paris FC,Paris FC,83831,Ilan Kebbal,M,63,6.9,,0.0,2.0,2.0,31,27.0,87.1,,1.0,1.0,,1,0,1.0,5.0
Auxerre vs Paris FC,Paris FC,1910,Maxime López,M,90,6.7,,0.0,,,72,66.0,91.7,1.0,,3.0,1.0,1,0,3.0,7.0
Auxerre vs Paris FC,Paris FC,84218,Adama Camara,M,45,6.7,,0.0,,,24,21.0,87.5,2.0,,2.0,1.0,1,0,3.0,8.0
Auxerre vs Paris FC,Paris FC,2781,Moses Simon,M,63,6.9,,0.0,1.0,,19,18.0,94.7,1.0,,,,0,0,2.0,5.0
Auxerre vs Paris FC,Paris FC,1863,Ciro Immobile,F,79,6.3,,0.0,1.0,1.0,18,14.0,77.8,,,,,0,0,1.0,6.0
Auxerre vs Paris FC,Paris FC,3080,Marshall Munetsi,M,45,6.3,,0.0,,,11,6.0,54.5,,,,,0,0,1.0,2.0
Auxerre vs Paris FC,Paris FC,22229,Jonathan Ikoné,F,27,6.6,,0.0,1.0,1.0,6,6.0,100.0,,,,,0,0,,2.0
Auxerre vs Paris FC,Paris FC,359603,Luca Koleosho,F,27,6.7,,0.0,,,9,5.0,55.6,1.0,,,,0,0,1.0,1.0
Auxerre vs Paris FC,Paris FC,22842,Jean-Philippe Krasso,F,11,6.6,,0.0,1.0,,2,2.0,100.0,,,,1.0,0,0,2.0,3.0
Le Havre vs Strasbourg,Le Havre,119853,Mory Diaw,G,90,6.3,,0.0,,,21,18.0,85.7,,,,,0,0,,
Le Havre vs Strasbourg,Le Havre,2336,Loic Négo,D,90,6.5,,0.0,2.0,1.0,39,32.0,82.1,2.0,1.0,2.0,1.0,0,0,3.0,6.0
Le Havre vs Strasbourg,Le Havre,513415,Stephan Zagadou,D,90,8,1.0,0.0,1.0,1.0,44,43.0,97.7,3.0,,3.0,,0,0,4.0,8.0
Le Havre vs Strasbourg,Le Havre,174927,Arouna Sangante,D,79,7.9,,1.0,1.0,1.0,65,61.0,93.8,1.0,,,1.0,0,0,4.0,4.0
Le Havre vs Strasbourg,Le Havre,437349,Enzo Koffi,D,63,6.7,,0.0,,,17,16.0,94.1,6.0,2.0,2.0,,0,0,8.0,17.0
Le Havre vs Strasbourg,Le Havre,364093,Simon Ebonog,M,89,6.3,,0.0,2.0,,23,18.0,78.3,3.0,,,,0,0,5.0,8.0
Le Havre vs Strasbourg,Le Havre,179843,Lucas Gourna-Douath,M,90,6.9,,0.0,,,42,38.0,90.5,3.0,,2.0,3.0,1,0,7.0,14.0
Le Havre vs Strasbourg,Le Havre,128342,Rassoul Ndiaye,M,90,6.9,,0.0,,,37,32.0,86.5,1.0,,1.0,1.0,0,0,2.0,6.0
Le Havre vs Strasbourg,Le Havre,174625,Fodé Doucouré,F,64,6.6,,0.0,,,16,12.0,75.0,2.0,,1.0,,0,0,2.0,4.0
Le Havre vs Strasbourg,Le Havre,156465,Issa Soumaré,F,90,7.9,1.0,0.0,3.0,2.0,10,7.0,70.0,,,2.0,1.0,1,0,4.0,8.0
Le Havre vs Strasbourg,Le Havre,2710,Sofiane Boufal,F,79,7,,1.0,1.0,1.0,37,27.0,73.0,2.0,,2.0,1.0,0,0,7.0,17.0
Le Havre vs Strasbourg,Le Havre,162067,Timothee Pembele,D,27,6.7,,0.0,1.0,,16,13.0,81.2,1.0,1.0,,,0,0,1.0,2.0
Le Havre vs Strasbourg,Le Havre,1945,Mbwana Ally Samatta,F,26,6.6,,0.0,,,5,3.0,60.0,2.0,,,,0,0,2.0,2.0
Le Havre vs Strasbourg,Le Havre,64255,Gautier Lloris,D,11,6.6,,0.0,,,7,7.0,100.0,,,,,0,0,,
Le Havre vs Strasbourg,Le Havre,174937,Yassine Kechta,M,11,6.7,,0.0,1.0,1.0,7,4.0,57.1,1.0,1.0,,1.0,0,0,2.0,3.0
Le Havre vs Strasbourg,Le Havre,460805,Daren Nbenbege Mosengo,M,8,6.3,,0.0,,,2,1.0,50.0,,,,,0,0,,
Le Havre vs Strasbourg,Strasbourg,340151,Mike Penders,G,90,7.3,,0.0,,,25,24.0,96.0,,,,1.0,0,0,1.0,1.0
Le Havre vs Strasbourg,Strasbourg,282549,Junior Mwanga,D,33,6.5,,0.0,,,10,8.0,80.0,,,,,0,0,1.0,2.0
Le Havre vs Strasbourg,Strasbourg,396193,Lucas Høgsberg,D,90,6.5,,0.0,,,36,34.0,94.4,,,,,0,0,1.0,3.0
Le Havre vs Strasbourg,Strasbourg,271542,Ismael Doukouré,D,29,4.5,,0.0,,,10,9.0,90.0,,,1.0,,0,1,,1.0
Le Havre vs Strasbourg,Strasbourg,2933,Ben Chilwell,D,90,6.3,,0.0,,,34,27.0,79.4,3.0,2.0,1.0,3.0,1,0,6.0,10.0
Le Havre vs Strasbourg,Strasbourg,415431,Samir El Mourabet,M,90,6.9,,0.0,1.0,,56,54.0,96.4,4.0,3.0,1.0,1.0,0,0,5.0,9.0
Le Havre vs Strasbourg,Strasbourg,319572,Valentín Barco,M,90,7,,0.0,,,74,66.0,89.2,2.0,,2.0,1.0,0,0,4.0,11.0
Le Havre vs Strasbourg,Strasbourg,335056,Diego Moreira,M,90,6.9,,0.0,,,41,28.0,68.3,7.0,,1.0,4.0,0,0,13.0,26.0
Le Havre vs Strasbourg,Strasbourg,70747,Julio Enciso,M,83,6.9,,0.0,1.0,1.0,22,20.0,90.9,3.0,,2.0,,0,0,6.0,10.0
Le Havre vs Strasbourg,Strasbourg,359386,Martial Godo,M,76,7.7,1.0,0.0,1.0,1.0,21,10.0,47.6,2.0,,1.0,2.0,0,0,4.0,8.0
Le Havre vs Strasbourg,Strasbourg,390742,Joaquin Panichelli,F,90,5.6,,0.0,,,14,9.0,64.3,,2.0,3.0,3.0,0,0,6.0,16.0
Le Havre vs Strasbourg,Strasbourg,147835,Andrew Omobamidele,D,57,6.6,,0.0,,,29,29.0,100.0,1.0,,,,0,0,1.0,1.0
Le Havre vs Strasbourg,Strasbourg,334035,Samuel Amo-Ameyaw,F,14,6.3,,0.0,,,12,10.0,83.3,,,,,0,0,,1.0
Le Havre vs Strasbourg,Strasbourg,226803,Sebastian Nanasi,M,14,6.3,,0.0,1.0,1.0,3,3.0,100.0,,,,,0,0,,
Paris Saint Germain vs Marseille,Paris Saint Germain,2068,Matvey Safonov,G,90,8.2,,0.0,,,30,26.0,86.7,,,,1.0,0,0,1.0,1.0
Paris Saint Germain vs Marseille,Paris Saint Germain,336657,Warren Zaïre-Emery,D,75,6.7,,0.0,,,36,33.0,91.7,1.0,3.0,1.0,,1,0,2.0,7.0
Paris Saint Germain vs Marseille,Paris Saint Germain,257,Marquinhos,D,90,7.9,,0.0,,,58,53.0,91.4,3.0,2.0,,,0,0,7.0,8.0
Paris Saint Germain vs Marseille,Paris Saint Germain,16367,Willian Pacho,D,90,6.9,,0.0,,,57,52.0,91.2,3.0,1.0,,,0,0,4.0,9.0
Paris Saint Germain vs Marseille,Paris Saint Germain,263482,Nuno Mendes,D,90,9.9,,1.0,3.0,1.0,61,58.0,95.1,1.0,1.0,,3.0,0,0,9.0,10.0
Paris Saint Germain vs Marseille,Paris Saint Germain,409216,Senny Mayulu,M,75,6.9,,2.0,1.0,,26,21.0,80.8,2.0,1.0,1.0,1.0,0,0,3.0,5.0
Paris Saint Germain vs Marseille,Paris Saint Germain,128384,Vitinha,M,90,7.3,,0.0,,,91,84.0,92.3,1.0,2.0,1.0,1.0,1,0,2.0,3.0
Paris Saint Germain vs Marseille,Paris Saint Germain,335051,João Neves,M,90,7.3,,0.0,1.0,1.0,59,53.0,89.8,2.0,,3.0,3.0,0,0,9.0,14.0
Paris Saint Germain vs Marseille,Paris Saint Germain,343027,Désiré Doué,F,62,6.6,,0.0,4.0,1.0,28,23.0,82.1,1.0,,2.0,2.0,0,0,3.0,10.0
Paris Saint Germain vs Marseille,Paris Saint Germain,153,Ousmane Dembélé,F,75,10,2.0,1.0,3.0,2.0,20,16.0,80.0,,,,,0,0,5.0,6.0
Paris Saint Germain vs Marseille,Paris Saint Germain,161904,Bradley Barcola,F,68,6.9,,0.0,3.0,,25,19.0,76.0,,1.0,,2.0,0,0,3.0,8.0
Paris Saint Germain vs Marseille,Paris Saint Germain,483,Khvicha Kvaratskhelia,F,28,7.3,1.0,0.0,2.0,1.0,18,16.0,88.9,,,,,0,0,1.0,1.0
Paris Saint Germain vs Marseille,Paris Saint Germain,927,Kang-in Lee,M,22,8.5,1.0,0.0,1.0,1.0,10,9.0,90.0,,,1.0,,0,0,,4.0
Paris Saint Germain vs Marseille,Paris Saint Germain,33,Lucas Hernández,D,15,6.9,,0.0,,,13,13.0,100.0,,,,1.0,0,0,1.0,1.0
Paris Saint Germain vs Marseille,Paris Saint Germain,491087,Dro Fernández,M,15,7,,0.0,,,11,11.0,100.0,,,,3.0,0,0,4.0,4.0
Paris Saint Germain vs Marseille,Paris Saint Germain,41585,Gonçalo Ramos,F,15,6.2,,0.0,1.0,,5,4.0,80.0,,,2.0,1.0,0,0,1.0,3.0
Paris Saint Germain vs Marseille,Marseille,36827,Jeffrey de Lange,G,90,5.6,,0.0,,,30,18.0,60.0,,,,,0,0,,1.0
Paris Saint Germain vs Marseille,Marseille,1138,Timothy Weah,D,90,5,,0.0,,,28,25.0,89.3,,,3.0,,0,0,,5.0
Paris Saint Germain vs Marseille,Marseille,2725,Benjamin Pavard,D,62,6.9,,0.0,,,23,21.0,91.3,1.0,1.0,,1.0,0,0,5.0,6.0
Paris Saint Germain vs Marseille,Marseille,6,Leonardo Balerdi,D,90,5.3,,0.0,,,35,28.0,80.0,3.0,,4.0,1.0,1,0,4.0,11.0
Paris Saint Germain vs Marseille,Marseille,6231,Facundo Medina,D,90,5.2,,0.0,1.0,,59,53.0,89.8,1.0,2.0,2.0,1.0,0,0,2.0,5.0
Paris Saint Germain vs Marseille,Marseille,2284,Emerson Palmieri,D,90,6.3,,0.0,,,46,38.0,82.6,4.0,,2.0,2.0,1,0,9.0,14.0
Paris Saint Germain vs Marseille,Marseille,313236,Ethan Nwaneri,M,45,6.3,,0.0,,,17,13.0,76.5,2.0,1.0,,,0,0,2.0,7.0
Paris Saint Germain vs Marseille,Marseille,2735,Pierre-Emile Højbjerg,M,90,6.2,,0.0,,,53,45.0,84.9,1.0,3.0,,1.0,0,0,3.0,7.0
Paris Saint Germain vs Marseille,Marseille,38747,Quinten Timber,M,90,6,,0.0,1.0,,28,22.0,78.6,1.0,,1.0,1.0,0,0,2.0,4.0
Paris Saint Germain vs Marseille,Marseille,897,Mason Greenwood,M,80,6,,0.0,,,31,26.0,83.9,,,1.0,,0,0,2.0,9.0
Paris Saint Germain vs Marseille,Marseille,85041,Amine Gouiri,F,90,6.2,,0.0,1.0,1.0,29,22.0,75.9,,1.0,1.0,1.0,0,0,4.0,11.0
Paris Saint Germain vs Marseille,Marseille,9363,Igor Paixão,F,45,6.6,,0.0,1.0,1.0,8,5.0,62.5,1.0,,1.0,2.0,0,0,5.0,10.0
Paris Saint Germain vs Marseille,Marseille,20692,Himad Abdelli,M,28,6,,0.0,1.0,1.0,7,4.0,57.1,,,2.0,,0,0,,2.0
Paris Saint Germain vs Marseille,Marseille,283216,Bilal Nadir,M,10,6.7,,0.0,,,1,1.0,100.0,,,1.0,,0,0,1.0,2.0
Rennes vs Paris Saint Germain,Rennes,21628,Brice Samba,G,90,9.5,,0.0,,,37,22.0,59.5,,,,1.0,0,0,1.0,1.0
Rennes vs Paris Saint Germain,Rennes,438281,Mahamadou Nagida,D,90,6.9,,0.0,,,40,29.0,72.5,1.0,,1.0,,0,0,4.0,8.0
Rennes vs Paris Saint Germain,Rennes,129681,Anthony Rouault,D,90,7.3,,0.0,,,24,19.0,79.2,,1.0,,,0,0,1.0,5.0
Rennes vs Paris Saint Germain,Rennes,126757,Lilian Brassier,D,90,7.3,,0.0,,,23,18.0,78.3,3.0,3.0,1.0,2.0,0,0,6.0,9.0
Rennes vs Paris Saint Germain,Rennes,272460,Quentin Merlin,D,90,6.6,,0.0,1.0,1.0,25,13.0,52.0,3.0,1.0,2.0,,0,0,3.0,9.0
Rennes vs Paris Saint Germain,Rennes,21102,Valentin Rongier,M,90,6.6,,0.0,,,44,41.0,93.2,3.0,,,,0,0,3.0,7.0
Rennes vs Paris Saint Germain,Rennes,24147,Mahdi Camara,M,90,6.7,,0.0,,,27,24.0,88.9,,,,,0,0,1.0,4.0
Rennes vs Paris Saint Germain,Rennes,15286,Mousa Tamari,M,89,7.2,1.0,0.0,1.0,1.0,25,17.0,68.0,,1.0,,1.0,0,0,4.0,13.0
Rennes vs Paris Saint Germain,Rennes,40403,Sebastian Szymański,M,74,6.5,,1.0,,,15,10.0,66.7,2.0,,2.0,1.0,0,0,3.0,9.0
Rennes vs Paris Saint Germain,Rennes,22097,Arnaud Nordin,M,65,6.7,,0.0,2.0,,6,6.0,100.0,,,1.0,2.0,0,0,2.0,5.0
Rennes vs Paris Saint Germain,Rennes,163004,Esteban Lepaul,F,74,7.3,1.0,0.0,2.0,1.0,13,12.0,92.3,1.0,,1.0,,0,0,2.0,4.0
Rennes vs Paris Saint Germain,Rennes,21497,Ludovic Blas,F,25,7.2,,1.0,,,11,9.0,81.8,,,1.0,,0,0,,2.0
Rennes vs Paris Saint Germain,Rennes,343792,Djaoui Cissé,M,16,6.9,,0.0,1.0,,6,5.0,83.3,3.0,,1.0,,0,0,3.0,5.0
Rennes vs Paris Saint Germain,Rennes,421,Breel Embolo,F,16,7.2,1.0,0.0,1.0,1.0,6,5.0,83.3,,,,1.0,0,0,2.0,4.0
Rennes vs Paris Saint Germain,Paris Saint Germain,2068,Matvey Safonov,G,90,6.2,,0.0,,,21,20.0,95.2,,,,,0,0,,
Rennes vs Paris Saint Germain,Paris Saint Germain,9,Achraf Hakimi,D,90,6.5,,0.0,,,70,61.0,87.1,,1.0,,2.0,0,0,3.0,4.0
Rennes vs Paris Saint Germain,Paris Saint Germain,161671,Ilya Zabarnyi,D,90,6.3,,0.0,,,77,71.0,92.2,2.0,,2.0,,0,0,3.0,6.0
Rennes vs Paris Saint Germain,Paris Saint Germain,16367,Willian Pacho,D,90,6.7,,0.0,,,69,66.0,95.7,1.0,,,,0,0,4.0,6.0
Rennes vs Paris Saint Germain,Paris Saint Germain,263482,Nuno Mendes,D,90,6.9,,0.0,,,64,56.0,87.5,7.0,1.0,1.0,,0,0,8.0,14.0
Rennes vs Paris Saint Germain,Paris Saint Germain,336657,Warren Zaïre-Emery,M,90,6.6,,0.0,1.0,,49,46.0,93.9,1.0,,,,0,0,4.0,6.0
Rennes vs Paris Saint Germain,Paris Saint Germain,128384,Vitinha,M,90,7.3,,0.0,,,103,96.0,93.2,1.0,2.0,1.0,2.0,0,0,3.0,4.0
Rennes vs Paris Saint Germain,Paris Saint Germain,335051,João Neves,M,71,6.2,,0.0,1.0,,43,34.0,79.1,4.0,,,1.0,0,0,7.0,8.0
Rennes vs Paris Saint Germain,Paris Saint Germain,343027,Désiré Doué,F,60,6.3,,0.0,3.0,1.0,36,32.0,88.9,1.0,,2.0,2.0,0,0,5.0,11.0
Rennes vs Paris Saint Germain,Paris Saint Germain,153,Ousmane Dembélé,F,74,8.2,1.0,0.0,3.0,2.0,24,20.0,83.3,1.0,,,,0,0,1.0,6.0
Rennes vs Paris Saint Germain,Paris Saint Germain,483,Khvicha Kvaratskhelia,F,60,7.3,,0.0,,,26,21.0,80.8,1.0,,1.0,1.0,0,0,3.0,6.0
Rennes vs Paris Saint Germain,Paris Saint Germain,927,Kang-in Lee,M,30,6.9,,0.0,1.0,1.0,18,17.0,94.4,1.0,,1.0,1.0,0,0,4.0,7.0
Rennes vs Paris Saint Germain,Paris Saint Germain,161904,Bradley Barcola,F,30,7.5,,0.0,1.0,1.0,13,11.0,84.6,1.0,,,,0,0,3.0,4.0
Rennes vs Paris Saint Germain,Paris Saint Germain,491087,Dro Fernández,M,19,6.7,,0.0,,,13,12.0,92.3,,,,1.0,0,0,1.0,1.0
Rennes vs Paris Saint Germain,Paris Saint Germain,41585,Gonçalo Ramos,F,16,6.9,,0.0,4.0,2.0,5,4.0,80.0,,,1.0,,0,0,1.0,2.0
Monaco vs Nantes,Monaco,7313,Philipp Köhn,G,90,6.5,,0.0,,,23,10.0,43.5,,,,,0,0,1.0,1.0
Monaco vs Nantes,Monaco,291649,Vanderson,D,76,7,,0.0,,,51,38.0,74.5,5.0,4.0,3.0,,0,0,7.0,9.0
Monaco vs Nantes,Monaco,261,Thilo Kehrer,D,90,7.2,,0.0,1.0,,38,30.0,78.9,4.0,1.0,,,0,0,7.0,8.0
Monaco vs Nantes,Monaco,8694,Wout Faes,D,90,7.3,,0.0,1.0,1.0,34,32.0,94.1,2.0,1.0,1.0,,0,0,4.0,6.0
Monaco vs Nantes,Monaco,10316,Caio Henrique,D,90,7,,0.0,,,46,41.0,89.1,1.0,1.0,1.0,,0,0,1.0,6.0
Monaco vs Nantes,Monaco,2810,Denis Zakaria,M,76,7.3,1.0,0.0,1.0,1.0,31,26.0,83.9,1.0,,,,0,0,1.0,5.0
Monaco vs Nantes,Monaco,374058,Lamine Camara,M,62,6.9,,0.0,,,40,35.0,87.5,4.0,,3.0,1.0,1,0,5.0,12.0
Monaco vs Nantes,Monaco,274300,Maghnes Akliouche,M,43,6.6,,0.0,,,27,26.0,96.3,1.0,,1.0,1.0,0,0,2.0,5.0
Monaco vs Nantes,Monaco,109,Aleksandr Golovin,M,65,6.2,,2.0,,,38,29.0,76.3,,1.0,1.0,,2,1,1.0,5.0
Monaco vs Nantes,Monaco,301771,Simon Adingra,M,90,8.9,2.0,0.0,3.0,2.0,22,20.0,90.9,,1.0,,2.0,0,0,7.0,18.0
Monaco vs Nantes,Monaco,138835,Folarin Balogun,F,76,6.5,,0.0,2.0,1.0,12,7.0,58.3,1.0,,2.0,3.0,0,0,5.0,9.0
Monaco vs Nantes,Monaco,419035,Mamadou Coulibaly,M,47,5.9,,0.0,,,19,15.0,78.9,1.0,,1.0,,1,0,1.0,9.0
Monaco vs Nantes,Monaco,135775,Ansu Fati,F,28,6.6,,0.0,1.0,1.0,8,7.0,87.5,,1.0,,,0,0,2.0,3.0
Monaco vs Nantes,Monaco,231,Jordan Teze,D,14,6.6,,0.0,,,8,6.0,75.0,,,1.0,,1,0,,2.0
Monaco vs Nantes,Monaco,81,Krépin Diatta,M,14,6.9,,0.0,,,3,1.0,33.3,,1.0,1.0,1.0,0,0,2.0,4.0
Monaco vs Nantes,Monaco,283026,Mika Biereth,F,14,6.7,,0.0,,,7,3.0,42.9,2.0,,,,0,0,2.0,4.0
Monaco vs Nantes,Nantes,647,Anthony Lopes,G,90,7.3,,0.0,,,25,21.0,84.0,,,,2.0,0,0,2.0,2.0
Monaco vs Nantes,Nantes,50026,Chidozie Awaziem,D,90,6.9,,0.0,,,56,50.0,89.3,4.0,1.0,2.0,1.0,1,0,6.0,10.0
Monaco vs Nantes,Nantes,304427,Ali Youssef,D,78,6.3,,0.0,,,36,29.0,80.6,,,,1.0,0,0,3.0,3.0
Monaco vs Nantes,Nantes,364810,Abakar Sylla,D,45,5.2,,0.0,1.0,,25,19.0,76.0,,,,,0,0,3.0,6.0
Monaco vs Nantes,Nantes,20654,Fabien Centonze,M,90,7.3,1.0,0.0,1.0,1.0,32,24.0,75.0,4.0,1.0,,,0,0,4.0,6.0
Monaco vs Nantes,Nantes,924,Francis Coquelin,M,66,6.7,,0.0,,,27,21.0,77.8,,1.0,1.0,1.0,0,0,5.0,9.0
Monaco vs Nantes,Nantes,197779,Mohamed Kaba,M,66,6.3,,0.0,,,25,20.0,80.0,2.0,1.0,,3.0,0,0,6.0,7.0
Monaco vs Nantes,Nantes,2483,Deiver Machado,M,90,5.9,,1.0,1.0,,45,38.0,84.4,,2.0,2.0,1.0,0,0,1.0,10.0
Monaco vs Nantes,Nantes,388779,Dehmaine Tabibou,F,90,7.7,,0.0,1.0,,33,25.0,75.8,6.0,,,,0,0,13.0,16.0
Monaco vs Nantes,Nantes,22093,Rémy Cabella,F,66,6.7,,0.0,,,49,43.0,87.8,,,1.0,2.0,0,0,2.0,6.0
Monaco vs Nantes,Nantes,161622,Matthis Abline,F,90,6.5,,0.0,2.0,1.0,18,12.0,66.7,,,,1.0,0,0,4.0,12.0
Monaco vs Nantes,Nantes,21570,Nicolas Cozza,D,45,7.2,,0.0,,,40,38.0,95.0,3.0,1.0,,,0,0,4.0,8.0
Monaco vs Nantes,Nantes,193952,Johann Lepenant,M,24,7,,0.0,,,18,15.0,83.3,1.0,,,1.0,0,0,3.0,3.0
Monaco vs Nantes,Nantes,22260,Ibrahima Sissoko,M,24,6.5,,0.0,,,21,20.0,95.2,,,2.0,,1,0,,4.0
Monaco vs Nantes,Nantes,22177,Ignatius Ganago,F,24,6.5,,0.0,1.0,,5,4.0,80.0,,,,,0,0,2.0,2.0
Monaco vs Nantes,Nantes,42086,Youssef El Arabi,F,12,6.5,,0.0,,,7,6.0,85.7,,,,,0,0,,2.0
Marseille vs Strasbourg,Marseille,47296,Gerónimo Rulli,G,90,6.9,,0.0,,,28,14.0,50.0,,,,2.0,0,0,2.0,2.0
Marseille vs Strasbourg,Marseille,1138,Timothy Weah,D,90,6.9,,0.0,1.0,,34,28.0,82.4,2.0,1.0,,,1,0,4.0,5.0
Marseille vs Strasbourg,Marseille,2725,Benjamin Pavard,D,90,6,,0.0,,,34,30.0,88.2,,1.0,1.0,,1,0,1.0,3.0
Marseille vs Strasbourg,Marseille,21694,Nayef Aguerd,D,90,6.2,,0.0,,,45,38.0,84.4,,4.0,2.0,,1,0,4.0,8.0
Marseille vs Strasbourg,Marseille,2284,Emerson Palmieri,D,90,6.3,,0.0,,,40,34.0,85.0,5.0,,2.0,2.0,0,0,9.0,13.0
Marseille vs Strasbourg,Marseille,2735,Pierre-Emile Højbjerg,M,90,6.9,,0.0,,,53,45.0,84.9,3.0,3.0,,2.0,0,0,5.0,8.0
Marseille vs Strasbourg,Marseille,38747,Quinten Timber,M,90,6.9,,0.0,1.0,,45,41.0,91.1,5.0,1.0,,2.0,0,0,10.0,20.0
Marseille vs Strasbourg,Marseille,897,Mason Greenwood,M,90,7.3,1.0,0.0,4.0,2.0,34,28.0,82.4,2.0,1.0,3.0,,0,0,6.0,11.0
Marseille vs Strasbourg,Marseille,283216,Bilal Nadir,M,71,6.6,,0.0,,,39,36.0,92.3,3.0,2.0,1.0,,0,0,4.0,7.0
Marseille vs Strasbourg,Marseille,1465,Pierre-Emerick Aubameyang,M,71,8.3,,0.0,2.0,2.0,27,24.0,88.9,3.0,1.0,1.0,2.0,0,0,6.0,11.0
Marseille vs Strasbourg,Marseille,85041,Amine Gouiri,F,85,8.2,1.0,1.0,1.0,1.0,23,21.0,91.3,2.0,,,,0,0,4.0,13.0
Marseille vs Strasbourg,Marseille,20692,Himad Abdelli,M,19,6.3,,0.0,,,18,16.0,88.9,,,,,0,0,,1.0
Marseille vs Strasbourg,Marseille,9363,Igor Paixão,F,19,6.5,,0.0,1.0,1.0,7,5.0,71.4,,,1.0,,1,0,2.0,4.0
Marseille vs Strasbourg,Marseille,6231,Facundo Medina,D,15,6.3,,0.0,,,2,2.0,100.0,,,,,0,0,,
Marseille vs Strasbourg,Strasbourg,340151,Mike Penders,G,90,6.9,,0.0,,,26,25.0,96.2,,,,,0,0,,
Marseille vs Strasbourg,Strasbourg,161747,Guéla Doué,D,90,6.3,,0.0,1.0,1.0,51,40.0,78.4,2.0,,4.0,1.0,0,0,9.0,18.0
Marseille vs Strasbourg,Strasbourg,396193,Lucas Høgsberg,D,64,6.2,,0.0,1.0,,51,49.0,96.1,1.0,,,1.0,0,0,2.0,5.0
Marseille vs Strasbourg,Strasbourg,147835,Andrew Omobamidele,D,90,6.7,,0.0,,,63,60.0,95.2,,2.0,,1.0,0,0,3.0,3.0
Marseille vs Strasbourg,Strasbourg,2933,Ben Chilwell,D,85,6.5,,0.0,1.0,,51,50.0,98.0,,,,,0,0,2.0,4.0
Marseille vs Strasbourg,Strasbourg,319572,Valentín Barco,M,90,7.2,,0.0,,,91,81.0,89.0,4.0,1.0,1.0,1.0,1,0,6.0,11.0
Marseille vs Strasbourg,Strasbourg,415431,Samir El Mourabet,M,45,6.2,,0.0,,,42,36.0,85.7,4.0,1.0,,1.0,0,0,5.0,6.0
Marseille vs Strasbourg,Strasbourg,335056,Diego Moreira,M,90,6.3,,0.0,1.0,1.0,48,42.0,87.5,3.0,3.0,1.0,,0,0,7.0,20.0
Marseille vs Strasbourg,Strasbourg,70747,Julio Enciso,M,63,6.2,,0.0,,,27,23.0,85.2,,,1.0,,0,0,2.0,8.0
Marseille vs Strasbourg,Strasbourg,359386,Martial Godo,M,90,6.7,,1.0,1.0,,33,29.0,87.9,,2.0,1.0,2.0,0,0,3.0,10.0
Marseille vs Strasbourg,Strasbourg,390742,Joaquin Panichelli,F,90,6.3,1.0,0.0,3.0,1.0,15,13.0,86.7,,,2.0,2.0,1,0,3.0,10.0
Marseille vs Strasbourg,Strasbourg,358166,Abdoul Ouattara,M,45,6.9,,0.0,,,28,26.0,92.9,2.0,,,,0,0,2.0,2.0
Marseille vs Strasbourg,Strasbourg,226803,Sebastian Nanasi,M,27,7.3,1.0,0.0,2.0,1.0,10,7.0,70.0,,,,,0,0,,1.0
Marseille vs Strasbourg,Strasbourg,369544,Gessime Yassine,F,25,7.2,,0.0,1.0,,11,7.0,63.6,,,,2.0,0,0,4.0,7.0
Marseille vs Strasbourg,Strasbourg,291476,David Datro Fofana,F,15,6.7,,0.0,,,2,2.0,100.0,1.0,,,,0,0,1.0,1.0
Lille vs Stade Brestois 29,Lille,1337,Berke Özer,G,90,6.3,,0.0,,,21,21.0,100.0,,,,,0,0,,
Lille vs Stade Brestois 29,Lille,438688,Ayyoub Bouaddi,D,85,7.3,,0.0,,,65,60.0,92.3,4.0,1.0,,2.0,0,0,7.0,9.0
Lille vs Stade Brestois 29,Lille,375,Chancel Mbemba,D,90,7,,0.0,,,89,82.0,92.1,,2.0,,1.0,0,0,2.0,4.0
Lille vs Stade Brestois 29,Lille,142691,Alexsandro Ribeiro,D,90,7.7,,0.0,3.0,,82,73.0,89.0,2.0,2.0,3.0,1.0,0,0,9.0,14.0
Lille vs Stade Brestois 29,Lille,20600,Romain Perraud,D,90,6.9,,0.0,,,57,51.0,89.5,,2.0,,,0,0,4.0,7.0
Lille vs Stade Brestois 29,Lille,2204,Benjamin André,M,90,7.3,,0.0,1.0,,65,53.0,81.5,2.0,1.0,1.0,3.0,0,0,7.0,12.0
Lille vs Stade Brestois 29,Lille,67889,Hakon Arnar Haraldsson,M,74,7,,0.0,1.0,,64,60.0,93.8,1.0,1.0,,,0,0,2.0,4.0
Lille vs Stade Brestois 29,Lille,375598,Ngal'ayel Mukau,M,66,6.3,,0.0,2.0,1.0,36,29.0,80.6,,1.0,,1.0,0,0,2.0,7.0
Lille vs Stade Brestois 29,Lille,487381,Soriba Diaoune,M,66,6.3,,0.0,1.0,1.0,15,11.0,73.3,1.0,,,,0,0,2.0,6.0
Lille vs Stade Brestois 29,Lille,135749,Félix Correia,M,74,7.2,,1.0,,,46,34.0,73.9,,1.0,,,0,0,3.0,8.0
Lille vs Stade Brestois 29,Lille,340077,Matías Fernández,F,90,6.7,,0.0,3.0,2.0,21,17.0,81.0,1.0,,,1.0,0,0,4.0,6.0
Lille vs Stade Brestois 29,Lille,20732,Gaëtan Perrin,F,24,7.9,1.0,0.0,1.0,1.0,9,8.0,88.9,1.0,,1.0,,0,0,3.0,4.0
Lille vs Stade Brestois 29,Lille,409,Nabil Bentaleb,M,24,6.9,,0.0,,,30,25.0,83.3,,,1.0,,0,0,,3.0
Lille vs Stade Brestois 29,Lille,318416,Marius Sivertsen Broholm,F,16,6.9,,0.0,,,7,4.0,57.1,2.0,,,1.0,0,0,3.0,3.0
Lille vs Stade Brestois 29,Lille,2295,Olivier Giroud,F,16,6.5,,0.0,,,2,1.0,50.0,,,,,0,0,,
Lille vs Stade Brestois 29,Lille,379329,Tiago Santos,D,10,6.9,,0.0,,,5,5.0,100.0,1.0,,,1.0,0,0,2.0,3.0
Lille vs Stade Brestois 29,Stade Brestois 29,21248,Grégoire Coudert,G,90,7,,0.0,,,27,14.0,51.9,,,,,0,0,,
Lille vs Stade Brestois 29,Stade Brestois 29,22247,Kenny Lala,D,90,6.2,,0.0,1.0,1.0,27,20.0,74.1,1.0,1.0,1.0,,0,0,1.0,5.0
Lille vs Stade Brestois 29,Stade Brestois 29,20546,Brendan Chardonnet,D,90,7.2,,0.0,,,28,21.0,75.0,2.0,,,,0,0,5.0,7.0
Lille vs Stade Brestois 29,Stade Brestois 29,365742,Michel Diaz,D,90,7.3,,0.0,,,30,24.0,80.0,1.0,2.0,,,0,0,2.0,3.0
Lille vs Stade Brestois 29,Stade Brestois 29,302868,Daouda Guindo,D,90,6.3,,0.0,2.0,1.0,25,18.0,72.0,2.0,4.0,1.0,,0,0,2.0,6.0
Lille vs Stade Brestois 29,Stade Brestois 29,128287,Joris Chotard,M,90,7.6,,0.0,,,24,18.0,75.0,8.0,5.0,1.0,,0,0,8.0,11.0
Lille vs Stade Brestois 29,Stade Brestois 29,20558,Hugo Magnetti,M,90,6.9,,0.0,,,21,17.0,81.0,2.0,4.0,,,0,0,3.0,6.0
Lille vs Stade Brestois 29,Stade Brestois 29,2214,Romain Del Castillo,M,90,6.6,,0.0,1.0,,29,22.0,75.9,2.0,2.0,,,0,0,5.0,9.0
Lille vs Stade Brestois 29,Stade Brestois 29,90594,Junior Dina Ebimbe,M,77,5.9,,0.0,,,16,9.0,56.2,,1.0,4.0,2.0,0,0,2.0,11.0
Lille vs Stade Brestois 29,Stade Brestois 29,326073,Remy Labeau Lascary,M,70,8.3,1.0,0.0,3.0,2.0,13,8.0,61.5,2.0,1.0,,,0,0,3.0,7.0
Lille vs Stade Brestois 29,Stade Brestois 29,22264,Ludovic Ajorque,F,90,6.7,,1.0,,,27,12.0,44.4,,,,3.0,1,0,8.0,13.0
Lille vs Stade Brestois 29,Stade Brestois 29,375990,Pathé Mboup,F,20,5.9,,0.0,,,3,2.0,66.7,,,4.0,,0,0,,8.0
Lille vs Stade Brestois 29,Stade Brestois 29,664,Lucas Tousart,M,13,6.7,,0.0,,,4,4.0,100.0,1.0,,1.0,,0,0,1.0,4.0
Paris FC vs Lens,Paris FC,1800,Kevin Trapp,G,90,6,,0.0,,,32,30.0,93.8,,,,2.0,0,0,2.0,2.0
Paris FC vs Lens,Paris FC,342063,Diego Coppola,D,90,5.7,,0.0,,,67,58.0,86.6,,,,,0,0,,2.0
Paris FC vs Lens,Paris FC,22086,Timothée Kolodziejczak,D,90,5.9,,0.0,,,88,80.0,90.9,1.0,2.0,2.0,,0,0,5.0,10.0
Paris FC vs Lens,Paris FC,266013,Otávio,D,74,6.3,,0.0,1.0,1.0,56,48.0,85.7,3.0,1.0,2.0,,0,0,3.0,8.0
Paris FC vs Lens,Paris FC,496896,Rudy Matondo,M,90,6,,0.0,,,35,22.0,62.9,3.0,,3.0,1.0,1,0,5.0,11.0
Paris FC vs Lens,Paris FC,1910,Maxime López,M,81,6.6,,0.0,1.0,1.0,94,79.0,84.0,,,,,0,0,2.0,3.0
Paris FC vs Lens,Paris FC,3080,Marshall Munetsi,M,73,5.9,,0.0,1.0,1.0,18,16.0,88.9,1.0,,1.0,,0,0,1.0,6.0
Paris FC vs Lens,Paris FC,389322,Nhoa Sangui,M,90,6.3,,0.0,,,37,34.0,91.9,,1.0,,1.0,0,0,3.0,6.0
Paris FC vs Lens,Paris FC,83831,Ilan Kebbal,F,90,7.3,,0.0,1.0,1.0,64,55.0,85.9,1.0,,1.0,2.0,0,0,5.0,10.0
Paris FC vs Lens,Paris FC,359603,Luca Koleosho,F,63,6.9,,0.0,,,24,17.0,70.8,5.0,,2.0,,0,0,7.0,14.0
Paris FC vs Lens,Paris FC,1863,Ciro Immobile,F,73,6.3,,0.0,1.0,,13,10.0,76.9,,,,,0,0,,3.0
Paris FC vs Lens,Paris FC,2781,Moses Simon,F,27,6.3,,0.0,1.0,1.0,7,7.0,100.0,1.0,,1.0,,0,0,1.0,3.0
Paris FC vs Lens,Paris FC,20925,Vincent Marchetti,M,17,6.6,,0.0,1.0,,13,12.0,92.3,1.0,,,,0,0,1.0,2.0
Paris FC vs Lens,Paris FC,22842,Jean-Philippe Krasso,F,17,7.3,,0.0,1.0,1.0,10,6.0,60.0,3.0,,,,0,0,7.0,11.0
Paris FC vs Lens,Paris FC,174881,Moustapha Mbow,D,16,6.2,,0.0,,,16,15.0,93.8,,,,,0,0,,1.0
Paris FC vs Lens,Paris FC,22170,Pierre Lees Melou,M,9,5.9,,0.0,,,14,12.0,85.7,1.0,,1.0,,1,0,1.0,4.0
Paris FC vs Lens,Lens,347211,Robin Risser,G,90,8.3,,0.0,,,36,25.0,69.4,,,,,0,0,,
Paris FC vs Lens,Lens,395589,Nidal Čelik,D,90,7.3,,0.0,,,40,38.0,95.0,4.0,1.0,,,0,0,5.0,7.0
Paris FC vs Lens,Lens,369500,Ismaelo Ganiou,D,90,7,,0.0,,,31,25.0,80.6,,,,1.0,0,0,3.0,4.0
Paris FC vs Lens,Lens,22166,Malang Sarr,D,90,6.9,,0.0,1.0,,53,44.0,83.0,1.0,3.0,1.0,,0,0,2.0,4.0
Paris FC vs Lens,Lens,44594,Saud Abdulhamid,M,90,8,,1.0,,,42,38.0,90.5,3.0,1.0,2.0,1.0,0,0,4.0,9.0
Paris FC vs Lens,Lens,277306,Mamadou Sangare,M,48,7,,0.0,,,28,25.0,89.3,2.0,1.0,,1.0,0,0,4.0,5.0
Paris FC vs Lens,Lens,22261,Adrien Thomasson,M,90,7.3,,0.0,,,44,41.0,93.2,5.0,3.0,,3.0,0,0,10.0,18.0
Paris FC vs Lens,Lens,20525,Matthieu Udol,M,89,7.6,,0.0,1.0,,24,21.0,87.5,1.0,1.0,2.0,1.0,0,0,4.0,6.0
Paris FC vs Lens,Lens,1922,Florian Thauvin,F,89,7.9,1.0,0.0,2.0,2.0,44,34.0,77.3,1.0,,1.0,1.0,0,0,7.0,12.0
Paris FC vs Lens,Lens,21715,Wesley Saïd,F,68,9.2,2.0,0.0,3.0,2.0,25,23.0,92.0,,,2.0,1.0,1,0,4.0,5.0
Paris FC vs Lens,Lens,1135,Odsonne Édouard,F,69,6.3,,1.0,2.0,,17,14.0,82.4,,,1.0,1.0,0,0,2.0,6.0
Paris FC vs Lens,Lens,394950,Andrija Bulatovic,M,42,6.6,,0.0,,,18,14.0,77.8,1.0,2.0,,2.0,0,0,3.0,4.0
Paris FC vs Lens,Lens,22173,Allan Saint-Maximin,F,22,6.9,,2.0,,,8,6.0,75.0,,,,,0,0,1.0,7.0
Paris FC vs Lens,Lens,443579,Rayan Fofana,F,21,8.3,2.0,0.0,2.0,2.0,4,3.0,75.0,1.0,,,,0,0,2.0,6.0
Le Havre vs Toulouse,Le Havre,119853,Mory Diaw,G,45,7.3,,0.0,,,26,15.0,57.7,,,,1.0,0,0,2.0,2.0
Le Havre vs Toulouse,Le Havre,513415,Stephan Zagadou,D,84,7.2,,0.0,,,20,19.0,95.0,3.0,,,,0,0,5.0,7.0
Le Havre vs Toulouse,Le Havre,64255,Gautier Lloris,D,90,7.9,,0.0,,,45,38.0,84.4,3.0,1.0,,,0,0,6.0,6.0
Le Havre vs Toulouse,Le Havre,174927,Arouna Sangante,D,2,3,,0.0,,,0,,,,,1.0,,0,1,,1.0
Le Havre vs Toulouse,Le Havre,179843,Lucas Gourna-Douath,M,90,6.9,,0.0,,,12,12.0,100.0,1.0,2.0,1.0,2.0,0,0,3.0,5.0
Le Havre vs Toulouse,Le Havre,2336,Loic Négo,M,90,7.2,,0.0,,,20,15.0,75.0,2.0,,,,0,0,4.0,6.0
Le Havre vs Toulouse,Le Havre,364093,Simon Ebonog,M,65,6.2,,0.0,,,17,14.0,82.4,1.0,1.0,1.0,,1,0,3.0,9.0
Le Havre vs Toulouse,Le Havre,128342,Rassoul Ndiaye,M,89,7.3,,0.0,1.0,,28,21.0,75.0,4.0,1.0,,3.0,0,0,8.0,13.0
Le Havre vs Toulouse,Le Havre,23637,Yanis Zouaoui,M,90,6.3,,0.0,,,36,27.0,75.0,3.0,2.0,1.0,,0,0,4.0,11.0
Le Havre vs Toulouse,Le Havre,156465,Issa Soumaré,F,90,9.7,2.0,0.0,2.0,2.0,22,9.0,40.9,1.0,,2.0,4.0,0,0,14.0,25.0
Le Havre vs Toulouse,Le Havre,2710,Sofiane Boufal,F,65,7.3,,1.0,1.0,,24,19.0,79.2,2.0,,,4.0,0,0,9.0,15.0
Le Havre vs Toulouse,Le Havre,24012,Lionel M'Pasi,G,45,9.5,,0.0,,,19,8.0,42.1,,,,,0,0,,
Le Havre vs Toulouse,Le Havre,460805,Daren Nbenbege Mosengo,M,25,6.7,,0.0,,,4,1.0,25.0,,,,,0,0,,5.0
Le Havre vs Toulouse,Le Havre,1945,Mbwana Ally Samatta,F,25,6.7,,0.0,,,5,4.0,80.0,2.0,,1.0,1.0,0,0,4.0,10.0
Le Havre vs Toulouse,Le Havre,162067,Timothee Pembele,D,14,6.6,,0.0,,,1,1.0,100.0,,,,,0,0,,
Le Havre vs Toulouse,Toulouse,325346,Guillaume Restes,G,90,5.9,,0.0,,,11,10.0,90.9,,,,,1,0,,
Le Havre vs Toulouse,Toulouse,50735,Mark McKenzie,D,90,6.9,,0.0,,,82,78.0,95.1,1.0,,3.0,2.0,0,0,6.0,12.0
Le Havre vs Toulouse,Toulouse,278392,Charlie Cresswell,D,90,6,,1.0,3.0,,74,68.0,91.9,1.0,1.0,1.0,,0,0,8.0,17.0
Le Havre vs Toulouse,Toulouse,15793,Rasmus Nicolaisen,D,62,5.7,,0.0,1.0,1.0,44,41.0,93.2,,1.0,2.0,,0,0,,5.0
Le Havre vs Toulouse,Toulouse,334952,Rafik Messali,M,30,7.3,,0.0,,,15,15.0,100.0,1.0,,1.0,,0,0,3.0,4.0
Le Havre vs Toulouse,Toulouse,50956,Cristian Cásseres Jr.,M,63,6.7,,0.0,,,45,43.0,95.6,2.0,,2.0,,1,0,3.0,7.0
Le Havre vs Toulouse,Toulouse,339417,Pape Diop,M,90,7.2,,0.0,3.0,1.0,59,51.0,86.4,6.0,2.0,,2.0,0,0,9.0,12.0
Le Havre vs Toulouse,Toulouse,102,Djibril Sidibé,M,83,7.3,1.0,0.0,2.0,1.0,58,49.0,84.5,2.0,,2.0,,0,0,3.0,6.0
Le Havre vs Toulouse,Toulouse,39115,Aron Dønnum,F,90,7.3,,0.0,3.0,2.0,61,51.0,83.6,1.0,,,,0,0,2.0,7.0
Le Havre vs Toulouse,Toulouse,84128,Yann Gboho,F,90,7,,0.0,1.0,1.0,45,39.0,86.7,,,,1.0,0,0,7.0,13.0
Le Havre vs Toulouse,Toulouse,321648,Emersonn,F,62,6.2,,0.0,,,9,6.0,66.7,2.0,,3.0,1.0,0,0,3.0,9.0
Le Havre vs Toulouse,Toulouse,362741,Santiago Hidalgo,F,60,6.2,,0.0,1.0,1.0,10,6.0,60.0,4.0,1.0,,1.0,1,0,5.0,13.0
Le Havre vs Toulouse,Toulouse,452697,Dayann Methalie,D,28,6.9,,0.0,,,21,16.0,76.2,1.0,,1.0,,1,0,2.0,3.0
Le Havre vs Toulouse,Toulouse,203428,Jacen Russell-Rowe,F,28,6.2,,0.0,1.0,1.0,4,3.0,75.0,,,1.0,,0,0,1.0,5.0
Le Havre vs Toulouse,Toulouse,304140,Mario Sauer,M,27,6.5,,0.0,,,15,8.0,53.3,1.0,,,,0,0,1.0,2.0
Le Havre vs Toulouse,Toulouse,457025,Julian Vignolo,F,15,7.2,,0.0,1.0,1.0,3,2.0,66.7,,,,,0,0,,
Lorient vs Angers,Lorient,1142,Yvon Mvogo,G,90,7.3,,0.0,,,52,47.0,90.4,,,,,0,0,1.0,1.0
Lorient vs Angers,Lorient,1031,Igor Silva,D,90,8.2,,0.0,,,68,60.0,88.2,6.0,,,2.0,0,0,9.0,10.0
Lorient vs Angers,Lorient,50030,Montassar Talbi,D,90,7.5,,0.0,,,104,96.0,92.3,2.0,,,,0,0,3.0,5.0
Lorient vs Angers,Lorient,152669,Darlin Yongwa,D,86,6.6,,0.0,,,65,59.0,90.8,2.0,,1.0,1.0,0,0,3.0,9.0
Lorient vs Angers,Lorient,174703,Théo Le Bris,M,85,6.7,,0.0,,,36,31.0,86.1,1.0,1.0,,,0,0,1.0,6.0
Lorient vs Angers,Lorient,23363,Noah Cadiou,M,90,7,,0.0,,,76,72.0,94.7,1.0,2.0,3.0,,0,0,1.0,4.0
Lorient vs Angers,Lorient,20917,Laurent Abergel,M,90,6.3,,0.0,,,96,87.0,90.6,,3.0,,,0,0,1.0,3.0
Lorient vs Angers,Lorient,402386,Arsène Kouassi,M,90,6.9,,1.0,,,31,26.0,83.9,,,,1.0,0,0,4.0,7.0
Lorient vs Angers,Lorient,22171,Jean-Victor Makengo,F,67,7.3,1.0,0.0,2.0,1.0,20,18.0,90.0,,,,1.0,0,0,2.0,5.0
Lorient vs Angers,Lorient,276662,Pablo Pagis,F,74,8.3,1.0,0.0,2.0,1.0,32,26.0,81.2,1.0,,,2.0,0,0,5.0,9.0
Lorient vs Angers,Lorient,284072,Ahmadou Bamba Dieng,F,74,6.7,,0.0,2.0,,11,9.0,81.8,1.0,,1.0,,0,0,3.0,5.0
Lorient vs Angers,Lorient,402265,Arthur Avom Ebong,M,23,6.5,,0.0,,,18,15.0,83.3,,,,,0,0,1.0,3.0
Lorient vs Angers,Lorient,322865,Karim Dermane,M,16,6.7,,0.0,1.0,,15,14.0,93.3,,,1.0,,0,0,,3.0
Lorient vs Angers,Lorient,144319,Sambou Soumano,F,16,6.5,,0.0,,,5,4.0,80.0,,1.0,,,0,0,,
Lorient vs Angers,Lorient,384112,Panos Katseris,D,9,6.7,,0.0,,,3,1.0,33.3,1.0,,1.0,,0,0,1.0,3.0
Lorient vs Angers,Lorient,193501,Bamo Meïté,D,8,6.9,,0.0,,,9,8.0,88.9,1.0,,,,0,0,1.0,1.0
Lorient vs Angers,Angers,22220,Hervé Koffi,G,90,5.9,,0.0,,,18,14.0,77.8,,,,,0,0,,
Lorient vs Angers,Angers,20850,Carlens Arcus,D,90,6.6,,0.0,,,57,49.0,86.0,1.0,5.0,,,0,0,4.0,6.0
Lorient vs Angers,Angers,271540,Ousmane Camara,D,90,7.2,,0.0,1.0,1.0,67,64.0,95.5,3.0,1.0,1.0,1.0,0,0,6.0,9.0
Lorient vs Angers,Angers,21381,Jordan Lefort,D,90,6.3,,0.0,1.0,,70,62.0,88.6,,1.0,,,0,0,1.0,3.0
Lorient vs Angers,Angers,343609,Jacques Ekomié,D,67,5.9,,0.0,,,33,29.0,87.9,,1.0,,,0,0,,3.0
Lorient vs Angers,Angers,20554,Haris Belkebla,M,90,7,,0.0,,,53,49.0,92.5,3.0,,1.0,2.0,0,0,7.0,8.0
Lorient vs Angers,Angers,37652,Branco van den Boomen,M,81,7.3,,0.0,,,47,45.0,95.7,1.0,1.0,1.0,1.0,0,0,3.0,5.0
Lorient vs Angers,Angers,174708,Yassin Belkhdim,M,67,6.3,,0.0,1.0,1.0,16,11.0,68.8,,1.0,1.0,,0,0,1.0,4.0
Lorient vs Angers,Angers,289555,Louis Mouton,M,75,6.2,,0.0,,,27,17.0,63.0,1.0,1.0,1.0,1.0,0,0,2.0,4.0
Lorient vs Angers,Angers,174660,Lilian Raolisoa,M,90,6.7,,0.0,1.0,,19,14.0,73.7,3.0,,2.0,,0,0,5.0,11.0
Lorient vs Angers,Angers,20817,Goduine Koyalipou,F,75,6.2,,0.0,2.0,1.0,12,8.0,66.7,,,,,0,0,3.0,8.0
Lorient vs Angers,Angers,41146,Florent Hanin,D,23,7,,0.0,,,12,12.0,100.0,1.0,,,1.0,0,0,2.0,2.0
Lorient vs Angers,Angers,191289,Amine Sbai,F,23,6.7,,0.0,,,8,7.0,87.5,,,1.0,,0,0,3.0,8.0
Lorient vs Angers,Angers,403277,Lanroy Machine,F,15,6.3,,0.0,,,6,4.0,66.7,,,,,0,0,1.0,1.0
Lorient vs Angers,Angers,457541,Prosper Peter,F,15,6.5,,0.0,,,3,3.0,100.0,,,,,0,0,,2.0
Lorient vs Angers,Angers,425207,Marius Courcoul,D,9,6.7,,0.0,,,5,4.0,80.0,,,,,0,0,,
Metz vs Auxerre,Metz,158532,Jonathan Fischer,G,90,6.3,,0.0,,,23,21.0,91.3,,,,,0,0,,
Metz vs Auxerre,Metz,96331,Koffi Kouao,D,63,6.6,,0.0,2.0,1.0,44,39.0,88.6,2.0,1.0,3.0,1.0,1,0,3.0,11.0
Metz vs Auxerre,Metz,428084,Sadibou Sané,D,90,7.3,,0.0,,,83,75.0,90.4,3.0,1.0,,1.0,0,0,9.0,11.0
Metz vs Auxerre,Metz,378353,Urie-Michel Mboula,D,90,6.5,,0.0,1.0,1.0,94,86.0,91.5,1.0,4.0,1.0,1.0,0,0,2.0,5.0
Metz vs Auxerre,Metz,105,Fodé Ballo-Touré,D,62,6.6,,0.0,,,43,41.0,95.3,4.0,,,1.0,0,0,7.0,11.0
Metz vs Auxerre,Metz,570580,Believe Munongo,M,90,6,,0.0,1.0,,40,32.0,80.0,1.0,1.0,6.0,,0,0,4.0,14.0
Metz vs Auxerre,Metz,21640,Jessy Deminguet,M,45,6.2,,0.0,,,37,30.0,81.1,,,1.0,1.0,0,0,1.0,4.0
Metz vs Auxerre,Metz,68177,Giorgi Abuashvili,M,82,6.5,,0.0,1.0,,23,21.0,91.3,2.0,,,3.0,0,0,6.0,13.0
Metz vs Auxerre,Metz,20529,Gauthier Hein,M,70,6.2,,0.0,,,41,34.0,82.9,1.0,,,,0,0,1.0,5.0
Metz vs Auxerre,Metz,2181,Georgiy Tsitaishvili,M,90,6.9,,0.0,,,42,34.0,81.0,1.0,,,1.0,0,0,3.0,7.0
Metz vs Auxerre,Metz,20535,Habib Diallo,F,90,6.5,,0.0,,,13,8.0,61.5,,,1.0,1.0,0,0,4.0,9.0
Metz vs Auxerre,Metz,434352,Alpha Touré,M,45,6.6,,1.0,2.0,,28,25.0,89.3,2.0,,,1.0,0,0,4.0,8.0
Metz vs Auxerre,Metz,343319,Lucas Michal,F,28,6.3,,0.0,,,15,13.0,86.7,,,1.0,,1,0,,2.0
Metz vs Auxerre,Metz,19518,Maxime Colin,D,27,6.3,,0.0,,,20,17.0,85.0,,1.0,,,0,0,,1.0
Metz vs Auxerre,Metz,8490,Giorgi Kvilitaia,F,20,6.5,,0.0,1.0,1.0,6,4.0,66.7,,,,,0,0,1.0,2.0
Metz vs Auxerre,Metz,584096,Nathan Mbala,F,8,7.3,1.0,0.0,1.0,1.0,1,1.0,100.0,,,,,0,0,,1.0
Metz vs Auxerre,Auxerre,20542,Donovan Léon,G,90,7.3,,0.0,,,21,8.0,38.1,,,,,0,0,,
Metz vs Auxerre,Auxerre,193953,Lamine Sy,D,82,7.2,,0.0,1.0,,22,19.0,86.4,2.0,1.0,,,0,0,4.0,6.0
Metz vs Auxerre,Auxerre,162466,Sinaly Diomandé,D,90,6.9,,0.0,1.0,,22,18.0,81.8,2.0,1.0,1.0,,0,0,3.0,5.0
Metz vs Auxerre,Auxerre,115588,Bryan Okoh,D,90,6.9,,0.0,,,37,33.0,89.2,2.0,1.0,,1.0,0,0,5.0,8.0
Metz vs Auxerre,Auxerre,191189,Clement Akpa,D,90,7,,0.0,,,33,26.0,78.8,1.0,1.0,1.0,3.0,0,0,7.0,10.0
Metz vs Auxerre,Auxerre,152418,Naouirou Ahamada,M,82,6.7,,0.0,1.0,,22,20.0,90.9,1.0,1.0,1.0,,0,0,2.0,5.0
Metz vs Auxerre,Auxerre,21010,Elisha Owusu,M,90,7.3,,0.0,,,25,24.0,96.0,3.0,2.0,1.0,2.0,0,0,5.0,7.0
Metz vs Auxerre,Auxerre,323625,Kévin Danois,M,89,8.2,1.0,0.0,1.0,1.0,48,42.0,87.5,2.0,2.0,2.0,1.0,0,0,7.0,10.0
Metz vs Auxerre,Auxerre,84082,Romain Faivre,F,72,7.2,,0.0,1.0,,22,18.0,81.8,2.0,1.0,1.0,1.0,0,0,7.0,12.0
Metz vs Auxerre,Auxerre,190686,Sékou Mara,F,72,6.5,,0.0,1.0,1.0,14,12.0,85.7,2.0,1.0,1.0,2.0,0,0,6.0,15.0
Metz vs Auxerre,Auxerre,90617,Lassine Sinayoko,F,90,7.2,,1.0,3.0,1.0,49,40.0,81.6,4.0,1.0,2.0,2.0,1,0,9.0,16.0
Metz vs Auxerre,Auxerre,174915,Josué Casimir,F,18,6.7,,0.0,,,9,7.0,77.8,1.0,,1.0,,1,0,1.0,2.0
Metz vs Auxerre,Auxerre,322595,Lasso Coulibaly,M,18,6.2,,0.0,,,5,3.0,60.0,,1.0,,1.0,0,0,2.0,6.0
Metz vs Auxerre,Auxerre,191240,Marvin Senaya,D,8,6.5,,0.0,,,1,1.0,100.0,,1.0,,,0,0,1.0,1.0
Metz vs Auxerre,Auxerre,30748,Assane Dioussé,M,8,6.3,,0.0,,,4,2.0,50.0,,,1.0,,1,0,,1.0
Lyon vs Nice,Lyon,61142,Dominik Greif,G,90,8.2,,0.0,,,38,35.0,92.1,,,,,0,0,,
Lyon vs Nice,Lyon,68,Clinton Mata,D,90,7.2,,0.0,,,79,74.0,93.7,1.0,,,1.0,0,0,2.0,3.0
Lyon vs Nice,Lyon,25916,Moussa Niakhaté,D,90,7.9,,0.0,1.0,,91,82.0,90.1,3.0,3.0,1.0,1.0,0,0,7.0,8.0
Lyon vs Nice,Lyon,30423,Hans Hateboer,D,90,6.6,,0.0,,,56,51.0,91.1,1.0,1.0,3.0,1.0,0,0,4.0,12.0
Lyon vs Nice,Lyon,1456,Ainsley Maitland-Niles,M,89,7.5,,0.0,,,54,47.0,87.0,2.0,,1.0,,1,0,5.0,6.0
Lyon vs Nice,Lyon,80752,Tanner Tessmann,M,90,6.9,,0.0,,,65,62.0,95.4,1.0,,2.0,1.0,1,0,3.0,8.0
Lyon vs Nice,Lyon,162590,Tyler Morton,M,90,7.3,,0.0,,,75,68.0,90.7,1.0,1.0,1.0,1.0,0,0,3.0,5.0
Lyon vs Nice,Lyon,9700,Abner Vinícius,M,90,6.9,,0.0,,,33,24.0,72.7,,,1.0,,1,0,1.0,4.0
Lyon vs Nice,Lyon,361352,Noah Nartey,F,90,7.9,1.0,0.0,1.0,1.0,38,36.0,94.7,1.0,1.0,3.0,2.0,0,0,5.0,11.0
Lyon vs Nice,Lyon,519,Corentin Tolisso,F,66,6.9,1.0,0.0,1.0,1.0,34,24.0,70.6,,1.0,3.0,2.0,0,0,5.0,13.0
Lyon vs Nice,Lyon,66387,Pavel Šulc,F,81,6.2,,1.0,3.0,,15,8.0,53.3,,,,,0,0,1.0,4.0
Lyon vs Nice,Lyon,519664,Khalis Merah,M,24,6.3,,0.0,,,30,28.0,93.3,,1.0,,,0,0,,2.0
Lyon vs Nice,Lyon,8493,Roman Yaremchuk,F,9,6.3,,0.0,,,6,5.0,83.3,,,1.0,,0,0,2.0,4.0
Lyon vs Nice,Nice,21079,Maxime Dupé,G,90,6.7,,0.0,,,42,31.0,73.8,,,,,0,0,1.0,1.0
Lyon vs Nice,Nice,25008,Jonathan Clauss,D,90,6.9,,0.0,,,65,59.0,90.8,1.0,2.0,,3.0,0,0,5.0,7.0
Lyon vs Nice,Nice,404172,Kojo Peprah Oppong,D,90,6.9,,0.0,,,63,60.0,95.2,3.0,,1.0,3.0,0,0,7.0,9.0
Lyon vs Nice,Nice,22163,Dante,D,75,6.2,,0.0,,,29,27.0,93.1,,1.0,,,0,0,1.0,2.0
Lyon vs Nice,Nice,49583,Ali Abdi,D,90,6,,0.0,,,42,32.0,76.2,,,,2.0,0,0,4.0,8.0
Lyon vs Nice,Nice,1914,Morgan Sanson,M,83,6.5,,0.0,,,39,32.0,82.1,3.0,1.0,3.0,,1,0,4.0,9.0
Lyon vs Nice,Nice,8680,Charles Vanhoutte,M,90,6.9,,0.0,,,46,40.0,87.0,4.0,,1.0,2.0,0,0,6.0,11.0
Lyon vs Nice,Nice,274312,Mohamed-Ali Cho,M,74,6.7,,0.0,1.0,,21,18.0,85.7,,,2.0,2.0,0,0,4.0,11.0
Lyon vs Nice,Nice,107,Sofiane Diop,M,90,6.6,,0.0,2.0,1.0,47,37.0,78.7,,,2.0,1.0,0,0,5.0,6.0
Lyon vs Nice,Nice,193617,Tom Louchet,M,75,6.6,,0.0,2.0,2.0,24,20.0,83.3,1.0,,2.0,1.0,0,0,3.0,7.0
Lyon vs Nice,Nice,162707,Elye Wahi,F,6,,,0.0,,,1,,,,,,,0,0,,
Lyon vs Nice,Nice,405237,Kaïl Boudache,F,84,6.2,,0.0,2.0,,17,10.0,58.8,,,1.0,,0,0,1.0,7.0
Lyon vs Nice,Nice,188319,Kevin Carlos Omoruyi,F,16,6.3,,0.0,,,2,1.0,50.0,,,,,0,0,,
Lyon vs Nice,Nice,449509,Abdulay Juma Bah,D,15,6.3,,0.0,,,13,10.0,76.9,,,,,0,0,1.0,2.0
Lyon vs Nice,Nice,4399,Hicham Boudaoui,M,15,6.7,,0.0,,,4,3.0,75.0,,,,,0,0,,
Lyon vs Nice,Nice,105154,Isak Jansson,F,13,6.3,,0.0,,,2,2.0,100.0,,,,,0,0,,
Stade Brestois 29 vs Marseille,Stade Brestois 29,21248,Grégoire Coudert,G,90,8.5,,0.0,,,30,12.0,40.0,,,,1.0,0,0,1.0,1.0
Stade Brestois 29 vs Marseille,Stade Brestois 29,22247,Kenny Lala,D,90,7.3,,0.0,,,22,18.0,81.8,1.0,1.0,,,0,0,2.0,5.0
Stade Brestois 29 vs Marseille,Stade Brestois 29,20546,Brendan Chardonnet,D,90,8,,0.0,,,25,21.0,84.0,2.0,1.0,1.0,1.0,0,0,5.0,9.0
Stade Brestois 29 vs Marseille,Stade Brestois 29,365742,Michel Diaz,D,90,7.2,,0.0,1.0,,27,22.0,81.5,2.0,3.0,,1.0,0,0,4.0,5.0
Stade Brestois 29 vs Marseille,Stade Brestois 29,302868,Daouda Guindo,D,90,6.6,,0.0,2.0,,22,17.0,77.3,4.0,1.0,2.0,1.0,0,0,5.0,8.0
Stade Brestois 29 vs Marseille,Stade Brestois 29,20558,Hugo Magnetti,M,90,7.9,,1.0,,,26,25.0,96.2,3.0,4.0,,2.0,0,0,6.0,6.0
Stade Brestois 29 vs Marseille,Stade Brestois 29,128287,Joris Chotard,M,90,7,,0.0,,,32,24.0,75.0,1.0,1.0,,1.0,0,0,4.0,7.0
Stade Brestois 29 vs Marseille,Stade Brestois 29,2214,Romain Del Castillo,M,88,7.2,,0.0,,,27,16.0,59.3,2.0,,,1.0,0,0,6.0,12.0
Stade Brestois 29 vs Marseille,Stade Brestois 29,326068,Kamory Doumbia,M,79,7,,0.0,1.0,1.0,34,27.0,79.4,1.0,2.0,1.0,2.0,0,0,3.0,9.0
Stade Brestois 29 vs Marseille,Stade Brestois 29,90594,Junior Dina Ebimbe,M,73,7.3,,0.0,2.0,1.0,19,16.0,84.2,2.0,,2.0,1.0,0,0,5.0,10.0
Stade Brestois 29 vs Marseille,Stade Brestois 29,22264,Ludovic Ajorque,F,90,9.2,2.0,0.0,4.0,2.0,33,24.0,72.7,1.0,,3.0,5.0,1,0,15.0,24.0
Stade Brestois 29 vs Marseille,Stade Brestois 29,326073,Remy Labeau Lascary,F,17,6.3,,0.0,,,1,1.0,100.0,,,1.0,,0,0,,4.0
Stade Brestois 29 vs Marseille,Stade Brestois 29,664,Lucas Tousart,M,11,6.9,,0.0,,,3,2.0,66.7,1.0,,,1.0,0,0,2.0,2.0
Stade Brestois 29 vs Marseille,Stade Brestois 29,274267,Bradley Locko,D,8,6.7,,0.0,,,3,1.0,33.3,,,,,0,0,,
Stade Brestois 29 vs Marseille,Marseille,47296,Gerónimo Rulli,G,90,6.3,,0.0,,,28,26.0,92.9,,,,,0,0,,
Stade Brestois 29 vs Marseille,Marseille,1138,Timothy Weah,D,90,6.9,,0.0,,,90,85.0,94.4,3.0,2.0,3.0,2.0,0,0,7.0,12.0
Stade Brestois 29 vs Marseille,Marseille,2725,Benjamin Pavard,D,90,6.7,,0.0,1.0,,104,98.0,94.2,,,3.0,1.0,0,0,3.0,11.0
Stade Brestois 29 vs Marseille,Marseille,21694,Nayef Aguerd,D,90,6.7,,0.0,1.0,,78,71.0,91.0,1.0,1.0,1.0,1.0,0,0,6.0,11.0
Stade Brestois 29 vs Marseille,Marseille,2284,Emerson Palmieri,D,90,6.5,,0.0,1.0,,55,52.0,94.5,2.0,,,1.0,0,0,3.0,5.0
Stade Brestois 29 vs Marseille,Marseille,2735,Pierre-Emile Højbjerg,M,87,6.6,,0.0,,,71,64.0,90.1,3.0,,2.0,1.0,1,0,6.0,14.0
Stade Brestois 29 vs Marseille,Marseille,897,Mason Greenwood,M,90,5.9,,0.0,6.0,2.0,55,42.0,76.4,1.0,,2.0,3.0,0,0,5.0,15.0
Stade Brestois 29 vs Marseille,Marseille,340154,Arthur Vermeeren,M,45,6.2,,0.0,,,24,22.0,91.7,1.0,1.0,,,0,0,1.0,3.0
Stade Brestois 29 vs Marseille,Marseille,38747,Quinten Timber,M,79,5.9,,0.0,2.0,1.0,46,35.0,76.1,1.0,,1.0,,1,0,2.0,6.0
Stade Brestois 29 vs Marseille,Marseille,9363,Igor Paixão,M,71,6.3,,0.0,,,22,17.0,77.3,1.0,,,,0,0,3.0,8.0
Stade Brestois 29 vs Marseille,Marseille,85041,Amine Gouiri,F,71,6.3,,0.0,1.0,,16,13.0,81.2,1.0,,2.0,1.0,0,0,2.0,6.0
Stade Brestois 29 vs Marseille,Marseille,1465,Pierre-Emerick Aubameyang,F,45,6.9,,0.0,,,7,7.0,100.0,,,,,0,0,3.0,3.0
Stade Brestois 29 vs Marseille,Marseille,31057,Hamed Junior Traorè,M,19,7,,0.0,1.0,1.0,10,10.0,100.0,1.0,,1.0,,0,0,2.0,4.0
Stade Brestois 29 vs Marseille,Marseille,313236,Ethan Nwaneri,M,19,6.5,,0.0,,,13,11.0,84.6,,,1.0,,1,0,,2.0
Stade Brestois 29 vs Marseille,Marseille,20692,Himad Abdelli,M,11,6.9,,0.0,,,14,13.0,92.9,,,,,0,0,1.0,1.0
Stade Brestois 29 vs Marseille,Marseille,283216,Bilal Nadir,M,9,6.3,,0.0,,,4,4.0,100.0,,,1.0,,1,0,,1.0
Lens vs Monaco,Lens,347211,Robin Risser,G,90,6.2,,0.0,,,27,21.0,77.8,,,,,0,0,,
Lens vs Monaco,Lens,395589,Nidal Čelik,D,90,6,,0.0,,,50,44.0,88.0,4.0,,,,0,0,7.0,8.0
Lens vs Monaco,Lens,369500,Ismaelo Ganiou,D,90,6.5,,0.0,,,51,47.0,92.2,1.0,,3.0,2.0,1,0,5.0,9.0
Lens vs Monaco,Lens,22166,Malang Sarr,D,90,6.9,,0.0,3.0,1.0,63,55.0,87.3,2.0,3.0,,,0,0,4.0,7.0
Lens vs Monaco,Lens,44594,Saud Abdulhamid,M,75,6.6,,0.0,,,19,17.0,89.5,3.0,1.0,3.0,,1,0,3.0,5.0
Lens vs Monaco,Lens,394950,Andrija Bulatovic,M,87,6.3,,0.0,1.0,,41,37.0,90.2,2.0,1.0,2.0,1.0,0,0,3.0,9.0
Lens vs Monaco,Lens,22261,Adrien Thomasson,M,90,6.9,,1.0,,,44,35.0,79.5,3.0,,,2.0,0,0,7.0,12.0
Lens vs Monaco,Lens,20525,Matthieu Udol,M,90,6.6,,0.0,2.0,1.0,36,28.0,77.8,,4.0,,,0,0,4.0,10.0
Lens vs Monaco,Lens,1922,Florian Thauvin,F,90,8,1.0,0.0,5.0,3.0,47,41.0,87.2,1.0,1.0,1.0,1.0,0,0,3.0,5.0
Lens vs Monaco,Lens,22173,Allan Saint-Maximin,F,75,7.2,,0.0,,,27,24.0,88.9,,,2.0,1.0,0,0,4.0,10.0
Lens vs Monaco,Lens,1135,Odsonne Édouard,F,63,6.9,1.0,0.0,2.0,2.0,14,12.0,85.7,,,1.0,2.0,0,0,2.0,8.0
Lens vs Monaco,Lens,277191,Abdallah Sima,F,27,7.2,,0.0,,,10,6.0,60.0,1.0,,1.0,2.0,0,0,4.0,6.0
Lens vs Monaco,Lens,21568,Ruben Aguilar,D,12,6.6,,0.0,,,10,10.0,100.0,,,,,0,0,,
Lens vs Monaco,Lens,443579,Rayan Fofana,F,15,6.3,,0.0,,,3,2.0,66.7,,,,1.0,0,0,1.0,1.0
Lens vs Monaco,Lens,402066,Anthony Bermont,M,9,6.7,,0.0,,,5,5.0,100.0,,,,,0,0,,1.0
Lens vs Monaco,Lens,20761,Florian Sotoca,F,9,6.3,,0.0,,,3,1.0,33.3,,,,,0,0,1.0,1.0
Lens vs Monaco,Monaco,7313,Philipp Köhn,G,90,6.7,,0.0,,,32,23.0,71.9,,,,,0,0,1.0,1.0
Lens vs Monaco,Monaco,261,Thilo Kehrer,D,90,6.9,,0.0,,,50,45.0,90.0,3.0,2.0,2.0,2.0,0,0,6.0,11.0
Lens vs Monaco,Monaco,2810,Denis Zakaria,D,90,7.3,1.0,0.0,1.0,1.0,46,41.0,89.1,1.0,1.0,1.0,,0,0,3.0,4.0
Lens vs Monaco,Monaco,8694,Wout Faes,D,90,6.2,,0.0,1.0,,47,43.0,91.5,,1.0,2.0,,1,0,2.0,5.0
Lens vs Monaco,Monaco,231,Jordan Teze,M,90,6.9,,0.0,,,45,35.0,77.8,4.0,,,1.0,0,0,6.0,9.0
Lens vs Monaco,Monaco,81,Krépin Diatta,M,31,6.9,,0.0,,,11,7.0,63.6,,1.0,,1.0,0,0,1.0,1.0
Lens vs Monaco,Monaco,419035,Mamadou Coulibaly,M,90,6.3,,1.0,,,24,20.0,83.3,2.0,,2.0,1.0,0,0,6.0,16.0
Lens vs Monaco,Monaco,374058,Lamine Camara,M,90,7.2,,0.0,1.0,,56,44.0,78.6,4.0,1.0,,2.0,0,0,6.0,11.0
Lens vs Monaco,Monaco,10316,Caio Henrique,M,90,7.6,,1.0,,,36,28.0,77.8,1.0,1.0,,2.0,0,0,3.0,4.0
Lens vs Monaco,Monaco,138835,Folarin Balogun,F,85,7.9,1.0,0.0,4.0,3.0,11,9.0,81.8,,,,2.0,0,0,2.0,4.0
Lens vs Monaco,Monaco,301771,Simon Adingra,F,68,5.9,,0.0,1.0,,22,17.0,77.3,,,1.0,,0,0,,10.0
Lens vs Monaco,Monaco,453792,Aladji Bamba,M,59,6.7,,0.0,,,38,30.0,78.9,3.0,,3.0,,0,0,5.0,10.0
Lens vs Monaco,Monaco,135775,Ansu Fati,F,22,7.7,1.0,0.0,1.0,1.0,1,1.0,100.0,1.0,,,,0,0,1.0,1.0
Lens vs Monaco,Monaco,283026,Mika Biereth,F,11,6.3,,0.0,,,3,1.0,33.3,,,1.0,,0,0,2.0,5.0
Toulouse vs Paris FC,Toulouse,325346,Guillaume Restes,G,90,6.7,,0.0,,,13,10.0,76.9,,,,,0,0,,
Toulouse vs Paris FC,Toulouse,102,Djibril Sidibé,D,90,6.7,,0.0,,,61,52.0,85.2,1.0,,1.0,,0,0,1.0,3.0
Toulouse vs Paris FC,Toulouse,278392,Charlie Cresswell,D,90,6.9,,0.0,1.0,,66,54.0,81.8,1.0,,,,0,0,9.0,13.0
Toulouse vs Paris FC,Toulouse,15793,Rasmus Nicolaisen,D,90,6.9,,0.0,,,64,55.0,85.9,,1.0,,,0,0,1.0,1.0
Toulouse vs Paris FC,Toulouse,264383,Warren Kamanzi,M,61,6.9,,0.0,,,36,33.0,91.7,1.0,1.0,,,0,0,1.0,1.0
Toulouse vs Paris FC,Toulouse,50956,Cristian Cásseres Jr.,M,90,7.5,,0.0,1.0,1.0,74,62.0,83.8,2.0,1.0,3.0,2.0,0,0,4.0,10.0
Toulouse vs Paris FC,Toulouse,339417,Pape Diop,M,86,7.3,,0.0,4.0,3.0,51,45.0,88.2,5.0,2.0,2.0,,0,0,6.0,10.0
Toulouse vs Paris FC,Toulouse,452697,Dayann Methalie,M,90,6.7,,0.0,,,26,24.0,92.3,1.0,3.0,2.0,,1,0,2.0,6.0
Toulouse vs Paris FC,Toulouse,362741,Santiago Hidalgo,F,90,7.2,,1.0,3.0,2.0,23,16.0,69.6,4.0,,4.0,1.0,0,0,7.0,22.0
Toulouse vs Paris FC,Toulouse,84128,Yann Gboho,F,90,6.9,,0.0,2.0,1.0,32,29.0,90.6,1.0,,,2.0,0,0,5.0,13.0
Toulouse vs Paris FC,Toulouse,321648,Emersonn,F,64,7.2,,0.0,1.0,1.0,10,8.0,80.0,1.0,,,1.0,0,0,5.0,7.0
Toulouse vs Paris FC,Toulouse,457025,Julian Vignolo,F,29,7.3,1.0,0.0,2.0,2.0,7,5.0,71.4,,,,1.0,0,0,1.0,3.0
Toulouse vs Paris FC,Toulouse,203428,Jacen Russell-Rowe,F,26,6.2,,0.0,1.0,,7,6.0,85.7,,,1.0,,0,0,,2.0
Toulouse vs Paris FC,Toulouse,304140,Mario Sauer,M,11,6.3,,0.0,,,1,1.0,100.0,,,,,0,0,,1.0
Toulouse vs Paris FC,Paris FC,1800,Kevin Trapp,G,90,9.3,,0.0,,,47,36.0,76.6,,,,,1,0,,
Toulouse vs Paris FC,Paris FC,20704,Alimami Gory,D,67,7.2,,1.0,,,14,11.0,78.6,1.0,1.0,,1.0,0,0,2.0,3.0
Toulouse vs Paris FC,Paris FC,174881,Moustapha Mbow,D,90,7.3,,0.0,,,42,37.0,88.1,5.0,,1.0,,0,0,7.0,11.0
Toulouse vs Paris FC,Paris FC,342063,Diego Coppola,D,90,6.7,,0.0,,,56,47.0,83.9,,,1.0,,1,0,1.0,4.0
Toulouse vs Paris FC,Paris FC,266013,Otávio,D,90,6.2,,0.0,,,48,38.0,79.2,2.0,2.0,1.0,4.0,1,0,7.0,11.0
Toulouse vs Paris FC,Paris FC,389322,Nhoa Sangui,D,90,6.9,,0.0,,,28,25.0,89.3,2.0,1.0,,,0,0,3.0,5.0
Toulouse vs Paris FC,Paris FC,83831,Ilan Kebbal,M,85,6.2,,0.0,1.0,1.0,38,30.0,78.9,2.0,,1.0,2.0,1,0,4.0,11.0
Toulouse vs Paris FC,Paris FC,22170,Pierre Lees Melou,M,90,7,,0.0,,,38,29.0,76.3,4.0,1.0,1.0,2.0,0,0,7.0,13.0
Toulouse vs Paris FC,Paris FC,3080,Marshall Munetsi,M,67,7.7,1.0,0.0,1.0,1.0,16,11.0,68.8,1.0,,,1.0,0,0,2.0,3.0
Toulouse vs Paris FC,Paris FC,22229,Jonathan Ikoné,M,67,6.5,,0.0,,,14,11.0,78.6,,1.0,,3.0,0,0,4.0,8.0
Toulouse vs Paris FC,Paris FC,1863,Ciro Immobile,F,81,6.7,,0.0,,,13,10.0,76.9,,,,,0,0,3.0,8.0
Toulouse vs Paris FC,Paris FC,8474,Thibault De Smet,D,23,6.7,,0.0,,,5,4.0,80.0,1.0,2.0,,,0,0,3.0,3.0
Toulouse vs Paris FC,Paris FC,359603,Luca Koleosho,F,23,6.7,,0.0,,,6,5.0,83.3,,,,,0,0,,2.0
Toulouse vs Paris FC,Paris FC,20925,Vincent Marchetti,M,23,6.6,,0.0,,,11,8.0,72.7,2.0,,,,0,0,4.0,4.0
Toulouse vs Paris FC,Paris FC,22842,Jean-Philippe Krasso,F,9,6.3,,0.0,1.0,,7,5.0,71.4,,,1.0,,0,0,3.0,5.0
Toulouse vs Paris FC,Paris FC,2781,Moses Simon,F,12,6.5,,0.0,,,4,3.0,75.0,,,1.0,,1,0,,1.0
Paris Saint Germain vs Metz,Paris Saint Germain,2068,Matvey Safonov,G,90,6.9,,0.0,,,26,23.0,88.5,,,,,0,0,,
Paris Saint Germain vs Metz,Paris Saint Germain,9,Achraf Hakimi,D,90,7.5,,0.0,2.0,,75,66.0,88.0,,2.0,,1.0,0,0,2.0,4.0
Paris Saint Germain vs Metz,Paris Saint Germain,161671,Ilya Zabarnyi,D,90,7.5,,0.0,,,72,71.0,98.6,,,,,0,0,2.0,3.0
Paris Saint Germain vs Metz,Paris Saint Germain,307835,Lucas Beraldo,D,90,6.3,,0.0,,,68,63.0,92.6,,2.0,4.0,,0,0,,8.0
Paris Saint Germain vs Metz,Paris Saint Germain,33,Lucas Hernández,D,90,7.6,,1.0,2.0,1.0,67,63.0,94.0,1.0,,,2.0,0,0,6.0,7.0
Paris Saint Germain vs Metz,Paris Saint Germain,927,Kang-in Lee,M,63,7.3,,0.0,,,50,44.0,88.0,1.0,,,1.0,0,0,4.0,5.0
Paris Saint Germain vs Metz,Paris Saint Germain,336657,Warren Zaïre-Emery,M,90,8.2,,1.0,1.0,1.0,98,93.0,94.9,4.0,1.0,1.0,1.0,0,0,8.0,10.0
Paris Saint Germain vs Metz,Paris Saint Germain,491087,Dro Fernández,M,63,6.3,,0.0,1.0,1.0,41,39.0,95.1,1.0,,3.0,2.0,0,0,5.0,11.0
Paris Saint Germain vs Metz,Paris Saint Germain,343027,Désiré Doué,F,45,8.2,1.0,0.0,1.0,1.0,33,30.0,90.9,1.0,,1.0,1.0,0,0,4.0,7.0
Paris Saint Germain vs Metz,Paris Saint Germain,41585,Gonçalo Ramos,F,90,8.9,1.0,1.0,1.0,1.0,31,29.0,93.5,1.0,,,2.0,0,0,6.0,12.0
Paris Saint Germain vs Metz,Paris Saint Germain,161904,Bradley Barcola,F,64,7.9,1.0,0.0,2.0,1.0,27,23.0,85.2,1.0,2.0,,,0,0,3.0,6.0
Paris Saint Germain vs Metz,Paris Saint Germain,446249,Ibrahim Mbaye,F,45,6.3,,0.0,1.0,,25,22.0,88.0,,,,2.0,0,0,3.0,7.0
Paris Saint Germain vs Metz,Paris Saint Germain,128384,Vitinha,M,27,7.2,,0.0,1.0,1.0,40,40.0,100.0,,,,1.0,0,0,1.0,2.0
Paris Saint Germain vs Metz,Paris Saint Germain,335051,João Neves,M,27,7.7,,0.0,,,22,21.0,95.5,1.0,,,,0,0,2.0,4.0
Paris Saint Germain vs Metz,Paris Saint Germain,483,Khvicha Kvaratskhelia,F,26,7.2,,0.0,,,20,20.0,100.0,,1.0,,1.0,0,0,1.0,2.0
Paris Saint Germain vs Metz,Metz,158532,Jonathan Fischer,G,90,7.3,,0.0,,,40,26.0,65.0,,,,,0,0,,
Paris Saint Germain vs Metz,Metz,96331,Koffi Kouao,D,66,6.5,,0.0,,,26,22.0,84.6,1.0,,,,0,0,2.0,5.0
Paris Saint Germain vs Metz,Metz,428084,Sadibou Sané,D,90,6.3,,0.0,,,46,41.0,89.1,2.0,2.0,1.0,,0,0,2.0,6.0
Paris Saint Germain vs Metz,Metz,363792,Terry Yegbe,D,90,6.9,,0.0,,,29,26.0,89.7,3.0,,2.0,,0,0,3.0,5.0
Paris Saint Germain vs Metz,Metz,105,Fodé Ballo-Touré,D,66,6.2,,0.0,,,15,13.0,86.7,,,1.0,,0,0,3.0,5.0
Paris Saint Germain vs Metz,Metz,3240,Jean-Philippe Gbamin,M,90,6.3,,0.0,,,38,30.0,78.9,3.0,,1.0,,1,0,4.0,7.0
Paris Saint Germain vs Metz,Metz,343319,Lucas Michal,M,66,6.2,,0.0,,,16,14.0,87.5,,,1.0,1.0,0,0,2.0,6.0
Paris Saint Germain vs Metz,Metz,434352,Alpha Touré,M,78,5.9,,0.0,,,28,25.0,89.3,,,3.0,1.0,0,0,2.0,11.0
Paris Saint Germain vs Metz,Metz,157912,Boubacar Traoré,M,90,6.9,,0.0,1.0,,29,28.0,96.6,5.0,1.0,3.0,1.0,1,0,8.0,14.0
Paris Saint Germain vs Metz,Metz,2181,Georgiy Tsitaishvili,M,88,6.2,,0.0,,,17,15.0,88.2,1.0,1.0,2.0,,0,0,2.0,4.0
Paris Saint Germain vs Metz,Metz,20535,Habib Diallo,F,90,6.6,,0.0,,,12,5.0,41.7,,,1.0,3.0,0,0,8.0,14.0
Paris Saint Germain vs Metz,Metz,1915,Bouna Sarr,D,24,5.9,,0.0,,,10,8.0,80.0,1.0,,,1.0,0,0,2.0,4.0
Paris Saint Germain vs Metz,Metz,21640,Jessy Deminguet,M,24,6.5,,0.0,1.0,,16,14.0,87.5,,,,,0,0,,2.0
Paris Saint Germain vs Metz,Metz,68177,Giorgi Abuashvili,F,24,6.3,,0.0,,,6,6.0,100.0,,,,,0,0,,1.0
Paris Saint Germain vs Metz,Metz,8490,Giorgi Kvilitaia,F,12,6.6,,0.0,,,5,3.0,60.0,,,,1.0,0,0,3.0,4.0
Paris Saint Germain vs Metz,Metz,584096,Nathan Mbala,F,2,,,0.0,,,0,,,,,,,0,0,,
Auxerre vs Rennes,Auxerre,20542,Donovan Léon,G,90,5.9,,0.0,,,25,10.0,40.0,,,,,0,0,,
Auxerre vs Rennes,Auxerre,193953,Lamine Sy,D,45,5.7,,0.0,,,11,7.0,63.6,1.0,1.0,2.0,1.0,0,0,3.0,10.0
Auxerre vs Rennes,Auxerre,162466,Sinaly Diomandé,D,90,6.5,,0.0,,,47,38.0,80.9,2.0,1.0,,3.0,0,0,7.0,9.0
Auxerre vs Rennes,Auxerre,115588,Bryan Okoh,D,90,6.7,,0.0,1.0,,31,28.0,90.3,1.0,5.0,,1.0,0,0,6.0,8.0
Auxerre vs Rennes,Auxerre,191189,Clement Akpa,D,45,6.5,,0.0,,,23,18.0,78.3,2.0,2.0,,2.0,0,0,4.0,5.0
Auxerre vs Rennes,Auxerre,152418,Naouirou Ahamada,M,45,6.5,,0.0,,,11,11.0,100.0,1.0,,1.0,1.0,0,0,2.0,4.0
Auxerre vs Rennes,Auxerre,21010,Elisha Owusu,M,90,6.7,,0.0,,,34,27.0,79.4,3.0,,2.0,1.0,1,0,5.0,8.0
Auxerre vs Rennes,Auxerre,323625,Kévin Danois,M,86,7.2,,0.0,1.0,,48,38.0,79.2,6.0,2.0,1.0,3.0,0,0,10.0,14.0
Auxerre vs Rennes,Auxerre,19625,Danny Namaso,F,90,7.2,,0.0,2.0,,19,16.0,84.2,1.0,2.0,1.0,2.0,0,0,8.0,14.0
Auxerre vs Rennes,Auxerre,190686,Sékou Mara,F,45,6.3,,0.0,,,12,6.0,50.0,1.0,,,1.0,0,0,4.0,9.0
Auxerre vs Rennes,Auxerre,90617,Lassine Sinayoko,F,90,6.7,,0.0,2.0,1.0,21,12.0,57.1,2.0,1.0,5.0,2.0,0,0,7.0,18.0
Auxerre vs Rennes,Auxerre,215827,Fredrik Oppegård,D,45,6.7,,0.0,1.0,,15,8.0,53.3,1.0,,,,0,0,2.0,4.0
Auxerre vs Rennes,Auxerre,191240,Marvin Senaya,D,45,7.6,,0.0,,,14,9.0,64.3,3.0,2.0,2.0,,0,0,4.0,8.0
Auxerre vs Rennes,Auxerre,7578,Gideon Mensah,D,45,6.9,,0.0,,,20,13.0,65.0,2.0,,,3.0,0,0,5.0,9.0
Auxerre vs Rennes,Auxerre,174915,Josué Casimir,F,45,6.7,,0.0,2.0,1.0,11,9.0,81.8,,,3.0,1.0,0,0,1.0,2.0
Auxerre vs Rennes,Auxerre,551415,Tidiane Devernois,M,9,6.6,,0.0,,,5,3.0,60.0,,,,,0,0,,
Auxerre vs Rennes,Rennes,21628,Brice Samba,G,90,7.6,,0.0,,,50,37.0,74.0,,,,1.0,0,0,1.0,1.0
Auxerre vs Rennes,Rennes,438281,Mahamadou Nagida,D,90,7.3,,0.0,1.0,1.0,49,37.0,75.5,4.0,4.0,1.0,2.0,0,0,7.0,11.0
Auxerre vs Rennes,Rennes,129681,Anthony Rouault,D,90,7.5,,0.0,1.0,1.0,51,45.0,88.2,3.0,,4.0,2.0,1,0,8.0,15.0
Auxerre vs Rennes,Rennes,126757,Lilian Brassier,D,90,6.9,,0.0,,,57,49.0,86.0,1.0,1.0,2.0,,0,0,2.0,5.0
Auxerre vs Rennes,Rennes,272460,Quentin Merlin,D,90,7.2,,0.0,,,57,46.0,80.7,2.0,1.0,1.0,1.0,1,0,4.0,10.0
Auxerre vs Rennes,Rennes,21102,Valentin Rongier,M,90,6.6,,0.0,,,77,62.0,80.5,1.0,,1.0,1.0,1,0,3.0,5.0
Auxerre vs Rennes,Rennes,24147,Mahdi Camara,M,88,8.3,2.0,0.0,2.0,2.0,38,35.0,92.1,4.0,1.0,1.0,1.0,1,0,7.0,15.0
Auxerre vs Rennes,Rennes,15286,Mousa Tamari,M,68,6.5,,1.0,,,20,15.0,75.0,,,1.0,,0,0,1.0,7.0
Auxerre vs Rennes,Rennes,40403,Sebastian Szymański,M,78,7.3,,1.0,1.0,,20,15.0,75.0,5.0,,2.0,2.0,0,0,7.0,15.0
Auxerre vs Rennes,Rennes,22097,Arnaud Nordin,M,78,6.2,,0.0,2.0,,17,15.0,88.2,3.0,,3.0,5.0,0,0,8.0,16.0
Auxerre vs Rennes,Rennes,163004,Esteban Lepaul,F,68,7.3,1.0,0.0,1.0,1.0,15,9.0,60.0,,,1.0,,0,0,,6.0
Auxerre vs Rennes,Rennes,21497,Ludovic Blas,F,22,6.5,,0.0,1.0,1.0,7,6.0,85.7,,,2.0,,0,0,1.0,4.0
Auxerre vs Rennes,Rennes,421,Breel Embolo,F,22,6.3,,0.0,,,4,2.0,50.0,,,2.0,,0,0,1.0,7.0
Auxerre vs Rennes,Rennes,343792,Djaoui Cissé,M,12,6.9,,0.0,1.0,1.0,5,3.0,60.0,,,,,0,0,,
Auxerre vs Rennes,Rennes,457101,Yassir Zabiri,F,12,6.6,,0.0,,,1,1.0,100.0,1.0,,1.0,,0,0,2.0,3.0
Auxerre vs Rennes,Rennes,456765,Henrick Do Marcolino,F,2,,,0.0,,,3,1.0,33.3,1.0,2.0,,,0,0,2.0,2.0
Angers vs Lille,Angers,22220,Hervé Koffi,G,90,8,,0.0,,,37,28.0,75.7,,,,1.0,1,0,2.0,2.0
Angers vs Lille,Angers,174660,Lilian Raolisoa,D,90,6.7,,0.0,,,38,28.0,73.7,2.0,1.0,3.0,,0,0,4.0,8.0
Angers vs Lille,Angers,271540,Ousmane Camara,D,90,7,,0.0,,,68,64.0,94.1,2.0,2.0,1.0,1.0,0,0,4.0,6.0
Angers vs Lille,Angers,21381,Jordan Lefort,D,90,5.9,,0.0,,,76,64.0,84.2,1.0,1.0,2.0,1.0,0,0,3.0,7.0
Angers vs Lille,Angers,343609,Jacques Ekomié,D,78,5.9,,0.0,,,25,21.0,84.0,1.0,,2.0,1.0,0,0,3.0,10.0
Angers vs Lille,Angers,20554,Haris Belkebla,M,67,6.6,,0.0,,,32,25.0,78.1,2.0,,,1.0,0,0,3.0,4.0
Angers vs Lille,Angers,37652,Branco van den Boomen,M,90,7.2,,0.0,,,62,56.0,90.3,1.0,2.0,4.0,,1,0,2.0,6.0
Angers vs Lille,Angers,174708,Yassin Belkhdim,M,90,6.2,,0.0,1.0,1.0,26,21.0,80.8,2.0,,1.0,,1,0,2.0,6.0
Angers vs Lille,Angers,289555,Louis Mouton,M,78,6.5,,0.0,2.0,,31,24.0,77.4,1.0,1.0,,,0,0,2.0,5.0
Angers vs Lille,Angers,191289,Amine Sbai,M,90,6.6,,0.0,,,26,19.0,73.1,2.0,1.0,1.0,2.0,0,0,6.0,14.0
Angers vs Lille,Angers,20817,Goduine Koyalipou,F,90,6.9,,0.0,2.0,1.0,14,12.0,85.7,1.0,1.0,,,0,0,5.0,11.0
Angers vs Lille,Angers,579375,Djibirin Harouna,F,23,6.7,,0.0,,,5,4.0,80.0,,,,1.0,0,0,2.0,4.0
Angers vs Lille,Angers,41146,Florent Hanin,D,12,6.9,,0.0,,,7,5.0,71.4,,,,,0,0,1.0,2.0
Angers vs Lille,Angers,457541,Prosper Peter,F,12,6.6,,0.0,,,8,3.0,37.5,1.0,,,1.0,0,0,5.0,7.0
Angers vs Lille,Lille,1337,Berke Özer,G,90,7.7,,0.0,,,42,37.0,88.1,,,,1.0,0,0,1.0,1.0
Angers vs Lille,Lille,379329,Tiago Santos,D,90,7.3,,0.0,2.0,,37,30.0,81.1,4.0,1.0,1.0,3.0,0,0,9.0,16.0
Angers vs Lille,Lille,312964,Nathan Ngoy,D,90,6.9,,0.0,1.0,1.0,77,70.0,90.9,1.0,,1.0,1.0,1,0,2.0,6.0
Angers vs Lille,Lille,1567,Aïssa Mandi,D,90,7.7,,0.0,2.0,1.0,93,88.0,94.6,1.0,2.0,,,0,0,4.0,5.0
Angers vs Lille,Lille,37151,Calvin Verdonk,D,84,6.7,,0.0,,,63,53.0,84.1,,2.0,3.0,,0,0,,4.0
Angers vs Lille,Lille,438688,Ayyoub Bouaddi,M,90,7.7,,0.0,,,31,29.0,93.5,5.0,2.0,,,0,0,7.0,9.0
Angers vs Lille,Lille,2204,Benjamin André,M,90,7.7,,0.0,,,52,45.0,86.5,3.0,5.0,1.0,1.0,0,0,8.0,13.0
Angers vs Lille,Lille,20732,Gaëtan Perrin,M,73,7.2,,0.0,,,21,19.0,90.5,2.0,1.0,1.0,,0,0,3.0,8.0
Angers vs Lille,Lille,340077,Matías Fernández,M,90,6.2,,0.0,2.0,1.0,32,26.0,81.2,,,1.0,3.0,0,0,3.0,8.0
Angers vs Lille,Lille,135749,Félix Correia,M,79,6,,0.0,2.0,,45,39.0,86.7,2.0,5.0,,,0,0,2.0,5.0
Angers vs Lille,Lille,2295,Olivier Giroud,F,79,7.2,1.0,0.0,2.0,2.0,21,17.0,81.0,,,3.0,2.0,0,0,3.0,8.0
Angers vs Lille,Lille,67889,Hakon Arnar Haraldsson,M,17,6.7,,0.0,,,9,6.0,66.7,,,,2.0,0,0,2.0,2.0
Angers vs Lille,Lille,409,Nabil Bentaleb,M,11,6.7,,0.0,,,12,9.0,75.0,,,,,0,0,,1.0
Angers vs Lille,Lille,375598,Ngal'ayel Mukau,M,11,6.7,,0.0,,,5,5.0,100.0,2.0,1.0,,,0,0,2.0,4.0
Angers vs Lille,Lille,20600,Romain Perraud,D,11,6.9,,0.0,,,2,2.0,100.0,,,,1.0,0,0,2.0,2.0
Nantes vs Le Havre,Nantes,647,Anthony Lopes,G,90,7,,0.0,,,19,5.0,26.3,,,,,0,0,,
Nantes vs Le Havre,Nantes,50026,Chidozie Awaziem,D,90,7.3,,0.0,1.0,,15,7.0,46.7,1.0,,,1.0,0,0,5.0,6.0
Nantes vs Le Havre,Nantes,304427,Ali Youssef,D,90,6.9,,0.0,,,9,8.0,88.9,,,1.0,,1,0,,1.0
Nantes vs Le Havre,Nantes,21570,Nicolas Cozza,D,90,6.9,,0.0,,,15,10.0,66.7,2.0,,3.0,2.0,1,0,4.0,8.0
Nantes vs Le Havre,Nantes,20654,Fabien Centonze,M,90,7.2,,0.0,,,20,16.0,80.0,4.0,3.0,2.0,,1,0,7.0,14.0
Nantes vs Le Havre,Nantes,193952,Johann Lepenant,M,90,6.6,,0.0,1.0,,20,11.0,55.0,4.0,1.0,3.0,5.0,0,0,9.0,22.0
Nantes vs Le Havre,Nantes,197779,Mohamed Kaba,M,90,7.2,,0.0,,,21,18.0,85.7,3.0,1.0,,,0,0,5.0,8.0
Nantes vs Le Havre,Nantes,443674,Louis Leroux,M,81,6.3,,0.0,,,19,15.0,78.9,2.0,1.0,,1.0,0,0,4.0,12.0
Nantes vs Le Havre,Nantes,2483,Deiver Machado,M,45,7,,0.0,,,6,6.0,100.0,1.0,,,,0,0,1.0,2.0
Nantes vs Le Havre,Nantes,42086,Youssef El Arabi,F,90,6.7,,0.0,1.0,1.0,32,15.0,46.9,3.0,,3.0,3.0,0,0,10.0,23.0
Nantes vs Le Havre,Nantes,22177,Ignatius Ganago,F,53,7.3,1.0,0.0,1.0,1.0,13,9.0,69.2,,,2.0,,0,0,3.0,6.0
Nantes vs Le Havre,Nantes,388779,Dehmaine Tabibou,M,45,6.6,,0.0,,,11,5.0,45.5,2.0,1.0,1.0,,1,0,3.0,6.0
Nantes vs Le Havre,Nantes,443676,Bahereba Guirassy,F,37,6.6,,0.0,,,6,6.0,100.0,1.0,,2.0,1.0,0,0,3.0,8.0
Nantes vs Le Havre,Nantes,924,Francis Coquelin,M,9,6.3,,0.0,,,1,1.0,100.0,1.0,,,,0,0,1.0,3.0
Nantes vs Le Havre,Le Havre,119853,Mory Diaw,G,90,6.9,,0.0,,,29,28.0,96.6,,,,,0,0,,
Nantes vs Le Havre,Le Havre,2336,Loic Négo,D,90,7.2,,0.0,,,82,68.0,82.9,2.0,,,1.0,0,0,3.0,3.0
Nantes vs Le Havre,Le Havre,162067,Timothee Pembele,D,45,6.3,,0.0,,,39,39.0,100.0,,,,,0,0,,
Nantes vs Le Havre,Le Havre,64255,Gautier Lloris,D,90,6.9,,0.0,1.0,,85,80.0,94.1,2.0,3.0,1.0,,0,0,7.0,13.0
Nantes vs Le Havre,Le Havre,23637,Yanis Zouaoui,D,62,5.9,,0.0,,,30,24.0,80.0,1.0,,,3.0,0,0,8.0,9.0
Nantes vs Le Havre,Le Havre,364093,Simon Ebonog,M,90,6.6,,0.0,,,43,33.0,76.7,1.0,2.0,2.0,4.0,0,0,13.0,20.0
Nantes vs Le Havre,Le Havre,179843,Lucas Gourna-Douath,M,90,6.3,,0.0,,,69,60.0,87.0,5.0,,3.0,1.0,1,0,8.0,17.0
Nantes vs Le Havre,Le Havre,128342,Rassoul Ndiaye,M,90,6.5,,0.0,1.0,,41,33.0,80.5,,1.0,,2.0,0,0,3.0,6.0
Nantes vs Le Havre,Le Havre,174625,Fodé Doucouré,F,45,6.7,,0.0,,,19,16.0,84.2,,,,,0,0,,1.0
Nantes vs Le Havre,Le Havre,156465,Issa Soumaré,F,90,6.9,,0.0,,,23,11.0,47.8,1.0,,,1.0,0,0,8.0,11.0
Nantes vs Le Havre,Le Havre,2710,Sofiane Boufal,F,63,6.2,,0.0,,,27,21.0,77.8,,,1.0,1.0,0,0,3.0,9.0
Nantes vs Le Havre,Le Havre,1945,Mbwana Ally Samatta,F,45,6.2,,0.0,,,7,5.0,71.4,,,,,0,0,2.0,8.0
Nantes vs Le Havre,Le Havre,584356,Kenny Quetant,F,45,6.3,,0.0,,,3,2.0,66.7,,,2.0,,0,0,,4.0
Nantes vs Le Havre,Le Havre,437349,Enzo Koffi,F,28,6.9,,0.0,1.0,,18,15.0,83.3,,,1.0,3.0,1,0,6.0,9.0
Nantes vs Le Havre,Le Havre,174937,Yassine Kechta,M,27,6.7,,0.0,1.0,1.0,11,10.0,90.9,1.0,,3.0,1.0,1,0,3.0,9.0
Nice vs Lorient,Nice,21079,Maxime Dupé,G,90,5.6,,0.0,,,34,19.0,55.9,,,,,0,0,1.0,1.0
Nice vs Lorient,Nice,313937,Antoine Mendy,D,45,6.3,,0.0,1.0,,28,24.0,85.7,2.0,,,,0,0,4.0,6.0
Nice vs Lorient,Nice,404172,Kojo Peprah Oppong,D,90,6.9,,0.0,,,45,42.0,93.3,3.0,3.0,1.0,,0,0,9.0,11.0
Nice vs Lorient,Nice,22163,Dante,D,90,6.3,,0.0,,,35,33.0,94.3,1.0,3.0,,,0,0,3.0,7.0
Nice vs Lorient,Nice,49583,Ali Abdi,D,64,6.3,,0.0,,,37,30.0,81.1,,2.0,,,0,0,3.0,7.0
Nice vs Lorient,Nice,1914,Morgan Sanson,M,90,6.6,,0.0,,,36,30.0,83.3,3.0,1.0,1.0,,0,0,5.0,8.0
Nice vs Lorient,Nice,8680,Charles Vanhoutte,M,90,6.6,,0.0,,,32,26.0,81.2,2.0,1.0,2.0,,0,0,3.0,8.0
Nice vs Lorient,Nice,274312,Mohamed-Ali Cho,M,90,7.2,,1.0,1.0,1.0,24,22.0,91.7,2.0,,4.0,1.0,0,0,5.0,18.0
Nice vs Lorient,Nice,107,Sofiane Diop,M,64,6.5,,0.0,,,19,13.0,68.4,,1.0,2.0,,1,0,,4.0
Nice vs Lorient,Nice,193617,Tom Louchet,M,85,8.2,2.0,0.0,2.0,2.0,27,21.0,77.8,1.0,,1.0,1.0,0,0,2.0,3.0
Nice vs Lorient,Nice,188319,Kevin Carlos Omoruyi,F,45,6.3,,0.0,,,11,6.0,54.5,1.0,,1.0,,0,0,4.0,8.0
Nice vs Lorient,Nice,25008,Jonathan Clauss,D,45,6.2,,1.0,,,12,9.0,75.0,2.0,2.0,1.0,,0,0,2.0,4.0
Nice vs Lorient,Nice,405237,Kaïl Boudache,F,45,7.3,1.0,0.0,2.0,1.0,8,7.0,87.5,2.0,1.0,,,0,0,4.0,11.0
Nice vs Lorient,Nice,162465,Melvin Bard,D,26,6,,0.0,,,8,3.0,37.5,2.0,,2.0,1.0,1,0,4.0,8.0
Nice vs Lorient,Nice,4399,Hicham Boudaoui,M,26,6.7,,0.0,,,4,2.0,50.0,,,,1.0,0,0,1.0,1.0
Nice vs Lorient,Nice,483118,Gabin Bernardeau,M,12,6.7,,0.0,,,0,,,1.0,,,,0,0,1.0,1.0
Nice vs Lorient,Lorient,1142,Yvon Mvogo,G,90,6.6,,0.0,,,29,25.0,86.2,1.0,,,,0,0,1.0,2.0
Nice vs Lorient,Lorient,1031,Igor Silva,D,90,5.9,,0.0,1.0,,40,33.0,82.5,1.0,1.0,,1.0,0,0,3.0,5.0
Nice vs Lorient,Lorient,50030,Montassar Talbi,D,90,6.3,,0.0,,,65,52.0,80.0,,1.0,1.0,,1,0,8.0,14.0
Nice vs Lorient,Lorient,152669,Darlin Yongwa,D,90,6,,0.0,,,36,31.0,86.1,3.0,,,,1,0,7.0,18.0
Nice vs Lorient,Lorient,174703,Théo Le Bris,M,77,6.2,,0.0,1.0,1.0,27,23.0,85.2,,1.0,,,0,0,,1.0
Nice vs Lorient,Lorient,23363,Noah Cadiou,M,90,8.3,1.0,0.0,1.0,1.0,79,68.0,86.1,2.0,1.0,1.0,3.0,0,0,8.0,11.0
Nice vs Lorient,Lorient,20917,Laurent Abergel,M,90,7,,0.0,1.0,,88,79.0,89.8,,,1.0,2.0,0,0,4.0,6.0
Nice vs Lorient,Lorient,402386,Arsène Kouassi,M,45,6.7,,0.0,,,15,13.0,86.7,1.0,,,3.0,0,0,4.0,6.0
Nice vs Lorient,Lorient,322865,Karim Dermane,F,67,6.9,,0.0,2.0,,27,24.0,88.9,1.0,,,2.0,0,0,5.0,9.0
Nice vs Lorient,Lorient,276662,Pablo Pagis,F,67,7.6,1.0,0.0,2.0,2.0,32,24.0,75.0,1.0,,,1.0,0,0,4.0,8.0
Nice vs Lorient,Lorient,284072,Ahmadou Bamba Dieng,F,77,6.6,1.0,0.0,3.0,1.0,21,17.0,81.0,1.0,1.0,,1.0,0,0,3.0,8.0
Nice vs Lorient,Lorient,193501,Bamo Meïté,D,45,6.7,,0.0,1.0,,39,33.0,84.6,,,,,0,0,3.0,3.0
Nice vs Lorient,Lorient,22171,Jean-Victor Makengo,M,23,6.6,,1.0,1.0,,15,15.0,100.0,,,,,0,0,2.0,5.0
Nice vs Lorient,Lorient,72457,Aiyegun Tosin,F,23,6.2,,0.0,,,10,7.0,70.0,,,,,0,0,,1.0
Nice vs Lorient,Lorient,384112,Panos Katseris,D,13,6.6,,0.0,,,18,17.0,94.4,,,1.0,2.0,1,0,3.0,5.0
Nice vs Lorient,Lorient,144319,Sambou Soumano,F,13,6.2,,0.0,1.0,,3,3.0,100.0,,,,,0,0,,4.0
Strasbourg vs Lyon,Strasbourg,340151,Mike Penders,G,90,6.9,,0.0,,,44,38.0,86.4,,,,,0,0,,
Strasbourg vs Lyon,Strasbourg,161747,Guéla Doué,D,90,6.3,,0.0,1.0,,50,43.0,86.0,2.0,3.0,1.0,1.0,0,0,5.0,8.0
Strasbourg vs Lyon,Strasbourg,147835,Andrew Omobamidele,D,89,6.7,,0.0,,,65,64.0,98.5,,1.0,,,1,0,,
Strasbourg vs Lyon,Strasbourg,271542,Ismael Doukouré,D,90,6.5,,0.0,,,47,41.0,87.2,,1.0,,,0,0,,1.0
Strasbourg vs Lyon,Strasbourg,2933,Ben Chilwell,D,90,6.2,,0.0,,,29,23.0,79.3,1.0,,,,0,0,1.0,5.0
Strasbourg vs Lyon,Strasbourg,415431,Samir El Mourabet,M,90,7.6,,1.0,,,47,47.0,100.0,4.0,,,1.0,0,0,5.0,8.0
Strasbourg vs Lyon,Strasbourg,319572,Valentín Barco,M,90,6.9,,0.0,,,61,50.0,82.0,1.0,,2.0,1.0,0,0,2.0,6.0
Strasbourg vs Lyon,Strasbourg,335056,Diego Moreira,M,89,8.3,1.0,1.0,2.0,2.0,36,30.0,83.3,,,1.0,1.0,0,0,2.0,5.0
Strasbourg vs Lyon,Strasbourg,70747,Julio Enciso,M,85,6.6,,0.0,1.0,,21,18.0,85.7,,,2.0,,0,0,1.0,5.0
Strasbourg vs Lyon,Strasbourg,359386,Martial Godo,M,90,7.9,1.0,0.0,3.0,2.0,24,20.0,83.3,3.0,,2.0,4.0,0,0,7.0,13.0
Strasbourg vs Lyon,Strasbourg,390742,Joaquin Panichelli,F,90,7,1.0,0.0,4.0,3.0,14,12.0,85.7,,,3.0,3.0,0,0,5.0,13.0
Strasbourg vs Lyon,Strasbourg,358166,Abdoul Ouattara,M,15,6.7,,0.0,,,5,5.0,100.0,,,,,0,0,,
Strasbourg vs Lyon,Strasbourg,422780,Aarón Anselmino,D,10,6.7,,0.0,,,4,4.0,100.0,,1.0,,,0,0,,
Strasbourg vs Lyon,Strasbourg,334035,Samuel Amo-Ameyaw,F,9,6.6,,0.0,,,1,1.0,100.0,,,,1.0,0,0,2.0,2.0
Strasbourg vs Lyon,Lyon,61142,Dominik Greif,G,90,6.7,,0.0,,,38,29.0,76.3,,,,,0,0,,
Strasbourg vs Lyon,Lyon,1456,Ainsley Maitland-Niles,D,90,6.2,,0.0,,,39,34.0,87.2,4.0,,2.0,1.0,0,0,6.0,10.0
Strasbourg vs Lyon,Lyon,68,Clinton Mata,D,90,5.9,,0.0,,,42,40.0,95.2,3.0,,3.0,3.0,0,0,6.0,10.0
Strasbourg vs Lyon,Lyon,25916,Moussa Niakhaté,D,90,6.5,,0.0,,,70,65.0,92.9,,1.0,1.0,2.0,0,0,5.0,7.0
Strasbourg vs Lyon,Lyon,193293,Ruben Kluivert,D,85,6,,0.0,,,43,33.0,76.7,2.0,,1.0,1.0,1,0,5.0,8.0
Strasbourg vs Lyon,Lyon,80752,Tanner Tessmann,M,58,6.2,,0.0,1.0,,31,26.0,83.9,2.0,,2.0,,0,0,2.0,5.0
Strasbourg vs Lyon,Lyon,162590,Tyler Morton,M,90,6.7,,0.0,,,55,50.0,90.9,1.0,2.0,1.0,,0,0,1.0,3.0
Strasbourg vs Lyon,Lyon,519,Corentin Tolisso,M,83,7.3,1.0,0.0,1.0,1.0,47,35.0,74.5,3.0,,1.0,2.0,0,0,6.0,8.0
Strasbourg vs Lyon,Lyon,377122,Endrick,F,90,6.3,,0.0,1.0,1.0,15,11.0,73.3,,,,,1,0,1.0,5.0
Strasbourg vs Lyon,Lyon,66387,Pavel Šulc,F,28,6.7,,0.0,,,3,2.0,66.7,,,,1.0,0,0,1.0,1.0
Strasbourg vs Lyon,Lyon,9700,Abner Vinícius,F,90,6.3,,0.0,,,33,20.0,60.6,1.0,,,1.0,0,0,2.0,4.0
Strasbourg vs Lyon,Lyon,361352,Noah Nartey,M,62,6.2,,0.0,,,25,24.0,96.0,1.0,,,,0,0,1.0,4.0
Strasbourg vs Lyon,Lyon,8493,Roman Yaremchuk,F,32,6.6,,1.0,,,9,6.0,66.7,,,,,0,0,,
Strasbourg vs Lyon,Lyon,497617,Rémi Himbert,F,17,6.3,,0.0,,,2,2.0,100.0,,,,,0,0,,
Strasbourg vs Lyon,Lyon,529,Nicolás Tagliafico,D,15,6.3,,0.0,,,6,6.0,100.0,,,1.0,,0,0,,1.0
Strasbourg vs Lens,Strasbourg,340151,Mike Penders,G,90,6.3,,0.0,,,58,51.0,87.9,,,,,0,0,1.0,1.0
Strasbourg vs Lens,Strasbourg,358166,Abdoul Ouattara,D,90,6.3,,0.0,2.0,2.0,39,33.0,84.6,1.0,,1.0,,1,0,1.0,2.0
Strasbourg vs Lens,Strasbourg,271542,Ismael Doukouré,D,90,6.9,,0.0,1.0,1.0,67,57.0,85.1,1.0,2.0,,,0,0,6.0,8.0
Strasbourg vs Lens,Strasbourg,147835,Andrew Omobamidele,D,90,7.2,,0.0,,,72,69.0,95.8,3.0,,,,0,0,3.0,4.0
Strasbourg vs Lens,Strasbourg,161747,Guéla Doué,D,90,6.3,,0.0,,,45,37.0,82.2,1.0,1.0,3.0,2.0,0,0,4.0,13.0
Strasbourg vs Lens,Strasbourg,415431,Samir El Mourabet,M,90,7.5,,0.0,,,58,52.0,89.7,3.0,2.0,1.0,1.0,0,0,5.0,8.0
Strasbourg vs Lens,Strasbourg,319572,Valentín Barco,M,90,7.5,,0.0,,,72,67.0,93.1,2.0,,,2.0,0,0,5.0,7.0
Strasbourg vs Lens,Strasbourg,335056,Diego Moreira,M,89,6.7,,0.0,,,28,23.0,82.1,3.0,,,1.0,0,0,6.0,12.0
Strasbourg vs Lens,Strasbourg,70747,Julio Enciso,M,90,6.3,,0.0,2.0,1.0,38,25.0,65.8,2.0,2.0,2.0,,1,0,5.0,14.0
Strasbourg vs Lens,Strasbourg,359386,Martial Godo,M,76,6.7,,0.0,,,14,9.0,64.3,,2.0,,1.0,0,0,3.0,4.0
Strasbourg vs Lens,Strasbourg,390742,Joaquin Panichelli,F,90,7.5,1.0,0.0,1.0,1.0,15,11.0,73.3,2.0,,2.0,,0,0,2.0,7.0
Strasbourg vs Lens,Strasbourg,396193,Lucas Høgsberg,D,14,6.9,,0.0,,,20,20.0,100.0,,,,,0,0,,
Strasbourg vs Lens,Lens,347211,Robin Risser,G,90,6.7,,0.0,,,20,16.0,80.0,,,,,0,0,,
Strasbourg vs Lens,Lens,395589,Nidal Čelik,D,90,6.3,,0.0,,,43,36.0,83.7,1.0,3.0,1.0,1.0,0,0,2.0,4.0
Strasbourg vs Lens,Lens,369500,Ismaelo Ganiou,D,90,6.5,,0.0,1.0,,48,43.0,89.6,1.0,3.0,,,0,0,2.0,4.0
Strasbourg vs Lens,Lens,22166,Malang Sarr,D,90,6.6,,0.0,,,50,47.0,94.0,,3.0,,,0,0,1.0,2.0
Strasbourg vs Lens,Lens,44594,Saud Abdulhamid,M,90,7.3,,0.0,,,32,28.0,87.5,4.0,1.0,,,0,0,6.0,7.0
Strasbourg vs Lens,Lens,277306,Mamadou Sangare,M,90,7.7,1.0,0.0,2.0,1.0,45,36.0,80.0,1.0,5.0,1.0,2.0,0,0,4.0,8.0
Strasbourg vs Lens,Lens,22261,Adrien Thomasson,M,73,7.2,,0.0,1.0,,34,29.0,85.3,6.0,,1.0,2.0,1,0,10.0,19.0
Strasbourg vs Lens,Lens,20525,Matthieu Udol,M,90,6.3,,0.0,4.0,1.0,42,34.0,81.0,3.0,2.0,2.0,,1,0,3.0,8.0
Strasbourg vs Lens,Lens,1922,Florian Thauvin,F,81,6.9,,0.0,3.0,1.0,33,20.0,60.6,2.0,,1.0,1.0,0,0,4.0,8.0
Strasbourg vs Lens,Lens,21715,Wesley Saïd,F,72,6.7,,0.0,2.0,,22,20.0,90.9,2.0,,,1.0,0,0,4.0,10.0
Strasbourg vs Lens,Lens,1135,Odsonne Édouard,F,60,6.3,,0.0,6.0,1.0,13,11.0,84.6,,,1.0,,0,0,1.0,6.0
Strasbourg vs Lens,Lens,22173,Allan Saint-Maximin,F,30,6.5,,0.0,,,10,9.0,90.0,,,,,0,0,,2.0
Strasbourg vs Lens,Lens,277191,Abdallah Sima,F,18,6.3,,0.0,1.0,,4,4.0,100.0,,,,1.0,0,0,1.0,1.0
Strasbourg vs Lens,Lens,1153,Amadou Haidara,M,17,6.7,,0.0,1.0,1.0,4,3.0,75.0,,,,1.0,0,0,1.0,1.0
Strasbourg vs Lens,Lens,20761,Florian Sotoca,F,9,6.2,,0.0,,,7,3.0,42.9,,,,,0,0,,1.0
