fixture,team,goals,assists,shots_total_x,shots_on_x,passes_total,accurate_passes,fouls_committed,yellow_cards,red_cards,minutes,tackles,interceptions,shots_accuracy_for,pass_accuracy_team,expected_goals,goals_prevented,possession,corners,shots_total_y,shots_on_y,shots_on,shots_total,dominance_index,goal_conversion_rate,shot_on_target_ratio,control_index,cards_total,fouls_per_90_team,cards_per_90_team,cards_per_foul_team,fouls_per_duel_team,aggression_index_raw,aggression_index_norm,avg_goals_last_5,avg_cards_last_5,form_index_team
Alaves vs Atletico Madrid,Alaves,1.0,0.0,4.0,2.0,377,301.0,10.0,2,0,1006,13.0,5.0,0.5,0.7984084880636605,0.92,0,0.4,1,5,2,0,0,0.17428571428571432,0,0,0.5504573768639104,2,10.0,2,0.2,0.5555555555555556,5.71111111111111,0.30309204829096836,1.0,2.0,-0.09999999999999998
Alaves vs Celta Vigo,Alaves,0.0,0.0,5.0,2.0,508,430.0,21.0,2,0,989,12.0,12.0,0.4,0.8464566929133859,0.67,0,0.52,4,5,2,0,0,0.2651428571428571,0,0,0.6523010281609536,2,21.0,2,0.09523809523809523,0.875,11.275,0.736730171667261,0.5,2.0,-0.35
Alaves vs Elche,Alaves,3.0,2.0,13.0,5.0,395,328.0,13.0,3,0,998,20.0,12.0,0.38461538461538464,0.830379746835443,2.42,0,0.47000000000000003,14,25,5,0,0,0.388,0,0,0.6970194473525586,3,13.0,3,0.23076923076923078,0.40625,7.48125,0.441053053843411,1.3333333333333333,2.3333333333333335,-0.03333333333333344
Alaves vs Espanyol,Alaves,2.0,0.0,10.0,4.0,474,394.0,14.0,4,1,998,19.0,9.0,0.4,0.8312236286919831,1.22,0,0.54,1,13,4,0,0,0.23028571428571432,0,0,0.6033311125916055,5,14.0,5,0.35714285714285715,0.5,8.6,0.5282461413071163,1.5,3.0,-0.1499999999999999
Alaves vs Getafe,Alaves,0.0,0.0,13.0,5.0,404,315.0,20.0,2,0,990,17.0,6.0,0.38461538461538464,0.7797029702970297,2.02,1,0.6000000000000001,6,13,5,0,0,0.32571428571428573,0,0,0.5988740415394923,2,20.0,2,0.1,0.8695652173913043,10.773913043478261,0.6976764788610739,1.2,2.8,-0.24
Alaves vs Levante,Alaves,2.0,1.0,11.0,4.0,471,382.0,15.0,0,0,1016,15.0,10.0,0.36363636363636365,0.8110403397027601,1.29,0,0.62,10,15,4,0,0,0.39085714285714285,0,0,0.6778259342624077,0,15.0,0,0.0,0.6,7.62,0.45186694513779235,1.4,2.4,-0.020000000000000018
Alaves vs Oviedo,Alaves,1.0,0.0,15.0,7.0,442,363.0,11.0,3,1,987,18.0,6.0,0.4666666666666667,0.8212669683257918,1.72,0,0.5700000000000001,6,18,7,0,0,0.3137142857142857,0,0,0.6339417548395877,4,11.0,4,0.36363636363636365,0.4583333333333333,6.791666666666667,0.3873083388518161,1.6,2.8,-0.039999999999999925
Alaves vs Real Betis,Alaves,2.0,2.0,11.0,9.0,360,263.0,17.0,1,0,995,30.0,2.0,0.8181818181818182,0.7305555555555555,1.27,0,0.45,6,17,9,0,0,0.26571428571428574,0,0,0.5577589807852965,1,17.0,1,0.058823529411764705,0.53125,8.90625,0.5521146401100301,1.4,2.4,-0.020000000000000018
Alaves vs Real Madrid,Alaves,1.0,1.0,4.0,2.0,488,421.0,12.0,3,0,1004,23.0,14.0,0.5,0.8627049180327869,1.36,0,0.52,5,6,2,0,0,0.27942857142857147,0,0,0.6624301532519825,3,12.0,3,0.25,0.32432432432432434,6.9648648648648654,0.40080705227666674,1.2,2.0,0.0
Alaves vs Real Sociedad,Alaves,1.0,0.0,10.0,3.0,322,260.0,20.0,2,0,989,14.0,11.0,0.3,0.8074534161490683,1.39,0,0.38,5,14,3,0,0,0.22342857142857145,0,0,0.5723983872725291,2,20.0,2,0.1,0.8,10.76,0.6965921247007284,1.4,2.0,0.09999999999999998
Alaves vs Sevilla,Alaves,1.0,0.0,7.0,5.0,394,307.0,20.0,1,0,990,21.0,7.0,0.7142857142857143,0.7791878172588832,0.9500000000000001,0,0.48,4,8,5,0,0,0.24914285714285714,0,0,0.5758094474765594,1,20.0,1,0.05,0.7142857142857143,10.442857142857143,0.6718746588849998,1.2,2.2,-0.06000000000000005
Alaves vs Valencia,Alaves,0.0,0.0,10.0,3.0,512,430.0,13.0,1,0,990,10.0,11.0,0.3,0.83984375,0.74,0,0.63,7,13,3,0,0,0.352,0,0,0.6790697446741855,1,13.0,1,0.07692307692307693,0.6190476190476191,6.923809523809524,0.39760728294170306,1.0,1.6,0.020000000000000018
Athletic Club vs Alaves,Alaves,0.0,0.0,3.0,2.0,350,252.0,21.0,4,0,989,20.0,11.0,0.6666666666666666,0.72,0.09,0,0.42,6,4,2,0,0,0.2537142857142857,0,0,0.5487218045112782,4,21.0,4,0.19047619047619047,0.6774193548387096,11.83548387096774,0.7804131385350029,0.6,2.2,-0.36000000000000004
Atletico Madrid vs Alaves,Alaves,0.0,0.0,6.0,0.0,464,383.0,5.0,1,0,990,15.0,3.0,0.0,0.8254310344827587,0.85,0,0.46,6,8,0,0,0,0.26971428571428574,0,0,0.6442944646098003,1,5.0,1,0.2,0.2777777777777778,2.855555555555555,0.08053588711731444,0.4,1.8,-0.34
Barcelona vs Alaves,Alaves,1.0,1.0,7.0,2.0,307,231.0,17.0,3,0,990,20.0,9.0,0.2857142857142857,0.752442996742671,1.59,0,0.31,4,9,2,0,0,0.18114285714285713,0,0,0.52973027030116,3,17.0,3,0.17647058823529413,0.5862068965517241,9.517241379310345,0.5997340589040207,0.4,2.0,-0.39999999999999997
Espanyol vs Alaves,Alaves,2.0,1.0,11.0,7.0,417,320.0,15.0,1,0,990,20.0,9.0,0.6363636363636364,0.7673860911270983,1.24,0,0.5,2,11,7,0,0,0.2285714285714286,0,0,0.5595075819044013,1,15.0,1,0.06666666666666667,0.5172413793103449,7.903448275862069,0.4739583241846552,0.6,2.0,-0.3
Getafe vs Alaves,Alaves,1.0,1.0,7.0,4.0,352,259.0,20.0,3,0,996,15.0,9.0,0.5714285714285714,0.7357954545454546,0.5700000000000001,0,0.54,7,10,4,0,0,0.316,0,0,0.5668952210070631,3,20.0,3,0.15,0.8333333333333334,11.066666666666666,0.7204930976516734,0.8,2.4,-0.31999999999999995
Girona vs Alaves,Alaves,0.0,0.0,12.0,5.0,463,391.0,15.0,3,0,996,16.0,6.0,0.4166666666666667,0.8444924406047516,1.84,0,0.48,1,14,5,0,0,0.2062857142857143,0,0,0.6058301802021251,3,15.0,3,0.2,0.6818181818181818,8.536363636363637,0.5232864532441733,0.8,2.2,-0.26
Mallorca vs Alaves,Alaves,0.0,0.0,9.0,3.0,518,445.0,18.0,3,0,990,26.0,4.0,0.3333333333333333,0.859073359073359,0.78,0,0.61,8,12,3,0,0,0.35828571428571426,0,0,0.7004639978324187,3,18.0,3,0.16666666666666666,0.6,10.02,0.6389180377973613,0.8,2.6,-0.38
Osasuna vs Alaves,Alaves,0.0,0.0,6.0,3.0,434,341.0,11.0,2,0,989,18.0,7.0,0.5,0.7857142857142857,0.5700000000000001,0,0.53,0,7,3,0,0,0.21200000000000002,0,0,0.556015037593985,2,11.0,2,0.18181818181818182,0.44,6.188,0.3402597931842494,0.6,2.4,-0.42
Rayo Vallecano vs Alaves,Alaves,0.0,0.0,5.0,2.0,358,266.0,11.0,3,0,996,27.0,1.0,0.4,0.7430167597765364,0.84,0,0.46,5,12,2,0,0,0.25542857142857145,0,0,0.5537138936727293,3,11.0,3,0.2727272727272727,0.39285714285714285,6.478571428571429,0.36290633618839013,0.2,2.8,-0.74
Real Betis vs Alaves,Alaves,0.0,0.0,10.0,5.0,485,400.0,17.0,3,0,995,23.0,7.0,0.5,0.8247422680412371,1.12,0,0.51,2,11,5,0,0,0.2325714285714286,0,0,0.6137495801359069,3,17.0,3,0.17647058823529413,0.5666666666666667,9.513333333333334,0.5994294737914524,0.0,2.8,-0.84
Villarreal vs Alaves,Alaves,1.0,0.0,12.0,5.0,543,450.0,14.0,2,0,990,19.0,11.0,0.4166666666666667,0.8287292817679558,0.9400000000000001,0,0.56,6,16,5,0,0,0.3097142857142857,0,0,0.6756428363726997,2,14.0,2,0.14285714285714285,0.4666666666666667,7.693333333333333,0.4575823951912792,0.2,2.6,-0.68
Athletic Club vs Alaves,Athletic Club,0.0,0.0,7.0,3.0,461,372.0,17.0,3,0,990,20.0,10.0,0.42857142857142855,0.806941431670282,1.08,0,0.58,6,12,3,0,0,0.31771428571428567,0,0,0.6339218436546898,3,17.0,3,0.17647058823529413,0.5666666666666667,9.513333333333334,0.5994294737914524,0.0,3.0,-0.8999999999999999
Athletic Club vs Atletico Madrid,Athletic Club,1.0,1.0,11.0,3.0,386,287.0,9.0,3,0,990,11.0,17.0,0.2727272727272727,0.7435233160621761,1.15,0,0.44,5,14,3,0,0,0.24742857142857144,0,0,0.5644934876050229,3,9.0,3,0.3333333333333333,0.32142857142857145,5.464285714285714,0.28385498155250083,0.5,3.0,-0.6499999999999999
Athletic Club vs Espanyol,Athletic Club,1.0,0.0,11.0,7.0,527,443.0,10.0,5,0,990,11.0,11.0,0.6363636363636364,0.8406072106261859,1.59,0,0.66,8,17,7,0,0,0.3782857142857143,0,0,0.6946143822554489,5,10.0,5,0.5,0.45454545454545453,6.590909090909091,0.37166170389134073,0.6666666666666666,3.6666666666666665,-0.7666666666666666
Athletic Club vs Getafe,Athletic Club,0.0,0.0,5.0,4.0,435,336.0,15.0,1,1,990,13.0,5.0,0.8,0.7724137931034483,0.39,0,0.5700000000000001,1,7,4,0,0,0.24228571428571433,0,0,0.5592645406619998,2,15.0,2,0.13333333333333333,0.8333333333333334,8.266666666666666,0.5022668228821762,0.5,3.25,-0.725
Athletic Club vs Girona,Athletic Club,1.0,0.0,12.0,5.0,600,524.0,19.0,0,0,990,18.0,10.0,0.4166666666666667,0.8733333333333333,1.46,0,0.67,8,17,5,0,0,0.3822857142857143,0,0,0.7384210526315789,0,19.0,0,0.0,0.6785714285714286,9.635714285714286,0.608967594984609,0.6,2.6,-0.48000000000000004
Athletic Club vs Levante,Athletic Club,4.0,4.0,16.0,7.0,502,437.0,17.0,2,0,989,10.0,11.0,0.4375,0.8705179282868526,2.08,0,0.55,4,22,7,0,0,0.27714285714285714,0,0,0.6620760067499426,2,17.0,2,0.11764705882352941,0.8095238095238095,9.261904761904761,0.5798336450366403,1.4,2.4,-0.020000000000000018
Athletic Club vs Mallorca,Athletic Club,2.0,1.0,11.0,5.0,442,380.0,16.0,4,0,990,8.0,4.0,0.45454545454545453,0.8597285067873304,2.05,0,0.52,7,18,5,0,0,0.308,0,0,0.6626963335941665,4,16.0,4,0.25,1.3333333333333333,9.466666666666667,0.5957923692119608,1.6,2.6,0.020000000000000018
Athletic Club vs Oviedo,Athletic Club,1.0,1.0,19.0,7.0,417,352.0,12.0,1,0,996,15.0,8.0,0.3684210526315789,0.8441247002398081,1.7,0,0.48,7,21,7,0,0,0.292,0,0,0.6454959340798038,1,12.0,1,0.08333333333333333,0.5217391304347826,6.404347826086957,0.3571215003776193,1.6,1.8,0.26
Athletic Club vs Rayo Vallecano,Athletic Club,1.0,0.0,7.0,4.0,334,253.0,13.0,0,0,1002,14.0,5.0,0.5714285714285714,0.7574850299401198,1.51,0,0.41000000000000003,3,11,4,0,0,0.20685714285714288,0,0,0.5328778533159245,0,13.0,0,0.0,0.6842105263157895,6.636842105263158,0.3752416291097057,1.8,1.4,0.48000000000000004
Athletic Club vs Real Madrid,Athletic Club,0.0,0.0,8.0,4.0,375,298.0,15.0,2,0,990,16.0,15.0,0.5,0.7946666666666666,0.84,1,0.38,5,9,4,0,0,0.22342857142857145,0,0,0.5859298245614035,2,15.0,2,0.13333333333333333,0.4838709677419355,8.196774193548388,0.49681954643823717,1.6,1.8,0.26
Athletic Club vs Real Sociedad,Athletic Club,1.0,1.0,10.0,4.0,421,333.0,14.0,4,0,990,13.0,12.0,0.4,0.7909738717339667,0.97,0,0.55,6,19,4,0,0,0.3057142857142857,0,0,0.6109004697015699,4,14.0,4,0.2857142857142857,0.56,8.312,0.505800010187968,1.0,2.2,-0.16000000000000003
Athletic Club vs Sevilla,Athletic Club,3.0,1.0,6.0,3.0,387,302.0,8.0,0,0,992,11.0,6.0,0.5,0.7803617571059431,2.89,0,0.46,10,14,3,0,0,0.32685714285714285,0,0,0.630907695595578,0,8.0,0,0.0,0.47058823529411764,4.094117647058823,0.17706688400998422,1.2,1.4,0.18
Barcelona vs Athletic Club,Athletic Club,0.0,0.0,10.0,2.0,317,256.0,9.0,2,1,954,18.0,9.0,0.2,0.807570977917981,0.8,-2,0.32,7,13,2,0,0,0.22799999999999998,0,0,0.5896250879564843,3,9.0,3,0.3333333333333333,0.3333333333333333,5.466666666666667,0.284040548112679,1.0,1.8,-0.040000000000000036
Celta Vigo vs Athletic Club,Athletic Club,0.0,0.0,8.0,2.0,492,427.0,13.0,2,0,990,17.0,10.0,0.25,0.8678861788617886,1.61,0,0.5,4,14,2,0,0,0.2571428571428571,0,0,0.65700073354117,2,13.0,2,0.15384615384615385,0.48148148148148145,7.196296296296296,0.41884434482875726,0.8,2.2,-0.26
Elche vs Athletic Club,Athletic Club,0.0,0.0,3.0,1.0,271,199.0,20.0,3,0,990,13.0,6.0,0.3333333333333333,0.7343173431734318,0.25,0,0.31,2,4,1,0,0,0.15257142857142858,0,0,0.4880859898824552,3,20.0,3,0.15,1.0526315789473684,11.110526315789475,0.7239114290233761,0.8,2.4,-0.31999999999999995
Levante vs Athletic Club,Athletic Club,2.0,2.0,12.0,4.0,319,227.0,19.0,2,0,990,24.0,11.0,0.3333333333333333,0.7115987460815048,2.9,1,0.44,2,14,4,0,0,0.20457142857142857,0,0,0.4947718041184466,2,19.0,2,0.10526315789473684,0.5428571428571428,10.208571428571428,0.6536149093634703,1.0,2.0,-0.09999999999999998
Mallorca vs Athletic Club,Athletic Club,2.0,2.0,16.0,11.0,433,337.0,10.0,5,1,970,10.0,9.0,0.6875,0.7782909930715936,2.11,0,0.49,7,21,11,0,0,0.296,0,0,0.6185941180896815,6,10.0,6,0.6,0.5263157894736842,6.905263157894737,0.3961618171045259,0.8,3.2,-0.5599999999999999
Osasuna vs Athletic Club,Athletic Club,1.0,1.0,12.0,6.0,419,335.0,18.0,3,0,989,13.0,10.0,0.5,0.7995226730310262,1.46,0,0.51,9,16,6,0,0,0.3325714285714286,0,0,0.6429944192222801,3,18.0,3,0.16666666666666666,0.782608695652174,10.056521739130435,0.6417644674682679,1.0,3.2,-0.45999999999999996
Real Betis vs Athletic Club,Athletic Club,1.0,0.0,11.0,6.0,440,376.0,16.0,4,0,1012,15.0,11.0,0.5454545454545454,0.8545454545454545,1.11,0,0.5,10,15,6,0,0,0.34285714285714286,0,0,0.6879243563454089,4,16.0,4,0.25,0.6153846153846154,9.323076923076922,0.5846012781981403,1.2,3.6,-0.4800000000000001
Real Sociedad vs Athletic Club,Athletic Club,2.0,1.0,9.0,4.0,357,276.0,8.0,3,0,999,20.0,4.0,0.4444444444444444,0.773109243697479,0.8300000000000001,0,0.49,2,11,4,0,0,0.2245714285714286,0,0,0.5398127672121481,3,8.0,3,0.375,0.3333333333333333,4.966666666666667,0.24507157047526876,1.6,3.6,-0.28
Sevilla vs Athletic Club,Athletic Club,1.0,0.0,10.0,3.0,358,245.0,12.0,1,0,990,19.0,13.0,0.3,0.6843575418994413,2.14,0,0.5,5,15,3,0,0,0.27142857142857146,0,0,0.5243842847341817,1,12.0,1,0.08333333333333333,0.375,6.375,0.3548341908206409,1.4,3.4,-0.32000000000000006
Valencia vs Athletic Club,Athletic Club,0.0,0.0,7.0,5.0,486,404.0,6.0,1,1,961,14.0,8.0,0.7142857142857143,0.831275720164609,0.49,0,0.56,6,11,5,0,0,0.3097142857142857,0,0,0.655487484142455,2,6.0,2,0.3333333333333333,0.2727272727272727,3.6545454545454548,0.14280752612982253,1.0,2.6,-0.28
Villarreal vs Athletic Club,Athletic Club,0.0,0.0,9.0,4.0,506,435.0,11.0,0,0,990,12.0,6.0,0.4444444444444444,0.8596837944664032,1.44,0,0.58,5,16,4,0,0,0.3034285714285714,0,0,0.6676865087620236,0,11.0,0,0.0,0.6111111111111112,5.622222222222222,0.2961642300443177,0.8,2.0,-0.19999999999999996
Alaves vs Atletico Madrid,Atletico Madrid,1.0,0.0,12.0,6.0,548,464.0,17.0,3,0,1022,19.0,7.0,0.5,0.8467153284671532,1.09,0,0.6000000000000001,6,15,6,0,0,0.32571428571428573,0,0,0.6865155589704187,3,17.0,3,0.17647058823529413,0.6538461538461539,9.53076923076923,0.6007883919859877,1.0,3.0,-0.3999999999999999
Athletic Club vs Atletico Madrid,Atletico Madrid,0.0,0.0,6.0,3.0,487,384.0,12.0,2,0,990,15.0,12.0,0.5,0.7885010266940452,0.6900000000000001,0,0.56,6,7,3,0,0,0.3097142857142857,0,0,0.634476077256797,2,12.0,2,0.16666666666666666,0.4444444444444444,6.688888888888888,0.3792980490041261,0.5,2.5,-0.5
Atletico Madrid vs Alaves,Atletico Madrid,1.0,1.0,15.0,6.0,555,488.0,13.0,1,0,996,24.0,5.0,0.4,0.8792792792792793,1.78,0,0.54,6,23,6,0,0,0.3017142857142857,0,0,0.7054291133238502,1,13.0,1,0.07692307692307693,0.4482758620689655,6.889655172413793,0.3949453626301821,0.6666666666666666,2.0,-0.26666666666666666
Atletico Madrid vs Elche,Atletico Madrid,1.0,1.0,10.0,6.0,545,465.0,14.0,0,0,994,20.0,9.0,0.6,0.8532110091743119,1.74,0,0.58,10,13,6,0,0,0.37485714285714283,0,0,0.726730817870364,0,14.0,0,0.0,0.4827586206896552,7.096551724137931,0.4110704568249725,0.75,1.5,-0.07499999999999996
Atletico Madrid vs Levante,Atletico Madrid,2.0,1.0,19.0,10.0,630,559.0,5.0,3,0,990,19.0,3.0,0.5263157894736842,0.8873015873015873,2.92,1,0.74,21,25,10,0,0,0.596,0,0,0.8804928989139515,3,5.0,3,0.6,0.22727272727272727,3.4454545454545453,0.1265114082087237,1.0,1.8,-0.040000000000000036
Atletico Madrid vs Mallorca,Atletico Madrid,2.0,0.0,14.0,8.0,562,484.0,10.0,2,0,990,18.0,10.0,0.5714285714285714,0.8612099644128114,1.48,0,0.61,10,17,8,0,0,0.38685714285714284,0,0,0.7371212729332227,2,10.0,2,0.2,0.35714285714285715,5.671428571428571,0.2999992722879993,1.2,1.6,0.12
Atletico Madrid vs Osasuna,Atletico Madrid,1.0,1.0,18.0,9.0,529,465.0,10.0,1,0,990,16.0,10.0,0.5,0.8790170132325141,2.58,1,0.59,4,18,9,0,0,0.29314285714285715,0,0,0.676475925162623,1,10.0,1,0.1,0.38461538461538464,5.3769230769230765,0.2770461162290412,1.4,1.4,0.27999999999999997
Atletico Madrid vs Oviedo,Atletico Madrid,2.0,1.0,13.0,8.0,533,476.0,5.0,0,0,990,13.0,6.0,0.6153846153846154,0.8930581613508443,1.93,0,0.52,7,14,8,0,0,0.308,0,0,0.7135716871917128,0,5.0,0,0.0,0.2631578947368421,2.5526315789473686,0.05692661177675483,1.6,1.2,0.44000000000000006
Atletico Madrid vs Rayo Vallecano,Atletico Madrid,3.0,2.0,16.0,8.0,579,506.0,6.0,3,0,990,12.0,12.0,0.5,0.8739205526770294,3.61,0,0.61,8,20,8,0,0,0.35828571428571426,0,0,0.7308199254613217,3,6.0,3,0.5,0.25,3.9499999999999997,0.16583464927920125,2.0,1.8,0.45999999999999996
Atletico Madrid vs Real Betis,Atletico Madrid,0.0,0.0,9.0,5.0,678,605.0,12.0,3,0,990,7.0,6.0,0.5555555555555556,0.8923303834808259,0.67,1,0.65,7,10,5,0,0,0.36,0,0,0.7677190764521924,3,12.0,3,0.25,0.9230769230769231,7.084615384615385,0.41014016292911926,1.6,1.8,0.26
Atletico Madrid vs Real Madrid,Atletico Madrid,5.0,2.0,11.0,7.0,305,240.0,17.0,5,0,1002,14.0,7.0,0.6363636363636364,0.7868852459016393,2.34,-2,0.37,7,13,7,0,0,0.248,0,0,0.5747709437528247,5,17.0,5,0.29411764705882354,0.8095238095238095,10.161904761904761,0.6499778047839787,2.2,2.4,0.3800000000000001
Atletico Madrid vs Sevilla,Atletico Madrid,3.0,2.0,12.0,6.0,459,392.0,9.0,0,0,1000,15.0,10.0,0.5,0.8540305010893247,3.53,0,0.47000000000000003,9,15,6,0,0,0.3165714285714286,0,0,0.6852859272363917,0,9.0,0,0.0,0.36,4.572,0.21431205746013962,2.6,2.2,0.64
Atletico Madrid vs Valencia,Atletico Madrid,2.0,1.0,8.0,6.0,447,373.0,13.0,3,0,990,18.0,9.0,0.75,0.8344519015659956,1.01,0,0.46,5,10,6,0,0,0.25542857142857145,0,0,0.6328901111840004,3,13.0,3,0.23076923076923078,0.48148148148148145,7.496296296296297,0.44222573141120347,2.6,2.8,0.4600000000000001
Atletico Madrid vs Villarreal,Atletico Madrid,2.0,2.0,6.0,3.0,623,559.0,12.0,2,0,996,11.0,5.0,0.5,0.8972712680577849,1.01,0,0.61,8,8,3,0,0,0.35828571428571426,0,0,0.7590366365351582,2,12.0,2,0.16666666666666666,0.75,6.75,0.3840609240486985,2.4,2.6,0.41999999999999993
Barcelona vs Atletico Madrid,Atletico Madrid,1.0,1.0,6.0,2.0,391,308.0,9.0,1,0,990,18.0,10.0,0.3333333333333333,0.7877237851662404,0.98,0,0.42,4,7,2,0,0,0.22514285714285714,0,0,0.5789496118813658,1,9.0,1,0.1111111111111111,0.32142857142857145,4.864285714285714,0.23709220838760853,2.6,2.2,0.64
Celta Vigo vs Atletico Madrid,Atletico Madrid,0.0,0.0,5.0,1.0,501,436.0,10.0,3,1,940,14.0,11.0,0.2,0.8702594810379242,0.30000000000000004,0,0.41000000000000003,3,6,1,0,0,0.20685714285714288,0,0,0.6520470337520449,4,10.0,4,0.4,0.4,6.28,0.34743008506953293,1.6,2.0,0.20000000000000007
Espanyol vs Atletico Madrid,Atletico Madrid,1.0,0.0,11.0,4.0,618,551.0,11.0,3,0,990,11.0,5.0,0.36363636363636365,0.8915857605177994,1.1,0,0.6000000000000001,3,15,4,0,0,0.2828571428571429,0,0,0.7066951358979975,3,11.0,3,0.2727272727272727,0.6875,6.5375000000000005,0.3674991085527992,1.2,2.6,-0.18000000000000005
Getafe vs Atletico Madrid,Atletico Madrid,0.0,0.0,8.0,6.0,445,360.0,17.0,3,0,990,17.0,6.0,0.75,0.8089887640449438,0.99,0,0.59,7,13,6,0,0,0.33599999999999997,0,0,0.6384542817718453,3,17.0,3,0.17647058823529413,0.7391304347826086,9.547826086956523,0.6021177684806419,0.8,2.6,-0.38
Girona vs Atletico Madrid,Atletico Madrid,3.0,2.0,11.0,6.0,509,454.0,14.0,0,0,993,21.0,5.0,0.5454545454545454,0.8919449901768173,0.9,1,0.49,4,14,6,0,0,0.2531428571428571,0,0,0.6754211166422933,0,14.0,0,0.0,0.5384615384615384,7.107692307692307,0.4119387311277689,1.0,2.2,-0.16000000000000003
Levante vs Atletico Madrid,Atletico Madrid,0.0,0.0,8.0,4.0,512,438.0,12.0,1,0,990,25.0,7.0,0.5,0.85546875,0.86,0,0.55,7,10,4,0,0,0.32,0,0,0.6868822446741855,1,12.0,1,0.08333333333333333,0.375,6.375,0.3548341908206409,0.8,2.2,-0.26
Mallorca vs Atletico Madrid,Atletico Madrid,1.0,0.0,11.0,7.0,550,485.0,6.0,0,1,972,10.0,8.0,0.6363636363636364,0.8818181818181818,2.26,0,0.5700000000000001,6,12,7,0,0,0.3137142857142857,0,0,0.7048188653451811,1,6.0,1,0.16666666666666666,0.3333333333333333,3.3666666666666667,0.12037084203555602,1.0,1.6,0.020000000000000018
Real Betis vs Atletico Madrid,Atletico Madrid,2.0,2.0,8.0,4.0,421,341.0,18.0,1,0,990,29.0,6.0,0.5,0.8099762470308789,0.6000000000000001,1,0.43,5,9,4,0,0,0.24342857142857144,0,0,0.6108778478262165,1,18.0,1,0.05555555555555555,0.5142857142857142,9.402857142857144,0.5908191853991865,1.2,1.2,0.24
Real Sociedad vs Atletico Madrid,Atletico Madrid,1.0,1.0,8.0,2.0,506,430.0,13.0,2,0,990,11.0,7.0,0.25,0.849802371541502,1.25,0,0.55,6,10,2,0,0,0.3057142857142857,0,0,0.6722696068233825,2,13.0,2,0.15384615384615385,0.7222222222222222,7.2444444444444445,0.4225969130456931,1.4,1.0,0.39999999999999997
Barcelona vs Alaves,Barcelona,3.0,3.0,12.0,6.0,697,622.0,10.0,2,0,996,25.0,5.0,0.5,0.8923959827833573,2.24,0,0.6900000000000001,5,18,6,0,0,0.3474285714285714,0,0,0.7558471141986962,2,10.0,2,0.2,0.3333333333333333,5.666666666666666,0.299628139167643,3.0,2.0,0.9
Barcelona vs Athletic Club,Barcelona,4.0,3.0,12.0,7.0,698,619.0,9.0,0,0,990,15.0,5.0,0.5833333333333334,0.8868194842406877,2.0,-2,0.68,5,19,7,0,0,0.3434285714285714,0,0,0.7534348047769854,0,9.0,0,0.0,0.45,4.59,0.21571494065508637,3.5,1.0,1.45
Barcelona vs Atletico Madrid,Barcelona,3.0,2.0,15.0,6.0,560,480.0,12.0,1,0,998,18.0,9.0,0.4,0.8571428571428571,3.6,0,0.58,5,19,6,0,0,0.3034285714285714,0,0,0.68671679197995,1,12.0,1,0.08333333333333333,0.4444444444444444,6.388888888888888,0.35591666242168,3.3333333333333335,1.0,1.3666666666666667
Barcelona vs Elche,Barcelona,3.0,3.0,11.0,5.0,413,342.0,12.0,0,0,990,17.0,12.0,0.45454545454545453,0.8280871670702179,1.8800000000000001,0,0.49,6,17,5,0,0,0.2817142857142857,0,0,0.626449598572703,0,12.0,0,0.0,0.41379310344827586,6.082758620689655,0.3320574952704994,3.25,0.75,1.4
Barcelona vs Getafe,Barcelona,3.0,2.0,14.0,7.0,738,664.0,9.0,2,0,995,12.0,7.0,0.5,0.8997289972899729,1.97,0,0.71,3,16,7,0,0,0.32685714285714285,0,0,0.7558795362389714,2,9.0,2,0.2222222222222222,0.47368421052631576,5.194736842105263,0.2628468936081225,3.2,1.0,1.3
Barcelona vs Girona,Barcelona,2.0,2.0,21.0,9.0,670,615.0,10.0,2,0,990,20.0,5.0,0.42857142857142855,0.917910447761194,1.61,0,0.68,11,27,9,0,0,0.42914285714285716,0,0,0.815596827890622,2,10.0,2,0.2,0.4,5.68,0.30066731190464063,3.0,1.0,1.2
Barcelona vs Mallorca,Barcelona,3.0,3.0,13.0,7.0,777,706.0,7.0,0,0,993,14.0,7.0,0.5384615384615384,0.9086229086229086,2.63,0,0.76,12,24,7,0,0,0.4754285714285714,0,0,0.8607024317550633,0,7.0,0,0.0,0.3333333333333333,3.566666666666667,0.13595843309052014,2.8,1.0,1.0999999999999999
Barcelona vs Osasuna,Barcelona,2.0,1.0,17.0,7.0,734,669.0,5.0,0,0,990,12.0,12.0,0.4117647058823529,0.9114441416893733,2.41,0,0.8,14,24,7,0,0,0.52,0,0,0.8649952538020801,0,5.0,0,0.0,0.20833333333333334,2.5416666666666665,0.05607202893382914,2.6,0.8,1.06
Barcelona vs Oviedo,Barcelona,3.0,1.0,11.0,7.0,678,607.0,8.0,1,0,990,14.0,10.0,0.6363636363636364,0.8952802359882006,2.09,0,0.73,10,15,7,0,0,0.43485714285714283,0,0,0.7977654312773083,1,8.0,1,0.125,0.3333333333333333,4.366666666666666,0.19830879731037646,2.6,1.0,1.0
Barcelona vs Real Sociedad,Barcelona,2.0,2.0,17.0,12.0,744,684.0,6.0,1,0,989,12.0,2.0,0.7058823529411765,0.9193548387096774,2.22,0,0.75,12,22,12,0,0,0.4714285714285714,0,0,0.8536623817608537,1,6.0,1,0.16666666666666666,0.42857142857142855,3.3857142857142857,0.12185537451698117,2.4,0.8,0.96
Barcelona vs Valencia,Barcelona,6.0,5.0,20.0,10.0,677,616.0,9.0,0,0,990,17.0,8.0,0.5,0.9098966026587888,4.02,-3,0.72,5,24,10,0,0,0.35942857142857143,0,0,0.7570786271439307,0,9.0,0,0.0,0.36,4.572,0.21431205746013962,3.2,0.4,1.48
Celta Vigo vs Barcelona,Barcelona,4.0,2.0,13.0,9.0,720,652.0,10.0,5,1,1013,15.0,12.0,0.6923076923076923,0.9055555555555556,3.31,-1,0.61,5,21,9,0,0,0.3154285714285714,0,0,0.7710735171261487,6,10.0,6,0.6,0.37037037037037035,6.874074074074074,0.3937310036846485,3.4,1.6,1.22
Elche vs Barcelona,Barcelona,3.0,2.0,23.0,8.0,548,473.0,9.0,1,0,1001,14.0,7.0,0.34782608695652173,0.8631386861313869,6.44,0,0.61,8,30,8,0,0,0.35828571428571426,0,0,0.7137748568501545,1,9.0,1,0.1111111111111111,0.42857142857142855,4.885714285714285,0.2387623074292118,3.6,1.8,1.26
Espanyol vs Barcelona,Barcelona,2.0,2.0,11.0,6.0,559,494.0,14.0,0,0,990,17.0,8.0,0.5454545454545454,0.8837209302325582,1.67,1,0.6900000000000001,7,15,6,0,0,0.376,0,0,0.7186775077227954,0,14.0,0,0.0,0.56,7.112,0.41227446385818356,3.4,1.6,1.22
Levante vs Barcelona,Barcelona,2.0,2.0,18.0,10.0,761,699.0,8.0,1,0,1000,11.0,5.0,0.5555555555555556,0.9185282522996058,1.93,0,0.8200000000000001,11,26,10,0,0,0.4851428571428572,0,0,0.8501162564756175,1,8.0,1,0.125,0.5,4.3999999999999995,0.20090672915287044,3.4,1.6,1.22
Mallorca vs Barcelona,Barcelona,3.0,2.0,17.0,8.0,569,505.0,17.0,1,0,990,15.0,7.0,0.47058823529411764,0.8875219683655536,2.13,0,0.71,6,24,8,0,0,0.36971428571428566,0,0,0.7148136157617242,1,17.0,1,0.058823529411764705,0.7727272727272727,8.954545454545455,0.555878689086371,2.8,1.8,0.8599999999999999
Oviedo vs Barcelona,Barcelona,3.0,2.0,14.0,10.0,775,707.0,6.0,0,0,988,18.0,6.0,0.7142857142857143,0.912258064516129,2.07,0,0.79,9,22,10,0,0,0.4445714285714286,0,0,0.8331967014309968,0,6.0,0,0.0,0.25,3.05,0.09569048953186286,2.6,0.6,1.12
Rayo Vallecano vs Barcelona,Barcelona,1.0,0.0,9.0,3.0,444,364.0,8.0,1,0,990,18.0,8.0,0.3333333333333333,0.8198198198198198,1.83,0,0.5700000000000001,4,12,3,0,0,0.28514285714285714,0,0,0.6149224412382307,1,8.0,1,0.125,0.3076923076923077,4.361538461538461,0.1979091154884543,2.2,0.6,0.9200000000000002
Real Betis vs Barcelona,Barcelona,5.0,4.0,14.0,8.0,575,512.0,9.0,2,0,990,17.0,2.0,0.5714285714285714,0.8904347826086957,2.83,0,0.62,7,16,8,0,0,0.348,0,0,0.7280494715048491,2,9.0,2,0.2222222222222222,0.47368421052631576,5.194736842105263,0.2628468936081225,2.8,1.0,1.0999999999999999
Real Madrid vs Barcelona,Barcelona,1.0,1.0,11.0,6.0,639,574.0,9.0,5,1,1000,20.0,7.0,0.5454545454545454,0.8982785602503912,1.03,2,0.68,4,15,6,0,0,0.3291428571428572,0,0,0.7274600821302081,6,9.0,6,0.6666666666666666,0.3333333333333333,6.366666666666666,0.3541847078600173,2.6,2.0,0.7000000000000001
Real Sociedad vs Barcelona,Barcelona,1.0,1.0,20.0,9.0,604,535.0,8.0,4,0,1007,15.0,6.0,0.45,0.8857615894039735,3.68,0,0.72,8,25,9,0,0,0.40228571428571425,0,0,0.7461389400653953,4,8.0,4,0.5,0.38095238095238093,5.276190476190476,0.26919522329842743,2.2,2.6,0.32000000000000006
Sevilla vs Barcelona,Barcelona,1.0,1.0,12.0,8.0,427,363.0,9.0,5,0,1001,19.0,4.0,0.6666666666666666,0.8501170960187353,2.25,0,0.61,6,17,8,0,0,0.3297142857142857,0,0,0.6427277209416985,5,9.0,5,0.5555555555555556,0.391304347826087,6.078260869565217,0.3317069497445257,1.8,3.6,-0.18000000000000005
Villarreal vs Barcelona,Barcelona,2.0,1.0,14.0,5.0,798,730.0,8.0,1,0,990,13.0,6.0,0.35714285714285715,0.9147869674185464,2.72,0,0.79,10,19,5,0,0,0.4588571428571429,0,0,0.8526315789473684,1,8.0,1,0.125,0.42105263157894735,4.38421052631579,0.19967612985905756,2.0,3.6,-0.08000000000000007
Alaves vs Celta Vigo,Celta Vigo,1.0,0.0,6.0,4.0,499,413.0,15.0,2,0,996,24.0,9.0,0.6666666666666666,0.8276553106212425,1.37,0,0.48,2,7,4,0,0,0.22057142857142858,0,0,0.6204692593206463,2,15.0,2,0.13333333333333333,0.45454545454545453,8.190909090909091,0.4963624323310535,1.0,2.0,-0.09999999999999998
Celta Vigo vs Athletic Club,Celta Vigo,2.0,1.0,4.0,2.0,507,415.0,11.0,3,0,990,16.0,6.0,0.5,0.8185404339250493,1.35,0,0.5,1,5,2,0,0,0.2142857142857143,0,0,0.6093955302457326,3,11.0,3,0.2727272727272727,0.5,6.5,0.36457643522999345,1.5,2.5,0.0
Celta Vigo vs Atletico Madrid,Celta Vigo,1.0,0.0,15.0,4.0,726,659.0,7.0,1,0,1004,18.0,7.0,0.26666666666666666,0.9077134986225895,1.92,0,0.59,6,18,4,0,0,0.3217142857142857,0,0,0.7839319372812196,1,7.0,1,0.14285714285714285,0.28,3.856,0.15850848148336816,1.3333333333333333,2.0,0.06666666666666665
Celta Vigo vs Barcelona,Celta Vigo,2.0,2.0,4.0,3.0,450,377.0,13.0,1,0,990,21.0,11.0,0.75,0.8377777777777777,0.58,-1,0.39,2,5,3,0,0,0.1845714285714286,0,0,0.607109440267335,1,13.0,1,0.07692307692307693,0.40625,6.88125,0.3942902806785187,1.5,1.75,0.22499999999999998
Celta Vigo vs Espanyol,Celta Vigo,0.0,0.0,6.0,4.0,555,483.0,12.0,1,0,996,10.0,9.0,0.6666666666666666,0.8702702702702703,0.63,0,0.61,4,11,4,0,0,0.30114285714285716,0,0,0.6818769897717266,1,12.0,1,0.08333333333333333,0.631578947368421,6.426315789473684,0.358833638525533,1.2,1.6,0.12
Celta Vigo vs Getafe,Celta Vigo,0.0,0.0,6.0,3.0,571,501.0,15.0,3,0,990,23.0,2.0,0.5,0.8774080560420315,0.73,0,0.6900000000000001,9,11,3,0,0,0.4045714285714286,0,0,0.7390799678706398,3,15.0,3,0.2,0.6,8.52,0.5220111048851307,1.0,1.8,-0.040000000000000036
Celta Vigo vs Girona,Celta Vigo,1.0,0.0,16.0,7.0,630,556.0,7.0,0,0,990,15.0,8.0,0.4375,0.8825396825396825,2.5,1,0.6000000000000001,10,21,7,0,0,0.3828571428571429,0,0,0.7733500417710943,0,7.0,0,0.0,0.30434782608695654,3.5608695652173914,0.1355066188570429,0.8,1.2,0.040000000000000036
Celta Vigo vs Osasuna,Celta Vigo,1.0,0.0,13.0,4.0,555,502.0,9.0,2,0,1008,11.0,4.0,0.3076923076923077,0.9045045045045045,2.16,0,0.5700000000000001,7,18,4,0,0,0.328,0,0,0.7275655354602723,2,9.0,2,0.2222222222222222,0.6,5.22,0.26481585247822326,0.8,1.4,-0.019999999999999962
Celta Vigo vs Rayo Vallecano,Celta Vigo,3.0,1.0,8.0,7.0,447,385.0,7.0,3,0,995,15.0,6.0,0.875,0.8612975391498882,1.87,-1,0.49,5,11,7,0,0,0.26742857142857146,0,0,0.6463129299759467,3,7.0,3,0.42857142857142855,0.3333333333333333,4.466666666666667,0.20610259283785853,1.0,1.8,-0.040000000000000036
Celta Vigo vs Real Betis,Celta Vigo,1.0,0.0,11.0,5.0,496,441.0,13.0,1,0,990,17.0,7.0,0.45454545454545453,0.8891129032258065,0.8300000000000001,0,0.47000000000000003,10,14,5,0,0,0.33085714285714285,0,0,0.7262607122645323,1,13.0,1,0.07692307692307693,0.5416666666666666,6.908333333333333,0.3964011003005451,1.2,1.8,0.05999999999999994
Celta Vigo vs Real Sociedad,Celta Vigo,1.0,1.0,4.0,1.0,380,290.0,10.0,4,1,952,15.0,8.0,0.25,0.7631578947368421,0.9500000000000001,0,0.41000000000000003,1,4,1,0,0,0.17828571428571433,0,0,0.5339598997493734,5,10.0,5,0.5,0.43478260869565216,6.586956521739131,0.37135364873215176,1.4,2.2,0.039999999999999925
Celta Vigo vs Valencia,Celta Vigo,4.0,2.0,11.0,6.0,394,338.0,10.0,1,0,990,13.0,8.0,0.5454545454545454,0.8578680203045685,2.7,0,0.4,2,12,6,0,0,0.1885714285714286,0,0,0.596101929951783,1,10.0,1,0.1,0.47619047619047616,5.395238095238095,0.2784735513073346,2.0,2.4,0.28
Celta Vigo vs Villarreal,Celta Vigo,1.0,1.0,6.0,2.0,742,656.0,11.0,1,0,990,19.0,7.0,0.3333333333333333,0.8840970350404312,0.96,0,0.65,1,10,2,0,0,0.2742857142857143,0,0,0.7305196954650777,1,11.0,1,0.09090909090909091,0.4230769230769231,5.884615384615384,0.31661461659933465,2.0,2.2,0.33999999999999997
Elche vs Celta Vigo,Celta Vigo,1.0,1.0,5.0,2.0,358,298.0,20.0,3,0,990,23.0,1.0,0.4,0.8324022346368715,0.77,0,0.38,2,8,2,0,0,0.1805714285714286,0,0,0.5698352025314684,3,20.0,3,0.15,0.8333333333333334,11.066666666666666,0.7204930976516734,1.6,2.2,0.14
Getafe vs Celta Vigo,Celta Vigo,0.0,0.0,3.0,1.0,542,462.0,14.0,2,0,990,8.0,2.0,0.3333333333333333,0.8523985239852399,0.18,0,0.62,3,5,1,0,0,0.29085714285714287,0,0,0.6585300890602891,2,14.0,2,0.14285714285714285,1.4,7.88,0.47213081350924563,1.4,2.4,-0.020000000000000018
Levante vs Celta Vigo,Celta Vigo,2.0,2.0,15.0,6.0,609,544.0,12.0,3,0,990,15.0,10.0,0.4,0.8932676518883416,2.0,0,0.64,4,20,6,0,0,0.31314285714285717,0,0,0.7136764324604615,3,12.0,3,0.25,0.48,6.996,0.4032336610463044,1.6,2.0,0.20000000000000007
Mallorca vs Celta Vigo,Celta Vigo,1.0,1.0,6.0,2.0,444,385.0,12.0,3,0,993,10.0,7.0,0.3333333333333333,0.8671171171171171,0.74,0,0.5,4,8,2,0,0,0.2571428571428571,0,0,0.6385710898868794,3,12.0,3,0.25,0.7058823529411765,7.041176470588236,0.4067546227904846,1.0,2.4,-0.21999999999999997
Osasuna vs Celta Vigo,Celta Vigo,3.0,2.0,9.0,5.0,357,291.0,13.0,4,0,990,9.0,14.0,0.5555555555555556,0.8151260504201681,1.96,0,0.39,2,11,5,0,0,0.1845714285714286,0,0,0.5608211705734926,4,13.0,4,0.3076923076923077,0.5652173913043478,7.8130434782608695,0.4669123591125838,1.4,3.0,-0.19999999999999996
Oviedo vs Celta Vigo,Celta Vigo,0.0,0.0,5.0,2.0,398,327.0,7.0,1,0,996,9.0,8.0,0.4,0.821608040201005,0.66,0,0.44,3,6,2,0,0,0.21885714285714286,0,0,0.588999508822307,1,7.0,1,0.14285714285714285,0.4117647058823529,3.8823529411764706,0.16056237583413988,1.2,2.6,-0.18000000000000005
Rayo Vallecano vs Celta Vigo,Celta Vigo,1.0,1.0,6.0,5.0,370,295.0,10.0,1,0,990,13.0,9.0,0.8333333333333334,0.7972972972972973,0.81,0,0.41000000000000003,7,9,5,0,0,0.264,0,0,0.6044130596762175,1,10.0,1,0.1,0.45454545454545453,5.390909090909091,0.2781361575615562,1.4,2.4,-0.020000000000000018
Real Madrid vs Celta Vigo,Celta Vigo,2.0,2.0,6.0,5.0,447,384.0,12.0,1,0,995,14.0,12.0,0.8333333333333334,0.8590604026845637,1.55,1,0.42,1,7,5,0,0,0.1822857142857143,0,0,0.6070991236480463,1,12.0,1,0.08333333333333333,0.46153846153846156,6.392307692307692,0.3561831169696281,1.4,2.0,0.09999999999999998
Real Sociedad vs Celta Vigo,Celta Vigo,1.0,0.0,10.0,4.0,622,554.0,13.0,1,0,990,18.0,3.0,0.4,0.8906752411575563,1.6,0,0.64,9,17,4,0,0,0.38457142857142856,0,0,0.7648864927592293,1,13.0,1,0.07692307692307693,0.6190476190476191,6.923809523809524,0.39760728294170306,1.4,1.6,0.21999999999999997
Sevilla vs Celta Vigo,Celta Vigo,1.0,0.0,9.0,7.0,334,264.0,16.0,3,0,989,7.0,6.0,0.7777777777777778,0.7904191616766467,1.6300000000000001,0,0.41000000000000003,1,9,7,0,0,0.17828571428571433,0,0,0.530297300136569,3,16.0,3,0.1875,1.2307692307692308,9.146153846153847,0.5708122553418261,1.0,1.4,0.08000000000000002
Alaves vs Elche,Elche,1.0,1.0,4.0,3.0,461,399.0,9.0,1,1,995,18.0,8.0,0.75,0.8655097613882863,0.38,0,0.53,4,6,3,0,0,0.26914285714285713,0,0,0.644158389466073,2,9.0,2,0.2222222222222222,0.34615384615384615,5.169230769230769,0.26085900244119387,1.0,2.0,-0.09999999999999998
Atletico Madrid vs Elche,Elche,1.0,1.0,5.0,2.0,413,335.0,7.0,3,0,1001,19.0,12.0,0.4,0.8111380145278451,0.5700000000000001,0,0.42,2,6,2,0,0,0.19657142857142856,0,0,0.5798797842062785,3,7.0,3,0.42857142857142855,0.22580645161290322,4.445161290322581,0.20442650777818497,1.0,2.5,-0.25
Barcelona vs Elche,Elche,1.0,1.0,7.0,3.0,435,367.0,16.0,1,0,990,16.0,17.0,0.42857142857142855,0.8436781609195402,0.66,0,0.51,3,9,3,0,0,0.24685714285714286,0,0,0.6139443436176648,1,16.0,1,0.0625,0.48484848484848486,8.396969696969698,0.5124223746301074,1.0,2.0,-0.09999999999999998
Elche vs Athletic Club,Elche,0.0,0.0,9.0,5.0,591,513.0,14.0,2,0,988,12.0,8.0,0.5555555555555556,0.868020304568528,1.08,0,0.6900000000000001,6,15,5,0,0,0.3617142857142857,0,0,0.7133334605549406,2,14.0,2,0.14285714285714285,0.7,7.739999999999999,0.4612194997707707,0.75,2.0,-0.22499999999999998
Elche vs Barcelona,Elche,1.0,1.0,8.0,3.0,353,289.0,15.0,2,0,990,14.0,9.0,0.375,0.8186968838526912,1.0,0,0.39,2,9,3,0,0,0.1845714285714286,0,0,0.5611028278912579,2,15.0,2,0.13333333333333333,0.6521739130434783,8.230434782608695,0.49944298392294356,0.8,2.0,-0.19999999999999996
Elche vs Celta Vigo,Elche,2.0,1.0,12.0,8.0,574,523.0,12.0,3,0,990,16.0,6.0,0.6666666666666666,0.9111498257839721,3.58,0,0.62,7,17,8,0,0,0.348,0,0,0.7380310532428632,3,12.0,3,0.25,0.5454545454545454,7.00909090909091,0.40425393973353846,1.0,2.2,-0.16000000000000003
Elche vs Girona,Elche,3.0,2.0,9.0,6.0,544,492.0,18.0,0,0,990,24.0,8.0,0.6666666666666666,0.9044117647058824,2.03,-1,0.58,2,11,6,0,0,0.26057142857142856,0,0,0.675764779596049,0,18.0,0,0.0,0.5625,9.1125,0.5681893433854619,1.4,1.6,0.21999999999999997
Elche vs Levante,Elche,2.0,2.0,12.0,5.0,568,503.0,14.0,1,0,1004,11.0,11.0,0.4166666666666667,0.8855633802816901,1.11,0,0.67,4,16,5,0,0,0.3251428571428572,0,0,0.6944107628225493,1,14.0,1,0.07142857142857142,0.6363636363636364,7.427272727272727,0.43684617557573596,1.6,1.6,0.32000000000000006
Elche vs Oviedo,Elche,1.0,0.0,9.0,5.0,601,538.0,9.0,2,0,1006,18.0,11.0,0.5555555555555556,0.8951747088186356,1.55,0,0.61,3,15,5,0,0,0.28685714285714287,0,0,0.7020986326048065,2,9.0,2,0.2222222222222222,0.3103448275862069,5.162068965517241,0.2603008261036819,1.8,1.6,0.42000000000000004
Elche vs Rayo Vallecano,Elche,4.0,4.0,15.0,6.0,342,273.0,15.0,2,0,989,12.0,6.0,0.4,0.7982456140350878,2.41,0,0.46,4,18,6,0,0,0.24114285714285716,0,0,0.5657894736842105,2,15.0,2,0.13333333333333333,0.8333333333333334,8.266666666666666,0.5022668228821762,2.4,1.6,0.72
Elche vs Real Betis,Elche,1.0,1.0,5.0,2.0,683,617.0,14.0,0,0,990,13.0,6.0,0.4,0.9033674963396779,0.64,0,0.68,1,6,2,0,0,0.2862857142857143,0,0,0.7179744749868815,0,14.0,0,0.0,0.7368421052631579,7.147368421052631,0.41503100627632455,2.2,1.0,0.8
Elche vs Real Madrid,Elche,2.0,2.0,10.0,6.0,474,406.0,10.0,4,1,1008,19.0,5.0,0.6,0.8565400843881856,1.44,0,0.49,2,15,6,0,0,0.2245714285714286,0,0,0.6255131499635164,5,10.0,5,0.5,0.4166666666666667,6.583333333333333,0.37107126483622843,2.0,2.0,0.4
Elche vs Real Sociedad,Elche,1.0,1.0,11.0,3.0,577,505.0,14.0,1,0,1012,16.0,5.0,0.2727272727272727,0.8752166377816292,0.8,0,0.63,1,12,3,0,0,0.2662857142857143,0,0,0.6640494216477068,1,14.0,1,0.07142857142857142,0.6666666666666666,7.433333333333334,0.43731852681982586,1.8,2.0,0.30000000000000004
Elche vs Sevilla,Elche,2.0,2.0,7.0,5.0,334,248.0,11.0,3,0,996,28.0,6.0,0.7142857142857143,0.7425149700598802,1.54,0,0.5,9,10,5,0,0,0.32857142857142857,0,0,0.5825356805186619,3,11.0,3,0.2727272727272727,0.3235294117647059,6.464705882352941,0.3618256838673527,2.0,2.2,0.33999999999999997
Elche vs Villarreal,Elche,1.0,1.0,9.0,2.0,775,707.0,8.0,3,0,990,17.0,10.0,0.2222222222222222,0.912258064516129,1.31,0,0.78,6,15,2,0,0,0.39771428571428574,0,0,0.8046252728595682,3,8.0,3,0.375,0.2962962962962963,4.95925925925926,0.2444942522880479,1.4,2.4,-0.020000000000000018
Espanyol vs Elche,Elche,0.0,0.0,8.0,4.0,598,519.0,15.0,2,0,990,14.0,4.0,0.5,0.8678929765886287,0.86,1,0.68,2,13,4,0,0,0.3005714285714286,0,0,0.6778061374171215,2,15.0,2,0.13333333333333333,0.8333333333333334,8.266666666666666,0.5022668228821762,1.2,2.8,-0.24
Getafe vs Elche,Elche,0.0,0.0,7.0,4.0,530,451.0,11.0,2,0,990,10.0,9.0,0.5714285714285714,0.8509433962264151,0.51,0,0.66,5,9,4,0,0,0.3354285714285714,0,0,0.672338866033007,2,11.0,2,0.18181818181818182,0.5789473684210527,6.21578947368421,0.3424256479413602,0.8,2.2,-0.26
Levante vs Elche,Elche,2.0,1.0,5.0,3.0,482,401.0,13.0,3,0,999,16.0,10.0,0.6,0.8319502074688797,0.65,0,0.59,1,6,3,0,0,0.2502857142857143,0,0,0.6067019207770463,3,13.0,3,0.23076923076923078,0.5,7.5,0.4425143905048139,1.0,2.6,-0.28
Mallorca vs Elche,Elche,0.0,0.0,6.0,0.0,541,482.0,13.0,0,0,1000,21.0,4.0,0.0,0.8909426987060998,0.29,0,0.58,1,9,0,0,0,0.24628571428571427,0,0,0.6583786175234759,0,13.0,0,0.0,0.52,6.604,0.37268198257857477,0.6,2.0,-0.3
Osasuna vs Elche,Elche,1.0,0.0,6.0,4.0,588,504.0,13.0,2,0,997,15.0,7.0,0.6666666666666666,0.8571428571428571,0.8200000000000001,0,0.6000000000000001,3,12,4,0,0,0.2828571428571429,0,0,0.6781954887218045,2,13.0,2,0.15384615384615385,0.5909090909090909,7.218181818181818,0.42055005765463715,0.6,1.8,-0.24000000000000005
Real Sociedad vs Elche,Elche,1.0,0.0,10.0,5.0,592,504.0,8.0,4,0,990,16.0,3.0,0.5,0.8513513513513513,1.27,0,0.66,4,11,5,0,0,0.3211428571428572,0,0,0.6863273047483573,4,8.0,4,0.5,0.42105263157894735,5.28421052631579,0.269820289606396,0.8,2.2,-0.26
Sevilla vs Elche,Elche,2.0,1.0,5.0,2.0,362,296.0,19.0,3,0,1004,25.0,9.0,0.4,0.8176795580110497,0.9500000000000001,0,0.47000000000000003,2,5,2,0,0,0.21657142857142858,0,0,0.5639776236170537,3,19.0,3,0.15789473684210525,0.5588235294117647,10.511764705882353,0.6772451734501553,1.2,2.4,-0.12
Valencia vs Elche,Elche,1.0,1.0,3.0,1.0,510,437.0,14.0,3,0,999,18.0,11.0,0.3333333333333333,0.8568627450980392,0.16,0,0.61,6,5,1,0,0,0.3297142857142857,0,0,0.6773035530001474,3,14.0,3,0.21428571428571427,0.4827586206896552,7.996551724137931,0.4812146165723109,1.0,2.4,-0.21999999999999997
Alaves vs Espanyol,Espanyol,1.0,1.0,8.0,2.0,374,303.0,12.0,2,0,990,22.0,13.0,0.25,0.8101604278074866,1.06,0,0.46,6,18,2,0,0,0.26971428571428574,0,0,0.6028245748059989,2,12.0,2,0.16666666666666666,0.34285714285714286,6.668571428571428,0.377714547690606,1.0,2.0,-0.09999999999999998
Athletic Club vs Espanyol,Espanyol,2.0,1.0,8.0,5.0,280,197.0,9.0,2,0,1005,27.0,11.0,0.625,0.7035714285714286,0.9,0,0.34,4,10,5,0,0,0.19314285714285714,0,0,0.4951441102756893,2,9.0,2,0.2222222222222222,0.23684210526315788,5.147368421052631,0.25915509572668366,1.5,2.0,0.15000000000000002
Celta Vigo vs Espanyol,Espanyol,1.0,1.0,6.0,2.0,354,281.0,15.0,2,0,989,16.0,12.0,0.3333333333333333,0.7937853107344632,0.38,0,0.39,3,9,2,0,0,0.19885714285714287,0,0,0.5585467907055774,2,15.0,2,0.13333333333333333,0.5357142857142857,8.207142857142857,0.49762765887772265,1.3333333333333333,2.0,0.06666666666666665
Espanyol vs Alaves,Espanyol,1.0,0.0,8.0,3.0,403,317.0,15.0,0,0,1004,18.0,6.0,0.375,0.7866004962779156,0.6900000000000001,0,0.5,4,10,3,0,0,0.2571428571428571,0,0,0.5828992456326921,0,15.0,0,0.0,0.625,7.625,0.45225663491416646,1.25,1.5,0.17500000000000004
Espanyol vs Atletico Madrid,Espanyol,2.0,2.0,9.0,5.0,394,323.0,14.0,3,0,997,10.0,5.0,0.5555555555555556,0.8197969543147208,1.26,0,0.4,1,9,5,0,0,0.17428571428571432,0,0,0.5675425874330495,3,14.0,3,0.21428571428571427,0.9333333333333333,8.086666666666668,0.48823799093270864,1.4,1.8,0.15999999999999992
Espanyol vs Barcelona,Espanyol,0.0,0.0,8.0,7.0,250,181.0,10.0,1,0,990,17.0,10.0,0.875,0.724,1.43,1,0.31,5,14,7,0,0,0.19542857142857142,0,0,0.5036040100250627,1,10.0,1,0.1,0.37037037037037035,5.374074074074074,0.27682407077241783,1.2,1.6,0.12
Espanyol vs Elche,Espanyol,1.0,1.0,15.0,7.0,266,201.0,14.0,4,0,990,16.0,11.0,0.4666666666666667,0.7556390977443609,1.93,1,0.32,4,16,7,0,0,0.18514285714285714,0,0,0.5159147869674185,4,14.0,4,0.2857142857142857,0.5185185185185185,8.303703703703704,0.5051534138182807,1.0,2.0,-0.09999999999999998
Espanyol vs Girona,Espanyol,0.0,0.0,11.0,2.0,393,319.0,17.0,5,0,990,19.0,7.0,0.18181818181818182,0.811704834605598,1.07,0,0.49,5,14,2,0,0,0.26742857142857146,0,0,0.6012158258241023,5,17.0,5,0.29411764705882354,0.6538461538461539,10.13076923076923,0.6475511651508798,0.8,2.6,-0.38
Espanyol vs Mallorca,Espanyol,3.0,2.0,8.0,3.0,303,241.0,9.0,2,1,960,11.0,4.0,0.375,0.7953795379537953,2.46,0,0.38,3,9,3,0,0,0.19485714285714287,0,0,0.5401709719844164,3,9.0,3,0.3333333333333333,0.6,5.5200000000000005,0.2881972390606694,1.2,3.2,-0.36
Espanyol vs Osasuna,Espanyol,1.0,0.0,9.0,4.0,408,320.0,13.0,2,0,998,16.0,2.0,0.4444444444444444,0.7843137254901961,1.21,0,0.45,2,10,4,0,0,0.20857142857142857,0,0,0.5645879404393337,2,13.0,2,0.15384615384615385,0.7222222222222222,7.2444444444444445,0.4225969130456931,1.0,3.0,-0.3999999999999999
Espanyol vs Rayo Vallecano,Espanyol,1.0,0.0,7.0,2.0,234,171.0,19.0,4,1,994,16.0,12.0,0.2857142857142857,0.7307692307692307,1.33,0,0.36,6,9,2,0,0,0.2297142857142857,0,0,0.5104973973395026,5,19.0,5,0.2631578947368421,0.6785714285714286,11.135714285714286,0.7258745278968396,1.2,3.8,-0.5399999999999999
Espanyol vs Real Betis,Espanyol,1.0,1.0,13.0,5.0,449,374.0,16.0,2,0,1016,14.0,6.0,0.38461538461538464,0.8329621380846325,2.28,1,0.5,10,14,5,0,0,0.34285714285714286,0,0,0.6805161567616145,2,16.0,2,0.125,0.8,8.76,0.5407162141510876,1.2,3.4,-0.42000000000000004
Espanyol vs Sevilla,Espanyol,2.0,2.0,7.0,5.0,242,169.0,18.0,4,0,998,20.0,7.0,0.7142857142857143,0.6983471074380165,1.09,0,0.33,4,8,5,0,0,0.18914285714285714,0,0,0.47824623542326894,4,18.0,4,0.2222222222222222,0.6666666666666666,10.333333333333332,0.663338597116805,1.6,3.2,-0.15999999999999992
Espanyol vs Valencia,Espanyol,2.0,2.0,17.0,10.0,440,356.0,9.0,1,0,990,7.0,11.0,0.5882352941176471,0.8090909090909091,2.57,0,0.56,8,21,10,0,0,0.3382857142857143,0,0,0.6461494645705173,1,9.0,1,0.1111111111111111,0.5,4.8999999999999995,0.23987570679028067,1.4,2.8,-0.14
Espanyol vs Villarreal,Espanyol,0.0,0.0,7.0,3.0,563,499.0,9.0,0,0,990,13.0,9.0,0.42857142857142855,0.8863232682060391,0.5,0,0.55,4,14,3,0,0,0.27714285714285714,0,0,0.6929110075366035,0,9.0,0,0.0,0.4090909090909091,4.581818181818182,0.21507726647556513,1.2,2.4,-0.12
Getafe vs Espanyol,Espanyol,1.0,1.0,6.0,4.0,315,197.0,17.0,1,0,989,17.0,6.0,0.6666666666666666,0.6253968253968254,0.5,0,0.44,4,6,4,0,0,0.23314285714285715,0,0,0.46921470342522975,1,17.0,1,0.058823529411764705,0.7391304347826086,8.947826086956523,0.5553549953157496,1.2,1.6,0.12
Girona vs Espanyol,Espanyol,0.0,0.0,15.0,5.0,338,279.0,11.0,1,0,994,20.0,11.0,0.3333333333333333,0.8254437869822485,1.08,0,0.4,4,20,5,0,0,0.21714285714285717,0,0,0.5778848007592946,1,11.0,1,0.09090909090909091,0.3548387096774194,5.870967741935484,0.31555094723454186,1.0,1.4,0.08000000000000002
Levante vs Espanyol,Espanyol,1.0,0.0,13.0,3.0,431,364.0,9.0,1,0,990,27.0,9.0,0.23076923076923078,0.8445475638051044,1.36,0,0.51,3,19,3,0,0,0.24685714285714286,0,0,0.6128752856619507,1,9.0,1,0.1111111111111111,0.25,4.85,0.23597880902653967,0.8,0.8,0.16000000000000003
Oviedo vs Espanyol,Espanyol,2.0,1.0,15.0,10.0,321,263.0,8.0,1,0,997,11.0,7.0,0.6666666666666666,0.8193146417445483,3.74,0,0.39,5,19,10,0,0,0.22742857142857145,0,0,0.5779530602206451,1,8.0,1,0.125,0.4444444444444444,4.388888888888888,0.20004075187203912,0.8,0.8,0.16000000000000003
Real Madrid vs Espanyol,Espanyol,0.0,0.0,3.0,1.0,274,229.0,20.0,0,0,995,21.0,9.0,0.3333333333333333,0.8357664233576643,0.96,0,0.28,3,8,1,0,0,0.15485714285714286,0,0,0.5494621590472532,0,20.0,0,0.0,0.6666666666666666,10.133333333333333,0.6477510060618409,0.8,0.8,0.16000000000000003
Real Sociedad vs Espanyol,Espanyol,2.0,1.0,10.0,3.0,305,215.0,18.0,2,0,995,21.0,6.0,0.3,0.7049180327868853,1.81,0,0.38,2,14,3,0,0,0.1805714285714286,0,0,0.4861682895764,2,18.0,2,0.1111111111111111,0.6666666666666666,9.733333333333333,0.6165758239519128,1.0,1.0,0.2
Valencia vs Espanyol,Espanyol,1.0,1.0,11.0,6.0,401,314.0,10.0,5,0,990,15.0,7.0,0.5454545454545454,0.7830423940149626,1.35,0,0.53,7,16,6,0,0,0.312,0,0,0.6089397433733961,5,10.0,5,0.5,0.45454545454545453,6.590909090909091,0.37166170389134073,1.2,1.8,0.05999999999999994
Villarreal vs Espanyol,Espanyol,1.0,1.0,7.0,2.0,438,375.0,11.0,3,0,1023,14.0,7.0,0.2857142857142857,0.8561643835616438,0.42,-2,0.51,8,9,2,0,0,0.3182857142857143,0,0,0.6689343221066364,3,11.0,3,0.2727272727272727,0.5238095238095238,6.504761904761905,0.3649475683503497,1.2,2.2,-0.06000000000000005
Alaves vs Getafe,Getafe,2.0,1.0,11.0,5.0,270,178.0,20.0,4,0,988,28.0,17.0,0.45454545454545453,0.6592592592592592,1.91,1,0.4,3,17,5,0,0,0.20285714285714287,0,0,0.4597048175995544,4,20.0,4,0.2,0.4444444444444444,11.288888888888888,0.7378126432683001,2.0,4.0,-0.19999999999999996
Athletic Club vs Getafe,Getafe,1.0,0.0,4.0,3.0,323,203.0,14.0,3,0,998,23.0,5.0,0.75,0.628482972136223,0.93,0,0.43,5,8,3,0,0,0.24342857142857144,0,0,0.48328910511573053,3,14.0,3,0.21428571428571427,0.5,8.0,0.4814833681422241,1.5,3.5,-0.30000000000000004
Barcelona vs Getafe,Getafe,0.0,0.0,3.0,2.0,300,205.0,16.0,4,0,990,22.0,13.0,0.6666666666666666,0.6833333333333333,0.27,0,0.29,2,3,2,0,0,0.14457142857142857,0,0,0.47349624060150375,4,16.0,4,0.25,0.45714285714285713,9.29142857142857,0.5821346703828493,1.0,3.6666666666666665,-0.5999999999999999
Celta Vigo vs Getafe,Getafe,2.0,2.0,6.0,3.0,257,187.0,17.0,2,0,990,21.0,10.0,0.5,0.7276264591439688,1.43,0,0.31,3,10,3,0,0,0.16685714285714284,0,0,0.48900119949679643,2,17.0,2,0.11764705882352941,0.5483870967741935,9.209677419354838,0.5757631527488617,1.25,3.25,-0.35
Getafe vs Alaves,Getafe,1.0,1.0,2.0,1.0,304,217.0,14.0,2,0,996,25.0,10.0,0.5,0.7138157894736842,0.24,0,0.46,2,7,1,0,0,0.21257142857142858,0,0,0.4902412280701754,2,14.0,2,0.14285714285714285,0.4,7.68,0.4565432224542815,1.2,3.0,-0.29999999999999993
Getafe vs Atletico Madrid,Getafe,0.0,0.0,5.0,1.0,297,207.0,9.0,2,0,999,10.0,7.0,0.2,0.696969696969697,0.7000000000000001,0,0.41000000000000003,6,9,1,0,0,0.24971428571428572,0,0,0.5172818409660516,2,9.0,2,0.2222222222222222,0.5294117647058824,5.205882352941176,0.2637155519331669,0.8,2.6,-0.38
Getafe vs Celta Vigo,Getafe,0.0,0.0,8.0,2.0,325,255.0,16.0,1,0,987,14.0,7.0,0.25,0.7846153846153846,0.35000000000000003,0,0.38,5,9,2,0,0,0.22342857142857145,0,0,0.5621071910545594,1,16.0,1,0.0625,0.7619047619047619,8.452380952380953,0.5167410145760715,0.6,2.2,-0.36000000000000004
Getafe vs Elche,Getafe,1.0,1.0,11.0,6.0,255,177.0,18.0,2,0,989,13.0,4.0,0.5454545454545454,0.6941176470588235,1.06,0,0.34,3,15,6,0,0,0.17885714285714285,0,0,0.47149491375497565,2,18.0,2,0.1111111111111111,1.0588235294117647,9.811764705882352,0.6226886047577811,0.8,1.8,-0.14
Getafe vs Espanyol,Getafe,0.0,0.0,7.0,1.0,382,282.0,18.0,5,0,990,9.0,3.0,0.14285714285714285,0.7382198952879581,0.26,0,0.56,6,11,1,0,0,0.3097142857142857,0,0,0.5698618273432272,5,18.0,5,0.2777777777777778,1.5,10.8,0.6997096429117213,0.4,2.4,-0.52
Getafe vs Girona,Getafe,2.0,2.0,11.0,4.0,244,163.0,17.0,1,0,988,19.0,9.0,0.36363636363636365,0.6680327868852459,0.88,0,0.4,8,12,4,0,0,0.2742857142857143,0,0,0.5019361929413698,1,17.0,1,0.058823529411764705,0.6071428571428571,8.921428571428573,0.5532976269311659,0.6,2.2,-0.36000000000000004
Getafe vs Levante,Getafe,1.0,1.0,10.0,4.0,328,211.0,15.0,4,0,990,19.0,5.0,0.4,0.6432926829268293,0.55,0,0.54,6,11,4,0,0,0.3017142857142857,0,0,0.5020974692829635,4,15.0,4,0.26666666666666666,0.625,8.825,0.545782181243951,0.8,2.6,-0.38
Getafe vs Oviedo,Getafe,2.0,2.0,7.0,3.0,340,267.0,12.0,2,0,997,16.0,8.0,0.42857142857142855,0.7852941176470588,0.75,0,0.48,4,10,3,0,0,0.24914285714285714,0,0,0.5585618457909479,2,12.0,2,0.16666666666666666,0.5,6.699999999999999,0.3801640262849575,1.2,2.8,-0.24
Getafe vs Real Madrid,Getafe,0.0,0.0,6.0,1.0,194,103.0,26.0,4,1,985,19.0,15.0,0.16666666666666666,0.5309278350515464,0.52,0,0.24,1,7,1,0,0,0.11028571428571429,0,0,0.3479200578766504,5,26.0,5,0.19230769230769232,0.7647058823529411,14.652941176470588,1.0,1.0,3.4,-0.52
Getafe vs Real Sociedad,Getafe,1.0,1.0,5.0,3.0,330,226.0,17.0,2,0,990,20.0,8.0,0.6,0.6848484848484848,0.24,0,0.43,2,6,3,0,0,0.20057142857142857,0,0,0.4855320118478013,2,17.0,2,0.11764705882352941,0.6071428571428571,9.221428571428572,0.576679013513612,1.2,2.8,-0.24
Getafe vs Valencia,Getafe,0.0,0.0,9.0,3.0,349,257.0,8.0,2,0,1008,18.0,10.0,0.3333333333333333,0.7363896848137536,0.62,0,0.55,9,14,3,0,0,0.3485714285714286,0,0,0.5851121356399595,2,8.0,2,0.25,0.2857142857142857,4.657142857142857,0.22094791765211,0.8,3.0,-0.4999999999999999
Girona vs Getafe,Getafe,1.0,1.0,3.0,2.0,274,195.0,15.0,3,0,997,24.0,12.0,0.6666666666666666,0.7116788321167883,0.8,0,0.31,4,8,2,0,0,0.18114285714285713,0,0,0.4969421729506247,3,15.0,3,0.2,0.4166666666666667,8.483333333333334,0.5191533798583874,0.8,2.8,-0.43999999999999995
Mallorca vs Getafe,Getafe,0.0,0.0,8.0,3.0,389,297.0,8.0,2,0,989,24.0,2.0,0.375,0.7634961439588689,0.75,0,0.61,14,14,3,0,0,0.44399999999999995,0,0,0.6613220068165271,2,8.0,2,0.25,0.3076923076923077,4.661538461538461,0.22129050207090042,0.4,2.8,-0.6399999999999999
Osasuna vs Getafe,Getafe,1.0,1.0,5.0,2.0,319,226.0,14.0,4,0,990,16.0,9.0,0.4,0.7084639498432602,0.8200000000000001,0,0.42,6,6,2,0,0,0.2537142857142857,0,0,0.5312996440945624,4,14.0,4,0.2857142857142857,0.56,8.312,0.505800010187968,0.6,2.6,-0.48000000000000004
Rayo Vallecano vs Getafe,Getafe,1.0,1.0,10.0,4.0,296,192.0,10.0,4,0,990,16.0,3.0,0.4,0.6486486486486487,0.77,0,0.4,2,12,4,0,0,0.1885714285714286,0,0,0.4546501388606652,4,10.0,4,0.4,0.5263157894736842,6.305263157894737,0.3493990439396337,0.6,3.0,-0.5999999999999999
Real Betis vs Getafe,Getafe,0.0,0.0,10.0,3.0,390,307.0,12.0,1,0,990,12.0,12.0,0.3,0.7871794871794872,1.42,0,0.51,5,15,3,0,0,0.27542857142857147,0,0,0.5878253325621747,1,12.0,1,0.08333333333333333,0.5,6.3999999999999995,0.35678263970251134,0.6,2.8,-0.54
Sevilla vs Getafe,Getafe,2.0,2.0,7.0,6.0,221,132.0,24.0,2,0,989,16.0,2.0,0.8571428571428571,0.5972850678733032,0.71,0,0.29,3,9,6,0,0,0.15885714285714284,0,0,0.41029666927499747,2,24.0,2,0.08333333333333333,1.3333333333333333,12.866666666666667,0.8607814171463503,0.8,2.6,-0.38
Valencia vs Getafe,Getafe,0.0,0.0,7.0,1.0,296,238.0,7.0,0,0,990,16.0,6.0,0.14285714285714285,0.8040540540540541,0.66,-1,0.43,6,11,1,0,0,0.25771428571428573,0,0,0.570448079658606,0,7.0,0,0.0,0.3181818181818182,3.5636363636363635,0.1357222574684752,0.8,2.2,-0.26
Villarreal vs Getafe,Getafe,0.0,0.0,3.0,0.0,313,215.0,15.0,4,1,948,18.0,13.0,0.0,0.6869009584664537,0.22,-1,0.39,3,6,0,0,0,0.19885714285714287,0,0,0.48969108073698625,5,15.0,5,0.3333333333333333,0.4838709677419355,9.096774193548388,0.5669637061855756,0.6,2.4,-0.42
Athletic Club vs Girona,Girona,1.0,1.0,5.0,3.0,305,225.0,15.0,2,0,998,10.0,11.0,0.6,0.7377049180327869,0.78,0,0.33,1,6,3,0,0,0.1462857142857143,0,0,0.49303792267554136,2,15.0,2,0.13333333333333333,0.7142857142857143,8.242857142857142,0.5004111572803948,1.0,2.0,-0.09999999999999998
Barcelona vs Girona,Girona,1.0,1.0,8.0,4.0,309,261.0,7.0,2,0,990,11.0,7.0,0.5,0.8446601941747572,1.55,0,0.32,5,11,4,0,0,0.19942857142857143,0,0,0.5861145582402609,2,7.0,2,0.2857142857142857,0.3888888888888889,4.177777777777777,0.18358718353624368,1.0,2.0,-0.09999999999999998
Celta Vigo vs Girona,Girona,1.0,1.0,10.0,8.0,439,362.0,9.0,3,0,990,16.0,17.0,0.8,0.8246013667425968,0.64,1,0.4,3,13,8,0,0,0.20285714285714287,0,0,0.6059097059276893,3,9.0,3,0.3333333333333333,0.2727272727272727,5.454545454545455,0.28309584562449935,1.0,2.3333333333333335,-0.20000000000000007
Elche vs Girona,Girona,0.0,0.0,6.0,4.0,400,334.0,13.0,3,0,993,11.0,3.0,0.6666666666666666,0.835,0.9400000000000001,-1,0.42,2,8,4,0,0,0.19657142857142856,0,0,0.5869235588972431,3,13.0,3,0.23076923076923078,0.9285714285714286,7.585714285714286,0.4491947866712271,0.75,2.5,-0.375
Espanyol vs Girona,Girona,2.0,0.0,6.0,4.0,425,351.0,17.0,5,0,990,19.0,6.0,0.6666666666666666,0.8258823529411765,1.95,0,0.51,4,7,4,0,0,0.2611428571428571,0,0,0.6108108506560519,5,17.0,5,0.29411764705882354,0.68,10.136,0.6479588406092405,1.0,3.0,-0.3999999999999999
Getafe vs Girona,Girona,1.0,0.0,6.0,4.0,403,302.0,15.0,2,0,990,17.0,9.0,0.6666666666666666,0.749379652605459,1.43,0,0.6000000000000001,3,8,4,0,0,0.2828571428571429,0,0,0.5547650142726543,2,15.0,2,0.13333333333333333,0.5769230769230769,8.215384615384615,0.49827000466295457,1.0,3.0,-0.3999999999999999
Girona vs Alaves,Girona,1.0,1.0,6.0,2.0,507,445.0,9.0,0,0,1002,21.0,11.0,0.3333333333333333,0.8777120315581854,0.85,0,0.52,6,10,2,0,0,0.2937142857142857,0,0,0.6866003766813484,0,9.0,0,0.0,0.28125,4.55625,0.21308453466456123,1.0,2.6,-0.28
Girona vs Atletico Madrid,Girona,0.0,0.0,4.0,2.0,521,476.0,7.0,2,0,990,17.0,11.0,0.5,0.9136276391554703,1.06,1,0.51,3,9,2,0,0,0.24685714285714286,0,0,0.681249909803299,2,7.0,2,0.2857142857142857,0.25,4.1499999999999995,0.18142224033416535,0.8,2.4,-0.31999999999999995
Girona vs Espanyol,Girona,0.0,0.0,7.0,3.0,522,455.0,9.0,0,0,994,6.0,8.0,0.42857142857142855,0.8716475095785441,1.08,0,0.6000000000000001,8,12,3,0,0,0.3542857142857143,0,0,0.7082548324835076,0,9.0,0,0.0,0.6428571428571429,4.628571428571429,0.21872111892997234,0.8,1.8,-0.14
Girona vs Getafe,Girona,1.0,1.0,10.0,4.0,609,532.0,13.0,5,0,990,15.0,3.0,0.4,0.8735632183908046,0.75,0,0.6900000000000001,3,12,4,0,0,0.3188571428571429,0,0,0.6943004061878836,5,13.0,5,0.38461538461538464,0.7222222222222222,8.144444444444444,0.4927410727930315,0.6,1.8,-0.24000000000000005
Girona vs Levante,Girona,0.0,0.0,4.0,1.0,295,248.0,11.0,4,2,886,16.0,8.0,0.25,0.8406779661016949,0.5,0,0.35000000000000003,5,7,1,0,0,0.21142857142857144,0,0,0.5788602863089929,6,11.0,6,0.5454545454545454,0.4583333333333333,7.391666666666667,0.43407111201670834,0.4,2.6,-0.5800000000000001
Girona vs Osasuna,Girona,1.0,1.0,7.0,4.0,444,369.0,14.0,2,1,1003,28.0,4.0,0.5714285714285714,0.831081081081081,0.65,0,0.46,2,8,4,0,0,0.21257142857142858,0,0,0.6015054528212423,3,14.0,3,0.21428571428571427,0.4375,7.987500000000001,0.4805091437012889,0.4,3.2,-0.76
Girona vs Oviedo,Girona,3.0,1.0,7.0,6.0,551,489.0,13.0,4,0,990,12.0,4.0,0.8571428571428571,0.8874773139745916,2.03,0,0.65,11,8,6,0,0,0.41714285714285715,0,0,0.7556434188920578,4,13.0,4,0.3076923076923077,0.8125,7.8625,0.47076689929193627,1.0,3.6,-0.5800000000000001
Girona vs Rayo Vallecano,Girona,1.0,1.0,4.0,2.0,382,296.0,8.0,0,1,943,13.0,3.0,0.5,0.774869109947644,0.56,0,0.44,2,7,2,0,0,0.20457142857142857,0,0,0.550091196577832,1,8.0,1,0.125,0.5,4.3999999999999995,0.20090672915287044,1.2,3.8,-0.5399999999999999
Girona vs Real Madrid,Girona,1.0,1.0,8.0,4.0,426,359.0,9.0,3,0,1000,15.0,10.0,0.5,0.8427230046948356,0.79,0,0.4,2,10,4,0,0,0.1885714285714286,0,0,0.6005594973348866,3,9.0,3,0.3333333333333333,0.36,5.472,0.28445621720747805,1.2,3.4,-0.42000000000000004
Girona vs Sevilla,Girona,0.0,0.0,11.0,5.0,427,358.0,5.0,0,0,990,15.0,2.0,0.45454545454545453,0.8384074941451991,2.12,1,0.59,11,20,5,0,0,0.3931428571428571,0,0,0.684491967623978,0,5.0,0,0.0,0.29411764705882354,2.5588235294117645,0.057409199735112826,1.2,2.2,-0.06000000000000005
Girona vs Valencia,Girona,2.0,0.0,4.0,4.0,387,313.0,13.0,5,2,1002,10.0,10.0,1.0,0.8087855297157622,1.02,0,0.45,0,4,4,0,0,0.18000000000000002,0,0,0.5498814866623924,7,13.0,7,0.5384615384615384,0.65,8.73,0.538378075492843,1.4,3.0,-0.19999999999999996
Mallorca vs Girona,Girona,2.0,1.0,6.0,4.0,473,391.0,14.0,1,0,990,19.0,8.0,0.6666666666666666,0.8266384778012685,1.51,0,0.51,6,9,4,0,0,0.2897142857142857,0,0,0.6482816449156719,1,14.0,1,0.07142857142857142,0.5185185185185185,7.4037037037037035,0.43500925407094226,1.2,2.4,-0.12
Oviedo vs Girona,Girona,0.0,0.0,7.0,1.0,578,523.0,16.0,1,0,990,13.0,5.0,0.14285714285714285,0.9048442906574394,0.65,0,0.66,4,9,1,0,0,0.3211428571428572,0,0,0.7078106165066645,1,16.0,1,0.0625,0.8888888888888888,8.477777777777778,0.5187203912179716,1.0,2.4,-0.21999999999999997
Real Betis vs Girona,Girona,1.0,1.0,6.0,4.0,464,399.0,16.0,4,0,990,11.0,14.0,0.6666666666666666,0.8599137931034483,1.46,0,0.46,0,11,4,0,0,0.18400000000000002,0,0,0.604392986777288,4,16.0,4,0.25,0.64,9.328,0.5849849727471856,1.0,2.6,-0.28
Real Sociedad vs Girona,Girona,2.0,2.0,9.0,3.0,558,493.0,5.0,2,0,989,15.0,10.0,0.3333333333333333,0.8835125448028673,1.43,0,0.53,3,14,3,0,0,0.2548571428571429,0,0,0.6801021370630879,2,5.0,2,0.4,0.2,3.14,0.10270490550659674,1.4,3.0,-0.19999999999999996
Sevilla vs Girona,Girona,1.0,1.0,10.0,5.0,421,353.0,13.0,3,0,989,19.0,7.0,0.5,0.838479809976247,2.56,0,0.49,7,15,6,0,0,0.296,0,0,0.6441772483465196,3,13.0,3,0.23076923076923078,0.5,7.5,0.4425143905048139,1.2,2.2,-0.06000000000000005
Villarreal vs Girona,Girona,0.0,0.0,3.0,2.0,470,426.0,9.0,2,0,990,18.0,6.0,0.6666666666666666,0.9063829787234042,0.14,-3,0.47000000000000003,1,5,2,0,0,0.20228571428571432,0,0,0.6394070282088199,2,9.0,2,0.2222222222222222,0.375,5.175,0.26130864449085633,0.8,2.4,-0.31999999999999995
Alaves vs Levante,Levante,1.0,0.0,4.0,3.0,296,199.0,13.0,1,0,1010,16.0,4.0,0.75,0.6722972972972973,0.87,0,0.38,1,7,3,0,0,0.16628571428571431,0,0,0.45695065366118,1,13.0,1,0.07692307692307693,0.65,6.93,0.3980897559981662,1.0,1.0,0.2
Athletic Club vs Levante,Levante,2.0,0.0,5.0,3.0,400,314.0,10.0,1,1,916,13.0,7.0,0.6,0.785,0.51,0,0.45,3,6,3,0,0,0.22285714285714286,0,0,0.5714473684210527,2,10.0,2,0.2,0.5,5.699999999999999,0.30222607101013704,1.5,1.5,0.30000000000000004
Atletico Madrid vs Levante,Levante,1.0,1.0,5.0,3.0,212,151.0,6.0,1,0,1014,17.0,9.0,0.6,0.7122641509433962,1.19,1,0.26,4,6,3,0,0,0.16114285714285714,0,0,0.4739265616872369,1,6.0,1,0.16666666666666666,0.23076923076923078,3.346153846153846,0.11877211474786738,1.3333333333333333,1.3333333333333333,0.26666666666666666
Elche vs Levante,Levante,0.0,0.0,9.0,1.0,272,216.0,17.0,2,0,1004,14.0,4.0,0.1111111111111111,0.7941176470588235,1.01,0,0.33,2,11,1,0,0,0.1605714285714286,0,0,0.5183620816747752,2,17.0,2,0.11764705882352941,0.9444444444444444,9.288888888888888,0.5819367327186593,1.0,1.5,0.050000000000000044
Getafe vs Levante,Levante,1.0,1.0,9.0,3.0,288,169.0,16.0,3,0,996,18.0,5.0,0.3333333333333333,0.5868055555555556,1.24,0,0.46,2,11,3,0,0,0.21257142857142858,0,0,0.4207210735171261,3,16.0,3,0.1875,0.6956521739130435,9.039130434782608,0.5624710694930157,1.0,1.8,-0.040000000000000036
Girona vs Levante,Levante,4.0,2.0,13.0,7.0,575,529.0,17.0,3,0,990,15.0,1.0,0.5384615384615384,0.92,2.88,0,0.65,4,14,7,0,0,0.31714285714285717,0,0,0.7142606516290727,3,17.0,3,0.17647058823529413,1.0625,9.6125,0.6071583210228721,1.6,2.2,0.14
Levante vs Athletic Club,Levante,0.0,0.0,9.0,4.0,413,311.0,11.0,3,0,990,17.0,14.0,0.4444444444444444,0.7530266343825666,1.3,1,0.56,4,11,4,0,0,0.28114285714285714,0,0,0.5698717131812582,3,11.0,3,0.2727272727272727,0.3548387096774194,6.4709677419354845,0.36231372039943416,1.2,2.4,-0.12
Levante vs Atletico Madrid,Levante,0.0,0.0,6.0,2.0,424,341.0,11.0,2,0,989,15.0,6.0,0.3333333333333333,0.8042452830188679,0.37,0,0.45,4,10,2,0,0,0.23714285714285716,0,0,0.5996163758452735,2,11.0,2,0.18181818181818182,0.5238095238095238,6.204761904761904,0.34156618176790354,1.0,2.6,-0.28
Levante vs Barcelona,Levante,2.0,1.0,6.0,5.0,160,93.0,10.0,3,0,1002,31.0,8.0,0.8333333333333334,0.58125,2.14,0,0.18,0,8,5,0,0,0.072,0,0,0.35077537593984964,3,10.0,3,0.3,0.2564102564102564,5.9512820512820515,0.32181048028432274,1.4,2.8,-0.14
Levante vs Celta Vigo,Levante,1.0,0.0,8.0,3.0,328,256.0,10.0,2,1,937,17.0,12.0,0.375,0.7804878048780488,1.2,0,0.36,4,9,3,0,0,0.20114285714285712,0,0,0.5516474112109542,3,10.0,3,0.3,0.3448275862068966,5.968965517241379,0.32318869346336465,1.4,2.8,-0.14
Levante vs Elche,Levante,3.0,3.0,13.0,6.0,328,248.0,13.0,2,0,990,15.0,11.0,0.46153846153846156,0.7560975609756098,2.61,0,0.41000000000000003,9,26,6,0,0,0.2925714285714286,0,0,0.5870713368787823,2,13.0,2,0.15384615384615385,0.5,7.199999999999999,0.4191330039223677,1.2,2.6,-0.18000000000000005
Levante vs Espanyol,Levante,1.0,1.0,5.0,2.0,423,350.0,10.0,0,0,1006,17.0,11.0,0.4,0.8274231678486997,1.11,0,0.49,4,8,2,0,0,0.2531428571428571,0,0,0.6108293784105654,0,10.0,0,0.0,0.35714285714285715,5.071428571428571,0.2532364991231071,1.4,2.0,0.09999999999999998
Levante vs Rayo Vallecano,Levante,0.0,0.0,9.0,4.0,419,340.0,6.0,0,0,990,16.0,6.0,0.4444444444444444,0.8114558472553699,0.91,0,0.54,11,17,4,0,0,0.37314285714285716,0,0,0.668008625382071,0,6.0,0,0.0,0.2727272727272727,3.0545454545454547,0.09604475296493026,1.4,1.6,0.21999999999999997
Levante vs Real Betis,Levante,2.0,2.0,4.0,2.0,268,196.0,16.0,4,0,999,13.0,9.0,0.5,0.7313432835820896,0.73,0,0.33,4,5,2,0,0,0.18914285714285714,0,0,0.5045187595855309,4,16.0,4,0.25,0.7272727272727273,9.345454545454544,0.5863453443301642,1.4,1.8,0.15999999999999992
Levante vs Real Madrid,Levante,1.0,0.0,5.0,2.0,416,365.0,17.0,1,0,990,19.0,8.0,0.4,0.8774038461538461,1.6,0,0.37,1,11,2,0,0,0.16228571428571428,0,0,0.6046167100443416,1,17.0,1,0.058823529411764705,0.6296296296296297,8.925925925925927,0.5536481415448358,1.4,1.4,0.27999999999999997
Levante vs Real Sociedad,Levante,1.0,0.0,8.0,3.0,349,277.0,16.0,6,0,990,14.0,12.0,0.375,0.7936962750716332,1.29,0,0.44,7,13,3,0,0,0.276,0,0,0.5947178117212802,6,16.0,6,0.375,0.6153846153846154,9.923076923076923,0.6313640513630326,1.0,2.2,-0.16000000000000003
Mallorca vs Levante,Levante,1.0,0.0,8.0,5.0,331,233.0,13.0,2,0,1002,22.0,12.0,0.625,0.7039274924471299,2.08,0,0.37,4,13,5,0,0,0.20514285714285713,0,0,0.5144950745443669,2,13.0,2,0.15384615384615385,0.38235294117647056,7.1764705882352935,0.4172991696806072,1.0,2.6,-0.28
Osasuna vs Levante,Levante,0.0,0.0,7.0,5.0,535,448.0,7.0,2,0,990,9.0,9.0,0.7142857142857143,0.8373831775700935,0.48,0,0.59,3,11,5,0,0,0.27885714285714286,0,0,0.6483908369053475,2,7.0,2,0.2857142857142857,0.3888888888888889,4.177777777777777,0.18358718353624368,1.0,3.0,-0.3999999999999999
Oviedo vs Levante,Levante,2.0,1.0,6.0,5.0,370,298.0,10.0,2,0,990,14.0,11.0,0.8333333333333334,0.8054054054054054,1.94,0,0.43,3,14,5,0,0,0.21485714285714286,0,0,0.5703718756350336,2,10.0,2,0.2,0.4,5.68,0.30066731190464063,1.0,2.6,-0.28
Real Madrid vs Levante,Levante,0.0,0.0,8.0,0.0,306,236.0,14.0,1,0,1005,17.0,13.0,0.0,0.7712418300653595,0.8,0,0.30000000000000004,0,10,0,0,0,0.12000000000000002,0,0,0.5006585090176422,1,14.0,1,0.07142857142857142,0.4666666666666667,7.3933333333333335,0.43420100860883304,0.8,2.6,-0.38
Sevilla vs Levante,Levante,3.0,3.0,5.0,4.0,285,203.0,10.0,4,0,990,18.0,6.0,0.8,0.712280701754386,1.03,2,0.36,1,6,4,0,0,0.15828571428571428,0,0,0.4728070175438597,4,10.0,4,0.4,0.4166666666666667,6.283333333333333,0.34768987825378234,1.2,2.2,-0.06000000000000005
Valencia vs Levante,Levante,0.0,0.0,6.0,0.0,372,294.0,15.0,4,0,1007,14.0,8.0,0.0,0.7903225806451613,0.72,0,0.41000000000000003,0,7,0,0,0,0.16400000000000003,0,0,0.535010914382731,4,15.0,4,0.26666666666666666,0.6818181818181818,8.836363636363636,0.5466678398266194,1.0,2.6,-0.28
Athletic Club vs Mallorca,Mallorca,1.0,1.0,6.0,2.0,416,343.0,13.0,6,1,1006,18.0,8.0,0.3333333333333333,0.8245192307692307,0.32,0,0.48,2,6,2,0,0,0.22057142857142858,0,0,0.5876982118758435,7,13.0,7,0.5384615384615384,0.5,8.7,0.5360399368345984,1.0,7.0,-1.6
Atletico Madrid vs Mallorca,Mallorca,0.0,0.0,5.0,1.0,357,283.0,7.0,1,0,990,18.0,6.0,0.2,0.7927170868347339,0.46,0,0.39,3,6,1,0,0,0.19885714285714287,0,0,0.559140498304585,1,7.0,1,0.14285714285714285,0.2916666666666667,3.858333333333333,0.1586903367123427,0.5,4.0,-0.95
Barcelona vs Mallorca,Mallorca,0.0,0.0,7.0,4.0,237,165.0,9.0,0,0,990,25.0,10.0,0.5714285714285714,0.6962025316455697,0.8,0,0.24,3,9,4,0,0,0.13885714285714285,0,0,0.4657704387551157,0,9.0,0,0.0,0.2571428571428571,4.551428571428572,0.21270876238020048,0.3333333333333333,2.6666666666666665,-0.6333333333333333
Espanyol vs Mallorca,Mallorca,2.0,1.0,16.0,10.0,493,424.0,16.0,1,0,990,20.0,6.0,0.625,0.8600405679513184,2.23,0,0.62,9,24,10,0,0,0.37657142857142856,0,0,0.7010729155546066,1,16.0,1,0.0625,0.6153846153846154,8.423076923076923,0.514457118450802,0.75,2.25,-0.29999999999999993
Mallorca vs Alaves,Mallorca,1.0,1.0,7.0,3.0,327,248.0,14.0,2,0,1002,22.0,5.0,0.42857142857142855,0.7584097859327217,0.74,0,0.39,4,12,3,0,0,0.21314285714285716,0,0,0.5402324618886666,2,14.0,2,0.14285714285714285,0.5185185185185185,7.703703703703703,0.45839064065338836,0.8,2.2,-0.26
Mallorca vs Athletic Club,Mallorca,3.0,1.0,17.0,9.0,475,371.0,10.0,1,0,1022,18.0,8.0,0.5294117647058824,0.7810526315789473,2.79,0,0.51,3,17,9,0,0,0.24685714285714286,0,0,0.5976691729323308,1,10.0,1,0.1,0.38461538461538464,5.3769230769230765,0.2770461162290412,1.2,1.0,0.3
Mallorca vs Atletico Madrid,Mallorca,1.0,1.0,6.0,3.0,396,328.0,14.0,0,0,990,13.0,11.0,0.5,0.8282828282828283,0.6000000000000001,0,0.43,3,8,3,0,0,0.21485714285714286,0,0,0.5915850231639705,0,14.0,0,0.0,0.5833333333333334,7.116666666666666,0.4126381743161327,1.4,0.8,0.45999999999999996
Mallorca vs Barcelona,Mallorca,0.0,0.0,3.0,1.0,225,154.0,8.0,4,2,882,12.0,5.0,0.3333333333333333,0.6844444444444444,0.21,0,0.29,3,4,1,0,0,0.15885714285714284,0,0,0.45538011695906433,6,8.0,6,0.75,0.47058823529411764,5.894117647058823,0.317355203504661,1.4,2.0,0.09999999999999998
Mallorca vs Celta Vigo,Mallorca,1.0,0.0,11.0,4.0,433,372.0,12.0,3,0,994,9.0,3.0,0.36363636363636365,0.859122401847575,0.68,0,0.5,3,12,4,0,0,0.24285714285714285,0,0,0.6209145843824342,3,12.0,3,0.25,1.0,7.1000000000000005,0.41133920839488575,1.2,2.4,-0.12
Mallorca vs Elche,Mallorca,3.0,2.0,12.0,7.0,391,339.0,13.0,3,0,999,10.0,6.0,0.5833333333333334,0.8670076726342711,2.44,0,0.42,1,15,8,0,0,0.1822857142857143,0,0,0.5900201270439526,3,13.0,3,0.23076923076923078,0.8125,7.5625,0.4473855127094902,1.6,2.6,0.020000000000000018
Mallorca vs Getafe,Mallorca,1.0,1.0,5.0,4.0,263,161.0,15.0,0,0,990,14.0,11.0,0.8,0.6121673003802282,1.11,0,0.39,1,6,4,0,0,0.17028571428571432,0,0,0.41447964016505146,0,15.0,0,0.0,0.6,7.62,0.45186694513779235,1.2,2.4,-0.12
Mallorca vs Girona,Mallorca,1.0,0.0,6.0,2.0,438,356.0,9.0,2,0,989,18.0,8.0,0.3333333333333333,0.8127853881278538,1.26,0,0.49,3,9,2,0,0,0.23885714285714285,0,0,0.5996257767706938,2,9.0,2,0.2222222222222222,0.34615384615384615,5.169230769230769,0.26085900244119387,1.2,2.8,-0.24
Mallorca vs Levante,Mallorca,1.0,1.0,15.0,4.0,551,470.0,8.0,3,0,1002,10.0,13.0,0.26666666666666666,0.852994555353902,1.58,0,0.63,5,20,4,0,0,0.3234285714285714,0,0,0.6812591824388559,3,8.0,3,0.375,0.34782608695652173,4.969565217391304,0.24529747759200735,1.4,2.2,0.039999999999999925
Mallorca vs Osasuna,Mallorca,2.0,1.0,7.0,4.0,419,321.0,10.0,3,0,990,18.0,6.0,0.5714285714285714,0.766109785202864,1.49,0,0.52,2,7,4,0,0,0.2365714285714286,0,0,0.5596213086415323,3,10.0,3,0.3,0.4166666666666667,5.983333333333333,0.3243084916713362,1.6,2.2,0.14
Mallorca vs Sevilla,Mallorca,4.0,2.0,8.0,6.0,267,187.0,16.0,1,0,1007,14.0,18.0,0.75,0.700374531835206,2.63,-1,0.33,4,11,6,0,0,0.18914285714285714,0,0,0.48865844386246515,1,16.0,1,0.0625,0.5,8.4,0.5126585502521523,1.8,1.8,0.36
Oviedo vs Mallorca,Mallorca,0.0,0.0,11.0,6.0,284,217.0,12.0,1,0,1004,4.0,3.0,0.5454545454545454,0.7640845070422535,0.68,0,0.38,5,13,6,0,0,0.22342857142857145,0,0,0.5364282184334075,1,12.0,1,0.08333333333333333,1.7142857142857142,6.642857142857142,0.375710428840682,1.6,2.0,0.20000000000000007
Rayo Vallecano vs Mallorca,Mallorca,1.0,1.0,7.0,2.0,321,233.0,14.0,5,0,990,11.0,6.0,0.2857142857142857,0.7258566978193146,0.72,0,0.47000000000000003,5,9,2,0,0,0.25942857142857145,0,0,0.5312240882580281,5,14.0,5,0.35714285714285715,0.8235294117647058,8.66470588235294,0.5332891854719577,1.6,2.6,0.020000000000000018
Real Betis vs Mallorca,Mallorca,0.0,0.0,11.0,1.0,483,420.0,8.0,3,0,990,16.0,8.0,0.09090909090909091,0.8695652173913043,0.62,0,0.48,5,14,1,0,0,0.26342857142857146,0,0,0.6639806036831208,3,8.0,3,0.375,0.3333333333333333,4.966666666666667,0.24507157047526876,1.4,2.6,-0.08000000000000007
Real Madrid vs Mallorca,Mallorca,1.0,1.0,7.0,5.0,382,302.0,7.0,0,0,1004,14.0,7.0,0.7142857142857143,0.7905759162303665,0.72,0,0.42,5,9,5,0,0,0.23942857142857144,0,0,0.5865160282906219,0,7.0,0,0.0,0.3333333333333333,3.566666666666667,0.13595843309052014,1.2,2.0,0.0
Real Sociedad vs Mallorca,Mallorca,0.0,0.0,6.0,3.0,310,224.0,15.0,2,0,990,15.0,8.0,0.5,0.7225806451612903,0.76,0,0.36,2,7,3,0,0,0.17257142857142854,0,0,0.49687929501172284,2,15.0,2,0.13333333333333333,0.6521739130434783,8.230434782608695,0.49944298392294356,0.4,2.2,-0.46
Sevilla vs Mallorca,Mallorca,3.0,2.0,7.0,6.0,299,226.0,13.0,1,0,998,16.0,5.0,0.8571428571428571,0.7558528428093646,1.85,0,0.42,2,7,6,0,0,0.19657142857142856,0,0,0.5093800554898954,1,13.0,1,0.07692307692307693,0.6190476190476191,6.923809523809524,0.39760728294170306,1.0,2.2,-0.16000000000000003
Valencia vs Mallorca,Mallorca,1.0,1.0,3.0,2.0,242,172.0,12.0,3,0,1004,14.0,8.0,0.6666666666666666,0.7107438016528925,0.19,0,0.29,3,4,2,0,0,0.15885714285714284,0,0,0.4749207730068974,3,12.0,3,0.25,0.5454545454545454,7.00909090909091,0.40425393973353846,1.0,1.8,-0.040000000000000036
Villarreal vs Mallorca,Mallorca,1.0,1.0,7.0,3.0,372,281.0,8.0,2,0,1014,11.0,4.0,0.42857142857142855,0.7553763440860215,1.02,0,0.42,1,9,3,0,0,0.1822857142857143,0,0,0.5270616056269706,2,8.0,2,0.25,0.5333333333333333,4.706666666666666,0.2248077021038154,1.2,1.6,0.12
Atletico Madrid vs Osasuna,Osasuna,0.0,0.0,7.0,2.0,366,296.0,11.0,3,0,998,18.0,7.0,0.2857142857142857,0.8087431693989071,1.14,1,0.41000000000000003,2,9,2,0,0,0.19257142857142862,0,0,0.5610131887094786,3,11.0,3,0.2727272727272727,0.44,6.488,0.36364117976669563,0.0,3.0,-0.8999999999999999
Barcelona vs Osasuna,Osasuna,0.0,0.0,3.0,2.0,186,110.0,8.0,3,0,990,14.0,13.0,0.6666666666666666,0.5913978494623656,0.37,0,0.2,1,3,2,0,0,0.0942857142857143,0,0,0.3751475462850675,3,8.0,3,0.375,0.2962962962962963,4.95925925925926,0.2444942522880479,0.0,3.0,-0.8999999999999999
Celta Vigo vs Osasuna,Osasuna,2.0,2.0,3.0,2.0,409,364.0,14.0,2,0,1008,15.0,12.0,0.6666666666666666,0.8899755501222494,0.66,0,0.43,3,8,2,0,0,0.21485714285714286,0,0,0.6273186021287939,2,14.0,2,0.14285714285714285,0.5185185185185185,7.703703703703703,0.45839064065338836,0.6666666666666666,2.6666666666666665,-0.4666666666666666
Espanyol vs Osasuna,Osasuna,0.0,0.0,8.0,3.0,493,404.0,14.0,3,0,1006,14.0,10.0,0.375,0.8194726166328601,1.37,0,0.55,3,10,3,0,0,0.2628571428571429,0,0,0.6236460827525203,3,14.0,3,0.21428571428571427,0.5833333333333334,8.016666666666667,0.48278233406347115,0.5,2.75,-0.575
Girona vs Osasuna,Osasuna,0.0,0.0,11.0,0.0,501,429.0,13.0,5,0,998,10.0,2.0,0.0,0.8562874251497006,1.41,0,0.54,1,12,0,0,0,0.23028571428571432,0,0,0.6260133867603139,5,13.0,5,0.38461538461538464,1.0833333333333333,8.216666666666667,0.4983699251184352,0.4,3.2,-0.76
Mallorca vs Osasuna,Osasuna,2.0,2.0,8.0,2.0,350,273.0,15.0,4,0,1008,15.0,4.0,0.25,0.78,1.09,0,0.48,8,14,2,0,0,0.3062857142857143,0,0,0.5977694235588973,4,15.0,4,0.26666666666666666,0.7894736842105263,8.857894736842104,0.5483459297727278,0.8,3.4,-0.62
Osasuna vs Alaves,Osasuna,3.0,1.0,14.0,7.0,371,287.0,16.0,2,0,999,20.0,5.0,0.5,0.7735849056603774,2.21,0,0.47000000000000003,9,16,7,0,0,0.3165714285714286,0,0,0.6119804227550008,2,16.0,2,0.125,0.64,8.728,0.5382221995822933,1.4,3.2,-0.26
Osasuna vs Athletic Club,Osasuna,1.0,0.0,8.0,4.0,415,328.0,12.0,3,0,998,18.0,12.0,0.5,0.7903614457831325,0.67,0,0.49,1,11,4,0,0,0.2102857142857143,0,0,0.5607195700093607,3,12.0,3,0.25,0.4,6.98,0.4019866537619073,1.2,3.4,-0.42000000000000004
Osasuna vs Celta Vigo,Osasuna,2.0,1.0,14.0,7.0,555,469.0,10.0,3,0,1006,14.0,5.0,0.5,0.8450450450450451,2.31,0,0.61,5,17,7,0,0,0.3154285714285714,0,0,0.6787881866829235,3,10.0,3,0.3,0.5263157894736842,6.0052631578947375,0.3260176573571876,1.6,3.4,-0.21999999999999997
Osasuna vs Elche,Osasuna,1.0,1.0,6.0,2.0,375,290.0,19.0,2,0,997,21.0,7.0,0.3333333333333333,0.7733333333333333,0.9,0,0.4,2,9,2,0,0,0.1885714285714286,0,0,0.5466917293233083,2,19.0,2,0.10526315789473684,0.6785714285714286,10.235714285714286,0.6557303681495011,1.8,2.8,0.06000000000000005
Osasuna vs Getafe,Osasuna,2.0,2.0,7.0,3.0,435,316.0,11.0,1,0,993,10.0,1.0,0.42857142857142855,0.7264367816091954,0.43,0,0.58,1,7,3,0,0,0.24628571428571427,0,0,0.5362760349148734,1,11.0,1,0.09090909090909091,1.0,6.0,0.3256074575925832,1.8,2.2,0.24
Osasuna vs Levante,Osasuna,2.0,2.0,8.0,6.0,370,268.0,15.0,2,0,990,17.0,10.0,0.75,0.7243243243243244,1.05,0,0.41000000000000003,3,14,6,0,0,0.20685714285714288,0,0,0.529831335094493,2,15.0,2,0.13333333333333333,0.5555555555555556,8.21111111111111,0.49793693647801945,1.6,2.2,0.14
Osasuna vs Oviedo,Osasuna,3.0,2.0,11.0,5.0,339,261.0,14.0,1,1,989,17.0,10.0,0.45454545454545453,0.7699115044247787,1.37,0,0.51,3,16,5,0,0,0.24685714285714286,0,0,0.5409707898063744,2,14.0,2,0.14285714285714285,0.5185185185185185,7.703703703703703,0.45839064065338836,2.0,2.0,0.4
Osasuna vs Rayo Vallecano,Osasuna,2.0,1.0,8.0,7.0,306,231.0,13.0,3,0,990,9.0,12.0,0.875,0.7549019607843137,1.59,0,0.36,3,9,7,0,0,0.18685714285714283,0,0,0.5210600029485478,3,13.0,3,0.23076923076923078,0.6190476190476191,7.523809523809524,0.4443700561065953,2.0,2.0,0.4
Osasuna vs Real Sociedad,Osasuna,1.0,1.0,12.0,4.0,387,304.0,13.0,2,1,987,12.0,4.0,0.3333333333333333,0.7855297157622739,1.34,0,0.46,3,14,4,0,0,0.22685714285714287,0,0,0.5668250082570768,3,13.0,3,0.23076923076923078,0.8125,7.5625,0.4473855127094902,2.0,2.2,0.33999999999999997
Osasuna vs Valencia,Osasuna,1.0,1.0,10.0,4.0,464,382.0,14.0,2,0,995,13.0,8.0,0.4,0.8232758620689655,0.8300000000000001,0,0.56,3,16,4,0,0,0.2668571428571429,0,0,0.6146454498314752,2,14.0,2,0.14285714285714285,0.6666666666666666,7.733333333333333,0.460699913402272,1.8,2.4,0.18000000000000005
Osasuna vs Villarreal,Osasuna,2.0,2.0,12.0,5.0,370,299.0,15.0,2,0,990,19.0,10.0,0.4166666666666667,0.8081081081081081,1.37,0,0.47000000000000003,6,15,5,0,0,0.27371428571428574,0,0,0.6002946555578135,2,15.0,2,0.13333333333333333,0.5172413793103449,8.203448275862069,0.4973397107671014,1.8,2.4,0.18000000000000005
Oviedo vs Osasuna,Osasuna,0.0,0.0,10.0,5.0,364,312.0,17.0,1,0,996,18.0,3.0,0.5,0.8571428571428571,0.8200000000000001,0,0.47000000000000003,2,11,5,0,0,0.21657142857142858,0,0,0.5844611528822056,1,17.0,1,0.058823529411764705,0.8095238095238095,8.961904761904762,0.5564522584541942,1.2,2.2,-0.06000000000000005
Rayo Vallecano vs Osasuna,Osasuna,2.0,2.0,11.0,5.0,226,142.0,15.0,2,0,989,14.0,7.0,0.45454545454545453,0.6283185840707964,1.22,0,0.33,3,14,5,0,0,0.17485714285714285,0,0,0.4276931266218644,2,15.0,2,0.13333333333333333,0.7142857142857143,8.242857142857142,0.5004111572803948,1.2,2.0,0.0
Real Betis vs Osasuna,Osasuna,0.0,0.0,9.0,1.0,493,420.0,7.0,1,0,1000,12.0,12.0,0.1111111111111111,0.8519269776876268,0.7000000000000001,0,0.49,5,12,1,0,0,0.26742857142857146,0,0,0.6589208823275228,1,7.0,1,0.14285714285714285,0.2916666666666667,3.858333333333333,0.1586903367123427,1.0,1.6,0.020000000000000018
Real Madrid vs Osasuna,Osasuna,0.0,0.0,2.0,0.0,299,228.0,12.0,0,1,998,20.0,7.0,0.0,0.7625418060200669,0.36,0,0.29,0,2,0,0,0,0.11599999999999999,0,0,0.4936769180476275,1,12.0,1,0.08333333333333333,0.4444444444444444,6.388888888888888,0.35591666242168,0.8,1.4,-0.019999999999999962
Sevilla vs Osasuna,Osasuna,0.0,0.0,4.0,3.0,359,287.0,13.0,3,0,990,19.0,8.0,0.75,0.7994428969359332,1.29,0,0.53,6,9,3,0,0,0.2977142857142857,0,0,0.5918267116258613,3,13.0,3,0.23076923076923078,0.48148148148148145,7.496296296296297,0.44222573141120347,0.4,1.6,-0.27999999999999997
Villarreal vs Osasuna,Osasuna,1.0,0.0,6.0,3.0,274,211.0,11.0,3,1,947,20.0,11.0,0.5,0.7700729927007299,1.8,1,0.34,0,6,3,0,0,0.136,0,0,0.48804401514735746,4,11.0,4,0.36363636363636365,0.3548387096774194,6.770967741935484,0.3856951069818803,0.6,2.2,-0.36000000000000004
Alaves vs Oviedo,Oviedo,1.0,1.0,13.0,6.0,342,258.0,20.0,3,1,989,22.0,12.0,0.46153846153846156,0.7543859649122807,2.44,0,0.43,7,18,6,0,0,0.272,0,0,0.5724310776942356,4,20.0,4,0.2,0.5882352941176471,11.317647058823528,0.7400539962304518,1.0,4.0,-0.7
Athletic Club vs Oviedo,Oviedo,0.0,0.0,4.0,2.0,472,386.0,8.0,1,0,996,15.0,11.0,0.5,0.8177966101694916,0.22,0,0.52,4,4,2,0,0,0.2651428571428571,0,0,0.6244371522025403,1,8.0,1,0.125,0.3076923076923077,4.361538461538461,0.1979091154884543,0.5,2.5,-0.5
Atletico Madrid vs Oviedo,Oviedo,0.0,0.0,9.0,1.0,496,439.0,8.0,1,0,990,21.0,8.0,0.1111111111111111,0.8850806451612904,0.93,0,0.48,2,12,1,0,0,0.22057142857142858,0,0,0.6480541070417981,1,8.0,1,0.125,0.27586206896551724,4.355172413793103,0.19741295874399922,0.3333333333333333,2.0,-0.43333333333333335
Barcelona vs Oviedo,Oviedo,0.0,0.0,7.0,3.0,252,187.0,21.0,2,0,990,22.0,8.0,0.42857142857142855,0.7420634920634921,0.48,0,0.27,1,12,3,0,0,0.1222857142857143,0,0,0.4752923976608187,2,21.0,2,0.09523809523809523,0.7,11.24,0.7340023432326422,0.25,2.0,-0.475
Elche vs Oviedo,Oviedo,0.0,0.0,9.0,4.0,372,306.0,18.0,2,0,990,16.0,5.0,0.4444444444444444,0.8225806451612904,1.09,0,0.39,3,12,4,0,0,0.19885714285714287,0,0,0.5797113752122242,2,18.0,2,0.1111111111111111,0.8571428571428571,9.77142857142857,0.6195448889147631,0.2,2.0,-0.5
Getafe vs Oviedo,Oviedo,0.0,0.0,3.0,1.0,373,303.0,18.0,5,1,980,20.0,5.0,0.3333333333333333,0.8123324396782842,0.46,0,0.52,3,5,1,0,0,0.2508571428571429,0,0,0.5749632123203451,6,18.0,6,0.3333333333333333,0.72,10.944,0.7109327084712955,0.0,2.4,-0.72
Girona vs Oviedo,Oviedo,3.0,1.0,8.0,5.0,296,234.0,16.0,3,0,990,20.0,5.0,0.625,0.7905405405405406,1.79,0,0.35000000000000003,4,10,5,0,0,0.19714285714285715,0,0,0.5446437038542301,3,16.0,3,0.1875,0.64,9.028,0.5616035861647396,0.6,2.8,-0.54
Osasuna vs Oviedo,Oviedo,2.0,2.0,11.0,5.0,328,261.0,15.0,4,0,999,22.0,6.0,0.45454545454545453,0.7957317073170732,1.34,0,0.49,6,13,5,0,0,0.2817142857142857,0,0,0.5783169814780855,4,15.0,4,0.26666666666666666,0.5357142857142857,8.807142857142857,0.5443904320426148,1.0,3.4,-0.52
Oviedo vs Barcelona,Oviedo,1.0,0.0,4.0,3.0,189,121.0,9.0,1,0,989,21.0,4.0,0.75,0.6402116402116402,1.04,0,0.21,6,7,3,0,0,0.1697142857142857,0,0,0.44830130882762464,1,9.0,1,0.1111111111111111,0.36,4.872,0.23769344404258574,1.2,3.2,-0.36
Oviedo vs Celta Vigo,Oviedo,0.0,0.0,8.0,3.0,485,410.0,14.0,2,0,996,16.0,7.0,0.375,0.845360824742268,0.63,0,0.56,4,10,3,0,0,0.28114285714285714,0,0,0.6431064775340413,2,14.0,2,0.14285714285714285,0.6086956521739131,7.721739130434782,0.45979628493531755,1.2,3.2,-0.36
Oviedo vs Espanyol,Oviedo,0.0,0.0,9.0,4.0,528,467.0,9.0,2,0,990,13.0,11.0,0.4444444444444444,0.884469696969697,0.77,0,0.61,3,13,4,0,0,0.28685714285714287,0,0,0.6693025176577808,2,9.0,2,0.2222222222222222,0.375,5.175,0.26130864449085633,1.2,2.4,-0.12
Oviedo vs Girona,Oviedo,1.0,1.0,6.0,4.0,288,217.0,12.0,1,0,990,17.0,3.0,0.6666666666666666,0.7534722222222222,1.4,0,0.34,4,8,4,0,0,0.19314285714285714,0,0,0.5231020258980785,1,12.0,1,0.08333333333333333,0.6,6.42,0.3583413988080078,0.8,2.0,-0.19999999999999996
Oviedo vs Levante,Oviedo,0.0,0.0,8.0,2.0,484,418.0,10.0,2,0,994,15.0,7.0,0.25,0.8636363636363636,1.31,0,0.5700000000000001,9,13,2,0,0,0.3565714285714286,0,0,0.6994873547505126,2,10.0,2,0.2,0.45454545454545453,5.6909090909090905,0.30151754414400234,0.4,1.6,-0.27999999999999997
Oviedo vs Mallorca,Oviedo,0.0,0.0,11.0,3.0,464,408.0,14.0,0,2,996,14.0,11.0,0.2727272727272727,0.8793103448275862,1.18,0,0.62,8,15,3,0,0,0.36228571428571427,0,0,0.6902817388298332,2,14.0,2,0.14285714285714285,0.56,7.712,0.4590372370230758,0.2,1.8,-0.44000000000000006
Oviedo vs Osasuna,Oviedo,0.0,0.0,6.0,2.0,408,340.0,17.0,3,0,990,22.0,6.0,0.3333333333333333,0.8333333333333334,0.96,0,0.53,4,8,2,0,0,0.26914285714285713,0,0,0.6081453634085213,3,17.0,3,0.17647058823529413,0.6071428571428571,9.521428571428572,0.6000604000960581,0.2,2.0,-0.5
Oviedo vs Rayo Vallecano,Oviedo,0.0,0.0,7.0,3.0,326,262.0,11.0,1,1,961,19.0,7.0,0.42857142857142855,0.803680981595092,0.43,0,0.39,5,8,3,0,0,0.22742857142857145,0,0,0.5720159293940372,2,11.0,2,0.18181818181818182,0.4230769230769231,6.184615384615384,0.3399960031817808,0.2,2.0,-0.5
Oviedo vs Real Betis,Oviedo,1.0,1.0,8.0,3.0,393,314.0,15.0,3,0,1004,19.0,5.0,0.375,0.7989821882951654,1.24,0,0.42,5,13,3,0,0,0.23942857142857144,0,0,0.5948545026688861,3,15.0,3,0.2,0.625,8.525,0.5224007946615049,0.2,2.4,-0.62
Oviedo vs Real Madrid,Oviedo,0.0,0.0,6.0,3.0,374,313.0,8.0,2,0,989,20.0,10.0,0.5,0.8368983957219251,0.5,0,0.35000000000000003,1,6,3,0,0,0.1542857142857143,0,0,0.5685745111441706,2,8.0,2,0.25,0.26666666666666666,4.653333333333333,0.220651011155825,0.2,2.4,-0.62
Oviedo vs Real Sociedad,Oviedo,1.0,1.0,8.0,1.0,408,336.0,7.0,2,0,990,13.0,7.0,0.125,0.8235294117647058,0.45,0,0.43,1,8,1,0,0,0.1862857142857143,0,0,0.5746719740527789,2,7.0,2,0.2857142857142857,0.35,4.17,0.18298099943966178,0.4,2.4,-0.52
Sevilla vs Oviedo,Oviedo,0.0,0.0,4.0,1.0,329,260.0,12.0,2,1,983,14.0,11.0,0.25,0.790273556231003,0.64,-1,0.44,3,4,1,0,0,0.21885714285714286,0,0,0.5473924172132459,3,12.0,3,0.25,0.48,6.996,0.4032336610463044,0.4,2.4,-0.52
Valencia vs Oviedo,Oviedo,2.0,1.0,7.0,4.0,414,338.0,12.0,4,1,1003,17.0,8.0,0.5714285714285714,0.8164251207729468,0.77,0,0.43,4,10,4,0,0,0.22914285714285715,0,0,0.6019468962260724,5,12.0,5,0.4166666666666667,0.48,7.596,0.44999643421119667,0.8,3.0,-0.4999999999999999
Villarreal vs Oviedo,Oviedo,0.0,0.0,5.0,4.0,326,267.0,8.0,2,1,934,11.0,5.0,0.8,0.8190184049079755,0.93,0,0.32,1,5,4,0,0,0.1422857142857143,0,0,0.5415894029552408,3,8.0,3,0.375,0.5,5.0,0.24766950231776277,0.6,3.0,-0.5999999999999999
Athletic Club vs Rayo Vallecano,Rayo Vallecano,0.0,0.0,3.0,1.0,498,413.0,13.0,4,0,990,16.0,13.0,0.3333333333333333,0.8293172690763052,0.29,0,0.59,6,6,1,0,0,0.3217142857142857,0,0,0.6590195367937917,4,13.0,4,0.3076923076923077,0.4482758620689655,7.789655172413793,0.4650895223775205,0.0,4.0,-1.2
Atletico Madrid vs Rayo Vallecano,Rayo Vallecano,2.0,2.0,9.0,3.0,370,299.0,12.0,4,0,998,21.0,7.0,0.3333333333333333,0.8081081081081081,1.6,0,0.39,6,9,3,0,0,0.24171428571428571,0,0,0.6002946555578135,4,12.0,4,0.3333333333333333,0.42857142857142855,7.285714285714286,0.42581340008878094,1.0,4.0,-0.7
Celta Vigo vs Rayo Vallecano,Rayo Vallecano,0.0,0.0,7.0,3.0,454,392.0,14.0,3,1,966,15.0,10.0,0.42857142857142855,0.8634361233480177,1.11,-1,0.51,7,14,3,0,0,0.304,0,0,0.6690614200699988,4,14.0,4,0.2857142857142857,0.56,8.312,0.505800010187968,0.6666666666666666,4.0,-0.8666666666666667
Elche vs Rayo Vallecano,Rayo Vallecano,0.0,0.0,14.0,8.0,401,327.0,11.0,3,0,990,15.0,8.0,0.5714285714285714,0.8154613466334164,0.9500000000000001,0,0.54,5,18,8,0,0,0.2874285714285715,0,0,0.606101600635004,3,11.0,3,0.2727272727272727,0.4782608695652174,6.495652173913044,0.36423757455488553,0.5,3.75,-0.875
Espanyol vs Rayo Vallecano,Rayo Vallecano,0.0,0.0,3.0,2.0,427,355.0,22.0,8,1,971,7.0,6.0,0.6666666666666666,0.8313817330210773,0.25,0,0.64,2,6,2,0,0,0.2845714285714286,0,0,0.5952648013476315,9,22.0,9,0.4090909090909091,1.6923076923076923,14.038461538461538,0.9521087134555628,0.4,4.8,-1.24
Girona vs Rayo Vallecano,Rayo Vallecano,3.0,1.0,15.0,5.0,481,415.0,17.0,1,0,998,27.0,8.0,0.3333333333333333,0.8627858627858628,3.43,0,0.56,4,16,5,0,0,0.28114285714285714,0,0,0.6503152371573424,1,17.0,1,0.058823529411764705,0.4857142857142857,8.897142857142859,0.5514048480173488,1.0,4.2,-0.76
Levante vs Rayo Vallecano,Rayo Vallecano,3.0,2.0,8.0,5.0,365,300.0,18.0,1,0,990,27.0,9.0,0.625,0.821917808219178,1.55,0,0.46,4,10,5,0,0,0.24114285714285716,0,0,0.586272187317609,1,18.0,1,0.05555555555555555,0.5,9.4,0.5905965055269727,1.2,3.6,-0.4800000000000001
Osasuna vs Rayo Vallecano,Rayo Vallecano,0.0,0.0,13.0,6.0,539,471.0,7.0,2,0,990,13.0,11.0,0.46153846153846156,0.8738404452690167,1.09,0,0.64,6,19,6,0,0,0.3417142857142857,0,0,0.6966946587247339,2,7.0,2,0.2857142857142857,0.2916666666666667,4.158333333333333,0.18207172329478888,1.2,3.2,-0.36
Oviedo vs Rayo Vallecano,Rayo Vallecano,0.0,0.0,10.0,4.0,515,457.0,13.0,2,1,1008,10.0,9.0,0.4,0.887378640776699,1.74,0,0.61,6,12,4,0,0,0.3297142857142857,0,0,0.6944412000875977,3,13.0,3,0.23076923076923078,0.6842105263157895,7.536842105263158,0.4453857888570441,1.2,3.2,-0.36
Rayo Vallecano vs Alaves,Rayo Vallecano,1.0,1.0,13.0,5.0,419,340.0,13.0,1,0,1001,18.0,8.0,0.38461538461538464,0.8114558472553699,1.18,0,0.54,7,15,5,0,0,0.316,0,0,0.6299133872868328,1,13.0,1,0.07692307692307693,0.5,6.8999999999999995,0.3957516173399216,1.4,1.6,0.21999999999999997
Rayo Vallecano vs Barcelona,Rayo Vallecano,1.0,1.0,9.0,6.0,336,252.0,16.0,3,0,988,17.0,8.0,0.6666666666666666,0.75,1.85,0,0.43,9,12,6,0,0,0.3005714285714286,0,0,0.5870300751879699,3,16.0,3,0.1875,0.64,9.028,0.5616035861647396,1.0,2.0,-0.09999999999999998
Rayo Vallecano vs Celta Vigo,Rayo Vallecano,1.0,1.0,12.0,5.0,525,454.0,8.0,1,0,988,11.0,7.0,0.4166666666666667,0.8647619047619047,1.08,0,0.59,5,15,5,0,0,0.3074285714285714,0,0,0.6773684210526316,1,8.0,1,0.125,0.4444444444444444,4.388888888888888,0.20004075187203912,0.6,2.0,-0.3
Rayo Vallecano vs Getafe,Rayo Vallecano,1.0,1.0,9.0,4.0,455,349.0,13.0,3,0,990,18.0,7.0,0.4444444444444444,0.7670329670329671,0.89,0,0.6000000000000001,3,13,4,0,0,0.2828571428571429,0,0,0.5831405436668595,3,13.0,3,0.23076923076923078,0.52,7.5040000000000004,0.4428261423259132,0.8,2.2,-0.26
Rayo Vallecano vs Mallorca,Rayo Vallecano,2.0,1.0,12.0,5.0,371,284.0,14.0,1,1,980,20.0,7.0,0.4166666666666667,0.7654986522911051,2.37,0,0.53,6,14,5,0,0,0.2977142857142857,0,0,0.579365867498936,2,14.0,2,0.14285714285714285,0.5185185185185185,7.703703703703703,0.45839064065338836,1.2,2.0,0.0
Rayo Vallecano vs Osasuna,Rayo Vallecano,1.0,1.0,8.0,4.0,456,369.0,12.0,2,0,998,27.0,2.0,0.5,0.8092105263157895,0.77,0,0.67,4,11,4,0,0,0.3251428571428572,0,0,0.6141290726817042,2,12.0,2,0.16666666666666666,0.41379310344827586,6.682758620689655,0.3788202684353916,1.2,2.2,-0.06000000000000005
Rayo Vallecano vs Real Betis,Rayo Vallecano,0.0,0.0,16.0,7.0,434,352.0,10.0,4,0,998,17.0,3.0,0.4375,0.8110599078341014,1.86,0,0.59,8,23,7,0,0,0.35028571428571426,0,0,0.644878324844369,4,10.0,4,0.4,0.5,6.3,0.34898884417502934,1.0,2.4,-0.21999999999999997
Rayo Vallecano vs Real Madrid,Rayo Vallecano,0.0,0.0,10.0,2.0,368,311.0,17.0,3,0,1002,20.0,3.0,0.2,0.845108695652174,1.2,0,0.46,5,13,2,0,0,0.25542857142857145,0,0,0.6085192601067888,3,17.0,3,0.17647058823529413,0.7391304347826086,9.547826086956523,0.6021177684806419,0.8,2.8,-0.43999999999999995
Rayo Vallecano vs Sevilla,Rayo Vallecano,0.0,0.0,13.0,6.0,482,398.0,10.0,3,1,996,14.0,6.0,0.46153846153846156,0.8257261410788381,1.8900000000000001,1,0.64,12,18,6,0,0,0.4274285714285714,0,0,0.7083517923439304,4,10.0,4,0.4,0.5,6.3,0.34898884417502934,0.6,3.0,-0.5999999999999999
Rayo Vallecano vs Valencia,Rayo Vallecano,1.0,1.0,16.0,7.0,440,372.0,11.0,1,0,1001,15.0,8.0,0.4375,0.8454545454545455,1.57,0,0.56,10,19,7,0,0,0.3668571428571429,0,0,0.6833789017999544,1,11.0,1,0.09090909090909091,0.4782608695652174,5.895652173913043,0.31747480138999323,0.4,2.8,-0.6399999999999999
Real Madrid vs Rayo Vallecano,Rayo Vallecano,1.0,1.0,8.0,4.0,443,390.0,18.0,8,2,1010,23.0,11.0,0.5,0.8803611738148984,1.03,0,0.43,4,11,4,0,0,0.22914285714285715,0,0,0.6448171783861459,10,18.0,10,0.5555555555555556,0.5294117647058824,12.105882352941176,0.8014874433294279,0.4,4.4,-1.12
Real Sociedad vs Rayo Vallecano,Rayo Vallecano,1.0,1.0,5.0,2.0,414,328.0,21.0,2,0,990,13.0,11.0,0.4,0.7922705314009661,0.8,1,0.49,5,7,2,0,0,0.26742857142857146,0,0,0.5993934110638917,2,21.0,2,0.09523809523809523,0.875,11.275,0.736730171667261,0.6,4.0,-0.8999999999999999
Villarreal vs Rayo Vallecano,Rayo Vallecano,0.0,0.0,10.0,3.0,459,396.0,11.0,1,0,990,17.0,7.0,0.3,0.8627450980392157,1.02,-1,0.53,5,13,3,0,0,0.2834285714285715,0,0,0.651547987616099,1,11.0,1,0.09090909090909091,0.4583333333333333,5.891666666666667,0.31716417910447764,0.6,3.6,-0.78
Alaves vs Real Betis,Real Betis,1.0,0.0,10.0,4.0,453,381.0,11.0,1,0,990,23.0,13.0,0.4,0.8410596026490066,1.3800000000000001,0,0.55,4,18,4,0,0,0.27714285714285714,0,0,0.6289257912994406,1,11.0,1,0.09090909090909091,0.3055555555555556,5.861111111111111,0.31478274158219144,1.0,1.0,0.2
Atletico Madrid vs Real Betis,Real Betis,1.0,1.0,7.0,4.0,371,304.0,3.0,1,0,1002,15.0,12.0,0.5714285714285714,0.8194070080862533,0.7000000000000001,1,0.35000000000000003,3,8,4,0,0,0.18285714285714286,0,0,0.5777486168250815,1,3.0,1,0.3333333333333333,0.1111111111111111,1.8222222222222222,0.0,1.0,1.0,0.2
Celta Vigo vs Real Betis,Real Betis,1.0,1.0,4.0,2.0,567,512.0,11.0,2,0,989,15.0,4.0,0.5,0.9029982363315696,0.33,0,0.53,4,7,2,0,0,0.26914285714285713,0,0,0.702752250997865,2,11.0,2,0.18181818181818182,0.5789473684210527,6.21578947368421,0.3424256479413602,1.0,1.3333333333333333,0.10000000000000003
Elche vs Real Betis,Real Betis,1.0,1.0,8.0,4.0,323,262.0,13.0,1,0,995,18.0,7.0,0.5,0.8111455108359134,1.86,0,0.32,3,12,4,0,0,0.17085714285714285,0,0,0.5555727554179567,1,13.0,1,0.07692307692307693,0.52,6.904,0.39606336916102086,1.0,1.25,0.125
Espanyol vs Real Betis,Real Betis,2.0,2.0,9.0,3.0,467,386.0,4.0,5,0,1001,16.0,6.0,0.3333333333333333,0.8265524625267666,1.4,1,0.5,5,12,3,0,0,0.27142857142857146,0,0,0.6364591886568671,5,4.0,5,1.25,0.18181818181818182,3.536363636363636,0.13359667687007099,1.2,2.0,0.0
Levante vs Real Betis,Real Betis,2.0,2.0,17.0,9.0,544,482.0,11.0,2,0,999,17.0,6.0,0.5294117647058824,0.8860294117647058,2.12,0,0.67,12,28,9,0,0,0.4394285714285714,0,0,0.7618116983635559,2,11.0,2,0.18181818181818182,0.4782608695652174,6.195652173913043,0.34085618797243933,1.4,2.2,0.039999999999999925
Oviedo vs Real Betis,Real Betis,1.0,1.0,13.0,6.0,564,480.0,8.0,1,0,990,17.0,11.0,0.46153846153846156,0.851063829787234,2.24,0,0.58,2,15,6,0,0,0.26057142857142856,0,0,0.6566096091292061,1,8.0,1,0.125,0.2857142857142857,4.357142857142857,0.19756653106966388,1.4,2.2,0.039999999999999925
Rayo Vallecano vs Real Betis,Real Betis,0.0,0.0,10.0,6.0,304,225.0,7.0,1,0,990,12.0,11.0,0.6,0.7401315789473685,0.81,0,0.41000000000000003,3,13,6,0,0,0.20685714285714288,0,0,0.5129229323308271,1,7.0,1,0.14285714285714285,0.30434782608695654,3.860869565217391,0.15888800543948903,1.2,2.0,0.0
Real Betis vs Alaves,Real Betis,1.0,0.0,12.0,5.0,470,406.0,10.0,2,0,1004,11.0,11.0,0.4166666666666667,0.8638297872340426,1.95,0,0.49,5,16,5,0,0,0.26742857142857146,0,0,0.6562256705593772,2,10.0,2,0.2,0.45454545454545453,5.6909090909090905,0.30151754414400234,1.2,2.2,-0.06000000000000005
Real Betis vs Athletic Club,Real Betis,1.0,1.0,6.0,2.0,454,373.0,9.0,1,0,1012,25.0,12.0,0.3333333333333333,0.8215859030837004,0.62,0,0.5,4,9,2,0,0,0.2571428571428571,0,0,0.6195648813664115,1,9.0,1,0.1111111111111111,0.24324324324324326,4.848648648648648,0.2358734874653575,1.0,1.4,0.08000000000000002
Real Betis vs Atletico Madrid,Real Betis,0.0,0.0,12.0,5.0,545,474.0,9.0,2,0,990,20.0,3.0,0.4166666666666667,0.8697247706422019,1.07,1,0.5700000000000001,2,17,5,0,0,0.2565714285714286,0,0,0.6587972224138329,2,9.0,2,0.2222222222222222,0.391304347826087,5.178260869565217,0.26156278999718724,0.6,1.4,-0.12
Real Betis vs Barcelona,Real Betis,3.0,1.0,12.0,5.0,342,268.0,14.0,4,0,997,23.0,12.0,0.4166666666666667,0.783625730994152,2.5100000000000002,0,0.38,7,17,5,0,0,0.252,0,0,0.5870509607351713,4,14.0,4,0.2857142857142857,0.4,8.28,0.5033059956191738,1.0,2.0,-0.09999999999999998
Real Betis vs Getafe,Real Betis,4.0,3.0,17.0,8.0,378,311.0,13.0,0,0,1008,19.0,6.0,0.47058823529411764,0.8227513227513228,3.3,0,0.49,7,19,8,0,0,0.296,0,0,0.6201475912002228,0,13.0,0,0.0,0.52,6.604,0.37268198257857477,1.8,1.8,0.36
Real Betis vs Girona,Real Betis,1.0,1.0,19.0,7.0,541,454.0,10.0,3,1,990,17.0,11.0,0.3684210526315789,0.8391866913123844,1.42,0,0.54,8,23,7,0,0,0.3302857142857143,0,0,0.6991672804932849,4,10.0,4,0.4,0.35714285714285715,6.271428571428571,0.34676204545289163,1.8,2.2,0.24
Real Betis vs Mallorca,Real Betis,3.0,3.0,12.0,8.0,553,483.0,9.0,0,0,993,22.0,8.0,0.6666666666666666,0.8734177215189873,2.36,0,0.52,4,15,8,0,0,0.2651428571428571,0,0,0.682698835696837,0,9.0,0,0.0,0.3,4.56,0.21337680199684175,2.2,2.0,0.5000000000000001
Real Betis vs Osasuna,Real Betis,2.0,2.0,9.0,6.0,519,435.0,6.0,0,0,990,13.0,4.0,0.6666666666666666,0.838150289017341,0.76,0,0.51,5,12,6,0,0,0.27542857142857147,0,0,0.6618069740826054,0,6.0,0,0.0,0.35294117647058826,3.070588235294118,0.09729509449340332,2.6,1.6,0.8200000000000001
Real Betis vs Real Sociedad,Real Betis,2.0,2.0,14.0,6.0,491,400.0,7.0,3,0,996,26.0,17.0,0.42857142857142855,0.814663951120163,2.25,0,0.5,3,21,6,0,0,0.24285714285714285,0,0,0.6204898702969236,3,7.0,3,0.42857142857142855,0.16279069767441862,4.432558139534884,0.20344424397577168,2.4,1.4,0.78
Real Betis vs Valencia,Real Betis,2.0,0.0,9.0,2.0,467,392.0,15.0,0,0,988,14.0,5.0,0.2222222222222222,0.8394004282655246,1.87,-1,0.53,3,14,2,0,0,0.2548571428571429,0,0,0.623835552478627,0,15.0,0,0.0,0.7894736842105263,7.657894736842105,0.4548203834429434,2.0,1.4,0.5800000000000001
Real Betis vs Villarreal,Real Betis,2.0,1.0,12.0,6.0,541,462.0,14.0,3,0,989,18.0,10.0,0.5,0.8539741219963032,1.22,0,0.6000000000000001,2,15,6,0,0,0.2685714285714286,0,0,0.6494181386923873,3,14.0,3,0.21428571428571427,0.5,8.0,0.4814833681422241,2.2,1.2,0.7400000000000001
Real Madrid vs Real Betis,Real Betis,1.0,1.0,11.0,5.0,403,346.0,12.0,1,0,990,14.0,11.0,0.45454545454545453,0.858560794044665,1.06,0,0.39,8,13,5,0,0,0.2702857142857143,0,0,0.6569746326113048,1,12.0,1,0.08333333333333333,0.48,6.396,0.3564708878814121,1.8,1.4,0.48000000000000004
Sevilla vs Real Betis,Real Betis,2.0,0.0,7.0,4.0,214,140.0,21.0,2,0,995,18.0,11.0,0.5714285714285714,0.6542056074766355,1.1,0,0.35000000000000003,4,9,4,0,0,0.19714285714285715,0,0,0.44564916965310475,2,21.0,2,0.09523809523809523,0.7241379310344828,11.244827586206895,0.7343785954305206,1.8,1.8,0.36
Valencia vs Real Betis,Real Betis,1.0,1.0,7.0,2.0,566,491.0,10.0,3,0,989,11.0,12.0,0.2857142857142857,0.8674911660777385,1.6,1,0.5700000000000001,2,9,2,0,0,0.2565714285714286,0,0,0.6655751569737064,3,10.0,3,0.3,0.43478260869565216,5.986956521739131,0.3245908755672595,1.6,1.8,0.26
Villarreal vs Real Betis,Real Betis,2.0,2.0,10.0,3.0,561,493.0,10.0,1,0,997,12.0,9.0,0.3,0.8787878787878788,1.18,-1,0.6000000000000001,6,16,3,0,0,0.32571428571428573,0,0,0.7074390521758943,1,10.0,1,0.1,0.47619047619047616,5.395238095238095,0.2784735513073346,1.6,2.0,0.20000000000000007
Alaves vs Real Madrid,Real Madrid,2.0,2.0,11.0,6.0,462,397.0,13.0,1,0,1004,24.0,6.0,0.5454545454545454,0.8593073593073594,1.83,0,0.48,7,13,6,0,0,0.292,0,0,0.6700045568466622,1,13.0,1,0.07692307692307693,0.43333333333333335,6.886666666666667,0.394712444602924,2.0,1.0,0.7
Athletic Club vs Real Madrid,Real Madrid,3.0,3.0,12.0,8.0,641,567.0,4.0,0,0,990,24.0,8.0,0.6666666666666666,0.8845553822152886,2.21,1,0.62,7,13,8,0,0,0.348,0,0,0.7499218013833335,0,4.0,0,0.0,0.125,2.025,0.01580408537517192,2.5,0.5,1.1
Atletico Madrid vs Real Madrid,Real Madrid,2.0,2.0,4.0,2.0,538,471.0,14.0,4,0,997,11.0,7.0,0.5,0.8754646840148699,0.66,-2,0.63,2,6,2,0,0,0.2805714285714286,0,0,0.6590356001527984,4,14.0,4,0.2857142857142857,0.7777777777777778,8.355555555555554,0.5091946411288268,2.3333333333333335,1.6666666666666667,0.6666666666666667
Elche vs Real Madrid,Real Madrid,2.0,2.0,17.0,7.0,489,440.0,8.0,1,0,999,17.0,12.0,0.4117647058823529,0.8997955010224948,3.49,0,0.51,8,20,7,0,0,0.3182857142857143,0,0,0.709922813167889,1,8.0,1,0.125,0.27586206896551724,4.355172413793103,0.19741295874399922,2.25,1.5,0.675
Getafe vs Real Madrid,Real Madrid,1.0,1.0,19.0,10.0,636,552.0,11.0,1,0,1006,17.0,6.0,0.5263157894736842,0.8679245283018868,2.3,0,0.76,4,23,10,0,0,0.3611428571428572,0,0,0.7111552466070837,1,11.0,1,0.09090909090909091,0.4782608695652174,5.895652173913043,0.31747480138999323,2.0,1.4,0.5800000000000001
Girona vs Real Madrid,Real Madrid,1.0,0.0,16.0,4.0,605,550.0,13.0,0,0,988,19.0,8.0,0.25,0.9090909090909091,2.53,0,0.6000000000000001,5,25,4,0,0,0.3114285714285715,0,0,0.7296081111870585,0,13.0,0,0.0,0.48148148148148145,6.5962962962962965,0.3720815716638651,1.8,1.2,0.54
Levante vs Real Madrid,Real Madrid,4.0,3.0,21.0,10.0,696,636.0,9.0,1,0,990,22.0,6.0,0.47619047619047616,0.9137931034482759,3.94,0,0.63,7,24,10,0,0,0.352,0,0,0.7852173537291505,1,9.0,1,0.1111111111111111,0.32142857142857145,4.864285714285714,0.23709220838760853,2.0,1.4,0.5800000000000001
Oviedo vs Real Madrid,Real Madrid,3.0,3.0,16.0,10.0,699,644.0,7.0,1,0,990,23.0,9.0,0.625,0.9213161659513591,2.68,0,0.65,9,26,10,0,0,0.38857142857142857,0,0,0.8091543235771833,1,7.0,1,0.14285714285714285,0.21875,3.84375,0.15755374153125162,2.2,0.8,0.8600000000000001
Rayo Vallecano vs Real Madrid,Real Madrid,0.0,0.0,15.0,5.0,445,376.0,7.0,2,0,996,10.0,10.0,0.3333333333333333,0.8449438202247191,0.98,0,0.54,8,21,5,0,0,0.3302857142857143,0,0,0.6659556193855425,2,7.0,2,0.2857142857142857,0.35,4.17,0.18298099943966178,1.8,1.0,0.6000000000000001
Real Madrid vs Barcelona,Real Madrid,2.0,2.0,16.0,10.0,275,223.0,12.0,5,0,1009,24.0,6.0,0.625,0.8109090909090909,3.63,2,0.32,12,23,10,0,0,0.2994285714285714,0,0,0.6231237183868763,5,12.0,5,0.4166666666666667,0.4,7.58,0.44874942692679953,2.0,1.8,0.45999999999999996
Real Madrid vs Celta Vigo,Real Madrid,0.0,0.0,19.0,7.0,585,532.0,6.0,6,2,964,10.0,9.0,0.3684210526315789,0.9094017094017094,2.46,1,0.58,8,23,7,0,0,0.34628571428571425,0,0,0.750816142921406,8,6.0,8,1.3333333333333333,0.3157894736842105,5.463157894736843,0.2837670816029428,1.8,3.4,-0.12
Real Madrid vs Espanyol,Real Madrid,2.0,2.0,11.0,5.0,738,686.0,10.0,2,0,988,16.0,4.0,0.45454545454545453,0.9295392953929539,1.18,0,0.72,5,16,5,0,0,0.35942857142857143,0,0,0.789832304338081,2,10.0,2,0.2,0.5,5.699999999999999,0.30222607101013704,1.4,3.6,-0.3800000000000001
Real Madrid vs Levante,Real Madrid,2.0,1.0,21.0,11.0,713,656.0,12.0,2,0,989,10.0,4.0,0.5238095238095238,0.9200561009817672,2.88,0,0.7000000000000001,8,26,11,0,0,0.3942857142857143,0,0,0.8042636394633147,2,12.0,2,0.16666666666666666,0.8571428571428571,6.771428571428571,0.38573102309030183,1.2,3.8,-0.5399999999999999
Real Madrid vs Mallorca,Real Madrid,2.0,2.0,13.0,7.0,537,480.0,12.0,2,0,989,13.0,7.0,0.5384615384615384,0.8938547486033519,1.82,0,0.58,4,17,7,0,0,0.28914285714285715,0,0,0.6869023116450343,2,12.0,2,0.16666666666666666,0.6,6.72,0.3817227853904539,1.6,3.8,-0.33999999999999986
Real Madrid vs Osasuna,Real Madrid,1.0,0.0,12.0,5.0,721,659.0,10.0,1,0,997,16.0,6.0,0.4166666666666667,0.9140083217753121,1.6400000000000001,0,0.71,7,18,5,0,0,0.38399999999999995,0,0,0.7947234591332701,1,10.0,1,0.1,0.45454545454545453,5.390909090909091,0.2781361575615562,1.4,3.0,-0.19999999999999996
Real Madrid vs Rayo Vallecano,Real Madrid,2.0,1.0,12.0,6.0,582,522.0,6.0,2,0,990,21.0,6.0,0.5,0.8969072164948454,2.21,0,0.5700000000000001,9,16,6,0,0,0.3565714285714286,0,0,0.7529648864429115,2,6.0,2,0.3333333333333333,0.2222222222222222,3.6444444444444444,0.14202027405633946,1.8,1.8,0.36
Real Madrid vs Real Betis,Real Madrid,5.0,5.0,14.0,9.0,636,585.0,10.0,1,0,993,15.0,5.0,0.6428571428571429,0.9198113207547169,2.94,0,0.61,5,19,9,0,0,0.3154285714285714,0,0,0.7466224523573084,1,10.0,1,0.1,0.5,5.3999999999999995,0.2788446844276909,2.4,1.6,0.72
Real Madrid vs Sevilla,Real Madrid,2.0,1.0,15.0,8.0,496,445.0,13.0,2,0,994,13.0,4.0,0.5333333333333333,0.8971774193548387,2.33,1,0.53,6,18,8,0,0,0.2977142857142857,0,0,0.6921977322338103,2,13.0,2,0.15384615384615385,0.7647058823529411,7.252941176470588,0.42325913096632883,2.4,1.6,0.72
Real Madrid vs Valencia,Real Madrid,4.0,2.0,15.0,11.0,715,647.0,14.0,1,0,990,21.0,7.0,0.7333333333333333,0.9048951048951049,2.71,0,0.65,7,21,11,0,0,0.36,0,0,0.7879112115954221,1,14.0,1,0.07142857142857142,0.5,7.3999999999999995,0.4347205949773318,2.8,1.4,0.98
Real Madrid vs Villarreal,Real Madrid,3.0,2.0,17.0,7.0,711,653.0,9.0,2,0,994,26.0,4.0,0.4117647058823529,0.9184247538677919,3.52,0,0.7000000000000001,4,26,7,0,0,0.3371428571428572,0,0,0.7646008481118408,2,9.0,2,0.2222222222222222,0.3,5.159999999999999,0.26013957516173397,3.2,1.6,1.12
Real Sociedad vs Real Madrid,Real Madrid,2.0,1.0,13.0,6.0,314,241.0,7.0,1,1,939,9.0,10.0,0.46153846153846156,0.767515923566879,2.42,0,0.36,4,16,6,0,0,0.20114285714285712,0,0,0.5398983126606325,2,7.0,2,0.2857142857142857,0.3684210526315789,4.173684210526315,0.18326813927488478,3.2,1.6,1.12
Valencia vs Real Madrid,Real Madrid,2.0,2.0,10.0,6.0,557,495.0,13.0,1,0,989,17.0,3.0,0.6,0.8886894075403949,0.96,0,0.6000000000000001,8,11,6,0,0,0.3542857142857143,0,0,0.7299336762012751,1,13.0,1,0.07692307692307693,0.65,6.93,0.3980897559981662,2.6,1.6,0.8200000000000001
Villarreal vs Real Madrid,Real Madrid,2.0,0.0,8.0,4.0,551,483.0,10.0,1,0,990,22.0,11.0,0.5,0.8765880217785844,1.58,0,0.58,6,14,4,0,0,0.31771428571428567,0,0,0.7025797251750066,1,10.0,1,0.1,0.30303030303030304,5.36060606060606,0.2757744013411071,2.6,1.4,0.8800000000000001
Alaves vs Real Sociedad,Real Sociedad,0.0,0.0,8.0,1.0,550,466.0,16.0,2,0,990,22.0,9.0,0.125,0.8472727272727273,1.17,0,0.62,8,10,1,0,0,0.36228571428571427,0,0,0.7065937571200729,2,16.0,2,0.125,0.5161290322580645,8.703225806451613,0.5362913495935494,0.0,2.0,-0.6
Athletic Club vs Real Sociedad,Real Sociedad,1.0,1.0,8.0,6.0,360,273.0,14.0,2,1,989,29.0,11.0,0.75,0.7583333333333333,1.66,0,0.45,3,8,6,0,0,0.22285714285714286,0,0,0.5430764411027569,3,14.0,3,0.21428571428571427,0.35,7.970000000000001,0.47914522948397953,0.5,2.5,-0.5
Barcelona vs Real Sociedad,Real Sociedad,1.0,1.0,5.0,2.0,250,195.0,12.0,2,0,990,25.0,3.0,0.4,0.78,0.97,0,0.25,1,7,2,0,0,0.1142857142857143,0,0,0.4935087719298246,2,12.0,2,0.16666666666666666,0.42857142857142855,6.685714285714285,0.3790506269238886,0.6666666666666666,2.3333333333333335,-0.36666666666666675
Celta Vigo vs Real Sociedad,Real Sociedad,1.0,1.0,11.0,7.0,518,455.0,20.0,3,0,990,8.0,9.0,0.6363636363636364,0.8783783783783784,1.55,0,0.59,10,17,7,0,0,0.37885714285714284,0,0,0.7291641265325476,3,20.0,3,0.15,1.1764705882352942,11.135294117647058,0.7258417808568081,0.75,2.5,-0.375
Elche vs Real Sociedad,Real Sociedad,1.0,0.0,9.0,5.0,335,254.0,15.0,3,0,989,18.0,5.0,0.5555555555555556,0.7582089552238805,1.36,0,0.37,3,13,5,0,0,0.19085714285714284,0,0,0.533615755807429,3,15.0,3,0.2,0.6521739130434783,8.530434782608696,0.5228243705053898,0.8,2.6,-0.38
Getafe vs Real Sociedad,Real Sociedad,2.0,1.0,10.0,5.0,444,356.0,17.0,1,0,1006,23.0,11.0,0.5,0.8018018018018018,1.11,0,0.5700000000000001,4,12,5,0,0,0.28514285714285714,0,0,0.6059134322292217,1,17.0,1,0.058823529411764705,0.5,8.9,0.5516275278895625,1.2,2.4,-0.12
Levante vs Real Sociedad,Real Sociedad,1.0,0.0,12.0,6.0,452,388.0,11.0,2,0,995,18.0,4.0,0.5,0.8584070796460177,1.3800000000000001,0,0.56,10,18,6,0,0,0.3668571428571429,0,0,0.6943664470911792,2,11.0,2,0.18181818181818182,0.5,6.199999999999999,0.34119504864754724,1.2,2.2,-0.06000000000000005
Osasuna vs Real Sociedad,Real Sociedad,3.0,3.0,14.0,9.0,466,390.0,7.0,2,0,997,21.0,10.0,0.6428571428571429,0.8369098712446352,1.6300000000000001,0,0.54,3,19,9,0,0,0.2588571428571429,0,0,0.6222143341185582,2,7.0,2,0.2857142857142857,0.22580645161290322,4.14516129032258,0.1810451211957388,1.6,2.2,0.14
Oviedo vs Real Sociedad,Real Sociedad,0.0,0.0,15.0,6.0,526,446.0,18.0,1,0,990,14.0,4.0,0.4,0.8479087452471483,1.1,0,0.5700000000000001,10,18,6,0,0,0.3708571428571429,0,0,0.7169368287639251,1,18.0,1,0.05555555555555555,1.0,9.5,0.5983903010544548,1.4,1.8,0.15999999999999992
Real Betis vs Real Sociedad,Real Sociedad,1.0,1.0,7.0,5.0,481,385.0,20.0,6,0,990,25.0,14.0,0.7142857142857143,0.8004158004158004,0.67,0,0.5,5,11,5,0,0,0.27142857142857146,0,0,0.6286540154961209,6,20.0,6,0.3,0.5128205128205128,11.902564102564103,0.7856412346249849,1.4,2.4,-0.020000000000000018
Real Sociedad vs Athletic Club,Real Sociedad,3.0,2.0,8.0,5.0,363,267.0,20.0,2,0,990,20.0,5.0,0.625,0.7355371900826446,1.52,0,0.51,6,9,5,0,0,0.2897142857142857,0,0,0.5613776175977133,2,20.0,2,0.1,0.8,10.76,0.6965921247007284,1.6,2.6,0.020000000000000018
Real Sociedad vs Atletico Madrid,Real Sociedad,1.0,1.0,13.0,8.0,413,343.0,11.0,3,0,989,27.0,6.0,0.6153846153846154,0.8305084745762712,1.73,0,0.45,6,18,8,0,0,0.26571428571428574,0,0,0.6276602523257296,3,11.0,3,0.2727272727272727,0.3333333333333333,6.466666666666667,0.36197850338749943,1.6,2.8,-0.039999999999999925
Real Sociedad vs Barcelona,Real Sociedad,2.0,2.0,7.0,6.0,223,148.0,13.0,3,1,988,21.0,8.0,0.8571428571428571,0.6636771300448431,1.01,0,0.28,6,7,6,0,0,0.19771428571428573,0,0,0.47281600863144413,4,13.0,4,0.3076923076923077,0.4482758620689655,7.789655172413793,0.4650895223775205,1.4,3.2,-0.26
Real Sociedad vs Celta Vigo,Real Sociedad,3.0,2.0,5.0,4.0,350,291.0,7.0,1,1,954,21.0,5.0,0.8,0.8314285714285714,1.61,0,0.36,2,10,4,0,0,0.17257142857142854,0,0,0.5663408521303258,2,7.0,2,0.2857142857142857,0.2692307692307692,4.153846153846153,0.18172200170060696,2.0,3.4,-0.020000000000000018
Real Sociedad vs Elche,Real Sociedad,3.0,2.0,10.0,3.0,296,226.0,14.0,0,0,990,15.0,11.0,0.3,0.7635135135135135,2.63,0,0.34,2,11,3,0,0,0.1645714285714286,0,0,0.5120825712930976,0,14.0,0,0.0,0.5384615384615384,7.107692307692307,0.4119387311277689,2.4,2.2,0.5399999999999999
Real Sociedad vs Espanyol,Real Sociedad,2.0,1.0,11.0,7.0,498,433.0,16.0,2,0,990,16.0,5.0,0.6363636363636364,0.8694779116465864,1.09,0,0.62,5,15,7,0,0,0.3194285714285714,0,0,0.6695760485551228,2,16.0,2,0.125,0.7619047619047619,8.752380952380951,0.5401224011585175,2.2,2.2,0.44000000000000006
Real Sociedad vs Girona,Real Sociedad,1.0,1.0,7.0,4.0,494,426.0,20.0,1,0,995,27.0,13.0,0.5714285714285714,0.8623481781376519,0.9500000000000001,0,0.47000000000000003,4,9,4,0,0,0.24514285714285716,0,0,0.6549836128783497,1,20.0,1,0.05,0.5,10.4,0.6685344608017931,2.2,1.8,0.56
Real Sociedad vs Mallorca,Real Sociedad,1.0,1.0,14.0,4.0,548,449.0,13.0,2,0,1004,13.0,2.0,0.2857142857142857,0.8193430656934306,2.7600000000000002,0,0.64,11,17,4,0,0,0.41314285714285715,0,0,0.720448475202605,2,13.0,2,0.15384615384615385,0.8666666666666667,7.273333333333333,0.4248484539758546,2.0,1.4,0.5800000000000001
Real Sociedad vs Rayo Vallecano,Real Sociedad,0.0,0.0,4.0,3.0,421,338.0,13.0,1,0,990,11.0,8.0,0.75,0.8028503562945368,0.79,1,0.51,7,10,3,0,0,0.304,0,0,0.6263625215056644,1,13.0,1,0.07692307692307693,0.6842105263157895,6.936842105263158,0.3986230156921518,1.4,1.2,0.33999999999999997
Real Sociedad vs Real Madrid,Real Sociedad,1.0,0.0,11.0,4.0,521,447.0,17.0,2,0,990,13.0,6.0,0.36363636363636365,0.8579654510556622,2.23,0,0.64,12,23,4,0,0,0.4274285714285714,0,0,0.7391331014676807,2,17.0,2,0.11764705882352941,0.8947368421052632,9.278947368421052,0.5811619109410734,1.0,1.6,0.020000000000000018
Real Sociedad vs Sevilla,Real Sociedad,2.0,0.0,5.0,3.0,303,209.0,19.0,1,0,995,22.0,12.0,0.6,0.6897689768976898,1.61,0,0.4,1,5,3,0,0,0.17428571428571432,0,0,0.4683180724087447,1,19.0,1,0.05263157894736842,0.5588235294117647,9.911764705882353,0.6304824002852631,1.0,1.4,0.08000000000000002
Real Sociedad vs Villarreal,Real Sociedad,2.0,1.0,13.0,7.0,530,456.0,15.0,4,0,1004,16.0,12.0,0.5384615384615384,0.8603773584905661,1.02,0,0.6000000000000001,8,18,7,0,0,0.3542857142857143,0,0,0.7056272757365112,4,15.0,4,0.26666666666666666,0.5357142857142857,8.807142857142857,0.5443904320426148,1.2,2.0,0.0
Valencia vs Real Sociedad,Real Sociedad,1.0,1.0,10.0,3.0,340,294.0,11.0,2,0,990,19.0,4.0,0.3,0.8647058823529412,0.81,0,0.46,7,13,3,0,0,0.28400000000000003,0,0,0.6268391567153178,2,11.0,2,0.18181818181818182,0.4782608695652174,6.195652173913043,0.34085618797243933,1.2,2.0,0.0
Alaves vs Sevilla,Sevilla,2.0,1.0,7.0,3.0,423,340.0,19.0,7,0,1008,20.0,8.0,0.42857142857142855,0.8037825059101655,0.48,0,0.52,4,9,3,0,0,0.2651428571428571,0,0,0.5990090474412982,7,19.0,7,0.3684210526315789,0.6785714285714286,11.735714285714286,0.7726373010617318,2.0,7.0,-1.1
Athletic Club vs Sevilla,Sevilla,2.0,2.0,10.0,6.0,477,396.0,12.0,2,0,998,18.0,12.0,0.6,0.8301886792452831,1.01,0,0.54,1,12,6,0,0,0.23028571428571432,0,0,0.6039414574171277,2,12.0,2,0.16666666666666666,0.4,6.68,0.3786052671794611,2.0,4.5,-0.34999999999999987
Atletico Madrid vs Sevilla,Sevilla,0.0,0.0,9.0,2.0,531,453.0,12.0,3,0,990,24.0,4.0,0.2222222222222222,0.8531073446327684,0.46,0,0.53,4,10,2,0,0,0.26914285714285713,0,0,0.6642729705619982,3,12.0,3,0.25,0.42857142857142855,6.985714285714286,0.4024320135063348,1.3333333333333333,4.0,-0.5333333333333333
Elche vs Sevilla,Sevilla,2.0,0.0,19.0,8.0,328,260.0,12.0,1,0,990,20.0,13.0,0.42105263157894735,0.7926829268292683,3.0,0,0.5,7,25,8,0,0,0.3,0,0,0.5863164007579925,1,12.0,1,0.08333333333333333,0.36363636363636365,6.372727272727272,0.35465705910410716,1.5,3.25,-0.22499999999999998
Espanyol vs Sevilla,Sevilla,0.0,0.0,14.0,6.0,493,415.0,7.0,1,0,990,18.0,2.0,0.42857142857142855,0.8417849898580122,1.82,0,0.67,13,22,6,0,0,0.45371428571428574,0,0,0.7300403646031915,1,7.0,1,0.14285714285714285,0.35,3.8699999999999997,0.1595996128572156,1.2,2.8,-0.24
Girona vs Sevilla,Sevilla,2.0,2.0,10.0,4.0,322,254.0,14.0,1,0,1002,17.0,3.0,0.4,0.7888198757763976,1.26,1,0.41000000000000003,3,13,4,0,0,0.20685714285714288,0,0,0.5440339980385748,1,14.0,1,0.07142857142857142,0.7,7.4399999999999995,0.4378381131883246,1.2,1.6,0.12
Mallorca vs Sevilla,Sevilla,1.0,1.0,7.0,5.0,558,473.0,8.0,1,0,990,16.0,5.0,0.7142857142857143,0.8476702508960573,1.13,-1,0.67,8,15,5,0,0,0.3822857142857143,0,0,0.7098000377287303,1,8.0,1,0.125,0.38095238095238093,4.376190476190476,0.19905106355108904,1.0,1.4,0.08000000000000002
Rayo Vallecano vs Sevilla,Sevilla,1.0,1.0,2.0,1.0,279,193.0,15.0,1,0,989,15.0,8.0,0.5,0.6917562724014337,0.63,1,0.36,4,4,1,0,0,0.20114285714285712,0,0,0.4888605923410677,1,15.0,1,0.06666666666666667,0.6521739130434783,7.930434782608695,0.4760615973404974,1.2,1.0,0.3
Real Madrid vs Sevilla,Sevilla,0.0,0.0,10.0,5.0,437,386.0,19.0,5,1,983,16.0,8.0,0.5,0.8832951945080092,1.56,1,0.47000000000000003,5,14,5,0,0,0.25942857142857145,0,0,0.6535523591587664,6,19.0,6,0.3157894736842105,0.7916666666666666,11.458333333333334,0.7510187968009782,0.8,2.0,-0.19999999999999996
Real Sociedad vs Sevilla,Sevilla,1.0,1.0,4.0,1.0,464,358.0,14.0,3,0,990,13.0,8.0,0.25,0.771551724137931,0.23,0,0.6000000000000001,9,6,1,0,0,0.3685714285714286,0,0,0.6459262380088152,3,14.0,3,0.21428571428571427,0.6666666666666666,8.033333333333333,0.4840812999847181,1.0,2.4,-0.21999999999999997
Sevilla vs Athletic Club,Sevilla,2.0,1.0,9.0,7.0,372,278.0,16.0,2,0,990,20.0,13.0,0.7777777777777778,0.7473118279569892,2.07,0,0.5,5,10,7,0,0,0.27142857142857146,0,0,0.5611245856576925,2,16.0,2,0.125,0.48484848484848486,8.696969696969697,0.5358037612125535,1.0,2.6,-0.28
Sevilla vs Barcelona,Sevilla,4.0,3.0,11.0,5.0,266,205.0,18.0,7,0,997,18.0,8.0,0.45454545454545453,0.7706766917293233,2.8,0,0.39,7,13,5,0,0,0.256,0,0,0.5520050125313283,7,18.0,7,0.3888888888888889,0.6923076923076923,11.238461538461538,0.7338824386860655,1.6,3.8,-0.33999999999999986
Sevilla vs Celta Vigo,Sevilla,0.0,0.0,4.0,2.0,451,392.0,16.0,3,0,995,17.0,11.0,0.5,0.8691796008869179,0.27,0,0.59,6,7,2,0,0,0.3217142857142857,0,0,0.6612815297667672,3,16.0,3,0.1875,0.5714285714285714,9.014285714285714,0.5605347227781134,1.4,4.2,-0.56
Sevilla vs Elche,Sevilla,2.0,2.0,5.0,3.0,392,339.0,23.0,4,0,990,22.0,9.0,0.6,0.8647959183673469,0.4,0,0.53,2,7,3,0,0,0.2405714285714286,0,0,0.5988139992839241,4,23.0,4,0.17391304347826086,0.7419354838709677,12.848387096774193,0.8593567448456276,1.8,3.8,-0.23999999999999988
Sevilla vs Getafe,Sevilla,0.0,0.0,11.0,3.0,533,453.0,10.0,2,0,998,24.0,5.0,0.2727272727272727,0.849906191369606,0.51,0,0.71,5,12,3,0,0,0.3554285714285714,0,0,0.6729480831534747,2,10.0,2,0.2,0.3448275862068966,5.668965517241379,0.29980730688091844,1.6,3.6,-0.28
Sevilla vs Girona,Sevilla,1.0,0.0,10.0,3.0,432,372.0,16.0,3,0,990,20.0,6.0,0.3,0.8611111111111112,0.78,0,0.51,5,11,3,0,0,0.27542857142857147,0,0,0.6405806182121971,3,16.0,3,0.1875,0.6153846153846154,9.023076923076923,0.5612198916156942,1.4,3.8,-0.43999999999999995
Sevilla vs Levante,Sevilla,0.0,0.0,10.0,7.0,509,439.0,16.0,3,0,990,11.0,12.0,0.7,0.862475442043222,1.7,2,0.64,5,15,7,0,0,0.3274285714285714,0,0,0.6702101520993053,3,16.0,3,0.1875,0.6956521739130435,9.039130434782608,0.5624710694930157,0.6,3.0,-0.5999999999999999
Sevilla vs Mallorca,Sevilla,1.0,1.0,6.0,4.0,413,341.0,16.0,2,0,999,15.0,9.0,0.6666666666666666,0.8256658595641646,1.26,0,0.58,9,13,4,0,0,0.36057142857142854,0,0,0.6538103733911049,2,16.0,2,0.125,0.6666666666666666,8.733333333333333,0.5386378686770924,0.8,2.8,-0.43999999999999995
Sevilla vs Osasuna,Sevilla,1.0,0.0,6.0,4.0,323,255.0,21.0,5,0,1009,24.0,5.0,0.6666666666666666,0.7894736842105263,1.7,0,0.47000000000000003,5,10,4,0,0,0.25942857142857145,0,0,0.5637844611528822,5,21.0,5,0.23809523809523808,0.7241379310344828,12.144827586206896,0.8045227551778591,0.6,3.0,-0.5999999999999999
Sevilla vs Oviedo,Sevilla,4.0,3.0,9.0,7.0,430,360.0,11.0,1,0,990,14.0,7.0,0.7777777777777778,0.8372093023255814,2.03,-1,0.56,5,13,7,0,0,0.2954285714285715,0,0,0.6278778341201843,1,11.0,1,0.09090909090909091,0.5238095238095238,5.904761904761904,0.3181847951854574,1.4,2.8,-0.14
Sevilla vs Real Betis,Sevilla,0.0,0.0,7.0,3.0,419,326.0,14.0,2,1,984,15.0,10.0,0.42857142857142855,0.7780429594272077,0.35000000000000003,0,0.65,6,9,3,0,0,0.3457142857142857,0,0,0.6036831338489422,3,14.0,3,0.21428571428571427,0.56,8.012,0.48241862360552196,1.2,2.8,-0.24
Sevilla vs Villarreal,Sevilla,1.0,0.0,8.0,2.0,599,523.0,17.0,1,0,978,23.0,10.0,0.25,0.8731218697829716,0.97,0,0.65,3,16,2,0,0,0.3028571428571429,0,0,0.6903203333877264,1,17.0,1,0.058823529411764705,0.5151515151515151,8.903030303030304,0.5518637035116075,1.4,2.4,-0.020000000000000018
Valencia vs Sevilla,Sevilla,0.0,0.0,4.0,1.0,446,345.0,18.0,6,0,1004,24.0,8.0,0.25,0.773542600896861,0.32,0,0.52,2,4,1,0,0,0.2365714285714286,0,0,0.5734880924283804,6,18.0,6,0.3333333333333333,0.5625,10.912500000000001,0.7084776628801387,1.2,3.2,-0.36
Alaves vs Valencia,Valencia,0.0,0.0,5.0,2.0,309,216.0,20.0,2,0,990,18.0,4.0,0.4,0.6990291262135923,0.45,0,0.37,0,5,2,0,0,0.148,0,0,0.4656799766406307,2,20.0,2,0.1,0.9090909090909091,10.781818181818181,0.6982925891794518,0.0,2.0,-0.6
Atletico Madrid vs Valencia,Valencia,1.0,1.0,9.0,2.0,516,438.0,11.0,1,0,990,14.0,8.0,0.2222222222222222,0.8488372093023255,1.17,0,0.54,7,13,2,0,0,0.316,0,0,0.6850702337238445,1,11.0,1,0.09090909090909091,0.5,5.8999999999999995,0.31781366206510114,0.5,1.5,-0.19999999999999996
Barcelona vs Valencia,Valencia,0.0,0.0,2.0,1.0,248,168.0,8.0,1,0,990,19.0,4.0,0.5,0.6774193548387096,0.18,-3,0.28,4,2,1,0,0,0.16914285714285715,0,0,0.47003799822135983,1,8.0,1,0.125,0.34782608695652173,4.369565217391304,0.19853470442711504,0.3333333333333333,1.3333333333333333,-0.2333333333333333
Celta Vigo vs Valencia,Valencia,1.0,0.0,13.0,5.0,574,515.0,9.0,3,0,990,9.0,7.0,0.38461538461538464,0.8972125435540069,1.94,0,0.6000000000000001,4,16,5,0,0,0.29714285714285715,0,0,0.702490983556452,3,9.0,3,0.3333333333333333,0.5625,5.5125,0.28761270439610825,0.5,1.75,-0.275
Espanyol vs Valencia,Valencia,2.0,2.0,4.0,2.0,369,281.0,9.0,4,0,990,25.0,9.0,0.5,0.7615176151761518,0.74,0,0.44,3,5,2,0,0,0.21885714285714286,0,0,0.5480520406707826,4,9.0,4,0.4444444444444444,0.2647058823529412,5.752941176470588,0.30635219805409813,0.8,2.2,-0.26
Getafe vs Valencia,Valencia,1.0,1.0,4.0,1.0,305,204.0,18.0,3,0,1008,13.0,1.0,0.25,0.6688524590163935,0.89,0,0.45,3,7,1,0,0,0.22285714285714286,0,0,0.47765931221496366,3,18.0,3,0.16666666666666666,1.2857142857142858,10.157142857142858,0.6496066716636225,1.0,2.4,-0.21999999999999997
Girona vs Valencia,Valencia,1.0,1.0,14.0,6.0,461,385.0,12.0,1,0,1001,10.0,5.0,0.42857142857142855,0.8351409978308026,1.14,0,0.55,7,19,6,0,0,0.32,0,0,0.6575454362587597,1,12.0,1,0.08333333333333333,0.8,6.46,0.3614589170190006,1.0,2.4,-0.21999999999999997
Osasuna vs Valencia,Valencia,0.0,0.0,3.0,1.0,370,296.0,13.0,1,1,922,12.0,5.0,0.3333333333333333,0.8,0.41000000000000003,0,0.44,4,4,1,0,0,0.23314285714285715,0,0,0.5771929824561404,2,13.0,2,0.15384615384615385,0.7647058823529411,7.252941176470588,0.42325913096632883,1.0,2.6,-0.28
Rayo Vallecano vs Valencia,Valencia,1.0,0.0,6.0,2.0,349,284.0,9.0,1,0,988,10.0,5.0,0.3333333333333333,0.8137535816618912,0.63,0,0.44,5,10,2,0,0,0.24742857142857144,0,0,0.5856988459687902,1,9.0,1,0.1111111111111111,0.6,4.92,0.24143446589577713,1.0,2.2,-0.16000000000000003
Real Betis vs Valencia,Valencia,1.0,1.0,11.0,4.0,405,332.0,13.0,4,0,990,16.0,9.0,0.36363636363636365,0.8197530864197531,1.9000000000000001,-1,0.47000000000000003,5,15,4,0,0,0.25942857142857145,0,0,0.6097512299266685,4,13.0,4,0.3076923076923077,0.52,7.804,0.4662075289083593,0.8,2.2,-0.26
Real Madrid vs Valencia,Valencia,0.0,0.0,3.0,1.0,381,317.0,7.0,1,0,990,23.0,12.0,0.3333333333333333,0.8320209973753281,0.49,0,0.35000000000000003,1,4,1,0,0,0.1542857142857143,0,0,0.5687673909182405,1,7.0,1,0.14285714285714285,0.2,3.84,0.15726147419897105,0.6,1.8,-0.24000000000000005
Valencia vs Athletic Club,Valencia,2.0,2.0,11.0,5.0,378,296.0,13.0,1,0,990,20.0,16.0,0.45454545454545453,0.783068783068783,1.8800000000000001,0,0.44,5,13,5,0,0,0.24742857142857144,0,0,0.5812587023113338,1,13.0,1,0.07692307692307693,0.3611111111111111,6.872222222222222,0.3935866741378432,0.8,1.8,-0.14
Valencia vs Elche,Valencia,1.0,0.0,13.0,4.0,312,240.0,14.0,2,0,990,13.0,8.0,0.3076923076923077,0.7692307692307693,1.96,0,0.39,8,16,4,0,0,0.2702857142857143,0,0,0.5780990938885675,2,14.0,2,0.14285714285714285,0.6666666666666666,7.733333333333333,0.460699913402272,1.0,1.8,-0.040000000000000036
Valencia vs Espanyol,Valencia,3.0,2.0,7.0,5.0,369,267.0,13.0,1,0,1014,17.0,14.0,0.7142857142857143,0.7235772357723578,2.55,0,0.47000000000000003,2,10,5,0,0,0.21657142857142858,0,0,0.5195580414450761,1,13.0,1,0.07692307692307693,0.41935483870967744,6.883870967741935,0.39449455354516644,1.4,1.8,0.15999999999999992
Valencia vs Getafe,Valencia,3.0,3.0,5.0,4.0,408,332.0,18.0,2,0,1006,13.0,3.0,0.8,0.8137254901960784,1.13,-1,0.5700000000000001,8,7,4,0,0,0.3422857142857143,0,0,0.636436679935132,2,18.0,2,0.1111111111111111,1.125,9.825,0.6237201365187712,1.8,1.4,0.48000000000000004
Valencia vs Levante,Valencia,1.0,1.0,8.0,3.0,525,456.0,16.0,4,0,1017,17.0,12.0,0.375,0.8685714285714285,1.49,0,0.59,7,14,3,0,0,0.33599999999999997,0,0,0.6983208020050125,4,16.0,4,0.25,0.5517241379310345,9.310344827586206,0.5836089647092302,2.0,2.0,0.4
Valencia vs Mallorca,Valencia,1.0,1.0,7.0,2.0,568,502.0,10.0,2,0,997,10.0,1.0,0.2857142857142857,0.8838028169014085,1.42,0,0.71,12,17,2,0,0,0.4554285714285714,0,0,0.7697209573228847,2,10.0,2,0.2,0.9090909090909091,5.781818181818181,0.3086028128053496,1.8,2.2,0.24
Valencia vs Oviedo,Valencia,1.0,1.0,13.0,5.0,541,473.0,14.0,1,0,1000,10.0,10.0,0.38461538461538464,0.8743068391866913,1.51,0,0.5700000000000001,5,16,5,0,0,0.2994285714285715,0,0,0.6881559258590098,1,14.0,1,0.07142857142857142,0.7,7.4399999999999995,0.4378381131883246,1.8,2.0,0.30000000000000004
Valencia vs Real Betis,Valencia,1.0,0.0,10.0,4.0,420,354.0,13.0,4,0,990,10.0,10.0,0.4,0.8428571428571429,1.94,1,0.43,7,17,4,0,0,0.272,0,0,0.6459899749373433,4,13.0,4,0.3076923076923077,0.65,7.83,0.4682339157455046,1.4,2.6,-0.08000000000000007
Valencia vs Real Madrid,Valencia,0.0,0.0,5.0,0.0,359,283.0,10.0,1,0,990,18.0,10.0,0.0,0.7883008356545961,0.44,0,0.4,5,7,0,0,0,0.23142857142857146,0,0,0.5767318714613832,1,10.0,1,0.1,0.35714285714285715,5.371428571428571,0.2766178857055532,0.8,2.4,-0.31999999999999995
Valencia vs Real Sociedad,Valencia,1.0,1.0,9.0,2.0,395,341.0,5.0,1,0,996,12.0,5.0,0.2222222222222222,0.8632911392405064,2.04,0,0.54,8,18,2,0,0,0.3302857142857143,0,0,0.6563322864122332,1,5.0,1,0.2,0.29411764705882354,2.8588235294117643,0.08079058631755895,0.8,1.8,-0.14
Valencia vs Sevilla,Valencia,1.0,1.0,8.0,3.0,409,321.0,12.0,3,0,990,10.0,7.0,0.375,0.784841075794621,1.19,0,0.48,2,11,3,0,0,0.22057142857142858,0,0,0.5652275554411702,3,12.0,3,0.25,0.7058823529411765,7.041176470588236,0.4067546227904846,0.8,2.0,-0.19999999999999996
Valencia vs Villarreal,Valencia,0.0,0.0,9.0,3.0,540,461.0,13.0,2,0,1002,23.0,8.0,0.3333333333333333,0.8537037037037037,0.8,0,0.5700000000000001,7,15,3,0,0,0.328,0,0,0.696526037315511,2,13.0,2,0.15384615384615385,0.41935483870967744,7.183870967741935,0.41787594012761253,0.6,2.2,-0.36000000000000004
Atletico Madrid vs Villarreal,Villarreal,0.0,0.0,5.0,1.0,395,340.0,15.0,4,0,990,12.0,9.0,0.2,0.8607594936708861,1.03,0,0.39,3,8,1,0,0,0.19885714285714287,0,0,0.6074474160083754,4,15.0,4,0.26666666666666666,0.7142857142857143,8.842857142857142,0.547173930445287,0.0,4.0,-1.2
Celta Vigo vs Villarreal,Villarreal,1.0,1.0,7.0,3.0,394,320.0,8.0,1,0,997,28.0,13.0,0.42857142857142855,0.8121827411167513,1.04,0,0.35000000000000003,5,8,3,0,0,0.21142857142857144,0,0,0.6018307189293028,1,8.0,1,0.125,0.1951219512195122,4.339024390243902,0.19615441480684484,0.5,2.5,-0.5
Elche vs Villarreal,Villarreal,3.0,3.0,10.0,4.0,220,164.0,11.0,3,0,990,23.0,5.0,0.4,0.7454545454545455,1.52,0,0.22,2,12,4,0,0,0.11657142857142858,0,0,0.474481658692185,3,11.0,3,0.2727272727272727,0.39285714285714285,6.478571428571429,0.36290633618839013,1.3333333333333333,2.6666666666666665,-0.1333333333333333
Espanyol vs Villarreal,Villarreal,2.0,1.0,6.0,3.0,483,418.0,9.0,2,0,998,18.0,6.0,0.5,0.865424430641822,1.61,0,0.45,2,9,3,0,0,0.20857142857142857,0,0,0.6333387817369511,2,9.0,2,0.2222222222222222,0.375,5.175,0.26130864449085633,1.5,2.5,0.0
Osasuna vs Villarreal,Villarreal,2.0,1.0,5.0,4.0,445,353.0,7.0,2,0,996,17.0,5.0,0.8,0.7932584269662921,0.92,0,0.53,2,5,4,0,0,0.2405714285714286,0,0,0.5829700656134719,2,7.0,2,0.2857142857142857,0.3181818181818182,4.163636363636363,0.18248503063336743,1.6,2.4,0.08000000000000007
Real Betis vs Villarreal,Villarreal,0.0,0.0,8.0,3.0,356,276.0,13.0,2,1,976,19.0,12.0,0.375,0.7752808988764045,0.99,0,0.4,3,9,3,0,0,0.20285714285714287,0,0,0.5500464644757962,3,13.0,3,0.23076923076923078,0.41935483870967744,7.483870967741936,0.44125732671005874,1.6,2.2,0.14
Real Madrid vs Villarreal,Villarreal,1.0,1.0,5.0,2.0,317,256.0,14.0,4,1,981,29.0,6.0,0.4,0.807570977917981,1.0,0,0.30000000000000004,0,9,2,0,0,0.12000000000000002,0,0,0.5229584212898176,5,14.0,5,0.35714285714285715,0.4,8.58,0.5266873822016199,1.6,3.0,-0.09999999999999987
Real Sociedad vs Villarreal,Villarreal,3.0,2.0,9.0,5.0,358,277.0,18.0,8,0,997,23.0,14.0,0.5555555555555556,0.7737430167597765,1.51,0,0.4,2,10,5,0,0,0.1885714285714286,0,0,0.5405055935929209,8,18.0,8,0.4444444444444444,0.4864864864864865,11.497297297297298,0.7540555684817313,1.6,4.0,-0.3999999999999999
Sevilla vs Villarreal,Villarreal,2.0,2.0,9.0,5.0,324,264.0,14.0,3,0,1004,18.0,10.0,0.5555555555555556,0.8148148148148148,1.95,0,0.35000000000000003,3,12,5,0,0,0.18285714285714286,0,0,0.5577833472570314,3,14.0,3,0.21428571428571427,0.5,8.0,0.4814833681422241,1.6,4.2,-0.45999999999999996
Valencia vs Villarreal,Villarreal,2.0,0.0,9.0,5.0,416,359.0,14.0,4,0,996,12.0,12.0,0.5555555555555556,0.8629807692307693,2.18,0,0.43,5,12,5,0,0,0.24342857142857144,0,0,0.6355004096780412,4,14.0,4,0.2857142857142857,0.5833333333333334,8.316666666666666,0.5061637206459172,1.6,4.6,-0.5799999999999998
Villarreal vs Alaves,Villarreal,3.0,1.0,9.0,4.0,446,350.0,10.0,0,0,990,22.0,10.0,0.4444444444444444,0.7847533632286996,1.5,0,0.44,1,11,4,0,0,0.1902857142857143,0,0,0.5695696640704901,0,10.0,0,0.0,0.3125,5.0625,0.25254062452243903,2.2,4.0,-0.09999999999999987
Villarreal vs Athletic Club,Villarreal,1.0,0.0,11.0,5.0,372,302.0,13.0,2,0,989,22.0,7.0,0.45454545454545453,0.8118279569892473,1.22,0,0.42,6,14,5,0,0,0.2537142857142857,0,0,0.6029064596976311,2,13.0,2,0.15384615384615385,0.4482758620689655,7.189655172413793,0.4183267492126282,2.2,3.4,0.08000000000000007
Villarreal vs Barcelona,Villarreal,0.0,0.0,11.0,5.0,197,135.0,10.0,1,1,939,14.0,9.0,0.45454545454545453,0.6852791878172588,1.66,0,0.21,5,14,5,0,0,0.15542857142857142,0,0,0.46431879190361686,2,10.0,2,0.2,0.43478260869565216,5.6869565217391305,0.3012094889848133,1.6,2.2,0.14
Villarreal vs Espanyol,Villarreal,3.0,3.0,7.0,3.0,426,378.0,18.0,3,0,1023,10.0,9.0,0.42857142857142855,0.8873239436619719,0.76,-2,0.49,5,10,3,0,0,0.26742857142857146,0,0,0.6514313953898831,3,18.0,3,0.16666666666666666,0.9473684210526315,10.089473684210526,0.6443326746901383,1.8,2.2,0.24
Villarreal vs Getafe,Villarreal,2.0,1.0,7.0,5.0,491,398.0,19.0,2,0,990,18.0,8.0,0.7142857142857143,0.8105906313645621,0.61,-1,0.61,5,10,5,0,0,0.3154285714285714,0,0,0.6375008294667421,2,19.0,2,0.10526315789473684,0.7307692307692307,10.246153846153845,0.6565440061441283,1.8,1.8,0.36
Villarreal vs Girona,Villarreal,5.0,4.0,14.0,7.0,517,467.0,8.0,1,0,990,22.0,5.0,0.5,0.9032882011605415,2.3,-3,0.53,8,19,7,0,0,0.3262857142857143,0,0,0.722195479026386,1,8.0,1,0.125,0.2962962962962963,4.359259259259259,0.19773147912315558,2.2,2.0,0.5000000000000001
Villarreal vs Mallorca,Villarreal,2.0,1.0,11.0,7.0,516,430.0,17.0,2,0,990,17.0,10.0,0.6363636363636364,0.8333333333333334,2.23,0,0.58,3,14,7,0,0,0.27485714285714286,0,0,0.6392230576441102,2,17.0,2,0.11764705882352941,0.6296296296296297,9.225925925925926,0.5770295281272818,2.4,2.0,0.6
Villarreal vs Osasuna,Villarreal,2.0,2.0,20.0,8.0,502,444.0,10.0,2,0,990,15.0,5.0,0.4,0.8844621513944223,2.55,1,0.66,7,26,8,0,0,0.364,0,0,0.697619546875156,2,10.0,2,0.2,0.5,5.699999999999999,0.30222607101013704,2.8,2.0,0.7999999999999999
Villarreal vs Oviedo,Villarreal,2.0,1.0,21.0,10.0,668,612.0,10.0,1,0,990,11.0,14.0,0.47619047619047616,0.9161676646706587,2.44,0,0.68,10,25,10,0,0,0.41485714285714287,0,0,0.8044497471222968,1,10.0,1,0.1,0.4,5.38,0.27728592532219454,2.6,1.6,0.8200000000000001
Villarreal vs Rayo Vallecano,Villarreal,4.0,3.0,13.0,7.0,426,371.0,7.0,1,0,990,10.0,10.0,0.5384615384615384,0.8708920187793427,3.02,-1,0.47000000000000003,3,16,7,0,0,0.23085714285714287,0,0,0.6241678139009496,1,7.0,1,0.14285714285714285,0.35,3.8699999999999997,0.1595996128572156,3.0,1.4,1.08
Villarreal vs Real Betis,Villarreal,2.0,2.0,7.0,3.0,372,293.0,13.0,1,0,990,11.0,5.0,0.42857142857142855,0.7876344086021505,0.66,-1,0.4,5,7,3,0,0,0.23142857142857146,0,0,0.5812858759802733,1,13.0,1,0.07692307692307693,0.8125,6.9624999999999995,0.4006227395445979,2.4,1.4,0.78
Villarreal vs Real Madrid,Villarreal,0.0,0.0,5.0,1.0,384,311.0,19.0,3,0,990,35.0,11.0,0.2,0.8098958333333334,0.58,0,0.42,6,8,1,0,0,0.2537142857142857,0,0,0.6064516760651629,3,19.0,3,0.15789473684210525,0.41304347826086957,10.482608695652175,0.6749728136288435,2.0,1.6,0.52
