fixture,team,goals,assists,shots_total_x,shots_on_x,passes_total,accurate_passes,fouls_committed,yellow_cards,red_cards,minutes,tackles,interceptions,shots_accuracy_for,pass_accuracy_team,expected_goals,goals_prevented,possession,corners,shots_total_y,shots_on_y,shots_on,shots_total,dominance_index,goal_conversion_rate,shot_on_target_ratio,control_index,cards_total,fouls_per_90_team,cards_per_90_team,cards_per_foul_team,fouls_per_duel_team,aggression_index_raw,aggression_index_norm,avg_goals_last_5,avg_cards_last_5,form_index_team
Angers vs Auxerre,Angers,1.0,0.0,8.0,5.0,444,373.0,19.0,2,0,990,14.0,10.0,0.625,0.8400900900900901,0.66,-1,0.49,3,9,5,0,0,0.25225,0,0,0.5933248615588065,2,19.0,2,0.10526315789473684,0.7916666666666666,10.258333333333333,0.7322557717758933,1.0,2.0,-0.09999999999999998
Angers vs Lens,Angers,1.0,0.0,7.0,5.0,425,330.0,7.0,1,0,990,26.0,15.0,0.7142857142857143,0.7764705882352941,1.16,0,0.45,2,7,5,0,0,0.21750000000000003,0,0,0.5432047130778918,1,7.0,1,0.14285714285714285,0.17073170731707318,3.8341463414634145,0.19378414018442425,1.0,1.5,0.050000000000000044
Angers vs Lorient,Angers,2.0,2.0,5.0,4.0,375,314.0,14.0,1,0,988,15.0,10.0,0.8,0.8373333333333334,0.93,-1,0.37,1,7,4,0,0,0.16674999999999998,0,0,0.5458455657492355,1,14.0,1,0.07142857142857142,0.56,7.412,0.49367776089407384,1.3333333333333333,1.3333333333333333,0.26666666666666666
Angers vs Marseille,Angers,2.0,1.0,5.0,3.0,356,301.0,9.0,1,0,996,22.0,2.0,0.6,0.8455056179775281,0.9400000000000001,0,0.34,6,7,3,0,0,0.2485,0,0,0.606621310517816,1,9.0,1,0.1111111111111111,0.375,4.875,0.28102789078966717,1.5,1.25,0.375
Angers vs Metz,Angers,1.0,1.0,12.0,7.0,666,613.0,11.0,2,0,990,16.0,10.0,0.5833333333333334,0.9204204204204204,1.5,0,0.67,4,17,7,0,0,0.343,0,0,0.7138799349808524,2,11.0,2,0.18181818181818182,0.4230769230769231,6.184615384615384,0.39079909355876213,1.4,1.4,0.27999999999999997
Angers vs Monaco,Angers,1.0,1.0,7.0,3.0,397,327.0,15.0,2,0,990,18.0,11.0,0.42857142857142855,0.8236775818639799,1.77,0,0.42,10,16,3,0,0,0.35550000000000004,0,0,0.6582455187607361,2,15.0,2,0.13333333333333333,0.5172413793103449,8.203448275862069,0.5600164968248683,1.4,1.4,0.27999999999999997
Angers vs Nantes,Angers,4.0,1.0,15.0,9.0,483,413.0,17.0,1,0,989,19.0,10.0,0.6,0.855072463768116,2.39,0,0.54,6,20,9,0,0,0.3285,0,0,0.6502426539024067,1,17.0,1,0.058823529411764705,0.5862068965517241,8.917241379310346,0.6198462211960537,2.0,1.4,0.5800000000000001
Angers vs Paris FC,Angers,1.0,1.0,5.0,2.0,277,206.0,14.0,2,1,971,20.0,4.0,0.4,0.7436823104693141,0.97,0,0.32,3,8,2,0,0,0.18425,0,0,0.49405063535698124,3,14.0,3,0.21428571428571427,0.5833333333333334,8.016666666666667,0.5443605705602668,1.8,1.8,0.36
Angers vs Rennes,Angers,1.0,1.0,10.0,7.0,383,334.0,9.0,2,0,990,15.0,4.0,0.7,0.8720626631853786,1.23,0,0.37,1,10,7,0,0,0.16674999999999998,0,0,0.5656567138556862,2,9.0,2,0.2222222222222222,0.47368421052631576,5.194736842105263,0.30782804764472327,1.6,2.0,0.20000000000000007
Angers vs Stade Brestois 29,Angers,0.0,0.0,7.0,2.0,452,384.0,13.0,1,0,990,8.0,12.0,0.2857142857142857,0.8495575221238938,0.48,0,0.5700000000000001,11,11,2,0,0,0.43425,0,0,0.7005050607561365,1,13.0,1,0.07692307692307693,0.65,6.93,0.453276800156855,1.4,1.8,0.15999999999999992
Angers vs Toulouse,Angers,1.0,1.0,11.0,4.0,473,411.0,11.0,3,0,989,19.0,11.0,0.36363636363636365,0.86892177589852,1.03,0,0.51,3,12,4,0,0,0.26025,0,0,0.6166092059920735,3,11.0,3,0.2727272727272727,0.36666666666666664,6.473333333333334,0.41499926474192445,1.4,2.0,0.09999999999999998
Le Havre vs Angers,Angers,1.0,1.0,6.0,3.0,407,311.0,8.0,1,0,989,16.0,10.0,0.5,0.7641277641277642,0.55,0,0.5,6,9,3,0,0,0.3125,0,0,0.5815287138681635,1,8.0,1,0.125,0.3076923076923077,4.361538461538461,0.2379898421268942,0.8,2.0,-0.19999999999999996
Lille vs Angers,Angers,0.0,0.0,2.0,1.0,469,396.0,10.0,0,0,1000,13.0,10.0,0.5,0.8443496801705757,0.37,0,0.46,2,6,1,0,0,0.22150000000000003,0,0,0.5905999165378872,0,10.0,0,0.0,0.43478260869565216,5.086956521739131,0.2987939636377586,0.6,1.4,-0.12
Lyon vs Angers,Angers,0.0,0.0,5.0,1.0,283,226.0,10.0,2,0,989,13.0,7.0,0.2,0.7985865724381626,1.18,1,0.33,4,10,2,0,0,0.20700000000000002,0,0,0.5358376287267266,2,10.0,2,0.2,0.5,5.699999999999999,0.3501789127983922,0.4,1.4,-0.21999999999999997
Marseille vs Angers,Angers,2.0,0.0,8.0,6.0,427,349.0,7.0,1,0,990,16.0,6.0,0.75,0.8173302107728337,1.04,0,0.41000000000000003,5,12,6,0,0,0.25775000000000003,0,0,0.6017461451417685,1,7.0,1,0.14285714285714285,0.3181818181818182,3.8636363636363633,0.19625597675693257,0.8,1.4,-0.019999999999999962
Metz vs Angers,Angers,1.0,0.0,10.0,4.0,443,387.0,7.0,1,0,990,24.0,6.0,0.4,0.873589164785553,2.27,2,0.45,3,10,4,0,0,0.23625000000000002,0,0,0.6097685885089844,1,7.0,1,0.14285714285714285,0.23333333333333334,3.8466666666666667,0.19483358658889272,0.8,1.0,0.10000000000000003
Nice vs Angers,Angers,1.0,1.0,6.0,4.0,534,454.0,9.0,1,0,1000,23.0,11.0,0.6666666666666666,0.850187265917603,0.8300000000000001,1,0.5,1,8,4,0,0,0.21875,0,0,0.6008963852523794,1,9.0,1,0.1111111111111111,0.2647058823529412,4.852941176470588,0.27917893298194724,0.8,1.0,0.10000000000000003
Paris FC vs Angers,Angers,0.0,0.0,5.0,1.0,365,287.0,7.0,1,0,1008,15.0,12.0,0.2,0.7863013698630137,0.64,0,0.37,1,7,1,0,0,0.16674999999999998,0,0,0.5172714800385404,1,7.0,1,0.14285714285714285,0.25925925925925924,3.8518518518518516,0.19526820580690488,0.8,1.2,0.040000000000000036
Paris Saint Germain vs Angers,Angers,0.0,0.0,3.0,0.0,195,141.0,9.0,0,0,995,34.0,14.0,0.0,0.7230769230769231,0.24,0,0.16,0,3,0,0,0,0.064,0,0,0.4211714890613973,0,9.0,0,0.0,0.1875,4.5375,0.25273883633155236,0.8,0.8,0.16000000000000003
Strasbourg vs Angers,Angers,0.0,0.0,2.0,1.0,400,310.0,11.0,2,0,990,20.0,12.0,0.5,0.775,0.32,0,0.34,5,5,1,0,0,0.22975,0,0,0.5723241590214068,2,11.0,2,0.18181818181818182,0.34375,6.168749999999999,0.3894692662124405,0.4,1.0,-0.09999999999999998
Toulouse vs Angers,Angers,1.0,0.0,5.0,2.0,417,333.0,15.0,3,0,988,21.0,15.0,0.4,0.7985611510791367,0.43,1,0.46,1,6,2,0,0,0.20275,0,0,0.5393035113193848,3,15.0,3,0.2,0.4166666666666667,8.483333333333334,0.5834763001813638,0.4,1.4,-0.21999999999999997
Angers vs Auxerre,Auxerre,0.0,0.0,10.0,5.0,465,391.0,14.0,2,0,1002,15.0,13.0,0.5,0.8408602150537634,0.7000000000000001,-1,0.51,3,12,5,0,0,0.26025,0,0,0.600131942389267,2,14.0,2,0.14285714285714285,0.5,7.699999999999999,0.5178177540316651,0.0,2.0,-0.6
Auxerre vs Le Havre,Auxerre,0.0,0.0,7.0,3.0,341,280.0,21.0,2,0,998,8.0,3.0,0.42857142857142855,0.8211143695014663,0.61,1,0.51,13,14,3,0,0,0.44775,0,0,0.6773385303164824,2,21.0,2,0.09523809523809523,1.9090909090909092,11.48181818181818,0.8348075629091265,0.0,2.0,-0.6
Auxerre vs Lens,Auxerre,1.0,0.0,9.0,2.0,514,420.0,10.0,3,0,997,20.0,6.0,0.2222222222222222,0.8171206225680934,1.71,0,0.5700000000000001,2,18,2,0,0,0.2655,0,0,0.5907468556265544,3,10.0,3,0.3,0.38461538461538464,5.976923076923077,0.3733904446614608,0.3333333333333333,2.3333333333333335,-0.5333333333333334
Auxerre vs Lille,Auxerre,2.0,1.0,13.0,8.0,350,300.0,21.0,5,2,965,20.0,9.0,0.6153846153846154,0.8571428571428571,2.97,0,0.45,10,18,8,0,0,0.36750000000000005,0,0,0.6606050677151594,7,21.0,7,0.3333333333333333,0.7241379310344828,12.744827586206895,0.9406722794183516,0.75,3.5,-0.675
Auxerre vs Lorient,Auxerre,1.0,1.0,6.0,3.0,361,291.0,18.0,3,0,1009,27.0,7.0,0.5,0.8060941828254847,1.44,0,0.44,4,7,3,0,0,0.251,0,0,0.563444644929562,3,18.0,3,0.16666666666666666,0.5294117647058824,10.005882352941176,0.7110954768653209,0.8,3.4,-0.62
Auxerre vs Lyon,Auxerre,0.0,0.0,8.0,5.0,237,175.0,10.0,1,0,992,13.0,18.0,0.625,0.7383966244725738,2.07,1,0.30000000000000004,7,12,5,0,0,0.25125000000000003,0,0,0.5291753764564704,1,10.0,1,0.1,0.3225806451612903,5.364516129032258,0.32205884910764965,0.8,3.2,-0.5599999999999999
Auxerre vs Marseille,Auxerre,0.0,0.0,7.0,4.0,450,386.0,12.0,3,1,1001,10.0,7.0,0.5714285714285714,0.8577777777777778,1.17,0,0.49,3,9,4,0,0,0.25225,0,0,0.6040035677879715,4,12.0,4,0.3333333333333333,0.7058823529411765,7.341176470588236,0.48774137369275444,0.8,3.6,-0.68
Auxerre vs Metz,Auxerre,3.0,2.0,11.0,7.0,340,285.0,10.0,2,0,988,18.0,10.0,0.6363636363636364,0.8382352941176471,1.94,0,0.39,5,14,7,0,0,0.24975000000000003,0,0,0.5855931822270193,2,10.0,2,0.2,0.35714285714285715,5.671428571428571,0.34778407220934543,1.2,3.4,-0.42000000000000004
Auxerre vs Monaco,Auxerre,0.0,0.0,6.0,2.0,282,203.0,12.0,3,1,975,25.0,20.0,0.3333333333333333,0.7198581560283688,0.67,0,0.33,5,9,2,0,0,0.22575,0,0,0.5086676101242762,4,12.0,4,0.3333333333333333,0.26666666666666666,7.253333333333334,0.4803784128229009,0.8,2.8,-0.43999999999999995
Auxerre vs Paris FC,Auxerre,0.0,0.0,8.0,2.0,415,340.0,8.0,1,0,990,11.0,6.0,0.25,0.8192771084337349,0.9400000000000001,0,0.49,7,12,2,0,0,0.32725000000000004,0,0,0.6240498692015769,1,8.0,1,0.125,0.47058823529411764,4.394117647058823,0.24072061058137284,0.6,2.4,-0.42
Auxerre vs Paris Saint Germain,Auxerre,0.0,0.0,5.0,0.0,301,232.0,10.0,0,0,996,18.0,9.0,0.0,0.770764119601329,0.33,0,0.31,2,8,0,0,0,0.1615,0,0,0.502430989464273,0,10.0,0,0.0,0.37037037037037035,5.074074074074074,0.29771416433834946,0.6,2.2,-0.36000000000000004
Auxerre vs Toulouse,Auxerre,1.0,1.0,4.0,1.0,300,231.0,12.0,1,1,971,26.0,7.0,0.25,0.77,0.75,0,0.4,3,6,1,0,0,0.21625000000000003,0,0,0.514243119266055,2,12.0,2,0.16666666666666666,0.36363636363636365,6.672727272727272,0.43171234921639307,0.8,1.8,-0.14
Lens vs Auxerre,Auxerre,0.0,0.0,4.0,0.0,434,335.0,20.0,5,0,990,26.0,17.0,0.0,0.771889400921659,0.55,0,0.52,5,5,0,0,0,0.30175,0,0,0.5811664129990558,5,20.0,5,0.25,0.46511627906976744,11.593023255813954,0.8441287077810823,0.2,2.4,-0.62
Nantes vs Auxerre,Auxerre,0.0,0.0,7.0,4.0,439,365.0,11.0,3,0,995,9.0,9.0,0.5714285714285714,0.8314350797266514,0.68,0,0.5700000000000001,9,14,4,0,0,0.39675000000000005,0,0,0.6624683043893196,3,11.0,3,0.2727272727272727,0.6111111111111112,6.522222222222222,0.4190971030831822,0.2,2.2,-0.56
Nice vs Auxerre,Auxerre,1.0,1.0,10.0,8.0,389,309.0,15.0,2,1,946,19.0,5.0,0.8,0.794344473007712,1.51,0,0.45,4,12,8,0,0,0.255,0,0,0.5661324811521741,3,15.0,3,0.2,0.625,8.525,0.5869687760403902,0.4,2.6,-0.5800000000000001
Paris FC vs Auxerre,Auxerre,1.0,1.0,7.0,3.0,419,357.0,17.0,1,0,998,15.0,12.0,0.42857142857142855,0.8520286396181385,1.11,0,0.45,3,11,3,0,0,0.23625000000000002,0,0,0.5916488763839928,1,17.0,1,0.058823529411764705,0.6296296296296297,8.925925925925927,0.6205741548616899,0.6,2.8,-0.54
Paris Saint Germain vs Auxerre,Auxerre,0.0,0.0,7.0,3.0,333,256.0,10.0,2,0,997,25.0,11.0,0.42857142857142855,0.7687687687687688,0.71,0,0.34,5,12,3,0,0,0.22975,0,0,0.5487192467697055,2,10.0,2,0.2,0.2777777777777778,5.655555555555555,0.34645360521543056,0.4,2.8,-0.6399999999999999
Rennes vs Auxerre,Auxerre,2.0,0.0,6.0,4.0,395,308.0,15.0,3,0,990,20.0,9.0,0.6666666666666666,0.779746835443038,1.51,0,0.48,2,7,4,0,0,0.2295,0,0,0.5356685247551581,3,15.0,3,0.2,0.5172413793103449,8.50344827586207,0.5851623230098593,0.8,2.4,-0.31999999999999995
Stade Brestois 29 vs Auxerre,Auxerre,0.0,0.0,6.0,1.0,450,374.0,9.0,2,0,995,15.0,15.0,0.16666666666666666,0.8311111111111111,0.74,0,0.5,6,10,1,0,0,0.3125,0,0,0.628170234454638,2,9.0,2,0.2222222222222222,0.3,5.159999999999999,0.3049164256654085,0.8,2.2,-0.26
Strasbourg vs Auxerre,Auxerre,0.0,0.0,5.0,1.0,380,318.0,16.0,1,0,995,15.0,15.0,0.2,0.8368421052631579,0.43,0,0.36,3,6,1,0,0,0.20024999999999998,0,0,0.5721290037019153,1,16.0,1,0.0625,0.5333333333333333,8.406666666666668,0.577050144600755,0.6,1.8,-0.24000000000000005
Toulouse vs Auxerre,Auxerre,0.0,0.0,6.0,2.0,463,376.0,13.0,2,0,1005,11.0,9.0,0.3333333333333333,0.8120950323974082,0.91,0,0.5,4,8,2,0,0,0.275,0,0,0.5976377302659824,2,13.0,2,0.15384615384615385,0.65,7.2299999999999995,0.47842262634184596,0.4,2.0,-0.39999999999999997
Auxerre vs Le Havre,Le Havre,1.0,0.0,8.0,4.0,349,287.0,12.0,2,0,990,18.0,9.0,0.5,0.8223495702005731,0.9400000000000001,1,0.49,5,9,4,0,0,0.28975,0,0,0.580402613846464,2,12.0,2,0.16666666666666666,0.4444444444444444,6.688888888888888,0.4330670065192882,1.0,2.0,-0.09999999999999998
Le Havre vs Angers,Le Havre,2.0,2.0,9.0,6.0,398,325.0,15.0,1,0,997,19.0,10.0,0.6666666666666666,0.8165829145728644,1.02,0,0.5,6,11,6,0,0,0.3125,0,0,0.6050039955127318,1,15.0,1,0.06666666666666667,0.5172413793103449,7.903448275862069,0.5348706706398774,1.5,1.5,0.30000000000000004
Le Havre vs Lens,Le Havre,1.0,0.0,13.0,6.0,526,438.0,17.0,3,0,1008,14.0,10.0,0.46153846153846156,0.8326996197718631,1.8900000000000001,0,0.5700000000000001,7,18,6,0,0,0.35925000000000007,0,0,0.6647060789990814,3,17.0,3,0.17647058823529413,0.7083333333333334,9.541666666666668,0.6721851870006373,1.3333333333333333,2.0,0.06666666666666665
Le Havre vs Lille,Le Havre,0.0,0.0,10.0,7.0,339,261.0,15.0,1,0,989,15.0,9.0,0.7,0.7699115044247787,1.18,1,0.43,6,14,7,0,0,0.2845,0,0,0.5636254769830316,1,15.0,1,0.06666666666666667,0.625,7.925,0.5366771236704083,1.0,1.75,-0.025000000000000022
Le Havre vs Lorient,Le Havre,1.0,1.0,11.0,2.0,555,472.0,20.0,3,0,1004,15.0,9.0,0.18181818181818182,0.8504504504504504,2.47,0,0.6000000000000001,6,13,2,0,0,0.35250000000000004,0,0,0.6699499958674271,3,20.0,3,0.15,0.8333333333333334,11.066666666666666,0.8000098034410078,1.0,2.0,-0.09999999999999998
Le Havre vs Monaco,Le Havre,0.0,0.0,5.0,1.0,349,266.0,9.0,0,0,989,16.0,9.0,0.2,0.7621776504297995,0.25,0,0.47000000000000003,5,7,1,0,0,0.28175000000000006,0,0,0.5503166539610771,0,9.0,0,0.0,0.36,4.572,0.25563060634282636,0.8,1.6,-0.07999999999999996
Le Havre vs Nantes,Le Havre,1.0,1.0,11.0,4.0,470,402.0,15.0,3,0,990,16.0,11.0,0.36363636363636365,0.8553191489361702,0.9400000000000001,0,0.65,8,17,4,0,0,0.41000000000000003,0,0,0.671390461318238,3,15.0,3,0.2,0.5555555555555556,8.511111111111111,0.5858046174207147,0.6,2.0,-0.3
Le Havre vs Nice,Le Havre,3.0,2.0,10.0,8.0,326,256.0,13.0,1,0,998,12.0,4.0,0.8,0.7852760736196319,2.56,0,0.41000000000000003,0,12,8,0,0,0.16400000000000003,0,0,0.49233222641226243,1,13.0,1,0.07692307692307693,0.8125,6.9624999999999995,0.4560009313268957,1.0,1.6,0.020000000000000018
Le Havre vs Paris FC,Le Havre,0.0,0.0,9.0,2.0,389,328.0,10.0,0,0,998,8.0,8.0,0.2222222222222222,0.8431876606683805,1.71,0,0.44,7,13,2,0,0,0.30725,0,0,0.6280540749825083,0,10.0,0,0.0,0.625,5.125,0.3019827459438263,1.0,1.4,0.08000000000000002
Le Havre vs Rennes,Le Havre,2.0,1.0,9.0,2.0,390,316.0,13.0,1,0,989,13.0,15.0,0.2222222222222222,0.8102564102564103,1.71,0,0.43,3,10,2,0,0,0.22825,0,0,0.5618942601740766,1,13.0,1,0.07692307692307693,0.4642857142857143,6.892857142857142,0.45016350739109423,1.2,1.0,0.3
Le Havre vs Stade Brestois 29,Le Havre,1.0,1.0,7.0,3.0,412,351.0,12.0,1,0,997,14.0,14.0,0.42857142857142855,0.8519417475728155,1.01,0,0.46,5,13,3,0,0,0.27775000000000005,0,0,0.6144647575784566,1,12.0,1,0.08333333333333333,0.42857142857142855,6.385714285714285,0.40765508693551433,1.4,1.2,0.33999999999999997
Le Havre vs Strasbourg,Le Havre,2.0,2.0,12.0,7.0,388,332.0,15.0,2,0,997,27.0,5.0,0.5833333333333334,0.8556701030927835,0.91,0,0.51,9,15,7,0,0,0.37275,0,0,0.6589894857971563,2,15.0,2,0.13333333333333333,0.46875,8.19375,0.5592035929611293,1.6,1.0,0.5
Lens vs Le Havre,Le Havre,0.0,0.0,7.0,2.0,410,319.0,10.0,2,0,1007,16.0,12.0,0.2857142857142857,0.7780487804878049,0.55,0,0.46,3,8,2,0,0,0.24025000000000002,0,0,0.5519066532408443,2,10.0,2,0.2,0.35714285714285715,5.671428571428571,0.34778407220934543,1.0,1.2,0.14
Lyon vs Le Havre,Le Havre,0.0,0.0,10.0,4.0,271,213.0,18.0,4,0,990,12.0,7.0,0.4,0.7859778597785978,1.31,0,0.43,4,10,4,0,0,0.247,0,0,0.5258635476263019,4,18.0,4,0.2222222222222222,0.9473684210526315,10.389473684210525,0.7432478800058819,1.0,2.0,-0.09999999999999998
Marseille vs Le Havre,Le Havre,2.0,2.0,6.0,3.0,238,181.0,13.0,2,1,946,10.0,5.0,0.5,0.7605042016806722,0.48,-1,0.26,1,8,3,0,0,0.12275000000000001,0,0,0.46553497545807315,3,13.0,3,0.23076923076923078,0.8666666666666667,7.573333333333334,0.5072006274202245,1.0,2.4,-0.21999999999999997
Metz vs Le Havre,Le Havre,0.0,0.0,4.0,2.0,367,306.0,16.0,2,0,1000,12.0,4.0,0.5,0.8337874659400545,0.27,0,0.47000000000000003,6,10,2,0,0,0.3005,0,0,0.6041261488721679,2,16.0,2,0.125,1.0,8.799999999999999,0.6100191167099651,0.8,2.6,-0.38
Monaco vs Le Havre,Le Havre,1.0,1.0,7.0,4.0,243,175.0,14.0,1,0,990,16.0,8.0,0.5714285714285714,0.720164609053498,0.6000000000000001,-1,0.26,4,9,4,0,0,0.179,0,0,0.4843942311322536,1,14.0,1,0.07142857142857142,0.5833333333333334,7.416666666666666,0.49406891819028476,0.6,2.4,-0.42
Paris Saint Germain vs Le Havre,Le Havre,0.0,0.0,10.0,4.0,313,235.0,8.0,1,0,998,25.0,11.0,0.4,0.7507987220447284,1.19,0,0.35000000000000003,4,12,4,0,0,0.21500000000000002,0,0,0.521118015456615,1,8.0,1,0.125,0.2222222222222222,4.344444444444444,0.23655703151806282,0.6,2.2,-0.36000000000000004
Rennes vs Le Havre,Le Havre,1.0,1.0,5.0,4.0,341,249.0,14.0,4,0,1111,23.0,14.0,0.8,0.7302052785923754,0.75,0,0.46,6,7,4,0,0,0.2965,0,0,0.544383984861937,4,14.0,4,0.2857142857142857,0.3783783783783784,8.275675675675675,0.566070555629891,0.8,2.2,-0.26
Strasbourg vs Le Havre,Le Havre,0.0,0.0,8.0,1.0,467,406.0,16.0,2,0,988,25.0,8.0,0.125,0.8693790149892934,0.65,0,0.51,3,10,1,0,0,0.26025,0,0,0.615002963152139,2,16.0,2,0.125,0.48484848484848486,8.696969696969697,0.6013831764040087,0.4,2.0,-0.39999999999999997
Toulouse vs Le Havre,Le Havre,0.0,0.0,7.0,3.0,427,344.0,14.0,2,0,990,27.0,14.0,0.42857142857142855,0.8056206088992974,1.3,0,0.54,2,9,3,0,0,0.2535,0,0,0.5583913442050005,2,14.0,2,0.14285714285714285,0.34146341463414637,7.668292682926829,0.5151600650852839,0.4,2.0,-0.39999999999999997
Angers vs Lens,Lens,2.0,2.0,16.0,6.0,509,437.0,11.0,1,0,989,25.0,19.0,0.375,0.8585461689587426,2.05,0,0.55,8,17,6,0,0,0.37,0,0,0.6849305768341113,1,11.0,1,0.09090909090909091,0.25,5.85,0.36275182589088767,2.0,1.0,0.7
Auxerre vs Lens,Lens,2.0,2.0,5.0,4.0,397,324.0,21.0,7,1,973,16.0,13.0,0.8,0.8161209068010076,0.41000000000000003,0,0.43,2,7,4,0,0,0.20950000000000002,0,0,0.55446718122925,8,21.0,8,0.38095238095238093,0.7241379310344828,13.044827586206896,0.9658181056033426,2.0,4.5,-0.34999999999999987
Le Havre vs Lens,Lens,2.0,1.0,5.0,3.0,407,348.0,16.0,1,0,999,19.0,17.0,0.6,0.855036855036855,1.07,0,0.43,0,6,3,0,0,0.17200000000000001,0,0,0.5519832593227089,1,16.0,1,0.0625,0.4444444444444444,8.38888888888889,0.5755600215675702,2.0,3.3333333333333335,0.0
Lens vs Auxerre,Lens,1.0,1.0,14.0,7.0,407,329.0,19.0,2,0,994,23.0,18.0,0.5,0.8083538083538083,2.66,0,0.48,1,19,7,0,0,0.21075,0,0,0.5411417359811854,2,19.0,2,0.10526315789473684,0.4634146341463415,10.192682926829267,0.7267529927394758,1.75,3.0,-0.02499999999999991
Lens vs Le Havre,Lens,1.0,1.0,12.0,3.0,473,399.0,20.0,1,0,1004,23.0,17.0,0.25,0.8435517970401691,2.08,0,0.54,4,15,3,0,0,0.29100000000000004,0,0,0.616424216562898,1,20.0,1,0.05,0.5,10.4,0.7441301896965835,1.6,2.6,0.020000000000000018
Lens vs Lille,Lens,3.0,1.0,13.0,6.0,326,256.0,17.0,1,0,1002,19.0,17.0,0.46153846153846156,0.7852760736196319,3.54,0,0.38,4,15,6,0,0,0.22700000000000004,0,0,0.5423322264122624,1,17.0,1,0.058823529411764705,0.4722222222222222,8.894444444444446,0.6179353953237587,1.8,2.6,0.12
Lens vs Lorient,Lens,3.0,3.0,8.0,6.0,627,560.0,8.0,2,0,990,13.0,9.0,0.75,0.8931419457735247,2.09,0,0.58,7,9,6,0,0,0.36324999999999996,0,0,0.7258140921528174,2,8.0,2,0.25,0.36363636363636365,4.672727272727272,0.2640735079831202,2.0,1.4,0.5800000000000001
Lens vs Lyon,Lens,0.0,0.0,14.0,5.0,444,377.0,13.0,2,0,1001,12.0,11.0,0.35714285714285715,0.8490990990990991,1.3800000000000001,1,0.55,12,18,5,0,0,0.445,0,0,0.710329366063311,2,13.0,2,0.15384615384615385,0.5652173913043478,7.213043478260869,0.4770013405139986,1.6,1.6,0.32000000000000006
Lens vs Marseille,Lens,1.0,0.0,8.0,5.0,339,271.0,12.0,3,0,996,19.0,6.0,0.625,0.799410029498525,1.8,0,0.31,4,8,5,0,0,0.199,0,0,0.5533747395199048,3,12.0,3,0.25,0.48,6.996,0.4588088819175531,1.6,1.8,0.26
Lens vs Nice,Lens,2.0,2.0,10.0,5.0,418,344.0,17.0,0,0,994,15.0,15.0,0.5,0.8229665071770335,1.65,-1,0.46,2,15,5,0,0,0.22150000000000003,0,0,0.5643119997658868,0,17.0,0,0.0,0.5666666666666667,8.613333333333333,0.5943728248615264,1.8,1.6,0.42000000000000004
Lens vs Paris FC,Lens,2.0,2.0,7.0,3.0,402,327.0,11.0,2,0,989,24.0,7.0,0.42857142857142855,0.8134328358208955,1.6300000000000001,0,0.43,11,11,3,0,0,0.37825,0,0,0.6671521977269614,2,11.0,2,0.18181818181818182,0.3548387096774194,6.170967741935484,0.38965515605655004,1.6,1.8,0.26
Lens vs Rennes,Lens,3.0,3.0,6.0,3.0,429,363.0,12.0,4,1,955,17.0,10.0,0.5,0.8461538461538461,1.16,-1,0.51,4,9,3,0,0,0.279,0,0,0.6042695836273818,5,12.0,5,0.4166666666666667,0.4444444444444444,7.588888888888889,0.508504485074261,1.6,2.4,0.08000000000000007
Lens vs Stade Brestois 29,Lens,3.0,1.0,19.0,10.0,581,495.0,7.0,1,0,989,15.0,6.0,0.5263157894736842,0.8519793459552496,3.99,2,0.68,15,30,10,0,0,0.55325,0,0,0.791165513956218,1,7.0,1,0.14285714285714285,0.3333333333333333,3.8666666666666667,0.19650997500122544,2.2,2.2,0.44000000000000006
Lens vs Strasbourg,Lens,1.0,1.0,8.0,5.0,552,472.0,13.0,2,1,1002,20.0,10.0,0.625,0.855072463768116,1.92,0,0.55,3,13,5,0,0,0.27625,0,0,0.6338435713335993,3,13.0,3,0.23076923076923078,0.43333333333333335,7.486666666666667,0.4999362776334494,2.2,2.2,0.44000000000000006
Marseille vs Lens,Lens,1.0,1.0,4.0,2.0,471,411.0,16.0,3,0,990,21.0,9.0,0.5,0.8726114649681529,1.01,0,0.46,2,7,2,0,0,0.22150000000000003,0,0,0.6053424297317829,3,16.0,3,0.1875,0.5333333333333333,9.006666666666668,0.6273417969707368,2.0,2.8,0.16000000000000003
Metz vs Lens,Lens,0.0,0.0,7.0,2.0,524,459.0,15.0,2,0,1008,14.0,3.0,0.2857142857142857,0.8759541984732825,1.32,0,0.54,5,10,2,0,0,0.30975,0,0,0.660721747554684,2,15.0,2,0.13333333333333333,0.8823529411764706,8.276470588235293,0.566137184740079,1.6,2.8,-0.039999999999999925
Monaco vs Lens,Lens,4.0,3.0,15.0,12.0,459,396.0,19.0,2,0,1000,17.0,14.0,0.8,0.8627450980392157,3.16,1,0.5,4,20,12,0,0,0.275,0,0,0.6217395214966721,2,19.0,2,0.10526315789473684,0.6129032258064516,10.22258064516129,0.7292590021678255,1.8,2.2,0.24
Nantes vs Lens,Lens,2.0,2.0,14.0,6.0,534,461.0,13.0,0,0,989,26.0,5.0,0.42857142857142855,0.8632958801498127,2.3,0,0.66,12,20,6,0,0,0.489,0,0,0.7449506923684843,0,13.0,0,0.0,0.41935483870967744,6.583870967741936,0.42426446521438704,1.6,2.0,0.20000000000000007
Paris Saint Germain vs Lens,Lens,0.0,0.0,10.0,3.0,352,293.0,8.0,2,0,990,25.0,11.0,0.3,0.8323863636363636,1.16,0,0.32,3,11,3,0,0,0.18425,0,0,0.5613384417570197,2,8.0,2,0.25,0.2222222222222222,4.644444444444444,0.26170285770305374,1.4,1.8,0.15999999999999992
Rennes vs Lens,Lens,0.0,0.0,10.0,2.0,256,181.0,8.0,2,0,900,29.0,8.0,0.2,0.70703125,1.04,0,0.33,4,13,2,0,0,0.20700000000000002,0,0,0.4818030867737003,2,8.0,2,0.25,0.21621621621621623,4.6432432432432424,0.26160217371432504,1.2,1.6,0.12
Toulouse vs Lens,Lens,3.0,1.0,15.0,7.0,571,509.0,16.0,3,0,1014,16.0,7.0,0.4666666666666667,0.8914185639229422,1.62,0,0.68,8,16,7,0,0,0.42200000000000004,0,0,0.7203270189645291,3,16.0,3,0.1875,0.6956521739130435,9.039130434782608,0.6300628912052478,1.8,1.8,0.36
Auxerre vs Lille,Lille,4.0,1.0,6.0,5.0,449,376.0,10.0,2,2,944,11.0,3.0,0.8333333333333334,0.8374164810690423,0.52,0,0.55,3,8,5,0,0,0.27625,0,0,0.5935171090360502,4,10.0,4,0.4,0.7142857142857143,6.342857142857143,0.40406282605194427,4.0,4.0,0.8
Le Havre vs Lille,Lille,1.0,1.0,5.0,2.0,485,403.0,13.0,3,1,951,10.0,4.0,0.4,0.8309278350515464,1.62,1,0.5700000000000001,2,8,2,0,0,0.2655,0,0,0.5887819603392289,4,13.0,4,0.3076923076923077,0.9285714285714286,7.885714285714286,0.5333842178604691,2.5,4.0,0.050000000000000044
Lens vs Lille,Lille,0.0,0.0,9.0,3.0,539,453.0,11.0,3,0,990,15.0,9.0,0.3333333333333333,0.8404452690166976,1.9000000000000001,0,0.62,10,17,3,0,0,0.4355,0,0,0.7100544387896943,3,11.0,3,0.2727272727272727,0.4583333333333333,6.491666666666667,0.41653595411989613,1.6666666666666667,3.6666666666666665,-0.2666666666666665
Lille vs Angers,Lille,1.0,1.0,12.0,4.0,545,466.0,10.0,1,0,995,16.0,9.0,0.3333333333333333,0.8550458715596331,2.04,0,0.54,9,15,4,0,0,0.38475000000000004,0,0,0.7066896024464833,1,10.0,1,0.1,0.4,5.38,0.32335669820106855,1.5,3.0,-0.1499999999999999
Lille vs Lyon,Lille,0.0,0.0,7.0,3.0,428,362.0,20.0,4,0,989,7.0,6.0,0.42857142857142855,0.8457943925233645,1.47,0,0.54,3,14,3,0,0,0.27225,0,0,0.5912840464145874,4,20.0,4,0.2,1.5384615384615385,11.507692307692308,0.8369763171488577,1.2,3.2,-0.36
Lille vs Marseille,Lille,1.0,1.0,2.0,2.0,423,352.0,9.0,1,0,997,17.0,10.0,1.0,0.8321513002364066,0.35000000000000003,0,0.42,2,5,2,0,0,0.20550000000000002,0,0,0.570433448283341,1,9.0,1,0.1111111111111111,0.3333333333333333,4.866666666666666,0.28032939561786185,0.6,2.6,-0.48000000000000004
Lille vs Metz,Lille,6.0,5.0,20.0,12.0,552,479.0,18.0,3,0,1011,20.0,1.0,0.6,0.8677536231884058,2.92,-1,0.62,7,23,12,0,0,0.37925,0,0,0.6901841510437442,3,18.0,3,0.16666666666666666,0.8571428571428571,10.071428571428571,0.7165895229225457,1.6,2.4,0.08000000000000007
Lille vs Monaco,Lille,1.0,1.0,14.0,1.0,417,345.0,7.0,1,0,990,15.0,17.0,0.07142857142857142,0.8273381294964028,2.92,0,0.5,8,18,1,0,0,0.35,0,0,0.641192000528018,1,7.0,1,0.14285714285714285,0.21875,3.84375,0.19458911327876086,1.8,2.0,0.30000000000000004
Lille vs Paris FC,Lille,4.0,1.0,13.0,10.0,475,395.0,9.0,1,0,1006,12.0,12.0,0.7692307692307693,0.8315789473684211,4.03,1,0.52,9,17,10,0,0,0.37675000000000003,0,0,0.6735494125221311,1,9.0,1,0.1111111111111111,0.375,4.875,0.28102789078966717,2.4,2.0,0.6
Lille vs Paris Saint Germain,Lille,1.0,1.0,5.0,3.0,389,317.0,11.0,1,0,990,19.0,13.0,0.6,0.8149100257069408,0.65,0,0.38,3,9,3,0,0,0.20825000000000002,0,0,0.5639152575017884,1,11.0,1,0.09090909090909091,0.34375,5.8687499999999995,0.3643234400274496,2.6,1.4,0.8800000000000001
Lille vs Rennes,Lille,0.0,0.0,8.0,3.0,380,315.0,4.0,1,1,917,10.0,10.0,0.375,0.8289473684210527,0.85,0,0.39,4,13,3,0,0,0.23100000000000004,0,0,0.5806816352808628,2,4.0,2,0.5,0.2,2.64,0.09369148571148475,2.4,1.6,0.72
Lille vs Strasbourg,Lille,1.0,1.0,17.0,6.0,414,350.0,11.0,2,0,995,12.0,11.0,0.35294117647058826,0.8454106280193237,1.8900000000000001,1,0.47000000000000003,8,20,6,0,0,0.338,0,0,0.6493108185968178,2,11.0,2,0.18181818181818182,0.4782608695652174,6.195652173913043,0.39172419084315985,1.4,1.4,0.27999999999999997
Lille vs Toulouse,Lille,2.0,1.0,12.0,5.0,553,479.0,12.0,2,0,990,18.0,8.0,0.4166666666666667,0.8661844484629295,2.21,0,0.7000000000000001,7,20,5,0,0,0.41125,0,0,0.6897053740785596,2,12.0,2,0.16666666666666666,0.46153846153846156,6.692307692307692,0.4333535686410545,1.6,1.6,0.32000000000000006
Lorient vs Lille,Lille,7.0,5.0,14.0,11.0,538,467.0,18.0,3,0,1014,14.0,9.0,0.7857142857142857,0.8680297397769516,3.49,0,0.59,8,20,11,0,0,0.386,0,0,0.6985408637722679,3,18.0,3,0.16666666666666666,0.782608695652174,10.056521739130435,0.7153400408760867,2.2,2.0,0.5000000000000001
Lyon vs Lille,Lille,0.0,0.0,9.0,4.0,560,500.0,11.0,4,0,997,26.0,6.0,0.4444444444444444,0.8928571428571429,0.53,0,0.58,7,11,4,0,0,0.36324999999999996,0,0,0.7051823940585409,4,11.0,4,0.36363636363636365,0.34375,6.76875,0.4397609185824224,2.0,2.6,0.21999999999999997
Metz vs Lille,Lille,0.0,0.0,10.0,2.0,442,370.0,9.0,1,0,990,16.0,12.0,0.2,0.8371040723981901,1.65,0,0.58,6,16,2,0,0,0.3445,0,0,0.6287202319177494,1,9.0,1,0.1111111111111111,0.32142857142857145,4.864285714285714,0.2801298255687746,2.0,2.4,0.28
Nantes vs Lille,Lille,2.0,2.0,15.0,5.0,529,458.0,14.0,4,0,988,14.0,9.0,0.3333333333333333,0.8657844990548205,2.6,0,0.63,9,23,5,0,0,0.42074999999999996,0,0,0.7071659498332207,4,14.0,4,0.2857142857142857,0.6086956521739131,8.321739130434782,0.5699315677193999,2.2,2.8,0.2600000000000001
Nice vs Lille,Lille,0.0,0.0,12.0,4.0,593,516.0,10.0,3,0,996,18.0,7.0,0.3333333333333333,0.8701517706576728,0.99,0,0.68,13,21,4,0,0,0.51575,0,0,0.7789214510780719,3,10.0,3,0.3,0.4,5.98,0.3736483505710505,1.8,3.0,1.1102230246251565e-16
Paris Saint Germain vs Lille,Lille,0.0,0.0,6.0,4.0,434,367.0,6.0,1,0,994,11.0,9.0,0.6666666666666666,0.8456221198156681,1.14,0,0.39,2,7,4,0,0,0.19350000000000003,0,0,0.5805327724460604,1,6.0,1,0.16666666666666666,0.3,3.36,0.15404146855546297,0.4,2.6,-0.5800000000000001
Stade Brestois 29 vs Lille,Lille,3.0,2.0,6.0,6.0,441,363.0,13.0,1,0,1008,15.0,10.0,1.0,0.8231292517006803,1.62,0,0.54,2,10,6,0,0,0.2535,0,0,0.5714270111714411,1,13.0,1,0.07692307692307693,0.52,6.904,0.4510974952208225,1.0,2.0,-0.09999999999999998
Strasbourg vs Lille,Lille,0.0,0.0,6.0,4.0,484,413.0,20.0,3,1,1001,11.0,6.0,0.6666666666666666,0.8533057851239669,0.28,0,0.58,4,6,4,0,0,0.307,0,0,0.6246651249778856,4,20.0,4,0.2,1.1764705882352942,11.435294117647057,0.8309079428055717,1.0,2.6,-0.28
Angers vs Lorient,Lorient,0.0,0.0,12.0,4.0,616,547.0,6.0,0,0,990,17.0,8.0,0.3333333333333333,0.887987012987013,1.99,-1,0.63,6,23,4,0,0,0.3645,0,0,0.707372711386473,0,6.0,0,0.0,0.24,3.048,0.1278898093230724,0.0,0.0,0.0
Auxerre vs Lorient,Lorient,0.0,0.0,9.0,3.0,465,392.0,14.0,2,0,990,16.0,6.0,0.3333333333333333,0.843010752688172,1.37,0,0.56,4,14,3,0,0,0.29900000000000004,0,0,0.6137072112064714,2,14.0,2,0.14285714285714285,0.6363636363636364,7.727272727272727,0.5201037382303006,0.0,1.0,-0.3
Le Havre vs Lorient,Lorient,1.0,1.0,8.0,4.0,378,302.0,15.0,6,0,990,16.0,8.0,0.5,0.798941798941799,1.21,0,0.4,2,8,4,0,0,0.19750000000000004,0,0,0.5400672297461289,6,15.0,6,0.4,0.625,9.425,0.6624062545953631,0.3333333333333333,2.6666666666666665,-0.6333333333333333
Lens vs Lorient,Lorient,0.0,0.0,7.0,3.0,434,378.0,10.0,2,0,990,14.0,10.0,0.42857142857142855,0.8709677419354839,1.82,0,0.42,6,12,3,0,0,0.28049999999999997,0,0,0.6432055835059682,2,10.0,2,0.2,0.4166666666666667,5.683333333333333,0.34878192245478157,0.25,2.5,-0.625
Lorient vs Lille,Lorient,1.0,1.0,5.0,2.0,363,305.0,14.0,3,0,990,11.0,17.0,0.4,0.8402203856749312,1.5,0,0.41000000000000003,3,6,2,0,0,0.22025000000000003,0,0,0.5686193671493922,3,14.0,3,0.21428571428571427,0.5,8.0,0.542963580216656,0.4,2.6,-0.5800000000000001
Lorient vs Lyon,Lorient,1.0,0.0,12.0,6.0,294,232.0,12.0,2,0,988,12.0,10.0,0.5,0.7891156462585034,2.57,0,0.4,1,14,6,0,0,0.17875000000000002,0,0,0.49696608000998566,2,12.0,2,0.16666666666666666,0.5454545454545454,6.709090909090909,0.43476032814790716,0.6,3.0,-0.5999999999999999
Lorient vs Metz,Lorient,1.0,1.0,13.0,5.0,433,365.0,9.0,1,0,990,16.0,8.0,0.38461538461538464,0.8429561200923787,1.44,0,0.43,4,16,5,0,0,0.247,0,0,0.6038939621868622,1,9.0,1,0.1111111111111111,0.375,4.875,0.28102789078966717,0.8,2.8,-0.43999999999999995
Lorient vs Monaco,Lorient,3.0,2.0,13.0,8.0,511,449.0,10.0,2,0,1008,16.0,9.0,0.6153846153846154,0.8786692759295499,1.98,0,0.47000000000000003,2,19,8,0,0,0.22550000000000003,0,0,0.6206037511146221,2,10.0,2,0.2,0.4,5.68,0.3485025243860595,1.2,2.0,0.0
Lorient vs Nantes,Lorient,2.0,1.0,5.0,4.0,566,495.0,12.0,4,0,997,12.0,5.0,0.8,0.8745583038869258,0.52,0,0.5700000000000001,1,5,4,0,0,0.24675000000000002,0,0,0.6228678369587534,4,12.0,4,0.3333333333333333,0.7058823529411765,7.341176470588236,0.48774137369275444,1.6,2.4,0.08000000000000007
Lorient vs Nice,Lorient,3.0,2.0,16.0,7.0,428,364.0,7.0,1,0,997,11.0,7.0,0.4375,0.8504672897196262,2.38,0,0.43,3,18,7,0,0,0.22825,0,0,0.5936204950127183,1,7.0,1,0.14285714285714285,0.3888888888888889,3.8777777777777778,0.19744130189696585,2.0,2.0,0.4
Lorient vs Paris Saint Germain,Lorient,1.0,0.0,5.0,2.0,227,166.0,5.0,0,0,989,19.0,11.0,0.4,0.7312775330396476,0.23,0,0.22,0,5,2,0,0,0.08800000000000001,0,0,0.43505772676447213,0,5.0,0,0.0,0.16666666666666666,2.533333333333333,0.08475074751237684,2.0,1.6,0.52
Lorient vs Rennes,Lorient,4.0,3.0,16.0,7.0,486,428.0,18.0,6,0,990,7.0,14.0,0.4375,0.8806584362139918,3.04,0,0.51,3,22,7,0,0,0.26025,0,0,0.6264530713180051,6,18.0,6,0.3333333333333333,0.8571428571428571,10.971428571428572,0.7920270014775186,2.6,2.6,0.52
Lorient vs Stade Brestois 29,Lorient,3.0,3.0,10.0,7.0,390,321.0,13.0,3,0,1004,11.0,9.0,0.7,0.823076923076923,1.2,0,0.5,5,12,7,0,0,0.29375,0,0,0.593304516584333,3,13.0,3,0.23076923076923078,0.65,7.53,0.5035684525268369,2.6,2.8,0.4600000000000001
Lorient vs Toulouse,Lorient,1.0,0.0,8.0,2.0,399,325.0,6.0,0,0,990,19.0,11.0,0.25,0.8145363408521303,1.36,0,0.5,6,10,2,0,0,0.3125,0,0,0.6042865190499185,0,6.0,0,0.0,0.2,3.04,0.12721925395813932,2.4,2.0,0.6
Marseille vs Lorient,Lorient,0.0,0.0,2.0,1.0,306,257.0,5.0,2,1,910,12.0,6.0,0.5,0.8398692810457516,0.14,-1,0.28,0,4,1,0,0,0.11200000000000002,0,0,0.513512622174252,3,5.0,3,0.6,0.2777777777777778,3.4555555555555553,0.16205087985883043,1.8,2.4,0.18000000000000005
Monaco vs Lorient,Lorient,3.0,3.0,11.0,4.0,366,315.0,9.0,0,0,987,15.0,10.0,0.36363636363636365,0.860655737704918,1.3800000000000001,1,0.38,3,14,4,0,0,0.20825000000000002,0,0,0.5797544743570461,0,9.0,0,0.0,0.36,4.572,0.25563060634282636,2.2,2.4,0.3800000000000001
Nantes vs Lorient,Lorient,0.0,0.0,5.0,1.0,399,331.0,17.0,1,0,989,14.0,5.0,0.2,0.8295739348370927,0.32,0,0.44,1,7,1,0,0,0.19475,0,0,0.5493053160423995,1,17.0,1,0.058823529411764705,0.8947368421052632,8.978947368421053,0.6250183814518897,1.4,1.4,0.27999999999999997
Paris FC vs Lorient,Lorient,0.0,0.0,7.0,3.0,452,382.0,10.0,3,0,990,13.0,9.0,0.42857142857142855,0.8451327433628318,0.97,0,0.41000000000000003,5,8,3,0,0,0.25775000000000003,0,0,0.6232926713756055,3,10.0,3,0.3,0.45454545454545453,5.990909090909091,0.3745627442505047,0.8,1.4,-0.019999999999999962
Rennes vs Lorient,Lorient,2.0,1.0,5.0,4.0,259,175.0,7.0,0,0,990,10.0,8.0,0.8,0.6756756756756757,1.29,1,0.31,3,6,4,0,0,0.18025,0,0,0.4545427308041987,0,7.0,0,0.0,0.3888888888888889,3.577777777777778,0.17229547571197493,1.0,1.4,0.08000000000000002
Stade Brestois 29 vs Lorient,Lorient,0.0,0.0,9.0,2.0,515,443.0,10.0,0,0,990,12.0,12.0,0.2222222222222222,0.8601941747572815,0.74,0,0.58,7,13,2,0,0,0.36324999999999996,0,0,0.6750894421187019,0,10.0,0,0.0,0.4166666666666667,5.083333333333333,0.2984902700847997,1.0,0.8,0.26
Strasbourg vs Lorient,Lorient,0.0,0.0,9.0,2.0,421,361.0,3.0,0,0,990,19.0,8.0,0.2222222222222222,0.8574821852731591,0.53,0,0.37,3,9,2,0,0,0.20425,0,0,0.5949872700066101,0,3.0,0,0.0,0.1111111111111111,1.5222222222222221,0.0,0.4,0.8,-0.03999999999999998
Auxerre vs Lyon,Lyon,0.0,0.0,12.0,7.0,548,475.0,11.0,3,0,994,13.0,9.0,0.5833333333333334,0.8667883211678832,1.57,1,0.7000000000000001,11,16,7,0,0,0.48625,0,0,0.7384782584432688,3,11.0,3,0.2727272727272727,0.5,6.5,0.4172344492917014,0.0,3.0,-0.8999999999999999
Lens vs Lyon,Lyon,1.0,1.0,10.0,3.0,371,298.0,19.0,2,0,988,17.0,7.0,0.3,0.8032345013477089,1.41,1,0.45,8,11,3,0,0,0.33,0,0,0.6150729081662092,2,19.0,2,0.10526315789473684,0.7916666666666666,10.258333333333333,0.7322557717758933,0.5,2.5,-0.5
Lille vs Lyon,Lyon,1.0,1.0,3.0,2.0,369,300.0,24.0,4,0,989,11.0,8.0,0.6666666666666666,0.8130081300813008,0.52,0,0.46,4,5,2,0,0,0.259,0,0,0.5693481017378982,4,24.0,4,0.16666666666666666,1.263157894736842,13.452631578947368,1.0,0.6666666666666666,3.0,-0.5666666666666667
Lorient vs Lyon,Lyon,0.0,0.0,6.0,4.0,438,373.0,21.0,2,1,942,6.0,7.0,0.6666666666666666,0.8515981735159818,0.43,0,0.6000000000000001,7,7,4,0,0,0.3712500000000001,0,0,0.6472440408864313,3,21.0,3,0.14285714285714285,1.6153846153846154,11.723076923076924,0.8550297308201333,0.5,3.0,-0.6499999999999999
Lyon vs Angers,Lyon,1.0,0.0,12.0,5.0,580,527.0,15.0,2,0,988,12.0,6.0,0.4166666666666667,0.9086206896551724,1.81,1,0.67,7,16,5,0,0,0.39925,0,0,0.719180375408626,2,15.0,2,0.13333333333333333,0.8333333333333334,8.266666666666666,0.5653154257144257,0.6,2.8,-0.54
Lyon vs Le Havre,Lyon,1.0,1.0,12.0,4.0,365,307.0,14.0,2,0,993,10.0,5.0,0.3333333333333333,0.8410958904109589,2.56,0,0.5700000000000001,5,18,4,0,0,0.32175000000000004,0,0,0.594668740312513,2,14.0,2,0.14285714285714285,0.9333333333333333,7.786666666666666,0.5250821038184402,0.8,2.6,-0.38
Lyon vs Lille,Lyon,1.0,1.0,2.0,2.0,413,337.0,15.0,1,0,988,24.0,7.0,1.0,0.8159806295399515,0.54,0,0.42,2,3,2,0,0,0.20550000000000002,0,0,0.5592900089595783,1,15.0,1,0.06666666666666667,0.4838709677419355,7.896774193548387,0.5343112529271968,0.8,2.4,-0.31999999999999995
Lyon vs Marseille,Lyon,1.0,0.0,13.0,6.0,429,371.0,16.0,2,0,989,5.0,9.0,0.46153846153846156,0.8648018648018648,3.04,0,0.58,9,18,6,0,0,0.40074999999999994,0,0,0.6760935929513912,2,16.0,2,0.125,1.1428571428571428,8.828571428571427,0.6124139572990118,0.8,2.0,-0.19999999999999996
Lyon vs Metz,Lyon,3.0,2.0,11.0,8.0,542,500.0,13.0,0,0,1004,18.0,5.0,0.7272727272727273,0.922509225092251,2.77,0,0.53,4,13,8,0,0,0.28700000000000003,0,0,0.6770038480201317,0,13.0,0,0.0,0.5652173913043478,6.613043478260869,0.4267096881440168,1.4,1.4,0.27999999999999997
Lyon vs Nantes,Lyon,3.0,2.0,18.0,8.0,612,553.0,14.0,1,0,1019,12.0,8.0,0.4444444444444444,0.9035947712418301,2.35,0,0.72,7,20,8,0,0,0.41925,0,0,0.7264533489236674,1,14.0,1,0.07142857142857142,0.7,7.4399999999999995,0.4960247046713396,1.8,1.2,0.54
Lyon vs Paris Saint Germain,Lyon,2.0,2.0,6.0,2.0,271,211.0,10.0,5,1,990,10.0,14.0,0.3333333333333333,0.7785977859778598,0.6900000000000001,-1,0.28,5,9,2,0,0,0.20575000000000002,0,0,0.5346735107259329,6,10.0,6,0.6,0.4166666666666667,6.883333333333333,0.4493652271947453,2.0,2.0,0.4
Lyon vs Stade Brestois 29,Lyon,2.0,2.0,11.0,6.0,643,584.0,18.0,2,0,995,19.0,10.0,0.5454545454545454,0.9082426127527217,1.53,1,0.71,5,19,6,0,0,0.37775,0,0,0.7132573920032721,2,18.0,2,0.1111111111111111,0.6206896551724138,9.724137931034482,0.6874798226591327,2.2,2.2,0.44000000000000006
Lyon vs Strasbourg,Lyon,1.0,1.0,5.0,3.0,385,316.0,15.0,0,0,989,15.0,7.0,0.6,0.8207792207792208,1.67,0,0.48,4,8,3,0,0,0.267,0,0,0.5781266134477144,0,15.0,0,0.0,0.6818181818181818,7.636363636363637,0.5124837909015155,2.2,1.8,0.56
Lyon vs Toulouse,Lyon,1.0,1.0,10.0,3.0,583,504.0,13.0,1,0,989,11.0,7.0,0.3,0.8644939965694682,1.17,0,0.6900000000000001,8,13,3,0,0,0.42600000000000005,0,0,0.7105344600584343,1,13.0,1,0.07692307692307693,0.7222222222222222,6.944444444444445,0.4544875251213176,1.8,2.0,0.30000000000000004
Metz vs Lyon,Lyon,5.0,3.0,11.0,10.0,432,355.0,5.0,0,0,988,10.0,8.0,0.9090909090909091,0.8217592592592593,2.59,0,0.47000000000000003,4,13,10,0,0,0.263,0,0,0.592989721372749,0,5.0,0,0.0,0.2777777777777778,2.5555555555555554,0.08661340130385764,2.2,1.8,0.56
Monaco vs Lyon,Lyon,3.0,3.0,12.0,9.0,477,406.0,12.0,3,0,989,12.0,8.0,0.75,0.8511530398322851,1.4,0,0.55,2,13,9,0,0,0.2575,0,0,0.5964480795491701,3,12.0,3,0.25,0.6,7.0200000000000005,0.4608205480123524,2.4,1.2,0.84
Nantes vs Lyon,Lyon,1.0,1.0,9.0,3.0,388,320.0,11.0,2,1,970,19.0,6.0,0.3333333333333333,0.8247422680412371,1.41,0,0.46,4,10,3,0,0,0.259,0,0,0.5810255682713831,3,11.0,3,0.2727272727272727,0.44,6.488,0.4162286162443018,2.2,1.4,0.6800000000000002
Nice vs Lyon,Lyon,2.0,1.0,14.0,7.0,544,477.0,11.0,2,0,990,20.0,8.0,0.5,0.8768382352941176,3.39,-1,0.6900000000000001,16,29,7,0,0,0.5760000000000001,0,0,0.8047799739161721,2,11.0,2,0.18181818181818182,0.39285714285714285,6.178571428571428,0.39029249266492533,2.4,1.8,0.6599999999999999
Paris FC vs Lyon,Lyon,3.0,3.0,5.0,4.0,431,368.0,16.0,2,1,970,20.0,5.0,0.8,0.8538283062645011,1.25,-1,0.48,2,7,4,0,0,0.2295,0,0,0.5837184344778164,3,16.0,3,0.1875,0.64,9.028,0.6291299446105584,2.8,2.2,0.7399999999999999
Rennes vs Lyon,Lyon,1.0,1.0,5.0,5.0,492,420.0,13.0,2,1,986,18.0,10.0,1.0,0.8536585365853658,1.71,-1,0.52,4,8,5,0,0,0.28300000000000003,0,0,0.6272879838890132,3,13.0,3,0.23076923076923078,0.4642857142857143,7.492857142857143,0.5004551597610761,2.0,2.8,0.16000000000000003
Stade Brestois 29 vs Lyon,Lyon,0.0,0.0,3.0,2.0,411,339.0,6.0,0,1,917,23.0,4.0,0.6666666666666666,0.8248175182481752,0.2,1,0.5,2,4,2,0,0,0.23750000000000002,0,0,0.563096832518583,1,6.0,1,0.16666666666666666,0.2222222222222222,3.344444444444444,0.15273761090142637,1.4,2.4,-0.020000000000000018
Angers vs Marseille,Marseille,5.0,5.0,19.0,11.0,722,671.0,8.0,1,0,989,22.0,5.0,0.5789473684210527,0.9293628808864266,3.28,0,0.66,2,23,11,0,0,0.3015,0,0,0.7104765474768525,1,8.0,1,0.125,0.2962962962962963,4.359259259259259,0.23779880071238338,5.0,1.0,2.2
Auxerre vs Marseille,Marseille,1.0,0.0,6.0,2.0,477,420.0,14.0,4,1,965,14.0,8.0,0.3333333333333333,0.8805031446540881,0.52,0,0.51,3,6,2,0,0,0.26025,0,0,0.6236231319600716,5,14.0,5,0.35714285714285715,0.6363636363636364,8.627272727272727,0.5955412167852734,3.0,3.0,0.6000000000000001
Lens vs Marseille,Marseille,1.0,1.0,9.0,3.0,762,690.0,9.0,3,0,990,16.0,7.0,0.3333333333333333,0.905511811023622,0.66,0,0.6900000000000001,8,17,3,0,0,0.42600000000000005,0,0,0.7857834284475907,3,9.0,3,0.3333333333333333,0.391304347826087,5.478260869565218,0.331592867357312,2.3333333333333335,3.0,0.26666666666666683
Lille vs Marseille,Marseille,0.0,0.0,3.0,2.0,570,501.0,11.0,1,0,990,15.0,12.0,0.6666666666666666,0.8789473684210526,0.53,0,0.58,5,6,2,0,0,0.32575,0,0,0.6762856108160309,1,11.0,1,0.09090909090909091,0.4074074074074074,5.881481481481481,0.36539058542881886,1.75,2.5,0.125
Lyon vs Marseille,Marseille,0.0,0.0,3.0,2.0,321,252.0,11.0,2,1,943,7.0,4.0,0.6666666666666666,0.7850467289719626,0.77,0,0.42,4,5,2,0,0,0.243,0,0,0.5406885021006602,3,11.0,3,0.2727272727272727,1.0,6.6000000000000005,0.4256163913533651,1.4,2.6,-0.08000000000000007
Marseille vs Angers,Marseille,2.0,2.0,10.0,6.0,636,564.0,11.0,2,0,1001,16.0,6.0,0.6,0.8867924528301887,1.33,0,0.59,1,11,6,0,0,0.25475,0,0,0.650391639259131,2,11.0,2,0.18181818181818182,0.5,6.199999999999999,0.3920886231067104,0.8,2.8,-0.43999999999999995
Marseille vs Le Havre,Marseille,6.0,5.0,15.0,11.0,684,640.0,17.0,2,0,990,9.0,3.0,0.7333333333333333,0.935672514619883,4.19,-1,0.74,2,18,11,0,0,0.33349999999999996,0,0,0.702010569236547,2,17.0,2,0.11764705882352941,1.4166666666666667,9.383333333333333,0.6589137787363364,1.8,2.2,0.24
Marseille vs Lens,Marseille,3.0,3.0,7.0,5.0,556,497.0,18.0,0,0,990,15.0,8.0,0.7142857142857143,0.8938848920863309,1.0,0,0.54,2,10,5,0,0,0.2535,0,0,0.6419730270829208,0,18.0,0,0.0,0.782608695652174,9.156521739130435,0.6399025623211139,2.2,1.6,0.6200000000000001
Marseille vs Lorient,Marseille,4.0,2.0,10.0,8.0,800,746.0,18.0,3,0,990,14.0,4.0,0.8,0.9325,2.26,-1,0.72,10,15,8,0,0,0.4755,0,0,0.8358983180428134,3,18.0,3,0.16666666666666666,1.0,10.1,0.7189843635115926,3.0,2.0,0.9
Marseille vs Monaco,Marseille,1.0,1.0,14.0,8.0,495,406.0,11.0,2,0,994,7.0,9.0,0.5714285714285714,0.8202020202020202,1.79,1,0.58,3,18,8,0,0,0.28825,0,0,0.5989771568900009,2,11.0,2,0.18181818181818182,0.6875,6.2375,0.3952318513798343,3.2,1.8,1.06
Marseille vs Nantes,Marseille,0.0,0.0,8.0,4.0,466,406.0,17.0,2,2,892,14.0,6.0,0.5,0.871244635193133,0.75,0,0.56,6,11,4,0,0,0.3365,0,0,0.6531299628565053,4,17.0,4,0.23529411764705882,0.85,9.87,0.6997058967697661,2.8,2.2,0.7399999999999999
Marseille vs Paris FC,Marseille,5.0,4.0,11.0,7.0,589,538.0,9.0,1,0,988,12.0,2.0,0.6363636363636364,0.9134125636672326,2.83,-2,0.61,5,11,7,0,0,0.33775,0,0,0.6993286059926377,1,9.0,1,0.1111111111111111,0.6428571428571429,4.928571428571429,0.2855182168941299,2.6,2.0,0.7000000000000001
Marseille vs Paris Saint Germain,Marseille,0.0,0.0,6.0,1.0,307,245.0,16.0,3,0,989,18.0,9.0,0.16666666666666666,0.7980456026058632,1.14,0,0.32,5,9,1,0,0,0.22175,0,0,0.5554065933518613,3,16.0,3,0.1875,0.5925925925925926,9.018518518518519,0.6283352123261932,2.0,2.6,0.21999999999999997
Marseille vs Stade Brestois 29,Marseille,3.0,1.0,15.0,7.0,658,605.0,12.0,0,0,998,16.0,8.0,0.4666666666666667,0.9194528875379939,3.46,-1,0.64,6,19,7,0,0,0.3685,0,0,0.7359496853592111,0,12.0,0,0.0,0.5,6.1,0.3837066810450468,1.8,2.0,0.30000000000000004
Marseille vs Toulouse,Marseille,2.0,2.0,13.0,5.0,709,658.0,7.0,2,0,988,14.0,14.0,0.38461538461538464,0.9280677009873061,1.8,0,0.77,9,20,5,0,0,0.47675,0,0,0.7933534223590966,2,7.0,2,0.2857142857142857,0.25,4.1499999999999995,0.2202588108426057,2.0,2.0,0.4
Metz vs Marseille,Marseille,3.0,3.0,19.0,9.0,639,586.0,7.0,0,0,997,13.0,10.0,0.47368421052631576,0.917057902973396,2.71,0,0.62,4,21,9,0,0,0.323,0,0,0.7039417955233953,0,7.0,0,0.0,0.30434782608695654,3.5608695652173914,0.17087823913150038,2.6,1.2,0.9400000000000001
Nice vs Marseille,Marseille,5.0,4.0,12.0,11.0,467,412.0,10.0,1,0,989,12.0,13.0,0.9166666666666666,0.8822269807280514,2.86,0,0.47000000000000003,6,13,11,0,0,0.3005,0,0,0.6589269460215181,1,10.0,1,0.1,0.4,5.38,0.32335669820106855,2.6,1.2,0.9400000000000001
Paris FC vs Marseille,Marseille,2.0,1.0,13.0,4.0,464,397.0,15.0,4,0,990,12.0,8.0,0.3076923076923077,0.8556034482758621,2.63,0,0.48,4,18,4,0,0,0.267,0,0,0.6196977486027628,4,15.0,4,0.26666666666666666,0.75,8.85,0.614210087740797,3.0,1.4,1.08
Paris Saint Germain vs Marseille,Marseille,0.0,0.0,5.0,3.0,395,321.0,18.0,2,0,990,14.0,8.0,0.6,0.8126582278481013,0.66,-2,0.42,2,9,3,0,0,0.20550000000000002,0,0,0.5521242209576898,2,18.0,2,0.1111111111111111,0.8181818181818182,9.763636363636364,0.6907905583950876,2.4,1.8,0.6599999999999999
Rennes vs Marseille,Marseille,0.0,0.0,15.0,2.0,718,658.0,11.0,3,0,1004,15.0,4.0,0.13333333333333333,0.9164345403899722,1.71,0,0.72,12,24,2,0,0,0.5129999999999999,0,0,0.8277891356384112,3,11.0,3,0.2727272727272727,0.5789473684210527,6.515789473684211,0.4185579138277536,2.0,2.0,0.4
Strasbourg vs Marseille,Marseille,2.0,0.0,14.0,9.0,588,518.0,15.0,4,0,1002,14.0,6.0,0.6428571428571429,0.8809523809523809,2.02,0,0.6000000000000001,4,16,9,0,0,0.31500000000000006,0,0,0.6702927042376584,4,15.0,4,0.26666666666666666,0.75,8.85,0.614210087740797,1.8,2.8,0.06000000000000005
Angers vs Metz,Metz,0.0,0.0,2.0,0.0,328,262.0,11.0,2,1,914,13.0,10.0,0.0,0.7987804878048781,0.45,0,0.33,3,5,0,0,0,0.18825,0,0,0.5371960542999926,3,11.0,3,0.2727272727272727,0.4782608695652174,6.495652173913044,0.4168700170281508,0.0,3.0,-0.8999999999999999
Auxerre vs Metz,Metz,1.0,0.0,5.0,3.0,545,486.0,12.0,1,0,995,14.0,4.0,0.6,0.8917431192660551,0.55,0,0.61,3,5,3,0,0,0.30025,0,0,0.6500382262996942,1,12.0,1,0.08333333333333333,0.6666666666666666,6.433333333333334,0.411646487917259,0.5,2.0,-0.35
Lille vs Metz,Metz,1.0,1.0,9.0,4.0,317,249.0,12.0,2,0,1010,9.0,5.0,0.4444444444444444,0.7854889589905363,1.29,-1,0.38,8,10,4,0,0,0.30200000000000005,0,0,0.589686375519733,2,12.0,2,0.16666666666666666,0.8571428571428571,6.771428571428571,0.4399854348876456,0.6666666666666666,2.0,-0.26666666666666666
Lorient vs Metz,Metz,1.0,1.0,5.0,2.0,581,522.0,8.0,2,0,1004,12.0,11.0,0.4,0.8984509466437177,0.41000000000000003,0,0.5700000000000001,4,8,2,0,0,0.30300000000000005,0,0,0.6769013143004522,2,8.0,2,0.25,0.34782608695652173,4.669565217391304,0.2638084663369016,0.75,2.0,-0.22499999999999998
Lyon vs Metz,Metz,0.0,0.0,5.0,2.0,485,442.0,15.0,2,0,990,15.0,2.0,0.4,0.911340206185567,0.56,0,0.47000000000000003,3,11,2,0,0,0.24425000000000002,0,0,0.6414881459062391,2,15.0,2,0.13333333333333333,0.8823529411764706,8.276470588235293,0.566137184740079,0.6,2.0,-0.3
Metz vs Angers,Metz,1.0,1.0,6.0,5.0,542,481.0,10.0,0,0,999,25.0,6.0,0.8333333333333334,0.8874538745387454,1.71,2,0.55,4,9,5,0,0,0.29500000000000004,0,0,0.6594761727433789,0,10.0,0,0.0,0.3225806451612903,5.064516129032258,0.29691302292265875,0.8,1.4,-0.019999999999999962
Metz vs Le Havre,Metz,0.0,0.0,5.0,0.0,421,376.0,16.0,2,0,995,18.0,4.0,0.0,0.8931116389548693,0.47000000000000003,0,0.53,4,7,0,0,0,0.28700000000000003,0,0,0.6253019968474653,2,16.0,2,0.125,0.7272727272727273,8.745454545454544,0.605447148312694,0.6,1.6,-0.18
Metz vs Lens,Metz,2.0,1.0,15.0,7.0,456,392.0,15.0,3,1,990,18.0,10.0,0.4666666666666667,0.8596491228070176,3.42,0,0.46,2,16,7,0,0,0.22150000000000003,0,0,0.5942741026879125,4,15.0,4,0.26666666666666666,0.5357142857142857,8.807142857142857,0.6106178268572269,0.8,2.0,-0.19999999999999996
Metz vs Lille,Metz,0.0,0.0,5.0,2.0,318,254.0,12.0,1,0,997,18.0,10.0,0.4,0.7987421383647799,0.63,0,0.42,1,6,2,0,0,0.18675,0,0,0.5091187756044083,1,12.0,1,0.08333333333333333,0.42857142857142855,6.385714285714285,0.40765508693551433,0.6,1.8,-0.24000000000000005
Metz vs Lyon,Metz,2.0,1.0,8.0,6.0,470,404.0,10.0,1,0,996,7.0,8.0,0.75,0.8595744680851064,1.3,0,0.53,6,15,6,0,0,0.3245,0,0,0.648518120892706,1,10.0,1,0.1,0.6666666666666666,5.433333333333334,0.32782706730062255,1.0,1.6,0.020000000000000018
Metz vs Marseille,Metz,0.0,0.0,3.0,1.0,375,322.0,8.0,0,0,990,10.0,6.0,0.3333333333333333,0.8586666666666667,0.16,0,0.38,4,4,1,0,0,0.22700000000000004,0,0,0.5940122324159022,0,8.0,0,0.0,0.5,4.1,0.2160678398117739,0.8,1.6,-0.07999999999999996
Metz vs Nice,Metz,2.0,1.0,6.0,2.0,421,351.0,12.0,2,0,995,16.0,7.0,0.3333333333333333,0.833729216152019,1.58,0,0.49,6,9,2,0,0,0.3085,0,0,0.6206107854460401,2,12.0,2,0.16666666666666666,0.5217391304347826,6.7043478260869565,0.4343627656785793,1.2,1.6,0.12
Metz vs Paris Saint Germain,Metz,2.0,1.0,6.0,5.0,461,395.0,10.0,2,0,1014,21.0,5.0,0.8333333333333334,0.8568329718004338,0.62,0,0.41000000000000003,4,9,5,0,0,0.23900000000000005,0,0,0.6193950791723882,2,10.0,2,0.2,0.38461538461538464,5.676923076923076,0.3482446184764698,1.2,1.2,0.24
Metz vs Rennes,Metz,0.0,0.0,11.0,5.0,482,414.0,9.0,0,0,990,13.0,10.0,0.45454545454545453,0.8589211618257261,1.02,0,0.52,6,16,5,0,0,0.3205,0,0,0.6518611925336582,0,9.0,0,0.0,0.391304347826087,4.578260869565217,0.2561553888023392,1.2,1.0,0.3
Metz vs Strasbourg,Metz,0.0,0.0,2.0,0.0,349,272.0,16.0,2,0,1006,25.0,10.0,0.0,0.7793696275071633,0.30000000000000004,0,0.38,3,2,0,0,0,0.20825000000000002,0,0,0.533912642499759,2,16.0,2,0.125,0.45714285714285713,8.69142857142857,0.6009187224715874,0.8,1.2,0.040000000000000036
Monaco vs Metz,Metz,2.0,1.0,5.0,3.0,542,457.0,6.0,0,0,988,23.0,9.0,0.6,0.8431734317343174,2.16,-1,0.5700000000000001,5,8,3,0,0,0.32175000000000004,0,0,0.6498359513411648,0,6.0,0,0.0,0.1875,3.0375,0.12700970540659773,1.2,1.2,0.24
Nantes vs Metz,Metz,2.0,1.0,13.0,7.0,336,275.0,8.0,3,0,988,25.0,8.0,0.5384615384615384,0.8184523809523809,1.34,0,0.48,5,14,7,0,0,0.28575,0,0,0.5744784840541721,3,8.0,3,0.375,0.24242424242424243,4.948484848484849,0.28718734821376857,1.2,1.4,0.18
Paris FC vs Metz,Metz,2.0,2.0,9.0,2.0,465,409.0,8.0,1,1,978,16.0,5.0,0.2222222222222222,0.8795698924731182,1.84,0,0.49,6,14,2,0,0,0.3085,0,0,0.6569867810989445,2,8.0,2,0.25,0.38095238095238093,4.676190476190476,0.2643637916908835,1.2,1.4,0.18
Stade Brestois 29 vs Metz,Metz,1.0,1.0,6.0,3.0,406,331.0,8.0,3,0,990,8.0,5.0,0.5,0.8152709359605911,1.05,0,0.44,2,7,3,0,0,0.21350000000000002,0,0,0.5567944893870234,3,8.0,3,0.375,0.6153846153846154,5.023076923076923,0.2934396126886691,1.4,2.0,0.09999999999999998
Strasbourg vs Metz,Metz,1.0,0.0,6.0,2.0,523,462.0,12.0,3,0,988,21.0,5.0,0.3333333333333333,0.8833652007648184,1.08,0,0.52,1,9,2,0,0,0.22675,0,0,0.6141214383028984,3,12.0,3,0.25,0.46153846153846156,6.992307692307692,0.45849939482604546,1.6,2.2,0.14
Toulouse vs Metz,Metz,0.0,0.0,2.0,2.0,608,545.0,11.0,1,1,953,19.0,5.0,1.0,0.8963815789473685,0.08,0,0.64,1,2,2,0,0,0.27475,0,0,0.6466235111862224,2,11.0,2,0.18181818181818182,0.4583333333333333,6.191666666666666,0.39139012793490513,1.2,2.6,-0.18000000000000005
Angers vs Monaco,Monaco,1.0,1.0,8.0,4.0,568,488.0,14.0,2,0,1002,18.0,10.0,0.5,0.8591549295774648,1.8800000000000001,0,0.58,3,11,4,0,0,0.28825,0,0,0.6407777705991299,2,14.0,2,0.14285714285714285,0.5,7.699999999999999,0.5178177540316651,1.0,2.0,-0.09999999999999998
Auxerre vs Monaco,Monaco,2.0,2.0,9.0,3.0,574,486.0,19.0,6,0,989,17.0,8.0,0.3333333333333333,0.8466898954703833,1.42,0,0.67,8,13,3,0,0,0.41800000000000004,0,0,0.6988801159309103,6,19.0,6,0.3157894736842105,0.76,11.452,0.832308220185285,1.5,4.0,-0.44999999999999996
Le Havre vs Monaco,Monaco,0.0,0.0,9.0,2.0,402,334.0,20.0,3,0,990,15.0,13.0,0.2222222222222222,0.8308457711442786,0.5,0,0.53,6,10,2,0,0,0.3245,0,0,0.6133586653886531,3,20.0,3,0.15,0.7142857142857143,11.042857142857143,0.7980141029501355,1.0,3.6666666666666665,-0.5999999999999999
Lille vs Monaco,Monaco,0.0,0.0,5.0,1.0,425,338.0,14.0,2,0,999,14.0,11.0,0.2,0.7952941176470588,1.25,0,0.5,3,6,1,0,0,0.25625,0,0,0.565116477783774,2,14.0,2,0.14285714285714285,0.56,7.712,0.5188235870790647,0.75,3.25,-0.6
Lorient vs Monaco,Monaco,1.0,0.0,5.0,2.0,570,516.0,11.0,3,1,938,15.0,8.0,0.4,0.9052631578947369,0.92,0,0.53,4,5,2,0,0,0.28700000000000003,0,0,0.6769435055528731,4,11.0,4,0.36363636363636365,0.4782608695652174,6.7956521739130435,0.44201584321314175,0.8,3.4,-0.62
Marseille vs Monaco,Monaco,0.0,0.0,11.0,7.0,348,285.0,11.0,1,0,998,14.0,17.0,0.6363636363636364,0.8189655172413793,2.21,1,0.42,7,18,7,0,0,0.29925,0,0,0.6034047769693135,1,11.0,1,0.09090909090909091,0.3548387096774194,5.870967741935484,0.3645093298715591,0.6,3.2,-0.6599999999999999
Monaco vs Le Havre,Monaco,2.0,2.0,8.0,3.0,725,643.0,5.0,0,0,999,11.0,8.0,0.375,0.886896551724138,1.76,-1,0.74,5,13,3,0,0,0.38975,0,0,0.7276608140883687,0,5.0,0,0.0,0.2631578947368421,2.5526315789473686,0.08636831527866283,0.6,2.0,-0.3
Monaco vs Lens,Monaco,1.0,0.0,12.0,6.0,460,388.0,15.0,1,1,945,20.0,8.0,0.5,0.8434782608695652,2.83,1,0.5,5,16,6,0,0,0.29375,0,0,0.6249119133094003,2,15.0,2,0.13333333333333333,0.5357142857142857,8.207142857142857,0.5603261744872451,0.8,1.8,-0.14
Monaco vs Lorient,Monaco,1.0,0.0,12.0,7.0,582,527.0,16.0,1,0,989,17.0,4.0,0.5833333333333334,0.9054982817869416,1.25,1,0.62,4,14,7,0,0,0.323,0,0,0.6807307922696176,1,16.0,1,0.0625,0.7619047619047619,8.452380952380953,0.5808818895432297,1.0,1.6,0.020000000000000018
Monaco vs Lyon,Monaco,1.0,1.0,3.0,2.0,371,303.0,14.0,2,1,970,13.0,14.0,0.6666666666666666,0.816711590296496,0.6900000000000001,0,0.45,7,6,2,0,0,0.31125,0,0,0.6093114526406027,3,14.0,3,0.21428571428571427,0.5185185185185185,8.003703703703705,0.5432740225152363,1.0,1.4,0.08000000000000002
Monaco vs Metz,Monaco,4.0,4.0,13.0,6.0,410,342.0,15.0,1,0,990,24.0,13.0,0.46153846153846156,0.8341463414634146,3.5,-1,0.43,4,16,6,0,0,0.247,0,0,0.5924554337286492,1,15.0,1,0.06666666666666667,0.40540540540540543,7.8810810810810805,0.5329958653325154,1.8,1.4,0.48000000000000004
Monaco vs Nice,Monaco,2.0,0.0,16.0,6.0,527,448.0,10.0,1,0,990,12.0,5.0,0.375,0.8500948766603416,2.98,0,0.66,6,20,6,0,0,0.3765,0,0,0.6612095178408741,1,10.0,1,0.1,0.5882352941176471,5.417647058823529,0.3265122528595772,1.8,1.6,0.42000000000000004
Monaco vs Paris FC,Monaco,0.0,0.0,6.0,1.0,517,422.0,10.0,3,0,990,15.0,16.0,0.16666666666666666,0.816247582205029,0.61,0,0.55,3,10,1,0,0,0.27625,0,0,0.6037277666376827,3,10.0,3,0.3,0.3225806451612903,5.964516129032258,0.3723505014776316,1.6,1.8,0.26
Monaco vs Paris Saint Germain,Monaco,1.0,1.0,7.0,5.0,407,316.0,10.0,3,1,994,16.0,15.0,0.7142857142857143,0.7764127764127764,0.52,0,0.43,4,10,5,0,0,0.247,0,0,0.5626712200106696,4,10.0,4,0.4,0.3225806451612903,6.264516129032258,0.3974963276626225,1.6,2.4,0.08000000000000007
Monaco vs Rennes,Monaco,4.0,4.0,11.0,6.0,418,331.0,15.0,1,0,990,20.0,12.0,0.5454545454545454,0.7918660287081339,2.21,-1,0.46,5,14,6,0,0,0.27775000000000005,0,0,0.586261760531437,1,15.0,1,0.06666666666666667,0.46875,7.89375,0.5340577667761384,2.2,2.0,0.5000000000000001
Monaco vs Strasbourg,Monaco,3.0,2.0,8.0,4.0,383,321.0,12.0,1,0,1001,23.0,10.0,0.5,0.8381201044386423,1.94,0,0.43,6,12,4,0,0,0.2845,0,0,0.611185434482318,1,12.0,1,0.08333333333333333,0.36363636363636365,6.372727272727272,0.40656652303140217,2.0,2.0,0.4
Monaco vs Toulouse,Monaco,1.0,1.0,9.0,5.0,418,322.0,15.0,3,0,990,23.0,12.0,0.5555555555555556,0.7703349282296651,3.08,1,0.54,2,14,5,0,0,0.2535,0,0,0.5379962102922026,3,15.0,3,0.2,0.42857142857142855,8.485714285714286,0.5836758702304509,1.8,2.4,0.18000000000000005
Nantes vs Monaco,Monaco,5.0,4.0,16.0,9.0,396,328.0,17.0,7,0,990,23.0,12.0,0.5625,0.8282828282828283,4.31,0,0.52,3,19,9,0,0,0.26425,0,0,0.5727423315726068,7,17.0,7,0.4117647058823529,0.4857142857142857,10.697142857142858,0.7690365318226697,2.8,3.2,0.43999999999999995
Nice vs Monaco,Monaco,0.0,0.0,8.0,2.0,433,337.0,11.0,2,0,990,26.0,11.0,0.25,0.7782909930715936,0.62,0,0.56,6,10,2,0,0,0.3365,0,0,0.5965613986764695,2,11.0,2,0.18181818181818182,0.2972972972972973,6.159459459459459,0.38869053848711704,2.6,2.8,0.4600000000000001
Rennes vs Monaco,Monaco,1.0,1.0,5.0,3.0,486,431.0,13.0,1,1,972,16.0,16.0,0.6,0.8868312757201646,1.33,0,0.5,6,13,3,0,0,0.3125,0,0,0.6670394910710915,2,13.0,2,0.15384615384615385,0.40625,7.1812499999999995,0.4743364295867849,2.0,3.0,0.10000000000000009
Stade Brestois 29 vs Monaco,Monaco,0.0,0.0,9.0,2.0,476,390.0,15.0,4,0,996,11.0,11.0,0.2222222222222222,0.819327731092437,0.6000000000000001,0,0.6000000000000001,3,10,2,0,0,0.29625,0,0,0.5927296147816924,4,15.0,4,0.26666666666666666,0.6818181818181818,8.836363636363636,0.6130670956414792,1.4,3.6,-0.3800000000000001
Angers vs Nantes,Nantes,1.0,1.0,6.0,4.0,406,326.0,13.0,2,0,990,13.0,8.0,0.6666666666666666,0.8029556650246306,0.35000000000000003,0,0.46,3,7,4,0,0,0.24025000000000002,0,0,0.5631368539190431,2,13.0,2,0.15384615384615385,0.6190476190476191,7.223809523809523,0.4779037442142191,1.0,2.0,-0.09999999999999998
Le Havre vs Nantes,Nantes,1.0,1.0,2.0,2.0,266,189.0,13.0,3,0,997,16.0,2.0,1.0,0.7105263157894737,0.21,0,0.35000000000000003,3,5,2,0,0,0.19625,0,0,0.4741087236439723,3,13.0,3,0.23076923076923078,0.7222222222222222,7.544444444444445,0.5047791774912995,1.0,2.5,-0.25
Lorient vs Nantes,Nantes,1.0,1.0,8.0,2.0,419,352.0,18.0,5,0,990,17.0,8.0,0.25,0.8400954653937948,1.42,0,0.43,4,10,2,0,0,0.247,0,0,0.5981822892718209,5,18.0,5,0.2777777777777778,0.72,10.644,0.7645821283270428,1.0,3.3333333333333335,-0.5
Lyon vs Nantes,Nantes,0.0,0.0,6.0,2.0,243,175.0,9.0,2,1,963,9.0,4.0,0.3333333333333333,0.720164609053498,0.86,0,0.28,0,6,2,0,0,0.11200000000000002,0,0,0.4343942311322536,3,9.0,3,0.3333333333333333,0.6923076923076923,5.538461538461539,0.33663885254493564,0.75,3.25,-0.6
Marseille vs Nantes,Nantes,2.0,0.0,11.0,9.0,380,325.0,20.0,3,0,990,23.0,12.0,0.8181818181818182,0.8552631578947368,3.63,0,0.44,3,15,9,0,0,0.23225,0,0,0.5813395300177048,3,20.0,3,0.15,0.5714285714285714,11.014285714285714,0.7956192623610887,1.0,3.2,-0.45999999999999996
Nantes vs Auxerre,Nantes,1.0,1.0,3.0,3.0,345,270.0,13.0,1,0,1000,14.0,8.0,1.0,0.782608695652174,0.48,0,0.43,3,4,3,0,0,0.22825,0,0,0.5343089349820502,1,13.0,1,0.07692307692307693,0.5909090909090909,6.918181818181818,0.452286207004113,1.0,3.0,-0.3999999999999999
Nantes vs Lens,Nantes,1.0,0.0,8.0,4.0,287,216.0,8.0,2,0,995,20.0,7.0,0.5,0.7526132404181185,1.19,0,0.34,1,10,4,0,0,0.15475,0,0,0.4765742043069186,2,8.0,2,0.25,0.2962962962962963,4.659259259259259,0.2629446268973743,1.0,2.8,-0.33999999999999997
Nantes vs Lille,Nantes,0.0,0.0,6.0,3.0,295,220.0,12.0,1,0,997,17.0,5.0,0.5,0.7457627118644068,0.45,0,0.37,5,8,3,0,0,0.24175,0,0,0.5255954232104909,1,12.0,1,0.08333333333333333,0.5454545454545454,6.409090909090909,0.40961450196291627,0.8,2.0,-0.19999999999999996
Nantes vs Lorient,Nantes,1.0,0.0,6.0,1.0,496,419.0,17.0,1,0,990,12.0,4.0,0.16666666666666666,0.844758064516129,0.84,0,0.56,1,9,1,0,0,0.24275000000000002,0,0,0.5865609894446088,1,17.0,1,0.058823529411764705,1.0625,9.012500000000001,0.6278307435910006,1.0,1.6,0.020000000000000018
Nantes vs Lyon,Nantes,0.0,0.0,10.0,2.0,436,363.0,13.0,4,0,1000,22.0,13.0,0.2,0.8325688073394495,0.76,0,0.54,5,13,2,0,0,0.30975,0,0,0.612117737003058,4,13.0,4,0.3076923076923077,0.37142857142857144,7.774285714285714,0.5240443395631866,0.6,1.8,-0.24000000000000005
Nantes vs Metz,Nantes,0.0,0.0,10.0,4.0,363,302.0,8.0,1,0,1004,11.0,5.0,0.4,0.8319559228650137,0.81,0,0.52,8,16,4,0,0,0.358,0,0,0.6269871357444334,1,8.0,1,0.125,0.5,4.3999999999999995,0.24121366599676483,0.4,1.8,-0.34
Nantes vs Monaco,Nantes,3.0,1.0,13.0,5.0,370,286.0,13.0,3,0,990,16.0,11.0,0.38461538461538464,0.772972972972973,1.62,0,0.48,1,18,5,0,0,0.21075,0,0,0.5121363335812876,3,13.0,3,0.23076923076923078,0.48148148148148145,7.496296296296297,0.5007434276097578,0.8,2.0,-0.19999999999999996
Nantes vs Nice,Nantes,1.0,1.0,16.0,5.0,447,337.0,11.0,2,0,995,22.0,8.0,0.3125,0.7539149888143176,1.59,0,0.56,4,20,5,0,0,0.29900000000000004,0,0,0.5636547421135809,2,11.0,2,0.18181818181818182,0.36666666666666664,6.173333333333333,0.38985343855693344,1.0,2.2,-0.16000000000000003
Nantes vs Paris FC,Nantes,1.0,1.0,4.0,1.0,465,398.0,16.0,1,0,990,16.0,5.0,0.25,0.8559139784946237,0.36,0,0.48,1,5,1,0,0,0.21075,0,0,0.5826588241096972,1,16.0,1,0.0625,0.7619047619047619,8.452380952380953,0.5808818895432297,1.0,2.2,-0.16000000000000003
Nantes vs Paris Saint Germain,Nantes,0.0,0.0,5.0,0.0,304,224.0,6.0,1,0,995,23.0,8.0,0.0,0.7368421052631579,0.14,0,0.29,2,5,0,0,0,0.1535,0,0,0.4863874134878481,1,6.0,1,0.16666666666666666,0.1935483870967742,3.3387096774193545,0.15225692605201196,1.0,1.6,0.020000000000000018
Nantes vs Rennes,Nantes,2.0,1.0,10.0,4.0,358,289.0,14.0,2,0,989,13.0,11.0,0.4,0.8072625698324022,2.11,0,0.43,4,16,4,0,0,0.247,0,0,0.5631114072403601,2,14.0,2,0.14285714285714285,0.5833333333333334,7.716666666666666,0.5192147443752757,1.4,1.8,0.15999999999999992
Nice vs Nantes,Nantes,0.0,0.0,10.0,3.0,348,275.0,14.0,0,0,1006,12.0,6.0,0.3,0.7902298850574713,0.75,0,0.41000000000000003,4,14,3,0,0,0.23900000000000005,0,0,0.5515369608773595,0,14.0,0,0.0,0.7777777777777778,7.155555555555556,0.4721827361403853,0.8,1.2,0.040000000000000036
Paris FC vs Nantes,Nantes,2.0,1.0,8.0,3.0,270,205.0,13.0,2,0,1000,12.0,4.0,0.375,0.7592592592592593,0.9,0,0.32,2,11,3,0,0,0.1655,0,0,0.4871984369690792,2,13.0,2,0.15384615384615385,0.8125,7.262499999999999,0.4811467575118866,1.0,1.2,0.14
Stade Brestois 29 vs Nantes,Nantes,0.0,0.0,4.0,0.0,390,328.0,12.0,1,0,998,13.0,7.0,0.0,0.841025641025641,0.15,1,0.49,3,6,0,0,0,0.25225,0,0,0.5772788755586921,1,12.0,1,0.08333333333333333,0.6,6.42,0.4105288956423705,0.8,1.2,0.040000000000000036
Strasbourg vs Nantes,Nantes,0.0,0.0,4.0,2.0,474,394.0,9.0,2,0,1004,21.0,6.0,0.5,0.8312236286919831,0.44,0,0.51,6,9,2,0,0,0.3165,0,0,0.6355659427863585,2,9.0,2,0.2222222222222222,0.3333333333333333,5.166666666666666,0.30547522180285275,0.8,1.4,-0.019999999999999962
Toulouse vs Nantes,Nantes,2.0,1.0,6.0,2.0,498,427.0,12.0,3,0,1004,17.0,6.0,0.3333333333333333,0.857429718875502,1.46,0,0.54,4,12,2,0,0,0.29100000000000004,0,0,0.6310084374194024,3,12.0,3,0.25,0.5217391304347826,7.004347826086957,0.45950859186357024,0.8,1.6,-0.07999999999999996
Le Havre vs Nice,Nice,1.0,1.0,5.0,3.0,475,406.0,16.0,4,0,990,11.0,6.0,0.6,0.8547368421052631,0.63,0,0.59,5,7,3,0,0,0.32975,0,0,0.635128359890552,4,16.0,4,0.25,0.9411764705882353,9.388235294117646,0.659324658249163,1.0,4.0,-0.7
Lens vs Nice,Nice,0.0,0.0,6.0,4.0,493,421.0,13.0,2,0,990,18.0,14.0,0.6666666666666666,0.8539553752535497,0.76,-1,0.54,5,8,4,0,0,0.30975,0,0,0.6402422136206587,2,13.0,2,0.15384615384615385,0.40625,7.1812499999999995,0.4743364295867849,0.5,3.0,-0.6499999999999999
Lorient vs Nice,Nice,0.0,0.0,5.0,2.0,560,486.0,11.0,2,0,990,11.0,8.0,0.4,0.8678571428571429,0.8200000000000001,0,0.5700000000000001,7,9,2,0,0,0.35925000000000007,0,0,0.6926823940585408,2,11.0,2,0.18181818181818182,0.5789473684210527,6.21578947368421,0.3934120876427626,0.3333333333333333,2.6666666666666665,-0.6333333333333333
Metz vs Nice,Nice,1.0,1.0,9.0,4.0,435,390.0,19.0,4,0,997,13.0,11.0,0.4444444444444444,0.896551724137931,0.9500000000000001,0,0.51,3,11,4,0,0,0.26025,0,0,0.6188033850047453,4,19.0,4,0.21052631578947367,0.7916666666666666,10.858333333333333,0.7825474241458751,0.5,3.0,-0.6499999999999999
Monaco vs Nice,Nice,2.0,1.0,4.0,2.0,272,186.0,9.0,3,1,934,14.0,10.0,0.5,0.6838235294117647,1.15,0,0.34,7,9,2,0,0,0.26725,0,0,0.5125921928404389,4,9.0,4,0.4444444444444444,0.375,5.775,0.35646536934464,0.8,3.2,-0.5599999999999999
Nantes vs Nice,Nice,4.0,2.0,7.0,4.0,363,264.0,15.0,3,0,988,24.0,18.0,0.5714285714285714,0.7272727272727273,1.12,0,0.44,2,7,4,0,0,0.21350000000000002,0,0,0.49964553794829025,3,15.0,3,0.2,0.35714285714285715,8.471428571428572,0.5824784499359276,1.4,3.0,-0.19999999999999996
Nice vs Angers,Nice,0.0,0.0,11.0,3.0,517,429.0,11.0,1,1,953,17.0,7.0,0.2727272727272727,0.8297872340425532,1.31,1,0.5,4,13,3,0,0,0.275,0,0,0.6229975925564448,2,11.0,2,0.18181818181818182,0.4583333333333333,6.191666666666666,0.39139012793490513,1.4,3.0,-0.19999999999999996
Nice vs Auxerre,Nice,2.0,2.0,15.0,6.0,473,412.0,10.0,2,0,989,12.0,10.0,0.4,0.8710359408033826,1.94,0,0.55,5,16,6,0,0,0.31375000000000003,0,0,0.6426662884445048,2,10.0,2,0.2,0.45454545454545453,5.6909090909090905,0.34941691806551367,1.8,3.0,1.1102230246251565e-16
Nice vs Lille,Nice,2.0,1.0,8.0,4.0,290,223.0,11.0,3,0,996,12.0,9.0,0.5,0.7689655172413793,1.77,0,0.32,2,8,4,0,0,0.1655,0,0,0.49816777391120953,3,11.0,3,0.2727272727272727,0.5238095238095238,6.504761904761905,0.4176335893898758,2.0,2.8,0.16000000000000003
Nice vs Lyon,Nice,3.0,3.0,5.0,4.0,252,192.0,10.0,1,0,990,15.0,11.0,0.8,0.7619047619047619,0.6000000000000001,-1,0.31,1,5,4,0,0,0.14275,0,0,0.4705166011358672,1,10.0,1,0.1,0.38461538461538464,5.3769230769230765,0.32309879229147886,2.2,2.2,0.44000000000000006
Nice vs Marseille,Nice,1.0,1.0,10.0,7.0,507,454.0,9.0,2,0,990,8.0,7.0,0.7,0.8954635108481263,1.19,0,0.53,8,15,7,0,0,0.362,0,0,0.7027776269836962,2,9.0,2,0.2222222222222222,0.6,5.22,0.30994559090240675,1.6,2.0,0.20000000000000007
Nice vs Monaco,Nice,0.0,0.0,10.0,3.0,327,241.0,10.0,2,0,1003,15.0,12.0,0.3,0.7370030581039755,0.5700000000000001,0,0.44,8,13,3,0,0,0.326,0,0,0.5685015290519877,2,10.0,2,0.2,0.37037037037037035,5.674074074074074,0.3480058167083313,1.6,2.0,0.20000000000000007
Nice vs Nantes,Nice,1.0,1.0,16.0,8.0,489,421.0,16.0,2,0,990,16.0,7.0,0.5,0.8609406952965235,1.75,0,0.59,7,19,8,0,0,0.36724999999999997,0,0,0.6675116320519315,2,16.0,2,0.125,0.6956521739130435,8.739130434782608,0.6049170650202568,1.4,2.0,0.09999999999999998
Nice vs Paris FC,Nice,1.0,1.0,7.0,5.0,392,319.0,14.0,1,0,990,15.0,12.0,0.7142857142857143,0.8137755102040817,0.96,0,0.44,5,11,5,0,0,0.26975000000000005,0,0,0.5892654309430194,1,14.0,1,0.07142857142857142,0.5185185185185185,7.4037037037037035,0.4929823701452543,1.2,1.6,0.12
Nice vs Stade Brestois 29,Nice,2.0,1.0,9.0,7.0,507,427.0,15.0,5,0,990,15.0,4.0,0.7777777777777778,0.8422090729783037,1.2,0,0.6000000000000001,6,15,7,0,0,0.35250000000000004,0,0,0.6511504080487849,5,15.0,5,0.3333333333333333,0.7894736842105263,9.157894736842104,0.640017646193814,1.0,2.4,-0.21999999999999997
Nice vs Strasbourg,Nice,1.0,1.0,15.0,6.0,443,384.0,12.0,1,0,990,17.0,12.0,0.4,0.8668171557562077,2.75,0,0.45,5,19,6,0,0,0.27375000000000005,0,0,0.6313825839943118,1,12.0,1,0.08333333333333333,0.41379310344827586,6.382758620689655,0.40740734480561297,1.0,2.2,-0.16000000000000003
Nice vs Toulouse,Nice,0.0,0.0,7.0,2.0,472,403.0,12.0,2,0,997,17.0,5.0,0.2857142857142857,0.8538135593220338,0.79,0,0.5700000000000001,9,13,2,0,0,0.39675000000000005,0,0,0.6837492873062769,2,12.0,2,0.16666666666666666,0.5454545454545454,6.709090909090909,0.43476032814790716,1.0,2.2,-0.16000000000000003
Paris Saint Germain vs Nice,Nice,0.0,0.0,2.0,2.0,247,182.0,5.0,1,0,996,20.0,8.0,1.0,0.7368421052631579,0.48,0,0.23,1,5,2,0,0,0.11075000000000002,0,0,0.4564562208272976,1,5.0,1,0.2,0.17857142857142858,2.8357142857142854,0.11009614374645499,0.8,2.0,-0.19999999999999996
Rennes vs Nice,Nice,2.0,2.0,6.0,3.0,349,271.0,22.0,2,0,990,14.0,8.0,0.5,0.7765042979942693,0.73,0,0.42,3,8,3,0,0,0.22425,0,0,0.532479977743312,2,22.0,2,0.09090909090909091,1.0,11.799999999999999,0.8614773785598744,1.0,2.2,-0.16000000000000003
Stade Brestois 29 vs Nice,Nice,1.0,1.0,14.0,4.0,605,538.0,11.0,3,0,990,14.0,7.0,0.2857142857142857,0.8892561983471075,2.33,-2,0.62,7,21,4,0,0,0.37925,0,0,0.7171433896934314,3,11.0,3,0.2727272727272727,0.5238095238095238,6.504761904761905,0.4176335893898758,0.8,1.8,-0.14
Toulouse vs Nice,Nice,1.0,0.0,11.0,6.0,516,439.0,17.0,2,0,990,20.0,7.0,0.5454545454545454,0.8507751937984496,1.99,-1,0.5700000000000001,7,15,6,0,0,0.35925000000000007,0,0,0.6706857620368395,2,17.0,2,0.11764705882352941,0.6296296296296297,9.225925925925926,0.6457199810466807,0.8,2.0,-0.19999999999999996
Angers vs Paris FC,Paris FC,0.0,0.0,13.0,7.0,589,531.0,10.0,1,0,997,12.0,5.0,0.5384615384615384,0.9015280135823429,0.92,0,0.68,7,17,7,0,0,0.40325,0,0,0.7183863309501929,1,10.0,1,0.1,0.5882352941176471,5.417647058823529,0.3265122528595772,0.0,1.0,-0.3
Auxerre vs Paris FC,Paris FC,0.0,0.0,7.0,4.0,455,384.0,11.0,4,0,990,16.0,7.0,0.5714285714285714,0.843956043956044,0.77,0,0.51,4,7,4,0,0,0.279,0,0,0.6111217528648721,4,11.0,4,0.36363636363636365,0.4782608695652174,6.7956521739130435,0.44201584321314175,0.0,2.5,-0.75
Le Havre vs Paris FC,Paris FC,0.0,0.0,10.0,2.0,513,452.0,13.0,2,0,989,12.0,5.0,0.2,0.8810916179337231,1.23,0,0.56,2,13,2,0,0,0.2615,0,0,0.6224265429118158,2,13.0,2,0.15384615384615385,0.7647058823529411,7.252941176470588,0.4803455424618747,0.0,2.3333333333333335,-0.7000000000000001
Lens vs Paris FC,Paris FC,1.0,1.0,5.0,3.0,567,479.0,8.0,2,0,990,13.0,8.0,0.6,0.8447971781305115,0.52,0,0.5700000000000001,3,9,3,0,0,0.28425,0,0,0.6332930844780997,2,8.0,2,0.25,0.38095238095238093,4.676190476190476,0.2643637916908835,0.25,2.25,-0.5499999999999999
Lille vs Paris FC,Paris FC,2.0,1.0,4.0,3.0,440,353.0,12.0,2,0,998,14.0,9.0,0.75,0.8022727272727272,1.52,1,0.48,4,6,3,0,0,0.267,0,0,0.585692938559911,2,12.0,2,0.16666666666666666,0.5217391304347826,6.7043478260869565,0.4343627656785793,0.6,2.2,-0.36000000000000004
Marseille vs Paris FC,Paris FC,2.0,1.0,8.0,4.0,380,333.0,12.0,0,0,992,10.0,11.0,0.5,0.8763157894736842,1.09,-2,0.39,2,8,4,0,0,0.19350000000000003,0,0,0.5793658458071785,0,12.0,0,0.0,0.5714285714285714,6.114285714285714,0.38490410133957015,1.0,2.0,-0.09999999999999998
Monaco vs Paris FC,Paris FC,1.0,1.0,5.0,1.0,419,332.0,12.0,2,0,1004,9.0,16.0,0.2,0.7923627684964201,0.85,0,0.45,2,9,1,0,0,0.21750000000000003,0,0,0.5493159408231336,2,12.0,2,0.16666666666666666,0.48,6.696,0.4336630557325621,1.2,1.6,0.12
Nantes vs Paris FC,Paris FC,2.0,1.0,5.0,3.0,501,428.0,14.0,3,0,996,17.0,6.0,0.6,0.8542914171656687,0.97,0,0.52,2,10,3,0,0,0.24550000000000002,0,0,0.6053567177571463,3,14.0,3,0.21428571428571427,0.6086956521739131,8.021739130434783,0.5447857415344091,1.6,1.8,0.26
Nice vs Paris FC,Paris FC,1.0,0.0,6.0,3.0,512,437.0,14.0,1,0,1005,16.0,7.0,0.5,0.853515625,1.84,0,0.56,5,13,3,0,0,0.31775000000000003,0,0,0.6458327360474007,1,14.0,1,0.07142857142857142,0.6086956521739131,7.421739130434783,0.49449408916442716,1.6,1.6,0.32000000000000006
Paris FC vs Angers,Paris FC,0.0,0.0,6.0,1.0,624,545.0,14.0,1,0,999,19.0,10.0,0.16666666666666666,0.8733974358974359,0.8,0,0.63,2,8,1,0,0,0.2895,0,0,0.6525244060221125,1,14.0,1,0.07142857142857142,0.4827586206896552,7.396551724137931,0.4923828953617892,1.2,1.4,0.18
Paris FC vs Auxerre,Paris FC,1.0,0.0,9.0,2.0,511,451.0,11.0,2,0,990,23.0,5.0,0.2222222222222222,0.8825831702544031,1.8,0,0.55,4,11,2,0,0,0.29500000000000004,0,0,0.6475606982770488,2,11.0,2,0.18181818181818182,0.39285714285714285,6.178571428571428,0.39029249266492533,1.0,1.8,-0.040000000000000036
Paris FC vs Lorient,Paris FC,2.0,2.0,8.0,2.0,653,597.0,19.0,0,0,994,17.0,5.0,0.25,0.9142419601837672,1.02,0,0.59,1,10,2,0,0,0.25475,0,0,0.66931516969433,0,19.0,0,0.0,0.8636363636363636,9.672727272727272,0.6831706110663024,1.2,1.4,0.18
Paris FC vs Lyon,Paris FC,3.0,2.0,6.0,3.0,457,389.0,18.0,6,1,967,18.0,6.0,0.5,0.8512035010940919,0.62,-1,0.52,4,11,3,0,0,0.28300000000000003,0,0,0.6153571022290032,7,18.0,7,0.3888888888888889,0.75,11.25,0.8153766972207245,1.4,2.2,0.039999999999999925
Paris FC vs Marseille,Paris FC,2.0,1.0,7.0,4.0,492,429.0,12.0,1,0,997,12.0,9.0,0.5714285714285714,0.8719512195121951,1.53,0,0.52,4,9,4,0,0,0.28300000000000003,0,0,0.6364343253524278,1,12.0,1,0.08333333333333333,0.5714285714285714,6.414285714285714,0.4100499275245611,1.6,2.2,0.14
Paris FC vs Metz,Paris FC,3.0,2.0,19.0,9.0,481,422.0,4.0,1,0,988,6.0,7.0,0.47368421052631576,0.8773388773388774,3.21,0,0.51,14,24,9,0,0,0.4665,0,0,0.7607642398926804,1,4.0,1,0.25,0.3076923076923077,2.361538461538461,0.07035100089362133,2.2,2.2,0.44000000000000006
Paris FC vs Nantes,Paris FC,1.0,1.0,10.0,3.0,548,487.0,10.0,3,0,1012,18.0,6.0,0.3,0.8886861313868614,1.19,0,0.68,8,14,3,0,0,0.42200000000000004,0,0,0.7119271635527579,3,10.0,3,0.3,0.4166666666666667,5.983333333333333,0.3739277486397726,2.2,2.4,0.3800000000000001
Paris FC vs Rennes,Paris FC,0.0,0.0,13.0,4.0,442,362.0,9.0,4,0,1008,13.0,7.0,0.3076923076923077,0.8190045248868778,1.98,0,0.52,8,20,4,0,0,0.358,0,0,0.6446704581620933,4,9.0,4,0.4444444444444444,0.45,5.79,0.3577226606538895,1.8,3.2,-0.05999999999999994
Paris FC vs Strasbourg,Paris FC,2.0,2.0,16.0,6.0,634,576.0,11.0,1,0,999,19.0,4.0,0.375,0.9085173501577287,1.6,0,0.61,4,18,6,0,0,0.319,0,0,0.698142467127794,1,11.0,1,0.09090909090909091,0.4782608695652174,5.895652173913043,0.3665783646581689,1.6,2.0,0.20000000000000007
Paris FC vs Toulouse,Paris FC,0.0,0.0,6.0,2.0,607,548.0,12.0,3,0,990,14.0,7.0,0.3333333333333333,0.9028006589785832,0.46,0,0.65,7,9,2,0,0,0.39125,0,0,0.7245272408042763,3,12.0,3,0.25,0.5714285714285714,7.014285714285714,0.460341579894543,1.2,2.4,-0.12
Paris Saint Germain vs Paris FC,Paris FC,1.0,0.0,6.0,3.0,332,262.0,4.0,0,0,1013,17.0,5.0,0.5,0.7891566265060241,1.01,0,0.30000000000000004,1,6,3,0,0,0.13875,0,0,0.5086073652407797,0,4.0,0,0.0,0.18181818181818182,2.036363636363636,0.04309503544835145,0.8,2.2,-0.26
Stade Brestois 29 vs Paris FC,Paris FC,2.0,1.0,5.0,4.0,487,405.0,10.0,3,1,991,21.0,8.0,0.8,0.8316221765913757,1.55,0,0.54,1,7,4,0,0,0.23475000000000001,0,0,0.5772407519042505,4,10.0,4,0.4,0.3448275862068966,6.268965517241379,0.39786927280440954,1.0,2.4,-0.21999999999999997
Auxerre vs Paris Saint Germain,Paris Saint Germain,1.0,1.0,11.0,8.0,692,623.0,12.0,1,0,990,15.0,8.0,0.7272727272727273,0.9002890173410405,2.22,0,0.6900000000000001,7,16,8,0,0,0.40725,0,0,0.749265303777554,1,12.0,1,0.08333333333333333,0.5217391304347826,6.404347826086957,0.40921693949358834,1.0,1.0,0.2
Lille vs Paris Saint Germain,Paris Saint Germain,1.0,0.0,12.0,5.0,656,600.0,12.0,1,0,990,9.0,6.0,0.4166666666666667,0.9146341463414634,1.5,0,0.62,5,17,5,0,0,0.34175,0,0,0.7204286939658388,1,12.0,1,0.08333333333333333,0.8,6.46,0.41388167246703594,1.0,1.0,0.2
Lorient vs Paris Saint Germain,Paris Saint Germain,1.0,0.0,11.0,8.0,827,773.0,13.0,2,0,990,10.0,3.0,0.7272727272727273,0.9347037484885127,1.49,0,0.78,8,15,8,0,0,0.4620000000000001,0,0,0.8202570730210147,2,13.0,2,0.15384615384615385,1.0,7.3,0.48428998578501053,1.0,1.3333333333333333,0.10000000000000003
Lyon vs Paris Saint Germain,Paris Saint Germain,3.0,3.0,8.0,4.0,729,656.0,8.0,2,0,990,13.0,6.0,0.5,0.8998628257887518,1.42,-1,0.72,5,9,4,0,0,0.38175,0,0,0.7353671927108896,2,8.0,2,0.25,0.42105263157894735,4.684210526315789,0.26503602764570366,1.5,1.5,0.30000000000000004
Marseille vs Paris Saint Germain,Paris Saint Germain,0.0,0.0,11.0,5.0,668,610.0,7.0,1,0,989,17.0,5.0,0.45454545454545453,0.9131736526946108,0.67,0,0.68,3,12,5,0,0,0.32825000000000004,0,0,0.6983681719130547,1,7.0,1,0.14285714285714285,0.3181818181818182,3.8636363636363633,0.19625597675693257,1.2,1.4,0.18
Metz vs Paris Saint Germain,Paris Saint Germain,3.0,3.0,13.0,9.0,680,626.0,10.0,1,0,989,14.0,4.0,0.6923076923076923,0.9205882352941176,1.85,0,0.59,4,14,9,0,0,0.311,0,0,0.7182451879834503,1,10.0,1,0.1,0.5555555555555556,5.4111111111111105,0.3259644135091417,1.6,1.4,0.38000000000000006
Monaco vs Paris Saint Germain,Paris Saint Germain,0.0,0.0,13.0,4.0,534,445.0,13.0,1,0,997,13.0,7.0,0.3076923076923077,0.8333333333333334,1.33,0,0.5700000000000001,4,17,4,0,0,0.30300000000000005,0,0,0.6299694189602447,1,13.0,1,0.07692307692307693,0.65,6.93,0.453276800156855,1.4,1.4,0.27999999999999997
Nantes vs Paris Saint Germain,Paris Saint Germain,1.0,1.0,11.0,4.0,744,680.0,6.0,1,0,990,14.0,6.0,0.36363636363636365,0.9139784946236559,1.43,0,0.71,7,18,4,0,0,0.41525,0,0,0.7720121830916444,1,6.0,1,0.16666666666666666,0.3,3.36,0.15404146855546297,1.4,1.2,0.33999999999999997
Paris Saint Germain vs Angers,Paris Saint Germain,1.0,0.0,17.0,4.0,981,918.0,3.0,0,0,990,19.0,6.0,0.23529411764705882,0.9357798165137615,1.85,0,0.84,12,21,4,0,0,0.5609999999999999,0,0,0.9178899082568808,0,3.0,0,0.0,0.12,1.524,0.0001490123033184732,1.0,0.8,0.26
Paris Saint Germain vs Auxerre,Paris Saint Germain,2.0,2.0,12.0,8.0,672,607.0,17.0,1,0,990,21.0,7.0,0.6666666666666666,0.9032738095238095,1.77,0,0.66,5,15,8,0,0,0.35775,0,0,0.7196414919178681,1,17.0,1,0.058823529411764705,0.6071428571428571,8.921428571428573,0.620197189213414,1.4,0.8,0.45999999999999996
Paris Saint Germain vs Le Havre,Paris Saint Germain,3.0,2.0,24.0,11.0,599,526.0,10.0,2,0,990,18.0,11.0,0.4583333333333333,0.8781302170283807,3.46,0,0.65,6,31,11,0,0,0.3725,0,0,0.6972455366487469,2,10.0,2,0.2,0.3448275862068966,5.668965517241379,0.3475776204344276,1.4,1.0,0.39999999999999997
Paris Saint Germain vs Lens,Paris Saint Germain,2.0,2.0,9.0,6.0,771,713.0,10.0,1,0,990,14.0,4.0,0.6666666666666666,0.9247730220492867,1.07,0,0.68,4,14,6,0,0,0.34700000000000003,0,0,0.7481663275384048,1,10.0,1,0.1,0.5555555555555556,5.4111111111111105,0.3259644135091417,1.8,1.0,0.6000000000000001
Paris Saint Germain vs Lille,Paris Saint Germain,3.0,2.0,11.0,7.0,705,645.0,14.0,0,0,995,23.0,13.0,0.6363636363636364,0.9148936170212766,1.4,0,0.61,4,13,7,0,0,0.319,0,0,0.7230431387858677,0,14.0,0,0.0,0.3888888888888889,7.0777777777777775,0.4656634478702024,2.2,0.8,0.8600000000000001
Paris Saint Germain vs Marseille,Paris Saint Germain,4.0,4.0,19.0,7.0,548,491.0,11.0,2,0,990,14.0,11.0,0.3684210526315789,0.8959854014598541,4.39,-2,0.58,5,22,7,0,0,0.32575,0,0,0.6780767985892543,2,11.0,2,0.18181818181818182,0.44,6.188,0.3910827900593108,2.8,1.2,1.04
Paris Saint Germain vs Nice,Paris Saint Germain,1.0,1.0,17.0,8.0,805,760.0,12.0,3,0,990,13.0,4.0,0.47058823529411764,0.9440993788819876,2.29,0,0.77,11,28,8,0,0,0.5142500000000001,0,0,0.8557270594715749,3,12.0,3,0.25,0.7058823529411765,7.041176470588236,0.46259554750776355,2.6,1.6,0.8200000000000001
Paris Saint Germain vs Paris FC,Paris Saint Germain,2.0,2.0,16.0,6.0,782,708.0,7.0,1,0,998,18.0,5.0,0.375,0.9053708439897699,1.71,0,0.7000000000000001,7,20,6,0,0,0.41125,0,0,0.7793291528817351,1,7.0,1,0.14285714285714285,0.30434782608695654,3.860869565217391,0.1960240653164913,2.4,1.4,0.78
Paris Saint Germain vs Rennes,Paris Saint Germain,5.0,5.0,16.0,9.0,715,658.0,9.0,0,0,990,17.0,7.0,0.5625,0.9202797202797203,2.23,-1,0.66,8,20,9,0,0,0.41400000000000003,0,0,0.7787942943906246,0,9.0,0,0.0,0.375,4.575,0.2558820646046763,3.0,1.2,1.1400000000000001
Paris Saint Germain vs Strasbourg,Paris Saint Germain,3.0,1.0,16.0,9.0,780,715.0,12.0,2,0,989,21.0,5.0,0.5625,0.9166666666666666,2.67,0,0.71,4,21,9,0,0,0.359,0,0,0.7468654434250764,2,12.0,2,0.16666666666666666,0.46153846153846156,6.692307692307692,0.4333535686410545,3.0,1.6,1.02
Stade Brestois 29 vs Paris Saint Germain,Paris Saint Germain,3.0,3.0,16.0,8.0,808,751.0,10.0,1,0,990,6.0,7.0,0.5,0.9294554455445545,2.07,0,0.75,7,18,8,0,0,0.43125,0,0,0.7993225239955188,1,10.0,1,0.1,0.7692307692307693,5.453846153846154,0.3295464400312202,2.8,1.4,0.98
Strasbourg vs Paris Saint Germain,Paris Saint Germain,2.0,2.0,8.0,4.0,698,636.0,6.0,0,1,975,13.0,12.0,0.5,0.9111747851002865,1.34,0,0.68,6,13,4,0,0,0.3845,0,0,0.7440430500424979,1,6.0,1,0.16666666666666666,0.24,3.348,0.15303563550806332,3.0,1.0,1.2
Toulouse vs Paris Saint Germain,Paris Saint Germain,6.0,2.0,11.0,8.0,860,805.0,11.0,0,0,990,14.0,7.0,0.7272727272727273,0.936046511627907,2.62,0,0.76,7,13,8,0,0,0.43525,0,0,0.818520197709978,0,11.0,0,0.0,0.5238095238095238,5.604761904761904,0.34219611083490303,3.8,0.8,1.66
Angers vs Rennes,Rennes,1.0,1.0,11.0,7.0,676,612.0,11.0,2,0,1005,17.0,6.0,0.6363636363636364,0.9053254437869822,1.46,0,0.63,7,15,7,0,0,0.38325,0,0,0.7468905506396685,2,11.0,2,0.18181818181818182,0.4782608695652174,6.195652173913043,0.39172419084315985,1.0,2.0,-0.09999999999999998
Le Havre vs Rennes,Rennes,2.0,1.0,6.0,3.0,542,462.0,9.0,2,0,989,16.0,8.0,0.5,0.8523985239852399,1.11,0,0.5700000000000001,4,9,3,0,0,0.30300000000000005,0,0,0.6419484974666261,2,9.0,2,0.2222222222222222,0.375,5.175,0.3061737169746581,1.5,2.0,0.15000000000000002
Lens vs Rennes,Rennes,1.0,1.0,9.0,1.0,398,340.0,17.0,2,0,990,19.0,8.0,0.1111111111111111,0.8542713567839196,1.5,-1,0.49,4,14,1,0,0,0.271,0,0,0.5988482166182596,2,17.0,2,0.11764705882352941,0.6296296296296297,9.225925925925926,0.6457199810466807,1.3333333333333333,2.0,0.06666666666666665
Lille vs Rennes,Rennes,2.0,2.0,13.0,4.0,605,540.0,14.0,1,0,989,14.0,5.0,0.3076923076923077,0.8925619834710744,1.57,0,0.61,7,18,4,0,0,0.37525,0,0,0.7187962822554149,1,14.0,1,0.07142857142857142,0.7368421052631579,7.447368421052631,0.4966423214548306,1.5,1.75,0.22499999999999998
Lorient vs Rennes,Rennes,0.0,0.0,4.0,1.0,476,413.0,7.0,0,2,827,11.0,8.0,0.25,0.8676470588235294,0.08,0,0.49,2,4,1,0,0,0.2335,0,0,0.6043892786472388,2,7.0,2,0.2857142857142857,0.3684210526315789,4.173684210526315,0.22224400764668395,1.2,1.8,0.05999999999999994
Metz vs Rennes,Rennes,1.0,1.0,5.0,2.0,459,374.0,8.0,0,0,990,16.0,13.0,0.4,0.8148148148148148,0.78,0,0.48,3,9,2,0,0,0.24825,0,0,0.5852743798844716,0,8.0,0,0.0,0.27586206896551724,4.055172413793104,0.21231041750826957,1.2,1.4,0.18
Monaco vs Rennes,Rennes,0.0,0.0,7.0,4.0,496,413.0,9.0,2,0,990,13.0,6.0,0.5714285714285714,0.8326612903225806,0.38,-1,0.54,2,8,4,0,0,0.2535,0,0,0.5930126023478347,2,9.0,2,0.2222222222222222,0.47368421052631576,5.194736842105263,0.30782804764472327,0.8,1.4,-0.019999999999999962
Nantes vs Rennes,Rennes,2.0,1.0,8.0,4.0,495,429.0,18.0,2,0,990,10.0,6.0,0.5,0.8666666666666667,1.37,0,0.5700000000000001,4,8,4,0,0,0.30300000000000005,0,0,0.6347094801223242,2,18.0,2,0.1111111111111111,1.125,9.825,0.6959340228420174,1.0,1.4,0.08000000000000002
Paris FC vs Rennes,Rennes,1.0,1.0,8.0,3.0,398,328.0,13.0,2,0,995,13.0,9.0,0.375,0.8241206030150754,0.75,0,0.48,9,10,3,0,0,0.36075,0,0,0.6462728397338374,2,13.0,2,0.15384615384615385,0.5909090909090909,7.218181818181818,0.4774320331891039,0.8,1.6,-0.07999999999999996
Paris Saint Germain vs Rennes,Rennes,0.0,0.0,4.0,2.0,355,305.0,5.0,3,1,974,15.0,12.0,0.5,0.8591549295774648,0.24,-1,0.34,6,6,2,0,0,0.2485,0,0,0.613140155920231,4,5.0,4,0.8,0.18518518518518517,3.7370370370370374,0.18564449455092075,0.8,2.0,-0.19999999999999996
Rennes vs Auxerre,Rennes,2.0,2.0,13.0,7.0,418,338.0,11.0,1,0,990,23.0,10.0,0.5384615384615384,0.8086124401913876,2.03,0,0.52,6,19,7,0,0,0.3205,0,0,0.6071349662730638,1,11.0,1,0.09090909090909091,0.3333333333333333,5.866666666666666,0.3641488162344983,1.0,2.2,-0.16000000000000003
Rennes vs Le Havre,Rennes,1.0,1.0,12.0,7.0,392,315.0,18.0,1,0,1111,13.0,5.0,0.5833333333333334,0.8035714285714286,2.61,0,0.54,10,19,7,0,0,0.4035,0,0,0.6466633901266929,1,18.0,1,0.05555555555555555,1.0,9.5,0.6686927111416107,1.2,2.0,0.0
Rennes vs Lens,Rennes,0.0,0.0,8.0,2.0,529,464.0,16.0,3,0,990,17.0,6.0,0.25,0.8771266540642723,1.19,0,0.67,8,14,2,0,0,0.41800000000000004,0,0,0.7003370273379464,3,16.0,3,0.1875,0.6956521739130435,9.039130434782608,0.6300628912052478,0.8,2.2,-0.26
Rennes vs Lorient,Rennes,0.0,0.0,15.0,5.0,546,483.0,18.0,2,0,990,13.0,10.0,0.3333333333333333,0.8846153846153846,1.76,1,0.6900000000000001,9,22,5,0,0,0.44475,0,0,0.7217801693719125,2,18.0,2,0.1111111111111111,0.782608695652174,9.756521739130434,0.6901942146910957,0.6,2.2,-0.36000000000000004
Rennes vs Lyon,Rennes,2.0,2.0,14.0,5.0,446,383.0,18.0,2,0,989,16.0,10.0,0.35714285714285715,0.8587443946188341,2.19,-1,0.48,5,23,5,0,0,0.28575,0,0,0.6282636346182855,2,18.0,2,0.1111111111111111,0.6923076923076923,9.738461538461538,0.6886804191348086,1.0,1.8,-0.040000000000000036
Rennes vs Marseille,Rennes,1.0,1.0,7.0,5.0,284,220.0,8.0,2,1,952,9.0,4.0,0.7142857142857143,0.7746478873239436,1.47,0,0.28,1,12,5,0,0,0.13075,0,0,0.4866740965671706,3,8.0,3,0.375,0.6153846153846154,5.023076923076923,0.2934396126886691,0.8,2.2,-0.26
Rennes vs Monaco,Rennes,4.0,2.0,12.0,9.0,496,420.0,3.0,0,0,994,21.0,6.0,0.75,0.8467741935483871,3.69,0,0.5,4,17,9,0,0,0.275,0,0,0.625069053960738,0,3.0,0,0.0,0.1111111111111111,1.5222222222222221,0.0,1.4,2.0,0.09999999999999998
Rennes vs Nice,Rennes,1.0,1.0,12.0,7.0,480,422.0,13.0,5,0,990,13.0,17.0,0.5833333333333334,0.8791666666666667,1.74,0,0.58,7,19,7,0,0,0.36324999999999996,0,0,0.6738723241590214,5,13.0,5,0.38461538461538464,0.43333333333333335,8.086666666666666,0.5502279300034312,1.6,2.4,0.08000000000000007
Rennes vs Stade Brestois 29,Rennes,3.0,2.0,6.0,5.0,490,406.0,16.0,2,0,990,26.0,9.0,0.8333333333333334,0.8285714285714286,2.23,0,0.61,5,9,5,0,0,0.33775,0,0,0.6266328090869375,2,16.0,2,0.125,0.45714285714285713,8.69142857142857,0.6009187224715874,2.2,2.4,0.3800000000000001
Rennes vs Strasbourg,Rennes,4.0,4.0,9.0,6.0,400,335.0,15.0,1,0,989,22.0,6.0,0.6666666666666666,0.8375,2.35,0,0.41000000000000003,6,13,6,0,0,0.2765,0,0,0.6160741590214067,1,15.0,1,0.06666666666666667,0.5357142857142857,7.907142857142857,0.535180348302254,2.6,2.2,0.64
Toulouse vs Rennes,Rennes,2.0,1.0,9.0,5.0,356,277.0,12.0,3,0,990,15.0,8.0,0.5555555555555556,0.7780898876404494,1.58,0,0.45,8,11,5,0,0,0.33,0,0,0.5979134453492767,3,12.0,3,0.25,0.5217391304347826,7.004347826086957,0.45950859186357024,2.8,2.2,0.7399999999999999
Angers vs Stade Brestois 29,Stade Brestois 29,2.0,1.0,6.0,3.0,366,266.0,13.0,1,0,997,18.0,8.0,0.5,0.726775956284153,1.56,0,0.43,4,7,3,0,0,0.247,0,0,0.5253145836466637,1,13.0,1,0.07692307692307693,0.5,6.8999999999999995,0.45076221753835594,2.0,1.0,0.7
Le Havre vs Stade Brestois 29,Stade Brestois 29,0.0,0.0,6.0,2.0,497,412.0,11.0,3,0,990,15.0,10.0,0.3333333333333333,0.8289738430583501,0.55,0,0.54,1,8,2,0,0,0.23475000000000001,0,0,0.5789746891132729,3,11.0,3,0.2727272727272727,0.44,6.488,0.4162286162443018,1.0,2.0,-0.09999999999999998
Lens vs Stade Brestois 29,Stade Brestois 29,1.0,1.0,4.0,2.0,284,207.0,12.0,3,1,969,15.0,8.0,0.5,0.7288732394366197,1.08,2,0.32,1,9,2,0,0,0.14675,0,0,0.46378677262350865,4,12.0,4,0.3333333333333333,0.5217391304347826,7.304347826086957,0.4846544180485612,1.0,2.6666666666666665,-0.29999999999999993
Lorient vs Stade Brestois 29,Stade Brestois 29,2.0,1.0,7.0,4.0,405,340.0,16.0,2,0,997,21.0,5.0,0.5714285714285714,0.8395061728395061,1.59,0,0.5,2,8,4,0,0,0.23750000000000002,0,0,0.5686062974289274,2,16.0,2,0.125,0.6153846153846154,8.723076923076922,0.6035714689702238,1.25,2.5,-0.125
Lyon vs Stade Brestois 29,Stade Brestois 29,1.0,1.0,5.0,2.0,264,185.0,8.0,0,1,919,21.0,9.0,0.4,0.7007575757575758,0.6900000000000001,1,0.29,0,5,2,0,0,0.11599999999999999,0,0,0.43111273283291635,1,8.0,1,0.125,0.26666666666666666,4.3533333333333335,0.2373020930346552,1.2,2.2,-0.06000000000000005
Marseille vs Stade Brestois 29,Stade Brestois 29,0.0,0.0,4.0,2.0,375,304.0,10.0,1,0,990,12.0,9.0,0.5,0.8106666666666666,0.74,-1,0.36,2,4,2,0,0,0.1815,0,0,0.5450122324159021,1,10.0,1,0.1,0.47619047619047616,5.395238095238095,0.3246339465152268,0.8,2.2,-0.26
Nice vs Stade Brestois 29,Stade Brestois 29,2.0,1.0,8.0,2.0,338,261.0,21.0,3,0,997,24.0,15.0,0.25,0.772189349112426,1.68,0,0.4,5,12,2,0,0,0.25375000000000003,0,0,0.5519585889293017,3,21.0,3,0.14285714285714285,0.5384615384615384,11.507692307692308,0.8369763171488577,1.2,2.2,-0.06000000000000005
Rennes vs Stade Brestois 29,Stade Brestois 29,1.0,1.0,12.0,7.0,300,218.0,22.0,3,0,1004,14.0,16.0,0.5833333333333334,0.7266666666666667,0.8200000000000001,0,0.39,7,14,7,0,0,0.28725,0,0,0.5425764525993884,3,22.0,3,0.13636363636363635,0.7333333333333333,12.046666666666667,0.8821528356453116,1.2,2.0,0.0
Stade Brestois 29 vs Auxerre,Stade Brestois 29,2.0,2.0,8.0,4.0,451,369.0,16.0,3,0,995,21.0,8.0,0.5,0.8181818181818182,1.8800000000000001,0,0.5,7,11,4,0,0,0.33125000000000004,0,0,0.6345113983875452,3,16.0,3,0.1875,0.5517241379310345,9.010344827586207,0.6276500982879474,1.2,2.2,-0.06000000000000005
Stade Brestois 29 vs Lille,Stade Brestois 29,3.0,2.0,13.0,5.0,366,272.0,11.0,2,0,997,24.0,7.0,0.38461538461538464,0.7431693989071039,2.01,0,0.46,2,18,5,0,0,0.22150000000000003,0,0,0.5085113049581391,2,11.0,2,0.18181818181818182,0.3548387096774194,6.170967741935484,0.38965515605655004,1.6,2.4,0.08000000000000007
Stade Brestois 29 vs Lorient,Stade Brestois 29,2.0,0.0,8.0,5.0,357,280.0,11.0,2,0,998,19.0,11.0,0.625,0.7843137254901961,1.73,0,0.42,7,12,5,0,0,0.29925,0,0,0.5888311746717035,2,11.0,2,0.18181818181818182,0.36666666666666664,6.173333333333333,0.38985343855693344,2.0,2.6,0.21999999999999997
Stade Brestois 29 vs Lyon,Stade Brestois 29,0.0,0.0,9.0,3.0,383,313.0,19.0,1,0,990,13.0,8.0,0.3333333333333333,0.8172323759791122,1.49,1,0.5,12,13,3,0,0,0.425,0,0,0.6757415702525531,1,19.0,1,0.05263157894736842,0.9047619047619048,9.980952380952381,0.7090058610572311,1.6,2.2,0.14
Stade Brestois 29 vs Metz,Stade Brestois 29,3.0,2.0,18.0,7.0,516,435.0,11.0,2,0,990,15.0,8.0,0.3888888888888889,0.8430232558139535,3.11,0,0.56,6,20,7,0,0,0.3365,0,0,0.6543097930445914,2,11.0,2,0.18181818181818182,0.4782608695652174,6.195652173913043,0.39172419084315985,2.0,2.0,0.4
Stade Brestois 29 vs Monaco,Stade Brestois 29,1.0,0.0,9.0,4.0,320,225.0,17.0,2,1,972,17.0,11.0,0.4444444444444444,0.703125,1.53,0,0.4,2,12,4,0,0,0.19750000000000004,0,0,0.4744218272171254,3,17.0,3,0.17647058823529413,0.6071428571428571,9.521428571428572,0.6704888415833958,1.8,2.0,0.30000000000000004
Stade Brestois 29 vs Nantes,Stade Brestois 29,0.0,0.0,10.0,5.0,388,318.0,11.0,2,0,990,24.0,3.0,0.5,0.8195876288659794,1.51,1,0.51,12,17,5,0,0,0.429,0,0,0.6784482486837542,2,11.0,2,0.18181818181818182,0.4074074074074074,6.181481481481481,0.39053641161380975,1.2,2.0,0.0
Stade Brestois 29 vs Nice,Stade Brestois 29,4.0,4.0,9.0,5.0,376,290.0,17.0,1,0,1002,20.0,12.0,0.5555555555555556,0.7712765957446809,2.03,-2,0.38,2,11,5,0,0,0.18950000000000003,0,0,0.5256230073524628,1,17.0,1,0.058823529411764705,0.53125,8.90625,0.6189249301504828,1.6,1.8,0.26
Stade Brestois 29 vs Paris FC,Stade Brestois 29,1.0,0.0,15.0,8.0,401,316.0,11.0,0,0,997,15.0,8.0,0.5333333333333333,0.7880299251870324,2.57,0,0.46,6,23,8,0,0,0.2965,0,0,0.5916449320124764,0,11.0,0,0.0,0.4782608695652174,5.595652173913043,0.341432538473178,1.8,1.6,0.42000000000000004
Stade Brestois 29 vs Paris Saint Germain,Stade Brestois 29,0.0,0.0,7.0,2.0,259,191.0,9.0,1,0,989,26.0,10.0,0.2857142857142857,0.7374517374517374,1.62,0,0.25,2,8,2,0,0,0.1375,0,0,0.4729307616922296,1,9.0,1,0.1111111111111111,0.25,4.85,0.2789324052742512,1.2,1.4,0.18
Stade Brestois 29 vs Toulouse,Stade Brestois 29,0.0,0.0,10.0,5.0,498,399.0,16.0,2,0,995,15.0,9.0,0.5,0.8012048192771084,1.0,0,0.55,3,13,5,0,0,0.27625,0,0,0.5903959876202055,2,16.0,2,0.125,0.6666666666666666,8.733333333333333,0.6044311553355227,1.0,1.2,0.14
Strasbourg vs Stade Brestois 29,Stade Brestois 29,2.0,1.0,7.0,4.0,421,347.0,14.0,3,0,990,13.0,12.0,0.5714285714285714,0.8242280285035629,1.05,0,0.43,0,7,4,0,0,0.17200000000000001,0,0,0.5408601916218121,3,14.0,3,0.21428571428571427,0.56,8.012,0.5439694132640557,1.4,1.4,0.27999999999999997
Toulouse vs Stade Brestois 29,Stade Brestois 29,0.0,0.0,8.0,2.0,417,344.0,10.0,1,0,999,25.0,9.0,0.25,0.8249400479616307,0.97,0,0.53,9,16,2,0,0,0.38075000000000003,0,0,0.6524929597606319,1,10.0,1,0.1,0.29411764705882354,5.358823529411764,0.3215816987056574,0.6,1.4,-0.12
Le Havre vs Strasbourg,Strasbourg,1.0,0.0,4.0,3.0,387,331.0,12.0,1,1,936,22.0,7.0,0.75,0.8552971576227391,0.42,0,0.49,3,10,3,0,0,0.25225,0,0,0.5834972026645805,2,12.0,2,0.16666666666666666,0.41379310344827586,6.682758620689655,0.4325531709906039,1.0,2.0,-0.09999999999999998
Lens vs Strasbourg,Strasbourg,0.0,0.0,4.0,1.0,460,383.0,12.0,3,1,983,18.0,7.0,0.25,0.8326086956521739,0.46,0,0.45,1,7,1,0,0,0.19875,0,0,0.5694771307007046,4,12.0,4,0.3333333333333333,0.48,7.296,0.48395470810254404,0.5,3.0,-0.6499999999999999
Lille vs Strasbourg,Strasbourg,4.0,4.0,12.0,6.0,481,421.0,13.0,2,0,995,19.0,4.0,0.5,0.8752598752598753,3.19,1,0.53,1,15,6,0,0,0.23075,0,0,0.5972247388531792,2,13.0,2,0.15384615384615385,0.5652173913043478,7.213043478260869,0.4770013405139986,1.6666666666666667,2.6666666666666665,0.03333333333333344
Lyon vs Strasbourg,Strasbourg,1.0,1.0,5.0,2.0,434,365.0,19.0,4,1,973,8.0,10.0,0.4,0.8410138248847926,0.49,0,0.52,2,7,2,0,0,0.24550000000000002,0,0,0.5782286249806227,5,19.0,5,0.2631578947368421,1.0555555555555556,11.21111111111111,0.812117053085633,1.5,3.25,-0.22499999999999998
Metz vs Strasbourg,Strasbourg,1.0,1.0,6.0,4.0,585,521.0,13.0,2,0,990,23.0,5.0,0.6666666666666666,0.8905982905982905,0.62,0,0.62,3,9,4,0,0,0.30425,0,0,0.6616982278679525,2,13.0,2,0.15384615384615385,0.4642857142857143,7.192857142857142,0.4753093335760851,1.4,3.0,-0.19999999999999996
Monaco vs Strasbourg,Strasbourg,2.0,1.0,9.0,4.0,525,461.0,12.0,1,1,996,20.0,2.0,0.4444444444444444,0.878095238095238,1.62,0,0.5700000000000001,5,12,4,0,0,0.32175000000000004,0,0,0.6620980777632154,2,12.0,2,0.16666666666666666,0.5454545454545454,6.709090909090909,0.43476032814790716,1.6,3.0,-0.09999999999999987
Nice vs Strasbourg,Strasbourg,1.0,0.0,7.0,5.0,540,467.0,12.0,2,0,989,17.0,6.0,0.7142857142857143,0.8648148148148148,1.35,0,0.55,7,8,5,0,0,0.35125000000000006,0,0,0.6850450220863066,2,12.0,2,0.16666666666666666,0.5217391304347826,6.7043478260869565,0.4343627656785793,1.8,2.6,0.12
Paris FC vs Strasbourg,Strasbourg,3.0,3.0,6.0,4.0,414,344.0,10.0,5,0,1000,14.0,2.0,0.6666666666666666,0.8309178743961353,2.38,0,0.39,2,8,4,0,0,0.19350000000000003,0,0,0.5670644417852236,5,10.0,5,0.5,0.625,6.625,0.4277118768687809,1.6,3.2,-0.15999999999999992
Paris Saint Germain vs Strasbourg,Strasbourg,3.0,3.0,10.0,7.0,309,257.0,15.0,1,0,989,20.0,8.0,0.7,0.8317152103559871,2.15,0,0.29,1,12,7,0,0,0.13474999999999998,0,0,0.5228530180220302,1,15.0,1,0.06666666666666667,0.5357142857142857,7.907142857142857,0.535180348302254,2.0,2.4,0.28
Rennes vs Strasbourg,Strasbourg,1.0,1.0,12.0,2.0,586,524.0,9.0,1,0,1002,21.0,5.0,0.16666666666666666,0.89419795221843,1.6,0,0.59,5,20,2,0,0,0.32975,0,0,0.6888038690755759,1,9.0,1,0.1111111111111111,0.34615384615384615,4.869230769230769,0.28054431720918654,2.0,2.2,0.33999999999999997
Strasbourg vs Angers,Strasbourg,5.0,4.0,15.0,12.0,781,706.0,12.0,2,0,995,21.0,15.0,0.8,0.9039692701664532,4.73,0,0.66,2,18,12,0,0,0.3015,0,0,0.7158225555725233,2,12.0,2,0.16666666666666666,0.3333333333333333,6.666666666666666,0.43120435272780744,2.6,2.2,0.64
Strasbourg vs Auxerre,Strasbourg,3.0,2.0,17.0,9.0,690,626.0,11.0,1,0,990,19.0,7.0,0.5294117647058824,0.9072463768115943,4.06,0,0.64,4,18,9,0,0,0.331,0,0,0.7146323627177238,1,11.0,1,0.09090909090909091,0.4230769230769231,5.884615384615384,0.36565326737377124,3.0,2.0,0.9
Strasbourg vs Le Havre,Strasbourg,1.0,0.0,8.0,7.0,453,398.0,8.0,2,1,990,17.0,4.0,0.875,0.8785871964679912,1.36,0,0.49,4,9,7,0,0,0.271,0,0,0.6278257083257388,3,8.0,3,0.375,0.38095238095238093,4.976190476190476,0.2895096178758744,2.6,1.6,0.8200000000000001
Strasbourg vs Lille,Strasbourg,2.0,0.0,4.0,2.0,357,289.0,9.0,4,0,1005,18.0,11.0,0.5,0.8095238095238095,1.07,0,0.42,1,5,2,0,0,0.18675,0,0,0.5264362166885103,4,9.0,4,0.4444444444444444,0.3103448275862069,5.7620689655172415,0.3553814975263214,2.4,2.2,0.5399999999999999
Strasbourg vs Lorient,Strasbourg,0.0,0.0,8.0,2.0,688,641.0,6.0,1,0,990,13.0,11.0,0.25,0.9316860465116279,0.6900000000000001,0,0.63,11,12,2,0,0,0.45825,0,0,0.8137405767726336,1,6.0,1,0.16666666666666666,0.25,3.3499999999999996,0.15320327434929656,2.2,2.2,0.44000000000000006
Strasbourg vs Marseille,Strasbourg,1.0,1.0,7.0,1.0,393,323.0,13.0,2,0,1002,13.0,8.0,0.14285714285714285,0.821882951653944,1.36,0,0.4,5,9,1,0,0,0.25375000000000003,0,0,0.5936249620655041,2,13.0,2,0.15384615384615385,0.6190476190476191,7.223809523809523,0.4779037442142191,1.4,2.2,0.039999999999999925
Strasbourg vs Metz,Strasbourg,2.0,2.0,9.0,6.0,479,433.0,12.0,2,0,989,17.0,15.0,0.6666666666666666,0.9039665970772442,1.12,0,0.48,4,14,6,0,0,0.267,0,0,0.6484664789667567,2,12.0,2,0.16666666666666666,0.375,6.675,0.43190284789961275,1.2,2.4,-0.12
Strasbourg vs Nantes,Strasbourg,1.0,1.0,10.0,4.0,448,394.0,11.0,2,0,990,19.0,7.0,0.4,0.8794642857142857,1.78,0,0.49,7,15,4,0,0,0.32725000000000004,0,0,0.6642352009611184,2,11.0,2,0.18181818181818182,0.4230769230769231,6.184615384615384,0.39079909355876213,1.2,2.2,-0.06000000000000005
Strasbourg vs Paris Saint Germain,Strasbourg,1.0,1.0,6.0,4.0,318,268.0,8.0,1,0,989,10.0,10.0,0.6666666666666666,0.8427672955974843,2.31,0,0.32,5,9,4,0,0,0.22175,0,0,0.5811313542207605,1,8.0,1,0.125,0.4,4.38,0.23953727758443213,1.0,1.6,0.020000000000000018
Strasbourg vs Stade Brestois 29,Strasbourg,1.0,1.0,13.0,6.0,548,484.0,12.0,0,0,997,10.0,9.0,0.46153846153846156,0.8832116788321168,0.8,0,0.5700000000000001,5,14,6,0,0,0.32175000000000004,0,0,0.6716899372753856,0,12.0,0,0.0,0.631578947368421,6.126315789473685,0.38591245527180046,1.2,1.4,0.18
Toulouse vs Strasbourg,Strasbourg,0.0,0.0,1.0,0.0,782,727.0,13.0,3,0,995,7.0,5.0,0.0,0.9296675191815856,0.05,0,0.72,2,3,0,0,0,0.32549999999999996,0,0,0.7289774904776429,3,13.0,3,0.23076923076923078,1.0833333333333333,7.616666666666667,0.5108328023136122,1.0,1.6,0.020000000000000018
Angers vs Toulouse,Toulouse,0.0,0.0,10.0,5.0,446,377.0,16.0,2,0,990,21.0,9.0,0.5,0.8452914798206278,0.51,0,0.49,5,12,5,0,0,0.28975,0,0,0.6215371772191824,2,16.0,2,0.125,0.5333333333333333,8.706666666666667,0.6021959707857458,0.0,2.0,-0.6
Auxerre vs Toulouse,Toulouse,0.0,0.0,9.0,3.0,450,392.0,20.0,6,0,990,25.0,5.0,0.3333333333333333,0.8711111111111111,2.33,0,0.6000000000000001,4,13,3,0,0,0.31500000000000006,0,0,0.6231702344546382,6,20.0,6,0.3,0.6666666666666666,11.933333333333334,0.8726533013087594,0.0,4.0,-1.2
Lille vs Toulouse,Toulouse,1.0,0.0,7.0,4.0,231,171.0,10.0,4,1,1002,15.0,16.0,0.5714285714285714,0.7402597402597403,0.81,0,0.30000000000000004,6,9,4,0,0,0.2325,0,0,0.5157720719647325,5,10.0,5,0.5,0.3225806451612903,6.564516129032258,0.4226421538476134,0.3333333333333333,4.333333333333333,-1.133333333333333
Lorient vs Toulouse,Toulouse,1.0,0.0,3.0,2.0,413,346.0,18.0,4,0,989,21.0,12.0,0.6666666666666666,0.837772397094431,1.32,0,0.5,4,6,2,0,0,0.275,0,0,0.595185892736818,4,18.0,4,0.2222222222222222,0.5454545454545454,10.309090909090909,0.7365102423677984,0.5,4.25,-1.025
Lyon vs Toulouse,Toulouse,1.0,1.0,8.0,3.0,257,183.0,17.0,3,0,990,12.0,15.0,0.375,0.7120622568093385,1.18,0,0.31,5,14,3,0,0,0.21775,0,0,0.4971244005759231,3,17.0,3,0.17647058823529413,0.6296296296296297,9.525925925925927,0.6708658072316718,0.6,4.0,-0.8999999999999999
Marseille vs Toulouse,Toulouse,2.0,2.0,5.0,4.0,217,157.0,10.0,1,0,1011,19.0,8.0,0.8,0.7235023041474654,0.7000000000000001,0,0.23,1,6,4,0,0,0.11075000000000002,0,0,0.44061200834284586,1,10.0,1,0.1,0.37037037037037035,5.374074074074074,0.32285999052334036,1.0,3.8,-0.6399999999999999
Monaco vs Toulouse,Toulouse,0.0,0.0,7.0,2.0,350,246.0,18.0,4,0,1004,14.0,9.0,0.2857142857142857,0.7028571428571428,0.68,1,0.46,5,10,2,0,0,0.27775000000000005,0,0,0.5209622105723023,4,18.0,4,0.2222222222222222,0.782608695652174,10.356521739130434,0.7404858670610776,1.0,3.4,-0.52
Nice vs Toulouse,Toulouse,1.0,1.0,8.0,2.0,362,306.0,13.0,3,0,990,18.0,2.0,0.25,0.8453038674033149,0.61,0,0.43,4,10,2,0,0,0.247,0,0,0.5833552976160306,3,13.0,3,0.23076923076923078,0.65,7.53,0.5035684525268369,1.0,3.0,-0.3999999999999999
Paris FC vs Toulouse,Toulouse,3.0,3.0,7.0,4.0,321,264.0,14.0,1,0,1000,12.0,2.0,0.5714285714285714,0.822429906542056,2.54,0,0.35000000000000003,4,7,4,0,0,0.21500000000000002,0,0,0.559380090885707,1,14.0,1,0.07142857142857142,1.0,7.5,0.5010538699083378,1.4,2.4,-0.020000000000000018
Stade Brestois 29 vs Toulouse,Toulouse,2.0,2.0,7.0,5.0,421,340.0,16.0,3,0,989,11.0,11.0,0.7142857142857143,0.8076009501187649,0.37,0,0.45,2,8,5,0,0,0.21750000000000003,0,0,0.557546652429413,3,16.0,3,0.1875,0.7272727272727273,9.045454545454545,0.630592974497685,1.6,2.4,0.08000000000000007
Toulouse vs Angers,Toulouse,0.0,0.0,21.0,6.0,464,392.0,15.0,1,0,990,15.0,11.0,0.2857142857142857,0.8448275862068966,1.98,1,0.54,11,25,6,0,0,0.42225,0,0,0.7018098175682801,1,15.0,1,0.06666666666666667,0.5769230769230769,7.915384615384615,0.5358711677029406,1.2,2.4,-0.12
Toulouse vs Auxerre,Toulouse,0.0,0.0,8.0,4.0,459,382.0,12.0,1,0,990,20.0,13.0,0.5,0.8322440087145969,0.7000000000000001,0,0.5,5,12,4,0,0,0.29375,0,0,0.6189889768343627,1,12.0,1,0.08333333333333333,0.36363636363636365,6.372727272727272,0.40656652303140217,1.2,1.8,0.05999999999999994
Toulouse vs Le Havre,Toulouse,0.0,0.0,11.0,2.0,335,262.0,12.0,1,0,990,9.0,8.0,0.18181818181818182,0.7820895522388059,1.12,0,0.46,10,18,2,0,0,0.37150000000000005,0,0,0.6184912592998311,1,12.0,1,0.08333333333333333,0.7058823529411765,6.4411764705882355,0.4123038951377816,1.0,1.4,0.08000000000000002
Toulouse vs Lens,Toulouse,0.0,0.0,5.0,2.0,268,199.0,16.0,2,1,923,21.0,6.0,0.4,0.7425373134328358,0.66,0,0.32,2,8,2,0,0,0.1655,0,0,0.47822584326076045,3,16.0,3,0.1875,0.5925925925925926,9.018518518518519,0.6283352123261932,0.4,1.8,-0.34
Toulouse vs Metz,Toulouse,4.0,3.0,13.0,7.0,325,272.0,14.0,2,0,993,13.0,4.0,0.5384615384615384,0.8369230769230769,2.54,0,0.36,5,16,7,0,0,0.23775,0,0,0.5803499176664314,2,14.0,2,0.14285714285714285,0.8235294117647058,7.764705882352941,0.5232413636009768,0.8,1.6,-0.07999999999999996
Toulouse vs Nantes,Toulouse,2.0,1.0,15.0,7.0,404,335.0,18.0,2,0,997,15.0,7.0,0.4666666666666667,0.8292079207920792,2.15,0,0.46,1,20,7,0,0,0.20275,0,0,0.5506513610076603,2,18.0,2,0.1111111111111111,0.8181818181818182,9.763636363636364,0.6907905583950876,1.2,1.8,0.05999999999999994
Toulouse vs Nice,Toulouse,5.0,3.0,17.0,10.0,387,323.0,12.0,1,0,990,10.0,17.0,0.5882352941176471,0.834625322997416,1.84,-1,0.43,6,22,10,0,0,0.2845,0,0,0.6106612853519191,1,12.0,1,0.08333333333333333,0.4444444444444444,6.388888888888888,0.4079211803342973,2.2,1.8,0.56
Toulouse vs Paris Saint Germain,Toulouse,3.0,1.0,9.0,6.0,268,207.0,7.0,1,0,990,17.0,13.0,0.6666666666666666,0.7723880597014925,2.22,0,0.24,5,14,6,0,0,0.18975,0,0,0.5306512163950887,1,7.0,1,0.14285714285714285,0.23333333333333334,3.8466666666666667,0.19483358658889272,2.8,1.8,0.8599999999999999
Toulouse vs Rennes,Toulouse,2.0,1.0,11.0,4.0,431,354.0,9.0,2,0,990,14.0,11.0,0.36363636363636365,0.8213457076566125,1.55,0,0.55,5,15,4,0,0,0.31375000000000003,0,0,0.604977135173872,2,9.0,2,0.2222222222222222,0.36,5.172,0.30592225871280815,3.2,1.6,1.12
Toulouse vs Stade Brestois 29,Toulouse,2.0,0.0,6.0,3.0,387,314.0,14.0,0,0,992,18.0,5.0,0.5,0.8113695090439277,1.28,0,0.47000000000000003,3,6,3,0,0,0.24425000000000002,0,0,0.5615333783751748,0,14.0,0,0.0,0.6086956521739131,7.121739130434783,0.4693482629794362,2.8,1.2,1.04
Toulouse vs Strasbourg,Toulouse,1.0,0.0,5.0,3.0,302,239.0,21.0,3,0,990,13.0,8.0,0.6,0.7913907284768212,0.5,0,0.28,1,6,3,0,0,0.13075,0,0,0.5005501042995727,3,21.0,3,0.14285714285714285,1.0,11.6,0.8447134944365472,2.6,1.4,0.8800000000000001
