player_id,name,team,position,fixture,minutes,rating,goals,assists,shots_total,shots_on,passes_total,accurate_passes,pass_accuracy_pct,tackles,interceptions,fouls_committed,fouls_drawn,yellow_cards,red_cards,duels_won,duels_total
30519,Stefano Turati,Sassuolo,G,Sassuolo vs Napoli,90,6.2,,0.0,,,22,6.0,,,,,,0,0,1.0,1.0
40582,Sebastian Walukiewicz,Sassuolo,D,Sassuolo vs Napoli,90,6.3,,0.0,,,47,44.0,,1.0,1.0,2.0,,0,0,2.0,5.0
40582,Sebastian Walukiewicz,Sassuolo,D,Cremonese vs Sassuolo,90,6.3,,0.0,,,62,54.0,,2.0,1.0,1.0,,0,0,3.0,8.0
40582,Sebastian Walukiewicz,Sassuolo,D,Sassuolo vs Lazio,45,7.2,,0.0,,,20,15.0,,2.0,,1.0,,0,0,5.0,7.0
40582,Sebastian Walukiewicz,Sassuolo,D,Sassuolo vs Udinese,80,7.3,,0.0,,,27,19.0,,3.0,1.0,,1.0,0,0,7.0,7.0
40582,Sebastian Walukiewicz,Sassuolo,D,Hellas Verona vs Sassuolo,90,6.6,,0.0,,,28,24.0,,1.0,1.0,,,0,0,1.0,5.0
40582,Sebastian Walukiewicz,Sassuolo,D,Lecce vs Sassuolo,90,6.6,,0.0,,,24,22.0,,2.0,,2.0,,0,0,3.0,7.0
40582,Sebastian Walukiewicz,Sassuolo,D,Sassuolo vs AS Roma,90,7.2,,0.0,,,35,28.0,,2.0,,1.0,,0,0,3.0,6.0
40582,Sebastian Walukiewicz,Sassuolo,D,Cagliari vs Sassuolo,90,6.6,,0.0,,,35,30.0,,,1.0,2.0,2.0,1,0,4.0,8.0
40582,Sebastian Walukiewicz,Sassuolo,D,Sassuolo vs Genoa,90,6.2,,0.0,,,45,38.0,,,,,,0,0,3.0,7.0
40582,Sebastian Walukiewicz,Sassuolo,D,Atalanta vs Sassuolo,90,7.2,,0.0,,,23,20.0,,2.0,,,,0,0,2.0,6.0
40582,Sebastian Walukiewicz,Sassuolo,D,Sassuolo vs Pisa,45,6.5,,0.0,,,22,21.0,,2.0,,1.0,,1,0,2.0,4.0
40582,Sebastian Walukiewicz,Sassuolo,D,Como vs Sassuolo,90,6.5,,0.0,,,34,28.0,,2.0,5.0,1.0,,0,0,3.0,6.0
40582,Sebastian Walukiewicz,Sassuolo,D,Sassuolo vs Fiorentina,78,7.3,,0.0,,,32,29.0,,1.0,3.0,1.0,1.0,0,0,5.0,7.0
40582,Sebastian Walukiewicz,Sassuolo,D,AC Milan vs Sassuolo,90,7.2,,0.0,,,50,40.0,,2.0,1.0,1.0,,0,0,3.0,8.0
40582,Sebastian Walukiewicz,Sassuolo,D,Sassuolo vs Torino,90,6.3,,0.0,1.0,,67,58.0,,,,1.0,1.0,1,0,1.0,4.0
40582,Sebastian Walukiewicz,Sassuolo,D,Bologna vs Sassuolo,90,6.7,,0.0,,,38,29.0,,3.0,,2.0,,0,0,6.0,9.0
40582,Sebastian Walukiewicz,Sassuolo,D,Sassuolo vs Parma,90,7.3,,1.0,,,53,49.0,,1.0,2.0,1.0,1.0,1,0,2.0,3.0
40582,Sebastian Walukiewicz,Sassuolo,D,Sassuolo vs Juventus,90,6.2,,0.0,1.0,,44,30.0,,2.0,2.0,1.0,1.0,0,0,4.0,6.0
40582,Sebastian Walukiewicz,Sassuolo,D,AS Roma vs Sassuolo,90,6.2,,0.0,,,32,23.0,,,,3.0,,0,0,,4.0
40582,Sebastian Walukiewicz,Sassuolo,D,Napoli vs Sassuolo,90,6.6,,0.0,,,51,45.0,,1.0,,,,0,0,3.0,5.0
40582,Sebastian Walukiewicz,Sassuolo,D,Sassuolo vs Cremonese,90,7.5,,0.0,1.0,,29,26.0,,1.0,,,1.0,0,0,4.0,6.0
40582,Sebastian Walukiewicz,Sassuolo,D,Pisa vs Sassuolo,90,6.7,,0.0,,,46,38.0,,1.0,,,,0,0,2.0,2.0
40582,Sebastian Walukiewicz,Sassuolo,D,Sassuolo vs Inter,90,5.6,,0.0,,,37,32.0,,,,,,0,0,1.0,3.0
40582,Sebastian Walukiewicz,Sassuolo,D,Udinese vs Sassuolo,90,6.9,,0.0,,,34,29.0,,3.0,1.0,1.0,1.0,0,0,5.0,9.0
40582,Sebastian Walukiewicz,Sassuolo,D,Sassuolo vs Hellas Verona,89,7.9,,0.0,,,44,42.0,,2.0,1.0,,,1,0,4.0,6.0
30556,Filippo Romagna,Sassuolo,D,Sassuolo vs Napoli,90,6,,0.0,,,56,52.0,,1.0,2.0,,,0,0,2.0,6.0
30556,Filippo Romagna,Sassuolo,D,Lecce vs Sassuolo,74,7.7,,0.0,,,48,39.0,,,2.0,,1.0,0,0,3.0,4.0
30556,Filippo Romagna,Sassuolo,D,Sassuolo vs AS Roma,39,6.2,,0.0,1.0,,16,13.0,,,,,,0,0,,
30556,Filippo Romagna,Sassuolo,D,Sassuolo vs Hellas Verona,54,7,,0.0,1.0,,28,27.0,,,1.0,,,0,0,,1.0
271350,Tarik Muharemović,Sassuolo,D,Sassuolo vs Napoli,90,6.3,,0.0,1.0,1.0,52,45.0,,2.0,3.0,2.0,3.0,0,0,5.0,8.0
271350,Tarik Muharemović,Sassuolo,D,Cremonese vs Sassuolo,90,6.9,,0.0,,,83,68.0,,2.0,,1.0,,0,0,9.0,12.0
271350,Tarik Muharemović,Sassuolo,D,Sassuolo vs Lazio,90,7.6,,1.0,,,67,59.0,,3.0,2.0,1.0,1.0,1,0,5.0,7.0
271350,Tarik Muharemović,Sassuolo,D,Inter vs Sassuolo,90,6.3,,0.0,,,44,39.0,,3.0,2.0,2.0,,1,0,6.0,11.0
271350,Tarik Muharemović,Sassuolo,D,Sassuolo vs Udinese,90,6.7,,0.0,,,41,32.0,,1.0,,,2.0,0,0,6.0,8.0
271350,Tarik Muharemović,Sassuolo,D,Hellas Verona vs Sassuolo,90,7.6,,0.0,,,40,30.0,,3.0,1.0,,,0,0,9.0,10.0
271350,Tarik Muharemović,Sassuolo,D,Sassuolo vs Genoa,90,6.3,,0.0,,,70,60.0,,2.0,,3.0,2.0,1,0,6.0,12.0
271350,Tarik Muharemović,Sassuolo,D,Atalanta vs Sassuolo,90,7.5,,0.0,,,21,20.0,,1.0,3.0,,2.0,0,0,4.0,8.0
271350,Tarik Muharemović,Sassuolo,D,Sassuolo vs Pisa,90,7,,0.0,1.0,,52,45.0,,2.0,,,1.0,0,0,7.0,10.0
271350,Tarik Muharemović,Sassuolo,D,Como vs Sassuolo,90,6.5,,0.0,1.0,,46,39.0,,,3.0,,,0,0,1.0,1.0
271350,Tarik Muharemović,Sassuolo,D,Sassuolo vs Fiorentina,90,8.3,1.0,1.0,2.0,2.0,37,30.0,,1.0,2.0,1.0,1.0,0,0,4.0,6.0
271350,Tarik Muharemović,Sassuolo,D,AC Milan vs Sassuolo,90,6.7,,0.0,,,45,41.0,,,1.0,,1.0,1,0,2.0,3.0
271350,Tarik Muharemović,Sassuolo,D,Sassuolo vs Torino,90,6.7,,0.0,,,60,52.0,,1.0,3.0,1.0,1.0,0,0,6.0,12.0
271350,Tarik Muharemović,Sassuolo,D,Bologna vs Sassuolo,90,7.3,1.0,0.0,1.0,1.0,55,42.0,,,1.0,1.0,,0,0,3.0,4.0
271350,Tarik Muharemović,Sassuolo,D,Sassuolo vs Parma,90,6.9,,0.0,,,55,48.0,,1.0,3.0,1.0,,0,0,4.0,7.0
271350,Tarik Muharemović,Sassuolo,D,Sassuolo vs Juventus,90,5,,0.0,,,71,56.0,,,,,,0,0,1.0,2.0
271350,Tarik Muharemović,Sassuolo,D,AS Roma vs Sassuolo,90,7.2,,0.0,,,39,31.0,,2.0,4.0,2.0,,0,0,5.0,8.0
271350,Tarik Muharemović,Sassuolo,D,Napoli vs Sassuolo,90,6.9,,0.0,,,70,61.0,,3.0,2.0,,,0,0,4.0,5.0
271350,Tarik Muharemović,Sassuolo,D,Sassuolo vs Cremonese,90,7.3,,0.0,,,38,32.0,,1.0,1.0,,2.0,0,0,5.0,5.0
271350,Tarik Muharemović,Sassuolo,D,Pisa vs Sassuolo,90,7.2,,0.0,1.0,,33,25.0,,1.0,2.0,,1.0,0,0,5.0,8.0
271350,Tarik Muharemović,Sassuolo,D,Sassuolo vs Inter,90,6.2,,0.0,,,45,40.0,,1.0,1.0,2.0,,0,0,2.0,5.0
271350,Tarik Muharemović,Sassuolo,D,Udinese vs Sassuolo,45,6.2,,0.0,,,42,36.0,,1.0,,2.0,,1,0,2.0,6.0
135526,Josh Doig,Sassuolo,D,Sassuolo vs Napoli,81,6.7,,0.0,1.0,1.0,16,15.0,,1.0,1.0,1.0,1.0,0,0,3.0,6.0
135526,Josh Doig,Sassuolo,D,Cremonese vs Sassuolo,45,5.6,,0.0,,,18,12.0,,1.0,1.0,1.0,2.0,1,0,5.0,8.0
135526,Josh Doig,Sassuolo,D,Sassuolo vs Lazio,90,7.3,,0.0,,,29,24.0,,2.0,4.0,2.0,1.0,1,0,5.0,8.0
135526,Josh Doig,Sassuolo,D,Inter vs Sassuolo,90,6.9,,0.0,,,26,24.0,,1.0,,,,0,0,1.0,5.0
135526,Josh Doig,Sassuolo,D,Sassuolo vs Udinese,90,6.6,,0.0,,,29,24.0,,2.0,1.0,,2.0,0,0,6.0,9.0
135526,Josh Doig,Sassuolo,D,Hellas Verona vs Sassuolo,90,6.6,,0.0,1.0,,20,14.0,,1.0,2.0,1.0,,0,0,3.0,8.0
135526,Josh Doig,Sassuolo,D,Lecce vs Sassuolo,90,7,,0.0,,,36,29.0,,4.0,2.0,1.0,2.0,1,0,8.0,14.0
135526,Josh Doig,Sassuolo,D,Sassuolo vs AS Roma,90,6.6,,0.0,,,38,29.0,,3.0,1.0,2.0,2.0,1,0,10.0,19.0
135526,Josh Doig,Sassuolo,D,Sassuolo vs Genoa,78,7.3,,0.0,,,57,45.0,,2.0,,1.0,,0,0,4.0,7.0
135526,Josh Doig,Sassuolo,D,Atalanta vs Sassuolo,9,6.7,,0.0,,,8,8.0,,,1.0,,,0,0,,1.0
135526,Josh Doig,Sassuolo,D,Sassuolo vs Pisa,18,6.5,,0.0,1.0,1.0,16,14.0,,,,,,0,0,1.0,1.0
135526,Josh Doig,Sassuolo,D,Como vs Sassuolo,82,6.5,,0.0,,,28,21.0,,1.0,3.0,,,0,0,1.0,2.0
135526,Josh Doig,Sassuolo,D,Sassuolo vs Fiorentina,90,6.5,,0.0,,,32,23.0,,2.0,,1.0,1.0,0,0,5.0,11.0
135526,Josh Doig,Sassuolo,D,AC Milan vs Sassuolo,31,7.2,,0.0,,,20,19.0,,1.0,,,,0,0,3.0,3.0
135526,Josh Doig,Sassuolo,D,Sassuolo vs Torino,78,5.3,,0.0,1.0,,34,27.0,,,1.0,1.0,,0,0,2.0,6.0
135526,Josh Doig,Sassuolo,D,Bologna vs Sassuolo,30,7,,0.0,,,7,5.0,,,,,,0,0,1.0,1.0
135526,Josh Doig,Sassuolo,D,Sassuolo vs Parma,86,6.7,,0.0,1.0,,30,27.0,,1.0,,2.0,,0,0,2.0,6.0
135526,Josh Doig,Sassuolo,D,Sassuolo vs Juventus,90,6.3,,0.0,,,36,27.0,,,2.0,,2.0,0,0,5.0,6.0
135526,Josh Doig,Sassuolo,D,AS Roma vs Sassuolo,90,6.2,,0.0,,,27,19.0,,1.0,1.0,,,0,0,5.0,12.0
135526,Josh Doig,Sassuolo,D,Napoli vs Sassuolo,81,6.9,,0.0,1.0,,40,31.0,,1.0,,,2.0,0,0,4.0,5.0
135526,Josh Doig,Sassuolo,D,Sassuolo vs Cremonese,90,7.2,,0.0,2.0,1.0,35,31.0,,1.0,2.0,,,0,0,1.0,5.0
135526,Josh Doig,Sassuolo,D,Pisa vs Sassuolo,90,6.5,,0.0,,,31,25.0,,1.0,,1.0,1.0,0,0,3.0,7.0
135526,Josh Doig,Sassuolo,D,Sassuolo vs Inter,70,6.3,,0.0,,,22,16.0,,2.0,,,,0,0,2.0,4.0
135526,Josh Doig,Sassuolo,D,Udinese vs Sassuolo,45,6.9,,0.0,,,16,15.0,,3.0,1.0,,,0,0,4.0,6.0
328046,Ismael Koné,Sassuolo,M,Sassuolo vs Napoli,79,6,,0.0,,,29,25.0,,1.0,1.0,3.0,2.0,2,1,3.0,8.0
328046,Ismael Koné,Sassuolo,M,Sassuolo vs Lazio,90,6.6,,0.0,,,30,26.0,,1.0,1.0,1.0,1.0,0,0,4.0,8.0
328046,Ismael Koné,Sassuolo,M,Inter vs Sassuolo,68,7,,0.0,,,15,14.0,,2.0,1.0,,1.0,0,0,4.0,5.0
328046,Ismael Koné,Sassuolo,M,Sassuolo vs Udinese,79,7.6,1.0,0.0,1.0,1.0,10,10.0,,1.0,,1.0,2.0,0,0,6.0,10.0
328046,Ismael Koné,Sassuolo,M,Hellas Verona vs Sassuolo,82,7.3,,0.0,,,28,22.0,,1.0,1.0,,2.0,0,0,5.0,8.0
328046,Ismael Koné,Sassuolo,M,Sassuolo vs AS Roma,81,6.6,,0.0,1.0,,23,20.0,,1.0,,2.0,2.0,0,0,3.0,4.0
328046,Ismael Koné,Sassuolo,M,Cagliari vs Sassuolo,85,6.7,,0.0,1.0,,38,35.0,,,,2.0,3.0,0,0,4.0,8.0
328046,Ismael Koné,Sassuolo,M,Sassuolo vs Genoa,64,7,,0.0,1.0,,50,48.0,,,,,1.0,0,0,1.0,4.0
328046,Ismael Koné,Sassuolo,M,Atalanta vs Sassuolo,89,6.9,,0.0,,,23,21.0,,,,,1.0,0,0,1.0,2.0
328046,Ismael Koné,Sassuolo,M,Sassuolo vs Pisa,72,7.3,,0.0,1.0,,42,39.0,,1.0,,1.0,1.0,0,0,3.0,7.0
328046,Ismael Koné,Sassuolo,M,Como vs Sassuolo,82,6.2,,0.0,,,29,25.0,,,,,1.0,1,0,1.0,4.0
328046,Ismael Koné,Sassuolo,M,Sassuolo vs Fiorentina,90,7.9,1.0,0.0,1.0,1.0,26,25.0,,,,1.0,2.0,0,0,2.0,3.0
328046,Ismael Koné,Sassuolo,M,AC Milan vs Sassuolo,90,8,1.0,0.0,1.0,1.0,28,25.0,,2.0,3.0,,4.0,0,0,7.0,10.0
328046,Ismael Koné,Sassuolo,M,Sassuolo vs Torino,90,7.3,,0.0,,,30,26.0,,,1.0,1.0,1.0,0,0,2.0,6.0
328046,Ismael Koné,Sassuolo,M,Bologna vs Sassuolo,90,7.2,,0.0,,,17,15.0,,1.0,1.0,,3.0,0,0,7.0,9.0
328046,Ismael Koné,Sassuolo,M,Sassuolo vs Parma,31,6.6,,0.0,1.0,,24,20.0,,2.0,,2.0,1.0,0,0,3.0,5.0
328046,Ismael Koné,Sassuolo,M,Sassuolo vs Juventus,90,6.9,,0.0,,,56,54.0,,,,1.0,,0,0,3.0,7.0
328046,Ismael Koné,Sassuolo,M,AS Roma vs Sassuolo,83,6.6,,0.0,2.0,2.0,20,17.0,,1.0,,1.0,2.0,0,0,4.0,7.0
328046,Ismael Koné,Sassuolo,M,Sassuolo vs Cremonese,84,7.2,,0.0,,,43,40.0,,2.0,,,1.0,0,0,5.0,6.0
328046,Ismael Koné,Sassuolo,M,Pisa vs Sassuolo,73,7.7,1.0,0.0,2.0,2.0,23,21.0,,1.0,,1.0,,1,0,2.0,4.0
328046,Ismael Koné,Sassuolo,M,Sassuolo vs Inter,90,7.3,,0.0,1.0,1.0,25,24.0,,,,,2.0,0,0,3.0,5.0
328046,Ismael Koné,Sassuolo,M,Udinese vs Sassuolo,90,6.9,,0.0,,,31,28.0,,1.0,,,,0,0,1.0,2.0
328046,Ismael Koné,Sassuolo,M,Sassuolo vs Hellas Verona,73,7,,0.0,,,37,34.0,,,,,3.0,0,0,3.0,3.0
343562,Luca Lipani,Sassuolo,M,Sassuolo vs Napoli,73,6.2,,0.0,,,39,31.0,,2.0,1.0,5.0,,0,0,3.0,12.0
343562,Luca Lipani,Sassuolo,M,Cremonese vs Sassuolo,21,6.2,,0.0,,,13,9.0,,,,2.0,,0,0,,4.0
343562,Luca Lipani,Sassuolo,M,Sassuolo vs Pisa,18,6.5,,0.0,,,14,12.0,,3.0,,2.0,,0,0,3.0,6.0
343562,Luca Lipani,Sassuolo,M,Sassuolo vs Torino,27,6.3,,0.0,1.0,,14,10.0,,1.0,,,,0,0,2.0,4.0
343562,Luca Lipani,Sassuolo,M,Sassuolo vs Parma,59,6.6,,0.0,,,31,29.0,,2.0,,,1.0,0,0,4.0,10.0
343562,Luca Lipani,Sassuolo,M,Sassuolo vs Juventus,13,6.7,,0.0,1.0,1.0,11,10.0,,,,,1.0,0,0,1.0,1.0
343562,Luca Lipani,Sassuolo,M,AS Roma vs Sassuolo,72,6.9,,0.0,,,24,18.0,,4.0,3.0,1.0,1.0,0,0,6.0,9.0
343562,Luca Lipani,Sassuolo,M,Napoli vs Sassuolo,89,6.2,,0.0,2.0,1.0,36,31.0,,1.0,2.0,2.0,,0,0,2.0,7.0
343562,Luca Lipani,Sassuolo,M,Sassuolo vs Cremonese,59,6.6,,0.0,,,16,10.0,,2.0,,2.0,,0,0,2.0,5.0
343562,Luca Lipani,Sassuolo,M,Pisa vs Sassuolo,17,6.7,,0.0,1.0,,8,7.0,,,,1.0,,0,0,1.0,3.0
343562,Luca Lipani,Sassuolo,M,Sassuolo vs Inter,31,6.3,,0.0,,,8,7.0,,,,,1.0,0,0,1.0,1.0
343562,Luca Lipani,Sassuolo,M,Udinese vs Sassuolo,90,6.2,,0.0,1.0,,41,34.0,,3.0,,5.0,,0,0,5.0,16.0
343562,Luca Lipani,Sassuolo,M,Sassuolo vs Hellas Verona,90,7.2,,0.0,1.0,,53,46.0,,1.0,1.0,2.0,,0,0,2.0,5.0
291780,Daniel Boloca,Sassuolo,M,Sassuolo vs Napoli,90,6.7,,0.0,2.0,,41,39.0,,2.0,1.0,,1.0,0,0,4.0,8.0
291780,Daniel Boloca,Sassuolo,M,Cremonese vs Sassuolo,45,6.2,,0.0,,,15,14.0,,,1.0,,,0,0,,1.0
30537,Domenico Berardi,Sassuolo,F,Sassuolo vs Napoli,89,6.9,,0.0,1.0,,24,17.0,,3.0,1.0,2.0,2.0,1,0,7.0,12.0
30537,Domenico Berardi,Sassuolo,F,Cremonese vs Sassuolo,90,6.5,1.0,0.0,2.0,2.0,29,20.0,,,,1.0,,0,0,,6.0
30537,Domenico Berardi,Sassuolo,F,Sassuolo vs Lazio,81,7.3,,0.0,1.0,,27,26.0,,1.0,2.0,,2.0,0,0,4.0,5.0
30537,Domenico Berardi,Sassuolo,F,Inter vs Sassuolo,90,7.3,,1.0,3.0,2.0,26,23.0,,1.0,,1.0,3.0,0,0,6.0,12.0
30537,Domenico Berardi,Sassuolo,F,Sassuolo vs Udinese,90,7.3,,1.0,1.0,,29,27.0,,1.0,1.0,2.0,3.0,0,0,6.0,13.0
30537,Domenico Berardi,Sassuolo,F,Lecce vs Sassuolo,90,6.2,,0.0,2.0,1.0,25,13.0,,1.0,1.0,2.0,3.0,1,0,4.0,11.0
30537,Domenico Berardi,Sassuolo,F,Sassuolo vs AS Roma,60,7,,0.0,,,22,18.0,,,1.0,1.0,1.0,0,0,2.0,3.0
30537,Domenico Berardi,Sassuolo,F,Sassuolo vs Genoa,78,7.9,1.0,0.0,2.0,1.0,28,20.0,,1.0,1.0,,1.0,0,0,2.0,3.0
30537,Domenico Berardi,Sassuolo,F,Atalanta vs Sassuolo,89,8.9,2.0,1.0,2.0,2.0,31,25.0,,4.0,1.0,3.0,,0,0,5.0,16.0
30537,Domenico Berardi,Sassuolo,F,Sassuolo vs Pisa,90,6.3,,0.0,3.0,1.0,41,34.0,,1.0,1.0,1.0,1.0,0,0,2.0,5.0
30537,Domenico Berardi,Sassuolo,F,Como vs Sassuolo,51,7.3,,0.0,1.0,1.0,15,11.0,,1.0,3.0,1.0,1.0,0,0,3.0,4.0
30537,Domenico Berardi,Sassuolo,F,Sassuolo vs Cremonese,31,6.5,,0.0,,,10,9.0,,1.0,,4.0,1.0,0,0,3.0,10.0
30537,Domenico Berardi,Sassuolo,F,Pisa vs Sassuolo,84,8,1.0,0.0,5.0,2.0,37,25.0,,1.0,1.0,2.0,2.0,0,0,4.0,8.0
30537,Domenico Berardi,Sassuolo,F,Sassuolo vs Inter,59,6.5,,0.0,1.0,,22,15.0,,,,1.0,,0,0,,2.0
30537,Domenico Berardi,Sassuolo,F,Udinese vs Sassuolo,84,6.6,,0.0,,,24,21.0,,1.0,,2.0,2.0,0,0,4.0,9.0
30537,Domenico Berardi,Sassuolo,F,Sassuolo vs Hellas Verona,90,8.9,2.0,0.0,3.0,3.0,32,28.0,,4.0,,1.0,1.0,0,0,7.0,10.0
31094,Andrea Pinamonti,Sassuolo,F,Sassuolo vs Napoli,89,6.2,,0.0,1.0,,13,9.0,,,,,3.0,0,0,5.0,12.0
31094,Andrea Pinamonti,Sassuolo,F,Cremonese vs Sassuolo,90,7.3,1.0,0.0,4.0,4.0,19,12.0,,,,,,0,0,2.0,5.0
31094,Andrea Pinamonti,Sassuolo,F,Sassuolo vs Lazio,81,6.6,,0.0,4.0,2.0,8,4.0,,,,1.0,,1,0,1.0,4.0
31094,Andrea Pinamonti,Sassuolo,F,Inter vs Sassuolo,78,6.2,,0.0,1.0,1.0,16,10.0,,1.0,,,1.0,0,0,4.0,14.0
31094,Andrea Pinamonti,Sassuolo,F,Sassuolo vs Udinese,86,6.5,,0.0,1.0,1.0,13,11.0,,,,,,0,0,2.0,8.0
31094,Andrea Pinamonti,Sassuolo,F,Hellas Verona vs Sassuolo,87,6.2,1.0,0.0,4.0,2.0,9,6.0,,1.0,,1.0,3.0,0,0,6.0,12.0
31094,Andrea Pinamonti,Sassuolo,F,Lecce vs Sassuolo,74,6.5,,0.0,1.0,,9,4.0,,1.0,,,,0,0,2.0,6.0
31094,Andrea Pinamonti,Sassuolo,F,Sassuolo vs AS Roma,90,6.2,,0.0,2.0,,21,14.0,,1.0,,,3.0,0,0,9.0,18.0
31094,Andrea Pinamonti,Sassuolo,F,Cagliari vs Sassuolo,74,7.2,1.0,0.0,1.0,1.0,14,9.0,,,,,2.0,0,0,4.0,7.0
31094,Andrea Pinamonti,Sassuolo,F,Sassuolo vs Genoa,86,6.3,,0.0,3.0,2.0,11,10.0,,,,1.0,,0,0,1.0,4.0
31094,Andrea Pinamonti,Sassuolo,F,Atalanta vs Sassuolo,89,7.6,1.0,0.0,1.0,1.0,28,19.0,,1.0,,1.0,1.0,0,0,2.0,8.0
31094,Andrea Pinamonti,Sassuolo,F,Sassuolo vs Pisa,90,6.9,,0.0,3.0,2.0,16,11.0,,1.0,,,1.0,0,0,6.0,7.0
31094,Andrea Pinamonti,Sassuolo,F,Como vs Sassuolo,69,6.3,,0.0,1.0,1.0,14,11.0,,,,,,0,0,1.0,3.0
31094,Andrea Pinamonti,Sassuolo,F,Sassuolo vs Fiorentina,54,6.3,,0.0,3.0,,5,5.0,,,,1.0,1.0,0,0,3.0,5.0
31094,Andrea Pinamonti,Sassuolo,F,AC Milan vs Sassuolo,87,6.9,,2.0,,,11,9.0,,1.0,,2.0,1.0,0,0,3.0,10.0
31094,Andrea Pinamonti,Sassuolo,F,Bologna vs Sassuolo,90,6.9,,0.0,2.0,2.0,23,15.0,,,,,1.0,0,0,4.0,8.0
31094,Andrea Pinamonti,Sassuolo,F,Sassuolo vs Parma,85,5.9,,0.0,2.0,,15,14.0,,,,,1.0,0,0,2.0,7.0
31094,Andrea Pinamonti,Sassuolo,F,Sassuolo vs Juventus,90,6.5,,0.0,1.0,,23,16.0,,,,,1.0,0,0,5.0,11.0
31094,Andrea Pinamonti,Sassuolo,F,AS Roma vs Sassuolo,83,6.2,,0.0,,,15,12.0,,1.0,,,2.0,0,0,6.0,19.0
31094,Andrea Pinamonti,Sassuolo,F,Napoli vs Sassuolo,89,6.3,,0.0,,,16,11.0,,,,,,0,0,3.0,7.0
31094,Andrea Pinamonti,Sassuolo,F,Sassuolo vs Cremonese,19,6.5,,0.0,,,5,4.0,,,,,,0,0,1.0,4.0
31094,Andrea Pinamonti,Sassuolo,F,Pisa vs Sassuolo,73,6,,0.0,2.0,,9,7.0,,,,,2.0,0,0,4.0,9.0
31094,Andrea Pinamonti,Sassuolo,F,Sassuolo vs Inter,70,6.2,,0.0,1.0,1.0,15,9.0,,,,1.0,,0,0,2.0,8.0
31094,Andrea Pinamonti,Sassuolo,F,Udinese vs Sassuolo,72,7.5,1.0,1.0,2.0,1.0,12,9.0,,,,,,0,0,2.0,4.0
31094,Andrea Pinamonti,Sassuolo,F,Sassuolo vs Hellas Verona,72,7.2,1.0,0.0,1.0,1.0,9,8.0,,,,1.0,1.0,0,0,1.0,9.0
2215,Armand Laurienté,Sassuolo,F,Sassuolo vs Napoli,81,6.6,,0.0,,,22,21.0,,2.0,,1.0,2.0,0,0,4.0,11.0
2215,Armand Laurienté,Sassuolo,F,Cremonese vs Sassuolo,69,6.5,,0.0,1.0,,12,11.0,,2.0,,2.0,,0,0,2.0,7.0
2215,Armand Laurienté,Sassuolo,F,Sassuolo vs Lazio,64,6.9,,0.0,1.0,,18,15.0,,,1.0,,1.0,0,0,1.0,4.0
2215,Armand Laurienté,Sassuolo,F,Inter vs Sassuolo,68,6.7,,0.0,1.0,1.0,11,8.0,,2.0,,,1.0,0,0,4.0,10.0
2215,Armand Laurienté,Sassuolo,F,Sassuolo vs Udinese,58,8.2,1.0,1.0,1.0,1.0,13,11.0,,,,,2.0,0,0,2.0,3.0
2215,Armand Laurienté,Sassuolo,F,Hellas Verona vs Sassuolo,59,6.5,,0.0,2.0,1.0,10,6.0,,,,3.0,,0,0,1.0,7.0
2215,Armand Laurienté,Sassuolo,F,Lecce vs Sassuolo,57,6,,0.0,1.0,1.0,18,14.0,,,,1.0,,0,0,,6.0
2215,Armand Laurienté,Sassuolo,F,Sassuolo vs AS Roma,9,6.3,,0.0,,,1,1.0,,,,,,0,0,,
2215,Armand Laurienté,Sassuolo,F,Cagliari vs Sassuolo,74,7.7,1.0,0.0,1.0,1.0,22,20.0,,,,3.0,,0,0,1.0,8.0
2215,Armand Laurienté,Sassuolo,F,Sassuolo vs Genoa,64,7,,0.0,3.0,,33,30.0,,1.0,,,2.0,0,0,5.0,10.0
2215,Armand Laurienté,Sassuolo,F,Atalanta vs Sassuolo,30,6.7,,0.0,,,9,9.0,,,,,,0,0,1.0,2.0
2215,Armand Laurienté,Sassuolo,F,Sassuolo vs Pisa,30,7.3,,0.0,1.0,,18,14.0,,,,,2.0,0,0,3.0,4.0
2215,Armand Laurienté,Sassuolo,F,Como vs Sassuolo,69,6.2,,0.0,1.0,1.0,22,19.0,,,,,,0,0,,3.0
2215,Armand Laurienté,Sassuolo,F,Sassuolo vs Fiorentina,54,7,,1.0,2.0,1.0,10,9.0,,1.0,,1.0,1.0,0,0,2.0,6.0
2215,Armand Laurienté,Sassuolo,F,AC Milan vs Sassuolo,31,7.2,1.0,0.0,3.0,1.0,13,11.0,,,,,,0,0,1.0,4.0
2215,Armand Laurienté,Sassuolo,F,Sassuolo vs Torino,79,6.3,,0.0,,,18,17.0,,,1.0,2.0,1.0,0,0,1.0,10.0
2215,Armand Laurienté,Sassuolo,F,Bologna vs Sassuolo,89,7.2,,1.0,2.0,1.0,16,12.0,,1.0,,3.0,1.0,1,0,5.0,12.0
2215,Armand Laurienté,Sassuolo,F,Sassuolo vs Parma,85,7.5,,0.0,3.0,2.0,34,29.0,,2.0,,,1.0,0,0,5.0,10.0
2215,Armand Laurienté,Sassuolo,F,Sassuolo vs Juventus,77,6.3,,0.0,,,21,19.0,,,,,2.0,0,0,2.0,6.0
2215,Armand Laurienté,Sassuolo,F,AS Roma vs Sassuolo,83,6.2,,0.0,1.0,,19,15.0,,1.0,,3.0,1.0,0,0,3.0,10.0
2215,Armand Laurienté,Sassuolo,F,Napoli vs Sassuolo,90,7.2,,0.0,3.0,2.0,20,17.0,,,,3.0,3.0,0,0,7.0,10.0
2215,Armand Laurienté,Sassuolo,F,Sassuolo vs Cremonese,71,6.9,,0.0,4.0,3.0,20,17.0,,,1.0,1.0,,1,0,4.0,9.0
2215,Armand Laurienté,Sassuolo,F,Pisa vs Sassuolo,73,7.3,,0.0,,,18,14.0,,2.0,,1.0,2.0,0,0,4.0,11.0
2215,Armand Laurienté,Sassuolo,F,Sassuolo vs Inter,59,6.9,,0.0,1.0,,13,11.0,,,1.0,,1.0,0,0,2.0,4.0
2215,Armand Laurienté,Sassuolo,F,Udinese vs Sassuolo,79,7.5,1.0,0.0,1.0,1.0,20,16.0,,1.0,,1.0,2.0,0,0,3.0,9.0
2215,Armand Laurienté,Sassuolo,F,Sassuolo vs Hellas Verona,73,7.3,,2.0,,,19,16.0,,,1.0,1.0,2.0,0,0,2.0,6.0
263699,Alieu Fadera,Sassuolo,F,Sassuolo vs Napoli,17,7.2,,0.0,,,3,3.0,,,,1.0,2.0,0,0,4.0,8.0
263699,Alieu Fadera,Sassuolo,F,Cremonese vs Sassuolo,21,6,,0.0,,,8,6.0,,,,2.0,1.0,0,0,2.0,9.0
263699,Alieu Fadera,Sassuolo,F,Sassuolo vs Lazio,26,7.2,1.0,0.0,1.0,1.0,7,6.0,,3.0,,1.0,,0,0,3.0,6.0
263699,Alieu Fadera,Sassuolo,F,Inter vs Sassuolo,22,6.6,,0.0,,,7,6.0,,,1.0,,1.0,0,0,2.0,3.0
263699,Alieu Fadera,Sassuolo,F,Sassuolo vs Udinese,32,7.5,,1.0,,,8,8.0,,1.0,,2.0,2.0,0,0,4.0,10.0
263699,Alieu Fadera,Sassuolo,F,Hellas Verona vs Sassuolo,31,7.5,,0.0,,,4,3.0,,3.0,,1.0,2.0,0,0,6.0,8.0
263699,Alieu Fadera,Sassuolo,F,Sassuolo vs AS Roma,81,7.2,,0.0,1.0,1.0,16,12.0,,4.0,1.0,3.0,4.0,0,0,9.0,13.0
263699,Alieu Fadera,Sassuolo,F,Cagliari vs Sassuolo,16,6.3,,0.0,1.0,,5,5.0,,1.0,,1.0,2.0,1,0,3.0,5.0
263699,Alieu Fadera,Sassuolo,F,Sassuolo vs Genoa,26,6.5,,0.0,,,6,6.0,,,,2.0,1.0,0,0,1.0,7.0
263699,Alieu Fadera,Sassuolo,F,Atalanta vs Sassuolo,60,6.5,,0.0,,,16,12.0,,2.0,,2.0,2.0,0,0,4.0,10.0
263699,Alieu Fadera,Sassuolo,F,Sassuolo vs Pisa,60,6.9,,0.0,1.0,,24,18.0,,2.0,,1.0,2.0,0,0,6.0,9.0
263699,Alieu Fadera,Sassuolo,F,Como vs Sassuolo,21,6.5,,0.0,,,7,6.0,,,,1.0,,0,0,,2.0
263699,Alieu Fadera,Sassuolo,F,Sassuolo vs Fiorentina,36,7,,0.0,,,9,8.0,,2.0,,2.0,2.0,0,0,4.0,8.0
263699,Alieu Fadera,Sassuolo,F,AC Milan vs Sassuolo,59,6.2,,0.0,,,10,7.0,,4.0,,3.0,2.0,1,0,6.0,14.0
263699,Alieu Fadera,Sassuolo,F,Sassuolo vs Torino,12,6.3,,0.0,,,2,1.0,,,,,,0,0,,1.0
263699,Alieu Fadera,Sassuolo,F,Bologna vs Sassuolo,19,6.5,,0.0,1.0,,3,2.0,,1.0,,3.0,1.0,1,0,2.0,5.0
263699,Alieu Fadera,Sassuolo,F,Sassuolo vs Parma,74,6.2,,0.0,,,28,22.0,,3.0,,2.0,,0,0,3.0,10.0
263699,Alieu Fadera,Sassuolo,F,Sassuolo vs Juventus,51,6.3,,0.0,,,20,14.0,,1.0,,,2.0,0,0,3.0,7.0
263699,Alieu Fadera,Sassuolo,F,AS Roma vs Sassuolo,73,7.2,,0.0,1.0,1.0,15,13.0,,1.0,1.0,1.0,3.0,0,0,6.0,11.0
263699,Alieu Fadera,Sassuolo,F,Napoli vs Sassuolo,81,6.6,,0.0,1.0,,20,16.0,,1.0,,1.0,3.0,0,0,6.0,11.0
263699,Alieu Fadera,Sassuolo,F,Sassuolo vs Cremonese,59,7,1.0,0.0,1.0,1.0,8,5.0,,1.0,2.0,1.0,2.0,0,0,3.0,7.0
263699,Alieu Fadera,Sassuolo,F,Pisa vs Sassuolo,17,6.3,,0.0,,,7,6.0,,,2.0,,,0,0,1.0,7.0
263699,Alieu Fadera,Sassuolo,F,Udinese vs Sassuolo,11,6.9,,0.0,,,4,3.0,,,,1.0,1.0,1,0,3.0,6.0
263699,Alieu Fadera,Sassuolo,F,Sassuolo vs Hellas Verona,17,6.2,,0.0,,,8,5.0,,,,1.0,1.0,0,0,1.0,4.0
41371,Fali Candé,Sassuolo,D,Sassuolo vs Napoli,9,6.6,,0.0,,,2,2.0,,,1.0,,,0,0,1.0,1.0
41371,Fali Candé,Sassuolo,D,Cremonese vs Sassuolo,45,6.6,,0.0,,,22,19.0,,1.0,,1.0,1.0,0,0,4.0,6.0
41371,Fali Candé,Sassuolo,D,Lecce vs Sassuolo,16,6.3,,0.0,,,7,5.0,,,,,,0,0,,2.0
41371,Fali Candé,Sassuolo,D,Sassuolo vs AS Roma,51,6.9,,0.0,,,20,15.0,,1.0,,,1.0,0,0,2.0,5.0
41371,Fali Candé,Sassuolo,D,Cagliari vs Sassuolo,90,6.5,,0.0,,,41,31.0,,,,3.0,1.0,0,0,2.0,7.0
41371,Fali Candé,Sassuolo,D,Atalanta vs Sassuolo,81,6.7,,0.0,2.0,,24,19.0,,,,1.0,1.0,1,0,2.0,4.0
41371,Fali Candé,Sassuolo,D,Sassuolo vs Pisa,72,5.6,,0.0,1.0,,31,26.0,,1.0,,1.0,,0,0,3.0,8.0
41371,Fali Candé,Sassuolo,D,Como vs Sassuolo,8,6.6,,0.0,,,6,6.0,,,,,,0,0,,
41371,Fali Candé,Sassuolo,D,AC Milan vs Sassuolo,59,6.2,,0.0,,,7,6.0,,2.0,1.0,1.0,1.0,0,0,3.0,6.0
41371,Fali Candé,Sassuolo,D,Sassuolo vs Torino,12,6.9,,0.0,,,10,5.0,,,,,,0,0,2.0,3.0
41371,Fali Candé,Sassuolo,D,Bologna vs Sassuolo,60,6.9,,0.0,,,18,12.0,,4.0,,2.0,1.0,1,0,7.0,13.0
41371,Fali Candé,Sassuolo,D,Sassuolo vs Parma,9,6.7,,0.0,,,3,,,,,,,0,0,,1.0
68407,Andrea Ghion,Sassuolo,M,Sassuolo vs Napoli,9,6.6,,0.0,,,1,1.0,,1.0,,,,0,0,1.0,1.0
312,Alex Meret,Napoli,G,Sassuolo vs Napoli,90,7,,0.0,,,34,28.0,,,,,1.0,0,0,1.0,1.0
312,Alex Meret,Napoli,G,Napoli vs Cagliari,90,6.9,,0.0,,,22,22.0,,,,,,0,0,,
312,Alex Meret,Napoli,G,Napoli vs Pisa,90,7.9,,0.0,,,30,25.0,,,,,,0,0,,
312,Alex Meret,Napoli,G,AC Milan vs Napoli,90,6.2,,0.0,,,11,11.0,,,,,,0,0,,
312,Alex Meret,Napoli,G,Juventus vs Napoli,90,5.9,,0.0,,,43,34.0,,,,,,0,0,1.0,1.0
312,Alex Meret,Napoli,G,Napoli vs Fiorentina,90,7.2,,1.0,,,40,29.0,,,,,,0,0,,
312,Alex Meret,Napoli,G,Genoa vs Napoli,90,5.9,,0.0,,,38,24.0,,,,1.0,,1,0,,1.0
31042,Giovanni Di Lorenzo,Napoli,D,Sassuolo vs Napoli,90,7.2,,0.0,,,58,52.0,,2.0,,1.0,1.0,0,0,6.0,9.0
31042,Giovanni Di Lorenzo,Napoli,D,Napoli vs Cagliari,90,6.6,,0.0,,,67,56.0,,,1.0,,,0,0,,3.0
31042,Giovanni Di Lorenzo,Napoli,D,Fiorentina vs Napoli,90,7.5,,0.0,1.0,1.0,46,36.0,,3.0,1.0,1.0,1.0,0,0,7.0,9.0
31042,Giovanni Di Lorenzo,Napoli,D,Napoli vs Pisa,90,6,,0.0,1.0,1.0,84,75.0,,2.0,,,,0,0,4.0,5.0
31042,Giovanni Di Lorenzo,Napoli,D,AC Milan vs Napoli,90,6.3,,0.0,3.0,1.0,61,57.0,,1.0,1.0,,1.0,0,0,5.0,5.0
31042,Giovanni Di Lorenzo,Napoli,D,Napoli vs Genoa,90,7,,0.0,2.0,1.0,48,39.0,,3.0,,2.0,1.0,0,0,6.0,13.0
31042,Giovanni Di Lorenzo,Napoli,D,Torino vs Napoli,90,6.9,,0.0,,,67,57.0,,,,2.0,1.0,0,0,2.0,9.0
31042,Giovanni Di Lorenzo,Napoli,D,Napoli vs Inter,90,7.2,,0.0,,,48,40.0,,1.0,,1.0,2.0,1,0,4.0,7.0
31042,Giovanni Di Lorenzo,Napoli,D,Lecce vs Napoli,90,6.3,,0.0,1.0,1.0,48,37.0,,2.0,,4.0,,0,0,4.0,10.0
31042,Giovanni Di Lorenzo,Napoli,D,Napoli vs Como,90,7,,0.0,,,31,22.0,,5.0,1.0,4.0,1.0,0,0,9.0,17.0
31042,Giovanni Di Lorenzo,Napoli,D,Bologna vs Napoli,90,6.3,,0.0,,,48,38.0,,3.0,,3.0,,0,0,5.0,9.0
31042,Giovanni Di Lorenzo,Napoli,D,Napoli vs Atalanta,90,7.2,,1.0,2.0,1.0,42,31.0,,1.0,,2.0,1.0,0,0,4.0,7.0
31042,Giovanni Di Lorenzo,Napoli,D,AS Roma vs Napoli,90,7.9,,0.0,1.0,,45,34.0,,9.0,1.0,2.0,1.0,0,0,15.0,17.0
31042,Giovanni Di Lorenzo,Napoli,D,Napoli vs Juventus,90,5.9,,0.0,1.0,1.0,47,38.0,,,,1.0,,0,0,,5.0
31042,Giovanni Di Lorenzo,Napoli,D,Udinese vs Napoli,90,6.9,,0.0,1.0,,58,50.0,,2.0,,,,0,0,3.0,7.0
31042,Giovanni Di Lorenzo,Napoli,D,Cremonese vs Napoli,90,7.2,,0.0,,,51,44.0,,1.0,,,2.0,0,0,4.0,7.0
31042,Giovanni Di Lorenzo,Napoli,D,Lazio vs Napoli,90,7.2,,0.0,,,84,81.0,,,,3.0,,0,0,1.0,3.0
31042,Giovanni Di Lorenzo,Napoli,D,Napoli vs Hellas Verona,90,8,1.0,0.0,2.0,1.0,88,77.0,,1.0,,,2.0,0,0,9.0,14.0
31042,Giovanni Di Lorenzo,Napoli,D,Inter vs Napoli,90,6.2,,0.0,1.0,,37,28.0,,1.0,,1.0,,0,0,2.0,7.0
31042,Giovanni Di Lorenzo,Napoli,D,Napoli vs Parma,90,7.6,,0.0,2.0,,107,96.0,,1.0,1.0,,4.0,0,0,6.0,8.0
31042,Giovanni Di Lorenzo,Napoli,D,Napoli vs Sassuolo,90,6.5,,0.0,2.0,,48,42.0,,2.0,3.0,3.0,1.0,0,0,4.0,9.0
31042,Giovanni Di Lorenzo,Napoli,D,Juventus vs Napoli,90,6.2,,0.0,,,61,57.0,,3.0,,1.0,1.0,0,0,4.0,6.0
31042,Giovanni Di Lorenzo,Napoli,D,Napoli vs Fiorentina,30,6.9,,0.0,,,23,22.0,,,,,1.0,0,0,1.0,1.0
1314,Amir Rrahmani,Napoli,D,Sassuolo vs Napoli,90,7.6,,0.0,1.0,,86,76.0,,2.0,,2.0,1.0,0,0,10.0,14.0
1314,Amir Rrahmani,Napoli,D,Napoli vs Cagliari,90,7.7,,0.0,,,121,114.0,,1.0,2.0,2.0,1.0,0,0,6.0,12.0
1314,Amir Rrahmani,Napoli,D,Napoli vs Como,90,7.9,,0.0,1.0,,52,46.0,,2.0,,1.0,2.0,0,0,9.0,11.0
1314,Amir Rrahmani,Napoli,D,Bologna vs Napoli,90,6.2,,0.0,,,76,71.0,,,1.0,,,0,0,2.0,7.0
1314,Amir Rrahmani,Napoli,D,Napoli vs Atalanta,64,7,,0.0,,,51,50.0,,1.0,1.0,,1.0,0,0,5.0,5.0
1314,Amir Rrahmani,Napoli,D,AS Roma vs Napoli,90,7.2,,0.0,,,29,24.0,,2.0,2.0,1.0,1.0,0,0,5.0,7.0
1314,Amir Rrahmani,Napoli,D,Napoli vs Juventus,90,7.3,,0.0,1.0,,73,70.0,,2.0,2.0,,1.0,0,0,7.0,9.0
1314,Amir Rrahmani,Napoli,D,Udinese vs Napoli,90,7,,0.0,,,93,84.0,,2.0,1.0,2.0,2.0,0,0,9.0,13.0
1314,Amir Rrahmani,Napoli,D,Cremonese vs Napoli,90,6.9,,0.0,1.0,,54,47.0,,2.0,2.0,1.0,,0,0,4.0,9.0
1314,Amir Rrahmani,Napoli,D,Lazio vs Napoli,79,8,1.0,0.0,1.0,1.0,100,95.0,,,,,1.0,1,0,4.0,4.0
1314,Amir Rrahmani,Napoli,D,Napoli vs Hellas Verona,90,7.3,,0.0,,,130,121.0,,,2.0,1.0,,0,0,6.0,9.0
1314,Amir Rrahmani,Napoli,D,Inter vs Napoli,90,6.3,,0.0,,,75,68.0,,2.0,,1.0,1.0,0,0,5.0,7.0
1314,Amir Rrahmani,Napoli,D,Napoli vs Parma,90,7.9,,0.0,,,129,120.0,,1.0,2.0,2.0,,0,0,8.0,12.0
1314,Amir Rrahmani,Napoli,D,Napoli vs Sassuolo,67,6.9,,0.0,,,56,49.0,,,,,,0,0,3.0,7.0
1314,Amir Rrahmani,Napoli,D,Genoa vs Napoli,90,7.2,,1.0,,,83,77.0,,2.0,2.0,2.0,1.0,0,0,6.0,9.0
1314,Amir Rrahmani,Napoli,D,Napoli vs AS Roma,70,6.5,,0.0,,,64,58.0,,1.0,1.0,2.0,2.0,1,0,4.0,6.0
774,Juan Jesus,Napoli,D,Sassuolo vs Napoli,90,7.3,,0.0,,,84,75.0,,4.0,2.0,1.0,,0,0,4.0,6.0
774,Juan Jesus,Napoli,D,Napoli vs Cagliari,68,7,,0.0,,,83,83.0,,1.0,1.0,3.0,,1,0,3.0,7.0
774,Juan Jesus,Napoli,D,Napoli vs Pisa,9,6.5,,0.0,,,9,9.0,,1.0,,,,0,0,1.0,2.0
774,Juan Jesus,Napoli,D,AC Milan vs Napoli,90,6.2,,0.0,,,81,76.0,,2.0,,2.0,,0,0,2.0,9.0
774,Juan Jesus,Napoli,D,Napoli vs Genoa,90,6.9,,0.0,,,86,75.0,,,,2.0,1.0,0,0,5.0,8.0
774,Juan Jesus,Napoli,D,Torino vs Napoli,63,6.3,,0.0,,,58,53.0,,,,1.0,,1,0,1.0,3.0
774,Juan Jesus,Napoli,D,Napoli vs Inter,90,6.9,,0.0,,,41,39.0,,4.0,4.0,4.0,,0,0,6.0,11.0
774,Juan Jesus,Napoli,D,Lecce vs Napoli,90,7.3,,0.0,,,68,65.0,,1.0,3.0,1.0,,0,0,5.0,7.0
774,Juan Jesus,Napoli,D,Bologna vs Napoli,13,6.9,,0.0,,,15,14.0,,1.0,,,,0,0,1.0,2.0
774,Juan Jesus,Napoli,D,Napoli vs Atalanta,26,6.2,,0.0,,,17,13.0,,,,3.0,,1,0,,4.0
774,Juan Jesus,Napoli,D,Cremonese vs Napoli,90,6.6,,0.0,,,51,44.0,,1.0,1.0,2.0,,1,0,2.0,6.0
774,Juan Jesus,Napoli,D,Lazio vs Napoli,90,7.2,,0.0,,,98,91.0,,4.0,1.0,1.0,,0,0,4.0,6.0
774,Juan Jesus,Napoli,D,Inter vs Napoli,90,6.9,,0.0,,,53,41.0,,5.0,2.0,3.0,,1,0,7.0,13.0
774,Juan Jesus,Napoli,D,Napoli vs Sassuolo,90,6.9,,0.0,,,55,48.0,,1.0,,4.0,,0,0,1.0,7.0
774,Juan Jesus,Napoli,D,Juventus vs Napoli,90,6.3,,0.0,,,120,111.0,,1.0,3.0,2.0,1.0,1,0,6.0,9.0
774,Juan Jesus,Napoli,D,Napoli vs Fiorentina,90,6.7,,0.0,,,59,53.0,,2.0,,2.0,,0,0,4.0,8.0
774,Juan Jesus,Napoli,D,Genoa vs Napoli,76,5.9,,0.0,,,53,49.0,,2.0,2.0,1.0,,2,1,4.0,8.0
774,Juan Jesus,Napoli,D,Atalanta vs Napoli,70,6.7,,0.0,,,29,22.0,,2.0,4.0,1.0,,1,0,6.0,9.0
47254,Mathías Olivera,Napoli,D,Sassuolo vs Napoli,89,6.9,,0.0,,,37,34.0,,2.0,1.0,3.0,1.0,0,0,4.0,7.0
47254,Mathías Olivera,Napoli,D,Napoli vs Cagliari,9,6.6,,0.0,,,6,6.0,,,,,,0,0,,
47254,Mathías Olivera,Napoli,D,Fiorentina vs Napoli,21,6.5,,0.0,,,12,9.0,,,,,,0,0,1.0,1.0
47254,Mathías Olivera,Napoli,D,Napoli vs Genoa,50,6.2,,0.0,,,36,33.0,,,1.0,1.0,,0,0,,2.0
47254,Mathías Olivera,Napoli,D,Torino vs Napoli,63,6,,0.0,1.0,,44,40.0,,2.0,,,,0,0,3.0,5.0
47254,Mathías Olivera,Napoli,D,Napoli vs Inter,53,6.5,,0.0,,,22,16.0,,2.0,1.0,,,0,0,3.0,5.0
47254,Mathías Olivera,Napoli,D,Lecce vs Napoli,61,6.9,,0.0,2.0,1.0,26,24.0,,2.0,,,1.0,1,0,5.0,7.0
47254,Mathías Olivera,Napoli,D,Bologna vs Napoli,13,6.7,,0.0,,,14,12.0,,,,,,0,0,,
47254,Mathías Olivera,Napoli,D,AS Roma vs Napoli,90,7,,0.0,,,43,33.0,,5.0,1.0,2.0,1.0,1,0,8.0,11.0
47254,Mathías Olivera,Napoli,D,Napoli vs Juventus,70,6.9,,0.0,,,24,20.0,,3.0,2.0,,1.0,0,0,5.0,5.0
47254,Mathías Olivera,Napoli,D,Udinese vs Napoli,15,7,,0.0,,,18,17.0,,,,,1.0,0,0,2.0,2.0
47254,Mathías Olivera,Napoli,D,Napoli vs Parma,58,6.3,,0.0,,,30,27.0,,3.0,1.0,,1.0,0,0,4.0,8.0
47254,Mathías Olivera,Napoli,D,Napoli vs Fiorentina,60,6.5,,0.0,1.0,,38,37.0,,,1.0,3.0,,0,0,,4.0
47254,Mathías Olivera,Napoli,D,Genoa vs Napoli,13,6.7,,0.0,,,6,2.0,,,,,,0,0,1.0,1.0
47254,Mathías Olivera,Napoli,D,Napoli vs AS Roma,20,6.5,,0.0,,,17,16.0,,1.0,,,,0,0,2.0,4.0
47254,Mathías Olivera,Napoli,D,Atalanta vs Napoli,20,6.3,,0.0,,,5,5.0,,,,,,0,0,,2.0
47439,Stanislav Lobotka,Napoli,M,Sassuolo vs Napoli,82,7,,0.0,,,69,67.0,,2.0,,,,0,0,2.0,4.0
47439,Stanislav Lobotka,Napoli,M,Napoli vs Cagliari,90,7.5,,0.0,,,62,59.0,,,1.0,,4.0,0,0,4.0,5.0
47439,Stanislav Lobotka,Napoli,M,Fiorentina vs Napoli,89,6.9,,0.0,,,55,51.0,,1.0,,2.0,,0,0,1.0,3.0
47439,Stanislav Lobotka,Napoli,M,Napoli vs Pisa,32,6.9,,1.0,,,26,25.0,,2.0,,,2.0,0,0,4.0,5.0
47439,Stanislav Lobotka,Napoli,M,AC Milan vs Napoli,89,7.2,,0.0,,,63,60.0,,,,1.0,5.0,0,0,6.0,6.0
47439,Stanislav Lobotka,Napoli,M,Napoli vs Genoa,44,6.9,,0.0,,,40,37.0,,2.0,,,2.0,0,0,4.0,5.0
47439,Stanislav Lobotka,Napoli,M,Napoli vs Como,8,6.7,,0.0,,,7,7.0,,,,,,0,0,,1.0
47439,Stanislav Lobotka,Napoli,M,Bologna vs Napoli,90,6.7,,0.0,,,81,71.0,,1.0,,1.0,,0,0,1.0,3.0
47439,Stanislav Lobotka,Napoli,M,Napoli vs Atalanta,90,6.5,,0.0,,,48,43.0,,1.0,,,1.0,0,0,2.0,5.0
47439,Stanislav Lobotka,Napoli,M,AS Roma vs Napoli,90,6.6,,0.0,,,51,41.0,,,2.0,1.0,2.0,1,0,2.0,3.0
47439,Stanislav Lobotka,Napoli,M,Udinese vs Napoli,29,6.3,,0.0,,,23,21.0,,1.0,,,1.0,0,0,2.0,3.0
47439,Stanislav Lobotka,Napoli,M,Cremonese vs Napoli,90,7.2,,0.0,1.0,1.0,55,47.0,,2.0,,,3.0,0,0,7.0,7.0
47439,Stanislav Lobotka,Napoli,M,Lazio vs Napoli,90,7,,0.0,,,90,85.0,,1.0,,,2.0,0,0,4.0,7.0
47439,Stanislav Lobotka,Napoli,M,Napoli vs Hellas Verona,90,6.9,,0.0,,,104,94.0,,,2.0,,3.0,0,0,4.0,6.0
47439,Stanislav Lobotka,Napoli,M,Inter vs Napoli,90,7.2,,0.0,,,56,53.0,,1.0,,1.0,2.0,0,0,5.0,8.0
47439,Stanislav Lobotka,Napoli,M,Napoli vs Parma,90,7.3,,0.0,1.0,1.0,71,67.0,,3.0,2.0,1.0,,0,0,3.0,5.0
47439,Stanislav Lobotka,Napoli,M,Napoli vs Sassuolo,90,7.9,1.0,0.0,1.0,1.0,77,74.0,,1.0,,,,0,0,2.0,4.0
47439,Stanislav Lobotka,Napoli,M,Juventus vs Napoli,90,6.9,,0.0,,,95,91.0,,,2.0,,3.0,0,0,3.0,4.0
47439,Stanislav Lobotka,Napoli,M,Napoli vs Fiorentina,90,7,,0.0,,,63,60.0,,1.0,,1.0,1.0,0,0,3.0,5.0
47439,Stanislav Lobotka,Napoli,M,Genoa vs Napoli,90,6.9,,0.0,1.0,,65,63.0,,,,1.0,1.0,0,0,2.0,5.0
47439,Stanislav Lobotka,Napoli,M,Napoli vs AS Roma,90,6.7,,0.0,1.0,1.0,51,44.0,,1.0,,,2.0,0,0,3.0,3.0
47439,Stanislav Lobotka,Napoli,M,Atalanta vs Napoli,90,6.3,,0.0,,,48,44.0,,1.0,,,1.0,0,0,2.0,5.0
219,Matteo Politano,Napoli,M,Sassuolo vs Napoli,76,7,,1.0,,,27,22.0,,1.0,1.0,1.0,2.0,0,0,4.0,9.0
219,Matteo Politano,Napoli,M,Napoli vs Cagliari,90,7.9,,0.0,3.0,,37,30.0,,1.0,,,2.0,0,0,5.0,6.0
219,Matteo Politano,Napoli,M,Fiorentina vs Napoli,69,6.9,,0.0,2.0,1.0,20,18.0,,1.0,,1.0,,0,0,2.0,3.0
219,Matteo Politano,Napoli,M,Napoli vs Pisa,90,7.3,,0.0,1.0,,35,32.0,,2.0,,,4.0,0,0,7.0,10.0
219,Matteo Politano,Napoli,M,AC Milan vs Napoli,77,7.7,,0.0,,,39,36.0,,1.0,,,,0,0,3.0,6.0
219,Matteo Politano,Napoli,M,Napoli vs Genoa,50,6.3,,0.0,1.0,,22,14.0,,,,,,0,0,3.0,4.0
219,Matteo Politano,Napoli,M,Torino vs Napoli,16,6.7,,0.0,1.0,,15,14.0,,,,,1.0,0,0,1.0,2.0
219,Matteo Politano,Napoli,M,Napoli vs Inter,82,6.9,,0.0,,,29,23.0,,1.0,1.0,1.0,2.0,0,0,6.0,9.0
219,Matteo Politano,Napoli,M,Lecce vs Napoli,61,6.6,,0.0,2.0,,27,22.0,,,,1.0,1.0,0,0,4.0,7.0
219,Matteo Politano,Napoli,M,Napoli vs Como,87,6.9,,0.0,3.0,2.0,21,14.0,,2.0,,1.0,2.0,1,0,4.0,9.0
219,Matteo Politano,Napoli,M,Bologna vs Napoli,67,6.3,,0.0,,,30,24.0,,,1.0,1.0,,0,0,1.0,6.0
219,Matteo Politano,Napoli,M,Napoli vs Atalanta,21,6.5,,0.0,1.0,,4,1.0,,,,,,0,0,1.0,3.0
219,Matteo Politano,Napoli,M,AS Roma vs Napoli,20,6.6,,0.0,1.0,1.0,6,3.0,,1.0,,1.0,,0,0,1.0,2.0
219,Matteo Politano,Napoli,M,Napoli vs Juventus,10,6.7,,0.0,,,5,4.0,,1.0,,,,0,0,2.0,4.0
219,Matteo Politano,Napoli,M,Udinese vs Napoli,29,6.3,,0.0,1.0,,20,14.0,,,,,1.0,0,0,1.0,2.0
219,Matteo Politano,Napoli,M,Cremonese vs Napoli,89,7.3,,0.0,2.0,2.0,32,26.0,,,,3.0,2.0,0,0,4.0,9.0
219,Matteo Politano,Napoli,M,Lazio vs Napoli,90,7.6,,2.0,,,41,35.0,,,,1.0,2.0,0,0,3.0,9.0
219,Matteo Politano,Napoli,M,Napoli vs Hellas Verona,90,6.2,,0.0,1.0,,39,34.0,,,,,,0,0,1.0,5.0
219,Matteo Politano,Napoli,M,Inter vs Napoli,89,6.2,,0.0,,,24,19.0,,,,1.0,,0,0,,5.0
219,Matteo Politano,Napoli,M,Napoli vs Parma,78,6.6,,0.0,1.0,,35,29.0,,,,,,0,0,2.0,5.0
219,Matteo Politano,Napoli,M,Napoli vs Sassuolo,34,6.7,,0.0,1.0,,13,11.0,,,,,,0,0,1.0,1.0
219,Matteo Politano,Napoli,M,Napoli vs AS Roma,85,6.2,,0.0,,,36,29.0,,,,2.0,,0,0,1.0,6.0
219,Matteo Politano,Napoli,M,Atalanta vs Napoli,28,6.6,,0.0,,,12,10.0,,,,,,0,0,1.0,1.0
3406,Frank Anguissa,Napoli,M,Sassuolo vs Napoli,90,7.2,,0.0,1.0,,66,62.0,,,,2.0,2.0,0,0,7.0,11.0
3406,Frank Anguissa,Napoli,M,Napoli vs Cagliari,90,7.6,1.0,0.0,3.0,2.0,46,39.0,,1.0,1.0,2.0,1.0,0,0,5.0,13.0
3406,Frank Anguissa,Napoli,M,Fiorentina vs Napoli,90,8,,1.0,1.0,,49,41.0,,1.0,,1.0,2.0,0,0,10.0,22.0
3406,Frank Anguissa,Napoli,M,Napoli vs Pisa,32,6.3,,0.0,,,22,21.0,,2.0,1.0,,,0,0,3.0,6.0
3406,Frank Anguissa,Napoli,M,AC Milan vs Napoli,90,6.2,,0.0,4.0,1.0,37,28.0,,1.0,,,,0,0,6.0,9.0
3406,Frank Anguissa,Napoli,M,Napoli vs Genoa,90,7.3,1.0,0.0,2.0,2.0,45,33.0,,3.0,,1.0,,0,0,4.0,7.0
3406,Frank Anguissa,Napoli,M,Torino vs Napoli,90,6.3,,0.0,4.0,1.0,42,33.0,,,2.0,,2.0,0,0,10.0,14.0
3406,Frank Anguissa,Napoli,M,Napoli vs Inter,90,8.3,1.0,0.0,1.0,1.0,31,24.0,,2.0,2.0,,1.0,0,0,7.0,10.0
3406,Frank Anguissa,Napoli,M,Lecce vs Napoli,90,8,1.0,0.0,1.0,1.0,50,43.0,,4.0,2.0,,,0,0,6.0,9.0
3406,Frank Anguissa,Napoli,M,Napoli vs Como,90,6.2,,0.0,,,42,39.0,,,2.0,2.0,1.0,1,0,2.0,9.0
3406,Frank Anguissa,Napoli,M,Bologna vs Napoli,90,6.3,,0.0,,,58,50.0,,1.0,,2.0,3.0,0,0,4.0,10.0
629,Kevin De Bruyne,Napoli,M,Sassuolo vs Napoli,90,7.9,1.0,0.0,2.0,1.0,59,51.0,,,1.0,,,0,0,,2.0
629,Kevin De Bruyne,Napoli,M,Napoli vs Cagliari,81,7.2,,0.0,1.0,,53,46.0,,,,2.0,,1,0,,6.0
629,Kevin De Bruyne,Napoli,M,Fiorentina vs Napoli,69,7.7,1.0,0.0,2.0,2.0,33,29.0,,,1.0,1.0,,0,0,2.0,7.0
629,Kevin De Bruyne,Napoli,M,Napoli vs Pisa,90,6.2,,0.0,2.0,1.0,61,52.0,,,2.0,,1.0,0,0,2.0,6.0
629,Kevin De Bruyne,Napoli,M,AC Milan vs Napoli,72,7.3,1.0,0.0,1.0,1.0,75,63.0,,2.0,,,1.0,0,0,4.0,7.0
629,Kevin De Bruyne,Napoli,M,Napoli vs Genoa,40,6.9,,0.0,,,25,19.0,,1.0,,,,0,0,2.0,7.0
629,Kevin De Bruyne,Napoli,M,Torino vs Napoli,90,6.7,,0.0,2.0,1.0,68,64.0,,2.0,1.0,2.0,,0,0,3.0,9.0
629,Kevin De Bruyne,Napoli,M,Napoli vs Inter,37,7.3,1.0,0.0,1.0,1.0,11,10.0,,,,,,0,0,,
903,Scott McTominay,Napoli,M,Sassuolo vs Napoli,89,7.9,1.0,0.0,3.0,2.0,30,27.0,,1.0,,,6.0,0,0,8.0,15.0
903,Scott McTominay,Napoli,M,Napoli vs Cagliari,90,5.9,,0.0,4.0,2.0,26,21.0,,,,2.0,2.0,0,0,3.0,9.0
903,Scott McTominay,Napoli,M,Fiorentina vs Napoli,90,6.9,,0.0,1.0,1.0,29,24.0,,1.0,2.0,1.0,5.0,0,0,9.0,16.0
903,Scott McTominay,Napoli,M,Napoli vs Pisa,90,6.3,,1.0,2.0,,30,27.0,,1.0,1.0,1.0,2.0,0,0,4.0,12.0
903,Scott McTominay,Napoli,M,AC Milan vs Napoli,73,6.5,,0.0,1.0,1.0,36,31.0,,1.0,,1.0,,0,0,1.0,3.0
903,Scott McTominay,Napoli,M,Napoli vs Genoa,90,6.5,,0.0,1.0,,27,21.0,,1.0,1.0,2.0,3.0,0,0,8.0,14.0
903,Scott McTominay,Napoli,M,Napoli vs Inter,90,7.2,1.0,0.0,1.0,1.0,24,16.0,,,1.0,1.0,2.0,0,0,3.0,5.0
903,Scott McTominay,Napoli,M,Lecce vs Napoli,29,6.3,,0.0,,,7,5.0,,1.0,,,,0,0,1.0,7.0
903,Scott McTominay,Napoli,M,Napoli vs Como,90,7.2,,0.0,4.0,3.0,23,17.0,,3.0,1.0,1.0,2.0,0,0,10.0,16.0
903,Scott McTominay,Napoli,M,Bologna vs Napoli,82,6.7,,0.0,1.0,,26,23.0,,,,,2.0,0,0,3.0,4.0
903,Scott McTominay,Napoli,M,Napoli vs Atalanta,90,7.3,,1.0,3.0,2.0,26,23.0,,2.0,3.0,1.0,4.0,0,0,7.0,15.0
903,Scott McTominay,Napoli,M,AS Roma vs Napoli,90,6.3,,0.0,1.0,1.0,43,41.0,,,,1.0,2.0,0,0,4.0,11.0
903,Scott McTominay,Napoli,M,Napoli vs Juventus,90,6.6,,0.0,3.0,,46,41.0,,1.0,2.0,,2.0,0,0,5.0,10.0
903,Scott McTominay,Napoli,M,Udinese vs Napoli,90,7,,0.0,,,49,45.0,,1.0,,,3.0,0,0,8.0,13.0
903,Scott McTominay,Napoli,M,Cremonese vs Napoli,90,7.6,,1.0,5.0,2.0,37,34.0,,2.0,1.0,1.0,1.0,1,0,8.0,12.0
903,Scott McTominay,Napoli,M,Lazio vs Napoli,90,7.2,,0.0,4.0,1.0,82,79.0,,,,,1.0,0,0,2.0,8.0
903,Scott McTominay,Napoli,M,Napoli vs Hellas Verona,90,7.7,1.0,0.0,1.0,1.0,60,50.0,,1.0,,,1.0,0,0,7.0,11.0
903,Scott McTominay,Napoli,M,Inter vs Napoli,90,9.3,2.0,0.0,4.0,3.0,43,40.0,,2.0,4.0,,4.0,0,0,8.0,11.0
903,Scott McTominay,Napoli,M,Napoli vs Parma,90,7,,0.0,1.0,1.0,43,39.0,,1.0,,,1.0,0,0,4.0,7.0
903,Scott McTominay,Napoli,M,Napoli vs Sassuolo,90,7,,0.0,2.0,,50,44.0,,2.0,1.0,,1.0,0,0,6.0,9.0
903,Scott McTominay,Napoli,M,Juventus vs Napoli,90,6,,0.0,,,51,45.0,,,,,2.0,0,0,3.0,9.0
903,Scott McTominay,Napoli,M,Napoli vs Fiorentina,90,7.9,,0.0,4.0,2.0,43,42.0,,3.0,,3.0,3.0,0,0,9.0,12.0
903,Scott McTominay,Napoli,M,Genoa vs Napoli,45,7.7,1.0,0.0,4.0,2.0,25,21.0,,,,,,0,0,2.0,5.0
199089,Lorenzo Lucca,Napoli,F,Sassuolo vs Napoli,82,6.9,,0.0,1.0,1.0,17,15.0,,,,5.0,3.0,1,0,8.0,16.0
199089,Lorenzo Lucca,Napoli,F,Napoli vs Cagliari,75,6.2,,0.0,1.0,1.0,16,12.0,,,,3.0,1.0,0,0,3.0,8.0
199089,Lorenzo Lucca,Napoli,F,Fiorentina vs Napoli,17,6.3,,0.0,,,4,2.0,,,,1.0,,0,0,,3.0
199089,Lorenzo Lucca,Napoli,F,Napoli vs Pisa,12,7.5,1.0,0.0,1.0,1.0,6,6.0,,,,1.0,1.0,0,0,1.0,3.0
199089,Lorenzo Lucca,Napoli,F,AC Milan vs Napoli,17,6.2,,0.0,,,0,,,,,1.0,,0,0,,2.0
199089,Lorenzo Lucca,Napoli,F,Napoli vs Genoa,8,6.9,,0.0,1.0,1.0,1,1.0,,,,1.0,1.0,0,0,2.0,4.0
199089,Lorenzo Lucca,Napoli,F,Torino vs Napoli,74,6.7,,0.0,2.0,1.0,2,2.0,,,,1.0,3.0,0,0,6.0,11.0
199089,Lorenzo Lucca,Napoli,F,Lecce vs Napoli,61,6.2,,0.0,1.0,,8,8.0,,,,3.0,,0,0,1.0,6.0
199089,Lorenzo Lucca,Napoli,F,Napoli vs Como,8,6.3,,0.0,,,1,,,,,,,0,0,,
199089,Lorenzo Lucca,Napoli,F,Bologna vs Napoli,8,6.3,,0.0,,,1,,,,,,,0,0,,
199089,Lorenzo Lucca,Napoli,F,Napoli vs Atalanta,16,6.2,,0.0,,,2,,,,,,1.0,0,0,1.0,4.0
199089,Lorenzo Lucca,Napoli,F,AS Roma vs Napoli,12,6.7,,0.0,,,0,,,,,,1.0,0,0,3.0,6.0
199089,Lorenzo Lucca,Napoli,F,Udinese vs Napoli,14,7,,0.0,1.0,,1,1.0,,,,,1.0,0,0,2.0,2.0
199089,Lorenzo Lucca,Napoli,F,Napoli vs Hellas Verona,14,6.7,,0.0,,,2,1.0,,,,,1.0,0,0,1.0,1.0
552,David Neres,Napoli,F,Sassuolo vs Napoli,14,6.3,,0.0,,,6,6.0,,,,2.0,,0,0,,4.0
552,David Neres,Napoli,F,Fiorentina vs Napoli,21,6.9,,0.0,,,12,11.0,,2.0,,,,0,0,2.0,4.0
552,David Neres,Napoli,F,AC Milan vs Napoli,17,6.5,,0.0,1.0,1.0,7,7.0,,,,1.0,,0,0,1.0,4.0
552,David Neres,Napoli,F,Napoli vs Genoa,82,6.3,,0.0,1.0,,36,31.0,,1.0,,2.0,,1,0,2.0,8.0
552,David Neres,Napoli,F,Torino vs Napoli,74,6.9,,0.0,2.0,,33,26.0,,1.0,,,1.0,0,0,7.0,10.0
552,David Neres,Napoli,F,Napoli vs Inter,81,6.6,,1.0,,,25,20.0,,1.0,,3.0,,0,0,2.0,9.0
552,David Neres,Napoli,F,Lecce vs Napoli,42,7,,1.0,,,17,14.0,,2.0,,1.0,,0,0,4.0,9.0
552,David Neres,Napoli,F,Napoli vs Como,73,6.2,,0.0,,,13,9.0,,,,2.0,1.0,0,0,2.0,14.0
552,David Neres,Napoli,F,Bologna vs Napoli,23,6.3,,0.0,,,6,4.0,,1.0,,1.0,,1,0,1.0,4.0
552,David Neres,Napoli,F,Napoli vs Atalanta,69,9.2,2.0,0.0,2.0,2.0,19,14.0,,,,1.0,1.0,0,0,1.0,5.0
552,David Neres,Napoli,F,AS Roma vs Napoli,85,9.3,1.0,0.0,2.0,1.0,25,21.0,,,,1.0,,0,0,2.0,11.0
552,David Neres,Napoli,F,Napoli vs Juventus,80,8.2,,1.0,,,34,24.0,,1.0,,,2.0,0,0,8.0,11.0
552,David Neres,Napoli,F,Udinese vs Napoli,90,6.3,,0.0,,,24,20.0,,1.0,1.0,4.0,2.0,0,0,3.0,9.0
552,David Neres,Napoli,F,Cremonese vs Napoli,73,6.5,,0.0,2.0,,31,27.0,,,,,,0,0,1.0,3.0
552,David Neres,Napoli,F,Lazio vs Napoli,70,7.3,,0.0,,,20,17.0,,,,,,0,0,3.0,7.0
552,David Neres,Napoli,F,Napoli vs Parma,31,6.7,,0.0,,,23,19.0,,,,1.0,,1,0,1.0,2.0
130423,Billy Gilmour,Napoli,M,Sassuolo vs Napoli,8,6.6,,0.0,,,18,16.0,,,,,,0,0,,1.0
130423,Billy Gilmour,Napoli,M,Napoli vs Pisa,58,8,1.0,0.0,1.0,1.0,64,61.0,,1.0,1.0,1.0,1.0,0,0,3.0,7.0
130423,Billy Gilmour,Napoli,M,Napoli vs Genoa,46,7,,0.0,,,42,36.0,,1.0,1.0,1.0,,0,0,3.0,4.0
130423,Billy Gilmour,Napoli,M,Torino vs Napoli,82,7.2,,0.0,,,79,71.0,,2.0,,,,0,0,4.0,7.0
130423,Billy Gilmour,Napoli,M,Napoli vs Inter,90,6.7,,0.0,1.0,,51,44.0,,1.0,2.0,1.0,,1,0,1.0,3.0
130423,Billy Gilmour,Napoli,M,Lecce vs Napoli,90,7.7,,0.0,,,66,57.0,,4.0,3.0,2.0,3.0,0,0,9.0,12.0
130423,Billy Gilmour,Napoli,M,Napoli vs Como,38,7.3,,0.0,,,23,20.0,,,,,2.0,0,0,4.0,5.0
130423,Billy Gilmour,Napoli,M,Napoli vs AS Roma,11,6.9,,0.0,1.0,,10,9.0,,1.0,,,,0,0,2.0,2.0
544,Noa Lang,Napoli,F,Sassuolo vs Napoli,8,6.5,,0.0,,,5,4.0,,,,,,0,0,,
544,Noa Lang,Napoli,F,Napoli vs Cagliari,9,6.7,,0.0,,,10,7.0,,,,,,0,0,,
544,Noa Lang,Napoli,F,AC Milan vs Napoli,13,6.7,,0.0,1.0,1.0,8,7.0,,,,,,0,0,,
544,Noa Lang,Napoli,F,Torino vs Napoli,27,6.9,,0.0,,,9,7.0,,,,,,1,0,,
544,Noa Lang,Napoli,F,Napoli vs Inter,9,6.5,,0.0,,,7,5.0,,,,,1.0,0,0,2.0,4.0
544,Noa Lang,Napoli,F,Lecce vs Napoli,48,7.3,,0.0,,,24,18.0,,4.0,,,1.0,0,0,6.0,7.0
544,Noa Lang,Napoli,F,Napoli vs Como,17,6.9,,0.0,,,14,11.0,,1.0,,,,0,0,2.0,3.0
544,Noa Lang,Napoli,F,Bologna vs Napoli,23,6.3,,0.0,,,10,9.0,,,,2.0,,1,0,1.0,5.0
544,Noa Lang,Napoli,F,Napoli vs Atalanta,69,8.5,1.0,0.0,1.0,1.0,22,17.0,,1.0,,,1.0,0,0,4.0,6.0
544,Noa Lang,Napoli,F,AS Roma vs Napoli,70,7,,0.0,1.0,1.0,22,16.0,,,1.0,,2.0,0,0,3.0,4.0
544,Noa Lang,Napoli,F,Napoli vs Juventus,86,7.7,,0.0,,,37,26.0,,3.0,,,1.0,0,0,5.0,8.0
544,Noa Lang,Napoli,F,Udinese vs Napoli,61,6.9,,0.0,1.0,,11,8.0,,1.0,,,,0,0,3.0,6.0
544,Noa Lang,Napoli,F,Cremonese vs Napoli,39,6.7,,0.0,,,16,14.0,,,1.0,,,0,0,1.0,4.0
544,Noa Lang,Napoli,F,Lazio vs Napoli,10,6.3,,0.0,,,4,4.0,,,,,,0,0,,
544,Noa Lang,Napoli,F,Napoli vs Hellas Verona,76,7.2,,1.0,2.0,1.0,22,20.0,,1.0,,,2.0,0,0,3.0,8.0
544,Noa Lang,Napoli,F,Inter vs Napoli,12,6.7,,1.0,,,7,5.0,,,,1.0,,0,0,1.0,4.0
544,Noa Lang,Napoli,F,Napoli vs Parma,58,7.6,,0.0,,,29,24.0,,,,2.0,2.0,0,0,4.0,8.0
544,Noa Lang,Napoli,F,Napoli vs Sassuolo,33,6.9,,0.0,,,12,10.0,,1.0,,,1.0,0,0,2.0,3.0
31631,Nicola Leali,Genoa,G,Genoa vs Lecce,90,6.3,,0.0,,,33,14.0,,,,,,0,0,,
31631,Nicola Leali,Genoa,G,Genoa vs Juventus,90,7,,0.0,,,21,12.0,,,,,,0,0,,
31631,Nicola Leali,Genoa,G,Como vs Genoa,90,7.5,,0.0,,,24,18.0,,,,,,0,0,,
31631,Nicola Leali,Genoa,G,Bologna vs Genoa,90,7.2,,0.0,,,38,15.0,,,,,,0,0,,
31631,Nicola Leali,Genoa,G,Genoa vs Lazio,90,6.7,,0.0,,,20,19.0,,1.0,,,,0,0,1.0,1.0
31631,Nicola Leali,Genoa,G,Napoli vs Genoa,90,7.3,,0.0,,,29,14.0,,,,,2.0,0,0,2.0,2.0
31631,Nicola Leali,Genoa,G,Genoa vs Parma,90,6.7,,0.0,,,14,14.0,,,,,,0,0,,
31631,Nicola Leali,Genoa,G,Torino vs Genoa,90,8.3,,0.0,,,25,16.0,,,,,,0,0,1.0,1.0
31631,Nicola Leali,Genoa,G,Genoa vs Cremonese,90,6.7,,0.0,,,12,7.0,,,1.0,1.0,,1,0,,1.0
31631,Nicola Leali,Genoa,G,Sassuolo vs Genoa,90,7.5,,0.0,,,29,17.0,,,,,,0,0,,
31631,Nicola Leali,Genoa,G,Genoa vs Fiorentina,90,6.3,,0.0,,,15,8.0,,,,,,0,0,1.0,1.0
31631,Nicola Leali,Genoa,G,Cagliari vs Genoa,90,6.5,,0.0,,,20,17.0,,,,,,0,0,,
31631,Nicola Leali,Genoa,G,Genoa vs Hellas Verona,90,8,,0.0,,,26,18.0,,,,,,0,0,,
31631,Nicola Leali,Genoa,G,Udinese vs Genoa,90,7.2,,0.0,,,39,21.0,,,,,,0,0,,
31631,Nicola Leali,Genoa,G,Genoa vs Inter,90,7,,0.0,,,28,20.0,,,,,,0,0,,
31631,Nicola Leali,Genoa,G,Genoa vs Atalanta,3,3,,0.0,,,2,1.0,,,,1.0,,0,1,,1.0
31631,Nicola Leali,Genoa,G,Genoa vs Pisa,90,5.9,,0.0,,,26,15.0,,,,,,0,0,,
31631,Nicola Leali,Genoa,G,AC Milan vs Genoa,90,9.2,,0.0,,,32,15.0,,,,,,1,0,,
31631,Nicola Leali,Genoa,G,Genoa vs Cagliari,90,7.9,,0.0,,,20,18.0,,,,,,0,0,,
31631,Nicola Leali,Genoa,G,Parma vs Genoa,90,6.6,,0.0,,,37,26.0,,,,,,0,0,,
284570,Brooke Norton-Cuffy,Genoa,D,Genoa vs Lecce,90,7.3,,0.0,,,40,31.0,,4.0,1.0,1.0,,0,0,6.0,8.0
284570,Brooke Norton-Cuffy,Genoa,D,Genoa vs Juventus,90,6.9,,0.0,,,42,38.0,,2.0,,3.0,,0,0,4.0,7.0
284570,Brooke Norton-Cuffy,Genoa,D,Como vs Genoa,90,7.2,,0.0,1.0,1.0,39,33.0,,2.0,1.0,2.0,1.0,0,0,10.0,16.0
284570,Brooke Norton-Cuffy,Genoa,D,Bologna vs Genoa,90,6.3,,0.0,,,23,16.0,,3.0,,2.0,,1,0,4.0,8.0
284570,Brooke Norton-Cuffy,Genoa,D,Genoa vs Lazio,90,5.9,,0.0,,,56,48.0,,1.0,,2.0,1.0,1,0,3.0,7.0
284570,Brooke Norton-Cuffy,Genoa,D,Napoli vs Genoa,90,7.7,,1.0,,,23,19.0,,1.0,,,,0,0,4.0,5.0
284570,Brooke Norton-Cuffy,Genoa,D,Genoa vs Parma,90,6.6,,0.0,,,45,41.0,,2.0,1.0,2.0,1.0,0,0,4.0,9.0
284570,Brooke Norton-Cuffy,Genoa,D,Torino vs Genoa,90,6.5,,0.0,,,21,19.0,,,,2.0,1.0,0,0,4.0,12.0
284570,Brooke Norton-Cuffy,Genoa,D,Genoa vs Cremonese,90,6.7,,0.0,,,40,34.0,,,1.0,,1.0,0,0,5.0,8.0
284570,Brooke Norton-Cuffy,Genoa,D,Sassuolo vs Genoa,90,6.9,,0.0,1.0,,22,18.0,,5.0,4.0,,1.0,0,0,7.0,12.0
284570,Brooke Norton-Cuffy,Genoa,D,Genoa vs Fiorentina,90,6.9,,0.0,,,21,15.0,,,,1.0,1.0,0,0,2.0,7.0
284570,Brooke Norton-Cuffy,Genoa,D,Cagliari vs Genoa,90,6.5,,0.0,1.0,1.0,27,20.0,,1.0,,3.0,2.0,2,1,5.0,10.0
284570,Brooke Norton-Cuffy,Genoa,D,Udinese vs Genoa,90,7.3,1.0,0.0,1.0,1.0,15,10.0,,1.0,,,,0,0,2.0,8.0
284570,Brooke Norton-Cuffy,Genoa,D,Genoa vs Inter,90,6.6,,0.0,1.0,,26,17.0,,5.0,,,,0,0,5.0,11.0
284570,Brooke Norton-Cuffy,Genoa,D,Genoa vs Atalanta,90,7.2,,0.0,,,16,13.0,,1.0,1.0,1.0,,0,0,4.0,9.0
284570,Brooke Norton-Cuffy,Genoa,D,AS Roma vs Genoa,90,6.7,,0.0,2.0,,24,18.0,,2.0,,,,0,0,5.0,8.0
284570,Brooke Norton-Cuffy,Genoa,D,Genoa vs Pisa,76,6.9,,0.0,,,36,30.0,,1.0,,,,0,0,2.0,5.0
284570,Brooke Norton-Cuffy,Genoa,D,AC Milan vs Genoa,90,6.5,,0.0,,,31,25.0,,2.0,1.0,,,0,0,3.0,12.0
284570,Brooke Norton-Cuffy,Genoa,D,Genoa vs Cagliari,45,6.6,,0.0,,,9,7.0,,1.0,,,1.0,0,0,2.0,5.0
284570,Brooke Norton-Cuffy,Genoa,D,Genoa vs Bologna,89,7,,0.0,,,26,18.0,,,,,,0,0,4.0,7.0
284570,Brooke Norton-Cuffy,Genoa,D,Lazio vs Genoa,90,6.5,,0.0,,,13,11.0,,,,1.0,1.0,1,0,2.0,7.0
284570,Brooke Norton-Cuffy,Genoa,D,Genoa vs Napoli,90,6.7,,0.0,1.0,,23,19.0,,1.0,,,,0,0,1.0,2.0
284570,Brooke Norton-Cuffy,Genoa,D,Cremonese vs Genoa,72,7.5,,0.0,1.0,1.0,33,27.0,,4.0,,2.0,,0,0,4.0,9.0
284570,Brooke Norton-Cuffy,Genoa,D,Genoa vs Torino,71,7.3,1.0,0.0,1.0,1.0,21,18.0,,1.0,,1.0,2.0,0,0,5.0,8.0
281826,Alessandro Marcandalli,Genoa,D,Genoa vs Lecce,90,6.6,,0.0,,,43,38.0,,,1.0,,,0,0,,
281826,Alessandro Marcandalli,Genoa,D,Bologna vs Genoa,45,6.2,,0.0,,,17,11.0,,,1.0,,1.0,0,0,2.0,4.0
281826,Alessandro Marcandalli,Genoa,D,Napoli vs Genoa,45,6.5,,0.0,,,7,7.0,,,,3.0,,1,0,,3.0
281826,Alessandro Marcandalli,Genoa,D,Sassuolo vs Genoa,68,6,,0.0,,,19,14.0,,,,2.0,,1,0,,3.0
281826,Alessandro Marcandalli,Genoa,D,Genoa vs Fiorentina,90,5.7,,0.0,1.0,1.0,33,25.0,,,,,,0,0,4.0,10.0
281826,Alessandro Marcandalli,Genoa,D,Cagliari vs Genoa,78,6.5,,0.0,,,35,33.0,,1.0,,,1.0,0,0,3.0,3.0
281826,Alessandro Marcandalli,Genoa,D,Genoa vs Hellas Verona,90,6.9,,0.0,1.0,,62,48.0,,2.0,,,,0,0,6.0,8.0
281826,Alessandro Marcandalli,Genoa,D,Udinese vs Genoa,90,7,,0.0,1.0,1.0,27,26.0,,1.0,,1.0,,0,0,3.0,4.0
281826,Alessandro Marcandalli,Genoa,D,Genoa vs Inter,90,6.5,,0.0,,,37,30.0,,1.0,,1.0,1.0,0,0,4.0,6.0
281826,Alessandro Marcandalli,Genoa,D,Genoa vs Atalanta,90,6.6,,0.0,,,20,14.0,,3.0,,,1.0,0,0,6.0,8.0
281826,Alessandro Marcandalli,Genoa,D,AS Roma vs Genoa,32,7,,0.0,,,14,10.0,,1.0,1.0,,,0,0,3.0,4.0
281826,Alessandro Marcandalli,Genoa,D,Genoa vs Pisa,13,6.7,,0.0,,,2,1.0,,,1.0,,,0,0,,
281826,Alessandro Marcandalli,Genoa,D,AC Milan vs Genoa,90,7.3,,0.0,,,36,28.0,,1.0,,2.0,1.0,0,0,7.0,9.0
281826,Alessandro Marcandalli,Genoa,D,Genoa vs Cagliari,90,6.9,,0.0,,,40,33.0,,2.0,2.0,1.0,1.0,0,0,5.0,7.0
281826,Alessandro Marcandalli,Genoa,D,Parma vs Genoa,90,7.3,,0.0,,,33,27.0,,,,1.0,1.0,0,0,3.0,6.0
281826,Alessandro Marcandalli,Genoa,D,Genoa vs Bologna,90,6.9,,2.0,,,43,37.0,,,1.0,2.0,1.0,1,0,2.0,5.0
281826,Alessandro Marcandalli,Genoa,D,Lazio vs Genoa,90,5.9,,0.0,,,34,23.0,,,3.0,,,0,0,1.0,2.0
281826,Alessandro Marcandalli,Genoa,D,Genoa vs Napoli,90,6,,0.0,,,36,31.0,,1.0,,1.0,,1,0,1.0,3.0
281826,Alessandro Marcandalli,Genoa,D,Cremonese vs Genoa,90,7.3,,0.0,,,72,63.0,,1.0,1.0,1.0,,0,0,4.0,8.0
281826,Alessandro Marcandalli,Genoa,D,Genoa vs Torino,90,6.9,,0.0,,,84,74.0,,1.0,1.0,1.0,,0,0,2.0,5.0
35544,Johan Vásquez,Genoa,D,Genoa vs Lecce,90,7.2,,0.0,,,78,67.0,,1.0,,1.0,,0,0,5.0,8.0
35544,Johan Vásquez,Genoa,D,Genoa vs Juventus,90,6.7,,0.0,1.0,,41,31.0,,3.0,1.0,,1.0,0,0,5.0,10.0
35544,Johan Vásquez,Genoa,D,Como vs Genoa,90,6.9,,0.0,1.0,1.0,48,42.0,,1.0,1.0,,,0,0,3.0,5.0
35544,Johan Vásquez,Genoa,D,Bologna vs Genoa,90,6.5,,0.0,1.0,1.0,34,30.0,,1.0,1.0,2.0,1.0,0,0,2.0,6.0
35544,Johan Vásquez,Genoa,D,Genoa vs Lazio,90,7.3,,0.0,1.0,,112,99.0,,2.0,,1.0,,1,0,6.0,9.0
35544,Johan Vásquez,Genoa,D,Napoli vs Genoa,90,6.7,,0.0,1.0,,34,26.0,,2.0,1.0,,2.0,0,0,5.0,7.0
35544,Johan Vásquez,Genoa,D,Genoa vs Parma,90,7.6,,0.0,2.0,,90,83.0,,,1.0,,3.0,0,0,5.0,7.0
35544,Johan Vásquez,Genoa,D,Torino vs Genoa,90,6.3,,0.0,,,40,31.0,,2.0,,,,0,0,3.0,5.0
35544,Johan Vásquez,Genoa,D,Genoa vs Cremonese,90,6.3,,0.0,,,49,38.0,,,3.0,1.0,,0,0,2.0,6.0
35544,Johan Vásquez,Genoa,D,Sassuolo vs Genoa,90,6.6,,0.0,1.0,,44,40.0,,1.0,1.0,1.0,1.0,0,0,4.0,5.0
35544,Johan Vásquez,Genoa,D,Genoa vs Fiorentina,90,6,,0.0,1.0,,51,43.0,,,4.0,3.0,1.0,0,0,1.0,10.0
35544,Johan Vásquez,Genoa,D,Cagliari vs Genoa,90,6.7,,0.0,3.0,1.0,55,48.0,,3.0,,1.0,1.0,0,0,8.0,11.0
35544,Johan Vásquez,Genoa,D,Genoa vs Hellas Verona,90,6.6,,0.0,,,61,51.0,,1.0,1.0,,,0,0,4.0,10.0
35544,Johan Vásquez,Genoa,D,Udinese vs Genoa,90,6.3,,0.0,,,49,40.0,,1.0,1.0,2.0,2.0,0,0,4.0,11.0
35544,Johan Vásquez,Genoa,D,Genoa vs Inter,90,6.5,,0.0,,,48,38.0,,,,1.0,1.0,0,0,3.0,7.0
35544,Johan Vásquez,Genoa,D,Genoa vs Atalanta,90,7,,0.0,1.0,1.0,26,22.0,,3.0,,,3.0,0,0,7.0,13.0
35544,Johan Vásquez,Genoa,D,AS Roma vs Genoa,90,5.9,,0.0,1.0,,64,58.0,,2.0,2.0,,1.0,0,0,4.0,4.0
35544,Johan Vásquez,Genoa,D,Genoa vs Pisa,90,6.9,,0.0,1.0,1.0,59,49.0,,1.0,3.0,1.0,1.0,0,0,5.0,9.0
35544,Johan Vásquez,Genoa,D,AC Milan vs Genoa,90,6.7,,0.0,,,44,40.0,,,,,,0,0,,3.0
35544,Johan Vásquez,Genoa,D,Genoa vs Cagliari,90,7.2,,0.0,,,59,48.0,,3.0,3.0,2.0,3.0,0,0,7.0,12.0
35544,Johan Vásquez,Genoa,D,Parma vs Genoa,90,7.3,,0.0,,,61,49.0,,3.0,,1.0,3.0,0,0,12.0,21.0
35544,Johan Vásquez,Genoa,D,Genoa vs Bologna,73,6.5,,0.0,,,32,25.0,,1.0,1.0,,2.0,0,0,4.0,5.0
35544,Johan Vásquez,Genoa,D,Lazio vs Genoa,90,6,,0.0,,,74,67.0,,1.0,1.0,,,0,0,3.0,5.0
35544,Johan Vásquez,Genoa,D,Genoa vs Napoli,90,6.9,,0.0,,,43,33.0,,3.0,2.0,1.0,4.0,1,0,12.0,17.0
35544,Johan Vásquez,Genoa,D,Cremonese vs Genoa,90,7.7,,0.0,1.0,,79,69.0,,1.0,1.0,1.0,1.0,0,0,9.0,14.0
35544,Johan Vásquez,Genoa,D,Genoa vs Torino,90,7.5,,0.0,1.0,,84,80.0,,,,,,0,0,3.0,6.0
25914,Aarón Martín,Genoa,D,Genoa vs Lecce,90,6.9,,0.0,1.0,1.0,49,43.0,,2.0,,2.0,,0,0,3.0,5.0
25914,Aarón Martín,Genoa,D,Genoa vs Juventus,90,7,,0.0,,,35,27.0,,3.0,1.0,1.0,3.0,0,0,7.0,9.0
25914,Aarón Martín,Genoa,D,Como vs Genoa,90,7.9,,0.0,,,37,29.0,,3.0,1.0,,,0,0,5.0,8.0
25914,Aarón Martín,Genoa,D,Bologna vs Genoa,90,6.2,,0.0,1.0,1.0,28,18.0,,1.0,,1.0,,0,0,2.0,5.0
25914,Aarón Martín,Genoa,D,Genoa vs Lazio,84,5.9,,0.0,,,53,43.0,,1.0,,3.0,1.0,0,0,3.0,12.0
25914,Aarón Martín,Genoa,D,Genoa vs Cremonese,63,6.2,,0.0,,,21,16.0,,,,1.0,1.0,0,0,1.0,5.0
25914,Aarón Martín,Genoa,D,Sassuolo vs Genoa,90,7.5,,1.0,,,27,17.0,,1.0,1.0,1.0,2.0,0,0,4.0,7.0
25914,Aarón Martín,Genoa,D,Genoa vs Fiorentina,76,7.2,,1.0,,,17,12.0,,2.0,1.0,1.0,1.0,1,0,5.0,9.0
25914,Aarón Martín,Genoa,D,Cagliari vs Genoa,90,7.9,1.0,0.0,1.0,1.0,26,20.0,,,1.0,1.0,1.0,0,0,1.0,5.0
25914,Aarón Martín,Genoa,D,Genoa vs Hellas Verona,90,7.9,,0.0,,,49,43.0,,4.0,,,1.0,0,0,6.0,8.0
25914,Aarón Martín,Genoa,D,Udinese vs Genoa,90,6.3,,0.0,,,29,23.0,,2.0,1.0,1.0,,0,0,2.0,4.0
25914,Aarón Martín,Genoa,D,Genoa vs Inter,90,7.3,,1.0,,,19,15.0,,1.0,,,,0,0,3.0,4.0
25914,Aarón Martín,Genoa,D,Genoa vs Atalanta,5,,,0.0,,,0,,,,,,,0,0,,
25914,Aarón Martín,Genoa,D,AS Roma vs Genoa,90,7.5,,0.0,,,36,27.0,,3.0,2.0,,1.0,0,0,4.0,7.0
25914,Aarón Martín,Genoa,D,Genoa vs Pisa,90,7.2,,0.0,,,33,26.0,,2.0,,,2.0,0,0,4.0,10.0
25914,Aarón Martín,Genoa,D,AC Milan vs Genoa,83,6.9,,0.0,1.0,,24,20.0,,1.0,,1.0,1.0,0,0,2.0,5.0
25914,Aarón Martín,Genoa,D,Genoa vs Cagliari,90,7.6,,1.0,,,30,24.0,,2.0,1.0,4.0,,0,0,3.0,10.0
25914,Aarón Martín,Genoa,D,Parma vs Genoa,90,6.9,,0.0,,,27,21.0,,1.0,,1.0,2.0,0,0,4.0,6.0
25914,Aarón Martín,Genoa,D,Genoa vs Bologna,55,6.5,,0.0,,,10,7.0,,,,3.0,2.0,0,0,3.0,7.0
25914,Aarón Martín,Genoa,D,Lazio vs Genoa,68,6.9,,0.0,,,31,28.0,,1.0,,3.0,2.0,0,0,3.0,4.0
25914,Aarón Martín,Genoa,D,Genoa vs Napoli,74,6.7,,0.0,,,18,14.0,,2.0,,1.0,,0,0,3.0,5.0
25914,Aarón Martín,Genoa,D,Cremonese vs Genoa,18,6.9,,0.0,,,9,6.0,,,,,1.0,0,0,2.0,2.0
281096,Patrizio Masini,Genoa,M,Genoa vs Lecce,90,7.5,,0.0,,,45,32.0,,6.0,1.0,2.0,4.0,0,0,13.0,20.0
281096,Patrizio Masini,Genoa,M,Genoa vs Juventus,90,7.3,,0.0,1.0,,32,24.0,,4.0,1.0,,3.0,0,0,9.0,15.0
281096,Patrizio Masini,Genoa,M,Como vs Genoa,90,6.7,,0.0,1.0,1.0,46,33.0,,6.0,1.0,4.0,2.0,0,0,9.0,17.0
281096,Patrizio Masini,Genoa,M,Bologna vs Genoa,90,7,,0.0,,,32,22.0,,3.0,2.0,,4.0,1,0,8.0,9.0
281096,Patrizio Masini,Genoa,M,Genoa vs Lazio,69,6.5,,0.0,,,19,14.0,,2.0,,1.0,2.0,1,0,4.0,6.0
281096,Patrizio Masini,Genoa,M,Napoli vs Genoa,90,6.6,,0.0,,,22,15.0,,3.0,3.0,3.0,3.0,0,0,6.0,14.0
281096,Patrizio Masini,Genoa,M,Genoa vs Parma,90,7,,0.0,1.0,1.0,73,65.0,,1.0,2.0,,,0,0,3.0,8.0
281096,Patrizio Masini,Genoa,M,Torino vs Genoa,90,7,,0.0,,,27,22.0,,4.0,,,4.0,0,0,9.0,15.0
281096,Patrizio Masini,Genoa,M,Genoa vs Cremonese,90,7.2,,0.0,2.0,,47,32.0,,8.0,2.0,3.0,3.0,0,0,12.0,21.0
281096,Patrizio Masini,Genoa,M,Sassuolo vs Genoa,31,6.6,,0.0,,,10,5.0,,3.0,1.0,2.0,1.0,1,0,5.0,8.0
281096,Patrizio Masini,Genoa,M,Genoa vs Fiorentina,14,6.9,,0.0,1.0,1.0,4,3.0,,4.0,1.0,,,0,0,4.0,7.0
281096,Patrizio Masini,Genoa,M,Cagliari vs Genoa,8,6.3,,0.0,,,2,1.0,,,,,,0,0,,1.0
281096,Patrizio Masini,Genoa,M,Genoa vs Hellas Verona,18,6.7,,0.0,,,4,1.0,,1.0,,1.0,,0,0,1.0,3.0
281096,Patrizio Masini,Genoa,M,Udinese vs Genoa,90,6.3,,0.0,2.0,,25,18.0,,6.0,2.0,2.0,3.0,0,0,9.0,18.0
281096,Patrizio Masini,Genoa,M,Genoa vs Atalanta,13,6.3,,0.0,,,3,1.0,,,,1.0,1.0,0,0,2.0,3.0
281096,Patrizio Masini,Genoa,M,AS Roma vs Genoa,11,7,,0.0,,,4,4.0,,2.0,1.0,1.0,,0,0,2.0,3.0
281096,Patrizio Masini,Genoa,M,AC Milan vs Genoa,27,6.3,,0.0,,,10,6.0,,,1.0,2.0,,0,0,2.0,4.0
281096,Patrizio Masini,Genoa,M,Genoa vs Cagliari,45,6.9,,0.0,,,21,17.0,,1.0,1.0,3.0,4.0,1,0,5.0,8.0
281096,Patrizio Masini,Genoa,M,Parma vs Genoa,13,6.5,,0.0,,,6,4.0,,1.0,,2.0,,0,0,2.0,7.0
281096,Patrizio Masini,Genoa,M,Lazio vs Genoa,15,6.3,,0.0,,,2,2.0,,,,,,0,0,,1.0
281096,Patrizio Masini,Genoa,M,Genoa vs Napoli,16,6.3,,0.0,,,2,1.0,,1.0,1.0,2.0,,0,0,2.0,6.0
15881,Morten Frendrup,Genoa,M,Genoa vs Lecce,87,7.5,,0.0,,,39,32.0,,5.0,1.0,1.0,1.0,0,0,8.0,11.0
15881,Morten Frendrup,Genoa,M,Genoa vs Juventus,78,6.7,,0.0,,,25,18.0,,4.0,,1.0,,0,0,4.0,7.0
15881,Morten Frendrup,Genoa,M,Como vs Genoa,90,7,,0.0,,,31,24.0,,7.0,,,,0,0,8.0,13.0
15881,Morten Frendrup,Genoa,M,Bologna vs Genoa,90,7,,0.0,,,24,18.0,,4.0,1.0,1.0,2.0,0,0,9.0,12.0
15881,Morten Frendrup,Genoa,M,Genoa vs Lazio,90,6.2,,0.0,,,29,27.0,,1.0,1.0,3.0,1.0,0,0,4.0,9.0
15881,Morten Frendrup,Genoa,M,Napoli vs Genoa,90,7,,0.0,,,23,16.0,,2.0,2.0,2.0,2.0,0,0,5.0,9.0
15881,Morten Frendrup,Genoa,M,Genoa vs Parma,66,6.3,,0.0,1.0,,24,20.0,,1.0,1.0,1.0,,0,0,1.0,2.0
15881,Morten Frendrup,Genoa,M,Torino vs Genoa,78,6.2,,0.0,,,29,23.0,,,1.0,2.0,,1,0,1.0,4.0
15881,Morten Frendrup,Genoa,M,Genoa vs Cremonese,27,6.2,,0.0,2.0,1.0,14,8.0,,2.0,3.0,1.0,,0,0,3.0,7.0
15881,Morten Frendrup,Genoa,M,Sassuolo vs Genoa,90,6.9,,0.0,,,33,27.0,,2.0,2.0,2.0,,0,0,3.0,5.0
15881,Morten Frendrup,Genoa,M,Genoa vs Fiorentina,90,6.9,,0.0,,,25,23.0,,1.0,1.0,3.0,1.0,0,0,5.0,8.0
15881,Morten Frendrup,Genoa,M,Cagliari vs Genoa,90,6.9,,0.0,,,32,30.0,,2.0,,2.0,3.0,0,0,6.0,10.0
15881,Morten Frendrup,Genoa,M,Genoa vs Hellas Verona,90,6.9,,0.0,,,50,42.0,,4.0,1.0,,2.0,0,0,7.0,16.0
15881,Morten Frendrup,Genoa,M,Genoa vs Inter,78,6.6,,0.0,,,23,22.0,,2.0,1.0,2.0,1.0,0,0,3.0,8.0
15881,Morten Frendrup,Genoa,M,Genoa vs Atalanta,90,7,,0.0,,,27,23.0,,1.0,3.0,1.0,3.0,0,0,6.0,9.0
15881,Morten Frendrup,Genoa,M,AS Roma vs Genoa,79,6.9,,0.0,,,34,31.0,,3.0,2.0,2.0,1.0,1,0,5.0,9.0
15881,Morten Frendrup,Genoa,M,Genoa vs Pisa,90,6.9,,0.0,1.0,,45,38.0,,3.0,1.0,,1.0,0,0,5.0,6.0
15881,Morten Frendrup,Genoa,M,AC Milan vs Genoa,90,7.2,,0.0,,,37,37.0,,2.0,2.0,,,0,0,3.0,4.0
15881,Morten Frendrup,Genoa,M,Genoa vs Cagliari,90,8.2,1.0,0.0,1.0,1.0,59,55.0,,2.0,,2.0,3.0,1,0,5.0,7.0
15881,Morten Frendrup,Genoa,M,Parma vs Genoa,90,7.2,,0.0,,,54,49.0,,3.0,1.0,1.0,,0,0,4.0,6.0
15881,Morten Frendrup,Genoa,M,Genoa vs Bologna,90,6.9,,0.0,,,31,25.0,,3.0,,1.0,3.0,0,0,6.0,9.0
15881,Morten Frendrup,Genoa,M,Lazio vs Genoa,90,7.3,,0.0,2.0,1.0,41,40.0,,6.0,1.0,,1.0,0,0,7.0,7.0
15881,Morten Frendrup,Genoa,M,Genoa vs Napoli,90,6.9,,0.0,,,35,32.0,,4.0,3.0,2.0,2.0,0,0,7.0,10.0
15881,Morten Frendrup,Genoa,M,Cremonese vs Genoa,89,7.5,,0.0,,,41,39.0,,2.0,,1.0,2.0,0,0,5.0,9.0
15881,Morten Frendrup,Genoa,M,Genoa vs Torino,90,7.2,,0.0,,,56,52.0,,3.0,2.0,,2.0,0,0,6.0,7.0
341646,Valentín Carboni,Genoa,M,Genoa vs Lecce,73,7.2,,0.0,1.0,1.0,18,11.0,,2.0,,1.0,1.0,0,0,5.0,8.0
341646,Valentín Carboni,Genoa,M,Genoa vs Juventus,65,6.3,,0.0,,,19,16.0,,2.0,,2.0,1.0,0,0,3.0,15.0
341646,Valentín Carboni,Genoa,M,Como vs Genoa,19,7,,0.0,,,17,15.0,,2.0,,,,0,0,5.0,6.0
341646,Valentín Carboni,Genoa,M,Bologna vs Genoa,21,6.2,,0.0,,,9,7.0,,2.0,1.0,2.0,,1,0,4.0,5.0
341646,Valentín Carboni,Genoa,M,Genoa vs Lazio,22,6.6,,0.0,1.0,,6,6.0,,1.0,,1.0,1.0,0,0,3.0,5.0
341646,Valentín Carboni,Genoa,M,Napoli vs Genoa,14,6.7,,0.0,,,1,,,1.0,1.0,,1.0,0,0,2.0,4.0
341646,Valentín Carboni,Genoa,M,Genoa vs Parma,45,7.2,,0.0,1.0,1.0,29,28.0,,,,2.0,,0,0,4.0,10.0
341646,Valentín Carboni,Genoa,M,Genoa vs Cremonese,63,7.2,,0.0,,,22,16.0,,3.0,,2.0,1.0,1,0,5.0,9.0
341646,Valentín Carboni,Genoa,M,Genoa vs Fiorentina,14,6.2,,0.0,,,2,2.0,,,,1.0,,0,0,,4.0
341646,Valentín Carboni,Genoa,M,Cagliari vs Genoa,12,6.5,,0.0,1.0,,6,5.0,,,,,,0,0,,1.0
341646,Valentín Carboni,Genoa,M,Genoa vs Hellas Verona,11,6.7,,0.0,,,1,1.0,,,,,,0,0,,
44439,Nicolae Stanciu,Genoa,M,Genoa vs Lecce,87,7,,0.0,2.0,,45,32.0,,2.0,2.0,,,0,0,3.0,4.0
44439,Nicolae Stanciu,Genoa,M,Genoa vs Juventus,65,6.6,,0.0,,,18,14.0,,,1.0,,2.0,0,0,2.0,4.0
44439,Nicolae Stanciu,Genoa,M,Genoa vs Lazio,21,6.9,,0.0,,,16,13.0,,1.0,,1.0,,0,0,2.0,3.0
44439,Nicolae Stanciu,Genoa,M,AC Milan vs Genoa,17,5.9,,0.0,1.0,,0,,,1.0,,,,0,0,1.0,2.0
263177,Albert Grønbæk,Genoa,M,Genoa vs Lecce,60,7,,0.0,,,12,9.0,,,,,1.0,0,0,4.0,6.0
263177,Albert Grønbæk,Genoa,M,Sassuolo vs Genoa,11,6.6,,0.0,,,2,2.0,,2.0,,,,0,0,2.0,3.0
263177,Albert Grønbæk,Genoa,M,Cagliari vs Genoa,24,6.5,,0.0,,,1,1.0,,1.0,,1.0,,1,0,1.0,3.0
263177,Albert Grønbæk,Genoa,M,Genoa vs Inter,12,6.7,,0.0,1.0,1.0,2,1.0,,1.0,,,,0,0,1.0,2.0
263481,Lorenzo Colombo,Genoa,F,Genoa vs Lecce,73,6.3,,0.0,,,14,7.0,,,,4.0,1.0,0,0,4.0,15.0
263481,Lorenzo Colombo,Genoa,F,Genoa vs Juventus,78,6.2,,0.0,2.0,,13,7.0,,1.0,,2.0,,0,0,7.0,17.0
263481,Lorenzo Colombo,Genoa,F,Como vs Genoa,81,6,,0.0,1.0,1.0,15,10.0,,1.0,,2.0,3.0,0,0,5.0,17.0
263481,Lorenzo Colombo,Genoa,F,Bologna vs Genoa,53,5.7,,0.0,2.0,1.0,8,3.0,,1.0,,2.0,,0,0,2.0,13.0
263481,Lorenzo Colombo,Genoa,F,Genoa vs Lazio,69,6.3,,0.0,2.0,1.0,10,7.0,,,,,1.0,0,0,4.0,12.0
263481,Lorenzo Colombo,Genoa,F,Napoli vs Genoa,14,6.5,,0.0,,,6,3.0,,,,2.0,,0,0,,1.0
263481,Lorenzo Colombo,Genoa,F,Genoa vs Parma,24,6.3,,0.0,,,3,3.0,,,,1.0,,1,0,,1.0
263481,Lorenzo Colombo,Genoa,F,Torino vs Genoa,10,6.5,,0.0,1.0,,0,,,1.0,,,,0,0,1.0,2.0
263481,Lorenzo Colombo,Genoa,F,Genoa vs Cremonese,27,6.7,,0.0,,,3,1.0,,,,,2.0,0,0,4.0,7.0
263481,Lorenzo Colombo,Genoa,F,Sassuolo vs Genoa,68,5.9,,0.0,4.0,,16,12.0,,,,,2.0,0,0,2.0,9.0
263481,Lorenzo Colombo,Genoa,F,Genoa vs Fiorentina,67,6.9,1.0,0.0,3.0,2.0,11,10.0,,1.0,,2.0,4.0,0,0,7.0,11.0
263481,Lorenzo Colombo,Genoa,F,Cagliari vs Genoa,88,7.2,,1.0,2.0,2.0,30,22.0,,,,,4.0,0,0,9.0,17.0
263481,Lorenzo Colombo,Genoa,F,Genoa vs Hellas Verona,67,7,1.0,0.0,1.0,1.0,16,15.0,,,,1.0,,0,0,1.0,10.0
263481,Lorenzo Colombo,Genoa,F,Udinese vs Genoa,76,6.9,,0.0,1.0,1.0,14,11.0,,,,1.0,3.0,0,0,3.0,10.0
263481,Lorenzo Colombo,Genoa,F,Genoa vs Inter,58,6.2,,0.0,,,15,7.0,,,,1.0,2.0,0,0,5.0,12.0
263481,Lorenzo Colombo,Genoa,F,Genoa vs Atalanta,23,6.5,,0.0,1.0,1.0,7,5.0,,1.0,,,1.0,0,0,2.0,4.0
263481,Lorenzo Colombo,Genoa,F,AS Roma vs Genoa,31,6.3,,0.0,,,7,3.0,,1.0,,,,0,0,1.0,5.0
263481,Lorenzo Colombo,Genoa,F,Genoa vs Pisa,76,8.2,1.0,0.0,1.0,1.0,20,14.0,,1.0,,,3.0,0,0,5.0,11.0
263481,Lorenzo Colombo,Genoa,F,AC Milan vs Genoa,83,7.3,1.0,0.0,3.0,2.0,26,19.0,,,1.0,,,0,0,5.0,11.0
263481,Lorenzo Colombo,Genoa,F,Genoa vs Cagliari,74,7,1.0,0.0,3.0,3.0,28,17.0,,,,1.0,,0,0,3.0,10.0
263481,Lorenzo Colombo,Genoa,F,Parma vs Genoa,89,7.3,,0.0,4.0,2.0,17,16.0,,3.0,,3.0,3.0,0,0,12.0,22.0
263481,Lorenzo Colombo,Genoa,F,Genoa vs Bologna,90,6.2,,0.0,,,13,10.0,,,,2.0,1.0,0,0,3.0,9.0
263481,Lorenzo Colombo,Genoa,F,Lazio vs Genoa,81,6,,0.0,,,9,8.0,,,,1.0,,0,0,1.0,8.0
263481,Lorenzo Colombo,Genoa,F,Genoa vs Napoli,64,7.2,1.0,0.0,3.0,1.0,9,6.0,,2.0,,3.0,1.0,0,0,6.0,19.0
263481,Lorenzo Colombo,Genoa,F,Cremonese vs Genoa,72,5.7,,0.0,3.0,1.0,16,13.0,,,,3.0,1.0,0,0,4.0,17.0
263481,Lorenzo Colombo,Genoa,F,Genoa vs Torino,65,7,,0.0,,,15,10.0,,1.0,,,3.0,0,0,5.0,7.0
56396,Junior Messias,Genoa,F,Genoa vs Lecce,30,6.9,,0.0,,,6,5.0,,1.0,,1.0,1.0,0,0,4.0,7.0
56396,Junior Messias,Genoa,F,Como vs Genoa,33,7.2,,0.0,,,11,9.0,,1.0,1.0,1.0,2.0,0,0,6.0,8.0
56396,Junior Messias,Genoa,F,Sassuolo vs Genoa,31,6.7,,0.0,2.0,,8,5.0,,,,1.0,2.0,0,0,5.0,10.0
56396,Junior Messias,Genoa,F,Udinese vs Genoa,14,6.6,,0.0,,,5,3.0,,1.0,,,,0,0,3.0,7.0
56396,Junior Messias,Genoa,F,Genoa vs Cagliari,8,6.6,,0.0,,,3,3.0,,,,,,0,0,2.0,2.0
56396,Junior Messias,Genoa,F,Parma vs Genoa,17,6.5,,0.0,,,10,7.0,,,,,,0,0,,2.0
56396,Junior Messias,Genoa,F,Genoa vs Bologna,35,8.2,1.0,0.0,2.0,2.0,16,12.0,,,,1.0,1.0,0,0,3.0,4.0
56396,Junior Messias,Genoa,F,Lazio vs Genoa,22,6.9,,0.0,,,3,3.0,,,,,1.0,0,0,3.0,5.0
56396,Junior Messias,Genoa,F,Genoa vs Napoli,16,6.9,,0.0,1.0,,13,12.0,,1.0,,1.0,,0,0,3.0,6.0
56396,Junior Messias,Genoa,F,Cremonese vs Genoa,72,7,,0.0,2.0,1.0,37,33.0,,2.0,,,2.0,0,0,7.0,14.0
56396,Junior Messias,Genoa,F,Genoa vs Torino,25,8.2,1.0,0.0,1.0,1.0,18,17.0,,1.0,,,2.0,0,0,4.0,5.0
89520,Mikael Ellertsson,Genoa,M,Genoa vs Lecce,17,6.3,,0.0,,,5,3.0,,,,,1.0,0,0,1.0,3.0
89520,Mikael Ellertsson,Genoa,M,Genoa vs Juventus,77,6.9,,0.0,1.0,1.0,14,11.0,,,,2.0,3.0,0,0,3.0,7.0
89520,Mikael Ellertsson,Genoa,M,Como vs Genoa,71,6.3,,0.0,1.0,1.0,11,9.0,,2.0,2.0,,,0,0,3.0,4.0
89520,Mikael Ellertsson,Genoa,M,Bologna vs Genoa,90,7.9,1.0,0.0,1.0,1.0,14,10.0,,1.0,1.0,2.0,,0,0,3.0,7.0
89520,Mikael Ellertsson,Genoa,M,Genoa vs Lazio,90,6.3,,0.0,1.0,1.0,29,20.0,,,1.0,1.0,1.0,0,0,4.0,9.0
89520,Mikael Ellertsson,Genoa,M,Napoli vs Genoa,90,6.3,,0.0,,,19,14.0,,2.0,,,,0,0,2.0,5.0
89520,Mikael Ellertsson,Genoa,M,Genoa vs Parma,90,6.5,,0.0,1.0,,30,24.0,,3.0,,2.0,,0,0,3.0,6.0
89520,Mikael Ellertsson,Genoa,M,Torino vs Genoa,90,7,,0.0,,,19,16.0,,2.0,,,1.0,0,0,5.0,5.0
89520,Mikael Ellertsson,Genoa,M,Genoa vs Cremonese,90,6.3,,0.0,,,23,17.0,,2.0,2.0,,2.0,0,0,5.0,9.0
89520,Mikael Ellertsson,Genoa,M,Sassuolo vs Genoa,22,6.3,,0.0,,,3,2.0,,,,,,0,0,,1.0
89520,Mikael Ellertsson,Genoa,M,Genoa vs Fiorentina,90,6,,0.0,,,21,12.0,,1.0,,3.0,1.0,1,0,2.0,9.0
89520,Mikael Ellertsson,Genoa,M,Cagliari vs Genoa,8,6.7,,0.0,,,1,,,,,,,0,0,,
89520,Mikael Ellertsson,Genoa,M,Genoa vs Hellas Verona,85,7.3,,1.0,2.0,1.0,18,15.0,,,,,4.0,0,0,5.0,9.0
89520,Mikael Ellertsson,Genoa,M,Genoa vs Inter,89,6.7,,0.0,,,15,12.0,,,,1.0,4.0,0,0,4.0,7.0
89520,Mikael Ellertsson,Genoa,M,Genoa vs Atalanta,90,7.2,,0.0,,,16,14.0,,2.0,1.0,,2.0,0,0,4.0,6.0
89520,Mikael Ellertsson,Genoa,M,AS Roma vs Genoa,90,6.3,,0.0,,,20,15.0,,2.0,2.0,1.0,,0,0,2.0,9.0
89520,Mikael Ellertsson,Genoa,M,Genoa vs Pisa,14,6.9,,0.0,,,7,6.0,,1.0,,,1.0,0,0,2.0,4.0
89520,Mikael Ellertsson,Genoa,M,AC Milan vs Genoa,26,7,,0.0,,,2,2.0,,,,,1.0,0,0,1.0,1.0
89520,Mikael Ellertsson,Genoa,M,Genoa vs Cagliari,82,6.6,,0.0,,,18,14.0,,2.0,,2.0,1.0,0,0,4.0,8.0
89520,Mikael Ellertsson,Genoa,M,Parma vs Genoa,90,6.9,,0.0,,,17,13.0,,2.0,1.0,1.0,,0,0,4.0,8.0
89520,Mikael Ellertsson,Genoa,M,Genoa vs Bologna,90,6.6,,0.0,,,20,16.0,,,,,1.0,0,0,1.0,3.0
89520,Mikael Ellertsson,Genoa,M,Lazio vs Genoa,90,6.5,,0.0,,,14,11.0,,1.0,,1.0,1.0,0,0,4.0,8.0
89520,Mikael Ellertsson,Genoa,M,Genoa vs Napoli,90,6.2,,0.0,1.0,,14,10.0,,1.0,,1.0,,0,0,1.0,7.0
89520,Mikael Ellertsson,Genoa,M,Cremonese vs Genoa,90,6.6,,0.0,1.0,,29,27.0,,2.0,1.0,1.0,,0,0,2.0,5.0
89520,Mikael Ellertsson,Genoa,M,Genoa vs Torino,90,6.2,,0.0,1.0,,37,27.0,,1.0,1.0,2.0,1.0,0,0,2.0,9.0
451504,Jeff Ekhator,Genoa,F,Genoa vs Lecce,17,6.3,,0.0,,,5,2.0,,,,2.0,2.0,0,0,3.0,7.0
451504,Jeff Ekhator,Genoa,F,Genoa vs Juventus,12,6.3,,0.0,,,4,2.0,,,,,,0,0,,
451504,Jeff Ekhator,Genoa,F,Como vs Genoa,9,6.7,,0.0,,,1,1.0,,,,,1.0,0,0,1.0,1.0
451504,Jeff Ekhator,Genoa,F,Bologna vs Genoa,21,6.3,,0.0,,,4,,,1.0,,1.0,1.0,0,0,5.0,11.0
451504,Jeff Ekhator,Genoa,F,Genoa vs Lazio,21,6.5,,0.0,2.0,,3,2.0,,,,,1.0,0,0,1.0,4.0
451504,Jeff Ekhator,Genoa,F,Napoli vs Genoa,61,6.9,1.0,0.0,2.0,1.0,11,8.0,,,,1.0,1.0,0,0,3.0,12.0
451504,Jeff Ekhator,Genoa,F,Genoa vs Parma,24,6.6,,0.0,1.0,1.0,5,4.0,,,,1.0,1.0,0,0,1.0,5.0
451504,Jeff Ekhator,Genoa,F,Torino vs Genoa,61,5.6,,0.0,1.0,,10,4.0,,,,1.0,1.0,1,0,3.0,12.0
451504,Jeff Ekhator,Genoa,F,Genoa vs Cremonese,53,6.3,,0.0,1.0,,14,10.0,,,1.0,1.0,,0,0,2.0,5.0
451504,Jeff Ekhator,Genoa,F,Genoa vs Fiorentina,23,6.3,,0.0,,,4,2.0,,,,,1.0,0,0,2.0,4.0
451504,Jeff Ekhator,Genoa,F,Udinese vs Genoa,14,6.3,,0.0,1.0,,2,1.0,,1.0,,,1.0,0,0,3.0,6.0
451504,Jeff Ekhator,Genoa,F,Genoa vs Inter,12,6.5,,0.0,,,0,,,,,1.0,1.0,1,0,1.0,4.0
451504,Jeff Ekhator,Genoa,F,AS Roma vs Genoa,18,7.3,1.0,0.0,1.0,1.0,2,1.0,,,,2.0,,0,0,1.0,6.0
451504,Jeff Ekhator,Genoa,F,Genoa vs Pisa,26,6.2,,0.0,,,4,2.0,,,,1.0,1.0,0,0,1.0,2.0
451504,Jeff Ekhator,Genoa,F,AC Milan vs Genoa,15,6.5,,0.0,,,6,3.0,,,,,,0,0,,1.0
451504,Jeff Ekhator,Genoa,F,Genoa vs Cagliari,16,6.7,,0.0,,,4,2.0,,,,,1.0,0,0,3.0,4.0
451504,Jeff Ekhator,Genoa,F,Parma vs Genoa,17,6.5,,0.0,,,2,1.0,,1.0,,1.0,,0,0,1.0,4.0
451504,Jeff Ekhator,Genoa,F,Genoa vs Bologna,55,6.6,,0.0,,,9,4.0,,3.0,,,1.0,0,0,5.0,8.0
451504,Jeff Ekhator,Genoa,F,Cremonese vs Genoa,18,6.2,,0.0,,,4,3.0,,,,1.0,,0,0,1.0,2.0
451504,Jeff Ekhator,Genoa,F,Genoa vs Torino,25,6.6,,0.0,1.0,,8,6.0,,2.0,,,,0,0,2.0,2.0
36980,Morten Thorsby,Genoa,M,Genoa vs Lecce,8,6.3,,0.0,,,2,1.0,,,,1.0,,0,0,,2.0
36980,Morten Thorsby,Genoa,M,Genoa vs Juventus,25,6.2,,0.0,,,6,4.0,,,1.0,,,0,0,1.0,3.0
36980,Morten Thorsby,Genoa,M,Napoli vs Genoa,29,6.3,,0.0,,,5,3.0,,,,1.0,1.0,0,0,4.0,7.0
36980,Morten Thorsby,Genoa,M,Torino vs Genoa,87,7.3,1.0,0.0,2.0,1.0,24,17.0,,,,,,0,0,2.0,8.0
36980,Morten Thorsby,Genoa,M,Sassuolo vs Genoa,85,6.7,,0.0,,,15,10.0,,,,1.0,,0,0,4.0,7.0
36980,Morten Thorsby,Genoa,M,Genoa vs Fiorentina,90,5.9,,0.0,1.0,,18,9.0,,,,5.0,,0,0,5.0,13.0
36980,Morten Thorsby,Genoa,M,Cagliari vs Genoa,66,6.6,,1.0,,,22,17.0,,1.0,,1.0,1.0,0,0,4.0,7.0
36980,Morten Thorsby,Genoa,M,Genoa vs Hellas Verona,90,8.2,1.0,0.0,3.0,1.0,37,22.0,,3.0,1.0,3.0,2.0,1,0,27.0,40.0
36980,Morten Thorsby,Genoa,M,Udinese vs Genoa,90,6.6,,0.0,1.0,1.0,34,25.0,,1.0,,,1.0,0,0,6.0,11.0
36980,Morten Thorsby,Genoa,M,Genoa vs Atalanta,23,6.2,,0.0,,,4,3.0,,,,2.0,,1,0,,4.0
36980,Morten Thorsby,Genoa,M,Genoa vs Pisa,64,6.9,,0.0,1.0,1.0,18,6.0,,,,,,0,0,10.0,13.0
36980,Morten Thorsby,Genoa,M,AC Milan vs Genoa,63,6.3,,0.0,,,19,14.0,,1.0,1.0,1.0,,0,0,1.0,7.0
36980,Morten Thorsby,Genoa,M,Genoa vs Cagliari,16,6.6,,0.0,,,9,9.0,,1.0,,,,0,0,1.0,2.0
36980,Morten Thorsby,Genoa,M,Atalanta vs Cremonese,90,7.6,1.0,0.0,4.0,1.0,30,19.0,,2.0,,1.0,,0,0,12.0,19.0
36980,Morten Thorsby,Genoa,M,Cremonese vs Genoa,90,7.3,,0.0,2.0,2.0,27,18.0,,3.0,,1.0,3.0,0,0,16.0,26.0
36980,Morten Thorsby,Genoa,M,AS Roma vs Cremonese,90,6.5,,0.0,1.0,,33,26.0,,2.0,1.0,2.0,1.0,1,0,10.0,22.0
281408,Vitinha,Genoa,F,Genoa vs Lecce,8,6.2,,0.0,,,1,,,,,,,0,0,1.0,5.0
281408,Vitinha,Genoa,F,Genoa vs Juventus,13,6.5,,0.0,,,4,1.0,,1.0,,,,0,0,2.0,6.0
281408,Vitinha,Genoa,F,Bologna vs Genoa,69,6.9,,0.0,1.0,,17,11.0,,2.0,,1.0,1.0,1,0,5.0,12.0
281408,Vitinha,Genoa,F,Genoa vs Lazio,68,6.2,,0.0,2.0,,13,10.0,,1.0,1.0,,2.0,0,0,6.0,10.0
281408,Vitinha,Genoa,F,Napoli vs Genoa,76,6.2,,0.0,1.0,,14,7.0,,1.0,1.0,1.0,1.0,0,0,4.0,10.0
281408,Vitinha,Genoa,F,Genoa vs Parma,58,7.3,,0.0,1.0,1.0,12,6.0,,2.0,,1.0,2.0,0,0,8.0,9.0
281408,Vitinha,Genoa,F,Torino vs Genoa,10,7,,0.0,,,1,1.0,,,1.0,,2.0,0,0,2.0,3.0
281408,Vitinha,Genoa,F,Genoa vs Cremonese,37,6.9,,0.0,,,8,6.0,,,1.0,1.0,,1,0,7.0,15.0
281408,Vitinha,Genoa,F,Sassuolo vs Genoa,59,6.2,,0.0,3.0,2.0,15,11.0,,,2.0,1.0,,0,0,4.0,9.0
281408,Vitinha,Genoa,F,Genoa vs Fiorentina,76,6.2,,0.0,,,7,7.0,,,,1.0,2.0,0,0,2.0,13.0
281408,Vitinha,Genoa,F,Cagliari vs Genoa,78,8.9,1.0,0.0,2.0,2.0,15,13.0,,1.0,1.0,3.0,5.0,0,0,10.0,18.0
281408,Vitinha,Genoa,F,Genoa vs Hellas Verona,72,7.2,,1.0,,,15,9.0,,2.0,,,4.0,0,0,10.0,19.0
281408,Vitinha,Genoa,F,Udinese vs Genoa,64,5.9,,0.0,1.0,1.0,5,3.0,,1.0,1.0,2.0,,0,0,2.0,14.0
281408,Vitinha,Genoa,F,Genoa vs Inter,78,8,1.0,0.0,1.0,1.0,11,5.0,,1.0,,1.0,3.0,0,0,7.0,17.0
281408,Vitinha,Genoa,F,Genoa vs Atalanta,83,5.9,,0.0,3.0,1.0,13,8.0,,1.0,1.0,3.0,,0,0,7.0,24.0
281408,Vitinha,Genoa,F,AS Roma vs Genoa,72,7.3,,0.0,2.0,,15,8.0,,1.0,,1.0,5.0,0,0,12.0,21.0
281408,Vitinha,Genoa,F,Genoa vs Pisa,90,7.5,,0.0,4.0,1.0,21,15.0,,2.0,1.0,4.0,4.0,0,0,18.0,34.0
281408,Vitinha,Genoa,F,AC Milan vs Genoa,75,7,,0.0,,,20,12.0,,1.0,,2.0,5.0,0,0,12.0,23.0
281408,Vitinha,Genoa,F,Genoa vs Cagliari,82,7.2,,0.0,,,10,9.0,,2.0,1.0,2.0,4.0,0,0,9.0,12.0
281408,Vitinha,Genoa,F,Parma vs Genoa,73,5.9,,0.0,2.0,1.0,10,7.0,,,,2.0,2.0,1,0,2.0,11.0
281408,Vitinha,Genoa,F,Genoa vs Bologna,73,6.5,,0.0,1.0,,15,7.0,,,,1.0,2.0,0,0,7.0,16.0
281408,Vitinha,Genoa,F,Lazio vs Genoa,80,7.9,1.0,0.0,2.0,2.0,8,6.0,,1.0,,,1.0,0,0,5.0,7.0
281408,Vitinha,Genoa,F,Genoa vs Napoli,89,7,,0.0,1.0,,9,8.0,,1.0,,,3.0,0,0,5.0,12.0
281408,Vitinha,Genoa,F,Cremonese vs Genoa,60,6.5,,0.0,2.0,2.0,6,2.0,,1.0,,,,0,0,2.0,6.0
56459,Wladimiro Falcone,Lecce,G,Genoa vs Lecce,90,7.6,,0.0,,,25,10.0,,,,,2.0,0,0,3.0,3.0
56459,Wladimiro Falcone,Lecce,G,Lecce vs AC Milan,90,7.2,,0.0,,,21,16.0,,1.0,,,,0,0,1.0,1.0
56459,Wladimiro Falcone,Lecce,G,Atalanta vs Lecce,90,6.5,,0.0,,,32,10.0,,,,,,0,0,,
56459,Wladimiro Falcone,Lecce,G,Lecce vs Cagliari,90,7.2,,0.0,,,23,17.0,,,,,,0,0,1.0,1.0
56459,Wladimiro Falcone,Lecce,G,Lecce vs Bologna,90,6.2,,0.0,,,34,14.0,,,,,,0,0,1.0,1.0
56459,Wladimiro Falcone,Lecce,G,Parma vs Lecce,90,6.9,,0.0,,,34,11.0,,,,,,0,0,,
56459,Wladimiro Falcone,Lecce,G,Lecce vs Sassuolo,90,7,,0.0,,,22,14.0,,,,,,1,0,,
56459,Wladimiro Falcone,Lecce,G,Udinese vs Lecce,90,6.3,,0.0,,,20,14.0,,,,,,0,0,,
56459,Wladimiro Falcone,Lecce,G,Lecce vs Napoli,90,6.2,,0.0,,,27,7.0,,,,,,0,0,1.0,1.0
56459,Wladimiro Falcone,Lecce,G,Fiorentina vs Lecce,90,7.9,,0.0,,,31,9.0,,,,,,0,0,1.0,1.0
56459,Wladimiro Falcone,Lecce,G,Lecce vs Hellas Verona,90,7.2,,0.0,,,23,8.0,,,,,,0,0,,
56459,Wladimiro Falcone,Lecce,G,Lazio vs Lecce,90,7.9,,0.0,,,30,15.0,,,,,,0,0,1.0,1.0
56459,Wladimiro Falcone,Lecce,G,Lecce vs Torino,90,7.9,,0.0,,,36,15.0,,,,,,0,0,,
56459,Wladimiro Falcone,Lecce,G,Cremonese vs Lecce,90,6.3,,0.0,,,24,10.0,,,,,2.0,0,0,2.0,2.0
56459,Wladimiro Falcone,Lecce,G,Lecce vs Pisa,90,6.3,,0.0,,,39,19.0,,,,,,0,0,,
56459,Wladimiro Falcone,Lecce,G,Lecce vs Como,90,6.6,,0.0,,,30,17.0,,,,,,0,0,1.0,1.0
56459,Wladimiro Falcone,Lecce,G,Juventus vs Lecce,90,7.5,,0.0,,,36,10.0,,,,,,1,0,1.0,1.0
56459,Wladimiro Falcone,Lecce,G,Lecce vs AS Roma,90,6.5,,0.0,,,42,22.0,,,,,,0,0,,
56459,Wladimiro Falcone,Lecce,G,Lecce vs Parma,90,6.7,,0.0,,,28,16.0,,,,,,0,0,2.0,2.0
56459,Wladimiro Falcone,Lecce,G,Inter vs Lecce,90,7.3,,0.0,,,34,11.0,,1.0,,,,0,0,1.0,1.0
56459,Wladimiro Falcone,Lecce,G,AC Milan vs Lecce,90,7.9,,0.0,,,34,13.0,,,,,1.0,0,0,1.0,1.0
56459,Wladimiro Falcone,Lecce,G,Lecce vs Lazio,90,7.2,,0.0,,,24,12.0,,,,,1.0,0,0,1.0,1.0
56459,Wladimiro Falcone,Lecce,G,Torino vs Lecce,90,6.9,,0.0,,,35,18.0,,,,,,0,0,,
56459,Wladimiro Falcone,Lecce,G,Lecce vs Udinese,90,6.5,,0.0,,,43,22.0,,,,,,0,0,,
56459,Wladimiro Falcone,Lecce,G,Cagliari vs Lecce,90,6.6,,0.0,,,30,14.0,,,,,,0,0,,1.0
56459,Wladimiro Falcone,Lecce,G,Lecce vs Inter,90,7.9,,0.0,,,35,17.0,,,,,,0,0,,
161702,Danilo Veiga,Lecce,D,Genoa vs Lecce,68,6.9,,0.0,,,22,17.0,,3.0,1.0,1.0,,0,0,4.0,6.0
161702,Danilo Veiga,Lecce,D,Lecce vs AC Milan,90,5.6,,0.0,,,35,29.0,,,,2.0,,0,0,1.0,9.0
161702,Danilo Veiga,Lecce,D,Atalanta vs Lecce,19,6.7,,1.0,,,4,3.0,,1.0,1.0,,,0,0,2.0,3.0
161702,Danilo Veiga,Lecce,D,Lecce vs Bologna,45,7,,0.0,,,27,18.0,,3.0,,,1.0,0,0,6.0,8.0
161702,Danilo Veiga,Lecce,D,Parma vs Lecce,90,6.9,,0.0,,,14,10.0,,2.0,,2.0,1.0,0,0,3.0,7.0
161702,Danilo Veiga,Lecce,D,Lecce vs Sassuolo,90,7.2,,0.0,1.0,1.0,26,19.0,,5.0,1.0,2.0,1.0,1,0,11.0,16.0
161702,Danilo Veiga,Lecce,D,Udinese vs Lecce,90,6,,0.0,,,44,33.0,,2.0,2.0,,3.0,0,0,5.0,11.0
161702,Danilo Veiga,Lecce,D,Lecce vs Napoli,90,6.3,,0.0,,,26,17.0,,3.0,1.0,,,0,0,3.0,9.0
161702,Danilo Veiga,Lecce,D,Fiorentina vs Lecce,90,6.9,,0.0,,,24,15.0,,1.0,1.0,2.0,3.0,1,0,7.0,17.0
161702,Danilo Veiga,Lecce,D,Lecce vs Hellas Verona,90,7.2,,0.0,,,44,36.0,,3.0,2.0,,2.0,0,0,7.0,13.0
161702,Danilo Veiga,Lecce,D,Lazio vs Lecce,90,6.2,,0.0,,,28,20.0,,2.0,,2.0,,0,0,5.0,11.0
161702,Danilo Veiga,Lecce,D,Lecce vs Torino,90,6.9,,0.0,,,33,22.0,,5.0,,,2.0,0,0,9.0,12.0
161702,Danilo Veiga,Lecce,D,Cremonese vs Lecce,90,6.3,,0.0,,,52,39.0,,5.0,,,1.0,0,0,7.0,14.0
161702,Danilo Veiga,Lecce,D,Lecce vs Pisa,90,7,,0.0,,,45,38.0,,3.0,1.0,2.0,1.0,0,0,4.0,9.0
161702,Danilo Veiga,Lecce,D,Lecce vs Como,90,6.7,,0.0,,,24,18.0,,3.0,3.0,1.0,1.0,0,0,7.0,10.0
161702,Danilo Veiga,Lecce,D,Juventus vs Lecce,58,6.3,,0.0,,,10,6.0,,5.0,,1.0,,1,0,5.0,10.0
161702,Danilo Veiga,Lecce,D,Lecce vs AS Roma,90,6.3,,0.0,,,42,24.0,,4.0,,,2.0,0,0,7.0,11.0
161702,Danilo Veiga,Lecce,D,Lecce vs Parma,90,6.5,,0.0,,,24,17.0,,2.0,,,1.0,0,0,4.0,10.0
161702,Danilo Veiga,Lecce,D,Inter vs Lecce,90,6.9,,0.0,,,26,15.0,,4.0,1.0,2.0,,1,0,10.0,15.0
161702,Danilo Veiga,Lecce,D,Lecce vs Lazio,90,7.5,,0.0,1.0,,34,24.0,,3.0,,1.0,1.0,1,0,7.0,8.0
161702,Danilo Veiga,Lecce,D,Torino vs Lecce,90,6.6,,0.0,1.0,,69,45.0,,1.0,,,,0,0,1.0,4.0
161702,Danilo Veiga,Lecce,D,Lecce vs Udinese,90,7,,0.0,1.0,1.0,24,18.0,,3.0,,2.0,3.0,0,0,6.0,10.0
161702,Danilo Veiga,Lecce,D,Cagliari vs Lecce,90,7.2,,0.0,,,26,19.0,,1.0,1.0,2.0,2.0,0,0,3.0,11.0
161702,Danilo Veiga,Lecce,D,Lecce vs Inter,90,6.5,,0.0,1.0,,28,21.0,,2.0,1.0,,,0,0,4.0,12.0
291589,Kialonda Gaspar,Lecce,D,Genoa vs Lecce,90,6.9,,0.0,,,33,25.0,,,,1.0,,0,0,3.0,7.0
291589,Kialonda Gaspar,Lecce,D,Lecce vs AC Milan,90,7.2,,0.0,,,67,62.0,,2.0,,1.0,2.0,1,0,5.0,8.0
291589,Kialonda Gaspar,Lecce,D,Atalanta vs Lecce,90,6.5,,0.0,,,25,21.0,,1.0,1.0,,2.0,0,0,5.0,8.0
291589,Kialonda Gaspar,Lecce,D,Lecce vs Cagliari,90,6.6,,0.0,1.0,,53,46.0,,2.0,,,4.0,0,0,9.0,11.0
291589,Kialonda Gaspar,Lecce,D,Lecce vs Bologna,90,7.2,,0.0,,,23,17.0,,,,1.0,3.0,1,0,7.0,9.0
291589,Kialonda Gaspar,Lecce,D,Parma vs Lecce,90,6.6,,0.0,,,19,15.0,,,,1.0,,1,0,4.0,11.0
291589,Kialonda Gaspar,Lecce,D,Lecce vs Sassuolo,90,7.2,,0.0,1.0,,53,48.0,,2.0,,,,0,0,4.0,5.0
291589,Kialonda Gaspar,Lecce,D,Udinese vs Lecce,90,6.2,,0.0,,,63,55.0,,3.0,1.0,1.0,2.0,1,0,7.0,9.0
291589,Kialonda Gaspar,Lecce,D,Lecce vs Napoli,90,6.9,,0.0,,,46,40.0,,1.0,,,,0,0,2.0,3.0
291589,Kialonda Gaspar,Lecce,D,Fiorentina vs Lecce,90,7.3,,0.0,1.0,,21,15.0,,1.0,1.0,,,0,0,5.0,10.0
291589,Kialonda Gaspar,Lecce,D,Lecce vs Hellas Verona,90,6.9,,0.0,,,43,34.0,,1.0,1.0,2.0,1.0,0,0,5.0,8.0
291589,Kialonda Gaspar,Lecce,D,Lazio vs Lecce,90,6.3,,0.0,,,45,39.0,,1.0,3.0,1.0,,0,0,3.0,6.0
291589,Kialonda Gaspar,Lecce,D,Lecce vs Torino,90,6.7,,0.0,2.0,,24,19.0,,1.0,1.0,,,0,0,6.0,6.0
291589,Kialonda Gaspar,Lecce,D,Cremonese vs Lecce,90,7,,0.0,,,31,26.0,,,,,,0,0,4.0,5.0
291589,Kialonda Gaspar,Lecce,D,Lecce vs Pisa,90,7,,0.0,1.0,1.0,41,36.0,,,2.0,,,1,0,2.0,4.0
291589,Kialonda Gaspar,Lecce,D,Juventus vs Lecce,90,7.5,,0.0,,,34,31.0,,4.0,2.0,1.0,,0,0,4.0,7.0
291589,Kialonda Gaspar,Lecce,D,Lecce vs AS Roma,90,6.5,,0.0,,,38,33.0,,,3.0,,,1,0,2.0,4.0
291589,Kialonda Gaspar,Lecce,D,Lecce vs Parma,90,6.7,,0.0,,,28,25.0,,1.0,,1.0,2.0,0,1,4.0,7.0
291589,Kialonda Gaspar,Lecce,D,Torino vs Lecce,25,7,,0.0,,,25,24.0,,1.0,,,1.0,0,0,3.0,7.0
291589,Kialonda Gaspar,Lecce,D,Lecce vs Udinese,90,5.6,,0.0,,,36,23.0,,,1.0,2.0,3.0,0,0,5.0,10.0
291589,Kialonda Gaspar,Lecce,D,Cagliari vs Lecce,90,7.2,,0.0,,,44,34.0,,2.0,1.0,,2.0,0,0,5.0,7.0
291589,Kialonda Gaspar,Lecce,D,Lecce vs Inter,4,,,0.0,,,0,,,,,,,0,0,,
455316,Tiago Gabriel,Lecce,D,Genoa vs Lecce,90,7.2,,0.0,,,38,29.0,,2.0,4.0,1.0,2.0,0,0,8.0,12.0
455316,Tiago Gabriel,Lecce,D,Lecce vs AC Milan,90,7.9,,0.0,,,65,60.0,,5.0,,,,0,0,8.0,8.0
455316,Tiago Gabriel,Lecce,D,Atalanta vs Lecce,11,6.6,,0.0,1.0,,2,2.0,,1.0,1.0,,,0,0,1.0,3.0
455316,Tiago Gabriel,Lecce,D,Lecce vs Cagliari,90,6.7,1.0,0.0,2.0,1.0,55,51.0,,,1.0,1.0,,1,0,4.0,9.0
455316,Tiago Gabriel,Lecce,D,Lecce vs Bologna,90,6.5,,0.0,1.0,,26,24.0,,3.0,2.0,2.0,,0,0,4.0,8.0
455316,Tiago Gabriel,Lecce,D,Parma vs Lecce,90,7.5,,0.0,,,26,24.0,,3.0,1.0,2.0,2.0,0,0,7.0,11.0
455316,Tiago Gabriel,Lecce,D,Lecce vs Sassuolo,90,7.3,,0.0,,,42,38.0,,1.0,,1.0,,0,0,4.0,5.0
455316,Tiago Gabriel,Lecce,D,Udinese vs Lecce,90,6.9,,0.0,1.0,,65,60.0,,2.0,3.0,1.0,1.0,0,0,11.0,18.0
455316,Tiago Gabriel,Lecce,D,Lecce vs Napoli,90,7.3,,0.0,1.0,,46,44.0,,3.0,2.0,,2.0,0,0,9.0,9.0
455316,Tiago Gabriel,Lecce,D,Fiorentina vs Lecce,90,7.3,,0.0,,,12,12.0,,2.0,,,2.0,0,0,6.0,9.0
455316,Tiago Gabriel,Lecce,D,Lecce vs Hellas Verona,90,7.6,,0.0,,,47,38.0,,3.0,1.0,1.0,,0,0,16.0,21.0
455316,Tiago Gabriel,Lecce,D,Lazio vs Lecce,90,6.9,,0.0,1.0,1.0,57,54.0,,2.0,2.0,,2.0,0,0,5.0,6.0
455316,Tiago Gabriel,Lecce,D,Lecce vs Torino,90,7.3,,0.0,,,33,28.0,,,,1.0,1.0,0,0,9.0,11.0
455316,Tiago Gabriel,Lecce,D,Cremonese vs Lecce,90,6.3,,0.0,,,29,24.0,,,,1.0,,0,0,2.0,4.0
455316,Tiago Gabriel,Lecce,D,Lecce vs Pisa,90,7,,0.0,2.0,,47,39.0,,2.0,,2.0,1.0,0,0,8.0,11.0
455316,Tiago Gabriel,Lecce,D,Lecce vs Como,90,6,,0.0,1.0,1.0,33,24.0,,2.0,,,2.0,0,0,7.0,8.0
455316,Tiago Gabriel,Lecce,D,Juventus vs Lecce,90,7.3,,0.0,,,32,31.0,,1.0,,1.0,,0,0,3.0,4.0
455316,Tiago Gabriel,Lecce,D,Lecce vs AS Roma,90,7,,0.0,,,54,49.0,,1.0,1.0,2.0,4.0,0,0,12.0,18.0
455316,Tiago Gabriel,Lecce,D,Lecce vs Parma,90,5.9,,0.0,2.0,,32,29.0,,1.0,1.0,1.0,3.0,0,0,6.0,13.0
455316,Tiago Gabriel,Lecce,D,Inter vs Lecce,90,6.3,,0.0,,,20,15.0,,2.0,,,,0,0,3.0,7.0
455316,Tiago Gabriel,Lecce,D,AC Milan vs Lecce,90,6.9,,0.0,,,36,32.0,,,1.0,,2.0,0,0,2.0,3.0
455316,Tiago Gabriel,Lecce,D,Lecce vs Lazio,90,7.2,,0.0,,,33,29.0,,2.0,2.0,2.0,,1,0,6.0,10.0
455316,Tiago Gabriel,Lecce,D,Torino vs Lecce,65,6.6,,0.0,,,32,28.0,,1.0,,2.0,1.0,1,0,5.0,8.0
455316,Tiago Gabriel,Lecce,D,Lecce vs Udinese,90,7,,0.0,1.0,,38,34.0,,2.0,3.0,,3.0,0,0,10.0,13.0
455316,Tiago Gabriel,Lecce,D,Cagliari vs Lecce,90,7.3,,0.0,,,38,35.0,,3.0,2.0,,1.0,0,0,6.0,10.0
455316,Tiago Gabriel,Lecce,D,Lecce vs Inter,90,7.3,,0.0,,,39,37.0,,2.0,1.0,1.0,1.0,1,0,6.0,10.0
31543,Antonino Gallo,Lecce,D,Genoa vs Lecce,90,6.9,,0.0,1.0,,32,20.0,,1.0,,,1.0,0,0,2.0,4.0
31543,Antonino Gallo,Lecce,D,Lecce vs AC Milan,90,6.3,,0.0,,,39,29.0,,1.0,,,,0,0,2.0,3.0
31543,Antonino Gallo,Lecce,D,Atalanta vs Lecce,90,5.3,,0.0,,,40,31.0,,,1.0,,,0,0,,4.0
31543,Antonino Gallo,Lecce,D,Lecce vs Cagliari,45,6.5,,0.0,,,22,16.0,,1.0,,,1.0,0,0,2.0,5.0
31543,Antonino Gallo,Lecce,D,Lecce vs Bologna,69,7,,0.0,1.0,1.0,9,5.0,,4.0,,1.0,1.0,1,0,7.0,10.0
31543,Antonino Gallo,Lecce,D,Parma vs Lecce,90,7.3,,1.0,,,29,21.0,,2.0,,,,0,0,5.0,7.0
31543,Antonino Gallo,Lecce,D,Lecce vs Sassuolo,90,7.3,,0.0,,,33,22.0,,2.0,,1.0,1.0,0,0,6.0,7.0
31543,Antonino Gallo,Lecce,D,Udinese vs Lecce,90,5.9,,0.0,,,55,34.0,,1.0,,,1.0,0,0,4.0,7.0
31543,Antonino Gallo,Lecce,D,Lecce vs Napoli,90,7,,0.0,,,34,28.0,,6.0,2.0,,,0,0,6.0,10.0
31543,Antonino Gallo,Lecce,D,Fiorentina vs Lecce,90,7.3,,0.0,,,33,22.0,,2.0,,1.0,,0,0,3.0,4.0
31543,Antonino Gallo,Lecce,D,Lecce vs Hellas Verona,90,8,,0.0,,,49,34.0,,3.0,1.0,,,0,0,7.0,10.0
31543,Antonino Gallo,Lecce,D,Lazio vs Lecce,90,6,,0.0,,,38,29.0,,,,,,0,0,1.0,3.0
31543,Antonino Gallo,Lecce,D,Lecce vs Torino,90,6.9,,0.0,,,38,27.0,,2.0,1.0,,1.0,0,0,4.0,4.0
31543,Antonino Gallo,Lecce,D,Cremonese vs Lecce,90,6.6,,0.0,,,46,34.0,,4.0,1.0,1.0,,1,0,6.0,8.0
31543,Antonino Gallo,Lecce,D,Lecce vs Pisa,16,6.9,,0.0,,,3,2.0,,,,,,0,0,1.0,1.0
31543,Antonino Gallo,Lecce,D,Lecce vs Como,90,6,,0.0,1.0,,26,15.0,,4.0,1.0,,,0,0,4.0,6.0
31543,Antonino Gallo,Lecce,D,Juventus vs Lecce,90,7.2,,0.0,,,23,19.0,,4.0,,,,0,0,5.0,9.0
31543,Antonino Gallo,Lecce,D,Lecce vs AS Roma,90,5.9,,0.0,,,58,39.0,,,2.0,,,0,0,,2.0
31543,Antonino Gallo,Lecce,D,Lecce vs Parma,25,6.3,,0.0,,,15,8.0,,3.0,,,,0,0,3.0,4.0
31543,Antonino Gallo,Lecce,D,Inter vs Lecce,90,6.9,,0.0,,,24,14.0,,3.0,,,,0,0,6.0,7.0
31543,Antonino Gallo,Lecce,D,AC Milan vs Lecce,84,6.6,,0.0,,,26,22.0,,2.0,,,,0,0,2.0,2.0
31543,Antonino Gallo,Lecce,D,Lecce vs Lazio,90,6.9,,0.0,,,32,27.0,,1.0,,1.0,,0,0,1.0,5.0
31543,Antonino Gallo,Lecce,D,Torino vs Lecce,90,6.5,,0.0,1.0,,42,32.0,,1.0,,,,0,0,1.0,2.0
31543,Antonino Gallo,Lecce,D,Lecce vs Udinese,90,7.3,,0.0,,,55,42.0,,2.0,1.0,,2.0,0,0,6.0,9.0
31543,Antonino Gallo,Lecce,D,Cagliari vs Lecce,90,6.6,,0.0,,,20,13.0,,,,,,0,0,1.0,7.0
31543,Antonino Gallo,Lecce,D,Lecce vs Inter,90,6.3,,0.0,,,30,23.0,,1.0,,1.0,1.0,0,0,2.0,3.0
1748,Lassana Coulibaly,Lecce,M,Genoa vs Lecce,83,6.5,,0.0,,,13,9.0,,,,1.0,2.0,0,0,2.0,6.0
1748,Lassana Coulibaly,Lecce,M,Lecce vs AC Milan,90,7,,0.0,,,26,24.0,,2.0,,,4.0,0,0,7.0,8.0
1748,Lassana Coulibaly,Lecce,M,Atalanta vs Lecce,90,6.5,,0.0,,,37,29.0,,2.0,,1.0,1.0,0,0,5.0,11.0
1748,Lassana Coulibaly,Lecce,M,Lecce vs Cagliari,90,6.6,,0.0,1.0,1.0,28,22.0,,2.0,,2.0,,1,0,4.0,12.0
1748,Lassana Coulibaly,Lecce,M,Lecce vs Bologna,77,6.9,1.0,0.0,2.0,1.0,10,8.0,,,,1.0,,0,0,1.0,4.0
1748,Lassana Coulibaly,Lecce,M,Parma vs Lecce,88,6.7,,0.0,,,19,11.0,,1.0,,2.0,1.0,0,0,4.0,9.0
1748,Lassana Coulibaly,Lecce,M,Lecce vs Sassuolo,64,6.3,,0.0,,,18,13.0,,,,1.0,,0,0,1.0,5.0
1748,Lassana Coulibaly,Lecce,M,Lecce vs Napoli,77,6.2,,0.0,1.0,1.0,23,22.0,,1.0,1.0,1.0,,0,0,1.0,5.0
1748,Lassana Coulibaly,Lecce,M,Fiorentina vs Lecce,90,6.9,,0.0,1.0,,25,21.0,,1.0,,,1.0,0,0,2.0,2.0
1748,Lassana Coulibaly,Lecce,M,Lecce vs Hellas Verona,90,6.3,,0.0,,,36,26.0,,1.0,,2.0,3.0,1,0,6.0,15.0
1748,Lassana Coulibaly,Lecce,M,Lazio vs Lecce,76,6.7,,0.0,,,19,16.0,,2.0,,,,0,0,3.0,6.0
1748,Lassana Coulibaly,Lecce,M,Lecce vs Torino,90,8.2,1.0,0.0,1.0,1.0,27,21.0,,1.0,,2.0,2.0,1,0,8.0,13.0
1748,Lassana Coulibaly,Lecce,M,Cremonese vs Lecce,90,6.9,,0.0,1.0,,32,30.0,,3.0,,1.0,1.0,0,0,8.0,14.0
1748,Lassana Coulibaly,Lecce,M,Lecce vs Pisa,90,6.7,,0.0,2.0,,24,20.0,,,,3.0,1.0,0,0,3.0,12.0
1748,Lassana Coulibaly,Lecce,M,Lecce vs Parma,12,6.6,,0.0,,,12,7.0,,1.0,,,,0,0,3.0,3.0
1748,Lassana Coulibaly,Lecce,M,Inter vs Lecce,90,6.9,,0.0,,,27,25.0,,2.0,,1.0,2.0,0,0,6.0,12.0
1748,Lassana Coulibaly,Lecce,M,AC Milan vs Lecce,90,6.3,,0.0,,,26,23.0,,1.0,,,1.0,0,0,2.0,5.0
1748,Lassana Coulibaly,Lecce,M,Lecce vs Lazio,90,6.9,,0.0,2.0,1.0,37,35.0,,2.0,2.0,,,0,0,3.0,6.0
1748,Lassana Coulibaly,Lecce,M,Torino vs Lecce,90,7.2,,0.0,1.0,,31,27.0,,4.0,1.0,,4.0,0,0,10.0,14.0
1748,Lassana Coulibaly,Lecce,M,Lecce vs Udinese,90,6.6,,0.0,1.0,1.0,35,25.0,,2.0,,,2.0,0,0,7.0,9.0
1748,Lassana Coulibaly,Lecce,M,Cagliari vs Lecce,89,7.3,,1.0,,,25,19.0,,3.0,,1.0,5.0,0,0,11.0,19.0
1748,Lassana Coulibaly,Lecce,M,Lecce vs Inter,83,6.7,,0.0,,,25,20.0,,2.0,2.0,,,0,0,5.0,8.0
15673,Ylber Ramadani,Lecce,M,Genoa vs Lecce,90,6.7,,0.0,,,31,23.0,,1.0,4.0,2.0,1.0,0,0,4.0,9.0
15673,Ylber Ramadani,Lecce,M,Lecce vs AC Milan,81,7.2,,0.0,,,32,27.0,,1.0,,2.0,,0,0,4.0,7.0
15673,Ylber Ramadani,Lecce,M,Atalanta vs Lecce,90,6.6,,0.0,1.0,,45,42.0,,1.0,,1.0,1.0,0,0,3.0,4.0
15673,Ylber Ramadani,Lecce,M,Lecce vs Cagliari,73,7.3,,0.0,1.0,,39,36.0,,2.0,,,2.0,0,0,4.0,8.0
15673,Ylber Ramadani,Lecce,M,Lecce vs Bologna,90,6.6,,0.0,1.0,,31,21.0,,4.0,2.0,2.0,,1,0,6.0,11.0
15673,Ylber Ramadani,Lecce,M,Parma vs Lecce,90,6.7,,0.0,1.0,,35,24.0,,3.0,2.0,2.0,1.0,0,0,4.0,7.0
15673,Ylber Ramadani,Lecce,M,Lecce vs Sassuolo,90,7.2,,0.0,1.0,,69,59.0,,1.0,2.0,3.0,5.0,0,0,6.0,12.0
15673,Ylber Ramadani,Lecce,M,Udinese vs Lecce,90,6.9,,0.0,,,47,40.0,,5.0,3.0,1.0,1.0,0,0,9.0,16.0
15673,Ylber Ramadani,Lecce,M,Lecce vs Napoli,90,7.2,,0.0,,,56,50.0,,3.0,2.0,,,1,0,4.0,7.0
15673,Ylber Ramadani,Lecce,M,Fiorentina vs Lecce,90,7.3,,0.0,1.0,1.0,35,26.0,,3.0,,2.0,3.0,0,0,8.0,13.0
15673,Ylber Ramadani,Lecce,M,Lecce vs Hellas Verona,90,7.3,,0.0,,,52,37.0,,3.0,,,3.0,0,0,6.0,7.0
15673,Ylber Ramadani,Lecce,M,Lazio vs Lecce,90,6.9,,0.0,,,38,33.0,,1.0,1.0,2.0,1.0,0,0,2.0,6.0
15673,Ylber Ramadani,Lecce,M,Lecce vs Torino,90,6.9,,0.0,,,51,38.0,,1.0,,1.0,3.0,1,0,4.0,8.0
15673,Ylber Ramadani,Lecce,M,Cremonese vs Lecce,77,5.7,,0.0,,,34,24.0,,,2.0,4.0,,0,0,,5.0
15673,Ylber Ramadani,Lecce,M,Lecce vs Pisa,90,7.2,,0.0,1.0,,55,42.0,,3.0,1.0,,2.0,0,0,8.0,11.0
15673,Ylber Ramadani,Lecce,M,Lecce vs Como,89,6.9,,0.0,,,34,30.0,,1.0,5.0,1.0,5.0,1,0,8.0,14.0
15673,Ylber Ramadani,Lecce,M,Juventus vs Lecce,90,6.5,,0.0,,,25,21.0,,2.0,2.0,,,0,0,2.0,6.0
15673,Ylber Ramadani,Lecce,M,Lecce vs AS Roma,64,6.7,,0.0,,,31,25.0,,2.0,2.0,,1.0,0,0,4.0,7.0
15673,Ylber Ramadani,Lecce,M,Lecce vs Parma,78,6.6,,0.0,,,25,19.0,,1.0,1.0,1.0,1.0,1,0,4.0,6.0
15673,Ylber Ramadani,Lecce,M,AC Milan vs Lecce,85,6.7,,0.0,,,32,25.0,,3.0,1.0,2.0,2.0,1,0,5.0,11.0
15673,Ylber Ramadani,Lecce,M,Lecce vs Lazio,90,7.9,,0.0,2.0,,44,39.0,,8.0,,3.0,1.0,0,0,10.0,18.0
15673,Ylber Ramadani,Lecce,M,Torino vs Lecce,89,6.6,,0.0,2.0,1.0,51,43.0,,1.0,,2.0,1.0,1,0,3.0,8.0
15673,Ylber Ramadani,Lecce,M,Lecce vs Udinese,90,6.7,,0.0,1.0,1.0,47,35.0,,3.0,,,1.0,0,0,5.0,11.0
15673,Ylber Ramadani,Lecce,M,Cagliari vs Lecce,90,8.2,1.0,0.0,1.0,1.0,43,27.0,,5.0,2.0,1.0,2.0,0,0,10.0,14.0
15673,Ylber Ramadani,Lecce,M,Lecce vs Inter,90,7,,0.0,1.0,,27,20.0,,3.0,,,1.0,0,0,4.0,10.0
335071,Medon Berisha,Lecce,M,Genoa vs Lecce,59,6.9,,0.0,,,21,16.0,,4.0,2.0,1.0,,0,0,4.0,10.0
335071,Medon Berisha,Lecce,M,Lecce vs AC Milan,27,6.3,,0.0,,,16,15.0,,,,1.0,,0,0,,1.0
335071,Medon Berisha,Lecce,M,Lecce vs Bologna,90,7.9,,1.0,,,27,16.0,,3.0,,1.0,1.0,0,0,7.0,12.0
335071,Medon Berisha,Lecce,M,Parma vs Lecce,88,6.9,,0.0,1.0,1.0,37,27.0,,2.0,,1.0,2.0,0,0,5.0,7.0
335071,Medon Berisha,Lecce,M,Lecce vs Sassuolo,86,7.2,,0.0,2.0,,70,61.0,,,2.0,1.0,1.0,0,0,1.0,2.0
335071,Medon Berisha,Lecce,M,Udinese vs Lecce,76,8,1.0,0.0,3.0,1.0,43,37.0,,3.0,,,,0,0,4.0,8.0
335071,Medon Berisha,Lecce,M,Lecce vs Napoli,77,7.2,,0.0,2.0,,22,16.0,,2.0,,,1.0,0,0,4.0,5.0
335071,Medon Berisha,Lecce,M,Fiorentina vs Lecce,76,7.9,1.0,0.0,1.0,1.0,23,19.0,,2.0,,2.0,,0,0,2.0,4.0
335071,Medon Berisha,Lecce,M,Lecce vs Hellas Verona,86,7.2,,0.0,2.0,1.0,27,22.0,,1.0,,1.0,1.0,0,0,5.0,9.0
335071,Medon Berisha,Lecce,M,Lazio vs Lecce,45,6.2,,0.0,,,12,10.0,,,,,,0,0,,2.0
335071,Medon Berisha,Lecce,M,Lecce vs Torino,82,8.9,,2.0,1.0,,31,28.0,,4.0,,3.0,4.0,0,0,9.0,14.0
335071,Medon Berisha,Lecce,M,Cremonese vs Lecce,77,7,,0.0,3.0,1.0,29,24.0,,,1.0,,,0,0,,
335071,Medon Berisha,Lecce,M,Lecce vs Pisa,11,6.7,,0.0,,,6,5.0,,,,,,0,0,,
118956,Lameck Banda,Lecce,F,Genoa vs Lecce,59,6.2,,0.0,,,12,10.0,,,,2.0,,0,0,2.0,9.0
118956,Lameck Banda,Lecce,F,Lecce vs Bologna,13,6.3,,0.0,,,3,3.0,,,,,,0,0,,1.0
118956,Lameck Banda,Lecce,F,Parma vs Lecce,22,6.5,,0.0,,,8,4.0,,,1.0,2.0,2.0,1,0,2.0,5.0
118956,Lameck Banda,Lecce,F,Lecce vs Sassuolo,16,6.6,,0.0,,,3,3.0,,,,1.0,2.0,0,0,2.0,4.0
118956,Lameck Banda,Lecce,F,Udinese vs Lecce,45,6.7,,0.0,,,17,15.0,,1.0,,2.0,3.0,0,0,5.0,10.0
118956,Lameck Banda,Lecce,F,Lecce vs Napoli,65,6.9,,0.0,,,10,10.0,,2.0,1.0,1.0,3.0,0,0,5.0,10.0
118956,Lameck Banda,Lecce,F,Fiorentina vs Lecce,73,6.3,,0.0,2.0,1.0,12,11.0,,1.0,,3.0,1.0,0,0,4.0,10.0
118956,Lameck Banda,Lecce,F,Lecce vs Hellas Verona,77,6.9,,0.0,2.0,2.0,15,12.0,,2.0,1.0,2.0,3.0,0,0,7.0,16.0
118956,Lameck Banda,Lecce,F,Lazio vs Lecce,45,6.6,,0.0,,,9,8.0,,2.0,,1.0,1.0,0,0,3.0,6.0
118956,Lameck Banda,Lecce,F,Lecce vs Torino,65,7.6,1.0,0.0,1.0,1.0,14,14.0,,,,2.0,1.0,0,0,4.0,10.0
118956,Lameck Banda,Lecce,F,Cremonese vs Lecce,45,6.7,,0.0,,,8,7.0,,1.0,,1.0,1.0,1,0,2.0,4.0
118956,Lameck Banda,Lecce,F,Lecce vs Pisa,24,7.5,,1.0,,,4,4.0,,,,,,0,0,,2.0
118956,Lameck Banda,Lecce,F,Juventus vs Lecce,81,7.6,1.0,0.0,1.0,1.0,17,12.0,,1.0,1.0,,1.0,0,0,3.0,9.0
118956,Lameck Banda,Lecce,F,Lecce vs AS Roma,45,6.2,,0.0,,,8,5.0,,1.0,,2.0,1.0,1,0,4.0,10.0
118956,Lameck Banda,Lecce,F,Lecce vs Parma,57,5.6,,1.0,2.0,,8,6.0,,4.0,1.0,3.0,1.0,0,1,6.0,14.0
118956,Lameck Banda,Lecce,F,AC Milan vs Lecce,36,6.2,,0.0,,,6,4.0,,1.0,,1.0,1.0,0,0,2.0,5.0
118956,Lameck Banda,Lecce,F,Lecce vs Lazio,64,6.3,,0.0,,,12,12.0,,1.0,1.0,5.0,2.0,0,0,5.0,14.0
118956,Lameck Banda,Lecce,F,Torino vs Lecce,25,6.5,,0.0,,,8,8.0,,,,,,0,0,1.0,4.0
118956,Lameck Banda,Lecce,F,Lecce vs Udinese,22,8,1.0,0.0,1.0,1.0,11,10.0,,1.0,,1.0,2.0,1,0,3.0,6.0
118956,Lameck Banda,Lecce,F,Lecce vs Inter,30,6.2,,0.0,1.0,,4,2.0,,,,1.0,1.0,0,0,2.0,9.0
436260,Francesco Camarda,Lecce,F,Genoa vs Lecce,83,6.2,,0.0,1.0,,12,10.0,,,,,,0,0,1.0,5.0
436260,Francesco Camarda,Lecce,F,Lecce vs AC Milan,45,6.3,,0.0,,,4,4.0,,,,2.0,,0,0,1.0,4.0
436260,Francesco Camarda,Lecce,F,Atalanta vs Lecce,19,6.6,,0.0,,,3,2.0,,,,,1.0,0,0,3.0,5.0
436260,Francesco Camarda,Lecce,F,Lecce vs Cagliari,17,6.5,,0.0,,,1,,,,,,1.0,0,0,1.0,2.0
436260,Francesco Camarda,Lecce,F,Lecce vs Bologna,23,7.5,1.0,0.0,1.0,1.0,3,3.0,,,,,,1,0,1.0,4.0
436260,Francesco Camarda,Lecce,F,Parma vs Lecce,14,6.5,,0.0,1.0,,2,,,,,1.0,,0,0,3.0,8.0
436260,Francesco Camarda,Lecce,F,Lecce vs Sassuolo,26,6.3,,0.0,,,3,3.0,,,,,,0,0,1.0,1.0
436260,Francesco Camarda,Lecce,F,Udinese vs Lecce,24,6.2,,0.0,,,3,2.0,,,,,,0,0,,3.0
436260,Francesco Camarda,Lecce,F,Lecce vs Napoli,70,5.6,,0.0,1.0,1.0,8,5.0,,1.0,,2.0,,0,0,2.0,8.0
436260,Francesco Camarda,Lecce,F,Fiorentina vs Lecce,8,6.5,,0.0,,,4,2.0,,,,1.0,,0,0,,1.0
436260,Francesco Camarda,Lecce,F,Lecce vs Hellas Verona,24,6.2,,0.0,1.0,1.0,2,1.0,,,,,,0,0,,3.0
436260,Francesco Camarda,Lecce,F,Lazio vs Lecce,45,6.5,,0.0,,,6,5.0,,,,,,0,0,2.0,5.0
436260,Francesco Camarda,Lecce,F,Cremonese vs Lecce,23,6.2,,0.0,1.0,,6,2.0,,,,1.0,,0,0,1.0,3.0
436260,Francesco Camarda,Lecce,F,Lecce vs Pisa,67,7,,0.0,1.0,,13,8.0,,,,4.0,,0,0,2.0,10.0
436260,Francesco Camarda,Lecce,F,Lecce vs Como,21,6.7,,0.0,1.0,,4,4.0,,,,,,0,0,,
436260,Francesco Camarda,Lecce,F,Juventus vs Lecce,68,6.2,,0.0,,,7,6.0,,,,1.0,,0,0,,3.0
436260,Francesco Camarda,Lecce,F,Lecce vs AS Roma,64,6.3,,0.0,,,15,12.0,,1.0,,,2.0,0,0,4.0,9.0
47182,Tete Morente,Lecce,F,Genoa vs Lecce,90,6.2,,0.0,1.0,,28,17.0,,2.0,,1.0,3.0,0,0,5.0,15.0
47182,Tete Morente,Lecce,F,Lecce vs AC Milan,81,6.5,,0.0,,,23,16.0,,2.0,1.0,2.0,1.0,0,0,4.0,9.0
47182,Tete Morente,Lecce,F,Atalanta vs Lecce,90,6.7,,0.0,1.0,1.0,36,30.0,,,1.0,1.0,2.0,0,0,5.0,11.0
47182,Tete Morente,Lecce,F,Lecce vs Cagliari,29,6.5,,0.0,1.0,,12,11.0,,,,,,0,0,,1.0
47182,Tete Morente,Lecce,F,Lecce vs Bologna,77,6.9,,0.0,,,14,8.0,,1.0,1.0,,,0,0,3.0,7.0
47182,Tete Morente,Lecce,F,Lecce vs Sassuolo,86,6.6,,0.0,,,26,22.0,,,,1.0,2.0,0,0,4.0,9.0
47182,Tete Morente,Lecce,F,Udinese vs Lecce,45,6.5,,0.0,,,13,10.0,,2.0,,,,0,0,4.0,9.0
47182,Tete Morente,Lecce,F,Lecce vs Napoli,45,6.9,,0.0,,,22,19.0,,,,,2.0,0,0,4.0,8.0
47182,Tete Morente,Lecce,F,Fiorentina vs Lecce,89,6.6,,0.0,3.0,1.0,28,21.0,,2.0,,4.0,,0,0,5.0,15.0
47182,Tete Morente,Lecce,F,Lecce vs Hellas Verona,66,6.9,,0.0,,,22,15.0,,1.0,,1.0,2.0,0,0,5.0,8.0
47182,Tete Morente,Lecce,F,Lazio vs Lecce,76,6.2,,0.0,,,17,9.0,,,,,,0,0,2.0,5.0
47182,Tete Morente,Lecce,F,Lecce vs Torino,25,5.7,,0.0,,,13,10.0,,,,1.0,,0,0,,5.0
47182,Tete Morente,Lecce,F,Lecce vs Pisa,16,6.7,,0.0,,,3,3.0,,1.0,,1.0,,1,0,1.0,4.0
47182,Tete Morente,Lecce,F,Inter vs Lecce,22,6.3,,0.0,,,2,2.0,,,,,,0,0,,1.0
47182,Tete Morente,Lecce,F,AC Milan vs Lecce,21,6.5,,0.0,,,2,1.0,,,,1.0,,0,0,,1.0
31507,Riccardo Sottil,Lecce,F,Genoa vs Lecce,31,6.3,,0.0,,,9,9.0,,,,1.0,1.0,0,0,1.0,7.0
31507,Riccardo Sottil,Lecce,F,Lecce vs AC Milan,27,6.7,,0.0,,,12,11.0,,,,,,0,0,1.0,3.0
31507,Riccardo Sottil,Lecce,F,Atalanta vs Lecce,59,6.5,,0.0,1.0,,12,10.0,,,,,2.0,0,0,2.0,6.0
31507,Riccardo Sottil,Lecce,F,Lecce vs Cagliari,61,7.5,,1.0,,,19,17.0,,,,1.0,4.0,0,0,5.0,9.0
31507,Riccardo Sottil,Lecce,F,Parma vs Lecce,68,7.7,1.0,0.0,1.0,1.0,15,9.0,,,,,1.0,0,0,1.0,3.0
31507,Riccardo Sottil,Lecce,F,Lecce vs Hellas Verona,13,6.5,,0.0,1.0,1.0,3,3.0,,,,,,0,0,,3.0
31507,Riccardo Sottil,Lecce,F,Lazio vs Lecce,63,6.5,,0.0,,,14,9.0,,,1.0,2.0,2.0,0,0,3.0,5.0
31507,Riccardo Sottil,Lecce,F,Lecce vs Torino,25,6.5,,0.0,,,11,8.0,,,,,2.0,0,0,2.0,5.0
31507,Riccardo Sottil,Lecce,F,Cremonese vs Lecce,45,7.2,,0.0,,,11,9.0,,2.0,,,2.0,0,0,7.0,11.0
31507,Riccardo Sottil,Lecce,F,Lecce vs Pisa,74,7.5,,0.0,1.0,,22,20.0,,1.0,,,1.0,0,0,2.0,7.0
31507,Riccardo Sottil,Lecce,F,Lecce vs Como,79,6.7,,0.0,1.0,,10,7.0,,,1.0,,1.0,1,0,3.0,5.0
31507,Riccardo Sottil,Lecce,F,Lecce vs AS Roma,56,6.7,,0.0,,,12,11.0,,1.0,,,,0,0,2.0,4.0
31507,Riccardo Sottil,Lecce,F,Lecce vs Parma,12,6.6,,0.0,,,5,5.0,,,,,1.0,0,0,3.0,4.0
31507,Riccardo Sottil,Lecce,F,Inter vs Lecce,68,6.3,,0.0,1.0,,11,7.0,,,,1.0,4.0,0,0,4.0,10.0
31507,Riccardo Sottil,Lecce,F,AC Milan vs Lecce,54,6.9,,0.0,,,11,10.0,,,,,1.0,0,0,2.0,4.0
31507,Riccardo Sottil,Lecce,F,Lecce vs Lazio,26,7,,0.0,1.0,1.0,4,2.0,,,,1.0,,0,0,1.0,2.0
31507,Riccardo Sottil,Lecce,F,Torino vs Lecce,77,6.9,,0.0,1.0,,20,20.0,,,,1.0,2.0,0,0,3.0,7.0
31507,Riccardo Sottil,Lecce,F,Lecce vs Udinese,77,6.9,,0.0,1.0,,22,18.0,,,,1.0,,0,0,1.0,7.0
31507,Riccardo Sottil,Lecce,F,Cagliari vs Lecce,80,7.3,,1.0,1.0,,12,11.0,,,,2.0,3.0,0,0,4.0,9.0
31507,Riccardo Sottil,Lecce,F,Lecce vs Inter,60,6.2,,0.0,,,11,8.0,,,,,,0,0,,5.0
197779,Mohamed Kaba,Lecce,M,Genoa vs Lecce,31,6.5,,0.0,,,10,7.0,,,,2.0,,0,0,3.0,8.0
197779,Mohamed Kaba,Lecce,M,Lecce vs AC Milan,63,7,,0.0,2.0,1.0,13,10.0,,,,,1.0,0,0,3.0,6.0
197779,Mohamed Kaba,Lecce,M,Lecce vs Cagliari,45,6.6,,0.0,1.0,1.0,22,16.0,,,,,2.0,0,0,3.0,3.0
197779,Mohamed Kaba,Lecce,M,Parma vs Lecce,10,6.6,,0.0,,,5,5.0,,,,,1.0,0,0,1.0,2.0
197779,Mohamed Kaba,Lecce,M,Fiorentina vs Lecce,8,6.3,,0.0,,,1,,,,,1.0,,0,0,,1.0
197779,Mohamed Kaba,Lecce,M,Lecce vs Hellas Verona,9,6.5,,0.0,,,3,3.0,,,,,,0,0,,3.0
197779,Mohamed Kaba,Lecce,M,Lazio vs Lecce,14,6.3,,0.0,,,10,5.0,,2.0,,,1.0,0,0,4.0,5.0
197779,Mohamed Kaba,Lecce,M,Lecce vs Torino,8,6.9,,0.0,,,3,2.0,,1.0,,,1.0,0,0,4.0,5.0
197779,Mohamed Kaba,Lecce,M,Cremonese vs Lecce,13,6.5,,0.0,,,6,6.0,,,,,,0,0,1.0,3.0
197779,Mohamed Kaba,Lecce,M,Lecce vs Pisa,79,6.3,,0.0,1.0,,16,10.0,,1.0,,3.0,,0,0,4.0,12.0
197779,Mohamed Kaba,Lecce,M,Lecce vs Como,90,7.2,,0.0,2.0,2.0,27,22.0,,2.0,,2.0,7.0,0,0,13.0,18.0
197779,Mohamed Kaba,Lecce,M,Juventus vs Lecce,90,6.9,,0.0,1.0,,28,21.0,,3.0,2.0,1.0,1.0,0,0,6.0,13.0
197779,Mohamed Kaba,Lecce,M,Lecce vs AS Roma,75,6.5,,0.0,,,16,14.0,,2.0,2.0,2.0,3.0,0,0,5.0,15.0
197779,Mohamed Kaba,Lecce,M,Lecce vs Parma,90,6.2,,0.0,,,16,14.0,,1.0,,1.0,3.0,1,0,6.0,15.0
197779,Mohamed Kaba,Lecce,M,Inter vs Lecce,21,6.7,,0.0,,,10,7.0,,,,,1.0,0,0,2.0,3.0
482309,Christ-Owen Kouassi,Lecce,D,Genoa vs Lecce,22,6.9,,0.0,,,5,5.0,,2.0,1.0,,,0,0,3.0,3.0
482309,Christ-Owen Kouassi,Lecce,D,Atalanta vs Lecce,71,6.3,,0.0,,,27,22.0,,4.0,,,1.0,0,0,6.0,7.0
482309,Christ-Owen Kouassi,Lecce,D,Lecce vs Cagliari,90,6.7,,0.0,,,39,32.0,,5.0,,,1.0,0,0,7.0,8.0
482309,Christ-Owen Kouassi,Lecce,D,Lecce vs Bologna,45,5.9,,0.0,,,10,6.0,,,,1.0,1.0,0,0,1.0,3.0
190958,Balthazar Pierret,Lecce,M,Genoa vs Lecce,8,6.7,,0.0,,,2,,,,,,2.0,0,0,2.0,2.0
190958,Balthazar Pierret,Lecce,M,Lecce vs Sassuolo,11,6.7,,0.0,,,5,4.0,,,,,,0,0,,
190958,Balthazar Pierret,Lecce,M,Lecce vs Napoli,13,6.9,,0.0,,,9,7.0,,2.0,,,,0,0,3.0,3.0
8643,Konan N'Dri,Lecce,F,Genoa vs Lecce,8,6.7,,0.0,,,1,,,,,,1.0,0,0,2.0,3.0
8643,Konan N'Dri,Lecce,F,Lecce vs AC Milan,9,6.3,,0.0,1.0,,5,4.0,,,,,,0,0,,5.0
8643,Konan N'Dri,Lecce,F,Atalanta vs Lecce,30,7.9,1.0,0.0,2.0,2.0,8,8.0,,1.0,,,1.0,0,0,2.0,3.0
8643,Konan N'Dri,Lecce,F,Lecce vs Cagliari,9,6.7,,0.0,1.0,,3,3.0,,1.0,,,1.0,0,0,2.0,4.0
8643,Konan N'Dri,Lecce,F,Lecce vs Bologna,13,6.6,,0.0,,,2,1.0,,,,,1.0,0,0,3.0,4.0
8643,Konan N'Dri,Lecce,F,Lecce vs Sassuolo,11,6.9,,0.0,,,0,,,,,,1.0,0,0,3.0,4.0
8643,Konan N'Dri,Lecce,F,Udinese vs Lecce,45,7.7,1.0,0.0,2.0,1.0,15,10.0,,3.0,,,,0,0,3.0,7.0
8643,Konan N'Dri,Lecce,F,Lecce vs Napoli,25,6.3,,0.0,,,7,6.0,,1.0,,3.0,1.0,1,0,2.0,8.0
8643,Konan N'Dri,Lecce,F,Lazio vs Lecce,14,6.3,,0.0,,,6,3.0,,,,1.0,1.0,1,0,1.0,2.0
8643,Konan N'Dri,Lecce,F,Cremonese vs Lecce,23,6.5,,0.0,1.0,,6,3.0,,,,1.0,2.0,0,0,2.0,6.0
8643,Konan N'Dri,Lecce,F,Lecce vs Como,21,6.9,,0.0,1.0,,7,5.0,,,,,2.0,0,0,3.0,3.0
8643,Konan N'Dri,Lecce,F,Lecce vs AS Roma,45,6.2,,0.0,1.0,1.0,6,5.0,,1.0,,1.0,,0,0,1.0,11.0
8643,Konan N'Dri,Lecce,F,Lecce vs Parma,36,6.7,,0.0,,,11,10.0,,1.0,,,2.0,0,0,3.0,8.0
8643,Konan N'Dri,Lecce,F,Inter vs Lecce,8,6.7,,0.0,,,1,1.0,,,,,1.0,0,0,1.0,1.0
8643,Konan N'Dri,Lecce,F,AC Milan vs Lecce,11,6.3,,0.0,,,1,1.0,,,,,,0,0,1.0,2.0
8643,Konan N'Dri,Lecce,F,Torino vs Lecce,13,6.3,,0.0,,,7,4.0,,,,,,0,0,1.0,5.0
8643,Konan N'Dri,Lecce,F,Lecce vs Udinese,13,6.2,,0.0,1.0,,5,4.0,,,,,,0,0,1.0,4.0
8643,Konan N'Dri,Lecce,F,Lecce vs Inter,11,6.5,,0.0,,,1,,,,,,1.0,0,0,1.0,4.0
22221,Mike Maignan,AC Milan,G,AC Milan vs Cremonese,90,6.3,,0.0,,,14,13.0,,,,,,0,0,,
22221,Mike Maignan,AC Milan,G,Lecce vs AC Milan,90,7.5,,0.0,,,35,27.0,,,,,,0,0,,
22221,Mike Maignan,AC Milan,G,AC Milan vs Bologna,56,6.6,,0.0,,,27,23.0,,,,,,0,0,,
22221,Mike Maignan,AC Milan,G,AC Milan vs Napoli,90,8,,0.0,,,37,17.0,,,,,,0,0,1.0,1.0
22221,Mike Maignan,AC Milan,G,Juventus vs AC Milan,90,8.2,,0.0,,,41,38.0,,,,,1.0,0,0,1.0,1.0
22221,Mike Maignan,AC Milan,G,AC Milan vs Fiorentina,90,6.9,,0.0,,,24,23.0,,,,,,0,0,2.0,2.0
22221,Mike Maignan,AC Milan,G,AC Milan vs Pisa,90,5.9,,0.0,,,28,21.0,,,,,,0,0,,
22221,Mike Maignan,AC Milan,G,Atalanta vs AC Milan,90,6.3,,0.0,,,43,29.0,,,,,1.0,0,0,1.0,1.0
22221,Mike Maignan,AC Milan,G,AC Milan vs AS Roma,90,8.3,,0.0,,,48,32.0,,,,,,0,0,,
22221,Mike Maignan,AC Milan,G,Parma vs AC Milan,90,6.9,,0.0,,,22,13.0,,,,,,0,0,,
22221,Mike Maignan,AC Milan,G,Inter vs AC Milan,90,9.2,,0.0,,,32,21.0,,,,,,0,0,,
22221,Mike Maignan,AC Milan,G,AC Milan vs Lazio,90,8.2,,0.0,,,35,31.0,,,,,,0,0,,
22221,Mike Maignan,AC Milan,G,Torino vs AC Milan,90,5.9,,0.0,,,17,12.0,,,,,,1,0,1.0,1.0
22221,Mike Maignan,AC Milan,G,AC Milan vs Sassuolo,90,6.3,,0.0,,,21,16.0,,,,,,0,0,,
22221,Mike Maignan,AC Milan,G,AC Milan vs Hellas Verona,90,7,,0.0,,,26,19.0,,,,,,0,0,1.0,1.0
22221,Mike Maignan,AC Milan,G,Cagliari vs AC Milan,90,6.9,,0.0,,,17,13.0,,,,,,0,0,,
22221,Mike Maignan,AC Milan,G,AC Milan vs Genoa,90,6.3,,0.0,,,12,12.0,,,,,,1,0,,
22221,Mike Maignan,AC Milan,G,Fiorentina vs AC Milan,90,8.3,,0.0,,,29,24.0,,,,,1.0,0,0,1.0,1.0
22221,Mike Maignan,AC Milan,G,Como vs AC Milan,90,8.7,,0.0,,,38,26.0,,,,,,0,0,,
22221,Mike Maignan,AC Milan,G,AC Milan vs Lecce,90,6.9,,0.0,,,34,33.0,,,,,,0,0,,
22221,Mike Maignan,AC Milan,G,AS Roma vs AC Milan,90,8.7,,0.0,,,47,37.0,,,1.0,,,1,0,1.0,1.0
22221,Mike Maignan,AC Milan,G,Bologna vs AC Milan,90,7.3,,0.0,,,51,37.0,,,,,,0,0,,
22221,Mike Maignan,AC Milan,G,Pisa vs AC Milan,90,7.2,,0.0,,,23,19.0,,,,,2.0,0,0,2.0,2.0
22221,Mike Maignan,AC Milan,G,AC Milan vs Como,90,6.7,,0.0,,,32,28.0,,,,,1.0,0,0,1.0,1.0
22221,Mike Maignan,AC Milan,G,AC Milan vs Parma,90,6.2,,0.0,,,16,14.0,,,,,,0,0,,
19209,Fikayo Tomori,AC Milan,D,AC Milan vs Cremonese,65,6.3,,0.0,1.0,1.0,80,76.0,,2.0,1.0,,,0,0,2.0,2.0
19209,Fikayo Tomori,AC Milan,D,Lecce vs AC Milan,90,7.3,,0.0,,,62,57.0,,2.0,1.0,2.0,1.0,0,0,4.0,8.0
19209,Fikayo Tomori,AC Milan,D,AC Milan vs Bologna,90,7.2,,0.0,,,37,30.0,,2.0,2.0,2.0,,1,0,4.0,7.0
19209,Fikayo Tomori,AC Milan,D,Udinese vs AC Milan,90,7.5,,0.0,1.0,,66,63.0,,3.0,,1.0,,0,0,3.0,5.0
19209,Fikayo Tomori,AC Milan,D,AC Milan vs Napoli,80,6.3,,0.0,,,26,25.0,,,1.0,1.0,,0,0,1.0,2.0
19209,Fikayo Tomori,AC Milan,D,Juventus vs AC Milan,90,7.2,,0.0,,,52,47.0,,,1.0,,,0,0,,1.0
19209,Fikayo Tomori,AC Milan,D,AC Milan vs Fiorentina,90,7,,0.0,1.0,,70,59.0,,4.0,1.0,1.0,,1,0,5.0,7.0
19209,Fikayo Tomori,AC Milan,D,Atalanta vs AC Milan,90,6.3,,0.0,,,47,39.0,,1.0,,1.0,,0,0,1.0,5.0
19209,Fikayo Tomori,AC Milan,D,Inter vs AC Milan,90,7.3,,0.0,,,38,33.0,,3.0,2.0,,1.0,0,0,5.0,6.0
19209,Fikayo Tomori,AC Milan,D,AC Milan vs Lazio,90,8.3,,1.0,1.0,,46,39.0,,6.0,1.0,2.0,1.0,1,0,8.0,12.0
19209,Fikayo Tomori,AC Milan,D,Torino vs AC Milan,90,7,,1.0,,,75,69.0,,3.0,2.0,1.0,,0,0,3.0,8.0
19209,Fikayo Tomori,AC Milan,D,AC Milan vs Sassuolo,90,6.5,,0.0,,,49,44.0,,3.0,2.0,1.0,,0,0,3.0,6.0
19209,Fikayo Tomori,AC Milan,D,AC Milan vs Hellas Verona,86,7.2,,0.0,,,57,54.0,,1.0,2.0,,,0,0,1.0,3.0
19209,Fikayo Tomori,AC Milan,D,Cagliari vs AC Milan,90,7.2,,0.0,,,70,60.0,,2.0,4.0,1.0,,0,0,4.0,7.0
19209,Fikayo Tomori,AC Milan,D,AC Milan vs Genoa,90,7.3,,0.0,,,74,69.0,,3.0,,1.0,,1,0,4.0,8.0
19209,Fikayo Tomori,AC Milan,D,Como vs AC Milan,90,6.3,,0.0,,,35,28.0,,2.0,,2.0,1.0,0,0,4.0,10.0
19209,Fikayo Tomori,AC Milan,D,AC Milan vs Lecce,90,7.2,,0.0,1.0,,64,60.0,,3.0,,2.0,,0,0,3.0,6.0
19209,Fikayo Tomori,AC Milan,D,AS Roma vs AC Milan,90,6.7,,0.0,,,46,38.0,,4.0,,1.0,,0,0,4.0,8.0
19209,Fikayo Tomori,AC Milan,D,Bologna vs AC Milan,23,6.6,,0.0,,,10,9.0,,,,,,0,0,,
19209,Fikayo Tomori,AC Milan,D,Pisa vs AC Milan,90,7.2,,0.0,,,96,89.0,,2.0,,,,0,0,5.0,5.0
19209,Fikayo Tomori,AC Milan,D,AC Milan vs Como,90,6.9,,0.0,1.0,1.0,55,50.0,,3.0,,4.0,,0,0,3.0,9.0
19209,Fikayo Tomori,AC Milan,D,AC Milan vs Parma,85,7.6,,0.0,,,45,45.0,,3.0,1.0,,1.0,0,0,6.0,6.0
56473,Matteo Gabbia,AC Milan,D,AC Milan vs Cremonese,90,7.2,,0.0,1.0,,80,74.0,,,,1.0,,0,0,8.0,9.0
56473,Matteo Gabbia,AC Milan,D,Lecce vs AC Milan,90,7,,0.0,,,43,39.0,,,,1.0,1.0,0,0,3.0,6.0
56473,Matteo Gabbia,AC Milan,D,AC Milan vs Bologna,90,6.9,,0.0,,,25,24.0,,,,1.0,1.0,0,0,2.0,4.0
56473,Matteo Gabbia,AC Milan,D,Udinese vs AC Milan,90,7.3,,0.0,,,64,58.0,,1.0,,,,0,0,2.0,2.0
56473,Matteo Gabbia,AC Milan,D,AC Milan vs Napoli,90,6.3,,0.0,,,24,22.0,,1.0,1.0,,,0,0,2.0,4.0
56473,Matteo Gabbia,AC Milan,D,Juventus vs AC Milan,90,7.2,,0.0,,,59,53.0,,,1.0,,,0,0,2.0,2.0
56473,Matteo Gabbia,AC Milan,D,AC Milan vs Fiorentina,90,6.9,,0.0,1.0,,44,41.0,,,,1.0,,0,0,2.0,3.0
56473,Matteo Gabbia,AC Milan,D,AC Milan vs Pisa,90,6.3,,0.0,2.0,1.0,61,59.0,,1.0,,1.0,,0,0,3.0,6.0
56473,Matteo Gabbia,AC Milan,D,Atalanta vs AC Milan,90,7.3,,0.0,,,48,47.0,,1.0,1.0,1.0,,1,0,3.0,5.0
56473,Matteo Gabbia,AC Milan,D,AC Milan vs AS Roma,90,7.3,,0.0,1.0,,29,26.0,,,,,1.0,0,0,6.0,7.0
56473,Matteo Gabbia,AC Milan,D,Parma vs AC Milan,90,6.3,,0.0,1.0,,55,55.0,,,,2.0,,0,0,2.0,5.0
56473,Matteo Gabbia,AC Milan,D,Inter vs AC Milan,90,7.3,,0.0,,,34,27.0,,,1.0,1.0,1.0,0,0,3.0,5.0
56473,Matteo Gabbia,AC Milan,D,AC Milan vs Lazio,90,7.2,,0.0,1.0,,78,71.0,,1.0,1.0,1.0,,1,0,4.0,5.0
56473,Matteo Gabbia,AC Milan,D,Torino vs AC Milan,90,6.7,,0.0,,,60,56.0,,,2.0,,,0,0,4.0,6.0
56473,Matteo Gabbia,AC Milan,D,AC Milan vs Sassuolo,60,6.9,,0.0,,,55,53.0,,1.0,,1.0,1.0,0,0,6.0,8.0
56473,Matteo Gabbia,AC Milan,D,Cagliari vs AC Milan,11,6.9,,0.0,,,11,10.0,,,,,,0,0,,
56473,Matteo Gabbia,AC Milan,D,AC Milan vs Genoa,75,6.9,,0.0,3.0,1.0,52,46.0,,2.0,1.0,1.0,,1,0,6.0,7.0
56473,Matteo Gabbia,AC Milan,D,Fiorentina vs AC Milan,90,6.9,,0.0,1.0,1.0,28,26.0,,2.0,1.0,1.0,,0,0,2.0,3.0
56473,Matteo Gabbia,AC Milan,D,Como vs AC Milan,90,6.5,,0.0,,,34,30.0,,1.0,,,,0,0,1.0,3.0
56473,Matteo Gabbia,AC Milan,D,AC Milan vs Lecce,90,7.2,,0.0,4.0,,80,78.0,,,,1.0,,0,0,4.0,9.0
56473,Matteo Gabbia,AC Milan,D,AS Roma vs AC Milan,90,6.9,,0.0,,,48,41.0,,2.0,1.0,,,0,0,3.0,6.0
56473,Matteo Gabbia,AC Milan,D,Bologna vs AC Milan,90,6.9,,0.0,,,42,39.0,,1.0,1.0,3.0,,0,0,1.0,7.0
56473,Matteo Gabbia,AC Milan,D,Pisa vs AC Milan,90,7,,0.0,,,89,83.0,,,,,,0,0,1.0,1.0
56473,Matteo Gabbia,AC Milan,D,AC Milan vs Como,45,7.7,,0.0,1.0,,49,44.0,,2.0,1.0,1.0,,0,0,4.0,5.0
45826,Strahinja Pavlović,AC Milan,D,AC Milan vs Cremonese,90,7.3,1.0,0.0,1.0,1.0,81,73.0,,1.0,1.0,,1.0,0,0,6.0,11.0
45826,Strahinja Pavlović,AC Milan,D,Lecce vs AC Milan,90,7.2,,0.0,,,82,69.0,,2.0,2.0,,,0,0,3.0,5.0
45826,Strahinja Pavlović,AC Milan,D,AC Milan vs Bologna,45,6.9,,0.0,,,25,21.0,,,,1.0,,0,0,2.0,3.0
45826,Strahinja Pavlović,AC Milan,D,Udinese vs AC Milan,68,7,,0.0,,,55,50.0,,,,,,0,0,1.0,3.0
45826,Strahinja Pavlović,AC Milan,D,AC Milan vs Napoli,90,6.9,,0.0,1.0,,40,37.0,,1.0,1.0,,1.0,0,0,3.0,4.0
45826,Strahinja Pavlović,AC Milan,D,Juventus vs AC Milan,90,6.9,,0.0,,,58,55.0,,,,2.0,,0,0,1.0,5.0
45826,Strahinja Pavlović,AC Milan,D,AC Milan vs Fiorentina,90,7.3,,1.0,1.0,,70,65.0,,1.0,,2.0,2.0,0,0,5.0,7.0
45826,Strahinja Pavlović,AC Milan,D,AC Milan vs Pisa,90,7.3,,0.0,,,66,58.0,,1.0,1.0,,,0,0,10.0,12.0
45826,Strahinja Pavlović,AC Milan,D,Atalanta vs AC Milan,90,7,,0.0,,,42,37.0,,4.0,,1.0,,0,0,5.0,8.0
45826,Strahinja Pavlović,AC Milan,D,AC Milan vs AS Roma,90,8,1.0,0.0,2.0,1.0,36,33.0,,1.0,,1.0,1.0,0,0,5.0,10.0
45826,Strahinja Pavlović,AC Milan,D,Parma vs AC Milan,90,6.9,,0.0,,,64,60.0,,3.0,,,,0,0,5.0,8.0
45826,Strahinja Pavlović,AC Milan,D,Inter vs AC Milan,90,7.2,,0.0,,,37,32.0,,2.0,,2.0,1.0,1,0,6.0,10.0
45826,Strahinja Pavlović,AC Milan,D,AC Milan vs Lazio,90,7.2,,0.0,1.0,1.0,54,51.0,,2.0,,,1.0,0,0,4.0,6.0
45826,Strahinja Pavlović,AC Milan,D,Torino vs AC Milan,90,6.5,,0.0,1.0,,65,57.0,,1.0,,1.0,1.0,0,0,5.0,13.0
45826,Strahinja Pavlović,AC Milan,D,AC Milan vs Sassuolo,90,7.5,,0.0,1.0,,66,62.0,,1.0,,,1.0,0,0,6.0,8.0
45826,Strahinja Pavlović,AC Milan,D,AC Milan vs Hellas Verona,90,6.9,,0.0,,,30,26.0,,2.0,2.0,,2.0,0,0,6.0,13.0
45826,Strahinja Pavlović,AC Milan,D,AC Milan vs Genoa,90,7.6,,0.0,3.0,,78,70.0,,,2.0,1.0,,1,0,7.0,14.0
45826,Strahinja Pavlović,AC Milan,D,Fiorentina vs AC Milan,74,6.3,,0.0,,,42,41.0,,1.0,,,,0,0,2.0,5.0
45826,Strahinja Pavlović,AC Milan,D,Bologna vs AC Milan,90,7.2,,0.0,,,48,41.0,,2.0,,,1.0,0,0,6.0,7.0
45826,Strahinja Pavlović,AC Milan,D,Pisa vs AC Milan,90,7.9,,0.0,,,104,94.0,,1.0,,,3.0,0,0,8.0,11.0
45826,Strahinja Pavlović,AC Milan,D,AC Milan vs Como,45,6.7,,0.0,,,28,23.0,,2.0,,,2.0,0,0,5.0,7.0
45826,Strahinja Pavlović,AC Milan,D,AC Milan vs Parma,28,6,,0.0,1.0,,19,17.0,,,2.0,2.0,,0,0,,4.0
1417,Alexis Saelemaekers,AC Milan,M,AC Milan vs Cremonese,90,7.5,,0.0,,,67,60.0,,2.0,,,3.0,0,0,9.0,12.0
1417,Alexis Saelemaekers,AC Milan,M,Lecce vs AC Milan,77,7.7,,0.0,,,38,31.0,,6.0,1.0,,1.0,0,0,9.0,13.0
1417,Alexis Saelemaekers,AC Milan,M,AC Milan vs Bologna,90,7.3,,1.0,,,30,25.0,,2.0,,3.0,3.0,1,0,6.0,12.0
1417,Alexis Saelemaekers,AC Milan,M,Udinese vs AC Milan,90,7.6,,0.0,1.0,1.0,60,50.0,,3.0,1.0,,1.0,0,0,8.0,9.0
1417,Alexis Saelemaekers,AC Milan,M,AC Milan vs Napoli,69,7.6,1.0,0.0,2.0,2.0,24,18.0,,3.0,,,1.0,0,0,5.0,7.0
1417,Alexis Saelemaekers,AC Milan,M,Juventus vs AC Milan,90,6.9,,0.0,1.0,,27,23.0,,2.0,1.0,,2.0,0,0,4.0,6.0
1417,Alexis Saelemaekers,AC Milan,M,AC Milan vs Fiorentina,89,6.6,,0.0,1.0,,56,44.0,,1.0,,,1.0,0,0,5.0,8.0
1417,Alexis Saelemaekers,AC Milan,M,AC Milan vs Pisa,90,8,,0.0,3.0,1.0,59,53.0,,3.0,2.0,,3.0,0,0,14.0,19.0
1417,Alexis Saelemaekers,AC Milan,M,Atalanta vs AC Milan,89,6.9,,0.0,,,36,28.0,,3.0,,1.0,2.0,0,0,8.0,13.0
1417,Alexis Saelemaekers,AC Milan,M,AC Milan vs AS Roma,87,7.6,,0.0,,,20,17.0,,2.0,,1.0,3.0,0,0,9.0,14.0
1417,Alexis Saelemaekers,AC Milan,M,Parma vs AC Milan,90,8.3,1.0,0.0,3.0,1.0,38,33.0,,2.0,2.0,1.0,2.0,0,0,8.0,12.0
1417,Alexis Saelemaekers,AC Milan,M,Inter vs AC Milan,90,7.2,,0.0,2.0,1.0,38,31.0,,3.0,1.0,,1.0,0,0,4.0,6.0
1417,Alexis Saelemaekers,AC Milan,M,AC Milan vs Lazio,90,6.9,,0.0,,,40,32.0,,1.0,3.0,1.0,3.0,0,0,4.0,8.0
1417,Alexis Saelemaekers,AC Milan,M,Torino vs AC Milan,88,7.2,,1.0,,,59,52.0,,,1.0,,6.0,0,0,7.0,10.0
1417,Alexis Saelemaekers,AC Milan,M,AC Milan vs Sassuolo,89,6.9,,0.0,2.0,,54,42.0,,4.0,,3.0,2.0,0,0,9.0,14.0
1417,Alexis Saelemaekers,AC Milan,M,AC Milan vs Hellas Verona,76,7,,0.0,1.0,,29,25.0,,3.0,,1.0,2.0,0,0,6.0,8.0
1417,Alexis Saelemaekers,AC Milan,M,Cagliari vs AC Milan,90,6.9,,0.0,1.0,,54,47.0,,1.0,1.0,,4.0,1,0,7.0,14.0
1417,Alexis Saelemaekers,AC Milan,M,AC Milan vs Genoa,65,6.6,,0.0,,,24,22.0,,,,,1.0,0,0,1.0,3.0
1417,Alexis Saelemaekers,AC Milan,M,Fiorentina vs AC Milan,90,7.9,,0.0,,,46,38.0,,4.0,,,3.0,0,0,9.0,13.0
1417,Alexis Saelemaekers,AC Milan,M,Como vs AC Milan,86,6.9,,0.0,,,29,26.0,,3.0,2.0,1.0,1.0,0,0,4.0,10.0
1417,Alexis Saelemaekers,AC Milan,M,AC Milan vs Lecce,80,8.2,,1.0,1.0,,55,49.0,,,1.0,,1.0,0,0,1.0,5.0
1417,Alexis Saelemaekers,AC Milan,M,AS Roma vs AC Milan,45,6.3,,0.0,1.0,,11,7.0,,1.0,2.0,1.0,,0,0,2.0,4.0
1417,Alexis Saelemaekers,AC Milan,M,AC Milan vs Como,35,7.5,,0.0,,,19,15.0,,2.0,1.0,2.0,,1,0,3.0,7.0
1417,Alexis Saelemaekers,AC Milan,M,AC Milan vs Parma,90,7.5,,0.0,1.0,,45,40.0,,,2.0,1.0,3.0,1,0,5.0,11.0
2292,Ruben Loftus-Cheek,AC Milan,M,AC Milan vs Cremonese,90,6,,0.0,2.0,,48,44.0,,,,2.0,2.0,0,0,3.0,11.0
2292,Ruben Loftus-Cheek,AC Milan,M,Lecce vs AC Milan,76,7.5,1.0,0.0,3.0,2.0,22,20.0,,,,1.0,,0,0,2.0,7.0
2292,Ruben Loftus-Cheek,AC Milan,M,AC Milan vs Bologna,65,6.2,,0.0,1.0,,10,9.0,,,,2.0,,0,0,1.0,8.0
2292,Ruben Loftus-Cheek,AC Milan,M,Udinese vs AC Milan,27,6.5,,0.0,1.0,,10,7.0,,,,,,0,0,1.0,2.0
2292,Ruben Loftus-Cheek,AC Milan,M,AC Milan vs Napoli,10,6.6,,0.0,,,5,5.0,,,,,,0,0,,
2292,Ruben Loftus-Cheek,AC Milan,M,Juventus vs AC Milan,27,6.9,,0.0,,,8,6.0,,,,,1.0,0,0,5.0,6.0
2292,Ruben Loftus-Cheek,AC Milan,M,Atalanta vs AC Milan,28,6.6,,0.0,,,11,7.0,,,,,1.0,0,0,3.0,4.0
2292,Ruben Loftus-Cheek,AC Milan,M,AC Milan vs AS Roma,13,6.3,,0.0,,,0,,,,,,,0,0,1.0,4.0
2292,Ruben Loftus-Cheek,AC Milan,M,Parma vs AC Milan,30,6.3,,0.0,,,31,26.0,,1.0,,,1.0,0,0,5.0,7.0
2292,Ruben Loftus-Cheek,AC Milan,M,Inter vs AC Milan,9,6.3,,0.0,,,2,1.0,,,,1.0,,0,0,1.0,3.0
2292,Ruben Loftus-Cheek,AC Milan,M,AC Milan vs Lazio,25,6.9,,0.0,1.0,,6,6.0,,1.0,,,,0,0,3.0,3.0
2292,Ruben Loftus-Cheek,AC Milan,M,Torino vs AC Milan,90,6.9,,0.0,1.0,,38,33.0,,1.0,,4.0,3.0,0,0,11.0,20.0
2292,Ruben Loftus-Cheek,AC Milan,M,AC Milan vs Sassuolo,90,6.6,,1.0,1.0,1.0,32,29.0,,2.0,,1.0,,1,0,4.0,12.0
2292,Ruben Loftus-Cheek,AC Milan,M,AC Milan vs Hellas Verona,71,6.2,,0.0,1.0,1.0,28,26.0,,,3.0,2.0,3.0,0,0,3.0,8.0
2292,Ruben Loftus-Cheek,AC Milan,M,Cagliari vs AC Milan,79,6.9,,0.0,2.0,,18,15.0,,3.0,,1.0,2.0,0,0,7.0,12.0
2292,Ruben Loftus-Cheek,AC Milan,M,AC Milan vs Genoa,45,6.6,,0.0,,,19,12.0,,1.0,,1.0,,0,0,6.0,7.0
2292,Ruben Loftus-Cheek,AC Milan,M,Fiorentina vs AC Milan,63,6.2,,0.0,1.0,,10,7.0,,,,1.0,,0,0,1.0,8.0
2292,Ruben Loftus-Cheek,AC Milan,M,Como vs AC Milan,20,6.3,,0.0,1.0,,2,1.0,,,,,,0,0,1.0,1.0
2292,Ruben Loftus-Cheek,AC Milan,M,AC Milan vs Lecce,17,6.5,,0.0,,,9,6.0,,1.0,1.0,1.0,1.0,0,0,2.0,3.0
2292,Ruben Loftus-Cheek,AC Milan,M,AS Roma vs AC Milan,11,6.6,,0.0,,,2,1.0,,1.0,,,1.0,0,0,2.0,3.0
2292,Ruben Loftus-Cheek,AC Milan,M,Bologna vs AC Milan,67,7.5,1.0,0.0,1.0,1.0,18,15.0,,,,2.0,1.0,0,0,3.0,10.0
2292,Ruben Loftus-Cheek,AC Milan,M,Pisa vs AC Milan,72,7.3,1.0,0.0,2.0,1.0,26,24.0,,,,1.0,1.0,0,0,2.0,5.0
2292,Ruben Loftus-Cheek,AC Milan,M,AC Milan vs Parma,11,6.3,,0.0,,,1,,,,,1.0,,0,0,1.0,3.0
754,Luka Modrić,AC Milan,M,AC Milan vs Cremonese,74,7.3,,0.0,1.0,1.0,76,69.0,,1.0,1.0,,,0,0,1.0,2.0
754,Luka Modrić,AC Milan,M,Lecce vs AC Milan,90,7.5,,1.0,,,59,54.0,,1.0,1.0,,1.0,0,0,2.0,7.0
754,Luka Modrić,AC Milan,M,AC Milan vs Bologna,90,8.7,1.0,0.0,1.0,1.0,45,38.0,,4.0,2.0,,3.0,0,0,7.0,9.0
754,Luka Modrić,AC Milan,M,Udinese vs AC Milan,81,7.6,,0.0,,,90,86.0,,2.0,1.0,,1.0,0,0,5.0,8.0
754,Luka Modrić,AC Milan,M,AC Milan vs Napoli,90,7.2,,0.0,,,58,53.0,,1.0,5.0,,,0,0,2.0,4.0
754,Luka Modrić,AC Milan,M,Juventus vs AC Milan,90,7.9,,0.0,,,76,68.0,,,,,1.0,0,0,3.0,5.0
754,Luka Modrić,AC Milan,M,AC Milan vs Fiorentina,90,7.5,,0.0,,,50,45.0,,6.0,1.0,1.0,,0,0,6.0,10.0
754,Luka Modrić,AC Milan,M,AC Milan vs Pisa,90,9.3,,1.0,1.0,,104,101.0,,2.0,,,2.0,0,0,6.0,11.0
754,Luka Modrić,AC Milan,M,Atalanta vs AC Milan,90,6.6,,0.0,,,48,45.0,,2.0,3.0,1.0,1.0,1,0,3.0,8.0
754,Luka Modrić,AC Milan,M,AC Milan vs AS Roma,90,7.9,,0.0,,,44,38.0,,,1.0,,,0,0,1.0,4.0
754,Luka Modrić,AC Milan,M,Parma vs AC Milan,90,8,,0.0,2.0,2.0,108,94.0,,1.0,1.0,1.0,3.0,1,0,4.0,5.0
754,Luka Modrić,AC Milan,M,Inter vs AC Milan,90,6.9,,0.0,,,47,41.0,,1.0,2.0,1.0,,0,0,1.0,2.0
754,Luka Modrić,AC Milan,M,AC Milan vs Lazio,90,7,,0.0,,,78,69.0,,1.0,2.0,2.0,1.0,0,0,3.0,7.0
754,Luka Modrić,AC Milan,M,Torino vs AC Milan,90,7.5,,0.0,,,83,78.0,,2.0,,,1.0,0,0,4.0,6.0
754,Luka Modrić,AC Milan,M,AC Milan vs Sassuolo,90,7.5,,0.0,,,102,91.0,,1.0,1.0,4.0,2.0,0,0,6.0,11.0
754,Luka Modrić,AC Milan,M,AC Milan vs Hellas Verona,70,7.7,,0.0,1.0,1.0,50,42.0,,1.0,,,1.0,0,0,2.0,2.0
754,Luka Modrić,AC Milan,M,Cagliari vs AC Milan,90,7.6,,0.0,1.0,1.0,76,70.0,,2.0,2.0,,,0,0,3.0,6.0
754,Luka Modrić,AC Milan,M,AC Milan vs Genoa,90,7.2,,0.0,,,68,63.0,,,1.0,,,0,0,1.0,4.0
754,Luka Modrić,AC Milan,M,Como vs AC Milan,86,6.9,,0.0,,,18,12.0,,2.0,,,1.0,0,0,4.0,6.0
754,Luka Modrić,AC Milan,M,AC Milan vs Lecce,8,6.6,,0.0,,,6,6.0,,,,,,0,0,,
754,Luka Modrić,AC Milan,M,AS Roma vs AC Milan,90,7.9,,1.0,,,57,51.0,,3.0,3.0,1.0,3.0,1,0,6.0,10.0
754,Luka Modrić,AC Milan,M,Bologna vs AC Milan,72,7.3,,0.0,,,35,31.0,,1.0,2.0,2.0,2.0,0,0,6.0,10.0
754,Luka Modrić,AC Milan,M,Pisa vs AC Milan,90,8.5,1.0,0.0,1.0,1.0,97,92.0,,1.0,1.0,1.0,,0,0,2.0,5.0
754,Luka Modrić,AC Milan,M,AC Milan vs Como,90,7.5,,0.0,,,66,60.0,,6.0,2.0,2.0,1.0,0,0,7.0,10.0
754,Luka Modrić,AC Milan,M,AC Milan vs Parma,90,8.2,,0.0,,,95,87.0,,,2.0,,,0,0,,2.0
22254,Youssouf Fofana,AC Milan,M,AC Milan vs Cremonese,90,6.2,,0.0,3.0,1.0,42,36.0,,1.0,1.0,3.0,,0,0,2.0,8.0
22254,Youssouf Fofana,AC Milan,M,Lecce vs AC Milan,90,7,,0.0,2.0,1.0,39,33.0,,3.0,,,,0,0,4.0,4.0
22254,Youssouf Fofana,AC Milan,M,AC Milan vs Bologna,65,6.7,,0.0,,,20,16.0,,,,2.0,,0,0,1.0,3.0
22254,Youssouf Fofana,AC Milan,M,Udinese vs AC Milan,68,7.6,1.0,0.0,1.0,1.0,29,26.0,,,,1.0,,0,0,,5.0
22254,Youssouf Fofana,AC Milan,M,AC Milan vs Napoli,80,6.9,,1.0,1.0,,16,15.0,,1.0,,,,0,0,1.0,2.0
22254,Youssouf Fofana,AC Milan,M,Juventus vs AC Milan,63,6.7,,0.0,2.0,1.0,17,16.0,,2.0,,2.0,2.0,1,0,5.0,11.0
22254,Youssouf Fofana,AC Milan,M,AC Milan vs Fiorentina,90,6.6,,0.0,2.0,1.0,33,27.0,,2.0,,1.0,1.0,1,0,5.0,9.0
22254,Youssouf Fofana,AC Milan,M,AC Milan vs Pisa,90,7,,0.0,1.0,1.0,66,56.0,,,2.0,,3.0,0,0,5.0,11.0
22254,Youssouf Fofana,AC Milan,M,Atalanta vs AC Milan,90,6.3,,0.0,1.0,,30,22.0,,3.0,1.0,,1.0,0,0,5.0,8.0
22254,Youssouf Fofana,AC Milan,M,AC Milan vs AS Roma,90,5.9,,0.0,2.0,1.0,15,13.0,,3.0,,4.0,,1,0,3.0,11.0
22254,Youssouf Fofana,AC Milan,M,Parma vs AC Milan,90,5.9,,0.0,,,39,35.0,,1.0,1.0,1.0,,0,0,2.0,8.0
22254,Youssouf Fofana,AC Milan,M,Inter vs AC Milan,78,6.3,,0.0,2.0,1.0,17,16.0,,1.0,,1.0,,0,0,2.0,6.0
22254,Youssouf Fofana,AC Milan,M,AC Milan vs Lazio,65,6.7,,0.0,1.0,,26,20.0,,3.0,,,,0,0,3.0,7.0
22254,Youssouf Fofana,AC Milan,M,AC Milan vs Hellas Verona,19,6.3,,0.0,,,7,4.0,,,1.0,,,0,0,,
22254,Youssouf Fofana,AC Milan,M,Cagliari vs AC Milan,69,6.3,,0.0,,,23,20.0,,,,,1.0,0,0,1.0,5.0
22254,Youssouf Fofana,AC Milan,M,AC Milan vs Genoa,45,6.2,,0.0,,,14,13.0,,,,,1.0,0,0,1.0,5.0
22254,Youssouf Fofana,AC Milan,M,Fiorentina vs AC Milan,27,6.7,,1.0,,,6,6.0,,,,1.0,,1,0,,1.0
22254,Youssouf Fofana,AC Milan,M,Como vs AC Milan,70,6.3,,0.0,3.0,1.0,19,13.0,,4.0,1.0,,,0,0,4.0,7.0
22254,Youssouf Fofana,AC Milan,M,Bologna vs AC Milan,90,7.2,,0.0,2.0,1.0,22,18.0,,3.0,1.0,,2.0,0,0,6.0,13.0
22254,Youssouf Fofana,AC Milan,M,Pisa vs AC Milan,72,6.3,,0.0,,,33,29.0,,2.0,,,,0,0,3.0,6.0
22254,Youssouf Fofana,AC Milan,M,AC Milan vs Como,34,6.5,,0.0,1.0,,12,10.0,,2.0,,,1.0,0,0,3.0,6.0
46731,Pervis Estupiñán,AC Milan,M,AC Milan vs Cremonese,45,7.3,,1.0,1.0,,19,17.0,,,,,1.0,0,0,1.0,4.0
46731,Pervis Estupiñán,AC Milan,M,Lecce vs AC Milan,90,7,,0.0,1.0,,39,34.0,,2.0,3.0,1.0,2.0,0,0,5.0,8.0
46731,Pervis Estupiñán,AC Milan,M,AC Milan vs Bologna,90,6.7,,0.0,1.0,,37,31.0,,1.0,,2.0,1.0,1,0,4.0,9.0
46731,Pervis Estupiñán,AC Milan,M,Udinese vs AC Milan,90,6.6,,0.0,2.0,,53,47.0,,,1.0,1.0,1.0,0,0,1.0,4.0
46731,Pervis Estupiñán,AC Milan,M,AC Milan vs Napoli,57,5.2,,0.0,,,23,19.0,,,1.0,1.0,,0,1,,3.0
46731,Pervis Estupiñán,AC Milan,M,Parma vs AC Milan,70,6.7,,0.0,,,28,24.0,,1.0,1.0,,,0,0,1.0,1.0
46731,Pervis Estupiñán,AC Milan,M,Torino vs AC Milan,8,6.6,,0.0,,,0,,,,,,,0,0,,
46731,Pervis Estupiñán,AC Milan,M,Cagliari vs AC Milan,79,6.7,,0.0,,,23,18.0,,1.0,1.0,1.0,,0,0,3.0,5.0
46731,Pervis Estupiñán,AC Milan,M,Fiorentina vs AC Milan,60,6.5,,0.0,,,31,27.0,,2.0,,2.0,,1,0,2.0,6.0
46731,Pervis Estupiñán,AC Milan,M,AC Milan vs Lecce,90,7,,0.0,1.0,,62,56.0,,3.0,1.0,1.0,,0,0,5.0,10.0
46731,Pervis Estupiñán,AC Milan,M,Bologna vs AC Milan,11,6.9,,0.0,,,15,12.0,,,,,,0,0,,
46731,Pervis Estupiñán,AC Milan,M,AC Milan vs Parma,62,6.6,,0.0,1.0,,57,52.0,,,1.0,1.0,,0,0,2.0,4.0
94562,Santiago Giménez,AC Milan,F,AC Milan vs Cremonese,90,6.2,,0.0,3.0,1.0,9,7.0,,,,,,0,0,,1.0
94562,Santiago Giménez,AC Milan,F,Lecce vs AC Milan,87,6.2,,0.0,2.0,1.0,12,10.0,,,,1.0,1.0,0,0,2.0,9.0
94562,Santiago Giménez,AC Milan,F,AC Milan vs Bologna,85,6.5,,0.0,5.0,2.0,8,8.0,,1.0,,,,0,0,2.0,5.0
94562,Santiago Giménez,AC Milan,F,Udinese vs AC Milan,62,6.6,,0.0,1.0,1.0,5,4.0,,2.0,,,1.0,0,0,4.0,8.0
94562,Santiago Giménez,AC Milan,F,AC Milan vs Napoli,69,6.5,,0.0,,,14,8.0,,1.0,,,2.0,0,0,3.0,7.0
94562,Santiago Giménez,AC Milan,F,Juventus vs AC Milan,63,7.5,,0.0,2.0,1.0,14,10.0,,,1.0,2.0,3.0,0,0,6.0,8.0
94562,Santiago Giménez,AC Milan,F,AC Milan vs Fiorentina,33,7.3,,0.0,2.0,1.0,1,1.0,,,,1.0,2.0,0,0,3.0,5.0
94562,Santiago Giménez,AC Milan,F,AC Milan vs Pisa,76,5.9,,0.0,1.0,,10,8.0,,1.0,,2.0,,0,0,1.0,5.0
94562,Santiago Giménez,AC Milan,F,Atalanta vs AC Milan,62,6.2,,0.0,1.0,,15,13.0,,,,1.0,1.0,1,0,1.0,5.0
17,Christian Pulišić,AC Milan,F,AC Milan vs Cremonese,90,6.9,,0.0,2.0,1.0,39,33.0,,,,2.0,,0,0,2.0,7.0
17,Christian Pulišić,AC Milan,F,Lecce vs AC Milan,13,8,1.0,0.0,1.0,1.0,7,6.0,,1.0,1.0,,1.0,0,0,3.0,4.0
17,Christian Pulišić,AC Milan,F,AC Milan vs Bologna,25,7.3,,0.0,,,10,9.0,,,,,1.0,0,0,3.0,7.0
17,Christian Pulišić,AC Milan,F,Udinese vs AC Milan,63,9,2.0,1.0,3.0,3.0,26,23.0,,4.0,,,3.0,0,0,8.0,11.0
17,Christian Pulišić,AC Milan,F,AC Milan vs Napoli,59,8.5,1.0,1.0,1.0,1.0,24,23.0,,,,,,0,0,1.0,5.0
17,Christian Pulišić,AC Milan,F,Juventus vs AC Milan,74,6.3,,0.0,2.0,1.0,31,27.0,,1.0,1.0,,2.0,0,0,3.0,7.0
17,Christian Pulišić,AC Milan,F,Parma vs AC Milan,20,6.6,,0.0,1.0,,10,10.0,,,,,,0,0,1.0,2.0
17,Christian Pulišić,AC Milan,F,Inter vs AC Milan,78,6.5,1.0,0.0,2.0,1.0,22,17.0,,,,,,0,0,2.0,11.0
17,Christian Pulišić,AC Milan,F,Torino vs AC Milan,24,8.9,2.0,0.0,2.0,2.0,11,9.0,,,,,,0,0,,1.0
17,Christian Pulišić,AC Milan,F,AC Milan vs Sassuolo,73,6.5,,0.0,,,26,23.0,,,1.0,1.0,2.0,0,0,3.0,7.0
17,Christian Pulišić,AC Milan,F,AC Milan vs Hellas Verona,76,7,1.0,0.0,1.0,1.0,20,15.0,,1.0,,1.0,1.0,0,0,5.0,10.0
17,Christian Pulišić,AC Milan,F,Cagliari vs AC Milan,11,6.5,,0.0,1.0,1.0,11,9.0,,,,,1.0,0,0,1.0,2.0
17,Christian Pulišić,AC Milan,F,AC Milan vs Genoa,90,6.9,,0.0,4.0,2.0,39,36.0,,1.0,,2.0,2.0,0,0,4.0,9.0
17,Christian Pulišić,AC Milan,F,Fiorentina vs AC Milan,90,7.2,,0.0,3.0,1.0,31,27.0,,1.0,,2.0,1.0,0,0,6.0,10.0
17,Christian Pulišić,AC Milan,F,AC Milan vs Lecce,73,6,,0.0,2.0,2.0,38,34.0,,,,,1.0,0,0,2.0,7.0
17,Christian Pulišić,AC Milan,F,AS Roma vs AC Milan,21,6.5,,0.0,,,4,3.0,,,,,1.0,0,0,2.0,4.0
17,Christian Pulišić,AC Milan,F,Pisa vs AC Milan,13,6.6,,0.0,,,10,8.0,,1.0,,,,0,0,1.0,1.0
17,Christian Pulišić,AC Milan,F,AC Milan vs Como,8,6.6,,0.0,1.0,1.0,7,5.0,,,,,,0,0,,
17,Christian Pulišić,AC Milan,F,AC Milan vs Parma,62,7,,0.0,4.0,3.0,34,32.0,,,,,,0,0,2.0,2.0
330437,Álex Jiménez,AC Milan,D,AC Milan vs Cremonese,45,6.7,,0.0,,,20,19.0,,,,,1.0,1,0,5.0,9.0
1696,Samuel Chukwueze,AC Milan,F,AC Milan vs Cremonese,25,7.3,,0.0,,,13,11.0,,,,,3.0,0,0,4.0,5.0
264705,Ardon Jashari,AC Milan,M,AC Milan vs Cremonese,16,6.9,,0.0,,,20,19.0,,1.0,,2.0,3.0,0,0,4.0,6.0
264705,Ardon Jashari,AC Milan,M,AC Milan vs Hellas Verona,20,6.9,,0.0,,,10,10.0,,,,,,0,0,,
264705,Ardon Jashari,AC Milan,M,Fiorentina vs AC Milan,60,6.7,,0.0,,,22,19.0,,2.0,1.0,2.0,,0,0,3.0,7.0
264705,Ardon Jashari,AC Milan,M,Como vs AC Milan,10,6.6,,0.0,,,0,,,1.0,,,,0,0,1.0,2.0
264705,Ardon Jashari,AC Milan,M,AC Milan vs Lecce,87,7.9,,0.0,,,66,61.0,,2.0,1.0,1.0,2.0,0,0,4.0,7.0
264705,Ardon Jashari,AC Milan,M,Bologna vs AC Milan,18,6.7,,0.0,,,27,24.0,,,,1.0,,0,0,,1.0
264705,Ardon Jashari,AC Milan,M,AC Milan vs Como,90,7.2,,1.0,,,60,58.0,,2.0,1.0,,,0,0,3.0,6.0
264705,Ardon Jashari,AC Milan,M,AC Milan vs Parma,74,6.5,,0.0,4.0,2.0,54,51.0,,2.0,,1.0,,0,0,3.0,9.0
30441,Emil Audero,Cremonese,G,AC Milan vs Cremonese,90,6.9,,0.0,,,38,23.0,,,,,,0,0,1.0,1.0
30441,Emil Audero,Cremonese,G,Cremonese vs Sassuolo,90,6.7,,0.0,,,35,15.0,,,,,,0,0,,
30441,Emil Audero,Cremonese,G,Hellas Verona vs Cremonese,90,8.6,,0.0,,,41,27.0,,,,,1.0,0,0,1.0,1.0
30441,Emil Audero,Cremonese,G,Cremonese vs Parma,90,7.3,,0.0,,,32,20.0,,,,,,0,0,,
30441,Emil Audero,Cremonese,G,Genoa vs Cremonese,90,6.9,,0.0,,,42,16.0,,,,,1.0,0,0,2.0,3.0
30441,Emil Audero,Cremonese,G,Cremonese vs Juventus,90,7.2,,0.0,,,40,30.0,,,,,1.0,0,0,1.0,1.0
30441,Emil Audero,Cremonese,G,Pisa vs Cremonese,90,7,,0.0,,,40,26.0,,,,,,0,0,1.0,1.0
30441,Emil Audero,Cremonese,G,Cremonese vs AS Roma,90,5.9,,0.0,,,62,41.0,,,,,,0,0,,
30441,Emil Audero,Cremonese,G,Bologna vs Cremonese,90,8.2,,0.0,,,47,14.0,,,,,,0,0,,
30441,Emil Audero,Cremonese,G,Cremonese vs Lecce,90,6.9,,0.0,,,28,16.0,,,,,,0,0,,
30441,Emil Audero,Cremonese,G,Torino vs Cremonese,90,7.3,,0.0,,,36,23.0,,,,,,0,0,,
30441,Emil Audero,Cremonese,G,Lazio vs Cremonese,90,7.2,,0.0,,,46,34.0,,,,,1.0,0,0,1.0,1.0
30441,Emil Audero,Cremonese,G,Cremonese vs Napoli,90,8.2,,0.0,,,42,24.0,,,,,,0,0,,
30441,Emil Audero,Cremonese,G,Fiorentina vs Cremonese,90,8.2,,0.0,,,41,25.0,,,,,,0,0,2.0,2.0
30441,Emil Audero,Cremonese,G,Cremonese vs Cagliari,90,6.7,,0.0,,,51,32.0,,,,,,0,0,,
30441,Emil Audero,Cremonese,G,Juventus vs Cremonese,90,7.2,,0.0,,,38,27.0,,,,,,0,0,,1.0
30441,Emil Audero,Cremonese,G,Cremonese vs Hellas Verona,90,6.9,,0.0,,,32,18.0,,,,,,0,0,,
30441,Emil Audero,Cremonese,G,Sassuolo vs Cremonese,90,6.9,,0.0,,,25,14.0,,,,,,0,0,,
30441,Emil Audero,Cremonese,G,Cremonese vs Inter,90,6.3,,0.0,,,29,18.0,,,,,,0,0,,
30441,Emil Audero,Cremonese,G,Atalanta vs Cremonese,90,7,,0.0,,,50,33.0,,,,,,0,0,1.0,1.0
30441,Emil Audero,Cremonese,G,Cremonese vs Genoa,90,9.2,,0.0,,,32,20.0,,,,,,0,0,1.0,1.0
30441,Emil Audero,Cremonese,G,AS Roma vs Cremonese,90,7.3,,0.0,,,37,20.0,,,,,1.0,0,0,1.0,1.0
264472,Filippo Terracciano,Cremonese,D,AC Milan vs Cremonese,90,7,,0.0,,,50,44.0,,3.0,3.0,1.0,1.0,1,0,4.0,5.0
264472,Filippo Terracciano,Cremonese,D,Cremonese vs Sassuolo,90,7.2,1.0,0.0,1.0,1.0,39,31.0,,,1.0,,1.0,0,0,4.0,6.0
264472,Filippo Terracciano,Cremonese,D,Hellas Verona vs Cremonese,90,7.3,,0.0,,,78,71.0,,,2.0,,3.0,0,0,7.0,7.0
264472,Filippo Terracciano,Cremonese,D,Cremonese vs Parma,90,7.2,,0.0,,,75,65.0,,1.0,,,,0,0,3.0,3.0
264472,Filippo Terracciano,Cremonese,D,Como vs Cremonese,90,6.3,,0.0,,,43,33.0,,1.0,,,2.0,0,0,4.0,6.0
264472,Filippo Terracciano,Cremonese,D,Cremonese vs Udinese,90,7.6,1.0,0.0,1.0,1.0,43,38.0,,,1.0,1.0,1.0,0,0,2.0,8.0
264472,Filippo Terracciano,Cremonese,D,Cremonese vs Atalanta,90,6.6,,0.0,1.0,,29,23.0,,,1.0,,1.0,0,0,3.0,5.0
264472,Filippo Terracciano,Cremonese,D,Genoa vs Cremonese,90,7.2,,0.0,2.0,,42,28.0,,,4.0,1.0,2.0,0,0,8.0,11.0
264472,Filippo Terracciano,Cremonese,D,Cremonese vs Juventus,81,6,,0.0,,,49,45.0,,,1.0,,,0,0,2.0,3.0
264472,Filippo Terracciano,Cremonese,D,Pisa vs Cremonese,89,6.2,,0.0,,,62,55.0,,,2.0,1.0,,1,0,,2.0
264472,Filippo Terracciano,Cremonese,D,Cremonese vs AS Roma,90,6.3,,0.0,,,51,44.0,,1.0,1.0,,,0,0,1.0,2.0
264472,Filippo Terracciano,Cremonese,D,Bologna vs Cremonese,90,6.9,,0.0,2.0,1.0,30,20.0,,2.0,3.0,1.0,1.0,1,0,3.0,5.0
264472,Filippo Terracciano,Cremonese,D,Cremonese vs Lecce,90,7.5,,0.0,1.0,,40,30.0,,,2.0,,1.0,0,0,5.0,5.0
264472,Filippo Terracciano,Cremonese,D,Torino vs Cremonese,90,7.5,,0.0,,,52,45.0,,1.0,1.0,1.0,,0,0,5.0,8.0
264472,Filippo Terracciano,Cremonese,D,Lazio vs Cremonese,90,6.9,,0.0,,,60,55.0,,,,,,0,0,,3.0
264472,Filippo Terracciano,Cremonese,D,Cremonese vs Napoli,90,6.6,,0.0,1.0,1.0,60,55.0,,2.0,4.0,,,0,0,3.0,4.0
264472,Filippo Terracciano,Cremonese,D,Fiorentina vs Cremonese,90,7,,0.0,,,35,33.0,,,4.0,,1.0,0,0,1.0,1.0
264472,Filippo Terracciano,Cremonese,D,Cremonese vs Cagliari,90,6.9,,0.0,,,48,42.0,,1.0,1.0,1.0,1.0,0,0,2.0,4.0
264472,Filippo Terracciano,Cremonese,D,Juventus vs Cremonese,90,5.7,,0.0,,,40,34.0,,2.0,2.0,,1.0,0,0,4.0,6.0
264472,Filippo Terracciano,Cremonese,D,Cremonese vs Hellas Verona,90,6.3,,0.0,,,49,40.0,,,1.0,1.0,,0,0,,4.0
264472,Filippo Terracciano,Cremonese,D,Sassuolo vs Cremonese,81,6.3,,0.0,,,46,38.0,,1.0,2.0,,,0,0,1.0,5.0
264472,Filippo Terracciano,Cremonese,D,Cremonese vs Inter,90,6.9,,0.0,,,20,16.0,,3.0,1.0,,3.0,0,0,6.0,8.0
264472,Filippo Terracciano,Cremonese,D,Atalanta vs Cremonese,51,7,,0.0,,,27,22.0,,,,1.0,,0,0,,2.0
264472,Filippo Terracciano,Cremonese,D,Cremonese vs Genoa,90,7,,0.0,,,21,15.0,,1.0,2.0,2.0,1.0,1,0,6.0,10.0
264472,Filippo Terracciano,Cremonese,D,AS Roma vs Cremonese,90,6.3,,0.0,,,40,30.0,,1.0,3.0,,,0,0,5.0,6.0
127035,Federico Baschirotto,Cremonese,D,AC Milan vs Cremonese,90,8.6,1.0,0.0,1.0,1.0,41,39.0,,,,,,0,0,1.0,1.0
127035,Federico Baschirotto,Cremonese,D,Cremonese vs Sassuolo,90,6.2,,0.0,,,39,30.0,,,1.0,,,0,0,2.0,4.0
127035,Federico Baschirotto,Cremonese,D,Hellas Verona vs Cremonese,90,7,,0.0,,,63,57.0,,,1.0,,,0,0,1.0,2.0
127035,Federico Baschirotto,Cremonese,D,Cremonese vs Parma,90,7.3,,0.0,1.0,,47,44.0,,,,2.0,,0,0,5.0,9.0
127035,Federico Baschirotto,Cremonese,D,Como vs Cremonese,90,7.3,1.0,0.0,3.0,2.0,40,32.0,,,1.0,1.0,,1,0,2.0,4.0
127035,Federico Baschirotto,Cremonese,D,Inter vs Cremonese,90,6.2,,0.0,,,27,27.0,,,1.0,1.0,,0,0,,2.0
127035,Federico Baschirotto,Cremonese,D,Cremonese vs Udinese,90,6.5,,0.0,,,54,46.0,,2.0,,1.0,,0,0,3.0,5.0
127035,Federico Baschirotto,Cremonese,D,Cremonese vs Atalanta,90,7.6,,0.0,1.0,,31,23.0,,1.0,,,1.0,0,0,8.0,10.0
127035,Federico Baschirotto,Cremonese,D,Genoa vs Cremonese,90,6.6,,0.0,,,24,16.0,,1.0,1.0,1.0,1.0,0,0,3.0,6.0
127035,Federico Baschirotto,Cremonese,D,Cremonese vs Juventus,90,6.2,,0.0,,,65,62.0,,1.0,3.0,2.0,,0,0,4.0,10.0
127035,Federico Baschirotto,Cremonese,D,Pisa vs Cremonese,90,5.9,,0.0,1.0,1.0,59,53.0,,3.0,2.0,3.0,,0,0,3.0,9.0
127035,Federico Baschirotto,Cremonese,D,Cremonese vs AS Roma,90,6.6,,0.0,,,51,45.0,,1.0,1.0,2.0,,0,0,6.0,10.0
127035,Federico Baschirotto,Cremonese,D,Bologna vs Cremonese,90,6.9,,0.0,,,24,21.0,,1.0,1.0,,,0,0,3.0,10.0
127035,Federico Baschirotto,Cremonese,D,Cremonese vs Lecce,90,6.6,,0.0,,,25,19.0,,2.0,,5.0,,0,0,3.0,9.0
127035,Federico Baschirotto,Cremonese,D,Torino vs Cremonese,90,7.3,,0.0,,,57,50.0,,2.0,2.0,,,0,0,6.0,10.0
127035,Federico Baschirotto,Cremonese,D,Lazio vs Cremonese,90,6.9,,0.0,,,60,54.0,,,,3.0,,0,0,1.0,5.0
127035,Federico Baschirotto,Cremonese,D,Cremonese vs Napoli,90,6.2,,0.0,,,40,33.0,,3.0,1.0,1.0,,0,0,3.0,5.0
127035,Federico Baschirotto,Cremonese,D,Fiorentina vs Cremonese,90,6.9,,0.0,,,19,17.0,,,2.0,4.0,1.0,0,0,3.0,8.0
127035,Federico Baschirotto,Cremonese,D,Cremonese vs Cagliari,90,6.7,,0.0,1.0,,65,55.0,,2.0,,2.0,,0,0,4.0,7.0
127035,Federico Baschirotto,Cremonese,D,Juventus vs Cremonese,90,6.2,,0.0,,,58,54.0,,2.0,,1.0,,0,0,2.0,3.0
127035,Federico Baschirotto,Cremonese,D,Cremonese vs Hellas Verona,90,7,,0.0,,,74,67.0,,2.0,1.0,2.0,,0,0,4.0,7.0
127035,Federico Baschirotto,Cremonese,D,Sassuolo vs Cremonese,90,6.7,,0.0,,,64,53.0,,,,2.0,3.0,0,0,6.0,11.0
127035,Federico Baschirotto,Cremonese,D,Cremonese vs Inter,90,6.5,,0.0,,,42,31.0,,,,3.0,1.0,1,0,3.0,6.0
127035,Federico Baschirotto,Cremonese,D,Atalanta vs Cremonese,90,7.5,,0.0,,,38,32.0,,1.0,3.0,4.0,,0,0,5.0,8.0
127035,Federico Baschirotto,Cremonese,D,Cremonese vs Genoa,90,7.7,,0.0,1.0,1.0,20,15.0,,2.0,1.0,,2.0,0,0,6.0,10.0
30919,Matteo Bianchetti,Cremonese,D,AC Milan vs Cremonese,83,6.7,,0.0,,,41,35.0,,3.0,3.0,,,0,0,4.0,5.0
30919,Matteo Bianchetti,Cremonese,D,Cremonese vs Sassuolo,90,6,,0.0,,,45,38.0,,,,1.0,,0,0,,2.0
30919,Matteo Bianchetti,Cremonese,D,Hellas Verona vs Cremonese,90,7.2,,0.0,,,49,38.0,,,,1.0,2.0,0,0,6.0,11.0
30919,Matteo Bianchetti,Cremonese,D,Cremonese vs Parma,45,7.2,,0.0,,,29,22.0,,,1.0,,1.0,0,0,2.0,3.0
30919,Matteo Bianchetti,Cremonese,D,Como vs Cremonese,90,7,,0.0,1.0,,46,36.0,,3.0,,1.0,,0,0,5.0,8.0
30919,Matteo Bianchetti,Cremonese,D,Inter vs Cremonese,90,6.5,,0.0,,,37,32.0,,5.0,1.0,2.0,1.0,0,0,8.0,11.0
30919,Matteo Bianchetti,Cremonese,D,Cremonese vs Udinese,90,6.9,,0.0,1.0,1.0,59,50.0,,,,,3.0,0,0,5.0,8.0
30919,Matteo Bianchetti,Cremonese,D,Cremonese vs Atalanta,29,6.3,,0.0,,,4,2.0,,,,,,0,0,,1.0
30919,Matteo Bianchetti,Cremonese,D,Genoa vs Cremonese,90,7.2,,1.0,1.0,,23,20.0,,2.0,,2.0,1.0,0,0,4.0,8.0
30919,Matteo Bianchetti,Cremonese,D,Cremonese vs Juventus,90,6.3,,0.0,,,73,67.0,,2.0,,2.0,,1,0,6.0,9.0
30919,Matteo Bianchetti,Cremonese,D,Pisa vs Cremonese,90,6.7,,0.0,,,63,51.0,,3.0,,,,0,0,7.0,13.0
30919,Matteo Bianchetti,Cremonese,D,Cremonese vs AS Roma,80,6.9,,0.0,,,39,35.0,,4.0,,1.0,,0,0,8.0,11.0
30919,Matteo Bianchetti,Cremonese,D,Bologna vs Cremonese,90,7.3,,1.0,,,14,10.0,,3.0,1.0,1.0,,0,0,6.0,9.0
30919,Matteo Bianchetti,Cremonese,D,Cremonese vs Lecce,88,7.2,,0.0,,,41,34.0,,1.0,,2.0,,1,0,3.0,7.0
30919,Matteo Bianchetti,Cremonese,D,Cremonese vs Napoli,82,6.3,,0.0,1.0,,43,34.0,,1.0,2.0,1.0,,0,0,1.0,6.0
30919,Matteo Bianchetti,Cremonese,D,Cremonese vs Cagliari,90,6.5,,0.0,,,40,32.0,,1.0,1.0,2.0,1.0,0,0,5.0,11.0
30919,Matteo Bianchetti,Cremonese,D,Juventus vs Cremonese,90,6.3,,0.0,,,63,54.0,,1.0,,1.0,2.0,0,0,3.0,4.0
30919,Matteo Bianchetti,Cremonese,D,Cremonese vs Hellas Verona,90,7.3,,0.0,,,54,40.0,,,1.0,,1.0,0,0,3.0,4.0
30919,Matteo Bianchetti,Cremonese,D,Sassuolo vs Cremonese,81,7,,0.0,1.0,,64,54.0,,4.0,,1.0,,0,0,5.0,7.0
31219,Alessio Zerbin,Cremonese,M,AC Milan vs Cremonese,90,7.2,,1.0,,,31,25.0,,6.0,,2.0,1.0,0,0,8.0,17.0
31219,Alessio Zerbin,Cremonese,M,Cremonese vs Sassuolo,82,6.9,,0.0,,,34,24.0,,3.0,,2.0,2.0,0,0,7.0,13.0
31219,Alessio Zerbin,Cremonese,M,Hellas Verona vs Cremonese,86,6.7,,0.0,,,32,24.0,,1.0,,,2.0,0,0,4.0,11.0
31219,Alessio Zerbin,Cremonese,M,Cremonese vs Parma,76,6.7,,0.0,,,26,21.0,,,,1.0,1.0,0,0,2.0,6.0
31219,Alessio Zerbin,Cremonese,M,Como vs Cremonese,45,6.2,,0.0,,,7,5.0,,1.0,,1.0,,0,0,2.0,5.0
31219,Alessio Zerbin,Cremonese,M,Cremonese vs Udinese,61,6,,0.0,1.0,1.0,14,9.0,,2.0,,1.0,,1,0,2.0,9.0
31219,Alessio Zerbin,Cremonese,M,Cremonese vs Atalanta,85,6.7,,0.0,2.0,1.0,23,13.0,,5.0,,,,0,0,5.0,11.0
31219,Alessio Zerbin,Cremonese,M,Bologna vs Cremonese,14,6.7,,0.0,,,1,,,1.0,,,,0,0,1.0,2.0
31219,Alessio Zerbin,Cremonese,M,Cremonese vs Lecce,22,7.3,,1.0,1.0,,6,5.0,,1.0,,1.0,,0,0,1.0,4.0
31219,Alessio Zerbin,Cremonese,M,Torino vs Cremonese,39,6.9,,0.0,,,15,13.0,,2.0,,,2.0,0,0,4.0,8.0
31219,Alessio Zerbin,Cremonese,M,Lazio vs Cremonese,14,6.3,,0.0,,,5,2.0,,1.0,,1.0,,0,0,1.0,4.0
31219,Alessio Zerbin,Cremonese,M,Cremonese vs Napoli,77,6.7,,0.0,,,21,17.0,,2.0,1.0,2.0,1.0,0,0,4.0,8.0
31219,Alessio Zerbin,Cremonese,M,Fiorentina vs Cremonese,15,6.3,,0.0,1.0,1.0,3,,,,1.0,,,0,0,1.0,1.0
31219,Alessio Zerbin,Cremonese,M,Cremonese vs Cagliari,30,6.9,,0.0,1.0,1.0,8,7.0,,,,,1.0,0,0,2.0,5.0
31219,Alessio Zerbin,Cremonese,M,Juventus vs Cremonese,90,5.9,,0.0,2.0,1.0,26,19.0,,3.0,1.0,2.0,1.0,0,0,4.0,11.0
31219,Alessio Zerbin,Cremonese,M,Cremonese vs Hellas Verona,11,6.7,,0.0,,,2,1.0,,,,,1.0,0,0,2.0,3.0
31219,Alessio Zerbin,Cremonese,M,Sassuolo vs Cremonese,67,6,,0.0,1.0,1.0,25,21.0,,1.0,,2.0,,0,0,1.0,6.0
31219,Alessio Zerbin,Cremonese,M,Cremonese vs Inter,90,5.9,,0.0,3.0,1.0,17,8.0,,1.0,,3.0,,0,0,2.0,9.0
31219,Alessio Zerbin,Cremonese,M,Atalanta vs Cremonese,13,6.6,,0.0,,,5,4.0,,,,,,0,0,,
31219,Alessio Zerbin,Cremonese,M,Cremonese vs Genoa,88,7.3,,0.0,,,14,8.0,,,,,1.0,0,0,1.0,4.0
31219,Alessio Zerbin,Cremonese,M,AS Roma vs Cremonese,74,6.5,,0.0,,,27,15.0,,3.0,,,2.0,0,0,5.0,9.0
126889,Michele Collocolo,Cremonese,M,AC Milan vs Cremonese,90,6.3,,0.0,,,27,25.0,,,,,,0,0,2.0,5.0
126889,Michele Collocolo,Cremonese,M,Cremonese vs Sassuolo,90,6.3,,0.0,,,25,17.0,,2.0,1.0,1.0,2.0,0,0,5.0,7.0
126889,Michele Collocolo,Cremonese,M,Hellas Verona vs Cremonese,90,6.7,,0.0,1.0,1.0,43,38.0,,1.0,,1.0,,1,0,2.0,7.0
126889,Michele Collocolo,Cremonese,M,Cremonese vs Parma,16,6.3,,0.0,,,5,4.0,,,,,,0,0,,
126889,Michele Collocolo,Cremonese,M,Sassuolo vs Cremonese,23,6.3,,0.0,,,9,7.0,,,,,,0,0,,2.0
31021,Alberto Grassi,Cremonese,M,AC Milan vs Cremonese,56,6.3,,0.0,,,22,19.0,,2.0,,1.0,,1,0,2.0,3.0
31021,Alberto Grassi,Cremonese,M,Cremonese vs Sassuolo,23,6.3,,0.0,,,15,11.0,,,,1.0,1.0,1,0,3.0,4.0
31021,Alberto Grassi,Cremonese,M,Hellas Verona vs Cremonese,31,6.9,,0.0,,,34,31.0,,,,,1.0,0,0,3.0,6.0
31021,Alberto Grassi,Cremonese,M,Cremonese vs Parma,74,7,,0.0,,,41,39.0,,,,,1.0,0,0,2.0,2.0
31021,Alberto Grassi,Cremonese,M,Como vs Cremonese,90,6.6,,0.0,,,38,29.0,,4.0,6.0,1.0,2.0,0,0,6.0,10.0
31021,Alberto Grassi,Cremonese,M,Inter vs Cremonese,90,6.3,,0.0,1.0,1.0,33,25.0,,,,,2.0,0,0,2.0,5.0
31021,Alberto Grassi,Cremonese,M,Cremonese vs AS Roma,20,6.7,,0.0,,,12,10.0,,,1.0,,,0,0,,
31021,Alberto Grassi,Cremonese,M,Bologna vs Cremonese,23,6.9,,0.0,,,7,4.0,,1.0,1.0,,2.0,0,0,3.0,3.0
31021,Alberto Grassi,Cremonese,M,Cremonese vs Lecce,22,6.9,,0.0,,,16,13.0,,,,,,0,0,1.0,2.0
31021,Alberto Grassi,Cremonese,M,Lazio vs Cremonese,69,6.9,,0.0,,,30,25.0,,1.0,2.0,,1.0,1,0,4.0,6.0
31021,Alberto Grassi,Cremonese,M,Cremonese vs Napoli,77,6.2,,0.0,,,47,38.0,,,2.0,1.0,1.0,0,0,1.0,6.0
31021,Alberto Grassi,Cremonese,M,Fiorentina vs Cremonese,61,6.9,,0.0,1.0,,19,12.0,,1.0,,1.0,1.0,0,0,2.0,3.0
31021,Alberto Grassi,Cremonese,M,Juventus vs Cremonese,83,6.9,,0.0,1.0,1.0,40,37.0,,1.0,3.0,,,0,0,2.0,3.0
31021,Alberto Grassi,Cremonese,M,Cremonese vs Hellas Verona,89,7,,0.0,1.0,,59,51.0,,1.0,3.0,,,0,0,4.0,8.0
31021,Alberto Grassi,Cremonese,M,Sassuolo vs Cremonese,67,6.6,,0.0,,,32,28.0,,1.0,,1.0,1.0,0,0,2.0,3.0
31021,Alberto Grassi,Cremonese,M,Cremonese vs Inter,75,6.7,,0.0,,,17,14.0,,1.0,1.0,2.0,1.0,0,0,2.0,6.0
31021,Alberto Grassi,Cremonese,M,Atalanta vs Cremonese,63,6.5,,0.0,,,18,14.0,,,2.0,,1.0,0,0,1.0,1.0
31021,Alberto Grassi,Cremonese,M,Cremonese vs Genoa,32,6.6,,0.0,1.0,1.0,8,6.0,,,1.0,,,0,0,,
31211,Jari Vandeputte,Cremonese,M,AC Milan vs Cremonese,56,6.3,,0.0,,,11,8.0,,1.0,,,,0,0,1.0,3.0
31211,Jari Vandeputte,Cremonese,M,Cremonese vs Sassuolo,74,6.9,,1.0,,,23,19.0,,3.0,,1.0,,0,0,5.0,9.0
31211,Jari Vandeputte,Cremonese,M,Hellas Verona vs Cremonese,58,6.6,,0.0,,,21,16.0,,,1.0,,,0,0,2.0,4.0
31211,Jari Vandeputte,Cremonese,M,Cremonese vs Parma,58,6.7,,0.0,,,23,15.0,,3.0,2.0,2.0,,0,0,3.0,7.0
31211,Jari Vandeputte,Cremonese,M,Como vs Cremonese,13,6.6,,0.0,,,4,2.0,,,,,1.0,0,0,1.0,1.0
31211,Jari Vandeputte,Cremonese,M,Inter vs Cremonese,45,6.9,,1.0,,,14,11.0,,,1.0,1.0,,0,0,,3.0
31211,Jari Vandeputte,Cremonese,M,Cremonese vs Udinese,74,7.5,,1.0,1.0,,29,20.0,,1.0,,2.0,1.0,1,0,3.0,8.0
31211,Jari Vandeputte,Cremonese,M,Cremonese vs Atalanta,90,7.7,,0.0,1.0,1.0,42,30.0,,1.0,1.0,1.0,,0,0,1.0,2.0
31211,Jari Vandeputte,Cremonese,M,Genoa vs Cremonese,90,7.3,,1.0,2.0,1.0,28,18.0,,1.0,1.0,,2.0,0,0,3.0,5.0
31211,Jari Vandeputte,Cremonese,M,Cremonese vs Juventus,90,6.9,,0.0,,,59,49.0,,4.0,1.0,,1.0,0,0,6.0,10.0
31211,Jari Vandeputte,Cremonese,M,Pisa vs Cremonese,90,7.9,,0.0,,,84,71.0,,1.0,,1.0,5.0,0,0,6.0,12.0
31211,Jari Vandeputte,Cremonese,M,Cremonese vs AS Roma,70,6.2,,0.0,2.0,2.0,38,27.0,,1.0,,1.0,1.0,0,0,3.0,7.0
31211,Jari Vandeputte,Cremonese,M,Bologna vs Cremonese,90,6.5,,0.0,,,20,10.0,,1.0,,3.0,1.0,0,0,2.0,7.0
31211,Jari Vandeputte,Cremonese,M,Cremonese vs Lecce,68,7.2,,0.0,,,26,19.0,,3.0,1.0,1.0,2.0,0,0,5.0,11.0
31211,Jari Vandeputte,Cremonese,M,Torino vs Cremonese,77,7.2,,0.0,,,54,45.0,,1.0,1.0,,4.0,0,0,5.0,10.0
31211,Jari Vandeputte,Cremonese,M,Lazio vs Cremonese,21,6.9,,0.0,,,20,16.0,,1.0,,,,0,0,1.0,1.0
31211,Jari Vandeputte,Cremonese,M,Fiorentina vs Cremonese,59,6.6,,0.0,,,14,11.0,,1.0,1.0,1.0,,0,0,1.0,4.0
31211,Jari Vandeputte,Cremonese,M,Cremonese vs Cagliari,30,6.6,,0.0,1.0,,15,12.0,,,,3.0,,0,0,,3.0
31211,Jari Vandeputte,Cremonese,M,Juventus vs Cremonese,20,6.9,,0.0,,,12,10.0,,,1.0,,,0,0,,
31211,Jari Vandeputte,Cremonese,M,Cremonese vs Hellas Verona,83,6.6,,0.0,1.0,1.0,33,25.0,,1.0,2.0,1.0,,1,0,1.0,4.0
31211,Jari Vandeputte,Cremonese,M,Sassuolo vs Cremonese,90,6.6,,0.0,,,49,40.0,,2.0,1.0,2.0,2.0,0,0,4.0,9.0
30775,Giuseppe Pezzella,Cremonese,M,AC Milan vs Cremonese,90,7.5,,1.0,1.0,,15,11.0,,,,2.0,,0,0,,5.0
30775,Giuseppe Pezzella,Cremonese,M,Cremonese vs Sassuolo,90,6.9,,0.0,,,22,19.0,,4.0,,1.0,1.0,0,0,6.0,10.0
30775,Giuseppe Pezzella,Cremonese,M,Hellas Verona vs Cremonese,90,7.2,,0.0,,,35,22.0,,2.0,,,1.0,0,0,4.0,6.0
30775,Giuseppe Pezzella,Cremonese,M,Cremonese vs Parma,90,6.9,,0.0,,,18,14.0,,2.0,,4.0,,1,0,6.0,14.0
30775,Giuseppe Pezzella,Cremonese,M,Como vs Cremonese,90,6.3,,0.0,2.0,,21,16.0,,2.0,,,2.0,0,0,4.0,8.0
30775,Giuseppe Pezzella,Cremonese,M,Inter vs Cremonese,90,5.6,,0.0,,,29,21.0,,,,1.0,,1,0,2.0,4.0
30775,Giuseppe Pezzella,Cremonese,M,Cremonese vs Udinese,90,6.9,,0.0,,,20,10.0,,2.0,,,,0,0,4.0,6.0
30775,Giuseppe Pezzella,Cremonese,M,Cremonese vs AS Roma,33,6.2,,0.0,,,10,8.0,,1.0,,,1.0,0,0,4.0,6.0
30775,Giuseppe Pezzella,Cremonese,M,Bologna vs Cremonese,86,6.3,,0.0,,,20,9.0,,1.0,,2.0,,1,0,3.0,12.0
30775,Giuseppe Pezzella,Cremonese,M,Torino vs Cremonese,63,6.9,,0.0,,,23,17.0,,1.0,,,1.0,0,0,4.0,5.0
30775,Giuseppe Pezzella,Cremonese,M,Lazio vs Cremonese,90,6.5,,0.0,,,21,15.0,,1.0,,5.0,1.0,1,0,3.0,11.0
30775,Giuseppe Pezzella,Cremonese,M,Cremonese vs Napoli,90,6.9,,0.0,,,23,20.0,,2.0,,2.0,1.0,0,0,4.0,7.0
30775,Giuseppe Pezzella,Cremonese,M,Fiorentina vs Cremonese,90,6.2,,0.0,,,19,9.0,,,1.0,2.0,,0,0,,4.0
30775,Giuseppe Pezzella,Cremonese,M,Cremonese vs Cagliari,60,6.9,,0.0,,,10,8.0,,,1.0,1.0,1.0,0,0,4.0,8.0
30775,Giuseppe Pezzella,Cremonese,M,Juventus vs Cremonese,90,6.7,,0.0,,,17,12.0,,3.0,1.0,1.0,3.0,1,0,6.0,8.0
30775,Giuseppe Pezzella,Cremonese,M,Sassuolo vs Cremonese,90,7.3,,0.0,,,30,24.0,,4.0,2.0,3.0,4.0,1,0,10.0,15.0
30775,Giuseppe Pezzella,Cremonese,M,Cremonese vs Inter,90,6.7,,0.0,,,15,12.0,,1.0,1.0,1.0,,0,0,1.0,5.0
30775,Giuseppe Pezzella,Cremonese,M,Atalanta vs Cremonese,90,6.3,,0.0,,,36,28.0,,,,1.0,1.0,0,0,3.0,8.0
30775,Giuseppe Pezzella,Cremonese,M,Cremonese vs Genoa,72,6.9,,0.0,,,17,11.0,,1.0,1.0,1.0,1.0,1,0,2.0,5.0
30775,Giuseppe Pezzella,Cremonese,M,AS Roma vs Cremonese,74,6.9,,0.0,,,20,16.0,,3.0,1.0,1.0,1.0,0,0,4.0,8.0
30848,David Okereke,Cremonese,F,AC Milan vs Cremonese,65,6.2,,0.0,,,5,2.0,,,,,,0,0,2.0,11.0
30848,David Okereke,Cremonese,F,Cremonese vs Sassuolo,16,6.7,,0.0,,,4,3.0,,1.0,,,,0,0,4.0,7.0
31436,Federico Bonazzoli,Cremonese,F,AC Milan vs Cremonese,84,7.9,1.0,0.0,2.0,2.0,31,25.0,,1.0,,2.0,3.0,0,0,4.0,8.0
31436,Federico Bonazzoli,Cremonese,F,Hellas Verona vs Cremonese,59,6.7,,0.0,1.0,,10,7.0,,,,1.0,3.0,0,0,3.0,5.0
31436,Federico Bonazzoli,Cremonese,F,Como vs Cremonese,77,7,,0.0,1.0,,20,19.0,,1.0,,,2.0,0,0,6.0,9.0
31436,Federico Bonazzoli,Cremonese,F,Inter vs Cremonese,33,7.3,1.0,0.0,2.0,1.0,13,11.0,,,,,1.0,0,0,1.0,1.0
31436,Federico Bonazzoli,Cremonese,F,Cremonese vs Udinese,75,6.6,,0.0,2.0,,25,20.0,,1.0,,1.0,2.0,0,0,3.0,7.0
31436,Federico Bonazzoli,Cremonese,F,Genoa vs Cremonese,73,8,2.0,0.0,4.0,3.0,23,16.0,,,1.0,1.0,2.0,0,0,2.0,8.0
31436,Federico Bonazzoli,Cremonese,F,Cremonese vs Juventus,71,6.5,,0.0,1.0,1.0,23,20.0,,,,,1.0,0,0,1.0,2.0
31436,Federico Bonazzoli,Cremonese,F,Pisa vs Cremonese,13,6.5,,0.0,,,4,2.0,,1.0,,,,0,0,1.0,4.0
31436,Federico Bonazzoli,Cremonese,F,Cremonese vs AS Roma,80,6.6,,0.0,2.0,1.0,26,20.0,,,,,2.0,0,0,4.0,5.0
31436,Federico Bonazzoli,Cremonese,F,Bologna vs Cremonese,76,6.9,,1.0,,,11,9.0,,,1.0,,1.0,0,0,1.0,4.0
31436,Federico Bonazzoli,Cremonese,F,Cremonese vs Lecce,74,7.5,1.0,0.0,2.0,1.0,29,23.0,,1.0,,,3.0,0,0,4.0,8.0
31436,Federico Bonazzoli,Cremonese,F,Torino vs Cremonese,77,7,,0.0,1.0,1.0,23,20.0,,3.0,1.0,2.0,5.0,0,0,10.0,14.0
31436,Federico Bonazzoli,Cremonese,F,Lazio vs Cremonese,76,6.9,,0.0,3.0,1.0,17,14.0,,,,1.0,1.0,0,0,1.0,2.0
31436,Federico Bonazzoli,Cremonese,F,Cremonese vs Napoli,13,6.2,,0.0,,,5,5.0,,,,1.0,,1,0,,2.0
31436,Federico Bonazzoli,Cremonese,F,Fiorentina vs Cremonese,76,6.3,,0.0,,,22,17.0,,1.0,,,3.0,0,0,4.0,10.0
31436,Federico Bonazzoli,Cremonese,F,Cremonese vs Cagliari,90,7.5,,0.0,1.0,,47,43.0,,2.0,,,1.0,1,0,4.0,6.0
31436,Federico Bonazzoli,Cremonese,F,Juventus vs Cremonese,58,6.3,,0.0,2.0,,33,26.0,,1.0,1.0,,2.0,0,0,3.0,5.0
31436,Federico Bonazzoli,Cremonese,F,Cremonese vs Hellas Verona,73,6.2,,0.0,,,13,8.0,,,,1.0,2.0,1,0,2.0,5.0
31436,Federico Bonazzoli,Cremonese,F,Sassuolo vs Cremonese,90,6.7,,0.0,2.0,2.0,40,37.0,,,,1.0,,0,0,,4.0
31436,Federico Bonazzoli,Cremonese,F,Cremonese vs Inter,67,6.6,,0.0,1.0,1.0,11,8.0,,2.0,,,1.0,0,0,3.0,5.0
31436,Federico Bonazzoli,Cremonese,F,Atalanta vs Cremonese,45,6.5,,0.0,,,11,8.0,,,1.0,1.0,2.0,0,0,2.0,7.0
31436,Federico Bonazzoli,Cremonese,F,Cremonese vs Genoa,32,6.7,,0.0,2.0,1.0,3,2.0,,1.0,,,1.0,0,0,3.0,5.0
31436,Federico Bonazzoli,Cremonese,F,AS Roma vs Cremonese,90,7.2,,0.0,1.0,,40,34.0,,2.0,1.0,2.0,5.0,0,0,7.0,13.0
266813,Warren Bondo,Cremonese,M,AC Milan vs Cremonese,34,7,,0.0,,,15,12.0,,1.0,,1.0,1.0,1,0,6.0,8.0
266813,Warren Bondo,Cremonese,M,Cremonese vs Sassuolo,67,7.2,,0.0,,,28,27.0,,5.0,1.0,1.0,2.0,0,0,7.0,9.0
266813,Warren Bondo,Cremonese,M,Hellas Verona vs Cremonese,59,6.6,,0.0,,,33,27.0,,2.0,,,2.0,0,0,5.0,9.0
266813,Warren Bondo,Cremonese,M,Cremonese vs Parma,90,7.2,,0.0,,,46,44.0,,1.0,,,1.0,0,0,2.0,3.0
266813,Warren Bondo,Cremonese,M,Como vs Cremonese,89,6.7,,0.0,,,23,22.0,,4.0,,4.0,,0,0,4.0,11.0
266813,Warren Bondo,Cremonese,M,Inter vs Cremonese,90,6.3,,0.0,,,33,29.0,,,1.0,1.0,2.0,0,0,2.0,5.0
266813,Warren Bondo,Cremonese,M,Cremonese vs Udinese,90,6.7,,0.0,,,32,28.0,,3.0,,3.0,3.0,0,0,6.0,12.0
266813,Warren Bondo,Cremonese,M,Genoa vs Cremonese,88,6.5,,0.0,1.0,,31,25.0,,,1.0,1.0,,0,0,1.0,6.0
266813,Warren Bondo,Cremonese,M,Cremonese vs Juventus,62,6.6,,0.0,,,33,29.0,,,,1.0,3.0,0,0,5.0,9.0
266813,Warren Bondo,Cremonese,M,Pisa vs Cremonese,90,6.9,,0.0,1.0,,44,40.0,,2.0,,3.0,1.0,0,0,6.0,10.0
266813,Warren Bondo,Cremonese,M,Cremonese vs AS Roma,90,6.7,,0.0,,,33,31.0,,2.0,,3.0,3.0,1,0,5.0,9.0
266813,Warren Bondo,Cremonese,M,Bologna vs Cremonese,76,6.2,,0.0,,,22,16.0,,1.0,,3.0,1.0,0,0,4.0,10.0
266813,Warren Bondo,Cremonese,M,Cremonese vs Lecce,68,6.7,,0.0,,,23,18.0,,,1.0,,1.0,0,0,1.0,3.0
266813,Warren Bondo,Cremonese,M,Torino vs Cremonese,51,6.5,,0.0,,,22,19.0,,1.0,,1.0,,0,0,1.0,3.0
266813,Warren Bondo,Cremonese,M,Lazio vs Cremonese,90,7,,0.0,,,36,31.0,,1.0,,1.0,2.0,0,0,4.0,6.0
266813,Warren Bondo,Cremonese,M,Cremonese vs Napoli,13,6.7,,0.0,1.0,,8,8.0,,,,1.0,,0,0,,1.0
266813,Warren Bondo,Cremonese,M,Fiorentina vs Cremonese,29,6.5,,0.0,,,12,12.0,,,,2.0,,1,0,,2.0
266813,Warren Bondo,Cremonese,M,Cremonese vs Cagliari,60,6.7,,0.0,,,35,33.0,,1.0,,2.0,2.0,1,0,3.0,7.0
266813,Warren Bondo,Cremonese,M,Juventus vs Cremonese,70,5.6,,0.0,,,26,24.0,,,1.0,3.0,,0,0,1.0,9.0
266813,Warren Bondo,Cremonese,M,Cremonese vs Hellas Verona,90,6.9,,0.0,,,31,25.0,,1.0,2.0,1.0,3.0,0,0,7.0,11.0
266813,Warren Bondo,Cremonese,M,AS Roma vs Cremonese,41,6.2,,0.0,,,23,23.0,,,1.0,,,0,0,,1.0
6383,Martín Payero,Cremonese,M,AC Milan vs Cremonese,34,6.7,,0.0,,,6,6.0,,,,2.0,1.0,1,0,1.0,3.0
6383,Martín Payero,Cremonese,M,Cremonese vs Sassuolo,16,6.9,,0.0,1.0,,5,2.0,,1.0,1.0,,2.0,0,0,4.0,5.0
6383,Martín Payero,Cremonese,M,Como vs Cremonese,64,6.3,,0.0,1.0,,11,8.0,,,1.0,4.0,1.0,1,0,3.0,8.0
6383,Martín Payero,Cremonese,M,Cremonese vs Udinese,62,6.2,,0.0,1.0,,22,18.0,,3.0,,2.0,2.0,1,0,6.0,17.0
6383,Martín Payero,Cremonese,M,Cremonese vs Atalanta,73,6.6,,0.0,,,12,9.0,,1.0,,,,0,0,1.0,2.0
6383,Martín Payero,Cremonese,M,Genoa vs Cremonese,88,6.2,,0.0,,,45,31.0,,1.0,1.0,3.0,3.0,0,0,9.0,19.0
6383,Martín Payero,Cremonese,M,Cremonese vs Juventus,90,6.7,,0.0,1.0,,34,26.0,,2.0,,3.0,3.0,0,0,5.0,9.0
6383,Martín Payero,Cremonese,M,Pisa vs Cremonese,77,5.7,,0.0,,,34,29.0,,,,5.0,,0,0,,12.0
6383,Martín Payero,Cremonese,M,Cremonese vs AS Roma,57,6.3,,0.0,1.0,,11,5.0,,,1.0,,2.0,1,0,4.0,8.0
6383,Martín Payero,Cremonese,M,Bologna vs Cremonese,67,7.3,1.0,0.0,3.0,2.0,14,9.0,,1.0,1.0,,2.0,0,0,6.0,13.0
6383,Martín Payero,Cremonese,M,Cremonese vs Lecce,90,7.3,,0.0,2.0,2.0,24,18.0,,4.0,2.0,1.0,1.0,0,0,11.0,15.0
6383,Martín Payero,Cremonese,M,Torino vs Cremonese,90,6.7,,0.0,,,46,35.0,,2.0,,7.0,3.0,1,0,10.0,22.0
6383,Martín Payero,Cremonese,M,Cremonese vs Napoli,90,6.2,,0.0,2.0,1.0,33,29.0,,,,3.0,,0,0,2.0,7.0
6383,Martín Payero,Cremonese,M,Fiorentina vs Cremonese,75,6.7,,0.0,2.0,,13,6.0,,,,1.0,1.0,1,0,2.0,6.0
6383,Martín Payero,Cremonese,M,Cremonese vs Cagliari,89,6.3,,0.0,,,24,20.0,,1.0,,,2.0,0,0,5.0,13.0
6383,Martín Payero,Cremonese,M,Atalanta vs Cremonese,27,7.2,,0.0,,,12,12.0,,,1.0,,1.0,0,0,4.0,7.0
6383,Martín Payero,Cremonese,M,Cremonese vs Genoa,58,6.7,,0.0,,,12,7.0,,,,,2.0,0,0,2.0,7.0
6383,Martín Payero,Cremonese,M,AS Roma vs Cremonese,49,6.9,,0.0,,,15,12.0,,1.0,,,,0,0,4.0,5.0
2522,Antonio Sanabria,Cremonese,F,AC Milan vs Cremonese,25,6.2,,0.0,,,3,2.0,,,,2.0,1.0,0,0,1.0,4.0
2522,Antonio Sanabria,Cremonese,F,Cremonese vs Sassuolo,82,6.5,,1.0,2.0,1.0,10,8.0,,,,3.0,1.0,1,0,4.0,10.0
2522,Antonio Sanabria,Cremonese,F,Hellas Verona vs Cremonese,66,6.3,,0.0,1.0,,10,9.0,,,,,,0,0,3.0,7.0
2522,Antonio Sanabria,Cremonese,F,Cremonese vs Parma,76,6,,0.0,,,7,4.0,,,,2.0,,0,0,2.0,9.0
2522,Antonio Sanabria,Cremonese,F,Como vs Cremonese,26,6.7,,0.0,,,3,3.0,,,,1.0,1.0,1,0,2.0,4.0
2522,Antonio Sanabria,Cremonese,F,Inter vs Cremonese,57,6.2,,0.0,,,7,6.0,,,,,1.0,0,0,5.0,9.0
2522,Antonio Sanabria,Cremonese,F,Cremonese vs Atalanta,45,6.2,,0.0,,,9,8.0,,,,,,0,0,2.0,8.0
2522,Antonio Sanabria,Cremonese,F,Cremonese vs AS Roma,10,6.7,,0.0,,,5,5.0,,,,,1.0,0,0,1.0,1.0
2522,Antonio Sanabria,Cremonese,F,Bologna vs Cremonese,14,6.7,,0.0,,,5,4.0,,,,,1.0,0,0,2.0,2.0
2522,Antonio Sanabria,Cremonese,F,Cremonese vs Lecce,16,7.3,1.0,0.0,1.0,1.0,7,6.0,,,1.0,1.0,,0,0,,2.0
2522,Antonio Sanabria,Cremonese,F,Torino vs Cremonese,27,7,,0.0,1.0,,10,5.0,,1.0,,1.0,2.0,0,0,10.0,14.0
2522,Antonio Sanabria,Cremonese,F,Lazio vs Cremonese,14,6.9,,0.0,1.0,1.0,4,4.0,,,,,2.0,0,0,2.0,2.0
2522,Antonio Sanabria,Cremonese,F,Cremonese vs Napoli,60,6.6,,0.0,,,14,9.0,,1.0,,,2.0,0,0,6.0,9.0
2522,Antonio Sanabria,Cremonese,F,Fiorentina vs Cremonese,14,6.3,,0.0,1.0,1.0,5,4.0,,,,1.0,1.0,0,0,2.0,3.0
2522,Antonio Sanabria,Cremonese,F,Juventus vs Cremonese,32,6.6,,0.0,,,9,9.0,,,,,1.0,0,0,3.0,3.0
2522,Antonio Sanabria,Cremonese,F,Atalanta vs Cremonese,27,6.5,,0.0,1.0,,11,9.0,,,,,,0,0,1.0,3.0
2522,Antonio Sanabria,Cremonese,F,Cremonese vs Genoa,17,6.5,,0.0,,,0,,,,,,,0,0,,6.0
2522,Antonio Sanabria,Cremonese,F,AS Roma vs Cremonese,63,6.3,,0.0,,,11,9.0,,,,2.0,,0,0,1.0,7.0
30397,Federico Ceccherini,Cremonese,D,AC Milan vs Cremonese,12,6.9,,0.0,,,3,2.0,,,,,,0,0,1.0,1.0
30397,Federico Ceccherini,Cremonese,D,Cremonese vs Parma,45,7,,0.0,,,18,18.0,,1.0,,2.0,1.0,0,0,2.0,5.0
30397,Federico Ceccherini,Cremonese,D,Inter vs Cremonese,58,5.9,,0.0,,,19,14.0,,2.0,2.0,,1.0,0,0,3.0,3.0
30397,Federico Ceccherini,Cremonese,D,Torino vs Cremonese,90,7.3,,0.0,3.0,2.0,65,56.0,,2.0,3.0,,1.0,0,0,10.0,15.0
30397,Federico Ceccherini,Cremonese,D,Lazio vs Cremonese,25,6.3,,0.0,1.0,,10,8.0,,,,1.0,,0,1,,1.0
30397,Federico Ceccherini,Cremonese,D,Cremonese vs Hellas Verona,73,7.2,,0.0,,,41,33.0,,,,3.0,2.0,0,0,8.0,13.0
30397,Federico Ceccherini,Cremonese,D,Cremonese vs Inter,67,6,,0.0,1.0,,23,10.0,,,,2.0,1.0,1,0,3.0,5.0
30397,Federico Ceccherini,Cremonese,D,Atalanta vs Cremonese,39,6.2,,0.0,,,16,12.0,,,1.0,,1.0,0,0,1.0,4.0
31853,Manuel De Luca,Cremonese,F,AC Milan vs Cremonese,11,6.5,,0.0,,,1,,,,,1.0,1.0,0,0,2.0,7.0
31853,Manuel De Luca,Cremonese,F,Cremonese vs Sassuolo,8,6.9,1.0,0.0,2.0,2.0,4,1.0,,,,,,0,0,,
556,Mile Svilar,AS Roma,G,AS Roma vs Bologna,90,7.2,,0.0,,,33,21.0,,,,,,0,0,,
556,Mile Svilar,AS Roma,G,Pisa vs AS Roma,90,7.2,,0.0,,,36,24.0,,,,,,0,0,,
556,Mile Svilar,AS Roma,G,AS Roma vs Torino,90,7.2,,0.0,,,25,23.0,,,,,,0,0,,1.0
556,Mile Svilar,AS Roma,G,Lazio vs AS Roma,90,7.3,,0.0,,,35,28.0,,,,,,0,0,,
556,Mile Svilar,AS Roma,G,AS Roma vs Hellas Verona,90,7.3,,0.0,,,44,27.0,,1.0,,,,0,0,1.0,1.0
556,Mile Svilar,AS Roma,G,Fiorentina vs AS Roma,90,6.2,,0.0,,,40,29.0,,,,,,0,0,,
556,Mile Svilar,AS Roma,G,AS Roma vs Inter,90,6,,0.0,,,38,24.0,,,,,,0,0,,
556,Mile Svilar,AS Roma,G,Sassuolo vs AS Roma,90,7.2,,0.0,,,29,20.0,,,,,,0,0,,
556,Mile Svilar,AS Roma,G,AS Roma vs Parma,90,7.2,,0.0,,,25,22.0,,,,,,0,0,,
556,Mile Svilar,AS Roma,G,AC Milan vs AS Roma,90,8,,0.0,,,22,13.0,,,,,2.0,0,0,2.0,2.0
556,Mile Svilar,AS Roma,G,AS Roma vs Udinese,90,8.2,,0.0,,,29,21.0,,,,,,0,0,,
556,Mile Svilar,AS Roma,G,Cremonese vs AS Roma,90,7,,0.0,,,24,16.0,,,,,,0,0,1.0,1.0
556,Mile Svilar,AS Roma,G,AS Roma vs Napoli,90,7.7,,0.0,,,44,31.0,,,,,1.0,0,0,1.0,1.0
556,Mile Svilar,AS Roma,G,Cagliari vs AS Roma,90,8.2,,0.0,,,28,24.0,,,,,1.0,0,0,1.0,1.0
556,Mile Svilar,AS Roma,G,AS Roma vs Como,90,7.6,,0.0,,,28,21.0,,1.0,,,,0,0,1.0,1.0
556,Mile Svilar,AS Roma,G,Juventus vs AS Roma,90,7,,0.0,,,25,18.0,,,,,,0,0,,
556,Mile Svilar,AS Roma,G,AS Roma vs Genoa,90,6.6,,0.0,,,24,18.0,,,,,1.0,0,0,1.0,1.0
556,Mile Svilar,AS Roma,G,Atalanta vs AS Roma,90,6.5,,0.0,,,43,31.0,,,,,,0,0,2.0,2.0
556,Mile Svilar,AS Roma,G,Lecce vs AS Roma,90,6.9,,0.0,,,28,17.0,,,,,,0,0,1.0,1.0
556,Mile Svilar,AS Roma,G,AS Roma vs Sassuolo,90,7.9,,0.0,,,23,19.0,,,,,,0,0,,
556,Mile Svilar,AS Roma,G,Torino vs AS Roma,90,7.2,,0.0,,,27,18.0,,,,,,0,0,,
556,Mile Svilar,AS Roma,G,AS Roma vs AC Milan,90,7,,0.0,,,22,16.0,,,,,1.0,0,0,1.0,1.0
556,Mile Svilar,AS Roma,G,Udinese vs AS Roma,90,6.9,,0.0,,,40,31.0,,,,,,0,0,,1.0
556,Mile Svilar,AS Roma,G,AS Roma vs Cagliari,90,6.9,,0.0,,,18,14.0,,,1.0,,,0,0,,
556,Mile Svilar,AS Roma,G,Napoli vs AS Roma,90,6.2,,0.0,,,23,15.0,,,,,,0,0,,
556,Mile Svilar,AS Roma,G,AS Roma vs Cremonese,90,6.9,,0.0,,,19,13.0,,1.0,,,,0,0,1.0,1.0
2669,Mario Hermoso,AS Roma,D,AS Roma vs Bologna,90,6.9,,0.0,,,39,36.0,,,2.0,2.0,,0,0,2.0,6.0
2669,Mario Hermoso,AS Roma,D,Pisa vs AS Roma,82,7,,0.0,,,59,50.0,,1.0,1.0,,,0,0,3.0,4.0
2669,Mario Hermoso,AS Roma,D,AS Roma vs Torino,79,6.9,,0.0,1.0,1.0,52,47.0,,1.0,,1.0,,0,0,3.0,4.0
2669,Mario Hermoso,AS Roma,D,AS Roma vs Hellas Verona,31,6.3,,0.0,,,16,12.0,,,,1.0,,0,0,,2.0
2669,Mario Hermoso,AS Roma,D,AS Roma vs Inter,73,6.3,,0.0,1.0,1.0,45,39.0,,2.0,1.0,2.0,,1,0,3.0,7.0
2669,Mario Hermoso,AS Roma,D,Sassuolo vs AS Roma,45,6.7,,0.0,,,34,28.0,,,,3.0,,1,0,4.0,7.0
2669,Mario Hermoso,AS Roma,D,AS Roma vs Parma,90,7.7,1.0,0.0,1.0,1.0,64,59.0,,2.0,2.0,1.0,1.0,0,0,4.0,8.0
2669,Mario Hermoso,AS Roma,D,AC Milan vs AS Roma,84,7,,0.0,1.0,,53,48.0,,,,1.0,,1,0,2.0,8.0
2669,Mario Hermoso,AS Roma,D,AS Roma vs Udinese,90,6.6,,0.0,,,50,38.0,,2.0,1.0,2.0,1.0,0,0,3.0,6.0
2669,Mario Hermoso,AS Roma,D,AS Roma vs Napoli,90,6.6,,0.0,,,71,58.0,,1.0,3.0,1.0,,0,0,5.0,8.0
2669,Mario Hermoso,AS Roma,D,Cagliari vs AS Roma,90,7,,0.0,,,54,46.0,,2.0,1.0,1.0,1.0,1,0,4.0,6.0
2669,Mario Hermoso,AS Roma,D,AS Roma vs Como,90,7.2,,0.0,,,59,50.0,,1.0,1.0,2.0,2.0,0,0,4.0,7.0
2669,Mario Hermoso,AS Roma,D,AS Roma vs Genoa,90,6.9,,0.0,,,62,53.0,,3.0,4.0,1.0,4.0,0,0,9.0,13.0
2669,Mario Hermoso,AS Roma,D,Atalanta vs AS Roma,90,6.3,,0.0,,,59,49.0,,3.0,2.0,3.0,2.0,1,0,5.0,12.0
2669,Mario Hermoso,AS Roma,D,AS Roma vs Sassuolo,90,7.2,,0.0,1.0,,71,66.0,,2.0,2.0,2.0,2.0,1,0,6.0,8.0
2669,Mario Hermoso,AS Roma,D,Torino vs AS Roma,23,6.9,,0.0,,,22,17.0,,,,,,0,0,4.0,4.0
2669,Mario Hermoso,AS Roma,D,Udinese vs AS Roma,70,6.2,,0.0,,,51,47.0,,,3.0,4.0,,0,0,2.0,6.0
30425,Gianluca Mancini,AS Roma,D,AS Roma vs Bologna,90,7.2,,0.0,,,47,42.0,,5.0,,1.0,,1,0,7.0,9.0
30425,Gianluca Mancini,AS Roma,D,Pisa vs AS Roma,90,7.3,,0.0,,,43,37.0,,2.0,1.0,,2.0,0,0,8.0,11.0
30425,Gianluca Mancini,AS Roma,D,AS Roma vs Torino,90,6.3,,0.0,3.0,2.0,66,58.0,,1.0,1.0,2.0,1.0,0,0,4.0,12.0
30425,Gianluca Mancini,AS Roma,D,Lazio vs AS Roma,90,6.9,,0.0,,,41,34.0,,1.0,3.0,2.0,3.0,0,0,5.0,12.0
30425,Gianluca Mancini,AS Roma,D,AS Roma vs Hellas Verona,90,7.2,,0.0,,,29,27.0,,3.0,3.0,1.0,1.0,0,0,5.0,11.0
30425,Gianluca Mancini,AS Roma,D,Fiorentina vs AS Roma,90,6.7,,0.0,,,38,34.0,,1.0,1.0,2.0,,0,0,4.0,7.0
30425,Gianluca Mancini,AS Roma,D,AS Roma vs Inter,90,7.9,,0.0,,,57,54.0,,2.0,3.0,3.0,8.0,0,0,12.0,16.0
30425,Gianluca Mancini,AS Roma,D,Sassuolo vs AS Roma,90,7.3,,0.0,,,59,48.0,,2.0,1.0,3.0,,1,0,6.0,14.0
30425,Gianluca Mancini,AS Roma,D,AS Roma vs Parma,85,7.2,,0.0,2.0,,52,43.0,,,4.0,,2.0,0,0,4.0,6.0
30425,Gianluca Mancini,AS Roma,D,AC Milan vs AS Roma,90,7.7,,0.0,,,59,53.0,,4.0,5.0,2.0,,1,0,8.0,14.0
30425,Gianluca Mancini,AS Roma,D,AS Roma vs Udinese,90,7.2,,1.0,,,57,48.0,,2.0,2.0,3.0,1.0,0,0,5.0,9.0
30425,Gianluca Mancini,AS Roma,D,Cremonese vs AS Roma,90,6.3,,0.0,,,44,37.0,,,,3.0,2.0,0,0,4.0,7.0
30425,Gianluca Mancini,AS Roma,D,AS Roma vs Napoli,90,6.9,,0.0,1.0,1.0,58,48.0,,2.0,,3.0,1.0,0,0,8.0,12.0
30425,Gianluca Mancini,AS Roma,D,Cagliari vs AS Roma,90,6.3,,0.0,,,56,42.0,,,2.0,3.0,1.0,0,0,2.0,6.0
30425,Gianluca Mancini,AS Roma,D,AS Roma vs Como,90,7,,0.0,,,35,32.0,,1.0,1.0,2.0,1.0,1,0,3.0,7.0
30425,Gianluca Mancini,AS Roma,D,Juventus vs AS Roma,90,6.2,,0.0,1.0,,45,42.0,,3.0,1.0,5.0,1.0,0,0,7.0,11.0
30425,Gianluca Mancini,AS Roma,D,AS Roma vs Genoa,74,7.3,,0.0,,,45,36.0,,1.0,,1.0,,0,0,4.0,5.0
30425,Gianluca Mancini,AS Roma,D,Atalanta vs AS Roma,90,7.2,,0.0,,,50,45.0,,5.0,2.0,5.0,4.0,1,0,12.0,17.0
30425,Gianluca Mancini,AS Roma,D,AS Roma vs Sassuolo,88,8,,0.0,,,53,46.0,,3.0,1.0,3.0,1.0,0,0,12.0,16.0
30425,Gianluca Mancini,AS Roma,D,Torino vs AS Roma,90,7.2,,0.0,,,46,38.0,,2.0,1.0,3.0,,1,0,5.0,11.0
30425,Gianluca Mancini,AS Roma,D,AS Roma vs AC Milan,90,6.3,,0.0,,,66,57.0,,1.0,1.0,2.0,,0,0,3.0,8.0
30425,Gianluca Mancini,AS Roma,D,Udinese vs AS Roma,90,6.7,,0.0,1.0,1.0,37,30.0,,,2.0,2.0,,1,0,7.0,13.0
30425,Gianluca Mancini,AS Roma,D,AS Roma vs Cagliari,90,7.2,,1.0,,,45,40.0,,1.0,2.0,1.0,,1,0,2.0,5.0
30425,Gianluca Mancini,AS Roma,D,Napoli vs AS Roma,90,6.5,,0.0,1.0,,46,42.0,,,1.0,2.0,,1,0,2.0,6.0
30425,Gianluca Mancini,AS Roma,D,AS Roma vs Cremonese,90,6.9,,0.0,1.0,,45,41.0,,1.0,2.0,1.0,2.0,0,0,5.0,10.0
1807,Evan Ndicka,AS Roma,D,AS Roma vs Bologna,90,7.2,,0.0,,,50,44.0,,,,,1.0,0,0,4.0,7.0
1807,Evan Ndicka,AS Roma,D,Pisa vs AS Roma,90,7.3,,0.0,1.0,,61,54.0,,,1.0,,1.0,0,0,8.0,9.0
1807,Evan Ndicka,AS Roma,D,AS Roma vs Torino,90,6.9,,0.0,,,77,72.0,,,3.0,2.0,1.0,0,0,8.0,14.0
1807,Evan Ndicka,AS Roma,D,Lazio vs AS Roma,90,6.3,,0.0,1.0,,41,37.0,,1.0,2.0,2.0,2.0,1,0,4.0,10.0
1807,Evan Ndicka,AS Roma,D,AS Roma vs Hellas Verona,71,7,,0.0,,,42,33.0,,1.0,1.0,,2.0,0,0,9.0,11.0
1807,Evan Ndicka,AS Roma,D,Fiorentina vs AS Roma,90,6.7,,0.0,1.0,,56,51.0,,1.0,1.0,2.0,2.0,0,0,3.0,5.0
1807,Evan Ndicka,AS Roma,D,AS Roma vs Inter,55,6.2,,0.0,1.0,,38,36.0,,,1.0,2.0,,1,0,2.0,7.0
1807,Evan Ndicka,AS Roma,D,Sassuolo vs AS Roma,90,7.3,,0.0,,,67,63.0,,1.0,,,,0,0,1.0,2.0
1807,Evan Ndicka,AS Roma,D,AS Roma vs Parma,90,7.3,,0.0,1.0,,65,62.0,,2.0,2.0,1.0,3.0,0,0,11.0,16.0
1807,Evan Ndicka,AS Roma,D,AC Milan vs AS Roma,90,6.6,,0.0,3.0,,61,57.0,,1.0,2.0,2.0,2.0,0,0,11.0,16.0
1807,Evan Ndicka,AS Roma,D,AS Roma vs Udinese,90,7.5,,0.0,,,53,47.0,,,1.0,1.0,2.0,0,0,4.0,8.0
1807,Evan Ndicka,AS Roma,D,Cremonese vs AS Roma,90,6.7,,0.0,,,40,35.0,,,1.0,1.0,,0,0,2.0,6.0
1807,Evan Ndicka,AS Roma,D,AS Roma vs Napoli,90,6.9,,0.0,,,64,56.0,,2.0,2.0,3.0,1.0,1,0,6.0,11.0
1807,Evan Ndicka,AS Roma,D,Cagliari vs AS Roma,90,6.9,,0.0,,,65,56.0,,1.0,,1.0,2.0,0,0,3.0,8.0
1807,Evan Ndicka,AS Roma,D,AS Roma vs Como,90,7.3,,0.0,,,46,38.0,,2.0,,1.0,1.0,0,0,6.0,9.0
1807,Evan Ndicka,AS Roma,D,Torino vs AS Roma,90,7.2,,0.0,,,48,42.0,,1.0,1.0,1.0,1.0,0,0,6.0,8.0
1807,Evan Ndicka,AS Roma,D,AS Roma vs AC Milan,90,7.2,,0.0,,,58,57.0,,,,1.0,1.0,0,0,1.0,2.0
1807,Evan Ndicka,AS Roma,D,Udinese vs AS Roma,90,6.6,,0.0,,,65,61.0,,3.0,4.0,1.0,1.0,1,0,7.0,12.0
1807,Evan Ndicka,AS Roma,D,AS Roma vs Cagliari,90,7.2,,0.0,1.0,,47,45.0,,1.0,1.0,3.0,2.0,0,0,6.0,12.0
1807,Evan Ndicka,AS Roma,D,Napoli vs AS Roma,90,6.7,,0.0,,,37,35.0,,,5.0,2.0,2.0,0,0,2.0,5.0
1807,Evan Ndicka,AS Roma,D,AS Roma vs Cremonese,90,8.2,1.0,0.0,4.0,2.0,46,41.0,,,,,1.0,0,0,3.0,6.0
349001,Wesley,AS Roma,M,AS Roma vs Bologna,90,7.3,1.0,0.0,3.0,1.0,38,29.0,,,1.0,4.0,1.0,0,0,3.0,10.0
349001,Wesley,AS Roma,M,Pisa vs AS Roma,90,6.6,,0.0,,,56,52.0,,1.0,,1.0,2.0,0,0,3.0,7.0
349001,Wesley,AS Roma,M,AS Roma vs Torino,90,7,,0.0,,,41,38.0,,2.0,,2.0,3.0,1,0,8.0,19.0
349001,Wesley,AS Roma,M,AS Roma vs Hellas Verona,59,6.7,,0.0,,,27,17.0,,2.0,,1.0,,0,0,2.0,5.0
349001,Wesley,AS Roma,M,Fiorentina vs AS Roma,81,7.9,,0.0,,,33,26.0,,2.0,,2.0,1.0,1,0,4.0,7.0
349001,Wesley,AS Roma,M,AS Roma vs Inter,90,6.3,,0.0,1.0,,22,17.0,,,,,3.0,0,0,4.0,10.0
349001,Wesley,AS Roma,M,Sassuolo vs AS Roma,87,7.2,,0.0,2.0,1.0,42,32.0,,6.0,1.0,1.0,5.0,0,0,14.0,29.0
349001,Wesley,AS Roma,M,AS Roma vs Parma,86,6.3,,0.0,2.0,2.0,41,31.0,,1.0,,1.0,,0,0,3.0,9.0
349001,Wesley,AS Roma,M,AC Milan vs AS Roma,90,6.7,,0.0,2.0,2.0,40,33.0,,3.0,2.0,2.0,1.0,1,0,5.0,11.0
349001,Wesley,AS Roma,M,AS Roma vs Udinese,89,7.5,,0.0,,,33,27.0,,2.0,,,2.0,0,0,4.0,6.0
349001,Wesley,AS Roma,M,Cremonese vs AS Roma,80,8.2,1.0,0.0,1.0,1.0,27,21.0,,1.0,1.0,1.0,4.0,0,0,7.0,12.0
349001,Wesley,AS Roma,M,AS Roma vs Napoli,82,6.6,,0.0,,,30,25.0,,2.0,,,3.0,0,0,5.0,15.0
349001,Wesley,AS Roma,M,AS Roma vs Como,90,8.2,1.0,0.0,2.0,1.0,16,11.0,,5.0,1.0,2.0,1.0,1,0,7.0,14.0
349001,Wesley,AS Roma,M,Juventus vs AS Roma,90,7.3,,0.0,,,52,39.0,,3.0,2.0,1.0,5.0,0,0,11.0,17.0
349001,Wesley,AS Roma,M,AS Roma vs Genoa,85,6.9,,0.0,,,46,37.0,,3.0,,,,0,0,4.0,8.0
349001,Wesley,AS Roma,M,Atalanta vs AS Roma,45,7,,0.0,,,18,15.0,,,1.0,,,0,0,,1.0
349001,Wesley,AS Roma,M,Lecce vs AS Roma,90,6.3,,0.0,1.0,,30,21.0,,2.0,2.0,1.0,1.0,0,0,3.0,7.0
349001,Wesley,AS Roma,M,AS Roma vs Sassuolo,27,6.9,,0.0,1.0,,17,11.0,,,,,1.0,0,0,2.0,2.0
349001,Wesley,AS Roma,M,Torino vs AS Roma,90,7.3,,0.0,,,52,43.0,,2.0,2.0,,4.0,0,0,9.0,11.0
349001,Wesley,AS Roma,M,AS Roma vs AC Milan,90,6.3,,0.0,,,46,37.0,,2.0,1.0,1.0,1.0,0,0,6.0,14.0
349001,Wesley,AS Roma,M,Udinese vs AS Roma,90,7.2,,0.0,1.0,1.0,37,29.0,,3.0,1.0,1.0,3.0,0,0,9.0,19.0
349001,Wesley,AS Roma,M,AS Roma vs Cagliari,90,7.3,,0.0,,,44,36.0,,3.0,1.0,2.0,2.0,0,0,6.0,10.0
349001,Wesley,AS Roma,M,Napoli vs AS Roma,72,7.3,,0.0,,,24,19.0,,,,2.0,2.0,0,0,2.0,6.0
349001,Wesley,AS Roma,M,AS Roma vs Cremonese,90,6.7,,0.0,,,38,29.0,,1.0,1.0,3.0,,0,0,2.0,10.0
778,Bryan Cristante,AS Roma,M,AS Roma vs Bologna,90,7.2,,0.0,1.0,,44,36.0,,3.0,3.0,,,0,0,3.0,8.0
778,Bryan Cristante,AS Roma,M,Pisa vs AS Roma,90,7.2,,0.0,,,86,72.0,,4.0,,,,0,0,5.0,8.0
778,Bryan Cristante,AS Roma,M,AS Roma vs Torino,65,6.6,,0.0,2.0,,51,41.0,,1.0,,,,0,0,3.0,7.0
778,Bryan Cristante,AS Roma,M,Lazio vs AS Roma,81,6.7,,0.0,,,34,31.0,,1.0,1.0,4.0,1.0,0,0,3.0,10.0
778,Bryan Cristante,AS Roma,M,AS Roma vs Hellas Verona,90,6.6,,0.0,2.0,2.0,55,39.0,,,,1.0,,0,0,2.0,8.0
778,Bryan Cristante,AS Roma,M,Fiorentina vs AS Roma,90,7.9,1.0,0.0,1.0,1.0,59,46.0,,2.0,,2.0,,1,0,4.0,9.0
778,Bryan Cristante,AS Roma,M,AS Roma vs Inter,90,6.7,,0.0,2.0,,71,65.0,,1.0,,1.0,,0,0,5.0,11.0
778,Bryan Cristante,AS Roma,M,Sassuolo vs AS Roma,66,6.7,,0.0,3.0,2.0,36,24.0,,1.0,,2.0,1.0,0,0,6.0,14.0
778,Bryan Cristante,AS Roma,M,AS Roma vs Parma,90,7.3,,0.0,2.0,,54,44.0,,2.0,,3.0,1.0,0,0,6.0,13.0
778,Bryan Cristante,AS Roma,M,AC Milan vs AS Roma,90,7.2,,0.0,2.0,,59,54.0,,2.0,1.0,1.0,,0,0,6.0,11.0
778,Bryan Cristante,AS Roma,M,AS Roma vs Udinese,90,7.2,,0.0,,,60,51.0,,1.0,,2.0,,1,0,3.0,9.0
778,Bryan Cristante,AS Roma,M,Cremonese vs AS Roma,90,6.9,,0.0,,,61,47.0,,1.0,1.0,,,0,0,3.0,4.0
778,Bryan Cristante,AS Roma,M,AS Roma vs Napoli,62,6.6,,0.0,,,47,37.0,,1.0,1.0,2.0,,1,0,2.0,4.0
778,Bryan Cristante,AS Roma,M,Cagliari vs AS Roma,63,6.9,,0.0,,,43,31.0,,1.0,1.0,,,0,0,4.0,9.0
778,Bryan Cristante,AS Roma,M,AS Roma vs Como,90,7.2,,0.0,,,54,45.0,,4.0,,3.0,,0,0,5.0,12.0
778,Bryan Cristante,AS Roma,M,Juventus vs AS Roma,90,6.7,,0.0,,,73,64.0,,4.0,1.0,1.0,,1,0,5.0,16.0
778,Bryan Cristante,AS Roma,M,AS Roma vs Genoa,74,7.2,,0.0,1.0,1.0,60,50.0,,3.0,2.0,3.0,,0,0,5.0,9.0
778,Bryan Cristante,AS Roma,M,Atalanta vs AS Roma,90,6.7,,0.0,,,73,57.0,,3.0,1.0,3.0,1.0,0,0,7.0,18.0
778,Bryan Cristante,AS Roma,M,Lecce vs AS Roma,90,7.2,,0.0,2.0,,52,39.0,,6.0,,3.0,,1,0,9.0,18.0
778,Bryan Cristante,AS Roma,M,Torino vs AS Roma,90,6.9,,0.0,1.0,,64,51.0,,,2.0,,,0,0,4.0,10.0
778,Bryan Cristante,AS Roma,M,AS Roma vs AC Milan,90,8,,0.0,1.0,1.0,93,87.0,,,,2.0,,0,0,4.0,6.0
778,Bryan Cristante,AS Roma,M,Udinese vs AS Roma,90,7.2,,0.0,,,79,64.0,,2.0,1.0,4.0,1.0,0,0,11.0,19.0
778,Bryan Cristante,AS Roma,M,AS Roma vs Cagliari,84,7,,0.0,,,68,51.0,,1.0,1.0,3.0,,0,0,2.0,5.0
778,Bryan Cristante,AS Roma,M,Napoli vs AS Roma,90,6.9,,0.0,,,55,42.0,,2.0,,1.0,,0,0,5.0,9.0
778,Bryan Cristante,AS Roma,M,AS Roma vs Cremonese,90,9.2,1.0,1.0,3.0,1.0,60,47.0,,5.0,1.0,1.0,1.0,0,0,12.0,15.0
22147,Manu Koné,AS Roma,M,AS Roma vs Bologna,90,7,,0.0,1.0,,37,32.0,,2.0,,2.0,3.0,0,0,7.0,11.0
22147,Manu Koné,AS Roma,M,Pisa vs AS Roma,90,7.2,,0.0,,,54,48.0,,2.0,1.0,3.0,2.0,0,0,9.0,18.0
22147,Manu Koné,AS Roma,M,AS Roma vs Torino,90,6.9,,0.0,,,61,59.0,,1.0,2.0,2.0,3.0,0,0,5.0,12.0
22147,Manu Koné,AS Roma,M,Lazio vs AS Roma,90,7.5,,0.0,,,44,41.0,,,,1.0,4.0,0,0,7.0,12.0
22147,Manu Koné,AS Roma,M,AS Roma vs Hellas Verona,90,6.9,,0.0,1.0,,39,35.0,,4.0,,2.0,5.0,0,0,9.0,15.0
22147,Manu Koné,AS Roma,M,Fiorentina vs AS Roma,90,6.7,,0.0,,,44,41.0,,2.0,,2.0,3.0,0,0,5.0,12.0
22147,Manu Koné,AS Roma,M,AS Roma vs Inter,90,7.2,,0.0,,,48,45.0,,,,1.0,4.0,0,0,6.0,11.0
22147,Manu Koné,AS Roma,M,Sassuolo vs AS Roma,90,7.2,,0.0,,,48,46.0,,,,1.0,3.0,0,0,4.0,8.0
22147,Manu Koné,AS Roma,M,AS Roma vs Parma,90,6.6,,0.0,1.0,,58,51.0,,1.0,1.0,,,0,0,4.0,10.0
22147,Manu Koné,AS Roma,M,AC Milan vs AS Roma,90,6.7,,0.0,,,50,49.0,,2.0,,1.0,,0,0,3.0,7.0
22147,Manu Koné,AS Roma,M,AS Roma vs Udinese,90,7.3,,0.0,1.0,1.0,43,37.0,,4.0,,2.0,,0,0,4.0,8.0
22147,Manu Koné,AS Roma,M,Cremonese vs AS Roma,90,6.9,,1.0,,,46,41.0,,,2.0,2.0,1.0,0,0,2.0,6.0
22147,Manu Koné,AS Roma,M,AS Roma vs Napoli,90,6.9,,0.0,,,65,56.0,,2.0,,1.0,,0,0,3.0,5.0
22147,Manu Koné,AS Roma,M,Cagliari vs AS Roma,90,7,,0.0,,,45,41.0,,2.0,2.0,2.0,3.0,0,0,7.0,15.0
22147,Manu Koné,AS Roma,M,AS Roma vs Como,90,7.3,,0.0,,,47,39.0,,3.0,1.0,4.0,,0,0,4.0,8.0
22147,Manu Koné,AS Roma,M,Juventus vs AS Roma,90,7.2,,0.0,,,64,64.0,,5.0,1.0,2.0,1.0,1,0,7.0,15.0
22147,Manu Koné,AS Roma,M,AS Roma vs Genoa,90,7.7,1.0,0.0,1.0,1.0,62,57.0,,1.0,,2.0,2.0,0,0,6.0,12.0
22147,Manu Koné,AS Roma,M,Atalanta vs AS Roma,83,6.7,,0.0,1.0,,30,28.0,,1.0,,1.0,2.0,0,0,4.0,11.0
22147,Manu Koné,AS Roma,M,Lecce vs AS Roma,90,6.7,,0.0,,,38,29.0,,3.0,1.0,4.0,2.0,0,0,7.0,15.0
22147,Manu Koné,AS Roma,M,AS Roma vs Sassuolo,90,8.3,1.0,0.0,3.0,2.0,61,59.0,,3.0,,4.0,3.0,1,0,9.0,15.0
22147,Manu Koné,AS Roma,M,Torino vs AS Roma,90,7,,0.0,,,61,57.0,,2.0,3.0,,2.0,0,0,6.0,12.0
22147,Manu Koné,AS Roma,M,AS Roma vs AC Milan,59,7.2,,0.0,1.0,1.0,37,34.0,,1.0,1.0,2.0,1.0,0,0,4.0,8.0
22147,Manu Koné,AS Roma,M,AS Roma vs Cremonese,90,7.2,,0.0,2.0,,61,53.0,,2.0,,2.0,1.0,0,0,6.0,10.0
227,Angeliño,AS Roma,M,AS Roma vs Bologna,83,6.9,,0.0,,,32,21.0,,1.0,,,1.0,0,0,2.0,5.0
227,Angeliño,AS Roma,M,Pisa vs AS Roma,89,6.9,,0.0,1.0,1.0,57,45.0,,1.0,1.0,1.0,,0,0,2.0,7.0
227,Angeliño,AS Roma,M,AS Roma vs Torino,79,6.6,,0.0,,,42,35.0,,3.0,,1.0,,1,0,4.0,8.0
227,Angeliño,AS Roma,M,Lazio vs AS Roma,81,6.9,,0.0,2.0,1.0,37,28.0,,3.0,1.0,2.0,,0,0,3.0,8.0
227,Angeliño,AS Roma,M,AS Roma vs Hellas Verona,59,7.2,,0.0,,,23,18.0,,,,,1.0,0,0,3.0,4.0
323936,Matías Soulé,AS Roma,F,AS Roma vs Bologna,74,6.6,,0.0,2.0,,32,27.0,,,1.0,1.0,2.0,0,0,2.0,7.0
323936,Matías Soulé,AS Roma,F,Pisa vs AS Roma,89,8.7,1.0,0.0,4.0,3.0,44,37.0,,,1.0,1.0,3.0,0,0,11.0,17.0
323936,Matías Soulé,AS Roma,F,AS Roma vs Torino,90,7.7,,0.0,4.0,,48,43.0,,,,,3.0,0,0,3.0,3.0
323936,Matías Soulé,AS Roma,F,Lazio vs AS Roma,73,7.7,,1.0,1.0,1.0,25,19.0,,1.0,1.0,,,0,0,2.0,7.0
323936,Matías Soulé,AS Roma,F,AS Roma vs Hellas Verona,82,7.7,1.0,0.0,1.0,1.0,31,26.0,,1.0,,1.0,2.0,0,0,5.0,13.0
323936,Matías Soulé,AS Roma,F,Fiorentina vs AS Roma,81,7.9,1.0,1.0,1.0,1.0,38,31.0,,,1.0,,1.0,0,0,1.0,4.0
323936,Matías Soulé,AS Roma,F,AS Roma vs Inter,80,7.7,,0.0,1.0,1.0,36,32.0,,,,,4.0,0,0,5.0,11.0
323936,Matías Soulé,AS Roma,F,Sassuolo vs AS Roma,24,7,,0.0,,,11,10.0,,,,,3.0,0,0,4.0,7.0
323936,Matías Soulé,AS Roma,F,AS Roma vs Parma,73,6.9,,0.0,,,25,21.0,,1.0,,,,0,0,3.0,4.0
323936,Matías Soulé,AS Roma,F,AC Milan vs AS Roma,51,7.2,,0.0,2.0,1.0,19,19.0,,1.0,,,1.0,0,0,4.0,6.0
323936,Matías Soulé,AS Roma,F,AS Roma vs Udinese,74,6.3,,0.0,,,31,26.0,,,,,1.0,0,0,1.0,6.0
323936,Matías Soulé,AS Roma,F,Cremonese vs AS Roma,85,7,1.0,0.0,2.0,1.0,39,31.0,,,,,,0,0,1.0,10.0
323936,Matías Soulé,AS Roma,F,AS Roma vs Napoli,62,6.5,,0.0,1.0,,17,10.0,,,,,2.0,0,0,2.0,4.0
323936,Matías Soulé,AS Roma,F,Cagliari vs AS Roma,62,6.9,,0.0,1.0,1.0,13,9.0,,1.0,,,3.0,0,0,6.0,11.0
323936,Matías Soulé,AS Roma,F,AS Roma vs Como,82,6.9,,1.0,,,32,23.0,,1.0,,1.0,,0,0,5.0,15.0
323936,Matías Soulé,AS Roma,F,Juventus vs AS Roma,56,5.9,,0.0,,,22,20.0,,,,1.0,,1,0,,9.0
323936,Matías Soulé,AS Roma,F,AS Roma vs Genoa,57,7.7,1.0,0.0,2.0,2.0,32,25.0,,1.0,2.0,,,0,0,1.0,4.0
323936,Matías Soulé,AS Roma,F,Atalanta vs AS Roma,66,6.2,,0.0,1.0,1.0,22,17.0,,1.0,,,1.0,0,0,3.0,14.0
323936,Matías Soulé,AS Roma,F,Lecce vs AS Roma,11,6.7,,0.0,,,8,6.0,,1.0,,,,0,0,2.0,4.0
323936,Matías Soulé,AS Roma,F,AS Roma vs Sassuolo,88,9.2,1.0,1.0,3.0,1.0,60,55.0,,2.0,,,,0,0,5.0,15.0
323936,Matías Soulé,AS Roma,F,Torino vs AS Roma,38,6.7,,0.0,,,20,18.0,,2.0,,,1.0,0,0,5.0,14.0
323936,Matías Soulé,AS Roma,F,AS Roma vs AC Milan,85,7.2,,0.0,1.0,,55,45.0,,1.0,1.0,,,0,0,3.0,3.0
323936,Matías Soulé,AS Roma,F,Udinese vs AS Roma,79,6.9,,0.0,2.0,,37,32.0,,1.0,1.0,,2.0,0,0,3.0,6.0
323936,Matías Soulé,AS Roma,F,AS Roma vs Cagliari,84,6.9,,0.0,2.0,,35,31.0,,,1.0,,2.0,0,0,3.0,8.0
323936,Matías Soulé,AS Roma,F,Napoli vs AS Roma,45,6.5,,0.0,,,11,10.0,,,,,,0,0,2.0,7.0
791,Stephan El Shaarawy,AS Roma,F,AS Roma vs Bologna,60,6.2,,0.0,2.0,,22,18.0,,,1.0,3.0,,0,0,,5.0
791,Stephan El Shaarawy,AS Roma,F,Pisa vs AS Roma,45,6.7,,0.0,,,21,15.0,,1.0,,1.0,1.0,0,0,3.0,5.0
791,Stephan El Shaarawy,AS Roma,F,AS Roma vs Torino,11,6.9,,0.0,1.0,1.0,11,9.0,,2.0,,,1.0,0,0,4.0,4.0
791,Stephan El Shaarawy,AS Roma,F,AS Roma vs Hellas Verona,8,6.3,,0.0,1.0,1.0,3,3.0,,,,,,0,0,,4.0
791,Stephan El Shaarawy,AS Roma,F,AS Roma vs Udinese,16,6.7,,0.0,1.0,1.0,5,4.0,,,,,,0,0,,2.0
791,Stephan El Shaarawy,AS Roma,F,Cremonese vs AS Roma,30,6.9,,1.0,,,17,16.0,,,,,,0,0,1.0,2.0
791,Stephan El Shaarawy,AS Roma,F,AS Roma vs Napoli,8,6.2,,0.0,,,4,4.0,,,,1.0,,1,0,,3.0
791,Stephan El Shaarawy,AS Roma,F,AS Roma vs Como,17,6.2,,0.0,,,4,4.0,,,1.0,1.0,,1,0,,3.0
791,Stephan El Shaarawy,AS Roma,F,Juventus vs AS Roma,17,6.6,,0.0,,,25,22.0,,,,,,0,0,,
791,Stephan El Shaarawy,AS Roma,F,AS Roma vs Genoa,33,6.3,,0.0,2.0,1.0,23,19.0,,,,,,0,0,,4.0
791,Stephan El Shaarawy,AS Roma,F,Atalanta vs AS Roma,24,6.5,,0.0,,,13,11.0,,1.0,,,,0,0,1.0,4.0
791,Stephan El Shaarawy,AS Roma,F,Lecce vs AS Roma,60,6.9,,0.0,,,24,19.0,,1.0,2.0,1.0,1.0,0,0,5.0,10.0
791,Stephan El Shaarawy,AS Roma,F,AS Roma vs Sassuolo,51,7.5,,1.0,3.0,1.0,30,25.0,,2.0,1.0,,1.0,0,0,4.0,4.0
129643,Evan Ferguson,AS Roma,F,AS Roma vs Bologna,74,6.9,,0.0,3.0,2.0,13,11.0,,1.0,,2.0,2.0,0,0,5.0,10.0
129643,Evan Ferguson,AS Roma,F,Pisa vs AS Roma,73,5.9,,1.0,,,22,18.0,,2.0,,2.0,,1,0,4.0,16.0
129643,Evan Ferguson,AS Roma,F,AS Roma vs Torino,45,6.2,,0.0,2.0,,6,5.0,,1.0,,1.0,1.0,0,0,4.0,8.0
129643,Evan Ferguson,AS Roma,F,Lazio vs AS Roma,66,6.2,,0.0,2.0,1.0,15,11.0,,1.0,,2.0,,0,0,2.0,5.0
129643,Evan Ferguson,AS Roma,F,AS Roma vs Hellas Verona,30,6.9,,0.0,,,11,7.0,,,,,2.0,0,0,2.0,7.0
129643,Evan Ferguson,AS Roma,F,AS Roma vs Inter,10,6.3,,0.0,1.0,,2,,,,,,,0,0,1.0,2.0
129643,Evan Ferguson,AS Roma,F,AS Roma vs Parma,7,,,0.0,,,3,3.0,,,,,1.0,0,0,1.0,3.0
129643,Evan Ferguson,AS Roma,F,Cremonese vs AS Roma,30,7.7,1.0,0.0,1.0,1.0,9,9.0,,,,,,0,0,,1.0
129643,Evan Ferguson,AS Roma,F,AS Roma vs Napoli,45,6.2,,0.0,2.0,,10,9.0,,,,,,0,0,1.0,5.0
129643,Evan Ferguson,AS Roma,F,Cagliari vs AS Roma,28,6.3,,0.0,,,9,6.0,,,,1.0,1.0,0,0,3.0,11.0
129643,Evan Ferguson,AS Roma,F,AS Roma vs Como,90,6.9,,0.0,3.0,2.0,11,6.0,,,1.0,,,0,0,3.0,8.0
129643,Evan Ferguson,AS Roma,F,Juventus vs AS Roma,34,5.9,,0.0,2.0,2.0,11,7.0,,,,,,0,0,2.0,6.0
129643,Evan Ferguson,AS Roma,F,AS Roma vs Genoa,85,6.2,1.0,1.0,3.0,2.0,18,16.0,,,,2.0,,0,0,,15.0
129643,Evan Ferguson,AS Roma,F,Atalanta vs AS Roma,60,6.3,,0.0,3.0,3.0,11,7.0,,,,,1.0,0,0,2.0,9.0
129643,Evan Ferguson,AS Roma,F,Lecce vs AS Roma,60,7.9,1.0,0.0,2.0,2.0,11,9.0,,2.0,,,,0,0,3.0,4.0
129643,Evan Ferguson,AS Roma,F,AS Roma vs Sassuolo,39,6.3,,0.0,1.0,,3,3.0,,,,1.0,1.0,0,0,1.0,2.0
277003,Neil El Aynaoui,AS Roma,M,AS Roma vs Bologna,30,6.6,,0.0,,,10,8.0,,,1.0,,1.0,0,0,1.0,1.0
277003,Neil El Aynaoui,AS Roma,M,AS Roma vs Torino,45,6.3,,0.0,,,17,17.0,,,1.0,,,0,0,,1.0
277003,Neil El Aynaoui,AS Roma,M,Lazio vs AS Roma,9,6.2,,0.0,,,1,,,,,1.0,,0,0,,1.0
277003,Neil El Aynaoui,AS Roma,M,Fiorentina vs AS Roma,9,6.7,,0.0,,,4,4.0,,,,,,0,0,,
277003,Neil El Aynaoui,AS Roma,M,Sassuolo vs AS Roma,90,6.9,,0.0,1.0,1.0,41,37.0,,3.0,,2.0,,0,0,3.0,6.0
277003,Neil El Aynaoui,AS Roma,M,AS Roma vs Parma,45,6.3,,0.0,,,26,22.0,,,1.0,1.0,,0,0,,2.0
277003,Neil El Aynaoui,AS Roma,M,AC Milan vs AS Roma,51,6.6,,0.0,2.0,1.0,30,27.0,,3.0,,2.0,,1,0,4.0,8.0
277003,Neil El Aynaoui,AS Roma,M,AS Roma vs Udinese,16,6.6,,0.0,,,10,10.0,,,1.0,,,0,0,,1.0
277003,Neil El Aynaoui,AS Roma,M,Cremonese vs AS Roma,45,6.3,,1.0,,,17,16.0,,1.0,1.0,2.0,,1,0,2.0,6.0
277003,Neil El Aynaoui,AS Roma,M,AS Roma vs Napoli,28,6.9,,0.0,,,32,31.0,,,,,1.0,0,0,1.0,2.0
277003,Neil El Aynaoui,AS Roma,M,Cagliari vs AS Roma,27,6.3,,0.0,,,16,11.0,,,,,,0,0,1.0,2.0
277003,Neil El Aynaoui,AS Roma,M,Udinese vs AS Roma,78,6.7,,0.0,,,52,51.0,,2.0,2.0,1.0,2.0,1,0,4.0,8.0
277003,Neil El Aynaoui,AS Roma,M,AS Roma vs Cagliari,10,6.3,,0.0,1.0,1.0,4,4.0,,,,1.0,,0,0,,1.0
277003,Neil El Aynaoui,AS Roma,M,Napoli vs AS Roma,25,6.3,,0.0,,,5,4.0,,2.0,,2.0,,0,0,2.0,6.0
277003,Neil El Aynaoui,AS Roma,M,AS Roma vs Cremonese,45,7.3,,0.0,,,42,37.0,,,1.0,1.0,,1,0,5.0,7.0
875,Paulo Dybala,AS Roma,F,AS Roma vs Bologna,16,6.3,,0.0,1.0,1.0,5,5.0,,,,,,0,0,,4.0
875,Paulo Dybala,AS Roma,F,Pisa vs AS Roma,45,7.3,,0.0,,,26,24.0,,1.0,,,2.0,0,0,5.0,9.0
875,Paulo Dybala,AS Roma,F,AS Roma vs Torino,45,6.3,,0.0,,,26,21.0,,,,,2.0,0,0,3.0,7.0
875,Paulo Dybala,AS Roma,F,Fiorentina vs AS Roma,31,6.7,,0.0,1.0,1.0,14,13.0,,,,,1.0,0,0,2.0,6.0
875,Paulo Dybala,AS Roma,F,AS Roma vs Inter,73,7.3,,0.0,2.0,2.0,26,26.0,,,1.0,1.0,1.0,0,0,2.0,5.0
875,Paulo Dybala,AS Roma,F,Sassuolo vs AS Roma,66,6.9,1.0,0.0,2.0,1.0,28,22.0,,,,2.0,1.0,0,0,1.0,4.0
875,Paulo Dybala,AS Roma,F,AS Roma vs Parma,90,7.3,,1.0,3.0,2.0,39,26.0,,1.0,,,1.0,0,0,6.0,11.0
875,Paulo Dybala,AS Roma,F,AC Milan vs AS Roma,84,5.7,,0.0,3.0,1.0,27,22.0,,,,,1.0,0,0,2.0,6.0
875,Paulo Dybala,AS Roma,F,AS Roma vs Napoli,28,6.3,,0.0,,,13,10.0,,,,1.0,,0,0,,2.0
875,Paulo Dybala,AS Roma,F,Cagliari vs AS Roma,28,6.5,,0.0,,,4,3.0,,,,1.0,,0,0,1.0,4.0
875,Paulo Dybala,AS Roma,F,Juventus vs AS Roma,56,5.7,,0.0,2.0,1.0,19,17.0,,1.0,,,2.0,0,0,3.0,6.0
875,Paulo Dybala,AS Roma,F,AS Roma vs Genoa,90,6.6,,0.0,2.0,1.0,67,57.0,,1.0,,2.0,3.0,0,0,4.0,9.0
875,Paulo Dybala,AS Roma,F,Atalanta vs AS Roma,90,6.2,,0.0,1.0,,37,30.0,,,,,1.0,0,0,2.0,6.0
875,Paulo Dybala,AS Roma,F,Lecce vs AS Roma,79,6.2,,0.0,1.0,,43,29.0,,1.0,1.0,2.0,3.0,0,0,6.0,12.0
875,Paulo Dybala,AS Roma,F,AS Roma vs Sassuolo,90,7.7,,0.0,3.0,2.0,56,50.0,,1.0,,1.0,3.0,0,0,7.0,16.0
875,Paulo Dybala,AS Roma,F,Torino vs AS Roma,76,7.9,1.0,1.0,3.0,2.0,46,40.0,,,,1.0,2.0,0,0,3.0,8.0
875,Paulo Dybala,AS Roma,F,AS Roma vs AC Milan,69,6.9,,0.0,,,36,28.0,,1.0,,,2.0,0,0,4.0,8.0
15811,Artem Dovbyk,AS Roma,F,AS Roma vs Bologna,16,6.9,,0.0,,,8,5.0,,,,,1.0,0,0,4.0,4.0
15811,Artem Dovbyk,AS Roma,F,Pisa vs AS Roma,17,6.3,,0.0,1.0,1.0,9,6.0,,1.0,,1.0,1.0,0,0,4.0,6.0
15811,Artem Dovbyk,AS Roma,F,Lazio vs AS Roma,24,6.2,,0.0,1.0,,7,5.0,,,,1.0,,0,0,1.0,5.0
15811,Artem Dovbyk,AS Roma,F,AS Roma vs Hellas Verona,60,7.3,1.0,0.0,1.0,1.0,13,8.0,,,1.0,1.0,,0,0,4.0,11.0
15811,Artem Dovbyk,AS Roma,F,Fiorentina vs AS Roma,59,5.9,,1.0,2.0,,12,10.0,,1.0,,3.0,2.0,0,0,3.0,8.0
15811,Artem Dovbyk,AS Roma,F,AS Roma vs Inter,35,6.2,,0.0,2.0,1.0,4,3.0,,,,2.0,,0,0,,2.0
15811,Artem Dovbyk,AS Roma,F,Sassuolo vs AS Roma,40,6.3,,0.0,,,8,6.0,,,,1.0,,0,0,3.0,5.0
15811,Artem Dovbyk,AS Roma,F,AS Roma vs Parma,17,7.3,1.0,0.0,1.0,1.0,5,4.0,,,,1.0,,0,0,1.0,3.0
15811,Artem Dovbyk,AS Roma,F,AC Milan vs AS Roma,13,6.3,,0.0,,,1,1.0,,,,,,0,0,,
15811,Artem Dovbyk,AS Roma,F,AS Roma vs Udinese,42,6.3,,0.0,,,1,,,,,,,0,0,1.0,2.0
15811,Artem Dovbyk,AS Roma,F,AS Roma vs Genoa,9,6.5,,0.0,,,4,2.0,,,,,,0,0,,
15811,Artem Dovbyk,AS Roma,F,Atalanta vs AS Roma,30,6.3,,0.0,,,5,4.0,,1.0,,1.0,2.0,0,0,3.0,7.0
15811,Artem Dovbyk,AS Roma,F,Lecce vs AS Roma,26,7,1.0,0.0,1.0,1.0,7,6.0,,,,,,0,0,2.0,3.0
162452,Devyne Rensch,AS Roma,D,AS Roma vs Bologna,8,6.9,,0.0,,,4,3.0,,1.0,,,1.0,0,0,3.0,4.0
162452,Devyne Rensch,AS Roma,D,Lazio vs AS Roma,90,7.3,,0.0,1.0,1.0,38,24.0,,4.0,,,2.0,0,0,7.0,10.0
162452,Devyne Rensch,AS Roma,D,Fiorentina vs AS Roma,23,6.6,,0.0,,,9,7.0,,1.0,,1.0,1.0,0,0,2.0,3.0
162452,Devyne Rensch,AS Roma,D,Sassuolo vs AS Roma,9,6.7,,0.0,,,3,2.0,,,,,,0,0,,
162452,Devyne Rensch,AS Roma,D,AS Roma vs Parma,4,,,0.0,,,0,,,,,,,0,0,,
162452,Devyne Rensch,AS Roma,D,Cagliari vs AS Roma,37,6.2,,0.0,,,9,7.0,,2.0,1.0,1.0,1.0,0,0,3.0,6.0
162452,Devyne Rensch,AS Roma,D,AS Roma vs Como,90,7,,0.0,,,30,26.0,,3.0,1.0,,1.0,0,0,4.0,7.0
162452,Devyne Rensch,AS Roma,D,Juventus vs AS Roma,90,6.9,,0.0,,,66,62.0,,1.0,1.0,,1.0,0,0,3.0,4.0
162452,Devyne Rensch,AS Roma,D,AS Roma vs Genoa,9,6.2,,0.0,,,3,3.0,,1.0,,,,0,0,1.0,1.0
162452,Devyne Rensch,AS Roma,D,Atalanta vs AS Roma,59,6.3,,0.0,1.0,,25,18.0,,1.0,,,,0,0,3.0,5.0
162452,Devyne Rensch,AS Roma,D,AS Roma vs Sassuolo,8,6.6,,0.0,,,6,5.0,,1.0,,,,0,0,1.0,2.0
162452,Devyne Rensch,AS Roma,D,Torino vs AS Roma,76,6.3,,1.0,,,36,22.0,,1.0,,1.0,,0,0,3.0,6.0
2998,Łukasz Skorupski,Bologna,G,AS Roma vs Bologna,90,7,,0.0,,,66,51.0,,,,,,0,0,,
2998,Łukasz Skorupski,Bologna,G,Bologna vs Como,90,6.9,,0.0,,,34,24.0,,,,,,0,0,,
2998,Łukasz Skorupski,Bologna,G,AC Milan vs Bologna,90,6.6,,0.0,,,58,48.0,,,,,1.0,1,0,1.0,1.0
2998,Łukasz Skorupski,Bologna,G,Bologna vs Genoa,90,7.3,,0.0,,,42,34.0,,,,,,0,0,,
2998,Łukasz Skorupski,Bologna,G,Lecce vs Bologna,90,6.6,,0.0,,,36,27.0,,,,,1.0,0,0,1.0,1.0
2998,Łukasz Skorupski,Bologna,G,Bologna vs Pisa,90,6.9,,0.0,,,28,25.0,,,,,1.0,0,0,1.0,1.0
2998,Łukasz Skorupski,Bologna,G,Fiorentina vs Bologna,90,6.2,,0.0,,,46,26.0,,,,,,0,0,,
2998,Łukasz Skorupski,Bologna,G,Bologna vs Torino,90,7.2,,0.0,,,41,38.0,,,,,,0,0,,
2998,Łukasz Skorupski,Bologna,G,Parma vs Bologna,90,6.5,,0.0,,,25,18.0,,,,,,0,0,,
2998,Łukasz Skorupski,Bologna,G,Bologna vs Napoli,8,6.5,,0.0,,,3,1.0,,,,,,0,0,,
2998,Łukasz Skorupski,Bologna,G,Genoa vs Bologna,56,5.9,,0.0,,,18,13.0,,,,1.0,1.0,0,1,1.0,2.0
2998,Łukasz Skorupski,Bologna,G,Bologna vs Parma,90,6.2,,0.0,,,24,10.0,,,,,,0,0,1.0,1.0
2998,Łukasz Skorupski,Bologna,G,Torino vs Bologna,90,7.2,,0.0,,,42,29.0,,,,,2.0,0,0,3.0,3.0
2998,Łukasz Skorupski,Bologna,G,Bologna vs Udinese,90,7.5,,0.0,,,21,14.0,,,,,1.0,0,0,1.0,1.0
30498,Lorenzo De Silvestri,Bologna,D,AS Roma vs Bologna,72,6.7,,0.0,,,23,18.0,,,,,1.0,0,0,1.0,1.0
30498,Lorenzo De Silvestri,Bologna,D,Bologna vs Genoa,59,6.6,,0.0,,,16,12.0,,,2.0,1.0,,0,0,1.0,3.0
30498,Lorenzo De Silvestri,Bologna,D,Lecce vs Bologna,13,6.2,,0.0,,,1,,,,,,,0,0,,
30498,Lorenzo De Silvestri,Bologna,D,Cagliari vs Bologna,8,6.3,,0.0,,,0,,,,,,,0,0,,
30498,Lorenzo De Silvestri,Bologna,D,Udinese vs Bologna,63,6.9,,0.0,,,22,19.0,,,1.0,2.0,,1,0,,2.0
30498,Lorenzo De Silvestri,Bologna,D,Lazio vs Bologna,51,7,,0.0,,,42,38.0,,1.0,,2.0,,0,0,1.0,3.0
30498,Lorenzo De Silvestri,Bologna,D,Bologna vs Juventus,17,7,,0.0,,,7,7.0,,,,,,1,0,1.0,1.0
31099,Nicolò Casale,Bologna,D,AS Roma vs Bologna,45,6.6,,0.0,,,23,16.0,,,1.0,,1.0,0,0,2.0,4.0
31099,Nicolò Casale,Bologna,D,Fiorentina vs Bologna,13,6.2,,0.0,,,3,,,,,,,0,0,,1.0
31099,Nicolò Casale,Bologna,D,Bologna vs Napoli,9,6.6,,0.0,,,5,5.0,,,,,,0,0,,
31099,Nicolò Casale,Bologna,D,Udinese vs Bologna,90,7.2,,0.0,,,34,28.0,,1.0,,3.0,1.0,0,0,6.0,13.0
31099,Nicolò Casale,Bologna,D,Bologna vs Cremonese,45,6,,0.0,2.0,,30,23.0,,,2.0,,,0,0,6.0,8.0
31099,Nicolò Casale,Bologna,D,Lazio vs Bologna,39,6.3,,0.0,,,25,18.0,,,,1.0,,0,0,,1.0
31099,Nicolò Casale,Bologna,D,Como vs Bologna,14,6.3,,0.0,,,2,2.0,,,1.0,,,0,0,1.0,1.0
31099,Nicolò Casale,Bologna,D,Bologna vs Fiorentina,90,6.6,,0.0,,,59,57.0,,,,1.0,1.0,0,0,3.0,5.0
31099,Nicolò Casale,Bologna,D,Genoa vs Bologna,90,6,,0.0,,,27,21.0,,2.0,1.0,1.0,,0,0,6.0,12.0
31099,Nicolò Casale,Bologna,D,Bologna vs AC Milan,90,7,,0.0,1.0,,48,46.0,,3.0,1.0,2.0,1.0,0,0,10.0,14.0
1929,Jhon Lucumí,Bologna,D,AS Roma vs Bologna,90,6.2,,0.0,,,62,56.0,,1.0,1.0,2.0,,0,0,2.0,4.0
1929,Jhon Lucumí,Bologna,D,Bologna vs Como,45,7,,0.0,,,13,9.0,,,1.0,1.0,,1,0,1.0,4.0
1929,Jhon Lucumí,Bologna,D,AC Milan vs Bologna,90,7,,0.0,,,80,69.0,,5.0,1.0,2.0,1.0,0,0,8.0,12.0
1929,Jhon Lucumí,Bologna,D,Bologna vs Genoa,18,6.7,,0.0,,,8,6.0,,,,,,0,0,,2.0
1929,Jhon Lucumí,Bologna,D,Lecce vs Bologna,90,6.5,,0.0,,,87,79.0,,2.0,,,,0,0,3.0,6.0
1929,Jhon Lucumí,Bologna,D,Bologna vs Pisa,90,7.5,,0.0,,,65,58.0,,,,,2.0,0,0,3.0,5.0
1929,Jhon Lucumí,Bologna,D,Fiorentina vs Bologna,90,6.2,,0.0,,,36,29.0,,,4.0,1.0,,1,0,1.0,4.0
1929,Jhon Lucumí,Bologna,D,Bologna vs Torino,90,7.9,,0.0,,,100,95.0,,1.0,,,1.0,0,0,2.0,5.0
1929,Jhon Lucumí,Bologna,D,Parma vs Bologna,90,7.2,,0.0,,,68,62.0,,1.0,1.0,1.0,2.0,0,0,4.0,8.0
1929,Jhon Lucumí,Bologna,D,Bologna vs Napoli,90,8.7,1.0,0.0,2.0,1.0,43,39.0,,3.0,1.0,,2.0,0,0,8.0,10.0
1929,Jhon Lucumí,Bologna,D,Bologna vs Cremonese,90,6.7,,0.0,2.0,1.0,70,61.0,,1.0,1.0,1.0,,0,0,3.0,7.0
1929,Jhon Lucumí,Bologna,D,Bologna vs Juventus,81,7.3,,0.0,,,53,47.0,,3.0,3.0,,,0,0,4.0,4.0
1929,Jhon Lucumí,Bologna,D,Bologna vs Sassuolo,90,6.2,,0.0,,,70,63.0,,1.0,,1.0,1.0,0,0,3.0,8.0
1929,Jhon Lucumí,Bologna,D,Inter vs Bologna,45,6,,0.0,,,24,19.0,,,3.0,2.0,,0,0,,4.0
1929,Jhon Lucumí,Bologna,D,Como vs Bologna,26,6.7,,0.0,,,18,16.0,,1.0,,,,0,0,1.0,1.0
1929,Jhon Lucumí,Bologna,D,Bologna vs Parma,90,6.9,,0.0,2.0,,48,41.0,,3.0,2.0,1.0,,1,0,4.0,6.0
1929,Jhon Lucumí,Bologna,D,Torino vs Bologna,90,7,,0.0,,,62,55.0,,,1.0,,2.0,0,0,4.0,5.0
1929,Jhon Lucumí,Bologna,D,Bologna vs Udinese,90,8,,0.0,,,52,47.0,,4.0,2.0,,,0,0,9.0,12.0
30553,Charalampos Lykogiannis,Bologna,D,AS Roma vs Bologna,90,7,,0.0,,,44,35.0,,3.0,,,,0,0,6.0,6.0
30553,Charalampos Lykogiannis,Bologna,D,Bologna vs Como,82,7.2,,0.0,,,19,9.0,,1.0,,,,0,0,2.0,5.0
30553,Charalampos Lykogiannis,Bologna,D,AC Milan vs Bologna,62,6,,0.0,,,27,21.0,,,,2.0,,0,0,1.0,4.0
30553,Charalampos Lykogiannis,Bologna,D,Cagliari vs Bologna,30,6.6,,0.0,,,13,11.0,,1.0,2.0,3.0,,1,0,2.0,5.0
30553,Charalampos Lykogiannis,Bologna,D,Bologna vs Torino,90,7.3,,0.0,2.0,1.0,72,64.0,,2.0,1.0,2.0,,1,0,3.0,12.0
30553,Charalampos Lykogiannis,Bologna,D,Inter vs Bologna,90,6.7,,1.0,,,22,16.0,,6.0,1.0,1.0,,1,0,6.0,10.0
30553,Charalampos Lykogiannis,Bologna,D,Genoa vs Bologna,90,6,,0.0,1.0,1.0,48,34.0,,,1.0,,1.0,0,0,2.0,4.0
30553,Charalampos Lykogiannis,Bologna,D,Bologna vs AC Milan,12,6.7,,0.0,,,13,9.0,,,,,,0,0,,
30553,Charalampos Lykogiannis,Bologna,D,Bologna vs Parma,68,7,,0.0,1.0,,30,25.0,,1.0,,,,0,0,3.0,4.0
2807,Remo Freuler,Bologna,M,AS Roma vs Bologna,80,6.6,,0.0,,,45,37.0,,4.0,,1.0,1.0,1,0,5.0,8.0
2807,Remo Freuler,Bologna,M,Bologna vs Como,90,7.5,,0.0,,,23,15.0,,5.0,,,3.0,0,0,10.0,12.0
2807,Remo Freuler,Bologna,M,AC Milan vs Bologna,90,6.5,,0.0,,,52,47.0,,1.0,1.0,1.0,1.0,0,0,2.0,7.0
2807,Remo Freuler,Bologna,M,Bologna vs Genoa,90,6.9,,0.0,,,53,42.0,,6.0,1.0,3.0,1.0,0,0,8.0,15.0
2807,Remo Freuler,Bologna,M,Bologna vs Pisa,90,7.6,,0.0,,,89,81.0,,5.0,1.0,1.0,,0,0,6.0,12.0
2807,Remo Freuler,Bologna,M,Cagliari vs Bologna,77,7.5,,0.0,,,63,54.0,,3.0,1.0,,2.0,0,0,5.0,5.0
2807,Remo Freuler,Bologna,M,Fiorentina vs Bologna,90,6.6,,0.0,,,34,29.0,,2.0,,1.0,,1,0,3.0,5.0
2807,Remo Freuler,Bologna,M,Bologna vs Torino,23,6.7,,0.0,,,16,11.0,,3.0,,1.0,,0,0,3.0,5.0
2807,Remo Freuler,Bologna,M,Parma vs Bologna,56,6.7,,0.0,,,36,34.0,,,,,,0,0,,2.0
2807,Remo Freuler,Bologna,M,Inter vs Bologna,11,6.9,,0.0,,,11,11.0,,,,,,0,0,,
2807,Remo Freuler,Bologna,M,Bologna vs Atalanta,72,6.9,,0.0,,,38,32.0,,1.0,,1.0,1.0,0,0,2.0,6.0
2807,Remo Freuler,Bologna,M,Como vs Bologna,76,6.9,,0.0,,,23,17.0,,1.0,1.0,,1.0,1,0,2.0,6.0
2807,Remo Freuler,Bologna,M,Hellas Verona vs Bologna,90,6,,1.0,,,79,68.0,,,1.0,1.0,,0,0,,3.0
2807,Remo Freuler,Bologna,M,Bologna vs Fiorentina,45,6.2,,0.0,,,32,31.0,,,,,,0,0,,1.0
2807,Remo Freuler,Bologna,M,Genoa vs Bologna,90,6.9,,0.0,1.0,,55,47.0,,3.0,,1.0,2.0,0,0,7.0,11.0
2807,Remo Freuler,Bologna,M,Bologna vs AC Milan,65,6.5,,0.0,,,42,39.0,,2.0,,1.0,,1,0,2.0,6.0
2807,Remo Freuler,Bologna,M,Bologna vs Parma,90,7.2,,0.0,,,52,45.0,,2.0,,1.0,1.0,0,0,3.0,6.0
2807,Remo Freuler,Bologna,M,Torino vs Bologna,90,6.9,,0.0,,,59,52.0,,1.0,2.0,,1.0,0,0,3.0,3.0
2807,Remo Freuler,Bologna,M,Bologna vs Udinese,90,7.5,,0.0,,,33,26.0,,8.0,1.0,2.0,1.0,0,0,11.0,14.0
31273,Tommaso Pobega,Bologna,M,AS Roma vs Bologna,90,6.6,,0.0,1.0,,26,21.0,,,1.0,,1.0,0,0,3.0,6.0
31273,Tommaso Pobega,Bologna,M,Bologna vs Como,25,6.3,,0.0,,,4,4.0,,,1.0,1.0,,1,0,1.0,4.0
31273,Tommaso Pobega,Bologna,M,Bologna vs Pisa,17,6.7,,0.0,,,10,8.0,,,1.0,,,0,0,,1.0
31273,Tommaso Pobega,Bologna,M,Cagliari vs Bologna,13,6.3,,0.0,1.0,1.0,5,4.0,,,,,,0,0,,
31273,Tommaso Pobega,Bologna,M,Fiorentina vs Bologna,13,6.2,,0.0,,,1,1.0,,,,1.0,,0,0,,1.0
31273,Tommaso Pobega,Bologna,M,Parma vs Bologna,90,6,,0.0,2.0,1.0,27,19.0,,2.0,1.0,1.0,,0,0,3.0,9.0
31273,Tommaso Pobega,Bologna,M,Bologna vs Napoli,81,6.7,,0.0,,,19,16.0,,,1.0,1.0,,0,0,,2.0
31273,Tommaso Pobega,Bologna,M,Udinese vs Bologna,90,9.3,2.0,0.0,3.0,2.0,32,25.0,,4.0,2.0,3.0,1.0,0,0,9.0,16.0
31273,Tommaso Pobega,Bologna,M,Bologna vs Cremonese,90,6.9,,0.0,4.0,1.0,32,25.0,,4.0,1.0,3.0,1.0,0,0,8.0,15.0
31273,Tommaso Pobega,Bologna,M,Lazio vs Bologna,90,6.9,,0.0,1.0,1.0,32,21.0,,2.0,1.0,1.0,1.0,0,0,5.0,7.0
31273,Tommaso Pobega,Bologna,M,Bologna vs Juventus,90,6.5,,0.0,1.0,1.0,19,12.0,,3.0,4.0,1.0,,0,0,4.0,7.0
31273,Tommaso Pobega,Bologna,M,Bologna vs Sassuolo,90,7.3,,0.0,1.0,1.0,48,39.0,,4.0,2.0,6.0,4.0,0,0,10.0,18.0
31273,Tommaso Pobega,Bologna,M,Inter vs Bologna,45,6.3,,0.0,,,26,17.0,,1.0,1.0,2.0,1.0,0,0,2.0,5.0
31273,Tommaso Pobega,Bologna,M,Como vs Bologna,84,6.2,,0.0,1.0,,23,15.0,,1.0,,1.0,,0,0,2.0,7.0
31273,Tommaso Pobega,Bologna,M,Hellas Verona vs Bologna,66,6.9,,1.0,2.0,,34,25.0,,1.0,,,2.0,0,0,7.0,10.0
31273,Tommaso Pobega,Bologna,M,Bologna vs Fiorentina,72,6.2,,0.0,,,28,23.0,,4.0,,3.0,,0,0,4.0,11.0
31273,Tommaso Pobega,Bologna,M,Bologna vs Parma,22,3.9,,0.0,,,9,8.0,,,,1.0,,0,1,1.0,3.0
31273,Tommaso Pobega,Bologna,M,Bologna vs Udinese,56,6.9,,0.0,2.0,1.0,12,8.0,,3.0,2.0,3.0,,0,0,3.0,6.0
30488,Riccardo Orsolini,Bologna,M,AS Roma vs Bologna,90,6.3,,0.0,3.0,1.0,21,11.0,,3.0,,2.0,1.0,0,0,9.0,17.0
30488,Riccardo Orsolini,Bologna,M,Bologna vs Como,90,8.5,1.0,0.0,2.0,2.0,17,12.0,,3.0,,,3.0,0,0,6.0,8.0
30488,Riccardo Orsolini,Bologna,M,AC Milan vs Bologna,74,6.7,,0.0,,,11,5.0,,1.0,1.0,,1.0,0,0,4.0,6.0
30488,Riccardo Orsolini,Bologna,M,Bologna vs Genoa,90,7,1.0,0.0,5.0,3.0,25,15.0,,,1.0,,4.0,0,0,7.0,12.0
30488,Riccardo Orsolini,Bologna,M,Lecce vs Bologna,62,6.6,1.0,0.0,3.0,2.0,11,7.0,,,1.0,1.0,,0,0,2.0,7.0
30488,Riccardo Orsolini,Bologna,M,Bologna vs Pisa,45,7.6,1.0,0.0,3.0,2.0,8,8.0,,,1.0,1.0,,0,0,1.0,2.0
30488,Riccardo Orsolini,Bologna,M,Cagliari vs Bologna,31,7.7,1.0,0.0,2.0,1.0,8,5.0,,,,1.0,1.0,0,0,1.0,3.0
30488,Riccardo Orsolini,Bologna,M,Fiorentina vs Bologna,77,6.7,,0.0,,,21,12.0,,,,2.0,1.0,0,0,5.0,9.0
30488,Riccardo Orsolini,Bologna,M,Bologna vs Torino,23,6.3,,0.0,,,8,5.0,,,,,1.0,0,0,2.0,3.0
30488,Riccardo Orsolini,Bologna,M,Parma vs Bologna,82,7.7,,0.0,4.0,1.0,29,22.0,,1.0,1.0,1.0,1.0,0,0,10.0,11.0
30488,Riccardo Orsolini,Bologna,M,Bologna vs Napoli,81,6.3,,0.0,1.0,1.0,23,16.0,,,,1.0,1.0,1,0,3.0,6.0
30488,Riccardo Orsolini,Bologna,M,Udinese vs Bologna,78,5.9,,1.0,2.0,1.0,20,12.0,,,,,1.0,0,0,3.0,9.0
30488,Riccardo Orsolini,Bologna,M,Bologna vs Cremonese,79,7.2,1.0,0.0,6.0,2.0,21,18.0,,,,,1.0,0,0,2.0,4.0
30488,Riccardo Orsolini,Bologna,M,Lazio vs Bologna,64,6.5,,0.0,1.0,,16,12.0,,1.0,,3.0,1.0,0,0,4.0,10.0
30488,Riccardo Orsolini,Bologna,M,Bologna vs Juventus,90,6.6,,0.0,3.0,2.0,31,22.0,,,,,2.0,0,0,5.0,13.0
30488,Riccardo Orsolini,Bologna,M,Bologna vs Sassuolo,71,6.5,,0.0,2.0,1.0,23,16.0,,,,1.0,2.0,0,0,4.0,8.0
30488,Riccardo Orsolini,Bologna,M,Inter vs Bologna,22,6.9,,0.0,,,3,2.0,,,,,3.0,0,0,4.0,5.0
30488,Riccardo Orsolini,Bologna,M,Bologna vs Atalanta,45,6.5,,0.0,,,10,7.0,,1.0,,,1.0,0,0,3.0,8.0
30488,Riccardo Orsolini,Bologna,M,Hellas Verona vs Bologna,89,8.2,1.0,0.0,2.0,1.0,33,25.0,,,,1.0,2.0,1,0,5.0,8.0
30488,Riccardo Orsolini,Bologna,M,Bologna vs Fiorentina,45,6.5,,0.0,,,13,11.0,,1.0,,,1.0,0,0,2.0,5.0
30488,Riccardo Orsolini,Bologna,M,Bologna vs AC Milan,53,6.3,,0.0,,,13,9.0,,,,,,0,0,2.0,4.0
30488,Riccardo Orsolini,Bologna,M,Bologna vs Parma,12,6.9,,0.0,2.0,1.0,5,5.0,,,,,,0,0,1.0,1.0
30488,Riccardo Orsolini,Bologna,M,Torino vs Bologna,13,6.5,,0.0,,,1,1.0,,,,,,0,0,,2.0
30488,Riccardo Orsolini,Bologna,M,Bologna vs Udinese,56,7.2,,0.0,1.0,1.0,17,11.0,,1.0,,,2.0,0,0,4.0,7.0
30542,Jens Odgaard,Bologna,M,AS Roma vs Bologna,72,6.3,,0.0,1.0,1.0,12,8.0,,,1.0,,1.0,0,0,3.0,7.0
30542,Jens Odgaard,Bologna,M,Bologna vs Como,25,6.6,,0.0,,,3,1.0,,,,1.0,2.0,0,0,3.0,6.0
30542,Jens Odgaard,Bologna,M,AC Milan vs Bologna,16,6.7,,0.0,,,1,1.0,,2.0,,,,0,0,2.0,4.0
30542,Jens Odgaard,Bologna,M,Lecce vs Bologna,21,7.7,1.0,0.0,1.0,1.0,8,6.0,,,,,,0,0,1.0,4.0
30542,Jens Odgaard,Bologna,M,Bologna vs Pisa,56,7,1.0,0.0,2.0,1.0,13,12.0,,,,4.0,2.0,0,0,3.0,13.0
30542,Jens Odgaard,Bologna,M,Cagliari vs Bologna,90,6.6,,1.0,2.0,1.0,19,14.0,,2.0,,2.0,,0,0,5.0,13.0
30542,Jens Odgaard,Bologna,M,Bologna vs Torino,82,6.2,,0.0,,,17,15.0,,2.0,,2.0,1.0,1,0,3.0,12.0
30542,Jens Odgaard,Bologna,M,Parma vs Bologna,72,6.2,,0.0,4.0,,9,7.0,,,,1.0,2.0,0,0,3.0,7.0
30542,Jens Odgaard,Bologna,M,Bologna vs Napoli,61,6.3,,0.0,,,9,6.0,,1.0,,1.0,,0,0,2.0,5.0
30542,Jens Odgaard,Bologna,M,Udinese vs Bologna,11,6.3,,0.0,,,3,2.0,,,,,1.0,0,0,1.0,3.0
30542,Jens Odgaard,Bologna,M,Bologna vs Cremonese,75,6.3,,0.0,,,29,20.0,,1.0,1.0,2.0,2.0,0,0,7.0,12.0
30542,Jens Odgaard,Bologna,M,Lazio vs Bologna,90,7.3,1.0,0.0,3.0,2.0,14,10.0,,2.0,,1.0,2.0,0,0,5.0,9.0
30542,Jens Odgaard,Bologna,M,Bologna vs Sassuolo,12,6.6,,0.0,,,4,4.0,,,1.0,1.0,,0,0,2.0,3.0
30542,Jens Odgaard,Bologna,M,Inter vs Bologna,79,6.3,,0.0,2.0,,9,5.0,,,,1.0,1.0,0,0,3.0,8.0
30542,Jens Odgaard,Bologna,M,Hellas Verona vs Bologna,79,7.6,1.0,0.0,1.0,1.0,23,16.0,,1.0,1.0,1.0,,0,0,8.0,15.0
30542,Jens Odgaard,Bologna,M,Bologna vs Fiorentina,45,6.7,,0.0,,,10,5.0,,,,,4.0,0,0,5.0,6.0
30542,Jens Odgaard,Bologna,M,Genoa vs Bologna,73,6.5,,0.0,,,20,13.0,,2.0,,2.0,1.0,0,0,7.0,14.0
30542,Jens Odgaard,Bologna,M,Bologna vs AC Milan,90,6.3,,0.0,5.0,2.0,23,17.0,,1.0,,3.0,3.0,0,0,6.0,16.0
30542,Jens Odgaard,Bologna,M,Torino vs Bologna,13,6.2,,0.0,,,8,7.0,,,,1.0,,0,0,1.0,6.0
30438,Nicolò Cambiaghi,Bologna,M,AS Roma vs Bologna,90,7,,0.0,,,14,11.0,,2.0,,2.0,7.0,0,0,10.0,15.0
30438,Nicolò Cambiaghi,Bologna,M,Bologna vs Como,90,7,,0.0,,,6,4.0,,1.0,1.0,2.0,4.0,1,0,5.0,10.0
30438,Nicolò Cambiaghi,Bologna,M,AC Milan vs Bologna,74,6.9,,0.0,,,18,16.0,,,,,7.0,0,0,8.0,11.0
30438,Nicolò Cambiaghi,Bologna,M,Bologna vs Genoa,31,6.9,,1.0,1.0,,9,7.0,,,,2.0,1.0,0,0,2.0,4.0
30438,Nicolò Cambiaghi,Bologna,M,Lecce vs Bologna,22,6.3,,0.0,,,4,4.0,,,,2.0,,0,0,1.0,6.0
30438,Nicolò Cambiaghi,Bologna,M,Bologna vs Pisa,56,8.9,1.0,1.0,2.0,2.0,17,14.0,,,,2.0,2.0,0,0,3.0,7.0
30438,Nicolò Cambiaghi,Bologna,M,Cagliari vs Bologna,77,6.7,,0.0,1.0,1.0,18,17.0,,1.0,,3.0,4.0,0,0,6.0,13.0
30438,Nicolò Cambiaghi,Bologna,M,Fiorentina vs Bologna,64,7.6,1.0,0.0,2.0,1.0,12,10.0,,1.0,,,,0,0,2.0,2.0
30438,Nicolò Cambiaghi,Bologna,M,Bologna vs Torino,67,6.9,,0.0,1.0,,28,23.0,,,,,3.0,0,0,7.0,12.0
30438,Nicolò Cambiaghi,Bologna,M,Parma vs Bologna,8,7.5,,1.0,1.0,,6,6.0,,1.0,,1.0,3.0,1,0,4.0,6.0
30438,Nicolò Cambiaghi,Bologna,M,Bologna vs Napoli,45,7.2,,1.0,,,12,10.0,,1.0,1.0,,4.0,0,0,5.0,7.0
30438,Nicolò Cambiaghi,Bologna,M,Bologna vs Cremonese,45,6.7,,0.0,1.0,,11,7.0,,1.0,,2.0,3.0,0,0,4.0,10.0
30438,Nicolò Cambiaghi,Bologna,M,Lazio vs Bologna,64,6.2,,0.0,,,18,17.0,,,1.0,2.0,1.0,1,0,2.0,8.0
30438,Nicolò Cambiaghi,Bologna,M,Bologna vs Juventus,90,7.2,,0.0,,,23,19.0,,2.0,1.0,,5.0,0,0,8.0,10.0
30438,Nicolò Cambiaghi,Bologna,M,Inter vs Bologna,68,6.3,,0.0,,,14,9.0,,3.0,,1.0,1.0,0,0,5.0,10.0
30438,Nicolò Cambiaghi,Bologna,M,Bologna vs Atalanta,80,7.2,,0.0,1.0,,23,19.0,,,,1.0,2.0,0,0,4.0,6.0
30438,Nicolò Cambiaghi,Bologna,M,Como vs Bologna,61,7.9,1.0,0.0,2.0,2.0,12,10.0,,4.0,,,1.0,0,1,7.0,12.0
30438,Nicolò Cambiaghi,Bologna,M,Bologna vs Fiorentina,90,6.6,,0.0,,,31,26.0,,4.0,,4.0,2.0,0,0,6.0,12.0
30438,Nicolò Cambiaghi,Bologna,M,Bologna vs AC Milan,12,6.2,,0.0,,,7,5.0,,,,,,0,0,,1.0
30438,Nicolò Cambiaghi,Bologna,M,Bologna vs Parma,12,6.7,,0.0,,,7,6.0,,,,,,0,0,,
30438,Nicolò Cambiaghi,Bologna,M,Bologna vs Udinese,34,6.9,,0.0,,,7,6.0,,2.0,,1.0,2.0,0,0,4.0,6.0
1863,Ciro Immobile,Bologna,F,AS Roma vs Bologna,30,6.2,,0.0,,,9,4.0,,,,,,0,0,1.0,4.0
1863,Ciro Immobile,Bologna,F,Bologna vs Sassuolo,20,6,,0.0,,,3,3.0,,,,1.0,,0,0,,1.0
1863,Ciro Immobile,Bologna,F,Bologna vs Atalanta,30,6.2,,0.0,,,9,5.0,,,,2.0,1.0,0,0,2.0,6.0
1863,Ciro Immobile,Bologna,F,Como vs Bologna,14,6.6,,0.0,,,2,2.0,,,,,2.0,0,0,2.0,2.0
1863,Ciro Immobile,Bologna,F,Hellas Verona vs Bologna,24,6.7,,0.0,,,9,7.0,,,,2.0,,0,0,1.0,6.0
1863,Ciro Immobile,Bologna,F,Genoa vs Bologna,73,5.6,,0.0,1.0,,17,14.0,,1.0,,3.0,,1,0,1.0,8.0
311067,Santiago Castro,Bologna,F,AS Roma vs Bologna,60,6.3,,0.0,4.0,,6,4.0,,,,,,0,0,1.0,5.0
311067,Santiago Castro,Bologna,F,Bologna vs Como,73,6.7,,1.0,1.0,,9,4.0,,,,3.0,3.0,0,0,4.0,13.0
311067,Santiago Castro,Bologna,F,AC Milan vs Bologna,83,6.3,,0.0,,,10,8.0,,,,,2.0,0,0,3.0,9.0
311067,Santiago Castro,Bologna,F,Bologna vs Genoa,90,7.9,1.0,0.0,3.0,3.0,11,7.0,,,,2.0,1.0,0,0,3.0,9.0
311067,Santiago Castro,Bologna,F,Lecce vs Bologna,22,6.2,,0.0,,,5,5.0,,,,2.0,,0,0,,1.0
311067,Santiago Castro,Bologna,F,Cagliari vs Bologna,90,6.3,,0.0,,,14,10.0,,,,2.0,2.0,0,0,3.0,9.0
311067,Santiago Castro,Bologna,F,Fiorentina vs Bologna,64,7.9,1.0,0.0,1.0,1.0,9,8.0,,2.0,,4.0,2.0,0,0,7.0,15.0
311067,Santiago Castro,Bologna,F,Bologna vs Torino,45,6.6,,0.0,,,8,4.0,,1.0,,,1.0,0,0,4.0,6.0
311067,Santiago Castro,Bologna,F,Parma vs Bologna,72,8.9,2.0,0.0,5.0,3.0,16,15.0,,,,1.0,1.0,1,0,3.0,7.0
311067,Santiago Castro,Bologna,F,Udinese vs Bologna,84,6.2,,0.0,,,12,6.0,,,,2.0,,0,0,2.0,9.0
311067,Santiago Castro,Bologna,F,Bologna vs Cremonese,90,6.9,,0.0,3.0,2.0,22,20.0,,1.0,,1.0,,0,0,6.0,12.0
311067,Santiago Castro,Bologna,F,Lazio vs Bologna,84,6.6,,0.0,2.0,1.0,11,6.0,,,,1.0,2.0,0,0,5.0,8.0
311067,Santiago Castro,Bologna,F,Bologna vs Juventus,24,6.7,,0.0,,,4,4.0,,,,1.0,1.0,0,0,1.0,2.0
311067,Santiago Castro,Bologna,F,Bologna vs Sassuolo,20,6.5,,0.0,,,4,2.0,,,,,1.0,0,0,1.0,3.0
311067,Santiago Castro,Bologna,F,Inter vs Bologna,90,8.2,1.0,0.0,2.0,1.0,14,13.0,,1.0,1.0,3.0,3.0,0,0,6.0,13.0
311067,Santiago Castro,Bologna,F,Bologna vs Atalanta,18,6.3,,0.0,,,2,,,,,,1.0,0,0,2.0,5.0
311067,Santiago Castro,Bologna,F,Como vs Bologna,76,6.9,,1.0,1.0,,14,11.0,,1.0,,,3.0,0,0,5.0,8.0
311067,Santiago Castro,Bologna,F,Hellas Verona vs Bologna,66,7,1.0,0.0,3.0,2.0,16,12.0,,,,,1.0,0,0,2.0,10.0
311067,Santiago Castro,Bologna,F,Bologna vs Fiorentina,90,6.5,,0.0,2.0,,17,14.0,,1.0,,,2.0,0,0,7.0,9.0
311067,Santiago Castro,Bologna,F,Bologna vs AC Milan,54,6.9,,0.0,,,7,5.0,,,,,3.0,0,0,4.0,5.0
311067,Santiago Castro,Bologna,F,Bologna vs Parma,33,6.6,,0.0,1.0,,5,4.0,,,,1.0,2.0,0,0,4.0,6.0
311067,Santiago Castro,Bologna,F,Torino vs Bologna,83,7.3,1.0,0.0,2.0,2.0,12,11.0,,,,1.0,3.0,0,0,7.0,15.0
311067,Santiago Castro,Bologna,F,Bologna vs Udinese,85,6.9,,0.0,2.0,1.0,11,8.0,,,,,1.0,0,0,3.0,5.0
287564,Martin Vitík,Bologna,D,AS Roma vs Bologna,45,6.3,,0.0,,,17,13.0,,,,2.0,,0,0,1.0,6.0
287564,Martin Vitík,Bologna,D,Bologna vs Como,45,6.7,,0.0,,,19,14.0,,,1.0,1.0,,1,0,2.0,3.0
287564,Martin Vitík,Bologna,D,Bologna vs Genoa,90,7.2,,0.0,1.0,,38,29.0,,2.0,,,,0,0,13.0,16.0
287564,Martin Vitík,Bologna,D,Cagliari vs Bologna,90,7.3,,0.0,,,60,50.0,,3.0,1.0,2.0,,0,0,5.0,7.0
287564,Martin Vitík,Bologna,D,Bologna vs Torino,90,6.7,,0.0,1.0,,72,66.0,,1.0,,1.0,2.0,0,0,6.0,10.0
287564,Martin Vitík,Bologna,D,Bologna vs Sassuolo,90,6.9,,0.0,1.0,,54,51.0,,2.0,3.0,1.0,,0,0,3.0,5.0
287564,Martin Vitík,Bologna,D,Inter vs Bologna,45,6.2,,0.0,,,20,17.0,,2.0,,3.0,,1,0,4.0,8.0
287564,Martin Vitík,Bologna,D,Bologna vs Atalanta,90,5.7,,0.0,,,35,29.0,,1.0,,3.0,,0,0,2.0,12.0
287564,Martin Vitík,Bologna,D,Como vs Bologna,64,6.5,,0.0,,,12,11.0,,,,,,0,0,1.0,3.0
287564,Martin Vitík,Bologna,D,Hellas Verona vs Bologna,90,6.9,,0.0,,,59,51.0,,2.0,1.0,1.0,,1,0,6.0,13.0
287564,Martin Vitík,Bologna,D,Genoa vs Bologna,17,6.5,,0.0,,,3,3.0,,2.0,,1.0,1.0,0,0,3.0,5.0
287564,Martin Vitík,Bologna,D,Torino vs Bologna,90,7.2,,0.0,,,38,35.0,,3.0,,2.0,,0,0,3.0,7.0
287564,Martin Vitík,Bologna,D,Bologna vs Udinese,90,7.2,,0.0,,,41,36.0,,3.0,1.0,,,0,0,6.0,11.0
128461,Nadir Zortea,Bologna,D,AS Roma vs Bologna,18,6.7,,0.0,,,9,8.0,,,1.0,2.0,,0,0,,2.0
128461,Nadir Zortea,Bologna,D,Bologna vs Como,90,6.9,,0.0,,,18,9.0,,1.0,2.0,,1.0,0,0,4.0,12.0
128461,Nadir Zortea,Bologna,D,AC Milan vs Bologna,90,6.9,,0.0,1.0,,42,34.0,,2.0,,,1.0,0,0,5.0,9.0
128461,Nadir Zortea,Bologna,D,Bologna vs Genoa,31,6.5,,0.0,,,10,10.0,,,1.0,,,0,0,,3.0
128461,Nadir Zortea,Bologna,D,Bologna vs Pisa,90,7.5,,0.0,,,48,42.0,,2.0,,1.0,,0,0,4.0,10.0
128461,Nadir Zortea,Bologna,D,Bologna vs Torino,90,7.5,,0.0,2.0,,58,48.0,,1.0,,1.0,2.0,0,0,6.0,10.0
128461,Nadir Zortea,Bologna,D,Udinese vs Bologna,27,7.7,,0.0,1.0,,15,9.0,,4.0,1.0,,1.0,0,0,9.0,10.0
128461,Nadir Zortea,Bologna,D,Bologna vs Cremonese,79,6.6,,0.0,,,45,35.0,,2.0,,,2.0,0,0,8.0,9.0
128461,Nadir Zortea,Bologna,D,Lazio vs Bologna,90,6.5,,0.0,1.0,1.0,23,20.0,,1.0,1.0,2.0,,0,0,3.0,8.0
128461,Nadir Zortea,Bologna,D,Bologna vs Juventus,73,7.2,,0.0,1.0,,41,34.0,,3.0,1.0,1.0,,0,0,3.0,4.0
128461,Nadir Zortea,Bologna,D,Bologna vs Sassuolo,88,7,,1.0,2.0,,31,27.0,,1.0,1.0,,2.0,0,0,6.0,9.0
128461,Nadir Zortea,Bologna,D,Inter vs Bologna,22,6.5,,0.0,,,11,8.0,,,1.0,,1.0,0,0,2.0,3.0
128461,Nadir Zortea,Bologna,D,Bologna vs Atalanta,90,6.2,,0.0,,,47,34.0,,,1.0,4.0,,0,0,,6.0
128461,Nadir Zortea,Bologna,D,Como vs Bologna,90,6.2,,0.0,,,11,8.0,,1.0,2.0,2.0,1.0,1,0,2.0,9.0
128461,Nadir Zortea,Bologna,D,Hellas Verona vs Bologna,10,6.7,,0.0,,,6,5.0,,,,2.0,,0,0,,2.0
128461,Nadir Zortea,Bologna,D,Bologna vs Fiorentina,45,6.9,,0.0,,,34,31.0,,,,,,0,0,1.0,4.0
128461,Nadir Zortea,Bologna,D,Genoa vs Bologna,90,6,,0.0,,,33,28.0,,,,,2.0,0,0,3.0,5.0
128461,Nadir Zortea,Bologna,D,Bologna vs AC Milan,90,6.7,,0.0,1.0,,53,46.0,,3.0,1.0,,,0,0,4.0,7.0
128461,Nadir Zortea,Bologna,D,Bologna vs Parma,45,6.7,,0.0,,,14,11.0,,,,1.0,,0,0,2.0,4.0
128461,Nadir Zortea,Bologna,D,Torino vs Bologna,16,6.7,,0.0,,,1,,,,,1.0,,0,0,,1.0
128461,Nadir Zortea,Bologna,D,Bologna vs Udinese,8,6.6,,0.0,,,4,2.0,,,,,,0,0,1.0,1.0
322630,Giovanni Fabbian,Bologna,M,AS Roma vs Bologna,18,6.6,,0.0,,,7,4.0,,1.0,,2.0,2.0,0,0,4.0,6.0
322630,Giovanni Fabbian,Bologna,M,Bologna vs Como,65,7,,0.0,2.0,,7,7.0,,1.0,1.0,,1.0,0,0,5.0,7.0
322630,Giovanni Fabbian,Bologna,M,AC Milan vs Bologna,63,6.6,,0.0,1.0,,13,12.0,,,,1.0,3.0,0,0,4.0,6.0
322630,Giovanni Fabbian,Bologna,M,Lecce vs Bologna,69,6,,0.0,,,18,14.0,,,1.0,,2.0,0,0,2.0,8.0
322630,Giovanni Fabbian,Bologna,M,Bologna vs Pisa,34,6.6,,0.0,1.0,,17,14.0,,,,,1.0,0,0,3.0,3.0
322630,Giovanni Fabbian,Bologna,M,Fiorentina vs Bologna,77,6.2,,0.0,1.0,,20,17.0,,1.0,,1.0,2.0,0,0,4.0,6.0
322630,Giovanni Fabbian,Bologna,M,Bologna vs Torino,8,6.3,,0.0,,,1,1.0,,,,1.0,,0,0,,1.0
322630,Giovanni Fabbian,Bologna,M,Parma vs Bologna,18,6.3,,0.0,,,6,5.0,,,,1.0,1.0,0,0,1.0,4.0
322630,Giovanni Fabbian,Bologna,M,Udinese vs Bologna,78,6.2,,0.0,1.0,,13,10.0,,,,2.0,2.0,0,0,3.0,9.0
322630,Giovanni Fabbian,Bologna,M,Bologna vs Sassuolo,70,7.5,1.0,0.0,2.0,2.0,19,18.0,,1.0,,2.0,1.0,0,0,2.0,7.0
322630,Giovanni Fabbian,Bologna,M,Bologna vs Atalanta,72,6.2,,0.0,1.0,,18,13.0,,1.0,1.0,2.0,1.0,0,0,5.0,11.0
322630,Giovanni Fabbian,Bologna,M,Como vs Bologna,90,6.3,,0.0,,,15,10.0,,2.0,2.0,,1.0,0,0,4.0,9.0
322630,Giovanni Fabbian,Bologna,M,Bologna vs Fiorentina,45,7.9,1.0,0.0,3.0,2.0,12,9.0,,,,1.0,1.0,0,0,4.0,6.0
322630,Giovanni Fabbian,Bologna,M,Fiorentina vs Cagliari,45,6.3,,0.0,1.0,1.0,11,9.0,,,1.0,,1.0,0,0,2.0,4.0
322630,Giovanni Fabbian,Bologna,M,Napoli vs Fiorentina,45,6.7,,0.0,,,8,5.0,,,,1.0,1.0,1,0,1.0,3.0
322630,Giovanni Fabbian,Bologna,M,Fiorentina vs Torino,17,6.2,,0.0,,,7,5.0,,,,,,0,0,,4.0
322630,Giovanni Fabbian,Bologna,M,Fiorentina vs Pisa,8,6.6,,0.0,,,2,1.0,,,,,,1,0,1.0,1.0
873,Federico Bernardeschi,Bologna,F,AS Roma vs Bologna,10,6.7,,0.0,,,4,4.0,,,,,,0,0,,
873,Federico Bernardeschi,Bologna,F,AC Milan vs Bologna,27,6.3,,0.0,,,17,16.0,,,,,,0,0,,1.0
873,Federico Bernardeschi,Bologna,F,Bologna vs Genoa,72,6.9,,0.0,,,16,14.0,,1.0,,1.0,2.0,1,0,6.0,10.0
873,Federico Bernardeschi,Bologna,F,Lecce vs Bologna,28,6.5,,0.0,,,13,13.0,,,,1.0,,1,0,1.0,3.0
873,Federico Bernardeschi,Bologna,F,Bologna vs Pisa,45,8,,0.0,1.0,,27,25.0,,,,,1.0,0,0,2.0,6.0
873,Federico Bernardeschi,Bologna,F,Cagliari vs Bologna,59,6.6,,0.0,1.0,1.0,22,17.0,,,,,,0,0,2.0,4.0
873,Federico Bernardeschi,Bologna,F,Fiorentina vs Bologna,13,6.3,,0.0,,,3,2.0,,,,2.0,,0,0,1.0,3.0
873,Federico Bernardeschi,Bologna,F,Bologna vs Torino,67,7.2,,0.0,2.0,1.0,41,33.0,,1.0,,1.0,2.0,0,0,5.0,7.0
873,Federico Bernardeschi,Bologna,F,Parma vs Bologna,8,6.7,,0.0,,,6,6.0,,,1.0,,,0,0,1.0,2.0
873,Federico Bernardeschi,Bologna,F,Bologna vs Napoli,29,6.6,,0.0,2.0,,17,13.0,,,1.0,,1.0,0,0,1.0,6.0
873,Federico Bernardeschi,Bologna,F,Udinese vs Bologna,12,7.9,1.0,0.0,2.0,2.0,8,6.0,,1.0,,1.0,,0,0,2.0,4.0
873,Federico Bernardeschi,Bologna,F,Bologna vs Cremonese,11,6.6,,0.0,,,10,8.0,,,,1.0,,0,0,,1.0
873,Federico Bernardeschi,Bologna,F,Lazio vs Bologna,26,6.2,,0.0,,,11,7.0,,,,,,0,0,,
873,Federico Bernardeschi,Bologna,F,Bologna vs Juventus,9,6.6,,0.0,1.0,1.0,6,5.0,,1.0,,,,0,0,2.0,3.0
873,Federico Bernardeschi,Bologna,F,Bologna vs AC Milan,37,6.9,,0.0,2.0,,22,21.0,,,1.0,,,0,0,2.0,4.0
873,Federico Bernardeschi,Bologna,F,Bologna vs Parma,87,7.7,,0.0,1.0,,28,24.0,,2.0,,1.0,2.0,0,0,7.0,11.0
873,Federico Bernardeschi,Bologna,F,Torino vs Bologna,83,6.9,,1.0,3.0,2.0,21,17.0,,,,2.0,1.0,0,0,2.0,6.0
873,Federico Bernardeschi,Bologna,F,Bologna vs Udinese,34,7.3,1.0,0.0,1.0,1.0,8,8.0,,,,,,0,0,,3.0
30731,Elia Caprile,Cagliari,G,Cagliari vs Fiorentina,90,6.7,,0.0,,,23,19.0,,,,,,0,0,,
30731,Elia Caprile,Cagliari,G,Napoli vs Cagliari,90,7.3,,0.0,,,35,18.0,,,,,1.0,0,0,2.0,2.0
30731,Elia Caprile,Cagliari,G,Cagliari vs Parma,90,7.9,,0.0,,,34,17.0,,,,,1.0,0,0,3.0,4.0
30731,Elia Caprile,Cagliari,G,Lecce vs Cagliari,90,7.3,,0.0,,,25,12.0,,,,,,0,0,1.0,1.0
30731,Elia Caprile,Cagliari,G,Cagliari vs Inter,90,7.9,,0.0,,,34,29.0,,,,,,0,0,,
30731,Elia Caprile,Cagliari,G,Udinese vs Cagliari,90,8,,0.0,,,31,20.0,,,,,1.0,0,0,3.0,4.0
30731,Elia Caprile,Cagliari,G,Cagliari vs Bologna,90,6.5,,0.0,,,28,17.0,,,,,,0,0,1.0,1.0
30731,Elia Caprile,Cagliari,G,Hellas Verona vs Cagliari,90,7.3,,0.0,,,24,18.0,,,,,,0,0,,
30731,Elia Caprile,Cagliari,G,Cagliari vs Sassuolo,90,6,,0.0,,,22,13.0,,,,,1.0,1,0,1.0,1.0
30731,Elia Caprile,Cagliari,G,Lazio vs Cagliari,90,6.9,,0.0,,,29,24.0,,,,,,0,0,,
30731,Elia Caprile,Cagliari,G,Como vs Cagliari,90,9.2,,0.0,,,32,17.0,,,,,2.0,0,0,3.0,3.0
30731,Elia Caprile,Cagliari,G,Cagliari vs Genoa,90,7,,0.0,,,26,16.0,,,,,,0,0,,
30731,Elia Caprile,Cagliari,G,Juventus vs Cagliari,90,6.9,,0.0,,,25,21.0,,,,,,0,0,,
30731,Elia Caprile,Cagliari,G,Cagliari vs AS Roma,90,7,,0.0,,,33,15.0,,,,,,0,0,,
30731,Elia Caprile,Cagliari,G,Atalanta vs Cagliari,90,7.9,,0.0,,,26,17.0,,,,,,0,0,,
30731,Elia Caprile,Cagliari,G,Cagliari vs Pisa,90,7.2,,0.0,,,35,24.0,,,,,,0,0,,
30731,Elia Caprile,Cagliari,G,Torino vs Cagliari,90,9.2,,0.0,,,32,25.0,,,,,,0,0,,1.0
30731,Elia Caprile,Cagliari,G,Cagliari vs AC Milan,90,6.9,,0.0,,,28,22.0,,,,,,0,0,,
30731,Elia Caprile,Cagliari,G,Cremonese vs Cagliari,90,6.6,,0.0,,,18,15.0,,,,,,0,0,,
30731,Elia Caprile,Cagliari,G,Genoa vs Cagliari,90,5.3,,0.0,,,22,17.0,,,,,1.0,0,0,1.0,1.0
30731,Elia Caprile,Cagliari,G,Cagliari vs Juventus,90,7,,0.0,,,39,19.0,,,,,,0,0,,
30731,Elia Caprile,Cagliari,G,Fiorentina vs Cagliari,90,7.2,,0.0,,,34,17.0,,,,,,1,0,1.0,1.0
30731,Elia Caprile,Cagliari,G,Cagliari vs Hellas Verona,90,7.6,,0.0,,,33,21.0,,,,,,0,0,,
30731,Elia Caprile,Cagliari,G,AS Roma vs Cagliari,90,6.7,,0.0,,,32,14.0,,,,,,0,0,,
30731,Elia Caprile,Cagliari,G,Cagliari vs Lecce,90,5.9,,0.0,,,21,15.0,,,,,,0,0,,
30731,Elia Caprile,Cagliari,G,Cagliari vs Lazio,90,7.2,,0.0,,,33,30.0,,,,,,0,0,,
30731,Elia Caprile,Cagliari,G,Parma vs Cagliari,97,7.3,,,,,27,18.0,,,,,1.0,0,0,1.0,1.0
200,Gabriele Zappa,Cagliari,D,Cagliari vs Fiorentina,90,6.6,,0.0,1.0,,45,37.0,,1.0,,,,0,0,3.0,4.0
200,Gabriele Zappa,Cagliari,D,Napoli vs Cagliari,58,6.6,,0.0,,,26,20.0,,1.0,,2.0,1.0,1,0,2.0,4.0
200,Gabriele Zappa,Cagliari,D,Cagliari vs Parma,55,6.9,,0.0,,,30,26.0,,1.0,,2.0,,1,0,4.0,8.0
200,Gabriele Zappa,Cagliari,D,Lecce vs Cagliari,17,6.7,,0.0,,,5,3.0,,,,1.0,,0,0,1.0,2.0
200,Gabriele Zappa,Cagliari,D,Cagliari vs Bologna,54,6.2,,0.0,,,23,18.0,,1.0,,1.0,,0,0,2.0,5.0
200,Gabriele Zappa,Cagliari,D,Hellas Verona vs Cagliari,90,6.6,,0.0,,,115,104.0,,2.0,2.0,,1.0,0,0,3.0,5.0
200,Gabriele Zappa,Cagliari,D,Cagliari vs Sassuolo,62,6.9,,0.0,1.0,,37,33.0,,,3.0,,,0,0,2.0,2.0
200,Gabriele Zappa,Cagliari,D,Lazio vs Cagliari,90,6,,0.0,,,39,31.0,,,,1.0,1.0,0,0,2.0,7.0
200,Gabriele Zappa,Cagliari,D,Como vs Cagliari,90,7.3,,0.0,,,22,16.0,,3.0,2.0,1.0,2.0,0,0,7.0,10.0
200,Gabriele Zappa,Cagliari,D,Cagliari vs Genoa,90,6.9,,1.0,,,55,49.0,,3.0,1.0,,,0,0,4.0,8.0
200,Gabriele Zappa,Cagliari,D,Juventus vs Cagliari,90,6.3,,0.0,,,49,37.0,,2.0,1.0,1.0,,0,0,2.0,4.0
200,Gabriele Zappa,Cagliari,D,Cagliari vs AS Roma,69,7,,0.0,,,22,19.0,,2.0,2.0,1.0,,0,0,2.0,2.0
200,Gabriele Zappa,Cagliari,D,Atalanta vs Cagliari,58,6.6,,0.0,,,23,17.0,,2.0,,,,0,0,2.0,4.0
200,Gabriele Zappa,Cagliari,D,Cagliari vs Pisa,35,6.9,,1.0,,,10,9.0,,1.0,,,,0,0,1.0,2.0
200,Gabriele Zappa,Cagliari,D,Torino vs Cagliari,90,6.6,,0.0,,,53,49.0,,2.0,1.0,,,0,0,2.0,4.0
200,Gabriele Zappa,Cagliari,D,Cagliari vs AC Milan,90,6.2,,0.0,,,52,45.0,,2.0,,,,0,0,2.0,5.0
200,Gabriele Zappa,Cagliari,D,Cremonese vs Cagliari,84,6.9,,0.0,2.0,,56,52.0,,1.0,1.0,,,0,0,2.0,4.0
200,Gabriele Zappa,Cagliari,D,Genoa vs Cagliari,21,5.9,,0.0,,,18,15.0,,,1.0,1.0,,0,0,,2.0
200,Gabriele Zappa,Cagliari,D,Fiorentina vs Cagliari,10,6.9,,0.0,,,4,3.0,,,,,,0,0,,
200,Gabriele Zappa,Cagliari,D,Cagliari vs Hellas Verona,3,,,1.0,,,5,5.0,,,,,,0,0,,
200,Gabriele Zappa,Cagliari,D,AS Roma vs Cagliari,3,,,0.0,,,7,6.0,,,,,,0,0,,
200,Gabriele Zappa,Cagliari,D,Cagliari vs Lecce,57,6.7,,0.0,2.0,,21,14.0,,1.0,1.0,1.0,,0,0,1.0,4.0
200,Gabriele Zappa,Cagliari,D,Cagliari vs Lazio,2,,,0.0,,,0,,,,,,,0,0,,
2484,Yerry Mina,Cagliari,D,Cagliari vs Fiorentina,90,7.7,,0.0,1.0,,53,48.0,,2.0,1.0,2.0,2.0,0,0,7.0,11.0
2484,Yerry Mina,Cagliari,D,Napoli vs Cagliari,90,7.2,,0.0,,,34,30.0,,,,,1.0,0,0,5.0,7.0
2484,Yerry Mina,Cagliari,D,Cagliari vs Parma,90,7.7,1.0,0.0,1.0,1.0,50,48.0,,,1.0,1.0,1.0,0,0,3.0,5.0
2484,Yerry Mina,Cagliari,D,Lecce vs Cagliari,90,6.5,,0.0,,,53,46.0,,1.0,2.0,2.0,1.0,0,0,5.0,10.0
2484,Yerry Mina,Cagliari,D,Cagliari vs Inter,90,6.7,,0.0,,,42,40.0,,2.0,1.0,2.0,4.0,0,0,7.0,12.0
2484,Yerry Mina,Cagliari,D,Udinese vs Cagliari,20,6.6,,0.0,,,12,9.0,,,,1.0,1.0,0,0,1.0,2.0
2484,Yerry Mina,Cagliari,D,Cagliari vs Bologna,68,6.7,,0.0,,,27,25.0,,1.0,2.0,,2.0,0,0,4.0,5.0
2484,Yerry Mina,Cagliari,D,Lazio vs Cagliari,90,6.6,,0.0,1.0,1.0,74,69.0,,1.0,,1.0,1.0,0,0,7.0,10.0
2484,Yerry Mina,Cagliari,D,Como vs Cagliari,90,7.5,,0.0,,,25,15.0,,4.0,1.0,1.0,3.0,0,0,8.0,11.0
2484,Yerry Mina,Cagliari,D,Cagliari vs Genoa,90,5.9,,0.0,1.0,,46,39.0,,2.0,2.0,2.0,1.0,1,0,6.0,12.0
2484,Yerry Mina,Cagliari,D,Cagliari vs Pisa,90,6.7,,0.0,,,51,47.0,,3.0,,2.0,2.0,1,0,8.0,13.0
2484,Yerry Mina,Cagliari,D,Cremonese vs Cagliari,45,5.9,,0.0,,,38,37.0,,,,,,0,0,1.0,2.0
2484,Yerry Mina,Cagliari,D,Cagliari vs Juventus,90,7.6,,0.0,,,23,20.0,,1.0,,1.0,1.0,0,0,6.0,8.0
2484,Yerry Mina,Cagliari,D,Fiorentina vs Cagliari,90,6.9,,0.0,,,20,16.0,,1.0,,2.0,,1,0,3.0,7.0
2484,Yerry Mina,Cagliari,D,Cagliari vs Hellas Verona,90,8,,0.0,,,98,94.0,,1.0,2.0,2.0,1.0,0,0,7.0,9.0
2484,Yerry Mina,Cagliari,D,Cagliari vs Lecce,90,6.9,,0.0,,,51,49.0,,1.0,,1.0,3.0,0,0,8.0,11.0
2484,Yerry Mina,Cagliari,D,Cagliari vs Lazio,85,7.3,,0.0,,,92,90.0,,1.0,1.0,2.0,1.0,2,1,4.0,7.0
319,Sebastiano Luperto,Cagliari,D,Cagliari vs Fiorentina,90,7.6,1.0,0.0,1.0,1.0,35,31.0,,1.0,,1.0,,0,0,2.0,3.0
319,Sebastiano Luperto,Cagliari,D,Napoli vs Cagliari,90,6.6,,0.0,,,30,26.0,,,1.0,,2.0,0,0,2.0,3.0
319,Sebastiano Luperto,Cagliari,D,Cagliari vs Parma,90,7.2,,0.0,,,39,36.0,,1.0,,,2.0,0,0,3.0,4.0
319,Sebastiano Luperto,Cagliari,D,Lecce vs Cagliari,90,6.6,,0.0,,,40,38.0,,1.0,,,1.0,0,0,3.0,5.0
319,Sebastiano Luperto,Cagliari,D,Cagliari vs Inter,90,6.2,,0.0,,,46,39.0,,,3.0,3.0,,0,0,,5.0
319,Sebastiano Luperto,Cagliari,D,Cagliari vs Bologna,90,6.3,,0.0,1.0,1.0,47,42.0,,,,,1.0,0,0,2.0,4.0
319,Sebastiano Luperto,Cagliari,D,Lazio vs Cagliari,90,6.2,,0.0,,,77,70.0,,,2.0,1.0,,0,0,,2.0
319,Sebastiano Luperto,Cagliari,D,Como vs Cagliari,90,6.9,,0.0,,,23,19.0,,,2.0,,,0,0,1.0,1.0
319,Sebastiano Luperto,Cagliari,D,Cagliari vs Genoa,90,6.5,,0.0,,,34,27.0,,3.0,1.0,4.0,1.0,1,0,4.0,8.0
319,Sebastiano Luperto,Cagliari,D,Juventus vs Cagliari,90,6.3,,0.0,,,63,60.0,,1.0,,1.0,,0,0,1.0,3.0
319,Sebastiano Luperto,Cagliari,D,Cagliari vs AS Roma,90,7.7,,0.0,,,38,32.0,,3.0,,1.0,2.0,0,0,6.0,7.0
319,Sebastiano Luperto,Cagliari,D,Atalanta vs Cagliari,87,6.6,,0.0,,,38,35.0,,,3.0,1.0,1.0,0,0,2.0,5.0
319,Sebastiano Luperto,Cagliari,D,Torino vs Cagliari,90,6.9,,0.0,1.0,,42,34.0,,1.0,2.0,2.0,1.0,0,0,2.0,5.0
319,Sebastiano Luperto,Cagliari,D,Cagliari vs AC Milan,90,6.3,,0.0,,,51,50.0,,1.0,1.0,3.0,2.0,0,0,5.0,13.0
319,Sebastiano Luperto,Cagliari,D,Cremonese vs Cagliari,90,6.3,,0.0,,,56,51.0,,,,2.0,,1,0,2.0,8.0
319,Sebastiano Luperto,Cagliari,D,Genoa vs Cagliari,90,6.2,,0.0,,,61,58.0,,3.0,2.0,1.0,,1,0,4.0,7.0
319,Sebastiano Luperto,Cagliari,D,Cagliari vs Juventus,90,7.2,,0.0,1.0,,21,17.0,,,,,1.0,0,0,3.0,4.0
319,Sebastiano Luperto,Cagliari,D,Fiorentina vs Cagliari,90,6.6,,0.0,,,29,26.0,,,1.0,3.0,1.0,0,0,2.0,5.0
319,Sebastiano Luperto,Cagliari,D,Cagliari vs Hellas Verona,90,7.9,,0.0,1.0,1.0,80,71.0,,,,,2.0,0,0,4.0,5.0
319,Sebastiano Luperto,Cagliari,D,Atalanta vs Cremonese,90,6.6,,1.0,,,55,50.0,,1.0,1.0,1.0,2.0,0,0,6.0,13.0
319,Sebastiano Luperto,Cagliari,D,Cremonese vs Genoa,90,7.7,,0.0,,,25,19.0,,4.0,,,,0,0,5.0,6.0
319,Sebastiano Luperto,Cagliari,D,AS Roma vs Cremonese,90,6.5,,0.0,,,36,26.0,,,,1.0,,0,0,2.0,3.0
321744,Adam Obert,Cagliari,D,Cagliari vs Fiorentina,75,6.9,,0.0,,,27,21.0,,3.0,,3.0,,1,0,3.0,7.0
321744,Adam Obert,Cagliari,D,Napoli vs Cagliari,90,7.3,,0.0,1.0,,25,22.0,,2.0,1.0,2.0,,0,0,3.0,6.0
321744,Adam Obert,Cagliari,D,Cagliari vs Parma,90,7.6,,0.0,,,50,43.0,,,4.0,3.0,,0,0,3.0,7.0
321744,Adam Obert,Cagliari,D,Lecce vs Cagliari,90,6.9,,0.0,,,40,35.0,,5.0,1.0,2.0,,1,0,6.0,9.0
321744,Adam Obert,Cagliari,D,Cagliari vs Inter,77,6.9,,0.0,,,41,31.0,,2.0,2.0,,,0,0,3.0,3.0
321744,Adam Obert,Cagliari,D,Udinese vs Cagliari,82,6.9,,0.0,,,30,21.0,,5.0,1.0,3.0,,1,0,5.0,11.0
321744,Adam Obert,Cagliari,D,Cagliari vs Bologna,90,6.3,,0.0,,,41,33.0,,1.0,2.0,2.0,1.0,0,0,4.0,8.0
321744,Adam Obert,Cagliari,D,Hellas Verona vs Cagliari,90,7,,1.0,,,77,69.0,,3.0,2.0,2.0,,1,0,7.0,13.0
321744,Adam Obert,Cagliari,D,Cagliari vs Sassuolo,90,6.3,,0.0,,,48,41.0,,1.0,,3.0,2.0,1,0,5.0,12.0
321744,Adam Obert,Cagliari,D,Como vs Cagliari,79,6.6,,0.0,,,21,12.0,,1.0,2.0,1.0,2.0,0,0,3.0,7.0
321744,Adam Obert,Cagliari,D,Juventus vs Cagliari,53,6.2,,0.0,,,24,20.0,,1.0,1.0,1.0,,1,0,1.0,3.0
321744,Adam Obert,Cagliari,D,Cagliari vs AS Roma,77,7.3,,0.0,1.0,1.0,36,27.0,,2.0,,2.0,,0,0,5.0,9.0
321744,Adam Obert,Cagliari,D,Atalanta vs Cagliari,90,7.2,,0.0,,,49,41.0,,3.0,1.0,,,0,0,4.0,6.0
321744,Adam Obert,Cagliari,D,Cagliari vs Pisa,45,6.2,,0.0,,,27,20.0,,,,1.0,,0,0,1.0,6.0
321744,Adam Obert,Cagliari,D,Torino vs Cagliari,12,6.7,,0.0,,,0,,,,,,,0,0,,1.0
321744,Adam Obert,Cagliari,D,Cagliari vs AC Milan,61,7.3,,0.0,,,29,26.0,,3.0,,1.0,,0,0,6.0,7.0
321744,Adam Obert,Cagliari,D,Cremonese vs Cagliari,34,7.2,,0.0,,,25,21.0,,2.0,,,,0,0,3.0,4.0
321744,Adam Obert,Cagliari,D,Genoa vs Cagliari,90,5.9,,0.0,,,55,48.0,,,2.0,2.0,,1,0,,4.0
321744,Adam Obert,Cagliari,D,Cagliari vs Juventus,90,7,,0.0,,,19,12.0,,1.0,2.0,1.0,,0,0,1.0,4.0
321744,Adam Obert,Cagliari,D,Fiorentina vs Cagliari,80,6.9,,0.0,,,14,10.0,,1.0,6.0,,,0,0,1.0,1.0
321744,Adam Obert,Cagliari,D,Cagliari vs Hellas Verona,79,7.3,,1.0,,,42,36.0,,3.0,1.0,1.0,1.0,0,0,5.0,9.0
321744,Adam Obert,Cagliari,D,AS Roma vs Cagliari,90,6.7,,0.0,,,43,37.0,,1.0,2.0,,,0,0,1.0,3.0
321744,Adam Obert,Cagliari,D,Cagliari vs Lecce,79,6.6,,0.0,1.0,,49,38.0,,,1.0,,,0,0,6.0,12.0
321744,Adam Obert,Cagliari,D,Cagliari vs Lazio,90,7.2,,0.0,,,47,39.0,,2.0,1.0,1.0,1.0,0,0,3.0,6.0
321744,Adam Obert,Cagliari,D,Parma vs Cagliari,97,6.9,,,,,41,32.0,,3.0,3.0,2.0,,1,0,7.0,12.0
30505,Michel Adopo,Cagliari,M,Cagliari vs Fiorentina,90,6.9,,0.0,,,36,33.0,,1.0,,1.0,,0,0,2.0,6.0
30505,Michel Adopo,Cagliari,M,Napoli vs Cagliari,90,6.6,,0.0,,,25,23.0,,3.0,,,,0,0,4.0,7.0
30505,Michel Adopo,Cagliari,M,Cagliari vs Parma,90,6.7,,0.0,1.0,1.0,35,30.0,,1.0,1.0,2.0,,0,0,4.0,10.0
30505,Michel Adopo,Cagliari,M,Lecce vs Cagliari,73,6.2,,0.0,1.0,1.0,26,20.0,,1.0,1.0,1.0,,0,0,2.0,10.0
30505,Michel Adopo,Cagliari,M,Cagliari vs Inter,90,6.5,,0.0,1.0,,40,31.0,,1.0,3.0,,,0,0,3.0,4.0
30505,Michel Adopo,Cagliari,M,Udinese vs Cagliari,70,6.6,,1.0,1.0,,16,13.0,,1.0,,,,0,0,2.0,5.0
30505,Michel Adopo,Cagliari,M,Cagliari vs Bologna,90,6.2,,0.0,,,17,12.0,,1.0,,3.0,,0,0,2.0,7.0
30505,Michel Adopo,Cagliari,M,Hellas Verona vs Cagliari,45,6.3,,0.0,,,30,24.0,,,1.0,,,0,0,,4.0
30505,Michel Adopo,Cagliari,M,Cagliari vs Sassuolo,83,6.9,,0.0,1.0,,24,19.0,,1.0,,1.0,2.0,0,0,6.0,8.0
30505,Michel Adopo,Cagliari,M,Lazio vs Cagliari,90,5.9,,0.0,1.0,1.0,28,22.0,,,,2.0,1.0,0,0,1.0,10.0
30505,Michel Adopo,Cagliari,M,Como vs Cagliari,33,6.5,,0.0,,,4,3.0,,,2.0,1.0,,0,0,,2.0
30505,Michel Adopo,Cagliari,M,Cagliari vs Genoa,33,6.3,,0.0,,,10,7.0,,1.0,,1.0,1.0,0,0,3.0,7.0
30505,Michel Adopo,Cagliari,M,Juventus vs Cagliari,81,6.6,,0.0,,,30,27.0,,1.0,1.0,,2.0,0,0,3.0,4.0
30505,Michel Adopo,Cagliari,M,Cagliari vs AS Roma,90,6.6,,0.0,,,26,22.0,,,1.0,1.0,,0,0,1.0,4.0
30505,Michel Adopo,Cagliari,M,Atalanta vs Cagliari,87,6.7,,0.0,,,31,27.0,,2.0,1.0,1.0,,0,0,3.0,7.0
30505,Michel Adopo,Cagliari,M,Cagliari vs Pisa,55,6.5,,0.0,1.0,1.0,21,17.0,,2.0,2.0,2.0,1.0,1,0,3.0,6.0
30505,Michel Adopo,Cagliari,M,Torino vs Cagliari,90,6.7,,0.0,,,21,15.0,,,,,,0,0,2.0,4.0
30505,Michel Adopo,Cagliari,M,Cagliari vs AC Milan,90,6.6,,0.0,1.0,1.0,39,35.0,,2.0,,,,0,0,2.0,5.0
30505,Michel Adopo,Cagliari,M,Cremonese vs Cagliari,90,7.9,1.0,0.0,1.0,1.0,50,40.0,,1.0,,2.0,1.0,0,0,6.0,11.0
30505,Michel Adopo,Cagliari,M,Genoa vs Cagliari,90,6.2,,0.0,2.0,,29,25.0,,4.0,,2.0,,1,0,6.0,13.0
30505,Michel Adopo,Cagliari,M,Cagliari vs Juventus,90,7,,0.0,,,16,13.0,,3.0,,1.0,,0,0,4.0,7.0
30505,Michel Adopo,Cagliari,M,Fiorentina vs Cagliari,90,7.5,,0.0,1.0,1.0,20,14.0,,3.0,3.0,,3.0,0,0,8.0,11.0
30505,Michel Adopo,Cagliari,M,Cagliari vs Hellas Verona,90,6.6,,0.0,1.0,1.0,36,29.0,,4.0,,1.0,,0,0,5.0,12.0
30505,Michel Adopo,Cagliari,M,AS Roma vs Cagliari,90,6.5,,0.0,,,46,36.0,,1.0,2.0,,2.0,0,0,5.0,9.0
30505,Michel Adopo,Cagliari,M,Cagliari vs Lecce,90,6.7,,0.0,1.0,,43,32.0,,3.0,1.0,3.0,2.0,0,0,10.0,17.0
30505,Michel Adopo,Cagliari,M,Cagliari vs Lazio,90,6.9,,0.0,1.0,,33,28.0,,1.0,,,2.0,0,0,3.0,8.0
30505,Michel Adopo,Cagliari,M,Parma vs Cagliari,97,6.7,,,,,44,38.0,,,1.0,,1.0,0,0,2.0,4.0
309388,Matteo Prati,Cagliari,M,Cagliari vs Fiorentina,61,6.7,,0.0,,,27,22.0,,,1.0,2.0,1.0,0,0,1.0,3.0
309388,Matteo Prati,Cagliari,M,Napoli vs Cagliari,65,6.9,,0.0,2.0,,29,26.0,,3.0,1.0,1.0,1.0,0,0,5.0,6.0
309388,Matteo Prati,Cagliari,M,Cagliari vs Parma,90,7,,0.0,,,33,30.0,,1.0,,,,0,0,1.0,2.0
309388,Matteo Prati,Cagliari,M,Lecce vs Cagliari,60,6.2,,0.0,1.0,,19,14.0,,,2.0,2.0,,1,0,,4.0
309388,Matteo Prati,Cagliari,M,Cagliari vs Inter,46,6.9,,0.0,,,17,16.0,,2.0,1.0,1.0,,0,0,3.0,5.0
309388,Matteo Prati,Cagliari,M,Udinese vs Cagliari,90,6.7,,0.0,,,35,28.0,,,,,,0,0,,
309388,Matteo Prati,Cagliari,M,Cagliari vs Bologna,68,6.6,,0.0,,,23,17.0,,2.0,1.0,2.0,1.0,0,0,3.0,5.0
309388,Matteo Prati,Cagliari,M,Hellas Verona vs Cagliari,86,6.3,,0.0,,,40,29.0,,,1.0,,,0,0,1.0,4.0
309388,Matteo Prati,Cagliari,M,Cagliari vs Sassuolo,90,6.5,,0.0,,,40,27.0,,1.0,2.0,1.0,,0,0,2.0,6.0
309388,Matteo Prati,Cagliari,M,Lazio vs Cagliari,90,6.2,,0.0,3.0,,38,33.0,,1.0,1.0,,,0,0,3.0,4.0
309388,Matteo Prati,Cagliari,M,Como vs Cagliari,79,6.9,,0.0,,,16,11.0,,,1.0,,,1,0,1.0,2.0
309388,Matteo Prati,Cagliari,M,Cagliari vs Genoa,57,6.2,,0.0,2.0,,20,12.0,,,,2.0,,1,0,,3.0
309388,Matteo Prati,Cagliari,M,Juventus vs Cagliari,37,6.3,,0.0,,,18,15.0,,,1.0,2.0,,1,0,,3.0
309388,Matteo Prati,Cagliari,M,Cagliari vs AS Roma,21,7.2,,0.0,,,9,7.0,,5.0,,,,0,0,5.0,5.0
309388,Matteo Prati,Cagliari,M,Atalanta vs Cagliari,32,6.9,,0.0,1.0,,17,15.0,,2.0,,,,0,0,3.0,3.0
309388,Matteo Prati,Cagliari,M,Torino vs Cagliari,84,7.3,1.0,0.0,1.0,1.0,35,27.0,,3.0,1.0,1.0,,0,0,3.0,4.0
309388,Matteo Prati,Cagliari,M,Cagliari vs AC Milan,61,6.3,,0.0,2.0,,26,22.0,,,,1.0,,0,0,,4.0
309388,Matteo Prati,Cagliari,M,Cremonese vs Cagliari,56,6.9,,0.0,,,37,30.0,,3.0,,,,0,0,4.0,4.0
309388,Matteo Prati,Cagliari,M,Genoa vs Cagliari,90,6.5,,0.0,1.0,,69,60.0,,,1.0,2.0,,0,0,1.0,7.0
309388,Matteo Prati,Cagliari,M,Fiorentina vs Cagliari,10,6.7,,0.0,,,3,2.0,,1.0,1.0,,,0,0,1.0,2.0
309388,Matteo Prati,Cagliari,M,Torino vs Lecce,20,6.3,,0.0,1.0,,6,2.0,,1.0,,1.0,,1,0,1.0,3.0
309388,Matteo Prati,Cagliari,M,Torino vs Bologna,54,6.5,,0.0,,,29,23.0,,,,1.0,,0,0,,3.0
309388,Matteo Prati,Cagliari,M,Genoa vs Torino,45,6.3,,0.0,2.0,,18,16.0,,1.0,,,,0,0,1.0,4.0
30561,Alessandro Deiola,Cagliari,M,Cagliari vs Fiorentina,74,6.3,,0.0,,,28,18.0,,2.0,,1.0,,0,0,2.0,7.0
30561,Alessandro Deiola,Cagliari,M,Napoli vs Cagliari,90,6.6,,0.0,,,39,34.0,,2.0,1.0,2.0,,0,0,2.0,4.0
30561,Alessandro Deiola,Cagliari,M,Cagliari vs Parma,36,6.7,,0.0,,,7,5.0,,1.0,1.0,1.0,1.0,1,0,2.0,5.0
30561,Alessandro Deiola,Cagliari,M,Lecce vs Cagliari,87,7,,0.0,2.0,1.0,36,34.0,,4.0,,2.0,1.0,0,0,7.0,11.0
30561,Alessandro Deiola,Cagliari,M,Cagliari vs Inter,58,6.7,,0.0,,,21,14.0,,3.0,,,,0,0,4.0,5.0
30561,Alessandro Deiola,Cagliari,M,Udinese vs Cagliari,90,7,,0.0,,,30,24.0,,2.0,2.0,1.0,3.0,0,0,5.0,8.0
30561,Alessandro Deiola,Cagliari,M,Cagliari vs Genoa,76,6.3,,1.0,1.0,1.0,30,22.0,,1.0,,1.0,2.0,1,0,4.0,10.0
30561,Alessandro Deiola,Cagliari,M,Juventus vs Cagliari,90,6.9,,0.0,,,80,72.0,,1.0,2.0,2.0,,1,0,2.0,5.0
30561,Alessandro Deiola,Cagliari,M,Cagliari vs AS Roma,90,7.5,,0.0,1.0,1.0,45,39.0,,2.0,1.0,4.0,,0,0,4.0,10.0
30561,Alessandro Deiola,Cagliari,M,Atalanta vs Cagliari,90,7.2,,0.0,,,35,30.0,,5.0,,2.0,1.0,0,0,8.0,12.0
30561,Alessandro Deiola,Cagliari,M,Cagliari vs Pisa,90,6.6,,0.0,,,46,38.0,,2.0,2.0,1.0,1.0,0,0,3.0,7.0
30561,Alessandro Deiola,Cagliari,M,Torino vs Cagliari,90,6.7,,1.0,,,44,37.0,,1.0,4.0,,1.0,0,0,3.0,7.0
215,Sebastiano Esposito,Cagliari,M,Cagliari vs Fiorentina,61,6.6,,0.0,2.0,,16,15.0,,,,2.0,3.0,0,0,3.0,11.0
215,Sebastiano Esposito,Cagliari,M,Napoli vs Cagliari,66,6.7,,0.0,1.0,,15,10.0,,1.0,,2.0,1.0,0,0,5.0,10.0
215,Sebastiano Esposito,Cagliari,M,Cagliari vs Parma,74,7.2,,0.0,,,35,27.0,,3.0,2.0,1.0,3.0,1,0,8.0,11.0
215,Sebastiano Esposito,Cagliari,M,Lecce vs Cagliari,60,6.5,,0.0,2.0,,17,11.0,,4.0,1.0,4.0,,1,0,5.0,13.0
215,Sebastiano Esposito,Cagliari,M,Cagliari vs Inter,90,6.6,,0.0,1.0,,23,16.0,,,,1.0,1.0,0,0,2.0,7.0
215,Sebastiano Esposito,Cagliari,M,Udinese vs Cagliari,83,6.3,,0.0,1.0,,15,12.0,,3.0,,2.0,2.0,0,0,6.0,14.0
215,Sebastiano Esposito,Cagliari,M,Cagliari vs Bologna,78,6.9,,0.0,,,21,16.0,,,,1.0,,1,0,1.0,5.0
215,Sebastiano Esposito,Cagliari,M,Cagliari vs Sassuolo,83,7.2,1.0,0.0,1.0,1.0,17,11.0,,2.0,,2.0,,0,0,2.0,6.0
215,Sebastiano Esposito,Cagliari,M,Lazio vs Cagliari,68,6.7,,0.0,1.0,,25,17.0,,1.0,,2.0,,0,0,1.0,4.0
215,Sebastiano Esposito,Cagliari,M,Como vs Cagliari,67,7.2,,0.0,,,11,8.0,,2.0,,2.0,4.0,0,0,10.0,14.0
215,Sebastiano Esposito,Cagliari,M,Cagliari vs Genoa,71,7.6,1.0,0.0,2.0,1.0,26,18.0,,2.0,,1.0,,0,0,4.0,7.0
215,Sebastiano Esposito,Cagliari,M,Juventus vs Cagliari,69,7.3,1.0,0.0,1.0,1.0,25,20.0,,1.0,,,1.0,0,0,2.0,4.0
215,Sebastiano Esposito,Cagliari,M,Cagliari vs AS Roma,90,7.2,,1.0,4.0,2.0,40,31.0,,3.0,1.0,,4.0,0,0,8.0,11.0
215,Sebastiano Esposito,Cagliari,M,Atalanta vs Cagliari,90,7.5,,1.0,,,36,27.0,,2.0,,1.0,1.0,0,0,5.0,8.0
215,Sebastiano Esposito,Cagliari,M,Cagliari vs Pisa,90,7,,0.0,1.0,,31,24.0,,2.0,,1.0,3.0,1,0,8.0,10.0
215,Sebastiano Esposito,Cagliari,M,Torino vs Cagliari,22,6.6,,0.0,,,16,12.0,,,,,1.0,0,0,1.0,2.0
215,Sebastiano Esposito,Cagliari,M,Cagliari vs AC Milan,66,7.2,,0.0,,,32,21.0,,3.0,,1.0,1.0,0,0,6.0,9.0
215,Sebastiano Esposito,Cagliari,M,Cremonese vs Cagliari,45,7,,0.0,1.0,,20,16.0,,,,1.0,2.0,0,0,2.0,4.0
215,Sebastiano Esposito,Cagliari,M,Genoa vs Cagliari,69,8,,0.0,1.0,1.0,50,42.0,,2.0,,2.0,5.0,0,0,8.0,11.0
215,Sebastiano Esposito,Cagliari,M,Cagliari vs Juventus,64,6.3,,0.0,1.0,,13,9.0,,,2.0,3.0,,0,0,,5.0
215,Sebastiano Esposito,Cagliari,M,Fiorentina vs Cagliari,64,6.6,,1.0,2.0,2.0,36,28.0,,2.0,1.0,2.0,,0,0,4.0,11.0
215,Sebastiano Esposito,Cagliari,M,Cagliari vs Hellas Verona,87,6.9,,1.0,1.0,,43,34.0,,,,2.0,,0,0,2.0,7.0
215,Sebastiano Esposito,Cagliari,M,AS Roma vs Cagliari,73,7,,0.0,,,35,24.0,,3.0,,,1.0,0,0,4.0,6.0
215,Sebastiano Esposito,Cagliari,M,Cagliari vs Lecce,90,6.7,,0.0,,,35,23.0,,1.0,,1.0,1.0,0,0,4.0,11.0
215,Sebastiano Esposito,Cagliari,M,Cagliari vs Lazio,73,7,,0.0,1.0,,21,13.0,,1.0,,,1.0,0,0,2.0,4.0
215,Sebastiano Esposito,Cagliari,M,Parma vs Cagliari,87,6.9,,1.0,2.0,1.0,30,26.0,,2.0,1.0,,,0,0,4.0,10.0
31499,Gennaro Borrelli,Cagliari,F,Cagliari vs Fiorentina,81,6.3,,0.0,2.0,1.0,9,7.0,,2.0,,4.0,5.0,1,0,11.0,21.0
31499,Gennaro Borrelli,Cagliari,F,Napoli vs Cagliari,24,6.9,,0.0,,,3,3.0,,1.0,,1.0,3.0,0,0,6.0,9.0
31499,Gennaro Borrelli,Cagliari,F,Cagliari vs Parma,16,7,,0.0,,,6,4.0,,2.0,,2.0,,0,0,4.0,7.0
31499,Gennaro Borrelli,Cagliari,F,Cagliari vs Inter,13,6.3,,0.0,,,3,3.0,,,,,,0,0,1.0,2.0
31499,Gennaro Borrelli,Cagliari,F,Udinese vs Cagliari,72,7.6,1.0,0.0,2.0,2.0,12,5.0,,1.0,,3.0,1.0,0,0,6.0,13.0
31499,Gennaro Borrelli,Cagliari,F,Cagliari vs Bologna,36,6.7,,0.0,,,12,10.0,,,,1.0,1.0,0,0,4.0,7.0
31499,Gennaro Borrelli,Cagliari,F,Hellas Verona vs Cagliari,90,6.3,,0.0,1.0,,14,11.0,,1.0,2.0,2.0,4.0,1,0,7.0,17.0
31499,Gennaro Borrelli,Cagliari,F,Cagliari vs Sassuolo,76,6.2,,0.0,,,9,6.0,,1.0,,5.0,1.0,0,0,4.0,10.0
31499,Gennaro Borrelli,Cagliari,F,Lazio vs Cagliari,69,6.2,,0.0,1.0,,9,7.0,,1.0,,3.0,2.0,0,0,3.0,12.0
31499,Gennaro Borrelli,Cagliari,F,Como vs Cagliari,23,6.2,,0.0,,,7,1.0,,,,1.0,,0,0,2.0,9.0
31499,Gennaro Borrelli,Cagliari,F,Cagliari vs Genoa,71,8.9,2.0,0.0,2.0,2.0,15,11.0,,1.0,,2.0,4.0,0,0,8.0,16.0
31499,Gennaro Borrelli,Cagliari,F,Juventus vs Cagliari,90,6.9,,0.0,,,11,9.0,,1.0,,1.0,4.0,0,0,8.0,13.0
31499,Gennaro Borrelli,Cagliari,F,Cagliari vs AS Roma,69,6.3,,0.0,1.0,,16,14.0,,1.0,,2.0,2.0,0,0,4.0,10.0
31499,Gennaro Borrelli,Cagliari,F,Atalanta vs Cagliari,58,6.5,,0.0,2.0,,13,10.0,,,,5.0,3.0,0,0,8.0,19.0
31499,Gennaro Borrelli,Cagliari,F,Cagliari vs Pisa,8,6.7,,0.0,,,7,1.0,,,,,1.0,0,0,3.0,3.0
31499,Gennaro Borrelli,Cagliari,F,Torino vs Cagliari,18,6.5,,0.0,,,11,6.0,,,,2.0,2.0,0,0,5.0,8.0
31499,Gennaro Borrelli,Cagliari,F,Cagliari vs AC Milan,29,6.3,,0.0,,,2,1.0,,,,,,0,0,1.0,2.0
31499,Gennaro Borrelli,Cagliari,F,Cremonese vs Cagliari,90,6.6,,1.0,2.0,,14,12.0,,,,2.0,4.0,1,0,8.0,12.0
31499,Gennaro Borrelli,Cagliari,F,Genoa vs Cagliari,21,6.2,,0.0,,,3,3.0,,,,1.0,,0,0,,2.0
31499,Gennaro Borrelli,Cagliari,F,Cagliari vs Juventus,36,7,,0.0,,,5,4.0,,3.0,,1.0,2.0,0,0,8.0,13.0
31499,Gennaro Borrelli,Cagliari,F,Fiorentina vs Cagliari,19,6.9,,0.0,1.0,1.0,4,2.0,,,1.0,2.0,1.0,0,0,2.0,4.0
31499,Gennaro Borrelli,Cagliari,F,Cagliari vs Hellas Verona,24,6.7,,0.0,,,4,3.0,,,,,1.0,0,0,2.0,4.0
56851,Michael Folorunsho,Cagliari,F,Cagliari vs Fiorentina,90,6.2,,0.0,2.0,1.0,19,12.0,,,,,,0,0,1.0,6.0
56851,Michael Folorunsho,Cagliari,F,Napoli vs Cagliari,83,6.6,,0.0,2.0,,17,15.0,,3.0,,1.0,1.0,0,0,6.0,11.0
56851,Michael Folorunsho,Cagliari,F,Cagliari vs Parma,88,6.5,,0.0,2.0,,23,14.0,,2.0,,1.0,4.0,0,0,6.0,15.0
56851,Michael Folorunsho,Cagliari,F,Lecce vs Cagliari,90,6,,0.0,,,29,21.0,,,2.0,1.0,2.0,0,0,3.0,10.0
56851,Michael Folorunsho,Cagliari,F,Cagliari vs Inter,77,6.5,,0.0,1.0,,13,9.0,,1.0,,1.0,1.0,0,0,5.0,10.0
56851,Michael Folorunsho,Cagliari,F,Udinese vs Cagliari,90,6.7,,0.0,,,29,18.0,,1.0,,1.0,3.0,0,0,7.0,15.0
56851,Michael Folorunsho,Cagliari,F,Cagliari vs Bologna,90,6.3,,0.0,,,14,10.0,,2.0,1.0,2.0,3.0,0,0,5.0,13.0
56851,Michael Folorunsho,Cagliari,F,Hellas Verona vs Cagliari,62,6,,0.0,,,31,20.0,,,,1.0,2.0,0,0,4.0,9.0
56851,Michael Folorunsho,Cagliari,F,Cagliari vs Sassuolo,62,6.9,,0.0,,,16,11.0,,2.0,,1.0,3.0,1,0,7.0,9.0
56851,Michael Folorunsho,Cagliari,F,Lazio vs Cagliari,79,6.2,,0.0,3.0,2.0,19,13.0,,,1.0,2.0,1.0,0,0,2.0,9.0
56851,Michael Folorunsho,Cagliari,F,Como vs Cagliari,90,6.2,,0.0,1.0,,14,5.0,,,,2.0,3.0,0,0,6.0,17.0
56851,Michael Folorunsho,Cagliari,F,Cagliari vs Genoa,90,6.5,,0.0,,,12,8.0,,4.0,,3.0,1.0,0,0,6.0,13.0
56851,Michael Folorunsho,Cagliari,F,Juventus vs Cagliari,81,6.5,,0.0,1.0,,30,24.0,,2.0,,2.0,3.0,1,0,5.0,11.0
56851,Michael Folorunsho,Cagliari,F,Cagliari vs AS Roma,89,6.9,,0.0,2.0,2.0,18,13.0,,2.0,1.0,3.0,2.0,1,0,8.0,16.0
56851,Michael Folorunsho,Cagliari,F,Atalanta vs Cagliari,90,6.2,,0.0,,,21,14.0,,1.0,1.0,2.0,,0,0,6.0,11.0
56851,Michael Folorunsho,Cagliari,F,Cagliari vs Pisa,63,7.6,1.0,0.0,1.0,1.0,19,15.0,,,,1.0,2.0,0,0,7.0,12.0
56851,Michael Folorunsho,Cagliari,F,Parma vs Cagliari,36,7.2,1.0,,1.0,1.0,3,,,,,1.0,,0,0,1.0,2.0
30780,Luca Mazzitelli,Cagliari,M,Cagliari vs Fiorentina,29,6.6,,0.0,,,11,10.0,,,,1.0,,1,0,,2.0
30780,Luca Mazzitelli,Cagliari,M,Lecce vs Cagliari,8,6.9,,0.0,,,2,1.0,,,1.0,,1.0,0,0,2.0,2.0
30780,Luca Mazzitelli,Cagliari,M,Hellas Verona vs Cagliari,10,6.7,,0.0,,,10,9.0,,,,1.0,,1,0,,1.0
30780,Luca Mazzitelli,Cagliari,M,Cagliari vs Sassuolo,15,6.6,,0.0,,,8,5.0,,,,1.0,,0,0,1.0,2.0
30780,Luca Mazzitelli,Cagliari,M,Como vs Cagliari,11,6.6,,0.0,,,6,4.0,,,,,,0,0,1.0,2.0
30780,Luca Mazzitelli,Cagliari,M,Cagliari vs Pisa,27,6.9,,0.0,1.0,1.0,11,6.0,,1.0,,2.0,1.0,0,0,4.0,6.0
30780,Luca Mazzitelli,Cagliari,M,Torino vs Cagliari,72,6.2,,1.0,1.0,,34,21.0,,1.0,4.0,2.0,1.0,0,0,3.0,10.0
30780,Luca Mazzitelli,Cagliari,M,Cagliari vs AC Milan,83,6.9,,0.0,1.0,,42,35.0,,3.0,1.0,1.0,1.0,0,0,5.0,11.0
30780,Luca Mazzitelli,Cagliari,M,Cremonese vs Cagliari,34,6.9,,1.0,2.0,1.0,23,18.0,,1.0,1.0,2.0,,0,0,2.0,5.0
30780,Luca Mazzitelli,Cagliari,M,Genoa vs Cagliari,69,6.3,,0.0,2.0,,38,32.0,,1.0,2.0,3.0,1.0,1,0,3.0,8.0
30780,Luca Mazzitelli,Cagliari,M,Cagliari vs Juventus,90,8.5,1.0,0.0,1.0,1.0,17,9.0,,3.0,1.0,2.0,3.0,0,0,7.0,13.0
30780,Luca Mazzitelli,Cagliari,M,Fiorentina vs Cagliari,80,6.3,,0.0,,,17,14.0,,2.0,,,,0,0,2.0,8.0
30780,Luca Mazzitelli,Cagliari,M,Cagliari vs Hellas Verona,66,8.3,1.0,0.0,2.0,2.0,32,27.0,,1.0,,,1.0,0,0,3.0,4.0
30780,Luca Mazzitelli,Cagliari,M,AS Roma vs Cagliari,59,6.3,,0.0,,,31,23.0,,1.0,,2.0,1.0,0,0,2.0,6.0
30780,Luca Mazzitelli,Cagliari,M,Cagliari vs Lecce,33,6.2,,0.0,,,23,16.0,,2.0,,1.0,1.0,0,0,3.0,7.0
30780,Luca Mazzitelli,Cagliari,M,Cagliari vs Lazio,42,6.2,,0.0,1.0,,23,18.0,,2.0,1.0,2.0,,0,0,2.0,6.0
140831,Zito Luvumbo,Cagliari,F,Cagliari vs Fiorentina,29,6.3,,0.0,3.0,2.0,6,5.0,,,1.0,,2.0,0,0,3.0,6.0
140831,Zito Luvumbo,Cagliari,F,Napoli vs Cagliari,32,6.9,,0.0,2.0,1.0,4,3.0,,,,,1.0,0,0,1.0,2.0
140831,Zito Luvumbo,Cagliari,F,Udinese vs Cagliari,18,6.2,,0.0,1.0,,2,2.0,,,,2.0,,0,0,,2.0
140831,Zito Luvumbo,Cagliari,F,Cagliari vs Bologna,35,6.7,,0.0,,,6,3.0,,,,,5.0,0,0,5.0,9.0
140831,Zito Luvumbo,Cagliari,F,Hellas Verona vs Cagliari,27,6.3,,0.0,,,5,4.0,,,,,1.0,0,0,2.0,4.0
140831,Zito Luvumbo,Cagliari,F,Cagliari vs Sassuolo,16,6.9,,0.0,,,3,3.0,,,,,3.0,0,0,3.0,3.0
140831,Zito Luvumbo,Cagliari,F,Lazio vs Cagliari,22,6.3,,0.0,,,4,3.0,,,,,,0,0,,1.0
140831,Zito Luvumbo,Cagliari,F,Como vs Cagliari,11,6.3,,0.0,1.0,1.0,0,,,,,1.0,,0,0,,1.0
140831,Zito Luvumbo,Cagliari,F,Cagliari vs Genoa,19,6.5,,0.0,,,2,1.0,,,,,,0,0,,1.0
140831,Zito Luvumbo,Cagliari,F,Atalanta vs Cagliari,8,6.7,,0.0,,,0,,,,,,1.0,0,0,1.0,1.0
140831,Zito Luvumbo,Cagliari,F,Cremonese vs Cagliari,56,7,,0.0,3.0,1.0,16,13.0,,1.0,,,3.0,0,0,6.0,10.0
140831,Zito Luvumbo,Cagliari,F,Genoa vs Cagliari,62,6.3,,0.0,1.0,1.0,17,13.0,,1.0,,1.0,2.0,0,0,3.0,8.0
325,Gianluca Gaetano,Cagliari,M,Cagliari vs Fiorentina,16,7.2,,1.0,1.0,1.0,11,9.0,,,,,1.0,0,0,1.0,2.0
325,Gianluca Gaetano,Cagliari,M,Napoli vs Cagliari,25,6.2,,0.0,1.0,,10,7.0,,,,1.0,,0,0,,3.0
325,Gianluca Gaetano,Cagliari,M,Cagliari vs Parma,54,6.5,,0.0,1.0,,27,20.0,,,,1.0,2.0,0,0,4.0,11.0
325,Gianluca Gaetano,Cagliari,M,Lecce vs Cagliari,30,6.3,,0.0,,,10,9.0,,,,1.0,,0,0,,2.0
325,Gianluca Gaetano,Cagliari,M,Cagliari vs Inter,32,6.2,,0.0,1.0,,22,15.0,,1.0,2.0,,,0,0,2.0,6.0
325,Gianluca Gaetano,Cagliari,M,Cagliari vs Bologna,22,6.6,,0.0,2.0,1.0,9,7.0,,,,1.0,1.0,0,0,2.0,3.0
325,Gianluca Gaetano,Cagliari,M,Hellas Verona vs Cagliari,63,6.6,,0.0,2.0,1.0,37,28.0,,1.0,1.0,1.0,4.0,0,0,5.0,9.0
325,Gianluca Gaetano,Cagliari,M,Cagliari vs Sassuolo,28,6.6,,0.0,,,11,9.0,,2.0,,,,0,0,2.0,2.0
325,Gianluca Gaetano,Cagliari,M,Lazio vs Cagliari,57,6.3,,0.0,1.0,1.0,34,31.0,,,,3.0,,1,0,1.0,6.0
325,Gianluca Gaetano,Cagliari,M,Como vs Cagliari,57,6.9,,0.0,,,15,11.0,,,1.0,1.0,1.0,0,0,2.0,5.0
325,Gianluca Gaetano,Cagliari,M,Cagliari vs Genoa,14,6.7,,0.0,1.0,1.0,8,3.0,,1.0,,,,0,0,2.0,2.0
325,Gianluca Gaetano,Cagliari,M,Juventus vs Cagliari,9,6.6,,0.0,,,6,6.0,,,,,,0,0,2.0,4.0
325,Gianluca Gaetano,Cagliari,M,Cagliari vs AS Roma,21,7.7,1.0,0.0,1.0,1.0,10,9.0,,,,,,1,0,,
325,Gianluca Gaetano,Cagliari,M,Atalanta vs Cagliari,32,7.2,1.0,0.0,1.0,1.0,18,10.0,,,1.0,,,1,0,,1.0
325,Gianluca Gaetano,Cagliari,M,Cagliari vs Pisa,83,7.2,,1.0,2.0,,35,28.0,,1.0,,1.0,1.0,0,0,4.0,9.0
325,Gianluca Gaetano,Cagliari,M,Torino vs Cagliari,68,6.3,,0.0,1.0,1.0,32,22.0,,,,1.0,,0,0,,2.0
325,Gianluca Gaetano,Cagliari,M,Cagliari vs AC Milan,24,7,,0.0,,,17,16.0,,,,,,0,0,2.0,3.0
325,Gianluca Gaetano,Cagliari,M,Cremonese vs Cagliari,65,7.3,,0.0,1.0,,49,43.0,,,,1.0,1.0,0,0,4.0,6.0
325,Gianluca Gaetano,Cagliari,M,Genoa vs Cagliari,28,6.5,,0.0,,,18,14.0,,,,,1.0,0,0,2.0,3.0
325,Gianluca Gaetano,Cagliari,M,Cagliari vs Juventus,90,6.9,,1.0,,,13,12.0,,2.0,1.0,2.0,1.0,0,0,3.0,7.0
325,Gianluca Gaetano,Cagliari,M,Fiorentina vs Cagliari,90,6.7,,0.0,,,28,22.0,,2.0,1.0,1.0,3.0,0,0,5.0,9.0
325,Gianluca Gaetano,Cagliari,M,Cagliari vs Hellas Verona,90,6.9,,0.0,1.0,,81,64.0,,1.0,1.0,2.0,1.0,0,0,3.0,6.0
325,Gianluca Gaetano,Cagliari,M,AS Roma vs Cagliari,87,7.3,,0.0,,,61,51.0,,1.0,,1.0,2.0,1,0,5.0,7.0
383026,Riyad Idrissi,Cagliari,D,Cagliari vs Fiorentina,15,6.7,,0.0,,,8,5.0,,,,,,0,0,,1.0
383026,Riyad Idrissi,Cagliari,D,Napoli vs Cagliari,14,6.2,,0.0,,,1,1.0,,,,,1.0,0,0,1.0,2.0
383026,Riyad Idrissi,Cagliari,D,Cagliari vs Inter,13,6.7,,0.0,,,9,9.0,,,,,,0,0,1.0,2.0
383026,Riyad Idrissi,Cagliari,D,Hellas Verona vs Cagliari,90,7.3,1.0,0.0,1.0,1.0,38,31.0,,1.0,,,,0,0,1.0,5.0
383026,Riyad Idrissi,Cagliari,D,Cagliari vs Sassuolo,90,6.6,,0.0,,,20,16.0,,4.0,1.0,1.0,,1,0,5.0,9.0
383026,Riyad Idrissi,Cagliari,D,Lazio vs Cagliari,11,6.3,,0.0,,,4,,,,,,,0,0,,
383026,Riyad Idrissi,Cagliari,D,Como vs Cagliari,11,6.9,,0.0,,,1,1.0,,1.0,,,,0,0,2.0,2.0
383026,Riyad Idrissi,Cagliari,D,Cagliari vs Genoa,33,6.2,,0.0,,,7,4.0,,1.0,1.0,1.0,,0,0,1.0,3.0
383026,Riyad Idrissi,Cagliari,D,Juventus vs Cagliari,37,6.9,,0.0,1.0,1.0,24,23.0,,2.0,,,,0,0,2.0,5.0
383026,Riyad Idrissi,Cagliari,D,Cagliari vs AS Roma,13,6.6,,0.0,,,11,7.0,,,1.0,,,0,0,,
383026,Riyad Idrissi,Cagliari,D,Atalanta vs Cagliari,24,6.3,,0.0,,,13,13.0,,1.0,,,,0,0,1.0,1.0
383026,Riyad Idrissi,Cagliari,D,Cagliari vs Pisa,45,6.2,,0.0,,,15,13.0,,,,,,0,0,,3.0
383026,Riyad Idrissi,Cagliari,D,Torino vs Cagliari,90,6.3,,0.0,1.0,1.0,24,20.0,,1.0,2.0,1.0,1.0,0,0,2.0,5.0
383026,Riyad Idrissi,Cagliari,D,Cagliari vs AC Milan,29,6.9,,0.0,,,12,11.0,,2.0,1.0,1.0,,1,0,3.0,5.0
383026,Riyad Idrissi,Cagliari,D,Genoa vs Cagliari,45,6,,0.0,1.0,1.0,22,19.0,,1.0,,1.0,,0,0,1.0,5.0
383026,Riyad Idrissi,Cagliari,D,Cagliari vs Juventus,26,6.6,,0.0,,,1,1.0,,,,,,0,0,,1.0
383026,Riyad Idrissi,Cagliari,D,Fiorentina vs Cagliari,10,6.7,,0.0,,,4,2.0,,,,,,0,0,,
383026,Riyad Idrissi,Cagliari,D,Cagliari vs Hellas Verona,11,7.6,1.0,0.0,1.0,1.0,4,4.0,,,,1.0,1.0,0,0,1.0,2.0
383026,Riyad Idrissi,Cagliari,D,AS Roma vs Cagliari,17,6.3,,0.0,,,11,8.0,,,,1.0,,1,0,1.0,3.0
383026,Riyad Idrissi,Cagliari,D,Cagliari vs Lecce,90,6.5,,0.0,,,39,29.0,,6.0,2.0,2.0,2.0,0,0,9.0,17.0
383026,Riyad Idrissi,Cagliari,D,Cagliari vs Lazio,48,6.9,,0.0,1.0,1.0,12,7.0,,,,,,0,0,2.0,4.0
383026,Riyad Idrissi,Cagliari,D,Parma vs Cagliari,10,6.7,,,,,1,,,,,,,0,0,,
336567,Semih Kılıçsoy,Cagliari,F,Cagliari vs Fiorentina,9,6.3,,0.0,,,2,1.0,,,,1.0,,1,0,,3.0
336567,Semih Kılıçsoy,Cagliari,F,Lecce vs Cagliari,17,6.3,,0.0,,,3,2.0,,,,1.0,,0,0,1.0,6.0
336567,Semih Kılıçsoy,Cagliari,F,Cagliari vs Bologna,12,6.5,,0.0,,,3,2.0,,,,,,0,0,,1.0
336567,Semih Kılıçsoy,Cagliari,F,Lazio vs Cagliari,21,6.7,,0.0,,,2,2.0,,,,,1.0,0,0,1.0,2.0
336567,Semih Kılıçsoy,Cagliari,F,Juventus vs Cagliari,9,6.2,,0.0,,,4,2.0,,,,,,0,0,1.0,3.0
336567,Semih Kılıçsoy,Cagliari,F,Cagliari vs Pisa,82,7,1.0,0.0,3.0,2.0,17,13.0,,,,2.0,1.0,0,0,2.0,12.0
336567,Semih Kılıçsoy,Cagliari,F,Torino vs Cagliari,72,7.3,1.0,0.0,2.0,1.0,13,10.0,,1.0,,2.0,1.0,0,0,4.0,10.0
336567,Semih Kılıçsoy,Cagliari,F,Cagliari vs AC Milan,83,6.2,,0.0,,,16,12.0,,,,1.0,1.0,0,0,1.0,8.0
336567,Semih Kılıçsoy,Cagliari,F,Cremonese vs Cagliari,25,6.6,,0.0,,,9,7.0,,1.0,,,1.0,0,0,3.0,7.0
336567,Semih Kılıçsoy,Cagliari,F,Genoa vs Cagliari,90,5.9,,0.0,1.0,,34,30.0,,,,1.0,,0,0,,4.0
336567,Semih Kılıçsoy,Cagliari,F,Cagliari vs Juventus,54,6.2,,0.0,,,11,7.0,,,,,,0,0,1.0,6.0
336567,Semih Kılıçsoy,Cagliari,F,Fiorentina vs Cagliari,71,7.9,1.0,0.0,1.0,1.0,18,15.0,,,,1.0,2.0,0,0,4.0,6.0
336567,Semih Kılıçsoy,Cagliari,F,Cagliari vs Hellas Verona,66,7.2,1.0,0.0,1.0,1.0,16,11.0,,,,,1.0,0,0,3.0,9.0
336567,Semih Kılıçsoy,Cagliari,F,AS Roma vs Cagliari,73,6.3,,0.0,,,23,17.0,,,,3.0,4.0,0,0,7.0,14.0
336567,Semih Kılıçsoy,Cagliari,F,Cagliari vs Lecce,33,6.3,,0.0,,,5,3.0,,,,,,0,0,,4.0
336567,Semih Kılıçsoy,Cagliari,F,Cagliari vs Lazio,88,6.9,,0.0,,,18,13.0,,1.0,,,1.0,0,0,4.0,6.0
336567,Semih Kılıçsoy,Cagliari,F,Parma vs Cagliari,61,6.2,,,2.0,2.0,21,16.0,,,,,1.0,0,0,3.0,9.0
882,David De Gea,Fiorentina,G,Cagliari vs Fiorentina,90,6.2,,0.0,,,32,24.0,,,,,,0,0,,
882,David De Gea,Fiorentina,G,Torino vs Fiorentina,90,8.2,,0.0,,,21,17.0,,,,,,0,0,1.0,1.0
882,David De Gea,Fiorentina,G,Fiorentina vs Napoli,90,7.3,,0.0,,,35,27.0,,,,,,0,0,,
882,David De Gea,Fiorentina,G,Fiorentina vs Como,90,6.9,,0.0,,,30,21.0,,,,,,0,0,,
882,David De Gea,Fiorentina,G,Pisa vs Fiorentina,90,7.2,,0.0,,,31,26.0,,,,,2.0,0,0,2.0,2.0
882,David De Gea,Fiorentina,G,Fiorentina vs AS Roma,90,6,,0.0,,,27,14.0,,,,,,0,0,,
882,David De Gea,Fiorentina,G,AC Milan vs Fiorentina,90,7,,0.0,,,18,9.0,,,,,,0,0,,
882,David De Gea,Fiorentina,G,Fiorentina vs Bologna,90,6.2,,0.0,,,20,7.0,,,,,,0,0,1.0,1.0
882,David De Gea,Fiorentina,G,Inter vs Fiorentina,90,7.7,,0.0,,,36,20.0,,,,,,0,0,,
882,David De Gea,Fiorentina,G,Fiorentina vs Lecce,90,6.3,,0.0,,,34,24.0,,,,,,0,0,1.0,1.0
882,David De Gea,Fiorentina,G,Genoa vs Fiorentina,90,7.3,,0.0,,,24,18.0,,,,,1.0,0,0,1.0,2.0
882,David De Gea,Fiorentina,G,Fiorentina vs Juventus,90,6.6,,0.0,,,32,22.0,,,,,,0,0,,
882,David De Gea,Fiorentina,G,Atalanta vs Fiorentina,90,7.5,,0.0,,,50,28.0,,,,,,0,0,,
882,David De Gea,Fiorentina,G,Sassuolo vs Fiorentina,90,4.2,,0.0,,,26,18.0,,,,,,0,0,,
882,David De Gea,Fiorentina,G,Fiorentina vs Hellas Verona,90,5.9,,0.0,,,22,16.0,,,,,,0,0,,
882,David De Gea,Fiorentina,G,Fiorentina vs Udinese,90,6.3,,0.0,,,27,21.0,,,,,,0,0,,
882,David De Gea,Fiorentina,G,Parma vs Fiorentina,90,6.9,,0.0,,,31,26.0,,,,,,0,0,,1.0
882,David De Gea,Fiorentina,G,Fiorentina vs Cremonese,90,7.3,,0.0,,,25,18.0,,,,,,0,0,,
882,David De Gea,Fiorentina,G,Lazio vs Fiorentina,90,8.3,,0.0,,,32,24.0,,,,,,0,0,,
882,David De Gea,Fiorentina,G,Fiorentina vs AC Milan,90,6.3,,0.0,,,26,19.0,,,,,1.0,0,0,1.0,2.0
882,David De Gea,Fiorentina,G,Bologna vs Fiorentina,90,7.2,,0.0,,,35,18.0,,,,,,0,0,,
882,David De Gea,Fiorentina,G,Fiorentina vs Cagliari,90,7.2,,0.0,,,20,17.0,,,,,,0,0,,
882,David De Gea,Fiorentina,G,Napoli vs Fiorentina,90,6.9,,0.0,,,32,19.0,,,,,,0,0,,
882,David De Gea,Fiorentina,G,Fiorentina vs Torino,90,6.2,,0.0,,,25,16.0,,,,,,0,0,,
882,David De Gea,Fiorentina,G,Como vs Fiorentina,90,6.3,,0.0,,,34,11.0,,,,,,0,0,,
882,David De Gea,Fiorentina,G,Fiorentina vs Pisa,90,7,,0.0,,,21,16.0,,,,,,0,0,,
396637,Pietro Comuzzo,Fiorentina,D,Cagliari vs Fiorentina,62,6.9,,0.0,,,24,20.0,,1.0,1.0,,,0,0,2.0,2.0
396637,Pietro Comuzzo,Fiorentina,D,Torino vs Fiorentina,45,6.9,,0.0,1.0,,19,17.0,,1.0,1.0,,,0,0,1.0,2.0
396637,Pietro Comuzzo,Fiorentina,D,Fiorentina vs Napoli,87,5.7,,0.0,,,42,36.0,,2.0,1.0,2.0,,0,0,4.0,9.0
396637,Pietro Comuzzo,Fiorentina,D,Fiorentina vs AS Roma,15,6.6,,0.0,,,9,7.0,,,1.0,,,0,0,,
396637,Pietro Comuzzo,Fiorentina,D,Inter vs Fiorentina,90,6.5,,0.0,1.0,,35,30.0,,3.0,4.0,4.0,,0,0,5.0,12.0
396637,Pietro Comuzzo,Fiorentina,D,Fiorentina vs Lecce,76,6.6,,0.0,,,44,41.0,,1.0,1.0,,1.0,0,0,5.0,7.0
396637,Pietro Comuzzo,Fiorentina,D,Atalanta vs Fiorentina,15,6.9,,0.0,,,9,8.0,,1.0,1.0,,,0,0,1.0,1.0
396637,Pietro Comuzzo,Fiorentina,D,Sassuolo vs Fiorentina,90,6.3,,0.0,,,53,45.0,,2.0,1.0,2.0,,0,0,7.0,12.0
396637,Pietro Comuzzo,Fiorentina,D,Fiorentina vs Hellas Verona,90,6.7,,0.0,,,71,61.0,,2.0,1.0,1.0,,0,0,5.0,6.0
396637,Pietro Comuzzo,Fiorentina,D,Fiorentina vs Udinese,82,7.5,,0.0,,,77,72.0,,3.0,1.0,1.0,,0,0,5.0,7.0
396637,Pietro Comuzzo,Fiorentina,D,Parma vs Fiorentina,86,7.2,,0.0,2.0,1.0,49,46.0,,4.0,,,,0,0,6.0,8.0
396637,Pietro Comuzzo,Fiorentina,D,Fiorentina vs Cremonese,90,6.9,,0.0,,,45,43.0,,1.0,2.0,,,0,0,1.0,6.0
396637,Pietro Comuzzo,Fiorentina,D,Lazio vs Fiorentina,90,6.5,,0.0,,,76,72.0,,2.0,1.0,2.0,,0,0,5.0,9.0
396637,Pietro Comuzzo,Fiorentina,D,Fiorentina vs AC Milan,90,7.7,1.0,0.0,1.0,1.0,40,38.0,,1.0,,,,0,0,2.0,6.0
396637,Pietro Comuzzo,Fiorentina,D,Bologna vs Fiorentina,90,6.3,,0.0,,,34,28.0,,3.0,1.0,2.0,,0,0,4.0,10.0
396637,Pietro Comuzzo,Fiorentina,D,Fiorentina vs Cagliari,90,6.3,,0.0,1.0,,106,100.0,,,1.0,3.0,2.0,1,0,3.0,8.0
396637,Pietro Comuzzo,Fiorentina,D,Napoli vs Fiorentina,90,6,,0.0,1.0,,42,37.0,,,1.0,2.0,,0,0,,7.0
396637,Pietro Comuzzo,Fiorentina,D,Fiorentina vs Torino,90,6.3,,0.0,1.0,,59,55.0,,2.0,,1.0,,1,0,3.0,6.0
396637,Pietro Comuzzo,Fiorentina,D,Fiorentina vs Pisa,12,6.7,,0.0,,,2,2.0,,,,,,0,0,,1.0
1084,Marin Pongračić,Fiorentina,D,Cagliari vs Fiorentina,90,6.9,,0.0,,,66,61.0,,3.0,2.0,4.0,2.0,1,0,7.0,11.0
1084,Marin Pongračić,Fiorentina,D,Torino vs Fiorentina,90,6.7,,0.0,,,63,56.0,,,4.0,2.0,2.0,1,0,2.0,8.0
1084,Marin Pongračić,Fiorentina,D,Fiorentina vs Napoli,89,5.7,,0.0,,,50,42.0,,,2.0,5.0,1.0,0,0,4.0,12.0
1084,Marin Pongračić,Fiorentina,D,Fiorentina vs Como,90,6.9,,0.0,,,39,33.0,,2.0,2.0,3.0,1.0,1,0,4.0,7.0
1084,Marin Pongračić,Fiorentina,D,Pisa vs Fiorentina,90,7.2,,0.0,1.0,,60,52.0,,1.0,,3.0,,0,0,1.0,4.0
1084,Marin Pongračić,Fiorentina,D,Fiorentina vs AS Roma,90,6.3,,0.0,,,52,46.0,,,2.0,2.0,,0,0,5.0,8.0
1084,Marin Pongračić,Fiorentina,D,AC Milan vs Fiorentina,90,6.6,,0.0,1.0,,50,43.0,,1.0,,2.0,1.0,0,0,4.0,8.0
1084,Marin Pongračić,Fiorentina,D,Fiorentina vs Bologna,90,6.5,,0.0,1.0,,43,40.0,,1.0,3.0,1.0,1.0,0,0,3.0,4.0
1084,Marin Pongračić,Fiorentina,D,Fiorentina vs Lecce,90,7,,0.0,1.0,,60,55.0,,,,1.0,3.0,0,0,6.0,10.0
1084,Marin Pongračić,Fiorentina,D,Genoa vs Fiorentina,90,5.9,,0.0,,,54,47.0,,,,3.0,1.0,1,0,1.0,4.0
1084,Marin Pongračić,Fiorentina,D,Fiorentina vs Juventus,90,6.6,,0.0,,,51,48.0,,,1.0,1.0,1.0,0,0,4.0,6.0
1084,Marin Pongračić,Fiorentina,D,Atalanta vs Fiorentina,90,7,,0.0,,,50,49.0,,3.0,1.0,1.0,,1,0,4.0,7.0
1084,Marin Pongračić,Fiorentina,D,Fiorentina vs Hellas Verona,90,6.6,,0.0,,,84,79.0,,,1.0,3.0,,0,0,,5.0
1084,Marin Pongračić,Fiorentina,D,Fiorentina vs Udinese,90,6.9,,0.0,,,100,96.0,,1.0,1.0,1.0,,0,0,2.0,6.0
1084,Marin Pongračić,Fiorentina,D,Parma vs Fiorentina,90,7,,0.0,,,80,72.0,,1.0,1.0,2.0,,1,0,4.0,7.0
1084,Marin Pongračić,Fiorentina,D,Fiorentina vs Cremonese,90,7.2,,0.0,,,68,61.0,,2.0,1.0,2.0,,0,0,4.0,7.0
1084,Marin Pongračić,Fiorentina,D,Lazio vs Fiorentina,90,6.9,,0.0,,,76,75.0,,,,3.0,1.0,1,0,3.0,7.0
1084,Marin Pongračić,Fiorentina,D,Fiorentina vs AC Milan,90,6.6,,0.0,,,55,52.0,,3.0,,3.0,,0,0,4.0,8.0
1084,Marin Pongračić,Fiorentina,D,Bologna vs Fiorentina,90,6.9,,0.0,1.0,1.0,49,48.0,,,1.0,3.0,2.0,0,0,4.0,13.0
1084,Marin Pongračić,Fiorentina,D,Fiorentina vs Cagliari,90,6.7,,0.0,,,88,83.0,,1.0,2.0,2.0,,1,0,2.0,5.0
1084,Marin Pongračić,Fiorentina,D,Napoli vs Fiorentina,90,6.6,,0.0,,,52,46.0,,3.0,,1.0,,0,0,5.0,8.0
1084,Marin Pongračić,Fiorentina,D,Fiorentina vs Torino,90,6.9,,0.0,,,59,55.0,,,1.0,1.0,,0,0,5.0,8.0
1084,Marin Pongračić,Fiorentina,D,Como vs Fiorentina,90,6.9,,0.0,,,43,40.0,,,3.0,1.0,,0,0,4.0,7.0
1084,Marin Pongračić,Fiorentina,D,Fiorentina vs Pisa,90,7.3,,0.0,,,73,69.0,,,,,1.0,0,0,4.0,5.0
31642,Luca Ranieri,Fiorentina,D,Cagliari vs Fiorentina,45,7.2,,0.0,,,39,35.0,,1.0,,1.0,1.0,0,0,5.0,7.0
31642,Luca Ranieri,Fiorentina,D,Torino vs Fiorentina,90,7.3,,0.0,1.0,,42,34.0,,3.0,2.0,,1.0,0,0,6.0,9.0
31642,Luca Ranieri,Fiorentina,D,Fiorentina vs Napoli,90,6.9,1.0,0.0,1.0,1.0,59,47.0,,1.0,,,,0,0,2.0,7.0
31642,Luca Ranieri,Fiorentina,D,Fiorentina vs Como,77,6.9,,0.0,,,39,31.0,,2.0,,1.0,,1,0,3.0,5.0
31642,Luca Ranieri,Fiorentina,D,Pisa vs Fiorentina,90,7.3,,0.0,,,58,50.0,,2.0,,1.0,1.0,0,0,6.0,8.0
31642,Luca Ranieri,Fiorentina,D,Fiorentina vs AS Roma,90,6.5,,0.0,1.0,1.0,34,29.0,,2.0,2.0,1.0,1.0,0,0,4.0,6.0
31642,Luca Ranieri,Fiorentina,D,AC Milan vs Fiorentina,90,6.6,,0.0,,,49,42.0,,1.0,,1.0,3.0,1,0,5.0,7.0
31642,Luca Ranieri,Fiorentina,D,Fiorentina vs Bologna,85,6.7,,0.0,1.0,,33,30.0,,1.0,,1.0,3.0,0,0,4.0,6.0
31642,Luca Ranieri,Fiorentina,D,Fiorentina vs Lecce,90,7.3,,0.0,1.0,,61,51.0,,5.0,1.0,1.0,2.0,1,0,12.0,16.0
31642,Luca Ranieri,Fiorentina,D,Genoa vs Fiorentina,66,6,,0.0,,,40,33.0,,,1.0,4.0,1.0,1,0,3.0,8.0
31642,Luca Ranieri,Fiorentina,D,Fiorentina vs Juventus,82,6.7,,0.0,,,41,33.0,,1.0,,,1.0,0,0,2.0,2.0
31642,Luca Ranieri,Fiorentina,D,Atalanta vs Fiorentina,90,7.3,,0.0,,,49,39.0,,2.0,,1.0,,0,0,4.0,10.0
31642,Luca Ranieri,Fiorentina,D,Sassuolo vs Fiorentina,63,6.3,,0.0,,,39,35.0,,,,,1.0,0,0,1.0,3.0
31642,Luca Ranieri,Fiorentina,D,Fiorentina vs Hellas Verona,61,6.7,,0.0,2.0,,26,20.0,,,,,,0,0,4.0,10.0
31642,Luca Ranieri,Fiorentina,D,Fiorentina vs Udinese,90,6.3,,0.0,,,59,52.0,,,,1.0,2.0,1,0,2.0,6.0
31642,Luca Ranieri,Fiorentina,D,Fiorentina vs Cremonese,66,7,,0.0,1.0,1.0,47,40.0,,,2.0,2.0,1.0,0,0,3.0,6.0
31642,Luca Ranieri,Fiorentina,D,Lazio vs Fiorentina,22,6.2,,0.0,,,12,8.0,,1.0,,1.0,1.0,0,0,2.0,4.0
31642,Luca Ranieri,Fiorentina,D,Fiorentina vs AC Milan,15,6.2,,0.0,,,1,,,,,1.0,,0,0,,1.0
31642,Luca Ranieri,Fiorentina,D,Napoli vs Fiorentina,20,7,,0.0,,,18,14.0,,,,,,0,0,1.0,1.0
31642,Luca Ranieri,Fiorentina,D,Fiorentina vs Torino,13,6.2,,0.0,,,2,2.0,,,,,,0,0,,
31642,Luca Ranieri,Fiorentina,D,Como vs Fiorentina,90,6.5,,0.0,1.0,,33,24.0,,,3.0,1.0,,1,0,1.0,3.0
31642,Luca Ranieri,Fiorentina,D,Fiorentina vs Pisa,90,8.2,,0.0,,,75,71.0,,1.0,,,1.0,0,0,3.0,4.0
41144,Dodô,Fiorentina,M,Cagliari vs Fiorentina,90,6.6,,0.0,,,24,16.0,,,,,2.0,0,0,4.0,7.0
41144,Dodô,Fiorentina,M,Torino vs Fiorentina,90,7.7,,0.0,2.0,1.0,19,17.0,,1.0,,2.0,4.0,0,0,6.0,10.0
41144,Dodô,Fiorentina,M,Fiorentina vs Napoli,90,7,,0.0,1.0,,36,31.0,,1.0,1.0,,,0,0,4.0,6.0
41144,Dodô,Fiorentina,M,Fiorentina vs Como,90,6.3,,0.0,,,35,27.0,,1.0,2.0,1.0,1.0,1,0,4.0,7.0
41144,Dodô,Fiorentina,M,Pisa vs Fiorentina,90,6.7,,0.0,1.0,,22,14.0,,3.0,,2.0,1.0,0,0,5.0,11.0
41144,Dodô,Fiorentina,M,Fiorentina vs AS Roma,81,6.6,,0.0,1.0,,28,20.0,,,,1.0,4.0,0,0,5.0,9.0
41144,Dodô,Fiorentina,M,AC Milan vs Fiorentina,90,6.3,,0.0,1.0,,25,18.0,,,,,1.0,0,0,2.0,6.0
41144,Dodô,Fiorentina,M,Fiorentina vs Bologna,90,6.6,,0.0,2.0,,31,21.0,,1.0,,,,0,0,2.0,3.0
41144,Dodô,Fiorentina,M,Inter vs Fiorentina,90,6.7,,0.0,1.0,,33,26.0,,,5.0,,2.0,0,0,6.0,12.0
41144,Dodô,Fiorentina,M,Fiorentina vs Lecce,90,7.3,,0.0,1.0,,43,37.0,,,1.0,,4.0,0,0,5.0,5.0
41144,Dodô,Fiorentina,M,Genoa vs Fiorentina,90,6.7,,0.0,,,30,23.0,,3.0,1.0,1.0,3.0,1,0,7.0,13.0
41144,Dodô,Fiorentina,M,Fiorentina vs Juventus,45,6.7,,0.0,,,20,17.0,,,,,,0,0,,
41144,Dodô,Fiorentina,M,Atalanta vs Fiorentina,64,6.7,,0.0,,,25,19.0,,,,,1.0,0,0,1.0,1.0
41144,Dodô,Fiorentina,M,Sassuolo vs Fiorentina,84,6.6,,0.0,,,21,16.0,,,,,2.0,0,0,3.0,5.0
41144,Dodô,Fiorentina,M,Fiorentina vs Hellas Verona,87,6.9,,0.0,1.0,,33,29.0,,,,1.0,2.0,0,0,6.0,13.0
41144,Dodô,Fiorentina,M,Fiorentina vs Udinese,90,7.9,,1.0,,,53,48.0,,1.0,,,,0,0,3.0,4.0
41144,Dodô,Fiorentina,M,Parma vs Fiorentina,90,7.2,,0.0,1.0,,39,34.0,,2.0,1.0,,1.0,0,0,6.0,9.0
41144,Dodô,Fiorentina,M,Fiorentina vs Cremonese,90,7.3,,0.0,,,59,49.0,,1.0,,,,1,0,3.0,5.0
41144,Dodô,Fiorentina,M,Lazio vs Fiorentina,90,5.9,,0.0,,,39,30.0,,1.0,1.0,,,0,0,1.0,3.0
41144,Dodô,Fiorentina,M,Fiorentina vs AC Milan,90,7.9,,0.0,,,52,51.0,,2.0,3.0,,4.0,0,0,11.0,14.0
41144,Dodô,Fiorentina,M,Bologna vs Fiorentina,90,6.7,,0.0,,,42,27.0,,1.0,1.0,2.0,1.0,0,0,3.0,9.0
41144,Dodô,Fiorentina,M,Fiorentina vs Cagliari,90,8,,1.0,,,71,62.0,,,1.0,,1.0,0,0,4.0,6.0
41144,Dodô,Fiorentina,M,Napoli vs Fiorentina,90,7,,0.0,,,59,54.0,,1.0,,,1.0,0,0,5.0,6.0
41144,Dodô,Fiorentina,M,Fiorentina vs Torino,90,6.9,,0.0,,,69,58.0,,,2.0,,4.0,1,0,5.0,8.0
41144,Dodô,Fiorentina,M,Como vs Fiorentina,90,6.9,,0.0,,,28,25.0,,,,,4.0,0,0,6.0,8.0
41144,Dodô,Fiorentina,M,Fiorentina vs Pisa,78,7.5,,0.0,1.0,,63,58.0,,1.0,,2.0,2.0,1,0,3.0,5.0
1014,Simon Sohm,Fiorentina,M,Cagliari vs Fiorentina,90,7.2,,0.0,,,38,30.0,,2.0,,1.0,3.0,0,0,6.0,9.0
1014,Simon Sohm,Fiorentina,M,Torino vs Fiorentina,45,6.6,,0.0,,,32,32.0,,2.0,,3.0,2.0,1,0,4.0,11.0
1014,Simon Sohm,Fiorentina,M,Fiorentina vs Napoli,65,6.9,,0.0,,,33,29.0,,2.0,,1.0,2.0,0,0,7.0,15.0
1014,Simon Sohm,Fiorentina,M,Fiorentina vs Como,28,6.2,,0.0,1.0,,7,2.0,,,,1.0,1.0,1,0,1.0,4.0
1014,Simon Sohm,Fiorentina,M,Pisa vs Fiorentina,10,6.3,,0.0,,,5,5.0,,,,1.0,,0,0,,2.0
1014,Simon Sohm,Fiorentina,M,AC Milan vs Fiorentina,11,6.7,,0.0,,,5,4.0,,,,,,0,0,,
1014,Simon Sohm,Fiorentina,M,Inter vs Fiorentina,63,6.7,,0.0,,,23,21.0,,,1.0,,1.0,0,0,4.0,9.0
1014,Simon Sohm,Fiorentina,M,Fiorentina vs Lecce,45,6.9,,0.0,1.0,,20,20.0,,,1.0,1.0,,0,0,1.0,3.0
1014,Simon Sohm,Fiorentina,M,Genoa vs Fiorentina,75,6.7,,1.0,,,30,27.0,,,1.0,2.0,1.0,0,0,4.0,10.0
1014,Simon Sohm,Fiorentina,M,Fiorentina vs Juventus,60,6.3,,0.0,,,17,16.0,,,,1.0,,0,0,,2.0
1014,Simon Sohm,Fiorentina,M,Atalanta vs Fiorentina,79,6.7,,0.0,1.0,,36,32.0,,1.0,,1.0,1.0,0,0,3.0,6.0
1014,Simon Sohm,Fiorentina,M,Sassuolo vs Fiorentina,45,6.3,,0.0,,,19,18.0,,2.0,,1.0,,0,0,3.0,6.0
1014,Simon Sohm,Fiorentina,M,Fiorentina vs Hellas Verona,69,6.3,,0.0,1.0,,21,17.0,,,,,,0,0,1.0,5.0
1014,Simon Sohm,Fiorentina,M,Parma vs Fiorentina,14,6.3,,0.0,,,11,10.0,,1.0,1.0,2.0,,0,0,1.0,4.0
1014,Simon Sohm,Fiorentina,M,Bologna vs Fiorentina,18,6.6,,0.0,,,3,3.0,,,2.0,,,0,0,,
1014,Simon Sohm,Fiorentina,M,Genoa vs Bologna,17,6.5,,0.0,,,2,2.0,,,,,1.0,0,0,1.0,1.0
1014,Simon Sohm,Fiorentina,M,Torino vs Bologna,87,6.5,,0.0,1.0,1.0,22,19.0,,,,2.0,,1,0,1.0,4.0
1014,Simon Sohm,Fiorentina,M,Bologna vs Udinese,90,6.9,,0.0,,,22,12.0,,5.0,,,,0,0,6.0,7.0
876,Nicolò Fagioli,Fiorentina,M,Cagliari vs Fiorentina,90,7.5,,0.0,1.0,,71,63.0,,2.0,1.0,,1.0,0,0,4.0,6.0
876,Nicolò Fagioli,Fiorentina,M,Torino vs Fiorentina,45,6.6,,0.0,1.0,,27,25.0,,,,1.0,,0,0,,3.0
876,Nicolò Fagioli,Fiorentina,M,Fiorentina vs Napoli,65,6.5,,0.0,,,38,33.0,,,,,1.0,0,0,1.0,1.0
876,Nicolò Fagioli,Fiorentina,M,Fiorentina vs Como,28,6.6,,0.0,,,17,14.0,,1.0,,,2.0,0,0,3.0,3.0
876,Nicolò Fagioli,Fiorentina,M,AC Milan vs Fiorentina,90,7.2,,0.0,,,49,47.0,,2.0,1.0,,2.0,0,0,4.0,10.0
876,Nicolò Fagioli,Fiorentina,M,Fiorentina vs Bologna,54,6.2,,0.0,,,20,15.0,,,,1.0,,0,0,1.0,5.0
876,Nicolò Fagioli,Fiorentina,M,Inter vs Fiorentina,27,6.6,,0.0,,,14,13.0,,1.0,,2.0,,0,0,1.0,4.0
876,Nicolò Fagioli,Fiorentina,M,Fiorentina vs Lecce,45,6.7,,0.0,,,37,33.0,,1.0,,1.0,1.0,1,0,2.0,4.0
876,Nicolò Fagioli,Fiorentina,M,Fiorentina vs Juventus,90,7.5,,0.0,,,47,44.0,,2.0,2.0,2.0,,1,0,2.0,6.0
876,Nicolò Fagioli,Fiorentina,M,Atalanta vs Fiorentina,64,6.7,,0.0,,,40,37.0,,,,,1.0,0,0,1.0,2.0
876,Nicolò Fagioli,Fiorentina,M,Sassuolo vs Fiorentina,62,7,,0.0,,,47,44.0,,2.0,,,1.0,0,0,3.0,4.0
876,Nicolò Fagioli,Fiorentina,M,Fiorentina vs Hellas Verona,87,7.2,,0.0,2.0,1.0,75,66.0,,1.0,1.0,,1.0,0,0,3.0,10.0
876,Nicolò Fagioli,Fiorentina,M,Fiorentina vs Udinese,82,7.9,,2.0,1.0,,54,50.0,,,,1.0,1.0,0,0,1.0,5.0
876,Nicolò Fagioli,Fiorentina,M,Parma vs Fiorentina,90,6.9,,0.0,2.0,,61,50.0,,2.0,1.0,1.0,2.0,0,0,5.0,9.0
876,Nicolò Fagioli,Fiorentina,M,Fiorentina vs Cremonese,90,8.6,,0.0,1.0,1.0,79,65.0,,3.0,1.0,,5.0,0,0,9.0,9.0
876,Nicolò Fagioli,Fiorentina,M,Lazio vs Fiorentina,90,8.3,,1.0,,,78,73.0,,5.0,,2.0,,1,0,5.0,11.0
876,Nicolò Fagioli,Fiorentina,M,Fiorentina vs AC Milan,90,7,,0.0,,,57,53.0,,1.0,,2.0,1.0,1,0,4.0,7.0
876,Nicolò Fagioli,Fiorentina,M,Bologna vs Fiorentina,89,6.6,,0.0,1.0,1.0,39,38.0,,,,,,0,0,3.0,4.0
876,Nicolò Fagioli,Fiorentina,M,Fiorentina vs Cagliari,90,7.5,,0.0,,,81,72.0,,4.0,,,2.0,0,0,6.0,7.0
876,Nicolò Fagioli,Fiorentina,M,Napoli vs Fiorentina,90,7.2,,0.0,,,52,48.0,,1.0,1.0,,2.0,0,0,3.0,5.0
876,Nicolò Fagioli,Fiorentina,M,Fiorentina vs Torino,90,8.2,,0.0,,,69,64.0,,,,,6.0,0,0,9.0,12.0
876,Nicolò Fagioli,Fiorentina,M,Como vs Fiorentina,84,8.3,1.0,0.0,1.0,1.0,26,21.0,,3.0,1.0,1.0,1.0,0,0,6.0,9.0
876,Nicolò Fagioli,Fiorentina,M,Fiorentina vs Pisa,88,7.3,,0.0,1.0,1.0,70,65.0,,,1.0,1.0,1.0,0,0,2.0,4.0
30422,Robin Gosens,Fiorentina,M,Cagliari vs Fiorentina,77,7.3,,0.0,,,30,23.0,,,,,,0,0,3.0,5.0
30422,Robin Gosens,Fiorentina,M,Torino vs Fiorentina,90,7,,0.0,1.0,1.0,30,19.0,,1.0,2.0,2.0,2.0,0,0,6.0,13.0
30422,Robin Gosens,Fiorentina,M,Fiorentina vs Napoli,90,7.6,,0.0,1.0,,45,33.0,,3.0,,1.0,1.0,0,0,6.0,9.0
30422,Robin Gosens,Fiorentina,M,Fiorentina vs Como,90,6.3,,0.0,,,29,22.0,,,1.0,1.0,3.0,0,0,5.0,10.0
30422,Robin Gosens,Fiorentina,M,Pisa vs Fiorentina,90,6.6,,0.0,,,19,11.0,,4.0,2.0,,,0,0,6.0,10.0
30422,Robin Gosens,Fiorentina,M,Fiorentina vs AS Roma,90,6.2,,0.0,1.0,,26,19.0,,1.0,,1.0,2.0,0,0,3.0,8.0
30422,Robin Gosens,Fiorentina,M,AC Milan vs Fiorentina,69,6.6,1.0,0.0,1.0,1.0,17,12.0,,,1.0,,,0,0,1.0,5.0
30422,Robin Gosens,Fiorentina,M,Fiorentina vs Bologna,53,5.9,,0.0,1.0,,18,13.0,,,,1.0,,1,0,1.0,8.0
30422,Robin Gosens,Fiorentina,M,Inter vs Fiorentina,78,7,,0.0,,,13,7.0,,3.0,1.0,1.0,1.0,0,0,6.0,11.0
30422,Robin Gosens,Fiorentina,M,Parma vs Fiorentina,14,6.9,,0.0,,,11,9.0,,,,,,0,0,,1.0
30422,Robin Gosens,Fiorentina,M,Fiorentina vs Cremonese,24,6.9,,0.0,1.0,1.0,17,15.0,,1.0,,1.0,1.0,0,0,2.0,3.0
30422,Robin Gosens,Fiorentina,M,Lazio vs Fiorentina,68,7.3,1.0,0.0,1.0,1.0,28,22.0,,,,2.0,1.0,1,0,1.0,4.0
30422,Robin Gosens,Fiorentina,M,Fiorentina vs AC Milan,83,7.5,,0.0,3.0,2.0,42,40.0,,1.0,1.0,,,0,0,3.0,5.0
30422,Robin Gosens,Fiorentina,M,Bologna vs Fiorentina,90,6.3,,0.0,,,23,20.0,,4.0,,3.0,,0,0,4.0,11.0
30422,Robin Gosens,Fiorentina,M,Fiorentina vs Cagliari,59,6.3,,0.0,,,37,33.0,,1.0,1.0,1.0,1.0,0,0,3.0,5.0
30422,Robin Gosens,Fiorentina,M,Napoli vs Fiorentina,70,6.9,,0.0,,,37,33.0,,1.0,2.0,1.0,2.0,0,0,3.0,5.0
2799,Albert Guðmundsson,Fiorentina,F,Cagliari vs Fiorentina,72,6.3,,1.0,,,19,18.0,,,,3.0,1.0,0,0,1.0,6.0
2799,Albert Guðmundsson,Fiorentina,F,Torino vs Fiorentina,83,6.9,,0.0,,,18,15.0,,,,1.0,1.0,0,0,2.0,3.0
2799,Albert Guðmundsson,Fiorentina,F,Pisa vs Fiorentina,74,6.5,,0.0,,,24,22.0,,,,,2.0,0,0,2.0,9.0
2799,Albert Guðmundsson,Fiorentina,F,Fiorentina vs AS Roma,45,6.3,,0.0,,,9,7.0,,,,1.0,,1,0,,4.0
2799,Albert Guðmundsson,Fiorentina,F,AC Milan vs Fiorentina,20,6.5,,0.0,,,5,5.0,,,,,,0,0,1.0,4.0
2799,Albert Guðmundsson,Fiorentina,F,Fiorentina vs Bologna,90,6.9,1.0,0.0,1.0,1.0,26,24.0,,,,2.0,,1,0,1.0,5.0
2799,Albert Guðmundsson,Fiorentina,F,Inter vs Fiorentina,63,6.2,,0.0,,,10,7.0,,,,2.0,,0,0,1.0,6.0
2799,Albert Guðmundsson,Fiorentina,F,Fiorentina vs Lecce,45,6.2,,0.0,1.0,,13,11.0,,,,,,0,0,,3.0
2799,Albert Guðmundsson,Fiorentina,F,Genoa vs Fiorentina,74,7.2,1.0,0.0,1.0,1.0,21,18.0,,1.0,,1.0,2.0,0,0,3.0,5.0
2799,Albert Guðmundsson,Fiorentina,F,Fiorentina vs Juventus,30,6.6,,0.0,,,7,7.0,,,,,,0,0,,
2799,Albert Guðmundsson,Fiorentina,F,Atalanta vs Fiorentina,26,6.5,,0.0,,,25,21.0,,,,,,0,0,1.0,3.0
2799,Albert Guðmundsson,Fiorentina,F,Sassuolo vs Fiorentina,90,6.6,,0.0,,,35,31.0,,,,2.0,2.0,0,0,3.0,8.0
2799,Albert Guðmundsson,Fiorentina,F,Fiorentina vs Hellas Verona,90,6.6,,0.0,,,29,24.0,,,,3.0,1.0,1,0,1.0,6.0
2799,Albert Guðmundsson,Fiorentina,F,Fiorentina vs Udinese,90,7.9,1.0,0.0,3.0,2.0,57,51.0,,,,,,0,0,1.0,3.0
2799,Albert Guðmundsson,Fiorentina,F,Parma vs Fiorentina,90,6.9,,0.0,2.0,1.0,35,28.0,,,,1.0,1.0,0,0,3.0,8.0
2799,Albert Guðmundsson,Fiorentina,F,Fiorentina vs Cremonese,85,6.2,,0.0,2.0,1.0,39,33.0,,,,1.0,1.0,0,0,2.0,3.0
2799,Albert Guðmundsson,Fiorentina,F,Lazio vs Fiorentina,89,7.9,1.0,0.0,3.0,3.0,26,23.0,,1.0,,3.0,3.0,0,0,4.0,9.0
2799,Albert Guðmundsson,Fiorentina,F,Fiorentina vs AC Milan,83,7.3,,1.0,1.0,,37,30.0,,,1.0,1.0,,0,0,2.0,9.0
2799,Albert Guðmundsson,Fiorentina,F,Bologna vs Fiorentina,72,7.2,,1.0,,,23,21.0,,,,1.0,1.0,0,0,2.0,5.0
2799,Albert Guðmundsson,Fiorentina,F,Fiorentina vs Cagliari,90,7.2,,0.0,3.0,1.0,51,46.0,,1.0,,2.0,3.0,0,0,8.0,13.0
2799,Albert Guðmundsson,Fiorentina,F,Napoli vs Fiorentina,79,5.9,,0.0,1.0,1.0,24,20.0,,,1.0,3.0,1.0,0,0,1.0,5.0
2799,Albert Guðmundsson,Fiorentina,F,Fiorentina vs Torino,48,6.9,,0.0,1.0,,24,21.0,,,,1.0,1.0,0,0,2.0,4.0
311083,Cher Ndour,Fiorentina,F,Cagliari vs Fiorentina,45,6.2,,0.0,,,25,18.0,,1.0,,1.0,2.0,0,0,3.0,6.0
311083,Cher Ndour,Fiorentina,F,Torino vs Fiorentina,24,6.7,,0.0,,,12,10.0,,,,,,0,0,1.0,2.0
311083,Cher Ndour,Fiorentina,F,Fiorentina vs AS Roma,23,6.9,,0.0,,,9,9.0,,1.0,,,,0,0,2.0,3.0
311083,Cher Ndour,Fiorentina,F,Fiorentina vs Bologna,36,6.6,,0.0,,,10,5.0,,,1.0,,1.0,0,0,2.0,2.0
311083,Cher Ndour,Fiorentina,F,Inter vs Fiorentina,90,6.2,,0.0,,,25,20.0,,1.0,2.0,1.0,1.0,0,0,2.0,8.0
311083,Cher Ndour,Fiorentina,F,Fiorentina vs Lecce,45,5.3,,0.0,,,19,14.0,,,,,1.0,0,0,1.0,6.0
311083,Cher Ndour,Fiorentina,F,Genoa vs Fiorentina,15,6.3,,0.0,,,2,1.0,,,,,,0,0,,1.0
311083,Cher Ndour,Fiorentina,F,Fiorentina vs Juventus,30,6.6,,0.0,,,6,3.0,,,2.0,1.0,,0,0,2.0,8.0
311083,Cher Ndour,Fiorentina,F,Atalanta vs Fiorentina,11,6.7,,0.0,,,10,9.0,,,,,,0,0,,2.0
311083,Cher Ndour,Fiorentina,F,Sassuolo vs Fiorentina,45,6.3,,0.0,,,25,21.0,,1.0,,,,1,0,3.0,6.0
311083,Cher Ndour,Fiorentina,F,Fiorentina vs Hellas Verona,10,6.3,,0.0,,,5,4.0,,,,,,0,0,,
311083,Cher Ndour,Fiorentina,F,Fiorentina vs Udinese,90,7.7,1.0,0.0,1.0,1.0,49,43.0,,2.0,1.0,1.0,,0,0,6.0,11.0
311083,Cher Ndour,Fiorentina,F,Parma vs Fiorentina,76,6.7,,0.0,,,35,31.0,,3.0,,,1.0,0,0,6.0,9.0
311083,Cher Ndour,Fiorentina,F,Fiorentina vs Cremonese,76,6.2,,0.0,,,29,21.0,,1.0,,2.0,,0,0,1.0,5.0
311083,Cher Ndour,Fiorentina,F,Lazio vs Fiorentina,68,7,,0.0,,,28,26.0,,2.0,,1.0,,0,0,5.0,6.0
311083,Cher Ndour,Fiorentina,F,Fiorentina vs AC Milan,89,6.7,,0.0,1.0,1.0,31,22.0,,2.0,,1.0,1.0,0,0,6.0,11.0
311083,Cher Ndour,Fiorentina,F,Bologna vs Fiorentina,72,7,,0.0,,,27,24.0,,,,2.0,1.0,0,0,3.0,8.0
311083,Cher Ndour,Fiorentina,F,Fiorentina vs Cagliari,59,6.7,,0.0,,,34,28.0,,,1.0,1.0,1.0,0,0,2.0,6.0
311083,Cher Ndour,Fiorentina,F,Fiorentina vs Torino,17,6.5,,0.0,1.0,,4,2.0,,,,1.0,,0,0,,1.0
311083,Cher Ndour,Fiorentina,F,Como vs Fiorentina,12,6.7,,0.0,,,3,3.0,,,,,,0,0,,1.0
311083,Cher Ndour,Fiorentina,F,Fiorentina vs Pisa,90,7.3,,0.0,3.0,2.0,39,35.0,,2.0,1.0,1.0,2.0,0,0,7.0,12.0
877,Moise Kean,Fiorentina,F,Cagliari vs Fiorentina,90,6.2,,0.0,1.0,,3,3.0,,,,,2.0,0,0,3.0,6.0
877,Moise Kean,Fiorentina,F,Torino vs Fiorentina,90,6.2,,0.0,4.0,,11,6.0,,,,,3.0,0,0,5.0,8.0
877,Moise Kean,Fiorentina,F,Fiorentina vs Napoli,90,6.6,,0.0,4.0,,6,5.0,,1.0,,2.0,5.0,0,0,9.0,17.0
877,Moise Kean,Fiorentina,F,Fiorentina vs Como,90,6.9,,0.0,1.0,,5,3.0,,1.0,,2.0,1.0,0,0,3.0,7.0
877,Moise Kean,Fiorentina,F,Pisa vs Fiorentina,90,6.3,,0.0,5.0,1.0,9,7.0,,1.0,,,2.0,1,0,5.0,16.0
877,Moise Kean,Fiorentina,F,Fiorentina vs AS Roma,90,7.3,1.0,0.0,2.0,1.0,14,11.0,,,,2.0,3.0,0,0,4.0,9.0
877,Moise Kean,Fiorentina,F,AC Milan vs Fiorentina,77,6.2,,0.0,,,5,3.0,,,2.0,1.0,1.0,0,0,2.0,9.0
877,Moise Kean,Fiorentina,F,Fiorentina vs Bologna,90,7.3,1.0,0.0,4.0,4.0,8,7.0,,,,1.0,3.0,0,0,5.0,11.0
877,Moise Kean,Fiorentina,F,Inter vs Fiorentina,90,6.5,,0.0,3.0,2.0,9,8.0,,,,2.0,2.0,0,0,3.0,8.0
877,Moise Kean,Fiorentina,F,Fiorentina vs Lecce,90,6.7,,0.0,3.0,2.0,8,5.0,,,,2.0,,1,0,5.0,12.0
877,Moise Kean,Fiorentina,F,Fiorentina vs Juventus,90,7.3,,1.0,4.0,1.0,8,4.0,,1.0,2.0,,4.0,0,0,9.0,17.0
877,Moise Kean,Fiorentina,F,Atalanta vs Fiorentina,90,6,,0.0,6.0,1.0,14,8.0,,,,2.0,1.0,0,0,5.0,12.0
877,Moise Kean,Fiorentina,F,Sassuolo vs Fiorentina,90,6,,0.0,3.0,,12,8.0,,,,1.0,1.0,0,0,2.0,4.0
877,Moise Kean,Fiorentina,F,Fiorentina vs Hellas Verona,90,6.3,,0.0,5.0,2.0,6,3.0,,1.0,1.0,2.0,2.0,0,0,6.0,13.0
877,Moise Kean,Fiorentina,F,Fiorentina vs Udinese,71,8.3,2.0,0.0,6.0,3.0,6,5.0,,,,1.0,1.0,0,0,2.0,4.0
877,Moise Kean,Fiorentina,F,Parma vs Fiorentina,90,6,,0.0,4.0,1.0,7,5.0,,,,4.0,,0,0,5.0,12.0
877,Moise Kean,Fiorentina,F,Fiorentina vs Cremonese,11,7.3,1.0,0.0,2.0,1.0,1,1.0,,,,,,0,0,,
877,Moise Kean,Fiorentina,F,Lazio vs Fiorentina,30,6.3,,0.0,1.0,,4,3.0,,,,,,0,0,,
877,Moise Kean,Fiorentina,F,Fiorentina vs AC Milan,90,6.7,,0.0,2.0,1.0,12,12.0,,,1.0,2.0,3.0,1,0,6.0,10.0
877,Moise Kean,Fiorentina,F,Napoli vs Fiorentina,20,6.3,,0.0,2.0,1.0,0,,,,,,1.0,0,0,1.0,2.0
877,Moise Kean,Fiorentina,F,Fiorentina vs Torino,85,7.7,1.0,0.0,6.0,2.0,17,13.0,,,,,3.0,0,0,7.0,9.0
877,Moise Kean,Fiorentina,F,Como vs Fiorentina,84,6.3,1.0,0.0,1.0,1.0,6,5.0,,,,2.0,1.0,0,0,2.0,11.0
877,Moise Kean,Fiorentina,F,Fiorentina vs Pisa,86,7.7,1.0,0.0,4.0,2.0,20,16.0,,,,,3.0,0,0,6.0,11.0
180510,Mattia Viti,Fiorentina,D,Cagliari vs Fiorentina,45,6.3,,0.0,,,29,25.0,,5.0,,1.0,,0,0,5.0,8.0
180510,Mattia Viti,Fiorentina,D,Fiorentina vs Como,13,6.3,,0.0,,,9,9.0,,,,1.0,,0,0,1.0,5.0
180510,Mattia Viti,Fiorentina,D,Inter vs Fiorentina,86,5.5,,0.0,,,35,26.0,,1.0,1.0,4.0,1.0,2,1,3.0,9.0
180510,Mattia Viti,Fiorentina,D,Genoa vs Fiorentina,24,7,,0.0,,,13,11.0,,1.0,1.0,,,0,0,2.0,4.0
180510,Mattia Viti,Fiorentina,D,Fiorentina vs Juventus,8,6.6,,0.0,,,3,3.0,,,,,,0,0,,
180510,Mattia Viti,Fiorentina,D,Sassuolo vs Fiorentina,27,6.7,,0.0,,,25,21.0,,,1.0,1.0,2.0,1,0,2.0,3.0
180510,Mattia Viti,Fiorentina,D,Fiorentina vs Hellas Verona,10,6.3,,0.0,,,5,5.0,,2.0,,,,0,0,3.0,4.0
180510,Mattia Viti,Fiorentina,D,Fiorentina vs Udinese,8,6.7,,0.0,,,7,5.0,,,,,,0,0,1.0,2.0
180510,Mattia Viti,Fiorentina,D,Parma vs Fiorentina,45,6.2,,0.0,,,16,14.0,,,1.0,2.0,,0,0,,5.0
30810,Rolando Mandragora,Fiorentina,M,Cagliari vs Fiorentina,45,7.6,1.0,0.0,1.0,1.0,19,14.0,,2.0,,1.0,3.0,0,0,7.0,11.0
30810,Rolando Mandragora,Fiorentina,M,Torino vs Fiorentina,66,7.2,,0.0,1.0,1.0,46,40.0,,1.0,,,3.0,0,0,5.0,5.0
30810,Rolando Mandragora,Fiorentina,M,Fiorentina vs Napoli,90,6.2,,0.0,2.0,1.0,40,30.0,,,1.0,1.0,1.0,0,0,2.0,5.0
30810,Rolando Mandragora,Fiorentina,M,Fiorentina vs Como,62,7.9,1.0,0.0,1.0,1.0,20,14.0,,4.0,1.0,,,0,0,5.0,8.0
30810,Rolando Mandragora,Fiorentina,M,Pisa vs Fiorentina,90,6.7,,0.0,1.0,,33,24.0,,4.0,1.0,4.0,4.0,0,0,8.0,15.0
30810,Rolando Mandragora,Fiorentina,M,Fiorentina vs AS Roma,75,7,,0.0,1.0,,31,27.0,,3.0,,3.0,1.0,0,0,5.0,9.0
30810,Rolando Mandragora,Fiorentina,M,AC Milan vs Fiorentina,88,6.2,,0.0,,,19,15.0,,,,1.0,2.0,0,0,2.0,5.0
30810,Rolando Mandragora,Fiorentina,M,Fiorentina vs Bologna,54,6.3,,0.0,2.0,1.0,15,12.0,,,,2.0,,0,0,,2.0
30810,Rolando Mandragora,Fiorentina,M,Inter vs Fiorentina,76,6.9,,0.0,,,33,25.0,,2.0,1.0,,1.0,0,0,4.0,5.0
30810,Rolando Mandragora,Fiorentina,M,Fiorentina vs Lecce,45,7.3,,0.0,,,26,19.0,,1.0,2.0,2.0,1.0,0,0,3.0,5.0
30810,Rolando Mandragora,Fiorentina,M,Genoa vs Fiorentina,90,7.2,,0.0,,,34,26.0,,4.0,,1.0,3.0,0,0,14.0,18.0
30810,Rolando Mandragora,Fiorentina,M,Fiorentina vs Juventus,90,8,1.0,0.0,2.0,1.0,27,23.0,,,,2.0,3.0,1,0,4.0,7.0
30810,Rolando Mandragora,Fiorentina,M,Atalanta vs Fiorentina,90,6.9,,0.0,1.0,,41,37.0,,1.0,1.0,1.0,3.0,1,0,5.0,6.0
30810,Rolando Mandragora,Fiorentina,M,Sassuolo vs Fiorentina,90,6.9,1.0,0.0,1.0,1.0,53,42.0,,2.0,2.0,4.0,1.0,1,0,3.0,9.0
30810,Rolando Mandragora,Fiorentina,M,Fiorentina vs Hellas Verona,61,6.7,,0.0,2.0,1.0,31,27.0,,1.0,,,2.0,0,0,3.0,8.0
30810,Rolando Mandragora,Fiorentina,M,Fiorentina vs Udinese,53,7.6,1.0,0.0,4.0,1.0,26,22.0,,,,,,0,0,1.0,2.0
30810,Rolando Mandragora,Fiorentina,M,Parma vs Fiorentina,63,6.7,,0.0,2.0,,18,16.0,,,,1.0,2.0,1,0,3.0,5.0
30810,Rolando Mandragora,Fiorentina,M,Fiorentina vs Cremonese,85,7.6,,0.0,1.0,1.0,31,29.0,,,,,2.0,0,0,5.0,7.0
30810,Rolando Mandragora,Fiorentina,M,Lazio vs Fiorentina,90,6.7,,0.0,,,37,35.0,,2.0,,,1.0,0,0,3.0,6.0
30810,Rolando Mandragora,Fiorentina,M,Fiorentina vs AC Milan,65,6.9,,0.0,1.0,,31,28.0,,,,,1.0,0,0,1.0,3.0
30810,Rolando Mandragora,Fiorentina,M,Bologna vs Fiorentina,72,8.3,1.0,0.0,2.0,1.0,19,16.0,,1.0,,,4.0,0,0,5.0,5.0
30810,Rolando Mandragora,Fiorentina,M,Fiorentina vs Cagliari,45,7.2,,0.0,1.0,,30,27.0,,2.0,,,,0,0,3.0,5.0
30810,Rolando Mandragora,Fiorentina,M,Napoli vs Fiorentina,45,6.9,,0.0,2.0,,34,31.0,,,,1.0,1.0,0,0,1.0,2.0
30810,Rolando Mandragora,Fiorentina,M,Fiorentina vs Torino,73,6.9,,1.0,3.0,1.0,22,21.0,,2.0,,2.0,,0,0,4.0,7.0
30810,Rolando Mandragora,Fiorentina,M,Como vs Fiorentina,90,7.3,,0.0,,,22,19.0,,2.0,,,2.0,1,0,6.0,9.0
46792,Pablo Marí,Fiorentina,D,Cagliari vs Fiorentina,28,5.9,,0.0,,,10,6.0,,,,2.0,,1,0,1.0,4.0
46792,Pablo Marí,Fiorentina,D,Pisa vs Fiorentina,90,7.5,,0.0,,,65,59.0,,2.0,2.0,,,0,0,7.0,10.0
46792,Pablo Marí,Fiorentina,D,Fiorentina vs AS Roma,75,6.3,,0.0,,,36,33.0,,1.0,5.0,4.0,2.0,1,0,4.0,10.0
46792,Pablo Marí,Fiorentina,D,AC Milan vs Fiorentina,90,6.5,,0.0,,,44,42.0,,2.0,3.0,2.0,,0,0,2.0,4.0
46792,Pablo Marí,Fiorentina,D,Fiorentina vs Bologna,90,6.6,,0.0,,,39,35.0,,1.0,2.0,1.0,3.0,0,0,6.0,9.0
46792,Pablo Marí,Fiorentina,D,Inter vs Fiorentina,90,6.9,,0.0,,,44,43.0,,2.0,4.0,,,0,0,3.0,5.0
46792,Pablo Marí,Fiorentina,D,Genoa vs Fiorentina,90,6.9,,0.0,1.0,,57,52.0,,1.0,1.0,1.0,1.0,0,0,6.0,8.0
46792,Pablo Marí,Fiorentina,D,Fiorentina vs Juventus,90,6.2,,0.0,,,32,31.0,,,2.0,3.0,2.0,0,0,2.0,9.0
46792,Pablo Marí,Fiorentina,D,Atalanta vs Fiorentina,75,6.7,,0.0,,,40,37.0,,1.0,1.0,2.0,,1,0,3.0,7.0
46792,Pablo Marí,Fiorentina,D,Sassuolo vs Fiorentina,90,6.2,,0.0,1.0,,87,79.0,,2.0,2.0,2.0,,0,0,4.0,9.0
340700,Jacopo Fazzini,Fiorentina,M,Cagliari vs Fiorentina,18,6.7,,0.0,,,5,5.0,,1.0,,,1.0,0,0,2.0,3.0
340700,Jacopo Fazzini,Fiorentina,M,Torino vs Fiorentina,12,6.6,,0.0,,,5,3.0,,,,,,0,0,,
340700,Jacopo Fazzini,Fiorentina,M,Fiorentina vs Napoli,25,6.9,,0.0,,,12,10.0,,,1.0,,1.0,0,0,1.0,3.0
340700,Jacopo Fazzini,Fiorentina,M,Fiorentina vs Como,62,6.2,,0.0,,,12,11.0,,3.0,2.0,2.0,1.0,0,0,4.0,14.0
340700,Jacopo Fazzini,Fiorentina,M,Pisa vs Fiorentina,87,6.7,,0.0,,,18,13.0,,6.0,,1.0,,0,0,9.0,19.0
340700,Jacopo Fazzini,Fiorentina,M,Fiorentina vs AS Roma,67,7.2,,0.0,1.0,1.0,32,21.0,,,,,4.0,0,0,6.0,9.0
340700,Jacopo Fazzini,Fiorentina,M,AC Milan vs Fiorentina,70,6.9,,0.0,,,23,20.0,,1.0,1.0,,1.0,0,0,5.0,8.0
340700,Jacopo Fazzini,Fiorentina,M,Inter vs Fiorentina,27,6.3,,0.0,,,5,4.0,,1.0,,,1.0,0,0,2.0,5.0
340700,Jacopo Fazzini,Fiorentina,M,Fiorentina vs Lecce,14,6.3,,0.0,,,4,2.0,,,,1.0,1.0,0,0,1.0,4.0
340700,Jacopo Fazzini,Fiorentina,M,Genoa vs Fiorentina,11,6.3,,0.0,,,4,3.0,,,,,,0,0,,1.0
340700,Jacopo Fazzini,Fiorentina,M,Napoli vs Fiorentina,11,6.5,,0.0,,,3,2.0,,,,1.0,1.0,0,0,1.0,5.0
340700,Jacopo Fazzini,Fiorentina,M,Fiorentina vs Pisa,12,6.6,,0.0,1.0,,4,2.0,,1.0,1.0,2.0,,1,0,3.0,6.0
136087,Fabiano Parisi,Fiorentina,D,Cagliari vs Fiorentina,13,6.2,,0.0,,,5,4.0,,,2.0,,,0,0,1.0,2.0
136087,Fabiano Parisi,Fiorentina,D,AC Milan vs Fiorentina,21,6,,0.0,,,7,6.0,,,,1.0,1.0,1,0,2.0,4.0
136087,Fabiano Parisi,Fiorentina,D,Genoa vs Fiorentina,24,6.9,,0.0,,,12,10.0,,,,,,0,0,1.0,1.0
136087,Fabiano Parisi,Fiorentina,D,Fiorentina vs Juventus,69,7.2,,0.0,1.0,,25,21.0,,1.0,1.0,,4.0,1,0,7.0,9.0
136087,Fabiano Parisi,Fiorentina,D,Atalanta vs Fiorentina,90,6.3,,0.0,,,38,35.0,,,3.0,,2.0,0,0,2.0,5.0
136087,Fabiano Parisi,Fiorentina,D,Sassuolo vs Fiorentina,62,7,,0.0,,,29,23.0,,1.0,,,4.0,0,0,5.0,8.0
136087,Fabiano Parisi,Fiorentina,D,Fiorentina vs Hellas Verona,90,8,,0.0,,,40,36.0,,4.0,1.0,,7.0,0,0,14.0,19.0
136087,Fabiano Parisi,Fiorentina,D,Fiorentina vs Udinese,71,7.7,,1.0,1.0,,27,23.0,,2.0,,2.0,2.0,1,0,9.0,17.0
136087,Fabiano Parisi,Fiorentina,D,Parma vs Fiorentina,76,7.3,,0.0,,,34,29.0,,1.0,2.0,2.0,,0,0,4.0,8.0
136087,Fabiano Parisi,Fiorentina,D,Fiorentina vs Cremonese,66,7,,0.0,1.0,,30,26.0,,,2.0,,2.0,0,0,2.0,4.0
136087,Fabiano Parisi,Fiorentina,D,Lazio vs Fiorentina,89,7,,0.0,1.0,1.0,24,21.0,,1.0,1.0,1.0,4.0,1,0,5.0,7.0
136087,Fabiano Parisi,Fiorentina,D,Fiorentina vs AC Milan,83,7.2,,0.0,2.0,2.0,32,29.0,,,,,2.0,0,0,2.0,4.0
136087,Fabiano Parisi,Fiorentina,D,Bologna vs Fiorentina,80,6.7,,0.0,1.0,,25,21.0,,,1.0,,2.0,0,0,3.0,8.0
136087,Fabiano Parisi,Fiorentina,D,Napoli vs Fiorentina,20,7.2,,0.0,1.0,,11,8.0,,,,,4.0,0,0,4.0,5.0
136087,Fabiano Parisi,Fiorentina,D,Fiorentina vs Torino,90,7,,0.0,1.0,,60,52.0,,1.0,1.0,,5.0,0,0,6.0,9.0
136087,Fabiano Parisi,Fiorentina,D,Como vs Fiorentina,90,6.3,,0.0,,,30,21.0,,,3.0,2.0,4.0,0,0,10.0,19.0
136087,Fabiano Parisi,Fiorentina,D,Fiorentina vs Pisa,90,7,,0.0,1.0,,52,44.0,,1.0,1.0,1.0,1.0,0,0,5.0,9.0
8574,Jean Butez,Como,G,Como vs Lazio,90,7.2,,0.0,,,37,35.0,,,,,,0,0,,
8574,Jean Butez,Como,G,Bologna vs Como,90,6.9,,0.0,,,45,37.0,,,,,,0,0,1.0,1.0
8574,Jean Butez,Como,G,Como vs Genoa,90,7.2,,0.0,,,44,40.0,,,,,1.0,0,0,1.0,2.0
8574,Jean Butez,Como,G,Fiorentina vs Como,90,6.9,,0.0,,,39,30.0,,,,,,0,0,,
8574,Jean Butez,Como,G,Como vs Cremonese,90,6.9,,0.0,,,26,18.0,,,,,,0,0,,
8574,Jean Butez,Como,G,Atalanta vs Como,90,6.9,,0.0,,,29,23.0,,1.0,1.0,,1.0,0,0,3.0,3.0
8574,Jean Butez,Como,G,Como vs Juventus,90,7.5,,0.0,,,38,27.0,,,,,,0,0,1.0,1.0
8574,Jean Butez,Como,G,Parma vs Como,90,8.3,,0.0,,,28,26.0,,,,,1.0,0,0,1.0,1.0
8574,Jean Butez,Como,G,Como vs Hellas Verona,90,6.9,,0.0,,,30,22.0,,,,,1.0,0,0,1.0,1.0
8574,Jean Butez,Como,G,Napoli vs Como,90,9.3,,0.0,,,45,32.0,,,,,,0,0,1.0,1.0
8574,Jean Butez,Como,G,Como vs Cagliari,90,7.5,,0.0,,,24,23.0,,,,,,0,0,,
8574,Jean Butez,Como,G,Torino vs Como,90,7.3,,0.0,,,37,30.0,,,,,1.0,0,0,1.0,1.0
8574,Jean Butez,Como,G,Como vs Sassuolo,90,7.9,,0.0,,,33,27.0,,,,,,0,0,1.0,1.0
8574,Jean Butez,Como,G,Inter vs Como,90,6.6,,0.0,,,37,34.0,,,,,,0,0,1.0,1.0
8574,Jean Butez,Como,G,AS Roma vs Como,90,6.9,,0.0,,,44,30.0,,,,,,0,0,,
8574,Jean Butez,Como,G,Lecce vs Como,90,8.2,,0.0,,,36,33.0,,,,,,1,0,1.0,1.0
8574,Jean Butez,Como,G,Como vs Udinese,90,6.6,,0.0,,,43,28.0,,,,,,0,0,,
8574,Jean Butez,Como,G,Pisa vs Como,90,8.2,,0.0,,,30,21.0,,,,,,0,0,,
8574,Jean Butez,Como,G,Como vs Bologna,90,6.9,,0.0,,,43,39.0,,,,,,0,0,,
8574,Jean Butez,Como,G,Como vs AC Milan,90,5.9,,0.0,,,31,28.0,,,,,,0,0,,
8574,Jean Butez,Como,G,Lazio vs Como,90,7.7,,0.0,,,60,56.0,,,,,,0,0,1.0,1.0
8574,Jean Butez,Como,G,Como vs Torino,90,7.3,,0.0,,,36,27.0,,,,,,0,0,,
8574,Jean Butez,Como,G,Como vs Atalanta,90,7,,0.0,,,27,26.0,,,,,,1,0,,
8574,Jean Butez,Como,G,Como vs Fiorentina,90,6.9,,0.0,,,32,29.0,,,,,1.0,0,0,1.0,1.0
8574,Jean Butez,Como,G,AC Milan vs Como,90,7.2,,0.0,,,19,15.0,,,,,,1,0,,
8574,Jean Butez,Como,G,Juventus vs Como,90,7.9,,0.0,,,45,30.0,,,,,,0,0,,
129119,Ignace Van der Brempt,Como,D,Como vs Lazio,70,6.9,,0.0,,,25,19.0,,4.0,1.0,4.0,1.0,1,0,6.0,11.0
129119,Ignace Van der Brempt,Como,D,Bologna vs Como,27,7,,0.0,,,13,12.0,,1.0,1.0,1.0,1.0,0,0,2.0,3.0
129119,Ignace Van der Brempt,Como,D,AS Roma vs Como,11,6.9,,0.0,,,7,5.0,,,,,1.0,0,0,2.0,3.0
129119,Ignace Van der Brempt,Como,D,Lecce vs Como,45,6.6,,0.0,,,11,9.0,,1.0,1.0,,,0,0,1.0,2.0
129119,Ignace Van der Brempt,Como,D,Como vs Udinese,89,7.7,,0.0,,,47,42.0,,4.0,1.0,1.0,3.0,0,0,11.0,13.0
129119,Ignace Van der Brempt,Como,D,Como vs Bologna,63,6.5,,0.0,,,19,14.0,,3.0,,1.0,,1,0,4.0,9.0
129119,Ignace Van der Brempt,Como,D,Como vs AC Milan,90,6.2,,0.0,1.0,,58,53.0,,3.0,1.0,2.0,,0,0,4.0,7.0
129119,Ignace Van der Brempt,Como,D,AC Milan vs Como,71,6.2,,0.0,,,20,17.0,,,,3.0,,0,0,3.0,8.0
129119,Ignace Van der Brempt,Como,D,Juventus vs Como,16,6.5,,0.0,,,3,3.0,,,,3.0,,0,0,1.0,6.0
386305,Jacobo Ramón,Como,D,Como vs Lazio,90,7.7,,0.0,2.0,,74,69.0,,4.0,2.0,,,0,0,9.0,10.0
386305,Jacobo Ramón,Como,D,Bologna vs Como,90,6.6,,0.0,1.0,1.0,56,51.0,,2.0,1.0,3.0,,1,0,7.0,14.0
386305,Jacobo Ramón,Como,D,Como vs Genoa,88,7.9,,0.0,,,49,40.0,,1.0,1.0,1.0,1.0,0,1,11.0,14.0
386305,Jacobo Ramón,Como,D,Como vs Cremonese,45,6.9,,0.0,,,57,55.0,,1.0,,2.0,,1,0,3.0,7.0
386305,Jacobo Ramón,Como,D,Atalanta vs Como,90,7.3,,0.0,3.0,,45,42.0,,4.0,3.0,2.0,,0,0,9.0,14.0
386305,Jacobo Ramón,Como,D,Como vs Juventus,45,6.6,,0.0,,,11,9.0,,1.0,,1.0,,0,0,1.0,3.0
386305,Jacobo Ramón,Como,D,Como vs Hellas Verona,90,7.5,,0.0,,,83,77.0,,2.0,2.0,,,0,0,6.0,7.0
386305,Jacobo Ramón,Como,D,Napoli vs Como,90,8.2,,0.0,,,52,50.0,,2.0,1.0,,,0,0,9.0,11.0
386305,Jacobo Ramón,Como,D,Como vs Cagliari,90,7.2,,0.0,1.0,,97,83.0,,2.0,,2.0,,0,0,10.0,19.0
386305,Jacobo Ramón,Como,D,Torino vs Como,90,8.9,1.0,0.0,1.0,1.0,60,54.0,,5.0,2.0,,,0,0,8.0,10.0
386305,Jacobo Ramón,Como,D,Como vs Sassuolo,90,7.7,,0.0,,,92,89.0,,,1.0,2.0,,1,0,,3.0
386305,Jacobo Ramón,Como,D,Inter vs Como,90,5.6,,0.0,1.0,,55,47.0,,,2.0,1.0,1.0,0,0,3.0,9.0
386305,Jacobo Ramón,Como,D,AS Roma vs Como,90,7,,0.0,,,33,27.0,,3.0,4.0,,,1,0,4.0,7.0
386305,Jacobo Ramón,Como,D,Lecce vs Como,90,7.7,1.0,0.0,1.0,1.0,55,50.0,,1.0,,,,0,0,2.0,4.0
386305,Jacobo Ramón,Como,D,Como vs Udinese,90,7,,0.0,,,74,65.0,,1.0,1.0,1.0,,0,0,4.0,9.0
386305,Jacobo Ramón,Como,D,Pisa vs Como,90,7.3,,0.0,1.0,1.0,81,79.0,,3.0,2.0,1.0,,1,0,6.0,9.0
386305,Jacobo Ramón,Como,D,Como vs AC Milan,90,6.3,,0.0,,,90,86.0,,,1.0,1.0,1.0,1,0,5.0,13.0
386305,Jacobo Ramón,Como,D,Lazio vs Como,90,7.7,,0.0,,,110,104.0,,3.0,,1.0,1.0,0,0,4.0,5.0
386305,Jacobo Ramón,Como,D,Como vs Torino,90,7.2,,0.0,1.0,,61,54.0,,1.0,,,,0,0,4.0,7.0
386305,Jacobo Ramón,Como,D,Como vs Atalanta,90,8.6,,0.0,6.0,2.0,109,97.0,,1.0,1.0,,1.0,0,0,7.0,9.0
386305,Jacobo Ramón,Como,D,Como vs Fiorentina,90,7,,0.0,,,87,77.0,,2.0,1.0,3.0,,0,0,12.0,17.0
386305,Jacobo Ramón,Como,D,AC Milan vs Como,90,6.3,,0.0,1.0,,51,47.0,,1.0,2.0,,,0,0,3.0,4.0
386305,Jacobo Ramón,Como,D,Juventus vs Como,90,6.9,,0.0,,,44,40.0,,1.0,,2.0,,0,0,1.0,6.0
26301,Marc-Oliver Kempf,Como,D,Como vs Lazio,90,6.3,,0.0,1.0,,73,69.0,,,,1.0,,0,0,1.0,6.0
26301,Marc-Oliver Kempf,Como,D,Bologna vs Como,90,6.9,,0.0,1.0,1.0,63,58.0,,1.0,,,1.0,0,0,5.0,8.0
26301,Marc-Oliver Kempf,Como,D,Como vs Genoa,90,7.3,,0.0,,,66,61.0,,1.0,,2.0,3.0,0,0,7.0,10.0
26301,Marc-Oliver Kempf,Como,D,Fiorentina vs Como,90,7.3,1.0,0.0,1.0,1.0,46,40.0,,,1.0,3.0,,1,0,4.0,12.0
26301,Marc-Oliver Kempf,Como,D,Como vs Cremonese,45,6.2,,0.0,1.0,,28,19.0,,,,1.0,,0,0,4.0,6.0
26301,Marc-Oliver Kempf,Como,D,Como vs Juventus,90,8.2,1.0,0.0,2.0,1.0,41,36.0,,2.0,,1.0,,0,0,4.0,6.0
26301,Marc-Oliver Kempf,Como,D,Parma vs Como,90,7.2,,0.0,,,78,73.0,,,,,1.0,0,0,2.0,6.0
26301,Marc-Oliver Kempf,Como,D,Como vs Hellas Verona,12,6.9,,0.0,,,4,3.0,,,,,,0,0,2.0,2.0
26301,Marc-Oliver Kempf,Como,D,Napoli vs Como,8,6.7,,0.0,,,6,4.0,,,,,,0,0,,
26301,Marc-Oliver Kempf,Como,D,Torino vs Como,15,6.6,,0.0,,,18,17.0,,,,,,0,0,,
26301,Marc-Oliver Kempf,Como,D,AS Roma vs Como,90,8.2,,0.0,,,49,42.0,,,,,2.0,0,0,9.0,11.0
26301,Marc-Oliver Kempf,Como,D,Lecce vs Como,11,6.7,,0.0,,,11,10.0,,,,,,0,0,,1.0
26301,Marc-Oliver Kempf,Como,D,Como vs Udinese,90,7.3,,0.0,,,58,49.0,,5.0,,1.0,,0,0,8.0,10.0
26301,Marc-Oliver Kempf,Como,D,Pisa vs Como,90,7.2,,0.0,1.0,,69,62.0,,,2.0,1.0,1.0,0,0,6.0,12.0
26301,Marc-Oliver Kempf,Como,D,Como vs Bologna,90,6.9,,0.0,1.0,,72,63.0,,3.0,,,,0,0,6.0,8.0
26301,Marc-Oliver Kempf,Como,D,Como vs AC Milan,45,7,1.0,0.0,2.0,1.0,41,40.0,,,,1.0,,0,0,1.0,2.0
26301,Marc-Oliver Kempf,Como,D,Como vs Torino,90,6.6,,0.0,,,62,56.0,,,,3.0,1.0,0,0,1.0,7.0
26301,Marc-Oliver Kempf,Como,D,Como vs Atalanta,90,8.2,,0.0,1.0,,115,109.0,,,1.0,,,0,0,11.0,13.0
26301,Marc-Oliver Kempf,Como,D,Como vs Fiorentina,90,6,,0.0,2.0,1.0,59,56.0,,1.0,,1.0,1.0,1,0,7.0,12.0
26301,Marc-Oliver Kempf,Como,D,AC Milan vs Como,90,6.7,,0.0,,,53,49.0,,,,2.0,1.0,0,0,1.0,4.0
26301,Marc-Oliver Kempf,Como,D,Juventus vs Como,90,7.3,,0.0,,,63,51.0,,,,,2.0,0,0,3.0,3.0
336560,Álex Valle,Como,D,Como vs Lazio,90,7,,0.0,,,51,45.0,,4.0,1.0,3.0,,0,0,5.0,10.0
336560,Álex Valle,Como,D,Bologna vs Como,90,6.6,,0.0,,,35,29.0,,5.0,1.0,6.0,,0,0,6.0,13.0
336560,Álex Valle,Como,D,Como vs Genoa,90,6.9,,0.0,,,52,39.0,,2.0,1.0,3.0,2.0,1,0,4.0,12.0
336560,Álex Valle,Como,D,Fiorentina vs Como,82,6.3,,0.0,2.0,,39,34.0,,2.0,1.0,1.0,1.0,0,0,3.0,8.0
336560,Álex Valle,Como,D,Como vs Cremonese,90,6.9,,0.0,,,31,25.0,,3.0,1.0,1.0,4.0,0,0,8.0,10.0
336560,Álex Valle,Como,D,Atalanta vs Como,21,6.7,,0.0,,,4,3.0,,,1.0,1.0,,0,0,,1.0
336560,Álex Valle,Como,D,Como vs Juventus,22,6.9,,0.0,,,6,5.0,,1.0,,,2.0,0,0,3.0,5.0
336560,Álex Valle,Como,D,Como vs Hellas Verona,90,6.6,,1.0,1.0,,69,58.0,,3.0,2.0,1.0,,0,0,5.0,6.0
336560,Álex Valle,Como,D,Napoli vs Como,90,7,,0.0,,,47,43.0,,1.0,,1.0,,0,0,3.0,6.0
336560,Álex Valle,Como,D,Como vs Cagliari,90,6.9,,0.0,,,61,50.0,,1.0,2.0,2.0,2.0,0,0,5.0,9.0
336560,Álex Valle,Como,D,Torino vs Como,90,6.7,,0.0,,,56,53.0,,2.0,3.0,1.0,,0,0,3.0,7.0
336560,Álex Valle,Como,D,Inter vs Como,90,5.2,,0.0,1.0,,46,38.0,,,,1.0,,0,0,1.0,5.0
336560,Álex Valle,Como,D,AS Roma vs Como,90,6,,0.0,,,43,32.0,,2.0,2.0,2.0,1.0,0,0,4.0,13.0
336560,Álex Valle,Como,D,Como vs Udinese,11,6.6,,0.0,,,8,6.0,,,,,,0,0,,
336560,Álex Valle,Como,D,Pisa vs Como,90,7,,0.0,,,46,38.0,,4.0,1.0,2.0,1.0,0,0,8.0,14.0
336560,Álex Valle,Como,D,Lazio vs Como,90,7.3,,1.0,,,60,54.0,,6.0,1.0,1.0,1.0,1,0,8.0,12.0
336560,Álex Valle,Como,D,Como vs Torino,90,6.9,,1.0,,,39,28.0,,,2.0,1.0,,0,0,3.0,6.0
336560,Álex Valle,Como,D,Como vs Atalanta,90,7.2,,0.0,,,77,69.0,,2.0,,2.0,,0,0,4.0,9.0
336560,Álex Valle,Como,D,Como vs Fiorentina,45,6.2,,0.0,,,21,20.0,,,,1.0,,0,0,,1.0
336560,Álex Valle,Como,D,AC Milan vs Como,19,6.6,,0.0,1.0,,5,4.0,,,,,,0,0,,1.0
336560,Álex Valle,Como,D,Juventus vs Como,90,7.3,,0.0,,,33,32.0,,5.0,1.0,1.0,1.0,0,0,6.0,11.0
288699,Máximo Perrone,Como,M,Como vs Lazio,78,7.3,,0.0,1.0,,60,58.0,,4.0,1.0,,,0,0,4.0,6.0
288699,Máximo Perrone,Como,M,Bologna vs Como,45,6.3,,0.0,,,24,22.0,,2.0,,3.0,,1,0,2.0,5.0
288699,Máximo Perrone,Como,M,Como vs Genoa,25,6.5,,0.0,,,14,13.0,,,1.0,1.0,,0,0,1.0,3.0
288699,Máximo Perrone,Como,M,Fiorentina vs Como,90,7.2,,0.0,1.0,,87,81.0,,1.0,1.0,4.0,3.0,0,0,7.0,12.0
288699,Máximo Perrone,Como,M,Como vs Cremonese,90,6.5,,0.0,,,55,49.0,,,,2.0,1.0,1,0,2.0,8.0
288699,Máximo Perrone,Como,M,Atalanta vs Como,90,8.5,1.0,0.0,1.0,1.0,48,43.0,,1.0,1.0,1.0,,0,0,1.0,2.0
288699,Máximo Perrone,Como,M,Como vs Juventus,90,7,,1.0,,,38,29.0,,4.0,,1.0,,0,0,4.0,7.0
288699,Máximo Perrone,Como,M,Parma vs Como,90,7,,0.0,,,87,82.0,,3.0,2.0,,,0,0,3.0,5.0
288699,Máximo Perrone,Como,M,Napoli vs Como,90,6.3,,0.0,,,65,60.0,,2.0,1.0,3.0,,1,0,2.0,8.0
288699,Máximo Perrone,Como,M,Como vs Cagliari,90,7,,0.0,,,107,96.0,,,2.0,4.0,3.0,1,0,5.0,12.0
288699,Máximo Perrone,Como,M,Torino vs Como,84,8.3,,2.0,,,56,52.0,,2.0,,,,0,0,3.0,5.0
288699,Máximo Perrone,Como,M,Como vs Sassuolo,89,6.6,,0.0,1.0,1.0,94,87.0,,,,2.0,,0,0,,3.0
288699,Máximo Perrone,Como,M,Inter vs Como,82,6.7,,0.0,1.0,1.0,54,51.0,,1.0,,1.0,,1,0,1.0,3.0
288699,Máximo Perrone,Como,M,Lecce vs Como,90,7,,0.0,,,58,51.0,,2.0,2.0,1.0,3.0,1,0,6.0,10.0
288699,Máximo Perrone,Como,M,Como vs Udinese,90,6.7,,0.0,1.0,1.0,74,66.0,,3.0,1.0,1.0,1.0,0,0,4.0,10.0
288699,Máximo Perrone,Como,M,Pisa vs Como,90,7.7,1.0,0.0,1.0,1.0,69,64.0,,,,,,0,0,,6.0
288699,Máximo Perrone,Como,M,Como vs Bologna,90,6.6,,0.0,,,44,41.0,,1.0,,2.0,,0,0,2.0,5.0
288699,Máximo Perrone,Como,M,Como vs AC Milan,90,6.6,,0.0,1.0,,93,87.0,,2.0,1.0,1.0,,0,0,3.0,6.0
288699,Máximo Perrone,Como,M,Lazio vs Como,90,7.2,,0.0,,,102,98.0,,2.0,,1.0,1.0,0,0,4.0,9.0
288699,Máximo Perrone,Como,M,Como vs Torino,68,7,,0.0,,,46,41.0,,1.0,1.0,,2.0,0,0,5.0,8.0
288699,Máximo Perrone,Como,M,Como vs Atalanta,58,7.2,,0.0,,,70,64.0,,,1.0,1.0,,1,0,1.0,2.0
288699,Máximo Perrone,Como,M,Como vs Fiorentina,57,6.3,,0.0,,,83,77.0,,,,1.0,,0,0,,2.0
288699,Máximo Perrone,Como,M,AC Milan vs Como,90,7.2,,0.0,,,58,53.0,,5.0,1.0,,1.0,0,0,7.0,10.0
288699,Máximo Perrone,Como,M,Juventus vs Como,90,7.2,,0.0,2.0,,60,52.0,,1.0,1.0,,2.0,0,0,6.0,7.0
162266,Lucas Da Cunha,Como,M,Como vs Lazio,90,7.7,,0.0,2.0,1.0,61,57.0,,1.0,,,1.0,0,0,2.0,6.0
162266,Lucas Da Cunha,Como,M,Bologna vs Como,81,6.7,,0.0,,,49,41.0,,1.0,1.0,,,0,0,3.0,4.0
162266,Lucas Da Cunha,Como,M,Como vs Genoa,65,6.6,,0.0,,,44,42.0,,1.0,,,,0,0,2.0,9.0
162266,Lucas Da Cunha,Como,M,Como vs Cremonese,69,6.7,,0.0,,,29,26.0,,1.0,,1.0,2.0,1,0,3.0,7.0
162266,Lucas Da Cunha,Como,M,Atalanta vs Como,89,6.6,,0.0,2.0,2.0,57,51.0,,1.0,,2.0,1.0,0,0,4.0,11.0
162266,Lucas Da Cunha,Como,M,Como vs Juventus,90,7.2,,0.0,,,40,34.0,,3.0,,2.0,,0,0,4.0,8.0
162266,Lucas Da Cunha,Como,M,Parma vs Como,72,6.6,,0.0,1.0,1.0,53,51.0,,1.0,1.0,3.0,,0,0,4.0,8.0
162266,Lucas Da Cunha,Como,M,Como vs Hellas Verona,90,7.3,,0.0,1.0,,81,78.0,,,2.0,1.0,,0,0,,2.0
162266,Lucas Da Cunha,Como,M,Napoli vs Como,19,6.9,,0.0,,,16,15.0,,1.0,,1.0,2.0,0,0,4.0,6.0
162266,Lucas Da Cunha,Como,M,Torino vs Como,90,6.9,,0.0,,,68,59.0,,2.0,,,,0,0,2.0,6.0
162266,Lucas Da Cunha,Como,M,Como vs Sassuolo,31,7.3,,0.0,1.0,1.0,27,24.0,,2.0,,,,0,0,5.0,5.0
162266,Lucas Da Cunha,Como,M,Inter vs Como,90,7.3,,0.0,1.0,,66,62.0,,1.0,,1.0,1.0,0,0,3.0,6.0
162266,Lucas Da Cunha,Como,M,AS Roma vs Como,90,6.7,,0.0,,,35,28.0,,2.0,,,1.0,0,0,3.0,7.0
162266,Lucas Da Cunha,Como,M,Lecce vs Como,90,6.3,,0.0,,,57,49.0,,1.0,3.0,3.0,,0,0,2.0,9.0
162266,Lucas Da Cunha,Como,M,Como vs Udinese,90,8.3,1.0,0.0,1.0,1.0,74,64.0,,3.0,2.0,,1.0,0,0,5.0,7.0
162266,Lucas Da Cunha,Como,M,Pisa vs Como,64,7,,0.0,1.0,,66,57.0,,1.0,,3.0,1.0,1,0,5.0,12.0
162266,Lucas Da Cunha,Como,M,Como vs Bologna,57,6.2,,0.0,1.0,,22,19.0,,1.0,,1.0,,1,0,1.0,3.0
162266,Lucas Da Cunha,Como,M,Como vs AC Milan,60,6.5,,0.0,2.0,1.0,56,52.0,,,1.0,,,0,0,1.0,2.0
162266,Lucas Da Cunha,Como,M,Lazio vs Como,90,7.5,,0.0,2.0,1.0,76,73.0,,1.0,,,,0,0,3.0,4.0
162266,Lucas Da Cunha,Como,M,Como vs Torino,90,7.9,1.0,1.0,1.0,1.0,68,60.0,,2.0,2.0,2.0,1.0,0,0,5.0,8.0
162266,Lucas Da Cunha,Como,M,Como vs Atalanta,87,8,,0.0,1.0,,92,86.0,,1.0,,1.0,2.0,1,0,3.0,6.0
162266,Lucas Da Cunha,Como,M,Como vs Fiorentina,90,7.2,,0.0,,,70,61.0,,3.0,1.0,1.0,1.0,0,0,5.0,8.0
162266,Lucas Da Cunha,Como,M,AC Milan vs Como,11,6.3,,0.0,,,12,11.0,,,,,,0,0,,2.0
162266,Lucas Da Cunha,Como,M,Juventus vs Como,74,6.5,,1.0,2.0,,40,36.0,,,,2.0,,0,0,,8.0
8586,Mërgim Vojvoda,Como,M,Como vs Lazio,90,6.9,,0.0,4.0,2.0,41,35.0,,1.0,1.0,3.0,1.0,0,0,4.0,9.0
8586,Mërgim Vojvoda,Como,M,Bologna vs Como,57,7,,0.0,1.0,,17,11.0,,,,,,1,0,1.0,2.0
8586,Mërgim Vojvoda,Como,M,Como vs Genoa,90,6.2,,0.0,1.0,1.0,39,31.0,,,,,,0,0,1.0,4.0
8586,Mërgim Vojvoda,Como,M,Fiorentina vs Como,45,5.9,,0.0,,,21,16.0,,,1.0,3.0,,1,0,1.0,6.0
8586,Mërgim Vojvoda,Como,M,Atalanta vs Como,69,6.5,,0.0,,,37,31.0,,,,,,0,0,,
8586,Mërgim Vojvoda,Como,M,Como vs Juventus,90,6.7,,0.0,1.0,1.0,32,25.0,,1.0,1.0,2.0,1.0,0,0,2.0,6.0
8586,Mërgim Vojvoda,Como,M,Parma vs Como,45,6.3,,0.0,,,21,19.0,,,1.0,,,0,0,,2.0
8586,Mërgim Vojvoda,Como,M,Como vs Hellas Verona,11,7.9,1.0,0.0,1.0,1.0,3,3.0,,,,,1.0,0,0,1.0,1.0
8586,Mërgim Vojvoda,Como,M,Torino vs Como,32,6.6,,0.0,,,13,12.0,,,,,,0,0,,
8586,Mërgim Vojvoda,Como,M,Como vs Sassuolo,59,6.9,,0.0,,,43,39.0,,,1.0,,,0,0,,1.0
8586,Mërgim Vojvoda,Como,M,Inter vs Como,45,6.2,,0.0,,,33,32.0,,,1.0,1.0,,0,0,2.0,4.0
8586,Mërgim Vojvoda,Como,M,Lecce vs Como,84,7.9,,2.0,,,33,23.0,,,,1.0,1.0,0,0,3.0,9.0
8586,Mërgim Vojvoda,Como,M,Como vs Udinese,89,6.9,,0.0,1.0,,47,34.0,,1.0,,1.0,1.0,0,0,3.0,9.0
8586,Mërgim Vojvoda,Como,M,Pisa vs Como,26,7.3,,0.0,,,20,18.0,,2.0,,,2.0,0,0,7.0,10.0
8586,Mërgim Vojvoda,Como,M,Como vs Bologna,57,5.3,,0.0,1.0,,17,12.0,,,1.0,1.0,,0,0,,4.0
8586,Mërgim Vojvoda,Como,M,Como vs AC Milan,66,6.9,,0.0,,,37,36.0,,,,,,0,0,,3.0
8586,Mërgim Vojvoda,Como,M,Lazio vs Como,16,6.6,,0.0,1.0,,10,9.0,,,,,,0,0,1.0,1.0
8586,Mërgim Vojvoda,Como,M,Como vs Torino,90,7.2,,0.0,1.0,,51,41.0,,1.0,1.0,,2.0,0,0,4.0,5.0
8586,Mërgim Vojvoda,Como,M,Como vs Atalanta,45,6.9,,0.0,2.0,1.0,13,12.0,,1.0,,,1.0,0,0,3.0,3.0
8586,Mërgim Vojvoda,Como,M,Como vs Fiorentina,72,5.9,,0.0,,,39,32.0,,,1.0,1.0,,0,0,1.0,3.0
8586,Mërgim Vojvoda,Como,M,AC Milan vs Como,89,7,,0.0,,,20,20.0,,,1.0,,,0,0,3.0,7.0
8586,Mërgim Vojvoda,Como,M,Juventus vs Como,74,7.9,1.0,0.0,1.0,1.0,29,23.0,,1.0,2.0,,,0,0,3.0,7.0
350037,Nico Paz,Como,M,Como vs Lazio,79,8.6,1.0,1.0,4.0,2.0,39,32.0,,2.0,1.0,2.0,1.0,1,0,6.0,13.0
350037,Nico Paz,Como,M,Bologna vs Como,90,6.7,,0.0,1.0,,37,27.0,,,,4.0,3.0,0,0,7.0,17.0
350037,Nico Paz,Como,M,Como vs Genoa,90,7.3,1.0,0.0,1.0,1.0,35,27.0,,1.0,1.0,2.0,3.0,0,0,5.0,14.0
350037,Nico Paz,Como,M,Fiorentina vs Como,90,8.2,,2.0,3.0,3.0,48,38.0,,8.0,,2.0,2.0,0,0,14.0,23.0
350037,Nico Paz,Como,M,Como vs Cremonese,89,8.2,1.0,0.0,3.0,3.0,35,28.0,,3.0,,3.0,4.0,0,0,9.0,16.0
350037,Nico Paz,Como,M,Atalanta vs Como,90,6.3,,0.0,,,53,44.0,,4.0,3.0,4.0,,0,0,5.0,13.0
350037,Nico Paz,Como,M,Como vs Juventus,90,8.7,1.0,1.0,1.0,1.0,30,22.0,,2.0,,3.0,3.0,0,0,7.0,18.0
350037,Nico Paz,Como,M,Parma vs Como,90,6.2,,0.0,1.0,,53,41.0,,4.0,1.0,3.0,,0,0,5.0,13.0
350037,Nico Paz,Como,M,Como vs Hellas Verona,90,7.6,,0.0,3.0,1.0,48,41.0,,1.0,,2.0,3.0,1,0,11.0,20.0
350037,Nico Paz,Como,M,Napoli vs Como,90,6.9,,0.0,2.0,,51,44.0,,5.0,2.0,2.0,,0,0,7.0,15.0
350037,Nico Paz,Como,M,Como vs Cagliari,90,7.5,,0.0,3.0,3.0,52,42.0,,4.0,1.0,2.0,1.0,0,0,9.0,16.0
350037,Nico Paz,Como,M,Torino vs Como,84,8.3,1.0,0.0,2.0,1.0,46,40.0,,2.0,1.0,2.0,1.0,0,0,8.0,11.0
350037,Nico Paz,Como,M,Como vs Sassuolo,90,7.6,,1.0,6.0,4.0,53,47.0,,2.0,,,,0,0,5.0,7.0
350037,Nico Paz,Como,M,Inter vs Como,90,6.9,,0.0,3.0,1.0,51,40.0,,2.0,1.0,,3.0,0,0,10.0,11.0
350037,Nico Paz,Como,M,AS Roma vs Como,90,6.7,,0.0,1.0,,20,15.0,,2.0,1.0,1.0,2.0,1,0,7.0,11.0
350037,Nico Paz,Como,M,Lecce vs Como,89,8.6,1.0,1.0,1.0,1.0,46,38.0,,,1.0,,1.0,0,0,8.0,15.0
350037,Nico Paz,Como,M,Como vs Udinese,21,6.6,,0.0,,,10,8.0,,1.0,,1.0,1.0,0,0,2.0,4.0
350037,Nico Paz,Como,M,Pisa vs Como,88,6.7,,0.0,5.0,3.0,57,49.0,,,1.0,1.0,,0,0,5.0,11.0
350037,Nico Paz,Como,M,Como vs Bologna,90,6.6,,0.0,3.0,1.0,27,20.0,,3.0,1.0,2.0,1.0,1,0,7.0,12.0
350037,Nico Paz,Como,M,Como vs AC Milan,90,7.3,,0.0,7.0,4.0,51,48.0,,5.0,,,,0,0,7.0,12.0
350037,Nico Paz,Como,M,Lazio vs Como,81,9.2,2.0,0.0,3.0,3.0,51,43.0,,4.0,1.0,1.0,,0,0,9.0,14.0
350037,Nico Paz,Como,M,Como vs Torino,73,6.9,,0.0,1.0,,19,16.0,,,,2.0,,0,0,,4.0
350037,Nico Paz,Como,M,Como vs Atalanta,90,5.6,,0.0,4.0,3.0,61,56.0,,2.0,,,2.0,0,0,4.0,11.0
350037,Nico Paz,Como,M,Como vs Fiorentina,90,6,,0.0,5.0,1.0,37,31.0,,4.0,1.0,2.0,,0,0,4.0,9.0
350037,Nico Paz,Como,M,AC Milan vs Como,71,7.3,1.0,0.0,1.0,1.0,26,18.0,,2.0,2.0,2.0,1.0,1,0,5.0,10.0
443162,Jesús Rodriguez,Como,M,Como vs Lazio,89,7,,0.0,1.0,,27,24.0,,,1.0,,3.0,0,0,8.0,18.0
443162,Jesús Rodriguez,Como,M,Bologna vs Como,90,6.3,,0.0,2.0,,23,15.0,,2.0,,,1.0,0,0,4.0,10.0
443162,Jesús Rodriguez,Como,M,Como vs Genoa,85,6.5,,0.0,1.0,1.0,18,12.0,,1.0,,,1.0,0,0,2.0,14.0
443162,Jesús Rodriguez,Como,M,Fiorentina vs Como,45,7.2,,0.0,1.0,,18,15.0,,,,1.0,2.0,0,0,7.0,11.0
443162,Jesús Rodriguez,Como,M,Como vs Cremonese,82,7,,1.0,2.0,1.0,27,22.0,,,,2.0,,0,1,1.0,3.0
443162,Jesús Rodriguez,Como,M,Como vs Hellas Verona,36,6.6,,1.0,,,9,6.0,,,,,,0,0,1.0,4.0
443162,Jesús Rodriguez,Como,M,Napoli vs Como,8,6.7,,0.0,,,1,1.0,,2.0,,,,0,0,2.0,4.0
443162,Jesús Rodriguez,Como,M,Como vs Cagliari,45,6.9,,0.0,1.0,1.0,21,15.0,,1.0,,,1.0,0,0,4.0,4.0
443162,Jesús Rodriguez,Como,M,Torino vs Como,75,6.9,,2.0,1.0,,20,14.0,,,1.0,2.0,,0,0,3.0,9.0
443162,Jesús Rodriguez,Como,M,Como vs Sassuolo,59,6.3,,0.0,2.0,2.0,18,11.0,,1.0,,,1.0,0,0,3.0,6.0
443162,Jesús Rodriguez,Como,M,Inter vs Como,82,6.9,,0.0,2.0,,19,17.0,,,,,1.0,0,0,3.0,3.0
443162,Jesús Rodriguez,Como,M,AS Roma vs Como,25,6.7,,0.0,,,6,5.0,,2.0,,,,0,0,3.0,7.0
443162,Jesús Rodriguez,Como,M,Lecce vs Como,78,6.2,,0.0,2.0,,16,12.0,,,,4.0,,0,0,1.0,10.0
443162,Jesús Rodriguez,Como,M,Como vs Udinese,79,6.6,,0.0,3.0,1.0,19,15.0,,1.0,,2.0,1.0,1,0,3.0,10.0
443162,Jesús Rodriguez,Como,M,Pisa vs Como,88,6.7,,1.0,2.0,,25,23.0,,1.0,,1.0,1.0,0,0,4.0,12.0
443162,Jesús Rodriguez,Como,M,Como vs Bologna,90,8.2,,1.0,2.0,1.0,19,12.0,,5.0,,2.0,2.0,0,0,13.0,21.0
443162,Jesús Rodriguez,Como,M,Como vs AC Milan,30,7.3,,0.0,,,14,13.0,,,,,1.0,0,0,4.0,5.0
443162,Jesús Rodriguez,Como,M,Lazio vs Como,81,6.7,,0.0,,,19,18.0,,,,1.0,3.0,0,0,4.0,7.0
443162,Jesús Rodriguez,Como,M,Como vs Torino,68,6.2,,0.0,3.0,,12,8.0,,,1.0,,2.0,0,0,5.0,9.0
443162,Jesús Rodriguez,Como,M,Como vs Atalanta,32,6.3,,0.0,,,15,10.0,,,,1.0,,0,0,2.0,6.0
443162,Jesús Rodriguez,Como,M,Como vs Fiorentina,45,7.2,,0.0,2.0,1.0,12,11.0,,2.0,,2.0,1.0,1,0,5.0,8.0
443162,Jesús Rodriguez,Como,M,AC Milan vs Como,12,6.7,,0.0,1.0,1.0,2,2.0,,,,,1.0,0,0,1.0,2.0
26845,Anastasios Douvikas,Como,F,Como vs Lazio,70,7.9,1.0,0.0,1.0,1.0,16,13.0,,,1.0,1.0,1.0,0,0,2.0,4.0
26845,Anastasios Douvikas,Como,F,Bologna vs Como,57,6.2,,0.0,,,10,9.0,,,,1.0,1.0,0,0,1.0,8.0
26845,Anastasios Douvikas,Como,F,Como vs Genoa,25,6.9,,0.0,,,6,4.0,,1.0,,1.0,1.0,0,0,3.0,4.0
26845,Anastasios Douvikas,Como,F,Fiorentina vs Como,29,6.6,,0.0,,,7,4.0,,1.0,,,1.0,0,0,4.0,7.0
26845,Anastasios Douvikas,Como,F,Como vs Cremonese,66,6.7,,0.0,2.0,1.0,10,8.0,,2.0,1.0,2.0,2.0,0,0,5.0,14.0
26845,Anastasios Douvikas,Como,F,Atalanta vs Como,45,6.6,,0.0,,,10,9.0,,1.0,,1.0,1.0,0,0,4.0,8.0
26845,Anastasios Douvikas,Como,F,Como vs Juventus,22,6.6,,0.0,2.0,1.0,8,4.0,,1.0,,,,0,0,4.0,5.0
26845,Anastasios Douvikas,Como,F,Parma vs Como,18,6.3,,0.0,2.0,1.0,1,1.0,,,,,,0,0,1.0,1.0
26845,Anastasios Douvikas,Como,F,Como vs Hellas Verona,89,8,1.0,0.0,3.0,2.0,17,13.0,,,,,5.0,0,0,9.0,11.0
26845,Anastasios Douvikas,Como,F,Napoli vs Como,8,6.2,,0.0,,,1,1.0,,,,1.0,,0,0,,3.0
26845,Anastasios Douvikas,Como,F,Como vs Cagliari,27,6.3,,0.0,,,3,1.0,,,,,1.0,0,0,3.0,5.0
26845,Anastasios Douvikas,Como,F,Torino vs Como,15,6.3,,0.0,,,3,3.0,,,,,,0,0,,
26845,Anastasios Douvikas,Como,F,Como vs Sassuolo,90,8.3,1.0,0.0,2.0,2.0,16,13.0,,,,1.0,3.0,0,0,4.0,10.0
26845,Anastasios Douvikas,Como,F,Inter vs Como,58,6.3,,0.0,2.0,,7,7.0,,,,,1.0,0,0,2.0,5.0
26845,Anastasios Douvikas,Como,F,AS Roma vs Como,53,5.9,,0.0,,,11,8.0,,,,1.0,2.0,0,0,2.0,10.0
26845,Anastasios Douvikas,Como,F,Lecce vs Como,90,8,1.0,0.0,2.0,2.0,18,14.0,,1.0,,5.0,3.0,0,0,4.0,12.0
26845,Anastasios Douvikas,Como,F,Como vs Udinese,90,6.5,,0.0,2.0,,15,12.0,,2.0,1.0,2.0,3.0,0,0,7.0,15.0
26845,Anastasios Douvikas,Como,F,Pisa vs Como,90,8.5,2.0,0.0,3.0,2.0,9,9.0,,1.0,,,2.0,0,0,4.0,11.0
26845,Anastasios Douvikas,Como,F,Como vs Bologna,90,6.3,,0.0,1.0,,10,5.0,,,,1.0,,0,0,3.0,6.0
26845,Anastasios Douvikas,Como,F,Como vs AC Milan,90,6.2,,0.0,1.0,1.0,13,12.0,,,,,,0,0,,2.0
26845,Anastasios Douvikas,Como,F,Lazio vs Como,9,6.7,,0.0,,,6,6.0,,,,,,0,0,1.0,1.0
26845,Anastasios Douvikas,Como,F,Como vs Torino,73,9.5,2.0,0.0,3.0,3.0,13,6.0,,,,,1.0,0,0,4.0,6.0
26845,Anastasios Douvikas,Como,F,Como vs Atalanta,58,5.6,,0.0,5.0,2.0,7,5.0,,,,,,0,0,3.0,10.0
26845,Anastasios Douvikas,Como,F,Como vs Fiorentina,57,6.5,,0.0,1.0,,6,4.0,,,,,,0,0,1.0,4.0
26845,Anastasios Douvikas,Como,F,AC Milan vs Como,19,6.5,,0.0,1.0,1.0,2,2.0,,,,1.0,,0,0,1.0,3.0
26845,Anastasios Douvikas,Como,F,Juventus vs Como,87,6.3,,1.0,2.0,,14,11.0,,,,1.0,,0,0,2.0,4.0
14266,Ivan Smolčić,Como,D,Como vs Lazio,20,6.9,,0.0,,,9,7.0,,3.0,1.0,,,0,0,3.0,3.0
14266,Ivan Smolčić,Como,D,Bologna vs Como,63,6.6,,0.0,,,29,21.0,,2.0,3.0,1.0,1.0,1,0,3.0,6.0
14266,Ivan Smolčić,Como,D,Fiorentina vs Como,90,6.7,,0.0,1.0,,51,45.0,,2.0,,1.0,1.0,0,0,6.0,12.0
14266,Ivan Smolčić,Como,D,Atalanta vs Como,86,7,,0.0,,,35,33.0,,1.0,1.0,1.0,1.0,1,0,3.0,7.0
14266,Ivan Smolčić,Como,D,Como vs Juventus,87,7.2,,0.0,,,25,22.0,,3.0,2.0,1.0,3.0,1,0,6.0,9.0
14266,Ivan Smolčić,Como,D,Parma vs Como,90,7.2,,0.0,,,66,60.0,,2.0,,3.0,2.0,0,0,4.0,8.0
14266,Ivan Smolčić,Como,D,Napoli vs Como,71,7.3,,0.0,,,28,23.0,,4.0,1.0,1.0,2.0,1,0,9.0,11.0
14266,Ivan Smolčić,Como,D,Como vs Cagliari,89,7,,0.0,1.0,,44,40.0,,2.0,2.0,1.0,2.0,0,0,5.0,10.0
14266,Ivan Smolčić,Como,D,Torino vs Como,58,5.6,,0.0,1.0,1.0,40,33.0,,3.0,,2.0,,1,0,3.0,6.0
14266,Ivan Smolčić,Como,D,AS Roma vs Como,79,6.7,,0.0,,,24,18.0,,,1.0,1.0,,0,0,2.0,3.0
14266,Ivan Smolčić,Como,D,Lecce vs Como,45,6.9,,0.0,1.0,,23,21.0,,1.0,1.0,2.0,,1,0,3.0,5.0
14266,Ivan Smolčić,Como,D,Pisa vs Como,64,6.9,,0.0,,,57,51.0,,1.0,,1.0,,0,0,2.0,5.0
14266,Ivan Smolčić,Como,D,Lazio vs Como,45,6.9,,0.0,1.0,1.0,29,28.0,,,1.0,1.0,2.0,1,0,3.0,5.0
14266,Ivan Smolčić,Como,D,Como vs Torino,17,6.7,,0.0,,,15,13.0,,,,,,0,0,,
14266,Ivan Smolčić,Como,D,Como vs Atalanta,90,7,,0.0,,,56,50.0,,,2.0,1.0,1.0,0,0,2.0,5.0
14266,Ivan Smolčić,Como,D,Juventus vs Como,90,7.2,,0.0,,,35,31.0,,4.0,2.0,2.0,1.0,0,0,5.0,10.0
59,Álvaro Morata,Como,F,Como vs Lazio,20,7,,0.0,1.0,,4,4.0,,2.0,,,3.0,0,0,5.0,6.0
59,Álvaro Morata,Como,F,Bologna vs Como,33,6.7,,0.0,,,10,6.0,,,,,3.0,0,0,3.0,3.0
59,Álvaro Morata,Como,F,Como vs Genoa,65,6.6,,1.0,2.0,,19,15.0,,1.0,,1.0,3.0,0,0,6.0,11.0
59,Álvaro Morata,Como,F,Fiorentina vs Como,61,6.9,,0.0,2.0,1.0,10,6.0,,1.0,,1.0,3.0,0,0,4.0,7.0
59,Álvaro Morata,Como,F,Atalanta vs Como,45,6.7,,0.0,,,19,11.0,,1.0,,1.0,1.0,0,0,4.0,7.0
59,Álvaro Morata,Como,F,Como vs Juventus,89,6.9,,0.0,1.0,1.0,29,25.0,,3.0,,2.0,1.0,0,0,6.0,14.0
59,Álvaro Morata,Como,F,Parma vs Como,72,6.5,,0.0,1.0,,15,13.0,,2.0,,1.0,,0,0,4.0,7.0
59,Álvaro Morata,Como,F,Napoli vs Como,82,5.9,,0.0,2.0,1.0,24,17.0,,,1.0,2.0,3.0,0,0,4.0,10.0
59,Álvaro Morata,Como,F,Como vs Cagliari,63,6.9,,0.0,1.0,1.0,18,15.0,,1.0,,3.0,2.0,1,0,5.0,11.0
59,Álvaro Morata,Como,F,Torino vs Como,75,6.7,,0.0,3.0,1.0,20,17.0,,,,,,0,0,2.0,4.0
59,Álvaro Morata,Como,F,Inter vs Como,32,6.2,,0.0,,,5,5.0,,,,,,0,0,,3.0
59,Álvaro Morata,Como,F,Como vs Atalanta,32,6.3,,0.0,1.0,1.0,7,6.0,,,,1.0,1.0,0,0,1.0,4.0
59,Álvaro Morata,Como,F,Como vs Fiorentina,32,6.7,,0.0,1.0,,2,1.0,,,,,4.0,2,1,4.0,5.0
59,Álvaro Morata,Como,F,Juventus vs Como,9,6.7,,0.0,,,2,2.0,,,,,,0,0,1.0,2.0
659,Maxence Caqueret,Como,M,Como vs Lazio,12,6.7,,0.0,1.0,,7,6.0,,,,,1.0,0,0,2.0,4.0
659,Maxence Caqueret,Como,M,Como vs Genoa,73,7.2,,0.0,1.0,,34,32.0,,4.0,1.0,,1.0,0,0,7.0,10.0
659,Maxence Caqueret,Como,M,Como vs Cremonese,24,6.5,,0.0,,,9,6.0,,1.0,,,,0,0,1.0,2.0
659,Maxence Caqueret,Como,M,Atalanta vs Como,21,6.3,,0.0,,,7,5.0,,,,1.0,,0,0,1.0,3.0
659,Maxence Caqueret,Como,M,Como vs Juventus,68,6.7,,0.0,1.0,,24,18.0,,,,,1.0,0,0,2.0,5.0
659,Maxence Caqueret,Como,M,Parma vs Como,45,7.3,,0.0,,,16,15.0,,1.0,,,1.0,0,0,3.0,4.0
659,Maxence Caqueret,Como,M,Como vs Hellas Verona,89,7.9,,1.0,1.0,,91,83.0,,3.0,3.0,1.0,5.0,0,0,12.0,20.0
659,Maxence Caqueret,Como,M,Napoli vs Como,71,6.3,,0.0,1.0,1.0,46,41.0,,2.0,,1.0,1.0,0,0,3.0,7.0
659,Maxence Caqueret,Como,M,Como vs Cagliari,63,6.6,,0.0,,,62,55.0,,1.0,1.0,1.0,,0,0,1.0,4.0
659,Maxence Caqueret,Como,M,Como vs Sassuolo,59,7.3,,0.0,,,69,63.0,,3.0,,3.0,1.0,1,0,5.0,9.0
659,Maxence Caqueret,Como,M,Inter vs Como,8,6.7,,0.0,,,9,8.0,,,,1.0,1.0,0,0,2.0,3.0
659,Maxence Caqueret,Como,M,AS Roma vs Como,65,6.7,,0.0,1.0,,32,27.0,,3.0,2.0,1.0,,0,0,3.0,7.0
659,Maxence Caqueret,Como,M,Como vs Udinese,69,7.2,,0.0,,,24,20.0,,3.0,,2.0,,0,0,3.0,9.0
659,Maxence Caqueret,Como,M,Pisa vs Como,26,6.3,,1.0,,,31,28.0,,1.0,,1.0,,0,0,1.0,2.0
659,Maxence Caqueret,Como,M,Como vs Bologna,33,6.6,,0.0,1.0,,19,15.0,,,,,,0,0,,
659,Maxence Caqueret,Como,M,Como vs AC Milan,30,6.9,,0.0,1.0,1.0,20,19.0,,,,,,0,0,2.0,2.0
659,Maxence Caqueret,Como,M,Lazio vs Como,65,6.7,,1.0,,,31,25.0,,,,,1.0,0,0,1.0,4.0
659,Maxence Caqueret,Como,M,Como vs Torino,22,8,1.0,1.0,1.0,1.0,34,31.0,,,,1.0,,0,0,,1.0
659,Maxence Caqueret,Como,M,Como vs Fiorentina,18,6.9,,0.0,,,15,15.0,,1.0,,,,0,0,1.0,2.0
659,Maxence Caqueret,Como,M,AC Milan vs Como,78,6.6,,0.0,,,30,28.0,,3.0,,1.0,,0,0,4.0,10.0
659,Maxence Caqueret,Como,M,Juventus vs Como,86,7.5,1.0,0.0,1.0,1.0,36,32.0,,,,,2.0,0,0,3.0,7.0
137,Sergi Roberto,Como,M,Como vs Lazio,11,6.6,,0.0,,,13,11.0,,,,1.0,,0,0,2.0,3.0
137,Sergi Roberto,Como,M,Bologna vs Como,45,6.7,,0.0,1.0,,35,31.0,,,,,2.0,0,0,3.0,5.0
137,Sergi Roberto,Como,M,Como vs Genoa,17,6.9,,0.0,,,11,9.0,,,1.0,2.0,,1,0,1.0,4.0
137,Sergi Roberto,Como,M,Fiorentina vs Como,89,6.2,,0.0,3.0,1.0,68,64.0,,,,1.0,1.0,1,0,1.0,5.0
137,Sergi Roberto,Como,M,Como vs Cremonese,21,6.2,,0.0,,,14,12.0,,,,,,0,0,,1.0
137,Sergi Roberto,Como,M,Pisa vs Como,8,6.3,,0.0,,,3,2.0,,,,,,0,0,,1.0
137,Sergi Roberto,Como,M,Como vs AC Milan,14,6.3,,0.0,,,16,16.0,,,,,,0,0,,
137,Sergi Roberto,Como,M,Lazio vs Como,25,6.9,,0.0,,,41,39.0,,,1.0,,1.0,0,0,1.0,1.0
137,Sergi Roberto,Como,M,Como vs Torino,22,6.9,,0.0,,,45,45.0,,,,,1.0,0,0,1.0,1.0
137,Sergi Roberto,Como,M,Como vs Atalanta,12,6.6,,0.0,,,15,14.0,,,,,,0,0,,
137,Sergi Roberto,Como,M,AC Milan vs Como,79,6.6,,0.0,1.0,1.0,44,42.0,,3.0,,2.0,1.0,1,0,5.0,12.0
137,Sergi Roberto,Como,M,Juventus vs Como,30,6.9,,0.0,,,16,15.0,,1.0,,,,0,0,1.0,2.0
31037,Ivan Provedel,Lazio,G,Como vs Lazio,90,6.7,,0.0,,,33,26.0,,,,,,0,0,,
31037,Ivan Provedel,Lazio,G,Lazio vs Hellas Verona,90,7.7,,0.0,,,21,21.0,,,,,,0,0,,
31037,Ivan Provedel,Lazio,G,Sassuolo vs Lazio,90,7,,0.0,,,20,15.0,,,,,,0,0,,
31037,Ivan Provedel,Lazio,G,Lazio vs AS Roma,90,7.2,,0.0,,,32,20.0,,,,,,0,0,1.0,1.0
31037,Ivan Provedel,Lazio,G,Genoa vs Lazio,90,8,,0.0,,,35,12.0,,,,,1.0,0,0,1.0,1.0
31037,Ivan Provedel,Lazio,G,Lazio vs Torino,90,7.2,,0.0,,,33,19.0,,,,,,0,0,,
31037,Ivan Provedel,Lazio,G,Atalanta vs Lazio,90,9.5,,0.0,,,34,24.0,,,,,,0,0,,
31037,Ivan Provedel,Lazio,G,Lazio vs Juventus,90,8.2,,0.0,,,38,24.0,,,,,1.0,0,0,3.0,3.0
31037,Ivan Provedel,Lazio,G,Pisa vs Lazio,90,6.9,,0.0,,,42,27.0,,,,,,0,0,,
31037,Ivan Provedel,Lazio,G,Lazio vs Cagliari,90,7.7,,0.0,,,33,24.0,,,,,,0,0,,
31037,Ivan Provedel,Lazio,G,Inter vs Lazio,90,6.5,,0.0,,,33,26.0,,,,,,0,0,,
31037,Ivan Provedel,Lazio,G,Lazio vs Lecce,90,6.9,,0.0,,,38,34.0,,,,,,0,0,,
31037,Ivan Provedel,Lazio,G,AC Milan vs Lazio,90,7,,0.0,,,22,18.0,,,,,,0,0,1.0,1.0
31037,Ivan Provedel,Lazio,G,Lazio vs Bologna,90,7.2,,0.0,,,38,28.0,,,,,,0,0,,
31037,Ivan Provedel,Lazio,G,Parma vs Lazio,90,8,,0.0,,,38,26.0,,,,,,0,0,1.0,1.0
31037,Ivan Provedel,Lazio,G,Lazio vs Cremonese,90,7,,0.0,,,27,25.0,,,,,,0,0,,
31037,Ivan Provedel,Lazio,G,Udinese vs Lazio,90,7.2,,0.0,,,25,24.0,,,,,,0,0,1.0,1.0
31037,Ivan Provedel,Lazio,G,Lazio vs Napoli,90,6.2,,0.0,,,36,30.0,,,,,,0,0,1.0,1.0
31037,Ivan Provedel,Lazio,G,Lazio vs Fiorentina,90,7.7,,0.0,,,30,24.0,,,,,,0,0,,
31037,Ivan Provedel,Lazio,G,Hellas Verona vs Lazio,90,7.2,,0.0,,,34,29.0,,,,,,0,0,,
31037,Ivan Provedel,Lazio,G,Lazio vs Como,90,6.9,,0.0,,,21,19.0,,,,,,0,0,,1.0
31037,Ivan Provedel,Lazio,G,Lecce vs Lazio,90,7.3,,0.0,,,37,29.0,,,,,,0,0,1.0,1.0
31037,Ivan Provedel,Lazio,G,Lazio vs Genoa,90,6.6,,0.0,,,33,27.0,,,,,,1,0,,
31037,Ivan Provedel,Lazio,G,Juventus vs Lazio,90,6.6,,0.0,,,49,29.0,,,,,,0,0,1.0,1.0
31037,Ivan Provedel,Lazio,G,Lazio vs Atalanta,90,6.3,,0.0,,,27,24.0,,,,,,0,0,,1.0
31037,Ivan Provedel,Lazio,G,Cagliari vs Lazio,90,6.9,,0.0,,,26,22.0,,,,,,0,0,,
30866,Manuel Lazzari,Lazio,D,Como vs Lazio,61,6.6,,0.0,,,13,11.0,,2.0,2.0,,,0,0,2.0,4.0
30866,Manuel Lazzari,Lazio,D,Lazio vs Torino,13,6.5,,0.0,,,1,1.0,,,,,,0,0,,1.0
30866,Manuel Lazzari,Lazio,D,Atalanta vs Lazio,8,6.7,,0.0,,,2,2.0,,1.0,,,,0,0,1.0,1.0
30866,Manuel Lazzari,Lazio,D,Lazio vs Juventus,55,6.9,,0.0,,,23,19.0,,,,1.0,2.0,1,0,3.0,6.0
30866,Manuel Lazzari,Lazio,D,Pisa vs Lazio,32,6.6,,0.0,,,16,14.0,,1.0,,,1.0,0,0,2.0,4.0
30866,Manuel Lazzari,Lazio,D,Lazio vs Cagliari,73,7.2,,0.0,,,24,18.0,,1.0,,,3.0,0,0,5.0,5.0
30866,Manuel Lazzari,Lazio,D,Inter vs Lazio,68,6.2,,0.0,,,36,32.0,,,1.0,,2.0,0,0,2.0,3.0
30866,Manuel Lazzari,Lazio,D,Lazio vs Lecce,15,6.7,,0.0,,,8,7.0,,,1.0,1.0,,0,0,,1.0
30866,Manuel Lazzari,Lazio,D,Lazio vs Bologna,45,6.6,,0.0,,,13,10.0,,1.0,,1.0,3.0,1,0,5.0,10.0
30866,Manuel Lazzari,Lazio,D,Lazio vs Cremonese,8,6.9,,0.0,,,6,6.0,,,,,1.0,0,0,2.0,2.0
30866,Manuel Lazzari,Lazio,D,Udinese vs Lazio,10,6.5,,0.0,,,2,2.0,,,,,,0,0,,
30866,Manuel Lazzari,Lazio,D,Lazio vs Napoli,28,6.9,,0.0,,,14,14.0,,1.0,,,,0,0,1.0,2.0
30866,Manuel Lazzari,Lazio,D,Lazio vs Fiorentina,80,6.2,,0.0,,,38,33.0,,,,2.0,1.0,0,0,1.0,6.0
30866,Manuel Lazzari,Lazio,D,Hellas Verona vs Lazio,35,6.3,,0.0,,,19,13.0,,,,,,0,0,2.0,3.0
30866,Manuel Lazzari,Lazio,D,Lazio vs Como,26,6.2,,0.0,1.0,,7,4.0,,,,1.0,,0,0,,4.0
30866,Manuel Lazzari,Lazio,D,Lecce vs Lazio,73,6.9,,0.0,,,25,20.0,,,,,2.0,0,0,4.0,6.0
162952,Mario Gila Fuentes,Lazio,D,Como vs Lazio,90,6.2,,0.0,1.0,,39,33.0,,4.0,,1.0,,0,0,5.0,9.0
162952,Mario Gila Fuentes,Lazio,D,Lazio vs Hellas Verona,90,7.9,,0.0,1.0,,90,82.0,,1.0,2.0,1.0,,0,0,6.0,10.0
162952,Mario Gila Fuentes,Lazio,D,Sassuolo vs Lazio,90,7.3,,0.0,2.0,,106,95.0,,,,,1.0,0,0,4.0,6.0
162952,Mario Gila Fuentes,Lazio,D,Lazio vs AS Roma,90,6.9,,0.0,,,46,40.0,,1.0,1.0,1.0,3.0,1,0,4.0,6.0
162952,Mario Gila Fuentes,Lazio,D,Genoa vs Lazio,84,6.9,,0.0,,,26,22.0,,1.0,1.0,2.0,,0,0,5.0,13.0
162952,Mario Gila Fuentes,Lazio,D,Lazio vs Torino,90,7.7,,0.0,,,56,53.0,,2.0,,,3.0,0,0,8.0,8.0
162952,Mario Gila Fuentes,Lazio,D,Atalanta vs Lazio,90,8.6,,0.0,,,53,45.0,,6.0,4.0,,1.0,0,0,8.0,10.0
162952,Mario Gila Fuentes,Lazio,D,Lazio vs Juventus,90,7.5,,0.0,,,37,35.0,,1.0,,,,0,0,3.0,3.0
162952,Mario Gila Fuentes,Lazio,D,Pisa vs Lazio,61,7,,0.0,,,52,49.0,,,1.0,,1.0,0,0,1.0,1.0
162952,Mario Gila Fuentes,Lazio,D,Lazio vs Cagliari,90,7.5,,0.0,,,54,47.0,,1.0,1.0,,2.0,0,0,5.0,6.0
162952,Mario Gila Fuentes,Lazio,D,Inter vs Lazio,90,6.2,,0.0,1.0,1.0,47,40.0,,1.0,,,,0,0,5.0,12.0
162952,Mario Gila Fuentes,Lazio,D,Lazio vs Lecce,87,7.5,,0.0,,,89,86.0,,,2.0,,1.0,0,0,1.0,4.0
162952,Mario Gila Fuentes,Lazio,D,AC Milan vs Lazio,90,7.2,,0.0,1.0,1.0,81,73.0,,2.0,,1.0,,0,0,6.0,8.0
162952,Mario Gila Fuentes,Lazio,D,Lazio vs Bologna,78,6.9,,0.0,1.0,,54,49.0,,1.0,2.0,2.0,1.0,1,1,4.0,7.0
162952,Mario Gila Fuentes,Lazio,D,Lazio vs Cremonese,90,7.3,,0.0,,,78,75.0,,,1.0,2.0,,1,0,3.0,5.0
162952,Mario Gila Fuentes,Lazio,D,Udinese vs Lazio,88,7.2,,0.0,,,56,48.0,,,3.0,2.0,1.0,0,0,3.0,6.0
162952,Mario Gila Fuentes,Lazio,D,Lazio vs Napoli,90,6.9,,0.0,,,43,39.0,,2.0,,,1.0,0,0,3.0,3.0
162952,Mario Gila Fuentes,Lazio,D,Lazio vs Fiorentina,90,6.2,,0.0,1.0,1.0,63,59.0,,3.0,,1.0,1.0,0,0,5.0,10.0
162952,Mario Gila Fuentes,Lazio,D,Hellas Verona vs Lazio,90,9,,0.0,,,119,111.0,,5.0,1.0,1.0,,0,0,7.0,8.0
162952,Mario Gila Fuentes,Lazio,D,Lazio vs Como,90,6.5,,0.0,,,62,56.0,,1.0,1.0,,,0,0,2.0,3.0
162952,Mario Gila Fuentes,Lazio,D,Lecce vs Lazio,64,8.3,,0.0,,,59,55.0,,2.0,,1.0,2.0,0,0,6.0,7.0
162952,Mario Gila Fuentes,Lazio,D,Lazio vs Genoa,90,6.9,,0.0,,,71,65.0,,1.0,,1.0,,0,0,5.0,8.0
162952,Mario Gila Fuentes,Lazio,D,Juventus vs Lazio,77,7.5,,0.0,,,57,48.0,,4.0,,,1.0,0,0,9.0,10.0
162952,Mario Gila Fuentes,Lazio,D,Lazio vs Atalanta,45,6.3,,0.0,,,39,34.0,,,,,1.0,0,0,2.0,4.0
350857,Oliver Provstgaard,Lazio,D,Como vs Lazio,90,6.6,,0.0,,,56,52.0,,,2.0,1.0,,0,0,2.0,4.0
350857,Oliver Provstgaard,Lazio,D,Lazio vs Hellas Verona,90,7.9,,0.0,,,59,54.0,,,2.0,,1.0,0,0,3.0,4.0
350857,Oliver Provstgaard,Lazio,D,Genoa vs Lazio,11,6.7,,0.0,,,2,1.0,,,,,,0,0,,
350857,Oliver Provstgaard,Lazio,D,Atalanta vs Lazio,8,6.7,,0.0,,,1,,,,,,,0,0,,1.0
350857,Oliver Provstgaard,Lazio,D,Pisa vs Lazio,29,7.2,,0.0,,,19,18.0,,,1.0,,,0,0,3.0,4.0
350857,Oliver Provstgaard,Lazio,D,Lazio vs Cagliari,45,7.2,,0.0,,,23,22.0,,1.0,,,1.0,0,0,4.0,5.0
350857,Oliver Provstgaard,Lazio,D,Inter vs Lazio,15,6.6,,0.0,,,15,15.0,,,,1.0,,0,0,,1.0
350857,Oliver Provstgaard,Lazio,D,Parma vs Lazio,20,7,,0.0,,,2,2.0,,,,,,0,0,2.0,3.0
350857,Oliver Provstgaard,Lazio,D,Udinese vs Lazio,10,6.2,,0.0,,,5,3.0,,,1.0,,,0,0,,2.0
350857,Oliver Provstgaard,Lazio,D,Lecce vs Lazio,26,6.7,,0.0,,,25,21.0,,,,1.0,,1,0,2.0,5.0
350857,Oliver Provstgaard,Lazio,D,Lazio vs Genoa,90,7.2,,0.0,,,64,61.0,,1.0,,,,0,0,5.0,5.0
350857,Oliver Provstgaard,Lazio,D,Juventus vs Lazio,83,7.2,,0.0,,,49,47.0,,2.0,,,1.0,0,0,4.0,8.0
350857,Oliver Provstgaard,Lazio,D,Lazio vs Atalanta,90,6.6,,0.0,,,56,52.0,,1.0,2.0,1.0,,0,0,1.0,5.0
350857,Oliver Provstgaard,Lazio,D,Cagliari vs Lazio,90,7.3,,0.0,1.0,1.0,83,73.0,,1.0,,1.0,,1,0,6.0,8.0
41577,Nuno Tavares,Lazio,D,Como vs Lazio,66,6.6,,0.0,1.0,,33,25.0,,2.0,1.0,1.0,2.0,0,0,6.0,11.0
41577,Nuno Tavares,Lazio,D,Lazio vs Hellas Verona,66,7.9,,0.0,,,64,61.0,,1.0,,2.0,2.0,0,0,5.0,9.0
41577,Nuno Tavares,Lazio,D,Sassuolo vs Lazio,90,6.6,,0.0,1.0,,44,39.0,,1.0,,3.0,3.0,0,0,5.0,12.0
41577,Nuno Tavares,Lazio,D,Lazio vs AS Roma,45,6,,0.0,1.0,,26,20.0,,1.0,1.0,,,0,0,2.0,3.0
41577,Nuno Tavares,Lazio,D,Genoa vs Lazio,21,6.3,,0.0,,,12,9.0,,,,,,0,0,,2.0
41577,Nuno Tavares,Lazio,D,Lazio vs Torino,89,6.9,,0.0,,,38,31.0,,1.0,2.0,1.0,3.0,0,0,10.0,16.0
41577,Nuno Tavares,Lazio,D,Atalanta vs Lazio,86,7.2,,0.0,1.0,,55,53.0,,,1.0,1.0,1.0,0,0,3.0,6.0
41577,Nuno Tavares,Lazio,D,AC Milan vs Lazio,19,6.7,,0.0,,,11,9.0,,,,,,0,0,,1.0
41577,Nuno Tavares,Lazio,D,Lazio vs Bologna,45,6.2,,0.0,1.0,,19,14.0,,1.0,,1.0,1.0,1,0,3.0,7.0
41577,Nuno Tavares,Lazio,D,Lazio vs Genoa,9,6.9,,0.0,,,9,8.0,,,,,1.0,0,0,2.0,2.0
41577,Nuno Tavares,Lazio,D,Juventus vs Lazio,90,7,,0.0,1.0,,32,29.0,,4.0,1.0,,2.0,0,0,8.0,11.0
41577,Nuno Tavares,Lazio,D,Lazio vs Atalanta,90,6.9,,0.0,,,72,64.0,,1.0,1.0,,,0,0,1.0,2.0
41577,Nuno Tavares,Lazio,D,Cagliari vs Lazio,18,6.7,,0.0,,,18,17.0,,,,,,0,0,,1.0
1454,Mattéo Guendouzi,Lazio,M,Como vs Lazio,90,6.2,,0.0,1.0,1.0,26,22.0,,1.0,,2.0,1.0,1,0,2.0,9.0
1454,Mattéo Guendouzi,Lazio,M,Lazio vs Hellas Verona,90,7.3,1.0,0.0,2.0,1.0,78,69.0,,3.0,,1.0,,0,0,3.0,6.0
1454,Mattéo Guendouzi,Lazio,M,Sassuolo vs Lazio,80,6.7,,0.0,,,51,46.0,,,1.0,1.0,1.0,0,0,1.0,4.0
1454,Mattéo Guendouzi,Lazio,M,Lazio vs AS Roma,90,7.3,,0.0,,,29,24.0,,2.0,1.0,,5.0,0,1,8.0,8.0
1454,Mattéo Guendouzi,Lazio,M,Atalanta vs Lazio,90,6.7,,0.0,1.0,,46,42.0,,2.0,2.0,,,0,0,2.0,5.0
1454,Mattéo Guendouzi,Lazio,M,Lazio vs Juventus,90,6.6,,0.0,1.0,,26,21.0,,,,2.0,,1,0,1.0,6.0
1454,Mattéo Guendouzi,Lazio,M,Pisa vs Lazio,90,7,,0.0,,,64,59.0,,1.0,1.0,1.0,1.0,1,0,3.0,4.0
1454,Mattéo Guendouzi,Lazio,M,Lazio vs Cagliari,90,7.6,,1.0,,,41,35.0,,1.0,,1.0,1.0,0,0,5.0,7.0
1454,Mattéo Guendouzi,Lazio,M,Inter vs Lazio,90,7,,0.0,1.0,1.0,44,41.0,,,,1.0,2.0,0,0,2.0,3.0
1454,Mattéo Guendouzi,Lazio,M,Lazio vs Lecce,90,8.2,1.0,0.0,4.0,3.0,62,56.0,,1.0,,2.0,1.0,1,0,3.0,10.0
1454,Mattéo Guendouzi,Lazio,M,AC Milan vs Lazio,90,6.7,,0.0,,,53,46.0,,,2.0,1.0,1.0,1,0,2.0,4.0
1454,Mattéo Guendouzi,Lazio,M,Lazio vs Bologna,90,7.2,,0.0,2.0,2.0,37,30.0,,1.0,,1.0,2.0,0,0,4.0,6.0
1454,Mattéo Guendouzi,Lazio,M,Parma vs Lazio,90,7,,0.0,,,45,40.0,,,,,1.0,0,0,2.0,5.0
1454,Mattéo Guendouzi,Lazio,M,Lazio vs Cremonese,90,7.2,,0.0,1.0,,57,50.0,,1.0,3.0,2.0,3.0,1,0,7.0,10.0
1454,Mattéo Guendouzi,Lazio,M,Lazio vs Napoli,90,6.2,,0.0,1.0,,37,31.0,,1.0,,2.0,2.0,0,0,3.0,8.0
1454,Mattéo Guendouzi,Lazio,M,Lazio vs Fiorentina,90,7.2,,0.0,,,39,32.0,,,1.0,,,0,0,1.0,2.0
1852,Danilo Cataldi,Lazio,M,Como vs Lazio,66,6.3,,0.0,,,19,18.0,,3.0,1.0,2.0,2.0,0,0,7.0,16.0
1852,Danilo Cataldi,Lazio,M,Sassuolo vs Lazio,49,6.3,,0.0,2.0,1.0,32,28.0,,,3.0,,,0,0,,1.0
1852,Danilo Cataldi,Lazio,M,Lazio vs AS Roma,45,6.3,,0.0,2.0,,32,24.0,,,,2.0,,0,0,2.0,5.0
1852,Danilo Cataldi,Lazio,M,Genoa vs Lazio,90,6.2,,0.0,,,38,25.0,,1.0,,2.0,,1,0,3.0,6.0
1852,Danilo Cataldi,Lazio,M,Lazio vs Torino,90,7,1.0,0.0,1.0,1.0,45,34.0,,2.0,4.0,1.0,,1,0,4.0,6.0
1852,Danilo Cataldi,Lazio,M,Atalanta vs Lazio,90,6.7,,0.0,,,42,31.0,,2.0,1.0,1.0,,0,0,2.0,4.0
1852,Danilo Cataldi,Lazio,M,Lazio vs Juventus,90,7.2,,1.0,1.0,,36,32.0,,,,2.0,1.0,0,0,2.0,5.0
1852,Danilo Cataldi,Lazio,M,Pisa vs Lazio,90,7,,0.0,1.0,,56,51.0,,,1.0,,2.0,0,0,2.0,2.0
1852,Danilo Cataldi,Lazio,M,Lazio vs Cagliari,90,7,,0.0,1.0,,53,40.0,,3.0,1.0,1.0,1.0,0,0,6.0,9.0
1852,Danilo Cataldi,Lazio,M,Inter vs Lazio,65,6.9,,0.0,,,32,26.0,,1.0,,,,0,0,2.0,5.0
1852,Danilo Cataldi,Lazio,M,Lazio vs Lecce,45,6.9,,0.0,,,45,42.0,,,1.0,,,0,0,,
1852,Danilo Cataldi,Lazio,M,Lazio vs Bologna,76,6.3,,0.0,1.0,,37,31.0,,,,2.0,,0,0,,5.0
1852,Danilo Cataldi,Lazio,M,Parma vs Lazio,88,7.3,,1.0,,,51,40.0,,4.0,,,1.0,0,0,6.0,8.0
1852,Danilo Cataldi,Lazio,M,Lazio vs Cremonese,90,7.2,,0.0,2.0,,73,61.0,,2.0,,2.0,,0,0,2.0,4.0
1852,Danilo Cataldi,Lazio,M,Udinese vs Lazio,90,7.2,,0.0,,,57,55.0,,1.0,1.0,1.0,,1,0,1.0,2.0
1852,Danilo Cataldi,Lazio,M,Lazio vs Napoli,71,6.7,,0.0,,,19,16.0,,2.0,1.0,1.0,,1,0,2.0,4.0
1852,Danilo Cataldi,Lazio,M,Lazio vs Fiorentina,90,8.2,1.0,0.0,1.0,1.0,43,37.0,,1.0,,,,0,0,2.0,3.0
1852,Danilo Cataldi,Lazio,M,Hellas Verona vs Lazio,69,6.9,,0.0,,,62,53.0,,,1.0,,,0,0,1.0,2.0
1852,Danilo Cataldi,Lazio,M,Lazio vs Como,53,6.3,,0.0,2.0,1.0,28,26.0,,,1.0,,,1,0,,
1852,Danilo Cataldi,Lazio,M,Lazio vs Genoa,90,6.9,1.0,0.0,1.0,1.0,57,46.0,,1.0,1.0,,1.0,0,0,2.0,4.0
1852,Danilo Cataldi,Lazio,M,Juventus vs Lazio,90,7.7,,1.0,,,42,37.0,,1.0,,,2.0,0,0,4.0,5.0
1852,Danilo Cataldi,Lazio,M,Lazio vs Atalanta,67,6.9,,0.0,1.0,,24,22.0,,2.0,2.0,1.0,1.0,0,0,3.0,3.0
1852,Danilo Cataldi,Lazio,M,Cagliari vs Lazio,30,7.3,,0.0,2.0,1.0,28,26.0,,4.0,1.0,,,0,0,5.0,6.0
144740,Fisayo Dele-Bashiru,Lazio,M,Como vs Lazio,75,6.6,,0.0,,,14,13.0,,5.0,1.0,,,0,0,5.0,8.0
144740,Fisayo Dele-Bashiru,Lazio,M,Lazio vs Hellas Verona,78,6.2,,0.0,,,45,42.0,,,,1.0,,0,0,1.0,7.0
144740,Fisayo Dele-Bashiru,Lazio,M,Sassuolo vs Lazio,45,6.5,,0.0,,,24,22.0,,,,,,0,0,,1.0
144740,Fisayo Dele-Bashiru,Lazio,M,Lazio vs AS Roma,14,6.3,,0.0,,,0,,,,,,,0,0,,
144740,Fisayo Dele-Bashiru,Lazio,M,AC Milan vs Lazio,28,6.5,,0.0,1.0,,12,11.0,,,,,,0,0,,2.0
144740,Fisayo Dele-Bashiru,Lazio,M,Lazio vs Bologna,14,6.7,,0.0,,,5,4.0,,,,,,0,0,1.0,1.0
144740,Fisayo Dele-Bashiru,Lazio,M,Parma vs Lazio,20,6.6,,0.0,,,3,3.0,,,,,,0,0,,1.0
144740,Fisayo Dele-Bashiru,Lazio,M,Lazio vs Como,8,6.3,,0.0,,,2,2.0,,,,,,0,0,,1.0
144740,Fisayo Dele-Bashiru,Lazio,M,Lecce vs Lazio,26,6.3,,0.0,,,11,8.0,,,,,,0,0,,
144740,Fisayo Dele-Bashiru,Lazio,M,Lazio vs Genoa,9,6.3,,0.0,,,11,8.0,,,,,,0,0,,1.0
144740,Fisayo Dele-Bashiru,Lazio,M,Juventus vs Lazio,45,6.2,,0.0,1.0,,7,5.0,,1.0,,,,0,0,1.0,4.0
144740,Fisayo Dele-Bashiru,Lazio,M,Lazio vs Atalanta,90,6.2,,0.0,,,28,25.0,,1.0,,1.0,,0,0,2.0,5.0
286474,Matteo Cancellieri,Lazio,F,Como vs Lazio,61,6.9,,0.0,1.0,,9,6.0,,4.0,2.0,1.0,2.0,0,0,6.0,10.0
286474,Matteo Cancellieri,Lazio,F,Lazio vs Hellas Verona,90,6.9,,0.0,1.0,,40,35.0,,1.0,1.0,1.0,4.0,0,0,10.0,16.0
286474,Matteo Cancellieri,Lazio,F,Sassuolo vs Lazio,60,6.2,,0.0,,,24,19.0,,,2.0,2.0,2.0,0,0,2.0,9.0
286474,Matteo Cancellieri,Lazio,F,Genoa vs Lazio,90,9.3,1.0,0.0,4.0,3.0,19,12.0,,4.0,1.0,3.0,6.0,0,0,18.0,25.0
286474,Matteo Cancellieri,Lazio,F,Lazio vs Torino,90,8.3,2.0,0.0,3.0,2.0,21,14.0,,2.0,2.0,5.0,3.0,0,0,7.0,21.0
286474,Matteo Cancellieri,Lazio,F,Atalanta vs Lazio,22,6.2,,0.0,,,6,4.0,,,,,,0,0,,2.0
286474,Matteo Cancellieri,Lazio,F,Lazio vs Bologna,45,6.9,,0.0,2.0,1.0,8,3.0,,1.0,,,4.0,0,0,9.0,14.0
286474,Matteo Cancellieri,Lazio,F,Parma vs Lazio,70,6.2,,0.0,4.0,2.0,16,15.0,,,1.0,1.0,3.0,1,0,3.0,9.0
286474,Matteo Cancellieri,Lazio,F,Lazio vs Cremonese,90,7.5,,0.0,,,32,28.0,,3.0,1.0,1.0,6.0,0,0,11.0,16.0
286474,Matteo Cancellieri,Lazio,F,Udinese vs Lazio,81,6.9,,0.0,1.0,,18,14.0,,2.0,1.0,4.0,8.0,1,0,10.0,21.0
286474,Matteo Cancellieri,Lazio,F,Lazio vs Napoli,71,6.9,,0.0,2.0,,14,11.0,,3.0,1.0,1.0,1.0,0,0,4.0,8.0
286474,Matteo Cancellieri,Lazio,F,Lazio vs Fiorentina,90,6.9,,0.0,1.0,,15,13.0,,,,2.0,5.0,1,0,7.0,13.0
286474,Matteo Cancellieri,Lazio,F,Hellas Verona vs Lazio,90,6.5,,0.0,4.0,,28,20.0,,1.0,1.0,2.0,3.0,1,0,10.0,23.0
286474,Matteo Cancellieri,Lazio,F,Lazio vs Como,53,6.3,,0.0,,,6,6.0,,1.0,,,,0,0,2.0,5.0
286474,Matteo Cancellieri,Lazio,F,Lecce vs Lazio,81,6.9,,0.0,,,22,11.0,,1.0,,,3.0,0,0,6.0,7.0
286474,Matteo Cancellieri,Lazio,F,Lazio vs Genoa,17,6.5,,0.0,,,6,5.0,,,1.0,1.0,,0,0,,3.0
286474,Matteo Cancellieri,Lazio,F,Juventus vs Lazio,25,6.9,,0.0,,,4,2.0,,4.0,,,,0,0,5.0,8.0
286474,Matteo Cancellieri,Lazio,F,Lazio vs Atalanta,11,6.7,,0.0,,,2,2.0,,,,,1.0,0,0,1.0,1.0
286474,Matteo Cancellieri,Lazio,F,Cagliari vs Lazio,30,6.3,,0.0,1.0,,17,14.0,,,1.0,1.0,,0,0,1.0,3.0
50856,Valentín Castellanos,Lazio,F,Como vs Lazio,90,6.3,,0.0,,,7,4.0,,1.0,,1.0,1.0,1,0,4.0,12.0
50856,Valentín Castellanos,Lazio,F,Lazio vs Hellas Verona,78,8.6,1.0,2.0,3.0,1.0,24,17.0,,,,,3.0,0,0,6.0,8.0
50856,Valentín Castellanos,Lazio,F,Sassuolo vs Lazio,60,6.5,,0.0,,,20,14.0,,,,,2.0,0,0,2.0,3.0
50856,Valentín Castellanos,Lazio,F,Lazio vs AS Roma,28,6.7,,0.0,3.0,1.0,7,3.0,,1.0,,1.0,1.0,0,0,4.0,7.0
50856,Valentín Castellanos,Lazio,F,Genoa vs Lazio,84,8,1.0,1.0,1.0,1.0,13,8.0,,,1.0,1.0,,0,0,3.0,9.0
50856,Valentín Castellanos,Lazio,F,Lazio vs Torino,90,6.3,,0.0,1.0,1.0,16,11.0,,2.0,,1.0,2.0,1,0,6.0,11.0
50856,Valentín Castellanos,Lazio,F,AC Milan vs Lazio,28,6.6,,0.0,1.0,1.0,7,6.0,,,,,1.0,0,0,2.0,4.0
50856,Valentín Castellanos,Lazio,F,Lazio vs Bologna,60,6.6,,0.0,2.0,2.0,12,5.0,,1.0,,,1.0,0,0,4.0,6.0
50856,Valentín Castellanos,Lazio,F,Parma vs Lazio,70,6.7,,0.0,2.0,,11,9.0,,,2.0,3.0,4.0,0,0,5.0,9.0
50856,Valentín Castellanos,Lazio,F,Lazio vs Cremonese,90,6.9,,0.0,1.0,1.0,15,13.0,,1.0,,2.0,3.0,0,0,9.0,16.0
50856,Valentín Castellanos,Lazio,F,Udinese vs Lazio,16,6.7,,0.0,,,3,2.0,,1.0,,,,0,0,2.0,3.0
30937,Mattia Zaccagni,Lazio,F,Como vs Lazio,90,6.5,,0.0,,,12,11.0,,,,1.0,7.0,1,0,7.0,16.0
30937,Mattia Zaccagni,Lazio,F,Lazio vs Hellas Verona,66,8,1.0,0.0,3.0,2.0,34,31.0,,,4.0,,4.0,0,0,6.0,9.0
30937,Mattia Zaccagni,Lazio,F,Sassuolo vs Lazio,90,6.5,,0.0,2.0,1.0,32,25.0,,3.0,2.0,1.0,2.0,0,0,8.0,19.0
30937,Mattia Zaccagni,Lazio,F,Lazio vs AS Roma,90,7,,0.0,1.0,1.0,20,18.0,,2.0,,1.0,3.0,0,0,6.0,11.0
30937,Mattia Zaccagni,Lazio,F,Genoa vs Lazio,90,7.6,1.0,0.0,2.0,1.0,27,22.0,,2.0,,1.0,4.0,0,0,6.0,10.0
30937,Mattia Zaccagni,Lazio,F,Atalanta vs Lazio,76,6.9,,0.0,,,34,29.0,,2.0,,,3.0,0,0,5.0,10.0
30937,Mattia Zaccagni,Lazio,F,Lazio vs Juventus,90,6.6,,0.0,1.0,,24,15.0,,2.0,2.0,1.0,2.0,0,0,6.0,13.0
30937,Mattia Zaccagni,Lazio,F,Pisa vs Lazio,90,7.3,,0.0,,,32,27.0,,1.0,1.0,2.0,4.0,0,0,5.0,10.0
30937,Mattia Zaccagni,Lazio,F,Lazio vs Cagliari,90,8.3,1.0,0.0,3.0,1.0,40,31.0,,2.0,1.0,1.0,4.0,0,0,12.0,16.0
30937,Mattia Zaccagni,Lazio,F,Inter vs Lazio,90,7,,0.0,1.0,,40,34.0,,1.0,1.0,1.0,8.0,1,0,10.0,16.0
30937,Mattia Zaccagni,Lazio,F,Lazio vs Lecce,90,7.2,,0.0,1.0,,53,44.0,,3.0,,,4.0,0,0,9.0,15.0
30937,Mattia Zaccagni,Lazio,F,AC Milan vs Lazio,90,6.5,,0.0,2.0,1.0,36,27.0,,1.0,1.0,2.0,3.0,1,0,7.0,16.0
30937,Mattia Zaccagni,Lazio,F,Lazio vs Bologna,90,7.3,,0.0,1.0,1.0,23,19.0,,1.0,2.0,1.0,4.0,0,0,7.0,13.0
30937,Mattia Zaccagni,Lazio,F,Parma vs Lazio,42,5.9,,0.0,,,21,16.0,,2.0,,1.0,,0,1,6.0,7.0
30937,Mattia Zaccagni,Lazio,F,Udinese vs Lazio,90,6.7,,0.0,,,33,25.0,,,,2.0,4.0,0,0,6.0,10.0
30937,Mattia Zaccagni,Lazio,F,Lazio vs Napoli,87,6.9,,0.0,,,20,18.0,,1.0,1.0,1.0,2.0,1,0,4.0,7.0
30937,Mattia Zaccagni,Lazio,F,Lazio vs Fiorentina,90,7.9,,0.0,,,33,25.0,,4.0,1.0,2.0,3.0,1,0,9.0,13.0
30937,Mattia Zaccagni,Lazio,F,Lazio vs Como,90,6.5,,0.0,2.0,2.0,10,8.0,,1.0,1.0,3.0,4.0,1,0,6.0,14.0
30937,Mattia Zaccagni,Lazio,F,Lecce vs Lazio,90,6.3,,0.0,1.0,,36,30.0,,1.0,,,3.0,0,0,5.0,14.0
30937,Mattia Zaccagni,Lazio,F,Cagliari vs Lazio,84,6.2,,0.0,1.0,,32,25.0,,,,4.0,2.0,0,0,3.0,9.0
1844,Adam Marušić,Lazio,D,Como vs Lazio,29,6.2,,0.0,,,12,11.0,,,,1.0,,0,0,,1.0
1844,Adam Marušić,Lazio,D,Lazio vs Hellas Verona,86,7.3,,0.0,,,76,72.0,,1.0,3.0,,,0,0,1.0,3.0
1844,Adam Marušić,Lazio,D,Sassuolo vs Lazio,90,6.5,,0.0,,,60,53.0,,2.0,,1.0,1.0,1,0,4.0,9.0
1844,Adam Marušić,Lazio,D,Lazio vs AS Roma,90,6.3,,0.0,,,48,38.0,,,,1.0,1.0,0,0,2.0,4.0
1844,Adam Marušić,Lazio,D,Genoa vs Lazio,32,6.9,,1.0,,,6,5.0,,,,1.0,,0,0,,2.0
1844,Adam Marušić,Lazio,D,Atalanta vs Lazio,86,6.9,,0.0,,,36,31.0,,2.0,1.0,,,0,0,3.0,5.0
1844,Adam Marušić,Lazio,D,Lazio vs Juventus,90,7.2,,0.0,,,35,28.0,,2.0,1.0,2.0,1.0,0,0,6.0,9.0
1844,Adam Marušić,Lazio,D,Pisa vs Lazio,90,7.2,,0.0,,,58,55.0,,6.0,1.0,,,0,0,7.0,10.0
1844,Adam Marušić,Lazio,D,Lazio vs Cagliari,90,7.3,,0.0,2.0,1.0,43,40.0,,3.0,,,1.0,0,0,4.0,6.0
1844,Adam Marušić,Lazio,D,Inter vs Lazio,90,6,,0.0,,,68,53.0,,,1.0,1.0,1.0,0,0,1.0,3.0
1844,Adam Marušić,Lazio,D,Lazio vs Lecce,90,7.2,,0.0,1.0,1.0,50,43.0,,,2.0,,1.0,0,0,5.0,7.0
1844,Adam Marušić,Lazio,D,AC Milan vs Lazio,90,6.3,,0.0,,,58,52.0,,2.0,2.0,3.0,,0,0,3.0,7.0
1844,Adam Marušić,Lazio,D,Lazio vs Bologna,90,5.6,,0.0,,,41,29.0,,,1.0,1.0,,0,0,,2.0
1844,Adam Marušić,Lazio,D,Parma vs Lazio,90,6.9,,0.0,1.0,1.0,39,32.0,,2.0,,1.0,1.0,0,0,3.0,6.0
1844,Adam Marušić,Lazio,D,Lazio vs Cremonese,90,7,,0.0,1.0,1.0,68,53.0,,1.0,,1.0,1.0,0,0,5.0,7.0
1844,Adam Marušić,Lazio,D,Udinese vs Lazio,90,7.2,,0.0,,,46,41.0,,4.0,,,1.0,0,0,9.0,11.0
1844,Adam Marušić,Lazio,D,Lazio vs Napoli,87,6.3,,0.0,,,24,22.0,,,,,1.0,0,1,2.0,4.0
1844,Adam Marušić,Lazio,D,Hellas Verona vs Lazio,90,6.9,,0.0,1.0,1.0,60,56.0,,,1.0,,,0,0,2.0,4.0
1844,Adam Marušić,Lazio,D,Lazio vs Como,90,5.3,,0.0,,,33,26.0,,,1.0,2.0,,0,0,1.0,5.0
1844,Adam Marušić,Lazio,D,Lecce vs Lazio,90,6.7,,0.0,,,48,38.0,,1.0,,,,0,0,3.0,9.0
1844,Adam Marušić,Lazio,D,Lazio vs Genoa,90,6.6,,0.0,1.0,,44,42.0,,1.0,1.0,1.0,1.0,0,0,3.0,7.0
1844,Adam Marušić,Lazio,D,Juventus vs Lazio,90,6.3,,0.0,,,23,19.0,,2.0,3.0,,,0,0,2.0,5.0
1844,Adam Marušić,Lazio,D,Lazio vs Atalanta,90,6.2,,0.0,1.0,,45,37.0,,1.0,,1.0,,0,0,2.0,4.0
1844,Adam Marušić,Lazio,D,Cagliari vs Lazio,90,7.2,,0.0,1.0,,54,52.0,,1.0,3.0,,,0,0,3.0,4.0
2299,Pedro,Lazio,F,Como vs Lazio,29,6.5,,0.0,,,8,5.0,,1.0,,,,0,0,1.0,3.0
2299,Pedro,Lazio,F,Lazio vs Hellas Verona,24,6.9,,0.0,,,18,18.0,,,,,2.0,0,0,3.0,4.0
2299,Pedro,Lazio,F,Sassuolo vs Lazio,30,6.9,,0.0,1.0,,27,22.0,,2.0,,,1.0,0,0,5.0,6.0
2299,Pedro,Lazio,F,Lazio vs AS Roma,79,6.9,,0.0,1.0,,24,23.0,,,,1.0,2.0,0,0,4.0,8.0
2299,Pedro,Lazio,F,Genoa vs Lazio,11,6.3,,0.0,1.0,,1,1.0,,,,,,0,0,,
2299,Pedro,Lazio,F,Lazio vs Torino,67,7,,1.0,,,31,27.0,,1.0,,,1.0,0,0,3.0,4.0
2299,Pedro,Lazio,F,Atalanta vs Lazio,14,6.7,,0.0,,,4,3.0,,,,,1.0,0,0,1.0,2.0
2299,Pedro,Lazio,F,Lazio vs Juventus,13,6.3,,0.0,1.0,,3,,,1.0,,,,0,0,1.0,1.0
2299,Pedro,Lazio,F,Pisa vs Lazio,45,6.3,,0.0,1.0,1.0,26,22.0,,,,1.0,1.0,1,0,3.0,7.0
2299,Pedro,Lazio,F,Lazio vs Cagliari,10,6.7,,0.0,,,4,4.0,,,,,,0,0,,
2299,Pedro,Lazio,F,Inter vs Lazio,25,6.9,,0.0,1.0,,16,16.0,,,1.0,,3.0,0,0,3.0,3.0
2299,Pedro,Lazio,F,Lazio vs Lecce,8,6.5,,0.0,,,4,4.0,,,,,,0,0,,1.0
2299,Pedro,Lazio,F,AC Milan vs Lazio,20,7.2,,0.0,,,18,17.0,,1.0,,,3.0,0,0,4.0,5.0
2299,Pedro,Lazio,F,Lazio vs Cremonese,64,6.2,,0.0,,,26,22.0,,1.0,,1.0,2.0,1,0,3.0,7.0
2299,Pedro,Lazio,F,Lazio vs Napoli,9,6.7,,0.0,,,7,6.0,,,,,1.0,0,0,1.0,1.0
2299,Pedro,Lazio,F,Lazio vs Fiorentina,18,7.5,1.0,0.0,2.0,2.0,4,4.0,,,,,1.0,0,0,1.0,1.0
2299,Pedro,Lazio,F,Hellas Verona vs Lazio,21,6.3,,0.0,1.0,1.0,10,7.0,,,,1.0,1.0,0,0,1.0,2.0
2299,Pedro,Lazio,F,Lazio vs Genoa,73,7.2,1.0,0.0,2.0,1.0,41,38.0,,,,2.0,1.0,0,0,1.0,5.0
2299,Pedro,Lazio,F,Juventus vs Lazio,64,7.3,1.0,0.0,1.0,1.0,22,20.0,,,,,,0,0,,1.0
30554,Luca Pellegrini,Lazio,D,Como vs Lazio,24,6.5,,0.0,,,9,6.0,,1.0,,,,0,0,1.0,2.0
30554,Luca Pellegrini,Lazio,D,Lazio vs Hellas Verona,24,6.6,,0.0,2.0,1.0,13,13.0,,,,,,0,0,1.0,3.0
30554,Luca Pellegrini,Lazio,D,Lazio vs AS Roma,45,6.6,,0.0,,,22,13.0,,1.0,1.0,2.0,1.0,0,0,3.0,8.0
30554,Luca Pellegrini,Lazio,D,Genoa vs Lazio,69,7.3,,0.0,,,18,14.0,,4.0,2.0,3.0,1.0,0,0,6.0,10.0
30554,Luca Pellegrini,Lazio,D,Lazio vs Juventus,35,6.7,,0.0,,,11,5.0,,1.0,,,,0,0,2.0,5.0
30554,Luca Pellegrini,Lazio,D,Pisa vs Lazio,58,6.9,,0.0,1.0,,31,21.0,,,,1.0,1.0,0,0,1.0,3.0
30554,Luca Pellegrini,Lazio,D,Lazio vs Cagliari,17,6.6,,0.0,,,5,5.0,,,,,,0,0,,
30554,Luca Pellegrini,Lazio,D,Inter vs Lazio,22,7,,0.0,1.0,1.0,20,18.0,,,1.0,1.0,1.0,0,0,1.0,3.0
30554,Luca Pellegrini,Lazio,D,Lazio vs Lecce,75,6.9,,0.0,,,64,54.0,,1.0,2.0,1.0,2.0,0,0,3.0,8.0
30554,Luca Pellegrini,Lazio,D,AC Milan vs Lazio,85,6.3,,0.0,,,55,44.0,,1.0,,,,1,0,1.0,3.0
30554,Luca Pellegrini,Lazio,D,Parma vs Lazio,90,6.9,,0.0,,,42,34.0,,1.0,,1.0,,0,0,4.0,10.0
30554,Luca Pellegrini,Lazio,D,Lazio vs Cremonese,82,6.9,,0.0,,,43,36.0,,1.0,,,,0,0,1.0,2.0
30554,Luca Pellegrini,Lazio,D,Udinese vs Lazio,88,7,,0.0,,,52,43.0,,1.0,1.0,2.0,1.0,1,0,2.0,8.0
30554,Luca Pellegrini,Lazio,D,Lazio vs Napoli,62,6.3,,0.0,,,26,22.0,,5.0,,1.0,,0,0,8.0,13.0
30554,Luca Pellegrini,Lazio,D,Lazio vs Fiorentina,90,6.3,,0.0,1.0,1.0,47,36.0,,1.0,1.0,3.0,1.0,1,0,2.0,5.0
30554,Luca Pellegrini,Lazio,D,Hellas Verona vs Lazio,55,7,,0.0,,,51,40.0,,1.0,1.0,,1.0,0,0,3.0,4.0
30554,Luca Pellegrini,Lazio,D,Lazio vs Como,64,5.9,,0.0,,,32,23.0,,,1.0,2.0,,1,0,1.0,4.0
30554,Luca Pellegrini,Lazio,D,Lecce vs Lazio,17,6.7,,0.0,,,12,9.0,,,1.0,,,0,0,,2.0
30554,Luca Pellegrini,Lazio,D,Lazio vs Genoa,81,6.5,,0.0,,,41,32.0,,2.0,3.0,1.0,,1,0,3.0,4.0
30554,Luca Pellegrini,Lazio,D,Cagliari vs Lazio,72,7.3,,0.0,,,29,24.0,,3.0,,3.0,,1,0,3.0,9.0
30784,Nicolò Rovella,Lazio,M,Como vs Lazio,24,6.3,,0.0,,,15,14.0,,,2.0,1.0,,0,0,1.0,2.0
30784,Nicolò Rovella,Lazio,M,Lazio vs Hellas Verona,90,9.3,,1.0,1.0,,116,105.0,,1.0,2.0,1.0,3.0,0,0,6.0,8.0
30784,Nicolò Rovella,Lazio,M,Sassuolo vs Lazio,41,7.2,,0.0,,,58,56.0,,1.0,,,2.0,1,0,3.0,3.0
30784,Nicolò Rovella,Lazio,M,Lazio vs AS Roma,45,6.9,,0.0,,,21,19.0,,1.0,1.0,,1.0,0,0,4.0,6.0
30784,Nicolò Rovella,Lazio,M,Hellas Verona vs Lazio,21,6.9,,0.0,,,16,15.0,,,,,,0,0,2.0,3.0
30784,Nicolò Rovella,Lazio,M,Lazio vs Como,37,6.9,,0.0,,,27,21.0,,3.0,1.0,1.0,,0,0,4.0,7.0
30784,Nicolò Rovella,Lazio,M,Lazio vs Atalanta,23,7.2,,0.0,,,23,22.0,,2.0,,,1.0,0,0,3.0,5.0
30784,Nicolò Rovella,Lazio,M,Cagliari vs Lazio,60,7,,0.0,,,54,52.0,,1.0,,,1.0,0,0,3.0,5.0
22015,Boulaye Dia,Lazio,F,Como vs Lazio,15,6.3,,0.0,,,4,3.0,,,,,,0,0,1.0,2.0
22015,Boulaye Dia,Lazio,F,Lazio vs Hellas Verona,12,6.9,1.0,0.0,1.0,1.0,10,9.0,,,,1.0,,0,0,,1.0
22015,Boulaye Dia,Lazio,F,Sassuolo vs Lazio,30,6.3,,0.0,1.0,1.0,7,6.0,,,,,,0,0,1.0,2.0
22015,Boulaye Dia,Lazio,F,Lazio vs AS Roma,62,6.7,,0.0,1.0,,16,12.0,,,,3.0,1.0,0,0,5.0,12.0
22015,Boulaye Dia,Lazio,F,Genoa vs Lazio,90,6.2,,0.0,1.0,1.0,15,13.0,,1.0,,1.0,3.0,0,0,4.0,17.0
22015,Boulaye Dia,Lazio,F,Lazio vs Torino,81,7.3,,0.0,,,20,16.0,,4.0,,,2.0,0,0,6.0,6.0
22015,Boulaye Dia,Lazio,F,Atalanta vs Lazio,90,6.3,,0.0,,,33,28.0,,3.0,1.0,,,0,0,3.0,7.0
22015,Boulaye Dia,Lazio,F,Lazio vs Juventus,82,6.7,,0.0,1.0,1.0,15,10.0,,1.0,,1.0,,0,0,3.0,8.0
22015,Boulaye Dia,Lazio,F,Pisa vs Lazio,45,5.9,,0.0,,,10,8.0,,,,,,0,0,,7.0
22015,Boulaye Dia,Lazio,F,Lazio vs Cagliari,84,6.2,,0.0,,,11,10.0,,,,2.0,,0,0,1.0,5.0
22015,Boulaye Dia,Lazio,F,Inter vs Lazio,65,6.5,,0.0,,,10,7.0,,,,2.0,1.0,0,0,2.0,5.0
22015,Boulaye Dia,Lazio,F,Lazio vs Lecce,87,6.3,,0.0,1.0,1.0,32,27.0,,,,1.0,1.0,0,0,2.0,5.0
22015,Boulaye Dia,Lazio,F,AC Milan vs Lazio,62,6.2,,0.0,,,15,12.0,,1.0,,,,0,0,1.0,5.0
22015,Boulaye Dia,Lazio,F,Lecce vs Lazio,64,6.3,,0.0,1.0,1.0,23,19.0,,2.0,,1.0,1.0,0,0,5.0,12.0
22015,Boulaye Dia,Lazio,F,Lazio vs Atalanta,8,6.3,,0.0,,,4,4.0,,,,,,0,0,,
30670,Michele Di Gregorio,Juventus,G,Juventus vs Parma,90,6.9,,0.0,,,19,12.0,,,,,1.0,0,0,1.0,1.0
30670,Michele Di Gregorio,Juventus,G,Genoa vs Juventus,90,7.5,,0.0,,,44,34.0,,,,,1.0,0,0,2.0,2.0
30670,Michele Di Gregorio,Juventus,G,Juventus vs Inter,90,6.2,,0.0,,,22,15.0,,,,,,0,0,,
30670,Michele Di Gregorio,Juventus,G,Hellas Verona vs Juventus,90,7.7,,0.0,,,24,23.0,,,,,1.0,0,0,1.0,1.0
30670,Michele Di Gregorio,Juventus,G,Juventus vs Atalanta,90,6.7,,0.0,,,29,26.0,,,,,,0,0,,
30670,Michele Di Gregorio,Juventus,G,Juventus vs AC Milan,90,7.5,,0.0,,,29,21.0,,,,,,0,0,,
30670,Michele Di Gregorio,Juventus,G,Como vs Juventus,90,6.5,,0.0,,,27,25.0,,,,,,0,0,,
30670,Michele Di Gregorio,Juventus,G,Juventus vs Udinese,90,6.7,,0.0,,,26,20.0,,,,,,1,0,,
30670,Michele Di Gregorio,Juventus,G,Cremonese vs Juventus,90,6.9,,0.0,,,27,19.0,,,,,,0,0,,
30670,Michele Di Gregorio,Juventus,G,Juventus vs Torino,90,7.7,,0.0,,,30,28.0,,,,,,0,0,,
30670,Michele Di Gregorio,Juventus,G,Fiorentina vs Juventus,90,6.7,,0.0,,,21,14.0,,,,,,0,0,,
30670,Michele Di Gregorio,Juventus,G,Napoli vs Juventus,90,6.6,,0.0,,,26,18.0,,,,,,0,0,,
30670,Michele Di Gregorio,Juventus,G,Bologna vs Juventus,90,7.7,,0.0,,,26,17.0,,,,,,0,0,1.0,1.0
30670,Michele Di Gregorio,Juventus,G,Juventus vs AS Roma,90,6.7,,0.0,,,23,13.0,,,,,,0,0,,
30670,Michele Di Gregorio,Juventus,G,Pisa vs Juventus,90,6.7,,0.0,,,20,15.0,,,,,,0,0,,
30670,Michele Di Gregorio,Juventus,G,Juventus vs Lecce,90,6.5,,0.0,,,6,5.0,,,,,,0,0,,
30670,Michele Di Gregorio,Juventus,G,Sassuolo vs Juventus,90,7.2,,0.0,,,16,13.0,,,,,,0,0,,
30670,Michele Di Gregorio,Juventus,G,Juventus vs Cremonese,90,8.3,,0.0,,,13,13.0,,,,,,0,0,,
30670,Michele Di Gregorio,Juventus,G,Juventus vs Napoli,90,6.9,,0.0,,,14,8.0,,,,,1.0,0,0,1.0,1.0
30670,Michele Di Gregorio,Juventus,G,Parma vs Juventus,90,6.9,,0.0,,,22,16.0,,,,,,0,0,,
30670,Michele Di Gregorio,Juventus,G,Juventus vs Lazio,90,5.5,,0.0,,,23,20.0,,,,,,0,0,,
30670,Michele Di Gregorio,Juventus,G,Inter vs Juventus,90,6.7,,0.0,,,23,15.0,,,,,,0,0,,
30670,Michele Di Gregorio,Juventus,G,Juventus vs Como,90,6,,0.0,,,23,20.0,,,,,1.0,0,0,1.0,1.0
268341,Federico Gatti,Juventus,D,Juventus vs Parma,57,6.9,,0.0,1.0,,32,32.0,,,1.0,2.0,,0,0,2.0,5.0
268341,Federico Gatti,Juventus,D,Genoa vs Juventus,90,7,,0.0,1.0,1.0,53,44.0,,1.0,3.0,1.0,1.0,0,0,4.0,6.0
268341,Federico Gatti,Juventus,D,Juventus vs Inter,79,6.3,,0.0,,,31,28.0,,,,2.0,2.0,0,0,3.0,7.0
268341,Federico Gatti,Juventus,D,Hellas Verona vs Juventus,90,7.2,,0.0,1.0,,77,68.0,,1.0,,,2.0,1,0,8.0,9.0
268341,Federico Gatti,Juventus,D,Juventus vs Atalanta,64,6.5,,0.0,,,49,46.0,,,,2.0,,0,0,1.0,4.0
268341,Federico Gatti,Juventus,D,Juventus vs AC Milan,90,6.3,,0.0,3.0,2.0,55,48.0,,2.0,,3.0,,1,0,4.0,8.0
268341,Federico Gatti,Juventus,D,Lazio vs Juventus,86,6.9,,0.0,,,77,70.0,,2.0,1.0,,,0,0,3.0,4.0
268341,Federico Gatti,Juventus,D,Juventus vs Udinese,90,7.6,1.0,0.0,1.0,1.0,35,34.0,,2.0,1.0,2.0,,0,0,2.0,4.0
268341,Federico Gatti,Juventus,D,Cremonese vs Juventus,90,6.5,,0.0,,,36,33.0,,,1.0,,1.0,0,0,2.0,3.0
268341,Federico Gatti,Juventus,D,Juventus vs Torino,45,7.3,,0.0,1.0,,29,28.0,,,,,,0,0,4.0,6.0
268341,Federico Gatti,Juventus,D,Juventus vs Napoli,3,,,0.0,,,4,4.0,,,,,,0,0,,
268341,Federico Gatti,Juventus,D,Parma vs Juventus,25,6.9,,0.0,,,17,17.0,,1.0,2.0,,,0,0,1.0,1.0
268341,Federico Gatti,Juventus,D,Juventus vs Como,90,6.7,,0.0,,,48,44.0,,,1.0,,,0,0,,
30497,Bremer,Juventus,D,Juventus vs Parma,90,8.2,,0.0,2.0,,52,46.0,,1.0,1.0,1.0,1.0,0,0,4.0,10.0
30497,Bremer,Juventus,D,Genoa vs Juventus,90,6.9,,0.0,,,49,38.0,,,,,1.0,0,0,2.0,5.0
30497,Bremer,Juventus,D,Juventus vs Inter,90,6.9,,2.0,,,40,32.0,,,,1.0,,0,0,2.0,4.0
30497,Bremer,Juventus,D,Juventus vs Atalanta,76,7.2,,0.0,1.0,1.0,56,53.0,,1.0,1.0,,1.0,0,0,4.0,6.0
30497,Bremer,Juventus,D,Bologna vs Juventus,14,6.7,,0.0,,,7,4.0,,,,1.0,,0,0,,1.0
30497,Bremer,Juventus,D,Juventus vs AS Roma,61,7.3,,0.0,,,25,22.0,,2.0,1.0,2.0,,0,0,4.0,7.0
30497,Bremer,Juventus,D,Pisa vs Juventus,90,6.9,,0.0,,,42,37.0,,,1.0,1.0,,0,0,5.0,10.0
30497,Bremer,Juventus,D,Juventus vs Lecce,90,6.9,,0.0,,,74,68.0,,1.0,1.0,,,0,0,3.0,5.0
30497,Bremer,Juventus,D,Sassuolo vs Juventus,90,6.9,,0.0,,,59,54.0,,,1.0,1.0,,0,0,2.0,5.0
30497,Bremer,Juventus,D,Juventus vs Cremonese,71,8,1.0,0.0,1.0,1.0,55,50.0,,1.0,,,,0,0,3.0,4.0
30497,Bremer,Juventus,D,Cagliari vs Juventus,90,7.3,,0.0,,,75,71.0,,2.0,,,1.0,0,0,4.0,8.0
30497,Bremer,Juventus,D,Juventus vs Napoli,90,6.7,,0.0,,,35,25.0,,,1.0,1.0,,0,0,2.0,5.0
30497,Bremer,Juventus,D,Parma vs Juventus,65,8.2,2.0,0.0,2.0,2.0,29,24.0,,1.0,,1.0,1.0,1,0,4.0,7.0
30497,Bremer,Juventus,D,Juventus vs Lazio,90,6.9,,0.0,2.0,1.0,57,53.0,,2.0,1.0,1.0,1.0,0,0,9.0,12.0
30497,Bremer,Juventus,D,Inter vs Juventus,90,6.9,,0.0,,,48,42.0,,1.0,3.0,2.0,1.0,0,0,5.0,8.0
19263,Lloyd Kelly,Juventus,D,Juventus vs Parma,90,7.5,,0.0,1.0,,44,40.0,,1.0,1.0,2.0,,0,0,7.0,9.0
19263,Lloyd Kelly,Juventus,D,Genoa vs Juventus,90,7.2,,0.0,1.0,,59,52.0,,3.0,,1.0,1.0,0,0,8.0,14.0
19263,Lloyd Kelly,Juventus,D,Juventus vs Inter,90,6.9,1.0,0.0,1.0,1.0,51,42.0,,2.0,1.0,2.0,1.0,0,0,3.0,6.0
19263,Lloyd Kelly,Juventus,D,Hellas Verona vs Juventus,90,6.3,,0.0,,,50,41.0,,3.0,1.0,2.0,1.0,1,0,7.0,14.0
19263,Lloyd Kelly,Juventus,D,Juventus vs Atalanta,90,7,,0.0,2.0,1.0,70,64.0,,1.0,,,,0,0,4.0,4.0
19263,Lloyd Kelly,Juventus,D,Juventus vs AC Milan,90,6.2,,0.0,,,54,52.0,,,,3.0,,0,0,1.0,6.0
19263,Lloyd Kelly,Juventus,D,Como vs Juventus,90,6.9,,0.0,,,74,63.0,,1.0,1.0,1.0,1.0,1,0,8.0,13.0
19263,Lloyd Kelly,Juventus,D,Lazio vs Juventus,90,6.3,,0.0,,,70,66.0,,1.0,,4.0,,1,0,3.0,12.0
19263,Lloyd Kelly,Juventus,D,Juventus vs Udinese,90,7.2,,0.0,,,63,55.0,,1.0,,1.0,2.0,0,0,8.0,12.0
19263,Lloyd Kelly,Juventus,D,Fiorentina vs Juventus,90,6.9,,0.0,,,64,56.0,,2.0,,,,0,0,6.0,9.0
19263,Lloyd Kelly,Juventus,D,Juventus vs Cagliari,90,7.3,,0.0,,,78,76.0,,1.0,,,,0,0,4.0,7.0
19263,Lloyd Kelly,Juventus,D,Napoli vs Juventus,90,6.2,,0.0,,,56,50.0,,,,1.0,1.0,0,0,3.0,5.0
19263,Lloyd Kelly,Juventus,D,Bologna vs Juventus,90,7.5,,0.0,,,38,33.0,,4.0,,1.0,,0,0,7.0,11.0
19263,Lloyd Kelly,Juventus,D,Juventus vs AS Roma,90,6.7,,0.0,,,45,38.0,,2.0,,2.0,,0,0,6.0,9.0
19263,Lloyd Kelly,Juventus,D,Pisa vs Juventus,90,7.3,,0.0,1.0,,57,49.0,,1.0,,3.0,1.0,0,0,9.0,16.0
19263,Lloyd Kelly,Juventus,D,Juventus vs Lecce,90,7.2,,0.0,1.0,,90,83.0,,1.0,,1.0,,0,0,8.0,10.0
19263,Lloyd Kelly,Juventus,D,Juventus vs Cremonese,90,7.6,,0.0,,,68,65.0,,1.0,1.0,2.0,,0,0,4.0,5.0
19263,Lloyd Kelly,Juventus,D,Cagliari vs Juventus,90,7.2,,0.0,1.0,,80,73.0,,1.0,2.0,3.0,1.0,0,0,7.0,10.0
19263,Lloyd Kelly,Juventus,D,Juventus vs Napoli,90,7.2,,0.0,,,42,34.0,,3.0,1.0,1.0,,0,0,4.0,7.0
19263,Lloyd Kelly,Juventus,D,Parma vs Juventus,90,7.3,,0.0,,,62,56.0,,1.0,1.0,,2.0,0,0,7.0,9.0
19263,Lloyd Kelly,Juventus,D,Juventus vs Lazio,13,6.7,,0.0,,,13,11.0,,,,,,0,0,,1.0
19263,Lloyd Kelly,Juventus,D,Inter vs Juventus,90,6.3,,0.0,,,38,30.0,,1.0,1.0,,1.0,0,0,4.0,7.0
19263,Lloyd Kelly,Juventus,D,Juventus vs Como,90,6.9,,0.0,,,80,72.0,,1.0,,1.0,,0,0,2.0,3.0
162188,Pierre Kalulu,Juventus,M,Juventus vs Parma,90,7.2,,0.0,,,54,49.0,,2.0,3.0,2.0,,0,0,3.0,6.0
162188,Pierre Kalulu,Juventus,M,Genoa vs Juventus,90,6.2,,0.0,,,40,31.0,,1.0,1.0,2.0,,0,0,2.0,7.0
162188,Pierre Kalulu,Juventus,M,Juventus vs Inter,90,6.7,,0.0,,,30,26.0,,3.0,,,1.0,0,0,5.0,8.0
162188,Pierre Kalulu,Juventus,M,Hellas Verona vs Juventus,90,6.2,,0.0,,,73,63.0,,,,1.0,,0,0,1.0,3.0
162188,Pierre Kalulu,Juventus,M,Juventus vs Atalanta,90,7.2,,0.0,2.0,,83,76.0,,1.0,1.0,,,0,0,3.0,5.0
162188,Pierre Kalulu,Juventus,M,Juventus vs AC Milan,90,7.2,,0.0,1.0,,45,35.0,,,,1.0,1.0,0,0,2.0,4.0
162188,Pierre Kalulu,Juventus,M,Como vs Juventus,90,6.9,,0.0,,,71,66.0,,,,1.0,1.0,0,0,3.0,5.0
162188,Pierre Kalulu,Juventus,M,Lazio vs Juventus,90,6.9,,0.0,,,58,50.0,,2.0,,1.0,1.0,0,0,6.0,10.0
162188,Pierre Kalulu,Juventus,M,Juventus vs Udinese,90,6.3,,0.0,1.0,1.0,58,52.0,,1.0,,,,0,0,1.0,4.0
162188,Pierre Kalulu,Juventus,M,Cremonese vs Juventus,90,6.2,,0.0,,,56,47.0,,1.0,,,,0,0,2.0,6.0
162188,Pierre Kalulu,Juventus,M,Juventus vs Torino,90,7.3,,0.0,,,99,90.0,,2.0,,1.0,,0,0,2.0,5.0
162188,Pierre Kalulu,Juventus,M,Fiorentina vs Juventus,90,7.3,,0.0,,,71,67.0,,4.0,2.0,,,0,0,5.0,8.0
162188,Pierre Kalulu,Juventus,M,Juventus vs Cagliari,90,6.6,,1.0,,,70,65.0,,1.0,,3.0,2.0,0,0,3.0,8.0
162188,Pierre Kalulu,Juventus,M,Napoli vs Juventus,90,6.3,,0.0,,,51,49.0,,3.0,2.0,2.0,,1,0,5.0,9.0
162188,Pierre Kalulu,Juventus,M,Bologna vs Juventus,90,6.9,,0.0,,,59,54.0,,1.0,,2.0,,0,0,2.0,5.0
162188,Pierre Kalulu,Juventus,M,Juventus vs AS Roma,90,6.9,,0.0,,,36,29.0,,2.0,,1.0,1.0,0,0,6.0,9.0
162188,Pierre Kalulu,Juventus,M,Pisa vs Juventus,90,8.5,1.0,0.0,1.0,1.0,59,47.0,,4.0,1.0,1.0,1.0,0,0,6.0,8.0
162188,Pierre Kalulu,Juventus,M,Juventus vs Lecce,90,6.6,,0.0,,,64,61.0,,1.0,,1.0,,0,0,2.0,5.0
162188,Pierre Kalulu,Juventus,M,Sassuolo vs Juventus,90,7.3,,0.0,,,66,60.0,,3.0,2.0,2.0,,0,0,5.0,9.0
162188,Pierre Kalulu,Juventus,M,Juventus vs Cremonese,90,7,,1.0,,,76,70.0,,,,4.0,,0,0,,3.0
162188,Pierre Kalulu,Juventus,M,Cagliari vs Juventus,90,6.7,,0.0,,,69,62.0,,,,,,0,0,1.0,3.0
162188,Pierre Kalulu,Juventus,M,Juventus vs Napoli,90,7.9,,0.0,,,46,40.0,,3.0,2.0,,1.0,0,0,6.0,6.0
162188,Pierre Kalulu,Juventus,M,Parma vs Juventus,90,7.2,,1.0,,,42,39.0,,3.0,1.0,1.0,1.0,0,0,4.0,7.0
162188,Pierre Kalulu,Juventus,M,Juventus vs Lazio,90,8.3,1.0,0.0,1.0,1.0,63,58.0,,2.0,1.0,1.0,,0,0,3.0,6.0
162188,Pierre Kalulu,Juventus,M,Inter vs Juventus,42,5.5,,0.0,,,31,29.0,,,1.0,2.0,,2,1,1.0,4.0
30533,Manuel Locatelli,Juventus,M,Juventus vs Parma,57,7.3,,0.0,,,58,55.0,,,1.0,,1.0,0,0,5.0,7.0
30533,Manuel Locatelli,Juventus,M,Genoa vs Juventus,62,7.3,,0.0,,,44,34.0,,4.0,,,1.0,0,0,6.0,8.0
30533,Manuel Locatelli,Juventus,M,Juventus vs Inter,74,7.5,,0.0,,,37,30.0,,6.0,2.0,1.0,,1,0,7.0,10.0
30533,Manuel Locatelli,Juventus,M,Hellas Verona vs Juventus,45,7.3,,0.0,,,57,50.0,,1.0,1.0,,2.0,0,0,4.0,5.0
30533,Manuel Locatelli,Juventus,M,Juventus vs AC Milan,90,7.5,,0.0,1.0,,78,75.0,,1.0,2.0,2.0,2.0,1,0,4.0,8.0
30533,Manuel Locatelli,Juventus,M,Como vs Juventus,77,6.6,,0.0,1.0,,50,45.0,,2.0,3.0,2.0,2.0,0,0,4.0,7.0
30533,Manuel Locatelli,Juventus,M,Lazio vs Juventus,90,7.2,,0.0,1.0,1.0,86,74.0,,2.0,3.0,3.0,3.0,1,0,7.0,11.0
30533,Manuel Locatelli,Juventus,M,Juventus vs Udinese,90,7.6,,0.0,2.0,1.0,67,58.0,,1.0,,5.0,4.0,0,0,10.0,17.0
30533,Manuel Locatelli,Juventus,M,Cremonese vs Juventus,90,7.6,,0.0,2.0,1.0,52,45.0,,6.0,,2.0,1.0,0,0,7.0,10.0
30533,Manuel Locatelli,Juventus,M,Juventus vs Torino,86,7.6,,0.0,1.0,,120,103.0,,2.0,4.0,,,0,0,4.0,6.0
30533,Manuel Locatelli,Juventus,M,Fiorentina vs Juventus,90,7.9,,0.0,1.0,1.0,85,77.0,,1.0,,1.0,3.0,0,0,4.0,8.0
30533,Manuel Locatelli,Juventus,M,Juventus vs Cagliari,90,8.2,,0.0,,,92,85.0,,3.0,2.0,2.0,3.0,0,0,8.0,11.0
30533,Manuel Locatelli,Juventus,M,Napoli vs Juventus,90,7,,0.0,1.0,,93,86.0,,5.0,4.0,2.0,,0,0,5.0,11.0
30533,Manuel Locatelli,Juventus,M,Bologna vs Juventus,90,7.9,,0.0,,,81,67.0,,2.0,,,1.0,0,0,5.0,6.0
30533,Manuel Locatelli,Juventus,M,Juventus vs AS Roma,90,7.2,,0.0,1.0,1.0,56,49.0,,5.0,1.0,2.0,,0,0,5.0,10.0
30533,Manuel Locatelli,Juventus,M,Pisa vs Juventus,60,7.5,,0.0,1.0,1.0,70,63.0,,2.0,1.0,2.0,1.0,1,0,3.0,7.0
30533,Manuel Locatelli,Juventus,M,Juventus vs Lecce,77,7.9,,0.0,,,91,82.0,,,,,1.0,0,0,1.0,3.0
30533,Manuel Locatelli,Juventus,M,Sassuolo vs Juventus,90,7.9,,0.0,2.0,,113,105.0,,2.0,1.0,,1.0,0,0,4.0,8.0
30533,Manuel Locatelli,Juventus,M,Juventus vs Cremonese,71,7.3,,0.0,,,65,60.0,,2.0,,,,0,0,2.0,4.0
30533,Manuel Locatelli,Juventus,M,Cagliari vs Juventus,66,7.5,,0.0,1.0,,82,74.0,,,1.0,,1.0,0,0,3.0,3.0
30533,Manuel Locatelli,Juventus,M,Juventus vs Napoli,87,8.2,,1.0,1.0,1.0,69,64.0,,3.0,1.0,4.0,2.0,0,0,6.0,11.0
30533,Manuel Locatelli,Juventus,M,Parma vs Juventus,90,8.5,,0.0,,,117,104.0,,4.0,1.0,1.0,,0,0,5.0,6.0
30533,Manuel Locatelli,Juventus,M,Juventus vs Lazio,83,6.9,,0.0,1.0,,84,75.0,,3.0,,,1.0,0,0,5.0,7.0
30533,Manuel Locatelli,Juventus,M,Inter vs Juventus,90,10,1.0,0.0,1.0,1.0,79,70.0,,7.0,1.0,,3.0,0,0,11.0,14.0
30533,Manuel Locatelli,Juventus,M,Juventus vs Como,90,7.3,,0.0,,,68,55.0,,6.0,,2.0,1.0,1,0,9.0,14.0
116,Khéphren Thuram,Juventus,M,Juventus vs Parma,90,7.7,,0.0,5.0,2.0,67,60.0,,3.0,2.0,1.0,1.0,0,0,8.0,11.0
116,Khéphren Thuram,Juventus,M,Genoa vs Juventus,90,7,,0.0,1.0,,41,36.0,,6.0,1.0,2.0,,0,0,7.0,12.0
116,Khéphren Thuram,Juventus,M,Juventus vs Inter,90,7.6,1.0,0.0,1.0,1.0,42,36.0,,1.0,,,1.0,0,0,4.0,6.0
116,Khéphren Thuram,Juventus,M,Hellas Verona vs Juventus,57,6.9,,1.0,,,44,40.0,,1.0,,,,0,0,4.0,6.0
116,Khéphren Thuram,Juventus,M,Juventus vs Atalanta,58,6.9,,0.0,,,45,41.0,,1.0,,,1.0,0,0,3.0,4.0
116,Khéphren Thuram,Juventus,M,Juventus vs AC Milan,21,6.3,,0.0,1.0,,13,11.0,,1.0,1.0,,,0,0,1.0,3.0
116,Khéphren Thuram,Juventus,M,Como vs Juventus,90,6.2,,0.0,2.0,,32,26.0,,,,2.0,2.0,0,0,6.0,14.0
116,Khéphren Thuram,Juventus,M,Lazio vs Juventus,24,6.3,,0.0,2.0,2.0,14,12.0,,,,1.0,,0,0,1.0,3.0
116,Khéphren Thuram,Juventus,M,Cremonese vs Juventus,79,6.9,,0.0,,,41,33.0,,,,2.0,,0,0,2.0,5.0
116,Khéphren Thuram,Juventus,M,Juventus vs Torino,90,7.7,,0.0,1.0,1.0,86,77.0,,4.0,,4.0,1.0,0,0,7.0,14.0
116,Khéphren Thuram,Juventus,M,Fiorentina vs Juventus,66,6.3,,0.0,,,27,26.0,,1.0,1.0,4.0,,0,0,1.0,6.0
116,Khéphren Thuram,Juventus,M,Juventus vs Cagliari,70,7.3,,0.0,,,49,46.0,,2.0,1.0,2.0,2.0,0,0,4.0,6.0
116,Khéphren Thuram,Juventus,M,Napoli vs Juventus,82,6.6,,0.0,,,46,43.0,,2.0,,2.0,1.0,0,0,4.0,7.0
116,Khéphren Thuram,Juventus,M,Bologna vs Juventus,90,7.5,,0.0,1.0,,47,41.0,,3.0,,2.0,,0,0,5.0,7.0
116,Khéphren Thuram,Juventus,M,Juventus vs AS Roma,90,6.9,,0.0,3.0,2.0,48,38.0,,1.0,,,,0,0,4.0,8.0
116,Khéphren Thuram,Juventus,M,Pisa vs Juventus,90,6.5,,0.0,1.0,,60,45.0,,1.0,1.0,,,0,0,3.0,8.0
116,Khéphren Thuram,Juventus,M,Juventus vs Lecce,69,6.9,,0.0,,,53,49.0,,5.0,,1.0,,0,0,7.0,11.0
116,Khéphren Thuram,Juventus,M,Sassuolo vs Juventus,90,7.2,,0.0,2.0,2.0,73,66.0,,2.0,1.0,,,0,0,5.0,5.0
116,Khéphren Thuram,Juventus,M,Juventus vs Cremonese,90,7.9,,1.0,1.0,1.0,68,61.0,,1.0,1.0,2.0,1.0,0,0,4.0,6.0
116,Khéphren Thuram,Juventus,M,Cagliari vs Juventus,10,6.5,,0.0,1.0,,11,10.0,,,,,,0,0,,3.0
116,Khéphren Thuram,Juventus,M,Juventus vs Napoli,90,7.9,,0.0,1.0,,54,48.0,,8.0,,3.0,,0,0,9.0,16.0
116,Khéphren Thuram,Juventus,M,Parma vs Juventus,90,6.6,,0.0,,,57,48.0,,1.0,2.0,2.0,,0,0,3.0,9.0
116,Khéphren Thuram,Juventus,M,Juventus vs Lazio,90,7.3,,0.0,2.0,,81,68.0,,2.0,,,,0,0,4.0,6.0
116,Khéphren Thuram,Juventus,M,Juventus vs Como,74,6.7,,0.0,1.0,,37,27.0,,3.0,,1.0,,0,0,4.0,7.0
127011,Andrea Cambiaso,Juventus,M,Juventus vs Parma,83,7.7,,0.0,1.0,,57,50.0,,3.0,1.0,1.0,1.0,0,0,7.0,11.0
127011,Andrea Cambiaso,Juventus,M,Hellas Verona vs Juventus,90,6.5,,0.0,,,56,49.0,,,,1.0,,0,0,,3.0
127011,Andrea Cambiaso,Juventus,M,Juventus vs Atalanta,90,7.2,,0.0,,,58,56.0,,,1.0,1.0,1.0,0,0,2.0,4.0
127011,Andrea Cambiaso,Juventus,M,Juventus vs AC Milan,90,6.9,,0.0,1.0,1.0,48,45.0,,,1.0,,,0,0,,
127011,Andrea Cambiaso,Juventus,M,Como vs Juventus,83,6.3,,0.0,1.0,1.0,26,23.0,,2.0,,2.0,1.0,0,0,3.0,8.0
127011,Andrea Cambiaso,Juventus,M,Lazio vs Juventus,45,7,,0.0,1.0,,25,21.0,,,,1.0,,0,0,2.0,5.0
127011,Andrea Cambiaso,Juventus,M,Juventus vs Udinese,90,7.9,,1.0,,,35,32.0,,4.0,,,,0,0,4.0,7.0
127011,Andrea Cambiaso,Juventus,M,Cremonese vs Juventus,90,8.2,1.0,0.0,1.0,1.0,41,36.0,,1.0,2.0,1.0,1.0,0,0,3.0,7.0
127011,Andrea Cambiaso,Juventus,M,Juventus vs Torino,90,6.3,,0.0,,,79,70.0,,1.0,1.0,1.0,,0,0,1.0,5.0
127011,Andrea Cambiaso,Juventus,M,Fiorentina vs Juventus,76,6.3,,0.0,,,24,18.0,,2.0,,1.0,,0,0,2.0,3.0
127011,Andrea Cambiaso,Juventus,M,Juventus vs Cagliari,45,6.9,,0.0,1.0,,39,35.0,,1.0,,2.0,,1,0,1.0,3.0
127011,Andrea Cambiaso,Juventus,M,Napoli vs Juventus,71,6.5,,0.0,,,33,28.0,,,2.0,,1.0,0,0,1.0,2.0
127011,Andrea Cambiaso,Juventus,M,Bologna vs Juventus,61,7.3,,0.0,,,21,18.0,,2.0,,,1.0,0,0,3.0,3.0
127011,Andrea Cambiaso,Juventus,M,Juventus vs AS Roma,89,7.3,,1.0,1.0,1.0,43,33.0,,5.0,,,1.0,0,0,7.0,9.0
127011,Andrea Cambiaso,Juventus,M,Pisa vs Juventus,86,6.7,,0.0,1.0,,52,46.0,,1.0,,,1.0,0,0,2.0,5.0
127011,Andrea Cambiaso,Juventus,M,Juventus vs Lecce,69,6.3,,0.0,3.0,1.0,50,40.0,,6.0,,,,0,0,6.0,9.0
127011,Andrea Cambiaso,Juventus,M,Sassuolo vs Juventus,85,6.5,,0.0,1.0,,45,40.0,,,1.0,2.0,1.0,0,0,1.0,3.0
127011,Andrea Cambiaso,Juventus,M,Juventus vs Cremonese,62,6.7,,0.0,,,39,33.0,,2.0,1.0,1.0,,0,0,3.0,5.0
127011,Andrea Cambiaso,Juventus,M,Cagliari vs Juventus,80,6.3,,0.0,1.0,1.0,60,55.0,,2.0,,1.0,,0,0,2.0,8.0
127011,Andrea Cambiaso,Juventus,M,Juventus vs Napoli,60,6.9,,0.0,,,31,26.0,,2.0,,,1.0,0,0,3.0,8.0
127011,Andrea Cambiaso,Juventus,M,Parma vs Juventus,90,5.7,,0.0,,,56,49.0,,,,,,0,0,,1.0
127011,Andrea Cambiaso,Juventus,M,Juventus vs Lazio,76,7.9,,1.0,1.0,1.0,36,31.0,,6.0,1.0,1.0,,0,0,7.0,14.0
127011,Andrea Cambiaso,Juventus,M,Inter vs Juventus,77,6.3,1.0,0.0,2.0,2.0,22,19.0,,1.0,,3.0,2.0,0,0,4.0,8.0
127011,Andrea Cambiaso,Juventus,M,Juventus vs Como,83,6.3,,0.0,,,37,32.0,,2.0,,2.0,,0,0,3.0,5.0
161585,Francisco Conceição,Juventus,F,Juventus vs Parma,80,7.5,,0.0,2.0,2.0,41,39.0,,,1.0,,,0,0,3.0,6.0
161585,Francisco Conceição,Juventus,F,Genoa vs Juventus,83,6.3,,0.0,,,25,22.0,,3.0,,3.0,1.0,0,0,4.0,15.0
161585,Francisco Conceição,Juventus,F,Hellas Verona vs Juventus,70,8.3,1.0,0.0,2.0,1.0,33,32.0,,1.0,,,3.0,0,0,8.0,10.0
161585,Francisco Conceição,Juventus,F,Juventus vs AC Milan,69,7.2,,0.0,,,26,23.0,,1.0,1.0,,2.0,0,0,4.0,9.0
161585,Francisco Conceição,Juventus,F,Como vs Juventus,90,7,,0.0,2.0,,29,20.0,,1.0,,2.0,3.0,0,0,6.0,11.0
161585,Francisco Conceição,Juventus,F,Lazio vs Juventus,90,6.6,,0.0,1.0,,23,23.0,,2.0,1.0,2.0,1.0,0,0,6.0,15.0
161585,Francisco Conceição,Juventus,F,Cremonese vs Juventus,26,6.2,,0.0,,,7,6.0,,,,2.0,1.0,0,0,1.0,9.0
161585,Francisco Conceição,Juventus,F,Juventus vs Torino,65,7.3,,0.0,1.0,,27,24.0,,1.0,,1.0,1.0,0,0,5.0,7.0
161585,Francisco Conceição,Juventus,F,Fiorentina vs Juventus,14,6.9,,0.0,,,7,6.0,,1.0,,,,0,0,3.0,4.0
161585,Francisco Conceição,Juventus,F,Juventus vs Cagliari,85,7.5,,0.0,4.0,3.0,42,36.0,,,,1.0,3.0,0,0,8.0,12.0
161585,Francisco Conceição,Juventus,F,Napoli vs Juventus,76,6.2,,0.0,1.0,,22,21.0,,1.0,,2.0,1.0,0,0,4.0,12.0
161585,Francisco Conceição,Juventus,F,Bologna vs Juventus,88,6.6,,0.0,1.0,,38,36.0,,,,2.0,1.0,0,0,1.0,6.0
161585,Francisco Conceição,Juventus,F,Juventus vs AS Roma,61,7.3,1.0,0.0,3.0,3.0,18,16.0,,2.0,,2.0,,1,0,5.0,11.0
161585,Francisco Conceição,Juventus,F,Juventus vs Lecce,45,6.9,,0.0,,,29,27.0,,3.0,1.0,1.0,,0,0,4.0,5.0
161585,Francisco Conceição,Juventus,F,Cagliari vs Juventus,10,6.6,,0.0,,,12,9.0,,,,,1.0,0,0,1.0,2.0
161585,Francisco Conceição,Juventus,F,Juventus vs Napoli,60,6.3,,0.0,1.0,1.0,25,23.0,,3.0,1.0,,,0,0,3.0,3.0
161585,Francisco Conceição,Juventus,F,Parma vs Juventus,65,6.7,,1.0,4.0,2.0,30,27.0,,,,2.0,,1,0,,5.0
161585,Francisco Conceição,Juventus,F,Inter vs Juventus,45,6.7,,0.0,1.0,,26,23.0,,,,,2.0,0,0,2.0,2.0
161585,Francisco Conceição,Juventus,F,Juventus vs Como,45,6.9,,0.0,1.0,1.0,11,9.0,,,,1.0,1.0,0,0,3.0,5.0
339883,Kenan Yıldız,Juventus,F,Juventus vs Parma,89,8.9,,2.0,3.0,2.0,30,26.0,,2.0,,,2.0,0,0,7.0,10.0
339883,Kenan Yıldız,Juventus,F,Genoa vs Juventus,89,6.6,,0.0,1.0,1.0,21,13.0,,1.0,1.0,1.0,3.0,0,0,6.0,13.0
339883,Kenan Yıldız,Juventus,F,Juventus vs Inter,90,8.5,1.0,1.0,1.0,1.0,31,27.0,,,1.0,,1.0,0,0,2.0,4.0
339883,Kenan Yıldız,Juventus,F,Hellas Verona vs Juventus,90,7.2,,0.0,1.0,,53,51.0,,,,2.0,,0,0,1.0,7.0
339883,Kenan Yıldız,Juventus,F,Juventus vs Atalanta,90,7,,0.0,1.0,1.0,45,37.0,,3.0,,,,0,0,7.0,12.0
339883,Kenan Yıldız,Juventus,F,Juventus vs AC Milan,69,6.6,,0.0,,,26,23.0,,,,1.0,1.0,0,0,4.0,8.0
339883,Kenan Yıldız,Juventus,F,Como vs Juventus,90,6.3,,0.0,1.0,,33,22.0,,,1.0,2.0,1.0,0,0,3.0,9.0
339883,Kenan Yıldız,Juventus,F,Lazio vs Juventus,45,6.5,,0.0,1.0,1.0,9,8.0,,,,,2.0,0,0,2.0,6.0
339883,Kenan Yıldız,Juventus,F,Juventus vs Udinese,90,7.6,1.0,0.0,4.0,2.0,37,31.0,,,,1.0,4.0,0,0,5.0,13.0
339883,Kenan Yıldız,Juventus,F,Juventus vs Torino,84,7.5,,0.0,2.0,2.0,37,33.0,,1.0,,,1.0,0,0,5.0,9.0
339883,Kenan Yıldız,Juventus,F,Fiorentina vs Juventus,88,6.7,,0.0,1.0,1.0,26,23.0,,,,1.0,2.0,0,0,4.0,8.0
339883,Kenan Yıldız,Juventus,F,Juventus vs Cagliari,85,9.2,2.0,0.0,2.0,2.0,35,31.0,,,,1.0,2.0,0,0,4.0,9.0
339883,Kenan Yıldız,Juventus,F,Napoli vs Juventus,76,7.3,1.0,0.0,2.0,1.0,27,23.0,,,,,,0,0,,5.0
339883,Kenan Yıldız,Juventus,F,Bologna vs Juventus,90,6.9,,1.0,1.0,1.0,40,25.0,,,,,3.0,0,0,4.0,9.0
339883,Kenan Yıldız,Juventus,F,Juventus vs AS Roma,89,7.9,,0.0,2.0,,45,35.0,,1.0,2.0,1.0,5.0,0,0,7.0,15.0
339883,Kenan Yıldız,Juventus,F,Pisa vs Juventus,89,8.3,1.0,0.0,2.0,1.0,37,36.0,,1.0,,,2.0,0,0,7.0,11.0
339883,Kenan Yıldız,Juventus,F,Juventus vs Lecce,90,8.3,,0.0,2.0,,58,46.0,,,,,2.0,0,0,12.0,23.0
339883,Kenan Yıldız,Juventus,F,Sassuolo vs Juventus,85,6.3,,0.0,6.0,5.0,38,31.0,,,1.0,1.0,,0,0,1.0,6.0
339883,Kenan Yıldız,Juventus,F,Juventus vs Cremonese,62,7.3,1.0,0.0,4.0,4.0,11,10.0,,1.0,,,2.0,0,0,3.0,5.0
339883,Kenan Yıldız,Juventus,F,Cagliari vs Juventus,90,7.2,,0.0,2.0,1.0,56,53.0,,1.0,,1.0,3.0,1,0,12.0,20.0
339883,Kenan Yıldız,Juventus,F,Juventus vs Napoli,87,7.9,1.0,0.0,2.0,1.0,35,31.0,,,,4.0,1.0,1,0,1.0,7.0
339883,Kenan Yıldız,Juventus,F,Parma vs Juventus,45,6.9,,0.0,1.0,,19,16.0,,,,1.0,,0,0,4.0,6.0
339883,Kenan Yıldız,Juventus,F,Juventus vs Lazio,90,7.5,,0.0,3.0,3.0,55,51.0,,1.0,1.0,,,0,0,6.0,14.0
339883,Kenan Yıldız,Juventus,F,Inter vs Juventus,75,7,,0.0,1.0,1.0,33,29.0,,1.0,,,2.0,0,0,9.0,14.0
339883,Kenan Yıldız,Juventus,F,Juventus vs Como,83,7.9,,0.0,2.0,1.0,38,35.0,,,,,6.0,0,0,10.0,12.0
8489,Jonathan David,Juventus,F,Juventus vs Parma,80,6.9,1.0,0.0,3.0,1.0,18,14.0,,1.0,,,,0,0,4.0,9.0
8489,Jonathan David,Juventus,F,Genoa vs Juventus,62,6.3,,0.0,1.0,,13,12.0,,,,1.0,1.0,0,0,1.0,6.0
8489,Jonathan David,Juventus,F,Juventus vs Inter,11,6.7,,1.0,,,5,4.0,,,,,,0,0,,1.0
8489,Jonathan David,Juventus,F,Hellas Verona vs Juventus,20,6.3,,0.0,,,7,6.0,,1.0,,1.0,,0,0,1.0,2.0
8489,Jonathan David,Juventus,F,Juventus vs AC Milan,69,6.2,,0.0,,,9,9.0,,,,1.0,,0,0,2.0,6.0
8489,Jonathan David,Juventus,F,Como vs Juventus,90,6.9,,0.0,,,22,16.0,,,,1.0,5.0,0,0,7.0,10.0
8489,Jonathan David,Juventus,F,Lazio vs Juventus,66,6.2,,0.0,1.0,1.0,17,12.0,,1.0,,,1.0,0,0,2.0,2.0
8489,Jonathan David,Juventus,F,Juventus vs Udinese,13,6.3,,0.0,1.0,1.0,8,4.0,,,,,,0,0,,1.0
8489,Jonathan David,Juventus,F,Cremonese vs Juventus,12,6.5,,0.0,,,8,5.0,,,,,,0,0,1.0,3.0
8489,Jonathan David,Juventus,F,Juventus vs Torino,25,6.3,,0.0,1.0,1.0,11,11.0,,1.0,1.0,,,0,0,1.0,4.0
8489,Jonathan David,Juventus,F,Fiorentina vs Juventus,2,,,0.0,,,3,2.0,,,,,,0,0,1.0,2.0
8489,Jonathan David,Juventus,F,Juventus vs Cagliari,59,6.7,,0.0,,,27,24.0,,,,,1.0,0,0,2.0,5.0
8489,Jonathan David,Juventus,F,Napoli vs Juventus,45,6.3,,0.0,,,11,9.0,,,,2.0,,0,0,,2.0
8489,Jonathan David,Juventus,F,Bologna vs Juventus,61,5.9,,0.0,,,19,15.0,,,,,,0,0,,7.0
8489,Jonathan David,Juventus,F,Juventus vs AS Roma,8,6.7,,0.0,,,4,4.0,,,,1.0,1.0,0,0,1.0,2.0
8489,Jonathan David,Juventus,F,Pisa vs Juventus,30,6.5,,1.0,,,10,7.0,,1.0,,1.0,,0,0,1.0,4.0
8489,Jonathan David,Juventus,F,Juventus vs Lecce,90,4.9,,0.0,3.0,3.0,30,22.0,,,,,1.0,0,0,4.0,11.0
8489,Jonathan David,Juventus,F,Sassuolo vs Juventus,75,7.6,1.0,1.0,3.0,2.0,34,29.0,,1.0,2.0,1.0,,0,0,2.0,7.0
8489,Jonathan David,Juventus,F,Juventus vs Cremonese,90,6.9,1.0,0.0,3.0,2.0,25,22.0,,,2.0,,1.0,0,0,1.0,4.0
8489,Jonathan David,Juventus,F,Cagliari vs Juventus,88,5.3,,0.0,1.0,,32,28.0,,,,2.0,3.0,0,0,3.0,7.0
8489,Jonathan David,Juventus,F,Juventus vs Napoli,76,7.3,1.0,0.0,2.0,2.0,22,15.0,,1.0,,5.0,4.0,0,0,5.0,13.0
8489,Jonathan David,Juventus,F,Parma vs Juventus,80,6.9,1.0,1.0,2.0,2.0,25,18.0,,1.0,,2.0,2.0,0,0,3.0,8.0
8489,Jonathan David,Juventus,F,Juventus vs Lazio,90,5.9,,0.0,1.0,,26,18.0,,1.0,,1.0,,0,0,1.0,7.0
8489,Jonathan David,Juventus,F,Inter vs Juventus,61,6.5,,0.0,,,11,9.0,,1.0,,,,0,0,1.0,2.0
8489,Jonathan David,Juventus,F,Juventus vs Como,16,6.5,,0.0,1.0,,2,2.0,,,,1.0,,0,0,1.0,2.0
41734,João Mário,Juventus,D,Juventus vs Parma,33,7.2,,0.0,,,12,9.0,,1.0,1.0,,2.0,0,0,3.0,3.0
41734,João Mário,Juventus,D,Genoa vs Juventus,62,7.2,,0.0,,,24,19.0,,3.0,,2.0,1.0,1,0,5.0,8.0
41734,João Mário,Juventus,D,Juventus vs Inter,11,6.7,,0.0,,,5,5.0,,,,,,0,0,,1.0
41734,João Mário,Juventus,D,Hellas Verona vs Juventus,83,6.5,,0.0,1.0,,30,20.0,,,1.0,1.0,6.0,0,0,8.0,10.0
41734,João Mário,Juventus,D,Juventus vs Atalanta,26,7,,0.0,,,16,12.0,,,,,1.0,0,0,2.0,3.0
41734,João Mário,Juventus,D,Como vs Juventus,15,6.7,,0.0,,,10,7.0,,,,,,0,0,,1.0
41734,João Mário,Juventus,D,Lazio vs Juventus,10,6.9,,0.0,,,3,2.0,,,1.0,1.0,,0,0,3.0,5.0
41734,João Mário,Juventus,D,Cremonese vs Juventus,11,6.3,,0.0,,,5,3.0,,,,,,0,0,,1.0
41734,João Mário,Juventus,D,Sassuolo vs Juventus,15,6.3,,0.0,,,4,3.0,,,,1.0,,0,0,,2.0
41734,João Mário,Juventus,D,Bologna vs Parma,45,6.7,,0.0,,,25,20.0,,,,1.0,,0,0,,1.0
41734,João Mário,Juventus,D,Torino vs Bologna,74,6.9,,0.0,,,43,36.0,,,1.0,,2.0,0,0,6.0,9.0
41734,João Mário,Juventus,D,Bologna vs Udinese,90,7.7,,0.0,,,40,27.0,,3.0,4.0,,3.0,0,0,8.0,11.0
36899,Teun Koopmeiners,Juventus,M,Juventus vs Parma,33,7,,0.0,,,24,22.0,,1.0,,,1.0,0,0,4.0,5.0
36899,Teun Koopmeiners,Juventus,M,Genoa vs Juventus,28,6.3,,0.0,,,16,12.0,,1.0,,1.0,,1,0,1.0,4.0
36899,Teun Koopmeiners,Juventus,M,Juventus vs Inter,73,6,,0.0,1.0,,21,15.0,,1.0,1.0,3.0,,1,0,2.0,9.0
36899,Teun Koopmeiners,Juventus,M,Hellas Verona vs Juventus,45,7.2,,0.0,,,33,26.0,,4.0,1.0,1.0,,1,0,6.0,9.0
36899,Teun Koopmeiners,Juventus,M,Juventus vs Atalanta,90,7.2,,0.0,3.0,2.0,51,51.0,,3.0,1.0,1.0,,0,0,4.0,9.0
36899,Teun Koopmeiners,Juventus,M,Como vs Juventus,77,6.5,,0.0,2.0,1.0,21,19.0,,2.0,1.0,,,0,0,3.0,6.0
36899,Teun Koopmeiners,Juventus,M,Lazio vs Juventus,66,6.5,,0.0,,,24,22.0,,1.0,1.0,3.0,,1,0,1.0,7.0
36899,Teun Koopmeiners,Juventus,M,Juventus vs Udinese,11,6.2,,0.0,,,0,,,,,,,0,0,,
36899,Teun Koopmeiners,Juventus,M,Cremonese vs Juventus,90,6.7,,0.0,,,53,48.0,,,1.0,2.0,,0,0,1.0,4.0
36899,Teun Koopmeiners,Juventus,M,Juventus vs Torino,90,7.3,,0.0,,,109,99.0,,,,2.0,,0,0,4.0,9.0
36899,Teun Koopmeiners,Juventus,M,Fiorentina vs Juventus,90,6.9,,0.0,,,61,60.0,,,1.0,1.0,,0,0,,2.0
36899,Teun Koopmeiners,Juventus,M,Juventus vs Cagliari,90,6.9,,0.0,2.0,,72,68.0,,2.0,2.0,3.0,,0,0,2.0,5.0
36899,Teun Koopmeiners,Juventus,M,Napoli vs Juventus,90,6.6,,0.0,,,68,58.0,,1.0,2.0,1.0,2.0,0,0,6.0,7.0
36899,Teun Koopmeiners,Juventus,M,Bologna vs Juventus,76,6.6,,0.0,,,26,23.0,,,,2.0,1.0,1,0,3.0,5.0
36899,Teun Koopmeiners,Juventus,M,Pisa vs Juventus,86,6.9,,0.0,,,30,24.0,,,1.0,1.0,1.0,0,0,2.0,4.0
36899,Teun Koopmeiners,Juventus,M,Juventus vs Lecce,21,6.6,,0.0,,,22,21.0,,,,,1.0,0,0,1.0,2.0
36899,Teun Koopmeiners,Juventus,M,Sassuolo vs Juventus,90,7.2,,0.0,,,79,75.0,,2.0,1.0,1.0,,0,0,3.0,7.0
36899,Teun Koopmeiners,Juventus,M,Juventus vs Cremonese,19,6.6,,0.0,,,22,21.0,,,,1.0,,0,0,1.0,3.0
36899,Teun Koopmeiners,Juventus,M,Cagliari vs Juventus,90,7.2,,0.0,1.0,1.0,82,75.0,,3.0,3.0,2.0,2.0,0,0,7.0,10.0
36899,Teun Koopmeiners,Juventus,M,Juventus vs Napoli,3,,,0.0,,,5,4.0,,,2.0,,,0,0,,
36899,Teun Koopmeiners,Juventus,M,Juventus vs Lazio,77,6.6,,0.0,1.0,,87,79.0,,2.0,,1.0,,0,0,3.0,4.0
36899,Teun Koopmeiners,Juventus,M,Inter vs Juventus,29,6.3,,0.0,1.0,1.0,10,9.0,,,,,,0,0,1.0,3.0
36899,Teun Koopmeiners,Juventus,M,Juventus vs Como,90,6.2,,0.0,2.0,,64,60.0,,1.0,,,,0,0,2.0,5.0
26315,Nicolás González,Juventus,F,Juventus vs Parma,10,6.6,,0.0,1.0,,1,1.0,,,,,2.0,0,0,3.0,3.0
26315,Nicolás González,Juventus,F,Genoa vs Juventus,14,6.6,,0.0,,,4,1.0,,,,,1.0,0,0,2.0,2.0
30415,Dušan Vlahović,Juventus,F,Juventus vs Parma,10,7.3,1.0,0.0,1.0,1.0,2,1.0,,,,,,0,0,,2.0
30415,Dušan Vlahović,Juventus,F,Genoa vs Juventus,28,7.7,1.0,0.0,1.0,1.0,10,4.0,,,,1.0,1.0,0,0,6.0,11.0
30415,Dušan Vlahović,Juventus,F,Juventus vs Inter,73,6.7,,0.0,1.0,,5,4.0,,,,2.0,2.0,0,0,3.0,7.0
30415,Dušan Vlahović,Juventus,F,Hellas Verona vs Juventus,57,6.2,,0.0,1.0,1.0,4,3.0,,,,,1.0,0,0,1.0,6.0
30415,Dušan Vlahović,Juventus,F,Juventus vs Atalanta,32,6.2,,0.0,1.0,,3,3.0,,,,,,0,0,,4.0
30415,Dušan Vlahović,Juventus,F,Juventus vs AC Milan,21,6.5,,0.0,,,4,2.0,,,1.0,,,0,0,,1.0
30415,Dušan Vlahović,Juventus,F,Como vs Juventus,13,6.2,,0.0,2.0,1.0,4,2.0,,,,,,0,0,,3.0
30415,Dušan Vlahović,Juventus,F,Lazio vs Juventus,90,6.3,,0.0,2.0,,17,13.0,,,,,1.0,0,0,4.0,7.0
30415,Dušan Vlahović,Juventus,F,Juventus vs Udinese,89,7.9,1.0,0.0,5.0,3.0,14,11.0,,,,1.0,2.0,0,0,6.0,12.0
30415,Dušan Vlahović,Juventus,F,Cremonese vs Juventus,85,5.9,,0.0,4.0,2.0,29,22.0,,,,1.0,3.0,0,0,6.0,9.0
30415,Dušan Vlahović,Juventus,F,Juventus vs Torino,65,6.9,,0.0,2.0,1.0,15,9.0,,3.0,,,,0,0,4.0,6.0
30415,Dušan Vlahović,Juventus,F,Fiorentina vs Juventus,88,6.7,,1.0,2.0,,16,11.0,,,1.0,2.0,4.0,0,0,5.0,9.0
30415,Dušan Vlahović,Juventus,F,Juventus vs Cagliari,31,6.5,,0.0,1.0,1.0,4,2.0,,,,,1.0,0,0,2.0,3.0
199578,Zion Suzuki,Parma,G,Juventus vs Parma,90,6.9,,0.0,,,36,19.0,,,,,,0,0,,
199578,Zion Suzuki,Parma,G,Parma vs Atalanta,90,6.9,,0.0,,,45,23.0,,,,,,0,0,,
199578,Zion Suzuki,Parma,G,Cagliari vs Parma,90,6.9,,0.0,,,23,17.0,,,,,,0,0,,
199578,Zion Suzuki,Parma,G,Cremonese vs Parma,90,7.2,,0.0,,,26,18.0,,,,,,0,0,,
199578,Zion Suzuki,Parma,G,Parma vs Torino,90,6.9,,0.0,,,39,22.0,,,,,,0,0,,
199578,Zion Suzuki,Parma,G,Parma vs Lecce,90,7,,0.0,,,36,27.0,,,,,,0,0,2.0,2.0
199578,Zion Suzuki,Parma,G,Genoa vs Parma,90,9.5,,0.0,,,50,29.0,,,,,1.0,0,0,1.0,1.0
199578,Zion Suzuki,Parma,G,Parma vs Como,90,7.3,,0.0,,,31,19.0,,,,,1.0,0,0,1.0,1.0
199578,Zion Suzuki,Parma,G,AS Roma vs Parma,90,7.3,,0.0,,,43,29.0,,,,,,0,0,1.0,1.0
199578,Zion Suzuki,Parma,G,Parma vs Bologna,90,7,,0.0,,,54,31.0,,,,,,0,0,,
199578,Zion Suzuki,Parma,G,Parma vs AC Milan,90,6.7,,0.0,,,20,13.0,,,,,,0,0,,1.0
30420,Enrico Del Prato,Parma,D,Juventus vs Parma,90,6.3,,0.0,,,32,27.0,,2.0,,1.0,,0,0,2.0,4.0
30420,Enrico Del Prato,Parma,D,Parma vs Atalanta,90,6.7,,0.0,1.0,1.0,20,15.0,,2.0,1.0,2.0,1.0,0,0,5.0,10.0
30420,Enrico Del Prato,Parma,D,Cagliari vs Parma,90,6.7,,0.0,,,51,46.0,,3.0,,1.0,,0,0,4.0,7.0
30420,Enrico Del Prato,Parma,D,Cremonese vs Parma,90,7,,0.0,1.0,1.0,62,54.0,,1.0,,,,0,0,1.0,3.0
30420,Enrico Del Prato,Parma,D,Parma vs Torino,90,6.6,,0.0,1.0,,22,19.0,,1.0,,1.0,,1,0,5.0,7.0
30420,Enrico Del Prato,Parma,D,Parma vs Lecce,90,6.9,,0.0,2.0,1.0,38,33.0,,1.0,1.0,,1.0,0,0,5.0,5.0
30420,Enrico Del Prato,Parma,D,Genoa vs Parma,90,6.9,,0.0,,,18,10.0,,2.0,2.0,,1.0,0,0,3.0,7.0
30420,Enrico Del Prato,Parma,D,Parma vs Como,90,7.5,,0.0,1.0,1.0,15,13.0,,4.0,1.0,1.0,1.0,0,0,6.0,8.0
30420,Enrico Del Prato,Parma,D,AS Roma vs Parma,90,6.6,,0.0,,,29,28.0,,1.0,1.0,,,1,0,2.0,4.0
30420,Enrico Del Prato,Parma,D,Parma vs Bologna,90,6.2,,0.0,,,15,13.0,,2.0,,,,0,0,2.0,5.0
30420,Enrico Del Prato,Parma,D,Parma vs AC Milan,90,7.3,1.0,0.0,4.0,3.0,51,47.0,,1.0,,1.0,1.0,0,0,5.0,9.0
30420,Enrico Del Prato,Parma,D,Hellas Verona vs Parma,90,6.3,,0.0,,,45,33.0,,,1.0,,,1,0,,
30420,Enrico Del Prato,Parma,D,Parma vs Udinese,90,6.9,,0.0,,,39,33.0,,2.0,1.0,,,0,0,3.0,4.0
30420,Enrico Del Prato,Parma,D,Pisa vs Parma,90,7.5,,0.0,1.0,,45,36.0,,1.0,,1.0,1.0,0,0,5.0,9.0
30420,Enrico Del Prato,Parma,D,Parma vs Lazio,45,6.6,,0.0,,,26,25.0,,,,1.0,1.0,0,0,1.0,2.0
30420,Enrico Del Prato,Parma,D,Sassuolo vs Parma,78,6.9,,0.0,,,29,28.0,,2.0,1.0,1.0,,0,0,4.0,7.0
30420,Enrico Del Prato,Parma,D,Parma vs Inter,90,6.5,,0.0,1.0,,53,47.0,,,5.0,,2.0,0,0,3.0,5.0
30420,Enrico Del Prato,Parma,D,Lecce vs Parma,90,6.9,,0.0,,,33,33.0,,2.0,1.0,2.0,1.0,1,0,3.0,6.0
30420,Enrico Del Prato,Parma,D,Napoli vs Parma,20,6.9,,0.0,,,10,10.0,,,1.0,,,0,0,,
30420,Enrico Del Prato,Parma,D,Parma vs Genoa,90,6.6,,0.0,,,41,35.0,,,,1.0,,0,0,1.0,3.0
30420,Enrico Del Prato,Parma,D,Atalanta vs Parma,90,7,,0.0,,,39,32.0,,,2.0,,,0,0,3.0,6.0
30420,Enrico Del Prato,Parma,D,Parma vs Juventus,90,6.3,,0.0,,,38,35.0,,,1.0,,,0,0,2.0,4.0
30420,Enrico Del Prato,Parma,D,Bologna vs Parma,90,7,,0.0,,,35,29.0,,1.0,1.0,1.0,,0,0,2.0,6.0
30420,Enrico Del Prato,Parma,D,Parma vs Hellas Verona,90,6.2,,0.0,,,62,56.0,,,1.0,1.0,,0,0,1.0,4.0
30420,Enrico Del Prato,Parma,D,AC Milan vs Parma,90,6.9,,0.0,,,30,26.0,,,1.0,,,0,0,,1.0
30420,Enrico Del Prato,Parma,D,Parma vs Cagliari,45,6.6,,,,,15,13.0,,,,,,0,0,1.0,5.0
348568,Alessandro Circati,Parma,D,Juventus vs Parma,90,6.9,,0.0,,,38,33.0,,1.0,,,,0,0,6.0,9.0
348568,Alessandro Circati,Parma,D,Parma vs Atalanta,90,7.5,,0.0,,,43,37.0,,1.0,3.0,1.0,,0,0,3.0,5.0
348568,Alessandro Circati,Parma,D,Cagliari vs Parma,90,6.7,,0.0,,,57,48.0,,1.0,,4.0,2.0,0,0,6.0,11.0
348568,Alessandro Circati,Parma,D,Cremonese vs Parma,90,7,,0.0,,,63,58.0,,,2.0,,2.0,0,0,3.0,4.0
348568,Alessandro Circati,Parma,D,Parma vs Torino,90,7.3,,0.0,,,32,24.0,,,1.0,1.0,,0,0,7.0,9.0
348568,Alessandro Circati,Parma,D,Parma vs Lecce,90,7.3,,0.0,,,86,76.0,,1.0,,,1.0,0,0,6.0,8.0
348568,Alessandro Circati,Parma,D,Genoa vs Parma,90,7.3,,0.0,,,30,23.0,,1.0,1.0,1.0,,0,0,3.0,6.0
348568,Alessandro Circati,Parma,D,Parma vs Como,90,7.3,,0.0,,,25,22.0,,2.0,,,1.0,0,0,3.0,6.0
348568,Alessandro Circati,Parma,D,AS Roma vs Parma,90,7.7,1.0,0.0,1.0,1.0,52,42.0,,1.0,3.0,,,0,0,4.0,5.0
348568,Alessandro Circati,Parma,D,Parma vs Bologna,41,6.5,,0.0,,,12,9.0,,2.0,,,,0,0,3.0,3.0
348568,Alessandro Circati,Parma,D,Parma vs Fiorentina,90,7.6,,0.0,,,39,38.0,,2.0,1.0,1.0,1.0,1,0,6.0,15.0
348568,Alessandro Circati,Parma,D,Sassuolo vs Parma,90,6.9,,0.0,,,57,53.0,,,,1.0,,1,0,3.0,5.0
348568,Alessandro Circati,Parma,D,Parma vs Inter,90,6.6,,0.0,,,49,35.0,,,1.0,1.0,,0,0,1.0,6.0
348568,Alessandro Circati,Parma,D,Lecce vs Parma,90,7,,0.0,,,77,73.0,,1.0,1.0,1.0,,0,0,4.0,7.0
348568,Alessandro Circati,Parma,D,Napoli vs Parma,90,7.3,,0.0,,,40,35.0,,1.0,,2.0,,0,0,2.0,6.0
348568,Alessandro Circati,Parma,D,Parma vs Genoa,90,8.3,,0.0,,,67,60.0,,3.0,2.0,2.0,2.0,1,0,12.0,16.0
348568,Alessandro Circati,Parma,D,Atalanta vs Parma,45,6.2,,0.0,1.0,,31,23.0,,1.0,,1.0,,0,0,2.0,3.0
348568,Alessandro Circati,Parma,D,Parma vs Juventus,90,6.3,,0.0,,,50,45.0,,2.0,1.0,4.0,2.0,1,0,5.0,10.0
348568,Alessandro Circati,Parma,D,Bologna vs Parma,90,7.6,,0.0,,,52,47.0,,2.0,,,,0,0,4.0,4.0
348568,Alessandro Circati,Parma,D,Parma vs Hellas Verona,90,7.2,,0.0,,,101,97.0,,3.0,,1.0,3.0,1,0,9.0,11.0
6221,Lautaro Valenti,Parma,D,Juventus vs Parma,90,5.9,,0.0,1.0,,29,18.0,,1.0,2.0,1.0,,0,0,1.0,6.0
6221,Lautaro Valenti,Parma,D,Parma vs Atalanta,90,6.5,,0.0,1.0,,38,33.0,,1.0,1.0,1.0,2.0,1,0,3.0,8.0
6221,Lautaro Valenti,Parma,D,Genoa vs Parma,47,6.9,,0.0,,,3,2.0,,1.0,,,,0,0,2.0,4.0
6221,Lautaro Valenti,Parma,D,Parma vs Como,90,6.9,,0.0,2.0,1.0,20,12.0,,,3.0,,1.0,0,0,1.0,4.0
6221,Lautaro Valenti,Parma,D,AS Roma vs Parma,90,6.2,,0.0,,,37,26.0,,4.0,,1.0,,0,0,5.0,9.0
6221,Lautaro Valenti,Parma,D,Parma vs Bologna,90,5.9,,0.0,,,24,17.0,,,,1.0,,1,0,1.0,3.0
6221,Lautaro Valenti,Parma,D,Parma vs AC Milan,90,7.3,,0.0,,,65,58.0,,2.0,2.0,1.0,,0,0,4.0,7.0
6221,Lautaro Valenti,Parma,D,Hellas Verona vs Parma,90,7.7,,0.0,1.0,1.0,42,28.0,,6.0,1.0,1.0,2.0,0,0,10.0,12.0
6221,Lautaro Valenti,Parma,D,Parma vs Udinese,90,6.5,,0.0,,,47,28.0,,4.0,1.0,1.0,,0,0,5.0,12.0
6221,Lautaro Valenti,Parma,D,Pisa vs Parma,90,7.2,,0.0,,,37,26.0,,1.0,,,,0,0,3.0,6.0
6221,Lautaro Valenti,Parma,D,Parma vs Lazio,90,6.9,,0.0,,,50,45.0,,,3.0,3.0,1.0,0,0,4.0,9.0
6221,Lautaro Valenti,Parma,D,Parma vs Fiorentina,90,7.6,,0.0,,,40,31.0,,2.0,1.0,1.0,2.0,0,0,5.0,7.0
6221,Lautaro Valenti,Parma,D,Sassuolo vs Parma,90,7.2,,0.0,1.0,1.0,59,43.0,,4.0,1.0,,,0,0,6.0,6.0
6221,Lautaro Valenti,Parma,D,Lecce vs Parma,90,6.9,,0.0,,,61,52.0,,2.0,1.0,2.0,2.0,0,0,9.0,14.0
6221,Lautaro Valenti,Parma,D,Napoli vs Parma,90,6.9,,0.0,,,41,26.0,,1.0,1.0,,2.0,0,0,5.0,7.0
6221,Lautaro Valenti,Parma,D,Parma vs Genoa,90,7.9,,0.0,,,42,34.0,,3.0,5.0,2.0,2.0,1,0,11.0,18.0
6221,Lautaro Valenti,Parma,D,Atalanta vs Parma,90,6.7,,0.0,,,53,43.0,,5.0,,1.0,,0,0,7.0,10.0
6221,Lautaro Valenti,Parma,D,Parma vs Hellas Verona,45,6.6,,0.0,1.0,,59,53.0,,,1.0,1.0,1.0,1,0,2.0,4.0
6221,Lautaro Valenti,Parma,D,AC Milan vs Parma,90,7.5,,0.0,1.0,1.0,34,28.0,,,1.0,,,0,0,2.0,4.0
6221,Lautaro Valenti,Parma,D,Parma vs Cagliari,97,6.9,,,,,57,48.0,,1.0,1.0,1.0,,1,0,6.0,8.0
323369,Mathias Fjørtoft Løvik,Parma,M,Juventus vs Parma,88,6.3,,0.0,,,19,16.0,,1.0,1.0,1.0,,0,0,1.0,5.0
323369,Mathias Fjørtoft Løvik,Parma,M,Parma vs Atalanta,90,6.2,,0.0,,,26,22.0,,1.0,,1.0,,0,0,2.0,9.0
323369,Mathias Fjørtoft Løvik,Parma,M,Cagliari vs Parma,62,6.7,,0.0,,,17,14.0,,2.0,1.0,1.0,1.0,0,0,4.0,9.0
323369,Mathias Fjørtoft Løvik,Parma,M,Cremonese vs Parma,13,6.3,,0.0,1.0,,3,1.0,,,,,,0,0,,1.0
323369,Mathias Fjørtoft Løvik,Parma,M,Parma vs Lecce,58,6.3,,0.0,,,18,15.0,,,1.0,,1.0,0,0,2.0,4.0
323369,Mathias Fjørtoft Løvik,Parma,M,Parma vs AC Milan,68,6.3,,0.0,,,21,15.0,,2.0,2.0,,,0,0,2.0,5.0
323369,Mathias Fjørtoft Løvik,Parma,M,Hellas Verona vs Parma,90,7,,0.0,,,22,17.0,,5.0,1.0,,,0,0,7.0,13.0
323369,Mathias Fjørtoft Løvik,Parma,M,Parma vs Udinese,9,6.7,,0.0,1.0,,1,1.0,,,,,,0,0,,
628,Adrián Bernabé,Parma,M,Juventus vs Parma,90,6.9,,0.0,1.0,1.0,42,36.0,,2.0,1.0,,1.0,0,0,4.0,10.0
628,Adrián Bernabé,Parma,M,Parma vs Atalanta,89,7.2,,0.0,1.0,1.0,50,42.0,,2.0,,,2.0,0,0,5.0,8.0
628,Adrián Bernabé,Parma,M,Cagliari vs Parma,80,7.6,,0.0,1.0,,50,44.0,,3.0,1.0,,4.0,0,0,10.0,12.0
628,Adrián Bernabé,Parma,M,Cremonese vs Parma,84,6.9,,0.0,1.0,1.0,45,37.0,,,1.0,1.0,2.0,0,0,2.0,6.0
628,Adrián Bernabé,Parma,M,Parma vs Torino,81,6.6,,0.0,2.0,,28,24.0,,2.0,,,1.0,0,0,3.0,6.0
628,Adrián Bernabé,Parma,M,Parma vs Lecce,84,7,,0.0,1.0,,53,45.0,,1.0,,2.0,2.0,0,0,3.0,9.0
628,Adrián Bernabé,Parma,M,Genoa vs Parma,43,6.7,,0.0,,,17,12.0,,,,,,0,0,,1.0
628,Adrián Bernabé,Parma,M,Parma vs Como,76,7,,0.0,1.0,,30,25.0,,2.0,,1.0,1.0,0,0,3.0,6.0
628,Adrián Bernabé,Parma,M,AS Roma vs Parma,77,6.5,,0.0,2.0,1.0,25,18.0,,1.0,1.0,,1.0,0,0,2.0,6.0
628,Adrián Bernabé,Parma,M,Parma vs Bologna,90,7.3,1.0,0.0,2.0,1.0,16,13.0,,2.0,,2.0,3.0,0,0,6.0,15.0
628,Adrián Bernabé,Parma,M,Parma vs AC Milan,81,7.7,1.0,0.0,2.0,1.0,47,42.0,,,,,1.0,0,0,1.0,2.0
628,Adrián Bernabé,Parma,M,Hellas Verona vs Parma,85,7.2,,0.0,,,29,24.0,,,,,4.0,0,0,7.0,13.0
628,Adrián Bernabé,Parma,M,Parma vs Udinese,79,6.9,,0.0,,,34,25.0,,2.0,1.0,,2.0,0,0,4.0,4.0
628,Adrián Bernabé,Parma,M,Pisa vs Parma,75,6.9,,0.0,1.0,,35,33.0,,,,1.0,2.0,0,0,2.0,6.0
628,Adrián Bernabé,Parma,M,Parma vs Lazio,90,6.6,,0.0,3.0,1.0,48,38.0,,,1.0,,,0,0,2.0,5.0
628,Adrián Bernabé,Parma,M,Parma vs Fiorentina,81,7.5,,0.0,,,37,32.0,,3.0,,,3.0,0,0,6.0,8.0
628,Adrián Bernabé,Parma,M,Sassuolo vs Parma,90,7.5,,0.0,1.0,,64,60.0,,2.0,,,4.0,0,0,6.0,7.0
628,Adrián Bernabé,Parma,M,Parma vs Inter,75,6.9,,0.0,,,39,29.0,,1.0,1.0,,2.0,0,0,3.0,6.0
628,Adrián Bernabé,Parma,M,Lecce vs Parma,81,7.3,,1.0,1.0,,48,42.0,,1.0,,1.0,3.0,0,0,4.0,9.0
628,Adrián Bernabé,Parma,M,Napoli vs Parma,31,6.7,,0.0,,,3,3.0,,,,,1.0,0,0,1.0,2.0
628,Adrián Bernabé,Parma,M,Parma vs Genoa,76,6.3,,0.0,2.0,1.0,33,30.0,,1.0,,1.0,1.0,0,0,3.0,9.0
628,Adrián Bernabé,Parma,M,Atalanta vs Parma,90,8,,0.0,,,71,56.0,,1.0,1.0,1.0,3.0,0,0,4.0,7.0
628,Adrián Bernabé,Parma,M,Parma vs Juventus,74,6.2,,0.0,,,27,24.0,,,2.0,,,0,0,,2.0
628,Adrián Bernabé,Parma,M,Bologna vs Parma,87,6.7,,0.0,1.0,,38,32.0,,,1.0,2.0,1.0,0,0,3.0,8.0
628,Adrián Bernabé,Parma,M,Parma vs Hellas Verona,90,8.3,1.0,0.0,2.0,2.0,81,71.0,,1.0,,,2.0,0,0,3.0,5.0
628,Adrián Bernabé,Parma,M,AC Milan vs Parma,59,7.2,,0.0,1.0,,33,28.0,,3.0,2.0,1.0,2.0,0,0,6.0,10.0
628,Adrián Bernabé,Parma,M,Parma vs Cagliari,89,7.5,,,2.0,1.0,70,60.0,,3.0,,,,0,0,7.0,10.0
308836,Mandela Keita,Parma,M,Juventus vs Parma,88,7.2,,0.0,1.0,,26,23.0,,2.0,1.0,,2.0,0,0,6.0,7.0
308836,Mandela Keita,Parma,M,Parma vs Atalanta,81,6.2,,0.0,,,29,24.0,,,2.0,,1.0,0,0,3.0,8.0
308836,Mandela Keita,Parma,M,Cagliari vs Parma,13,6.5,,0.0,,,5,2.0,,,,1.0,,0,0,,3.0
308836,Mandela Keita,Parma,M,Cremonese vs Parma,90,6.9,,0.0,,,30,26.0,,3.0,1.0,,,0,0,3.0,4.0
308836,Mandela Keita,Parma,M,Parma vs Torino,90,7,,0.0,1.0,,20,18.0,,3.0,1.0,,1.0,0,0,8.0,11.0
308836,Mandela Keita,Parma,M,Parma vs Lecce,90,7.3,,0.0,,,51,45.0,,6.0,,,3.0,0,0,10.0,13.0
308836,Mandela Keita,Parma,M,Genoa vs Parma,90,6.3,,0.0,,,26,22.0,,,,2.0,2.0,0,0,2.0,6.0
308836,Mandela Keita,Parma,M,Parma vs Como,90,7,,0.0,,,17,15.0,,2.0,2.0,1.0,3.0,0,0,6.0,10.0
308836,Mandela Keita,Parma,M,Parma vs Bologna,90,6.9,,0.0,,,26,21.0,,4.0,2.0,,,0,0,5.0,6.0
308836,Mandela Keita,Parma,M,Parma vs AC Milan,90,6.9,,0.0,1.0,,51,47.0,,1.0,1.0,2.0,1.0,0,0,4.0,6.0
308836,Mandela Keita,Parma,M,Hellas Verona vs Parma,90,6.2,,0.0,1.0,1.0,32,27.0,,2.0,2.0,2.0,3.0,0,0,10.0,20.0
308836,Mandela Keita,Parma,M,Parma vs Udinese,45,6.5,,0.0,1.0,,17,12.0,,1.0,1.0,2.0,,1,0,3.0,5.0
308836,Mandela Keita,Parma,M,Pisa vs Parma,90,7.6,,0.0,,,21,17.0,,3.0,1.0,,2.0,0,0,11.0,11.0
308836,Mandela Keita,Parma,M,Parma vs Lazio,86,6.9,,0.0,,,38,36.0,,1.0,1.0,1.0,1.0,0,0,2.0,3.0
308836,Mandela Keita,Parma,M,Parma vs Fiorentina,89,7,,0.0,,,47,46.0,,3.0,,,,0,0,5.0,10.0
308836,Mandela Keita,Parma,M,Sassuolo vs Parma,90,7.2,,0.0,1.0,,54,46.0,,4.0,4.0,2.0,1.0,0,0,6.0,10.0
308836,Mandela Keita,Parma,M,Parma vs Inter,86,7.5,,0.0,,,36,32.0,,4.0,2.0,,1.0,0,0,6.0,8.0
308836,Mandela Keita,Parma,M,Lecce vs Parma,63,6.5,,0.0,,,34,30.0,,1.0,2.0,2.0,2.0,0,0,3.0,10.0
308836,Mandela Keita,Parma,M,Napoli vs Parma,90,7,,0.0,,,29,25.0,,3.0,,2.0,2.0,0,0,6.0,11.0
308836,Mandela Keita,Parma,M,Parma vs Genoa,90,7.2,,0.0,1.0,,27,25.0,,4.0,,1.0,3.0,0,0,9.0,14.0
308836,Mandela Keita,Parma,M,Atalanta vs Parma,85,7.3,,0.0,1.0,,41,39.0,,2.0,,2.0,4.0,0,0,6.0,10.0
308836,Mandela Keita,Parma,M,Parma vs Juventus,90,7.2,,0.0,,,32,26.0,,3.0,1.0,1.0,6.0,0,0,10.0,12.0
308836,Mandela Keita,Parma,M,Bologna vs Parma,87,7.3,,0.0,,,38,36.0,,2.0,2.0,,3.0,0,0,6.0,6.0
308836,Mandela Keita,Parma,M,Parma vs Hellas Verona,62,7.5,,1.0,,,41,38.0,,2.0,1.0,,2.0,0,0,7.0,10.0
308836,Mandela Keita,Parma,M,AC Milan vs Parma,90,7.2,,0.0,,,37,35.0,,2.0,3.0,1.0,1.0,0,0,4.0,6.0
308836,Mandela Keita,Parma,M,Parma vs Cagliari,75,6.6,,,,,42,38.0,,2.0,1.0,,1.0,0,0,3.0,4.0
91358,Emanuele Valeri,Parma,M,Juventus vs Parma,90,6.6,,0.0,,,11,7.0,,1.0,,1.0,,0,0,1.0,5.0
91358,Emanuele Valeri,Parma,M,Parma vs Atalanta,90,6.7,,0.0,1.0,,24,19.0,,1.0,1.0,,,0,0,1.0,5.0
91358,Emanuele Valeri,Parma,M,Cagliari vs Parma,90,7.2,,0.0,,,29,16.0,,4.0,,1.0,2.0,0,0,6.0,10.0
91358,Emanuele Valeri,Parma,M,Cremonese vs Parma,90,7.2,,0.0,1.0,,18,15.0,,2.0,,,1.0,0,0,5.0,7.0
91358,Emanuele Valeri,Parma,M,Parma vs Torino,90,7.3,,1.0,,,21,15.0,,3.0,1.0,,,0,0,5.0,9.0
91358,Emanuele Valeri,Parma,M,Parma vs Lecce,26,6.7,,0.0,,,6,3.0,,1.0,,,,0,0,1.0,3.0
91358,Emanuele Valeri,Parma,M,Parma vs AC Milan,22,6.6,,0.0,,,6,3.0,,,1.0,,,0,0,,1.0
91358,Emanuele Valeri,Parma,M,Hellas Verona vs Parma,13,6.6,,0.0,,,3,1.0,,1.0,,,1.0,0,0,2.0,3.0
91358,Emanuele Valeri,Parma,M,Parma vs Udinese,81,6.7,,0.0,1.0,,19,13.0,,2.0,,,3.0,0,0,5.0,9.0
91358,Emanuele Valeri,Parma,M,Pisa vs Parma,90,7.5,,0.0,1.0,,29,16.0,,1.0,1.0,1.0,2.0,1,0,4.0,12.0
91358,Emanuele Valeri,Parma,M,Parma vs Lazio,90,7.2,,0.0,1.0,1.0,27,24.0,,1.0,3.0,4.0,,1,0,4.0,11.0
91358,Emanuele Valeri,Parma,M,Parma vs Fiorentina,90,7.5,,0.0,,,23,18.0,,1.0,1.0,1.0,1.0,0,0,3.0,6.0
91358,Emanuele Valeri,Parma,M,Sassuolo vs Parma,90,6.9,,0.0,,,24,20.0,,3.0,,,1.0,0,0,6.0,13.0
91358,Emanuele Valeri,Parma,M,Parma vs Inter,90,6.9,,0.0,,,30,21.0,,2.0,,,1.0,0,0,4.0,6.0
91358,Emanuele Valeri,Parma,M,Lecce vs Parma,90,6.7,,0.0,2.0,1.0,29,18.0,,5.0,,2.0,2.0,0,0,10.0,17.0
91358,Emanuele Valeri,Parma,M,Napoli vs Parma,45,6.9,,0.0,,,8,5.0,,1.0,,,1.0,0,0,2.0,3.0
91358,Emanuele Valeri,Parma,M,Parma vs Genoa,90,7.2,,0.0,,,31,24.0,,,2.0,1.0,2.0,0,0,2.0,5.0
91358,Emanuele Valeri,Parma,M,Atalanta vs Parma,45,6,,0.0,,,21,13.0,,,,,,0,0,1.0,3.0
91358,Emanuele Valeri,Parma,M,Parma vs Juventus,90,5.6,,0.0,1.0,1.0,29,21.0,,,2.0,,,0,0,1.0,2.0
91358,Emanuele Valeri,Parma,M,Bologna vs Parma,90,6.6,,0.0,,,36,23.0,,1.0,2.0,,,0,0,2.0,6.0
91358,Emanuele Valeri,Parma,M,Parma vs Hellas Verona,90,6.9,,0.0,,,70,63.0,,1.0,2.0,,,0,0,1.0,7.0
91358,Emanuele Valeri,Parma,M,AC Milan vs Parma,90,6.9,,1.0,,,16,10.0,,2.0,,2.0,,0,0,2.0,5.0
91358,Emanuele Valeri,Parma,M,Parma vs Cagliari,90,6.7,,,1.0,,21,18.0,,,,3.0,,0,0,,5.0
48193,Pontus Almqvist,Parma,F,Juventus vs Parma,80,6.9,,0.0,,,12,6.0,,1.0,1.0,,2.0,0,0,6.0,13.0
48193,Pontus Almqvist,Parma,F,Parma vs Atalanta,56,6.3,,0.0,,,11,9.0,,,,,,0,0,1.0,9.0
48193,Pontus Almqvist,Parma,F,Cagliari vs Parma,28,7.2,,0.0,,,10,10.0,,,,1.0,1.0,0,0,3.0,3.0
48193,Pontus Almqvist,Parma,F,Cremonese vs Parma,84,7.2,,0.0,,,23,16.0,,5.0,1.0,1.0,4.0,0,0,10.0,16.0
48193,Pontus Almqvist,Parma,F,Parma vs Lecce,45,6.3,,0.0,,,8,6.0,,1.0,,2.0,1.0,0,0,2.0,7.0
48193,Pontus Almqvist,Parma,F,Genoa vs Parma,45,6.3,,0.0,,,5,4.0,,,,2.0,3.0,0,0,3.0,9.0
48193,Pontus Almqvist,Parma,F,AS Roma vs Parma,13,6.6,,0.0,,,7,6.0,,,1.0,,1.0,0,0,3.0,4.0
48193,Pontus Almqvist,Parma,F,Sassuolo vs Parma,20,6.3,,0.0,2.0,2.0,10,9.0,,1.0,2.0,,,0,0,2.0,2.0
48193,Pontus Almqvist,Parma,F,Parma vs Inter,28,6.3,,0.0,,,4,4.0,,,,,,0,0,1.0,2.0
362752,Christian Ordoñez,Parma,F,Juventus vs Parma,57,6.2,,0.0,,,8,7.0,,,,,1.0,0,0,1.0,5.0
362752,Christian Ordoñez,Parma,F,Parma vs Atalanta,9,6.3,,0.0,,,3,2.0,,,,,,0,0,1.0,2.0
362752,Christian Ordoñez,Parma,F,Cagliari vs Parma,45,6.2,,0.0,,,14,11.0,,,1.0,3.0,,1,0,1.0,6.0
362752,Christian Ordoñez,Parma,F,Cremonese vs Parma,13,6.7,,0.0,,,3,2.0,,1.0,,,,0,0,1.0,1.0
362752,Christian Ordoñez,Parma,F,Genoa vs Parma,45,6.6,,0.0,,,5,2.0,,1.0,,,1.0,0,0,2.0,2.0
362752,Christian Ordoñez,Parma,F,Parma vs Como,72,6.5,,0.0,,,7,7.0,,,,1.0,,0,0,,6.0
362752,Christian Ordoñez,Parma,F,AS Roma vs Parma,90,6.6,,0.0,1.0,1.0,22,19.0,,2.0,1.0,1.0,1.0,1,0,7.0,12.0
362752,Christian Ordoñez,Parma,F,Parma vs Bologna,35,4.9,,0.0,,,5,4.0,,,,4.0,,2,1,,8.0
362752,Christian Ordoñez,Parma,F,Pisa vs Parma,15,6.7,,0.0,,,4,2.0,,,,,,0,0,,1.0
362752,Christian Ordoñez,Parma,F,Parma vs Fiorentina,9,6.7,,0.0,,,1,,,1.0,,,,0,0,1.0,1.0
362752,Christian Ordoñez,Parma,F,Parma vs Inter,28,6.5,,0.0,,,12,11.0,,,1.0,,,0,0,,1.0
362752,Christian Ordoñez,Parma,F,Lecce vs Parma,9,6.7,,0.0,1.0,,3,2.0,,,,,,0,0,1.0,2.0
362752,Christian Ordoñez,Parma,F,Napoli vs Parma,89,6.5,,0.0,,,18,14.0,,,,,,0,0,,4.0
362752,Christian Ordoñez,Parma,F,Atalanta vs Parma,9,6.3,,0.0,,,8,8.0,,,,,,0,0,,1.0
362752,Christian Ordoñez,Parma,F,Bologna vs Parma,11,7.7,1.0,0.0,1.0,1.0,1,1.0,,,,,,0,0,,3.0
362752,Christian Ordoñez,Parma,F,AC Milan vs Parma,59,6.6,,0.0,,,12,12.0,,3.0,1.0,,,0,0,3.0,5.0
362752,Christian Ordoñez,Parma,F,Parma vs Cagliari,45,6.2,,,1.0,,15,13.0,,,,2.0,,0,0,,3.0
292172,Mateo Pellegrino,Parma,F,Juventus vs Parma,90,6,,0.0,2.0,1.0,12,8.0,,1.0,,6.0,3.0,0,0,8.0,26.0
292172,Mateo Pellegrino,Parma,F,Parma vs Atalanta,90,6.3,,0.0,1.0,,16,10.0,,,,1.0,3.0,0,0,8.0,18.0
292172,Mateo Pellegrino,Parma,F,Cagliari vs Parma,90,6,,0.0,2.0,2.0,10,4.0,,1.0,,2.0,,0,0,2.0,10.0
292172,Mateo Pellegrino,Parma,F,Cremonese vs Parma,68,6.9,,0.0,1.0,1.0,11,7.0,,1.0,,2.0,2.0,0,0,8.0,14.0
292172,Mateo Pellegrino,Parma,F,Parma vs Torino,89,7.9,2.0,0.0,3.0,2.0,12,8.0,,,,2.0,2.0,1,0,4.0,17.0
292172,Mateo Pellegrino,Parma,F,Parma vs Lecce,90,6.2,,0.0,,,21,15.0,,,,4.0,2.0,0,0,6.0,17.0
292172,Mateo Pellegrino,Parma,F,Genoa vs Parma,87,6.9,,0.0,,,9,4.0,,,,3.0,,0,0,7.0,15.0
292172,Mateo Pellegrino,Parma,F,Parma vs Como,76,7,,0.0,,,12,7.0,,2.0,1.0,1.0,2.0,0,0,10.0,15.0
292172,Mateo Pellegrino,Parma,F,AS Roma vs Parma,77,6.7,,0.0,1.0,,22,12.0,,,,4.0,2.0,1,0,10.0,18.0
292172,Mateo Pellegrino,Parma,F,Parma vs Bologna,78,7.3,,0.0,,,16,4.0,,,,3.0,4.0,0,0,13.0,18.0
292172,Mateo Pellegrino,Parma,F,Parma vs AC Milan,90,6.5,,0.0,1.0,,11,9.0,,,,3.0,1.0,0,0,4.0,14.0
292172,Mateo Pellegrino,Parma,F,Hellas Verona vs Parma,90,8.9,2.0,0.0,3.0,3.0,18,11.0,,,,1.0,5.0,1,0,12.0,27.0
292172,Mateo Pellegrino,Parma,F,Parma vs Udinese,90,6.3,,0.0,1.0,1.0,14,7.0,,,1.0,,2.0,0,0,6.0,12.0
292172,Mateo Pellegrino,Parma,F,Pisa vs Parma,90,5.9,,0.0,2.0,,11,6.0,,,,1.0,,0,0,1.0,13.0
292172,Mateo Pellegrino,Parma,F,Parma vs Lazio,90,6.6,,0.0,4.0,1.0,16,9.0,,1.0,,1.0,2.0,0,0,9.0,15.0
292172,Mateo Pellegrino,Parma,F,Parma vs Fiorentina,89,6.9,,1.0,3.0,,17,10.0,,1.0,,5.0,2.0,0,0,10.0,26.0
292172,Mateo Pellegrino,Parma,F,Sassuolo vs Parma,90,7.2,1.0,0.0,3.0,2.0,18,12.0,,1.0,,1.0,1.0,0,0,4.0,13.0
292172,Mateo Pellegrino,Parma,F,Parma vs Inter,75,6.5,,0.0,,,18,13.0,,,,2.0,3.0,0,0,5.0,14.0
292172,Mateo Pellegrino,Parma,F,Lecce vs Parma,90,7.6,1.0,0.0,2.0,1.0,14,7.0,,1.0,1.0,5.0,1.0,0,0,9.0,16.0
292172,Mateo Pellegrino,Parma,F,Napoli vs Parma,31,6.2,,0.0,,,4,2.0,,1.0,,2.0,1.0,0,0,3.0,12.0
292172,Mateo Pellegrino,Parma,F,Parma vs Genoa,76,6.2,,0.0,1.0,,10,6.0,,,,1.0,2.0,0,0,5.0,13.0
292172,Mateo Pellegrino,Parma,F,Atalanta vs Parma,45,6.9,,0.0,3.0,1.0,8,8.0,,,,1.0,3.0,0,0,4.0,5.0
292172,Mateo Pellegrino,Parma,F,Parma vs Juventus,90,6.3,,0.0,4.0,2.0,13,9.0,,,,2.0,1.0,0,0,3.0,8.0
292172,Mateo Pellegrino,Parma,F,Bologna vs Parma,90,6.3,,0.0,,,17,11.0,,1.0,,2.0,1.0,0,0,4.0,9.0
292172,Mateo Pellegrino,Parma,F,Parma vs Hellas Verona,90,7,1.0,0.0,4.0,1.0,11,9.0,,1.0,,,,0,0,4.0,13.0
292172,Mateo Pellegrino,Parma,F,AC Milan vs Parma,89,6.7,,0.0,1.0,,9,5.0,,1.0,,3.0,3.0,0,0,7.0,16.0
292172,Mateo Pellegrino,Parma,F,Parma vs Cagliari,97,6.3,,,2.0,1.0,12,7.0,,,1.0,4.0,1.0,1,0,5.0,16.0
161569,Oliver Sørensen,Parma,M,Juventus vs Parma,33,6,,0.0,,,6,5.0,,,,2.0,,0,0,,5.0
161569,Oliver Sørensen,Parma,M,Parma vs Atalanta,81,6.3,,0.0,,,26,20.0,,2.0,,,1.0,0,0,3.0,10.0
161569,Oliver Sørensen,Parma,M,Cagliari vs Parma,85,6.2,,0.0,,,25,21.0,,2.0,,2.0,1.0,0,0,4.0,10.0
161569,Oliver Sørensen,Parma,M,Cremonese vs Parma,90,6.2,,0.0,1.0,,27,20.0,,1.0,1.0,2.0,,0,0,1.0,6.0
161569,Oliver Sørensen,Parma,M,Parma vs Torino,9,6.2,,0.0,,,0,,,,,,,0,0,,3.0
161569,Oliver Sørensen,Parma,M,Parma vs Lecce,67,6.7,,0.0,,,34,32.0,,,,,,0,0,1.0,4.0
161569,Oliver Sørensen,Parma,M,Genoa vs Parma,11,6.7,,0.0,,,1,1.0,,,1.0,,,0,0,,
161569,Oliver Sørensen,Parma,M,Parma vs Como,18,6.6,,0.0,,,6,5.0,,,,,,0,0,1.0,2.0
161569,Oliver Sørensen,Parma,M,AS Roma vs Parma,90,6.3,,0.0,2.0,2.0,32,24.0,,,2.0,1.0,,0,0,2.0,7.0
161569,Oliver Sørensen,Parma,M,Parma vs Bologna,66,6.2,,0.0,,,15,9.0,,,,2.0,1.0,0,0,2.0,6.0
161569,Oliver Sørensen,Parma,M,Parma vs AC Milan,90,6.5,,0.0,,,23,21.0,,,1.0,1.0,1.0,1,0,2.0,5.0
161569,Oliver Sørensen,Parma,M,Hellas Verona vs Parma,90,6.7,,0.0,3.0,,22,16.0,,2.0,,,3.0,0,0,6.0,11.0
161569,Oliver Sørensen,Parma,M,Parma vs Udinese,56,6.3,,0.0,,,7,7.0,,1.0,,1.0,1.0,0,0,3.0,6.0
161569,Oliver Sørensen,Parma,M,Pisa vs Parma,32,6.9,,0.0,,,7,3.0,,1.0,1.0,,1.0,0,0,2.0,2.0
161569,Oliver Sørensen,Parma,M,Parma vs Fiorentina,90,7.2,1.0,0.0,2.0,1.0,22,16.0,,,3.0,1.0,,0,0,1.0,4.0
161569,Oliver Sørensen,Parma,M,Sassuolo vs Parma,90,6.6,,0.0,1.0,,33,29.0,,1.0,2.0,,,0,0,1.0,2.0
161569,Oliver Sørensen,Parma,M,Parma vs Inter,90,6.9,,0.0,,,23,17.0,,3.0,1.0,,2.0,0,0,5.0,7.0
161569,Oliver Sørensen,Parma,M,Lecce vs Parma,90,6.3,,0.0,,,22,21.0,,1.0,1.0,,2.0,0,0,4.0,8.0
161569,Oliver Sørensen,Parma,M,Napoli vs Parma,45,6.3,,0.0,,,10,10.0,,,2.0,,,0,0,,3.0
161569,Oliver Sørensen,Parma,M,Parma vs Genoa,14,6.5,,0.0,,,5,3.0,,1.0,,,,0,0,1.0,4.0
161569,Oliver Sørensen,Parma,M,Atalanta vs Parma,64,6.3,,0.0,,,16,14.0,,,,,,0,0,1.0,4.0
161569,Oliver Sørensen,Parma,M,Parma vs Juventus,25,6.9,,0.0,,,9,9.0,,,1.0,,,0,0,,
161569,Oliver Sørensen,Parma,M,Bologna vs Parma,79,6.6,,0.0,,,21,18.0,,,,,3.0,0,0,3.0,4.0
161569,Oliver Sørensen,Parma,M,Parma vs Hellas Verona,70,6.5,,0.0,,,40,36.0,,1.0,,,1.0,0,0,2.0,5.0
161569,Oliver Sørensen,Parma,M,AC Milan vs Parma,31,6.9,,0.0,,,11,8.0,,1.0,,,1.0,0,0,2.0,3.0
40592,Adrian Benedyczak,Parma,F,Juventus vs Parma,10,6.5,,0.0,,,2,1.0,,,,1.0,,0,0,1.0,3.0
40592,Adrian Benedyczak,Parma,F,Parma vs Torino,32,6.5,,0.0,,,7,3.0,,2.0,,2.0,1.0,0,0,3.0,8.0
40592,Adrian Benedyczak,Parma,F,Parma vs Lecce,23,6.6,,0.0,1.0,,8,6.0,,,,1.0,,0,0,4.0,5.0
40592,Adrian Benedyczak,Parma,F,Parma vs Como,14,6.6,,0.0,,,6,3.0,,,,,,0,0,2.0,3.0
40592,Adrian Benedyczak,Parma,F,AS Roma vs Parma,30,6.7,,1.0,,,6,5.0,,,,1.0,,0,0,1.0,5.0
40592,Adrian Benedyczak,Parma,F,Parma vs Bologna,78,6.2,,0.0,1.0,,8,2.0,,1.0,,1.0,1.0,0,0,5.0,13.0
40592,Adrian Benedyczak,Parma,F,Hellas Verona vs Parma,13,6.5,,0.0,,,2,2.0,,,,1.0,,0,0,,2.0
40592,Adrian Benedyczak,Parma,F,Parma vs Udinese,11,6.9,,0.0,1.0,,9,8.0,,1.0,,,,0,0,3.0,4.0
40592,Adrian Benedyczak,Parma,F,Pisa vs Parma,75,7,1.0,0.0,2.0,2.0,13,11.0,,1.0,,1.0,2.0,1,0,3.0,7.0
40592,Adrian Benedyczak,Parma,F,Parma vs Lazio,76,6.7,,0.0,1.0,,9,8.0,,,,,1.0,0,0,2.0,4.0
40592,Adrian Benedyczak,Parma,F,Parma vs Fiorentina,68,7,,0.0,,,14,10.0,,1.0,,,1.0,0,0,4.0,5.0
40592,Adrian Benedyczak,Parma,F,Lecce vs Parma,10,6.5,,0.0,,,5,5.0,,,,1.0,,0,0,1.0,4.0
40592,Adrian Benedyczak,Parma,F,Atalanta vs Parma,45,6.6,,0.0,1.0,1.0,7,7.0,,,,,,0,0,2.0,6.0
6409,Nahuel Estévez,Parma,M,Juventus vs Parma,2,,,0.0,,,2,1.0,,,,,,0,0,,
6409,Nahuel Estévez,Parma,M,Cagliari vs Parma,10,6.6,,0.0,,,6,5.0,,,,1.0,,0,0,1.0,3.0
6409,Nahuel Estévez,Parma,M,Parma vs Torino,9,6.9,,0.0,,,10,5.0,,,,,1.0,0,0,2.0,2.0
6409,Nahuel Estévez,Parma,M,Parma vs Lecce,14,6.7,,0.0,,,8,1.0,,,,1.0,,0,0,2.0,3.0
6409,Nahuel Estévez,Parma,M,Genoa vs Parma,87,6.6,,0.0,,,26,15.0,,3.0,,1.0,1.0,1,0,5.0,8.0
6409,Nahuel Estévez,Parma,M,Parma vs Como,90,7.2,,0.0,,,33,27.0,,,1.0,,1.0,0,0,4.0,9.0
6409,Nahuel Estévez,Parma,M,AS Roma vs Parma,77,6.9,,0.0,,,27,24.0,,3.0,1.0,,1.0,0,0,5.0,7.0
6409,Nahuel Estévez,Parma,M,Parma vs Bologna,24,6.7,,0.0,,,1,1.0,,2.0,,2.0,,0,0,2.0,4.0
6409,Nahuel Estévez,Parma,M,Hellas Verona vs Parma,9,6.3,,0.0,,,1,,,,,,,0,0,,1.0
6409,Nahuel Estévez,Parma,M,Parma vs Udinese,45,6.9,,0.0,1.0,,24,13.0,,1.0,,,2.0,0,0,5.0,6.0
6409,Nahuel Estévez,Parma,M,Pisa vs Parma,90,7.2,,0.0,,,34,28.0,,1.0,,,,0,0,4.0,6.0
6409,Nahuel Estévez,Parma,M,Parma vs Lazio,90,7.3,,0.0,2.0,1.0,53,45.0,,,,1.0,1.0,1,0,5.0,9.0
6409,Nahuel Estévez,Parma,M,Parma vs Fiorentina,22,6.9,,0.0,,,8,7.0,,,,,1.0,0,0,2.0,2.0
6409,Nahuel Estévez,Parma,M,Sassuolo vs Parma,20,7,,0.0,,,16,15.0,,,,,1.0,0,0,1.0,2.0
6409,Nahuel Estévez,Parma,M,Parma vs Inter,15,6.9,,0.0,,,14,12.0,,1.0,1.0,,1.0,0,0,2.0,2.0
6409,Nahuel Estévez,Parma,M,Lecce vs Parma,27,6.6,,0.0,,,17,11.0,,2.0,,,,0,0,4.0,7.0
6409,Nahuel Estévez,Parma,M,Napoli vs Parma,90,6.9,,0.0,,,50,38.0,,,2.0,,,0,0,2.0,4.0
6409,Nahuel Estévez,Parma,M,Parma vs Genoa,90,6.7,,0.0,,,51,44.0,,1.0,,1.0,,0,0,2.0,9.0
6409,Nahuel Estévez,Parma,M,Atalanta vs Parma,45,6.5,,0.0,,,29,22.0,,,,,,0,0,1.0,3.0
6409,Nahuel Estévez,Parma,M,Parma vs Juventus,16,6.6,,0.0,,,16,12.0,,,,1.0,,0,0,1.0,2.0
6409,Nahuel Estévez,Parma,M,Parma vs Cagliari,22,7,,,,,22,20.0,,,,,1.0,0,0,2.0,2.0
31692,Milan Đurić,Parma,F,Juventus vs Parma,2,,,0.0,1.0,,0,,,,,,,0,0,1.0,1.0
31692,Milan Đurić,Parma,F,Cagliari vs Parma,13,6.5,,0.0,,,3,2.0,,,,,,0,0,1.0,3.0
31692,Milan Đurić,Parma,F,Cremonese vs Parma,9,6.3,,0.0,,,1,1.0,,,,,,0,0,,
31692,Milan Đurić,Parma,F,Parma vs Lecce,14,6.9,,0.0,,,5,,,,,1.0,,0,0,4.0,6.0
31692,Milan Đurić,Parma,F,Genoa vs Parma,11,6.5,,0.0,,,1,,,,,,,0,0,,1.0
31692,Milan Đurić,Parma,F,AS Roma vs Parma,13,6.7,,0.0,,,2,,,,,,1.0,0,0,2.0,2.0
31692,Milan Đurić,Parma,F,Parma vs Bologna,12,6.7,,0.0,,,5,1.0,,,,,,1,0,2.0,2.0
31692,Milan Đurić,Parma,F,Parma vs Lazio,10,6.7,,0.0,1.0,,1,1.0,,,,,,0,0,1.0,1.0
31692,Milan Đurić,Parma,F,Parma vs Genoa,14,6.9,,0.0,1.0,,5,2.0,,,,,,0,0,4.0,5.0
31692,Milan Đurić,Parma,F,Cremonese vs Inter,23,6.9,,0.0,1.0,1.0,12,7.0,,,,,1.0,0,0,5.0,7.0
31692,Milan Đurić,Parma,F,Atalanta vs Cremonese,45,6.7,,0.0,1.0,1.0,17,5.0,,,,,,0,0,10.0,12.0
31692,Milan Đurić,Parma,F,Cremonese vs Genoa,73,7.9,,0.0,3.0,1.0,22,13.0,,1.0,,,1.0,0,0,10.0,11.0
31692,Milan Đurić,Parma,F,AS Roma vs Cremonese,16,6.3,,0.0,,,8,5.0,,,,,,0,0,3.0,7.0
30417,Marco Carnesecchi,Atalanta,G,Atalanta vs Pisa,90,6.9,,0.0,,,28,21.0,,,,,,0,0,1.0,1.0
30417,Marco Carnesecchi,Atalanta,G,Parma vs Atalanta,90,7.2,,0.0,,,36,26.0,,,,,,0,0,,
30417,Marco Carnesecchi,Atalanta,G,Atalanta vs Lecce,90,6.7,,0.0,,,22,17.0,,,,,,0,0,,
30417,Marco Carnesecchi,Atalanta,G,Torino vs Atalanta,90,9.2,,0.0,,,52,34.0,,,,,,0,0,2.0,2.0
30417,Marco Carnesecchi,Atalanta,G,Juventus vs Atalanta,90,8.3,,0.0,,,28,16.0,,,,,,0,0,1.0,1.0
30417,Marco Carnesecchi,Atalanta,G,Atalanta vs Como,90,6.9,,0.0,,,39,31.0,,,,,1.0,0,0,2.0,2.0
30417,Marco Carnesecchi,Atalanta,G,Atalanta vs Lazio,90,7.3,,0.0,,,31,23.0,,,,,,0,0,1.0,1.0
30417,Marco Carnesecchi,Atalanta,G,Cremonese vs Atalanta,90,7.3,,0.0,,,32,25.0,,,,,,0,0,,
30417,Marco Carnesecchi,Atalanta,G,Atalanta vs AC Milan,90,6.7,,0.0,,,22,16.0,,,,,,0,0,1.0,1.0
30417,Marco Carnesecchi,Atalanta,G,Udinese vs Atalanta,90,7,,0.0,,,29,26.0,,,,,1.0,0,0,2.0,2.0
30417,Marco Carnesecchi,Atalanta,G,Atalanta vs Sassuolo,90,5.6,,0.0,,,34,27.0,,,,1.0,,0,0,,1.0
30417,Marco Carnesecchi,Atalanta,G,Napoli vs Atalanta,90,6.2,,0.0,,,34,21.0,,,,,,0,0,,
30417,Marco Carnesecchi,Atalanta,G,Atalanta vs Fiorentina,90,7.9,,0.0,,,35,23.0,,,,,,0,0,,
30417,Marco Carnesecchi,Atalanta,G,Hellas Verona vs Atalanta,90,6.2,,0.0,,,40,27.0,,,,,,0,0,,
30417,Marco Carnesecchi,Atalanta,G,Atalanta vs Cagliari,90,6.2,,0.0,,,35,23.0,,,,,,0,0,,
30417,Marco Carnesecchi,Atalanta,G,Genoa vs Atalanta,90,7.2,,0.0,,,11,7.0,,,,,1.0,0,0,1.0,1.0
30417,Marco Carnesecchi,Atalanta,G,Atalanta vs Inter,90,7.7,,0.0,,,34,24.0,,,,,1.0,0,0,1.0,1.0
30417,Marco Carnesecchi,Atalanta,G,Atalanta vs AS Roma,90,8,,0.0,,,28,15.0,,,,,1.0,0,0,1.0,1.0
30417,Marco Carnesecchi,Atalanta,G,Bologna vs Atalanta,90,7.2,,0.0,,,36,16.0,,,,,,0,0,1.0,1.0
30417,Marco Carnesecchi,Atalanta,G,Atalanta vs Torino,90,7.5,,0.0,,,30,20.0,,,,,,0,0,,
30417,Marco Carnesecchi,Atalanta,G,Pisa vs Atalanta,90,8.2,,0.0,,,19,12.0,,,,,,0,0,,
30417,Marco Carnesecchi,Atalanta,G,Atalanta vs Parma,90,8.3,,0.0,,,32,21.0,,,,,,0,0,,
30417,Marco Carnesecchi,Atalanta,G,Como vs Atalanta,90,9.9,,0.0,,,29,9.0,,,,,,0,0,,
30417,Marco Carnesecchi,Atalanta,G,Atalanta vs Cremonese,90,6.9,,0.0,,,27,16.0,,,,,,0,0,1.0,1.0
30417,Marco Carnesecchi,Atalanta,G,Lazio vs Atalanta,90,9.9,,0.0,,,47,37.0,,,,,,0,0,,
30417,Marco Carnesecchi,Atalanta,G,Atalanta vs Napoli,90,6.9,,0.0,,,33,17.0,,,,,,0,0,,
289761,Giorgio Scalvini,Atalanta,D,Atalanta vs Pisa,88,6.2,,0.0,1.0,,59,52.0,,1.0,,3.0,1.0,0,0,4.0,8.0
289761,Giorgio Scalvini,Atalanta,D,Parma vs Atalanta,88,6.2,,0.0,,,58,49.0,,5.0,3.0,4.0,,0,0,6.0,15.0
289761,Giorgio Scalvini,Atalanta,D,Atalanta vs Lecce,90,7.6,1.0,0.0,1.0,1.0,70,59.0,,,3.0,1.0,,0,0,4.0,8.0
289761,Giorgio Scalvini,Atalanta,D,Atalanta vs Lazio,23,7.2,,0.0,,,22,21.0,,,,,,0,0,1.0,3.0
289761,Giorgio Scalvini,Atalanta,D,Atalanta vs AS Roma,59,8.3,1.0,0.0,1.0,1.0,24,21.0,,2.0,,,,0,0,4.0,7.0
289761,Giorgio Scalvini,Atalanta,D,Bologna vs Atalanta,68,7.3,,0.0,,,24,22.0,,3.0,2.0,1.0,,0,0,4.0,6.0
289761,Giorgio Scalvini,Atalanta,D,Atalanta vs Torino,67,7.3,,0.0,,,58,51.0,,4.0,,,,0,0,6.0,10.0
289761,Giorgio Scalvini,Atalanta,D,Pisa vs Atalanta,70,7.3,,0.0,1.0,1.0,45,41.0,,,2.0,1.0,1.0,1,0,5.0,8.0
289761,Giorgio Scalvini,Atalanta,D,Atalanta vs Parma,90,7.9,,0.0,,,60,53.0,,1.0,4.0,2.0,1.0,0,0,5.0,11.0
289761,Giorgio Scalvini,Atalanta,D,Como vs Atalanta,90,7.3,,0.0,,,15,13.0,,2.0,2.0,2.0,1.0,0,0,3.0,6.0
289761,Giorgio Scalvini,Atalanta,D,Atalanta vs Cremonese,90,7.6,,0.0,,,60,51.0,,4.0,2.0,1.0,,0,0,10.0,12.0
289761,Giorgio Scalvini,Atalanta,D,Lazio vs Atalanta,45,6.6,,0.0,1.0,1.0,51,46.0,,,,1.0,1.0,1,0,1.0,3.0
289761,Giorgio Scalvini,Atalanta,D,Atalanta vs Napoli,69,6.3,,0.0,,,53,48.0,,3.0,1.0,3.0,,0,0,5.0,17.0
137976,Isak Hien,Atalanta,D,Atalanta vs Pisa,90,6.9,,0.0,,,50,46.0,,3.0,2.0,1.0,3.0,0,0,9.0,16.0
137976,Isak Hien,Atalanta,D,Parma vs Atalanta,90,6.7,,0.0,,,46,41.0,,2.0,2.0,3.0,1.0,1,0,5.0,12.0
137976,Isak Hien,Atalanta,D,Atalanta vs Lecce,90,6.6,,0.0,1.0,,44,40.0,,1.0,2.0,2.0,,0,0,7.0,13.0
137976,Isak Hien,Atalanta,D,Torino vs Atalanta,27,7.3,,0.0,,,17,17.0,,1.0,,,1.0,0,0,4.0,5.0
137976,Isak Hien,Atalanta,D,Atalanta vs Como,90,6.9,,0.0,,,40,35.0,,1.0,,1.0,1.0,0,0,3.0,8.0
137976,Isak Hien,Atalanta,D,Atalanta vs Lazio,90,6.9,,0.0,,,63,58.0,,1.0,1.0,1.0,,1,0,2.0,7.0
137976,Isak Hien,Atalanta,D,Cremonese vs Atalanta,90,6.6,,0.0,,,61,56.0,,2.0,,2.0,,0,0,6.0,11.0
137976,Isak Hien,Atalanta,D,Atalanta vs AC Milan,90,6.3,,0.0,2.0,,53,50.0,,,,2.0,,0,0,1.0,3.0
137976,Isak Hien,Atalanta,D,Udinese vs Atalanta,90,7.3,,0.0,,,61,54.0,,4.0,,1.0,2.0,0,0,8.0,12.0
137976,Isak Hien,Atalanta,D,Atalanta vs Sassuolo,90,6.5,,0.0,,,101,93.0,,3.0,,1.0,1.0,0,0,6.0,9.0
137976,Isak Hien,Atalanta,D,Napoli vs Atalanta,90,6.2,,0.0,,,54,51.0,,2.0,,2.0,,0,0,6.0,10.0
137976,Isak Hien,Atalanta,D,Atalanta vs Fiorentina,87,7.2,,0.0,,,39,31.0,,4.0,1.0,3.0,2.0,1,0,7.0,13.0
137976,Isak Hien,Atalanta,D,Hellas Verona vs Atalanta,90,6.3,,0.0,1.0,1.0,54,47.0,,,,1.0,1.0,0,0,9.0,14.0
137976,Isak Hien,Atalanta,D,Genoa vs Atalanta,90,8.2,1.0,0.0,1.0,1.0,58,58.0,,2.0,3.0,3.0,,0,0,3.0,7.0
137976,Isak Hien,Atalanta,D,Atalanta vs Inter,90,6.9,,0.0,,,50,47.0,,2.0,3.0,,,0,0,2.0,6.0
137976,Isak Hien,Atalanta,D,Atalanta vs AS Roma,31,6.9,,0.0,,,6,5.0,,3.0,1.0,2.0,1.0,0,0,4.0,7.0
137976,Isak Hien,Atalanta,D,Bologna vs Atalanta,22,6.6,,0.0,,,5,2.0,,1.0,,1.0,,0,0,2.0,5.0
137976,Isak Hien,Atalanta,D,Atalanta vs Torino,46,6.9,,0.0,,,20,17.0,,1.0,,1.0,,0,0,1.0,4.0
137976,Isak Hien,Atalanta,D,Pisa vs Atalanta,90,7,,0.0,,,45,42.0,,1.0,,1.0,,0,0,3.0,9.0
137976,Isak Hien,Atalanta,D,Atalanta vs Parma,45,6.9,,0.0,1.0,1.0,14,13.0,,2.0,3.0,1.0,,0,0,2.0,5.0
137976,Isak Hien,Atalanta,D,Atalanta vs Napoli,90,6.6,,0.0,,,45,42.0,,1.0,2.0,1.0,1.0,0,0,4.0,9.0
30421,Berat Djimsiti,Atalanta,D,Atalanta vs Pisa,90,6.7,,0.0,1.0,,82,72.0,,2.0,1.0,1.0,,0,0,6.0,20.0
30421,Berat Djimsiti,Atalanta,D,Parma vs Atalanta,90,6.9,,0.0,,,38,29.0,,,,,,0,0,7.0,9.0
30421,Berat Djimsiti,Atalanta,D,Torino vs Atalanta,90,7.3,,0.0,,,65,59.0,,2.0,1.0,1.0,,0,0,4.0,8.0
30421,Berat Djimsiti,Atalanta,D,Juventus vs Atalanta,90,6.7,,0.0,1.0,,25,21.0,,,2.0,1.0,,0,0,2.0,6.0
30421,Berat Djimsiti,Atalanta,D,Atalanta vs Como,90,6.3,,0.0,1.0,,56,52.0,,1.0,2.0,2.0,1.0,1,0,4.0,7.0
30421,Berat Djimsiti,Atalanta,D,Atalanta vs Lazio,90,7.5,,0.0,,,72,68.0,,1.0,,,,0,0,2.0,2.0
30421,Berat Djimsiti,Atalanta,D,Cremonese vs Atalanta,90,7.2,,0.0,,,65,55.0,,1.0,,,,0,0,7.0,9.0
30421,Berat Djimsiti,Atalanta,D,Atalanta vs AC Milan,18,7.2,,0.0,,,20,18.0,,,,,,0,0,1.0,1.0
30421,Berat Djimsiti,Atalanta,D,Udinese vs Atalanta,90,6.6,,0.0,,,71,63.0,,1.0,,,,0,0,6.0,9.0
30421,Berat Djimsiti,Atalanta,D,Atalanta vs Sassuolo,45,6.2,,0.0,,,52,48.0,,1.0,,,,0,0,1.0,1.0
30421,Berat Djimsiti,Atalanta,D,Napoli vs Atalanta,90,6.2,,0.0,1.0,,50,42.0,,1.0,1.0,,,0,0,4.0,7.0
30421,Berat Djimsiti,Atalanta,D,Atalanta vs Fiorentina,90,7,,0.0,1.0,,44,41.0,,3.0,1.0,1.0,,0,0,6.0,10.0
30421,Berat Djimsiti,Atalanta,D,Hellas Verona vs Atalanta,90,6.3,,0.0,,,67,56.0,,2.0,2.0,,,0,0,5.0,10.0
30421,Berat Djimsiti,Atalanta,D,Atalanta vs Cagliari,55,7.3,,0.0,1.0,,45,43.0,,1.0,,3.0,2.0,0,0,7.0,14.0
30421,Berat Djimsiti,Atalanta,D,Atalanta vs Inter,90,6.3,,0.0,,,61,49.0,,1.0,1.0,,1.0,0,0,7.0,10.0
30421,Berat Djimsiti,Atalanta,D,Atalanta vs AS Roma,90,8.9,,0.0,,,33,29.0,,6.0,3.0,,,0,0,8.0,10.0
30421,Berat Djimsiti,Atalanta,D,Bologna vs Atalanta,90,7.3,,0.0,,,34,27.0,,2.0,3.0,,,0,0,5.0,7.0
30421,Berat Djimsiti,Atalanta,D,Atalanta vs Torino,44,6.7,,0.0,1.0,,24,23.0,,1.0,1.0,,,0,0,1.0,4.0
30421,Berat Djimsiti,Atalanta,D,Atalanta vs Parma,45,6.9,,0.0,,,36,34.0,,,1.0,,,0,0,,
30421,Berat Djimsiti,Atalanta,D,Como vs Atalanta,90,7.3,,0.0,,,18,13.0,,2.0,,1.0,,0,0,5.0,8.0
30421,Berat Djimsiti,Atalanta,D,Atalanta vs Cremonese,90,6.3,,0.0,1.0,1.0,52,47.0,,,,,,0,0,5.0,11.0
30421,Berat Djimsiti,Atalanta,D,Lazio vs Atalanta,90,7.2,,0.0,,,63,61.0,,1.0,,2.0,,1,0,1.0,3.0
30421,Berat Djimsiti,Atalanta,D,Atalanta vs Napoli,21,6.9,,0.0,,,11,10.0,,1.0,,,,0,0,2.0,2.0
91422,Raoul Bellanova,Atalanta,M,Atalanta vs Pisa,90,6.9,,0.0,2.0,1.0,34,29.0,,2.0,,,1.0,0,0,5.0,6.0
91422,Raoul Bellanova,Atalanta,M,Parma vs Atalanta,90,7,,0.0,,,26,23.0,,2.0,,,1.0,0,0,4.0,5.0
91422,Raoul Bellanova,Atalanta,M,Atalanta vs Lecce,90,6.9,,0.0,1.0,1.0,35,32.0,,,,1.0,,0,0,2.0,4.0
91422,Raoul Bellanova,Atalanta,M,Torino vs Atalanta,80,6.6,,0.0,1.0,,34,31.0,,1.0,,,1.0,0,0,2.0,2.0
91422,Raoul Bellanova,Atalanta,M,Juventus vs Atalanta,90,7.3,,0.0,,,22,19.0,,2.0,,,1.0,0,0,3.0,4.0
91422,Raoul Bellanova,Atalanta,M,Cremonese vs Atalanta,90,6.9,,0.0,,,44,39.0,,,,,1.0,0,0,3.0,8.0
91422,Raoul Bellanova,Atalanta,M,Atalanta vs AC Milan,19,6.6,,0.0,,,11,11.0,,,1.0,,,0,0,,
91422,Raoul Bellanova,Atalanta,M,Udinese vs Atalanta,13,6.3,,0.0,,,7,5.0,,,1.0,,,0,0,,3.0
91422,Raoul Bellanova,Atalanta,M,Atalanta vs Sassuolo,90,6.6,,0.0,,,47,45.0,,3.0,,,,0,0,3.0,4.0
91422,Raoul Bellanova,Atalanta,M,Napoli vs Atalanta,90,6.9,,1.0,1.0,,32,30.0,,2.0,2.0,,1.0,0,0,3.0,4.0
91422,Raoul Bellanova,Atalanta,M,Atalanta vs Fiorentina,90,6.6,,0.0,,,32,28.0,,1.0,1.0,,,0,0,3.0,3.0
91422,Raoul Bellanova,Atalanta,M,Hellas Verona vs Atalanta,90,6.2,,0.0,,,26,22.0,,,1.0,,,0,0,,3.0
91422,Raoul Bellanova,Atalanta,M,Como vs Atalanta,41,6.6,,0.0,,,6,3.0,,,1.0,,2.0,1,0,3.0,7.0
91422,Raoul Bellanova,Atalanta,M,Atalanta vs Cremonese,31,6.5,,0.0,,,12,11.0,,,,,,0,0,1.0,2.0
91422,Raoul Bellanova,Atalanta,M,Lazio vs Atalanta,13,6.9,,0.0,,,7,5.0,,,,,1.0,0,0,1.0,1.0
91422,Raoul Bellanova,Atalanta,M,Atalanta vs Napoli,57,6.9,,0.0,2.0,2.0,38,35.0,,2.0,,,,0,0,3.0,5.0
30432,Marten de Roon,Atalanta,M,Atalanta vs Pisa,90,7.3,,0.0,1.0,,79,70.0,,,1.0,1.0,,0,0,1.0,5.0
30432,Marten de Roon,Atalanta,M,Parma vs Atalanta,90,7.5,,0.0,1.0,,61,54.0,,7.0,,1.0,,1,0,7.0,10.0
30432,Marten de Roon,Atalanta,M,Atalanta vs Lecce,76,7.2,,0.0,1.0,1.0,35,26.0,,2.0,,1.0,1.0,0,0,4.0,6.0
30432,Marten de Roon,Atalanta,M,Torino vs Atalanta,87,7.7,,0.0,,,86,80.0,,3.0,,,,0,0,3.0,6.0
30432,Marten de Roon,Atalanta,M,Juventus vs Atalanta,80,6,,0.0,,,42,36.0,,1.0,,2.0,,2,1,1.0,5.0
30432,Marten de Roon,Atalanta,M,Atalanta vs Lazio,23,7.2,,0.0,1.0,1.0,31,30.0,,,,,,0,0,,
30432,Marten de Roon,Atalanta,M,Cremonese vs Atalanta,82,7.2,,0.0,1.0,,43,41.0,,,,,,0,0,3.0,4.0
30432,Marten de Roon,Atalanta,M,Atalanta vs AC Milan,20,6.6,,0.0,1.0,,23,20.0,,1.0,,,,0,0,1.0,1.0
30432,Marten de Roon,Atalanta,M,Napoli vs Atalanta,90,6.9,,0.0,,,75,66.0,,5.0,,2.0,1.0,1,0,7.0,11.0
30432,Marten de Roon,Atalanta,M,Atalanta vs Fiorentina,90,6.6,,0.0,1.0,1.0,51,43.0,,,1.0,2.0,,0,0,,3.0
30432,Marten de Roon,Atalanta,M,Hellas Verona vs Atalanta,90,6.5,,0.0,,,62,53.0,,4.0,4.0,2.0,1.0,1,0,6.0,13.0
30432,Marten de Roon,Atalanta,M,Atalanta vs Cagliari,90,7.2,,0.0,,,76,65.0,,4.0,,,1.0,0,0,5.0,8.0
30432,Marten de Roon,Atalanta,M,Genoa vs Atalanta,90,7.3,,0.0,,,97,87.0,,6.0,2.0,1.0,2.0,0,0,11.0,15.0
30432,Marten de Roon,Atalanta,M,Atalanta vs Inter,90,6.3,,0.0,,,50,47.0,,1.0,2.0,2.0,,0,0,1.0,8.0
30432,Marten de Roon,Atalanta,M,Atalanta vs AS Roma,90,7.7,,0.0,,,44,36.0,,3.0,,1.0,1.0,1,0,5.0,6.0
30432,Marten de Roon,Atalanta,M,Bologna vs Atalanta,90,6.9,,1.0,,,39,28.0,,1.0,,1.0,,0,0,1.0,4.0
30432,Marten de Roon,Atalanta,M,Atalanta vs Torino,90,7.3,,0.0,,,66,55.0,,4.0,2.0,2.0,,0,0,7.0,13.0
30432,Marten de Roon,Atalanta,M,Pisa vs Atalanta,90,7.2,,0.0,,,60,49.0,,4.0,,1.0,,0,0,4.0,6.0
30432,Marten de Roon,Atalanta,M,Atalanta vs Parma,79,8.2,1.0,0.0,1.0,1.0,53,46.0,,,1.0,1.0,,0,0,2.0,4.0
30432,Marten de Roon,Atalanta,M,Como vs Atalanta,90,6.9,,0.0,,,28,17.0,,4.0,,3.0,1.0,1,0,5.0,8.0
30432,Marten de Roon,Atalanta,M,Lazio vs Atalanta,90,6.9,,0.0,1.0,,50,44.0,,1.0,,2.0,,0,0,2.0,5.0
30432,Marten de Roon,Atalanta,M,Atalanta vs Napoli,90,7.5,,0.0,1.0,,69,59.0,,4.0,2.0,,1.0,0,0,6.0,12.0
2763,Mario Pašalić,Atalanta,M,Atalanta vs Pisa,71,7.3,,1.0,,,50,48.0,,1.0,,,,0,0,2.0,7.0
2763,Mario Pašalić,Atalanta,M,Parma vs Atalanta,90,8.3,1.0,0.0,3.0,2.0,49,40.0,,2.0,,2.0,,0,0,8.0,11.0
2763,Mario Pašalić,Atalanta,M,Atalanta vs Lecce,59,7.5,,0.0,1.0,1.0,39,34.0,,1.0,,,1.0,0,0,2.0,6.0
2763,Mario Pašalić,Atalanta,M,Torino vs Atalanta,90,7.7,,0.0,,,83,73.0,,2.0,1.0,1.0,1.0,0,0,5.0,7.0
2763,Mario Pašalić,Atalanta,M,Juventus vs Atalanta,90,6.2,,0.0,2.0,1.0,32,26.0,,,2.0,1.0,,0,0,1.0,6.0
2763,Mario Pašalić,Atalanta,M,Atalanta vs Como,90,6.5,,0.0,,,53,47.0,,3.0,,1.0,,0,0,5.0,11.0
2763,Mario Pašalić,Atalanta,M,Atalanta vs Lazio,67,7,,0.0,1.0,,64,61.0,,1.0,,,,1,0,2.0,2.0
2763,Mario Pašalić,Atalanta,M,Cremonese vs Atalanta,82,6.9,,0.0,,,63,55.0,,1.0,,,,0,0,2.0,4.0
2763,Mario Pašalić,Atalanta,M,Atalanta vs AC Milan,82,7.2,,1.0,,,50,47.0,,1.0,1.0,1.0,1.0,0,0,4.0,8.0
2763,Mario Pašalić,Atalanta,M,Udinese vs Atalanta,90,6.9,,0.0,,,70,60.0,,2.0,1.0,,,0,0,3.0,6.0
2763,Mario Pašalić,Atalanta,M,Atalanta vs Sassuolo,90,6.9,,0.0,1.0,,102,93.0,,2.0,,3.0,,0,0,4.0,8.0
2763,Mario Pašalić,Atalanta,M,Napoli vs Atalanta,45,6.2,,0.0,1.0,,16,14.0,,2.0,,1.0,,0,0,2.0,7.0
2763,Mario Pašalić,Atalanta,M,Atalanta vs Fiorentina,23,6.5,,0.0,,,7,6.0,,,,1.0,,0,0,,2.0
2763,Mario Pašalić,Atalanta,M,Hellas Verona vs Atalanta,29,7,,0.0,,,22,21.0,,,1.0,,,0,0,1.0,2.0
2763,Mario Pašalić,Atalanta,M,Atalanta vs Cagliari,11,6.3,,0.0,,,6,5.0,,,1.0,,,0,0,1.0,3.0
2763,Mario Pašalić,Atalanta,M,Atalanta vs Inter,58,6.3,,0.0,,,15,13.0,,1.0,1.0,2.0,,0,0,1.0,3.0
2763,Mario Pašalić,Atalanta,M,Atalanta vs Torino,11,7.9,1.0,0.0,1.0,1.0,5,5.0,,1.0,,1.0,,0,0,1.0,2.0
2763,Mario Pašalić,Atalanta,M,Pisa vs Atalanta,56,6.3,,0.0,,,35,31.0,,,,2.0,,1,0,1.0,4.0
2763,Mario Pašalić,Atalanta,M,Atalanta vs Parma,18,6.9,,0.0,,,10,9.0,,1.0,,1.0,,0,0,1.0,3.0
2763,Mario Pašalić,Atalanta,M,Atalanta vs Cremonese,90,7.2,,1.0,2.0,,63,50.0,,1.0,,1.0,,0,0,3.0,5.0
2763,Mario Pašalić,Atalanta,M,Atalanta vs Napoli,90,7.9,1.0,0.0,2.0,1.0,71,62.0,,,2.0,1.0,,0,0,3.0,3.0
203474,Nicola Zalewski,Atalanta,M,Atalanta vs Pisa,90,8,,0.0,1.0,,36,25.0,,1.0,1.0,,1.0,0,0,5.0,10.0
203474,Nicola Zalewski,Atalanta,M,Parma vs Atalanta,65,7.2,,0.0,,,16,8.0,,1.0,,,1.0,0,0,8.0,9.0
203474,Nicola Zalewski,Atalanta,M,Atalanta vs Lecce,85,7.7,1.0,1.0,2.0,1.0,20,16.0,,1.0,,1.0,1.0,0,0,2.0,7.0
203474,Nicola Zalewski,Atalanta,M,Torino vs Atalanta,10,6.7,,0.0,,,1,1.0,,1.0,,,2.0,0,0,3.0,7.0
203474,Nicola Zalewski,Atalanta,M,Cremonese vs Atalanta,90,6.9,,0.0,1.0,,42,32.0,,2.0,,,2.0,0,0,6.0,7.0
203474,Nicola Zalewski,Atalanta,M,Udinese vs Atalanta,77,6.9,,0.0,,,33,26.0,,3.0,2.0,1.0,3.0,0,0,8.0,11.0
203474,Nicola Zalewski,Atalanta,M,Atalanta vs Sassuolo,11,6.3,,0.0,1.0,,2,2.0,,,,,,0,0,,
203474,Nicola Zalewski,Atalanta,M,Napoli vs Atalanta,28,6.9,,0.0,1.0,,12,8.0,,,,,,0,0,1.0,1.0
203474,Nicola Zalewski,Atalanta,M,Atalanta vs Fiorentina,23,6.9,,0.0,,,9,8.0,,1.0,1.0,1.0,1.0,0,0,3.0,5.0
203474,Nicola Zalewski,Atalanta,M,Hellas Verona vs Atalanta,29,6.6,,0.0,,,14,8.0,,1.0,,,1.0,0,0,4.0,4.0
203474,Nicola Zalewski,Atalanta,M,Atalanta vs Cagliari,24,6.7,,0.0,2.0,2.0,4,4.0,,1.0,1.0,,,0,0,1.0,1.0
203474,Nicola Zalewski,Atalanta,M,Genoa vs Atalanta,21,7.3,,1.0,1.0,1.0,11,11.0,,,,1.0,,1,0,,1.0
203474,Nicola Zalewski,Atalanta,M,Atalanta vs Inter,65,6.6,,0.0,,,13,6.0,,,,1.0,2.0,0,0,4.0,7.0
203474,Nicola Zalewski,Atalanta,M,Atalanta vs AS Roma,60,6.6,,0.0,1.0,,15,9.0,,1.0,2.0,1.0,5.0,0,0,9.0,17.0
203474,Nicola Zalewski,Atalanta,M,Bologna vs Atalanta,68,6.9,,0.0,,,22,18.0,,2.0,,,1.0,0,0,4.0,6.0
203474,Nicola Zalewski,Atalanta,M,Atalanta vs Torino,79,7.9,,0.0,2.0,1.0,33,27.0,,,,1.0,6.0,0,0,9.0,14.0
203474,Nicola Zalewski,Atalanta,M,Pisa vs Atalanta,81,6.5,,0.0,1.0,,29,23.0,,1.0,,2.0,2.0,0,0,4.0,12.0
203474,Nicola Zalewski,Atalanta,M,Atalanta vs Parma,61,7.3,,0.0,,,25,21.0,,,1.0,,2.0,0,0,4.0,7.0
203474,Nicola Zalewski,Atalanta,M,Como vs Atalanta,45,6.5,,0.0,,,6,4.0,,1.0,1.0,,,0,0,1.0,4.0
203474,Nicola Zalewski,Atalanta,M,Atalanta vs Cremonese,70,7.3,,0.0,2.0,,34,29.0,,,,2.0,1.0,0,0,1.0,5.0
203474,Nicola Zalewski,Atalanta,M,Lazio vs Atalanta,70,7.3,1.0,0.0,2.0,1.0,13,9.0,,,,1.0,,0,0,,3.0
203474,Nicola Zalewski,Atalanta,M,Atalanta vs Napoli,90,7.3,,1.0,,,35,31.0,,,1.0,1.0,3.0,1,0,4.0,11.0
147859,Charles De Ketelaere,Atalanta,F,Atalanta vs Pisa,84,7.5,,0.0,2.0,,41,37.0,,,,,,0,0,2.0,7.0
147859,Charles De Ketelaere,Atalanta,F,Parma vs Atalanta,90,7,,0.0,,,41,29.0,,1.0,,2.0,,0,0,4.0,9.0
147859,Charles De Ketelaere,Atalanta,F,Atalanta vs Lecce,75,10,2.0,0.0,2.0,2.0,39,32.0,,2.0,,,4.0,0,0,11.0,11.0
147859,Charles De Ketelaere,Atalanta,F,Juventus vs Atalanta,29,6.6,,0.0,,,8,6.0,,1.0,1.0,,,0,0,3.0,6.0
147859,Charles De Ketelaere,Atalanta,F,Atalanta vs Lazio,90,7.2,,0.0,1.0,,32,30.0,,2.0,,3.0,1.0,1,0,6.0,17.0
147859,Charles De Ketelaere,Atalanta,F,Cremonese vs Atalanta,58,6.3,,0.0,1.0,1.0,29,21.0,,,,,,0,0,2.0,8.0
147859,Charles De Ketelaere,Atalanta,F,Atalanta vs AC Milan,81,7,,0.0,,,26,24.0,,,,,3.0,0,0,3.0,9.0
147859,Charles De Ketelaere,Atalanta,F,Udinese vs Atalanta,13,6.5,,0.0,,,5,5.0,,,,2.0,,1,0,2.0,7.0
147859,Charles De Ketelaere,Atalanta,F,Atalanta vs Sassuolo,45,6.9,,0.0,,,35,28.0,,,,,1.0,0,0,3.0,6.0
147859,Charles De Ketelaere,Atalanta,F,Napoli vs Atalanta,77,6.7,,0.0,3.0,,34,26.0,,2.0,,,2.0,0,0,4.0,7.0
147859,Charles De Ketelaere,Atalanta,F,Atalanta vs Fiorentina,90,8.3,,1.0,4.0,4.0,35,27.0,,,,2.0,2.0,0,0,6.0,16.0
147859,Charles De Ketelaere,Atalanta,F,Hellas Verona vs Atalanta,70,6.9,,0.0,2.0,2.0,25,19.0,,1.0,,,2.0,0,0,7.0,18.0
147859,Charles De Ketelaere,Atalanta,F,Atalanta vs Cagliari,90,7.3,,0.0,1.0,1.0,39,33.0,,,,,3.0,0,0,6.0,20.0
147859,Charles De Ketelaere,Atalanta,F,Genoa vs Atalanta,90,6.5,,0.0,2.0,1.0,41,32.0,,1.0,,1.0,,0,0,3.0,12.0
147859,Charles De Ketelaere,Atalanta,F,Atalanta vs Inter,90,7.3,,0.0,,,32,26.0,,,,,1.0,0,0,6.0,17.0
147859,Charles De Ketelaere,Atalanta,F,Atalanta vs AS Roma,90,7.2,,0.0,,,51,36.0,,2.0,,1.0,3.0,0,0,10.0,19.0
147859,Charles De Ketelaere,Atalanta,F,Bologna vs Atalanta,84,7.3,,1.0,1.0,1.0,49,33.0,,,,2.0,1.0,0,0,9.0,14.0
147859,Charles De Ketelaere,Atalanta,F,Atalanta vs Torino,79,9.3,1.0,0.0,1.0,1.0,40,32.0,,2.0,,,2.0,0,0,9.0,17.0
147859,Charles De Ketelaere,Atalanta,F,Pisa vs Atalanta,90,6.9,,0.0,1.0,,33,24.0,,1.0,1.0,,,0,0,10.0,19.0
147859,Charles De Ketelaere,Atalanta,F,Atalanta vs Parma,72,8.3,,1.0,1.0,1.0,30,26.0,,1.0,,,1.0,0,0,6.0,10.0
147859,Charles De Ketelaere,Atalanta,F,Como vs Atalanta,60,5.9,,0.0,,,20,12.0,,,,3.0,,0,0,2.0,13.0
134926,Daniel Maldini,Atalanta,F,Atalanta vs Pisa,71,6.9,,0.0,3.0,1.0,19,15.0,,,,1.0,2.0,1,0,5.0,9.0
134926,Daniel Maldini,Atalanta,F,Parma vs Atalanta,64,6.5,,0.0,,,14,9.0,,,,1.0,1.0,0,0,2.0,4.0
134926,Daniel Maldini,Atalanta,F,Atalanta vs Lecce,15,6.9,,0.0,,,10,8.0,,1.0,,,,0,0,3.0,5.0
134926,Daniel Maldini,Atalanta,F,Torino vs Atalanta,8,6.3,,0.0,,,1,1.0,,,,,,0,0,,
134926,Daniel Maldini,Atalanta,F,Atalanta vs Como,16,6.9,,0.0,2.0,1.0,9,7.0,,,,,1.0,0,0,4.0,5.0
134926,Daniel Maldini,Atalanta,F,Atalanta vs Lazio,8,6.2,,0.0,,,5,2.0,,,,,,0,0,,1.0
134926,Daniel Maldini,Atalanta,F,Napoli vs Atalanta,8,6.6,,0.0,,,8,7.0,,1.0,,,,0,0,2.0,2.0
134926,Daniel Maldini,Atalanta,F,Genoa vs Atalanta,57,7.2,,0.0,1.0,,23,20.0,,1.0,,2.0,3.0,0,0,5.0,8.0
134926,Daniel Maldini,Atalanta,F,Atalanta vs AS Roma,18,6.6,,0.0,,,8,5.0,,,,,,0,0,1.0,3.0
134926,Daniel Maldini,Atalanta,F,Lazio vs Genoa,73,6.2,,0.0,1.0,,31,25.0,,,,,2.0,0,0,2.0,5.0
134926,Daniel Maldini,Atalanta,F,Juventus vs Lazio,90,6.7,,1.0,,,21,16.0,,4.0,,2.0,2.0,0,0,9.0,25.0
134926,Daniel Maldini,Atalanta,F,Lazio vs Atalanta,90,7,,0.0,3.0,1.0,37,29.0,,2.0,2.0,4.0,4.0,0,0,6.0,9.0
134926,Daniel Maldini,Atalanta,F,Cagliari vs Lazio,72,6.7,,0.0,,,21,17.0,,,1.0,1.0,3.0,0,0,4.0,8.0
30544,Gianluca Scamacca,Atalanta,F,Atalanta vs Pisa,72,7.9,1.0,0.0,7.0,4.0,20,14.0,,1.0,,,2.0,0,0,11.0,16.0
30544,Gianluca Scamacca,Atalanta,F,Parma vs Atalanta,64,6.2,,0.0,1.0,,21,17.0,,,1.0,1.0,,0,0,,4.0
30544,Gianluca Scamacca,Atalanta,F,Cremonese vs Atalanta,32,6,,0.0,3.0,1.0,13,10.0,,,,1.0,1.0,1,0,1.0,2.0
30544,Gianluca Scamacca,Atalanta,F,Udinese vs Atalanta,59,6.2,,0.0,,,9,6.0,,,,,3.0,0,0,3.0,7.0
30544,Gianluca Scamacca,Atalanta,F,Atalanta vs Sassuolo,32,6.5,,0.0,3.0,,10,5.0,,,,1.0,,0,0,2.0,4.0
30544,Gianluca Scamacca,Atalanta,F,Napoli vs Atalanta,45,7.6,1.0,0.0,3.0,2.0,15,12.0,,,,,1.0,0,0,2.0,2.0
30544,Gianluca Scamacca,Atalanta,F,Atalanta vs Fiorentina,77,6.9,,0.0,3.0,1.0,26,20.0,,1.0,,1.0,2.0,0,0,6.0,9.0
30544,Gianluca Scamacca,Atalanta,F,Hellas Verona vs Atalanta,45,6.7,1.0,0.0,1.0,1.0,5,3.0,,,,1.0,,0,0,,4.0
30544,Gianluca Scamacca,Atalanta,F,Atalanta vs Cagliari,90,8.3,2.0,0.0,3.0,3.0,31,19.0,,1.0,,1.0,1.0,0,0,6.0,9.0
30544,Gianluca Scamacca,Atalanta,F,Genoa vs Atalanta,90,5.3,,0.0,3.0,,8,5.0,,,1.0,3.0,,0,0,,6.0
30544,Gianluca Scamacca,Atalanta,F,Atalanta vs Inter,90,6.5,,0.0,,,19,14.0,,,,,1.0,0,0,3.0,6.0
30544,Gianluca Scamacca,Atalanta,F,Atalanta vs AS Roma,72,5.9,,0.0,1.0,,17,13.0,,,,4.0,,0,0,3.0,13.0
30544,Gianluca Scamacca,Atalanta,F,Atalanta vs Torino,23,6.7,,1.0,,,7,5.0,,,1.0,3.0,,0,0,,4.0
30544,Gianluca Scamacca,Atalanta,F,Pisa vs Atalanta,56,6.2,,0.0,1.0,,8,4.0,,1.0,,1.0,2.0,0,0,3.0,4.0
30544,Gianluca Scamacca,Atalanta,F,Atalanta vs Parma,61,6.3,1.0,0.0,3.0,2.0,14,12.0,,1.0,,2.0,,1,0,3.0,8.0
30544,Gianluca Scamacca,Atalanta,F,Como vs Atalanta,18,6.5,,0.0,1.0,1.0,2,1.0,,,,,,0,0,,1.0
30544,Gianluca Scamacca,Atalanta,F,Atalanta vs Napoli,33,6.9,,0.0,1.0,1.0,8,7.0,,,,,1.0,0,0,4.0,5.0
10097,Éderson,Atalanta,M,Atalanta vs Pisa,19,6.7,,0.0,,,20,17.0,,,,1.0,,0,0,1.0,3.0
10097,Éderson,Atalanta,M,Atalanta vs Como,74,7.2,,0.0,1.0,1.0,42,37.0,,3.0,,1.0,2.0,0,0,5.0,10.0
10097,Éderson,Atalanta,M,Atalanta vs Lazio,90,7,,0.0,1.0,1.0,70,65.0,,2.0,1.0,2.0,2.0,0,0,4.0,7.0
10097,Éderson,Atalanta,M,Cremonese vs Atalanta,90,6.3,,0.0,1.0,,58,50.0,,2.0,,,1.0,0,0,4.0,8.0
10097,Éderson,Atalanta,M,Atalanta vs AC Milan,90,6.9,,0.0,1.0,1.0,66,62.0,,2.0,1.0,1.0,1.0,0,0,4.0,6.0
10097,Éderson,Atalanta,M,Udinese vs Atalanta,90,6.3,,0.0,,,60,54.0,,1.0,,2.0,,1,0,3.0,9.0
10097,Éderson,Atalanta,M,Atalanta vs Sassuolo,45,6.9,,0.0,,,41,39.0,,1.0,,,1.0,0,0,3.0,5.0
10097,Éderson,Atalanta,M,Napoli vs Atalanta,90,6.9,,0.0,,,77,70.0,,4.0,2.0,2.0,3.0,0,0,7.0,15.0
10097,Éderson,Atalanta,M,Atalanta vs Fiorentina,67,6.6,,0.0,,,44,41.0,,1.0,,,2.0,0,0,3.0,5.0
10097,Éderson,Atalanta,M,Hellas Verona vs Atalanta,61,6.9,,0.0,1.0,,35,30.0,,2.0,,2.0,1.0,0,0,5.0,10.0
10097,Éderson,Atalanta,M,Atalanta vs Cagliari,66,7.5,,0.0,,,69,61.0,,3.0,2.0,,2.0,0,0,6.0,9.0
10097,Éderson,Atalanta,M,Genoa vs Atalanta,82,6.5,,0.0,2.0,1.0,59,56.0,,2.0,1.0,5.0,,0,0,2.0,12.0
10097,Éderson,Atalanta,M,Atalanta vs Inter,90,7.2,,0.0,2.0,,47,43.0,,4.0,3.0,,2.0,0,0,8.0,10.0
10097,Éderson,Atalanta,M,Atalanta vs AS Roma,72,6.9,,0.0,,,43,34.0,,2.0,,1.0,3.0,0,0,7.0,10.0
10097,Éderson,Atalanta,M,Bologna vs Atalanta,77,6.3,,0.0,1.0,,22,17.0,,,,1.0,1.0,0,0,4.0,10.0
10097,Éderson,Atalanta,M,Atalanta vs Torino,90,7.2,,0.0,,,52,48.0,,1.0,2.0,1.0,2.0,0,0,3.0,6.0
10097,Éderson,Atalanta,M,Pisa vs Atalanta,34,6.7,,0.0,,,19,14.0,,,,,,0,0,,3.0
10097,Éderson,Atalanta,M,Atalanta vs Parma,90,7,,0.0,1.0,,41,36.0,,2.0,2.0,4.0,1.0,0,0,5.0,12.0
10097,Éderson,Atalanta,M,Como vs Atalanta,90,7.5,,0.0,1.0,,18,12.0,,6.0,3.0,2.0,,0,0,8.0,13.0
10097,Éderson,Atalanta,M,Atalanta vs Cremonese,90,7,,0.0,1.0,1.0,53,44.0,,3.0,2.0,,,0,0,7.0,15.0
10097,Éderson,Atalanta,M,Lazio vs Atalanta,90,7.7,1.0,0.0,1.0,1.0,40,38.0,,1.0,,,1.0,0,0,3.0,7.0
199837,Kamaldeen Sulemana,Atalanta,F,Atalanta vs Pisa,19,7.3,,0.0,,,14,13.0,,1.0,,1.0,,1,0,5.0,7.0
199837,Kamaldeen Sulemana,Atalanta,F,Parma vs Atalanta,26,6.9,,0.0,,,2,1.0,,2.0,,,1.0,0,0,4.0,6.0
199837,Kamaldeen Sulemana,Atalanta,F,Atalanta vs Lecce,75,6.9,,0.0,,,25,21.0,,1.0,,1.0,,0,0,2.0,8.0
199837,Kamaldeen Sulemana,Atalanta,F,Torino vs Atalanta,87,7.6,1.0,1.0,3.0,2.0,32,27.0,,,,,1.0,0,0,2.0,5.0
199837,Kamaldeen Sulemana,Atalanta,F,Juventus vs Atalanta,61,7.7,1.0,0.0,1.0,1.0,9,5.0,,,,,1.0,0,0,3.0,7.0
199837,Kamaldeen Sulemana,Atalanta,F,Atalanta vs Como,74,6.9,,0.0,1.0,1.0,20,19.0,,,,2.0,1.0,0,0,2.0,7.0
199837,Kamaldeen Sulemana,Atalanta,F,Atalanta vs Lazio,67,6.2,,0.0,1.0,,23,21.0,,,,1.0,1.0,1,0,4.0,13.0
199837,Kamaldeen Sulemana,Atalanta,F,Cremonese vs Atalanta,8,6.5,,0.0,,,5,4.0,,1.0,,1.0,,0,0,2.0,6.0
199837,Kamaldeen Sulemana,Atalanta,F,Udinese vs Atalanta,59,6.3,,0.0,,,17,14.0,,,,,2.0,0,0,2.0,8.0
199837,Kamaldeen Sulemana,Atalanta,F,Atalanta vs Sassuolo,12,6.7,,0.0,,,4,3.0,,,,,1.0,0,0,2.0,2.0
199837,Kamaldeen Sulemana,Atalanta,F,Atalanta vs Fiorentina,13,6.6,,0.0,,,5,3.0,,,,,,0,0,2.0,3.0
199837,Kamaldeen Sulemana,Atalanta,F,Genoa vs Atalanta,21,6.2,,0.0,,,10,8.0,,,,,,0,0,1.0,4.0
199837,Kamaldeen Sulemana,Atalanta,F,Atalanta vs Inter,32,6.2,,0.0,,,7,5.0,,,,2.0,,1,0,1.0,4.0
199837,Kamaldeen Sulemana,Atalanta,F,Bologna vs Atalanta,11,6.5,,0.0,,,5,5.0,,,,,,0,0,,
199837,Kamaldeen Sulemana,Atalanta,F,Pisa vs Atalanta,9,6.6,,0.0,,,3,3.0,,,,,,0,0,1.0,1.0
199837,Kamaldeen Sulemana,Atalanta,F,Como vs Atalanta,72,7.2,,0.0,1.0,1.0,7,6.0,,1.0,2.0,,2.0,0,0,6.0,8.0
199837,Kamaldeen Sulemana,Atalanta,F,Atalanta vs Cremonese,20,6.9,,0.0,2.0,1.0,8,7.0,,,,,,0,0,2.0,2.0
199837,Kamaldeen Sulemana,Atalanta,F,Lazio vs Atalanta,20,6.6,,0.0,,,7,6.0,,2.0,,,,0,0,3.0,6.0
199837,Kamaldeen Sulemana,Atalanta,F,Atalanta vs Napoli,45,6.5,,0.0,2.0,2.0,14,11.0,,,,,1.0,0,0,3.0,7.0
66817,Nikola Krstović,Atalanta,F,Atalanta vs Pisa,18,6.2,,0.0,,,11,9.0,,,,,,0,0,,1.0
66817,Nikola Krstović,Atalanta,F,Parma vs Atalanta,26,7,,1.0,2.0,1.0,10,7.0,,1.0,,,1.0,0,0,3.0,4.0
66817,Nikola Krstović,Atalanta,F,Atalanta vs Lecce,90,6.7,,2.0,6.0,1.0,20,17.0,,,,1.0,,0,0,2.0,6.0
66817,Nikola Krstović,Atalanta,F,Torino vs Atalanta,86,8.3,2.0,0.0,3.0,3.0,32,29.0,,,,,2.0,0,0,4.0,11.0
66817,Nikola Krstović,Atalanta,F,Juventus vs Atalanta,82,6.7,,0.0,4.0,,25,19.0,,1.0,1.0,,2.0,0,0,5.0,8.0
66817,Nikola Krstović,Atalanta,F,Atalanta vs Como,17,6.3,,0.0,,,2,1.0,,,,,,0,0,1.0,2.0
66817,Nikola Krstović,Atalanta,F,Atalanta vs Lazio,23,6.6,,0.0,2.0,2.0,4,3.0,,,,1.0,,0,0,,1.0
66817,Nikola Krstović,Atalanta,F,Cremonese vs Atalanta,58,5.9,,0.0,1.0,1.0,17,10.0,,,,2.0,,0,0,4.0,13.0
66817,Nikola Krstović,Atalanta,F,Udinese vs Atalanta,31,6.3,,0.0,1.0,,2,1.0,,,,1.0,,1,0,,1.0
66817,Nikola Krstović,Atalanta,F,Atalanta vs Sassuolo,58,6.3,,0.0,1.0,,12,10.0,,,,2.0,,0,0,2.0,6.0
66817,Nikola Krstović,Atalanta,F,Atalanta vs Fiorentina,13,6.3,,0.0,1.0,,2,2.0,,,,,,0,0,,2.0
66817,Nikola Krstović,Atalanta,F,Hellas Verona vs Atalanta,45,6.7,,0.0,1.0,1.0,11,11.0,,,1.0,,3.0,0,0,5.0,9.0
66817,Nikola Krstović,Atalanta,F,Genoa vs Atalanta,8,6.5,,0.0,1.0,,0,,,,,,,0,0,1.0,1.0
66817,Nikola Krstović,Atalanta,F,Atalanta vs AS Roma,18,6.3,,0.0,2.0,1.0,7,6.0,,1.0,,3.0,,0,0,4.0,8.0
66817,Nikola Krstović,Atalanta,F,Bologna vs Atalanta,77,8.7,2.0,0.0,4.0,2.0,28,16.0,,,,2.0,2.0,0,0,9.0,13.0
66817,Nikola Krstović,Atalanta,F,Atalanta vs Torino,67,6.2,,0.0,2.0,1.0,24,17.0,,1.0,,2.0,3.0,0,0,6.0,13.0
66817,Nikola Krstović,Atalanta,F,Pisa vs Atalanta,20,7.6,1.0,0.0,2.0,2.0,7,4.0,,,,1.0,3.0,0,0,4.0,7.0
66817,Nikola Krstović,Atalanta,F,Atalanta vs Parma,29,8.3,1.0,1.0,2.0,1.0,5,5.0,,,,1.0,,0,0,2.0,6.0
66817,Nikola Krstović,Atalanta,F,Como vs Atalanta,30,6.7,,0.0,1.0,,7,4.0,,1.0,,,2.0,1,0,5.0,9.0
66817,Nikola Krstović,Atalanta,F,Atalanta vs Cremonese,90,7.2,1.0,0.0,4.0,2.0,22,10.0,,,,,3.0,0,0,6.0,11.0
66817,Nikola Krstović,Atalanta,F,Lazio vs Atalanta,90,6.7,,0.0,3.0,2.0,18,14.0,,2.0,,5.0,1.0,0,0,7.0,12.0
66817,Nikola Krstović,Atalanta,F,Atalanta vs Napoli,57,6.7,,0.0,,,22,14.0,,,,,1.0,0,0,5.0,10.0
178749,Lazar Samardžić,Atalanta,M,Atalanta vs Pisa,11,6.6,,0.0,,,7,7.0,,,,,,0,0,,3.0
178749,Lazar Samardžić,Atalanta,M,Atalanta vs Lecce,15,6.6,,0.0,1.0,,13,13.0,,1.0,,,,0,0,1.0,1.0
178749,Lazar Samardžić,Atalanta,M,Torino vs Atalanta,90,7.2,,1.0,1.0,,55,48.0,,,,2.0,,0,0,7.0,13.0
178749,Lazar Samardžić,Atalanta,M,Juventus vs Atalanta,76,6.6,,0.0,1.0,,24,21.0,,,1.0,,,0,0,,5.0
178749,Lazar Samardžić,Atalanta,M,Atalanta vs Como,62,7.2,1.0,0.0,1.0,1.0,20,12.0,,1.0,,2.0,,0,0,1.0,9.0
178749,Lazar Samardžić,Atalanta,M,Cremonese vs Atalanta,32,6.2,,0.0,3.0,2.0,16,12.0,,,,1.0,,0,0,,4.0
178749,Lazar Samardžić,Atalanta,M,Atalanta vs AC Milan,9,6.9,,0.0,,,4,2.0,,,,1.0,,0,0,,1.0
178749,Lazar Samardžić,Atalanta,M,Udinese vs Atalanta,77,6.3,,0.0,,,31,27.0,,,,1.0,,0,0,,4.0
178749,Lazar Samardžić,Atalanta,M,Atalanta vs Sassuolo,90,6.9,,0.0,1.0,,61,50.0,,1.0,1.0,,1.0,0,0,4.0,12.0
178749,Lazar Samardžić,Atalanta,M,Napoli vs Atalanta,13,6.7,,0.0,,,7,5.0,,1.0,,1.0,,0,0,1.0,4.0
178749,Lazar Samardžić,Atalanta,M,Hellas Verona vs Atalanta,20,6.3,,0.0,,,8,7.0,,,,,,0,0,,1.0
178749,Lazar Samardžić,Atalanta,M,Atalanta vs Cagliari,11,6.9,,0.0,,,5,3.0,,,,,,0,0,1.0,3.0
178749,Lazar Samardžić,Atalanta,M,Genoa vs Atalanta,33,6.6,,0.0,,,19,13.0,,1.0,1.0,2.0,,1,0,3.0,7.0
178749,Lazar Samardžić,Atalanta,M,Atalanta vs Inter,15,6.9,,0.0,1.0,,10,10.0,,,,,,0,0,,1.0
178749,Lazar Samardžić,Atalanta,M,Bologna vs Atalanta,13,6.3,,0.0,,,9,7.0,,,1.0,,1.0,0,0,1.0,3.0
178749,Lazar Samardžić,Atalanta,M,Atalanta vs Torino,11,6.7,,0.0,1.0,,3,3.0,,,,,2.0,0,0,2.0,4.0
178749,Lazar Samardžić,Atalanta,M,Atalanta vs Cremonese,70,7.3,,0.0,2.0,,32,29.0,,,,2.0,3.0,0,0,5.0,12.0
178749,Lazar Samardžić,Atalanta,M,Lazio vs Atalanta,45,6.6,,0.0,,,16,15.0,,,,,,0,0,,1.0
178749,Lazar Samardžić,Atalanta,M,Atalanta vs Napoli,45,7.9,1.0,0.0,1.0,1.0,20,18.0,,2.0,2.0,1.0,,0,0,4.0,6.0
48119,Odilon Kossounou,Atalanta,D,Atalanta vs Pisa,2,,,0.0,,,2,2.0,,,,,,0,0,,
48119,Odilon Kossounou,Atalanta,D,Atalanta vs Lecce,90,6.3,,0.0,,,51,47.0,,2.0,1.0,2.0,,0,0,3.0,7.0
48119,Odilon Kossounou,Atalanta,D,Torino vs Atalanta,90,6.9,,0.0,,,69,63.0,,3.0,,1.0,,0,0,4.0,5.0
48119,Odilon Kossounou,Atalanta,D,Juventus vs Atalanta,90,6.2,,0.0,,,27,24.0,,2.0,,1.0,1.0,0,0,6.0,12.0
48119,Odilon Kossounou,Atalanta,D,Atalanta vs AC Milan,90,6.3,,0.0,,,52,51.0,,,1.0,1.0,,0,0,,2.0
48119,Odilon Kossounou,Atalanta,D,Udinese vs Atalanta,85,6.9,,0.0,,,59,57.0,,3.0,1.0,2.0,,0,0,3.0,6.0
48119,Odilon Kossounou,Atalanta,D,Atalanta vs Sassuolo,45,6.3,,0.0,,,48,46.0,,,,1.0,,0,0,1.0,3.0
48119,Odilon Kossounou,Atalanta,D,Napoli vs Atalanta,45,7.3,,0.0,,,29,25.0,,,,1.0,1.0,0,0,2.0,3.0
48119,Odilon Kossounou,Atalanta,D,Atalanta vs Fiorentina,90,8.3,1.0,0.0,2.0,1.0,47,43.0,,,2.0,,1.0,0,0,5.0,6.0
48119,Odilon Kossounou,Atalanta,D,Hellas Verona vs Atalanta,45,6.2,,0.0,,,36,29.0,,3.0,,,,0,0,4.0,7.0
48119,Odilon Kossounou,Atalanta,D,Atalanta vs Cagliari,79,6.3,,0.0,1.0,,55,51.0,,,2.0,1.0,,0,0,1.0,6.0
48119,Odilon Kossounou,Atalanta,D,Como vs Atalanta,13,6.7,,0.0,,,0,,,,,,,0,0,,2.0
48119,Odilon Kossounou,Atalanta,D,Atalanta vs Cremonese,31,6.3,,0.0,,,21,18.0,,1.0,,1.0,,1,0,2.0,11.0
48119,Odilon Kossounou,Atalanta,D,Lazio vs Atalanta,45,6.9,,0.0,,,30,28.0,,,,3.0,,0,0,,4.0
30733,Adrian Šemper,Pisa,G,Atalanta vs Pisa,90,8.3,,0.0,,,41,27.0,,,,,,0,0,1.0,1.0
30733,Adrian Šemper,Pisa,G,Pisa vs AS Roma,90,6.6,,0.0,,,33,17.0,,,,,1.0,0,0,1.0,1.0
30733,Adrian Šemper,Pisa,G,Pisa vs Udinese,90,6.5,,0.0,,,26,19.0,,,,,,0,0,,1.0
30733,Adrian Šemper,Pisa,G,Napoli vs Pisa,90,6.6,,0.0,,,22,13.0,,,,,,0,0,,
30733,Adrian Šemper,Pisa,G,Pisa vs Fiorentina,90,6.6,,0.0,,,24,13.0,,,,,,0,0,,
30733,Adrian Šemper,Pisa,G,Bologna vs Pisa,90,6.5,,0.0,,,29,14.0,,,,,,0,0,,
30733,Adrian Šemper,Pisa,G,Pisa vs Hellas Verona,90,7.5,,0.0,,,25,22.0,,,,,,0,0,1.0,1.0
30733,Adrian Šemper,Pisa,G,AC Milan vs Pisa,90,6.6,,0.0,,,20,10.0,,,,,,0,0,,
30733,Adrian Šemper,Pisa,G,Pisa vs Lazio,90,8,,0.0,,,41,26.0,,,,,,0,0,1.0,1.0
30733,Adrian Šemper,Pisa,G,Torino vs Pisa,90,6.3,,0.0,,,29,15.0,,,,,,0,0,,1.0
30733,Adrian Šemper,Pisa,G,Pisa vs Cremonese,90,7.3,,0.0,,,29,16.0,,,,,,0,0,,
30733,Adrian Šemper,Pisa,G,Sassuolo vs Pisa,90,7.7,,0.0,,,45,27.0,,,,,,0,0,,
30733,Adrian Šemper,Pisa,G,Lecce vs Pisa,90,7.3,,0.0,,,34,26.0,,,,,1.0,0,0,1.0,1.0
30733,Adrian Šemper,Pisa,G,Cagliari vs Pisa,90,6.5,,0.0,,,31,19.0,,,,,,0,0,1.0,1.0
30733,Adrian Šemper,Pisa,G,Pisa vs Juventus,90,6.9,,0.0,,,31,14.0,,,,,,0,0,3.0,3.0
30733,Adrian Šemper,Pisa,G,Genoa vs Pisa,90,8.3,,0.0,,,29,19.0,,,,,,0,0,1.0,1.0
30733,Adrian Šemper,Pisa,G,Pisa vs Como,90,6.2,,0.0,,,29,14.0,,,,,,0,0,,
485960,Daniel Denoon,Pisa,D,Atalanta vs Pisa,78,6.5,,0.0,,,19,16.0,,3.0,,2.0,1.0,0,0,4.0,8.0
485960,Daniel Denoon,Pisa,D,Pisa vs Lazio,45,6.7,,0.0,,,13,11.0,,,1.0,2.0,2.0,1,0,2.0,5.0
31604,Antonio Caracciolo,Pisa,D,Atalanta vs Pisa,90,6.3,,0.0,1.0,,23,20.0,,3.0,1.0,2.0,,0,0,4.0,12.0
31604,Antonio Caracciolo,Pisa,D,Pisa vs AS Roma,90,6.7,,0.0,,,26,20.0,,2.0,4.0,2.0,1.0,0,0,8.0,18.0
31604,Antonio Caracciolo,Pisa,D,Pisa vs Udinese,90,6.9,,0.0,1.0,,50,47.0,,2.0,1.0,3.0,3.0,1,0,6.0,11.0
31604,Antonio Caracciolo,Pisa,D,Napoli vs Pisa,90,6.9,,0.0,,,37,31.0,,2.0,1.0,1.0,1.0,1,0,4.0,8.0
31604,Antonio Caracciolo,Pisa,D,Pisa vs Fiorentina,90,6.9,,0.0,,,21,14.0,,3.0,2.0,1.0,,0,0,6.0,11.0
31604,Antonio Caracciolo,Pisa,D,Bologna vs Pisa,90,5.7,,0.0,,,26,17.0,,,2.0,2.0,,0,0,1.0,5.0
31604,Antonio Caracciolo,Pisa,D,Pisa vs Hellas Verona,90,7.2,,0.0,,,62,52.0,,,1.0,,,0,0,4.0,8.0
31604,Antonio Caracciolo,Pisa,D,AC Milan vs Pisa,90,6.3,,0.0,,,35,31.0,,3.0,,1.0,,0,0,3.0,5.0
31604,Antonio Caracciolo,Pisa,D,Pisa vs Lazio,90,7.3,,0.0,,,63,54.0,,3.0,1.0,2.0,,0,0,5.0,8.0
31604,Antonio Caracciolo,Pisa,D,Torino vs Pisa,90,6.9,,0.0,,,19,16.0,,3.0,,,,0,0,5.0,5.0
31604,Antonio Caracciolo,Pisa,D,Pisa vs Cremonese,90,7.5,,0.0,2.0,2.0,28,21.0,,2.0,,,,0,0,4.0,4.0
31604,Antonio Caracciolo,Pisa,D,Sassuolo vs Pisa,90,6.3,,0.0,2.0,,37,31.0,,3.0,2.0,,,0,0,4.0,8.0
31604,Antonio Caracciolo,Pisa,D,Pisa vs Inter,90,6.5,,0.0,,,37,30.0,,,4.0,1.0,,1,0,1.0,2.0
31604,Antonio Caracciolo,Pisa,D,Pisa vs Parma,90,6.9,,0.0,1.0,,68,51.0,,3.0,3.0,1.0,,0,0,7.0,7.0
31604,Antonio Caracciolo,Pisa,D,Lecce vs Pisa,81,6.5,,0.0,,,29,18.0,,1.0,,,,0,0,1.0,4.0
31604,Antonio Caracciolo,Pisa,D,Cagliari vs Pisa,90,5.9,,0.0,1.0,,25,21.0,,3.0,2.0,2.0,,0,0,5.0,13.0
31604,Antonio Caracciolo,Pisa,D,Pisa vs Juventus,90,6.9,,0.0,,,33,30.0,,2.0,1.0,1.0,1.0,1,0,6.0,9.0
31604,Antonio Caracciolo,Pisa,D,Genoa vs Pisa,28,6.9,,0.0,1.0,,6,6.0,,1.0,,1.0,,0,0,2.0,4.0
31604,Antonio Caracciolo,Pisa,D,Pisa vs Como,86,6,,0.0,,,13,10.0,,,,,,0,0,1.0,3.0
31604,Antonio Caracciolo,Pisa,D,Udinese vs Pisa,90,6.5,,0.0,,,33,29.0,,,2.0,2.0,,1,0,2.0,6.0
31604,Antonio Caracciolo,Pisa,D,Pisa vs Sassuolo,90,6.3,,0.0,1.0,,46,43.0,,4.0,2.0,1.0,,0,0,8.0,12.0
31604,Antonio Caracciolo,Pisa,D,Hellas Verona vs Pisa,90,7.5,,0.0,1.0,1.0,32,30.0,,1.0,2.0,,2.0,0,0,4.0,4.0
31604,Antonio Caracciolo,Pisa,D,Pisa vs AC Milan,90,6.3,,0.0,,,39,36.0,,2.0,,1.0,,0,0,2.0,3.0
31604,Antonio Caracciolo,Pisa,D,Fiorentina vs Pisa,90,7,,0.0,2.0,,39,36.0,,4.0,,2.0,,1,0,5.0,9.0
91503,Simone Canestrelli,Pisa,D,Atalanta vs Pisa,90,7.2,,0.0,,,35,27.0,,2.0,1.0,,,0,0,4.0,5.0
91503,Simone Canestrelli,Pisa,D,Pisa vs AS Roma,90,7.2,,0.0,,,21,16.0,,1.0,,,1.0,0,0,4.0,5.0
91503,Simone Canestrelli,Pisa,D,Pisa vs Udinese,90,6.9,,0.0,,,47,35.0,,,,,,0,0,3.0,6.0
91503,Simone Canestrelli,Pisa,D,Napoli vs Pisa,90,6.3,,0.0,1.0,1.0,25,21.0,,3.0,2.0,1.0,,0,0,4.0,5.0
91503,Simone Canestrelli,Pisa,D,Pisa vs Fiorentina,90,7,,0.0,,,22,16.0,,1.0,,2.0,,0,0,4.0,9.0
91503,Simone Canestrelli,Pisa,D,Bologna vs Pisa,90,6.2,,0.0,1.0,,18,15.0,,1.0,,,1.0,0,0,3.0,4.0
91503,Simone Canestrelli,Pisa,D,Pisa vs Hellas Verona,90,8,,0.0,,,61,55.0,,3.0,,1.0,,1,0,12.0,19.0
91503,Simone Canestrelli,Pisa,D,AC Milan vs Pisa,90,6.6,,0.0,,,32,24.0,,4.0,1.0,3.0,,0,0,5.0,13.0
91503,Simone Canestrelli,Pisa,D,Pisa vs Lazio,90,7.3,,0.0,,,64,58.0,,1.0,,,,0,0,4.0,5.0
91503,Simone Canestrelli,Pisa,D,Torino vs Pisa,90,6,,0.0,,,34,24.0,,,1.0,1.0,,0,0,4.0,10.0
91503,Simone Canestrelli,Pisa,D,Pisa vs Cremonese,90,7.2,,0.0,1.0,,32,23.0,,,2.0,,,0,0,7.0,10.0
91503,Simone Canestrelli,Pisa,D,Sassuolo vs Pisa,90,6.2,,0.0,,,38,34.0,,,,,,0,0,1.0,3.0
91503,Simone Canestrelli,Pisa,D,Pisa vs Inter,90,6.9,,0.0,,,31,25.0,,,,,2.0,0,0,3.0,3.0
91503,Simone Canestrelli,Pisa,D,Pisa vs Parma,90,6.3,,0.0,,,38,33.0,,1.0,,2.0,,0,0,3.0,5.0
91503,Simone Canestrelli,Pisa,D,Lecce vs Pisa,90,7,,0.0,,,53,44.0,,2.0,,,,0,0,8.0,12.0
91503,Simone Canestrelli,Pisa,D,Cagliari vs Pisa,90,6.6,,0.0,1.0,,31,24.0,,,1.0,1.0,2.0,0,0,4.0,5.0
91503,Simone Canestrelli,Pisa,D,Pisa vs Juventus,90,6.3,,0.0,,,40,34.0,,2.0,1.0,2.0,3.0,0,0,5.0,11.0
91503,Simone Canestrelli,Pisa,D,Genoa vs Pisa,90,6.2,,0.0,,,17,12.0,,,2.0,2.0,,1,0,3.0,10.0
91503,Simone Canestrelli,Pisa,D,Pisa vs Como,90,6.9,,0.0,,,26,17.0,,3.0,,,,0,0,6.0,7.0
91503,Simone Canestrelli,Pisa,D,Udinese vs Pisa,90,6,,0.0,1.0,,38,26.0,,,,3.0,1.0,0,0,7.0,14.0
91503,Simone Canestrelli,Pisa,D,Pisa vs Atalanta,90,6.7,,0.0,,,21,17.0,,1.0,2.0,3.0,,0,0,5.0,8.0
91503,Simone Canestrelli,Pisa,D,Inter vs Pisa,90,5.9,,0.0,1.0,,34,31.0,,2.0,4.0,,2.0,0,0,5.0,8.0
91503,Simone Canestrelli,Pisa,D,Pisa vs Sassuolo,45,6.3,,0.0,,,17,12.0,,2.0,,1.0,,0,0,5.0,6.0
91503,Simone Canestrelli,Pisa,D,Hellas Verona vs Pisa,90,6.9,,0.0,,,32,20.0,,,1.0,1.0,,0,0,2.0,5.0
91503,Simone Canestrelli,Pisa,D,Pisa vs AC Milan,90,6.3,,0.0,,,34,26.0,,3.0,2.0,3.0,,0,0,4.0,9.0
91503,Simone Canestrelli,Pisa,D,Fiorentina vs Pisa,90,6,,0.0,1.0,,38,36.0,,,1.0,3.0,1.0,0,0,2.0,8.0
56293,Idrissa Touré,Pisa,M,Atalanta vs Pisa,90,7.3,,0.0,2.0,,25,18.0,,2.0,,,,0,0,13.0,16.0
56293,Idrissa Touré,Pisa,M,Pisa vs AS Roma,90,7.5,,0.0,,,19,16.0,,1.0,1.0,1.0,2.0,0,0,5.0,12.0
56293,Idrissa Touré,Pisa,M,Pisa vs Udinese,90,7.2,,0.0,,,23,16.0,,,1.0,1.0,2.0,0,0,8.0,16.0
56293,Idrissa Touré,Pisa,M,Pisa vs Fiorentina,90,6.3,,0.0,3.0,1.0,19,8.0,,2.0,2.0,1.0,,0,0,5.0,13.0
56293,Idrissa Touré,Pisa,M,Bologna vs Pisa,36,5.2,,0.0,1.0,,9,7.0,,1.0,2.0,1.0,1.0,0,1,4.0,8.0
56293,Idrissa Touré,Pisa,M,AC Milan vs Pisa,90,6.6,,0.0,,,19,11.0,,2.0,3.0,1.0,2.0,0,0,7.0,14.0
56293,Idrissa Touré,Pisa,M,Pisa vs Lazio,90,6.9,,0.0,2.0,,20,14.0,,2.0,1.0,2.0,1.0,0,0,10.0,15.0
56293,Idrissa Touré,Pisa,M,Torino vs Pisa,66,6.2,,0.0,,,25,12.0,,1.0,,1.0,1.0,0,0,9.0,15.0
56293,Idrissa Touré,Pisa,M,Pisa vs Cremonese,90,8.3,1.0,0.0,3.0,1.0,33,24.0,,3.0,4.0,,2.0,0,0,11.0,17.0
56293,Idrissa Touré,Pisa,M,Sassuolo vs Pisa,90,6,,0.0,,,22,13.0,,,,2.0,1.0,0,0,4.0,17.0
56293,Idrissa Touré,Pisa,M,Pisa vs Inter,90,7.9,,0.0,1.0,1.0,34,23.0,,,1.0,,2.0,0,0,6.0,10.0
56293,Idrissa Touré,Pisa,M,Pisa vs Parma,90,7,,0.0,3.0,1.0,33,26.0,,1.0,,1.0,,1,0,6.0,11.0
56293,Idrissa Touré,Pisa,M,Lecce vs Pisa,90,6.9,,0.0,,,21,14.0,,2.0,1.0,,,0,0,10.0,16.0
56293,Idrissa Touré,Pisa,M,Cagliari vs Pisa,82,6.3,,0.0,,,20,10.0,,5.0,,1.0,,0,0,11.0,19.0
56293,Idrissa Touré,Pisa,M,Pisa vs Juventus,90,6.5,,0.0,1.0,,31,21.0,,1.0,1.0,1.0,,0,0,6.0,13.0
56293,Idrissa Touré,Pisa,M,Genoa vs Pisa,90,6.7,,0.0,,,22,11.0,,3.0,,,,0,0,14.0,24.0
56293,Idrissa Touré,Pisa,M,Pisa vs Como,90,6.9,,0.0,,,26,14.0,,2.0,1.0,,1.0,0,0,11.0,19.0
56293,Idrissa Touré,Pisa,M,Udinese vs Pisa,33,6.9,,0.0,,,9,5.0,,1.0,,,,0,0,5.0,8.0
56293,Idrissa Touré,Pisa,M,Pisa vs Atalanta,90,6.2,,0.0,2.0,1.0,28,20.0,,1.0,1.0,1.0,,0,0,6.0,16.0
56293,Idrissa Touré,Pisa,M,Inter vs Pisa,90,6.9,,0.0,,,13,8.0,,1.0,,,,0,0,4.0,10.0
56293,Idrissa Touré,Pisa,M,Pisa vs Sassuolo,90,6.3,,0.0,1.0,1.0,32,19.0,,2.0,,3.0,,1,0,12.0,21.0
56293,Idrissa Touré,Pisa,M,Hellas Verona vs Pisa,90,7.9,,0.0,1.0,1.0,25,16.0,,2.0,1.0,,1.0,0,0,12.0,17.0
56293,Idrissa Touré,Pisa,M,Pisa vs AC Milan,86,6.3,,0.0,,,28,15.0,,2.0,1.0,2.0,,1,0,11.0,27.0
56293,Idrissa Touré,Pisa,M,Fiorentina vs Pisa,68,6.3,,0.0,,,23,18.0,,,,1.0,,0,0,1.0,6.0
30723,Marius Marin,Pisa,M,Atalanta vs Pisa,78,6.6,,0.0,,,23,19.0,,1.0,2.0,1.0,,0,0,4.0,7.0
30723,Marius Marin,Pisa,M,Pisa vs AS Roma,83,6.7,,0.0,,,20,8.0,,5.0,1.0,2.0,3.0,1,0,9.0,16.0
30723,Marius Marin,Pisa,M,Napoli vs Pisa,80,6.2,,0.0,,,14,13.0,,,,2.0,2.0,0,0,3.0,6.0
30723,Marius Marin,Pisa,M,Pisa vs Fiorentina,68,6.9,,0.0,,,15,12.0,,5.0,,1.0,1.0,0,0,6.0,10.0
30723,Marius Marin,Pisa,M,Bologna vs Pisa,90,6.7,,0.0,,,28,21.0,,3.0,1.0,3.0,2.0,0,0,5.0,10.0
30723,Marius Marin,Pisa,M,Pisa vs Hellas Verona,66,6.7,,0.0,,,30,21.0,,1.0,,,,0,0,1.0,2.0
30723,Marius Marin,Pisa,M,Pisa vs Lazio,65,6.9,,0.0,,,17,13.0,,1.0,1.0,,,0,0,1.0,1.0
30723,Marius Marin,Pisa,M,Torino vs Pisa,12,6.7,,0.0,,,2,2.0,,,,,1.0,0,0,1.0,1.0
30723,Marius Marin,Pisa,M,Pisa vs Cremonese,23,6.7,,0.0,,,12,8.0,,2.0,,2.0,,1,0,2.0,4.0
30723,Marius Marin,Pisa,M,Pisa vs Inter,90,6.2,,0.0,,,24,18.0,,,,3.0,1.0,0,0,1.0,6.0
30723,Marius Marin,Pisa,M,Pisa vs Parma,45,6.7,,0.0,,,14,12.0,,1.0,,1.0,1.0,0,0,2.0,3.0
30723,Marius Marin,Pisa,M,Pisa vs Juventus,11,6.9,,0.0,1.0,,12,10.0,,,,,1.0,0,0,1.0,1.0
30723,Marius Marin,Pisa,M,Genoa vs Pisa,32,7.2,,0.0,,,10,5.0,,5.0,,2.0,1.0,0,0,8.0,14.0
30723,Marius Marin,Pisa,M,Pisa vs Como,63,6.3,,0.0,,,13,8.0,,,,1.0,1.0,0,0,1.0,5.0
30723,Marius Marin,Pisa,M,Udinese vs Pisa,57,6.2,,0.0,,,29,21.0,,2.0,,3.0,1.0,1,0,3.0,7.0
30723,Marius Marin,Pisa,M,Pisa vs Atalanta,68,7.5,,0.0,,,27,22.0,,3.0,,2.0,2.0,0,0,6.0,10.0
30723,Marius Marin,Pisa,M,Inter vs Pisa,45,6.9,,0.0,,,4,2.0,,3.0,2.0,1.0,1.0,1,0,4.0,6.0
30723,Marius Marin,Pisa,M,Pisa vs Sassuolo,45,6.2,,0.0,,,17,12.0,,1.0,,,1.0,0,0,2.0,5.0
30723,Marius Marin,Pisa,M,Hellas Verona vs Pisa,15,6.5,,0.0,,,2,,,1.0,,2.0,,1,0,1.0,4.0
30723,Marius Marin,Pisa,M,Fiorentina vs Pisa,90,7.5,,0.0,,,63,57.0,,4.0,2.0,5.0,1.0,1,0,5.0,13.0
951,Michel Aebischer,Pisa,M,Atalanta vs Pisa,90,6.5,,0.0,1.0,,40,32.0,,,1.0,,,0,0,1.0,6.0
951,Michel Aebischer,Pisa,M,Pisa vs AS Roma,90,7,,0.0,2.0,,43,35.0,,6.0,3.0,1.0,,0,0,7.0,11.0
951,Michel Aebischer,Pisa,M,Pisa vs Udinese,86,6.9,,0.0,,,49,43.0,,3.0,,2.0,2.0,0,0,5.0,6.0
951,Michel Aebischer,Pisa,M,Napoli vs Pisa,90,7,,0.0,,,59,53.0,,5.0,1.0,1.0,1.0,0,0,6.0,9.0
951,Michel Aebischer,Pisa,M,Pisa vs Fiorentina,49,7.3,,0.0,,,19,17.0,,3.0,,1.0,,0,0,3.0,4.0
951,Michel Aebischer,Pisa,M,Pisa vs Hellas Verona,90,7.3,,0.0,,,71,62.0,,1.0,1.0,,2.0,0,0,4.0,4.0
951,Michel Aebischer,Pisa,M,AC Milan vs Pisa,90,6.7,,0.0,,,42,38.0,,3.0,,3.0,1.0,1,0,5.0,10.0
951,Michel Aebischer,Pisa,M,Pisa vs Lazio,90,6.6,,0.0,,,40,31.0,,1.0,2.0,1.0,,0,0,2.0,3.0
951,Michel Aebischer,Pisa,M,Torino vs Pisa,45,7.3,,0.0,1.0,,30,28.0,,1.0,1.0,,2.0,0,0,3.0,5.0
951,Michel Aebischer,Pisa,M,Pisa vs Cremonese,90,7.5,,0.0,,,44,38.0,,4.0,,2.0,1.0,1,0,6.0,9.0
951,Michel Aebischer,Pisa,M,Sassuolo vs Pisa,82,6,,0.0,,,28,24.0,,,1.0,2.0,1.0,0,0,1.0,6.0
951,Michel Aebischer,Pisa,M,Pisa vs Inter,90,7,,0.0,,,52,45.0,,1.0,,2.0,1.0,0,0,3.0,7.0
951,Michel Aebischer,Pisa,M,Pisa vs Parma,90,7,,0.0,1.0,,76,69.0,,1.0,,2.0,1.0,1,0,3.0,9.0
951,Michel Aebischer,Pisa,M,Lecce vs Pisa,90,7.5,,0.0,,,51,47.0,,3.0,1.0,,4.0,0,0,8.0,10.0
951,Michel Aebischer,Pisa,M,Cagliari vs Pisa,90,6.9,,0.0,,,39,29.0,,2.0,1.0,2.0,,0,0,2.0,8.0
951,Michel Aebischer,Pisa,M,Pisa vs Juventus,79,6.3,,0.0,,,40,30.0,,1.0,1.0,1.0,,0,0,3.0,9.0
951,Michel Aebischer,Pisa,M,Genoa vs Pisa,90,7.2,,0.0,,,49,39.0,,2.0,4.0,1.0,3.0,0,0,6.0,11.0
951,Michel Aebischer,Pisa,M,Pisa vs Como,77,7,,0.0,,,19,15.0,,4.0,2.0,1.0,1.0,1,0,6.0,7.0
951,Michel Aebischer,Pisa,M,Udinese vs Pisa,90,7.5,,1.0,,,40,37.0,,1.0,3.0,,2.0,0,0,5.0,6.0
951,Michel Aebischer,Pisa,M,Pisa vs Atalanta,90,7.5,,0.0,1.0,,55,46.0,,1.0,,1.0,,0,0,3.0,7.0
951,Michel Aebischer,Pisa,M,Inter vs Pisa,70,6.2,,0.0,,,16,12.0,,2.0,1.0,,,0,0,2.0,6.0
951,Michel Aebischer,Pisa,M,Pisa vs Sassuolo,90,7.9,1.0,0.0,2.0,1.0,77,66.0,,,,2.0,2.0,0,0,2.0,5.0
951,Michel Aebischer,Pisa,M,Hellas Verona vs Pisa,90,7,,0.0,1.0,,46,35.0,,2.0,1.0,,2.0,0,0,4.0,6.0
951,Michel Aebischer,Pisa,M,Pisa vs AC Milan,56,6.3,,0.0,,,27,25.0,,1.0,1.0,1.0,1.0,0,0,2.0,6.0
951,Michel Aebischer,Pisa,M,Fiorentina vs Pisa,45,6.9,,0.0,,,40,39.0,,2.0,,,,0,0,2.0,2.0
302069,Samuele Angori,Pisa,M,Atalanta vs Pisa,90,7.2,,0.0,1.0,,12,7.0,,2.0,2.0,,1.0,0,0,4.0,11.0
302069,Samuele Angori,Pisa,M,Pisa vs AS Roma,82,6.2,,0.0,,,13,6.0,,1.0,1.0,,,0,0,1.0,5.0
302069,Samuele Angori,Pisa,M,Pisa vs Udinese,45,6.9,,0.0,,,10,9.0,,1.0,,,,0,0,2.0,2.0
302069,Samuele Angori,Pisa,M,Napoli vs Pisa,16,6.6,,1.0,,,4,3.0,,,,2.0,,0,0,,2.0
302069,Samuele Angori,Pisa,M,Bologna vs Pisa,45,6.9,,0.0,,,9,7.0,,6.0,,,1.0,0,0,7.0,9.0
302069,Samuele Angori,Pisa,M,Pisa vs Hellas Verona,65,6.6,,0.0,,,30,20.0,,1.0,,,4.0,0,0,5.0,9.0
302069,Samuele Angori,Pisa,M,Pisa vs Lazio,90,7,,0.0,,,27,17.0,,3.0,1.0,1.0,3.0,0,0,6.0,8.0
302069,Samuele Angori,Pisa,M,Torino vs Pisa,24,6.6,,0.0,,,11,4.0,,,,,,0,0,,1.0
302069,Samuele Angori,Pisa,M,Sassuolo vs Pisa,71,6.9,,0.0,,,10,8.0,,1.0,,,1.0,0,0,3.0,4.0
302069,Samuele Angori,Pisa,M,Pisa vs Inter,71,6.9,,0.0,,,12,9.0,,,,,1.0,0,0,3.0,3.0
302069,Samuele Angori,Pisa,M,Pisa vs Parma,45,7.2,,0.0,,,11,9.0,,,,,1.0,0,0,1.0,1.0
302069,Samuele Angori,Pisa,M,Lecce vs Pisa,31,6.9,,0.0,,,22,19.0,,1.0,,,3.0,0,0,4.0,4.0
302069,Samuele Angori,Pisa,M,Cagliari vs Pisa,90,7.9,,0.0,,,16,11.0,,1.0,2.0,3.0,3.0,0,0,6.0,9.0
302069,Samuele Angori,Pisa,M,Pisa vs Juventus,65,6.9,,0.0,,,20,16.0,,1.0,2.0,1.0,,1,0,3.0,4.0
302069,Samuele Angori,Pisa,M,Genoa vs Pisa,90,7,,0.0,,,22,16.0,,,1.0,,1.0,0,0,1.0,2.0
302069,Samuele Angori,Pisa,M,Pisa vs Como,90,7.2,,0.0,2.0,1.0,18,12.0,,1.0,1.0,,4.0,0,0,10.0,16.0
302069,Samuele Angori,Pisa,M,Udinese vs Pisa,90,6.9,,0.0,,,25,11.0,,2.0,1.0,,3.0,0,0,5.0,7.0
302069,Samuele Angori,Pisa,M,Pisa vs Atalanta,90,6.7,,0.0,,,32,24.0,,4.0,,1.0,2.0,0,0,7.0,15.0
302069,Samuele Angori,Pisa,M,Inter vs Pisa,69,6.3,,0.0,,,20,16.0,,1.0,2.0,,,0,0,1.0,2.0
302069,Samuele Angori,Pisa,M,Pisa vs Sassuolo,85,7,,0.0,,,26,20.0,,2.0,,,2.0,0,0,4.0,5.0
302069,Samuele Angori,Pisa,M,Hellas Verona vs Pisa,90,7,,0.0,,,19,11.0,,1.0,,1.0,3.0,0,0,4.0,5.0
302069,Samuele Angori,Pisa,M,Pisa vs AC Milan,90,6.6,,0.0,1.0,,28,25.0,,,,,2.0,0,0,2.0,2.0
302069,Samuele Angori,Pisa,M,Fiorentina vs Pisa,90,7.2,,0.0,,,29,26.0,,,2.0,,2.0,0,0,3.0,4.0
31560,Stefano Moreo,Pisa,F,Atalanta vs Pisa,62,7,,0.0,2.0,1.0,18,13.0,,,1.0,,1.0,0,0,8.0,10.0
31560,Stefano Moreo,Pisa,F,Pisa vs AS Roma,65,6.5,,0.0,,,11,7.0,,,,,1.0,0,0,2.0,6.0
31560,Stefano Moreo,Pisa,F,Pisa vs Udinese,45,6.5,,0.0,1.0,,10,7.0,,,,,,0,0,4.0,7.0
31560,Stefano Moreo,Pisa,F,Napoli vs Pisa,61,6.7,,0.0,,,19,12.0,,2.0,,,,0,0,3.0,5.0
31560,Stefano Moreo,Pisa,F,Pisa vs Fiorentina,8,6.6,,0.0,,,1,,,,,,1.0,0,0,2.0,2.0
31560,Stefano Moreo,Pisa,F,Pisa vs Hellas Verona,79,6.3,,0.0,1.0,,18,8.0,,,,1.0,1.0,0,0,5.0,10.0
31560,Stefano Moreo,Pisa,F,AC Milan vs Pisa,19,6.2,,0.0,,,1,1.0,,,,1.0,,0,0,,3.0
31560,Stefano Moreo,Pisa,F,Pisa vs Lazio,25,6.5,,0.0,1.0,1.0,6,3.0,,1.0,1.0,,,0,0,2.0,3.0
31560,Stefano Moreo,Pisa,F,Torino vs Pisa,66,8.9,2.0,0.0,3.0,2.0,16,10.0,,1.0,1.0,1.0,2.0,0,0,7.0,11.0
31560,Stefano Moreo,Pisa,F,Pisa vs Cremonese,67,6.6,,0.0,1.0,,13,6.0,,,,1.0,,0,0,3.0,4.0
31560,Stefano Moreo,Pisa,F,Sassuolo vs Pisa,33,7,,1.0,,,11,7.0,,,,1.0,,0,0,3.0,5.0
31560,Stefano Moreo,Pisa,F,Pisa vs Parma,14,6.5,,0.0,1.0,,6,1.0,,,,,,0,0,1.0,2.0
31560,Stefano Moreo,Pisa,F,Lecce vs Pisa,59,6.3,,0.0,1.0,,10,5.0,,,,1.0,1.0,0,0,3.0,6.0
31560,Stefano Moreo,Pisa,F,Cagliari vs Pisa,16,7.3,1.0,0.0,1.0,1.0,5,3.0,,,,2.0,,0,0,2.0,5.0
31560,Stefano Moreo,Pisa,F,Pisa vs Juventus,90,6.5,,0.0,2.0,,14,7.0,,1.0,1.0,1.0,2.0,0,0,6.0,12.0
31560,Stefano Moreo,Pisa,F,Genoa vs Pisa,72,6.3,,0.0,1.0,,11,8.0,,2.0,1.0,2.0,,0,0,3.0,10.0
31560,Stefano Moreo,Pisa,F,Pisa vs Como,26,6.6,,0.0,,,5,2.0,,1.0,,,,0,0,2.0,5.0
31560,Stefano Moreo,Pisa,F,Udinese vs Pisa,90,6.5,,0.0,3.0,2.0,19,7.0,,,1.0,2.0,,1,0,5.0,9.0
31560,Stefano Moreo,Pisa,F,Pisa vs Atalanta,90,7.2,,0.0,4.0,2.0,29,21.0,,2.0,2.0,1.0,1.0,0,0,8.0,11.0
31560,Stefano Moreo,Pisa,F,Inter vs Pisa,90,8.6,2.0,0.0,3.0,2.0,10,7.0,,1.0,4.0,,,0,0,1.0,7.0
31560,Stefano Moreo,Pisa,F,Pisa vs Sassuolo,69,7.3,,0.0,2.0,1.0,26,23.0,,,,,,0,0,2.0,4.0
31560,Stefano Moreo,Pisa,F,Hellas Verona vs Pisa,90,5.9,,0.0,3.0,,18,9.0,,,,2.0,1.0,1,0,5.0,17.0
31560,Stefano Moreo,Pisa,F,Pisa vs AC Milan,87,7.2,,0.0,1.0,,23,17.0,,1.0,1.0,,,0,0,6.0,10.0
31560,Stefano Moreo,Pisa,F,Fiorentina vs Pisa,76,6.2,,0.0,,,19,12.0,,1.0,,1.0,,0,0,2.0,4.0
20959,Matteo Tramoni,Pisa,F,Atalanta vs Pisa,61,6.7,,0.0,1.0,1.0,12,11.0,,,,1.0,2.0,0,0,2.0,7.0
20959,Matteo Tramoni,Pisa,F,Pisa vs AS Roma,64,6.3,,0.0,,,9,6.0,,1.0,,1.0,,0,0,1.0,4.0
20959,Matteo Tramoni,Pisa,F,Pisa vs Udinese,86,6.3,,0.0,2.0,1.0,25,19.0,,1.0,1.0,1.0,1.0,0,0,3.0,8.0
20959,Matteo Tramoni,Pisa,F,Napoli vs Pisa,15,6.3,,0.0,1.0,,0,,,1.0,,1.0,,0,0,1.0,3.0
20959,Matteo Tramoni,Pisa,F,Pisa vs Fiorentina,87,6.5,,0.0,,,13,10.0,,1.0,1.0,,,0,0,1.0,4.0
20959,Matteo Tramoni,Pisa,F,Bologna vs Pisa,45,6.6,,0.0,,,6,3.0,,1.0,,1.0,,0,0,1.0,3.0
20959,Matteo Tramoni,Pisa,F,Pisa vs Hellas Verona,11,6.7,,0.0,,,4,2.0,,,,,,1,0,1.0,2.0
20959,Matteo Tramoni,Pisa,F,AC Milan vs Pisa,71,6.5,,0.0,1.0,,15,9.0,,3.0,1.0,2.0,,0,0,4.0,9.0
20959,Matteo Tramoni,Pisa,F,Pisa vs Lazio,65,6.3,,0.0,3.0,1.0,11,8.0,,,,2.0,,0,0,1.0,5.0
20959,Matteo Tramoni,Pisa,F,Pisa vs Cremonese,23,7.6,,1.0,,,7,6.0,,,,,1.0,0,0,1.0,1.0
20959,Matteo Tramoni,Pisa,F,Sassuolo vs Pisa,57,6.2,,0.0,2.0,,13,7.0,,1.0,,,,0,0,2.0,3.0
20959,Matteo Tramoni,Pisa,F,Pisa vs Inter,19,6.3,,0.0,,,2,1.0,,,,,,0,0,,1.0
20959,Matteo Tramoni,Pisa,F,Pisa vs Parma,12,6.7,,0.0,,,5,5.0,,1.0,,1.0,,0,0,1.0,4.0
20959,Matteo Tramoni,Pisa,F,Lecce vs Pisa,31,6.6,,0.0,,,14,12.0,,1.0,1.0,,,0,0,2.0,4.0
20959,Matteo Tramoni,Pisa,F,Cagliari vs Pisa,82,7.5,1.0,0.0,2.0,2.0,9,5.0,,1.0,1.0,1.0,2.0,0,0,4.0,9.0
20959,Matteo Tramoni,Pisa,F,Pisa vs Juventus,90,6.9,,0.0,1.0,,14,11.0,,1.0,1.0,1.0,,1,0,1.0,6.0
20959,Matteo Tramoni,Pisa,F,Pisa vs Como,64,6.9,,0.0,1.0,,14,11.0,,1.0,2.0,,1.0,0,0,3.0,5.0
20959,Matteo Tramoni,Pisa,F,Udinese vs Pisa,90,8.7,1.0,0.0,3.0,2.0,24,19.0,,4.0,,,1.0,0,0,5.0,9.0
20959,Matteo Tramoni,Pisa,F,Pisa vs Atalanta,68,6.9,,0.0,,,26,15.0,,1.0,,,1.0,0,0,3.0,7.0
20959,Matteo Tramoni,Pisa,F,Inter vs Pisa,45,6.9,,1.0,,,8,6.0,,2.0,1.0,1.0,,0,0,3.0,3.0
20959,Matteo Tramoni,Pisa,F,Pisa vs Sassuolo,90,6.3,,0.0,1.0,,28,21.0,,1.0,,2.0,,1,0,3.0,9.0
20959,Matteo Tramoni,Pisa,F,Pisa vs AC Milan,57,6.9,,0.0,,,11,7.0,,1.0,,,1.0,0,0,3.0,4.0
331678,Henrik Wendel Meister,Pisa,F,Atalanta vs Pisa,54,6.5,,0.0,,,7,3.0,,,,1.0,,0,0,3.0,7.0
331678,Henrik Wendel Meister,Pisa,F,Pisa vs AS Roma,90,6,,0.0,2.0,1.0,16,7.0,,,,3.0,,1,0,4.0,12.0
331678,Henrik Wendel Meister,Pisa,F,Pisa vs Udinese,90,7,,0.0,1.0,,4,1.0,,,,,3.0,0,0,5.0,5.0
331678,Henrik Wendel Meister,Pisa,F,Napoli vs Pisa,29,6.3,,0.0,,,2,1.0,,,,1.0,,0,0,1.0,6.0
331678,Henrik Wendel Meister,Pisa,F,Pisa vs Fiorentina,22,6.2,,0.0,,,0,,,,,2.0,,0,0,,5.0
331678,Henrik Wendel Meister,Pisa,F,Bologna vs Pisa,45,6.9,,0.0,,,6,2.0,,1.0,,1.0,1.0,0,0,6.0,9.0
331678,Henrik Wendel Meister,Pisa,F,AC Milan vs Pisa,71,6.5,,0.0,,,4,4.0,,,,,1.0,0,0,1.0,4.0
331678,Henrik Wendel Meister,Pisa,F,Torino vs Pisa,90,6.2,,0.0,,,7,4.0,,,,,,0,0,3.0,9.0
331678,Henrik Wendel Meister,Pisa,F,Sassuolo vs Pisa,33,7.2,1.0,0.0,2.0,2.0,3,2.0,,,,1.0,,0,0,2.0,10.0
331678,Henrik Wendel Meister,Pisa,F,Pisa vs Inter,89,5.6,,0.0,2.0,,11,10.0,,,,2.0,2.0,0,0,3.0,11.0
331678,Henrik Wendel Meister,Pisa,F,Pisa vs Parma,84,6.3,,0.0,,,7,7.0,,,,2.0,1.0,0,0,3.0,7.0
331678,Henrik Wendel Meister,Pisa,F,Lecce vs Pisa,90,6.3,,0.0,,,2,1.0,,,,1.0,1.0,0,0,2.0,10.0
331678,Henrik Wendel Meister,Pisa,F,Cagliari vs Pisa,90,6.5,,0.0,1.0,,10,6.0,,1.0,,1.0,1.0,0,0,3.0,9.0
331678,Henrik Wendel Meister,Pisa,F,Genoa vs Pisa,90,6.2,,0.0,,,6,3.0,,,,2.0,1.0,0,0,4.0,14.0
331678,Henrik Wendel Meister,Pisa,F,Udinese vs Pisa,89,6.6,1.0,0.0,3.0,2.0,7,5.0,,,,3.0,1.0,0,0,3.0,10.0
331678,Henrik Wendel Meister,Pisa,F,Pisa vs Atalanta,68,6.6,,0.0,2.0,1.0,13,10.0,,,,,1.0,0,0,6.0,9.0
331678,Henrik Wendel Meister,Pisa,F,Inter vs Pisa,40,6.3,,0.0,,,2,2.0,,,,,1.0,0,0,2.0,5.0
331678,Henrik Wendel Meister,Pisa,F,Pisa vs Sassuolo,45,6.2,,0.0,,,7,5.0,,,,1.0,,0,0,3.0,9.0
331678,Henrik Wendel Meister,Pisa,F,Hellas Verona vs Pisa,21,6.3,,0.0,1.0,1.0,3,,,1.0,,,,0,0,2.0,4.0
331678,Henrik Wendel Meister,Pisa,F,Fiorentina vs Pisa,45,6.2,,0.0,1.0,,2,,,,,1.0,,0,0,1.0,5.0
31318,M'Bala Nzola,Pisa,F,Atalanta vs Pisa,36,6.7,,0.0,,,14,9.0,,,,3.0,1.0,0,0,6.0,13.0
31318,M'Bala Nzola,Pisa,F,Pisa vs AS Roma,25,6.2,,0.0,,,9,6.0,,,,1.0,,0,0,1.0,5.0
31318,M'Bala Nzola,Pisa,F,Pisa vs Udinese,45,6.5,,0.0,,,9,8.0,,,,,,0,0,,2.0
31318,M'Bala Nzola,Pisa,F,Napoli vs Pisa,75,6.9,1.0,0.0,2.0,1.0,15,11.0,,,,2.0,2.0,0,0,4.0,8.0
31318,M'Bala Nzola,Pisa,F,Pisa vs Fiorentina,68,7,,0.0,3.0,,13,10.0,,1.0,,1.0,3.0,0,0,7.0,13.0
31318,M'Bala Nzola,Pisa,F,Bologna vs Pisa,77,6.2,,0.0,,,13,11.0,,,1.0,1.0,1.0,0,0,2.0,7.0
31318,M'Bala Nzola,Pisa,F,Pisa vs Hellas Verona,90,6.7,,0.0,2.0,,12,11.0,,1.0,,1.0,1.0,0,0,7.0,12.0
31318,M'Bala Nzola,Pisa,F,AC Milan vs Pisa,90,8,1.0,0.0,1.0,1.0,15,13.0,,,,1.0,2.0,1,0,5.0,10.0
31318,M'Bala Nzola,Pisa,F,Pisa vs Lazio,90,7,,0.0,,,9,9.0,,1.0,,2.0,1.0,0,0,6.0,11.0
31318,M'Bala Nzola,Pisa,F,Torino vs Pisa,24,6.2,,0.0,,,6,5.0,,,,,,0,0,1.0,5.0
31318,M'Bala Nzola,Pisa,F,Pisa vs Cremonese,89,6.5,,0.0,4.0,2.0,15,10.0,,,,1.0,2.0,0,0,8.0,15.0
31318,M'Bala Nzola,Pisa,F,Sassuolo vs Pisa,57,7,1.0,0.0,1.0,1.0,7,7.0,,,,1.0,,0,0,2.0,6.0
31318,M'Bala Nzola,Pisa,F,Pisa vs Inter,89,7,,0.0,2.0,,11,9.0,,,,1.0,3.0,0,0,8.0,12.0
31318,M'Bala Nzola,Pisa,F,Pisa vs Parma,90,5.9,,0.0,3.0,1.0,19,11.0,,1.0,,1.0,,0,1,7.0,16.0
31318,M'Bala Nzola,Pisa,F,Genoa vs Pisa,18,6.5,,0.0,,,4,2.0,,,,,1.0,0,0,2.0,4.0
31318,M'Bala Nzola,Pisa,F,Pisa vs Como,90,5.9,,0.0,2.0,1.0,15,13.0,,,,2.0,,0,0,5.0,12.0
31318,M'Bala Nzola,Pisa,F,Sassuolo vs Inter,20,6.6,,0.0,,,4,4.0,,1.0,,,1.0,0,0,3.0,5.0
31318,M'Bala Nzola,Pisa,F,Udinese vs Sassuolo,18,6.5,,0.0,,,7,5.0,,,,1.0,,0,0,,2.0
31318,M'Bala Nzola,Pisa,F,Sassuolo vs Hellas Verona,18,6.6,,0.0,,,4,3.0,,,,1.0,1.0,0,0,2.0,3.0
866,Juan Cuadrado,Pisa,M,Atalanta vs Pisa,29,6.9,,0.0,,,3,1.0,,2.0,,,1.0,0,0,4.0,6.0
866,Juan Cuadrado,Pisa,M,Pisa vs AS Roma,26,6.6,,0.0,1.0,1.0,8,6.0,,3.0,1.0,1.0,,0,0,4.0,8.0
866,Juan Cuadrado,Pisa,M,Napoli vs Pisa,29,6.6,,0.0,,,15,13.0,,1.0,,,,0,0,2.0,3.0
866,Juan Cuadrado,Pisa,M,Pisa vs Fiorentina,23,6.6,,0.0,1.0,,5,4.0,,3.0,,,2.0,0,0,5.0,11.0
866,Juan Cuadrado,Pisa,M,Bologna vs Pisa,27,6.7,,0.0,,,9,8.0,,1.0,,1.0,1.0,1,0,2.0,4.0
866,Juan Cuadrado,Pisa,M,Pisa vs Hellas Verona,25,6.9,,0.0,,,9,6.0,,1.0,,1.0,1.0,0,0,3.0,7.0
866,Juan Cuadrado,Pisa,M,AC Milan vs Pisa,45,6.9,1.0,0.0,1.0,1.0,25,19.0,,1.0,1.0,,,0,0,3.0,8.0
866,Juan Cuadrado,Pisa,M,Pisa vs Lazio,65,6.9,,0.0,1.0,,27,22.0,,,,1.0,1.0,1,0,1.0,8.0
866,Juan Cuadrado,Pisa,M,Torino vs Pisa,12,6.7,,0.0,,,5,4.0,,,,,,0,0,,1.0
866,Juan Cuadrado,Pisa,M,Pisa vs Cremonese,45,7.3,,0.0,,,10,8.0,,,,,2.0,0,0,5.0,8.0
866,Juan Cuadrado,Pisa,M,Fiorentina vs Pisa,22,7.3,,0.0,1.0,,18,16.0,,,,2.0,2.0,1,0,5.0,9.0
408635,Ebenezer Akinsanmiro,Pisa,M,Atalanta vs Pisa,28,6.9,,0.0,,,8,8.0,,2.0,,,,0,0,3.0,3.0
408635,Ebenezer Akinsanmiro,Pisa,M,Pisa vs Udinese,90,7.3,,0.0,1.0,1.0,46,44.0,,2.0,,2.0,,0,0,5.0,10.0
408635,Ebenezer Akinsanmiro,Pisa,M,Napoli vs Pisa,90,6.6,,0.0,2.0,1.0,34,30.0,,1.0,,1.0,,0,0,4.0,9.0
408635,Ebenezer Akinsanmiro,Pisa,M,Pisa vs Fiorentina,90,7.3,,0.0,,,16,15.0,,5.0,1.0,2.0,5.0,0,0,12.0,21.0
408635,Ebenezer Akinsanmiro,Pisa,M,Bologna vs Pisa,90,6,,0.0,,,16,12.0,,1.0,2.0,2.0,1.0,0,0,2.0,8.0
408635,Ebenezer Akinsanmiro,Pisa,M,Pisa vs Hellas Verona,90,6.2,,0.0,1.0,,26,20.0,,,2.0,2.0,1.0,1,0,2.0,8.0
408635,Ebenezer Akinsanmiro,Pisa,M,AC Milan vs Pisa,90,6.9,,1.0,1.0,,30,27.0,,1.0,2.0,8.0,,0,0,4.0,13.0
408635,Ebenezer Akinsanmiro,Pisa,M,Pisa vs Lazio,25,7,,0.0,,,8,7.0,,4.0,,2.0,2.0,0,0,6.0,8.0
408635,Ebenezer Akinsanmiro,Pisa,M,Torino vs Pisa,90,7.5,,0.0,3.0,,28,22.0,,1.0,1.0,,3.0,0,0,9.0,11.0
408635,Ebenezer Akinsanmiro,Pisa,M,Pisa vs Cremonese,67,7.3,,0.0,1.0,1.0,15,13.0,,1.0,2.0,1.0,2.0,0,0,5.0,8.0
408635,Ebenezer Akinsanmiro,Pisa,M,Pisa vs Parma,45,8.2,,0.0,,,28,27.0,,1.0,,1.0,,0,0,3.0,6.0
408635,Ebenezer Akinsanmiro,Pisa,M,Lecce vs Pisa,59,6.3,,0.0,,,13,10.0,,1.0,1.0,,3.0,0,0,5.0,12.0
408635,Ebenezer Akinsanmiro,Pisa,M,Inter vs Pisa,45,6.5,,0.0,,,26,20.0,,2.0,1.0,1.0,,1,0,2.0,7.0
408635,Ebenezer Akinsanmiro,Pisa,M,Pisa vs AC Milan,34,6.7,,0.0,,,8,8.0,,,4.0,1.0,1.0,0,0,1.0,2.0
30469,Arturo Calabresi,Pisa,D,Atalanta vs Pisa,12,6.7,,0.0,,,4,2.0,,,,,,0,0,1.0,5.0
30469,Arturo Calabresi,Pisa,D,Pisa vs AS Roma,26,6.6,,0.0,,,10,7.0,,1.0,,1.0,,0,0,1.0,5.0
30469,Arturo Calabresi,Pisa,D,Bologna vs Pisa,13,6.3,,0.0,,,1,1.0,,,,,,0,0,,2.0
30469,Arturo Calabresi,Pisa,D,AC Milan vs Pisa,45,6.3,,0.0,,,17,15.0,,1.0,,,,0,0,1.0,6.0
30469,Arturo Calabresi,Pisa,D,Pisa vs Lazio,45,6.9,,0.0,,,14,13.0,,,1.0,1.0,2.0,0,0,2.0,3.0
30469,Arturo Calabresi,Pisa,D,Torino vs Pisa,90,6.9,,0.0,2.0,1.0,29,24.0,,,2.0,1.0,2.0,0,0,5.0,8.0
30469,Arturo Calabresi,Pisa,D,Pisa vs Cremonese,90,7.2,,0.0,,,28,25.0,,,,1.0,2.0,0,0,3.0,7.0
30469,Arturo Calabresi,Pisa,D,Sassuolo vs Pisa,45,6.5,,0.0,,,15,14.0,,,,1.0,2.0,1,0,2.0,3.0
30469,Arturo Calabresi,Pisa,D,Pisa vs Parma,76,6.9,,0.0,,,42,34.0,,3.0,1.0,2.0,2.0,0,0,5.0,9.0
30469,Arturo Calabresi,Pisa,D,Lecce vs Pisa,45,6.6,,0.0,,,14,9.0,,2.0,,1.0,,1,0,3.0,4.0
30469,Arturo Calabresi,Pisa,D,Cagliari vs Pisa,16,6.6,,0.0,,,12,11.0,,,,1.0,,1,0,,2.0
30469,Arturo Calabresi,Pisa,D,Pisa vs Juventus,84,6.6,,0.0,,,33,30.0,,,5.0,1.0,1.0,0,0,1.0,7.0
30469,Arturo Calabresi,Pisa,D,Genoa vs Pisa,18,6.6,,0.0,,,7,5.0,,,,2.0,,1,0,1.0,4.0
30469,Arturo Calabresi,Pisa,D,Udinese vs Pisa,89,6.3,,0.0,,,27,16.0,,1.0,1.0,1.0,,0,0,1.0,4.0
30469,Arturo Calabresi,Pisa,D,Pisa vs Atalanta,89,6.9,,0.0,,,23,16.0,,2.0,,,1.0,0,0,3.0,5.0
30469,Arturo Calabresi,Pisa,D,Inter vs Pisa,90,5.9,,0.0,,,31,29.0,,,3.0,3.0,1.0,1,0,3.0,9.0
30469,Arturo Calabresi,Pisa,D,Hellas Verona vs Pisa,21,6.9,,0.0,,,6,3.0,,,,,,0,0,1.0,1.0
325387,Gabriele Piccinini,Pisa,M,Atalanta vs Pisa,12,6.5,,0.0,,,5,5.0,,,,,,0,0,,2.0
325387,Gabriele Piccinini,Pisa,M,Pisa vs Udinese,10,6.7,,0.0,,,4,4.0,,,,,,0,0,,
325387,Gabriele Piccinini,Pisa,M,Pisa vs Hellas Verona,24,6.6,,0.0,,,6,4.0,,,,,1.0,1,0,1.0,3.0
325387,Gabriele Piccinini,Pisa,M,Pisa vs Cremonese,23,6.3,,0.0,,,5,4.0,,,,1.0,,1,0,,3.0
325387,Gabriele Piccinini,Pisa,M,Sassuolo vs Pisa,90,6.2,,0.0,,,22,17.0,,2.0,,,1.0,0,0,4.0,9.0
325387,Gabriele Piccinini,Pisa,M,Pisa vs Inter,71,7.3,,0.0,2.0,1.0,15,11.0,,4.0,,1.0,2.0,0,0,8.0,12.0
325387,Gabriele Piccinini,Pisa,M,Pisa vs Parma,76,6,,0.0,1.0,,17,12.0,,,,1.0,1.0,0,0,3.0,8.0
325387,Gabriele Piccinini,Pisa,M,Cagliari vs Pisa,74,6.2,,0.0,1.0,,11,8.0,,,,,,0,0,1.0,3.0
325387,Gabriele Piccinini,Pisa,M,Genoa vs Pisa,32,6.2,,0.0,,,8,5.0,,,1.0,,1.0,0,0,1.0,3.0
325387,Gabriele Piccinini,Pisa,M,Pisa vs Como,77,6.6,,0.0,2.0,2.0,12,9.0,,2.0,,,3.0,0,0,9.0,14.0
325387,Gabriele Piccinini,Pisa,M,Udinese vs Pisa,33,6.6,,0.0,1.0,1.0,6,4.0,,,,,,0,0,1.0,4.0
325387,Gabriele Piccinini,Pisa,M,Pisa vs Atalanta,22,6.9,,0.0,1.0,1.0,4,2.0,,1.0,,,,0,0,2.0,2.0
325387,Gabriele Piccinini,Pisa,M,Inter vs Pisa,45,7,,0.0,,,16,13.0,,4.0,,1.0,,0,0,5.0,6.0
325387,Gabriele Piccinini,Pisa,M,Pisa vs AC Milan,8,7,,0.0,,,5,4.0,,,,,1.0,0,0,1.0,1.0
325387,Gabriele Piccinini,Pisa,M,Fiorentina vs Pisa,14,6.7,,0.0,,,8,7.0,,,,,,0,0,1.0,1.0
197830,Răzvan Sava,Udinese,G,Udinese vs Hellas Verona,90,7.6,,0.0,,,23,22.0,,,,,,0,0,,
197830,Răzvan Sava,Udinese,G,Inter vs Udinese,90,6.9,,0.0,,,32,17.0,,,,,,1,0,,
197830,Răzvan Sava,Udinese,G,Pisa vs Udinese,90,6.3,,0.0,,,35,18.0,,,,,,0,0,,1.0
197830,Răzvan Sava,Udinese,G,Udinese vs AC Milan,90,6.3,,0.0,,,16,16.0,,,,,,0,0,,
197830,Răzvan Sava,Udinese,G,Sassuolo vs Udinese,90,6.6,,0.0,,,26,23.0,,,,,,0,0,,
197830,Răzvan Sava,Udinese,G,Udinese vs Cagliari,90,6.5,,0.0,,,19,18.0,,,,,,0,0,,
197830,Răzvan Sava,Udinese,G,Fiorentina vs Udinese,79,6,,0.0,,,21,15.0,,,,,,0,0,,
315249,Nicolò Bertola,Udinese,D,Udinese vs Hellas Verona,90,7,,0.0,,,72,64.0,,,1.0,1.0,2.0,1,0,5.0,10.0
315249,Nicolò Bertola,Udinese,D,Inter vs Udinese,45,6.9,,0.0,,,16,12.0,,,,,,1,0,2.0,3.0
315249,Nicolò Bertola,Udinese,D,Pisa vs Udinese,75,7.3,,0.0,1.0,1.0,41,31.0,,1.0,1.0,1.0,,0,0,1.0,2.0
315249,Nicolò Bertola,Udinese,D,Udinese vs Cagliari,23,6.3,,0.0,,,14,13.0,,,1.0,,,0,0,,1.0
315249,Nicolò Bertola,Udinese,D,Udinese vs Lecce,30,6.6,,0.0,,,11,6.0,,2.0,,,1.0,0,0,4.0,8.0
315249,Nicolò Bertola,Udinese,D,Udinese vs Atalanta,75,7.6,,0.0,,,25,22.0,,5.0,1.0,1.0,,0,0,6.0,7.0
315249,Nicolò Bertola,Udinese,D,AS Roma vs Udinese,90,6.9,,0.0,,,46,38.0,,4.0,,1.0,1.0,0,0,6.0,7.0
315249,Nicolò Bertola,Udinese,D,Udinese vs Bologna,90,5.6,,0.0,1.0,,35,27.0,,2.0,2.0,2.0,1.0,0,0,5.0,9.0
315249,Nicolò Bertola,Udinese,D,Parma vs Udinese,90,7.2,,1.0,,,53,40.0,,3.0,2.0,,,0,0,5.0,9.0
315249,Nicolò Bertola,Udinese,D,Udinese vs Genoa,90,6.3,,0.0,2.0,1.0,44,31.0,,1.0,4.0,1.0,1.0,0,0,8.0,13.0
315249,Nicolò Bertola,Udinese,D,Udinese vs Napoli,84,7,,0.0,1.0,1.0,27,18.0,,1.0,,2.0,,0,0,5.0,8.0
315249,Nicolò Bertola,Udinese,D,Fiorentina vs Udinese,90,6.9,,0.0,1.0,,18,17.0,,3.0,,1.0,1.0,0,0,4.0,9.0
315249,Nicolò Bertola,Udinese,D,Udinese vs Lazio,66,6.3,,0.0,2.0,,16,10.0,,1.0,,2.0,1.0,0,0,3.0,7.0
315249,Nicolò Bertola,Udinese,D,Como vs Udinese,90,6,,0.0,1.0,,42,26.0,,1.0,1.0,,,0,0,3.0,7.0
315249,Nicolò Bertola,Udinese,D,Torino vs Udinese,10,6.2,,0.0,,,0,,,,,,,0,0,1.0,1.0
315249,Nicolò Bertola,Udinese,D,Udinese vs Pisa,90,6.6,,0.0,,,42,36.0,,,1.0,1.0,1.0,0,0,3.0,8.0
315249,Nicolò Bertola,Udinese,D,Udinese vs Inter,16,7,,0.0,,,20,17.0,,1.0,1.0,1.0,,0,0,1.0,2.0
315249,Nicolò Bertola,Udinese,D,Hellas Verona vs Udinese,90,6.3,,0.0,,,45,36.0,,1.0,1.0,2.0,1.0,0,0,4.0,8.0
315249,Nicolò Bertola,Udinese,D,Udinese vs AS Roma,79,6.7,,0.0,,,28,24.0,,1.0,1.0,,,0,0,1.0,4.0
315249,Nicolò Bertola,Udinese,D,Lecce vs Udinese,90,6.2,,0.0,,,49,27.0,,2.0,,1.0,1.0,1,0,7.0,11.0
315249,Nicolò Bertola,Udinese,D,Udinese vs Sassuolo,90,5.9,,0.0,,,33,24.0,,2.0,,1.0,,0,0,2.0,4.0
315249,Nicolò Bertola,Udinese,D,Bologna vs Udinese,80,6.9,,0.0,,,47,42.0,,2.0,2.0,,,0,0,4.0,6.0
281495,Thomas Kristensen,Udinese,D,Udinese vs Hellas Verona,90,8.6,1.0,0.0,1.0,1.0,71,66.0,,1.0,,1.0,1.0,0,0,9.0,11.0
281495,Thomas Kristensen,Udinese,D,Inter vs Udinese,90,7.5,,0.0,,,26,22.0,,,,,1.0,0,0,11.0,18.0
281495,Thomas Kristensen,Udinese,D,Pisa vs Udinese,90,6.3,,0.0,,,41,30.0,,1.0,2.0,1.0,1.0,0,0,4.0,7.0
281495,Thomas Kristensen,Udinese,D,Udinese vs AC Milan,90,6.3,,0.0,,,56,53.0,,1.0,2.0,1.0,,0,0,3.0,7.0
281495,Thomas Kristensen,Udinese,D,Sassuolo vs Udinese,90,6.5,,0.0,1.0,,58,52.0,,1.0,1.0,,,0,0,2.0,3.0
281495,Thomas Kristensen,Udinese,D,Udinese vs Napoli,90,7,,0.0,,,33,24.0,,2.0,1.0,,,0,0,2.0,3.0
281495,Thomas Kristensen,Udinese,D,Fiorentina vs Udinese,90,6.2,,0.0,1.0,1.0,38,30.0,,1.0,,,1.0,0,0,4.0,7.0
281495,Thomas Kristensen,Udinese,D,Udinese vs Lazio,90,6,,0.0,,,35,27.0,,1.0,,4.0,1.0,0,0,2.0,11.0
281495,Thomas Kristensen,Udinese,D,Como vs Udinese,90,6.7,,0.0,,,43,38.0,,,2.0,1.0,,0,0,2.0,5.0
281495,Thomas Kristensen,Udinese,D,Torino vs Udinese,85,7,,0.0,,,34,26.0,,3.0,2.0,,,1,0,9.0,14.0
281495,Thomas Kristensen,Udinese,D,Udinese vs Inter,90,6.7,,0.0,1.0,,58,46.0,,1.0,1.0,2.0,,0,0,6.0,9.0
281495,Thomas Kristensen,Udinese,D,Hellas Verona vs Udinese,90,6.9,,0.0,,,60,54.0,,,,1.0,,0,0,7.0,11.0
281495,Thomas Kristensen,Udinese,D,Udinese vs AS Roma,90,6.9,,0.0,,,30,24.0,,2.0,1.0,3.0,,1,0,4.0,11.0
281495,Thomas Kristensen,Udinese,D,Lecce vs Udinese,90,6.6,,0.0,,,36,32.0,,2.0,,2.0,,0,0,6.0,11.0
281495,Thomas Kristensen,Udinese,D,Udinese vs Sassuolo,90,6.3,,0.0,1.0,1.0,54,50.0,,1.0,1.0,1.0,,0,0,1.0,4.0
281495,Thomas Kristensen,Udinese,D,Bologna vs Udinese,90,6.9,,0.0,,,55,47.0,,1.0,3.0,1.0,,0,0,2.0,3.0
656,Oumar Solet,Udinese,D,Udinese vs Hellas Verona,90,7.2,,0.0,,,98,87.0,,1.0,1.0,1.0,,0,0,4.0,10.0
656,Oumar Solet,Udinese,D,Inter vs Udinese,90,7.9,,0.0,,,34,29.0,,2.0,2.0,1.0,3.0,0,0,8.0,11.0
656,Oumar Solet,Udinese,D,Pisa vs Udinese,90,7.3,,0.0,1.0,,55,49.0,,1.0,1.0,1.0,1.0,0,0,5.0,9.0
656,Oumar Solet,Udinese,D,Udinese vs AC Milan,90,6.9,,0.0,1.0,,80,72.0,,4.0,1.0,,,0,0,4.0,5.0
656,Oumar Solet,Udinese,D,Sassuolo vs Udinese,90,6.7,,0.0,1.0,,69,63.0,,1.0,2.0,1.0,1.0,0,0,5.0,9.0
656,Oumar Solet,Udinese,D,Udinese vs Cagliari,90,7.9,,1.0,,,67,57.0,,2.0,1.0,2.0,1.0,0,0,8.0,13.0
656,Oumar Solet,Udinese,D,Cremonese vs Udinese,90,7.2,,0.0,1.0,,52,44.0,,6.0,1.0,3.0,1.0,0,0,8.0,15.0
656,Oumar Solet,Udinese,D,Udinese vs Lecce,60,6.7,,0.0,,,37,33.0,,,,,1.0,0,0,1.0,3.0
656,Oumar Solet,Udinese,D,Juventus vs Udinese,90,7.7,,0.0,,,57,55.0,,1.0,,,1.0,0,0,6.0,7.0
656,Oumar Solet,Udinese,D,Udinese vs Atalanta,90,7.7,,0.0,,,55,46.0,,3.0,2.0,,3.0,0,0,6.0,9.0
656,Oumar Solet,Udinese,D,AS Roma vs Udinese,90,6.6,,0.0,,,54,48.0,,4.0,2.0,3.0,,0,0,6.0,10.0
656,Oumar Solet,Udinese,D,Udinese vs Bologna,90,6.9,,0.0,,,52,44.0,,3.0,1.0,,2.0,0,0,9.0,11.0
656,Oumar Solet,Udinese,D,Parma vs Udinese,90,7.2,,0.0,1.0,1.0,56,46.0,,,,1.0,,0,0,1.0,4.0
656,Oumar Solet,Udinese,D,Udinese vs Genoa,90,6.9,,0.0,2.0,,79,74.0,,2.0,2.0,,,0,0,4.0,8.0
656,Oumar Solet,Udinese,D,Udinese vs Napoli,90,6.6,,0.0,1.0,,46,38.0,,,2.0,,,0,0,1.0,2.0
656,Oumar Solet,Udinese,D,Fiorentina vs Udinese,90,6.5,1.0,0.0,4.0,1.0,55,46.0,,2.0,4.0,1.0,,0,0,5.0,10.0
656,Oumar Solet,Udinese,D,Udinese vs Lazio,90,6.3,,0.0,1.0,,70,65.0,,2.0,,3.0,,0,0,6.0,10.0
656,Oumar Solet,Udinese,D,Como vs Udinese,15,7.2,,0.0,,,24,22.0,,,1.0,,,0,0,1.0,1.0
656,Oumar Solet,Udinese,D,Torino vs Udinese,90,6.2,,0.0,,,58,52.0,,,,1.0,,0,0,2.0,8.0
656,Oumar Solet,Udinese,D,Udinese vs Pisa,90,7.3,,0.0,,,64,57.0,,,1.0,1.0,1.0,0,0,5.0,11.0
656,Oumar Solet,Udinese,D,Udinese vs Inter,90,7.9,,0.0,1.0,,57,51.0,,2.0,5.0,,3.0,0,0,8.0,8.0
656,Oumar Solet,Udinese,D,Hellas Verona vs Udinese,90,7.2,,0.0,,,55,49.0,,4.0,6.0,2.0,1.0,0,0,9.0,17.0
656,Oumar Solet,Udinese,D,Udinese vs AS Roma,90,7.5,,0.0,1.0,,37,34.0,,3.0,,,1.0,0,0,7.0,10.0
656,Oumar Solet,Udinese,D,Lecce vs Udinese,90,7.2,1.0,0.0,1.0,1.0,38,31.0,,4.0,,1.0,1.0,0,0,7.0,11.0
656,Oumar Solet,Udinese,D,Udinese vs Sassuolo,86,8.2,1.0,0.0,2.0,1.0,63,56.0,,3.0,1.0,1.0,1.0,0,0,5.0,6.0
656,Oumar Solet,Udinese,D,Bologna vs Udinese,10,6.6,,0.0,,,13,12.0,,,,1.0,,0,0,,1.0
36916,Kingsley Ehizibue,Udinese,M,Udinese vs Hellas Verona,90,7,,0.0,,,21,19.0,,2.0,,1.0,1.0,0,0,5.0,8.0
36916,Kingsley Ehizibue,Udinese,M,Inter vs Udinese,80,6.9,,0.0,,,9,8.0,,1.0,1.0,,1.0,0,0,2.0,4.0
36916,Kingsley Ehizibue,Udinese,M,Pisa vs Udinese,90,6.3,,0.0,1.0,,22,20.0,,,,3.0,2.0,0,0,2.0,8.0
36916,Kingsley Ehizibue,Udinese,M,Udinese vs AC Milan,59,5.6,,0.0,,,17,13.0,,,,1.0,,0,0,1.0,2.0
36916,Kingsley Ehizibue,Udinese,M,Sassuolo vs Udinese,45,6,,0.0,,,20,14.0,,1.0,,2.0,1.0,1,0,3.0,7.0
36916,Kingsley Ehizibue,Udinese,M,Udinese vs Cagliari,10,6.9,,0.0,,,5,3.0,,,,,,0,0,,
36916,Kingsley Ehizibue,Udinese,M,Cremonese vs Udinese,4,,,0.0,,,1,,,,,,,0,0,,
36916,Kingsley Ehizibue,Udinese,M,Udinese vs Lecce,10,6.2,,0.0,,,2,2.0,,,,,1.0,0,0,1.0,2.0
36916,Kingsley Ehizibue,Udinese,M,Juventus vs Udinese,74,6.7,,0.0,,,20,12.0,,2.0,,1.0,1.0,0,0,3.0,5.0
36916,Kingsley Ehizibue,Udinese,M,Udinese vs Atalanta,14,6.9,,0.0,,,1,1.0,,1.0,1.0,,1.0,0,0,2.0,2.0
36916,Kingsley Ehizibue,Udinese,M,Udinese vs Bologna,63,6.3,,0.0,,,12,9.0,,2.0,1.0,4.0,1.0,0,0,4.0,9.0
36916,Kingsley Ehizibue,Udinese,M,Parma vs Udinese,8,6.7,,0.0,,,5,5.0,,1.0,,,,0,0,1.0,3.0
36916,Kingsley Ehizibue,Udinese,M,Udinese vs Genoa,17,6.5,,0.0,,,6,6.0,,,,,1.0,0,0,1.0,1.0
36916,Kingsley Ehizibue,Udinese,M,Udinese vs Napoli,13,6.7,,0.0,,,3,2.0,,,,,,0,0,,
36916,Kingsley Ehizibue,Udinese,M,Como vs Udinese,15,6.7,,0.0,,,13,11.0,,1.0,,2.0,2.0,1,0,3.0,7.0
36916,Kingsley Ehizibue,Udinese,M,Torino vs Udinese,10,6.2,,0.0,,,2,2.0,,,,,,0,0,,
36916,Kingsley Ehizibue,Udinese,M,Udinese vs Inter,15,6.7,,0.0,,,8,4.0,,1.0,,1.0,1.0,0,0,2.0,4.0
36916,Kingsley Ehizibue,Udinese,M,Hellas Verona vs Udinese,13,6.7,,0.0,,,2,1.0,,1.0,,,,0,0,1.0,3.0
36916,Kingsley Ehizibue,Udinese,M,Udinese vs AS Roma,90,7.2,,0.0,,,25,18.0,,5.0,1.0,6.0,1.0,0,0,7.0,15.0
36916,Kingsley Ehizibue,Udinese,M,Lecce vs Udinese,86,6.2,,0.0,,,24,17.0,,1.0,1.0,1.0,1.0,0,0,2.0,6.0
36916,Kingsley Ehizibue,Udinese,M,Bologna vs Udinese,90,6.3,,0.0,,,35,27.0,,3.0,3.0,1.0,1.0,0,0,7.0,11.0
7591,Sandi Lovrić,Udinese,M,Udinese vs Hellas Verona,61,7.5,,1.0,1.0,,39,34.0,,3.0,1.0,1.0,,0,0,4.0,8.0
7591,Sandi Lovrić,Udinese,M,Sassuolo vs Udinese,10,6.5,,0.0,,,11,9.0,,,1.0,,,0,0,,1.0
7591,Sandi Lovrić,Udinese,M,Juventus vs Udinese,32,6.2,,0.0,,,10,7.0,,1.0,,1.0,,1,0,1.0,6.0
7591,Sandi Lovrić,Udinese,M,Udinese vs Genoa,10,6.3,,0.0,1.0,1.0,5,1.0,,1.0,,1.0,,0,0,1.0,2.0
7591,Sandi Lovrić,Udinese,M,Fiorentina vs Udinese,45,6.5,,0.0,,,18,16.0,,2.0,1.0,,1.0,0,0,5.0,9.0
7591,Sandi Lovrić,Udinese,M,Hellas Verona vs Udinese,11,6.2,,0.0,1.0,,3,3.0,,,1.0,1.0,,0,0,,2.0
7591,Sandi Lovrić,Udinese,M,Cagliari vs Hellas Verona,53,6.9,,0.0,1.0,,32,29.0,,2.0,1.0,,,0,0,4.0,5.0
7591,Sandi Lovrić,Udinese,M,Hellas Verona vs Pisa,85,6.9,,0.0,1.0,,40,35.0,,2.0,,1.0,1.0,0,0,4.0,7.0
48047,Jesper Karlström,Udinese,M,Udinese vs Hellas Verona,90,6.6,,0.0,,,43,36.0,,2.0,,1.0,1.0,0,0,6.0,13.0
48047,Jesper Karlström,Udinese,M,Inter vs Udinese,90,6.6,,0.0,,,26,19.0,,2.0,,,,0,0,2.0,3.0
48047,Jesper Karlström,Udinese,M,Pisa vs Udinese,90,6.9,,0.0,,,46,43.0,,1.0,1.0,2.0,2.0,1,0,4.0,9.0
48047,Jesper Karlström,Udinese,M,Udinese vs AC Milan,90,6.3,,0.0,,,44,41.0,,3.0,4.0,1.0,,0,0,3.0,6.0
48047,Jesper Karlström,Udinese,M,Sassuolo vs Udinese,90,7.3,,0.0,,,60,50.0,,1.0,1.0,,1.0,0,0,4.0,6.0
48047,Jesper Karlström,Udinese,M,Udinese vs Cagliari,90,7.3,,0.0,1.0,,42,30.0,,2.0,,1.0,2.0,0,0,6.0,9.0
48047,Jesper Karlström,Udinese,M,Cremonese vs Udinese,90,6.7,,0.0,,,26,16.0,,4.0,2.0,1.0,2.0,0,0,9.0,14.0
48047,Jesper Karlström,Udinese,M,Udinese vs Lecce,90,7.9,1.0,0.0,1.0,1.0,46,32.0,,1.0,1.0,,2.0,0,0,3.0,4.0
48047,Jesper Karlström,Udinese,M,Juventus vs Udinese,90,6.3,,0.0,,,34,24.0,,2.0,,,1.0,0,0,3.0,4.0
48047,Jesper Karlström,Udinese,M,Udinese vs Atalanta,90,6.9,,0.0,1.0,1.0,37,31.0,,,3.0,1.0,,0,0,1.0,2.0
48047,Jesper Karlström,Udinese,M,AS Roma vs Udinese,72,6.9,,0.0,,,29,24.0,,2.0,1.0,,1.0,1,0,3.0,5.0
48047,Jesper Karlström,Udinese,M,Udinese vs Bologna,90,6.9,,0.0,,,19,13.0,,3.0,,,2.0,0,0,6.0,7.0
48047,Jesper Karlström,Udinese,M,Parma vs Udinese,90,7.2,,0.0,1.0,,40,31.0,,5.0,,2.0,,0,0,7.0,13.0
48047,Jesper Karlström,Udinese,M,Udinese vs Genoa,90,6.3,,0.0,,,53,45.0,,2.0,,4.0,,1,0,6.0,11.0
48047,Jesper Karlström,Udinese,M,Udinese vs Napoli,90,6.9,,0.0,,,30,25.0,,2.0,2.0,2.0,3.0,0,0,5.0,10.0
48047,Jesper Karlström,Udinese,M,Fiorentina vs Udinese,90,6.3,,0.0,,,42,33.0,,,,,1.0,0,0,1.0,3.0
48047,Jesper Karlström,Udinese,M,Udinese vs Lazio,87,6.7,,0.0,1.0,,27,25.0,,1.0,,2.0,,1,0,1.0,5.0
48047,Jesper Karlström,Udinese,M,Como vs Udinese,90,6.9,,0.0,,,26,21.0,,3.0,2.0,1.0,,0,0,3.0,6.0
48047,Jesper Karlström,Udinese,M,Torino vs Udinese,90,6.7,,0.0,,,48,37.0,,2.0,,1.0,1.0,0,0,3.0,6.0
48047,Jesper Karlström,Udinese,M,Udinese vs Pisa,90,6.5,,0.0,,,34,26.0,,,1.0,1.0,,0,0,,3.0
48047,Jesper Karlström,Udinese,M,Udinese vs Inter,90,6.6,,0.0,,,41,34.0,,2.0,1.0,1.0,1.0,0,0,6.0,9.0
48047,Jesper Karlström,Udinese,M,Hellas Verona vs Udinese,90,7,,0.0,1.0,,56,51.0,,1.0,,,1.0,0,0,3.0,7.0
48047,Jesper Karlström,Udinese,M,Udinese vs AS Roma,90,7,,0.0,,,30,23.0,,2.0,1.0,,1.0,0,0,5.0,7.0
48047,Jesper Karlström,Udinese,M,Lecce vs Udinese,89,5.9,,0.0,,,33,22.0,,,,2.0,,0,0,1.0,6.0
48047,Jesper Karlström,Udinese,M,Udinese vs Sassuolo,79,6.6,,0.0,,,47,40.0,,,1.0,1.0,1.0,0,0,1.0,2.0
48047,Jesper Karlström,Udinese,M,Bologna vs Udinese,80,5.6,,0.0,,,31,24.0,,,1.0,2.0,,0,0,,4.0
347644,Arthur Atta,Udinese,M,Udinese vs Hellas Verona,90,6.3,,0.0,1.0,1.0,36,31.0,,1.0,,,3.0,0,0,10.0,23.0
347644,Arthur Atta,Udinese,M,Inter vs Udinese,90,8.3,1.0,0.0,2.0,2.0,16,14.0,,1.0,,,4.0,0,0,7.0,14.0
347644,Arthur Atta,Udinese,M,Pisa vs Udinese,90,6.6,,0.0,1.0,1.0,35,27.0,,1.0,,1.0,,0,0,5.0,10.0
347644,Arthur Atta,Udinese,M,Udinese vs AC Milan,81,6.3,,0.0,3.0,3.0,42,36.0,,,1.0,1.0,,1,0,2.0,6.0
347644,Arthur Atta,Udinese,M,Sassuolo vs Udinese,80,6.7,,0.0,1.0,1.0,35,26.0,,,,2.0,2.0,0,0,5.0,11.0
347644,Arthur Atta,Udinese,M,Udinese vs Cagliari,90,7,,0.0,3.0,1.0,39,31.0,,,1.0,,1.0,0,0,3.0,6.0
347644,Arthur Atta,Udinese,M,Cremonese vs Udinese,86,7.2,,0.0,2.0,,38,34.0,,2.0,,,3.0,0,0,9.0,13.0
347644,Arthur Atta,Udinese,M,Udinese vs Lecce,90,7.5,,2.0,,,32,29.0,,3.0,2.0,3.0,,0,0,6.0,17.0
347644,Arthur Atta,Udinese,M,Juventus vs Udinese,74,6.6,,0.0,,,23,17.0,,2.0,1.0,,1.0,0,0,5.0,8.0
347644,Arthur Atta,Udinese,M,Udinese vs Atalanta,90,7.3,,0.0,1.0,,36,32.0,,1.0,,1.0,1.0,0,0,5.0,12.0
347644,Arthur Atta,Udinese,M,AS Roma vs Udinese,90,6.6,,0.0,1.0,,39,29.0,,1.0,,,2.0,0,0,6.0,8.0
347644,Arthur Atta,Udinese,M,Udinese vs Bologna,90,7.3,,0.0,1.0,,28,18.0,,,1.0,,2.0,0,0,6.0,12.0
347644,Arthur Atta,Udinese,M,Parma vs Udinese,68,6.2,,0.0,1.0,,14,11.0,,1.0,,2.0,,1,0,4.0,13.0
347644,Arthur Atta,Udinese,M,Torino vs Udinese,29,6.7,,0.0,,,12,11.0,,,,,,0,0,1.0,4.0
347644,Arthur Atta,Udinese,M,Udinese vs Pisa,34,6.7,,0.0,1.0,,7,5.0,,1.0,,,,0,0,3.0,5.0
347644,Arthur Atta,Udinese,M,Udinese vs Inter,75,6.2,,0.0,,,34,23.0,,1.0,1.0,2.0,1.0,0,0,3.0,8.0
347644,Arthur Atta,Udinese,M,Hellas Verona vs Udinese,90,8.3,1.0,1.0,4.0,3.0,25,21.0,,,1.0,,1.0,0,0,4.0,13.0
347644,Arthur Atta,Udinese,M,Udinese vs AS Roma,90,6.9,,0.0,2.0,1.0,20,16.0,,,1.0,,1.0,0,0,4.0,11.0
347644,Arthur Atta,Udinese,M,Lecce vs Udinese,90,6.9,,0.0,1.0,,31,24.0,,1.0,1.0,,1.0,0,0,10.0,17.0
347644,Arthur Atta,Udinese,M,Udinese vs Sassuolo,90,6.6,,0.0,,,28,23.0,,1.0,1.0,1.0,1.0,1,0,3.0,5.0
347644,Arthur Atta,Udinese,M,Bologna vs Udinese,90,6.3,,0.0,,,37,32.0,,,1.0,2.0,1.0,0,0,6.0,13.0
19824,Jordan Zemura,Udinese,M,Udinese vs Hellas Verona,79,6.2,,0.0,1.0,,22,17.0,,1.0,,,1.0,0,0,3.0,7.0
19824,Jordan Zemura,Udinese,M,Inter vs Udinese,90,6.9,,0.0,1.0,,21,15.0,,,,,1.0,0,0,1.0,3.0
19824,Jordan Zemura,Udinese,M,Pisa vs Udinese,15,7,,0.0,,,3,3.0,,3.0,,,,0,0,4.0,7.0
19824,Jordan Zemura,Udinese,M,Udinese vs AC Milan,90,5.2,,0.0,,,36,26.0,,,,1.0,1.0,1,0,2.0,11.0
19824,Jordan Zemura,Udinese,M,Sassuolo vs Udinese,90,6,,0.0,,,22,16.0,,2.0,2.0,3.0,,0,0,2.0,7.0
19824,Jordan Zemura,Udinese,M,AS Roma vs Udinese,8,6.9,,0.0,,,6,5.0,,,,,1.0,0,0,1.0,2.0
19824,Jordan Zemura,Udinese,M,Udinese vs Bologna,19,7.2,,0.0,,,10,7.0,,1.0,,1.0,,0,0,1.0,5.0
19824,Jordan Zemura,Udinese,M,Parma vs Udinese,90,6.3,,0.0,,,30,18.0,,1.0,,3.0,,0,0,2.0,9.0
19824,Jordan Zemura,Udinese,M,Udinese vs Genoa,15,6.3,,0.0,,,3,1.0,,,,,,0,0,,1.0
19824,Jordan Zemura,Udinese,M,Hellas Verona vs Udinese,89,6.3,,1.0,2.0,1.0,17,16.0,,2.0,1.0,3.0,1.0,0,0,4.0,15.0
19824,Jordan Zemura,Udinese,M,Udinese vs AS Roma,90,7,,0.0,,,19,12.0,,4.0,4.0,1.0,2.0,1,0,7.0,12.0
19824,Jordan Zemura,Udinese,M,Lecce vs Udinese,90,7.2,,0.0,,,21,11.0,,4.0,,2.0,3.0,0,0,10.0,14.0
19824,Jordan Zemura,Udinese,M,Udinese vs Sassuolo,90,6.7,,0.0,,,33,23.0,,3.0,,2.0,,1,0,5.0,11.0
19824,Jordan Zemura,Udinese,M,Bologna vs Udinese,90,6.9,,0.0,,,34,26.0,,4.0,,3.0,,0,0,6.0,16.0
19185,Keinan Davis,Udinese,F,Udinese vs Hellas Verona,74,6.9,,0.0,3.0,2.0,9,6.0,,1.0,,1.0,3.0,1,0,7.0,8.0
19185,Keinan Davis,Udinese,F,Inter vs Udinese,70,7.9,1.0,1.0,3.0,2.0,13,11.0,,,,,4.0,0,0,8.0,13.0
19185,Keinan Davis,Udinese,F,Pisa vs Udinese,61,6.7,,0.0,2.0,,11,9.0,,,,2.0,2.0,0,0,6.0,13.0
19185,Keinan Davis,Udinese,F,Udinese vs AC Milan,59,6.3,,0.0,,,8,8.0,,,,1.0,1.0,0,0,2.0,5.0
19185,Keinan Davis,Udinese,F,Sassuolo vs Udinese,90,6.9,1.0,0.0,3.0,1.0,13,11.0,,2.0,,3.0,,0,0,7.0,19.0
19185,Keinan Davis,Udinese,F,Udinese vs Cagliari,90,7.6,,0.0,1.0,1.0,29,21.0,,1.0,,1.0,4.0,0,0,11.0,18.0
19185,Keinan Davis,Udinese,F,Cremonese vs Udinese,15,6.7,,0.0,1.0,,3,2.0,,1.0,,,,0,0,2.0,3.0
19185,Keinan Davis,Udinese,F,Udinese vs Lecce,45,7.3,1.0,0.0,2.0,2.0,5,5.0,,1.0,,3.0,1.0,1,0,2.0,9.0
19185,Keinan Davis,Udinese,F,Juventus vs Udinese,38,6.6,,0.0,,,7,5.0,,,,,2.0,0,0,4.0,5.0
19185,Keinan Davis,Udinese,F,AS Roma vs Udinese,18,6.2,,0.0,,,3,2.0,,,,2.0,,0,0,,1.0
19185,Keinan Davis,Udinese,F,Udinese vs Bologna,63,6.2,,0.0,1.0,,11,7.0,,,,1.0,,0,0,2.0,8.0
19185,Keinan Davis,Udinese,F,Parma vs Udinese,68,8.3,1.0,0.0,2.0,2.0,9,7.0,,,,,3.0,1,0,11.0,14.0
19185,Keinan Davis,Udinese,F,Udinese vs Genoa,73,6.9,,0.0,1.0,,13,9.0,,,,2.0,1.0,0,0,7.0,12.0
19185,Keinan Davis,Udinese,F,Udinese vs Napoli,84,6.3,,1.0,,,22,17.0,,,,4.0,1.0,0,0,3.0,14.0
19185,Keinan Davis,Udinese,F,Fiorentina vs Udinese,65,6.3,,0.0,,,11,9.0,,,,,,0,0,1.0,7.0
19185,Keinan Davis,Udinese,F,Udinese vs Lazio,90,7.2,1.0,0.0,2.0,2.0,21,17.0,,,,1.0,1.0,0,0,1.0,8.0
19185,Keinan Davis,Udinese,F,Como vs Udinese,90,6.9,,0.0,,,12,9.0,,1.0,,2.0,1.0,0,0,7.0,13.0
19185,Keinan Davis,Udinese,F,Torino vs Udinese,90,7.2,,1.0,2.0,1.0,21,15.0,,1.0,,,3.0,0,0,7.0,14.0
19185,Keinan Davis,Udinese,F,Udinese vs Pisa,90,6.6,1.0,0.0,3.0,1.0,19,14.0,,,,2.0,3.0,0,0,7.0,16.0
19185,Keinan Davis,Udinese,F,Udinese vs Inter,90,6.7,,0.0,,,12,9.0,,1.0,,4.0,1.0,0,0,5.0,10.0
19185,Keinan Davis,Udinese,F,Hellas Verona vs Udinese,84,8.2,1.0,0.0,2.0,1.0,26,23.0,,,,2.0,2.0,0,0,11.0,19.0
19185,Keinan Davis,Udinese,F,Udinese vs AS Roma,56,6.5,,0.0,,,11,6.0,,1.0,,,4.0,1,0,6.0,13.0
330599,Iker Bravo,Udinese,F,Udinese vs Hellas Verona,61,6.5,,0.0,,,17,14.0,,,,2.0,1.0,1,0,1.0,6.0
330599,Iker Bravo,Udinese,F,Pisa vs Udinese,61,7.7,1.0,0.0,1.0,1.0,14,10.0,,,,,,0,0,,4.0
330599,Iker Bravo,Udinese,F,Udinese vs AC Milan,45,6.3,,0.0,,,5,4.0,,1.0,,1.0,,0,0,1.0,4.0
330599,Iker Bravo,Udinese,F,Parma vs Udinese,13,6.7,,0.0,,,2,2.0,,,,,,0,0,,
330599,Iker Bravo,Udinese,F,Udinese vs Genoa,10,6.3,,0.0,,,0,,,,,,,0,0,,
330599,Iker Bravo,Udinese,F,Como vs Udinese,10,6.5,,0.0,,,2,2.0,,,,,,0,0,,3.0
330599,Iker Bravo,Udinese,F,Udinese vs Pisa,15,6.9,,0.0,,,3,3.0,,,,,,0,0,1.0,2.0
182560,Oier Zarraga,Udinese,M,Udinese vs Hellas Verona,29,6.2,,0.0,,,7,5.0,,,,1.0,,0,0,1.0,4.0
182560,Oier Zarraga,Udinese,M,Inter vs Udinese,20,6.7,,0.0,,,4,4.0,,,,1.0,,1,0,,1.0
182560,Oier Zarraga,Udinese,M,Pisa vs Udinese,29,6.7,,0.0,,,6,5.0,,,,1.0,,0,0,,1.0
182560,Oier Zarraga,Udinese,M,Udinese vs AC Milan,90,6.9,,0.0,,,40,38.0,,1.0,2.0,1.0,1.0,0,0,5.0,11.0
182560,Oier Zarraga,Udinese,M,Udinese vs Cagliari,11,6.3,,0.0,,,6,4.0,,1.0,,,,0,0,1.0,3.0
182560,Oier Zarraga,Udinese,M,Udinese vs Atalanta,9,6.7,,0.0,,,5,5.0,,,,,,0,0,1.0,2.0
182560,Oier Zarraga,Udinese,M,Udinese vs Napoli,14,6.3,,0.0,1.0,,1,,,,,,,0,0,,1.0
182560,Oier Zarraga,Udinese,M,Torino vs Udinese,10,6.2,,0.0,,,0,,,,,1.0,,0,0,,2.0
182560,Oier Zarraga,Udinese,M,Hellas Verona vs Udinese,13,6.3,,0.0,,,2,2.0,,,,,,0,0,,1.0
182560,Oier Zarraga,Udinese,M,Udinese vs AS Roma,11,7,,0.0,,,2,2.0,,,,,1.0,0,0,2.0,3.0
182560,Oier Zarraga,Udinese,M,Lecce vs Udinese,10,6.5,,0.0,,,2,1.0,,,,,,0,0,,
182560,Oier Zarraga,Udinese,M,Udinese vs Sassuolo,25,6.7,,0.0,,,7,7.0,,,,,,0,0,1.0,2.0
182560,Oier Zarraga,Udinese,M,Bologna vs Udinese,10,6.6,,0.0,1.0,1.0,6,5.0,,,,,,0,0,,
1134,Vakoun Issouf Bayo,Udinese,F,Udinese vs Hellas Verona,29,6.5,,0.0,,,9,6.0,,,,,,0,0,1.0,2.0
1134,Vakoun Issouf Bayo,Udinese,F,Inter vs Udinese,63,5.9,,0.0,1.0,,21,13.0,,,,2.0,,0,0,1.0,7.0
1134,Vakoun Issouf Bayo,Udinese,F,Udinese vs Cagliari,13,6.2,,0.0,3.0,,5,4.0,,,,1.0,,0,0,1.0,3.0
1134,Vakoun Issouf Bayo,Udinese,F,Cremonese vs Udinese,62,6.7,,0.0,1.0,,18,15.0,,,,,,0,0,5.0,8.0
1134,Vakoun Issouf Bayo,Udinese,F,Udinese vs Lecce,30,6.7,,1.0,1.0,,10,9.0,,,,,1.0,0,0,1.0,4.0
1134,Vakoun Issouf Bayo,Udinese,F,Juventus vs Udinese,32,6.3,,0.0,1.0,,7,5.0,,,,,,0,0,4.0,8.0
1134,Vakoun Issouf Bayo,Udinese,F,Udinese vs Atalanta,21,6.5,,0.0,1.0,,8,7.0,,,,,,0,0,1.0,4.0
1134,Vakoun Issouf Bayo,Udinese,F,AS Roma vs Udinese,8,6.6,,0.0,1.0,1.0,3,3.0,,,,,,0,0,1.0,2.0
1134,Vakoun Issouf Bayo,Udinese,F,Udinese vs Bologna,26,6.5,,0.0,2.0,,4,4.0,,2.0,,2.0,2.0,0,0,4.0,8.0
1134,Vakoun Issouf Bayo,Udinese,F,Udinese vs Inter,10,6.5,,0.0,,,1,,,,,,,0,0,1.0,4.0
1134,Vakoun Issouf Bayo,Udinese,F,Lecce vs Udinese,64,6,,0.0,1.0,,10,6.0,,,,7.0,1.0,0,0,6.0,20.0
1134,Vakoun Issouf Bayo,Udinese,F,Udinese vs Sassuolo,65,6.2,,0.0,,,7,5.0,,,,,,0,0,3.0,10.0
1939,Jakub Piotrowski,Udinese,M,Udinese vs Hellas Verona,16,6.6,,0.0,,,6,5.0,,,,,1.0,0,0,2.0,4.0
1939,Jakub Piotrowski,Udinese,M,Inter vs Udinese,70,6.3,,0.0,1.0,1.0,15,12.0,,1.0,,,,0,0,1.0,4.0
1939,Jakub Piotrowski,Udinese,M,Pisa vs Udinese,61,6.9,,0.0,,,25,24.0,,3.0,,1.0,2.0,0,0,5.0,9.0
1939,Jakub Piotrowski,Udinese,M,Sassuolo vs Udinese,45,6.3,,0.0,,,10,9.0,,2.0,,1.0,,1,0,2.0,4.0
1939,Jakub Piotrowski,Udinese,M,Udinese vs Cagliari,85,6.6,,0.0,1.0,1.0,23,19.0,,4.0,2.0,1.0,,0,0,5.0,8.0
1939,Jakub Piotrowski,Udinese,M,Cremonese vs Udinese,28,6.6,,0.0,,,5,5.0,,1.0,,,,0,0,2.0,3.0
1939,Jakub Piotrowski,Udinese,M,Udinese vs Lecce,14,6.2,,0.0,,,7,5.0,,,1.0,1.0,,0,0,,2.0
1939,Jakub Piotrowski,Udinese,M,Juventus vs Udinese,58,6.3,,0.0,,,19,14.0,,1.0,,2.0,1.0,1,0,3.0,6.0
1939,Jakub Piotrowski,Udinese,M,Udinese vs Atalanta,21,6.6,,0.0,1.0,,12,11.0,,,,1.0,,0,0,1.0,3.0
1939,Jakub Piotrowski,Udinese,M,AS Roma vs Udinese,18,7,,0.0,,,14,12.0,,1.0,,,,0,0,2.0,2.0
1939,Jakub Piotrowski,Udinese,M,Udinese vs Bologna,19,6.6,,0.0,1.0,,10,8.0,,1.0,,,1.0,0,0,2.0,2.0
1939,Jakub Piotrowski,Udinese,M,Parma vs Udinese,89,6.6,,0.0,2.0,,25,21.0,,2.0,1.0,1.0,,0,0,4.0,7.0
1939,Jakub Piotrowski,Udinese,M,Udinese vs Genoa,86,7.5,1.0,0.0,4.0,1.0,31,25.0,,2.0,4.0,1.0,2.0,0,0,7.0,11.0
1939,Jakub Piotrowski,Udinese,M,Udinese vs Napoli,90,7.3,,0.0,3.0,1.0,21,19.0,,4.0,1.0,3.0,2.0,0,0,8.0,13.0
1939,Jakub Piotrowski,Udinese,M,Fiorentina vs Udinese,90,6.6,,1.0,,,36,29.0,,1.0,2.0,3.0,3.0,0,0,7.0,14.0
1939,Jakub Piotrowski,Udinese,M,Udinese vs Lazio,90,7.3,,0.0,2.0,,22,15.0,,3.0,,,4.0,0,0,10.0,13.0
1939,Jakub Piotrowski,Udinese,M,Como vs Udinese,75,6.2,,0.0,,,15,12.0,,1.0,,2.0,2.0,0,0,5.0,11.0
1939,Jakub Piotrowski,Udinese,M,Torino vs Udinese,29,6.5,,0.0,,,10,5.0,,,,,,0,0,2.0,3.0
1939,Jakub Piotrowski,Udinese,M,Udinese vs Pisa,34,6.6,,0.0,,,7,6.0,,1.0,1.0,,1.0,0,0,2.0,4.0
1939,Jakub Piotrowski,Udinese,M,Udinese vs Inter,44,6.3,,0.0,1.0,1.0,5,4.0,,,,1.0,1.0,0,0,2.0,4.0
1939,Jakub Piotrowski,Udinese,M,Udinese vs Sassuolo,11,6.9,,0.0,,,7,5.0,,2.0,,1.0,1.0,0,0,4.0,6.0
1939,Jakub Piotrowski,Udinese,M,Bologna vs Udinese,90,6.3,,0.0,2.0,1.0,32,21.0,,2.0,,1.0,2.0,0,0,7.0,16.0
22007,Hassane Kamara,Udinese,D,Udinese vs Hellas Verona,11,6.9,,0.0,3.0,,5,4.0,,1.0,,,,0,0,1.0,1.0
22007,Hassane Kamara,Udinese,D,Pisa vs Udinese,75,7,,0.0,,,23,21.0,,2.0,,1.0,,1,0,3.0,7.0
22007,Hassane Kamara,Udinese,D,Udinese vs Cagliari,90,7.2,,0.0,,,43,36.0,,2.0,2.0,,2.0,0,0,7.0,8.0
22007,Hassane Kamara,Udinese,D,Cremonese vs Udinese,90,6.9,,0.0,,,28,24.0,,1.0,1.0,,1.0,0,0,3.0,4.0
22007,Hassane Kamara,Udinese,D,Udinese vs Lecce,90,6.9,,0.0,,,42,31.0,,6.0,1.0,,2.0,0,0,8.0,13.0
22007,Hassane Kamara,Udinese,D,Juventus vs Udinese,90,6.6,,0.0,1.0,,25,23.0,,1.0,,,,0,0,2.0,5.0
22007,Hassane Kamara,Udinese,D,Udinese vs Atalanta,90,7.3,,1.0,2.0,1.0,44,36.0,,2.0,3.0,1.0,1.0,1,0,6.0,8.0
22007,Hassane Kamara,Udinese,D,AS Roma vs Udinese,82,6.2,,0.0,1.0,1.0,19,14.0,,,1.0,1.0,,0,0,,
22007,Hassane Kamara,Udinese,D,Udinese vs Bologna,71,6.6,,0.0,1.0,1.0,24,21.0,,1.0,2.0,2.0,,0,0,1.0,4.0
22007,Hassane Kamara,Udinese,D,Fiorentina vs Udinese,45,6.3,,0.0,1.0,1.0,19,17.0,,,2.0,,,0,0,5.0,5.0
22007,Hassane Kamara,Udinese,D,Udinese vs Lazio,24,6.3,,0.0,,,13,10.0,,1.0,,1.0,,0,0,3.0,5.0
22007,Hassane Kamara,Udinese,D,Como vs Udinese,45,6.7,,0.0,,,16,9.0,,2.0,,2.0,,1,0,4.0,7.0
22007,Hassane Kamara,Udinese,D,Torino vs Udinese,90,6.9,,0.0,,,49,39.0,,2.0,1.0,,1.0,0,0,6.0,8.0
22007,Hassane Kamara,Udinese,D,Udinese vs Pisa,74,6.2,,0.0,,,19,14.0,,,,,,0,0,2.0,5.0
22007,Hassane Kamara,Udinese,D,Udinese vs Inter,90,7,,0.0,,,26,22.0,,2.0,1.0,1.0,,0,0,2.0,4.0
30611,Lorenzo Montipò,Hellas Verona,G,Udinese vs Hellas Verona,90,6.9,,0.0,,,31,15.0,,,,,,0,0,,
30611,Lorenzo Montipò,Hellas Verona,G,Lazio vs Hellas Verona,90,5.3,,0.0,,,30,16.0,,,,,,0,0,,
30611,Lorenzo Montipò,Hellas Verona,G,Hellas Verona vs Cremonese,90,7.3,,0.0,,,17,10.0,,,,,,0,0,,
30611,Lorenzo Montipò,Hellas Verona,G,Hellas Verona vs Juventus,90,6.5,,0.0,,,21,8.0,,,,,,0,0,,
30611,Lorenzo Montipò,Hellas Verona,G,AS Roma vs Hellas Verona,90,6.7,,0.0,,,29,15.0,,,,,,0,0,1.0,1.0
30611,Lorenzo Montipò,Hellas Verona,G,Hellas Verona vs Sassuolo,90,7,,0.0,,,24,12.0,,,,,,0,0,,
30611,Lorenzo Montipò,Hellas Verona,G,Pisa vs Hellas Verona,90,6.9,,0.0,,,26,15.0,,,,,,0,0,,
30611,Lorenzo Montipò,Hellas Verona,G,Hellas Verona vs Cagliari,90,6,,0.0,,,28,13.0,,,,,1.0,0,0,1.0,1.0
30611,Lorenzo Montipò,Hellas Verona,G,Como vs Hellas Verona,90,5.5,,0.0,,,31,13.0,,,,,,0,0,,
30611,Lorenzo Montipò,Hellas Verona,G,Hellas Verona vs Inter,90,6.9,,0.0,,,31,9.0,,,,,,0,0,,
30611,Lorenzo Montipò,Hellas Verona,G,Lecce vs Hellas Verona,90,7.9,,0.0,,,31,9.0,,,,,1.0,0,0,2.0,2.0
30611,Lorenzo Montipò,Hellas Verona,G,Hellas Verona vs Parma,90,6.2,,0.0,,,18,12.0,,,,,,0,0,,
30611,Lorenzo Montipò,Hellas Verona,G,Genoa vs Hellas Verona,90,6.3,,0.0,,,27,13.0,,,,,,0,0,,
30611,Lorenzo Montipò,Hellas Verona,G,Hellas Verona vs Atalanta,90,6.9,,0.0,,,31,7.0,,,,,,0,0,,
30611,Lorenzo Montipò,Hellas Verona,G,Fiorentina vs Hellas Verona,90,7.3,,0.0,,,27,10.0,,,,,,0,0,,
30611,Lorenzo Montipò,Hellas Verona,G,AC Milan vs Hellas Verona,90,6,,0.0,,,22,12.0,,,,,,0,0,1.0,1.0
30611,Lorenzo Montipò,Hellas Verona,G,Hellas Verona vs Torino,90,6.2,,0.0,,,25,13.0,,,,,1.0,0,0,2.0,2.0
30611,Lorenzo Montipò,Hellas Verona,G,Napoli vs Hellas Verona,90,5.3,,0.0,,,22,7.0,,,,,,0,0,,
30611,Lorenzo Montipò,Hellas Verona,G,Hellas Verona vs Lazio,90,6.3,,0.0,,,31,12.0,,,,,,0,0,,
30611,Lorenzo Montipò,Hellas Verona,G,Hellas Verona vs Bologna,90,6.3,,0.0,,,40,13.0,,,,,,0,0,,
30611,Lorenzo Montipò,Hellas Verona,G,Hellas Verona vs Pisa,90,8,,0.0,,,23,14.0,,,,,1.0,0,0,1.0,1.0
30611,Lorenzo Montipò,Hellas Verona,G,Parma vs Hellas Verona,90,6.3,,0.0,,,33,12.0,,,,,,0,0,,
30611,Lorenzo Montipò,Hellas Verona,G,Sassuolo vs Hellas Verona,90,6.2,,0.0,,,29,24.0,,,,,,0,0,,
47277,Unai Núñez,Hellas Verona,D,Udinese vs Hellas Verona,90,6.3,,0.0,,,35,26.0,,4.0,4.0,5.0,,0,0,9.0,17.0
47277,Unai Núñez,Hellas Verona,D,Lazio vs Hellas Verona,90,5.9,,0.0,,,27,21.0,,4.0,1.0,3.0,,0,0,5.0,8.0
47277,Unai Núñez,Hellas Verona,D,Hellas Verona vs Cremonese,90,7.5,,0.0,,,57,49.0,,,1.0,1.0,,0,0,3.0,9.0
47277,Unai Núñez,Hellas Verona,D,Hellas Verona vs Juventus,90,7.2,,0.0,1.0,,21,18.0,,3.0,1.0,,,0,0,4.0,5.0
47277,Unai Núñez,Hellas Verona,D,AS Roma vs Hellas Verona,84,6.3,,0.0,,,42,27.0,,1.0,2.0,3.0,,1,0,5.0,10.0
47277,Unai Núñez,Hellas Verona,D,Hellas Verona vs Sassuolo,90,6.9,,0.0,,,46,37.0,,1.0,1.0,1.0,3.0,0,0,7.0,13.0
47277,Unai Núñez,Hellas Verona,D,Pisa vs Hellas Verona,90,7.3,,0.0,1.0,,42,33.0,,,1.0,1.0,1.0,1,0,6.0,11.0
47277,Unai Núñez,Hellas Verona,D,Hellas Verona vs Cagliari,16,6.9,,0.0,,,7,4.0,,,,,1.0,0,0,2.0,2.0
47277,Unai Núñez,Hellas Verona,D,Hellas Verona vs Parma,26,6.7,,0.0,,,30,27.0,,1.0,1.0,1.0,1.0,0,0,4.0,5.0
47277,Unai Núñez,Hellas Verona,D,Genoa vs Hellas Verona,90,6.3,,0.0,,,36,27.0,,3.0,3.0,3.0,,1,0,4.0,14.0
47277,Unai Núñez,Hellas Verona,D,Hellas Verona vs Atalanta,90,6.2,,0.0,,,22,17.0,,,5.0,3.0,,0,0,1.0,7.0
47277,Unai Núñez,Hellas Verona,D,Fiorentina vs Hellas Verona,90,6.2,,0.0,,,25,16.0,,2.0,,2.0,1.0,1,0,6.0,8.0
47277,Unai Núñez,Hellas Verona,D,AC Milan vs Hellas Verona,90,6.7,,0.0,1.0,,56,50.0,,2.0,,,1.0,0,0,4.0,6.0
47277,Unai Núñez,Hellas Verona,D,Hellas Verona vs Torino,90,6.2,,0.0,,,43,32.0,,,1.0,2.0,1.0,0,0,4.0,12.0
47277,Unai Núñez,Hellas Verona,D,Napoli vs Hellas Verona,90,6.9,,0.0,1.0,1.0,31,21.0,,3.0,2.0,,,0,0,4.0,7.0
47277,Unai Núñez,Hellas Verona,D,Hellas Verona vs Lazio,14,6.2,,0.0,,,12,10.0,,,,,,0,0,,1.0
47277,Unai Núñez,Hellas Verona,D,Hellas Verona vs Bologna,45,5.9,,0.0,,,20,16.0,,,,2.0,1.0,1,0,2.0,5.0
15912,Victor Nelsson,Hellas Verona,D,Udinese vs Hellas Verona,90,6.5,,0.0,,,32,30.0,,,,1.0,,0,0,,2.0
15912,Victor Nelsson,Hellas Verona,D,Lazio vs Hellas Verona,90,6,,0.0,,,31,27.0,,1.0,,2.0,,0,0,2.0,8.0
15912,Victor Nelsson,Hellas Verona,D,Hellas Verona vs Cremonese,90,7,,0.0,,,40,38.0,,,3.0,1.0,,0,0,1.0,3.0
15912,Victor Nelsson,Hellas Verona,D,Hellas Verona vs Juventus,90,6.9,,0.0,,,9,6.0,,2.0,1.0,2.0,,0,0,3.0,5.0
15912,Victor Nelsson,Hellas Verona,D,AS Roma vs Hellas Verona,90,6.9,,0.0,,,35,28.0,,4.0,3.0,,1.0,0,0,11.0,15.0
15912,Victor Nelsson,Hellas Verona,D,Hellas Verona vs Sassuolo,90,7.3,,0.0,,,53,51.0,,2.0,1.0,1.0,,0,0,5.0,7.0
15912,Victor Nelsson,Hellas Verona,D,Pisa vs Hellas Verona,90,7,,0.0,,,24,19.0,,1.0,1.0,,,0,0,2.0,6.0
15912,Victor Nelsson,Hellas Verona,D,Hellas Verona vs Cagliari,90,6.2,,0.0,,,33,28.0,,1.0,1.0,3.0,1.0,1,0,2.0,7.0
15912,Victor Nelsson,Hellas Verona,D,Como vs Hellas Verona,90,5.3,,0.0,1.0,,19,17.0,,,2.0,4.0,1.0,1,0,2.0,8.0
15912,Victor Nelsson,Hellas Verona,D,Hellas Verona vs Inter,90,6.9,,0.0,,,21,17.0,,,2.0,1.0,1.0,0,0,2.0,5.0
15912,Victor Nelsson,Hellas Verona,D,Lecce vs Hellas Verona,90,7.9,,0.0,,,23,17.0,,,,,,0,0,11.0,12.0
15912,Victor Nelsson,Hellas Verona,D,Hellas Verona vs Parma,64,6.5,,0.0,,,35,29.0,,,3.0,,,0,0,1.0,4.0
15912,Victor Nelsson,Hellas Verona,D,Genoa vs Hellas Verona,90,6.6,,0.0,,,23,18.0,,2.0,4.0,1.0,1.0,0,0,5.0,6.0
15912,Victor Nelsson,Hellas Verona,D,Hellas Verona vs Atalanta,90,7.3,,0.0,,,22,18.0,,6.0,2.0,3.0,1.0,1,0,10.0,15.0
15912,Victor Nelsson,Hellas Verona,D,Fiorentina vs Hellas Verona,90,6.2,,0.0,,,12,6.0,,,2.0,,,0,0,4.0,8.0
15912,Victor Nelsson,Hellas Verona,D,AC Milan vs Hellas Verona,90,5.9,,0.0,1.0,,43,42.0,,2.0,3.0,1.0,,0,0,4.0,8.0
15912,Victor Nelsson,Hellas Verona,D,Hellas Verona vs Torino,90,6.6,,0.0,,,27,23.0,,3.0,,2.0,1.0,0,0,12.0,15.0
15912,Victor Nelsson,Hellas Verona,D,Napoli vs Hellas Verona,12,6.2,,0.0,,,3,3.0,,,,2.0,,0,0,,2.0
15912,Victor Nelsson,Hellas Verona,D,Hellas Verona vs Lazio,90,6.2,,0.0,1.0,,58,53.0,,2.0,4.0,2.0,,0,0,6.0,13.0
15912,Victor Nelsson,Hellas Verona,D,Hellas Verona vs Bologna,90,6.3,,0.0,1.0,,39,33.0,,2.0,3.0,,1.0,0,0,10.0,11.0
15912,Victor Nelsson,Hellas Verona,D,Cremonese vs Hellas Verona,90,7.5,,0.0,1.0,,31,28.0,,,4.0,2.0,,0,0,5.0,8.0
15912,Victor Nelsson,Hellas Verona,D,Hellas Verona vs Udinese,90,6.2,,0.0,,,39,32.0,,4.0,2.0,,1.0,0,0,9.0,15.0
15912,Victor Nelsson,Hellas Verona,D,Cagliari vs Hellas Verona,90,5.9,,0.0,,,53,50.0,,1.0,3.0,,1.0,0,0,5.0,8.0
15912,Victor Nelsson,Hellas Verona,D,Hellas Verona vs Pisa,90,7.9,,0.0,,,67,59.0,,,,,2.0,0,0,13.0,15.0
15912,Victor Nelsson,Hellas Verona,D,Parma vs Hellas Verona,90,6.2,,0.0,,,13,12.0,,,1.0,,,0,0,2.0,4.0
15912,Victor Nelsson,Hellas Verona,D,Sassuolo vs Hellas Verona,90,6.9,,0.0,,,72,66.0,,1.0,2.0,,2.0,0,0,8.0,8.0
15909,Martin Frese,Hellas Verona,D,Udinese vs Hellas Verona,90,6.9,,0.0,1.0,,35,29.0,,3.0,1.0,,1.0,0,0,5.0,8.0
15909,Martin Frese,Hellas Verona,D,Lazio vs Hellas Verona,45,6.3,,0.0,,,19,16.0,,,1.0,1.0,,0,0,,1.0
15909,Martin Frese,Hellas Verona,D,Hellas Verona vs Cremonese,70,7.2,,0.0,,,36,33.0,,2.0,,2.0,,0,0,3.0,5.0
15909,Martin Frese,Hellas Verona,D,Hellas Verona vs Juventus,90,6.7,,0.0,1.0,1.0,14,7.0,,4.0,1.0,4.0,1.0,0,0,5.0,10.0
15909,Martin Frese,Hellas Verona,D,AS Roma vs Hellas Verona,90,6.9,,0.0,,,43,22.0,,6.0,3.0,3.0,1.0,0,0,13.0,17.0
15909,Martin Frese,Hellas Verona,D,Hellas Verona vs Sassuolo,90,6.9,,0.0,1.0,1.0,56,45.0,,4.0,,1.0,,0,0,4.0,7.0
15909,Martin Frese,Hellas Verona,D,Pisa vs Hellas Verona,90,7.3,,0.0,1.0,,11,5.0,,3.0,,2.0,2.0,1,0,7.0,9.0
15909,Martin Frese,Hellas Verona,D,Como vs Hellas Verona,87,7.3,,0.0,1.0,1.0,19,12.0,,6.0,1.0,,1.0,0,0,9.0,15.0
15909,Martin Frese,Hellas Verona,D,Hellas Verona vs Inter,90,5.6,,0.0,1.0,1.0,24,19.0,,2.0,1.0,1.0,,0,0,2.0,3.0
15909,Martin Frese,Hellas Verona,D,Lecce vs Hellas Verona,16,6.9,,0.0,1.0,,4,4.0,,1.0,,1.0,,1,0,3.0,4.0
15909,Martin Frese,Hellas Verona,D,Hellas Verona vs Parma,90,6.3,,0.0,,,56,41.0,,2.0,,2.0,,1,0,4.0,8.0
15909,Martin Frese,Hellas Verona,D,Genoa vs Hellas Verona,60,6.7,,0.0,1.0,,20,14.0,,1.0,,1.0,,0,0,4.0,5.0
15909,Martin Frese,Hellas Verona,D,Hellas Verona vs Atalanta,89,6.9,,0.0,1.0,1.0,19,12.0,,4.0,1.0,1.0,,1,0,5.0,9.0
15909,Martin Frese,Hellas Verona,D,Fiorentina vs Hellas Verona,75,6.9,,0.0,,,10,9.0,,1.0,1.0,2.0,1.0,1,0,4.0,8.0
15909,Martin Frese,Hellas Verona,D,Hellas Verona vs Torino,90,6.6,,0.0,,,38,26.0,,1.0,1.0,,1.0,0,0,3.0,4.0
15909,Martin Frese,Hellas Verona,D,Napoli vs Hellas Verona,90,6.9,1.0,0.0,1.0,1.0,22,14.0,,3.0,1.0,,,0,0,4.0,8.0
15909,Martin Frese,Hellas Verona,D,Hellas Verona vs Lazio,90,6.6,,0.0,1.0,1.0,19,17.0,,2.0,2.0,3.0,2.0,0,0,4.0,8.0
15909,Martin Frese,Hellas Verona,D,Cagliari vs Hellas Verona,90,6.3,,0.0,,,19,10.0,,1.0,1.0,3.0,,0,0,2.0,9.0
15909,Martin Frese,Hellas Verona,D,Hellas Verona vs Pisa,45,6.7,,0.0,,,10,8.0,,,,,,0,0,1.0,2.0
15909,Martin Frese,Hellas Verona,D,Sassuolo vs Hellas Verona,90,6.5,,0.0,1.0,,33,30.0,,1.0,1.0,1.0,2.0,0,0,4.0,9.0
527889,Fallou Cham,Hellas Verona,M,Udinese vs Hellas Verona,82,6.6,,0.0,,,14,10.0,,3.0,1.0,1.0,1.0,0,0,5.0,9.0
527889,Fallou Cham,Hellas Verona,M,Lazio vs Hellas Verona,45,6.3,,0.0,1.0,1.0,10,6.0,,4.0,2.0,2.0,2.0,0,0,6.0,10.0
527889,Fallou Cham,Hellas Verona,M,AS Roma vs Hellas Verona,14,6.3,,0.0,1.0,,2,1.0,,1.0,,1.0,,0,0,1.0,2.0
527889,Fallou Cham,Hellas Verona,M,Pisa vs Hellas Verona,61,6.9,,0.0,3.0,1.0,14,7.0,,2.0,,2.0,,0,0,4.0,7.0
527889,Fallou Cham,Hellas Verona,M,Hellas Verona vs Cagliari,20,6.2,,0.0,,,9,5.0,,3.0,1.0,,2.0,0,0,5.0,5.0
527889,Fallou Cham,Hellas Verona,M,Hellas Verona vs Bologna,13,6.7,,0.0,,,4,3.0,,1.0,,1.0,,0,0,1.0,3.0
22239,Cheikh Niasse,Hellas Verona,M,Udinese vs Hellas Verona,66,6.3,,0.0,,,12,10.0,,,1.0,,2.0,0,0,2.0,4.0
22239,Cheikh Niasse,Hellas Verona,M,Hellas Verona vs Cremonese,10,6.9,,0.0,,,9,8.0,,1.0,,,,0,0,2.0,2.0
22239,Cheikh Niasse,Hellas Verona,M,Hellas Verona vs Juventus,13,6.7,,0.0,1.0,,6,5.0,,,1.0,,,0,0,,1.0
22239,Cheikh Niasse,Hellas Verona,M,Hellas Verona vs Sassuolo,14,6.7,,0.0,,,15,12.0,,,,1.0,1.0,0,0,1.0,2.0
22239,Cheikh Niasse,Hellas Verona,M,Como vs Hellas Verona,22,6.3,,0.0,,,13,9.0,,,,2.0,1.0,0,0,1.0,4.0
22239,Cheikh Niasse,Hellas Verona,M,Hellas Verona vs Inter,17,6.5,,0.0,,,5,4.0,,,,,,0,0,,2.0
22239,Cheikh Niasse,Hellas Verona,M,Lecce vs Hellas Verona,9,6.7,,0.0,,,3,1.0,,1.0,,,,0,0,1.0,1.0
22239,Cheikh Niasse,Hellas Verona,M,Genoa vs Hellas Verona,81,6.5,,0.0,,,22,18.0,,7.0,1.0,5.0,2.0,0,0,12.0,30.0
22239,Cheikh Niasse,Hellas Verona,M,Hellas Verona vs Atalanta,88,6.6,,0.0,,,27,21.0,,,3.0,1.0,2.0,0,0,5.0,9.0
22239,Cheikh Niasse,Hellas Verona,M,Fiorentina vs Hellas Verona,45,6.2,,0.0,,,10,10.0,,1.0,,3.0,,1,0,1.0,5.0
22239,Cheikh Niasse,Hellas Verona,M,AC Milan vs Hellas Verona,90,7,,0.0,2.0,1.0,28,25.0,,3.0,1.0,,1.0,0,0,6.0,9.0
22239,Cheikh Niasse,Hellas Verona,M,Napoli vs Hellas Verona,87,7.9,,1.0,,,29,26.0,,1.0,3.0,,,0,0,4.0,8.0
22239,Cheikh Niasse,Hellas Verona,M,Hellas Verona vs Lazio,87,6.2,,0.0,,,33,26.0,,2.0,,1.0,,0,0,5.0,12.0
22239,Cheikh Niasse,Hellas Verona,M,Hellas Verona vs Bologna,77,6.9,,0.0,,,16,10.0,,3.0,,3.0,1.0,0,0,8.0,12.0
22239,Cheikh Niasse,Hellas Verona,M,Hellas Verona vs Udinese,22,6.9,,0.0,,,23,21.0,,,1.0,,2.0,0,0,4.0,5.0
22239,Cheikh Niasse,Hellas Verona,M,Cagliari vs Hellas Verona,8,6.5,,0.0,,,7,5.0,,,,,,0,0,1.0,1.0
22239,Cheikh Niasse,Hellas Verona,M,Hellas Verona vs Pisa,70,6.5,,0.0,,,39,30.0,,,,1.0,1.0,0,0,1.0,4.0
22239,Cheikh Niasse,Hellas Verona,M,Parma vs Hellas Verona,79,6.3,,0.0,1.0,,12,8.0,,1.0,,1.0,1.0,0,0,3.0,8.0
22239,Cheikh Niasse,Hellas Verona,M,Sassuolo vs Hellas Verona,90,5.9,,0.0,,,52,44.0,,1.0,3.0,2.0,1.0,0,0,3.0,7.0
1090,Antoine Bernede,Hellas Verona,M,Udinese vs Hellas Verona,90,6.9,,0.0,1.0,,42,33.0,,2.0,1.0,,1.0,0,0,3.0,4.0
1090,Antoine Bernede,Hellas Verona,M,Lazio vs Hellas Verona,70,6,,0.0,2.0,,22,18.0,,2.0,,1.0,,0,0,2.0,7.0
1090,Antoine Bernede,Hellas Verona,M,Hellas Verona vs Cremonese,80,6.9,,0.0,,,43,33.0,,1.0,,,,0,0,3.0,7.0
1090,Antoine Bernede,Hellas Verona,M,Hellas Verona vs Juventus,90,6.5,,0.0,,,16,10.0,,3.0,3.0,5.0,3.0,1,0,6.0,15.0
1090,Antoine Bernede,Hellas Verona,M,AS Roma vs Hellas Verona,89,6.2,,0.0,1.0,1.0,25,20.0,,,,,1.0,0,0,4.0,11.0
1090,Antoine Bernede,Hellas Verona,M,Hellas Verona vs Sassuolo,76,6.9,,0.0,,,26,22.0,,3.0,1.0,2.0,,0,0,4.0,6.0
1090,Antoine Bernede,Hellas Verona,M,Pisa vs Hellas Verona,61,6.7,,0.0,,,16,11.0,,2.0,,2.0,,0,0,3.0,7.0
1090,Antoine Bernede,Hellas Verona,M,Hellas Verona vs Cagliari,45,7,,0.0,,,25,19.0,,2.0,,,,0,0,2.0,2.0
1090,Antoine Bernede,Hellas Verona,M,Como vs Hellas Verona,90,6.3,,0.0,,,27,17.0,,2.0,,5.0,1.0,0,0,5.0,15.0
1090,Antoine Bernede,Hellas Verona,M,Hellas Verona vs Inter,73,5.9,,0.0,,,18,13.0,,,,2.0,,0,0,,6.0
1090,Antoine Bernede,Hellas Verona,M,Lecce vs Hellas Verona,35,6.3,,0.0,,,7,3.0,,3.0,,1.0,,0,0,3.0,7.0
1090,Antoine Bernede,Hellas Verona,M,Hellas Verona vs Parma,54,6.9,,0.0,1.0,,28,23.0,,3.0,,5.0,1.0,0,0,6.0,11.0
1090,Antoine Bernede,Hellas Verona,M,Genoa vs Hellas Verona,66,6.3,,0.0,,,21,12.0,,3.0,2.0,2.0,1.0,0,0,5.0,10.0
1090,Antoine Bernede,Hellas Verona,M,Hellas Verona vs Atalanta,90,8.5,1.0,0.0,1.0,1.0,28,21.0,,4.0,,1.0,1.0,0,0,6.0,11.0
1090,Antoine Bernede,Hellas Verona,M,Fiorentina vs Hellas Verona,90,7.5,,1.0,1.0,,31,21.0,,7.0,1.0,5.0,1.0,0,0,11.0,20.0
1090,Antoine Bernede,Hellas Verona,M,AC Milan vs Hellas Verona,90,6.3,,0.0,,,43,33.0,,4.0,1.0,4.0,1.0,0,0,7.0,12.0
1090,Antoine Bernede,Hellas Verona,M,Hellas Verona vs Torino,75,6.7,,0.0,,,37,29.0,,4.0,,,,0,0,4.0,8.0
1090,Antoine Bernede,Hellas Verona,M,Napoli vs Hellas Verona,90,7,,0.0,,,33,29.0,,6.0,,2.0,,0,0,7.0,12.0
1090,Antoine Bernede,Hellas Verona,M,Hellas Verona vs Lazio,90,6.7,,0.0,2.0,,30,27.0,,2.0,,1.0,1.0,0,0,3.0,9.0
1090,Antoine Bernede,Hellas Verona,M,Hellas Verona vs Bologna,90,7.2,,1.0,1.0,,40,30.0,,1.0,,,2.0,0,0,5.0,7.0
1090,Antoine Bernede,Hellas Verona,M,Cremonese vs Hellas Verona,90,6.7,,0.0,1.0,1.0,42,31.0,,1.0,,3.0,1.0,0,0,2.0,7.0
1090,Antoine Bernede,Hellas Verona,M,Hellas Verona vs Udinese,84,6.2,,0.0,,,39,32.0,,1.0,,2.0,,0,0,2.0,10.0
1090,Antoine Bernede,Hellas Verona,M,Cagliari vs Hellas Verona,57,6.2,,0.0,,,32,28.0,,1.0,,1.0,,0,0,1.0,5.0
1090,Antoine Bernede,Hellas Verona,M,Hellas Verona vs Pisa,45,6.7,,0.0,,,18,13.0,,,,2.0,1.0,0,0,2.0,6.0
418,Suat Serdar,Hellas Verona,M,Udinese vs Hellas Verona,82,7.2,1.0,0.0,1.0,1.0,21,14.0,,2.0,1.0,1.0,1.0,0,0,4.0,10.0
418,Suat Serdar,Hellas Verona,M,Lazio vs Hellas Verona,90,7.3,,0.0,2.0,,24,19.0,,4.0,2.0,3.0,1.0,0,0,9.0,13.0
418,Suat Serdar,Hellas Verona,M,Hellas Verona vs Cremonese,90,7.5,,0.0,,,47,31.0,,3.0,,2.0,,1,0,6.0,11.0
418,Suat Serdar,Hellas Verona,M,Hellas Verona vs Juventus,89,6.6,,0.0,,,21,18.0,,3.0,,,,0,0,3.0,6.0
418,Suat Serdar,Hellas Verona,M,AS Roma vs Hellas Verona,90,6.6,,0.0,1.0,,32,24.0,,3.0,1.0,3.0,2.0,0,0,5.0,10.0
418,Suat Serdar,Hellas Verona,M,Hellas Verona vs Sassuolo,76,6.3,,0.0,3.0,1.0,41,29.0,,2.0,,2.0,3.0,1,0,7.0,11.0
418,Suat Serdar,Hellas Verona,M,Pisa vs Hellas Verona,86,7.5,,0.0,,,26,24.0,,2.0,,2.0,,0,0,4.0,6.0
418,Suat Serdar,Hellas Verona,M,Hellas Verona vs Cagliari,90,6.2,,0.0,1.0,1.0,27,17.0,,,1.0,3.0,2.0,0,0,4.0,12.0
418,Suat Serdar,Hellas Verona,M,Como vs Hellas Verona,68,7.9,1.0,0.0,4.0,3.0,13,6.0,,5.0,2.0,,1.0,0,0,7.0,8.0
418,Suat Serdar,Hellas Verona,M,Fiorentina vs Hellas Verona,15,6.6,,0.0,,,4,2.0,,1.0,,,,0,0,1.0,1.0
418,Suat Serdar,Hellas Verona,M,AC Milan vs Hellas Verona,15,6.7,,0.0,,,12,11.0,,,,,,0,0,,
418,Suat Serdar,Hellas Verona,M,Hellas Verona vs Torino,67,6.6,,0.0,,,33,26.0,,1.0,,,,0,0,1.0,10.0
418,Suat Serdar,Hellas Verona,M,Napoli vs Hellas Verona,11,6.6,,0.0,,,4,4.0,,1.0,,,,0,0,1.0,1.0
418,Suat Serdar,Hellas Verona,M,Hellas Verona vs Lazio,14,6.5,,0.0,,,9,7.0,,,,,,0,0,,
418,Suat Serdar,Hellas Verona,M,Hellas Verona vs Bologna,52,6.5,,0.0,,,12,9.0,,3.0,,,1.0,0,0,4.0,8.0
418,Suat Serdar,Hellas Verona,M,Cremonese vs Hellas Verona,24,6.9,,0.0,1.0,1.0,15,11.0,,,1.0,,,0,0,1.0,2.0
418,Suat Serdar,Hellas Verona,M,Hellas Verona vs Udinese,68,6.2,,0.0,,,23,15.0,,1.0,1.0,,1.0,0,0,2.0,8.0
418,Suat Serdar,Hellas Verona,M,Cagliari vs Hellas Verona,33,6.3,,0.0,,,8,5.0,,,,,,0,0,,
418,Suat Serdar,Hellas Verona,M,Hellas Verona vs Pisa,45,6.2,,0.0,,,22,12.0,,,,3.0,,1,0,1.0,5.0
418,Suat Serdar,Hellas Verona,M,Parma vs Hellas Verona,11,6.5,,0.0,,,1,,,,,,,0,0,,
14327,Domagoj Bradarić,Hellas Verona,M,Udinese vs Hellas Verona,72,6.6,,0.0,,,20,12.0,,3.0,,1.0,1.0,0,0,4.0,5.0
14327,Domagoj Bradarić,Hellas Verona,M,Lazio vs Hellas Verona,90,6.7,,0.0,,,29,23.0,,2.0,1.0,,1.0,0,0,4.0,8.0
14327,Domagoj Bradarić,Hellas Verona,M,Hellas Verona vs Cremonese,90,7.3,,0.0,1.0,1.0,42,37.0,,2.0,1.0,,1.0,0,0,6.0,8.0
14327,Domagoj Bradarić,Hellas Verona,M,Hellas Verona vs Juventus,90,6.3,,0.0,,,15,13.0,,,1.0,,,0,0,,1.0
14327,Domagoj Bradarić,Hellas Verona,M,AS Roma vs Hellas Verona,84,7.3,,0.0,,,16,11.0,,,,,1.0,0,0,2.0,3.0
14327,Domagoj Bradarić,Hellas Verona,M,Hellas Verona vs Sassuolo,85,7.2,,0.0,,,38,32.0,,2.0,,,,0,0,3.0,5.0
14327,Domagoj Bradarić,Hellas Verona,M,Hellas Verona vs Cagliari,90,6.5,,0.0,,,20,14.0,,2.0,,1.0,,0,0,3.0,5.0
14327,Domagoj Bradarić,Hellas Verona,M,Como vs Hellas Verona,22,6.2,,0.0,1.0,1.0,5,5.0,,,,,,0,0,,
14327,Domagoj Bradarić,Hellas Verona,M,Hellas Verona vs Inter,90,6.3,,0.0,1.0,,15,10.0,,1.0,,,,0,0,1.0,1.0
14327,Domagoj Bradarić,Hellas Verona,M,Lecce vs Hellas Verona,74,7,,0.0,,,11,9.0,,3.0,1.0,2.0,,1,0,3.0,7.0
14327,Domagoj Bradarić,Hellas Verona,M,Hellas Verona vs Parma,90,5.9,,0.0,,,32,26.0,,1.0,,1.0,,0,0,1.0,4.0
14327,Domagoj Bradarić,Hellas Verona,M,Genoa vs Hellas Verona,30,6.7,,0.0,1.0,1.0,10,4.0,,1.0,,,1.0,0,0,3.0,4.0
14327,Domagoj Bradarić,Hellas Verona,M,AC Milan vs Hellas Verona,65,6.3,,0.0,,,18,12.0,,,,,,0,0,,3.0
14327,Domagoj Bradarić,Hellas Verona,M,Napoli vs Hellas Verona,78,6.5,,0.0,,,22,18.0,,,,2.0,,1,0,1.0,4.0
14327,Domagoj Bradarić,Hellas Verona,M,Hellas Verona vs Lazio,90,6.7,,0.0,1.0,1.0,28,19.0,,1.0,1.0,,,0,0,1.0,4.0
14327,Domagoj Bradarić,Hellas Verona,M,Hellas Verona vs Bologna,90,6.3,,0.0,,,23,18.0,,,1.0,,,0,0,,
14327,Domagoj Bradarić,Hellas Verona,M,Cremonese vs Hellas Verona,90,7.3,,0.0,,,32,23.0,,3.0,,,2.0,0,0,6.0,9.0
14327,Domagoj Bradarić,Hellas Verona,M,Hellas Verona vs Udinese,84,6.3,,0.0,1.0,1.0,21,16.0,,,,,,0,0,,2.0
14327,Domagoj Bradarić,Hellas Verona,M,Hellas Verona vs Pisa,45,6.3,,0.0,,,14,10.0,,1.0,,,,0,0,1.0,5.0
14327,Domagoj Bradarić,Hellas Verona,M,Parma vs Hellas Verona,90,6.9,,0.0,,,13,10.0,,2.0,,,,0,0,2.0,3.0
14327,Domagoj Bradarić,Hellas Verona,M,Sassuolo vs Hellas Verona,73,6.6,,0.0,1.0,,21,14.0,,,1.0,,,0,0,2.0,3.0
312615,Giovane,Hellas Verona,F,Udinese vs Hellas Verona,90,7.2,,1.0,4.0,2.0,9,4.0,,1.0,,,1.0,0,0,8.0,18.0
312615,Giovane,Hellas Verona,F,Lazio vs Hellas Verona,90,6.3,,0.0,2.0,2.0,20,15.0,,,,,,0,0,1.0,7.0
312615,Giovane,Hellas Verona,F,Hellas Verona vs Cremonese,90,6.3,,0.0,7.0,4.0,21,13.0,,,,1.0,1.0,1,0,7.0,15.0
312615,Giovane,Hellas Verona,F,Hellas Verona vs Juventus,63,6,,0.0,,,19,12.0,,1.0,,1.0,2.0,0,0,3.0,14.0
312615,Giovane,Hellas Verona,F,AS Roma vs Hellas Verona,74,5.9,,0.0,1.0,,17,10.0,,1.0,,2.0,1.0,0,0,3.0,13.0
312615,Giovane,Hellas Verona,F,Hellas Verona vs Sassuolo,85,6.7,,0.0,4.0,4.0,30,24.0,,2.0,,,1.0,0,0,4.0,12.0
312615,Giovane,Hellas Verona,F,Pisa vs Hellas Verona,67,5.9,,0.0,,,13,5.0,,,,2.0,,0,0,4.0,17.0
312615,Giovane,Hellas Verona,F,Hellas Verona vs Cagliari,78,7.9,,2.0,2.0,1.0,29,18.0,,,1.0,1.0,2.0,0,0,7.0,14.0
312615,Giovane,Hellas Verona,F,Como vs Hellas Verona,90,6,,0.0,1.0,1.0,21,15.0,,,,3.0,1.0,0,0,5.0,21.0
312615,Giovane,Hellas Verona,F,Hellas Verona vs Inter,80,7.3,1.0,0.0,1.0,1.0,16,11.0,,,1.0,3.0,1.0,0,0,3.0,15.0
312615,Giovane,Hellas Verona,F,Lecce vs Hellas Verona,74,6.3,,0.0,,,23,16.0,,,,,,0,0,7.0,24.0
312615,Giovane,Hellas Verona,F,Hellas Verona vs Parma,90,6.9,1.0,0.0,2.0,2.0,20,17.0,,1.0,,1.0,2.0,1,0,6.0,19.0
312615,Giovane,Hellas Verona,F,Genoa vs Hellas Verona,90,6.5,,0.0,2.0,1.0,21,11.0,,,,,1.0,0,0,8.0,15.0
312615,Giovane,Hellas Verona,F,Hellas Verona vs Atalanta,88,8.3,1.0,1.0,2.0,2.0,18,15.0,,,,1.0,,0,0,3.0,14.0
312615,Giovane,Hellas Verona,F,Fiorentina vs Hellas Verona,35,6.5,,0.0,,,11,7.0,,,1.0,,,0,0,2.0,5.0
312615,Giovane,Hellas Verona,F,AC Milan vs Hellas Verona,45,6.5,,0.0,,,7,4.0,,3.0,,,,0,0,3.0,9.0
312615,Giovane,Hellas Verona,F,Hellas Verona vs Torino,90,6.2,,0.0,2.0,2.0,22,14.0,,1.0,,,1.0,0,0,4.0,17.0
312615,Giovane,Hellas Verona,F,Napoli vs Hellas Verona,26,6.3,,0.0,2.0,,5,3.0,,1.0,,2.0,,0,0,3.0,8.0
312615,Giovane,Hellas Verona,F,Hellas Verona vs Lazio,68,6.3,,0.0,,,25,16.0,,1.0,1.0,2.0,,0,0,5.0,18.0
312615,Giovane,Hellas Verona,F,Hellas Verona vs Bologna,38,6.7,,0.0,1.0,1.0,7,6.0,,1.0,,,,0,0,3.0,7.0
312615,Giovane,Hellas Verona,F,Cremonese vs Hellas Verona,90,6.3,,0.0,2.0,2.0,13,8.0,,,1.0,2.0,1.0,0,0,6.0,15.0
312615,Giovane,Hellas Verona,F,Juventus vs Napoli,20,6.3,,0.0,,,6,6.0,,,,,2.0,0,0,2.0,5.0
312615,Giovane,Hellas Verona,F,Napoli vs Fiorentina,11,6.3,,0.0,,,6,5.0,,,,,,0,0,1.0,2.0
312615,Giovane,Hellas Verona,F,Genoa vs Napoli,32,5.9,,0.0,,,9,4.0,,,,2.0,,0,0,,6.0
312615,Giovane,Hellas Verona,F,Napoli vs AS Roma,11,6.9,,1.0,,,5,4.0,,,,,,0,0,1.0,1.0
312615,Giovane,Hellas Verona,F,Atalanta vs Napoli,20,6.5,,0.0,,,4,2.0,,,,1.0,3.0,0,0,3.0,6.0
236955,Amin Sarr,Hellas Verona,F,Udinese vs Hellas Verona,66,6.7,,0.0,,,11,8.0,,2.0,1.0,1.0,1.0,0,0,5.0,14.0
236955,Amin Sarr,Hellas Verona,F,Lazio vs Hellas Verona,78,6.7,,0.0,,,13,11.0,,1.0,,2.0,2.0,0,0,4.0,11.0
236955,Amin Sarr,Hellas Verona,F,Hellas Verona vs Cremonese,10,6.7,,0.0,1.0,1.0,3,2.0,,,,1.0,,0,0,1.0,3.0
236955,Amin Sarr,Hellas Verona,F,Hellas Verona vs Juventus,27,6.7,,0.0,1.0,,12,7.0,,,,,,0,0,4.0,10.0
236955,Amin Sarr,Hellas Verona,F,AS Roma vs Hellas Verona,16,6.2,,0.0,1.0,,3,3.0,,,,1.0,1.0,0,0,1.0,5.0
236955,Amin Sarr,Hellas Verona,F,Hellas Verona vs Sassuolo,14,6.3,,0.0,,,5,2.0,,,,,,0,0,2.0,4.0
236955,Amin Sarr,Hellas Verona,F,Pisa vs Hellas Verona,23,6.9,,0.0,,,6,3.0,,2.0,,,2.0,0,0,7.0,11.0
236955,Amin Sarr,Hellas Verona,F,Hellas Verona vs Cagliari,12,6.9,,0.0,,,13,9.0,,,,,,0,0,4.0,4.0
236955,Amin Sarr,Hellas Verona,F,Como vs Hellas Verona,15,6.3,,0.0,1.0,1.0,5,3.0,,,,1.0,,0,0,,4.0
236955,Amin Sarr,Hellas Verona,F,Hellas Verona vs Inter,10,6.7,,0.0,,,3,3.0,,,,,,0,0,,1.0
236955,Amin Sarr,Hellas Verona,F,Lecce vs Hellas Verona,16,6.2,,0.0,,,7,4.0,,,,1.0,1.0,0,0,1.0,6.0
236955,Amin Sarr,Hellas Verona,F,Hellas Verona vs Parma,26,6.7,,0.0,,,11,10.0,,1.0,,,,0,0,1.0,2.0
236955,Amin Sarr,Hellas Verona,F,Genoa vs Hellas Verona,24,6.3,,0.0,,,6,5.0,,,1.0,1.0,1.0,0,0,1.0,7.0
236955,Amin Sarr,Hellas Verona,F,Hellas Verona vs Atalanta,11,6.7,,0.0,,,2,1.0,,1.0,,,,0,0,2.0,4.0
236955,Amin Sarr,Hellas Verona,F,Fiorentina vs Hellas Verona,29,6.9,,0.0,,,7,5.0,,,,,2.0,0,0,2.0,3.0
236955,Amin Sarr,Hellas Verona,F,AC Milan vs Hellas Verona,45,6.5,,0.0,,,10,10.0,,1.0,,1.0,,0,0,2.0,7.0
236955,Amin Sarr,Hellas Verona,F,Hellas Verona vs Torino,15,6.6,,0.0,1.0,,8,6.0,,,,,,0,0,3.0,5.0
236955,Amin Sarr,Hellas Verona,F,Napoli vs Hellas Verona,64,5.9,,0.0,,,13,8.0,,,,3.0,,0,0,4.0,17.0
236955,Amin Sarr,Hellas Verona,F,Hellas Verona vs Lazio,22,6.3,,0.0,,,6,5.0,,,,,,0,0,,1.0
236955,Amin Sarr,Hellas Verona,F,Hellas Verona vs Bologna,82,6.6,,0.0,2.0,1.0,21,16.0,,1.0,,2.0,1.0,0,0,8.0,17.0
236955,Amin Sarr,Hellas Verona,F,Cremonese vs Hellas Verona,66,6.9,,0.0,1.0,,12,8.0,,1.0,1.0,2.0,3.0,0,0,8.0,15.0
236955,Amin Sarr,Hellas Verona,F,Hellas Verona vs Udinese,71,6.7,,1.0,1.0,,14,11.0,,1.0,,1.0,1.0,0,0,5.0,15.0
236955,Amin Sarr,Hellas Verona,F,Cagliari vs Hellas Verona,51,5.2,,0.0,,,10,6.0,,,,3.0,1.0,2,1,1.0,6.0
236955,Amin Sarr,Hellas Verona,F,Parma vs Hellas Verona,28,6.9,,0.0,,,8,7.0,,2.0,,1.0,,0,0,4.0,6.0
236955,Amin Sarr,Hellas Verona,F,Sassuolo vs Hellas Verona,73,6.5,,0.0,1.0,1.0,16,13.0,,,,1.0,,0,0,2.0,5.0
37437,Abdou Harroui,Hellas Verona,M,Udinese vs Hellas Verona,24,6.7,,0.0,,,9,7.0,,1.0,,,,0,0,2.0,4.0
37437,Abdou Harroui,Hellas Verona,M,Lazio vs Hellas Verona,45,6.2,,0.0,1.0,1.0,14,13.0,,1.0,,2.0,1.0,0,0,2.0,4.0
37437,Abdou Harroui,Hellas Verona,M,Hellas Verona vs Cagliari,12,6.7,,0.0,,,4,4.0,,2.0,,,,0,0,2.0,3.0
37437,Abdou Harroui,Hellas Verona,M,Hellas Verona vs Inter,8,6.3,,0.0,,,3,2.0,,,,1.0,,0,0,,1.0
37437,Abdou Harroui,Hellas Verona,M,Lecce vs Hellas Verona,55,6.2,,0.0,,,15,10.0,,1.0,,1.0,,0,0,1.0,5.0
37437,Abdou Harroui,Hellas Verona,M,Hellas Verona vs Parma,2,,,0.0,,,2,1.0,,,,,,0,0,,
37437,Abdou Harroui,Hellas Verona,M,Hellas Verona vs Atalanta,10,6.3,,0.0,,,0,,,,,,,0,0,,
37437,Abdou Harroui,Hellas Verona,M,AC Milan vs Hellas Verona,9,6.2,,0.0,,,6,5.0,,,,,,0,0,,3.0
37437,Abdou Harroui,Hellas Verona,M,Hellas Verona vs Torino,23,6.2,,0.0,,,18,16.0,,,,,,0,0,,2.0
37437,Abdou Harroui,Hellas Verona,M,Cremonese vs Hellas Verona,19,6.9,,0.0,,,11,11.0,,1.0,,1.0,,0,0,1.0,2.0
37437,Abdou Harroui,Hellas Verona,M,Hellas Verona vs Udinese,22,6.9,,0.0,,,18,16.0,,1.0,,1.0,,0,0,3.0,6.0
37437,Abdou Harroui,Hellas Verona,M,Cagliari vs Hellas Verona,57,6.5,,0.0,,,29,21.0,,3.0,,,,0,0,4.0,7.0
37437,Abdou Harroui,Hellas Verona,M,Hellas Verona vs Pisa,10,6.3,,0.0,,,6,2.0,,,,,,0,0,,1.0
37437,Abdou Harroui,Hellas Verona,M,Parma vs Hellas Verona,79,6.9,1.0,0.0,1.0,1.0,22,15.0,,1.0,,2.0,,0,0,3.0,10.0
37437,Abdou Harroui,Hellas Verona,M,Sassuolo vs Hellas Verona,82,6.2,,0.0,,,40,32.0,,2.0,,1.0,,0,0,2.0,6.0
59421,Daniel Mosquera,Hellas Verona,F,Udinese vs Hellas Verona,24,6.5,,0.0,,,3,,,,,2.0,1.0,0,0,6.0,14.0
59421,Daniel Mosquera,Hellas Verona,F,Lazio vs Hellas Verona,12,6.2,,0.0,,,1,1.0,,,,,,0,0,,3.0
59421,Daniel Mosquera,Hellas Verona,F,Hellas Verona vs Sassuolo,12,6.7,,0.0,1.0,1.0,4,3.0,,,,,,0,0,1.0,4.0
59421,Daniel Mosquera,Hellas Verona,F,Pisa vs Hellas Verona,23,6.3,,0.0,,,9,5.0,,1.0,,1.0,1.0,0,0,3.0,5.0
59421,Daniel Mosquera,Hellas Verona,F,Como vs Hellas Verona,8,6.3,,0.0,1.0,1.0,1,1.0,,,,,,0,0,,1.0
59421,Daniel Mosquera,Hellas Verona,F,Hellas Verona vs Inter,17,6.2,,0.0,,,6,4.0,,,,1.0,,0,0,,5.0
59421,Daniel Mosquera,Hellas Verona,F,Hellas Verona vs Parma,36,6.3,,1.0,1.0,,5,2.0,,,,2.0,,0,0,,6.0
59421,Daniel Mosquera,Hellas Verona,F,Genoa vs Hellas Verona,66,6.5,,0.0,1.0,1.0,7,6.0,,1.0,,2.0,,1,0,1.0,12.0
59421,Daniel Mosquera,Hellas Verona,F,Hellas Verona vs Atalanta,79,6.9,,1.0,2.0,1.0,21,16.0,,2.0,,1.0,2.0,0,0,9.0,17.0
59421,Daniel Mosquera,Hellas Verona,F,Fiorentina vs Hellas Verona,61,6.3,,0.0,1.0,,16,14.0,,1.0,2.0,,,0,0,3.0,8.0
59421,Daniel Mosquera,Hellas Verona,F,AC Milan vs Hellas Verona,45,6.2,,0.0,,,5,4.0,,,,2.0,,0,0,,6.0
59421,Daniel Mosquera,Hellas Verona,F,Hellas Verona vs Torino,75,5.6,,0.0,1.0,,11,8.0,,,,7.0,,0,0,3.0,17.0
59421,Daniel Mosquera,Hellas Verona,F,Napoli vs Hellas Verona,11,6.3,,0.0,,,5,3.0,,,,,,0,0,1.0,1.0
59421,Daniel Mosquera,Hellas Verona,F,Hellas Verona vs Lazio,22,6.7,,0.0,1.0,,6,5.0,,,,,,0,0,3.0,6.0
59421,Daniel Mosquera,Hellas Verona,F,Hellas Verona vs Bologna,8,6.5,,0.0,,,0,,,,,1.0,,0,0,1.0,4.0
59421,Daniel Mosquera,Hellas Verona,F,Cagliari vs Hellas Verona,32,6.5,,0.0,1.0,1.0,2,2.0,,,,3.0,1.0,0,0,1.0,6.0
59421,Daniel Mosquera,Hellas Verona,F,Hellas Verona vs Pisa,8,6.5,,0.0,,,3,2.0,,,,,,0,0,,1.0
59421,Daniel Mosquera,Hellas Verona,F,Sassuolo vs Hellas Verona,17,6.5,,0.0,1.0,,1,1.0,,,,,,0,0,,1.0
303362,Rafik Belghali,Hellas Verona,D,Udinese vs Hellas Verona,18,6.6,,0.0,,,2,2.0,,1.0,,1.0,,1,0,2.0,4.0
303362,Rafik Belghali,Hellas Verona,D,Lazio vs Hellas Verona,20,6.2,,0.0,,,2,,,,,,,0,0,,2.0
303362,Rafik Belghali,Hellas Verona,D,Hellas Verona vs Cremonese,90,6.3,,0.0,,,22,16.0,,1.0,2.0,2.0,,0,0,1.0,6.0
303362,Rafik Belghali,Hellas Verona,D,Hellas Verona vs Juventus,78,7,,0.0,,,20,17.0,,1.0,1.0,,1.0,0,0,3.0,5.0
303362,Rafik Belghali,Hellas Verona,D,AS Roma vs Hellas Verona,90,6.6,,0.0,1.0,1.0,21,17.0,,,1.0,,,1,0,4.0,7.0
303362,Rafik Belghali,Hellas Verona,D,Hellas Verona vs Sassuolo,90,6.7,,0.0,,,24,19.0,,,1.0,1.0,,1,0,1.0,5.0
303362,Rafik Belghali,Hellas Verona,D,Pisa vs Hellas Verona,29,6.9,,0.0,,,10,9.0,,,,,,0,0,1.0,2.0
303362,Rafik Belghali,Hellas Verona,D,Hellas Verona vs Cagliari,70,6.6,,0.0,,,29,24.0,,,1.0,,,0,0,2.0,3.0
303362,Rafik Belghali,Hellas Verona,D,Como vs Hellas Verona,90,6.5,,0.0,,,16,10.0,,3.0,1.0,3.0,1.0,1,0,7.0,17.0
303362,Rafik Belghali,Hellas Verona,D,Hellas Verona vs Inter,90,6.6,,0.0,1.0,,22,15.0,,1.0,1.0,,,0,0,2.0,7.0
303362,Rafik Belghali,Hellas Verona,D,Lecce vs Hellas Verona,90,7,,0.0,2.0,1.0,28,20.0,,2.0,1.0,,,0,0,7.0,14.0
303362,Rafik Belghali,Hellas Verona,D,Hellas Verona vs Parma,90,6.7,,0.0,,,43,31.0,,3.0,1.0,2.0,1.0,0,0,5.0,13.0
303362,Rafik Belghali,Hellas Verona,D,Genoa vs Hellas Verona,81,7.7,1.0,0.0,1.0,1.0,19,15.0,,1.0,,1.0,1.0,0,0,8.0,11.0
303362,Rafik Belghali,Hellas Verona,D,Hellas Verona vs Atalanta,89,7.9,1.0,0.0,1.0,1.0,26,19.0,,,1.0,,1.0,0,0,2.0,6.0
303362,Rafik Belghali,Hellas Verona,D,Fiorentina vs Hellas Verona,90,6.3,,0.0,,,18,13.0,,2.0,1.0,3.0,,1,0,3.0,11.0
303362,Rafik Belghali,Hellas Verona,D,Parma vs Hellas Verona,20,6.5,,0.0,,,5,1.0,,,,,,0,0,,
20656,Enzo Ebosse,Hellas Verona,D,Udinese vs Hellas Verona,8,6.9,,0.0,,,8,8.0,,,,1.0,,1,0,,1.0
20656,Enzo Ebosse,Hellas Verona,D,Lazio vs Hellas Verona,45,5.3,,0.0,,,22,18.0,,,,2.0,,0,0,,3.0
20656,Enzo Ebosse,Hellas Verona,D,Cremonese vs Hellas Verona,71,7.3,,0.0,1.0,,27,26.0,,1.0,,1.0,1.0,0,0,2.0,3.0
20656,Enzo Ebosse,Hellas Verona,D,Hellas Verona vs Udinese,90,5.9,,0.0,,,46,41.0,,,,1.0,,0,0,,3.0
20656,Enzo Ebosse,Hellas Verona,D,Genoa vs Torino,45,6.5,,0.0,,,43,37.0,,,2.0,1.0,,0,0,,1.0
153408,Daniel Oyegoke,Hellas Verona,D,Udinese vs Hellas Verona,8,6.9,,0.0,,,2,2.0,,,,,,0,0,1.0,1.0
153408,Daniel Oyegoke,Hellas Verona,D,Genoa vs Hellas Verona,9,6.3,,0.0,1.0,,5,3.0,,,,,,0,0,,3.0
153408,Daniel Oyegoke,Hellas Verona,D,Hellas Verona vs Atalanta,10,6.6,,0.0,,,0,,,,,,,0,0,,
153408,Daniel Oyegoke,Hellas Verona,D,AC Milan vs Hellas Verona,75,6.5,,0.0,,,14,10.0,,3.0,,2.0,,0,0,4.0,9.0
153408,Daniel Oyegoke,Hellas Verona,D,Hellas Verona vs Torino,45,6.2,,0.0,,,10,7.0,,1.0,2.0,,,0,0,1.0,4.0
153408,Daniel Oyegoke,Hellas Verona,D,Cremonese vs Hellas Verona,3,,,0.0,,,1,1.0,,,,,,0,0,,
153408,Daniel Oyegoke,Hellas Verona,D,Hellas Verona vs Udinese,11,6.6,,0.0,,,6,4.0,,,,,1.0,0,0,1.0,1.0
153408,Daniel Oyegoke,Hellas Verona,D,Sassuolo vs Hellas Verona,17,6.7,,0.0,,,10,6.0,,1.0,,,1.0,0,0,2.0,4.0
2802,Yann Sommer,Inter,G,Inter vs Torino,90,7.3,,0.0,,,30,30.0,,,,,,0,0,,
2802,Yann Sommer,Inter,G,Inter vs Udinese,90,7.2,,0.0,,,34,29.0,,,,,,0,0,,
2802,Yann Sommer,Inter,G,Juventus vs Inter,90,5.3,,0.0,,,17,14.0,,,,,,0,0,,
2802,Yann Sommer,Inter,G,Inter vs Cremonese,90,6.3,,0.0,,,30,27.0,,,,,,0,0,,
2802,Yann Sommer,Inter,G,AS Roma vs Inter,90,9.2,,0.0,,,46,30.0,,,,,,0,0,,
2802,Yann Sommer,Inter,G,Napoli vs Inter,90,6.2,,0.0,,,43,32.0,,,,,,0,0,,
2802,Yann Sommer,Inter,G,Inter vs Fiorentina,90,7.2,,0.0,,,34,33.0,,,,,,0,0,,
2802,Yann Sommer,Inter,G,Hellas Verona vs Inter,90,6.9,,0.0,,,33,31.0,,,,,1.0,0,0,1.0,1.0
2802,Yann Sommer,Inter,G,Inter vs Lazio,90,8.3,,0.0,,,48,43.0,,,,,,0,0,,
2802,Yann Sommer,Inter,G,Inter vs AC Milan,90,6.7,,0.0,,,27,25.0,,,,,,0,0,,
2802,Yann Sommer,Inter,G,Pisa vs Inter,90,7.3,,0.0,,,28,22.0,,,,,,0,0,,
2802,Yann Sommer,Inter,G,Inter vs Como,90,7.2,,0.0,,,25,21.0,,,,,,0,0,,1.0
2802,Yann Sommer,Inter,G,Genoa vs Inter,90,6.9,,0.0,,,36,31.0,,,,,,0,0,,1.0
2802,Yann Sommer,Inter,G,Atalanta vs Inter,90,6.6,,0.0,,,30,22.0,,,,,,0,0,,
2802,Yann Sommer,Inter,G,Inter vs Bologna,90,6.5,,0.0,,,34,26.0,,,,,,0,0,,
2802,Yann Sommer,Inter,G,Parma vs Inter,90,6.6,,0.0,,,25,23.0,,,,,,0,0,,
2802,Yann Sommer,Inter,G,Inter vs Napoli,90,6.3,,0.0,,,27,22.0,,,,,,0,0,,
2802,Yann Sommer,Inter,G,Inter vs Lecce,90,6.9,,0.0,,,24,21.0,,,,,,0,0,,
2802,Yann Sommer,Inter,G,Udinese vs Inter,90,7,,0.0,,,34,24.0,,,,,,0,0,,
2802,Yann Sommer,Inter,G,Inter vs Pisa,90,5.7,,0.0,,,20,13.0,,,,,,0,0,,
2802,Yann Sommer,Inter,G,Cremonese vs Inter,90,7,,0.0,,,28,21.0,,,,,1.0,0,0,1.0,1.0
2802,Yann Sommer,Inter,G,Sassuolo vs Inter,90,7.5,,0.0,,,22,18.0,,,,,,0,0,,
2802,Yann Sommer,Inter,G,Inter vs Juventus,90,7.7,,0.0,,,27,25.0,,,,,,0,0,,
2802,Yann Sommer,Inter,G,Lecce vs Inter,90,6.7,,0.0,,,27,22.0,,,,,,0,0,,
2725,Benjamin Pavard,Inter,D,Inter vs Torino,90,7.5,,0.0,1.0,1.0,84,80.0,,2.0,2.0,1.0,,0,0,2.0,4.0
1836,Francesco Acerbi,Inter,D,Inter vs Torino,90,7.6,,0.0,1.0,1.0,68,65.0,,,,,,0,0,6.0,7.0
1836,Francesco Acerbi,Inter,D,Inter vs Udinese,83,6.7,,0.0,,,73,68.0,,1.0,2.0,1.0,,0,0,5.0,7.0
1836,Francesco Acerbi,Inter,D,Juventus vs Inter,90,6.6,,0.0,,,64,63.0,,,4.0,2.0,1.0,1,0,5.0,7.0
1836,Francesco Acerbi,Inter,D,Inter vs Sassuolo,90,7.3,,0.0,,,65,62.0,,3.0,,1.0,,0,0,8.0,11.0
1836,Francesco Acerbi,Inter,D,AS Roma vs Inter,90,7.2,,0.0,,,27,25.0,,,1.0,2.0,3.0,0,0,4.0,6.0
1836,Francesco Acerbi,Inter,D,Napoli vs Inter,90,6.3,,0.0,,,73,71.0,,,1.0,1.0,1.0,0,0,4.0,8.0
1836,Francesco Acerbi,Inter,D,Inter vs Lazio,90,6.9,,0.0,,,73,69.0,,1.0,2.0,1.0,1.0,0,0,3.0,7.0
1836,Francesco Acerbi,Inter,D,Inter vs AC Milan,85,7,,0.0,2.0,,68,63.0,,1.0,1.0,1.0,2.0,0,0,7.0,9.0
1836,Francesco Acerbi,Inter,D,Pisa vs Inter,68,7.9,,0.0,,,34,32.0,,1.0,3.0,1.0,,1,0,5.0,8.0
1836,Francesco Acerbi,Inter,D,Inter vs Como,90,7.3,,1.0,,,25,21.0,,,1.0,1.0,,0,0,1.0,6.0
1836,Francesco Acerbi,Inter,D,Parma vs Inter,13,6.6,,0.0,,,3,3.0,,,,,,0,0,,
1836,Francesco Acerbi,Inter,D,Inter vs Lecce,90,8,,0.0,,,63,61.0,,1.0,,,1.0,0,0,7.0,7.0
1836,Francesco Acerbi,Inter,D,Udinese vs Inter,13,6.9,,0.0,,,5,3.0,,,,,1.0,0,0,1.0,1.0
31009,Alessandro Bastoni,Inter,D,Inter vs Torino,86,9.3,1.0,1.0,2.0,1.0,67,63.0,,1.0,2.0,2.0,,0,0,1.0,5.0
31009,Alessandro Bastoni,Inter,D,Inter vs Udinese,90,7.3,,0.0,1.0,1.0,86,71.0,,2.0,,1.0,,0,0,5.0,8.0
31009,Alessandro Bastoni,Inter,D,Juventus vs Inter,90,5.9,,0.0,2.0,,77,71.0,,,,2.0,,0,0,2.0,5.0
31009,Alessandro Bastoni,Inter,D,Cagliari vs Inter,90,8.3,,1.0,,,72,61.0,,2.0,1.0,,1.0,0,0,4.0,4.0
31009,Alessandro Bastoni,Inter,D,Inter vs Cremonese,61,7.7,,0.0,,,61,58.0,,,1.0,1.0,2.0,0,0,3.0,5.0
31009,Alessandro Bastoni,Inter,D,AS Roma vs Inter,90,7.5,,0.0,,,41,33.0,,5.0,,3.0,,0,0,7.0,13.0
31009,Alessandro Bastoni,Inter,D,Napoli vs Inter,90,6.3,,0.0,1.0,,77,68.0,,,,2.0,1.0,1,0,4.0,7.0
31009,Alessandro Bastoni,Inter,D,Inter vs Fiorentina,89,7.6,,0.0,1.0,1.0,73,66.0,,2.0,,3.0,1.0,0,0,5.0,10.0
31009,Alessandro Bastoni,Inter,D,Hellas Verona vs Inter,90,8.2,,0.0,1.0,1.0,83,72.0,,4.0,2.0,,3.0,0,0,13.0,14.0
31009,Alessandro Bastoni,Inter,D,Inter vs Lazio,90,6.9,,1.0,,,65,57.0,,2.0,,6.0,1.0,0,0,3.0,11.0
31009,Alessandro Bastoni,Inter,D,Inter vs AC Milan,90,7.6,,0.0,1.0,,95,89.0,,3.0,,1.0,,0,0,5.0,7.0
31009,Alessandro Bastoni,Inter,D,Pisa vs Inter,90,6.9,,0.0,,,38,31.0,,2.0,2.0,4.0,1.0,0,0,6.0,13.0
31009,Alessandro Bastoni,Inter,D,Inter vs Como,90,7.3,,0.0,,,48,39.0,,1.0,,1.0,3.0,0,0,5.0,8.0
31009,Alessandro Bastoni,Inter,D,Genoa vs Inter,90,7.3,,0.0,,,62,55.0,,7.0,5.0,2.0,,0,0,10.0,13.0
31009,Alessandro Bastoni,Inter,D,Atalanta vs Inter,90,7.2,,0.0,,,65,57.0,,2.0,,1.0,,1,0,3.0,5.0
31009,Alessandro Bastoni,Inter,D,Inter vs Bologna,76,7.2,,0.0,1.0,1.0,50,48.0,,1.0,1.0,1.0,1.0,1,0,5.0,9.0
31009,Alessandro Bastoni,Inter,D,Inter vs Napoli,90,7,,0.0,,,75,63.0,,3.0,3.0,1.0,,0,0,5.0,6.0
31009,Alessandro Bastoni,Inter,D,Inter vs Lecce,90,7.6,,0.0,,,84,66.0,,2.0,,1.0,1.0,0,0,6.0,11.0
31009,Alessandro Bastoni,Inter,D,Inter vs Pisa,90,7.9,,1.0,2.0,1.0,71,61.0,,,1.0,1.0,1.0,0,0,4.0,8.0
31009,Alessandro Bastoni,Inter,D,Cremonese vs Inter,90,8.3,,0.0,,,104,85.0,,,,,1.0,0,0,5.0,6.0
31009,Alessandro Bastoni,Inter,D,Sassuolo vs Inter,63,7.3,,0.0,,,41,38.0,,1.0,1.0,,,0,0,2.0,2.0
31009,Alessandro Bastoni,Inter,D,Inter vs Juventus,45,6.5,,0.0,1.0,1.0,44,42.0,,,1.0,1.0,1.0,1,0,2.0,3.0
31009,Alessandro Bastoni,Inter,D,Lecce vs Inter,88,7.2,,0.0,,,93,73.0,,1.0,1.0,2.0,,1,0,7.0,12.0
226,Denzel Dumfries,Inter,M,Inter vs Torino,90,7.2,,0.0,,,25,24.0,,1.0,2.0,,,0,0,4.0,6.0
226,Denzel Dumfries,Inter,M,Inter vs Udinese,90,6.7,1.0,0.0,1.0,1.0,25,21.0,,1.0,2.0,2.0,,0,0,2.0,5.0
226,Denzel Dumfries,Inter,M,Juventus vs Inter,77,6.6,,0.0,,,15,12.0,,1.0,,,2.0,0,0,6.0,9.0
226,Denzel Dumfries,Inter,M,Inter vs Sassuolo,64,7.2,,0.0,,,26,20.0,,2.0,,,,0,0,5.0,7.0
226,Denzel Dumfries,Inter,M,Cagliari vs Inter,18,6.7,,0.0,,,4,1.0,,1.0,,,,0,0,2.0,5.0
226,Denzel Dumfries,Inter,M,Inter vs Cremonese,53,6.3,,0.0,,,20,15.0,,,,,,0,0,,3.0
226,Denzel Dumfries,Inter,M,AS Roma vs Inter,90,6.3,,0.0,1.0,1.0,23,16.0,,,,3.0,,0,0,3.0,8.0
226,Denzel Dumfries,Inter,M,Napoli vs Inter,73,6.5,,0.0,1.0,,20,16.0,,1.0,,,2.0,0,0,5.0,7.0
226,Denzel Dumfries,Inter,M,Inter vs Fiorentina,77,6.2,,0.0,1.0,1.0,25,18.0,,1.0,,2.0,1.0,0,0,3.0,9.0
226,Denzel Dumfries,Inter,M,Hellas Verona vs Inter,35,6.3,,0.0,,,15,11.0,,,,1.0,,0,0,,2.0
226,Denzel Dumfries,Inter,M,Inter vs Lazio,56,6.2,,0.0,,,18,14.0,,,,4.0,1.0,1,0,2.0,7.0
348205,Petar Sučić,Inter,M,Inter vs Torino,90,7.2,,1.0,3.0,2.0,57,52.0,,4.0,,3.0,,0,0,4.0,9.0
348205,Petar Sučić,Inter,M,Inter vs Udinese,62,6.7,,0.0,,,23,18.0,,1.0,,,1.0,0,0,4.0,8.0
348205,Petar Sučić,Inter,M,Juventus vs Inter,9,6.2,,0.0,,,5,4.0,,,,,,0,0,,1.0
348205,Petar Sučić,Inter,M,Inter vs Sassuolo,90,7.2,,1.0,,,37,35.0,,1.0,1.0,3.0,2.0,0,0,4.0,10.0
348205,Petar Sučić,Inter,M,Inter vs Cremonese,15,7,,0.0,,,11,11.0,,,,1.0,1.0,1,0,1.0,3.0
348205,Petar Sučić,Inter,M,AS Roma vs Inter,21,6.7,,0.0,,,6,3.0,,2.0,,2.0,,1,0,4.0,8.0
348205,Petar Sučić,Inter,M,Napoli vs Inter,17,6.5,,0.0,,,10,9.0,,,,1.0,,0,0,,2.0
348205,Petar Sučić,Inter,M,Inter vs Fiorentina,90,8.5,1.0,0.0,1.0,1.0,46,42.0,,2.0,1.0,2.0,1.0,0,0,5.0,11.0
348205,Petar Sučić,Inter,M,Hellas Verona vs Inter,88,7.6,,0.0,,,51,45.0,,3.0,,,3.0,0,0,9.0,11.0
348205,Petar Sučić,Inter,M,Inter vs Lazio,56,6.5,,0.0,1.0,,23,19.0,,1.0,,3.0,,1,0,1.0,4.0
348205,Petar Sučić,Inter,M,Inter vs AC Milan,90,6.9,,0.0,1.0,,65,60.0,,,1.0,,1.0,0,0,3.0,8.0
348205,Petar Sučić,Inter,M,Pisa vs Inter,45,6.6,,0.0,,,26,18.0,,,,,,0,0,1.0,2.0
348205,Petar Sučić,Inter,M,Inter vs Como,8,6.3,,0.0,,,6,4.0,,,,,,0,0,,1.0
348205,Petar Sučić,Inter,M,Genoa vs Inter,74,6.3,,0.0,,,48,40.0,,4.0,,,,0,0,5.0,10.0
348205,Petar Sučić,Inter,M,Inter vs Bologna,22,6.7,,0.0,,,3,2.0,,,,1.0,1.0,0,0,1.0,2.0
348205,Petar Sučić,Inter,M,Parma vs Inter,69,6.5,,0.0,2.0,1.0,29,26.0,,,,1.0,,0,0,2.0,5.0
348205,Petar Sučić,Inter,M,Inter vs Napoli,9,6.9,,0.0,,,7,6.0,,,,,,0,0,1.0,1.0
348205,Petar Sučić,Inter,M,Inter vs Lecce,8,6.3,,0.0,,,1,,,,,,,0,0,,2.0
348205,Petar Sučić,Inter,M,Udinese vs Inter,2,,,0.0,,,2,1.0,,1.0,,,,0,0,1.0,2.0
348205,Petar Sučić,Inter,M,Inter vs Pisa,61,6.5,,0.0,2.0,,36,29.0,,,,2.0,2.0,0,0,3.0,8.0
348205,Petar Sučić,Inter,M,Cremonese vs Inter,82,7,,0.0,1.0,,53,48.0,,,1.0,,6.0,0,0,7.0,11.0
348205,Petar Sučić,Inter,M,Sassuolo vs Inter,90,6.7,,0.0,1.0,,70,62.0,,2.0,,3.0,1.0,0,0,3.0,11.0
348205,Petar Sučić,Inter,M,Inter vs Juventus,66,7.2,,0.0,,,37,33.0,,3.0,,,1.0,0,0,6.0,8.0
348205,Petar Sučić,Inter,M,Lecce vs Inter,60,6.9,,0.0,1.0,,38,34.0,,6.0,1.0,,,0,0,7.0,13.0
30558,Nicolò Barella,Inter,M,Inter vs Torino,90,7.9,,1.0,1.0,,112,102.0,,2.0,,,,0,0,2.0,3.0
30558,Nicolò Barella,Inter,M,Inter vs Udinese,83,7.3,,0.0,,,54,45.0,,1.0,,1.0,1.0,0,0,5.0,10.0
30558,Nicolò Barella,Inter,M,Juventus vs Inter,64,6.3,,0.0,1.0,,36,32.0,,2.0,,1.0,,0,0,2.0,7.0
30558,Nicolò Barella,Inter,M,Inter vs Sassuolo,90,7.3,,0.0,1.0,,61,49.0,,2.0,,,,0,0,5.0,11.0
30558,Nicolò Barella,Inter,M,Cagliari vs Inter,64,6.5,,0.0,,,42,36.0,,1.0,,2.0,,1,0,1.0,7.0
30558,Nicolò Barella,Inter,M,Inter vs Cremonese,90,8.9,1.0,0.0,2.0,1.0,89,77.0,,,1.0,3.0,,0,0,3.0,7.0
30558,Nicolò Barella,Inter,M,AS Roma vs Inter,82,7.2,,1.0,,,39,31.0,,4.0,,,,0,0,4.0,6.0
30558,Nicolò Barella,Inter,M,Napoli vs Inter,73,6.3,,0.0,1.0,,27,23.0,,,,1.0,,0,0,,4.0
30558,Nicolò Barella,Inter,M,Inter vs Fiorentina,85,7.2,,1.0,,,69,52.0,,2.0,,1.0,2.0,0,0,4.0,6.0
30558,Nicolò Barella,Inter,M,Hellas Verona vs Inter,35,7.2,,0.0,1.0,,32,28.0,,3.0,,,1.0,0,0,5.0,7.0
30558,Nicolò Barella,Inter,M,Inter vs Lazio,90,8,,0.0,,,53,45.0,,3.0,1.0,,2.0,0,0,7.0,8.0
30558,Nicolò Barella,Inter,M,Inter vs AC Milan,85,7.5,,0.0,1.0,,59,53.0,,,,,1.0,0,0,2.0,5.0
30558,Nicolò Barella,Inter,M,Pisa vs Inter,90,7.9,,1.0,,,59,51.0,,,,,2.0,0,0,3.0,6.0
30558,Nicolò Barella,Inter,M,Inter vs Como,85,7.2,,0.0,1.0,1.0,28,25.0,,1.0,1.0,2.0,,0,0,2.0,6.0
30558,Nicolò Barella,Inter,M,Genoa vs Inter,90,7,,0.0,,,68,57.0,,2.0,,4.0,,1,0,5.0,11.0
30558,Nicolò Barella,Inter,M,Atalanta vs Inter,76,6.6,,0.0,2.0,,64,56.0,,1.0,,,2.0,0,0,4.0,9.0
30558,Nicolò Barella,Inter,M,Inter vs Bologna,68,7,,0.0,,,27,23.0,,3.0,,2.0,2.0,1,0,5.0,10.0
30558,Nicolò Barella,Inter,M,Parma vs Inter,21,6.6,,1.0,,,18,17.0,,,,1.0,,0,0,,1.0
30558,Nicolò Barella,Inter,M,Inter vs Napoli,90,7.5,,0.0,2.0,,52,46.0,,3.0,,2.0,1.0,0,0,4.0,7.0
30558,Nicolò Barella,Inter,M,Inter vs Lecce,57,6.7,,0.0,1.0,1.0,25,21.0,,1.0,,,1.0,0,0,2.0,2.0
30558,Nicolò Barella,Inter,M,Udinese vs Inter,90,6.9,,0.0,,,54,44.0,,3.0,,1.0,1.0,0,0,4.0,10.0
30558,Nicolò Barella,Inter,M,Inter vs Pisa,29,6.9,,0.0,,,10,10.0,,,,1.0,,1,0,,3.0
30558,Nicolò Barella,Inter,M,Inter vs Juventus,54,6.3,,0.0,,,35,30.0,,,,2.0,1.0,1,0,2.0,5.0
1457,Henrikh Mkhitaryan,Inter,M,Inter vs Torino,79,7.2,,0.0,1.0,,44,39.0,,1.0,,1.0,,0,0,1.0,6.0
1457,Henrikh Mkhitaryan,Inter,M,Inter vs Udinese,28,7,,0.0,,,24,23.0,,,,,,0,0,,
1457,Henrikh Mkhitaryan,Inter,M,Juventus vs Inter,90,6.9,,0.0,1.0,,50,46.0,,3.0,1.0,2.0,2.0,1,0,7.0,13.0
1457,Henrikh Mkhitaryan,Inter,M,Cagliari vs Inter,90,7,,0.0,2.0,,51,45.0,,,2.0,1.0,1.0,0,0,4.0,8.0
1457,Henrikh Mkhitaryan,Inter,M,Inter vs Cremonese,75,6.7,,0.0,4.0,2.0,52,40.0,,1.0,2.0,1.0,,0,0,4.0,8.0
1457,Henrikh Mkhitaryan,Inter,M,AS Roma vs Inter,90,6.9,,0.0,2.0,,43,34.0,,3.0,2.0,3.0,1.0,1,0,8.0,12.0
1457,Henrikh Mkhitaryan,Inter,M,Napoli vs Inter,32,5.9,,0.0,,,6,6.0,,1.0,1.0,1.0,,0,0,1.0,5.0
1457,Henrikh Mkhitaryan,Inter,M,Inter vs Como,19,6.5,,0.0,,,7,6.0,,,,1.0,,0,0,,3.0
1457,Henrikh Mkhitaryan,Inter,M,Genoa vs Inter,16,6.6,,0.0,,,15,12.0,,1.0,,,,0,0,2.0,4.0
1457,Henrikh Mkhitaryan,Inter,M,Atalanta vs Inter,14,6.9,,0.0,,,5,4.0,,2.0,,,,0,0,2.0,2.0
1457,Henrikh Mkhitaryan,Inter,M,Inter vs Bologna,22,6.2,,0.0,,,7,5.0,,,,2.0,2.0,0,0,2.0,5.0
1457,Henrikh Mkhitaryan,Inter,M,Parma vs Inter,90,7.3,,0.0,3.0,1.0,57,45.0,,3.0,2.0,1.0,,0,0,4.0,7.0
1457,Henrikh Mkhitaryan,Inter,M,Inter vs Napoli,28,7,,0.0,,,18,17.0,,1.0,1.0,,1.0,0,0,2.0,4.0
1457,Henrikh Mkhitaryan,Inter,M,Inter vs Lecce,72,7.3,,0.0,3.0,,49,43.0,,1.0,,1.0,1.0,0,0,4.0,8.0
1457,Henrikh Mkhitaryan,Inter,M,Udinese vs Inter,78,6.6,,0.0,2.0,1.0,48,43.0,,1.0,1.0,2.0,3.0,0,0,4.0,7.0
1457,Henrikh Mkhitaryan,Inter,M,Inter vs Pisa,90,7.5,1.0,0.0,2.0,1.0,56,51.0,,2.0,,1.0,,0,0,3.0,10.0
1457,Henrikh Mkhitaryan,Inter,M,Cremonese vs Inter,30,7.3,,0.0,,,32,29.0,,1.0,1.0,,,0,0,2.0,3.0
1457,Henrikh Mkhitaryan,Inter,M,Sassuolo vs Inter,69,6.6,,0.0,2.0,2.0,41,35.0,,1.0,,1.0,1.0,0,0,3.0,6.0
1457,Henrikh Mkhitaryan,Inter,M,Lecce vs Inter,30,7.9,1.0,0.0,2.0,1.0,35,32.0,,1.0,,,,0,0,3.0,5.0
31010,Federico Dimarco,Inter,M,Inter vs Torino,66,7.5,,0.0,,,23,20.0,,1.0,,1.0,,0,0,1.0,3.0
31010,Federico Dimarco,Inter,M,Inter vs Udinese,83,6.9,,0.0,3.0,,28,27.0,,,,2.0,,0,0,,2.0
31010,Federico Dimarco,Inter,M,Juventus vs Inter,26,6.3,,1.0,,,9,4.0,,,,,,0,0,,
31010,Federico Dimarco,Inter,M,Inter vs Sassuolo,90,9,1.0,0.0,2.0,2.0,29,26.0,,4.0,,3.0,1.0,1,0,5.0,11.0
31010,Federico Dimarco,Inter,M,Cagliari vs Inter,45,7.6,,1.0,1.0,,24,22.0,,,,,,0,0,,1.0
31010,Federico Dimarco,Inter,M,Inter vs Cremonese,90,9.2,1.0,1.0,4.0,1.0,52,43.0,,3.0,3.0,,,0,0,3.0,3.0
31010,Federico Dimarco,Inter,M,AS Roma vs Inter,82,6.9,,0.0,1.0,,37,28.0,,3.0,1.0,3.0,2.0,0,0,5.0,9.0
31010,Federico Dimarco,Inter,M,Napoli vs Inter,90,6.9,,0.0,,,45,35.0,,1.0,2.0,1.0,2.0,0,0,4.0,7.0
31010,Federico Dimarco,Inter,M,Inter vs Fiorentina,90,7.2,,0.0,1.0,1.0,39,31.0,,3.0,1.0,,,0,0,4.0,6.0
31010,Federico Dimarco,Inter,M,Hellas Verona vs Inter,25,6.9,,0.0,1.0,1.0,18,13.0,,,,,,0,0,,
31010,Federico Dimarco,Inter,M,Inter vs Lazio,90,8.9,,1.0,,,39,30.0,,2.0,1.0,2.0,1.0,0,0,3.0,5.0
31010,Federico Dimarco,Inter,M,Inter vs AC Milan,90,6.2,,0.0,1.0,1.0,46,37.0,,,1.0,,,0,0,,3.0
31010,Federico Dimarco,Inter,M,Pisa vs Inter,90,6.3,,0.0,1.0,1.0,37,30.0,,3.0,,2.0,1.0,0,0,4.0,13.0
31010,Federico Dimarco,Inter,M,Inter vs Como,90,7.3,,1.0,,,38,27.0,,,3.0,1.0,2.0,0,0,2.0,3.0
31010,Federico Dimarco,Inter,M,Atalanta vs Inter,76,7.2,,0.0,,,52,47.0,,1.0,,1.0,1.0,0,0,2.0,4.0
31010,Federico Dimarco,Inter,M,Inter vs Bologna,90,6.6,,0.0,2.0,1.0,56,42.0,,1.0,,2.0,1.0,0,0,3.0,7.0
31010,Federico Dimarco,Inter,M,Parma vs Inter,90,8.3,1.0,0.0,1.0,1.0,64,53.0,,3.0,2.0,3.0,,0,0,3.0,7.0
31010,Federico Dimarco,Inter,M,Inter vs Napoli,88,7.7,1.0,0.0,1.0,1.0,40,29.0,,1.0,2.0,,,0,0,1.0,1.0
31010,Federico Dimarco,Inter,M,Udinese vs Inter,90,7,,0.0,2.0,1.0,66,57.0,,5.0,,1.0,1.0,0,0,6.0,7.0
31010,Federico Dimarco,Inter,M,Inter vs Pisa,56,10,1.0,2.0,4.0,4.0,29,27.0,,1.0,,,,0,0,1.0,1.0
31010,Federico Dimarco,Inter,M,Cremonese vs Inter,90,7.9,,1.0,,,59,52.0,,1.0,,1.0,2.0,0,0,4.0,7.0
31010,Federico Dimarco,Inter,M,Sassuolo vs Inter,90,9,,3.0,3.0,,45,39.0,,3.0,,2.0,,1,0,3.0,6.0
31010,Federico Dimarco,Inter,M,Inter vs Juventus,90,7.2,,1.0,2.0,,68,57.0,,1.0,2.0,2.0,,0,0,1.0,3.0
31010,Federico Dimarco,Inter,M,Lecce vs Inter,90,7.5,,1.0,4.0,2.0,42,35.0,,1.0,1.0,,1.0,0,0,4.0,6.0
21509,Marcus Thuram,Inter,F,Inter vs Torino,67,8.9,2.0,0.0,4.0,2.0,16,12.0,,1.0,,5.0,2.0,0,0,8.0,16.0
21509,Marcus Thuram,Inter,F,Inter vs Udinese,90,6.9,,1.0,3.0,1.0,18,12.0,,,,1.0,,0,0,7.0,14.0
21509,Marcus Thuram,Inter,F,Juventus vs Inter,90,7.2,1.0,0.0,3.0,1.0,20,16.0,,,,,1.0,0,0,4.0,8.0
21509,Marcus Thuram,Inter,F,Inter vs Sassuolo,64,6.2,,0.0,1.0,,15,12.0,,,,,1.0,0,0,2.0,7.0
21509,Marcus Thuram,Inter,F,Cagliari vs Inter,64,5.9,,0.0,4.0,2.0,19,13.0,,,,3.0,1.0,0,0,3.0,9.0
21509,Marcus Thuram,Inter,F,Inter vs Lazio,19,6.7,,0.0,,,5,4.0,,,,2.0,2.0,0,0,4.0,7.0
21509,Marcus Thuram,Inter,F,Inter vs AC Milan,90,7,,0.0,2.0,2.0,27,22.0,,1.0,,2.0,2.0,0,0,5.0,10.0
21509,Marcus Thuram,Inter,F,Pisa vs Inter,67,6.3,,0.0,1.0,,14,11.0,,1.0,,,3.0,0,0,5.0,9.0
21509,Marcus Thuram,Inter,F,Inter vs Como,77,7.9,1.0,0.0,2.0,1.0,19,13.0,,1.0,,2.0,3.0,0,0,10.0,14.0
21509,Marcus Thuram,Inter,F,Genoa vs Inter,16,6.3,,0.0,1.0,1.0,8,6.0,,,,2.0,,0,0,1.0,3.0
21509,Marcus Thuram,Inter,F,Atalanta vs Inter,64,6.2,,0.0,1.0,1.0,17,11.0,,,,1.0,1.0,0,0,1.0,5.0
21509,Marcus Thuram,Inter,F,Inter vs Bologna,83,8.9,1.0,0.0,2.0,2.0,29,22.0,,4.0,,3.0,3.0,0,0,11.0,18.0
21509,Marcus Thuram,Inter,F,Parma vs Inter,11,7.3,1.0,0.0,1.0,1.0,2,2.0,,,,2.0,1.0,1,0,1.0,2.0
21509,Marcus Thuram,Inter,F,Inter vs Napoli,83,6.9,,1.0,1.0,1.0,19,13.0,,1.0,,3.0,2.0,0,0,8.0,14.0
21509,Marcus Thuram,Inter,F,Inter vs Lecce,87,6.5,,0.0,3.0,1.0,24,16.0,,2.0,,1.0,,1,0,5.0,9.0
21509,Marcus Thuram,Inter,F,Inter vs Pisa,29,7.3,,1.0,3.0,1.0,8,7.0,,3.0,,,,0,0,6.0,10.0
21509,Marcus Thuram,Inter,F,Cremonese vs Inter,30,6.2,,0.0,1.0,,14,12.0,,,,1.0,2.0,0,0,3.0,8.0
21509,Marcus Thuram,Inter,F,Sassuolo vs Inter,76,7.3,1.0,0.0,3.0,2.0,11,7.0,,,,,1.0,0,0,2.0,6.0
21509,Marcus Thuram,Inter,F,Inter vs Juventus,86,6.5,,0.0,3.0,1.0,23,19.0,,1.0,,1.0,1.0,0,0,3.0,10.0
21509,Marcus Thuram,Inter,F,Lecce vs Inter,69,7.3,,0.0,2.0,1.0,21,15.0,,2.0,,2.0,1.0,0,0,6.0,9.0
217,Lautaro Martínez,Inter,F,Inter vs Torino,79,8.5,1.0,1.0,3.0,1.0,20,15.0,,,,,3.0,0,0,4.0,6.0
217,Lautaro Martínez,Inter,F,Inter vs Udinese,90,6.3,,0.0,1.0,,17,11.0,,3.0,,2.0,,1,0,6.0,9.0
217,Lautaro Martínez,Inter,F,Juventus vs Inter,64,6.3,,0.0,,,10,9.0,,,,2.0,3.0,0,0,4.0,10.0
217,Lautaro Martínez,Inter,F,Inter vs Sassuolo,26,6.7,,0.0,,,12,10.0,,1.0,,1.0,,0,0,1.0,4.0
217,Lautaro Martínez,Inter,F,Cagliari vs Inter,89,7.6,1.0,0.0,4.0,2.0,32,25.0,,1.0,,2.0,4.0,0,0,8.0,14.0
217,Lautaro Martínez,Inter,F,Inter vs Cremonese,75,7.3,1.0,0.0,2.0,1.0,19,15.0,,1.0,,1.0,1.0,0,0,2.0,7.0
217,Lautaro Martínez,Inter,F,AS Roma vs Inter,61,6.7,,0.0,1.0,,16,13.0,,1.0,1.0,3.0,3.0,1,0,5.0,9.0
217,Lautaro Martínez,Inter,F,Napoli vs Inter,90,6.5,,0.0,2.0,1.0,14,11.0,,,,1.0,1.0,0,0,2.0,6.0
217,Lautaro Martínez,Inter,F,Inter vs Fiorentina,89,6.6,,1.0,3.0,,23,17.0,,,,1.0,1.0,0,0,4.0,8.0
217,Lautaro Martínez,Inter,F,Hellas Verona vs Inter,90,6,,0.0,2.0,2.0,22,16.0,,,,1.0,2.0,0,0,3.0,6.0
217,Lautaro Martínez,Inter,F,Inter vs Lazio,71,7.2,1.0,0.0,3.0,1.0,22,17.0,,,,3.0,1.0,0,0,3.0,7.0
217,Lautaro Martínez,Inter,F,Inter vs AC Milan,66,6.5,,0.0,1.0,1.0,14,12.0,,1.0,1.0,2.0,1.0,0,0,3.0,7.0
217,Lautaro Martínez,Inter,F,Pisa vs Inter,88,7.9,2.0,0.0,6.0,2.0,28,23.0,,1.0,,2.0,3.0,0,0,4.0,7.0
217,Lautaro Martínez,Inter,F,Inter vs Como,85,7.3,1.0,0.0,3.0,2.0,14,12.0,,1.0,1.0,3.0,2.0,0,0,5.0,12.0
217,Lautaro Martínez,Inter,F,Genoa vs Inter,84,7.3,1.0,1.0,4.0,4.0,33,26.0,,,,1.0,1.0,0,0,3.0,7.0
217,Lautaro Martínez,Inter,F,Atalanta vs Inter,84,7.3,1.0,0.0,3.0,2.0,27,20.0,,2.0,,3.0,1.0,0,0,6.0,13.0
217,Lautaro Martínez,Inter,F,Inter vs Bologna,76,8.7,1.0,1.0,6.0,4.0,21,18.0,,1.0,1.0,2.0,4.0,0,0,7.0,13.0
217,Lautaro Martínez,Inter,F,Parma vs Inter,85,5.2,,0.0,4.0,2.0,32,23.0,,,,1.0,,0,0,,4.0
217,Lautaro Martínez,Inter,F,Inter vs Napoli,87,6.2,,0.0,1.0,,12,8.0,,1.0,,1.0,1.0,0,0,5.0,15.0
217,Lautaro Martínez,Inter,F,Inter vs Lecce,18,6.7,,0.0,1.0,1.0,7,5.0,,,,,1.0,0,0,1.0,3.0
217,Lautaro Martínez,Inter,F,Udinese vs Inter,88,7.7,1.0,0.0,3.0,2.0,25,18.0,,1.0,,1.0,1.0,0,0,4.0,10.0
217,Lautaro Martínez,Inter,F,Inter vs Pisa,80,7.7,1.0,0.0,2.0,1.0,28,21.0,,,1.0,2.0,2.0,1,0,8.0,17.0
217,Lautaro Martínez,Inter,F,Cremonese vs Inter,74,7.3,1.0,0.0,3.0,2.0,32,27.0,,,,3.0,1.0,0,0,2.0,6.0
217,Lautaro Martínez,Inter,F,Sassuolo vs Inter,76,8,1.0,0.0,2.0,1.0,23,20.0,,2.0,,,1.0,0,0,6.0,8.0
217,Lautaro Martínez,Inter,F,Inter vs Juventus,90,6.3,,0.0,1.0,,20,17.0,,3.0,,3.0,1.0,0,0,4.0,10.0
10238,Carlos Augusto,Inter,D,Inter vs Torino,24,7,,0.0,,,14,13.0,,,,,,0,0,2.0,2.0
10238,Carlos Augusto,Inter,D,Inter vs Udinese,13,6.9,,0.0,1.0,,8,6.0,,,,,,0,0,3.0,4.0
10238,Carlos Augusto,Inter,D,Juventus vs Inter,64,6.7,,1.0,,,21,15.0,,,,,1.0,0,0,3.0,5.0
10238,Carlos Augusto,Inter,D,Inter vs Sassuolo,90,6.9,,0.0,4.0,2.0,49,47.0,,1.0,1.0,2.0,1.0,0,0,5.0,11.0
10238,Carlos Augusto,Inter,D,Cagliari vs Inter,45,6.9,,0.0,,,13,12.0,,,1.0,3.0,1.0,1,0,1.0,4.0
10238,Carlos Augusto,Inter,D,Inter vs Cremonese,29,6.3,,0.0,,,31,31.0,,,,1.0,,0,0,,3.0
10238,Carlos Augusto,Inter,D,AS Roma vs Inter,8,6.7,,0.0,,,2,1.0,,,,,,0,0,,1.0
10238,Carlos Augusto,Inter,D,Inter vs Fiorentina,13,7.2,,0.0,,,3,2.0,,2.0,,,,0,0,3.0,3.0
10238,Carlos Augusto,Inter,D,Hellas Verona vs Inter,65,7.2,,0.0,,,27,23.0,,3.0,,,,0,0,7.0,8.0
10238,Carlos Augusto,Inter,D,Inter vs Lazio,34,6.9,,0.0,1.0,1.0,18,15.0,,3.0,,1.0,,0,0,3.0,4.0
10238,Carlos Augusto,Inter,D,Inter vs AC Milan,90,7,,0.0,,,54,45.0,,1.0,,,1.0,0,0,6.0,8.0
10238,Carlos Augusto,Inter,D,Pisa vs Inter,2,,,0.0,,,4,3.0,,,,,,0,0,,
10238,Carlos Augusto,Inter,D,Inter vs Como,13,7.9,1.0,0.0,1.0,1.0,2,1.0,,1.0,,1.0,,0,0,2.0,3.0
10238,Carlos Augusto,Inter,D,Genoa vs Inter,90,6.9,,0.0,1.0,,40,31.0,,2.0,,3.0,2.0,0,0,8.0,12.0
10238,Carlos Augusto,Inter,D,Atalanta vs Inter,14,6.9,,0.0,,,2,2.0,,2.0,,,,0,0,2.0,3.0
10238,Carlos Augusto,Inter,D,Inter vs Bologna,14,6.2,,0.0,,,9,8.0,,,,2.0,,0,0,2.0,5.0
10238,Carlos Augusto,Inter,D,Parma vs Inter,90,7,,0.0,,,73,66.0,,3.0,1.0,2.0,,1,0,8.0,12.0
10238,Carlos Augusto,Inter,D,Inter vs Napoli,8,6.7,,0.0,,,2,1.0,,,,,,0,0,,
10238,Carlos Augusto,Inter,D,Inter vs Lecce,90,7.7,,0.0,,,38,29.0,,4.0,2.0,1.0,2.0,0,0,14.0,19.0
10238,Carlos Augusto,Inter,D,Udinese vs Inter,77,6.6,,0.0,,,75,67.0,,1.0,,2.0,,1,0,4.0,9.0
10238,Carlos Augusto,Inter,D,Inter vs Pisa,80,7.2,,0.0,3.0,,39,34.0,,,,,1.0,0,0,5.0,8.0
10238,Carlos Augusto,Inter,D,Inter vs Juventus,45,6.3,,0.0,,,40,40.0,,,1.0,,,0,0,1.0,3.0
10238,Carlos Augusto,Inter,D,Lecce vs Inter,2,,,0.0,,,7,5.0,,2.0,,,,0,0,2.0,2.0
275651,Ange-Yoan Bonny,Inter,F,Inter vs Torino,23,7.6,1.0,0.0,1.0,1.0,6,6.0,,1.0,,1.0,1.0,0,0,3.0,6.0
275651,Ange-Yoan Bonny,Inter,F,Inter vs Udinese,13,7,,0.0,,,6,6.0,,,,,,0,0,1.0,1.0
275651,Ange-Yoan Bonny,Inter,F,Juventus vs Inter,26,6.3,,0.0,,,5,5.0,,2.0,,,1.0,0,0,3.0,7.0
275651,Ange-Yoan Bonny,Inter,F,Inter vs Sassuolo,13,6.9,,0.0,,,4,2.0,,,,,1.0,0,0,2.0,3.0
275651,Ange-Yoan Bonny,Inter,F,Inter vs Cremonese,61,9.9,1.0,3.0,1.0,1.0,19,15.0,,,,1.0,1.0,0,0,2.0,3.0
275651,Ange-Yoan Bonny,Inter,F,AS Roma vs Inter,69,7.7,1.0,0.0,2.0,1.0,13,8.0,,,,3.0,3.0,0,0,4.0,10.0
275651,Ange-Yoan Bonny,Inter,F,Napoli vs Inter,62,6.2,,0.0,1.0,,11,5.0,,1.0,,1.0,3.0,0,0,4.0,9.0
275651,Ange-Yoan Bonny,Inter,F,Inter vs Fiorentina,13,7.2,,0.0,,,4,4.0,,,,,1.0,0,0,2.0,2.0
275651,Ange-Yoan Bonny,Inter,F,Hellas Verona vs Inter,55,6.5,,0.0,1.0,,8,7.0,,,,,2.0,0,0,2.0,5.0
275651,Ange-Yoan Bonny,Inter,F,Inter vs Lazio,81,7.2,1.0,0.0,1.0,1.0,21,19.0,,,,1.0,,0,0,2.0,6.0
275651,Ange-Yoan Bonny,Inter,F,Inter vs AC Milan,24,6.5,,0.0,1.0,,5,3.0,,,,,,0,0,,1.0
275651,Ange-Yoan Bonny,Inter,F,Parma vs Inter,13,6.3,,0.0,,,2,2.0,,,,,,0,0,,
275651,Ange-Yoan Bonny,Inter,F,Inter vs Napoli,9,6.7,,0.0,,,1,1.0,,,,,1.0,0,0,1.0,1.0
275651,Ange-Yoan Bonny,Inter,F,Inter vs Lecce,56,6.3,,0.0,1.0,1.0,14,11.0,,1.0,,1.0,1.0,0,0,5.0,15.0
275651,Ange-Yoan Bonny,Inter,F,Udinese vs Inter,22,6.3,,0.0,,,3,3.0,,,1.0,1.0,,0,0,,6.0
275651,Ange-Yoan Bonny,Inter,F,Inter vs Pisa,10,7.7,1.0,0.0,1.0,1.0,2,2.0,,,,,,0,0,1.0,2.0
275651,Ange-Yoan Bonny,Inter,F,Cremonese vs Inter,16,6.5,,0.0,,,10,9.0,,1.0,,,,0,0,2.0,5.0
275651,Ange-Yoan Bonny,Inter,F,Sassuolo vs Inter,14,6.5,,0.0,,,2,2.0,,,,,,0,0,,
275651,Ange-Yoan Bonny,Inter,F,Inter vs Juventus,10,6.6,,0.0,,,5,2.0,,1.0,,,,0,0,4.0,7.0
275651,Ange-Yoan Bonny,Inter,F,Lecce vs Inter,21,6.5,,0.0,1.0,,12,10.0,,1.0,,,,0,0,1.0,3.0
270509,Andy Diouf,Inter,M,Inter vs Torino,11,6.3,,0.0,,,4,2.0,,,,,,0,0,,3.0
270509,Andy Diouf,Inter,M,Inter vs Cremonese,15,6.5,,0.0,,,11,11.0,,1.0,1.0,,1.0,0,0,2.0,5.0
270509,Andy Diouf,Inter,M,Inter vs AC Milan,10,6.9,,0.0,1.0,1.0,9,8.0,,,,,,0,0,,1.0
270509,Andy Diouf,Inter,M,Pisa vs Inter,23,7,,0.0,,,10,9.0,,1.0,,,,0,0,2.0,3.0
270509,Andy Diouf,Inter,M,Inter vs Como,8,6.3,,0.0,,,3,2.0,,,,,,0,0,,
270509,Andy Diouf,Inter,M,Genoa vs Inter,12,6.6,,0.0,,,3,2.0,,,,,,0,0,1.0,1.0
270509,Andy Diouf,Inter,M,Atalanta vs Inter,11,6.7,,0.0,,,0,,,,,,,0,0,1.0,3.0
270509,Andy Diouf,Inter,M,Inter vs Lecce,57,6.6,,0.0,2.0,1.0,25,22.0,,2.0,,,,0,0,3.0,7.0
270509,Andy Diouf,Inter,M,Cremonese vs Inter,8,6.2,,0.0,,,10,5.0,,,,,,0,0,1.0,2.0
270509,Andy Diouf,Inter,M,Sassuolo vs Inter,21,6.6,,0.0,,,15,13.0,,1.0,,,,0,0,1.0,1.0
270509,Andy Diouf,Inter,M,Inter vs Juventus,24,6.9,,0.0,,,13,12.0,,,,1.0,,0,0,1.0,2.0
270509,Andy Diouf,Inter,M,Lecce vs Inter,21,6.7,,0.0,,,8,7.0,,,,,,0,0,2.0,4.0
329,Piotr Zieliński,Inter,M,Inter vs Torino,11,6.6,,0.0,,,5,5.0,,,,,,0,0,1.0,1.0
329,Piotr Zieliński,Inter,M,Inter vs Udinese,13,6.7,,0.0,1.0,,10,8.0,,,,,,0,0,,1.0
329,Piotr Zieliński,Inter,M,Juventus vs Inter,26,6.3,,1.0,,,5,4.0,,,,,,0,0,,
329,Piotr Zieliński,Inter,M,AS Roma vs Inter,8,6.9,,0.0,,,4,3.0,,,,,1.0,0,0,1.0,1.0
329,Piotr Zieliński,Inter,M,Napoli vs Inter,58,6.3,,0.0,,,44,41.0,,,,,1.0,0,0,1.0,1.0
329,Piotr Zieliński,Inter,M,Inter vs Fiorentina,10,6.9,,0.0,,,6,6.0,,1.0,,,,0,0,1.0,1.0
329,Piotr Zieliński,Inter,M,Hellas Verona vs Inter,55,7.7,1.0,0.0,2.0,2.0,33,26.0,,,,,,0,0,2.0,5.0
329,Piotr Zieliński,Inter,M,Inter vs Lazio,34,6.7,,0.0,,,11,9.0,,1.0,,,,0,0,1.0,1.0
329,Piotr Zieliński,Inter,M,Inter vs AC Milan,12,6.9,,0.0,,,20,20.0,,,,,,0,0,1.0,2.0
329,Piotr Zieliński,Inter,M,Pisa vs Inter,45,6.7,,0.0,,,24,22.0,,,1.0,,,0,0,,
329,Piotr Zieliński,Inter,M,Inter vs Como,71,6.6,,0.0,,,36,30.0,,2.0,1.0,,1.0,0,0,3.0,4.0
329,Piotr Zieliński,Inter,M,Genoa vs Inter,89,6.9,,0.0,,,61,56.0,,,,4.0,2.0,0,0,4.0,10.0
329,Piotr Zieliński,Inter,M,Atalanta vs Inter,83,6.9,,0.0,,,48,45.0,,,,,,0,0,3.0,5.0
329,Piotr Zieliński,Inter,M,Inter vs Bologna,90,7.6,1.0,0.0,1.0,1.0,35,31.0,,1.0,,2.0,2.0,0,0,3.0,5.0
329,Piotr Zieliński,Inter,M,Parma vs Inter,21,6.7,,0.0,,,26,25.0,,,,2.0,,0,0,1.0,2.0
329,Piotr Zieliński,Inter,M,Inter vs Napoli,62,7.3,,0.0,,,31,30.0,,4.0,,2.0,1.0,0,0,6.0,9.0
329,Piotr Zieliński,Inter,M,Inter vs Lecce,90,8.3,,0.0,1.0,,79,71.0,,2.0,,2.0,,0,0,6.0,9.0
329,Piotr Zieliński,Inter,M,Udinese vs Inter,88,7.2,,0.0,,,94,89.0,,,,,1.0,0,0,2.0,3.0
329,Piotr Zieliński,Inter,M,Inter vs Pisa,90,8.3,1.0,0.0,1.0,1.0,67,61.0,,4.0,,,1.0,0,0,7.0,8.0
329,Piotr Zieliński,Inter,M,Cremonese vs Inter,90,8.2,1.0,0.0,1.0,1.0,85,79.0,,,,,,0,0,,4.0
329,Piotr Zieliński,Inter,M,Sassuolo vs Inter,63,7.3,,0.0,1.0,1.0,67,62.0,,,,,,0,0,1.0,2.0
329,Piotr Zieliński,Inter,M,Inter vs Juventus,90,8.2,1.0,0.0,3.0,2.0,77,75.0,,,,1.0,1.0,1,0,2.0,5.0
329,Piotr Zieliński,Inter,M,Lecce vs Inter,90,7.6,,0.0,1.0,,93,89.0,,,,,,0,0,1.0,2.0
10077,Luís Henrique,Inter,F,Inter vs Torino,4,,,0.0,,,2,2.0,,,,,,0,0,,
10077,Luís Henrique,Inter,F,Inter vs Sassuolo,26,6.6,,0.0,,,14,12.0,,,,,,0,0,1.0,1.0
10077,Luís Henrique,Inter,F,Cagliari vs Inter,72,6.7,,0.0,,,30,25.0,,,1.0,,,0,0,,1.0
10077,Luís Henrique,Inter,F,Inter vs Cremonese,37,6.3,,0.0,2.0,,18,17.0,,,,,,0,0,,
10077,Luís Henrique,Inter,F,Napoli vs Inter,17,6.7,,0.0,1.0,,16,14.0,,1.0,,,,0,0,1.0,2.0
10077,Luís Henrique,Inter,F,Hellas Verona vs Inter,55,6.7,,0.0,,,20,17.0,,,,,,0,0,,1.0
10077,Luís Henrique,Inter,F,Pisa vs Inter,67,6.6,,0.0,,,37,34.0,,,,,,0,0,,
10077,Luís Henrique,Inter,F,Inter vs Como,77,7.6,,1.0,1.0,1.0,26,22.0,,1.0,1.0,,,0,0,3.0,4.0
10077,Luís Henrique,Inter,F,Genoa vs Inter,90,6.2,,0.0,,,33,27.0,,,,1.0,,0,0,,3.0
10077,Luís Henrique,Inter,F,Atalanta vs Inter,90,7,,0.0,2.0,1.0,40,33.0,,1.0,1.0,1.0,,0,0,1.0,3.0
10077,Luís Henrique,Inter,F,Inter vs Bologna,90,7.2,,0.0,,,42,37.0,,2.0,1.0,,,0,0,3.0,3.0
10077,Luís Henrique,Inter,F,Parma vs Inter,85,7,,0.0,,,48,43.0,,1.0,,1.0,,0,0,2.0,5.0
10077,Luís Henrique,Inter,F,Inter vs Napoli,90,6.9,,0.0,,,48,43.0,,3.0,,,,0,0,3.0,4.0
10077,Luís Henrique,Inter,F,Inter vs Lecce,33,6.9,,0.0,,,17,15.0,,,,,,1,0,1.0,2.0
10077,Luís Henrique,Inter,F,Udinese vs Inter,90,6.6,,0.0,,,47,39.0,,1.0,,1.0,,0,0,2.0,5.0
10077,Luís Henrique,Inter,F,Inter vs Pisa,34,6.3,,0.0,,,34,27.0,,,,,,0,0,,
10077,Luís Henrique,Inter,F,Cremonese vs Inter,60,6.9,,1.0,,,33,29.0,,1.0,,,,0,0,3.0,4.0
10077,Luís Henrique,Inter,F,Sassuolo vs Inter,90,7.9,1.0,0.0,2.0,2.0,34,32.0,,1.0,,1.0,,0,0,2.0,3.0
10077,Luís Henrique,Inter,F,Inter vs Juventus,66,6.9,,0.0,,,29,24.0,,2.0,2.0,,,0,0,2.0,4.0
10077,Luís Henrique,Inter,F,Lecce vs Inter,69,6.9,,0.0,1.0,1.0,32,30.0,,,,,,0,0,1.0,1.0
56266,Franco Israel,Torino,G,Inter vs Torino,90,5.6,,0.0,,,29,23.0,,,,,,0,0,,
56266,Franco Israel,Torino,G,Torino vs Fiorentina,90,7.9,,0.0,,,34,21.0,,,,,,0,0,,
56266,Franco Israel,Torino,G,AS Roma vs Torino,90,7.9,,0.0,,,39,13.0,,,,,1.0,0,0,1.0,1.0
56266,Franco Israel,Torino,G,Torino vs Atalanta,90,6.3,,0.0,,,25,17.0,,,,,1.0,0,0,1.0,1.0
56266,Franco Israel,Torino,G,Parma vs Torino,90,6.2,,0.0,,,41,30.0,,,,,1.0,0,0,2.0,2.0
56266,Franco Israel,Torino,G,Lazio vs Torino,90,5.9,,0.0,,,29,22.0,,,,,,0,0,,
56266,Franco Israel,Torino,G,Torino vs Napoli,90,6.9,,0.0,,,38,11.0,,,,,,1,0,2.0,3.0
56266,Franco Israel,Torino,G,Lecce vs Torino,90,6,,0.0,,,24,17.0,,,,,,0,0,,
56266,Franco Israel,Torino,G,Torino vs AC Milan,90,7,,0.0,,,31,16.0,,,,,,0,0,,
25353,Valentino Lazaro,Torino,D,Inter vs Torino,79,5.6,,0.0,,,44,39.0,,2.0,,1.0,,0,0,4.0,6.0
25353,Valentino Lazaro,Torino,D,Torino vs Fiorentina,14,6.7,,0.0,,,9,8.0,,,,1.0,,1,0,,1.0
25353,Valentino Lazaro,Torino,D,AS Roma vs Torino,90,6.6,,0.0,,,21,17.0,,,,2.0,,0,0,,4.0
25353,Valentino Lazaro,Torino,D,Torino vs Atalanta,90,7.7,,0.0,,,30,24.0,,3.0,,1.0,1.0,0,0,4.0,5.0
25353,Valentino Lazaro,Torino,D,Parma vs Torino,90,6.9,,0.0,,,37,33.0,,3.0,1.0,,,0,0,3.0,6.0
25353,Valentino Lazaro,Torino,D,Lazio vs Torino,63,6.7,,0.0,,,38,29.0,,1.0,1.0,1.0,1.0,0,0,3.0,5.0
25353,Valentino Lazaro,Torino,D,Torino vs Genoa,30,6.9,,1.0,,,11,10.0,,1.0,,,,0,0,1.0,4.0
25353,Valentino Lazaro,Torino,D,Bologna vs Torino,90,7.3,,0.0,,,19,16.0,,3.0,1.0,2.0,,0,0,3.0,8.0
25353,Valentino Lazaro,Torino,D,Torino vs Pisa,73,6.3,,0.0,,,31,25.0,,,,1.0,,0,0,,5.0
25353,Valentino Lazaro,Torino,D,Juventus vs Torino,90,6.9,,0.0,,,18,14.0,,3.0,1.0,1.0,,0,0,4.0,11.0
25353,Valentino Lazaro,Torino,D,Torino vs Como,90,6.2,,0.0,,,24,22.0,,,1.0,2.0,1.0,0,0,1.0,6.0
25353,Valentino Lazaro,Torino,D,Lecce vs Torino,20,6.6,,0.0,,,6,4.0,,,1.0,,,0,0,1.0,2.0
25353,Valentino Lazaro,Torino,D,Torino vs AC Milan,84,7.2,,0.0,,,23,21.0,,2.0,,1.0,,1,0,2.0,5.0
25353,Valentino Lazaro,Torino,D,Torino vs Cremonese,89,7.3,,0.0,,,50,40.0,,1.0,2.0,1.0,2.0,0,0,7.0,11.0
25353,Valentino Lazaro,Torino,D,Sassuolo vs Torino,90,6.6,,0.0,,,29,22.0,,2.0,,2.0,,0,0,4.0,7.0
25353,Valentino Lazaro,Torino,D,Torino vs Cagliari,67,6.6,,0.0,,,29,27.0,,2.0,,3.0,2.0,0,0,5.0,10.0
25353,Valentino Lazaro,Torino,D,Hellas Verona vs Torino,90,7.2,,0.0,1.0,1.0,45,37.0,,3.0,3.0,,1.0,0,0,5.0,6.0
25353,Valentino Lazaro,Torino,D,Torino vs Udinese,90,7.5,,1.0,,,36,28.0,,,2.0,1.0,,0,0,1.0,3.0
25353,Valentino Lazaro,Torino,D,Atalanta vs Torino,85,6.7,,0.0,,,27,18.0,,,1.0,,,0,0,,4.0
25353,Valentino Lazaro,Torino,D,Torino vs AS Roma,90,6.5,,0.0,1.0,1.0,35,19.0,,3.0,3.0,3.0,,0,0,4.0,9.0
25353,Valentino Lazaro,Torino,D,Como vs Torino,90,6.6,,0.0,,,34,21.0,,1.0,,2.0,,0,0,3.0,7.0
25353,Valentino Lazaro,Torino,D,Torino vs Lecce,70,7.2,,0.0,1.0,,23,14.0,,5.0,,1.0,1.0,0,0,10.0,15.0
25353,Valentino Lazaro,Torino,D,Fiorentina vs Torino,69,6.2,,0.0,1.0,,25,22.0,,1.0,,3.0,,1,0,1.0,6.0
25353,Valentino Lazaro,Torino,D,Torino vs Bologna,45,6.9,,0.0,,,16,11.0,,1.0,1.0,,,0,0,3.0,4.0
25353,Valentino Lazaro,Torino,D,Genoa vs Torino,90,6.3,,0.0,,,43,32.0,,2.0,,3.0,,0,0,3.0,7.0
122468,Saúl Coco,Torino,D,Inter vs Torino,90,5.9,,0.0,,,49,46.0,,1.0,,3.0,2.0,0,0,4.0,9.0
122468,Saúl Coco,Torino,D,Torino vs Fiorentina,90,7.2,,0.0,,,10,9.0,,1.0,1.0,2.0,1.0,0,0,3.0,7.0
122468,Saúl Coco,Torino,D,AS Roma vs Torino,90,7,,0.0,,,20,18.0,,3.0,,1.0,1.0,0,0,4.0,6.0
122468,Saúl Coco,Torino,D,Torino vs Atalanta,90,6.7,,0.0,,,44,38.0,,2.0,2.0,1.0,1.0,0,0,4.0,8.0
122468,Saúl Coco,Torino,D,Parma vs Torino,90,7.6,,1.0,,,53,46.0,,2.0,,2.0,3.0,0,0,10.0,13.0
122468,Saúl Coco,Torino,D,Lazio vs Torino,90,6.7,1.0,0.0,1.0,1.0,62,57.0,,3.0,2.0,2.0,1.0,0,0,6.0,12.0
122468,Saúl Coco,Torino,D,Torino vs Napoli,90,7.7,,0.0,1.0,,27,23.0,,2.0,3.0,,,0,0,4.0,4.0
122468,Saúl Coco,Torino,D,Torino vs Genoa,90,7.2,,0.0,1.0,,60,51.0,,1.0,2.0,,2.0,0,0,8.0,10.0
122468,Saúl Coco,Torino,D,Bologna vs Torino,90,7.2,,0.0,,,33,28.0,,1.0,1.0,1.0,,0,0,4.0,6.0
122468,Saúl Coco,Torino,D,Torino vs Pisa,90,6.5,,0.0,1.0,,58,55.0,,2.0,2.0,,2.0,0,0,7.0,16.0
122468,Saúl Coco,Torino,D,Juventus vs Torino,90,7.5,,0.0,1.0,1.0,32,30.0,,3.0,4.0,,1.0,0,0,4.0,7.0
122468,Saúl Coco,Torino,D,Lecce vs Torino,90,7.2,,0.0,1.0,1.0,47,38.0,,2.0,2.0,4.0,3.0,1,0,7.0,15.0
122468,Saúl Coco,Torino,D,Torino vs AC Milan,90,6.6,,0.0,,,26,24.0,,1.0,,2.0,2.0,0,0,5.0,9.0
122468,Saúl Coco,Torino,D,Torino vs Cremonese,90,7.6,,0.0,,,39,34.0,,3.0,,2.0,2.0,0,0,8.0,13.0
122468,Saúl Coco,Torino,D,Hellas Verona vs Torino,90,7,,0.0,,,50,38.0,,1.0,2.0,1.0,,0,0,5.0,9.0
122468,Saúl Coco,Torino,D,Torino vs Udinese,90,6.9,,0.0,,,57,45.0,,,,2.0,2.0,1,0,7.0,10.0
122468,Saúl Coco,Torino,D,Atalanta vs Torino,90,6.6,,0.0,,,37,34.0,,,2.0,3.0,1.0,0,0,6.0,14.0
122468,Saúl Coco,Torino,D,Torino vs AS Roma,90,7.2,,0.0,1.0,,37,35.0,,4.0,,1.0,1.0,0,0,9.0,12.0
122468,Saúl Coco,Torino,D,Como vs Torino,90,5.5,,0.0,,,42,35.0,,,,,1.0,0,0,1.0,3.0
122468,Saúl Coco,Torino,D,Torino vs Lecce,90,7.9,,0.0,,,48,36.0,,2.0,1.0,1.0,2.0,0,0,8.0,13.0
122468,Saúl Coco,Torino,D,Fiorentina vs Torino,90,6.6,,0.0,2.0,1.0,53,50.0,,1.0,1.0,1.0,,0,0,3.0,6.0
122468,Saúl Coco,Torino,D,Torino vs Bologna,90,6.2,,0.0,1.0,,50,41.0,,2.0,,,,0,0,4.0,5.0
122468,Saúl Coco,Torino,D,Genoa vs Torino,90,6.5,,0.0,,,39,35.0,,4.0,3.0,1.0,1.0,0,0,6.0,11.0
18799,Adam Masina,Torino,D,Inter vs Torino,90,5.5,,0.0,,,49,44.0,,3.0,1.0,2.0,1.0,0,0,4.0,10.0
18799,Adam Masina,Torino,D,Lazio vs Torino,20,6.6,,1.0,,,9,7.0,,,,1.0,,0,0,1.0,2.0
18799,Adam Masina,Torino,D,Torino vs Como,90,5.3,,0.0,,,26,22.0,,2.0,4.0,1.0,,0,0,2.0,8.0
18799,Adam Masina,Torino,D,Lecce vs Torino,20,6.9,,0.0,,,7,5.0,,1.0,,1.0,1.0,0,0,3.0,5.0
18799,Adam Masina,Torino,D,Torino vs AC Milan,12,6.9,,0.0,,,8,7.0,,1.0,,1.0,,0,0,2.0,3.0
30396,Cristiano Biraghi,Torino,D,Inter vs Torino,90,5.6,,0.0,,,43,37.0,,,,,2.0,0,0,2.0,5.0
30396,Cristiano Biraghi,Torino,D,Torino vs Fiorentina,76,6.9,,0.0,,,21,18.0,,,,1.0,1.0,0,0,1.0,3.0
30396,Cristiano Biraghi,Torino,D,AS Roma vs Torino,90,7,,0.0,,,14,10.0,,4.0,1.0,3.0,,0,0,6.0,12.0
30396,Cristiano Biraghi,Torino,D,Torino vs Atalanta,90,6.3,,0.0,,,25,20.0,,1.0,1.0,2.0,1.0,0,0,2.0,4.0
30396,Cristiano Biraghi,Torino,D,Parma vs Torino,20,6.3,,0.0,,,10,7.0,,1.0,,1.0,1.0,0,0,2.0,3.0
30396,Cristiano Biraghi,Torino,D,Torino vs Napoli,15,7,,0.0,,,2,1.0,,1.0,,,,0,0,2.0,2.0
30396,Cristiano Biraghi,Torino,D,Torino vs Genoa,60,7,,0.0,,,26,18.0,,2.0,,,1.0,0,0,3.0,3.0
30396,Cristiano Biraghi,Torino,D,Torino vs Pisa,17,6.9,,0.0,,,7,6.0,,,,,,0,0,1.0,1.0
30396,Cristiano Biraghi,Torino,D,Torino vs Cremonese,9,6.9,,0.0,,,5,5.0,,,,,,0,0,,
30396,Cristiano Biraghi,Torino,D,Sassuolo vs Torino,2,,,0.0,,,0,,,,,,,0,0,2.0,2.0
30396,Cristiano Biraghi,Torino,D,Atalanta vs Torino,10,5.9,,0.0,,,6,5.0,,,,,,0,0,,
270507,Cesare Casadei,Torino,M,Inter vs Torino,90,6.7,,0.0,1.0,1.0,30,27.0,,,,,1.0,0,0,4.0,5.0
270507,Cesare Casadei,Torino,M,Torino vs Fiorentina,90,6.9,,0.0,2.0,2.0,35,24.0,,,1.0,3.0,,0,0,10.0,18.0
270507,Cesare Casadei,Torino,M,AS Roma vs Torino,64,6.2,,0.0,1.0,,12,7.0,,3.0,,3.0,1.0,0,0,7.0,18.0
270507,Cesare Casadei,Torino,M,Torino vs Atalanta,45,6.9,,0.0,1.0,1.0,25,21.0,,,,2.0,,0,0,1.0,4.0
270507,Cesare Casadei,Torino,M,Parma vs Torino,90,6.5,,0.0,2.0,1.0,40,33.0,,2.0,,,,0,0,5.0,9.0
270507,Cesare Casadei,Torino,M,Lazio vs Torino,90,6.3,,0.0,,,34,27.0,,,1.0,5.0,3.0,1,0,7.0,14.0
270507,Cesare Casadei,Torino,M,Torino vs Napoli,90,6.7,,0.0,1.0,,26,20.0,,,1.0,2.0,1.0,0,0,6.0,12.0
270507,Cesare Casadei,Torino,M,Torino vs Genoa,90,6.5,,0.0,2.0,1.0,41,36.0,,,,4.0,,1,0,7.0,12.0
270507,Cesare Casadei,Torino,M,Bologna vs Torino,90,7.3,,0.0,1.0,,29,21.0,,5.0,1.0,3.0,,0,0,12.0,18.0
270507,Cesare Casadei,Torino,M,Torino vs Pisa,90,6.2,,0.0,,,56,45.0,,,,2.0,,1,0,7.0,15.0
270507,Cesare Casadei,Torino,M,Juventus vs Torino,90,6.9,,0.0,,,26,18.0,,1.0,2.0,,1.0,0,0,5.0,6.0
270507,Cesare Casadei,Torino,M,Torino vs Como,66,6.9,,0.0,1.0,,25,20.0,,2.0,,1.0,,0,0,6.0,9.0
270507,Cesare Casadei,Torino,M,Lecce vs Torino,90,6.2,,0.0,1.0,,32,23.0,,3.0,,2.0,,1,0,6.0,16.0
270507,Cesare Casadei,Torino,M,Torino vs AC Milan,31,6.6,,0.0,,,10,9.0,,2.0,,,1.0,0,0,5.0,7.0
270507,Cesare Casadei,Torino,M,Torino vs Cremonese,26,6.9,,0.0,,,13,11.0,,4.0,,4.0,3.0,0,0,8.0,16.0
270507,Cesare Casadei,Torino,M,Sassuolo vs Torino,2,,,0.0,1.0,1.0,2,1.0,,,,1.0,,0,0,1.0,2.0
270507,Cesare Casadei,Torino,M,Hellas Verona vs Torino,15,7.9,1.0,0.0,1.0,1.0,13,12.0,,,,,,0,0,1.0,2.0
270507,Cesare Casadei,Torino,M,Torino vs Udinese,90,8,1.0,0.0,3.0,2.0,40,29.0,,2.0,2.0,6.0,,1,0,12.0,21.0
270507,Cesare Casadei,Torino,M,Torino vs AS Roma,45,6.2,,0.0,1.0,1.0,24,14.0,,,,,,0,0,5.0,10.0
270507,Cesare Casadei,Torino,M,Como vs Torino,90,6.2,,0.0,1.0,,31,25.0,,,,2.0,,0,0,6.0,11.0
270507,Cesare Casadei,Torino,M,Torino vs Lecce,70,6.9,,0.0,1.0,1.0,21,12.0,,1.0,1.0,1.0,1.0,0,0,5.0,9.0
270507,Cesare Casadei,Torino,M,Fiorentina vs Torino,90,7.5,1.0,0.0,1.0,1.0,28,17.0,,1.0,,,,0,0,5.0,6.0
270507,Cesare Casadei,Torino,M,Torino vs Bologna,36,6.5,,0.0,,,7,3.0,,,,,1.0,0,0,1.0,2.0
336573,Emirhan İlkhan,Torino,M,Inter vs Torino,58,6.6,,0.0,,,33,30.0,,,,,2.0,0,0,2.0,3.0
336573,Emirhan İlkhan,Torino,M,Torino vs Cremonese,9,6.7,,0.0,,,2,2.0,,,,1.0,1.0,0,0,1.0,2.0
336573,Emirhan İlkhan,Torino,M,Torino vs Cagliari,10,6.9,,0.0,1.0,1.0,11,11.0,,,,1.0,,0,0,,1.0
336573,Emirhan İlkhan,Torino,M,Hellas Verona vs Torino,67,7,,0.0,,,38,33.0,,,2.0,,1.0,0,0,4.0,9.0
336573,Emirhan İlkhan,Torino,M,Torino vs Udinese,66,6.9,,0.0,,,29,20.0,,2.0,1.0,,,0,0,3.0,5.0
336573,Emirhan İlkhan,Torino,M,Atalanta vs Torino,32,7.2,,0.0,1.0,1.0,22,18.0,,2.0,2.0,1.0,3.0,1,0,9.0,11.0
336573,Emirhan İlkhan,Torino,M,Torino vs AS Roma,76,6.9,,0.0,,,20,17.0,,4.0,1.0,1.0,1.0,0,0,6.0,13.0
336573,Emirhan İlkhan,Torino,M,Como vs Torino,67,6.3,,0.0,,,29,24.0,,1.0,,,1.0,0,0,2.0,6.0
336573,Emirhan İlkhan,Torino,M,Torino vs Lecce,70,7.3,,0.0,,,24,19.0,,2.0,1.0,1.0,2.0,0,0,5.0,7.0
336573,Emirhan İlkhan,Torino,M,Fiorentina vs Torino,59,6.9,,1.0,,,36,32.0,,1.0,,2.0,1.0,0,0,2.0,7.0
336573,Emirhan İlkhan,Torino,M,Torino vs Bologna,36,6.6,,0.0,,,19,17.0,,2.0,,,1.0,0,0,3.0,5.0
336573,Emirhan İlkhan,Torino,M,Genoa vs Torino,47,5.9,,0.0,,,26,22.0,,2.0,1.0,1.0,,0,1,3.0,5.0
343189,Gvidas Gineitis,Torino,M,Inter vs Torino,90,5.6,,0.0,,,28,20.0,,1.0,1.0,,1.0,0,0,6.0,10.0
343189,Gvidas Gineitis,Torino,M,Torino vs Fiorentina,14,6.3,,0.0,,,5,3.0,,,,,1.0,0,0,1.0,1.0
343189,Gvidas Gineitis,Torino,M,Lazio vs Torino,11,6.7,,0.0,,,4,2.0,,1.0,,,,0,0,2.0,2.0
343189,Gvidas Gineitis,Torino,M,Torino vs Napoli,15,6.9,,0.0,,,1,1.0,,1.0,,1.0,1.0,0,0,2.0,3.0
343189,Gvidas Gineitis,Torino,M,Torino vs Genoa,17,7.3,,0.0,,,11,6.0,,,1.0,1.0,1.0,0,0,2.0,4.0
343189,Gvidas Gineitis,Torino,M,Bologna vs Torino,58,6.3,,0.0,,,9,7.0,,1.0,,5.0,2.0,0,0,3.0,8.0
343189,Gvidas Gineitis,Torino,M,Torino vs Pisa,24,6.9,,0.0,1.0,,11,8.0,,1.0,,1.0,,0,0,3.0,4.0
343189,Gvidas Gineitis,Torino,M,Torino vs Como,12,6.6,,0.0,,,5,4.0,,1.0,1.0,,,0,0,1.0,2.0
343189,Gvidas Gineitis,Torino,M,Lecce vs Torino,37,6.9,,0.0,,,5,4.0,,2.0,,1.0,4.0,0,0,6.0,8.0
343189,Gvidas Gineitis,Torino,M,Torino vs Cremonese,64,6.9,,0.0,,,16,13.0,,3.0,,4.0,1.0,0,0,6.0,15.0
343189,Gvidas Gineitis,Torino,M,Sassuolo vs Torino,58,7,,0.0,1.0,,12,7.0,,3.0,1.0,1.0,2.0,0,0,6.0,9.0
343189,Gvidas Gineitis,Torino,M,Torino vs Cagliari,80,6.9,,0.0,1.0,1.0,34,22.0,,,,,,0,0,1.0,2.0
343189,Gvidas Gineitis,Torino,M,Hellas Verona vs Torino,75,6.9,,0.0,1.0,,28,19.0,,4.0,1.0,1.0,1.0,0,0,9.0,15.0
343189,Gvidas Gineitis,Torino,M,Atalanta vs Torino,90,7.5,,0.0,1.0,,30,27.0,,3.0,1.0,3.0,,0,0,4.0,10.0
343189,Gvidas Gineitis,Torino,M,Torino vs AS Roma,45,7,,0.0,1.0,,5,2.0,,,,,1.0,0,0,2.0,3.0
343189,Gvidas Gineitis,Torino,M,Fiorentina vs Torino,90,6.3,,1.0,,,27,20.0,,3.0,2.0,5.0,1.0,1,0,5.0,13.0
343189,Gvidas Gineitis,Torino,M,Torino vs Bologna,54,6.3,,0.0,,,21,18.0,,,2.0,3.0,1.0,1,0,4.0,8.0
343189,Gvidas Gineitis,Torino,M,Genoa vs Torino,90,6.7,,0.0,1.0,,31,23.0,,4.0,3.0,1.0,2.0,0,0,7.0,11.0
85,Cyril Ngonge,Torino,F,Inter vs Torino,80,6.2,,0.0,1.0,1.0,12,7.0,,,,,2.0,0,0,2.0,4.0
85,Cyril Ngonge,Torino,F,Torino vs Fiorentina,81,6.5,,0.0,1.0,1.0,15,10.0,,,,3.0,2.0,0,0,4.0,9.0
85,Cyril Ngonge,Torino,F,AS Roma vs Torino,65,6.6,,1.0,,,14,8.0,,1.0,,1.0,1.0,0,0,4.0,7.0
85,Cyril Ngonge,Torino,F,Parma vs Torino,90,7.9,1.0,0.0,3.0,2.0,36,28.0,,2.0,2.0,4.0,1.0,1,0,11.0,22.0
85,Cyril Ngonge,Torino,F,Lazio vs Torino,90,6.5,,0.0,3.0,2.0,27,21.0,,,,5.0,2.0,0,0,4.0,15.0
85,Cyril Ngonge,Torino,F,Torino vs Napoli,28,6.2,,0.0,,,4,2.0,,,,,,0,0,,3.0
85,Cyril Ngonge,Torino,F,Torino vs Genoa,30,7.3,,0.0,2.0,2.0,16,10.0,,2.0,,,,0,0,4.0,5.0
85,Cyril Ngonge,Torino,F,Bologna vs Torino,86,6.9,,0.0,1.0,,16,10.0,,,,,2.0,0,0,5.0,9.0
85,Cyril Ngonge,Torino,F,Torino vs Pisa,45,6.3,,0.0,1.0,,17,15.0,,,,,,0,0,1.0,2.0
85,Cyril Ngonge,Torino,F,Juventus vs Torino,45,6.9,,0.0,,,8,6.0,,,,,,0,0,2.0,3.0
85,Cyril Ngonge,Torino,F,Torino vs Como,66,6.7,,0.0,,,18,10.0,,2.0,,,2.0,0,0,7.0,15.0
85,Cyril Ngonge,Torino,F,Lecce vs Torino,30,6.9,,0.0,,,5,5.0,,1.0,,1.0,1.0,1,0,3.0,5.0
85,Cyril Ngonge,Torino,F,Torino vs AC Milan,12,6.5,,0.0,,,2,1.0,,,,,,0,0,1.0,2.0
85,Cyril Ngonge,Torino,F,Torino vs Cremonese,17,6.5,,0.0,,,5,4.0,,,,1.0,,0,0,,3.0
85,Cyril Ngonge,Torino,F,Sassuolo vs Torino,10,6.9,,0.0,1.0,1.0,3,2.0,,,,,,0,0,,1.0
85,Cyril Ngonge,Torino,F,Torino vs Cagliari,14,7,,0.0,1.0,,6,4.0,,1.0,,,,0,0,4.0,5.0
85,Cyril Ngonge,Torino,F,Torino vs Udinese,24,7,,0.0,1.0,1.0,12,12.0,,1.0,,,,0,0,1.0,2.0
85,Cyril Ngonge,Torino,F,Atalanta vs Torino,57,6.2,,0.0,1.0,,19,12.0,,,,1.0,1.0,0,0,5.0,9.0
85,Cyril Ngonge,Torino,F,Torino vs AS Roma,76,6.3,,0.0,2.0,2.0,10,4.0,,1.0,,1.0,2.0,0,0,4.0,9.0
85,Cyril Ngonge,Torino,F,Como vs Torino,67,6.5,,0.0,1.0,,10,7.0,,,,3.0,2.0,0,0,4.0,9.0
30414,Giovanni Simeone,Torino,F,Inter vs Torino,64,6.3,,0.0,2.0,,12,10.0,,,,,,0,0,1.0,7.0
30414,Giovanni Simeone,Torino,F,Torino vs Fiorentina,62,7.2,,0.0,1.0,1.0,10,8.0,,,,3.0,4.0,0,0,6.0,10.0
30414,Giovanni Simeone,Torino,F,AS Roma vs Torino,64,7.7,1.0,0.0,3.0,1.0,13,10.0,,2.0,,,1.0,0,0,5.0,9.0
30414,Giovanni Simeone,Torino,F,Torino vs Atalanta,69,6.6,,0.0,4.0,2.0,17,13.0,,1.0,,2.0,2.0,0,0,5.0,13.0
30414,Giovanni Simeone,Torino,F,Parma vs Torino,87,5.9,,0.0,,,19,15.0,,,,1.0,2.0,0,0,2.0,10.0
30414,Giovanni Simeone,Torino,F,Lazio vs Torino,79,6.7,1.0,0.0,3.0,1.0,8,8.0,,,,3.0,2.0,0,0,2.0,11.0
30414,Giovanni Simeone,Torino,F,Torino vs Napoli,62,8.2,1.0,0.0,3.0,1.0,17,13.0,,,,2.0,,0,0,2.0,8.0
30414,Giovanni Simeone,Torino,F,Torino vs Genoa,83,6.2,,0.0,1.0,,16,11.0,,1.0,,2.0,2.0,0,0,4.0,14.0
30414,Giovanni Simeone,Torino,F,Bologna vs Torino,33,6.5,,0.0,1.0,1.0,7,3.0,,,,1.0,2.0,0,0,5.0,11.0
30414,Giovanni Simeone,Torino,F,Torino vs Pisa,78,7.9,1.0,0.0,3.0,1.0,25,18.0,,,,,1.0,0,0,8.0,14.0
30414,Giovanni Simeone,Torino,F,Juventus vs Torino,79,6.3,,0.0,1.0,1.0,9,6.0,,,,,1.0,0,0,5.0,12.0
30414,Giovanni Simeone,Torino,F,Torino vs Cremonese,26,6.6,,0.0,1.0,1.0,5,4.0,,2.0,,,,0,0,2.0,3.0
30414,Giovanni Simeone,Torino,F,Sassuolo vs Torino,32,7.3,,0.0,1.0,1.0,8,8.0,,,,,2.0,0,0,4.0,5.0
30414,Giovanni Simeone,Torino,F,Torino vs Cagliari,90,6.3,,0.0,5.0,3.0,11,7.0,,,,1.0,2.0,0,0,5.0,10.0
30414,Giovanni Simeone,Torino,F,Hellas Verona vs Torino,75,7.7,1.0,0.0,2.0,2.0,16,9.0,,2.0,,,1.0,0,0,6.0,14.0
30414,Giovanni Simeone,Torino,F,Torino vs Udinese,66,6.2,,0.0,1.0,1.0,12,9.0,,1.0,,,1.0,0,0,2.0,9.0
30414,Giovanni Simeone,Torino,F,Atalanta vs Torino,33,6,,0.0,1.0,1.0,7,5.0,,,,,1.0,0,0,1.0,8.0
30414,Giovanni Simeone,Torino,F,Fiorentina vs Torino,31,6.2,,0.0,,,10,6.0,,,,,1.0,0,0,2.0,5.0
30414,Giovanni Simeone,Torino,F,Torino vs Bologna,90,6,,0.0,,,21,12.0,,,,2.0,1.0,0,0,2.0,8.0
30414,Giovanni Simeone,Torino,F,Genoa vs Torino,68,6.2,,0.0,,,15,10.0,,,,2.0,1.0,1,0,2.0,5.0
842,Nikola Vlašić,Torino,F,Inter vs Torino,57,6.3,,0.0,1.0,1.0,22,20.0,,,,,,0,0,1.0,6.0
842,Nikola Vlašić,Torino,F,Torino vs Fiorentina,90,6.5,,0.0,,,30,26.0,,,,1.0,1.0,1,0,1.0,6.0
842,Nikola Vlašić,Torino,F,AS Roma vs Torino,84,6.9,,0.0,1.0,1.0,14,11.0,,1.0,,,1.0,0,0,3.0,7.0
842,Nikola Vlašić,Torino,F,Torino vs Atalanta,81,6.9,,0.0,1.0,,28,24.0,,2.0,2.0,,1.0,0,0,3.0,6.0
842,Nikola Vlašić,Torino,F,Parma vs Torino,87,6.9,,0.0,1.0,1.0,33,30.0,,1.0,,,,0,0,3.0,7.0
842,Nikola Vlašić,Torino,F,Lazio vs Torino,70,6.3,,0.0,1.0,,27,23.0,,3.0,,2.0,1.0,0,0,4.0,10.0
842,Nikola Vlašić,Torino,F,Torino vs Napoli,75,7.3,,0.0,1.0,,25,21.0,,3.0,,1.0,1.0,0,0,4.0,7.0
842,Nikola Vlašić,Torino,F,Torino vs Genoa,60,6.9,,0.0,,,34,28.0,,1.0,,1.0,,1,0,6.0,8.0
842,Nikola Vlašić,Torino,F,Bologna vs Torino,32,6.2,,0.0,1.0,,10,8.0,,1.0,,2.0,1.0,0,0,2.0,10.0
842,Nikola Vlašić,Torino,F,Torino vs Pisa,45,6.2,,0.0,,,19,13.0,,1.0,,2.0,2.0,0,0,5.0,10.0
842,Nikola Vlašić,Torino,F,Juventus vs Torino,79,6.9,,0.0,,,25,22.0,,,,,1.0,0,0,1.0,4.0
842,Nikola Vlašić,Torino,F,Torino vs Como,78,6.3,1.0,0.0,2.0,1.0,19,12.0,,2.0,2.0,,3.0,0,0,6.0,11.0
842,Nikola Vlašić,Torino,F,Lecce vs Torino,70,6.9,,1.0,,,34,29.0,,2.0,,2.0,2.0,0,0,6.0,18.0
842,Nikola Vlašić,Torino,F,Torino vs AC Milan,90,7.9,1.0,1.0,2.0,1.0,39,32.0,,5.0,,1.0,,0,0,6.0,11.0
842,Nikola Vlašić,Torino,F,Torino vs Cremonese,90,7.9,1.0,0.0,1.0,1.0,29,26.0,,3.0,1.0,1.0,1.0,0,0,4.0,14.0
842,Nikola Vlašić,Torino,F,Sassuolo vs Torino,90,7.2,1.0,0.0,2.0,1.0,31,25.0,,3.0,,4.0,2.0,0,0,7.0,12.0
842,Nikola Vlašić,Torino,F,Torino vs Cagliari,90,7.3,1.0,0.0,2.0,2.0,44,34.0,,,2.0,4.0,2.0,1,0,3.0,10.0
842,Nikola Vlašić,Torino,F,Hellas Verona vs Torino,90,6.9,,0.0,2.0,,37,31.0,,3.0,,1.0,2.0,0,0,6.0,12.0
842,Nikola Vlašić,Torino,F,Torino vs Udinese,90,6.7,,0.0,2.0,,35,29.0,,,1.0,2.0,1.0,0,0,3.0,4.0
842,Nikola Vlašić,Torino,F,Atalanta vs Torino,90,6.3,,0.0,1.0,,24,20.0,,2.0,,3.0,2.0,0,0,5.0,9.0
842,Nikola Vlašić,Torino,F,Torino vs AS Roma,90,6.2,,0.0,,,27,23.0,,1.0,1.0,1.0,,1,0,2.0,12.0
842,Nikola Vlašić,Torino,F,Como vs Torino,90,6.2,,0.0,1.0,,31,24.0,,1.0,,,1.0,0,0,2.0,4.0
842,Nikola Vlašić,Torino,F,Torino vs Lecce,90,9,,1.0,,,32,25.0,,4.0,1.0,1.0,2.0,1,0,12.0,15.0
842,Nikola Vlašić,Torino,F,Torino vs Bologna,90,6.9,1.0,0.0,1.0,1.0,29,26.0,,2.0,3.0,2.0,4.0,1,0,8.0,11.0
842,Nikola Vlašić,Torino,F,Genoa vs Torino,90,7.2,,0.0,,,33,30.0,,1.0,1.0,1.0,2.0,0,0,6.0,10.0
243,Zakaria Aboukhlal,Torino,F,Inter vs Torino,33,6.9,,0.0,1.0,1.0,4,4.0,,2.0,,,,0,0,2.0,2.0
243,Zakaria Aboukhlal,Torino,F,Torino vs Fiorentina,9,6.5,,0.0,,,4,2.0,,,,,1.0,0,0,1.0,3.0
243,Zakaria Aboukhlal,Torino,F,AS Roma vs Torino,25,6.9,,0.0,1.0,1.0,2,1.0,,2.0,,2.0,1.0,1,0,5.0,9.0
243,Zakaria Aboukhlal,Torino,F,Torino vs Atalanta,45,6.5,,0.0,,,8,5.0,,2.0,,1.0,2.0,0,0,5.0,12.0
243,Zakaria Aboukhlal,Torino,F,Parma vs Torino,9,6.3,,0.0,,,3,3.0,,,,,,0,0,,
243,Zakaria Aboukhlal,Torino,F,Torino vs Como,24,6.3,,0.0,,,4,2.0,,1.0,,,1.0,0,0,2.0,4.0
243,Zakaria Aboukhlal,Torino,F,Lecce vs Torino,20,6.5,,0.0,,,3,2.0,,,,1.0,1.0,0,0,1.0,4.0
243,Zakaria Aboukhlal,Torino,F,Torino vs AC Milan,12,6.6,,0.0,,,6,4.0,,2.0,,,,0,0,2.0,2.0
243,Zakaria Aboukhlal,Torino,F,Torino vs Cagliari,10,6.5,,0.0,,,4,2.0,,,,1.0,1.0,1,0,1.0,3.0
243,Zakaria Aboukhlal,Torino,F,Hellas Verona vs Torino,83,7.2,,0.0,2.0,,25,18.0,,4.0,,2.0,2.0,1,0,8.0,12.0
243,Zakaria Aboukhlal,Torino,F,Torino vs Udinese,66,6.9,,0.0,1.0,,25,22.0,,2.0,,1.0,1.0,0,0,5.0,13.0
243,Zakaria Aboukhlal,Torino,F,Atalanta vs Torino,85,6.6,,0.0,,,34,23.0,,5.0,1.0,1.0,,0,0,6.0,11.0
243,Zakaria Aboukhlal,Torino,F,Torino vs AS Roma,33,6.5,,0.0,,,4,2.0,,,,,,0,0,1.0,3.0
243,Zakaria Aboukhlal,Torino,F,Fiorentina vs Torino,21,6.7,,0.0,,,18,14.0,,1.0,,3.0,1.0,1,0,3.0,9.0
243,Zakaria Aboukhlal,Torino,F,Torino vs Bologna,45,6.7,,0.0,,,22,19.0,,1.0,,,,0,0,1.0,5.0
22174,Adrien Tameze,Torino,M,Inter vs Torino,32,6.2,,0.0,,,12,11.0,,1.0,1.0,,2.0,0,0,3.0,4.0
22174,Adrien Tameze,Torino,M,Torino vs Fiorentina,9,6.6,,0.0,,,4,3.0,,,,,,0,0,,
22174,Adrien Tameze,Torino,M,AS Roma vs Torino,10,6.6,,0.0,,,2,,,,,,,0,0,2.0,2.0
22174,Adrien Tameze,Torino,M,Torino vs Atalanta,45,6.7,,0.0,,,18,17.0,,,3.0,,,0,0,1.0,3.0
22174,Adrien Tameze,Torino,M,Parma vs Torino,19,6.3,,0.0,,,13,8.0,,1.0,,,,0,0,1.0,3.0
22174,Adrien Tameze,Torino,M,Lazio vs Torino,70,6.2,,0.0,,,36,31.0,,,3.0,1.0,,0,0,,4.0
22174,Adrien Tameze,Torino,M,Torino vs Napoli,90,7.3,,0.0,,,33,26.0,,,3.0,1.0,2.0,0,0,3.0,4.0
22174,Adrien Tameze,Torino,M,Torino vs Genoa,90,6.6,,0.0,,,54,44.0,,2.0,,1.0,1.0,0,0,6.0,10.0
22174,Adrien Tameze,Torino,M,Bologna vs Torino,57,6.7,,0.0,,,14,11.0,,,,2.0,,1,0,1.0,4.0
22174,Adrien Tameze,Torino,M,Torino vs Pisa,23,6.9,,0.0,,,16,14.0,,1.0,,,,0,0,1.0,3.0
22174,Adrien Tameze,Torino,M,Juventus vs Torino,8,6.7,,0.0,,,0,,,,,,,0,0,,
22174,Adrien Tameze,Torino,M,Torino vs Como,90,6.3,,0.0,2.0,,36,27.0,,1.0,2.0,,,0,0,3.0,5.0
22174,Adrien Tameze,Torino,M,Lecce vs Torino,60,6.2,,0.0,,,26,19.0,,,,1.0,,0,0,3.0,8.0
22174,Adrien Tameze,Torino,M,Torino vs AC Milan,78,5.9,,0.0,,,20,15.0,,,,2.0,,0,0,1.0,4.0
22174,Adrien Tameze,Torino,M,Sassuolo vs Torino,88,7.5,,0.0,,,48,37.0,,5.0,3.0,1.0,,0,0,8.0,10.0
22174,Adrien Tameze,Torino,M,Torino vs Cagliari,90,6.6,,0.0,,,52,45.0,,1.0,3.0,,1.0,0,0,2.0,3.0
22174,Adrien Tameze,Torino,M,Hellas Verona vs Torino,23,6.3,,0.0,,,10,8.0,,,1.0,,,0,0,,1.0
22174,Adrien Tameze,Torino,M,Torino vs Udinese,13,6.7,,0.0,,,11,8.0,,,,,,0,0,1.0,3.0
22174,Adrien Tameze,Torino,M,Atalanta vs Torino,58,6.2,,0.0,,,25,21.0,,,,2.0,,1,0,,5.0
22174,Adrien Tameze,Torino,M,Torino vs AS Roma,90,6.7,,0.0,,,33,26.0,,3.0,1.0,1.0,1.0,0,0,5.0,7.0
22174,Adrien Tameze,Torino,M,Como vs Torino,67,5.3,,0.0,1.0,,41,34.0,,,,3.0,,0,0,,4.0
19524,Che Adams,Torino,F,Inter vs Torino,26,6.5,,0.0,1.0,,4,3.0,,,,,,0,0,1.0,2.0
19524,Che Adams,Torino,F,Torino vs Fiorentina,28,6.7,,0.0,,,6,5.0,,,,1.0,1.0,0,0,3.0,4.0
19524,Che Adams,Torino,F,AS Roma vs Torino,26,6.6,,0.0,,,5,2.0,,3.0,,,,0,0,4.0,6.0
19524,Che Adams,Torino,F,Torino vs Atalanta,45,6.2,,0.0,,,19,15.0,,,,,,0,0,1.0,4.0
19524,Che Adams,Torino,F,Parma vs Torino,13,6.3,,0.0,,,6,5.0,,,,,,0,0,,2.0
19524,Che Adams,Torino,F,Lazio vs Torino,20,7.6,1.0,0.0,2.0,2.0,0,,,,,,1.0,0,0,1.0,3.0
19524,Che Adams,Torino,F,Torino vs Napoli,84,6.9,,0.0,1.0,1.0,13,13.0,,,,,1.0,0,0,2.0,7.0
19524,Che Adams,Torino,F,Torino vs Genoa,73,6.9,,0.0,,,22,18.0,,,,1.0,,0,0,3.0,5.0
19524,Che Adams,Torino,F,Bologna vs Torino,57,6.5,,0.0,1.0,,8,7.0,,,,,,0,0,1.0,4.0
19524,Che Adams,Torino,F,Torino vs Pisa,66,7.6,1.0,0.0,2.0,2.0,27,16.0,,,1.0,,1.0,0,0,2.0,5.0
19524,Che Adams,Torino,F,Juventus vs Torino,45,6.2,,0.0,3.0,1.0,9,8.0,,,,1.0,2.0,0,0,4.0,12.0
19524,Che Adams,Torino,F,Lecce vs Torino,90,7,1.0,0.0,4.0,2.0,27,22.0,,,,1.0,,0,0,,9.0
19524,Che Adams,Torino,F,Torino vs AC Milan,84,6.6,,0.0,,,18,13.0,,2.0,,,1.0,0,0,4.0,5.0
19524,Che Adams,Torino,F,Torino vs Cremonese,83,7.3,,0.0,3.0,2.0,26,21.0,,,,,,0,0,1.0,8.0
19524,Che Adams,Torino,F,Sassuolo vs Torino,85,6.6,,0.0,,,25,19.0,,1.0,,1.0,,0,0,5.0,9.0
19524,Che Adams,Torino,F,Torino vs Cagliari,67,6.5,,1.0,1.0,1.0,15,11.0,,,,1.0,,0,0,1.0,4.0
19524,Che Adams,Torino,F,Hellas Verona vs Torino,83,6,,0.0,1.0,,24,16.0,,2.0,,1.0,,0,0,3.0,10.0
19524,Che Adams,Torino,F,Torino vs Udinese,45,6.9,,0.0,1.0,,20,16.0,,,,,,0,0,2.0,2.0
19524,Che Adams,Torino,F,Atalanta vs Torino,33,6.7,,0.0,1.0,,15,12.0,,,,,,0,0,3.0,5.0
19524,Che Adams,Torino,F,Torino vs AS Roma,90,6.3,,0.0,2.0,,28,14.0,,,,1.0,2.0,0,0,7.0,15.0
19524,Che Adams,Torino,F,Como vs Torino,90,6.6,,0.0,2.0,1.0,21,19.0,,2.0,,1.0,,0,0,3.0,6.0
19524,Che Adams,Torino,F,Torino vs Lecce,89,7.9,1.0,0.0,2.0,1.0,29,23.0,,1.0,,2.0,1.0,0,0,2.0,5.0
19524,Che Adams,Torino,F,Fiorentina vs Torino,83,6.6,,0.0,,,24,21.0,,,,,,0,0,1.0,5.0
19524,Che Adams,Torino,F,Torino vs Bologna,45,6.9,,0.0,,,17,12.0,,,,1.0,1.0,0,0,2.0,4.0
138777,Faustino Anjorin,Torino,M,Inter vs Torino,11,6.3,,0.0,,,1,1.0,,,,,1.0,0,0,1.0,2.0
138777,Faustino Anjorin,Torino,M,AS Roma vs Torino,15,6.7,,0.0,,,1,,,,,1.0,,0,0,1.0,2.0
138777,Faustino Anjorin,Torino,M,Torino vs Atalanta,9,6.6,,0.0,,,8,6.0,,,,,,0,0,1.0,1.0
138777,Faustino Anjorin,Torino,M,Juventus vs Torino,11,6.3,,0.0,,,7,5.0,,,2.0,,,0,0,1.0,2.0
138777,Faustino Anjorin,Torino,M,Torino vs Como,24,6.2,,0.0,,,8,3.0,,,,,,0,0,2.0,5.0
138777,Faustino Anjorin,Torino,M,Torino vs AC Milan,59,6.2,,0.0,,,9,8.0,,1.0,,3.0,,1,0,2.0,7.0
138777,Faustino Anjorin,Torino,M,Torino vs Udinese,24,6.9,,0.0,,,23,21.0,,3.0,,,,0,0,4.0,6.0
138777,Faustino Anjorin,Torino,M,Torino vs AS Roma,14,6.9,,0.0,,,10,6.0,,1.0,2.0,,,0,0,2.0,2.0
138777,Faustino Anjorin,Torino,M,Como vs Torino,23,6.5,,0.0,,,7,7.0,,,,1.0,,0,0,,1.0
138777,Faustino Anjorin,Torino,M,Torino vs Lecce,20,6.9,,0.0,,,9,6.0,,2.0,1.0,,,0,0,3.0,4.0
138777,Faustino Anjorin,Torino,M,Fiorentina vs Torino,31,6.6,,0.0,,,22,21.0,,,,2.0,,0,0,2.0,4.0
39362,Marcus Pedersen,Torino,D,Inter vs Torino,10,6.9,,0.0,,,7,6.0,,,,,,0,0,1.0,2.0
39362,Marcus Pedersen,Torino,D,Torino vs Fiorentina,90,6.9,,0.0,,,19,11.0,,1.0,,1.0,,0,0,2.0,5.0
39362,Marcus Pedersen,Torino,D,Lazio vs Torino,78,6.9,,0.0,2.0,1.0,31,23.0,,1.0,,1.0,,0,0,4.0,10.0
39362,Marcus Pedersen,Torino,D,Torino vs Napoli,90,6,,0.0,1.0,,9,8.0,,,,,,0,0,1.0,5.0
39362,Marcus Pedersen,Torino,D,Torino vs Genoa,90,6.3,,0.0,,,41,32.0,,,,2.0,,0,0,,7.0
39362,Marcus Pedersen,Torino,D,Bologna vs Torino,90,7,,0.0,,,11,7.0,,3.0,2.0,1.0,1.0,0,0,6.0,10.0
39362,Marcus Pedersen,Torino,D,Torino vs Pisa,90,6.7,,0.0,,,44,35.0,,,,2.0,,1,0,,2.0
39362,Marcus Pedersen,Torino,D,Juventus vs Torino,90,6.9,,0.0,,,18,12.0,,2.0,,,,0,0,4.0,8.0
39362,Marcus Pedersen,Torino,D,Torino vs Como,61,6.2,,0.0,,,14,12.0,,1.0,,,,0,0,1.0,3.0
39362,Marcus Pedersen,Torino,D,Lecce vs Torino,70,6.5,,0.0,1.0,1.0,17,14.0,,1.0,,2.0,1.0,0,0,2.0,5.0
39362,Marcus Pedersen,Torino,D,Torino vs AC Milan,84,5.9,,0.0,1.0,,18,14.0,,1.0,1.0,4.0,,0,0,1.0,8.0
39362,Marcus Pedersen,Torino,D,Torino vs Cremonese,90,6.3,,0.0,,,29,24.0,,1.0,,4.0,,1,0,1.0,9.0
39362,Marcus Pedersen,Torino,D,Sassuolo vs Torino,90,6.3,,0.0,,,34,22.0,,2.0,2.0,1.0,,0,0,2.0,6.0
39362,Marcus Pedersen,Torino,D,Torino vs Cagliari,80,6.9,,0.0,,,27,23.0,,,,,1.0,0,0,4.0,4.0
39362,Marcus Pedersen,Torino,D,Torino vs AS Roma,57,6.3,,0.0,,,16,7.0,,1.0,1.0,1.0,,0,0,1.0,4.0
39362,Marcus Pedersen,Torino,D,Como vs Torino,90,6.2,,0.0,,,35,29.0,,1.0,1.0,,1.0,1,0,2.0,6.0
39362,Marcus Pedersen,Torino,D,Torino vs Lecce,90,7.3,,0.0,2.0,,11,8.0,,1.0,,,,0,0,1.0,2.0
39362,Marcus Pedersen,Torino,D,Fiorentina vs Torino,45,5.9,,0.0,,,11,10.0,,,,3.0,,0,0,,3.0
39362,Marcus Pedersen,Torino,D,Torino vs Bologna,90,6.7,,0.0,,,24,20.0,,1.0,,,,0,0,2.0,4.0
39362,Marcus Pedersen,Torino,D,Genoa vs Torino,10,5.9,,0.0,,,2,2.0,,1.0,,,,0,0,1.0,2.0
2057,Franco Vázquez,Cremonese,F,Cremonese vs Sassuolo,74,7.7,1.0,0.0,2.0,2.0,29,24.0,,,,,2.0,0,0,2.0,8.0
2057,Franco Vázquez,Cremonese,F,Hellas Verona vs Cremonese,24,6.6,,0.0,,,16,11.0,,1.0,,,2.0,0,0,3.0,5.0
2057,Franco Vázquez,Cremonese,F,Cremonese vs Parma,90,7,,0.0,1.0,1.0,27,20.0,,1.0,,2.0,3.0,0,0,7.0,14.0
2057,Franco Vázquez,Cremonese,F,Como vs Cremonese,26,6.2,,1.0,,,8,7.0,,,,1.0,,0,0,,4.0
2057,Franco Vázquez,Cremonese,F,Inter vs Cremonese,58,6.2,,0.0,,,17,14.0,,1.0,1.0,1.0,,0,0,2.0,9.0
2057,Franco Vázquez,Cremonese,F,Cremonese vs Udinese,15,6.5,,0.0,1.0,,7,3.0,,,,,1.0,0,0,3.0,7.0
2057,Franco Vázquez,Cremonese,F,Cremonese vs Atalanta,10,6.6,,0.0,,,3,1.0,,1.0,,2.0,2.0,1,0,4.0,6.0
2057,Franco Vázquez,Cremonese,F,Genoa vs Cremonese,17,6.6,,0.0,,,3,2.0,,3.0,,,,0,0,4.0,8.0
2057,Franco Vázquez,Cremonese,F,Cremonese vs Juventus,19,6.9,,0.0,,,12,12.0,,2.0,,,1.0,0,0,4.0,7.0
2057,Franco Vázquez,Cremonese,F,Pisa vs Cremonese,77,6.2,,0.0,5.0,1.0,33,25.0,,4.0,,1.0,1.0,0,0,5.0,14.0
2057,Franco Vázquez,Cremonese,F,Cremonese vs AS Roma,33,7.7,,1.0,,,15,14.0,,3.0,1.0,,3.0,0,0,7.0,9.0
2057,Franco Vázquez,Cremonese,F,Cremonese vs Lecce,10,6.9,,0.0,,,3,3.0,,,,,,0,0,2.0,4.0
2057,Franco Vázquez,Cremonese,F,Torino vs Cremonese,13,6.7,,0.0,1.0,,8,6.0,,1.0,1.0,,,0,0,1.0,2.0
2057,Franco Vázquez,Cremonese,F,Fiorentina vs Cremonese,31,7.3,,0.0,,,11,7.0,,2.0,1.0,2.0,,0,0,3.0,5.0
2057,Franco Vázquez,Cremonese,F,Juventus vs Cremonese,32,6.7,,0.0,,,6,6.0,,,,,1.0,0,0,1.0,2.0
342651,Romano Floriani Mussolini,Cremonese,D,Cremonese vs Sassuolo,8,7.3,,0.0,,,2,2.0,,,,1.0,2.0,0,0,2.0,3.0
342651,Romano Floriani Mussolini,Cremonese,D,Hellas Verona vs Cremonese,9,6.7,,0.0,,,1,,,,,,,0,0,,1.0
342651,Romano Floriani Mussolini,Cremonese,D,Cremonese vs Parma,32,6.3,,0.0,,,14,10.0,,1.0,,1.0,,0,0,1.0,3.0
342651,Romano Floriani Mussolini,Cremonese,D,Como vs Cremonese,45,6.3,,0.0,1.0,,7,5.0,,1.0,,2.0,1.0,1,0,2.0,7.0
342651,Romano Floriani Mussolini,Cremonese,D,Inter vs Cremonese,74,5.3,,0.0,,,10,4.0,,,,,,0,0,,2.0
342651,Romano Floriani Mussolini,Cremonese,D,Cremonese vs Atalanta,90,6.7,,0.0,1.0,,18,11.0,,3.0,,1.0,,1,0,8.0,13.0
342651,Romano Floriani Mussolini,Cremonese,D,Genoa vs Cremonese,77,6.7,,0.0,,,18,15.0,,1.0,,1.0,,0,0,3.0,7.0
342651,Romano Floriani Mussolini,Cremonese,D,Cremonese vs Juventus,71,6.3,,0.0,,,18,15.0,,,,1.0,,0,0,1.0,7.0
342651,Romano Floriani Mussolini,Cremonese,D,Pisa vs Cremonese,13,6.7,,0.0,,,10,9.0,,,,,,0,0,,2.0
342651,Romano Floriani Mussolini,Cremonese,D,Cremonese vs AS Roma,57,6.3,,0.0,,,16,12.0,,1.0,2.0,,,0,0,2.0,4.0
342651,Romano Floriani Mussolini,Cremonese,D,Cremonese vs Lecce,90,7.7,,0.0,,,28,20.0,,4.0,2.0,2.0,1.0,0,0,10.0,15.0
342651,Romano Floriani Mussolini,Cremonese,D,Torino vs Cremonese,27,6.9,,0.0,,,10,6.0,,,,,,0,0,1.0,2.0
342651,Romano Floriani Mussolini,Cremonese,D,Lazio vs Cremonese,9,6.7,,0.0,,,1,,,,,,,0,0,,
342651,Romano Floriani Mussolini,Cremonese,D,Cremonese vs Napoli,8,6.6,,0.0,,,6,6.0,,,,,,0,0,,2.0
342651,Romano Floriani Mussolini,Cremonese,D,Cremonese vs Cagliari,90,6.3,,0.0,1.0,,21,16.0,,2.0,,3.0,,0,0,3.0,8.0
342651,Romano Floriani Mussolini,Cremonese,D,Juventus vs Cremonese,45,5.9,,0.0,,,16,13.0,,,,,,0,0,,1.0
342651,Romano Floriani Mussolini,Cremonese,D,Sassuolo vs Cremonese,23,6.9,,0.0,,,6,5.0,,3.0,,1.0,,0,0,5.0,8.0
342651,Romano Floriani Mussolini,Cremonese,D,Cremonese vs Inter,15,7,,0.0,,,8,6.0,,2.0,,1.0,,0,0,3.0,6.0
342651,Romano Floriani Mussolini,Cremonese,D,Cremonese vs Genoa,2,,,0.0,,,1,1.0,,,,,,0,0,,1.0
616,Arijanet Murić,Sassuolo,G,Cremonese vs Sassuolo,90,6.5,,0.0,,,27,20.0,,,,,,0,0,,
616,Arijanet Murić,Sassuolo,G,Sassuolo vs Lazio,90,7.6,,0.0,,,29,23.0,,,,,,0,0,,
616,Arijanet Murić,Sassuolo,G,Inter vs Sassuolo,90,7.7,,0.0,,,41,25.0,,,,,,0,0,1.0,1.0
616,Arijanet Murić,Sassuolo,G,Sassuolo vs Udinese,90,7.3,,0.0,,,36,21.0,,,,,1.0,0,0,1.0,1.0
616,Arijanet Murić,Sassuolo,G,Hellas Verona vs Sassuolo,90,10,,0.0,,,28,18.0,,,,,1.0,1,0,2.0,2.0
616,Arijanet Murić,Sassuolo,G,Lecce vs Sassuolo,90,7.7,,0.0,,,43,28.0,,,,,,0,0,1.0,1.0
616,Arijanet Murić,Sassuolo,G,Sassuolo vs AS Roma,90,7,,0.0,,,35,20.0,,,,,,0,0,,
616,Arijanet Murić,Sassuolo,G,Cagliari vs Sassuolo,90,6.3,,0.0,,,25,16.0,,,,,,0,0,1.0,1.0
616,Arijanet Murić,Sassuolo,G,Sassuolo vs Genoa,90,6.3,,0.0,,,31,19.0,,,,,,0,0,,
616,Arijanet Murić,Sassuolo,G,Atalanta vs Sassuolo,90,7.2,,0.0,,,33,13.0,,,,,,1,0,1.0,1.0
616,Arijanet Murić,Sassuolo,G,Sassuolo vs Pisa,90,6.2,,0.0,,,20,13.0,,,,,,0,0,,
616,Arijanet Murić,Sassuolo,G,Como vs Sassuolo,90,8.3,,0.0,,,19,16.0,,,,,,0,0,1.0,1.0
616,Arijanet Murić,Sassuolo,G,Sassuolo vs Fiorentina,90,6.2,,0.0,,,33,20.0,,,,1.0,,1,0,,1.0
616,Arijanet Murić,Sassuolo,G,AC Milan vs Sassuolo,90,6.3,,0.0,,,25,16.0,,,,,,0,0,2.0,2.0
616,Arijanet Murić,Sassuolo,G,Sassuolo vs Torino,90,7.3,,0.0,,,36,24.0,,,,,1.0,0,0,1.0,1.0
616,Arijanet Murić,Sassuolo,G,Bologna vs Sassuolo,90,6.5,,0.0,,,36,19.0,,,,,,0,0,,
616,Arijanet Murić,Sassuolo,G,Sassuolo vs Parma,90,7.3,,0.0,,,14,12.0,,,,,,0,0,,
616,Arijanet Murić,Sassuolo,G,Sassuolo vs Juventus,90,8.3,,0.0,,,32,25.0,,,,,,0,0,1.0,2.0
616,Arijanet Murić,Sassuolo,G,AS Roma vs Sassuolo,90,7.3,,0.0,,,45,27.0,,,,,,1,0,,
616,Arijanet Murić,Sassuolo,G,Napoli vs Sassuolo,90,6.9,,0.0,,,28,20.0,,,,,,0,0,1.0,1.0
616,Arijanet Murić,Sassuolo,G,Sassuolo vs Cremonese,90,7.7,,0.0,,,30,16.0,,,,,,0,0,,
616,Arijanet Murić,Sassuolo,G,Pisa vs Sassuolo,90,6.9,,0.0,,,21,7.0,,,,,,0,0,,
616,Arijanet Murić,Sassuolo,G,Sassuolo vs Inter,90,6.2,,0.0,,,25,14.0,,,,,,0,0,1.0,1.0
616,Arijanet Murić,Sassuolo,G,Udinese vs Sassuolo,90,6.9,,0.0,,,24,14.0,,,,,,0,0,,
616,Arijanet Murić,Sassuolo,G,Sassuolo vs Hellas Verona,90,7,,0.0,,,19,10.0,,,,,,0,0,2.0,2.0
37651,Jay Idzes,Sassuolo,D,Cremonese vs Sassuolo,90,6.3,,0.0,,,68,67.0,,,,1.0,1.0,0,0,1.0,3.0
37651,Jay Idzes,Sassuolo,D,Sassuolo vs Lazio,90,6.9,,0.0,,,73,66.0,,1.0,,2.0,,0,0,2.0,6.0
37651,Jay Idzes,Sassuolo,D,Inter vs Sassuolo,90,6.7,,0.0,,,37,33.0,,2.0,1.0,2.0,,0,0,4.0,11.0
37651,Jay Idzes,Sassuolo,D,Sassuolo vs Udinese,90,6.7,,0.0,1.0,,31,23.0,,1.0,,,,0,0,5.0,7.0
37651,Jay Idzes,Sassuolo,D,Hellas Verona vs Sassuolo,90,7.2,,0.0,,,34,30.0,,1.0,1.0,,1.0,0,0,5.0,9.0
37651,Jay Idzes,Sassuolo,D,Lecce vs Sassuolo,90,7,,0.0,,,49,47.0,,,2.0,,1.0,0,0,3.0,6.0
37651,Jay Idzes,Sassuolo,D,Sassuolo vs AS Roma,90,6,,0.0,,,21,16.0,,2.0,3.0,2.0,,0,0,4.0,10.0
37651,Jay Idzes,Sassuolo,D,Cagliari vs Sassuolo,90,6.9,,0.0,,,42,40.0,,1.0,,2.0,1.0,0,0,5.0,9.0
37651,Jay Idzes,Sassuolo,D,Sassuolo vs Genoa,90,6,,0.0,,,44,40.0,,1.0,2.0,,,0,0,3.0,9.0
37651,Jay Idzes,Sassuolo,D,Atalanta vs Sassuolo,90,7.7,,0.0,,,21,18.0,,1.0,,1.0,,0,0,2.0,5.0
37651,Jay Idzes,Sassuolo,D,Sassuolo vs Pisa,90,6.7,,0.0,,,52,50.0,,2.0,1.0,,,0,0,3.0,8.0
37651,Jay Idzes,Sassuolo,D,Como vs Sassuolo,90,6.5,,0.0,,,31,27.0,,,3.0,3.0,2.0,0,0,5.0,9.0
37651,Jay Idzes,Sassuolo,D,Sassuolo vs Fiorentina,90,6.9,,0.0,,,21,18.0,,,,,2.0,0,0,4.0,4.0
37651,Jay Idzes,Sassuolo,D,AC Milan vs Sassuolo,90,6.3,,0.0,,,40,39.0,,1.0,3.0,,,0,0,2.0,5.0
37651,Jay Idzes,Sassuolo,D,Sassuolo vs Torino,90,6,,0.0,,,48,41.0,,1.0,3.0,4.0,,1,0,4.0,13.0
37651,Jay Idzes,Sassuolo,D,Bologna vs Sassuolo,90,6.9,,0.0,,,33,28.0,,2.0,2.0,2.0,,0,0,3.0,7.0
37651,Jay Idzes,Sassuolo,D,Sassuolo vs Parma,90,6.9,,0.0,,,62,56.0,,,1.0,,,0,0,2.0,4.0
37651,Jay Idzes,Sassuolo,D,Sassuolo vs Juventus,89,5.9,,0.0,,,47,37.0,,3.0,3.0,,,0,0,4.0,4.0
37651,Jay Idzes,Sassuolo,D,AS Roma vs Sassuolo,90,6.2,,0.0,,,30,29.0,,,,1.0,1.0,0,0,1.0,2.0
37651,Jay Idzes,Sassuolo,D,Napoli vs Sassuolo,90,6.6,,0.0,1.0,,56,49.0,,1.0,3.0,,,0,0,4.0,4.0
37651,Jay Idzes,Sassuolo,D,Sassuolo vs Cremonese,90,6.9,,0.0,,,38,34.0,,,,2.0,,0,0,,3.0
37651,Jay Idzes,Sassuolo,D,Pisa vs Sassuolo,90,7.3,,0.0,,,28,26.0,,1.0,2.0,1.0,1.0,0,0,3.0,8.0
37651,Jay Idzes,Sassuolo,D,Sassuolo vs Inter,90,6.3,,0.0,,,37,34.0,,,,,,0,0,3.0,4.0
37651,Jay Idzes,Sassuolo,D,Udinese vs Sassuolo,90,6.5,,0.0,,,44,42.0,,,2.0,1.0,,0,0,1.0,4.0
37651,Jay Idzes,Sassuolo,D,Sassuolo vs Hellas Verona,90,7.2,,0.0,,,70,64.0,,,1.0,1.0,,0,0,2.0,4.0
127413,Aster Vranckx,Sassuolo,M,Cremonese vs Sassuolo,69,6.9,,0.0,,,40,35.0,,2.0,,2.0,5.0,0,0,10.0,14.0
127413,Aster Vranckx,Sassuolo,M,Sassuolo vs Lazio,64,6.6,,0.0,,,26,21.0,,1.0,,1.0,2.0,1,0,4.0,6.0
127413,Aster Vranckx,Sassuolo,M,Inter vs Sassuolo,69,6.7,,0.0,,,7,4.0,,1.0,,,1.0,0,0,2.0,4.0
127413,Aster Vranckx,Sassuolo,M,Sassuolo vs Udinese,58,6.2,,0.0,,,12,11.0,,,,,2.0,0,0,2.0,4.0
127413,Aster Vranckx,Sassuolo,M,Hellas Verona vs Sassuolo,59,6.6,,0.0,,,24,20.0,,3.0,,1.0,1.0,0,0,4.0,8.0
127413,Aster Vranckx,Sassuolo,M,Lecce vs Sassuolo,57,6.9,,0.0,1.0,,21,17.0,,,,2.0,1.0,0,0,2.0,4.0
127413,Aster Vranckx,Sassuolo,M,Sassuolo vs AS Roma,30,6.6,,0.0,,,10,10.0,,1.0,,3.0,1.0,0,0,2.0,6.0
127413,Aster Vranckx,Sassuolo,M,Cagliari vs Sassuolo,16,6.6,,0.0,,,4,3.0,,,,,1.0,0,0,1.0,2.0
127413,Aster Vranckx,Sassuolo,M,Sassuolo vs Genoa,26,6.3,,0.0,,,10,7.0,,1.0,,2.0,,0,0,1.0,3.0
127413,Aster Vranckx,Sassuolo,M,Sassuolo vs Torino,63,6.9,,0.0,,,22,16.0,,,,,2.0,0,0,5.0,6.0
127413,Aster Vranckx,Sassuolo,M,Sassuolo vs Juventus,13,6.3,,0.0,,,14,14.0,,,,,1.0,0,0,1.0,3.0
127413,Aster Vranckx,Sassuolo,M,AS Roma vs Sassuolo,18,6.2,,0.0,,,6,4.0,,1.0,,,,0,0,1.0,7.0
127413,Aster Vranckx,Sassuolo,M,Napoli vs Sassuolo,54,6.2,,0.0,1.0,1.0,10,9.0,,1.0,,2.0,,1,0,2.0,9.0
902,Nemanja Matić,Sassuolo,M,Cremonese vs Sassuolo,82,6.9,,0.0,,,63,56.0,,1.0,,,1.0,0,0,3.0,8.0
902,Nemanja Matić,Sassuolo,M,Sassuolo vs Lazio,90,6.6,,0.0,,,53,43.0,,1.0,,2.0,1.0,1,0,4.0,10.0
902,Nemanja Matić,Sassuolo,M,Inter vs Sassuolo,90,6.6,,0.0,,,42,31.0,,3.0,,2.0,3.0,0,0,9.0,14.0
902,Nemanja Matić,Sassuolo,M,Sassuolo vs Udinese,90,6.7,,0.0,,,42,32.0,,,2.0,,,0,0,,5.0
902,Nemanja Matić,Sassuolo,M,Hellas Verona vs Sassuolo,90,6.9,,0.0,,,47,33.0,,1.0,1.0,2.0,2.0,0,0,4.0,8.0
902,Nemanja Matić,Sassuolo,M,Lecce vs Sassuolo,90,7.2,,0.0,,,51,41.0,,2.0,,,3.0,0,0,6.0,8.0
902,Nemanja Matić,Sassuolo,M,Sassuolo vs AS Roma,90,7.3,,0.0,1.0,,49,42.0,,2.0,2.0,,2.0,0,0,8.0,14.0
902,Nemanja Matić,Sassuolo,M,Cagliari vs Sassuolo,90,7.3,,0.0,,,61,54.0,,2.0,1.0,,,0,0,3.0,6.0
902,Nemanja Matić,Sassuolo,M,Sassuolo vs Genoa,90,7.2,,0.0,,,88,79.0,,2.0,,,,0,0,3.0,5.0
902,Nemanja Matić,Sassuolo,M,Atalanta vs Sassuolo,90,7.3,,0.0,1.0,1.0,44,36.0,,4.0,2.0,,1.0,0,0,7.0,8.0
902,Nemanja Matić,Sassuolo,M,Sassuolo vs Pisa,87,8.7,1.0,0.0,1.0,1.0,75,68.0,,1.0,,1.0,1.0,0,0,4.0,6.0
902,Nemanja Matić,Sassuolo,M,Como vs Sassuolo,90,7,,0.0,2.0,2.0,44,43.0,,1.0,,,1.0,0,0,3.0,5.0
902,Nemanja Matić,Sassuolo,M,Sassuolo vs Fiorentina,90,6.9,,0.0,,,50,41.0,,1.0,1.0,,1.0,0,0,4.0,8.0
902,Nemanja Matić,Sassuolo,M,AC Milan vs Sassuolo,90,6.7,,0.0,,,75,64.0,,2.0,1.0,2.0,1.0,0,0,3.0,7.0
902,Nemanja Matić,Sassuolo,M,Sassuolo vs Torino,90,6.9,,0.0,,,64,54.0,,1.0,,3.0,3.0,1,0,4.0,10.0
902,Nemanja Matić,Sassuolo,M,Bologna vs Sassuolo,90,6.9,,0.0,,,41,36.0,,1.0,3.0,,3.0,0,0,4.0,9.0
902,Nemanja Matić,Sassuolo,M,Sassuolo vs Parma,90,7,,0.0,,,94,88.0,,1.0,,4.0,1.0,1,0,3.0,10.0
902,Nemanja Matić,Sassuolo,M,Sassuolo vs Juventus,77,6.7,,0.0,,,62,57.0,,,1.0,,1.0,0,0,1.0,3.0
902,Nemanja Matić,Sassuolo,M,AS Roma vs Sassuolo,90,7.2,,0.0,,,45,32.0,,5.0,,1.0,2.0,1,0,11.0,14.0
902,Nemanja Matić,Sassuolo,M,Napoli vs Sassuolo,90,6.9,,0.0,2.0,,56,50.0,,,2.0,2.0,1.0,0,0,2.0,4.0
902,Nemanja Matić,Sassuolo,M,Sassuolo vs Cremonese,90,7.6,,0.0,,,69,57.0,,2.0,2.0,1.0,2.0,0,0,4.0,5.0
902,Nemanja Matić,Sassuolo,M,Pisa vs Sassuolo,90,7.2,,1.0,1.0,,55,45.0,,1.0,,,3.0,0,0,7.0,8.0
902,Nemanja Matić,Sassuolo,M,Sassuolo vs Inter,55,5.9,,0.0,,,31,29.0,,1.0,,,2.0,1,1,4.0,7.0
342035,Cristian Volpato,Sassuolo,M,Cremonese vs Sassuolo,45,6.6,,1.0,,,24,21.0,,,,2.0,,0,0,1.0,5.0
342035,Cristian Volpato,Sassuolo,M,Sassuolo vs Lazio,26,6.6,,0.0,,,7,6.0,,1.0,,1.0,1.0,1,0,2.0,5.0
342035,Cristian Volpato,Sassuolo,M,Inter vs Sassuolo,21,7,,0.0,,,8,7.0,,,,,,0,0,2.0,3.0
342035,Cristian Volpato,Sassuolo,M,Hellas Verona vs Sassuolo,59,6.3,,0.0,,,15,10.0,,,,,,0,0,2.0,6.0
342035,Cristian Volpato,Sassuolo,M,Sassuolo vs AS Roma,30,6.9,,0.0,,,10,6.0,,1.0,1.0,2.0,,1,0,5.0,11.0
342035,Cristian Volpato,Sassuolo,M,Cagliari vs Sassuolo,85,6.5,,1.0,3.0,1.0,34,26.0,,1.0,,,,0,0,5.0,13.0
342035,Cristian Volpato,Sassuolo,M,Sassuolo vs Pisa,9,7.3,,1.0,,,4,3.0,,,,,,0,0,,
342035,Cristian Volpato,Sassuolo,M,Como vs Sassuolo,39,6.5,,0.0,1.0,,18,16.0,,1.0,,,,0,0,1.0,6.0
342035,Cristian Volpato,Sassuolo,M,Sassuolo vs Fiorentina,78,8,1.0,1.0,1.0,1.0,18,16.0,,,,3.0,,0,0,1.0,6.0
342035,Cristian Volpato,Sassuolo,M,AC Milan vs Sassuolo,87,6.2,,0.0,,,26,20.0,,,,1.0,,0,0,,6.0
342035,Cristian Volpato,Sassuolo,M,Sassuolo vs Torino,78,6.7,,0.0,2.0,1.0,26,22.0,,1.0,,1.0,2.0,0,0,4.0,9.0
342035,Cristian Volpato,Sassuolo,M,Bologna vs Sassuolo,71,6.9,,0.0,1.0,,22,18.0,,1.0,1.0,1.0,2.0,0,0,6.0,12.0
342035,Cristian Volpato,Sassuolo,M,Pisa vs Sassuolo,13,6.7,,0.0,,,7,6.0,,1.0,,,,0,0,1.0,4.0
342035,Cristian Volpato,Sassuolo,M,Udinese vs Sassuolo,13,6.6,,0.0,,,4,3.0,,,1.0,,,0,0,1.0,3.0
281291,Edoardo Iannoni,Sassuolo,M,Cremonese vs Sassuolo,8,6.2,,0.0,1.0,,4,4.0,,,,1.0,,1,0,,1.0
281291,Edoardo Iannoni,Sassuolo,M,Sassuolo vs Udinese,11,7.5,1.0,0.0,1.0,1.0,6,5.0,,,,,,0,0,,1.0
281291,Edoardo Iannoni,Sassuolo,M,Hellas Verona vs Sassuolo,8,6.6,,0.0,,,4,2.0,,,,1.0,,0,0,2.0,2.0
281291,Edoardo Iannoni,Sassuolo,M,Lecce vs Sassuolo,33,6.2,,0.0,,,14,12.0,,,,3.0,,0,0,,5.0
281291,Edoardo Iannoni,Sassuolo,M,Cagliari vs Sassuolo,14,6.5,,0.0,,,4,4.0,,,,2.0,,1,0,,3.0
281291,Edoardo Iannoni,Sassuolo,M,Como vs Sassuolo,8,6.5,,0.0,,,9,8.0,,,,,,0,0,,3.0
281291,Edoardo Iannoni,Sassuolo,M,Sassuolo vs Juventus,77,6.5,,0.0,1.0,,22,20.0,,2.0,,1.0,,0,0,3.0,5.0
281291,Edoardo Iannoni,Sassuolo,M,AS Roma vs Sassuolo,12,6.5,,0.0,,,4,4.0,,,2.0,1.0,,0,0,,3.0
281291,Edoardo Iannoni,Sassuolo,M,Napoli vs Sassuolo,36,6.7,,0.0,,,24,20.0,,1.0,,1.0,,1,0,2.0,4.0
281291,Edoardo Iannoni,Sassuolo,M,Sassuolo vs Cremonese,13,6.3,,0.0,,,3,2.0,,,1.0,,,0,0,,1.0
281291,Edoardo Iannoni,Sassuolo,M,Sassuolo vs Hellas Verona,17,6.9,,0.0,,,6,4.0,,3.0,,1.0,,0,0,4.0,5.0
6662,Santiago Pierotti,Lecce,F,Lecce vs AC Milan,63,6.2,,0.0,,,15,11.0,,2.0,,,,0,0,2.0,8.0
6662,Santiago Pierotti,Lecce,F,Atalanta vs Lecce,31,6.3,,0.0,,,11,8.0,,1.0,,,,0,0,3.0,5.0
6662,Santiago Pierotti,Lecce,F,Lecce vs Cagliari,81,6.6,,0.0,1.0,1.0,15,12.0,,1.0,,3.0,1.0,0,0,6.0,15.0
6662,Santiago Pierotti,Lecce,F,Lecce vs Bologna,90,6.9,,0.0,3.0,1.0,13,11.0,,2.0,,3.0,,0,0,8.0,22.0
6662,Santiago Pierotti,Lecce,F,Parma vs Lecce,90,6.3,,0.0,1.0,1.0,19,11.0,,1.0,,2.0,1.0,0,0,6.0,19.0
6662,Santiago Pierotti,Lecce,F,Lecce vs Sassuolo,74,6.9,,0.0,1.0,,27,22.0,,1.0,1.0,3.0,1.0,0,0,3.0,8.0
6662,Santiago Pierotti,Lecce,F,Udinese vs Lecce,86,6.2,,0.0,2.0,,25,15.0,,3.0,,3.0,,0,0,10.0,20.0
6662,Santiago Pierotti,Lecce,F,Lecce vs Napoli,45,6,,0.0,,,11,8.0,,,,2.0,,0,0,,8.0
6662,Santiago Pierotti,Lecce,F,Fiorentina vs Lecce,17,6.7,,0.0,,,4,1.0,,2.0,,1.0,1.0,0,0,4.0,8.0
6662,Santiago Pierotti,Lecce,F,Lecce vs Hellas Verona,24,6.5,,0.0,,,5,4.0,,2.0,,,,0,0,2.0,6.0
6662,Santiago Pierotti,Lecce,F,Lazio vs Lecce,27,6.2,,0.0,1.0,,9,7.0,,3.0,,3.0,,0,0,3.0,8.0
6662,Santiago Pierotti,Lecce,F,Lecce vs Torino,65,6.7,,0.0,,,19,14.0,,1.0,,2.0,1.0,0,0,5.0,10.0
6662,Santiago Pierotti,Lecce,F,Cremonese vs Lecce,67,6.5,,0.0,,,19,15.0,,3.0,3.0,2.0,,0,0,5.0,14.0
6662,Santiago Pierotti,Lecce,F,Lecce vs Pisa,66,6.2,,0.0,1.0,1.0,17,16.0,,2.0,,1.0,,0,0,3.0,13.0
6662,Santiago Pierotti,Lecce,F,Lecce vs Como,79,6.6,,0.0,,,17,11.0,,4.0,1.0,,1.0,0,0,7.0,11.0
6662,Santiago Pierotti,Lecce,F,Juventus vs Lecce,68,6.5,,0.0,1.0,,21,17.0,,4.0,,,,0,0,6.0,19.0
6662,Santiago Pierotti,Lecce,F,Lecce vs AS Roma,34,6.3,,0.0,1.0,,14,12.0,,,,1.0,1.0,0,0,2.0,7.0
6662,Santiago Pierotti,Lecce,F,Lecce vs Parma,54,6.2,,0.0,,,15,12.0,,3.0,,4.0,,1,0,4.0,13.0
6662,Santiago Pierotti,Lecce,F,Inter vs Lecce,82,5.7,,0.0,,,17,10.0,,,,3.0,1.0,0,0,4.0,21.0
6662,Santiago Pierotti,Lecce,F,AC Milan vs Lecce,90,6.6,,0.0,,,26,21.0,,5.0,1.0,1.0,,0,0,5.0,13.0
6662,Santiago Pierotti,Lecce,F,Lecce vs Lazio,89,7,,0.0,1.0,,20,16.0,,5.0,3.0,2.0,,0,0,8.0,15.0
6662,Santiago Pierotti,Lecce,F,Torino vs Lecce,77,6,,0.0,,,19,18.0,,2.0,,3.0,2.0,0,0,7.0,21.0
6662,Santiago Pierotti,Lecce,F,Lecce vs Udinese,68,6.3,,0.0,,,13,7.0,,2.0,,1.0,,0,0,4.0,12.0
6662,Santiago Pierotti,Lecce,F,Cagliari vs Lecce,86,6.3,,0.0,,,18,15.0,,3.0,2.0,2.0,,0,0,4.0,11.0
6662,Santiago Pierotti,Lecce,F,Lecce vs Inter,83,6.2,,0.0,,,19,14.0,,2.0,,1.0,,0,0,3.0,11.0
264122,Nikola Štulić,Lecce,F,Lecce vs AC Milan,45,6.3,,0.0,1.0,1.0,10,9.0,,,,,,0,0,1.0,2.0
264122,Nikola Štulić,Lecce,F,Atalanta vs Lecce,71,6.3,,0.0,1.0,,18,12.0,,,,,1.0,0,0,6.0,11.0
264122,Nikola Štulić,Lecce,F,Lecce vs Cagliari,90,6.3,,0.0,1.0,1.0,10,7.0,,1.0,,1.0,1.0,0,0,6.0,11.0
264122,Nikola Štulić,Lecce,F,Lecce vs Bologna,67,6.2,,0.0,,,16,8.0,,1.0,,1.0,1.0,0,0,5.0,9.0
264122,Nikola Štulić,Lecce,F,Parma vs Lecce,76,6.2,,0.0,1.0,,15,10.0,,1.0,,1.0,2.0,0,0,4.0,11.0
264122,Nikola Štulić,Lecce,F,Lecce vs Sassuolo,64,6.2,,0.0,1.0,,12,7.0,,1.0,,2.0,,0,0,4.0,10.0
264122,Nikola Štulić,Lecce,F,Udinese vs Lecce,66,6.3,,0.0,1.0,,11,8.0,,,,2.0,,1,0,,3.0
264122,Nikola Štulić,Lecce,F,Lecce vs Napoli,20,6.7,,0.0,,,7,4.0,,,,,1.0,0,0,2.0,4.0
264122,Nikola Štulić,Lecce,F,Fiorentina vs Lecce,89,6.9,,0.0,,,21,14.0,,4.0,,2.0,1.0,0,0,11.0,22.0
264122,Nikola Štulić,Lecce,F,Lecce vs Hellas Verona,66,5.9,,0.0,1.0,1.0,13,8.0,,,,1.0,2.0,0,0,4.0,14.0
264122,Nikola Štulić,Lecce,F,Lazio vs Lecce,45,6.5,,0.0,,,4,3.0,,,,1.0,,0,0,,2.0
264122,Nikola Štulić,Lecce,F,Lecce vs Torino,89,6.3,,0.0,,,8,4.0,,1.0,,4.0,3.0,0,0,9.0,19.0
264122,Nikola Štulić,Lecce,F,Cremonese vs Lecce,67,6.6,,0.0,1.0,,10,4.0,,,,,3.0,0,0,5.0,10.0
264122,Nikola Štulić,Lecce,F,Lecce vs Pisa,23,7.3,1.0,0.0,3.0,1.0,2,1.0,,,,1.0,,0,0,1.0,2.0
264122,Nikola Štulić,Lecce,F,Lecce vs Como,69,6.2,,0.0,,,6,5.0,,,,1.0,1.0,0,0,1.0,8.0
264122,Nikola Štulić,Lecce,F,Juventus vs Lecce,22,6.7,,0.0,1.0,,5,3.0,,1.0,,2.0,1.0,0,0,4.0,7.0
264122,Nikola Štulić,Lecce,F,Lecce vs AS Roma,26,6.2,,0.0,,,10,9.0,,,,,,0,0,1.0,5.0
264122,Nikola Štulić,Lecce,F,Lecce vs Parma,65,7.9,1.0,0.0,1.0,1.0,14,11.0,,1.0,,3.0,1.0,0,0,5.0,11.0
264122,Nikola Štulić,Lecce,F,Inter vs Lecce,90,6.5,,0.0,,,16,14.0,,,,1.0,1.0,0,0,1.0,6.0
264122,Nikola Štulić,Lecce,F,AC Milan vs Lecce,69,6.5,,0.0,2.0,,16,12.0,,1.0,,3.0,1.0,0,0,5.0,14.0
264122,Nikola Štulić,Lecce,F,Lecce vs Lazio,64,6,,0.0,,,11,9.0,,,1.0,,,0,0,,5.0
264122,Nikola Štulić,Lecce,F,Lecce vs Udinese,13,6.3,,0.0,,,10,5.0,,,,,,0,0,,1.0
264122,Nikola Štulić,Lecce,F,Cagliari vs Lecce,10,6.3,,0.0,,,4,3.0,,,,1.0,,0,0,1.0,2.0
264122,Nikola Štulić,Lecce,F,Lecce vs Inter,11,6.3,,0.0,,,2,1.0,,,,,,0,0,,
28744,Þórir Jóhann Helgason,Lecce,M,Lecce vs AC Milan,9,6.5,,0.0,,,5,4.0,,,,,,0,0,,
28744,Þórir Jóhann Helgason,Lecce,M,Lecce vs Sassuolo,26,6.6,,0.0,1.0,1.0,5,4.0,,,,,,0,0,1.0,2.0
28744,Þórir Jóhann Helgason,Lecce,M,Udinese vs Lecce,45,6.3,,0.0,,,8,7.0,,,,,,0,0,,2.0
28744,Þórir Jóhann Helgason,Lecce,M,Lecce vs Como,11,6.3,,0.0,,,7,5.0,,,1.0,,,0,0,,1.0
28744,Þórir Jóhann Helgason,Lecce,M,Juventus vs Lecce,9,6.9,,0.0,,,1,1.0,,1.0,,,,0,0,2.0,2.0
28744,Þórir Jóhann Helgason,Lecce,M,Lecce vs AS Roma,15,6.6,,0.0,,,8,5.0,,,,,,0,0,2.0,2.0
162106,Yunus Musah,AC Milan,M,Lecce vs AC Milan,90,7,,0.0,,,40,34.0,,1.0,,2.0,2.0,0,0,5.0,10.0
162106,Yunus Musah,AC Milan,M,Atalanta vs Lecce,14,6.6,,0.0,,,15,13.0,,,,1.0,,0,0,2.0,4.0
162106,Yunus Musah,AC Milan,M,Torino vs Atalanta,3,,,0.0,,,0,,,,,,,0,0,,2.0
162106,Yunus Musah,AC Milan,M,Juventus vs Atalanta,14,6.7,,0.0,,,1,,,1.0,,,,0,0,2.0,3.0
162106,Yunus Musah,AC Milan,M,Atalanta vs Como,16,6.9,,0.0,,,8,5.0,,1.0,,,3.0,0,0,5.0,6.0
162106,Yunus Musah,AC Milan,M,Atalanta vs AC Milan,8,6.3,,0.0,,,5,5.0,,,,,,0,0,1.0,2.0
162106,Yunus Musah,AC Milan,M,Atalanta vs Cagliari,24,6.2,,0.0,1.0,,10,10.0,,,,1.0,1.0,0,0,1.0,3.0
162106,Yunus Musah,AC Milan,M,Genoa vs Atalanta,90,7.3,,0.0,1.0,,57,53.0,,3.0,1.0,1.0,1.0,0,0,9.0,14.0
162106,Yunus Musah,AC Milan,M,Atalanta vs Inter,45,6.6,,0.0,,,27,24.0,,,1.0,,1.0,0,0,1.0,1.0
162106,Yunus Musah,AC Milan,M,Atalanta vs AS Roma,30,6.7,,0.0,,,14,12.0,,,,,,0,0,,2.0
162106,Yunus Musah,AC Milan,M,Bologna vs Atalanta,22,6.9,,0.0,,,10,9.0,,,,,5.0,0,0,5.0,6.0
162106,Yunus Musah,AC Milan,M,Atalanta vs Torino,23,6.3,,0.0,,,8,8.0,,1.0,,1.0,,1,0,1.0,6.0
162106,Yunus Musah,AC Milan,M,Pisa vs Atalanta,56,7.5,,0.0,,,30,25.0,,1.0,,1.0,2.0,0,0,6.0,9.0
162106,Yunus Musah,AC Milan,M,Atalanta vs Cremonese,12,6.5,,0.0,,,11,8.0,,,1.0,,,0,0,,1.0
31056,Samuele Ricci,AC Milan,M,Lecce vs AC Milan,14,6.9,,0.0,1.0,1.0,3,2.0,,,,,,0,0,,
31056,Samuele Ricci,AC Milan,M,AC Milan vs Bologna,25,6.9,,0.0,1.0,,10,9.0,,,1.0,,1.0,0,0,2.0,3.0
31056,Samuele Ricci,AC Milan,M,Udinese vs AC Milan,22,6.9,,0.0,,,17,17.0,,1.0,,,,0,0,1.0,2.0
31056,Samuele Ricci,AC Milan,M,AC Milan vs Fiorentina,90,6.9,,0.0,,,52,47.0,,1.0,,,2.0,0,0,3.0,5.0
31056,Samuele Ricci,AC Milan,M,AC Milan vs Pisa,90,7.3,,1.0,1.0,,63,59.0,,1.0,,,2.0,0,0,3.0,3.0
31056,Samuele Ricci,AC Milan,M,Atalanta vs AC Milan,90,7.9,1.0,0.0,1.0,1.0,38,37.0,,,,1.0,1.0,0,0,1.0,3.0
31056,Samuele Ricci,AC Milan,M,AC Milan vs AS Roma,90,7.2,,0.0,3.0,2.0,24,21.0,,3.0,1.0,,3.0,0,0,7.0,11.0
31056,Samuele Ricci,AC Milan,M,Parma vs AC Milan,70,6.2,,0.0,,,31,27.0,,,,,1.0,0,0,1.0,2.0
31056,Samuele Ricci,AC Milan,M,Inter vs AC Milan,12,6.7,,0.0,,,3,2.0,,,,,,0,0,,
31056,Samuele Ricci,AC Milan,M,AC Milan vs Lazio,8,6.5,,0.0,,,1,1.0,,,,1.0,,1,0,,2.0
31056,Samuele Ricci,AC Milan,M,Torino vs AC Milan,59,7.7,,1.0,1.0,1.0,35,31.0,,1.0,,1.0,1.0,0,0,2.0,3.0
31056,Samuele Ricci,AC Milan,M,AC Milan vs Sassuolo,17,6.7,,0.0,,,9,9.0,,,,1.0,,0,0,,2.0
31056,Samuele Ricci,AC Milan,M,AC Milan vs Hellas Verona,14,6.7,,0.0,,,11,9.0,,,,,1.0,0,0,1.0,2.0
31056,Samuele Ricci,AC Milan,M,Cagliari vs AC Milan,21,7,,0.0,,,13,11.0,,1.0,,,,0,0,2.0,2.0
31056,Samuele Ricci,AC Milan,M,Fiorentina vs AC Milan,90,6.9,,0.0,2.0,,53,46.0,,,,1.0,2.0,0,0,2.0,6.0
31056,Samuele Ricci,AC Milan,M,Como vs AC Milan,20,6.3,,0.0,,,6,5.0,,,1.0,,,0,0,,
31056,Samuele Ricci,AC Milan,M,AC Milan vs Lecce,73,7.9,,0.0,1.0,1.0,54,49.0,,2.0,1.0,,1.0,0,0,4.0,5.0
31056,Samuele Ricci,AC Milan,M,AS Roma vs AC Milan,79,6.7,,0.0,,,28,25.0,,,2.0,,2.0,0,0,2.0,4.0
31056,Samuele Ricci,AC Milan,M,Bologna vs AC Milan,23,6.3,,0.0,,,12,10.0,,,,1.0,,0,0,,1.0
31056,Samuele Ricci,AC Milan,M,Pisa vs AC Milan,18,7.3,,1.0,,,9,9.0,,,,,2.0,0,0,2.0,2.0
31056,Samuele Ricci,AC Milan,M,AC Milan vs Como,56,6.5,,0.0,,,14,12.0,,,1.0,1.0,1.0,0,0,1.0,3.0
336928,Cheveyo Mul-Balentien,AC Milan,F,Lecce vs AC Milan,8,6.3,,0.0,1.0,,1,,,,,,,0,0,,1.0
39254,Torbjørn Heggem,Bologna,D,Bologna vs Como,90,7.2,,0.0,1.0,,31,28.0,,2.0,1.0,3.0,,0,0,5.0,9.0
39254,Torbjørn Heggem,Bologna,D,AC Milan vs Bologna,90,6.9,,0.0,,,59,54.0,,2.0,2.0,2.0,,0,0,4.0,7.0
39254,Torbjørn Heggem,Bologna,D,Bologna vs Genoa,85,6.3,,0.0,1.0,,46,39.0,,1.0,,,,0,0,4.0,7.0
39254,Torbjørn Heggem,Bologna,D,Lecce vs Bologna,90,6.9,,0.0,1.0,1.0,75,69.0,,1.0,,1.0,1.0,0,0,5.0,8.0
39254,Torbjørn Heggem,Bologna,D,Bologna vs Pisa,90,7,,0.0,,,51,48.0,,2.0,1.0,2.0,,0,0,2.0,6.0
39254,Torbjørn Heggem,Bologna,D,Cagliari vs Bologna,90,7,,0.0,,,53,51.0,,1.0,2.0,3.0,1.0,0,0,4.0,10.0
39254,Torbjørn Heggem,Bologna,D,Fiorentina vs Bologna,90,6.3,,0.0,,,29,28.0,,3.0,,1.0,,0,0,3.0,6.0
39254,Torbjørn Heggem,Bologna,D,Parma vs Bologna,90,6.3,,0.0,,,58,54.0,,2.0,,3.0,,0,0,4.0,15.0
39254,Torbjørn Heggem,Bologna,D,Bologna vs Napoli,90,6.9,,0.0,,,31,27.0,,1.0,,3.0,1.0,0,0,3.0,6.0
39254,Torbjørn Heggem,Bologna,D,Udinese vs Bologna,90,7.3,,0.0,,,36,30.0,,1.0,1.0,,1.0,0,0,3.0,6.0
39254,Torbjørn Heggem,Bologna,D,Bologna vs Cremonese,45,6.6,,0.0,,,28,25.0,,1.0,1.0,,,0,0,3.0,4.0
39254,Torbjørn Heggem,Bologna,D,Lazio vs Bologna,90,6.6,,0.0,,,88,80.0,,,1.0,1.0,1.0,0,0,4.0,9.0
39254,Torbjørn Heggem,Bologna,D,Bologna vs Juventus,69,6.2,,0.0,,,36,33.0,,2.0,1.0,1.0,,0,1,3.0,5.0
39254,Torbjørn Heggem,Bologna,D,Inter vs Bologna,90,6.9,,0.0,,,27,26.0,,3.0,2.0,3.0,,0,0,5.0,10.0
39254,Torbjørn Heggem,Bologna,D,Bologna vs Atalanta,90,6.3,,0.0,,,41,39.0,,1.0,1.0,,2.0,0,0,6.0,10.0
39254,Torbjørn Heggem,Bologna,D,Como vs Bologna,90,7,,0.0,,,40,36.0,,2.0,,,1.0,0,0,4.0,6.0
39254,Torbjørn Heggem,Bologna,D,Hellas Verona vs Bologna,90,6.9,,0.0,1.0,1.0,72,64.0,,,,2.0,2.0,0,0,8.0,15.0
39254,Torbjørn Heggem,Bologna,D,Bologna vs Fiorentina,90,6.2,,0.0,1.0,,57,52.0,,,1.0,,,0,0,3.0,8.0
39254,Torbjørn Heggem,Bologna,D,Genoa vs Bologna,90,6.3,,0.0,1.0,,46,39.0,,,1.0,1.0,,0,0,,2.0
39254,Torbjørn Heggem,Bologna,D,Bologna vs AC Milan,90,5.7,,0.0,1.0,,42,39.0,,1.0,1.0,2.0,,0,0,3.0,8.0
39254,Torbjørn Heggem,Bologna,D,Bologna vs Parma,90,7.2,,0.0,,,30,28.0,,1.0,3.0,,1.0,0,0,3.0,4.0
1322,Nikola Moro,Bologna,M,Bologna vs Como,65,7.2,,0.0,,,32,25.0,,2.0,1.0,,1.0,0,0,3.0,4.0
1322,Nikola Moro,Bologna,M,Bologna vs Genoa,72,7.3,,0.0,,,46,37.0,,2.0,1.0,1.0,1.0,0,0,4.0,7.0
1322,Nikola Moro,Bologna,M,Lecce vs Bologna,90,6.9,,0.0,1.0,,80,68.0,,3.0,,1.0,,0,0,8.0,14.0
1322,Nikola Moro,Bologna,M,Bologna vs Pisa,73,8.7,1.0,0.0,1.0,1.0,50,45.0,,2.0,,2.0,1.0,0,0,4.0,6.0
1322,Nikola Moro,Bologna,M,Bologna vs Torino,90,7.9,,0.0,,,88,83.0,,1.0,,2.0,3.0,0,0,5.0,10.0
1322,Nikola Moro,Bologna,M,Parma vs Bologna,34,7.2,,0.0,,,25,23.0,,1.0,,1.0,,0,0,1.0,3.0
1322,Nikola Moro,Bologna,M,Bologna vs Napoli,9,6.7,,0.0,,,9,8.0,,,1.0,,,0,0,,
1322,Nikola Moro,Bologna,M,Udinese vs Bologna,90,7.2,,0.0,,,39,30.0,,2.0,2.0,1.0,2.0,0,0,5.0,11.0
1322,Nikola Moro,Bologna,M,Bologna vs Cremonese,90,7.2,,0.0,,,62,52.0,,1.0,1.0,,,0,0,3.0,5.0
1322,Nikola Moro,Bologna,M,Lazio vs Bologna,64,6.6,,0.0,,,40,36.0,,1.0,,,1.0,1,0,2.0,4.0
1322,Nikola Moro,Bologna,M,Bologna vs Juventus,73,7.3,,0.0,,,58,53.0,,1.0,,,1.0,0,0,2.0,3.0
1322,Nikola Moro,Bologna,M,Bologna vs Sassuolo,90,7.6,,0.0,1.0,,75,62.0,,2.0,2.0,1.0,1.0,0,0,3.0,5.0
1322,Nikola Moro,Bologna,M,Inter vs Bologna,45,6.7,,0.0,,,23,20.0,,,,1.0,1.0,0,0,1.0,2.0
1322,Nikola Moro,Bologna,M,Bologna vs Atalanta,18,6.9,,0.0,1.0,,17,14.0,,2.0,,,,0,0,3.0,3.0
1322,Nikola Moro,Bologna,M,Hellas Verona vs Bologna,24,6.9,,0.0,,,17,12.0,,1.0,,1.0,2.0,0,0,3.0,5.0
1322,Nikola Moro,Bologna,M,Bologna vs Fiorentina,45,7.3,,0.0,1.0,,52,49.0,,,,,,0,0,,1.0
1322,Nikola Moro,Bologna,M,Bologna vs AC Milan,25,6.9,,0.0,,,28,25.0,,,,,,0,0,,
1322,Nikola Moro,Bologna,M,Torino vs Bologna,90,6.9,,0.0,1.0,,48,40.0,,1.0,,,,0,0,3.0,4.0
1322,Nikola Moro,Bologna,M,Bologna vs Udinese,34,6.6,,0.0,,,17,10.0,,2.0,,2.0,,0,0,3.0,7.0
93016,Thijs Dallinga,Bologna,F,Bologna vs Como,17,6.3,,0.0,2.0,,5,3.0,,,,1.0,,0,0,2.0,4.0
93016,Thijs Dallinga,Bologna,F,AC Milan vs Bologna,14,6.5,,0.0,,,1,,,,,2.0,,0,0,1.0,3.0
93016,Thijs Dallinga,Bologna,F,Bologna vs Genoa,18,6.2,,0.0,,,6,3.0,,,,1.0,,0,0,,3.0
93016,Thijs Dallinga,Bologna,F,Lecce vs Bologna,68,6.7,,0.0,,,19,14.0,,,,1.0,3.0,1,0,4.0,10.0
93016,Thijs Dallinga,Bologna,F,Bologna vs Pisa,75,7.3,,2.0,2.0,1.0,25,18.0,,1.0,,1.0,1.0,0,0,5.0,10.0
93016,Thijs Dallinga,Bologna,F,Fiorentina vs Bologna,26,6.6,,0.0,,,5,4.0,,,,2.0,1.0,0,0,1.0,5.0
93016,Thijs Dallinga,Bologna,F,Bologna vs Torino,45,6.6,,0.0,,,13,12.0,,1.0,,,1.0,0,0,2.0,2.0
93016,Thijs Dallinga,Bologna,F,Parma vs Bologna,18,6.3,,0.0,1.0,,4,4.0,,,,1.0,,0,0,,1.0
93016,Thijs Dallinga,Bologna,F,Bologna vs Napoli,90,7.9,1.0,0.0,2.0,1.0,20,16.0,,2.0,,2.0,,0,0,7.0,12.0
93016,Thijs Dallinga,Bologna,F,Udinese vs Bologna,12,6.5,,0.0,,,5,3.0,,,,,,0,0,,
93016,Thijs Dallinga,Bologna,F,Bologna vs Cremonese,15,6.3,,0.0,,,5,4.0,,,,2.0,,0,0,2.0,4.0
93016,Thijs Dallinga,Bologna,F,Lazio vs Bologna,12,6.5,,0.0,,,5,4.0,,,,,,0,0,,1.0
93016,Thijs Dallinga,Bologna,F,Bologna vs Juventus,66,6.2,,0.0,1.0,,16,8.0,,1.0,,1.0,,0,0,2.0,10.0
93016,Thijs Dallinga,Bologna,F,Bologna vs Sassuolo,70,6.3,,0.0,3.0,1.0,14,11.0,,1.0,,,,0,0,2.0,4.0
93016,Thijs Dallinga,Bologna,F,Bologna vs Atalanta,60,6,,0.0,2.0,,18,12.0,,,,1.0,,0,0,1.0,6.0
93016,Thijs Dallinga,Bologna,F,Genoa vs Bologna,17,6.2,,0.0,,,6,4.0,,,1.0,1.0,,0,0,,1.0
93016,Thijs Dallinga,Bologna,F,Bologna vs AC Milan,36,6.7,,0.0,,,12,9.0,,,,,,0,0,,
93016,Thijs Dallinga,Bologna,F,Bologna vs Parma,57,6.2,,0.0,2.0,1.0,14,7.0,,,,1.0,3.0,0,0,4.0,8.0
93016,Thijs Dallinga,Bologna,F,Bologna vs Udinese,11,6.5,,0.0,,,3,2.0,,,,,,0,0,,2.0
134,Juan Miranda,Bologna,D,Bologna vs Como,8,6.6,,0.0,,,2,1.0,,,,,,0,0,,
134,Juan Miranda,Bologna,D,AC Milan vs Bologna,28,6.7,,0.0,,,23,19.0,,,,2.0,,1,0,,2.0
134,Juan Miranda,Bologna,D,Bologna vs Genoa,90,6.7,,0.0,,,41,32.0,,1.0,3.0,,2.0,0,0,7.0,11.0
134,Juan Miranda,Bologna,D,Lecce vs Bologna,90,6.5,,0.0,,,42,35.0,,1.0,,1.0,1.0,0,0,6.0,12.0
134,Juan Miranda,Bologna,D,Bologna vs Pisa,90,8,,0.0,1.0,,76,66.0,,4.0,,,1.0,0,0,7.0,9.0
134,Juan Miranda,Bologna,D,Cagliari vs Bologna,60,6.9,,0.0,,,28,25.0,,,2.0,1.0,,1,0,,3.0
134,Juan Miranda,Bologna,D,Fiorentina vs Bologna,90,6.7,,0.0,1.0,1.0,40,26.0,,,2.0,,,0,0,,1.0
134,Juan Miranda,Bologna,D,Parma vs Bologna,90,7.9,1.0,0.0,1.0,1.0,49,43.0,,1.0,,1.0,1.0,0,0,4.0,5.0
134,Juan Miranda,Bologna,D,Bologna vs Napoli,90,7.2,,0.0,,,38,32.0,,2.0,,1.0,2.0,0,0,8.0,10.0
134,Juan Miranda,Bologna,D,Udinese vs Bologna,90,7.2,,0.0,,,42,32.0,,,,,3.0,0,0,3.0,5.0
134,Juan Miranda,Bologna,D,Bologna vs Cremonese,90,7.5,,0.0,,,65,56.0,,3.0,1.0,1.0,,0,0,5.0,6.0
134,Juan Miranda,Bologna,D,Lazio vs Bologna,90,7.5,,0.0,1.0,1.0,56,45.0,,6.0,2.0,3.0,3.0,1,0,11.0,17.0
134,Juan Miranda,Bologna,D,Bologna vs Juventus,90,6.9,,0.0,,,42,38.0,,1.0,3.0,1.0,,1,0,1.0,3.0
134,Juan Miranda,Bologna,D,Bologna vs Sassuolo,90,6.9,,0.0,1.0,,50,44.0,,1.0,,1.0,2.0,0,0,5.0,7.0
134,Juan Miranda,Bologna,D,Bologna vs Atalanta,90,6.3,,0.0,,,57,42.0,,1.0,1.0,,1.0,0,0,3.0,7.0
134,Juan Miranda,Bologna,D,Como vs Bologna,90,6.9,,0.0,,,53,41.0,,1.0,1.0,,1.0,0,0,4.0,5.0
134,Juan Miranda,Bologna,D,Hellas Verona vs Bologna,90,7,,0.0,,,71,58.0,,1.0,2.0,1.0,,0,0,3.0,7.0
134,Juan Miranda,Bologna,D,Bologna vs Fiorentina,90,7.3,,0.0,,,59,50.0,,1.0,,1.0,,1,0,1.0,2.0
134,Juan Miranda,Bologna,D,Bologna vs AC Milan,78,5.9,,0.0,,,69,64.0,,1.0,3.0,2.0,,0,0,1.0,5.0
134,Juan Miranda,Bologna,D,Bologna vs Parma,22,6.2,,0.0,,,17,13.0,,,,1.0,,0,0,,1.0
134,Juan Miranda,Bologna,D,Torino vs Bologna,90,7.2,,0.0,1.0,,60,49.0,,1.0,2.0,1.0,,0,0,2.0,3.0
134,Juan Miranda,Bologna,D,Bologna vs Udinese,82,7.3,,0.0,2.0,1.0,44,39.0,,1.0,1.0,2.0,1.0,1,0,2.0,5.0
38753,Nicolas-Gerrit Kühn,Como,F,Bologna vs Como,33,6.5,,0.0,,,9,6.0,,,,,,0,0,,1.0
38753,Nicolas-Gerrit Kühn,Como,F,Como vs Genoa,73,6.9,,0.0,1.0,1.0,18,11.0,,1.0,,,1.0,0,0,3.0,8.0
38753,Nicolas-Gerrit Kühn,Como,F,Fiorentina vs Como,61,6.5,,0.0,,,23,16.0,,1.0,,1.0,,0,0,2.0,7.0
38753,Nicolas-Gerrit Kühn,Como,F,Como vs Cremonese,45,6.2,,0.0,1.0,,11,10.0,,,,,,0,0,,2.0
38753,Nicolas-Gerrit Kühn,Como,F,Parma vs Como,45,7,,0.0,,,19,15.0,,4.0,1.0,,1.0,0,0,9.0,15.0
38753,Nicolas-Gerrit Kühn,Como,F,Como vs Hellas Verona,79,6,,0.0,,,26,23.0,,,1.0,2.0,,0,0,,7.0
38753,Nicolas-Gerrit Kühn,Como,F,Como vs Cagliari,15,6.5,,0.0,,,5,3.0,,,,,,0,0,,
38753,Nicolas-Gerrit Kühn,Como,F,Como vs Sassuolo,8,6.3,,0.0,1.0,1.0,2,2.0,,,,,,0,0,,
38753,Nicolas-Gerrit Kühn,Como,F,Inter vs Como,8,6.3,,0.0,,,5,5.0,,,,,,0,0,,
38753,Nicolas-Gerrit Kühn,Como,F,AS Roma vs Como,11,6.3,,0.0,,,5,5.0,,,,,,0,0,,
38753,Nicolas-Gerrit Kühn,Como,F,Lecce vs Como,12,6.5,,0.0,,,0,,,,,1.0,,0,0,,1.0
38753,Nicolas-Gerrit Kühn,Como,F,Como vs Udinese,11,6.3,,0.0,1.0,,7,6.0,,,1.0,,,0,0,1.0,1.0
38753,Nicolas-Gerrit Kühn,Como,F,Pisa vs Como,78,6.2,,0.0,,,28,23.0,,1.0,,1.0,,0,0,2.0,6.0
38753,Nicolas-Gerrit Kühn,Como,F,Como vs Bologna,33,6.3,,0.0,,,10,9.0,,,,,,0,0,,1.0
38753,Nicolas-Gerrit Kühn,Como,F,Como vs AC Milan,24,6.9,,0.0,,,14,13.0,,1.0,,1.0,,0,0,3.0,5.0
38753,Nicolas-Gerrit Kühn,Como,F,Lazio vs Como,9,6.5,,0.0,,,2,1.0,,,,,,0,0,,1.0
38753,Nicolas-Gerrit Kühn,Como,F,Como vs Torino,22,7.9,1.0,0.0,1.0,1.0,3,3.0,,,,,,0,0,1.0,1.0
38753,Nicolas-Gerrit Kühn,Como,F,Como vs Atalanta,10,6.3,,0.0,,,2,2.0,,,,,,0,0,,
38753,Nicolas-Gerrit Kühn,Como,F,Como vs Fiorentina,45,6.6,,0.0,,,14,11.0,,4.0,,,,0,0,4.0,9.0
295026,Martin Baturina,Como,M,Bologna vs Como,9,6.3,,0.0,,,4,3.0,,,,,,0,0,,1.0
295026,Martin Baturina,Como,M,Como vs Genoa,12,6.7,,0.0,,,1,1.0,,,,,,0,0,,2.0
295026,Martin Baturina,Como,M,Atalanta vs Como,69,6.5,,0.0,1.0,,21,19.0,,2.0,,,2.0,0,0,4.0,9.0
295026,Martin Baturina,Como,M,Parma vs Como,18,6.3,,0.0,,,16,14.0,,,,,1.0,0,0,1.0,4.0
295026,Martin Baturina,Como,M,Como vs Cagliari,27,6.2,,0.0,,,17,16.0,,,,,1.0,0,0,1.0,4.0
295026,Martin Baturina,Como,M,Torino vs Como,9,7.9,1.0,0.0,1.0,1.0,6,4.0,,,,,,0,0,,
295026,Martin Baturina,Como,M,Como vs Sassuolo,31,6.7,,0.0,,,12,10.0,,2.0,,,,0,0,3.0,3.0
295026,Martin Baturina,Como,M,AS Roma vs Como,79,7,,0.0,,,20,17.0,,,,1.0,3.0,0,0,4.0,6.0
295026,Martin Baturina,Como,M,Lecce vs Como,12,6.3,,0.0,,,3,2.0,,,,1.0,1.0,0,0,1.0,3.0
295026,Martin Baturina,Como,M,Pisa vs Como,12,6.5,,0.0,,,2,1.0,,1.0,,1.0,,0,0,1.0,5.0
295026,Martin Baturina,Como,M,Como vs Bologna,13,7.9,1.0,0.0,1.0,1.0,12,10.0,,,,,,0,0,2.0,4.0
295026,Martin Baturina,Como,M,Como vs AC Milan,60,7.3,,1.0,,,30,28.0,,,2.0,,2.0,0,0,4.0,11.0
295026,Martin Baturina,Como,M,Lazio vs Como,74,8.9,1.0,1.0,1.0,1.0,39,32.0,,1.0,,,3.0,0,0,5.0,6.0
295026,Martin Baturina,Como,M,Como vs Torino,68,9.2,1.0,1.0,1.0,1.0,28,21.0,,1.0,1.0,,1.0,0,0,4.0,4.0
295026,Martin Baturina,Como,M,Como vs Atalanta,90,7.9,,0.0,,,86,80.0,,1.0,1.0,1.0,1.0,0,0,2.0,10.0
295026,Martin Baturina,Como,M,Como vs Fiorentina,90,6.6,,0.0,2.0,,58,56.0,,2.0,,2.0,2.0,0,0,4.0,11.0
295026,Martin Baturina,Como,M,AC Milan vs Como,90,7,,0.0,1.0,,50,43.0,,,,1.0,6.0,0,0,7.0,12.0
295026,Martin Baturina,Como,M,Juventus vs Como,60,6.3,,0.0,1.0,,29,28.0,,,,2.0,1.0,0,0,1.0,5.0
161859,Gaetano Oristanio,Parma,M,Parma vs Atalanta,34,6.6,,0.0,,,7,6.0,,,,2.0,4.0,1,0,5.0,7.0
161859,Gaetano Oristanio,Parma,M,Cagliari vs Parma,45,7.2,,0.0,1.0,,10,10.0,,2.0,,,2.0,0,0,5.0,6.0
161859,Gaetano Oristanio,Parma,M,Cremonese vs Parma,22,6.9,,0.0,1.0,,0,,,,,1.0,2.0,0,0,3.0,5.0
161859,Gaetano Oristanio,Parma,M,Parma vs Torino,58,6.3,,0.0,,,8,4.0,,,,1.0,2.0,0,0,3.0,5.0
161859,Gaetano Oristanio,Parma,M,Pisa vs Parma,14,6.6,,0.0,,,0,,,1.0,,,,0,0,2.0,4.0
161859,Gaetano Oristanio,Parma,M,Parma vs Lazio,70,6.6,,0.0,2.0,1.0,8,7.0,,1.0,,,,0,0,2.0,6.0
161859,Gaetano Oristanio,Parma,M,Parma vs Fiorentina,22,6.9,,0.0,1.0,,3,1.0,,1.0,,,1.0,0,0,3.0,4.0
161859,Gaetano Oristanio,Parma,M,Sassuolo vs Parma,70,7,,0.0,,,17,14.0,,1.0,,,1.0,0,0,5.0,8.0
161859,Gaetano Oristanio,Parma,M,Parma vs Inter,62,6,,0.0,,,8,6.0,,,,1.0,,0,0,,6.0
161859,Gaetano Oristanio,Parma,M,Lecce vs Parma,85,6.7,,0.0,1.0,,19,16.0,,1.0,,,2.0,0,0,6.0,13.0
161859,Gaetano Oristanio,Parma,M,Parma vs Genoa,82,6.3,,0.0,1.0,1.0,12,10.0,,1.0,,2.0,2.0,0,0,5.0,14.0
161859,Gaetano Oristanio,Parma,M,Atalanta vs Parma,45,7,,0.0,2.0,,10,8.0,,,,1.0,1.0,0,0,2.0,3.0
161859,Gaetano Oristanio,Parma,M,Parma vs Juventus,45,5.9,,0.0,2.0,1.0,10,7.0,,,1.0,,,0,0,1.0,6.0
161859,Gaetano Oristanio,Parma,M,Bologna vs Parma,54,6.3,,0.0,,,8,6.0,,,,1.0,,0,0,1.0,5.0
161859,Gaetano Oristanio,Parma,M,Parma vs Hellas Verona,20,6.9,,0.0,2.0,,7,7.0,,,,,,0,0,1.0,2.0
161859,Gaetano Oristanio,Parma,M,Parma vs Cagliari,52,7.3,1.0,,1.0,1.0,6,6.0,,1.0,1.0,1.0,1.0,0,0,3.0,7.0
1649,Patrick Cutrone,Parma,F,Parma vs Atalanta,9,7,1.0,0.0,1.0,1.0,5,5.0,,,,,,0,0,,
1649,Patrick Cutrone,Parma,F,Cagliari vs Parma,84,6,,0.0,4.0,3.0,15,12.0,,,,1.0,1.0,0,0,2.0,6.0
1649,Patrick Cutrone,Parma,F,Cremonese vs Parma,88,6.2,,0.0,2.0,,15,11.0,,,,,1.0,0,0,2.0,6.0
1649,Patrick Cutrone,Parma,F,Parma vs Torino,81,6.2,,0.0,1.0,,19,12.0,,,,,,0,0,1.0,3.0
1649,Patrick Cutrone,Parma,F,Parma vs Lecce,90,6.2,,0.0,3.0,,18,11.0,,,,,3.0,0,0,3.0,5.0
1649,Patrick Cutrone,Parma,F,Genoa vs Parma,79,6.9,,0.0,1.0,,13,8.0,,2.0,,,,0,0,4.0,4.0
1649,Patrick Cutrone,Parma,F,Parma vs Como,89,6.3,,0.0,2.0,1.0,13,8.0,,,1.0,1.0,3.0,0,0,5.0,10.0
1649,Patrick Cutrone,Parma,F,AS Roma vs Parma,60,6.3,,0.0,,,11,6.0,,,1.0,1.0,,0,0,1.0,5.0
1649,Patrick Cutrone,Parma,F,Parma vs Bologna,12,6.3,,0.0,,,7,2.0,,,,1.0,1.0,0,0,1.0,4.0
1649,Patrick Cutrone,Parma,F,Parma vs AC Milan,89,7,,0.0,,,22,17.0,,,,1.0,2.0,0,0,4.0,7.0
1649,Patrick Cutrone,Parma,F,Hellas Verona vs Parma,77,6.9,,0.0,2.0,2.0,16,11.0,,1.0,1.0,,2.0,0,0,5.0,9.0
1649,Patrick Cutrone,Parma,F,Parma vs Udinese,45,6.5,,0.0,,,8,3.0,,3.0,,,1.0,0,0,4.0,9.0
1649,Patrick Cutrone,Parma,F,Parma vs Lazio,14,6.3,,0.0,,,4,3.0,,,,,,0,0,1.0,2.0
1649,Patrick Cutrone,Parma,F,Parma vs Inter,15,6.5,,0.0,1.0,,1,1.0,,,,,1.0,0,0,1.0,3.0
1649,Patrick Cutrone,Parma,F,Napoli vs Parma,59,6.3,,0.0,,,8,5.0,,,,2.0,1.0,0,0,1.0,6.0
2286,Davide Zappacosta,Atalanta,M,Parma vs Atalanta,25,6.3,,0.0,,,1,,,,1.0,,1.0,0,0,1.0,1.0
2286,Davide Zappacosta,Atalanta,M,Torino vs Atalanta,90,6.6,,1.0,,,46,38.0,,,,2.0,1.0,0,0,1.0,4.0
2286,Davide Zappacosta,Atalanta,M,Juventus vs Atalanta,90,6.2,,0.0,,,24,17.0,,,,1.0,,1,0,1.0,6.0
2286,Davide Zappacosta,Atalanta,M,Atalanta vs Como,90,6.7,,0.0,1.0,,44,38.0,,,2.0,,1.0,0,0,1.0,1.0
2286,Davide Zappacosta,Atalanta,M,Atalanta vs Lazio,90,7,,0.0,3.0,1.0,63,57.0,,2.0,1.0,,,0,0,2.0,4.0
2286,Davide Zappacosta,Atalanta,M,Atalanta vs AC Milan,90,6.9,,0.0,3.0,1.0,64,58.0,,,2.0,,,0,0,3.0,5.0
2286,Davide Zappacosta,Atalanta,M,Udinese vs Atalanta,90,6.9,,0.0,,,53,48.0,,,2.0,1.0,2.0,0,0,3.0,4.0
2286,Davide Zappacosta,Atalanta,M,Atalanta vs Sassuolo,83,7.2,,0.0,,,33,28.0,,1.0,,,,0,0,4.0,9.0
2286,Davide Zappacosta,Atalanta,M,Napoli vs Atalanta,62,6.2,,0.0,1.0,,28,22.0,,,,2.0,1.0,1,0,1.0,5.0
2286,Davide Zappacosta,Atalanta,M,Atalanta vs Fiorentina,67,7.3,,0.0,1.0,1.0,25,23.0,,,1.0,1.0,,0,0,,2.0
2286,Davide Zappacosta,Atalanta,M,Hellas Verona vs Atalanta,61,6.9,,0.0,,,23,18.0,,,,,,0,0,1.0,1.0
2286,Davide Zappacosta,Atalanta,M,Atalanta vs Cagliari,79,6.5,,1.0,1.0,,34,30.0,,2.0,1.0,,,0,0,2.0,8.0
2286,Davide Zappacosta,Atalanta,M,Genoa vs Atalanta,69,7.2,,0.0,,,44,42.0,,2.0,1.0,,,0,0,3.0,3.0
2286,Davide Zappacosta,Atalanta,M,Atalanta vs Inter,45,6.6,,0.0,1.0,,12,9.0,,,2.0,,,0,0,1.0,1.0
2286,Davide Zappacosta,Atalanta,M,Atalanta vs AS Roma,90,7,,0.0,,,28,22.0,,1.0,,,,0,0,3.0,5.0
2286,Davide Zappacosta,Atalanta,M,Bologna vs Atalanta,90,6.9,,0.0,,,30,23.0,,,,1.0,1.0,0,0,2.0,6.0
2286,Davide Zappacosta,Atalanta,M,Atalanta vs Torino,90,6.3,,0.0,1.0,1.0,39,32.0,,1.0,,,,0,0,2.0,8.0
2286,Davide Zappacosta,Atalanta,M,Pisa vs Atalanta,34,7.2,,0.0,,,17,16.0,,,,,,0,0,2.0,2.0
2286,Davide Zappacosta,Atalanta,M,Atalanta vs Parma,90,6.5,,0.0,,,34,27.0,,1.0,,,,0,0,1.0,4.0
2286,Davide Zappacosta,Atalanta,M,Como vs Atalanta,90,7.2,,0.0,,,21,14.0,,2.0,,,,0,0,4.0,6.0
2286,Davide Zappacosta,Atalanta,M,Atalanta vs Cremonese,59,7.9,1.0,0.0,1.0,1.0,20,16.0,,1.0,,,,0,0,3.0,5.0
2286,Davide Zappacosta,Atalanta,M,Lazio vs Atalanta,83,6.9,,0.0,,,46,42.0,,,2.0,,,0,0,,1.0
2286,Davide Zappacosta,Atalanta,M,Atalanta vs Napoli,90,7.2,,0.0,,,44,36.0,,2.0,1.0,1.0,,0,0,3.0,6.0
1639,Marco Brescianini,Atalanta,M,Parma vs Atalanta,2,,,0.0,,,1,1.0,,,,1.0,,0,0,,1.0
1639,Marco Brescianini,Atalanta,M,Atalanta vs Lecce,31,6.2,,0.0,,,17,14.0,,1.0,,1.0,,0,0,1.0,4.0
1639,Marco Brescianini,Atalanta,M,Juventus vs Atalanta,8,6.6,,0.0,,,1,,,,1.0,,,0,0,,1.0
1639,Marco Brescianini,Atalanta,M,Atalanta vs Como,28,6.9,,0.0,,,12,11.0,,1.0,,,2.0,0,0,4.0,5.0
1639,Marco Brescianini,Atalanta,M,Cremonese vs Atalanta,8,7.6,1.0,0.0,1.0,1.0,6,5.0,,1.0,,1.0,,0,0,1.0,3.0
1639,Marco Brescianini,Atalanta,M,Atalanta vs AC Milan,70,7.2,,0.0,,,36,32.0,,4.0,1.0,1.0,,1,0,4.0,6.0
1639,Marco Brescianini,Atalanta,M,Udinese vs Atalanta,10,6.3,,0.0,,,4,4.0,,,,,,0,0,,1.0
1639,Marco Brescianini,Atalanta,M,Genoa vs Atalanta,8,6.6,,0.0,,,4,4.0,,,,,,0,0,,
1639,Marco Brescianini,Atalanta,M,Bologna vs Atalanta,13,6.6,,0.0,1.0,1.0,7,6.0,,1.0,,,,0,0,1.0,2.0
1639,Marco Brescianini,Atalanta,M,Fiorentina vs AC Milan,25,6.2,,0.0,2.0,,6,4.0,,,,,,0,0,,
1639,Marco Brescianini,Atalanta,M,Bologna vs Fiorentina,18,6.5,,0.0,,,3,2.0,,,,,,0,0,1.0,3.0
1639,Marco Brescianini,Atalanta,M,Fiorentina vs Cagliari,31,7.3,1.0,0.0,2.0,1.0,19,15.0,,1.0,,,,0,0,3.0,5.0
1639,Marco Brescianini,Atalanta,M,Napoli vs Fiorentina,70,6.3,,0.0,,,23,22.0,,,,,1.0,0,0,1.0,5.0
1639,Marco Brescianini,Atalanta,M,Fiorentina vs Torino,73,6.3,,0.0,1.0,1.0,27,21.0,,,,,,0,0,1.0,4.0
1639,Marco Brescianini,Atalanta,M,Como vs Fiorentina,90,6.2,,0.0,,,20,13.0,,,,1.0,1.0,0,0,1.0,7.0
1639,Marco Brescianini,Atalanta,M,Fiorentina vs Pisa,90,7.6,,0.0,,,38,35.0,,2.0,,1.0,2.0,0,0,6.0,8.0
862,Leonardo Spinazzola,Napoli,D,Napoli vs Cagliari,81,6.9,,0.0,1.0,1.0,37,33.0,,,1.0,2.0,1.0,0,0,2.0,8.0
862,Leonardo Spinazzola,Napoli,D,Fiorentina vs Napoli,69,7.5,,1.0,,,32,22.0,,1.0,,,,0,0,1.0,2.0
862,Leonardo Spinazzola,Napoli,D,Napoli vs Pisa,90,8.3,1.0,0.0,1.0,1.0,46,37.0,,1.0,,,,1,0,2.0,5.0
862,Leonardo Spinazzola,Napoli,D,Napoli vs Genoa,40,6.9,,0.0,,,8,4.0,,1.0,1.0,,,0,0,1.0,1.0
862,Leonardo Spinazzola,Napoli,D,Torino vs Napoli,90,7,,0.0,3.0,2.0,46,33.0,,,1.0,1.0,,0,0,1.0,4.0
862,Leonardo Spinazzola,Napoli,D,Napoli vs Inter,89,6.7,,1.0,,,38,33.0,,,,,,0,0,1.0,4.0
862,Leonardo Spinazzola,Napoli,D,Lecce vs Napoli,29,7.2,,0.0,,,25,22.0,,,,,,0,0,1.0,3.0
862,Leonardo Spinazzola,Napoli,D,Napoli vs Como,45,6.9,,0.0,,,17,12.0,,1.0,1.0,,,0,0,2.0,4.0
862,Leonardo Spinazzola,Napoli,D,Napoli vs Juventus,20,6.6,,0.0,,,12,8.0,,,,,,0,0,,
862,Leonardo Spinazzola,Napoli,D,Udinese vs Napoli,82,6.9,,0.0,,,33,25.0,,3.0,,,2.0,0,0,5.0,8.0
862,Leonardo Spinazzola,Napoli,D,Cremonese vs Napoli,45,6.6,,0.0,,,28,19.0,,,,,,0,0,1.0,4.0
862,Leonardo Spinazzola,Napoli,D,Lazio vs Napoli,79,7.2,1.0,0.0,3.0,1.0,37,28.0,,,,,,0,0,,3.0
862,Leonardo Spinazzola,Napoli,D,Napoli vs Hellas Verona,35,7.2,,0.0,1.0,,17,14.0,,2.0,,,,0,0,3.0,5.0
862,Leonardo Spinazzola,Napoli,D,Inter vs Napoli,90,6.6,,0.0,,,36,28.0,,1.0,,1.0,,0,0,1.0,3.0
862,Leonardo Spinazzola,Napoli,D,Napoli vs Parma,32,7.5,,0.0,,,24,21.0,,,,2.0,1.0,0,0,3.0,5.0
862,Leonardo Spinazzola,Napoli,D,Napoli vs Sassuolo,90,7.2,,0.0,,,35,28.0,,3.0,,,1.0,0,0,5.0,6.0
862,Leonardo Spinazzola,Napoli,D,Juventus vs Napoli,90,6.3,,0.0,,,38,30.0,,,,,1.0,0,0,1.0,3.0
862,Leonardo Spinazzola,Napoli,D,Napoli vs Fiorentina,90,7.7,,0.0,,,31,25.0,,,,,,0,0,,1.0
862,Leonardo Spinazzola,Napoli,D,Genoa vs Napoli,90,6.9,,0.0,2.0,,49,41.0,,,,,1.0,1,0,1.0,2.0
862,Leonardo Spinazzola,Napoli,D,Napoli vs AS Roma,70,7.9,1.0,0.0,2.0,2.0,48,35.0,,2.0,,2.0,,0,0,2.0,7.0
862,Leonardo Spinazzola,Napoli,D,Atalanta vs Napoli,27,6.2,,0.0,,,20,17.0,,,,,,0,0,,4.0
31226,Alessandro Buongiorno,Napoli,D,Napoli vs Cagliari,22,7,,1.0,1.0,,27,26.0,,,,,,0,0,,1.0
31226,Alessandro Buongiorno,Napoli,D,Fiorentina vs Napoli,90,7,,0.0,,,39,37.0,,3.0,2.0,4.0,,0,0,6.0,14.0
31226,Alessandro Buongiorno,Napoli,D,Napoli vs Pisa,81,6.6,,0.0,,,52,46.0,,2.0,1.0,2.0,3.0,0,0,6.0,9.0
31226,Alessandro Buongiorno,Napoli,D,Torino vs Napoli,27,7.3,,0.0,,,31,28.0,,,1.0,,,0,0,4.0,4.0
31226,Alessandro Buongiorno,Napoli,D,Napoli vs Inter,89,6.2,,0.0,,,41,38.0,,,1.0,3.0,2.0,0,0,3.0,7.0
31226,Alessandro Buongiorno,Napoli,D,Lecce vs Napoli,90,7,,0.0,,,75,70.0,,1.0,,1.0,1.0,0,0,3.0,6.0
31226,Alessandro Buongiorno,Napoli,D,Napoli vs Como,90,7.3,,0.0,1.0,1.0,55,50.0,,1.0,,,,0,0,3.0,5.0
31226,Alessandro Buongiorno,Napoli,D,Bologna vs Napoli,77,6.7,,0.0,,,62,56.0,,,1.0,,2.0,0,0,4.0,4.0
31226,Alessandro Buongiorno,Napoli,D,Napoli vs Atalanta,90,6.5,,0.0,,,50,40.0,,1.0,1.0,2.0,,0,0,4.0,8.0
31226,Alessandro Buongiorno,Napoli,D,AS Roma vs Napoli,90,6.7,,0.0,,,43,38.0,,1.0,1.0,3.0,,0,0,2.0,8.0
31226,Alessandro Buongiorno,Napoli,D,Napoli vs Juventus,90,6.3,,0.0,,,33,32.0,,,2.0,1.0,,1,0,1.0,4.0
31226,Alessandro Buongiorno,Napoli,D,Udinese vs Napoli,75,6,,0.0,,,34,26.0,,,4.0,1.0,,0,0,1.0,5.0
31226,Alessandro Buongiorno,Napoli,D,Cremonese vs Napoli,17,6.9,,0.0,,,6,6.0,,,,,,0,0,2.0,3.0
31226,Alessandro Buongiorno,Napoli,D,Lazio vs Napoli,11,6.7,,0.0,,,5,5.0,,,,2.0,1.0,0,0,1.0,3.0
31226,Alessandro Buongiorno,Napoli,D,Napoli vs Hellas Verona,90,6.6,,0.0,,,89,80.0,,,2.0,1.0,2.0,0,0,8.0,11.0
31226,Alessandro Buongiorno,Napoli,D,Napoli vs Parma,90,7,,0.0,1.0,1.0,103,93.0,,1.0,,,,0,0,4.0,4.0
31226,Alessandro Buongiorno,Napoli,D,Napoli vs Sassuolo,23,7,,0.0,,,14,13.0,,1.0,,,,0,0,1.0,2.0
31226,Alessandro Buongiorno,Napoli,D,Juventus vs Napoli,90,7.2,,0.0,,,71,65.0,,,1.0,1.0,1.0,0,0,2.0,5.0
31226,Alessandro Buongiorno,Napoli,D,Napoli vs Fiorentina,90,6.7,,0.0,,,50,44.0,,,2.0,5.0,3.0,1,0,8.0,13.0
31226,Alessandro Buongiorno,Napoli,D,Genoa vs Napoli,60,6.7,,0.0,,,46,41.0,,3.0,,1.0,2.0,0,0,11.0,13.0
31226,Alessandro Buongiorno,Napoli,D,Napoli vs AS Roma,90,7.2,,0.0,,,74,66.0,,5.0,2.0,1.0,1.0,0,0,8.0,12.0
31226,Alessandro Buongiorno,Napoli,D,Atalanta vs Napoli,90,6.3,,0.0,,,43,35.0,,1.0,6.0,2.0,1.0,0,0,4.0,11.0
341912,Giuseppe Ambrosino,Napoli,F,Napoli vs Cagliari,15,6.7,,0.0,,,2,,,,,,,0,0,1.0,2.0
341912,Giuseppe Ambrosino,Napoli,F,Torino vs Napoli,16,6.5,,0.0,,,2,1.0,,,,1.0,1.0,0,0,2.0,4.0
341912,Giuseppe Ambrosino,Napoli,F,Lazio vs Napoli,10,6.7,,0.0,,,1,1.0,,,,,,0,0,1.0,1.0
383018,Marco Palestra,Cagliari,M,Napoli vs Cagliari,83,7.3,,0.0,,,16,13.0,,,,,3.0,0,0,4.0,4.0
383018,Marco Palestra,Cagliari,M,Cagliari vs Parma,35,6.6,,0.0,,,10,7.0,,1.0,,,,0,0,2.0,4.0
383018,Marco Palestra,Cagliari,M,Lecce vs Cagliari,90,7.2,,1.0,1.0,1.0,18,17.0,,1.0,,1.0,2.0,0,0,5.0,8.0
383018,Marco Palestra,Cagliari,M,Cagliari vs Inter,90,6.7,,0.0,,,34,28.0,,,2.0,1.0,3.0,0,0,4.0,6.0
383018,Marco Palestra,Cagliari,M,Udinese vs Cagliari,90,6.9,,0.0,,,22,19.0,,2.0,1.0,1.0,1.0,0,0,4.0,7.0
383018,Marco Palestra,Cagliari,M,Cagliari vs Bologna,90,7.5,,0.0,,,21,16.0,,3.0,1.0,1.0,3.0,0,0,11.0,13.0
383018,Marco Palestra,Cagliari,M,Hellas Verona vs Cagliari,78,6.9,,0.0,,,28,25.0,,2.0,,1.0,2.0,0,0,7.0,10.0
383018,Marco Palestra,Cagliari,M,Cagliari vs Sassuolo,90,7.6,,0.0,1.0,,29,24.0,,3.0,1.0,1.0,6.0,0,0,12.0,15.0
383018,Marco Palestra,Cagliari,M,Lazio vs Cagliari,79,6.9,,0.0,,,31,27.0,,4.0,2.0,1.0,1.0,0,0,7.0,11.0
383018,Marco Palestra,Cagliari,M,Como vs Cagliari,90,6.9,,0.0,,,12,8.0,,2.0,,3.0,3.0,0,0,9.0,17.0
383018,Marco Palestra,Cagliari,M,Cagliari vs Genoa,90,7.3,,1.0,,,25,21.0,,1.0,,3.0,3.0,0,0,4.0,9.0
383018,Marco Palestra,Cagliari,M,Juventus vs Cagliari,90,7.7,,1.0,,,26,23.0,,6.0,1.0,2.0,4.0,0,0,10.0,16.0
383018,Marco Palestra,Cagliari,M,Cagliari vs AS Roma,89,7.3,,0.0,2.0,1.0,22,17.0,,,,3.0,4.0,0,0,10.0,18.0
383018,Marco Palestra,Cagliari,M,Atalanta vs Cagliari,90,6.6,,0.0,2.0,,33,30.0,,1.0,2.0,1.0,5.0,0,0,7.0,12.0
383018,Marco Palestra,Cagliari,M,Cagliari vs Pisa,90,6.7,,0.0,,,37,30.0,,,,1.0,3.0,0,0,5.0,7.0
383018,Marco Palestra,Cagliari,M,Torino vs Cagliari,90,6.9,,0.0,,,23,16.0,,2.0,,2.0,5.0,0,0,9.0,15.0
383018,Marco Palestra,Cagliari,M,Cagliari vs AC Milan,90,6.9,,0.0,1.0,,36,34.0,,2.0,1.0,,3.0,1,0,7.0,14.0
383018,Marco Palestra,Cagliari,M,Cremonese vs Cagliari,90,7,,0.0,,,30,30.0,,,,1.0,3.0,0,0,3.0,6.0
383018,Marco Palestra,Cagliari,M,Genoa vs Cagliari,90,6.9,,0.0,,,37,33.0,,1.0,,,5.0,0,0,10.0,14.0
383018,Marco Palestra,Cagliari,M,Cagliari vs Juventus,90,7,,0.0,,,5,1.0,,6.0,,1.0,2.0,0,0,9.0,15.0
383018,Marco Palestra,Cagliari,M,Fiorentina vs Cagliari,80,8.6,1.0,1.0,2.0,1.0,10,8.0,,2.0,,2.0,1.0,0,0,4.0,8.0
383018,Marco Palestra,Cagliari,M,Cagliari vs Hellas Verona,87,7.5,,0.0,,,28,25.0,,1.0,,,3.0,0,0,7.0,10.0
383018,Marco Palestra,Cagliari,M,AS Roma vs Cagliari,90,6.9,,0.0,,,31,25.0,,2.0,2.0,2.0,5.0,1,0,10.0,14.0
383018,Marco Palestra,Cagliari,M,Cagliari vs Lecce,90,6.9,,0.0,,,25,21.0,,1.0,,2.0,2.0,0,0,9.0,16.0
383018,Marco Palestra,Cagliari,M,Cagliari vs Lazio,90,7.3,,0.0,1.0,,25,21.0,,,1.0,,6.0,0,0,9.0,13.0
383018,Marco Palestra,Cagliari,M,Parma vs Cagliari,97,7,,,2.0,1.0,28,25.0,,,1.0,,3.0,0,0,6.0,8.0
56287,Alessandro Di Pardo,Cagliari,D,Napoli vs Cagliari,14,6.2,,0.0,,,1,1.0,,,,,,0,0,,
56287,Alessandro Di Pardo,Cagliari,D,Udinese vs Cagliari,45,6.3,,0.0,1.0,,15,11.0,,1.0,,,,0,0,1.0,3.0
435548,Mateus Lusuardi,Pisa,D,Pisa vs AS Roma,64,7,,0.0,,,21,15.0,,,,1.0,,0,0,4.0,7.0
435548,Mateus Lusuardi,Pisa,D,Pisa vs Udinese,45,6.9,,0.0,1.0,,19,16.0,,1.0,,,,0,0,4.0,5.0
435548,Mateus Lusuardi,Pisa,D,Napoli vs Pisa,90,5.9,,0.0,,,39,34.0,,1.0,,3.0,,1,0,3.0,9.0
30753,Mehdi Léris,Pisa,M,Pisa vs AS Roma,8,6.6,,0.0,,,3,3.0,,,,,,0,0,,
30753,Mehdi Léris,Pisa,M,Pisa vs Udinese,45,6.9,,0.0,1.0,,21,18.0,,3.0,1.0,2.0,1.0,0,0,6.0,10.0
30753,Mehdi Léris,Pisa,M,Napoli vs Pisa,61,7.3,,0.0,1.0,1.0,26,20.0,,1.0,2.0,1.0,1.0,0,0,3.0,6.0
30753,Mehdi Léris,Pisa,M,Pisa vs Fiorentina,67,6.6,,0.0,1.0,,8,7.0,,,1.0,1.0,1.0,0,0,1.0,4.0
30753,Mehdi Léris,Pisa,M,Bologna vs Pisa,77,6.9,,0.0,,,18,13.0,,3.0,2.0,,,0,0,5.0,6.0
30753,Mehdi Léris,Pisa,M,Pisa vs Hellas Verona,65,6.9,,0.0,,,14,11.0,,1.0,,1.0,1.0,0,0,4.0,9.0
30753,Mehdi Léris,Pisa,M,Pisa vs Lazio,25,6.9,,0.0,,,7,5.0,,,,,,0,0,,
30753,Mehdi Léris,Pisa,M,Torino vs Pisa,83,6.3,,1.0,,,16,9.0,,3.0,1.0,,,0,0,3.0,3.0
30753,Mehdi Léris,Pisa,M,Pisa vs Cremonese,45,7.9,,0.0,,,14,11.0,,7.0,,,1.0,0,0,8.0,8.0
30753,Mehdi Léris,Pisa,M,Sassuolo vs Pisa,90,7.3,,0.0,1.0,,26,18.0,,4.0,,1.0,3.0,0,0,8.0,11.0
30753,Mehdi Léris,Pisa,M,Pisa vs Inter,19,6.3,,0.0,,,10,7.0,,,1.0,,1.0,0,0,2.0,3.0
30753,Mehdi Léris,Pisa,M,Pisa vs Parma,45,7.2,,0.0,1.0,,19,10.0,,,,,,0,0,2.0,5.0
30753,Mehdi Léris,Pisa,M,Lecce vs Pisa,74,7.5,,0.0,,,31,19.0,,4.0,2.0,1.0,,0,0,9.0,11.0
30753,Mehdi Léris,Pisa,M,Cagliari vs Pisa,8,7,,1.0,,,6,6.0,,,,,,0,0,,
30753,Mehdi Léris,Pisa,M,Pisa vs Juventus,78,7,,0.0,,,17,12.0,,1.0,,,1.0,0,0,5.0,9.0
30753,Mehdi Léris,Pisa,M,Genoa vs Pisa,58,7.3,1.0,0.0,3.0,2.0,14,8.0,,4.0,,3.0,1.0,1,0,9.0,17.0
30753,Mehdi Léris,Pisa,M,Pisa vs Como,27,6.9,,0.0,,,7,5.0,,2.0,,2.0,1.0,0,0,4.0,9.0
30753,Mehdi Léris,Pisa,M,Udinese vs Pisa,57,6.5,,0.0,1.0,,19,15.0,,,,1.0,2.0,0,0,6.0,9.0
30753,Mehdi Léris,Pisa,M,Pisa vs Atalanta,22,6.9,,1.0,,,10,8.0,,,,,1.0,0,0,1.0,4.0
30753,Mehdi Léris,Pisa,M,Inter vs Pisa,21,6.2,,0.0,1.0,1.0,10,7.0,,,,,,0,0,,4.0
30753,Mehdi Léris,Pisa,M,Pisa vs Sassuolo,45,6.9,,0.0,2.0,2.0,19,13.0,,2.0,1.0,,,0,0,3.0,4.0
30753,Mehdi Léris,Pisa,M,Hellas Verona vs Pisa,45,6.5,,0.0,,,10,8.0,,,,3.0,,0,0,2.0,9.0
30753,Mehdi Léris,Pisa,M,Pisa vs AC Milan,9,6.7,,0.0,,,2,,,1.0,,,1.0,0,0,2.0,3.0
36910,Calvin Stengs,Pisa,M,Pisa vs AS Roma,13,6.3,,0.0,2.0,1.0,4,3.0,,1.0,,,,0,0,1.0,4.0
36910,Calvin Stengs,Pisa,M,Pisa vs Udinese,10,6.9,,0.0,,,11,10.0,,,,,2.0,0,0,3.0,3.0
36910,Calvin Stengs,Pisa,M,Pisa vs Sassuolo,12,6.3,,0.0,,,4,3.0,,1.0,,,,0,0,1.0,3.0
22222,Zeki Çelik,AS Roma,D,Pisa vs AS Roma,8,6.9,,0.0,,,3,2.0,,,,,,0,0,1.0,1.0
22222,Zeki Çelik,AS Roma,D,AS Roma vs Torino,11,6.9,,0.0,,,19,18.0,,,,,,0,0,,1.0
22222,Zeki Çelik,AS Roma,D,Lazio vs AS Roma,90,6.9,,0.0,,,44,40.0,,1.0,2.0,4.0,,0,0,3.0,7.0
22222,Zeki Çelik,AS Roma,D,AS Roma vs Hellas Verona,90,7.5,,1.0,1.0,,39,30.0,,2.0,1.0,1.0,,0,0,5.0,8.0
22222,Zeki Çelik,AS Roma,D,Fiorentina vs AS Roma,90,6.9,,0.0,,,57,43.0,,4.0,1.0,2.0,1.0,0,0,10.0,15.0
22222,Zeki Çelik,AS Roma,D,AS Roma vs Inter,90,6.5,,0.0,,,43,37.0,,,2.0,3.0,,0,0,1.0,7.0
22222,Zeki Çelik,AS Roma,D,Sassuolo vs AS Roma,90,6.6,,0.0,2.0,1.0,37,29.0,,,,,1.0,0,0,2.0,5.0
22222,Zeki Çelik,AS Roma,D,AS Roma vs Parma,90,6.3,,0.0,1.0,,46,38.0,,1.0,,,,0,0,4.0,9.0
22222,Zeki Çelik,AS Roma,D,AC Milan vs AS Roma,77,6.9,,0.0,,,48,44.0,,4.0,,2.0,1.0,1,0,5.0,8.0
22222,Zeki Çelik,AS Roma,D,AS Roma vs Udinese,89,7.9,1.0,0.0,2.0,1.0,43,41.0,,1.0,,,,0,0,3.0,6.0
22222,Zeki Çelik,AS Roma,D,Cremonese vs AS Roma,90,7.3,,0.0,2.0,,32,21.0,,4.0,,1.0,2.0,0,0,8.0,15.0
22222,Zeki Çelik,AS Roma,D,AS Roma vs Napoli,90,6.6,,0.0,1.0,,42,37.0,,4.0,,,,0,0,5.0,10.0
22222,Zeki Çelik,AS Roma,D,Cagliari vs AS Roma,52,5.3,,0.0,,,19,10.0,,1.0,,1.0,,0,1,3.0,5.0
22222,Zeki Çelik,AS Roma,D,Juventus vs AS Roma,90,6.3,,0.0,,,56,51.0,,,,2.0,1.0,0,0,4.0,8.0
22222,Zeki Çelik,AS Roma,D,AS Roma vs Genoa,90,6.7,,0.0,,,44,38.0,,,1.0,1.0,,0,0,,6.0
22222,Zeki Çelik,AS Roma,D,Atalanta vs AS Roma,90,7.2,,0.0,,,41,35.0,,2.0,,1.0,1.0,0,0,3.0,7.0
22222,Zeki Çelik,AS Roma,D,Lecce vs AS Roma,90,7.5,,0.0,,,53,45.0,,5.0,1.0,1.0,1.0,0,0,9.0,13.0
22222,Zeki Çelik,AS Roma,D,AS Roma vs Sassuolo,87,7.2,,0.0,,,62,51.0,,5.0,,2.0,,0,0,7.0,12.0
22222,Zeki Çelik,AS Roma,D,AS Roma vs AC Milan,90,7,,0.0,1.0,1.0,51,43.0,,1.0,,2.0,1.0,0,0,3.0,9.0
22222,Zeki Çelik,AS Roma,D,Udinese vs AS Roma,79,6.7,,0.0,,,22,18.0,,2.0,,1.0,1.0,0,0,3.0,5.0
22222,Zeki Çelik,AS Roma,D,AS Roma vs Cagliari,90,8.2,,1.0,,,45,40.0,,1.0,2.0,,,0,0,2.0,4.0
22222,Zeki Çelik,AS Roma,D,Napoli vs AS Roma,90,7.5,,0.0,,,37,33.0,,4.0,1.0,,1.0,0,0,7.0,7.0
22222,Zeki Çelik,AS Roma,D,AS Roma vs Cremonese,85,6.6,,0.0,1.0,,46,41.0,,1.0,,2.0,,0,0,2.0,7.0
18967,Leo Østigård,Genoa,D,Genoa vs Juventus,90,6.9,,0.0,,,61,47.0,,1.0,,3.0,,1,0,8.0,13.0
18967,Leo Østigård,Genoa,D,Como vs Genoa,90,6.2,,0.0,,,51,49.0,,1.0,1.0,5.0,,1,0,4.0,13.0
18967,Leo Østigård,Genoa,D,Bologna vs Genoa,45,6.6,,0.0,,,14,13.0,,,1.0,1.0,1.0,1,0,1.0,2.0
18967,Leo Østigård,Genoa,D,Genoa vs Lazio,90,6,,0.0,,,92,85.0,,,2.0,2.0,,1,0,5.0,10.0
18967,Leo Østigård,Genoa,D,Genoa vs Parma,90,7.2,,0.0,,,92,88.0,,2.0,,1.0,,0,0,3.0,7.0
18967,Leo Østigård,Genoa,D,Torino vs Genoa,90,7.5,,0.0,,,41,34.0,,2.0,,1.0,1.0,0,0,7.0,8.0
18967,Leo Østigård,Genoa,D,Genoa vs Cremonese,90,6.2,,0.0,1.0,,49,39.0,,,1.0,,,0,0,4.0,7.0
18967,Leo Østigård,Genoa,D,Sassuolo vs Genoa,90,7.9,1.0,0.0,2.0,2.0,48,41.0,,1.0,,,1.0,0,0,4.0,6.0
18967,Leo Østigård,Genoa,D,Genoa vs Fiorentina,90,7.9,1.0,1.0,2.0,2.0,52,43.0,,,1.0,,,0,0,4.0,5.0
18967,Leo Østigård,Genoa,D,Cagliari vs Genoa,90,8.2,1.0,0.0,1.0,1.0,53,46.0,,3.0,1.0,3.0,1.0,0,0,8.0,12.0
18967,Leo Østigård,Genoa,D,Genoa vs Hellas Verona,90,7.5,,0.0,2.0,1.0,66,63.0,,2.0,,2.0,2.0,0,0,8.0,13.0
18967,Leo Østigård,Genoa,D,AS Roma vs Genoa,58,5.6,,0.0,1.0,1.0,31,24.0,,2.0,1.0,2.0,,0,0,2.0,4.0
18967,Leo Østigård,Genoa,D,Genoa vs Pisa,90,7.9,,0.0,,,54,51.0,,2.0,,,,0,0,9.0,10.0
18967,Leo Østigård,Genoa,D,AC Milan vs Genoa,90,7.9,,0.0,,,51,47.0,,2.0,,,1.0,0,0,6.0,9.0
18967,Leo Østigård,Genoa,D,Genoa vs Cagliari,90,8.7,1.0,0.0,2.0,1.0,50,43.0,,1.0,1.0,,1.0,0,0,2.0,3.0
18967,Leo Østigård,Genoa,D,Parma vs Genoa,90,6.9,,0.0,,,59,53.0,,,,2.0,,1,0,3.0,8.0
18967,Leo Østigård,Genoa,D,Lazio vs Genoa,90,5.6,,0.0,,,78,68.0,,,1.0,4.0,,1,0,2.0,7.0
18967,Leo Østigård,Genoa,D,Genoa vs Napoli,90,7.5,,0.0,,,39,32.0,,5.0,,,,0,0,9.0,10.0
18967,Leo Østigård,Genoa,D,Cremonese vs Genoa,90,7.9,,0.0,1.0,1.0,77,77.0,,1.0,,,1.0,0,0,4.0,5.0
18967,Leo Østigård,Genoa,D,Genoa vs Torino,90,8.2,,0.0,,,101,98.0,,,1.0,1.0,,0,0,2.0,3.0
1938,Ruslan Malinovskyi,Genoa,M,Genoa vs Juventus,25,6.7,,0.0,1.0,,13,11.0,,,,,1.0,0,0,3.0,4.0
1938,Ruslan Malinovskyi,Genoa,M,Como vs Genoa,71,6.9,,0.0,,,35,30.0,,,2.0,3.0,3.0,1,0,6.0,11.0
1938,Ruslan Malinovskyi,Genoa,M,Bologna vs Genoa,69,7,,1.0,,,21,18.0,,1.0,,,1.0,0,0,4.0,10.0
1938,Ruslan Malinovskyi,Genoa,M,Genoa vs Lazio,69,6.5,,0.0,2.0,1.0,36,31.0,,1.0,,3.0,2.0,1,0,5.0,12.0
1938,Ruslan Malinovskyi,Genoa,M,Napoli vs Genoa,61,6.2,,0.0,,,17,13.0,,,1.0,1.0,,1,0,,5.0
1938,Ruslan Malinovskyi,Genoa,M,Genoa vs Parma,81,6.9,,0.0,4.0,2.0,65,52.0,,,,1.0,3.0,1,0,3.0,7.0
1938,Ruslan Malinovskyi,Genoa,M,Torino vs Genoa,87,7,,0.0,2.0,,47,41.0,,,1.0,,1.0,0,0,3.0,8.0
1938,Ruslan Malinovskyi,Genoa,M,Genoa vs Cremonese,90,7.3,,0.0,1.0,,46,32.0,,1.0,1.0,1.0,,0,0,3.0,8.0
1938,Ruslan Malinovskyi,Genoa,M,Sassuolo vs Genoa,59,8.2,1.0,0.0,1.0,1.0,29,25.0,,3.0,1.0,1.0,,1,0,4.0,6.0
1938,Ruslan Malinovskyi,Genoa,M,Cagliari vs Genoa,87,6.3,,0.0,1.0,,34,30.0,,2.0,,1.0,,0,0,2.0,10.0
1938,Ruslan Malinovskyi,Genoa,M,Genoa vs Hellas Verona,85,6.7,,0.0,2.0,,47,38.0,,,,2.0,,0,0,,3.0
1938,Ruslan Malinovskyi,Genoa,M,Udinese vs Genoa,76,7.5,1.0,0.0,3.0,1.0,32,26.0,,2.0,,1.0,4.0,0,0,8.0,12.0
1938,Ruslan Malinovskyi,Genoa,M,Genoa vs Inter,90,6.6,,0.0,1.0,,36,28.0,,,1.0,,2.0,0,0,3.0,7.0
1938,Ruslan Malinovskyi,Genoa,M,Genoa vs Atalanta,67,6.5,,0.0,,,29,20.0,,1.0,,1.0,2.0,0,0,5.0,8.0
1938,Ruslan Malinovskyi,Genoa,M,AS Roma vs Genoa,59,5.5,,0.0,,,32,25.0,,,,1.0,,0,0,,5.0
1938,Ruslan Malinovskyi,Genoa,M,Genoa vs Pisa,90,6.9,,0.0,1.0,,64,56.0,,2.0,,3.0,2.0,1,0,9.0,22.0
1938,Ruslan Malinovskyi,Genoa,M,AC Milan vs Genoa,64,7.3,,1.0,,,33,31.0,,1.0,1.0,,,0,0,1.0,3.0
1938,Ruslan Malinovskyi,Genoa,M,Genoa vs Cagliari,74,7.2,,1.0,3.0,2.0,33,24.0,,,,,1.0,0,0,3.0,5.0
1938,Ruslan Malinovskyi,Genoa,M,Parma vs Genoa,73,6.6,,0.0,,,28,19.0,,4.0,2.0,2.0,,0,0,7.0,14.0
1938,Ruslan Malinovskyi,Genoa,M,Genoa vs Bologna,35,7.6,1.0,0.0,2.0,2.0,23,20.0,,,,2.0,,1,0,1.0,2.0
1938,Ruslan Malinovskyi,Genoa,M,Lazio vs Genoa,87,7.5,1.0,0.0,2.0,1.0,43,38.0,,2.0,,1.0,1.0,1,0,3.0,5.0
1938,Ruslan Malinovskyi,Genoa,M,Genoa vs Napoli,74,7,1.0,0.0,4.0,2.0,38,27.0,,2.0,,3.0,,0,0,3.0,7.0
1938,Ruslan Malinovskyi,Genoa,M,Cremonese vs Genoa,90,7,,0.0,,,67,58.0,,2.0,,2.0,1.0,0,0,10.0,20.0
1938,Ruslan Malinovskyi,Genoa,M,Genoa vs Torino,85,7.3,,0.0,,,68,61.0,,3.0,1.0,,,0,0,3.0,6.0
3430,Caleb Ekuban,Genoa,F,Genoa vs Juventus,12,6.7,,0.0,1.0,,2,1.0,,,1.0,,1.0,0,0,2.0,2.0
3430,Caleb Ekuban,Genoa,F,Como vs Genoa,19,7.7,1.0,0.0,1.0,1.0,8,7.0,,,,,,0,0,,1.0
3430,Caleb Ekuban,Genoa,F,Bologna vs Genoa,37,6.3,,0.0,,,7,4.0,,,,,,0,0,3.0,8.0
3430,Caleb Ekuban,Genoa,F,Genoa vs Lazio,21,6.9,,0.0,1.0,1.0,3,3.0,,,,,1.0,0,0,4.0,4.0
3430,Caleb Ekuban,Genoa,F,Napoli vs Genoa,29,6.2,,0.0,,,5,5.0,,,,,,0,0,,2.0
3430,Caleb Ekuban,Genoa,F,Genoa vs Parma,66,6.2,,0.0,3.0,,9,7.0,,,,2.0,2.0,0,0,4.0,9.0
3430,Caleb Ekuban,Genoa,F,Torino vs Genoa,29,6.7,,0.0,1.0,1.0,7,6.0,,,,,,0,0,1.0,2.0
3430,Caleb Ekuban,Genoa,F,Genoa vs Cremonese,37,6.3,,0.0,2.0,,7,2.0,,,,1.0,1.0,0,0,4.0,7.0
3430,Caleb Ekuban,Genoa,F,Sassuolo vs Genoa,22,6.6,,0.0,,,4,1.0,,,,1.0,2.0,0,0,4.0,5.0
3430,Caleb Ekuban,Genoa,F,Cagliari vs Genoa,12,6.6,,0.0,,,4,2.0,,,,,2.0,0,0,2.0,2.0
3430,Caleb Ekuban,Genoa,F,Genoa vs Hellas Verona,23,6.7,,0.0,,,3,,,,1.0,,3.0,0,0,3.0,4.0
3430,Caleb Ekuban,Genoa,F,Udinese vs Genoa,26,6.9,,1.0,,,5,5.0,,,1.0,1.0,1.0,0,0,1.0,4.0
3430,Caleb Ekuban,Genoa,F,Genoa vs Inter,32,6.7,,0.0,1.0,1.0,2,1.0,,,,1.0,1.0,0,0,3.0,6.0
3430,Caleb Ekuban,Genoa,F,Genoa vs Atalanta,67,6.2,,0.0,1.0,,6,6.0,,,,1.0,3.0,0,0,3.0,9.0
3430,Caleb Ekuban,Genoa,F,AS Roma vs Genoa,59,6,,0.0,,,9,7.0,,,,2.0,1.0,0,0,1.0,9.0
3430,Caleb Ekuban,Genoa,F,Genoa vs Pisa,14,6.3,,0.0,,,2,2.0,,,,,,0,0,2.0,5.0
3430,Caleb Ekuban,Genoa,F,Genoa vs Bologna,17,8.2,1.0,0.0,1.0,1.0,3,1.0,,1.0,,,,0,0,3.0,3.0
3430,Caleb Ekuban,Genoa,F,Lazio vs Genoa,9,6.7,,0.0,,,1,,,,,,1.0,0,0,2.0,2.0
3430,Caleb Ekuban,Genoa,F,Genoa vs Napoli,26,6.3,,0.0,,,3,3.0,,,,,1.0,0,0,1.0,2.0
3430,Caleb Ekuban,Genoa,F,Cremonese vs Genoa,30,6.7,,0.0,2.0,,7,6.0,,,,,,0,0,2.0,5.0
3430,Caleb Ekuban,Genoa,F,Genoa vs Torino,65,6.9,1.0,0.0,3.0,2.0,16,11.0,,1.0,,1.0,,0,0,1.0,5.0
1821,Filip Kostić,Juventus,M,Genoa vs Juventus,28,6.9,,1.0,1.0,,3,3.0,,3.0,,,,0,0,3.0,6.0
1821,Filip Kostić,Juventus,M,Juventus vs AC Milan,4,,,0.0,,,3,3.0,,,,,,0,0,,
1821,Filip Kostić,Juventus,M,Como vs Juventus,15,6.3,,0.0,,,5,4.0,,,,1.0,,0,0,,1.0
1821,Filip Kostić,Juventus,M,Lazio vs Juventus,24,6.6,,0.0,,,16,15.0,,,,,,0,0,,
1821,Filip Kostić,Juventus,M,Juventus vs Udinese,89,7.9,,0.0,1.0,1.0,48,37.0,,4.0,1.0,,,0,0,6.0,8.0
1821,Filip Kostić,Juventus,M,Cremonese vs Juventus,79,8.2,1.0,0.0,1.0,1.0,32,27.0,,2.0,,1.0,1.0,0,0,5.0,10.0
1821,Filip Kostić,Juventus,M,Fiorentina vs Juventus,66,7,1.0,0.0,1.0,1.0,27,24.0,,3.0,,2.0,,0,0,3.0,5.0
1821,Filip Kostić,Juventus,M,Juventus vs Cagliari,45,6,,0.0,,,15,12.0,,1.0,1.0,2.0,1.0,0,0,2.0,6.0
1821,Filip Kostić,Juventus,M,Napoli vs Juventus,19,6.3,,0.0,,,9,4.0,,2.0,,,,0,0,2.0,2.0
1821,Filip Kostić,Juventus,M,Pisa vs Juventus,11,6.7,,0.0,,,0,,,,,,,0,0,,
1821,Filip Kostić,Juventus,M,Juventus vs Lecce,21,6.6,,0.0,1.0,,29,26.0,,1.0,1.0,,,0,0,2.0,5.0
1821,Filip Kostić,Juventus,M,Juventus vs Napoli,30,7.9,1.0,0.0,1.0,1.0,11,11.0,,,,1.0,,0,0,,1.0
1821,Filip Kostić,Juventus,M,Parma vs Juventus,25,6.9,,0.0,,,16,13.0,,1.0,1.0,,2.0,0,0,3.0,3.0
1821,Filip Kostić,Juventus,M,Juventus vs Como,13,6.3,,0.0,,,6,4.0,,,,,,0,0,1.0,3.0
2553,Guillermo Maripán,Torino,D,Torino vs Fiorentina,90,6.6,,0.0,2.0,,33,30.0,,,2.0,4.0,,0,0,4.0,12.0
2553,Guillermo Maripán,Torino,D,AS Roma vs Torino,90,7.6,,0.0,1.0,1.0,22,19.0,,1.0,2.0,1.0,,0,0,8.0,11.0
2553,Guillermo Maripán,Torino,D,Torino vs Atalanta,45,5.9,,0.0,,,23,19.0,,1.0,1.0,,,0,0,2.0,5.0
2553,Guillermo Maripán,Torino,D,Parma vs Torino,90,6.3,,0.0,,,33,28.0,,1.0,1.0,,,0,0,4.0,8.0
2553,Guillermo Maripán,Torino,D,Lazio vs Torino,90,6.2,,0.0,,,52,43.0,,3.0,3.0,,,1,0,5.0,10.0
2553,Guillermo Maripán,Torino,D,Torino vs Napoli,90,7,,0.0,,,22,21.0,,,2.0,1.0,,0,0,1.0,6.0
2553,Guillermo Maripán,Torino,D,Torino vs Genoa,90,7.9,1.0,0.0,3.0,3.0,66,58.0,,3.0,,2.0,,0,0,4.0,12.0
2553,Guillermo Maripán,Torino,D,Bologna vs Torino,90,6.9,,0.0,1.0,1.0,23,17.0,,3.0,3.0,,,0,0,4.0,6.0
2553,Guillermo Maripán,Torino,D,Torino vs Pisa,67,6.7,,0.0,,,56,52.0,,,,1.0,,0,0,2.0,4.0
2553,Guillermo Maripán,Torino,D,Juventus vs Torino,90,8,,0.0,,,28,22.0,,3.0,1.0,,,0,0,5.0,9.0
2553,Guillermo Maripán,Torino,D,Torino vs Como,90,5.6,,0.0,,,25,24.0,,1.0,1.0,1.0,,0,0,2.0,4.0
2553,Guillermo Maripán,Torino,D,Lecce vs Torino,90,6.3,,0.0,,,39,33.0,,1.0,,2.0,,0,0,4.0,11.0
2553,Guillermo Maripán,Torino,D,Torino vs AC Milan,90,6.3,,0.0,,,28,24.0,,3.0,1.0,1.0,,0,0,6.0,12.0
2553,Guillermo Maripán,Torino,D,Torino vs Cremonese,90,7,,0.0,1.0,,34,28.0,,1.0,2.0,1.0,,0,0,4.0,11.0
2553,Guillermo Maripán,Torino,D,Sassuolo vs Torino,90,7.9,,0.0,1.0,1.0,50,43.0,,3.0,1.0,,1.0,0,0,5.0,6.0
2553,Guillermo Maripán,Torino,D,Torino vs Cagliari,90,6.9,,0.0,,,59,45.0,,3.0,,2.0,1.0,0,0,6.0,8.0
2553,Guillermo Maripán,Torino,D,Hellas Verona vs Torino,90,7.6,,0.0,,,48,38.0,,5.0,3.0,,1.0,0,0,12.0,16.0
2553,Guillermo Maripán,Torino,D,Torino vs Udinese,90,7.2,,0.0,,,62,50.0,,5.0,1.0,,,0,0,8.0,10.0
2553,Guillermo Maripán,Torino,D,Atalanta vs Torino,90,7.3,,0.0,,,39,32.0,,8.0,,2.0,2.0,0,0,12.0,19.0
2553,Guillermo Maripán,Torino,D,Como vs Torino,69,5.9,,0.0,,,35,32.0,,,,2.0,,0,0,1.0,2.0
2553,Guillermo Maripán,Torino,D,Torino vs Lecce,90,7.3,,0.0,1.0,1.0,34,28.0,,2.0,,,,0,0,7.0,9.0
2553,Guillermo Maripán,Torino,D,Fiorentina vs Torino,90,8.2,1.0,0.0,1.0,1.0,44,41.0,,2.0,1.0,2.0,,1,0,7.0,11.0
2553,Guillermo Maripán,Torino,D,Torino vs Bologna,90,6.5,,0.0,,,44,36.0,,1.0,1.0,4.0,1.0,1,0,4.0,11.0
2553,Guillermo Maripán,Torino,D,Genoa vs Torino,45,6.2,,0.0,,,22,21.0,,1.0,1.0,1.0,,0,0,1.0,4.0
275776,Kristjan Asllani,Torino,M,Torino vs Fiorentina,81,7.3,,0.0,,,29,24.0,,2.0,1.0,,1.0,0,0,3.0,6.0
275776,Kristjan Asllani,Torino,M,AS Roma vs Torino,80,7.5,,0.0,,,23,20.0,,2.0,2.0,1.0,1.0,1,0,3.0,5.0
275776,Kristjan Asllani,Torino,M,Torino vs Atalanta,90,6.9,,0.0,,,53,49.0,,1.0,1.0,,,0,0,2.0,5.0
275776,Kristjan Asllani,Torino,M,Parma vs Torino,71,6.5,,0.0,1.0,,54,45.0,,1.0,,,,0,0,1.0,1.0
275776,Kristjan Asllani,Torino,M,Lazio vs Torino,90,6.5,,0.0,2.0,1.0,55,48.0,,,1.0,1.0,,1,0,,2.0
275776,Kristjan Asllani,Torino,M,Torino vs Napoli,84,7.2,,0.0,1.0,,40,34.0,,2.0,1.0,,3.0,0,0,6.0,11.0
275776,Kristjan Asllani,Torino,M,Torino vs Genoa,60,6.3,,0.0,,,49,42.0,,1.0,,,2.0,0,0,3.0,4.0
275776,Kristjan Asllani,Torino,M,Bologna vs Torino,11,6.6,,0.0,,,4,3.0,,,,,1.0,0,0,1.0,1.0
275776,Kristjan Asllani,Torino,M,Juventus vs Torino,45,6.7,,0.0,1.0,,20,17.0,,,1.0,1.0,,1,0,,1.0
275776,Kristjan Asllani,Torino,M,Torino vs Como,90,6.9,,0.0,2.0,,44,41.0,,2.0,3.0,1.0,,0,0,3.0,6.0
275776,Kristjan Asllani,Torino,M,Lecce vs Torino,90,6.5,,0.0,2.0,1.0,53,37.0,,4.0,,3.0,1.0,0,0,5.0,10.0
275776,Kristjan Asllani,Torino,M,Torino vs AC Milan,90,7,,0.0,2.0,2.0,42,35.0,,2.0,1.0,,,0,0,2.0,4.0
275776,Kristjan Asllani,Torino,M,Torino vs Cremonese,89,7.9,,0.0,1.0,,52,43.0,,3.0,,,2.0,0,0,5.0,7.0
275776,Kristjan Asllani,Torino,M,Sassuolo vs Torino,88,6.6,,0.0,1.0,,43,34.0,,1.0,,,1.0,0,0,2.0,4.0
275776,Kristjan Asllani,Torino,M,Torino vs Cagliari,76,6.6,,0.0,,,56,47.0,,,1.0,,2.0,0,0,3.0,6.0
46170,Ivan Ilić,Torino,M,Torino vs Fiorentina,76,7.3,,0.0,,,28,23.0,,3.0,1.0,1.0,,0,0,4.0,6.0
46170,Ivan Ilić,Torino,M,AS Roma vs Torino,26,6.2,,0.0,,,4,3.0,,,,1.0,,0,0,,4.0
46170,Ivan Ilić,Torino,M,Torino vs Atalanta,45,6.2,,0.0,,,15,14.0,,1.0,,,,0,0,1.0,5.0
46170,Ivan Ilić,Torino,M,Bologna vs Torino,79,6.3,,0.0,,,26,15.0,,,1.0,2.0,1.0,1,0,2.0,6.0
46170,Ivan Ilić,Torino,M,Torino vs Pisa,90,7.2,,0.0,,,85,74.0,,2.0,1.0,4.0,1.0,0,0,4.0,12.0
46170,Ivan Ilić,Torino,M,Juventus vs Torino,45,6.6,,0.0,,,18,17.0,,,2.0,,1.0,0,0,1.0,3.0
46170,Ivan Ilić,Torino,M,Sassuolo vs Torino,32,7,,0.0,,,11,8.0,,2.0,,1.0,1.0,1,0,5.0,6.0
30440,Roberto Piccoli,Fiorentina,F,Torino vs Fiorentina,77,6.3,,0.0,1.0,1.0,8,4.0,,,1.0,1.0,2.0,0,0,5.0,10.0
30440,Roberto Piccoli,Fiorentina,F,Fiorentina vs Napoli,45,6.9,,0.0,2.0,1.0,11,7.0,,,,,1.0,0,0,6.0,10.0
30440,Roberto Piccoli,Fiorentina,F,Fiorentina vs Como,77,5.9,,0.0,1.0,,9,6.0,,,2.0,1.0,1.0,0,0,2.0,11.0
30440,Roberto Piccoli,Fiorentina,F,Pisa vs Fiorentina,16,6.7,,0.0,,,5,3.0,,1.0,,,,0,0,4.0,7.0
30440,Roberto Piccoli,Fiorentina,F,Fiorentina vs AS Roma,45,6.5,,0.0,2.0,,1,1.0,,,,1.0,1.0,0,0,1.0,4.0
30440,Roberto Piccoli,Fiorentina,F,AC Milan vs Fiorentina,13,6.3,,0.0,,,1,1.0,,,,,,0,0,1.0,2.0
30440,Roberto Piccoli,Fiorentina,F,Fiorentina vs Bologna,14,6.7,,0.0,1.0,1.0,2,1.0,,,,,,0,0,2.0,2.0
30440,Roberto Piccoli,Fiorentina,F,Fiorentina vs Lecce,31,6,,0.0,1.0,,5,1.0,,,,3.0,1.0,0,0,3.0,11.0
30440,Roberto Piccoli,Fiorentina,F,Genoa vs Fiorentina,84,7.9,1.0,0.0,3.0,2.0,13,6.0,,1.0,,1.0,2.0,0,0,10.0,15.0
30440,Roberto Piccoli,Fiorentina,F,Fiorentina vs Juventus,60,6.3,,0.0,,,7,3.0,,,,1.0,1.0,0,0,3.0,5.0
30440,Roberto Piccoli,Fiorentina,F,Atalanta vs Fiorentina,79,6.7,,0.0,2.0,2.0,15,9.0,,1.0,,1.0,4.0,0,0,8.0,18.0
30440,Roberto Piccoli,Fiorentina,F,Sassuolo vs Fiorentina,28,6.3,,0.0,,,4,3.0,,3.0,,2.0,,0,0,4.0,8.0
30440,Roberto Piccoli,Fiorentina,F,Fiorentina vs Udinese,19,6.2,,0.0,1.0,,3,1.0,,,,,,0,0,1.0,5.0
30440,Roberto Piccoli,Fiorentina,F,Parma vs Fiorentina,27,6.3,,0.0,2.0,1.0,5,5.0,,,,,,0,0,1.0,4.0
30440,Roberto Piccoli,Fiorentina,F,Fiorentina vs Cremonese,90,6.2,,0.0,2.0,1.0,10,8.0,,,,2.0,5.0,0,0,5.0,12.0
30440,Roberto Piccoli,Fiorentina,F,Lazio vs Fiorentina,60,6.5,,0.0,,,5,2.0,,,,,,0,0,3.0,5.0
30440,Roberto Piccoli,Fiorentina,F,Bologna vs Fiorentina,90,7.7,1.0,0.0,2.0,1.0,17,12.0,,1.0,,,1.0,0,0,6.0,9.0
30440,Roberto Piccoli,Fiorentina,F,Fiorentina vs Cagliari,90,6.5,,0.0,1.0,,5,4.0,,,,1.0,4.0,0,0,4.0,8.0
30440,Roberto Piccoli,Fiorentina,F,Napoli vs Fiorentina,90,6,,0.0,5.0,2.0,10,5.0,,,,3.0,5.0,0,0,6.0,16.0
30440,Roberto Piccoli,Fiorentina,F,Fiorentina vs Torino,13,6.2,,0.0,,,3,2.0,,,,,,0,0,1.0,5.0
30440,Roberto Piccoli,Fiorentina,F,Como vs Fiorentina,12,6.7,,0.0,1.0,1.0,1,1.0,,,,2.0,,0,0,,5.0
30440,Roberto Piccoli,Fiorentina,F,Fiorentina vs Pisa,10,6.6,,0.0,,,2,2.0,,,,,1.0,0,0,1.0,2.0
448977,Eddy Kouadio,Fiorentina,D,Torino vs Fiorentina,45,6.6,,0.0,,,13,10.0,,2.0,,1.0,,0,0,2.0,3.0
448977,Eddy Kouadio,Fiorentina,D,Fiorentina vs Juventus,21,6.9,,0.0,,,5,5.0,,,,,1.0,0,0,2.0,3.0
448977,Eddy Kouadio,Fiorentina,D,Parma vs Fiorentina,14,6.9,,0.0,,,6,6.0,,2.0,1.0,,,0,0,2.0,3.0
790,Edin Džeko,Fiorentina,F,Torino vs Fiorentina,13,6.6,,0.0,,,3,2.0,,,,,,0,0,2.0,3.0
790,Edin Džeko,Fiorentina,F,Fiorentina vs Napoli,45,6.9,,0.0,,,18,15.0,,1.0,,1.0,,0,0,3.0,4.0
790,Edin Džeko,Fiorentina,F,Fiorentina vs Como,13,6.9,,0.0,,,5,2.0,,,,,2.0,0,0,4.0,4.0
790,Edin Džeko,Fiorentina,F,Pisa vs Fiorentina,8,6.7,,0.0,,,5,4.0,,,,,,0,0,2.0,3.0
790,Edin Džeko,Fiorentina,F,Fiorentina vs AS Roma,15,6.7,,0.0,,,6,3.0,,,,,1.0,0,0,3.0,5.0
790,Edin Džeko,Fiorentina,F,AC Milan vs Fiorentina,10,6.2,,0.0,,,1,,,,,,,0,0,1.0,2.0
790,Edin Džeko,Fiorentina,F,Fiorentina vs Bologna,36,6.3,,0.0,,,11,10.0,,,,,,1,0,1.0,2.0
790,Edin Džeko,Fiorentina,F,Inter vs Fiorentina,14,6.5,,0.0,,,4,4.0,,,,,,0,0,,1.0
790,Edin Džeko,Fiorentina,F,Fiorentina vs Lecce,59,6.7,,0.0,1.0,1.0,18,13.0,,,1.0,,,0,0,4.0,10.0
790,Edin Džeko,Fiorentina,F,Genoa vs Fiorentina,16,6.9,,0.0,,,6,3.0,,,,1.0,2.0,0,0,6.0,8.0
790,Edin Džeko,Fiorentina,F,Fiorentina vs Hellas Verona,21,6.3,,0.0,,,4,4.0,,,,,,0,0,,1.0
333116,Reda Belahyane,Lazio,M,Lazio vs Hellas Verona,12,7.9,,1.0,,,10,10.0,,1.0,,,,0,0,1.0,1.0
333116,Reda Belahyane,Lazio,M,Sassuolo vs Lazio,45,6.5,,0.0,,,23,18.0,,1.0,,3.0,,1,0,2.0,6.0
333116,Reda Belahyane,Lazio,M,Lazio vs AS Roma,72,6.3,,0.0,,,17,15.0,,4.0,1.0,2.0,,0,1,4.0,10.0
333116,Reda Belahyane,Lazio,M,Lazio vs Torino,23,6.3,,0.0,,,13,12.0,,,1.0,1.0,,0,0,1.0,2.0
333116,Reda Belahyane,Lazio,M,Lazio vs Cremonese,27,6.6,,0.0,,,9,5.0,,,,,,0,0,1.0,1.0
333116,Reda Belahyane,Lazio,M,Udinese vs Lazio,90,6.7,,0.0,,,33,27.0,,,,1.0,1.0,0,0,2.0,7.0
333116,Reda Belahyane,Lazio,M,Lazio vs Napoli,19,6.7,,0.0,,,4,2.0,,,,,,0,0,,
333116,Reda Belahyane,Lazio,M,Lazio vs Como,90,6.6,,0.0,,,32,27.0,,3.0,,,1.0,0,0,5.0,8.0
333116,Reda Belahyane,Lazio,M,Cagliari vs Lazio,90,6.7,,0.0,,,74,68.0,,,,3.0,,0,0,2.0,10.0
317,Elseid Hysaj,Lazio,D,Lazio vs Hellas Verona,4,,,0.0,,,4,4.0,,,,,,0,0,,
317,Elseid Hysaj,Lazio,D,Genoa vs Lazio,58,7,,0.0,,,14,9.0,,1.0,,,,0,0,2.0,3.0
317,Elseid Hysaj,Lazio,D,Lazio vs Torino,90,6,,0.0,,,49,38.0,,1.0,2.0,,1.0,0,0,3.0,5.0
317,Elseid Hysaj,Lazio,D,Lazio vs Fiorentina,10,6.3,,0.0,,,5,5.0,,,,,,0,0,,
25061,Armel Bella-Kotchap,Hellas Verona,D,Lazio vs Hellas Verona,45,6.3,,0.0,1.0,,18,17.0,,,1.0,,,0,0,1.0,1.0
25061,Armel Bella-Kotchap,Hellas Verona,D,Hellas Verona vs Cremonese,20,6.6,,0.0,,,16,15.0,,,1.0,,,0,0,,
25061,Armel Bella-Kotchap,Hellas Verona,D,AS Roma vs Hellas Verona,14,6.9,,0.0,,,4,3.0,,,,1.0,,0,0,1.0,2.0
25061,Armel Bella-Kotchap,Hellas Verona,D,Hellas Verona vs Cagliari,74,6.5,,0.0,,,28,24.0,,1.0,3.0,1.0,,0,0,5.0,6.0
25061,Armel Bella-Kotchap,Hellas Verona,D,Como vs Hellas Verona,90,6.5,,0.0,,,27,19.0,,1.0,1.0,,1.0,0,0,4.0,4.0
25061,Armel Bella-Kotchap,Hellas Verona,D,Hellas Verona vs Inter,90,6.7,,0.0,,,26,23.0,,,1.0,4.0,2.0,1,0,4.0,11.0
25061,Armel Bella-Kotchap,Hellas Verona,D,Lecce vs Hellas Verona,90,7.2,,0.0,,,22,13.0,,1.0,2.0,3.0,4.0,0,0,6.0,9.0
25061,Armel Bella-Kotchap,Hellas Verona,D,Hellas Verona vs Parma,88,6.3,,0.0,,,51,41.0,,1.0,3.0,2.0,,0,0,6.0,8.0
25061,Armel Bella-Kotchap,Hellas Verona,D,Hellas Verona vs Atalanta,90,6.7,,0.0,,,24,18.0,,2.0,3.0,2.0,,0,0,7.0,12.0
25061,Armel Bella-Kotchap,Hellas Verona,D,Fiorentina vs Hellas Verona,90,7.6,,0.0,,,28,20.0,,2.0,2.0,1.0,1.0,0,0,7.0,7.0
25061,Armel Bella-Kotchap,Hellas Verona,D,AC Milan vs Hellas Verona,90,6.5,,0.0,,,66,60.0,,,4.0,2.0,2.0,0,0,4.0,6.0
25061,Armel Bella-Kotchap,Hellas Verona,D,Hellas Verona vs Torino,90,6.6,,0.0,,,44,37.0,,2.0,2.0,,1.0,0,0,8.0,9.0
25061,Armel Bella-Kotchap,Hellas Verona,D,Napoli vs Hellas Verona,90,6.3,,0.0,,,15,11.0,,1.0,2.0,2.0,1.0,1,0,3.0,6.0
25061,Armel Bella-Kotchap,Hellas Verona,D,Hellas Verona vs Lazio,76,7.2,,0.0,1.0,,43,38.0,,1.0,3.0,1.0,,1,0,2.0,5.0
25061,Armel Bella-Kotchap,Hellas Verona,D,Parma vs Hellas Verona,90,7.2,,0.0,,,14,10.0,,1.0,,1.0,1.0,0,0,4.0,6.0
25061,Armel Bella-Kotchap,Hellas Verona,D,Sassuolo vs Hellas Verona,90,6.3,,0.0,,,67,65.0,,2.0,2.0,1.0,2.0,0,0,4.0,8.0
42006,Mutassim Al-Musrati,Hellas Verona,M,Lazio vs Hellas Verona,45,6.6,,0.0,,,18,15.0,,1.0,1.0,1.0,,0,0,1.0,3.0
42006,Mutassim Al-Musrati,Hellas Verona,M,Hellas Verona vs Cremonese,10,6.3,,0.0,,,9,8.0,,,,1.0,,0,0,,2.0
42006,Mutassim Al-Musrati,Hellas Verona,M,Hellas Verona vs Parma,45,6.3,,0.0,,,41,37.0,,1.0,,2.0,,1,0,2.0,10.0
42006,Mutassim Al-Musrati,Hellas Verona,M,Genoa vs Hellas Verona,9,6.3,,0.0,,,8,6.0,,,,1.0,,0,0,1.0,4.0
42006,Mutassim Al-Musrati,Hellas Verona,M,Hellas Verona vs Atalanta,90,7,,0.0,1.0,1.0,37,29.0,,2.0,,,,0,0,4.0,6.0
42006,Mutassim Al-Musrati,Hellas Verona,M,Fiorentina vs Hellas Verona,75,6.9,,1.0,,,30,23.0,,2.0,,1.0,,1,0,2.0,5.0
42006,Mutassim Al-Musrati,Hellas Verona,M,AC Milan vs Hellas Verona,85,6.2,,0.0,,,50,44.0,,,,2.0,,1,0,,5.0
42006,Mutassim Al-Musrati,Hellas Verona,M,Hellas Verona vs Torino,45,6.9,,0.0,,,23,14.0,,1.0,2.0,,,0,0,5.0,7.0
42006,Mutassim Al-Musrati,Hellas Verona,M,Hellas Verona vs Lazio,9,6.3,,0.0,,,4,2.0,,,,,,0,0,,
42006,Mutassim Al-Musrati,Hellas Verona,M,Hellas Verona vs Bologna,53,6.2,,0.0,,,23,21.0,,2.0,1.0,1.0,,0,0,3.0,9.0
42006,Mutassim Al-Musrati,Hellas Verona,M,Cagliari vs Hellas Verona,33,6.5,,0.0,,,10,9.0,,2.0,,2.0,,0,0,2.0,5.0
42006,Mutassim Al-Musrati,Hellas Verona,M,Hellas Verona vs Pisa,90,7.3,,0.0,,,61,54.0,,,1.0,,2.0,0,0,3.0,7.0
42006,Mutassim Al-Musrati,Hellas Verona,M,Parma vs Hellas Verona,90,6.9,,0.0,,,34,22.0,,,,1.0,,0,0,2.0,5.0
42006,Mutassim Al-Musrati,Hellas Verona,M,Sassuolo vs Hellas Verona,85,6.3,,0.0,1.0,,68,57.0,,2.0,2.0,2.0,,2,1,3.0,8.0
24953,Yann Bisseck,Inter,D,Inter vs Udinese,90,6.7,,0.0,2.0,1.0,58,52.0,,3.0,1.0,4.0,1.0,0,0,8.0,16.0
24953,Yann Bisseck,Inter,D,Inter vs Fiorentina,90,7.5,,0.0,2.0,1.0,49,46.0,,,,,2.0,0,0,6.0,8.0
24953,Yann Bisseck,Inter,D,Hellas Verona vs Inter,90,7.2,,0.0,,,98,95.0,,1.0,3.0,1.0,,1,0,5.0,7.0
24953,Yann Bisseck,Inter,D,Pisa vs Inter,22,6.6,,0.0,,,11,8.0,,,,1.0,,0,0,,1.0
24953,Yann Bisseck,Inter,D,Genoa vs Inter,90,7.5,1.0,0.0,2.0,1.0,50,43.0,,1.0,2.0,1.0,,1,0,4.0,8.0
24953,Yann Bisseck,Inter,D,Atalanta vs Inter,90,7.3,,0.0,,,59,56.0,,1.0,2.0,1.0,1.0,0,0,6.0,9.0
24953,Yann Bisseck,Inter,D,Inter vs Bologna,90,6.5,,0.0,,,40,35.0,,1.0,1.0,1.0,1.0,0,0,5.0,11.0
24953,Yann Bisseck,Inter,D,Parma vs Inter,90,7.7,,0.0,2.0,1.0,79,74.0,,4.0,1.0,1.0,1.0,0,0,8.0,12.0
24953,Yann Bisseck,Inter,D,Inter vs Napoli,90,6.3,,0.0,1.0,1.0,44,41.0,,,,2.0,1.0,0,0,1.0,3.0
24953,Yann Bisseck,Inter,D,Udinese vs Inter,90,6.9,,0.0,1.0,1.0,65,58.0,,1.0,1.0,1.0,,0,0,2.0,5.0
24953,Yann Bisseck,Inter,D,Inter vs Pisa,90,7.5,,0.0,2.0,1.0,61,59.0,,2.0,,1.0,1.0,0,0,9.0,12.0
24953,Yann Bisseck,Inter,D,Cremonese vs Inter,90,7.2,,0.0,,,65,60.0,,1.0,,1.0,3.0,0,0,5.0,7.0
24953,Yann Bisseck,Inter,D,Sassuolo vs Inter,90,8.2,1.0,0.0,1.0,1.0,62,58.0,,,,1.0,,0,0,2.0,3.0
24953,Yann Bisseck,Inter,D,Inter vs Juventus,90,6.9,,1.0,1.0,1.0,53,48.0,,2.0,1.0,1.0,,0,0,4.0,7.0
24953,Yann Bisseck,Inter,D,Lecce vs Inter,90,7.3,,0.0,,,61,54.0,,4.0,1.0,1.0,,0,0,6.0,7.0
1640,Hakan Çalhanoğlu,Inter,M,Inter vs Udinese,68,6,,0.0,1.0,,29,26.0,,,,2.0,1.0,0,0,1.0,5.0
1640,Hakan Çalhanoğlu,Inter,M,Juventus vs Inter,81,9.6,2.0,0.0,5.0,3.0,80,77.0,,1.0,,1.0,1.0,0,0,3.0,5.0
1640,Hakan Çalhanoğlu,Inter,M,Inter vs Sassuolo,65,7.3,,0.0,1.0,,67,63.0,,1.0,,1.0,,1,0,2.0,3.0
1640,Hakan Çalhanoğlu,Inter,M,Cagliari vs Inter,90,7.2,,0.0,1.0,,76,66.0,,1.0,1.0,3.0,1.0,0,0,4.0,10.0
1640,Hakan Çalhanoğlu,Inter,M,AS Roma vs Inter,62,6.9,,0.0,2.0,1.0,32,31.0,,2.0,1.0,1.0,,0,0,2.0,4.0
1640,Hakan Çalhanoğlu,Inter,M,Napoli vs Inter,73,7.3,1.0,0.0,4.0,2.0,67,58.0,,1.0,2.0,,,0,0,2.0,4.0
1640,Hakan Çalhanoğlu,Inter,M,Inter vs Fiorentina,90,9.3,2.0,0.0,3.0,2.0,70,59.0,,4.0,,,2.0,0,0,7.0,10.0
1640,Hakan Çalhanoğlu,Inter,M,Hellas Verona vs Inter,90,8.2,,1.0,1.0,,110,99.0,,2.0,,,,0,0,3.0,4.0
1640,Hakan Çalhanoğlu,Inter,M,Inter vs Lazio,81,7.2,,0.0,,,83,75.0,,1.0,,1.0,1.0,0,0,2.0,4.0
1640,Hakan Çalhanoğlu,Inter,M,Inter vs AC Milan,78,6.9,,0.0,2.0,1.0,68,63.0,,2.0,,,,1,0,2.0,2.0
1640,Hakan Çalhanoğlu,Inter,M,Pisa vs Inter,90,7,,0.0,1.0,,93,83.0,,,2.0,1.0,,0,0,,2.0
1640,Hakan Çalhanoğlu,Inter,M,Inter vs Como,90,8.2,1.0,0.0,1.0,1.0,42,38.0,,2.0,1.0,3.0,2.0,0,0,5.0,10.0
1640,Hakan Çalhanoğlu,Inter,M,Atalanta vs Inter,90,7.2,,0.0,1.0,,59,52.0,,2.0,1.0,1.0,,0,0,3.0,5.0
1640,Hakan Çalhanoğlu,Inter,M,Inter vs Bologna,68,7.9,,1.0,1.0,1.0,52,48.0,,1.0,,2.0,1.0,1,0,3.0,8.0
1640,Hakan Çalhanoğlu,Inter,M,Parma vs Inter,69,7.3,,0.0,2.0,,89,83.0,,1.0,,1.0,,1,0,2.0,4.0
1640,Hakan Çalhanoğlu,Inter,M,Inter vs Napoli,87,7,1.0,0.0,2.0,1.0,67,59.0,,1.0,1.0,,,0,0,1.0,5.0
1640,Hakan Çalhanoğlu,Inter,M,Inter vs Juventus,36,7,,0.0,3.0,2.0,40,37.0,,2.0,1.0,3.0,1.0,1,0,4.0,8.0
345808,Francesco Pio Esposito,Inter,F,Inter vs Udinese,22,6.2,,0.0,,,4,3.0,,,,1.0,1.0,0,0,1.0,5.0
345808,Francesco Pio Esposito,Inter,F,Inter vs Sassuolo,77,5.6,,0.0,4.0,1.0,17,11.0,,,,1.0,2.0,0,0,5.0,10.0
345808,Francesco Pio Esposito,Inter,F,Cagliari vs Inter,26,7.5,1.0,0.0,2.0,1.0,6,3.0,,,1.0,,3.0,0,0,3.0,5.0
345808,Francesco Pio Esposito,Inter,F,Inter vs Cremonese,29,6.9,,0.0,1.0,1.0,12,10.0,,,,,,0,0,1.0,1.0
345808,Francesco Pio Esposito,Inter,F,AS Roma vs Inter,29,6.3,,0.0,,,14,10.0,,,,3.0,3.0,0,0,3.0,10.0
345808,Francesco Pio Esposito,Inter,F,Napoli vs Inter,28,6.9,,0.0,1.0,,5,3.0,,,1.0,1.0,3.0,0,0,6.0,8.0
345808,Francesco Pio Esposito,Inter,F,Inter vs Fiorentina,77,6.9,,0.0,2.0,1.0,22,18.0,,,,2.0,3.0,1,0,7.0,15.0
345808,Francesco Pio Esposito,Inter,F,Hellas Verona vs Inter,35,5.9,,0.0,2.0,,10,6.0,,,,1.0,1.0,0,0,1.0,2.0
345808,Francesco Pio Esposito,Inter,F,Inter vs Lazio,9,6.9,,0.0,,,3,1.0,,,,,,0,0,2.0,2.0
345808,Francesco Pio Esposito,Inter,F,Inter vs AC Milan,10,6.2,,0.0,,,2,1.0,,,,1.0,,0,0,,2.0
345808,Francesco Pio Esposito,Inter,F,Pisa vs Inter,23,6.6,,1.0,,,6,3.0,,,,1.0,1.0,0,0,1.0,2.0
345808,Francesco Pio Esposito,Inter,F,Inter vs Como,13,6.3,,0.0,,,5,4.0,,,,,,0,0,,1.0
345808,Francesco Pio Esposito,Inter,F,Genoa vs Inter,74,6.9,,0.0,2.0,2.0,11,8.0,,,,1.0,4.0,0,0,8.0,12.0
345808,Francesco Pio Esposito,Inter,F,Atalanta vs Inter,26,6.5,,1.0,1.0,,10,7.0,,,,2.0,,0,0,1.0,4.0
345808,Francesco Pio Esposito,Inter,F,Inter vs Bologna,14,6.7,,0.0,1.0,,3,3.0,,,,,1.0,0,0,2.0,5.0
345808,Francesco Pio Esposito,Inter,F,Parma vs Inter,79,6.3,,0.0,4.0,1.0,19,14.0,,1.0,,2.0,,0,0,4.0,9.0
345808,Francesco Pio Esposito,Inter,F,Inter vs Napoli,13,6.3,,0.0,,,2,1.0,,,,1.0,1.0,0,0,2.0,4.0
345808,Francesco Pio Esposito,Inter,F,Inter vs Lecce,34,7,1.0,0.0,4.0,2.0,7,5.0,,,,,3.0,0,0,6.0,10.0
345808,Francesco Pio Esposito,Inter,F,Udinese vs Inter,68,7,,1.0,,,18,18.0,,1.0,,,3.0,0,0,4.0,7.0
345808,Francesco Pio Esposito,Inter,F,Inter vs Pisa,61,7.7,1.0,0.0,4.0,2.0,12,9.0,,,1.0,,1.0,0,0,4.0,7.0
345808,Francesco Pio Esposito,Inter,F,Cremonese vs Inter,60,5.6,,0.0,1.0,1.0,11,10.0,,,,3.0,2.0,0,0,2.0,9.0
345808,Francesco Pio Esposito,Inter,F,Sassuolo vs Inter,14,6.7,,0.0,,,2,1.0,,,1.0,,,0,0,,
345808,Francesco Pio Esposito,Inter,F,Inter vs Juventus,24,7.2,1.0,0.0,2.0,2.0,2,1.0,,,,,,0,0,1.0,2.0
345808,Francesco Pio Esposito,Inter,F,Lecce vs Inter,90,6.9,,0.0,2.0,2.0,26,17.0,,3.0,,1.0,4.0,0,0,11.0,18.0
318053,Saba Goglichidze,Udinese,D,Inter vs Udinese,45,6.9,,0.0,,,5,2.0,,,,,,0,0,,3.0
318053,Saba Goglichidze,Udinese,D,Pisa vs Udinese,15,6.6,,0.0,,,2,1.0,,,,,,0,0,,
318053,Saba Goglichidze,Udinese,D,Udinese vs Cagliari,90,7.2,,0.0,1.0,,66,57.0,,2.0,3.0,1.0,1.0,0,0,4.0,6.0
318053,Saba Goglichidze,Udinese,D,Cremonese vs Udinese,90,7.3,,0.0,,,42,34.0,,3.0,,1.0,3.0,1,0,8.0,12.0
318053,Saba Goglichidze,Udinese,D,Udinese vs Lecce,90,6.5,,0.0,,,27,21.0,,4.0,2.0,1.0,,0,0,4.0,5.0
318053,Saba Goglichidze,Udinese,D,Juventus vs Udinese,90,5,,0.0,2.0,1.0,41,34.0,,2.0,3.0,2.0,,1,0,4.0,7.0
40594,Adam Buksa,Udinese,F,Inter vs Udinese,27,6.6,,0.0,,,4,1.0,,1.0,,1.0,,0,0,4.0,8.0
40594,Adam Buksa,Udinese,F,Pisa vs Udinese,29,6.7,,0.0,,,11,6.0,,,,,1.0,0,0,3.0,7.0
40594,Adam Buksa,Udinese,F,Udinese vs AC Milan,45,6.3,,0.0,,,6,4.0,,1.0,,1.0,,0,0,4.0,9.0
40594,Adam Buksa,Udinese,F,Cremonese vs Udinese,28,6.6,,0.0,,,9,4.0,,1.0,,1.0,1.0,0,0,4.0,5.0
40594,Adam Buksa,Udinese,F,Udinese vs Lecce,45,7.9,1.0,0.0,1.0,1.0,11,6.0,,,,,,1,0,6.0,13.0
40594,Adam Buksa,Udinese,F,Juventus vs Udinese,52,6.7,,0.0,,,8,7.0,,,,1.0,2.0,0,0,2.0,7.0
40594,Adam Buksa,Udinese,F,Udinese vs Atalanta,86,6.3,,0.0,,,15,9.0,,,1.0,1.0,2.0,0,0,4.0,9.0
40594,Adam Buksa,Udinese,F,AS Roma vs Udinese,72,6.9,,0.0,1.0,1.0,9,7.0,,1.0,,2.0,4.0,0,0,7.0,14.0
40594,Adam Buksa,Udinese,F,Udinese vs Bologna,27,6.6,,0.0,,,5,2.0,,,,,2.0,0,0,5.0,7.0
40594,Adam Buksa,Udinese,F,Parma vs Udinese,22,6.9,,0.0,1.0,1.0,3,3.0,,,,1.0,,0,0,1.0,2.0
40594,Adam Buksa,Udinese,F,Udinese vs Genoa,17,6.3,,0.0,1.0,,6,4.0,,,,1.0,,0,0,4.0,8.0
40594,Adam Buksa,Udinese,F,Udinese vs Napoli,13,6.5,,0.0,,,3,1.0,,,1.0,,,0,0,1.0,4.0
40594,Adam Buksa,Udinese,F,Fiorentina vs Udinese,25,6.6,,0.0,,,5,2.0,,,,,1.0,0,0,4.0,5.0
40594,Adam Buksa,Udinese,F,Udinese vs Lazio,11,6.3,,0.0,,,2,2.0,,,,,,0,0,1.0,2.0
40594,Adam Buksa,Udinese,F,Udinese vs Sassuolo,25,6.7,,0.0,,,1,1.0,,,,,,0,0,1.0,1.0
40594,Adam Buksa,Udinese,F,Bologna vs Udinese,71,6.2,,0.0,,,14,10.0,,1.0,,2.0,,1,0,4.0,14.0
541,Jürgen Ekkelenkamp,Udinese,M,Inter vs Udinese,20,6.5,,0.0,1.0,,3,,,,1.0,,,0,0,,1.0
541,Jürgen Ekkelenkamp,Udinese,M,Udinese vs AC Milan,59,6.7,,0.0,,,10,8.0,,2.0,,,1.0,0,0,4.0,4.0
541,Jürgen Ekkelenkamp,Udinese,M,Sassuolo vs Udinese,23,6.2,,0.0,1.0,1.0,7,6.0,,,,,,0,0,,1.0
541,Jürgen Ekkelenkamp,Udinese,M,Cremonese vs Udinese,62,6.3,,0.0,,,20,16.0,,1.0,,1.0,1.0,0,0,3.0,5.0
541,Jürgen Ekkelenkamp,Udinese,M,Udinese vs Lecce,76,6.6,,0.0,,,20,16.0,,5.0,,1.0,,0,0,7.0,13.0
541,Jürgen Ekkelenkamp,Udinese,M,Udinese vs Atalanta,69,6.7,,0.0,,,17,15.0,,2.0,1.0,,,0,0,3.0,7.0
541,Jürgen Ekkelenkamp,Udinese,M,AS Roma vs Udinese,90,6.6,,0.0,,,22,17.0,,2.0,,1.0,,0,0,3.0,5.0
541,Jürgen Ekkelenkamp,Udinese,M,Udinese vs Bologna,71,6,,0.0,3.0,2.0,14,7.0,,1.0,1.0,3.0,1.0,0,0,3.0,7.0
541,Jürgen Ekkelenkamp,Udinese,M,Parma vs Udinese,22,6.3,,0.0,,,9,7.0,,1.0,,2.0,,0,0,1.0,5.0
541,Jürgen Ekkelenkamp,Udinese,M,Udinese vs Genoa,86,6.7,,0.0,1.0,1.0,37,30.0,,1.0,1.0,,2.0,0,0,4.0,5.0
541,Jürgen Ekkelenkamp,Udinese,M,Udinese vs Napoli,83,8.3,1.0,0.0,3.0,2.0,26,20.0,,2.0,1.0,,,0,0,2.0,3.0
541,Jürgen Ekkelenkamp,Udinese,M,Fiorentina vs Udinese,65,6.5,,0.0,,,19,11.0,,1.0,,1.0,,0,0,3.0,6.0
541,Jürgen Ekkelenkamp,Udinese,M,Udinese vs Lazio,90,6.7,,0.0,1.0,,33,27.0,,2.0,,1.0,2.0,0,0,5.0,10.0
541,Jürgen Ekkelenkamp,Udinese,M,Como vs Udinese,84,6.5,,0.0,1.0,,18,13.0,,1.0,1.0,1.0,1.0,0,0,3.0,7.0
541,Jürgen Ekkelenkamp,Udinese,M,Torino vs Udinese,85,8.5,1.0,0.0,2.0,1.0,39,29.0,,1.0,3.0,,,0,0,3.0,8.0
541,Jürgen Ekkelenkamp,Udinese,M,Udinese vs Pisa,56,7.2,,0.0,1.0,,22,19.0,,,,1.0,2.0,0,0,3.0,7.0
541,Jürgen Ekkelenkamp,Udinese,M,Udinese vs Inter,84,6.5,,0.0,,,18,14.0,,,,,,0,0,,1.0
541,Jürgen Ekkelenkamp,Udinese,M,Hellas Verona vs Udinese,84,6.9,,0.0,1.0,1.0,22,18.0,,3.0,,,,0,0,5.0,5.0
541,Jürgen Ekkelenkamp,Udinese,M,Udinese vs AS Roma,89,8.2,1.0,0.0,3.0,3.0,23,21.0,,3.0,1.0,,2.0,0,0,5.0,7.0
541,Jürgen Ekkelenkamp,Udinese,M,Lecce vs Udinese,86,6.6,,0.0,,,31,22.0,,1.0,,1.0,,0,0,3.0,6.0
541,Jürgen Ekkelenkamp,Udinese,M,Udinese vs Sassuolo,79,6.7,,1.0,,,20,17.0,,2.0,,1.0,,1,0,3.0,7.0
541,Jürgen Ekkelenkamp,Udinese,M,Bologna vs Udinese,19,6.5,,0.0,,,4,3.0,,,,,,0,0,,1.0
142442,Rui Modesto,Udinese,M,Inter vs Udinese,10,6.7,,0.0,,,0,,,,,,,0,0,,2.0
142442,Rui Modesto,Udinese,M,Udinese vs AC Milan,31,6.7,,0.0,,,7,7.0,,,1.0,,,0,0,,1.0
142442,Rui Modesto,Udinese,M,Udinese vs Genoa,75,7.2,,1.0,1.0,1.0,37,25.0,,6.0,,,,0,0,7.0,13.0
30509,Andrea Belotti,Cagliari,F,Cagliari vs Parma,74,5.9,,0.0,2.0,2.0,10,8.0,,,1.0,1.0,2.0,0,0,3.0,13.0
30509,Andrea Belotti,Cagliari,F,Lecce vs Cagliari,73,9.2,2.0,0.0,4.0,2.0,18,14.0,,,,,2.0,0,0,5.0,8.0
30509,Andrea Belotti,Cagliari,F,Cagliari vs Inter,44,6.3,,0.0,,,0,,,,2.0,2.0,3.0,0,0,4.0,9.0
31734,Mattia Felici,Cagliari,F,Cagliari vs Parma,16,7.3,1.0,0.0,1.0,1.0,5,2.0,,1.0,,,1.0,0,0,3.0,4.0
31734,Mattia Felici,Cagliari,F,Lecce vs Cagliari,30,6.7,,0.0,1.0,1.0,10,7.0,,3.0,,1.0,,0,0,3.0,8.0
31734,Mattia Felici,Cagliari,F,Cagliari vs Inter,32,6.7,,0.0,,,6,2.0,,,,,1.0,0,0,1.0,2.0
31734,Mattia Felici,Cagliari,F,Udinese vs Cagliari,45,6.2,,0.0,,,6,4.0,,1.0,,1.0,,1,0,1.0,5.0
31734,Mattia Felici,Cagliari,F,Cagliari vs Bologna,55,6.6,,0.0,1.0,1.0,8,5.0,,1.0,,1.0,3.0,0,0,5.0,10.0
31734,Mattia Felici,Cagliari,F,Hellas Verona vs Cagliari,12,7.7,1.0,0.0,1.0,1.0,7,5.0,,,,1.0,,0,0,1.0,4.0
31734,Mattia Felici,Cagliari,F,Cagliari vs Sassuolo,28,7,,1.0,,,7,5.0,,1.0,,1.0,,0,0,1.0,5.0
31734,Mattia Felici,Cagliari,F,Lazio vs Cagliari,33,6.3,,0.0,,,14,9.0,,,2.0,2.0,,1,0,,3.0
31734,Mattia Felici,Cagliari,F,Como vs Cagliari,79,6.6,,0.0,2.0,1.0,10,10.0,,1.0,3.0,1.0,,0,0,4.0,8.0
31734,Mattia Felici,Cagliari,F,Cagliari vs Genoa,57,6.3,,0.0,,,19,13.0,,2.0,,1.0,1.0,0,0,4.0,7.0
31734,Mattia Felici,Cagliari,F,Juventus vs Cagliari,21,6.3,,0.0,1.0,1.0,13,9.0,,1.0,,1.0,,1,0,2.0,5.0
41964,Zé Pedro,Cagliari,D,Cagliari vs Parma,10,6.6,,0.0,,,2,2.0,,,,,,0,0,,1.0
41964,Zé Pedro,Cagliari,D,Cagliari vs Inter,58,6.3,,0.0,,,23,19.0,,,1.0,2.0,1.0,0,0,1.0,5.0
41964,Zé Pedro,Cagliari,D,Udinese vs Cagliari,90,6.2,,0.0,,,39,28.0,,2.0,1.0,,1.0,0,0,4.0,10.0
41964,Zé Pedro,Cagliari,D,Cagliari vs Bologna,22,6.2,,0.0,,,11,9.0,,,,,,0,0,,
41964,Zé Pedro,Cagliari,D,Hellas Verona vs Cagliari,90,6.9,,0.0,,,103,96.0,,2.0,1.0,1.0,2.0,0,0,5.0,10.0
41964,Zé Pedro,Cagliari,D,Cagliari vs Sassuolo,90,6.9,,0.0,,,43,40.0,,,,2.0,2.0,0,0,6.0,9.0
41964,Zé Pedro,Cagliari,D,Cagliari vs Juventus,90,6.9,,0.0,,,12,6.0,,2.0,1.0,4.0,,0,0,3.0,8.0
41964,Zé Pedro,Cagliari,D,Fiorentina vs Cagliari,90,6.2,,0.0,,,28,22.0,,,1.0,3.0,,1,0,1.0,7.0
41964,Zé Pedro,Cagliari,D,Cagliari vs Hellas Verona,90,7.6,,0.0,,,97,90.0,,2.0,1.0,,1.0,0,0,3.0,3.0
41964,Zé Pedro,Cagliari,D,AS Roma vs Cagliari,87,5.9,,0.0,,,36,33.0,,2.0,3.0,2.0,,0,0,2.0,9.0
41964,Zé Pedro,Cagliari,D,Cagliari vs Lecce,90,6.3,,0.0,,,59,53.0,,1.0,2.0,,,0,0,4.0,7.0
41964,Zé Pedro,Cagliari,D,Cagliari vs Lazio,90,7.2,,0.0,2.0,,59,53.0,,1.0,,4.0,1.0,1,0,3.0,9.0
41964,Zé Pedro,Cagliari,D,Parma vs Cagliari,97,7.3,,,,,43,36.0,,5.0,1.0,2.0,1.0,0,0,11.0,13.0
203483,Abdoulaye Ndiaye,Parma,D,Cagliari vs Parma,90,6.7,,0.0,2.0,,50,41.0,,2.0,2.0,,1.0,0,0,9.0,12.0
203483,Abdoulaye Ndiaye,Parma,D,Cremonese vs Parma,90,6.9,,0.0,,,50,41.0,,2.0,1.0,1.0,2.0,0,0,5.0,9.0
203483,Abdoulaye Ndiaye,Parma,D,Parma vs Torino,90,6.3,,0.0,,,35,30.0,,3.0,1.0,2.0,,1,0,5.0,15.0
203483,Abdoulaye Ndiaye,Parma,D,Parma vs Lecce,90,7.2,,0.0,,,71,61.0,,3.0,1.0,3.0,2.0,1,0,8.0,14.0
203483,Abdoulaye Ndiaye,Parma,D,Genoa vs Parma,42,5.9,,0.0,,,31,24.0,,2.0,3.0,2.0,,2,1,3.0,5.0
203483,Abdoulaye Ndiaye,Parma,D,Parma vs Bologna,49,6.3,,0.0,,,15,8.0,,,2.0,,2.0,0,0,7.0,9.0
203483,Abdoulaye Ndiaye,Parma,D,Parma vs AC Milan,45,5.7,,0.0,2.0,,38,33.0,,1.0,,2.0,,0,0,3.0,5.0
415,Weston McKennie,Juventus,M,Juventus vs Inter,79,6.7,,0.0,,,22,19.0,,3.0,,2.0,,0,0,4.0,10.0
415,Weston McKennie,Juventus,M,Juventus vs Atalanta,32,6.9,,0.0,1.0,1.0,15,11.0,,2.0,,1.0,1.0,0,0,4.0,6.0
415,Weston McKennie,Juventus,M,Juventus vs AC Milan,90,6.3,,0.0,2.0,,26,22.0,,,,2.0,,0,0,,1.0
415,Weston McKennie,Juventus,M,Como vs Juventus,13,6.6,,0.0,,,13,12.0,,,1.0,,1.0,0,0,3.0,3.0
415,Weston McKennie,Juventus,M,Lazio vs Juventus,78,6.7,,0.0,1.0,,44,37.0,,1.0,2.0,2.0,,1,0,2.0,5.0
415,Weston McKennie,Juventus,M,Juventus vs Udinese,90,6.3,,0.0,1.0,,33,29.0,,1.0,1.0,2.0,,0,0,1.0,6.0
415,Weston McKennie,Juventus,M,Cremonese vs Juventus,85,7,,0.0,1.0,,39,31.0,,2.0,,2.0,,0,0,4.0,9.0
415,Weston McKennie,Juventus,M,Juventus vs Torino,90,6.5,,0.0,2.0,1.0,44,39.0,,1.0,,,,0,0,4.0,11.0
415,Weston McKennie,Juventus,M,Fiorentina vs Juventus,90,6.9,,0.0,2.0,1.0,43,38.0,,1.0,1.0,2.0,,1,0,3.0,6.0
415,Weston McKennie,Juventus,M,Juventus vs Cagliari,90,6.9,,0.0,1.0,,38,34.0,,,1.0,,,0,0,1.0,2.0
415,Weston McKennie,Juventus,M,Napoli vs Juventus,90,5.9,,1.0,,,28,21.0,,,2.0,1.0,,0,0,2.0,10.0
415,Weston McKennie,Juventus,M,Bologna vs Juventus,90,6.7,,0.0,2.0,,32,25.0,,,2.0,1.0,,0,0,3.0,9.0
415,Weston McKennie,Juventus,M,Juventus vs AS Roma,90,7.9,,1.0,1.0,1.0,22,19.0,,2.0,1.0,3.0,,1,0,6.0,11.0
415,Weston McKennie,Juventus,M,Pisa vs Juventus,90,6.9,,0.0,1.0,1.0,35,26.0,,5.0,,2.0,1.0,0,0,8.0,14.0
415,Weston McKennie,Juventus,M,Juventus vs Lecce,83,7.3,1.0,0.0,1.0,1.0,36,30.0,,,,1.0,,0,0,1.0,4.0
415,Weston McKennie,Juventus,M,Sassuolo vs Juventus,75,6.9,,0.0,,,30,26.0,,2.0,1.0,,,0,0,3.0,4.0
415,Weston McKennie,Juventus,M,Juventus vs Cremonese,90,8.2,1.0,0.0,4.0,3.0,44,40.0,,,2.0,2.0,1.0,0,0,4.0,6.0
415,Weston McKennie,Juventus,M,Cagliari vs Juventus,80,6.2,,0.0,,,37,32.0,,1.0,1.0,1.0,,0,0,1.0,2.0
415,Weston McKennie,Juventus,M,Juventus vs Napoli,90,6.7,,0.0,1.0,,31,21.0,,2.0,,2.0,,0,0,4.0,8.0
415,Weston McKennie,Juventus,M,Parma vs Juventus,74,7.9,1.0,0.0,2.0,2.0,42,35.0,,3.0,,1.0,1.0,1,0,5.0,10.0
415,Weston McKennie,Juventus,M,Juventus vs Lazio,84,7.5,1.0,0.0,4.0,1.0,33,28.0,,,1.0,4.0,1.0,0,0,4.0,11.0
415,Weston McKennie,Juventus,M,Inter vs Juventus,90,7.2,,2.0,2.0,2.0,24,16.0,,,1.0,,,0,0,2.0,4.0
415,Weston McKennie,Juventus,M,Juventus vs Como,90,6.2,,0.0,,,22,16.0,,1.0,,1.0,2.0,0,0,4.0,7.0
339872,Vasilije Adžić,Juventus,M,Juventus vs Inter,17,7.7,1.0,0.0,1.0,1.0,7,7.0,,,,1.0,,0,0,1.0,4.0
339872,Vasilije Adžić,Juventus,M,Hellas Verona vs Juventus,33,6.9,,0.0,1.0,1.0,16,14.0,,,2.0,,1.0,0,0,2.0,6.0
339872,Vasilije Adžić,Juventus,M,Juventus vs Atalanta,58,5.6,,0.0,3.0,2.0,31,21.0,,1.0,,,,0,0,1.0,3.0
339872,Vasilije Adžić,Juventus,M,Cremonese vs Juventus,11,6.2,,0.0,,,4,4.0,,2.0,,1.0,,0,0,2.0,7.0
339872,Vasilije Adžić,Juventus,M,Juventus vs Torino,10,6.7,,0.0,,,6,6.0,,,,,,0,0,,
339872,Vasilije Adžić,Juventus,M,Juventus vs Lecce,14,6.7,,0.0,,,11,11.0,,1.0,,1.0,,0,0,1.0,3.0
339872,Vasilije Adžić,Juventus,M,Sassuolo vs Juventus,9,6.7,,0.0,,,2,2.0,,,,,,0,0,,1.0
339872,Vasilije Adžić,Juventus,M,Juventus vs Cremonese,19,6.7,,0.0,,,14,12.0,,,,,,0,0,,1.0
339872,Vasilije Adžić,Juventus,M,Cagliari vs Juventus,9,6.3,,0.0,,,3,3.0,,,,,,0,0,,1.0
339872,Vasilije Adžić,Juventus,M,Juventus vs Como,13,6.7,,0.0,,,6,6.0,,,,,1.0,0,0,1.0,2.0
86,Loïs Openda,Juventus,F,Juventus vs Inter,17,6.7,,0.0,,,4,3.0,,,,,2.0,0,0,3.0,5.0
86,Loïs Openda,Juventus,F,Hellas Verona vs Juventus,33,6.9,,0.0,1.0,1.0,11,8.0,,2.0,,,1.0,0,0,4.0,5.0
86,Loïs Openda,Juventus,F,Juventus vs Atalanta,64,6.7,,0.0,,,18,14.0,,,,1.0,1.0,0,0,4.0,7.0
86,Loïs Openda,Juventus,F,Juventus vs AC Milan,21,6.3,,0.0,1.0,,2,1.0,,,,1.0,2.0,0,0,2.0,3.0
86,Loïs Openda,Juventus,F,Lazio vs Juventus,12,6.6,,0.0,,,0,,,,,,2.0,0,0,2.0,3.0
86,Loïs Openda,Juventus,F,Juventus vs Udinese,77,5.9,,0.0,2.0,1.0,19,13.0,,,,,1.0,0,0,1.0,5.0
86,Loïs Openda,Juventus,F,Cremonese vs Juventus,64,6.7,,0.0,3.0,,26,20.0,,,1.0,,2.0,0,0,4.0,7.0
86,Loïs Openda,Juventus,F,Juventus vs Torino,12,6.5,,0.0,1.0,,3,1.0,,,,,,0,0,,
86,Loïs Openda,Juventus,F,Fiorentina vs Juventus,2,,,0.0,,,2,1.0,,,,,,0,0,,1.0
86,Loïs Openda,Juventus,F,Juventus vs Cagliari,10,6.3,,0.0,,,4,3.0,,,,,1.0,0,0,1.0,2.0
86,Loïs Openda,Juventus,F,Napoli vs Juventus,14,6.5,,0.0,,,2,2.0,,,,1.0,,0,0,,2.0
86,Loïs Openda,Juventus,F,Bologna vs Juventus,29,7.2,,0.0,2.0,1.0,6,5.0,,2.0,,,2.0,0,0,4.0,5.0
86,Loïs Openda,Juventus,F,Juventus vs AS Roma,82,7.5,1.0,0.0,1.0,1.0,17,13.0,,2.0,,,3.0,0,0,5.0,12.0
86,Loïs Openda,Juventus,F,Pisa vs Juventus,60,6,,0.0,1.0,1.0,8,5.0,,,,1.0,2.0,0,0,3.0,6.0
86,Loïs Openda,Juventus,F,Juventus vs Lecce,13,6.2,,0.0,1.0,,6,5.0,,,,,,0,0,,1.0
86,Loïs Openda,Juventus,F,Sassuolo vs Juventus,15,6.3,,0.0,,,2,,,,,2.0,,0,0,,3.0
86,Loïs Openda,Juventus,F,Juventus vs Cremonese,10,6.5,,0.0,,,2,2.0,,,,,,0,0,,
86,Loïs Openda,Juventus,F,Cagliari vs Juventus,24,6.2,,0.0,1.0,,3,2.0,,,,,,0,0,,2.0
86,Loïs Openda,Juventus,F,Parma vs Juventus,10,6.3,,0.0,1.0,,2,1.0,,,,,,0,0,1.0,2.0
86,Loïs Openda,Juventus,F,Juventus vs Lazio,15,6.5,,0.0,2.0,,0,,,,,,,0,0,,
86,Loïs Openda,Juventus,F,Inter vs Juventus,13,6.7,,0.0,,,3,3.0,,,,,1.0,0,0,1.0,1.0
86,Loïs Openda,Juventus,F,Juventus vs Como,74,6.3,,0.0,2.0,1.0,9,6.0,,,,1.0,1.0,0,0,3.0,6.0
125674,Juan Cabal,Juventus,D,Juventus vs Inter,16,6.2,,0.0,1.0,,4,3.0,,1.0,1.0,,,0,0,1.0,2.0
125674,Juan Cabal,Juventus,D,Juventus vs Atalanta,14,7.9,1.0,0.0,1.0,1.0,10,10.0,,,,,,0,0,,
125674,Juan Cabal,Juventus,D,Fiorentina vs Juventus,24,6.3,,0.0,,,8,5.0,,,,2.0,,1,0,,3.0
125674,Juan Cabal,Juventus,D,Juventus vs Cagliari,10,6.6,,0.0,,,2,1.0,,1.0,,,,0,0,1.0,2.0
125674,Juan Cabal,Juventus,D,Napoli vs Juventus,45,6.5,,0.0,,,23,17.0,,1.0,,,,0,0,3.0,6.0
125674,Juan Cabal,Juventus,D,Bologna vs Juventus,29,7.6,1.0,0.0,1.0,1.0,8,7.0,,,,,,0,0,1.0,4.0
125674,Juan Cabal,Juventus,D,Sassuolo vs Juventus,9,6.7,,0.0,,,2,2.0,,1.0,,,,0,0,1.0,2.0
125674,Juan Cabal,Juventus,D,Juventus vs Cremonese,28,7,,0.0,1.0,,20,17.0,,1.0,,,,0,0,1.0,1.0
125674,Juan Cabal,Juventus,D,Juventus vs Napoli,30,6.9,,0.0,,,10,9.0,,1.0,1.0,,,0,0,2.0,2.0
125674,Juan Cabal,Juventus,D,Parma vs Juventus,16,6.7,,0.0,,,8,6.0,,1.0,,1.0,,0,0,1.0,3.0
125674,Juan Cabal,Juventus,D,Juventus vs Lazio,45,6.3,,0.0,,,30,27.0,,2.0,2.0,1.0,,0,0,3.0,7.0
125674,Juan Cabal,Juventus,D,Inter vs Juventus,29,5.9,,0.0,,,9,4.0,,,,,1.0,0,0,1.0,3.0
5,Manuel Akanji,Inter,D,Juventus vs Inter,90,6.2,,0.0,,,88,79.0,,,1.0,,2.0,0,0,5.0,6.0
5,Manuel Akanji,Inter,D,Inter vs Sassuolo,90,6.9,,0.0,,,59,57.0,,2.0,,2.0,,0,0,3.0,9.0
5,Manuel Akanji,Inter,D,Cagliari vs Inter,90,7.2,,0.0,1.0,,68,60.0,,3.0,1.0,,,0,0,4.0,5.0
5,Manuel Akanji,Inter,D,Inter vs Cremonese,90,6.9,,0.0,1.0,,73,64.0,,1.0,2.0,,,0,0,2.0,3.0
5,Manuel Akanji,Inter,D,AS Roma vs Inter,90,6.9,,0.0,1.0,,44,36.0,,3.0,,2.0,,0,0,4.0,9.0
5,Manuel Akanji,Inter,D,Napoli vs Inter,90,6.5,,0.0,,,74,67.0,,3.0,2.0,,,0,0,4.0,5.0
5,Manuel Akanji,Inter,D,Inter vs Fiorentina,90,8,,0.0,,,96,89.0,,3.0,,,,0,0,4.0,6.0
5,Manuel Akanji,Inter,D,Hellas Verona vs Inter,90,7.2,,0.0,,,98,90.0,,,1.0,,2.0,0,0,2.0,3.0
5,Manuel Akanji,Inter,D,Inter vs Lazio,90,7.5,,0.0,1.0,,76,71.0,,,,2.0,,1,0,2.0,5.0
5,Manuel Akanji,Inter,D,Inter vs AC Milan,90,7.3,,0.0,1.0,,65,62.0,,3.0,1.0,,,0,0,7.0,7.0
5,Manuel Akanji,Inter,D,Pisa vs Inter,90,7.2,,0.0,,,57,53.0,,1.0,,3.0,1.0,0,0,5.0,12.0
5,Manuel Akanji,Inter,D,Inter vs Como,90,6.9,,0.0,,,31,29.0,,,,1.0,,1,0,1.0,5.0
5,Manuel Akanji,Inter,D,Genoa vs Inter,90,7,,0.0,,,61,57.0,,1.0,1.0,1.0,1.0,1,0,5.0,7.0
5,Manuel Akanji,Inter,D,Atalanta vs Inter,90,7.2,,0.0,1.0,,50,49.0,,1.0,2.0,1.0,1.0,0,0,4.0,8.0
5,Manuel Akanji,Inter,D,Inter vs Bologna,90,6.2,,0.0,1.0,,51,43.0,,2.0,2.0,,1.0,0,0,4.0,6.0
5,Manuel Akanji,Inter,D,Parma vs Inter,90,7.9,,0.0,,,96,92.0,,2.0,3.0,2.0,1.0,0,0,5.0,8.0
5,Manuel Akanji,Inter,D,Inter vs Napoli,90,6.5,,0.0,,,41,40.0,,3.0,3.0,,,0,0,4.0,7.0
5,Manuel Akanji,Inter,D,Inter vs Lecce,90,7.5,,0.0,,,54,49.0,,,,2.0,1.0,0,0,2.0,4.0
5,Manuel Akanji,Inter,D,Udinese vs Inter,90,7.3,,0.0,2.0,,76,70.0,,1.0,4.0,1.0,,0,0,3.0,7.0
5,Manuel Akanji,Inter,D,Inter vs Pisa,10,6.9,,0.0,,,3,2.0,,1.0,,,,0,0,1.0,1.0
5,Manuel Akanji,Inter,D,Cremonese vs Inter,90,7.5,,0.0,,,77,75.0,,3.0,2.0,3.0,,0,0,4.0,8.0
5,Manuel Akanji,Inter,D,Sassuolo vs Inter,90,8.7,1.0,0.0,2.0,2.0,64,60.0,,1.0,1.0,,2.0,0,0,7.0,10.0
5,Manuel Akanji,Inter,D,Inter vs Juventus,90,6.2,,0.0,,,86,79.0,,,,,,0,0,1.0,8.0
5,Manuel Akanji,Inter,D,Lecce vs Inter,30,7.9,1.0,0.0,2.0,2.0,20,18.0,,,,,,0,0,1.0,3.0
887,Matteo Darmian,Inter,D,Juventus vs Inter,13,5.9,,0.0,,,1,1.0,,,,,,0,0,,1.0
887,Matteo Darmian,Inter,D,Cremonese vs Inter,30,6.6,,0.0,,,10,9.0,,,,1.0,1.0,0,0,1.0,2.0
887,Matteo Darmian,Inter,D,Sassuolo vs Inter,27,6.6,,0.0,,,22,22.0,,,1.0,,,0,0,,
881,Hans Nicolussi Caviglia,Fiorentina,M,Fiorentina vs Napoli,25,7.2,,0.0,,,23,22.0,,1.0,,1.0,,0,0,1.0,4.0
881,Hans Nicolussi Caviglia,Fiorentina,M,Fiorentina vs Como,90,7,,0.0,1.0,,35,28.0,,4.0,1.0,2.0,4.0,0,0,9.0,15.0
881,Hans Nicolussi Caviglia,Fiorentina,M,Pisa vs Fiorentina,80,6.9,,0.0,1.0,1.0,31,25.0,,2.0,,3.0,2.0,0,0,5.0,12.0
881,Hans Nicolussi Caviglia,Fiorentina,M,Fiorentina vs AS Roma,90,7,,1.0,,,52,40.0,,,,2.0,2.0,0,0,3.0,6.0
881,Hans Nicolussi Caviglia,Fiorentina,M,AC Milan vs Fiorentina,87,6,,0.0,1.0,,44,39.0,,,1.0,4.0,,1,0,,6.0
881,Hans Nicolussi Caviglia,Fiorentina,M,Fiorentina vs Bologna,64,6.9,,0.0,,,21,15.0,,2.0,,1.0,2.0,0,0,5.0,9.0
881,Hans Nicolussi Caviglia,Fiorentina,M,Fiorentina vs Lecce,45,6.6,,0.0,,,39,31.0,,1.0,,1.0,3.0,1,0,5.0,8.0
881,Hans Nicolussi Caviglia,Fiorentina,M,Genoa vs Fiorentina,90,6.9,,0.0,,,51,41.0,,2.0,,,1.0,0,0,4.0,6.0
881,Hans Nicolussi Caviglia,Fiorentina,M,Fiorentina vs Udinese,8,6.9,,0.0,,,11,11.0,,,,1.0,,1,0,,2.0
881,Hans Nicolussi Caviglia,Fiorentina,M,Fiorentina vs Cremonese,11,6.6,,0.0,,,6,5.0,,,,,1.0,0,0,1.0,2.0
881,Hans Nicolussi Caviglia,Fiorentina,M,Parma vs Juventus,65,6.7,,0.0,,,29,26.0,,,,1.0,,0,0,2.0,4.0
881,Hans Nicolussi Caviglia,Fiorentina,M,Bologna vs Parma,12,6.6,,1.0,,,3,3.0,,,,,,0,0,,
881,Hans Nicolussi Caviglia,Fiorentina,M,Parma vs Hellas Verona,28,7.2,,1.0,1.0,,21,16.0,,,,1.0,1.0,0,0,2.0,4.0
881,Hans Nicolussi Caviglia,Fiorentina,M,AC Milan vs Parma,31,6.6,,0.0,1.0,,8,6.0,,,,1.0,,0,0,2.0,3.0
881,Hans Nicolussi Caviglia,Fiorentina,M,Parma vs Cagliari,52,6.6,,,,,36,32.0,,,,,1.0,0,0,1.0,2.0
138815,Tariq Lamptey,Fiorentina,D,Fiorentina vs Napoli,10,6.9,,0.0,,,7,5.0,,1.0,,,,0,0,1.0,2.0
138815,Tariq Lamptey,Fiorentina,D,Fiorentina vs Como,22,6.7,,0.0,,,3,2.0,,1.0,,,,0,0,1.0,1.0
31156,Vanja Milinković-Savić,Napoli,G,Fiorentina vs Napoli,90,6.6,,0.0,,,31,16.0,,,,,1.0,0,0,2.0,2.0
31156,Vanja Milinković-Savić,Napoli,G,Napoli vs Genoa,90,6.3,,0.0,,,40,29.0,,,,,,0,0,,
31156,Vanja Milinković-Savić,Napoli,G,Torino vs Napoli,90,7.7,,0.0,,,29,28.0,,,,,,0,0,,1.0
31156,Vanja Milinković-Savić,Napoli,G,Napoli vs Inter,90,7.3,,0.0,,,45,26.0,,,,,,0,0,,
31156,Vanja Milinković-Savić,Napoli,G,Lecce vs Napoli,90,7.3,,0.0,,,39,31.0,,,,,,0,0,,
31156,Vanja Milinković-Savić,Napoli,G,Napoli vs Como,90,6.3,,0.0,,,32,17.0,,,,1.0,,0,0,,1.0
31156,Vanja Milinković-Savić,Napoli,G,Bologna vs Napoli,90,6.3,,0.0,,,46,35.0,,,,,,0,0,,
31156,Vanja Milinković-Savić,Napoli,G,Napoli vs Atalanta,90,6.3,,0.0,,,48,31.0,,,,,,0,0,,
31156,Vanja Milinković-Savić,Napoli,G,AS Roma vs Napoli,90,7.2,,0.0,,,49,28.0,,,,,,0,0,,
31156,Vanja Milinković-Savić,Napoli,G,Napoli vs Juventus,90,6.3,,0.0,,,51,36.0,,,,,,0,0,,
31156,Vanja Milinković-Savić,Napoli,G,Udinese vs Napoli,90,6.7,,0.0,,,46,29.0,,,,,1.0,0,0,1.0,1.0
31156,Vanja Milinković-Savić,Napoli,G,Cremonese vs Napoli,90,7.7,,0.0,,,40,32.0,,,,,,0,0,,
31156,Vanja Milinković-Savić,Napoli,G,Lazio vs Napoli,90,6.6,,0.0,,,39,36.0,,,,,,0,0,,
31156,Vanja Milinković-Savić,Napoli,G,Napoli vs Hellas Verona,90,6.3,,0.0,,,21,20.0,,,,,,0,0,1.0,1.0
31156,Vanja Milinković-Savić,Napoli,G,Inter vs Napoli,90,6.7,,0.0,,,45,33.0,,,,,,0,0,,
31156,Vanja Milinković-Savić,Napoli,G,Napoli vs Parma,90,6.9,,0.0,,,23,19.0,,,,,1.0,0,0,1.0,1.0
31156,Vanja Milinković-Savić,Napoli,G,Napoli vs Sassuolo,90,7.2,,0.0,,,33,19.0,,,,,,0,0,,
31156,Vanja Milinković-Savić,Napoli,G,Napoli vs AS Roma,90,6.5,,0.0,,,57,43.0,,,,,,0,0,,
31156,Vanja Milinković-Savić,Napoli,G,Atalanta vs Napoli,90,7.5,,0.0,,,37,22.0,,,,,,0,0,,
37604,Sam Beukema,Napoli,D,Fiorentina vs Napoli,90,7.3,1.0,0.0,1.0,1.0,37,34.0,,1.0,,1.0,,0,0,3.0,8.0
37604,Sam Beukema,Napoli,D,Napoli vs Pisa,90,6.3,,0.0,1.0,1.0,89,86.0,,1.0,2.0,1.0,2.0,0,0,3.0,6.0
37604,Sam Beukema,Napoli,D,Napoli vs Genoa,90,7.2,,0.0,,,81,75.0,,,,1.0,,0,0,5.0,6.0
37604,Sam Beukema,Napoli,D,Torino vs Napoli,90,6.9,,0.0,2.0,,87,85.0,,2.0,2.0,1.0,,0,0,3.0,7.0
37604,Sam Beukema,Napoli,D,Napoli vs Atalanta,90,6.9,,0.0,,,64,59.0,,1.0,2.0,,,0,0,2.0,2.0
37604,Sam Beukema,Napoli,D,AS Roma vs Napoli,90,6.3,,0.0,,,50,43.0,,3.0,1.0,1.0,,1,0,4.0,6.0
37604,Sam Beukema,Napoli,D,Napoli vs Juventus,90,6.6,,0.0,,,71,64.0,,1.0,1.0,1.0,2.0,1,0,4.0,6.0
37604,Sam Beukema,Napoli,D,Udinese vs Napoli,61,7,,0.0,,,45,37.0,,,,,,0,0,,4.0
37604,Sam Beukema,Napoli,D,Inter vs Napoli,78,5.6,,0.0,,,68,56.0,,,,1.0,,0,0,2.0,9.0
37604,Sam Beukema,Napoli,D,Napoli vs Sassuolo,57,6.9,,0.0,,,46,35.0,,,,,,0,0,2.0,4.0
37604,Sam Beukema,Napoli,D,Juventus vs Napoli,16,6,,0.0,,,23,22.0,,,,,,0,0,,
37604,Sam Beukema,Napoli,D,Genoa vs Napoli,30,6.6,,0.0,,,15,11.0,,,1.0,1.0,,0,0,2.0,4.0
37604,Sam Beukema,Napoli,D,Napoli vs AS Roma,90,6.3,,0.0,,,68,63.0,,2.0,,1.0,,0,0,2.0,6.0
37604,Sam Beukema,Napoli,D,Atalanta vs Napoli,90,7.7,1.0,0.0,2.0,1.0,46,38.0,,4.0,,2.0,,0,0,5.0,10.0
288006,Rasmus Højlund,Napoli,F,Fiorentina vs Napoli,73,8.2,1.0,0.0,2.0,2.0,17,14.0,,,,1.0,4.0,0,0,7.0,9.0
288006,Rasmus Højlund,Napoli,F,Napoli vs Pisa,78,6.9,,0.0,,,12,8.0,,,,2.0,1.0,0,0,4.0,7.0
288006,Rasmus Højlund,Napoli,F,AC Milan vs Napoli,73,6.2,,0.0,,,11,7.0,,,,,,0,0,,2.0
288006,Rasmus Højlund,Napoli,F,Napoli vs Genoa,82,6.6,1.0,0.0,1.0,1.0,13,11.0,,,,2.0,4.0,0,0,4.0,10.0
288006,Rasmus Højlund,Napoli,F,Lecce vs Napoli,29,5.9,,0.0,,,5,4.0,,,,1.0,,0,0,,8.0
288006,Rasmus Højlund,Napoli,F,Napoli vs Como,87,6,,0.0,1.0,1.0,14,12.0,,1.0,,,2.0,0,0,4.0,13.0
288006,Rasmus Højlund,Napoli,F,Bologna vs Napoli,90,5.9,,0.0,,,25,22.0,,,,5.0,3.0,1,0,5.0,18.0
288006,Rasmus Højlund,Napoli,F,Napoli vs Atalanta,74,6.2,,1.0,,,16,11.0,,,,2.0,2.0,0,0,4.0,13.0
288006,Rasmus Højlund,Napoli,F,AS Roma vs Napoli,80,6.3,,1.0,1.0,1.0,24,17.0,,,,,3.0,0,0,5.0,12.0
288006,Rasmus Højlund,Napoli,F,Napoli vs Juventus,90,8.2,2.0,0.0,3.0,3.0,12,6.0,,1.0,,2.0,2.0,0,0,3.0,12.0
288006,Rasmus Højlund,Napoli,F,Udinese vs Napoli,90,5.3,,0.0,2.0,,17,12.0,,,,2.0,,0,0,4.0,16.0
288006,Rasmus Højlund,Napoli,F,Cremonese vs Napoli,89,9.2,2.0,0.0,5.0,3.0,20,13.0,,1.0,,1.0,3.0,0,0,4.0,7.0
288006,Rasmus Højlund,Napoli,F,Lazio vs Napoli,86,5.9,,0.0,1.0,,10,9.0,,,,3.0,,0,0,,6.0
288006,Rasmus Højlund,Napoli,F,Napoli vs Hellas Verona,90,5.9,,0.0,2.0,,26,15.0,,,,2.0,1.0,0,0,4.0,9.0
288006,Rasmus Højlund,Napoli,F,Inter vs Napoli,90,6.3,,0.0,1.0,,17,13.0,,1.0,,,1.0,0,0,2.0,8.0
288006,Rasmus Højlund,Napoli,F,Napoli vs Parma,90,5.9,,0.0,2.0,1.0,9,7.0,,,,2.0,2.0,0,0,2.0,9.0
288006,Rasmus Højlund,Napoli,F,Napoli vs Sassuolo,90,6,,0.0,1.0,1.0,14,8.0,,,,,1.0,0,0,2.0,8.0
288006,Rasmus Højlund,Napoli,F,Juventus vs Napoli,90,5.6,,0.0,2.0,,22,15.0,,,,1.0,1.0,0,0,3.0,11.0
288006,Rasmus Højlund,Napoli,F,Napoli vs Fiorentina,89,6.3,,0.0,3.0,2.0,23,20.0,,,,,2.0,0,0,6.0,10.0
288006,Rasmus Højlund,Napoli,F,Genoa vs Napoli,90,7.7,2.0,0.0,3.0,3.0,18,13.0,,,,,4.0,0,0,7.0,17.0
288006,Rasmus Højlund,Napoli,F,Napoli vs AS Roma,90,6.3,,0.0,,,17,13.0,,,,2.0,2.0,0,0,4.0,11.0
288006,Rasmus Højlund,Napoli,F,Atalanta vs Napoli,90,6.2,,0.0,1.0,,22,16.0,,,,1.0,2.0,0,0,7.0,17.0
1358,Eljif Elmas,Napoli,M,Fiorentina vs Napoli,21,6.2,,0.0,1.0,1.0,3,2.0,,,,,,0,0,,1.0
1358,Eljif Elmas,Napoli,M,Napoli vs Pisa,58,6.9,,0.0,,,28,23.0,,1.0,,2.0,,0,0,2.0,5.0
1358,Eljif Elmas,Napoli,M,AC Milan vs Napoli,18,6.9,,0.0,,,8,6.0,,1.0,,,,0,0,2.0,2.0
1358,Eljif Elmas,Napoli,M,Torino vs Napoli,8,6.3,,0.0,1.0,,3,3.0,,,,,,0,0,,
1358,Eljif Elmas,Napoli,M,Napoli vs Inter,8,6.7,,0.0,,,3,2.0,,,,,,0,0,,
1358,Eljif Elmas,Napoli,M,Lecce vs Napoli,85,6.6,,0.0,1.0,,32,27.0,,1.0,1.0,,,0,0,1.0,4.0
1358,Eljif Elmas,Napoli,M,Napoli vs Como,52,7.2,,0.0,1.0,1.0,22,21.0,,5.0,1.0,1.0,1.0,1,0,7.0,11.0
1358,Eljif Elmas,Napoli,M,Bologna vs Napoli,67,6.3,,0.0,1.0,1.0,18,13.0,,,,,,0,0,,3.0
1358,Eljif Elmas,Napoli,M,Napoli vs Atalanta,21,6.9,,0.0,,,5,3.0,,2.0,,,,0,0,2.0,2.0
1358,Eljif Elmas,Napoli,M,AS Roma vs Napoli,10,6.7,,0.0,,,4,4.0,,,,,,0,0,,1.0
1358,Eljif Elmas,Napoli,M,Napoli vs Juventus,90,6.6,,0.0,,,52,45.0,,1.0,,1.0,1.0,0,0,5.0,8.0
1358,Eljif Elmas,Napoli,M,Udinese vs Napoli,83,6.9,,0.0,,,37,30.0,,,1.0,,1.0,0,0,1.0,1.0
1358,Eljif Elmas,Napoli,M,Cremonese vs Napoli,51,6.3,,0.0,,,15,14.0,,,,,,0,0,,
1358,Eljif Elmas,Napoli,M,Lazio vs Napoli,86,6.6,,0.0,2.0,,25,22.0,,2.0,,2.0,2.0,0,0,6.0,8.0
1358,Eljif Elmas,Napoli,M,Napoli vs Hellas Verona,62,6.3,,0.0,1.0,1.0,26,24.0,,2.0,,1.0,1.0,0,0,3.0,6.0
1358,Eljif Elmas,Napoli,M,Inter vs Napoli,90,7.2,,1.0,,,26,22.0,,,,1.0,1.0,0,0,4.0,6.0
1358,Eljif Elmas,Napoli,M,Napoli vs Parma,32,7.2,,0.0,,,31,30.0,,1.0,,,,0,0,1.0,2.0
1358,Eljif Elmas,Napoli,M,Napoli vs Sassuolo,56,6.7,,0.0,1.0,1.0,13,12.0,,,1.0,1.0,1.0,0,0,1.0,4.0
1358,Eljif Elmas,Napoli,M,Juventus vs Napoli,70,6.7,,0.0,,,23,21.0,,1.0,1.0,1.0,3.0,0,0,4.0,9.0
1358,Eljif Elmas,Napoli,M,Napoli vs Fiorentina,90,7.2,,0.0,1.0,,21,17.0,,,,,,0,0,3.0,5.0
1358,Eljif Elmas,Napoli,M,Genoa vs Napoli,90,6.9,,0.0,,,38,34.0,,1.0,,,,0,0,1.0,1.0
1358,Eljif Elmas,Napoli,M,Napoli vs AS Roma,79,6.3,,1.0,,,69,64.0,,1.0,,1.0,,0,0,1.0,4.0
1358,Eljif Elmas,Napoli,M,Atalanta vs Napoli,90,6.6,,0.0,,,40,38.0,,1.0,,1.0,,0,0,1.0,2.0
288769,Tommaso Baldanzi,AS Roma,M,AS Roma vs Torino,45,6.7,,0.0,1.0,,17,14.0,,,,,2.0,0,0,2.0,6.0
288769,Tommaso Baldanzi,AS Roma,M,Lazio vs AS Roma,17,6.5,,0.0,2.0,,7,6.0,,,,2.0,,0,0,,1.0
288769,Tommaso Baldanzi,AS Roma,M,Fiorentina vs AS Roma,59,6.9,,0.0,,,16,13.0,,1.0,2.0,1.0,2.0,0,0,3.0,5.0
288769,Tommaso Baldanzi,AS Roma,M,AS Roma vs Inter,17,6.9,,0.0,,,9,9.0,,1.0,,1.0,2.0,1,0,3.0,5.0
288769,Tommaso Baldanzi,AS Roma,M,AC Milan vs AS Roma,13,6.9,,0.0,,,8,8.0,,,,,1.0,0,0,1.0,1.0
288769,Tommaso Baldanzi,AS Roma,M,AS Roma vs Udinese,48,6.7,,0.0,,,24,23.0,,,,1.0,3.0,0,0,4.0,10.0
288769,Tommaso Baldanzi,AS Roma,M,Cremonese vs AS Roma,60,6.3,,0.0,2.0,2.0,18,13.0,,2.0,,1.0,2.0,0,0,4.0,9.0
288769,Tommaso Baldanzi,AS Roma,M,AS Roma vs Napoli,45,6.7,,0.0,1.0,1.0,10,7.0,,,,1.0,2.0,1,0,2.0,5.0
288769,Tommaso Baldanzi,AS Roma,M,Cagliari vs AS Roma,53,6.5,,0.0,,,7,5.0,,1.0,,1.0,2.0,0,0,3.0,5.0
288769,Tommaso Baldanzi,AS Roma,M,Juventus vs AS Roma,34,7,1.0,0.0,2.0,1.0,19,18.0,,,1.0,,2.0,0,0,2.0,3.0
288769,Tommaso Baldanzi,AS Roma,M,Cremonese vs Genoa,18,6.9,,0.0,,,17,16.0,,,,,,0,0,,
288769,Tommaso Baldanzi,AS Roma,M,Genoa vs Torino,65,6.9,,0.0,1.0,1.0,41,35.0,,3.0,,1.0,2.0,0,0,6.0,12.0
356888,Niccolò Pisilli,AS Roma,M,AS Roma vs Torino,25,6.9,,0.0,1.0,1.0,31,30.0,,,,,,0,0,,2.0
356888,Niccolò Pisilli,AS Roma,M,Lazio vs AS Roma,17,6.6,,0.0,,,9,6.0,,1.0,,,,0,0,1.0,2.0
356888,Niccolò Pisilli,AS Roma,M,Cremonese vs AS Roma,10,6.3,,0.0,,,0,,,,,,,0,0,,
356888,Niccolò Pisilli,AS Roma,M,AS Roma vs Genoa,16,6.3,,0.0,,,19,16.0,,,1.0,,,0,0,,
356888,Niccolò Pisilli,AS Roma,M,Atalanta vs AS Roma,13,6.7,,0.0,,,5,3.0,,,,,,0,0,1.0,1.0
356888,Niccolò Pisilli,AS Roma,M,Lecce vs AS Roma,90,6.9,,1.0,1.0,,38,25.0,,3.0,,3.0,,0,0,6.0,11.0
356888,Niccolò Pisilli,AS Roma,M,AS Roma vs Sassuolo,90,7.2,,0.0,3.0,,66,62.0,,,2.0,,,0,0,1.0,7.0
356888,Niccolò Pisilli,AS Roma,M,Torino vs AS Roma,14,6.6,,0.0,,,12,10.0,,,,1.0,,0,0,,1.0
356888,Niccolò Pisilli,AS Roma,M,AS Roma vs AC Milan,31,6.3,,0.0,,,25,22.0,,1.0,1.0,1.0,,0,0,2.0,4.0
356888,Niccolò Pisilli,AS Roma,M,Udinese vs AS Roma,12,6.7,,0.0,,,11,9.0,,2.0,,1.0,,0,0,3.0,6.0
356888,Niccolò Pisilli,AS Roma,M,AS Roma vs Cagliari,90,7.2,,0.0,1.0,1.0,72,65.0,,2.0,2.0,,,0,0,4.0,6.0
356888,Niccolò Pisilli,AS Roma,M,Napoli vs AS Roma,65,6.7,,0.0,1.0,,32,30.0,,1.0,1.0,1.0,,0,0,1.0,4.0
356888,Niccolò Pisilli,AS Roma,M,AS Roma vs Cremonese,18,7.2,1.0,0.0,2.0,1.0,10,9.0,,,,,,0,0,1.0,2.0
14329,Ardian Ismajli,Torino,D,AS Roma vs Torino,90,7.2,,0.0,,,17,16.0,,1.0,,1.0,3.0,1,0,5.0,6.0
14329,Ardian Ismajli,Torino,D,Torino vs Atalanta,90,6.5,,0.0,,,43,39.0,,,2.0,2.0,,0,0,4.0,7.0
14329,Ardian Ismajli,Torino,D,Parma vs Torino,77,6.2,,0.0,,,39,32.0,,1.0,,2.0,,0,0,5.0,7.0
14329,Ardian Ismajli,Torino,D,Torino vs Napoli,14,6.6,,0.0,,,1,1.0,,,,1.0,,0,0,,1.0
14329,Ardian Ismajli,Torino,D,Torino vs Genoa,30,7.2,,0.0,,,7,6.0,,2.0,,,,0,0,4.0,4.0
14329,Ardian Ismajli,Torino,D,Bologna vs Torino,33,6.9,,0.0,,,14,9.0,,1.0,,1.0,1.0,1,0,5.0,7.0
14329,Ardian Ismajli,Torino,D,Torino vs Pisa,90,6.7,,0.0,1.0,,60,53.0,,1.0,1.0,,1.0,0,0,4.0,5.0
14329,Ardian Ismajli,Torino,D,Juventus vs Torino,88,7.3,,0.0,,,29,21.0,,2.0,2.0,,2.0,0,0,5.0,6.0
14329,Ardian Ismajli,Torino,D,Torino vs Cremonese,90,6.7,,0.0,3.0,2.0,42,30.0,,,,,,0,0,4.0,9.0
14329,Ardian Ismajli,Torino,D,Sassuolo vs Torino,90,7,,0.0,,,53,50.0,,,1.0,3.0,2.0,0,0,6.0,11.0
14329,Ardian Ismajli,Torino,D,Torino vs Cagliari,90,7,,0.0,1.0,1.0,71,69.0,,2.0,3.0,,,0,0,4.0,4.0
14329,Ardian Ismajli,Torino,D,Hellas Verona vs Torino,90,7.3,,1.0,,,71,64.0,,2.0,2.0,,,0,0,4.0,8.0
14329,Ardian Ismajli,Torino,D,Torino vs Udinese,77,6.9,,0.0,,,37,32.0,,3.0,1.0,3.0,,0,0,6.0,11.0
14329,Ardian Ismajli,Torino,D,Atalanta vs Torino,90,6.9,,0.0,,,39,33.0,,3.0,4.0,1.0,,0,0,3.0,5.0
14329,Ardian Ismajli,Torino,D,Torino vs AS Roma,90,6.7,,0.0,,,23,18.0,,3.0,3.0,3.0,,1,0,6.0,10.0
14329,Ardian Ismajli,Torino,D,Como vs Torino,21,6.3,,0.0,,,6,4.0,,2.0,,,,0,0,2.0,3.0
14329,Ardian Ismajli,Torino,D,Genoa vs Torino,45,6.7,,0.0,,,23,20.0,,,1.0,,1.0,0,0,3.0,3.0
264857,Lorenzo Bernasconi,Atalanta,D,Atalanta vs Lecce,8,6.9,,0.0,,,1,1.0,,1.0,,,,0,0,1.0,1.0
264857,Lorenzo Bernasconi,Atalanta,D,Atalanta vs Como,90,7,,0.0,1.0,,47,41.0,,6.0,2.0,1.0,,0,0,6.0,10.0
264857,Lorenzo Bernasconi,Atalanta,D,Atalanta vs Lazio,90,7.3,,0.0,,,59,51.0,,2.0,2.0,1.0,,0,0,3.0,5.0
264857,Lorenzo Bernasconi,Atalanta,D,Atalanta vs AC Milan,71,6.3,,0.0,,,27,22.0,,,1.0,,,0,0,,3.0
264857,Lorenzo Bernasconi,Atalanta,D,Atalanta vs Cagliari,66,7.2,,0.0,,,25,22.0,,1.0,,1.0,,1,0,2.0,3.0
264857,Lorenzo Bernasconi,Atalanta,D,Genoa vs Atalanta,69,7.2,,0.0,,,33,29.0,,1.0,,,1.0,0,0,3.0,4.0
264857,Lorenzo Bernasconi,Atalanta,D,Atalanta vs Inter,25,6.6,,0.0,,,18,15.0,,2.0,,,,0,0,2.0,2.0
264857,Lorenzo Bernasconi,Atalanta,D,Atalanta vs AS Roma,90,6.7,,0.0,,,34,25.0,,1.0,2.0,1.0,,0,0,1.0,3.0
264857,Lorenzo Bernasconi,Atalanta,D,Bologna vs Atalanta,90,7.9,,0.0,,,37,30.0,,4.0,1.0,1.0,,0,0,4.0,6.0
264857,Lorenzo Bernasconi,Atalanta,D,Atalanta vs Torino,90,7.9,,1.0,,,34,33.0,,2.0,,,1.0,0,0,4.0,5.0
264857,Lorenzo Bernasconi,Atalanta,D,Pisa vs Atalanta,90,6.9,,0.0,1.0,1.0,46,36.0,,2.0,,1.0,,0,0,3.0,7.0
264857,Lorenzo Bernasconi,Atalanta,D,Atalanta vs Parma,29,7.2,,0.0,,,6,5.0,,,,,,0,0,1.0,1.0
264857,Lorenzo Bernasconi,Atalanta,D,Como vs Atalanta,90,7.2,,0.0,,,15,11.0,,2.0,,,,0,0,4.0,5.0
264857,Lorenzo Bernasconi,Atalanta,D,Atalanta vs Cremonese,20,6.2,,0.0,,,12,9.0,,,,,,0,0,,1.0
264857,Lorenzo Bernasconi,Atalanta,D,Lazio vs Atalanta,90,7.2,,1.0,,,44,40.0,,,1.0,1.0,1.0,1,0,2.0,4.0
264857,Lorenzo Bernasconi,Atalanta,D,Atalanta vs Napoli,33,7.3,,1.0,,,10,7.0,,,,,,0,0,,
203219,Jamil Siebert,Lecce,D,Atalanta vs Lecce,79,5.2,,0.0,,,38,37.0,,,1.0,2.0,,0,0,,3.0
203219,Jamil Siebert,Lecce,D,Lecce vs Como,90,6.5,,0.0,,,24,19.0,,3.0,1.0,2.0,,0,0,3.0,6.0
203219,Jamil Siebert,Lecce,D,Inter vs Lecce,90,6.9,,0.0,1.0,1.0,25,13.0,,3.0,,5.0,,0,0,8.0,17.0
203219,Jamil Siebert,Lecce,D,AC Milan vs Lecce,90,7.2,,0.0,,,28,17.0,,2.0,,2.0,,0,0,4.0,9.0
203219,Jamil Siebert,Lecce,D,Lecce vs Lazio,90,7.5,,0.0,,,50,39.0,,1.0,,,,0,0,5.0,6.0
203219,Jamil Siebert,Lecce,D,Torino vs Lecce,90,7.2,,0.0,,,49,43.0,,1.0,,2.0,2.0,0,0,6.0,13.0
203219,Jamil Siebert,Lecce,D,Cagliari vs Lecce,11,6.9,,0.0,,,1,1.0,,1.0,,,,0,0,1.0,2.0
203219,Jamil Siebert,Lecce,D,Lecce vs Inter,86,6.5,,0.0,,,35,26.0,,3.0,,2.0,,0,0,4.0,11.0
181218,Alex Sala,Lecce,M,Atalanta vs Lecce,60,6.3,,0.0,,,19,17.0,,1.0,3.0,2.0,,0,0,1.0,7.0
181218,Alex Sala,Lecce,M,Lecce vs Cagliari,45,6.6,,0.0,1.0,,16,13.0,,1.0,,1.0,1.0,0,0,2.0,5.0
181218,Alex Sala,Lecce,M,Udinese vs Lecce,10,6.6,,1.0,1.0,1.0,5,5.0,,1.0,,1.0,,0,0,1.0,2.0
181218,Alex Sala,Lecce,M,Cremonese vs Lecce,13,6.3,,0.0,,,7,7.0,,1.0,,,1.0,0,0,3.0,6.0
181218,Alex Sala,Lecce,M,Lecce vs Como,11,6.6,,0.0,1.0,1.0,12,10.0,,,,1.0,2.0,0,0,2.0,3.0
181218,Alex Sala,Lecce,M,Inter vs Lecce,9,6.7,,0.0,,,2,2.0,,,,,,0,0,,1.0
181218,Alex Sala,Lecce,M,Torino vs Lecce,13,6.5,,0.0,,,10,7.0,,,,,,0,0,,3.0
341838,Giovanni Bonfanti,Pisa,D,Pisa vs Udinese,45,6.7,,0.0,,,28,22.0,,1.0,,2.0,1.0,0,0,3.0,8.0
341838,Giovanni Bonfanti,Pisa,D,Napoli vs Pisa,74,6.7,,0.0,1.0,1.0,11,5.0,,2.0,1.0,2.0,1.0,0,0,4.0,8.0
341838,Giovanni Bonfanti,Pisa,D,Pisa vs Fiorentina,90,7.5,,0.0,,,36,24.0,,4.0,,2.0,,0,0,9.0,13.0
341838,Giovanni Bonfanti,Pisa,D,Bologna vs Pisa,45,5.9,,0.0,,,7,4.0,,1.0,,,,0,0,3.0,5.0
341838,Giovanni Bonfanti,Pisa,D,Pisa vs Hellas Verona,25,6.7,,0.0,1.0,,7,4.0,,1.0,,,,0,0,2.0,6.0
341838,Giovanni Bonfanti,Pisa,D,AC Milan vs Pisa,45,6.5,,0.0,1.0,,9,5.0,,,2.0,,,0,0,,1.0
341838,Giovanni Bonfanti,Pisa,D,Cagliari vs Pisa,74,6.2,,0.0,1.0,,18,12.0,,1.0,2.0,4.0,1.0,1,0,5.0,10.0
341838,Giovanni Bonfanti,Pisa,D,Pisa vs Juventus,25,6.2,,0.0,,,8,4.0,,2.0,,,,0,0,2.0,4.0
341838,Giovanni Bonfanti,Pisa,D,Genoa vs Pisa,72,6.5,,0.0,,,16,11.0,,1.0,2.0,,,0,0,2.0,6.0
786,Nicolò Zaniolo,Udinese,M,Pisa vs Udinese,29,6.2,,0.0,,,5,4.0,,,,1.0,,0,0,1.0,6.0
786,Nicolò Zaniolo,Udinese,M,Udinese vs AC Milan,31,6.7,,0.0,1.0,,8,8.0,,,,,,0,0,,
786,Nicolò Zaniolo,Udinese,M,Sassuolo vs Udinese,76,6,,0.0,4.0,2.0,14,12.0,,,,4.0,,1,0,3.0,10.0
786,Nicolò Zaniolo,Udinese,M,Udinese vs Cagliari,77,6.3,,0.0,2.0,,19,16.0,,,,6.0,2.0,1,0,5.0,16.0
786,Nicolò Zaniolo,Udinese,M,Cremonese vs Udinese,75,7.5,1.0,0.0,1.0,1.0,16,13.0,,,1.0,3.0,2.0,0,0,3.0,9.0
786,Nicolò Zaniolo,Udinese,M,Udinese vs Lecce,60,6.9,,0.0,1.0,,16,11.0,,5.0,1.0,1.0,1.0,0,0,9.0,16.0
786,Nicolò Zaniolo,Udinese,M,Juventus vs Udinese,58,7.7,1.0,0.0,1.0,1.0,10,9.0,,,,4.0,3.0,0,0,4.0,11.0
786,Nicolò Zaniolo,Udinese,M,Udinese vs Atalanta,69,8.2,1.0,0.0,3.0,3.0,18,16.0,,,,2.0,1.0,0,0,4.0,8.0
786,Nicolò Zaniolo,Udinese,M,AS Roma vs Udinese,82,6.6,,0.0,1.0,1.0,11,8.0,,1.0,1.0,2.0,3.0,0,0,5.0,14.0
786,Nicolò Zaniolo,Udinese,M,Udinese vs Bologna,64,6.3,,0.0,,,8,6.0,,3.0,,2.0,1.0,0,0,6.0,15.0
786,Nicolò Zaniolo,Udinese,M,Parma vs Udinese,83,7.2,1.0,0.0,3.0,1.0,26,23.0,,,,4.0,1.0,0,0,2.0,11.0
786,Nicolò Zaniolo,Udinese,M,Udinese vs Genoa,90,7.5,,0.0,2.0,1.0,24,19.0,,2.0,,3.0,4.0,0,0,7.0,16.0
786,Nicolò Zaniolo,Udinese,M,Udinese vs Napoli,89,6.7,,0.0,1.0,,25,20.0,,2.0,,3.0,1.0,1,0,3.0,13.0
786,Nicolò Zaniolo,Udinese,M,Fiorentina vs Udinese,45,6.6,,0.0,1.0,,18,16.0,,,,,,0,0,1.0,2.0
786,Nicolò Zaniolo,Udinese,M,Udinese vs Lazio,90,7.9,,1.0,2.0,2.0,22,20.0,,,,2.0,3.0,1,0,7.0,11.0
786,Nicolò Zaniolo,Udinese,M,Como vs Udinese,90,6.2,,0.0,1.0,,24,14.0,,,,1.0,1.0,0,0,3.0,11.0
786,Nicolò Zaniolo,Udinese,M,Torino vs Udinese,61,6.9,1.0,0.0,3.0,2.0,13,9.0,,,,1.0,1.0,0,0,2.0,9.0
786,Nicolò Zaniolo,Udinese,M,Udinese vs Pisa,61,6.6,,1.0,,,23,17.0,,,1.0,3.0,1.0,1,0,1.0,6.0
786,Nicolò Zaniolo,Udinese,M,Lecce vs Udinese,26,6.5,,0.0,2.0,,6,4.0,,,,,,0,0,1.0,4.0
786,Nicolò Zaniolo,Udinese,M,Udinese vs Sassuolo,90,7.3,,0.0,,,21,16.0,,4.0,,3.0,8.0,0,0,14.0,23.0
786,Nicolò Zaniolo,Udinese,M,Bologna vs Udinese,90,6.2,,0.0,1.0,,21,15.0,,,,,3.0,0,0,4.0,18.0
128338,Woyo Coulibaly,Sassuolo,D,Sassuolo vs Lazio,45,6.9,,0.0,,,14,11.0,,4.0,2.0,1.0,,0,0,4.0,8.0
128338,Woyo Coulibaly,Sassuolo,D,Inter vs Sassuolo,89,6.2,,0.0,,,23,20.0,,2.0,,1.0,,0,0,3.0,5.0
128338,Woyo Coulibaly,Sassuolo,D,Sassuolo vs Udinese,10,6.9,,0.0,,,6,6.0,,,,,1.0,0,0,1.0,1.0
128338,Woyo Coulibaly,Sassuolo,D,Cagliari vs Sassuolo,90,6.2,,0.0,,,37,35.0,,,1.0,3.0,2.0,0,0,2.0,9.0
128338,Woyo Coulibaly,Sassuolo,D,Sassuolo vs Genoa,12,6.5,,0.0,,,5,4.0,,1.0,,1.0,,0,0,2.0,3.0
128338,Woyo Coulibaly,Sassuolo,D,Sassuolo vs Pisa,45,6.3,,0.0,2.0,1.0,22,20.0,,,,1.0,1.0,0,0,2.0,5.0
128338,Woyo Coulibaly,Sassuolo,D,Sassuolo vs Fiorentina,12,6.6,,0.0,,,4,4.0,,,,,,0,0,1.0,3.0
128338,Woyo Coulibaly,Sassuolo,D,Napoli vs Sassuolo,9,6.7,,0.0,,,9,9.0,,,,,,0,0,,1.0
128338,Woyo Coulibaly,Sassuolo,D,Sassuolo vs Inter,31,6.5,,0.0,,,7,6.0,,,,,2.0,0,0,3.0,4.0
128338,Woyo Coulibaly,Sassuolo,D,Udinese vs Sassuolo,45,7.2,,0.0,,,16,15.0,,1.0,,,2.0,1,0,4.0,6.0
128338,Woyo Coulibaly,Sassuolo,D,Sassuolo vs Hellas Verona,36,6.3,,0.0,,,22,17.0,,,,2.0,1.0,1,0,1.0,4.0
39143,Kristian Thorstvedt,Sassuolo,M,Sassuolo vs Lazio,9,7,,0.0,,,5,5.0,,,,,1.0,0,0,3.0,3.0
39143,Kristian Thorstvedt,Sassuolo,M,Inter vs Sassuolo,22,6.7,,0.0,,,8,8.0,,,,,1.0,0,0,1.0,1.0
39143,Kristian Thorstvedt,Sassuolo,M,Sassuolo vs Udinese,32,6.6,,0.0,1.0,,17,12.0,,2.0,1.0,,1.0,0,0,3.0,5.0
39143,Kristian Thorstvedt,Sassuolo,M,Hellas Verona vs Sassuolo,31,7,,0.0,,,13,11.0,,,,1.0,2.0,0,0,2.0,4.0
39143,Kristian Thorstvedt,Sassuolo,M,Lecce vs Sassuolo,90,6.3,,0.0,1.0,,38,26.0,,1.0,1.0,3.0,2.0,0,0,3.0,9.0
39143,Kristian Thorstvedt,Sassuolo,M,Sassuolo vs AS Roma,60,6.2,,0.0,2.0,,17,11.0,,1.0,2.0,2.0,,1,0,1.0,3.0
39143,Kristian Thorstvedt,Sassuolo,M,Cagliari vs Sassuolo,74,6.2,,0.0,1.0,1.0,33,29.0,,,2.0,2.0,2.0,1,0,2.0,8.0
39143,Kristian Thorstvedt,Sassuolo,M,Sassuolo vs Genoa,90,6.7,,0.0,2.0,1.0,38,29.0,,3.0,,1.0,4.0,0,0,9.0,15.0
39143,Kristian Thorstvedt,Sassuolo,M,Atalanta vs Sassuolo,90,6.7,,1.0,1.0,,40,27.0,,1.0,1.0,,,0,0,4.0,6.0
39143,Kristian Thorstvedt,Sassuolo,M,Sassuolo vs Pisa,90,8.9,1.0,0.0,2.0,1.0,61,55.0,,1.0,1.0,1.0,,1,0,7.0,9.0
39143,Kristian Thorstvedt,Sassuolo,M,Como vs Sassuolo,90,6.3,,0.0,,,36,27.0,,3.0,,1.0,4.0,0,0,8.0,12.0
39143,Kristian Thorstvedt,Sassuolo,M,Sassuolo vs Fiorentina,90,6.3,,0.0,,,28,20.0,,2.0,,3.0,1.0,1,0,6.0,11.0
39143,Kristian Thorstvedt,Sassuolo,M,AC Milan vs Sassuolo,90,6.7,,0.0,1.0,1.0,23,19.0,,1.0,3.0,2.0,1.0,1,0,2.0,10.0
39143,Kristian Thorstvedt,Sassuolo,M,Bologna vs Sassuolo,90,6.2,,0.0,1.0,1.0,26,21.0,,,1.0,3.0,5.0,0,0,5.0,13.0
39143,Kristian Thorstvedt,Sassuolo,M,Sassuolo vs Parma,90,7.9,1.0,0.0,1.0,1.0,53,45.0,,,,,1.0,0,0,2.0,5.0
39143,Kristian Thorstvedt,Sassuolo,M,Sassuolo vs Juventus,39,6.2,,0.0,1.0,,13,8.0,,,3.0,,1.0,0,0,2.0,4.0
39143,Kristian Thorstvedt,Sassuolo,M,Sassuolo vs Cremonese,31,6.9,,0.0,,,17,15.0,,1.0,1.0,,2.0,0,0,3.0,4.0
39143,Kristian Thorstvedt,Sassuolo,M,Pisa vs Sassuolo,90,7.5,,1.0,1.0,1.0,40,34.0,,4.0,1.0,,1.0,1,0,7.0,15.0
39143,Kristian Thorstvedt,Sassuolo,M,Sassuolo vs Inter,90,6.3,,0.0,,,25,20.0,,1.0,,2.0,1.0,0,0,3.0,9.0
39143,Kristian Thorstvedt,Sassuolo,M,Udinese vs Sassuolo,90,7.3,,0.0,3.0,1.0,34,32.0,,3.0,1.0,,3.0,0,0,6.0,10.0
39143,Kristian Thorstvedt,Sassuolo,M,Sassuolo vs Hellas Verona,90,7,,0.0,1.0,,41,34.0,,2.0,3.0,,1.0,0,0,5.0,8.0
128478,Walid Cheddira,Sassuolo,F,Sassuolo vs Lazio,9,6.3,,0.0,1.0,,2,,,,,1.0,,0,0,2.0,4.0
128478,Walid Cheddira,Sassuolo,F,Inter vs Sassuolo,12,7.6,1.0,0.0,1.0,1.0,4,4.0,,,,,1.0,0,0,2.0,2.0
128478,Walid Cheddira,Sassuolo,F,Sassuolo vs Udinese,9,6.5,,0.0,1.0,1.0,1,,,1.0,,,,0,0,1.0,1.0
128478,Walid Cheddira,Sassuolo,F,Hellas Verona vs Sassuolo,10,6.6,,0.0,,,3,2.0,,,,,,1,0,2.0,3.0
128478,Walid Cheddira,Sassuolo,F,Lecce vs Sassuolo,16,6.2,,0.0,,,2,2.0,,,,,,0,0,,2.0
128478,Walid Cheddira,Sassuolo,F,Sassuolo vs AS Roma,9,6.5,,0.0,,,0,,,,,,,0,0,,1.0
128478,Walid Cheddira,Sassuolo,F,Cagliari vs Sassuolo,14,6.5,,0.0,,,5,4.0,,,,,,0,0,,2.0
128478,Walid Cheddira,Sassuolo,F,Sassuolo vs Genoa,12,6.7,,0.0,,,3,3.0,,,,1.0,2.0,0,0,2.0,4.0
128478,Walid Cheddira,Sassuolo,F,Sassuolo vs Fiorentina,36,6.3,,0.0,,,9,5.0,,,,,2.0,0,0,4.0,8.0
128478,Walid Cheddira,Sassuolo,F,AC Milan vs Sassuolo,11,6.6,,0.0,,,2,1.0,,,,,,0,0,,
128478,Walid Cheddira,Sassuolo,F,Sassuolo vs Torino,63,6.2,,0.0,1.0,,21,13.0,,,,1.0,2.0,0,0,4.0,10.0
128478,Walid Cheddira,Sassuolo,F,Sassuolo vs Parma,16,6.3,,0.0,,,5,5.0,,,,,,0,0,1.0,4.0
128478,Walid Cheddira,Sassuolo,F,AS Roma vs Sassuolo,17,6.5,,0.0,,,1,1.0,,,,2.0,1.0,0,0,1.0,4.0
128478,Walid Cheddira,Sassuolo,F,Napoli vs Sassuolo,8,6.3,,0.0,,,0,,,,,,,0,0,,
128478,Walid Cheddira,Sassuolo,F,Lecce vs Lazio,26,6.3,,0.0,1.0,,6,3.0,,1.0,,,,0,0,2.0,4.0
128478,Walid Cheddira,Sassuolo,F,Torino vs Lecce,90,6.2,,0.0,,,16,9.0,,,,1.0,1.0,0,0,4.0,13.0
128478,Walid Cheddira,Sassuolo,F,Lecce vs Udinese,77,6.3,,0.0,1.0,,15,10.0,,,,1.0,3.0,0,0,5.0,9.0
128478,Walid Cheddira,Sassuolo,F,Cagliari vs Lecce,80,6.3,,0.0,2.0,2.0,14,6.0,,1.0,,2.0,,0,0,7.0,15.0
128478,Walid Cheddira,Sassuolo,F,Lecce vs Inter,90,6.9,,0.0,,,11,7.0,,,,2.0,3.0,0,0,5.0,7.0
1632,Alessio Romagnoli,Lazio,D,Sassuolo vs Lazio,90,6.7,,0.0,,,59,53.0,,2.0,1.0,,,0,0,5.0,8.0
1632,Alessio Romagnoli,Lazio,D,Lazio vs AS Roma,90,6.9,,0.0,1.0,,47,44.0,,1.0,2.0,,1.0,0,0,4.0,5.0
1632,Alessio Romagnoli,Lazio,D,Genoa vs Lazio,90,7.3,,0.0,,,23,21.0,,2.0,,,,0,0,4.0,4.0
1632,Alessio Romagnoli,Lazio,D,Lazio vs Torino,90,6.5,,0.0,,,50,45.0,,1.0,1.0,1.0,2.0,1,0,6.0,8.0
1632,Alessio Romagnoli,Lazio,D,Atalanta vs Lazio,90,7.3,,0.0,,,39,38.0,,2.0,1.0,1.0,,0,0,2.0,4.0
1632,Alessio Romagnoli,Lazio,D,Lazio vs Juventus,90,7.7,,0.0,,,37,33.0,,1.0,,,1.0,0,0,3.0,6.0
1632,Alessio Romagnoli,Lazio,D,Pisa vs Lazio,90,7.2,,0.0,,,104,98.0,,,,1.0,1.0,0,0,2.0,11.0
1632,Alessio Romagnoli,Lazio,D,Lazio vs Cagliari,45,7.2,,0.0,,,43,41.0,,2.0,2.0,1.0,,0,0,3.0,4.0
1632,Alessio Romagnoli,Lazio,D,Inter vs Lazio,75,6.5,,0.0,,,44,38.0,,1.0,3.0,1.0,1.0,0,0,4.0,7.0
1632,Alessio Romagnoli,Lazio,D,Lazio vs Lecce,90,7.2,,0.0,,,113,107.0,,1.0,1.0,,,0,0,4.0,4.0
1632,Alessio Romagnoli,Lazio,D,AC Milan vs Lazio,90,6.9,,0.0,,,68,66.0,,2.0,4.0,1.0,,1,0,3.0,6.0
1632,Alessio Romagnoli,Lazio,D,Lazio vs Bologna,90,6,,0.0,,,65,56.0,,,,2.0,,0,0,3.0,7.0
1632,Alessio Romagnoli,Lazio,D,Parma vs Lazio,90,7.5,,0.0,1.0,,62,57.0,,,1.0,,1.0,0,0,5.0,7.0
1632,Alessio Romagnoli,Lazio,D,Lazio vs Cremonese,90,7,,0.0,,,76,68.0,,,,1.0,1.0,1,0,2.0,4.0
1632,Alessio Romagnoli,Lazio,D,Udinese vs Lazio,90,7.2,,0.0,,,47,46.0,,2.0,,,,0,0,4.0,5.0
1632,Alessio Romagnoli,Lazio,D,Lazio vs Napoli,90,7.5,,0.0,,,47,42.0,,1.0,1.0,,,1,0,2.0,2.0
1632,Alessio Romagnoli,Lazio,D,Lazio vs Fiorentina,90,6.3,,0.0,2.0,2.0,63,58.0,,1.0,2.0,,,0,0,1.0,3.0
1632,Alessio Romagnoli,Lazio,D,Hellas Verona vs Lazio,90,7.2,,0.0,1.0,,96,86.0,,,1.0,,,0,0,4.0,8.0
1632,Alessio Romagnoli,Lazio,D,Lazio vs Como,90,5.6,,0.0,,,72,69.0,,1.0,,2.0,,1,0,1.0,6.0
1632,Alessio Romagnoli,Lazio,D,Lecce vs Lazio,90,7.9,,0.0,,,109,100.0,,1.0,3.0,1.0,1.0,0,0,6.0,8.0
1632,Alessio Romagnoli,Lazio,D,Juventus vs Lazio,13,6.3,,0.0,,,2,2.0,,,,1.0,,1,0,1.0,2.0
1632,Alessio Romagnoli,Lazio,D,Cagliari vs Lazio,90,7.9,,0.0,,,111,110.0,,,,,1.0,0,0,1.0,1.0
135519,Gustav Isaksen,Lazio,F,Sassuolo vs Lazio,10,6.5,,0.0,,,3,3.0,,,,,,0,0,,2.0
135519,Gustav Isaksen,Lazio,F,Lazio vs Torino,23,6.2,,0.0,,,8,5.0,,,,,,0,0,,2.0
135519,Gustav Isaksen,Lazio,F,Atalanta vs Lazio,68,6.7,,0.0,,,20,18.0,,2.0,1.0,2.0,3.0,0,0,5.0,11.0
135519,Gustav Isaksen,Lazio,F,Lazio vs Juventus,83,7.7,,0.0,2.0,,29,22.0,,,1.0,1.0,8.0,0,0,12.0,18.0
135519,Gustav Isaksen,Lazio,F,Pisa vs Lazio,81,6.2,,0.0,4.0,3.0,20,17.0,,,,4.0,1.0,0,0,3.0,12.0
135519,Gustav Isaksen,Lazio,F,Lazio vs Cagliari,84,7.9,1.0,0.0,1.0,1.0,21,17.0,,2.0,,,2.0,0,0,5.0,11.0
135519,Gustav Isaksen,Lazio,F,Inter vs Lazio,65,6.5,,0.0,2.0,1.0,12,9.0,,,,,5.0,0,0,6.0,9.0
135519,Gustav Isaksen,Lazio,F,Lazio vs Lecce,82,7,,0.0,3.0,1.0,35,32.0,,,,1.0,2.0,0,0,6.0,9.0
135519,Gustav Isaksen,Lazio,F,AC Milan vs Lazio,70,6.3,,0.0,2.0,,18,13.0,,,,,,0,0,,3.0
135519,Gustav Isaksen,Lazio,F,Lazio vs Bologna,45,7.3,1.0,0.0,2.0,2.0,14,10.0,,2.0,1.0,1.0,,0,0,4.0,7.0
135519,Gustav Isaksen,Lazio,F,Udinese vs Lazio,9,6.6,,0.0,1.0,1.0,1,1.0,,,,1.0,1.0,0,0,2.0,3.0
135519,Gustav Isaksen,Lazio,F,Lazio vs Napoli,19,6.6,,0.0,,,11,8.0,,1.0,,,1.0,0,0,2.0,3.0
135519,Gustav Isaksen,Lazio,F,Lazio vs Fiorentina,72,6.7,,0.0,2.0,1.0,26,20.0,,1.0,1.0,1.0,3.0,0,0,6.0,12.0
135519,Gustav Isaksen,Lazio,F,Hellas Verona vs Lazio,69,7,,0.0,,,37,31.0,,2.0,1.0,1.0,4.0,0,0,8.0,14.0
135519,Gustav Isaksen,Lazio,F,Lazio vs Como,37,6.7,,0.0,1.0,1.0,8,6.0,,1.0,1.0,,1.0,0,0,2.0,3.0
135519,Gustav Isaksen,Lazio,F,Lecce vs Lazio,9,6.6,,0.0,,,6,6.0,,,,,1.0,0,0,2.0,4.0
135519,Gustav Isaksen,Lazio,F,Lazio vs Genoa,87,7.2,,1.0,1.0,1.0,26,21.0,,,,2.0,3.0,0,0,4.0,9.0
135519,Gustav Isaksen,Lazio,F,Juventus vs Lazio,65,7.7,1.0,0.0,1.0,1.0,13,7.0,,1.0,,,2.0,0,0,4.0,13.0
135519,Gustav Isaksen,Lazio,F,Lazio vs Atalanta,88,6.6,,0.0,1.0,,24,17.0,,1.0,,,1.0,0,0,3.0,5.0
135519,Gustav Isaksen,Lazio,F,Cagliari vs Lazio,60,6.3,,0.0,,,20,16.0,,,,1.0,3.0,0,0,4.0,9.0
272,Adrien Rabiot,AC Milan,F,AC Milan vs Bologna,90,7,,0.0,,,27,23.0,,4.0,,4.0,3.0,0,0,10.0,20.0
272,Adrien Rabiot,AC Milan,F,Udinese vs AC Milan,90,7.3,,1.0,1.0,,73,66.0,,1.0,,1.0,2.0,0,0,5.0,12.0
272,Adrien Rabiot,AC Milan,F,AC Milan vs Napoli,90,6.7,,0.0,,,37,31.0,,1.0,1.0,3.0,1.0,1,0,3.0,9.0
272,Adrien Rabiot,AC Milan,F,Juventus vs AC Milan,90,6.7,,0.0,1.0,,38,36.0,,1.0,,1.0,,0,0,1.0,3.0
272,Adrien Rabiot,AC Milan,F,Inter vs AC Milan,90,7,,0.0,,,40,36.0,,3.0,1.0,1.0,,0,0,5.0,14.0
272,Adrien Rabiot,AC Milan,F,AC Milan vs Lazio,90,7.2,,0.0,1.0,,52,47.0,,2.0,1.0,2.0,3.0,0,0,5.0,8.0
272,Adrien Rabiot,AC Milan,F,Torino vs AC Milan,90,7.7,1.0,0.0,2.0,1.0,49,43.0,,,,,2.0,0,0,2.0,6.0
272,Adrien Rabiot,AC Milan,F,AC Milan vs Sassuolo,90,6.6,,0.0,1.0,1.0,50,44.0,,2.0,,,1.0,0,0,5.0,10.0
272,Adrien Rabiot,AC Milan,F,AC Milan vs Hellas Verona,90,6.9,,1.0,3.0,,48,38.0,,1.0,1.0,1.0,3.0,0,0,10.0,16.0
272,Adrien Rabiot,AC Milan,F,Cagliari vs AC Milan,90,6.6,,1.0,1.0,,48,41.0,,,1.0,2.0,1.0,0,0,6.0,12.0
272,Adrien Rabiot,AC Milan,F,AC Milan vs Genoa,90,7.9,,0.0,1.0,,59,51.0,,4.0,,,2.0,0,0,11.0,12.0
272,Adrien Rabiot,AC Milan,F,Fiorentina vs AC Milan,30,6.7,,0.0,,,18,12.0,,,,1.0,1.0,1,0,4.0,6.0
272,Adrien Rabiot,AC Milan,F,Como vs AC Milan,90,9.9,2.0,0.0,2.0,2.0,31,20.0,,4.0,,,1.0,0,0,10.0,13.0
272,Adrien Rabiot,AC Milan,F,AC Milan vs Lecce,90,8.2,,0.0,1.0,,68,57.0,,3.0,1.0,1.0,1.0,0,0,7.0,13.0
272,Adrien Rabiot,AC Milan,F,AS Roma vs AC Milan,90,6.9,,0.0,1.0,1.0,36,29.0,,2.0,,2.0,3.0,1,0,7.0,15.0
272,Adrien Rabiot,AC Milan,F,Bologna vs AC Milan,90,8.2,1.0,1.0,1.0,1.0,36,30.0,,1.0,,,1.0,0,0,3.0,10.0
272,Adrien Rabiot,AC Milan,F,Pisa vs AC Milan,90,6.3,,0.0,1.0,,67,58.0,,1.0,2.0,1.0,3.0,2,1,7.0,9.0
272,Adrien Rabiot,AC Milan,F,AC Milan vs Parma,90,7.9,,0.0,2.0,,65,61.0,,4.0,,1.0,1.0,0,0,7.0,10.0
162141,Koni De Winter,AC Milan,D,AC Milan vs Bologna,45,6.9,,0.0,1.0,,15,11.0,,,,,1.0,0,0,2.0,2.0
162141,Koni De Winter,AC Milan,D,Udinese vs AC Milan,22,6.9,,0.0,,,17,14.0,,,,,,0,0,1.0,1.0
162141,Koni De Winter,AC Milan,D,AC Milan vs Napoli,10,7.2,,0.0,,,6,4.0,,,,,,0,0,3.0,3.0
162141,Koni De Winter,AC Milan,D,AC Milan vs Fiorentina,8,6.7,,0.0,,,1,,,1.0,1.0,2.0,,0,0,1.0,3.0
162141,Koni De Winter,AC Milan,D,AC Milan vs Pisa,90,6.3,,0.0,1.0,,72,66.0,,3.0,,3.0,1.0,0,0,6.0,9.0
162141,Koni De Winter,AC Milan,D,AC Milan vs AS Roma,90,7.2,,0.0,,,36,30.0,,,,1.0,,0,0,5.0,7.0
162141,Koni De Winter,AC Milan,D,Parma vs AC Milan,87,6.3,,0.0,,,67,59.0,,,,4.0,,0,0,3.0,7.0
162141,Koni De Winter,AC Milan,D,AC Milan vs Sassuolo,30,6.5,,0.0,,,18,15.0,,,,,,0,0,,
162141,Koni De Winter,AC Milan,D,AC Milan vs Hellas Verona,90,7,,0.0,1.0,,57,51.0,,1.0,,,,0,0,5.0,6.0
162141,Koni De Winter,AC Milan,D,Cagliari vs AC Milan,90,7.7,,0.0,,,77,76.0,,1.0,,,,0,0,5.0,6.0
162141,Koni De Winter,AC Milan,D,Fiorentina vs AC Milan,90,6.7,,0.0,,,43,38.0,,,,3.0,,0,0,,4.0
162141,Koni De Winter,AC Milan,D,Como vs AC Milan,90,6.3,,0.0,,,49,44.0,,1.0,,,,0,0,1.0,3.0
162141,Koni De Winter,AC Milan,D,AC Milan vs Lecce,90,7.3,,0.0,,,110,102.0,,1.0,,2.0,1.0,1,0,9.0,14.0
162141,Koni De Winter,AC Milan,D,AS Roma vs AC Milan,90,7.6,1.0,0.0,1.0,1.0,56,52.0,,2.0,,2.0,,0,0,3.0,7.0
162141,Koni De Winter,AC Milan,D,Bologna vs AC Milan,90,7.6,,0.0,,,49,43.0,,2.0,1.0,,2.0,0,0,5.0,5.0
162141,Koni De Winter,AC Milan,D,AC Milan vs Como,90,7.2,,0.0,,,83,82.0,,5.0,1.0,,1.0,0,0,6.0,7.0
162141,Koni De Winter,AC Milan,D,AC Milan vs Parma,90,6.7,,0.0,,,57,53.0,,1.0,3.0,2.0,1.0,0,0,3.0,6.0
30394,Pietro Terracciano,AC Milan,G,AC Milan vs Bologna,34,6.6,,0.0,,,7,7.0,,,,,,0,0,,
30394,Pietro Terracciano,AC Milan,G,Udinese vs AC Milan,90,7.5,,0.0,,,24,22.0,,,,,,0,0,,
269,Christopher Nkunku,AC Milan,F,AC Milan vs Bologna,12,6.5,,0.0,,,3,2.0,,,,,2.0,0,0,2.0,3.0
269,Christopher Nkunku,AC Milan,F,Udinese vs AC Milan,28,6.3,,0.0,1.0,,8,8.0,,,,2.0,,0,0,,2.0
269,Christopher Nkunku,AC Milan,F,Juventus vs AC Milan,16,6.3,,0.0,,,10,9.0,,,,,,0,0,,
269,Christopher Nkunku,AC Milan,F,AC Milan vs Pisa,14,6.3,,0.0,,,6,4.0,,,,,1.0,0,0,2.0,2.0
269,Christopher Nkunku,AC Milan,F,Atalanta vs AC Milan,45,6.2,,0.0,,,17,14.0,,,,,,0,0,,1.0
269,Christopher Nkunku,AC Milan,F,AC Milan vs AS Roma,84,6.5,,0.0,2.0,1.0,14,14.0,,,,2.0,1.0,0,0,4.0,13.0
269,Christopher Nkunku,AC Milan,F,Parma vs AC Milan,60,6.3,,1.0,1.0,1.0,12,12.0,,,1.0,,2.0,0,0,3.0,6.0
269,Christopher Nkunku,AC Milan,F,Inter vs AC Milan,12,6.5,,0.0,,,1,1.0,,,,,,0,0,,1.0
269,Christopher Nkunku,AC Milan,F,AC Milan vs Lazio,82,6.7,,0.0,,,16,16.0,,,,,1.0,0,0,1.0,3.0
269,Christopher Nkunku,AC Milan,F,Torino vs AC Milan,90,6,,0.0,2.0,1.0,27,23.0,,,,,2.0,0,0,6.0,11.0
269,Christopher Nkunku,AC Milan,F,AC Milan vs Sassuolo,90,6.3,,1.0,3.0,1.0,18,16.0,,1.0,,,,0,0,1.0,2.0
269,Christopher Nkunku,AC Milan,F,AC Milan vs Hellas Verona,90,8.3,2.0,0.0,2.0,2.0,19,16.0,,,,,1.0,0,0,3.0,6.0
269,Christopher Nkunku,AC Milan,F,Fiorentina vs AC Milan,16,7.7,1.0,0.0,1.0,1.0,6,4.0,,,,,,0,0,1.0,1.0
269,Christopher Nkunku,AC Milan,F,Como vs AC Milan,63,7.2,1.0,0.0,1.0,1.0,8,8.0,,1.0,,,1.0,0,0,3.0,5.0
269,Christopher Nkunku,AC Milan,F,AC Milan vs Lecce,8,6.5,,0.0,1.0,1.0,2,2.0,,1.0,,,,0,0,1.0,2.0
269,Christopher Nkunku,AC Milan,F,AS Roma vs AC Milan,69,6.6,,0.0,,,6,6.0,,1.0,,1.0,1.0,0,0,2.0,4.0
269,Christopher Nkunku,AC Milan,F,Bologna vs AC Milan,72,8,1.0,0.0,3.0,2.0,13,10.0,,,,,3.0,0,0,6.0,10.0
269,Christopher Nkunku,AC Milan,F,Pisa vs AC Milan,45,6.2,,0.0,,,9,9.0,,,,,,0,0,,2.0
269,Christopher Nkunku,AC Milan,F,AC Milan vs Como,62,6.3,,0.0,,,16,15.0,,,,1.0,2.0,0,0,2.0,9.0
269,Christopher Nkunku,AC Milan,F,AC Milan vs Parma,13,6.5,,0.0,,,4,4.0,,,,,,0,0,,2.0
44814,Lewis Ferguson,Bologna,M,AC Milan vs Bologna,90,6.9,,0.0,,,102,96.0,,,,3.0,,0,0,3.0,10.0
44814,Lewis Ferguson,Bologna,M,Bologna vs Genoa,18,6.3,,0.0,,,15,13.0,,,,1.0,1.0,0,0,1.0,4.0
44814,Lewis Ferguson,Bologna,M,Lecce vs Bologna,90,6.9,,0.0,1.0,,58,51.0,,2.0,1.0,1.0,1.0,0,0,7.0,10.0
44814,Lewis Ferguson,Bologna,M,Cagliari vs Bologna,90,6.9,,0.0,1.0,1.0,50,45.0,,1.0,1.0,2.0,2.0,1,0,3.0,6.0
44814,Lewis Ferguson,Bologna,M,Fiorentina vs Bologna,90,6.3,,0.0,,,40,36.0,,1.0,1.0,3.0,3.0,0,0,4.0,9.0
44814,Lewis Ferguson,Bologna,M,Bologna vs Torino,67,7.2,,0.0,,,74,70.0,,1.0,,,2.0,0,0,4.0,6.0
44814,Lewis Ferguson,Bologna,M,Bologna vs Napoli,90,6.9,,0.0,,,65,53.0,,,,4.0,1.0,0,0,2.0,7.0
44814,Lewis Ferguson,Bologna,M,Lazio vs Bologna,26,6.3,,0.0,1.0,,29,27.0,,,,,,0,0,,1.0
44814,Lewis Ferguson,Bologna,M,Bologna vs Juventus,66,6.3,,0.0,,,33,27.0,,,1.0,2.0,1.0,0,0,1.0,5.0
44814,Lewis Ferguson,Bologna,M,Inter vs Bologna,90,6.5,,0.0,,,43,38.0,,,,1.0,2.0,0,0,4.0,7.0
44814,Lewis Ferguson,Bologna,M,Bologna vs Atalanta,90,7.3,,0.0,,,49,35.0,,2.0,,1.0,,0,0,7.0,11.0
44814,Lewis Ferguson,Bologna,M,Como vs Bologna,14,6.3,,0.0,,,3,,,,,,,1,0,1.0,3.0
44814,Lewis Ferguson,Bologna,M,Hellas Verona vs Bologna,11,6.6,,0.0,,,12,11.0,,2.0,,,,0,0,2.0,3.0
44814,Lewis Ferguson,Bologna,M,Bologna vs Fiorentina,18,6.9,,0.0,,,18,18.0,,,,2.0,,1,0,,2.0
44814,Lewis Ferguson,Bologna,M,Genoa vs Bologna,90,7.2,1.0,0.0,2.0,1.0,39,32.0,,1.0,1.0,3.0,2.0,0,0,5.0,14.0
44814,Lewis Ferguson,Bologna,M,Bologna vs AC Milan,90,6.6,,0.0,,,61,56.0,,5.0,,3.0,1.0,1,0,6.0,10.0
44814,Lewis Ferguson,Bologna,M,Bologna vs Parma,90,7.2,,0.0,,,67,63.0,,2.0,,1.0,1.0,0,0,3.0,6.0
44814,Lewis Ferguson,Bologna,M,Torino vs Bologna,9,6.7,,0.0,,,9,7.0,,,,,,0,0,1.0,1.0
278095,Jonathan Rowe,Bologna,F,AC Milan vs Bologna,16,6.3,,0.0,,,7,7.0,,,,1.0,,0,0,1.0,3.0
278095,Jonathan Rowe,Bologna,F,Lecce vs Bologna,68,6.6,,0.0,1.0,1.0,21,17.0,,3.0,1.0,1.0,3.0,0,0,8.0,14.0
278095,Jonathan Rowe,Bologna,F,Bologna vs Pisa,34,6,,0.0,4.0,,19,18.0,,1.0,,1.0,,0,0,1.0,3.0
278095,Jonathan Rowe,Bologna,F,Fiorentina vs Bologna,22,6.7,,0.0,,,2,2.0,,,,,1.0,1,0,2.0,5.0
278095,Jonathan Rowe,Bologna,F,Parma vs Bologna,82,6.9,,0.0,1.0,,19,17.0,,,1.0,1.0,2.0,0,0,5.0,10.0
278095,Jonathan Rowe,Bologna,F,Bologna vs Napoli,45,6.9,,0.0,1.0,1.0,15,14.0,,1.0,,,1.0,0,0,3.0,4.0
278095,Jonathan Rowe,Bologna,F,Lazio vs Bologna,26,6.9,,0.0,,,10,9.0,,1.0,,1.0,1.0,0,0,6.0,11.0
278095,Jonathan Rowe,Bologna,F,Bologna vs Sassuolo,84,6.9,,0.0,1.0,1.0,20,18.0,,2.0,1.0,2.0,4.0,0,0,9.0,19.0
278095,Jonathan Rowe,Bologna,F,Inter vs Bologna,90,6.2,,0.0,1.0,1.0,13,9.0,,2.0,,2.0,4.0,1,0,6.0,14.0
278095,Jonathan Rowe,Bologna,F,Bologna vs Atalanta,45,6.9,,0.0,2.0,2.0,8,7.0,,1.0,,1.0,2.0,0,0,3.0,6.0
278095,Jonathan Rowe,Bologna,F,Como vs Bologna,76,6.2,,0.0,,,15,8.0,,1.0,2.0,,2.0,0,0,4.0,11.0
278095,Jonathan Rowe,Bologna,F,Bologna vs Fiorentina,45,7.6,,1.0,3.0,1.0,19,18.0,,2.0,,1.0,2.0,0,0,8.0,10.0
278095,Jonathan Rowe,Bologna,F,Genoa vs Bologna,73,6.6,,0.0,1.0,1.0,14,12.0,,,,3.0,1.0,0,0,1.0,6.0
278095,Jonathan Rowe,Bologna,F,Bologna vs AC Milan,78,6.9,,0.0,1.0,,24,19.0,,,,,1.0,0,0,5.0,7.0
278095,Jonathan Rowe,Bologna,F,Bologna vs Parma,87,7.3,,0.0,2.0,,17,11.0,,,,,3.0,0,0,11.0,15.0
278095,Jonathan Rowe,Bologna,F,Torino vs Bologna,74,6.7,,0.0,4.0,1.0,16,11.0,,,,,2.0,0,0,6.0,11.0
278095,Jonathan Rowe,Bologna,F,Bologna vs Udinese,56,6.2,,0.0,1.0,1.0,9,6.0,,2.0,,,,0,0,4.0,10.0
203,Roberto Gagliardini,Hellas Verona,M,Hellas Verona vs Cremonese,30,6.9,,0.0,,,19,16.0,,,1.0,1.0,1.0,0,0,4.0,5.0
203,Roberto Gagliardini,Hellas Verona,M,AS Roma vs Hellas Verona,45,7.2,,0.0,,,32,27.0,,2.0,3.0,2.0,2.0,1,0,5.0,8.0
203,Roberto Gagliardini,Hellas Verona,M,Hellas Verona vs Sassuolo,65,7,,0.0,,,49,45.0,,1.0,1.0,1.0,2.0,0,0,3.0,8.0
203,Roberto Gagliardini,Hellas Verona,M,Pisa vs Hellas Verona,90,6.6,,0.0,1.0,,41,27.0,,3.0,2.0,,,0,0,3.0,5.0
203,Roberto Gagliardini,Hellas Verona,M,Hellas Verona vs Cagliari,90,7.5,1.0,0.0,1.0,1.0,52,35.0,,3.0,3.0,2.0,,1,0,5.0,10.0
203,Roberto Gagliardini,Hellas Verona,M,Como vs Hellas Verona,75,6,,0.0,,,15,6.0,,2.0,2.0,2.0,1.0,1,0,4.0,10.0
203,Roberto Gagliardini,Hellas Verona,M,Hellas Verona vs Inter,90,6.9,,0.0,,,35,32.0,,,,1.0,,0,0,1.0,4.0
203,Roberto Gagliardini,Hellas Verona,M,Lecce vs Hellas Verona,90,6.9,,0.0,,,37,28.0,,3.0,2.0,3.0,1.0,0,0,5.0,11.0
203,Roberto Gagliardini,Hellas Verona,M,Hellas Verona vs Parma,90,8.3,,0.0,,,79,66.0,,5.0,2.0,2.0,,1,0,9.0,12.0
203,Roberto Gagliardini,Hellas Verona,M,Genoa vs Hellas Verona,90,6.5,,0.0,,,40,25.0,,2.0,2.0,2.0,,1,0,9.0,15.0
203,Roberto Gagliardini,Hellas Verona,M,Fiorentina vs Hellas Verona,45,6.3,,0.0,1.0,1.0,19,16.0,,1.0,1.0,4.0,2.0,0,0,4.0,9.0
203,Roberto Gagliardini,Hellas Verona,M,Hellas Verona vs Torino,45,6.2,,0.0,,,36,29.0,,1.0,1.0,1.0,,0,0,1.0,4.0
203,Roberto Gagliardini,Hellas Verona,M,Napoli vs Hellas Verona,90,6.9,,0.0,1.0,,37,31.0,,3.0,3.0,,1.0,0,0,4.0,6.0
203,Roberto Gagliardini,Hellas Verona,M,Hellas Verona vs Lazio,76,6.7,,0.0,,,45,35.0,,2.0,3.0,1.0,1.0,0,0,4.0,9.0
203,Roberto Gagliardini,Hellas Verona,M,Hellas Verona vs Bologna,37,7.7,,0.0,1.0,1.0,19,15.0,,2.0,1.0,,2.0,0,0,10.0,11.0
203,Roberto Gagliardini,Hellas Verona,M,Cremonese vs Hellas Verona,90,7.2,,0.0,1.0,,48,40.0,,1.0,4.0,1.0,2.0,0,0,5.0,9.0
203,Roberto Gagliardini,Hellas Verona,M,Hellas Verona vs Udinese,90,8.2,,0.0,,,61,50.0,,9.0,4.0,2.0,1.0,1,0,15.0,19.0
203,Roberto Gagliardini,Hellas Verona,M,Cagliari vs Hellas Verona,29,6.9,,0.0,,,17,14.0,,,2.0,,3.0,0,0,4.0,5.0
368260,Gift Orban,Hellas Verona,F,Hellas Verona vs Cremonese,80,6.3,,0.0,5.0,3.0,23,15.0,,,,2.0,,0,0,2.0,5.0
368260,Gift Orban,Hellas Verona,F,Hellas Verona vs Juventus,89,6.9,1.0,0.0,7.0,3.0,14,7.0,,1.0,1.0,3.0,,1,0,3.0,11.0
368260,Gift Orban,Hellas Verona,F,AS Roma vs Hellas Verona,90,5.5,,0.0,3.0,1.0,8,4.0,,,,1.0,1.0,0,0,4.0,11.0
368260,Gift Orban,Hellas Verona,F,Hellas Verona vs Sassuolo,90,6,,0.0,4.0,1.0,15,8.0,,,,1.0,,0,0,3.0,8.0
368260,Gift Orban,Hellas Verona,F,Pisa vs Hellas Verona,67,5.9,,0.0,2.0,,13,10.0,,,,,,0,0,,7.0
368260,Gift Orban,Hellas Verona,F,Hellas Verona vs Cagliari,78,7.5,1.0,0.0,2.0,2.0,12,6.0,,,,1.0,1.0,0,0,4.0,10.0
368260,Gift Orban,Hellas Verona,F,Como vs Hellas Verona,90,6.3,,0.0,1.0,1.0,17,10.0,,,,,,1,0,2.0,5.0
368260,Gift Orban,Hellas Verona,F,Hellas Verona vs Inter,73,6.5,,1.0,2.0,,10,6.0,,,1.0,1.0,,1,0,1.0,5.0
368260,Gift Orban,Hellas Verona,F,Lecce vs Hellas Verona,86,6.7,,0.0,1.0,1.0,9,5.0,,,,1.0,2.0,0,0,2.0,7.0
368260,Gift Orban,Hellas Verona,F,Hellas Verona vs Parma,64,6,,0.0,1.0,,7,7.0,,,,2.0,,0,0,,6.0
368260,Gift Orban,Hellas Verona,F,Genoa vs Hellas Verona,24,6.5,,0.0,1.0,1.0,5,5.0,,,,,1.0,0,0,3.0,5.0
368260,Gift Orban,Hellas Verona,F,Fiorentina vs Hellas Verona,55,9.3,2.0,0.0,6.0,2.0,8,7.0,,1.0,1.0,1.0,2.0,0,0,6.0,10.0
368260,Gift Orban,Hellas Verona,F,AC Milan vs Hellas Verona,45,6.2,,0.0,,,7,3.0,,,,1.0,,0,0,,1.0
368260,Gift Orban,Hellas Verona,F,Hellas Verona vs Torino,45,7,,0.0,1.0,1.0,12,10.0,,,,,1.0,0,0,3.0,3.0
368260,Gift Orban,Hellas Verona,F,Napoli vs Hellas Verona,87,6.9,1.0,0.0,4.0,2.0,25,23.0,,,,,1.0,1,0,3.0,7.0
368260,Gift Orban,Hellas Verona,F,Hellas Verona vs Lazio,68,6.6,,0.0,1.0,,10,5.0,,,,,2.0,0,0,4.0,7.0
368260,Gift Orban,Hellas Verona,F,Hellas Verona vs Bologna,90,7.7,1.0,0.0,3.0,2.0,12,11.0,,,,1.0,2.0,0,0,5.0,13.0
368260,Gift Orban,Hellas Verona,F,Cremonese vs Hellas Verona,90,6.3,,0.0,,,17,15.0,,,1.0,,2.0,0,0,3.0,9.0
368260,Gift Orban,Hellas Verona,F,Hellas Verona vs Udinese,90,8,1.0,0.0,3.0,3.0,20,16.0,,,,,2.0,0,0,6.0,16.0
368260,Gift Orban,Hellas Verona,F,Cagliari vs Hellas Verona,90,6.2,,0.0,2.0,,9,9.0,,,,,1.0,0,0,2.0,9.0
368260,Gift Orban,Hellas Verona,F,Hellas Verona vs Pisa,82,6.5,,0.0,2.0,,18,11.0,,1.0,,2.0,2.0,0,0,4.0,10.0
368260,Gift Orban,Hellas Verona,F,Parma vs Hellas Verona,11,3,,0.0,,,3,2.0,,,,1.0,,0,1,,
31678,Jean-Daniel Akpa Akpro,Hellas Verona,M,Hellas Verona vs Cremonese,50,6.2,,0.0,1.0,,8,8.0,,1.0,,4.0,,0,0,1.0,7.0
31678,Jean-Daniel Akpa Akpro,Hellas Verona,M,Hellas Verona vs Juventus,77,6.2,,0.0,,,19,13.0,,1.0,4.0,2.0,,1,0,2.0,7.0
31678,Jean-Daniel Akpa Akpro,Hellas Verona,M,AS Roma vs Hellas Verona,45,6.2,,0.0,,,10,4.0,,,2.0,2.0,,1,0,2.0,4.0
31678,Jean-Daniel Akpa Akpro,Hellas Verona,M,Hellas Verona vs Sassuolo,25,6,,0.0,1.0,1.0,8,6.0,,,,3.0,,0,0,1.0,7.0
31678,Jean-Daniel Akpa Akpro,Hellas Verona,M,Pisa vs Hellas Verona,29,6.9,,0.0,,,10,7.0,,3.0,,1.0,,0,0,4.0,6.0
31678,Jean-Daniel Akpa Akpro,Hellas Verona,M,Hellas Verona vs Cagliari,45,6.9,,0.0,,,14,11.0,,5.0,,2.0,,1,0,7.0,13.0
31678,Jean-Daniel Akpa Akpro,Hellas Verona,M,Hellas Verona vs Inter,88,6.9,,0.0,,,12,9.0,,4.0,2.0,1.0,,0,0,7.0,13.0
31678,Jean-Daniel Akpa Akpro,Hellas Verona,M,Lecce vs Hellas Verona,90,6.6,,0.0,,,25,18.0,,,4.0,2.0,,1,0,6.0,14.0
31678,Jean-Daniel Akpa Akpro,Hellas Verona,M,Hellas Verona vs Parma,45,6.9,,0.0,,,9,7.0,,5.0,,2.0,1.0,0,0,10.0,19.0
31678,Jean-Daniel Akpa Akpro,Hellas Verona,M,Parma vs Hellas Verona,70,7.7,,0.0,,,12,11.0,,5.0,2.0,2.0,1.0,1,0,11.0,14.0
202086,Jeremy Sarmiento,Cremonese,M,Hellas Verona vs Cremonese,32,7,,0.0,1.0,1.0,20,18.0,,1.0,,,,0,0,4.0,5.0
202086,Jeremy Sarmiento,Cremonese,M,Cremonese vs Udinese,16,6.9,,0.0,,,9,8.0,,,,,,0,0,2.0,4.0
202086,Jeremy Sarmiento,Cremonese,M,Cremonese vs Atalanta,45,6.9,,0.0,1.0,1.0,12,11.0,,3.0,1.0,,,0,0,3.0,4.0
202086,Jeremy Sarmiento,Cremonese,M,Genoa vs Cremonese,8,6.7,,0.0,,,0,,,1.0,,,,0,0,1.0,2.0
202086,Jeremy Sarmiento,Cremonese,M,Cremonese vs Juventus,28,6.5,,0.0,,,6,5.0,,1.0,1.0,,1.0,0,0,2.0,5.0
202086,Jeremy Sarmiento,Cremonese,M,Pisa vs Cremonese,13,6.7,,0.0,,,11,11.0,,,,,,0,0,,1.0
18788,Jamie Vardy,Cremonese,F,Hellas Verona vs Cremonese,31,6.5,,0.0,,,6,5.0,,,,,,0,0,,1.0
18788,Jamie Vardy,Cremonese,F,Inter vs Cremonese,32,6.7,,0.0,,,9,5.0,,1.0,,1.0,,0,0,3.0,6.0
18788,Jamie Vardy,Cremonese,F,Cremonese vs Udinese,90,6.3,,0.0,1.0,1.0,11,3.0,,,,3.0,1.0,1,0,4.0,11.0
18788,Jamie Vardy,Cremonese,F,Cremonese vs Atalanta,90,6.9,1.0,0.0,1.0,1.0,11,7.0,,1.0,,1.0,3.0,1,0,7.0,16.0
18788,Jamie Vardy,Cremonese,F,Genoa vs Cremonese,90,6.3,,0.0,,,12,5.0,,2.0,,1.0,1.0,0,0,8.0,17.0
18788,Jamie Vardy,Cremonese,F,Cremonese vs Juventus,90,8,1.0,0.0,1.0,1.0,8,4.0,,1.0,,,,0,0,4.0,4.0
18788,Jamie Vardy,Cremonese,F,Pisa vs Cremonese,90,6.2,,0.0,1.0,1.0,4,2.0,,,,,,0,0,1.0,4.0
18788,Jamie Vardy,Cremonese,F,Cremonese vs AS Roma,90,6.9,,0.0,,,19,15.0,,,,1.0,1.0,0,0,4.0,8.0
18788,Jamie Vardy,Cremonese,F,Bologna vs Cremonese,90,8.3,2.0,0.0,2.0,2.0,13,8.0,,1.0,,,,0,0,4.0,13.0
18788,Jamie Vardy,Cremonese,F,Cremonese vs Lecce,90,6.2,,0.0,,,17,6.0,,1.0,,,1.0,0,0,4.0,12.0
18788,Jamie Vardy,Cremonese,F,Torino vs Cremonese,90,6.3,,0.0,,,13,6.0,,,1.0,,1.0,0,0,3.0,8.0
18788,Jamie Vardy,Cremonese,F,Lazio vs Cremonese,90,6.2,,0.0,1.0,,10,7.0,,,,1.0,1.0,0,0,1.0,5.0
18788,Jamie Vardy,Cremonese,F,Cremonese vs Napoli,90,6.7,,0.0,,,10,8.0,,1.0,1.0,,1.0,0,0,3.0,8.0
18788,Jamie Vardy,Cremonese,F,Fiorentina vs Cremonese,76,6.3,,0.0,,,15,8.0,,,,1.0,,0,0,4.0,7.0
18788,Jamie Vardy,Cremonese,F,Cremonese vs Cagliari,89,7.9,1.0,1.0,3.0,2.0,17,8.0,,,,,,0,0,3.0,8.0
18788,Jamie Vardy,Cremonese,F,Juventus vs Cremonese,58,6.2,,0.0,,,10,6.0,,,,,,0,0,1.0,4.0
18788,Jamie Vardy,Cremonese,F,Cremonese vs Hellas Verona,90,6.3,,0.0,1.0,,8,5.0,,,,2.0,3.0,1,0,5.0,15.0
18788,Jamie Vardy,Cremonese,F,Sassuolo vs Cremonese,90,6.2,,0.0,2.0,1.0,9,7.0,,,1.0,,1.0,0,0,2.0,4.0
18788,Jamie Vardy,Cremonese,F,Cremonese vs Inter,90,6.3,,0.0,,,10,7.0,,1.0,,2.0,2.0,1,0,5.0,10.0
18788,Jamie Vardy,Cremonese,F,Atalanta vs Cremonese,63,6.3,,0.0,,,11,11.0,,1.0,,,,0,0,3.0,7.0
18788,Jamie Vardy,Cremonese,F,Cremonese vs Genoa,58,6.3,,0.0,2.0,1.0,16,13.0,,,,3.0,,0,0,2.0,8.0
18788,Jamie Vardy,Cremonese,F,AS Roma vs Cremonese,27,6.5,,0.0,,,7,5.0,,,,,1.0,0,0,1.0,2.0
354533,Jayden Addai,Como,F,Como vs Genoa,17,6.3,,0.0,,,2,2.0,,1.0,,,,0,0,1.0,3.0
354533,Jayden Addai,Como,F,Fiorentina vs Como,29,7.7,1.0,0.0,2.0,1.0,8,6.0,,,,,1.0,0,0,1.0,2.0
354533,Jayden Addai,Como,F,Como vs Cremonese,45,6.2,,0.0,1.0,,6,3.0,,,1.0,1.0,,0,0,1.0,4.0
354533,Jayden Addai,Como,F,Atalanta vs Como,90,6,,0.0,1.0,1.0,32,20.0,,,,4.0,2.0,1,0,4.0,16.0
354533,Jayden Addai,Como,F,Napoli vs Como,82,6.2,,0.0,,,20,18.0,,1.0,,2.0,2.0,0,0,3.0,15.0
354533,Jayden Addai,Como,F,Como vs Cagliari,75,6.7,,0.0,1.0,1.0,18,13.0,,,,1.0,1.0,1,0,2.0,6.0
354533,Jayden Addai,Como,F,Torino vs Como,90,8.9,2.0,0.0,3.0,2.0,23,15.0,,2.0,1.0,1.0,4.0,0,0,8.0,13.0
354533,Jayden Addai,Como,F,Como vs Sassuolo,82,7,,0.0,1.0,1.0,18,14.0,,1.0,,1.0,1.0,0,0,3.0,4.0
354533,Jayden Addai,Como,F,Inter vs Como,45,6.5,,0.0,,,13,11.0,,,,1.0,,0,0,1.0,4.0
354533,Jayden Addai,Como,F,AS Roma vs Como,65,6.9,,0.0,1.0,,5,3.0,,1.0,1.0,1.0,1.0,1,0,6.0,9.0
354533,Jayden Addai,Como,F,Como vs Atalanta,35,7.2,,0.0,1.0,,13,12.0,,,,1.0,1.0,1,0,1.0,4.0
354533,Jayden Addai,Como,F,Como vs Fiorentina,33,7,,0.0,,,9,7.0,,,,,1.0,0,0,5.0,6.0
31137,Stefano Sabelli,Genoa,D,Como vs Genoa,57,7,,0.0,,,22,14.0,,4.0,,,,0,0,4.0,4.0
31137,Stefano Sabelli,Genoa,D,Napoli vs Genoa,76,6.6,,0.0,,,22,12.0,,2.0,,,3.0,0,0,5.0,5.0
31137,Stefano Sabelli,Genoa,D,Genoa vs Parma,45,6.9,,0.0,,,30,22.0,,,,,,0,0,,
31137,Stefano Sabelli,Genoa,D,Torino vs Genoa,78,5.6,,0.0,,,40,31.0,,3.0,1.0,1.0,2.0,0,0,5.0,11.0
31137,Stefano Sabelli,Genoa,D,Genoa vs Hellas Verona,11,6.7,,0.0,,,0,,,,,,,0,0,,1.0
31137,Stefano Sabelli,Genoa,D,Genoa vs Cagliari,8,6.6,,0.0,,,7,7.0,,,,,,0,0,,
31137,Stefano Sabelli,Genoa,D,Parma vs Genoa,77,7.5,,0.0,2.0,,14,10.0,,2.0,1.0,1.0,2.0,0,0,6.0,6.0
31137,Stefano Sabelli,Genoa,D,Genoa vs Torino,19,6.7,,0.0,,,11,7.0,,,,,,0,0,,1.0
19738,Corrie Ndaba,Lecce,D,Lecce vs Cagliari,45,6.9,,0.0,,,21,20.0,,1.0,2.0,1.0,,0,0,4.0,5.0
19738,Corrie Ndaba,Lecce,D,Lecce vs Bologna,21,6.2,,0.0,,,4,3.0,,,,,,0,0,,
19738,Corrie Ndaba,Lecce,D,Parma vs Lecce,10,6.7,,0.0,,,0,,,,,,,0,0,,1.0
19738,Corrie Ndaba,Lecce,D,Lecce vs Pisa,74,6.9,,0.0,1.0,,38,32.0,,1.0,,,,0,0,4.0,10.0
19738,Corrie Ndaba,Lecce,D,Juventus vs Lecce,22,7,,0.0,,,1,1.0,,,,,,0,0,1.0,1.0
19738,Corrie Ndaba,Lecce,D,Lecce vs Parma,78,6.2,,0.0,,,21,15.0,,,,,,0,0,1.0,1.0
19738,Corrie Ndaba,Lecce,D,AC Milan vs Lecce,90,6.6,,0.0,,,44,38.0,,4.0,,1.0,,0,0,4.0,6.0
19738,Corrie Ndaba,Lecce,D,Cagliari vs Lecce,10,7,,0.0,,,2,1.0,,1.0,,,,0,0,1.0,1.0
347265,Benjamín Domínguez,Bologna,M,Bologna vs Genoa,59,6.5,,0.0,,,24,20.0,,,,,1.0,0,0,2.0,6.0
347265,Benjamín Domínguez,Bologna,M,Bologna vs Pisa,15,6.3,,0.0,2.0,,4,3.0,,,,1.0,,0,0,1.0,3.0
347265,Benjamín Domínguez,Bologna,M,Cagliari vs Bologna,13,6.7,,1.0,,,3,3.0,,,,,,0,0,1.0,3.0
347265,Benjamín Domínguez,Bologna,M,Bologna vs Torino,23,6.5,,0.0,1.0,,4,2.0,,3.0,,,1.0,0,0,4.0,10.0
347265,Benjamín Domínguez,Bologna,M,Udinese vs Bologna,85,6.9,,0.0,,,13,10.0,,2.0,1.0,2.0,4.0,0,0,8.0,15.0
347265,Benjamín Domínguez,Bologna,M,Bologna vs Cremonese,45,6.3,,0.0,1.0,1.0,6,6.0,,,1.0,,1.0,0,0,1.0,3.0
347265,Benjamín Domínguez,Bologna,M,Bologna vs Sassuolo,19,6.2,,0.0,,,5,4.0,,,,1.0,,1,0,,5.0
347265,Benjamín Domínguez,Bologna,M,Bologna vs Atalanta,10,6.3,,0.0,,,1,1.0,,,,,,0,0,,1.0
347265,Benjamín Domínguez,Bologna,M,Hellas Verona vs Bologna,90,6.2,,1.0,1.0,,17,16.0,,1.0,,2.0,3.0,0,0,4.0,16.0
347265,Benjamín Domínguez,Bologna,M,Genoa vs Bologna,61,7.2,,1.0,,,15,13.0,,1.0,,,1.0,0,0,4.0,6.0
347265,Benjamín Domínguez,Bologna,M,Torino vs Bologna,16,6.2,,0.0,,,6,2.0,,,,,,0,0,,4.0
867,Grigoris Kastanos,Hellas Verona,M,Hellas Verona vs Juventus,12,6.9,,0.0,,,4,2.0,,4.0,1.0,1.0,1.0,0,0,5.0,8.0
867,Grigoris Kastanos,Hellas Verona,M,AS Roma vs Hellas Verona,8,7,,0.0,,,1,1.0,,,,,,0,0,,1.0
867,Grigoris Kastanos,Hellas Verona,M,Hellas Verona vs Sassuolo,12,6.7,,0.0,1.0,,4,1.0,,,1.0,,,0,0,1.0,2.0
867,Grigoris Kastanos,Hellas Verona,M,Hellas Verona vs Torino,15,6.3,,0.0,,,10,8.0,,,1.0,1.0,,0,0,1.0,4.0
867,Grigoris Kastanos,Hellas Verona,M,Hellas Verona vs Udinese,11,6.3,,0.0,,,6,5.0,,1.0,,,,0,0,1.0,3.0
48392,Edon Zhegrova,Juventus,F,Hellas Verona vs Juventus,14,6.2,,0.0,,,2,1.0,,2.0,,1.0,,0,0,2.0,5.0
48392,Edon Zhegrova,Juventus,F,Juventus vs Atalanta,26,7.2,,0.0,1.0,1.0,21,16.0,,,,,1.0,0,0,7.0,10.0
48392,Edon Zhegrova,Juventus,F,Juventus vs Torino,25,6.6,,0.0,,,19,15.0,,,,,,0,0,2.0,4.0
48392,Edon Zhegrova,Juventus,F,Napoli vs Juventus,8,6.9,,0.0,1.0,1.0,8,7.0,,,,1.0,,0,0,2.0,3.0
48392,Edon Zhegrova,Juventus,F,Juventus vs AS Roma,29,6.3,,0.0,,,10,8.0,,,,,1.0,0,0,3.0,8.0
48392,Edon Zhegrova,Juventus,F,Pisa vs Juventus,30,6.7,,0.0,2.0,2.0,15,11.0,,1.0,,,,0,0,2.0,5.0
48392,Edon Zhegrova,Juventus,F,Juventus vs Lecce,45,6.9,,0.0,1.0,,26,24.0,,1.0,,,,0,0,2.0,6.0
48392,Edon Zhegrova,Juventus,F,Juventus vs Cremonese,28,6.6,,0.0,,,19,15.0,,,,,1.0,0,0,2.0,6.0
48392,Edon Zhegrova,Juventus,F,Cagliari vs Juventus,24,6.3,,0.0,1.0,1.0,22,21.0,,,,,,0,0,1.0,3.0
48392,Edon Zhegrova,Juventus,F,Juventus vs Lazio,45,6.6,,0.0,2.0,1.0,25,22.0,,1.0,,,,0,0,2.0,7.0
162907,Alessandro Zanoli,Udinese,D,Udinese vs AC Milan,31,6.9,,0.0,,,16,16.0,,,,,1.0,0,0,2.0,2.0
162907,Alessandro Zanoli,Udinese,D,Sassuolo vs Udinese,67,6.2,,0.0,,,23,22.0,,,,1.0,,0,0,2.0,5.0
162907,Alessandro Zanoli,Udinese,D,Udinese vs Cagliari,86,6.9,,0.0,,,21,18.0,,,,1.0,1.0,0,0,4.0,9.0
162907,Alessandro Zanoli,Udinese,D,Cremonese vs Udinese,86,7.7,,1.0,,,22,16.0,,2.0,,,,0,0,4.0,9.0
162907,Alessandro Zanoli,Udinese,D,Udinese vs Lecce,86,6.6,,0.0,,,20,15.0,,3.0,,2.0,,0,0,5.0,10.0
162907,Alessandro Zanoli,Udinese,D,Juventus vs Udinese,16,6.7,,0.0,,,9,8.0,,2.0,,,,0,0,2.0,2.0
162907,Alessandro Zanoli,Udinese,D,Udinese vs Atalanta,76,6.6,,0.0,,,20,16.0,,3.0,,2.0,1.0,0,0,4.0,10.0
162907,Alessandro Zanoli,Udinese,D,AS Roma vs Udinese,90,6.3,,0.0,,,30,21.0,,1.0,,2.0,,0,0,5.0,9.0
162907,Alessandro Zanoli,Udinese,D,Udinese vs Bologna,27,6.2,,0.0,,,7,3.0,,1.0,,1.0,,0,0,1.0,2.0
162907,Alessandro Zanoli,Udinese,D,Parma vs Udinese,82,6.9,,0.0,,,20,15.0,,2.0,,1.0,,0,0,3.0,8.0
162907,Alessandro Zanoli,Udinese,D,Udinese vs Genoa,73,7.2,,0.0,,,9,8.0,,3.0,2.0,,,0,0,4.0,4.0
162907,Alessandro Zanoli,Udinese,D,Udinese vs Napoli,89,6.9,,0.0,,,28,24.0,,2.0,2.0,2.0,,0,0,4.0,8.0
162907,Alessandro Zanoli,Udinese,D,Fiorentina vs Udinese,45,6.2,,0.0,,,25,22.0,,,1.0,1.0,,1,0,,1.0
162907,Alessandro Zanoli,Udinese,D,Udinese vs Lazio,87,6.9,,0.0,,,19,15.0,,2.0,,1.0,1.0,0,0,4.0,5.0
162907,Alessandro Zanoli,Udinese,D,Como vs Udinese,80,7.2,,0.0,,,25,20.0,,3.0,2.0,,1.0,0,0,7.0,8.0
162907,Alessandro Zanoli,Udinese,D,Torino vs Udinese,61,6.5,,1.0,,,15,8.0,,,,1.0,,0,0,1.0,9.0
162907,Alessandro Zanoli,Udinese,D,Udinese vs Pisa,56,7,,0.0,1.0,,16,13.0,,1.0,,1.0,,0,0,4.0,5.0
162907,Alessandro Zanoli,Udinese,D,Udinese vs Inter,75,6.5,,0.0,,,11,10.0,,,,,,0,0,2.0,6.0
162907,Alessandro Zanoli,Udinese,D,Hellas Verona vs Udinese,77,8.2,1.0,0.0,2.0,1.0,12,10.0,,,,,,0,0,3.0,3.0
343558,Lennon Miller,Udinese,M,Udinese vs AC Milan,9,6.7,,0.0,2.0,1.0,2,1.0,,,,,1.0,0,0,2.0,2.0
343558,Lennon Miller,Udinese,M,Sassuolo vs Udinese,45,6.3,,0.0,,,10,8.0,,2.0,,2.0,,0,0,3.0,5.0
343558,Lennon Miller,Udinese,M,Cremonese vs Udinese,4,,,0.0,,,1,,,,,1.0,,0,0,1.0,2.0
343558,Lennon Miller,Udinese,M,Juventus vs Udinese,16,6.3,,0.0,,,2,1.0,,,,1.0,,1,0,1.0,4.0
343558,Lennon Miller,Udinese,M,Udinese vs Lazio,11,6.7,,0.0,,,1,,,,,,,0,0,,
343558,Lennon Miller,Udinese,M,Como vs Udinese,45,7.2,,0.0,,,19,15.0,,1.0,1.0,,,0,0,3.0,5.0
343558,Lennon Miller,Udinese,M,Torino vs Udinese,80,7,,0.0,,,35,26.0,,1.0,1.0,1.0,3.0,0,0,6.0,10.0
343558,Lennon Miller,Udinese,M,Udinese vs Pisa,75,6.3,,0.0,1.0,,38,30.0,,1.0,,1.0,,0,0,1.0,1.0
343558,Lennon Miller,Udinese,M,Udinese vs Inter,46,6.6,,0.0,,,24,20.0,,1.0,,2.0,1.0,0,0,4.0,10.0
343558,Lennon Miller,Udinese,M,Hellas Verona vs Udinese,77,6.9,,0.0,,,33,23.0,,4.0,,,,0,0,8.0,12.0
343558,Lennon Miller,Udinese,M,Udinese vs AS Roma,79,6.7,,0.0,1.0,,24,19.0,,3.0,1.0,2.0,,1,0,3.0,8.0
343558,Lennon Miller,Udinese,M,Lecce vs Udinese,64,6.3,,0.0,,,24,16.0,,,3.0,1.0,1.0,0,0,3.0,6.0
343558,Lennon Miller,Udinese,M,Udinese vs Sassuolo,65,6.9,,0.0,1.0,,18,16.0,,1.0,,1.0,1.0,0,0,3.0,5.0
396380,Zachary Athekame,AC Milan,D,Udinese vs AC Milan,9,6.7,,0.0,,,10,9.0,,,1.0,1.0,,0,0,,1.0
396380,Zachary Athekame,AC Milan,D,AC Milan vs Napoli,21,6.6,,0.0,,,8,7.0,,,,,,0,0,1.0,3.0
396380,Zachary Athekame,AC Milan,D,AC Milan vs Fiorentina,57,6.3,,0.0,1.0,,22,19.0,,2.0,,1.0,1.0,1,0,5.0,8.0
396380,Zachary Athekame,AC Milan,D,AC Milan vs Pisa,14,7.2,1.0,0.0,1.0,1.0,7,6.0,,,,1.0,,1,0,,2.0
396380,Zachary Athekame,AC Milan,D,AC Milan vs AS Roma,10,6.6,,0.0,,,1,,,,,,,0,0,1.0,1.0
396380,Zachary Athekame,AC Milan,D,Parma vs AC Milan,9,6.6,,0.0,,,2,1.0,,,,,,0,0,,
396380,Zachary Athekame,AC Milan,D,AC Milan vs Hellas Verona,14,6.9,,0.0,,,4,4.0,,1.0,,,,0,0,2.0,2.0
396380,Zachary Athekame,AC Milan,D,AC Milan vs Genoa,15,6.9,,0.0,1.0,1.0,17,16.0,,,,1.0,,0,0,,
396380,Zachary Athekame,AC Milan,D,Como vs AC Milan,10,6.3,,0.0,,,2,,,,1.0,,,0,0,,1.0
396380,Zachary Athekame,AC Milan,D,AC Milan vs Lecce,10,6.9,,0.0,,,8,8.0,,,,,1.0,0,0,1.0,1.0
396380,Zachary Athekame,AC Milan,D,AS Roma vs AC Milan,45,6,,0.0,,,15,11.0,,1.0,,1.0,1.0,1,0,2.0,5.0
396380,Zachary Athekame,AC Milan,D,Bologna vs AC Milan,67,7.3,,0.0,,,21,15.0,,3.0,,1.0,1.0,0,0,4.0,9.0
396380,Zachary Athekame,AC Milan,D,Pisa vs AC Milan,77,6.6,,1.0,,,39,30.0,,,,3.0,1.0,0,0,1.0,4.0
396380,Zachary Athekame,AC Milan,D,AC Milan vs Como,55,6.5,,0.0,,,12,9.0,,,1.0,,,0,0,,
396380,Zachary Athekame,AC Milan,D,AC Milan vs Parma,13,6.6,,0.0,,,9,9.0,,,,1.0,,0,0,,1.0
133729,Tijjani Noslin,Lazio,F,Lazio vs AS Roma,11,6.7,,0.0,,,3,2.0,,,,,1.0,0,0,3.0,5.0
133729,Tijjani Noslin,Lazio,F,Lazio vs Torino,9,7,,0.0,,,2,1.0,,1.0,,,1.0,0,0,2.0,3.0
133729,Tijjani Noslin,Lazio,F,Lazio vs Juventus,8,6.3,,0.0,,,5,4.0,,,,,,0,0,1.0,2.0
133729,Tijjani Noslin,Lazio,F,Pisa vs Lazio,9,6.3,,0.0,,,2,1.0,,,,,1.0,0,0,1.0,2.0
133729,Tijjani Noslin,Lazio,F,Lazio vs Cagliari,10,6.7,,0.0,,,2,2.0,,,,,,0,0,1.0,1.0
133729,Tijjani Noslin,Lazio,F,Inter vs Lazio,25,6.5,,0.0,1.0,1.0,9,8.0,,,,2.0,,0,0,1.0,4.0
133729,Tijjani Noslin,Lazio,F,Lazio vs Lecce,11,7.3,1.0,0.0,2.0,2.0,4,4.0,,,,1.0,,0,0,1.0,2.0
133729,Tijjani Noslin,Lazio,F,AC Milan vs Lazio,19,6.7,,0.0,,,3,3.0,,,,,,0,0,1.0,1.0
133729,Tijjani Noslin,Lazio,F,Lazio vs Bologna,30,6.7,,0.0,1.0,1.0,5,5.0,,,,,,0,0,2.0,6.0
133729,Tijjani Noslin,Lazio,F,Parma vs Lazio,20,8,1.0,0.0,1.0,1.0,2,2.0,,,,,2.0,0,0,4.0,6.0
133729,Tijjani Noslin,Lazio,F,Lazio vs Cremonese,26,6.6,,0.0,2.0,,15,14.0,,1.0,,,1.0,0,0,3.0,4.0
133729,Tijjani Noslin,Lazio,F,Udinese vs Lazio,74,6.6,,0.0,1.0,,15,14.0,,,,,1.0,0,0,3.0,7.0
133729,Tijjani Noslin,Lazio,F,Lazio vs Napoli,81,5.9,,0.0,,,19,13.0,,,,3.0,2.0,2,1,3.0,9.0
133729,Tijjani Noslin,Lazio,F,Hellas Verona vs Lazio,55,6.3,,0.0,2.0,,25,19.0,,,,,1.0,0,0,3.0,5.0
133729,Tijjani Noslin,Lazio,F,Lazio vs Como,37,6.3,,0.0,1.0,,4,4.0,,1.0,,,,0,0,1.0,3.0
133729,Tijjani Noslin,Lazio,F,Lazio vs Genoa,15,6.3,,0.0,,,7,5.0,,,,,,0,0,,
133729,Tijjani Noslin,Lazio,F,Juventus vs Lazio,26,6.5,,0.0,1.0,,13,10.0,,,,,,0,0,2.0,4.0
133729,Tijjani Noslin,Lazio,F,Lazio vs Atalanta,67,7.2,,0.0,2.0,2.0,24,18.0,,,,,1.0,0,0,3.0,3.0
133729,Tijjani Noslin,Lazio,F,Cagliari vs Lazio,11,6.9,,0.0,,,12,12.0,,,,,1.0,0,0,2.0,2.0
782,Lorenzo Pellegrini,AS Roma,F,Lazio vs AS Roma,73,7.3,1.0,0.0,2.0,2.0,24,20.0,,2.0,1.0,1.0,2.0,0,0,4.0,8.0
782,Lorenzo Pellegrini,AS Roma,F,AS Roma vs Hellas Verona,90,6.9,,0.0,,,42,24.0,,1.0,,1.0,4.0,0,0,8.0,12.0
782,Lorenzo Pellegrini,AS Roma,F,Fiorentina vs AS Roma,31,6.5,,0.0,,,13,10.0,,,,2.0,1.0,0,0,1.0,5.0
782,Lorenzo Pellegrini,AS Roma,F,AS Roma vs Inter,55,7,,0.0,,,36,31.0,,,1.0,,2.0,0,0,2.0,3.0
782,Lorenzo Pellegrini,AS Roma,F,Sassuolo vs AS Roma,24,6.7,,0.0,3.0,2.0,17,13.0,,,,,1.0,0,0,3.0,4.0
782,Lorenzo Pellegrini,AS Roma,F,AC Milan vs AS Roma,39,7.3,,0.0,1.0,1.0,27,24.0,,,,,2.0,0,0,3.0,5.0
782,Lorenzo Pellegrini,AS Roma,F,AS Roma vs Udinese,74,7.2,1.0,0.0,2.0,1.0,46,39.0,,1.0,,1.0,1.0,1,0,3.0,10.0
782,Lorenzo Pellegrini,AS Roma,F,Cremonese vs AS Roma,60,6.3,,0.0,1.0,1.0,31,21.0,,,,3.0,1.0,0,0,2.0,4.0
782,Lorenzo Pellegrini,AS Roma,F,AS Roma vs Napoli,80,6.2,,0.0,1.0,,36,28.0,,,,,2.0,0,0,2.0,8.0
782,Lorenzo Pellegrini,AS Roma,F,Cagliari vs AS Roma,62,6.3,,0.0,1.0,1.0,24,20.0,,,,1.0,,0,0,,4.0
782,Lorenzo Pellegrini,AS Roma,F,AS Roma vs Como,73,6.9,,0.0,2.0,,28,20.0,,,1.0,,2.0,0,0,5.0,9.0
782,Lorenzo Pellegrini,AS Roma,F,Juventus vs AS Roma,53,6.3,,0.0,3.0,1.0,34,25.0,,,1.0,,,0,0,3.0,7.0
782,Lorenzo Pellegrini,AS Roma,F,Torino vs AS Roma,52,6.5,,0.0,1.0,,28,20.0,,1.0,1.0,1.0,1.0,0,0,2.0,6.0
782,Lorenzo Pellegrini,AS Roma,F,AS Roma vs AC Milan,21,7.3,1.0,0.0,1.0,1.0,17,14.0,,,2.0,,1.0,0,0,2.0,5.0
782,Lorenzo Pellegrini,AS Roma,F,Udinese vs AS Roma,67,6.9,,0.0,,,29,27.0,,2.0,2.0,1.0,1.0,1,0,3.0,6.0
782,Lorenzo Pellegrini,AS Roma,F,AS Roma vs Cagliari,57,6.6,,0.0,,,36,26.0,,,,2.0,1.0,0,0,1.0,6.0
782,Lorenzo Pellegrini,AS Roma,F,Napoli vs AS Roma,65,7.5,,0.0,,,17,14.0,,,1.0,,2.0,0,0,5.0,5.0
782,Lorenzo Pellegrini,AS Roma,F,AS Roma vs Cremonese,72,6.3,,1.0,1.0,,37,32.0,,,1.0,1.0,1.0,0,0,1.0,9.0
1600,Konstantinos Tsimikas,AS Roma,D,Lazio vs AS Roma,9,6.9,,0.0,,,6,6.0,,1.0,,,,0,0,1.0,1.0
1600,Konstantinos Tsimikas,AS Roma,D,AS Roma vs Hellas Verona,31,6.5,,0.0,,,10,5.0,,,1.0,,,0,0,,3.0
1600,Konstantinos Tsimikas,AS Roma,D,Fiorentina vs AS Roma,67,6.3,,0.0,,,32,24.0,,2.0,1.0,2.0,1.0,1,0,5.0,8.0
1600,Konstantinos Tsimikas,AS Roma,D,Sassuolo vs AS Roma,45,6.6,,0.0,1.0,,14,11.0,,1.0,,,1.0,0,0,2.0,2.0
1600,Konstantinos Tsimikas,AS Roma,D,AC Milan vs AS Roma,13,6.7,,0.0,,,5,4.0,,,,,,0,0,,1.0
1600,Konstantinos Tsimikas,AS Roma,D,Cremonese vs AS Roma,10,6,,0.0,,,7,6.0,,,,1.0,,0,0,,3.0
1600,Konstantinos Tsimikas,AS Roma,D,Cagliari vs AS Roma,73,6.7,,0.0,,,21,16.0,,,1.0,2.0,1.0,0,0,3.0,9.0
1600,Konstantinos Tsimikas,AS Roma,D,Atalanta vs AS Roma,31,7.3,,0.0,,,13,11.0,,1.0,,1.0,,0,0,4.0,6.0
1600,Konstantinos Tsimikas,AS Roma,D,Lecce vs AS Roma,30,6.6,,0.0,,,9,7.0,,1.0,2.0,,1.0,0,0,2.0,3.0
1600,Konstantinos Tsimikas,AS Roma,D,AS Roma vs Sassuolo,63,6.9,,0.0,1.0,,27,23.0,,1.0,,,2.0,0,0,3.0,4.0
1600,Konstantinos Tsimikas,AS Roma,D,Torino vs AS Roma,14,6.6,,0.0,1.0,,8,6.0,,,,,,0,0,1.0,1.0
1600,Konstantinos Tsimikas,AS Roma,D,Udinese vs AS Roma,11,6.3,,0.0,,,9,8.0,,,,,,0,0,,3.0
1600,Konstantinos Tsimikas,AS Roma,D,Napoli vs AS Roma,18,6.3,,0.0,,,5,4.0,,,1.0,,1.0,0,0,1.0,1.0
2495,Duván Zapata,Torino,F,Torino vs Atalanta,21,5.2,,0.0,2.0,2.0,5,3.0,,,,,,0,0,1.0,3.0
2495,Duván Zapata,Torino,F,Torino vs Napoli,14,6.5,,0.0,1.0,,4,2.0,,,,,,0,0,1.0,3.0
2495,Duván Zapata,Torino,F,Torino vs Genoa,14,6.3,,0.0,,,2,2.0,,,,,,0,0,,1.0
2495,Duván Zapata,Torino,F,Bologna vs Torino,9,6.3,,0.0,,,2,1.0,,,,,,0,0,1.0,3.0
2495,Duván Zapata,Torino,F,Torino vs Pisa,12,6.2,,0.0,,,3,2.0,,,,1.0,,0,0,,3.0
2495,Duván Zapata,Torino,F,Juventus vs Torino,11,6.7,,0.0,,,1,1.0,,,,1.0,,0,0,2.0,4.0
2495,Duván Zapata,Torino,F,Torino vs Como,78,6.7,,0.0,1.0,,10,7.0,,,,,1.0,0,0,3.0,6.0
2495,Duván Zapata,Torino,F,Lecce vs Torino,53,6.2,,0.0,1.0,1.0,13,11.0,,,,1.0,1.0,0,0,1.0,2.0
2495,Duván Zapata,Torino,F,Torino vs AC Milan,90,7.2,1.0,0.0,1.0,1.0,24,15.0,,1.0,,1.0,1.0,0,0,5.0,14.0
2495,Duván Zapata,Torino,F,Torino vs Cremonese,64,6.6,,1.0,,,12,10.0,,,,1.0,1.0,0,0,4.0,9.0
2495,Duván Zapata,Torino,F,Sassuolo vs Torino,58,6.5,,0.0,1.0,,15,10.0,,,,2.0,3.0,0,0,6.0,13.0
2495,Duván Zapata,Torino,F,Torino vs Cagliari,23,7.2,,0.0,1.0,1.0,4,3.0,,,,,,0,0,2.0,3.0
2495,Duván Zapata,Torino,F,Hellas Verona vs Torino,15,6.3,,0.0,1.0,,4,3.0,,,,,2.0,0,0,2.0,4.0
2495,Duván Zapata,Torino,F,Torino vs Udinese,24,6.2,,0.0,,,7,5.0,,,,,1.0,0,0,1.0,2.0
2495,Duván Zapata,Torino,F,Atalanta vs Torino,57,6.9,,0.0,2.0,1.0,13,7.0,,,,,1.0,0,0,6.0,10.0
2495,Duván Zapata,Torino,F,Como vs Torino,23,6.7,,0.0,,,9,6.0,,,,1.0,3.0,0,0,3.0,5.0
2495,Duván Zapata,Torino,F,Torino vs Lecce,78,6.3,,0.0,3.0,2.0,13,12.0,,1.0,,,3.0,0,0,7.0,10.0
2495,Duván Zapata,Torino,F,Fiorentina vs Torino,15,6.5,,0.0,1.0,1.0,0,,,,,,,0,0,,
2495,Duván Zapata,Torino,F,Torino vs Bologna,45,6.9,,0.0,1.0,1.0,13,9.0,,,,,,0,0,2.0,2.0
2495,Duván Zapata,Torino,F,Genoa vs Torino,30,6.2,,0.0,2.0,2.0,7,6.0,,,,,,0,0,1.0,5.0
453906,Honest Ahanor,Atalanta,D,Torino vs Atalanta,63,7.3,,0.0,,,42,38.0,,3.0,1.0,2.0,2.0,0,0,7.0,9.0
453906,Honest Ahanor,Atalanta,D,Juventus vs Atalanta,90,6.9,,0.0,,,31,25.0,,4.0,1.0,1.0,1.0,0,0,7.0,11.0
453906,Honest Ahanor,Atalanta,D,Atalanta vs Como,90,6.7,,0.0,,,47,40.0,,2.0,3.0,,3.0,0,0,5.0,12.0
453906,Honest Ahanor,Atalanta,D,Atalanta vs Lazio,67,7,,0.0,1.0,,49,44.0,,1.0,1.0,1.0,1.0,0,0,3.0,3.0
453906,Honest Ahanor,Atalanta,D,Atalanta vs AC Milan,72,6.3,,0.0,3.0,,25,25.0,,1.0,,,1.0,0,0,4.0,6.0
453906,Honest Ahanor,Atalanta,D,Atalanta vs Sassuolo,90,6.2,,0.0,,,57,54.0,,1.0,1.0,,2.0,0,0,6.0,8.0
453906,Honest Ahanor,Atalanta,D,Napoli vs Atalanta,45,5.9,,0.0,,,37,35.0,,,1.0,,1.0,0,0,1.0,2.0
453906,Honest Ahanor,Atalanta,D,Atalanta vs Cagliari,35,6.7,,0.0,,,25,24.0,,1.0,,,,0,0,2.0,3.0
453906,Honest Ahanor,Atalanta,D,Atalanta vs AS Roma,64,7.5,,0.0,,,27,24.0,,5.0,,1.0,1.0,0,0,8.0,11.0
453906,Honest Ahanor,Atalanta,D,Bologna vs Atalanta,90,7,,0.0,2.0,1.0,28,24.0,,2.0,1.0,5.0,4.0,0,0,9.0,15.0
453906,Honest Ahanor,Atalanta,D,Atalanta vs Torino,90,8,,0.0,,,49,42.0,,3.0,1.0,2.0,1.0,0,0,9.0,13.0
453906,Honest Ahanor,Atalanta,D,Pisa vs Atalanta,90,7.2,,0.0,,,49,43.0,,1.0,,,2.0,0,0,8.0,17.0
453906,Honest Ahanor,Atalanta,D,Atalanta vs Parma,90,7.2,,0.0,1.0,1.0,38,32.0,,,2.0,2.0,1.0,0,0,3.0,6.0
453906,Honest Ahanor,Atalanta,D,Como vs Atalanta,8,3,,0.0,,,2,2.0,,2.0,,,,0,1,2.0,2.0
453906,Honest Ahanor,Atalanta,D,Lazio vs Atalanta,25,6.3,,0.0,1.0,,18,17.0,,1.0,2.0,1.0,,1,0,2.0,4.0
453906,Honest Ahanor,Atalanta,D,Atalanta vs Napoli,11,6.7,,0.0,,,0,,,,,2.0,1.0,0,0,1.0,3.0
18767,Ademola Lookman,Atalanta,F,Torino vs Atalanta,3,,,0.0,,,2,2.0,,,,,,0,0,,
18767,Ademola Lookman,Atalanta,F,Atalanta vs Como,73,7,,0.0,1.0,,18,15.0,,,,,2.0,0,0,5.0,7.0
18767,Ademola Lookman,Atalanta,F,Atalanta vs Lazio,82,6.9,,0.0,2.0,1.0,23,19.0,,2.0,1.0,,,0,0,3.0,7.0
18767,Ademola Lookman,Atalanta,F,Cremonese vs Atalanta,90,6.5,,0.0,,,29,26.0,,,,,,0,0,1.0,8.0
18767,Ademola Lookman,Atalanta,F,Atalanta vs AC Milan,90,7.7,1.0,0.0,1.0,1.0,25,21.0,,1.0,1.0,2.0,2.0,0,0,6.0,16.0
18767,Ademola Lookman,Atalanta,F,Udinese vs Atalanta,31,6.5,,0.0,,,8,6.0,,,,,1.0,0,0,1.0,3.0
18767,Ademola Lookman,Atalanta,F,Atalanta vs Sassuolo,78,6.6,,0.0,2.0,2.0,15,11.0,,1.0,,,,0,0,1.0,2.0
18767,Ademola Lookman,Atalanta,F,Napoli vs Atalanta,82,6.5,,0.0,1.0,1.0,25,18.0,,,,1.0,,0,0,3.0,4.0
18767,Ademola Lookman,Atalanta,F,Atalanta vs Fiorentina,77,7.3,1.0,0.0,2.0,1.0,28,24.0,,1.0,,3.0,,0,0,3.0,7.0
18767,Ademola Lookman,Atalanta,F,Hellas Verona vs Atalanta,90,6.3,,0.0,1.0,,30,20.0,,,1.0,,2.0,0,0,5.0,7.0
18767,Ademola Lookman,Atalanta,F,Atalanta vs Cagliari,90,6.9,,0.0,3.0,2.0,32,25.0,,,,4.0,1.0,0,0,3.0,9.0
18767,Ademola Lookman,Atalanta,F,Atalanta vs Parma,11,6.3,,0.0,,,5,4.0,,,,,,0,0,,
102447,Faris Moumbagna,Cremonese,F,Cremonese vs Parma,14,6.2,,0.0,,,1,,,,,,,0,0,1.0,1.0
102447,Faris Moumbagna,Cremonese,F,Torino vs Cremonese,13,6.5,,0.0,1.0,,2,2.0,,,,,,0,0,1.0,2.0
102447,Faris Moumbagna,Cremonese,F,Cremonese vs Napoli,30,6.3,,0.0,,,9,5.0,,,,,,0,0,1.0,2.0
102447,Faris Moumbagna,Cremonese,F,Fiorentina vs Cremonese,14,6.2,,0.0,,,0,,,,,1.0,,0,0,,2.0
102447,Faris Moumbagna,Cremonese,F,Cremonese vs Hellas Verona,17,6.2,,0.0,,,3,2.0,,,,,,0,0,,2.0
36986,Dennis Johnsen,Cremonese,F,Cremonese vs Parma,14,6.2,,0.0,,,7,3.0,,,,,,0,0,,3.0
36986,Dennis Johnsen,Cremonese,F,Como vs Cremonese,64,6.7,,0.0,,,14,4.0,,,,1.0,,0,0,7.0,10.0
36986,Dennis Johnsen,Cremonese,F,Inter vs Cremonese,45,6.7,,0.0,,,10,6.0,,,,,,0,0,2.0,3.0
36986,Dennis Johnsen,Cremonese,F,Cremonese vs Juventus,9,6.7,,1.0,1.0,,5,2.0,,,,,,0,0,,
36986,Dennis Johnsen,Cremonese,F,Lazio vs Cremonese,76,6.2,,0.0,,,17,7.0,,1.0,,1.0,,0,0,2.0,11.0
36986,Dennis Johnsen,Cremonese,F,Cremonese vs Napoli,30,6.7,,0.0,,,13,5.0,,,,,,0,0,1.0,2.0
36986,Dennis Johnsen,Cremonese,F,Cremonese vs Cagliari,60,8,1.0,0.0,2.0,2.0,10,9.0,,,,,2.0,0,0,3.0,5.0
36986,Dennis Johnsen,Cremonese,F,Juventus vs Cremonese,45,6.2,,0.0,,,9,7.0,,,,,1.0,0,0,1.0,2.0
36986,Dennis Johnsen,Cremonese,F,Sassuolo vs Cremonese,45,6.6,,0.0,,,10,5.0,,2.0,,,1.0,0,0,4.0,6.0
437093,Niccolò Fortini,Fiorentina,D,Fiorentina vs Como,68,6.9,,0.0,,,19,16.0,,3.0,,1.0,2.0,0,0,11.0,17.0
437093,Niccolò Fortini,Fiorentina,D,Fiorentina vs AS Roma,9,7.3,,0.0,,,7,6.0,,4.0,1.0,1.0,,0,0,4.0,6.0
437093,Niccolò Fortini,Fiorentina,D,Fiorentina vs Bologna,37,6.9,,0.0,,,10,8.0,,2.0,,1.0,3.0,0,0,5.0,7.0
437093,Niccolò Fortini,Fiorentina,D,Inter vs Fiorentina,12,6.3,,0.0,,,4,4.0,,,,,,0,0,,1.0
437093,Niccolò Fortini,Fiorentina,D,Fiorentina vs Lecce,90,7,,0.0,1.0,1.0,28,26.0,,2.0,,1.0,3.0,0,0,7.0,15.0
437093,Niccolò Fortini,Fiorentina,D,Genoa vs Fiorentina,66,7.5,,0.0,,,27,24.0,,4.0,,,1.0,0,0,5.0,7.0
437093,Niccolò Fortini,Fiorentina,D,Fiorentina vs Juventus,45,6.7,,0.0,1.0,,14,11.0,,1.0,1.0,,1.0,0,0,2.0,5.0
437093,Niccolò Fortini,Fiorentina,D,Atalanta vs Fiorentina,26,7.2,,0.0,,,13,11.0,,2.0,1.0,,1.0,0,0,5.0,7.0
437093,Niccolò Fortini,Fiorentina,D,Sassuolo vs Fiorentina,28,6.2,,0.0,1.0,,19,17.0,,1.0,,,1.0,0,0,2.0,5.0
437093,Niccolò Fortini,Fiorentina,D,Fiorentina vs Hellas Verona,29,6.5,,0.0,,,5,4.0,,,,,1.0,0,0,1.0,2.0
437093,Niccolò Fortini,Fiorentina,D,Fiorentina vs Udinese,37,6.7,,0.0,,,23,22.0,,2.0,,1.0,2.0,0,0,5.0,7.0
437093,Niccolò Fortini,Fiorentina,D,Parma vs Fiorentina,45,6.2,,0.0,1.0,,14,11.0,,1.0,1.0,,2.0,0,0,3.0,6.0
437093,Niccolò Fortini,Fiorentina,D,Fiorentina vs Cremonese,14,6.9,,0.0,1.0,1.0,17,16.0,,,,,1.0,0,0,2.0,2.0
437093,Niccolò Fortini,Fiorentina,D,Fiorentina vs AC Milan,15,6.3,,0.0,,,2,1.0,,,,,,0,0,,
437093,Niccolò Fortini,Fiorentina,D,Bologna vs Fiorentina,10,6.5,,0.0,,,4,4.0,,,,,,0,0,,
437093,Niccolò Fortini,Fiorentina,D,Fiorentina vs Cagliari,15,6.7,,0.0,,,4,3.0,,,,,,0,0,,
21090,Diego Carlos,Como,D,Fiorentina vs Como,90,6.9,,0.0,,,29,24.0,,2.0,1.0,1.0,1.0,0,0,4.0,5.0
21090,Diego Carlos,Como,D,Como vs Cremonese,90,6.3,,0.0,,,56,51.0,,,,1.0,1.0,0,0,2.0,6.0
21090,Diego Carlos,Como,D,Atalanta vs Como,90,7.6,,0.0,,,60,54.0,,2.0,,1.0,,1,0,6.0,7.0
21090,Diego Carlos,Como,D,Como vs Juventus,45,7.2,,0.0,,,20,19.0,,1.0,1.0,1.0,,1,0,2.0,3.0
21090,Diego Carlos,Como,D,Parma vs Como,90,7,,0.0,,,69,64.0,,1.0,,3.0,,1,0,1.0,4.0
21090,Diego Carlos,Como,D,Como vs Hellas Verona,90,7.2,,0.0,,,62,59.0,,2.0,1.0,1.0,,0,0,9.0,15.0
21090,Diego Carlos,Como,D,Napoli vs Como,82,7.2,,0.0,1.0,,41,35.0,,3.0,2.0,,,0,0,8.0,8.0
21090,Diego Carlos,Como,D,Como vs Cagliari,90,7.2,,0.0,,,89,88.0,,,1.0,3.0,,0,0,1.0,5.0
21090,Diego Carlos,Como,D,Torino vs Como,90,6.6,,0.0,,,80,75.0,,3.0,1.0,,,0,0,5.0,12.0
21090,Diego Carlos,Como,D,Como vs Sassuolo,90,7.2,,0.0,,,80,76.0,,,,,,0,0,2.0,4.0
21090,Diego Carlos,Como,D,Inter vs Como,90,6,,0.0,,,55,47.0,,3.0,,3.0,2.0,1,0,6.0,10.0
21090,Diego Carlos,Como,D,Lecce vs Como,79,6.2,,0.0,1.0,1.0,57,52.0,,1.0,,4.0,1.0,1,0,3.0,9.0
21090,Diego Carlos,Como,D,Como vs Bologna,90,6.9,,0.0,,,64,55.0,,1.0,1.0,2.0,,0,0,3.0,6.0
21090,Diego Carlos,Como,D,Como vs AC Milan,45,6.2,,0.0,,,30,28.0,,,1.0,,1.0,0,0,2.0,3.0
21090,Diego Carlos,Como,D,Lazio vs Como,90,7,,0.0,,,94,91.0,,,1.0,1.0,,0,0,,2.0
21090,Diego Carlos,Como,D,AC Milan vs Como,90,6.6,,0.0,,,46,46.0,,1.0,1.0,,,0,0,1.0,1.0
21090,Diego Carlos,Como,D,Juventus vs Como,16,6.3,,0.0,,,5,5.0,,,,2.0,,0,0,,2.0
711,Stefan Posch,Como,D,Fiorentina vs Como,8,6.6,,0.0,,,8,7.0,,,,,,0,0,,1.0
711,Stefan Posch,Como,D,Como vs Cremonese,90,7,,0.0,1.0,1.0,56,44.0,,4.0,1.0,,1.0,0,0,7.0,8.0
711,Stefan Posch,Como,D,Atalanta vs Como,9,6.6,,0.0,,,0,,,,,,,0,0,,
711,Stefan Posch,Como,D,Como vs Juventus,11,6.9,,0.0,,,0,,,,,,,0,0,,1.0
711,Stefan Posch,Como,D,Como vs Hellas Verona,78,7.3,1.0,0.0,1.0,1.0,45,36.0,,3.0,,,2.0,0,0,7.0,13.0
711,Stefan Posch,Como,D,Napoli vs Como,19,6.7,,0.0,,,8,5.0,,2.0,1.0,1.0,,0,0,2.0,6.0
711,Stefan Posch,Como,D,Torino vs Como,9,6.6,,0.0,,,9,8.0,,1.0,,1.0,,0,0,1.0,2.0
711,Stefan Posch,Como,D,Como vs Sassuolo,31,6.9,,0.0,,,12,8.0,,,1.0,1.0,1.0,0,0,3.0,4.0
711,Stefan Posch,Como,D,Inter vs Como,45,6,,0.0,,,31,26.0,,,1.0,3.0,2.0,0,0,2.0,7.0
711,Stefan Posch,Como,D,AS Roma vs Como,25,6.9,,0.0,3.0,1.0,19,14.0,,,,,,0,0,2.0,3.0
711,Stefan Posch,Como,D,Pisa vs Como,8,6.6,,0.0,,,2,1.0,,1.0,,,,0,0,1.0,1.0
711,Stefan Posch,Como,D,Como vs Bologna,27,6.7,,0.0,1.0,,25,22.0,,,,1.0,,0,0,,2.0
711,Stefan Posch,Como,D,Lazio vs Como,45,6.7,,0.0,1.0,,24,22.0,,1.0,,2.0,,1,0,2.0,4.0
46988,Josep Martínez,Inter,G,Inter vs Sassuolo,90,6.7,,0.0,,,30,24.0,,,,,,0,0,,
46988,Josep Martínez,Inter,G,Cagliari vs Inter,90,6.7,,0.0,,,33,25.0,,,,,,0,0,,
31173,Davide Frattesi,Inter,M,Inter vs Sassuolo,25,6.7,,0.0,1.0,1.0,4,3.0,,1.0,,1.0,,0,0,2.0,5.0
31173,Davide Frattesi,Inter,M,Cagliari vs Inter,26,6.7,,0.0,1.0,,7,6.0,,1.0,,,,0,0,1.0,1.0
31173,Davide Frattesi,Inter,M,Inter vs Cremonese,90,6.2,,0.0,3.0,2.0,22,17.0,,2.0,,,2.0,0,0,4.0,8.0
31173,Davide Frattesi,Inter,M,AS Roma vs Inter,28,6.6,,0.0,,,2,,,,,1.0,,0,0,2.0,4.0
31173,Davide Frattesi,Inter,M,Napoli vs Inter,17,6.5,,0.0,,,4,2.0,,,,,,0,0,,1.0
31173,Davide Frattesi,Inter,M,Hellas Verona vs Inter,8,6.9,,0.0,1.0,,1,1.0,,1.0,,,1.0,0,0,3.0,3.0
31173,Davide Frattesi,Inter,M,Inter vs Lazio,9,6.6,,0.0,,,1,1.0,,,,,1.0,0,0,1.0,1.0
31173,Davide Frattesi,Inter,M,Atalanta vs Inter,12,6.7,,0.0,,,1,,,1.0,1.0,,,0,0,1.0,1.0
31173,Davide Frattesi,Inter,M,Inter vs Lecce,33,6.9,,0.0,,,5,4.0,,2.0,1.0,2.0,1.0,0,0,3.0,6.0
31173,Davide Frattesi,Inter,M,Udinese vs Inter,12,6.7,,0.0,,,2,1.0,,1.0,,,1.0,0,0,2.0,3.0
31173,Davide Frattesi,Inter,M,Cremonese vs Inter,60,5.9,,0.0,2.0,,15,11.0,,,,1.0,,0,0,2.0,5.0
31173,Davide Frattesi,Inter,M,Sassuolo vs Inter,27,6.3,,0.0,,,9,9.0,,1.0,,2.0,,0,0,1.0,5.0
31173,Davide Frattesi,Inter,M,Lecce vs Inter,90,6.7,,0.0,2.0,,29,25.0,,2.0,,,2.0,0,0,6.0,10.0
403300,Lorran,Pisa,M,Napoli vs Pisa,10,7.3,1.0,0.0,1.0,1.0,9,7.0,,,1.0,,,0,0,,1.0
403300,Lorran,Pisa,M,Pisa vs Inter,10,6.7,,0.0,,,2,2.0,,,1.0,,,0,0,2.0,2.0
403300,Lorran,Pisa,M,Pisa vs Parma,14,6.6,,0.0,,,5,3.0,,,,,,0,0,,
403300,Lorran,Pisa,M,Lecce vs Pisa,16,6.7,,0.0,,,13,9.0,,1.0,,,1.0,0,0,3.0,4.0
403300,Lorran,Pisa,M,Cagliari vs Pisa,8,6.3,,0.0,1.0,,4,4.0,,,,,1.0,0,0,1.0,4.0
403300,Lorran,Pisa,M,Pisa vs Juventus,12,6.3,,0.0,,,11,9.0,,,,,,0,0,1.0,1.0
403300,Lorran,Pisa,M,Pisa vs Como,13,6.2,,0.0,,,3,3.0,,,1.0,,,0,0,,2.0
403300,Lorran,Pisa,M,Inter vs Pisa,20,6.2,,0.0,,,6,4.0,,3.0,,,,0,0,4.0,9.0
30915,Marco Silvestri,Cremonese,G,Como vs Cremonese,90,7.9,,0.0,,,31,20.0,,,,,,0,0,,
30915,Marco Silvestri,Cremonese,G,Inter vs Cremonese,90,6.2,,0.0,,,39,21.0,,,,,,0,0,1.0,1.0
30915,Marco Silvestri,Cremonese,G,Cremonese vs Udinese,90,6.7,,0.0,,,31,23.0,,,,,,0,0,,
30915,Marco Silvestri,Cremonese,G,Cremonese vs Atalanta,90,6.6,,0.0,,,39,16.0,,,,,,0,0,1.0,1.0
194,Stefan de Vrij,Inter,D,Cagliari vs Inter,90,7.3,,0.0,,,58,51.0,,1.0,,,,0,0,5.0,7.0
194,Stefan de Vrij,Inter,D,Inter vs Cremonese,90,7.2,,0.0,1.0,,75,74.0,,3.0,,,,0,0,6.0,8.0
194,Stefan de Vrij,Inter,D,Udinese vs Inter,2,,,0.0,,,2,2.0,,,,,,0,0,,
194,Stefan de Vrij,Inter,D,Inter vs Pisa,90,7,,0.0,1.0,1.0,58,56.0,,3.0,,,,0,0,3.0,5.0
194,Stefan de Vrij,Inter,D,Lecce vs Inter,60,6.9,,0.0,1.0,,48,45.0,,,,2.0,1.0,1,0,4.0,7.0
422156,Matteo Palma,Udinese,D,Sassuolo vs Udinese,45,6.3,,0.0,,,24,20.0,,,1.0,1.0,,0,0,3.0,5.0
422156,Matteo Palma,Udinese,D,Udinese vs Atalanta,15,6.6,,0.0,,,3,3.0,,2.0,,1.0,,0,0,2.0,3.0
422156,Matteo Palma,Udinese,D,AS Roma vs Udinese,37,6.3,,0.0,,,16,12.0,,,1.0,,,0,0,2.0,2.0
422156,Matteo Palma,Udinese,D,Udinese vs Lazio,11,6.3,,0.0,,,1,,,,,1.0,,0,0,,2.0
422156,Matteo Palma,Udinese,D,Udinese vs Pisa,16,6.9,,0.0,,,9,5.0,,,,,,0,0,3.0,5.0
434410,Idrissa Gueye,Udinese,F,Sassuolo vs Udinese,14,6.3,,0.0,,,2,1.0,,,,2.0,,0,0,,
434410,Idrissa Gueye,Udinese,F,Fiorentina vs Udinese,25,6.6,,0.0,,,1,1.0,,,,,2.0,0,0,3.0,3.0
434410,Idrissa Gueye,Udinese,F,Como vs Udinese,10,6.5,,0.0,,,1,1.0,,,,,,0,0,,1.0
434410,Idrissa Gueye,Udinese,F,Udinese vs Pisa,29,6.3,,0.0,1.0,,8,2.0,,,,2.0,2.0,0,0,5.0,8.0
434410,Idrissa Gueye,Udinese,F,Udinese vs Inter,15,6.3,,0.0,,,3,2.0,,,,,1.0,0,0,1.0,2.0
434410,Idrissa Gueye,Udinese,F,Hellas Verona vs Udinese,11,6.3,,0.0,,,3,2.0,,1.0,,,,0,0,2.0,5.0
434410,Idrissa Gueye,Udinese,F,Udinese vs AS Roma,33,6.2,,0.0,,,4,2.0,,,1.0,3.0,,1,0,2.0,8.0
434410,Idrissa Gueye,Udinese,F,Lecce vs Udinese,26,6.5,,0.0,,,1,1.0,,,,2.0,,1,0,2.0,6.0
434410,Idrissa Gueye,Udinese,F,Udinese vs Sassuolo,11,6.7,,0.0,1.0,,1,,,1.0,,1.0,,0,0,2.0,3.0
434410,Idrissa Gueye,Udinese,F,Bologna vs Udinese,10,6.7,,0.0,1.0,1.0,5,4.0,,,,,,0,0,1.0,2.0
384543,Jan Ziółkowski,AS Roma,D,AS Roma vs Hellas Verona,19,6.9,,0.0,,,8,4.0,,1.0,,1.0,,0,0,3.0,5.0
384543,Jan Ziółkowski,AS Roma,D,Fiorentina vs AS Roma,9,6.7,,0.0,,,2,2.0,,,,,,0,0,,2.0
384543,Jan Ziółkowski,AS Roma,D,AS Roma vs Inter,35,7,,0.0,,,27,21.0,,2.0,,2.0,4.0,1,0,7.0,11.0
384543,Jan Ziółkowski,AS Roma,D,Cremonese vs AS Roma,45,6.3,,0.0,,,22,18.0,,,,1.0,,1,0,1.0,6.0
384543,Jan Ziółkowski,AS Roma,D,Juventus vs AS Roma,90,6.3,,0.0,,,58,52.0,,3.0,,1.0,1.0,0,0,6.0,12.0
384543,Jan Ziółkowski,AS Roma,D,AS Roma vs Genoa,90,7.6,,0.0,,,45,40.0,,4.0,3.0,1.0,1.0,0,0,14.0,17.0
384543,Jan Ziółkowski,AS Roma,D,Atalanta vs AS Roma,45,6.9,,0.0,,,17,15.0,,1.0,1.0,,1.0,0,0,3.0,4.0
384543,Jan Ziółkowski,AS Roma,D,Lecce vs AS Roma,90,7.5,,0.0,,,27,23.0,,4.0,3.0,2.0,1.0,0,0,7.0,10.0
384543,Jan Ziółkowski,AS Roma,D,AS Roma vs Sassuolo,2,,,0.0,,,2,,,,,1.0,,0,0,1.0,3.0
384543,Jan Ziółkowski,AS Roma,D,AS Roma vs Cremonese,9,6.7,,0.0,,,8,6.0,,,,,,0,0,,
15723,Malthe Højholt,Pisa,M,Pisa vs Fiorentina,41,6.6,,0.0,,,14,10.0,,1.0,,,,0,0,3.0,5.0
15723,Malthe Højholt,Pisa,M,Torino vs Pisa,45,6.5,,0.0,,,23,19.0,,2.0,,1.0,,1,0,2.0,6.0
15723,Malthe Højholt,Pisa,M,Sassuolo vs Pisa,19,6.3,,0.0,,,6,6.0,,,2.0,1.0,,0,0,,1.0
15723,Malthe Højholt,Pisa,M,Cagliari vs Pisa,73,6.2,,0.0,1.0,,17,16.0,,,1.0,2.0,2.0,0,0,2.0,6.0
15723,Malthe Højholt,Pisa,M,Pisa vs Juventus,25,6.3,,0.0,,,11,9.0,,,,,,0,0,,3.0
15723,Malthe Højholt,Pisa,M,Genoa vs Pisa,58,6.7,,0.0,1.0,,12,9.0,,1.0,1.0,1.0,,0,0,2.0,5.0
15723,Malthe Højholt,Pisa,M,Pisa vs Como,10,6.2,,0.0,,,2,1.0,,,,1.0,,0,0,,1.0
364600,Isak Vural,Pisa,M,Pisa vs Fiorentina,22,6.6,,0.0,,,4,2.0,,,,1.0,2.0,0,0,2.0,3.0
364600,Isak Vural,Pisa,M,Bologna vs Pisa,63,6.9,,0.0,,,15,12.0,,,,,6.0,0,0,9.0,14.0
364600,Isak Vural,Pisa,M,AC Milan vs Pisa,19,6.5,,0.0,,,7,5.0,,2.0,,1.0,,1,0,2.0,6.0
364600,Isak Vural,Pisa,M,Torino vs Pisa,83,6.9,,0.0,,,20,17.0,,,1.0,3.0,2.0,0,0,4.0,9.0
364600,Isak Vural,Pisa,M,Pisa vs Cremonese,67,7.2,,0.0,1.0,,14,13.0,,,,2.0,4.0,1,0,6.0,10.0
364600,Isak Vural,Pisa,M,Sassuolo vs Pisa,8,6.5,,0.0,,,2,1.0,,,,,,0,0,,1.0
364600,Isak Vural,Pisa,M,Lecce vs Pisa,90,6.6,,0.0,1.0,,30,24.0,,3.0,,1.0,2.0,0,0,6.0,9.0
364600,Isak Vural,Pisa,M,Cagliari vs Pisa,17,6.9,,0.0,,,10,9.0,,,1.0,,2.0,0,0,2.0,2.0
364600,Isak Vural,Pisa,M,Pisa vs Juventus,65,6.7,,0.0,1.0,,20,18.0,,,,1.0,3.0,1,0,4.0,6.0
47985,Emil Holm,Bologna,D,Lecce vs Bologna,83,6.6,,1.0,,,39,33.0,,2.0,1.0,1.0,1.0,0,0,4.0,9.0
47985,Emil Holm,Bologna,D,Cagliari vs Bologna,88,7.9,1.0,0.0,1.0,1.0,30,25.0,,4.0,,3.0,3.0,0,0,8.0,15.0
47985,Emil Holm,Bologna,D,Fiorentina vs Bologna,83,7,,1.0,,,29,22.0,,2.0,1.0,2.0,2.0,2,1,7.0,10.0
47985,Emil Holm,Bologna,D,Parma vs Bologna,90,7,,1.0,,,41,32.0,,2.0,,1.0,3.0,0,0,7.0,12.0
47985,Emil Holm,Bologna,D,Bologna vs Napoli,90,7.9,,1.0,,,32,24.0,,3.0,2.0,1.0,2.0,0,0,6.0,7.0
47985,Emil Holm,Bologna,D,Bologna vs Cremonese,11,6.6,,0.0,2.0,,9,7.0,,,,,1.0,0,0,2.0,2.0
47985,Emil Holm,Bologna,D,Bologna vs Juventus,17,6.7,,0.0,,,14,10.0,,1.0,2.0,1.0,,0,0,1.0,4.0
47985,Emil Holm,Bologna,D,Bologna vs Sassuolo,8,6.7,,0.0,,,2,1.0,,,,,,0,0,,
47985,Emil Holm,Bologna,D,Inter vs Bologna,68,6.7,,0.0,,,34,27.0,,3.0,,1.0,2.0,0,0,5.0,10.0
47985,Emil Holm,Bologna,D,Hellas Verona vs Bologna,80,5.9,,0.0,2.0,,37,30.0,,1.0,,,,0,0,4.0,11.0
47985,Emil Holm,Bologna,D,Bologna vs Fiorentina,45,6.2,,0.0,1.0,,31,23.0,,2.0,,1.0,,1,0,4.0,7.0
47985,Emil Holm,Bologna,D,Inter vs Juventus,45,6.2,,0.0,1.0,,13,8.0,,1.0,,,,0,0,3.0,7.0
374359,Davide Bartesaghi,AC Milan,D,AC Milan vs Napoli,31,6.5,,0.0,,,9,7.0,,2.0,,,,0,0,2.0,4.0
374359,Davide Bartesaghi,AC Milan,D,Juventus vs AC Milan,90,6.9,,0.0,,,35,28.0,,1.0,1.0,1.0,1.0,1,0,3.0,5.0
374359,Davide Bartesaghi,AC Milan,D,AC Milan vs Fiorentina,90,6.9,,0.0,,,38,34.0,,2.0,,1.0,,0,0,2.0,4.0
374359,Davide Bartesaghi,AC Milan,D,AC Milan vs Pisa,76,6.9,,0.0,1.0,1.0,33,30.0,,2.0,,1.0,2.0,0,0,5.0,10.0
374359,Davide Bartesaghi,AC Milan,D,Atalanta vs AC Milan,90,6.6,,0.0,,,24,18.0,,1.0,,1.0,,0,0,3.0,5.0
374359,Davide Bartesaghi,AC Milan,D,AC Milan vs AS Roma,90,6.7,,0.0,2.0,1.0,27,20.0,,2.0,,2.0,,0,0,2.0,10.0
374359,Davide Bartesaghi,AC Milan,D,Parma vs AC Milan,20,6.9,,0.0,,,10,10.0,,,,,,0,0,,
374359,Davide Bartesaghi,AC Milan,D,Inter vs AC Milan,90,7.3,,0.0,1.0,,34,31.0,,,,,,0,0,,
374359,Davide Bartesaghi,AC Milan,D,AC Milan vs Lazio,90,7.2,,0.0,,,42,40.0,,,2.0,,1.0,0,0,3.0,9.0
374359,Davide Bartesaghi,AC Milan,D,Torino vs AC Milan,66,6.3,,0.0,1.0,1.0,24,23.0,,3.0,1.0,,,0,0,4.0,8.0
374359,Davide Bartesaghi,AC Milan,D,AC Milan vs Sassuolo,89,9.3,2.0,0.0,2.0,2.0,29,26.0,,2.0,,,3.0,0,0,8.0,8.0
374359,Davide Bartesaghi,AC Milan,D,AC Milan vs Hellas Verona,90,7,,0.0,,,29,19.0,,4.0,1.0,,,0,0,4.0,7.0
374359,Davide Bartesaghi,AC Milan,D,Cagliari vs AC Milan,90,7.3,,0.0,1.0,1.0,66,56.0,,2.0,,1.0,,0,0,4.0,8.0
374359,Davide Bartesaghi,AC Milan,D,AC Milan vs Genoa,90,7,,0.0,1.0,,56,49.0,,3.0,1.0,2.0,,0,0,6.0,12.0
374359,Davide Bartesaghi,AC Milan,D,Fiorentina vs AC Milan,30,6.7,,0.0,1.0,,15,12.0,,1.0,1.0,,,0,0,2.0,3.0
374359,Davide Bartesaghi,AC Milan,D,Como vs AC Milan,90,7,,0.0,,,26,21.0,,1.0,,,1.0,0,0,5.0,6.0
374359,Davide Bartesaghi,AC Milan,D,AS Roma vs AC Milan,90,6.7,,0.0,,,43,33.0,,2.0,,2.0,,0,0,5.0,8.0
374359,Davide Bartesaghi,AC Milan,D,Bologna vs AC Milan,83,6.9,,0.0,,,23,20.0,,1.0,1.0,,,0,0,1.0,4.0
374359,Davide Bartesaghi,AC Milan,D,Pisa vs AC Milan,90,6.7,,0.0,,,60,54.0,,7.0,,1.0,,1,0,9.0,20.0
374359,Davide Bartesaghi,AC Milan,D,AC Milan vs Como,90,7,,0.0,,,33,27.0,,3.0,,,1.0,0,0,4.0,10.0
374359,Davide Bartesaghi,AC Milan,D,AC Milan vs Parma,90,7.2,,0.0,,,81,78.0,,,,1.0,1.0,0,0,2.0,9.0
22236,Rafael Leão,AC Milan,F,AC Milan vs Napoli,21,6.5,,0.0,,,8,7.0,,,,2.0,,0,0,1.0,5.0
22236,Rafael Leão,AC Milan,F,Juventus vs AC Milan,27,6.3,,0.0,3.0,1.0,0,,,,,,1.0,0,0,2.0,2.0
22236,Rafael Leão,AC Milan,F,AC Milan vs Fiorentina,89,8.5,2.0,0.0,2.0,2.0,24,19.0,,1.0,1.0,3.0,2.0,0,0,4.0,8.0
22236,Rafael Leão,AC Milan,F,AC Milan vs Pisa,90,7.9,1.0,0.0,3.0,2.0,45,35.0,,,,,5.0,0,0,7.0,12.0
22236,Rafael Leão,AC Milan,F,Atalanta vs AC Milan,45,6.7,,0.0,,,7,6.0,,,,,1.0,0,0,2.0,3.0
22236,Rafael Leão,AC Milan,F,AC Milan vs AS Roma,89,7.3,,1.0,3.0,2.0,19,15.0,,,,1.0,3.0,0,0,5.0,16.0
22236,Rafael Leão,AC Milan,F,Parma vs AC Milan,90,6.9,1.0,0.0,1.0,1.0,37,28.0,,,,1.0,3.0,0,0,6.0,11.0
22236,Rafael Leão,AC Milan,F,Inter vs AC Milan,86,6.5,,0.0,,,16,12.0,,,,2.0,1.0,1,0,2.0,8.0
22236,Rafael Leão,AC Milan,F,AC Milan vs Lazio,90,7.2,1.0,0.0,3.0,3.0,19,14.0,,,,1.0,1.0,0,0,2.0,5.0
22236,Rafael Leão,AC Milan,F,Torino vs AC Milan,31,6.3,,0.0,1.0,,9,8.0,,,,,,0,0,,2.0
22236,Rafael Leão,AC Milan,F,Cagliari vs AC Milan,69,7.7,1.0,0.0,1.0,1.0,19,15.0,,1.0,,1.0,,0,0,5.0,10.0
22236,Rafael Leão,AC Milan,F,AC Milan vs Genoa,90,8,1.0,0.0,4.0,4.0,41,37.0,,,,2.0,1.0,0,0,3.0,10.0
22236,Rafael Leão,AC Milan,F,Fiorentina vs AC Milan,30,6.7,,0.0,1.0,,9,8.0,,,,,,0,0,1.0,2.0
22236,Rafael Leão,AC Milan,F,Como vs AC Milan,70,6.7,,1.0,,,15,15.0,,,2.0,,1.0,0,0,2.0,7.0
22236,Rafael Leão,AC Milan,F,AC Milan vs Lecce,87,6.9,,0.0,,,30,28.0,,1.0,,,,0,0,5.0,6.0
22236,Rafael Leão,AC Milan,F,AS Roma vs AC Milan,68,6.9,,0.0,,,29,22.0,,1.0,,,2.0,0,0,6.0,7.0
22236,Rafael Leão,AC Milan,F,Pisa vs AC Milan,18,6.2,,0.0,,,9,7.0,,,,1.0,1.0,0,0,1.0,6.0
22236,Rafael Leão,AC Milan,F,AC Milan vs Como,82,7.7,1.0,0.0,2.0,2.0,21,21.0,,,,,2.0,1,0,3.0,6.0
22236,Rafael Leão,AC Milan,F,AC Milan vs Parma,90,6.6,,0.0,2.0,1.0,37,31.0,,,1.0,2.0,3.0,1,0,7.0,14.0
388547,Luca Marianucci,Napoli,D,AC Milan vs Napoli,90,6.9,,0.0,,,102,100.0,,2.0,1.0,1.0,,0,0,2.0,4.0
388547,Luca Marianucci,Napoli,D,Napoli vs Hellas Verona,28,7,,1.0,,,24,18.0,,1.0,,1.0,,0,0,1.0,4.0
388547,Luca Marianucci,Napoli,D,Torino vs Lecce,90,6.9,,0.0,,,34,25.0,,3.0,3.0,4.0,,0,0,3.0,12.0
388547,Luca Marianucci,Napoli,D,Fiorentina vs Torino,90,6.7,,0.0,,,59,50.0,,2.0,1.0,1.0,,1,0,2.0,8.0
388547,Luca Marianucci,Napoli,D,Torino vs Bologna,85,6.2,,0.0,,,36,25.0,,3.0,2.0,1.0,,0,0,6.0,11.0
162032,Miguel Gutiérrez,Napoli,D,AC Milan vs Napoli,90,6.6,,0.0,2.0,1.0,56,53.0,,1.0,1.0,,,0,0,2.0,4.0
162032,Miguel Gutiérrez,Napoli,D,Napoli vs Genoa,8,6.6,,0.0,,,4,4.0,,,,1.0,1.0,0,0,1.0,3.0
162032,Miguel Gutiérrez,Napoli,D,Lecce vs Napoli,12,7,,0.0,,,5,5.0,,1.0,2.0,,1.0,0,0,2.0,2.0
162032,Miguel Gutiérrez,Napoli,D,Napoli vs Como,45,7.2,,0.0,1.0,,25,23.0,,3.0,,2.0,2.0,0,0,6.0,9.0
162032,Miguel Gutiérrez,Napoli,D,Bologna vs Napoli,77,6.7,,0.0,,,35,25.0,,2.0,1.0,,2.0,0,0,6.0,7.0
162032,Miguel Gutiérrez,Napoli,D,Napoli vs Atalanta,69,6.2,,0.0,,,17,15.0,,,,,,0,0,,3.0
162032,Miguel Gutiérrez,Napoli,D,Udinese vs Napoli,8,6.6,,0.0,,,9,7.0,,,,,1.0,0,0,1.0,2.0
162032,Miguel Gutiérrez,Napoli,D,Cremonese vs Napoli,45,6.9,,0.0,,,23,19.0,,1.0,1.0,,2.0,0,0,4.0,5.0
162032,Miguel Gutiérrez,Napoli,D,Lazio vs Napoli,11,6.9,,0.0,,,7,7.0,,1.0,,,,0,0,1.0,1.0
162032,Miguel Gutiérrez,Napoli,D,Napoli vs Hellas Verona,55,6.3,,0.0,,,31,29.0,,,,1.0,1.0,0,0,1.0,3.0
162032,Miguel Gutiérrez,Napoli,D,Juventus vs Napoli,74,6.5,,0.0,1.0,,38,30.0,,2.0,,1.0,2.0,0,0,4.0,7.0
162032,Miguel Gutiérrez,Napoli,D,Napoli vs Fiorentina,90,8,1.0,0.0,2.0,1.0,53,46.0,,1.0,,3.0,1.0,0,0,4.0,7.0
162032,Miguel Gutiérrez,Napoli,D,Genoa vs Napoli,90,6.6,,0.0,1.0,,33,25.0,,3.0,,,2.0,0,0,6.0,10.0
162032,Miguel Gutiérrez,Napoli,D,Napoli vs AS Roma,90,6.6,,0.0,2.0,2.0,38,31.0,,3.0,,2.0,4.0,0,0,7.0,13.0
162032,Miguel Gutiérrez,Napoli,D,Atalanta vs Napoli,62,7.5,,1.0,,,28,23.0,,1.0,1.0,,2.0,0,0,4.0,5.0
499380,Sascha Britschgi,Parma,M,Parma vs Torino,90,6.5,,0.0,1.0,,16,10.0,,1.0,1.0,1.0,1.0,0,0,2.0,6.0
499380,Sascha Britschgi,Parma,M,Parma vs Lecce,45,6.3,,0.0,1.0,1.0,15,12.0,,,,2.0,,0,0,,3.0
499380,Sascha Britschgi,Parma,M,Genoa vs Parma,90,7,,0.0,,,22,16.0,,3.0,,1.0,4.0,1,0,8.0,14.0
499380,Sascha Britschgi,Parma,M,Parma vs Como,90,6.9,,0.0,1.0,,12,8.0,,4.0,,,,0,0,5.0,8.0
499380,Sascha Britschgi,Parma,M,AS Roma vs Parma,89,6.2,,0.0,,,31,21.0,,4.0,,,1.0,0,0,6.0,12.0
499380,Sascha Britschgi,Parma,M,Parma vs Bologna,78,6.3,,0.0,1.0,,10,8.0,,1.0,,,1.0,0,0,2.0,5.0
499380,Sascha Britschgi,Parma,M,Parma vs AC Milan,90,7.2,,2.0,,,31,24.0,,,,1.0,,0,0,1.0,3.0
499380,Sascha Britschgi,Parma,M,Hellas Verona vs Parma,77,6.5,,0.0,,,15,7.0,,1.0,2.0,1.0,,1,0,2.0,5.0
499380,Sascha Britschgi,Parma,M,Parma vs Udinese,90,7.2,,0.0,,,34,30.0,,3.0,,,2.0,0,0,6.0,10.0
499380,Sascha Britschgi,Parma,M,Pisa vs Parma,90,7.2,,0.0,,,26,22.0,,3.0,1.0,1.0,2.0,0,0,5.0,7.0
499380,Sascha Britschgi,Parma,M,Parma vs Lazio,90,6.3,,0.0,,,23,18.0,,2.0,,,,0,0,2.0,9.0
499380,Sascha Britschgi,Parma,M,Parma vs Fiorentina,90,6.9,,0.0,1.0,,26,17.0,,,1.0,1.0,,0,0,2.0,6.0
499380,Sascha Britschgi,Parma,M,Sassuolo vs Parma,12,6.9,,0.0,,,8,6.0,,1.0,1.0,,,0,0,2.0,2.0
499380,Sascha Britschgi,Parma,M,Parma vs Inter,90,6.2,,0.0,,,45,33.0,,,1.0,,1.0,0,0,2.0,2.0
499380,Sascha Britschgi,Parma,M,Lecce vs Parma,13,6.5,,0.0,,,6,2.0,,,,1.0,,0,0,,3.0
499380,Sascha Britschgi,Parma,M,Napoli vs Parma,90,6.5,,0.0,,,29,25.0,,1.0,,3.0,1.0,1,0,2.0,9.0
499380,Sascha Britschgi,Parma,M,Parma vs Genoa,45,6.9,,0.0,2.0,,17,14.0,,1.0,,,1.0,0,0,4.0,5.0
499380,Sascha Britschgi,Parma,M,Atalanta vs Parma,90,6,,0.0,,,31,25.0,,1.0,,1.0,,0,0,3.0,7.0
499380,Sascha Britschgi,Parma,M,Parma vs Juventus,45,6.2,,0.0,,,16,11.0,,,,,1.0,0,0,2.0,3.0
499380,Sascha Britschgi,Parma,M,Bologna vs Parma,90,6.3,,0.0,,,20,18.0,,1.0,,1.0,1.0,1,0,2.0,10.0
499380,Sascha Britschgi,Parma,M,Parma vs Hellas Verona,90,7.2,,0.0,2.0,2.0,26,22.0,,2.0,,,2.0,0,0,4.0,5.0
499380,Sascha Britschgi,Parma,M,AC Milan vs Parma,90,6.3,,0.0,,,28,19.0,,2.0,,,,0,0,4.0,9.0
499380,Sascha Britschgi,Parma,M,Parma vs Cagliari,97,6.3,,,1.0,,41,37.0,,,,1.0,,0,0,,6.0
156490,Niels Nkounkou,Torino,M,Parma vs Torino,70,6.3,,0.0,,,25,20.0,,1.0,2.0,,1.0,1,0,3.0,6.0
156490,Niels Nkounkou,Torino,M,Lazio vs Torino,27,7,,1.0,,,10,9.0,,,,,1.0,0,0,3.0,3.0
156490,Niels Nkounkou,Torino,M,Torino vs Napoli,75,7.9,,0.0,,,19,17.0,,4.0,1.0,,,0,0,7.0,11.0
156490,Niels Nkounkou,Torino,M,Torino vs Como,29,5.9,,0.0,,,8,7.0,,,1.0,,,0,0,,1.0
156490,Niels Nkounkou,Torino,M,Lecce vs Torino,70,6.6,,0.0,1.0,,20,13.0,,2.0,2.0,,,0,0,2.0,5.0
156490,Niels Nkounkou,Torino,M,Torino vs AC Milan,12,6.9,,0.0,,,4,4.0,,1.0,,,,0,0,2.0,2.0
156490,Niels Nkounkou,Torino,M,Torino vs Cagliari,23,6.9,,0.0,1.0,,12,9.0,,1.0,1.0,1.0,1.0,1,0,3.0,7.0
383006,Alieu Njie,Torino,F,Parma vs Torino,9,6.5,,0.0,,,0,,,,,2.0,,1,0,1.0,3.0
383006,Alieu Njie,Torino,F,Torino vs Como,12,6.3,,0.0,1.0,1.0,2,1.0,,,,,,0,0,,1.0
383006,Alieu Njie,Torino,F,Hellas Verona vs Torino,12,8,1.0,1.0,1.0,1.0,2,2.0,,,,1.0,,0,0,1.0,3.0
383006,Alieu Njie,Torino,F,Torino vs Udinese,45,6.5,,0.0,,,7,5.0,,,,1.0,1.0,0,0,1.0,5.0
383006,Alieu Njie,Torino,F,Atalanta vs Torino,10,6.5,,0.0,,,1,1.0,,,,,,0,0,,1.0
383006,Alieu Njie,Torino,F,Torino vs AS Roma,14,6.5,,0.0,,,2,,,,,,,0,0,,1.0
383006,Alieu Njie,Torino,F,Torino vs Bologna,11,6.5,,0.0,,,2,1.0,,,,,,0,0,,1.0
383006,Alieu Njie,Torino,F,Genoa vs Torino,22,6.5,,0.0,,,5,4.0,,,,,,0,0,,1.0
452033,Lorenzo Venturino,Genoa,F,Genoa vs Lazio,11,6.3,,0.0,1.0,1.0,6,4.0,,,,,,0,0,,1.0
452033,Lorenzo Venturino,Genoa,F,Genoa vs Parma,32,7.5,,0.0,,,18,17.0,,,,1.0,,0,0,2.0,5.0
452033,Lorenzo Venturino,Genoa,F,AS Roma vs AC Milan,9,6.7,,0.0,,,7,6.0,,,,,,0,0,1.0,1.0
452033,Lorenzo Venturino,Genoa,F,Udinese vs AS Roma,23,6.5,,0.0,,,6,5.0,,,,,,0,0,,1.0
452033,Lorenzo Venturino,Genoa,F,AS Roma vs Cagliari,10,6.3,,0.0,,,3,1.0,,,,,,0,0,,1.0
452033,Lorenzo Venturino,Genoa,F,Napoli vs AS Roma,25,6.9,,0.0,,,4,4.0,,,,,,0,0,2.0,5.0
452033,Lorenzo Venturino,Genoa,F,AS Roma vs Cremonese,34,7.3,,0.0,1.0,,12,11.0,,,,,1.0,0,0,1.0,1.0
1266,Toma Bašić,Lazio,M,Genoa vs Lazio,84,6.9,,0.0,,,24,15.0,,,,1.0,2.0,0,0,7.0,11.0
1266,Toma Bašić,Lazio,M,Lazio vs Torino,67,6.9,,1.0,2.0,,28,26.0,,2.0,1.0,3.0,3.0,0,0,6.0,12.0
1266,Toma Bašić,Lazio,M,Atalanta vs Lazio,75,7.3,,0.0,1.0,1.0,35,33.0,,3.0,,,,0,0,3.0,3.0
1266,Toma Bašić,Lazio,M,Lazio vs Juventus,68,7.9,1.0,0.0,2.0,2.0,17,15.0,,,1.0,1.0,2.0,0,0,4.0,6.0
1266,Toma Bašić,Lazio,M,Pisa vs Lazio,58,6.9,,0.0,3.0,2.0,37,34.0,,,,1.0,1.0,0,0,2.0,4.0
1266,Toma Bašić,Lazio,M,Lazio vs Cagliari,61,6.3,,0.0,1.0,,34,29.0,,,,1.0,1.0,0,0,1.0,5.0
1266,Toma Bašić,Lazio,M,Inter vs Lazio,90,6.2,,0.0,,,38,34.0,,1.0,,1.0,,0,0,1.0,5.0
1266,Toma Bašić,Lazio,M,Lazio vs Lecce,90,7.7,,1.0,3.0,1.0,67,59.0,,1.0,2.0,,1.0,0,0,5.0,8.0
1266,Toma Bašić,Lazio,M,AC Milan vs Lazio,85,6.6,,0.0,1.0,1.0,54,47.0,,1.0,1.0,3.0,2.0,0,0,3.0,7.0
1266,Toma Bašić,Lazio,M,Lazio vs Bologna,80,7.3,,0.0,1.0,,30,23.0,,2.0,1.0,1.0,1.0,0,0,3.0,6.0
1266,Toma Bašić,Lazio,M,Parma vs Lazio,77,6.7,,0.0,2.0,1.0,42,35.0,,2.0,,,1.0,0,1,4.0,5.0
1266,Toma Bašić,Lazio,M,Lazio vs Napoli,90,6.9,,0.0,,,26,24.0,,2.0,2.0,1.0,,0,0,2.0,3.0
1266,Toma Bašić,Lazio,M,Lazio vs Fiorentina,30,6.5,,0.0,1.0,1.0,10,10.0,,,,,,0,0,,1.0
1266,Toma Bašić,Lazio,M,Lecce vs Lazio,90,6.7,,0.0,,,55,47.0,,,,,,0,0,2.0,6.0
1266,Toma Bašić,Lazio,M,Lazio vs Genoa,90,6.2,,0.0,2.0,,36,33.0,,1.0,,2.0,,0,0,2.0,7.0
1266,Toma Bašić,Lazio,M,Juventus vs Lazio,45,6.9,,0.0,1.0,,18,17.0,,1.0,1.0,,,0,0,1.0,2.0
1841,Patric,Lazio,D,Genoa vs Lazio,11,6.7,,0.0,,,7,5.0,,,,1.0,,0,0,,1.0
1841,Patric,Lazio,D,Lazio vs Lecce,11,6.6,,0.0,,,10,8.0,,,1.0,,,0,0,1.0,1.0
1841,Patric,Lazio,D,Lazio vs Bologna,10,6.9,,0.0,,,6,6.0,,,,,,0,0,1.0,1.0
1841,Patric,Lazio,D,Parma vs Lazio,70,6.9,,0.0,,,61,57.0,,1.0,1.0,1.0,,0,0,3.0,8.0
1841,Patric,Lazio,D,Juventus vs Lazio,15,6.3,,0.0,,,4,1.0,,,,,,0,0,,
1841,Patric,Lazio,D,Lazio vs Atalanta,45,6.6,,0.0,,,38,36.0,,,1.0,,,0,0,1.0,1.0
30849,Nicholas Pierini,Sassuolo,F,Hellas Verona vs Sassuolo,31,6.3,,0.0,,,8,7.0,,,,1.0,,1,0,,1.0
30849,Nicholas Pierini,Sassuolo,F,Lecce vs Sassuolo,33,6.9,,0.0,,,9,7.0,,,,,2.0,0,0,4.0,5.0
30849,Nicholas Pierini,Sassuolo,F,Sassuolo vs Fiorentina,12,6.3,,0.0,,,10,7.0,,,1.0,,,0,0,,4.0
30849,Nicholas Pierini,Sassuolo,F,Sassuolo vs Torino,11,6.5,,0.0,,,5,5.0,,,,,,0,0,,2.0
30849,Nicholas Pierini,Sassuolo,F,Sassuolo vs Parma,10,6.3,,0.0,,,2,2.0,,,,,,0,0,1.0,2.0
30849,Nicholas Pierini,Sassuolo,F,Sassuolo vs Juventus,13,6.9,,0.0,1.0,1.0,8,8.0,,1.0,1.0,,,0,0,2.0,2.0
30849,Nicholas Pierini,Sassuolo,F,AS Roma vs Sassuolo,12,6.2,,0.0,,,3,,,2.0,,,,0,0,2.0,8.0
30849,Nicholas Pierini,Sassuolo,F,Sassuolo vs Cremonese,19,6.5,,0.0,2.0,1.0,6,6.0,,,,,,0,0,,2.0
349232,Ali Dembélé,Torino,D,Lazio vs Torino,12,6.5,,0.0,1.0,,3,2.0,,,,,,0,0,1.0,2.0
349232,Ali Dembélé,Torino,D,Hellas Verona vs Torino,12,6.6,,0.0,,,3,3.0,,,,,,0,0,,
237249,Mikayil Faye,Cremonese,D,Inter vs Cremonese,32,7.2,,0.0,,,16,15.0,,,1.0,,,0,0,1.0,1.0
237249,Mikayil Faye,Cremonese,D,Cremonese vs Atalanta,61,7.3,,0.0,,,23,19.0,,3.0,1.0,,,0,0,5.0,7.0
237249,Mikayil Faye,Cremonese,D,Genoa vs Cremonese,13,6.6,,0.0,,,2,,,1.0,,,,0,0,1.0,2.0
237249,Mikayil Faye,Cremonese,D,Cremonese vs Juventus,19,6.9,,0.0,,,10,8.0,,1.0,2.0,,1.0,0,0,2.0,2.0
237249,Mikayil Faye,Cremonese,D,Pisa vs Cremonese,77,6.7,,0.0,,,30,23.0,,1.0,1.0,1.0,2.0,1,0,5.0,13.0
237249,Mikayil Faye,Cremonese,D,Sassuolo vs Cremonese,9,6.6,,0.0,,,13,9.0,,,,,,0,0,,
237249,Mikayil Faye,Cremonese,D,Cremonese vs Inter,23,7.2,,0.0,,,21,20.0,,1.0,,,1.0,0,0,2.0,2.0
237249,Mikayil Faye,Cremonese,D,AS Roma vs Cremonese,16,5.9,,0.0,,,9,3.0,,,1.0,1.0,,0,0,1.0,2.0
126980,Tommaso Barbieri,Cremonese,D,Inter vs Cremonese,16,6.9,,0.0,,,3,2.0,,1.0,,,1.0,0,0,2.0,2.0
126980,Tommaso Barbieri,Cremonese,D,Cremonese vs Udinese,29,6.7,,0.0,,,4,2.0,,2.0,,1.0,,0,0,2.0,4.0
126980,Tommaso Barbieri,Cremonese,D,Cremonese vs Atalanta,90,7.2,,0.0,1.0,1.0,17,12.0,,2.0,,1.0,,0,0,4.0,8.0
126980,Tommaso Barbieri,Cremonese,D,Genoa vs Cremonese,90,7.9,,0.0,1.0,,24,13.0,,9.0,1.0,1.0,3.0,1,0,14.0,21.0
126980,Tommaso Barbieri,Cremonese,D,Cremonese vs Juventus,90,6.9,,0.0,,,35,25.0,,4.0,1.0,1.0,2.0,0,0,7.0,12.0
126980,Tommaso Barbieri,Cremonese,D,Pisa vs Cremonese,90,6.5,,0.0,1.0,,21,20.0,,1.0,1.0,2.0,1.0,0,0,4.0,9.0
126980,Tommaso Barbieri,Cremonese,D,Cremonese vs AS Roma,90,6.6,,0.0,,,35,25.0,,2.0,2.0,4.0,1.0,0,0,4.0,10.0
126980,Tommaso Barbieri,Cremonese,D,Bologna vs Cremonese,90,7.5,,1.0,,,22,16.0,,1.0,3.0,2.0,3.0,0,0,5.0,13.0
126980,Tommaso Barbieri,Cremonese,D,Cremonese vs Lecce,88,6.2,,0.0,,,24,18.0,,3.0,1.0,2.0,,0,0,3.0,11.0
126980,Tommaso Barbieri,Cremonese,D,Torino vs Cremonese,63,6.7,,0.0,,,18,13.0,,3.0,,1.0,1.0,1,0,4.0,9.0
126980,Tommaso Barbieri,Cremonese,D,Lazio vs Cremonese,88,6.3,,0.0,,,34,30.0,,1.0,1.0,3.0,1.0,1,0,5.0,13.0
126980,Tommaso Barbieri,Cremonese,D,Cremonese vs Napoli,60,7,,0.0,,,35,30.0,,1.0,,1.0,1.0,1,0,5.0,7.0
126980,Tommaso Barbieri,Cremonese,D,Fiorentina vs Cremonese,90,6.6,,0.0,,,22,14.0,,2.0,,2.0,1.0,0,0,4.0,11.0
126980,Tommaso Barbieri,Cremonese,D,Cremonese vs Cagliari,30,6.2,,0.0,,,13,8.0,,1.0,1.0,2.0,,0,0,2.0,6.0
126980,Tommaso Barbieri,Cremonese,D,Cremonese vs Hellas Verona,89,7.3,,0.0,1.0,,23,17.0,,,,1.0,1.0,0,0,6.0,8.0
126980,Tommaso Barbieri,Cremonese,D,Sassuolo vs Cremonese,45,6.3,,0.0,,,14,9.0,,2.0,,1.0,,1,0,3.0,5.0
126980,Tommaso Barbieri,Cremonese,D,Atalanta vs Cremonese,84,6.9,,0.0,1.0,,20,13.0,,1.0,,2.0,2.0,0,0,5.0,7.0
126980,Tommaso Barbieri,Cremonese,D,Cremonese vs Genoa,18,6.7,,0.0,,,4,3.0,,,,,,0,0,,2.0
18797,Christian Kabasele,Udinese,D,Udinese vs Cagliari,67,7.9,1.0,0.0,1.0,1.0,43,41.0,,,,,1.0,0,0,4.0,6.0
18797,Christian Kabasele,Udinese,D,Cremonese vs Udinese,90,6.7,,0.0,,,31,30.0,,,1.0,3.0,1.0,1,0,3.0,8.0
18797,Christian Kabasele,Udinese,D,Udinese vs Lecce,90,6.2,,0.0,,,29,23.0,,,1.0,,2.0,0,0,5.0,6.0
18797,Christian Kabasele,Udinese,D,Juventus vs Udinese,90,6.2,,0.0,,,34,31.0,,,1.0,1.0,,0,0,1.0,5.0
18797,Christian Kabasele,Udinese,D,Udinese vs Atalanta,90,7.2,,0.0,,,15,14.0,,1.0,1.0,3.0,1.0,0,0,3.0,7.0
18797,Christian Kabasele,Udinese,D,AS Roma vs Udinese,53,6.9,,0.0,,,12,8.0,,,1.0,,1.0,0,0,2.0,4.0
18797,Christian Kabasele,Udinese,D,Udinese vs Bologna,90,5.9,,0.0,,,28,23.0,,,2.0,1.0,1.0,0,0,4.0,10.0
18797,Christian Kabasele,Udinese,D,Parma vs Udinese,90,6.9,,0.0,,,23,20.0,,,3.0,2.0,,0,0,3.0,7.0
18797,Christian Kabasele,Udinese,D,Udinese vs Genoa,90,6.7,,0.0,,,45,38.0,,,1.0,2.0,1.0,0,0,8.0,11.0
18797,Christian Kabasele,Udinese,D,Udinese vs Napoli,90,7.6,,0.0,1.0,1.0,26,21.0,,3.0,1.0,,1.0,0,0,12.0,12.0
18797,Christian Kabasele,Udinese,D,Fiorentina vs Udinese,11,6.7,,0.0,1.0,1.0,3,2.0,,,,,,0,0,,
18797,Christian Kabasele,Udinese,D,Udinese vs Lazio,87,6.5,,0.0,,,54,46.0,,1.0,1.0,1.0,,1,0,2.0,6.0
18797,Christian Kabasele,Udinese,D,Como vs Udinese,75,6.5,,0.0,,,34,29.0,,,3.0,3.0,2.0,1,0,3.0,9.0
18797,Christian Kabasele,Udinese,D,Torino vs Udinese,90,6.3,,0.0,,,28,23.0,,,1.0,2.0,1.0,0,0,5.0,9.0
18797,Christian Kabasele,Udinese,D,Udinese vs Pisa,90,7.9,1.0,0.0,1.0,1.0,38,33.0,,1.0,3.0,,3.0,0,0,7.0,10.0
18797,Christian Kabasele,Udinese,D,Udinese vs Inter,74,6.6,,0.0,,,25,24.0,,,1.0,2.0,,0,0,,1.0
18797,Christian Kabasele,Udinese,D,Udinese vs AS Roma,11,6.3,,0.0,,,2,1.0,,,,1.0,,0,0,2.0,4.0
18797,Christian Kabasele,Udinese,D,Lecce vs Udinese,10,6.5,,0.0,,,1,,,1.0,2.0,,,0,0,1.0,1.0
18797,Christian Kabasele,Udinese,D,Bologna vs Udinese,80,6.5,,0.0,1.0,,28,27.0,,1.0,2.0,,1.0,0,0,2.0,3.0
329550,Nicolò Cavuoti,Cagliari,M,Udinese vs Cagliari,8,6.5,,0.0,,,1,1.0,,,,1.0,,0,0,1.0,5.0
329550,Nicolò Cavuoti,Cagliari,M,Cagliari vs Pisa,14,7.2,,0.0,,,3,2.0,,,,,1.0,0,0,2.0,2.0
329550,Nicolò Cavuoti,Cagliari,M,Torino vs Cagliari,18,6.5,,0.0,,,6,5.0,,,,,,0,0,,2.0
329550,Nicolò Cavuoti,Cagliari,M,Cagliari vs AC Milan,12,6.3,,0.0,,,4,4.0,,,,,,0,0,,1.0
30573,Leonardo Pavoletti,Cagliari,F,Udinese vs Cagliari,13,6.3,,0.0,,,4,1.0,,1.0,,,,0,0,1.0,2.0
30573,Leonardo Pavoletti,Cagliari,F,Hellas Verona vs Cagliari,28,6.2,,1.0,,,9,6.0,,,,2.0,,1,0,,2.0
30573,Leonardo Pavoletti,Cagliari,F,Cagliari vs Sassuolo,14,6.5,,0.0,,,3,1.0,,,,1.0,,0,0,2.0,5.0
30573,Leonardo Pavoletti,Cagliari,F,Lazio vs Cagliari,11,6.3,,0.0,1.0,,1,1.0,,,,,,0,0,1.0,2.0
30573,Leonardo Pavoletti,Cagliari,F,Cagliari vs Genoa,19,6.2,,0.0,,,8,4.0,,,1.0,1.0,,0,0,1.0,4.0
30573,Leonardo Pavoletti,Cagliari,F,Atalanta vs Cagliari,8,6.5,,0.0,,,1,1.0,,,,,,0,0,,1.0
30573,Leonardo Pavoletti,Cagliari,F,Cagliari vs AC Milan,12,6.3,,0.0,,,3,2.0,,,,,,0,0,,
30573,Leonardo Pavoletti,Cagliari,F,Cagliari vs Hellas Verona,3,,,0.0,,,3,3.0,,,,,,0,0,,
30573,Leonardo Pavoletti,Cagliari,F,AS Roma vs Cagliari,17,6.5,,0.0,,,7,6.0,,,,,,0,0,,1.0
30573,Leonardo Pavoletti,Cagliari,F,Cagliari vs Lecce,57,6.3,,0.0,1.0,,15,9.0,,1.0,,3.0,,0,0,6.0,14.0
30573,Leonardo Pavoletti,Cagliari,F,Parma vs Cagliari,10,6.2,,,,,0,,,,,,,0,0,,2.0
510473,Louis Buffon,Pisa,F,Bologna vs Pisa,13,6.5,,0.0,,,1,,,,,,1.0,0,0,1.0,3.0
510473,Louis Buffon,Pisa,F,Lecce vs Pisa,9,6.5,,0.0,,,3,3.0,,,,1.0,,0,0,,1.0
510473,Louis Buffon,Pisa,F,Pisa vs Juventus,13,6.2,,0.0,,,2,2.0,,,,,,0,0,,2.0
387128,Sebastian Otoa,Genoa,D,Napoli vs Genoa,45,6.2,,0.0,,,7,6.0,,1.0,1.0,1.0,,1,0,4.0,5.0
387128,Sebastian Otoa,Genoa,D,Udinese vs Genoa,90,6.9,,0.0,,,31,29.0,,,,1.0,1.0,0,0,3.0,8.0
387128,Sebastian Otoa,Genoa,D,Genoa vs Inter,89,6.3,,0.0,,,23,20.0,,1.0,1.0,1.0,,0,0,3.0,9.0
387128,Sebastian Otoa,Genoa,D,Genoa vs Atalanta,90,7.3,,0.0,,,12,10.0,,3.0,1.0,,3.0,0,0,7.0,7.0
387128,Sebastian Otoa,Genoa,D,AS Roma vs Genoa,90,6.9,,0.0,,,25,21.0,,3.0,3.0,,2.0,0,0,12.0,12.0
387128,Sebastian Otoa,Genoa,D,Genoa vs Pisa,84,7.2,,0.0,,,48,45.0,,,,,2.0,0,0,2.0,6.0
387128,Sebastian Otoa,Genoa,D,AC Milan vs Genoa,17,6.9,,0.0,,,0,,,,,,1.0,0,0,1.0,1.0
387128,Sebastian Otoa,Genoa,D,Genoa vs Bologna,90,6.3,,0.0,1.0,1.0,43,40.0,,,2.0,1.0,2.0,0,0,6.0,8.0
861,Daniele Rugani,Juventus,D,Juventus vs AC Milan,86,6.9,,0.0,,,57,52.0,,,2.0,1.0,,0,0,2.0,5.0
861,Daniele Rugani,Juventus,D,Como vs Juventus,83,6.3,,0.0,,,30,23.0,,2.0,2.0,1.0,,0,0,3.0,5.0
861,Daniele Rugani,Juventus,D,Juventus vs Udinese,11,6.6,,0.0,,,0,,,,1.0,,,0,0,1.0,1.0
861,Daniele Rugani,Juventus,D,Cremonese vs Juventus,12,6.6,,0.0,,,2,2.0,,,,,,0,0,,
861,Daniele Rugani,Juventus,D,Juventus vs Torino,45,7.2,,0.0,,,54,53.0,,,,,,0,0,3.0,3.0
861,Daniele Rugani,Juventus,D,Juventus vs AS Roma,29,5.9,,0.0,,,3,2.0,,1.0,,,,0,0,2.0,3.0
314,Raúl Albiol,Pisa,D,Pisa vs Hellas Verona,90,7.9,,0.0,,,84,79.0,,1.0,1.0,1.0,1.0,0,0,6.0,13.0
314,Raúl Albiol,Pisa,D,AC Milan vs Pisa,45,6.7,,0.0,,,20,19.0,,,1.0,,,0,0,,
314,Raúl Albiol,Pisa,D,Sassuolo vs Pisa,45,6.9,,0.0,,,22,18.0,,,2.0,,1.0,0,0,1.0,2.0
314,Raúl Albiol,Pisa,D,Pisa vs Inter,80,6.3,,0.0,,,47,37.0,,1.0,,3.0,,1,0,1.0,4.0
314,Raúl Albiol,Pisa,D,Lecce vs Pisa,45,6.7,,0.0,,,28,26.0,,,,,,0,0,,
314,Raúl Albiol,Pisa,D,Genoa vs Pisa,62,6.6,,0.0,,,26,18.0,,3.0,,1.0,,0,0,4.0,8.0
311071,Nicolás Valentini,Hellas Verona,D,Pisa vs Hellas Verona,90,6.9,,0.0,2.0,1.0,26,15.0,,1.0,,1.0,,0,0,4.0,10.0
311071,Nicolás Valentini,Hellas Verona,D,Hellas Verona vs Cagliari,90,6.2,,0.0,1.0,1.0,25,18.0,,1.0,,2.0,1.0,0,0,2.0,5.0
311071,Nicolás Valentini,Hellas Verona,D,Como vs Hellas Verona,68,6.2,,0.0,,,12,7.0,,2.0,,1.0,1.0,0,0,4.0,5.0
311071,Nicolás Valentini,Hellas Verona,D,Lecce vs Hellas Verona,90,7.7,,0.0,,,25,17.0,,3.0,,3.0,,1,0,8.0,13.0
311071,Nicolás Valentini,Hellas Verona,D,Genoa vs Hellas Verona,90,6.5,,0.0,,,29,21.0,,1.0,,,,0,0,2.0,3.0
311071,Nicolás Valentini,Hellas Verona,D,Fiorentina vs Hellas Verona,15,7.2,,0.0,1.0,,3,2.0,,3.0,,,,0,0,3.0,4.0
311071,Nicolás Valentini,Hellas Verona,D,AC Milan vs Hellas Verona,25,6.7,,0.0,1.0,,6,4.0,,,,,,0,0,,
311071,Nicolás Valentini,Hellas Verona,D,Napoli vs Hellas Verona,90,6.2,,0.0,,,39,26.0,,1.0,2.0,2.0,,0,0,2.0,6.0
311071,Nicolás Valentini,Hellas Verona,D,Hellas Verona vs Lazio,90,6.7,,0.0,,,32,21.0,,2.0,1.0,1.0,,1,0,5.0,8.0
311071,Nicolás Valentini,Hellas Verona,D,Hellas Verona vs Bologna,90,6.2,,0.0,,,47,39.0,,1.0,1.0,2.0,1.0,0,0,8.0,15.0
311071,Nicolás Valentini,Hellas Verona,D,Cagliari vs Hellas Verona,90,6.2,,0.0,1.0,1.0,35,26.0,,4.0,2.0,,,0,0,5.0,6.0
364415,Yellu Santiago,Hellas Verona,M,Pisa vs Hellas Verona,10,6.9,,0.0,1.0,1.0,3,2.0,,2.0,,,,0,0,3.0,4.0
983,Leon Bailey,AS Roma,F,AS Roma vs Inter,17,6.6,,0.0,,,7,5.0,,,,,,0,0,1.0,2.0
983,Leon Bailey,AS Roma,F,Sassuolo vs AS Roma,50,6.7,,0.0,,,9,7.0,,,,1.0,1.0,0,0,2.0,6.0
983,Leon Bailey,AS Roma,F,AS Roma vs Parma,38,5.9,,0.0,,,14,11.0,,,,,,0,0,,5.0
983,Leon Bailey,AS Roma,F,AC Milan vs AS Roma,39,6.7,,0.0,,,14,14.0,,2.0,,,,0,0,3.0,4.0
983,Leon Bailey,AS Roma,F,AS Roma vs Napoli,10,6.3,,0.0,,,3,2.0,,,,1.0,,0,0,2.0,4.0
983,Leon Bailey,AS Roma,F,AS Roma vs Como,8,6.5,,0.0,1.0,1.0,6,6.0,,,,,,0,0,,
983,Leon Bailey,AS Roma,F,Juventus vs AS Roma,20,6.5,,0.0,,,6,4.0,,,,,,0,0,,
288,Alberto Moreno,Como,D,Como vs Juventus,68,6.6,,0.0,1.0,1.0,19,18.0,,1.0,,3.0,,1,0,1.0,5.0
288,Alberto Moreno,Como,D,Parma vs Como,90,6.9,,0.0,,,47,42.0,,,,,,0,0,2.0,4.0
288,Alberto Moreno,Como,D,Como vs Sassuolo,90,7.9,1.0,0.0,2.0,1.0,58,53.0,,,,1.0,,0,0,1.0,3.0
288,Alberto Moreno,Como,D,Lecce vs Como,90,6.6,,0.0,1.0,1.0,37,30.0,,1.0,1.0,2.0,,0,0,3.0,8.0
288,Alberto Moreno,Como,D,Como vs Udinese,79,7.3,,0.0,1.0,,57,51.0,,2.0,1.0,,1.0,0,0,3.0,3.0
288,Alberto Moreno,Como,D,Como vs Bologna,84,6.3,,0.0,,,34,29.0,,1.0,,1.0,,0,0,2.0,4.0
288,Alberto Moreno,Como,D,Como vs AC Milan,76,6.2,,0.0,,,65,58.0,,1.0,,1.0,,0,0,1.0,4.0
288,Alberto Moreno,Como,D,Como vs Torino,17,6.9,,0.0,,,22,22.0,,,,,2.0,0,0,2.0,2.0
288,Alberto Moreno,Como,D,Como vs Fiorentina,45,6.3,,0.0,,,24,18.0,,,,,,0,0,,1.0
288,Alberto Moreno,Como,D,Juventus vs Como,10,6.7,,0.0,,,2,1.0,,,,,,0,0,,
31098,Federico Ravaglia,Bologna,G,Cagliari vs Bologna,90,7.7,,0.0,,,50,37.0,,,1.0,,,0,0,,
31098,Federico Ravaglia,Bologna,G,Udinese vs Bologna,90,7.3,,0.0,,,46,31.0,,,,,1.0,0,0,2.0,2.0
31098,Federico Ravaglia,Bologna,G,Bologna vs Cremonese,90,6,,0.0,,,23,19.0,,,,,,0,0,1.0,2.0
31098,Federico Ravaglia,Bologna,G,Lazio vs Bologna,90,8.3,,0.0,,,45,39.0,,,,,,0,0,,1.0
31098,Federico Ravaglia,Bologna,G,Bologna vs Juventus,90,7.7,,0.0,,,59,45.0,,,,,1.0,0,0,1.0,1.0
31098,Federico Ravaglia,Bologna,G,Bologna vs Sassuolo,90,8,,0.0,,,33,21.0,,1.0,,,1.0,1,0,2.0,3.0
31098,Federico Ravaglia,Bologna,G,Inter vs Bologna,90,8.3,,0.0,,,46,29.0,,,,,,0,0,,
31098,Federico Ravaglia,Bologna,G,Bologna vs Atalanta,90,6.9,,0.0,,,42,29.0,,,,,,0,0,,
31098,Federico Ravaglia,Bologna,G,Como vs Bologna,90,6.6,,0.0,,,57,36.0,,,,,,0,0,,
31098,Federico Ravaglia,Bologna,G,Hellas Verona vs Bologna,90,7.2,,0.0,,,46,35.0,,,,,,0,0,,
31098,Federico Ravaglia,Bologna,G,Bologna vs Fiorentina,90,6.9,,0.0,,,40,35.0,,,,,,0,0,,
31098,Federico Ravaglia,Bologna,G,Genoa vs Bologna,29,6.2,,0.0,,,15,4.0,,,,,,1,0,1.0,1.0
31098,Federico Ravaglia,Bologna,G,Bologna vs AC Milan,90,7.3,,0.0,,,27,21.0,,2.0,,1.0,,1,0,2.0,3.0
665,Maxwel Cornet,Genoa,F,Genoa vs Parma,9,5.9,,0.0,1.0,1.0,4,3.0,,,,,,0,0,,
665,Maxwel Cornet,Genoa,F,Torino vs Genoa,12,6.3,,0.0,1.0,1.0,6,4.0,,,,,,0,0,1.0,3.0
665,Maxwel Cornet,Genoa,F,Genoa vs Cremonese,53,6.2,,0.0,,,11,7.0,,2.0,,3.0,1.0,0,0,4.0,10.0
665,Maxwel Cornet,Genoa,F,Genoa vs Bologna,17,6.3,,0.0,,,7,6.0,,1.0,,1.0,,0,0,1.0,5.0
665,Maxwel Cornet,Genoa,F,Lazio vs Genoa,10,6.6,,0.0,1.0,,4,4.0,,1.0,,1.0,,0,0,2.0,3.0
665,Maxwel Cornet,Genoa,F,Genoa vs Napoli,10,5.9,,0.0,,,1,1.0,,1.0,,1.0,,0,0,1.0,3.0
428237,Mariano Troilo,Parma,D,Genoa vs Parma,11,6.2,,0.0,,,0,,,,,1.0,1.0,1,0,1.0,2.0
428237,Mariano Troilo,Parma,D,Parma vs AC Milan,45,7,,0.0,,,26,25.0,,,,1.0,1.0,0,0,2.0,5.0
428237,Mariano Troilo,Parma,D,Hellas Verona vs Parma,90,8.2,,0.0,,,48,42.0,,3.0,,,2.0,0,0,11.0,11.0
428237,Mariano Troilo,Parma,D,Parma vs Udinese,64,5.2,,0.0,,,32,25.0,,,1.0,1.0,1.0,0,1,6.0,13.0
428237,Mariano Troilo,Parma,D,Parma vs Lazio,45,6.3,,0.0,,,32,31.0,,,,3.0,1.0,0,0,2.0,8.0
428237,Mariano Troilo,Parma,D,Napoli vs Parma,70,7.3,,0.0,,,17,14.0,,2.0,1.0,1.0,2.0,1,0,7.0,8.0
428237,Mariano Troilo,Parma,D,Atalanta vs Parma,90,7.9,,0.0,1.0,,49,45.0,,4.0,3.0,,1.0,0,0,8.0,11.0
428237,Mariano Troilo,Parma,D,Parma vs Juventus,90,6.3,,0.0,,,43,38.0,,4.0,3.0,1.0,2.0,0,0,8.0,12.0
428237,Mariano Troilo,Parma,D,Bologna vs Parma,79,6.3,,0.0,,,65,60.0,,1.0,,5.0,,2,1,2.0,8.0
428237,Mariano Troilo,Parma,D,AC Milan vs Parma,90,8.3,1.0,0.0,1.0,1.0,35,29.0,,,,1.0,2.0,1,0,4.0,7.0
428237,Mariano Troilo,Parma,D,Parma vs Cagliari,95,7.2,,,,,95,85.0,,1.0,,1.0,,0,0,2.0,4.0
211,Matías Vecino,Lazio,M,Atalanta vs Lazio,15,6.9,,0.0,,,8,8.0,,1.0,,,,0,0,2.0,2.0
211,Matías Vecino,Lazio,M,Lazio vs Juventus,22,6.7,,0.0,,,7,7.0,,,,,,0,0,1.0,4.0
211,Matías Vecino,Lazio,M,Pisa vs Lazio,32,6.2,,0.0,1.0,,10,8.0,,,,1.0,,0,0,,3.0
211,Matías Vecino,Lazio,M,Lazio vs Cagliari,29,6.9,,0.0,,,12,10.0,,1.0,,1.0,1.0,0,0,2.0,3.0
211,Matías Vecino,Lazio,M,Inter vs Lazio,25,6.6,,0.0,,,30,28.0,,,1.0,,,0,0,,
211,Matías Vecino,Lazio,M,Lazio vs Lecce,45,7.3,,0.0,,,37,35.0,,1.0,3.0,1.0,,0,0,1.0,4.0
211,Matías Vecino,Lazio,M,AC Milan vs Lazio,62,6.9,,0.0,,,58,54.0,,1.0,,1.0,,0,0,1.0,2.0
211,Matías Vecino,Lazio,M,Parma vs Lazio,8,6.7,,0.0,,,0,,,,,,,0,0,,
211,Matías Vecino,Lazio,M,Lazio vs Cremonese,63,6.5,,0.0,,,29,22.0,,1.0,,1.0,,0,0,1.0,3.0
211,Matías Vecino,Lazio,M,Udinese vs Lazio,90,6.5,,0.0,3.0,,39,34.0,,,2.0,1.0,1.0,1,0,5.0,9.0
211,Matías Vecino,Lazio,M,Lazio vs Fiorentina,60,6.3,,1.0,,,22,18.0,,1.0,1.0,,,0,0,1.0,5.0
211,Matías Vecino,Lazio,M,Hellas Verona vs Lazio,90,7.3,,0.0,,,78,66.0,,2.0,,1.0,1.0,0,0,9.0,14.0
211,Matías Vecino,Lazio,M,Lecce vs Lazio,64,6.6,,0.0,,,39,37.0,,2.0,,1.0,,0,0,2.0,8.0
361412,Dachi Lordkipanidze,Cremonese,M,Cremonese vs Udinese,28,6.3,,0.0,,,7,5.0,,,1.0,,,0,0,1.0,4.0
143648,Maduka Okoye,Udinese,G,Cremonese vs Udinese,90,6.6,,0.0,,,28,22.0,,,,,,0,0,,
143648,Maduka Okoye,Udinese,G,Udinese vs Lecce,90,6.3,,0.0,,,39,20.0,,,,,,0,0,1.0,1.0
143648,Maduka Okoye,Udinese,G,Juventus vs Udinese,90,8.3,,0.0,,,39,25.0,,,,,,0,0,,
143648,Maduka Okoye,Udinese,G,Udinese vs Atalanta,90,6.6,,0.0,,,30,22.0,,,,,,0,0,,
143648,Maduka Okoye,Udinese,G,AS Roma vs Udinese,90,7,,0.0,,,48,34.0,,,,,,0,0,,
143648,Maduka Okoye,Udinese,G,Udinese vs Bologna,90,6.3,,0.0,,,36,26.0,,,,,,0,0,,
143648,Maduka Okoye,Udinese,G,Parma vs Udinese,90,6.6,,0.0,,,33,17.0,,,,,,0,0,,
143648,Maduka Okoye,Udinese,G,Udinese vs Genoa,90,7,,0.0,,,28,21.0,,,,1.0,,0,0,,1.0
143648,Maduka Okoye,Udinese,G,Udinese vs Napoli,90,6.6,,0.0,,,30,15.0,,,,,,0,0,1.0,1.0
143648,Maduka Okoye,Udinese,G,Fiorentina vs Udinese,7,3,,0.0,,,5,5.0,,,,1.0,,0,1,,1.0
143648,Maduka Okoye,Udinese,G,Torino vs Udinese,90,8.2,,0.0,,,27,16.0,,,,,2.0,0,0,2.0,2.0
143648,Maduka Okoye,Udinese,G,Udinese vs Pisa,90,6.7,,0.0,,,21,8.0,,,,,,0,0,,
143648,Maduka Okoye,Udinese,G,Udinese vs Inter,90,7.9,,0.0,,,28,22.0,,,,,,0,0,,
143648,Maduka Okoye,Udinese,G,Hellas Verona vs Udinese,90,7.3,,0.0,,,21,12.0,,,,,,0,0,,
143648,Maduka Okoye,Udinese,G,Udinese vs AS Roma,90,8.5,,0.0,,,36,19.0,,,,,,0,0,1.0,1.0
143648,Maduka Okoye,Udinese,G,Lecce vs Udinese,90,6.3,,0.0,,,32,22.0,,,,,,0,0,1.0,1.0
143648,Maduka Okoye,Udinese,G,Udinese vs Sassuolo,90,7.3,,0.0,,,35,27.0,,,,,1.0,0,0,1.0,1.0
143648,Maduka Okoye,Udinese,G,Bologna vs Udinese,90,7.5,,0.0,,,36,25.0,,,,,,0,0,,
56560,Youssef Maleh,Lecce,M,Udinese vs Lecce,14,6.3,,0.0,,,7,6.0,,,,1.0,,0,0,,1.0
56560,Youssef Maleh,Lecce,M,Lecce vs Napoli,13,6.9,,0.0,,,9,8.0,,4.0,,1.0,,0,0,4.0,6.0
56560,Youssef Maleh,Lecce,M,Fiorentina vs Lecce,14,6.5,,0.0,,,2,,,,,2.0,1.0,0,0,1.0,3.0
56560,Youssef Maleh,Lecce,M,Lecce vs Como,69,6.6,,0.0,1.0,1.0,19,14.0,,1.0,2.0,2.0,,0,0,2.0,5.0
56560,Youssef Maleh,Lecce,M,Juventus vs Lecce,90,7,,0.0,,,21,15.0,,4.0,,,2.0,1,0,7.0,11.0
56560,Youssef Maleh,Lecce,M,Lecce vs AS Roma,90,6.7,,0.0,,,43,32.0,,,2.0,1.0,4.0,1,0,7.0,12.0
56560,Youssef Maleh,Lecce,M,Lecce vs Parma,78,6.5,,0.0,2.0,,22,13.0,,1.0,,2.0,1.0,0,0,4.0,7.0
56560,Youssef Maleh,Lecce,M,Inter vs Lecce,86,6.6,,0.0,1.0,,26,20.0,,1.0,2.0,,,0,0,1.0,1.0
56560,Youssef Maleh,Lecce,M,AC Milan vs Lecce,10,6.6,,0.0,1.0,,6,5.0,,,,,,0,0,,
56560,Youssef Maleh,Lecce,M,Cremonese vs Inter,89,6.2,,0.0,,,25,22.0,,1.0,1.0,3.0,,0,0,2.0,9.0
56560,Youssef Maleh,Lecce,M,Atalanta vs Cremonese,90,6.5,,0.0,2.0,,31,24.0,,2.0,2.0,,,0,0,3.0,7.0
56560,Youssef Maleh,Lecce,M,Cremonese vs Genoa,90,7.7,,0.0,1.0,1.0,37,30.0,,5.0,,3.0,,0,0,6.0,14.0
56560,Youssef Maleh,Lecce,M,AS Roma vs Cremonese,90,6.5,,0.0,,,35,27.0,,4.0,,2.0,1.0,0,0,5.0,10.0
1208,Hernani,Parma,M,Parma vs Como,14,6.9,,0.0,,,7,6.0,,,,,,0,0,1.0,1.0
1208,Hernani,Parma,M,Parma vs Bologna,12,6.7,,0.0,,,6,5.0,,,1.0,,1.0,0,0,1.0,1.0
1208,Hernani,Parma,M,Parma vs AC Milan,9,6.7,,0.0,,,2,1.0,,,,1.0,,0,0,1.0,3.0
1208,Hernani,Parma,M,Parma vs Udinese,34,6.3,,0.0,,,9,5.0,,1.0,,1.0,2.0,0,0,3.0,6.0
400948,Assane Diao,Como,F,Parma vs Como,45,6.2,,0.0,,,15,10.0,,1.0,,1.0,,0,0,2.0,8.0
400948,Assane Diao,Como,F,Como vs Hellas Verona,54,6.5,,0.0,,,19,15.0,,,,1.0,2.0,0,0,2.0,5.0
400948,Assane Diao,Como,F,Napoli vs Como,90,6.3,,0.0,1.0,,33,25.0,,,,1.0,5.0,0,0,7.0,17.0
400948,Assane Diao,Como,F,Como vs Cagliari,45,6.2,,0.0,,,16,13.0,,,,2.0,1.0,0,0,1.0,6.0
400948,Assane Diao,Como,F,Inter vs Como,45,6.9,,0.0,2.0,1.0,14,10.0,,,1.0,,2.0,0,0,5.0,7.0
400948,Assane Diao,Como,F,AS Roma vs Como,37,6.6,,0.0,,,5,3.0,,,,,1.0,0,0,2.0,3.0
385788,Francesco Folino,Cremonese,D,Cremonese vs Atalanta,17,6.5,,0.0,,,4,4.0,,,,,,0,0,1.0,1.0
385788,Francesco Folino,Cremonese,D,Genoa vs Cremonese,8,6.6,,0.0,,,1,1.0,,,,1.0,,0,0,1.0,2.0
385788,Francesco Folino,Cremonese,D,Cremonese vs AS Roma,10,7.6,1.0,0.0,1.0,1.0,7,5.0,,,,,,0,0,1.0,2.0
385788,Francesco Folino,Cremonese,D,Bologna vs Cremonese,13,6.9,,0.0,,,0,,,,,,,0,0,,1.0
385788,Francesco Folino,Cremonese,D,Cremonese vs Lecce,10,6.6,,0.0,,,2,2.0,,,,,1.0,0,0,1.0,1.0
385788,Francesco Folino,Cremonese,D,Lazio vs Cremonese,69,6.6,,0.0,,,41,32.0,,1.0,,4.0,1.0,0,0,5.0,10.0
385788,Francesco Folino,Cremonese,D,Fiorentina vs Cremonese,90,6.2,,0.0,,,33,26.0,,1.0,,1.0,,0,0,2.0,3.0
385788,Francesco Folino,Cremonese,D,Juventus vs Cremonese,10,6.6,,0.0,,,4,3.0,,,1.0,,,0,0,,
385788,Francesco Folino,Cremonese,D,Cremonese vs Hellas Verona,17,6.3,,0.0,,,9,7.0,,,,1.0,,0,0,,3.0
385788,Francesco Folino,Cremonese,D,Sassuolo vs Cremonese,9,6.9,,0.0,,,8,7.0,,,,,1.0,0,0,1.0,1.0
385788,Francesco Folino,Cremonese,D,Cremonese vs Inter,90,7,,0.0,,,33,23.0,,2.0,,2.0,2.0,0,0,7.0,10.0
385788,Francesco Folino,Cremonese,D,AS Roma vs Cremonese,90,6.5,,0.0,,,21,16.0,,,,,,0,0,,2.0
30642,Alberto Paleari,Torino,G,Torino vs Genoa,90,6.9,,0.0,,,28,20.0,,,,,,0,0,,
30642,Alberto Paleari,Torino,G,Bologna vs Torino,90,7.5,,0.0,,,29,15.0,,,,,,0,0,,
30642,Alberto Paleari,Torino,G,Torino vs Pisa,90,6.9,,0.0,,,26,16.0,,,,,,0,0,,
30642,Alberto Paleari,Torino,G,Juventus vs Torino,90,8.9,,0.0,,,43,23.0,,,,,,0,0,,1.0
30642,Alberto Paleari,Torino,G,Torino vs Como,90,5.6,,0.0,,,21,16.0,,,,,,0,0,,
30642,Alberto Paleari,Torino,G,Torino vs Cremonese,90,8.3,,0.0,,,39,19.0,,,,,,0,0,2.0,2.0
30642,Alberto Paleari,Torino,G,Sassuolo vs Torino,90,6.7,,0.0,,,34,18.0,,,,,,0,0,,
30642,Alberto Paleari,Torino,G,Torino vs Cagliari,90,6.7,,0.0,,,32,21.0,,,,,,0,0,,
30642,Alberto Paleari,Torino,G,Hellas Verona vs Torino,90,6.9,,0.0,,,30,12.0,,,,,1.0,1,0,2.0,2.0
30642,Alberto Paleari,Torino,G,Torino vs Udinese,90,6.6,,0.0,,,31,23.0,,,,,,0,0,,1.0
30642,Alberto Paleari,Torino,G,Atalanta vs Torino,90,7.6,,0.0,,,44,33.0,,,,,1.0,0,0,2.0,2.0
30642,Alberto Paleari,Torino,G,Torino vs AS Roma,90,7,,0.0,,,33,20.0,,,,,,0,0,,
30642,Alberto Paleari,Torino,G,Como vs Torino,90,5.6,,0.0,,,35,22.0,,,,,,0,0,1.0,2.0
30642,Alberto Paleari,Torino,G,Torino vs Lecce,90,7.2,,0.0,,,32,23.0,,,,,,0,0,1.0,1.0
30642,Alberto Paleari,Torino,G,Fiorentina vs Torino,90,7.6,,0.0,,,32,27.0,,,,,1.0,0,0,2.0,2.0
30642,Alberto Paleari,Torino,G,Torino vs Bologna,90,7.6,,0.0,,,35,31.0,,,,,,0,0,,
30642,Alberto Paleari,Torino,G,Genoa vs Torino,90,5.9,,0.0,,,34,16.0,,,,,,0,0,,
41748,Jean Onana,Genoa,M,Torino vs Genoa,12,6.2,,0.0,,,7,4.0,,,,2.0,,0,0,,4.0
41748,Jean Onana,Genoa,M,Genoa vs Torino,8,6.7,,0.0,1.0,,6,5.0,,1.0,,1.0,,0,0,1.0,2.0
551413,Joseph Liteta,Cagliari,M,Hellas Verona vs Cagliari,45,6.2,,0.0,,,31,26.0,,,,,,0,0,2.0,5.0
551413,Joseph Liteta,Cagliari,M,Juventus vs Cagliari,53,6,,0.0,,,26,22.0,,,2.0,3.0,,0,0,,5.0
551413,Joseph Liteta,Cagliari,M,Parma vs Cagliari,97,6.7,,,,,42,36.0,,2.0,,1.0,,0,0,3.0,9.0
19053,Abdelhamid Sabiri,Fiorentina,M,Fiorentina vs Bologna,26,6.9,,0.0,1.0,,19,13.0,,2.0,,1.0,1.0,0,0,3.0,6.0
849,Mattia Perin,Juventus,G,Lazio vs Juventus,90,6.3,,0.0,,,15,15.0,,,,,,0,0,,
849,Mattia Perin,Juventus,G,Juventus vs Cagliari,90,6.6,,0.0,,,18,18.0,,,,,,0,0,,
849,Mattia Perin,Juventus,G,Cagliari vs Juventus,90,6.7,,0.0,,,13,13.0,,,,,,0,0,,
342019,Daniele Ghilardi,AS Roma,D,AS Roma vs Parma,8,6.2,,0.0,,,2,2.0,,,1.0,,,0,0,,
342019,Daniele Ghilardi,AS Roma,D,Cagliari vs AS Roma,17,6.2,,0.0,,,4,1.0,,,,1.0,,0,0,,2.0
342019,Daniele Ghilardi,AS Roma,D,AS Roma vs Genoa,16,6.6,,0.0,,,9,9.0,,3.0,1.0,,1.0,0,0,5.0,6.0
342019,Daniele Ghilardi,AS Roma,D,Lecce vs AS Roma,90,7.2,,0.0,,,38,30.0,,,2.0,2.0,,0,0,3.0,7.0
342019,Daniele Ghilardi,AS Roma,D,AS Roma vs Sassuolo,90,7.2,,0.0,,,46,39.0,,3.0,1.0,,1.0,0,0,7.0,12.0
342019,Daniele Ghilardi,AS Roma,D,Torino vs AS Roma,67,7.2,,0.0,,,41,35.0,,1.0,,,1.0,0,0,5.0,7.0
342019,Daniele Ghilardi,AS Roma,D,AS Roma vs AC Milan,90,6.9,,0.0,,,60,54.0,,4.0,2.0,3.0,,0,0,4.0,10.0
342019,Daniele Ghilardi,AS Roma,D,Udinese vs AS Roma,20,6.9,,0.0,,,21,20.0,,,,1.0,,0,0,1.0,3.0
342019,Daniele Ghilardi,AS Roma,D,AS Roma vs Cagliari,90,7.7,,0.0,1.0,,58,53.0,,1.0,1.0,1.0,1.0,0,0,6.0,9.0
342019,Daniele Ghilardi,AS Roma,D,Napoli vs AS Roma,90,6.7,,0.0,,,36,29.0,,4.0,1.0,1.0,2.0,0,0,7.0,8.0
342019,Daniele Ghilardi,AS Roma,D,AS Roma vs Cremonese,45,7.2,,0.0,,,32,25.0,,1.0,,1.0,3.0,0,0,5.0,8.0
362061,Benjamin Cremaschi,Parma,M,AS Roma vs Parma,13,6.7,,0.0,,,1,1.0,,1.0,,,,0,0,1.0,2.0
362061,Benjamin Cremaschi,Parma,M,Parma vs Inter,12,6.5,,0.0,,,2,2.0,,,,,,0,0,,
362061,Benjamin Cremaschi,Parma,M,Parma vs Genoa,8,6.6,,0.0,,,7,6.0,,,,,,0,0,2.0,3.0
362061,Benjamin Cremaschi,Parma,M,Parma vs Cagliari,8,6.3,,,,,1,1.0,,,,,,0,0,,
31440,Luca Moro,Sassuolo,F,Cagliari vs Sassuolo,16,7,,0.0,1.0,,4,4.0,,1.0,,1.0,3.0,0,0,6.0,8.0
31440,Luca Moro,Sassuolo,F,Sassuolo vs Genoa,10,6.5,,0.0,,,1,,,,,1.0,,0,0,1.0,3.0
31440,Luca Moro,Sassuolo,F,Como vs Sassuolo,21,6.2,,0.0,1.0,,4,4.0,,,,,,0,0,,2.0
31440,Luca Moro,Sassuolo,F,AC Milan vs Sassuolo,11,6.3,,0.0,,,2,1.0,,,1.0,,,0,0,,
31440,Luca Moro,Sassuolo,F,Sassuolo vs Torino,27,6.3,,0.0,,,5,5.0,,1.0,,,1.0,0,0,2.0,6.0
31440,Luca Moro,Sassuolo,F,Sassuolo vs Parma,10,6.2,,0.0,,,0,,,,,,,0,0,,
31440,Luca Moro,Sassuolo,F,AS Roma vs Sassuolo,12,6.9,,0.0,,,4,3.0,,1.0,,,1.0,0,0,3.0,3.0
31440,Luca Moro,Sassuolo,F,Napoli vs Sassuolo,8,6.2,,0.0,,,0,,,,,,,0,0,,1.0
31440,Luca Moro,Sassuolo,F,Sassuolo vs Cremonese,71,6.3,,0.0,2.0,1.0,10,7.0,,,,2.0,3.0,0,0,7.0,14.0
31440,Luca Moro,Sassuolo,F,Pisa vs Sassuolo,17,6.6,,0.0,2.0,,8,7.0,,2.0,,1.0,,1,0,6.0,9.0
446089,Massimo Pessina,Bologna,G,Bologna vs Napoli,82,6.9,,0.0,,,29,17.0,,,,,,0,0,,
353609,Ibrahim Sulemana,Bologna,M,Udinese vs Bologna,12,6.7,,0.0,,,6,5.0,,,,,,0,0,1.0,2.0
353609,Ibrahim Sulemana,Bologna,M,Bologna vs Juventus,24,6.7,,0.0,,,13,13.0,,,,1.0,,1,0,1.0,4.0
353609,Ibrahim Sulemana,Bologna,M,Como vs Bologna,13,6.6,,0.0,,,2,,,,,,,0,0,2.0,2.0
353609,Ibrahim Sulemana,Bologna,M,Fiorentina vs Cagliari,26,6.2,,0.0,,,3,3.0,,,2.0,1.0,,0,0,,2.0
353609,Ibrahim Sulemana,Bologna,M,Cagliari vs Hellas Verona,24,7.3,1.0,0.0,1.0,1.0,20,19.0,,,,,,0,0,1.0,4.0
353609,Ibrahim Sulemana,Bologna,M,AS Roma vs Cagliari,31,6.3,,0.0,1.0,,20,20.0,,1.0,1.0,,,0,0,1.0,2.0
353609,Ibrahim Sulemana,Bologna,M,Cagliari vs Lecce,90,6.9,,0.0,2.0,,52,42.0,,3.0,,2.0,2.0,0,0,9.0,14.0
353609,Ibrahim Sulemana,Bologna,M,Cagliari vs Lazio,90,7.3,,0.0,1.0,1.0,24,18.0,,4.0,,1.0,1.0,0,0,7.0,11.0
353609,Ibrahim Sulemana,Bologna,M,Parma vs Cagliari,87,6.5,,,1.0,,32,27.0,,,,1.0,,1,0,4.0,8.0
181808,Fabio Miretti,Juventus,M,Fiorentina vs Juventus,24,6.6,,0.0,1.0,,22,18.0,,2.0,,2.0,1.0,1,0,3.0,5.0
181808,Fabio Miretti,Juventus,M,Juventus vs Cagliari,20,7.2,,0.0,,,25,24.0,,4.0,,,,0,0,4.0,7.0
181808,Fabio Miretti,Juventus,M,Napoli vs Juventus,14,6.6,,0.0,,,8,8.0,,,,,,0,0,1.0,2.0
181808,Fabio Miretti,Juventus,M,Bologna vs Juventus,8,6.7,,0.0,,,1,1.0,,,,,,0,0,,
181808,Fabio Miretti,Juventus,M,Pisa vs Juventus,11,7.3,,0.0,,,7,7.0,,,,,,0,0,2.0,2.0
181808,Fabio Miretti,Juventus,M,Sassuolo vs Juventus,89,7.2,1.0,0.0,2.0,1.0,56,47.0,,2.0,,1.0,1.0,0,0,4.0,7.0
181808,Fabio Miretti,Juventus,M,Juventus vs Cremonese,83,7.3,,1.0,,,43,37.0,,2.0,1.0,4.0,,0,0,3.0,9.0
181808,Fabio Miretti,Juventus,M,Cagliari vs Juventus,66,6.2,,0.0,3.0,1.0,43,34.0,,1.0,,2.0,2.0,0,0,4.0,9.0
181808,Fabio Miretti,Juventus,M,Juventus vs Napoli,14,6.9,,1.0,,,12,11.0,,,,,1.0,0,0,1.0,1.0
181808,Fabio Miretti,Juventus,M,Parma vs Juventus,45,6.3,,0.0,,,23,20.0,,,,1.0,,0,0,,1.0
181808,Fabio Miretti,Juventus,M,Juventus vs Lazio,14,6.7,,0.0,,,8,8.0,,,,,,0,0,1.0,3.0
181808,Fabio Miretti,Juventus,M,Inter vs Juventus,61,6.3,,0.0,1.0,1.0,22,18.0,,1.0,1.0,,,0,0,1.0,6.0
181808,Fabio Miretti,Juventus,M,Juventus vs Como,45,6.5,,0.0,,,25,20.0,,2.0,,,,0,0,2.0,6.0
31390,Pasquale Mazzocchi,Napoli,D,Napoli vs Atalanta,21,6.6,,0.0,,,5,4.0,,,2.0,,,0,0,1.0,2.0
31390,Pasquale Mazzocchi,Napoli,D,Lazio vs Napoli,17,6.6,,0.0,,,7,6.0,,,,1.0,,0,1,,2.0
31390,Pasquale Mazzocchi,Napoli,D,Napoli vs Parma,58,6.7,,0.0,,,47,42.0,,,,,,0,0,3.0,3.0
31390,Pasquale Mazzocchi,Napoli,D,Napoli vs Sassuolo,28,6.7,,0.0,1.0,1.0,10,7.0,,,,,,0,0,1.0,3.0
31390,Pasquale Mazzocchi,Napoli,D,Napoli vs AS Roma,10,6.6,,0.0,,,8,6.0,,,,,,0,0,1.0,1.0
31390,Pasquale Mazzocchi,Napoli,D,Atalanta vs Napoli,63,6.7,,0.0,,,24,17.0,,1.0,,,,0,0,1.0,1.0
180762,Edoardo Corvi,Parma,G,Hellas Verona vs Parma,90,6.2,,0.0,,,37,24.0,,,,,,0,0,,
180762,Edoardo Corvi,Parma,G,Parma vs Udinese,90,7.2,,0.0,,,35,31.0,,,,,1.0,0,0,2.0,2.0
180762,Edoardo Corvi,Parma,G,Pisa vs Parma,90,6.9,,0.0,,,22,14.0,,,,,,0,0,,
180762,Edoardo Corvi,Parma,G,Parma vs Lazio,90,6.3,,0.0,,,27,22.0,,,,,,0,0,,1.0
180762,Edoardo Corvi,Parma,G,Parma vs Fiorentina,90,7.6,,0.0,,,29,20.0,,,,,1.0,1,0,1.0,1.0
180762,Edoardo Corvi,Parma,G,Sassuolo vs Parma,90,6.9,,0.0,,,34,24.0,,,,,1.0,0,0,1.0,1.0
180762,Edoardo Corvi,Parma,G,Parma vs Inter,90,6.3,,0.0,,,38,26.0,,,,,,0,0,,
180762,Edoardo Corvi,Parma,G,Lecce vs Parma,90,6.5,,0.0,,,31,26.0,,,,,,0,0,,
180762,Edoardo Corvi,Parma,G,Parma vs Genoa,90,7.9,,0.0,,,27,23.0,,,,,,0,0,,
180762,Edoardo Corvi,Parma,G,Atalanta vs Parma,90,6.6,,0.0,,,30,21.0,,,,,,0,0,,
180762,Edoardo Corvi,Parma,G,Parma vs Juventus,90,6.3,,0.0,,,25,20.0,,,,,,0,0,,
180762,Edoardo Corvi,Parma,G,Bologna vs Parma,90,7.9,,0.0,,,30,25.0,,,,,,0,0,,
180762,Edoardo Corvi,Parma,G,Parma vs Hellas Verona,90,6.5,,0.0,,,20,15.0,,,,,,0,0,,
180762,Edoardo Corvi,Parma,G,AC Milan vs Parma,90,8.2,,0.0,,,34,20.0,,1.0,,,1.0,0,0,2.0,2.0
180762,Edoardo Corvi,Parma,G,Parma vs Cagliari,97,6.6,,,,,23,20.0,,,,,,0,0,,
191979,Jacob Ondrejka,Parma,F,Parma vs Udinese,45,6.9,,0.0,2.0,1.0,12,8.0,,,,,,0,0,2.0,4.0
191979,Jacob Ondrejka,Parma,F,Pisa vs Parma,58,6.7,,0.0,,,11,7.0,,,1.0,1.0,2.0,0,0,4.0,9.0
191979,Jacob Ondrejka,Parma,F,Parma vs Lazio,20,6.3,,0.0,,,5,4.0,,,,,,0,0,,
191979,Jacob Ondrejka,Parma,F,Parma vs Fiorentina,68,6.7,,0.0,3.0,1.0,16,13.0,,1.0,,,,0,0,1.0,3.0
191979,Jacob Ondrejka,Parma,F,Sassuolo vs Parma,70,6.5,,0.0,,,25,22.0,,1.0,,2.0,2.0,0,0,3.0,6.0
191979,Jacob Ondrejka,Parma,F,Parma vs Inter,62,6.7,,0.0,1.0,,14,9.0,,1.0,,,4.0,0,0,5.0,10.0
191979,Jacob Ondrejka,Parma,F,Lecce vs Parma,80,7,,0.0,1.0,,13,9.0,,2.0,,,1.0,0,0,5.0,7.0
191979,Jacob Ondrejka,Parma,F,Napoli vs Parma,59,6.7,,0.0,1.0,1.0,15,13.0,,,,,,0,0,2.0,5.0
191979,Jacob Ondrejka,Parma,F,Parma vs Genoa,45,6.7,,0.0,,,12,11.0,,,,1.0,1.0,1,0,2.0,5.0
191979,Jacob Ondrejka,Parma,F,Atalanta vs Parma,26,6.6,,0.0,1.0,,13,11.0,,,,,1.0,0,0,3.0,5.0
191979,Jacob Ondrejka,Parma,F,Parma vs Juventus,75,5.6,,0.0,,,16,14.0,,,2.0,,,0,0,,11.0
191979,Jacob Ondrejka,Parma,F,Parma vs Hellas Verona,45,6.2,,0.0,4.0,3.0,20,15.0,,,,,,0,0,,3.0
191979,Jacob Ondrejka,Parma,F,AC Milan vs Parma,14,6.7,,0.0,,,3,3.0,,,,,,0,0,,
50054,Simone Scuffet,Pisa,G,Pisa vs Inter,90,6.9,,0.0,,,38,29.0,,,,,,0,0,1.0,1.0
50054,Simone Scuffet,Pisa,G,Pisa vs Parma,90,6.9,,0.0,,,30,27.0,,,,,,0,0,,
50054,Simone Scuffet,Pisa,G,Udinese vs Pisa,90,6.9,,0.0,,,29,22.0,,,,,,0,0,,
50054,Simone Scuffet,Pisa,G,Pisa vs Atalanta,90,7.6,,0.0,,,32,20.0,,,,,,0,0,,
50054,Simone Scuffet,Pisa,G,Inter vs Pisa,90,7.3,,0.0,,,38,23.0,,,,,1.0,0,0,2.0,2.0
50054,Simone Scuffet,Pisa,G,Pisa vs Sassuolo,90,7,,0.0,,,34,23.0,,,,,1.0,0,0,1.0,1.0
50054,Simone Scuffet,Pisa,G,Hellas Verona vs Pisa,90,6.7,,0.0,,,36,16.0,,,,,2.0,0,0,2.0,2.0
1442,Sead Kolašinac,Atalanta,D,Atalanta vs Fiorentina,8,6.9,,0.0,,,2,2.0,,2.0,,,,0,0,2.0,3.0
1442,Sead Kolašinac,Atalanta,D,Hellas Verona vs Atalanta,45,6.7,,0.0,,,30,25.0,,2.0,,1.0,2.0,0,0,5.0,8.0
1442,Sead Kolašinac,Atalanta,D,Atalanta vs Cagliari,90,6.7,,0.0,,,56,50.0,,,1.0,2.0,,0,0,,2.0
1442,Sead Kolašinac,Atalanta,D,Genoa vs Atalanta,82,7.3,,0.0,1.0,,67,61.0,,2.0,,,2.0,0,0,7.0,10.0
1442,Sead Kolašinac,Atalanta,D,Atalanta vs Inter,75,6.3,,0.0,,,29,23.0,,1.0,1.0,1.0,,1,0,1.0,2.0
1442,Sead Kolašinac,Atalanta,D,Atalanta vs AS Roma,26,6.6,,0.0,,,5,4.0,,1.0,,1.0,,0,0,1.0,2.0
1442,Sead Kolašinac,Atalanta,D,Atalanta vs Cremonese,59,6.6,,0.0,,,33,33.0,,,,3.0,1.0,1,0,1.0,7.0
1442,Sead Kolašinac,Atalanta,D,Lazio vs Atalanta,65,7.2,,0.0,,,32,31.0,,2.0,,,,0,0,2.0,3.0
1442,Sead Kolašinac,Atalanta,D,Atalanta vs Napoli,84,6.6,,0.0,,,48,38.0,,2.0,1.0,,,0,0,7.0,9.0
314231,Amir Richardson,Fiorentina,M,Atalanta vs Fiorentina,11,6.5,,0.0,1.0,,11,8.0,,,,1.0,,0,0,,2.0
314231,Amir Richardson,Fiorentina,M,Fiorentina vs Hellas Verona,29,6.6,,0.0,,,18,12.0,,1.0,,,3.0,0,0,6.0,10.0
30789,Christian Kouamé,Fiorentina,F,Sassuolo vs Fiorentina,13,6.3,,0.0,,,4,2.0,,1.0,1.0,,,0,0,1.0,1.0
30789,Christian Kouamé,Fiorentina,F,Fiorentina vs Udinese,19,6.5,,0.0,,,11,10.0,,,,,,0,0,,1.0
415155,Juan Rodriguez,Cagliari,D,Cagliari vs AS Roma,90,7.2,,0.0,,,34,30.0,,3.0,2.0,1.0,,0,0,6.0,9.0
415155,Juan Rodriguez,Cagliari,D,Atalanta vs Cagliari,66,6.5,,0.0,,,24,20.0,,4.0,1.0,2.0,,1,0,7.0,10.0
415155,Juan Rodriguez,Cagliari,D,Cagliari vs Pisa,90,6.9,,0.0,,,36,28.0,,3.0,1.0,1.0,2.0,0,0,5.0,7.0
415155,Juan Rodriguez,Cagliari,D,Cagliari vs AC Milan,90,6.9,,0.0,,,58,53.0,,4.0,1.0,1.0,,0,0,4.0,8.0
415155,Juan Rodriguez,Cagliari,D,Cremonese vs Cagliari,90,5.9,,0.0,1.0,1.0,75,68.0,,1.0,1.0,1.0,,0,0,5.0,8.0
415155,Juan Rodriguez,Cagliari,D,Genoa vs Cagliari,45,6.5,,0.0,,,31,30.0,,1.0,1.0,3.0,,1,0,2.0,6.0
415155,Juan Rodriguez,Cagliari,D,AS Roma vs Cagliari,90,6.6,,0.0,,,56,48.0,,1.0,4.0,1.0,,0,0,2.0,4.0
415155,Juan Rodriguez,Cagliari,D,Parma vs Cagliari,97,6.9,,,,,42,39.0,,2.0,,1.0,1.0,1,0,4.0,6.0
347395,Antonio Vergara,Napoli,M,Napoli vs Juventus,8,6.6,,0.0,,,0,,,1.0,1.0,,1.0,0,0,2.0,3.0
347395,Antonio Vergara,Napoli,M,Napoli vs Parma,12,6.7,,0.0,,,7,6.0,,,,,,0,0,1.0,2.0
347395,Antonio Vergara,Napoli,M,Napoli vs Sassuolo,62,7.3,,0.0,1.0,,22,16.0,,,,2.0,3.0,0,0,3.0,8.0
347395,Antonio Vergara,Napoli,M,Juventus vs Napoli,79,6.9,,0.0,1.0,1.0,19,17.0,,4.0,2.0,4.0,3.0,1,0,9.0,20.0
347395,Antonio Vergara,Napoli,M,Napoli vs Fiorentina,84,8.2,1.0,1.0,1.0,1.0,31,22.0,,1.0,,4.0,2.0,0,0,4.0,11.0
347395,Antonio Vergara,Napoli,M,Genoa vs Napoli,90,7.2,,0.0,1.0,,22,16.0,,4.0,1.0,3.0,4.0,0,0,11.0,27.0
347395,Antonio Vergara,Napoli,M,Napoli vs AS Roma,79,6.7,,0.0,,,22,18.0,,1.0,,1.0,2.0,0,0,4.0,10.0
347395,Antonio Vergara,Napoli,M,Atalanta vs Napoli,70,6.5,,0.0,2.0,1.0,17,10.0,,1.0,,,,0,0,4.0,12.0
31445,Daniele Sommariva,Genoa,G,Genoa vs Atalanta,85,7,,0.0,,,39,21.0,,,,,,0,0,,
31445,Daniele Sommariva,Genoa,G,AS Roma vs Genoa,90,6.5,,0.0,,,51,28.0,,,,,1.0,0,0,1.0,1.0
189,Daniele Padelli,Udinese,G,Udinese vs Lazio,90,6.7,,0.0,,,31,21.0,,,,,,0,0,,
189,Daniele Padelli,Udinese,G,Como vs Udinese,90,7.2,,0.0,,,32,21.0,,,,,,0,0,,
394740,David Odogu,AC Milan,D,AC Milan vs Hellas Verona,8,6.6,,0.0,,,1,1.0,,,,,,0,0,1.0,1.0
348533,Seydou Fini,Genoa,F,AS Roma vs Genoa,31,6.5,,0.0,,,3,2.0,,,,1.0,,0,0,1.0,3.0
25391,Niclas Füllkrug,AC Milan,F,Cagliari vs AC Milan,21,6.3,,0.0,,,12,9.0,,,,1.0,1.0,0,0,3.0,6.0
25391,Niclas Füllkrug,AC Milan,F,AC Milan vs Genoa,25,5.9,,0.0,,,5,3.0,,,,1.0,,0,0,,4.0
25391,Niclas Füllkrug,AC Milan,F,Fiorentina vs AC Milan,60,6.5,,0.0,,,12,10.0,,,,,1.0,0,0,2.0,5.0
25391,Niclas Füllkrug,AC Milan,F,Como vs AC Milan,27,6.3,,0.0,,,8,5.0,,,,2.0,,0,0,,3.0
25391,Niclas Füllkrug,AC Milan,F,AC Milan vs Lecce,17,8,1.0,0.0,2.0,2.0,5,4.0,,,,,1.0,0,0,3.0,3.0
25391,Niclas Füllkrug,AC Milan,F,AS Roma vs AC Milan,22,6.3,,0.0,1.0,,6,3.0,,1.0,,,1.0,0,0,3.0,7.0
25391,Niclas Füllkrug,AC Milan,F,Bologna vs AC Milan,18,6.9,,0.0,2.0,2.0,7,7.0,,,1.0,,1.0,0,0,2.0,3.0
25391,Niclas Füllkrug,AC Milan,F,Pisa vs AC Milan,44,5.9,,0.0,2.0,,10,7.0,,,,1.0,1.0,0,0,1.0,3.0
25391,Niclas Füllkrug,AC Milan,F,AC Milan vs Como,28,6.3,,0.0,,,2,2.0,,,,,,0,0,,
25391,Niclas Füllkrug,AC Milan,F,AC Milan vs Parma,28,6.2,,0.0,1.0,,7,4.0,,,,,,0,0,1.0,2.0
458543,Matías Pérez Sepúlveda,Lecce,D,Juventus vs Lecce,32,7,,0.0,,,15,14.0,,,,,,0,0,,1.0
697,Manor Solomon,Fiorentina,F,Fiorentina vs Cremonese,24,6.7,,0.0,,,15,12.0,,,,,,0,0,1.0,1.0
697,Manor Solomon,Fiorentina,F,Lazio vs Fiorentina,22,6.6,,0.0,,,7,7.0,,1.0,,,,0,0,1.0,3.0
697,Manor Solomon,Fiorentina,F,Fiorentina vs AC Milan,15,6.9,,0.0,,,5,5.0,,,,,,0,0,1.0,1.0
697,Manor Solomon,Fiorentina,F,Bologna vs Fiorentina,18,6.9,,0.0,1.0,,3,3.0,,,1.0,,2.0,0,0,3.0,4.0
697,Manor Solomon,Fiorentina,F,Fiorentina vs Cagliari,83,7.3,,0.0,,,37,35.0,,,,,2.0,0,0,3.0,5.0
697,Manor Solomon,Fiorentina,F,Napoli vs Fiorentina,70,7.3,1.0,0.0,1.0,1.0,14,14.0,,2.0,,,1.0,0,0,4.0,5.0
697,Manor Solomon,Fiorentina,F,Fiorentina vs Torino,85,8.7,1.0,0.0,1.0,1.0,38,35.0,,1.0,,,3.0,0,0,8.0,8.0
697,Manor Solomon,Fiorentina,F,Como vs Fiorentina,90,7,,0.0,,,15,12.0,,1.0,,1.0,1.0,0,0,8.0,14.0
697,Manor Solomon,Fiorentina,F,Fiorentina vs Pisa,78,7.3,,0.0,,,28,27.0,,1.0,,,2.0,0,0,7.0,10.0
461830,Matteo Lavelli,Inter,F,Inter vs Bologna,12,6.5,,0.0,,,1,1.0,,,,,,0,0,,2.0
419603,Francesco Coppola,Pisa,D,Pisa vs Como,90,5.9,,0.0,,,14,9.0,,4.0,2.0,2.0,1.0,1,0,6.0,11.0
419603,Francesco Coppola,Pisa,D,Pisa vs Atalanta,90,6.9,,0.0,,,21,18.0,,2.0,,2.0,2.0,1,0,4.0,9.0
419603,Francesco Coppola,Pisa,D,Inter vs Pisa,90,5.7,,0.0,,,27,25.0,,2.0,1.0,1.0,2.0,0,0,4.0,9.0
129790,Tomás Esteves,Pisa,D,Pisa vs Como,13,6.2,,0.0,,,5,4.0,,,,,,0,0,1.0,1.0
387537,Olaf Gorter,Lecce,M,Lecce vs AS Roma,26,6.7,,0.0,,,18,17.0,,1.0,,1.0,,0,0,1.0,2.0
394183,Alessandro Romano,AS Roma,M,Lecce vs AS Roma,8,6.3,,0.0,,,2,2.0,,,,1.0,,0,0,,1.0
394183,Alessandro Romano,AS Roma,M,AS Roma vs Sassuolo,2,,,0.0,,,5,4.0,,,,1.0,,0,0,1.0,3.0
584116,Yael Trepy,Cagliari,F,Cremonese vs Cagliari,13,7.9,1.0,0.0,1.0,1.0,1,,,,,,,0,0,,
584116,Yael Trepy,Cagliari,F,AS Roma vs Cagliari,3,,,0.0,,,2,1.0,,,,,1.0,0,0,1.0,1.0
584116,Yael Trepy,Cagliari,F,Cagliari vs Lecce,11,6.5,,0.0,1.0,,2,2.0,,,,,,0,0,,1.0
584116,Yael Trepy,Cagliari,F,Cagliari vs Lazio,17,6.5,,0.0,,,1,,,1.0,,,,0,0,1.0,4.0
126974,Omri Gandelman,Lecce,M,Lecce vs Parma,12,6.3,,0.0,,,8,6.0,,,1.0,,,0,0,2.0,5.0
126974,Omri Gandelman,Lecce,M,Inter vs Lecce,69,6.3,,0.0,,,12,6.0,,,,1.0,,0,0,2.0,11.0
126974,Omri Gandelman,Lecce,M,AC Milan vs Lecce,90,6.3,,0.0,,,17,11.0,,1.0,,,,0,0,5.0,15.0
126974,Omri Gandelman,Lecce,M,Lecce vs Lazio,90,6.7,,0.0,,,35,23.0,,,,1.0,,0,0,7.0,12.0
126974,Omri Gandelman,Lecce,M,Torino vs Lecce,65,6,,0.0,1.0,1.0,19,16.0,,1.0,1.0,1.0,,0,0,3.0,12.0
126974,Omri Gandelman,Lecce,M,Lecce vs Udinese,89,7.2,1.0,0.0,2.0,1.0,23,15.0,,1.0,,1.0,1.0,0,0,7.0,19.0
126974,Omri Gandelman,Lecce,M,Cagliari vs Lecce,86,7.3,1.0,0.0,3.0,1.0,17,13.0,,1.0,,1.0,,0,0,11.0,23.0
126974,Omri Gandelman,Lecce,M,Lecce vs Inter,60,6.5,,0.0,,,10,8.0,,1.0,,,,0,0,2.0,7.0
38749,Kenneth Taylor,Lazio,M,Hellas Verona vs Lazio,89,6.9,,0.0,,,56,53.0,,2.0,,1.0,1.0,0,0,5.0,8.0
38749,Kenneth Taylor,Lazio,M,Lazio vs Como,85,5.6,,0.0,,,30,27.0,,2.0,2.0,3.0,1.0,0,0,3.0,11.0
38749,Kenneth Taylor,Lazio,M,Lecce vs Lazio,90,6.5,,0.0,1.0,,46,40.0,,2.0,,1.0,1.0,0,0,4.0,13.0
38749,Kenneth Taylor,Lazio,M,Lazio vs Genoa,81,7.2,1.0,0.0,1.0,1.0,39,36.0,,2.0,,2.0,,0,0,2.0,7.0
38749,Kenneth Taylor,Lazio,M,Juventus vs Lazio,90,6.7,,0.0,1.0,,33,27.0,,,3.0,1.0,,1,0,1.0,4.0
38749,Kenneth Taylor,Lazio,M,Lazio vs Atalanta,79,7.5,,0.0,2.0,2.0,31,27.0,,4.0,,2.0,1.0,1,0,6.0,11.0
38749,Kenneth Taylor,Lazio,M,Cagliari vs Lazio,90,6.5,,0.0,1.0,1.0,64,58.0,,2.0,1.0,1.0,1.0,0,0,3.0,7.0
301763,Petar Ratkov,Lazio,F,Hellas Verona vs Lazio,35,6.3,,0.0,,,10,6.0,,,,,,0,0,2.0,3.0
301763,Petar Ratkov,Lazio,F,Lazio vs Como,53,6.9,,0.0,,,10,8.0,,,1.0,,2.0,0,0,2.0,2.0
301763,Petar Ratkov,Lazio,F,Lecce vs Lazio,26,6.3,,0.0,,,6,4.0,,,,,1.0,0,0,2.0,4.0
301763,Petar Ratkov,Lazio,F,Lazio vs Genoa,17,6.3,,0.0,,,5,2.0,,,,,,0,0,2.0,4.0
301763,Petar Ratkov,Lazio,F,Lazio vs Atalanta,23,6.3,,0.0,2.0,,4,1.0,,1.0,,,,0,0,2.0,3.0
301763,Petar Ratkov,Lazio,F,Cagliari vs Lazio,18,6.3,,0.0,,,3,1.0,,1.0,,,,0,0,1.0,1.0
237268,Filippo Rinaldi,Parma,G,Napoli vs Parma,90,7.7,,0.0,,,44,21.0,,,,,,1,0,2.0,2.0
368129,Tobias Slotsager,Hellas Verona,D,Hellas Verona vs Bologna,45,7,,0.0,,,19,13.0,,1.0,,,1.0,0,0,4.0,4.0
368129,Tobias Slotsager,Hellas Verona,D,Cremonese vs Hellas Verona,90,7.2,,0.0,,,32,25.0,,,1.0,1.0,,0,0,5.0,7.0
368129,Tobias Slotsager,Hellas Verona,D,Hellas Verona vs Udinese,90,6.2,,0.0,,,44,38.0,,5.0,1.0,,,0,0,7.0,8.0
368129,Tobias Slotsager,Hellas Verona,D,Cagliari vs Hellas Verona,90,6.7,,0.0,1.0,1.0,68,53.0,,2.0,,1.0,2.0,0,0,6.0,8.0
368129,Tobias Slotsager,Hellas Verona,D,Hellas Verona vs Pisa,90,7.3,,0.0,,,57,44.0,,1.0,1.0,,2.0,0,0,8.0,9.0
368129,Tobias Slotsager,Hellas Verona,D,Parma vs Hellas Verona,11,6.3,,0.0,1.0,,4,1.0,,2.0,,,,0,0,2.0,2.0
341226,Rafiu Durosinmi,Pisa,F,Pisa vs Atalanta,22,7.3,1.0,0.0,1.0,1.0,5,4.0,,,,1.0,,0,0,1.0,6.0
341226,Rafiu Durosinmi,Pisa,F,Inter vs Pisa,50,6.3,,0.0,,,13,10.0,,,,3.0,,0,0,3.0,7.0
341226,Rafiu Durosinmi,Pisa,F,Pisa vs Sassuolo,45,6,,1.0,3.0,1.0,9,4.0,,,,2.0,,0,0,1.0,8.0
341226,Rafiu Durosinmi,Pisa,F,Hellas Verona vs Pisa,45,6.7,,0.0,,,9,2.0,,,1.0,2.0,1.0,0,0,7.0,14.0
341226,Rafiu Durosinmi,Pisa,F,Fiorentina vs Pisa,45,6.5,,0.0,,,7,5.0,,,,,,0,0,,2.0
30543,Giacomo Raspadori,Atalanta,F,Pisa vs Atalanta,34,6.5,,0.0,,,6,5.0,,,,,,0,0,,1.0
30543,Giacomo Raspadori,Atalanta,F,Atalanta vs Parma,90,7.5,1.0,0.0,2.0,2.0,26,21.0,,1.0,,,,0,0,2.0,7.0
30543,Giacomo Raspadori,Atalanta,F,Atalanta vs Cremonese,78,7,,1.0,4.0,3.0,27,23.0,,,,1.0,1.0,0,0,2.0,5.0
30543,Giacomo Raspadori,Atalanta,F,Lazio vs Atalanta,43,6.5,,0.0,,,12,10.0,,,,,1.0,0,0,2.0,5.0
264739,Laurs Skjellerup,Sassuolo,F,Napoli vs Sassuolo,9,6.3,,0.0,,,3,,,,,,,0,0,1.0,1.0
249,Donyell Malen,AS Roma,F,Torino vs AS Roma,76,7.2,1.0,0.0,3.0,2.0,15,12.0,,,,1.0,1.0,0,0,3.0,9.0
249,Donyell Malen,AS Roma,F,AS Roma vs AC Milan,69,5.9,,0.0,5.0,3.0,9,8.0,,,,1.0,,0,0,3.0,11.0
249,Donyell Malen,AS Roma,F,Udinese vs AS Roma,90,7.3,,0.0,1.0,1.0,9,6.0,,1.0,,,3.0,0,0,6.0,10.0
249,Donyell Malen,AS Roma,F,AS Roma vs Cagliari,84,8.3,2.0,0.0,4.0,2.0,10,5.0,,,,2.0,3.0,0,0,5.0,11.0
249,Donyell Malen,AS Roma,F,Napoli vs AS Roma,72,7.6,2.0,0.0,3.0,2.0,7,7.0,,,,1.0,,0,0,1.0,6.0
249,Donyell Malen,AS Roma,F,AS Roma vs Cremonese,90,7.6,,0.0,2.0,1.0,11,9.0,,,,,,0,0,1.0,4.0
435482,Robinio Vaz,AS Roma,F,Torino vs AS Roma,14,6.3,,0.0,1.0,1.0,6,4.0,,,,,,0,0,,2.0
435482,Robinio Vaz,AS Roma,F,AS Roma vs AC Milan,21,6.3,,0.0,,,4,3.0,,,1.0,,2.0,0,0,2.0,3.0
435482,Robinio Vaz,AS Roma,F,Udinese vs AS Roma,11,6.6,,0.0,,,2,1.0,,,,,2.0,0,0,3.0,4.0
435482,Robinio Vaz,AS Roma,F,Napoli vs AS Roma,18,6.3,,0.0,1.0,,3,2.0,,,,,1.0,0,0,2.0,3.0
31383,Simone Perilli,Hellas Verona,G,Cremonese vs Hellas Verona,90,6.6,,0.0,,,23,10.0,,,,,,0,0,,
31383,Simone Perilli,Hellas Verona,G,Hellas Verona vs Udinese,90,5.7,,0.0,,,31,11.0,,,,,,0,0,,
31383,Simone Perilli,Hellas Verona,G,Cagliari vs Hellas Verona,90,7.3,,0.0,,,24,16.0,,,,,,0,0,,
30525,Pol Lirola,Hellas Verona,M,Cremonese vs Hellas Verona,87,6.5,,0.0,,,27,14.0,,2.0,1.0,,,0,0,2.0,2.0
30525,Pol Lirola,Hellas Verona,M,Hellas Verona vs Udinese,68,6.3,,0.0,,,28,19.0,,2.0,,1.0,,1,0,3.0,7.0
30525,Pol Lirola,Hellas Verona,M,Cagliari vs Hellas Verona,58,6.3,,0.0,,,26,15.0,,,,1.0,,0,0,,4.0
30525,Pol Lirola,Hellas Verona,M,Hellas Verona vs Pisa,20,6.6,,0.0,,,8,4.0,,,1.0,1.0,,0,0,1.0,4.0
265722,Rafael Obrador,Torino,D,Como vs Torino,23,6,,0.0,,,6,6.0,,,,,,0,0,,
265722,Rafael Obrador,Torino,D,Torino vs Lecce,20,7.2,,0.0,,,3,3.0,,5.0,,,,0,0,5.0,7.0
265722,Rafael Obrador,Torino,D,Fiorentina vs Torino,45,6.5,,0.0,,,21,17.0,,1.0,,1.0,,0,0,1.0,5.0
265722,Rafael Obrador,Torino,D,Genoa vs Torino,83,6.5,,0.0,1.0,1.0,29,22.0,,2.0,2.0,1.0,1.0,0,0,3.0,7.0
19128,Jack Harrison,Fiorentina,F,Fiorentina vs Cagliari,31,6.2,,0.0,,,19,13.0,,,,1.0,,0,0,1.0,5.0
19128,Jack Harrison,Fiorentina,F,Fiorentina vs Torino,42,7.3,,1.0,,,17,15.0,,,,,1.0,0,0,3.0,8.0
19128,Jack Harrison,Fiorentina,F,Como vs Fiorentina,90,6.5,,0.0,1.0,,19,19.0,,,,1.0,,0,0,1.0,6.0
19128,Jack Harrison,Fiorentina,F,Fiorentina vs Pisa,90,6.2,,0.0,,,48,41.0,,,,,1.0,0,0,2.0,5.0
37137,Justin Bijlow,Genoa,G,Genoa vs Bologna,90,6,,0.0,,,39,24.0,,,,,1.0,0,0,1.0,1.0
37137,Justin Bijlow,Genoa,G,Lazio vs Genoa,90,6.7,,0.0,,,57,50.0,,,,,,0,0,,
37137,Justin Bijlow,Genoa,G,Genoa vs Napoli,90,6.5,,0.0,,,30,21.0,,,,,,0,0,,
37137,Justin Bijlow,Genoa,G,Cremonese vs Genoa,90,10,,0.0,,,22,19.0,,,,,,0,0,,
37137,Justin Bijlow,Genoa,G,Genoa vs Torino,90,6.9,,0.0,,,43,36.0,,,,,,0,0,,
907,Romelu Lukaku,Napoli,F,Juventus vs Napoli,11,6.2,,0.0,1.0,,2,,,,,,,0,0,,
907,Romelu Lukaku,Napoli,F,Atalanta vs Napoli,10,6.3,,0.0,,,4,1.0,,,,1.0,,0,0,,1.0
414281,Isaac,Hellas Verona,F,Hellas Verona vs Udinese,19,6.3,,0.0,,,15,13.0,,,,,,0,0,2.0,3.0
342310,Rosen Bozhinov,Pisa,D,Pisa vs Sassuolo,90,6.9,,0.0,,,66,61.0,,2.0,4.0,1.0,,1,0,5.0,9.0
342310,Rosen Bozhinov,Pisa,D,Hellas Verona vs Pisa,69,6.6,,0.0,,,27,20.0,,,2.0,2.0,1.0,0,0,4.0,8.0
342310,Rosen Bozhinov,Pisa,D,Pisa vs AC Milan,90,6.2,,0.0,,,57,51.0,,,1.0,2.0,,0,0,,2.0
342310,Rosen Bozhinov,Pisa,D,Fiorentina vs Pisa,90,6.5,,0.0,1.0,1.0,60,51.0,,1.0,1.0,3.0,,0,0,3.0,8.0
298165,Felipe Loyola,Pisa,D,Pisa vs Sassuolo,45,6.7,,0.0,1.0,,33,28.0,,1.0,2.0,,,0,0,1.0,2.0
298165,Felipe Loyola,Pisa,D,Hellas Verona vs Pisa,75,6.9,,0.0,,,24,21.0,,1.0,1.0,2.0,,0,0,2.0,5.0
298165,Felipe Loyola,Pisa,D,Pisa vs AC Milan,89,6.9,1.0,0.0,1.0,1.0,34,29.0,,1.0,2.0,3.0,1.0,0,0,2.0,8.0
298165,Felipe Loyola,Pisa,D,Fiorentina vs Pisa,45,6.3,,0.0,,,21,19.0,,,,,1.0,0,0,1.0,3.0
123476,Filip Stojilković,Pisa,F,Pisa vs Sassuolo,21,6.5,,0.0,,,2,1.0,,,,,,0,0,,
123476,Filip Stojilković,Pisa,F,Hellas Verona vs Pisa,69,6.2,,0.0,1.0,,5,4.0,,,,1.0,,0,0,,6.0
123476,Filip Stojilković,Pisa,F,Pisa vs AC Milan,90,6.5,,0.0,2.0,1.0,5,2.0,,,,1.0,,0,0,,3.0
123476,Filip Stojilković,Pisa,F,Fiorentina vs Pisa,45,6.5,,0.0,,,6,4.0,,,,,,0,0,,1.0
40405,Sandro Kulenović,Torino,F,Torino vs Lecce,12,6.5,,0.0,,,3,3.0,,,,2.0,,0,0,1.0,7.0
40405,Sandro Kulenović,Torino,F,Fiorentina vs Torino,59,6.7,,0.0,,,8,4.0,,,,,1.0,0,0,3.0,3.0
40405,Sandro Kulenović,Torino,F,Genoa vs Torino,60,6.2,,0.0,,,10,7.0,,,1.0,2.0,1.0,0,0,1.0,6.0
301924,Nesta Elphege,Parma,F,Parma vs Juventus,15,6.7,,0.0,,,8,6.0,,,,,,0,0,2.0,2.0
169297,Andrias Edmundsson,Hellas Verona,D,Hellas Verona vs Pisa,90,7.3,,0.0,,,65,51.0,,3.0,2.0,,2.0,0,0,10.0,17.0
169297,Andrias Edmundsson,Hellas Verona,D,Parma vs Hellas Verona,90,6.9,,0.0,,,20,16.0,,2.0,1.0,1.0,1.0,0,0,5.0,7.0
169297,Andrias Edmundsson,Hellas Verona,D,Sassuolo vs Hellas Verona,90,6.2,,0.0,,,41,36.0,,1.0,2.0,3.0,1.0,1,0,3.0,6.0
126690,Kieron Bowie,Hellas Verona,F,Hellas Verona vs Pisa,90,6.2,,0.0,,,13,9.0,,,,3.0,2.0,0,0,5.0,13.0
126690,Kieron Bowie,Hellas Verona,F,Parma vs Hellas Verona,62,6.2,,0.0,,,7,4.0,,,,4.0,2.0,0,0,4.0,15.0
126690,Kieron Bowie,Hellas Verona,F,Sassuolo vs Hellas Verona,82,6.3,,0.0,1.0,,12,9.0,,1.0,,2.0,3.0,0,0,5.0,8.0
31624,Gabriel Strefezza,Parma,F,Bologna vs Parma,36,6.2,,0.0,,,12,6.0,,,1.0,2.0,1.0,0,0,1.0,7.0
31624,Gabriel Strefezza,Parma,F,Parma vs Hellas Verona,89,6.2,,0.0,2.0,,40,37.0,,1.0,,3.0,1.0,0,0,2.0,7.0
31624,Gabriel Strefezza,Parma,F,AC Milan vs Parma,76,7.2,,0.0,1.0,1.0,25,23.0,,2.0,1.0,1.0,3.0,0,0,8.0,14.0
31624,Gabriel Strefezza,Parma,F,Parma vs Cagliari,97,6.6,,,2.0,1.0,35,31.0,,1.0,1.0,1.0,3.0,0,0,8.0,19.0
286473,Franco Carboni,Parma,D,Bologna vs Parma,12,6.7,,0.0,,,0,,,,,,,0,0,,1.0
286473,Franco Carboni,Parma,D,Parma vs Cagliari,7,,,,,,3,2.0,,,,,,0,0,,
943,Ulisses Garcia,Sassuolo,D,Sassuolo vs Inter,20,6.3,,0.0,,,4,4.0,,,,,,0,0,,1.0
943,Ulisses Garcia,Sassuolo,D,Udinese vs Sassuolo,45,8.3,,1.0,,,15,15.0,,,,,,0,0,,
943,Ulisses Garcia,Sassuolo,D,Sassuolo vs Hellas Verona,90,7,,0.0,,,33,29.0,,1.0,1.0,1.0,1.0,0,0,2.0,6.0
30531,Jérémie Boga,Juventus,F,Juventus vs Lazio,14,7.6,,0.0,1.0,,9,9.0,,1.0,,,1.0,0,0,3.0,4.0
30531,Jérémie Boga,Juventus,F,Inter vs Juventus,15,6.7,,0.0,,,11,9.0,,1.0,,,,0,0,1.0,2.0
30531,Jérémie Boga,Juventus,F,Juventus vs Como,16,6.3,,0.0,,,5,4.0,,,1.0,,,0,0,1.0,2.0
286639,Bryan Zaragoza,AS Roma,F,AS Roma vs Cagliari,33,6.9,,0.0,1.0,1.0,19,17.0,,,,3.0,2.0,1,0,4.0,7.0
286639,Bryan Zaragoza,AS Roma,F,Napoli vs AS Roma,45,6.9,,1.0,,,16,10.0,,1.0,,2.0,2.0,0,0,4.0,10.0
286639,Bryan Zaragoza,AS Roma,F,AS Roma vs Cremonese,56,7.2,,0.0,,,20,18.0,,,,,1.0,0,0,4.0,8.0
484027,Antonio Arena,AS Roma,F,AS Roma vs Cagliari,10,6.3,,0.0,,,1,1.0,,,,,,0,0,,
32034,Alberto Dossena,Cagliari,D,AS Roma vs Cagliari,90,6.2,,0.0,2.0,1.0,34,30.0,,1.0,1.0,2.0,1.0,1,0,3.0,6.0
32034,Alberto Dossena,Cagliari,D,Cagliari vs Lazio,90,6.6,,0.0,2.0,,72,66.0,,1.0,1.0,2.0,,0,0,2.0,5.0
32034,Alberto Dossena,Cagliari,D,Parma vs Cagliari,97,7.9,,,,,45,42.0,,1.0,1.0,,3.0,1,0,7.0,8.0
30792,Nícolas,Pisa,G,Pisa vs AC Milan,90,6.2,,0.0,,,27,14.0,,,,,,0,0,1.0,1.0
30792,Nícolas,Pisa,G,Fiorentina vs Pisa,90,8,,0.0,,,24,22.0,,,,,,0,0,1.0,2.0
162173,Samuel Iling Junior,Pisa,F,Pisa vs AC Milan,33,6.7,,0.0,,,10,8.0,,,,,,0,0,,1.0
162173,Samuel Iling Junior,Pisa,F,Fiorentina vs Pisa,45,6.3,,0.0,,,5,2.0,,1.0,,1.0,,0,0,1.0,6.0
411171,Juan Arizala,Udinese,M,Udinese vs Sassuolo,11,6.9,,0.0,,,4,3.0,,2.0,,,,0,0,2.0,2.0
310943,Alisson Santos,Napoli,F,Napoli vs AS Roma,20,8,1.0,0.0,2.0,2.0,6,4.0,,,,,,0,0,1.0,2.0
310943,Alisson Santos,Napoli,F,Atalanta vs Napoli,85,7.7,,0.0,3.0,2.0,26,20.0,,9.0,,,,0,0,13.0,19.0
334925,Oumar Ngom,Lecce,M,Cagliari vs Lecce,11,6.7,,0.0,,,6,5.0,,,,1.0,1.0,0,0,1.0,2.0
334925,Oumar Ngom,Lecce,M,Lecce vs Inter,30,6.7,,0.0,,,8,7.0,,,1.0,2.0,,0,0,2.0,5.0
194837,Tomáš Suslov,Hellas Verona,M,Sassuolo vs Hellas Verona,8,6.5,,0.0,,,6,5.0,,,,1.0,,0,0,,2.0
352940,Ioan Vermesan,Hellas Verona,F,Sassuolo vs Hellas Verona,8,6.3,,0.0,,,5,5.0,,,,,,0,0,,1.0
405239,Alexsandro Amorim,Genoa,M,Genoa vs Torino,25,6.9,,0.0,,,23,23.0,,,,1.0,1.0,0,0,2.0,4.0
