fixture,team,player_id,name,position,minutes,rating,goals,assists,shots_total,shots_on,passes_total,accurate_passes,pass_accuracy_%,tackles,interceptions,fouls_committed,fouls_drawn,yellow_cards,red_cards,duels_won,duels_total
Sassuolo vs Napoli,Sassuolo,30519,Stefano Turati,G,90,6.2,,0.0,,,22,6.0,27.3,,,,,0,0,1.0,1.0
Sassuolo vs Napoli,Sassuolo,40582,Sebastian Walukiewicz,D,90,6.3,,0.0,,,47,44.0,93.6,1.0,1.0,2.0,,0,0,2.0,5.0
Sassuolo vs Napoli,Sassuolo,30556,Filippo Romagna,D,90,6,,0.0,,,56,52.0,92.9,1.0,2.0,,,0,0,2.0,6.0
Sassuolo vs Napoli,Sassuolo,271350,Tarik Muharemović,D,90,6.3,,0.0,1.0,1.0,52,45.0,86.5,2.0,3.0,2.0,3.0,0,0,5.0,8.0
Sassuolo vs Napoli,Sassuolo,135526,Josh Doig,D,81,6.7,,0.0,1.0,1.0,16,15.0,93.8,1.0,1.0,1.0,1.0,0,0,3.0,6.0
Sassuolo vs Napoli,Sassuolo,328046,Ismael Koné,M,79,6,,0.0,,,29,25.0,86.2,1.0,1.0,3.0,2.0,2,1,3.0,8.0
Sassuolo vs Napoli,Sassuolo,343562,Luca Lipani,M,73,6.2,,0.0,,,39,31.0,79.5,2.0,1.0,5.0,,0,0,3.0,12.0
Sassuolo vs Napoli,Sassuolo,291780,Daniel Boloca,M,90,6.7,,0.0,2.0,,41,39.0,95.1,2.0,1.0,,1.0,0,0,4.0,8.0
Sassuolo vs Napoli,Sassuolo,30537,Domenico Berardi,F,89,6.9,,0.0,1.0,,24,17.0,70.8,3.0,1.0,2.0,2.0,1,0,7.0,12.0
Sassuolo vs Napoli,Sassuolo,31094,Andrea Pinamonti,F,89,6.2,,0.0,1.0,,13,9.0,69.2,,,,3.0,0,0,5.0,12.0
Sassuolo vs Napoli,Sassuolo,2215,Armand Laurienté,F,81,6.6,,0.0,,,22,21.0,95.5,2.0,,1.0,2.0,0,0,4.0,11.0
Sassuolo vs Napoli,Sassuolo,263699,Alieu Fadera,F,17,7.2,,0.0,,,3,3.0,100.0,,,1.0,2.0,0,0,4.0,8.0
Sassuolo vs Napoli,Sassuolo,41371,Fali Candé,D,9,6.6,,0.0,,,2,2.0,100.0,,1.0,,,0,0,1.0,1.0
Sassuolo vs Napoli,Sassuolo,68407,Andrea Ghion,M,9,6.6,,0.0,,,1,1.0,100.0,1.0,,,,0,0,1.0,1.0
Sassuolo vs Napoli,Napoli,312,Alex Meret,G,90,7,,0.0,,,34,28.0,82.4,,,,1.0,0,0,1.0,1.0
Sassuolo vs Napoli,Napoli,31042,Giovanni Di Lorenzo,D,90,7.2,,0.0,,,58,52.0,89.7,2.0,,1.0,1.0,0,0,6.0,9.0
Sassuolo vs Napoli,Napoli,1314,Amir Rrahmani,D,90,7.6,,0.0,1.0,,86,76.0,88.4,2.0,,2.0,1.0,0,0,10.0,14.0
Sassuolo vs Napoli,Napoli,774,Juan Jesus,D,90,7.3,,0.0,,,84,75.0,89.3,4.0,2.0,1.0,,0,0,4.0,6.0
Sassuolo vs Napoli,Napoli,47254,Mathías Olivera,D,89,6.9,,0.0,,,37,34.0,91.9,2.0,1.0,3.0,1.0,0,0,4.0,7.0
Sassuolo vs Napoli,Napoli,47439,Stanislav Lobotka,M,82,7,,0.0,,,69,67.0,97.1,2.0,,,,0,0,2.0,4.0
Sassuolo vs Napoli,Napoli,219,Matteo Politano,M,76,7,,1.0,,,27,22.0,81.5,1.0,1.0,1.0,2.0,0,0,4.0,9.0
Sassuolo vs Napoli,Napoli,3406,Frank Anguissa,M,90,7.2,,0.0,1.0,,66,62.0,93.9,,,2.0,2.0,0,0,7.0,11.0
Sassuolo vs Napoli,Napoli,629,Kevin De Bruyne,M,90,7.9,1.0,0.0,2.0,1.0,59,51.0,86.4,,1.0,,,0,0,,2.0
Sassuolo vs Napoli,Napoli,903,Scott McTominay,M,89,7.9,1.0,0.0,3.0,2.0,30,27.0,90.0,1.0,,,6.0,0,0,8.0,15.0
Sassuolo vs Napoli,Napoli,199089,Lorenzo Lucca,F,82,6.9,,0.0,1.0,1.0,17,15.0,88.2,,,5.0,3.0,1,0,8.0,16.0
Sassuolo vs Napoli,Napoli,552,David Neres,F,14,6.3,,0.0,,,6,6.0,100.0,,,2.0,,0,0,,4.0
Sassuolo vs Napoli,Napoli,130423,Billy Gilmour,M,8,6.6,,0.0,,,18,16.0,88.9,,,,,0,0,,1.0
Sassuolo vs Napoli,Napoli,544,Noa Lang,F,8,6.5,,0.0,,,5,4.0,80.0,,,,,0,0,,
Genoa vs Lecce,Genoa,31631,Nicola Leali,G,90,6.3,,0.0,,,33,14.0,42.4,,,,,0,0,,
Genoa vs Lecce,Genoa,284570,Brooke Norton-Cuffy,D,90,7.3,,0.0,,,40,31.0,77.5,4.0,1.0,1.0,,0,0,6.0,8.0
Genoa vs Lecce,Genoa,281826,Alessandro Marcandalli,D,90,6.6,,0.0,,,43,38.0,88.4,,1.0,,,0,0,,
Genoa vs Lecce,Genoa,35544,Johan Vásquez,D,90,7.2,,0.0,,,78,67.0,85.9,1.0,,1.0,,0,0,5.0,8.0
Genoa vs Lecce,Genoa,25914,Aarón Martín,D,90,6.9,,0.0,1.0,1.0,49,43.0,87.8,2.0,,2.0,,0,0,3.0,5.0
Genoa vs Lecce,Genoa,281096,Patrizio Masini,M,90,7.5,,0.0,,,45,32.0,71.1,6.0,1.0,2.0,4.0,0,0,13.0,20.0
Genoa vs Lecce,Genoa,15881,Morten Frendrup,M,87,7.5,,0.0,,,39,32.0,82.1,5.0,1.0,1.0,1.0,0,0,8.0,11.0
Genoa vs Lecce,Genoa,341646,Valentín Carboni,M,73,7.2,,0.0,1.0,1.0,18,11.0,61.1,2.0,,1.0,1.0,0,0,5.0,8.0
Genoa vs Lecce,Genoa,44439,Nicolae Stanciu,M,87,7,,0.0,2.0,,45,32.0,71.1,2.0,2.0,,,0,0,3.0,4.0
Genoa vs Lecce,Genoa,263177,Albert Grønbæk,M,60,7,,0.0,,,12,9.0,75.0,,,,1.0,0,0,4.0,6.0
Genoa vs Lecce,Genoa,263481,Lorenzo Colombo,F,73,6.3,,0.0,,,14,7.0,50.0,,,4.0,1.0,0,0,4.0,15.0
Genoa vs Lecce,Genoa,56396,Junior Messias,F,30,6.9,,0.0,,,6,5.0,83.3,1.0,,1.0,1.0,0,0,4.0,7.0
Genoa vs Lecce,Genoa,89520,Mikael Ellertsson,M,17,6.3,,0.0,,,5,3.0,60.0,,,,1.0,0,0,1.0,3.0
Genoa vs Lecce,Genoa,451504,Jeff Ekhator,F,17,6.3,,0.0,,,5,2.0,40.0,,,2.0,2.0,0,0,3.0,7.0
Genoa vs Lecce,Genoa,36980,Morten Thorsby,M,8,6.3,,0.0,,,2,1.0,50.0,,,1.0,,0,0,,2.0
Genoa vs Lecce,Genoa,281408,Vitinha,F,8,6.2,,0.0,,,1,,,,,,,0,0,1.0,5.0
Genoa vs Lecce,Lecce,56459,Wladimiro Falcone,G,90,7.6,,0.0,,,25,10.0,40.0,,,,2.0,0,0,3.0,3.0
Genoa vs Lecce,Lecce,161702,Danilo Veiga,D,68,6.9,,0.0,,,22,17.0,77.3,3.0,1.0,1.0,,0,0,4.0,6.0
Genoa vs Lecce,Lecce,291589,Kialonda Gaspar,D,90,6.9,,0.0,,,33,25.0,75.8,,,1.0,,0,0,3.0,7.0
Genoa vs Lecce,Lecce,455316,Tiago Gabriel,D,90,7.2,,0.0,,,38,29.0,76.3,2.0,4.0,1.0,2.0,0,0,8.0,12.0
Genoa vs Lecce,Lecce,31543,Antonino Gallo,D,90,6.9,,0.0,1.0,,32,20.0,62.5,1.0,,,1.0,0,0,2.0,4.0
Genoa vs Lecce,Lecce,1748,Lassana Coulibaly,M,83,6.5,,0.0,,,13,9.0,69.2,,,1.0,2.0,0,0,2.0,6.0
Genoa vs Lecce,Lecce,15673,Ylber Ramadani,M,90,6.7,,0.0,,,31,23.0,74.2,1.0,4.0,2.0,1.0,0,0,4.0,9.0
Genoa vs Lecce,Lecce,335071,Medon Berisha,M,59,6.9,,0.0,,,21,16.0,76.2,4.0,2.0,1.0,,0,0,4.0,10.0
Genoa vs Lecce,Lecce,118956,Lameck Banda,F,59,6.2,,0.0,,,12,10.0,83.3,,,2.0,,0,0,2.0,9.0
Genoa vs Lecce,Lecce,436260,Francesco Camarda,F,83,6.2,,0.0,1.0,,12,10.0,83.3,,,,,0,0,1.0,5.0
Genoa vs Lecce,Lecce,47182,Tete Morente,F,90,6.2,,0.0,1.0,,28,17.0,60.7,2.0,,1.0,3.0,0,0,5.0,15.0
Genoa vs Lecce,Lecce,31507,Riccardo Sottil,F,31,6.3,,0.0,,,9,9.0,100.0,,,1.0,1.0,0,0,1.0,7.0
Genoa vs Lecce,Lecce,197779,Mohamed Kaba,M,31,6.5,,0.0,,,10,7.0,70.0,,,2.0,,0,0,3.0,8.0
Genoa vs Lecce,Lecce,482309,Christ-Owen Kouassi,D,22,6.9,,0.0,,,5,5.0,100.0,2.0,1.0,,,0,0,3.0,3.0
Genoa vs Lecce,Lecce,190958,Balthazar Pierret,M,8,6.7,,0.0,,,2,,,,,,2.0,0,0,2.0,2.0
Genoa vs Lecce,Lecce,8643,Konan N'Dri,F,8,6.7,,0.0,,,1,,,,,,1.0,0,0,2.0,3.0
AC Milan vs Cremonese,AC Milan,22221,Mike Maignan,G,90,6.3,,0.0,,,14,13.0,92.9,,,,,0,0,,
AC Milan vs Cremonese,AC Milan,19209,Fikayo Tomori,D,65,6.3,,0.0,1.0,1.0,80,76.0,95.0,2.0,1.0,,,0,0,2.0,2.0
AC Milan vs Cremonese,AC Milan,56473,Matteo Gabbia,D,90,7.2,,0.0,1.0,,80,74.0,92.5,,,1.0,,0,0,8.0,9.0
AC Milan vs Cremonese,AC Milan,45826,Strahinja Pavlović,D,90,7.3,1.0,0.0,1.0,1.0,81,73.0,90.1,1.0,1.0,,1.0,0,0,6.0,11.0
AC Milan vs Cremonese,AC Milan,1417,Alexis Saelemaekers,M,90,7.5,,0.0,,,67,60.0,89.6,2.0,,,3.0,0,0,9.0,12.0
AC Milan vs Cremonese,AC Milan,2292,Ruben Loftus-Cheek,M,90,6,,0.0,2.0,,48,44.0,91.7,,,2.0,2.0,0,0,3.0,11.0
AC Milan vs Cremonese,AC Milan,754,Luka Modrić,M,74,7.3,,0.0,1.0,1.0,76,69.0,90.8,1.0,1.0,,,0,0,1.0,2.0
AC Milan vs Cremonese,AC Milan,22254,Youssouf Fofana,M,90,6.2,,0.0,3.0,1.0,42,36.0,85.7,1.0,1.0,3.0,,0,0,2.0,8.0
AC Milan vs Cremonese,AC Milan,46731,Pervis Estupiñán,M,45,7.3,,1.0,1.0,,19,17.0,89.5,,,,1.0,0,0,1.0,4.0
AC Milan vs Cremonese,AC Milan,94562,Santiago Giménez,F,90,6.2,,0.0,3.0,1.0,9,7.0,77.8,,,,,0,0,,1.0
AC Milan vs Cremonese,AC Milan,17,Christian Pulišić,F,90,6.9,,0.0,2.0,1.0,39,33.0,84.6,,,2.0,,0,0,2.0,7.0
AC Milan vs Cremonese,AC Milan,330437,Álex Jiménez,D,45,6.7,,0.0,,,20,19.0,95.0,,,,1.0,1,0,5.0,9.0
AC Milan vs Cremonese,AC Milan,1696,Samuel Chukwueze,F,25,7.3,,0.0,,,13,11.0,84.6,,,,3.0,0,0,4.0,5.0
AC Milan vs Cremonese,AC Milan,264705,Ardon Jashari,M,16,6.9,,0.0,,,20,19.0,95.0,1.0,,2.0,3.0,0,0,4.0,6.0
AC Milan vs Cremonese,Cremonese,30441,Emil Audero,G,90,6.9,,0.0,,,38,23.0,60.5,,,,,0,0,1.0,1.0
AC Milan vs Cremonese,Cremonese,264472,Filippo Terracciano,D,90,7,,0.0,,,50,44.0,88.0,3.0,3.0,1.0,1.0,1,0,4.0,5.0
AC Milan vs Cremonese,Cremonese,127035,Federico Baschirotto,D,90,8.6,1.0,0.0,1.0,1.0,41,39.0,95.1,,,,,0,0,1.0,1.0
AC Milan vs Cremonese,Cremonese,30919,Matteo Bianchetti,D,83,6.7,,0.0,,,41,35.0,85.4,3.0,3.0,,,0,0,4.0,5.0
AC Milan vs Cremonese,Cremonese,31219,Alessio Zerbin,M,90,7.2,,1.0,,,31,25.0,80.6,6.0,,2.0,1.0,0,0,8.0,17.0
AC Milan vs Cremonese,Cremonese,126889,Michele Collocolo,M,90,6.3,,0.0,,,27,25.0,92.6,,,,,0,0,2.0,5.0
AC Milan vs Cremonese,Cremonese,31021,Alberto Grassi,M,56,6.3,,0.0,,,22,19.0,86.4,2.0,,1.0,,1,0,2.0,3.0
AC Milan vs Cremonese,Cremonese,31211,Jari Vandeputte,M,56,6.3,,0.0,,,11,8.0,72.7,1.0,,,,0,0,1.0,3.0
AC Milan vs Cremonese,Cremonese,30775,Giuseppe Pezzella,M,90,7.5,,1.0,1.0,,15,11.0,73.3,,,2.0,,0,0,,5.0
AC Milan vs Cremonese,Cremonese,30848,David Okereke,F,65,6.2,,0.0,,,5,2.0,40.0,,,,,0,0,2.0,11.0
AC Milan vs Cremonese,Cremonese,31436,Federico Bonazzoli,F,84,7.9,1.0,0.0,2.0,2.0,31,25.0,80.6,1.0,,2.0,3.0,0,0,4.0,8.0
AC Milan vs Cremonese,Cremonese,266813,Warren Bondo,M,34,7,,0.0,,,15,12.0,80.0,1.0,,1.0,1.0,1,0,6.0,8.0
AC Milan vs Cremonese,Cremonese,6383,Martín Payero,M,34,6.7,,0.0,,,6,6.0,100.0,,,2.0,1.0,1,0,1.0,3.0
AC Milan vs Cremonese,Cremonese,2522,Antonio Sanabria,F,25,6.2,,0.0,,,3,2.0,66.7,,,2.0,1.0,0,0,1.0,4.0
AC Milan vs Cremonese,Cremonese,30397,Federico Ceccherini,D,12,6.9,,0.0,,,3,2.0,66.7,,,,,0,0,1.0,1.0
AC Milan vs Cremonese,Cremonese,31853,Manuel De Luca,F,11,6.5,,0.0,,,1,,,,,1.0,1.0,0,0,2.0,7.0
AS Roma vs Bologna,AS Roma,556,Mile Svilar,G,90,7.2,,0.0,,,33,21.0,63.6,,,,,0,0,,
AS Roma vs Bologna,AS Roma,2669,Mario Hermoso,D,90,6.9,,0.0,,,39,36.0,92.3,,2.0,2.0,,0,0,2.0,6.0
AS Roma vs Bologna,AS Roma,30425,Gianluca Mancini,D,90,7.2,,0.0,,,47,42.0,89.4,5.0,,1.0,,1,0,7.0,9.0
AS Roma vs Bologna,AS Roma,1807,Evan Ndicka,D,90,7.2,,0.0,,,50,44.0,88.0,,,,1.0,0,0,4.0,7.0
AS Roma vs Bologna,AS Roma,349001,Wesley,M,90,7.3,1.0,0.0,3.0,1.0,38,29.0,76.3,,1.0,4.0,1.0,0,0,3.0,10.0
AS Roma vs Bologna,AS Roma,778,Bryan Cristante,M,90,7.2,,0.0,1.0,,44,36.0,81.8,3.0,3.0,,,0,0,3.0,8.0
AS Roma vs Bologna,AS Roma,22147,Manu Koné,M,90,7,,0.0,1.0,,37,32.0,86.5,2.0,,2.0,3.0,0,0,7.0,11.0
AS Roma vs Bologna,AS Roma,227,Angeliño,M,83,6.9,,0.0,,,32,21.0,65.6,1.0,,,1.0,0,0,2.0,5.0
AS Roma vs Bologna,AS Roma,323936,Matías Soulé,F,74,6.6,,0.0,2.0,,32,27.0,84.4,,1.0,1.0,2.0,0,0,2.0,7.0
AS Roma vs Bologna,AS Roma,791,Stephan El Shaarawy,F,60,6.2,,0.0,2.0,,22,18.0,81.8,,1.0,3.0,,0,0,,5.0
AS Roma vs Bologna,AS Roma,129643,Evan Ferguson,F,74,6.9,,0.0,3.0,2.0,13,11.0,84.6,1.0,,2.0,2.0,0,0,5.0,10.0
AS Roma vs Bologna,AS Roma,277003,Neil El Aynaoui,M,30,6.6,,0.0,,,10,8.0,80.0,,1.0,,1.0,0,0,1.0,1.0
AS Roma vs Bologna,AS Roma,875,Paulo Dybala,F,16,6.3,,0.0,1.0,1.0,5,5.0,100.0,,,,,0,0,,4.0
AS Roma vs Bologna,AS Roma,15811,Artem Dovbyk,F,16,6.9,,0.0,,,8,5.0,62.5,,,,1.0,0,0,4.0,4.0
AS Roma vs Bologna,AS Roma,162452,Devyne Rensch,D,8,6.9,,0.0,,,4,3.0,75.0,1.0,,,1.0,0,0,3.0,4.0
AS Roma vs Bologna,Bologna,2998,Łukasz Skorupski,G,90,7,,0.0,,,66,51.0,77.3,,,,,0,0,,
AS Roma vs Bologna,Bologna,30498,Lorenzo De Silvestri,D,72,6.7,,0.0,,,23,18.0,78.3,,,,1.0,0,0,1.0,1.0
AS Roma vs Bologna,Bologna,31099,Nicolò Casale,D,45,6.6,,0.0,,,23,16.0,69.6,,1.0,,1.0,0,0,2.0,4.0
AS Roma vs Bologna,Bologna,1929,Jhon Lucumí,D,90,6.2,,0.0,,,62,56.0,90.3,1.0,1.0,2.0,,0,0,2.0,4.0
AS Roma vs Bologna,Bologna,30553,Charalampos Lykogiannis,D,90,7,,0.0,,,44,35.0,79.5,3.0,,,,0,0,6.0,6.0
AS Roma vs Bologna,Bologna,2807,Remo Freuler,M,80,6.6,,0.0,,,45,37.0,82.2,4.0,,1.0,1.0,1,0,5.0,8.0
AS Roma vs Bologna,Bologna,31273,Tommaso Pobega,M,90,6.6,,0.0,1.0,,26,21.0,80.8,,1.0,,1.0,0,0,3.0,6.0
AS Roma vs Bologna,Bologna,30488,Riccardo Orsolini,M,90,6.3,,0.0,3.0,1.0,21,11.0,52.4,3.0,,2.0,1.0,0,0,9.0,17.0
AS Roma vs Bologna,Bologna,30542,Jens Odgaard,M,72,6.3,,0.0,1.0,1.0,12,8.0,66.7,,1.0,,1.0,0,0,3.0,7.0
AS Roma vs Bologna,Bologna,30438,Nicolò Cambiaghi,M,90,7,,0.0,,,14,11.0,78.6,2.0,,2.0,7.0,0,0,10.0,15.0
AS Roma vs Bologna,Bologna,1863,Ciro Immobile,F,30,6.2,,0.0,,,9,4.0,44.4,,,,,0,0,1.0,4.0
AS Roma vs Bologna,Bologna,311067,Santiago Castro,F,60,6.3,,0.0,4.0,,6,4.0,66.7,,,,,0,0,1.0,5.0
AS Roma vs Bologna,Bologna,287564,Martin Vitík,D,45,6.3,,0.0,,,17,13.0,76.5,,,2.0,,0,0,1.0,6.0
AS Roma vs Bologna,Bologna,128461,Nadir Zortea,D,18,6.7,,0.0,,,9,8.0,88.9,,1.0,2.0,,0,0,,2.0
AS Roma vs Bologna,Bologna,322630,Giovanni Fabbian,M,18,6.6,,0.0,,,7,4.0,57.1,1.0,,2.0,2.0,0,0,4.0,6.0
AS Roma vs Bologna,Bologna,873,Federico Bernardeschi,F,10,6.7,,0.0,,,4,4.0,100.0,,,,,0,0,,
Cagliari vs Fiorentina,Cagliari,30731,Elia Caprile,G,90,6.7,,0.0,,,23,19.0,82.6,,,,,0,0,,
Cagliari vs Fiorentina,Cagliari,200,Gabriele Zappa,D,90,6.6,,0.0,1.0,,45,37.0,82.2,1.0,,,,0,0,3.0,4.0
Cagliari vs Fiorentina,Cagliari,2484,Yerry Mina,D,90,7.7,,0.0,1.0,,53,48.0,90.6,2.0,1.0,2.0,2.0,0,0,7.0,11.0
Cagliari vs Fiorentina,Cagliari,319,Sebastiano Luperto,D,90,7.6,1.0,0.0,1.0,1.0,35,31.0,88.6,1.0,,1.0,,0,0,2.0,3.0
Cagliari vs Fiorentina,Cagliari,321744,Adam Obert,D,75,6.9,,0.0,,,27,21.0,77.8,3.0,,3.0,,1,0,3.0,7.0
Cagliari vs Fiorentina,Cagliari,30505,Michel Adopo,M,90,6.9,,0.0,,,36,33.0,91.7,1.0,,1.0,,0,0,2.0,6.0
Cagliari vs Fiorentina,Cagliari,309388,Matteo Prati,M,61,6.7,,0.0,,,27,22.0,81.5,,1.0,2.0,1.0,0,0,1.0,3.0
Cagliari vs Fiorentina,Cagliari,30561,Alessandro Deiola,M,74,6.3,,0.0,,,28,18.0,64.3,2.0,,1.0,,0,0,2.0,7.0
Cagliari vs Fiorentina,Cagliari,215,Sebastiano Esposito,M,61,6.6,,0.0,2.0,,16,15.0,93.8,,,2.0,3.0,0,0,3.0,11.0
Cagliari vs Fiorentina,Cagliari,31499,Gennaro Borrelli,F,81,6.3,,0.0,2.0,1.0,9,7.0,77.8,2.0,,4.0,5.0,1,0,11.0,21.0
Cagliari vs Fiorentina,Cagliari,56851,Michael Folorunsho,F,90,6.2,,0.0,2.0,1.0,19,12.0,63.2,,,,,0,0,1.0,6.0
Cagliari vs Fiorentina,Cagliari,30780,Luca Mazzitelli,M,29,6.6,,0.0,,,11,10.0,90.9,,,1.0,,1,0,,2.0
Cagliari vs Fiorentina,Cagliari,140831,Zito Luvumbo,F,29,6.3,,0.0,3.0,2.0,6,5.0,83.3,,1.0,,2.0,0,0,3.0,6.0
Cagliari vs Fiorentina,Cagliari,325,Gianluca Gaetano,M,16,7.2,,1.0,1.0,1.0,11,9.0,81.8,,,,1.0,0,0,1.0,2.0
Cagliari vs Fiorentina,Cagliari,383026,Riyad Idrissi,D,15,6.7,,0.0,,,8,5.0,62.5,,,,,0,0,,1.0
Cagliari vs Fiorentina,Cagliari,336567,Semih Kılıçsoy,F,9,6.3,,0.0,,,2,1.0,50.0,,,1.0,,1,0,,3.0
Cagliari vs Fiorentina,Fiorentina,882,David De Gea,G,90,6.2,,0.0,,,32,24.0,75.0,,,,,0,0,,
Cagliari vs Fiorentina,Fiorentina,396637,Pietro Comuzzo,D,62,6.9,,0.0,,,24,20.0,83.3,1.0,1.0,,,0,0,2.0,2.0
Cagliari vs Fiorentina,Fiorentina,1084,Marin Pongračić,D,90,6.9,,0.0,,,66,61.0,92.4,3.0,2.0,4.0,2.0,1,0,7.0,11.0
Cagliari vs Fiorentina,Fiorentina,31642,Luca Ranieri,D,45,7.2,,0.0,,,39,35.0,89.7,1.0,,1.0,1.0,0,0,5.0,7.0
Cagliari vs Fiorentina,Fiorentina,41144,Dodô,M,90,6.6,,0.0,,,24,16.0,66.7,,,,2.0,0,0,4.0,7.0
Cagliari vs Fiorentina,Fiorentina,1014,Simon Sohm,M,90,7.2,,0.0,,,38,30.0,78.9,2.0,,1.0,3.0,0,0,6.0,9.0
Cagliari vs Fiorentina,Fiorentina,876,Nicolò Fagioli,M,90,7.5,,0.0,1.0,,71,63.0,88.7,2.0,1.0,,1.0,0,0,4.0,6.0
Cagliari vs Fiorentina,Fiorentina,30422,Robin Gosens,M,77,7.3,,0.0,,,30,23.0,76.7,,,,,0,0,3.0,5.0
Cagliari vs Fiorentina,Fiorentina,2799,Albert Guðmundsson,F,72,6.3,,1.0,,,19,18.0,94.7,,,3.0,1.0,0,0,1.0,6.0
Cagliari vs Fiorentina,Fiorentina,311083,Cher Ndour,F,45,6.2,,0.0,,,25,18.0,72.0,1.0,,1.0,2.0,0,0,3.0,6.0
Cagliari vs Fiorentina,Fiorentina,877,Moise Kean,F,90,6.2,,0.0,1.0,,3,3.0,100.0,,,,2.0,0,0,3.0,6.0
Cagliari vs Fiorentina,Fiorentina,180510,Mattia Viti,D,45,6.3,,0.0,,,29,25.0,86.2,5.0,,1.0,,0,0,5.0,8.0
Cagliari vs Fiorentina,Fiorentina,30810,Rolando Mandragora,M,45,7.6,1.0,0.0,1.0,1.0,19,14.0,73.7,2.0,,1.0,3.0,0,0,7.0,11.0
Cagliari vs Fiorentina,Fiorentina,46792,Pablo Marí,D,28,5.9,,0.0,,,10,6.0,60.0,,,2.0,,1,0,1.0,4.0
Cagliari vs Fiorentina,Fiorentina,340700,Jacopo Fazzini,M,18,6.7,,0.0,,,5,5.0,100.0,1.0,,,1.0,0,0,2.0,3.0
Cagliari vs Fiorentina,Fiorentina,136087,Fabiano Parisi,D,13,6.2,,0.0,,,5,4.0,80.0,,2.0,,,0,0,1.0,2.0
Como vs Lazio,Como,8574,Jean Butez,G,90,7.2,,0.0,,,37,35.0,94.6,,,,,0,0,,
Como vs Lazio,Como,129119,Ignace Van der Brempt,D,70,6.9,,0.0,,,25,19.0,76.0,4.0,1.0,4.0,1.0,1,0,6.0,11.0
Como vs Lazio,Como,386305,Jacobo Ramón,D,90,7.7,,0.0,2.0,,74,69.0,93.2,4.0,2.0,,,0,0,9.0,10.0
Como vs Lazio,Como,26301,Marc-Oliver Kempf,D,90,6.3,,0.0,1.0,,73,69.0,94.5,,,1.0,,0,0,1.0,6.0
Como vs Lazio,Como,336560,Álex Valle,D,90,7,,0.0,,,51,45.0,88.2,4.0,1.0,3.0,,0,0,5.0,10.0
Como vs Lazio,Como,288699,Máximo Perrone,M,78,7.3,,0.0,1.0,,60,58.0,96.7,4.0,1.0,,,0,0,4.0,6.0
Como vs Lazio,Como,162266,Lucas Da Cunha,M,90,7.7,,0.0,2.0,1.0,61,57.0,93.4,1.0,,,1.0,0,0,2.0,6.0
Como vs Lazio,Como,8586,Mërgim Vojvoda,M,90,6.9,,0.0,4.0,2.0,41,35.0,85.4,1.0,1.0,3.0,1.0,0,0,4.0,9.0
Como vs Lazio,Como,350037,Nico Paz,M,79,8.6,1.0,1.0,4.0,2.0,39,32.0,82.1,2.0,1.0,2.0,1.0,1,0,6.0,13.0
Como vs Lazio,Como,443162,Jesús Rodriguez,M,89,7,,0.0,1.0,,27,24.0,88.9,,1.0,,3.0,0,0,8.0,18.0
Como vs Lazio,Como,26845,Anastasios Douvikas,F,70,7.9,1.0,0.0,1.0,1.0,16,13.0,81.2,,1.0,1.0,1.0,0,0,2.0,4.0
Como vs Lazio,Como,14266,Ivan Smolčić,D,20,6.9,,0.0,,,9,7.0,77.8,3.0,1.0,,,0,0,3.0,3.0
Como vs Lazio,Como,59,Álvaro Morata,F,20,7,,0.0,1.0,,4,4.0,100.0,2.0,,,3.0,0,0,5.0,6.0
Como vs Lazio,Como,659,Maxence Caqueret,M,12,6.7,,0.0,1.0,,7,6.0,85.7,,,,1.0,0,0,2.0,4.0
Como vs Lazio,Como,137,Sergi Roberto,M,11,6.6,,0.0,,,13,11.0,84.6,,,1.0,,0,0,2.0,3.0
Como vs Lazio,Lazio,31037,Ivan Provedel,G,90,6.7,,0.0,,,33,26.0,78.8,,,,,0,0,,
Como vs Lazio,Lazio,30866,Manuel Lazzari,D,61,6.6,,0.0,,,13,11.0,84.6,2.0,2.0,,,0,0,2.0,4.0
Como vs Lazio,Lazio,162952,Mario Gila Fuentes,D,90,6.2,,0.0,1.0,,39,33.0,84.6,4.0,,1.0,,0,0,5.0,9.0
Como vs Lazio,Lazio,350857,Oliver Provstgaard,D,90,6.6,,0.0,,,56,52.0,92.9,,2.0,1.0,,0,0,2.0,4.0
Como vs Lazio,Lazio,41577,Nuno Tavares,D,66,6.6,,0.0,1.0,,33,25.0,75.8,2.0,1.0,1.0,2.0,0,0,6.0,11.0
Como vs Lazio,Lazio,1454,Mattéo Guendouzi,M,90,6.2,,0.0,1.0,1.0,26,22.0,84.6,1.0,,2.0,1.0,1,0,2.0,9.0
Como vs Lazio,Lazio,1852,Danilo Cataldi,M,66,6.3,,0.0,,,19,18.0,94.7,3.0,1.0,2.0,2.0,0,0,7.0,16.0
Como vs Lazio,Lazio,144740,Fisayo Dele-Bashiru,M,75,6.6,,0.0,,,14,13.0,92.9,5.0,1.0,,,0,0,5.0,8.0
Como vs Lazio,Lazio,286474,Matteo Cancellieri,F,61,6.9,,0.0,1.0,,9,6.0,66.7,4.0,2.0,1.0,2.0,0,0,6.0,10.0
Como vs Lazio,Lazio,50856,Valentín Castellanos,F,90,6.3,,0.0,,,7,4.0,57.1,1.0,,1.0,1.0,1,0,4.0,12.0
Como vs Lazio,Lazio,30937,Mattia Zaccagni,F,90,6.5,,0.0,,,12,11.0,91.7,,,1.0,7.0,1,0,7.0,16.0
Como vs Lazio,Lazio,1844,Adam Marušić,D,29,6.2,,0.0,,,12,11.0,91.7,,,1.0,,0,0,,1.0
Como vs Lazio,Lazio,2299,Pedro,F,29,6.5,,0.0,,,8,5.0,62.5,1.0,,,,0,0,1.0,3.0
Como vs Lazio,Lazio,30554,Luca Pellegrini,D,24,6.5,,0.0,,,9,6.0,66.7,1.0,,,,0,0,1.0,2.0
Como vs Lazio,Lazio,30784,Nicolò Rovella,M,24,6.3,,0.0,,,15,14.0,93.3,,2.0,1.0,,0,0,1.0,2.0
Como vs Lazio,Lazio,22015,Boulaye Dia,F,15,6.3,,0.0,,,4,3.0,75.0,,,,,0,0,1.0,2.0
Juventus vs Parma,Juventus,30670,Michele Di Gregorio,G,90,6.9,,0.0,,,19,12.0,63.2,,,,1.0,0,0,1.0,1.0
Juventus vs Parma,Juventus,268341,Federico Gatti,D,57,6.9,,0.0,1.0,,32,32.0,100.0,,1.0,2.0,,0,0,2.0,5.0
Juventus vs Parma,Juventus,30497,Bremer,D,90,8.2,,0.0,2.0,,52,46.0,88.5,1.0,1.0,1.0,1.0,0,0,4.0,10.0
Juventus vs Parma,Juventus,19263,Lloyd Kelly,D,90,7.5,,0.0,1.0,,44,40.0,90.9,1.0,1.0,2.0,,0,0,7.0,9.0
Juventus vs Parma,Juventus,162188,Pierre Kalulu,M,90,7.2,,0.0,,,54,49.0,90.7,2.0,3.0,2.0,,0,0,3.0,6.0
Juventus vs Parma,Juventus,30533,Manuel Locatelli,M,57,7.3,,0.0,,,58,55.0,94.8,,1.0,,1.0,0,0,5.0,7.0
Juventus vs Parma,Juventus,116,Khéphren Thuram,M,90,7.7,,0.0,5.0,2.0,67,60.0,89.6,3.0,2.0,1.0,1.0,0,0,8.0,11.0
Juventus vs Parma,Juventus,127011,Andrea Cambiaso,M,83,7.7,,0.0,1.0,,57,50.0,87.7,3.0,1.0,1.0,1.0,0,0,7.0,11.0
Juventus vs Parma,Juventus,161585,Francisco Conceição,F,80,7.5,,0.0,2.0,2.0,41,39.0,95.1,,1.0,,,0,0,3.0,6.0
Juventus vs Parma,Juventus,339883,Kenan Yıldız,F,89,8.9,,2.0,3.0,2.0,30,26.0,86.7,2.0,,,2.0,0,0,7.0,10.0
Juventus vs Parma,Juventus,8489,Jonathan David,F,80,6.9,1.0,0.0,3.0,1.0,18,14.0,77.8,1.0,,,,0,0,4.0,9.0
Juventus vs Parma,Juventus,41734,João Mário,D,33,7.2,,0.0,,,12,9.0,75.0,1.0,1.0,,2.0,0,0,3.0,3.0
Juventus vs Parma,Juventus,36899,Teun Koopmeiners,M,33,7,,0.0,,,24,22.0,91.7,1.0,,,1.0,0,0,4.0,5.0
Juventus vs Parma,Juventus,26315,Nicolás González,F,10,6.6,,0.0,1.0,,1,1.0,100.0,,,,2.0,0,0,3.0,3.0
Juventus vs Parma,Juventus,30415,Dušan Vlahović,F,10,7.3,1.0,0.0,1.0,1.0,2,1.0,50.0,,,,,0,0,,2.0
Juventus vs Parma,Parma,199578,Zion Suzuki,G,90,6.9,,0.0,,,36,19.0,52.8,,,,,0,0,,
Juventus vs Parma,Parma,30420,Enrico Del Prato,D,90,6.3,,0.0,,,32,27.0,84.4,2.0,,1.0,,0,0,2.0,4.0
Juventus vs Parma,Parma,348568,Alessandro Circati,D,90,6.9,,0.0,,,38,33.0,86.8,1.0,,,,0,0,6.0,9.0
Juventus vs Parma,Parma,6221,Lautaro Valenti,D,90,5.9,,0.0,1.0,,29,18.0,62.1,1.0,2.0,1.0,,0,0,1.0,6.0
Juventus vs Parma,Parma,323369,Mathias Fjørtoft Løvik,M,88,6.3,,0.0,,,19,16.0,84.2,1.0,1.0,1.0,,0,0,1.0,5.0
Juventus vs Parma,Parma,628,Adrián Bernabé,M,90,6.9,,0.0,1.0,1.0,42,36.0,85.7,2.0,1.0,,1.0,0,0,4.0,10.0
Juventus vs Parma,Parma,308836,Mandela Keita,M,88,7.2,,0.0,1.0,,26,23.0,88.5,2.0,1.0,,2.0,0,0,6.0,7.0
Juventus vs Parma,Parma,91358,Emanuele Valeri,M,90,6.6,,0.0,,,11,7.0,63.6,1.0,,1.0,,0,0,1.0,5.0
Juventus vs Parma,Parma,48193,Pontus Almqvist,F,80,6.9,,0.0,,,12,6.0,50.0,1.0,1.0,,2.0,0,0,6.0,13.0
Juventus vs Parma,Parma,362752,Christian Ordoñez,F,57,6.2,,0.0,,,8,7.0,87.5,,,,1.0,0,0,1.0,5.0
Juventus vs Parma,Parma,292172,Mateo Pellegrino,F,90,6,,0.0,2.0,1.0,12,8.0,66.7,1.0,,6.0,3.0,0,0,8.0,26.0
Juventus vs Parma,Parma,161569,Oliver Sørensen,M,33,6,,0.0,,,6,5.0,83.3,,,2.0,,0,0,,5.0
Juventus vs Parma,Parma,40592,Adrian Benedyczak,F,10,6.5,,0.0,,,2,1.0,50.0,,,1.0,,0,0,1.0,3.0
Juventus vs Parma,Parma,6409,Nahuel Estévez,M,2,,,0.0,,,2,1.0,50.0,,,,,0,0,,
Juventus vs Parma,Parma,31692,Milan Đurić,F,2,,,0.0,1.0,,0,,,,,,,0,0,1.0,1.0
Atalanta vs Pisa,Atalanta,30417,Marco Carnesecchi,G,90,6.9,,0.0,,,28,21.0,75.0,,,,,0,0,1.0,1.0
Atalanta vs Pisa,Atalanta,289761,Giorgio Scalvini,D,88,6.2,,0.0,1.0,,59,52.0,88.1,1.0,,3.0,1.0,0,0,4.0,8.0
Atalanta vs Pisa,Atalanta,137976,Isak Hien,D,90,6.9,,0.0,,,50,46.0,92.0,3.0,2.0,1.0,3.0,0,0,9.0,16.0
Atalanta vs Pisa,Atalanta,30421,Berat Djimsiti,D,90,6.7,,0.0,1.0,,82,72.0,87.8,2.0,1.0,1.0,,0,0,6.0,20.0
Atalanta vs Pisa,Atalanta,91422,Raoul Bellanova,M,90,6.9,,0.0,2.0,1.0,34,29.0,85.3,2.0,,,1.0,0,0,5.0,6.0
Atalanta vs Pisa,Atalanta,30432,Marten de Roon,M,90,7.3,,0.0,1.0,,79,70.0,88.6,,1.0,1.0,,0,0,1.0,5.0
Atalanta vs Pisa,Atalanta,2763,Mario Pašalić,M,71,7.3,,1.0,,,50,48.0,96.0,1.0,,,,0,0,2.0,7.0
Atalanta vs Pisa,Atalanta,203474,Nicola Zalewski,M,90,8,,0.0,1.0,,36,25.0,69.4,1.0,1.0,,1.0,0,0,5.0,10.0
Atalanta vs Pisa,Atalanta,147859,Charles De Ketelaere,F,84,7.5,,0.0,2.0,,41,37.0,90.2,,,,,0,0,2.0,7.0
Atalanta vs Pisa,Atalanta,134926,Daniel Maldini,F,71,6.9,,0.0,3.0,1.0,19,15.0,78.9,,,1.0,2.0,1,0,5.0,9.0
Atalanta vs Pisa,Atalanta,30544,Gianluca Scamacca,F,72,7.9,1.0,0.0,7.0,4.0,20,14.0,70.0,1.0,,,2.0,0,0,11.0,16.0
Atalanta vs Pisa,Atalanta,10097,Éderson,M,19,6.7,,0.0,,,20,17.0,85.0,,,1.0,,0,0,1.0,3.0
Atalanta vs Pisa,Atalanta,199837,Kamaldeen Sulemana,F,19,7.3,,0.0,,,14,13.0,92.9,1.0,,1.0,,1,0,5.0,7.0
Atalanta vs Pisa,Atalanta,66817,Nikola Krstović,F,18,6.2,,0.0,,,11,9.0,81.8,,,,,0,0,,1.0
Atalanta vs Pisa,Atalanta,178749,Lazar Samardžić,M,11,6.6,,0.0,,,7,7.0,100.0,,,,,0,0,,3.0
Atalanta vs Pisa,Atalanta,48119,Odilon Kossounou,D,2,,,0.0,,,2,2.0,100.0,,,,,0,0,,
Atalanta vs Pisa,Pisa,30733,Adrian Šemper,G,90,8.3,,0.0,,,41,27.0,65.9,,,,,0,0,1.0,1.0
Atalanta vs Pisa,Pisa,485960,Daniel Denoon,D,78,6.5,,0.0,,,19,16.0,84.2,3.0,,2.0,1.0,0,0,4.0,8.0
Atalanta vs Pisa,Pisa,31604,Antonio Caracciolo,D,90,6.3,,0.0,1.0,,23,20.0,87.0,3.0,1.0,2.0,,0,0,4.0,12.0
Atalanta vs Pisa,Pisa,91503,Simone Canestrelli,D,90,7.2,,0.0,,,35,27.0,77.1,2.0,1.0,,,0,0,4.0,5.0
Atalanta vs Pisa,Pisa,56293,Idrissa Touré,M,90,7.3,,0.0,2.0,,25,18.0,72.0,2.0,,,,0,0,13.0,16.0
Atalanta vs Pisa,Pisa,30723,Marius Marin,M,78,6.6,,0.0,,,23,19.0,82.6,1.0,2.0,1.0,,0,0,4.0,7.0
Atalanta vs Pisa,Pisa,951,Michel Aebischer,M,90,6.5,,0.0,1.0,,40,32.0,80.0,,1.0,,,0,0,1.0,6.0
Atalanta vs Pisa,Pisa,302069,Samuele Angori,M,90,7.2,,0.0,1.0,,12,7.0,58.3,2.0,2.0,,1.0,0,0,4.0,11.0
Atalanta vs Pisa,Pisa,31560,Stefano Moreo,F,62,7,,0.0,2.0,1.0,18,13.0,72.2,,1.0,,1.0,0,0,8.0,10.0
Atalanta vs Pisa,Pisa,20959,Matteo Tramoni,F,61,6.7,,0.0,1.0,1.0,12,11.0,91.7,,,1.0,2.0,0,0,2.0,7.0
Atalanta vs Pisa,Pisa,331678,Henrik Wendel Meister,F,54,6.5,,0.0,,,7,3.0,42.9,,,1.0,,0,0,3.0,7.0
Atalanta vs Pisa,Pisa,31318,M'Bala Nzola,F,36,6.7,,0.0,,,14,9.0,64.3,,,3.0,1.0,0,0,6.0,13.0
Atalanta vs Pisa,Pisa,866,Juan Cuadrado,M,29,6.9,,0.0,,,3,1.0,33.3,2.0,,,1.0,0,0,4.0,6.0
Atalanta vs Pisa,Pisa,408635,Ebenezer Akinsanmiro,M,28,6.9,,0.0,,,8,8.0,100.0,2.0,,,,0,0,3.0,3.0
Atalanta vs Pisa,Pisa,30469,Arturo Calabresi,D,12,6.7,,0.0,,,4,2.0,50.0,,,,,0,0,1.0,5.0
Atalanta vs Pisa,Pisa,325387,Gabriele Piccinini,M,12,6.5,,0.0,,,5,5.0,100.0,,,,,0,0,,2.0
Udinese vs Hellas Verona,Udinese,197830,Răzvan Sava,G,90,7.6,,0.0,,,23,22.0,95.7,,,,,0,0,,
Udinese vs Hellas Verona,Udinese,315249,Nicolò Bertola,D,90,7,,0.0,,,72,64.0,88.9,,1.0,1.0,2.0,1,0,5.0,10.0
Udinese vs Hellas Verona,Udinese,281495,Thomas Kristensen,D,90,8.6,1.0,0.0,1.0,1.0,71,66.0,93.0,1.0,,1.0,1.0,0,0,9.0,11.0
Udinese vs Hellas Verona,Udinese,656,Oumar Solet,D,90,7.2,,0.0,,,98,87.0,88.8,1.0,1.0,1.0,,0,0,4.0,10.0
Udinese vs Hellas Verona,Udinese,36916,Kingsley Ehizibue,M,90,7,,0.0,,,21,19.0,90.5,2.0,,1.0,1.0,0,0,5.0,8.0
Udinese vs Hellas Verona,Udinese,7591,Sandi Lovrić,M,61,7.5,,1.0,1.0,,39,34.0,87.2,3.0,1.0,1.0,,0,0,4.0,8.0
Udinese vs Hellas Verona,Udinese,48047,Jesper Karlström,M,90,6.6,,0.0,,,43,36.0,83.7,2.0,,1.0,1.0,0,0,6.0,13.0
Udinese vs Hellas Verona,Udinese,347644,Arthur Atta,M,90,6.3,,0.0,1.0,1.0,36,31.0,86.1,1.0,,,3.0,0,0,10.0,23.0
Udinese vs Hellas Verona,Udinese,19824,Jordan Zemura,M,79,6.2,,0.0,1.0,,22,17.0,77.3,1.0,,,1.0,0,0,3.0,7.0
Udinese vs Hellas Verona,Udinese,19185,Keinan Davis,F,74,6.9,,0.0,3.0,2.0,9,6.0,66.7,1.0,,1.0,3.0,1,0,7.0,8.0
Udinese vs Hellas Verona,Udinese,330599,Iker Bravo,F,61,6.5,,0.0,,,17,14.0,82.4,,,2.0,1.0,1,0,1.0,6.0
Udinese vs Hellas Verona,Udinese,182560,Oier Zarraga,M,29,6.2,,0.0,,,7,5.0,71.4,,,1.0,,0,0,1.0,4.0
Udinese vs Hellas Verona,Udinese,1134,Vakoun Issouf Bayo,F,29,6.5,,0.0,,,9,6.0,66.7,,,,,0,0,1.0,2.0
Udinese vs Hellas Verona,Udinese,1939,Jakub Piotrowski,M,16,6.6,,0.0,,,6,5.0,83.3,,,,1.0,0,0,2.0,4.0
Udinese vs Hellas Verona,Udinese,22007,Hassane Kamara,D,11,6.9,,0.0,3.0,,5,4.0,80.0,1.0,,,,0,0,1.0,1.0
Udinese vs Hellas Verona,Hellas Verona,30611,Lorenzo Montipò,G,90,6.9,,0.0,,,31,15.0,48.4,,,,,0,0,,
Udinese vs Hellas Verona,Hellas Verona,47277,Unai Núñez,D,90,6.3,,0.0,,,35,26.0,74.3,4.0,4.0,5.0,,0,0,9.0,17.0
Udinese vs Hellas Verona,Hellas Verona,15912,Victor Nelsson,D,90,6.5,,0.0,,,32,30.0,93.8,,,1.0,,0,0,,2.0
Udinese vs Hellas Verona,Hellas Verona,15909,Martin Frese,D,90,6.9,,0.0,1.0,,35,29.0,82.9,3.0,1.0,,1.0,0,0,5.0,8.0
Udinese vs Hellas Verona,Hellas Verona,527889,Fallou Cham,M,82,6.6,,0.0,,,14,10.0,71.4,3.0,1.0,1.0,1.0,0,0,5.0,9.0
Udinese vs Hellas Verona,Hellas Verona,22239,Cheikh Niasse,M,66,6.3,,0.0,,,12,10.0,83.3,,1.0,,2.0,0,0,2.0,4.0
Udinese vs Hellas Verona,Hellas Verona,1090,Antoine Bernede,M,90,6.9,,0.0,1.0,,42,33.0,78.6,2.0,1.0,,1.0,0,0,3.0,4.0
Udinese vs Hellas Verona,Hellas Verona,418,Suat Serdar,M,82,7.2,1.0,0.0,1.0,1.0,21,14.0,66.7,2.0,1.0,1.0,1.0,0,0,4.0,10.0
Udinese vs Hellas Verona,Hellas Verona,14327,Domagoj Bradarić,M,72,6.6,,0.0,,,20,12.0,60.0,3.0,,1.0,1.0,0,0,4.0,5.0
Udinese vs Hellas Verona,Hellas Verona,312615,Giovane,F,90,7.2,,1.0,4.0,2.0,9,4.0,44.4,1.0,,,1.0,0,0,8.0,18.0
Udinese vs Hellas Verona,Hellas Verona,236955,Amin Sarr,F,66,6.7,,0.0,,,11,8.0,72.7,2.0,1.0,1.0,1.0,0,0,5.0,14.0
Udinese vs Hellas Verona,Hellas Verona,37437,Abdou Harroui,M,24,6.7,,0.0,,,9,7.0,77.8,1.0,,,,0,0,2.0,4.0
Udinese vs Hellas Verona,Hellas Verona,59421,Daniel Mosquera,F,24,6.5,,0.0,,,3,,,,,2.0,1.0,0,0,6.0,14.0
Udinese vs Hellas Verona,Hellas Verona,303362,Rafik Belghali,D,18,6.6,,0.0,,,2,2.0,100.0,1.0,,1.0,,1,0,2.0,4.0
Udinese vs Hellas Verona,Hellas Verona,20656,Enzo Ebosse,D,8,6.9,,0.0,,,8,8.0,100.0,,,1.0,,1,0,,1.0
Udinese vs Hellas Verona,Hellas Verona,153408,Daniel Oyegoke,D,8,6.9,,0.0,,,2,2.0,100.0,,,,,0,0,1.0,1.0
Inter vs Torino,Inter,2802,Yann Sommer,G,90,7.3,,0.0,,,30,30.0,100.0,,,,,0,0,,
Inter vs Torino,Inter,2725,Benjamin Pavard,D,90,7.5,,0.0,1.0,1.0,84,80.0,95.2,2.0,2.0,1.0,,0,0,2.0,4.0
Inter vs Torino,Inter,1836,Francesco Acerbi,D,90,7.6,,0.0,1.0,1.0,68,65.0,95.6,,,,,0,0,6.0,7.0
Inter vs Torino,Inter,31009,Alessandro Bastoni,D,86,9.3,1.0,1.0,2.0,1.0,67,63.0,94.0,1.0,2.0,2.0,,0,0,1.0,5.0
Inter vs Torino,Inter,226,Denzel Dumfries,M,90,7.2,,0.0,,,25,24.0,96.0,1.0,2.0,,,0,0,4.0,6.0
Inter vs Torino,Inter,348205,Petar Sučić,M,90,7.2,,1.0,3.0,2.0,57,52.0,91.2,4.0,,3.0,,0,0,4.0,9.0
Inter vs Torino,Inter,30558,Nicolò Barella,M,90,7.9,,1.0,1.0,,112,102.0,91.1,2.0,,,,0,0,2.0,3.0
Inter vs Torino,Inter,1457,Henrikh Mkhitaryan,M,79,7.2,,0.0,1.0,,44,39.0,88.6,1.0,,1.0,,0,0,1.0,6.0
Inter vs Torino,Inter,31010,Federico Dimarco,M,66,7.5,,0.0,,,23,20.0,87.0,1.0,,1.0,,0,0,1.0,3.0
Inter vs Torino,Inter,21509,Marcus Thuram,F,67,8.9,2.0,0.0,4.0,2.0,16,12.0,75.0,1.0,,5.0,2.0,0,0,8.0,16.0
Inter vs Torino,Inter,217,Lautaro Martínez,F,79,8.5,1.0,1.0,3.0,1.0,20,15.0,75.0,,,,3.0,0,0,4.0,6.0
Inter vs Torino,Inter,10238,Carlos Augusto,D,24,7,,0.0,,,14,13.0,92.9,,,,,0,0,2.0,2.0
Inter vs Torino,Inter,275651,Ange-Yoan Bonny,F,23,7.6,1.0,0.0,1.0,1.0,6,6.0,100.0,1.0,,1.0,1.0,0,0,3.0,6.0
Inter vs Torino,Inter,270509,Andy Diouf,M,11,6.3,,0.0,,,4,2.0,50.0,,,,,0,0,,3.0
Inter vs Torino,Inter,329,Piotr Zieliński,M,11,6.6,,0.0,,,5,5.0,100.0,,,,,0,0,1.0,1.0
Inter vs Torino,Inter,10077,Luís Henrique,F,4,,,0.0,,,2,2.0,100.0,,,,,0,0,,
Inter vs Torino,Torino,56266,Franco Israel,G,90,5.6,,0.0,,,29,23.0,79.3,,,,,0,0,,
Inter vs Torino,Torino,25353,Valentino Lazaro,D,79,5.6,,0.0,,,44,39.0,88.6,2.0,,1.0,,0,0,4.0,6.0
Inter vs Torino,Torino,122468,Saúl Coco,D,90,5.9,,0.0,,,49,46.0,93.9,1.0,,3.0,2.0,0,0,4.0,9.0
Inter vs Torino,Torino,18799,Adam Masina,D,90,5.5,,0.0,,,49,44.0,89.8,3.0,1.0,2.0,1.0,0,0,4.0,10.0
Inter vs Torino,Torino,30396,Cristiano Biraghi,D,90,5.6,,0.0,,,43,37.0,86.0,,,,2.0,0,0,2.0,5.0
Inter vs Torino,Torino,270507,Cesare Casadei,M,90,6.7,,0.0,1.0,1.0,30,27.0,90.0,,,,1.0,0,0,4.0,5.0
Inter vs Torino,Torino,336573,Emirhan İlkhan,M,58,6.6,,0.0,,,33,30.0,90.9,,,,2.0,0,0,2.0,3.0
Inter vs Torino,Torino,343189,Gvidas Gineitis,M,90,5.6,,0.0,,,28,20.0,71.4,1.0,1.0,,1.0,0,0,6.0,10.0
Inter vs Torino,Torino,85,Cyril Ngonge,F,80,6.2,,0.0,1.0,1.0,12,7.0,58.3,,,,2.0,0,0,2.0,4.0
Inter vs Torino,Torino,30414,Giovanni Simeone,F,64,6.3,,0.0,2.0,,12,10.0,83.3,,,,,0,0,1.0,7.0
Inter vs Torino,Torino,842,Nikola Vlašić,F,57,6.3,,0.0,1.0,1.0,22,20.0,90.9,,,,,0,0,1.0,6.0
Inter vs Torino,Torino,243,Zakaria Aboukhlal,F,33,6.9,,0.0,1.0,1.0,4,4.0,100.0,2.0,,,,0,0,2.0,2.0
Inter vs Torino,Torino,22174,Adrien Tameze,M,32,6.2,,0.0,,,12,11.0,91.7,1.0,1.0,,2.0,0,0,3.0,4.0
Inter vs Torino,Torino,19524,Che Adams,F,26,6.5,,0.0,1.0,,4,3.0,75.0,,,,,0,0,1.0,2.0
Inter vs Torino,Torino,138777,Faustino Anjorin,M,11,6.3,,0.0,,,1,1.0,100.0,,,,1.0,0,0,1.0,2.0
Inter vs Torino,Torino,39362,Marcus Pedersen,D,10,6.9,,0.0,,,7,6.0,85.7,,,,,0,0,1.0,2.0
Cremonese vs Sassuolo,Cremonese,30441,Emil Audero,G,90,6.7,,0.0,,,35,15.0,42.9,,,,,0,0,,
Cremonese vs Sassuolo,Cremonese,264472,Filippo Terracciano,D,90,7.2,1.0,0.0,1.0,1.0,39,31.0,79.5,,1.0,,1.0,0,0,4.0,6.0
Cremonese vs Sassuolo,Cremonese,127035,Federico Baschirotto,D,90,6.2,,0.0,,,39,30.0,76.9,,1.0,,,0,0,2.0,4.0
Cremonese vs Sassuolo,Cremonese,30919,Matteo Bianchetti,D,90,6,,0.0,,,45,38.0,84.4,,,1.0,,0,0,,2.0
Cremonese vs Sassuolo,Cremonese,31219,Alessio Zerbin,M,82,6.9,,0.0,,,34,24.0,70.6,3.0,,2.0,2.0,0,0,7.0,13.0
Cremonese vs Sassuolo,Cremonese,126889,Michele Collocolo,M,90,6.3,,0.0,,,25,17.0,68.0,2.0,1.0,1.0,2.0,0,0,5.0,7.0
Cremonese vs Sassuolo,Cremonese,266813,Warren Bondo,M,67,7.2,,0.0,,,28,27.0,96.4,5.0,1.0,1.0,2.0,0,0,7.0,9.0
Cremonese vs Sassuolo,Cremonese,31211,Jari Vandeputte,M,74,6.9,,1.0,,,23,19.0,82.6,3.0,,1.0,,0,0,5.0,9.0
Cremonese vs Sassuolo,Cremonese,30775,Giuseppe Pezzella,M,90,6.9,,0.0,,,22,19.0,86.4,4.0,,1.0,1.0,0,0,6.0,10.0
Cremonese vs Sassuolo,Cremonese,2057,Franco Vázquez,F,74,7.7,1.0,0.0,2.0,2.0,29,24.0,82.8,,,,2.0,0,0,2.0,8.0
Cremonese vs Sassuolo,Cremonese,2522,Antonio Sanabria,F,82,6.5,,1.0,2.0,1.0,10,8.0,80.0,,,3.0,1.0,1,0,4.0,10.0
Cremonese vs Sassuolo,Cremonese,31021,Alberto Grassi,M,23,6.3,,0.0,,,15,11.0,73.3,,,1.0,1.0,1,0,3.0,4.0
Cremonese vs Sassuolo,Cremonese,6383,Martín Payero,M,16,6.9,,0.0,1.0,,5,2.0,40.0,1.0,1.0,,2.0,0,0,4.0,5.0
Cremonese vs Sassuolo,Cremonese,30848,David Okereke,F,16,6.7,,0.0,,,4,3.0,75.0,1.0,,,,0,0,4.0,7.0
Cremonese vs Sassuolo,Cremonese,342651,Romano Floriani Mussolini,D,8,7.3,,0.0,,,2,2.0,100.0,,,1.0,2.0,0,0,2.0,3.0
Cremonese vs Sassuolo,Cremonese,31853,Manuel De Luca,F,8,6.9,1.0,0.0,2.0,2.0,4,1.0,25.0,,,,,0,0,,
Cremonese vs Sassuolo,Sassuolo,616,Arijanet Murić,G,90,6.5,,0.0,,,27,20.0,74.1,,,,,0,0,,
Cremonese vs Sassuolo,Sassuolo,40582,Sebastian Walukiewicz,D,90,6.3,,0.0,,,62,54.0,87.1,2.0,1.0,1.0,,0,0,3.0,8.0
Cremonese vs Sassuolo,Sassuolo,37651,Jay Idzes,D,90,6.3,,0.0,,,68,67.0,98.5,,,1.0,1.0,0,0,1.0,3.0
Cremonese vs Sassuolo,Sassuolo,271350,Tarik Muharemović,D,90,6.9,,0.0,,,83,68.0,81.9,2.0,,1.0,,0,0,9.0,12.0
Cremonese vs Sassuolo,Sassuolo,135526,Josh Doig,D,45,5.6,,0.0,,,18,12.0,66.7,1.0,1.0,1.0,2.0,1,0,5.0,8.0
Cremonese vs Sassuolo,Sassuolo,127413,Aster Vranckx,M,69,6.9,,0.0,,,40,35.0,87.5,2.0,,2.0,5.0,0,0,10.0,14.0
Cremonese vs Sassuolo,Sassuolo,902,Nemanja Matić,M,82,6.9,,0.0,,,63,56.0,88.9,1.0,,,1.0,0,0,3.0,8.0
Cremonese vs Sassuolo,Sassuolo,291780,Daniel Boloca,M,45,6.2,,0.0,,,15,14.0,93.3,,1.0,,,0,0,,1.0
Cremonese vs Sassuolo,Sassuolo,30537,Domenico Berardi,F,90,6.5,1.0,0.0,2.0,2.0,29,20.0,69.0,,,1.0,,0,0,,6.0
Cremonese vs Sassuolo,Sassuolo,31094,Andrea Pinamonti,F,90,7.3,1.0,0.0,4.0,4.0,19,12.0,63.2,,,,,0,0,2.0,5.0
Cremonese vs Sassuolo,Sassuolo,2215,Armand Laurienté,F,69,6.5,,0.0,1.0,,12,11.0,91.7,2.0,,2.0,,0,0,2.0,7.0
Cremonese vs Sassuolo,Sassuolo,41371,Fali Candé,D,45,6.6,,0.0,,,22,19.0,86.4,1.0,,1.0,1.0,0,0,4.0,6.0
Cremonese vs Sassuolo,Sassuolo,342035,Cristian Volpato,M,45,6.6,,1.0,,,24,21.0,87.5,,,2.0,,0,0,1.0,5.0
Cremonese vs Sassuolo,Sassuolo,263699,Alieu Fadera,F,21,6,,0.0,,,8,6.0,75.0,,,2.0,1.0,0,0,2.0,9.0
Cremonese vs Sassuolo,Sassuolo,343562,Luca Lipani,M,21,6.2,,0.0,,,13,9.0,69.2,,,2.0,,0,0,,4.0
Cremonese vs Sassuolo,Sassuolo,281291,Edoardo Iannoni,M,8,6.2,,0.0,1.0,,4,4.0,100.0,,,1.0,,1,0,,1.0
Lecce vs AC Milan,Lecce,56459,Wladimiro Falcone,G,90,7.2,,0.0,,,21,16.0,76.2,1.0,,,,0,0,1.0,1.0
Lecce vs AC Milan,Lecce,161702,Danilo Veiga,D,90,5.6,,0.0,,,35,29.0,82.9,,,2.0,,0,0,1.0,9.0
Lecce vs AC Milan,Lecce,291589,Kialonda Gaspar,D,90,7.2,,0.0,,,67,62.0,92.5,2.0,,1.0,2.0,1,0,5.0,8.0
Lecce vs AC Milan,Lecce,455316,Tiago Gabriel,D,90,7.9,,0.0,,,65,60.0,92.3,5.0,,,,0,0,8.0,8.0
Lecce vs AC Milan,Lecce,31543,Antonino Gallo,D,90,6.3,,0.0,,,39,29.0,74.4,1.0,,,,0,0,2.0,3.0
Lecce vs AC Milan,Lecce,197779,Mohamed Kaba,M,63,7,,0.0,2.0,1.0,13,10.0,76.9,,,,1.0,0,0,3.0,6.0
Lecce vs AC Milan,Lecce,15673,Ylber Ramadani,M,81,7.2,,0.0,,,32,27.0,84.4,1.0,,2.0,,0,0,4.0,7.0
Lecce vs AC Milan,Lecce,1748,Lassana Coulibaly,M,90,7,,0.0,,,26,24.0,92.3,2.0,,,4.0,0,0,7.0,8.0
Lecce vs AC Milan,Lecce,6662,Santiago Pierotti,F,63,6.2,,0.0,,,15,11.0,73.3,2.0,,,,0,0,2.0,8.0
Lecce vs AC Milan,Lecce,436260,Francesco Camarda,F,45,6.3,,0.0,,,4,4.0,100.0,,,2.0,,0,0,1.0,4.0
Lecce vs AC Milan,Lecce,47182,Tete Morente,F,81,6.5,,0.0,,,23,16.0,69.6,2.0,1.0,2.0,1.0,0,0,4.0,9.0
Lecce vs AC Milan,Lecce,264122,Nikola Štulić,F,45,6.3,,0.0,1.0,1.0,10,9.0,90.0,,,,,0,0,1.0,2.0
Lecce vs AC Milan,Lecce,335071,Medon Berisha,M,27,6.3,,0.0,,,16,15.0,93.8,,,1.0,,0,0,,1.0
Lecce vs AC Milan,Lecce,31507,Riccardo Sottil,F,27,6.7,,0.0,,,12,11.0,91.7,,,,,0,0,1.0,3.0
Lecce vs AC Milan,Lecce,28744,Þórir Jóhann Helgason,M,9,6.5,,0.0,,,5,4.0,80.0,,,,,0,0,,
Lecce vs AC Milan,Lecce,8643,Konan N'Dri,F,9,6.3,,0.0,1.0,,5,4.0,80.0,,,,,0,0,,5.0
Lecce vs AC Milan,AC Milan,22221,Mike Maignan,G,90,7.5,,0.0,,,35,27.0,77.1,,,,,0,0,,
Lecce vs AC Milan,AC Milan,19209,Fikayo Tomori,D,90,7.3,,0.0,,,62,57.0,91.9,2.0,1.0,2.0,1.0,0,0,4.0,8.0
Lecce vs AC Milan,AC Milan,56473,Matteo Gabbia,D,90,7,,0.0,,,43,39.0,90.7,,,1.0,1.0,0,0,3.0,6.0
Lecce vs AC Milan,AC Milan,45826,Strahinja Pavlović,D,90,7.2,,0.0,,,82,69.0,84.1,2.0,2.0,,,0,0,3.0,5.0
Lecce vs AC Milan,AC Milan,162106,Yunus Musah,M,90,7,,0.0,,,40,34.0,85.0,1.0,,2.0,2.0,0,0,5.0,10.0
Lecce vs AC Milan,AC Milan,754,Luka Modrić,M,90,7.5,,1.0,,,59,54.0,91.5,1.0,1.0,,1.0,0,0,2.0,7.0
Lecce vs AC Milan,AC Milan,22254,Youssouf Fofana,M,90,7,,0.0,2.0,1.0,39,33.0,84.6,3.0,,,,0,0,4.0,4.0
Lecce vs AC Milan,AC Milan,46731,Pervis Estupiñán,M,90,7,,0.0,1.0,,39,34.0,87.2,2.0,3.0,1.0,2.0,0,0,5.0,8.0
Lecce vs AC Milan,AC Milan,2292,Ruben Loftus-Cheek,F,76,7.5,1.0,0.0,3.0,2.0,22,20.0,90.9,,,1.0,,0,0,2.0,7.0
Lecce vs AC Milan,AC Milan,1417,Alexis Saelemaekers,F,77,7.7,,0.0,,,38,31.0,81.6,6.0,1.0,,1.0,0,0,9.0,13.0
Lecce vs AC Milan,AC Milan,94562,Santiago Giménez,F,87,6.2,,0.0,2.0,1.0,12,10.0,83.3,,,1.0,1.0,0,0,2.0,9.0
Lecce vs AC Milan,AC Milan,31056,Samuele Ricci,M,14,6.9,,0.0,1.0,1.0,3,2.0,66.7,,,,,0,0,,
Lecce vs AC Milan,AC Milan,17,Christian Pulišić,M,13,8,1.0,0.0,1.0,1.0,7,6.0,85.7,1.0,1.0,,1.0,0,0,3.0,4.0
Lecce vs AC Milan,AC Milan,336928,Cheveyo Mul-Balentien,F,8,6.3,,0.0,1.0,,1,,,,,,,0,0,,1.0
Bologna vs Como,Bologna,2998,Łukasz Skorupski,G,90,6.9,,0.0,,,34,24.0,70.6,,,,,0,0,,
Bologna vs Como,Bologna,128461,Nadir Zortea,D,90,6.9,,0.0,,,18,9.0,50.0,1.0,2.0,,1.0,0,0,4.0,12.0
Bologna vs Como,Bologna,287564,Martin Vitík,D,45,6.7,,0.0,,,19,14.0,73.7,,1.0,1.0,,1,0,2.0,3.0
Bologna vs Como,Bologna,39254,Torbjørn Heggem,D,90,7.2,,0.0,1.0,,31,28.0,90.3,2.0,1.0,3.0,,0,0,5.0,9.0
Bologna vs Como,Bologna,30553,Charalampos Lykogiannis,D,82,7.2,,0.0,,,19,9.0,47.4,1.0,,,,0,0,2.0,5.0
Bologna vs Como,Bologna,2807,Remo Freuler,M,90,7.5,,0.0,,,23,15.0,65.2,5.0,,,3.0,0,0,10.0,12.0
Bologna vs Como,Bologna,1322,Nikola Moro,M,65,7.2,,0.0,,,32,25.0,78.1,2.0,1.0,,1.0,0,0,3.0,4.0
Bologna vs Como,Bologna,30488,Riccardo Orsolini,M,90,8.5,1.0,0.0,2.0,2.0,17,12.0,70.6,3.0,,,3.0,0,0,6.0,8.0
Bologna vs Como,Bologna,322630,Giovanni Fabbian,M,65,7,,0.0,2.0,,7,7.0,100.0,1.0,1.0,,1.0,0,0,5.0,7.0
Bologna vs Como,Bologna,30438,Nicolò Cambiaghi,M,90,7,,0.0,,,6,4.0,66.7,1.0,1.0,2.0,4.0,1,0,5.0,10.0
Bologna vs Como,Bologna,311067,Santiago Castro,F,73,6.7,,1.0,1.0,,9,4.0,44.4,,,3.0,3.0,0,0,4.0,13.0
Bologna vs Como,Bologna,1929,Jhon Lucumí,D,45,7,,0.0,,,13,9.0,69.2,,1.0,1.0,,1,0,1.0,4.0
Bologna vs Como,Bologna,31273,Tommaso Pobega,M,25,6.3,,0.0,,,4,4.0,100.0,,1.0,1.0,,1,0,1.0,4.0
Bologna vs Como,Bologna,30542,Jens Odgaard,F,25,6.6,,0.0,,,3,1.0,33.3,,,1.0,2.0,0,0,3.0,6.0
Bologna vs Como,Bologna,93016,Thijs Dallinga,F,17,6.3,,0.0,2.0,,5,3.0,60.0,,,1.0,,0,0,2.0,4.0
Bologna vs Como,Bologna,134,Juan Miranda,D,8,6.6,,0.0,,,2,1.0,50.0,,,,,0,0,,
Bologna vs Como,Como,8574,Jean Butez,G,90,6.9,,0.0,,,45,37.0,82.2,,,,,0,0,1.0,1.0
Bologna vs Como,Como,129119,Ignace Van der Brempt,D,27,7,,0.0,,,13,12.0,92.3,1.0,1.0,1.0,1.0,0,0,2.0,3.0
Bologna vs Como,Como,386305,Jacobo Ramón,D,90,6.6,,0.0,1.0,1.0,56,51.0,91.1,2.0,1.0,3.0,,1,0,7.0,14.0
Bologna vs Como,Como,26301,Marc-Oliver Kempf,D,90,6.9,,0.0,1.0,1.0,63,58.0,92.1,1.0,,,1.0,0,0,5.0,8.0
Bologna vs Como,Como,336560,Álex Valle,D,90,6.6,,0.0,,,35,29.0,82.9,5.0,1.0,6.0,,0,0,6.0,13.0
Bologna vs Como,Como,288699,Máximo Perrone,M,45,6.3,,0.0,,,24,22.0,91.7,2.0,,3.0,,1,0,2.0,5.0
Bologna vs Como,Como,162266,Lucas Da Cunha,M,81,6.7,,0.0,,,49,41.0,83.7,1.0,1.0,,,0,0,3.0,4.0
Bologna vs Como,Como,8586,Mërgim Vojvoda,M,57,7,,0.0,1.0,,17,11.0,64.7,,,,,1,0,1.0,2.0
Bologna vs Como,Como,350037,Nico Paz,M,90,6.7,,0.0,1.0,,37,27.0,73.0,,,4.0,3.0,0,0,7.0,17.0
Bologna vs Como,Como,443162,Jesús Rodriguez,M,90,6.3,,0.0,2.0,,23,15.0,65.2,2.0,,,1.0,0,0,4.0,10.0
Bologna vs Como,Como,26845,Anastasios Douvikas,F,57,6.2,,0.0,,,10,9.0,90.0,,,1.0,1.0,0,0,1.0,8.0
Bologna vs Como,Como,14266,Ivan Smolčić,D,63,6.6,,0.0,,,29,21.0,72.4,2.0,3.0,1.0,1.0,1,0,3.0,6.0
Bologna vs Como,Como,137,Sergi Roberto,M,45,6.7,,0.0,1.0,,35,31.0,88.6,,,,2.0,0,0,3.0,5.0
Bologna vs Como,Como,59,Álvaro Morata,F,33,6.7,,0.0,,,10,6.0,60.0,,,,3.0,0,0,3.0,3.0
Bologna vs Como,Como,38753,Nicolas-Gerrit Kühn,F,33,6.5,,0.0,,,9,6.0,66.7,,,,,0,0,,1.0
Bologna vs Como,Como,295026,Martin Baturina,M,9,6.3,,0.0,,,4,3.0,75.0,,,,,0,0,,1.0
Parma vs Atalanta,Parma,199578,Zion Suzuki,G,90,6.9,,0.0,,,45,23.0,51.1,,,,,0,0,,
Parma vs Atalanta,Parma,30420,Enrico Del Prato,D,90,6.7,,0.0,1.0,1.0,20,15.0,75.0,2.0,1.0,2.0,1.0,0,0,5.0,10.0
Parma vs Atalanta,Parma,348568,Alessandro Circati,D,90,7.5,,0.0,,,43,37.0,86.0,1.0,3.0,1.0,,0,0,3.0,5.0
Parma vs Atalanta,Parma,6221,Lautaro Valenti,D,90,6.5,,0.0,1.0,,38,33.0,86.8,1.0,1.0,1.0,2.0,1,0,3.0,8.0
Parma vs Atalanta,Parma,323369,Mathias Fjørtoft Løvik,M,90,6.2,,0.0,,,26,22.0,84.6,1.0,,1.0,,0,0,2.0,9.0
Parma vs Atalanta,Parma,628,Adrián Bernabé,M,89,7.2,,0.0,1.0,1.0,50,42.0,84.0,2.0,,,2.0,0,0,5.0,8.0
Parma vs Atalanta,Parma,308836,Mandela Keita,M,81,6.2,,0.0,,,29,24.0,82.8,,2.0,,1.0,0,0,3.0,8.0
Parma vs Atalanta,Parma,91358,Emanuele Valeri,M,90,6.7,,0.0,1.0,,24,19.0,79.2,1.0,1.0,,,0,0,1.0,5.0
Parma vs Atalanta,Parma,48193,Pontus Almqvist,F,56,6.3,,0.0,,,11,9.0,81.8,,,,,0,0,1.0,9.0
Parma vs Atalanta,Parma,161569,Oliver Sørensen,F,81,6.3,,0.0,,,26,20.0,76.9,2.0,,,1.0,0,0,3.0,10.0
Parma vs Atalanta,Parma,292172,Mateo Pellegrino,F,90,6.3,,0.0,1.0,,16,10.0,62.5,,,1.0,3.0,0,0,8.0,18.0
Parma vs Atalanta,Parma,161859,Gaetano Oristanio,M,34,6.6,,0.0,,,7,6.0,85.7,,,2.0,4.0,1,0,5.0,7.0
Parma vs Atalanta,Parma,362752,Christian Ordoñez,M,9,6.3,,0.0,,,3,2.0,66.7,,,,,0,0,1.0,2.0
Parma vs Atalanta,Parma,1649,Patrick Cutrone,F,9,7,1.0,0.0,1.0,1.0,5,5.0,100.0,,,,,0,0,,
Parma vs Atalanta,Atalanta,30417,Marco Carnesecchi,G,90,7.2,,0.0,,,36,26.0,72.2,,,,,0,0,,
Parma vs Atalanta,Atalanta,289761,Giorgio Scalvini,D,88,6.2,,0.0,,,58,49.0,84.5,5.0,3.0,4.0,,0,0,6.0,15.0
Parma vs Atalanta,Atalanta,137976,Isak Hien,D,90,6.7,,0.0,,,46,41.0,89.1,2.0,2.0,3.0,1.0,1,0,5.0,12.0
Parma vs Atalanta,Atalanta,30421,Berat Djimsiti,D,90,6.9,,0.0,,,38,29.0,76.3,,,,,0,0,7.0,9.0
Parma vs Atalanta,Atalanta,91422,Raoul Bellanova,M,90,7,,0.0,,,26,23.0,88.5,2.0,,,1.0,0,0,4.0,5.0
Parma vs Atalanta,Atalanta,30432,Marten de Roon,M,90,7.5,,0.0,1.0,,61,54.0,88.5,7.0,,1.0,,1,0,7.0,10.0
Parma vs Atalanta,Atalanta,2763,Mario Pašalić,M,90,8.3,1.0,0.0,3.0,2.0,49,40.0,81.6,2.0,,2.0,,0,0,8.0,11.0
Parma vs Atalanta,Atalanta,203474,Nicola Zalewski,M,65,7.2,,0.0,,,16,8.0,50.0,1.0,,,1.0,0,0,8.0,9.0
Parma vs Atalanta,Atalanta,147859,Charles De Ketelaere,F,90,7,,0.0,,,41,29.0,70.7,1.0,,2.0,,0,0,4.0,9.0
Parma vs Atalanta,Atalanta,134926,Daniel Maldini,F,64,6.5,,0.0,,,14,9.0,64.3,,,1.0,1.0,0,0,2.0,4.0
Parma vs Atalanta,Atalanta,30544,Gianluca Scamacca,F,64,6.2,,0.0,1.0,,21,17.0,81.0,,1.0,1.0,,0,0,,4.0
Parma vs Atalanta,Atalanta,66817,Nikola Krstović,F,26,7,,1.0,2.0,1.0,10,7.0,70.0,1.0,,,1.0,0,0,3.0,4.0
Parma vs Atalanta,Atalanta,199837,Kamaldeen Sulemana,F,26,6.9,,0.0,,,2,1.0,50.0,2.0,,,1.0,0,0,4.0,6.0
Parma vs Atalanta,Atalanta,2286,Davide Zappacosta,M,25,6.3,,0.0,,,1,,,,1.0,,1.0,0,0,1.0,1.0
Parma vs Atalanta,Atalanta,1639,Marco Brescianini,M,2,,,0.0,,,1,1.0,100.0,,,1.0,,0,0,,1.0
Napoli vs Cagliari,Napoli,312,Alex Meret,G,90,6.9,,0.0,,,22,22.0,100.0,,,,,0,0,,
Napoli vs Cagliari,Napoli,31042,Giovanni Di Lorenzo,D,90,6.6,,0.0,,,67,56.0,83.6,,1.0,,,0,0,,3.0
Napoli vs Cagliari,Napoli,1314,Amir Rrahmani,D,90,7.7,,0.0,,,121,114.0,94.2,1.0,2.0,2.0,1.0,0,0,6.0,12.0
Napoli vs Cagliari,Napoli,774,Juan Jesus,D,68,7,,0.0,,,83,83.0,100.0,1.0,1.0,3.0,,1,0,3.0,7.0
Napoli vs Cagliari,Napoli,862,Leonardo Spinazzola,D,81,6.9,,0.0,1.0,1.0,37,33.0,89.2,,1.0,2.0,1.0,0,0,2.0,8.0
Napoli vs Cagliari,Napoli,47439,Stanislav Lobotka,M,90,7.5,,0.0,,,62,59.0,95.2,,1.0,,4.0,0,0,4.0,5.0
Napoli vs Cagliari,Napoli,219,Matteo Politano,M,90,7.9,,0.0,3.0,,37,30.0,81.1,1.0,,,2.0,0,0,5.0,6.0
Napoli vs Cagliari,Napoli,3406,Frank Anguissa,M,90,7.6,1.0,0.0,3.0,2.0,46,39.0,84.8,1.0,1.0,2.0,1.0,0,0,5.0,13.0
Napoli vs Cagliari,Napoli,629,Kevin De Bruyne,M,81,7.2,,0.0,1.0,,53,46.0,86.8,,,2.0,,1,0,,6.0
Napoli vs Cagliari,Napoli,903,Scott McTominay,M,90,5.9,,0.0,4.0,2.0,26,21.0,80.8,,,2.0,2.0,0,0,3.0,9.0
Napoli vs Cagliari,Napoli,199089,Lorenzo Lucca,F,75,6.2,,0.0,1.0,1.0,16,12.0,75.0,,,3.0,1.0,0,0,3.0,8.0
Napoli vs Cagliari,Napoli,31226,Alessandro Buongiorno,D,22,7,,1.0,1.0,,27,26.0,96.3,,,,,0,0,,1.0
Napoli vs Cagliari,Napoli,341912,Giuseppe Ambrosino,F,15,6.7,,0.0,,,2,,,,,,,0,0,1.0,2.0
Napoli vs Cagliari,Napoli,47254,Mathías Olivera,D,9,6.6,,0.0,,,6,6.0,100.0,,,,,0,0,,
Napoli vs Cagliari,Napoli,544,Noa Lang,F,9,6.7,,0.0,,,10,7.0,70.0,,,,,0,0,,
Napoli vs Cagliari,Cagliari,30731,Elia Caprile,G,90,7.3,,0.0,,,35,18.0,51.4,,,,1.0,0,0,2.0,2.0
Napoli vs Cagliari,Cagliari,200,Gabriele Zappa,D,58,6.6,,0.0,,,26,20.0,76.9,1.0,,2.0,1.0,1,0,2.0,4.0
Napoli vs Cagliari,Cagliari,2484,Yerry Mina,D,90,7.2,,0.0,,,34,30.0,88.2,,,,1.0,0,0,5.0,7.0
Napoli vs Cagliari,Cagliari,319,Sebastiano Luperto,D,90,6.6,,0.0,,,30,26.0,86.7,,1.0,,2.0,0,0,2.0,3.0
Napoli vs Cagliari,Cagliari,383018,Marco Palestra,M,83,7.3,,0.0,,,16,13.0,81.2,,,,3.0,0,0,4.0,4.0
Napoli vs Cagliari,Cagliari,30505,Michel Adopo,M,90,6.6,,0.0,,,25,23.0,92.0,3.0,,,,0,0,4.0,7.0
Napoli vs Cagliari,Cagliari,309388,Matteo Prati,M,65,6.9,,0.0,2.0,,29,26.0,89.7,3.0,1.0,1.0,1.0,0,0,5.0,6.0
Napoli vs Cagliari,Cagliari,30561,Alessandro Deiola,M,90,6.6,,0.0,,,39,34.0,87.2,2.0,1.0,2.0,,0,0,2.0,4.0
Napoli vs Cagliari,Cagliari,321744,Adam Obert,M,90,7.3,,0.0,1.0,,25,22.0,88.0,2.0,1.0,2.0,,0,0,3.0,6.0
Napoli vs Cagliari,Cagliari,215,Sebastiano Esposito,F,66,6.7,,0.0,1.0,,15,10.0,66.7,1.0,,2.0,1.0,0,0,5.0,10.0
Napoli vs Cagliari,Cagliari,56851,Michael Folorunsho,F,83,6.6,,0.0,2.0,,17,15.0,88.2,3.0,,1.0,1.0,0,0,6.0,11.0
Napoli vs Cagliari,Cagliari,140831,Zito Luvumbo,F,32,6.9,,0.0,2.0,1.0,4,3.0,75.0,,,,1.0,0,0,1.0,2.0
Napoli vs Cagliari,Cagliari,325,Gianluca Gaetano,M,25,6.2,,0.0,1.0,,10,7.0,70.0,,,1.0,,0,0,,3.0
Napoli vs Cagliari,Cagliari,31499,Gennaro Borrelli,F,24,6.9,,0.0,,,3,3.0,100.0,1.0,,1.0,3.0,0,0,6.0,9.0
Napoli vs Cagliari,Cagliari,383026,Riyad Idrissi,D,14,6.2,,0.0,,,1,1.0,100.0,,,,1.0,0,0,1.0,2.0
Napoli vs Cagliari,Cagliari,56287,Alessandro Di Pardo,D,14,6.2,,0.0,,,1,1.0,100.0,,,,,0,0,,
Pisa vs AS Roma,Pisa,30733,Adrian Šemper,G,90,6.6,,0.0,,,33,17.0,51.5,,,,1.0,0,0,1.0,1.0
Pisa vs AS Roma,Pisa,91503,Simone Canestrelli,D,90,7.2,,0.0,,,21,16.0,76.2,1.0,,,1.0,0,0,4.0,5.0
Pisa vs AS Roma,Pisa,31604,Antonio Caracciolo,D,90,6.7,,0.0,,,26,20.0,76.9,2.0,4.0,2.0,1.0,0,0,8.0,18.0
Pisa vs AS Roma,Pisa,435548,Mateus Lusuardi,D,64,7,,0.0,,,21,15.0,71.4,,,1.0,,0,0,4.0,7.0
Pisa vs AS Roma,Pisa,56293,Idrissa Touré,M,90,7.5,,0.0,,,19,16.0,84.2,1.0,1.0,1.0,2.0,0,0,5.0,12.0
Pisa vs AS Roma,Pisa,30723,Marius Marin,M,83,6.7,,0.0,,,20,8.0,40.0,5.0,1.0,2.0,3.0,1,0,9.0,16.0
Pisa vs AS Roma,Pisa,951,Michel Aebischer,M,90,7,,0.0,2.0,,43,35.0,81.4,6.0,3.0,1.0,,0,0,7.0,11.0
Pisa vs AS Roma,Pisa,20959,Matteo Tramoni,M,64,6.3,,0.0,,,9,6.0,66.7,1.0,,1.0,,0,0,1.0,4.0
Pisa vs AS Roma,Pisa,302069,Samuele Angori,M,82,6.2,,0.0,,,13,6.0,46.2,1.0,1.0,,,0,0,1.0,5.0
Pisa vs AS Roma,Pisa,31560,Stefano Moreo,F,65,6.5,,0.0,,,11,7.0,63.6,,,,1.0,0,0,2.0,6.0
Pisa vs AS Roma,Pisa,331678,Henrik Wendel Meister,F,90,6,,0.0,2.0,1.0,16,7.0,43.8,,,3.0,,1,0,4.0,12.0
Pisa vs AS Roma,Pisa,30469,Arturo Calabresi,D,26,6.6,,0.0,,,10,7.0,70.0,1.0,,1.0,,0,0,1.0,5.0
Pisa vs AS Roma,Pisa,866,Juan Cuadrado,M,26,6.6,,0.0,1.0,1.0,8,6.0,75.0,3.0,1.0,1.0,,0,0,4.0,8.0
Pisa vs AS Roma,Pisa,31318,M'Bala Nzola,F,25,6.2,,0.0,,,9,6.0,66.7,,,1.0,,0,0,1.0,5.0
Pisa vs AS Roma,Pisa,30753,Mehdi Léris,M,8,6.6,,0.0,,,3,3.0,100.0,,,,,0,0,,
Pisa vs AS Roma,Pisa,36910,Calvin Stengs,M,13,6.3,,0.0,2.0,1.0,4,3.0,75.0,1.0,,,,0,0,1.0,4.0
Pisa vs AS Roma,AS Roma,556,Mile Svilar,G,90,7.2,,0.0,,,36,24.0,66.7,,,,,0,0,,
Pisa vs AS Roma,AS Roma,2669,Mario Hermoso,D,82,7,,0.0,,,59,50.0,84.7,1.0,1.0,,,0,0,3.0,4.0
Pisa vs AS Roma,AS Roma,30425,Gianluca Mancini,D,90,7.3,,0.0,,,43,37.0,86.0,2.0,1.0,,2.0,0,0,8.0,11.0
Pisa vs AS Roma,AS Roma,1807,Evan Ndicka,D,90,7.3,,0.0,1.0,,61,54.0,88.5,,1.0,,1.0,0,0,8.0,9.0
Pisa vs AS Roma,AS Roma,349001,Wesley,M,90,6.6,,0.0,,,56,52.0,92.9,1.0,,1.0,2.0,0,0,3.0,7.0
Pisa vs AS Roma,AS Roma,778,Bryan Cristante,M,90,7.2,,0.0,,,86,72.0,83.7,4.0,,,,0,0,5.0,8.0
Pisa vs AS Roma,AS Roma,22147,Manu Koné,M,90,7.2,,0.0,,,54,48.0,88.9,2.0,1.0,3.0,2.0,0,0,9.0,18.0
Pisa vs AS Roma,AS Roma,227,Angeliño,M,89,6.9,,0.0,1.0,1.0,57,45.0,78.9,1.0,1.0,1.0,,0,0,2.0,7.0
Pisa vs AS Roma,AS Roma,323936,Matías Soulé,F,89,8.7,1.0,0.0,4.0,3.0,44,37.0,84.1,,1.0,1.0,3.0,0,0,11.0,17.0
Pisa vs AS Roma,AS Roma,129643,Evan Ferguson,F,73,5.9,,1.0,,,22,18.0,81.8,2.0,,2.0,,1,0,4.0,16.0
Pisa vs AS Roma,AS Roma,791,Stephan El Shaarawy,F,45,6.7,,0.0,,,21,15.0,71.4,1.0,,1.0,1.0,0,0,3.0,5.0
Pisa vs AS Roma,AS Roma,875,Paulo Dybala,F,45,7.3,,0.0,,,26,24.0,92.3,1.0,,,2.0,0,0,5.0,9.0
Pisa vs AS Roma,AS Roma,15811,Artem Dovbyk,F,17,6.3,,0.0,1.0,1.0,9,6.0,66.7,1.0,,1.0,1.0,0,0,4.0,6.0
Pisa vs AS Roma,AS Roma,22222,Zeki Çelik,D,8,6.9,,0.0,,,3,2.0,66.7,,,,,0,0,1.0,1.0
Genoa vs Juventus,Genoa,31631,Nicola Leali,G,90,7,,0.0,,,21,12.0,57.1,,,,,0,0,,
Genoa vs Juventus,Genoa,284570,Brooke Norton-Cuffy,D,90,6.9,,0.0,,,42,38.0,90.5,2.0,,3.0,,0,0,4.0,7.0
Genoa vs Juventus,Genoa,18967,Leo Østigård,D,90,6.9,,0.0,,,61,47.0,77.0,1.0,,3.0,,1,0,8.0,13.0
Genoa vs Juventus,Genoa,35544,Johan Vásquez,D,90,6.7,,0.0,1.0,,41,31.0,75.6,3.0,1.0,,1.0,0,0,5.0,10.0
Genoa vs Juventus,Genoa,25914,Aarón Martín,D,90,7,,0.0,,,35,27.0,77.1,3.0,1.0,1.0,3.0,0,0,7.0,9.0
Genoa vs Juventus,Genoa,281096,Patrizio Masini,M,90,7.3,,0.0,1.0,,32,24.0,75.0,4.0,1.0,,3.0,0,0,9.0,15.0
Genoa vs Juventus,Genoa,15881,Morten Frendrup,M,78,6.7,,0.0,,,25,18.0,72.0,4.0,,1.0,,0,0,4.0,7.0
Genoa vs Juventus,Genoa,89520,Mikael Ellertsson,M,77,6.9,,0.0,1.0,1.0,14,11.0,78.6,,,2.0,3.0,0,0,3.0,7.0
Genoa vs Juventus,Genoa,341646,Valentín Carboni,M,65,6.3,,0.0,,,19,16.0,84.2,2.0,,2.0,1.0,0,0,3.0,15.0
Genoa vs Juventus,Genoa,44439,Nicolae Stanciu,M,65,6.6,,0.0,,,18,14.0,77.8,,1.0,,2.0,0,0,2.0,4.0
Genoa vs Juventus,Genoa,263481,Lorenzo Colombo,F,78,6.2,,0.0,2.0,,13,7.0,53.8,1.0,,2.0,,0,0,7.0,17.0
Genoa vs Juventus,Genoa,1938,Ruslan Malinovskyi,M,25,6.7,,0.0,1.0,,13,11.0,84.6,,,,1.0,0,0,3.0,4.0
Genoa vs Juventus,Genoa,36980,Morten Thorsby,M,25,6.2,,0.0,,,6,4.0,66.7,,1.0,,,0,0,1.0,3.0
Genoa vs Juventus,Genoa,281408,Vitinha,F,13,6.5,,0.0,,,4,1.0,25.0,1.0,,,,0,0,2.0,6.0
Genoa vs Juventus,Genoa,451504,Jeff Ekhator,F,12,6.3,,0.0,,,4,2.0,50.0,,,,,0,0,,
Genoa vs Juventus,Genoa,3430,Caleb Ekuban,F,12,6.7,,0.0,1.0,,2,1.0,50.0,,1.0,,1.0,0,0,2.0,2.0
Genoa vs Juventus,Juventus,30670,Michele Di Gregorio,G,90,7.5,,0.0,,,44,34.0,77.3,,,,1.0,0,0,2.0,2.0
Genoa vs Juventus,Juventus,268341,Federico Gatti,D,90,7,,0.0,1.0,1.0,53,44.0,83.0,1.0,3.0,1.0,1.0,0,0,4.0,6.0
Genoa vs Juventus,Juventus,30497,Bremer,D,90,6.9,,0.0,,,49,38.0,77.6,,,,1.0,0,0,2.0,5.0
Genoa vs Juventus,Juventus,19263,Lloyd Kelly,D,90,7.2,,0.0,1.0,,59,52.0,88.1,3.0,,1.0,1.0,0,0,8.0,14.0
Genoa vs Juventus,Juventus,162188,Pierre Kalulu,M,90,6.2,,0.0,,,40,31.0,77.5,1.0,1.0,2.0,,0,0,2.0,7.0
Genoa vs Juventus,Juventus,30533,Manuel Locatelli,M,62,7.3,,0.0,,,44,34.0,77.3,4.0,,,1.0,0,0,6.0,8.0
Genoa vs Juventus,Juventus,116,Khéphren Thuram,M,90,7,,0.0,1.0,,41,36.0,87.8,6.0,1.0,2.0,,0,0,7.0,12.0
Genoa vs Juventus,Juventus,41734,João Mário,M,62,7.2,,0.0,,,24,19.0,79.2,3.0,,2.0,1.0,1,0,5.0,8.0
Genoa vs Juventus,Juventus,161585,Francisco Conceição,F,83,6.3,,0.0,,,25,22.0,88.0,3.0,,3.0,1.0,0,0,4.0,15.0
Genoa vs Juventus,Juventus,339883,Kenan Yıldız,F,89,6.6,,0.0,1.0,1.0,21,13.0,61.9,1.0,1.0,1.0,3.0,0,0,6.0,13.0
Genoa vs Juventus,Juventus,8489,Jonathan David,F,62,6.3,,0.0,1.0,,13,12.0,92.3,,,1.0,1.0,0,0,1.0,6.0
Genoa vs Juventus,Juventus,1821,Filip Kostić,M,28,6.9,,1.0,1.0,,3,3.0,100.0,3.0,,,,0,0,3.0,6.0
Genoa vs Juventus,Juventus,36899,Teun Koopmeiners,M,28,6.3,,0.0,,,16,12.0,75.0,1.0,,1.0,,1,0,1.0,4.0
Genoa vs Juventus,Juventus,30415,Dušan Vlahović,F,28,7.7,1.0,0.0,1.0,1.0,10,4.0,40.0,,,1.0,1.0,0,0,6.0,11.0
Genoa vs Juventus,Juventus,26315,Nicolás González,F,14,6.6,,0.0,,,4,1.0,25.0,,,,1.0,0,0,2.0,2.0
Torino vs Fiorentina,Torino,56266,Franco Israel,G,90,7.9,,0.0,,,34,21.0,61.8,,,,,0,0,,
Torino vs Fiorentina,Torino,39362,Marcus Pedersen,D,90,6.9,,0.0,,,19,11.0,57.9,1.0,,1.0,,0,0,2.0,5.0
Torino vs Fiorentina,Torino,122468,Saúl Coco,D,90,7.2,,0.0,,,10,9.0,90.0,1.0,1.0,2.0,1.0,0,0,3.0,7.0
Torino vs Fiorentina,Torino,2553,Guillermo Maripán,D,90,6.6,,0.0,2.0,,33,30.0,90.9,,2.0,4.0,,0,0,4.0,12.0
Torino vs Fiorentina,Torino,30396,Cristiano Biraghi,D,76,6.9,,0.0,,,21,18.0,85.7,,,1.0,1.0,0,0,1.0,3.0
Torino vs Fiorentina,Torino,270507,Cesare Casadei,M,90,6.9,,0.0,2.0,2.0,35,24.0,68.6,,1.0,3.0,,0,0,10.0,18.0
Torino vs Fiorentina,Torino,275776,Kristjan Asllani,M,81,7.3,,0.0,,,29,24.0,82.8,2.0,1.0,,1.0,0,0,3.0,6.0
Torino vs Fiorentina,Torino,46170,Ivan Ilić,M,76,7.3,,0.0,,,28,23.0,82.1,3.0,1.0,1.0,,0,0,4.0,6.0
Torino vs Fiorentina,Torino,85,Cyril Ngonge,F,81,6.5,,0.0,1.0,1.0,15,10.0,66.7,,,3.0,2.0,0,0,4.0,9.0
Torino vs Fiorentina,Torino,30414,Giovanni Simeone,F,62,7.2,,0.0,1.0,1.0,10,8.0,80.0,,,3.0,4.0,0,0,6.0,10.0
Torino vs Fiorentina,Torino,842,Nikola Vlašić,F,90,6.5,,0.0,,,30,26.0,86.7,,,1.0,1.0,1,0,1.0,6.0
Torino vs Fiorentina,Torino,19524,Che Adams,F,28,6.7,,0.0,,,6,5.0,83.3,,,1.0,1.0,0,0,3.0,4.0
Torino vs Fiorentina,Torino,343189,Gvidas Gineitis,M,14,6.3,,0.0,,,5,3.0,60.0,,,,1.0,0,0,1.0,1.0
Torino vs Fiorentina,Torino,25353,Valentino Lazaro,D,14,6.7,,0.0,,,9,8.0,88.9,,,1.0,,1,0,,1.0
Torino vs Fiorentina,Torino,22174,Adrien Tameze,M,9,6.6,,0.0,,,4,3.0,75.0,,,,,0,0,,
Torino vs Fiorentina,Torino,243,Zakaria Aboukhlal,F,9,6.5,,0.0,,,4,2.0,50.0,,,,1.0,0,0,1.0,3.0
Torino vs Fiorentina,Fiorentina,882,David De Gea,G,90,8.2,,0.0,,,21,17.0,81.0,,,,,0,0,1.0,1.0
Torino vs Fiorentina,Fiorentina,396637,Pietro Comuzzo,D,45,6.9,,0.0,1.0,,19,17.0,89.5,1.0,1.0,,,0,0,1.0,2.0
Torino vs Fiorentina,Fiorentina,1084,Marin Pongračić,D,90,6.7,,0.0,,,63,56.0,88.9,,4.0,2.0,2.0,1,0,2.0,8.0
Torino vs Fiorentina,Fiorentina,31642,Luca Ranieri,D,90,7.3,,0.0,1.0,,42,34.0,81.0,3.0,2.0,,1.0,0,0,6.0,9.0
Torino vs Fiorentina,Fiorentina,41144,Dodô,M,90,7.7,,0.0,2.0,1.0,19,17.0,89.5,1.0,,2.0,4.0,0,0,6.0,10.0
Torino vs Fiorentina,Fiorentina,30810,Rolando Mandragora,M,66,7.2,,0.0,1.0,1.0,46,40.0,87.0,1.0,,,3.0,0,0,5.0,5.0
Torino vs Fiorentina,Fiorentina,1014,Simon Sohm,M,45,6.6,,0.0,,,32,32.0,100.0,2.0,,3.0,2.0,1,0,4.0,11.0
Torino vs Fiorentina,Fiorentina,30422,Robin Gosens,M,90,7,,0.0,1.0,1.0,30,19.0,63.3,1.0,2.0,2.0,2.0,0,0,6.0,13.0
Torino vs Fiorentina,Fiorentina,2799,Albert Guðmundsson,F,83,6.9,,0.0,,,18,15.0,83.3,,,1.0,1.0,0,0,2.0,3.0
Torino vs Fiorentina,Fiorentina,30440,Roberto Piccoli,F,77,6.3,,0.0,1.0,1.0,8,4.0,50.0,,1.0,1.0,2.0,0,0,5.0,10.0
Torino vs Fiorentina,Fiorentina,877,Moise Kean,F,90,6.2,,0.0,4.0,,11,6.0,54.5,,,,3.0,0,0,5.0,8.0
Torino vs Fiorentina,Fiorentina,448977,Eddy Kouadio,D,45,6.6,,0.0,,,13,10.0,76.9,2.0,,1.0,,0,0,2.0,3.0
Torino vs Fiorentina,Fiorentina,876,Nicolò Fagioli,M,45,6.6,,0.0,1.0,,27,25.0,92.6,,,1.0,,0,0,,3.0
Torino vs Fiorentina,Fiorentina,311083,Cher Ndour,M,24,6.7,,0.0,,,12,10.0,83.3,,,,,0,0,1.0,2.0
Torino vs Fiorentina,Fiorentina,790,Edin Džeko,F,13,6.6,,0.0,,,3,2.0,66.7,,,,,0,0,2.0,3.0
Torino vs Fiorentina,Fiorentina,340700,Jacopo Fazzini,M,12,6.6,,0.0,,,5,3.0,60.0,,,,,0,0,,
Lazio vs Hellas Verona,Lazio,31037,Ivan Provedel,G,90,7.7,,0.0,,,21,21.0,100.0,,,,,0,0,,
Lazio vs Hellas Verona,Lazio,1844,Adam Marušić,D,86,7.3,,0.0,,,76,72.0,94.7,1.0,3.0,,,0,0,1.0,3.0
Lazio vs Hellas Verona,Lazio,162952,Mario Gila Fuentes,D,90,7.9,,0.0,1.0,,90,82.0,91.1,1.0,2.0,1.0,,0,0,6.0,10.0
Lazio vs Hellas Verona,Lazio,350857,Oliver Provstgaard,D,90,7.9,,0.0,,,59,54.0,91.5,,2.0,,1.0,0,0,3.0,4.0
Lazio vs Hellas Verona,Lazio,41577,Nuno Tavares,D,66,7.9,,0.0,,,64,61.0,95.3,1.0,,2.0,2.0,0,0,5.0,9.0
Lazio vs Hellas Verona,Lazio,1454,Mattéo Guendouzi,M,90,7.3,1.0,0.0,2.0,1.0,78,69.0,88.5,3.0,,1.0,,0,0,3.0,6.0
Lazio vs Hellas Verona,Lazio,30784,Nicolò Rovella,M,90,9.3,,1.0,1.0,,116,105.0,90.5,1.0,2.0,1.0,3.0,0,0,6.0,8.0
Lazio vs Hellas Verona,Lazio,144740,Fisayo Dele-Bashiru,M,78,6.2,,0.0,,,45,42.0,93.3,,,1.0,,0,0,1.0,7.0
Lazio vs Hellas Verona,Lazio,286474,Matteo Cancellieri,F,90,6.9,,0.0,1.0,,40,35.0,87.5,1.0,1.0,1.0,4.0,0,0,10.0,16.0
Lazio vs Hellas Verona,Lazio,50856,Valentín Castellanos,F,78,8.6,1.0,2.0,3.0,1.0,24,17.0,70.8,,,,3.0,0,0,6.0,8.0
Lazio vs Hellas Verona,Lazio,30937,Mattia Zaccagni,F,66,8,1.0,0.0,3.0,2.0,34,31.0,91.2,,4.0,,4.0,0,0,6.0,9.0
Lazio vs Hellas Verona,Lazio,30554,Luca Pellegrini,D,24,6.6,,0.0,2.0,1.0,13,13.0,100.0,,,,,0,0,1.0,3.0
Lazio vs Hellas Verona,Lazio,2299,Pedro,F,24,6.9,,0.0,,,18,18.0,100.0,,,,2.0,0,0,3.0,4.0
Lazio vs Hellas Verona,Lazio,333116,Reda Belahyane,M,12,7.9,,1.0,,,10,10.0,100.0,1.0,,,,0,0,1.0,1.0
Lazio vs Hellas Verona,Lazio,22015,Boulaye Dia,F,12,6.9,1.0,0.0,1.0,1.0,10,9.0,90.0,,,1.0,,0,0,,1.0
Lazio vs Hellas Verona,Lazio,317,Elseid Hysaj,D,4,,,0.0,,,4,4.0,100.0,,,,,0,0,,
Lazio vs Hellas Verona,Hellas Verona,30611,Lorenzo Montipò,G,90,5.3,,0.0,,,30,16.0,53.3,,,,,0,0,,
Lazio vs Hellas Verona,Hellas Verona,47277,Unai Núñez,D,90,5.9,,0.0,,,27,21.0,77.8,4.0,1.0,3.0,,0,0,5.0,8.0
Lazio vs Hellas Verona,Hellas Verona,15912,Victor Nelsson,D,90,6,,0.0,,,31,27.0,87.1,1.0,,2.0,,0,0,2.0,8.0
Lazio vs Hellas Verona,Hellas Verona,20656,Enzo Ebosse,D,45,5.3,,0.0,,,22,18.0,81.8,,,2.0,,0,0,,3.0
Lazio vs Hellas Verona,Hellas Verona,527889,Fallou Cham,M,45,6.3,,0.0,1.0,1.0,10,6.0,60.0,4.0,2.0,2.0,2.0,0,0,6.0,10.0
Lazio vs Hellas Verona,Hellas Verona,37437,Abdou Harroui,M,45,6.2,,0.0,1.0,1.0,14,13.0,92.9,1.0,,2.0,1.0,0,0,2.0,4.0
Lazio vs Hellas Verona,Hellas Verona,1090,Antoine Bernede,M,70,6,,0.0,2.0,,22,18.0,81.8,2.0,,1.0,,0,0,2.0,7.0
Lazio vs Hellas Verona,Hellas Verona,418,Suat Serdar,M,90,7.3,,0.0,2.0,,24,19.0,79.2,4.0,2.0,3.0,1.0,0,0,9.0,13.0
Lazio vs Hellas Verona,Hellas Verona,14327,Domagoj Bradarić,M,90,6.7,,0.0,,,29,23.0,79.3,2.0,1.0,,1.0,0,0,4.0,8.0
Lazio vs Hellas Verona,Hellas Verona,312615,Giovane,F,90,6.3,,0.0,2.0,2.0,20,15.0,75.0,,,,,0,0,1.0,7.0
Lazio vs Hellas Verona,Hellas Verona,236955,Amin Sarr,F,78,6.7,,0.0,,,13,11.0,84.6,1.0,,2.0,2.0,0,0,4.0,11.0
Lazio vs Hellas Verona,Hellas Verona,25061,Armel Bella-Kotchap,D,45,6.3,,0.0,1.0,,18,17.0,94.4,,1.0,,,0,0,1.0,1.0
Lazio vs Hellas Verona,Hellas Verona,15909,Martin Frese,D,45,6.3,,0.0,,,19,16.0,84.2,,1.0,1.0,,0,0,,1.0
Lazio vs Hellas Verona,Hellas Verona,42006,Mutassim Al-Musrati,M,45,6.6,,0.0,,,18,15.0,83.3,1.0,1.0,1.0,,0,0,1.0,3.0
Lazio vs Hellas Verona,Hellas Verona,303362,Rafik Belghali,D,20,6.2,,0.0,,,2,,,,,,,0,0,,2.0
Lazio vs Hellas Verona,Hellas Verona,59421,Daniel Mosquera,F,12,6.2,,0.0,,,1,1.0,100.0,,,,,0,0,,3.0
Inter vs Udinese,Inter,2802,Yann Sommer,G,90,7.2,,0.0,,,34,29.0,85.3,,,,,0,0,,
Inter vs Udinese,Inter,24953,Yann Bisseck,D,90,6.7,,0.0,2.0,1.0,58,52.0,89.7,3.0,1.0,4.0,1.0,0,0,8.0,16.0
Inter vs Udinese,Inter,1836,Francesco Acerbi,D,83,6.7,,0.0,,,73,68.0,93.2,1.0,2.0,1.0,,0,0,5.0,7.0
Inter vs Udinese,Inter,31009,Alessandro Bastoni,D,90,7.3,,0.0,1.0,1.0,86,71.0,82.6,2.0,,1.0,,0,0,5.0,8.0
Inter vs Udinese,Inter,226,Denzel Dumfries,M,90,6.7,1.0,0.0,1.0,1.0,25,21.0,84.0,1.0,2.0,2.0,,0,0,2.0,5.0
Inter vs Udinese,Inter,30558,Nicolò Barella,M,83,7.3,,0.0,,,54,45.0,83.3,1.0,,1.0,1.0,0,0,5.0,10.0
Inter vs Udinese,Inter,1640,Hakan Çalhanoğlu,M,68,6,,0.0,1.0,,29,26.0,89.7,,,2.0,1.0,0,0,1.0,5.0
Inter vs Udinese,Inter,348205,Petar Sučić,M,62,6.7,,0.0,,,23,18.0,78.3,1.0,,,1.0,0,0,4.0,8.0
Inter vs Udinese,Inter,31010,Federico Dimarco,M,83,6.9,,0.0,3.0,,28,27.0,96.4,,,2.0,,0,0,,2.0
Inter vs Udinese,Inter,21509,Marcus Thuram,F,90,6.9,,1.0,3.0,1.0,18,12.0,66.7,,,1.0,,0,0,7.0,14.0
Inter vs Udinese,Inter,217,Lautaro Martínez,F,90,6.3,,0.0,1.0,,17,11.0,64.7,3.0,,2.0,,1,0,6.0,9.0
Inter vs Udinese,Inter,1457,Henrikh Mkhitaryan,M,28,7,,0.0,,,24,23.0,95.8,,,,,0,0,,
Inter vs Udinese,Inter,345808,Francesco Pio Esposito,F,22,6.2,,0.0,,,4,3.0,75.0,,,1.0,1.0,0,0,1.0,5.0
Inter vs Udinese,Inter,10238,Carlos Augusto,D,13,6.9,,0.0,1.0,,8,6.0,75.0,,,,,0,0,3.0,4.0
Inter vs Udinese,Inter,329,Piotr Zieliński,M,13,6.7,,0.0,1.0,,10,8.0,80.0,,,,,0,0,,1.0
Inter vs Udinese,Inter,275651,Ange-Yoan Bonny,F,13,7,,0.0,,,6,6.0,100.0,,,,,0,0,1.0,1.0
Inter vs Udinese,Udinese,197830,Răzvan Sava,G,90,6.9,,0.0,,,32,17.0,53.1,,,,,1,0,,
Inter vs Udinese,Udinese,315249,Nicolò Bertola,D,45,6.9,,0.0,,,16,12.0,75.0,,,,,1,0,2.0,3.0
Inter vs Udinese,Udinese,281495,Thomas Kristensen,D,90,7.5,,0.0,,,26,22.0,84.6,,,,1.0,0,0,11.0,18.0
Inter vs Udinese,Udinese,656,Oumar Solet,D,90,7.9,,0.0,,,34,29.0,85.3,2.0,2.0,1.0,3.0,0,0,8.0,11.0
Inter vs Udinese,Udinese,36916,Kingsley Ehizibue,M,80,6.9,,0.0,,,9,8.0,88.9,1.0,1.0,,1.0,0,0,2.0,4.0
Inter vs Udinese,Udinese,1939,Jakub Piotrowski,M,70,6.3,,0.0,1.0,1.0,15,12.0,80.0,1.0,,,,0,0,1.0,4.0
Inter vs Udinese,Udinese,48047,Jesper Karlström,M,90,6.6,,0.0,,,26,19.0,73.1,2.0,,,,0,0,2.0,3.0
Inter vs Udinese,Udinese,347644,Arthur Atta,M,90,8.3,1.0,0.0,2.0,2.0,16,14.0,87.5,1.0,,,4.0,0,0,7.0,14.0
Inter vs Udinese,Udinese,19824,Jordan Zemura,M,90,6.9,,0.0,1.0,,21,15.0,71.4,,,,1.0,0,0,1.0,3.0
Inter vs Udinese,Udinese,1134,Vakoun Issouf Bayo,F,63,5.9,,0.0,1.0,,21,13.0,61.9,,,2.0,,0,0,1.0,7.0
Inter vs Udinese,Udinese,19185,Keinan Davis,F,70,7.9,1.0,1.0,3.0,2.0,13,11.0,84.6,,,,4.0,0,0,8.0,13.0
Inter vs Udinese,Udinese,318053,Saba Goglichidze,D,45,6.9,,0.0,,,5,2.0,40.0,,,,,0,0,,3.0
Inter vs Udinese,Udinese,40594,Adam Buksa,F,27,6.6,,0.0,,,4,1.0,25.0,1.0,,1.0,,0,0,4.0,8.0
Inter vs Udinese,Udinese,541,Jürgen Ekkelenkamp,M,20,6.5,,0.0,1.0,,3,,,,1.0,,,0,0,,1.0
Inter vs Udinese,Udinese,182560,Oier Zarraga,M,20,6.7,,0.0,,,4,4.0,100.0,,,1.0,,1,0,,1.0
Inter vs Udinese,Udinese,142442,Rui Modesto,M,10,6.7,,0.0,,,0,,,,,,,0,0,,2.0
Cagliari vs Parma,Cagliari,30731,Elia Caprile,G,90,7.9,,0.0,,,34,17.0,50.0,,,,1.0,0,0,3.0,4.0
Cagliari vs Parma,Cagliari,200,Gabriele Zappa,D,55,6.9,,0.0,,,30,26.0,86.7,1.0,,2.0,,1,0,4.0,8.0
Cagliari vs Parma,Cagliari,2484,Yerry Mina,D,90,7.7,1.0,0.0,1.0,1.0,50,48.0,96.0,,1.0,1.0,1.0,0,0,3.0,5.0
Cagliari vs Parma,Cagliari,319,Sebastiano Luperto,D,90,7.2,,0.0,,,39,36.0,92.3,1.0,,,2.0,0,0,3.0,4.0
Cagliari vs Parma,Cagliari,321744,Adam Obert,D,90,7.6,,0.0,,,50,43.0,86.0,,4.0,3.0,,0,0,3.0,7.0
Cagliari vs Parma,Cagliari,30505,Michel Adopo,M,90,6.7,,0.0,1.0,1.0,35,30.0,85.7,1.0,1.0,2.0,,0,0,4.0,10.0
Cagliari vs Parma,Cagliari,309388,Matteo Prati,M,90,7,,0.0,,,33,30.0,90.9,1.0,,,,0,0,1.0,2.0
Cagliari vs Parma,Cagliari,56851,Michael Folorunsho,M,88,6.5,,0.0,2.0,,23,14.0,60.9,2.0,,1.0,4.0,0,0,6.0,15.0
Cagliari vs Parma,Cagliari,325,Gianluca Gaetano,M,54,6.5,,0.0,1.0,,27,20.0,74.1,,,1.0,2.0,0,0,4.0,11.0
Cagliari vs Parma,Cagliari,215,Sebastiano Esposito,M,74,7.2,,0.0,,,35,27.0,77.1,3.0,2.0,1.0,3.0,1,0,8.0,11.0
Cagliari vs Parma,Cagliari,30509,Andrea Belotti,F,74,5.9,,0.0,2.0,2.0,10,8.0,80.0,,1.0,1.0,2.0,0,0,3.0,13.0
Cagliari vs Parma,Cagliari,30561,Alessandro Deiola,M,36,6.7,,0.0,,,7,5.0,71.4,1.0,1.0,1.0,1.0,1,0,2.0,5.0
Cagliari vs Parma,Cagliari,383018,Marco Palestra,M,35,6.6,,0.0,,,10,7.0,70.0,1.0,,,,0,0,2.0,4.0
Cagliari vs Parma,Cagliari,31734,Mattia Felici,F,16,7.3,1.0,0.0,1.0,1.0,5,2.0,40.0,1.0,,,1.0,0,0,3.0,4.0
Cagliari vs Parma,Cagliari,31499,Gennaro Borrelli,F,16,7,,0.0,,,6,4.0,66.7,2.0,,2.0,,0,0,4.0,7.0
Cagliari vs Parma,Cagliari,41964,Zé Pedro,D,10,6.6,,0.0,,,2,2.0,100.0,,,,,0,0,,1.0
Cagliari vs Parma,Parma,199578,Zion Suzuki,G,90,6.9,,0.0,,,23,17.0,73.9,,,,,0,0,,
Cagliari vs Parma,Parma,30420,Enrico Del Prato,D,90,6.7,,0.0,,,51,46.0,90.2,3.0,,1.0,,0,0,4.0,7.0
Cagliari vs Parma,Parma,348568,Alessandro Circati,D,90,6.7,,0.0,,,57,48.0,84.2,1.0,,4.0,2.0,0,0,6.0,11.0
Cagliari vs Parma,Parma,203483,Abdoulaye Ndiaye,D,90,6.7,,0.0,2.0,,50,41.0,82.0,2.0,2.0,,1.0,0,0,9.0,12.0
Cagliari vs Parma,Parma,323369,Mathias Fjørtoft Løvik,M,62,6.7,,0.0,,,17,14.0,82.4,2.0,1.0,1.0,1.0,0,0,4.0,9.0
Cagliari vs Parma,Parma,362752,Christian Ordoñez,M,45,6.2,,0.0,,,14,11.0,78.6,,1.0,3.0,,1,0,1.0,6.0
Cagliari vs Parma,Parma,628,Adrián Bernabé,M,80,7.6,,0.0,1.0,,50,44.0,88.0,3.0,1.0,,4.0,0,0,10.0,12.0
Cagliari vs Parma,Parma,161569,Oliver Sørensen,M,85,6.2,,0.0,,,25,21.0,84.0,2.0,,2.0,1.0,0,0,4.0,10.0
Cagliari vs Parma,Parma,91358,Emanuele Valeri,M,90,7.2,,0.0,,,29,16.0,55.2,4.0,,1.0,2.0,0,0,6.0,10.0
Cagliari vs Parma,Parma,1649,Patrick Cutrone,F,84,6,,0.0,4.0,3.0,15,12.0,80.0,,,1.0,1.0,0,0,2.0,6.0
Cagliari vs Parma,Parma,292172,Mateo Pellegrino,F,90,6,,0.0,2.0,2.0,10,4.0,40.0,1.0,,2.0,,0,0,2.0,10.0
Cagliari vs Parma,Parma,161859,Gaetano Oristanio,M,45,7.2,,0.0,1.0,,10,10.0,100.0,2.0,,,2.0,0,0,5.0,6.0
Cagliari vs Parma,Parma,48193,Pontus Almqvist,F,28,7.2,,0.0,,,10,10.0,100.0,,,1.0,1.0,0,0,3.0,3.0
Cagliari vs Parma,Parma,6409,Nahuel Estévez,M,10,6.6,,0.0,,,6,5.0,83.3,,,1.0,,0,0,1.0,3.0
Cagliari vs Parma,Parma,31692,Milan Đurić,F,13,6.5,,0.0,,,3,2.0,66.7,,,,,0,0,1.0,3.0
Cagliari vs Parma,Parma,308836,Mandela Keita,M,13,6.5,,0.0,,,5,2.0,40.0,,,1.0,,0,0,,3.0
Juventus vs Inter,Juventus,30670,Michele Di Gregorio,G,90,6.2,,0.0,,,22,15.0,68.2,,,,,0,0,,
Juventus vs Inter,Juventus,268341,Federico Gatti,D,79,6.3,,0.0,,,31,28.0,90.3,,,2.0,2.0,0,0,3.0,7.0
Juventus vs Inter,Juventus,30497,Bremer,D,90,6.9,,2.0,,,40,32.0,80.0,,,1.0,,0,0,2.0,4.0
Juventus vs Inter,Juventus,19263,Lloyd Kelly,D,90,6.9,1.0,0.0,1.0,1.0,51,42.0,82.4,2.0,1.0,2.0,1.0,0,0,3.0,6.0
Juventus vs Inter,Juventus,162188,Pierre Kalulu,M,90,6.7,,0.0,,,30,26.0,86.7,3.0,,,1.0,0,0,5.0,8.0
Juventus vs Inter,Juventus,36899,Teun Koopmeiners,M,73,6,,0.0,1.0,,21,15.0,71.4,1.0,1.0,3.0,,1,0,2.0,9.0
Juventus vs Inter,Juventus,30533,Manuel Locatelli,M,74,7.5,,0.0,,,37,30.0,81.1,6.0,2.0,1.0,,1,0,7.0,10.0
Juventus vs Inter,Juventus,116,Khéphren Thuram,M,90,7.6,1.0,0.0,1.0,1.0,42,36.0,85.7,1.0,,,1.0,0,0,4.0,6.0
Juventus vs Inter,Juventus,415,Weston McKennie,M,79,6.7,,0.0,,,22,19.0,86.4,3.0,,2.0,,0,0,4.0,10.0
Juventus vs Inter,Juventus,339883,Kenan Yıldız,F,90,8.5,1.0,1.0,1.0,1.0,31,27.0,87.1,,1.0,,1.0,0,0,2.0,4.0
Juventus vs Inter,Juventus,30415,Dušan Vlahović,F,73,6.7,,0.0,1.0,,5,4.0,80.0,,,2.0,2.0,0,0,3.0,7.0
Juventus vs Inter,Juventus,339872,Vasilije Adžić,M,17,7.7,1.0,0.0,1.0,1.0,7,7.0,100.0,,,1.0,,0,0,1.0,4.0
Juventus vs Inter,Juventus,86,Loïs Openda,F,17,6.7,,0.0,,,4,3.0,75.0,,,,2.0,0,0,3.0,5.0
Juventus vs Inter,Juventus,125674,Juan Cabal,D,16,6.2,,0.0,1.0,,4,3.0,75.0,1.0,1.0,,,0,0,1.0,2.0
Juventus vs Inter,Juventus,41734,João Mário,D,11,6.7,,0.0,,,5,5.0,100.0,,,,,0,0,,1.0
Juventus vs Inter,Juventus,8489,Jonathan David,F,11,6.7,,1.0,,,5,4.0,80.0,,,,,0,0,,1.0
Juventus vs Inter,Inter,2802,Yann Sommer,G,90,5.3,,0.0,,,17,14.0,82.4,,,,,0,0,,
Juventus vs Inter,Inter,5,Manuel Akanji,D,90,6.2,,0.0,,,88,79.0,89.8,,1.0,,2.0,0,0,5.0,6.0
Juventus vs Inter,Inter,1836,Francesco Acerbi,D,90,6.6,,0.0,,,64,63.0,98.4,,4.0,2.0,1.0,1,0,5.0,7.0
Juventus vs Inter,Inter,31009,Alessandro Bastoni,D,90,5.9,,0.0,2.0,,77,71.0,92.2,,,2.0,,0,0,2.0,5.0
Juventus vs Inter,Inter,226,Denzel Dumfries,M,77,6.6,,0.0,,,15,12.0,80.0,1.0,,,2.0,0,0,6.0,9.0
Juventus vs Inter,Inter,30558,Nicolò Barella,M,64,6.3,,0.0,1.0,,36,32.0,88.9,2.0,,1.0,,0,0,2.0,7.0
Juventus vs Inter,Inter,1640,Hakan Çalhanoğlu,M,81,9.6,2.0,0.0,5.0,3.0,80,77.0,96.2,1.0,,1.0,1.0,0,0,3.0,5.0
Juventus vs Inter,Inter,1457,Henrikh Mkhitaryan,M,90,6.9,,0.0,1.0,,50,46.0,92.0,3.0,1.0,2.0,2.0,1,0,7.0,13.0
Juventus vs Inter,Inter,10238,Carlos Augusto,M,64,6.7,,1.0,,,21,15.0,71.4,,,,1.0,0,0,3.0,5.0
Juventus vs Inter,Inter,21509,Marcus Thuram,F,90,7.2,1.0,0.0,3.0,1.0,20,16.0,80.0,,,,1.0,0,0,4.0,8.0
Juventus vs Inter,Inter,217,Lautaro Martínez,F,64,6.3,,0.0,,,10,9.0,90.0,,,2.0,3.0,0,0,4.0,10.0
Juventus vs Inter,Inter,31010,Federico Dimarco,D,26,6.3,,1.0,,,9,4.0,44.4,,,,,0,0,,
Juventus vs Inter,Inter,329,Piotr Zieliński,M,26,6.3,,1.0,,,5,4.0,80.0,,,,,0,0,,
Juventus vs Inter,Inter,275651,Ange-Yoan Bonny,F,26,6.3,,0.0,,,5,5.0,100.0,2.0,,,1.0,0,0,3.0,7.0
Juventus vs Inter,Inter,887,Matteo Darmian,D,13,5.9,,0.0,,,1,1.0,100.0,,,,,0,0,,1.0
Juventus vs Inter,Inter,348205,Petar Sučić,M,9,6.2,,0.0,,,5,4.0,80.0,,,,,0,0,,1.0
Fiorentina vs Napoli,Fiorentina,882,David De Gea,G,90,7.3,,0.0,,,35,27.0,77.1,,,,,0,0,,
Fiorentina vs Napoli,Fiorentina,396637,Pietro Comuzzo,D,87,5.7,,0.0,,,42,36.0,85.7,2.0,1.0,2.0,,0,0,4.0,9.0
Fiorentina vs Napoli,Fiorentina,1084,Marin Pongračić,D,89,5.7,,0.0,,,50,42.0,84.0,,2.0,5.0,1.0,0,0,4.0,12.0
Fiorentina vs Napoli,Fiorentina,31642,Luca Ranieri,D,90,6.9,1.0,0.0,1.0,1.0,59,47.0,79.7,1.0,,,,0,0,2.0,7.0
Fiorentina vs Napoli,Fiorentina,41144,Dodô,M,90,7,,0.0,1.0,,36,31.0,86.1,1.0,1.0,,,0,0,4.0,6.0
Fiorentina vs Napoli,Fiorentina,30810,Rolando Mandragora,M,90,6.2,,0.0,2.0,1.0,40,30.0,75.0,,1.0,1.0,1.0,0,0,2.0,5.0
Fiorentina vs Napoli,Fiorentina,876,Nicolò Fagioli,M,65,6.5,,0.0,,,38,33.0,86.8,,,,1.0,0,0,1.0,1.0
Fiorentina vs Napoli,Fiorentina,1014,Simon Sohm,M,65,6.9,,0.0,,,33,29.0,87.9,2.0,,1.0,2.0,0,0,7.0,15.0
Fiorentina vs Napoli,Fiorentina,30422,Robin Gosens,M,90,7.6,,0.0,1.0,,45,33.0,73.3,3.0,,1.0,1.0,0,0,6.0,9.0
Fiorentina vs Napoli,Fiorentina,877,Moise Kean,F,90,6.6,,0.0,4.0,,6,5.0,83.3,1.0,,2.0,5.0,0,0,9.0,17.0
Fiorentina vs Napoli,Fiorentina,790,Edin Džeko,F,45,6.9,,0.0,,,18,15.0,83.3,1.0,,1.0,,0,0,3.0,4.0
Fiorentina vs Napoli,Fiorentina,30440,Roberto Piccoli,F,45,6.9,,0.0,2.0,1.0,11,7.0,63.6,,,,1.0,0,0,6.0,10.0
Fiorentina vs Napoli,Fiorentina,881,Hans Nicolussi Caviglia,M,25,7.2,,0.0,,,23,22.0,95.7,1.0,,1.0,,0,0,1.0,4.0
Fiorentina vs Napoli,Fiorentina,340700,Jacopo Fazzini,M,25,6.9,,0.0,,,12,10.0,83.3,,1.0,,1.0,0,0,1.0,3.0
Fiorentina vs Napoli,Fiorentina,138815,Tariq Lamptey,D,10,6.9,,0.0,,,7,5.0,71.4,1.0,,,,0,0,1.0,2.0
Fiorentina vs Napoli,Napoli,31156,Vanja Milinković-Savić,G,90,6.6,,0.0,,,31,16.0,51.6,,,,1.0,0,0,2.0,2.0
Fiorentina vs Napoli,Napoli,31042,Giovanni Di Lorenzo,D,90,7.5,,0.0,1.0,1.0,46,36.0,78.3,3.0,1.0,1.0,1.0,0,0,7.0,9.0
Fiorentina vs Napoli,Napoli,37604,Sam Beukema,D,90,7.3,1.0,0.0,1.0,1.0,37,34.0,91.9,1.0,,1.0,,0,0,3.0,8.0
Fiorentina vs Napoli,Napoli,31226,Alessandro Buongiorno,D,90,7,,0.0,,,39,37.0,94.9,3.0,2.0,4.0,,0,0,6.0,14.0
Fiorentina vs Napoli,Napoli,862,Leonardo Spinazzola,D,69,7.5,,1.0,,,32,22.0,68.8,1.0,,,,0,0,1.0,2.0
Fiorentina vs Napoli,Napoli,47439,Stanislav Lobotka,M,89,6.9,,0.0,,,55,51.0,92.7,1.0,,2.0,,0,0,1.0,3.0
Fiorentina vs Napoli,Napoli,219,Matteo Politano,M,69,6.9,,0.0,2.0,1.0,20,18.0,90.0,1.0,,1.0,,0,0,2.0,3.0
Fiorentina vs Napoli,Napoli,3406,Frank Anguissa,M,90,8,,1.0,1.0,,49,41.0,83.7,1.0,,1.0,2.0,0,0,10.0,22.0
Fiorentina vs Napoli,Napoli,629,Kevin De Bruyne,M,69,7.7,1.0,0.0,2.0,2.0,33,29.0,87.9,,1.0,1.0,,0,0,2.0,7.0
Fiorentina vs Napoli,Napoli,903,Scott McTominay,M,90,6.9,,0.0,1.0,1.0,29,24.0,82.8,1.0,2.0,1.0,5.0,0,0,9.0,16.0
Fiorentina vs Napoli,Napoli,288006,Rasmus Højlund,F,73,8.2,1.0,0.0,2.0,2.0,17,14.0,82.4,,,1.0,4.0,0,0,7.0,9.0
Fiorentina vs Napoli,Napoli,47254,Mathías Olivera,D,21,6.5,,0.0,,,12,9.0,75.0,,,,,0,0,1.0,1.0
Fiorentina vs Napoli,Napoli,1358,Eljif Elmas,M,21,6.2,,0.0,1.0,1.0,3,2.0,66.7,,,,,0,0,,1.0
Fiorentina vs Napoli,Napoli,552,David Neres,F,21,6.9,,0.0,,,12,11.0,91.7,2.0,,,,0,0,2.0,4.0
Fiorentina vs Napoli,Napoli,199089,Lorenzo Lucca,F,17,6.3,,0.0,,,4,2.0,50.0,,,1.0,,0,0,,3.0
AS Roma vs Torino,AS Roma,556,Mile Svilar,G,90,7.2,,0.0,,,25,23.0,92.0,,,,,0,0,,1.0
AS Roma vs Torino,AS Roma,2669,Mario Hermoso,D,79,6.9,,0.0,1.0,1.0,52,47.0,90.4,1.0,,1.0,,0,0,3.0,4.0
AS Roma vs Torino,AS Roma,30425,Gianluca Mancini,D,90,6.3,,0.0,3.0,2.0,66,58.0,87.9,1.0,1.0,2.0,1.0,0,0,4.0,12.0
AS Roma vs Torino,AS Roma,1807,Evan Ndicka,D,90,6.9,,0.0,,,77,72.0,93.5,,3.0,2.0,1.0,0,0,8.0,14.0
AS Roma vs Torino,AS Roma,349001,Wesley,M,90,7,,0.0,,,41,38.0,92.7,2.0,,2.0,3.0,1,0,8.0,19.0
AS Roma vs Torino,AS Roma,22147,Manu Koné,M,90,6.9,,0.0,,,61,59.0,96.7,1.0,2.0,2.0,3.0,0,0,5.0,12.0
AS Roma vs Torino,AS Roma,778,Bryan Cristante,M,65,6.6,,0.0,2.0,,51,41.0,80.4,1.0,,,,0,0,3.0,7.0
AS Roma vs Torino,AS Roma,227,Angeliño,M,79,6.6,,0.0,,,42,35.0,83.3,3.0,,1.0,,1,0,4.0,8.0
AS Roma vs Torino,AS Roma,277003,Neil El Aynaoui,F,45,6.3,,0.0,,,17,17.0,100.0,,1.0,,,0,0,,1.0
AS Roma vs Torino,AS Roma,323936,Matías Soulé,F,90,7.7,,0.0,4.0,,48,43.0,89.6,,,,3.0,0,0,3.0,3.0
AS Roma vs Torino,AS Roma,875,Paulo Dybala,F,45,6.3,,0.0,,,26,21.0,80.8,,,,2.0,0,0,3.0,7.0
AS Roma vs Torino,AS Roma,288769,Tommaso Baldanzi,M,45,6.7,,0.0,1.0,,17,14.0,82.4,,,,2.0,0,0,2.0,6.0
AS Roma vs Torino,AS Roma,129643,Evan Ferguson,F,45,6.2,,0.0,2.0,,6,5.0,83.3,1.0,,1.0,1.0,0,0,4.0,8.0
AS Roma vs Torino,AS Roma,356888,Niccolò Pisilli,M,25,6.9,,0.0,1.0,1.0,31,30.0,96.8,,,,,0,0,,2.0
AS Roma vs Torino,AS Roma,22222,Zeki Çelik,D,11,6.9,,0.0,,,19,18.0,94.7,,,,,0,0,,1.0
AS Roma vs Torino,AS Roma,791,Stephan El Shaarawy,F,11,6.9,,0.0,1.0,1.0,11,9.0,81.8,2.0,,,1.0,0,0,4.0,4.0
AS Roma vs Torino,Torino,56266,Franco Israel,G,90,7.9,,0.0,,,39,13.0,33.3,,,,1.0,0,0,1.0,1.0
AS Roma vs Torino,Torino,122468,Saúl Coco,D,90,7,,0.0,,,20,18.0,90.0,3.0,,1.0,1.0,0,0,4.0,6.0
AS Roma vs Torino,Torino,2553,Guillermo Maripán,D,90,7.6,,0.0,1.0,1.0,22,19.0,86.4,1.0,2.0,1.0,,0,0,8.0,11.0
AS Roma vs Torino,Torino,14329,Ardian Ismajli,D,90,7.2,,0.0,,,17,16.0,94.1,1.0,,1.0,3.0,1,0,5.0,6.0
AS Roma vs Torino,Torino,25353,Valentino Lazaro,M,90,6.6,,0.0,,,21,17.0,81.0,,,2.0,,0,0,,4.0
AS Roma vs Torino,Torino,270507,Cesare Casadei,M,64,6.2,,0.0,1.0,,12,7.0,58.3,3.0,,3.0,1.0,0,0,7.0,18.0
AS Roma vs Torino,Torino,275776,Kristjan Asllani,M,80,7.5,,0.0,,,23,20.0,87.0,2.0,2.0,1.0,1.0,1,0,3.0,5.0
AS Roma vs Torino,Torino,30396,Cristiano Biraghi,M,90,7,,0.0,,,14,10.0,71.4,4.0,1.0,3.0,,0,0,6.0,12.0
AS Roma vs Torino,Torino,85,Cyril Ngonge,F,65,6.6,,1.0,,,14,8.0,57.1,1.0,,1.0,1.0,0,0,4.0,7.0
AS Roma vs Torino,Torino,30414,Giovanni Simeone,F,64,7.7,1.0,0.0,3.0,1.0,13,10.0,76.9,2.0,,,1.0,0,0,5.0,9.0
AS Roma vs Torino,Torino,842,Nikola Vlašić,F,84,6.9,,0.0,1.0,1.0,14,11.0,78.6,1.0,,,1.0,0,0,3.0,7.0
AS Roma vs Torino,Torino,46170,Ivan Ilić,M,26,6.2,,0.0,,,4,3.0,75.0,,,1.0,,0,0,,4.0
AS Roma vs Torino,Torino,19524,Che Adams,F,26,6.6,,0.0,,,5,2.0,40.0,3.0,,,,0,0,4.0,6.0
AS Roma vs Torino,Torino,243,Zakaria Aboukhlal,F,25,6.9,,0.0,1.0,1.0,2,1.0,50.0,2.0,,2.0,1.0,1,0,5.0,9.0
AS Roma vs Torino,Torino,22174,Adrien Tameze,M,10,6.6,,0.0,,,2,,,,,,,0,0,2.0,2.0
AS Roma vs Torino,Torino,138777,Faustino Anjorin,M,15,6.7,,0.0,,,1,,,,,1.0,,0,0,1.0,2.0
Atalanta vs Lecce,Atalanta,30417,Marco Carnesecchi,G,90,6.7,,0.0,,,22,17.0,77.3,,,,,0,0,,
Atalanta vs Lecce,Atalanta,48119,Odilon Kossounou,D,90,6.3,,0.0,,,51,47.0,92.2,2.0,1.0,2.0,,0,0,3.0,7.0
Atalanta vs Lecce,Atalanta,137976,Isak Hien,D,90,6.6,,0.0,1.0,,44,40.0,90.9,1.0,2.0,2.0,,0,0,7.0,13.0
Atalanta vs Lecce,Atalanta,289761,Giorgio Scalvini,D,90,7.6,1.0,0.0,1.0,1.0,70,59.0,84.3,,3.0,1.0,,0,0,4.0,8.0
Atalanta vs Lecce,Atalanta,91422,Raoul Bellanova,M,90,6.9,,0.0,1.0,1.0,35,32.0,91.4,,,1.0,,0,0,2.0,4.0
Atalanta vs Lecce,Atalanta,30432,Marten de Roon,M,76,7.2,,0.0,1.0,1.0,35,26.0,74.3,2.0,,1.0,1.0,0,0,4.0,6.0
Atalanta vs Lecce,Atalanta,2763,Mario Pašalić,M,59,7.5,,0.0,1.0,1.0,39,34.0,87.2,1.0,,,1.0,0,0,2.0,6.0
Atalanta vs Lecce,Atalanta,203474,Nicola Zalewski,M,85,7.7,1.0,1.0,2.0,1.0,20,16.0,80.0,1.0,,1.0,1.0,0,0,2.0,7.0
Atalanta vs Lecce,Atalanta,147859,Charles De Ketelaere,F,75,10,2.0,0.0,2.0,2.0,39,32.0,82.1,2.0,,,4.0,0,0,11.0,11.0
Atalanta vs Lecce,Atalanta,199837,Kamaldeen Sulemana,F,75,6.9,,0.0,,,25,21.0,84.0,1.0,,1.0,,0,0,2.0,8.0
Atalanta vs Lecce,Atalanta,66817,Nikola Krstović,F,90,6.7,,2.0,6.0,1.0,20,17.0,85.0,,,1.0,,0,0,2.0,6.0
Atalanta vs Lecce,Atalanta,1639,Marco Brescianini,M,31,6.2,,0.0,,,17,14.0,82.4,1.0,,1.0,,0,0,1.0,4.0
Atalanta vs Lecce,Atalanta,178749,Lazar Samardžić,M,15,6.6,,0.0,1.0,,13,13.0,100.0,1.0,,,,0,0,1.0,1.0
Atalanta vs Lecce,Atalanta,134926,Daniel Maldini,F,15,6.9,,0.0,,,10,8.0,80.0,1.0,,,,0,0,3.0,5.0
Atalanta vs Lecce,Atalanta,162106,Yunus Musah,M,14,6.6,,0.0,,,15,13.0,86.7,,,1.0,,0,0,2.0,4.0
Atalanta vs Lecce,Atalanta,264857,Lorenzo Bernasconi,D,8,6.9,,0.0,,,1,1.0,100.0,1.0,,,,0,0,1.0,1.0
Atalanta vs Lecce,Lecce,56459,Wladimiro Falcone,G,90,6.5,,0.0,,,32,10.0,31.2,,,,,0,0,,
Atalanta vs Lecce,Lecce,482309,Christ-Owen Kouassi,D,71,6.3,,0.0,,,27,22.0,81.5,4.0,,,1.0,0,0,6.0,7.0
Atalanta vs Lecce,Lecce,291589,Kialonda Gaspar,D,90,6.5,,0.0,,,25,21.0,84.0,1.0,1.0,,2.0,0,0,5.0,8.0
Atalanta vs Lecce,Lecce,203219,Jamil Siebert,D,79,5.2,,0.0,,,38,37.0,97.4,,1.0,2.0,,0,0,,3.0
Atalanta vs Lecce,Lecce,31543,Antonino Gallo,D,90,5.3,,0.0,,,40,31.0,77.5,,1.0,,,0,0,,4.0
Atalanta vs Lecce,Lecce,1748,Lassana Coulibaly,M,90,6.5,,0.0,,,37,29.0,78.4,2.0,,1.0,1.0,0,0,5.0,11.0
Atalanta vs Lecce,Lecce,15673,Ylber Ramadani,M,90,6.6,,0.0,1.0,,45,42.0,93.3,1.0,,1.0,1.0,0,0,3.0,4.0
Atalanta vs Lecce,Lecce,181218,Alex Sala,M,60,6.3,,0.0,,,19,17.0,89.5,1.0,3.0,2.0,,0,0,1.0,7.0
Atalanta vs Lecce,Lecce,47182,Tete Morente,F,90,6.7,,0.0,1.0,1.0,36,30.0,83.3,,1.0,1.0,2.0,0,0,5.0,11.0
Atalanta vs Lecce,Lecce,264122,Nikola Štulić,F,71,6.3,,0.0,1.0,,18,12.0,66.7,,,,1.0,0,0,6.0,11.0
Atalanta vs Lecce,Lecce,31507,Riccardo Sottil,F,59,6.5,,0.0,1.0,,12,10.0,83.3,,,,2.0,0,0,2.0,6.0
Atalanta vs Lecce,Lecce,6662,Santiago Pierotti,F,31,6.3,,0.0,,,11,8.0,72.7,1.0,,,,0,0,3.0,5.0
Atalanta vs Lecce,Lecce,8643,Konan N'Dri,F,30,7.9,1.0,0.0,2.0,2.0,8,8.0,100.0,1.0,,,1.0,0,0,2.0,3.0
Atalanta vs Lecce,Lecce,161702,Danilo Veiga,D,19,6.7,,1.0,,,4,3.0,75.0,1.0,1.0,,,0,0,2.0,3.0
Atalanta vs Lecce,Lecce,436260,Francesco Camarda,F,19,6.6,,0.0,,,3,2.0,66.7,,,,1.0,0,0,3.0,5.0
Atalanta vs Lecce,Lecce,455316,Tiago Gabriel,D,11,6.6,,0.0,1.0,,2,2.0,100.0,1.0,1.0,,,0,0,1.0,3.0
Pisa vs Udinese,Pisa,30733,Adrian Šemper,G,90,6.5,,0.0,,,26,19.0,73.1,,,,,0,0,,1.0
Pisa vs Udinese,Pisa,91503,Simone Canestrelli,D,90,6.9,,0.0,,,47,35.0,74.5,,,,,0,0,3.0,6.0
Pisa vs Udinese,Pisa,31604,Antonio Caracciolo,D,90,6.9,,0.0,1.0,,50,47.0,94.0,2.0,1.0,3.0,3.0,1,0,6.0,11.0
Pisa vs Udinese,Pisa,435548,Mateus Lusuardi,D,45,6.9,,0.0,1.0,,19,16.0,84.2,1.0,,,,0,0,4.0,5.0
Pisa vs Udinese,Pisa,56293,Idrissa Touré,M,90,7.2,,0.0,,,23,16.0,69.6,,1.0,1.0,2.0,0,0,8.0,16.0
Pisa vs Udinese,Pisa,408635,Ebenezer Akinsanmiro,M,90,7.3,,0.0,1.0,1.0,46,44.0,95.7,2.0,,2.0,,0,0,5.0,10.0
Pisa vs Udinese,Pisa,951,Michel Aebischer,M,86,6.9,,0.0,,,49,43.0,87.8,3.0,,2.0,2.0,0,0,5.0,6.0
Pisa vs Udinese,Pisa,302069,Samuele Angori,M,45,6.9,,0.0,,,10,9.0,90.0,1.0,,,,0,0,2.0,2.0
Pisa vs Udinese,Pisa,31560,Stefano Moreo,F,45,6.5,,0.0,1.0,,10,7.0,70.0,,,,,0,0,4.0,7.0
Pisa vs Udinese,Pisa,20959,Matteo Tramoni,F,86,6.3,,0.0,2.0,1.0,25,19.0,76.0,1.0,1.0,1.0,1.0,0,0,3.0,8.0
Pisa vs Udinese,Pisa,331678,Henrik Wendel Meister,F,90,7,,0.0,1.0,,4,1.0,25.0,,,,3.0,0,0,5.0,5.0
Pisa vs Udinese,Pisa,341838,Giovanni Bonfanti,D,45,6.7,,0.0,,,28,22.0,78.6,1.0,,2.0,1.0,0,0,3.0,8.0
Pisa vs Udinese,Pisa,30753,Mehdi Léris,M,45,6.9,,0.0,1.0,,21,18.0,85.7,3.0,1.0,2.0,1.0,0,0,6.0,10.0
Pisa vs Udinese,Pisa,31318,M'Bala Nzola,F,45,6.5,,0.0,,,9,8.0,88.9,,,,,0,0,,2.0
Pisa vs Udinese,Pisa,325387,Gabriele Piccinini,M,10,6.7,,0.0,,,4,4.0,100.0,,,,,0,0,,
Pisa vs Udinese,Pisa,36910,Calvin Stengs,M,10,6.9,,0.0,,,11,10.0,90.9,,,,2.0,0,0,3.0,3.0
Pisa vs Udinese,Udinese,197830,Răzvan Sava,G,90,6.3,,0.0,,,35,18.0,51.4,,,,,0,0,,1.0
Pisa vs Udinese,Udinese,315249,Nicolò Bertola,D,75,7.3,,0.0,1.0,1.0,41,31.0,75.6,1.0,1.0,1.0,,0,0,1.0,2.0
Pisa vs Udinese,Udinese,281495,Thomas Kristensen,D,90,6.3,,0.0,,,41,30.0,73.2,1.0,2.0,1.0,1.0,0,0,4.0,7.0
Pisa vs Udinese,Udinese,656,Oumar Solet,D,90,7.3,,0.0,1.0,,55,49.0,89.1,1.0,1.0,1.0,1.0,0,0,5.0,9.0
Pisa vs Udinese,Udinese,36916,Kingsley Ehizibue,M,90,6.3,,0.0,1.0,,22,20.0,90.9,,,3.0,2.0,0,0,2.0,8.0
Pisa vs Udinese,Udinese,1939,Jakub Piotrowski,M,61,6.9,,0.0,,,25,24.0,96.0,3.0,,1.0,2.0,0,0,5.0,9.0
Pisa vs Udinese,Udinese,48047,Jesper Karlström,M,90,6.9,,0.0,,,46,43.0,93.5,1.0,1.0,2.0,2.0,1,0,4.0,9.0
Pisa vs Udinese,Udinese,347644,Arthur Atta,M,90,6.6,,0.0,1.0,1.0,35,27.0,77.1,1.0,,1.0,,0,0,5.0,10.0
Pisa vs Udinese,Udinese,22007,Hassane Kamara,M,75,7,,0.0,,,23,21.0,91.3,2.0,,1.0,,1,0,3.0,7.0
Pisa vs Udinese,Udinese,330599,Iker Bravo,F,61,7.7,1.0,0.0,1.0,1.0,14,10.0,71.4,,,,,0,0,,4.0
Pisa vs Udinese,Udinese,19185,Keinan Davis,F,61,6.7,,0.0,2.0,,11,9.0,81.8,,,2.0,2.0,0,0,6.0,13.0
Pisa vs Udinese,Udinese,182560,Oier Zarraga,M,29,6.7,,0.0,,,6,5.0,83.3,,,1.0,,0,0,,1.0
Pisa vs Udinese,Udinese,786,Nicolò Zaniolo,M,29,6.2,,0.0,,,5,4.0,80.0,,,1.0,,0,0,1.0,6.0
Pisa vs Udinese,Udinese,40594,Adam Buksa,F,29,6.7,,0.0,,,11,6.0,54.5,,,,1.0,0,0,3.0,7.0
Pisa vs Udinese,Udinese,19824,Jordan Zemura,D,15,7,,0.0,,,3,3.0,100.0,3.0,,,,0,0,4.0,7.0
Pisa vs Udinese,Udinese,318053,Saba Goglichidze,D,15,6.6,,0.0,,,2,1.0,50.0,,,,,0,0,,
Sassuolo vs Lazio,Sassuolo,616,Arijanet Murić,G,90,7.6,,0.0,,,29,23.0,79.3,,,,,0,0,,
Sassuolo vs Lazio,Sassuolo,40582,Sebastian Walukiewicz,D,45,7.2,,0.0,,,20,15.0,75.0,2.0,,1.0,,0,0,5.0,7.0
Sassuolo vs Lazio,Sassuolo,37651,Jay Idzes,D,90,6.9,,0.0,,,73,66.0,90.4,1.0,,2.0,,0,0,2.0,6.0
Sassuolo vs Lazio,Sassuolo,271350,Tarik Muharemović,D,90,7.6,,1.0,,,67,59.0,88.1,3.0,2.0,1.0,1.0,1,0,5.0,7.0
Sassuolo vs Lazio,Sassuolo,135526,Josh Doig,D,90,7.3,,0.0,,,29,24.0,82.8,2.0,4.0,2.0,1.0,1,0,5.0,8.0
Sassuolo vs Lazio,Sassuolo,127413,Aster Vranckx,M,64,6.6,,0.0,,,26,21.0,80.8,1.0,,1.0,2.0,1,0,4.0,6.0
Sassuolo vs Lazio,Sassuolo,902,Nemanja Matić,M,90,6.6,,0.0,,,53,43.0,81.1,1.0,,2.0,1.0,1,0,4.0,10.0
Sassuolo vs Lazio,Sassuolo,328046,Ismael Koné,M,90,6.6,,0.0,,,30,26.0,86.7,1.0,1.0,1.0,1.0,0,0,4.0,8.0
Sassuolo vs Lazio,Sassuolo,30537,Domenico Berardi,F,81,7.3,,0.0,1.0,,27,26.0,96.3,1.0,2.0,,2.0,0,0,4.0,5.0
Sassuolo vs Lazio,Sassuolo,31094,Andrea Pinamonti,F,81,6.6,,0.0,4.0,2.0,8,4.0,50.0,,,1.0,,1,0,1.0,4.0
Sassuolo vs Lazio,Sassuolo,2215,Armand Laurienté,F,64,6.9,,0.0,1.0,,18,15.0,83.3,,1.0,,1.0,0,0,1.0,4.0
Sassuolo vs Lazio,Sassuolo,128338,Woyo Coulibaly,D,45,6.9,,0.0,,,14,11.0,78.6,4.0,2.0,1.0,,0,0,4.0,8.0
Sassuolo vs Lazio,Sassuolo,342035,Cristian Volpato,M,26,6.6,,0.0,,,7,6.0,85.7,1.0,,1.0,1.0,1,0,2.0,5.0
Sassuolo vs Lazio,Sassuolo,263699,Alieu Fadera,F,26,7.2,1.0,0.0,1.0,1.0,7,6.0,85.7,3.0,,1.0,,0,0,3.0,6.0
Sassuolo vs Lazio,Sassuolo,39143,Kristian Thorstvedt,M,9,7,,0.0,,,5,5.0,100.0,,,,1.0,0,0,3.0,3.0
Sassuolo vs Lazio,Sassuolo,128478,Walid Cheddira,F,9,6.3,,0.0,1.0,,2,,,,,1.0,,0,0,2.0,4.0
Sassuolo vs Lazio,Lazio,31037,Ivan Provedel,G,90,7,,0.0,,,20,15.0,75.0,,,,,0,0,,
Sassuolo vs Lazio,Lazio,1844,Adam Marušić,D,90,6.5,,0.0,,,60,53.0,88.3,2.0,,1.0,1.0,1,0,4.0,9.0
Sassuolo vs Lazio,Lazio,162952,Mario Gila Fuentes,D,90,7.3,,0.0,2.0,,106,95.0,89.6,,,,1.0,0,0,4.0,6.0
Sassuolo vs Lazio,Lazio,1632,Alessio Romagnoli,D,90,6.7,,0.0,,,59,53.0,89.8,2.0,1.0,,,0,0,5.0,8.0
Sassuolo vs Lazio,Lazio,41577,Nuno Tavares,D,90,6.6,,0.0,1.0,,44,39.0,88.6,1.0,,3.0,3.0,0,0,5.0,12.0
Sassuolo vs Lazio,Lazio,1454,Mattéo Guendouzi,M,80,6.7,,0.0,,,51,46.0,90.2,,1.0,1.0,1.0,0,0,1.0,4.0
Sassuolo vs Lazio,Lazio,30784,Nicolò Rovella,M,41,7.2,,0.0,,,58,56.0,96.6,1.0,,,2.0,1,0,3.0,3.0
Sassuolo vs Lazio,Lazio,144740,Fisayo Dele-Bashiru,M,45,6.5,,0.0,,,24,22.0,91.7,,,,,0,0,,1.0
Sassuolo vs Lazio,Lazio,286474,Matteo Cancellieri,F,60,6.2,,0.0,,,24,19.0,79.2,,2.0,2.0,2.0,0,0,2.0,9.0
Sassuolo vs Lazio,Lazio,50856,Valentín Castellanos,F,60,6.5,,0.0,,,20,14.0,70.0,,,,2.0,0,0,2.0,3.0
Sassuolo vs Lazio,Lazio,30937,Mattia Zaccagni,F,90,6.5,,0.0,2.0,1.0,32,25.0,78.1,3.0,2.0,1.0,2.0,0,0,8.0,19.0
Sassuolo vs Lazio,Lazio,1852,Danilo Cataldi,M,49,6.3,,0.0,2.0,1.0,32,28.0,87.5,,3.0,,,0,0,,1.0
Sassuolo vs Lazio,Lazio,333116,Reda Belahyane,M,45,6.5,,0.0,,,23,18.0,78.3,1.0,,3.0,,1,0,2.0,6.0
Sassuolo vs Lazio,Lazio,2299,Pedro,F,30,6.9,,0.0,1.0,,27,22.0,81.5,2.0,,,1.0,0,0,5.0,6.0
Sassuolo vs Lazio,Lazio,22015,Boulaye Dia,F,30,6.3,,0.0,1.0,1.0,7,6.0,85.7,,,,,0,0,1.0,2.0
Sassuolo vs Lazio,Lazio,135519,Gustav Isaksen,F,10,6.5,,0.0,,,3,3.0,100.0,,,,,0,0,,2.0
AC Milan vs Bologna,AC Milan,22221,Mike Maignan,G,56,6.6,,0.0,,,27,23.0,85.2,,,,,0,0,,
AC Milan vs Bologna,AC Milan,19209,Fikayo Tomori,D,90,7.2,,0.0,,,37,30.0,81.1,2.0,2.0,2.0,,1,0,4.0,7.0
AC Milan vs Bologna,AC Milan,56473,Matteo Gabbia,D,90,6.9,,0.0,,,25,24.0,96.0,,,1.0,1.0,0,0,2.0,4.0
AC Milan vs Bologna,AC Milan,45826,Strahinja Pavlović,D,45,6.9,,0.0,,,25,21.0,84.0,,,1.0,,0,0,2.0,3.0
AC Milan vs Bologna,AC Milan,1417,Alexis Saelemaekers,M,90,7.3,,1.0,,,30,25.0,83.3,2.0,,3.0,3.0,1,0,6.0,12.0
AC Milan vs Bologna,AC Milan,22254,Youssouf Fofana,M,65,6.7,,0.0,,,20,16.0,80.0,,,2.0,,0,0,1.0,3.0
AC Milan vs Bologna,AC Milan,754,Luka Modrić,M,90,8.7,1.0,0.0,1.0,1.0,45,38.0,84.4,4.0,2.0,,3.0,0,0,7.0,9.0
AC Milan vs Bologna,AC Milan,46731,Pervis Estupiñán,M,90,6.7,,0.0,1.0,,37,31.0,83.8,1.0,,2.0,1.0,1,0,4.0,9.0
AC Milan vs Bologna,AC Milan,2292,Ruben Loftus-Cheek,F,65,6.2,,0.0,1.0,,10,9.0,90.0,,,2.0,,0,0,1.0,8.0
AC Milan vs Bologna,AC Milan,272,Adrien Rabiot,F,90,7,,0.0,,,27,23.0,85.2,4.0,,4.0,3.0,0,0,10.0,20.0
AC Milan vs Bologna,AC Milan,94562,Santiago Giménez,F,85,6.5,,0.0,5.0,2.0,8,8.0,100.0,1.0,,,,0,0,2.0,5.0
AC Milan vs Bologna,AC Milan,162141,Koni De Winter,D,45,6.9,,0.0,1.0,,15,11.0,73.3,,,,1.0,0,0,2.0,2.0
AC Milan vs Bologna,AC Milan,30394,Pietro Terracciano,G,34,6.6,,0.0,,,7,7.0,100.0,,,,,0,0,,
AC Milan vs Bologna,AC Milan,31056,Samuele Ricci,M,25,6.9,,0.0,1.0,,10,9.0,90.0,,1.0,,1.0,0,0,2.0,3.0
AC Milan vs Bologna,AC Milan,17,Christian Pulišić,M,25,7.3,,0.0,,,10,9.0,90.0,,,,1.0,0,0,3.0,7.0
AC Milan vs Bologna,AC Milan,269,Christopher Nkunku,F,12,6.5,,0.0,,,3,2.0,66.7,,,,2.0,0,0,2.0,3.0
AC Milan vs Bologna,Bologna,2998,Łukasz Skorupski,G,90,6.6,,0.0,,,58,48.0,82.8,,,,1.0,1,0,1.0,1.0
AC Milan vs Bologna,Bologna,128461,Nadir Zortea,D,90,6.9,,0.0,1.0,,42,34.0,81.0,2.0,,,1.0,0,0,5.0,9.0
AC Milan vs Bologna,Bologna,39254,Torbjørn Heggem,D,90,6.9,,0.0,,,59,54.0,91.5,2.0,2.0,2.0,,0,0,4.0,7.0
AC Milan vs Bologna,Bologna,1929,Jhon Lucumí,D,90,7,,0.0,,,80,69.0,86.2,5.0,1.0,2.0,1.0,0,0,8.0,12.0
AC Milan vs Bologna,Bologna,30553,Charalampos Lykogiannis,D,62,6,,0.0,,,27,21.0,77.8,,,2.0,,0,0,1.0,4.0
AC Milan vs Bologna,Bologna,322630,Giovanni Fabbian,M,63,6.6,,0.0,1.0,,13,12.0,92.3,,,1.0,3.0,0,0,4.0,6.0
AC Milan vs Bologna,Bologna,44814,Lewis Ferguson,M,90,6.9,,0.0,,,102,96.0,94.1,,,3.0,,0,0,3.0,10.0
AC Milan vs Bologna,Bologna,2807,Remo Freuler,M,90,6.5,,0.0,,,52,47.0,90.4,1.0,1.0,1.0,1.0,0,0,2.0,7.0
AC Milan vs Bologna,Bologna,30488,Riccardo Orsolini,F,74,6.7,,0.0,,,11,5.0,45.5,1.0,1.0,,1.0,0,0,4.0,6.0
AC Milan vs Bologna,Bologna,311067,Santiago Castro,F,83,6.3,,0.0,,,10,8.0,80.0,,,,2.0,0,0,3.0,9.0
AC Milan vs Bologna,Bologna,30438,Nicolò Cambiaghi,F,74,6.9,,0.0,,,18,16.0,88.9,,,,7.0,0,0,8.0,11.0
AC Milan vs Bologna,Bologna,134,Juan Miranda,D,28,6.7,,0.0,,,23,19.0,82.6,,,2.0,,1,0,,2.0
AC Milan vs Bologna,Bologna,873,Federico Bernardeschi,F,27,6.3,,0.0,,,17,16.0,94.1,,,,,0,0,,1.0
AC Milan vs Bologna,Bologna,30542,Jens Odgaard,F,16,6.7,,0.0,,,1,1.0,100.0,2.0,,,,0,0,2.0,4.0
AC Milan vs Bologna,Bologna,278095,Jonathan Rowe,F,16,6.3,,0.0,,,7,7.0,100.0,,,1.0,,0,0,1.0,3.0
AC Milan vs Bologna,Bologna,93016,Thijs Dallinga,F,14,6.5,,0.0,,,1,,,,,2.0,,0,0,1.0,3.0
Hellas Verona vs Cremonese,Hellas Verona,30611,Lorenzo Montipò,G,90,7.3,,0.0,,,17,10.0,58.8,,,,,0,0,,
Hellas Verona vs Cremonese,Hellas Verona,47277,Unai Núñez,D,90,7.5,,0.0,,,57,49.0,86.0,,1.0,1.0,,0,0,3.0,9.0
Hellas Verona vs Cremonese,Hellas Verona,15912,Victor Nelsson,D,90,7,,0.0,,,40,38.0,95.0,,3.0,1.0,,0,0,1.0,3.0
Hellas Verona vs Cremonese,Hellas Verona,15909,Martin Frese,D,70,7.2,,0.0,,,36,33.0,91.7,2.0,,2.0,,0,0,3.0,5.0
Hellas Verona vs Cremonese,Hellas Verona,203,Roberto Gagliardini,M,30,6.9,,0.0,,,19,16.0,84.2,,1.0,1.0,1.0,0,0,4.0,5.0
Hellas Verona vs Cremonese,Hellas Verona,303362,Rafik Belghali,M,90,6.3,,0.0,,,22,16.0,72.7,1.0,2.0,2.0,,0,0,1.0,6.0
Hellas Verona vs Cremonese,Hellas Verona,418,Suat Serdar,M,90,7.5,,0.0,,,47,31.0,66.0,3.0,,2.0,,1,0,6.0,11.0
Hellas Verona vs Cremonese,Hellas Verona,1090,Antoine Bernede,M,80,6.9,,0.0,,,43,33.0,76.7,1.0,,,,0,0,3.0,7.0
Hellas Verona vs Cremonese,Hellas Verona,14327,Domagoj Bradarić,M,90,7.3,,0.0,1.0,1.0,42,37.0,88.1,2.0,1.0,,1.0,0,0,6.0,8.0
Hellas Verona vs Cremonese,Hellas Verona,312615,Giovane,F,90,6.3,,0.0,7.0,4.0,21,13.0,61.9,,,1.0,1.0,1,0,7.0,15.0
Hellas Verona vs Cremonese,Hellas Verona,368260,Gift Orban,F,80,6.3,,0.0,5.0,3.0,23,15.0,65.2,,,2.0,,0,0,2.0,5.0
Hellas Verona vs Cremonese,Hellas Verona,31678,Jean-Daniel Akpa Akpro,M,50,6.2,,0.0,1.0,,8,8.0,100.0,1.0,,4.0,,0,0,1.0,7.0
Hellas Verona vs Cremonese,Hellas Verona,25061,Armel Bella-Kotchap,D,20,6.6,,0.0,,,16,15.0,93.8,,1.0,,,0,0,,
Hellas Verona vs Cremonese,Hellas Verona,22239,Cheikh Niasse,M,10,6.9,,0.0,,,9,8.0,88.9,1.0,,,,0,0,2.0,2.0
Hellas Verona vs Cremonese,Hellas Verona,42006,Mutassim Al-Musrati,M,10,6.3,,0.0,,,9,8.0,88.9,,,1.0,,0,0,,2.0
Hellas Verona vs Cremonese,Hellas Verona,236955,Amin Sarr,F,10,6.7,,0.0,1.0,1.0,3,2.0,66.7,,,1.0,,0,0,1.0,3.0
Hellas Verona vs Cremonese,Cremonese,30441,Emil Audero,G,90,8.6,,0.0,,,41,27.0,65.9,,,,1.0,0,0,1.0,1.0
Hellas Verona vs Cremonese,Cremonese,264472,Filippo Terracciano,D,90,7.3,,0.0,,,78,71.0,91.0,,2.0,,3.0,0,0,7.0,7.0
Hellas Verona vs Cremonese,Cremonese,127035,Federico Baschirotto,D,90,7,,0.0,,,63,57.0,90.5,,1.0,,,0,0,1.0,2.0
Hellas Verona vs Cremonese,Cremonese,30919,Matteo Bianchetti,D,90,7.2,,0.0,,,49,38.0,77.6,,,1.0,2.0,0,0,6.0,11.0
Hellas Verona vs Cremonese,Cremonese,31219,Alessio Zerbin,M,86,6.7,,0.0,,,32,24.0,75.0,1.0,,,2.0,0,0,4.0,11.0
Hellas Verona vs Cremonese,Cremonese,126889,Michele Collocolo,M,90,6.7,,0.0,1.0,1.0,43,38.0,88.4,1.0,,1.0,,1,0,2.0,7.0
Hellas Verona vs Cremonese,Cremonese,266813,Warren Bondo,M,59,6.6,,0.0,,,33,27.0,81.8,2.0,,,2.0,0,0,5.0,9.0
Hellas Verona vs Cremonese,Cremonese,31211,Jari Vandeputte,M,58,6.6,,0.0,,,21,16.0,76.2,,1.0,,,0,0,2.0,4.0
Hellas Verona vs Cremonese,Cremonese,30775,Giuseppe Pezzella,M,90,7.2,,0.0,,,35,22.0,62.9,2.0,,,1.0,0,0,4.0,6.0
Hellas Verona vs Cremonese,Cremonese,31436,Federico Bonazzoli,F,59,6.7,,0.0,1.0,,10,7.0,70.0,,,1.0,3.0,0,0,3.0,5.0
Hellas Verona vs Cremonese,Cremonese,2522,Antonio Sanabria,F,66,6.3,,0.0,1.0,,10,9.0,90.0,,,,,0,0,3.0,7.0
Hellas Verona vs Cremonese,Cremonese,202086,Jeremy Sarmiento,M,32,7,,0.0,1.0,1.0,20,18.0,90.0,1.0,,,,0,0,4.0,5.0
Hellas Verona vs Cremonese,Cremonese,31021,Alberto Grassi,M,31,6.9,,0.0,,,34,31.0,91.2,,,,1.0,0,0,3.0,6.0
Hellas Verona vs Cremonese,Cremonese,18788,Jamie Vardy,F,31,6.5,,0.0,,,6,5.0,83.3,,,,,0,0,,1.0
Hellas Verona vs Cremonese,Cremonese,2057,Franco Vázquez,F,24,6.6,,0.0,,,16,11.0,68.8,1.0,,,2.0,0,0,3.0,5.0
Hellas Verona vs Cremonese,Cremonese,342651,Romano Floriani Mussolini,D,9,6.7,,0.0,,,1,,,,,,,0,0,,1.0
Como vs Genoa,Como,8574,Jean Butez,G,90,7.2,,0.0,,,44,40.0,90.9,,,,1.0,0,0,1.0,2.0
Como vs Genoa,Como,8586,Mërgim Vojvoda,D,90,6.2,,0.0,1.0,1.0,39,31.0,79.5,,,,,0,0,1.0,4.0
Como vs Genoa,Como,386305,Jacobo Ramón,D,88,7.9,,0.0,,,49,40.0,81.6,1.0,1.0,1.0,1.0,0,1,11.0,14.0
Como vs Genoa,Como,26301,Marc-Oliver Kempf,D,90,7.3,,0.0,,,66,61.0,92.4,1.0,,2.0,3.0,0,0,7.0,10.0
Como vs Genoa,Como,336560,Álex Valle,D,90,6.9,,0.0,,,52,39.0,75.0,2.0,1.0,3.0,2.0,1,0,4.0,12.0
Como vs Genoa,Como,162266,Lucas Da Cunha,M,65,6.6,,0.0,,,44,42.0,95.5,1.0,,,,0,0,2.0,9.0
Como vs Genoa,Como,659,Maxence Caqueret,M,73,7.2,,0.0,1.0,,34,32.0,94.1,4.0,1.0,,1.0,0,0,7.0,10.0
Como vs Genoa,Como,38753,Nicolas-Gerrit Kühn,M,73,6.9,,0.0,1.0,1.0,18,11.0,61.1,1.0,,,1.0,0,0,3.0,8.0
Como vs Genoa,Como,350037,Nico Paz,M,90,7.3,1.0,0.0,1.0,1.0,35,27.0,77.1,1.0,1.0,2.0,3.0,0,0,5.0,14.0
Como vs Genoa,Como,443162,Jesús Rodriguez,M,85,6.5,,0.0,1.0,1.0,18,12.0,66.7,1.0,,,1.0,0,0,2.0,14.0
Como vs Genoa,Como,59,Álvaro Morata,F,65,6.6,,1.0,2.0,,19,15.0,78.9,1.0,,1.0,3.0,0,0,6.0,11.0
Como vs Genoa,Como,288699,Máximo Perrone,M,25,6.5,,0.0,,,14,13.0,92.9,,1.0,1.0,,0,0,1.0,3.0
Como vs Genoa,Como,26845,Anastasios Douvikas,F,25,6.9,,0.0,,,6,4.0,66.7,1.0,,1.0,1.0,0,0,3.0,4.0
Como vs Genoa,Como,137,Sergi Roberto,M,17,6.9,,0.0,,,11,9.0,81.8,,1.0,2.0,,1,0,1.0,4.0
Como vs Genoa,Como,354533,Jayden Addai,F,17,6.3,,0.0,,,2,2.0,100.0,1.0,,,,0,0,1.0,3.0
Como vs Genoa,Como,295026,Martin Baturina,M,12,6.7,,0.0,,,1,1.0,100.0,,,,,0,0,,2.0
Como vs Genoa,Genoa,31631,Nicola Leali,G,90,7.5,,0.0,,,24,18.0,75.0,,,,,0,0,,
Como vs Genoa,Genoa,31137,Stefano Sabelli,D,57,7,,0.0,,,22,14.0,63.6,4.0,,,,0,0,4.0,4.0
Como vs Genoa,Genoa,18967,Leo Østigård,D,90,6.2,,0.0,,,51,49.0,96.1,1.0,1.0,5.0,,1,0,4.0,13.0
Como vs Genoa,Genoa,35544,Johan Vásquez,D,90,6.9,,0.0,1.0,1.0,48,42.0,87.5,1.0,1.0,,,0,0,3.0,5.0
Como vs Genoa,Genoa,25914,Aarón Martín,D,90,7.9,,0.0,,,37,29.0,78.4,3.0,1.0,,,0,0,5.0,8.0
Como vs Genoa,Genoa,281096,Patrizio Masini,M,90,6.7,,0.0,1.0,1.0,46,33.0,71.7,6.0,1.0,4.0,2.0,0,0,9.0,17.0
Como vs Genoa,Genoa,15881,Morten Frendrup,M,90,7,,0.0,,,31,24.0,77.4,7.0,,,,0,0,8.0,13.0
Como vs Genoa,Genoa,284570,Brooke Norton-Cuffy,M,90,7.2,,0.0,1.0,1.0,39,33.0,84.6,2.0,1.0,2.0,1.0,0,0,10.0,16.0
Como vs Genoa,Genoa,1938,Ruslan Malinovskyi,M,71,6.9,,0.0,,,35,30.0,85.7,,2.0,3.0,3.0,1,0,6.0,11.0
Como vs Genoa,Genoa,89520,Mikael Ellertsson,M,71,6.3,,0.0,1.0,1.0,11,9.0,81.8,2.0,2.0,,,0,0,3.0,4.0
Como vs Genoa,Genoa,263481,Lorenzo Colombo,F,81,6,,0.0,1.0,1.0,15,10.0,66.7,1.0,,2.0,3.0,0,0,5.0,17.0
Como vs Genoa,Genoa,56396,Junior Messias,F,33,7.2,,0.0,,,11,9.0,81.8,1.0,1.0,1.0,2.0,0,0,6.0,8.0
Como vs Genoa,Genoa,341646,Valentín Carboni,M,19,7,,0.0,,,17,15.0,88.2,2.0,,,,0,0,5.0,6.0
Como vs Genoa,Genoa,3430,Caleb Ekuban,F,19,7.7,1.0,0.0,1.0,1.0,8,7.0,87.5,,,,,0,0,,1.0
Como vs Genoa,Genoa,451504,Jeff Ekhator,F,9,6.7,,0.0,,,1,1.0,100.0,,,,1.0,0,0,1.0,1.0
Lecce vs Cagliari,Lecce,56459,Wladimiro Falcone,G,90,7.2,,0.0,,,23,17.0,73.9,,,,,0,0,1.0,1.0
Lecce vs Cagliari,Lecce,482309,Christ-Owen Kouassi,D,90,6.7,,0.0,,,39,32.0,82.1,5.0,,,1.0,0,0,7.0,8.0
Lecce vs Cagliari,Lecce,291589,Kialonda Gaspar,D,90,6.6,,0.0,1.0,,53,46.0,86.8,2.0,,,4.0,0,0,9.0,11.0
Lecce vs Cagliari,Lecce,455316,Tiago Gabriel,D,90,6.7,1.0,0.0,2.0,1.0,55,51.0,92.7,,1.0,1.0,,1,0,4.0,9.0
Lecce vs Cagliari,Lecce,31543,Antonino Gallo,D,45,6.5,,0.0,,,22,16.0,72.7,1.0,,,1.0,0,0,2.0,5.0
Lecce vs Cagliari,Lecce,1748,Lassana Coulibaly,M,90,6.6,,0.0,1.0,1.0,28,22.0,78.6,2.0,,2.0,,1,0,4.0,12.0
Lecce vs Cagliari,Lecce,15673,Ylber Ramadani,M,73,7.3,,0.0,1.0,,39,36.0,92.3,2.0,,,2.0,0,0,4.0,8.0
Lecce vs Cagliari,Lecce,181218,Alex Sala,M,45,6.6,,0.0,1.0,,16,13.0,81.2,1.0,,1.0,1.0,0,0,2.0,5.0
Lecce vs Cagliari,Lecce,6662,Santiago Pierotti,F,81,6.6,,0.0,1.0,1.0,15,12.0,80.0,1.0,,3.0,1.0,0,0,6.0,15.0
Lecce vs Cagliari,Lecce,264122,Nikola Štulić,F,90,6.3,,0.0,1.0,1.0,10,7.0,70.0,1.0,,1.0,1.0,0,0,6.0,11.0
Lecce vs Cagliari,Lecce,31507,Riccardo Sottil,F,61,7.5,,1.0,,,19,17.0,89.5,,,1.0,4.0,0,0,5.0,9.0
Lecce vs Cagliari,Lecce,19738,Corrie Ndaba,D,45,6.9,,0.0,,,21,20.0,95.2,1.0,2.0,1.0,,0,0,4.0,5.0
Lecce vs Cagliari,Lecce,197779,Mohamed Kaba,M,45,6.6,,0.0,1.0,1.0,22,16.0,72.7,,,,2.0,0,0,3.0,3.0
Lecce vs Cagliari,Lecce,47182,Tete Morente,F,29,6.5,,0.0,1.0,,12,11.0,91.7,,,,,0,0,,1.0
Lecce vs Cagliari,Lecce,436260,Francesco Camarda,F,17,6.5,,0.0,,,1,,,,,,1.0,0,0,1.0,2.0
Lecce vs Cagliari,Lecce,8643,Konan N'Dri,F,9,6.7,,0.0,1.0,,3,3.0,100.0,1.0,,,1.0,0,0,2.0,4.0
Lecce vs Cagliari,Cagliari,30731,Elia Caprile,G,90,7.3,,0.0,,,25,12.0,48.0,,,,,0,0,1.0,1.0
Lecce vs Cagliari,Cagliari,2484,Yerry Mina,D,90,6.5,,0.0,,,53,46.0,86.8,1.0,2.0,2.0,1.0,0,0,5.0,10.0
Lecce vs Cagliari,Cagliari,319,Sebastiano Luperto,D,90,6.6,,0.0,,,40,38.0,95.0,1.0,,,1.0,0,0,3.0,5.0
Lecce vs Cagliari,Cagliari,321744,Adam Obert,D,90,6.9,,0.0,,,40,35.0,87.5,5.0,1.0,2.0,,1,0,6.0,9.0
Lecce vs Cagliari,Cagliari,383018,Marco Palestra,M,90,7.2,,1.0,1.0,1.0,18,17.0,94.4,1.0,,1.0,2.0,0,0,5.0,8.0
Lecce vs Cagliari,Cagliari,30505,Michel Adopo,M,73,6.2,,0.0,1.0,1.0,26,20.0,76.9,1.0,1.0,1.0,,0,0,2.0,10.0
Lecce vs Cagliari,Cagliari,309388,Matteo Prati,M,60,6.2,,0.0,1.0,,19,14.0,73.7,,2.0,2.0,,1,0,,4.0
Lecce vs Cagliari,Cagliari,30561,Alessandro Deiola,M,87,7,,0.0,2.0,1.0,36,34.0,94.4,4.0,,2.0,1.0,0,0,7.0,11.0
Lecce vs Cagliari,Cagliari,56851,Michael Folorunsho,M,90,6,,0.0,,,29,21.0,72.4,,2.0,1.0,2.0,0,0,3.0,10.0
Lecce vs Cagliari,Cagliari,215,Sebastiano Esposito,F,60,6.5,,0.0,2.0,,17,11.0,64.7,4.0,1.0,4.0,,1,0,5.0,13.0
Lecce vs Cagliari,Cagliari,30509,Andrea Belotti,F,73,9.2,2.0,0.0,4.0,2.0,18,14.0,77.8,,,,2.0,0,0,5.0,8.0
Lecce vs Cagliari,Cagliari,325,Gianluca Gaetano,M,30,6.3,,0.0,,,10,9.0,90.0,,,1.0,,0,0,,2.0
Lecce vs Cagliari,Cagliari,31734,Mattia Felici,F,30,6.7,,0.0,1.0,1.0,10,7.0,70.0,3.0,,1.0,,0,0,3.0,8.0
Lecce vs Cagliari,Cagliari,200,Gabriele Zappa,D,17,6.7,,0.0,,,5,3.0,60.0,,,1.0,,0,0,1.0,2.0
Lecce vs Cagliari,Cagliari,336567,Semih Kılıçsoy,F,17,6.3,,0.0,,,3,2.0,66.7,,,1.0,,0,0,1.0,6.0
Lecce vs Cagliari,Cagliari,30780,Luca Mazzitelli,M,8,6.9,,0.0,,,2,1.0,50.0,,1.0,,1.0,0,0,2.0,2.0
Bologna vs Genoa,Bologna,2998,Łukasz Skorupski,G,90,7.3,,0.0,,,42,34.0,81.0,,,,,0,0,,
Bologna vs Genoa,Bologna,30498,Lorenzo De Silvestri,D,59,6.6,,0.0,,,16,12.0,75.0,,2.0,1.0,,0,0,1.0,3.0
Bologna vs Genoa,Bologna,287564,Martin Vitík,D,90,7.2,,0.0,1.0,,38,29.0,76.3,2.0,,,,0,0,13.0,16.0
Bologna vs Genoa,Bologna,39254,Torbjørn Heggem,D,85,6.3,,0.0,1.0,,46,39.0,84.8,1.0,,,,0,0,4.0,7.0
Bologna vs Genoa,Bologna,134,Juan Miranda,D,90,6.7,,0.0,,,41,32.0,78.0,1.0,3.0,,2.0,0,0,7.0,11.0
Bologna vs Genoa,Bologna,1322,Nikola Moro,M,72,7.3,,0.0,,,46,37.0,80.4,2.0,1.0,1.0,1.0,0,0,4.0,7.0
Bologna vs Genoa,Bologna,2807,Remo Freuler,M,90,6.9,,0.0,,,53,42.0,79.2,6.0,1.0,3.0,1.0,0,0,8.0,15.0
Bologna vs Genoa,Bologna,30488,Riccardo Orsolini,M,90,7,1.0,0.0,5.0,3.0,25,15.0,60.0,,1.0,,4.0,0,0,7.0,12.0
Bologna vs Genoa,Bologna,873,Federico Bernardeschi,M,72,6.9,,0.0,,,16,14.0,87.5,1.0,,1.0,2.0,1,0,6.0,10.0
Bologna vs Genoa,Bologna,347265,Benjamín Domínguez,M,59,6.5,,0.0,,,24,20.0,83.3,,,,1.0,0,0,2.0,6.0
Bologna vs Genoa,Bologna,311067,Santiago Castro,F,90,7.9,1.0,0.0,3.0,3.0,11,7.0,63.6,,,2.0,1.0,0,0,3.0,9.0
Bologna vs Genoa,Bologna,128461,Nadir Zortea,D,31,6.5,,0.0,,,10,10.0,100.0,,1.0,,,0,0,,3.0
Bologna vs Genoa,Bologna,30438,Nicolò Cambiaghi,F,31,6.9,,1.0,1.0,,9,7.0,77.8,,,2.0,1.0,0,0,2.0,4.0
Bologna vs Genoa,Bologna,44814,Lewis Ferguson,M,18,6.3,,0.0,,,15,13.0,86.7,,,1.0,1.0,0,0,1.0,4.0
Bologna vs Genoa,Bologna,93016,Thijs Dallinga,F,18,6.2,,0.0,,,6,3.0,50.0,,,1.0,,0,0,,3.0
Bologna vs Genoa,Bologna,1929,Jhon Lucumí,D,18,6.7,,0.0,,,8,6.0,75.0,,,,,0,0,,2.0
Bologna vs Genoa,Genoa,31631,Nicola Leali,G,90,7.2,,0.0,,,38,15.0,39.5,,,,,0,0,,
Bologna vs Genoa,Genoa,284570,Brooke Norton-Cuffy,D,90,6.3,,0.0,,,23,16.0,69.6,3.0,,2.0,,1,0,4.0,8.0
Bologna vs Genoa,Genoa,18967,Leo Østigård,D,45,6.6,,0.0,,,14,13.0,92.9,,1.0,1.0,1.0,1,0,1.0,2.0
Bologna vs Genoa,Genoa,35544,Johan Vásquez,D,90,6.5,,0.0,1.0,1.0,34,30.0,88.2,1.0,1.0,2.0,1.0,0,0,2.0,6.0
Bologna vs Genoa,Genoa,25914,Aarón Martín,D,90,6.2,,0.0,1.0,1.0,28,18.0,64.3,1.0,,1.0,,0,0,2.0,5.0
Bologna vs Genoa,Genoa,281096,Patrizio Masini,M,90,7,,0.0,,,32,22.0,68.8,3.0,2.0,,4.0,1,0,8.0,9.0
Bologna vs Genoa,Genoa,15881,Morten Frendrup,M,90,7,,0.0,,,24,18.0,75.0,4.0,1.0,1.0,2.0,0,0,9.0,12.0
Bologna vs Genoa,Genoa,89520,Mikael Ellertsson,M,90,7.9,1.0,0.0,1.0,1.0,14,10.0,71.4,1.0,1.0,2.0,,0,0,3.0,7.0
Bologna vs Genoa,Genoa,1938,Ruslan Malinovskyi,M,69,7,,1.0,,,21,18.0,85.7,1.0,,,1.0,0,0,4.0,10.0
Bologna vs Genoa,Genoa,281408,Vitinha,M,69,6.9,,0.0,1.0,,17,11.0,64.7,2.0,,1.0,1.0,1,0,5.0,12.0
Bologna vs Genoa,Genoa,263481,Lorenzo Colombo,F,53,5.7,,0.0,2.0,1.0,8,3.0,37.5,1.0,,2.0,,0,0,2.0,13.0
Bologna vs Genoa,Genoa,281826,Alessandro Marcandalli,D,45,6.2,,0.0,,,17,11.0,64.7,,1.0,,1.0,0,0,2.0,4.0
Bologna vs Genoa,Genoa,3430,Caleb Ekuban,F,37,6.3,,0.0,,,7,4.0,57.1,,,,,0,0,3.0,8.0
Bologna vs Genoa,Genoa,341646,Valentín Carboni,M,21,6.2,,0.0,,,9,7.0,77.8,2.0,1.0,2.0,,1,0,4.0,5.0
Bologna vs Genoa,Genoa,451504,Jeff Ekhator,F,21,6.3,,0.0,,,4,,,1.0,,1.0,1.0,0,0,5.0,11.0
Hellas Verona vs Juventus,Hellas Verona,30611,Lorenzo Montipò,G,90,6.5,,0.0,,,21,8.0,38.1,,,,,0,0,,
Hellas Verona vs Juventus,Hellas Verona,47277,Unai Núñez,D,90,7.2,,0.0,1.0,,21,18.0,85.7,3.0,1.0,,,0,0,4.0,5.0
Hellas Verona vs Juventus,Hellas Verona,15912,Victor Nelsson,D,90,6.9,,0.0,,,9,6.0,66.7,2.0,1.0,2.0,,0,0,3.0,5.0
Hellas Verona vs Juventus,Hellas Verona,15909,Martin Frese,D,90,6.7,,0.0,1.0,1.0,14,7.0,50.0,4.0,1.0,4.0,1.0,0,0,5.0,10.0
Hellas Verona vs Juventus,Hellas Verona,303362,Rafik Belghali,M,78,7,,0.0,,,20,17.0,85.0,1.0,1.0,,1.0,0,0,3.0,5.0
Hellas Verona vs Juventus,Hellas Verona,418,Suat Serdar,M,89,6.6,,0.0,,,21,18.0,85.7,3.0,,,,0,0,3.0,6.0
Hellas Verona vs Juventus,Hellas Verona,31678,Jean-Daniel Akpa Akpro,M,77,6.2,,0.0,,,19,13.0,68.4,1.0,4.0,2.0,,1,0,2.0,7.0
Hellas Verona vs Juventus,Hellas Verona,1090,Antoine Bernede,M,90,6.5,,0.0,,,16,10.0,62.5,3.0,3.0,5.0,3.0,1,0,6.0,15.0
Hellas Verona vs Juventus,Hellas Verona,14327,Domagoj Bradarić,M,90,6.3,,0.0,,,15,13.0,86.7,,1.0,,,0,0,,1.0
Hellas Verona vs Juventus,Hellas Verona,312615,Giovane,F,63,6,,0.0,,,19,12.0,63.2,1.0,,1.0,2.0,0,0,3.0,14.0
Hellas Verona vs Juventus,Hellas Verona,368260,Gift Orban,F,89,6.9,1.0,0.0,7.0,3.0,14,7.0,50.0,1.0,1.0,3.0,,1,0,3.0,11.0
Hellas Verona vs Juventus,Hellas Verona,236955,Amin Sarr,F,27,6.7,,0.0,1.0,,12,7.0,58.3,,,,,0,0,4.0,10.0
Hellas Verona vs Juventus,Hellas Verona,22239,Cheikh Niasse,M,13,6.7,,0.0,1.0,,6,5.0,83.3,,1.0,,,0,0,,1.0
Hellas Verona vs Juventus,Hellas Verona,867,Grigoris Kastanos,M,12,6.9,,0.0,,,4,2.0,50.0,4.0,1.0,1.0,1.0,0,0,5.0,8.0
Hellas Verona vs Juventus,Juventus,30670,Michele Di Gregorio,G,90,7.7,,0.0,,,24,23.0,95.8,,,,1.0,0,0,1.0,1.0
Hellas Verona vs Juventus,Juventus,162188,Pierre Kalulu,D,90,6.2,,0.0,,,73,63.0,86.3,,,1.0,,0,0,1.0,3.0
Hellas Verona vs Juventus,Juventus,268341,Federico Gatti,D,90,7.2,,0.0,1.0,,77,68.0,88.3,1.0,,,2.0,1,0,8.0,9.0
Hellas Verona vs Juventus,Juventus,19263,Lloyd Kelly,D,90,6.3,,0.0,,,50,41.0,82.0,3.0,1.0,2.0,1.0,1,0,7.0,14.0
Hellas Verona vs Juventus,Juventus,41734,João Mário,M,83,6.5,,0.0,1.0,,30,20.0,66.7,,1.0,1.0,6.0,0,0,8.0,10.0
Hellas Verona vs Juventus,Juventus,30533,Manuel Locatelli,M,45,7.3,,0.0,,,57,50.0,87.7,1.0,1.0,,2.0,0,0,4.0,5.0
Hellas Verona vs Juventus,Juventus,116,Khéphren Thuram,M,57,6.9,,1.0,,,44,40.0,90.9,1.0,,,,0,0,4.0,6.0
Hellas Verona vs Juventus,Juventus,127011,Andrea Cambiaso,M,90,6.5,,0.0,,,56,49.0,87.5,,,1.0,,0,0,,3.0
Hellas Verona vs Juventus,Juventus,161585,Francisco Conceição,F,70,8.3,1.0,0.0,2.0,1.0,33,32.0,97.0,1.0,,,3.0,0,0,8.0,10.0
Hellas Verona vs Juventus,Juventus,339883,Kenan Yıldız,F,90,7.2,,0.0,1.0,,53,51.0,96.2,,,2.0,,0,0,1.0,7.0
Hellas Verona vs Juventus,Juventus,30415,Dušan Vlahović,F,57,6.2,,0.0,1.0,1.0,4,3.0,75.0,,,,1.0,0,0,1.0,6.0
Hellas Verona vs Juventus,Juventus,36899,Teun Koopmeiners,M,45,7.2,,0.0,,,33,26.0,78.8,4.0,1.0,1.0,,1,0,6.0,9.0
Hellas Verona vs Juventus,Juventus,339872,Vasilije Adžić,M,33,6.9,,0.0,1.0,1.0,16,14.0,87.5,,2.0,,1.0,0,0,2.0,6.0
Hellas Verona vs Juventus,Juventus,86,Loïs Openda,F,33,6.9,,0.0,1.0,1.0,11,8.0,72.7,2.0,,,1.0,0,0,4.0,5.0
Hellas Verona vs Juventus,Juventus,8489,Jonathan David,F,20,6.3,,0.0,,,7,6.0,85.7,1.0,,1.0,,0,0,1.0,2.0
Hellas Verona vs Juventus,Juventus,48392,Edon Zhegrova,F,14,6.2,,0.0,,,2,1.0,50.0,2.0,,1.0,,0,0,2.0,5.0
Udinese vs AC Milan,Udinese,197830,Răzvan Sava,G,90,6.3,,0.0,,,16,16.0,100.0,,,,,0,0,,
Udinese vs AC Milan,Udinese,36916,Kingsley Ehizibue,D,59,5.6,,0.0,,,17,13.0,76.5,,,1.0,,0,0,1.0,2.0
Udinese vs AC Milan,Udinese,281495,Thomas Kristensen,D,90,6.3,,0.0,,,56,53.0,94.6,1.0,2.0,1.0,,0,0,3.0,7.0
Udinese vs AC Milan,Udinese,656,Oumar Solet,D,90,6.9,,0.0,1.0,,80,72.0,90.0,4.0,1.0,,,0,0,4.0,5.0
Udinese vs AC Milan,Udinese,19824,Jordan Zemura,D,90,5.2,,0.0,,,36,26.0,72.2,,,1.0,1.0,1,0,2.0,11.0
Udinese vs AC Milan,Udinese,541,Jürgen Ekkelenkamp,M,59,6.7,,0.0,,,10,8.0,80.0,2.0,,,1.0,0,0,4.0,4.0
Udinese vs AC Milan,Udinese,48047,Jesper Karlström,M,90,6.3,,0.0,,,44,41.0,93.2,3.0,4.0,1.0,,0,0,3.0,6.0
Udinese vs AC Milan,Udinese,182560,Oier Zarraga,M,90,6.9,,0.0,,,40,38.0,95.0,1.0,2.0,1.0,1.0,0,0,5.0,11.0
Udinese vs AC Milan,Udinese,347644,Arthur Atta,M,81,6.3,,0.0,3.0,3.0,42,36.0,85.7,,1.0,1.0,,1,0,2.0,6.0
Udinese vs AC Milan,Udinese,19185,Keinan Davis,F,59,6.3,,0.0,,,8,8.0,100.0,,,1.0,1.0,0,0,2.0,5.0
Udinese vs AC Milan,Udinese,330599,Iker Bravo,F,45,6.3,,0.0,,,5,4.0,80.0,1.0,,1.0,,0,0,1.0,4.0
Udinese vs AC Milan,Udinese,40594,Adam Buksa,F,45,6.3,,0.0,,,6,4.0,66.7,1.0,,1.0,,0,0,4.0,9.0
Udinese vs AC Milan,Udinese,162907,Alessandro Zanoli,D,31,6.9,,0.0,,,16,16.0,100.0,,,,1.0,0,0,2.0,2.0
Udinese vs AC Milan,Udinese,142442,Rui Modesto,M,31,6.7,,0.0,,,7,7.0,100.0,,1.0,,,0,0,,1.0
Udinese vs AC Milan,Udinese,786,Nicolò Zaniolo,M,31,6.7,,0.0,1.0,,8,8.0,100.0,,,,,0,0,,
Udinese vs AC Milan,Udinese,343558,Lennon Miller,M,9,6.7,,0.0,2.0,1.0,2,1.0,50.0,,,,1.0,0,0,2.0,2.0
Udinese vs AC Milan,AC Milan,30394,Pietro Terracciano,G,90,7.5,,0.0,,,24,22.0,91.7,,,,,0,0,,
Udinese vs AC Milan,AC Milan,19209,Fikayo Tomori,D,90,7.5,,0.0,1.0,,66,63.0,95.5,3.0,,1.0,,0,0,3.0,5.0
Udinese vs AC Milan,AC Milan,56473,Matteo Gabbia,D,90,7.3,,0.0,,,64,58.0,90.6,1.0,,,,0,0,2.0,2.0
Udinese vs AC Milan,AC Milan,45826,Strahinja Pavlović,D,68,7,,0.0,,,55,50.0,90.9,,,,,0,0,1.0,3.0
Udinese vs AC Milan,AC Milan,1417,Alexis Saelemaekers,M,90,7.6,,0.0,1.0,1.0,60,50.0,83.3,3.0,1.0,,1.0,0,0,8.0,9.0
Udinese vs AC Milan,AC Milan,22254,Youssouf Fofana,M,68,7.6,1.0,0.0,1.0,1.0,29,26.0,89.7,,,1.0,,0,0,,5.0
Udinese vs AC Milan,AC Milan,754,Luka Modrić,M,81,7.6,,0.0,,,90,86.0,95.6,2.0,1.0,,1.0,0,0,5.0,8.0
Udinese vs AC Milan,AC Milan,272,Adrien Rabiot,M,90,7.3,,1.0,1.0,,73,66.0,90.4,1.0,,1.0,2.0,0,0,5.0,12.0
Udinese vs AC Milan,AC Milan,46731,Pervis Estupiñán,M,90,6.6,,0.0,2.0,,53,47.0,88.7,,1.0,1.0,1.0,0,0,1.0,4.0
Udinese vs AC Milan,AC Milan,94562,Santiago Giménez,F,62,6.6,,0.0,1.0,1.0,5,4.0,80.0,2.0,,,1.0,0,0,4.0,8.0
Udinese vs AC Milan,AC Milan,17,Christian Pulišić,F,63,9,2.0,1.0,3.0,3.0,26,23.0,88.5,4.0,,,3.0,0,0,8.0,11.0
Udinese vs AC Milan,AC Milan,269,Christopher Nkunku,F,28,6.3,,0.0,1.0,,8,8.0,100.0,,,2.0,,0,0,,2.0
Udinese vs AC Milan,AC Milan,2292,Ruben Loftus-Cheek,M,27,6.5,,0.0,1.0,,10,7.0,70.0,,,,,0,0,1.0,2.0
Udinese vs AC Milan,AC Milan,162141,Koni De Winter,D,22,6.9,,0.0,,,17,14.0,82.4,,,,,0,0,1.0,1.0
Udinese vs AC Milan,AC Milan,31056,Samuele Ricci,M,22,6.9,,0.0,,,17,17.0,100.0,1.0,,,,0,0,1.0,2.0
Udinese vs AC Milan,AC Milan,396380,Zachary Athekame,D,9,6.7,,0.0,,,10,9.0,90.0,,1.0,1.0,,0,0,,1.0
Lazio vs AS Roma,Lazio,31037,Ivan Provedel,G,90,7.2,,0.0,,,32,20.0,62.5,,,,,0,0,1.0,1.0
Lazio vs AS Roma,Lazio,1844,Adam Marušić,D,90,6.3,,0.0,,,48,38.0,79.2,,,1.0,1.0,0,0,2.0,4.0
Lazio vs AS Roma,Lazio,162952,Mario Gila Fuentes,D,90,6.9,,0.0,,,46,40.0,87.0,1.0,1.0,1.0,3.0,1,0,4.0,6.0
Lazio vs AS Roma,Lazio,1632,Alessio Romagnoli,D,90,6.9,,0.0,1.0,,47,44.0,93.6,1.0,2.0,,1.0,0,0,4.0,5.0
Lazio vs AS Roma,Lazio,41577,Nuno Tavares,D,45,6,,0.0,1.0,,26,20.0,76.9,1.0,1.0,,,0,0,2.0,3.0
Lazio vs AS Roma,Lazio,1454,Mattéo Guendouzi,M,90,7.3,,0.0,,,29,24.0,82.8,2.0,1.0,,5.0,0,1,8.0,8.0
Lazio vs AS Roma,Lazio,30784,Nicolò Rovella,M,45,6.9,,0.0,,,21,19.0,90.5,1.0,1.0,,1.0,0,0,4.0,6.0
Lazio vs AS Roma,Lazio,144740,Fisayo Dele-Bashiru,M,14,6.3,,0.0,,,0,,,,,,,0,0,,
Lazio vs AS Roma,Lazio,2299,Pedro,F,79,6.9,,0.0,1.0,,24,23.0,95.8,,,1.0,2.0,0,0,4.0,8.0
Lazio vs AS Roma,Lazio,22015,Boulaye Dia,F,62,6.7,,0.0,1.0,,16,12.0,75.0,,,3.0,1.0,0,0,5.0,12.0
Lazio vs AS Roma,Lazio,30937,Mattia Zaccagni,F,90,7,,0.0,1.0,1.0,20,18.0,90.0,2.0,,1.0,3.0,0,0,6.0,11.0
Lazio vs AS Roma,Lazio,333116,Reda Belahyane,M,72,6.3,,0.0,,,17,15.0,88.2,4.0,1.0,2.0,,0,1,4.0,10.0
Lazio vs AS Roma,Lazio,30554,Luca Pellegrini,D,45,6.6,,0.0,,,22,13.0,59.1,1.0,1.0,2.0,1.0,0,0,3.0,8.0
Lazio vs AS Roma,Lazio,1852,Danilo Cataldi,M,45,6.3,,0.0,2.0,,32,24.0,75.0,,,2.0,,0,0,2.0,5.0
Lazio vs AS Roma,Lazio,50856,Valentín Castellanos,F,28,6.7,,0.0,3.0,1.0,7,3.0,42.9,1.0,,1.0,1.0,0,0,4.0,7.0
Lazio vs AS Roma,Lazio,133729,Tijjani Noslin,F,11,6.7,,0.0,,,3,2.0,66.7,,,,1.0,0,0,3.0,5.0
Lazio vs AS Roma,AS Roma,556,Mile Svilar,G,90,7.3,,0.0,,,35,28.0,80.0,,,,,0,0,,
Lazio vs AS Roma,AS Roma,22222,Zeki Çelik,D,90,6.9,,0.0,,,44,40.0,90.9,1.0,2.0,4.0,,0,0,3.0,7.0
Lazio vs AS Roma,AS Roma,30425,Gianluca Mancini,D,90,6.9,,0.0,,,41,34.0,82.9,1.0,3.0,2.0,3.0,0,0,5.0,12.0
Lazio vs AS Roma,AS Roma,1807,Evan Ndicka,D,90,6.3,,0.0,1.0,,41,37.0,90.2,1.0,2.0,2.0,2.0,1,0,4.0,10.0
Lazio vs AS Roma,AS Roma,162452,Devyne Rensch,M,90,7.3,,0.0,1.0,1.0,38,24.0,63.2,4.0,,,2.0,0,0,7.0,10.0
Lazio vs AS Roma,AS Roma,22147,Manu Koné,M,90,7.5,,0.0,,,44,41.0,93.2,,,1.0,4.0,0,0,7.0,12.0
Lazio vs AS Roma,AS Roma,778,Bryan Cristante,M,81,6.7,,0.0,,,34,31.0,91.2,1.0,1.0,4.0,1.0,0,0,3.0,10.0
Lazio vs AS Roma,AS Roma,227,Angeliño,M,81,6.9,,0.0,2.0,1.0,37,28.0,75.7,3.0,1.0,2.0,,0,0,3.0,8.0
Lazio vs AS Roma,AS Roma,782,Lorenzo Pellegrini,F,73,7.3,1.0,0.0,2.0,2.0,24,20.0,83.3,2.0,1.0,1.0,2.0,0,0,4.0,8.0
Lazio vs AS Roma,AS Roma,323936,Matías Soulé,F,73,7.7,,1.0,1.0,1.0,25,19.0,76.0,1.0,1.0,,,0,0,2.0,7.0
Lazio vs AS Roma,AS Roma,129643,Evan Ferguson,F,66,6.2,,0.0,2.0,1.0,15,11.0,73.3,1.0,,2.0,,0,0,2.0,5.0
Lazio vs AS Roma,AS Roma,15811,Artem Dovbyk,F,24,6.2,,0.0,1.0,,7,5.0,71.4,,,1.0,,0,0,1.0,5.0
Lazio vs AS Roma,AS Roma,288769,Tommaso Baldanzi,M,17,6.5,,0.0,2.0,,7,6.0,85.7,,,2.0,,0,0,,1.0
Lazio vs AS Roma,AS Roma,356888,Niccolò Pisilli,M,17,6.6,,0.0,,,9,6.0,66.7,1.0,,,,0,0,1.0,2.0
Lazio vs AS Roma,AS Roma,1600,Konstantinos Tsimikas,D,9,6.9,,0.0,,,6,6.0,100.0,1.0,,,,0,0,1.0,1.0
Lazio vs AS Roma,AS Roma,277003,Neil El Aynaoui,M,9,6.2,,0.0,,,1,,,,,1.0,,0,0,,1.0
Torino vs Atalanta,Torino,56266,Franco Israel,G,90,6.3,,0.0,,,25,17.0,68.0,,,,1.0,0,0,1.0,1.0
Torino vs Atalanta,Torino,122468,Saúl Coco,D,90,6.7,,0.0,,,44,38.0,86.4,2.0,2.0,1.0,1.0,0,0,4.0,8.0
Torino vs Atalanta,Torino,2553,Guillermo Maripán,D,45,5.9,,0.0,,,23,19.0,82.6,1.0,1.0,,,0,0,2.0,5.0
Torino vs Atalanta,Torino,14329,Ardian Ismajli,D,90,6.5,,0.0,,,43,39.0,90.7,,2.0,2.0,,0,0,4.0,7.0
Torino vs Atalanta,Torino,25353,Valentino Lazaro,M,90,7.7,,0.0,,,30,24.0,80.0,3.0,,1.0,1.0,0,0,4.0,5.0
Torino vs Atalanta,Torino,46170,Ivan Ilić,M,45,6.2,,0.0,,,15,14.0,93.3,1.0,,,,0,0,1.0,5.0
Torino vs Atalanta,Torino,275776,Kristjan Asllani,M,90,6.9,,0.0,,,53,49.0,92.5,1.0,1.0,,,0,0,2.0,5.0
Torino vs Atalanta,Torino,30396,Cristiano Biraghi,M,90,6.3,,0.0,,,25,20.0,80.0,1.0,1.0,2.0,1.0,0,0,2.0,4.0
Torino vs Atalanta,Torino,243,Zakaria Aboukhlal,F,45,6.5,,0.0,,,8,5.0,62.5,2.0,,1.0,2.0,0,0,5.0,12.0
Torino vs Atalanta,Torino,842,Nikola Vlašić,F,81,6.9,,0.0,1.0,,28,24.0,85.7,2.0,2.0,,1.0,0,0,3.0,6.0
Torino vs Atalanta,Torino,30414,Giovanni Simeone,F,69,6.6,,0.0,4.0,2.0,17,13.0,76.5,1.0,,2.0,2.0,0,0,5.0,13.0
Torino vs Atalanta,Torino,270507,Cesare Casadei,M,45,6.9,,0.0,1.0,1.0,25,21.0,84.0,,,2.0,,0,0,1.0,4.0
Torino vs Atalanta,Torino,22174,Adrien Tameze,M,45,6.7,,0.0,,,18,17.0,94.4,,3.0,,,0,0,1.0,3.0
Torino vs Atalanta,Torino,19524,Che Adams,F,45,6.2,,0.0,,,19,15.0,78.9,,,,,0,0,1.0,4.0
Torino vs Atalanta,Torino,2495,Duván Zapata,F,21,5.2,,0.0,2.0,2.0,5,3.0,60.0,,,,,0,0,1.0,3.0
Torino vs Atalanta,Torino,138777,Faustino Anjorin,M,9,6.6,,0.0,,,8,6.0,75.0,,,,,0,0,1.0,1.0
Torino vs Atalanta,Atalanta,30417,Marco Carnesecchi,G,90,9.2,,0.0,,,52,34.0,65.4,,,,,0,0,2.0,2.0
Torino vs Atalanta,Atalanta,48119,Odilon Kossounou,D,90,6.9,,0.0,,,69,63.0,91.3,3.0,,1.0,,0,0,4.0,5.0
Torino vs Atalanta,Atalanta,137976,Isak Hien,D,27,7.3,,0.0,,,17,17.0,100.0,1.0,,,1.0,0,0,4.0,5.0
Torino vs Atalanta,Atalanta,30421,Berat Djimsiti,D,90,7.3,,0.0,,,65,59.0,90.8,2.0,1.0,1.0,,0,0,4.0,8.0
Torino vs Atalanta,Atalanta,2286,Davide Zappacosta,M,90,6.6,,1.0,,,46,38.0,82.6,,,2.0,1.0,0,0,1.0,4.0
Torino vs Atalanta,Atalanta,30432,Marten de Roon,M,87,7.7,,0.0,,,86,80.0,93.0,3.0,,,,0,0,3.0,6.0
Torino vs Atalanta,Atalanta,2763,Mario Pašalić,M,90,7.7,,0.0,,,83,73.0,88.0,2.0,1.0,1.0,1.0,0,0,5.0,7.0
Torino vs Atalanta,Atalanta,203474,Nicola Zalewski,M,10,6.7,,0.0,,,1,1.0,100.0,1.0,,,2.0,0,0,3.0,7.0
Torino vs Atalanta,Atalanta,178749,Lazar Samardžić,F,90,7.2,,1.0,1.0,,55,48.0,87.3,,,2.0,,0,0,7.0,13.0
Torino vs Atalanta,Atalanta,199837,Kamaldeen Sulemana,F,87,7.6,1.0,1.0,3.0,2.0,32,27.0,84.4,,,,1.0,0,0,2.0,5.0
Torino vs Atalanta,Atalanta,66817,Nikola Krstović,F,86,8.3,2.0,0.0,3.0,3.0,32,29.0,90.6,,,,2.0,0,0,4.0,11.0
Torino vs Atalanta,Atalanta,91422,Raoul Bellanova,D,80,6.6,,0.0,1.0,,34,31.0,91.2,1.0,,,1.0,0,0,2.0,2.0
Torino vs Atalanta,Atalanta,453906,Honest Ahanor,D,63,7.3,,0.0,,,42,38.0,90.5,3.0,1.0,2.0,2.0,0,0,7.0,9.0
Torino vs Atalanta,Atalanta,134926,Daniel Maldini,F,8,6.3,,0.0,,,1,1.0,100.0,,,,,0,0,,
Torino vs Atalanta,Atalanta,162106,Yunus Musah,M,3,,,0.0,,,0,,,,,,,0,0,,2.0
Torino vs Atalanta,Atalanta,18767,Ademola Lookman,F,3,,,0.0,,,2,2.0,100.0,,,,,0,0,,
Cremonese vs Parma,Cremonese,30441,Emil Audero,G,90,7.3,,0.0,,,32,20.0,62.5,,,,,0,0,,
Cremonese vs Parma,Cremonese,264472,Filippo Terracciano,D,90,7.2,,0.0,,,75,65.0,86.7,1.0,,,,0,0,3.0,3.0
Cremonese vs Parma,Cremonese,127035,Federico Baschirotto,D,90,7.3,,0.0,1.0,,47,44.0,93.6,,,2.0,,0,0,5.0,9.0
Cremonese vs Parma,Cremonese,30919,Matteo Bianchetti,D,45,7.2,,0.0,,,29,22.0,75.9,,1.0,,1.0,0,0,2.0,3.0
Cremonese vs Parma,Cremonese,31219,Alessio Zerbin,M,76,6.7,,0.0,,,26,21.0,80.8,,,1.0,1.0,0,0,2.0,6.0
Cremonese vs Parma,Cremonese,126889,Michele Collocolo,M,16,6.3,,0.0,,,5,4.0,80.0,,,,,0,0,,
Cremonese vs Parma,Cremonese,266813,Warren Bondo,M,90,7.2,,0.0,,,46,44.0,95.7,1.0,,,1.0,0,0,2.0,3.0
Cremonese vs Parma,Cremonese,31211,Jari Vandeputte,M,58,6.7,,0.0,,,23,15.0,65.2,3.0,2.0,2.0,,0,0,3.0,7.0
Cremonese vs Parma,Cremonese,30775,Giuseppe Pezzella,M,90,6.9,,0.0,,,18,14.0,77.8,2.0,,4.0,,1,0,6.0,14.0
Cremonese vs Parma,Cremonese,2057,Franco Vázquez,F,90,7,,0.0,1.0,1.0,27,20.0,74.1,1.0,,2.0,3.0,0,0,7.0,14.0
Cremonese vs Parma,Cremonese,2522,Antonio Sanabria,F,76,6,,0.0,,,7,4.0,57.1,,,2.0,,0,0,2.0,9.0
Cremonese vs Parma,Cremonese,31021,Alberto Grassi,M,74,7,,0.0,,,41,39.0,95.1,,,,1.0,0,0,2.0,2.0
Cremonese vs Parma,Cremonese,30397,Federico Ceccherini,D,45,7,,0.0,,,18,18.0,100.0,1.0,,2.0,1.0,0,0,2.0,5.0
Cremonese vs Parma,Cremonese,342651,Romano Floriani Mussolini,D,32,6.3,,0.0,,,14,10.0,71.4,1.0,,1.0,,0,0,1.0,3.0
Cremonese vs Parma,Cremonese,102447,Faris Moumbagna,F,14,6.2,,0.0,,,1,,,,,,,0,0,1.0,1.0
Cremonese vs Parma,Cremonese,36986,Dennis Johnsen,F,14,6.2,,0.0,,,7,3.0,42.9,,,,,0,0,,3.0
Cremonese vs Parma,Parma,199578,Zion Suzuki,G,90,7.2,,0.0,,,26,18.0,69.2,,,,,0,0,,
Cremonese vs Parma,Parma,30420,Enrico Del Prato,D,90,7,,0.0,1.0,1.0,62,54.0,87.1,1.0,,,,0,0,1.0,3.0
Cremonese vs Parma,Parma,348568,Alessandro Circati,D,90,7,,0.0,,,63,58.0,92.1,,2.0,,2.0,0,0,3.0,4.0
Cremonese vs Parma,Parma,203483,Abdoulaye Ndiaye,D,90,6.9,,0.0,,,50,41.0,82.0,2.0,1.0,1.0,2.0,0,0,5.0,9.0
Cremonese vs Parma,Parma,48193,Pontus Almqvist,M,84,7.2,,0.0,,,23,16.0,69.6,5.0,1.0,1.0,4.0,0,0,10.0,16.0
Cremonese vs Parma,Parma,308836,Mandela Keita,M,90,6.9,,0.0,,,30,26.0,86.7,3.0,1.0,,,0,0,3.0,4.0
Cremonese vs Parma,Parma,628,Adrián Bernabé,M,84,6.9,,0.0,1.0,1.0,45,37.0,82.2,,1.0,1.0,2.0,0,0,2.0,6.0
Cremonese vs Parma,Parma,161569,Oliver Sørensen,M,90,6.2,,0.0,1.0,,27,20.0,74.1,1.0,1.0,2.0,,0,0,1.0,6.0
Cremonese vs Parma,Parma,91358,Emanuele Valeri,M,90,7.2,,0.0,1.0,,18,15.0,83.3,2.0,,,1.0,0,0,5.0,7.0
Cremonese vs Parma,Parma,1649,Patrick Cutrone,F,88,6.2,,0.0,2.0,,15,11.0,73.3,,,,1.0,0,0,2.0,6.0
Cremonese vs Parma,Parma,292172,Mateo Pellegrino,F,68,6.9,,0.0,1.0,1.0,11,7.0,63.6,1.0,,2.0,2.0,0,0,8.0,14.0
Cremonese vs Parma,Parma,161859,Gaetano Oristanio,M,22,6.9,,0.0,1.0,,0,,,,,1.0,2.0,0,0,3.0,5.0
Cremonese vs Parma,Parma,323369,Mathias Fjørtoft Løvik,D,13,6.3,,0.0,1.0,,3,1.0,33.3,,,,,0,0,,1.0
Cremonese vs Parma,Parma,362752,Christian Ordoñez,M,13,6.7,,0.0,,,3,2.0,66.7,1.0,,,,0,0,1.0,1.0
Cremonese vs Parma,Parma,31692,Milan Đurić,F,9,6.3,,0.0,,,1,1.0,100.0,,,,,0,0,,
Fiorentina vs Como,Fiorentina,882,David De Gea,G,90,6.9,,0.0,,,30,21.0,70.0,,,,,0,0,,
Fiorentina vs Como,Fiorentina,41144,Dodô,D,90,6.3,,0.0,,,35,27.0,77.1,1.0,2.0,1.0,1.0,1,0,4.0,7.0
Fiorentina vs Como,Fiorentina,1084,Marin Pongračić,D,90,6.9,,0.0,,,39,33.0,84.6,2.0,2.0,3.0,1.0,1,0,4.0,7.0
Fiorentina vs Como,Fiorentina,31642,Luca Ranieri,D,77,6.9,,0.0,,,39,31.0,79.5,2.0,,1.0,,1,0,3.0,5.0
Fiorentina vs Como,Fiorentina,30422,Robin Gosens,D,90,6.3,,0.0,,,29,22.0,75.9,,1.0,1.0,3.0,0,0,5.0,10.0
Fiorentina vs Como,Fiorentina,138815,Tariq Lamptey,M,22,6.7,,0.0,,,3,2.0,66.7,1.0,,,,0,0,1.0,1.0
Fiorentina vs Como,Fiorentina,881,Hans Nicolussi Caviglia,M,90,7,,0.0,1.0,,35,28.0,80.0,4.0,1.0,2.0,4.0,0,0,9.0,15.0
Fiorentina vs Como,Fiorentina,30810,Rolando Mandragora,M,62,7.9,1.0,0.0,1.0,1.0,20,14.0,70.0,4.0,1.0,,,0,0,5.0,8.0
Fiorentina vs Como,Fiorentina,340700,Jacopo Fazzini,M,62,6.2,,0.0,,,12,11.0,91.7,3.0,2.0,2.0,1.0,0,0,4.0,14.0
Fiorentina vs Como,Fiorentina,30440,Roberto Piccoli,F,77,5.9,,0.0,1.0,,9,6.0,66.7,,2.0,1.0,1.0,0,0,2.0,11.0
Fiorentina vs Como,Fiorentina,877,Moise Kean,F,90,6.9,,0.0,1.0,,5,3.0,60.0,1.0,,2.0,1.0,0,0,3.0,7.0
Fiorentina vs Como,Fiorentina,437093,Niccolò Fortini,D,68,6.9,,0.0,,,19,16.0,84.2,3.0,,1.0,2.0,0,0,11.0,17.0
Fiorentina vs Como,Fiorentina,1014,Simon Sohm,M,28,6.2,,0.0,1.0,,7,2.0,28.6,,,1.0,1.0,1,0,1.0,4.0
Fiorentina vs Como,Fiorentina,876,Nicolò Fagioli,M,28,6.6,,0.0,,,17,14.0,82.4,1.0,,,2.0,0,0,3.0,3.0
Fiorentina vs Como,Fiorentina,180510,Mattia Viti,D,13,6.3,,0.0,,,9,9.0,100.0,,,1.0,,0,0,1.0,5.0
Fiorentina vs Como,Fiorentina,790,Edin Džeko,F,13,6.9,,0.0,,,5,2.0,40.0,,,,2.0,0,0,4.0,4.0
Fiorentina vs Como,Como,8574,Jean Butez,G,90,6.9,,0.0,,,39,30.0,76.9,,,,,0,0,,
Fiorentina vs Como,Como,14266,Ivan Smolčić,D,90,6.7,,0.0,1.0,,51,45.0,88.2,2.0,,1.0,1.0,0,0,6.0,12.0
Fiorentina vs Como,Como,21090,Diego Carlos,D,90,6.9,,0.0,,,29,24.0,82.8,2.0,1.0,1.0,1.0,0,0,4.0,5.0
Fiorentina vs Como,Como,26301,Marc-Oliver Kempf,D,90,7.3,1.0,0.0,1.0,1.0,46,40.0,87.0,,1.0,3.0,,1,0,4.0,12.0
Fiorentina vs Como,Como,336560,Álex Valle,D,82,6.3,,0.0,2.0,,39,34.0,87.2,2.0,1.0,1.0,1.0,0,0,3.0,8.0
Fiorentina vs Como,Como,288699,Máximo Perrone,M,90,7.2,,0.0,1.0,,87,81.0,93.1,1.0,1.0,4.0,3.0,0,0,7.0,12.0
Fiorentina vs Como,Como,137,Sergi Roberto,M,89,6.2,,0.0,3.0,1.0,68,64.0,94.1,,,1.0,1.0,1,0,1.0,5.0
Fiorentina vs Como,Como,8586,Mërgim Vojvoda,M,45,5.9,,0.0,,,21,16.0,76.2,,1.0,3.0,,1,0,1.0,6.0
Fiorentina vs Como,Como,350037,Nico Paz,M,90,8.2,,2.0,3.0,3.0,48,38.0,79.2,8.0,,2.0,2.0,0,0,14.0,23.0
Fiorentina vs Como,Como,38753,Nicolas-Gerrit Kühn,M,61,6.5,,0.0,,,23,16.0,69.6,1.0,,1.0,,0,0,2.0,7.0
Fiorentina vs Como,Como,59,Álvaro Morata,F,61,6.9,,0.0,2.0,1.0,10,6.0,60.0,1.0,,1.0,3.0,0,0,4.0,7.0
Fiorentina vs Como,Como,443162,Jesús Rodriguez,F,45,7.2,,0.0,1.0,,18,15.0,83.3,,,1.0,2.0,0,0,7.0,11.0
Fiorentina vs Como,Como,354533,Jayden Addai,F,29,7.7,1.0,0.0,2.0,1.0,8,6.0,75.0,,,,1.0,0,0,1.0,2.0
Fiorentina vs Como,Como,26845,Anastasios Douvikas,F,29,6.6,,0.0,,,7,4.0,57.1,1.0,,,1.0,0,0,4.0,7.0
Fiorentina vs Como,Como,711,Stefan Posch,D,8,6.6,,0.0,,,8,7.0,87.5,,,,,0,0,,1.0
Inter vs Sassuolo,Inter,46988,Josep Martínez,G,90,6.7,,0.0,,,30,24.0,80.0,,,,,0,0,,
Inter vs Sassuolo,Inter,5,Manuel Akanji,D,90,6.9,,0.0,,,59,57.0,96.6,2.0,,2.0,,0,0,3.0,9.0
Inter vs Sassuolo,Inter,1836,Francesco Acerbi,D,90,7.3,,0.0,,,65,62.0,95.4,3.0,,1.0,,0,0,8.0,11.0
Inter vs Sassuolo,Inter,10238,Carlos Augusto,D,90,6.9,,0.0,4.0,2.0,49,47.0,95.9,1.0,1.0,2.0,1.0,0,0,5.0,11.0
Inter vs Sassuolo,Inter,226,Denzel Dumfries,M,64,7.2,,0.0,,,26,20.0,76.9,2.0,,,,0,0,5.0,7.0
Inter vs Sassuolo,Inter,30558,Nicolò Barella,M,90,7.3,,0.0,1.0,,61,49.0,80.3,2.0,,,,0,0,5.0,11.0
Inter vs Sassuolo,Inter,1640,Hakan Çalhanoğlu,M,65,7.3,,0.0,1.0,,67,63.0,94.0,1.0,,1.0,,1,0,2.0,3.0
Inter vs Sassuolo,Inter,348205,Petar Sučić,M,90,7.2,,1.0,,,37,35.0,94.6,1.0,1.0,3.0,2.0,0,0,4.0,10.0
Inter vs Sassuolo,Inter,31010,Federico Dimarco,M,90,9,1.0,0.0,2.0,2.0,29,26.0,89.7,4.0,,3.0,1.0,1,0,5.0,11.0
Inter vs Sassuolo,Inter,345808,Francesco Pio Esposito,F,77,5.6,,0.0,4.0,1.0,17,11.0,64.7,,,1.0,2.0,0,0,5.0,10.0
Inter vs Sassuolo,Inter,21509,Marcus Thuram,F,64,6.2,,0.0,1.0,,15,12.0,80.0,,,,1.0,0,0,2.0,7.0
Inter vs Sassuolo,Inter,10077,Luís Henrique,F,26,6.6,,0.0,,,14,12.0,85.7,,,,,0,0,1.0,1.0
Inter vs Sassuolo,Inter,217,Lautaro Martínez,F,26,6.7,,0.0,,,12,10.0,83.3,1.0,,1.0,,0,0,1.0,4.0
Inter vs Sassuolo,Inter,31173,Davide Frattesi,M,25,6.7,,0.0,1.0,1.0,4,3.0,75.0,1.0,,1.0,,0,0,2.0,5.0
Inter vs Sassuolo,Inter,275651,Ange-Yoan Bonny,F,13,6.9,,0.0,,,4,2.0,50.0,,,,1.0,0,0,2.0,3.0
Inter vs Sassuolo,Sassuolo,616,Arijanet Murić,G,90,7.7,,0.0,,,41,25.0,61.0,,,,,0,0,1.0,1.0
Inter vs Sassuolo,Sassuolo,128338,Woyo Coulibaly,D,89,6.2,,0.0,,,23,20.0,87.0,2.0,,1.0,,0,0,3.0,5.0
Inter vs Sassuolo,Sassuolo,37651,Jay Idzes,D,90,6.7,,0.0,,,37,33.0,89.2,2.0,1.0,2.0,,0,0,4.0,11.0
Inter vs Sassuolo,Sassuolo,271350,Tarik Muharemović,D,90,6.3,,0.0,,,44,39.0,88.6,3.0,2.0,2.0,,1,0,6.0,11.0
Inter vs Sassuolo,Sassuolo,135526,Josh Doig,D,90,6.9,,0.0,,,26,24.0,92.3,1.0,,,,0,0,1.0,5.0
Inter vs Sassuolo,Sassuolo,127413,Aster Vranckx,M,69,6.7,,0.0,,,7,4.0,57.1,1.0,,,1.0,0,0,2.0,4.0
Inter vs Sassuolo,Sassuolo,902,Nemanja Matić,M,90,6.6,,0.0,,,42,31.0,73.8,3.0,,2.0,3.0,0,0,9.0,14.0
Inter vs Sassuolo,Sassuolo,328046,Ismael Koné,M,68,7,,0.0,,,15,14.0,93.3,2.0,1.0,,1.0,0,0,4.0,5.0
Inter vs Sassuolo,Sassuolo,30537,Domenico Berardi,F,90,7.3,,1.0,3.0,2.0,26,23.0,88.5,1.0,,1.0,3.0,0,0,6.0,12.0
Inter vs Sassuolo,Sassuolo,31094,Andrea Pinamonti,F,78,6.2,,0.0,1.0,1.0,16,10.0,62.5,1.0,,,1.0,0,0,4.0,14.0
Inter vs Sassuolo,Sassuolo,2215,Armand Laurienté,F,68,6.7,,0.0,1.0,1.0,11,8.0,72.7,2.0,,,1.0,0,0,4.0,10.0
Inter vs Sassuolo,Sassuolo,263699,Alieu Fadera,F,22,6.6,,0.0,,,7,6.0,85.7,,1.0,,1.0,0,0,2.0,3.0
Inter vs Sassuolo,Sassuolo,39143,Kristian Thorstvedt,M,22,6.7,,0.0,,,8,8.0,100.0,,,,1.0,0,0,1.0,1.0
Inter vs Sassuolo,Sassuolo,342035,Cristian Volpato,M,21,7,,0.0,,,8,7.0,87.5,,,,,0,0,2.0,3.0
Inter vs Sassuolo,Sassuolo,128478,Walid Cheddira,F,12,7.6,1.0,0.0,1.0,1.0,4,4.0,100.0,,,,1.0,0,0,2.0,2.0
Napoli vs Pisa,Napoli,312,Alex Meret,G,90,7.9,,0.0,,,30,25.0,83.3,,,,,0,0,,
Napoli vs Pisa,Napoli,31042,Giovanni Di Lorenzo,D,90,6,,0.0,1.0,1.0,84,75.0,89.3,2.0,,,,0,0,4.0,5.0
Napoli vs Pisa,Napoli,37604,Sam Beukema,D,90,6.3,,0.0,1.0,1.0,89,86.0,96.6,1.0,2.0,1.0,2.0,0,0,3.0,6.0
Napoli vs Pisa,Napoli,31226,Alessandro Buongiorno,D,81,6.6,,0.0,,,52,46.0,88.5,2.0,1.0,2.0,3.0,0,0,6.0,9.0
Napoli vs Pisa,Napoli,862,Leonardo Spinazzola,D,90,8.3,1.0,0.0,1.0,1.0,46,37.0,80.4,1.0,,,,1,0,2.0,5.0
Napoli vs Pisa,Napoli,130423,Billy Gilmour,M,58,8,1.0,0.0,1.0,1.0,64,61.0,95.3,1.0,1.0,1.0,1.0,0,0,3.0,7.0
Napoli vs Pisa,Napoli,219,Matteo Politano,M,90,7.3,,0.0,1.0,,35,32.0,91.4,2.0,,,4.0,0,0,7.0,10.0
Napoli vs Pisa,Napoli,1358,Eljif Elmas,M,58,6.9,,0.0,,,28,23.0,82.1,1.0,,2.0,,0,0,2.0,5.0
Napoli vs Pisa,Napoli,629,Kevin De Bruyne,M,90,6.2,,0.0,2.0,1.0,61,52.0,85.2,,2.0,,1.0,0,0,2.0,6.0
Napoli vs Pisa,Napoli,903,Scott McTominay,M,90,6.3,,1.0,2.0,,30,27.0,90.0,1.0,1.0,1.0,2.0,0,0,4.0,12.0
Napoli vs Pisa,Napoli,288006,Rasmus Højlund,F,78,6.9,,0.0,,,12,8.0,66.7,,,2.0,1.0,0,0,4.0,7.0
Napoli vs Pisa,Napoli,3406,Frank Anguissa,M,32,6.3,,0.0,,,22,21.0,95.5,2.0,1.0,,,0,0,3.0,6.0
Napoli vs Pisa,Napoli,47439,Stanislav Lobotka,M,32,6.9,,1.0,,,26,25.0,96.2,2.0,,,2.0,0,0,4.0,5.0
Napoli vs Pisa,Napoli,199089,Lorenzo Lucca,F,12,7.5,1.0,0.0,1.0,1.0,6,6.0,100.0,,,1.0,1.0,0,0,1.0,3.0
Napoli vs Pisa,Napoli,774,Juan Jesus,D,9,6.5,,0.0,,,9,9.0,100.0,1.0,,,,0,0,1.0,2.0
Napoli vs Pisa,Pisa,30733,Adrian Šemper,G,90,6.6,,0.0,,,22,13.0,59.1,,,,,0,0,,
Napoli vs Pisa,Pisa,91503,Simone Canestrelli,D,90,6.3,,0.0,1.0,1.0,25,21.0,84.0,3.0,2.0,1.0,,0,0,4.0,5.0
Napoli vs Pisa,Pisa,31604,Antonio Caracciolo,D,90,6.9,,0.0,,,37,31.0,83.8,2.0,1.0,1.0,1.0,1,0,4.0,8.0
Napoli vs Pisa,Pisa,435548,Mateus Lusuardi,D,90,5.9,,0.0,,,39,34.0,87.2,1.0,,3.0,,1,0,3.0,9.0
Napoli vs Pisa,Pisa,30753,Mehdi Léris,M,61,7.3,,0.0,1.0,1.0,26,20.0,76.9,1.0,2.0,1.0,1.0,0,0,3.0,6.0
Napoli vs Pisa,Pisa,30723,Marius Marin,M,80,6.2,,0.0,,,14,13.0,92.9,,,2.0,2.0,0,0,3.0,6.0
Napoli vs Pisa,Pisa,951,Michel Aebischer,M,90,7,,0.0,,,59,53.0,89.8,5.0,1.0,1.0,1.0,0,0,6.0,9.0
Napoli vs Pisa,Pisa,408635,Ebenezer Akinsanmiro,M,90,6.6,,0.0,2.0,1.0,34,30.0,88.2,1.0,,1.0,,0,0,4.0,9.0
Napoli vs Pisa,Pisa,341838,Giovanni Bonfanti,M,74,6.7,,0.0,1.0,1.0,11,5.0,45.5,2.0,1.0,2.0,1.0,0,0,4.0,8.0
Napoli vs Pisa,Pisa,31318,M'Bala Nzola,F,75,6.9,1.0,0.0,2.0,1.0,15,11.0,73.3,,,2.0,2.0,0,0,4.0,8.0
Napoli vs Pisa,Pisa,31560,Stefano Moreo,F,61,6.7,,0.0,,,19,12.0,63.2,2.0,,,,0,0,3.0,5.0
Napoli vs Pisa,Pisa,866,Juan Cuadrado,M,29,6.6,,0.0,,,15,13.0,86.7,1.0,,,,0,0,2.0,3.0
Napoli vs Pisa,Pisa,331678,Henrik Wendel Meister,F,29,6.3,,0.0,,,2,1.0,50.0,,,1.0,,0,0,1.0,6.0
Napoli vs Pisa,Pisa,302069,Samuele Angori,D,16,6.6,,1.0,,,4,3.0,75.0,,,2.0,,0,0,,2.0
Napoli vs Pisa,Pisa,20959,Matteo Tramoni,F,15,6.3,,0.0,1.0,,0,,,1.0,,1.0,,0,0,1.0,3.0
Napoli vs Pisa,Pisa,403300,Lorran,M,10,7.3,1.0,0.0,1.0,1.0,9,7.0,77.8,,1.0,,,0,0,,1.0
Como vs Cremonese,Como,8574,Jean Butez,G,90,6.9,,0.0,,,26,18.0,69.2,,,,,0,0,,
Como vs Cremonese,Como,711,Stefan Posch,D,90,7,,0.0,1.0,1.0,56,44.0,78.6,4.0,1.0,,1.0,0,0,7.0,8.0
Como vs Cremonese,Como,21090,Diego Carlos,D,90,6.3,,0.0,,,56,51.0,91.1,,,1.0,1.0,0,0,2.0,6.0
Como vs Cremonese,Como,386305,Jacobo Ramón,D,45,6.9,,0.0,,,57,55.0,96.5,1.0,,2.0,,1,0,3.0,7.0
Como vs Cremonese,Como,336560,Álex Valle,D,90,6.9,,0.0,,,31,25.0,80.6,3.0,1.0,1.0,4.0,0,0,8.0,10.0
Como vs Cremonese,Como,288699,Máximo Perrone,M,90,6.5,,0.0,,,55,49.0,89.1,,,2.0,1.0,1,0,2.0,8.0
Como vs Cremonese,Como,137,Sergi Roberto,M,21,6.2,,0.0,,,14,12.0,85.7,,,,,0,0,,1.0
Como vs Cremonese,Como,38753,Nicolas-Gerrit Kühn,M,45,6.2,,0.0,1.0,,11,10.0,90.9,,,,,0,0,,2.0
Como vs Cremonese,Como,350037,Nico Paz,M,89,8.2,1.0,0.0,3.0,3.0,35,28.0,80.0,3.0,,3.0,4.0,0,0,9.0,16.0
Como vs Cremonese,Como,443162,Jesús Rodriguez,M,82,7,,1.0,2.0,1.0,27,22.0,81.5,,,2.0,,0,1,1.0,3.0
Como vs Cremonese,Como,26845,Anastasios Douvikas,F,66,6.7,,0.0,2.0,1.0,10,8.0,80.0,2.0,1.0,2.0,2.0,0,0,5.0,14.0
Como vs Cremonese,Como,162266,Lucas Da Cunha,M,69,6.7,,0.0,,,29,26.0,89.7,1.0,,1.0,2.0,1,0,3.0,7.0
Como vs Cremonese,Como,26301,Marc-Oliver Kempf,D,45,6.2,,0.0,1.0,,28,19.0,67.9,,,1.0,,0,0,4.0,6.0
Como vs Cremonese,Como,354533,Jayden Addai,F,45,6.2,,0.0,1.0,,6,3.0,50.0,,1.0,1.0,,0,0,1.0,4.0
Como vs Cremonese,Como,659,Maxence Caqueret,M,24,6.5,,0.0,,,9,6.0,66.7,1.0,,,,0,0,1.0,2.0
Como vs Cremonese,Cremonese,30915,Marco Silvestri,G,90,7.9,,0.0,,,31,20.0,64.5,,,,,0,0,,
Como vs Cremonese,Cremonese,264472,Filippo Terracciano,D,90,6.3,,0.0,,,43,33.0,76.7,1.0,,,2.0,0,0,4.0,6.0
Como vs Cremonese,Cremonese,127035,Federico Baschirotto,D,90,7.3,1.0,0.0,3.0,2.0,40,32.0,80.0,,1.0,1.0,,1,0,2.0,4.0
Como vs Cremonese,Cremonese,30919,Matteo Bianchetti,D,90,7,,0.0,1.0,,46,36.0,78.3,3.0,,1.0,,0,0,5.0,8.0
Como vs Cremonese,Cremonese,31219,Alessio Zerbin,M,45,6.2,,0.0,,,7,5.0,71.4,1.0,,1.0,,0,0,2.0,5.0
Como vs Cremonese,Cremonese,266813,Warren Bondo,M,89,6.7,,0.0,,,23,22.0,95.7,4.0,,4.0,,0,0,4.0,11.0
Como vs Cremonese,Cremonese,31021,Alberto Grassi,M,90,6.6,,0.0,,,38,29.0,76.3,4.0,6.0,1.0,2.0,0,0,6.0,10.0
Como vs Cremonese,Cremonese,6383,Martín Payero,M,64,6.3,,0.0,1.0,,11,8.0,72.7,,1.0,4.0,1.0,1,0,3.0,8.0
Como vs Cremonese,Cremonese,30775,Giuseppe Pezzella,M,90,6.3,,0.0,2.0,,21,16.0,76.2,2.0,,,2.0,0,0,4.0,8.0
Como vs Cremonese,Cremonese,31436,Federico Bonazzoli,F,77,7,,0.0,1.0,,20,19.0,95.0,1.0,,,2.0,0,0,6.0,9.0
Como vs Cremonese,Cremonese,36986,Dennis Johnsen,F,64,6.7,,0.0,,,14,4.0,28.6,,,1.0,,0,0,7.0,10.0
Como vs Cremonese,Cremonese,342651,Romano Floriani Mussolini,D,45,6.3,,0.0,1.0,,7,5.0,71.4,1.0,,2.0,1.0,1,0,2.0,7.0
Como vs Cremonese,Cremonese,2522,Antonio Sanabria,F,26,6.7,,0.0,,,3,3.0,100.0,,,1.0,1.0,1,0,2.0,4.0
Como vs Cremonese,Cremonese,2057,Franco Vázquez,F,26,6.2,,1.0,,,8,7.0,87.5,,,1.0,,0,0,,4.0
Como vs Cremonese,Cremonese,31211,Jari Vandeputte,M,13,6.6,,0.0,,,4,2.0,50.0,,,,1.0,0,0,1.0,1.0
Juventus vs Atalanta,Juventus,30670,Michele Di Gregorio,G,90,6.7,,0.0,,,29,26.0,89.7,,,,,0,0,,
Juventus vs Atalanta,Juventus,268341,Federico Gatti,D,64,6.5,,0.0,,,49,46.0,93.9,,,2.0,,0,0,1.0,4.0
Juventus vs Atalanta,Juventus,30497,Bremer,D,76,7.2,,0.0,1.0,1.0,56,53.0,94.6,1.0,1.0,,1.0,0,0,4.0,6.0
Juventus vs Atalanta,Juventus,19263,Lloyd Kelly,D,90,7,,0.0,2.0,1.0,70,64.0,91.4,1.0,,,,0,0,4.0,4.0
Juventus vs Atalanta,Juventus,162188,Pierre Kalulu,M,90,7.2,,0.0,2.0,,83,76.0,91.6,1.0,1.0,,,0,0,3.0,5.0
Juventus vs Atalanta,Juventus,36899,Teun Koopmeiners,M,90,7.2,,0.0,3.0,2.0,51,51.0,100.0,3.0,1.0,1.0,,0,0,4.0,9.0
Juventus vs Atalanta,Juventus,116,Khéphren Thuram,M,58,6.9,,0.0,,,45,41.0,91.1,1.0,,,1.0,0,0,3.0,4.0
Juventus vs Atalanta,Juventus,127011,Andrea Cambiaso,M,90,7.2,,0.0,,,58,56.0,96.6,,1.0,1.0,1.0,0,0,2.0,4.0
Juventus vs Atalanta,Juventus,339872,Vasilije Adžić,F,58,5.6,,0.0,3.0,2.0,31,21.0,67.7,1.0,,,,0,0,1.0,3.0
Juventus vs Atalanta,Juventus,339883,Kenan Yıldız,F,90,7,,0.0,1.0,1.0,45,37.0,82.2,3.0,,,,0,0,7.0,12.0
Juventus vs Atalanta,Juventus,86,Loïs Openda,F,64,6.7,,0.0,,,18,14.0,77.8,,,1.0,1.0,0,0,4.0,7.0
Juventus vs Atalanta,Juventus,415,Weston McKennie,M,32,6.9,,0.0,1.0,1.0,15,11.0,73.3,2.0,,1.0,1.0,0,0,4.0,6.0
Juventus vs Atalanta,Juventus,30415,Dušan Vlahović,F,32,6.2,,0.0,1.0,,3,3.0,100.0,,,,,0,0,,4.0
Juventus vs Atalanta,Juventus,41734,João Mário,D,26,7,,0.0,,,16,12.0,75.0,,,,1.0,0,0,2.0,3.0
Juventus vs Atalanta,Juventus,48392,Edon Zhegrova,F,26,7.2,,0.0,1.0,1.0,21,16.0,76.2,,,,1.0,0,0,7.0,10.0
Juventus vs Atalanta,Juventus,125674,Juan Cabal,D,14,7.9,1.0,0.0,1.0,1.0,10,10.0,100.0,,,,,0,0,,
Juventus vs Atalanta,Atalanta,30417,Marco Carnesecchi,G,90,8.3,,0.0,,,28,16.0,57.1,,,,,0,0,1.0,1.0
Juventus vs Atalanta,Atalanta,48119,Odilon Kossounou,D,90,6.2,,0.0,,,27,24.0,88.9,2.0,,1.0,1.0,0,0,6.0,12.0
Juventus vs Atalanta,Atalanta,30421,Berat Djimsiti,D,90,6.7,,0.0,1.0,,25,21.0,84.0,,2.0,1.0,,0,0,2.0,6.0
Juventus vs Atalanta,Atalanta,453906,Honest Ahanor,D,90,6.9,,0.0,,,31,25.0,80.6,4.0,1.0,1.0,1.0,0,0,7.0,11.0
Juventus vs Atalanta,Atalanta,91422,Raoul Bellanova,M,90,7.3,,0.0,,,22,19.0,86.4,2.0,,,1.0,0,0,3.0,4.0
Juventus vs Atalanta,Atalanta,30432,Marten de Roon,M,80,6,,0.0,,,42,36.0,85.7,1.0,,2.0,,2,1,1.0,5.0
Juventus vs Atalanta,Atalanta,2763,Mario Pašalić,M,90,6.2,,0.0,2.0,1.0,32,26.0,81.2,,2.0,1.0,,0,0,1.0,6.0
Juventus vs Atalanta,Atalanta,2286,Davide Zappacosta,M,90,6.2,,0.0,,,24,17.0,70.8,,,1.0,,1,0,1.0,6.0
Juventus vs Atalanta,Atalanta,178749,Lazar Samardžić,F,76,6.6,,0.0,1.0,,24,21.0,87.5,,1.0,,,0,0,,5.0
Juventus vs Atalanta,Atalanta,199837,Kamaldeen Sulemana,F,61,7.7,1.0,0.0,1.0,1.0,9,5.0,55.6,,,,1.0,0,0,3.0,7.0
Juventus vs Atalanta,Atalanta,66817,Nikola Krstović,F,82,6.7,,0.0,4.0,,25,19.0,76.0,1.0,1.0,,2.0,0,0,5.0,8.0
Juventus vs Atalanta,Atalanta,147859,Charles De Ketelaere,F,29,6.6,,0.0,,,8,6.0,75.0,1.0,1.0,,,0,0,3.0,6.0
Juventus vs Atalanta,Atalanta,162106,Yunus Musah,M,14,6.7,,0.0,,,1,,,1.0,,,,0,0,2.0,3.0
Juventus vs Atalanta,Atalanta,1639,Marco Brescianini,M,8,6.6,,0.0,,,1,,,,1.0,,,0,0,,1.0
Cagliari vs Inter,Cagliari,30731,Elia Caprile,G,90,7.9,,0.0,,,34,29.0,85.3,,,,,0,0,,
Cagliari vs Inter,Cagliari,41964,Zé Pedro,D,58,6.3,,0.0,,,23,19.0,82.6,,1.0,2.0,1.0,0,0,1.0,5.0
Cagliari vs Inter,Cagliari,2484,Yerry Mina,D,90,6.7,,0.0,,,42,40.0,95.2,2.0,1.0,2.0,4.0,0,0,7.0,12.0
Cagliari vs Inter,Cagliari,319,Sebastiano Luperto,D,90,6.2,,0.0,,,46,39.0,84.8,,3.0,3.0,,0,0,,5.0
Cagliari vs Inter,Cagliari,383018,Marco Palestra,M,90,6.7,,0.0,,,34,28.0,82.4,,2.0,1.0,3.0,0,0,4.0,6.0
Cagliari vs Inter,Cagliari,30505,Michel Adopo,M,90,6.5,,0.0,1.0,,40,31.0,77.5,1.0,3.0,,,0,0,3.0,4.0
Cagliari vs Inter,Cagliari,30561,Alessandro Deiola,M,58,6.7,,0.0,,,21,14.0,66.7,3.0,,,,0,0,4.0,5.0
Cagliari vs Inter,Cagliari,56851,Michael Folorunsho,M,77,6.5,,0.0,1.0,,13,9.0,69.2,1.0,,1.0,1.0,0,0,5.0,10.0
Cagliari vs Inter,Cagliari,321744,Adam Obert,M,77,6.9,,0.0,,,41,31.0,75.6,2.0,2.0,,,0,0,3.0,3.0
Cagliari vs Inter,Cagliari,30509,Andrea Belotti,F,44,6.3,,0.0,,,0,,,,2.0,2.0,3.0,0,0,4.0,9.0
Cagliari vs Inter,Cagliari,215,Sebastiano Esposito,F,90,6.6,,0.0,1.0,,23,16.0,69.6,,,1.0,1.0,0,0,2.0,7.0
Cagliari vs Inter,Cagliari,309388,Matteo Prati,M,46,6.9,,0.0,,,17,16.0,94.1,2.0,1.0,1.0,,0,0,3.0,5.0
Cagliari vs Inter,Cagliari,31734,Mattia Felici,F,32,6.7,,0.0,,,6,2.0,33.3,,,,1.0,0,0,1.0,2.0
Cagliari vs Inter,Cagliari,325,Gianluca Gaetano,M,32,6.2,,0.0,1.0,,22,15.0,68.2,1.0,2.0,,,0,0,2.0,6.0
Cagliari vs Inter,Cagliari,383026,Riyad Idrissi,D,13,6.7,,0.0,,,9,9.0,100.0,,,,,0,0,1.0,2.0
Cagliari vs Inter,Cagliari,31499,Gennaro Borrelli,F,13,6.3,,0.0,,,3,3.0,100.0,,,,,0,0,1.0,2.0
Cagliari vs Inter,Inter,46988,Josep Martínez,G,90,6.7,,0.0,,,33,25.0,75.8,,,,,0,0,,
Cagliari vs Inter,Inter,5,Manuel Akanji,D,90,7.2,,0.0,1.0,,68,60.0,88.2,3.0,1.0,,,0,0,4.0,5.0
Cagliari vs Inter,Inter,194,Stefan de Vrij,D,90,7.3,,0.0,,,58,51.0,87.9,1.0,,,,0,0,5.0,7.0
Cagliari vs Inter,Inter,31009,Alessandro Bastoni,D,90,8.3,,1.0,,,72,61.0,84.7,2.0,1.0,,1.0,0,0,4.0,4.0
Cagliari vs Inter,Inter,10077,Luís Henrique,M,72,6.7,,0.0,,,30,25.0,83.3,,1.0,,,0,0,,1.0
Cagliari vs Inter,Inter,30558,Nicolò Barella,M,64,6.5,,0.0,,,42,36.0,85.7,1.0,,2.0,,1,0,1.0,7.0
Cagliari vs Inter,Inter,1640,Hakan Çalhanoğlu,M,90,7.2,,0.0,1.0,,76,66.0,86.8,1.0,1.0,3.0,1.0,0,0,4.0,10.0
Cagliari vs Inter,Inter,1457,Henrikh Mkhitaryan,M,90,7,,0.0,2.0,,51,45.0,88.2,,2.0,1.0,1.0,0,0,4.0,8.0
Cagliari vs Inter,Inter,10238,Carlos Augusto,M,45,6.9,,0.0,,,13,12.0,92.3,,1.0,3.0,1.0,1,0,1.0,4.0
Cagliari vs Inter,Inter,21509,Marcus Thuram,F,64,5.9,,0.0,4.0,2.0,19,13.0,68.4,,,3.0,1.0,0,0,3.0,9.0
Cagliari vs Inter,Inter,217,Lautaro Martínez,F,89,7.6,1.0,0.0,4.0,2.0,32,25.0,78.1,1.0,,2.0,4.0,0,0,8.0,14.0
Cagliari vs Inter,Inter,31010,Federico Dimarco,D,45,7.6,,1.0,1.0,,24,22.0,91.7,,,,,0,0,,1.0
Cagliari vs Inter,Inter,31173,Davide Frattesi,M,26,6.7,,0.0,1.0,,7,6.0,85.7,1.0,,,,0,0,1.0,1.0
Cagliari vs Inter,Inter,345808,Francesco Pio Esposito,F,26,7.5,1.0,0.0,2.0,1.0,6,3.0,50.0,,1.0,,3.0,0,0,3.0,5.0
Cagliari vs Inter,Inter,226,Denzel Dumfries,D,18,6.7,,0.0,,,4,1.0,25.0,1.0,,,,0,0,2.0,5.0
Sassuolo vs Udinese,Sassuolo,616,Arijanet Murić,G,90,7.3,,0.0,,,36,21.0,58.3,,,,1.0,0,0,1.0,1.0
Sassuolo vs Udinese,Sassuolo,40582,Sebastian Walukiewicz,D,80,7.3,,0.0,,,27,19.0,70.4,3.0,1.0,,1.0,0,0,7.0,7.0
Sassuolo vs Udinese,Sassuolo,37651,Jay Idzes,D,90,6.7,,0.0,1.0,,31,23.0,74.2,1.0,,,,0,0,5.0,7.0
Sassuolo vs Udinese,Sassuolo,271350,Tarik Muharemović,D,90,6.7,,0.0,,,41,32.0,78.0,1.0,,,2.0,0,0,6.0,8.0
Sassuolo vs Udinese,Sassuolo,135526,Josh Doig,D,90,6.6,,0.0,,,29,24.0,82.8,2.0,1.0,,2.0,0,0,6.0,9.0
Sassuolo vs Udinese,Sassuolo,127413,Aster Vranckx,M,58,6.2,,0.0,,,12,11.0,91.7,,,,2.0,0,0,2.0,4.0
Sassuolo vs Udinese,Sassuolo,902,Nemanja Matić,M,90,6.7,,0.0,,,42,32.0,76.2,,2.0,,,0,0,,5.0
Sassuolo vs Udinese,Sassuolo,328046,Ismael Koné,M,79,7.6,1.0,0.0,1.0,1.0,10,10.0,100.0,1.0,,1.0,2.0,0,0,6.0,10.0
Sassuolo vs Udinese,Sassuolo,30537,Domenico Berardi,F,90,7.3,,1.0,1.0,,29,27.0,93.1,1.0,1.0,2.0,3.0,0,0,6.0,13.0
Sassuolo vs Udinese,Sassuolo,31094,Andrea Pinamonti,F,86,6.5,,0.0,1.0,1.0,13,11.0,84.6,,,,,0,0,2.0,8.0
Sassuolo vs Udinese,Sassuolo,2215,Armand Laurienté,F,58,8.2,1.0,1.0,1.0,1.0,13,11.0,84.6,,,,2.0,0,0,2.0,3.0
Sassuolo vs Udinese,Sassuolo,263699,Alieu Fadera,F,32,7.5,,1.0,,,8,8.0,100.0,1.0,,2.0,2.0,0,0,4.0,10.0
Sassuolo vs Udinese,Sassuolo,39143,Kristian Thorstvedt,M,32,6.6,,0.0,1.0,,17,12.0,70.6,2.0,1.0,,1.0,0,0,3.0,5.0
Sassuolo vs Udinese,Sassuolo,281291,Edoardo Iannoni,M,11,7.5,1.0,0.0,1.0,1.0,6,5.0,83.3,,,,,0,0,,1.0
Sassuolo vs Udinese,Sassuolo,128338,Woyo Coulibaly,D,10,6.9,,0.0,,,6,6.0,100.0,,,,1.0,0,0,1.0,1.0
Sassuolo vs Udinese,Sassuolo,128478,Walid Cheddira,F,9,6.5,,0.0,1.0,1.0,1,,,1.0,,,,0,0,1.0,1.0
Sassuolo vs Udinese,Udinese,197830,Răzvan Sava,G,90,6.6,,0.0,,,26,23.0,88.5,,,,,0,0,,
Sassuolo vs Udinese,Udinese,422156,Matteo Palma,D,45,6.3,,0.0,,,24,20.0,83.3,,1.0,1.0,,0,0,3.0,5.0
Sassuolo vs Udinese,Udinese,281495,Thomas Kristensen,D,90,6.5,,0.0,1.0,,58,52.0,89.7,1.0,1.0,,,0,0,2.0,3.0
Sassuolo vs Udinese,Udinese,656,Oumar Solet,D,90,6.7,,0.0,1.0,,69,63.0,91.3,1.0,2.0,1.0,1.0,0,0,5.0,9.0
Sassuolo vs Udinese,Udinese,162907,Alessandro Zanoli,M,67,6.2,,0.0,,,23,22.0,95.7,,,1.0,,0,0,2.0,5.0
Sassuolo vs Udinese,Udinese,1939,Jakub Piotrowski,M,45,6.3,,0.0,,,10,9.0,90.0,2.0,,1.0,,1,0,2.0,4.0
Sassuolo vs Udinese,Udinese,48047,Jesper Karlström,M,90,7.3,,0.0,,,60,50.0,83.3,1.0,1.0,,1.0,0,0,4.0,6.0
Sassuolo vs Udinese,Udinese,347644,Arthur Atta,M,80,6.7,,0.0,1.0,1.0,35,26.0,74.3,,,2.0,2.0,0,0,5.0,11.0
Sassuolo vs Udinese,Udinese,19824,Jordan Zemura,M,90,6,,0.0,,,22,16.0,72.7,2.0,2.0,3.0,,0,0,2.0,7.0
Sassuolo vs Udinese,Udinese,786,Nicolò Zaniolo,F,76,6,,0.0,4.0,2.0,14,12.0,85.7,,,4.0,,1,0,3.0,10.0
Sassuolo vs Udinese,Udinese,19185,Keinan Davis,F,90,6.9,1.0,0.0,3.0,1.0,13,11.0,84.6,2.0,,3.0,,0,0,7.0,19.0
Sassuolo vs Udinese,Udinese,36916,Kingsley Ehizibue,D,45,6,,0.0,,,20,14.0,70.0,1.0,,2.0,1.0,1,0,3.0,7.0
Sassuolo vs Udinese,Udinese,343558,Lennon Miller,M,45,6.3,,0.0,,,10,8.0,80.0,2.0,,2.0,,0,0,3.0,5.0
Sassuolo vs Udinese,Udinese,541,Jürgen Ekkelenkamp,M,23,6.2,,0.0,1.0,1.0,7,6.0,85.7,,,,,0,0,,1.0
Sassuolo vs Udinese,Udinese,434410,Idrissa Gueye,F,14,6.3,,0.0,,,2,1.0,50.0,,,2.0,,0,0,,
Sassuolo vs Udinese,Udinese,7591,Sandi Lovrić,M,10,6.5,,0.0,,,11,9.0,81.8,,1.0,,,0,0,,1.0
AS Roma vs Hellas Verona,AS Roma,556,Mile Svilar,G,90,7.3,,0.0,,,44,27.0,61.4,1.0,,,,0,0,1.0,1.0
AS Roma vs Hellas Verona,AS Roma,22222,Zeki Çelik,D,90,7.5,,1.0,1.0,,39,30.0,76.9,2.0,1.0,1.0,,0,0,5.0,8.0
AS Roma vs Hellas Verona,AS Roma,30425,Gianluca Mancini,D,90,7.2,,0.0,,,29,27.0,93.1,3.0,3.0,1.0,1.0,0,0,5.0,11.0
AS Roma vs Hellas Verona,AS Roma,1807,Evan Ndicka,D,71,7,,0.0,,,42,33.0,78.6,1.0,1.0,,2.0,0,0,9.0,11.0
AS Roma vs Hellas Verona,AS Roma,349001,Wesley,M,59,6.7,,0.0,,,27,17.0,63.0,2.0,,1.0,,0,0,2.0,5.0
AS Roma vs Hellas Verona,AS Roma,22147,Manu Koné,M,90,6.9,,0.0,1.0,,39,35.0,89.7,4.0,,2.0,5.0,0,0,9.0,15.0
AS Roma vs Hellas Verona,AS Roma,778,Bryan Cristante,M,90,6.6,,0.0,2.0,2.0,55,39.0,70.9,,,1.0,,0,0,2.0,8.0
AS Roma vs Hellas Verona,AS Roma,227,Angeliño,M,59,7.2,,0.0,,,23,18.0,78.3,,,,1.0,0,0,3.0,4.0
AS Roma vs Hellas Verona,AS Roma,323936,Matías Soulé,F,82,7.7,1.0,0.0,1.0,1.0,31,26.0,83.9,1.0,,1.0,2.0,0,0,5.0,13.0
AS Roma vs Hellas Verona,AS Roma,782,Lorenzo Pellegrini,F,90,6.9,,0.0,,,42,24.0,57.1,1.0,,1.0,4.0,0,0,8.0,12.0
AS Roma vs Hellas Verona,AS Roma,15811,Artem Dovbyk,F,60,7.3,1.0,0.0,1.0,1.0,13,8.0,61.5,,1.0,1.0,,0,0,4.0,11.0
AS Roma vs Hellas Verona,AS Roma,2669,Mario Hermoso,D,31,6.3,,0.0,,,16,12.0,75.0,,,1.0,,0,0,,2.0
AS Roma vs Hellas Verona,AS Roma,1600,Konstantinos Tsimikas,D,31,6.5,,0.0,,,10,5.0,50.0,,1.0,,,0,0,,3.0
AS Roma vs Hellas Verona,AS Roma,129643,Evan Ferguson,F,30,6.9,,0.0,,,11,7.0,63.6,,,,2.0,0,0,2.0,7.0
AS Roma vs Hellas Verona,AS Roma,384543,Jan Ziółkowski,D,19,6.9,,0.0,,,8,4.0,50.0,1.0,,1.0,,0,0,3.0,5.0
AS Roma vs Hellas Verona,AS Roma,791,Stephan El Shaarawy,F,8,6.3,,0.0,1.0,1.0,3,3.0,100.0,,,,,0,0,,4.0
AS Roma vs Hellas Verona,Hellas Verona,30611,Lorenzo Montipò,G,90,6.7,,0.0,,,29,15.0,51.7,,,,,0,0,1.0,1.0
AS Roma vs Hellas Verona,Hellas Verona,47277,Unai Núñez,D,84,6.3,,0.0,,,42,27.0,64.3,1.0,2.0,3.0,,1,0,5.0,10.0
AS Roma vs Hellas Verona,Hellas Verona,15912,Victor Nelsson,D,90,6.9,,0.0,,,35,28.0,80.0,4.0,3.0,,1.0,0,0,11.0,15.0
AS Roma vs Hellas Verona,Hellas Verona,15909,Martin Frese,D,90,6.9,,0.0,,,43,22.0,51.2,6.0,3.0,3.0,1.0,0,0,13.0,17.0
AS Roma vs Hellas Verona,Hellas Verona,303362,Rafik Belghali,M,90,6.6,,0.0,1.0,1.0,21,17.0,81.0,,1.0,,,1,0,4.0,7.0
AS Roma vs Hellas Verona,Hellas Verona,418,Suat Serdar,M,90,6.6,,0.0,1.0,,32,24.0,75.0,3.0,1.0,3.0,2.0,0,0,5.0,10.0
AS Roma vs Hellas Verona,Hellas Verona,31678,Jean-Daniel Akpa Akpro,M,45,6.2,,0.0,,,10,4.0,40.0,,2.0,2.0,,1,0,2.0,4.0
AS Roma vs Hellas Verona,Hellas Verona,1090,Antoine Bernede,M,89,6.2,,0.0,1.0,1.0,25,20.0,80.0,,,,1.0,0,0,4.0,11.0
AS Roma vs Hellas Verona,Hellas Verona,14327,Domagoj Bradarić,M,84,7.3,,0.0,,,16,11.0,68.8,,,,1.0,0,0,2.0,3.0
AS Roma vs Hellas Verona,Hellas Verona,312615,Giovane,F,74,5.9,,0.0,1.0,,17,10.0,58.8,1.0,,2.0,1.0,0,0,3.0,13.0
AS Roma vs Hellas Verona,Hellas Verona,368260,Gift Orban,F,90,5.5,,0.0,3.0,1.0,8,4.0,50.0,,,1.0,1.0,0,0,4.0,11.0
AS Roma vs Hellas Verona,Hellas Verona,203,Roberto Gagliardini,M,45,7.2,,0.0,,,32,27.0,84.4,2.0,3.0,2.0,2.0,1,0,5.0,8.0
AS Roma vs Hellas Verona,Hellas Verona,236955,Amin Sarr,F,16,6.2,,0.0,1.0,,3,3.0,100.0,,,1.0,1.0,0,0,1.0,5.0
AS Roma vs Hellas Verona,Hellas Verona,25061,Armel Bella-Kotchap,D,14,6.9,,0.0,,,4,3.0,75.0,,,1.0,,0,0,1.0,2.0
AS Roma vs Hellas Verona,Hellas Verona,527889,Fallou Cham,D,14,6.3,,0.0,1.0,,2,1.0,50.0,1.0,,1.0,,0,0,1.0,2.0
AS Roma vs Hellas Verona,Hellas Verona,867,Grigoris Kastanos,M,8,7,,0.0,,,1,1.0,100.0,,,,,0,0,,1.0
Pisa vs Fiorentina,Pisa,30733,Adrian Šemper,G,90,6.6,,0.0,,,24,13.0,54.2,,,,,0,0,,
Pisa vs Fiorentina,Pisa,91503,Simone Canestrelli,D,90,7,,0.0,,,22,16.0,72.7,1.0,,2.0,,0,0,4.0,9.0
Pisa vs Fiorentina,Pisa,31604,Antonio Caracciolo,D,90,6.9,,0.0,,,21,14.0,66.7,3.0,2.0,1.0,,0,0,6.0,11.0
Pisa vs Fiorentina,Pisa,341838,Giovanni Bonfanti,D,90,7.5,,0.0,,,36,24.0,66.7,4.0,,2.0,,0,0,9.0,13.0
Pisa vs Fiorentina,Pisa,56293,Idrissa Touré,M,90,6.3,,0.0,3.0,1.0,19,8.0,42.1,2.0,2.0,1.0,,0,0,5.0,13.0
Pisa vs Fiorentina,Pisa,30723,Marius Marin,M,68,6.9,,0.0,,,15,12.0,80.0,5.0,,1.0,1.0,0,0,6.0,10.0
Pisa vs Fiorentina,Pisa,951,Michel Aebischer,M,49,7.3,,0.0,,,19,17.0,89.5,3.0,,1.0,,0,0,3.0,4.0
Pisa vs Fiorentina,Pisa,408635,Ebenezer Akinsanmiro,M,90,7.3,,0.0,,,16,15.0,93.8,5.0,1.0,2.0,5.0,0,0,12.0,21.0
Pisa vs Fiorentina,Pisa,30753,Mehdi Léris,M,67,6.6,,0.0,1.0,,8,7.0,87.5,,1.0,1.0,1.0,0,0,1.0,4.0
Pisa vs Fiorentina,Pisa,20959,Matteo Tramoni,F,87,6.5,,0.0,,,13,10.0,76.9,1.0,1.0,,,0,0,1.0,4.0
Pisa vs Fiorentina,Pisa,31318,M'Bala Nzola,F,68,7,,0.0,3.0,,13,10.0,76.9,1.0,,1.0,3.0,0,0,7.0,13.0
Pisa vs Fiorentina,Pisa,15723,Malthe Højholt,M,41,6.6,,0.0,,,14,10.0,71.4,1.0,,,,0,0,3.0,5.0
Pisa vs Fiorentina,Pisa,866,Juan Cuadrado,M,23,6.6,,0.0,1.0,,5,4.0,80.0,3.0,,,2.0,0,0,5.0,11.0
Pisa vs Fiorentina,Pisa,364600,Isak Vural,M,22,6.6,,0.0,,,4,2.0,50.0,,,1.0,2.0,0,0,2.0,3.0
Pisa vs Fiorentina,Pisa,331678,Henrik Wendel Meister,F,22,6.2,,0.0,,,0,,,,,2.0,,0,0,,5.0
Pisa vs Fiorentina,Pisa,31560,Stefano Moreo,F,8,6.6,,0.0,,,1,,,,,,1.0,0,0,2.0,2.0
Pisa vs Fiorentina,Fiorentina,882,David De Gea,G,90,7.2,,0.0,,,31,26.0,83.9,,,,2.0,0,0,2.0,2.0
Pisa vs Fiorentina,Fiorentina,1084,Marin Pongračić,D,90,7.2,,0.0,1.0,,60,52.0,86.7,1.0,,3.0,,0,0,1.0,4.0
Pisa vs Fiorentina,Fiorentina,46792,Pablo Marí,D,90,7.5,,0.0,,,65,59.0,90.8,2.0,2.0,,,0,0,7.0,10.0
Pisa vs Fiorentina,Fiorentina,31642,Luca Ranieri,D,90,7.3,,0.0,,,58,50.0,86.2,2.0,,1.0,1.0,0,0,6.0,8.0
Pisa vs Fiorentina,Fiorentina,41144,Dodô,M,90,6.7,,0.0,1.0,,22,14.0,63.6,3.0,,2.0,1.0,0,0,5.0,11.0
Pisa vs Fiorentina,Fiorentina,30810,Rolando Mandragora,M,90,6.7,,0.0,1.0,,33,24.0,72.7,4.0,1.0,4.0,4.0,0,0,8.0,15.0
Pisa vs Fiorentina,Fiorentina,881,Hans Nicolussi Caviglia,M,80,6.9,,0.0,1.0,1.0,31,25.0,80.6,2.0,,3.0,2.0,0,0,5.0,12.0
Pisa vs Fiorentina,Fiorentina,30422,Robin Gosens,M,90,6.6,,0.0,,,19,11.0,57.9,4.0,2.0,,,0,0,6.0,10.0
Pisa vs Fiorentina,Fiorentina,340700,Jacopo Fazzini,F,87,6.7,,0.0,,,18,13.0,72.2,6.0,,1.0,,0,0,9.0,19.0
Pisa vs Fiorentina,Fiorentina,2799,Albert Guðmundsson,F,74,6.5,,0.0,,,24,22.0,91.7,,,,2.0,0,0,2.0,9.0
Pisa vs Fiorentina,Fiorentina,877,Moise Kean,F,90,6.3,,0.0,5.0,1.0,9,7.0,77.8,1.0,,,2.0,1,0,5.0,16.0
Pisa vs Fiorentina,Fiorentina,30440,Roberto Piccoli,F,16,6.7,,0.0,,,5,3.0,60.0,1.0,,,,0,0,4.0,7.0
Pisa vs Fiorentina,Fiorentina,1014,Simon Sohm,M,10,6.3,,0.0,,,5,5.0,100.0,,,1.0,,0,0,,2.0
Pisa vs Fiorentina,Fiorentina,790,Edin Džeko,F,8,6.7,,0.0,,,5,4.0,80.0,,,,,0,0,2.0,3.0
Lecce vs Bologna,Lecce,56459,Wladimiro Falcone,G,90,6.2,,0.0,,,34,14.0,41.2,,,,,0,0,1.0,1.0
Lecce vs Bologna,Lecce,482309,Christ-Owen Kouassi,D,45,5.9,,0.0,,,10,6.0,60.0,,,1.0,1.0,0,0,1.0,3.0
Lecce vs Bologna,Lecce,291589,Kialonda Gaspar,D,90,7.2,,0.0,,,23,17.0,73.9,,,1.0,3.0,1,0,7.0,9.0
Lecce vs Bologna,Lecce,455316,Tiago Gabriel,D,90,6.5,,0.0,1.0,,26,24.0,92.3,3.0,2.0,2.0,,0,0,4.0,8.0
Lecce vs Bologna,Lecce,31543,Antonino Gallo,D,69,7,,0.0,1.0,1.0,9,5.0,55.6,4.0,,1.0,1.0,1,0,7.0,10.0
Lecce vs Bologna,Lecce,1748,Lassana Coulibaly,M,77,6.9,1.0,0.0,2.0,1.0,10,8.0,80.0,,,1.0,,0,0,1.0,4.0
Lecce vs Bologna,Lecce,15673,Ylber Ramadani,M,90,6.6,,0.0,1.0,,31,21.0,67.7,4.0,2.0,2.0,,1,0,6.0,11.0
Lecce vs Bologna,Lecce,335071,Medon Berisha,M,90,7.9,,1.0,,,27,16.0,59.3,3.0,,1.0,1.0,0,0,7.0,12.0
Lecce vs Bologna,Lecce,6662,Santiago Pierotti,F,90,6.9,,0.0,3.0,1.0,13,11.0,84.6,2.0,,3.0,,0,0,8.0,22.0
Lecce vs Bologna,Lecce,264122,Nikola Štulić,F,67,6.2,,0.0,,,16,8.0,50.0,1.0,,1.0,1.0,0,0,5.0,9.0
Lecce vs Bologna,Lecce,47182,Tete Morente,F,77,6.9,,0.0,,,14,8.0,57.1,1.0,1.0,,,0,0,3.0,7.0
Lecce vs Bologna,Lecce,161702,Danilo Veiga,D,45,7,,0.0,,,27,18.0,66.7,3.0,,,1.0,0,0,6.0,8.0
Lecce vs Bologna,Lecce,436260,Francesco Camarda,F,23,7.5,1.0,0.0,1.0,1.0,3,3.0,100.0,,,,,1,0,1.0,4.0
Lecce vs Bologna,Lecce,19738,Corrie Ndaba,D,21,6.2,,0.0,,,4,3.0,75.0,,,,,0,0,,
Lecce vs Bologna,Lecce,118956,Lameck Banda,M,13,6.3,,0.0,,,3,3.0,100.0,,,,,0,0,,1.0
Lecce vs Bologna,Lecce,8643,Konan N'Dri,F,13,6.6,,0.0,,,2,1.0,50.0,,,,1.0,0,0,3.0,4.0
Lecce vs Bologna,Bologna,2998,Łukasz Skorupski,G,90,6.6,,0.0,,,36,27.0,75.0,,,,1.0,0,0,1.0,1.0
Lecce vs Bologna,Bologna,47985,Emil Holm,D,83,6.6,,1.0,,,39,33.0,84.6,2.0,1.0,1.0,1.0,0,0,4.0,9.0
Lecce vs Bologna,Bologna,1929,Jhon Lucumí,D,90,6.5,,0.0,,,87,79.0,90.8,2.0,,,,0,0,3.0,6.0
Lecce vs Bologna,Bologna,39254,Torbjørn Heggem,D,90,6.9,,0.0,1.0,1.0,75,69.0,92.0,1.0,,1.0,1.0,0,0,5.0,8.0
Lecce vs Bologna,Bologna,134,Juan Miranda,D,90,6.5,,0.0,,,42,35.0,83.3,1.0,,1.0,1.0,0,0,6.0,12.0
Lecce vs Bologna,Bologna,44814,Lewis Ferguson,M,90,6.9,,0.0,1.0,,58,51.0,87.9,2.0,1.0,1.0,1.0,0,0,7.0,10.0
Lecce vs Bologna,Bologna,1322,Nikola Moro,M,90,6.9,,0.0,1.0,,80,68.0,85.0,3.0,,1.0,,0,0,8.0,14.0
Lecce vs Bologna,Bologna,30488,Riccardo Orsolini,M,62,6.6,1.0,0.0,3.0,2.0,11,7.0,63.6,,1.0,1.0,,0,0,2.0,7.0
Lecce vs Bologna,Bologna,322630,Giovanni Fabbian,M,69,6,,0.0,,,18,14.0,77.8,,1.0,,2.0,0,0,2.0,8.0
Lecce vs Bologna,Bologna,278095,Jonathan Rowe,M,68,6.6,,0.0,1.0,1.0,21,17.0,81.0,3.0,1.0,1.0,3.0,0,0,8.0,14.0
Lecce vs Bologna,Bologna,93016,Thijs Dallinga,F,68,6.7,,0.0,,,19,14.0,73.7,,,1.0,3.0,1,0,4.0,10.0
Lecce vs Bologna,Bologna,873,Federico Bernardeschi,F,28,6.5,,0.0,,,13,13.0,100.0,,,1.0,,1,0,1.0,3.0
Lecce vs Bologna,Bologna,30438,Nicolò Cambiaghi,F,22,6.3,,0.0,,,4,4.0,100.0,,,2.0,,0,0,1.0,6.0
Lecce vs Bologna,Bologna,311067,Santiago Castro,F,22,6.2,,0.0,,,5,5.0,100.0,,,2.0,,0,0,,1.0
Lecce vs Bologna,Bologna,30542,Jens Odgaard,F,21,7.7,1.0,0.0,1.0,1.0,8,6.0,75.0,,,,,0,0,1.0,4.0
Lecce vs Bologna,Bologna,30498,Lorenzo De Silvestri,D,13,6.2,,0.0,,,1,,,,,,,0,0,,
AC Milan vs Napoli,AC Milan,22221,Mike Maignan,G,90,8,,0.0,,,37,17.0,45.9,,,,,0,0,1.0,1.0
AC Milan vs Napoli,AC Milan,19209,Fikayo Tomori,D,80,6.3,,0.0,,,26,25.0,96.2,,1.0,1.0,,0,0,1.0,2.0
AC Milan vs Napoli,AC Milan,56473,Matteo Gabbia,D,90,6.3,,0.0,,,24,22.0,91.7,1.0,1.0,,,0,0,2.0,4.0
AC Milan vs Napoli,AC Milan,45826,Strahinja Pavlović,D,90,6.9,,0.0,1.0,,40,37.0,92.5,1.0,1.0,,1.0,0,0,3.0,4.0
AC Milan vs Napoli,AC Milan,1417,Alexis Saelemaekers,M,69,7.6,1.0,0.0,2.0,2.0,24,18.0,75.0,3.0,,,1.0,0,0,5.0,7.0
AC Milan vs Napoli,AC Milan,22254,Youssouf Fofana,M,80,6.9,,1.0,1.0,,16,15.0,93.8,1.0,,,,0,0,1.0,2.0
AC Milan vs Napoli,AC Milan,754,Luka Modrić,M,90,7.2,,0.0,,,58,53.0,91.4,1.0,5.0,,,0,0,2.0,4.0
AC Milan vs Napoli,AC Milan,272,Adrien Rabiot,M,90,6.7,,0.0,,,37,31.0,83.8,1.0,1.0,3.0,1.0,1,0,3.0,9.0
AC Milan vs Napoli,AC Milan,46731,Pervis Estupiñán,M,57,5.2,,0.0,,,23,19.0,82.6,,1.0,1.0,,0,1,,3.0
AC Milan vs Napoli,AC Milan,94562,Santiago Giménez,F,69,6.5,,0.0,,,14,8.0,57.1,1.0,,,2.0,0,0,3.0,7.0
AC Milan vs Napoli,AC Milan,17,Christian Pulišić,F,59,8.5,1.0,1.0,1.0,1.0,24,23.0,95.8,,,,,0,0,1.0,5.0
AC Milan vs Napoli,AC Milan,374359,Davide Bartesaghi,D,31,6.5,,0.0,,,9,7.0,77.8,2.0,,,,0,0,2.0,4.0
AC Milan vs Napoli,AC Milan,396380,Zachary Athekame,D,21,6.6,,0.0,,,8,7.0,87.5,,,,,0,0,1.0,3.0
AC Milan vs Napoli,AC Milan,22236,Rafael Leão,F,21,6.5,,0.0,,,8,7.0,87.5,,,2.0,,0,0,1.0,5.0
AC Milan vs Napoli,AC Milan,162141,Koni De Winter,D,10,7.2,,0.0,,,6,4.0,66.7,,,,,0,0,3.0,3.0
AC Milan vs Napoli,AC Milan,2292,Ruben Loftus-Cheek,M,10,6.6,,0.0,,,5,5.0,100.0,,,,,0,0,,
AC Milan vs Napoli,Napoli,312,Alex Meret,G,90,6.2,,0.0,,,11,11.0,100.0,,,,,0,0,,
AC Milan vs Napoli,Napoli,31042,Giovanni Di Lorenzo,D,90,6.3,,0.0,3.0,1.0,61,57.0,93.4,1.0,1.0,,1.0,0,0,5.0,5.0
AC Milan vs Napoli,Napoli,388547,Luca Marianucci,D,90,6.9,,0.0,,,102,100.0,98.0,2.0,1.0,1.0,,0,0,2.0,4.0
AC Milan vs Napoli,Napoli,774,Juan Jesus,D,90,6.2,,0.0,,,81,76.0,93.8,2.0,,2.0,,0,0,2.0,9.0
AC Milan vs Napoli,Napoli,162032,Miguel Gutiérrez,D,90,6.6,,0.0,2.0,1.0,56,53.0,94.6,1.0,1.0,,,0,0,2.0,4.0
AC Milan vs Napoli,Napoli,47439,Stanislav Lobotka,M,89,7.2,,0.0,,,63,60.0,95.2,,,1.0,5.0,0,0,6.0,6.0
AC Milan vs Napoli,Napoli,219,Matteo Politano,M,77,7.7,,0.0,,,39,36.0,92.3,1.0,,,,0,0,3.0,6.0
AC Milan vs Napoli,Napoli,3406,Frank Anguissa,M,90,6.2,,0.0,4.0,1.0,37,28.0,75.7,1.0,,,,0,0,6.0,9.0
AC Milan vs Napoli,Napoli,903,Scott McTominay,M,73,6.5,,0.0,1.0,1.0,36,31.0,86.1,1.0,,1.0,,0,0,1.0,3.0
AC Milan vs Napoli,Napoli,629,Kevin De Bruyne,M,72,7.3,1.0,0.0,1.0,1.0,75,63.0,84.0,2.0,,,1.0,0,0,4.0,7.0
AC Milan vs Napoli,Napoli,288006,Rasmus Højlund,F,73,6.2,,0.0,,,11,7.0,63.6,,,,,0,0,,2.0
AC Milan vs Napoli,Napoli,1358,Eljif Elmas,M,18,6.9,,0.0,,,8,6.0,75.0,1.0,,,,0,0,2.0,2.0
AC Milan vs Napoli,Napoli,552,David Neres,F,17,6.5,,0.0,1.0,1.0,7,7.0,100.0,,,1.0,,0,0,1.0,4.0
AC Milan vs Napoli,Napoli,199089,Lorenzo Lucca,F,17,6.2,,0.0,,,0,,,,,1.0,,0,0,,2.0
AC Milan vs Napoli,Napoli,544,Noa Lang,F,13,6.7,,0.0,1.0,1.0,8,7.0,87.5,,,,,0,0,,
Parma vs Torino,Parma,199578,Zion Suzuki,G,90,6.9,,0.0,,,39,22.0,56.4,,,,,0,0,,
Parma vs Torino,Parma,30420,Enrico Del Prato,D,90,6.6,,0.0,1.0,,22,19.0,86.4,1.0,,1.0,,1,0,5.0,7.0
Parma vs Torino,Parma,348568,Alessandro Circati,D,90,7.3,,0.0,,,32,24.0,75.0,,1.0,1.0,,0,0,7.0,9.0
Parma vs Torino,Parma,203483,Abdoulaye Ndiaye,D,90,6.3,,0.0,,,35,30.0,85.7,3.0,1.0,2.0,,1,0,5.0,15.0
Parma vs Torino,Parma,499380,Sascha Britschgi,M,90,6.5,,0.0,1.0,,16,10.0,62.5,1.0,1.0,1.0,1.0,0,0,2.0,6.0
Parma vs Torino,Parma,628,Adrián Bernabé,M,81,6.6,,0.0,2.0,,28,24.0,85.7,2.0,,,1.0,0,0,3.0,6.0
Parma vs Torino,Parma,308836,Mandela Keita,M,90,7,,0.0,1.0,,20,18.0,90.0,3.0,1.0,,1.0,0,0,8.0,11.0
Parma vs Torino,Parma,91358,Emanuele Valeri,M,90,7.3,,1.0,,,21,15.0,71.4,3.0,1.0,,,0,0,5.0,9.0
Parma vs Torino,Parma,161859,Gaetano Oristanio,F,58,6.3,,0.0,,,8,4.0,50.0,,,1.0,2.0,0,0,3.0,5.0
Parma vs Torino,Parma,1649,Patrick Cutrone,F,81,6.2,,0.0,1.0,,19,12.0,63.2,,,,,0,0,1.0,3.0
Parma vs Torino,Parma,292172,Mateo Pellegrino,F,89,7.9,2.0,0.0,3.0,2.0,12,8.0,66.7,,,2.0,2.0,1,0,4.0,17.0
Parma vs Torino,Parma,40592,Adrian Benedyczak,F,32,6.5,,0.0,,,7,3.0,42.9,2.0,,2.0,1.0,0,0,3.0,8.0
Parma vs Torino,Parma,161569,Oliver Sørensen,M,9,6.2,,0.0,,,0,,,,,,,0,0,,3.0
Parma vs Torino,Parma,6409,Nahuel Estévez,M,9,6.9,,0.0,,,10,5.0,50.0,,,,1.0,0,0,2.0,2.0
Parma vs Torino,Torino,56266,Franco Israel,G,90,6.2,,0.0,,,41,30.0,73.2,,,,1.0,0,0,2.0,2.0
Parma vs Torino,Torino,14329,Ardian Ismajli,D,77,6.2,,0.0,,,39,32.0,82.1,1.0,,2.0,,0,0,5.0,7.0
Parma vs Torino,Torino,2553,Guillermo Maripán,D,90,6.3,,0.0,,,33,28.0,84.8,1.0,1.0,,,0,0,4.0,8.0
Parma vs Torino,Torino,122468,Saúl Coco,D,90,7.6,,1.0,,,53,46.0,86.8,2.0,,2.0,3.0,0,0,10.0,13.0
Parma vs Torino,Torino,25353,Valentino Lazaro,M,90,6.9,,0.0,,,37,33.0,89.2,3.0,1.0,,,0,0,3.0,6.0
Parma vs Torino,Torino,270507,Cesare Casadei,M,90,6.5,,0.0,2.0,1.0,40,33.0,82.5,2.0,,,,0,0,5.0,9.0
Parma vs Torino,Torino,275776,Kristjan Asllani,M,71,6.5,,0.0,1.0,,54,45.0,83.3,1.0,,,,0,0,1.0,1.0
Parma vs Torino,Torino,156490,Niels Nkounkou,M,70,6.3,,0.0,,,25,20.0,80.0,1.0,2.0,,1.0,1,0,3.0,6.0
Parma vs Torino,Torino,85,Cyril Ngonge,F,90,7.9,1.0,0.0,3.0,2.0,36,28.0,77.8,2.0,2.0,4.0,1.0,1,0,11.0,22.0
Parma vs Torino,Torino,30414,Giovanni Simeone,F,87,5.9,,0.0,,,19,15.0,78.9,,,1.0,2.0,0,0,2.0,10.0
Parma vs Torino,Torino,842,Nikola Vlašić,F,87,6.9,,0.0,1.0,1.0,33,30.0,90.9,1.0,,,,0,0,3.0,7.0
Parma vs Torino,Torino,30396,Cristiano Biraghi,D,20,6.3,,0.0,,,10,7.0,70.0,1.0,,1.0,1.0,0,0,2.0,3.0
Parma vs Torino,Torino,22174,Adrien Tameze,M,19,6.3,,0.0,,,13,8.0,61.5,1.0,,,,0,0,1.0,3.0
Parma vs Torino,Torino,19524,Che Adams,F,13,6.3,,0.0,,,6,5.0,83.3,,,,,0,0,,2.0
Parma vs Torino,Torino,383006,Alieu Njie,F,9,6.5,,0.0,,,0,,,,,2.0,,1,0,1.0,3.0
Parma vs Torino,Torino,243,Zakaria Aboukhlal,F,9,6.3,,0.0,,,3,3.0,100.0,,,,,0,0,,
Genoa vs Lazio,Genoa,31631,Nicola Leali,G,90,6.7,,0.0,,,20,19.0,95.0,1.0,,,,0,0,1.0,1.0
Genoa vs Lazio,Genoa,284570,Brooke Norton-Cuffy,D,90,5.9,,0.0,,,56,48.0,85.7,1.0,,2.0,1.0,1,0,3.0,7.0
Genoa vs Lazio,Genoa,18967,Leo Østigård,D,90,6,,0.0,,,92,85.0,92.4,,2.0,2.0,,1,0,5.0,10.0
Genoa vs Lazio,Genoa,35544,Johan Vásquez,D,90,7.3,,0.0,1.0,,112,99.0,88.4,2.0,,1.0,,1,0,6.0,9.0
Genoa vs Lazio,Genoa,25914,Aarón Martín,D,84,5.9,,0.0,,,53,43.0,81.1,1.0,,3.0,1.0,0,0,3.0,12.0
Genoa vs Lazio,Genoa,281096,Patrizio Masini,M,69,6.5,,0.0,,,19,14.0,73.7,2.0,,1.0,2.0,1,0,4.0,6.0
Genoa vs Lazio,Genoa,15881,Morten Frendrup,M,90,6.2,,0.0,,,29,27.0,93.1,1.0,1.0,3.0,1.0,0,0,4.0,9.0
Genoa vs Lazio,Genoa,89520,Mikael Ellertsson,M,90,6.3,,0.0,1.0,1.0,29,20.0,69.0,,1.0,1.0,1.0,0,0,4.0,9.0
Genoa vs Lazio,Genoa,1938,Ruslan Malinovskyi,M,69,6.5,,0.0,2.0,1.0,36,31.0,86.1,1.0,,3.0,2.0,1,0,5.0,12.0
Genoa vs Lazio,Genoa,281408,Vitinha,M,68,6.2,,0.0,2.0,,13,10.0,76.9,1.0,1.0,,2.0,0,0,6.0,10.0
Genoa vs Lazio,Genoa,263481,Lorenzo Colombo,F,69,6.3,,0.0,2.0,1.0,10,7.0,70.0,,,,1.0,0,0,4.0,12.0
Genoa vs Lazio,Genoa,341646,Valentín Carboni,M,22,6.6,,0.0,1.0,,6,6.0,100.0,1.0,,1.0,1.0,0,0,3.0,5.0
Genoa vs Lazio,Genoa,44439,Nicolae Stanciu,M,21,6.9,,0.0,,,16,13.0,81.2,1.0,,1.0,,0,0,2.0,3.0
Genoa vs Lazio,Genoa,3430,Caleb Ekuban,F,21,6.9,,0.0,1.0,1.0,3,3.0,100.0,,,,1.0,0,0,4.0,4.0
Genoa vs Lazio,Genoa,451504,Jeff Ekhator,F,21,6.5,,0.0,2.0,,3,2.0,66.7,,,,1.0,0,0,1.0,4.0
Genoa vs Lazio,Genoa,452033,Lorenzo Venturino,F,11,6.3,,0.0,1.0,1.0,6,4.0,66.7,,,,,0,0,,1.0
Genoa vs Lazio,Lazio,31037,Ivan Provedel,G,90,8,,0.0,,,35,12.0,34.3,,,,1.0,0,0,1.0,1.0
Genoa vs Lazio,Lazio,1844,Adam Marušić,D,32,6.9,,1.0,,,6,5.0,83.3,,,1.0,,0,0,,2.0
Genoa vs Lazio,Lazio,162952,Mario Gila Fuentes,D,84,6.9,,0.0,,,26,22.0,84.6,1.0,1.0,2.0,,0,0,5.0,13.0
Genoa vs Lazio,Lazio,1632,Alessio Romagnoli,D,90,7.3,,0.0,,,23,21.0,91.3,2.0,,,,0,0,4.0,4.0
Genoa vs Lazio,Lazio,30554,Luca Pellegrini,D,69,7.3,,0.0,,,18,14.0,77.8,4.0,2.0,3.0,1.0,0,0,6.0,10.0
Genoa vs Lazio,Lazio,1852,Danilo Cataldi,M,90,6.2,,0.0,,,38,25.0,65.8,1.0,,2.0,,1,0,3.0,6.0
Genoa vs Lazio,Lazio,1266,Toma Bašić,M,84,6.9,,0.0,,,24,15.0,62.5,,,1.0,2.0,0,0,7.0,11.0
Genoa vs Lazio,Lazio,286474,Matteo Cancellieri,M,90,9.3,1.0,0.0,4.0,3.0,19,12.0,63.2,4.0,1.0,3.0,6.0,0,0,18.0,25.0
Genoa vs Lazio,Lazio,22015,Boulaye Dia,M,90,6.2,,0.0,1.0,1.0,15,13.0,86.7,1.0,,1.0,3.0,0,0,4.0,17.0
Genoa vs Lazio,Lazio,30937,Mattia Zaccagni,M,90,7.6,1.0,0.0,2.0,1.0,27,22.0,81.5,2.0,,1.0,4.0,0,0,6.0,10.0
Genoa vs Lazio,Lazio,50856,Valentín Castellanos,F,84,8,1.0,1.0,1.0,1.0,13,8.0,61.5,,1.0,1.0,,0,0,3.0,9.0
Genoa vs Lazio,Lazio,317,Elseid Hysaj,D,58,7,,0.0,,,14,9.0,64.3,1.0,,,,0,0,2.0,3.0
Genoa vs Lazio,Lazio,41577,Nuno Tavares,D,21,6.3,,0.0,,,12,9.0,75.0,,,,,0,0,,2.0
Genoa vs Lazio,Lazio,1841,Patric,D,11,6.7,,0.0,,,7,5.0,71.4,,,1.0,,0,0,,1.0
Genoa vs Lazio,Lazio,350857,Oliver Provstgaard,D,11,6.7,,0.0,,,2,1.0,50.0,,,,,0,0,,
Genoa vs Lazio,Lazio,2299,Pedro,F,11,6.3,,0.0,1.0,,1,1.0,100.0,,,,,0,0,,
Hellas Verona vs Sassuolo,Hellas Verona,30611,Lorenzo Montipò,G,90,7,,0.0,,,24,12.0,50.0,,,,,0,0,,
Hellas Verona vs Sassuolo,Hellas Verona,47277,Unai Núñez,D,90,6.9,,0.0,,,46,37.0,80.4,1.0,1.0,1.0,3.0,0,0,7.0,13.0
Hellas Verona vs Sassuolo,Hellas Verona,15912,Victor Nelsson,D,90,7.3,,0.0,,,53,51.0,96.2,2.0,1.0,1.0,,0,0,5.0,7.0
Hellas Verona vs Sassuolo,Hellas Verona,15909,Martin Frese,D,90,6.9,,0.0,1.0,1.0,56,45.0,80.4,4.0,,1.0,,0,0,4.0,7.0
Hellas Verona vs Sassuolo,Hellas Verona,203,Roberto Gagliardini,M,65,7,,0.0,,,49,45.0,91.8,1.0,1.0,1.0,2.0,0,0,3.0,8.0
Hellas Verona vs Sassuolo,Hellas Verona,303362,Rafik Belghali,M,90,6.7,,0.0,,,24,19.0,79.2,,1.0,1.0,,1,0,1.0,5.0
Hellas Verona vs Sassuolo,Hellas Verona,418,Suat Serdar,M,76,6.3,,0.0,3.0,1.0,41,29.0,70.7,2.0,,2.0,3.0,1,0,7.0,11.0
Hellas Verona vs Sassuolo,Hellas Verona,1090,Antoine Bernede,M,76,6.9,,0.0,,,26,22.0,84.6,3.0,1.0,2.0,,0,0,4.0,6.0
Hellas Verona vs Sassuolo,Hellas Verona,14327,Domagoj Bradarić,M,85,7.2,,0.0,,,38,32.0,84.2,2.0,,,,0,0,3.0,5.0
Hellas Verona vs Sassuolo,Hellas Verona,312615,Giovane,F,85,6.7,,0.0,4.0,4.0,30,24.0,80.0,2.0,,,1.0,0,0,4.0,12.0
Hellas Verona vs Sassuolo,Hellas Verona,368260,Gift Orban,F,90,6,,0.0,4.0,1.0,15,8.0,53.3,,,1.0,,0,0,3.0,8.0
Hellas Verona vs Sassuolo,Hellas Verona,31678,Jean-Daniel Akpa Akpro,M,25,6,,0.0,1.0,1.0,8,6.0,75.0,,,3.0,,0,0,1.0,7.0
Hellas Verona vs Sassuolo,Hellas Verona,22239,Cheikh Niasse,M,14,6.7,,0.0,,,15,12.0,80.0,,,1.0,1.0,0,0,1.0,2.0
Hellas Verona vs Sassuolo,Hellas Verona,236955,Amin Sarr,F,14,6.3,,0.0,,,5,2.0,40.0,,,,,0,0,2.0,4.0
Hellas Verona vs Sassuolo,Hellas Verona,867,Grigoris Kastanos,M,12,6.7,,0.0,1.0,,4,1.0,25.0,,1.0,,,0,0,1.0,2.0
Hellas Verona vs Sassuolo,Hellas Verona,59421,Daniel Mosquera,F,12,6.7,,0.0,1.0,1.0,4,3.0,75.0,,,,,0,0,1.0,4.0
Hellas Verona vs Sassuolo,Sassuolo,616,Arijanet Murić,G,90,10,,0.0,,,28,18.0,64.3,,,,1.0,1,0,2.0,2.0
Hellas Verona vs Sassuolo,Sassuolo,40582,Sebastian Walukiewicz,D,90,6.6,,0.0,,,28,24.0,85.7,1.0,1.0,,,0,0,1.0,5.0
Hellas Verona vs Sassuolo,Sassuolo,37651,Jay Idzes,D,90,7.2,,0.0,,,34,30.0,88.2,1.0,1.0,,1.0,0,0,5.0,9.0
Hellas Verona vs Sassuolo,Sassuolo,271350,Tarik Muharemović,D,90,7.6,,0.0,,,40,30.0,75.0,3.0,1.0,,,0,0,9.0,10.0
Hellas Verona vs Sassuolo,Sassuolo,135526,Josh Doig,D,90,6.6,,0.0,1.0,,20,14.0,70.0,1.0,2.0,1.0,,0,0,3.0,8.0
Hellas Verona vs Sassuolo,Sassuolo,127413,Aster Vranckx,M,59,6.6,,0.0,,,24,20.0,83.3,3.0,,1.0,1.0,0,0,4.0,8.0
Hellas Verona vs Sassuolo,Sassuolo,902,Nemanja Matić,M,90,6.9,,0.0,,,47,33.0,70.2,1.0,1.0,2.0,2.0,0,0,4.0,8.0
Hellas Verona vs Sassuolo,Sassuolo,328046,Ismael Koné,M,82,7.3,,0.0,,,28,22.0,78.6,1.0,1.0,,2.0,0,0,5.0,8.0
Hellas Verona vs Sassuolo,Sassuolo,342035,Cristian Volpato,F,59,6.3,,0.0,,,15,10.0,66.7,,,,,0,0,2.0,6.0
Hellas Verona vs Sassuolo,Sassuolo,31094,Andrea Pinamonti,F,87,6.2,1.0,0.0,4.0,2.0,9,6.0,66.7,1.0,,1.0,3.0,0,0,6.0,12.0
Hellas Verona vs Sassuolo,Sassuolo,2215,Armand Laurienté,F,59,6.5,,0.0,2.0,1.0,10,6.0,60.0,,,3.0,,0,0,1.0,7.0
Hellas Verona vs Sassuolo,Sassuolo,39143,Kristian Thorstvedt,M,31,7,,0.0,,,13,11.0,84.6,,,1.0,2.0,0,0,2.0,4.0
Hellas Verona vs Sassuolo,Sassuolo,263699,Alieu Fadera,F,31,7.5,,0.0,,,4,3.0,75.0,3.0,,1.0,2.0,0,0,6.0,8.0
Hellas Verona vs Sassuolo,Sassuolo,30849,Nicholas Pierini,F,31,6.3,,0.0,,,8,7.0,87.5,,,1.0,,1,0,,1.0
Hellas Verona vs Sassuolo,Sassuolo,281291,Edoardo Iannoni,M,8,6.6,,0.0,,,4,2.0,50.0,,,1.0,,0,0,2.0,2.0
Hellas Verona vs Sassuolo,Sassuolo,128478,Walid Cheddira,F,10,6.6,,0.0,,,3,2.0,66.7,,,,,1,0,2.0,3.0
Lazio vs Torino,Lazio,31037,Ivan Provedel,G,90,7.2,,0.0,,,33,19.0,57.6,,,,,0,0,,
Lazio vs Torino,Lazio,317,Elseid Hysaj,D,90,6,,0.0,,,49,38.0,77.6,1.0,2.0,,1.0,0,0,3.0,5.0
Lazio vs Torino,Lazio,162952,Mario Gila Fuentes,D,90,7.7,,0.0,,,56,53.0,94.6,2.0,,,3.0,0,0,8.0,8.0
Lazio vs Torino,Lazio,1632,Alessio Romagnoli,D,90,6.5,,0.0,,,50,45.0,90.0,1.0,1.0,1.0,2.0,1,0,6.0,8.0
Lazio vs Torino,Lazio,41577,Nuno Tavares,D,89,6.9,,0.0,,,38,31.0,81.6,1.0,2.0,1.0,3.0,0,0,10.0,16.0
Lazio vs Torino,Lazio,1852,Danilo Cataldi,M,90,7,1.0,0.0,1.0,1.0,45,34.0,75.6,2.0,4.0,1.0,,1,0,4.0,6.0
Lazio vs Torino,Lazio,1266,Toma Bašić,M,67,6.9,,1.0,2.0,,28,26.0,92.9,2.0,1.0,3.0,3.0,0,0,6.0,12.0
Lazio vs Torino,Lazio,286474,Matteo Cancellieri,M,90,8.3,2.0,0.0,3.0,2.0,21,14.0,66.7,2.0,2.0,5.0,3.0,0,0,7.0,21.0
Lazio vs Torino,Lazio,22015,Boulaye Dia,M,81,7.3,,0.0,,,20,16.0,80.0,4.0,,,2.0,0,0,6.0,6.0
Lazio vs Torino,Lazio,2299,Pedro,M,67,7,,1.0,,,31,27.0,87.1,1.0,,,1.0,0,0,3.0,4.0
Lazio vs Torino,Lazio,50856,Valentín Castellanos,F,90,6.3,,0.0,1.0,1.0,16,11.0,68.8,2.0,,1.0,2.0,1,0,6.0,11.0
Lazio vs Torino,Lazio,135519,Gustav Isaksen,F,23,6.2,,0.0,,,8,5.0,62.5,,,,,0,0,,2.0
Lazio vs Torino,Lazio,333116,Reda Belahyane,M,23,6.3,,0.0,,,13,12.0,92.3,,1.0,1.0,,0,0,1.0,2.0
Lazio vs Torino,Lazio,133729,Tijjani Noslin,F,9,7,,0.0,,,2,1.0,50.0,1.0,,,1.0,0,0,2.0,3.0
Lazio vs Torino,Lazio,30866,Manuel Lazzari,M,13,6.5,,0.0,,,1,1.0,100.0,,,,,0,0,,1.0
Lazio vs Torino,Torino,56266,Franco Israel,G,90,5.9,,0.0,,,29,22.0,75.9,,,,,0,0,,
Lazio vs Torino,Torino,22174,Adrien Tameze,D,70,6.2,,0.0,,,36,31.0,86.1,,3.0,1.0,,0,0,,4.0
Lazio vs Torino,Torino,2553,Guillermo Maripán,D,90,6.2,,0.0,,,52,43.0,82.7,3.0,3.0,,,1,0,5.0,10.0
Lazio vs Torino,Torino,122468,Saúl Coco,D,90,6.7,1.0,0.0,1.0,1.0,62,57.0,91.9,3.0,2.0,2.0,1.0,0,0,6.0,12.0
Lazio vs Torino,Torino,39362,Marcus Pedersen,M,78,6.9,,0.0,2.0,1.0,31,23.0,74.2,1.0,,1.0,,0,0,4.0,10.0
Lazio vs Torino,Torino,270507,Cesare Casadei,M,90,6.3,,0.0,,,34,27.0,79.4,,1.0,5.0,3.0,1,0,7.0,14.0
Lazio vs Torino,Torino,275776,Kristjan Asllani,M,90,6.5,,0.0,2.0,1.0,55,48.0,87.3,,1.0,1.0,,1,0,,2.0
Lazio vs Torino,Torino,842,Nikola Vlašić,M,70,6.3,,0.0,1.0,,27,23.0,85.2,3.0,,2.0,1.0,0,0,4.0,10.0
Lazio vs Torino,Torino,25353,Valentino Lazaro,M,63,6.7,,0.0,,,38,29.0,76.3,1.0,1.0,1.0,1.0,0,0,3.0,5.0
Lazio vs Torino,Torino,85,Cyril Ngonge,F,90,6.5,,0.0,3.0,2.0,27,21.0,77.8,,,5.0,2.0,0,0,4.0,15.0
Lazio vs Torino,Torino,30414,Giovanni Simeone,F,79,6.7,1.0,0.0,3.0,1.0,8,8.0,100.0,,,3.0,2.0,0,0,2.0,11.0
Lazio vs Torino,Torino,156490,Niels Nkounkou,D,27,7,,1.0,,,10,9.0,90.0,,,,1.0,0,0,3.0,3.0
Lazio vs Torino,Torino,18799,Adam Masina,D,20,6.6,,1.0,,,9,7.0,77.8,,,1.0,,0,0,1.0,2.0
Lazio vs Torino,Torino,19524,Che Adams,F,20,7.6,1.0,0.0,2.0,2.0,0,,,,,,1.0,0,0,1.0,3.0
Lazio vs Torino,Torino,349232,Ali Dembélé,D,12,6.5,,0.0,1.0,,3,2.0,66.7,,,,,0,0,1.0,2.0
Lazio vs Torino,Torino,343189,Gvidas Gineitis,M,11,6.7,,0.0,,,4,2.0,50.0,1.0,,,,0,0,2.0,2.0
Parma vs Lecce,Parma,199578,Zion Suzuki,G,90,7,,0.0,,,36,27.0,75.0,,,,,0,0,2.0,2.0
Parma vs Lecce,Parma,30420,Enrico Del Prato,D,90,6.9,,0.0,2.0,1.0,38,33.0,86.8,1.0,1.0,,1.0,0,0,5.0,5.0
Parma vs Lecce,Parma,348568,Alessandro Circati,D,90,7.3,,0.0,,,86,76.0,88.4,1.0,,,1.0,0,0,6.0,8.0
Parma vs Lecce,Parma,203483,Abdoulaye Ndiaye,D,90,7.2,,0.0,,,71,61.0,85.9,3.0,1.0,3.0,2.0,1,0,8.0,14.0
Parma vs Lecce,Parma,499380,Sascha Britschgi,M,45,6.3,,0.0,1.0,1.0,15,12.0,80.0,,,2.0,,0,0,,3.0
Parma vs Lecce,Parma,161569,Oliver Sørensen,M,67,6.7,,0.0,,,34,32.0,94.1,,,,,0,0,1.0,4.0
Parma vs Lecce,Parma,308836,Mandela Keita,M,90,7.3,,0.0,,,51,45.0,88.2,6.0,,,3.0,0,0,10.0,13.0
Parma vs Lecce,Parma,628,Adrián Bernabé,M,84,7,,0.0,1.0,,53,45.0,84.9,1.0,,2.0,2.0,0,0,3.0,9.0
Parma vs Lecce,Parma,91358,Emanuele Valeri,M,26,6.7,,0.0,,,6,3.0,50.0,1.0,,,,0,0,1.0,3.0
Parma vs Lecce,Parma,1649,Patrick Cutrone,F,90,6.2,,0.0,3.0,,18,11.0,61.1,,,,3.0,0,0,3.0,5.0
Parma vs Lecce,Parma,292172,Mateo Pellegrino,F,90,6.2,,0.0,,,21,15.0,71.4,,,4.0,2.0,0,0,6.0,17.0
Parma vs Lecce,Parma,323369,Mathias Fjørtoft Løvik,D,58,6.3,,0.0,,,18,15.0,83.3,,1.0,,1.0,0,0,2.0,4.0
Parma vs Lecce,Parma,48193,Pontus Almqvist,F,45,6.3,,0.0,,,8,6.0,75.0,1.0,,2.0,1.0,0,0,2.0,7.0
Parma vs Lecce,Parma,40592,Adrian Benedyczak,F,23,6.6,,0.0,1.0,,8,6.0,75.0,,,1.0,,0,0,4.0,5.0
Parma vs Lecce,Parma,6409,Nahuel Estévez,M,14,6.7,,0.0,,,8,1.0,12.5,,,1.0,,0,0,2.0,3.0
Parma vs Lecce,Parma,31692,Milan Đurić,F,14,6.9,,0.0,,,5,,,,,1.0,,0,0,4.0,6.0
Parma vs Lecce,Lecce,56459,Wladimiro Falcone,G,90,6.9,,0.0,,,34,11.0,32.4,,,,,0,0,,
Parma vs Lecce,Lecce,161702,Danilo Veiga,D,90,6.9,,0.0,,,14,10.0,71.4,2.0,,2.0,1.0,0,0,3.0,7.0
Parma vs Lecce,Lecce,291589,Kialonda Gaspar,D,90,6.6,,0.0,,,19,15.0,78.9,,,1.0,,1,0,4.0,11.0
Parma vs Lecce,Lecce,455316,Tiago Gabriel,D,90,7.5,,0.0,,,26,24.0,92.3,3.0,1.0,2.0,2.0,0,0,7.0,11.0
Parma vs Lecce,Lecce,31543,Antonino Gallo,D,90,7.3,,1.0,,,29,21.0,72.4,2.0,,,,0,0,5.0,7.0
Parma vs Lecce,Lecce,1748,Lassana Coulibaly,M,88,6.7,,0.0,,,19,11.0,57.9,1.0,,2.0,1.0,0,0,4.0,9.0
Parma vs Lecce,Lecce,15673,Ylber Ramadani,M,90,6.7,,0.0,1.0,,35,24.0,68.6,3.0,2.0,2.0,1.0,0,0,4.0,7.0
Parma vs Lecce,Lecce,335071,Medon Berisha,M,88,6.9,,0.0,1.0,1.0,37,27.0,73.0,2.0,,1.0,2.0,0,0,5.0,7.0
Parma vs Lecce,Lecce,6662,Santiago Pierotti,F,90,6.3,,0.0,1.0,1.0,19,11.0,57.9,1.0,,2.0,1.0,0,0,6.0,19.0
Parma vs Lecce,Lecce,264122,Nikola Štulić,F,76,6.2,,0.0,1.0,,15,10.0,66.7,1.0,,1.0,2.0,0,0,4.0,11.0
Parma vs Lecce,Lecce,31507,Riccardo Sottil,F,68,7.7,1.0,0.0,1.0,1.0,15,9.0,60.0,,,,1.0,0,0,1.0,3.0
Parma vs Lecce,Lecce,118956,Lameck Banda,M,22,6.5,,0.0,,,8,4.0,50.0,,1.0,2.0,2.0,1,0,2.0,5.0
Parma vs Lecce,Lecce,436260,Francesco Camarda,F,14,6.5,,0.0,1.0,,2,,,,,1.0,,0,0,3.0,8.0
Parma vs Lecce,Lecce,19738,Corrie Ndaba,D,10,6.7,,0.0,,,0,,,,,,,0,0,,1.0
Parma vs Lecce,Lecce,197779,Mohamed Kaba,M,10,6.6,,0.0,,,5,5.0,100.0,,,,1.0,0,0,1.0,2.0
Inter vs Cremonese,Inter,2802,Yann Sommer,G,90,6.3,,0.0,,,30,27.0,90.0,,,,,0,0,,
Inter vs Cremonese,Inter,5,Manuel Akanji,D,90,6.9,,0.0,1.0,,73,64.0,87.7,1.0,2.0,,,0,0,2.0,3.0
Inter vs Cremonese,Inter,194,Stefan de Vrij,D,90,7.2,,0.0,1.0,,75,74.0,98.7,3.0,,,,0,0,6.0,8.0
Inter vs Cremonese,Inter,31009,Alessandro Bastoni,D,61,7.7,,0.0,,,61,58.0,95.1,,1.0,1.0,2.0,0,0,3.0,5.0
Inter vs Cremonese,Inter,226,Denzel Dumfries,M,53,6.3,,0.0,,,20,15.0,75.0,,,,,0,0,,3.0
Inter vs Cremonese,Inter,31173,Davide Frattesi,M,90,6.2,,0.0,3.0,2.0,22,17.0,77.3,2.0,,,2.0,0,0,4.0,8.0
Inter vs Cremonese,Inter,30558,Nicolò Barella,M,90,8.9,1.0,0.0,2.0,1.0,89,77.0,86.5,,1.0,3.0,,0,0,3.0,7.0
Inter vs Cremonese,Inter,1457,Henrikh Mkhitaryan,M,75,6.7,,0.0,4.0,2.0,52,40.0,76.9,1.0,2.0,1.0,,0,0,4.0,8.0
Inter vs Cremonese,Inter,31010,Federico Dimarco,M,90,9.2,1.0,1.0,4.0,1.0,52,43.0,82.7,3.0,3.0,,,0,0,3.0,3.0
Inter vs Cremonese,Inter,275651,Ange-Yoan Bonny,F,61,9.9,1.0,3.0,1.0,1.0,19,15.0,78.9,,,1.0,1.0,0,0,2.0,3.0
Inter vs Cremonese,Inter,217,Lautaro Martínez,F,75,7.3,1.0,0.0,2.0,1.0,19,15.0,78.9,1.0,,1.0,1.0,0,0,2.0,7.0
Inter vs Cremonese,Inter,10077,Luís Henrique,F,37,6.3,,0.0,2.0,,18,17.0,94.4,,,,,0,0,,
Inter vs Cremonese,Inter,10238,Carlos Augusto,D,29,6.3,,0.0,,,31,31.0,100.0,,,1.0,,0,0,,3.0
Inter vs Cremonese,Inter,345808,Francesco Pio Esposito,F,29,6.9,,0.0,1.0,1.0,12,10.0,83.3,,,,,0,0,1.0,1.0
Inter vs Cremonese,Inter,270509,Andy Diouf,M,15,6.5,,0.0,,,11,11.0,100.0,1.0,1.0,,1.0,0,0,2.0,5.0
Inter vs Cremonese,Inter,348205,Petar Sučić,M,15,7,,0.0,,,11,11.0,100.0,,,1.0,1.0,1,0,1.0,3.0
Inter vs Cremonese,Cremonese,30915,Marco Silvestri,G,90,6.2,,0.0,,,39,21.0,53.8,,,,,0,0,1.0,1.0
Inter vs Cremonese,Cremonese,342651,Romano Floriani Mussolini,D,74,5.3,,0.0,,,10,4.0,40.0,,,,,0,0,,2.0
Inter vs Cremonese,Cremonese,30397,Federico Ceccherini,D,58,5.9,,0.0,,,19,14.0,73.7,2.0,2.0,,1.0,0,0,3.0,3.0
Inter vs Cremonese,Cremonese,127035,Federico Baschirotto,D,90,6.2,,0.0,,,27,27.0,100.0,,1.0,1.0,,0,0,,2.0
Inter vs Cremonese,Cremonese,30919,Matteo Bianchetti,D,90,6.5,,0.0,,,37,32.0,86.5,5.0,1.0,2.0,1.0,0,0,8.0,11.0
Inter vs Cremonese,Cremonese,30775,Giuseppe Pezzella,D,90,5.6,,0.0,,,29,21.0,72.4,,,1.0,,1,0,2.0,4.0
Inter vs Cremonese,Cremonese,2057,Franco Vázquez,M,58,6.2,,0.0,,,17,14.0,82.4,1.0,1.0,1.0,,0,0,2.0,9.0
Inter vs Cremonese,Cremonese,31021,Alberto Grassi,M,90,6.3,,0.0,1.0,1.0,33,25.0,75.8,,,,2.0,0,0,2.0,5.0
Inter vs Cremonese,Cremonese,266813,Warren Bondo,M,90,6.3,,0.0,,,33,29.0,87.9,,1.0,1.0,2.0,0,0,2.0,5.0
Inter vs Cremonese,Cremonese,2522,Antonio Sanabria,F,57,6.2,,0.0,,,7,6.0,85.7,,,,1.0,0,0,5.0,9.0
Inter vs Cremonese,Cremonese,36986,Dennis Johnsen,F,45,6.7,,0.0,,,10,6.0,60.0,,,,,0,0,2.0,3.0
Inter vs Cremonese,Cremonese,31211,Jari Vandeputte,M,45,6.9,,1.0,,,14,11.0,78.6,,1.0,1.0,,0,0,,3.0
Inter vs Cremonese,Cremonese,31436,Federico Bonazzoli,F,33,7.3,1.0,0.0,2.0,1.0,13,11.0,84.6,,,,1.0,0,0,1.0,1.0
Inter vs Cremonese,Cremonese,237249,Mikayil Faye,D,32,7.2,,0.0,,,16,15.0,93.8,,1.0,,,0,0,1.0,1.0
Inter vs Cremonese,Cremonese,18788,Jamie Vardy,F,32,6.7,,0.0,,,9,5.0,55.6,1.0,,1.0,,0,0,3.0,6.0
Inter vs Cremonese,Cremonese,126980,Tommaso Barbieri,D,16,6.9,,0.0,,,3,2.0,66.7,1.0,,,1.0,0,0,2.0,2.0
Atalanta vs Como,Atalanta,30417,Marco Carnesecchi,G,90,6.9,,0.0,,,39,31.0,79.5,,,,1.0,0,0,2.0,2.0
Atalanta vs Como,Atalanta,30421,Berat Djimsiti,D,90,6.3,,0.0,1.0,,56,52.0,92.9,1.0,2.0,2.0,1.0,1,0,4.0,7.0
Atalanta vs Como,Atalanta,137976,Isak Hien,D,90,6.9,,0.0,,,40,35.0,87.5,1.0,,1.0,1.0,0,0,3.0,8.0
Atalanta vs Como,Atalanta,453906,Honest Ahanor,D,90,6.7,,0.0,,,47,40.0,85.1,2.0,3.0,,3.0,0,0,5.0,12.0
Atalanta vs Como,Atalanta,2286,Davide Zappacosta,M,90,6.7,,0.0,1.0,,44,38.0,86.4,,2.0,,1.0,0,0,1.0,1.0
Atalanta vs Como,Atalanta,10097,Éderson,M,74,7.2,,0.0,1.0,1.0,42,37.0,88.1,3.0,,1.0,2.0,0,0,5.0,10.0
Atalanta vs Como,Atalanta,2763,Mario Pašalić,M,90,6.5,,0.0,,,53,47.0,88.7,3.0,,1.0,,0,0,5.0,11.0
Atalanta vs Como,Atalanta,264857,Lorenzo Bernasconi,M,90,7,,0.0,1.0,,47,41.0,87.2,6.0,2.0,1.0,,0,0,6.0,10.0
Atalanta vs Como,Atalanta,178749,Lazar Samardžić,F,62,7.2,1.0,0.0,1.0,1.0,20,12.0,60.0,1.0,,2.0,,0,0,1.0,9.0
Atalanta vs Como,Atalanta,199837,Kamaldeen Sulemana,F,74,6.9,,0.0,1.0,1.0,20,19.0,95.0,,,2.0,1.0,0,0,2.0,7.0
Atalanta vs Como,Atalanta,18767,Ademola Lookman,F,73,7,,0.0,1.0,,18,15.0,83.3,,,,2.0,0,0,5.0,7.0
Atalanta vs Como,Atalanta,1639,Marco Brescianini,M,28,6.9,,0.0,,,12,11.0,91.7,1.0,,,2.0,0,0,4.0,5.0
Atalanta vs Como,Atalanta,66817,Nikola Krstović,F,17,6.3,,0.0,,,2,1.0,50.0,,,,,0,0,1.0,2.0
Atalanta vs Como,Atalanta,162106,Yunus Musah,M,16,6.9,,0.0,,,8,5.0,62.5,1.0,,,3.0,0,0,5.0,6.0
Atalanta vs Como,Atalanta,134926,Daniel Maldini,F,16,6.9,,0.0,2.0,1.0,9,7.0,77.8,,,,1.0,0,0,4.0,5.0
Atalanta vs Como,Como,8574,Jean Butez,G,90,6.9,,0.0,,,29,23.0,79.3,1.0,1.0,,1.0,0,0,3.0,3.0
Atalanta vs Como,Como,14266,Ivan Smolčić,D,86,7,,0.0,,,35,33.0,94.3,1.0,1.0,1.0,1.0,1,0,3.0,7.0
Atalanta vs Como,Como,386305,Jacobo Ramón,D,90,7.3,,0.0,3.0,,45,42.0,93.3,4.0,3.0,2.0,,0,0,9.0,14.0
Atalanta vs Como,Como,21090,Diego Carlos,D,90,7.6,,0.0,,,60,54.0,90.0,2.0,,1.0,,1,0,6.0,7.0
Atalanta vs Como,Como,8586,Mërgim Vojvoda,D,69,6.5,,0.0,,,37,31.0,83.8,,,,,0,0,,
Atalanta vs Como,Como,288699,Máximo Perrone,M,90,8.5,1.0,0.0,1.0,1.0,48,43.0,89.6,1.0,1.0,1.0,,0,0,1.0,2.0
Atalanta vs Como,Como,162266,Lucas Da Cunha,M,89,6.6,,0.0,2.0,2.0,57,51.0,89.5,1.0,,2.0,1.0,0,0,4.0,11.0
Atalanta vs Como,Como,354533,Jayden Addai,M,90,6,,0.0,1.0,1.0,32,20.0,62.5,,,4.0,2.0,1,0,4.0,16.0
Atalanta vs Como,Como,350037,Nico Paz,M,90,6.3,,0.0,,,53,44.0,83.0,4.0,3.0,4.0,,0,0,5.0,13.0
Atalanta vs Como,Como,295026,Martin Baturina,M,69,6.5,,0.0,1.0,,21,19.0,90.5,2.0,,,2.0,0,0,4.0,9.0
Atalanta vs Como,Como,26845,Anastasios Douvikas,F,45,6.6,,0.0,,,10,9.0,90.0,1.0,,1.0,1.0,0,0,4.0,8.0
Atalanta vs Como,Como,59,Álvaro Morata,F,45,6.7,,0.0,,,19,11.0,57.9,1.0,,1.0,1.0,0,0,4.0,7.0
Atalanta vs Como,Como,336560,Álex Valle,D,21,6.7,,0.0,,,4,3.0,75.0,,1.0,1.0,,0,0,,1.0
Atalanta vs Como,Como,659,Maxence Caqueret,M,21,6.3,,0.0,,,7,5.0,71.4,,,1.0,,0,0,1.0,3.0
Atalanta vs Como,Como,711,Stefan Posch,D,9,6.6,,0.0,,,0,,,,,,,0,0,,
Udinese vs Cagliari,Udinese,197830,Răzvan Sava,G,90,6.5,,0.0,,,19,18.0,94.7,,,,,0,0,,
Udinese vs Cagliari,Udinese,318053,Saba Goglichidze,D,90,7.2,,0.0,1.0,,66,57.0,86.4,2.0,3.0,1.0,1.0,0,0,4.0,6.0
Udinese vs Cagliari,Udinese,18797,Christian Kabasele,D,67,7.9,1.0,0.0,1.0,1.0,43,41.0,95.3,,,,1.0,0,0,4.0,6.0
Udinese vs Cagliari,Udinese,656,Oumar Solet,D,90,7.9,,1.0,,,67,57.0,85.1,2.0,1.0,2.0,1.0,0,0,8.0,13.0
Udinese vs Cagliari,Udinese,162907,Alessandro Zanoli,M,86,6.9,,0.0,,,21,18.0,85.7,,,1.0,1.0,0,0,4.0,9.0
Udinese vs Cagliari,Udinese,1939,Jakub Piotrowski,M,85,6.6,,0.0,1.0,1.0,23,19.0,82.6,4.0,2.0,1.0,,0,0,5.0,8.0
Udinese vs Cagliari,Udinese,48047,Jesper Karlström,M,90,7.3,,0.0,1.0,,42,30.0,71.4,2.0,,1.0,2.0,0,0,6.0,9.0
Udinese vs Cagliari,Udinese,347644,Arthur Atta,M,90,7,,0.0,3.0,1.0,39,31.0,79.5,,1.0,,1.0,0,0,3.0,6.0
Udinese vs Cagliari,Udinese,22007,Hassane Kamara,M,90,7.2,,0.0,,,43,36.0,83.7,2.0,2.0,,2.0,0,0,7.0,8.0
Udinese vs Cagliari,Udinese,786,Nicolò Zaniolo,F,77,6.3,,0.0,2.0,,19,16.0,84.2,,,6.0,2.0,1,0,5.0,16.0
Udinese vs Cagliari,Udinese,19185,Keinan Davis,F,90,7.6,,0.0,1.0,1.0,29,21.0,72.4,1.0,,1.0,4.0,0,0,11.0,18.0
Udinese vs Cagliari,Udinese,315249,Nicolò Bertola,D,23,6.3,,0.0,,,14,13.0,92.9,,1.0,,,0,0,,1.0
Udinese vs Cagliari,Udinese,1134,Vakoun Issouf Bayo,F,13,6.2,,0.0,3.0,,5,4.0,80.0,,,1.0,,0,0,1.0,3.0
Udinese vs Cagliari,Udinese,182560,Oier Zarraga,M,11,6.3,,0.0,,,6,4.0,66.7,1.0,,,,0,0,1.0,3.0
Udinese vs Cagliari,Udinese,36916,Kingsley Ehizibue,D,10,6.9,,0.0,,,5,3.0,60.0,,,,,0,0,,
Udinese vs Cagliari,Cagliari,30731,Elia Caprile,G,90,8,,0.0,,,31,20.0,64.5,,,,1.0,0,0,3.0,4.0
Udinese vs Cagliari,Cagliari,41964,Zé Pedro,D,90,6.2,,0.0,,,39,28.0,71.8,2.0,1.0,,1.0,0,0,4.0,10.0
Udinese vs Cagliari,Cagliari,2484,Yerry Mina,D,20,6.6,,0.0,,,12,9.0,75.0,,,1.0,1.0,0,0,1.0,2.0
Udinese vs Cagliari,Cagliari,321744,Adam Obert,D,82,6.9,,0.0,,,30,21.0,70.0,5.0,1.0,3.0,,1,0,5.0,11.0
Udinese vs Cagliari,Cagliari,383018,Marco Palestra,M,90,6.9,,0.0,,,22,19.0,86.4,2.0,1.0,1.0,1.0,0,0,4.0,7.0
Udinese vs Cagliari,Cagliari,30561,Alessandro Deiola,M,90,7,,0.0,,,30,24.0,80.0,2.0,2.0,1.0,3.0,0,0,5.0,8.0
Udinese vs Cagliari,Cagliari,309388,Matteo Prati,M,90,6.7,,0.0,,,35,28.0,80.0,,,,,0,0,,
Udinese vs Cagliari,Cagliari,56851,Michael Folorunsho,M,90,6.7,,0.0,,,29,18.0,62.1,1.0,,1.0,3.0,0,0,7.0,15.0
Udinese vs Cagliari,Cagliari,31734,Mattia Felici,M,45,6.2,,0.0,,,6,4.0,66.7,1.0,,1.0,,1,0,1.0,5.0
Udinese vs Cagliari,Cagliari,31499,Gennaro Borrelli,F,72,7.6,1.0,0.0,2.0,2.0,12,5.0,41.7,1.0,,3.0,1.0,0,0,6.0,13.0
Udinese vs Cagliari,Cagliari,215,Sebastiano Esposito,F,83,6.3,,0.0,1.0,,15,12.0,80.0,3.0,,2.0,2.0,0,0,6.0,14.0
Udinese vs Cagliari,Cagliari,30505,Michel Adopo,M,70,6.6,,1.0,1.0,,16,13.0,81.2,1.0,,,,0,0,2.0,5.0
Udinese vs Cagliari,Cagliari,56287,Alessandro Di Pardo,D,45,6.3,,0.0,1.0,,15,11.0,73.3,1.0,,,,0,0,1.0,3.0
Udinese vs Cagliari,Cagliari,140831,Zito Luvumbo,F,18,6.2,,0.0,1.0,,2,2.0,100.0,,,2.0,,0,0,,2.0
Udinese vs Cagliari,Cagliari,329550,Nicolò Cavuoti,M,8,6.5,,0.0,,,1,1.0,100.0,,,1.0,,0,0,1.0,5.0
Udinese vs Cagliari,Cagliari,30573,Leonardo Pavoletti,F,13,6.3,,0.0,,,4,1.0,25.0,1.0,,,,0,0,1.0,2.0
Bologna vs Pisa,Bologna,2998,Łukasz Skorupski,G,90,6.9,,0.0,,,28,25.0,89.3,,,,1.0,0,0,1.0,1.0
Bologna vs Pisa,Bologna,128461,Nadir Zortea,D,90,7.5,,0.0,,,48,42.0,87.5,2.0,,1.0,,0,0,4.0,10.0
Bologna vs Pisa,Bologna,39254,Torbjørn Heggem,D,90,7,,0.0,,,51,48.0,94.1,2.0,1.0,2.0,,0,0,2.0,6.0
Bologna vs Pisa,Bologna,1929,Jhon Lucumí,D,90,7.5,,0.0,,,65,58.0,89.2,,,,2.0,0,0,3.0,5.0
Bologna vs Pisa,Bologna,134,Juan Miranda,D,90,8,,0.0,1.0,,76,66.0,86.8,4.0,,,1.0,0,0,7.0,9.0
Bologna vs Pisa,Bologna,1322,Nikola Moro,M,73,8.7,1.0,0.0,1.0,1.0,50,45.0,90.0,2.0,,2.0,1.0,0,0,4.0,6.0
Bologna vs Pisa,Bologna,2807,Remo Freuler,M,90,7.6,,0.0,,,89,81.0,91.0,5.0,1.0,1.0,,0,0,6.0,12.0
Bologna vs Pisa,Bologna,30488,Riccardo Orsolini,M,45,7.6,1.0,0.0,3.0,2.0,8,8.0,100.0,,1.0,1.0,,0,0,1.0,2.0
Bologna vs Pisa,Bologna,30542,Jens Odgaard,M,56,7,1.0,0.0,2.0,1.0,13,12.0,92.3,,,4.0,2.0,0,0,3.0,13.0
Bologna vs Pisa,Bologna,30438,Nicolò Cambiaghi,M,56,8.9,1.0,1.0,2.0,2.0,17,14.0,82.4,,,2.0,2.0,0,0,3.0,7.0
Bologna vs Pisa,Bologna,93016,Thijs Dallinga,F,75,7.3,,2.0,2.0,1.0,25,18.0,72.0,1.0,,1.0,1.0,0,0,5.0,10.0
Bologna vs Pisa,Bologna,873,Federico Bernardeschi,F,45,8,,0.0,1.0,,27,25.0,92.6,,,,1.0,0,0,2.0,6.0
Bologna vs Pisa,Bologna,322630,Giovanni Fabbian,M,34,6.6,,0.0,1.0,,17,14.0,82.4,,,,1.0,0,0,3.0,3.0
Bologna vs Pisa,Bologna,278095,Jonathan Rowe,F,34,6,,0.0,4.0,,19,18.0,94.7,1.0,,1.0,,0,0,1.0,3.0
Bologna vs Pisa,Bologna,31273,Tommaso Pobega,M,17,6.7,,0.0,,,10,8.0,80.0,,1.0,,,0,0,,1.0
Bologna vs Pisa,Bologna,347265,Benjamín Domínguez,F,15,6.3,,0.0,2.0,,4,3.0,75.0,,,1.0,,0,0,1.0,3.0
Bologna vs Pisa,Pisa,30733,Adrian Šemper,G,90,6.5,,0.0,,,29,14.0,48.3,,,,,0,0,,
Bologna vs Pisa,Pisa,91503,Simone Canestrelli,D,90,6.2,,0.0,1.0,,18,15.0,83.3,1.0,,,1.0,0,0,3.0,4.0
Bologna vs Pisa,Pisa,31604,Antonio Caracciolo,D,90,5.7,,0.0,,,26,17.0,65.4,,2.0,2.0,,0,0,1.0,5.0
Bologna vs Pisa,Pisa,341838,Giovanni Bonfanti,D,45,5.9,,0.0,,,7,4.0,57.1,1.0,,,,0,0,3.0,5.0
Bologna vs Pisa,Pisa,56293,Idrissa Touré,M,36,5.2,,0.0,1.0,,9,7.0,77.8,1.0,2.0,1.0,1.0,0,1,4.0,8.0
Bologna vs Pisa,Pisa,364600,Isak Vural,M,63,6.9,,0.0,,,15,12.0,80.0,,,,6.0,0,0,9.0,14.0
Bologna vs Pisa,Pisa,30723,Marius Marin,M,90,6.7,,0.0,,,28,21.0,75.0,3.0,1.0,3.0,2.0,0,0,5.0,10.0
Bologna vs Pisa,Pisa,408635,Ebenezer Akinsanmiro,M,90,6,,0.0,,,16,12.0,75.0,1.0,2.0,2.0,1.0,0,0,2.0,8.0
Bologna vs Pisa,Pisa,30753,Mehdi Léris,M,77,6.9,,0.0,,,18,13.0,72.2,3.0,2.0,,,0,0,5.0,6.0
Bologna vs Pisa,Pisa,31318,M'Bala Nzola,F,77,6.2,,0.0,,,13,11.0,84.6,,1.0,1.0,1.0,0,0,2.0,7.0
Bologna vs Pisa,Pisa,20959,Matteo Tramoni,F,45,6.6,,0.0,,,6,3.0,50.0,1.0,,1.0,,0,0,1.0,3.0
Bologna vs Pisa,Pisa,302069,Samuele Angori,D,45,6.9,,0.0,,,9,7.0,77.8,6.0,,,1.0,0,0,7.0,9.0
Bologna vs Pisa,Pisa,331678,Henrik Wendel Meister,F,45,6.9,,0.0,,,6,2.0,33.3,1.0,,1.0,1.0,0,0,6.0,9.0
Bologna vs Pisa,Pisa,866,Juan Cuadrado,M,27,6.7,,0.0,,,9,8.0,88.9,1.0,,1.0,1.0,1,0,2.0,4.0
Bologna vs Pisa,Pisa,30469,Arturo Calabresi,D,13,6.3,,0.0,,,1,1.0,100.0,,,,,0,0,,2.0
Bologna vs Pisa,Pisa,510473,Louis Buffon,F,13,6.5,,0.0,,,1,,,,,,1.0,0,0,1.0,3.0
Fiorentina vs AS Roma,Fiorentina,882,David De Gea,G,90,6,,0.0,,,27,14.0,51.9,,,,,0,0,,
Fiorentina vs AS Roma,Fiorentina,1084,Marin Pongračić,D,90,6.3,,0.0,,,52,46.0,88.5,,2.0,2.0,,0,0,5.0,8.0
Fiorentina vs AS Roma,Fiorentina,46792,Pablo Marí,D,75,6.3,,0.0,,,36,33.0,91.7,1.0,5.0,4.0,2.0,1,0,4.0,10.0
Fiorentina vs AS Roma,Fiorentina,31642,Luca Ranieri,D,90,6.5,,0.0,1.0,1.0,34,29.0,85.3,2.0,2.0,1.0,1.0,0,0,4.0,6.0
Fiorentina vs AS Roma,Fiorentina,41144,Dodô,M,81,6.6,,0.0,1.0,,28,20.0,71.4,,,1.0,4.0,0,0,5.0,9.0
Fiorentina vs AS Roma,Fiorentina,30810,Rolando Mandragora,M,75,7,,0.0,1.0,,31,27.0,87.1,3.0,,3.0,1.0,0,0,5.0,9.0
Fiorentina vs AS Roma,Fiorentina,881,Hans Nicolussi Caviglia,M,90,7,,1.0,,,52,40.0,76.9,,,2.0,2.0,0,0,3.0,6.0
Fiorentina vs AS Roma,Fiorentina,30422,Robin Gosens,M,90,6.2,,0.0,1.0,,26,19.0,73.1,1.0,,1.0,2.0,0,0,3.0,8.0
Fiorentina vs AS Roma,Fiorentina,340700,Jacopo Fazzini,F,67,7.2,,0.0,1.0,1.0,32,21.0,65.6,,,,4.0,0,0,6.0,9.0
Fiorentina vs AS Roma,Fiorentina,2799,Albert Guðmundsson,F,45,6.3,,0.0,,,9,7.0,77.8,,,1.0,,1,0,,4.0
Fiorentina vs AS Roma,Fiorentina,877,Moise Kean,F,90,7.3,1.0,0.0,2.0,1.0,14,11.0,78.6,,,2.0,3.0,0,0,4.0,9.0
Fiorentina vs AS Roma,Fiorentina,30440,Roberto Piccoli,F,45,6.5,,0.0,2.0,,1,1.0,100.0,,,1.0,1.0,0,0,1.0,4.0
Fiorentina vs AS Roma,Fiorentina,311083,Cher Ndour,M,23,6.9,,0.0,,,9,9.0,100.0,1.0,,,,0,0,2.0,3.0
Fiorentina vs AS Roma,Fiorentina,396637,Pietro Comuzzo,D,15,6.6,,0.0,,,9,7.0,77.8,,1.0,,,0,0,,
Fiorentina vs AS Roma,Fiorentina,790,Edin Džeko,F,15,6.7,,0.0,,,6,3.0,50.0,,,,1.0,0,0,3.0,5.0
Fiorentina vs AS Roma,Fiorentina,437093,Niccolò Fortini,D,9,7.3,,0.0,,,7,6.0,85.7,4.0,1.0,1.0,,0,0,4.0,6.0
Fiorentina vs AS Roma,AS Roma,556,Mile Svilar,G,90,6.2,,0.0,,,40,29.0,72.5,,,,,0,0,,
Fiorentina vs AS Roma,AS Roma,22222,Zeki Çelik,D,90,6.9,,0.0,,,57,43.0,75.4,4.0,1.0,2.0,1.0,0,0,10.0,15.0
Fiorentina vs AS Roma,AS Roma,30425,Gianluca Mancini,D,90,6.7,,0.0,,,38,34.0,89.5,1.0,1.0,2.0,,0,0,4.0,7.0
Fiorentina vs AS Roma,AS Roma,1807,Evan Ndicka,D,90,6.7,,0.0,1.0,,56,51.0,91.1,1.0,1.0,2.0,2.0,0,0,3.0,5.0
Fiorentina vs AS Roma,AS Roma,349001,Wesley,M,81,7.9,,0.0,,,33,26.0,78.8,2.0,,2.0,1.0,1,0,4.0,7.0
Fiorentina vs AS Roma,AS Roma,778,Bryan Cristante,M,90,7.9,1.0,0.0,1.0,1.0,59,46.0,78.0,2.0,,2.0,,1,0,4.0,9.0
Fiorentina vs AS Roma,AS Roma,22147,Manu Koné,M,90,6.7,,0.0,,,44,41.0,93.2,2.0,,2.0,3.0,0,0,5.0,12.0
Fiorentina vs AS Roma,AS Roma,1600,Konstantinos Tsimikas,M,67,6.3,,0.0,,,32,24.0,75.0,2.0,1.0,2.0,1.0,1,0,5.0,8.0
Fiorentina vs AS Roma,AS Roma,323936,Matías Soulé,F,81,7.9,1.0,1.0,1.0,1.0,38,31.0,81.6,,1.0,,1.0,0,0,1.0,4.0
Fiorentina vs AS Roma,AS Roma,288769,Tommaso Baldanzi,F,59,6.9,,0.0,,,16,13.0,81.2,1.0,2.0,1.0,2.0,0,0,3.0,5.0
Fiorentina vs AS Roma,AS Roma,15811,Artem Dovbyk,F,59,5.9,,1.0,2.0,,12,10.0,83.3,1.0,,3.0,2.0,0,0,3.0,8.0
Fiorentina vs AS Roma,AS Roma,782,Lorenzo Pellegrini,M,31,6.5,,0.0,,,13,10.0,76.9,,,2.0,1.0,0,0,1.0,5.0
Fiorentina vs AS Roma,AS Roma,875,Paulo Dybala,F,31,6.7,,0.0,1.0,1.0,14,13.0,92.9,,,,1.0,0,0,2.0,6.0
Fiorentina vs AS Roma,AS Roma,162452,Devyne Rensch,D,23,6.6,,0.0,,,9,7.0,77.8,1.0,,1.0,1.0,0,0,2.0,3.0
Fiorentina vs AS Roma,AS Roma,384543,Jan Ziółkowski,D,9,6.7,,0.0,,,2,2.0,100.0,,,,,0,0,,2.0
Fiorentina vs AS Roma,AS Roma,277003,Neil El Aynaoui,M,9,6.7,,0.0,,,4,4.0,100.0,,,,,0,0,,
Napoli vs Genoa,Napoli,31156,Vanja Milinković-Savić,G,90,6.3,,0.0,,,40,29.0,72.5,,,,,0,0,,
Napoli vs Genoa,Napoli,31042,Giovanni Di Lorenzo,D,90,7,,0.0,2.0,1.0,48,39.0,81.2,3.0,,2.0,1.0,0,0,6.0,13.0
Napoli vs Genoa,Napoli,37604,Sam Beukema,D,90,7.2,,0.0,,,81,75.0,92.6,,,1.0,,0,0,5.0,6.0
Napoli vs Genoa,Napoli,774,Juan Jesus,D,90,6.9,,0.0,,,86,75.0,87.2,,,2.0,1.0,0,0,5.0,8.0
Napoli vs Genoa,Napoli,47254,Mathías Olivera,D,50,6.2,,0.0,,,36,33.0,91.7,,1.0,1.0,,0,0,,2.0
Napoli vs Genoa,Napoli,47439,Stanislav Lobotka,M,44,6.9,,0.0,,,40,37.0,92.5,2.0,,,2.0,0,0,4.0,5.0
Napoli vs Genoa,Napoli,219,Matteo Politano,M,50,6.3,,0.0,1.0,,22,14.0,63.6,,,,,0,0,3.0,4.0
Napoli vs Genoa,Napoli,3406,Frank Anguissa,M,90,7.3,1.0,0.0,2.0,2.0,45,33.0,73.3,3.0,,1.0,,0,0,4.0,7.0
Napoli vs Genoa,Napoli,903,Scott McTominay,M,90,6.5,,0.0,1.0,,27,21.0,77.8,1.0,1.0,2.0,3.0,0,0,8.0,14.0
Napoli vs Genoa,Napoli,552,David Neres,M,82,6.3,,0.0,1.0,,36,31.0,86.1,1.0,,2.0,,1,0,2.0,8.0
Napoli vs Genoa,Napoli,288006,Rasmus Højlund,F,82,6.6,1.0,0.0,1.0,1.0,13,11.0,84.6,,,2.0,4.0,0,0,4.0,10.0
Napoli vs Genoa,Napoli,130423,Billy Gilmour,M,46,7,,0.0,,,42,36.0,85.7,1.0,1.0,1.0,,0,0,3.0,4.0
Napoli vs Genoa,Napoli,862,Leonardo Spinazzola,D,40,6.9,,0.0,,,8,4.0,50.0,1.0,1.0,,,0,0,1.0,1.0
Napoli vs Genoa,Napoli,629,Kevin De Bruyne,M,40,6.9,,0.0,,,25,19.0,76.0,1.0,,,,0,0,2.0,7.0
Napoli vs Genoa,Napoli,162032,Miguel Gutiérrez,D,8,6.6,,0.0,,,4,4.0,100.0,,,1.0,1.0,0,0,1.0,3.0
Napoli vs Genoa,Napoli,199089,Lorenzo Lucca,F,8,6.9,,0.0,1.0,1.0,1,1.0,100.0,,,1.0,1.0,0,0,2.0,4.0
Napoli vs Genoa,Genoa,31631,Nicola Leali,G,90,7.3,,0.0,,,29,14.0,48.3,,,,2.0,0,0,2.0,2.0
Napoli vs Genoa,Genoa,31137,Stefano Sabelli,D,76,6.6,,0.0,,,22,12.0,54.5,2.0,,,3.0,0,0,5.0,5.0
Napoli vs Genoa,Genoa,281826,Alessandro Marcandalli,D,45,6.5,,0.0,,,7,7.0,100.0,,,3.0,,1,0,,3.0
Napoli vs Genoa,Genoa,35544,Johan Vásquez,D,90,6.7,,0.0,1.0,,34,26.0,76.5,2.0,1.0,,2.0,0,0,5.0,7.0
Napoli vs Genoa,Genoa,89520,Mikael Ellertsson,D,90,6.3,,0.0,,,19,14.0,73.7,2.0,,,,0,0,2.0,5.0
Napoli vs Genoa,Genoa,281096,Patrizio Masini,M,90,6.6,,0.0,,,22,15.0,68.2,3.0,3.0,3.0,3.0,0,0,6.0,14.0
Napoli vs Genoa,Genoa,15881,Morten Frendrup,M,90,7,,0.0,,,23,16.0,69.6,2.0,2.0,2.0,2.0,0,0,5.0,9.0
Napoli vs Genoa,Genoa,284570,Brooke Norton-Cuffy,M,90,7.7,,1.0,,,23,19.0,82.6,1.0,,,,0,0,4.0,5.0
Napoli vs Genoa,Genoa,1938,Ruslan Malinovskyi,M,61,6.2,,0.0,,,17,13.0,76.5,,1.0,1.0,,1,0,,5.0
Napoli vs Genoa,Genoa,281408,Vitinha,M,76,6.2,,0.0,1.0,,14,7.0,50.0,1.0,1.0,1.0,1.0,0,0,4.0,10.0
Napoli vs Genoa,Genoa,451504,Jeff Ekhator,F,61,6.9,1.0,0.0,2.0,1.0,11,8.0,72.7,,,1.0,1.0,0,0,3.0,12.0
Napoli vs Genoa,Genoa,387128,Sebastian Otoa,D,45,6.2,,0.0,,,7,6.0,85.7,1.0,1.0,1.0,,1,0,4.0,5.0
Napoli vs Genoa,Genoa,36980,Morten Thorsby,M,29,6.3,,0.0,,,5,3.0,60.0,,,1.0,1.0,0,0,4.0,7.0
Napoli vs Genoa,Genoa,3430,Caleb Ekuban,F,29,6.2,,0.0,,,5,5.0,100.0,,,,,0,0,,2.0
Napoli vs Genoa,Genoa,341646,Valentín Carboni,M,14,6.7,,0.0,,,1,,,1.0,1.0,,1.0,0,0,2.0,4.0
Napoli vs Genoa,Genoa,263481,Lorenzo Colombo,F,14,6.5,,0.0,,,6,3.0,50.0,,,2.0,,0,0,,1.0
Juventus vs AC Milan,Juventus,30670,Michele Di Gregorio,G,90,7.5,,0.0,,,29,21.0,72.4,,,,,0,0,,
Juventus vs AC Milan,Juventus,268341,Federico Gatti,D,90,6.3,,0.0,3.0,2.0,55,48.0,87.3,2.0,,3.0,,1,0,4.0,8.0
Juventus vs AC Milan,Juventus,861,Daniele Rugani,D,86,6.9,,0.0,,,57,52.0,91.2,,2.0,1.0,,0,0,2.0,5.0
Juventus vs AC Milan,Juventus,19263,Lloyd Kelly,D,90,6.2,,0.0,,,54,52.0,96.3,,,3.0,,0,0,1.0,6.0
Juventus vs AC Milan,Juventus,162188,Pierre Kalulu,M,90,7.2,,0.0,1.0,,45,35.0,77.8,,,1.0,1.0,0,0,2.0,4.0
Juventus vs AC Milan,Juventus,415,Weston McKennie,M,90,6.3,,0.0,2.0,,26,22.0,84.6,,,2.0,,0,0,,1.0
Juventus vs AC Milan,Juventus,30533,Manuel Locatelli,M,90,7.5,,0.0,1.0,,78,75.0,96.2,1.0,2.0,2.0,2.0,1,0,4.0,8.0
Juventus vs AC Milan,Juventus,127011,Andrea Cambiaso,M,90,6.9,,0.0,1.0,1.0,48,45.0,93.8,,1.0,,,0,0,,
Juventus vs AC Milan,Juventus,161585,Francisco Conceição,F,69,7.2,,0.0,,,26,23.0,88.5,1.0,1.0,,2.0,0,0,4.0,9.0
Juventus vs AC Milan,Juventus,339883,Kenan Yıldız,F,69,6.6,,0.0,,,26,23.0,88.5,,,1.0,1.0,0,0,4.0,8.0
Juventus vs AC Milan,Juventus,8489,Jonathan David,F,69,6.2,,0.0,,,9,9.0,100.0,,,1.0,,0,0,2.0,6.0
Juventus vs AC Milan,Juventus,116,Khéphren Thuram,M,21,6.3,,0.0,1.0,,13,11.0,84.6,1.0,1.0,,,0,0,1.0,3.0
Juventus vs AC Milan,Juventus,86,Loïs Openda,F,21,6.3,,0.0,1.0,,2,1.0,50.0,,,1.0,2.0,0,0,2.0,3.0
Juventus vs AC Milan,Juventus,30415,Dušan Vlahović,F,21,6.5,,0.0,,,4,2.0,50.0,,1.0,,,0,0,,1.0
Juventus vs AC Milan,Juventus,1821,Filip Kostić,M,4,,,0.0,,,3,3.0,100.0,,,,,0,0,,
Juventus vs AC Milan,AC Milan,22221,Mike Maignan,G,90,8.2,,0.0,,,41,38.0,92.7,,,,1.0,0,0,1.0,1.0
Juventus vs AC Milan,AC Milan,19209,Fikayo Tomori,D,90,7.2,,0.0,,,52,47.0,90.4,,1.0,,,0,0,,1.0
Juventus vs AC Milan,AC Milan,56473,Matteo Gabbia,D,90,7.2,,0.0,,,59,53.0,89.8,,1.0,,,0,0,2.0,2.0
Juventus vs AC Milan,AC Milan,45826,Strahinja Pavlović,D,90,6.9,,0.0,,,58,55.0,94.8,,,2.0,,0,0,1.0,5.0
Juventus vs AC Milan,AC Milan,1417,Alexis Saelemaekers,M,90,6.9,,0.0,1.0,,27,23.0,85.2,2.0,1.0,,2.0,0,0,4.0,6.0
Juventus vs AC Milan,AC Milan,22254,Youssouf Fofana,M,63,6.7,,0.0,2.0,1.0,17,16.0,94.1,2.0,,2.0,2.0,1,0,5.0,11.0
Juventus vs AC Milan,AC Milan,754,Luka Modrić,M,90,7.9,,0.0,,,76,68.0,89.5,,,,1.0,0,0,3.0,5.0
Juventus vs AC Milan,AC Milan,272,Adrien Rabiot,M,90,6.7,,0.0,1.0,,38,36.0,94.7,1.0,,1.0,,0,0,1.0,3.0
Juventus vs AC Milan,AC Milan,374359,Davide Bartesaghi,M,90,6.9,,0.0,,,35,28.0,80.0,1.0,1.0,1.0,1.0,1,0,3.0,5.0
Juventus vs AC Milan,AC Milan,94562,Santiago Giménez,F,63,7.5,,0.0,2.0,1.0,14,10.0,71.4,,1.0,2.0,3.0,0,0,6.0,8.0
Juventus vs AC Milan,AC Milan,17,Christian Pulišić,F,74,6.3,,0.0,2.0,1.0,31,27.0,87.1,1.0,1.0,,2.0,0,0,3.0,7.0
Juventus vs AC Milan,AC Milan,2292,Ruben Loftus-Cheek,M,27,6.9,,0.0,,,8,6.0,75.0,,,,1.0,0,0,5.0,6.0
Juventus vs AC Milan,AC Milan,22236,Rafael Leão,F,27,6.3,,0.0,3.0,1.0,0,,,,,,1.0,0,0,2.0,2.0
Juventus vs AC Milan,AC Milan,269,Christopher Nkunku,F,16,6.3,,0.0,,,10,9.0,90.0,,,,,0,0,,
Pisa vs Hellas Verona,Pisa,30733,Adrian Šemper,G,90,7.5,,0.0,,,25,22.0,88.0,,,,,0,0,1.0,1.0
Pisa vs Hellas Verona,Pisa,31604,Antonio Caracciolo,D,90,7.2,,0.0,,,62,52.0,83.9,,1.0,,,0,0,4.0,8.0
Pisa vs Hellas Verona,Pisa,314,Raúl Albiol,D,90,7.9,,0.0,,,84,79.0,94.0,1.0,1.0,1.0,1.0,0,0,6.0,13.0
Pisa vs Hellas Verona,Pisa,91503,Simone Canestrelli,D,90,8,,0.0,,,61,55.0,90.2,3.0,,1.0,,1,0,12.0,19.0
Pisa vs Hellas Verona,Pisa,30753,Mehdi Léris,M,65,6.9,,0.0,,,14,11.0,78.6,1.0,,1.0,1.0,0,0,4.0,9.0
Pisa vs Hellas Verona,Pisa,408635,Ebenezer Akinsanmiro,M,90,6.2,,0.0,1.0,,26,20.0,76.9,,2.0,2.0,1.0,1,0,2.0,8.0
Pisa vs Hellas Verona,Pisa,951,Michel Aebischer,M,90,7.3,,0.0,,,71,62.0,87.3,1.0,1.0,,2.0,0,0,4.0,4.0
Pisa vs Hellas Verona,Pisa,30723,Marius Marin,M,66,6.7,,0.0,,,30,21.0,70.0,1.0,,,,0,0,1.0,2.0
Pisa vs Hellas Verona,Pisa,302069,Samuele Angori,M,65,6.6,,0.0,,,30,20.0,66.7,1.0,,,4.0,0,0,5.0,9.0
Pisa vs Hellas Verona,Pisa,31560,Stefano Moreo,F,79,6.3,,0.0,1.0,,18,8.0,44.4,,,1.0,1.0,0,0,5.0,10.0
Pisa vs Hellas Verona,Pisa,31318,M'Bala Nzola,F,90,6.7,,0.0,2.0,,12,11.0,91.7,1.0,,1.0,1.0,0,0,7.0,12.0
Pisa vs Hellas Verona,Pisa,341838,Giovanni Bonfanti,D,25,6.7,,0.0,1.0,,7,4.0,57.1,1.0,,,,0,0,2.0,6.0
Pisa vs Hellas Verona,Pisa,866,Juan Cuadrado,M,25,6.9,,0.0,,,9,6.0,66.7,1.0,,1.0,1.0,0,0,3.0,7.0
Pisa vs Hellas Verona,Pisa,325387,Gabriele Piccinini,M,24,6.6,,0.0,,,6,4.0,66.7,,,,1.0,1,0,1.0,3.0
Pisa vs Hellas Verona,Pisa,20959,Matteo Tramoni,F,11,6.7,,0.0,,,4,2.0,50.0,,,,,1,0,1.0,2.0
Pisa vs Hellas Verona,Hellas Verona,30611,Lorenzo Montipò,G,90,6.9,,0.0,,,26,15.0,57.7,,,,,0,0,,
Pisa vs Hellas Verona,Hellas Verona,47277,Unai Núñez,D,90,7.3,,0.0,1.0,,42,33.0,78.6,,1.0,1.0,1.0,1,0,6.0,11.0
Pisa vs Hellas Verona,Hellas Verona,15912,Victor Nelsson,D,90,7,,0.0,,,24,19.0,79.2,1.0,1.0,,,0,0,2.0,6.0
Pisa vs Hellas Verona,Hellas Verona,311071,Nicolás Valentini,D,90,6.9,,0.0,2.0,1.0,26,15.0,57.7,1.0,,1.0,,0,0,4.0,10.0
Pisa vs Hellas Verona,Hellas Verona,527889,Fallou Cham,M,61,6.9,,0.0,3.0,1.0,14,7.0,50.0,2.0,,2.0,,0,0,4.0,7.0
Pisa vs Hellas Verona,Hellas Verona,418,Suat Serdar,M,86,7.5,,0.0,,,26,24.0,92.3,2.0,,2.0,,0,0,4.0,6.0
Pisa vs Hellas Verona,Hellas Verona,203,Roberto Gagliardini,M,90,6.6,,0.0,1.0,,41,27.0,65.9,3.0,2.0,,,0,0,3.0,5.0
Pisa vs Hellas Verona,Hellas Verona,1090,Antoine Bernede,M,61,6.7,,0.0,,,16,11.0,68.8,2.0,,2.0,,0,0,3.0,7.0
Pisa vs Hellas Verona,Hellas Verona,15909,Martin Frese,M,90,7.3,,0.0,1.0,,11,5.0,45.5,3.0,,2.0,2.0,1,0,7.0,9.0
Pisa vs Hellas Verona,Hellas Verona,312615,Giovane,F,67,5.9,,0.0,,,13,5.0,38.5,,,2.0,,0,0,4.0,17.0
Pisa vs Hellas Verona,Hellas Verona,368260,Gift Orban,F,67,5.9,,0.0,2.0,,13,10.0,76.9,,,,,0,0,,7.0
Pisa vs Hellas Verona,Hellas Verona,31678,Jean-Daniel Akpa Akpro,M,29,6.9,,0.0,,,10,7.0,70.0,3.0,,1.0,,0,0,4.0,6.0
Pisa vs Hellas Verona,Hellas Verona,303362,Rafik Belghali,D,29,6.9,,0.0,,,10,9.0,90.0,,,,,0,0,1.0,2.0
Pisa vs Hellas Verona,Hellas Verona,59421,Daniel Mosquera,F,23,6.3,,0.0,,,9,5.0,55.6,1.0,,1.0,1.0,0,0,3.0,5.0
Pisa vs Hellas Verona,Hellas Verona,236955,Amin Sarr,F,23,6.9,,0.0,,,6,3.0,50.0,2.0,,,2.0,0,0,7.0,11.0
Pisa vs Hellas Verona,Hellas Verona,364415,Yellu Santiago,M,10,6.9,,0.0,1.0,1.0,3,2.0,66.7,2.0,,,,0,0,3.0,4.0
Lecce vs Sassuolo,Lecce,56459,Wladimiro Falcone,G,90,7,,0.0,,,22,14.0,63.6,,,,,1,0,,
Lecce vs Sassuolo,Lecce,161702,Danilo Veiga,D,90,7.2,,0.0,1.0,1.0,26,19.0,73.1,5.0,1.0,2.0,1.0,1,0,11.0,16.0
Lecce vs Sassuolo,Lecce,291589,Kialonda Gaspar,D,90,7.2,,0.0,1.0,,53,48.0,90.6,2.0,,,,0,0,4.0,5.0
Lecce vs Sassuolo,Lecce,455316,Tiago Gabriel,D,90,7.3,,0.0,,,42,38.0,90.5,1.0,,1.0,,0,0,4.0,5.0
Lecce vs Sassuolo,Lecce,31543,Antonino Gallo,D,90,7.3,,0.0,,,33,22.0,66.7,2.0,,1.0,1.0,0,0,6.0,7.0
Lecce vs Sassuolo,Lecce,1748,Lassana Coulibaly,M,64,6.3,,0.0,,,18,13.0,72.2,,,1.0,,0,0,1.0,5.0
Lecce vs Sassuolo,Lecce,15673,Ylber Ramadani,M,90,7.2,,0.0,1.0,,69,59.0,85.5,1.0,2.0,3.0,5.0,0,0,6.0,12.0
Lecce vs Sassuolo,Lecce,335071,Medon Berisha,M,86,7.2,,0.0,2.0,,70,61.0,87.1,,2.0,1.0,1.0,0,0,1.0,2.0
Lecce vs Sassuolo,Lecce,6662,Santiago Pierotti,F,74,6.9,,0.0,1.0,,27,22.0,81.5,1.0,1.0,3.0,1.0,0,0,3.0,8.0
Lecce vs Sassuolo,Lecce,264122,Nikola Štulić,F,64,6.2,,0.0,1.0,,12,7.0,58.3,1.0,,2.0,,0,0,4.0,10.0
Lecce vs Sassuolo,Lecce,47182,Tete Morente,F,86,6.6,,0.0,,,26,22.0,84.6,,,1.0,2.0,0,0,4.0,9.0
Lecce vs Sassuolo,Lecce,28744,Þórir Jóhann Helgason,M,26,6.6,,0.0,1.0,1.0,5,4.0,80.0,,,,,0,0,1.0,2.0
Lecce vs Sassuolo,Lecce,436260,Francesco Camarda,F,26,6.3,,0.0,,,3,3.0,100.0,,,,,0,0,1.0,1.0
Lecce vs Sassuolo,Lecce,118956,Lameck Banda,M,16,6.6,,0.0,,,3,3.0,100.0,,,1.0,2.0,0,0,2.0,4.0
Lecce vs Sassuolo,Lecce,190958,Balthazar Pierret,M,11,6.7,,0.0,,,5,4.0,80.0,,,,,0,0,,
Lecce vs Sassuolo,Lecce,8643,Konan N'Dri,F,11,6.9,,0.0,,,0,,,,,,1.0,0,0,3.0,4.0
Lecce vs Sassuolo,Sassuolo,616,Arijanet Murić,G,90,7.7,,0.0,,,43,28.0,65.1,,,,,0,0,1.0,1.0
Lecce vs Sassuolo,Sassuolo,40582,Sebastian Walukiewicz,D,90,6.6,,0.0,,,24,22.0,91.7,2.0,,2.0,,0,0,3.0,7.0
Lecce vs Sassuolo,Sassuolo,30556,Filippo Romagna,D,74,7.7,,0.0,,,48,39.0,81.2,,2.0,,1.0,0,0,3.0,4.0
Lecce vs Sassuolo,Sassuolo,37651,Jay Idzes,D,90,7,,0.0,,,49,47.0,95.9,,2.0,,1.0,0,0,3.0,6.0
Lecce vs Sassuolo,Sassuolo,135526,Josh Doig,D,90,7,,0.0,,,36,29.0,80.6,4.0,2.0,1.0,2.0,1,0,8.0,14.0
Lecce vs Sassuolo,Sassuolo,127413,Aster Vranckx,M,57,6.9,,0.0,1.0,,21,17.0,81.0,,,2.0,1.0,0,0,2.0,4.0
Lecce vs Sassuolo,Sassuolo,902,Nemanja Matić,M,90,7.2,,0.0,,,51,41.0,80.4,2.0,,,3.0,0,0,6.0,8.0
Lecce vs Sassuolo,Sassuolo,39143,Kristian Thorstvedt,M,90,6.3,,0.0,1.0,,38,26.0,68.4,1.0,1.0,3.0,2.0,0,0,3.0,9.0
Lecce vs Sassuolo,Sassuolo,30537,Domenico Berardi,F,90,6.2,,0.0,2.0,1.0,25,13.0,52.0,1.0,1.0,2.0,3.0,1,0,4.0,11.0
Lecce vs Sassuolo,Sassuolo,31094,Andrea Pinamonti,F,74,6.5,,0.0,1.0,,9,4.0,44.4,1.0,,,,0,0,2.0,6.0
Lecce vs Sassuolo,Sassuolo,2215,Armand Laurienté,F,57,6,,0.0,1.0,1.0,18,14.0,77.8,,,1.0,,0,0,,6.0
Lecce vs Sassuolo,Sassuolo,281291,Edoardo Iannoni,M,33,6.2,,0.0,,,14,12.0,85.7,,,3.0,,0,0,,5.0
Lecce vs Sassuolo,Sassuolo,30849,Nicholas Pierini,F,33,6.9,,0.0,,,9,7.0,77.8,,,,2.0,0,0,4.0,5.0
Lecce vs Sassuolo,Sassuolo,41371,Fali Candé,D,16,6.3,,0.0,,,7,5.0,71.4,,,,,0,0,,2.0
Lecce vs Sassuolo,Sassuolo,128478,Walid Cheddira,F,16,6.2,,0.0,,,2,2.0,100.0,,,,,0,0,,2.0
Torino vs Napoli,Torino,56266,Franco Israel,G,90,6.9,,0.0,,,38,11.0,28.9,,,,,1,0,2.0,3.0
Torino vs Napoli,Torino,39362,Marcus Pedersen,D,90,6,,0.0,1.0,,9,8.0,88.9,,,,,0,0,1.0,5.0
Torino vs Napoli,Torino,22174,Adrien Tameze,D,90,7.3,,0.0,,,33,26.0,78.8,,3.0,1.0,2.0,0,0,3.0,4.0
Torino vs Napoli,Torino,2553,Guillermo Maripán,D,90,7,,0.0,,,22,21.0,95.5,,2.0,1.0,,0,0,1.0,6.0
Torino vs Napoli,Torino,122468,Saúl Coco,D,90,7.7,,0.0,1.0,,27,23.0,85.2,2.0,3.0,,,0,0,4.0,4.0
Torino vs Napoli,Torino,156490,Niels Nkounkou,D,75,7.9,,0.0,,,19,17.0,89.5,4.0,1.0,,,0,0,7.0,11.0
Torino vs Napoli,Torino,270507,Cesare Casadei,M,90,6.7,,0.0,1.0,,26,20.0,76.9,,1.0,2.0,1.0,0,0,6.0,12.0
Torino vs Napoli,Torino,275776,Kristjan Asllani,M,84,7.2,,0.0,1.0,,40,34.0,85.0,2.0,1.0,,3.0,0,0,6.0,11.0
Torino vs Napoli,Torino,842,Nikola Vlašić,M,75,7.3,,0.0,1.0,,25,21.0,84.0,3.0,,1.0,1.0,0,0,4.0,7.0
Torino vs Napoli,Torino,30414,Giovanni Simeone,F,62,8.2,1.0,0.0,3.0,1.0,17,13.0,76.5,,,2.0,,0,0,2.0,8.0
Torino vs Napoli,Torino,19524,Che Adams,F,84,6.9,,0.0,1.0,1.0,13,13.0,100.0,,,,1.0,0,0,2.0,7.0
Torino vs Napoli,Torino,85,Cyril Ngonge,F,28,6.2,,0.0,,,4,2.0,50.0,,,,,0,0,,3.0
Torino vs Napoli,Torino,30396,Cristiano Biraghi,D,15,7,,0.0,,,2,1.0,50.0,1.0,,,,0,0,2.0,2.0
Torino vs Napoli,Torino,343189,Gvidas Gineitis,M,15,6.9,,0.0,,,1,1.0,100.0,1.0,,1.0,1.0,0,0,2.0,3.0
Torino vs Napoli,Torino,14329,Ardian Ismajli,D,14,6.6,,0.0,,,1,1.0,100.0,,,1.0,,0,0,,1.0
Torino vs Napoli,Torino,2495,Duván Zapata,F,14,6.5,,0.0,1.0,,4,2.0,50.0,,,,,0,0,1.0,3.0
Torino vs Napoli,Napoli,31156,Vanja Milinković-Savić,G,90,7.7,,0.0,,,29,28.0,96.6,,,,,0,0,,1.0
Torino vs Napoli,Napoli,31042,Giovanni Di Lorenzo,D,90,6.9,,0.0,,,67,57.0,85.1,,,2.0,1.0,0,0,2.0,9.0
Torino vs Napoli,Napoli,37604,Sam Beukema,D,90,6.9,,0.0,2.0,,87,85.0,97.7,2.0,2.0,1.0,,0,0,3.0,7.0
Torino vs Napoli,Napoli,774,Juan Jesus,D,63,6.3,,0.0,,,58,53.0,91.4,,,1.0,,1,0,1.0,3.0
Torino vs Napoli,Napoli,47254,Mathías Olivera,D,63,6,,0.0,1.0,,44,40.0,90.9,2.0,,,,0,0,3.0,5.0
Torino vs Napoli,Napoli,130423,Billy Gilmour,M,82,7.2,,0.0,,,79,71.0,89.9,2.0,,,,0,0,4.0,7.0
Torino vs Napoli,Napoli,552,David Neres,M,74,6.9,,0.0,2.0,,33,26.0,78.8,1.0,,,1.0,0,0,7.0,10.0
Torino vs Napoli,Napoli,3406,Frank Anguissa,M,90,6.3,,0.0,4.0,1.0,42,33.0,78.6,,2.0,,2.0,0,0,10.0,14.0
Torino vs Napoli,Napoli,629,Kevin De Bruyne,M,90,6.7,,0.0,2.0,1.0,68,64.0,94.1,2.0,1.0,2.0,,0,0,3.0,9.0
Torino vs Napoli,Napoli,862,Leonardo Spinazzola,M,90,7,,0.0,3.0,2.0,46,33.0,71.7,,1.0,1.0,,0,0,1.0,4.0
Torino vs Napoli,Napoli,199089,Lorenzo Lucca,F,74,6.7,,0.0,2.0,1.0,2,2.0,100.0,,,1.0,3.0,0,0,6.0,11.0
Torino vs Napoli,Napoli,31226,Alessandro Buongiorno,D,27,7.3,,0.0,,,31,28.0,90.3,,1.0,,,0,0,4.0,4.0
Torino vs Napoli,Napoli,544,Noa Lang,F,27,6.9,,0.0,,,9,7.0,77.8,,,,,1,0,,
Torino vs Napoli,Napoli,219,Matteo Politano,F,16,6.7,,0.0,1.0,,15,14.0,93.3,,,,1.0,0,0,1.0,2.0
Torino vs Napoli,Napoli,341912,Giuseppe Ambrosino,F,16,6.5,,0.0,,,2,1.0,50.0,,,1.0,1.0,0,0,2.0,4.0
Torino vs Napoli,Napoli,1358,Eljif Elmas,M,8,6.3,,0.0,1.0,,3,3.0,100.0,,,,,0,0,,
AS Roma vs Inter,AS Roma,556,Mile Svilar,G,90,6,,0.0,,,38,24.0,63.2,,,,,0,0,,
AS Roma vs Inter,AS Roma,1807,Evan Ndicka,D,55,6.2,,0.0,1.0,,38,36.0,94.7,,1.0,2.0,,1,0,2.0,7.0
AS Roma vs Inter,AS Roma,30425,Gianluca Mancini,D,90,7.9,,0.0,,,57,54.0,94.7,2.0,3.0,3.0,8.0,0,0,12.0,16.0
AS Roma vs Inter,AS Roma,2669,Mario Hermoso,D,73,6.3,,0.0,1.0,1.0,45,39.0,86.7,2.0,1.0,2.0,,1,0,3.0,7.0
AS Roma vs Inter,AS Roma,22222,Zeki Çelik,M,90,6.5,,0.0,,,43,37.0,86.0,,2.0,3.0,,0,0,1.0,7.0
AS Roma vs Inter,AS Roma,778,Bryan Cristante,M,90,6.7,,0.0,2.0,,71,65.0,91.5,1.0,,1.0,,0,0,5.0,11.0
AS Roma vs Inter,AS Roma,22147,Manu Koné,M,90,7.2,,0.0,,,48,45.0,93.8,,,1.0,4.0,0,0,6.0,11.0
AS Roma vs Inter,AS Roma,349001,Wesley,M,90,6.3,,0.0,1.0,,22,17.0,77.3,,,,3.0,0,0,4.0,10.0
AS Roma vs Inter,AS Roma,323936,Matías Soulé,F,80,7.7,,0.0,1.0,1.0,36,32.0,88.9,,,,4.0,0,0,5.0,11.0
AS Roma vs Inter,AS Roma,782,Lorenzo Pellegrini,F,55,7,,0.0,,,36,31.0,86.1,,1.0,,2.0,0,0,2.0,3.0
AS Roma vs Inter,AS Roma,875,Paulo Dybala,F,73,7.3,,0.0,2.0,2.0,26,26.0,100.0,,1.0,1.0,1.0,0,0,2.0,5.0
AS Roma vs Inter,AS Roma,384543,Jan Ziółkowski,D,35,7,,0.0,,,27,21.0,77.8,2.0,,2.0,4.0,1,0,7.0,11.0
AS Roma vs Inter,AS Roma,15811,Artem Dovbyk,F,35,6.2,,0.0,2.0,1.0,4,3.0,75.0,,,2.0,,0,0,,2.0
AS Roma vs Inter,AS Roma,288769,Tommaso Baldanzi,M,17,6.9,,0.0,,,9,9.0,100.0,1.0,,1.0,2.0,1,0,3.0,5.0
AS Roma vs Inter,AS Roma,983,Leon Bailey,F,17,6.6,,0.0,,,7,5.0,71.4,,,,,0,0,1.0,2.0
AS Roma vs Inter,AS Roma,129643,Evan Ferguson,F,10,6.3,,0.0,1.0,,2,,,,,,,0,0,1.0,2.0
AS Roma vs Inter,Inter,2802,Yann Sommer,G,90,9.2,,0.0,,,46,30.0,65.2,,,,,0,0,,
AS Roma vs Inter,Inter,5,Manuel Akanji,D,90,6.9,,0.0,1.0,,44,36.0,81.8,3.0,,2.0,,0,0,4.0,9.0
AS Roma vs Inter,Inter,1836,Francesco Acerbi,D,90,7.2,,0.0,,,27,25.0,92.6,,1.0,2.0,3.0,0,0,4.0,6.0
AS Roma vs Inter,Inter,31009,Alessandro Bastoni,D,90,7.5,,0.0,,,41,33.0,80.5,5.0,,3.0,,0,0,7.0,13.0
AS Roma vs Inter,Inter,226,Denzel Dumfries,M,90,6.3,,0.0,1.0,1.0,23,16.0,69.6,,,3.0,,0,0,3.0,8.0
AS Roma vs Inter,Inter,30558,Nicolò Barella,M,82,7.2,,1.0,,,39,31.0,79.5,4.0,,,,0,0,4.0,6.0
AS Roma vs Inter,Inter,1640,Hakan Çalhanoğlu,M,62,6.9,,0.0,2.0,1.0,32,31.0,96.9,2.0,1.0,1.0,,0,0,2.0,4.0
AS Roma vs Inter,Inter,1457,Henrikh Mkhitaryan,M,90,6.9,,0.0,2.0,,43,34.0,79.1,3.0,2.0,3.0,1.0,1,0,8.0,12.0
AS Roma vs Inter,Inter,31010,Federico Dimarco,M,82,6.9,,0.0,1.0,,37,28.0,75.7,3.0,1.0,3.0,2.0,0,0,5.0,9.0
AS Roma vs Inter,Inter,275651,Ange-Yoan Bonny,F,69,7.7,1.0,0.0,2.0,1.0,13,8.0,61.5,,,3.0,3.0,0,0,4.0,10.0
AS Roma vs Inter,Inter,217,Lautaro Martínez,F,61,6.7,,0.0,1.0,,16,13.0,81.2,1.0,1.0,3.0,3.0,1,0,5.0,9.0
AS Roma vs Inter,Inter,345808,Francesco Pio Esposito,F,29,6.3,,0.0,,,14,10.0,71.4,,,3.0,3.0,0,0,3.0,10.0
AS Roma vs Inter,Inter,31173,Davide Frattesi,M,28,6.6,,0.0,,,2,,,,,1.0,,0,0,2.0,4.0
AS Roma vs Inter,Inter,348205,Petar Sučić,M,21,6.7,,0.0,,,6,3.0,50.0,2.0,,2.0,,1,0,4.0,8.0
AS Roma vs Inter,Inter,10238,Carlos Augusto,D,8,6.7,,0.0,,,2,1.0,50.0,,,,,0,0,,1.0
AS Roma vs Inter,Inter,329,Piotr Zieliński,M,8,6.9,,0.0,,,4,3.0,75.0,,,,1.0,0,0,1.0,1.0
Como vs Juventus,Como,8574,Jean Butez,G,90,7.5,,0.0,,,38,27.0,71.1,,,,,0,0,1.0,1.0
Como vs Juventus,Como,14266,Ivan Smolčić,D,87,7.2,,0.0,,,25,22.0,88.0,3.0,2.0,1.0,3.0,1,0,6.0,9.0
Como vs Juventus,Como,21090,Diego Carlos,D,45,7.2,,0.0,,,20,19.0,95.0,1.0,1.0,1.0,,1,0,2.0,3.0
Como vs Juventus,Como,26301,Marc-Oliver Kempf,D,90,8.2,1.0,0.0,2.0,1.0,41,36.0,87.8,2.0,,1.0,,0,0,4.0,6.0
Como vs Juventus,Como,288,Alberto Moreno,D,68,6.6,,0.0,1.0,1.0,19,18.0,94.7,1.0,,3.0,,1,0,1.0,5.0
Como vs Juventus,Como,288699,Máximo Perrone,M,90,7,,1.0,,,38,29.0,76.3,4.0,,1.0,,0,0,4.0,7.0
Como vs Juventus,Como,162266,Lucas Da Cunha,M,90,7.2,,0.0,,,40,34.0,85.0,3.0,,2.0,,0,0,4.0,8.0
Como vs Juventus,Como,8586,Mërgim Vojvoda,M,90,6.7,,0.0,1.0,1.0,32,25.0,78.1,1.0,1.0,2.0,1.0,0,0,2.0,6.0
Como vs Juventus,Como,350037,Nico Paz,M,90,8.7,1.0,1.0,1.0,1.0,30,22.0,73.3,2.0,,3.0,3.0,0,0,7.0,18.0
Como vs Juventus,Como,659,Maxence Caqueret,M,68,6.7,,0.0,1.0,,24,18.0,75.0,,,,1.0,0,0,2.0,5.0
Como vs Juventus,Como,59,Álvaro Morata,F,89,6.9,,0.0,1.0,1.0,29,25.0,86.2,3.0,,2.0,1.0,0,0,6.0,14.0
Como vs Juventus,Como,386305,Jacobo Ramón,D,45,6.6,,0.0,,,11,9.0,81.8,1.0,,1.0,,0,0,1.0,3.0
Como vs Juventus,Como,336560,Álex Valle,D,22,6.9,,0.0,,,6,5.0,83.3,1.0,,,2.0,0,0,3.0,5.0
Como vs Juventus,Como,26845,Anastasios Douvikas,F,22,6.6,,0.0,2.0,1.0,8,4.0,50.0,1.0,,,,0,0,4.0,5.0
Como vs Juventus,Como,711,Stefan Posch,D,11,6.9,,0.0,,,0,,,,,,,0,0,,1.0
Como vs Juventus,Juventus,30670,Michele Di Gregorio,G,90,6.5,,0.0,,,27,25.0,92.6,,,,,0,0,,
Como vs Juventus,Juventus,162188,Pierre Kalulu,D,90,6.9,,0.0,,,71,66.0,93.0,,,1.0,1.0,0,0,3.0,5.0
Como vs Juventus,Juventus,861,Daniele Rugani,D,83,6.3,,0.0,,,30,23.0,76.7,2.0,2.0,1.0,,0,0,3.0,5.0
Como vs Juventus,Juventus,19263,Lloyd Kelly,D,90,6.9,,0.0,,,74,63.0,85.1,1.0,1.0,1.0,1.0,1,0,8.0,13.0
Como vs Juventus,Juventus,127011,Andrea Cambiaso,D,83,6.3,,0.0,1.0,1.0,26,23.0,88.5,2.0,,2.0,1.0,0,0,3.0,8.0
Como vs Juventus,Juventus,36899,Teun Koopmeiners,M,77,6.5,,0.0,2.0,1.0,21,19.0,90.5,2.0,1.0,,,0,0,3.0,6.0
Como vs Juventus,Juventus,30533,Manuel Locatelli,M,77,6.6,,0.0,1.0,,50,45.0,90.0,2.0,3.0,2.0,2.0,0,0,4.0,7.0
Como vs Juventus,Juventus,116,Khéphren Thuram,M,90,6.2,,0.0,2.0,,32,26.0,81.2,,,2.0,2.0,0,0,6.0,14.0
Como vs Juventus,Juventus,161585,Francisco Conceição,F,90,7,,0.0,2.0,,29,20.0,69.0,1.0,,2.0,3.0,0,0,6.0,11.0
Como vs Juventus,Juventus,8489,Jonathan David,F,90,6.9,,0.0,,,22,16.0,72.7,,,1.0,5.0,0,0,7.0,10.0
Como vs Juventus,Juventus,339883,Kenan Yıldız,F,90,6.3,,0.0,1.0,,33,22.0,66.7,,1.0,2.0,1.0,0,0,3.0,9.0
Como vs Juventus,Juventus,415,Weston McKennie,M,13,6.6,,0.0,,,13,12.0,92.3,,1.0,,1.0,0,0,3.0,3.0
Como vs Juventus,Juventus,30415,Dušan Vlahović,F,13,6.2,,0.0,2.0,1.0,4,2.0,50.0,,,,,0,0,,3.0
Como vs Juventus,Juventus,41734,João Mário,D,15,6.7,,0.0,,,10,7.0,70.0,,,,,0,0,,1.0
Como vs Juventus,Juventus,1821,Filip Kostić,M,15,6.3,,0.0,,,5,4.0,80.0,,,1.0,,0,0,,1.0
Cagliari vs Bologna,Cagliari,30731,Elia Caprile,G,90,6.5,,0.0,,,28,17.0,60.7,,,,,0,0,1.0,1.0
Cagliari vs Bologna,Cagliari,200,Gabriele Zappa,D,54,6.2,,0.0,,,23,18.0,78.3,1.0,,1.0,,0,0,2.0,5.0
Cagliari vs Bologna,Cagliari,2484,Yerry Mina,D,68,6.7,,0.0,,,27,25.0,92.6,1.0,2.0,,2.0,0,0,4.0,5.0
Cagliari vs Bologna,Cagliari,319,Sebastiano Luperto,D,90,6.3,,0.0,1.0,1.0,47,42.0,89.4,,,,1.0,0,0,2.0,4.0
Cagliari vs Bologna,Cagliari,321744,Adam Obert,D,90,6.3,,0.0,,,41,33.0,80.5,1.0,2.0,2.0,1.0,0,0,4.0,8.0
Cagliari vs Bologna,Cagliari,383018,Marco Palestra,M,90,7.5,,0.0,,,21,16.0,76.2,3.0,1.0,1.0,3.0,0,0,11.0,13.0
Cagliari vs Bologna,Cagliari,30505,Michel Adopo,M,90,6.2,,0.0,,,17,12.0,70.6,1.0,,3.0,,0,0,2.0,7.0
Cagliari vs Bologna,Cagliari,309388,Matteo Prati,M,68,6.6,,0.0,,,23,17.0,73.9,2.0,1.0,2.0,1.0,0,0,3.0,5.0
Cagliari vs Bologna,Cagliari,56851,Michael Folorunsho,M,90,6.3,,0.0,,,14,10.0,71.4,2.0,1.0,2.0,3.0,0,0,5.0,13.0
Cagliari vs Bologna,Cagliari,31734,Mattia Felici,M,55,6.6,,0.0,1.0,1.0,8,5.0,62.5,1.0,,1.0,3.0,0,0,5.0,10.0
Cagliari vs Bologna,Cagliari,215,Sebastiano Esposito,F,78,6.9,,0.0,,,21,16.0,76.2,,,1.0,,1,0,1.0,5.0
Cagliari vs Bologna,Cagliari,31499,Gennaro Borrelli,F,36,6.7,,0.0,,,12,10.0,83.3,,,1.0,1.0,0,0,4.0,7.0
Cagliari vs Bologna,Cagliari,140831,Zito Luvumbo,F,35,6.7,,0.0,,,6,3.0,50.0,,,,5.0,0,0,5.0,9.0
Cagliari vs Bologna,Cagliari,41964,Zé Pedro,D,22,6.2,,0.0,,,11,9.0,81.8,,,,,0,0,,
Cagliari vs Bologna,Cagliari,325,Gianluca Gaetano,M,22,6.6,,0.0,2.0,1.0,9,7.0,77.8,,,1.0,1.0,0,0,2.0,3.0
Cagliari vs Bologna,Cagliari,336567,Semih Kılıçsoy,F,12,6.5,,0.0,,,3,2.0,66.7,,,,,0,0,,1.0
Cagliari vs Bologna,Bologna,31098,Federico Ravaglia,G,90,7.7,,0.0,,,50,37.0,74.0,,1.0,,,0,0,,
Cagliari vs Bologna,Bologna,47985,Emil Holm,D,88,7.9,1.0,0.0,1.0,1.0,30,25.0,83.3,4.0,,3.0,3.0,0,0,8.0,15.0
Cagliari vs Bologna,Bologna,287564,Martin Vitík,D,90,7.3,,0.0,,,60,50.0,83.3,3.0,1.0,2.0,,0,0,5.0,7.0
Cagliari vs Bologna,Bologna,39254,Torbjørn Heggem,D,90,7,,0.0,,,53,51.0,96.2,1.0,2.0,3.0,1.0,0,0,4.0,10.0
Cagliari vs Bologna,Bologna,134,Juan Miranda,D,60,6.9,,0.0,,,28,25.0,89.3,,2.0,1.0,,1,0,,3.0
Cagliari vs Bologna,Bologna,2807,Remo Freuler,M,77,7.5,,0.0,,,63,54.0,85.7,3.0,1.0,,2.0,0,0,5.0,5.0
Cagliari vs Bologna,Bologna,44814,Lewis Ferguson,M,90,6.9,,0.0,1.0,1.0,50,45.0,90.0,1.0,1.0,2.0,2.0,1,0,3.0,6.0
Cagliari vs Bologna,Bologna,873,Federico Bernardeschi,M,59,6.6,,0.0,1.0,1.0,22,17.0,77.3,,,,,0,0,2.0,4.0
Cagliari vs Bologna,Bologna,30542,Jens Odgaard,M,90,6.6,,1.0,2.0,1.0,19,14.0,73.7,2.0,,2.0,,0,0,5.0,13.0
Cagliari vs Bologna,Bologna,30438,Nicolò Cambiaghi,M,77,6.7,,0.0,1.0,1.0,18,17.0,94.4,1.0,,3.0,4.0,0,0,6.0,13.0
Cagliari vs Bologna,Bologna,311067,Santiago Castro,F,90,6.3,,0.0,,,14,10.0,71.4,,,2.0,2.0,0,0,3.0,9.0
Cagliari vs Bologna,Bologna,30488,Riccardo Orsolini,F,31,7.7,1.0,0.0,2.0,1.0,8,5.0,62.5,,,1.0,1.0,0,0,1.0,3.0
Cagliari vs Bologna,Bologna,30553,Charalampos Lykogiannis,D,30,6.6,,0.0,,,13,11.0,84.6,1.0,2.0,3.0,,1,0,2.0,5.0
Cagliari vs Bologna,Bologna,31273,Tommaso Pobega,M,13,6.3,,0.0,1.0,1.0,5,4.0,80.0,,,,,0,0,,
Cagliari vs Bologna,Bologna,347265,Benjamín Domínguez,F,13,6.7,,1.0,,,3,3.0,100.0,,,,,0,0,1.0,3.0
Cagliari vs Bologna,Bologna,30498,Lorenzo De Silvestri,D,8,6.3,,0.0,,,0,,,,,,,0,0,,
Genoa vs Parma,Genoa,31631,Nicola Leali,G,90,6.7,,0.0,,,14,14.0,100.0,,,,,0,0,,
Genoa vs Parma,Genoa,31137,Stefano Sabelli,D,45,6.9,,0.0,,,30,22.0,73.3,,,,,0,0,,
Genoa vs Parma,Genoa,18967,Leo Østigård,D,90,7.2,,0.0,,,92,88.0,95.7,2.0,,1.0,,0,0,3.0,7.0
Genoa vs Parma,Genoa,35544,Johan Vásquez,D,90,7.6,,0.0,2.0,,90,83.0,92.2,,1.0,,3.0,0,0,5.0,7.0
Genoa vs Parma,Genoa,284570,Brooke Norton-Cuffy,M,90,6.6,,0.0,,,45,41.0,91.1,2.0,1.0,2.0,1.0,0,0,4.0,9.0
Genoa vs Parma,Genoa,281096,Patrizio Masini,M,90,7,,0.0,1.0,1.0,73,65.0,89.0,1.0,2.0,,,0,0,3.0,8.0
Genoa vs Parma,Genoa,15881,Morten Frendrup,M,66,6.3,,0.0,1.0,,24,20.0,83.3,1.0,1.0,1.0,,0,0,1.0,2.0
Genoa vs Parma,Genoa,89520,Mikael Ellertsson,M,90,6.5,,0.0,1.0,,30,24.0,80.0,3.0,,2.0,,0,0,3.0,6.0
Genoa vs Parma,Genoa,1938,Ruslan Malinovskyi,F,81,6.9,,0.0,4.0,2.0,65,52.0,80.0,,,1.0,3.0,1,0,3.0,7.0
Genoa vs Parma,Genoa,281408,Vitinha,F,58,7.3,,0.0,1.0,1.0,12,6.0,50.0,2.0,,1.0,2.0,0,0,8.0,9.0
Genoa vs Parma,Genoa,3430,Caleb Ekuban,F,66,6.2,,0.0,3.0,,9,7.0,77.8,,,2.0,2.0,0,0,4.0,9.0
Genoa vs Parma,Genoa,341646,Valentín Carboni,M,45,7.2,,0.0,1.0,1.0,29,28.0,96.6,,,2.0,,0,0,4.0,10.0
Genoa vs Parma,Genoa,452033,Lorenzo Venturino,F,32,7.5,,0.0,,,18,17.0,94.4,,,1.0,,0,0,2.0,5.0
Genoa vs Parma,Genoa,451504,Jeff Ekhator,F,24,6.6,,0.0,1.0,1.0,5,4.0,80.0,,,1.0,1.0,0,0,1.0,5.0
Genoa vs Parma,Genoa,263481,Lorenzo Colombo,F,24,6.3,,0.0,,,3,3.0,100.0,,,1.0,,1,0,,1.0
Genoa vs Parma,Genoa,665,Maxwel Cornet,F,9,5.9,,0.0,1.0,1.0,4,3.0,75.0,,,,,0,0,,
Genoa vs Parma,Parma,199578,Zion Suzuki,G,90,9.5,,0.0,,,50,29.0,58.0,,,,1.0,0,0,1.0,1.0
Genoa vs Parma,Parma,30420,Enrico Del Prato,D,90,6.9,,0.0,,,18,10.0,55.6,2.0,2.0,,1.0,0,0,3.0,7.0
Genoa vs Parma,Parma,348568,Alessandro Circati,D,90,7.3,,0.0,,,30,23.0,76.7,1.0,1.0,1.0,,0,0,3.0,6.0
Genoa vs Parma,Parma,203483,Abdoulaye Ndiaye,D,42,5.9,,0.0,,,31,24.0,77.4,2.0,3.0,2.0,,2,1,3.0,5.0
Genoa vs Parma,Parma,48193,Pontus Almqvist,M,45,6.3,,0.0,,,5,4.0,80.0,,,2.0,3.0,0,0,3.0,9.0
Genoa vs Parma,Parma,628,Adrián Bernabé,M,43,6.7,,0.0,,,17,12.0,70.6,,,,,0,0,,1.0
Genoa vs Parma,Parma,308836,Mandela Keita,M,90,6.3,,0.0,,,26,22.0,84.6,,,2.0,2.0,0,0,2.0,6.0
Genoa vs Parma,Parma,6409,Nahuel Estévez,M,87,6.6,,0.0,,,26,15.0,57.7,3.0,,1.0,1.0,1,0,5.0,8.0
Genoa vs Parma,Parma,499380,Sascha Britschgi,M,90,7,,0.0,,,22,16.0,72.7,3.0,,1.0,4.0,1,0,8.0,14.0
Genoa vs Parma,Parma,1649,Patrick Cutrone,F,79,6.9,,0.0,1.0,,13,8.0,61.5,2.0,,,,0,0,4.0,4.0
Genoa vs Parma,Parma,292172,Mateo Pellegrino,F,87,6.9,,0.0,,,9,4.0,44.4,,,3.0,,0,0,7.0,15.0
Genoa vs Parma,Parma,6221,Lautaro Valenti,D,47,6.9,,0.0,,,3,2.0,66.7,1.0,,,,0,0,2.0,4.0
Genoa vs Parma,Parma,362752,Christian Ordoñez,M,45,6.6,,0.0,,,5,2.0,40.0,1.0,,,1.0,0,0,2.0,2.0
Genoa vs Parma,Parma,161569,Oliver Sørensen,M,11,6.7,,0.0,,,1,1.0,100.0,,1.0,,,0,0,,
Genoa vs Parma,Parma,428237,Mariano Troilo,D,11,6.2,,0.0,,,0,,,,,1.0,1.0,1,0,1.0,2.0
Genoa vs Parma,Parma,31692,Milan Đurić,F,11,6.5,,0.0,,,1,,,,,,,0,0,,1.0
Atalanta vs Lazio,Atalanta,30417,Marco Carnesecchi,G,90,7.3,,0.0,,,31,23.0,74.2,,,,,0,0,1.0,1.0
Atalanta vs Lazio,Atalanta,30421,Berat Djimsiti,D,90,7.5,,0.0,,,72,68.0,94.4,1.0,,,,0,0,2.0,2.0
Atalanta vs Lazio,Atalanta,137976,Isak Hien,D,90,6.9,,0.0,,,63,58.0,92.1,1.0,1.0,1.0,,1,0,2.0,7.0
Atalanta vs Lazio,Atalanta,453906,Honest Ahanor,D,67,7,,0.0,1.0,,49,44.0,89.8,1.0,1.0,1.0,1.0,0,0,3.0,3.0
Atalanta vs Lazio,Atalanta,2286,Davide Zappacosta,M,90,7,,0.0,3.0,1.0,63,57.0,90.5,2.0,1.0,,,0,0,2.0,4.0
Atalanta vs Lazio,Atalanta,10097,Éderson,M,90,7,,0.0,1.0,1.0,70,65.0,92.9,2.0,1.0,2.0,2.0,0,0,4.0,7.0
Atalanta vs Lazio,Atalanta,2763,Mario Pašalić,M,67,7,,0.0,1.0,,64,61.0,95.3,1.0,,,,1,0,2.0,2.0
Atalanta vs Lazio,Atalanta,264857,Lorenzo Bernasconi,M,90,7.3,,0.0,,,59,51.0,86.4,2.0,2.0,1.0,,0,0,3.0,5.0
Atalanta vs Lazio,Atalanta,147859,Charles De Ketelaere,F,90,7.2,,0.0,1.0,,32,30.0,93.8,2.0,,3.0,1.0,1,0,6.0,17.0
Atalanta vs Lazio,Atalanta,199837,Kamaldeen Sulemana,F,67,6.2,,0.0,1.0,,23,21.0,91.3,,,1.0,1.0,1,0,4.0,13.0
Atalanta vs Lazio,Atalanta,18767,Ademola Lookman,F,82,6.9,,0.0,2.0,1.0,23,19.0,82.6,2.0,1.0,,,0,0,3.0,7.0
Atalanta vs Lazio,Atalanta,289761,Giorgio Scalvini,D,23,7.2,,0.0,,,22,21.0,95.5,,,,,0,0,1.0,3.0
Atalanta vs Lazio,Atalanta,30432,Marten de Roon,M,23,7.2,,0.0,1.0,1.0,31,30.0,96.8,,,,,0,0,,
Atalanta vs Lazio,Atalanta,66817,Nikola Krstović,F,23,6.6,,0.0,2.0,2.0,4,3.0,75.0,,,1.0,,0,0,,1.0
Atalanta vs Lazio,Atalanta,134926,Daniel Maldini,F,8,6.2,,0.0,,,5,2.0,40.0,,,,,0,0,,1.0
Atalanta vs Lazio,Lazio,31037,Ivan Provedel,G,90,9.5,,0.0,,,34,24.0,70.6,,,,,0,0,,
Atalanta vs Lazio,Lazio,1844,Adam Marušić,D,86,6.9,,0.0,,,36,31.0,86.1,2.0,1.0,,,0,0,3.0,5.0
Atalanta vs Lazio,Lazio,162952,Mario Gila Fuentes,D,90,8.6,,0.0,,,53,45.0,84.9,6.0,4.0,,1.0,0,0,8.0,10.0
Atalanta vs Lazio,Lazio,1632,Alessio Romagnoli,D,90,7.3,,0.0,,,39,38.0,97.4,2.0,1.0,1.0,,0,0,2.0,4.0
Atalanta vs Lazio,Lazio,41577,Nuno Tavares,D,86,7.2,,0.0,1.0,,55,53.0,96.4,,1.0,1.0,1.0,0,0,3.0,6.0
Atalanta vs Lazio,Lazio,1454,Mattéo Guendouzi,M,90,6.7,,0.0,1.0,,46,42.0,91.3,2.0,2.0,,,0,0,2.0,5.0
Atalanta vs Lazio,Lazio,1852,Danilo Cataldi,M,90,6.7,,0.0,,,42,31.0,73.8,2.0,1.0,1.0,,0,0,2.0,4.0
Atalanta vs Lazio,Lazio,1266,Toma Bašić,M,75,7.3,,0.0,1.0,1.0,35,33.0,94.3,3.0,,,,0,0,3.0,3.0
Atalanta vs Lazio,Lazio,286474,Matteo Cancellieri,F,22,6.2,,0.0,,,6,4.0,66.7,,,,,0,0,,2.0
Atalanta vs Lazio,Lazio,22015,Boulaye Dia,F,90,6.3,,0.0,,,33,28.0,84.8,3.0,1.0,,,0,0,3.0,7.0
Atalanta vs Lazio,Lazio,30937,Mattia Zaccagni,F,76,6.9,,0.0,,,34,29.0,85.3,2.0,,,3.0,0,0,5.0,10.0
Atalanta vs Lazio,Lazio,135519,Gustav Isaksen,F,68,6.7,,0.0,,,20,18.0,90.0,2.0,1.0,2.0,3.0,0,0,5.0,11.0
Atalanta vs Lazio,Lazio,211,Matías Vecino,M,15,6.9,,0.0,,,8,8.0,100.0,1.0,,,,0,0,2.0,2.0
Atalanta vs Lazio,Lazio,2299,Pedro,F,14,6.7,,0.0,,,4,3.0,75.0,,,,1.0,0,0,1.0,2.0
Atalanta vs Lazio,Lazio,30866,Manuel Lazzari,M,8,6.7,,0.0,,,2,2.0,100.0,1.0,,,,0,0,1.0,1.0
Atalanta vs Lazio,Lazio,350857,Oliver Provstgaard,D,8,6.7,,0.0,,,1,,,,,,,0,0,,1.0
AC Milan vs Fiorentina,AC Milan,22221,Mike Maignan,G,90,6.9,,0.0,,,24,23.0,95.8,,,,,0,0,2.0,2.0
AC Milan vs Fiorentina,AC Milan,19209,Fikayo Tomori,D,90,7,,0.0,1.0,,70,59.0,84.3,4.0,1.0,1.0,,1,0,5.0,7.0
AC Milan vs Fiorentina,AC Milan,56473,Matteo Gabbia,D,90,6.9,,0.0,1.0,,44,41.0,93.2,,,1.0,,0,0,2.0,3.0
AC Milan vs Fiorentina,AC Milan,45826,Strahinja Pavlović,D,90,7.3,,1.0,1.0,,70,65.0,92.9,1.0,,2.0,2.0,0,0,5.0,7.0
AC Milan vs Fiorentina,AC Milan,396380,Zachary Athekame,M,57,6.3,,0.0,1.0,,22,19.0,86.4,2.0,,1.0,1.0,1,0,5.0,8.0
AC Milan vs Fiorentina,AC Milan,22254,Youssouf Fofana,M,90,6.6,,0.0,2.0,1.0,33,27.0,81.8,2.0,,1.0,1.0,1,0,5.0,9.0
AC Milan vs Fiorentina,AC Milan,754,Luka Modrić,M,90,7.5,,0.0,,,50,45.0,90.0,6.0,1.0,1.0,,0,0,6.0,10.0
AC Milan vs Fiorentina,AC Milan,31056,Samuele Ricci,M,90,6.9,,0.0,,,52,47.0,90.4,1.0,,,2.0,0,0,3.0,5.0
AC Milan vs Fiorentina,AC Milan,374359,Davide Bartesaghi,M,90,6.9,,0.0,,,38,34.0,89.5,2.0,,1.0,,0,0,2.0,4.0
AC Milan vs Fiorentina,AC Milan,1417,Alexis Saelemaekers,F,89,6.6,,0.0,1.0,,56,44.0,78.6,1.0,,,1.0,0,0,5.0,8.0
AC Milan vs Fiorentina,AC Milan,22236,Rafael Leão,F,89,8.5,2.0,0.0,2.0,2.0,24,19.0,79.2,1.0,1.0,3.0,2.0,0,0,4.0,8.0
AC Milan vs Fiorentina,AC Milan,94562,Santiago Giménez,F,33,7.3,,0.0,2.0,1.0,1,1.0,100.0,,,1.0,2.0,0,0,3.0,5.0
AC Milan vs Fiorentina,AC Milan,162141,Koni De Winter,D,8,6.7,,0.0,,,1,,,1.0,1.0,2.0,,0,0,1.0,3.0
AC Milan vs Fiorentina,Fiorentina,882,David De Gea,G,90,7,,0.0,,,18,9.0,50.0,,,,,0,0,,
AC Milan vs Fiorentina,Fiorentina,1084,Marin Pongračić,D,90,6.6,,0.0,1.0,,50,43.0,86.0,1.0,,2.0,1.0,0,0,4.0,8.0
AC Milan vs Fiorentina,Fiorentina,46792,Pablo Marí,D,90,6.5,,0.0,,,44,42.0,95.5,2.0,3.0,2.0,,0,0,2.0,4.0
AC Milan vs Fiorentina,Fiorentina,31642,Luca Ranieri,D,90,6.6,,0.0,,,49,42.0,85.7,1.0,,1.0,3.0,1,0,5.0,7.0
AC Milan vs Fiorentina,Fiorentina,41144,Dodô,M,90,6.3,,0.0,1.0,,25,18.0,72.0,,,,1.0,0,0,2.0,6.0
AC Milan vs Fiorentina,Fiorentina,30810,Rolando Mandragora,M,88,6.2,,0.0,,,19,15.0,78.9,,,1.0,2.0,0,0,2.0,5.0
AC Milan vs Fiorentina,Fiorentina,881,Hans Nicolussi Caviglia,M,87,6,,0.0,1.0,,44,39.0,88.6,,1.0,4.0,,1,0,,6.0
AC Milan vs Fiorentina,Fiorentina,876,Nicolò Fagioli,M,90,7.2,,0.0,,,49,47.0,95.9,2.0,1.0,,2.0,0,0,4.0,10.0
AC Milan vs Fiorentina,Fiorentina,30422,Robin Gosens,M,69,6.6,1.0,0.0,1.0,1.0,17,12.0,70.6,,1.0,,,0,0,1.0,5.0
AC Milan vs Fiorentina,Fiorentina,340700,Jacopo Fazzini,F,70,6.9,,0.0,,,23,20.0,87.0,1.0,1.0,,1.0,0,0,5.0,8.0
AC Milan vs Fiorentina,Fiorentina,877,Moise Kean,F,77,6.2,,0.0,,,5,3.0,60.0,,2.0,1.0,1.0,0,0,2.0,9.0
AC Milan vs Fiorentina,Fiorentina,136087,Fabiano Parisi,D,21,6,,0.0,,,7,6.0,85.7,,,1.0,1.0,1,0,2.0,4.0
AC Milan vs Fiorentina,Fiorentina,2799,Albert Guðmundsson,F,20,6.5,,0.0,,,5,5.0,100.0,,,,,0,0,1.0,4.0
AC Milan vs Fiorentina,Fiorentina,30440,Roberto Piccoli,F,13,6.3,,0.0,,,1,1.0,100.0,,,,,0,0,1.0,2.0
AC Milan vs Fiorentina,Fiorentina,1014,Simon Sohm,M,11,6.7,,0.0,,,5,4.0,80.0,,,,,0,0,,
AC Milan vs Fiorentina,Fiorentina,790,Edin Džeko,F,10,6.2,,0.0,,,1,,,,,,,0,0,1.0,2.0
Cremonese vs Udinese,Cremonese,30915,Marco Silvestri,G,90,6.7,,0.0,,,31,23.0,74.2,,,,,0,0,,
Cremonese vs Udinese,Cremonese,264472,Filippo Terracciano,D,90,7.6,1.0,0.0,1.0,1.0,43,38.0,88.4,,1.0,1.0,1.0,0,0,2.0,8.0
Cremonese vs Udinese,Cremonese,127035,Federico Baschirotto,D,90,6.5,,0.0,,,54,46.0,85.2,2.0,,1.0,,0,0,3.0,5.0
Cremonese vs Udinese,Cremonese,30919,Matteo Bianchetti,D,90,6.9,,0.0,1.0,1.0,59,50.0,84.7,,,,3.0,0,0,5.0,8.0
Cremonese vs Udinese,Cremonese,31219,Alessio Zerbin,M,61,6,,0.0,1.0,1.0,14,9.0,64.3,2.0,,1.0,,1,0,2.0,9.0
Cremonese vs Udinese,Cremonese,6383,Martín Payero,M,62,6.2,,0.0,1.0,,22,18.0,81.8,3.0,,2.0,2.0,1,0,6.0,17.0
Cremonese vs Udinese,Cremonese,266813,Warren Bondo,M,90,6.7,,0.0,,,32,28.0,87.5,3.0,,3.0,3.0,0,0,6.0,12.0
Cremonese vs Udinese,Cremonese,31211,Jari Vandeputte,M,74,7.5,,1.0,1.0,,29,20.0,69.0,1.0,,2.0,1.0,1,0,3.0,8.0
Cremonese vs Udinese,Cremonese,30775,Giuseppe Pezzella,M,90,6.9,,0.0,,,20,10.0,50.0,2.0,,,,0,0,4.0,6.0
Cremonese vs Udinese,Cremonese,31436,Federico Bonazzoli,F,75,6.6,,0.0,2.0,,25,20.0,80.0,1.0,,1.0,2.0,0,0,3.0,7.0
Cremonese vs Udinese,Cremonese,18788,Jamie Vardy,F,90,6.3,,0.0,1.0,1.0,11,3.0,27.3,,,3.0,1.0,1,0,4.0,11.0
Cremonese vs Udinese,Cremonese,126980,Tommaso Barbieri,D,29,6.7,,0.0,,,4,2.0,50.0,2.0,,1.0,,0,0,2.0,4.0
Cremonese vs Udinese,Cremonese,361412,Dachi Lordkipanidze,M,28,6.3,,0.0,,,7,5.0,71.4,,1.0,,,0,0,1.0,4.0
Cremonese vs Udinese,Cremonese,202086,Jeremy Sarmiento,M,16,6.9,,0.0,,,9,8.0,88.9,,,,,0,0,2.0,4.0
Cremonese vs Udinese,Cremonese,2057,Franco Vázquez,F,15,6.5,,0.0,1.0,,7,3.0,42.9,,,,1.0,0,0,3.0,7.0
Cremonese vs Udinese,Udinese,143648,Maduka Okoye,G,90,6.6,,0.0,,,28,22.0,78.6,,,,,0,0,,
Cremonese vs Udinese,Udinese,318053,Saba Goglichidze,D,90,7.3,,0.0,,,42,34.0,81.0,3.0,,1.0,3.0,1,0,8.0,12.0
Cremonese vs Udinese,Udinese,18797,Christian Kabasele,D,90,6.7,,0.0,,,31,30.0,96.8,,1.0,3.0,1.0,1,0,3.0,8.0
Cremonese vs Udinese,Udinese,656,Oumar Solet,D,90,7.2,,0.0,1.0,,52,44.0,84.6,6.0,1.0,3.0,1.0,0,0,8.0,15.0
Cremonese vs Udinese,Udinese,162907,Alessandro Zanoli,M,86,7.7,,1.0,,,22,16.0,72.7,2.0,,,,0,0,4.0,9.0
Cremonese vs Udinese,Udinese,541,Jürgen Ekkelenkamp,M,62,6.3,,0.0,,,20,16.0,80.0,1.0,,1.0,1.0,0,0,3.0,5.0
Cremonese vs Udinese,Udinese,48047,Jesper Karlström,M,90,6.7,,0.0,,,26,16.0,61.5,4.0,2.0,1.0,2.0,0,0,9.0,14.0
Cremonese vs Udinese,Udinese,347644,Arthur Atta,M,86,7.2,,0.0,2.0,,38,34.0,89.5,2.0,,,3.0,0,0,9.0,13.0
Cremonese vs Udinese,Udinese,22007,Hassane Kamara,M,90,6.9,,0.0,,,28,24.0,85.7,1.0,1.0,,1.0,0,0,3.0,4.0
Cremonese vs Udinese,Udinese,786,Nicolò Zaniolo,F,75,7.5,1.0,0.0,1.0,1.0,16,13.0,81.2,,1.0,3.0,2.0,0,0,3.0,9.0
Cremonese vs Udinese,Udinese,1134,Vakoun Issouf Bayo,F,62,6.7,,0.0,1.0,,18,15.0,83.3,,,,,0,0,5.0,8.0
Cremonese vs Udinese,Udinese,1939,Jakub Piotrowski,M,28,6.6,,0.0,,,5,5.0,100.0,1.0,,,,0,0,2.0,3.0
Cremonese vs Udinese,Udinese,40594,Adam Buksa,F,28,6.6,,0.0,,,9,4.0,44.4,1.0,,1.0,1.0,0,0,4.0,5.0
Cremonese vs Udinese,Udinese,19185,Keinan Davis,F,15,6.7,,0.0,1.0,,3,2.0,66.7,1.0,,,,0,0,2.0,3.0
Cremonese vs Udinese,Udinese,36916,Kingsley Ehizibue,D,4,,,0.0,,,1,,,,,,,0,0,,
Cremonese vs Udinese,Udinese,343558,Lennon Miller,M,4,,,0.0,,,1,,,,,1.0,,0,0,1.0,2.0
AC Milan vs Pisa,AC Milan,22221,Mike Maignan,G,90,5.9,,0.0,,,28,21.0,75.0,,,,,0,0,,
AC Milan vs Pisa,AC Milan,162141,Koni De Winter,D,90,6.3,,0.0,1.0,,72,66.0,91.7,3.0,,3.0,1.0,0,0,6.0,9.0
AC Milan vs Pisa,AC Milan,56473,Matteo Gabbia,D,90,6.3,,0.0,2.0,1.0,61,59.0,96.7,1.0,,1.0,,0,0,3.0,6.0
AC Milan vs Pisa,AC Milan,45826,Strahinja Pavlović,D,90,7.3,,0.0,,,66,58.0,87.9,1.0,1.0,,,0,0,10.0,12.0
AC Milan vs Pisa,AC Milan,754,Luka Modrić,M,90,9.3,,1.0,1.0,,104,101.0,97.1,2.0,,,2.0,0,0,6.0,11.0
AC Milan vs Pisa,AC Milan,1417,Alexis Saelemaekers,M,90,8,,0.0,3.0,1.0,59,53.0,89.8,3.0,2.0,,3.0,0,0,14.0,19.0
AC Milan vs Pisa,AC Milan,22254,Youssouf Fofana,M,90,7,,0.0,1.0,1.0,66,56.0,84.8,,2.0,,3.0,0,0,5.0,11.0
AC Milan vs Pisa,AC Milan,31056,Samuele Ricci,M,90,7.3,,1.0,1.0,,63,59.0,93.7,1.0,,,2.0,0,0,3.0,3.0
AC Milan vs Pisa,AC Milan,374359,Davide Bartesaghi,M,76,6.9,,0.0,1.0,1.0,33,30.0,90.9,2.0,,1.0,2.0,0,0,5.0,10.0
AC Milan vs Pisa,AC Milan,94562,Santiago Giménez,F,76,5.9,,0.0,1.0,,10,8.0,80.0,1.0,,2.0,,0,0,1.0,5.0
AC Milan vs Pisa,AC Milan,22236,Rafael Leão,F,90,7.9,1.0,0.0,3.0,2.0,45,35.0,77.8,,,,5.0,0,0,7.0,12.0
AC Milan vs Pisa,AC Milan,396380,Zachary Athekame,D,14,7.2,1.0,0.0,1.0,1.0,7,6.0,85.7,,,1.0,,1,0,,2.0
AC Milan vs Pisa,AC Milan,269,Christopher Nkunku,F,14,6.3,,0.0,,,6,4.0,66.7,,,,1.0,0,0,2.0,2.0
AC Milan vs Pisa,Pisa,30733,Adrian Šemper,G,90,6.6,,0.0,,,20,10.0,50.0,,,,,0,0,,
AC Milan vs Pisa,Pisa,91503,Simone Canestrelli,D,90,6.6,,0.0,,,32,24.0,75.0,4.0,1.0,3.0,,0,0,5.0,13.0
AC Milan vs Pisa,Pisa,314,Raúl Albiol,D,45,6.7,,0.0,,,20,19.0,95.0,,1.0,,,0,0,,
AC Milan vs Pisa,Pisa,31604,Antonio Caracciolo,D,90,6.3,,0.0,,,35,31.0,88.6,3.0,,1.0,,0,0,3.0,5.0
AC Milan vs Pisa,Pisa,56293,Idrissa Touré,M,90,6.6,,0.0,,,19,11.0,57.9,2.0,3.0,1.0,2.0,0,0,7.0,14.0
AC Milan vs Pisa,Pisa,20959,Matteo Tramoni,M,71,6.5,,0.0,1.0,,15,9.0,60.0,3.0,1.0,2.0,,0,0,4.0,9.0
AC Milan vs Pisa,Pisa,951,Michel Aebischer,M,90,6.7,,0.0,,,42,38.0,90.5,3.0,,3.0,1.0,1,0,5.0,10.0
AC Milan vs Pisa,Pisa,408635,Ebenezer Akinsanmiro,M,90,6.9,,1.0,1.0,,30,27.0,90.0,1.0,2.0,8.0,,0,0,4.0,13.0
AC Milan vs Pisa,Pisa,341838,Giovanni Bonfanti,M,45,6.5,,0.0,1.0,,9,5.0,55.6,,2.0,,,0,0,,1.0
AC Milan vs Pisa,Pisa,331678,Henrik Wendel Meister,F,71,6.5,,0.0,,,4,4.0,100.0,,,,1.0,0,0,1.0,4.0
AC Milan vs Pisa,Pisa,31318,M'Bala Nzola,F,90,8,1.0,0.0,1.0,1.0,15,13.0,86.7,,,1.0,2.0,1,0,5.0,10.0
AC Milan vs Pisa,Pisa,30469,Arturo Calabresi,D,45,6.3,,0.0,,,17,15.0,88.2,1.0,,,,0,0,1.0,6.0
AC Milan vs Pisa,Pisa,866,Juan Cuadrado,M,45,6.9,1.0,0.0,1.0,1.0,25,19.0,76.0,1.0,1.0,,,0,0,3.0,8.0
AC Milan vs Pisa,Pisa,364600,Isak Vural,M,19,6.5,,0.0,,,7,5.0,71.4,2.0,,1.0,,1,0,2.0,6.0
AC Milan vs Pisa,Pisa,31560,Stefano Moreo,F,19,6.2,,0.0,,,1,1.0,100.0,,,1.0,,0,0,,3.0
Udinese vs Lecce,Udinese,143648,Maduka Okoye,G,90,6.3,,0.0,,,39,20.0,51.3,,,,,0,0,1.0,1.0
Udinese vs Lecce,Udinese,318053,Saba Goglichidze,D,90,6.5,,0.0,,,27,21.0,77.8,4.0,2.0,1.0,,0,0,4.0,5.0
Udinese vs Lecce,Udinese,18797,Christian Kabasele,D,90,6.2,,0.0,,,29,23.0,79.3,,1.0,,2.0,0,0,5.0,6.0
Udinese vs Lecce,Udinese,656,Oumar Solet,D,60,6.7,,0.0,,,37,33.0,89.2,,,,1.0,0,0,1.0,3.0
Udinese vs Lecce,Udinese,162907,Alessandro Zanoli,M,86,6.6,,0.0,,,20,15.0,75.0,3.0,,2.0,,0,0,5.0,10.0
Udinese vs Lecce,Udinese,541,Jürgen Ekkelenkamp,M,76,6.6,,0.0,,,20,16.0,80.0,5.0,,1.0,,0,0,7.0,13.0
Udinese vs Lecce,Udinese,48047,Jesper Karlström,M,90,7.9,1.0,0.0,1.0,1.0,46,32.0,69.6,1.0,1.0,,2.0,0,0,3.0,4.0
Udinese vs Lecce,Udinese,347644,Arthur Atta,M,90,7.5,,2.0,,,32,29.0,90.6,3.0,2.0,3.0,,0,0,6.0,17.0
Udinese vs Lecce,Udinese,22007,Hassane Kamara,M,90,6.9,,0.0,,,42,31.0,73.8,6.0,1.0,,2.0,0,0,8.0,13.0
Udinese vs Lecce,Udinese,786,Nicolò Zaniolo,F,60,6.9,,0.0,1.0,,16,11.0,68.8,5.0,1.0,1.0,1.0,0,0,9.0,16.0
Udinese vs Lecce,Udinese,19185,Keinan Davis,F,45,7.3,1.0,0.0,2.0,2.0,5,5.0,100.0,1.0,,3.0,1.0,1,0,2.0,9.0
Udinese vs Lecce,Udinese,40594,Adam Buksa,F,45,7.9,1.0,0.0,1.0,1.0,11,6.0,54.5,,,,,1,0,6.0,13.0
Udinese vs Lecce,Udinese,315249,Nicolò Bertola,D,30,6.6,,0.0,,,11,6.0,54.5,2.0,,,1.0,0,0,4.0,8.0
Udinese vs Lecce,Udinese,1134,Vakoun Issouf Bayo,F,30,6.7,,1.0,1.0,,10,9.0,90.0,,,,1.0,0,0,1.0,4.0
Udinese vs Lecce,Udinese,1939,Jakub Piotrowski,M,14,6.2,,0.0,,,7,5.0,71.4,,1.0,1.0,,0,0,,2.0
Udinese vs Lecce,Udinese,36916,Kingsley Ehizibue,D,10,6.2,,0.0,,,2,2.0,100.0,,,,1.0,0,0,1.0,2.0
Udinese vs Lecce,Lecce,56459,Wladimiro Falcone,G,90,6.3,,0.0,,,20,14.0,70.0,,,,,0,0,,
Udinese vs Lecce,Lecce,161702,Danilo Veiga,D,90,6,,0.0,,,44,33.0,75.0,2.0,2.0,,3.0,0,0,5.0,11.0
Udinese vs Lecce,Lecce,291589,Kialonda Gaspar,D,90,6.2,,0.0,,,63,55.0,87.3,3.0,1.0,1.0,2.0,1,0,7.0,9.0
Udinese vs Lecce,Lecce,455316,Tiago Gabriel,D,90,6.9,,0.0,1.0,,65,60.0,92.3,2.0,3.0,1.0,1.0,0,0,11.0,18.0
Udinese vs Lecce,Lecce,31543,Antonino Gallo,D,90,5.9,,0.0,,,55,34.0,61.8,1.0,,,1.0,0,0,4.0,7.0
Udinese vs Lecce,Lecce,15673,Ylber Ramadani,M,90,6.9,,0.0,,,47,40.0,85.1,5.0,3.0,1.0,1.0,0,0,9.0,16.0
Udinese vs Lecce,Lecce,335071,Medon Berisha,M,76,8,1.0,0.0,3.0,1.0,43,37.0,86.0,3.0,,,,0,0,4.0,8.0
Udinese vs Lecce,Lecce,6662,Santiago Pierotti,M,86,6.2,,0.0,2.0,,25,15.0,60.0,3.0,,3.0,,0,0,10.0,20.0
Udinese vs Lecce,Lecce,28744,Þórir Jóhann Helgason,M,45,6.3,,0.0,,,8,7.0,87.5,,,,,0,0,,2.0
Udinese vs Lecce,Lecce,47182,Tete Morente,M,45,6.5,,0.0,,,13,10.0,76.9,2.0,,,,0,0,4.0,9.0
Udinese vs Lecce,Lecce,264122,Nikola Štulić,F,66,6.3,,0.0,1.0,,11,8.0,72.7,,,2.0,,1,0,,3.0
Udinese vs Lecce,Lecce,118956,Lameck Banda,M,45,6.7,,0.0,,,17,15.0,88.2,1.0,,2.0,3.0,0,0,5.0,10.0
Udinese vs Lecce,Lecce,8643,Konan N'Dri,F,45,7.7,1.0,0.0,2.0,1.0,15,10.0,66.7,3.0,,,,0,0,3.0,7.0
Udinese vs Lecce,Lecce,436260,Francesco Camarda,F,24,6.2,,0.0,,,3,2.0,66.7,,,,,0,0,,3.0
Udinese vs Lecce,Lecce,56560,Youssef Maleh,M,14,6.3,,0.0,,,7,6.0,85.7,,,1.0,,0,0,,1.0
Udinese vs Lecce,Lecce,181218,Alex Sala,M,10,6.6,,1.0,1.0,1.0,5,5.0,100.0,1.0,,1.0,,0,0,1.0,2.0
Parma vs Como,Parma,199578,Zion Suzuki,G,90,7.3,,0.0,,,31,19.0,61.3,,,,1.0,0,0,1.0,1.0
Parma vs Como,Parma,30420,Enrico Del Prato,D,90,7.5,,0.0,1.0,1.0,15,13.0,86.7,4.0,1.0,1.0,1.0,0,0,6.0,8.0
Parma vs Como,Parma,348568,Alessandro Circati,D,90,7.3,,0.0,,,25,22.0,88.0,2.0,,,1.0,0,0,3.0,6.0
Parma vs Como,Parma,6221,Lautaro Valenti,D,90,6.9,,0.0,2.0,1.0,20,12.0,60.0,,3.0,,1.0,0,0,1.0,4.0
Parma vs Como,Parma,628,Adrián Bernabé,M,76,7,,0.0,1.0,,30,25.0,83.3,2.0,,1.0,1.0,0,0,3.0,6.0
Parma vs Como,Parma,6409,Nahuel Estévez,M,90,7.2,,0.0,,,33,27.0,81.8,,1.0,,1.0,0,0,4.0,9.0
Parma vs Como,Parma,308836,Mandela Keita,M,90,7,,0.0,,,17,15.0,88.2,2.0,2.0,1.0,3.0,0,0,6.0,10.0
Parma vs Como,Parma,362752,Christian Ordoñez,M,72,6.5,,0.0,,,7,7.0,100.0,,,1.0,,0,0,,6.0
Parma vs Como,Parma,499380,Sascha Britschgi,M,90,6.9,,0.0,1.0,,12,8.0,66.7,4.0,,,,0,0,5.0,8.0
Parma vs Como,Parma,1649,Patrick Cutrone,F,89,6.3,,0.0,2.0,1.0,13,8.0,61.5,,1.0,1.0,3.0,0,0,5.0,10.0
Parma vs Como,Parma,292172,Mateo Pellegrino,F,76,7,,0.0,,,12,7.0,58.3,2.0,1.0,1.0,2.0,0,0,10.0,15.0
Parma vs Como,Parma,161569,Oliver Sørensen,M,18,6.6,,0.0,,,6,5.0,83.3,,,,,0,0,1.0,2.0
Parma vs Como,Parma,1208,Hernani,M,14,6.9,,0.0,,,7,6.0,85.7,,,,,0,0,1.0,1.0
Parma vs Como,Parma,40592,Adrian Benedyczak,F,14,6.6,,0.0,,,6,3.0,50.0,,,,,0,0,2.0,3.0
Parma vs Como,Como,8574,Jean Butez,G,90,8.3,,0.0,,,28,26.0,92.9,,,,1.0,0,0,1.0,1.0
Parma vs Como,Como,14266,Ivan Smolčić,D,90,7.2,,0.0,,,66,60.0,90.9,2.0,,3.0,2.0,0,0,4.0,8.0
Parma vs Como,Como,21090,Diego Carlos,D,90,7,,0.0,,,69,64.0,92.8,1.0,,3.0,,1,0,1.0,4.0
Parma vs Como,Como,26301,Marc-Oliver Kempf,D,90,7.2,,0.0,,,78,73.0,93.6,,,,1.0,0,0,2.0,6.0
Parma vs Como,Como,288,Alberto Moreno,D,90,6.9,,0.0,,,47,42.0,89.4,,,,,0,0,2.0,4.0
Parma vs Como,Como,288699,Máximo Perrone,M,90,7,,0.0,,,87,82.0,94.3,3.0,2.0,,,0,0,3.0,5.0
Parma vs Como,Como,162266,Lucas Da Cunha,M,72,6.6,,0.0,1.0,1.0,53,51.0,96.2,1.0,1.0,3.0,,0,0,4.0,8.0
Parma vs Como,Como,8586,Mërgim Vojvoda,M,45,6.3,,0.0,,,21,19.0,90.5,,1.0,,,0,0,,2.0
Parma vs Como,Como,350037,Nico Paz,M,90,6.2,,0.0,1.0,,53,41.0,77.4,4.0,1.0,3.0,,0,0,5.0,13.0
Parma vs Como,Como,659,Maxence Caqueret,M,45,7.3,,0.0,,,16,15.0,93.8,1.0,,,1.0,0,0,3.0,4.0
Parma vs Como,Como,59,Álvaro Morata,F,72,6.5,,0.0,1.0,,15,13.0,86.7,2.0,,1.0,,0,0,4.0,7.0
Parma vs Como,Como,400948,Assane Diao,F,45,6.2,,0.0,,,15,10.0,66.7,1.0,,1.0,,0,0,2.0,8.0
Parma vs Como,Como,38753,Nicolas-Gerrit Kühn,F,45,7,,0.0,,,19,15.0,78.9,4.0,1.0,,1.0,0,0,9.0,15.0
Parma vs Como,Como,295026,Martin Baturina,M,18,6.3,,0.0,,,16,14.0,87.5,,,,1.0,0,0,1.0,4.0
Parma vs Como,Como,26845,Anastasios Douvikas,F,18,6.3,,0.0,2.0,1.0,1,1.0,100.0,,,,,0,0,1.0,1.0
Napoli vs Inter,Napoli,31156,Vanja Milinković-Savić,G,90,7.3,,0.0,,,45,26.0,57.8,,,,,0,0,,
Napoli vs Inter,Napoli,31042,Giovanni Di Lorenzo,D,90,7.2,,0.0,,,48,40.0,83.3,1.0,,1.0,2.0,1,0,4.0,7.0
Napoli vs Inter,Napoli,774,Juan Jesus,D,90,6.9,,0.0,,,41,39.0,95.1,4.0,4.0,4.0,,0,0,6.0,11.0
Napoli vs Inter,Napoli,31226,Alessandro Buongiorno,D,89,6.2,,0.0,,,41,38.0,92.7,,1.0,3.0,2.0,0,0,3.0,7.0
Napoli vs Inter,Napoli,862,Leonardo Spinazzola,D,89,6.7,,1.0,,,38,33.0,86.8,,,,,0,0,1.0,4.0
Napoli vs Inter,Napoli,130423,Billy Gilmour,M,90,6.7,,0.0,1.0,,51,44.0,86.3,1.0,2.0,1.0,,1,0,1.0,3.0
Napoli vs Inter,Napoli,219,Matteo Politano,M,82,6.9,,0.0,,,29,23.0,79.3,1.0,1.0,1.0,2.0,0,0,6.0,9.0
Napoli vs Inter,Napoli,3406,Frank Anguissa,M,90,8.3,1.0,0.0,1.0,1.0,31,24.0,77.4,2.0,2.0,,1.0,0,0,7.0,10.0
Napoli vs Inter,Napoli,629,Kevin De Bruyne,M,37,7.3,1.0,0.0,1.0,1.0,11,10.0,90.9,,,,,0,0,,
Napoli vs Inter,Napoli,903,Scott McTominay,M,90,7.2,1.0,0.0,1.0,1.0,24,16.0,66.7,,1.0,1.0,2.0,0,0,3.0,5.0
Napoli vs Inter,Napoli,552,David Neres,F,81,6.6,,1.0,,,25,20.0,80.0,1.0,,3.0,,0,0,2.0,9.0
Napoli vs Inter,Napoli,47254,Mathías Olivera,D,53,6.5,,0.0,,,22,16.0,72.7,2.0,1.0,,,0,0,3.0,5.0
Napoli vs Inter,Napoli,544,Noa Lang,F,9,6.5,,0.0,,,7,5.0,71.4,,,,1.0,0,0,2.0,4.0
Napoli vs Inter,Napoli,1358,Eljif Elmas,M,8,6.7,,0.0,,,3,2.0,66.7,,,,,0,0,,
Napoli vs Inter,Inter,2802,Yann Sommer,G,90,6.2,,0.0,,,43,32.0,74.4,,,,,0,0,,
Napoli vs Inter,Inter,5,Manuel Akanji,D,90,6.5,,0.0,,,74,67.0,90.5,3.0,2.0,,,0,0,4.0,5.0
Napoli vs Inter,Inter,1836,Francesco Acerbi,D,90,6.3,,0.0,,,73,71.0,97.3,,1.0,1.0,1.0,0,0,4.0,8.0
Napoli vs Inter,Inter,31009,Alessandro Bastoni,D,90,6.3,,0.0,1.0,,77,68.0,88.3,,,2.0,1.0,1,0,4.0,7.0
Napoli vs Inter,Inter,226,Denzel Dumfries,M,73,6.5,,0.0,1.0,,20,16.0,80.0,1.0,,,2.0,0,0,5.0,7.0
Napoli vs Inter,Inter,30558,Nicolò Barella,M,73,6.3,,0.0,1.0,,27,23.0,85.2,,,1.0,,0,0,,4.0
Napoli vs Inter,Inter,1640,Hakan Çalhanoğlu,M,73,7.3,1.0,0.0,4.0,2.0,67,58.0,86.6,1.0,2.0,,,0,0,2.0,4.0
Napoli vs Inter,Inter,1457,Henrikh Mkhitaryan,M,32,5.9,,0.0,,,6,6.0,100.0,1.0,1.0,1.0,,0,0,1.0,5.0
Napoli vs Inter,Inter,31010,Federico Dimarco,M,90,6.9,,0.0,,,45,35.0,77.8,1.0,2.0,1.0,2.0,0,0,4.0,7.0
Napoli vs Inter,Inter,275651,Ange-Yoan Bonny,F,62,6.2,,0.0,1.0,,11,5.0,45.5,1.0,,1.0,3.0,0,0,4.0,9.0
Napoli vs Inter,Inter,217,Lautaro Martínez,F,90,6.5,,0.0,2.0,1.0,14,11.0,78.6,,,1.0,1.0,0,0,2.0,6.0
Napoli vs Inter,Inter,329,Piotr Zieliński,M,58,6.3,,0.0,,,44,41.0,93.2,,,,1.0,0,0,1.0,1.0
Napoli vs Inter,Inter,345808,Francesco Pio Esposito,F,28,6.9,,0.0,1.0,,5,3.0,60.0,,1.0,1.0,3.0,0,0,6.0,8.0
Napoli vs Inter,Inter,348205,Petar Sučić,M,17,6.5,,0.0,,,10,9.0,90.0,,,1.0,,0,0,,2.0
Napoli vs Inter,Inter,10077,Luís Henrique,F,17,6.7,,0.0,1.0,,16,14.0,87.5,1.0,,,,0,0,1.0,2.0
Napoli vs Inter,Inter,31173,Davide Frattesi,M,17,6.5,,0.0,,,4,2.0,50.0,,,,,0,0,,1.0
Cremonese vs Atalanta,Cremonese,30915,Marco Silvestri,G,90,6.6,,0.0,,,39,16.0,41.0,,,,,0,0,1.0,1.0
Cremonese vs Atalanta,Cremonese,264472,Filippo Terracciano,D,90,6.6,,0.0,1.0,,29,23.0,79.3,,1.0,,1.0,0,0,3.0,5.0
Cremonese vs Atalanta,Cremonese,127035,Federico Baschirotto,D,90,7.6,,0.0,1.0,,31,23.0,74.2,1.0,,,1.0,0,0,8.0,10.0
Cremonese vs Atalanta,Cremonese,237249,Mikayil Faye,D,61,7.3,,0.0,,,23,19.0,82.6,3.0,1.0,,,0,0,5.0,7.0
Cremonese vs Atalanta,Cremonese,31211,Jari Vandeputte,M,90,7.7,,0.0,1.0,1.0,42,30.0,71.4,1.0,1.0,1.0,,0,0,1.0,2.0
Cremonese vs Atalanta,Cremonese,126980,Tommaso Barbieri,M,90,7.2,,0.0,1.0,1.0,17,12.0,70.6,2.0,,1.0,,0,0,4.0,8.0
Cremonese vs Atalanta,Cremonese,31219,Alessio Zerbin,M,85,6.7,,0.0,2.0,1.0,23,13.0,56.5,5.0,,,,0,0,5.0,11.0
Cremonese vs Atalanta,Cremonese,6383,Martín Payero,M,73,6.6,,0.0,,,12,9.0,75.0,1.0,,,,0,0,1.0,2.0
Cremonese vs Atalanta,Cremonese,342651,Romano Floriani Mussolini,M,90,6.7,,0.0,1.0,,18,11.0,61.1,3.0,,1.0,,1,0,8.0,13.0
Cremonese vs Atalanta,Cremonese,18788,Jamie Vardy,F,90,6.9,1.0,0.0,1.0,1.0,11,7.0,63.6,1.0,,1.0,3.0,1,0,7.0,16.0
Cremonese vs Atalanta,Cremonese,2522,Antonio Sanabria,F,45,6.2,,0.0,,,9,8.0,88.9,,,,,0,0,2.0,8.0
Cremonese vs Atalanta,Cremonese,202086,Jeremy Sarmiento,M,45,6.9,,0.0,1.0,1.0,12,11.0,91.7,3.0,1.0,,,0,0,3.0,4.0
Cremonese vs Atalanta,Cremonese,30919,Matteo Bianchetti,D,29,6.3,,0.0,,,4,2.0,50.0,,,,,0,0,,1.0
Cremonese vs Atalanta,Cremonese,385788,Francesco Folino,D,17,6.5,,0.0,,,4,4.0,100.0,,,,,0,0,1.0,1.0
Cremonese vs Atalanta,Cremonese,2057,Franco Vázquez,F,10,6.6,,0.0,,,3,1.0,33.3,1.0,,2.0,2.0,1,0,4.0,6.0
Cremonese vs Atalanta,Atalanta,30417,Marco Carnesecchi,G,90,7.3,,0.0,,,32,25.0,78.1,,,,,0,0,,
Cremonese vs Atalanta,Atalanta,91422,Raoul Bellanova,D,90,6.9,,0.0,,,44,39.0,88.6,,,,1.0,0,0,3.0,8.0
Cremonese vs Atalanta,Atalanta,30421,Berat Djimsiti,D,90,7.2,,0.0,,,65,55.0,84.6,1.0,,,,0,0,7.0,9.0
Cremonese vs Atalanta,Atalanta,137976,Isak Hien,D,90,6.6,,0.0,,,61,56.0,91.8,2.0,,2.0,,0,0,6.0,11.0
Cremonese vs Atalanta,Atalanta,203474,Nicola Zalewski,D,90,6.9,,0.0,1.0,,42,32.0,76.2,2.0,,,2.0,0,0,6.0,7.0
Cremonese vs Atalanta,Atalanta,10097,Éderson,M,90,6.3,,0.0,1.0,,58,50.0,86.2,2.0,,,1.0,0,0,4.0,8.0
Cremonese vs Atalanta,Atalanta,2763,Mario Pašalić,M,82,6.9,,0.0,,,63,55.0,87.3,1.0,,,,0,0,2.0,4.0
Cremonese vs Atalanta,Atalanta,30432,Marten de Roon,M,82,7.2,,0.0,1.0,,43,41.0,95.3,,,,,0,0,3.0,4.0
Cremonese vs Atalanta,Atalanta,147859,Charles De Ketelaere,F,58,6.3,,0.0,1.0,1.0,29,21.0,72.4,,,,,0,0,2.0,8.0
Cremonese vs Atalanta,Atalanta,66817,Nikola Krstović,F,58,5.9,,0.0,1.0,1.0,17,10.0,58.8,,,2.0,,0,0,4.0,13.0
Cremonese vs Atalanta,Atalanta,18767,Ademola Lookman,F,90,6.5,,0.0,,,29,26.0,89.7,,,,,0,0,1.0,8.0
Cremonese vs Atalanta,Atalanta,178749,Lazar Samardžić,M,32,6.2,,0.0,3.0,2.0,16,12.0,75.0,,,1.0,,0,0,,4.0
Cremonese vs Atalanta,Atalanta,30544,Gianluca Scamacca,F,32,6,,0.0,3.0,1.0,13,10.0,76.9,,,1.0,1.0,1,0,1.0,2.0
Cremonese vs Atalanta,Atalanta,1639,Marco Brescianini,M,8,7.6,1.0,0.0,1.0,1.0,6,5.0,83.3,1.0,,1.0,,0,0,1.0,3.0
Cremonese vs Atalanta,Atalanta,199837,Kamaldeen Sulemana,F,8,6.5,,0.0,,,5,4.0,80.0,1.0,,1.0,,0,0,2.0,6.0
Torino vs Genoa,Torino,30642,Alberto Paleari,G,90,6.9,,0.0,,,28,20.0,71.4,,,,,0,0,,
Torino vs Genoa,Torino,22174,Adrien Tameze,D,90,6.6,,0.0,,,54,44.0,81.5,2.0,,1.0,1.0,0,0,6.0,10.0
Torino vs Genoa,Torino,2553,Guillermo Maripán,D,90,7.9,1.0,0.0,3.0,3.0,66,58.0,87.9,3.0,,2.0,,0,0,4.0,12.0
Torino vs Genoa,Torino,122468,Saúl Coco,D,90,7.2,,0.0,1.0,,60,51.0,85.0,1.0,2.0,,2.0,0,0,8.0,10.0
Torino vs Genoa,Torino,39362,Marcus Pedersen,M,90,6.3,,0.0,,,41,32.0,78.0,,,2.0,,0,0,,7.0
Torino vs Genoa,Torino,270507,Cesare Casadei,M,90,6.5,,0.0,2.0,1.0,41,36.0,87.8,,,4.0,,1,0,7.0,12.0
Torino vs Genoa,Torino,275776,Kristjan Asllani,M,60,6.3,,0.0,,,49,42.0,85.7,1.0,,,2.0,0,0,3.0,4.0
Torino vs Genoa,Torino,30396,Cristiano Biraghi,M,60,7,,0.0,,,26,18.0,69.2,2.0,,,1.0,0,0,3.0,3.0
Torino vs Genoa,Torino,842,Nikola Vlašić,F,60,6.9,,0.0,,,34,28.0,82.4,1.0,,1.0,,1,0,6.0,8.0
Torino vs Genoa,Torino,19524,Che Adams,F,73,6.9,,0.0,,,22,18.0,81.8,,,1.0,,0,0,3.0,5.0
Torino vs Genoa,Torino,30414,Giovanni Simeone,F,83,6.2,,0.0,1.0,,16,11.0,68.8,1.0,,2.0,2.0,0,0,4.0,14.0
Torino vs Genoa,Torino,14329,Ardian Ismajli,D,30,7.2,,0.0,,,7,6.0,85.7,2.0,,,,0,0,4.0,4.0
Torino vs Genoa,Torino,25353,Valentino Lazaro,D,30,6.9,,1.0,,,11,10.0,90.9,1.0,,,,0,0,1.0,4.0
Torino vs Genoa,Torino,85,Cyril Ngonge,F,30,7.3,,0.0,2.0,2.0,16,10.0,62.5,2.0,,,,0,0,4.0,5.0
Torino vs Genoa,Torino,343189,Gvidas Gineitis,M,17,7.3,,0.0,,,11,6.0,54.5,,1.0,1.0,1.0,0,0,2.0,4.0
Torino vs Genoa,Torino,2495,Duván Zapata,F,14,6.3,,0.0,,,2,2.0,100.0,,,,,0,0,,1.0
Torino vs Genoa,Genoa,31631,Nicola Leali,G,90,8.3,,0.0,,,25,16.0,64.0,,,,,0,0,1.0,1.0
Torino vs Genoa,Genoa,31137,Stefano Sabelli,D,78,5.6,,0.0,,,40,31.0,77.5,3.0,1.0,1.0,2.0,0,0,5.0,11.0
Torino vs Genoa,Genoa,18967,Leo Østigård,D,90,7.5,,0.0,,,41,34.0,82.9,2.0,,1.0,1.0,0,0,7.0,8.0
Torino vs Genoa,Genoa,35544,Johan Vásquez,D,90,6.3,,0.0,,,40,31.0,77.5,2.0,,,,0,0,3.0,5.0
Torino vs Genoa,Genoa,284570,Brooke Norton-Cuffy,M,90,6.5,,0.0,,,21,19.0,90.5,,,2.0,1.0,0,0,4.0,12.0
Torino vs Genoa,Genoa,15881,Morten Frendrup,M,78,6.2,,0.0,,,29,23.0,79.3,,1.0,2.0,,1,0,1.0,4.0
Torino vs Genoa,Genoa,281096,Patrizio Masini,M,90,7,,0.0,,,27,22.0,81.5,4.0,,,4.0,0,0,9.0,15.0
Torino vs Genoa,Genoa,89520,Mikael Ellertsson,M,90,7,,0.0,,,19,16.0,84.2,2.0,,,1.0,0,0,5.0,5.0
Torino vs Genoa,Genoa,1938,Ruslan Malinovskyi,F,87,7,,0.0,2.0,,47,41.0,87.2,,1.0,,1.0,0,0,3.0,8.0
Torino vs Genoa,Genoa,36980,Morten Thorsby,F,87,7.3,1.0,0.0,2.0,1.0,24,17.0,70.8,,,,,0,0,2.0,8.0
Torino vs Genoa,Genoa,451504,Jeff Ekhator,F,61,5.6,,0.0,1.0,,10,4.0,40.0,,,1.0,1.0,1,0,3.0,12.0
Torino vs Genoa,Genoa,3430,Caleb Ekuban,F,29,6.7,,0.0,1.0,1.0,7,6.0,85.7,,,,,0,0,1.0,2.0
Torino vs Genoa,Genoa,41748,Jean Onana,M,12,6.2,,0.0,,,7,4.0,57.1,,,2.0,,0,0,,4.0
Torino vs Genoa,Genoa,665,Maxwel Cornet,F,12,6.3,,0.0,1.0,1.0,6,4.0,66.7,,,,,0,0,1.0,3.0
Torino vs Genoa,Genoa,281408,Vitinha,F,10,7,,0.0,,,1,1.0,100.0,,1.0,,2.0,0,0,2.0,3.0
Torino vs Genoa,Genoa,263481,Lorenzo Colombo,F,10,6.5,,0.0,1.0,,0,,,1.0,,,,0,0,1.0,2.0
Sassuolo vs AS Roma,Sassuolo,616,Arijanet Murić,G,90,7,,0.0,,,35,20.0,57.1,,,,,0,0,,
Sassuolo vs AS Roma,Sassuolo,40582,Sebastian Walukiewicz,D,90,7.2,,0.0,,,35,28.0,80.0,2.0,,1.0,,0,0,3.0,6.0
Sassuolo vs AS Roma,Sassuolo,37651,Jay Idzes,D,90,6,,0.0,,,21,16.0,76.2,2.0,3.0,2.0,,0,0,4.0,10.0
Sassuolo vs AS Roma,Sassuolo,30556,Filippo Romagna,D,39,6.2,,0.0,1.0,,16,13.0,81.2,,,,,0,0,,
Sassuolo vs AS Roma,Sassuolo,135526,Josh Doig,D,90,6.6,,0.0,,,38,29.0,76.3,3.0,1.0,2.0,2.0,1,0,10.0,19.0
Sassuolo vs AS Roma,Sassuolo,39143,Kristian Thorstvedt,M,60,6.2,,0.0,2.0,,17,11.0,64.7,1.0,2.0,2.0,,1,0,1.0,3.0
Sassuolo vs AS Roma,Sassuolo,902,Nemanja Matić,M,90,7.3,,0.0,1.0,,49,42.0,85.7,2.0,2.0,,2.0,0,0,8.0,14.0
Sassuolo vs AS Roma,Sassuolo,328046,Ismael Koné,M,81,6.6,,0.0,1.0,,23,20.0,87.0,1.0,,2.0,2.0,0,0,3.0,4.0
Sassuolo vs AS Roma,Sassuolo,30537,Domenico Berardi,F,60,7,,0.0,,,22,18.0,81.8,,1.0,1.0,1.0,0,0,2.0,3.0
Sassuolo vs AS Roma,Sassuolo,31094,Andrea Pinamonti,F,90,6.2,,0.0,2.0,,21,14.0,66.7,1.0,,,3.0,0,0,9.0,18.0
Sassuolo vs AS Roma,Sassuolo,263699,Alieu Fadera,F,81,7.2,,0.0,1.0,1.0,16,12.0,75.0,4.0,1.0,3.0,4.0,0,0,9.0,13.0
Sassuolo vs AS Roma,Sassuolo,41371,Fali Candé,D,51,6.9,,0.0,,,20,15.0,75.0,1.0,,,1.0,0,0,2.0,5.0
Sassuolo vs AS Roma,Sassuolo,127413,Aster Vranckx,M,30,6.6,,0.0,,,10,10.0,100.0,1.0,,3.0,1.0,0,0,2.0,6.0
Sassuolo vs AS Roma,Sassuolo,342035,Cristian Volpato,M,30,6.9,,0.0,,,10,6.0,60.0,1.0,1.0,2.0,,1,0,5.0,11.0
Sassuolo vs AS Roma,Sassuolo,2215,Armand Laurienté,F,9,6.3,,0.0,,,1,1.0,100.0,,,,,0,0,,
Sassuolo vs AS Roma,Sassuolo,128478,Walid Cheddira,F,9,6.5,,0.0,,,0,,,,,,,0,0,,1.0
Sassuolo vs AS Roma,AS Roma,556,Mile Svilar,G,90,7.2,,0.0,,,29,20.0,69.0,,,,,0,0,,
Sassuolo vs AS Roma,AS Roma,22222,Zeki Çelik,D,90,6.6,,0.0,2.0,1.0,37,29.0,78.4,,,,1.0,0,0,2.0,5.0
Sassuolo vs AS Roma,AS Roma,30425,Gianluca Mancini,D,90,7.3,,0.0,,,59,48.0,81.4,2.0,1.0,3.0,,1,0,6.0,14.0
Sassuolo vs AS Roma,AS Roma,1807,Evan Ndicka,D,90,7.3,,0.0,,,67,63.0,94.0,1.0,,,,0,0,1.0,2.0
Sassuolo vs AS Roma,AS Roma,349001,Wesley,M,87,7.2,,0.0,2.0,1.0,42,32.0,76.2,6.0,1.0,1.0,5.0,0,0,14.0,29.0
Sassuolo vs AS Roma,AS Roma,277003,Neil El Aynaoui,M,90,6.9,,0.0,1.0,1.0,41,37.0,90.2,3.0,,2.0,,0,0,3.0,6.0
Sassuolo vs AS Roma,AS Roma,778,Bryan Cristante,M,66,6.7,,0.0,3.0,2.0,36,24.0,66.7,1.0,,2.0,1.0,0,0,6.0,14.0
Sassuolo vs AS Roma,AS Roma,22147,Manu Koné,M,90,7.2,,0.0,,,48,46.0,95.8,,,1.0,3.0,0,0,4.0,8.0
Sassuolo vs AS Roma,AS Roma,1600,Konstantinos Tsimikas,M,45,6.6,,0.0,1.0,,14,11.0,78.6,1.0,,,1.0,0,0,2.0,2.0
Sassuolo vs AS Roma,AS Roma,875,Paulo Dybala,F,66,6.9,1.0,0.0,2.0,1.0,28,22.0,78.6,,,2.0,1.0,0,0,1.0,4.0
Sassuolo vs AS Roma,AS Roma,983,Leon Bailey,F,50,6.7,,0.0,,,9,7.0,77.8,,,1.0,1.0,0,0,2.0,6.0
Sassuolo vs AS Roma,AS Roma,2669,Mario Hermoso,D,45,6.7,,0.0,,,34,28.0,82.4,,,3.0,,1,0,4.0,7.0
Sassuolo vs AS Roma,AS Roma,15811,Artem Dovbyk,F,40,6.3,,0.0,,,8,6.0,75.0,,,1.0,,0,0,3.0,5.0
Sassuolo vs AS Roma,AS Roma,782,Lorenzo Pellegrini,M,24,6.7,,0.0,3.0,2.0,17,13.0,76.5,,,,1.0,0,0,3.0,4.0
Sassuolo vs AS Roma,AS Roma,323936,Matías Soulé,F,24,7,,0.0,,,11,10.0,90.9,,,,3.0,0,0,4.0,7.0
Sassuolo vs AS Roma,AS Roma,162452,Devyne Rensch,D,9,6.7,,0.0,,,3,2.0,66.7,,,,,0,0,,
Hellas Verona vs Cagliari,Hellas Verona,30611,Lorenzo Montipò,G,90,6,,0.0,,,28,13.0,46.4,,,,1.0,0,0,1.0,1.0
Hellas Verona vs Cagliari,Hellas Verona,47277,Unai Núñez,D,16,6.9,,0.0,,,7,4.0,57.1,,,,1.0,0,0,2.0,2.0
Hellas Verona vs Cagliari,Hellas Verona,15912,Victor Nelsson,D,90,6.2,,0.0,,,33,28.0,84.8,1.0,1.0,3.0,1.0,1,0,2.0,7.0
Hellas Verona vs Cagliari,Hellas Verona,311071,Nicolás Valentini,D,90,6.2,,0.0,1.0,1.0,25,18.0,72.0,1.0,,2.0,1.0,0,0,2.0,5.0
Hellas Verona vs Cagliari,Hellas Verona,303362,Rafik Belghali,M,70,6.6,,0.0,,,29,24.0,82.8,,1.0,,,0,0,2.0,3.0
Hellas Verona vs Cagliari,Hellas Verona,418,Suat Serdar,M,90,6.2,,0.0,1.0,1.0,27,17.0,63.0,,1.0,3.0,2.0,0,0,4.0,12.0
Hellas Verona vs Cagliari,Hellas Verona,203,Roberto Gagliardini,M,90,7.5,1.0,0.0,1.0,1.0,52,35.0,67.3,3.0,3.0,2.0,,1,0,5.0,10.0
Hellas Verona vs Cagliari,Hellas Verona,31678,Jean-Daniel Akpa Akpro,M,45,6.9,,0.0,,,14,11.0,78.6,5.0,,2.0,,1,0,7.0,13.0
Hellas Verona vs Cagliari,Hellas Verona,14327,Domagoj Bradarić,M,90,6.5,,0.0,,,20,14.0,70.0,2.0,,1.0,,0,0,3.0,5.0
Hellas Verona vs Cagliari,Hellas Verona,312615,Giovane,F,78,7.9,,2.0,2.0,1.0,29,18.0,62.1,,1.0,1.0,2.0,0,0,7.0,14.0
Hellas Verona vs Cagliari,Hellas Verona,368260,Gift Orban,F,78,7.5,1.0,0.0,2.0,2.0,12,6.0,50.0,,,1.0,1.0,0,0,4.0,10.0
Hellas Verona vs Cagliari,Hellas Verona,25061,Armel Bella-Kotchap,D,74,6.5,,0.0,,,28,24.0,85.7,1.0,3.0,1.0,,0,0,5.0,6.0
Hellas Verona vs Cagliari,Hellas Verona,1090,Antoine Bernede,M,45,7,,0.0,,,25,19.0,76.0,2.0,,,,0,0,2.0,2.0
Hellas Verona vs Cagliari,Hellas Verona,527889,Fallou Cham,D,20,6.2,,0.0,,,9,5.0,55.6,3.0,1.0,,2.0,0,0,5.0,5.0
Hellas Verona vs Cagliari,Hellas Verona,37437,Abdou Harroui,M,12,6.7,,0.0,,,4,4.0,100.0,2.0,,,,0,0,2.0,3.0
Hellas Verona vs Cagliari,Hellas Verona,236955,Amin Sarr,F,12,6.9,,0.0,,,13,9.0,69.2,,,,,0,0,4.0,4.0
Hellas Verona vs Cagliari,Cagliari,30731,Elia Caprile,G,90,7.3,,0.0,,,24,18.0,75.0,,,,,0,0,,
Hellas Verona vs Cagliari,Cagliari,200,Gabriele Zappa,D,90,6.6,,0.0,,,115,104.0,90.4,2.0,2.0,,1.0,0,0,3.0,5.0
Hellas Verona vs Cagliari,Cagliari,41964,Zé Pedro,D,90,6.9,,0.0,,,103,96.0,93.2,2.0,1.0,1.0,2.0,0,0,5.0,10.0
Hellas Verona vs Cagliari,Cagliari,321744,Adam Obert,D,90,7,,1.0,,,77,69.0,89.6,3.0,2.0,2.0,,1,0,7.0,13.0
Hellas Verona vs Cagliari,Cagliari,383018,Marco Palestra,M,78,6.9,,0.0,,,28,25.0,89.3,2.0,,1.0,2.0,0,0,7.0,10.0
Hellas Verona vs Cagliari,Cagliari,56851,Michael Folorunsho,M,62,6,,0.0,,,31,20.0,64.5,,,1.0,2.0,0,0,4.0,9.0
Hellas Verona vs Cagliari,Cagliari,309388,Matteo Prati,M,86,6.3,,0.0,,,40,29.0,72.5,,1.0,,,0,0,1.0,4.0
Hellas Verona vs Cagliari,Cagliari,551413,Joseph Liteta,M,45,6.2,,0.0,,,31,26.0,83.9,,,,,0,0,2.0,5.0
Hellas Verona vs Cagliari,Cagliari,383026,Riyad Idrissi,M,90,7.3,1.0,0.0,1.0,1.0,38,31.0,81.6,1.0,,,,0,0,1.0,5.0
Hellas Verona vs Cagliari,Cagliari,31499,Gennaro Borrelli,F,90,6.3,,0.0,1.0,,14,11.0,78.6,1.0,2.0,2.0,4.0,1,0,7.0,17.0
Hellas Verona vs Cagliari,Cagliari,325,Gianluca Gaetano,F,63,6.6,,0.0,2.0,1.0,37,28.0,75.7,1.0,1.0,1.0,4.0,0,0,5.0,9.0
Hellas Verona vs Cagliari,Cagliari,30505,Michel Adopo,M,45,6.3,,0.0,,,30,24.0,80.0,,1.0,,,0,0,,4.0
Hellas Verona vs Cagliari,Cagliari,30573,Leonardo Pavoletti,F,28,6.2,,1.0,,,9,6.0,66.7,,,2.0,,1,0,,2.0
Hellas Verona vs Cagliari,Cagliari,140831,Zito Luvumbo,F,27,6.3,,0.0,,,5,4.0,80.0,,,,1.0,0,0,2.0,4.0
Hellas Verona vs Cagliari,Cagliari,31734,Mattia Felici,F,12,7.7,1.0,0.0,1.0,1.0,7,5.0,71.4,,,1.0,,0,0,1.0,4.0
Hellas Verona vs Cagliari,Cagliari,30780,Luca Mazzitelli,M,10,6.7,,0.0,,,10,9.0,90.0,,,1.0,,1,0,,1.0
Fiorentina vs Bologna,Fiorentina,882,David De Gea,G,90,6.2,,0.0,,,20,7.0,35.0,,,,,0,0,1.0,1.0
Fiorentina vs Bologna,Fiorentina,1084,Marin Pongračić,D,90,6.5,,0.0,1.0,,43,40.0,93.0,1.0,3.0,1.0,1.0,0,0,3.0,4.0
Fiorentina vs Bologna,Fiorentina,46792,Pablo Marí,D,90,6.6,,0.0,,,39,35.0,89.7,1.0,2.0,1.0,3.0,0,0,6.0,9.0
Fiorentina vs Bologna,Fiorentina,31642,Luca Ranieri,D,85,6.7,,0.0,1.0,,33,30.0,90.9,1.0,,1.0,3.0,0,0,4.0,6.0
Fiorentina vs Bologna,Fiorentina,41144,Dodô,M,90,6.6,,0.0,2.0,,31,21.0,67.7,1.0,,,,0,0,2.0,3.0
Fiorentina vs Bologna,Fiorentina,30810,Rolando Mandragora,M,54,6.3,,0.0,2.0,1.0,15,12.0,80.0,,,2.0,,0,0,,2.0
Fiorentina vs Bologna,Fiorentina,881,Hans Nicolussi Caviglia,M,64,6.9,,0.0,,,21,15.0,71.4,2.0,,1.0,2.0,0,0,5.0,9.0
Fiorentina vs Bologna,Fiorentina,876,Nicolò Fagioli,M,54,6.2,,0.0,,,20,15.0,75.0,,,1.0,,0,0,1.0,5.0
Fiorentina vs Bologna,Fiorentina,30422,Robin Gosens,M,53,5.9,,0.0,1.0,,18,13.0,72.2,,,1.0,,1,0,1.0,8.0
Fiorentina vs Bologna,Fiorentina,877,Moise Kean,F,90,7.3,1.0,0.0,4.0,4.0,8,7.0,87.5,,,1.0,3.0,0,0,5.0,11.0
Fiorentina vs Bologna,Fiorentina,2799,Albert Guðmundsson,F,90,6.9,1.0,0.0,1.0,1.0,26,24.0,92.3,,,2.0,,1,0,1.0,5.0
Fiorentina vs Bologna,Fiorentina,437093,Niccolò Fortini,D,37,6.9,,0.0,,,10,8.0,80.0,2.0,,1.0,3.0,0,0,5.0,7.0
Fiorentina vs Bologna,Fiorentina,311083,Cher Ndour,M,36,6.6,,0.0,,,10,5.0,50.0,,1.0,,1.0,0,0,2.0,2.0
Fiorentina vs Bologna,Fiorentina,790,Edin Džeko,F,36,6.3,,0.0,,,11,10.0,90.9,,,,,1,0,1.0,2.0
Fiorentina vs Bologna,Fiorentina,19053,Abdelhamid Sabiri,M,26,6.9,,0.0,1.0,,19,13.0,68.4,2.0,,1.0,1.0,0,0,3.0,6.0
Fiorentina vs Bologna,Fiorentina,30440,Roberto Piccoli,F,14,6.7,,0.0,1.0,1.0,2,1.0,50.0,,,,,0,0,2.0,2.0
Fiorentina vs Bologna,Bologna,2998,Łukasz Skorupski,G,90,6.2,,0.0,,,46,26.0,56.5,,,,,0,0,,
Fiorentina vs Bologna,Bologna,47985,Emil Holm,D,83,7,,1.0,,,29,22.0,75.9,2.0,1.0,2.0,2.0,2,1,7.0,10.0
Fiorentina vs Bologna,Bologna,39254,Torbjørn Heggem,D,90,6.3,,0.0,,,29,28.0,96.6,3.0,,1.0,,0,0,3.0,6.0
Fiorentina vs Bologna,Bologna,1929,Jhon Lucumí,D,90,6.2,,0.0,,,36,29.0,80.6,,4.0,1.0,,1,0,1.0,4.0
Fiorentina vs Bologna,Bologna,134,Juan Miranda,D,90,6.7,,0.0,1.0,1.0,40,26.0,65.0,,2.0,,,0,0,,1.0
Fiorentina vs Bologna,Bologna,2807,Remo Freuler,M,90,6.6,,0.0,,,34,29.0,85.3,2.0,,1.0,,1,0,3.0,5.0
Fiorentina vs Bologna,Bologna,44814,Lewis Ferguson,M,90,6.3,,0.0,,,40,36.0,90.0,1.0,1.0,3.0,3.0,0,0,4.0,9.0
Fiorentina vs Bologna,Bologna,30488,Riccardo Orsolini,M,77,6.7,,0.0,,,21,12.0,57.1,,,2.0,1.0,0,0,5.0,9.0
Fiorentina vs Bologna,Bologna,322630,Giovanni Fabbian,M,77,6.2,,0.0,1.0,,20,17.0,85.0,1.0,,1.0,2.0,0,0,4.0,6.0
Fiorentina vs Bologna,Bologna,30438,Nicolò Cambiaghi,M,64,7.6,1.0,0.0,2.0,1.0,12,10.0,83.3,1.0,,,,0,0,2.0,2.0
Fiorentina vs Bologna,Bologna,311067,Santiago Castro,F,64,7.9,1.0,0.0,1.0,1.0,9,8.0,88.9,2.0,,4.0,2.0,0,0,7.0,15.0
Fiorentina vs Bologna,Bologna,278095,Jonathan Rowe,F,22,6.7,,0.0,,,2,2.0,100.0,,,,1.0,1,0,2.0,5.0
Fiorentina vs Bologna,Bologna,93016,Thijs Dallinga,F,26,6.6,,0.0,,,5,4.0,80.0,,,2.0,1.0,0,0,1.0,5.0
Fiorentina vs Bologna,Bologna,873,Federico Bernardeschi,F,13,6.3,,0.0,,,3,2.0,66.7,,,2.0,,0,0,1.0,3.0
Fiorentina vs Bologna,Bologna,31273,Tommaso Pobega,M,13,6.2,,0.0,,,1,1.0,100.0,,,1.0,,0,0,,1.0
Fiorentina vs Bologna,Bologna,31099,Nicolò Casale,D,13,6.2,,0.0,,,3,,,,,,,0,0,,1.0
Lazio vs Juventus,Lazio,31037,Ivan Provedel,G,90,8.2,,0.0,,,38,24.0,63.2,,,,1.0,0,0,3.0,3.0
Lazio vs Juventus,Lazio,30866,Manuel Lazzari,D,55,6.9,,0.0,,,23,19.0,82.6,,,1.0,2.0,1,0,3.0,6.0
Lazio vs Juventus,Lazio,162952,Mario Gila Fuentes,D,90,7.5,,0.0,,,37,35.0,94.6,1.0,,,,0,0,3.0,3.0
Lazio vs Juventus,Lazio,1632,Alessio Romagnoli,D,90,7.7,,0.0,,,37,33.0,89.2,1.0,,,1.0,0,0,3.0,6.0
Lazio vs Juventus,Lazio,1844,Adam Marušić,D,90,7.2,,0.0,,,35,28.0,80.0,2.0,1.0,2.0,1.0,0,0,6.0,9.0
Lazio vs Juventus,Lazio,1454,Mattéo Guendouzi,M,90,6.6,,0.0,1.0,,26,21.0,80.8,,,2.0,,1,0,1.0,6.0
Lazio vs Juventus,Lazio,1852,Danilo Cataldi,M,90,7.2,,1.0,1.0,,36,32.0,88.9,,,2.0,1.0,0,0,2.0,5.0
Lazio vs Juventus,Lazio,1266,Toma Bašić,M,68,7.9,1.0,0.0,2.0,2.0,17,15.0,88.2,,1.0,1.0,2.0,0,0,4.0,6.0
Lazio vs Juventus,Lazio,135519,Gustav Isaksen,F,83,7.7,,0.0,2.0,,29,22.0,75.9,,1.0,1.0,8.0,0,0,12.0,18.0
Lazio vs Juventus,Lazio,22015,Boulaye Dia,F,82,6.7,,0.0,1.0,1.0,15,10.0,66.7,1.0,,1.0,,0,0,3.0,8.0
Lazio vs Juventus,Lazio,30937,Mattia Zaccagni,F,90,6.6,,0.0,1.0,,24,15.0,62.5,2.0,2.0,1.0,2.0,0,0,6.0,13.0
Lazio vs Juventus,Lazio,30554,Luca Pellegrini,D,35,6.7,,0.0,,,11,5.0,45.5,1.0,,,,0,0,2.0,5.0
Lazio vs Juventus,Lazio,211,Matías Vecino,M,22,6.7,,0.0,,,7,7.0,100.0,,,,,0,0,1.0,4.0
Lazio vs Juventus,Lazio,133729,Tijjani Noslin,F,8,6.3,,0.0,,,5,4.0,80.0,,,,,0,0,1.0,2.0
Lazio vs Juventus,Lazio,2299,Pedro,F,13,6.3,,0.0,1.0,,3,,,1.0,,,,0,0,1.0,1.0
Lazio vs Juventus,Juventus,849,Mattia Perin,G,90,6.3,,0.0,,,15,15.0,100.0,,,,,0,0,,
Lazio vs Juventus,Juventus,162188,Pierre Kalulu,D,90,6.9,,0.0,,,58,50.0,86.2,2.0,,1.0,1.0,0,0,6.0,10.0
Lazio vs Juventus,Juventus,268341,Federico Gatti,D,86,6.9,,0.0,,,77,70.0,90.9,2.0,1.0,,,0,0,3.0,4.0
Lazio vs Juventus,Juventus,19263,Lloyd Kelly,D,90,6.3,,0.0,,,70,66.0,94.3,1.0,,4.0,,1,0,3.0,12.0
Lazio vs Juventus,Juventus,161585,Francisco Conceição,M,90,6.6,,0.0,1.0,,23,23.0,100.0,2.0,1.0,2.0,1.0,0,0,6.0,15.0
Lazio vs Juventus,Juventus,36899,Teun Koopmeiners,M,66,6.5,,0.0,,,24,22.0,91.7,1.0,1.0,3.0,,1,0,1.0,7.0
Lazio vs Juventus,Juventus,30533,Manuel Locatelli,M,90,7.2,,0.0,1.0,1.0,86,74.0,86.0,2.0,3.0,3.0,3.0,1,0,7.0,11.0
Lazio vs Juventus,Juventus,415,Weston McKennie,M,78,6.7,,0.0,1.0,,44,37.0,84.1,1.0,2.0,2.0,,1,0,2.0,5.0
Lazio vs Juventus,Juventus,127011,Andrea Cambiaso,M,45,7,,0.0,1.0,,25,21.0,84.0,,,1.0,,0,0,2.0,5.0
Lazio vs Juventus,Juventus,30415,Dušan Vlahović,F,90,6.3,,0.0,2.0,,17,13.0,76.5,,,,1.0,0,0,4.0,7.0
Lazio vs Juventus,Juventus,8489,Jonathan David,F,66,6.2,,0.0,1.0,1.0,17,12.0,70.6,1.0,,,1.0,0,0,2.0,2.0
Lazio vs Juventus,Juventus,339883,Kenan Yıldız,F,45,6.5,,0.0,1.0,1.0,9,8.0,88.9,,,,2.0,0,0,2.0,6.0
Lazio vs Juventus,Juventus,1821,Filip Kostić,M,24,6.6,,0.0,,,16,15.0,93.8,,,,,0,0,,
Lazio vs Juventus,Juventus,116,Khéphren Thuram,M,24,6.3,,0.0,2.0,2.0,14,12.0,85.7,,,1.0,,0,0,1.0,3.0
Lazio vs Juventus,Juventus,86,Loïs Openda,F,12,6.6,,0.0,,,0,,,,,,2.0,0,0,2.0,3.0
Lazio vs Juventus,Juventus,41734,João Mário,D,10,6.9,,0.0,,,3,2.0,66.7,,1.0,1.0,,0,0,3.0,5.0
Lecce vs Napoli,Lecce,56459,Wladimiro Falcone,G,90,6.2,,0.0,,,27,7.0,25.9,,,,,0,0,1.0,1.0
Lecce vs Napoli,Lecce,161702,Danilo Veiga,D,90,6.3,,0.0,,,26,17.0,65.4,3.0,1.0,,,0,0,3.0,9.0
Lecce vs Napoli,Lecce,291589,Kialonda Gaspar,D,90,6.9,,0.0,,,46,40.0,87.0,1.0,,,,0,0,2.0,3.0
Lecce vs Napoli,Lecce,455316,Tiago Gabriel,D,90,7.3,,0.0,1.0,,46,44.0,95.7,3.0,2.0,,2.0,0,0,9.0,9.0
Lecce vs Napoli,Lecce,31543,Antonino Gallo,D,90,7,,0.0,,,34,28.0,82.4,6.0,2.0,,,0,0,6.0,10.0
Lecce vs Napoli,Lecce,1748,Lassana Coulibaly,M,77,6.2,,0.0,1.0,1.0,23,22.0,95.7,1.0,1.0,1.0,,0,0,1.0,5.0
Lecce vs Napoli,Lecce,15673,Ylber Ramadani,M,90,7.2,,0.0,,,56,50.0,89.3,3.0,2.0,,,1,0,4.0,7.0
Lecce vs Napoli,Lecce,335071,Medon Berisha,M,77,7.2,,0.0,2.0,,22,16.0,72.7,2.0,,,1.0,0,0,4.0,5.0
Lecce vs Napoli,Lecce,6662,Santiago Pierotti,F,45,6,,0.0,,,11,8.0,72.7,,,2.0,,0,0,,8.0
Lecce vs Napoli,Lecce,436260,Francesco Camarda,F,70,5.6,,0.0,1.0,1.0,8,5.0,62.5,1.0,,2.0,,0,0,2.0,8.0
Lecce vs Napoli,Lecce,118956,Lameck Banda,F,65,6.9,,0.0,,,10,10.0,100.0,2.0,1.0,1.0,3.0,0,0,5.0,10.0
Lecce vs Napoli,Lecce,47182,Tete Morente,F,45,6.9,,0.0,,,22,19.0,86.4,,,,2.0,0,0,4.0,8.0
Lecce vs Napoli,Lecce,8643,Konan N'Dri,F,25,6.3,,0.0,,,7,6.0,85.7,1.0,,3.0,1.0,1,0,2.0,8.0
Lecce vs Napoli,Lecce,264122,Nikola Štulić,F,20,6.7,,0.0,,,7,4.0,57.1,,,,1.0,0,0,2.0,4.0
Lecce vs Napoli,Lecce,56560,Youssef Maleh,M,13,6.9,,0.0,,,9,8.0,88.9,4.0,,1.0,,0,0,4.0,6.0
Lecce vs Napoli,Lecce,190958,Balthazar Pierret,M,13,6.9,,0.0,,,9,7.0,77.8,2.0,,,,0,0,3.0,3.0
Lecce vs Napoli,Napoli,31156,Vanja Milinković-Savić,G,90,7.3,,0.0,,,39,31.0,79.5,,,,,0,0,,
Lecce vs Napoli,Napoli,31042,Giovanni Di Lorenzo,D,90,6.3,,0.0,1.0,1.0,48,37.0,77.1,2.0,,4.0,,0,0,4.0,10.0
Lecce vs Napoli,Napoli,774,Juan Jesus,D,90,7.3,,0.0,,,68,65.0,95.6,1.0,3.0,1.0,,0,0,5.0,7.0
Lecce vs Napoli,Napoli,31226,Alessandro Buongiorno,D,90,7,,0.0,,,75,70.0,93.3,1.0,,1.0,1.0,0,0,3.0,6.0
Lecce vs Napoli,Napoli,47254,Mathías Olivera,D,61,6.9,,0.0,2.0,1.0,26,24.0,92.3,2.0,,,1.0,1,0,5.0,7.0
Lecce vs Napoli,Napoli,3406,Frank Anguissa,M,90,8,1.0,0.0,1.0,1.0,50,43.0,86.0,4.0,2.0,,,0,0,6.0,9.0
Lecce vs Napoli,Napoli,130423,Billy Gilmour,M,90,7.7,,0.0,,,66,57.0,86.4,4.0,3.0,2.0,3.0,0,0,9.0,12.0
Lecce vs Napoli,Napoli,1358,Eljif Elmas,M,85,6.6,,0.0,1.0,,32,27.0,84.4,1.0,1.0,,,0,0,1.0,4.0
Lecce vs Napoli,Napoli,219,Matteo Politano,F,61,6.6,,0.0,2.0,,27,22.0,81.5,,,1.0,1.0,0,0,4.0,7.0
Lecce vs Napoli,Napoli,199089,Lorenzo Lucca,F,61,6.2,,0.0,1.0,,8,8.0,100.0,,,3.0,,0,0,1.0,6.0
Lecce vs Napoli,Napoli,544,Noa Lang,F,48,7.3,,0.0,,,24,18.0,75.0,4.0,,,1.0,0,0,6.0,7.0
Lecce vs Napoli,Napoli,552,David Neres,F,42,7,,1.0,,,17,14.0,82.4,2.0,,1.0,,0,0,4.0,9.0
Lecce vs Napoli,Napoli,862,Leonardo Spinazzola,D,29,7.2,,0.0,,,25,22.0,88.0,,,,,0,0,1.0,3.0
Lecce vs Napoli,Napoli,903,Scott McTominay,M,29,6.3,,0.0,,,7,5.0,71.4,1.0,,,,0,0,1.0,7.0
Lecce vs Napoli,Napoli,288006,Rasmus Højlund,F,29,5.9,,0.0,,,5,4.0,80.0,,,1.0,,0,0,,8.0
Lecce vs Napoli,Napoli,162032,Miguel Gutiérrez,D,12,7,,0.0,,,5,5.0,100.0,1.0,2.0,,1.0,0,0,2.0,2.0
Atalanta vs AC Milan,Atalanta,30417,Marco Carnesecchi,G,90,6.7,,0.0,,,22,16.0,72.7,,,,,0,0,1.0,1.0
Atalanta vs AC Milan,Atalanta,48119,Odilon Kossounou,D,90,6.3,,0.0,,,52,51.0,98.1,,1.0,1.0,,0,0,,2.0
Atalanta vs AC Milan,Atalanta,137976,Isak Hien,D,90,6.3,,0.0,2.0,,53,50.0,94.3,,,2.0,,0,0,1.0,3.0
Atalanta vs AC Milan,Atalanta,453906,Honest Ahanor,D,72,6.3,,0.0,3.0,,25,25.0,100.0,1.0,,,1.0,0,0,4.0,6.0
Atalanta vs AC Milan,Atalanta,2286,Davide Zappacosta,M,90,6.9,,0.0,3.0,1.0,64,58.0,90.6,,2.0,,,0,0,3.0,5.0
Atalanta vs AC Milan,Atalanta,10097,Éderson,M,90,6.9,,0.0,1.0,1.0,66,62.0,93.9,2.0,1.0,1.0,1.0,0,0,4.0,6.0
Atalanta vs AC Milan,Atalanta,30432,Marten de Roon,M,20,6.6,,0.0,1.0,,23,20.0,87.0,1.0,,,,0,0,1.0,1.0
Atalanta vs AC Milan,Atalanta,264857,Lorenzo Bernasconi,M,71,6.3,,0.0,,,27,22.0,81.5,,1.0,,,0,0,,3.0
Atalanta vs AC Milan,Atalanta,2763,Mario Pašalić,F,82,7.2,,1.0,,,50,47.0,94.0,1.0,1.0,1.0,1.0,0,0,4.0,8.0
Atalanta vs AC Milan,Atalanta,147859,Charles De Ketelaere,F,81,7,,0.0,,,26,24.0,92.3,,,,3.0,0,0,3.0,9.0
Atalanta vs AC Milan,Atalanta,18767,Ademola Lookman,F,90,7.7,1.0,0.0,1.0,1.0,25,21.0,84.0,1.0,1.0,2.0,2.0,0,0,6.0,16.0
Atalanta vs AC Milan,Atalanta,1639,Marco Brescianini,M,70,7.2,,0.0,,,36,32.0,88.9,4.0,1.0,1.0,,1,0,4.0,6.0
Atalanta vs AC Milan,Atalanta,91422,Raoul Bellanova,D,19,6.6,,0.0,,,11,11.0,100.0,,1.0,,,0,0,,
Atalanta vs AC Milan,Atalanta,30421,Berat Djimsiti,D,18,7.2,,0.0,,,20,18.0,90.0,,,,,0,0,1.0,1.0
Atalanta vs AC Milan,Atalanta,178749,Lazar Samardžić,M,9,6.9,,0.0,,,4,2.0,50.0,,,1.0,,0,0,,1.0
Atalanta vs AC Milan,Atalanta,162106,Yunus Musah,M,8,6.3,,0.0,,,5,5.0,100.0,,,,,0,0,1.0,2.0
Atalanta vs AC Milan,AC Milan,22221,Mike Maignan,G,90,6.3,,0.0,,,43,29.0,67.4,,,,1.0,0,0,1.0,1.0
Atalanta vs AC Milan,AC Milan,19209,Fikayo Tomori,D,90,6.3,,0.0,,,47,39.0,83.0,1.0,,1.0,,0,0,1.0,5.0
Atalanta vs AC Milan,AC Milan,56473,Matteo Gabbia,D,90,7.3,,0.0,,,48,47.0,97.9,1.0,1.0,1.0,,1,0,3.0,5.0
Atalanta vs AC Milan,AC Milan,45826,Strahinja Pavlović,D,90,7,,0.0,,,42,37.0,88.1,4.0,,1.0,,0,0,5.0,8.0
Atalanta vs AC Milan,AC Milan,1417,Alexis Saelemaekers,M,89,6.9,,0.0,,,36,28.0,77.8,3.0,,1.0,2.0,0,0,8.0,13.0
Atalanta vs AC Milan,AC Milan,22254,Youssouf Fofana,M,90,6.3,,0.0,1.0,,30,22.0,73.3,3.0,1.0,,1.0,0,0,5.0,8.0
Atalanta vs AC Milan,AC Milan,754,Luka Modrić,M,90,6.6,,0.0,,,48,45.0,93.8,2.0,3.0,1.0,1.0,1,0,3.0,8.0
Atalanta vs AC Milan,AC Milan,31056,Samuele Ricci,M,90,7.9,1.0,0.0,1.0,1.0,38,37.0,97.4,,,1.0,1.0,0,0,1.0,3.0
Atalanta vs AC Milan,AC Milan,374359,Davide Bartesaghi,M,90,6.6,,0.0,,,24,18.0,75.0,1.0,,1.0,,0,0,3.0,5.0
Atalanta vs AC Milan,AC Milan,94562,Santiago Giménez,F,62,6.2,,0.0,1.0,,15,13.0,86.7,,,1.0,1.0,1,0,1.0,5.0
Atalanta vs AC Milan,AC Milan,22236,Rafael Leão,F,45,6.7,,0.0,,,7,6.0,85.7,,,,1.0,0,0,2.0,3.0
Atalanta vs AC Milan,AC Milan,269,Christopher Nkunku,F,45,6.2,,0.0,,,17,14.0,82.4,,,,,0,0,,1.0
Atalanta vs AC Milan,AC Milan,2292,Ruben Loftus-Cheek,M,28,6.6,,0.0,,,11,7.0,63.6,,,,1.0,0,0,3.0,4.0
Juventus vs Udinese,Juventus,30670,Michele Di Gregorio,G,90,6.7,,0.0,,,26,20.0,76.9,,,,,1,0,,
Juventus vs Udinese,Juventus,162188,Pierre Kalulu,D,90,6.3,,0.0,1.0,1.0,58,52.0,89.7,1.0,,,,0,0,1.0,4.0
Juventus vs Udinese,Juventus,268341,Federico Gatti,D,90,7.6,1.0,0.0,1.0,1.0,35,34.0,97.1,2.0,1.0,2.0,,0,0,2.0,4.0
Juventus vs Udinese,Juventus,19263,Lloyd Kelly,D,90,7.2,,0.0,,,63,55.0,87.3,1.0,,1.0,2.0,0,0,8.0,12.0
Juventus vs Udinese,Juventus,30533,Manuel Locatelli,M,90,7.6,,0.0,2.0,1.0,67,58.0,86.6,1.0,,5.0,4.0,0,0,10.0,17.0
Juventus vs Udinese,Juventus,127011,Andrea Cambiaso,M,90,7.9,,1.0,,,35,32.0,91.4,4.0,,,,0,0,4.0,7.0
Juventus vs Udinese,Juventus,415,Weston McKennie,M,90,6.3,,0.0,1.0,,33,29.0,87.9,1.0,1.0,2.0,,0,0,1.0,6.0
Juventus vs Udinese,Juventus,339883,Kenan Yıldız,M,90,7.6,1.0,0.0,4.0,2.0,37,31.0,83.8,,,1.0,4.0,0,0,5.0,13.0
Juventus vs Udinese,Juventus,1821,Filip Kostić,M,89,7.9,,0.0,1.0,1.0,48,37.0,77.1,4.0,1.0,,,0,0,6.0,8.0
Juventus vs Udinese,Juventus,86,Loïs Openda,F,77,5.9,,0.0,2.0,1.0,19,13.0,68.4,,,,1.0,0,0,1.0,5.0
Juventus vs Udinese,Juventus,30415,Dušan Vlahović,F,89,7.9,1.0,0.0,5.0,3.0,14,11.0,78.6,,,1.0,2.0,0,0,6.0,12.0
Juventus vs Udinese,Juventus,8489,Jonathan David,F,13,6.3,,0.0,1.0,1.0,8,4.0,50.0,,,,,0,0,,1.0
Juventus vs Udinese,Juventus,861,Daniele Rugani,D,11,6.6,,0.0,,,0,,,,1.0,,,0,0,1.0,1.0
Juventus vs Udinese,Juventus,36899,Teun Koopmeiners,M,11,6.2,,0.0,,,0,,,,,,,0,0,,
Juventus vs Udinese,Udinese,143648,Maduka Okoye,G,90,8.3,,0.0,,,39,25.0,64.1,,,,,0,0,,
Juventus vs Udinese,Udinese,318053,Saba Goglichidze,D,90,5,,0.0,2.0,1.0,41,34.0,82.9,2.0,3.0,2.0,,1,0,4.0,7.0
Juventus vs Udinese,Udinese,18797,Christian Kabasele,D,90,6.2,,0.0,,,34,31.0,91.2,,1.0,1.0,,0,0,1.0,5.0
Juventus vs Udinese,Udinese,656,Oumar Solet,D,90,7.7,,0.0,,,57,55.0,96.5,1.0,,,1.0,0,0,6.0,7.0
Juventus vs Udinese,Udinese,36916,Kingsley Ehizibue,M,74,6.7,,0.0,,,20,12.0,60.0,2.0,,1.0,1.0,0,0,3.0,5.0
Juventus vs Udinese,Udinese,1939,Jakub Piotrowski,M,58,6.3,,0.0,,,19,14.0,73.7,1.0,,2.0,1.0,1,0,3.0,6.0
Juventus vs Udinese,Udinese,48047,Jesper Karlström,M,90,6.3,,0.0,,,34,24.0,70.6,2.0,,,1.0,0,0,3.0,4.0
Juventus vs Udinese,Udinese,347644,Arthur Atta,M,74,6.6,,0.0,,,23,17.0,73.9,2.0,1.0,,1.0,0,0,5.0,8.0
Juventus vs Udinese,Udinese,22007,Hassane Kamara,M,90,6.6,,0.0,1.0,,25,23.0,92.0,1.0,,,,0,0,2.0,5.0
Juventus vs Udinese,Udinese,786,Nicolò Zaniolo,F,58,7.7,1.0,0.0,1.0,1.0,10,9.0,90.0,,,4.0,3.0,0,0,4.0,11.0
Juventus vs Udinese,Udinese,19185,Keinan Davis,F,38,6.6,,0.0,,,7,5.0,71.4,,,,2.0,0,0,4.0,5.0
Juventus vs Udinese,Udinese,40594,Adam Buksa,F,52,6.7,,0.0,,,8,7.0,87.5,,,1.0,2.0,0,0,2.0,7.0
Juventus vs Udinese,Udinese,7591,Sandi Lovrić,M,32,6.2,,0.0,,,10,7.0,70.0,1.0,,1.0,,1,0,1.0,6.0
Juventus vs Udinese,Udinese,1134,Vakoun Issouf Bayo,F,32,6.3,,0.0,1.0,,7,5.0,71.4,,,,,0,0,4.0,8.0
Juventus vs Udinese,Udinese,162907,Alessandro Zanoli,D,16,6.7,,0.0,,,9,8.0,88.9,2.0,,,,0,0,2.0,2.0
Juventus vs Udinese,Udinese,343558,Lennon Miller,M,16,6.3,,0.0,,,2,1.0,50.0,,,1.0,,1,0,1.0,4.0
AS Roma vs Parma,AS Roma,556,Mile Svilar,G,90,7.2,,0.0,,,25,22.0,88.0,,,,,0,0,,
AS Roma vs Parma,AS Roma,30425,Gianluca Mancini,D,85,7.2,,0.0,2.0,,52,43.0,82.7,,4.0,,2.0,0,0,4.0,6.0
AS Roma vs Parma,AS Roma,1807,Evan Ndicka,D,90,7.3,,0.0,1.0,,65,62.0,95.4,2.0,2.0,1.0,3.0,0,0,11.0,16.0
AS Roma vs Parma,AS Roma,2669,Mario Hermoso,D,90,7.7,1.0,0.0,1.0,1.0,64,59.0,92.2,2.0,2.0,1.0,1.0,0,0,4.0,8.0
AS Roma vs Parma,AS Roma,22222,Zeki Çelik,M,90,6.3,,0.0,1.0,,46,38.0,82.6,1.0,,,,0,0,4.0,9.0
AS Roma vs Parma,AS Roma,778,Bryan Cristante,M,90,7.3,,0.0,2.0,,54,44.0,81.5,2.0,,3.0,1.0,0,0,6.0,13.0
AS Roma vs Parma,AS Roma,22147,Manu Koné,M,90,6.6,,0.0,1.0,,58,51.0,87.9,1.0,1.0,,,0,0,4.0,10.0
AS Roma vs Parma,AS Roma,349001,Wesley,M,86,6.3,,0.0,2.0,2.0,41,31.0,75.6,1.0,,1.0,,0,0,3.0,9.0
AS Roma vs Parma,AS Roma,323936,Matías Soulé,F,73,6.9,,0.0,,,25,21.0,84.0,1.0,,,,0,0,3.0,4.0
AS Roma vs Parma,AS Roma,875,Paulo Dybala,F,90,7.3,,1.0,3.0,2.0,39,26.0,66.7,1.0,,,1.0,0,0,6.0,11.0
AS Roma vs Parma,AS Roma,129643,Evan Ferguson,F,7,,,0.0,,,3,3.0,100.0,,,,1.0,0,0,1.0,3.0
AS Roma vs Parma,AS Roma,983,Leon Bailey,F,38,5.9,,0.0,,,14,11.0,78.6,,,,,0,0,,5.0
AS Roma vs Parma,AS Roma,277003,Neil El Aynaoui,M,45,6.3,,0.0,,,26,22.0,84.6,,1.0,1.0,,0,0,,2.0
AS Roma vs Parma,AS Roma,15811,Artem Dovbyk,F,17,7.3,1.0,0.0,1.0,1.0,5,4.0,80.0,,,1.0,,0,0,1.0,3.0
AS Roma vs Parma,AS Roma,342019,Daniele Ghilardi,D,8,6.2,,0.0,,,2,2.0,100.0,,1.0,,,0,0,,
AS Roma vs Parma,AS Roma,162452,Devyne Rensch,D,4,,,0.0,,,0,,,,,,,0,0,,
AS Roma vs Parma,Parma,199578,Zion Suzuki,G,90,7.3,,0.0,,,43,29.0,67.4,,,,,0,0,1.0,1.0
AS Roma vs Parma,Parma,30420,Enrico Del Prato,D,90,6.6,,0.0,,,29,28.0,96.6,1.0,1.0,,,1,0,2.0,4.0
AS Roma vs Parma,Parma,348568,Alessandro Circati,D,90,7.7,1.0,0.0,1.0,1.0,52,42.0,80.8,1.0,3.0,,,0,0,4.0,5.0
AS Roma vs Parma,Parma,6221,Lautaro Valenti,D,90,6.2,,0.0,,,37,26.0,70.3,4.0,,1.0,,0,0,5.0,9.0
AS Roma vs Parma,Parma,499380,Sascha Britschgi,D,89,6.2,,0.0,,,31,21.0,67.7,4.0,,,1.0,0,0,6.0,12.0
AS Roma vs Parma,Parma,628,Adrián Bernabé,M,77,6.5,,0.0,2.0,1.0,25,18.0,72.0,1.0,1.0,,1.0,0,0,2.0,6.0
AS Roma vs Parma,Parma,6409,Nahuel Estévez,M,77,6.9,,0.0,,,27,24.0,88.9,3.0,1.0,,1.0,0,0,5.0,7.0
AS Roma vs Parma,Parma,161569,Oliver Sørensen,M,90,6.3,,0.0,2.0,2.0,32,24.0,75.0,,2.0,1.0,,0,0,2.0,7.0
AS Roma vs Parma,Parma,362752,Christian Ordoñez,M,90,6.6,,0.0,1.0,1.0,22,19.0,86.4,2.0,1.0,1.0,1.0,1,0,7.0,12.0
AS Roma vs Parma,Parma,292172,Mateo Pellegrino,F,77,6.7,,0.0,1.0,,22,12.0,54.5,,,4.0,2.0,1,0,10.0,18.0
AS Roma vs Parma,Parma,1649,Patrick Cutrone,F,60,6.3,,0.0,,,11,6.0,54.5,,1.0,1.0,,0,0,1.0,5.0
AS Roma vs Parma,Parma,40592,Adrian Benedyczak,F,30,6.7,,1.0,,,6,5.0,83.3,,,1.0,,0,0,1.0,5.0
AS Roma vs Parma,Parma,362061,Benjamin Cremaschi,M,13,6.7,,0.0,,,1,1.0,100.0,1.0,,,,0,0,1.0,2.0
AS Roma vs Parma,Parma,31692,Milan Đurić,F,13,6.7,,0.0,,,2,,,,,,1.0,0,0,2.0,2.0
AS Roma vs Parma,Parma,48193,Pontus Almqvist,F,13,6.6,,0.0,,,7,6.0,85.7,,1.0,,1.0,0,0,3.0,4.0
Como vs Hellas Verona,Como,8574,Jean Butez,G,90,6.9,,0.0,,,30,22.0,73.3,,,,1.0,0,0,1.0,1.0
Como vs Hellas Verona,Como,711,Stefan Posch,D,78,7.3,1.0,0.0,1.0,1.0,45,36.0,80.0,3.0,,,2.0,0,0,7.0,13.0
Como vs Hellas Verona,Como,386305,Jacobo Ramón,D,90,7.5,,0.0,,,83,77.0,92.8,2.0,2.0,,,0,0,6.0,7.0
Como vs Hellas Verona,Como,21090,Diego Carlos,D,90,7.2,,0.0,,,62,59.0,95.2,2.0,1.0,1.0,,0,0,9.0,15.0
Como vs Hellas Verona,Como,336560,Álex Valle,D,90,6.6,,1.0,1.0,,69,58.0,84.1,3.0,2.0,1.0,,0,0,5.0,6.0
Como vs Hellas Verona,Como,162266,Lucas Da Cunha,M,90,7.3,,0.0,1.0,,81,78.0,96.3,,2.0,1.0,,0,0,,2.0
Como vs Hellas Verona,Como,659,Maxence Caqueret,M,89,7.9,,1.0,1.0,,91,83.0,91.2,3.0,3.0,1.0,5.0,0,0,12.0,20.0
Como vs Hellas Verona,Como,38753,Nicolas-Gerrit Kühn,M,79,6,,0.0,,,26,23.0,88.5,,1.0,2.0,,0,0,,7.0
Como vs Hellas Verona,Como,350037,Nico Paz,M,90,7.6,,0.0,3.0,1.0,48,41.0,85.4,1.0,,2.0,3.0,1,0,11.0,20.0
Como vs Hellas Verona,Como,400948,Assane Diao,M,54,6.5,,0.0,,,19,15.0,78.9,,,1.0,2.0,0,0,2.0,5.0
Como vs Hellas Verona,Como,26845,Anastasios Douvikas,F,89,8,1.0,0.0,3.0,2.0,17,13.0,76.5,,,,5.0,0,0,9.0,11.0
Como vs Hellas Verona,Como,443162,Jesús Rodriguez,F,36,6.6,,1.0,,,9,6.0,66.7,,,,,0,0,1.0,4.0
Como vs Hellas Verona,Como,26301,Marc-Oliver Kempf,D,12,6.9,,0.0,,,4,3.0,75.0,,,,,0,0,2.0,2.0
Como vs Hellas Verona,Como,8586,Mërgim Vojvoda,D,11,7.9,1.0,0.0,1.0,1.0,3,3.0,100.0,,,,1.0,0,0,1.0,1.0
Como vs Hellas Verona,Hellas Verona,30611,Lorenzo Montipò,G,90,5.5,,0.0,,,31,13.0,41.9,,,,,0,0,,
Como vs Hellas Verona,Hellas Verona,25061,Armel Bella-Kotchap,D,90,6.5,,0.0,,,27,19.0,70.4,1.0,1.0,,1.0,0,0,4.0,4.0
Como vs Hellas Verona,Hellas Verona,15912,Victor Nelsson,D,90,5.3,,0.0,1.0,,19,17.0,89.5,,2.0,4.0,1.0,1,0,2.0,8.0
Como vs Hellas Verona,Hellas Verona,311071,Nicolás Valentini,D,68,6.2,,0.0,,,12,7.0,58.3,2.0,,1.0,1.0,0,0,4.0,5.0
Como vs Hellas Verona,Hellas Verona,303362,Rafik Belghali,M,90,6.5,,0.0,,,16,10.0,62.5,3.0,1.0,3.0,1.0,1,0,7.0,17.0
Como vs Hellas Verona,Hellas Verona,418,Suat Serdar,M,68,7.9,1.0,0.0,4.0,3.0,13,6.0,46.2,5.0,2.0,,1.0,0,0,7.0,8.0
Como vs Hellas Verona,Hellas Verona,203,Roberto Gagliardini,M,75,6,,0.0,,,15,6.0,40.0,2.0,2.0,2.0,1.0,1,0,4.0,10.0
Como vs Hellas Verona,Hellas Verona,1090,Antoine Bernede,M,90,6.3,,0.0,,,27,17.0,63.0,2.0,,5.0,1.0,0,0,5.0,15.0
Como vs Hellas Verona,Hellas Verona,15909,Martin Frese,M,87,7.3,,0.0,1.0,1.0,19,12.0,63.2,6.0,1.0,,1.0,0,0,9.0,15.0
Como vs Hellas Verona,Hellas Verona,312615,Giovane,F,90,6,,0.0,1.0,1.0,21,15.0,71.4,,,3.0,1.0,0,0,5.0,21.0
Como vs Hellas Verona,Hellas Verona,368260,Gift Orban,F,90,6.3,,0.0,1.0,1.0,17,10.0,58.8,,,,,1,0,2.0,5.0
Como vs Hellas Verona,Hellas Verona,14327,Domagoj Bradarić,D,22,6.2,,0.0,1.0,1.0,5,5.0,100.0,,,,,0,0,,
Como vs Hellas Verona,Hellas Verona,22239,Cheikh Niasse,M,22,6.3,,0.0,,,13,9.0,69.2,,,2.0,1.0,0,0,1.0,4.0
Como vs Hellas Verona,Hellas Verona,236955,Amin Sarr,F,15,6.3,,0.0,1.0,1.0,5,3.0,60.0,,,1.0,,0,0,,4.0
Como vs Hellas Verona,Hellas Verona,59421,Daniel Mosquera,F,8,6.3,,0.0,1.0,1.0,1,1.0,100.0,,,,,0,0,,1.0
Genoa vs Cremonese,Genoa,31631,Nicola Leali,G,90,6.7,,0.0,,,12,7.0,58.3,,1.0,1.0,,1,0,,1.0
Genoa vs Cremonese,Genoa,284570,Brooke Norton-Cuffy,D,90,6.7,,0.0,,,40,34.0,85.0,,1.0,,1.0,0,0,5.0,8.0
Genoa vs Cremonese,Genoa,18967,Leo Østigård,D,90,6.2,,0.0,1.0,,49,39.0,79.6,,1.0,,,0,0,4.0,7.0
Genoa vs Cremonese,Genoa,35544,Johan Vásquez,D,90,6.3,,0.0,,,49,38.0,77.6,,3.0,1.0,,0,0,2.0,6.0
Genoa vs Cremonese,Genoa,25914,Aarón Martín,D,63,6.2,,0.0,,,21,16.0,76.2,,,1.0,1.0,0,0,1.0,5.0
Genoa vs Cremonese,Genoa,1938,Ruslan Malinovskyi,M,90,7.3,,0.0,1.0,,46,32.0,69.6,1.0,1.0,1.0,,0,0,3.0,8.0
Genoa vs Cremonese,Genoa,281096,Patrizio Masini,M,90,7.2,,0.0,2.0,,47,32.0,68.1,8.0,2.0,3.0,3.0,0,0,12.0,21.0
Genoa vs Cremonese,Genoa,89520,Mikael Ellertsson,M,90,6.3,,0.0,,,23,17.0,73.9,2.0,2.0,,2.0,0,0,5.0,9.0
Genoa vs Cremonese,Genoa,341646,Valentín Carboni,M,63,7.2,,0.0,,,22,16.0,72.7,3.0,,2.0,1.0,1,0,5.0,9.0
Genoa vs Cremonese,Genoa,665,Maxwel Cornet,M,53,6.2,,0.0,,,11,7.0,63.6,2.0,,3.0,1.0,0,0,4.0,10.0
Genoa vs Cremonese,Genoa,451504,Jeff Ekhator,F,53,6.3,,0.0,1.0,,14,10.0,71.4,,1.0,1.0,,0,0,2.0,5.0
Genoa vs Cremonese,Genoa,281408,Vitinha,F,37,6.9,,0.0,,,8,6.0,75.0,,1.0,1.0,,1,0,7.0,15.0
Genoa vs Cremonese,Genoa,3430,Caleb Ekuban,F,37,6.3,,0.0,2.0,,7,2.0,28.6,,,1.0,1.0,0,0,4.0,7.0
Genoa vs Cremonese,Genoa,15881,Morten Frendrup,M,27,6.2,,0.0,2.0,1.0,14,8.0,57.1,2.0,3.0,1.0,,0,0,3.0,7.0
Genoa vs Cremonese,Genoa,263481,Lorenzo Colombo,F,27,6.7,,0.0,,,3,1.0,33.3,,,,2.0,0,0,4.0,7.0
Genoa vs Cremonese,Cremonese,30441,Emil Audero,G,90,6.9,,0.0,,,42,16.0,38.1,,,,1.0,0,0,2.0,3.0
Genoa vs Cremonese,Cremonese,264472,Filippo Terracciano,D,90,7.2,,0.0,2.0,,42,28.0,66.7,,4.0,1.0,2.0,0,0,8.0,11.0
Genoa vs Cremonese,Cremonese,127035,Federico Baschirotto,D,90,6.6,,0.0,,,24,16.0,66.7,1.0,1.0,1.0,1.0,0,0,3.0,6.0
Genoa vs Cremonese,Cremonese,30919,Matteo Bianchetti,D,90,7.2,,1.0,1.0,,23,20.0,87.0,2.0,,2.0,1.0,0,0,4.0,8.0
Genoa vs Cremonese,Cremonese,266813,Warren Bondo,M,88,6.5,,0.0,1.0,,31,25.0,80.6,,1.0,1.0,,0,0,1.0,6.0
Genoa vs Cremonese,Cremonese,126980,Tommaso Barbieri,M,90,7.9,,0.0,1.0,,24,13.0,54.2,9.0,1.0,1.0,3.0,1,0,14.0,21.0
Genoa vs Cremonese,Cremonese,6383,Martín Payero,M,88,6.2,,0.0,,,45,31.0,68.9,1.0,1.0,3.0,3.0,0,0,9.0,19.0
Genoa vs Cremonese,Cremonese,31211,Jari Vandeputte,M,90,7.3,,1.0,2.0,1.0,28,18.0,64.3,1.0,1.0,,2.0,0,0,3.0,5.0
Genoa vs Cremonese,Cremonese,342651,Romano Floriani Mussolini,M,77,6.7,,0.0,,,18,15.0,83.3,1.0,,1.0,,0,0,3.0,7.0
Genoa vs Cremonese,Cremonese,18788,Jamie Vardy,F,90,6.3,,0.0,,,12,5.0,41.7,2.0,,1.0,1.0,0,0,8.0,17.0
Genoa vs Cremonese,Cremonese,31436,Federico Bonazzoli,F,73,8,2.0,0.0,4.0,3.0,23,16.0,69.6,,1.0,1.0,2.0,0,0,2.0,8.0
Genoa vs Cremonese,Cremonese,2057,Franco Vázquez,F,17,6.6,,0.0,,,3,2.0,66.7,3.0,,,,0,0,4.0,8.0
Genoa vs Cremonese,Cremonese,237249,Mikayil Faye,D,13,6.6,,0.0,,,2,,,1.0,,,,0,0,1.0,2.0
Genoa vs Cremonese,Cremonese,385788,Francesco Folino,D,8,6.6,,0.0,,,1,1.0,100.0,,,1.0,,0,0,1.0,2.0
Genoa vs Cremonese,Cremonese,202086,Jeremy Sarmiento,M,8,6.7,,0.0,,,0,,,1.0,,,,0,0,1.0,2.0
Bologna vs Torino,Bologna,2998,Łukasz Skorupski,G,90,7.2,,0.0,,,41,38.0,92.7,,,,,0,0,,
Bologna vs Torino,Bologna,128461,Nadir Zortea,D,90,7.5,,0.0,2.0,,58,48.0,82.8,1.0,,1.0,2.0,0,0,6.0,10.0
Bologna vs Torino,Bologna,287564,Martin Vitík,D,90,6.7,,0.0,1.0,,72,66.0,91.7,1.0,,1.0,2.0,0,0,6.0,10.0
Bologna vs Torino,Bologna,1929,Jhon Lucumí,D,90,7.9,,0.0,,,100,95.0,95.0,1.0,,,1.0,0,0,2.0,5.0
Bologna vs Torino,Bologna,30553,Charalampos Lykogiannis,D,90,7.3,,0.0,2.0,1.0,72,64.0,88.9,2.0,1.0,2.0,,1,0,3.0,12.0
Bologna vs Torino,Bologna,44814,Lewis Ferguson,M,67,7.2,,0.0,,,74,70.0,94.6,1.0,,,2.0,0,0,4.0,6.0
Bologna vs Torino,Bologna,1322,Nikola Moro,M,90,7.9,,0.0,,,88,83.0,94.3,1.0,,2.0,3.0,0,0,5.0,10.0
Bologna vs Torino,Bologna,873,Federico Bernardeschi,M,67,7.2,,0.0,2.0,1.0,41,33.0,80.5,1.0,,1.0,2.0,0,0,5.0,7.0
Bologna vs Torino,Bologna,30542,Jens Odgaard,M,82,6.2,,0.0,,,17,15.0,88.2,2.0,,2.0,1.0,1,0,3.0,12.0
Bologna vs Torino,Bologna,30438,Nicolò Cambiaghi,M,67,6.9,,0.0,1.0,,28,23.0,82.1,,,,3.0,0,0,7.0,12.0
Bologna vs Torino,Bologna,93016,Thijs Dallinga,F,45,6.6,,0.0,,,13,12.0,92.3,1.0,,,1.0,0,0,2.0,2.0
Bologna vs Torino,Bologna,311067,Santiago Castro,F,45,6.6,,0.0,,,8,4.0,50.0,1.0,,,1.0,0,0,4.0,6.0
Bologna vs Torino,Bologna,2807,Remo Freuler,M,23,6.7,,0.0,,,16,11.0,68.8,3.0,,1.0,,0,0,3.0,5.0
Bologna vs Torino,Bologna,30488,Riccardo Orsolini,F,23,6.3,,0.0,,,8,5.0,62.5,,,,1.0,0,0,2.0,3.0
Bologna vs Torino,Bologna,347265,Benjamín Domínguez,F,23,6.5,,0.0,1.0,,4,2.0,50.0,3.0,,,1.0,0,0,4.0,10.0
Bologna vs Torino,Bologna,322630,Giovanni Fabbian,M,8,6.3,,0.0,,,1,1.0,100.0,,,1.0,,0,0,,1.0
Bologna vs Torino,Torino,30642,Alberto Paleari,G,90,7.5,,0.0,,,29,15.0,51.7,,,,,0,0,,
Bologna vs Torino,Torino,39362,Marcus Pedersen,D,90,7,,0.0,,,11,7.0,63.6,3.0,2.0,1.0,1.0,0,0,6.0,10.0
Bologna vs Torino,Torino,22174,Adrien Tameze,D,57,6.7,,0.0,,,14,11.0,78.6,,,2.0,,1,0,1.0,4.0
Bologna vs Torino,Torino,2553,Guillermo Maripán,D,90,6.9,,0.0,1.0,1.0,23,17.0,73.9,3.0,3.0,,,0,0,4.0,6.0
Bologna vs Torino,Torino,122468,Saúl Coco,D,90,7.2,,0.0,,,33,28.0,84.8,1.0,1.0,1.0,,0,0,4.0,6.0
Bologna vs Torino,Torino,25353,Valentino Lazaro,D,90,7.3,,0.0,,,19,16.0,84.2,3.0,1.0,2.0,,0,0,3.0,8.0
Bologna vs Torino,Torino,270507,Cesare Casadei,M,90,7.3,,0.0,1.0,,29,21.0,72.4,5.0,1.0,3.0,,0,0,12.0,18.0
Bologna vs Torino,Torino,46170,Ivan Ilić,M,79,6.3,,0.0,,,26,15.0,57.7,,1.0,2.0,1.0,1,0,2.0,6.0
Bologna vs Torino,Torino,343189,Gvidas Gineitis,M,58,6.3,,0.0,,,9,7.0,77.8,1.0,,5.0,2.0,0,0,3.0,8.0
Bologna vs Torino,Torino,85,Cyril Ngonge,F,86,6.9,,0.0,1.0,,16,10.0,62.5,,,,2.0,0,0,5.0,9.0
Bologna vs Torino,Torino,19524,Che Adams,F,57,6.5,,0.0,1.0,,8,7.0,87.5,,,,,0,0,1.0,4.0
Bologna vs Torino,Torino,14329,Ardian Ismajli,D,33,6.9,,0.0,,,14,9.0,64.3,1.0,,1.0,1.0,1,0,5.0,7.0
Bologna vs Torino,Torino,30414,Giovanni Simeone,F,33,6.5,,0.0,1.0,1.0,7,3.0,42.9,,,1.0,2.0,0,0,5.0,11.0
Bologna vs Torino,Torino,842,Nikola Vlašić,M,32,6.2,,0.0,1.0,,10,8.0,80.0,1.0,,2.0,1.0,0,0,2.0,10.0
Bologna vs Torino,Torino,275776,Kristjan Asllani,M,11,6.6,,0.0,,,4,3.0,75.0,,,,1.0,0,0,1.0,1.0
Bologna vs Torino,Torino,2495,Duván Zapata,F,9,6.3,,0.0,,,2,1.0,50.0,,,,,0,0,1.0,3.0
Inter vs Fiorentina,Inter,2802,Yann Sommer,G,90,7.2,,0.0,,,34,33.0,97.1,,,,,0,0,,
Inter vs Fiorentina,Inter,5,Manuel Akanji,D,90,8,,0.0,,,96,89.0,92.7,3.0,,,,0,0,4.0,6.0
Inter vs Fiorentina,Inter,24953,Yann Bisseck,D,90,7.5,,0.0,2.0,1.0,49,46.0,93.9,,,,2.0,0,0,6.0,8.0
Inter vs Fiorentina,Inter,31009,Alessandro Bastoni,D,89,7.6,,0.0,1.0,1.0,73,66.0,90.4,2.0,,3.0,1.0,0,0,5.0,10.0
Inter vs Fiorentina,Inter,226,Denzel Dumfries,M,77,6.2,,0.0,1.0,1.0,25,18.0,72.0,1.0,,2.0,1.0,0,0,3.0,9.0
Inter vs Fiorentina,Inter,30558,Nicolò Barella,M,85,7.2,,1.0,,,69,52.0,75.4,2.0,,1.0,2.0,0,0,4.0,6.0
Inter vs Fiorentina,Inter,1640,Hakan Çalhanoğlu,M,90,9.3,2.0,0.0,3.0,2.0,70,59.0,84.3,4.0,,,2.0,0,0,7.0,10.0
Inter vs Fiorentina,Inter,348205,Petar Sučić,M,90,8.5,1.0,0.0,1.0,1.0,46,42.0,91.3,2.0,1.0,2.0,1.0,0,0,5.0,11.0
Inter vs Fiorentina,Inter,31010,Federico Dimarco,M,90,7.2,,0.0,1.0,1.0,39,31.0,79.5,3.0,1.0,,,0,0,4.0,6.0
Inter vs Fiorentina,Inter,345808,Francesco Pio Esposito,F,77,6.9,,0.0,2.0,1.0,22,18.0,81.8,,,2.0,3.0,1,0,7.0,15.0
Inter vs Fiorentina,Inter,217,Lautaro Martínez,F,89,6.6,,1.0,3.0,,23,17.0,73.9,,,1.0,1.0,0,0,4.0,8.0
Inter vs Fiorentina,Inter,10238,Carlos Augusto,D,13,7.2,,0.0,,,3,2.0,66.7,2.0,,,,0,0,3.0,3.0
Inter vs Fiorentina,Inter,275651,Ange-Yoan Bonny,F,13,7.2,,0.0,,,4,4.0,100.0,,,,1.0,0,0,2.0,2.0
Inter vs Fiorentina,Inter,329,Piotr Zieliński,M,10,6.9,,0.0,,,6,6.0,100.0,1.0,,,,0,0,1.0,1.0
Inter vs Fiorentina,Fiorentina,882,David De Gea,G,90,7.7,,0.0,,,36,20.0,55.6,,,,,0,0,,
Inter vs Fiorentina,Fiorentina,396637,Pietro Comuzzo,D,90,6.5,,0.0,1.0,,35,30.0,85.7,3.0,4.0,4.0,,0,0,5.0,12.0
Inter vs Fiorentina,Fiorentina,46792,Pablo Marí,D,90,6.9,,0.0,,,44,43.0,97.7,2.0,4.0,,,0,0,3.0,5.0
Inter vs Fiorentina,Fiorentina,180510,Mattia Viti,D,86,5.5,,0.0,,,35,26.0,74.3,1.0,1.0,4.0,1.0,2,1,3.0,9.0
Inter vs Fiorentina,Fiorentina,41144,Dodô,M,90,6.7,,0.0,1.0,,33,26.0,78.8,,5.0,,2.0,0,0,6.0,12.0
Inter vs Fiorentina,Fiorentina,1014,Simon Sohm,M,63,6.7,,0.0,,,23,21.0,91.3,,1.0,,1.0,0,0,4.0,9.0
Inter vs Fiorentina,Fiorentina,30810,Rolando Mandragora,M,76,6.9,,0.0,,,33,25.0,75.8,2.0,1.0,,1.0,0,0,4.0,5.0
Inter vs Fiorentina,Fiorentina,311083,Cher Ndour,M,90,6.2,,0.0,,,25,20.0,80.0,1.0,2.0,1.0,1.0,0,0,2.0,8.0
Inter vs Fiorentina,Fiorentina,30422,Robin Gosens,M,78,7,,0.0,,,13,7.0,53.8,3.0,1.0,1.0,1.0,0,0,6.0,11.0
Inter vs Fiorentina,Fiorentina,2799,Albert Guðmundsson,F,63,6.2,,0.0,,,10,7.0,70.0,,,2.0,,0,0,1.0,6.0
Inter vs Fiorentina,Fiorentina,877,Moise Kean,F,90,6.5,,0.0,3.0,2.0,9,8.0,88.9,,,2.0,2.0,0,0,3.0,8.0
Inter vs Fiorentina,Fiorentina,876,Nicolò Fagioli,M,27,6.6,,0.0,,,14,13.0,92.9,1.0,,2.0,,0,0,1.0,4.0
Inter vs Fiorentina,Fiorentina,340700,Jacopo Fazzini,M,27,6.3,,0.0,,,5,4.0,80.0,1.0,,,1.0,0,0,2.0,5.0
Inter vs Fiorentina,Fiorentina,790,Edin Džeko,F,14,6.5,,0.0,,,4,4.0,100.0,,,,,0,0,,1.0
Inter vs Fiorentina,Fiorentina,437093,Niccolò Fortini,D,12,6.3,,0.0,,,4,4.0,100.0,,,,,0,0,,1.0
Cagliari vs Sassuolo,Cagliari,30731,Elia Caprile,G,90,6,,0.0,,,22,13.0,59.1,,,,1.0,1,0,1.0,1.0
Cagliari vs Sassuolo,Cagliari,200,Gabriele Zappa,D,62,6.9,,0.0,1.0,,37,33.0,89.2,,3.0,,,0,0,2.0,2.0
Cagliari vs Sassuolo,Cagliari,41964,Zé Pedro,D,90,6.9,,0.0,,,43,40.0,93.0,,,2.0,2.0,0,0,6.0,9.0
Cagliari vs Sassuolo,Cagliari,321744,Adam Obert,D,90,6.3,,0.0,,,48,41.0,85.4,1.0,,3.0,2.0,1,0,5.0,12.0
Cagliari vs Sassuolo,Cagliari,383018,Marco Palestra,M,90,7.6,,0.0,1.0,,29,24.0,82.8,3.0,1.0,1.0,6.0,0,0,12.0,15.0
Cagliari vs Sassuolo,Cagliari,30505,Michel Adopo,M,83,6.9,,0.0,1.0,,24,19.0,79.2,1.0,,1.0,2.0,0,0,6.0,8.0
Cagliari vs Sassuolo,Cagliari,309388,Matteo Prati,M,90,6.5,,0.0,,,40,27.0,67.5,1.0,2.0,1.0,,0,0,2.0,6.0
Cagliari vs Sassuolo,Cagliari,56851,Michael Folorunsho,M,62,6.9,,0.0,,,16,11.0,68.8,2.0,,1.0,3.0,1,0,7.0,9.0
Cagliari vs Sassuolo,Cagliari,383026,Riyad Idrissi,M,90,6.6,,0.0,,,20,16.0,80.0,4.0,1.0,1.0,,1,0,5.0,9.0
Cagliari vs Sassuolo,Cagliari,31499,Gennaro Borrelli,F,76,6.2,,0.0,,,9,6.0,66.7,1.0,,5.0,1.0,0,0,4.0,10.0
Cagliari vs Sassuolo,Cagliari,215,Sebastiano Esposito,F,83,7.2,1.0,0.0,1.0,1.0,17,11.0,64.7,2.0,,2.0,,0,0,2.0,6.0
Cagliari vs Sassuolo,Cagliari,31734,Mattia Felici,F,28,7,,1.0,,,7,5.0,71.4,1.0,,1.0,,0,0,1.0,5.0
Cagliari vs Sassuolo,Cagliari,325,Gianluca Gaetano,M,28,6.6,,0.0,,,11,9.0,81.8,2.0,,,,0,0,2.0,2.0
Cagliari vs Sassuolo,Cagliari,30573,Leonardo Pavoletti,F,14,6.5,,0.0,,,3,1.0,33.3,,,1.0,,0,0,2.0,5.0
Cagliari vs Sassuolo,Cagliari,30780,Luca Mazzitelli,M,15,6.6,,0.0,,,8,5.0,62.5,,,1.0,,0,0,1.0,2.0
Cagliari vs Sassuolo,Cagliari,140831,Zito Luvumbo,F,16,6.9,,0.0,,,3,3.0,100.0,,,,3.0,0,0,3.0,3.0
Cagliari vs Sassuolo,Sassuolo,616,Arijanet Murić,G,90,6.3,,0.0,,,25,16.0,64.0,,,,,0,0,1.0,1.0
Cagliari vs Sassuolo,Sassuolo,40582,Sebastian Walukiewicz,D,90,6.6,,0.0,,,35,30.0,85.7,,1.0,2.0,2.0,1,0,4.0,8.0
Cagliari vs Sassuolo,Sassuolo,37651,Jay Idzes,D,90,6.9,,0.0,,,42,40.0,95.2,1.0,,2.0,1.0,0,0,5.0,9.0
Cagliari vs Sassuolo,Sassuolo,41371,Fali Candé,D,90,6.5,,0.0,,,41,31.0,75.6,,,3.0,1.0,0,0,2.0,7.0
Cagliari vs Sassuolo,Sassuolo,128338,Woyo Coulibaly,D,90,6.2,,0.0,,,37,35.0,94.6,,1.0,3.0,2.0,0,0,2.0,9.0
Cagliari vs Sassuolo,Sassuolo,39143,Kristian Thorstvedt,M,74,6.2,,0.0,1.0,1.0,33,29.0,87.9,,2.0,2.0,2.0,1,0,2.0,8.0
Cagliari vs Sassuolo,Sassuolo,902,Nemanja Matić,M,90,7.3,,0.0,,,61,54.0,88.5,2.0,1.0,,,0,0,3.0,6.0
Cagliari vs Sassuolo,Sassuolo,328046,Ismael Koné,M,85,6.7,,0.0,1.0,,38,35.0,92.1,,,2.0,3.0,0,0,4.0,8.0
Cagliari vs Sassuolo,Sassuolo,342035,Cristian Volpato,F,85,6.5,,1.0,3.0,1.0,34,26.0,76.5,1.0,,,,0,0,5.0,13.0
Cagliari vs Sassuolo,Sassuolo,31094,Andrea Pinamonti,F,74,7.2,1.0,0.0,1.0,1.0,14,9.0,64.3,,,,2.0,0,0,4.0,7.0
Cagliari vs Sassuolo,Sassuolo,2215,Armand Laurienté,F,74,7.7,1.0,0.0,1.0,1.0,22,20.0,90.9,,,3.0,,0,0,1.0,8.0
Cagliari vs Sassuolo,Sassuolo,263699,Alieu Fadera,F,16,6.3,,0.0,1.0,,5,5.0,100.0,1.0,,1.0,2.0,1,0,3.0,5.0
Cagliari vs Sassuolo,Sassuolo,127413,Aster Vranckx,M,16,6.6,,0.0,,,4,3.0,75.0,,,,1.0,0,0,1.0,2.0
Cagliari vs Sassuolo,Sassuolo,31440,Luca Moro,F,16,7,,0.0,1.0,,4,4.0,100.0,1.0,,1.0,3.0,0,0,6.0,8.0
Cagliari vs Sassuolo,Sassuolo,281291,Edoardo Iannoni,M,14,6.5,,0.0,,,4,4.0,100.0,,,2.0,,1,0,,3.0
Cagliari vs Sassuolo,Sassuolo,128478,Walid Cheddira,F,14,6.5,,0.0,,,5,4.0,80.0,,,,,0,0,,2.0
Pisa vs Lazio,Pisa,30733,Adrian Šemper,G,90,8,,0.0,,,41,26.0,63.4,,,,,0,0,1.0,1.0
Pisa vs Lazio,Pisa,485960,Daniel Denoon,D,45,6.7,,0.0,,,13,11.0,84.6,,1.0,2.0,2.0,1,0,2.0,5.0
Pisa vs Lazio,Pisa,31604,Antonio Caracciolo,D,90,7.3,,0.0,,,63,54.0,85.7,3.0,1.0,2.0,,0,0,5.0,8.0
Pisa vs Lazio,Pisa,91503,Simone Canestrelli,D,90,7.3,,0.0,,,64,58.0,90.6,1.0,,,,0,0,4.0,5.0
Pisa vs Lazio,Pisa,56293,Idrissa Touré,M,90,6.9,,0.0,2.0,,20,14.0,70.0,2.0,1.0,2.0,1.0,0,0,10.0,15.0
Pisa vs Lazio,Pisa,951,Michel Aebischer,M,90,6.6,,0.0,,,40,31.0,77.5,1.0,2.0,1.0,,0,0,2.0,3.0
Pisa vs Lazio,Pisa,30723,Marius Marin,M,65,6.9,,0.0,,,17,13.0,76.5,1.0,1.0,,,0,0,1.0,1.0
Pisa vs Lazio,Pisa,302069,Samuele Angori,M,90,7,,0.0,,,27,17.0,63.0,3.0,1.0,1.0,3.0,0,0,6.0,8.0
Pisa vs Lazio,Pisa,20959,Matteo Tramoni,F,65,6.3,,0.0,3.0,1.0,11,8.0,72.7,,,2.0,,0,0,1.0,5.0
Pisa vs Lazio,Pisa,866,Juan Cuadrado,F,65,6.9,,0.0,1.0,,27,22.0,81.5,,,1.0,1.0,1,0,1.0,8.0
Pisa vs Lazio,Pisa,31318,M'Bala Nzola,F,90,7,,0.0,,,9,9.0,100.0,1.0,,2.0,1.0,0,0,6.0,11.0
Pisa vs Lazio,Pisa,30469,Arturo Calabresi,D,45,6.9,,0.0,,,14,13.0,92.9,,1.0,1.0,2.0,0,0,2.0,3.0
Pisa vs Lazio,Pisa,408635,Ebenezer Akinsanmiro,M,25,7,,0.0,,,8,7.0,87.5,4.0,,2.0,2.0,0,0,6.0,8.0
Pisa vs Lazio,Pisa,30753,Mehdi Léris,M,25,6.9,,0.0,,,7,5.0,71.4,,,,,0,0,,
Pisa vs Lazio,Pisa,31560,Stefano Moreo,F,25,6.5,,0.0,1.0,1.0,6,3.0,50.0,1.0,1.0,,,0,0,2.0,3.0
Pisa vs Lazio,Lazio,31037,Ivan Provedel,G,90,6.9,,0.0,,,42,27.0,64.3,,,,,0,0,,
Pisa vs Lazio,Lazio,1844,Adam Marušić,D,90,7.2,,0.0,,,58,55.0,94.8,6.0,1.0,,,0,0,7.0,10.0
Pisa vs Lazio,Lazio,162952,Mario Gila Fuentes,D,61,7,,0.0,,,52,49.0,94.2,,1.0,,1.0,0,0,1.0,1.0
Pisa vs Lazio,Lazio,1632,Alessio Romagnoli,D,90,7.2,,0.0,,,104,98.0,94.2,,,1.0,1.0,0,0,2.0,11.0
Pisa vs Lazio,Lazio,30554,Luca Pellegrini,D,58,6.9,,0.0,1.0,,31,21.0,67.7,,,1.0,1.0,0,0,1.0,3.0
Pisa vs Lazio,Lazio,1454,Mattéo Guendouzi,M,90,7,,0.0,,,64,59.0,92.2,1.0,1.0,1.0,1.0,1,0,3.0,4.0
Pisa vs Lazio,Lazio,1852,Danilo Cataldi,M,90,7,,0.0,1.0,,56,51.0,91.1,,1.0,,2.0,0,0,2.0,2.0
Pisa vs Lazio,Lazio,1266,Toma Bašić,M,58,6.9,,0.0,3.0,2.0,37,34.0,91.9,,,1.0,1.0,0,0,2.0,4.0
Pisa vs Lazio,Lazio,135519,Gustav Isaksen,F,81,6.2,,0.0,4.0,3.0,20,17.0,85.0,,,4.0,1.0,0,0,3.0,12.0
Pisa vs Lazio,Lazio,22015,Boulaye Dia,F,45,5.9,,0.0,,,10,8.0,80.0,,,,,0,0,,7.0
Pisa vs Lazio,Lazio,30937,Mattia Zaccagni,F,90,7.3,,0.0,,,32,27.0,84.4,1.0,1.0,2.0,4.0,0,0,5.0,10.0
Pisa vs Lazio,Lazio,2299,Pedro,F,45,6.3,,0.0,1.0,1.0,26,22.0,84.6,,,1.0,1.0,1,0,3.0,7.0
Pisa vs Lazio,Lazio,30866,Manuel Lazzari,M,32,6.6,,0.0,,,16,14.0,87.5,1.0,,,1.0,0,0,2.0,4.0
Pisa vs Lazio,Lazio,211,Matías Vecino,M,32,6.2,,0.0,1.0,,10,8.0,80.0,,,1.0,,0,0,,3.0
Pisa vs Lazio,Lazio,350857,Oliver Provstgaard,D,29,7.2,,0.0,,,19,18.0,94.7,,1.0,,,0,0,3.0,4.0
Pisa vs Lazio,Lazio,133729,Tijjani Noslin,F,9,6.3,,0.0,,,2,1.0,50.0,,,,1.0,0,0,1.0,2.0
Udinese vs Atalanta,Udinese,143648,Maduka Okoye,G,90,6.6,,0.0,,,30,22.0,73.3,,,,,0,0,,
Udinese vs Atalanta,Udinese,315249,Nicolò Bertola,D,75,7.6,,0.0,,,25,22.0,88.0,5.0,1.0,1.0,,0,0,6.0,7.0
Udinese vs Atalanta,Udinese,18797,Christian Kabasele,D,90,7.2,,0.0,,,15,14.0,93.3,1.0,1.0,3.0,1.0,0,0,3.0,7.0
Udinese vs Atalanta,Udinese,656,Oumar Solet,D,90,7.7,,0.0,,,55,46.0,83.6,3.0,2.0,,3.0,0,0,6.0,9.0
Udinese vs Atalanta,Udinese,162907,Alessandro Zanoli,M,76,6.6,,0.0,,,20,16.0,80.0,3.0,,2.0,1.0,0,0,4.0,10.0
Udinese vs Atalanta,Udinese,541,Jürgen Ekkelenkamp,M,69,6.7,,0.0,,,17,15.0,88.2,2.0,1.0,,,0,0,3.0,7.0
Udinese vs Atalanta,Udinese,48047,Jesper Karlström,M,90,6.9,,0.0,1.0,1.0,37,31.0,83.8,,3.0,1.0,,0,0,1.0,2.0
Udinese vs Atalanta,Udinese,347644,Arthur Atta,M,90,7.3,,0.0,1.0,,36,32.0,88.9,1.0,,1.0,1.0,0,0,5.0,12.0
Udinese vs Atalanta,Udinese,22007,Hassane Kamara,M,90,7.3,,1.0,2.0,1.0,44,36.0,81.8,2.0,3.0,1.0,1.0,1,0,6.0,8.0
Udinese vs Atalanta,Udinese,786,Nicolò Zaniolo,F,69,8.2,1.0,0.0,3.0,3.0,18,16.0,88.9,,,2.0,1.0,0,0,4.0,8.0
Udinese vs Atalanta,Udinese,40594,Adam Buksa,F,86,6.3,,0.0,,,15,9.0,60.0,,1.0,1.0,2.0,0,0,4.0,9.0
Udinese vs Atalanta,Udinese,1939,Jakub Piotrowski,M,21,6.6,,0.0,1.0,,12,11.0,91.7,,,1.0,,0,0,1.0,3.0
Udinese vs Atalanta,Udinese,1134,Vakoun Issouf Bayo,F,21,6.5,,0.0,1.0,,8,7.0,87.5,,,,,0,0,1.0,4.0
Udinese vs Atalanta,Udinese,422156,Matteo Palma,D,15,6.6,,0.0,,,3,3.0,100.0,2.0,,1.0,,0,0,2.0,3.0
Udinese vs Atalanta,Udinese,36916,Kingsley Ehizibue,D,14,6.9,,0.0,,,1,1.0,100.0,1.0,1.0,,1.0,0,0,2.0,2.0
Udinese vs Atalanta,Udinese,182560,Oier Zarraga,M,9,6.7,,0.0,,,5,5.0,100.0,,,,,0,0,1.0,2.0
Udinese vs Atalanta,Atalanta,30417,Marco Carnesecchi,G,90,7,,0.0,,,29,26.0,89.7,,,,1.0,0,0,2.0,2.0
Udinese vs Atalanta,Atalanta,48119,Odilon Kossounou,D,85,6.9,,0.0,,,59,57.0,96.6,3.0,1.0,2.0,,0,0,3.0,6.0
Udinese vs Atalanta,Atalanta,137976,Isak Hien,D,90,7.3,,0.0,,,61,54.0,88.5,4.0,,1.0,2.0,0,0,8.0,12.0
Udinese vs Atalanta,Atalanta,30421,Berat Djimsiti,D,90,6.6,,0.0,,,71,63.0,88.7,1.0,,,,0,0,6.0,9.0
Udinese vs Atalanta,Atalanta,2286,Davide Zappacosta,M,90,6.9,,0.0,,,53,48.0,90.6,,2.0,1.0,2.0,0,0,3.0,4.0
Udinese vs Atalanta,Atalanta,10097,Éderson,M,90,6.3,,0.0,,,60,54.0,90.0,1.0,,2.0,,1,0,3.0,9.0
Udinese vs Atalanta,Atalanta,2763,Mario Pašalić,M,90,6.9,,0.0,,,70,60.0,85.7,2.0,1.0,,,0,0,3.0,6.0
Udinese vs Atalanta,Atalanta,203474,Nicola Zalewski,M,77,6.9,,0.0,,,33,26.0,78.8,3.0,2.0,1.0,3.0,0,0,8.0,11.0
Udinese vs Atalanta,Atalanta,178749,Lazar Samardžić,F,77,6.3,,0.0,,,31,27.0,87.1,,,1.0,,0,0,,4.0
Udinese vs Atalanta,Atalanta,199837,Kamaldeen Sulemana,F,59,6.3,,0.0,,,17,14.0,82.4,,,,2.0,0,0,2.0,8.0
Udinese vs Atalanta,Atalanta,30544,Gianluca Scamacca,F,59,6.2,,0.0,,,9,6.0,66.7,,,,3.0,0,0,3.0,7.0
Udinese vs Atalanta,Atalanta,18767,Ademola Lookman,F,31,6.5,,0.0,,,8,6.0,75.0,,,,1.0,0,0,1.0,3.0
Udinese vs Atalanta,Atalanta,66817,Nikola Krstović,F,31,6.3,,0.0,1.0,,2,1.0,50.0,,,1.0,,1,0,,1.0
Udinese vs Atalanta,Atalanta,91422,Raoul Bellanova,D,13,6.3,,0.0,,,7,5.0,71.4,,1.0,,,0,0,,3.0
Udinese vs Atalanta,Atalanta,147859,Charles De Ketelaere,F,13,6.5,,0.0,,,5,5.0,100.0,,,2.0,,1,0,2.0,7.0
Udinese vs Atalanta,Atalanta,1639,Marco Brescianini,M,10,6.3,,0.0,,,4,4.0,100.0,,,,,0,0,,1.0
Napoli vs Como,Napoli,31156,Vanja Milinković-Savić,G,90,6.3,,0.0,,,32,17.0,53.1,,,1.0,,0,0,,1.0
Napoli vs Como,Napoli,31042,Giovanni Di Lorenzo,D,90,7,,0.0,,,31,22.0,71.0,5.0,1.0,4.0,1.0,0,0,9.0,17.0
Napoli vs Como,Napoli,1314,Amir Rrahmani,D,90,7.9,,0.0,1.0,,52,46.0,88.5,2.0,,1.0,2.0,0,0,9.0,11.0
Napoli vs Como,Napoli,31226,Alessandro Buongiorno,D,90,7.3,,0.0,1.0,1.0,55,50.0,90.9,1.0,,,,0,0,3.0,5.0
Napoli vs Como,Napoli,862,Leonardo Spinazzola,D,45,6.9,,0.0,,,17,12.0,70.6,1.0,1.0,,,0,0,2.0,4.0
Napoli vs Como,Napoli,3406,Frank Anguissa,M,90,6.2,,0.0,,,42,39.0,92.9,,2.0,2.0,1.0,1,0,2.0,9.0
Napoli vs Como,Napoli,130423,Billy Gilmour,M,38,7.3,,0.0,,,23,20.0,87.0,,,,2.0,0,0,4.0,5.0
Napoli vs Como,Napoli,903,Scott McTominay,M,90,7.2,,0.0,4.0,3.0,23,17.0,73.9,3.0,1.0,1.0,2.0,0,0,10.0,16.0
Napoli vs Como,Napoli,219,Matteo Politano,F,87,6.9,,0.0,3.0,2.0,21,14.0,66.7,2.0,,1.0,2.0,1,0,4.0,9.0
Napoli vs Como,Napoli,288006,Rasmus Højlund,F,87,6,,0.0,1.0,1.0,14,12.0,85.7,1.0,,,2.0,0,0,4.0,13.0
Napoli vs Como,Napoli,552,David Neres,F,73,6.2,,0.0,,,13,9.0,69.2,,,2.0,1.0,0,0,2.0,14.0
Napoli vs Como,Napoli,1358,Eljif Elmas,M,52,7.2,,0.0,1.0,1.0,22,21.0,95.5,5.0,1.0,1.0,1.0,1,0,7.0,11.0
Napoli vs Como,Napoli,162032,Miguel Gutiérrez,D,45,7.2,,0.0,1.0,,25,23.0,92.0,3.0,,2.0,2.0,0,0,6.0,9.0
Napoli vs Como,Napoli,544,Noa Lang,F,17,6.9,,0.0,,,14,11.0,78.6,1.0,,,,0,0,2.0,3.0
Napoli vs Como,Napoli,47439,Stanislav Lobotka,M,8,6.7,,0.0,,,7,7.0,100.0,,,,,0,0,,1.0
Napoli vs Como,Napoli,199089,Lorenzo Lucca,F,8,6.3,,0.0,,,1,,,,,,,0,0,,
Napoli vs Como,Como,8574,Jean Butez,G,90,9.3,,0.0,,,45,32.0,71.1,,,,,0,0,1.0,1.0
Napoli vs Como,Como,14266,Ivan Smolčić,D,71,7.3,,0.0,,,28,23.0,82.1,4.0,1.0,1.0,2.0,1,0,9.0,11.0
Napoli vs Como,Como,386305,Jacobo Ramón,D,90,8.2,,0.0,,,52,50.0,96.2,2.0,1.0,,,0,0,9.0,11.0
Napoli vs Como,Como,26301,Marc-Oliver Kempf,D,8,6.7,,0.0,,,6,4.0,66.7,,,,,0,0,,
Napoli vs Como,Como,336560,Álex Valle,D,90,7,,0.0,,,47,43.0,91.5,1.0,,1.0,,0,0,3.0,6.0
Napoli vs Como,Como,288699,Máximo Perrone,M,90,6.3,,0.0,,,65,60.0,92.3,2.0,1.0,3.0,,1,0,2.0,8.0
Napoli vs Como,Como,659,Maxence Caqueret,M,71,6.3,,0.0,1.0,1.0,46,41.0,89.1,2.0,,1.0,1.0,0,0,3.0,7.0
Napoli vs Como,Como,354533,Jayden Addai,M,82,6.2,,0.0,,,20,18.0,90.0,1.0,,2.0,2.0,0,0,3.0,15.0
Napoli vs Como,Como,350037,Nico Paz,M,90,6.9,,0.0,2.0,,51,44.0,86.3,5.0,2.0,2.0,,0,0,7.0,15.0
Napoli vs Como,Como,400948,Assane Diao,M,90,6.3,,0.0,1.0,,33,25.0,75.8,,,1.0,5.0,0,0,7.0,17.0
Napoli vs Como,Como,59,Álvaro Morata,F,82,5.9,,0.0,2.0,1.0,24,17.0,70.8,,1.0,2.0,3.0,0,0,4.0,10.0
Napoli vs Como,Como,21090,Diego Carlos,D,82,7.2,,0.0,1.0,,41,35.0,85.4,3.0,2.0,,,0,0,8.0,8.0
Napoli vs Como,Como,711,Stefan Posch,D,19,6.7,,0.0,,,8,5.0,62.5,2.0,1.0,1.0,,0,0,2.0,6.0
Napoli vs Como,Como,162266,Lucas Da Cunha,M,19,6.9,,0.0,,,16,15.0,93.8,1.0,,1.0,2.0,0,0,4.0,6.0
Napoli vs Como,Como,443162,Jesús Rodriguez,F,8,6.7,,0.0,,,1,1.0,100.0,2.0,,,,0,0,2.0,4.0
Napoli vs Como,Como,26845,Anastasios Douvikas,F,8,6.2,,0.0,,,1,1.0,100.0,,,1.0,,0,0,,3.0
Cremonese vs Juventus,Cremonese,30441,Emil Audero,G,90,7.2,,0.0,,,40,30.0,75.0,,,,1.0,0,0,1.0,1.0
Cremonese vs Juventus,Cremonese,264472,Filippo Terracciano,D,81,6,,0.0,,,49,45.0,91.8,,1.0,,,0,0,2.0,3.0
Cremonese vs Juventus,Cremonese,127035,Federico Baschirotto,D,90,6.2,,0.0,,,65,62.0,95.4,1.0,3.0,2.0,,0,0,4.0,10.0
Cremonese vs Juventus,Cremonese,30919,Matteo Bianchetti,D,90,6.3,,0.0,,,73,67.0,91.8,2.0,,2.0,,1,0,6.0,9.0
Cremonese vs Juventus,Cremonese,126980,Tommaso Barbieri,M,90,6.9,,0.0,,,35,25.0,71.4,4.0,1.0,1.0,2.0,0,0,7.0,12.0
Cremonese vs Juventus,Cremonese,6383,Martín Payero,M,90,6.7,,0.0,1.0,,34,26.0,76.5,2.0,,3.0,3.0,0,0,5.0,9.0
Cremonese vs Juventus,Cremonese,266813,Warren Bondo,M,62,6.6,,0.0,,,33,29.0,87.9,,,1.0,3.0,0,0,5.0,9.0
Cremonese vs Juventus,Cremonese,31211,Jari Vandeputte,M,90,6.9,,0.0,,,59,49.0,83.1,4.0,1.0,,1.0,0,0,6.0,10.0
Cremonese vs Juventus,Cremonese,342651,Romano Floriani Mussolini,M,71,6.3,,0.0,,,18,15.0,83.3,,,1.0,,0,0,1.0,7.0
Cremonese vs Juventus,Cremonese,31436,Federico Bonazzoli,F,71,6.5,,0.0,1.0,1.0,23,20.0,87.0,,,,1.0,0,0,1.0,2.0
Cremonese vs Juventus,Cremonese,18788,Jamie Vardy,F,90,8,1.0,0.0,1.0,1.0,8,4.0,50.0,1.0,,,,0,0,4.0,4.0
Cremonese vs Juventus,Cremonese,202086,Jeremy Sarmiento,M,28,6.5,,0.0,,,6,5.0,83.3,1.0,1.0,,1.0,0,0,2.0,5.0
Cremonese vs Juventus,Cremonese,237249,Mikayil Faye,D,19,6.9,,0.0,,,10,8.0,80.0,1.0,2.0,,1.0,0,0,2.0,2.0
Cremonese vs Juventus,Cremonese,2057,Franco Vázquez,F,19,6.9,,0.0,,,12,12.0,100.0,2.0,,,1.0,0,0,4.0,7.0
Cremonese vs Juventus,Cremonese,36986,Dennis Johnsen,F,9,6.7,,1.0,1.0,,5,2.0,40.0,,,,,0,0,,
Cremonese vs Juventus,Juventus,30670,Michele Di Gregorio,G,90,6.9,,0.0,,,27,19.0,70.4,,,,,0,0,,
Cremonese vs Juventus,Juventus,162188,Pierre Kalulu,D,90,6.2,,0.0,,,56,47.0,83.9,1.0,,,,0,0,2.0,6.0
Cremonese vs Juventus,Juventus,268341,Federico Gatti,D,90,6.5,,0.0,,,36,33.0,91.7,,1.0,,1.0,0,0,2.0,3.0
Cremonese vs Juventus,Juventus,36899,Teun Koopmeiners,D,90,6.7,,0.0,,,53,48.0,90.6,,1.0,2.0,,0,0,1.0,4.0
Cremonese vs Juventus,Juventus,127011,Andrea Cambiaso,M,90,8.2,1.0,0.0,1.0,1.0,41,36.0,87.8,1.0,2.0,1.0,1.0,0,0,3.0,7.0
Cremonese vs Juventus,Juventus,30533,Manuel Locatelli,M,90,7.6,,0.0,2.0,1.0,52,45.0,86.5,6.0,,2.0,1.0,0,0,7.0,10.0
Cremonese vs Juventus,Juventus,116,Khéphren Thuram,M,79,6.9,,0.0,,,41,33.0,80.5,,,2.0,,0,0,2.0,5.0
Cremonese vs Juventus,Juventus,1821,Filip Kostić,M,79,8.2,1.0,0.0,1.0,1.0,32,27.0,84.4,2.0,,1.0,1.0,0,0,5.0,10.0
Cremonese vs Juventus,Juventus,415,Weston McKennie,F,85,7,,0.0,1.0,,39,31.0,79.5,2.0,,2.0,,0,0,4.0,9.0
Cremonese vs Juventus,Juventus,86,Loïs Openda,F,64,6.7,,0.0,3.0,,26,20.0,76.9,,1.0,,2.0,0,0,4.0,7.0
Cremonese vs Juventus,Juventus,30415,Dušan Vlahović,F,85,5.9,,0.0,4.0,2.0,29,22.0,75.9,,,1.0,3.0,0,0,6.0,9.0
Cremonese vs Juventus,Juventus,161585,Francisco Conceição,F,26,6.2,,0.0,,,7,6.0,85.7,,,2.0,1.0,0,0,1.0,9.0
Cremonese vs Juventus,Juventus,41734,João Mário,D,11,6.3,,0.0,,,5,3.0,60.0,,,,,0,0,,1.0
Cremonese vs Juventus,Juventus,339872,Vasilije Adžić,M,11,6.2,,0.0,,,4,4.0,100.0,2.0,,1.0,,0,0,2.0,7.0
Cremonese vs Juventus,Juventus,861,Daniele Rugani,D,12,6.6,,0.0,,,2,2.0,100.0,,,,,0,0,,
Cremonese vs Juventus,Juventus,8489,Jonathan David,F,12,6.5,,0.0,,,8,5.0,62.5,,,,,0,0,1.0,3.0
Hellas Verona vs Inter,Hellas Verona,30611,Lorenzo Montipò,G,90,6.9,,0.0,,,31,9.0,29.0,,,,,0,0,,
Hellas Verona vs Inter,Hellas Verona,25061,Armel Bella-Kotchap,D,90,6.7,,0.0,,,26,23.0,88.5,,1.0,4.0,2.0,1,0,4.0,11.0
Hellas Verona vs Inter,Hellas Verona,15912,Victor Nelsson,D,90,6.9,,0.0,,,21,17.0,81.0,,2.0,1.0,1.0,0,0,2.0,5.0
Hellas Verona vs Inter,Hellas Verona,15909,Martin Frese,D,90,5.6,,0.0,1.0,1.0,24,19.0,79.2,2.0,1.0,1.0,,0,0,2.0,3.0
Hellas Verona vs Inter,Hellas Verona,303362,Rafik Belghali,M,90,6.6,,0.0,1.0,,22,15.0,68.2,1.0,1.0,,,0,0,2.0,7.0
Hellas Verona vs Inter,Hellas Verona,31678,Jean-Daniel Akpa Akpro,M,88,6.9,,0.0,,,12,9.0,75.0,4.0,2.0,1.0,,0,0,7.0,13.0
Hellas Verona vs Inter,Hellas Verona,203,Roberto Gagliardini,M,90,6.9,,0.0,,,35,32.0,91.4,,,1.0,,0,0,1.0,4.0
Hellas Verona vs Inter,Hellas Verona,1090,Antoine Bernede,M,73,5.9,,0.0,,,18,13.0,72.2,,,2.0,,0,0,,6.0
Hellas Verona vs Inter,Hellas Verona,14327,Domagoj Bradarić,M,90,6.3,,0.0,1.0,,15,10.0,66.7,1.0,,,,0,0,1.0,1.0
Hellas Verona vs Inter,Hellas Verona,312615,Giovane,F,80,7.3,1.0,0.0,1.0,1.0,16,11.0,68.8,,1.0,3.0,1.0,0,0,3.0,15.0
Hellas Verona vs Inter,Hellas Verona,368260,Gift Orban,F,73,6.5,,1.0,2.0,,10,6.0,60.0,,1.0,1.0,,1,0,1.0,5.0
Hellas Verona vs Inter,Hellas Verona,22239,Cheikh Niasse,M,17,6.5,,0.0,,,5,4.0,80.0,,,,,0,0,,2.0
Hellas Verona vs Inter,Hellas Verona,59421,Daniel Mosquera,F,17,6.2,,0.0,,,6,4.0,66.7,,,1.0,,0,0,,5.0
Hellas Verona vs Inter,Hellas Verona,236955,Amin Sarr,F,10,6.7,,0.0,,,3,3.0,100.0,,,,,0,0,,1.0
Hellas Verona vs Inter,Hellas Verona,37437,Abdou Harroui,M,8,6.3,,0.0,,,3,2.0,66.7,,,1.0,,0,0,,1.0
Hellas Verona vs Inter,Inter,2802,Yann Sommer,G,90,6.9,,0.0,,,33,31.0,93.9,,,,1.0,0,0,1.0,1.0
Hellas Verona vs Inter,Inter,5,Manuel Akanji,D,90,7.2,,0.0,,,98,90.0,91.8,,1.0,,2.0,0,0,2.0,3.0
Hellas Verona vs Inter,Inter,24953,Yann Bisseck,D,90,7.2,,0.0,,,98,95.0,96.9,1.0,3.0,1.0,,1,0,5.0,7.0
Hellas Verona vs Inter,Inter,31009,Alessandro Bastoni,D,90,8.2,,0.0,1.0,1.0,83,72.0,86.7,4.0,2.0,,3.0,0,0,13.0,14.0
Hellas Verona vs Inter,Inter,10077,Luís Henrique,M,55,6.7,,0.0,,,20,17.0,85.0,,,,,0,0,,1.0
Hellas Verona vs Inter,Inter,348205,Petar Sučić,M,88,7.6,,0.0,,,51,45.0,88.2,3.0,,,3.0,0,0,9.0,11.0
Hellas Verona vs Inter,Inter,1640,Hakan Çalhanoğlu,M,90,8.2,,1.0,1.0,,110,99.0,90.0,2.0,,,,0,0,3.0,4.0
Hellas Verona vs Inter,Inter,329,Piotr Zieliński,M,55,7.7,1.0,0.0,2.0,2.0,33,26.0,78.8,,,,,0,0,2.0,5.0
Hellas Verona vs Inter,Inter,10238,Carlos Augusto,M,65,7.2,,0.0,,,27,23.0,85.2,3.0,,,,0,0,7.0,8.0
Hellas Verona vs Inter,Inter,275651,Ange-Yoan Bonny,F,55,6.5,,0.0,1.0,,8,7.0,87.5,,,,2.0,0,0,2.0,5.0
Hellas Verona vs Inter,Inter,217,Lautaro Martínez,F,90,6,,0.0,2.0,2.0,22,16.0,72.7,,,1.0,2.0,0,0,3.0,6.0
Hellas Verona vs Inter,Inter,226,Denzel Dumfries,D,35,6.3,,0.0,,,15,11.0,73.3,,,1.0,,0,0,,2.0
Hellas Verona vs Inter,Inter,30558,Nicolò Barella,M,35,7.2,,0.0,1.0,,32,28.0,87.5,3.0,,,1.0,0,0,5.0,7.0
Hellas Verona vs Inter,Inter,345808,Francesco Pio Esposito,F,35,5.9,,0.0,2.0,,10,6.0,60.0,,,1.0,1.0,0,0,1.0,2.0
Hellas Verona vs Inter,Inter,31010,Federico Dimarco,D,25,6.9,,0.0,1.0,1.0,18,13.0,72.2,,,,,0,0,,
Hellas Verona vs Inter,Inter,31173,Davide Frattesi,M,8,6.9,,0.0,1.0,,1,1.0,100.0,1.0,,,1.0,0,0,3.0,3.0
Fiorentina vs Lecce,Fiorentina,882,David De Gea,G,90,6.3,,0.0,,,34,24.0,70.6,,,,,0,0,1.0,1.0
Fiorentina vs Lecce,Fiorentina,1084,Marin Pongračić,D,90,7,,0.0,1.0,,60,55.0,91.7,,,1.0,3.0,0,0,6.0,10.0
Fiorentina vs Lecce,Fiorentina,396637,Pietro Comuzzo,D,76,6.6,,0.0,,,44,41.0,93.2,1.0,1.0,,1.0,0,0,5.0,7.0
Fiorentina vs Lecce,Fiorentina,31642,Luca Ranieri,D,90,7.3,,0.0,1.0,,61,51.0,83.6,5.0,1.0,1.0,2.0,1,0,12.0,16.0
Fiorentina vs Lecce,Fiorentina,41144,Dodô,M,90,7.3,,0.0,1.0,,43,37.0,86.0,,1.0,,4.0,0,0,5.0,5.0
Fiorentina vs Lecce,Fiorentina,311083,Cher Ndour,M,45,5.3,,0.0,,,19,14.0,73.7,,,,1.0,0,0,1.0,6.0
Fiorentina vs Lecce,Fiorentina,881,Hans Nicolussi Caviglia,M,45,6.6,,0.0,,,39,31.0,79.5,1.0,,1.0,3.0,1,0,5.0,8.0
Fiorentina vs Lecce,Fiorentina,876,Nicolò Fagioli,M,45,6.7,,0.0,,,37,33.0,89.2,1.0,,1.0,1.0,1,0,2.0,4.0
Fiorentina vs Lecce,Fiorentina,437093,Niccolò Fortini,M,90,7,,0.0,1.0,1.0,28,26.0,92.9,2.0,,1.0,3.0,0,0,7.0,15.0
Fiorentina vs Lecce,Fiorentina,877,Moise Kean,F,90,6.7,,0.0,3.0,2.0,8,5.0,62.5,,,2.0,,1,0,5.0,12.0
Fiorentina vs Lecce,Fiorentina,790,Edin Džeko,F,59,6.7,,0.0,1.0,1.0,18,13.0,72.2,,1.0,,,0,0,4.0,10.0
Fiorentina vs Lecce,Fiorentina,1014,Simon Sohm,M,45,6.9,,0.0,1.0,,20,20.0,100.0,,1.0,1.0,,0,0,1.0,3.0
Fiorentina vs Lecce,Fiorentina,30810,Rolando Mandragora,M,45,7.3,,0.0,,,26,19.0,73.1,1.0,2.0,2.0,1.0,0,0,3.0,5.0
Fiorentina vs Lecce,Fiorentina,2799,Albert Guðmundsson,F,45,6.2,,0.0,1.0,,13,11.0,84.6,,,,,0,0,,3.0
Fiorentina vs Lecce,Fiorentina,30440,Roberto Piccoli,F,31,6,,0.0,1.0,,5,1.0,20.0,,,3.0,1.0,0,0,3.0,11.0
Fiorentina vs Lecce,Fiorentina,340700,Jacopo Fazzini,M,14,6.3,,0.0,,,4,2.0,50.0,,,1.0,1.0,0,0,1.0,4.0
Fiorentina vs Lecce,Lecce,56459,Wladimiro Falcone,G,90,7.9,,0.0,,,31,9.0,29.0,,,,,0,0,1.0,1.0
Fiorentina vs Lecce,Lecce,161702,Danilo Veiga,D,90,6.9,,0.0,,,24,15.0,62.5,1.0,1.0,2.0,3.0,1,0,7.0,17.0
Fiorentina vs Lecce,Lecce,291589,Kialonda Gaspar,D,90,7.3,,0.0,1.0,,21,15.0,71.4,1.0,1.0,,,0,0,5.0,10.0
Fiorentina vs Lecce,Lecce,455316,Tiago Gabriel,D,90,7.3,,0.0,,,12,12.0,100.0,2.0,,,2.0,0,0,6.0,9.0
Fiorentina vs Lecce,Lecce,31543,Antonino Gallo,D,90,7.3,,0.0,,,33,22.0,66.7,2.0,,1.0,,0,0,3.0,4.0
Fiorentina vs Lecce,Lecce,15673,Ylber Ramadani,M,90,7.3,,0.0,1.0,1.0,35,26.0,74.3,3.0,,2.0,3.0,0,0,8.0,13.0
Fiorentina vs Lecce,Lecce,1748,Lassana Coulibaly,M,90,6.9,,0.0,1.0,,25,21.0,84.0,1.0,,,1.0,0,0,2.0,2.0
Fiorentina vs Lecce,Lecce,47182,Tete Morente,M,89,6.6,,0.0,3.0,1.0,28,21.0,75.0,2.0,,4.0,,0,0,5.0,15.0
Fiorentina vs Lecce,Lecce,335071,Medon Berisha,M,76,7.9,1.0,0.0,1.0,1.0,23,19.0,82.6,2.0,,2.0,,0,0,2.0,4.0
Fiorentina vs Lecce,Lecce,118956,Lameck Banda,M,73,6.3,,0.0,2.0,1.0,12,11.0,91.7,1.0,,3.0,1.0,0,0,4.0,10.0
Fiorentina vs Lecce,Lecce,264122,Nikola Štulić,F,89,6.9,,0.0,,,21,14.0,66.7,4.0,,2.0,1.0,0,0,11.0,22.0
Fiorentina vs Lecce,Lecce,6662,Santiago Pierotti,F,17,6.7,,0.0,,,4,1.0,25.0,2.0,,1.0,1.0,0,0,4.0,8.0
Fiorentina vs Lecce,Lecce,56560,Youssef Maleh,M,14,6.5,,0.0,,,2,,,,,2.0,1.0,0,0,1.0,3.0
Fiorentina vs Lecce,Lecce,197779,Mohamed Kaba,M,8,6.3,,0.0,,,1,,,,,1.0,,0,0,,1.0
Fiorentina vs Lecce,Lecce,436260,Francesco Camarda,F,8,6.5,,0.0,,,4,2.0,50.0,,,1.0,,0,0,,1.0
Torino vs Pisa,Torino,30642,Alberto Paleari,G,90,6.9,,0.0,,,26,16.0,61.5,,,,,0,0,,
Torino vs Pisa,Torino,14329,Ardian Ismajli,D,90,6.7,,0.0,1.0,,60,53.0,88.3,1.0,1.0,,1.0,0,0,4.0,5.0
Torino vs Pisa,Torino,2553,Guillermo Maripán,D,67,6.7,,0.0,,,56,52.0,92.9,,,1.0,,0,0,2.0,4.0
Torino vs Pisa,Torino,122468,Saúl Coco,D,90,6.5,,0.0,1.0,,58,55.0,94.8,2.0,2.0,,2.0,0,0,7.0,16.0
Torino vs Pisa,Torino,39362,Marcus Pedersen,M,90,6.7,,0.0,,,44,35.0,79.5,,,2.0,,1,0,,2.0
Torino vs Pisa,Torino,270507,Cesare Casadei,M,90,6.2,,0.0,,,56,45.0,80.4,,,2.0,,1,0,7.0,15.0
Torino vs Pisa,Torino,46170,Ivan Ilić,M,90,7.2,,0.0,,,85,74.0,87.1,2.0,1.0,4.0,1.0,0,0,4.0,12.0
Torino vs Pisa,Torino,842,Nikola Vlašić,M,45,6.2,,0.0,,,19,13.0,68.4,1.0,,2.0,2.0,0,0,5.0,10.0
Torino vs Pisa,Torino,25353,Valentino Lazaro,M,73,6.3,,0.0,,,31,25.0,80.6,,,1.0,,0,0,,5.0
Torino vs Pisa,Torino,19524,Che Adams,F,66,7.6,1.0,0.0,2.0,2.0,27,16.0,59.3,,1.0,,1.0,0,0,2.0,5.0
Torino vs Pisa,Torino,30414,Giovanni Simeone,F,78,7.9,1.0,0.0,3.0,1.0,25,18.0,72.0,,,,1.0,0,0,8.0,14.0
Torino vs Pisa,Torino,85,Cyril Ngonge,F,45,6.3,,0.0,1.0,,17,15.0,88.2,,,,,0,0,1.0,2.0
Torino vs Pisa,Torino,343189,Gvidas Gineitis,M,24,6.9,,0.0,1.0,,11,8.0,72.7,1.0,,1.0,,0,0,3.0,4.0
Torino vs Pisa,Torino,22174,Adrien Tameze,M,23,6.9,,0.0,,,16,14.0,87.5,1.0,,,,0,0,1.0,3.0
Torino vs Pisa,Torino,30396,Cristiano Biraghi,D,17,6.9,,0.0,,,7,6.0,85.7,,,,,0,0,1.0,1.0
Torino vs Pisa,Torino,2495,Duván Zapata,F,12,6.2,,0.0,,,3,2.0,66.7,,,1.0,,0,0,,3.0
Torino vs Pisa,Pisa,30733,Adrian Šemper,G,90,6.3,,0.0,,,29,15.0,51.7,,,,,0,0,,1.0
Torino vs Pisa,Pisa,56293,Idrissa Touré,D,66,6.2,,0.0,,,25,12.0,48.0,1.0,,1.0,1.0,0,0,9.0,15.0
Torino vs Pisa,Pisa,30469,Arturo Calabresi,D,90,6.9,,0.0,2.0,1.0,29,24.0,82.8,,2.0,1.0,2.0,0,0,5.0,8.0
Torino vs Pisa,Pisa,31604,Antonio Caracciolo,D,90,6.9,,0.0,,,19,16.0,84.2,3.0,,,,0,0,5.0,5.0
Torino vs Pisa,Pisa,91503,Simone Canestrelli,D,90,6,,0.0,,,34,24.0,70.6,,1.0,1.0,,0,0,4.0,10.0
Torino vs Pisa,Pisa,30753,Mehdi Léris,D,83,6.3,,1.0,,,16,9.0,56.2,3.0,1.0,,,0,0,3.0,3.0
Torino vs Pisa,Pisa,364600,Isak Vural,M,83,6.9,,0.0,,,20,17.0,85.0,,1.0,3.0,2.0,0,0,4.0,9.0
Torino vs Pisa,Pisa,15723,Malthe Højholt,M,45,6.5,,0.0,,,23,19.0,82.6,2.0,,1.0,,1,0,2.0,6.0
Torino vs Pisa,Pisa,408635,Ebenezer Akinsanmiro,M,90,7.5,,0.0,3.0,,28,22.0,78.6,1.0,1.0,,3.0,0,0,9.0,11.0
Torino vs Pisa,Pisa,31560,Stefano Moreo,F,66,8.9,2.0,0.0,3.0,2.0,16,10.0,62.5,1.0,1.0,1.0,2.0,0,0,7.0,11.0
Torino vs Pisa,Pisa,331678,Henrik Wendel Meister,F,90,6.2,,0.0,,,7,4.0,57.1,,,,,0,0,3.0,9.0
Torino vs Pisa,Pisa,951,Michel Aebischer,M,45,7.3,,0.0,1.0,,30,28.0,93.3,1.0,1.0,,2.0,0,0,3.0,5.0
Torino vs Pisa,Pisa,302069,Samuele Angori,D,24,6.6,,0.0,,,11,4.0,36.4,,,,,0,0,,1.0
Torino vs Pisa,Pisa,31318,M'Bala Nzola,F,24,6.2,,0.0,,,6,5.0,83.3,,,,,0,0,1.0,5.0
Torino vs Pisa,Pisa,866,Juan Cuadrado,M,12,6.7,,0.0,,,5,4.0,80.0,,,,,0,0,,1.0
Torino vs Pisa,Pisa,30723,Marius Marin,M,12,6.7,,0.0,,,2,2.0,100.0,,,,1.0,0,0,1.0,1.0
Parma vs Bologna,Parma,199578,Zion Suzuki,G,90,7,,0.0,,,54,31.0,57.4,,,,,0,0,,
Parma vs Bologna,Parma,30420,Enrico Del Prato,D,90,6.2,,0.0,,,15,13.0,86.7,2.0,,,,0,0,2.0,5.0
Parma vs Bologna,Parma,348568,Alessandro Circati,D,41,6.5,,0.0,,,12,9.0,75.0,2.0,,,,0,0,3.0,3.0
Parma vs Bologna,Parma,6221,Lautaro Valenti,D,90,5.9,,0.0,,,24,17.0,70.8,,,1.0,,1,0,1.0,3.0
Parma vs Bologna,Parma,499380,Sascha Britschgi,D,78,6.3,,0.0,1.0,,10,8.0,80.0,1.0,,,1.0,0,0,2.0,5.0
Parma vs Bologna,Parma,6409,Nahuel Estévez,M,24,6.7,,0.0,,,1,1.0,100.0,2.0,,2.0,,0,0,2.0,4.0
Parma vs Bologna,Parma,308836,Mandela Keita,M,90,6.9,,0.0,,,26,21.0,80.8,4.0,2.0,,,0,0,5.0,6.0
Parma vs Bologna,Parma,628,Adrián Bernabé,M,90,7.3,1.0,0.0,2.0,1.0,16,13.0,81.2,2.0,,2.0,3.0,0,0,6.0,15.0
Parma vs Bologna,Parma,362752,Christian Ordoñez,M,35,4.9,,0.0,,,5,4.0,80.0,,,4.0,,2,1,,8.0
Parma vs Bologna,Parma,40592,Adrian Benedyczak,F,78,6.2,,0.0,1.0,,8,2.0,25.0,1.0,,1.0,1.0,0,0,5.0,13.0
Parma vs Bologna,Parma,292172,Mateo Pellegrino,F,78,7.3,,0.0,,,16,4.0,25.0,,,3.0,4.0,0,0,13.0,18.0
Parma vs Bologna,Parma,161569,Oliver Sørensen,M,66,6.2,,0.0,,,15,9.0,60.0,,,2.0,1.0,0,0,2.0,6.0
Parma vs Bologna,Parma,203483,Abdoulaye Ndiaye,D,49,6.3,,0.0,,,15,8.0,53.3,,2.0,,2.0,0,0,7.0,9.0
Parma vs Bologna,Parma,1208,Hernani,M,12,6.7,,0.0,,,6,5.0,83.3,,1.0,,1.0,0,0,1.0,1.0
Parma vs Bologna,Parma,1649,Patrick Cutrone,F,12,6.3,,0.0,,,7,2.0,28.6,,,1.0,1.0,0,0,1.0,4.0
Parma vs Bologna,Parma,31692,Milan Đurić,F,12,6.7,,0.0,,,5,1.0,20.0,,,,,1,0,2.0,2.0
Parma vs Bologna,Bologna,2998,Łukasz Skorupski,G,90,6.5,,0.0,,,25,18.0,72.0,,,,,0,0,,
Parma vs Bologna,Bologna,47985,Emil Holm,D,90,7,,1.0,,,41,32.0,78.0,2.0,,1.0,3.0,0,0,7.0,12.0
Parma vs Bologna,Bologna,39254,Torbjørn Heggem,D,90,6.3,,0.0,,,58,54.0,93.1,2.0,,3.0,,0,0,4.0,15.0
Parma vs Bologna,Bologna,1929,Jhon Lucumí,D,90,7.2,,0.0,,,68,62.0,91.2,1.0,1.0,1.0,2.0,0,0,4.0,8.0
Parma vs Bologna,Bologna,134,Juan Miranda,D,90,7.9,1.0,0.0,1.0,1.0,49,43.0,87.8,1.0,,1.0,1.0,0,0,4.0,5.0
Parma vs Bologna,Bologna,2807,Remo Freuler,M,56,6.7,,0.0,,,36,34.0,94.4,,,,,0,0,,2.0
Parma vs Bologna,Bologna,31273,Tommaso Pobega,M,90,6,,0.0,2.0,1.0,27,19.0,70.4,2.0,1.0,1.0,,0,0,3.0,9.0
Parma vs Bologna,Bologna,30488,Riccardo Orsolini,M,82,7.7,,0.0,4.0,1.0,29,22.0,75.9,1.0,1.0,1.0,1.0,0,0,10.0,11.0
Parma vs Bologna,Bologna,30542,Jens Odgaard,M,72,6.2,,0.0,4.0,,9,7.0,77.8,,,1.0,2.0,0,0,3.0,7.0
Parma vs Bologna,Bologna,278095,Jonathan Rowe,M,82,6.9,,0.0,1.0,,19,17.0,89.5,,1.0,1.0,2.0,0,0,5.0,10.0
Parma vs Bologna,Bologna,311067,Santiago Castro,F,72,8.9,2.0,0.0,5.0,3.0,16,15.0,93.8,,,1.0,1.0,1,0,3.0,7.0
Parma vs Bologna,Bologna,1322,Nikola Moro,M,34,7.2,,0.0,,,25,23.0,92.0,1.0,,1.0,,0,0,1.0,3.0
Parma vs Bologna,Bologna,322630,Giovanni Fabbian,M,18,6.3,,0.0,,,6,5.0,83.3,,,1.0,1.0,0,0,1.0,4.0
Parma vs Bologna,Bologna,93016,Thijs Dallinga,F,18,6.3,,0.0,1.0,,4,4.0,100.0,,,1.0,,0,0,,1.0
Parma vs Bologna,Bologna,873,Federico Bernardeschi,F,8,6.7,,0.0,,,6,6.0,100.0,,1.0,,,0,0,1.0,2.0
Parma vs Bologna,Bologna,30438,Nicolò Cambiaghi,F,8,7.5,,1.0,1.0,,6,6.0,100.0,1.0,,1.0,3.0,1,0,4.0,6.0
AC Milan vs AS Roma,AC Milan,22221,Mike Maignan,G,90,8.3,,0.0,,,48,32.0,66.7,,,,,0,0,,
AC Milan vs AS Roma,AC Milan,162141,Koni De Winter,D,90,7.2,,0.0,,,36,30.0,83.3,,,1.0,,0,0,5.0,7.0
AC Milan vs AS Roma,AC Milan,56473,Matteo Gabbia,D,90,7.3,,0.0,1.0,,29,26.0,89.7,,,,1.0,0,0,6.0,7.0
AC Milan vs AS Roma,AC Milan,45826,Strahinja Pavlović,D,90,8,1.0,0.0,2.0,1.0,36,33.0,91.7,1.0,,1.0,1.0,0,0,5.0,10.0
AC Milan vs AS Roma,AC Milan,1417,Alexis Saelemaekers,M,87,7.6,,0.0,,,20,17.0,85.0,2.0,,1.0,3.0,0,0,9.0,14.0
AC Milan vs AS Roma,AC Milan,22254,Youssouf Fofana,M,90,5.9,,0.0,2.0,1.0,15,13.0,86.7,3.0,,4.0,,1,0,3.0,11.0
AC Milan vs AS Roma,AC Milan,754,Luka Modrić,M,90,7.9,,0.0,,,44,38.0,86.4,,1.0,,,0,0,1.0,4.0
AC Milan vs AS Roma,AC Milan,31056,Samuele Ricci,M,90,7.2,,0.0,3.0,2.0,24,21.0,87.5,3.0,1.0,,3.0,0,0,7.0,11.0
AC Milan vs AS Roma,AC Milan,374359,Davide Bartesaghi,M,90,6.7,,0.0,2.0,1.0,27,20.0,74.1,2.0,,2.0,,0,0,2.0,10.0
AC Milan vs AS Roma,AC Milan,269,Christopher Nkunku,F,84,6.5,,0.0,2.0,1.0,14,14.0,100.0,,,2.0,1.0,0,0,4.0,13.0
AC Milan vs AS Roma,AC Milan,22236,Rafael Leão,F,89,7.3,,1.0,3.0,2.0,19,15.0,78.9,,,1.0,3.0,0,0,5.0,16.0
AC Milan vs AS Roma,AC Milan,2292,Ruben Loftus-Cheek,M,13,6.3,,0.0,,,0,,,,,,,0,0,1.0,4.0
AC Milan vs AS Roma,AC Milan,396380,Zachary Athekame,D,10,6.6,,0.0,,,1,,,,,,,0,0,1.0,1.0
AC Milan vs AS Roma,AS Roma,556,Mile Svilar,G,90,8,,0.0,,,22,13.0,59.1,,,,2.0,0,0,2.0,2.0
AC Milan vs AS Roma,AS Roma,30425,Gianluca Mancini,D,90,7.7,,0.0,,,59,53.0,89.8,4.0,5.0,2.0,,1,0,8.0,14.0
AC Milan vs AS Roma,AS Roma,1807,Evan Ndicka,D,90,6.6,,0.0,3.0,,61,57.0,93.4,1.0,2.0,2.0,2.0,0,0,11.0,16.0
AC Milan vs AS Roma,AS Roma,2669,Mario Hermoso,D,84,7,,0.0,1.0,,53,48.0,90.6,,,1.0,,1,0,2.0,8.0
AC Milan vs AS Roma,AS Roma,22222,Zeki Çelik,M,77,6.9,,0.0,,,48,44.0,91.7,4.0,,2.0,1.0,1,0,5.0,8.0
AC Milan vs AS Roma,AS Roma,22147,Manu Koné,M,90,6.7,,0.0,,,50,49.0,98.0,2.0,,1.0,,0,0,3.0,7.0
AC Milan vs AS Roma,AS Roma,778,Bryan Cristante,M,90,7.2,,0.0,2.0,,59,54.0,91.5,2.0,1.0,1.0,,0,0,6.0,11.0
AC Milan vs AS Roma,AS Roma,277003,Neil El Aynaoui,M,51,6.6,,0.0,2.0,1.0,30,27.0,90.0,3.0,,2.0,,1,0,4.0,8.0
AC Milan vs AS Roma,AS Roma,349001,Wesley,M,90,6.7,,0.0,2.0,2.0,40,33.0,82.5,3.0,2.0,2.0,1.0,1,0,5.0,11.0
AC Milan vs AS Roma,AS Roma,323936,Matías Soulé,F,51,7.2,,0.0,2.0,1.0,19,19.0,100.0,1.0,,,1.0,0,0,4.0,6.0
AC Milan vs AS Roma,AS Roma,875,Paulo Dybala,F,84,5.7,,0.0,3.0,1.0,27,22.0,81.5,,,,1.0,0,0,2.0,6.0
AC Milan vs AS Roma,AS Roma,983,Leon Bailey,F,39,6.7,,0.0,,,14,14.0,100.0,2.0,,,,0,0,3.0,4.0
AC Milan vs AS Roma,AS Roma,782,Lorenzo Pellegrini,M,39,7.3,,0.0,1.0,1.0,27,24.0,88.9,,,,2.0,0,0,3.0,5.0
AC Milan vs AS Roma,AS Roma,15811,Artem Dovbyk,F,13,6.3,,0.0,,,1,1.0,100.0,,,,,0,0,,
AC Milan vs AS Roma,AS Roma,1600,Konstantinos Tsimikas,D,13,6.7,,0.0,,,5,4.0,80.0,,,,,0,0,,1.0
AC Milan vs AS Roma,AS Roma,288769,Tommaso Baldanzi,M,13,6.9,,0.0,,,8,8.0,100.0,,,,1.0,0,0,1.0,1.0
Sassuolo vs Genoa,Sassuolo,616,Arijanet Murić,G,90,6.3,,0.0,,,31,19.0,61.3,,,,,0,0,,
Sassuolo vs Genoa,Sassuolo,40582,Sebastian Walukiewicz,D,90,6.2,,0.0,,,45,38.0,84.4,,,,,0,0,3.0,7.0
Sassuolo vs Genoa,Sassuolo,37651,Jay Idzes,D,90,6,,0.0,,,44,40.0,90.9,1.0,2.0,,,0,0,3.0,9.0
Sassuolo vs Genoa,Sassuolo,271350,Tarik Muharemović,D,90,6.3,,0.0,,,70,60.0,85.7,2.0,,3.0,2.0,1,0,6.0,12.0
Sassuolo vs Genoa,Sassuolo,135526,Josh Doig,D,78,7.3,,0.0,,,57,45.0,78.9,2.0,,1.0,,0,0,4.0,7.0
Sassuolo vs Genoa,Sassuolo,328046,Ismael Koné,M,64,7,,0.0,1.0,,50,48.0,96.0,,,,1.0,0,0,1.0,4.0
Sassuolo vs Genoa,Sassuolo,902,Nemanja Matić,M,90,7.2,,0.0,,,88,79.0,89.8,2.0,,,,0,0,3.0,5.0
Sassuolo vs Genoa,Sassuolo,39143,Kristian Thorstvedt,M,90,6.7,,0.0,2.0,1.0,38,29.0,76.3,3.0,,1.0,4.0,0,0,9.0,15.0
Sassuolo vs Genoa,Sassuolo,30537,Domenico Berardi,F,78,7.9,1.0,0.0,2.0,1.0,28,20.0,71.4,1.0,1.0,,1.0,0,0,2.0,3.0
Sassuolo vs Genoa,Sassuolo,31094,Andrea Pinamonti,F,86,6.3,,0.0,3.0,2.0,11,10.0,90.9,,,1.0,,0,0,1.0,4.0
Sassuolo vs Genoa,Sassuolo,2215,Armand Laurienté,F,64,7,,0.0,3.0,,33,30.0,90.9,1.0,,,2.0,0,0,5.0,10.0
Sassuolo vs Genoa,Sassuolo,127413,Aster Vranckx,M,26,6.3,,0.0,,,10,7.0,70.0,1.0,,2.0,,0,0,1.0,3.0
Sassuolo vs Genoa,Sassuolo,263699,Alieu Fadera,F,26,6.5,,0.0,,,6,6.0,100.0,,,2.0,1.0,0,0,1.0,7.0
Sassuolo vs Genoa,Sassuolo,128338,Woyo Coulibaly,D,12,6.5,,0.0,,,5,4.0,80.0,1.0,,1.0,,0,0,2.0,3.0
Sassuolo vs Genoa,Sassuolo,128478,Walid Cheddira,F,12,6.7,,0.0,,,3,3.0,100.0,,,1.0,2.0,0,0,2.0,4.0
Sassuolo vs Genoa,Sassuolo,31440,Luca Moro,F,10,6.5,,0.0,,,1,,,,,1.0,,0,0,1.0,3.0
Sassuolo vs Genoa,Genoa,31631,Nicola Leali,G,90,7.5,,0.0,,,29,17.0,58.6,,,,,0,0,,
Sassuolo vs Genoa,Genoa,281826,Alessandro Marcandalli,D,68,6,,0.0,,,19,14.0,73.7,,,2.0,,1,0,,3.0
Sassuolo vs Genoa,Genoa,18967,Leo Østigård,D,90,7.9,1.0,0.0,2.0,2.0,48,41.0,85.4,1.0,,,1.0,0,0,4.0,6.0
Sassuolo vs Genoa,Genoa,35544,Johan Vásquez,D,90,6.6,,0.0,1.0,,44,40.0,90.9,1.0,1.0,1.0,1.0,0,0,4.0,5.0
Sassuolo vs Genoa,Genoa,284570,Brooke Norton-Cuffy,M,90,6.9,,0.0,1.0,,22,18.0,81.8,5.0,4.0,,1.0,0,0,7.0,12.0
Sassuolo vs Genoa,Genoa,1938,Ruslan Malinovskyi,M,59,8.2,1.0,0.0,1.0,1.0,29,25.0,86.2,3.0,1.0,1.0,,1,0,4.0,6.0
Sassuolo vs Genoa,Genoa,15881,Morten Frendrup,M,90,6.9,,0.0,,,33,27.0,81.8,2.0,2.0,2.0,,0,0,3.0,5.0
Sassuolo vs Genoa,Genoa,36980,Morten Thorsby,M,85,6.7,,0.0,,,15,10.0,66.7,,,1.0,,0,0,4.0,7.0
Sassuolo vs Genoa,Genoa,25914,Aarón Martín,M,90,7.5,,1.0,,,27,17.0,63.0,1.0,1.0,1.0,2.0,0,0,4.0,7.0
Sassuolo vs Genoa,Genoa,281408,Vitinha,F,59,6.2,,0.0,3.0,2.0,15,11.0,73.3,,2.0,1.0,,0,0,4.0,9.0
Sassuolo vs Genoa,Genoa,263481,Lorenzo Colombo,F,68,5.9,,0.0,4.0,,16,12.0,75.0,,,,2.0,0,0,2.0,9.0
Sassuolo vs Genoa,Genoa,281096,Patrizio Masini,M,31,6.6,,0.0,,,10,5.0,50.0,3.0,1.0,2.0,1.0,1,0,5.0,8.0
Sassuolo vs Genoa,Genoa,56396,Junior Messias,F,31,6.7,,0.0,2.0,,8,5.0,62.5,,,1.0,2.0,0,0,5.0,10.0
Sassuolo vs Genoa,Genoa,89520,Mikael Ellertsson,M,22,6.3,,0.0,,,3,2.0,66.7,,,,,0,0,,1.0
Sassuolo vs Genoa,Genoa,3430,Caleb Ekuban,F,22,6.6,,0.0,,,4,1.0,25.0,,,1.0,2.0,0,0,4.0,5.0
Sassuolo vs Genoa,Genoa,263177,Albert Grønbæk,M,11,6.6,,0.0,,,2,2.0,100.0,2.0,,,,0,0,2.0,3.0
Lazio vs Cagliari,Lazio,31037,Ivan Provedel,G,90,7.7,,0.0,,,33,24.0,72.7,,,,,0,0,,
Lazio vs Cagliari,Lazio,30866,Manuel Lazzari,D,73,7.2,,0.0,,,24,18.0,75.0,1.0,,,3.0,0,0,5.0,5.0
Lazio vs Cagliari,Lazio,162952,Mario Gila Fuentes,D,90,7.5,,0.0,,,54,47.0,87.0,1.0,1.0,,2.0,0,0,5.0,6.0
Lazio vs Cagliari,Lazio,1632,Alessio Romagnoli,D,45,7.2,,0.0,,,43,41.0,95.3,2.0,2.0,1.0,,0,0,3.0,4.0
Lazio vs Cagliari,Lazio,1844,Adam Marušić,D,90,7.3,,0.0,2.0,1.0,43,40.0,93.0,3.0,,,1.0,0,0,4.0,6.0
Lazio vs Cagliari,Lazio,1454,Mattéo Guendouzi,M,90,7.6,,1.0,,,41,35.0,85.4,1.0,,1.0,1.0,0,0,5.0,7.0
Lazio vs Cagliari,Lazio,1852,Danilo Cataldi,M,90,7,,0.0,1.0,,53,40.0,75.5,3.0,1.0,1.0,1.0,0,0,6.0,9.0
Lazio vs Cagliari,Lazio,1266,Toma Bašić,M,61,6.3,,0.0,1.0,,34,29.0,85.3,,,1.0,1.0,0,0,1.0,5.0
Lazio vs Cagliari,Lazio,135519,Gustav Isaksen,F,84,7.9,1.0,0.0,1.0,1.0,21,17.0,81.0,2.0,,,2.0,0,0,5.0,11.0
Lazio vs Cagliari,Lazio,22015,Boulaye Dia,F,84,6.2,,0.0,,,11,10.0,90.9,,,2.0,,0,0,1.0,5.0
Lazio vs Cagliari,Lazio,30937,Mattia Zaccagni,F,90,8.3,1.0,0.0,3.0,1.0,40,31.0,77.5,2.0,1.0,1.0,4.0,0,0,12.0,16.0
Lazio vs Cagliari,Lazio,350857,Oliver Provstgaard,D,45,7.2,,0.0,,,23,22.0,95.7,1.0,,,1.0,0,0,4.0,5.0
Lazio vs Cagliari,Lazio,211,Matías Vecino,M,29,6.9,,0.0,,,12,10.0,83.3,1.0,,1.0,1.0,0,0,2.0,3.0
Lazio vs Cagliari,Lazio,30554,Luca Pellegrini,D,17,6.6,,0.0,,,5,5.0,100.0,,,,,0,0,,
Lazio vs Cagliari,Lazio,133729,Tijjani Noslin,F,10,6.7,,0.0,,,2,2.0,100.0,,,,,0,0,1.0,1.0
Lazio vs Cagliari,Lazio,2299,Pedro,F,10,6.7,,0.0,,,4,4.0,100.0,,,,,0,0,,
Lazio vs Cagliari,Cagliari,30731,Elia Caprile,G,90,6.9,,0.0,,,29,24.0,82.8,,,,,0,0,,
Lazio vs Cagliari,Cagliari,200,Gabriele Zappa,D,90,6,,0.0,,,39,31.0,79.5,,,1.0,1.0,0,0,2.0,7.0
Lazio vs Cagliari,Cagliari,2484,Yerry Mina,D,90,6.6,,0.0,1.0,1.0,74,69.0,93.2,1.0,,1.0,1.0,0,0,7.0,10.0
Lazio vs Cagliari,Cagliari,319,Sebastiano Luperto,D,90,6.2,,0.0,,,77,70.0,90.9,,2.0,1.0,,0,0,,2.0
Lazio vs Cagliari,Cagliari,383018,Marco Palestra,D,79,6.9,,0.0,,,31,27.0,87.1,4.0,2.0,1.0,1.0,0,0,7.0,11.0
Lazio vs Cagliari,Cagliari,30505,Michel Adopo,M,90,5.9,,0.0,1.0,1.0,28,22.0,78.6,,,2.0,1.0,0,0,1.0,10.0
Lazio vs Cagliari,Cagliari,309388,Matteo Prati,M,90,6.2,,0.0,3.0,,38,33.0,86.8,1.0,1.0,,,0,0,3.0,4.0
Lazio vs Cagliari,Cagliari,56851,Michael Folorunsho,M,79,6.2,,0.0,3.0,2.0,19,13.0,68.4,,1.0,2.0,1.0,0,0,2.0,9.0
Lazio vs Cagliari,Cagliari,325,Gianluca Gaetano,M,57,6.3,,0.0,1.0,1.0,34,31.0,91.2,,,3.0,,1,0,1.0,6.0
Lazio vs Cagliari,Cagliari,215,Sebastiano Esposito,F,68,6.7,,0.0,1.0,,25,17.0,68.0,1.0,,2.0,,0,0,1.0,4.0
Lazio vs Cagliari,Cagliari,31499,Gennaro Borrelli,F,69,6.2,,0.0,1.0,,9,7.0,77.8,1.0,,3.0,2.0,0,0,3.0,12.0
Lazio vs Cagliari,Cagliari,31734,Mattia Felici,F,33,6.3,,0.0,,,14,9.0,64.3,,2.0,2.0,,1,0,,3.0
Lazio vs Cagliari,Cagliari,140831,Zito Luvumbo,F,22,6.3,,0.0,,,4,3.0,75.0,,,,,0,0,,1.0
Lazio vs Cagliari,Cagliari,336567,Semih Kılıçsoy,F,21,6.7,,0.0,,,2,2.0,100.0,,,,1.0,0,0,1.0,2.0
Lazio vs Cagliari,Cagliari,383026,Riyad Idrissi,D,11,6.3,,0.0,,,4,,,,,,,0,0,,
Lazio vs Cagliari,Cagliari,30573,Leonardo Pavoletti,F,11,6.3,,0.0,1.0,,1,1.0,100.0,,,,,0,0,1.0,2.0
Pisa vs Cremonese,Pisa,30733,Adrian Šemper,G,90,7.3,,0.0,,,29,16.0,55.2,,,,,0,0,,
Pisa vs Cremonese,Pisa,30469,Arturo Calabresi,D,90,7.2,,0.0,,,28,25.0,89.3,,,1.0,2.0,0,0,3.0,7.0
Pisa vs Cremonese,Pisa,31604,Antonio Caracciolo,D,90,7.5,,0.0,2.0,2.0,28,21.0,75.0,2.0,,,,0,0,4.0,4.0
Pisa vs Cremonese,Pisa,91503,Simone Canestrelli,D,90,7.2,,0.0,1.0,,32,23.0,71.9,,2.0,,,0,0,7.0,10.0
Pisa vs Cremonese,Pisa,56293,Idrissa Touré,M,90,8.3,1.0,0.0,3.0,1.0,33,24.0,72.7,3.0,4.0,,2.0,0,0,11.0,17.0
Pisa vs Cremonese,Pisa,364600,Isak Vural,M,67,7.2,,0.0,1.0,,14,13.0,92.9,,,2.0,4.0,1,0,6.0,10.0
Pisa vs Cremonese,Pisa,951,Michel Aebischer,M,90,7.5,,0.0,,,44,38.0,86.4,4.0,,2.0,1.0,1,0,6.0,9.0
Pisa vs Cremonese,Pisa,408635,Ebenezer Akinsanmiro,M,67,7.3,,0.0,1.0,1.0,15,13.0,86.7,1.0,2.0,1.0,2.0,0,0,5.0,8.0
Pisa vs Cremonese,Pisa,866,Juan Cuadrado,M,45,7.3,,0.0,,,10,8.0,80.0,,,,2.0,0,0,5.0,8.0
Pisa vs Cremonese,Pisa,31318,M'Bala Nzola,F,89,6.5,,0.0,4.0,2.0,15,10.0,66.7,,,1.0,2.0,0,0,8.0,15.0
Pisa vs Cremonese,Pisa,31560,Stefano Moreo,F,67,6.6,,0.0,1.0,,13,6.0,46.2,,,1.0,,0,0,3.0,4.0
Pisa vs Cremonese,Pisa,30753,Mehdi Léris,M,45,7.9,,0.0,,,14,11.0,78.6,7.0,,,1.0,0,0,8.0,8.0
Pisa vs Cremonese,Pisa,30723,Marius Marin,M,23,6.7,,0.0,,,12,8.0,66.7,2.0,,2.0,,1,0,2.0,4.0
Pisa vs Cremonese,Pisa,325387,Gabriele Piccinini,M,23,6.3,,0.0,,,5,4.0,80.0,,,1.0,,1,0,,3.0
Pisa vs Cremonese,Pisa,20959,Matteo Tramoni,F,23,7.6,,1.0,,,7,6.0,85.7,,,,1.0,0,0,1.0,1.0
Pisa vs Cremonese,Cremonese,30441,Emil Audero,G,90,7,,0.0,,,40,26.0,65.0,,,,,0,0,1.0,1.0
Pisa vs Cremonese,Cremonese,264472,Filippo Terracciano,D,89,6.2,,0.0,,,62,55.0,88.7,,2.0,1.0,,1,0,,2.0
Pisa vs Cremonese,Cremonese,127035,Federico Baschirotto,D,90,5.9,,0.0,1.0,1.0,59,53.0,89.8,3.0,2.0,3.0,,0,0,3.0,9.0
Pisa vs Cremonese,Cremonese,30919,Matteo Bianchetti,D,90,6.7,,0.0,,,63,51.0,81.0,3.0,,,,0,0,7.0,13.0
Pisa vs Cremonese,Cremonese,31211,Jari Vandeputte,M,90,7.9,,0.0,,,84,71.0,84.5,1.0,,1.0,5.0,0,0,6.0,12.0
Pisa vs Cremonese,Cremonese,126980,Tommaso Barbieri,M,90,6.5,,0.0,1.0,,21,20.0,95.2,1.0,1.0,2.0,1.0,0,0,4.0,9.0
Pisa vs Cremonese,Cremonese,266813,Warren Bondo,M,90,6.9,,0.0,1.0,,44,40.0,90.9,2.0,,3.0,1.0,0,0,6.0,10.0
Pisa vs Cremonese,Cremonese,6383,Martín Payero,M,77,5.7,,0.0,,,34,29.0,85.3,,,5.0,,0,0,,12.0
Pisa vs Cremonese,Cremonese,237249,Mikayil Faye,M,77,6.7,,0.0,,,30,23.0,76.7,1.0,1.0,1.0,2.0,1,0,5.0,13.0
Pisa vs Cremonese,Cremonese,2057,Franco Vázquez,F,77,6.2,,0.0,5.0,1.0,33,25.0,75.8,4.0,,1.0,1.0,0,0,5.0,14.0
Pisa vs Cremonese,Cremonese,18788,Jamie Vardy,F,90,6.2,,0.0,1.0,1.0,4,2.0,50.0,,,,,0,0,1.0,4.0
Pisa vs Cremonese,Cremonese,342651,Romano Floriani Mussolini,D,13,6.7,,0.0,,,10,9.0,90.0,,,,,0,0,,2.0
Pisa vs Cremonese,Cremonese,202086,Jeremy Sarmiento,M,13,6.7,,0.0,,,11,11.0,100.0,,,,,0,0,,1.0
Pisa vs Cremonese,Cremonese,31436,Federico Bonazzoli,F,13,6.5,,0.0,,,4,2.0,50.0,1.0,,,,0,0,1.0,4.0
Lecce vs Hellas Verona,Lecce,56459,Wladimiro Falcone,G,90,7.2,,0.0,,,23,8.0,34.8,,,,,0,0,,
Lecce vs Hellas Verona,Lecce,161702,Danilo Veiga,D,90,7.2,,0.0,,,44,36.0,81.8,3.0,2.0,,2.0,0,0,7.0,13.0
Lecce vs Hellas Verona,Lecce,291589,Kialonda Gaspar,D,90,6.9,,0.0,,,43,34.0,79.1,1.0,1.0,2.0,1.0,0,0,5.0,8.0
Lecce vs Hellas Verona,Lecce,455316,Tiago Gabriel,D,90,7.6,,0.0,,,47,38.0,80.9,3.0,1.0,1.0,,0,0,16.0,21.0
Lecce vs Hellas Verona,Lecce,31543,Antonino Gallo,D,90,8,,0.0,,,49,34.0,69.4,3.0,1.0,,,0,0,7.0,10.0
Lecce vs Hellas Verona,Lecce,15673,Ylber Ramadani,M,90,7.3,,0.0,,,52,37.0,71.2,3.0,,,3.0,0,0,6.0,7.0
Lecce vs Hellas Verona,Lecce,1748,Lassana Coulibaly,M,90,6.3,,0.0,,,36,26.0,72.2,1.0,,2.0,3.0,1,0,6.0,15.0
Lecce vs Hellas Verona,Lecce,47182,Tete Morente,M,66,6.9,,0.0,,,22,15.0,68.2,1.0,,1.0,2.0,0,0,5.0,8.0
Lecce vs Hellas Verona,Lecce,335071,Medon Berisha,M,86,7.2,,0.0,2.0,1.0,27,22.0,81.5,1.0,,1.0,1.0,0,0,5.0,9.0
Lecce vs Hellas Verona,Lecce,118956,Lameck Banda,M,77,6.9,,0.0,2.0,2.0,15,12.0,80.0,2.0,1.0,2.0,3.0,0,0,7.0,16.0
Lecce vs Hellas Verona,Lecce,264122,Nikola Štulić,F,66,5.9,,0.0,1.0,1.0,13,8.0,61.5,,,1.0,2.0,0,0,4.0,14.0
Lecce vs Hellas Verona,Lecce,436260,Francesco Camarda,F,24,6.2,,0.0,1.0,1.0,2,1.0,50.0,,,,,0,0,,3.0
Lecce vs Hellas Verona,Lecce,6662,Santiago Pierotti,F,24,6.5,,0.0,,,5,4.0,80.0,2.0,,,,0,0,2.0,6.0
Lecce vs Hellas Verona,Lecce,31507,Riccardo Sottil,F,13,6.5,,0.0,1.0,1.0,3,3.0,100.0,,,,,0,0,,3.0
Lecce vs Hellas Verona,Lecce,197779,Mohamed Kaba,M,9,6.5,,0.0,,,3,3.0,100.0,,,,,0,0,,3.0
Lecce vs Hellas Verona,Hellas Verona,30611,Lorenzo Montipò,G,90,7.9,,0.0,,,31,9.0,29.0,,,,1.0,0,0,2.0,2.0
Lecce vs Hellas Verona,Hellas Verona,25061,Armel Bella-Kotchap,D,90,7.2,,0.0,,,22,13.0,59.1,1.0,2.0,3.0,4.0,0,0,6.0,9.0
Lecce vs Hellas Verona,Hellas Verona,15912,Victor Nelsson,D,90,7.9,,0.0,,,23,17.0,73.9,,,,,0,0,11.0,12.0
Lecce vs Hellas Verona,Hellas Verona,311071,Nicolás Valentini,D,90,7.7,,0.0,,,25,17.0,68.0,3.0,,3.0,,1,0,8.0,13.0
Lecce vs Hellas Verona,Hellas Verona,303362,Rafik Belghali,M,90,7,,0.0,2.0,1.0,28,20.0,71.4,2.0,1.0,,,0,0,7.0,14.0
Lecce vs Hellas Verona,Hellas Verona,31678,Jean-Daniel Akpa Akpro,M,90,6.6,,0.0,,,25,18.0,72.0,,4.0,2.0,,1,0,6.0,14.0
Lecce vs Hellas Verona,Hellas Verona,203,Roberto Gagliardini,M,90,6.9,,0.0,,,37,28.0,75.7,3.0,2.0,3.0,1.0,0,0,5.0,11.0
Lecce vs Hellas Verona,Hellas Verona,37437,Abdou Harroui,M,55,6.2,,0.0,,,15,10.0,66.7,1.0,,1.0,,0,0,1.0,5.0
Lecce vs Hellas Verona,Hellas Verona,14327,Domagoj Bradarić,M,74,7,,0.0,,,11,9.0,81.8,3.0,1.0,2.0,,1,0,3.0,7.0
Lecce vs Hellas Verona,Hellas Verona,312615,Giovane,F,74,6.3,,0.0,,,23,16.0,69.6,,,,,0,0,7.0,24.0
Lecce vs Hellas Verona,Hellas Verona,368260,Gift Orban,F,86,6.7,,0.0,1.0,1.0,9,5.0,55.6,,,1.0,2.0,0,0,2.0,7.0
Lecce vs Hellas Verona,Hellas Verona,1090,Antoine Bernede,M,35,6.3,,0.0,,,7,3.0,42.9,3.0,,1.0,,0,0,3.0,7.0
Lecce vs Hellas Verona,Hellas Verona,15909,Martin Frese,D,16,6.9,,0.0,1.0,,4,4.0,100.0,1.0,,1.0,,1,0,3.0,4.0
Lecce vs Hellas Verona,Hellas Verona,236955,Amin Sarr,F,16,6.2,,0.0,,,7,4.0,57.1,,,1.0,1.0,0,0,1.0,6.0
Lecce vs Hellas Verona,Hellas Verona,22239,Cheikh Niasse,M,9,6.7,,0.0,,,3,1.0,33.3,1.0,,,,0,0,1.0,1.0
Como vs Cagliari,Como,8574,Jean Butez,G,90,7.5,,0.0,,,24,23.0,95.8,,,,,0,0,,
Como vs Cagliari,Como,14266,Ivan Smolčić,D,89,7,,0.0,1.0,,44,40.0,90.9,2.0,2.0,1.0,2.0,0,0,5.0,10.0
Como vs Cagliari,Como,386305,Jacobo Ramón,D,90,7.2,,0.0,1.0,,97,83.0,85.6,2.0,,2.0,,0,0,10.0,19.0
Como vs Cagliari,Como,21090,Diego Carlos,D,90,7.2,,0.0,,,89,88.0,98.9,,1.0,3.0,,0,0,1.0,5.0
Como vs Cagliari,Como,336560,Álex Valle,D,90,6.9,,0.0,,,61,50.0,82.0,1.0,2.0,2.0,2.0,0,0,5.0,9.0
Como vs Cagliari,Como,288699,Máximo Perrone,M,90,7,,0.0,,,107,96.0,89.7,,2.0,4.0,3.0,1,0,5.0,12.0
Como vs Cagliari,Como,659,Maxence Caqueret,M,63,6.6,,0.0,,,62,55.0,88.7,1.0,1.0,1.0,,0,0,1.0,4.0
Como vs Cagliari,Como,354533,Jayden Addai,M,75,6.7,,0.0,1.0,1.0,18,13.0,72.2,,,1.0,1.0,1,0,2.0,6.0
Como vs Cagliari,Como,350037,Nico Paz,M,90,7.5,,0.0,3.0,3.0,52,42.0,80.8,4.0,1.0,2.0,1.0,0,0,9.0,16.0
Como vs Cagliari,Como,400948,Assane Diao,M,45,6.2,,0.0,,,16,13.0,81.2,,,2.0,1.0,0,0,1.0,6.0
Como vs Cagliari,Como,59,Álvaro Morata,F,63,6.9,,0.0,1.0,1.0,18,15.0,83.3,1.0,,3.0,2.0,1,0,5.0,11.0
Como vs Cagliari,Como,443162,Jesús Rodriguez,F,45,6.9,,0.0,1.0,1.0,21,15.0,71.4,1.0,,,1.0,0,0,4.0,4.0
Como vs Cagliari,Como,295026,Martin Baturina,M,27,6.2,,0.0,,,17,16.0,94.1,,,,1.0,0,0,1.0,4.0
Como vs Cagliari,Como,26845,Anastasios Douvikas,F,27,6.3,,0.0,,,3,1.0,33.3,,,,1.0,0,0,3.0,5.0
Como vs Cagliari,Como,38753,Nicolas-Gerrit Kühn,F,15,6.5,,0.0,,,5,3.0,60.0,,,,,0,0,,
Como vs Cagliari,Cagliari,30731,Elia Caprile,G,90,9.2,,0.0,,,32,17.0,53.1,,,,2.0,0,0,3.0,3.0
Como vs Cagliari,Cagliari,200,Gabriele Zappa,D,90,7.3,,0.0,,,22,16.0,72.7,3.0,2.0,1.0,2.0,0,0,7.0,10.0
Como vs Cagliari,Cagliari,2484,Yerry Mina,D,90,7.5,,0.0,,,25,15.0,60.0,4.0,1.0,1.0,3.0,0,0,8.0,11.0
Como vs Cagliari,Cagliari,319,Sebastiano Luperto,D,90,6.9,,0.0,,,23,19.0,82.6,,2.0,,,0,0,1.0,1.0
Como vs Cagliari,Cagliari,321744,Adam Obert,D,79,6.6,,0.0,,,21,12.0,57.1,1.0,2.0,1.0,2.0,0,0,3.0,7.0
Como vs Cagliari,Cagliari,383018,Marco Palestra,M,90,6.9,,0.0,,,12,8.0,66.7,2.0,,3.0,3.0,0,0,9.0,17.0
Como vs Cagliari,Cagliari,56851,Michael Folorunsho,M,90,6.2,,0.0,1.0,,14,5.0,35.7,,,2.0,3.0,0,0,6.0,17.0
Como vs Cagliari,Cagliari,309388,Matteo Prati,M,79,6.9,,0.0,,,16,11.0,68.8,,1.0,,,1,0,1.0,2.0
Como vs Cagliari,Cagliari,325,Gianluca Gaetano,M,57,6.9,,0.0,,,15,11.0,73.3,,1.0,1.0,1.0,0,0,2.0,5.0
Como vs Cagliari,Cagliari,31734,Mattia Felici,M,79,6.6,,0.0,2.0,1.0,10,10.0,100.0,1.0,3.0,1.0,,0,0,4.0,8.0
Como vs Cagliari,Cagliari,215,Sebastiano Esposito,F,67,7.2,,0.0,,,11,8.0,72.7,2.0,,2.0,4.0,0,0,10.0,14.0
Como vs Cagliari,Cagliari,30505,Michel Adopo,M,33,6.5,,0.0,,,4,3.0,75.0,,2.0,1.0,,0,0,,2.0
Como vs Cagliari,Cagliari,31499,Gennaro Borrelli,F,23,6.2,,0.0,,,7,1.0,14.3,,,1.0,,0,0,2.0,9.0
Como vs Cagliari,Cagliari,30780,Luca Mazzitelli,M,11,6.6,,0.0,,,6,4.0,66.7,,,,,0,0,1.0,2.0
Como vs Cagliari,Cagliari,383026,Riyad Idrissi,D,11,6.9,,0.0,,,1,1.0,100.0,1.0,,,,0,0,2.0,2.0
Como vs Cagliari,Cagliari,140831,Zito Luvumbo,F,11,6.3,,0.0,1.0,1.0,0,,,,,1.0,,0,0,,1.0
Juventus vs Torino,Juventus,30670,Michele Di Gregorio,G,90,7.7,,0.0,,,30,28.0,93.3,,,,,0,0,,
Juventus vs Torino,Juventus,162188,Pierre Kalulu,D,90,7.3,,0.0,,,99,90.0,90.9,2.0,,1.0,,0,0,2.0,5.0
Juventus vs Torino,Juventus,861,Daniele Rugani,D,45,7.2,,0.0,,,54,53.0,98.1,,,,,0,0,3.0,3.0
Juventus vs Torino,Juventus,36899,Teun Koopmeiners,D,90,7.3,,0.0,,,109,99.0,90.8,,,2.0,,0,0,4.0,9.0
Juventus vs Torino,Juventus,415,Weston McKennie,M,90,6.5,,0.0,2.0,1.0,44,39.0,88.6,1.0,,,,0,0,4.0,11.0
Juventus vs Torino,Juventus,30533,Manuel Locatelli,M,86,7.6,,0.0,1.0,,120,103.0,85.8,2.0,4.0,,,0,0,4.0,6.0
Juventus vs Torino,Juventus,116,Khéphren Thuram,M,90,7.7,,0.0,1.0,1.0,86,77.0,89.5,4.0,,4.0,1.0,0,0,7.0,14.0
Juventus vs Torino,Juventus,127011,Andrea Cambiaso,M,90,6.3,,0.0,,,79,70.0,88.6,1.0,1.0,1.0,,0,0,1.0,5.0
Juventus vs Torino,Juventus,161585,Francisco Conceição,F,65,7.3,,0.0,1.0,,27,24.0,88.9,1.0,,1.0,1.0,0,0,5.0,7.0
Juventus vs Torino,Juventus,339883,Kenan Yıldız,F,84,7.5,,0.0,2.0,2.0,37,33.0,89.2,1.0,,,1.0,0,0,5.0,9.0
Juventus vs Torino,Juventus,30415,Dušan Vlahović,F,65,6.9,,0.0,2.0,1.0,15,9.0,60.0,3.0,,,,0,0,4.0,6.0
Juventus vs Torino,Juventus,268341,Federico Gatti,D,45,7.3,,0.0,1.0,,29,28.0,96.6,,,,,0,0,4.0,6.0
Juventus vs Torino,Juventus,48392,Edon Zhegrova,F,25,6.6,,0.0,,,19,15.0,78.9,,,,,0,0,2.0,4.0
Juventus vs Torino,Juventus,8489,Jonathan David,F,25,6.3,,0.0,1.0,1.0,11,11.0,100.0,1.0,1.0,,,0,0,1.0,4.0
Juventus vs Torino,Juventus,86,Loïs Openda,F,12,6.5,,0.0,1.0,,3,1.0,33.3,,,,,0,0,,
Juventus vs Torino,Juventus,339872,Vasilije Adžić,M,10,6.7,,0.0,,,6,6.0,100.0,,,,,0,0,,
Juventus vs Torino,Torino,30642,Alberto Paleari,G,90,8.9,,0.0,,,43,23.0,53.5,,,,,0,0,,1.0
Juventus vs Torino,Torino,14329,Ardian Ismajli,D,88,7.3,,0.0,,,29,21.0,72.4,2.0,2.0,,2.0,0,0,5.0,6.0
Juventus vs Torino,Torino,2553,Guillermo Maripán,D,90,8,,0.0,,,28,22.0,78.6,3.0,1.0,,,0,0,5.0,9.0
Juventus vs Torino,Torino,122468,Saúl Coco,D,90,7.5,,0.0,1.0,1.0,32,30.0,93.8,3.0,4.0,,1.0,0,0,4.0,7.0
Juventus vs Torino,Torino,39362,Marcus Pedersen,M,90,6.9,,0.0,,,18,12.0,66.7,2.0,,,,0,0,4.0,8.0
Juventus vs Torino,Torino,270507,Cesare Casadei,M,90,6.9,,0.0,,,26,18.0,69.2,1.0,2.0,,1.0,0,0,5.0,6.0
Juventus vs Torino,Torino,46170,Ivan Ilić,M,45,6.6,,0.0,,,18,17.0,94.4,,2.0,,1.0,0,0,1.0,3.0
Juventus vs Torino,Torino,842,Nikola Vlašić,M,79,6.9,,0.0,,,25,22.0,88.0,,,,1.0,0,0,1.0,4.0
Juventus vs Torino,Torino,25353,Valentino Lazaro,M,90,6.9,,0.0,,,18,14.0,77.8,3.0,1.0,1.0,,0,0,4.0,11.0
Juventus vs Torino,Torino,85,Cyril Ngonge,F,45,6.9,,0.0,,,8,6.0,75.0,,,,,0,0,2.0,3.0
Juventus vs Torino,Torino,30414,Giovanni Simeone,F,79,6.3,,0.0,1.0,1.0,9,6.0,66.7,,,,1.0,0,0,5.0,12.0
Juventus vs Torino,Torino,275776,Kristjan Asllani,M,45,6.7,,0.0,1.0,,20,17.0,85.0,,1.0,1.0,,1,0,,1.0
Juventus vs Torino,Torino,19524,Che Adams,F,45,6.2,,0.0,3.0,1.0,9,8.0,88.9,,,1.0,2.0,0,0,4.0,12.0
Juventus vs Torino,Torino,138777,Faustino Anjorin,M,11,6.3,,0.0,,,7,5.0,71.4,,2.0,,,0,0,1.0,2.0
Juventus vs Torino,Torino,2495,Duván Zapata,F,11,6.7,,0.0,,,1,1.0,100.0,,,1.0,,0,0,2.0,4.0
Juventus vs Torino,Torino,22174,Adrien Tameze,M,8,6.7,,0.0,,,0,,,,,,,0,0,,
Parma vs AC Milan,Parma,199578,Zion Suzuki,G,90,6.7,,0.0,,,20,13.0,65.0,,,,,0,0,,1.0
Parma vs AC Milan,Parma,30420,Enrico Del Prato,D,90,7.3,1.0,0.0,4.0,3.0,51,47.0,92.2,1.0,,1.0,1.0,0,0,5.0,9.0
Parma vs AC Milan,Parma,6221,Lautaro Valenti,D,90,7.3,,0.0,,,65,58.0,89.2,2.0,2.0,1.0,,0,0,4.0,7.0
Parma vs AC Milan,Parma,203483,Abdoulaye Ndiaye,D,45,5.7,,0.0,2.0,,38,33.0,86.8,1.0,,2.0,,0,0,3.0,5.0
Parma vs AC Milan,Parma,499380,Sascha Britschgi,M,90,7.2,,2.0,,,31,24.0,77.4,,,1.0,,0,0,1.0,3.0
Parma vs AC Milan,Parma,628,Adrián Bernabé,M,81,7.7,1.0,0.0,2.0,1.0,47,42.0,89.4,,,,1.0,0,0,1.0,2.0
Parma vs AC Milan,Parma,308836,Mandela Keita,M,90,6.9,,0.0,1.0,,51,47.0,92.2,1.0,1.0,2.0,1.0,0,0,4.0,6.0
Parma vs AC Milan,Parma,161569,Oliver Sørensen,M,90,6.5,,0.0,,,23,21.0,91.3,,1.0,1.0,1.0,1,0,2.0,5.0
Parma vs AC Milan,Parma,323369,Mathias Fjørtoft Løvik,M,68,6.3,,0.0,,,21,15.0,71.4,2.0,2.0,,,0,0,2.0,5.0
Parma vs AC Milan,Parma,1649,Patrick Cutrone,F,89,7,,0.0,,,22,17.0,77.3,,,1.0,2.0,0,0,4.0,7.0
Parma vs AC Milan,Parma,292172,Mateo Pellegrino,F,90,6.5,,0.0,1.0,,11,9.0,81.8,,,3.0,1.0,0,0,4.0,14.0
Parma vs AC Milan,Parma,428237,Mariano Troilo,D,45,7,,0.0,,,26,25.0,96.2,,,1.0,1.0,0,0,2.0,5.0
Parma vs AC Milan,Parma,91358,Emanuele Valeri,D,22,6.6,,0.0,,,6,3.0,50.0,,1.0,,,0,0,,1.0
Parma vs AC Milan,Parma,1208,Hernani,M,9,6.7,,0.0,,,2,1.0,50.0,,,1.0,,0,0,1.0,3.0
Parma vs AC Milan,AC Milan,22221,Mike Maignan,G,90,6.9,,0.0,,,22,13.0,59.1,,,,,0,0,,
Parma vs AC Milan,AC Milan,162141,Koni De Winter,D,87,6.3,,0.0,,,67,59.0,88.1,,,4.0,,0,0,3.0,7.0
Parma vs AC Milan,AC Milan,56473,Matteo Gabbia,D,90,6.3,,0.0,1.0,,55,55.0,100.0,,,2.0,,0,0,2.0,5.0
Parma vs AC Milan,AC Milan,45826,Strahinja Pavlović,D,90,6.9,,0.0,,,64,60.0,93.8,3.0,,,,0,0,5.0,8.0
Parma vs AC Milan,AC Milan,1417,Alexis Saelemaekers,M,90,8.3,1.0,0.0,3.0,1.0,38,33.0,86.8,2.0,2.0,1.0,2.0,0,0,8.0,12.0
Parma vs AC Milan,AC Milan,22254,Youssouf Fofana,M,90,5.9,,0.0,,,39,35.0,89.7,1.0,1.0,1.0,,0,0,2.0,8.0
Parma vs AC Milan,AC Milan,754,Luka Modrić,M,90,8,,0.0,2.0,2.0,108,94.0,87.0,1.0,1.0,1.0,3.0,1,0,4.0,5.0
Parma vs AC Milan,AC Milan,31056,Samuele Ricci,M,70,6.2,,0.0,,,31,27.0,87.1,,,,1.0,0,0,1.0,2.0
Parma vs AC Milan,AC Milan,46731,Pervis Estupiñán,M,70,6.7,,0.0,,,28,24.0,85.7,1.0,1.0,,,0,0,1.0,1.0
Parma vs AC Milan,AC Milan,269,Christopher Nkunku,F,60,6.3,,1.0,1.0,1.0,12,12.0,100.0,,1.0,,2.0,0,0,3.0,6.0
Parma vs AC Milan,AC Milan,22236,Rafael Leão,F,90,6.9,1.0,0.0,1.0,1.0,37,28.0,75.7,,,1.0,3.0,0,0,6.0,11.0
Parma vs AC Milan,AC Milan,2292,Ruben Loftus-Cheek,M,30,6.3,,0.0,,,31,26.0,83.9,1.0,,,1.0,0,0,5.0,7.0
Parma vs AC Milan,AC Milan,374359,Davide Bartesaghi,D,20,6.9,,0.0,,,10,10.0,100.0,,,,,0,0,,
Parma vs AC Milan,AC Milan,17,Christian Pulišić,M,20,6.6,,0.0,1.0,,10,10.0,100.0,,,,,0,0,1.0,2.0
Parma vs AC Milan,AC Milan,396380,Zachary Athekame,D,9,6.6,,0.0,,,2,1.0,50.0,,,,,0,0,,
Atalanta vs Sassuolo,Atalanta,30417,Marco Carnesecchi,G,90,5.6,,0.0,,,34,27.0,79.4,,,1.0,,0,0,,1.0
Atalanta vs Sassuolo,Atalanta,48119,Odilon Kossounou,D,45,6.3,,0.0,,,48,46.0,95.8,,,1.0,,0,0,1.0,3.0
Atalanta vs Sassuolo,Atalanta,137976,Isak Hien,D,90,6.5,,0.0,,,101,93.0,92.1,3.0,,1.0,1.0,0,0,6.0,9.0
Atalanta vs Sassuolo,Atalanta,453906,Honest Ahanor,D,90,6.2,,0.0,,,57,54.0,94.7,1.0,1.0,,2.0,0,0,6.0,8.0
Atalanta vs Sassuolo,Atalanta,91422,Raoul Bellanova,M,90,6.6,,0.0,,,47,45.0,95.7,3.0,,,,0,0,3.0,4.0
Atalanta vs Sassuolo,Atalanta,10097,Éderson,M,45,6.9,,0.0,,,41,39.0,95.1,1.0,,,1.0,0,0,3.0,5.0
Atalanta vs Sassuolo,Atalanta,2763,Mario Pašalić,M,90,6.9,,0.0,1.0,,102,93.0,91.2,2.0,,3.0,,0,0,4.0,8.0
Atalanta vs Sassuolo,Atalanta,2286,Davide Zappacosta,M,83,7.2,,0.0,,,33,28.0,84.8,1.0,,,,0,0,4.0,9.0
Atalanta vs Sassuolo,Atalanta,178749,Lazar Samardžić,F,90,6.9,,0.0,1.0,,61,50.0,82.0,1.0,1.0,,1.0,0,0,4.0,12.0
Atalanta vs Sassuolo,Atalanta,18767,Ademola Lookman,F,78,6.6,,0.0,2.0,2.0,15,11.0,73.3,1.0,,,,0,0,1.0,2.0
Atalanta vs Sassuolo,Atalanta,66817,Nikola Krstović,F,58,6.3,,0.0,1.0,,12,10.0,83.3,,,2.0,,0,0,2.0,6.0
Atalanta vs Sassuolo,Atalanta,30421,Berat Djimsiti,D,45,6.2,,0.0,,,52,48.0,92.3,1.0,,,,0,0,1.0,1.0
Atalanta vs Sassuolo,Atalanta,147859,Charles De Ketelaere,F,45,6.9,,0.0,,,35,28.0,80.0,,,,1.0,0,0,3.0,6.0
Atalanta vs Sassuolo,Atalanta,30544,Gianluca Scamacca,F,32,6.5,,0.0,3.0,,10,5.0,50.0,,,1.0,,0,0,2.0,4.0
Atalanta vs Sassuolo,Atalanta,199837,Kamaldeen Sulemana,F,12,6.7,,0.0,,,4,3.0,75.0,,,,1.0,0,0,2.0,2.0
Atalanta vs Sassuolo,Atalanta,203474,Nicola Zalewski,M,11,6.3,,0.0,1.0,,2,2.0,100.0,,,,,0,0,,
Atalanta vs Sassuolo,Sassuolo,616,Arijanet Murić,G,90,7.2,,0.0,,,33,13.0,39.4,,,,,1,0,1.0,1.0
Atalanta vs Sassuolo,Sassuolo,40582,Sebastian Walukiewicz,D,90,7.2,,0.0,,,23,20.0,87.0,2.0,,,,0,0,2.0,6.0
Atalanta vs Sassuolo,Sassuolo,37651,Jay Idzes,D,90,7.7,,0.0,,,21,18.0,85.7,1.0,,1.0,,0,0,2.0,5.0
Atalanta vs Sassuolo,Sassuolo,271350,Tarik Muharemović,D,90,7.5,,0.0,,,21,20.0,95.2,1.0,3.0,,2.0,0,0,4.0,8.0
Atalanta vs Sassuolo,Sassuolo,41371,Fali Candé,D,81,6.7,,0.0,2.0,,24,19.0,79.2,,,1.0,1.0,1,0,2.0,4.0
Atalanta vs Sassuolo,Sassuolo,328046,Ismael Koné,M,89,6.9,,0.0,,,23,21.0,91.3,,,,1.0,0,0,1.0,2.0
Atalanta vs Sassuolo,Sassuolo,902,Nemanja Matić,M,90,7.3,,0.0,1.0,1.0,44,36.0,81.8,4.0,2.0,,1.0,0,0,7.0,8.0
Atalanta vs Sassuolo,Sassuolo,39143,Kristian Thorstvedt,M,90,6.7,,1.0,1.0,,40,27.0,67.5,1.0,1.0,,,0,0,4.0,6.0
Atalanta vs Sassuolo,Sassuolo,30537,Domenico Berardi,F,89,8.9,2.0,1.0,2.0,2.0,31,25.0,80.6,4.0,1.0,3.0,,0,0,5.0,16.0
Atalanta vs Sassuolo,Sassuolo,31094,Andrea Pinamonti,F,89,7.6,1.0,0.0,1.0,1.0,28,19.0,67.9,1.0,,1.0,1.0,0,0,2.0,8.0
Atalanta vs Sassuolo,Sassuolo,263699,Alieu Fadera,F,60,6.5,,0.0,,,16,12.0,75.0,2.0,,2.0,2.0,0,0,4.0,10.0
Atalanta vs Sassuolo,Sassuolo,2215,Armand Laurienté,F,30,6.7,,0.0,,,9,9.0,100.0,,,,,0,0,1.0,2.0
Atalanta vs Sassuolo,Sassuolo,135526,Josh Doig,D,9,6.7,,0.0,,,8,8.0,100.0,,1.0,,,0,0,,1.0
Genoa vs Fiorentina,Genoa,31631,Nicola Leali,G,90,6.3,,0.0,,,15,8.0,53.3,,,,,0,0,1.0,1.0
Genoa vs Fiorentina,Genoa,281826,Alessandro Marcandalli,D,90,5.7,,0.0,1.0,1.0,33,25.0,75.8,,,,,0,0,4.0,10.0
Genoa vs Fiorentina,Genoa,18967,Leo Østigård,D,90,7.9,1.0,1.0,2.0,2.0,52,43.0,82.7,,1.0,,,0,0,4.0,5.0
Genoa vs Fiorentina,Genoa,35544,Johan Vásquez,D,90,6,,0.0,1.0,,51,43.0,84.3,,4.0,3.0,1.0,0,0,1.0,10.0
Genoa vs Fiorentina,Genoa,284570,Brooke Norton-Cuffy,M,90,6.9,,0.0,,,21,15.0,71.4,,,1.0,1.0,0,0,2.0,7.0
Genoa vs Fiorentina,Genoa,89520,Mikael Ellertsson,M,90,6,,0.0,,,21,12.0,57.1,1.0,,3.0,1.0,1,0,2.0,9.0
Genoa vs Fiorentina,Genoa,15881,Morten Frendrup,M,90,6.9,,0.0,,,25,23.0,92.0,1.0,1.0,3.0,1.0,0,0,5.0,8.0
Genoa vs Fiorentina,Genoa,36980,Morten Thorsby,M,90,5.9,,0.0,1.0,,18,9.0,50.0,,,5.0,,0,0,5.0,13.0
Genoa vs Fiorentina,Genoa,25914,Aarón Martín,M,76,7.2,,1.0,,,17,12.0,70.6,2.0,1.0,1.0,1.0,1,0,5.0,9.0
Genoa vs Fiorentina,Genoa,263481,Lorenzo Colombo,F,67,6.9,1.0,0.0,3.0,2.0,11,10.0,90.9,1.0,,2.0,4.0,0,0,7.0,11.0
Genoa vs Fiorentina,Genoa,281408,Vitinha,F,76,6.2,,0.0,,,7,7.0,100.0,,,1.0,2.0,0,0,2.0,13.0
Genoa vs Fiorentina,Genoa,451504,Jeff Ekhator,F,23,6.3,,0.0,,,4,2.0,50.0,,,,1.0,0,0,2.0,4.0
Genoa vs Fiorentina,Genoa,281096,Patrizio Masini,M,14,6.9,,0.0,1.0,1.0,4,3.0,75.0,4.0,1.0,,,0,0,4.0,7.0
Genoa vs Fiorentina,Genoa,341646,Valentín Carboni,M,14,6.2,,0.0,,,2,2.0,100.0,,,1.0,,0,0,,4.0
Genoa vs Fiorentina,Fiorentina,882,David De Gea,G,90,7.3,,0.0,,,24,18.0,75.0,,,,1.0,0,0,1.0,2.0
Genoa vs Fiorentina,Fiorentina,1084,Marin Pongračić,D,90,5.9,,0.0,,,54,47.0,87.0,,,3.0,1.0,1,0,1.0,4.0
Genoa vs Fiorentina,Fiorentina,46792,Pablo Marí,D,90,6.9,,0.0,1.0,,57,52.0,91.2,1.0,1.0,1.0,1.0,0,0,6.0,8.0
Genoa vs Fiorentina,Fiorentina,31642,Luca Ranieri,D,66,6,,0.0,,,40,33.0,82.5,,1.0,4.0,1.0,1,0,3.0,8.0
Genoa vs Fiorentina,Fiorentina,41144,Dodô,M,90,6.7,,0.0,,,30,23.0,76.7,3.0,1.0,1.0,3.0,1,0,7.0,13.0
Genoa vs Fiorentina,Fiorentina,30810,Rolando Mandragora,M,90,7.2,,0.0,,,34,26.0,76.5,4.0,,1.0,3.0,0,0,14.0,18.0
Genoa vs Fiorentina,Fiorentina,881,Hans Nicolussi Caviglia,M,90,6.9,,0.0,,,51,41.0,80.4,2.0,,,1.0,0,0,4.0,6.0
Genoa vs Fiorentina,Fiorentina,1014,Simon Sohm,M,75,6.7,,1.0,,,30,27.0,90.0,,1.0,2.0,1.0,0,0,4.0,10.0
Genoa vs Fiorentina,Fiorentina,437093,Niccolò Fortini,M,66,7.5,,0.0,,,27,24.0,88.9,4.0,,,1.0,0,0,5.0,7.0
Genoa vs Fiorentina,Fiorentina,30440,Roberto Piccoli,F,84,7.9,1.0,0.0,3.0,2.0,13,6.0,46.2,1.0,,1.0,2.0,0,0,10.0,15.0
Genoa vs Fiorentina,Fiorentina,2799,Albert Guðmundsson,F,74,7.2,1.0,0.0,1.0,1.0,21,18.0,85.7,1.0,,1.0,2.0,0,0,3.0,5.0
Genoa vs Fiorentina,Fiorentina,180510,Mattia Viti,D,24,7,,0.0,,,13,11.0,84.6,1.0,1.0,,,0,0,2.0,4.0
Genoa vs Fiorentina,Fiorentina,136087,Fabiano Parisi,D,24,6.9,,0.0,,,12,10.0,83.3,,,,,0,0,1.0,1.0
Genoa vs Fiorentina,Fiorentina,790,Edin Džeko,F,16,6.9,,0.0,,,6,3.0,50.0,,,1.0,2.0,0,0,6.0,8.0
Genoa vs Fiorentina,Fiorentina,311083,Cher Ndour,M,15,6.3,,0.0,,,2,1.0,50.0,,,,,0,0,,1.0
Genoa vs Fiorentina,Fiorentina,340700,Jacopo Fazzini,M,11,6.3,,0.0,,,4,3.0,75.0,,,,,0,0,,1.0
Bologna vs Napoli,Bologna,2998,Łukasz Skorupski,G,8,6.5,,0.0,,,3,1.0,33.3,,,,,0,0,,
Bologna vs Napoli,Bologna,47985,Emil Holm,D,90,7.9,,1.0,,,32,24.0,75.0,3.0,2.0,1.0,2.0,0,0,6.0,7.0
Bologna vs Napoli,Bologna,39254,Torbjørn Heggem,D,90,6.9,,0.0,,,31,27.0,87.1,1.0,,3.0,1.0,0,0,3.0,6.0
Bologna vs Napoli,Bologna,1929,Jhon Lucumí,D,90,8.7,1.0,0.0,2.0,1.0,43,39.0,90.7,3.0,1.0,,2.0,0,0,8.0,10.0
Bologna vs Napoli,Bologna,134,Juan Miranda,D,90,7.2,,0.0,,,38,32.0,84.2,2.0,,1.0,2.0,0,0,8.0,10.0
Bologna vs Napoli,Bologna,44814,Lewis Ferguson,M,90,6.9,,0.0,,,65,53.0,81.5,,,4.0,1.0,0,0,2.0,7.0
Bologna vs Napoli,Bologna,31273,Tommaso Pobega,M,81,6.7,,0.0,,,19,16.0,84.2,,1.0,1.0,,0,0,,2.0
Bologna vs Napoli,Bologna,30488,Riccardo Orsolini,M,81,6.3,,0.0,1.0,1.0,23,16.0,69.6,,,1.0,1.0,1,0,3.0,6.0
Bologna vs Napoli,Bologna,30542,Jens Odgaard,M,61,6.3,,0.0,,,9,6.0,66.7,1.0,,1.0,,0,0,2.0,5.0
Bologna vs Napoli,Bologna,278095,Jonathan Rowe,M,45,6.9,,0.0,1.0,1.0,15,14.0,93.3,1.0,,,1.0,0,0,3.0,4.0
Bologna vs Napoli,Bologna,93016,Thijs Dallinga,F,90,7.9,1.0,0.0,2.0,1.0,20,16.0,80.0,2.0,,2.0,,0,0,7.0,12.0
Bologna vs Napoli,Bologna,446089,Massimo Pessina,G,82,6.9,,0.0,,,29,17.0,58.6,,,,,0,0,,
Bologna vs Napoli,Bologna,30438,Nicolò Cambiaghi,F,45,7.2,,1.0,,,12,10.0,83.3,1.0,1.0,,4.0,0,0,5.0,7.0
Bologna vs Napoli,Bologna,873,Federico Bernardeschi,F,29,6.6,,0.0,2.0,,17,13.0,76.5,,1.0,,1.0,0,0,1.0,6.0
Bologna vs Napoli,Bologna,31099,Nicolò Casale,D,9,6.6,,0.0,,,5,5.0,100.0,,,,,0,0,,
Bologna vs Napoli,Bologna,1322,Nikola Moro,M,9,6.7,,0.0,,,9,8.0,88.9,,1.0,,,0,0,,
Bologna vs Napoli,Napoli,31156,Vanja Milinković-Savić,G,90,6.3,,0.0,,,46,35.0,76.1,,,,,0,0,,
Bologna vs Napoli,Napoli,31042,Giovanni Di Lorenzo,D,90,6.3,,0.0,,,48,38.0,79.2,3.0,,3.0,,0,0,5.0,9.0
Bologna vs Napoli,Napoli,1314,Amir Rrahmani,D,90,6.2,,0.0,,,76,71.0,93.4,,1.0,,,0,0,2.0,7.0
Bologna vs Napoli,Napoli,31226,Alessandro Buongiorno,D,77,6.7,,0.0,,,62,56.0,90.3,,1.0,,2.0,0,0,4.0,4.0
Bologna vs Napoli,Napoli,162032,Miguel Gutiérrez,D,77,6.7,,0.0,,,35,25.0,71.4,2.0,1.0,,2.0,0,0,6.0,7.0
Bologna vs Napoli,Napoli,3406,Frank Anguissa,M,90,6.3,,0.0,,,58,50.0,86.2,1.0,,2.0,3.0,0,0,4.0,10.0
Bologna vs Napoli,Napoli,47439,Stanislav Lobotka,M,90,6.7,,0.0,,,81,71.0,87.7,1.0,,1.0,,0,0,1.0,3.0
Bologna vs Napoli,Napoli,903,Scott McTominay,M,82,6.7,,0.0,1.0,,26,23.0,88.5,,,,2.0,0,0,3.0,4.0
Bologna vs Napoli,Napoli,219,Matteo Politano,F,67,6.3,,0.0,,,30,24.0,80.0,,1.0,1.0,,0,0,1.0,6.0
Bologna vs Napoli,Napoli,288006,Rasmus Højlund,F,90,5.9,,0.0,,,25,22.0,88.0,,,5.0,3.0,1,0,5.0,18.0
Bologna vs Napoli,Napoli,1358,Eljif Elmas,F,67,6.3,,0.0,1.0,1.0,18,13.0,72.2,,,,,0,0,,3.0
Bologna vs Napoli,Napoli,552,David Neres,F,23,6.3,,0.0,,,6,4.0,66.7,1.0,,1.0,,1,0,1.0,4.0
Bologna vs Napoli,Napoli,544,Noa Lang,F,23,6.3,,0.0,,,10,9.0,90.0,,,2.0,,1,0,1.0,5.0
Bologna vs Napoli,Napoli,47254,Mathías Olivera,D,13,6.7,,0.0,,,14,12.0,85.7,,,,,0,0,,
Bologna vs Napoli,Napoli,774,Juan Jesus,D,13,6.9,,0.0,,,15,14.0,93.3,1.0,,,,0,0,1.0,2.0
Bologna vs Napoli,Napoli,199089,Lorenzo Lucca,F,8,6.3,,0.0,,,1,,,,,,,0,0,,
AS Roma vs Udinese,AS Roma,556,Mile Svilar,G,90,8.2,,0.0,,,29,21.0,72.4,,,,,0,0,,
AS Roma vs Udinese,AS Roma,30425,Gianluca Mancini,D,90,7.2,,1.0,,,57,48.0,84.2,2.0,2.0,3.0,1.0,0,0,5.0,9.0
AS Roma vs Udinese,AS Roma,1807,Evan Ndicka,D,90,7.5,,0.0,,,53,47.0,88.7,,1.0,1.0,2.0,0,0,4.0,8.0
AS Roma vs Udinese,AS Roma,2669,Mario Hermoso,D,90,6.6,,0.0,,,50,38.0,76.0,2.0,1.0,2.0,1.0,0,0,3.0,6.0
AS Roma vs Udinese,AS Roma,22222,Zeki Çelik,M,89,7.9,1.0,0.0,2.0,1.0,43,41.0,95.3,1.0,,,,0,0,3.0,6.0
AS Roma vs Udinese,AS Roma,778,Bryan Cristante,M,90,7.2,,0.0,,,60,51.0,85.0,1.0,,2.0,,1,0,3.0,9.0
AS Roma vs Udinese,AS Roma,22147,Manu Koné,M,90,7.3,,0.0,1.0,1.0,43,37.0,86.0,4.0,,2.0,,0,0,4.0,8.0
AS Roma vs Udinese,AS Roma,349001,Wesley,M,89,7.5,,0.0,,,33,27.0,81.8,2.0,,,2.0,0,0,4.0,6.0
AS Roma vs Udinese,AS Roma,323936,Matías Soulé,F,74,6.3,,0.0,,,31,26.0,83.9,,,,1.0,0,0,1.0,6.0
AS Roma vs Udinese,AS Roma,782,Lorenzo Pellegrini,F,74,7.2,1.0,0.0,2.0,1.0,46,39.0,84.8,1.0,,1.0,1.0,1,0,3.0,10.0
AS Roma vs Udinese,AS Roma,15811,Artem Dovbyk,F,42,6.3,,0.0,,,1,,,,,,,0,0,1.0,2.0
AS Roma vs Udinese,AS Roma,288769,Tommaso Baldanzi,M,48,6.7,,0.0,,,24,23.0,95.8,,,1.0,3.0,0,0,4.0,10.0
AS Roma vs Udinese,AS Roma,277003,Neil El Aynaoui,M,16,6.6,,0.0,,,10,10.0,100.0,,1.0,,,0,0,,1.0
AS Roma vs Udinese,AS Roma,791,Stephan El Shaarawy,F,16,6.7,,0.0,1.0,1.0,5,4.0,80.0,,,,,0,0,,2.0
AS Roma vs Udinese,Udinese,143648,Maduka Okoye,G,90,7,,0.0,,,48,34.0,70.8,,,,,0,0,,
AS Roma vs Udinese,Udinese,315249,Nicolò Bertola,D,90,6.9,,0.0,,,46,38.0,82.6,4.0,,1.0,1.0,0,0,6.0,7.0
AS Roma vs Udinese,Udinese,18797,Christian Kabasele,D,53,6.9,,0.0,,,12,8.0,66.7,,1.0,,1.0,0,0,2.0,4.0
AS Roma vs Udinese,Udinese,656,Oumar Solet,D,90,6.6,,0.0,,,54,48.0,88.9,4.0,2.0,3.0,,0,0,6.0,10.0
AS Roma vs Udinese,Udinese,162907,Alessandro Zanoli,M,90,6.3,,0.0,,,30,21.0,70.0,1.0,,2.0,,0,0,5.0,9.0
AS Roma vs Udinese,Udinese,541,Jürgen Ekkelenkamp,M,90,6.6,,0.0,,,22,17.0,77.3,2.0,,1.0,,0,0,3.0,5.0
AS Roma vs Udinese,Udinese,48047,Jesper Karlström,M,72,6.9,,0.0,,,29,24.0,82.8,2.0,1.0,,1.0,1,0,3.0,5.0
AS Roma vs Udinese,Udinese,347644,Arthur Atta,M,90,6.6,,0.0,1.0,,39,29.0,74.4,1.0,,,2.0,0,0,6.0,8.0
AS Roma vs Udinese,Udinese,22007,Hassane Kamara,M,82,6.2,,0.0,1.0,1.0,19,14.0,73.7,,1.0,1.0,,0,0,,
AS Roma vs Udinese,Udinese,786,Nicolò Zaniolo,F,82,6.6,,0.0,1.0,1.0,11,8.0,72.7,1.0,1.0,2.0,3.0,0,0,5.0,14.0
AS Roma vs Udinese,Udinese,40594,Adam Buksa,F,72,6.9,,0.0,1.0,1.0,9,7.0,77.8,1.0,,2.0,4.0,0,0,7.0,14.0
AS Roma vs Udinese,Udinese,422156,Matteo Palma,D,37,6.3,,0.0,,,16,12.0,75.0,,1.0,,,0,0,2.0,2.0
AS Roma vs Udinese,Udinese,1939,Jakub Piotrowski,M,18,7,,0.0,,,14,12.0,85.7,1.0,,,,0,0,2.0,2.0
AS Roma vs Udinese,Udinese,19185,Keinan Davis,F,18,6.2,,0.0,,,3,2.0,66.7,,,2.0,,0,0,,1.0
AS Roma vs Udinese,Udinese,19824,Jordan Zemura,D,8,6.9,,0.0,,,6,5.0,83.3,,,,1.0,0,0,1.0,2.0
AS Roma vs Udinese,Udinese,1134,Vakoun Issouf Bayo,F,8,6.6,,0.0,1.0,1.0,3,3.0,100.0,,,,,0,0,1.0,2.0
Inter vs Lazio,Inter,2802,Yann Sommer,G,90,8.3,,0.0,,,48,43.0,89.6,,,,,0,0,,
Inter vs Lazio,Inter,5,Manuel Akanji,D,90,7.5,,0.0,1.0,,76,71.0,93.4,,,2.0,,1,0,2.0,5.0
Inter vs Lazio,Inter,1836,Francesco Acerbi,D,90,6.9,,0.0,,,73,69.0,94.5,1.0,2.0,1.0,1.0,0,0,3.0,7.0
Inter vs Lazio,Inter,31009,Alessandro Bastoni,D,90,6.9,,1.0,,,65,57.0,87.7,2.0,,6.0,1.0,0,0,3.0,11.0
Inter vs Lazio,Inter,226,Denzel Dumfries,M,56,6.2,,0.0,,,18,14.0,77.8,,,4.0,1.0,1,0,2.0,7.0
Inter vs Lazio,Inter,30558,Nicolò Barella,M,90,8,,0.0,,,53,45.0,84.9,3.0,1.0,,2.0,0,0,7.0,8.0
Inter vs Lazio,Inter,1640,Hakan Çalhanoğlu,M,81,7.2,,0.0,,,83,75.0,90.4,1.0,,1.0,1.0,0,0,2.0,4.0
Inter vs Lazio,Inter,348205,Petar Sučić,M,56,6.5,,0.0,1.0,,23,19.0,82.6,1.0,,3.0,,1,0,1.0,4.0
Inter vs Lazio,Inter,31010,Federico Dimarco,M,90,8.9,,1.0,,,39,30.0,76.9,2.0,1.0,2.0,1.0,0,0,3.0,5.0
Inter vs Lazio,Inter,275651,Ange-Yoan Bonny,F,81,7.2,1.0,0.0,1.0,1.0,21,19.0,90.5,,,1.0,,0,0,2.0,6.0
Inter vs Lazio,Inter,217,Lautaro Martínez,F,71,7.2,1.0,0.0,3.0,1.0,22,17.0,77.3,,,3.0,1.0,0,0,3.0,7.0
Inter vs Lazio,Inter,10238,Carlos Augusto,D,34,6.9,,0.0,1.0,1.0,18,15.0,83.3,3.0,,1.0,,0,0,3.0,4.0
Inter vs Lazio,Inter,329,Piotr Zieliński,M,34,6.7,,0.0,,,11,9.0,81.8,1.0,,,,0,0,1.0,1.0
Inter vs Lazio,Inter,21509,Marcus Thuram,F,19,6.7,,0.0,,,5,4.0,80.0,,,2.0,2.0,0,0,4.0,7.0
Inter vs Lazio,Inter,31173,Davide Frattesi,M,9,6.6,,0.0,,,1,1.0,100.0,,,,1.0,0,0,1.0,1.0
Inter vs Lazio,Inter,345808,Francesco Pio Esposito,F,9,6.9,,0.0,,,3,1.0,33.3,,,,,0,0,2.0,2.0
Inter vs Lazio,Lazio,31037,Ivan Provedel,G,90,6.5,,0.0,,,33,26.0,78.8,,,,,0,0,,
Inter vs Lazio,Lazio,30866,Manuel Lazzari,D,68,6.2,,0.0,,,36,32.0,88.9,,1.0,,2.0,0,0,2.0,3.0
Inter vs Lazio,Lazio,162952,Mario Gila Fuentes,D,90,6.2,,0.0,1.0,1.0,47,40.0,85.1,1.0,,,,0,0,5.0,12.0
Inter vs Lazio,Lazio,1632,Alessio Romagnoli,D,75,6.5,,0.0,,,44,38.0,86.4,1.0,3.0,1.0,1.0,0,0,4.0,7.0
Inter vs Lazio,Lazio,1844,Adam Marušić,D,90,6,,0.0,,,68,53.0,77.9,,1.0,1.0,1.0,0,0,1.0,3.0
Inter vs Lazio,Lazio,1454,Mattéo Guendouzi,M,90,7,,0.0,1.0,1.0,44,41.0,93.2,,,1.0,2.0,0,0,2.0,3.0
Inter vs Lazio,Lazio,1852,Danilo Cataldi,M,65,6.9,,0.0,,,32,26.0,81.2,1.0,,,,0,0,2.0,5.0
Inter vs Lazio,Lazio,1266,Toma Bašić,M,90,6.2,,0.0,,,38,34.0,89.5,1.0,,1.0,,0,0,1.0,5.0
Inter vs Lazio,Lazio,135519,Gustav Isaksen,F,65,6.5,,0.0,2.0,1.0,12,9.0,75.0,,,,5.0,0,0,6.0,9.0
Inter vs Lazio,Lazio,22015,Boulaye Dia,F,65,6.5,,0.0,,,10,7.0,70.0,,,2.0,1.0,0,0,2.0,5.0
Inter vs Lazio,Lazio,30937,Mattia Zaccagni,F,90,7,,0.0,1.0,,40,34.0,85.0,1.0,1.0,1.0,8.0,1,0,10.0,16.0
Inter vs Lazio,Lazio,211,Matías Vecino,M,25,6.6,,0.0,,,30,28.0,93.3,,1.0,,,0,0,,
Inter vs Lazio,Lazio,2299,Pedro,F,25,6.9,,0.0,1.0,,16,16.0,100.0,,1.0,,3.0,0,0,3.0,3.0
Inter vs Lazio,Lazio,133729,Tijjani Noslin,F,25,6.5,,0.0,1.0,1.0,9,8.0,88.9,,,2.0,,0,0,1.0,4.0
Inter vs Lazio,Lazio,30554,Luca Pellegrini,D,22,7,,0.0,1.0,1.0,20,18.0,90.0,,1.0,1.0,1.0,0,0,1.0,3.0
Inter vs Lazio,Lazio,350857,Oliver Provstgaard,D,15,6.6,,0.0,,,15,15.0,100.0,,,1.0,,0,0,,1.0
Cagliari vs Genoa,Cagliari,30731,Elia Caprile,G,90,7,,0.0,,,26,16.0,61.5,,,,,0,0,,
Cagliari vs Genoa,Cagliari,200,Gabriele Zappa,D,90,6.9,,1.0,,,55,49.0,89.1,3.0,1.0,,,0,0,4.0,8.0
Cagliari vs Genoa,Cagliari,2484,Yerry Mina,D,90,5.9,,0.0,1.0,,46,39.0,84.8,2.0,2.0,2.0,1.0,1,0,6.0,12.0
Cagliari vs Genoa,Cagliari,319,Sebastiano Luperto,D,90,6.5,,0.0,,,34,27.0,79.4,3.0,1.0,4.0,1.0,1,0,4.0,8.0
Cagliari vs Genoa,Cagliari,31734,Mattia Felici,M,57,6.3,,0.0,,,19,13.0,68.4,2.0,,1.0,1.0,0,0,4.0,7.0
Cagliari vs Genoa,Cagliari,30561,Alessandro Deiola,M,76,6.3,,1.0,1.0,1.0,30,22.0,73.3,1.0,,1.0,2.0,1,0,4.0,10.0
Cagliari vs Genoa,Cagliari,309388,Matteo Prati,M,57,6.2,,0.0,2.0,,20,12.0,60.0,,,2.0,,1,0,,3.0
Cagliari vs Genoa,Cagliari,56851,Michael Folorunsho,M,90,6.5,,0.0,,,12,8.0,66.7,4.0,,3.0,1.0,0,0,6.0,13.0
Cagliari vs Genoa,Cagliari,383018,Marco Palestra,M,90,7.3,,1.0,,,25,21.0,84.0,1.0,,3.0,3.0,0,0,4.0,9.0
Cagliari vs Genoa,Cagliari,215,Sebastiano Esposito,F,71,7.6,1.0,0.0,2.0,1.0,26,18.0,69.2,2.0,,1.0,,0,0,4.0,7.0
Cagliari vs Genoa,Cagliari,31499,Gennaro Borrelli,F,71,8.9,2.0,0.0,2.0,2.0,15,11.0,73.3,1.0,,2.0,4.0,0,0,8.0,16.0
Cagliari vs Genoa,Cagliari,383026,Riyad Idrissi,D,33,6.2,,0.0,,,7,4.0,57.1,1.0,1.0,1.0,,0,0,1.0,3.0
Cagliari vs Genoa,Cagliari,30505,Michel Adopo,M,33,6.3,,0.0,,,10,7.0,70.0,1.0,,1.0,1.0,0,0,3.0,7.0
Cagliari vs Genoa,Cagliari,30573,Leonardo Pavoletti,F,19,6.2,,0.0,,,8,4.0,50.0,,1.0,1.0,,0,0,1.0,4.0
Cagliari vs Genoa,Cagliari,140831,Zito Luvumbo,F,19,6.5,,0.0,,,2,1.0,50.0,,,,,0,0,,1.0
Cagliari vs Genoa,Cagliari,325,Gianluca Gaetano,M,14,6.7,,0.0,1.0,1.0,8,3.0,37.5,1.0,,,,0,0,2.0,2.0
Cagliari vs Genoa,Genoa,31631,Nicola Leali,G,90,6.5,,0.0,,,20,17.0,85.0,,,,,0,0,,
Cagliari vs Genoa,Genoa,281826,Alessandro Marcandalli,D,78,6.5,,0.0,,,35,33.0,94.3,1.0,,,1.0,0,0,3.0,3.0
Cagliari vs Genoa,Genoa,18967,Leo Østigård,D,90,8.2,1.0,0.0,1.0,1.0,53,46.0,86.8,3.0,1.0,3.0,1.0,0,0,8.0,12.0
Cagliari vs Genoa,Genoa,35544,Johan Vásquez,D,90,6.7,,0.0,3.0,1.0,55,48.0,87.3,3.0,,1.0,1.0,0,0,8.0,11.0
Cagliari vs Genoa,Genoa,284570,Brooke Norton-Cuffy,M,90,6.5,,0.0,1.0,1.0,27,20.0,74.1,1.0,,3.0,2.0,2,1,5.0,10.0
Cagliari vs Genoa,Genoa,1938,Ruslan Malinovskyi,M,87,6.3,,0.0,1.0,,34,30.0,88.2,2.0,,1.0,,0,0,2.0,10.0
Cagliari vs Genoa,Genoa,15881,Morten Frendrup,M,90,6.9,,0.0,,,32,30.0,93.8,2.0,,2.0,3.0,0,0,6.0,10.0
Cagliari vs Genoa,Genoa,36980,Morten Thorsby,M,66,6.6,,1.0,,,22,17.0,77.3,1.0,,1.0,1.0,0,0,4.0,7.0
Cagliari vs Genoa,Genoa,25914,Aarón Martín,M,90,7.9,1.0,0.0,1.0,1.0,26,20.0,76.9,,1.0,1.0,1.0,0,0,1.0,5.0
Cagliari vs Genoa,Genoa,263481,Lorenzo Colombo,F,88,7.2,,1.0,2.0,2.0,30,22.0,73.3,,,,4.0,0,0,9.0,17.0
Cagliari vs Genoa,Genoa,281408,Vitinha,F,78,8.9,1.0,0.0,2.0,2.0,15,13.0,86.7,1.0,1.0,3.0,5.0,0,0,10.0,18.0
Cagliari vs Genoa,Genoa,263177,Albert Grønbæk,M,24,6.5,,0.0,,,1,1.0,100.0,1.0,,1.0,,1,0,1.0,3.0
Cagliari vs Genoa,Genoa,341646,Valentín Carboni,M,12,6.5,,0.0,1.0,,6,5.0,83.3,,,,,0,0,,1.0
Cagliari vs Genoa,Genoa,3430,Caleb Ekuban,F,12,6.6,,0.0,,,4,2.0,50.0,,,,2.0,0,0,2.0,2.0
Cagliari vs Genoa,Genoa,281096,Patrizio Masini,M,8,6.3,,0.0,,,2,1.0,50.0,,,,,0,0,,1.0
Cagliari vs Genoa,Genoa,89520,Mikael Ellertsson,M,8,6.7,,0.0,,,1,,,,,,,0,0,,
Udinese vs Bologna,Udinese,143648,Maduka Okoye,G,90,6.3,,0.0,,,36,26.0,72.2,,,,,0,0,,
Udinese vs Bologna,Udinese,315249,Nicolò Bertola,D,90,5.6,,0.0,1.0,,35,27.0,77.1,2.0,2.0,2.0,1.0,0,0,5.0,9.0
Udinese vs Bologna,Udinese,18797,Christian Kabasele,D,90,5.9,,0.0,,,28,23.0,82.1,,2.0,1.0,1.0,0,0,4.0,10.0
Udinese vs Bologna,Udinese,656,Oumar Solet,D,90,6.9,,0.0,,,52,44.0,84.6,3.0,1.0,,2.0,0,0,9.0,11.0
Udinese vs Bologna,Udinese,36916,Kingsley Ehizibue,M,63,6.3,,0.0,,,12,9.0,75.0,2.0,1.0,4.0,1.0,0,0,4.0,9.0
Udinese vs Bologna,Udinese,541,Jürgen Ekkelenkamp,M,71,6,,0.0,3.0,2.0,14,7.0,50.0,1.0,1.0,3.0,1.0,0,0,3.0,7.0
Udinese vs Bologna,Udinese,48047,Jesper Karlström,M,90,6.9,,0.0,,,19,13.0,68.4,3.0,,,2.0,0,0,6.0,7.0
Udinese vs Bologna,Udinese,347644,Arthur Atta,M,90,7.3,,0.0,1.0,,28,18.0,64.3,,1.0,,2.0,0,0,6.0,12.0
Udinese vs Bologna,Udinese,22007,Hassane Kamara,M,71,6.6,,0.0,1.0,1.0,24,21.0,87.5,1.0,2.0,2.0,,0,0,1.0,4.0
Udinese vs Bologna,Udinese,786,Nicolò Zaniolo,F,64,6.3,,0.0,,,8,6.0,75.0,3.0,,2.0,1.0,0,0,6.0,15.0
Udinese vs Bologna,Udinese,19185,Keinan Davis,F,63,6.2,,0.0,1.0,,11,7.0,63.6,,,1.0,,0,0,2.0,8.0
Udinese vs Bologna,Udinese,162907,Alessandro Zanoli,D,27,6.2,,0.0,,,7,3.0,42.9,1.0,,1.0,,0,0,1.0,2.0
Udinese vs Bologna,Udinese,40594,Adam Buksa,F,27,6.6,,0.0,,,5,2.0,40.0,,,,2.0,0,0,5.0,7.0
Udinese vs Bologna,Udinese,1134,Vakoun Issouf Bayo,F,26,6.5,,0.0,2.0,,4,4.0,100.0,2.0,,2.0,2.0,0,0,4.0,8.0
Udinese vs Bologna,Udinese,19824,Jordan Zemura,D,19,7.2,,0.0,,,10,7.0,70.0,1.0,,1.0,,0,0,1.0,5.0
Udinese vs Bologna,Udinese,1939,Jakub Piotrowski,M,19,6.6,,0.0,1.0,,10,8.0,80.0,1.0,,,1.0,0,0,2.0,2.0
Udinese vs Bologna,Bologna,31098,Federico Ravaglia,G,90,7.3,,0.0,,,46,31.0,67.4,,,,1.0,0,0,2.0,2.0
Udinese vs Bologna,Bologna,30498,Lorenzo De Silvestri,D,63,6.9,,0.0,,,22,19.0,86.4,,1.0,2.0,,1,0,,2.0
Udinese vs Bologna,Bologna,31099,Nicolò Casale,D,90,7.2,,0.0,,,34,28.0,82.4,1.0,,3.0,1.0,0,0,6.0,13.0
Udinese vs Bologna,Bologna,39254,Torbjørn Heggem,D,90,7.3,,0.0,,,36,30.0,83.3,1.0,1.0,,1.0,0,0,3.0,6.0
Udinese vs Bologna,Bologna,134,Juan Miranda,D,90,7.2,,0.0,,,42,32.0,76.2,,,,3.0,0,0,3.0,5.0
Udinese vs Bologna,Bologna,1322,Nikola Moro,M,90,7.2,,0.0,,,39,30.0,76.9,2.0,2.0,1.0,2.0,0,0,5.0,11.0
Udinese vs Bologna,Bologna,31273,Tommaso Pobega,M,90,9.3,2.0,0.0,3.0,2.0,32,25.0,78.1,4.0,2.0,3.0,1.0,0,0,9.0,16.0
Udinese vs Bologna,Bologna,30488,Riccardo Orsolini,M,78,5.9,,1.0,2.0,1.0,20,12.0,60.0,,,,1.0,0,0,3.0,9.0
Udinese vs Bologna,Bologna,322630,Giovanni Fabbian,M,78,6.2,,0.0,1.0,,13,10.0,76.9,,,2.0,2.0,0,0,3.0,9.0
Udinese vs Bologna,Bologna,347265,Benjamín Domínguez,M,85,6.9,,0.0,,,13,10.0,76.9,2.0,1.0,2.0,4.0,0,0,8.0,15.0
Udinese vs Bologna,Bologna,311067,Santiago Castro,F,84,6.2,,0.0,,,12,6.0,50.0,,,2.0,,0,0,2.0,9.0
Udinese vs Bologna,Bologna,128461,Nadir Zortea,D,27,7.7,,0.0,1.0,,15,9.0,60.0,4.0,1.0,,1.0,0,0,9.0,10.0
Udinese vs Bologna,Bologna,873,Federico Bernardeschi,F,12,7.9,1.0,0.0,2.0,2.0,8,6.0,75.0,1.0,,1.0,,0,0,2.0,4.0
Udinese vs Bologna,Bologna,353609,Ibrahim Sulemana,M,12,6.7,,0.0,,,6,5.0,83.3,,,,,0,0,1.0,2.0
Udinese vs Bologna,Bologna,93016,Thijs Dallinga,F,12,6.5,,0.0,,,5,3.0,60.0,,,,,0,0,,
Udinese vs Bologna,Bologna,30542,Jens Odgaard,F,11,6.3,,0.0,,,3,2.0,66.7,,,,1.0,0,0,1.0,3.0
Fiorentina vs Juventus,Fiorentina,882,David De Gea,G,90,6.6,,0.0,,,32,22.0,68.8,,,,,0,0,,
Fiorentina vs Juventus,Fiorentina,1084,Marin Pongračić,D,90,6.6,,0.0,,,51,48.0,94.1,,1.0,1.0,1.0,0,0,4.0,6.0
Fiorentina vs Juventus,Fiorentina,46792,Pablo Marí,D,90,6.2,,0.0,,,32,31.0,96.9,,2.0,3.0,2.0,0,0,2.0,9.0
Fiorentina vs Juventus,Fiorentina,31642,Luca Ranieri,D,82,6.7,,0.0,,,41,33.0,80.5,1.0,,,1.0,0,0,2.0,2.0
Fiorentina vs Juventus,Fiorentina,41144,Dodô,M,45,6.7,,0.0,,,20,17.0,85.0,,,,,0,0,,
Fiorentina vs Juventus,Fiorentina,30810,Rolando Mandragora,M,90,8,1.0,0.0,2.0,1.0,27,23.0,85.2,,,2.0,3.0,1,0,4.0,7.0
Fiorentina vs Juventus,Fiorentina,876,Nicolò Fagioli,M,90,7.5,,0.0,,,47,44.0,93.6,2.0,2.0,2.0,,1,0,2.0,6.0
Fiorentina vs Juventus,Fiorentina,1014,Simon Sohm,M,60,6.3,,0.0,,,17,16.0,94.1,,,1.0,,0,0,,2.0
Fiorentina vs Juventus,Fiorentina,136087,Fabiano Parisi,M,69,7.2,,0.0,1.0,,25,21.0,84.0,1.0,1.0,,4.0,1,0,7.0,9.0
Fiorentina vs Juventus,Fiorentina,30440,Roberto Piccoli,F,60,6.3,,0.0,,,7,3.0,42.9,,,1.0,1.0,0,0,3.0,5.0
Fiorentina vs Juventus,Fiorentina,877,Moise Kean,F,90,7.3,,1.0,4.0,1.0,8,4.0,50.0,1.0,2.0,,4.0,0,0,9.0,17.0
Fiorentina vs Juventus,Fiorentina,437093,Niccolò Fortini,D,45,6.7,,0.0,1.0,,14,11.0,78.6,1.0,1.0,,1.0,0,0,2.0,5.0
Fiorentina vs Juventus,Fiorentina,311083,Cher Ndour,M,30,6.6,,0.0,,,6,3.0,50.0,,2.0,1.0,,0,0,2.0,8.0
Fiorentina vs Juventus,Fiorentina,2799,Albert Guðmundsson,F,30,6.6,,0.0,,,7,7.0,100.0,,,,,0,0,,
Fiorentina vs Juventus,Fiorentina,448977,Eddy Kouadio,D,21,6.9,,0.0,,,5,5.0,100.0,,,,1.0,0,0,2.0,3.0
Fiorentina vs Juventus,Fiorentina,180510,Mattia Viti,D,8,6.6,,0.0,,,3,3.0,100.0,,,,,0,0,,
Fiorentina vs Juventus,Juventus,30670,Michele Di Gregorio,G,90,6.7,,0.0,,,21,14.0,66.7,,,,,0,0,,
Fiorentina vs Juventus,Juventus,162188,Pierre Kalulu,D,90,7.3,,0.0,,,71,67.0,94.4,4.0,2.0,,,0,0,5.0,8.0
Fiorentina vs Juventus,Juventus,19263,Lloyd Kelly,D,90,6.9,,0.0,,,64,56.0,87.5,2.0,,,,0,0,6.0,9.0
Fiorentina vs Juventus,Juventus,36899,Teun Koopmeiners,D,90,6.9,,0.0,,,61,60.0,98.4,,1.0,1.0,,0,0,,2.0
Fiorentina vs Juventus,Juventus,127011,Andrea Cambiaso,M,76,6.3,,0.0,,,24,18.0,75.0,2.0,,1.0,,0,0,2.0,3.0
Fiorentina vs Juventus,Juventus,30533,Manuel Locatelli,M,90,7.9,,0.0,1.0,1.0,85,77.0,90.6,1.0,,1.0,3.0,0,0,4.0,8.0
Fiorentina vs Juventus,Juventus,116,Khéphren Thuram,M,66,6.3,,0.0,,,27,26.0,96.3,1.0,1.0,4.0,,0,0,1.0,6.0
Fiorentina vs Juventus,Juventus,1821,Filip Kostić,M,66,7,1.0,0.0,1.0,1.0,27,24.0,88.9,3.0,,2.0,,0,0,3.0,5.0
Fiorentina vs Juventus,Juventus,415,Weston McKennie,F,90,6.9,,0.0,2.0,1.0,43,38.0,88.4,1.0,1.0,2.0,,1,0,3.0,6.0
Fiorentina vs Juventus,Juventus,339883,Kenan Yıldız,F,88,6.7,,0.0,1.0,1.0,26,23.0,88.5,,,1.0,2.0,0,0,4.0,8.0
Fiorentina vs Juventus,Juventus,30415,Dušan Vlahović,F,88,6.7,,1.0,2.0,,16,11.0,68.8,,1.0,2.0,4.0,0,0,5.0,9.0
Fiorentina vs Juventus,Juventus,125674,Juan Cabal,D,24,6.3,,0.0,,,8,5.0,62.5,,,2.0,,1,0,,3.0
Fiorentina vs Juventus,Juventus,181808,Fabio Miretti,M,24,6.6,,0.0,1.0,,22,18.0,81.8,2.0,,2.0,1.0,1,0,3.0,5.0
Fiorentina vs Juventus,Juventus,161585,Francisco Conceição,F,14,6.9,,0.0,,,7,6.0,85.7,1.0,,,,0,0,3.0,4.0
Fiorentina vs Juventus,Juventus,86,Loïs Openda,F,2,,,0.0,,,2,1.0,50.0,,,,,0,0,,1.0
Fiorentina vs Juventus,Juventus,8489,Jonathan David,F,2,,,0.0,,,3,2.0,66.7,,,,,0,0,1.0,2.0
Napoli vs Atalanta,Napoli,31156,Vanja Milinković-Savić,G,90,6.3,,0.0,,,48,31.0,64.6,,,,,0,0,,
Napoli vs Atalanta,Napoli,37604,Sam Beukema,D,90,6.9,,0.0,,,64,59.0,92.2,1.0,2.0,,,0,0,2.0,2.0
Napoli vs Atalanta,Napoli,1314,Amir Rrahmani,D,64,7,,0.0,,,51,50.0,98.0,1.0,1.0,,1.0,0,0,5.0,5.0
Napoli vs Atalanta,Napoli,31226,Alessandro Buongiorno,D,90,6.5,,0.0,,,50,40.0,80.0,1.0,1.0,2.0,,0,0,4.0,8.0
Napoli vs Atalanta,Napoli,31042,Giovanni Di Lorenzo,M,90,7.2,,1.0,2.0,1.0,42,31.0,73.8,1.0,,2.0,1.0,0,0,4.0,7.0
Napoli vs Atalanta,Napoli,47439,Stanislav Lobotka,M,90,6.5,,0.0,,,48,43.0,89.6,1.0,,,1.0,0,0,2.0,5.0
Napoli vs Atalanta,Napoli,903,Scott McTominay,M,90,7.3,,1.0,3.0,2.0,26,23.0,88.5,2.0,3.0,1.0,4.0,0,0,7.0,15.0
Napoli vs Atalanta,Napoli,162032,Miguel Gutiérrez,M,69,6.2,,0.0,,,17,15.0,88.2,,,,,0,0,,3.0
Napoli vs Atalanta,Napoli,552,David Neres,F,69,9.2,2.0,0.0,2.0,2.0,19,14.0,73.7,,,1.0,1.0,0,0,1.0,5.0
Napoli vs Atalanta,Napoli,288006,Rasmus Højlund,F,74,6.2,,1.0,,,16,11.0,68.8,,,2.0,2.0,0,0,4.0,13.0
Napoli vs Atalanta,Napoli,544,Noa Lang,F,69,8.5,1.0,0.0,1.0,1.0,22,17.0,77.3,1.0,,,1.0,0,0,4.0,6.0
Napoli vs Atalanta,Napoli,774,Juan Jesus,D,26,6.2,,0.0,,,17,13.0,76.5,,,3.0,,1,0,,4.0
Napoli vs Atalanta,Napoli,31390,Pasquale Mazzocchi,D,21,6.6,,0.0,,,5,4.0,80.0,,2.0,,,0,0,1.0,2.0
Napoli vs Atalanta,Napoli,1358,Eljif Elmas,M,21,6.9,,0.0,,,5,3.0,60.0,2.0,,,,0,0,2.0,2.0
Napoli vs Atalanta,Napoli,219,Matteo Politano,F,21,6.5,,0.0,1.0,,4,1.0,25.0,,,,,0,0,1.0,3.0
Napoli vs Atalanta,Napoli,199089,Lorenzo Lucca,F,16,6.2,,0.0,,,2,,,,,,1.0,0,0,1.0,4.0
Napoli vs Atalanta,Atalanta,30417,Marco Carnesecchi,G,90,6.2,,0.0,,,34,21.0,61.8,,,,,0,0,,
Napoli vs Atalanta,Atalanta,30421,Berat Djimsiti,D,90,6.2,,0.0,1.0,,50,42.0,84.0,1.0,1.0,,,0,0,4.0,7.0
Napoli vs Atalanta,Atalanta,137976,Isak Hien,D,90,6.2,,0.0,,,54,51.0,94.4,2.0,,2.0,,0,0,6.0,10.0
Napoli vs Atalanta,Atalanta,453906,Honest Ahanor,D,45,5.9,,0.0,,,37,35.0,94.6,,1.0,,1.0,0,0,1.0,2.0
Napoli vs Atalanta,Atalanta,91422,Raoul Bellanova,M,90,6.9,,1.0,1.0,,32,30.0,93.8,2.0,2.0,,1.0,0,0,3.0,4.0
Napoli vs Atalanta,Atalanta,30432,Marten de Roon,M,90,6.9,,0.0,,,75,66.0,88.0,5.0,,2.0,1.0,1,0,7.0,11.0
Napoli vs Atalanta,Atalanta,10097,Éderson,M,90,6.9,,0.0,,,77,70.0,90.9,4.0,2.0,2.0,3.0,0,0,7.0,15.0
Napoli vs Atalanta,Atalanta,2286,Davide Zappacosta,M,62,6.2,,0.0,1.0,,28,22.0,78.6,,,2.0,1.0,1,0,1.0,5.0
Napoli vs Atalanta,Atalanta,2763,Mario Pašalić,F,45,6.2,,0.0,1.0,,16,14.0,87.5,2.0,,1.0,,0,0,2.0,7.0
Napoli vs Atalanta,Atalanta,147859,Charles De Ketelaere,F,77,6.7,,0.0,3.0,,34,26.0,76.5,2.0,,,2.0,0,0,4.0,7.0
Napoli vs Atalanta,Atalanta,18767,Ademola Lookman,F,82,6.5,,0.0,1.0,1.0,25,18.0,72.0,,,1.0,,0,0,3.0,4.0
Napoli vs Atalanta,Atalanta,48119,Odilon Kossounou,D,45,7.3,,0.0,,,29,25.0,86.2,,,1.0,1.0,0,0,2.0,3.0
Napoli vs Atalanta,Atalanta,30544,Gianluca Scamacca,F,45,7.6,1.0,0.0,3.0,2.0,15,12.0,80.0,,,,1.0,0,0,2.0,2.0
Napoli vs Atalanta,Atalanta,203474,Nicola Zalewski,M,28,6.9,,0.0,1.0,,12,8.0,66.7,,,,,0,0,1.0,1.0
Napoli vs Atalanta,Atalanta,178749,Lazar Samardžić,M,13,6.7,,0.0,,,7,5.0,71.4,1.0,,1.0,,0,0,1.0,4.0
Napoli vs Atalanta,Atalanta,134926,Daniel Maldini,F,8,6.6,,0.0,,,8,7.0,87.5,1.0,,,,0,0,2.0,2.0
Hellas Verona vs Parma,Hellas Verona,30611,Lorenzo Montipò,G,90,6.2,,0.0,,,18,12.0,66.7,,,,,0,0,,
Hellas Verona vs Parma,Hellas Verona,25061,Armel Bella-Kotchap,D,88,6.3,,0.0,,,51,41.0,80.4,1.0,3.0,2.0,,0,0,6.0,8.0
Hellas Verona vs Parma,Hellas Verona,15912,Victor Nelsson,D,64,6.5,,0.0,,,35,29.0,82.9,,3.0,,,0,0,1.0,4.0
Hellas Verona vs Parma,Hellas Verona,15909,Martin Frese,D,90,6.3,,0.0,,,56,41.0,73.2,2.0,,2.0,,1,0,4.0,8.0
Hellas Verona vs Parma,Hellas Verona,303362,Rafik Belghali,M,90,6.7,,0.0,,,43,31.0,72.1,3.0,1.0,2.0,1.0,0,0,5.0,13.0
Hellas Verona vs Parma,Hellas Verona,31678,Jean-Daniel Akpa Akpro,M,45,6.9,,0.0,,,9,7.0,77.8,5.0,,2.0,1.0,0,0,10.0,19.0
Hellas Verona vs Parma,Hellas Verona,203,Roberto Gagliardini,M,90,8.3,,0.0,,,79,66.0,83.5,5.0,2.0,2.0,,1,0,9.0,12.0
Hellas Verona vs Parma,Hellas Verona,1090,Antoine Bernede,M,54,6.9,,0.0,1.0,,28,23.0,82.1,3.0,,5.0,1.0,0,0,6.0,11.0
Hellas Verona vs Parma,Hellas Verona,14327,Domagoj Bradarić,M,90,5.9,,0.0,,,32,26.0,81.2,1.0,,1.0,,0,0,1.0,4.0
Hellas Verona vs Parma,Hellas Verona,312615,Giovane,F,90,6.9,1.0,0.0,2.0,2.0,20,17.0,85.0,1.0,,1.0,2.0,1,0,6.0,19.0
Hellas Verona vs Parma,Hellas Verona,368260,Gift Orban,F,64,6,,0.0,1.0,,7,7.0,100.0,,,2.0,,0,0,,6.0
Hellas Verona vs Parma,Hellas Verona,42006,Mutassim Al-Musrati,M,45,6.3,,0.0,,,41,37.0,90.2,1.0,,2.0,,1,0,2.0,10.0
Hellas Verona vs Parma,Hellas Verona,59421,Daniel Mosquera,F,36,6.3,,1.0,1.0,,5,2.0,40.0,,,2.0,,0,0,,6.0
Hellas Verona vs Parma,Hellas Verona,47277,Unai Núñez,D,26,6.7,,0.0,,,30,27.0,90.0,1.0,1.0,1.0,1.0,0,0,4.0,5.0
Hellas Verona vs Parma,Hellas Verona,236955,Amin Sarr,F,26,6.7,,0.0,,,11,10.0,90.9,1.0,,,,0,0,1.0,2.0
Hellas Verona vs Parma,Hellas Verona,37437,Abdou Harroui,M,2,,,0.0,,,2,1.0,50.0,,,,,0,0,,
Hellas Verona vs Parma,Parma,180762,Edoardo Corvi,G,90,6.2,,0.0,,,37,24.0,64.9,,,,,0,0,,
Hellas Verona vs Parma,Parma,30420,Enrico Del Prato,D,90,6.3,,0.0,,,45,33.0,73.3,,1.0,,,1,0,,
Hellas Verona vs Parma,Parma,428237,Mariano Troilo,D,90,8.2,,0.0,,,48,42.0,87.5,3.0,,,2.0,0,0,11.0,11.0
Hellas Verona vs Parma,Parma,6221,Lautaro Valenti,D,90,7.7,,0.0,1.0,1.0,42,28.0,66.7,6.0,1.0,1.0,2.0,0,0,10.0,12.0
Hellas Verona vs Parma,Parma,499380,Sascha Britschgi,M,77,6.5,,0.0,,,15,7.0,46.7,1.0,2.0,1.0,,1,0,2.0,5.0
Hellas Verona vs Parma,Parma,628,Adrián Bernabé,M,85,7.2,,0.0,,,29,24.0,82.8,,,,4.0,0,0,7.0,13.0
Hellas Verona vs Parma,Parma,308836,Mandela Keita,M,90,6.2,,0.0,1.0,1.0,32,27.0,84.4,2.0,2.0,2.0,3.0,0,0,10.0,20.0
Hellas Verona vs Parma,Parma,161569,Oliver Sørensen,M,90,6.7,,0.0,3.0,,22,16.0,72.7,2.0,,,3.0,0,0,6.0,11.0
Hellas Verona vs Parma,Parma,323369,Mathias Fjørtoft Løvik,M,90,7,,0.0,,,22,17.0,77.3,5.0,1.0,,,0,0,7.0,13.0
Hellas Verona vs Parma,Parma,1649,Patrick Cutrone,F,77,6.9,,0.0,2.0,2.0,16,11.0,68.8,1.0,1.0,,2.0,0,0,5.0,9.0
Hellas Verona vs Parma,Parma,292172,Mateo Pellegrino,F,90,8.9,2.0,0.0,3.0,3.0,18,11.0,61.1,,,1.0,5.0,1,0,12.0,27.0
Hellas Verona vs Parma,Parma,91358,Emanuele Valeri,D,13,6.6,,0.0,,,3,1.0,33.3,1.0,,,1.0,0,0,2.0,3.0
Hellas Verona vs Parma,Parma,40592,Adrian Benedyczak,F,13,6.5,,0.0,,,2,2.0,100.0,,,1.0,,0,0,,2.0
Hellas Verona vs Parma,Parma,6409,Nahuel Estévez,M,9,6.3,,0.0,,,1,,,,,,,0,0,,1.0
Cremonese vs AS Roma,Cremonese,30441,Emil Audero,G,90,5.9,,0.0,,,62,41.0,66.1,,,,,0,0,,
Cremonese vs AS Roma,Cremonese,264472,Filippo Terracciano,D,90,6.3,,0.0,,,51,44.0,86.3,1.0,1.0,,,0,0,1.0,2.0
Cremonese vs AS Roma,Cremonese,127035,Federico Baschirotto,D,90,6.6,,0.0,,,51,45.0,88.2,1.0,1.0,2.0,,0,0,6.0,10.0
Cremonese vs AS Roma,Cremonese,30919,Matteo Bianchetti,D,80,6.9,,0.0,,,39,35.0,89.7,4.0,,1.0,,0,0,8.0,11.0
Cremonese vs AS Roma,Cremonese,126980,Tommaso Barbieri,M,90,6.6,,0.0,,,35,25.0,71.4,2.0,2.0,4.0,1.0,0,0,4.0,10.0
Cremonese vs AS Roma,Cremonese,6383,Martín Payero,M,57,6.3,,0.0,1.0,,11,5.0,45.5,,1.0,,2.0,1,0,4.0,8.0
Cremonese vs AS Roma,Cremonese,31211,Jari Vandeputte,M,70,6.2,,0.0,2.0,2.0,38,27.0,71.1,1.0,,1.0,1.0,0,0,3.0,7.0
Cremonese vs AS Roma,Cremonese,266813,Warren Bondo,M,90,6.7,,0.0,,,33,31.0,93.9,2.0,,3.0,3.0,1,0,5.0,9.0
Cremonese vs AS Roma,Cremonese,342651,Romano Floriani Mussolini,M,57,6.3,,0.0,,,16,12.0,75.0,1.0,2.0,,,0,0,2.0,4.0
Cremonese vs AS Roma,Cremonese,31436,Federico Bonazzoli,F,80,6.6,,0.0,2.0,1.0,26,20.0,76.9,,,,2.0,0,0,4.0,5.0
Cremonese vs AS Roma,Cremonese,18788,Jamie Vardy,F,90,6.9,,0.0,,,19,15.0,78.9,,,1.0,1.0,0,0,4.0,8.0
Cremonese vs AS Roma,Cremonese,30775,Giuseppe Pezzella,D,33,6.2,,0.0,,,10,8.0,80.0,1.0,,,1.0,0,0,4.0,6.0
Cremonese vs AS Roma,Cremonese,2057,Franco Vázquez,F,33,7.7,,1.0,,,15,14.0,93.3,3.0,1.0,,3.0,0,0,7.0,9.0
Cremonese vs AS Roma,Cremonese,31021,Alberto Grassi,M,20,6.7,,0.0,,,12,10.0,83.3,,1.0,,,0,0,,
Cremonese vs AS Roma,Cremonese,385788,Francesco Folino,D,10,7.6,1.0,0.0,1.0,1.0,7,5.0,71.4,,,,,0,0,1.0,2.0
Cremonese vs AS Roma,Cremonese,2522,Antonio Sanabria,F,10,6.7,,0.0,,,5,5.0,100.0,,,,1.0,0,0,1.0,1.0
Cremonese vs AS Roma,AS Roma,556,Mile Svilar,G,90,7,,0.0,,,24,16.0,66.7,,,,,0,0,1.0,1.0
Cremonese vs AS Roma,AS Roma,30425,Gianluca Mancini,D,90,6.3,,0.0,,,44,37.0,84.1,,,3.0,2.0,0,0,4.0,7.0
Cremonese vs AS Roma,AS Roma,1807,Evan Ndicka,D,90,6.7,,0.0,,,40,35.0,87.5,,1.0,1.0,,0,0,2.0,6.0
Cremonese vs AS Roma,AS Roma,384543,Jan Ziółkowski,D,45,6.3,,0.0,,,22,18.0,81.8,,,1.0,,1,0,1.0,6.0
Cremonese vs AS Roma,AS Roma,22222,Zeki Çelik,M,90,7.3,,0.0,2.0,,32,21.0,65.6,4.0,,1.0,2.0,0,0,8.0,15.0
Cremonese vs AS Roma,AS Roma,778,Bryan Cristante,M,90,6.9,,0.0,,,61,47.0,77.0,1.0,1.0,,,0,0,3.0,4.0
Cremonese vs AS Roma,AS Roma,22147,Manu Koné,M,90,6.9,,1.0,,,46,41.0,89.1,,2.0,2.0,1.0,0,0,2.0,6.0
Cremonese vs AS Roma,AS Roma,349001,Wesley,M,80,8.2,1.0,0.0,1.0,1.0,27,21.0,77.8,1.0,1.0,1.0,4.0,0,0,7.0,12.0
Cremonese vs AS Roma,AS Roma,323936,Matías Soulé,F,85,7,1.0,0.0,2.0,1.0,39,31.0,79.5,,,,,0,0,1.0,10.0
Cremonese vs AS Roma,AS Roma,782,Lorenzo Pellegrini,F,60,6.3,,0.0,1.0,1.0,31,21.0,67.7,,,3.0,1.0,0,0,2.0,4.0
Cremonese vs AS Roma,AS Roma,288769,Tommaso Baldanzi,F,60,6.3,,0.0,2.0,2.0,18,13.0,72.2,2.0,,1.0,2.0,0,0,4.0,9.0
Cremonese vs AS Roma,AS Roma,277003,Neil El Aynaoui,M,45,6.3,,1.0,,,17,16.0,94.1,1.0,1.0,2.0,,1,0,2.0,6.0
Cremonese vs AS Roma,AS Roma,129643,Evan Ferguson,F,30,7.7,1.0,0.0,1.0,1.0,9,9.0,100.0,,,,,0,0,,1.0
Cremonese vs AS Roma,AS Roma,791,Stephan El Shaarawy,F,30,6.9,,1.0,,,17,16.0,94.1,,,,,0,0,1.0,2.0
Cremonese vs AS Roma,AS Roma,1600,Konstantinos Tsimikas,D,10,6,,0.0,,,7,6.0,85.7,,,1.0,,0,0,,3.0
Cremonese vs AS Roma,AS Roma,356888,Niccolò Pisilli,M,10,6.3,,0.0,,,0,,,,,,,0,0,,
Lazio vs Lecce,Lazio,31037,Ivan Provedel,G,90,6.9,,0.0,,,38,34.0,89.5,,,,,0,0,,
Lazio vs Lecce,Lazio,1844,Adam Marušić,D,90,7.2,,0.0,1.0,1.0,50,43.0,86.0,,2.0,,1.0,0,0,5.0,7.0
Lazio vs Lecce,Lazio,162952,Mario Gila Fuentes,D,87,7.5,,0.0,,,89,86.0,96.6,,2.0,,1.0,0,0,1.0,4.0
Lazio vs Lecce,Lazio,1632,Alessio Romagnoli,D,90,7.2,,0.0,,,113,107.0,94.7,1.0,1.0,,,0,0,4.0,4.0
Lazio vs Lecce,Lazio,30554,Luca Pellegrini,D,75,6.9,,0.0,,,64,54.0,84.4,1.0,2.0,1.0,2.0,0,0,3.0,8.0
Lazio vs Lecce,Lazio,1454,Mattéo Guendouzi,M,90,8.2,1.0,0.0,4.0,3.0,62,56.0,90.3,1.0,,2.0,1.0,1,0,3.0,10.0
Lazio vs Lecce,Lazio,1852,Danilo Cataldi,M,45,6.9,,0.0,,,45,42.0,93.3,,1.0,,,0,0,,
Lazio vs Lecce,Lazio,1266,Toma Bašić,M,90,7.7,,1.0,3.0,1.0,67,59.0,88.1,1.0,2.0,,1.0,0,0,5.0,8.0
Lazio vs Lecce,Lazio,135519,Gustav Isaksen,F,82,7,,0.0,3.0,1.0,35,32.0,91.4,,,1.0,2.0,0,0,6.0,9.0
Lazio vs Lecce,Lazio,22015,Boulaye Dia,F,87,6.3,,0.0,1.0,1.0,32,27.0,84.4,,,1.0,1.0,0,0,2.0,5.0
Lazio vs Lecce,Lazio,30937,Mattia Zaccagni,F,90,7.2,,0.0,1.0,,53,44.0,83.0,3.0,,,4.0,0,0,9.0,15.0
Lazio vs Lecce,Lazio,211,Matías Vecino,M,45,7.3,,0.0,,,37,35.0,94.6,1.0,3.0,1.0,,0,0,1.0,4.0
Lazio vs Lecce,Lazio,30866,Manuel Lazzari,M,15,6.7,,0.0,,,8,7.0,87.5,,1.0,1.0,,0,0,,1.0
Lazio vs Lecce,Lazio,2299,Pedro,F,8,6.5,,0.0,,,4,4.0,100.0,,,,,0,0,,1.0
Lazio vs Lecce,Lazio,1841,Patric,D,11,6.6,,0.0,,,10,8.0,80.0,,1.0,,,0,0,1.0,1.0
Lazio vs Lecce,Lazio,133729,Tijjani Noslin,F,11,7.3,1.0,0.0,2.0,2.0,4,4.0,100.0,,,1.0,,0,0,1.0,2.0
Lazio vs Lecce,Lecce,56459,Wladimiro Falcone,G,90,7.9,,0.0,,,30,15.0,50.0,,,,,0,0,1.0,1.0
Lazio vs Lecce,Lecce,161702,Danilo Veiga,D,90,6.2,,0.0,,,28,20.0,71.4,2.0,,2.0,,0,0,5.0,11.0
Lazio vs Lecce,Lecce,291589,Kialonda Gaspar,D,90,6.3,,0.0,,,45,39.0,86.7,1.0,3.0,1.0,,0,0,3.0,6.0
Lazio vs Lecce,Lecce,455316,Tiago Gabriel,D,90,6.9,,0.0,1.0,1.0,57,54.0,94.7,2.0,2.0,,2.0,0,0,5.0,6.0
Lazio vs Lecce,Lecce,31543,Antonino Gallo,D,90,6,,0.0,,,38,29.0,76.3,,,,,0,0,1.0,3.0
Lazio vs Lecce,Lecce,15673,Ylber Ramadani,M,90,6.9,,0.0,,,38,33.0,86.8,1.0,1.0,2.0,1.0,0,0,2.0,6.0
Lazio vs Lecce,Lecce,1748,Lassana Coulibaly,M,76,6.7,,0.0,,,19,16.0,84.2,2.0,,,,0,0,3.0,6.0
Lazio vs Lecce,Lecce,47182,Tete Morente,M,76,6.2,,0.0,,,17,9.0,52.9,,,,,0,0,2.0,5.0
Lazio vs Lecce,Lecce,335071,Medon Berisha,M,45,6.2,,0.0,,,12,10.0,83.3,,,,,0,0,,2.0
Lazio vs Lecce,Lecce,31507,Riccardo Sottil,M,63,6.5,,0.0,,,14,9.0,64.3,,1.0,2.0,2.0,0,0,3.0,5.0
Lazio vs Lecce,Lecce,436260,Francesco Camarda,F,45,6.5,,0.0,,,6,5.0,83.3,,,,,0,0,2.0,5.0
Lazio vs Lecce,Lecce,118956,Lameck Banda,M,45,6.6,,0.0,,,9,8.0,88.9,2.0,,1.0,1.0,0,0,3.0,6.0
Lazio vs Lecce,Lecce,264122,Nikola Štulić,F,45,6.5,,0.0,,,4,3.0,75.0,,,1.0,,0,0,,2.0
Lazio vs Lecce,Lecce,6662,Santiago Pierotti,F,27,6.2,,0.0,1.0,,9,7.0,77.8,3.0,,3.0,,0,0,3.0,8.0
Lazio vs Lecce,Lecce,197779,Mohamed Kaba,M,14,6.3,,0.0,,,10,5.0,50.0,2.0,,,1.0,0,0,4.0,5.0
Lazio vs Lecce,Lecce,8643,Konan N'Dri,F,14,6.3,,0.0,,,6,3.0,50.0,,,1.0,1.0,1,0,1.0,2.0
Inter vs AC Milan,Inter,2802,Yann Sommer,G,90,6.7,,0.0,,,27,25.0,92.6,,,,,0,0,,
Inter vs AC Milan,Inter,5,Manuel Akanji,D,90,7.3,,0.0,1.0,,65,62.0,95.4,3.0,1.0,,,0,0,7.0,7.0
Inter vs AC Milan,Inter,1836,Francesco Acerbi,D,85,7,,0.0,2.0,,68,63.0,92.6,1.0,1.0,1.0,2.0,0,0,7.0,9.0
Inter vs AC Milan,Inter,31009,Alessandro Bastoni,D,90,7.6,,0.0,1.0,,95,89.0,93.7,3.0,,1.0,,0,0,5.0,7.0
Inter vs AC Milan,Inter,10238,Carlos Augusto,M,90,7,,0.0,,,54,45.0,83.3,1.0,,,1.0,0,0,6.0,8.0
Inter vs AC Milan,Inter,30558,Nicolò Barella,M,85,7.5,,0.0,1.0,,59,53.0,89.8,,,,1.0,0,0,2.0,5.0
Inter vs AC Milan,Inter,1640,Hakan Çalhanoğlu,M,78,6.9,,0.0,2.0,1.0,68,63.0,92.6,2.0,,,,1,0,2.0,2.0
Inter vs AC Milan,Inter,348205,Petar Sučić,M,90,6.9,,0.0,1.0,,65,60.0,92.3,,1.0,,1.0,0,0,3.0,8.0
Inter vs AC Milan,Inter,31010,Federico Dimarco,M,90,6.2,,0.0,1.0,1.0,46,37.0,80.4,,1.0,,,0,0,,3.0
Inter vs AC Milan,Inter,21509,Marcus Thuram,F,90,7,,0.0,2.0,2.0,27,22.0,81.5,1.0,,2.0,2.0,0,0,5.0,10.0
Inter vs AC Milan,Inter,217,Lautaro Martínez,F,66,6.5,,0.0,1.0,1.0,14,12.0,85.7,1.0,1.0,2.0,1.0,0,0,3.0,7.0
Inter vs AC Milan,Inter,275651,Ange-Yoan Bonny,F,24,6.5,,0.0,1.0,,5,3.0,60.0,,,,,0,0,,1.0
Inter vs AC Milan,Inter,329,Piotr Zieliński,M,12,6.9,,0.0,,,20,20.0,100.0,,,,,0,0,1.0,2.0
Inter vs AC Milan,Inter,270509,Andy Diouf,M,10,6.9,,0.0,1.0,1.0,9,8.0,88.9,,,,,0,0,,1.0
Inter vs AC Milan,Inter,345808,Francesco Pio Esposito,F,10,6.2,,0.0,,,2,1.0,50.0,,,1.0,,0,0,,2.0
Inter vs AC Milan,AC Milan,22221,Mike Maignan,G,90,9.2,,0.0,,,32,21.0,65.6,,,,,0,0,,
Inter vs AC Milan,AC Milan,19209,Fikayo Tomori,D,90,7.3,,0.0,,,38,33.0,86.8,3.0,2.0,,1.0,0,0,5.0,6.0
Inter vs AC Milan,AC Milan,56473,Matteo Gabbia,D,90,7.3,,0.0,,,34,27.0,79.4,,1.0,1.0,1.0,0,0,3.0,5.0
Inter vs AC Milan,AC Milan,45826,Strahinja Pavlović,D,90,7.2,,0.0,,,37,32.0,86.5,2.0,,2.0,1.0,1,0,6.0,10.0
Inter vs AC Milan,AC Milan,1417,Alexis Saelemaekers,M,90,7.2,,0.0,2.0,1.0,38,31.0,81.6,3.0,1.0,,1.0,0,0,4.0,6.0
Inter vs AC Milan,AC Milan,22254,Youssouf Fofana,M,78,6.3,,0.0,2.0,1.0,17,16.0,94.1,1.0,,1.0,,0,0,2.0,6.0
Inter vs AC Milan,AC Milan,754,Luka Modrić,M,90,6.9,,0.0,,,47,41.0,87.2,1.0,2.0,1.0,,0,0,1.0,2.0
Inter vs AC Milan,AC Milan,272,Adrien Rabiot,M,90,7,,0.0,,,40,36.0,90.0,3.0,1.0,1.0,,0,0,5.0,14.0
Inter vs AC Milan,AC Milan,374359,Davide Bartesaghi,M,90,7.3,,0.0,1.0,,34,31.0,91.2,,,,,0,0,,
Inter vs AC Milan,AC Milan,17,Christian Pulišić,F,78,6.5,1.0,0.0,2.0,1.0,22,17.0,77.3,,,,,0,0,2.0,11.0
Inter vs AC Milan,AC Milan,22236,Rafael Leão,F,86,6.5,,0.0,,,16,12.0,75.0,,,2.0,1.0,1,0,2.0,8.0
Inter vs AC Milan,AC Milan,31056,Samuele Ricci,M,12,6.7,,0.0,,,3,2.0,66.7,,,,,0,0,,
Inter vs AC Milan,AC Milan,269,Christopher Nkunku,F,12,6.5,,0.0,,,1,1.0,100.0,,,,,0,0,,1.0
Inter vs AC Milan,AC Milan,2292,Ruben Loftus-Cheek,M,9,6.3,,0.0,,,2,1.0,50.0,,,1.0,,0,0,1.0,3.0
Torino vs Como,Torino,30642,Alberto Paleari,G,90,5.6,,0.0,,,21,16.0,76.2,,,,,0,0,,
Torino vs Como,Torino,22174,Adrien Tameze,D,90,6.3,,0.0,2.0,,36,27.0,75.0,1.0,2.0,,,0,0,3.0,5.0
Torino vs Como,Torino,2553,Guillermo Maripán,D,90,5.6,,0.0,,,25,24.0,96.0,1.0,1.0,1.0,,0,0,2.0,4.0
Torino vs Como,Torino,18799,Adam Masina,D,90,5.3,,0.0,,,26,22.0,84.6,2.0,4.0,1.0,,0,0,2.0,8.0
Torino vs Como,Torino,39362,Marcus Pedersen,M,61,6.2,,0.0,,,14,12.0,85.7,1.0,,,,0,0,1.0,3.0
Torino vs Como,Torino,270507,Cesare Casadei,M,66,6.9,,0.0,1.0,,25,20.0,80.0,2.0,,1.0,,0,0,6.0,9.0
Torino vs Como,Torino,275776,Kristjan Asllani,M,90,6.9,,0.0,2.0,,44,41.0,93.2,2.0,3.0,1.0,,0,0,3.0,6.0
Torino vs Como,Torino,842,Nikola Vlašić,M,78,6.3,1.0,0.0,2.0,1.0,19,12.0,63.2,2.0,2.0,,3.0,0,0,6.0,11.0
Torino vs Como,Torino,25353,Valentino Lazaro,M,90,6.2,,0.0,,,24,22.0,91.7,,1.0,2.0,1.0,0,0,1.0,6.0
Torino vs Como,Torino,85,Cyril Ngonge,F,66,6.7,,0.0,,,18,10.0,55.6,2.0,,,2.0,0,0,7.0,15.0
Torino vs Como,Torino,2495,Duván Zapata,F,78,6.7,,0.0,1.0,,10,7.0,70.0,,,,1.0,0,0,3.0,6.0
Torino vs Como,Torino,156490,Niels Nkounkou,D,29,5.9,,0.0,,,8,7.0,87.5,,1.0,,,0,0,,1.0
Torino vs Como,Torino,138777,Faustino Anjorin,M,24,6.2,,0.0,,,8,3.0,37.5,,,,,0,0,2.0,5.0
Torino vs Como,Torino,243,Zakaria Aboukhlal,F,24,6.3,,0.0,,,4,2.0,50.0,1.0,,,1.0,0,0,2.0,4.0
Torino vs Como,Torino,343189,Gvidas Gineitis,M,12,6.6,,0.0,,,5,4.0,80.0,1.0,1.0,,,0,0,1.0,2.0
Torino vs Como,Torino,383006,Alieu Njie,F,12,6.3,,0.0,1.0,1.0,2,1.0,50.0,,,,,0,0,,1.0
Torino vs Como,Como,8574,Jean Butez,G,90,7.3,,0.0,,,37,30.0,81.1,,,,1.0,0,0,1.0,1.0
Torino vs Como,Como,14266,Ivan Smolčić,D,58,5.6,,0.0,1.0,1.0,40,33.0,82.5,3.0,,2.0,,1,0,3.0,6.0
Torino vs Como,Como,386305,Jacobo Ramón,D,90,8.9,1.0,0.0,1.0,1.0,60,54.0,90.0,5.0,2.0,,,0,0,8.0,10.0
Torino vs Como,Como,21090,Diego Carlos,D,90,6.6,,0.0,,,80,75.0,93.8,3.0,1.0,,,0,0,5.0,12.0
Torino vs Como,Como,336560,Álex Valle,D,90,6.7,,0.0,,,56,53.0,94.6,2.0,3.0,1.0,,0,0,3.0,7.0
Torino vs Como,Como,162266,Lucas Da Cunha,M,90,6.9,,0.0,,,68,59.0,86.8,2.0,,,,0,0,2.0,6.0
Torino vs Como,Como,288699,Máximo Perrone,M,84,8.3,,2.0,,,56,52.0,92.9,2.0,,,,0,0,3.0,5.0
Torino vs Como,Como,354533,Jayden Addai,M,90,8.9,2.0,0.0,3.0,2.0,23,15.0,65.2,2.0,1.0,1.0,4.0,0,0,8.0,13.0
Torino vs Como,Como,350037,Nico Paz,M,84,8.3,1.0,0.0,2.0,1.0,46,40.0,87.0,2.0,1.0,2.0,1.0,0,0,8.0,11.0
Torino vs Como,Como,443162,Jesús Rodriguez,M,75,6.9,,2.0,1.0,,20,14.0,70.0,,1.0,2.0,,0,0,3.0,9.0
Torino vs Como,Como,59,Álvaro Morata,F,75,6.7,,0.0,3.0,1.0,20,17.0,85.0,,,,,0,0,2.0,4.0
Torino vs Como,Como,8586,Mërgim Vojvoda,D,32,6.6,,0.0,,,13,12.0,92.3,,,,,0,0,,
Torino vs Como,Como,26301,Marc-Oliver Kempf,D,15,6.6,,0.0,,,18,17.0,94.4,,,,,0,0,,
Torino vs Como,Como,26845,Anastasios Douvikas,F,15,6.3,,0.0,,,3,3.0,100.0,,,,,0,0,,
Torino vs Como,Como,711,Stefan Posch,D,9,6.6,,0.0,,,9,8.0,88.9,1.0,,1.0,,0,0,1.0,2.0
Torino vs Como,Como,295026,Martin Baturina,M,9,7.9,1.0,0.0,1.0,1.0,6,4.0,66.7,,,,,0,0,,
Sassuolo vs Pisa,Sassuolo,616,Arijanet Murić,G,90,6.2,,0.0,,,20,13.0,65.0,,,,,0,0,,
Sassuolo vs Pisa,Sassuolo,40582,Sebastian Walukiewicz,D,45,6.5,,0.0,,,22,21.0,95.5,2.0,,1.0,,1,0,2.0,4.0
Sassuolo vs Pisa,Sassuolo,37651,Jay Idzes,D,90,6.7,,0.0,,,52,50.0,96.2,2.0,1.0,,,0,0,3.0,8.0
Sassuolo vs Pisa,Sassuolo,271350,Tarik Muharemović,D,90,7,,0.0,1.0,,52,45.0,86.5,2.0,,,1.0,0,0,7.0,10.0
Sassuolo vs Pisa,Sassuolo,41371,Fali Candé,D,72,5.6,,0.0,1.0,,31,26.0,83.9,1.0,,1.0,,0,0,3.0,8.0
Sassuolo vs Pisa,Sassuolo,39143,Kristian Thorstvedt,M,90,8.9,1.0,0.0,2.0,1.0,61,55.0,90.2,1.0,1.0,1.0,,1,0,7.0,9.0
Sassuolo vs Pisa,Sassuolo,902,Nemanja Matić,M,87,8.7,1.0,0.0,1.0,1.0,75,68.0,90.7,1.0,,1.0,1.0,0,0,4.0,6.0
Sassuolo vs Pisa,Sassuolo,328046,Ismael Koné,M,72,7.3,,0.0,1.0,,42,39.0,92.9,1.0,,1.0,1.0,0,0,3.0,7.0
Sassuolo vs Pisa,Sassuolo,30537,Domenico Berardi,F,90,6.3,,0.0,3.0,1.0,41,34.0,82.9,1.0,1.0,1.0,1.0,0,0,2.0,5.0
Sassuolo vs Pisa,Sassuolo,31094,Andrea Pinamonti,F,90,6.9,,0.0,3.0,2.0,16,11.0,68.8,1.0,,,1.0,0,0,6.0,7.0
Sassuolo vs Pisa,Sassuolo,263699,Alieu Fadera,F,60,6.9,,0.0,1.0,,24,18.0,75.0,2.0,,1.0,2.0,0,0,6.0,9.0
Sassuolo vs Pisa,Sassuolo,128338,Woyo Coulibaly,D,45,6.3,,0.0,2.0,1.0,22,20.0,90.9,,,1.0,1.0,0,0,2.0,5.0
Sassuolo vs Pisa,Sassuolo,2215,Armand Laurienté,F,30,7.3,,0.0,1.0,,18,14.0,77.8,,,,2.0,0,0,3.0,4.0
Sassuolo vs Pisa,Sassuolo,135526,Josh Doig,D,18,6.5,,0.0,1.0,1.0,16,14.0,87.5,,,,,0,0,1.0,1.0
Sassuolo vs Pisa,Sassuolo,343562,Luca Lipani,M,18,6.5,,0.0,,,14,12.0,85.7,3.0,,2.0,,0,0,3.0,6.0
Sassuolo vs Pisa,Sassuolo,342035,Cristian Volpato,M,9,7.3,,1.0,,,4,3.0,75.0,,,,,0,0,,
Sassuolo vs Pisa,Pisa,30733,Adrian Šemper,G,90,7.7,,0.0,,,45,27.0,60.0,,,,,0,0,,
Sassuolo vs Pisa,Pisa,30469,Arturo Calabresi,D,45,6.5,,0.0,,,15,14.0,93.3,,,1.0,2.0,1,0,2.0,3.0
Sassuolo vs Pisa,Pisa,31604,Antonio Caracciolo,D,90,6.3,,0.0,2.0,,37,31.0,83.8,3.0,2.0,,,0,0,4.0,8.0
Sassuolo vs Pisa,Pisa,91503,Simone Canestrelli,D,90,6.2,,0.0,,,38,34.0,89.5,,,,,0,0,1.0,3.0
Sassuolo vs Pisa,Pisa,302069,Samuele Angori,D,71,6.9,,0.0,,,10,8.0,80.0,1.0,,,1.0,0,0,3.0,4.0
Sassuolo vs Pisa,Pisa,56293,Idrissa Touré,M,90,6,,0.0,,,22,13.0,59.1,,,2.0,1.0,0,0,4.0,17.0
Sassuolo vs Pisa,Pisa,325387,Gabriele Piccinini,M,90,6.2,,0.0,,,22,17.0,77.3,2.0,,,1.0,0,0,4.0,9.0
Sassuolo vs Pisa,Pisa,951,Michel Aebischer,M,82,6,,0.0,,,28,24.0,85.7,,1.0,2.0,1.0,0,0,1.0,6.0
Sassuolo vs Pisa,Pisa,30753,Mehdi Léris,M,90,7.3,,0.0,1.0,,26,18.0,69.2,4.0,,1.0,3.0,0,0,8.0,11.0
Sassuolo vs Pisa,Pisa,20959,Matteo Tramoni,F,57,6.2,,0.0,2.0,,13,7.0,53.8,1.0,,,,0,0,2.0,3.0
Sassuolo vs Pisa,Pisa,31318,M'Bala Nzola,F,57,7,1.0,0.0,1.0,1.0,7,7.0,100.0,,,1.0,,0,0,2.0,6.0
Sassuolo vs Pisa,Pisa,314,Raúl Albiol,D,45,6.9,,0.0,,,22,18.0,81.8,,2.0,,1.0,0,0,1.0,2.0
Sassuolo vs Pisa,Pisa,331678,Henrik Wendel Meister,F,33,7.2,1.0,0.0,2.0,2.0,3,2.0,66.7,,,1.0,,0,0,2.0,10.0
Sassuolo vs Pisa,Pisa,31560,Stefano Moreo,F,33,7,,1.0,,,11,7.0,63.6,,,1.0,,0,0,3.0,5.0
Sassuolo vs Pisa,Pisa,15723,Malthe Højholt,M,19,6.3,,0.0,,,6,6.0,100.0,,2.0,1.0,,0,0,,1.0
Sassuolo vs Pisa,Pisa,364600,Isak Vural,M,8,6.5,,0.0,,,2,1.0,50.0,,,,,0,0,,1.0
Como vs Sassuolo,Como,8574,Jean Butez,G,90,7.9,,0.0,,,33,27.0,81.8,,,,,0,0,1.0,1.0
Como vs Sassuolo,Como,8586,Mërgim Vojvoda,D,59,6.9,,0.0,,,43,39.0,90.7,,1.0,,,0,0,,1.0
Como vs Sassuolo,Como,386305,Jacobo Ramón,D,90,7.7,,0.0,,,92,89.0,96.7,,1.0,2.0,,1,0,,3.0
Como vs Sassuolo,Como,21090,Diego Carlos,D,90,7.2,,0.0,,,80,76.0,95.0,,,,,0,0,2.0,4.0
Como vs Sassuolo,Como,288,Alberto Moreno,D,90,7.9,1.0,0.0,2.0,1.0,58,53.0,91.4,,,1.0,,0,0,1.0,3.0
Como vs Sassuolo,Como,288699,Máximo Perrone,M,89,6.6,,0.0,1.0,1.0,94,87.0,92.6,,,2.0,,0,0,,3.0
Como vs Sassuolo,Como,659,Maxence Caqueret,M,59,7.3,,0.0,,,69,63.0,91.3,3.0,,3.0,1.0,1,0,5.0,9.0
Como vs Sassuolo,Como,354533,Jayden Addai,M,82,7,,0.0,1.0,1.0,18,14.0,77.8,1.0,,1.0,1.0,0,0,3.0,4.0
Como vs Sassuolo,Como,350037,Nico Paz,M,90,7.6,,1.0,6.0,4.0,53,47.0,88.7,2.0,,,,0,0,5.0,7.0
Como vs Sassuolo,Como,443162,Jesús Rodriguez,M,59,6.3,,0.0,2.0,2.0,18,11.0,61.1,1.0,,,1.0,0,0,3.0,6.0
Como vs Sassuolo,Como,26845,Anastasios Douvikas,F,90,8.3,1.0,0.0,2.0,2.0,16,13.0,81.2,,,1.0,3.0,0,0,4.0,10.0
Como vs Sassuolo,Como,711,Stefan Posch,D,31,6.9,,0.0,,,12,8.0,66.7,,1.0,1.0,1.0,0,0,3.0,4.0
Como vs Sassuolo,Como,295026,Martin Baturina,M,31,6.7,,0.0,,,12,10.0,83.3,2.0,,,,0,0,3.0,3.0
Como vs Sassuolo,Como,162266,Lucas Da Cunha,M,31,7.3,,0.0,1.0,1.0,27,24.0,88.9,2.0,,,,0,0,5.0,5.0
Como vs Sassuolo,Como,38753,Nicolas-Gerrit Kühn,F,8,6.3,,0.0,1.0,1.0,2,2.0,100.0,,,,,0,0,,
Como vs Sassuolo,Sassuolo,616,Arijanet Murić,G,90,8.3,,0.0,,,19,16.0,84.2,,,,,0,0,1.0,1.0
Como vs Sassuolo,Sassuolo,40582,Sebastian Walukiewicz,D,90,6.5,,0.0,,,34,28.0,82.4,2.0,5.0,1.0,,0,0,3.0,6.0
Como vs Sassuolo,Sassuolo,37651,Jay Idzes,D,90,6.5,,0.0,,,31,27.0,87.1,,3.0,3.0,2.0,0,0,5.0,9.0
Como vs Sassuolo,Sassuolo,271350,Tarik Muharemović,D,90,6.5,,0.0,1.0,,46,39.0,84.8,,3.0,,,0,0,1.0,1.0
Como vs Sassuolo,Sassuolo,135526,Josh Doig,D,82,6.5,,0.0,,,28,21.0,75.0,1.0,3.0,,,0,0,1.0,2.0
Como vs Sassuolo,Sassuolo,328046,Ismael Koné,M,82,6.2,,0.0,,,29,25.0,86.2,,,,1.0,1,0,1.0,4.0
Como vs Sassuolo,Sassuolo,902,Nemanja Matić,M,90,7,,0.0,2.0,2.0,44,43.0,97.7,1.0,,,1.0,0,0,3.0,5.0
Como vs Sassuolo,Sassuolo,39143,Kristian Thorstvedt,M,90,6.3,,0.0,,,36,27.0,75.0,3.0,,1.0,4.0,0,0,8.0,12.0
Como vs Sassuolo,Sassuolo,30537,Domenico Berardi,F,51,7.3,,0.0,1.0,1.0,15,11.0,73.3,1.0,3.0,1.0,1.0,0,0,3.0,4.0
Como vs Sassuolo,Sassuolo,31094,Andrea Pinamonti,F,69,6.3,,0.0,1.0,1.0,14,11.0,78.6,,,,,0,0,1.0,3.0
Como vs Sassuolo,Sassuolo,2215,Armand Laurienté,F,69,6.2,,0.0,1.0,1.0,22,19.0,86.4,,,,,0,0,,3.0
Como vs Sassuolo,Sassuolo,342035,Cristian Volpato,M,39,6.5,,0.0,1.0,,18,16.0,88.9,1.0,,,,0,0,1.0,6.0
Como vs Sassuolo,Sassuolo,263699,Alieu Fadera,F,21,6.5,,0.0,,,7,6.0,85.7,,,1.0,,0,0,,2.0
Como vs Sassuolo,Sassuolo,31440,Luca Moro,F,21,6.2,,0.0,1.0,,4,4.0,100.0,,,,,0,0,,2.0
Como vs Sassuolo,Sassuolo,41371,Fali Candé,D,8,6.6,,0.0,,,6,6.0,100.0,,,,,0,0,,
Como vs Sassuolo,Sassuolo,281291,Edoardo Iannoni,M,8,6.5,,0.0,,,9,8.0,88.9,,,,,0,0,,3.0
Genoa vs Hellas Verona,Genoa,31631,Nicola Leali,G,90,8,,0.0,,,26,18.0,69.2,,,,,0,0,,
Genoa vs Hellas Verona,Genoa,281826,Alessandro Marcandalli,D,90,6.9,,0.0,1.0,,62,48.0,77.4,2.0,,,,0,0,6.0,8.0
Genoa vs Hellas Verona,Genoa,18967,Leo Østigård,D,90,7.5,,0.0,2.0,1.0,66,63.0,95.5,2.0,,2.0,2.0,0,0,8.0,13.0
Genoa vs Hellas Verona,Genoa,35544,Johan Vásquez,D,90,6.6,,0.0,,,61,51.0,83.6,1.0,1.0,,,0,0,4.0,10.0
Genoa vs Hellas Verona,Genoa,89520,Mikael Ellertsson,M,85,7.3,,1.0,2.0,1.0,18,15.0,83.3,,,,4.0,0,0,5.0,9.0
Genoa vs Hellas Verona,Genoa,1938,Ruslan Malinovskyi,M,85,6.7,,0.0,2.0,,47,38.0,80.9,,,2.0,,0,0,,3.0
Genoa vs Hellas Verona,Genoa,15881,Morten Frendrup,M,90,6.9,,0.0,,,50,42.0,84.0,4.0,1.0,,2.0,0,0,7.0,16.0
Genoa vs Hellas Verona,Genoa,36980,Morten Thorsby,M,90,8.2,1.0,0.0,3.0,1.0,37,22.0,59.5,3.0,1.0,3.0,2.0,1,0,27.0,40.0
Genoa vs Hellas Verona,Genoa,25914,Aarón Martín,M,90,7.9,,0.0,,,49,43.0,87.8,4.0,,,1.0,0,0,6.0,8.0
Genoa vs Hellas Verona,Genoa,263481,Lorenzo Colombo,F,67,7,1.0,0.0,1.0,1.0,16,15.0,93.8,,,1.0,,0,0,1.0,10.0
Genoa vs Hellas Verona,Genoa,281408,Vitinha,F,72,7.2,,1.0,,,15,9.0,60.0,2.0,,,4.0,0,0,10.0,19.0
Genoa vs Hellas Verona,Genoa,3430,Caleb Ekuban,F,23,6.7,,0.0,,,3,,,,1.0,,3.0,0,0,3.0,4.0
Genoa vs Hellas Verona,Genoa,281096,Patrizio Masini,M,18,6.7,,0.0,,,4,1.0,25.0,1.0,,1.0,,0,0,1.0,3.0
Genoa vs Hellas Verona,Genoa,31137,Stefano Sabelli,D,11,6.7,,0.0,,,0,,,,,,,0,0,,1.0
Genoa vs Hellas Verona,Genoa,341646,Valentín Carboni,M,11,6.7,,0.0,,,1,1.0,100.0,,,,,0,0,,
Genoa vs Hellas Verona,Hellas Verona,30611,Lorenzo Montipò,G,90,6.3,,0.0,,,27,13.0,48.1,,,,,0,0,,
Genoa vs Hellas Verona,Hellas Verona,47277,Unai Núñez,D,90,6.3,,0.0,,,36,27.0,75.0,3.0,3.0,3.0,,1,0,4.0,14.0
Genoa vs Hellas Verona,Hellas Verona,15912,Victor Nelsson,D,90,6.6,,0.0,,,23,18.0,78.3,2.0,4.0,1.0,1.0,0,0,5.0,6.0
Genoa vs Hellas Verona,Hellas Verona,311071,Nicolás Valentini,D,90,6.5,,0.0,,,29,21.0,72.4,1.0,,,,0,0,2.0,3.0
Genoa vs Hellas Verona,Hellas Verona,303362,Rafik Belghali,M,81,7.7,1.0,0.0,1.0,1.0,19,15.0,78.9,1.0,,1.0,1.0,0,0,8.0,11.0
Genoa vs Hellas Verona,Hellas Verona,22239,Cheikh Niasse,M,81,6.5,,0.0,,,22,18.0,81.8,7.0,1.0,5.0,2.0,0,0,12.0,30.0
Genoa vs Hellas Verona,Hellas Verona,203,Roberto Gagliardini,M,90,6.5,,0.0,,,40,25.0,62.5,2.0,2.0,2.0,,1,0,9.0,15.0
Genoa vs Hellas Verona,Hellas Verona,1090,Antoine Bernede,M,66,6.3,,0.0,,,21,12.0,57.1,3.0,2.0,2.0,1.0,0,0,5.0,10.0
Genoa vs Hellas Verona,Hellas Verona,14327,Domagoj Bradarić,M,30,6.7,,0.0,1.0,1.0,10,4.0,40.0,1.0,,,1.0,0,0,3.0,4.0
Genoa vs Hellas Verona,Hellas Verona,312615,Giovane,F,90,6.5,,0.0,2.0,1.0,21,11.0,52.4,,,,1.0,0,0,8.0,15.0
Genoa vs Hellas Verona,Hellas Verona,59421,Daniel Mosquera,F,66,6.5,,0.0,1.0,1.0,7,6.0,85.7,1.0,,2.0,,1,0,1.0,12.0
Genoa vs Hellas Verona,Hellas Verona,15909,Martin Frese,D,60,6.7,,0.0,1.0,,20,14.0,70.0,1.0,,1.0,,0,0,4.0,5.0
Genoa vs Hellas Verona,Hellas Verona,236955,Amin Sarr,F,24,6.3,,0.0,,,6,5.0,83.3,,1.0,1.0,1.0,0,0,1.0,7.0
Genoa vs Hellas Verona,Hellas Verona,368260,Gift Orban,F,24,6.5,,0.0,1.0,1.0,5,5.0,100.0,,,,1.0,0,0,3.0,5.0
Genoa vs Hellas Verona,Hellas Verona,153408,Daniel Oyegoke,D,9,6.3,,0.0,1.0,,5,3.0,60.0,,,,,0,0,,3.0
Genoa vs Hellas Verona,Hellas Verona,42006,Mutassim Al-Musrati,M,9,6.3,,0.0,,,8,6.0,75.0,,,1.0,,0,0,1.0,4.0
Parma vs Udinese,Parma,180762,Edoardo Corvi,G,90,7.2,,0.0,,,35,31.0,88.6,,,,1.0,0,0,2.0,2.0
Parma vs Udinese,Parma,30420,Enrico Del Prato,D,90,6.9,,0.0,,,39,33.0,84.6,2.0,1.0,,,0,0,3.0,4.0
Parma vs Udinese,Parma,428237,Mariano Troilo,D,64,5.2,,0.0,,,32,25.0,78.1,,1.0,1.0,1.0,0,1,6.0,13.0
Parma vs Udinese,Parma,6221,Lautaro Valenti,D,90,6.5,,0.0,,,47,28.0,59.6,4.0,1.0,1.0,,0,0,5.0,12.0
Parma vs Udinese,Parma,499380,Sascha Britschgi,M,90,7.2,,0.0,,,34,30.0,88.2,3.0,,,2.0,0,0,6.0,10.0
Parma vs Udinese,Parma,628,Adrián Bernabé,M,79,6.9,,0.0,,,34,25.0,73.5,2.0,1.0,,2.0,0,0,4.0,4.0
Parma vs Udinese,Parma,308836,Mandela Keita,M,45,6.5,,0.0,1.0,,17,12.0,70.6,1.0,1.0,2.0,,1,0,3.0,5.0
Parma vs Udinese,Parma,161569,Oliver Sørensen,M,56,6.3,,0.0,,,7,7.0,100.0,1.0,,1.0,1.0,0,0,3.0,6.0
Parma vs Udinese,Parma,91358,Emanuele Valeri,M,81,6.7,,0.0,1.0,,19,13.0,68.4,2.0,,,3.0,0,0,5.0,9.0
Parma vs Udinese,Parma,1649,Patrick Cutrone,F,45,6.5,,0.0,,,8,3.0,37.5,3.0,,,1.0,0,0,4.0,9.0
Parma vs Udinese,Parma,292172,Mateo Pellegrino,F,90,6.3,,0.0,1.0,1.0,14,7.0,50.0,,1.0,,2.0,0,0,6.0,12.0
Parma vs Udinese,Parma,191979,Jacob Ondrejka,F,45,6.9,,0.0,2.0,1.0,12,8.0,66.7,,,,,0,0,2.0,4.0
Parma vs Udinese,Parma,6409,Nahuel Estévez,M,45,6.9,,0.0,1.0,,24,13.0,54.2,1.0,,,2.0,0,0,5.0,6.0
Parma vs Udinese,Parma,1208,Hernani,M,34,6.3,,0.0,,,9,5.0,55.6,1.0,,1.0,2.0,0,0,3.0,6.0
Parma vs Udinese,Parma,40592,Adrian Benedyczak,F,11,6.9,,0.0,1.0,,9,8.0,88.9,1.0,,,,0,0,3.0,4.0
Parma vs Udinese,Parma,323369,Mathias Fjørtoft Løvik,D,9,6.7,,0.0,1.0,,1,1.0,100.0,,,,,0,0,,
Parma vs Udinese,Udinese,143648,Maduka Okoye,G,90,6.6,,0.0,,,33,17.0,51.5,,,,,0,0,,
Parma vs Udinese,Udinese,315249,Nicolò Bertola,D,90,7.2,,1.0,,,53,40.0,75.5,3.0,2.0,,,0,0,5.0,9.0
Parma vs Udinese,Udinese,18797,Christian Kabasele,D,90,6.9,,0.0,,,23,20.0,87.0,,3.0,2.0,,0,0,3.0,7.0
Parma vs Udinese,Udinese,656,Oumar Solet,D,90,7.2,,0.0,1.0,1.0,56,46.0,82.1,,,1.0,,0,0,1.0,4.0
Parma vs Udinese,Udinese,162907,Alessandro Zanoli,M,82,6.9,,0.0,,,20,15.0,75.0,2.0,,1.0,,0,0,3.0,8.0
Parma vs Udinese,Udinese,1939,Jakub Piotrowski,M,89,6.6,,0.0,2.0,,25,21.0,84.0,2.0,1.0,1.0,,0,0,4.0,7.0
Parma vs Udinese,Udinese,48047,Jesper Karlström,M,90,7.2,,0.0,1.0,,40,31.0,77.5,5.0,,2.0,,0,0,7.0,13.0
Parma vs Udinese,Udinese,347644,Arthur Atta,M,68,6.2,,0.0,1.0,,14,11.0,78.6,1.0,,2.0,,1,0,4.0,13.0
Parma vs Udinese,Udinese,19824,Jordan Zemura,M,90,6.3,,0.0,,,30,18.0,60.0,1.0,,3.0,,0,0,2.0,9.0
Parma vs Udinese,Udinese,786,Nicolò Zaniolo,F,83,7.2,1.0,0.0,3.0,1.0,26,23.0,88.5,,,4.0,1.0,0,0,2.0,11.0
Parma vs Udinese,Udinese,19185,Keinan Davis,F,68,8.3,1.0,0.0,2.0,2.0,9,7.0,77.8,,,,3.0,1,0,11.0,14.0
Parma vs Udinese,Udinese,541,Jürgen Ekkelenkamp,M,22,6.3,,0.0,,,9,7.0,77.8,1.0,,2.0,,0,0,1.0,5.0
Parma vs Udinese,Udinese,40594,Adam Buksa,F,22,6.9,,0.0,1.0,1.0,3,3.0,100.0,,,1.0,,0,0,1.0,2.0
Parma vs Udinese,Udinese,36916,Kingsley Ehizibue,D,8,6.7,,0.0,,,5,5.0,100.0,1.0,,,,0,0,1.0,3.0
Parma vs Udinese,Udinese,330599,Iker Bravo,F,13,6.7,,0.0,,,2,2.0,100.0,,,,,0,0,,
Juventus vs Cagliari,Juventus,849,Mattia Perin,G,90,6.6,,0.0,,,18,18.0,100.0,,,,,0,0,,
Juventus vs Cagliari,Juventus,162188,Pierre Kalulu,D,90,6.6,,1.0,,,70,65.0,92.9,1.0,,3.0,2.0,0,0,3.0,8.0
Juventus vs Cagliari,Juventus,19263,Lloyd Kelly,D,90,7.3,,0.0,,,78,76.0,97.4,1.0,,,,0,0,4.0,7.0
Juventus vs Cagliari,Juventus,36899,Teun Koopmeiners,D,90,6.9,,0.0,2.0,,72,68.0,94.4,2.0,2.0,3.0,,0,0,2.0,5.0
Juventus vs Cagliari,Juventus,415,Weston McKennie,M,90,6.9,,0.0,1.0,,38,34.0,89.5,,1.0,,,0,0,1.0,2.0
Juventus vs Cagliari,Juventus,30533,Manuel Locatelli,M,90,8.2,,0.0,,,92,85.0,92.4,3.0,2.0,2.0,3.0,0,0,8.0,11.0
Juventus vs Cagliari,Juventus,116,Khéphren Thuram,M,70,7.3,,0.0,,,49,46.0,93.9,2.0,1.0,2.0,2.0,0,0,4.0,6.0
Juventus vs Cagliari,Juventus,1821,Filip Kostić,M,45,6,,0.0,,,15,12.0,80.0,1.0,1.0,2.0,1.0,0,0,2.0,6.0
Juventus vs Cagliari,Juventus,161585,Francisco Conceição,F,85,7.5,,0.0,4.0,3.0,42,36.0,85.7,,,1.0,3.0,0,0,8.0,12.0
Juventus vs Cagliari,Juventus,339883,Kenan Yıldız,F,85,9.2,2.0,0.0,2.0,2.0,35,31.0,88.6,,,1.0,2.0,0,0,4.0,9.0
Juventus vs Cagliari,Juventus,30415,Dušan Vlahović,F,31,6.5,,0.0,1.0,1.0,4,2.0,50.0,,,,1.0,0,0,2.0,3.0
Juventus vs Cagliari,Juventus,8489,Jonathan David,F,59,6.7,,0.0,,,27,24.0,88.9,,,,1.0,0,0,2.0,5.0
Juventus vs Cagliari,Juventus,127011,Andrea Cambiaso,D,45,6.9,,0.0,1.0,,39,35.0,89.7,1.0,,2.0,,1,0,1.0,3.0
Juventus vs Cagliari,Juventus,181808,Fabio Miretti,M,20,7.2,,0.0,,,25,24.0,96.0,4.0,,,,0,0,4.0,7.0
Juventus vs Cagliari,Juventus,125674,Juan Cabal,D,10,6.6,,0.0,,,2,1.0,50.0,1.0,,,,0,0,1.0,2.0
Juventus vs Cagliari,Juventus,86,Loïs Openda,F,10,6.3,,0.0,,,4,3.0,75.0,,,,1.0,0,0,1.0,2.0
Juventus vs Cagliari,Cagliari,30731,Elia Caprile,G,90,6.9,,0.0,,,25,21.0,84.0,,,,,0,0,,
Juventus vs Cagliari,Cagliari,200,Gabriele Zappa,D,90,6.3,,0.0,,,49,37.0,75.5,2.0,1.0,1.0,,0,0,2.0,4.0
Juventus vs Cagliari,Cagliari,30561,Alessandro Deiola,D,90,6.9,,0.0,,,80,72.0,90.0,1.0,2.0,2.0,,1,0,2.0,5.0
Juventus vs Cagliari,Cagliari,319,Sebastiano Luperto,D,90,6.3,,0.0,,,63,60.0,95.2,1.0,,1.0,,0,0,1.0,3.0
Juventus vs Cagliari,Cagliari,383018,Marco Palestra,M,90,7.7,,1.0,,,26,23.0,88.5,6.0,1.0,2.0,4.0,0,0,10.0,16.0
Juventus vs Cagliari,Cagliari,30505,Michel Adopo,M,81,6.6,,0.0,,,30,27.0,90.0,1.0,1.0,,2.0,0,0,3.0,4.0
Juventus vs Cagliari,Cagliari,551413,Joseph Liteta,M,53,6,,0.0,,,26,22.0,84.6,,2.0,3.0,,0,0,,5.0
Juventus vs Cagliari,Cagliari,56851,Michael Folorunsho,M,81,6.5,,0.0,1.0,,30,24.0,80.0,2.0,,2.0,3.0,1,0,5.0,11.0
Juventus vs Cagliari,Cagliari,321744,Adam Obert,M,53,6.2,,0.0,,,24,20.0,83.3,1.0,1.0,1.0,,1,0,1.0,3.0
Juventus vs Cagliari,Cagliari,31499,Gennaro Borrelli,F,90,6.9,,0.0,,,11,9.0,81.8,1.0,,1.0,4.0,0,0,8.0,13.0
Juventus vs Cagliari,Cagliari,215,Sebastiano Esposito,F,69,7.3,1.0,0.0,1.0,1.0,25,20.0,80.0,1.0,,,1.0,0,0,2.0,4.0
Juventus vs Cagliari,Cagliari,309388,Matteo Prati,M,37,6.3,,0.0,,,18,15.0,83.3,,1.0,2.0,,1,0,,3.0
Juventus vs Cagliari,Cagliari,383026,Riyad Idrissi,D,37,6.9,,0.0,1.0,1.0,24,23.0,95.8,2.0,,,,0,0,2.0,5.0
Juventus vs Cagliari,Cagliari,31734,Mattia Felici,F,21,6.3,,0.0,1.0,1.0,13,9.0,69.2,1.0,,1.0,,1,0,2.0,5.0
Juventus vs Cagliari,Cagliari,325,Gianluca Gaetano,M,9,6.6,,0.0,,,6,6.0,100.0,,,,,0,0,2.0,4.0
Juventus vs Cagliari,Cagliari,336567,Semih Kılıçsoy,F,9,6.2,,0.0,,,4,2.0,50.0,,,,,0,0,1.0,3.0
AC Milan vs Lazio,AC Milan,22221,Mike Maignan,G,90,8.2,,0.0,,,35,31.0,88.6,,,,,0,0,,
AC Milan vs Lazio,AC Milan,19209,Fikayo Tomori,D,90,8.3,,1.0,1.0,,46,39.0,84.8,6.0,1.0,2.0,1.0,1,0,8.0,12.0
AC Milan vs Lazio,AC Milan,56473,Matteo Gabbia,D,90,7.2,,0.0,1.0,,78,71.0,91.0,1.0,1.0,1.0,,1,0,4.0,5.0
AC Milan vs Lazio,AC Milan,45826,Strahinja Pavlović,D,90,7.2,,0.0,1.0,1.0,54,51.0,94.4,2.0,,,1.0,0,0,4.0,6.0
AC Milan vs Lazio,AC Milan,1417,Alexis Saelemaekers,M,90,6.9,,0.0,,,40,32.0,80.0,1.0,3.0,1.0,3.0,0,0,4.0,8.0
AC Milan vs Lazio,AC Milan,22254,Youssouf Fofana,M,65,6.7,,0.0,1.0,,26,20.0,76.9,3.0,,,,0,0,3.0,7.0
AC Milan vs Lazio,AC Milan,754,Luka Modrić,M,90,7,,0.0,,,78,69.0,88.5,1.0,2.0,2.0,1.0,0,0,3.0,7.0
AC Milan vs Lazio,AC Milan,272,Adrien Rabiot,M,90,7.2,,0.0,1.0,,52,47.0,90.4,2.0,1.0,2.0,3.0,0,0,5.0,8.0
AC Milan vs Lazio,AC Milan,374359,Davide Bartesaghi,M,90,7.2,,0.0,,,42,40.0,95.2,,2.0,,1.0,0,0,3.0,9.0
AC Milan vs Lazio,AC Milan,269,Christopher Nkunku,F,82,6.7,,0.0,,,16,16.0,100.0,,,,1.0,0,0,1.0,3.0
AC Milan vs Lazio,AC Milan,22236,Rafael Leão,F,90,7.2,1.0,0.0,3.0,3.0,19,14.0,73.7,,,1.0,1.0,0,0,2.0,5.0
AC Milan vs Lazio,AC Milan,2292,Ruben Loftus-Cheek,M,25,6.9,,0.0,1.0,,6,6.0,100.0,1.0,,,,0,0,3.0,3.0
AC Milan vs Lazio,AC Milan,31056,Samuele Ricci,M,8,6.5,,0.0,,,1,1.0,100.0,,,1.0,,1,0,,2.0
AC Milan vs Lazio,Lazio,31037,Ivan Provedel,G,90,7,,0.0,,,22,18.0,81.8,,,,,0,0,1.0,1.0
AC Milan vs Lazio,Lazio,1844,Adam Marušić,D,90,6.3,,0.0,,,58,52.0,89.7,2.0,2.0,3.0,,0,0,3.0,7.0
AC Milan vs Lazio,Lazio,162952,Mario Gila Fuentes,D,90,7.2,,0.0,1.0,1.0,81,73.0,90.1,2.0,,1.0,,0,0,6.0,8.0
AC Milan vs Lazio,Lazio,1632,Alessio Romagnoli,D,90,6.9,,0.0,,,68,66.0,97.1,2.0,4.0,1.0,,1,0,3.0,6.0
AC Milan vs Lazio,Lazio,30554,Luca Pellegrini,D,85,6.3,,0.0,,,55,44.0,80.0,1.0,,,,1,0,1.0,3.0
AC Milan vs Lazio,Lazio,1454,Mattéo Guendouzi,M,90,6.7,,0.0,,,53,46.0,86.8,,2.0,1.0,1.0,1,0,2.0,4.0
AC Milan vs Lazio,Lazio,211,Matías Vecino,M,62,6.9,,0.0,,,58,54.0,93.1,1.0,,1.0,,0,0,1.0,2.0
AC Milan vs Lazio,Lazio,1266,Toma Bašić,M,85,6.6,,0.0,1.0,1.0,54,47.0,87.0,1.0,1.0,3.0,2.0,0,0,3.0,7.0
AC Milan vs Lazio,Lazio,135519,Gustav Isaksen,F,70,6.3,,0.0,2.0,,18,13.0,72.2,,,,,0,0,,3.0
AC Milan vs Lazio,Lazio,22015,Boulaye Dia,F,62,6.2,,0.0,,,15,12.0,80.0,1.0,,,,0,0,1.0,5.0
AC Milan vs Lazio,Lazio,30937,Mattia Zaccagni,F,90,6.5,,0.0,2.0,1.0,36,27.0,75.0,1.0,1.0,2.0,3.0,1,0,7.0,16.0
AC Milan vs Lazio,Lazio,144740,Fisayo Dele-Bashiru,M,28,6.5,,0.0,1.0,,12,11.0,91.7,,,,,0,0,,2.0
AC Milan vs Lazio,Lazio,50856,Valentín Castellanos,F,28,6.6,,0.0,1.0,1.0,7,6.0,85.7,,,,1.0,0,0,2.0,4.0
AC Milan vs Lazio,Lazio,2299,Pedro,F,20,7.2,,0.0,,,18,17.0,94.4,1.0,,,3.0,0,0,4.0,5.0
AC Milan vs Lazio,Lazio,41577,Nuno Tavares,D,19,6.7,,0.0,,,11,9.0,81.8,,,,,0,0,,1.0
AC Milan vs Lazio,Lazio,133729,Tijjani Noslin,F,19,6.7,,0.0,,,3,3.0,100.0,,,,,0,0,1.0,1.0
Lecce vs Torino,Lecce,56459,Wladimiro Falcone,G,90,7.9,,0.0,,,36,15.0,41.7,,,,,0,0,,
Lecce vs Torino,Lecce,161702,Danilo Veiga,D,90,6.9,,0.0,,,33,22.0,66.7,5.0,,,2.0,0,0,9.0,12.0
Lecce vs Torino,Lecce,291589,Kialonda Gaspar,D,90,6.7,,0.0,2.0,,24,19.0,79.2,1.0,1.0,,,0,0,6.0,6.0
Lecce vs Torino,Lecce,455316,Tiago Gabriel,D,90,7.3,,0.0,,,33,28.0,84.8,,,1.0,1.0,0,0,9.0,11.0
Lecce vs Torino,Lecce,31543,Antonino Gallo,D,90,6.9,,0.0,,,38,27.0,71.1,2.0,1.0,,1.0,0,0,4.0,4.0
Lecce vs Torino,Lecce,15673,Ylber Ramadani,M,90,6.9,,0.0,,,51,38.0,74.5,1.0,,1.0,3.0,1,0,4.0,8.0
Lecce vs Torino,Lecce,1748,Lassana Coulibaly,M,90,8.2,1.0,0.0,1.0,1.0,27,21.0,77.8,1.0,,2.0,2.0,1,0,8.0,13.0
Lecce vs Torino,Lecce,6662,Santiago Pierotti,M,65,6.7,,0.0,,,19,14.0,73.7,1.0,,2.0,1.0,0,0,5.0,10.0
Lecce vs Torino,Lecce,335071,Medon Berisha,M,82,8.9,,2.0,1.0,,31,28.0,90.3,4.0,,3.0,4.0,0,0,9.0,14.0
Lecce vs Torino,Lecce,118956,Lameck Banda,M,65,7.6,1.0,0.0,1.0,1.0,14,14.0,100.0,,,2.0,1.0,0,0,4.0,10.0
Lecce vs Torino,Lecce,264122,Nikola Štulić,F,89,6.3,,0.0,,,8,4.0,50.0,1.0,,4.0,3.0,0,0,9.0,19.0
Lecce vs Torino,Lecce,31507,Riccardo Sottil,F,25,6.5,,0.0,,,11,8.0,72.7,,,,2.0,0,0,2.0,5.0
Lecce vs Torino,Lecce,47182,Tete Morente,F,25,5.7,,0.0,,,13,10.0,76.9,,,1.0,,0,0,,5.0
Lecce vs Torino,Lecce,197779,Mohamed Kaba,M,8,6.9,,0.0,,,3,2.0,66.7,1.0,,,1.0,0,0,4.0,5.0
Lecce vs Torino,Torino,56266,Franco Israel,G,90,6,,0.0,,,24,17.0,70.8,,,,,0,0,,
Lecce vs Torino,Torino,22174,Adrien Tameze,D,60,6.2,,0.0,,,26,19.0,73.1,,,1.0,,0,0,3.0,8.0
Lecce vs Torino,Torino,2553,Guillermo Maripán,D,90,6.3,,0.0,,,39,33.0,84.6,1.0,,2.0,,0,0,4.0,11.0
Lecce vs Torino,Torino,122468,Saúl Coco,D,90,7.2,,0.0,1.0,1.0,47,38.0,80.9,2.0,2.0,4.0,3.0,1,0,7.0,15.0
Lecce vs Torino,Torino,39362,Marcus Pedersen,M,70,6.5,,0.0,1.0,1.0,17,14.0,82.4,1.0,,2.0,1.0,0,0,2.0,5.0
Lecce vs Torino,Torino,270507,Cesare Casadei,M,90,6.2,,0.0,1.0,,32,23.0,71.9,3.0,,2.0,,1,0,6.0,16.0
Lecce vs Torino,Torino,275776,Kristjan Asllani,M,90,6.5,,0.0,2.0,1.0,53,37.0,69.8,4.0,,3.0,1.0,0,0,5.0,10.0
Lecce vs Torino,Torino,343189,Gvidas Gineitis,M,37,6.9,,0.0,,,5,4.0,80.0,2.0,,1.0,4.0,0,0,6.0,8.0
Lecce vs Torino,Torino,156490,Niels Nkounkou,M,70,6.6,,0.0,1.0,,20,13.0,65.0,2.0,2.0,,,0,0,2.0,5.0
Lecce vs Torino,Torino,19524,Che Adams,F,90,7,1.0,0.0,4.0,2.0,27,22.0,81.5,,,1.0,,0,0,,9.0
Lecce vs Torino,Torino,842,Nikola Vlašić,F,70,6.9,,1.0,,,34,29.0,85.3,2.0,,2.0,2.0,0,0,6.0,18.0
Lecce vs Torino,Torino,2495,Duván Zapata,F,53,6.2,,0.0,1.0,1.0,13,11.0,84.6,,,1.0,1.0,0,0,1.0,2.0
Lecce vs Torino,Torino,85,Cyril Ngonge,F,30,6.9,,0.0,,,5,5.0,100.0,1.0,,1.0,1.0,1,0,3.0,5.0
Lecce vs Torino,Torino,18799,Adam Masina,D,20,6.9,,0.0,,,7,5.0,71.4,1.0,,1.0,1.0,0,0,3.0,5.0
Lecce vs Torino,Torino,25353,Valentino Lazaro,D,20,6.6,,0.0,,,6,4.0,66.7,,1.0,,,0,0,1.0,2.0
Lecce vs Torino,Torino,243,Zakaria Aboukhlal,F,20,6.5,,0.0,,,3,2.0,66.7,,,1.0,1.0,0,0,1.0,4.0
Pisa vs Inter,Pisa,50054,Simone Scuffet,G,90,6.9,,0.0,,,38,29.0,76.3,,,,,0,0,1.0,1.0
Pisa vs Inter,Pisa,31604,Antonio Caracciolo,D,90,6.5,,0.0,,,37,30.0,81.1,,4.0,1.0,,1,0,1.0,2.0
Pisa vs Inter,Pisa,314,Raúl Albiol,D,80,6.3,,0.0,,,47,37.0,78.7,1.0,,3.0,,1,0,1.0,4.0
Pisa vs Inter,Pisa,91503,Simone Canestrelli,D,90,6.9,,0.0,,,31,25.0,80.6,,,,2.0,0,0,3.0,3.0
Pisa vs Inter,Pisa,56293,Idrissa Touré,M,90,7.9,,0.0,1.0,1.0,34,23.0,67.6,,1.0,,2.0,0,0,6.0,10.0
Pisa vs Inter,Pisa,325387,Gabriele Piccinini,M,71,7.3,,0.0,2.0,1.0,15,11.0,73.3,4.0,,1.0,2.0,0,0,8.0,12.0
Pisa vs Inter,Pisa,951,Michel Aebischer,M,90,7,,0.0,,,52,45.0,86.5,1.0,,2.0,1.0,0,0,3.0,7.0
Pisa vs Inter,Pisa,30723,Marius Marin,M,90,6.2,,0.0,,,24,18.0,75.0,,,3.0,1.0,0,0,1.0,6.0
Pisa vs Inter,Pisa,302069,Samuele Angori,M,71,6.9,,0.0,,,12,9.0,75.0,,,,1.0,0,0,3.0,3.0
Pisa vs Inter,Pisa,331678,Henrik Wendel Meister,F,89,5.6,,0.0,2.0,,11,10.0,90.9,,,2.0,2.0,0,0,3.0,11.0
Pisa vs Inter,Pisa,31318,M'Bala Nzola,F,89,7,,0.0,2.0,,11,9.0,81.8,,,1.0,3.0,0,0,8.0,12.0
Pisa vs Inter,Pisa,30753,Mehdi Léris,M,19,6.3,,0.0,,,10,7.0,70.0,,1.0,,1.0,0,0,2.0,3.0
Pisa vs Inter,Pisa,20959,Matteo Tramoni,F,19,6.3,,0.0,,,2,1.0,50.0,,,,,0,0,,1.0
Pisa vs Inter,Pisa,403300,Lorran,M,10,6.7,,0.0,,,2,2.0,100.0,,1.0,,,0,0,2.0,2.0
Pisa vs Inter,Inter,2802,Yann Sommer,G,90,7.3,,0.0,,,28,22.0,78.6,,,,,0,0,,
Pisa vs Inter,Inter,5,Manuel Akanji,D,90,7.2,,0.0,,,57,53.0,93.0,1.0,,3.0,1.0,0,0,5.0,12.0
Pisa vs Inter,Inter,1836,Francesco Acerbi,D,68,7.9,,0.0,,,34,32.0,94.1,1.0,3.0,1.0,,1,0,5.0,8.0
Pisa vs Inter,Inter,31009,Alessandro Bastoni,D,90,6.9,,0.0,,,38,31.0,81.6,2.0,2.0,4.0,1.0,0,0,6.0,13.0
Pisa vs Inter,Inter,10077,Luís Henrique,M,67,6.6,,0.0,,,37,34.0,91.9,,,,,0,0,,
Pisa vs Inter,Inter,30558,Nicolò Barella,M,90,7.9,,1.0,,,59,51.0,86.4,,,,2.0,0,0,3.0,6.0
Pisa vs Inter,Inter,1640,Hakan Çalhanoğlu,M,90,7,,0.0,1.0,,93,83.0,89.2,,2.0,1.0,,0,0,,2.0
Pisa vs Inter,Inter,348205,Petar Sučić,M,45,6.6,,0.0,,,26,18.0,69.2,,,,,0,0,1.0,2.0
Pisa vs Inter,Inter,31010,Federico Dimarco,M,90,6.3,,0.0,1.0,1.0,37,30.0,81.1,3.0,,2.0,1.0,0,0,4.0,13.0
Pisa vs Inter,Inter,217,Lautaro Martínez,F,88,7.9,2.0,0.0,6.0,2.0,28,23.0,82.1,1.0,,2.0,3.0,0,0,4.0,7.0
Pisa vs Inter,Inter,21509,Marcus Thuram,F,67,6.3,,0.0,1.0,,14,11.0,78.6,1.0,,,3.0,0,0,5.0,9.0
Pisa vs Inter,Inter,329,Piotr Zieliński,M,45,6.7,,0.0,,,24,22.0,91.7,,1.0,,,0,0,,
Pisa vs Inter,Inter,270509,Andy Diouf,M,23,7,,0.0,,,10,9.0,90.0,1.0,,,,0,0,2.0,3.0
Pisa vs Inter,Inter,345808,Francesco Pio Esposito,F,23,6.6,,1.0,,,6,3.0,50.0,,,1.0,1.0,0,0,1.0,2.0
Pisa vs Inter,Inter,24953,Yann Bisseck,D,22,6.6,,0.0,,,11,8.0,72.7,,,1.0,,0,0,,1.0
Pisa vs Inter,Inter,10238,Carlos Augusto,D,2,,,0.0,,,4,3.0,75.0,,,,,0,0,,
Atalanta vs Fiorentina,Atalanta,30417,Marco Carnesecchi,G,90,7.9,,0.0,,,35,23.0,65.7,,,,,0,0,,
Atalanta vs Fiorentina,Atalanta,48119,Odilon Kossounou,D,90,8.3,1.0,0.0,2.0,1.0,47,43.0,91.5,,2.0,,1.0,0,0,5.0,6.0
Atalanta vs Fiorentina,Atalanta,137976,Isak Hien,D,87,7.2,,0.0,,,39,31.0,79.5,4.0,1.0,3.0,2.0,1,0,7.0,13.0
Atalanta vs Fiorentina,Atalanta,30421,Berat Djimsiti,D,90,7,,0.0,1.0,,44,41.0,93.2,3.0,1.0,1.0,,0,0,6.0,10.0
Atalanta vs Fiorentina,Atalanta,91422,Raoul Bellanova,M,90,6.6,,0.0,,,32,28.0,87.5,1.0,1.0,,,0,0,3.0,3.0
Atalanta vs Fiorentina,Atalanta,10097,Éderson,M,67,6.6,,0.0,,,44,41.0,93.2,1.0,,,2.0,0,0,3.0,5.0
Atalanta vs Fiorentina,Atalanta,30432,Marten de Roon,M,90,6.6,,0.0,1.0,1.0,51,43.0,84.3,,1.0,2.0,,0,0,,3.0
Atalanta vs Fiorentina,Atalanta,2286,Davide Zappacosta,M,67,7.3,,0.0,1.0,1.0,25,23.0,92.0,,1.0,1.0,,0,0,,2.0
Atalanta vs Fiorentina,Atalanta,147859,Charles De Ketelaere,F,90,8.3,,1.0,4.0,4.0,35,27.0,77.1,,,2.0,2.0,0,0,6.0,16.0
Atalanta vs Fiorentina,Atalanta,18767,Ademola Lookman,F,77,7.3,1.0,0.0,2.0,1.0,28,24.0,85.7,1.0,,3.0,,0,0,3.0,7.0
Atalanta vs Fiorentina,Atalanta,30544,Gianluca Scamacca,F,77,6.9,,0.0,3.0,1.0,26,20.0,76.9,1.0,,1.0,2.0,0,0,6.0,9.0
Atalanta vs Fiorentina,Atalanta,203474,Nicola Zalewski,M,23,6.9,,0.0,,,9,8.0,88.9,1.0,1.0,1.0,1.0,0,0,3.0,5.0
Atalanta vs Fiorentina,Atalanta,2763,Mario Pašalić,M,23,6.5,,0.0,,,7,6.0,85.7,,,1.0,,0,0,,2.0
Atalanta vs Fiorentina,Atalanta,199837,Kamaldeen Sulemana,F,13,6.6,,0.0,,,5,3.0,60.0,,,,,0,0,2.0,3.0
Atalanta vs Fiorentina,Atalanta,66817,Nikola Krstović,F,13,6.3,,0.0,1.0,,2,2.0,100.0,,,,,0,0,,2.0
Atalanta vs Fiorentina,Atalanta,1442,Sead Kolašinac,D,8,6.9,,0.0,,,2,2.0,100.0,2.0,,,,0,0,2.0,3.0
Atalanta vs Fiorentina,Fiorentina,882,David De Gea,G,90,7.5,,0.0,,,50,28.0,56.0,,,,,0,0,,
Atalanta vs Fiorentina,Fiorentina,1084,Marin Pongračić,D,90,7,,0.0,,,50,49.0,98.0,3.0,1.0,1.0,,1,0,4.0,7.0
Atalanta vs Fiorentina,Fiorentina,46792,Pablo Marí,D,75,6.7,,0.0,,,40,37.0,92.5,1.0,1.0,2.0,,1,0,3.0,7.0
Atalanta vs Fiorentina,Fiorentina,31642,Luca Ranieri,D,90,7.3,,0.0,,,49,39.0,79.6,2.0,,1.0,,0,0,4.0,10.0
Atalanta vs Fiorentina,Fiorentina,876,Nicolò Fagioli,M,64,6.7,,0.0,,,40,37.0,92.5,,,,1.0,0,0,1.0,2.0
Atalanta vs Fiorentina,Fiorentina,41144,Dodô,M,64,6.7,,0.0,,,25,19.0,76.0,,,,1.0,0,0,1.0,1.0
Atalanta vs Fiorentina,Fiorentina,30810,Rolando Mandragora,M,90,6.9,,0.0,1.0,,41,37.0,90.2,1.0,1.0,1.0,3.0,1,0,5.0,6.0
Atalanta vs Fiorentina,Fiorentina,1014,Simon Sohm,M,79,6.7,,0.0,1.0,,36,32.0,88.9,1.0,,1.0,1.0,0,0,3.0,6.0
Atalanta vs Fiorentina,Fiorentina,136087,Fabiano Parisi,M,90,6.3,,0.0,,,38,35.0,92.1,,3.0,,2.0,0,0,2.0,5.0
Atalanta vs Fiorentina,Fiorentina,877,Moise Kean,F,90,6,,0.0,6.0,1.0,14,8.0,57.1,,,2.0,1.0,0,0,5.0,12.0
Atalanta vs Fiorentina,Fiorentina,30440,Roberto Piccoli,F,79,6.7,,0.0,2.0,2.0,15,9.0,60.0,1.0,,1.0,4.0,0,0,8.0,18.0
Atalanta vs Fiorentina,Fiorentina,437093,Niccolò Fortini,D,26,7.2,,0.0,,,13,11.0,84.6,2.0,1.0,,1.0,0,0,5.0,7.0
Atalanta vs Fiorentina,Fiorentina,2799,Albert Guðmundsson,F,26,6.5,,0.0,,,25,21.0,84.0,,,,,0,0,1.0,3.0
Atalanta vs Fiorentina,Fiorentina,396637,Pietro Comuzzo,D,15,6.9,,0.0,,,9,8.0,88.9,1.0,1.0,,,0,0,1.0,1.0
Atalanta vs Fiorentina,Fiorentina,311083,Cher Ndour,M,11,6.7,,0.0,,,10,9.0,90.0,,,,,0,0,,2.0
Atalanta vs Fiorentina,Fiorentina,314231,Amir Richardson,M,11,6.5,,0.0,1.0,,11,8.0,72.7,,,1.0,,0,0,,2.0
AS Roma vs Napoli,AS Roma,556,Mile Svilar,G,90,7.7,,0.0,,,44,31.0,70.5,,,,1.0,0,0,1.0,1.0
AS Roma vs Napoli,AS Roma,30425,Gianluca Mancini,D,90,6.9,,0.0,1.0,1.0,58,48.0,82.8,2.0,,3.0,1.0,0,0,8.0,12.0
AS Roma vs Napoli,AS Roma,1807,Evan Ndicka,D,90,6.9,,0.0,,,64,56.0,87.5,2.0,2.0,3.0,1.0,1,0,6.0,11.0
AS Roma vs Napoli,AS Roma,2669,Mario Hermoso,D,90,6.6,,0.0,,,71,58.0,81.7,1.0,3.0,1.0,,0,0,5.0,8.0
AS Roma vs Napoli,AS Roma,22222,Zeki Çelik,M,90,6.6,,0.0,1.0,,42,37.0,88.1,4.0,,,,0,0,5.0,10.0
AS Roma vs Napoli,AS Roma,778,Bryan Cristante,M,62,6.6,,0.0,,,47,37.0,78.7,1.0,1.0,2.0,,1,0,2.0,4.0
AS Roma vs Napoli,AS Roma,22147,Manu Koné,M,90,6.9,,0.0,,,65,56.0,86.2,2.0,,1.0,,0,0,3.0,5.0
AS Roma vs Napoli,AS Roma,349001,Wesley,M,82,6.6,,0.0,,,30,25.0,83.3,2.0,,,3.0,0,0,5.0,15.0
AS Roma vs Napoli,AS Roma,323936,Matías Soulé,F,62,6.5,,0.0,1.0,,17,10.0,58.8,,,,2.0,0,0,2.0,4.0
AS Roma vs Napoli,AS Roma,782,Lorenzo Pellegrini,F,80,6.2,,0.0,1.0,,36,28.0,77.8,,,,2.0,0,0,2.0,8.0
AS Roma vs Napoli,AS Roma,129643,Evan Ferguson,F,45,6.2,,0.0,2.0,,10,9.0,90.0,,,,,0,0,1.0,5.0
AS Roma vs Napoli,AS Roma,288769,Tommaso Baldanzi,M,45,6.7,,0.0,1.0,1.0,10,7.0,70.0,,,1.0,2.0,1,0,2.0,5.0
AS Roma vs Napoli,AS Roma,277003,Neil El Aynaoui,M,28,6.9,,0.0,,,32,31.0,96.9,,,,1.0,0,0,1.0,2.0
AS Roma vs Napoli,AS Roma,875,Paulo Dybala,F,28,6.3,,0.0,,,13,10.0,76.9,,,1.0,,0,0,,2.0
AS Roma vs Napoli,AS Roma,983,Leon Bailey,F,10,6.3,,0.0,,,3,2.0,66.7,,,1.0,,0,0,2.0,4.0
AS Roma vs Napoli,AS Roma,791,Stephan El Shaarawy,F,8,6.2,,0.0,,,4,4.0,100.0,,,1.0,,1,0,,3.0
AS Roma vs Napoli,Napoli,31156,Vanja Milinković-Savić,G,90,7.2,,0.0,,,49,28.0,57.1,,,,,0,0,,
AS Roma vs Napoli,Napoli,37604,Sam Beukema,D,90,6.3,,0.0,,,50,43.0,86.0,3.0,1.0,1.0,,1,0,4.0,6.0
AS Roma vs Napoli,Napoli,1314,Amir Rrahmani,D,90,7.2,,0.0,,,29,24.0,82.8,2.0,2.0,1.0,1.0,0,0,5.0,7.0
AS Roma vs Napoli,Napoli,31226,Alessandro Buongiorno,D,90,6.7,,0.0,,,43,38.0,88.4,1.0,1.0,3.0,,0,0,2.0,8.0
AS Roma vs Napoli,Napoli,31042,Giovanni Di Lorenzo,M,90,7.9,,0.0,1.0,,45,34.0,75.6,9.0,1.0,2.0,1.0,0,0,15.0,17.0
AS Roma vs Napoli,Napoli,47439,Stanislav Lobotka,M,90,6.6,,0.0,,,51,41.0,80.4,,2.0,1.0,2.0,1,0,2.0,3.0
AS Roma vs Napoli,Napoli,903,Scott McTominay,M,90,6.3,,0.0,1.0,1.0,43,41.0,95.3,,,1.0,2.0,0,0,4.0,11.0
AS Roma vs Napoli,Napoli,47254,Mathías Olivera,M,90,7,,0.0,,,43,33.0,76.7,5.0,1.0,2.0,1.0,1,0,8.0,11.0
AS Roma vs Napoli,Napoli,552,David Neres,F,85,9.3,1.0,0.0,2.0,1.0,25,21.0,84.0,,,1.0,,0,0,2.0,11.0
AS Roma vs Napoli,Napoli,288006,Rasmus Højlund,F,80,6.3,,1.0,1.0,1.0,24,17.0,70.8,,,,3.0,0,0,5.0,12.0
AS Roma vs Napoli,Napoli,544,Noa Lang,F,70,7,,0.0,1.0,1.0,22,16.0,72.7,,1.0,,2.0,0,0,3.0,4.0
AS Roma vs Napoli,Napoli,219,Matteo Politano,F,20,6.6,,0.0,1.0,1.0,6,3.0,50.0,1.0,,1.0,,0,0,1.0,2.0
AS Roma vs Napoli,Napoli,1358,Eljif Elmas,M,10,6.7,,0.0,,,4,4.0,100.0,,,,,0,0,,1.0
AS Roma vs Napoli,Napoli,199089,Lorenzo Lucca,F,12,6.7,,0.0,,,0,,,,,,1.0,0,0,3.0,6.0
Bologna vs Cremonese,Bologna,31098,Federico Ravaglia,G,90,6,,0.0,,,23,19.0,82.6,,,,,0,0,1.0,2.0
Bologna vs Cremonese,Bologna,128461,Nadir Zortea,D,79,6.6,,0.0,,,45,35.0,77.8,2.0,,,2.0,0,0,8.0,9.0
Bologna vs Cremonese,Bologna,31099,Nicolò Casale,D,45,6,,0.0,2.0,,30,23.0,76.7,,2.0,,,0,0,6.0,8.0
Bologna vs Cremonese,Bologna,1929,Jhon Lucumí,D,90,6.7,,0.0,2.0,1.0,70,61.0,87.1,1.0,1.0,1.0,,0,0,3.0,7.0
Bologna vs Cremonese,Bologna,134,Juan Miranda,D,90,7.5,,0.0,,,65,56.0,86.2,3.0,1.0,1.0,,0,0,5.0,6.0
Bologna vs Cremonese,Bologna,31273,Tommaso Pobega,M,90,6.9,,0.0,4.0,1.0,32,25.0,78.1,4.0,1.0,3.0,1.0,0,0,8.0,15.0
Bologna vs Cremonese,Bologna,1322,Nikola Moro,M,90,7.2,,0.0,,,62,52.0,83.9,1.0,1.0,,,0,0,3.0,5.0
Bologna vs Cremonese,Bologna,30488,Riccardo Orsolini,M,79,7.2,1.0,0.0,6.0,2.0,21,18.0,85.7,,,,1.0,0,0,2.0,4.0
Bologna vs Cremonese,Bologna,30542,Jens Odgaard,M,75,6.3,,0.0,,,29,20.0,69.0,1.0,1.0,2.0,2.0,0,0,7.0,12.0
Bologna vs Cremonese,Bologna,347265,Benjamín Domínguez,M,45,6.3,,0.0,1.0,1.0,6,6.0,100.0,,1.0,,1.0,0,0,1.0,3.0
Bologna vs Cremonese,Bologna,311067,Santiago Castro,F,90,6.9,,0.0,3.0,2.0,22,20.0,90.9,1.0,,1.0,,0,0,6.0,12.0
Bologna vs Cremonese,Bologna,39254,Torbjørn Heggem,D,45,6.6,,0.0,,,28,25.0,89.3,1.0,1.0,,,0,0,3.0,4.0
Bologna vs Cremonese,Bologna,30438,Nicolò Cambiaghi,F,45,6.7,,0.0,1.0,,11,7.0,63.6,1.0,,2.0,3.0,0,0,4.0,10.0
Bologna vs Cremonese,Bologna,93016,Thijs Dallinga,F,15,6.3,,0.0,,,5,4.0,80.0,,,2.0,,0,0,2.0,4.0
Bologna vs Cremonese,Bologna,47985,Emil Holm,D,11,6.6,,0.0,2.0,,9,7.0,77.8,,,,1.0,0,0,2.0,2.0
Bologna vs Cremonese,Bologna,873,Federico Bernardeschi,F,11,6.6,,0.0,,,10,8.0,80.0,,,1.0,,0,0,,1.0
Bologna vs Cremonese,Cremonese,30441,Emil Audero,G,90,8.2,,0.0,,,47,14.0,29.8,,,,,0,0,,
Bologna vs Cremonese,Cremonese,264472,Filippo Terracciano,D,90,6.9,,0.0,2.0,1.0,30,20.0,66.7,2.0,3.0,1.0,1.0,1,0,3.0,5.0
Bologna vs Cremonese,Cremonese,127035,Federico Baschirotto,D,90,6.9,,0.0,,,24,21.0,87.5,1.0,1.0,,,0,0,3.0,10.0
Bologna vs Cremonese,Cremonese,30919,Matteo Bianchetti,D,90,7.3,,1.0,,,14,10.0,71.4,3.0,1.0,1.0,,0,0,6.0,9.0
Bologna vs Cremonese,Cremonese,266813,Warren Bondo,M,76,6.2,,0.0,,,22,16.0,72.7,1.0,,3.0,1.0,0,0,4.0,10.0
Bologna vs Cremonese,Cremonese,126980,Tommaso Barbieri,M,90,7.5,,1.0,,,22,16.0,72.7,1.0,3.0,2.0,3.0,0,0,5.0,13.0
Bologna vs Cremonese,Cremonese,6383,Martín Payero,M,67,7.3,1.0,0.0,3.0,2.0,14,9.0,64.3,1.0,1.0,,2.0,0,0,6.0,13.0
Bologna vs Cremonese,Cremonese,31211,Jari Vandeputte,M,90,6.5,,0.0,,,20,10.0,50.0,1.0,,3.0,1.0,0,0,2.0,7.0
Bologna vs Cremonese,Cremonese,30775,Giuseppe Pezzella,M,86,6.3,,0.0,,,20,9.0,45.0,1.0,,2.0,,1,0,3.0,12.0
Bologna vs Cremonese,Cremonese,31436,Federico Bonazzoli,F,76,6.9,,1.0,,,11,9.0,81.8,,1.0,,1.0,0,0,1.0,4.0
Bologna vs Cremonese,Cremonese,18788,Jamie Vardy,F,90,8.3,2.0,0.0,2.0,2.0,13,8.0,61.5,1.0,,,,0,0,4.0,13.0
Bologna vs Cremonese,Cremonese,31021,Alberto Grassi,M,23,6.9,,0.0,,,7,4.0,57.1,1.0,1.0,,2.0,0,0,3.0,3.0
Bologna vs Cremonese,Cremonese,31219,Alessio Zerbin,F,14,6.7,,0.0,,,1,,,1.0,,,,0,0,1.0,2.0
Bologna vs Cremonese,Cremonese,2522,Antonio Sanabria,F,14,6.7,,0.0,,,5,4.0,80.0,,,,1.0,0,0,2.0,2.0
Bologna vs Cremonese,Cremonese,385788,Francesco Folino,D,13,6.9,,0.0,,,0,,,,,,,0,0,,1.0
Sassuolo vs Fiorentina,Sassuolo,616,Arijanet Murić,G,90,6.2,,0.0,,,33,20.0,60.6,,,1.0,,1,0,,1.0
Sassuolo vs Fiorentina,Sassuolo,40582,Sebastian Walukiewicz,D,78,7.3,,0.0,,,32,29.0,90.6,1.0,3.0,1.0,1.0,0,0,5.0,7.0
Sassuolo vs Fiorentina,Sassuolo,37651,Jay Idzes,D,90,6.9,,0.0,,,21,18.0,85.7,,,,2.0,0,0,4.0,4.0
Sassuolo vs Fiorentina,Sassuolo,271350,Tarik Muharemović,D,90,8.3,1.0,1.0,2.0,2.0,37,30.0,81.1,1.0,2.0,1.0,1.0,0,0,4.0,6.0
Sassuolo vs Fiorentina,Sassuolo,135526,Josh Doig,D,90,6.5,,0.0,,,32,23.0,71.9,2.0,,1.0,1.0,0,0,5.0,11.0
Sassuolo vs Fiorentina,Sassuolo,39143,Kristian Thorstvedt,M,90,6.3,,0.0,,,28,20.0,71.4,2.0,,3.0,1.0,1,0,6.0,11.0
Sassuolo vs Fiorentina,Sassuolo,902,Nemanja Matić,M,90,6.9,,0.0,,,50,41.0,82.0,1.0,1.0,,1.0,0,0,4.0,8.0
Sassuolo vs Fiorentina,Sassuolo,328046,Ismael Koné,M,90,7.9,1.0,0.0,1.0,1.0,26,25.0,96.2,,,1.0,2.0,0,0,2.0,3.0
Sassuolo vs Fiorentina,Sassuolo,342035,Cristian Volpato,F,78,8,1.0,1.0,1.0,1.0,18,16.0,88.9,,,3.0,,0,0,1.0,6.0
Sassuolo vs Fiorentina,Sassuolo,31094,Andrea Pinamonti,F,54,6.3,,0.0,3.0,,5,5.0,100.0,,,1.0,1.0,0,0,3.0,5.0
Sassuolo vs Fiorentina,Sassuolo,2215,Armand Laurienté,F,54,7,,1.0,2.0,1.0,10,9.0,90.0,1.0,,1.0,1.0,0,0,2.0,6.0
Sassuolo vs Fiorentina,Sassuolo,263699,Alieu Fadera,F,36,7,,0.0,,,9,8.0,88.9,2.0,,2.0,2.0,0,0,4.0,8.0
Sassuolo vs Fiorentina,Sassuolo,128478,Walid Cheddira,F,36,6.3,,0.0,,,9,5.0,55.6,,,,2.0,0,0,4.0,8.0
Sassuolo vs Fiorentina,Sassuolo,128338,Woyo Coulibaly,D,12,6.6,,0.0,,,4,4.0,100.0,,,,,0,0,1.0,3.0
Sassuolo vs Fiorentina,Sassuolo,30849,Nicholas Pierini,F,12,6.3,,0.0,,,10,7.0,70.0,,1.0,,,0,0,,4.0
Sassuolo vs Fiorentina,Fiorentina,882,David De Gea,G,90,4.2,,0.0,,,26,18.0,69.2,,,,,0,0,,
Sassuolo vs Fiorentina,Fiorentina,396637,Pietro Comuzzo,D,90,6.3,,0.0,,,53,45.0,84.9,2.0,1.0,2.0,,0,0,7.0,12.0
Sassuolo vs Fiorentina,Fiorentina,46792,Pablo Marí,D,90,6.2,,0.0,1.0,,87,79.0,90.8,2.0,2.0,2.0,,0,0,4.0,9.0
Sassuolo vs Fiorentina,Fiorentina,31642,Luca Ranieri,D,63,6.3,,0.0,,,39,35.0,89.7,,,,1.0,0,0,1.0,3.0
Sassuolo vs Fiorentina,Fiorentina,41144,Dodô,M,84,6.6,,0.0,,,21,16.0,76.2,,,,2.0,0,0,3.0,5.0
Sassuolo vs Fiorentina,Fiorentina,30810,Rolando Mandragora,M,90,6.9,1.0,0.0,1.0,1.0,53,42.0,79.2,2.0,2.0,4.0,1.0,1,0,3.0,9.0
Sassuolo vs Fiorentina,Fiorentina,876,Nicolò Fagioli,M,62,7,,0.0,,,47,44.0,93.6,2.0,,,1.0,0,0,3.0,4.0
Sassuolo vs Fiorentina,Fiorentina,1014,Simon Sohm,M,45,6.3,,0.0,,,19,18.0,94.7,2.0,,1.0,,0,0,3.0,6.0
Sassuolo vs Fiorentina,Fiorentina,136087,Fabiano Parisi,M,62,7,,0.0,,,29,23.0,79.3,1.0,,,4.0,0,0,5.0,8.0
Sassuolo vs Fiorentina,Fiorentina,877,Moise Kean,F,90,6,,0.0,3.0,,12,8.0,66.7,,,1.0,1.0,0,0,2.0,4.0
Sassuolo vs Fiorentina,Fiorentina,2799,Albert Guðmundsson,F,90,6.6,,0.0,,,35,31.0,88.6,,,2.0,2.0,0,0,3.0,8.0
Sassuolo vs Fiorentina,Fiorentina,311083,Cher Ndour,M,45,6.3,,0.0,,,25,21.0,84.0,1.0,,,,1,0,3.0,6.0
Sassuolo vs Fiorentina,Fiorentina,437093,Niccolò Fortini,D,28,6.2,,0.0,1.0,,19,17.0,89.5,1.0,,,1.0,0,0,2.0,5.0
Sassuolo vs Fiorentina,Fiorentina,30440,Roberto Piccoli,F,28,6.3,,0.0,,,4,3.0,75.0,3.0,,2.0,,0,0,4.0,8.0
Sassuolo vs Fiorentina,Fiorentina,180510,Mattia Viti,D,27,6.7,,0.0,,,25,21.0,84.0,,1.0,1.0,2.0,1,0,2.0,3.0
Sassuolo vs Fiorentina,Fiorentina,30789,Christian Kouamé,F,13,6.3,,0.0,,,4,2.0,50.0,1.0,1.0,,,0,0,1.0,1.0
Inter vs Como,Inter,2802,Yann Sommer,G,90,7.2,,0.0,,,25,21.0,84.0,,,,,0,0,,1.0
Inter vs Como,Inter,5,Manuel Akanji,D,90,6.9,,0.0,,,31,29.0,93.5,,,1.0,,1,0,1.0,5.0
Inter vs Como,Inter,1836,Francesco Acerbi,D,90,7.3,,1.0,,,25,21.0,84.0,,1.0,1.0,,0,0,1.0,6.0
Inter vs Como,Inter,31009,Alessandro Bastoni,D,90,7.3,,0.0,,,48,39.0,81.2,1.0,,1.0,3.0,0,0,5.0,8.0
Inter vs Como,Inter,10077,Luís Henrique,M,77,7.6,,1.0,1.0,1.0,26,22.0,84.6,1.0,1.0,,,0,0,3.0,4.0
Inter vs Como,Inter,30558,Nicolò Barella,M,85,7.2,,0.0,1.0,1.0,28,25.0,89.3,1.0,1.0,2.0,,0,0,2.0,6.0
Inter vs Como,Inter,1640,Hakan Çalhanoğlu,M,90,8.2,1.0,0.0,1.0,1.0,42,38.0,90.5,2.0,1.0,3.0,2.0,0,0,5.0,10.0
Inter vs Como,Inter,329,Piotr Zieliński,M,71,6.6,,0.0,,,36,30.0,83.3,2.0,1.0,,1.0,0,0,3.0,4.0
Inter vs Como,Inter,31010,Federico Dimarco,M,90,7.3,,1.0,,,38,27.0,71.1,,3.0,1.0,2.0,0,0,2.0,3.0
Inter vs Como,Inter,21509,Marcus Thuram,F,77,7.9,1.0,0.0,2.0,1.0,19,13.0,68.4,1.0,,2.0,3.0,0,0,10.0,14.0
Inter vs Como,Inter,217,Lautaro Martínez,F,85,7.3,1.0,0.0,3.0,2.0,14,12.0,85.7,1.0,1.0,3.0,2.0,0,0,5.0,12.0
Inter vs Como,Inter,1457,Henrikh Mkhitaryan,M,19,6.5,,0.0,,,7,6.0,85.7,,,1.0,,0,0,,3.0
Inter vs Como,Inter,10238,Carlos Augusto,D,13,7.9,1.0,0.0,1.0,1.0,2,1.0,50.0,1.0,,1.0,,0,0,2.0,3.0
Inter vs Como,Inter,345808,Francesco Pio Esposito,F,13,6.3,,0.0,,,5,4.0,80.0,,,,,0,0,,1.0
Inter vs Como,Inter,270509,Andy Diouf,M,8,6.3,,0.0,,,3,2.0,66.7,,,,,0,0,,
Inter vs Como,Inter,348205,Petar Sučić,M,8,6.3,,0.0,,,6,4.0,66.7,,,,,0,0,,1.0
Inter vs Como,Como,8574,Jean Butez,G,90,6.6,,0.0,,,37,34.0,91.9,,,,,0,0,1.0,1.0
Inter vs Como,Como,711,Stefan Posch,D,45,6,,0.0,,,31,26.0,83.9,,1.0,3.0,2.0,0,0,2.0,7.0
Inter vs Como,Como,386305,Jacobo Ramón,D,90,5.6,,0.0,1.0,,55,47.0,85.5,,2.0,1.0,1.0,0,0,3.0,9.0
Inter vs Como,Como,21090,Diego Carlos,D,90,6,,0.0,,,55,47.0,85.5,3.0,,3.0,2.0,1,0,6.0,10.0
Inter vs Como,Como,336560,Álex Valle,D,90,5.2,,0.0,1.0,,46,38.0,82.6,,,1.0,,0,0,1.0,5.0
Inter vs Como,Como,288699,Máximo Perrone,M,82,6.7,,0.0,1.0,1.0,54,51.0,94.4,1.0,,1.0,,1,0,1.0,3.0
Inter vs Como,Como,162266,Lucas Da Cunha,M,90,7.3,,0.0,1.0,,66,62.0,93.9,1.0,,1.0,1.0,0,0,3.0,6.0
Inter vs Como,Como,354533,Jayden Addai,M,45,6.5,,0.0,,,13,11.0,84.6,,,1.0,,0,0,1.0,4.0
Inter vs Como,Como,350037,Nico Paz,M,90,6.9,,0.0,3.0,1.0,51,40.0,78.4,2.0,1.0,,3.0,0,0,10.0,11.0
Inter vs Como,Como,443162,Jesús Rodriguez,M,82,6.9,,0.0,2.0,,19,17.0,89.5,,,,1.0,0,0,3.0,3.0
Inter vs Como,Como,59,Álvaro Morata,F,32,6.2,,0.0,,,5,5.0,100.0,,,,,0,0,,3.0
Inter vs Como,Como,26845,Anastasios Douvikas,F,58,6.3,,0.0,2.0,,7,7.0,100.0,,,,1.0,0,0,2.0,5.0
Inter vs Como,Como,8586,Mërgim Vojvoda,D,45,6.2,,0.0,,,33,32.0,97.0,,1.0,1.0,,0,0,2.0,4.0
Inter vs Como,Como,400948,Assane Diao,F,45,6.9,,0.0,2.0,1.0,14,10.0,71.4,,1.0,,2.0,0,0,5.0,7.0
Inter vs Como,Como,659,Maxence Caqueret,M,8,6.7,,0.0,,,9,8.0,88.9,,,1.0,1.0,0,0,2.0,3.0
Inter vs Como,Como,38753,Nicolas-Gerrit Kühn,F,8,6.3,,0.0,,,5,5.0,100.0,,,,,0,0,,
Hellas Verona vs Atalanta,Hellas Verona,30611,Lorenzo Montipò,G,90,6.9,,0.0,,,31,7.0,22.6,,,,,0,0,,
Hellas Verona vs Atalanta,Hellas Verona,47277,Unai Núñez,D,90,6.2,,0.0,,,22,17.0,77.3,,5.0,3.0,,0,0,1.0,7.0
Hellas Verona vs Atalanta,Hellas Verona,15912,Victor Nelsson,D,90,7.3,,0.0,,,22,18.0,81.8,6.0,2.0,3.0,1.0,1,0,10.0,15.0
Hellas Verona vs Atalanta,Hellas Verona,25061,Armel Bella-Kotchap,D,90,6.7,,0.0,,,24,18.0,75.0,2.0,3.0,2.0,,0,0,7.0,12.0
Hellas Verona vs Atalanta,Hellas Verona,303362,Rafik Belghali,M,89,7.9,1.0,0.0,1.0,1.0,26,19.0,73.1,,1.0,,1.0,0,0,2.0,6.0
Hellas Verona vs Atalanta,Hellas Verona,22239,Cheikh Niasse,M,88,6.6,,0.0,,,27,21.0,77.8,,3.0,1.0,2.0,0,0,5.0,9.0
Hellas Verona vs Atalanta,Hellas Verona,42006,Mutassim Al-Musrati,M,90,7,,0.0,1.0,1.0,37,29.0,78.4,2.0,,,,0,0,4.0,6.0
Hellas Verona vs Atalanta,Hellas Verona,1090,Antoine Bernede,M,90,8.5,1.0,0.0,1.0,1.0,28,21.0,75.0,4.0,,1.0,1.0,0,0,6.0,11.0
Hellas Verona vs Atalanta,Hellas Verona,15909,Martin Frese,M,89,6.9,,0.0,1.0,1.0,19,12.0,63.2,4.0,1.0,1.0,,1,0,5.0,9.0
Hellas Verona vs Atalanta,Hellas Verona,312615,Giovane,F,88,8.3,1.0,1.0,2.0,2.0,18,15.0,83.3,,,1.0,,0,0,3.0,14.0
Hellas Verona vs Atalanta,Hellas Verona,59421,Daniel Mosquera,F,79,6.9,,1.0,2.0,1.0,21,16.0,76.2,2.0,,1.0,2.0,0,0,9.0,17.0
Hellas Verona vs Atalanta,Hellas Verona,236955,Amin Sarr,F,11,6.7,,0.0,,,2,1.0,50.0,1.0,,,,0,0,2.0,4.0
Hellas Verona vs Atalanta,Hellas Verona,153408,Daniel Oyegoke,D,10,6.6,,0.0,,,0,,,,,,,0,0,,
Hellas Verona vs Atalanta,Hellas Verona,37437,Abdou Harroui,M,10,6.3,,0.0,,,0,,,,,,,0,0,,
Hellas Verona vs Atalanta,Atalanta,30417,Marco Carnesecchi,G,90,6.2,,0.0,,,40,27.0,67.5,,,,,0,0,,
Hellas Verona vs Atalanta,Atalanta,48119,Odilon Kossounou,D,45,6.2,,0.0,,,36,29.0,80.6,3.0,,,,0,0,4.0,7.0
Hellas Verona vs Atalanta,Atalanta,137976,Isak Hien,D,90,6.3,,0.0,1.0,1.0,54,47.0,87.0,,,1.0,1.0,0,0,9.0,14.0
Hellas Verona vs Atalanta,Atalanta,30421,Berat Djimsiti,D,90,6.3,,0.0,,,67,56.0,83.6,2.0,2.0,,,0,0,5.0,10.0
Hellas Verona vs Atalanta,Atalanta,91422,Raoul Bellanova,M,90,6.2,,0.0,,,26,22.0,84.6,,1.0,,,0,0,,3.0
Hellas Verona vs Atalanta,Atalanta,10097,Éderson,M,61,6.9,,0.0,1.0,,35,30.0,85.7,2.0,,2.0,1.0,0,0,5.0,10.0
Hellas Verona vs Atalanta,Atalanta,30432,Marten de Roon,M,90,6.5,,0.0,,,62,53.0,85.5,4.0,4.0,2.0,1.0,1,0,6.0,13.0
Hellas Verona vs Atalanta,Atalanta,2286,Davide Zappacosta,M,61,6.9,,0.0,,,23,18.0,78.3,,,,,0,0,1.0,1.0
Hellas Verona vs Atalanta,Atalanta,147859,Charles De Ketelaere,F,70,6.9,,0.0,2.0,2.0,25,19.0,76.0,1.0,,,2.0,0,0,7.0,18.0
Hellas Verona vs Atalanta,Atalanta,18767,Ademola Lookman,F,90,6.3,,0.0,1.0,,30,20.0,66.7,,1.0,,2.0,0,0,5.0,7.0
Hellas Verona vs Atalanta,Atalanta,66817,Nikola Krstović,F,45,6.7,,0.0,1.0,1.0,11,11.0,100.0,,1.0,,3.0,0,0,5.0,9.0
Hellas Verona vs Atalanta,Atalanta,1442,Sead Kolašinac,D,45,6.7,,0.0,,,30,25.0,83.3,2.0,,1.0,2.0,0,0,5.0,8.0
Hellas Verona vs Atalanta,Atalanta,30544,Gianluca Scamacca,F,45,6.7,1.0,0.0,1.0,1.0,5,3.0,60.0,,,1.0,,0,0,,4.0
Hellas Verona vs Atalanta,Atalanta,2763,Mario Pašalić,M,29,7,,0.0,,,22,21.0,95.5,,1.0,,,0,0,1.0,2.0
Hellas Verona vs Atalanta,Atalanta,203474,Nicola Zalewski,M,29,6.6,,0.0,,,14,8.0,57.1,1.0,,,1.0,0,0,4.0,4.0
Hellas Verona vs Atalanta,Atalanta,178749,Lazar Samardžić,M,20,6.3,,0.0,,,8,7.0,87.5,,,,,0,0,,1.0
Cremonese vs Lecce,Cremonese,30441,Emil Audero,G,90,6.9,,0.0,,,28,16.0,57.1,,,,,0,0,,
Cremonese vs Lecce,Cremonese,264472,Filippo Terracciano,D,90,7.5,,0.0,1.0,,40,30.0,75.0,,2.0,,1.0,0,0,5.0,5.0
Cremonese vs Lecce,Cremonese,127035,Federico Baschirotto,D,90,6.6,,0.0,,,25,19.0,76.0,2.0,,5.0,,0,0,3.0,9.0
Cremonese vs Lecce,Cremonese,30919,Matteo Bianchetti,D,88,7.2,,0.0,,,41,34.0,82.9,1.0,,2.0,,1,0,3.0,7.0
Cremonese vs Lecce,Cremonese,126980,Tommaso Barbieri,M,88,6.2,,0.0,,,24,18.0,75.0,3.0,1.0,2.0,,0,0,3.0,11.0
Cremonese vs Lecce,Cremonese,6383,Martín Payero,M,90,7.3,,0.0,2.0,2.0,24,18.0,75.0,4.0,2.0,1.0,1.0,0,0,11.0,15.0
Cremonese vs Lecce,Cremonese,266813,Warren Bondo,M,68,6.7,,0.0,,,23,18.0,78.3,,1.0,,1.0,0,0,1.0,3.0
Cremonese vs Lecce,Cremonese,31211,Jari Vandeputte,M,68,7.2,,0.0,,,26,19.0,73.1,3.0,1.0,1.0,2.0,0,0,5.0,11.0
Cremonese vs Lecce,Cremonese,342651,Romano Floriani Mussolini,M,90,7.7,,0.0,,,28,20.0,71.4,4.0,2.0,2.0,1.0,0,0,10.0,15.0
Cremonese vs Lecce,Cremonese,31436,Federico Bonazzoli,F,74,7.5,1.0,0.0,2.0,1.0,29,23.0,79.3,1.0,,,3.0,0,0,4.0,8.0
Cremonese vs Lecce,Cremonese,18788,Jamie Vardy,F,90,6.2,,0.0,,,17,6.0,35.3,1.0,,,1.0,0,0,4.0,12.0
Cremonese vs Lecce,Cremonese,31021,Alberto Grassi,M,22,6.9,,0.0,,,16,13.0,81.2,,,,,0,0,1.0,2.0
Cremonese vs Lecce,Cremonese,31219,Alessio Zerbin,F,22,7.3,,1.0,1.0,,6,5.0,83.3,1.0,,1.0,,0,0,1.0,4.0
Cremonese vs Lecce,Cremonese,2522,Antonio Sanabria,F,16,7.3,1.0,0.0,1.0,1.0,7,6.0,85.7,,1.0,1.0,,0,0,,2.0
Cremonese vs Lecce,Cremonese,385788,Francesco Folino,D,10,6.6,,0.0,,,2,2.0,100.0,,,,1.0,0,0,1.0,1.0
Cremonese vs Lecce,Cremonese,2057,Franco Vázquez,F,10,6.9,,0.0,,,3,3.0,100.0,,,,,0,0,2.0,4.0
Cremonese vs Lecce,Lecce,56459,Wladimiro Falcone,G,90,6.3,,0.0,,,24,10.0,41.7,,,,2.0,0,0,2.0,2.0
Cremonese vs Lecce,Lecce,161702,Danilo Veiga,D,90,6.3,,0.0,,,52,39.0,75.0,5.0,,,1.0,0,0,7.0,14.0
Cremonese vs Lecce,Lecce,291589,Kialonda Gaspar,D,90,7,,0.0,,,31,26.0,83.9,,,,,0,0,4.0,5.0
Cremonese vs Lecce,Lecce,455316,Tiago Gabriel,D,90,6.3,,0.0,,,29,24.0,82.8,,,1.0,,0,0,2.0,4.0
Cremonese vs Lecce,Lecce,31543,Antonino Gallo,D,90,6.6,,0.0,,,46,34.0,73.9,4.0,1.0,1.0,,1,0,6.0,8.0
Cremonese vs Lecce,Lecce,15673,Ylber Ramadani,M,77,5.7,,0.0,,,34,24.0,70.6,,2.0,4.0,,0,0,,5.0
Cremonese vs Lecce,Lecce,1748,Lassana Coulibaly,M,90,6.9,,0.0,1.0,,32,30.0,93.8,3.0,,1.0,1.0,0,0,8.0,14.0
Cremonese vs Lecce,Lecce,6662,Santiago Pierotti,M,67,6.5,,0.0,,,19,15.0,78.9,3.0,3.0,2.0,,0,0,5.0,14.0
Cremonese vs Lecce,Lecce,335071,Medon Berisha,M,77,7,,0.0,3.0,1.0,29,24.0,82.8,,1.0,,,0,0,,
Cremonese vs Lecce,Lecce,118956,Lameck Banda,M,45,6.7,,0.0,,,8,7.0,87.5,1.0,,1.0,1.0,1,0,2.0,4.0
Cremonese vs Lecce,Lecce,264122,Nikola Štulić,F,67,6.6,,0.0,1.0,,10,4.0,40.0,,,,3.0,0,0,5.0,10.0
Cremonese vs Lecce,Lecce,31507,Riccardo Sottil,F,45,7.2,,0.0,,,11,9.0,81.8,2.0,,,2.0,0,0,7.0,11.0
Cremonese vs Lecce,Lecce,8643,Konan N'Dri,F,23,6.5,,0.0,1.0,,6,3.0,50.0,,,1.0,2.0,0,0,2.0,6.0
Cremonese vs Lecce,Lecce,436260,Francesco Camarda,F,23,6.2,,0.0,1.0,,6,2.0,33.3,,,1.0,,0,0,1.0,3.0
Cremonese vs Lecce,Lecce,197779,Mohamed Kaba,M,13,6.5,,0.0,,,6,6.0,100.0,,,,,0,0,1.0,3.0
Cremonese vs Lecce,Lecce,181218,Alex Sala,M,13,6.3,,0.0,,,7,7.0,100.0,1.0,,,1.0,0,0,3.0,6.0
Cagliari vs AS Roma,Cagliari,30731,Elia Caprile,G,90,7,,0.0,,,33,15.0,45.5,,,,,0,0,,
Cagliari vs AS Roma,Cagliari,200,Gabriele Zappa,D,69,7,,0.0,,,22,19.0,86.4,2.0,2.0,1.0,,0,0,2.0,2.0
Cagliari vs AS Roma,Cagliari,319,Sebastiano Luperto,D,90,7.7,,0.0,,,38,32.0,84.2,3.0,,1.0,2.0,0,0,6.0,7.0
Cagliari vs AS Roma,Cagliari,415155,Juan Rodriguez,D,90,7.2,,0.0,,,34,30.0,88.2,3.0,2.0,1.0,,0,0,6.0,9.0
Cagliari vs AS Roma,Cagliari,383018,Marco Palestra,M,89,7.3,,0.0,2.0,1.0,22,17.0,77.3,,,3.0,4.0,0,0,10.0,18.0
Cagliari vs AS Roma,Cagliari,30505,Michel Adopo,M,90,6.6,,0.0,,,26,22.0,84.6,,1.0,1.0,,0,0,1.0,4.0
Cagliari vs AS Roma,Cagliari,30561,Alessandro Deiola,M,90,7.5,,0.0,1.0,1.0,45,39.0,86.7,2.0,1.0,4.0,,0,0,4.0,10.0
Cagliari vs AS Roma,Cagliari,56851,Michael Folorunsho,M,89,6.9,,0.0,2.0,2.0,18,13.0,72.2,2.0,1.0,3.0,2.0,1,0,8.0,16.0
Cagliari vs AS Roma,Cagliari,321744,Adam Obert,M,77,7.3,,0.0,1.0,1.0,36,27.0,75.0,2.0,,2.0,,0,0,5.0,9.0
Cagliari vs AS Roma,Cagliari,215,Sebastiano Esposito,F,90,7.2,,1.0,4.0,2.0,40,31.0,77.5,3.0,1.0,,4.0,0,0,8.0,11.0
Cagliari vs AS Roma,Cagliari,31499,Gennaro Borrelli,F,69,6.3,,0.0,1.0,,16,14.0,87.5,1.0,,2.0,2.0,0,0,4.0,10.0
Cagliari vs AS Roma,Cagliari,325,Gianluca Gaetano,M,21,7.7,1.0,0.0,1.0,1.0,10,9.0,90.0,,,,,1,0,,
Cagliari vs AS Roma,Cagliari,309388,Matteo Prati,M,21,7.2,,0.0,,,9,7.0,77.8,5.0,,,,0,0,5.0,5.0
Cagliari vs AS Roma,Cagliari,383026,Riyad Idrissi,D,13,6.6,,0.0,,,11,7.0,63.6,,1.0,,,0,0,,
Cagliari vs AS Roma,AS Roma,556,Mile Svilar,G,90,8.2,,0.0,,,28,24.0,85.7,,,,1.0,0,0,1.0,1.0
Cagliari vs AS Roma,AS Roma,30425,Gianluca Mancini,D,90,6.3,,0.0,,,56,42.0,75.0,,2.0,3.0,1.0,0,0,2.0,6.0
Cagliari vs AS Roma,AS Roma,1807,Evan Ndicka,D,90,6.9,,0.0,,,65,56.0,86.2,1.0,,1.0,2.0,0,0,3.0,8.0
Cagliari vs AS Roma,AS Roma,2669,Mario Hermoso,D,90,7,,0.0,,,54,46.0,85.2,2.0,1.0,1.0,1.0,1,0,4.0,6.0
Cagliari vs AS Roma,AS Roma,22222,Zeki Çelik,M,52,5.3,,0.0,,,19,10.0,52.6,1.0,,1.0,,0,1,3.0,5.0
Cagliari vs AS Roma,AS Roma,778,Bryan Cristante,M,63,6.9,,0.0,,,43,31.0,72.1,1.0,1.0,,,0,0,4.0,9.0
Cagliari vs AS Roma,AS Roma,22147,Manu Koné,M,90,7,,0.0,,,45,41.0,91.1,2.0,2.0,2.0,3.0,0,0,7.0,15.0
Cagliari vs AS Roma,AS Roma,1600,Konstantinos Tsimikas,M,73,6.7,,0.0,,,21,16.0,76.2,,1.0,2.0,1.0,0,0,3.0,9.0
Cagliari vs AS Roma,AS Roma,323936,Matías Soulé,F,62,6.9,,0.0,1.0,1.0,13,9.0,69.2,1.0,,,3.0,0,0,6.0,11.0
Cagliari vs AS Roma,AS Roma,782,Lorenzo Pellegrini,F,62,6.3,,0.0,1.0,1.0,24,20.0,83.3,,,1.0,,0,0,,4.0
Cagliari vs AS Roma,AS Roma,288769,Tommaso Baldanzi,F,53,6.5,,0.0,,,7,5.0,71.4,1.0,,1.0,2.0,0,0,3.0,5.0
Cagliari vs AS Roma,AS Roma,162452,Devyne Rensch,D,37,6.2,,0.0,,,9,7.0,77.8,2.0,1.0,1.0,1.0,0,0,3.0,6.0
Cagliari vs AS Roma,AS Roma,875,Paulo Dybala,F,28,6.5,,0.0,,,4,3.0,75.0,,,1.0,,0,0,1.0,4.0
Cagliari vs AS Roma,AS Roma,129643,Evan Ferguson,F,28,6.3,,0.0,,,9,6.0,66.7,,,1.0,1.0,0,0,3.0,11.0
Cagliari vs AS Roma,AS Roma,277003,Neil El Aynaoui,M,27,6.3,,0.0,,,16,11.0,68.8,,,,,0,0,1.0,2.0
Cagliari vs AS Roma,AS Roma,342019,Daniele Ghilardi,D,17,6.2,,0.0,,,4,1.0,25.0,,,1.0,,0,0,,2.0
Lazio vs Bologna,Lazio,31037,Ivan Provedel,G,90,7.2,,0.0,,,38,28.0,73.7,,,,,0,0,,
Lazio vs Bologna,Lazio,1844,Adam Marušić,D,90,5.6,,0.0,,,41,29.0,70.7,,1.0,1.0,,0,0,,2.0
Lazio vs Bologna,Lazio,162952,Mario Gila Fuentes,D,78,6.9,,0.0,1.0,,54,49.0,90.7,1.0,2.0,2.0,1.0,1,1,4.0,7.0
Lazio vs Bologna,Lazio,1632,Alessio Romagnoli,D,90,6,,0.0,,,65,56.0,86.2,,,2.0,,0,0,3.0,7.0
Lazio vs Bologna,Lazio,41577,Nuno Tavares,D,45,6.2,,0.0,1.0,,19,14.0,73.7,1.0,,1.0,1.0,1,0,3.0,7.0
Lazio vs Bologna,Lazio,1454,Mattéo Guendouzi,M,90,7.2,,0.0,2.0,2.0,37,30.0,81.1,1.0,,1.0,2.0,0,0,4.0,6.0
Lazio vs Bologna,Lazio,1852,Danilo Cataldi,M,76,6.3,,0.0,1.0,,37,31.0,83.8,,,2.0,,0,0,,5.0
Lazio vs Bologna,Lazio,1266,Toma Bašić,M,80,7.3,,0.0,1.0,,30,23.0,76.7,2.0,1.0,1.0,1.0,0,0,3.0,6.0
Lazio vs Bologna,Lazio,135519,Gustav Isaksen,F,45,7.3,1.0,0.0,2.0,2.0,14,10.0,71.4,2.0,1.0,1.0,,0,0,4.0,7.0
Lazio vs Bologna,Lazio,50856,Valentín Castellanos,F,60,6.6,,0.0,2.0,2.0,12,5.0,41.7,1.0,,,1.0,0,0,4.0,6.0
Lazio vs Bologna,Lazio,30937,Mattia Zaccagni,F,90,7.3,,0.0,1.0,1.0,23,19.0,82.6,1.0,2.0,1.0,4.0,0,0,7.0,13.0
Lazio vs Bologna,Lazio,30866,Manuel Lazzari,M,45,6.6,,0.0,,,13,10.0,76.9,1.0,,1.0,3.0,1,0,5.0,10.0
Lazio vs Bologna,Lazio,286474,Matteo Cancellieri,F,45,6.9,,0.0,2.0,1.0,8,3.0,37.5,1.0,,,4.0,0,0,9.0,14.0
Lazio vs Bologna,Lazio,133729,Tijjani Noslin,F,30,6.7,,0.0,1.0,1.0,5,5.0,100.0,,,,,0,0,2.0,6.0
Lazio vs Bologna,Lazio,144740,Fisayo Dele-Bashiru,M,14,6.7,,0.0,,,5,4.0,80.0,,,,,0,0,1.0,1.0
Lazio vs Bologna,Lazio,1841,Patric,D,10,6.9,,0.0,,,6,6.0,100.0,,,,,0,0,1.0,1.0
Lazio vs Bologna,Bologna,31098,Federico Ravaglia,G,90,8.3,,0.0,,,45,39.0,86.7,,,,,0,0,,1.0
Lazio vs Bologna,Bologna,128461,Nadir Zortea,D,90,6.5,,0.0,1.0,1.0,23,20.0,87.0,1.0,1.0,2.0,,0,0,3.0,8.0
Lazio vs Bologna,Bologna,31099,Nicolò Casale,D,39,6.3,,0.0,,,25,18.0,72.0,,,1.0,,0,0,,1.0
Lazio vs Bologna,Bologna,39254,Torbjørn Heggem,D,90,6.6,,0.0,,,88,80.0,90.9,,1.0,1.0,1.0,0,0,4.0,9.0
Lazio vs Bologna,Bologna,134,Juan Miranda,D,90,7.5,,0.0,1.0,1.0,56,45.0,80.4,6.0,2.0,3.0,3.0,1,0,11.0,17.0
Lazio vs Bologna,Bologna,1322,Nikola Moro,M,64,6.6,,0.0,,,40,36.0,90.0,1.0,,,1.0,1,0,2.0,4.0
Lazio vs Bologna,Bologna,31273,Tommaso Pobega,M,90,6.9,,0.0,1.0,1.0,32,21.0,65.6,2.0,1.0,1.0,1.0,0,0,5.0,7.0
Lazio vs Bologna,Bologna,30488,Riccardo Orsolini,M,64,6.5,,0.0,1.0,,16,12.0,75.0,1.0,,3.0,1.0,0,0,4.0,10.0
Lazio vs Bologna,Bologna,30542,Jens Odgaard,M,90,7.3,1.0,0.0,3.0,2.0,14,10.0,71.4,2.0,,1.0,2.0,0,0,5.0,9.0
Lazio vs Bologna,Bologna,30438,Nicolò Cambiaghi,M,64,6.2,,0.0,,,18,17.0,94.4,,1.0,2.0,1.0,1,0,2.0,8.0
Lazio vs Bologna,Bologna,311067,Santiago Castro,F,84,6.6,,0.0,2.0,1.0,11,6.0,54.5,,,1.0,2.0,0,0,5.0,8.0
Lazio vs Bologna,Bologna,30498,Lorenzo De Silvestri,D,51,7,,0.0,,,42,38.0,90.5,1.0,,2.0,,0,0,1.0,3.0
Lazio vs Bologna,Bologna,873,Federico Bernardeschi,F,26,6.2,,0.0,,,11,7.0,63.6,,,,,0,0,,
Lazio vs Bologna,Bologna,44814,Lewis Ferguson,M,26,6.3,,0.0,1.0,,29,27.0,93.1,,,,,0,0,,1.0
Lazio vs Bologna,Bologna,278095,Jonathan Rowe,F,26,6.9,,0.0,,,10,9.0,90.0,1.0,,1.0,1.0,0,0,6.0,11.0
Lazio vs Bologna,Bologna,93016,Thijs Dallinga,F,12,6.5,,0.0,,,5,4.0,80.0,,,,,0,0,,1.0
Napoli vs Juventus,Napoli,31156,Vanja Milinković-Savić,G,90,6.3,,0.0,,,51,36.0,70.6,,,,,0,0,,
Napoli vs Juventus,Napoli,37604,Sam Beukema,D,90,6.6,,0.0,,,71,64.0,90.1,1.0,1.0,1.0,2.0,1,0,4.0,6.0
Napoli vs Juventus,Napoli,1314,Amir Rrahmani,D,90,7.3,,0.0,1.0,,73,70.0,95.9,2.0,2.0,,1.0,0,0,7.0,9.0
Napoli vs Juventus,Napoli,31226,Alessandro Buongiorno,D,90,6.3,,0.0,,,33,32.0,97.0,,2.0,1.0,,1,0,1.0,4.0
Napoli vs Juventus,Napoli,31042,Giovanni Di Lorenzo,M,90,5.9,,0.0,1.0,1.0,47,38.0,80.9,,,1.0,,0,0,,5.0
Napoli vs Juventus,Napoli,1358,Eljif Elmas,M,90,6.6,,0.0,,,52,45.0,86.5,1.0,,1.0,1.0,0,0,5.0,8.0
Napoli vs Juventus,Napoli,903,Scott McTominay,M,90,6.6,,0.0,3.0,,46,41.0,89.1,1.0,2.0,,2.0,0,0,5.0,10.0
Napoli vs Juventus,Napoli,47254,Mathías Olivera,M,70,6.9,,0.0,,,24,20.0,83.3,3.0,2.0,,1.0,0,0,5.0,5.0
Napoli vs Juventus,Napoli,552,David Neres,F,80,8.2,,1.0,,,34,24.0,70.6,1.0,,,2.0,0,0,8.0,11.0
Napoli vs Juventus,Napoli,288006,Rasmus Højlund,F,90,8.2,2.0,0.0,3.0,3.0,12,6.0,50.0,1.0,,2.0,2.0,0,0,3.0,12.0
Napoli vs Juventus,Napoli,544,Noa Lang,F,86,7.7,,0.0,,,37,26.0,70.3,3.0,,,1.0,0,0,5.0,8.0
Napoli vs Juventus,Napoli,862,Leonardo Spinazzola,D,20,6.6,,0.0,,,12,8.0,66.7,,,,,0,0,,
Napoli vs Juventus,Napoli,219,Matteo Politano,F,10,6.7,,0.0,,,5,4.0,80.0,1.0,,,,0,0,2.0,4.0
Napoli vs Juventus,Napoli,347395,Antonio Vergara,M,8,6.6,,0.0,,,0,,,1.0,1.0,,1.0,0,0,2.0,3.0
Napoli vs Juventus,Juventus,30670,Michele Di Gregorio,G,90,6.6,,0.0,,,26,18.0,69.2,,,,,0,0,,
Napoli vs Juventus,Juventus,162188,Pierre Kalulu,D,90,6.3,,0.0,,,51,49.0,96.1,3.0,2.0,2.0,,1,0,5.0,9.0
Napoli vs Juventus,Juventus,19263,Lloyd Kelly,D,90,6.2,,0.0,,,56,50.0,89.3,,,1.0,1.0,0,0,3.0,5.0
Napoli vs Juventus,Juventus,36899,Teun Koopmeiners,D,90,6.6,,0.0,,,68,58.0,85.3,1.0,2.0,1.0,2.0,0,0,6.0,7.0
Napoli vs Juventus,Juventus,127011,Andrea Cambiaso,M,71,6.5,,0.0,,,33,28.0,84.8,,2.0,,1.0,0,0,1.0,2.0
Napoli vs Juventus,Juventus,415,Weston McKennie,M,90,5.9,,1.0,,,28,21.0,75.0,,2.0,1.0,,0,0,2.0,10.0
Napoli vs Juventus,Juventus,30533,Manuel Locatelli,M,90,7,,0.0,1.0,,93,86.0,92.5,5.0,4.0,2.0,,0,0,5.0,11.0
Napoli vs Juventus,Juventus,116,Khéphren Thuram,M,82,6.6,,0.0,,,46,43.0,93.5,2.0,,2.0,1.0,0,0,4.0,7.0
Napoli vs Juventus,Juventus,125674,Juan Cabal,M,45,6.5,,0.0,,,23,17.0,73.9,1.0,,,,0,0,3.0,6.0
Napoli vs Juventus,Juventus,161585,Francisco Conceição,F,76,6.2,,0.0,1.0,,22,21.0,95.5,1.0,,2.0,1.0,0,0,4.0,12.0
Napoli vs Juventus,Juventus,339883,Kenan Yıldız,F,76,7.3,1.0,0.0,2.0,1.0,27,23.0,85.2,,,,,0,0,,5.0
Napoli vs Juventus,Juventus,8489,Jonathan David,F,45,6.3,,0.0,,,11,9.0,81.8,,,2.0,,0,0,,2.0
Napoli vs Juventus,Juventus,1821,Filip Kostić,M,19,6.3,,0.0,,,9,4.0,44.4,2.0,,,,0,0,2.0,2.0
Napoli vs Juventus,Juventus,181808,Fabio Miretti,M,14,6.6,,0.0,,,8,8.0,100.0,,,,,0,0,1.0,2.0
Napoli vs Juventus,Juventus,86,Loïs Openda,F,14,6.5,,0.0,,,2,2.0,100.0,,,1.0,,0,0,,2.0
Napoli vs Juventus,Juventus,48392,Edon Zhegrova,F,8,6.9,,0.0,1.0,1.0,8,7.0,87.5,,,1.0,,0,0,2.0,3.0
Pisa vs Parma,Pisa,50054,Simone Scuffet,G,90,6.9,,0.0,,,30,27.0,90.0,,,,,0,0,,
Pisa vs Parma,Pisa,30469,Arturo Calabresi,D,76,6.9,,0.0,,,42,34.0,81.0,3.0,1.0,2.0,2.0,0,0,5.0,9.0
Pisa vs Parma,Pisa,31604,Antonio Caracciolo,D,90,6.9,,0.0,1.0,,68,51.0,75.0,3.0,3.0,1.0,,0,0,7.0,7.0
Pisa vs Parma,Pisa,91503,Simone Canestrelli,D,90,6.3,,0.0,,,38,33.0,86.8,1.0,,2.0,,0,0,3.0,5.0
Pisa vs Parma,Pisa,56293,Idrissa Touré,M,90,7,,0.0,3.0,1.0,33,26.0,78.8,1.0,,1.0,,1,0,6.0,11.0
Pisa vs Parma,Pisa,325387,Gabriele Piccinini,M,76,6,,0.0,1.0,,17,12.0,70.6,,,1.0,1.0,0,0,3.0,8.0
Pisa vs Parma,Pisa,951,Michel Aebischer,M,90,7,,0.0,1.0,,76,69.0,90.8,1.0,,2.0,1.0,1,0,3.0,9.0
Pisa vs Parma,Pisa,30723,Marius Marin,M,45,6.7,,0.0,,,14,12.0,85.7,1.0,,1.0,1.0,0,0,2.0,3.0
Pisa vs Parma,Pisa,302069,Samuele Angori,M,45,7.2,,0.0,,,11,9.0,81.8,,,,1.0,0,0,1.0,1.0
Pisa vs Parma,Pisa,331678,Henrik Wendel Meister,F,84,6.3,,0.0,,,7,7.0,100.0,,,2.0,1.0,0,0,3.0,7.0
Pisa vs Parma,Pisa,31318,M'Bala Nzola,F,90,5.9,,0.0,3.0,1.0,19,11.0,57.9,1.0,,1.0,,0,1,7.0,16.0
Pisa vs Parma,Pisa,408635,Ebenezer Akinsanmiro,M,45,8.2,,0.0,,,28,27.0,96.4,1.0,,1.0,,0,0,3.0,6.0
Pisa vs Parma,Pisa,30753,Mehdi Léris,M,45,7.2,,0.0,1.0,,19,10.0,52.6,,,,,0,0,2.0,5.0
Pisa vs Parma,Pisa,403300,Lorran,M,14,6.6,,0.0,,,5,3.0,60.0,,,,,0,0,,
Pisa vs Parma,Pisa,31560,Stefano Moreo,F,14,6.5,,0.0,1.0,,6,1.0,16.7,,,,,0,0,1.0,2.0
Pisa vs Parma,Pisa,20959,Matteo Tramoni,F,12,6.7,,0.0,,,5,5.0,100.0,1.0,,1.0,,0,0,1.0,4.0
Pisa vs Parma,Parma,180762,Edoardo Corvi,G,90,6.9,,0.0,,,22,14.0,63.6,,,,,0,0,,
Pisa vs Parma,Parma,499380,Sascha Britschgi,D,90,7.2,,0.0,,,26,22.0,84.6,3.0,1.0,1.0,2.0,0,0,5.0,7.0
Pisa vs Parma,Parma,30420,Enrico Del Prato,D,90,7.5,,0.0,1.0,,45,36.0,80.0,1.0,,1.0,1.0,0,0,5.0,9.0
Pisa vs Parma,Parma,6221,Lautaro Valenti,D,90,7.2,,0.0,,,37,26.0,70.3,1.0,,,,0,0,3.0,6.0
Pisa vs Parma,Parma,91358,Emanuele Valeri,D,90,7.5,,0.0,1.0,,29,16.0,55.2,1.0,1.0,1.0,2.0,1,0,4.0,12.0
Pisa vs Parma,Parma,628,Adrián Bernabé,M,75,6.9,,0.0,1.0,,35,33.0,94.3,,,1.0,2.0,0,0,2.0,6.0
Pisa vs Parma,Parma,6409,Nahuel Estévez,M,90,7.2,,0.0,,,34,28.0,82.4,1.0,,,,0,0,4.0,6.0
Pisa vs Parma,Parma,308836,Mandela Keita,M,90,7.6,,0.0,,,21,17.0,81.0,3.0,1.0,,2.0,0,0,11.0,11.0
Pisa vs Parma,Parma,40592,Adrian Benedyczak,F,75,7,1.0,0.0,2.0,2.0,13,11.0,84.6,1.0,,1.0,2.0,1,0,3.0,7.0
Pisa vs Parma,Parma,292172,Mateo Pellegrino,F,90,5.9,,0.0,2.0,,11,6.0,54.5,,,1.0,,0,0,1.0,13.0
Pisa vs Parma,Parma,191979,Jacob Ondrejka,F,58,6.7,,0.0,,,11,7.0,63.6,,1.0,1.0,2.0,0,0,4.0,9.0
Pisa vs Parma,Parma,161569,Oliver Sørensen,M,32,6.9,,0.0,,,7,3.0,42.9,1.0,1.0,,1.0,0,0,2.0,2.0
Pisa vs Parma,Parma,362752,Christian Ordoñez,M,15,6.7,,0.0,,,4,2.0,50.0,,,,,0,0,,1.0
Pisa vs Parma,Parma,161859,Gaetano Oristanio,M,14,6.6,,0.0,,,0,,,1.0,,,,0,0,2.0,4.0
Udinese vs Genoa,Udinese,143648,Maduka Okoye,G,90,7,,0.0,,,28,21.0,75.0,,,1.0,,0,0,,1.0
Udinese vs Genoa,Udinese,315249,Nicolò Bertola,D,90,6.3,,0.0,2.0,1.0,44,31.0,70.5,1.0,4.0,1.0,1.0,0,0,8.0,13.0
Udinese vs Genoa,Udinese,18797,Christian Kabasele,D,90,6.7,,0.0,,,45,38.0,84.4,,1.0,2.0,1.0,0,0,8.0,11.0
Udinese vs Genoa,Udinese,656,Oumar Solet,D,90,6.9,,0.0,2.0,,79,74.0,93.7,2.0,2.0,,,0,0,4.0,8.0
Udinese vs Genoa,Udinese,162907,Alessandro Zanoli,M,73,7.2,,0.0,,,9,8.0,88.9,3.0,2.0,,,0,0,4.0,4.0
Udinese vs Genoa,Udinese,1939,Jakub Piotrowski,M,86,7.5,1.0,0.0,4.0,1.0,31,25.0,80.6,2.0,4.0,1.0,2.0,0,0,7.0,11.0
Udinese vs Genoa,Udinese,48047,Jesper Karlström,M,90,6.3,,0.0,,,53,45.0,84.9,2.0,,4.0,,1,0,6.0,11.0
Udinese vs Genoa,Udinese,541,Jürgen Ekkelenkamp,M,86,6.7,,0.0,1.0,1.0,37,30.0,81.1,1.0,1.0,,2.0,0,0,4.0,5.0
Udinese vs Genoa,Udinese,19824,Jordan Zemura,M,15,6.3,,0.0,,,3,1.0,33.3,,,,,0,0,,1.0
Udinese vs Genoa,Udinese,786,Nicolò Zaniolo,F,90,7.5,,0.0,2.0,1.0,24,19.0,79.2,2.0,,3.0,4.0,0,0,7.0,16.0
Udinese vs Genoa,Udinese,19185,Keinan Davis,F,73,6.9,,0.0,1.0,,13,9.0,69.2,,,2.0,1.0,0,0,7.0,12.0
Udinese vs Genoa,Udinese,142442,Rui Modesto,M,75,7.2,,1.0,1.0,1.0,37,25.0,67.6,6.0,,,,0,0,7.0,13.0
Udinese vs Genoa,Udinese,36916,Kingsley Ehizibue,D,17,6.5,,0.0,,,6,6.0,100.0,,,,1.0,0,0,1.0,1.0
Udinese vs Genoa,Udinese,40594,Adam Buksa,F,17,6.3,,0.0,1.0,,6,4.0,66.7,,,1.0,,0,0,4.0,8.0
Udinese vs Genoa,Udinese,7591,Sandi Lovrić,M,10,6.3,,0.0,1.0,1.0,5,1.0,20.0,1.0,,1.0,,0,0,1.0,2.0
Udinese vs Genoa,Udinese,330599,Iker Bravo,F,10,6.3,,0.0,,,0,,,,,,,0,0,,
Udinese vs Genoa,Genoa,31631,Nicola Leali,G,90,7.2,,0.0,,,39,21.0,53.8,,,,,0,0,,
Udinese vs Genoa,Genoa,281826,Alessandro Marcandalli,D,90,7,,0.0,1.0,1.0,27,26.0,96.3,1.0,,1.0,,0,0,3.0,4.0
Udinese vs Genoa,Genoa,387128,Sebastian Otoa,D,90,6.9,,0.0,,,31,29.0,93.5,,,1.0,1.0,0,0,3.0,8.0
Udinese vs Genoa,Genoa,35544,Johan Vásquez,D,90,6.3,,0.0,,,49,40.0,81.6,1.0,1.0,2.0,2.0,0,0,4.0,11.0
Udinese vs Genoa,Genoa,284570,Brooke Norton-Cuffy,M,90,7.3,1.0,0.0,1.0,1.0,15,10.0,66.7,1.0,,,,0,0,2.0,8.0
Udinese vs Genoa,Genoa,1938,Ruslan Malinovskyi,M,76,7.5,1.0,0.0,3.0,1.0,32,26.0,81.2,2.0,,1.0,4.0,0,0,8.0,12.0
Udinese vs Genoa,Genoa,281096,Patrizio Masini,M,90,6.3,,0.0,2.0,,25,18.0,72.0,6.0,2.0,2.0,3.0,0,0,9.0,18.0
Udinese vs Genoa,Genoa,36980,Morten Thorsby,M,90,6.6,,0.0,1.0,1.0,34,25.0,73.5,1.0,,,1.0,0,0,6.0,11.0
Udinese vs Genoa,Genoa,25914,Aarón Martín,M,90,6.3,,0.0,,,29,23.0,79.3,2.0,1.0,1.0,,0,0,2.0,4.0
Udinese vs Genoa,Genoa,263481,Lorenzo Colombo,F,76,6.9,,0.0,1.0,1.0,14,11.0,78.6,,,1.0,3.0,0,0,3.0,10.0
Udinese vs Genoa,Genoa,281408,Vitinha,F,64,5.9,,0.0,1.0,1.0,5,3.0,60.0,1.0,1.0,2.0,,0,0,2.0,14.0
Udinese vs Genoa,Genoa,3430,Caleb Ekuban,F,26,6.9,,1.0,,,5,5.0,100.0,,1.0,1.0,1.0,0,0,1.0,4.0
Udinese vs Genoa,Genoa,451504,Jeff Ekhator,F,14,6.3,,0.0,1.0,,2,1.0,50.0,1.0,,,1.0,0,0,3.0,6.0
Udinese vs Genoa,Genoa,56396,Junior Messias,F,14,6.6,,0.0,,,5,3.0,60.0,1.0,,,,0,0,3.0,7.0
Torino vs AC Milan,Torino,56266,Franco Israel,G,90,7,,0.0,,,31,16.0,51.6,,,,,0,0,,
Torino vs AC Milan,Torino,22174,Adrien Tameze,D,78,5.9,,0.0,,,20,15.0,75.0,,,2.0,,0,0,1.0,4.0
Torino vs AC Milan,Torino,2553,Guillermo Maripán,D,90,6.3,,0.0,,,28,24.0,85.7,3.0,1.0,1.0,,0,0,6.0,12.0
Torino vs AC Milan,Torino,122468,Saúl Coco,D,90,6.6,,0.0,,,26,24.0,92.3,1.0,,2.0,2.0,0,0,5.0,9.0
Torino vs AC Milan,Torino,39362,Marcus Pedersen,M,84,5.9,,0.0,1.0,,18,14.0,77.8,1.0,1.0,4.0,,0,0,1.0,8.0
Torino vs AC Milan,Torino,842,Nikola Vlašić,M,90,7.9,1.0,1.0,2.0,1.0,39,32.0,82.1,5.0,,1.0,,0,0,6.0,11.0
Torino vs AC Milan,Torino,275776,Kristjan Asllani,M,90,7,,0.0,2.0,2.0,42,35.0,83.3,2.0,1.0,,,0,0,2.0,4.0
Torino vs AC Milan,Torino,138777,Faustino Anjorin,M,59,6.2,,0.0,,,9,8.0,88.9,1.0,,3.0,,1,0,2.0,7.0
Torino vs AC Milan,Torino,25353,Valentino Lazaro,M,84,7.2,,0.0,,,23,21.0,91.3,2.0,,1.0,,1,0,2.0,5.0
Torino vs AC Milan,Torino,2495,Duván Zapata,F,90,7.2,1.0,0.0,1.0,1.0,24,15.0,62.5,1.0,,1.0,1.0,0,0,5.0,14.0
Torino vs AC Milan,Torino,19524,Che Adams,F,84,6.6,,0.0,,,18,13.0,72.2,2.0,,,1.0,0,0,4.0,5.0
Torino vs AC Milan,Torino,270507,Cesare Casadei,M,31,6.6,,0.0,,,10,9.0,90.0,2.0,,,1.0,0,0,5.0,7.0
Torino vs AC Milan,Torino,18799,Adam Masina,D,12,6.9,,0.0,,,8,7.0,87.5,1.0,,1.0,,0,0,2.0,3.0
Torino vs AC Milan,Torino,156490,Niels Nkounkou,D,12,6.9,,0.0,,,4,4.0,100.0,1.0,,,,0,0,2.0,2.0
Torino vs AC Milan,Torino,243,Zakaria Aboukhlal,F,12,6.6,,0.0,,,6,4.0,66.7,2.0,,,,0,0,2.0,2.0
Torino vs AC Milan,Torino,85,Cyril Ngonge,F,12,6.5,,0.0,,,2,1.0,50.0,,,,,0,0,1.0,2.0
Torino vs AC Milan,AC Milan,22221,Mike Maignan,G,90,5.9,,0.0,,,17,12.0,70.6,,,,,1,0,1.0,1.0
Torino vs AC Milan,AC Milan,19209,Fikayo Tomori,D,90,7,,1.0,,,75,69.0,92.0,3.0,2.0,1.0,,0,0,3.0,8.0
Torino vs AC Milan,AC Milan,56473,Matteo Gabbia,D,90,6.7,,0.0,,,60,56.0,93.3,,2.0,,,0,0,4.0,6.0
Torino vs AC Milan,AC Milan,45826,Strahinja Pavlović,D,90,6.5,,0.0,1.0,,65,57.0,87.7,1.0,,1.0,1.0,0,0,5.0,13.0
Torino vs AC Milan,AC Milan,1417,Alexis Saelemaekers,M,88,7.2,,1.0,,,59,52.0,88.1,,1.0,,6.0,0,0,7.0,10.0
Torino vs AC Milan,AC Milan,2292,Ruben Loftus-Cheek,M,90,6.9,,0.0,1.0,,38,33.0,86.8,1.0,,4.0,3.0,0,0,11.0,20.0
Torino vs AC Milan,AC Milan,754,Luka Modrić,M,90,7.5,,0.0,,,83,78.0,94.0,2.0,,,1.0,0,0,4.0,6.0
Torino vs AC Milan,AC Milan,272,Adrien Rabiot,M,90,7.7,1.0,0.0,2.0,1.0,49,43.0,87.8,,,,2.0,0,0,2.0,6.0
Torino vs AC Milan,AC Milan,374359,Davide Bartesaghi,M,66,6.3,,0.0,1.0,1.0,24,23.0,95.8,3.0,1.0,,,0,0,4.0,8.0
Torino vs AC Milan,AC Milan,269,Christopher Nkunku,F,90,6,,0.0,2.0,1.0,27,23.0,85.2,,,,2.0,0,0,6.0,11.0
Torino vs AC Milan,AC Milan,22236,Rafael Leão,F,31,6.3,,0.0,1.0,,9,8.0,88.9,,,,,0,0,,2.0
Torino vs AC Milan,AC Milan,31056,Samuele Ricci,M,59,7.7,,1.0,1.0,1.0,35,31.0,88.6,1.0,,1.0,1.0,0,0,2.0,3.0
Torino vs AC Milan,AC Milan,17,Christian Pulišić,M,24,8.9,2.0,0.0,2.0,2.0,11,9.0,81.8,,,,,0,0,,1.0
Torino vs AC Milan,AC Milan,46731,Pervis Estupiñán,D,8,6.6,,0.0,,,0,,,,,,,0,0,,
Lecce vs Pisa,Lecce,56459,Wladimiro Falcone,G,90,6.3,,0.0,,,39,19.0,48.7,,,,,0,0,,
Lecce vs Pisa,Lecce,161702,Danilo Veiga,D,90,7,,0.0,,,45,38.0,84.4,3.0,1.0,2.0,1.0,0,0,4.0,9.0
Lecce vs Pisa,Lecce,291589,Kialonda Gaspar,D,90,7,,0.0,1.0,1.0,41,36.0,87.8,,2.0,,,1,0,2.0,4.0
Lecce vs Pisa,Lecce,455316,Tiago Gabriel,D,90,7,,0.0,2.0,,47,39.0,83.0,2.0,,2.0,1.0,0,0,8.0,11.0
Lecce vs Pisa,Lecce,19738,Corrie Ndaba,D,74,6.9,,0.0,1.0,,38,32.0,84.2,1.0,,,,0,0,4.0,10.0
Lecce vs Pisa,Lecce,15673,Ylber Ramadani,M,90,7.2,,0.0,1.0,,55,42.0,76.4,3.0,1.0,,2.0,0,0,8.0,11.0
Lecce vs Pisa,Lecce,6662,Santiago Pierotti,M,66,6.2,,0.0,1.0,1.0,17,16.0,94.1,2.0,,1.0,,0,0,3.0,13.0
Lecce vs Pisa,Lecce,335071,Medon Berisha,M,11,6.7,,0.0,,,6,5.0,83.3,,,,,0,0,,
Lecce vs Pisa,Lecce,1748,Lassana Coulibaly,M,90,6.7,,0.0,2.0,,24,20.0,83.3,,,3.0,1.0,0,0,3.0,12.0
Lecce vs Pisa,Lecce,31507,Riccardo Sottil,M,74,7.5,,0.0,1.0,,22,20.0,90.9,1.0,,,1.0,0,0,2.0,7.0
Lecce vs Pisa,Lecce,436260,Francesco Camarda,F,67,7,,0.0,1.0,,13,8.0,61.5,,,4.0,,0,0,2.0,10.0
Lecce vs Pisa,Lecce,197779,Mohamed Kaba,M,79,6.3,,0.0,1.0,,16,10.0,62.5,1.0,,3.0,,0,0,4.0,12.0
Lecce vs Pisa,Lecce,118956,Lameck Banda,M,24,7.5,,1.0,,,4,4.0,100.0,,,,,0,0,,2.0
Lecce vs Pisa,Lecce,264122,Nikola Štulić,F,23,7.3,1.0,0.0,3.0,1.0,2,1.0,50.0,,,1.0,,0,0,1.0,2.0
Lecce vs Pisa,Lecce,31543,Antonino Gallo,D,16,6.9,,0.0,,,3,2.0,66.7,,,,,0,0,1.0,1.0
Lecce vs Pisa,Lecce,47182,Tete Morente,F,16,6.7,,0.0,,,3,3.0,100.0,1.0,,1.0,,1,0,1.0,4.0
Lecce vs Pisa,Pisa,30733,Adrian Šemper,G,90,7.3,,0.0,,,34,26.0,76.5,,,,1.0,0,0,1.0,1.0
Lecce vs Pisa,Pisa,30469,Arturo Calabresi,D,45,6.6,,0.0,,,14,9.0,64.3,2.0,,1.0,,1,0,3.0,4.0
Lecce vs Pisa,Pisa,31604,Antonio Caracciolo,D,81,6.5,,0.0,,,29,18.0,62.1,1.0,,,,0,0,1.0,4.0
Lecce vs Pisa,Pisa,91503,Simone Canestrelli,D,90,7,,0.0,,,53,44.0,83.0,2.0,,,,0,0,8.0,12.0
Lecce vs Pisa,Pisa,56293,Idrissa Touré,M,90,6.9,,0.0,,,21,14.0,66.7,2.0,1.0,,,0,0,10.0,16.0
Lecce vs Pisa,Pisa,364600,Isak Vural,M,90,6.6,,0.0,1.0,,30,24.0,80.0,3.0,,1.0,2.0,0,0,6.0,9.0
Lecce vs Pisa,Pisa,951,Michel Aebischer,M,90,7.5,,0.0,,,51,47.0,92.2,3.0,1.0,,4.0,0,0,8.0,10.0
Lecce vs Pisa,Pisa,408635,Ebenezer Akinsanmiro,M,59,6.3,,0.0,,,13,10.0,76.9,1.0,1.0,,3.0,0,0,5.0,12.0
Lecce vs Pisa,Pisa,30753,Mehdi Léris,M,74,7.5,,0.0,,,31,19.0,61.3,4.0,2.0,1.0,,0,0,9.0,11.0
Lecce vs Pisa,Pisa,31560,Stefano Moreo,F,59,6.3,,0.0,1.0,,10,5.0,50.0,,,1.0,1.0,0,0,3.0,6.0
Lecce vs Pisa,Pisa,331678,Henrik Wendel Meister,F,90,6.3,,0.0,,,2,1.0,50.0,,,1.0,1.0,0,0,2.0,10.0
Lecce vs Pisa,Pisa,314,Raúl Albiol,D,45,6.7,,0.0,,,28,26.0,92.9,,,,,0,0,,
Lecce vs Pisa,Pisa,302069,Samuele Angori,D,31,6.9,,0.0,,,22,19.0,86.4,1.0,,,3.0,0,0,4.0,4.0
Lecce vs Pisa,Pisa,20959,Matteo Tramoni,F,31,6.6,,0.0,,,14,12.0,85.7,1.0,1.0,,,0,0,2.0,4.0
Lecce vs Pisa,Pisa,403300,Lorran,M,16,6.7,,0.0,,,13,9.0,69.2,1.0,,,1.0,0,0,3.0,4.0
Lecce vs Pisa,Pisa,510473,Louis Buffon,F,9,6.5,,0.0,,,3,3.0,100.0,,,1.0,,0,0,,1.0
Torino vs Cremonese,Torino,30642,Alberto Paleari,G,90,8.3,,0.0,,,39,19.0,48.7,,,,,0,0,2.0,2.0
Torino vs Cremonese,Torino,14329,Ardian Ismajli,D,90,6.7,,0.0,3.0,2.0,42,30.0,71.4,,,,,0,0,4.0,9.0
Torino vs Cremonese,Torino,2553,Guillermo Maripán,D,90,7,,0.0,1.0,,34,28.0,82.4,1.0,2.0,1.0,,0,0,4.0,11.0
Torino vs Cremonese,Torino,122468,Saúl Coco,D,90,7.6,,0.0,,,39,34.0,87.2,3.0,,2.0,2.0,0,0,8.0,13.0
Torino vs Cremonese,Torino,39362,Marcus Pedersen,M,90,6.3,,0.0,,,29,24.0,82.8,1.0,,4.0,,1,0,1.0,9.0
Torino vs Cremonese,Torino,275776,Kristjan Asllani,M,89,7.9,,0.0,1.0,,52,43.0,82.7,3.0,,,2.0,0,0,5.0,7.0
Torino vs Cremonese,Torino,343189,Gvidas Gineitis,M,64,6.9,,0.0,,,16,13.0,81.2,3.0,,4.0,1.0,0,0,6.0,15.0
Torino vs Cremonese,Torino,25353,Valentino Lazaro,M,89,7.3,,0.0,,,50,40.0,80.0,1.0,2.0,1.0,2.0,0,0,7.0,11.0
Torino vs Cremonese,Torino,842,Nikola Vlašić,F,90,7.9,1.0,0.0,1.0,1.0,29,26.0,89.7,3.0,1.0,1.0,1.0,0,0,4.0,14.0
Torino vs Cremonese,Torino,2495,Duván Zapata,F,64,6.6,,1.0,,,12,10.0,83.3,,,1.0,1.0,0,0,4.0,9.0
Torino vs Cremonese,Torino,19524,Che Adams,F,83,7.3,,0.0,3.0,2.0,26,21.0,80.8,,,,,0,0,1.0,8.0
Torino vs Cremonese,Torino,270507,Cesare Casadei,M,26,6.9,,0.0,,,13,11.0,84.6,4.0,,4.0,3.0,0,0,8.0,16.0
Torino vs Cremonese,Torino,30414,Giovanni Simeone,F,26,6.6,,0.0,1.0,1.0,5,4.0,80.0,2.0,,,,0,0,2.0,3.0
Torino vs Cremonese,Torino,85,Cyril Ngonge,F,17,6.5,,0.0,,,5,4.0,80.0,,,1.0,,0,0,,3.0
Torino vs Cremonese,Torino,30396,Cristiano Biraghi,D,9,6.9,,0.0,,,5,5.0,100.0,,,,,0,0,,
Torino vs Cremonese,Torino,336573,Emirhan İlkhan,M,9,6.7,,0.0,,,2,2.0,100.0,,,1.0,1.0,0,0,1.0,2.0
Torino vs Cremonese,Cremonese,30441,Emil Audero,G,90,7.3,,0.0,,,36,23.0,63.9,,,,,0,0,,
Torino vs Cremonese,Cremonese,264472,Filippo Terracciano,D,90,7.5,,0.0,,,52,45.0,86.5,1.0,1.0,1.0,,0,0,5.0,8.0
Torino vs Cremonese,Cremonese,127035,Federico Baschirotto,D,90,7.3,,0.0,,,57,50.0,87.7,2.0,2.0,,,0,0,6.0,10.0
Torino vs Cremonese,Cremonese,30397,Federico Ceccherini,D,90,7.3,,0.0,3.0,2.0,65,56.0,86.2,2.0,3.0,,1.0,0,0,10.0,15.0
Torino vs Cremonese,Cremonese,126980,Tommaso Barbieri,M,63,6.7,,0.0,,,18,13.0,72.2,3.0,,1.0,1.0,1,0,4.0,9.0
Torino vs Cremonese,Cremonese,6383,Martín Payero,M,90,6.7,,0.0,,,46,35.0,76.1,2.0,,7.0,3.0,1,0,10.0,22.0
Torino vs Cremonese,Cremonese,266813,Warren Bondo,M,51,6.5,,0.0,,,22,19.0,86.4,1.0,,1.0,,0,0,1.0,3.0
Torino vs Cremonese,Cremonese,31211,Jari Vandeputte,M,77,7.2,,0.0,,,54,45.0,83.3,1.0,1.0,,4.0,0,0,5.0,10.0
Torino vs Cremonese,Cremonese,30775,Giuseppe Pezzella,M,63,6.9,,0.0,,,23,17.0,73.9,1.0,,,1.0,0,0,4.0,5.0
Torino vs Cremonese,Cremonese,31436,Federico Bonazzoli,F,77,7,,0.0,1.0,1.0,23,20.0,87.0,3.0,1.0,2.0,5.0,0,0,10.0,14.0
Torino vs Cremonese,Cremonese,18788,Jamie Vardy,F,90,6.3,,0.0,,,13,6.0,46.2,,1.0,,1.0,0,0,3.0,8.0
Torino vs Cremonese,Cremonese,31219,Alessio Zerbin,F,39,6.9,,0.0,,,15,13.0,86.7,2.0,,,2.0,0,0,4.0,8.0
Torino vs Cremonese,Cremonese,342651,Romano Floriani Mussolini,D,27,6.9,,0.0,,,10,6.0,60.0,,,,,0,0,1.0,2.0
Torino vs Cremonese,Cremonese,2522,Antonio Sanabria,F,27,7,,0.0,1.0,,10,5.0,50.0,1.0,,1.0,2.0,0,0,10.0,14.0
Torino vs Cremonese,Cremonese,2057,Franco Vázquez,F,13,6.7,,0.0,1.0,,8,6.0,75.0,1.0,1.0,,,0,0,1.0,2.0
Torino vs Cremonese,Cremonese,102447,Faris Moumbagna,F,13,6.5,,0.0,1.0,,2,2.0,100.0,,,,,0,0,1.0,2.0
Parma vs Lazio,Parma,180762,Edoardo Corvi,G,90,6.3,,0.0,,,27,22.0,81.5,,,,,0,0,,1.0
Parma vs Lazio,Parma,499380,Sascha Britschgi,D,90,6.3,,0.0,,,23,18.0,78.3,2.0,,,,0,0,2.0,9.0
Parma vs Lazio,Parma,30420,Enrico Del Prato,D,45,6.6,,0.0,,,26,25.0,96.2,,,1.0,1.0,0,0,1.0,2.0
Parma vs Lazio,Parma,6221,Lautaro Valenti,D,90,6.9,,0.0,,,50,45.0,90.0,,3.0,3.0,1.0,0,0,4.0,9.0
Parma vs Lazio,Parma,91358,Emanuele Valeri,D,90,7.2,,0.0,1.0,1.0,27,24.0,88.9,1.0,3.0,4.0,,1,0,4.0,11.0
Parma vs Lazio,Parma,628,Adrián Bernabé,M,90,6.6,,0.0,3.0,1.0,48,38.0,79.2,,1.0,,,0,0,2.0,5.0
Parma vs Lazio,Parma,6409,Nahuel Estévez,M,90,7.3,,0.0,2.0,1.0,53,45.0,84.9,,,1.0,1.0,1,0,5.0,9.0
Parma vs Lazio,Parma,308836,Mandela Keita,M,86,6.9,,0.0,,,38,36.0,94.7,1.0,1.0,1.0,1.0,0,0,2.0,3.0
Parma vs Lazio,Parma,161859,Gaetano Oristanio,M,70,6.6,,0.0,2.0,1.0,8,7.0,87.5,1.0,,,,0,0,2.0,6.0
Parma vs Lazio,Parma,40592,Adrian Benedyczak,F,76,6.7,,0.0,1.0,,9,8.0,88.9,,,,1.0,0,0,2.0,4.0
Parma vs Lazio,Parma,292172,Mateo Pellegrino,F,90,6.6,,0.0,4.0,1.0,16,9.0,56.2,1.0,,1.0,2.0,0,0,9.0,15.0
Parma vs Lazio,Parma,428237,Mariano Troilo,D,45,6.3,,0.0,,,32,31.0,96.9,,,3.0,1.0,0,0,2.0,8.0
Parma vs Lazio,Parma,191979,Jacob Ondrejka,F,20,6.3,,0.0,,,5,4.0,80.0,,,,,0,0,,
Parma vs Lazio,Parma,1649,Patrick Cutrone,F,14,6.3,,0.0,,,4,3.0,75.0,,,,,0,0,1.0,2.0
Parma vs Lazio,Parma,31692,Milan Đurić,F,10,6.7,,0.0,1.0,,1,1.0,100.0,,,,,0,0,1.0,1.0
Parma vs Lazio,Lazio,31037,Ivan Provedel,G,90,8,,0.0,,,38,26.0,68.4,,,,,0,0,1.0,1.0
Parma vs Lazio,Lazio,1844,Adam Marušić,D,90,6.9,,0.0,1.0,1.0,39,32.0,82.1,2.0,,1.0,1.0,0,0,3.0,6.0
Parma vs Lazio,Lazio,1841,Patric,D,70,6.9,,0.0,,,61,57.0,93.4,1.0,1.0,1.0,,0,0,3.0,8.0
Parma vs Lazio,Lazio,1632,Alessio Romagnoli,D,90,7.5,,0.0,1.0,,62,57.0,91.9,,1.0,,1.0,0,0,5.0,7.0
Parma vs Lazio,Lazio,30554,Luca Pellegrini,D,90,6.9,,0.0,,,42,34.0,81.0,1.0,,1.0,,0,0,4.0,10.0
Parma vs Lazio,Lazio,1454,Mattéo Guendouzi,M,90,7,,0.0,,,45,40.0,88.9,,,,1.0,0,0,2.0,5.0
Parma vs Lazio,Lazio,1852,Danilo Cataldi,M,88,7.3,,1.0,,,51,40.0,78.4,4.0,,,1.0,0,0,6.0,8.0
Parma vs Lazio,Lazio,1266,Toma Bašić,M,77,6.7,,0.0,2.0,1.0,42,35.0,83.3,2.0,,,1.0,0,1,4.0,5.0
Parma vs Lazio,Lazio,286474,Matteo Cancellieri,F,70,6.2,,0.0,4.0,2.0,16,15.0,93.8,,1.0,1.0,3.0,1,0,3.0,9.0
Parma vs Lazio,Lazio,50856,Valentín Castellanos,F,70,6.7,,0.0,2.0,,11,9.0,81.8,,2.0,3.0,4.0,0,0,5.0,9.0
Parma vs Lazio,Lazio,30937,Mattia Zaccagni,F,42,5.9,,0.0,,,21,16.0,76.2,2.0,,1.0,,0,1,6.0,7.0
Parma vs Lazio,Lazio,350857,Oliver Provstgaard,D,20,7,,0.0,,,2,2.0,100.0,,,,,0,0,2.0,3.0
Parma vs Lazio,Lazio,144740,Fisayo Dele-Bashiru,M,20,6.6,,0.0,,,3,3.0,100.0,,,,,0,0,,1.0
Parma vs Lazio,Lazio,133729,Tijjani Noslin,F,20,8,1.0,0.0,1.0,1.0,2,2.0,100.0,,,,2.0,0,0,4.0,6.0
Parma vs Lazio,Lazio,211,Matías Vecino,M,8,6.7,,0.0,,,0,,,,,,,0,0,,
Atalanta vs Cagliari,Atalanta,30417,Marco Carnesecchi,G,90,6.2,,0.0,,,35,23.0,65.7,,,,,0,0,,
Atalanta vs Cagliari,Atalanta,48119,Odilon Kossounou,D,79,6.3,,0.0,1.0,,55,51.0,92.7,,2.0,1.0,,0,0,1.0,6.0
Atalanta vs Cagliari,Atalanta,30421,Berat Djimsiti,D,55,7.3,,0.0,1.0,,45,43.0,95.6,1.0,,3.0,2.0,0,0,7.0,14.0
Atalanta vs Cagliari,Atalanta,1442,Sead Kolašinac,D,90,6.7,,0.0,,,56,50.0,89.3,,1.0,2.0,,0,0,,2.0
Atalanta vs Cagliari,Atalanta,2286,Davide Zappacosta,M,79,6.5,,1.0,1.0,,34,30.0,88.2,2.0,1.0,,,0,0,2.0,8.0
Atalanta vs Cagliari,Atalanta,30432,Marten de Roon,M,90,7.2,,0.0,,,76,65.0,85.5,4.0,,,1.0,0,0,5.0,8.0
Atalanta vs Cagliari,Atalanta,10097,Éderson,M,66,7.5,,0.0,,,69,61.0,88.4,3.0,2.0,,2.0,0,0,6.0,9.0
Atalanta vs Cagliari,Atalanta,264857,Lorenzo Bernasconi,M,66,7.2,,0.0,,,25,22.0,88.0,1.0,,1.0,,1,0,2.0,3.0
Atalanta vs Cagliari,Atalanta,147859,Charles De Ketelaere,F,90,7.3,,0.0,1.0,1.0,39,33.0,84.6,,,,3.0,0,0,6.0,20.0
Atalanta vs Cagliari,Atalanta,18767,Ademola Lookman,F,90,6.9,,0.0,3.0,2.0,32,25.0,78.1,,,4.0,1.0,0,0,3.0,9.0
Atalanta vs Cagliari,Atalanta,30544,Gianluca Scamacca,F,90,8.3,2.0,0.0,3.0,3.0,31,19.0,61.3,1.0,,1.0,1.0,0,0,6.0,9.0
Atalanta vs Cagliari,Atalanta,453906,Honest Ahanor,D,35,6.7,,0.0,,,25,24.0,96.0,1.0,,,,0,0,2.0,3.0
Atalanta vs Cagliari,Atalanta,162106,Yunus Musah,M,24,6.2,,0.0,1.0,,10,10.0,100.0,,,1.0,1.0,0,0,1.0,3.0
Atalanta vs Cagliari,Atalanta,203474,Nicola Zalewski,M,24,6.7,,0.0,2.0,2.0,4,4.0,100.0,1.0,1.0,,,0,0,1.0,1.0
Atalanta vs Cagliari,Atalanta,2763,Mario Pašalić,M,11,6.3,,0.0,,,6,5.0,83.3,,1.0,,,0,0,1.0,3.0
Atalanta vs Cagliari,Atalanta,178749,Lazar Samardžić,M,11,6.9,,0.0,,,5,3.0,60.0,,,,,0,0,1.0,3.0
Atalanta vs Cagliari,Cagliari,30731,Elia Caprile,G,90,7.9,,0.0,,,26,17.0,65.4,,,,,0,0,,
Atalanta vs Cagliari,Cagliari,200,Gabriele Zappa,D,58,6.6,,0.0,,,23,17.0,73.9,2.0,,,,0,0,2.0,4.0
Atalanta vs Cagliari,Cagliari,319,Sebastiano Luperto,D,87,6.6,,0.0,,,38,35.0,92.1,,3.0,1.0,1.0,0,0,2.0,5.0
Atalanta vs Cagliari,Cagliari,415155,Juan Rodriguez,D,66,6.5,,0.0,,,24,20.0,83.3,4.0,1.0,2.0,,1,0,7.0,10.0
Atalanta vs Cagliari,Cagliari,383018,Marco Palestra,M,90,6.6,,0.0,2.0,,33,30.0,90.9,1.0,2.0,1.0,5.0,0,0,7.0,12.0
Atalanta vs Cagliari,Cagliari,30505,Michel Adopo,M,87,6.7,,0.0,,,31,27.0,87.1,2.0,1.0,1.0,,0,0,3.0,7.0
Atalanta vs Cagliari,Cagliari,30561,Alessandro Deiola,M,90,7.2,,0.0,,,35,30.0,85.7,5.0,,2.0,1.0,0,0,8.0,12.0
Atalanta vs Cagliari,Cagliari,56851,Michael Folorunsho,M,90,6.2,,0.0,,,21,14.0,66.7,1.0,1.0,2.0,,0,0,6.0,11.0
Atalanta vs Cagliari,Cagliari,321744,Adam Obert,M,90,7.2,,0.0,,,49,41.0,83.7,3.0,1.0,,,0,0,4.0,6.0
Atalanta vs Cagliari,Cagliari,31499,Gennaro Borrelli,F,58,6.5,,0.0,2.0,,13,10.0,76.9,,,5.0,3.0,0,0,8.0,19.0
Atalanta vs Cagliari,Cagliari,215,Sebastiano Esposito,F,90,7.5,,1.0,,,36,27.0,75.0,2.0,,1.0,1.0,0,0,5.0,8.0
Atalanta vs Cagliari,Cagliari,325,Gianluca Gaetano,M,32,7.2,1.0,0.0,1.0,1.0,18,10.0,55.6,,1.0,,,1,0,,1.0
Atalanta vs Cagliari,Cagliari,309388,Matteo Prati,M,32,6.9,,0.0,1.0,,17,15.0,88.2,2.0,,,,0,0,3.0,3.0
Atalanta vs Cagliari,Cagliari,383026,Riyad Idrissi,D,24,6.3,,0.0,,,13,13.0,100.0,1.0,,,,0,0,1.0,1.0
Atalanta vs Cagliari,Cagliari,30573,Leonardo Pavoletti,F,8,6.5,,0.0,,,1,1.0,100.0,,,,,0,0,,1.0
Atalanta vs Cagliari,Cagliari,140831,Zito Luvumbo,F,8,6.7,,0.0,,,0,,,,,,1.0,0,0,1.0,1.0
AC Milan vs Sassuolo,AC Milan,22221,Mike Maignan,G,90,6.3,,0.0,,,21,16.0,76.2,,,,,0,0,,
AC Milan vs Sassuolo,AC Milan,19209,Fikayo Tomori,D,90,6.5,,0.0,,,49,44.0,89.8,3.0,2.0,1.0,,0,0,3.0,6.0
AC Milan vs Sassuolo,AC Milan,56473,Matteo Gabbia,D,60,6.9,,0.0,,,55,53.0,96.4,1.0,,1.0,1.0,0,0,6.0,8.0
AC Milan vs Sassuolo,AC Milan,45826,Strahinja Pavlović,D,90,7.5,,0.0,1.0,,66,62.0,93.9,1.0,,,1.0,0,0,6.0,8.0
AC Milan vs Sassuolo,AC Milan,1417,Alexis Saelemaekers,M,89,6.9,,0.0,2.0,,54,42.0,77.8,4.0,,3.0,2.0,0,0,9.0,14.0
AC Milan vs Sassuolo,AC Milan,2292,Ruben Loftus-Cheek,M,90,6.6,,1.0,1.0,1.0,32,29.0,90.6,2.0,,1.0,,1,0,4.0,12.0
AC Milan vs Sassuolo,AC Milan,754,Luka Modrić,M,90,7.5,,0.0,,,102,91.0,89.2,1.0,1.0,4.0,2.0,0,0,6.0,11.0
AC Milan vs Sassuolo,AC Milan,272,Adrien Rabiot,M,90,6.6,,0.0,1.0,1.0,50,44.0,88.0,2.0,,,1.0,0,0,5.0,10.0
AC Milan vs Sassuolo,AC Milan,374359,Davide Bartesaghi,M,89,9.3,2.0,0.0,2.0,2.0,29,26.0,89.7,2.0,,,3.0,0,0,8.0,8.0
AC Milan vs Sassuolo,AC Milan,269,Christopher Nkunku,F,90,6.3,,1.0,3.0,1.0,18,16.0,88.9,1.0,,,,0,0,1.0,2.0
AC Milan vs Sassuolo,AC Milan,17,Christian Pulišić,F,73,6.5,,0.0,,,26,23.0,88.5,,1.0,1.0,2.0,0,0,3.0,7.0
AC Milan vs Sassuolo,AC Milan,162141,Koni De Winter,D,30,6.5,,0.0,,,18,15.0,83.3,,,,,0,0,,
AC Milan vs Sassuolo,AC Milan,31056,Samuele Ricci,M,17,6.7,,0.0,,,9,9.0,100.0,,,1.0,,0,0,,2.0
AC Milan vs Sassuolo,Sassuolo,616,Arijanet Murić,G,90,6.3,,0.0,,,25,16.0,64.0,,,,,0,0,2.0,2.0
AC Milan vs Sassuolo,Sassuolo,40582,Sebastian Walukiewicz,D,90,7.2,,0.0,,,50,40.0,80.0,2.0,1.0,1.0,,0,0,3.0,8.0
AC Milan vs Sassuolo,Sassuolo,37651,Jay Idzes,D,90,6.3,,0.0,,,40,39.0,97.5,1.0,3.0,,,0,0,2.0,5.0
AC Milan vs Sassuolo,Sassuolo,271350,Tarik Muharemović,D,90,6.7,,0.0,,,45,41.0,91.1,,1.0,,1.0,1,0,2.0,3.0
AC Milan vs Sassuolo,Sassuolo,41371,Fali Candé,D,59,6.2,,0.0,,,7,6.0,85.7,2.0,1.0,1.0,1.0,0,0,3.0,6.0
AC Milan vs Sassuolo,Sassuolo,39143,Kristian Thorstvedt,M,90,6.7,,0.0,1.0,1.0,23,19.0,82.6,1.0,3.0,2.0,1.0,1,0,2.0,10.0
AC Milan vs Sassuolo,Sassuolo,902,Nemanja Matić,M,90,6.7,,0.0,,,75,64.0,85.3,2.0,1.0,2.0,1.0,0,0,3.0,7.0
AC Milan vs Sassuolo,Sassuolo,328046,Ismael Koné,M,90,8,1.0,0.0,1.0,1.0,28,25.0,89.3,2.0,3.0,,4.0,0,0,7.0,10.0
AC Milan vs Sassuolo,Sassuolo,342035,Cristian Volpato,F,87,6.2,,0.0,,,26,20.0,76.9,,,1.0,,0,0,,6.0
AC Milan vs Sassuolo,Sassuolo,31094,Andrea Pinamonti,F,87,6.9,,2.0,,,11,9.0,81.8,1.0,,2.0,1.0,0,0,3.0,10.0
AC Milan vs Sassuolo,Sassuolo,263699,Alieu Fadera,F,59,6.2,,0.0,,,10,7.0,70.0,4.0,,3.0,2.0,1,0,6.0,14.0
AC Milan vs Sassuolo,Sassuolo,135526,Josh Doig,D,31,7.2,,0.0,,,20,19.0,95.0,1.0,,,,0,0,3.0,3.0
AC Milan vs Sassuolo,Sassuolo,2215,Armand Laurienté,F,31,7.2,1.0,0.0,3.0,1.0,13,11.0,84.6,,,,,0,0,1.0,4.0
AC Milan vs Sassuolo,Sassuolo,31440,Luca Moro,F,11,6.3,,0.0,,,2,1.0,50.0,,1.0,,,0,0,,
AC Milan vs Sassuolo,Sassuolo,128478,Walid Cheddira,F,11,6.6,,0.0,,,2,1.0,50.0,,,,,0,0,,
Udinese vs Napoli,Udinese,143648,Maduka Okoye,G,90,6.6,,0.0,,,30,15.0,50.0,,,,,0,0,1.0,1.0
Udinese vs Napoli,Udinese,281495,Thomas Kristensen,D,90,7,,0.0,,,33,24.0,72.7,2.0,1.0,,,0,0,2.0,3.0
Udinese vs Napoli,Udinese,18797,Christian Kabasele,D,90,7.6,,0.0,1.0,1.0,26,21.0,80.8,3.0,1.0,,1.0,0,0,12.0,12.0
Udinese vs Napoli,Udinese,656,Oumar Solet,D,90,6.6,,0.0,1.0,,46,38.0,82.6,,2.0,,,0,0,1.0,2.0
Udinese vs Napoli,Udinese,162907,Alessandro Zanoli,M,89,6.9,,0.0,,,28,24.0,85.7,2.0,2.0,2.0,,0,0,4.0,8.0
Udinese vs Napoli,Udinese,1939,Jakub Piotrowski,M,90,7.3,,0.0,3.0,1.0,21,19.0,90.5,4.0,1.0,3.0,2.0,0,0,8.0,13.0
Udinese vs Napoli,Udinese,48047,Jesper Karlström,M,90,6.9,,0.0,,,30,25.0,83.3,2.0,2.0,2.0,3.0,0,0,5.0,10.0
Udinese vs Napoli,Udinese,541,Jürgen Ekkelenkamp,M,83,8.3,1.0,0.0,3.0,2.0,26,20.0,76.9,2.0,1.0,,,0,0,2.0,3.0
Udinese vs Napoli,Udinese,315249,Nicolò Bertola,M,84,7,,0.0,1.0,1.0,27,18.0,66.7,1.0,,2.0,,0,0,5.0,8.0
Udinese vs Napoli,Udinese,786,Nicolò Zaniolo,F,89,6.7,,0.0,1.0,,25,20.0,80.0,2.0,,3.0,1.0,1,0,3.0,13.0
Udinese vs Napoli,Udinese,19185,Keinan Davis,F,84,6.3,,1.0,,,22,17.0,77.3,,,4.0,1.0,0,0,3.0,14.0
Udinese vs Napoli,Udinese,182560,Oier Zarraga,M,14,6.3,,0.0,1.0,,1,,,,,,,0,0,,1.0
Udinese vs Napoli,Udinese,36916,Kingsley Ehizibue,D,13,6.7,,0.0,,,3,2.0,66.7,,,,,0,0,,
Udinese vs Napoli,Udinese,40594,Adam Buksa,F,13,6.5,,0.0,,,3,1.0,33.3,,1.0,,,0,0,1.0,4.0
Udinese vs Napoli,Napoli,31156,Vanja Milinković-Savić,G,90,6.7,,0.0,,,46,29.0,63.0,,,,1.0,0,0,1.0,1.0
Udinese vs Napoli,Napoli,37604,Sam Beukema,D,61,7,,0.0,,,45,37.0,82.2,,,,,0,0,,4.0
Udinese vs Napoli,Napoli,1314,Amir Rrahmani,D,90,7,,0.0,,,93,84.0,90.3,2.0,1.0,2.0,2.0,0,0,9.0,13.0
Udinese vs Napoli,Napoli,31226,Alessandro Buongiorno,D,75,6,,0.0,,,34,26.0,76.5,,4.0,1.0,,0,0,1.0,5.0
Udinese vs Napoli,Napoli,31042,Giovanni Di Lorenzo,M,90,6.9,,0.0,1.0,,58,50.0,86.2,2.0,,,,0,0,3.0,7.0
Udinese vs Napoli,Napoli,1358,Eljif Elmas,M,83,6.9,,0.0,,,37,30.0,81.1,,1.0,,1.0,0,0,1.0,1.0
Udinese vs Napoli,Napoli,903,Scott McTominay,M,90,7,,0.0,,,49,45.0,91.8,1.0,,,3.0,0,0,8.0,13.0
Udinese vs Napoli,Napoli,862,Leonardo Spinazzola,M,82,6.9,,0.0,,,33,25.0,75.8,3.0,,,2.0,0,0,5.0,8.0
Udinese vs Napoli,Napoli,552,David Neres,F,90,6.3,,0.0,,,24,20.0,83.3,1.0,1.0,4.0,2.0,0,0,3.0,9.0
Udinese vs Napoli,Napoli,288006,Rasmus Højlund,F,90,5.3,,0.0,2.0,,17,12.0,70.6,,,2.0,,0,0,4.0,16.0
Udinese vs Napoli,Napoli,544,Noa Lang,F,61,6.9,,0.0,1.0,,11,8.0,72.7,1.0,,,,0,0,3.0,6.0
Udinese vs Napoli,Napoli,47439,Stanislav Lobotka,M,29,6.3,,0.0,,,23,21.0,91.3,1.0,,,1.0,0,0,2.0,3.0
Udinese vs Napoli,Napoli,219,Matteo Politano,F,29,6.3,,0.0,1.0,,20,14.0,70.0,,,,1.0,0,0,1.0,2.0
Udinese vs Napoli,Napoli,47254,Mathías Olivera,D,15,7,,0.0,,,18,17.0,94.4,,,,1.0,0,0,2.0,2.0
Udinese vs Napoli,Napoli,162032,Miguel Gutiérrez,D,8,6.6,,0.0,,,9,7.0,77.8,,,,1.0,0,0,1.0,2.0
Udinese vs Napoli,Napoli,199089,Lorenzo Lucca,F,14,7,,0.0,1.0,,1,1.0,100.0,,,,1.0,0,0,2.0,2.0
Fiorentina vs Hellas Verona,Fiorentina,882,David De Gea,G,90,5.9,,0.0,,,22,16.0,72.7,,,,,0,0,,
Fiorentina vs Hellas Verona,Fiorentina,1084,Marin Pongračić,D,90,6.6,,0.0,,,84,79.0,94.0,,1.0,3.0,,0,0,,5.0
Fiorentina vs Hellas Verona,Fiorentina,396637,Pietro Comuzzo,D,90,6.7,,0.0,,,71,61.0,85.9,2.0,1.0,1.0,,0,0,5.0,6.0
Fiorentina vs Hellas Verona,Fiorentina,31642,Luca Ranieri,D,61,6.7,,0.0,2.0,,26,20.0,76.9,,,,,0,0,4.0,10.0
Fiorentina vs Hellas Verona,Fiorentina,41144,Dodô,M,87,6.9,,0.0,1.0,,33,29.0,87.9,,,1.0,2.0,0,0,6.0,13.0
Fiorentina vs Hellas Verona,Fiorentina,30810,Rolando Mandragora,M,61,6.7,,0.0,2.0,1.0,31,27.0,87.1,1.0,,,2.0,0,0,3.0,8.0
Fiorentina vs Hellas Verona,Fiorentina,876,Nicolò Fagioli,M,87,7.2,,0.0,2.0,1.0,75,66.0,88.0,1.0,1.0,,1.0,0,0,3.0,10.0
Fiorentina vs Hellas Verona,Fiorentina,1014,Simon Sohm,M,69,6.3,,0.0,1.0,,21,17.0,81.0,,,,,0,0,1.0,5.0
Fiorentina vs Hellas Verona,Fiorentina,136087,Fabiano Parisi,M,90,8,,0.0,,,40,36.0,90.0,4.0,1.0,,7.0,0,0,14.0,19.0
Fiorentina vs Hellas Verona,Fiorentina,2799,Albert Guðmundsson,F,90,6.6,,0.0,,,29,24.0,82.8,,,3.0,1.0,1,0,1.0,6.0
Fiorentina vs Hellas Verona,Fiorentina,877,Moise Kean,F,90,6.3,,0.0,5.0,2.0,6,3.0,50.0,1.0,1.0,2.0,2.0,0,0,6.0,13.0
Fiorentina vs Hellas Verona,Fiorentina,314231,Amir Richardson,M,29,6.6,,0.0,,,18,12.0,66.7,1.0,,,3.0,0,0,6.0,10.0
Fiorentina vs Hellas Verona,Fiorentina,437093,Niccolò Fortini,D,29,6.5,,0.0,,,5,4.0,80.0,,,,1.0,0,0,1.0,2.0
Fiorentina vs Hellas Verona,Fiorentina,790,Edin Džeko,F,21,6.3,,0.0,,,4,4.0,100.0,,,,,0,0,,1.0
Fiorentina vs Hellas Verona,Fiorentina,180510,Mattia Viti,D,10,6.3,,0.0,,,5,5.0,100.0,2.0,,,,0,0,3.0,4.0
Fiorentina vs Hellas Verona,Fiorentina,311083,Cher Ndour,M,10,6.3,,0.0,,,5,4.0,80.0,,,,,0,0,,
Fiorentina vs Hellas Verona,Hellas Verona,30611,Lorenzo Montipò,G,90,7.3,,0.0,,,27,10.0,37.0,,,,,0,0,,
Fiorentina vs Hellas Verona,Hellas Verona,47277,Unai Núñez,D,90,6.2,,0.0,,,25,16.0,64.0,2.0,,2.0,1.0,1,0,6.0,8.0
Fiorentina vs Hellas Verona,Hellas Verona,15912,Victor Nelsson,D,90,6.2,,0.0,,,12,6.0,50.0,,2.0,,,0,0,4.0,8.0
Fiorentina vs Hellas Verona,Hellas Verona,25061,Armel Bella-Kotchap,D,90,7.6,,0.0,,,28,20.0,71.4,2.0,2.0,1.0,1.0,0,0,7.0,7.0
Fiorentina vs Hellas Verona,Hellas Verona,303362,Rafik Belghali,M,90,6.3,,0.0,,,18,13.0,72.2,2.0,1.0,3.0,,1,0,3.0,11.0
Fiorentina vs Hellas Verona,Hellas Verona,22239,Cheikh Niasse,M,45,6.2,,0.0,,,10,10.0,100.0,1.0,,3.0,,1,0,1.0,5.0
Fiorentina vs Hellas Verona,Hellas Verona,42006,Mutassim Al-Musrati,M,75,6.9,,1.0,,,30,23.0,76.7,2.0,,1.0,,1,0,2.0,5.0
Fiorentina vs Hellas Verona,Hellas Verona,1090,Antoine Bernede,M,90,7.5,,1.0,1.0,,31,21.0,67.7,7.0,1.0,5.0,1.0,0,0,11.0,20.0
Fiorentina vs Hellas Verona,Hellas Verona,15909,Martin Frese,M,75,6.9,,0.0,,,10,9.0,90.0,1.0,1.0,2.0,1.0,1,0,4.0,8.0
Fiorentina vs Hellas Verona,Hellas Verona,312615,Giovane,F,35,6.5,,0.0,,,11,7.0,63.6,,1.0,,,0,0,2.0,5.0
Fiorentina vs Hellas Verona,Hellas Verona,59421,Daniel Mosquera,F,61,6.3,,0.0,1.0,,16,14.0,87.5,1.0,2.0,,,0,0,3.0,8.0
Fiorentina vs Hellas Verona,Hellas Verona,368260,Gift Orban,F,55,9.3,2.0,0.0,6.0,2.0,8,7.0,87.5,1.0,1.0,1.0,2.0,0,0,6.0,10.0
Fiorentina vs Hellas Verona,Hellas Verona,203,Roberto Gagliardini,M,45,6.3,,0.0,1.0,1.0,19,16.0,84.2,1.0,1.0,4.0,2.0,0,0,4.0,9.0
Fiorentina vs Hellas Verona,Hellas Verona,236955,Amin Sarr,F,29,6.9,,0.0,,,7,5.0,71.4,,,,2.0,0,0,2.0,3.0
Fiorentina vs Hellas Verona,Hellas Verona,311071,Nicolás Valentini,D,15,7.2,,0.0,1.0,,3,2.0,66.7,3.0,,,,0,0,3.0,4.0
Fiorentina vs Hellas Verona,Hellas Verona,418,Suat Serdar,M,15,6.6,,0.0,,,4,2.0,50.0,1.0,,,,0,0,1.0,1.0
Genoa vs Inter,Genoa,31631,Nicola Leali,G,90,7,,0.0,,,28,20.0,71.4,,,,,0,0,,
Genoa vs Inter,Genoa,281826,Alessandro Marcandalli,D,90,6.5,,0.0,,,37,30.0,81.1,1.0,,1.0,1.0,0,0,4.0,6.0
Genoa vs Inter,Genoa,387128,Sebastian Otoa,D,89,6.3,,0.0,,,23,20.0,87.0,1.0,1.0,1.0,,0,0,3.0,9.0
Genoa vs Inter,Genoa,35544,Johan Vásquez,D,90,6.5,,0.0,,,48,38.0,79.2,,,1.0,1.0,0,0,3.0,7.0
Genoa vs Inter,Genoa,284570,Brooke Norton-Cuffy,M,90,6.6,,0.0,1.0,,26,17.0,65.4,5.0,,,,0,0,5.0,11.0
Genoa vs Inter,Genoa,15881,Morten Frendrup,M,78,6.6,,0.0,,,23,22.0,95.7,2.0,1.0,2.0,1.0,0,0,3.0,8.0
Genoa vs Inter,Genoa,1938,Ruslan Malinovskyi,M,90,6.6,,0.0,1.0,,36,28.0,77.8,,1.0,,2.0,0,0,3.0,7.0
Genoa vs Inter,Genoa,89520,Mikael Ellertsson,M,89,6.7,,0.0,,,15,12.0,80.0,,,1.0,4.0,0,0,4.0,7.0
Genoa vs Inter,Genoa,25914,Aarón Martín,M,90,7.3,,1.0,,,19,15.0,78.9,1.0,,,,0,0,3.0,4.0
Genoa vs Inter,Genoa,281408,Vitinha,F,78,8,1.0,0.0,1.0,1.0,11,5.0,45.5,1.0,,1.0,3.0,0,0,7.0,17.0
Genoa vs Inter,Genoa,263481,Lorenzo Colombo,F,58,6.2,,0.0,,,15,7.0,46.7,,,1.0,2.0,0,0,5.0,12.0
Genoa vs Inter,Genoa,3430,Caleb Ekuban,F,32,6.7,,0.0,1.0,1.0,2,1.0,50.0,,,1.0,1.0,0,0,3.0,6.0
Genoa vs Inter,Genoa,263177,Albert Grønbæk,M,12,6.7,,0.0,1.0,1.0,2,1.0,50.0,1.0,,,,0,0,1.0,2.0
Genoa vs Inter,Genoa,451504,Jeff Ekhator,F,12,6.5,,0.0,,,0,,,,,1.0,1.0,1,0,1.0,4.0
Genoa vs Inter,Inter,2802,Yann Sommer,G,90,6.9,,0.0,,,36,31.0,86.1,,,,,0,0,,1.0
Genoa vs Inter,Inter,24953,Yann Bisseck,D,90,7.5,1.0,0.0,2.0,1.0,50,43.0,86.0,1.0,2.0,1.0,,1,0,4.0,8.0
Genoa vs Inter,Inter,5,Manuel Akanji,D,90,7,,0.0,,,61,57.0,93.4,1.0,1.0,1.0,1.0,1,0,5.0,7.0
Genoa vs Inter,Inter,31009,Alessandro Bastoni,D,90,7.3,,0.0,,,62,55.0,88.7,7.0,5.0,2.0,,0,0,10.0,13.0
Genoa vs Inter,Inter,10077,Luís Henrique,M,90,6.2,,0.0,,,33,27.0,81.8,,,1.0,,0,0,,3.0
Genoa vs Inter,Inter,30558,Nicolò Barella,M,90,7,,0.0,,,68,57.0,83.8,2.0,,4.0,,1,0,5.0,11.0
Genoa vs Inter,Inter,329,Piotr Zieliński,M,89,6.9,,0.0,,,61,56.0,91.8,,,4.0,2.0,0,0,4.0,10.0
Genoa vs Inter,Inter,348205,Petar Sučić,M,74,6.3,,0.0,,,48,40.0,83.3,4.0,,,,0,0,5.0,10.0
Genoa vs Inter,Inter,10238,Carlos Augusto,M,90,6.9,,0.0,1.0,,40,31.0,77.5,2.0,,3.0,2.0,0,0,8.0,12.0
Genoa vs Inter,Inter,217,Lautaro Martínez,F,84,7.3,1.0,1.0,4.0,4.0,33,26.0,78.8,,,1.0,1.0,0,0,3.0,7.0
Genoa vs Inter,Inter,345808,Francesco Pio Esposito,F,74,6.9,,0.0,2.0,2.0,11,8.0,72.7,,,1.0,4.0,0,0,8.0,12.0
Genoa vs Inter,Inter,1457,Henrikh Mkhitaryan,M,16,6.6,,0.0,,,15,12.0,80.0,1.0,,,,0,0,2.0,4.0
Genoa vs Inter,Inter,21509,Marcus Thuram,F,16,6.3,,0.0,1.0,1.0,8,6.0,75.0,,,2.0,,0,0,1.0,3.0
Genoa vs Inter,Inter,270509,Andy Diouf,M,12,6.6,,0.0,,,3,2.0,66.7,,,,,0,0,1.0,1.0
Bologna vs Juventus,Bologna,31098,Federico Ravaglia,G,90,7.7,,0.0,,,59,45.0,76.3,,,,1.0,0,0,1.0,1.0
Bologna vs Juventus,Bologna,128461,Nadir Zortea,D,73,7.2,,0.0,1.0,,41,34.0,82.9,3.0,1.0,1.0,,0,0,3.0,4.0
Bologna vs Juventus,Bologna,39254,Torbjørn Heggem,D,69,6.2,,0.0,,,36,33.0,91.7,2.0,1.0,1.0,,0,1,3.0,5.0
Bologna vs Juventus,Bologna,1929,Jhon Lucumí,D,81,7.3,,0.0,,,53,47.0,88.7,3.0,3.0,,,0,0,4.0,4.0
Bologna vs Juventus,Bologna,134,Juan Miranda,D,90,6.9,,0.0,,,42,38.0,90.5,1.0,3.0,1.0,,1,0,1.0,3.0
Bologna vs Juventus,Bologna,1322,Nikola Moro,M,73,7.3,,0.0,,,58,53.0,91.4,1.0,,,1.0,0,0,2.0,3.0
Bologna vs Juventus,Bologna,31273,Tommaso Pobega,M,90,6.5,,0.0,1.0,1.0,19,12.0,63.2,3.0,4.0,1.0,,0,0,4.0,7.0
Bologna vs Juventus,Bologna,30488,Riccardo Orsolini,M,90,6.6,,0.0,3.0,2.0,31,22.0,71.0,,,,2.0,0,0,5.0,13.0
Bologna vs Juventus,Bologna,44814,Lewis Ferguson,M,66,6.3,,0.0,,,33,27.0,81.8,,1.0,2.0,1.0,0,0,1.0,5.0
Bologna vs Juventus,Bologna,30438,Nicolò Cambiaghi,M,90,7.2,,0.0,,,23,19.0,82.6,2.0,1.0,,5.0,0,0,8.0,10.0
Bologna vs Juventus,Bologna,93016,Thijs Dallinga,F,66,6.2,,0.0,1.0,,16,8.0,50.0,1.0,,1.0,,0,0,2.0,10.0
Bologna vs Juventus,Bologna,353609,Ibrahim Sulemana,M,24,6.7,,0.0,,,13,13.0,100.0,,,1.0,,1,0,1.0,4.0
Bologna vs Juventus,Bologna,311067,Santiago Castro,F,24,6.7,,0.0,,,4,4.0,100.0,,,1.0,1.0,0,0,1.0,2.0
Bologna vs Juventus,Bologna,47985,Emil Holm,D,17,6.7,,0.0,,,14,10.0,71.4,1.0,2.0,1.0,,0,0,1.0,4.0
Bologna vs Juventus,Bologna,30498,Lorenzo De Silvestri,D,17,7,,0.0,,,7,7.0,100.0,,,,,1,0,1.0,1.0
Bologna vs Juventus,Bologna,873,Federico Bernardeschi,F,9,6.6,,0.0,1.0,1.0,6,5.0,83.3,1.0,,,,0,0,2.0,3.0
Bologna vs Juventus,Juventus,30670,Michele Di Gregorio,G,90,7.7,,0.0,,,26,17.0,65.4,,,,,0,0,1.0,1.0
Bologna vs Juventus,Juventus,162188,Pierre Kalulu,D,90,6.9,,0.0,,,59,54.0,91.5,1.0,,2.0,,0,0,2.0,5.0
Bologna vs Juventus,Juventus,19263,Lloyd Kelly,D,90,7.5,,0.0,,,38,33.0,86.8,4.0,,1.0,,0,0,7.0,11.0
Bologna vs Juventus,Juventus,36899,Teun Koopmeiners,D,76,6.6,,0.0,,,26,23.0,88.5,,,2.0,1.0,1,0,3.0,5.0
Bologna vs Juventus,Juventus,415,Weston McKennie,M,90,6.7,,0.0,2.0,,32,25.0,78.1,,2.0,1.0,,0,0,3.0,9.0
Bologna vs Juventus,Juventus,30533,Manuel Locatelli,M,90,7.9,,0.0,,,81,67.0,82.7,2.0,,,1.0,0,0,5.0,6.0
Bologna vs Juventus,Juventus,116,Khéphren Thuram,M,90,7.5,,0.0,1.0,,47,41.0,87.2,3.0,,2.0,,0,0,5.0,7.0
Bologna vs Juventus,Juventus,127011,Andrea Cambiaso,M,61,7.3,,0.0,,,21,18.0,85.7,2.0,,,1.0,0,0,3.0,3.0
Bologna vs Juventus,Juventus,161585,Francisco Conceição,F,88,6.6,,0.0,1.0,,38,36.0,94.7,,,2.0,1.0,0,0,1.0,6.0
Bologna vs Juventus,Juventus,339883,Kenan Yıldız,F,90,6.9,,1.0,1.0,1.0,40,25.0,62.5,,,,3.0,0,0,4.0,9.0
Bologna vs Juventus,Juventus,8489,Jonathan David,F,61,5.9,,0.0,,,19,15.0,78.9,,,,,0,0,,7.0
Bologna vs Juventus,Juventus,125674,Juan Cabal,D,29,7.6,1.0,0.0,1.0,1.0,8,7.0,87.5,,,,,0,0,1.0,4.0
Bologna vs Juventus,Juventus,86,Loïs Openda,F,29,7.2,,0.0,2.0,1.0,6,5.0,83.3,2.0,,,2.0,0,0,4.0,5.0
Bologna vs Juventus,Juventus,30497,Bremer,D,14,6.7,,0.0,,,7,4.0,57.1,,,1.0,,0,0,,1.0
Bologna vs Juventus,Juventus,181808,Fabio Miretti,M,8,6.7,,0.0,,,1,1.0,100.0,,,,,0,0,,
AS Roma vs Como,AS Roma,556,Mile Svilar,G,90,7.6,,0.0,,,28,21.0,75.0,1.0,,,,0,0,1.0,1.0
AS Roma vs Como,AS Roma,30425,Gianluca Mancini,D,90,7,,0.0,,,35,32.0,91.4,1.0,1.0,2.0,1.0,1,0,3.0,7.0
AS Roma vs Como,AS Roma,1807,Evan Ndicka,D,90,7.3,,0.0,,,46,38.0,82.6,2.0,,1.0,1.0,0,0,6.0,9.0
AS Roma vs Como,AS Roma,2669,Mario Hermoso,D,90,7.2,,0.0,,,59,50.0,84.7,1.0,1.0,2.0,2.0,0,0,4.0,7.0
AS Roma vs Como,AS Roma,349001,Wesley,M,90,8.2,1.0,0.0,2.0,1.0,16,11.0,68.8,5.0,1.0,2.0,1.0,1,0,7.0,14.0
AS Roma vs Como,AS Roma,778,Bryan Cristante,M,90,7.2,,0.0,,,54,45.0,83.3,4.0,,3.0,,0,0,5.0,12.0
AS Roma vs Como,AS Roma,22147,Manu Koné,M,90,7.3,,0.0,,,47,39.0,83.0,3.0,1.0,4.0,,0,0,4.0,8.0
AS Roma vs Como,AS Roma,162452,Devyne Rensch,M,90,7,,0.0,,,30,26.0,86.7,3.0,1.0,,1.0,0,0,4.0,7.0
AS Roma vs Como,AS Roma,323936,Matías Soulé,F,82,6.9,,1.0,,,32,23.0,71.9,1.0,,1.0,,0,0,5.0,15.0
AS Roma vs Como,AS Roma,782,Lorenzo Pellegrini,F,73,6.9,,0.0,2.0,,28,20.0,71.4,,1.0,,2.0,0,0,5.0,9.0
AS Roma vs Como,AS Roma,129643,Evan Ferguson,F,90,6.9,,0.0,3.0,2.0,11,6.0,54.5,,1.0,,,0,0,3.0,8.0
AS Roma vs Como,AS Roma,791,Stephan El Shaarawy,F,17,6.2,,0.0,,,4,4.0,100.0,,1.0,1.0,,1,0,,3.0
AS Roma vs Como,AS Roma,983,Leon Bailey,F,8,6.5,,0.0,1.0,1.0,6,6.0,100.0,,,,,0,0,,
AS Roma vs Como,Como,8574,Jean Butez,G,90,6.9,,0.0,,,44,30.0,68.2,,,,,0,0,,
AS Roma vs Como,Como,14266,Ivan Smolčić,D,79,6.7,,0.0,,,24,18.0,75.0,,1.0,1.0,,0,0,2.0,3.0
AS Roma vs Como,Como,386305,Jacobo Ramón,D,90,7,,0.0,,,33,27.0,81.8,3.0,4.0,,,1,0,4.0,7.0
AS Roma vs Como,Como,26301,Marc-Oliver Kempf,D,90,8.2,,0.0,,,49,42.0,85.7,,,,2.0,0,0,9.0,11.0
AS Roma vs Como,Como,336560,Álex Valle,D,90,6,,0.0,,,43,32.0,74.4,2.0,2.0,2.0,1.0,0,0,4.0,13.0
AS Roma vs Como,Como,659,Maxence Caqueret,M,65,6.7,,0.0,1.0,,32,27.0,84.4,3.0,2.0,1.0,,0,0,3.0,7.0
AS Roma vs Como,Como,162266,Lucas Da Cunha,M,90,6.7,,0.0,,,35,28.0,80.0,2.0,,,1.0,0,0,3.0,7.0
AS Roma vs Como,Como,354533,Jayden Addai,M,65,6.9,,0.0,1.0,,5,3.0,60.0,1.0,1.0,1.0,1.0,1,0,6.0,9.0
AS Roma vs Como,Como,350037,Nico Paz,M,90,6.7,,0.0,1.0,,20,15.0,75.0,2.0,1.0,1.0,2.0,1,0,7.0,11.0
AS Roma vs Como,Como,400948,Assane Diao,M,37,6.6,,0.0,,,5,3.0,60.0,,,,1.0,0,0,2.0,3.0
AS Roma vs Como,Como,295026,Martin Baturina,F,79,7,,0.0,,,20,17.0,85.0,,,1.0,3.0,0,0,4.0,6.0
AS Roma vs Como,Como,26845,Anastasios Douvikas,F,53,5.9,,0.0,,,11,8.0,72.7,,,1.0,2.0,0,0,2.0,10.0
AS Roma vs Como,Como,711,Stefan Posch,D,25,6.9,,0.0,3.0,1.0,19,14.0,73.7,,,,,0,0,2.0,3.0
AS Roma vs Como,Como,443162,Jesús Rodriguez,F,25,6.7,,0.0,,,6,5.0,83.3,2.0,,,,0,0,3.0,7.0
AS Roma vs Como,Como,129119,Ignace Van der Brempt,D,11,6.9,,0.0,,,7,5.0,71.4,,,,1.0,0,0,2.0,3.0
AS Roma vs Como,Como,38753,Nicolas-Gerrit Kühn,F,11,6.3,,0.0,,,5,5.0,100.0,,,,,0,0,,
Lazio vs Cremonese,Lazio,31037,Ivan Provedel,G,90,7,,0.0,,,27,25.0,92.6,,,,,0,0,,
Lazio vs Cremonese,Lazio,1844,Adam Marušić,D,90,7,,0.0,1.0,1.0,68,53.0,77.9,1.0,,1.0,1.0,0,0,5.0,7.0
Lazio vs Cremonese,Lazio,162952,Mario Gila Fuentes,D,90,7.3,,0.0,,,78,75.0,96.2,,1.0,2.0,,1,0,3.0,5.0
Lazio vs Cremonese,Lazio,1632,Alessio Romagnoli,D,90,7,,0.0,,,76,68.0,89.5,,,1.0,1.0,1,0,2.0,4.0
Lazio vs Cremonese,Lazio,30554,Luca Pellegrini,D,82,6.9,,0.0,,,43,36.0,83.7,1.0,,,,0,0,1.0,2.0
Lazio vs Cremonese,Lazio,1454,Mattéo Guendouzi,M,90,7.2,,0.0,1.0,,57,50.0,87.7,1.0,3.0,2.0,3.0,1,0,7.0,10.0
Lazio vs Cremonese,Lazio,1852,Danilo Cataldi,M,90,7.2,,0.0,2.0,,73,61.0,83.6,2.0,,2.0,,0,0,2.0,4.0
Lazio vs Cremonese,Lazio,211,Matías Vecino,M,63,6.5,,0.0,,,29,22.0,75.9,1.0,,1.0,,0,0,1.0,3.0
Lazio vs Cremonese,Lazio,286474,Matteo Cancellieri,F,90,7.5,,0.0,,,32,28.0,87.5,3.0,1.0,1.0,6.0,0,0,11.0,16.0
Lazio vs Cremonese,Lazio,50856,Valentín Castellanos,F,90,6.9,,0.0,1.0,1.0,15,13.0,86.7,1.0,,2.0,3.0,0,0,9.0,16.0
Lazio vs Cremonese,Lazio,2299,Pedro,F,64,6.2,,0.0,,,26,22.0,84.6,1.0,,1.0,2.0,1,0,3.0,7.0
Lazio vs Cremonese,Lazio,333116,Reda Belahyane,M,27,6.6,,0.0,,,9,5.0,55.6,,,,,0,0,1.0,1.0
Lazio vs Cremonese,Lazio,133729,Tijjani Noslin,F,26,6.6,,0.0,2.0,,15,14.0,93.3,1.0,,,1.0,0,0,3.0,4.0
Lazio vs Cremonese,Lazio,30866,Manuel Lazzari,M,8,6.9,,0.0,,,6,6.0,100.0,,,,1.0,0,0,2.0,2.0
Lazio vs Cremonese,Cremonese,30441,Emil Audero,G,90,7.2,,0.0,,,46,34.0,73.9,,,,1.0,0,0,1.0,1.0
Lazio vs Cremonese,Cremonese,264472,Filippo Terracciano,D,90,6.9,,0.0,,,60,55.0,91.7,,,,,0,0,,3.0
Lazio vs Cremonese,Cremonese,127035,Federico Baschirotto,D,90,6.9,,0.0,,,60,54.0,90.0,,,3.0,,0,0,1.0,5.0
Lazio vs Cremonese,Cremonese,385788,Francesco Folino,D,69,6.6,,0.0,,,41,32.0,78.0,1.0,,4.0,1.0,0,0,5.0,10.0
Lazio vs Cremonese,Cremonese,126980,Tommaso Barbieri,M,88,6.3,,0.0,,,34,30.0,88.2,1.0,1.0,3.0,1.0,1,0,5.0,13.0
Lazio vs Cremonese,Cremonese,266813,Warren Bondo,M,90,7,,0.0,,,36,31.0,86.1,1.0,,1.0,2.0,0,0,4.0,6.0
Lazio vs Cremonese,Cremonese,31021,Alberto Grassi,M,69,6.9,,0.0,,,30,25.0,83.3,1.0,2.0,,1.0,1,0,4.0,6.0
Lazio vs Cremonese,Cremonese,36986,Dennis Johnsen,M,76,6.2,,0.0,,,17,7.0,41.2,1.0,,1.0,,0,0,2.0,11.0
Lazio vs Cremonese,Cremonese,30775,Giuseppe Pezzella,M,90,6.5,,0.0,,,21,15.0,71.4,1.0,,5.0,1.0,1,0,3.0,11.0
Lazio vs Cremonese,Cremonese,31436,Federico Bonazzoli,F,76,6.9,,0.0,3.0,1.0,17,14.0,82.4,,,1.0,1.0,0,0,1.0,2.0
Lazio vs Cremonese,Cremonese,18788,Jamie Vardy,F,90,6.2,,0.0,1.0,,10,7.0,70.0,,,1.0,1.0,0,0,1.0,5.0
Lazio vs Cremonese,Cremonese,30397,Federico Ceccherini,D,25,6.3,,0.0,1.0,,10,8.0,80.0,,,1.0,,0,1,,1.0
Lazio vs Cremonese,Cremonese,31211,Jari Vandeputte,M,21,6.9,,0.0,,,20,16.0,80.0,1.0,,,,0,0,1.0,1.0
Lazio vs Cremonese,Cremonese,31219,Alessio Zerbin,F,14,6.3,,0.0,,,5,2.0,40.0,1.0,,1.0,,0,0,1.0,4.0
Lazio vs Cremonese,Cremonese,2522,Antonio Sanabria,F,14,6.9,,0.0,1.0,1.0,4,4.0,100.0,,,,2.0,0,0,2.0,2.0
Lazio vs Cremonese,Cremonese,342651,Romano Floriani Mussolini,D,9,6.7,,0.0,,,1,,,,,,,0,0,,
Juventus vs AS Roma,Juventus,30670,Michele Di Gregorio,G,90,6.7,,0.0,,,23,13.0,56.5,,,,,0,0,,
Juventus vs AS Roma,Juventus,162188,Pierre Kalulu,D,90,6.9,,0.0,,,36,29.0,80.6,2.0,,1.0,1.0,0,0,6.0,9.0
Juventus vs AS Roma,Juventus,30497,Bremer,D,61,7.3,,0.0,,,25,22.0,88.0,2.0,1.0,2.0,,0,0,4.0,7.0
Juventus vs AS Roma,Juventus,19263,Lloyd Kelly,D,90,6.7,,0.0,,,45,38.0,84.4,2.0,,2.0,,0,0,6.0,9.0
Juventus vs AS Roma,Juventus,415,Weston McKennie,M,90,7.9,,1.0,1.0,1.0,22,19.0,86.4,2.0,1.0,3.0,,1,0,6.0,11.0
Juventus vs AS Roma,Juventus,30533,Manuel Locatelli,M,90,7.2,,0.0,1.0,1.0,56,49.0,87.5,5.0,1.0,2.0,,0,0,5.0,10.0
Juventus vs AS Roma,Juventus,116,Khéphren Thuram,M,90,6.9,,0.0,3.0,2.0,48,38.0,79.2,1.0,,,,0,0,4.0,8.0
Juventus vs AS Roma,Juventus,127011,Andrea Cambiaso,M,89,7.3,,1.0,1.0,1.0,43,33.0,76.7,5.0,,,1.0,0,0,7.0,9.0
Juventus vs AS Roma,Juventus,161585,Francisco Conceição,F,61,7.3,1.0,0.0,3.0,3.0,18,16.0,88.9,2.0,,2.0,,1,0,5.0,11.0
Juventus vs AS Roma,Juventus,339883,Kenan Yıldız,F,89,7.9,,0.0,2.0,,45,35.0,77.8,1.0,2.0,1.0,5.0,0,0,7.0,15.0
Juventus vs AS Roma,Juventus,86,Loïs Openda,F,82,7.5,1.0,0.0,1.0,1.0,17,13.0,76.5,2.0,,,3.0,0,0,5.0,12.0
Juventus vs AS Roma,Juventus,861,Daniele Rugani,D,29,5.9,,0.0,,,3,2.0,66.7,1.0,,,,0,0,2.0,3.0
Juventus vs AS Roma,Juventus,48392,Edon Zhegrova,F,29,6.3,,0.0,,,10,8.0,80.0,,,,1.0,0,0,3.0,8.0
Juventus vs AS Roma,Juventus,8489,Jonathan David,F,8,6.7,,0.0,,,4,4.0,100.0,,,1.0,1.0,0,0,1.0,2.0
Juventus vs AS Roma,AS Roma,556,Mile Svilar,G,90,7,,0.0,,,25,18.0,72.0,,,,,0,0,,
Juventus vs AS Roma,AS Roma,30425,Gianluca Mancini,D,90,6.2,,0.0,1.0,,45,42.0,93.3,3.0,1.0,5.0,1.0,0,0,7.0,11.0
Juventus vs AS Roma,AS Roma,384543,Jan Ziółkowski,D,90,6.3,,0.0,,,58,52.0,89.7,3.0,,1.0,1.0,0,0,6.0,12.0
Juventus vs AS Roma,AS Roma,162452,Devyne Rensch,D,90,6.9,,0.0,,,66,62.0,93.9,1.0,1.0,,1.0,0,0,3.0,4.0
Juventus vs AS Roma,AS Roma,22222,Zeki Çelik,M,90,6.3,,0.0,,,56,51.0,91.1,,,2.0,1.0,0,0,4.0,8.0
Juventus vs AS Roma,AS Roma,778,Bryan Cristante,M,90,6.7,,0.0,,,73,64.0,87.7,4.0,1.0,1.0,,1,0,5.0,16.0
Juventus vs AS Roma,AS Roma,22147,Manu Koné,M,90,7.2,,0.0,,,64,64.0,100.0,5.0,1.0,2.0,1.0,1,0,7.0,15.0
Juventus vs AS Roma,AS Roma,349001,Wesley,M,90,7.3,,0.0,,,52,39.0,75.0,3.0,2.0,1.0,5.0,0,0,11.0,17.0
Juventus vs AS Roma,AS Roma,323936,Matías Soulé,F,56,5.9,,0.0,,,22,20.0,90.9,,,1.0,,1,0,,9.0
Juventus vs AS Roma,AS Roma,782,Lorenzo Pellegrini,F,53,6.3,,0.0,3.0,1.0,34,25.0,73.5,,1.0,,,0,0,3.0,7.0
Juventus vs AS Roma,AS Roma,875,Paulo Dybala,F,56,5.7,,0.0,2.0,1.0,19,17.0,89.5,1.0,,,2.0,0,0,3.0,6.0
Juventus vs AS Roma,AS Roma,983,Leon Bailey,F,20,6.5,,0.0,,,6,4.0,66.7,,,,,0,0,,
Juventus vs AS Roma,AS Roma,288769,Tommaso Baldanzi,M,34,7,1.0,0.0,2.0,1.0,19,18.0,94.7,,1.0,,2.0,0,0,2.0,3.0
Juventus vs AS Roma,AS Roma,129643,Evan Ferguson,F,34,5.9,,0.0,2.0,2.0,11,7.0,63.6,,,,,0,0,2.0,6.0
Juventus vs AS Roma,AS Roma,791,Stephan El Shaarawy,F,17,6.6,,0.0,,,25,22.0,88.0,,,,,0,0,,
Cagliari vs Pisa,Cagliari,30731,Elia Caprile,G,90,7.2,,0.0,,,35,24.0,68.6,,,,,0,0,,
Cagliari vs Pisa,Cagliari,383018,Marco Palestra,D,90,6.7,,0.0,,,37,30.0,81.1,,,1.0,3.0,0,0,5.0,7.0
Cagliari vs Pisa,Cagliari,2484,Yerry Mina,D,90,6.7,,0.0,,,51,47.0,92.2,3.0,,2.0,2.0,1,0,8.0,13.0
Cagliari vs Pisa,Cagliari,415155,Juan Rodriguez,D,90,6.9,,0.0,,,36,28.0,77.8,3.0,1.0,1.0,2.0,0,0,5.0,7.0
Cagliari vs Pisa,Cagliari,321744,Adam Obert,D,45,6.2,,0.0,,,27,20.0,74.1,,,1.0,,0,0,1.0,6.0
Cagliari vs Pisa,Cagliari,30505,Michel Adopo,M,55,6.5,,0.0,1.0,1.0,21,17.0,81.0,2.0,2.0,2.0,1.0,1,0,3.0,6.0
Cagliari vs Pisa,Cagliari,30561,Alessandro Deiola,M,90,6.6,,0.0,,,46,38.0,82.6,2.0,2.0,1.0,1.0,0,0,3.0,7.0
Cagliari vs Pisa,Cagliari,56851,Michael Folorunsho,M,63,7.6,1.0,0.0,1.0,1.0,19,15.0,78.9,,,1.0,2.0,0,0,7.0,12.0
Cagliari vs Pisa,Cagliari,325,Gianluca Gaetano,M,83,7.2,,1.0,2.0,,35,28.0,80.0,1.0,,1.0,1.0,0,0,4.0,9.0
Cagliari vs Pisa,Cagliari,215,Sebastiano Esposito,M,90,7,,0.0,1.0,,31,24.0,77.4,2.0,,1.0,3.0,1,0,8.0,10.0
Cagliari vs Pisa,Cagliari,336567,Semih Kılıçsoy,F,82,7,1.0,0.0,3.0,2.0,17,13.0,76.5,,,2.0,1.0,0,0,2.0,12.0
Cagliari vs Pisa,Cagliari,383026,Riyad Idrissi,D,45,6.2,,0.0,,,15,13.0,86.7,,,,,0,0,,3.0
Cagliari vs Pisa,Cagliari,200,Gabriele Zappa,D,35,6.9,,1.0,,,10,9.0,90.0,1.0,,,,0,0,1.0,2.0
Cagliari vs Pisa,Cagliari,30780,Luca Mazzitelli,M,27,6.9,,0.0,1.0,1.0,11,6.0,54.5,1.0,,2.0,1.0,0,0,4.0,6.0
Cagliari vs Pisa,Cagliari,31499,Gennaro Borrelli,F,8,6.7,,0.0,,,7,1.0,14.3,,,,1.0,0,0,3.0,3.0
Cagliari vs Pisa,Cagliari,329550,Nicolò Cavuoti,M,14,7.2,,0.0,,,3,2.0,66.7,,,,1.0,0,0,2.0,2.0
Cagliari vs Pisa,Pisa,30733,Adrian Šemper,G,90,6.5,,0.0,,,31,19.0,61.3,,,,,0,0,1.0,1.0
Cagliari vs Pisa,Pisa,91503,Simone Canestrelli,D,90,6.6,,0.0,1.0,,31,24.0,77.4,,1.0,1.0,2.0,0,0,4.0,5.0
Cagliari vs Pisa,Pisa,31604,Antonio Caracciolo,D,90,5.9,,0.0,1.0,,25,21.0,84.0,3.0,2.0,2.0,,0,0,5.0,13.0
Cagliari vs Pisa,Pisa,341838,Giovanni Bonfanti,D,74,6.2,,0.0,1.0,,18,12.0,66.7,1.0,2.0,4.0,1.0,1,0,5.0,10.0
Cagliari vs Pisa,Pisa,56293,Idrissa Touré,M,82,6.3,,0.0,,,20,10.0,50.0,5.0,,1.0,,0,0,11.0,19.0
Cagliari vs Pisa,Pisa,325387,Gabriele Piccinini,M,74,6.2,,0.0,1.0,,11,8.0,72.7,,,,,0,0,1.0,3.0
Cagliari vs Pisa,Pisa,951,Michel Aebischer,M,90,6.9,,0.0,,,39,29.0,74.4,2.0,1.0,2.0,,0,0,2.0,8.0
Cagliari vs Pisa,Pisa,15723,Malthe Højholt,M,73,6.2,,0.0,1.0,,17,16.0,94.1,,1.0,2.0,2.0,0,0,2.0,6.0
Cagliari vs Pisa,Pisa,302069,Samuele Angori,M,90,7.9,,0.0,,,16,11.0,68.8,1.0,2.0,3.0,3.0,0,0,6.0,9.0
Cagliari vs Pisa,Pisa,331678,Henrik Wendel Meister,F,90,6.5,,0.0,1.0,,10,6.0,60.0,1.0,,1.0,1.0,0,0,3.0,9.0
Cagliari vs Pisa,Pisa,20959,Matteo Tramoni,F,82,7.5,1.0,0.0,2.0,2.0,9,5.0,55.6,1.0,1.0,1.0,2.0,0,0,4.0,9.0
Cagliari vs Pisa,Pisa,364600,Isak Vural,M,17,6.9,,0.0,,,10,9.0,90.0,,1.0,,2.0,0,0,2.0,2.0
Cagliari vs Pisa,Pisa,30469,Arturo Calabresi,D,16,6.6,,0.0,,,12,11.0,91.7,,,1.0,,1,0,,2.0
Cagliari vs Pisa,Pisa,31560,Stefano Moreo,F,16,7.3,1.0,0.0,1.0,1.0,5,3.0,60.0,,,2.0,,0,0,2.0,5.0
Cagliari vs Pisa,Pisa,403300,Lorran,M,8,6.3,,0.0,1.0,,4,4.0,100.0,,,,1.0,0,0,1.0,4.0
Cagliari vs Pisa,Pisa,30753,Mehdi Léris,M,8,7,,1.0,,,6,6.0,100.0,,,,,0,0,,
Sassuolo vs Torino,Sassuolo,616,Arijanet Murić,G,90,7.3,,0.0,,,36,24.0,66.7,,,,1.0,0,0,1.0,1.0
Sassuolo vs Torino,Sassuolo,40582,Sebastian Walukiewicz,D,90,6.3,,0.0,1.0,,67,58.0,86.6,,,1.0,1.0,1,0,1.0,4.0
Sassuolo vs Torino,Sassuolo,37651,Jay Idzes,D,90,6,,0.0,,,48,41.0,85.4,1.0,3.0,4.0,,1,0,4.0,13.0
Sassuolo vs Torino,Sassuolo,271350,Tarik Muharemović,D,90,6.7,,0.0,,,60,52.0,86.7,1.0,3.0,1.0,1.0,0,0,6.0,12.0
Sassuolo vs Torino,Sassuolo,135526,Josh Doig,D,78,5.3,,0.0,1.0,,34,27.0,79.4,,1.0,1.0,,0,0,2.0,6.0
Sassuolo vs Torino,Sassuolo,127413,Aster Vranckx,M,63,6.9,,0.0,,,22,16.0,72.7,,,,2.0,0,0,5.0,6.0
Sassuolo vs Torino,Sassuolo,902,Nemanja Matić,M,90,6.9,,0.0,,,64,54.0,84.4,1.0,,3.0,3.0,1,0,4.0,10.0
Sassuolo vs Torino,Sassuolo,328046,Ismael Koné,M,90,7.3,,0.0,,,30,26.0,86.7,,1.0,1.0,1.0,0,0,2.0,6.0
Sassuolo vs Torino,Sassuolo,342035,Cristian Volpato,F,78,6.7,,0.0,2.0,1.0,26,22.0,84.6,1.0,,1.0,2.0,0,0,4.0,9.0
Sassuolo vs Torino,Sassuolo,128478,Walid Cheddira,F,63,6.2,,0.0,1.0,,21,13.0,61.9,,,1.0,2.0,0,0,4.0,10.0
Sassuolo vs Torino,Sassuolo,2215,Armand Laurienté,F,79,6.3,,0.0,,,18,17.0,94.4,,1.0,2.0,1.0,0,0,1.0,10.0
Sassuolo vs Torino,Sassuolo,343562,Luca Lipani,M,27,6.3,,0.0,1.0,,14,10.0,71.4,1.0,,,,0,0,2.0,4.0
Sassuolo vs Torino,Sassuolo,31440,Luca Moro,F,27,6.3,,0.0,,,5,5.0,100.0,1.0,,,1.0,0,0,2.0,6.0
Sassuolo vs Torino,Sassuolo,41371,Fali Candé,D,12,6.9,,0.0,,,10,5.0,50.0,,,,,0,0,2.0,3.0
Sassuolo vs Torino,Sassuolo,263699,Alieu Fadera,F,12,6.3,,0.0,,,2,1.0,50.0,,,,,0,0,,1.0
Sassuolo vs Torino,Sassuolo,30849,Nicholas Pierini,F,11,6.5,,0.0,,,5,5.0,100.0,,,,,0,0,,2.0
Sassuolo vs Torino,Torino,30642,Alberto Paleari,G,90,6.7,,0.0,,,34,18.0,52.9,,,,,0,0,,
Sassuolo vs Torino,Torino,22174,Adrien Tameze,D,88,7.5,,0.0,,,48,37.0,77.1,5.0,3.0,1.0,,0,0,8.0,10.0
Sassuolo vs Torino,Torino,2553,Guillermo Maripán,D,90,7.9,,0.0,1.0,1.0,50,43.0,86.0,3.0,1.0,,1.0,0,0,5.0,6.0
Sassuolo vs Torino,Torino,14329,Ardian Ismajli,D,90,7,,0.0,,,53,50.0,94.3,,1.0,3.0,2.0,0,0,6.0,11.0
Sassuolo vs Torino,Torino,39362,Marcus Pedersen,M,90,6.3,,0.0,,,34,22.0,64.7,2.0,2.0,1.0,,0,0,2.0,6.0
Sassuolo vs Torino,Torino,842,Nikola Vlašić,M,90,7.2,1.0,0.0,2.0,1.0,31,25.0,80.6,3.0,,4.0,2.0,0,0,7.0,12.0
Sassuolo vs Torino,Torino,343189,Gvidas Gineitis,M,58,7,,0.0,1.0,,12,7.0,58.3,3.0,1.0,1.0,2.0,0,0,6.0,9.0
Sassuolo vs Torino,Torino,275776,Kristjan Asllani,M,88,6.6,,0.0,1.0,,43,34.0,79.1,1.0,,,1.0,0,0,2.0,4.0
Sassuolo vs Torino,Torino,25353,Valentino Lazaro,M,90,6.6,,0.0,,,29,22.0,75.9,2.0,,2.0,,0,0,4.0,7.0
Sassuolo vs Torino,Torino,19524,Che Adams,F,85,6.6,,0.0,,,25,19.0,76.0,1.0,,1.0,,0,0,5.0,9.0
Sassuolo vs Torino,Torino,2495,Duván Zapata,F,58,6.5,,0.0,1.0,,15,10.0,66.7,,,2.0,3.0,0,0,6.0,13.0
Sassuolo vs Torino,Torino,46170,Ivan Ilić,M,32,7,,0.0,,,11,8.0,72.7,2.0,,1.0,1.0,1,0,5.0,6.0
Sassuolo vs Torino,Torino,30414,Giovanni Simeone,F,32,7.3,,0.0,1.0,1.0,8,8.0,100.0,,,,2.0,0,0,4.0,5.0
Sassuolo vs Torino,Torino,85,Cyril Ngonge,F,10,6.9,,0.0,1.0,1.0,3,2.0,66.7,,,,,0,0,,1.0
Sassuolo vs Torino,Torino,30396,Cristiano Biraghi,D,2,,,0.0,,,0,,,,,,,0,0,2.0,2.0
Sassuolo vs Torino,Torino,270507,Cesare Casadei,M,2,,,0.0,1.0,1.0,2,1.0,50.0,,,1.0,,0,0,1.0,2.0
Fiorentina vs Udinese,Fiorentina,882,David De Gea,G,90,6.3,,0.0,,,27,21.0,77.8,,,,,0,0,,
Fiorentina vs Udinese,Fiorentina,41144,Dodô,D,90,7.9,,1.0,,,53,48.0,90.6,1.0,,,,0,0,3.0,4.0
Fiorentina vs Udinese,Fiorentina,396637,Pietro Comuzzo,D,82,7.5,,0.0,,,77,72.0,93.5,3.0,1.0,1.0,,0,0,5.0,7.0
Fiorentina vs Udinese,Fiorentina,1084,Marin Pongračić,D,90,6.9,,0.0,,,100,96.0,96.0,1.0,1.0,1.0,,0,0,2.0,6.0
Fiorentina vs Udinese,Fiorentina,31642,Luca Ranieri,D,90,6.3,,0.0,,,59,52.0,88.1,,,1.0,2.0,1,0,2.0,6.0
Fiorentina vs Udinese,Fiorentina,136087,Fabiano Parisi,M,71,7.7,,1.0,1.0,,27,23.0,85.2,2.0,,2.0,2.0,1,0,9.0,17.0
Fiorentina vs Udinese,Fiorentina,30810,Rolando Mandragora,M,53,7.6,1.0,0.0,4.0,1.0,26,22.0,84.6,,,,,0,0,1.0,2.0
Fiorentina vs Udinese,Fiorentina,876,Nicolò Fagioli,M,82,7.9,,2.0,1.0,,54,50.0,92.6,,,1.0,1.0,0,0,1.0,5.0
Fiorentina vs Udinese,Fiorentina,311083,Cher Ndour,M,90,7.7,1.0,0.0,1.0,1.0,49,43.0,87.8,2.0,1.0,1.0,,0,0,6.0,11.0
Fiorentina vs Udinese,Fiorentina,877,Moise Kean,F,71,8.3,2.0,0.0,6.0,3.0,6,5.0,83.3,,,1.0,1.0,0,0,2.0,4.0
Fiorentina vs Udinese,Fiorentina,2799,Albert Guðmundsson,F,90,7.9,1.0,0.0,3.0,2.0,57,51.0,89.5,,,,,0,0,1.0,3.0
Fiorentina vs Udinese,Fiorentina,437093,Niccolò Fortini,D,37,6.7,,0.0,,,23,22.0,95.7,2.0,,1.0,2.0,0,0,5.0,7.0
Fiorentina vs Udinese,Fiorentina,30440,Roberto Piccoli,F,19,6.2,,0.0,1.0,,3,1.0,33.3,,,,,0,0,1.0,5.0
Fiorentina vs Udinese,Fiorentina,30789,Christian Kouamé,F,19,6.5,,0.0,,,11,10.0,90.9,,,,,0,0,,1.0
Fiorentina vs Udinese,Fiorentina,180510,Mattia Viti,D,8,6.7,,0.0,,,7,5.0,71.4,,,,,0,0,1.0,2.0
Fiorentina vs Udinese,Fiorentina,881,Hans Nicolussi Caviglia,M,8,6.9,,0.0,,,11,11.0,100.0,,,1.0,,1,0,,2.0
Fiorentina vs Udinese,Udinese,143648,Maduka Okoye,G,7,3,,0.0,,,5,5.0,100.0,,,1.0,,0,1,,1.0
Fiorentina vs Udinese,Udinese,281495,Thomas Kristensen,D,90,6.2,,0.0,1.0,1.0,38,30.0,78.9,1.0,,,1.0,0,0,4.0,7.0
Fiorentina vs Udinese,Udinese,18797,Christian Kabasele,D,11,6.7,,0.0,1.0,1.0,3,2.0,66.7,,,,,0,0,,
Fiorentina vs Udinese,Udinese,656,Oumar Solet,D,90,6.5,1.0,0.0,4.0,1.0,55,46.0,83.6,2.0,4.0,1.0,,0,0,5.0,10.0
Fiorentina vs Udinese,Udinese,162907,Alessandro Zanoli,M,45,6.2,,0.0,,,25,22.0,88.0,,1.0,1.0,,1,0,,1.0
Fiorentina vs Udinese,Udinese,48047,Jesper Karlström,M,90,6.3,,0.0,,,42,33.0,78.6,,,,1.0,0,0,1.0,3.0
Fiorentina vs Udinese,Udinese,1939,Jakub Piotrowski,M,90,6.6,,1.0,,,36,29.0,80.6,1.0,2.0,3.0,3.0,0,0,7.0,14.0
Fiorentina vs Udinese,Udinese,315249,Nicolò Bertola,M,90,6.9,,0.0,1.0,,18,17.0,94.4,3.0,,1.0,1.0,0,0,4.0,9.0
Fiorentina vs Udinese,Udinese,786,Nicolò Zaniolo,F,45,6.6,,0.0,1.0,,18,16.0,88.9,,,,,0,0,1.0,2.0
Fiorentina vs Udinese,Udinese,541,Jürgen Ekkelenkamp,F,65,6.5,,0.0,,,19,11.0,57.9,1.0,,1.0,,0,0,3.0,6.0
Fiorentina vs Udinese,Udinese,19185,Keinan Davis,F,65,6.3,,0.0,,,11,9.0,81.8,,,,,0,0,1.0,7.0
Fiorentina vs Udinese,Udinese,197830,Răzvan Sava,G,79,6,,0.0,,,21,15.0,71.4,,,,,0,0,,
Fiorentina vs Udinese,Udinese,22007,Hassane Kamara,D,45,6.3,,0.0,1.0,1.0,19,17.0,89.5,,2.0,,,0,0,5.0,5.0
Fiorentina vs Udinese,Udinese,7591,Sandi Lovrić,M,45,6.5,,0.0,,,18,16.0,88.9,2.0,1.0,,1.0,0,0,5.0,9.0
Fiorentina vs Udinese,Udinese,434410,Idrissa Gueye,F,25,6.6,,0.0,,,1,1.0,100.0,,,,2.0,0,0,3.0,3.0
Fiorentina vs Udinese,Udinese,40594,Adam Buksa,F,25,6.6,,0.0,,,5,2.0,40.0,,,,1.0,0,0,4.0,5.0
Genoa vs Atalanta,Genoa,31631,Nicola Leali,G,3,3,,0.0,,,2,1.0,50.0,,,1.0,,0,1,,1.0
Genoa vs Atalanta,Genoa,281826,Alessandro Marcandalli,D,90,6.6,,0.0,,,20,14.0,70.0,3.0,,,1.0,0,0,6.0,8.0
Genoa vs Atalanta,Genoa,387128,Sebastian Otoa,D,90,7.3,,0.0,,,12,10.0,83.3,3.0,1.0,,3.0,0,0,7.0,7.0
Genoa vs Atalanta,Genoa,35544,Johan Vásquez,D,90,7,,0.0,1.0,1.0,26,22.0,84.6,3.0,,,3.0,0,0,7.0,13.0
Genoa vs Atalanta,Genoa,284570,Brooke Norton-Cuffy,M,90,7.2,,0.0,,,16,13.0,81.2,1.0,1.0,1.0,,0,0,4.0,9.0
Genoa vs Atalanta,Genoa,1938,Ruslan Malinovskyi,M,67,6.5,,0.0,,,29,20.0,69.0,1.0,,1.0,2.0,0,0,5.0,8.0
Genoa vs Atalanta,Genoa,15881,Morten Frendrup,M,90,7,,0.0,,,27,23.0,85.2,1.0,3.0,1.0,3.0,0,0,6.0,9.0
Genoa vs Atalanta,Genoa,89520,Mikael Ellertsson,M,90,7.2,,0.0,,,16,14.0,87.5,2.0,1.0,,2.0,0,0,4.0,6.0
Genoa vs Atalanta,Genoa,25914,Aarón Martín,M,5,,,0.0,,,0,,,,,,,0,0,,
Genoa vs Atalanta,Genoa,281408,Vitinha,F,83,5.9,,0.0,3.0,1.0,13,8.0,61.5,1.0,1.0,3.0,,0,0,7.0,24.0
Genoa vs Atalanta,Genoa,3430,Caleb Ekuban,F,67,6.2,,0.0,1.0,,6,6.0,100.0,,,1.0,3.0,0,0,3.0,9.0
Genoa vs Atalanta,Genoa,31445,Daniele Sommariva,G,85,7,,0.0,,,39,21.0,53.8,,,,,0,0,,
Genoa vs Atalanta,Genoa,36980,Morten Thorsby,M,23,6.2,,0.0,,,4,3.0,75.0,,,2.0,,1,0,,4.0
Genoa vs Atalanta,Genoa,263481,Lorenzo Colombo,F,23,6.5,,0.0,1.0,1.0,7,5.0,71.4,1.0,,,1.0,0,0,2.0,4.0
Genoa vs Atalanta,Genoa,281096,Patrizio Masini,M,13,6.3,,0.0,,,3,1.0,33.3,,,1.0,1.0,0,0,2.0,3.0
Genoa vs Atalanta,Atalanta,30417,Marco Carnesecchi,G,90,7.2,,0.0,,,11,7.0,63.6,,,,1.0,0,0,1.0,1.0
Genoa vs Atalanta,Atalanta,30432,Marten de Roon,D,90,7.3,,0.0,,,97,87.0,89.7,6.0,2.0,1.0,2.0,0,0,11.0,15.0
Genoa vs Atalanta,Atalanta,137976,Isak Hien,D,90,8.2,1.0,0.0,1.0,1.0,58,58.0,100.0,2.0,3.0,3.0,,0,0,3.0,7.0
Genoa vs Atalanta,Atalanta,1442,Sead Kolašinac,D,82,7.3,,0.0,1.0,,67,61.0,91.0,2.0,,,2.0,0,0,7.0,10.0
Genoa vs Atalanta,Atalanta,2286,Davide Zappacosta,M,69,7.2,,0.0,,,44,42.0,95.5,2.0,1.0,,,0,0,3.0,3.0
Genoa vs Atalanta,Atalanta,162106,Yunus Musah,M,90,7.3,,0.0,1.0,,57,53.0,93.0,3.0,1.0,1.0,1.0,0,0,9.0,14.0
Genoa vs Atalanta,Atalanta,10097,Éderson,M,82,6.5,,0.0,2.0,1.0,59,56.0,94.9,2.0,1.0,5.0,,0,0,2.0,12.0
Genoa vs Atalanta,Atalanta,264857,Lorenzo Bernasconi,M,69,7.2,,0.0,,,33,29.0,87.9,1.0,,,1.0,0,0,3.0,4.0
Genoa vs Atalanta,Atalanta,147859,Charles De Ketelaere,F,90,6.5,,0.0,2.0,1.0,41,32.0,78.0,1.0,,1.0,,0,0,3.0,12.0
Genoa vs Atalanta,Atalanta,134926,Daniel Maldini,F,57,7.2,,0.0,1.0,,23,20.0,87.0,1.0,,2.0,3.0,0,0,5.0,8.0
Genoa vs Atalanta,Atalanta,30544,Gianluca Scamacca,F,90,5.3,,0.0,3.0,,8,5.0,62.5,,1.0,3.0,,0,0,,6.0
Genoa vs Atalanta,Atalanta,178749,Lazar Samardžić,M,33,6.6,,0.0,,,19,13.0,68.4,1.0,1.0,2.0,,1,0,3.0,7.0
Genoa vs Atalanta,Atalanta,203474,Nicola Zalewski,M,21,7.3,,1.0,1.0,1.0,11,11.0,100.0,,,1.0,,1,0,,1.0
Genoa vs Atalanta,Atalanta,199837,Kamaldeen Sulemana,F,21,6.2,,0.0,,,10,8.0,80.0,,,,,0,0,1.0,4.0
Genoa vs Atalanta,Atalanta,1639,Marco Brescianini,M,8,6.6,,0.0,,,4,4.0,100.0,,,,,0,0,,
Genoa vs Atalanta,Atalanta,66817,Nikola Krstović,F,8,6.5,,0.0,1.0,,0,,,,,,,0,0,1.0,1.0
Parma vs Fiorentina,Parma,180762,Edoardo Corvi,G,90,7.6,,0.0,,,29,20.0,69.0,,,,1.0,1,0,1.0,1.0
Parma vs Fiorentina,Parma,499380,Sascha Britschgi,D,90,6.9,,0.0,1.0,,26,17.0,65.4,,1.0,1.0,,0,0,2.0,6.0
Parma vs Fiorentina,Parma,348568,Alessandro Circati,D,90,7.6,,0.0,,,39,38.0,97.4,2.0,1.0,1.0,1.0,1,0,6.0,15.0
Parma vs Fiorentina,Parma,6221,Lautaro Valenti,D,90,7.6,,0.0,,,40,31.0,77.5,2.0,1.0,1.0,2.0,0,0,5.0,7.0
Parma vs Fiorentina,Parma,91358,Emanuele Valeri,D,90,7.5,,0.0,,,23,18.0,78.3,1.0,1.0,1.0,1.0,0,0,3.0,6.0
Parma vs Fiorentina,Parma,628,Adrián Bernabé,M,81,7.5,,0.0,,,37,32.0,86.5,3.0,,,3.0,0,0,6.0,8.0
Parma vs Fiorentina,Parma,308836,Mandela Keita,M,89,7,,0.0,,,47,46.0,97.9,3.0,,,,0,0,5.0,10.0
Parma vs Fiorentina,Parma,161569,Oliver Sørensen,M,90,7.2,1.0,0.0,2.0,1.0,22,16.0,72.7,,3.0,1.0,,0,0,1.0,4.0
Parma vs Fiorentina,Parma,40592,Adrian Benedyczak,F,68,7,,0.0,,,14,10.0,71.4,1.0,,,1.0,0,0,4.0,5.0
Parma vs Fiorentina,Parma,292172,Mateo Pellegrino,F,89,6.9,,1.0,3.0,,17,10.0,58.8,1.0,,5.0,2.0,0,0,10.0,26.0
Parma vs Fiorentina,Parma,191979,Jacob Ondrejka,F,68,6.7,,0.0,3.0,1.0,16,13.0,81.2,1.0,,,,0,0,1.0,3.0
Parma vs Fiorentina,Parma,6409,Nahuel Estévez,M,22,6.9,,0.0,,,8,7.0,87.5,,,,1.0,0,0,2.0,2.0
Parma vs Fiorentina,Parma,161859,Gaetano Oristanio,M,22,6.9,,0.0,1.0,,3,1.0,33.3,1.0,,,1.0,0,0,3.0,4.0
Parma vs Fiorentina,Parma,362752,Christian Ordoñez,M,9,6.7,,0.0,,,1,,,1.0,,,,0,0,1.0,1.0
Parma vs Fiorentina,Fiorentina,882,David De Gea,G,90,6.9,,0.0,,,31,26.0,83.9,,,,,0,0,,1.0
Parma vs Fiorentina,Fiorentina,41144,Dodô,D,90,7.2,,0.0,1.0,,39,34.0,87.2,2.0,1.0,,1.0,0,0,6.0,9.0
Parma vs Fiorentina,Fiorentina,396637,Pietro Comuzzo,D,86,7.2,,0.0,2.0,1.0,49,46.0,93.9,4.0,,,,0,0,6.0,8.0
Parma vs Fiorentina,Fiorentina,1084,Marin Pongračić,D,90,7,,0.0,,,80,72.0,90.0,1.0,1.0,2.0,,1,0,4.0,7.0
Parma vs Fiorentina,Fiorentina,136087,Fabiano Parisi,M,76,7.3,,0.0,,,34,29.0,85.3,1.0,2.0,2.0,,0,0,4.0,8.0
Parma vs Fiorentina,Fiorentina,30810,Rolando Mandragora,M,63,6.7,,0.0,2.0,,18,16.0,88.9,,,1.0,2.0,1,0,3.0,5.0
Parma vs Fiorentina,Fiorentina,876,Nicolò Fagioli,M,90,6.9,,0.0,2.0,,61,50.0,82.0,2.0,1.0,1.0,2.0,0,0,5.0,9.0
Parma vs Fiorentina,Fiorentina,311083,Cher Ndour,M,76,6.7,,0.0,,,35,31.0,88.6,3.0,,,1.0,0,0,6.0,9.0
Parma vs Fiorentina,Fiorentina,180510,Mattia Viti,M,45,6.2,,0.0,,,16,14.0,87.5,,1.0,2.0,,0,0,,5.0
Parma vs Fiorentina,Fiorentina,877,Moise Kean,F,90,6,,0.0,4.0,1.0,7,5.0,71.4,,,4.0,,0,0,5.0,12.0
Parma vs Fiorentina,Fiorentina,2799,Albert Guðmundsson,F,90,6.9,,0.0,2.0,1.0,35,28.0,80.0,,,1.0,1.0,0,0,3.0,8.0
Parma vs Fiorentina,Fiorentina,437093,Niccolò Fortini,D,45,6.2,,0.0,1.0,,14,11.0,78.6,1.0,1.0,,2.0,0,0,3.0,6.0
Parma vs Fiorentina,Fiorentina,30440,Roberto Piccoli,F,27,6.3,,0.0,2.0,1.0,5,5.0,100.0,,,,,0,0,1.0,4.0
Parma vs Fiorentina,Fiorentina,30422,Robin Gosens,D,14,6.9,,0.0,,,11,9.0,81.8,,,,,0,0,,1.0
Parma vs Fiorentina,Fiorentina,1014,Simon Sohm,M,14,6.3,,0.0,,,11,10.0,90.9,1.0,1.0,2.0,,0,0,1.0,4.0
Parma vs Fiorentina,Fiorentina,448977,Eddy Kouadio,D,14,6.9,,0.0,,,6,6.0,100.0,2.0,1.0,,,0,0,2.0,3.0
Torino vs Cagliari,Torino,30642,Alberto Paleari,G,90,6.7,,0.0,,,32,21.0,65.6,,,,,0,0,,
Torino vs Cagliari,Torino,22174,Adrien Tameze,D,90,6.6,,0.0,,,52,45.0,86.5,1.0,3.0,,1.0,0,0,2.0,3.0
Torino vs Cagliari,Torino,2553,Guillermo Maripán,D,90,6.9,,0.0,,,59,45.0,76.3,3.0,,2.0,1.0,0,0,6.0,8.0
Torino vs Cagliari,Torino,14329,Ardian Ismajli,D,90,7,,0.0,1.0,1.0,71,69.0,97.2,2.0,3.0,,,0,0,4.0,4.0
Torino vs Cagliari,Torino,39362,Marcus Pedersen,M,80,6.9,,0.0,,,27,23.0,85.2,,,,1.0,0,0,4.0,4.0
Torino vs Cagliari,Torino,343189,Gvidas Gineitis,M,80,6.9,,0.0,1.0,1.0,34,22.0,64.7,,,,,0,0,1.0,2.0
Torino vs Cagliari,Torino,275776,Kristjan Asllani,M,76,6.6,,0.0,,,56,47.0,83.9,,1.0,,2.0,0,0,3.0,6.0
Torino vs Cagliari,Torino,25353,Valentino Lazaro,M,67,6.6,,0.0,,,29,27.0,93.1,2.0,,3.0,2.0,0,0,5.0,10.0
Torino vs Cagliari,Torino,842,Nikola Vlašić,F,90,7.3,1.0,0.0,2.0,2.0,44,34.0,77.3,,2.0,4.0,2.0,1,0,3.0,10.0
Torino vs Cagliari,Torino,30414,Giovanni Simeone,F,90,6.3,,0.0,5.0,3.0,11,7.0,63.6,,,1.0,2.0,0,0,5.0,10.0
Torino vs Cagliari,Torino,19524,Che Adams,F,67,6.5,,1.0,1.0,1.0,15,11.0,73.3,,,1.0,,0,0,1.0,4.0
Torino vs Cagliari,Torino,156490,Niels Nkounkou,D,23,6.9,,0.0,1.0,,12,9.0,75.0,1.0,1.0,1.0,1.0,1,0,3.0,7.0
Torino vs Cagliari,Torino,2495,Duván Zapata,F,23,7.2,,0.0,1.0,1.0,4,3.0,75.0,,,,,0,0,2.0,3.0
Torino vs Cagliari,Torino,85,Cyril Ngonge,F,14,7,,0.0,1.0,,6,4.0,66.7,1.0,,,,0,0,4.0,5.0
Torino vs Cagliari,Torino,336573,Emirhan İlkhan,M,10,6.9,,0.0,1.0,1.0,11,11.0,100.0,,,1.0,,0,0,,1.0
Torino vs Cagliari,Torino,243,Zakaria Aboukhlal,F,10,6.5,,0.0,,,4,2.0,50.0,,,1.0,1.0,1,0,1.0,3.0
Torino vs Cagliari,Cagliari,30731,Elia Caprile,G,90,9.2,,0.0,,,32,25.0,78.1,,,,,0,0,,1.0
Torino vs Cagliari,Cagliari,200,Gabriele Zappa,D,90,6.6,,0.0,,,53,49.0,92.5,2.0,1.0,,,0,0,2.0,4.0
Torino vs Cagliari,Cagliari,30561,Alessandro Deiola,D,90,6.7,,1.0,,,44,37.0,84.1,1.0,4.0,,1.0,0,0,3.0,7.0
Torino vs Cagliari,Cagliari,319,Sebastiano Luperto,D,90,6.9,,0.0,1.0,,42,34.0,81.0,1.0,2.0,2.0,1.0,0,0,2.0,5.0
Torino vs Cagliari,Cagliari,383018,Marco Palestra,M,90,6.9,,0.0,,,23,16.0,69.6,2.0,,2.0,5.0,0,0,9.0,15.0
Torino vs Cagliari,Cagliari,30505,Michel Adopo,M,90,6.7,,0.0,,,21,15.0,71.4,,,,,0,0,2.0,4.0
Torino vs Cagliari,Cagliari,309388,Matteo Prati,M,84,7.3,1.0,0.0,1.0,1.0,35,27.0,77.1,3.0,1.0,1.0,,0,0,3.0,4.0
Torino vs Cagliari,Cagliari,30780,Luca Mazzitelli,M,72,6.2,,1.0,1.0,,34,21.0,61.8,1.0,4.0,2.0,1.0,0,0,3.0,10.0
Torino vs Cagliari,Cagliari,383026,Riyad Idrissi,M,90,6.3,,0.0,1.0,1.0,24,20.0,83.3,1.0,2.0,1.0,1.0,0,0,2.0,5.0
Torino vs Cagliari,Cagliari,325,Gianluca Gaetano,F,68,6.3,,0.0,1.0,1.0,32,22.0,68.8,,,1.0,,0,0,,2.0
Torino vs Cagliari,Cagliari,336567,Semih Kılıçsoy,F,72,7.3,1.0,0.0,2.0,1.0,13,10.0,76.9,1.0,,2.0,1.0,0,0,4.0,10.0
Torino vs Cagliari,Cagliari,215,Sebastiano Esposito,F,22,6.6,,0.0,,,16,12.0,75.0,,,,1.0,0,0,1.0,2.0
Torino vs Cagliari,Cagliari,329550,Nicolò Cavuoti,M,18,6.5,,0.0,,,6,5.0,83.3,,,,,0,0,,2.0
Torino vs Cagliari,Cagliari,31499,Gennaro Borrelli,F,18,6.5,,0.0,,,11,6.0,54.5,,,2.0,2.0,0,0,5.0,8.0
Torino vs Cagliari,Cagliari,321744,Adam Obert,D,12,6.7,,0.0,,,0,,,,,,,0,0,,1.0
Lecce vs Como,Lecce,56459,Wladimiro Falcone,G,90,6.6,,0.0,,,30,17.0,56.7,,,,,0,0,1.0,1.0
Lecce vs Como,Lecce,161702,Danilo Veiga,D,90,6.7,,0.0,,,24,18.0,75.0,3.0,3.0,1.0,1.0,0,0,7.0,10.0
Lecce vs Como,Lecce,203219,Jamil Siebert,D,90,6.5,,0.0,,,24,19.0,79.2,3.0,1.0,2.0,,0,0,3.0,6.0
Lecce vs Como,Lecce,455316,Tiago Gabriel,D,90,6,,0.0,1.0,1.0,33,24.0,72.7,2.0,,,2.0,0,0,7.0,8.0
Lecce vs Como,Lecce,31543,Antonino Gallo,D,90,6,,0.0,1.0,,26,15.0,57.7,4.0,1.0,,,0,0,4.0,6.0
Lecce vs Como,Lecce,15673,Ylber Ramadani,M,89,6.9,,0.0,,,34,30.0,88.2,1.0,5.0,1.0,5.0,1,0,8.0,14.0
Lecce vs Como,Lecce,6662,Santiago Pierotti,M,79,6.6,,0.0,,,17,11.0,64.7,4.0,1.0,,1.0,0,0,7.0,11.0
Lecce vs Como,Lecce,197779,Mohamed Kaba,M,90,7.2,,0.0,2.0,2.0,27,22.0,81.5,2.0,,2.0,7.0,0,0,13.0,18.0
Lecce vs Como,Lecce,56560,Youssef Maleh,M,69,6.6,,0.0,1.0,1.0,19,14.0,73.7,1.0,2.0,2.0,,0,0,2.0,5.0
Lecce vs Como,Lecce,31507,Riccardo Sottil,M,79,6.7,,0.0,1.0,,10,7.0,70.0,,1.0,,1.0,1,0,3.0,5.0
Lecce vs Como,Lecce,264122,Nikola Štulić,F,69,6.2,,0.0,,,6,5.0,83.3,,,1.0,1.0,0,0,1.0,8.0
Lecce vs Como,Lecce,436260,Francesco Camarda,F,21,6.7,,0.0,1.0,,4,4.0,100.0,,,,,0,0,,
Lecce vs Como,Lecce,8643,Konan N'Dri,F,21,6.9,,0.0,1.0,,7,5.0,71.4,,,,2.0,0,0,3.0,3.0
Lecce vs Como,Lecce,181218,Alex Sala,M,11,6.6,,0.0,1.0,1.0,12,10.0,83.3,,,1.0,2.0,0,0,2.0,3.0
Lecce vs Como,Lecce,28744,Þórir Jóhann Helgason,M,11,6.3,,0.0,,,7,5.0,71.4,,1.0,,,0,0,,1.0
Lecce vs Como,Como,8574,Jean Butez,G,90,8.2,,0.0,,,36,33.0,91.7,,,,,1,0,1.0,1.0
Lecce vs Como,Como,14266,Ivan Smolčić,D,45,6.9,,0.0,1.0,,23,21.0,91.3,1.0,1.0,2.0,,1,0,3.0,5.0
Lecce vs Como,Como,386305,Jacobo Ramón,D,90,7.7,1.0,0.0,1.0,1.0,55,50.0,90.9,1.0,,,,0,0,2.0,4.0
Lecce vs Como,Como,21090,Diego Carlos,D,79,6.2,,0.0,1.0,1.0,57,52.0,91.2,1.0,,4.0,1.0,1,0,3.0,9.0
Lecce vs Como,Como,288,Alberto Moreno,D,90,6.6,,0.0,1.0,1.0,37,30.0,81.1,1.0,1.0,2.0,,0,0,3.0,8.0
Lecce vs Como,Como,288699,Máximo Perrone,M,90,7,,0.0,,,58,51.0,87.9,2.0,2.0,1.0,3.0,1,0,6.0,10.0
Lecce vs Como,Como,162266,Lucas Da Cunha,M,90,6.3,,0.0,,,57,49.0,86.0,1.0,3.0,3.0,,0,0,2.0,9.0
Lecce vs Como,Como,8586,Mërgim Vojvoda,M,84,7.9,,2.0,,,33,23.0,69.7,,,1.0,1.0,0,0,3.0,9.0
Lecce vs Como,Como,350037,Nico Paz,M,89,8.6,1.0,1.0,1.0,1.0,46,38.0,82.6,,1.0,,1.0,0,0,8.0,15.0
Lecce vs Como,Como,443162,Jesús Rodriguez,M,78,6.2,,0.0,2.0,,16,12.0,75.0,,,4.0,,0,0,1.0,10.0
Lecce vs Como,Como,26845,Anastasios Douvikas,F,90,8,1.0,0.0,2.0,2.0,18,14.0,77.8,1.0,,5.0,3.0,0,0,4.0,12.0
Lecce vs Como,Como,129119,Ignace Van der Brempt,D,45,6.6,,0.0,,,11,9.0,81.8,1.0,1.0,,,0,0,1.0,2.0
Lecce vs Como,Como,38753,Nicolas-Gerrit Kühn,F,12,6.5,,0.0,,,0,,,,,1.0,,0,0,,1.0
Lecce vs Como,Como,26301,Marc-Oliver Kempf,D,11,6.7,,0.0,,,11,10.0,90.9,,,,,0,0,,1.0
Lecce vs Como,Como,295026,Martin Baturina,M,12,6.3,,0.0,,,3,2.0,66.7,,,1.0,1.0,0,0,1.0,3.0
Udinese vs Lazio,Udinese,189,Daniele Padelli,G,90,6.7,,0.0,,,31,21.0,67.7,,,,,0,0,,
Udinese vs Lazio,Udinese,281495,Thomas Kristensen,D,90,6,,0.0,,,35,27.0,77.1,1.0,,4.0,1.0,0,0,2.0,11.0
Udinese vs Lazio,Udinese,18797,Christian Kabasele,D,87,6.5,,0.0,,,54,46.0,85.2,1.0,1.0,1.0,,1,0,2.0,6.0
Udinese vs Lazio,Udinese,656,Oumar Solet,D,90,6.3,,0.0,1.0,,70,65.0,92.9,2.0,,3.0,,0,0,6.0,10.0
Udinese vs Lazio,Udinese,162907,Alessandro Zanoli,M,87,6.9,,0.0,,,19,15.0,78.9,2.0,,1.0,1.0,0,0,4.0,5.0
Udinese vs Lazio,Udinese,1939,Jakub Piotrowski,M,90,7.3,,0.0,2.0,,22,15.0,68.2,3.0,,,4.0,0,0,10.0,13.0
Udinese vs Lazio,Udinese,48047,Jesper Karlström,M,87,6.7,,0.0,1.0,,27,25.0,92.6,1.0,,2.0,,1,0,1.0,5.0
Udinese vs Lazio,Udinese,541,Jürgen Ekkelenkamp,M,90,6.7,,0.0,1.0,,33,27.0,81.8,2.0,,1.0,2.0,0,0,5.0,10.0
Udinese vs Lazio,Udinese,315249,Nicolò Bertola,M,66,6.3,,0.0,2.0,,16,10.0,62.5,1.0,,2.0,1.0,0,0,3.0,7.0
Udinese vs Lazio,Udinese,786,Nicolò Zaniolo,F,90,7.9,,1.0,2.0,2.0,22,20.0,90.9,,,2.0,3.0,1,0,7.0,11.0
Udinese vs Lazio,Udinese,19185,Keinan Davis,F,90,7.2,1.0,0.0,2.0,2.0,21,17.0,81.0,,,1.0,1.0,0,0,1.0,8.0
Udinese vs Lazio,Udinese,22007,Hassane Kamara,D,24,6.3,,0.0,,,13,10.0,76.9,1.0,,1.0,,0,0,3.0,5.0
Udinese vs Lazio,Udinese,422156,Matteo Palma,D,11,6.3,,0.0,,,1,,,,,1.0,,0,0,,2.0
Udinese vs Lazio,Udinese,343558,Lennon Miller,M,11,6.7,,0.0,,,1,,,,,,,0,0,,
Udinese vs Lazio,Udinese,40594,Adam Buksa,F,11,6.3,,0.0,,,2,2.0,100.0,,,,,0,0,1.0,2.0
Udinese vs Lazio,Lazio,31037,Ivan Provedel,G,90,7.2,,0.0,,,25,24.0,96.0,,,,,0,0,1.0,1.0
Udinese vs Lazio,Lazio,1844,Adam Marušić,D,90,7.2,,0.0,,,46,41.0,89.1,4.0,,,1.0,0,0,9.0,11.0
Udinese vs Lazio,Lazio,162952,Mario Gila Fuentes,D,88,7.2,,0.0,,,56,48.0,85.7,,3.0,2.0,1.0,0,0,3.0,6.0
Udinese vs Lazio,Lazio,1632,Alessio Romagnoli,D,90,7.2,,0.0,,,47,46.0,97.9,2.0,,,,0,0,4.0,5.0
Udinese vs Lazio,Lazio,30554,Luca Pellegrini,D,88,7,,0.0,,,52,43.0,82.7,1.0,1.0,2.0,1.0,1,0,2.0,8.0
Udinese vs Lazio,Lazio,333116,Reda Belahyane,M,90,6.7,,0.0,,,33,27.0,81.8,,,1.0,1.0,0,0,2.0,7.0
Udinese vs Lazio,Lazio,1852,Danilo Cataldi,M,90,7.2,,0.0,,,57,55.0,96.5,1.0,1.0,1.0,,1,0,1.0,2.0
Udinese vs Lazio,Lazio,211,Matías Vecino,M,90,6.5,,0.0,3.0,,39,34.0,87.2,,2.0,1.0,1.0,1,0,5.0,9.0
Udinese vs Lazio,Lazio,286474,Matteo Cancellieri,F,81,6.9,,0.0,1.0,,18,14.0,77.8,2.0,1.0,4.0,8.0,1,0,10.0,21.0
Udinese vs Lazio,Lazio,133729,Tijjani Noslin,F,74,6.6,,0.0,1.0,,15,14.0,93.3,,,,1.0,0,0,3.0,7.0
Udinese vs Lazio,Lazio,30937,Mattia Zaccagni,F,90,6.7,,0.0,,,33,25.0,75.8,,,2.0,4.0,0,0,6.0,10.0
Udinese vs Lazio,Lazio,50856,Valentín Castellanos,F,16,6.7,,0.0,,,3,2.0,66.7,1.0,,,,0,0,2.0,3.0
Udinese vs Lazio,Lazio,135519,Gustav Isaksen,F,9,6.6,,0.0,1.0,1.0,1,1.0,100.0,,,1.0,1.0,0,0,2.0,3.0
Udinese vs Lazio,Lazio,30866,Manuel Lazzari,M,10,6.5,,0.0,,,2,2.0,100.0,,,,,0,0,,
Udinese vs Lazio,Lazio,350857,Oliver Provstgaard,D,10,6.2,,0.0,,,5,3.0,60.0,,1.0,,,0,0,,2.0
Pisa vs Juventus,Pisa,30733,Adrian Šemper,G,90,6.9,,0.0,,,31,14.0,45.2,,,,,0,0,3.0,3.0
Pisa vs Juventus,Pisa,30469,Arturo Calabresi,D,84,6.6,,0.0,,,33,30.0,90.9,,5.0,1.0,1.0,0,0,1.0,7.0
Pisa vs Juventus,Pisa,31604,Antonio Caracciolo,D,90,6.9,,0.0,,,33,30.0,90.9,2.0,1.0,1.0,1.0,1,0,6.0,9.0
Pisa vs Juventus,Pisa,91503,Simone Canestrelli,D,90,6.3,,0.0,,,40,34.0,85.0,2.0,1.0,2.0,3.0,0,0,5.0,11.0
Pisa vs Juventus,Pisa,56293,Idrissa Touré,M,90,6.5,,0.0,1.0,,31,21.0,67.7,1.0,1.0,1.0,,0,0,6.0,13.0
Pisa vs Juventus,Pisa,30753,Mehdi Léris,M,78,7,,0.0,,,17,12.0,70.6,1.0,,,1.0,0,0,5.0,9.0
Pisa vs Juventus,Pisa,951,Michel Aebischer,M,79,6.3,,0.0,,,40,30.0,75.0,1.0,1.0,1.0,,0,0,3.0,9.0
Pisa vs Juventus,Pisa,364600,Isak Vural,M,65,6.7,,0.0,1.0,,20,18.0,90.0,,,1.0,3.0,1,0,4.0,6.0
Pisa vs Juventus,Pisa,302069,Samuele Angori,M,65,6.9,,0.0,,,20,16.0,80.0,1.0,2.0,1.0,,1,0,3.0,4.0
Pisa vs Juventus,Pisa,31560,Stefano Moreo,F,90,6.5,,0.0,2.0,,14,7.0,50.0,1.0,1.0,1.0,2.0,0,0,6.0,12.0
Pisa vs Juventus,Pisa,20959,Matteo Tramoni,F,90,6.9,,0.0,1.0,,14,11.0,78.6,1.0,1.0,1.0,,1,0,1.0,6.0
Pisa vs Juventus,Pisa,341838,Giovanni Bonfanti,D,25,6.2,,0.0,,,8,4.0,50.0,2.0,,,,0,0,2.0,4.0
Pisa vs Juventus,Pisa,15723,Malthe Højholt,M,25,6.3,,0.0,,,11,9.0,81.8,,,,,0,0,,3.0
Pisa vs Juventus,Pisa,403300,Lorran,M,12,6.3,,0.0,,,11,9.0,81.8,,,,,0,0,1.0,1.0
Pisa vs Juventus,Pisa,30723,Marius Marin,M,11,6.9,,0.0,1.0,,12,10.0,83.3,,,,1.0,0,0,1.0,1.0
Pisa vs Juventus,Pisa,510473,Louis Buffon,F,13,6.2,,0.0,,,2,2.0,100.0,,,,,0,0,,2.0
Pisa vs Juventus,Juventus,30670,Michele Di Gregorio,G,90,6.7,,0.0,,,20,15.0,75.0,,,,,0,0,,
Pisa vs Juventus,Juventus,162188,Pierre Kalulu,D,90,8.5,1.0,0.0,1.0,1.0,59,47.0,79.7,4.0,1.0,1.0,1.0,0,0,6.0,8.0
Pisa vs Juventus,Juventus,30497,Bremer,D,90,6.9,,0.0,,,42,37.0,88.1,,1.0,1.0,,0,0,5.0,10.0
Pisa vs Juventus,Juventus,19263,Lloyd Kelly,D,90,7.3,,0.0,1.0,,57,49.0,86.0,1.0,,3.0,1.0,0,0,9.0,16.0
Pisa vs Juventus,Juventus,127011,Andrea Cambiaso,M,86,6.7,,0.0,1.0,,52,46.0,88.5,1.0,,,1.0,0,0,2.0,5.0
Pisa vs Juventus,Juventus,30533,Manuel Locatelli,M,60,7.5,,0.0,1.0,1.0,70,63.0,90.0,2.0,1.0,2.0,1.0,1,0,3.0,7.0
Pisa vs Juventus,Juventus,116,Khéphren Thuram,M,90,6.5,,0.0,1.0,,60,45.0,75.0,1.0,1.0,,,0,0,3.0,8.0
Pisa vs Juventus,Juventus,415,Weston McKennie,M,90,6.9,,0.0,1.0,1.0,35,26.0,74.3,5.0,,2.0,1.0,0,0,8.0,14.0
Pisa vs Juventus,Juventus,36899,Teun Koopmeiners,F,86,6.9,,0.0,,,30,24.0,80.0,,1.0,1.0,1.0,0,0,2.0,4.0
Pisa vs Juventus,Juventus,339883,Kenan Yıldız,F,89,8.3,1.0,0.0,2.0,1.0,37,36.0,97.3,1.0,,,2.0,0,0,7.0,11.0
Pisa vs Juventus,Juventus,86,Loïs Openda,F,60,6,,0.0,1.0,1.0,8,5.0,62.5,,,1.0,2.0,0,0,3.0,6.0
Pisa vs Juventus,Juventus,48392,Edon Zhegrova,F,30,6.7,,0.0,2.0,2.0,15,11.0,73.3,1.0,,,,0,0,2.0,5.0
Pisa vs Juventus,Juventus,8489,Jonathan David,F,30,6.5,,1.0,,,10,7.0,70.0,1.0,,1.0,,0,0,1.0,4.0
Pisa vs Juventus,Juventus,1821,Filip Kostić,M,11,6.7,,0.0,,,0,,,,,,,0,0,,
Pisa vs Juventus,Juventus,181808,Fabio Miretti,M,11,7.3,,0.0,,,7,7.0,100.0,,,,,0,0,2.0,2.0
AC Milan vs Hellas Verona,AC Milan,22221,Mike Maignan,G,90,7,,0.0,,,26,19.0,73.1,,,,,0,0,1.0,1.0
AC Milan vs Hellas Verona,AC Milan,19209,Fikayo Tomori,D,86,7.2,,0.0,,,57,54.0,94.7,1.0,2.0,,,0,0,1.0,3.0
AC Milan vs Hellas Verona,AC Milan,162141,Koni De Winter,D,90,7,,0.0,1.0,,57,51.0,89.5,1.0,,,,0,0,5.0,6.0
AC Milan vs Hellas Verona,AC Milan,45826,Strahinja Pavlović,D,90,6.9,,0.0,,,30,26.0,86.7,2.0,2.0,,2.0,0,0,6.0,13.0
AC Milan vs Hellas Verona,AC Milan,1417,Alexis Saelemaekers,M,76,7,,0.0,1.0,,29,25.0,86.2,3.0,,1.0,2.0,0,0,6.0,8.0
AC Milan vs Hellas Verona,AC Milan,2292,Ruben Loftus-Cheek,M,71,6.2,,0.0,1.0,1.0,28,26.0,92.9,,3.0,2.0,3.0,0,0,3.0,8.0
AC Milan vs Hellas Verona,AC Milan,754,Luka Modrić,M,70,7.7,,0.0,1.0,1.0,50,42.0,84.0,1.0,,,1.0,0,0,2.0,2.0
AC Milan vs Hellas Verona,AC Milan,272,Adrien Rabiot,M,90,6.9,,1.0,3.0,,48,38.0,79.2,1.0,1.0,1.0,3.0,0,0,10.0,16.0
AC Milan vs Hellas Verona,AC Milan,374359,Davide Bartesaghi,M,90,7,,0.0,,,29,19.0,65.5,4.0,1.0,,,0,0,4.0,7.0
AC Milan vs Hellas Verona,AC Milan,269,Christopher Nkunku,F,90,8.3,2.0,0.0,2.0,2.0,19,16.0,84.2,,,,1.0,0,0,3.0,6.0
AC Milan vs Hellas Verona,AC Milan,17,Christian Pulišić,F,76,7,1.0,0.0,1.0,1.0,20,15.0,75.0,1.0,,1.0,1.0,0,0,5.0,10.0
AC Milan vs Hellas Verona,AC Milan,264705,Ardon Jashari,M,20,6.9,,0.0,,,10,10.0,100.0,,,,,0,0,,
AC Milan vs Hellas Verona,AC Milan,22254,Youssouf Fofana,M,19,6.3,,0.0,,,7,4.0,57.1,,1.0,,,0,0,,
AC Milan vs Hellas Verona,AC Milan,396380,Zachary Athekame,D,14,6.9,,0.0,,,4,4.0,100.0,1.0,,,,0,0,2.0,2.0
AC Milan vs Hellas Verona,AC Milan,31056,Samuele Ricci,M,14,6.7,,0.0,,,11,9.0,81.8,,,,1.0,0,0,1.0,2.0
AC Milan vs Hellas Verona,AC Milan,394740,David Odogu,D,8,6.6,,0.0,,,1,1.0,100.0,,,,,0,0,1.0,1.0
AC Milan vs Hellas Verona,Hellas Verona,30611,Lorenzo Montipò,G,90,6,,0.0,,,22,12.0,54.5,,,,,0,0,1.0,1.0
AC Milan vs Hellas Verona,Hellas Verona,47277,Unai Núñez,D,90,6.7,,0.0,1.0,,56,50.0,89.3,2.0,,,1.0,0,0,4.0,6.0
AC Milan vs Hellas Verona,Hellas Verona,15912,Victor Nelsson,D,90,5.9,,0.0,1.0,,43,42.0,97.7,2.0,3.0,1.0,,0,0,4.0,8.0
AC Milan vs Hellas Verona,Hellas Verona,25061,Armel Bella-Kotchap,D,90,6.5,,0.0,,,66,60.0,90.9,,4.0,2.0,2.0,0,0,4.0,6.0
AC Milan vs Hellas Verona,Hellas Verona,153408,Daniel Oyegoke,M,75,6.5,,0.0,,,14,10.0,71.4,3.0,,2.0,,0,0,4.0,9.0
AC Milan vs Hellas Verona,Hellas Verona,22239,Cheikh Niasse,M,90,7,,0.0,2.0,1.0,28,25.0,89.3,3.0,1.0,,1.0,0,0,6.0,9.0
AC Milan vs Hellas Verona,Hellas Verona,42006,Mutassim Al-Musrati,M,85,6.2,,0.0,,,50,44.0,88.0,,,2.0,,1,0,,5.0
AC Milan vs Hellas Verona,Hellas Verona,1090,Antoine Bernede,M,90,6.3,,0.0,,,43,33.0,76.7,4.0,1.0,4.0,1.0,0,0,7.0,12.0
AC Milan vs Hellas Verona,Hellas Verona,14327,Domagoj Bradarić,M,65,6.3,,0.0,,,18,12.0,66.7,,,,,0,0,,3.0
AC Milan vs Hellas Verona,Hellas Verona,312615,Giovane,F,45,6.5,,0.0,,,7,4.0,57.1,3.0,,,,0,0,3.0,9.0
AC Milan vs Hellas Verona,Hellas Verona,59421,Daniel Mosquera,F,45,6.2,,0.0,,,5,4.0,80.0,,,2.0,,0,0,,6.0
AC Milan vs Hellas Verona,Hellas Verona,236955,Amin Sarr,F,45,6.5,,0.0,,,10,10.0,100.0,1.0,,1.0,,0,0,2.0,7.0
AC Milan vs Hellas Verona,Hellas Verona,368260,Gift Orban,F,45,6.2,,0.0,,,7,3.0,42.9,,,1.0,,0,0,,1.0
AC Milan vs Hellas Verona,Hellas Verona,311071,Nicolás Valentini,D,25,6.7,,0.0,1.0,,6,4.0,66.7,,,,,0,0,,
AC Milan vs Hellas Verona,Hellas Verona,418,Suat Serdar,M,15,6.7,,0.0,,,12,11.0,91.7,,,,,0,0,,
AC Milan vs Hellas Verona,Hellas Verona,37437,Abdou Harroui,M,9,6.2,,0.0,,,6,5.0,83.3,,,,,0,0,,3.0
Cremonese vs Napoli,Cremonese,30441,Emil Audero,G,90,8.2,,0.0,,,42,24.0,57.1,,,,,0,0,,
Cremonese vs Napoli,Cremonese,264472,Filippo Terracciano,D,90,6.6,,0.0,1.0,1.0,60,55.0,91.7,2.0,4.0,,,0,0,3.0,4.0
Cremonese vs Napoli,Cremonese,127035,Federico Baschirotto,D,90,6.2,,0.0,,,40,33.0,82.5,3.0,1.0,1.0,,0,0,3.0,5.0
Cremonese vs Napoli,Cremonese,30919,Matteo Bianchetti,D,82,6.3,,0.0,1.0,,43,34.0,79.1,1.0,2.0,1.0,,0,0,1.0,6.0
Cremonese vs Napoli,Cremonese,126980,Tommaso Barbieri,M,60,7,,0.0,,,35,30.0,85.7,1.0,,1.0,1.0,1,0,5.0,7.0
Cremonese vs Napoli,Cremonese,31219,Alessio Zerbin,M,77,6.7,,0.0,,,21,17.0,81.0,2.0,1.0,2.0,1.0,0,0,4.0,8.0
Cremonese vs Napoli,Cremonese,31021,Alberto Grassi,M,77,6.2,,0.0,,,47,38.0,80.9,,2.0,1.0,1.0,0,0,1.0,6.0
Cremonese vs Napoli,Cremonese,6383,Martín Payero,M,90,6.2,,0.0,2.0,1.0,33,29.0,87.9,,,3.0,,0,0,2.0,7.0
Cremonese vs Napoli,Cremonese,30775,Giuseppe Pezzella,M,90,6.9,,0.0,,,23,20.0,87.0,2.0,,2.0,1.0,0,0,4.0,7.0
Cremonese vs Napoli,Cremonese,2522,Antonio Sanabria,F,60,6.6,,0.0,,,14,9.0,64.3,1.0,,,2.0,0,0,6.0,9.0
Cremonese vs Napoli,Cremonese,18788,Jamie Vardy,F,90,6.7,,0.0,,,10,8.0,80.0,1.0,1.0,,1.0,0,0,3.0,8.0
Cremonese vs Napoli,Cremonese,102447,Faris Moumbagna,F,30,6.3,,0.0,,,9,5.0,55.6,,,,,0,0,1.0,2.0
Cremonese vs Napoli,Cremonese,36986,Dennis Johnsen,F,30,6.7,,0.0,,,13,5.0,38.5,,,,,0,0,1.0,2.0
Cremonese vs Napoli,Cremonese,266813,Warren Bondo,M,13,6.7,,0.0,1.0,,8,8.0,100.0,,,1.0,,0,0,,1.0
Cremonese vs Napoli,Cremonese,31436,Federico Bonazzoli,F,13,6.2,,0.0,,,5,5.0,100.0,,,1.0,,1,0,,2.0
Cremonese vs Napoli,Cremonese,342651,Romano Floriani Mussolini,D,8,6.6,,0.0,,,6,6.0,100.0,,,,,0,0,,2.0
Cremonese vs Napoli,Napoli,31156,Vanja Milinković-Savić,G,90,7.7,,0.0,,,40,32.0,80.0,,,,,0,0,,
Cremonese vs Napoli,Napoli,31042,Giovanni Di Lorenzo,D,90,7.2,,0.0,,,51,44.0,86.3,1.0,,,2.0,0,0,4.0,7.0
Cremonese vs Napoli,Napoli,1314,Amir Rrahmani,D,90,6.9,,0.0,1.0,,54,47.0,87.0,2.0,2.0,1.0,,0,0,4.0,9.0
Cremonese vs Napoli,Napoli,774,Juan Jesus,D,90,6.6,,0.0,,,51,44.0,86.3,1.0,1.0,2.0,,1,0,2.0,6.0
Cremonese vs Napoli,Napoli,219,Matteo Politano,M,89,7.3,,0.0,2.0,2.0,32,26.0,81.2,,,3.0,2.0,0,0,4.0,9.0
Cremonese vs Napoli,Napoli,47439,Stanislav Lobotka,M,90,7.2,,0.0,1.0,1.0,55,47.0,85.5,2.0,,,3.0,0,0,7.0,7.0
Cremonese vs Napoli,Napoli,903,Scott McTominay,M,90,7.6,,1.0,5.0,2.0,37,34.0,91.9,2.0,1.0,1.0,1.0,1,0,8.0,12.0
Cremonese vs Napoli,Napoli,862,Leonardo Spinazzola,M,45,6.6,,0.0,,,28,19.0,67.9,,,,,0,0,1.0,4.0
Cremonese vs Napoli,Napoli,552,David Neres,F,73,6.5,,0.0,2.0,,31,27.0,87.1,,,,,0,0,1.0,3.0
Cremonese vs Napoli,Napoli,1358,Eljif Elmas,F,51,6.3,,0.0,,,15,14.0,93.3,,,,,0,0,,
Cremonese vs Napoli,Napoli,288006,Rasmus Højlund,F,89,9.2,2.0,0.0,5.0,3.0,20,13.0,65.0,1.0,,1.0,3.0,0,0,4.0,7.0
Cremonese vs Napoli,Napoli,162032,Miguel Gutiérrez,D,45,6.9,,0.0,,,23,19.0,82.6,1.0,1.0,,2.0,0,0,4.0,5.0
Cremonese vs Napoli,Napoli,544,Noa Lang,F,39,6.7,,0.0,,,16,14.0,87.5,,1.0,,,0,0,1.0,4.0
Cremonese vs Napoli,Napoli,31226,Alessandro Buongiorno,D,17,6.9,,0.0,,,6,6.0,100.0,,,,,0,0,2.0,3.0
Bologna vs Sassuolo,Bologna,31098,Federico Ravaglia,G,90,8,,0.0,,,33,21.0,63.6,1.0,,,1.0,1,0,2.0,3.0
Bologna vs Sassuolo,Bologna,128461,Nadir Zortea,D,88,7,,1.0,2.0,,31,27.0,87.1,1.0,1.0,,2.0,0,0,6.0,9.0
Bologna vs Sassuolo,Bologna,287564,Martin Vitík,D,90,6.9,,0.0,1.0,,54,51.0,94.4,2.0,3.0,1.0,,0,0,3.0,5.0
Bologna vs Sassuolo,Bologna,1929,Jhon Lucumí,D,90,6.2,,0.0,,,70,63.0,90.0,1.0,,1.0,1.0,0,0,3.0,8.0
Bologna vs Sassuolo,Bologna,134,Juan Miranda,D,90,6.9,,0.0,1.0,,50,44.0,88.0,1.0,,1.0,2.0,0,0,5.0,7.0
Bologna vs Sassuolo,Bologna,1322,Nikola Moro,M,90,7.6,,0.0,1.0,,75,62.0,82.7,2.0,2.0,1.0,1.0,0,0,3.0,5.0
Bologna vs Sassuolo,Bologna,31273,Tommaso Pobega,M,90,7.3,,0.0,1.0,1.0,48,39.0,81.2,4.0,2.0,6.0,4.0,0,0,10.0,18.0
Bologna vs Sassuolo,Bologna,30488,Riccardo Orsolini,M,71,6.5,,0.0,2.0,1.0,23,16.0,69.6,,,1.0,2.0,0,0,4.0,8.0
Bologna vs Sassuolo,Bologna,322630,Giovanni Fabbian,M,70,7.5,1.0,0.0,2.0,2.0,19,18.0,94.7,1.0,,2.0,1.0,0,0,2.0,7.0
Bologna vs Sassuolo,Bologna,278095,Jonathan Rowe,M,84,6.9,,0.0,1.0,1.0,20,18.0,90.0,2.0,1.0,2.0,4.0,0,0,9.0,19.0
Bologna vs Sassuolo,Bologna,93016,Thijs Dallinga,F,70,6.3,,0.0,3.0,1.0,14,11.0,78.6,1.0,,,,0,0,2.0,4.0
Bologna vs Sassuolo,Bologna,311067,Santiago Castro,F,20,6.5,,0.0,,,4,2.0,50.0,,,,1.0,0,0,1.0,3.0
Bologna vs Sassuolo,Bologna,1863,Ciro Immobile,F,20,6,,0.0,,,3,3.0,100.0,,,1.0,,0,0,,1.0
Bologna vs Sassuolo,Bologna,347265,Benjamín Domínguez,F,19,6.2,,0.0,,,5,4.0,80.0,,,1.0,,1,0,,5.0
Bologna vs Sassuolo,Bologna,30542,Jens Odgaard,F,12,6.6,,0.0,,,4,4.0,100.0,,1.0,1.0,,0,0,2.0,3.0
Bologna vs Sassuolo,Bologna,47985,Emil Holm,D,8,6.7,,0.0,,,2,1.0,50.0,,,,,0,0,,
Bologna vs Sassuolo,Sassuolo,616,Arijanet Murić,G,90,6.5,,0.0,,,36,19.0,52.8,,,,,0,0,,
Bologna vs Sassuolo,Sassuolo,40582,Sebastian Walukiewicz,D,90,6.7,,0.0,,,38,29.0,76.3,3.0,,2.0,,0,0,6.0,9.0
Bologna vs Sassuolo,Sassuolo,37651,Jay Idzes,D,90,6.9,,0.0,,,33,28.0,84.8,2.0,2.0,2.0,,0,0,3.0,7.0
Bologna vs Sassuolo,Sassuolo,271350,Tarik Muharemović,D,90,7.3,1.0,0.0,1.0,1.0,55,42.0,76.4,,1.0,1.0,,0,0,3.0,4.0
Bologna vs Sassuolo,Sassuolo,41371,Fali Candé,D,60,6.9,,0.0,,,18,12.0,66.7,4.0,,2.0,1.0,1,0,7.0,13.0
Bologna vs Sassuolo,Sassuolo,39143,Kristian Thorstvedt,M,90,6.2,,0.0,1.0,1.0,26,21.0,80.8,,1.0,3.0,5.0,0,0,5.0,13.0
Bologna vs Sassuolo,Sassuolo,902,Nemanja Matić,M,90,6.9,,0.0,,,41,36.0,87.8,1.0,3.0,,3.0,0,0,4.0,9.0
Bologna vs Sassuolo,Sassuolo,328046,Ismael Koné,M,90,7.2,,0.0,,,17,15.0,88.2,1.0,1.0,,3.0,0,0,7.0,9.0
Bologna vs Sassuolo,Sassuolo,342035,Cristian Volpato,F,71,6.9,,0.0,1.0,,22,18.0,81.8,1.0,1.0,1.0,2.0,0,0,6.0,12.0
Bologna vs Sassuolo,Sassuolo,31094,Andrea Pinamonti,F,90,6.9,,0.0,2.0,2.0,23,15.0,65.2,,,,1.0,0,0,4.0,8.0
Bologna vs Sassuolo,Sassuolo,2215,Armand Laurienté,F,89,7.2,,1.0,2.0,1.0,16,12.0,75.0,1.0,,3.0,1.0,1,0,5.0,12.0
Bologna vs Sassuolo,Sassuolo,135526,Josh Doig,D,30,7,,0.0,,,7,5.0,71.4,,,,,0,0,1.0,1.0
Bologna vs Sassuolo,Sassuolo,263699,Alieu Fadera,F,19,6.5,,0.0,1.0,,3,2.0,66.7,1.0,,3.0,1.0,1,0,2.0,5.0
Atalanta vs Inter,Atalanta,30417,Marco Carnesecchi,G,90,7.7,,0.0,,,34,24.0,70.6,,,,1.0,0,0,1.0,1.0
Atalanta vs Inter,Atalanta,30421,Berat Djimsiti,D,90,6.3,,0.0,,,61,49.0,80.3,1.0,1.0,,1.0,0,0,7.0,10.0
Atalanta vs Inter,Atalanta,137976,Isak Hien,D,90,6.9,,0.0,,,50,47.0,94.0,2.0,3.0,,,0,0,2.0,6.0
Atalanta vs Inter,Atalanta,1442,Sead Kolašinac,D,75,6.3,,0.0,,,29,23.0,79.3,1.0,1.0,1.0,,1,0,1.0,2.0
Atalanta vs Inter,Atalanta,2286,Davide Zappacosta,M,45,6.6,,0.0,1.0,,12,9.0,75.0,,2.0,,,0,0,1.0,1.0
Atalanta vs Inter,Atalanta,10097,Éderson,M,90,7.2,,0.0,2.0,,47,43.0,91.5,4.0,3.0,,2.0,0,0,8.0,10.0
Atalanta vs Inter,Atalanta,30432,Marten de Roon,M,90,6.3,,0.0,,,50,47.0,94.0,1.0,2.0,2.0,,0,0,1.0,8.0
Atalanta vs Inter,Atalanta,203474,Nicola Zalewski,M,65,6.6,,0.0,,,13,6.0,46.2,,,1.0,2.0,0,0,4.0,7.0
Atalanta vs Inter,Atalanta,147859,Charles De Ketelaere,F,90,7.3,,0.0,,,32,26.0,81.2,,,,1.0,0,0,6.0,17.0
Atalanta vs Inter,Atalanta,2763,Mario Pašalić,F,58,6.3,,0.0,,,15,13.0,86.7,1.0,1.0,2.0,,0,0,1.0,3.0
Atalanta vs Inter,Atalanta,30544,Gianluca Scamacca,F,90,6.5,,0.0,,,19,14.0,73.7,,,,1.0,0,0,3.0,6.0
Atalanta vs Inter,Atalanta,162106,Yunus Musah,M,45,6.6,,0.0,,,27,24.0,88.9,,1.0,,1.0,0,0,1.0,1.0
Atalanta vs Inter,Atalanta,199837,Kamaldeen Sulemana,F,32,6.2,,0.0,,,7,5.0,71.4,,,2.0,,1,0,1.0,4.0
Atalanta vs Inter,Atalanta,264857,Lorenzo Bernasconi,D,25,6.6,,0.0,,,18,15.0,83.3,2.0,,,,0,0,2.0,2.0
Atalanta vs Inter,Atalanta,178749,Lazar Samardžić,M,15,6.9,,0.0,1.0,,10,10.0,100.0,,,,,0,0,,1.0
Atalanta vs Inter,Inter,2802,Yann Sommer,G,90,6.6,,0.0,,,30,22.0,73.3,,,,,0,0,,
Atalanta vs Inter,Inter,24953,Yann Bisseck,D,90,7.3,,0.0,,,59,56.0,94.9,1.0,2.0,1.0,1.0,0,0,6.0,9.0
Atalanta vs Inter,Inter,5,Manuel Akanji,D,90,7.2,,0.0,1.0,,50,49.0,98.0,1.0,2.0,1.0,1.0,0,0,4.0,8.0
Atalanta vs Inter,Inter,31009,Alessandro Bastoni,D,90,7.2,,0.0,,,65,57.0,87.7,2.0,,1.0,,1,0,3.0,5.0
Atalanta vs Inter,Inter,10077,Luís Henrique,M,90,7,,0.0,2.0,1.0,40,33.0,82.5,1.0,1.0,1.0,,0,0,1.0,3.0
Atalanta vs Inter,Inter,30558,Nicolò Barella,M,76,6.6,,0.0,2.0,,64,56.0,87.5,1.0,,,2.0,0,0,4.0,9.0
Atalanta vs Inter,Inter,1640,Hakan Çalhanoğlu,M,90,7.2,,0.0,1.0,,59,52.0,88.1,2.0,1.0,1.0,,0,0,3.0,5.0
Atalanta vs Inter,Inter,329,Piotr Zieliński,M,83,6.9,,0.0,,,48,45.0,93.8,,,,,0,0,3.0,5.0
Atalanta vs Inter,Inter,31010,Federico Dimarco,M,76,7.2,,0.0,,,52,47.0,90.4,1.0,,1.0,1.0,0,0,2.0,4.0
Atalanta vs Inter,Inter,217,Lautaro Martínez,F,84,7.3,1.0,0.0,3.0,2.0,27,20.0,74.1,2.0,,3.0,1.0,0,0,6.0,13.0
Atalanta vs Inter,Inter,21509,Marcus Thuram,F,64,6.2,,0.0,1.0,1.0,17,11.0,64.7,,,1.0,1.0,0,0,1.0,5.0
Atalanta vs Inter,Inter,345808,Francesco Pio Esposito,F,26,6.5,,1.0,1.0,,10,7.0,70.0,,,2.0,,0,0,1.0,4.0
Atalanta vs Inter,Inter,10238,Carlos Augusto,D,14,6.9,,0.0,,,2,2.0,100.0,2.0,,,,0,0,2.0,3.0
Atalanta vs Inter,Inter,1457,Henrikh Mkhitaryan,M,14,6.9,,0.0,,,5,4.0,80.0,2.0,,,,0,0,2.0,2.0
Atalanta vs Inter,Inter,31173,Davide Frattesi,M,12,6.7,,0.0,,,1,,,1.0,1.0,,,0,0,1.0,1.0
Atalanta vs Inter,Inter,270509,Andy Diouf,M,11,6.7,,0.0,,,0,,,,,,,0,0,1.0,3.0
AS Roma vs Genoa,AS Roma,556,Mile Svilar,G,90,6.6,,0.0,,,24,18.0,75.0,,,,1.0,0,0,1.0,1.0
AS Roma vs Genoa,AS Roma,30425,Gianluca Mancini,D,74,7.3,,0.0,,,45,36.0,80.0,1.0,,1.0,,0,0,4.0,5.0
AS Roma vs Genoa,AS Roma,384543,Jan Ziółkowski,D,90,7.6,,0.0,,,45,40.0,88.9,4.0,3.0,1.0,1.0,0,0,14.0,17.0
AS Roma vs Genoa,AS Roma,2669,Mario Hermoso,D,90,6.9,,0.0,,,62,53.0,85.5,3.0,4.0,1.0,4.0,0,0,9.0,13.0
AS Roma vs Genoa,AS Roma,22222,Zeki Çelik,M,90,6.7,,0.0,,,44,38.0,86.4,,1.0,1.0,,0,0,,6.0
AS Roma vs Genoa,AS Roma,778,Bryan Cristante,M,74,7.2,,0.0,1.0,1.0,60,50.0,83.3,3.0,2.0,3.0,,0,0,5.0,9.0
AS Roma vs Genoa,AS Roma,22147,Manu Koné,M,90,7.7,1.0,0.0,1.0,1.0,62,57.0,91.9,1.0,,2.0,2.0,0,0,6.0,12.0
AS Roma vs Genoa,AS Roma,349001,Wesley,M,85,6.9,,0.0,,,46,37.0,80.4,3.0,,,,0,0,4.0,8.0
AS Roma vs Genoa,AS Roma,323936,Matías Soulé,F,57,7.7,1.0,0.0,2.0,2.0,32,25.0,78.1,1.0,2.0,,,0,0,1.0,4.0
AS Roma vs Genoa,AS Roma,875,Paulo Dybala,F,90,6.6,,0.0,2.0,1.0,67,57.0,85.1,1.0,,2.0,3.0,0,0,4.0,9.0
AS Roma vs Genoa,AS Roma,129643,Evan Ferguson,F,85,6.2,1.0,1.0,3.0,2.0,18,16.0,88.9,,,2.0,,0,0,,15.0
AS Roma vs Genoa,AS Roma,791,Stephan El Shaarawy,F,33,6.3,,0.0,2.0,1.0,23,19.0,82.6,,,,,0,0,,4.0
AS Roma vs Genoa,AS Roma,342019,Daniele Ghilardi,D,16,6.6,,0.0,,,9,9.0,100.0,3.0,1.0,,1.0,0,0,5.0,6.0
AS Roma vs Genoa,AS Roma,356888,Niccolò Pisilli,M,16,6.3,,0.0,,,19,16.0,84.2,,1.0,,,0,0,,
AS Roma vs Genoa,AS Roma,162452,Devyne Rensch,D,9,6.2,,0.0,,,3,3.0,100.0,1.0,,,,0,0,1.0,1.0
AS Roma vs Genoa,AS Roma,15811,Artem Dovbyk,F,9,6.5,,0.0,,,4,2.0,50.0,,,,,0,0,,
AS Roma vs Genoa,Genoa,31445,Daniele Sommariva,G,90,6.5,,0.0,,,51,28.0,54.9,,,,1.0,0,0,1.0,1.0
AS Roma vs Genoa,Genoa,18967,Leo Østigård,D,58,5.6,,0.0,1.0,1.0,31,24.0,77.4,2.0,1.0,2.0,,0,0,2.0,4.0
AS Roma vs Genoa,Genoa,387128,Sebastian Otoa,D,90,6.9,,0.0,,,25,21.0,84.0,3.0,3.0,,2.0,0,0,12.0,12.0
AS Roma vs Genoa,Genoa,35544,Johan Vásquez,D,90,5.9,,0.0,1.0,,64,58.0,90.6,2.0,2.0,,1.0,0,0,4.0,4.0
AS Roma vs Genoa,Genoa,284570,Brooke Norton-Cuffy,M,90,6.7,,0.0,2.0,,24,18.0,75.0,2.0,,,,0,0,5.0,8.0
AS Roma vs Genoa,Genoa,1938,Ruslan Malinovskyi,M,59,5.5,,0.0,,,32,25.0,78.1,,,1.0,,0,0,,5.0
AS Roma vs Genoa,Genoa,15881,Morten Frendrup,M,79,6.9,,0.0,,,34,31.0,91.2,3.0,2.0,2.0,1.0,1,0,5.0,9.0
AS Roma vs Genoa,Genoa,89520,Mikael Ellertsson,M,90,6.3,,0.0,,,20,15.0,75.0,2.0,2.0,1.0,,0,0,2.0,9.0
AS Roma vs Genoa,Genoa,25914,Aarón Martín,M,90,7.5,,0.0,,,36,27.0,75.0,3.0,2.0,,1.0,0,0,4.0,7.0
AS Roma vs Genoa,Genoa,3430,Caleb Ekuban,F,59,6,,0.0,,,9,7.0,77.8,,,2.0,1.0,0,0,1.0,9.0
AS Roma vs Genoa,Genoa,281408,Vitinha,F,72,7.3,,0.0,2.0,,15,8.0,53.3,1.0,,1.0,5.0,0,0,12.0,21.0
AS Roma vs Genoa,Genoa,281826,Alessandro Marcandalli,D,32,7,,0.0,,,14,10.0,71.4,1.0,1.0,,,0,0,3.0,4.0
AS Roma vs Genoa,Genoa,348533,Seydou Fini,F,31,6.5,,0.0,,,3,2.0,66.7,,,1.0,,0,0,1.0,3.0
AS Roma vs Genoa,Genoa,263481,Lorenzo Colombo,F,31,6.3,,0.0,,,7,3.0,42.9,1.0,,,,0,0,1.0,5.0
AS Roma vs Genoa,Genoa,451504,Jeff Ekhator,F,18,7.3,1.0,0.0,1.0,1.0,2,1.0,50.0,,,2.0,,0,0,1.0,6.0
AS Roma vs Genoa,Genoa,281096,Patrizio Masini,M,11,7,,0.0,,,4,4.0,100.0,2.0,1.0,1.0,,0,0,2.0,3.0
Cagliari vs AC Milan,Cagliari,30731,Elia Caprile,G,90,6.9,,0.0,,,28,22.0,78.6,,,,,0,0,,
Cagliari vs AC Milan,Cagliari,200,Gabriele Zappa,D,90,6.2,,0.0,,,52,45.0,86.5,2.0,,,,0,0,2.0,5.0
Cagliari vs AC Milan,Cagliari,319,Sebastiano Luperto,D,90,6.3,,0.0,,,51,50.0,98.0,1.0,1.0,3.0,2.0,0,0,5.0,13.0
Cagliari vs AC Milan,Cagliari,415155,Juan Rodríguez,D,90,6.9,,0.0,,,58,53.0,91.4,4.0,1.0,1.0,,0,0,4.0,8.0
Cagliari vs AC Milan,Cagliari,383018,Marco Palestra,M,90,6.9,,0.0,1.0,,36,34.0,94.4,2.0,1.0,,3.0,1,0,7.0,14.0
Cagliari vs AC Milan,Cagliari,30505,Michel Adopo,M,90,6.6,,0.0,1.0,1.0,39,35.0,89.7,2.0,,,,0,0,2.0,5.0
Cagliari vs AC Milan,Cagliari,309388,Matteo Prati,M,61,6.3,,0.0,2.0,,26,22.0,84.6,,,1.0,,0,0,,4.0
Cagliari vs AC Milan,Cagliari,30780,Luca Mazzitelli,M,83,6.9,,0.0,1.0,,42,35.0,83.3,3.0,1.0,1.0,1.0,0,0,5.0,11.0
Cagliari vs AC Milan,Cagliari,321744,Adam Obert,M,61,7.3,,0.0,,,29,26.0,89.7,3.0,,1.0,,0,0,6.0,7.0
Cagliari vs AC Milan,Cagliari,336567,Semih Kılıçsoy,F,83,6.2,,0.0,,,16,12.0,75.0,,,1.0,1.0,0,0,1.0,8.0
Cagliari vs AC Milan,Cagliari,215,Sebastiano Esposito,F,66,7.2,,0.0,,,32,21.0,65.6,3.0,,1.0,1.0,0,0,6.0,9.0
Cagliari vs AC Milan,Cagliari,383026,Riyad Idrissi,D,29,6.9,,0.0,,,12,11.0,91.7,2.0,1.0,1.0,,1,0,3.0,5.0
Cagliari vs AC Milan,Cagliari,31499,Gennaro Borrelli,F,29,6.3,,0.0,,,2,1.0,50.0,,,,,0,0,1.0,2.0
Cagliari vs AC Milan,Cagliari,325,Gianluca Gaetano,M,24,7,,0.0,,,17,16.0,94.1,,,,,0,0,2.0,3.0
Cagliari vs AC Milan,Cagliari,329550,Nicolò Cavuoti,M,12,6.3,,0.0,,,4,4.0,100.0,,,,,0,0,,1.0
Cagliari vs AC Milan,Cagliari,30573,Leonardo Pavoletti,F,12,6.3,,0.0,,,3,2.0,66.7,,,,,0,0,,
Cagliari vs AC Milan,AC Milan,22221,Mike Maignan,G,90,6.9,,0.0,,,17,13.0,76.5,,,,,0,0,,
Cagliari vs AC Milan,AC Milan,19209,Fikayo Tomori,D,90,7.2,,0.0,,,70,60.0,85.7,2.0,4.0,1.0,,0,0,4.0,7.0
Cagliari vs AC Milan,AC Milan,162141,Koni De Winter,D,90,7.7,,0.0,,,77,76.0,98.7,1.0,,,,0,0,5.0,6.0
Cagliari vs AC Milan,AC Milan,374359,Davide Bartesaghi,D,90,7.3,,0.0,1.0,1.0,66,56.0,84.8,2.0,,1.0,,0,0,4.0,8.0
Cagliari vs AC Milan,AC Milan,1417,Alexis Saelemaekers,M,90,6.9,,0.0,1.0,,54,47.0,87.0,1.0,1.0,,4.0,1,0,7.0,14.0
Cagliari vs AC Milan,AC Milan,22254,Youssouf Fofana,M,69,6.3,,0.0,,,23,20.0,87.0,,,,1.0,0,0,1.0,5.0
Cagliari vs AC Milan,AC Milan,754,Luka Modrić,M,90,7.6,,0.0,1.0,1.0,76,70.0,92.1,2.0,2.0,,,0,0,3.0,6.0
Cagliari vs AC Milan,AC Milan,272,Adrien Rabiot,M,90,6.6,,1.0,1.0,,48,41.0,85.4,,1.0,2.0,1.0,0,0,6.0,12.0
Cagliari vs AC Milan,AC Milan,46731,Pervis Estupiñán,M,79,6.7,,0.0,,,23,18.0,78.3,1.0,1.0,1.0,,0,0,3.0,5.0
Cagliari vs AC Milan,AC Milan,22236,Rafael Leão,F,69,7.7,1.0,0.0,1.0,1.0,19,15.0,78.9,1.0,,1.0,,0,0,5.0,10.0
Cagliari vs AC Milan,AC Milan,2292,Ruben Loftus-Cheek,F,79,6.9,,0.0,2.0,,18,15.0,83.3,3.0,,1.0,2.0,0,0,7.0,12.0
Cagliari vs AC Milan,AC Milan,31056,Samuele Ricci,M,21,7,,0.0,,,13,11.0,84.6,1.0,,,,0,0,2.0,2.0
Cagliari vs AC Milan,AC Milan,25391,Niclas Füllkrug,F,21,6.3,,0.0,,,12,9.0,75.0,,,1.0,1.0,0,0,3.0,6.0
Cagliari vs AC Milan,AC Milan,56473,Matteo Gabbia,D,11,6.9,,0.0,,,11,10.0,90.9,,,,,0,0,,
Cagliari vs AC Milan,AC Milan,17,Christian Pulišić,M,11,6.5,,0.0,1.0,1.0,11,9.0,81.8,,,,1.0,0,0,1.0,2.0
Como vs Udinese,Como,8574,Jean Butez,G,90,6.6,,0.0,,,43,28.0,65.1,,,,,0,0,,
Como vs Udinese,Como,129119,Ignace Van der Brempt,D,89,7.7,,0.0,,,47,42.0,89.4,4.0,1.0,1.0,3.0,0,0,11.0,13.0
Como vs Udinese,Como,386305,Jacobo Ramón,D,90,7,,0.0,,,74,65.0,87.8,1.0,1.0,1.0,,0,0,4.0,9.0
Como vs Udinese,Como,26301,Marc-Oliver Kempf,D,90,7.3,,0.0,,,58,49.0,84.5,5.0,,1.0,,0,0,8.0,10.0
Como vs Udinese,Como,288,Alberto Moreno,D,79,7.3,,0.0,1.0,,57,51.0,89.5,2.0,1.0,,1.0,0,0,3.0,3.0
Como vs Udinese,Como,659,Maxence Caqueret,M,69,7.2,,0.0,,,24,20.0,83.3,3.0,,2.0,,0,0,3.0,9.0
Como vs Udinese,Como,288699,Máximo Perrone,M,90,6.7,,0.0,1.0,1.0,74,66.0,89.2,3.0,1.0,1.0,1.0,0,0,4.0,10.0
Como vs Udinese,Como,162266,Lucas Da Cunha,M,90,8.3,1.0,0.0,1.0,1.0,74,64.0,86.5,3.0,2.0,,1.0,0,0,5.0,7.0
Como vs Udinese,Como,8586,Mërgim Vojvoda,F,89,6.9,,0.0,1.0,,47,34.0,72.3,1.0,,1.0,1.0,0,0,3.0,9.0
Como vs Udinese,Como,26845,Anastasios Douvikas,F,90,6.5,,0.0,2.0,,15,12.0,80.0,2.0,1.0,2.0,3.0,0,0,7.0,15.0
Como vs Udinese,Como,443162,Jesús Rodriguez,F,79,6.6,,0.0,3.0,1.0,19,15.0,78.9,1.0,,2.0,1.0,1,0,3.0,10.0
Como vs Udinese,Como,350037,Nico Paz,M,21,6.6,,0.0,,,10,8.0,80.0,1.0,,1.0,1.0,0,0,2.0,4.0
Como vs Udinese,Como,336560,Álex Valle,D,11,6.6,,0.0,,,8,6.0,75.0,,,,,0,0,,
Como vs Udinese,Como,38753,Nicolas-Gerrit Kühn,F,11,6.3,,0.0,1.0,,7,6.0,85.7,,1.0,,,0,0,1.0,1.0
Como vs Udinese,Udinese,189,Daniele Padelli,G,90,7.2,,0.0,,,32,21.0,65.6,,,,,0,0,,
Como vs Udinese,Udinese,281495,Thomas Kristensen,D,90,6.7,,0.0,,,43,38.0,88.4,,2.0,1.0,,0,0,2.0,5.0
Como vs Udinese,Udinese,18797,Christian Kabasele,D,75,6.5,,0.0,,,34,29.0,85.3,,3.0,3.0,2.0,1,0,3.0,9.0
Como vs Udinese,Udinese,315249,Nicolò Bertola,D,90,6,,0.0,1.0,,42,26.0,61.9,1.0,1.0,,,0,0,3.0,7.0
Como vs Udinese,Udinese,162907,Alessandro Zanoli,M,80,7.2,,0.0,,,25,20.0,80.0,3.0,2.0,,1.0,0,0,7.0,8.0
Como vs Udinese,Udinese,1939,Jakub Piotrowski,M,75,6.2,,0.0,,,15,12.0,80.0,1.0,,2.0,2.0,0,0,5.0,11.0
Como vs Udinese,Udinese,48047,Jesper Karlström,M,90,6.9,,0.0,,,26,21.0,80.8,3.0,2.0,1.0,,0,0,3.0,6.0
Como vs Udinese,Udinese,541,Jürgen Ekkelenkamp,M,84,6.5,,0.0,1.0,,18,13.0,72.2,1.0,1.0,1.0,1.0,0,0,3.0,7.0
Como vs Udinese,Udinese,22007,Hassane Kamara,M,45,6.7,,0.0,,,16,9.0,56.2,2.0,,2.0,,1,0,4.0,7.0
Como vs Udinese,Udinese,786,Nicolò Zaniolo,F,90,6.2,,0.0,1.0,,24,14.0,58.3,,,1.0,1.0,0,0,3.0,11.0
Como vs Udinese,Udinese,19185,Keinan Davis,F,90,6.9,,0.0,,,12,9.0,75.0,1.0,,2.0,1.0,0,0,7.0,13.0
Como vs Udinese,Udinese,343558,Lennon Miller,M,45,7.2,,0.0,,,19,15.0,78.9,1.0,1.0,,,0,0,3.0,5.0
Como vs Udinese,Udinese,656,Oumar Solet,D,15,7.2,,0.0,,,24,22.0,91.7,,1.0,,,0,0,1.0,1.0
Como vs Udinese,Udinese,36916,Kingsley Ehizibue,D,15,6.7,,0.0,,,13,11.0,84.6,1.0,,2.0,2.0,1,0,3.0,7.0
Como vs Udinese,Udinese,330599,Iker Bravo,F,10,6.5,,0.0,,,2,2.0,100.0,,,,,0,0,,3.0
Como vs Udinese,Udinese,434410,Idrissa Gueye,F,10,6.5,,0.0,,,1,1.0,100.0,,,,,0,0,,1.0
Sassuolo vs Parma,Sassuolo,616,Arijanet Murić,G,90,7.3,,0.0,,,14,12.0,85.7,,,,,0,0,,
Sassuolo vs Parma,Sassuolo,40582,Sebastian Walukiewicz,D,90,7.3,,1.0,,,53,49.0,92.5,1.0,2.0,1.0,1.0,1,0,2.0,3.0
Sassuolo vs Parma,Sassuolo,37651,Jay Idzes,D,90,6.9,,0.0,,,62,56.0,90.3,,1.0,,,0,0,2.0,4.0
Sassuolo vs Parma,Sassuolo,271350,Tarik Muharemović,D,90,6.9,,0.0,,,55,48.0,87.3,1.0,3.0,1.0,,0,0,4.0,7.0
Sassuolo vs Parma,Sassuolo,135526,Josh Doig,D,86,6.7,,0.0,1.0,,30,27.0,90.0,1.0,,2.0,,0,0,2.0,6.0
Sassuolo vs Parma,Sassuolo,39143,Kristian Thorstvedt,M,90,7.9,1.0,0.0,1.0,1.0,53,45.0,84.9,,,,1.0,0,0,2.0,5.0
Sassuolo vs Parma,Sassuolo,902,Nemanja Matić,M,90,7,,0.0,,,94,88.0,93.6,1.0,,4.0,1.0,1,0,3.0,10.0
Sassuolo vs Parma,Sassuolo,343562,Luca Lipani,M,59,6.6,,0.0,,,31,29.0,93.5,2.0,,,1.0,0,0,4.0,10.0
Sassuolo vs Parma,Sassuolo,263699,Alieu Fadera,F,74,6.2,,0.0,,,28,22.0,78.6,3.0,,2.0,,0,0,3.0,10.0
Sassuolo vs Parma,Sassuolo,31094,Andrea Pinamonti,F,85,5.9,,0.0,2.0,,15,14.0,93.3,,,,1.0,0,0,2.0,7.0
Sassuolo vs Parma,Sassuolo,2215,Armand Laurienté,F,85,7.5,,0.0,3.0,2.0,34,29.0,85.3,2.0,,,1.0,0,0,5.0,10.0
Sassuolo vs Parma,Sassuolo,328046,Ismael Koné,M,31,6.6,,0.0,1.0,,24,20.0,83.3,2.0,,2.0,1.0,0,0,3.0,5.0
Sassuolo vs Parma,Sassuolo,128478,Walid Cheddira,F,16,6.3,,0.0,,,5,5.0,100.0,,,,,0,0,1.0,4.0
Sassuolo vs Parma,Sassuolo,31440,Luca Moro,F,10,6.2,,0.0,,,0,,,,,,,0,0,,
Sassuolo vs Parma,Sassuolo,30849,Nicholas Pierini,F,10,6.3,,0.0,,,2,2.0,100.0,,,,,0,0,1.0,2.0
Sassuolo vs Parma,Sassuolo,41371,Fali Candé,D,9,6.7,,0.0,,,3,,,,,,,0,0,,1.0
Sassuolo vs Parma,Parma,180762,Edoardo Corvi,G,90,6.9,,0.0,,,34,24.0,70.6,,,,1.0,0,0,1.0,1.0
Sassuolo vs Parma,Parma,30420,Enrico Del Prato,D,78,6.9,,0.0,,,29,28.0,96.6,2.0,1.0,1.0,,0,0,4.0,7.0
Sassuolo vs Parma,Parma,348568,Alessandro Circati,D,90,6.9,,0.0,,,57,53.0,93.0,,,1.0,,1,0,3.0,5.0
Sassuolo vs Parma,Parma,6221,Lautaro Valenti,D,90,7.2,,0.0,1.0,1.0,59,43.0,72.9,4.0,1.0,,,0,0,6.0,6.0
Sassuolo vs Parma,Parma,91358,Emanuele Valeri,D,90,6.9,,0.0,,,24,20.0,83.3,3.0,,,1.0,0,0,6.0,13.0
Sassuolo vs Parma,Parma,628,Adrián Bernabé,M,90,7.5,,0.0,1.0,,64,60.0,93.8,2.0,,,4.0,0,0,6.0,7.0
Sassuolo vs Parma,Parma,308836,Mandela Keita,M,90,7.2,,0.0,1.0,,54,46.0,85.2,4.0,4.0,2.0,1.0,0,0,6.0,10.0
Sassuolo vs Parma,Parma,161569,Oliver Sørensen,M,90,6.6,,0.0,1.0,,33,29.0,87.9,1.0,2.0,,,0,0,1.0,2.0
Sassuolo vs Parma,Parma,161859,Gaetano Oristanio,F,70,7,,0.0,,,17,14.0,82.4,1.0,,,1.0,0,0,5.0,8.0
Sassuolo vs Parma,Parma,292172,Mateo Pellegrino,F,90,7.2,1.0,0.0,3.0,2.0,18,12.0,66.7,1.0,,1.0,1.0,0,0,4.0,13.0
Sassuolo vs Parma,Parma,191979,Jacob Ondrejka,F,70,6.5,,0.0,,,25,22.0,88.0,1.0,,2.0,2.0,0,0,3.0,6.0
Sassuolo vs Parma,Parma,6409,Nahuel Estévez,M,20,7,,0.0,,,16,15.0,93.8,,,,1.0,0,0,1.0,2.0
Sassuolo vs Parma,Parma,48193,Pontus Almqvist,F,20,6.3,,0.0,2.0,2.0,10,9.0,90.0,1.0,2.0,,,0,0,2.0,2.0
Sassuolo vs Parma,Parma,499380,Sascha Britschgi,D,12,6.9,,0.0,,,8,6.0,75.0,1.0,1.0,,,0,0,2.0,2.0
Genoa vs Pisa,Genoa,31631,Nicola Leali,G,90,5.9,,0.0,,,26,15.0,57.7,,,,,0,0,,
Genoa vs Pisa,Genoa,387128,Sebastian Otoa,D,84,7.2,,0.0,,,48,45.0,93.8,,,,2.0,0,0,2.0,6.0
Genoa vs Pisa,Genoa,18967,Leo Østigård,D,90,7.9,,0.0,,,54,51.0,94.4,2.0,,,,0,0,9.0,10.0
Genoa vs Pisa,Genoa,35544,Johan Vásquez,D,90,6.9,,0.0,1.0,1.0,59,49.0,83.1,1.0,3.0,1.0,1.0,0,0,5.0,9.0
Genoa vs Pisa,Genoa,284570,Brooke Norton-Cuffy,M,76,6.9,,0.0,,,36,30.0,83.3,1.0,,,,0,0,2.0,5.0
Genoa vs Pisa,Genoa,1938,Ruslan Malinovskyi,M,90,6.9,,0.0,1.0,,64,56.0,87.5,2.0,,3.0,2.0,1,0,9.0,22.0
Genoa vs Pisa,Genoa,15881,Morten Frendrup,M,90,6.9,,0.0,1.0,,45,38.0,84.4,3.0,1.0,,1.0,0,0,5.0,6.0
Genoa vs Pisa,Genoa,36980,Morten Thorsby,M,64,6.9,,0.0,1.0,1.0,18,6.0,33.3,,,,,0,0,10.0,13.0
Genoa vs Pisa,Genoa,25914,Aarón Martín,M,90,7.2,,0.0,,,33,26.0,78.8,2.0,,,2.0,0,0,4.0,10.0
Genoa vs Pisa,Genoa,263481,Lorenzo Colombo,F,76,8.2,1.0,0.0,1.0,1.0,20,14.0,70.0,1.0,,,3.0,0,0,5.0,11.0
Genoa vs Pisa,Genoa,281408,Vitinha,F,90,7.5,,0.0,4.0,1.0,21,15.0,71.4,2.0,1.0,4.0,4.0,0,0,18.0,34.0
Genoa vs Pisa,Genoa,451504,Jeff Ekhator,F,26,6.2,,0.0,,,4,2.0,50.0,,,1.0,1.0,0,0,1.0,2.0
Genoa vs Pisa,Genoa,89520,Mikael Ellertsson,M,14,6.9,,0.0,,,7,6.0,85.7,1.0,,,1.0,0,0,2.0,4.0
Genoa vs Pisa,Genoa,3430,Caleb Ekuban,F,14,6.3,,0.0,,,2,2.0,100.0,,,,,0,0,2.0,5.0
Genoa vs Pisa,Genoa,281826,Alessandro Marcandalli,D,13,6.7,,0.0,,,2,1.0,50.0,,1.0,,,0,0,,
Genoa vs Pisa,Pisa,30733,Adrian Šemper,G,90,8.3,,0.0,,,29,19.0,65.5,,,,,0,0,1.0,1.0
Genoa vs Pisa,Pisa,91503,Simone Canestrelli,D,90,6.2,,0.0,,,17,12.0,70.6,,2.0,2.0,,1,0,3.0,10.0
Genoa vs Pisa,Pisa,314,Raúl Albiol,D,62,6.6,,0.0,,,26,18.0,69.2,3.0,,1.0,,0,0,4.0,8.0
Genoa vs Pisa,Pisa,341838,Giovanni Bonfanti,D,72,6.5,,0.0,,,16,11.0,68.8,1.0,2.0,,,0,0,2.0,6.0
Genoa vs Pisa,Pisa,56293,Idrissa Touré,M,90,6.7,,0.0,,,22,11.0,50.0,3.0,,,,0,0,14.0,24.0
Genoa vs Pisa,Pisa,30753,Mehdi Léris,M,58,7.3,1.0,0.0,3.0,2.0,14,8.0,57.1,4.0,,3.0,1.0,1,0,9.0,17.0
Genoa vs Pisa,Pisa,951,Michel Aebischer,M,90,7.2,,0.0,,,49,39.0,79.6,2.0,4.0,1.0,3.0,0,0,6.0,11.0
Genoa vs Pisa,Pisa,15723,Malthe Højholt,M,58,6.7,,0.0,1.0,,12,9.0,75.0,1.0,1.0,1.0,,0,0,2.0,5.0
Genoa vs Pisa,Pisa,302069,Samuele Angori,M,90,7,,0.0,,,22,16.0,72.7,,1.0,,1.0,0,0,1.0,2.0
Genoa vs Pisa,Pisa,31560,Stefano Moreo,F,72,6.3,,0.0,1.0,,11,8.0,72.7,2.0,1.0,2.0,,0,0,3.0,10.0
Genoa vs Pisa,Pisa,331678,Henrik Wendel Meister,F,90,6.2,,0.0,,,6,3.0,50.0,,,2.0,1.0,0,0,4.0,14.0
Genoa vs Pisa,Pisa,30723,Marius Marin,M,32,7.2,,0.0,,,10,5.0,50.0,5.0,,2.0,1.0,0,0,8.0,14.0
Genoa vs Pisa,Pisa,325387,Gabriele Piccinini,M,32,6.2,,0.0,,,8,5.0,62.5,,1.0,,1.0,0,0,1.0,3.0
Genoa vs Pisa,Pisa,31604,Antonio Caracciolo,D,28,6.9,,0.0,1.0,,6,6.0,100.0,1.0,,1.0,,0,0,2.0,4.0
Genoa vs Pisa,Pisa,30469,Arturo Calabresi,D,18,6.6,,0.0,,,7,5.0,71.4,,,2.0,,1,0,1.0,4.0
Genoa vs Pisa,Pisa,31318,M'Bala Nzola,F,18,6.5,,0.0,,,4,2.0,50.0,,,,1.0,0,0,2.0,4.0
Juventus vs Lecce,Juventus,30670,Michele Di Gregorio,G,90,6.5,,0.0,,,6,5.0,83.3,,,,,0,0,,
Juventus vs Lecce,Juventus,162188,Pierre Kalulu,D,90,6.6,,0.0,,,64,61.0,95.3,1.0,,1.0,,0,0,2.0,5.0
Juventus vs Lecce,Juventus,30497,Bremer,D,90,6.9,,0.0,,,74,68.0,91.9,1.0,1.0,,,0,0,3.0,5.0
Juventus vs Lecce,Juventus,19263,Lloyd Kelly,D,90,7.2,,0.0,1.0,,90,83.0,92.2,1.0,,1.0,,0,0,8.0,10.0
Juventus vs Lecce,Juventus,127011,Andrea Cambiaso,D,69,6.3,,0.0,3.0,1.0,50,40.0,80.0,6.0,,,,0,0,6.0,9.0
Juventus vs Lecce,Juventus,30533,Manuel Locatelli,M,77,7.9,,0.0,,,91,82.0,90.1,,,,1.0,0,0,1.0,3.0
Juventus vs Lecce,Juventus,116,Khéphren Thuram,M,69,6.9,,0.0,,,53,49.0,92.5,5.0,,1.0,,0,0,7.0,11.0
Juventus vs Lecce,Juventus,161585,Francisco Conceição,M,45,6.9,,0.0,,,29,27.0,93.1,3.0,1.0,1.0,,0,0,4.0,5.0
Juventus vs Lecce,Juventus,415,Weston McKennie,M,83,7.3,1.0,0.0,1.0,1.0,36,30.0,83.3,,,1.0,,0,0,1.0,4.0
Juventus vs Lecce,Juventus,339883,Kenan Yıldız,M,90,8.3,,0.0,2.0,,58,46.0,79.3,,,,2.0,0,0,12.0,23.0
Juventus vs Lecce,Juventus,8489,Jonathan David,F,90,4.9,,0.0,3.0,3.0,30,22.0,73.3,,,,1.0,0,0,4.0,11.0
Juventus vs Lecce,Juventus,48392,Edon Zhegrova,F,45,6.9,,0.0,1.0,,26,24.0,92.3,1.0,,,,0,0,2.0,6.0
Juventus vs Lecce,Juventus,1821,Filip Kostić,M,21,6.6,,0.0,1.0,,29,26.0,89.7,1.0,1.0,,,0,0,2.0,5.0
Juventus vs Lecce,Juventus,36899,Teun Koopmeiners,M,21,6.6,,0.0,,,22,21.0,95.5,,,,1.0,0,0,1.0,2.0
Juventus vs Lecce,Juventus,86,Loïs Openda,F,13,6.2,,0.0,1.0,,6,5.0,83.3,,,,,0,0,,1.0
Juventus vs Lecce,Juventus,339872,Vasilije Adžić,M,14,6.7,,0.0,,,11,11.0,100.0,1.0,,1.0,,0,0,1.0,3.0
Juventus vs Lecce,Lecce,56459,Wladimiro Falcone,G,90,7.5,,0.0,,,36,10.0,27.8,,,,,1,0,1.0,1.0
Juventus vs Lecce,Lecce,458543,Matías Pérez Sepúlveda,D,32,7,,0.0,,,15,14.0,93.3,,,,,0,0,,1.0
Juventus vs Lecce,Lecce,291589,Kialonda Gaspar,D,90,7.5,,0.0,,,34,31.0,91.2,4.0,2.0,1.0,,0,0,4.0,7.0
Juventus vs Lecce,Lecce,455316,Tiago Gabriel,D,90,7.3,,0.0,,,32,31.0,96.9,1.0,,1.0,,0,0,3.0,4.0
Juventus vs Lecce,Lecce,31543,Antonino Gallo,D,90,7.2,,0.0,,,23,19.0,82.6,4.0,,,,0,0,5.0,9.0
Juventus vs Lecce,Lecce,197779,Mohamed Kaba,M,90,6.9,,0.0,1.0,,28,21.0,75.0,3.0,2.0,1.0,1.0,0,0,6.0,13.0
Juventus vs Lecce,Lecce,15673,Ylber Ramadani,M,90,6.5,,0.0,,,25,21.0,84.0,2.0,2.0,,,0,0,2.0,6.0
Juventus vs Lecce,Lecce,56560,Youssef Maleh,M,90,7,,0.0,,,21,15.0,71.4,4.0,,,2.0,1,0,7.0,11.0
Juventus vs Lecce,Lecce,6662,Santiago Pierotti,F,68,6.5,,0.0,1.0,,21,17.0,81.0,4.0,,,,0,0,6.0,19.0
Juventus vs Lecce,Lecce,436260,Francesco Camarda,F,68,6.2,,0.0,,,7,6.0,85.7,,,1.0,,0,0,,3.0
Juventus vs Lecce,Lecce,118956,Lameck Banda,F,81,7.6,1.0,0.0,1.0,1.0,17,12.0,70.6,1.0,1.0,,1.0,0,0,3.0,9.0
Juventus vs Lecce,Lecce,161702,Danilo Veiga,D,58,6.3,,0.0,,,10,6.0,60.0,5.0,,1.0,,1,0,5.0,10.0
Juventus vs Lecce,Lecce,19738,Corrie Ndaba,D,22,7,,0.0,,,1,1.0,100.0,,,,,0,0,1.0,1.0
Juventus vs Lecce,Lecce,264122,Nikola Štulić,F,22,6.7,,0.0,1.0,,5,3.0,60.0,1.0,,2.0,1.0,0,0,4.0,7.0
Juventus vs Lecce,Lecce,28744,Þórir Jóhann Helgason,M,9,6.9,,0.0,,,1,1.0,100.0,1.0,,,,0,0,2.0,2.0
Atalanta vs AS Roma,Atalanta,30417,Marco Carnesecchi,G,90,8,,0.0,,,28,15.0,53.6,,,,1.0,0,0,1.0,1.0
Atalanta vs AS Roma,Atalanta,289761,Giorgio Scalvini,D,59,8.3,1.0,0.0,1.0,1.0,24,21.0,87.5,2.0,,,,0,0,4.0,7.0
Atalanta vs AS Roma,Atalanta,30421,Berat Djimsiti,D,90,8.9,,0.0,,,33,29.0,87.9,6.0,3.0,,,0,0,8.0,10.0
Atalanta vs AS Roma,Atalanta,1442,Sead Kolašinac,D,26,6.6,,0.0,,,5,4.0,80.0,1.0,,1.0,,0,0,1.0,2.0
Atalanta vs AS Roma,Atalanta,2286,Davide Zappacosta,M,90,7,,0.0,,,28,22.0,78.6,1.0,,,,0,0,3.0,5.0
Atalanta vs AS Roma,Atalanta,30432,Marten de Roon,M,90,7.7,,0.0,,,44,36.0,81.8,3.0,,1.0,1.0,1,0,5.0,6.0
Atalanta vs AS Roma,Atalanta,10097,Éderson,M,72,6.9,,0.0,,,43,34.0,79.1,2.0,,1.0,3.0,0,0,7.0,10.0
Atalanta vs AS Roma,Atalanta,264857,Lorenzo Bernasconi,M,90,6.7,,0.0,,,34,25.0,73.5,1.0,2.0,1.0,,0,0,1.0,3.0
Atalanta vs AS Roma,Atalanta,147859,Charles De Ketelaere,F,90,7.2,,0.0,,,51,36.0,70.6,2.0,,1.0,3.0,0,0,10.0,19.0
Atalanta vs AS Roma,Atalanta,203474,Nicola Zalewski,F,60,6.6,,0.0,1.0,,15,9.0,60.0,1.0,2.0,1.0,5.0,0,0,9.0,17.0
Atalanta vs AS Roma,Atalanta,30544,Gianluca Scamacca,F,72,5.9,,0.0,1.0,,17,13.0,76.5,,,4.0,,0,0,3.0,13.0
Atalanta vs AS Roma,Atalanta,453906,Honest Ahanor,D,64,7.5,,0.0,,,27,24.0,88.9,5.0,,1.0,1.0,0,0,8.0,11.0
Atalanta vs AS Roma,Atalanta,137976,Isak Hien,D,31,6.9,,0.0,,,6,5.0,83.3,3.0,1.0,2.0,1.0,0,0,4.0,7.0
Atalanta vs AS Roma,Atalanta,162106,Yunus Musah,M,30,6.7,,0.0,,,14,12.0,85.7,,,,,0,0,,2.0
Atalanta vs AS Roma,Atalanta,134926,Daniel Maldini,F,18,6.6,,0.0,,,8,5.0,62.5,,,,,0,0,1.0,3.0
Atalanta vs AS Roma,Atalanta,66817,Nikola Krstović,F,18,6.3,,0.0,2.0,1.0,7,6.0,85.7,1.0,,3.0,,0,0,4.0,8.0
Atalanta vs AS Roma,AS Roma,556,Mile Svilar,G,90,6.5,,0.0,,,43,31.0,72.1,,,,,0,0,2.0,2.0
Atalanta vs AS Roma,AS Roma,30425,Gianluca Mancini,D,90,7.2,,0.0,,,50,45.0,90.0,5.0,2.0,5.0,4.0,1,0,12.0,17.0
Atalanta vs AS Roma,AS Roma,384543,Jan Ziółkowski,D,45,6.9,,0.0,,,17,15.0,88.2,1.0,1.0,,1.0,0,0,3.0,4.0
Atalanta vs AS Roma,AS Roma,2669,Mario Hermoso,D,90,6.3,,0.0,,,59,49.0,83.1,3.0,2.0,3.0,2.0,1,0,5.0,12.0
Atalanta vs AS Roma,AS Roma,22222,Zeki Çelik,M,90,7.2,,0.0,,,41,35.0,85.4,2.0,,1.0,1.0,0,0,3.0,7.0
Atalanta vs AS Roma,AS Roma,778,Bryan Cristante,M,90,6.7,,0.0,,,73,57.0,78.1,3.0,1.0,3.0,1.0,0,0,7.0,18.0
Atalanta vs AS Roma,AS Roma,22147,Manu Koné,M,83,6.7,,0.0,1.0,,30,28.0,93.3,1.0,,1.0,2.0,0,0,4.0,11.0
Atalanta vs AS Roma,AS Roma,162452,Devyne Rensch,M,59,6.3,,0.0,1.0,,25,18.0,72.0,1.0,,,,0,0,3.0,5.0
Atalanta vs AS Roma,AS Roma,323936,Matías Soulé,F,66,6.2,,0.0,1.0,1.0,22,17.0,77.3,1.0,,,1.0,0,0,3.0,14.0
Atalanta vs AS Roma,AS Roma,875,Paulo Dybala,F,90,6.2,,0.0,1.0,,37,30.0,81.1,,,,1.0,0,0,2.0,6.0
Atalanta vs AS Roma,AS Roma,129643,Evan Ferguson,F,60,6.3,,0.0,3.0,3.0,11,7.0,63.6,,,,1.0,0,0,2.0,9.0
Atalanta vs AS Roma,AS Roma,349001,Wesley,D,45,7,,0.0,,,18,15.0,83.3,,1.0,,,0,0,,1.0
Atalanta vs AS Roma,AS Roma,1600,Konstantinos Tsimikas,D,31,7.3,,0.0,,,13,11.0,84.6,1.0,,1.0,,0,0,4.0,6.0
Atalanta vs AS Roma,AS Roma,15811,Artem Dovbyk,F,30,6.3,,0.0,,,5,4.0,80.0,1.0,,1.0,2.0,0,0,3.0,7.0
Atalanta vs AS Roma,AS Roma,791,Stephan El Shaarawy,F,24,6.5,,0.0,,,13,11.0,84.6,1.0,,,,0,0,1.0,4.0
Atalanta vs AS Roma,AS Roma,356888,Niccolò Pisilli,M,13,6.7,,0.0,,,5,3.0,60.0,,,,,0,0,1.0,1.0
Lazio vs Napoli,Lazio,31037,Ivan Provedel,G,90,6.2,,0.0,,,36,30.0,83.3,,,,,0,0,1.0,1.0
Lazio vs Napoli,Lazio,1844,Adam Marušić,D,87,6.3,,0.0,,,24,22.0,91.7,,,,1.0,0,1,2.0,4.0
Lazio vs Napoli,Lazio,162952,Mario Gila Fuentes,D,90,6.9,,0.0,,,43,39.0,90.7,2.0,,,1.0,0,0,3.0,3.0
Lazio vs Napoli,Lazio,1632,Alessio Romagnoli,D,90,7.5,,0.0,,,47,42.0,89.4,1.0,1.0,,,1,0,2.0,2.0
Lazio vs Napoli,Lazio,30554,Luca Pellegrini,D,62,6.3,,0.0,,,26,22.0,84.6,5.0,,1.0,,0,0,8.0,13.0
Lazio vs Napoli,Lazio,1454,Mattéo Guendouzi,M,90,6.2,,0.0,1.0,,37,31.0,83.8,1.0,,2.0,2.0,0,0,3.0,8.0
Lazio vs Napoli,Lazio,1852,Danilo Cataldi,M,71,6.7,,0.0,,,19,16.0,84.2,2.0,1.0,1.0,,1,0,2.0,4.0
Lazio vs Napoli,Lazio,1266,Toma Bašić,M,90,6.9,,0.0,,,26,24.0,92.3,2.0,2.0,1.0,,0,0,2.0,3.0
Lazio vs Napoli,Lazio,286474,Matteo Cancellieri,F,71,6.9,,0.0,2.0,,14,11.0,78.6,3.0,1.0,1.0,1.0,0,0,4.0,8.0
Lazio vs Napoli,Lazio,133729,Tijjani Noslin,F,81,5.9,,0.0,,,19,13.0,68.4,,,3.0,2.0,2,1,3.0,9.0
Lazio vs Napoli,Lazio,30937,Mattia Zaccagni,F,87,6.9,,0.0,,,20,18.0,90.0,1.0,1.0,1.0,2.0,1,0,4.0,7.0
Lazio vs Napoli,Lazio,30866,Manuel Lazzari,M,28,6.9,,0.0,,,14,14.0,100.0,1.0,,,,0,0,1.0,2.0
Lazio vs Napoli,Lazio,333116,Reda Belahyane,M,19,6.7,,0.0,,,4,2.0,50.0,,,,,0,0,,
Lazio vs Napoli,Lazio,135519,Gustav Isaksen,F,19,6.6,,0.0,,,11,8.0,72.7,1.0,,,1.0,0,0,2.0,3.0
Lazio vs Napoli,Lazio,2299,Pedro,F,9,6.7,,0.0,,,7,6.0,85.7,,,,1.0,0,0,1.0,1.0
Lazio vs Napoli,Napoli,31156,Vanja Milinković-Savić,G,90,6.6,,0.0,,,39,36.0,92.3,,,,,0,0,,
Lazio vs Napoli,Napoli,31042,Giovanni Di Lorenzo,D,90,7.2,,0.0,,,84,81.0,96.4,,,3.0,,0,0,1.0,3.0
Lazio vs Napoli,Napoli,1314,Amir Rrahmani,D,79,8,1.0,0.0,1.0,1.0,100,95.0,95.0,,,,1.0,1,0,4.0,4.0
Lazio vs Napoli,Napoli,774,Juan Jesus,D,90,7.2,,0.0,,,98,91.0,92.9,4.0,1.0,1.0,,0,0,4.0,6.0
Lazio vs Napoli,Napoli,219,Matteo Politano,M,90,7.6,,2.0,,,41,35.0,85.4,,,1.0,2.0,0,0,3.0,9.0
Lazio vs Napoli,Napoli,903,Scott McTominay,M,90,7.2,,0.0,4.0,1.0,82,79.0,96.3,,,,1.0,0,0,2.0,8.0
Lazio vs Napoli,Napoli,47439,Stanislav Lobotka,M,90,7,,0.0,,,90,85.0,94.4,1.0,,,2.0,0,0,4.0,7.0
Lazio vs Napoli,Napoli,862,Leonardo Spinazzola,M,79,7.2,1.0,0.0,3.0,1.0,37,28.0,75.7,,,,,0,0,,3.0
Lazio vs Napoli,Napoli,552,David Neres,F,70,7.3,,0.0,,,20,17.0,85.0,,,,,0,0,3.0,7.0
Lazio vs Napoli,Napoli,1358,Eljif Elmas,F,86,6.6,,0.0,2.0,,25,22.0,88.0,2.0,,2.0,2.0,0,0,6.0,8.0
Lazio vs Napoli,Napoli,288006,Rasmus Højlund,F,86,5.9,,0.0,1.0,,10,9.0,90.0,,,3.0,,0,0,,6.0
Lazio vs Napoli,Napoli,31390,Pasquale Mazzocchi,D,17,6.6,,0.0,,,7,6.0,85.7,,,1.0,,0,1,,2.0
Lazio vs Napoli,Napoli,31226,Alessandro Buongiorno,D,11,6.7,,0.0,,,5,5.0,100.0,,,2.0,1.0,0,0,1.0,3.0
Lazio vs Napoli,Napoli,162032,Miguel Gutiérrez,D,11,6.9,,0.0,,,7,7.0,100.0,1.0,,,,0,0,1.0,1.0
Lazio vs Napoli,Napoli,544,Noa Lang,F,10,6.3,,0.0,,,4,4.0,100.0,,,,,0,0,,
Lazio vs Napoli,Napoli,341912,Giuseppe Ambrosino,F,10,6.7,,0.0,,,1,1.0,100.0,,,,,0,0,1.0,1.0
Fiorentina vs Cremonese,Fiorentina,882,David De Gea,G,90,7.3,,0.0,,,25,18.0,72.0,,,,,0,0,,
Fiorentina vs Cremonese,Fiorentina,41144,Dodô,D,90,7.3,,0.0,,,59,49.0,83.1,1.0,,,,1,0,3.0,5.0
Fiorentina vs Cremonese,Fiorentina,396637,Pietro Comuzzo,D,90,6.9,,0.0,,,45,43.0,95.6,1.0,2.0,,,0,0,1.0,6.0
Fiorentina vs Cremonese,Fiorentina,1084,Marin Pongračić,D,90,7.2,,0.0,,,68,61.0,89.7,2.0,1.0,2.0,,0,0,4.0,7.0
Fiorentina vs Cremonese,Fiorentina,31642,Luca Ranieri,D,66,7,,0.0,1.0,1.0,47,40.0,85.1,,2.0,2.0,1.0,0,0,3.0,6.0
Fiorentina vs Cremonese,Fiorentina,30810,Rolando Mandragora,M,85,7.6,,0.0,1.0,1.0,31,29.0,93.5,,,,2.0,0,0,5.0,7.0
Fiorentina vs Cremonese,Fiorentina,311083,Cher Ndour,M,76,6.2,,0.0,,,29,21.0,72.4,1.0,,2.0,,0,0,1.0,5.0
Fiorentina vs Cremonese,Fiorentina,136087,Fabiano Parisi,M,66,7,,0.0,1.0,,30,26.0,86.7,,2.0,,2.0,0,0,2.0,4.0
Fiorentina vs Cremonese,Fiorentina,876,Nicolò Fagioli,M,90,8.6,,0.0,1.0,1.0,79,65.0,82.3,3.0,1.0,,5.0,0,0,9.0,9.0
Fiorentina vs Cremonese,Fiorentina,2799,Albert Guðmundsson,M,85,6.2,,0.0,2.0,1.0,39,33.0,84.6,,,1.0,1.0,0,0,2.0,3.0
Fiorentina vs Cremonese,Fiorentina,30440,Roberto Piccoli,F,90,6.2,,0.0,2.0,1.0,10,8.0,80.0,,,2.0,5.0,0,0,5.0,12.0
Fiorentina vs Cremonese,Fiorentina,30422,Robin Gosens,D,24,6.9,,0.0,1.0,1.0,17,15.0,88.2,1.0,,1.0,1.0,0,0,2.0,3.0
Fiorentina vs Cremonese,Fiorentina,697,Manor Solomon,F,24,6.7,,0.0,,,15,12.0,80.0,,,,,0,0,1.0,1.0
Fiorentina vs Cremonese,Fiorentina,437093,Niccolò Fortini,D,14,6.9,,0.0,1.0,1.0,17,16.0,94.1,,,,1.0,0,0,2.0,2.0
Fiorentina vs Cremonese,Fiorentina,881,Hans Nicolussi Caviglia,M,11,6.6,,0.0,,,6,5.0,83.3,,,,1.0,0,0,1.0,2.0
Fiorentina vs Cremonese,Fiorentina,877,Moise Kean,F,11,7.3,1.0,0.0,2.0,1.0,1,1.0,100.0,,,,,0,0,,
Fiorentina vs Cremonese,Cremonese,30441,Emil Audero,G,90,8.2,,0.0,,,41,25.0,61.0,,,,,0,0,2.0,2.0
Fiorentina vs Cremonese,Cremonese,264472,Filippo Terracciano,D,90,7,,0.0,,,35,33.0,94.3,,4.0,,1.0,0,0,1.0,1.0
Fiorentina vs Cremonese,Cremonese,127035,Federico Baschirotto,D,90,6.9,,0.0,,,19,17.0,89.5,,2.0,4.0,1.0,0,0,3.0,8.0
Fiorentina vs Cremonese,Cremonese,385788,Francesco Folino,D,90,6.2,,0.0,,,33,26.0,78.8,1.0,,1.0,,0,0,2.0,3.0
Fiorentina vs Cremonese,Cremonese,126980,Tommaso Barbieri,M,90,6.6,,0.0,,,22,14.0,63.6,2.0,,2.0,1.0,0,0,4.0,11.0
Fiorentina vs Cremonese,Cremonese,6383,Martín Payero,M,75,6.7,,0.0,2.0,,13,6.0,46.2,,,1.0,1.0,1,0,2.0,6.0
Fiorentina vs Cremonese,Cremonese,266813,Warren Bondo,M,29,6.5,,0.0,,,12,12.0,100.0,,,2.0,,1,0,,2.0
Fiorentina vs Cremonese,Cremonese,31211,Jari Vandeputte,M,59,6.6,,0.0,,,14,11.0,78.6,1.0,1.0,1.0,,0,0,1.0,4.0
Fiorentina vs Cremonese,Cremonese,30775,Giuseppe Pezzella,M,90,6.2,,0.0,,,19,9.0,47.4,,1.0,2.0,,0,0,,4.0
Fiorentina vs Cremonese,Cremonese,31436,Federico Bonazzoli,F,76,6.3,,0.0,,,22,17.0,77.3,1.0,,,3.0,0,0,4.0,10.0
Fiorentina vs Cremonese,Cremonese,18788,Jamie Vardy,F,76,6.3,,0.0,,,15,8.0,53.3,,,1.0,,0,0,4.0,7.0
Fiorentina vs Cremonese,Cremonese,31021,Alberto Grassi,M,61,6.9,,0.0,1.0,,19,12.0,63.2,1.0,,1.0,1.0,0,0,2.0,3.0
Fiorentina vs Cremonese,Cremonese,2057,Franco Vázquez,F,31,7.3,,0.0,,,11,7.0,63.6,2.0,1.0,2.0,,0,0,3.0,5.0
Fiorentina vs Cremonese,Cremonese,31219,Alessio Zerbin,F,15,6.3,,0.0,1.0,1.0,3,,,,1.0,,,0,0,1.0,1.0
Fiorentina vs Cremonese,Cremonese,102447,Faris Moumbagna,F,14,6.2,,0.0,,,0,,,,,1.0,,0,0,,2.0
Fiorentina vs Cremonese,Cremonese,2522,Antonio Sanabria,F,14,6.3,,0.0,1.0,1.0,5,4.0,80.0,,,1.0,1.0,0,0,2.0,3.0
Hellas Verona vs Torino,Hellas Verona,30611,Lorenzo Montipò,G,90,6.2,,0.0,,,25,13.0,52.0,,,,1.0,0,0,2.0,2.0
Hellas Verona vs Torino,Hellas Verona,47277,Unai Núñez,D,90,6.2,,0.0,,,43,32.0,74.4,,1.0,2.0,1.0,0,0,4.0,12.0
Hellas Verona vs Torino,Hellas Verona,15912,Victor Nelsson,D,90,6.6,,0.0,,,27,23.0,85.2,3.0,,2.0,1.0,0,0,12.0,15.0
Hellas Verona vs Torino,Hellas Verona,25061,Armel Bella-Kotchap,D,90,6.6,,0.0,,,44,37.0,84.1,2.0,2.0,,1.0,0,0,8.0,9.0
Hellas Verona vs Torino,Hellas Verona,153408,Daniel Oyegoke,M,45,6.2,,0.0,,,10,7.0,70.0,1.0,2.0,,,0,0,1.0,4.0
Hellas Verona vs Torino,Hellas Verona,418,Suat Serdar,M,67,6.6,,0.0,,,33,26.0,78.8,1.0,,,,0,0,1.0,10.0
Hellas Verona vs Torino,Hellas Verona,42006,Mutassim Al-Musrati,M,45,6.9,,0.0,,,23,14.0,60.9,1.0,2.0,,,0,0,5.0,7.0
Hellas Verona vs Torino,Hellas Verona,15909,Martin Frese,M,90,6.6,,0.0,,,38,26.0,68.4,1.0,1.0,,1.0,0,0,3.0,4.0
Hellas Verona vs Torino,Hellas Verona,312615,Giovane,F,90,6.2,,0.0,2.0,2.0,22,14.0,63.6,1.0,,,1.0,0,0,4.0,17.0
Hellas Verona vs Torino,Hellas Verona,1090,Antoine Bernede,F,75,6.7,,0.0,,,37,29.0,78.4,4.0,,,,0,0,4.0,8.0
Hellas Verona vs Torino,Hellas Verona,59421,Daniel Mosquera,F,75,5.6,,0.0,1.0,,11,8.0,72.7,,,7.0,,0,0,3.0,17.0
Hellas Verona vs Torino,Hellas Verona,203,Roberto Gagliardini,M,45,6.2,,0.0,,,36,29.0,80.6,1.0,1.0,1.0,,0,0,1.0,4.0
Hellas Verona vs Torino,Hellas Verona,368260,Gift Orban,F,45,7,,0.0,1.0,1.0,12,10.0,83.3,,,,1.0,0,0,3.0,3.0
Hellas Verona vs Torino,Hellas Verona,37437,Abdou Harroui,M,23,6.2,,0.0,,,18,16.0,88.9,,,,,0,0,,2.0
Hellas Verona vs Torino,Hellas Verona,867,Grigoris Kastanos,M,15,6.3,,0.0,,,10,8.0,80.0,,1.0,1.0,,0,0,1.0,4.0
Hellas Verona vs Torino,Hellas Verona,236955,Amin Sarr,F,15,6.6,,0.0,1.0,,8,6.0,75.0,,,,,0,0,3.0,5.0
Hellas Verona vs Torino,Torino,30642,Alberto Paleari,G,90,6.9,,0.0,,,30,12.0,40.0,,,,1.0,1,0,2.0,2.0
Hellas Verona vs Torino,Torino,14329,Ardian Ismajli,D,90,7.3,,1.0,,,71,64.0,90.1,2.0,2.0,,,0,0,4.0,8.0
Hellas Verona vs Torino,Torino,2553,Guillermo Maripán,D,90,7.6,,0.0,,,48,38.0,79.2,5.0,3.0,,1.0,0,0,12.0,16.0
Hellas Verona vs Torino,Torino,122468,Saúl Coco,D,90,7,,0.0,,,50,38.0,76.0,1.0,2.0,1.0,,0,0,5.0,9.0
Hellas Verona vs Torino,Torino,25353,Valentino Lazaro,M,90,7.2,,0.0,1.0,1.0,45,37.0,82.2,3.0,3.0,,1.0,0,0,5.0,6.0
Hellas Verona vs Torino,Torino,842,Nikola Vlašić,M,90,6.9,,0.0,2.0,,37,31.0,83.8,3.0,,1.0,2.0,0,0,6.0,12.0
Hellas Verona vs Torino,Torino,336573,Emirhan İlkhan,M,67,7,,0.0,,,38,33.0,86.8,,2.0,,1.0,0,0,4.0,9.0
Hellas Verona vs Torino,Torino,343189,Gvidas Gineitis,M,75,6.9,,0.0,1.0,,28,19.0,67.9,4.0,1.0,1.0,1.0,0,0,9.0,15.0
Hellas Verona vs Torino,Torino,243,Zakaria Aboukhlal,M,83,7.2,,0.0,2.0,,25,18.0,72.0,4.0,,2.0,2.0,1,0,8.0,12.0
Hellas Verona vs Torino,Torino,19524,Che Adams,F,83,6,,0.0,1.0,,24,16.0,66.7,2.0,,1.0,,0,0,3.0,10.0
Hellas Verona vs Torino,Torino,30414,Giovanni Simeone,F,75,7.7,1.0,0.0,2.0,2.0,16,9.0,56.2,2.0,,,1.0,0,0,6.0,14.0
Hellas Verona vs Torino,Torino,22174,Adrien Tameze,M,23,6.3,,0.0,,,10,8.0,80.0,,1.0,,,0,0,,1.0
Hellas Verona vs Torino,Torino,270507,Cesare Casadei,M,15,7.9,1.0,0.0,1.0,1.0,13,12.0,92.3,,,,,0,0,1.0,2.0
Hellas Verona vs Torino,Torino,2495,Duván Zapata,F,15,6.3,,0.0,1.0,,4,3.0,75.0,,,,2.0,0,0,2.0,4.0
Hellas Verona vs Torino,Torino,349232,Ali Dembélé,D,12,6.6,,0.0,,,3,3.0,100.0,,,,,0,0,,
Hellas Verona vs Torino,Torino,383006,Alieu Njie,F,12,8,1.0,1.0,1.0,1.0,2,2.0,100.0,,,1.0,,0,0,1.0,3.0
Inter vs Bologna,Inter,2802,Yann Sommer,G,90,6.5,,0.0,,,34,26.0,76.5,,,,,0,0,,
Inter vs Bologna,Inter,24953,Yann Bisseck,D,90,6.5,,0.0,,,40,35.0,87.5,1.0,1.0,1.0,1.0,0,0,5.0,11.0
Inter vs Bologna,Inter,5,Manuel Akanji,D,90,6.2,,0.0,1.0,,51,43.0,84.3,2.0,2.0,,1.0,0,0,4.0,6.0
Inter vs Bologna,Inter,31009,Alessandro Bastoni,D,76,7.2,,0.0,1.0,1.0,50,48.0,96.0,1.0,1.0,1.0,1.0,1,0,5.0,9.0
Inter vs Bologna,Inter,10077,Luís Henrique,M,90,7.2,,0.0,,,42,37.0,88.1,2.0,1.0,,,0,0,3.0,3.0
Inter vs Bologna,Inter,30558,Nicolò Barella,M,68,7,,0.0,,,27,23.0,85.2,3.0,,2.0,2.0,1,0,5.0,10.0
Inter vs Bologna,Inter,1640,Hakan Çalhanoğlu,M,68,7.9,,1.0,1.0,1.0,52,48.0,92.3,1.0,,2.0,1.0,1,0,3.0,8.0
Inter vs Bologna,Inter,329,Piotr Zieliński,M,90,7.6,1.0,0.0,1.0,1.0,35,31.0,88.6,1.0,,2.0,2.0,0,0,3.0,5.0
Inter vs Bologna,Inter,31010,Federico Dimarco,M,90,6.6,,0.0,2.0,1.0,56,42.0,75.0,1.0,,2.0,1.0,0,0,3.0,7.0
Inter vs Bologna,Inter,217,Lautaro Martínez,F,76,8.7,1.0,1.0,6.0,4.0,21,18.0,85.7,1.0,1.0,2.0,4.0,0,0,7.0,13.0
Inter vs Bologna,Inter,21509,Marcus Thuram,F,83,8.9,1.0,0.0,2.0,2.0,29,22.0,75.9,4.0,,3.0,3.0,0,0,11.0,18.0
Inter vs Bologna,Inter,348205,Petar Sučić,M,22,6.7,,0.0,,,3,2.0,66.7,,,1.0,1.0,0,0,1.0,2.0
Inter vs Bologna,Inter,1457,Henrikh Mkhitaryan,M,22,6.2,,0.0,,,7,5.0,71.4,,,2.0,2.0,0,0,2.0,5.0
Inter vs Bologna,Inter,10238,Carlos Augusto,D,14,6.2,,0.0,,,9,8.0,88.9,,,2.0,,0,0,2.0,5.0
Inter vs Bologna,Inter,345808,Francesco Pio Esposito,F,14,6.7,,0.0,1.0,,3,3.0,100.0,,,,1.0,0,0,2.0,5.0
Inter vs Bologna,Inter,461830,Matteo Lavelli,F,12,6.5,,0.0,,,1,1.0,100.0,,,,,0,0,,2.0
Inter vs Bologna,Bologna,31098,Federico Ravaglia,G,90,8.3,,0.0,,,46,29.0,63.0,,,,,0,0,,
Inter vs Bologna,Bologna,47985,Emil Holm,D,68,6.7,,0.0,,,34,27.0,79.4,3.0,,1.0,2.0,0,0,5.0,10.0
Inter vs Bologna,Bologna,39254,Torbjørn Heggem,D,90,6.9,,0.0,,,27,26.0,96.3,3.0,2.0,3.0,,0,0,5.0,10.0
Inter vs Bologna,Bologna,1929,Jhon Lucumí,D,45,6,,0.0,,,24,19.0,79.2,,3.0,2.0,,0,0,,4.0
Inter vs Bologna,Bologna,30553,Charalampos Lykogiannis,D,90,6.7,,1.0,,,22,16.0,72.7,6.0,1.0,1.0,,1,0,6.0,10.0
Inter vs Bologna,Bologna,1322,Nikola Moro,M,45,6.7,,0.0,,,23,20.0,87.0,,,1.0,1.0,0,0,1.0,2.0
Inter vs Bologna,Bologna,44814,Lewis Ferguson,M,90,6.5,,0.0,,,43,38.0,88.4,,,1.0,2.0,0,0,4.0,7.0
Inter vs Bologna,Bologna,278095,Jonathan Rowe,M,90,6.2,,0.0,1.0,1.0,13,9.0,69.2,2.0,,2.0,4.0,1,0,6.0,14.0
Inter vs Bologna,Bologna,30542,Jens Odgaard,M,79,6.3,,0.0,2.0,,9,5.0,55.6,,,1.0,1.0,0,0,3.0,8.0
Inter vs Bologna,Bologna,30438,Nicolò Cambiaghi,M,68,6.3,,0.0,,,14,9.0,64.3,3.0,,1.0,1.0,0,0,5.0,10.0
Inter vs Bologna,Bologna,311067,Santiago Castro,F,90,8.2,1.0,0.0,2.0,1.0,14,13.0,92.9,1.0,1.0,3.0,3.0,0,0,6.0,13.0
Inter vs Bologna,Bologna,287564,Martin Vitík,D,45,6.2,,0.0,,,20,17.0,85.0,2.0,,3.0,,1,0,4.0,8.0
Inter vs Bologna,Bologna,31273,Tommaso Pobega,M,45,6.3,,0.0,,,26,17.0,65.4,1.0,1.0,2.0,1.0,0,0,2.0,5.0
Inter vs Bologna,Bologna,128461,Nadir Zortea,D,22,6.5,,0.0,,,11,8.0,72.7,,1.0,,1.0,0,0,2.0,3.0
Inter vs Bologna,Bologna,30488,Riccardo Orsolini,F,22,6.9,,0.0,,,3,2.0,66.7,,,,3.0,0,0,4.0,5.0
Inter vs Bologna,Bologna,2807,Remo Freuler,M,11,6.9,,0.0,,,11,11.0,100.0,,,,,0,0,,
Pisa vs Como,Pisa,30733,Adrian Šemper,G,90,6.2,,0.0,,,29,14.0,48.3,,,,,0,0,,
Pisa vs Como,Pisa,419603,Francesco Coppola,D,90,5.9,,0.0,,,14,9.0,64.3,4.0,2.0,2.0,1.0,1,0,6.0,11.0
Pisa vs Como,Pisa,31604,Antonio Caracciolo,D,86,6,,0.0,,,13,10.0,76.9,,,,,0,0,1.0,3.0
Pisa vs Como,Pisa,91503,Simone Canestrelli,D,90,6.9,,0.0,,,26,17.0,65.4,3.0,,,,0,0,6.0,7.0
Pisa vs Como,Pisa,56293,Idrissa Touré,M,90,6.9,,0.0,,,26,14.0,53.8,2.0,1.0,,1.0,0,0,11.0,19.0
Pisa vs Como,Pisa,325387,Gabriele Piccinini,M,77,6.6,,0.0,2.0,2.0,12,9.0,75.0,2.0,,,3.0,0,0,9.0,14.0
Pisa vs Como,Pisa,951,Michel Aebischer,M,77,7,,0.0,,,19,15.0,78.9,4.0,2.0,1.0,1.0,1,0,6.0,7.0
Pisa vs Como,Pisa,30723,Marius Marin,M,63,6.3,,0.0,,,13,8.0,61.5,,,1.0,1.0,0,0,1.0,5.0
Pisa vs Como,Pisa,302069,Samuele Angori,M,90,7.2,,0.0,2.0,1.0,18,12.0,66.7,1.0,1.0,,4.0,0,0,10.0,16.0
Pisa vs Como,Pisa,31318,M'Bala Nzola,F,90,5.9,,0.0,2.0,1.0,15,13.0,86.7,,,2.0,,0,0,5.0,12.0
Pisa vs Como,Pisa,20959,Matteo Tramoni,F,64,6.9,,0.0,1.0,,14,11.0,78.6,1.0,2.0,,1.0,0,0,3.0,5.0
Pisa vs Como,Pisa,30753,Mehdi Léris,M,27,6.9,,0.0,,,7,5.0,71.4,2.0,,2.0,1.0,0,0,4.0,9.0
Pisa vs Como,Pisa,31560,Stefano Moreo,F,26,6.6,,0.0,,,5,2.0,40.0,1.0,,,,0,0,2.0,5.0
Pisa vs Como,Pisa,129790,Tomás Esteves,D,13,6.2,,0.0,,,5,4.0,80.0,,,,,0,0,1.0,1.0
Pisa vs Como,Pisa,403300,Lorran,M,13,6.2,,0.0,,,3,3.0,100.0,,1.0,,,0,0,,2.0
Pisa vs Como,Pisa,15723,Malthe Højholt,M,10,6.2,,0.0,,,2,1.0,50.0,,,1.0,,0,0,,1.0
Pisa vs Como,Como,8574,Jean Butez,G,90,8.2,,0.0,,,30,21.0,70.0,,,,,0,0,,
Pisa vs Como,Como,14266,Ivan Smolčić,D,64,6.9,,0.0,,,57,51.0,89.5,1.0,,1.0,,0,0,2.0,5.0
Pisa vs Como,Como,386305,Jacobo Ramón,D,90,7.3,,0.0,1.0,1.0,81,79.0,97.5,3.0,2.0,1.0,,1,0,6.0,9.0
Pisa vs Como,Como,26301,Marc-Oliver Kempf,D,90,7.2,,0.0,1.0,,69,62.0,89.9,,2.0,1.0,1.0,0,0,6.0,12.0
Pisa vs Como,Como,336560,Álex Valle,D,90,7,,0.0,,,46,38.0,82.6,4.0,1.0,2.0,1.0,0,0,8.0,14.0
Pisa vs Como,Como,288699,Máximo Perrone,M,90,7.7,1.0,0.0,1.0,1.0,69,64.0,92.8,,,,,0,0,,6.0
Pisa vs Como,Como,162266,Lucas Da Cunha,M,64,7,,0.0,1.0,,66,57.0,86.4,1.0,,3.0,1.0,1,0,5.0,12.0
Pisa vs Como,Como,38753,Nicolas-Gerrit Kühn,M,78,6.2,,0.0,,,28,23.0,82.1,1.0,,1.0,,0,0,2.0,6.0
Pisa vs Como,Como,350037,Nico Paz,M,88,6.7,,0.0,5.0,3.0,57,49.0,86.0,,1.0,1.0,,0,0,5.0,11.0
Pisa vs Como,Como,443162,Jesús Rodriguez,M,88,6.7,,1.0,2.0,,25,23.0,92.0,1.0,,1.0,1.0,0,0,4.0,12.0
Pisa vs Como,Como,26845,Anastasios Douvikas,F,90,8.5,2.0,0.0,3.0,2.0,9,9.0,100.0,1.0,,,2.0,0,0,4.0,11.0
Pisa vs Como,Como,8586,Mërgim Vojvoda,D,26,7.3,,0.0,,,20,18.0,90.0,2.0,,,2.0,0,0,7.0,10.0
Pisa vs Como,Como,659,Maxence Caqueret,M,26,6.3,,1.0,,,31,28.0,90.3,1.0,,1.0,,0,0,1.0,2.0
Pisa vs Como,Como,295026,Martin Baturina,M,12,6.5,,0.0,,,2,1.0,50.0,1.0,,1.0,,0,0,1.0,5.0
Pisa vs Como,Como,711,Stefan Posch,D,8,6.6,,0.0,,,2,1.0,50.0,1.0,,,,0,0,1.0,1.0
Pisa vs Como,Como,137,Sergi Roberto,M,8,6.3,,0.0,,,3,2.0,66.7,,,,,0,0,,1.0
Lecce vs AS Roma,Lecce,56459,Wladimiro Falcone,G,90,6.5,,0.0,,,42,22.0,52.4,,,,,0,0,,
Lecce vs AS Roma,Lecce,161702,Danilo Veiga,D,90,6.3,,0.0,,,42,24.0,57.1,4.0,,,2.0,0,0,7.0,11.0
Lecce vs AS Roma,Lecce,291589,Kialonda Gaspar,D,90,6.5,,0.0,,,38,33.0,86.8,,3.0,,,1,0,2.0,4.0
Lecce vs AS Roma,Lecce,455316,Tiago Gabriel,D,90,7,,0.0,,,54,49.0,90.7,1.0,1.0,2.0,4.0,0,0,12.0,18.0
Lecce vs AS Roma,Lecce,31543,Antonino Gallo,D,90,5.9,,0.0,,,58,39.0,67.2,,2.0,,,0,0,,2.0
Lecce vs AS Roma,Lecce,197779,Mohamed Kaba,M,75,6.5,,0.0,,,16,14.0,87.5,2.0,2.0,2.0,3.0,0,0,5.0,15.0
Lecce vs AS Roma,Lecce,15673,Ylber Ramadani,M,64,6.7,,0.0,,,31,25.0,80.6,2.0,2.0,,1.0,0,0,4.0,7.0
Lecce vs AS Roma,Lecce,56560,Youssef Maleh,M,90,6.7,,0.0,,,43,32.0,74.4,,2.0,1.0,4.0,1,0,7.0,12.0
Lecce vs AS Roma,Lecce,118956,Lameck Banda,F,45,6.2,,0.0,,,8,5.0,62.5,1.0,,2.0,1.0,1,0,4.0,10.0
Lecce vs AS Roma,Lecce,436260,Francesco Camarda,F,64,6.3,,0.0,,,15,12.0,80.0,1.0,,,2.0,0,0,4.0,9.0
Lecce vs AS Roma,Lecce,31507,Riccardo Sottil,F,56,6.7,,0.0,,,12,11.0,91.7,1.0,,,,0,0,2.0,4.0
Lecce vs AS Roma,Lecce,8643,Konan N'Dri,F,45,6.2,,0.0,1.0,1.0,6,5.0,83.3,1.0,,1.0,,0,0,1.0,11.0
Lecce vs AS Roma,Lecce,6662,Santiago Pierotti,F,34,6.3,,0.0,1.0,,14,12.0,85.7,,,1.0,1.0,0,0,2.0,7.0
Lecce vs AS Roma,Lecce,387537,Olaf Gorter,M,26,6.7,,0.0,,,18,17.0,94.4,1.0,,1.0,,0,0,1.0,2.0
Lecce vs AS Roma,Lecce,264122,Nikola Štulić,F,26,6.2,,0.0,,,10,9.0,90.0,,,,,0,0,1.0,5.0
Lecce vs AS Roma,Lecce,28744,Þórir Jóhann Helgason,M,15,6.6,,0.0,,,8,5.0,62.5,,,,,0,0,2.0,2.0
Lecce vs AS Roma,AS Roma,556,Mile Svilar,G,90,6.9,,0.0,,,28,17.0,60.7,,,,,0,0,1.0,1.0
Lecce vs AS Roma,AS Roma,342019,Daniele Ghilardi,D,90,7.2,,0.0,,,38,30.0,78.9,,2.0,2.0,,0,0,3.0,7.0
Lecce vs AS Roma,AS Roma,384543,Jan Ziółkowski,D,90,7.5,,0.0,,,27,23.0,85.2,4.0,3.0,2.0,1.0,0,0,7.0,10.0
Lecce vs AS Roma,AS Roma,22222,Zeki Çelik,D,90,7.5,,0.0,,,53,45.0,84.9,5.0,1.0,1.0,1.0,0,0,9.0,13.0
Lecce vs AS Roma,AS Roma,349001,Wesley,M,90,6.3,,0.0,1.0,,30,21.0,70.0,2.0,2.0,1.0,1.0,0,0,3.0,7.0
Lecce vs AS Roma,AS Roma,356888,Niccolò Pisilli,M,90,6.9,,1.0,1.0,,38,25.0,65.8,3.0,,3.0,,0,0,6.0,11.0
Lecce vs AS Roma,AS Roma,22147,Manu Koné,M,90,6.7,,0.0,,,38,29.0,76.3,3.0,1.0,4.0,2.0,0,0,7.0,15.0
Lecce vs AS Roma,AS Roma,791,Stephan El Shaarawy,M,60,6.9,,0.0,,,24,19.0,79.2,1.0,2.0,1.0,1.0,0,0,5.0,10.0
Lecce vs AS Roma,AS Roma,778,Bryan Cristante,F,90,7.2,,0.0,2.0,,52,39.0,75.0,6.0,,3.0,,1,0,9.0,18.0
Lecce vs AS Roma,AS Roma,875,Paulo Dybala,F,79,6.2,,0.0,1.0,,43,29.0,67.4,1.0,1.0,2.0,3.0,0,0,6.0,12.0
Lecce vs AS Roma,AS Roma,129643,Evan Ferguson,F,60,7.9,1.0,0.0,2.0,2.0,11,9.0,81.8,2.0,,,,0,0,3.0,4.0
Lecce vs AS Roma,AS Roma,1600,Konstantinos Tsimikas,D,30,6.6,,0.0,,,9,7.0,77.8,1.0,2.0,,1.0,0,0,2.0,3.0
Lecce vs AS Roma,AS Roma,15811,Artem Dovbyk,F,26,7,1.0,0.0,1.0,1.0,7,6.0,85.7,,,,,0,0,2.0,3.0
Lecce vs AS Roma,AS Roma,323936,Matías Soulé,F,11,6.7,,0.0,,,8,6.0,75.0,1.0,,,,0,0,2.0,4.0
Lecce vs AS Roma,AS Roma,394183,Alessandro Romano,M,8,6.3,,0.0,,,2,2.0,100.0,,,1.0,,0,0,,1.0
Sassuolo vs Juventus,Sassuolo,616,Arijanet Murić,G,90,8.3,,0.0,,,32,25.0,78.1,,,,,0,0,1.0,2.0
Sassuolo vs Juventus,Sassuolo,40582,Sebastian Walukiewicz,D,90,6.2,,0.0,1.0,,44,30.0,68.2,2.0,2.0,1.0,1.0,0,0,4.0,6.0
Sassuolo vs Juventus,Sassuolo,37651,Jay Idzes,D,89,5.9,,0.0,,,47,37.0,78.7,3.0,3.0,,,0,0,4.0,4.0
Sassuolo vs Juventus,Sassuolo,271350,Tarik Muharemović,D,90,5,,0.0,,,71,56.0,78.9,,,,,0,0,1.0,2.0
Sassuolo vs Juventus,Sassuolo,135526,Josh Doig,D,90,6.3,,0.0,,,36,27.0,75.0,,2.0,,2.0,0,0,5.0,6.0
Sassuolo vs Juventus,Sassuolo,281291,Edoardo Iannoni,M,77,6.5,,0.0,1.0,,22,20.0,90.9,2.0,,1.0,,0,0,3.0,5.0
Sassuolo vs Juventus,Sassuolo,902,Nemanja Matić,M,77,6.7,,0.0,,,62,57.0,91.9,,1.0,,1.0,0,0,1.0,3.0
Sassuolo vs Juventus,Sassuolo,328046,Ismael Koné,M,90,6.9,,0.0,,,56,54.0,96.4,,,1.0,,0,0,3.0,7.0
Sassuolo vs Juventus,Sassuolo,39143,Kristian Thorstvedt,F,39,6.2,,0.0,1.0,,13,8.0,61.5,,3.0,,1.0,0,0,2.0,4.0
Sassuolo vs Juventus,Sassuolo,31094,Andrea Pinamonti,F,90,6.5,,0.0,1.0,,23,16.0,69.6,,,,1.0,0,0,5.0,11.0
Sassuolo vs Juventus,Sassuolo,2215,Armand Laurienté,F,77,6.3,,0.0,,,21,19.0,90.5,,,,2.0,0,0,2.0,6.0
Sassuolo vs Juventus,Sassuolo,263699,Alieu Fadera,F,51,6.3,,0.0,,,20,14.0,70.0,1.0,,,2.0,0,0,3.0,7.0
Sassuolo vs Juventus,Sassuolo,127413,Aster Vranckx,M,13,6.3,,0.0,,,14,14.0,100.0,,,,1.0,0,0,1.0,3.0
Sassuolo vs Juventus,Sassuolo,343562,Luca Lipani,M,13,6.7,,0.0,1.0,1.0,11,10.0,90.9,,,,1.0,0,0,1.0,1.0
Sassuolo vs Juventus,Sassuolo,30849,Nicholas Pierini,F,13,6.9,,0.0,1.0,1.0,8,8.0,100.0,1.0,1.0,,,0,0,2.0,2.0
Sassuolo vs Juventus,Juventus,30670,Michele Di Gregorio,G,90,7.2,,0.0,,,16,13.0,81.2,,,,,0,0,,
Sassuolo vs Juventus,Juventus,162188,Pierre Kalulu,D,90,7.3,,0.0,,,66,60.0,90.9,3.0,2.0,2.0,,0,0,5.0,9.0
Sassuolo vs Juventus,Juventus,30497,Bremer,D,90,6.9,,0.0,,,59,54.0,91.5,,1.0,1.0,,0,0,2.0,5.0
Sassuolo vs Juventus,Juventus,36899,Teun Koopmeiners,D,90,7.2,,0.0,,,79,75.0,94.9,2.0,1.0,1.0,,0,0,3.0,7.0
Sassuolo vs Juventus,Juventus,415,Weston McKennie,M,75,6.9,,0.0,,,30,26.0,86.7,2.0,1.0,,,0,0,3.0,4.0
Sassuolo vs Juventus,Juventus,30533,Manuel Locatelli,M,90,7.9,,0.0,2.0,,113,105.0,92.9,2.0,1.0,,1.0,0,0,4.0,8.0
Sassuolo vs Juventus,Juventus,116,Khéphren Thuram,M,90,7.2,,0.0,2.0,2.0,73,66.0,90.4,2.0,1.0,,,0,0,5.0,5.0
Sassuolo vs Juventus,Juventus,127011,Andrea Cambiaso,M,85,6.5,,0.0,1.0,,45,40.0,88.9,,1.0,2.0,1.0,0,0,1.0,3.0
Sassuolo vs Juventus,Juventus,181808,Fabio Miretti,F,89,7.2,1.0,0.0,2.0,1.0,56,47.0,83.9,2.0,,1.0,1.0,0,0,4.0,7.0
Sassuolo vs Juventus,Juventus,339883,Kenan Yıldız,F,85,6.3,,0.0,6.0,5.0,38,31.0,81.6,,1.0,1.0,,0,0,1.0,6.0
Sassuolo vs Juventus,Juventus,8489,Jonathan David,F,75,7.6,1.0,1.0,3.0,2.0,34,29.0,85.3,1.0,2.0,1.0,,0,0,2.0,7.0
Sassuolo vs Juventus,Juventus,41734,João Mário,D,15,6.3,,0.0,,,4,3.0,75.0,,,1.0,,0,0,,2.0
Sassuolo vs Juventus,Juventus,86,Loïs Openda,F,15,6.3,,0.0,,,2,,,,,2.0,,0,0,,3.0
Sassuolo vs Juventus,Juventus,125674,Juan Cabal,D,9,6.7,,0.0,,,2,2.0,100.0,1.0,,,,0,0,1.0,2.0
Sassuolo vs Juventus,Juventus,339872,Vasilije Adžić,M,9,6.7,,0.0,,,2,2.0,100.0,,,,,0,0,,1.0
Napoli vs Hellas Verona,Napoli,31156,Vanja Milinković-Savić,G,90,6.3,,0.0,,,21,20.0,95.2,,,,,0,0,1.0,1.0
Napoli vs Hellas Verona,Napoli,31042,Giovanni Di Lorenzo,D,90,8,1.0,0.0,2.0,1.0,88,77.0,87.5,1.0,,,2.0,0,0,9.0,14.0
Napoli vs Hellas Verona,Napoli,1314,Amir Rrahmani,D,90,7.3,,0.0,,,130,121.0,93.1,,2.0,1.0,,0,0,6.0,9.0
Napoli vs Hellas Verona,Napoli,31226,Alessandro Buongiorno,D,90,6.6,,0.0,,,89,80.0,89.9,,2.0,1.0,2.0,0,0,8.0,11.0
Napoli vs Hellas Verona,Napoli,219,Matteo Politano,M,90,6.2,,0.0,1.0,,39,34.0,87.2,,,,,0,0,1.0,5.0
Napoli vs Hellas Verona,Napoli,47439,Stanislav Lobotka,M,90,6.9,,0.0,,,104,94.0,90.4,,2.0,,3.0,0,0,4.0,6.0
Napoli vs Hellas Verona,Napoli,903,Scott McTominay,M,90,7.7,1.0,0.0,1.0,1.0,60,50.0,83.3,1.0,,,1.0,0,0,7.0,11.0
Napoli vs Hellas Verona,Napoli,162032,Miguel Gutiérrez,M,55,6.3,,0.0,,,31,29.0,93.5,,,1.0,1.0,0,0,1.0,3.0
Napoli vs Hellas Verona,Napoli,1358,Eljif Elmas,F,62,6.3,,0.0,1.0,1.0,26,24.0,92.3,2.0,,1.0,1.0,0,0,3.0,6.0
Napoli vs Hellas Verona,Napoli,544,Noa Lang,F,76,7.2,,1.0,2.0,1.0,22,20.0,90.9,1.0,,,2.0,0,0,3.0,8.0
Napoli vs Hellas Verona,Napoli,288006,Rasmus Højlund,F,90,5.9,,0.0,2.0,,26,15.0,57.7,,,2.0,1.0,0,0,4.0,9.0
Napoli vs Hellas Verona,Napoli,862,Leonardo Spinazzola,D,35,7.2,,0.0,1.0,,17,14.0,82.4,2.0,,,,0,0,3.0,5.0
Napoli vs Hellas Verona,Napoli,388547,Luca Marianucci,D,28,7,,1.0,,,24,18.0,75.0,1.0,,1.0,,0,0,1.0,4.0
Napoli vs Hellas Verona,Napoli,199089,Lorenzo Lucca,F,14,6.7,,0.0,,,2,1.0,50.0,,,,1.0,0,0,1.0,1.0
Napoli vs Hellas Verona,Hellas Verona,30611,Lorenzo Montipò,G,90,5.3,,0.0,,,22,7.0,31.8,,,,,0,0,,
Napoli vs Hellas Verona,Hellas Verona,47277,Unai Núñez,D,90,6.9,,0.0,1.0,1.0,31,21.0,67.7,3.0,2.0,,,0,0,4.0,7.0
Napoli vs Hellas Verona,Hellas Verona,25061,Armel Bella-Kotchap,D,90,6.3,,0.0,,,15,11.0,73.3,1.0,2.0,2.0,1.0,1,0,3.0,6.0
Napoli vs Hellas Verona,Hellas Verona,311071,Nicolás Valentini,D,90,6.2,,0.0,,,39,26.0,66.7,1.0,2.0,2.0,,0,0,2.0,6.0
Napoli vs Hellas Verona,Hellas Verona,14327,Domagoj Bradarić,M,78,6.5,,0.0,,,22,18.0,81.8,,,2.0,,1,0,1.0,4.0
Napoli vs Hellas Verona,Hellas Verona,22239,Cheikh Niasse,M,87,7.9,,1.0,,,29,26.0,89.7,1.0,3.0,,,0,0,4.0,8.0
Napoli vs Hellas Verona,Hellas Verona,203,Roberto Gagliardini,M,90,6.9,,0.0,1.0,,37,31.0,83.8,3.0,3.0,,1.0,0,0,4.0,6.0
Napoli vs Hellas Verona,Hellas Verona,1090,Antoine Bernede,M,90,7,,0.0,,,33,29.0,87.9,6.0,,2.0,,0,0,7.0,12.0
Napoli vs Hellas Verona,Hellas Verona,15909,Martin Frese,M,90,6.9,1.0,0.0,1.0,1.0,22,14.0,63.6,3.0,1.0,,,0,0,4.0,8.0
Napoli vs Hellas Verona,Hellas Verona,236955,Amin Sarr,F,64,5.9,,0.0,,,13,8.0,61.5,,,3.0,,0,0,4.0,17.0
Napoli vs Hellas Verona,Hellas Verona,368260,Gift Orban,F,87,6.9,1.0,0.0,4.0,2.0,25,23.0,92.0,,,,1.0,1,0,3.0,7.0
Napoli vs Hellas Verona,Hellas Verona,312615,Giovane,F,26,6.3,,0.0,2.0,,5,3.0,60.0,1.0,,2.0,,0,0,3.0,8.0
Napoli vs Hellas Verona,Hellas Verona,15912,Victor Nelsson,D,12,6.2,,0.0,,,3,3.0,100.0,,,2.0,,0,0,,2.0
Napoli vs Hellas Verona,Hellas Verona,418,Suat Serdar,M,11,6.6,,0.0,,,4,4.0,100.0,1.0,,,,0,0,1.0,1.0
Napoli vs Hellas Verona,Hellas Verona,59421,Daniel Mosquera,F,11,6.3,,0.0,,,5,3.0,60.0,,,,,0,0,1.0,1.0
Bologna vs Atalanta,Bologna,31098,Federico Ravaglia,G,90,6.9,,0.0,,,42,29.0,69.0,,,,,0,0,,
Bologna vs Atalanta,Bologna,128461,Nadir Zortea,D,90,6.2,,0.0,,,47,34.0,72.3,,1.0,4.0,,0,0,,6.0
Bologna vs Atalanta,Bologna,287564,Martin Vitík,D,90,5.7,,0.0,,,35,29.0,82.9,1.0,,3.0,,0,0,2.0,12.0
Bologna vs Atalanta,Bologna,39254,Torbjørn Heggem,D,90,6.3,,0.0,,,41,39.0,95.1,1.0,1.0,,2.0,0,0,6.0,10.0
Bologna vs Atalanta,Bologna,134,Juan Miranda,D,90,6.3,,0.0,,,57,42.0,73.7,1.0,1.0,,1.0,0,0,3.0,7.0
Bologna vs Atalanta,Bologna,2807,Remo Freuler,M,72,6.9,,0.0,,,38,32.0,84.2,1.0,,1.0,1.0,0,0,2.0,6.0
Bologna vs Atalanta,Bologna,44814,Lewis Ferguson,M,90,7.3,,0.0,,,49,35.0,71.4,2.0,,1.0,,0,0,7.0,11.0
Bologna vs Atalanta,Bologna,30488,Riccardo Orsolini,M,45,6.5,,0.0,,,10,7.0,70.0,1.0,,,1.0,0,0,3.0,8.0
Bologna vs Atalanta,Bologna,322630,Giovanni Fabbian,M,72,6.2,,0.0,1.0,,18,13.0,72.2,1.0,1.0,2.0,1.0,0,0,5.0,11.0
Bologna vs Atalanta,Bologna,30438,Nicolò Cambiaghi,M,80,7.2,,0.0,1.0,,23,19.0,82.6,,,1.0,2.0,0,0,4.0,6.0
Bologna vs Atalanta,Bologna,93016,Thijs Dallinga,F,60,6,,0.0,2.0,,18,12.0,66.7,,,1.0,,0,0,1.0,6.0
Bologna vs Atalanta,Bologna,278095,Jonathan Rowe,F,45,6.9,,0.0,2.0,2.0,8,7.0,87.5,1.0,,1.0,2.0,0,0,3.0,6.0
Bologna vs Atalanta,Bologna,1863,Ciro Immobile,F,30,6.2,,0.0,,,9,5.0,55.6,,,2.0,1.0,0,0,2.0,6.0
Bologna vs Atalanta,Bologna,1322,Nikola Moro,M,18,6.9,,0.0,1.0,,17,14.0,82.4,2.0,,,,0,0,3.0,3.0
Bologna vs Atalanta,Bologna,311067,Santiago Castro,F,18,6.3,,0.0,,,2,,,,,,1.0,0,0,2.0,5.0
Bologna vs Atalanta,Bologna,347265,Benjamín Domínguez,F,10,6.3,,0.0,,,1,1.0,100.0,,,,,0,0,,1.0
Bologna vs Atalanta,Atalanta,30417,Marco Carnesecchi,G,90,7.2,,0.0,,,36,16.0,44.4,,,,,0,0,1.0,1.0
Bologna vs Atalanta,Atalanta,289761,Giorgio Scalvini,D,68,7.3,,0.0,,,24,22.0,91.7,3.0,2.0,1.0,,0,0,4.0,6.0
Bologna vs Atalanta,Atalanta,30421,Berat Djimsiti,D,90,7.3,,0.0,,,34,27.0,79.4,2.0,3.0,,,0,0,5.0,7.0
Bologna vs Atalanta,Atalanta,453906,Honest Ahanor,D,90,7,,0.0,2.0,1.0,28,24.0,85.7,2.0,1.0,5.0,4.0,0,0,9.0,15.0
Bologna vs Atalanta,Atalanta,2286,Davide Zappacosta,M,90,6.9,,0.0,,,30,23.0,76.7,,,1.0,1.0,0,0,2.0,6.0
Bologna vs Atalanta,Atalanta,30432,Marten de Roon,M,90,6.9,,1.0,,,39,28.0,71.8,1.0,,1.0,,0,0,1.0,4.0
Bologna vs Atalanta,Atalanta,10097,Éderson,M,77,6.3,,0.0,1.0,,22,17.0,77.3,,,1.0,1.0,0,0,4.0,10.0
Bologna vs Atalanta,Atalanta,264857,Lorenzo Bernasconi,M,90,7.9,,0.0,,,37,30.0,81.1,4.0,1.0,1.0,,0,0,4.0,6.0
Bologna vs Atalanta,Atalanta,147859,Charles De Ketelaere,F,84,7.3,,1.0,1.0,1.0,49,33.0,67.3,,,2.0,1.0,0,0,9.0,14.0
Bologna vs Atalanta,Atalanta,203474,Nicola Zalewski,F,68,6.9,,0.0,,,22,18.0,81.8,2.0,,,1.0,0,0,4.0,6.0
Bologna vs Atalanta,Atalanta,66817,Nikola Krstović,F,77,8.7,2.0,0.0,4.0,2.0,28,16.0,57.1,,,2.0,2.0,0,0,9.0,13.0
Bologna vs Atalanta,Atalanta,137976,Isak Hien,D,22,6.6,,0.0,,,5,2.0,40.0,1.0,,1.0,,0,0,2.0,5.0
Bologna vs Atalanta,Atalanta,162106,Yunus Musah,M,22,6.9,,0.0,,,10,9.0,90.0,,,,5.0,0,0,5.0,6.0
Bologna vs Atalanta,Atalanta,178749,Lazar Samardžić,M,13,6.3,,0.0,,,9,7.0,77.8,,1.0,,1.0,0,0,1.0,3.0
Bologna vs Atalanta,Atalanta,1639,Marco Brescianini,M,13,6.6,,0.0,1.0,1.0,7,6.0,85.7,1.0,,,,0,0,1.0,2.0
Bologna vs Atalanta,Atalanta,199837,Kamaldeen Sulemana,F,11,6.5,,0.0,,,5,5.0,100.0,,,,,0,0,,
Lazio vs Fiorentina,Lazio,31037,Ivan Provedel,G,90,7.7,,0.0,,,30,24.0,80.0,,,,,0,0,,
Lazio vs Fiorentina,Lazio,30866,Manuel Lazzari,D,80,6.2,,0.0,,,38,33.0,86.8,,,2.0,1.0,0,0,1.0,6.0
Lazio vs Fiorentina,Lazio,162952,Mario Gila Fuentes,D,90,6.2,,0.0,1.0,1.0,63,59.0,93.7,3.0,,1.0,1.0,0,0,5.0,10.0
Lazio vs Fiorentina,Lazio,1632,Alessio Romagnoli,D,90,6.3,,0.0,2.0,2.0,63,58.0,92.1,1.0,2.0,,,0,0,1.0,3.0
Lazio vs Fiorentina,Lazio,30554,Luca Pellegrini,D,90,6.3,,0.0,1.0,1.0,47,36.0,76.6,1.0,1.0,3.0,1.0,1,0,2.0,5.0
Lazio vs Fiorentina,Lazio,1454,Mattéo Guendouzi,M,90,7.2,,0.0,,,39,32.0,82.1,,1.0,,,0,0,1.0,2.0
Lazio vs Fiorentina,Lazio,1852,Danilo Cataldi,M,90,8.2,1.0,0.0,1.0,1.0,43,37.0,86.0,1.0,,,,0,0,2.0,3.0
Lazio vs Fiorentina,Lazio,1266,Toma Bašić,M,30,6.5,,0.0,1.0,1.0,10,10.0,100.0,,,,,0,0,,1.0
Lazio vs Fiorentina,Lazio,135519,Gustav Isaksen,F,72,6.7,,0.0,2.0,1.0,26,20.0,76.9,1.0,1.0,1.0,3.0,0,0,6.0,12.0
Lazio vs Fiorentina,Lazio,286474,Matteo Cancellieri,F,90,6.9,,0.0,1.0,,15,13.0,86.7,,,2.0,5.0,1,0,7.0,13.0
Lazio vs Fiorentina,Lazio,30937,Mattia Zaccagni,F,90,7.9,,0.0,,,33,25.0,75.8,4.0,1.0,2.0,3.0,1,0,9.0,13.0
Lazio vs Fiorentina,Lazio,211,Matías Vecino,M,60,6.3,,1.0,,,22,18.0,81.8,1.0,1.0,,,0,0,1.0,5.0
Lazio vs Fiorentina,Lazio,2299,Pedro,F,18,7.5,1.0,0.0,2.0,2.0,4,4.0,100.0,,,,1.0,0,0,1.0,1.0
Lazio vs Fiorentina,Lazio,317,Elseid Hysaj,D,10,6.3,,0.0,,,5,5.0,100.0,,,,,0,0,,
Lazio vs Fiorentina,Fiorentina,882,David De Gea,G,90,8.3,,0.0,,,32,24.0,75.0,,,,,0,0,,
Lazio vs Fiorentina,Fiorentina,41144,Dodô,D,90,5.9,,0.0,,,39,30.0,76.9,1.0,1.0,,,0,0,1.0,3.0
Lazio vs Fiorentina,Fiorentina,396637,Pietro Comuzzo,D,90,6.5,,0.0,,,76,72.0,94.7,2.0,1.0,2.0,,0,0,5.0,9.0
Lazio vs Fiorentina,Fiorentina,1084,Marin Pongračić,D,90,6.9,,0.0,,,76,75.0,98.7,,,3.0,1.0,1,0,3.0,7.0
Lazio vs Fiorentina,Fiorentina,30422,Robin Gosens,D,68,7.3,1.0,0.0,1.0,1.0,28,22.0,78.6,,,2.0,1.0,1,0,1.0,4.0
Lazio vs Fiorentina,Fiorentina,30810,Rolando Mandragora,M,90,6.7,,0.0,,,37,35.0,94.6,2.0,,,1.0,0,0,3.0,6.0
Lazio vs Fiorentina,Fiorentina,876,Nicolò Fagioli,M,90,8.3,,1.0,,,78,73.0,93.6,5.0,,2.0,,1,0,5.0,11.0
Lazio vs Fiorentina,Fiorentina,311083,Cher Ndour,M,68,7,,0.0,,,28,26.0,92.9,2.0,,1.0,,0,0,5.0,6.0
Lazio vs Fiorentina,Fiorentina,136087,Fabiano Parisi,F,89,7,,0.0,1.0,1.0,24,21.0,87.5,1.0,1.0,1.0,4.0,1,0,5.0,7.0
Lazio vs Fiorentina,Fiorentina,30440,Roberto Piccoli,F,60,6.5,,0.0,,,5,2.0,40.0,,,,,0,0,3.0,5.0
Lazio vs Fiorentina,Fiorentina,2799,Albert Guðmundsson,F,89,7.9,1.0,0.0,3.0,3.0,26,23.0,88.5,1.0,,3.0,3.0,0,0,4.0,9.0
Lazio vs Fiorentina,Fiorentina,877,Moise Kean,F,30,6.3,,0.0,1.0,,4,3.0,75.0,,,,,0,0,,
Lazio vs Fiorentina,Fiorentina,31642,Luca Ranieri,D,22,6.2,,0.0,,,12,8.0,66.7,1.0,,1.0,1.0,0,0,2.0,4.0
Lazio vs Fiorentina,Fiorentina,697,Manor Solomon,F,22,6.6,,0.0,,,7,7.0,100.0,1.0,,,,0,0,1.0,3.0
Torino vs Udinese,Torino,30642,Alberto Paleari,G,90,6.6,,0.0,,,31,23.0,74.2,,,,,0,0,,1.0
Torino vs Udinese,Torino,14329,Ardian Ismajli,D,77,6.9,,0.0,,,37,32.0,86.5,3.0,1.0,3.0,,0,0,6.0,11.0
Torino vs Udinese,Torino,2553,Guillermo Maripán,D,90,7.2,,0.0,,,62,50.0,80.6,5.0,1.0,,,0,0,8.0,10.0
Torino vs Udinese,Torino,122468,Saúl Coco,D,90,6.9,,0.0,,,57,45.0,78.9,,,2.0,2.0,1,0,7.0,10.0
Torino vs Udinese,Torino,25353,Valentino Lazaro,M,90,7.5,,1.0,,,36,28.0,77.8,,2.0,1.0,,0,0,1.0,3.0
Torino vs Udinese,Torino,842,Nikola Vlašić,M,90,6.7,,0.0,2.0,,35,29.0,82.9,,1.0,2.0,1.0,0,0,3.0,4.0
Torino vs Udinese,Torino,336573,Emirhan İlkhan,M,66,6.9,,0.0,,,29,20.0,69.0,2.0,1.0,,,0,0,3.0,5.0
Torino vs Udinese,Torino,270507,Cesare Casadei,M,90,8,1.0,0.0,3.0,2.0,40,29.0,72.5,2.0,2.0,6.0,,1,0,12.0,21.0
Torino vs Udinese,Torino,243,Zakaria Aboukhlal,M,66,6.9,,0.0,1.0,,25,22.0,88.0,2.0,,1.0,1.0,0,0,5.0,13.0
Torino vs Udinese,Torino,30414,Giovanni Simeone,F,66,6.2,,0.0,1.0,1.0,12,9.0,75.0,1.0,,,1.0,0,0,2.0,9.0
Torino vs Udinese,Torino,383006,Alieu Njie,F,45,6.5,,0.0,,,7,5.0,71.4,,,1.0,1.0,0,0,1.0,5.0
Torino vs Udinese,Torino,19524,Che Adams,F,45,6.9,,0.0,1.0,,20,16.0,80.0,,,,,0,0,2.0,2.0
Torino vs Udinese,Torino,138777,Faustino Anjorin,M,24,6.9,,0.0,,,23,21.0,91.3,3.0,,,,0,0,4.0,6.0
Torino vs Udinese,Torino,85,Cyril Ngonge,F,24,7,,0.0,1.0,1.0,12,12.0,100.0,1.0,,,,0,0,1.0,2.0
Torino vs Udinese,Torino,2495,Duván Zapata,F,24,6.2,,0.0,,,7,5.0,71.4,,,,1.0,0,0,1.0,2.0
Torino vs Udinese,Torino,22174,Adrien Tameze,M,13,6.7,,0.0,,,11,8.0,72.7,,,,,0,0,1.0,3.0
Torino vs Udinese,Udinese,143648,Maduka Okoye,G,90,8.2,,0.0,,,27,16.0,59.3,,,,2.0,0,0,2.0,2.0
Torino vs Udinese,Udinese,281495,Thomas Kristensen,D,85,7,,0.0,,,34,26.0,76.5,3.0,2.0,,,1,0,9.0,14.0
Torino vs Udinese,Udinese,18797,Christian Kabasele,D,90,6.3,,0.0,,,28,23.0,82.1,,1.0,2.0,1.0,0,0,5.0,9.0
Torino vs Udinese,Udinese,656,Oumar Solet,D,90,6.2,,0.0,,,58,52.0,89.7,,,1.0,,0,0,2.0,8.0
Torino vs Udinese,Udinese,22007,Hassane Kamara,D,90,6.9,,0.0,,,49,39.0,79.6,2.0,1.0,,1.0,0,0,6.0,8.0
Torino vs Udinese,Udinese,162907,Alessandro Zanoli,M,61,6.5,,1.0,,,15,8.0,53.3,,,1.0,,0,0,1.0,9.0
Torino vs Udinese,Udinese,343558,Lennon Miller,M,80,7,,0.0,,,35,26.0,74.3,1.0,1.0,1.0,3.0,0,0,6.0,10.0
Torino vs Udinese,Udinese,48047,Jesper Karlström,M,90,6.7,,0.0,,,48,37.0,77.1,2.0,,1.0,1.0,0,0,3.0,6.0
Torino vs Udinese,Udinese,541,Jürgen Ekkelenkamp,M,85,8.5,1.0,0.0,2.0,1.0,39,29.0,74.4,1.0,3.0,,,0,0,3.0,8.0
Torino vs Udinese,Udinese,786,Nicolò Zaniolo,F,61,6.9,1.0,0.0,3.0,2.0,13,9.0,69.2,,,1.0,1.0,0,0,2.0,9.0
Torino vs Udinese,Udinese,19185,Keinan Davis,F,90,7.2,,1.0,2.0,1.0,21,15.0,71.4,1.0,,,3.0,0,0,7.0,14.0
Torino vs Udinese,Udinese,347644,Arthur Atta,M,29,6.7,,0.0,,,12,11.0,91.7,,,,,0,0,1.0,4.0
Torino vs Udinese,Udinese,1939,Jakub Piotrowski,M,29,6.5,,0.0,,,10,5.0,50.0,,,,,0,0,2.0,3.0
Torino vs Udinese,Udinese,36916,Kingsley Ehizibue,D,10,6.2,,0.0,,,2,2.0,100.0,,,,,0,0,,
Torino vs Udinese,Udinese,315249,Nicolò Bertola,D,10,6.2,,0.0,,,0,,,,,,,0,0,1.0,1.0
Torino vs Udinese,Udinese,182560,Oier Zarraga,M,10,6.2,,0.0,,,0,,,,,1.0,,0,0,,2.0
Parma vs Inter,Parma,180762,Edoardo Corvi,G,90,6.3,,0.0,,,38,26.0,68.4,,,,,0,0,,
Parma vs Inter,Parma,499380,Sascha Britschgi,D,90,6.2,,0.0,,,45,33.0,73.3,,1.0,,1.0,0,0,2.0,2.0
Parma vs Inter,Parma,30420,Enrico Del Prato,D,90,6.5,,0.0,1.0,,53,47.0,88.7,,5.0,,2.0,0,0,3.0,5.0
Parma vs Inter,Parma,348568,Alessandro Circati,D,90,6.6,,0.0,,,49,35.0,71.4,,1.0,1.0,,0,0,1.0,6.0
Parma vs Inter,Parma,91358,Emanuele Valeri,D,90,6.9,,0.0,,,30,21.0,70.0,2.0,,,1.0,0,0,4.0,6.0
Parma vs Inter,Parma,628,Adrián Bernabé,M,75,6.9,,0.0,,,39,29.0,74.4,1.0,1.0,,2.0,0,0,3.0,6.0
Parma vs Inter,Parma,308836,Mandela Keita,M,86,7.5,,0.0,,,36,32.0,88.9,4.0,2.0,,1.0,0,0,6.0,8.0
Parma vs Inter,Parma,161569,Oliver Sørensen,M,90,6.9,,0.0,,,23,17.0,73.9,3.0,1.0,,2.0,0,0,5.0,7.0
Parma vs Inter,Parma,161859,Gaetano Oristanio,F,62,6,,0.0,,,8,6.0,75.0,,,1.0,,0,0,,6.0
Parma vs Inter,Parma,292172,Mateo Pellegrino,F,75,6.5,,0.0,,,18,13.0,72.2,,,2.0,3.0,0,0,5.0,14.0
Parma vs Inter,Parma,191979,Jacob Ondrejka,F,62,6.7,,0.0,1.0,,14,9.0,64.3,1.0,,,4.0,0,0,5.0,10.0
Parma vs Inter,Parma,362752,Christian Ordoñez,M,28,6.5,,0.0,,,12,11.0,91.7,,1.0,,,0,0,,1.0
Parma vs Inter,Parma,48193,Pontus Almqvist,F,28,6.3,,0.0,,,4,4.0,100.0,,,,,0,0,1.0,2.0
Parma vs Inter,Parma,6409,Nahuel Estévez,M,15,6.9,,0.0,,,14,12.0,85.7,1.0,1.0,,1.0,0,0,2.0,2.0
Parma vs Inter,Parma,1649,Patrick Cutrone,F,15,6.5,,0.0,1.0,,1,1.0,100.0,,,,1.0,0,0,1.0,3.0
Parma vs Inter,Parma,362061,Benjamin Cremaschi,M,12,6.5,,0.0,,,2,2.0,100.0,,,,,0,0,,
Parma vs Inter,Inter,2802,Yann Sommer,G,90,6.6,,0.0,,,25,23.0,92.0,,,,,0,0,,
Parma vs Inter,Inter,24953,Yann Bisseck,D,90,7.7,,0.0,2.0,1.0,79,74.0,93.7,4.0,1.0,1.0,1.0,0,0,8.0,12.0
Parma vs Inter,Inter,5,Manuel Akanji,D,90,7.9,,0.0,,,96,92.0,95.8,2.0,3.0,2.0,1.0,0,0,5.0,8.0
Parma vs Inter,Inter,10238,Carlos Augusto,D,90,7,,0.0,,,73,66.0,90.4,3.0,1.0,2.0,,1,0,8.0,12.0
Parma vs Inter,Inter,10077,Luís Henrique,M,85,7,,0.0,,,48,43.0,89.6,1.0,,1.0,,0,0,2.0,5.0
Parma vs Inter,Inter,348205,Petar Sučić,M,69,6.5,,0.0,2.0,1.0,29,26.0,89.7,,,1.0,,0,0,2.0,5.0
Parma vs Inter,Inter,1640,Hakan Çalhanoğlu,M,69,7.3,,0.0,2.0,,89,83.0,93.3,1.0,,1.0,,1,0,2.0,4.0
Parma vs Inter,Inter,1457,Henrikh Mkhitaryan,M,90,7.3,,0.0,3.0,1.0,57,45.0,78.9,3.0,2.0,1.0,,0,0,4.0,7.0
Parma vs Inter,Inter,31010,Federico Dimarco,M,90,8.3,1.0,0.0,1.0,1.0,64,53.0,82.8,3.0,2.0,3.0,,0,0,3.0,7.0
Parma vs Inter,Inter,217,Lautaro Martínez,F,85,5.2,,0.0,4.0,2.0,32,23.0,71.9,,,1.0,,0,0,,4.0
Parma vs Inter,Inter,345808,Francesco Pio Esposito,F,79,6.3,,0.0,4.0,1.0,19,14.0,73.7,1.0,,2.0,,0,0,4.0,9.0
Parma vs Inter,Inter,30558,Nicolò Barella,M,21,6.6,,1.0,,,18,17.0,94.4,,,1.0,,0,0,,1.0
Parma vs Inter,Inter,329,Piotr Zieliński,M,21,6.7,,0.0,,,26,25.0,96.2,,,2.0,,0,0,1.0,2.0
Parma vs Inter,Inter,21509,Marcus Thuram,F,11,7.3,1.0,0.0,1.0,1.0,2,2.0,100.0,,,2.0,1.0,1,0,1.0,2.0
Parma vs Inter,Inter,1836,Francesco Acerbi,D,13,6.6,,0.0,,,3,3.0,100.0,,,,,0,0,,
Parma vs Inter,Inter,275651,Ange-Yoan Bonny,F,13,6.3,,0.0,,,2,2.0,100.0,,,,,0,0,,
Cremonese vs Cagliari,Cremonese,30441,Emil Audero,G,90,6.7,,0.0,,,51,32.0,62.7,,,,,0,0,,
Cremonese vs Cagliari,Cremonese,264472,Filippo Terracciano,D,90,6.9,,0.0,,,48,42.0,87.5,1.0,1.0,1.0,1.0,0,0,2.0,4.0
Cremonese vs Cagliari,Cremonese,127035,Federico Baschirotto,D,90,6.7,,0.0,1.0,,65,55.0,84.6,2.0,,2.0,,0,0,4.0,7.0
Cremonese vs Cagliari,Cremonese,30919,Matteo Bianchetti,D,90,6.5,,0.0,,,40,32.0,80.0,1.0,1.0,2.0,1.0,0,0,5.0,11.0
Cremonese vs Cagliari,Cremonese,342651,Romano Floriani Mussolini,M,90,6.3,,0.0,1.0,,21,16.0,76.2,2.0,,3.0,,0,0,3.0,8.0
Cremonese vs Cagliari,Cremonese,6383,Martín Payero,M,89,6.3,,0.0,,,24,20.0,83.3,1.0,,,2.0,0,0,5.0,13.0
Cremonese vs Cagliari,Cremonese,266813,Warren Bondo,M,60,6.7,,0.0,,,35,33.0,94.3,1.0,,2.0,2.0,1,0,3.0,7.0
Cremonese vs Cagliari,Cremonese,36986,Dennis Johnsen,M,60,8,1.0,0.0,2.0,2.0,10,9.0,90.0,,,,2.0,0,0,3.0,5.0
Cremonese vs Cagliari,Cremonese,30775,Giuseppe Pezzella,M,60,6.9,,0.0,,,10,8.0,80.0,,1.0,1.0,1.0,0,0,4.0,8.0
Cremonese vs Cagliari,Cremonese,31436,Federico Bonazzoli,F,90,7.5,,0.0,1.0,,47,43.0,91.5,2.0,,,1.0,1,0,4.0,6.0
Cremonese vs Cagliari,Cremonese,18788,Jamie Vardy,F,89,7.9,1.0,1.0,3.0,2.0,17,8.0,47.1,,,,,0,0,3.0,8.0
Cremonese vs Cagliari,Cremonese,126980,Tommaso Barbieri,D,30,6.2,,0.0,,,13,8.0,61.5,1.0,1.0,2.0,,0,0,2.0,6.0
Cremonese vs Cagliari,Cremonese,31211,Jari Vandeputte,M,30,6.6,,0.0,1.0,,15,12.0,80.0,,,3.0,,0,0,,3.0
Cremonese vs Cagliari,Cremonese,31219,Alessio Zerbin,F,30,6.9,,0.0,1.0,1.0,8,7.0,87.5,,,,1.0,0,0,2.0,5.0
Cremonese vs Cagliari,Cagliari,30731,Elia Caprile,G,90,6.6,,0.0,,,18,15.0,83.3,,,,,0,0,,
Cremonese vs Cagliari,Cagliari,319,Sebastiano Luperto,D,90,6.3,,0.0,,,56,51.0,91.1,,,2.0,,1,0,2.0,8.0
Cremonese vs Cagliari,Cagliari,2484,Yerry Mina,D,45,5.9,,0.0,,,38,37.0,97.4,,,,,0,0,1.0,2.0
Cremonese vs Cagliari,Cagliari,415155,Juan Rodríguez,D,90,5.9,,0.0,1.0,1.0,75,68.0,90.7,1.0,1.0,1.0,,0,0,5.0,8.0
Cremonese vs Cagliari,Cagliari,200,Gabriele Zappa,M,84,6.9,,0.0,2.0,,56,52.0,92.9,1.0,1.0,,,0,0,2.0,4.0
Cremonese vs Cagliari,Cagliari,30505,Michel Adopo,M,90,7.9,1.0,0.0,1.0,1.0,50,40.0,80.0,1.0,,2.0,1.0,0,0,6.0,11.0
Cremonese vs Cagliari,Cagliari,309388,Matteo Prati,M,56,6.9,,0.0,,,37,30.0,81.1,3.0,,,,0,0,4.0,4.0
Cremonese vs Cagliari,Cagliari,383018,Marco Palestra,M,90,7,,0.0,,,30,30.0,100.0,,,1.0,3.0,0,0,3.0,6.0
Cremonese vs Cagliari,Cagliari,140831,Zito Luvumbo,F,56,7,,0.0,3.0,1.0,16,13.0,81.2,1.0,,,3.0,0,0,6.0,10.0
Cremonese vs Cagliari,Cagliari,325,Gianluca Gaetano,F,65,7.3,,0.0,1.0,,49,43.0,87.8,,,1.0,1.0,0,0,4.0,6.0
Cremonese vs Cagliari,Cagliari,31499,Gennaro Borrelli,F,90,6.6,,1.0,2.0,,14,12.0,85.7,,,2.0,4.0,1,0,8.0,12.0
Cremonese vs Cagliari,Cagliari,215,Sebastiano Esposito,F,45,7,,0.0,1.0,,20,16.0,80.0,,,1.0,2.0,0,0,2.0,4.0
Cremonese vs Cagliari,Cagliari,321744,Adam Obert,D,34,7.2,,0.0,,,25,21.0,84.0,2.0,,,,0,0,3.0,4.0
Cremonese vs Cagliari,Cagliari,30780,Luca Mazzitelli,M,34,6.9,,1.0,2.0,1.0,23,18.0,78.3,1.0,1.0,2.0,,0,0,2.0,5.0
Cremonese vs Cagliari,Cagliari,336567,Semih Kılıçsoy,F,25,6.6,,0.0,,,9,7.0,77.8,1.0,,,1.0,0,0,3.0,7.0
Cremonese vs Cagliari,Cagliari,584116,Yael Trepy,F,13,7.9,1.0,0.0,1.0,1.0,1,,,,,,,0,0,,
AC Milan vs Genoa,AC Milan,22221,Mike Maignan,G,90,6.3,,0.0,,,12,12.0,100.0,,,,,1,0,,
AC Milan vs Genoa,AC Milan,19209,Fikayo Tomori,D,90,7.3,,0.0,,,74,69.0,93.2,3.0,,1.0,,1,0,4.0,8.0
AC Milan vs Genoa,AC Milan,56473,Matteo Gabbia,D,75,6.9,,0.0,3.0,1.0,52,46.0,88.5,2.0,1.0,1.0,,1,0,6.0,7.0
AC Milan vs Genoa,AC Milan,45826,Strahinja Pavlović,D,90,7.6,,0.0,3.0,,78,70.0,89.7,,2.0,1.0,,1,0,7.0,14.0
AC Milan vs Genoa,AC Milan,1417,Alexis Saelemaekers,M,65,6.6,,0.0,,,24,22.0,91.7,,,,1.0,0,0,1.0,3.0
AC Milan vs Genoa,AC Milan,22254,Youssouf Fofana,M,45,6.2,,0.0,,,14,13.0,92.9,,,,1.0,0,0,1.0,5.0
AC Milan vs Genoa,AC Milan,754,Luka Modrić,M,90,7.2,,0.0,,,68,63.0,92.6,,1.0,,,0,0,1.0,4.0
AC Milan vs Genoa,AC Milan,272,Adrien Rabiot,M,90,7.9,,0.0,1.0,,59,51.0,86.4,4.0,,,2.0,0,0,11.0,12.0
AC Milan vs Genoa,AC Milan,374359,Davide Bartesaghi,M,90,7,,0.0,1.0,,56,49.0,87.5,3.0,1.0,2.0,,0,0,6.0,12.0
AC Milan vs Genoa,AC Milan,22236,Rafael Leão,F,90,8,1.0,0.0,4.0,4.0,41,37.0,90.2,,,2.0,1.0,0,0,3.0,10.0
AC Milan vs Genoa,AC Milan,17,Christian Pulišić,F,90,6.9,,0.0,4.0,2.0,39,36.0,92.3,1.0,,2.0,2.0,0,0,4.0,9.0
AC Milan vs Genoa,AC Milan,2292,Ruben Loftus-Cheek,M,45,6.6,,0.0,,,19,12.0,63.2,1.0,,1.0,,0,0,6.0,7.0
AC Milan vs Genoa,AC Milan,25391,Niclas Füllkrug,F,25,5.9,,0.0,,,5,3.0,60.0,,,1.0,,0,0,,4.0
AC Milan vs Genoa,AC Milan,396380,Zachary Athekame,D,15,6.9,,0.0,1.0,1.0,17,16.0,94.1,,,1.0,,0,0,,
AC Milan vs Genoa,Genoa,31631,Nicola Leali,G,90,9.2,,0.0,,,32,15.0,46.9,,,,,1,0,,
AC Milan vs Genoa,Genoa,281826,Alessandro Marcandalli,D,90,7.3,,0.0,,,36,28.0,77.8,1.0,,2.0,1.0,0,0,7.0,9.0
AC Milan vs Genoa,Genoa,18967,Leo Østigård,D,90,7.9,,0.0,,,51,47.0,92.2,2.0,,,1.0,0,0,6.0,9.0
AC Milan vs Genoa,Genoa,35544,Johan Vásquez,D,90,6.7,,0.0,,,44,40.0,90.9,,,,,0,0,,3.0
AC Milan vs Genoa,Genoa,284570,Brooke Norton-Cuffy,M,90,6.5,,0.0,,,31,25.0,80.6,2.0,1.0,,,0,0,3.0,12.0
AC Milan vs Genoa,Genoa,1938,Ruslan Malinovskyi,M,64,7.3,,1.0,,,33,31.0,93.9,1.0,1.0,,,0,0,1.0,3.0
AC Milan vs Genoa,Genoa,15881,Morten Frendrup,M,90,7.2,,0.0,,,37,37.0,100.0,2.0,2.0,,,0,0,3.0,4.0
AC Milan vs Genoa,Genoa,36980,Morten Thorsby,M,63,6.3,,0.0,,,19,14.0,73.7,1.0,1.0,1.0,,0,0,1.0,7.0
AC Milan vs Genoa,Genoa,25914,Aarón Martín,M,83,6.9,,0.0,1.0,,24,20.0,83.3,1.0,,1.0,1.0,0,0,2.0,5.0
AC Milan vs Genoa,Genoa,281408,Vitinha,F,75,7,,0.0,,,20,12.0,60.0,1.0,,2.0,5.0,0,0,12.0,23.0
AC Milan vs Genoa,Genoa,263481,Lorenzo Colombo,F,83,7.3,1.0,0.0,3.0,2.0,26,19.0,73.1,,1.0,,,0,0,5.0,11.0
AC Milan vs Genoa,Genoa,281096,Patrizio Masini,M,27,6.3,,0.0,,,10,6.0,60.0,,1.0,2.0,,0,0,2.0,4.0
AC Milan vs Genoa,Genoa,89520,Mikael Ellertsson,M,26,7,,0.0,,,2,2.0,100.0,,,,1.0,0,0,1.0,1.0
AC Milan vs Genoa,Genoa,451504,Jeff Ekhator,F,15,6.5,,0.0,,,6,3.0,50.0,,,,,0,0,,1.0
AC Milan vs Genoa,Genoa,387128,Sebastian Otoa,D,17,6.9,,0.0,,,0,,,,,,1.0,0,0,1.0,1.0
AC Milan vs Genoa,Genoa,44439,Nicolae Stanciu,M,17,5.9,,0.0,1.0,,0,,,1.0,,,,0,0,1.0,2.0
Udinese vs Pisa,Udinese,143648,Maduka Okoye,G,90,6.7,,0.0,,,21,8.0,38.1,,,,,0,0,,
Udinese vs Pisa,Udinese,315249,Nicolò Bertola,D,90,6.6,,0.0,,,42,36.0,85.7,,1.0,1.0,1.0,0,0,3.0,8.0
Udinese vs Pisa,Udinese,18797,Christian Kabasele,D,90,7.9,1.0,0.0,1.0,1.0,38,33.0,86.8,1.0,3.0,,3.0,0,0,7.0,10.0
Udinese vs Pisa,Udinese,656,Oumar Solet,D,90,7.3,,0.0,,,64,57.0,89.1,,1.0,1.0,1.0,0,0,5.0,11.0
Udinese vs Pisa,Udinese,22007,Hassane Kamara,D,74,6.2,,0.0,,,19,14.0,73.7,,,,,0,0,2.0,5.0
Udinese vs Pisa,Udinese,162907,Alessandro Zanoli,M,56,7,,0.0,1.0,,16,13.0,81.2,1.0,,1.0,,0,0,4.0,5.0
Udinese vs Pisa,Udinese,343558,Lennon Miller,M,75,6.3,,0.0,1.0,,38,30.0,78.9,1.0,,1.0,,0,0,1.0,1.0
Udinese vs Pisa,Udinese,48047,Jesper Karlström,M,90,6.5,,0.0,,,34,26.0,76.5,,1.0,1.0,,0,0,,3.0
Udinese vs Pisa,Udinese,541,Jürgen Ekkelenkamp,M,56,7.2,,0.0,1.0,,22,19.0,86.4,,,1.0,2.0,0,0,3.0,7.0
Udinese vs Pisa,Udinese,786,Nicolò Zaniolo,F,61,6.6,,1.0,,,23,17.0,73.9,,1.0,3.0,1.0,1,0,1.0,6.0
Udinese vs Pisa,Udinese,19185,Keinan Davis,F,90,6.6,1.0,0.0,3.0,1.0,19,14.0,73.7,,,2.0,3.0,0,0,7.0,16.0
Udinese vs Pisa,Udinese,347644,Arthur Atta,M,34,6.7,,0.0,1.0,,7,5.0,71.4,1.0,,,,0,0,3.0,5.0
Udinese vs Pisa,Udinese,1939,Jakub Piotrowski,M,34,6.6,,0.0,,,7,6.0,85.7,1.0,1.0,,1.0,0,0,2.0,4.0
Udinese vs Pisa,Udinese,434410,Idrissa Gueye,F,29,6.3,,0.0,1.0,,8,2.0,25.0,,,2.0,2.0,0,0,5.0,8.0
Udinese vs Pisa,Udinese,422156,Matteo Palma,D,16,6.9,,0.0,,,9,5.0,55.6,,,,,0,0,3.0,5.0
Udinese vs Pisa,Udinese,330599,Iker Bravo,F,15,6.9,,0.0,,,3,3.0,100.0,,,,,0,0,1.0,2.0
Udinese vs Pisa,Pisa,50054,Simone Scuffet,G,90,6.9,,0.0,,,29,22.0,75.9,,,,,0,0,,
Udinese vs Pisa,Pisa,30469,Arturo Calabresi,D,89,6.3,,0.0,,,27,16.0,59.3,1.0,1.0,1.0,,0,0,1.0,4.0
Udinese vs Pisa,Pisa,31604,Antonio Caracciolo,D,90,6.5,,0.0,,,33,29.0,87.9,,2.0,2.0,,1,0,2.0,6.0
Udinese vs Pisa,Pisa,91503,Simone Canestrelli,D,90,6,,0.0,1.0,,38,26.0,68.4,,,3.0,1.0,0,0,7.0,14.0
Udinese vs Pisa,Pisa,30753,Mehdi Léris,M,57,6.5,,0.0,1.0,,19,15.0,78.9,,,1.0,2.0,0,0,6.0,9.0
Udinese vs Pisa,Pisa,30723,Marius Marin,M,57,6.2,,0.0,,,29,21.0,72.4,2.0,,3.0,1.0,1,0,3.0,7.0
Udinese vs Pisa,Pisa,951,Michel Aebischer,M,90,7.5,,1.0,,,40,37.0,92.5,1.0,3.0,,2.0,0,0,5.0,6.0
Udinese vs Pisa,Pisa,302069,Samuele Angori,M,90,6.9,,0.0,,,25,11.0,44.0,2.0,1.0,,3.0,0,0,5.0,7.0
Udinese vs Pisa,Pisa,20959,Matteo Tramoni,F,90,8.7,1.0,0.0,3.0,2.0,24,19.0,79.2,4.0,,,1.0,0,0,5.0,9.0
Udinese vs Pisa,Pisa,31560,Stefano Moreo,F,90,6.5,,0.0,3.0,2.0,19,7.0,36.8,,1.0,2.0,,1,0,5.0,9.0
Udinese vs Pisa,Pisa,331678,Henrik Wendel Meister,F,89,6.6,1.0,0.0,3.0,2.0,7,5.0,71.4,,,3.0,1.0,0,0,3.0,10.0
Udinese vs Pisa,Pisa,56293,Idrissa Touré,M,33,6.9,,0.0,,,9,5.0,55.6,1.0,,,,0,0,5.0,8.0
Udinese vs Pisa,Pisa,325387,Gabriele Piccinini,M,33,6.6,,0.0,1.0,1.0,6,4.0,66.7,,,,,0,0,1.0,4.0
Como vs Bologna,Como,8574,Jean Butez,G,90,6.9,,0.0,,,43,39.0,90.7,,,,,0,0,,
Como vs Bologna,Como,129119,Ignace Van der Brempt,D,63,6.5,,0.0,,,19,14.0,73.7,3.0,,1.0,,1,0,4.0,9.0
Como vs Bologna,Como,21090,Diego Carlos,D,90,6.9,,0.0,,,64,55.0,85.9,1.0,1.0,2.0,,0,0,3.0,6.0
Como vs Bologna,Como,26301,Marc-Oliver Kempf,D,90,6.9,,0.0,1.0,,72,63.0,87.5,3.0,,,,0,0,6.0,8.0
Como vs Bologna,Como,288,Alberto Moreno,D,84,6.3,,0.0,,,34,29.0,85.3,1.0,,1.0,,0,0,2.0,4.0
Como vs Bologna,Como,288699,Máximo Perrone,M,90,6.6,,0.0,,,44,41.0,93.2,1.0,,2.0,,0,0,2.0,5.0
Como vs Bologna,Como,162266,Lucas Da Cunha,M,57,6.2,,0.0,1.0,,22,19.0,86.4,1.0,,1.0,,1,0,1.0,3.0
Como vs Bologna,Como,8586,Mërgim Vojvoda,M,57,5.3,,0.0,1.0,,17,12.0,70.6,,1.0,1.0,,0,0,,4.0
Como vs Bologna,Como,350037,Nico Paz,M,90,6.6,,0.0,3.0,1.0,27,20.0,74.1,3.0,1.0,2.0,1.0,1,0,7.0,12.0
Como vs Bologna,Como,443162,Jesús Rodriguez,M,90,8.2,,1.0,2.0,1.0,19,12.0,63.2,5.0,,2.0,2.0,0,0,13.0,21.0
Como vs Bologna,Como,26845,Anastasios Douvikas,F,90,6.3,,0.0,1.0,,10,5.0,50.0,,,1.0,,0,0,3.0,6.0
Como vs Bologna,Como,659,Maxence Caqueret,M,33,6.6,,0.0,1.0,,19,15.0,78.9,,,,,0,0,,
Como vs Bologna,Como,38753,Nicolas-Gerrit Kühn,F,33,6.3,,0.0,,,10,9.0,90.0,,,,,0,0,,1.0
Como vs Bologna,Como,711,Stefan Posch,D,27,6.7,,0.0,1.0,,25,22.0,88.0,,,1.0,,0,0,,2.0
Como vs Bologna,Como,295026,Martin Baturina,M,13,7.9,1.0,0.0,1.0,1.0,12,10.0,83.3,,,,,0,0,2.0,4.0
Como vs Bologna,Bologna,31098,Federico Ravaglia,G,90,6.6,,0.0,,,57,36.0,63.2,,,,,0,0,,
Como vs Bologna,Bologna,128461,Nadir Zortea,D,90,6.2,,0.0,,,11,8.0,72.7,1.0,2.0,2.0,1.0,1,0,2.0,9.0
Como vs Bologna,Bologna,39254,Torbjørn Heggem,D,90,7,,0.0,,,40,36.0,90.0,2.0,,,1.0,0,0,4.0,6.0
Como vs Bologna,Bologna,1929,Jhon Lucumí,D,26,6.7,,0.0,,,18,16.0,88.9,1.0,,,,0,0,1.0,1.0
Como vs Bologna,Bologna,134,Juan Miranda,D,90,6.9,,0.0,,,53,41.0,77.4,1.0,1.0,,1.0,0,0,4.0,5.0
Como vs Bologna,Bologna,2807,Remo Freuler,M,76,6.9,,0.0,,,23,17.0,73.9,1.0,1.0,,1.0,1,0,2.0,6.0
Como vs Bologna,Bologna,31273,Tommaso Pobega,M,84,6.2,,0.0,1.0,,23,15.0,65.2,1.0,,1.0,,0,0,2.0,7.0
Como vs Bologna,Bologna,278095,Jonathan Rowe,M,76,6.2,,0.0,,,15,8.0,53.3,1.0,2.0,,2.0,0,0,4.0,11.0
Como vs Bologna,Bologna,322630,Giovanni Fabbian,M,90,6.3,,0.0,,,15,10.0,66.7,2.0,2.0,,1.0,0,0,4.0,9.0
Como vs Bologna,Bologna,30438,Nicolò Cambiaghi,M,61,7.9,1.0,0.0,2.0,2.0,12,10.0,83.3,4.0,,,1.0,0,1,7.0,12.0
Como vs Bologna,Bologna,311067,Santiago Castro,F,76,6.9,,1.0,1.0,,14,11.0,78.6,1.0,,,3.0,0,0,5.0,8.0
Como vs Bologna,Bologna,287564,Martin Vitík,D,64,6.5,,0.0,,,12,11.0,91.7,,,,,0,0,1.0,3.0
Como vs Bologna,Bologna,31099,Nicolò Casale,D,14,6.3,,0.0,,,2,2.0,100.0,,1.0,,,0,0,1.0,1.0
Como vs Bologna,Bologna,44814,Lewis Ferguson,M,14,6.3,,0.0,,,3,,,,,,,1,0,1.0,3.0
Como vs Bologna,Bologna,1863,Ciro Immobile,F,14,6.6,,0.0,,,2,2.0,100.0,,,,2.0,0,0,2.0,2.0
Como vs Bologna,Bologna,353609,Ibrahim Sulemana,M,13,6.6,,0.0,,,2,,,,,,,0,0,2.0,2.0
AS Roma vs Sassuolo,AS Roma,556,Mile Svilar,G,90,7.9,,0.0,,,23,19.0,82.6,,,,,0,0,,
AS Roma vs Sassuolo,AS Roma,342019,Daniele Ghilardi,D,90,7.2,,0.0,,,46,39.0,84.8,3.0,1.0,,1.0,0,0,7.0,12.0
AS Roma vs Sassuolo,AS Roma,30425,Gianluca Mancini,D,88,8,,0.0,,,53,46.0,86.8,3.0,1.0,3.0,1.0,0,0,12.0,16.0
AS Roma vs Sassuolo,AS Roma,2669,Mario Hermoso,D,90,7.2,,0.0,1.0,,71,66.0,93.0,2.0,2.0,2.0,2.0,1,0,6.0,8.0
AS Roma vs Sassuolo,AS Roma,22222,Zeki Çelik,M,87,7.2,,0.0,,,62,51.0,82.3,5.0,,2.0,,0,0,7.0,12.0
AS Roma vs Sassuolo,AS Roma,356888,Niccolò Pisilli,M,90,7.2,,0.0,3.0,,66,62.0,93.9,,2.0,,,0,0,1.0,7.0
AS Roma vs Sassuolo,AS Roma,22147,Manu Koné,M,90,8.3,1.0,0.0,3.0,2.0,61,59.0,96.7,3.0,,4.0,3.0,1,0,9.0,15.0
AS Roma vs Sassuolo,AS Roma,1600,Konstantinos Tsimikas,M,63,6.9,,0.0,1.0,,27,23.0,85.2,1.0,,,2.0,0,0,3.0,4.0
AS Roma vs Sassuolo,AS Roma,323936,Matías Soulé,F,88,9.2,1.0,1.0,3.0,1.0,60,55.0,91.7,2.0,,,,0,0,5.0,15.0
AS Roma vs Sassuolo,AS Roma,875,Paulo Dybala,F,90,7.7,,0.0,3.0,2.0,56,50.0,89.3,1.0,,1.0,3.0,0,0,7.0,16.0
AS Roma vs Sassuolo,AS Roma,129643,Evan Ferguson,F,39,6.3,,0.0,1.0,,3,3.0,100.0,,,1.0,1.0,0,0,1.0,2.0
AS Roma vs Sassuolo,AS Roma,791,Stephan El Shaarawy,F,51,7.5,,1.0,3.0,1.0,30,25.0,83.3,2.0,1.0,,1.0,0,0,4.0,4.0
AS Roma vs Sassuolo,AS Roma,349001,Wesley,D,27,6.9,,0.0,1.0,,17,11.0,64.7,,,,1.0,0,0,2.0,2.0
AS Roma vs Sassuolo,AS Roma,162452,Devyne Rensch,D,8,6.6,,0.0,,,6,5.0,83.3,1.0,,,,0,0,1.0,2.0
AS Roma vs Sassuolo,AS Roma,384543,Jan Ziółkowski,D,2,,,0.0,,,2,,,,,1.0,,0,0,1.0,3.0
AS Roma vs Sassuolo,AS Roma,394183,Alessandro Romano,M,2,,,0.0,,,5,4.0,80.0,,,1.0,,0,0,1.0,3.0
AS Roma vs Sassuolo,Sassuolo,616,Arijanet Murić,G,90,7.3,,0.0,,,45,27.0,60.0,,,,,1,0,,
AS Roma vs Sassuolo,Sassuolo,40582,Sebastian Walukiewicz,D,90,6.2,,0.0,,,32,23.0,71.9,,,3.0,,0,0,,4.0
AS Roma vs Sassuolo,Sassuolo,37651,Jay Idzes,D,90,6.2,,0.0,,,30,29.0,96.7,,,1.0,1.0,0,0,1.0,2.0
AS Roma vs Sassuolo,Sassuolo,271350,Tarik Muharemović,D,90,7.2,,0.0,,,39,31.0,79.5,2.0,4.0,2.0,,0,0,5.0,8.0
AS Roma vs Sassuolo,Sassuolo,135526,Josh Doig,D,90,6.2,,0.0,,,27,19.0,70.4,1.0,1.0,,,0,0,5.0,12.0
AS Roma vs Sassuolo,Sassuolo,343562,Luca Lipani,M,72,6.9,,0.0,,,24,18.0,75.0,4.0,3.0,1.0,1.0,0,0,6.0,9.0
AS Roma vs Sassuolo,Sassuolo,902,Nemanja Matić,M,90,7.2,,0.0,,,45,32.0,71.1,5.0,,1.0,2.0,1,0,11.0,14.0
AS Roma vs Sassuolo,Sassuolo,328046,Ismael Koné,M,83,6.6,,0.0,2.0,2.0,20,17.0,85.0,1.0,,1.0,2.0,0,0,4.0,7.0
AS Roma vs Sassuolo,Sassuolo,263699,Alieu Fadera,F,73,7.2,,0.0,1.0,1.0,15,13.0,86.7,1.0,1.0,1.0,3.0,0,0,6.0,11.0
AS Roma vs Sassuolo,Sassuolo,31094,Andrea Pinamonti,F,83,6.2,,0.0,,,15,12.0,80.0,1.0,,,2.0,0,0,6.0,19.0
AS Roma vs Sassuolo,Sassuolo,2215,Armand Laurienté,F,83,6.2,,0.0,1.0,,19,15.0,78.9,1.0,,3.0,1.0,0,0,3.0,10.0
AS Roma vs Sassuolo,Sassuolo,127413,Aster Vranckx,M,18,6.2,,0.0,,,6,4.0,66.7,1.0,,,,0,0,1.0,7.0
AS Roma vs Sassuolo,Sassuolo,128478,Walid Cheddira,F,17,6.5,,0.0,,,1,1.0,100.0,,,2.0,1.0,0,0,1.0,4.0
AS Roma vs Sassuolo,Sassuolo,281291,Edoardo Iannoni,M,12,6.5,,0.0,,,4,4.0,100.0,,2.0,1.0,,0,0,,3.0
AS Roma vs Sassuolo,Sassuolo,30849,Nicholas Pierini,F,12,6.2,,0.0,,,3,,,2.0,,,,0,0,2.0,8.0
AS Roma vs Sassuolo,Sassuolo,31440,Luca Moro,F,12,6.9,,0.0,,,4,3.0,75.0,1.0,,,1.0,0,0,3.0,3.0
Atalanta vs Torino,Atalanta,30417,Marco Carnesecchi,G,90,7.5,,0.0,,,30,20.0,66.7,,,,,0,0,,
Atalanta vs Torino,Atalanta,289761,Giorgio Scalvini,D,67,7.3,,0.0,,,58,51.0,87.9,4.0,,,,0,0,6.0,10.0
Atalanta vs Torino,Atalanta,30421,Berat Djimsiti,D,44,6.7,,0.0,1.0,,24,23.0,95.8,1.0,1.0,,,0,0,1.0,4.0
Atalanta vs Torino,Atalanta,453906,Honest Ahanor,D,90,8,,0.0,,,49,42.0,85.7,3.0,1.0,2.0,1.0,0,0,9.0,13.0
Atalanta vs Torino,Atalanta,2286,Davide Zappacosta,M,90,6.3,,0.0,1.0,1.0,39,32.0,82.1,1.0,,,,0,0,2.0,8.0
Atalanta vs Torino,Atalanta,30432,Marten de Roon,M,90,7.3,,0.0,,,66,55.0,83.3,4.0,2.0,2.0,,0,0,7.0,13.0
Atalanta vs Torino,Atalanta,10097,Éderson,M,90,7.2,,0.0,,,52,48.0,92.3,1.0,2.0,1.0,2.0,0,0,3.0,6.0
Atalanta vs Torino,Atalanta,264857,Lorenzo Bernasconi,M,90,7.9,,1.0,,,34,33.0,97.1,2.0,,,1.0,0,0,4.0,5.0
Atalanta vs Torino,Atalanta,147859,Charles De Ketelaere,F,79,9.3,1.0,0.0,1.0,1.0,40,32.0,80.0,2.0,,,2.0,0,0,9.0,17.0
Atalanta vs Torino,Atalanta,203474,Nicola Zalewski,F,79,7.9,,0.0,2.0,1.0,33,27.0,81.8,,,1.0,6.0,0,0,9.0,14.0
Atalanta vs Torino,Atalanta,66817,Nikola Krstović,F,67,6.2,,0.0,2.0,1.0,24,17.0,70.8,1.0,,2.0,3.0,0,0,6.0,13.0
Atalanta vs Torino,Atalanta,137976,Isak Hien,D,46,6.9,,0.0,,,20,17.0,85.0,1.0,,1.0,,0,0,1.0,4.0
Atalanta vs Torino,Atalanta,162106,Yunus Musah,M,23,6.3,,0.0,,,8,8.0,100.0,1.0,,1.0,,1,0,1.0,6.0
Atalanta vs Torino,Atalanta,30544,Gianluca Scamacca,F,23,6.7,,1.0,,,7,5.0,71.4,,1.0,3.0,,0,0,,4.0
Atalanta vs Torino,Atalanta,178749,Lazar Samardžić,M,11,6.7,,0.0,1.0,,3,3.0,100.0,,,,2.0,0,0,2.0,4.0
Atalanta vs Torino,Atalanta,2763,Mario Pašalić,M,11,7.9,1.0,0.0,1.0,1.0,5,5.0,100.0,1.0,,1.0,,0,0,1.0,2.0
Atalanta vs Torino,Torino,30642,Alberto Paleari,G,90,7.6,,0.0,,,44,33.0,75.0,,,,1.0,0,0,2.0,2.0
Atalanta vs Torino,Torino,14329,Ardian Ismajli,D,90,6.9,,0.0,,,39,33.0,84.6,3.0,4.0,1.0,,0,0,3.0,5.0
Atalanta vs Torino,Torino,2553,Guillermo Maripán,D,90,7.3,,0.0,,,39,32.0,82.1,8.0,,2.0,2.0,0,0,12.0,19.0
Atalanta vs Torino,Torino,122468,Saúl Coco,D,90,6.6,,0.0,,,37,34.0,91.9,,2.0,3.0,1.0,0,0,6.0,14.0
Atalanta vs Torino,Torino,25353,Valentino Lazaro,M,85,6.7,,0.0,,,27,18.0,66.7,,1.0,,,0,0,,4.0
Atalanta vs Torino,Torino,842,Nikola Vlašić,M,90,6.3,,0.0,1.0,,24,20.0,83.3,2.0,,3.0,2.0,0,0,5.0,9.0
Atalanta vs Torino,Torino,22174,Adrien Tameze,M,58,6.2,,0.0,,,25,21.0,84.0,,,2.0,,1,0,,5.0
Atalanta vs Torino,Torino,343189,Gvidas Gineitis,M,90,7.5,,0.0,1.0,,30,27.0,90.0,3.0,1.0,3.0,,0,0,4.0,10.0
Atalanta vs Torino,Torino,243,Zakaria Aboukhlal,M,85,6.6,,0.0,,,34,23.0,67.6,5.0,1.0,1.0,,0,0,6.0,11.0
Atalanta vs Torino,Torino,2495,Duván Zapata,F,57,6.9,,0.0,2.0,1.0,13,7.0,53.8,,,,1.0,0,0,6.0,10.0
Atalanta vs Torino,Torino,85,Cyril Ngonge,F,57,6.2,,0.0,1.0,,19,12.0,63.2,,,1.0,1.0,0,0,5.0,9.0
Atalanta vs Torino,Torino,30414,Giovanni Simeone,F,33,6,,0.0,1.0,1.0,7,5.0,71.4,,,,1.0,0,0,1.0,8.0
Atalanta vs Torino,Torino,19524,Che Adams,F,33,6.7,,0.0,1.0,,15,12.0,80.0,,,,,0,0,3.0,5.0
Atalanta vs Torino,Torino,336573,Emirhan İlkhan,M,32,7.2,,0.0,1.0,1.0,22,18.0,81.8,2.0,2.0,1.0,3.0,1,0,9.0,11.0
Atalanta vs Torino,Torino,30396,Cristiano Biraghi,D,10,5.9,,0.0,,,6,5.0,83.3,,,,,0,0,,
Atalanta vs Torino,Torino,383006,Alieu Njie,F,10,6.5,,0.0,,,1,1.0,100.0,,,,,0,0,,1.0
Lecce vs Parma,Lecce,56459,Wladimiro Falcone,G,90,6.7,,0.0,,,28,16.0,57.1,,,,,0,0,2.0,2.0
Lecce vs Parma,Lecce,161702,Danilo Veiga,D,90,6.5,,0.0,,,24,17.0,70.8,2.0,,,1.0,0,0,4.0,10.0
Lecce vs Parma,Lecce,291589,Kialonda Gaspar,D,90,6.7,,0.0,,,28,25.0,89.3,1.0,,1.0,2.0,0,1,4.0,7.0
Lecce vs Parma,Lecce,455316,Tiago Gabriel,D,90,5.9,,0.0,2.0,,32,29.0,90.6,1.0,1.0,1.0,3.0,0,0,6.0,13.0
Lecce vs Parma,Lecce,19738,Corrie Ndaba,D,78,6.2,,0.0,,,21,15.0,71.4,,,,,0,0,1.0,1.0
Lecce vs Parma,Lecce,15673,Ylber Ramadani,M,78,6.6,,0.0,,,25,19.0,76.0,1.0,1.0,1.0,1.0,1,0,4.0,6.0
Lecce vs Parma,Lecce,56560,Youssef Maleh,M,78,6.5,,0.0,2.0,,22,13.0,59.1,1.0,,2.0,1.0,0,0,4.0,7.0
Lecce vs Parma,Lecce,6662,Santiago Pierotti,M,54,6.2,,0.0,,,15,12.0,80.0,3.0,,4.0,,1,0,4.0,13.0
Lecce vs Parma,Lecce,197779,Mohamed Kaba,M,90,6.2,,0.0,,,16,14.0,87.5,1.0,,1.0,3.0,1,0,6.0,15.0
Lecce vs Parma,Lecce,118956,Lameck Banda,M,57,5.6,,1.0,2.0,,8,6.0,75.0,4.0,1.0,3.0,1.0,0,1,6.0,14.0
Lecce vs Parma,Lecce,264122,Nikola Štulić,F,65,7.9,1.0,0.0,1.0,1.0,14,11.0,78.6,1.0,,3.0,1.0,0,0,5.0,11.0
Lecce vs Parma,Lecce,8643,Konan N'Dri,F,36,6.7,,0.0,,,11,10.0,90.9,1.0,,,2.0,0,0,3.0,8.0
Lecce vs Parma,Lecce,31543,Antonino Gallo,D,25,6.3,,0.0,,,15,8.0,53.3,3.0,,,,0,0,3.0,4.0
Lecce vs Parma,Lecce,126974,Omri Gandelman,M,12,6.3,,0.0,,,8,6.0,75.0,,1.0,,,0,0,2.0,5.0
Lecce vs Parma,Lecce,31507,Riccardo Sottil,F,12,6.6,,0.0,,,5,5.0,100.0,,,,1.0,0,0,3.0,4.0
Lecce vs Parma,Lecce,1748,Lassana Coulibaly,M,12,6.6,,0.0,,,12,7.0,58.3,1.0,,,,0,0,3.0,3.0
Lecce vs Parma,Parma,180762,Edoardo Corvi,G,90,6.5,,0.0,,,31,26.0,83.9,,,,,0,0,,
Lecce vs Parma,Parma,30420,Enrico Del Prato,D,90,6.9,,0.0,,,33,33.0,100.0,2.0,1.0,2.0,1.0,1,0,3.0,6.0
Lecce vs Parma,Parma,348568,Alessandro Circati,D,90,7,,0.0,,,77,73.0,94.8,1.0,1.0,1.0,,0,0,4.0,7.0
Lecce vs Parma,Parma,6221,Lautaro Valenti,D,90,6.9,,0.0,,,61,52.0,85.2,2.0,1.0,2.0,2.0,0,0,9.0,14.0
Lecce vs Parma,Parma,91358,Emanuele Valeri,D,90,6.7,,0.0,2.0,1.0,29,18.0,62.1,5.0,,2.0,2.0,0,0,10.0,17.0
Lecce vs Parma,Parma,628,Adrián Bernabé,M,81,7.3,,1.0,1.0,,48,42.0,87.5,1.0,,1.0,3.0,0,0,4.0,9.0
Lecce vs Parma,Parma,308836,Mandela Keita,M,63,6.5,,0.0,,,34,30.0,88.2,1.0,2.0,2.0,2.0,0,0,3.0,10.0
Lecce vs Parma,Parma,161569,Oliver Sørensen,M,90,6.3,,0.0,,,22,21.0,95.5,1.0,1.0,,2.0,0,0,4.0,8.0
Lecce vs Parma,Parma,161859,Gaetano Oristanio,F,85,6.7,,0.0,1.0,,19,16.0,84.2,1.0,,,2.0,0,0,6.0,13.0
Lecce vs Parma,Parma,292172,Mateo Pellegrino,F,90,7.6,1.0,0.0,2.0,1.0,14,7.0,50.0,1.0,1.0,5.0,1.0,0,0,9.0,16.0
Lecce vs Parma,Parma,191979,Jacob Ondrejka,F,80,7,,0.0,1.0,,13,9.0,69.2,2.0,,,1.0,0,0,5.0,7.0
Lecce vs Parma,Parma,6409,Nahuel Estévez,M,27,6.6,,0.0,,,17,11.0,64.7,2.0,,,,0,0,4.0,7.0
Lecce vs Parma,Parma,40592,Adrian Benedyczak,F,10,6.5,,0.0,,,5,5.0,100.0,,,1.0,,0,0,1.0,4.0
Lecce vs Parma,Parma,362752,Christian Ordoñez,M,9,6.7,,0.0,1.0,,3,2.0,66.7,,,,,0,0,1.0,2.0
Lecce vs Parma,Parma,499380,Sascha Britschgi,D,13,6.5,,0.0,,,6,2.0,33.3,,,1.0,,0,0,,3.0
Fiorentina vs AC Milan,Fiorentina,882,David De Gea,G,90,6.3,,0.0,,,26,19.0,73.1,,,,1.0,0,0,1.0,2.0
Fiorentina vs AC Milan,Fiorentina,41144,Dodô,D,90,7.9,,0.0,,,52,51.0,98.1,2.0,3.0,,4.0,0,0,11.0,14.0
Fiorentina vs AC Milan,Fiorentina,396637,Pietro Comuzzo,D,90,7.7,1.0,0.0,1.0,1.0,40,38.0,95.0,1.0,,,,0,0,2.0,6.0
Fiorentina vs AC Milan,Fiorentina,1084,Marin Pongračić,D,90,6.6,,0.0,,,55,52.0,94.5,3.0,,3.0,,0,0,4.0,8.0
Fiorentina vs AC Milan,Fiorentina,30422,Robin Gosens,D,83,7.5,,0.0,3.0,2.0,42,40.0,95.2,1.0,1.0,,,0,0,3.0,5.0
Fiorentina vs AC Milan,Fiorentina,30810,Rolando Mandragora,M,65,6.9,,0.0,1.0,,31,28.0,90.3,,,,1.0,0,0,1.0,3.0
Fiorentina vs AC Milan,Fiorentina,876,Nicolò Fagioli,M,90,7,,0.0,,,57,53.0,93.0,1.0,,2.0,1.0,1,0,4.0,7.0
Fiorentina vs AC Milan,Fiorentina,311083,Cher Ndour,M,89,6.7,,0.0,1.0,1.0,31,22.0,71.0,2.0,,1.0,1.0,0,0,6.0,11.0
Fiorentina vs AC Milan,Fiorentina,136087,Fabiano Parisi,F,83,7.2,,0.0,2.0,2.0,32,29.0,90.6,,,,2.0,0,0,2.0,4.0
Fiorentina vs AC Milan,Fiorentina,877,Moise Kean,F,90,6.7,,0.0,2.0,1.0,12,12.0,100.0,,1.0,2.0,3.0,1,0,6.0,10.0
Fiorentina vs AC Milan,Fiorentina,2799,Albert Guðmundsson,F,83,7.3,,1.0,1.0,,37,30.0,81.1,,1.0,1.0,,0,0,2.0,9.0
Fiorentina vs AC Milan,Fiorentina,1639,Marco Brescianini,M,25,6.2,,0.0,2.0,,6,4.0,66.7,,,,,0,0,,
Fiorentina vs AC Milan,Fiorentina,31642,Luca Ranieri,D,15,6.2,,0.0,,,1,,,,,1.0,,0,0,,1.0
Fiorentina vs AC Milan,Fiorentina,437093,Niccolò Fortini,D,15,6.3,,0.0,,,2,1.0,50.0,,,,,0,0,,
Fiorentina vs AC Milan,Fiorentina,697,Manor Solomon,F,15,6.9,,0.0,,,5,5.0,100.0,,,,,0,0,1.0,1.0
Fiorentina vs AC Milan,AC Milan,22221,Mike Maignan,G,90,8.3,,0.0,,,29,24.0,82.8,,,,1.0,0,0,1.0,1.0
Fiorentina vs AC Milan,AC Milan,162141,Koni De Winter,D,90,6.7,,0.0,,,43,38.0,88.4,,,3.0,,0,0,,4.0
Fiorentina vs AC Milan,AC Milan,56473,Matteo Gabbia,D,90,6.9,,0.0,1.0,1.0,28,26.0,92.9,2.0,1.0,1.0,,0,0,2.0,3.0
Fiorentina vs AC Milan,AC Milan,45826,Strahinja Pavlović,D,74,6.3,,0.0,,,42,41.0,97.6,1.0,,,,0,0,2.0,5.0
Fiorentina vs AC Milan,AC Milan,1417,Alexis Saelemaekers,M,90,7.9,,0.0,,,46,38.0,82.6,4.0,,,3.0,0,0,9.0,13.0
Fiorentina vs AC Milan,AC Milan,2292,Ruben Loftus-Cheek,M,63,6.2,,0.0,1.0,,10,7.0,70.0,,,1.0,,0,0,1.0,8.0
Fiorentina vs AC Milan,AC Milan,31056,Samuele Ricci,M,90,6.9,,0.0,2.0,,53,46.0,86.8,,,1.0,2.0,0,0,2.0,6.0
Fiorentina vs AC Milan,AC Milan,264705,Ardon Jashari,M,60,6.7,,0.0,,,22,19.0,86.4,2.0,1.0,2.0,,0,0,3.0,7.0
Fiorentina vs AC Milan,AC Milan,46731,Pervis Estupiñán,M,60,6.5,,0.0,,,31,27.0,87.1,2.0,,2.0,,1,0,2.0,6.0
Fiorentina vs AC Milan,AC Milan,25391,Niclas Füllkrug,F,60,6.5,,0.0,,,12,10.0,83.3,,,,1.0,0,0,2.0,5.0
Fiorentina vs AC Milan,AC Milan,17,Christian Pulišić,F,90,7.2,,0.0,3.0,1.0,31,27.0,87.1,1.0,,2.0,1.0,0,0,6.0,10.0
Fiorentina vs AC Milan,AC Milan,374359,Davide Bartesaghi,D,30,6.7,,0.0,1.0,,15,12.0,80.0,1.0,1.0,,,0,0,2.0,3.0
Fiorentina vs AC Milan,AC Milan,272,Adrien Rabiot,M,30,6.7,,0.0,,,18,12.0,66.7,,,1.0,1.0,1,0,4.0,6.0
Fiorentina vs AC Milan,AC Milan,22236,Rafael Leão,F,30,6.7,,0.0,1.0,,9,8.0,88.9,,,,,0,0,1.0,2.0
Fiorentina vs AC Milan,AC Milan,22254,Youssouf Fofana,M,27,6.7,,1.0,,,6,6.0,100.0,,,1.0,,1,0,,1.0
Fiorentina vs AC Milan,AC Milan,269,Christopher Nkunku,F,16,7.7,1.0,0.0,1.0,1.0,6,4.0,66.7,,,,,0,0,1.0,1.0
Hellas Verona vs Lazio,Hellas Verona,30611,Lorenzo Montipò,G,90,6.3,,0.0,,,31,12.0,38.7,,,,,0,0,,
Hellas Verona vs Lazio,Hellas Verona,15912,Victor Nelsson,D,90,6.2,,0.0,1.0,,58,53.0,91.4,2.0,4.0,2.0,,0,0,6.0,13.0
Hellas Verona vs Lazio,Hellas Verona,25061,Armel Bella-Kotchap,D,76,7.2,,0.0,1.0,,43,38.0,88.4,1.0,3.0,1.0,,1,0,2.0,5.0
Hellas Verona vs Lazio,Hellas Verona,311071,Nicolás Valentini,D,90,6.7,,0.0,,,32,21.0,65.6,2.0,1.0,1.0,,1,0,5.0,8.0
Hellas Verona vs Lazio,Hellas Verona,14327,Domagoj Bradarić,M,90,6.7,,0.0,1.0,1.0,28,19.0,67.9,1.0,1.0,,,0,0,1.0,4.0
Hellas Verona vs Lazio,Hellas Verona,22239,Cheikh Niasse,M,87,6.2,,0.0,,,33,26.0,78.8,2.0,,1.0,,0,0,5.0,12.0
Hellas Verona vs Lazio,Hellas Verona,203,Roberto Gagliardini,M,76,6.7,,0.0,,,45,35.0,77.8,2.0,3.0,1.0,1.0,0,0,4.0,9.0
Hellas Verona vs Lazio,Hellas Verona,1090,Antoine Bernede,M,90,6.7,,0.0,2.0,,30,27.0,90.0,2.0,,1.0,1.0,0,0,3.0,9.0
Hellas Verona vs Lazio,Hellas Verona,15909,Martin Frese,M,90,6.6,,0.0,1.0,1.0,19,17.0,89.5,2.0,2.0,3.0,2.0,0,0,4.0,8.0
Hellas Verona vs Lazio,Hellas Verona,312615,Giovane,F,68,6.3,,0.0,,,25,16.0,64.0,1.0,1.0,2.0,,0,0,5.0,18.0
Hellas Verona vs Lazio,Hellas Verona,368260,Gift Orban,F,68,6.6,,0.0,1.0,,10,5.0,50.0,,,,2.0,0,0,4.0,7.0
Hellas Verona vs Lazio,Hellas Verona,236955,Amin Sarr,F,22,6.3,,0.0,,,6,5.0,83.3,,,,,0,0,,1.0
Hellas Verona vs Lazio,Hellas Verona,59421,Daniel Mosquera,F,22,6.7,,0.0,1.0,,6,5.0,83.3,,,,,0,0,3.0,6.0
Hellas Verona vs Lazio,Hellas Verona,47277,Unai Núñez,D,14,6.2,,0.0,,,12,10.0,83.3,,,,,0,0,,1.0
Hellas Verona vs Lazio,Hellas Verona,418,Suat Serdar,M,14,6.5,,0.0,,,9,7.0,77.8,,,,,0,0,,
Hellas Verona vs Lazio,Hellas Verona,42006,Mutassim Al-Musrati,M,9,6.3,,0.0,,,4,2.0,50.0,,,,,0,0,,
Hellas Verona vs Lazio,Lazio,31037,Ivan Provedel,G,90,7.2,,0.0,,,34,29.0,85.3,,,,,0,0,,
Hellas Verona vs Lazio,Lazio,1844,Adam Marušić,D,90,6.9,,0.0,1.0,1.0,60,56.0,93.3,,1.0,,,0,0,2.0,4.0
Hellas Verona vs Lazio,Lazio,162952,Mario Gila Fuentes,D,90,9,,0.0,,,119,111.0,93.3,5.0,1.0,1.0,,0,0,7.0,8.0
Hellas Verona vs Lazio,Lazio,1632,Alessio Romagnoli,D,90,7.2,,0.0,1.0,,96,86.0,89.6,,1.0,,,0,0,4.0,8.0
Hellas Verona vs Lazio,Lazio,30554,Luca Pellegrini,D,55,7,,0.0,,,51,40.0,78.4,1.0,1.0,,1.0,0,0,3.0,4.0
Hellas Verona vs Lazio,Lazio,211,Matías Vecino,M,90,7.3,,0.0,,,78,66.0,84.6,2.0,,1.0,1.0,0,0,9.0,14.0
Hellas Verona vs Lazio,Lazio,1852,Danilo Cataldi,M,69,6.9,,0.0,,,62,53.0,85.5,,1.0,,,0,0,1.0,2.0
Hellas Verona vs Lazio,Lazio,38749,Kenneth Taylor,M,89,6.9,,0.0,,,56,53.0,94.6,2.0,,1.0,1.0,0,0,5.0,8.0
Hellas Verona vs Lazio,Lazio,135519,Gustav Isaksen,F,69,7,,0.0,,,37,31.0,83.8,2.0,1.0,1.0,4.0,0,0,8.0,14.0
Hellas Verona vs Lazio,Lazio,133729,Tijjani Noslin,F,55,6.3,,0.0,2.0,,25,19.0,76.0,,,,1.0,0,0,3.0,5.0
Hellas Verona vs Lazio,Lazio,286474,Matteo Cancellieri,F,90,6.5,,0.0,4.0,,28,20.0,71.4,1.0,1.0,2.0,3.0,1,0,10.0,23.0
Hellas Verona vs Lazio,Lazio,30866,Manuel Lazzari,M,35,6.3,,0.0,,,19,13.0,68.4,,,,,0,0,2.0,3.0
Hellas Verona vs Lazio,Lazio,301763,Petar Ratkov,F,35,6.3,,0.0,,,10,6.0,60.0,,,,,0,0,2.0,3.0
Hellas Verona vs Lazio,Lazio,30784,Nicolò Rovella,M,21,6.9,,0.0,,,16,15.0,93.8,,,,,0,0,2.0,3.0
Hellas Verona vs Lazio,Lazio,2299,Pedro,F,21,6.3,,0.0,1.0,1.0,10,7.0,70.0,,,1.0,1.0,0,0,1.0,2.0
Inter vs Napoli,Inter,2802,Yann Sommer,G,90,6.3,,0.0,,,27,22.0,81.5,,,,,0,0,,
Inter vs Napoli,Inter,24953,Yann Bisseck,D,90,6.3,,0.0,1.0,1.0,44,41.0,93.2,,,2.0,1.0,0,0,1.0,3.0
Inter vs Napoli,Inter,5,Manuel Akanji,D,90,6.5,,0.0,,,41,40.0,97.6,3.0,3.0,,,0,0,4.0,7.0
Inter vs Napoli,Inter,31009,Alessandro Bastoni,D,90,7,,0.0,,,75,63.0,84.0,3.0,3.0,1.0,,0,0,5.0,6.0
Inter vs Napoli,Inter,10077,Luís Henrique,M,90,6.9,,0.0,,,48,43.0,89.6,3.0,,,,0,0,3.0,4.0
Inter vs Napoli,Inter,30558,Nicolò Barella,M,90,7.5,,0.0,2.0,,52,46.0,88.5,3.0,,2.0,1.0,0,0,4.0,7.0
Inter vs Napoli,Inter,1640,Hakan Çalhanoğlu,M,87,7,1.0,0.0,2.0,1.0,67,59.0,88.1,1.0,1.0,,,0,0,1.0,5.0
Inter vs Napoli,Inter,329,Piotr Zieliński,M,62,7.3,,0.0,,,31,30.0,96.8,4.0,,2.0,1.0,0,0,6.0,9.0
Inter vs Napoli,Inter,31010,Federico Dimarco,M,88,7.7,1.0,0.0,1.0,1.0,40,29.0,72.5,1.0,2.0,,,0,0,1.0,1.0
Inter vs Napoli,Inter,21509,Marcus Thuram,F,83,6.9,,1.0,1.0,1.0,19,13.0,68.4,1.0,,3.0,2.0,0,0,8.0,14.0
Inter vs Napoli,Inter,217,Lautaro Martínez,F,87,6.2,,0.0,1.0,,12,8.0,66.7,1.0,,1.0,1.0,0,0,5.0,15.0
Inter vs Napoli,Inter,1457,Henrikh Mkhitaryan,M,28,7,,0.0,,,18,17.0,94.4,1.0,1.0,,1.0,0,0,2.0,4.0
Inter vs Napoli,Inter,345808,Francesco Pio Esposito,F,13,6.3,,0.0,,,2,1.0,50.0,,,1.0,1.0,0,0,2.0,4.0
Inter vs Napoli,Inter,348205,Petar Sučić,M,9,6.9,,0.0,,,7,6.0,85.7,,,,,0,0,1.0,1.0
Inter vs Napoli,Inter,275651,Ange-Yoan Bonny,F,9,6.7,,0.0,,,1,1.0,100.0,,,,1.0,0,0,1.0,1.0
Inter vs Napoli,Inter,10238,Carlos Augusto,D,8,6.7,,0.0,,,2,1.0,50.0,,,,,0,0,,
Inter vs Napoli,Napoli,31156,Vanja Milinković-Savić,G,90,6.7,,0.0,,,45,33.0,73.3,,,,,0,0,,
Inter vs Napoli,Napoli,37604,Sam Beukema,D,78,5.6,,0.0,,,68,56.0,82.4,,,1.0,,0,0,2.0,9.0
Inter vs Napoli,Napoli,1314,Amir Rrahmani,D,90,6.3,,0.0,,,75,68.0,90.7,2.0,,1.0,1.0,0,0,5.0,7.0
Inter vs Napoli,Napoli,774,Juan Jesus,D,90,6.9,,0.0,,,53,41.0,77.4,5.0,2.0,3.0,,1,0,7.0,13.0
Inter vs Napoli,Napoli,31042,Giovanni Di Lorenzo,M,90,6.2,,0.0,1.0,,37,28.0,75.7,1.0,,1.0,,0,0,2.0,7.0
Inter vs Napoli,Napoli,47439,Stanislav Lobotka,M,90,7.2,,0.0,,,56,53.0,94.6,1.0,,1.0,2.0,0,0,5.0,8.0
Inter vs Napoli,Napoli,903,Scott McTominay,M,90,9.3,2.0,0.0,4.0,3.0,43,40.0,93.0,2.0,4.0,,4.0,0,0,8.0,11.0
Inter vs Napoli,Napoli,862,Leonardo Spinazzola,M,90,6.6,,0.0,,,36,28.0,77.8,1.0,,1.0,,0,0,1.0,3.0
Inter vs Napoli,Napoli,219,Matteo Politano,F,89,6.2,,0.0,,,24,19.0,79.2,,,1.0,,0,0,,5.0
Inter vs Napoli,Napoli,1358,Eljif Elmas,F,90,7.2,,1.0,,,26,22.0,84.6,,,1.0,1.0,0,0,4.0,6.0
Inter vs Napoli,Napoli,288006,Rasmus Højlund,F,90,6.3,,0.0,1.0,,17,13.0,76.5,1.0,,,1.0,0,0,2.0,8.0
Inter vs Napoli,Napoli,544,Noa Lang,F,12,6.7,,1.0,,,7,5.0,71.4,,,1.0,,0,0,1.0,4.0
Genoa vs Cagliari,Genoa,31631,Nicola Leali,G,90,7.9,,0.0,,,20,18.0,90.0,,,,,0,0,,
Genoa vs Cagliari,Genoa,281826,Alessandro Marcandalli,D,90,6.9,,0.0,,,40,33.0,82.5,2.0,2.0,1.0,1.0,0,0,5.0,7.0
Genoa vs Cagliari,Genoa,18967,Leo Østigård,D,90,8.7,1.0,0.0,2.0,1.0,50,43.0,86.0,1.0,1.0,,1.0,0,0,2.0,3.0
Genoa vs Cagliari,Genoa,35544,Johan Vásquez,D,90,7.2,,0.0,,,59,48.0,81.4,3.0,3.0,2.0,3.0,0,0,7.0,12.0
Genoa vs Cagliari,Genoa,284570,Brooke Norton-Cuffy,M,45,6.6,,0.0,,,9,7.0,77.8,1.0,,,1.0,0,0,2.0,5.0
Genoa vs Cagliari,Genoa,1938,Ruslan Malinovskyi,M,74,7.2,,1.0,3.0,2.0,33,24.0,72.7,,,,1.0,0,0,3.0,5.0
Genoa vs Cagliari,Genoa,15881,Morten Frendrup,M,90,8.2,1.0,0.0,1.0,1.0,59,55.0,93.2,2.0,,2.0,3.0,1,0,5.0,7.0
Genoa vs Cagliari,Genoa,89520,Mikael Ellertsson,M,82,6.6,,0.0,,,18,14.0,77.8,2.0,,2.0,1.0,0,0,4.0,8.0
Genoa vs Cagliari,Genoa,25914,Aarón Martín,M,90,7.6,,1.0,,,30,24.0,80.0,2.0,1.0,4.0,,0,0,3.0,10.0
Genoa vs Cagliari,Genoa,281408,Vitinha,F,82,7.2,,0.0,,,10,9.0,90.0,2.0,1.0,2.0,4.0,0,0,9.0,12.0
Genoa vs Cagliari,Genoa,263481,Lorenzo Colombo,F,74,7,1.0,0.0,3.0,3.0,28,17.0,60.7,,,1.0,,0,0,3.0,10.0
Genoa vs Cagliari,Genoa,281096,Patrizio Masini,M,45,6.9,,0.0,,,21,17.0,81.0,1.0,1.0,3.0,4.0,1,0,5.0,8.0
Genoa vs Cagliari,Genoa,36980,Morten Thorsby,M,16,6.6,,0.0,,,9,9.0,100.0,1.0,,,,0,0,1.0,2.0
Genoa vs Cagliari,Genoa,451504,Jeff Ekhator,F,16,6.7,,0.0,,,4,2.0,50.0,,,,1.0,0,0,3.0,4.0
Genoa vs Cagliari,Genoa,31137,Stefano Sabelli,D,8,6.6,,0.0,,,7,7.0,100.0,,,,,0,0,,
Genoa vs Cagliari,Genoa,56396,Junior Messias,F,8,6.6,,0.0,,,3,3.0,100.0,,,,,0,0,2.0,2.0
Genoa vs Cagliari,Cagliari,30731,Elia Caprile,G,90,5.3,,0.0,,,22,17.0,77.3,,,,1.0,0,0,1.0,1.0
Genoa vs Cagliari,Cagliari,383018,Marco Palestra,D,90,6.9,,0.0,,,37,33.0,89.2,1.0,,,5.0,0,0,10.0,14.0
Genoa vs Cagliari,Cagliari,319,Sebastiano Luperto,D,90,6.2,,0.0,,,61,58.0,95.1,3.0,2.0,1.0,,1,0,4.0,7.0
Genoa vs Cagliari,Cagliari,415155,Juan Rodríguez,D,45,6.5,,0.0,,,31,30.0,96.8,1.0,1.0,3.0,,1,0,2.0,6.0
Genoa vs Cagliari,Cagliari,321744,Adam Obert,D,90,5.9,,0.0,,,55,48.0,87.3,,2.0,2.0,,1,0,,4.0
Genoa vs Cagliari,Cagliari,30505,Michel Adopo,M,90,6.2,,0.0,2.0,,29,25.0,86.2,4.0,,2.0,,1,0,6.0,13.0
Genoa vs Cagliari,Cagliari,309388,Matteo Prati,M,90,6.5,,0.0,1.0,,69,60.0,87.0,,1.0,2.0,,0,0,1.0,7.0
Genoa vs Cagliari,Cagliari,30780,Luca Mazzitelli,M,69,6.3,,0.0,2.0,,38,32.0,84.2,1.0,2.0,3.0,1.0,1,0,3.0,8.0
Genoa vs Cagliari,Cagliari,140831,Zito Luvumbo,F,62,6.3,,0.0,1.0,1.0,17,13.0,76.5,1.0,,1.0,2.0,0,0,3.0,8.0
Genoa vs Cagliari,Cagliari,336567,Semih Kılıçsoy,F,90,5.9,,0.0,1.0,,34,30.0,88.2,,,1.0,,0,0,,4.0
Genoa vs Cagliari,Cagliari,215,Sebastiano Esposito,F,69,8,,0.0,1.0,1.0,50,42.0,84.0,2.0,,2.0,5.0,0,0,8.0,11.0
Genoa vs Cagliari,Cagliari,383026,Riyad Idrissi,D,45,6,,0.0,1.0,1.0,22,19.0,86.4,1.0,,1.0,,0,0,1.0,5.0
Genoa vs Cagliari,Cagliari,325,Gianluca Gaetano,M,28,6.5,,0.0,,,18,14.0,77.8,,,,1.0,0,0,2.0,3.0
Genoa vs Cagliari,Cagliari,200,Gabriele Zappa,D,21,5.9,,0.0,,,18,15.0,83.3,,1.0,1.0,,0,0,,2.0
Genoa vs Cagliari,Cagliari,31499,Gennaro Borrelli,F,21,6.2,,0.0,,,3,3.0,100.0,,,1.0,,0,0,,2.0
Juventus vs Cremonese,Juventus,30670,Michele Di Gregorio,G,90,8.3,,0.0,,,13,13.0,100.0,,,,,0,0,,
Juventus vs Cremonese,Juventus,162188,Pierre Kalulu,D,90,7,,1.0,,,76,70.0,92.1,,,4.0,,0,0,,3.0
Juventus vs Cremonese,Juventus,30497,Bremer,D,71,8,1.0,0.0,1.0,1.0,55,50.0,90.9,1.0,,,,0,0,3.0,4.0
Juventus vs Cremonese,Juventus,19263,Lloyd Kelly,D,90,7.6,,0.0,,,68,65.0,95.6,1.0,1.0,2.0,,0,0,4.0,5.0
Juventus vs Cremonese,Juventus,127011,Andrea Cambiaso,D,62,6.7,,0.0,,,39,33.0,84.6,2.0,1.0,1.0,,0,0,3.0,5.0
Juventus vs Cremonese,Juventus,30533,Manuel Locatelli,M,71,7.3,,0.0,,,65,60.0,92.3,2.0,,,,0,0,2.0,4.0
Juventus vs Cremonese,Juventus,116,Khéphren Thuram,M,90,7.9,,1.0,1.0,1.0,68,61.0,89.7,1.0,1.0,2.0,1.0,0,0,4.0,6.0
Juventus vs Cremonese,Juventus,415,Weston McKennie,M,90,8.2,1.0,0.0,4.0,3.0,44,40.0,90.9,,2.0,2.0,1.0,0,0,4.0,6.0
Juventus vs Cremonese,Juventus,181808,Fabio Miretti,M,83,7.3,,1.0,,,43,37.0,86.0,2.0,1.0,4.0,,0,0,3.0,9.0
Juventus vs Cremonese,Juventus,339883,Kenan Yıldız,M,62,7.3,1.0,0.0,4.0,4.0,11,10.0,90.9,1.0,,,2.0,0,0,3.0,5.0
Juventus vs Cremonese,Juventus,8489,Jonathan David,F,90,6.9,1.0,0.0,3.0,2.0,25,22.0,88.0,,2.0,,1.0,0,0,1.0,4.0
Juventus vs Cremonese,Juventus,125674,Juan Cabal,D,28,7,,0.0,1.0,,20,17.0,85.0,1.0,,,,0,0,1.0,1.0
Juventus vs Cremonese,Juventus,48392,Edon Zhegrova,F,28,6.6,,0.0,,,19,15.0,78.9,,,,1.0,0,0,2.0,6.0
Juventus vs Cremonese,Juventus,339872,Vasilije Adžić,M,19,6.7,,0.0,,,14,12.0,85.7,,,,,0,0,,1.0
Juventus vs Cremonese,Juventus,36899,Teun Koopmeiners,M,19,6.6,,0.0,,,22,21.0,95.5,,,1.0,,0,0,1.0,3.0
Juventus vs Cremonese,Juventus,86,Loïs Openda,F,10,6.5,,0.0,,,2,2.0,100.0,,,,,0,0,,
Juventus vs Cremonese,Cremonese,30441,Emil Audero,G,90,7.2,,0.0,,,38,27.0,71.1,,,,,0,0,,1.0
Juventus vs Cremonese,Cremonese,264472,Filippo Terracciano,D,90,5.7,,0.0,,,40,34.0,85.0,2.0,2.0,,1.0,0,0,4.0,6.0
Juventus vs Cremonese,Cremonese,127035,Federico Baschirotto,D,90,6.2,,0.0,,,58,54.0,93.1,2.0,,1.0,,0,0,2.0,3.0
Juventus vs Cremonese,Cremonese,30919,Matteo Bianchetti,D,90,6.3,,0.0,,,63,54.0,85.7,1.0,,1.0,2.0,0,0,3.0,4.0
Juventus vs Cremonese,Cremonese,31219,Alessio Zerbin,M,90,5.9,,0.0,2.0,1.0,26,19.0,73.1,3.0,1.0,2.0,1.0,0,0,4.0,11.0
Juventus vs Cremonese,Cremonese,266813,Warren Bondo,M,70,5.6,,0.0,,,26,24.0,92.3,,1.0,3.0,,0,0,1.0,9.0
Juventus vs Cremonese,Cremonese,31021,Alberto Grassi,M,83,6.9,,0.0,1.0,1.0,40,37.0,92.5,1.0,3.0,,,0,0,2.0,3.0
Juventus vs Cremonese,Cremonese,36986,Dennis Johnsen,M,45,6.2,,0.0,,,9,7.0,77.8,,,,1.0,0,0,1.0,2.0
Juventus vs Cremonese,Cremonese,30775,Giuseppe Pezzella,M,90,6.7,,0.0,,,17,12.0,70.6,3.0,1.0,1.0,3.0,1,0,6.0,8.0
Juventus vs Cremonese,Cremonese,31436,Federico Bonazzoli,F,58,6.3,,0.0,2.0,,33,26.0,78.8,1.0,1.0,,2.0,0,0,3.0,5.0
Juventus vs Cremonese,Cremonese,18788,Jamie Vardy,F,58,6.2,,0.0,,,10,6.0,60.0,,,,,0,0,1.0,4.0
Juventus vs Cremonese,Cremonese,342651,Romano Floriani Mussolini,D,45,5.9,,0.0,,,16,13.0,81.2,,,,,0,0,,1.0
Juventus vs Cremonese,Cremonese,2522,Antonio Sanabria,F,32,6.6,,0.0,,,9,9.0,100.0,,,,1.0,0,0,3.0,3.0
Juventus vs Cremonese,Cremonese,2057,Franco Vázquez,F,32,6.7,,0.0,,,6,6.0,100.0,,,,1.0,0,0,1.0,2.0
Juventus vs Cremonese,Cremonese,31211,Jari Vandeputte,M,20,6.9,,0.0,,,12,10.0,83.3,,1.0,,,0,0,,
Juventus vs Cremonese,Cremonese,385788,Francesco Folino,D,10,6.6,,0.0,,,4,3.0,75.0,,1.0,,,0,0,,
Napoli vs Parma,Napoli,31156,Vanja Milinković-Savić,G,90,6.9,,0.0,,,23,19.0,82.6,,,,1.0,0,0,1.0,1.0
Napoli vs Parma,Napoli,31042,Giovanni Di Lorenzo,D,90,7.6,,0.0,2.0,,107,96.0,89.7,1.0,1.0,,4.0,0,0,6.0,8.0
Napoli vs Parma,Napoli,1314,Amir Rrahmani,D,90,7.9,,0.0,,,129,120.0,93.0,1.0,2.0,2.0,,0,0,8.0,12.0
Napoli vs Parma,Napoli,31226,Alessandro Buongiorno,D,90,7,,0.0,1.0,1.0,103,93.0,90.3,1.0,,,,0,0,4.0,4.0
Napoli vs Parma,Napoli,31390,Pasquale Mazzocchi,M,58,6.7,,0.0,,,47,42.0,89.4,,,,,0,0,3.0,3.0
Napoli vs Parma,Napoli,47439,Stanislav Lobotka,M,90,7.3,,0.0,1.0,1.0,71,67.0,94.4,3.0,2.0,1.0,,0,0,3.0,5.0
Napoli vs Parma,Napoli,903,Scott McTominay,M,90,7,,0.0,1.0,1.0,43,39.0,90.7,1.0,,,1.0,0,0,4.0,7.0
Napoli vs Parma,Napoli,47254,Mathías Olivera,M,58,6.3,,0.0,,,30,27.0,90.0,3.0,1.0,,1.0,0,0,4.0,8.0
Napoli vs Parma,Napoli,219,Matteo Politano,F,78,6.6,,0.0,1.0,,35,29.0,82.9,,,,,0,0,2.0,5.0
Napoli vs Parma,Napoli,544,Noa Lang,F,58,7.6,,0.0,,,29,24.0,82.8,,,2.0,2.0,0,0,4.0,8.0
Napoli vs Parma,Napoli,288006,Rasmus Højlund,F,90,5.9,,0.0,2.0,1.0,9,7.0,77.8,,,2.0,2.0,0,0,2.0,9.0
Napoli vs Parma,Napoli,862,Leonardo Spinazzola,D,32,7.5,,0.0,,,24,21.0,87.5,,,2.0,1.0,0,0,3.0,5.0
Napoli vs Parma,Napoli,1358,Eljif Elmas,M,32,7.2,,0.0,,,31,30.0,96.8,1.0,,,,0,0,1.0,2.0
Napoli vs Parma,Napoli,552,David Neres,F,31,6.7,,0.0,,,23,19.0,82.6,,,1.0,,1,0,1.0,2.0
Napoli vs Parma,Napoli,347395,Antonio Vergara,M,12,6.7,,0.0,,,7,6.0,85.7,,,,,0,0,1.0,2.0
Napoli vs Parma,Parma,237268,Filippo Rinaldi,G,90,7.7,,0.0,,,44,21.0,47.7,,,,,1,0,2.0,2.0
Napoli vs Parma,Parma,348568,Alessandro Circati,D,90,7.3,,0.0,,,40,35.0,87.5,1.0,,2.0,,0,0,2.0,6.0
Napoli vs Parma,Parma,428237,Mariano Troilo,D,70,7.3,,0.0,,,17,14.0,82.4,2.0,1.0,1.0,2.0,1,0,7.0,8.0
Napoli vs Parma,Parma,6221,Lautaro Valenti,D,90,6.9,,0.0,,,41,26.0,63.4,1.0,1.0,,2.0,0,0,5.0,7.0
Napoli vs Parma,Parma,499380,Sascha Britschgi,M,90,6.5,,0.0,,,29,25.0,86.2,1.0,,3.0,1.0,1,0,2.0,9.0
Napoli vs Parma,Parma,308836,Mandela Keita,M,90,7,,0.0,,,29,25.0,86.2,3.0,,2.0,2.0,0,0,6.0,11.0
Napoli vs Parma,Parma,6409,Nahuel Estévez,M,90,6.9,,0.0,,,50,38.0,76.0,,2.0,,,0,0,2.0,4.0
Napoli vs Parma,Parma,362752,Christian Ordoñez,M,89,6.5,,0.0,,,18,14.0,77.8,,,,,0,0,,4.0
Napoli vs Parma,Parma,161569,Oliver Sørensen,M,45,6.3,,0.0,,,10,10.0,100.0,,2.0,,,0,0,,3.0
Napoli vs Parma,Parma,191979,Jacob Ondrejka,F,59,6.7,,0.0,1.0,1.0,15,13.0,86.7,,,,,0,0,2.0,5.0
Napoli vs Parma,Parma,1649,Patrick Cutrone,F,59,6.3,,0.0,,,8,5.0,62.5,,,2.0,1.0,0,0,1.0,6.0
Napoli vs Parma,Parma,91358,Emanuele Valeri,D,45,6.9,,0.0,,,8,5.0,62.5,1.0,,,1.0,0,0,2.0,3.0
Napoli vs Parma,Parma,628,Adrián Bernabé,M,31,6.7,,0.0,,,3,3.0,100.0,,,,1.0,0,0,1.0,2.0
Napoli vs Parma,Parma,292172,Mateo Pellegrino,F,31,6.2,,0.0,,,4,2.0,50.0,1.0,,2.0,1.0,0,0,3.0,12.0
Napoli vs Parma,Parma,30420,Enrico Del Prato,D,20,6.9,,0.0,,,10,10.0,100.0,,1.0,,,0,0,,
Inter vs Lecce,Inter,2802,Yann Sommer,G,90,6.9,,0.0,,,24,21.0,87.5,,,,,0,0,,
Inter vs Lecce,Inter,5,Manuel Akanji,D,90,7.5,,0.0,,,54,49.0,90.7,,,2.0,1.0,0,0,2.0,4.0
Inter vs Lecce,Inter,1836,Francesco Acerbi,D,90,8,,0.0,,,63,61.0,96.8,1.0,,,1.0,0,0,7.0,7.0
Inter vs Lecce,Inter,31009,Alessandro Bastoni,D,90,7.6,,0.0,,,84,66.0,78.6,2.0,,1.0,1.0,0,0,6.0,11.0
Inter vs Lecce,Inter,270509,Andy Diouf,M,57,6.6,,0.0,2.0,1.0,25,22.0,88.0,2.0,,,,0,0,3.0,7.0
Inter vs Lecce,Inter,30558,Nicolò Barella,M,57,6.7,,0.0,1.0,1.0,25,21.0,84.0,1.0,,,1.0,0,0,2.0,2.0
Inter vs Lecce,Inter,329,Piotr Zieliński,M,90,8.3,,0.0,1.0,,79,71.0,89.9,2.0,,2.0,,0,0,6.0,9.0
Inter vs Lecce,Inter,1457,Henrikh Mkhitaryan,M,72,7.3,,0.0,3.0,,49,43.0,87.8,1.0,,1.0,1.0,0,0,4.0,8.0
Inter vs Lecce,Inter,10238,Carlos Augusto,M,90,7.7,,0.0,,,38,29.0,76.3,4.0,2.0,1.0,2.0,0,0,14.0,19.0
Inter vs Lecce,Inter,21509,Marcus Thuram,F,87,6.5,,0.0,3.0,1.0,24,16.0,66.7,2.0,,1.0,,1,0,5.0,9.0
Inter vs Lecce,Inter,275651,Ange-Yoan Bonny,F,56,6.3,,0.0,1.0,1.0,14,11.0,78.6,1.0,,1.0,1.0,0,0,5.0,15.0
Inter vs Lecce,Inter,345808,Francesco Pio Esposito,F,34,7,1.0,0.0,4.0,2.0,7,5.0,71.4,,,,3.0,0,0,6.0,10.0
Inter vs Lecce,Inter,10077,Luís Henrique,F,33,6.9,,0.0,,,17,15.0,88.2,,,,,1,0,1.0,2.0
Inter vs Lecce,Inter,31173,Davide Frattesi,M,33,6.9,,0.0,,,5,4.0,80.0,2.0,1.0,2.0,1.0,0,0,3.0,6.0
Inter vs Lecce,Inter,217,Lautaro Martínez,F,18,6.7,,0.0,1.0,1.0,7,5.0,71.4,,,,1.0,0,0,1.0,3.0
Inter vs Lecce,Inter,348205,Petar Sučić,M,8,6.3,,0.0,,,1,,,,,,,0,0,,2.0
Inter vs Lecce,Lecce,56459,Wladimiro Falcone,G,90,7.3,,0.0,,,34,11.0,32.4,1.0,,,,0,0,1.0,1.0
Inter vs Lecce,Lecce,161702,Danilo Veiga,D,90,6.9,,0.0,,,26,15.0,57.7,4.0,1.0,2.0,,1,0,10.0,15.0
Inter vs Lecce,Lecce,203219,Jamil Siebert,D,90,6.9,,0.0,1.0,1.0,25,13.0,52.0,3.0,,5.0,,0,0,8.0,17.0
Inter vs Lecce,Lecce,455316,Tiago Gabriel,D,90,6.3,,0.0,,,20,15.0,75.0,2.0,,,,0,0,3.0,7.0
Inter vs Lecce,Lecce,31543,Antonino Gallo,D,90,6.9,,0.0,,,24,14.0,58.3,3.0,,,,0,0,6.0,7.0
Inter vs Lecce,Lecce,1748,Lassana Coulibaly,M,90,6.9,,0.0,,,27,25.0,92.6,2.0,,1.0,2.0,0,0,6.0,12.0
Inter vs Lecce,Lecce,56560,Youssef Maleh,M,86,6.6,,0.0,1.0,,26,20.0,76.9,1.0,2.0,,,0,0,1.0,1.0
Inter vs Lecce,Lecce,6662,Santiago Pierotti,M,82,5.7,,0.0,,,17,10.0,58.8,,,3.0,1.0,0,0,4.0,21.0
Inter vs Lecce,Lecce,126974,Omri Gandelman,M,69,6.3,,0.0,,,12,6.0,50.0,,,1.0,,0,0,2.0,11.0
Inter vs Lecce,Lecce,31507,Riccardo Sottil,M,68,6.3,,0.0,1.0,,11,7.0,63.6,,,1.0,4.0,0,0,4.0,10.0
Inter vs Lecce,Lecce,264122,Nikola Štulić,F,90,6.5,,0.0,,,16,14.0,87.5,,,1.0,1.0,0,0,1.0,6.0
Inter vs Lecce,Lecce,47182,Tete Morente,F,22,6.3,,0.0,,,2,2.0,100.0,,,,,0,0,,1.0
Inter vs Lecce,Lecce,197779,Mohamed Kaba,M,21,6.7,,0.0,,,10,7.0,70.0,,,,1.0,0,0,2.0,3.0
Inter vs Lecce,Lecce,8643,Konan N'Dri,F,8,6.7,,0.0,,,1,1.0,100.0,,,,1.0,0,0,1.0,1.0
Inter vs Lecce,Lecce,181218,Alex Sala,M,9,6.7,,0.0,,,2,2.0,100.0,,,,,0,0,,1.0
Hellas Verona vs Bologna,Hellas Verona,30611,Lorenzo Montipò,G,90,6.3,,0.0,,,40,13.0,32.5,,,,,0,0,,
Hellas Verona vs Bologna,Hellas Verona,47277,Unai Núñez,D,45,5.9,,0.0,,,20,16.0,80.0,,,2.0,1.0,1,0,2.0,5.0
Hellas Verona vs Bologna,Hellas Verona,15912,Victor Nelsson,D,90,6.3,,0.0,1.0,,39,33.0,84.6,2.0,3.0,,1.0,0,0,10.0,11.0
Hellas Verona vs Bologna,Hellas Verona,311071,Nicolás Valentini,D,90,6.2,,0.0,,,47,39.0,83.0,1.0,1.0,2.0,1.0,0,0,8.0,15.0
Hellas Verona vs Bologna,Hellas Verona,22239,Cheikh Niasse,M,77,6.9,,0.0,,,16,10.0,62.5,3.0,,3.0,1.0,0,0,8.0,12.0
Hellas Verona vs Bologna,Hellas Verona,418,Suat Serdar,M,52,6.5,,0.0,,,12,9.0,75.0,3.0,,,1.0,0,0,4.0,8.0
Hellas Verona vs Bologna,Hellas Verona,42006,Mutassim Al-Musrati,M,53,6.2,,0.0,,,23,21.0,91.3,2.0,1.0,1.0,,0,0,3.0,9.0
Hellas Verona vs Bologna,Hellas Verona,1090,Antoine Bernede,M,90,7.2,,1.0,1.0,,40,30.0,75.0,1.0,,,2.0,0,0,5.0,7.0
Hellas Verona vs Bologna,Hellas Verona,14327,Domagoj Bradarić,M,90,6.3,,0.0,,,23,18.0,78.3,,1.0,,,0,0,,
Hellas Verona vs Bologna,Hellas Verona,236955,Amin Sarr,F,82,6.6,,0.0,2.0,1.0,21,16.0,76.2,1.0,,2.0,1.0,0,0,8.0,17.0
Hellas Verona vs Bologna,Hellas Verona,368260,Gift Orban,F,90,7.7,1.0,0.0,3.0,2.0,12,11.0,91.7,,,1.0,2.0,0,0,5.0,13.0
Hellas Verona vs Bologna,Hellas Verona,368129,Tobias Slotsager,D,45,7,,0.0,,,19,13.0,68.4,1.0,,,1.0,0,0,4.0,4.0
Hellas Verona vs Bologna,Hellas Verona,312615,Giovane,F,38,6.7,,0.0,1.0,1.0,7,6.0,85.7,1.0,,,,0,0,3.0,7.0
Hellas Verona vs Bologna,Hellas Verona,203,Roberto Gagliardini,M,37,7.7,,0.0,1.0,1.0,19,15.0,78.9,2.0,1.0,,2.0,0,0,10.0,11.0
Hellas Verona vs Bologna,Hellas Verona,527889,Fallou Cham,D,13,6.7,,0.0,,,4,3.0,75.0,1.0,,1.0,,0,0,1.0,3.0
Hellas Verona vs Bologna,Hellas Verona,59421,Daniel Mosquera,F,8,6.5,,0.0,,,0,,,,,1.0,,0,0,1.0,4.0
Hellas Verona vs Bologna,Bologna,31098,Federico Ravaglia,G,90,7.2,,0.0,,,46,35.0,76.1,,,,,0,0,,
Hellas Verona vs Bologna,Bologna,47985,Emil Holm,D,80,5.9,,0.0,2.0,,37,30.0,81.1,1.0,,,,0,0,4.0,11.0
Hellas Verona vs Bologna,Bologna,287564,Martin Vitík,D,90,6.9,,0.0,,,59,51.0,86.4,2.0,1.0,1.0,,1,0,6.0,13.0
Hellas Verona vs Bologna,Bologna,39254,Torbjørn Heggem,D,90,6.9,,0.0,1.0,1.0,72,64.0,88.9,,,2.0,2.0,0,0,8.0,15.0
Hellas Verona vs Bologna,Bologna,134,Juan Miranda,D,90,7,,0.0,,,71,58.0,81.7,1.0,2.0,1.0,,0,0,3.0,7.0
Hellas Verona vs Bologna,Bologna,2807,Remo Freuler,M,90,6,,1.0,,,79,68.0,86.1,,1.0,1.0,,0,0,,3.0
Hellas Verona vs Bologna,Bologna,31273,Tommaso Pobega,M,66,6.9,,1.0,2.0,,34,25.0,73.5,1.0,,,2.0,0,0,7.0,10.0
Hellas Verona vs Bologna,Bologna,30488,Riccardo Orsolini,M,89,8.2,1.0,0.0,2.0,1.0,33,25.0,75.8,,,1.0,2.0,1,0,5.0,8.0
Hellas Verona vs Bologna,Bologna,30542,Jens Odgaard,M,79,7.6,1.0,0.0,1.0,1.0,23,16.0,69.6,1.0,1.0,1.0,,0,0,8.0,15.0
Hellas Verona vs Bologna,Bologna,347265,Benjamín Domínguez,M,90,6.2,,1.0,1.0,,17,16.0,94.1,1.0,,2.0,3.0,0,0,4.0,16.0
Hellas Verona vs Bologna,Bologna,311067,Santiago Castro,F,66,7,1.0,0.0,3.0,2.0,16,12.0,75.0,,,,1.0,0,0,2.0,10.0
Hellas Verona vs Bologna,Bologna,1322,Nikola Moro,M,24,6.9,,0.0,,,17,12.0,70.6,1.0,,1.0,2.0,0,0,3.0,5.0
Hellas Verona vs Bologna,Bologna,1863,Ciro Immobile,F,24,6.7,,0.0,,,9,7.0,77.8,,,2.0,,0,0,1.0,6.0
Hellas Verona vs Bologna,Bologna,44814,Lewis Ferguson,M,11,6.6,,0.0,,,12,11.0,91.7,2.0,,,,0,0,2.0,3.0
Hellas Verona vs Bologna,Bologna,128461,Nadir Zortea,D,10,6.7,,0.0,,,6,5.0,83.3,,,2.0,,0,0,,2.0
Como vs AC Milan,Como,8574,Jean Butez,G,90,5.9,,0.0,,,31,28.0,90.3,,,,,0,0,,
Como vs AC Milan,Como,129119,Ignace Van der Brempt,D,90,6.2,,0.0,1.0,,58,53.0,91.4,3.0,1.0,2.0,,0,0,4.0,7.0
Como vs AC Milan,Como,386305,Jacobo Ramón,D,90,6.3,,0.0,,,90,86.0,95.6,,1.0,1.0,1.0,1,0,5.0,13.0
Como vs AC Milan,Como,26301,Marc-Oliver Kempf,D,45,7,1.0,0.0,2.0,1.0,41,40.0,97.6,,,1.0,,0,0,1.0,2.0
Como vs AC Milan,Como,288,Alberto Moreno,D,76,6.2,,0.0,,,65,58.0,89.2,1.0,,1.0,,0,0,1.0,4.0
Como vs AC Milan,Como,288699,Máximo Perrone,M,90,6.6,,0.0,1.0,,93,87.0,93.5,2.0,1.0,1.0,,0,0,3.0,6.0
Como vs AC Milan,Como,162266,Lucas Da Cunha,M,60,6.5,,0.0,2.0,1.0,56,52.0,92.9,,1.0,,,0,0,1.0,2.0
Como vs AC Milan,Como,8586,Mërgim Vojvoda,M,66,6.9,,0.0,,,37,36.0,97.3,,,,,0,0,,3.0
Como vs AC Milan,Como,350037,Nico Paz,M,90,7.3,,0.0,7.0,4.0,51,48.0,94.1,5.0,,,,0,0,7.0,12.0
Como vs AC Milan,Como,295026,Martin Baturina,M,60,7.3,,1.0,,,30,28.0,93.3,,2.0,,2.0,0,0,4.0,11.0
Como vs AC Milan,Como,26845,Anastasios Douvikas,F,90,6.2,,0.0,1.0,1.0,13,12.0,92.3,,,,,0,0,,2.0
Como vs AC Milan,Como,21090,Diego Carlos,D,45,6.2,,0.0,,,30,28.0,93.3,,1.0,,1.0,0,0,2.0,3.0
Como vs AC Milan,Como,443162,Jesús Rodriguez,F,30,7.3,,0.0,,,14,13.0,92.9,,,,1.0,0,0,4.0,5.0
Como vs AC Milan,Como,659,Maxence Caqueret,M,30,6.9,,0.0,1.0,1.0,20,19.0,95.0,,,,,0,0,2.0,2.0
Como vs AC Milan,Como,38753,Nicolas-Gerrit Kühn,F,24,6.9,,0.0,,,14,13.0,92.9,1.0,,1.0,,0,0,3.0,5.0
Como vs AC Milan,Como,137,Sergi Roberto,M,14,6.3,,0.0,,,16,16.0,100.0,,,,,0,0,,
Como vs AC Milan,AC Milan,22221,Mike Maignan,G,90,8.7,,0.0,,,38,26.0,68.4,,,,,0,0,,
Como vs AC Milan,AC Milan,19209,Fikayo Tomori,D,90,6.3,,0.0,,,35,28.0,80.0,2.0,,2.0,1.0,0,0,4.0,10.0
Como vs AC Milan,AC Milan,56473,Matteo Gabbia,D,90,6.5,,0.0,,,34,30.0,88.2,1.0,,,,0,0,1.0,3.0
Como vs AC Milan,AC Milan,162141,Koni De Winter,D,90,6.3,,0.0,,,49,44.0,89.8,1.0,,,,0,0,1.0,3.0
Como vs AC Milan,AC Milan,1417,Alexis Saelemaekers,M,86,6.9,,0.0,,,29,26.0,89.7,3.0,2.0,1.0,1.0,0,0,4.0,10.0
Como vs AC Milan,AC Milan,22254,Youssouf Fofana,M,70,6.3,,0.0,3.0,1.0,19,13.0,68.4,4.0,1.0,,,0,0,4.0,7.0
Como vs AC Milan,AC Milan,754,Luka Modrić,M,86,6.9,,0.0,,,18,12.0,66.7,2.0,,,1.0,0,0,4.0,6.0
Como vs AC Milan,AC Milan,272,Adrien Rabiot,M,90,9.9,2.0,0.0,2.0,2.0,31,20.0,64.5,4.0,,,1.0,0,0,10.0,13.0
Como vs AC Milan,AC Milan,374359,Davide Bartesaghi,M,90,7,,0.0,,,26,21.0,80.8,1.0,,,1.0,0,0,5.0,6.0
Como vs AC Milan,AC Milan,269,Christopher Nkunku,F,63,7.2,1.0,0.0,1.0,1.0,8,8.0,100.0,1.0,,,1.0,0,0,3.0,5.0
Como vs AC Milan,AC Milan,22236,Rafael Leão,F,70,6.7,,1.0,,,15,15.0,100.0,,2.0,,1.0,0,0,2.0,7.0
Como vs AC Milan,AC Milan,25391,Niclas Füllkrug,F,27,6.3,,0.0,,,8,5.0,62.5,,,2.0,,0,0,,3.0
Como vs AC Milan,AC Milan,2292,Ruben Loftus-Cheek,M,20,6.3,,0.0,1.0,,2,1.0,50.0,,,,,0,0,1.0,1.0
Como vs AC Milan,AC Milan,31056,Samuele Ricci,M,20,6.3,,0.0,,,6,5.0,83.3,,1.0,,,0,0,,
Como vs AC Milan,AC Milan,396380,Zachary Athekame,D,10,6.3,,0.0,,,2,,,,1.0,,,0,0,,1.0
Como vs AC Milan,AC Milan,264705,Ardon Jashari,M,10,6.6,,0.0,,,0,,,1.0,,,,0,0,1.0,2.0
Pisa vs Atalanta,Pisa,50054,Simone Scuffet,G,90,7.6,,0.0,,,32,20.0,62.5,,,,,0,0,,
Pisa vs Atalanta,Pisa,30469,Arturo Calabresi,D,89,6.9,,0.0,,,23,16.0,69.6,2.0,,,1.0,0,0,3.0,5.0
Pisa vs Atalanta,Pisa,91503,Simone Canestrelli,D,90,6.7,,0.0,,,21,17.0,81.0,1.0,2.0,3.0,,0,0,5.0,8.0
Pisa vs Atalanta,Pisa,419603,Francesco Coppola,D,90,6.9,,0.0,,,21,18.0,85.7,2.0,,2.0,2.0,1,0,4.0,9.0
Pisa vs Atalanta,Pisa,56293,Idrissa Touré,M,90,6.2,,0.0,2.0,1.0,28,20.0,71.4,1.0,1.0,1.0,,0,0,6.0,16.0
Pisa vs Atalanta,Pisa,30723,Marius Marin,M,68,7.5,,0.0,,,27,22.0,81.5,3.0,,2.0,2.0,0,0,6.0,10.0
Pisa vs Atalanta,Pisa,951,Michel Aebischer,M,90,7.5,,0.0,1.0,,55,46.0,83.6,1.0,,1.0,,0,0,3.0,7.0
Pisa vs Atalanta,Pisa,302069,Samuele Angori,M,90,6.7,,0.0,,,32,24.0,75.0,4.0,,1.0,2.0,0,0,7.0,15.0
Pisa vs Atalanta,Pisa,31560,Stefano Moreo,F,90,7.2,,0.0,4.0,2.0,29,21.0,72.4,2.0,2.0,1.0,1.0,0,0,8.0,11.0
Pisa vs Atalanta,Pisa,20959,Matteo Tramoni,F,68,6.9,,0.0,,,26,15.0,57.7,1.0,,,1.0,0,0,3.0,7.0
Pisa vs Atalanta,Pisa,331678,Henrik Wendel Meister,F,68,6.6,,0.0,2.0,1.0,13,10.0,76.9,,,,1.0,0,0,6.0,9.0
Pisa vs Atalanta,Pisa,30753,Mehdi Léris,M,22,6.9,,1.0,,,10,8.0,80.0,,,,1.0,0,0,1.0,4.0
Pisa vs Atalanta,Pisa,325387,Gabriele Piccinini,M,22,6.9,,0.0,1.0,1.0,4,2.0,50.0,1.0,,,,0,0,2.0,2.0
Pisa vs Atalanta,Pisa,341226,Rafiu Durosinmi,F,22,7.3,1.0,0.0,1.0,1.0,5,4.0,80.0,,,1.0,,0,0,1.0,6.0
Pisa vs Atalanta,Atalanta,30417,Marco Carnesecchi,G,90,8.2,,0.0,,,19,12.0,63.2,,,,,0,0,,
Pisa vs Atalanta,Atalanta,289761,Giorgio Scalvini,D,70,7.3,,0.0,1.0,1.0,45,41.0,91.1,,2.0,1.0,1.0,1,0,5.0,8.0
Pisa vs Atalanta,Atalanta,137976,Isak Hien,D,90,7,,0.0,,,45,42.0,93.3,1.0,,1.0,,0,0,3.0,9.0
Pisa vs Atalanta,Atalanta,453906,Honest Ahanor,D,90,7.2,,0.0,,,49,43.0,87.8,1.0,,,2.0,0,0,8.0,17.0
Pisa vs Atalanta,Atalanta,162106,Yunus Musah,M,56,7.5,,0.0,,,30,25.0,83.3,1.0,,1.0,2.0,0,0,6.0,9.0
Pisa vs Atalanta,Atalanta,30432,Marten de Roon,M,90,7.2,,0.0,,,60,49.0,81.7,4.0,,1.0,,0,0,4.0,6.0
Pisa vs Atalanta,Atalanta,2763,Mario Pašalić,M,56,6.3,,0.0,,,35,31.0,88.6,,,2.0,,1,0,1.0,4.0
Pisa vs Atalanta,Atalanta,264857,Lorenzo Bernasconi,M,90,6.9,,0.0,1.0,1.0,46,36.0,78.3,2.0,,1.0,,0,0,3.0,7.0
Pisa vs Atalanta,Atalanta,147859,Charles De Ketelaere,F,90,6.9,,0.0,1.0,,33,24.0,72.7,1.0,1.0,,,0,0,10.0,19.0
Pisa vs Atalanta,Atalanta,203474,Nicola Zalewski,F,81,6.5,,0.0,1.0,,29,23.0,79.3,1.0,,2.0,2.0,0,0,4.0,12.0
Pisa vs Atalanta,Atalanta,30544,Gianluca Scamacca,F,56,6.2,,0.0,1.0,,8,4.0,50.0,1.0,,1.0,2.0,0,0,3.0,4.0
Pisa vs Atalanta,Atalanta,2286,Davide Zappacosta,M,34,7.2,,0.0,,,17,16.0,94.1,,,,,0,0,2.0,2.0
Pisa vs Atalanta,Atalanta,10097,Éderson,M,34,6.7,,0.0,,,19,14.0,73.7,,,,,0,0,,3.0
Pisa vs Atalanta,Atalanta,30543,Giacomo Raspadori,F,34,6.5,,0.0,,,6,5.0,83.3,,,,,0,0,,1.0
Pisa vs Atalanta,Atalanta,66817,Nikola Krstović,F,20,7.6,1.0,0.0,2.0,2.0,7,4.0,57.1,,,1.0,3.0,0,0,4.0,7.0
Pisa vs Atalanta,Atalanta,199837,Kamaldeen Sulemana,F,9,6.6,,0.0,,,3,3.0,100.0,,,,,0,0,1.0,1.0
Udinese vs Inter,Udinese,143648,Maduka Okoye,G,90,7.9,,0.0,,,28,22.0,78.6,,,,,0,0,,
Udinese vs Inter,Udinese,281495,Thomas Kristensen,D,90,6.7,,0.0,1.0,,58,46.0,79.3,1.0,1.0,2.0,,0,0,6.0,9.0
Udinese vs Inter,Udinese,18797,Christian Kabasele,D,74,6.6,,0.0,,,25,24.0,96.0,,1.0,2.0,,0,0,,1.0
Udinese vs Inter,Udinese,656,Oumar Solet,D,90,7.9,,0.0,1.0,,57,51.0,89.5,2.0,5.0,,3.0,0,0,8.0,8.0
Udinese vs Inter,Udinese,162907,Alessandro Zanoli,M,75,6.5,,0.0,,,11,10.0,90.9,,,,,0,0,2.0,6.0
Udinese vs Inter,Udinese,48047,Jesper Karlström,M,90,6.6,,0.0,,,41,34.0,82.9,2.0,1.0,1.0,1.0,0,0,6.0,9.0
Udinese vs Inter,Udinese,1939,Jakub Piotrowski,M,44,6.3,,0.0,1.0,1.0,5,4.0,80.0,,,1.0,1.0,0,0,2.0,4.0
Udinese vs Inter,Udinese,22007,Hassane Kamara,M,90,7,,0.0,,,26,22.0,84.6,2.0,1.0,1.0,,0,0,2.0,4.0
Udinese vs Inter,Udinese,347644,Arthur Atta,F,75,6.2,,0.0,,,34,23.0,67.6,1.0,1.0,2.0,1.0,0,0,3.0,8.0
Udinese vs Inter,Udinese,541,Jürgen Ekkelenkamp,F,84,6.5,,0.0,,,18,14.0,77.8,,,,,0,0,,1.0
Udinese vs Inter,Udinese,19185,Keinan Davis,F,90,6.7,,0.0,,,12,9.0,75.0,1.0,,4.0,1.0,0,0,5.0,10.0
Udinese vs Inter,Udinese,343558,Lennon Miller,M,46,6.6,,0.0,,,24,20.0,83.3,1.0,,2.0,1.0,0,0,4.0,10.0
Udinese vs Inter,Udinese,315249,Nicolò Bertola,D,16,7,,0.0,,,20,17.0,85.0,1.0,1.0,1.0,,0,0,1.0,2.0
Udinese vs Inter,Udinese,36916,Kingsley Ehizibue,D,15,6.7,,0.0,,,8,4.0,50.0,1.0,,1.0,1.0,0,0,2.0,4.0
Udinese vs Inter,Udinese,434410,Idrissa Gueye,F,15,6.3,,0.0,,,3,2.0,66.7,,,,1.0,0,0,1.0,2.0
Udinese vs Inter,Udinese,1134,Vakoun Bayo,F,10,6.5,,0.0,,,1,,,,,,,0,0,1.0,4.0
Udinese vs Inter,Inter,2802,Yann Sommer,G,90,7,,0.0,,,34,24.0,70.6,,,,,0,0,,
Udinese vs Inter,Inter,24953,Yann Bisseck,D,90,6.9,,0.0,1.0,1.0,65,58.0,89.2,1.0,1.0,1.0,,0,0,2.0,5.0
Udinese vs Inter,Inter,5,Manuel Akanji,D,90,7.3,,0.0,2.0,,76,70.0,92.1,1.0,4.0,1.0,,0,0,3.0,7.0
Udinese vs Inter,Inter,10238,Carlos Augusto,D,77,6.6,,0.0,,,75,67.0,89.3,1.0,,2.0,,1,0,4.0,9.0
Udinese vs Inter,Inter,10077,Luís Henrique,M,90,6.6,,0.0,,,47,39.0,83.0,1.0,,1.0,,0,0,2.0,5.0
Udinese vs Inter,Inter,30558,Nicolò Barella,M,90,6.9,,0.0,,,54,44.0,81.5,3.0,,1.0,1.0,0,0,4.0,10.0
Udinese vs Inter,Inter,329,Piotr Zieliński,M,88,7.2,,0.0,,,94,89.0,94.7,,,,1.0,0,0,2.0,3.0
Udinese vs Inter,Inter,1457,Henrikh Mkhitaryan,M,78,6.6,,0.0,2.0,1.0,48,43.0,89.6,1.0,1.0,2.0,3.0,0,0,4.0,7.0
Udinese vs Inter,Inter,31010,Federico Dimarco,M,90,7,,0.0,2.0,1.0,66,57.0,86.4,5.0,,1.0,1.0,0,0,6.0,7.0
Udinese vs Inter,Inter,217,Lautaro Martínez,F,88,7.7,1.0,0.0,3.0,2.0,25,18.0,72.0,1.0,,1.0,1.0,0,0,4.0,10.0
Udinese vs Inter,Inter,345808,Francesco Pio Esposito,F,68,7,,1.0,,,18,18.0,100.0,1.0,,,3.0,0,0,4.0,7.0
Udinese vs Inter,Inter,275651,Ange-Yoan Bonny,F,22,6.3,,0.0,,,3,3.0,100.0,,1.0,1.0,,0,0,,6.0
Udinese vs Inter,Inter,1836,Francesco Acerbi,D,13,6.9,,0.0,,,5,3.0,60.0,,,,1.0,0,0,1.0,1.0
Udinese vs Inter,Inter,31173,Davide Frattesi,M,12,6.7,,0.0,,,2,1.0,50.0,1.0,,,1.0,0,0,2.0,3.0
Udinese vs Inter,Inter,194,Stefan de Vrij,D,2,,,0.0,,,2,2.0,100.0,,,,,0,0,,
Udinese vs Inter,Inter,348205,Petar Sučić,M,2,,,0.0,,,2,1.0,50.0,1.0,,,,0,0,1.0,2.0
Napoli vs Sassuolo,Napoli,31156,Vanja Milinković-Savić,G,90,7.2,,0.0,,,33,19.0,57.6,,,,,0,0,,
Napoli vs Sassuolo,Napoli,37604,Sam Beukema,D,57,6.9,,0.0,,,46,35.0,76.1,,,,,0,0,2.0,4.0
Napoli vs Sassuolo,Napoli,1314,Amir Rrahmani,D,67,6.9,,0.0,,,56,49.0,87.5,,,,,0,0,3.0,7.0
Napoli vs Sassuolo,Napoli,774,Juan Jesus,D,90,6.9,,0.0,,,55,48.0,87.3,1.0,,4.0,,0,0,1.0,7.0
Napoli vs Sassuolo,Napoli,31042,Giovanni Di Lorenzo,M,90,6.5,,0.0,2.0,,48,42.0,87.5,2.0,3.0,3.0,1.0,0,0,4.0,9.0
Napoli vs Sassuolo,Napoli,47439,Stanislav Lobotka,M,90,7.9,1.0,0.0,1.0,1.0,77,74.0,96.1,1.0,,,,0,0,2.0,4.0
Napoli vs Sassuolo,Napoli,903,Scott McTominay,M,90,7,,0.0,2.0,,50,44.0,88.0,2.0,1.0,,1.0,0,0,6.0,9.0
Napoli vs Sassuolo,Napoli,862,Leonardo Spinazzola,M,90,7.2,,0.0,,,35,28.0,80.0,3.0,,,1.0,0,0,5.0,6.0
Napoli vs Sassuolo,Napoli,347395,Antonio Vergara,F,62,7.3,,0.0,1.0,,22,16.0,72.7,,,2.0,3.0,0,0,3.0,8.0
Napoli vs Sassuolo,Napoli,1358,Eljif Elmas,F,56,6.7,,0.0,1.0,1.0,13,12.0,92.3,,1.0,1.0,1.0,0,0,1.0,4.0
Napoli vs Sassuolo,Napoli,288006,Rasmus Højlund,F,90,6,,0.0,1.0,1.0,14,8.0,57.1,,,,1.0,0,0,2.0,8.0
Napoli vs Sassuolo,Napoli,219,Matteo Politano,F,34,6.7,,0.0,1.0,,13,11.0,84.6,,,,,0,0,1.0,1.0
Napoli vs Sassuolo,Napoli,544,Noa Lang,F,33,6.9,,0.0,,,12,10.0,83.3,1.0,,,1.0,0,0,2.0,3.0
Napoli vs Sassuolo,Napoli,31390,Pasquale Mazzocchi,D,28,6.7,,0.0,1.0,1.0,10,7.0,70.0,,,,,0,0,1.0,3.0
Napoli vs Sassuolo,Napoli,31226,Alessandro Buongiorno,D,23,7,,0.0,,,14,13.0,92.9,1.0,,,,0,0,1.0,2.0
Napoli vs Sassuolo,Sassuolo,616,Arijanet Murić,G,90,6.9,,0.0,,,28,20.0,71.4,,,,,0,0,1.0,1.0
Napoli vs Sassuolo,Sassuolo,40582,Sebastian Walukiewicz,D,90,6.6,,0.0,,,51,45.0,88.2,1.0,,,,0,0,3.0,5.0
Napoli vs Sassuolo,Sassuolo,37651,Jay Idzes,D,90,6.6,,0.0,1.0,,56,49.0,87.5,1.0,3.0,,,0,0,4.0,4.0
Napoli vs Sassuolo,Sassuolo,271350,Tarik Muharemović,D,90,6.9,,0.0,,,70,61.0,87.1,3.0,2.0,,,0,0,4.0,5.0
Napoli vs Sassuolo,Sassuolo,135526,Josh Doig,D,81,6.9,,0.0,1.0,,40,31.0,77.5,1.0,,,2.0,0,0,4.0,5.0
Napoli vs Sassuolo,Sassuolo,343562,Luca Lipani,M,89,6.2,,0.0,2.0,1.0,36,31.0,86.1,1.0,2.0,2.0,,0,0,2.0,7.0
Napoli vs Sassuolo,Sassuolo,902,Nemanja Matić,M,90,6.9,,0.0,2.0,,56,50.0,89.3,,2.0,2.0,1.0,0,0,2.0,4.0
Napoli vs Sassuolo,Sassuolo,127413,Aster Vranckx,M,54,6.2,,0.0,1.0,1.0,10,9.0,90.0,1.0,,2.0,,1,0,2.0,9.0
Napoli vs Sassuolo,Sassuolo,263699,Alieu Fadera,F,81,6.6,,0.0,1.0,,20,16.0,80.0,1.0,,1.0,3.0,0,0,6.0,11.0
Napoli vs Sassuolo,Sassuolo,31094,Andrea Pinamonti,F,89,6.3,,0.0,,,16,11.0,68.8,,,,,0,0,3.0,7.0
Napoli vs Sassuolo,Sassuolo,2215,Armand Laurienté,F,90,7.2,,0.0,3.0,2.0,20,17.0,85.0,,,3.0,3.0,0,0,7.0,10.0
Napoli vs Sassuolo,Sassuolo,281291,Edoardo Iannoni,M,36,6.7,,0.0,,,24,20.0,83.3,1.0,,1.0,,1,0,2.0,4.0
Napoli vs Sassuolo,Sassuolo,128338,Woyo Coulibaly,D,9,6.7,,0.0,,,9,9.0,100.0,,,,,0,0,,1.0
Napoli vs Sassuolo,Sassuolo,264739,Laurs Skjellerup,F,9,6.3,,0.0,,,3,,,,,,,0,0,1.0,1.0
Napoli vs Sassuolo,Sassuolo,31440,Luca Moro,F,8,6.2,,0.0,,,0,,,,,,,0,0,,1.0
Napoli vs Sassuolo,Sassuolo,128478,Walid Cheddira,F,8,6.3,,0.0,,,0,,,,,,,0,0,,
Cagliari vs Juventus,Cagliari,30731,Elia Caprile,G,90,7,,0.0,,,39,19.0,48.7,,,,,0,0,,
Cagliari vs Juventus,Cagliari,41964,Zé Pedro,D,90,6.9,,0.0,,,12,6.0,50.0,2.0,1.0,4.0,,0,0,3.0,8.0
Cagliari vs Juventus,Cagliari,2484,Yerry Mina,D,90,7.6,,0.0,,,23,20.0,87.0,1.0,,1.0,1.0,0,0,6.0,8.0
Cagliari vs Juventus,Cagliari,319,Sebastiano Luperto,D,90,7.2,,0.0,1.0,,21,17.0,81.0,,,,1.0,0,0,3.0,4.0
Cagliari vs Juventus,Cagliari,383018,Marco Palestra,M,90,7,,0.0,,,5,1.0,20.0,6.0,,1.0,2.0,0,0,9.0,15.0
Cagliari vs Juventus,Cagliari,30505,Michel Adopo,M,90,7,,0.0,,,16,13.0,81.2,3.0,,1.0,,0,0,4.0,7.0
Cagliari vs Juventus,Cagliari,325,Gianluca Gaetano,M,90,6.9,,1.0,,,13,12.0,92.3,2.0,1.0,2.0,1.0,0,0,3.0,7.0
Cagliari vs Juventus,Cagliari,30780,Luca Mazzitelli,M,90,8.5,1.0,0.0,1.0,1.0,17,9.0,52.9,3.0,1.0,2.0,3.0,0,0,7.0,13.0
Cagliari vs Juventus,Cagliari,321744,Adam Obert,M,90,7,,0.0,,,19,12.0,63.2,1.0,2.0,1.0,,0,0,1.0,4.0
Cagliari vs Juventus,Cagliari,336567,Semih Kılıçsoy,F,54,6.2,,0.0,,,11,7.0,63.6,,,,,0,0,1.0,6.0
Cagliari vs Juventus,Cagliari,215,Sebastiano Esposito,F,64,6.3,,0.0,1.0,,13,9.0,69.2,,2.0,3.0,,0,0,,5.0
Cagliari vs Juventus,Cagliari,31499,Gennaro Borrelli,F,36,7,,0.0,,,5,4.0,80.0,3.0,,1.0,2.0,0,0,8.0,13.0
Cagliari vs Juventus,Cagliari,383026,Riyad Idrissi,D,26,6.6,,0.0,,,1,1.0,100.0,,,,,0,0,,1.0
Cagliari vs Juventus,Juventus,849,Mattia Perin,G,90,6.7,,0.0,,,13,13.0,100.0,,,,,0,0,,
Cagliari vs Juventus,Juventus,162188,Pierre Kalulu,D,90,6.7,,0.0,,,69,62.0,89.9,,,,,0,0,1.0,3.0
Cagliari vs Juventus,Juventus,30497,Bremer,D,90,7.3,,0.0,,,75,71.0,94.7,2.0,,,1.0,0,0,4.0,8.0
Cagliari vs Juventus,Juventus,19263,Lloyd Kelly,D,90,7.2,,0.0,1.0,,80,73.0,91.2,1.0,2.0,3.0,1.0,0,0,7.0,10.0
Cagliari vs Juventus,Juventus,127011,Andrea Cambiaso,D,80,6.3,,0.0,1.0,1.0,60,55.0,91.7,2.0,,1.0,,0,0,2.0,8.0
Cagliari vs Juventus,Juventus,30533,Manuel Locatelli,M,66,7.5,,0.0,1.0,,82,74.0,90.2,,1.0,,1.0,0,0,3.0,3.0
Cagliari vs Juventus,Juventus,36899,Teun Koopmeiners,M,90,7.2,,0.0,1.0,1.0,82,75.0,91.5,3.0,3.0,2.0,2.0,0,0,7.0,10.0
Cagliari vs Juventus,Juventus,415,Weston McKennie,M,80,6.2,,0.0,,,37,32.0,86.5,1.0,1.0,1.0,,0,0,1.0,2.0
Cagliari vs Juventus,Juventus,181808,Fabio Miretti,M,66,6.2,,0.0,3.0,1.0,43,34.0,79.1,1.0,,2.0,2.0,0,0,4.0,9.0
Cagliari vs Juventus,Juventus,339883,Kenan Yıldız,M,90,7.2,,0.0,2.0,1.0,56,53.0,94.6,1.0,,1.0,3.0,1,0,12.0,20.0
Cagliari vs Juventus,Juventus,8489,Jonathan David,F,88,5.3,,0.0,1.0,,32,28.0,87.5,,,2.0,3.0,0,0,3.0,7.0
Cagliari vs Juventus,Juventus,48392,Edon Zhegrova,F,24,6.3,,0.0,1.0,1.0,22,21.0,95.5,,,,,0,0,1.0,3.0
Cagliari vs Juventus,Juventus,86,Loïs Openda,F,24,6.2,,0.0,1.0,,3,2.0,66.7,,,,,0,0,,2.0
Cagliari vs Juventus,Juventus,116,Khéphren Thuram,M,10,6.5,,0.0,1.0,,11,10.0,90.9,,,,,0,0,,3.0
Cagliari vs Juventus,Juventus,161585,Francisco Conceição,F,10,6.6,,0.0,,,12,9.0,75.0,,,,1.0,0,0,1.0,2.0
Cagliari vs Juventus,Juventus,339872,Vasilije Adžić,M,9,6.3,,0.0,,,3,3.0,100.0,,,,,0,0,,1.0
Parma vs Genoa,Parma,180762,Edoardo Corvi,G,90,7.9,,0.0,,,27,23.0,85.2,,,,,0,0,,
Parma vs Genoa,Parma,30420,Enrico Del Prato,D,90,6.6,,0.0,,,41,35.0,85.4,,,1.0,,0,0,1.0,3.0
Parma vs Genoa,Parma,348568,Alessandro Circati,D,90,8.3,,0.0,,,67,60.0,89.6,3.0,2.0,2.0,2.0,1,0,12.0,16.0
Parma vs Genoa,Parma,6221,Lautaro Valenti,D,90,7.9,,0.0,,,42,34.0,81.0,3.0,5.0,2.0,2.0,1,0,11.0,18.0
Parma vs Genoa,Parma,91358,Emanuele Valeri,D,90,7.2,,0.0,,,31,24.0,77.4,,2.0,1.0,2.0,0,0,2.0,5.0
Parma vs Genoa,Parma,628,Adrián Bernabé,M,76,6.3,,0.0,2.0,1.0,33,30.0,90.9,1.0,,1.0,1.0,0,0,3.0,9.0
Parma vs Genoa,Parma,6409,Nahuel Estévez,M,90,6.7,,0.0,,,51,44.0,86.3,1.0,,1.0,,0,0,2.0,9.0
Parma vs Genoa,Parma,308836,Mandela Keita,M,90,7.2,,0.0,1.0,,27,25.0,92.6,4.0,,1.0,3.0,0,0,9.0,14.0
Parma vs Genoa,Parma,161859,Gaetano Oristanio,F,82,6.3,,0.0,1.0,1.0,12,10.0,83.3,1.0,,2.0,2.0,0,0,5.0,14.0
Parma vs Genoa,Parma,292172,Mateo Pellegrino,F,76,6.2,,0.0,1.0,,10,6.0,60.0,,,1.0,2.0,0,0,5.0,13.0
Parma vs Genoa,Parma,191979,Jacob Ondrejka,F,45,6.7,,0.0,,,12,11.0,91.7,,,1.0,1.0,1,0,2.0,5.0
Parma vs Genoa,Parma,499380,Sascha Britschgi,D,45,6.9,,0.0,2.0,,17,14.0,82.4,1.0,,,1.0,0,0,4.0,5.0
Parma vs Genoa,Parma,161569,Oliver Sørensen,M,14,6.5,,0.0,,,5,3.0,60.0,1.0,,,,0,0,1.0,4.0
Parma vs Genoa,Parma,31692,Milan Đurić,F,14,6.9,,0.0,1.0,,5,2.0,40.0,,,,,0,0,4.0,5.0
Parma vs Genoa,Parma,362061,Benjamin Cremaschi,M,8,6.6,,0.0,,,7,6.0,85.7,,,,,0,0,2.0,3.0
Parma vs Genoa,Genoa,31631,Nicola Leali,G,90,6.6,,0.0,,,37,26.0,70.3,,,,,0,0,,
Parma vs Genoa,Genoa,281826,Alessandro Marcandalli,D,90,7.3,,0.0,,,33,27.0,81.8,,,1.0,1.0,0,0,3.0,6.0
Parma vs Genoa,Genoa,18967,Leo Østigård,D,90,6.9,,0.0,,,59,53.0,89.8,,,2.0,,1,0,3.0,8.0
Parma vs Genoa,Genoa,35544,Johan Vásquez,D,90,7.3,,0.0,,,61,49.0,80.3,3.0,,1.0,3.0,0,0,12.0,21.0
Parma vs Genoa,Genoa,31137,Stefano Sabelli,M,77,7.5,,0.0,2.0,,14,10.0,71.4,2.0,1.0,1.0,2.0,0,0,6.0,6.0
Parma vs Genoa,Genoa,1938,Ruslan Malinovskyi,M,73,6.6,,0.0,,,28,19.0,67.9,4.0,2.0,2.0,,0,0,7.0,14.0
Parma vs Genoa,Genoa,15881,Morten Frendrup,M,90,7.2,,0.0,,,54,49.0,90.7,3.0,1.0,1.0,,0,0,4.0,6.0
Parma vs Genoa,Genoa,89520,Mikael Ellertsson,M,90,6.9,,0.0,,,17,13.0,76.5,2.0,1.0,1.0,,0,0,4.0,8.0
Parma vs Genoa,Genoa,25914,Aarón Martín,M,90,6.9,,0.0,,,27,21.0,77.8,1.0,,1.0,2.0,0,0,4.0,6.0
Parma vs Genoa,Genoa,263481,Lorenzo Colombo,F,89,7.3,,0.0,4.0,2.0,17,16.0,94.1,3.0,,3.0,3.0,0,0,12.0,22.0
Parma vs Genoa,Genoa,281408,Vitinha,F,73,5.9,,0.0,2.0,1.0,10,7.0,70.0,,,2.0,2.0,1,0,2.0,11.0
Parma vs Genoa,Genoa,451504,Jeff Ekhator,F,17,6.5,,0.0,,,2,1.0,50.0,1.0,,1.0,,0,0,1.0,4.0
Parma vs Genoa,Genoa,56396,Junior Messias,F,17,6.5,,0.0,,,10,7.0,70.0,,,,,0,0,,2.0
Parma vs Genoa,Genoa,281096,Patrizio Masini,M,13,6.5,,0.0,,,6,4.0,66.7,1.0,,2.0,,0,0,2.0,7.0
Bologna vs Fiorentina,Bologna,31098,Federico Ravaglia,G,90,6.9,,0.0,,,40,35.0,87.5,,,,,0,0,,
Bologna vs Fiorentina,Bologna,47985,Emil Holm,D,45,6.2,,0.0,1.0,,31,23.0,74.2,2.0,,1.0,,1,0,4.0,7.0
Bologna vs Fiorentina,Bologna,31099,Nicolò Casale,D,90,6.6,,0.0,,,59,57.0,96.6,,,1.0,1.0,0,0,3.0,5.0
Bologna vs Fiorentina,Bologna,39254,Torbjørn Heggem,D,90,6.2,,0.0,1.0,,57,52.0,91.2,,1.0,,,0,0,3.0,8.0
Bologna vs Fiorentina,Bologna,134,Juan Miranda,D,90,7.3,,0.0,,,59,50.0,84.7,1.0,,1.0,,1,0,1.0,2.0
Bologna vs Fiorentina,Bologna,31273,Tommaso Pobega,M,72,6.2,,0.0,,,28,23.0,82.1,4.0,,3.0,,0,0,4.0,11.0
Bologna vs Fiorentina,Bologna,2807,Remo Freuler,M,45,6.2,,0.0,,,32,31.0,96.9,,,,,0,0,,1.0
Bologna vs Fiorentina,Bologna,30488,Riccardo Orsolini,M,45,6.5,,0.0,,,13,11.0,84.6,1.0,,,1.0,0,0,2.0,5.0
Bologna vs Fiorentina,Bologna,30542,Jens Odgaard,M,45,6.7,,0.0,,,10,5.0,50.0,,,,4.0,0,0,5.0,6.0
Bologna vs Fiorentina,Bologna,30438,Nicolò Cambiaghi,M,90,6.6,,0.0,,,31,26.0,83.9,4.0,,4.0,2.0,0,0,6.0,12.0
Bologna vs Fiorentina,Bologna,311067,Santiago Castro,F,90,6.5,,0.0,2.0,,17,14.0,82.4,1.0,,,2.0,0,0,7.0,9.0
Bologna vs Fiorentina,Bologna,128461,Nadir Zortea,D,45,6.9,,0.0,,,34,31.0,91.2,,,,,0,0,1.0,4.0
Bologna vs Fiorentina,Bologna,1322,Nikola Moro,M,45,7.3,,0.0,1.0,,52,49.0,94.2,,,,,0,0,,1.0
Bologna vs Fiorentina,Bologna,322630,Giovanni Fabbian,M,45,7.9,1.0,0.0,3.0,2.0,12,9.0,75.0,,,1.0,1.0,0,0,4.0,6.0
Bologna vs Fiorentina,Bologna,278095,Jonathan Rowe,F,45,7.6,,1.0,3.0,1.0,19,18.0,94.7,2.0,,1.0,2.0,0,0,8.0,10.0
Bologna vs Fiorentina,Bologna,44814,Lewis Ferguson,M,18,6.9,,0.0,,,18,18.0,100.0,,,2.0,,1,0,,2.0
Bologna vs Fiorentina,Fiorentina,882,David De Gea,G,90,7.2,,0.0,,,35,18.0,51.4,,,,,0,0,,
Bologna vs Fiorentina,Fiorentina,41144,Dodô,D,90,6.7,,0.0,,,42,27.0,64.3,1.0,1.0,2.0,1.0,0,0,3.0,9.0
Bologna vs Fiorentina,Fiorentina,396637,Pietro Comuzzo,D,90,6.3,,0.0,,,34,28.0,82.4,3.0,1.0,2.0,,0,0,4.0,10.0
Bologna vs Fiorentina,Fiorentina,1084,Marin Pongračić,D,90,6.9,,0.0,1.0,1.0,49,48.0,98.0,,1.0,3.0,2.0,0,0,4.0,13.0
Bologna vs Fiorentina,Fiorentina,30422,Robin Gosens,D,90,6.3,,0.0,,,23,20.0,87.0,4.0,,3.0,,0,0,4.0,11.0
Bologna vs Fiorentina,Fiorentina,30810,Rolando Mandragora,M,72,8.3,1.0,0.0,2.0,1.0,19,16.0,84.2,1.0,,,4.0,0,0,5.0,5.0
Bologna vs Fiorentina,Fiorentina,876,Nicolò Fagioli,M,89,6.6,,0.0,1.0,1.0,39,38.0,97.4,,,,,0,0,3.0,4.0
Bologna vs Fiorentina,Fiorentina,311083,Cher Ndour,M,72,7,,0.0,,,27,24.0,88.9,,,2.0,1.0,0,0,3.0,8.0
Bologna vs Fiorentina,Fiorentina,136087,Fabiano Parisi,F,80,6.7,,0.0,1.0,,25,21.0,84.0,,1.0,,2.0,0,0,3.0,8.0
Bologna vs Fiorentina,Fiorentina,30440,Roberto Piccoli,F,90,7.7,1.0,0.0,2.0,1.0,17,12.0,70.6,1.0,,,1.0,0,0,6.0,9.0
Bologna vs Fiorentina,Fiorentina,2799,Albert Guðmundsson,F,72,7.2,,1.0,,,23,21.0,91.3,,,1.0,1.0,0,0,2.0,5.0
Bologna vs Fiorentina,Fiorentina,1639,Marco Brescianini,M,18,6.5,,0.0,,,3,2.0,66.7,,,,,0,0,1.0,3.0
Bologna vs Fiorentina,Fiorentina,1014,Simon Sohm,M,18,6.6,,0.0,,,3,3.0,100.0,,2.0,,,0,0,,
Bologna vs Fiorentina,Fiorentina,697,Manor Solomon,F,18,6.9,,0.0,1.0,,3,3.0,100.0,,1.0,,2.0,0,0,3.0,4.0
Bologna vs Fiorentina,Fiorentina,437093,Niccolò Fortini,D,10,6.5,,0.0,,,4,4.0,100.0,,,,,0,0,,
Torino vs AS Roma,Torino,30642,Alberto Paleari,G,90,7,,0.0,,,33,20.0,60.6,,,,,0,0,,
Torino vs AS Roma,Torino,22174,Adrien Tameze,D,90,6.7,,0.0,,,33,26.0,78.8,3.0,1.0,1.0,1.0,0,0,5.0,7.0
Torino vs AS Roma,Torino,14329,Ardian Ismajli,D,90,6.7,,0.0,,,23,18.0,78.3,3.0,3.0,3.0,,1,0,6.0,10.0
Torino vs AS Roma,Torino,122468,Saúl Coco,D,90,7.2,,0.0,1.0,,37,35.0,94.6,4.0,,1.0,1.0,0,0,9.0,12.0
Torino vs AS Roma,Torino,336573,Emirhan İlkhan,M,76,6.9,,0.0,,,20,17.0,85.0,4.0,1.0,1.0,1.0,0,0,6.0,13.0
Torino vs AS Roma,Torino,25353,Valentino Lazaro,M,90,6.5,,0.0,1.0,1.0,35,19.0,54.3,3.0,3.0,3.0,,0,0,4.0,9.0
Torino vs AS Roma,Torino,842,Nikola Vlašić,M,90,6.2,,0.0,,,27,23.0,85.2,1.0,1.0,1.0,,1,0,2.0,12.0
Torino vs AS Roma,Torino,343189,Gvidas Gineitis,M,45,7,,0.0,1.0,,5,2.0,40.0,,,,1.0,0,0,2.0,3.0
Torino vs AS Roma,Torino,243,Zakaria Aboukhlal,M,33,6.5,,0.0,,,4,2.0,50.0,,,,,0,0,1.0,3.0
Torino vs AS Roma,Torino,19524,Che Adams,F,90,6.3,,0.0,2.0,,28,14.0,50.0,,,1.0,2.0,0,0,7.0,15.0
Torino vs AS Roma,Torino,85,Cyril Ngonge,F,76,6.3,,0.0,2.0,2.0,10,4.0,40.0,1.0,,1.0,2.0,0,0,4.0,9.0
Torino vs AS Roma,Torino,39362,Marcus Pedersen,D,57,6.3,,0.0,,,16,7.0,43.8,1.0,1.0,1.0,,0,0,1.0,4.0
Torino vs AS Roma,Torino,270507,Cesare Casadei,M,45,6.2,,0.0,1.0,1.0,24,14.0,58.3,,,,,0,0,5.0,10.0
Torino vs AS Roma,Torino,138777,Faustino Anjorin,M,14,6.9,,0.0,,,10,6.0,60.0,1.0,2.0,,,0,0,2.0,2.0
Torino vs AS Roma,Torino,383006,Alieu Njie,F,14,6.5,,0.0,,,2,,,,,,,0,0,,1.0
Torino vs AS Roma,AS Roma,556,Mile Svilar,G,90,7.2,,0.0,,,27,18.0,66.7,,,,,0,0,,
Torino vs AS Roma,AS Roma,30425,Gianluca Mancini,D,90,7.2,,0.0,,,46,38.0,82.6,2.0,1.0,3.0,,1,0,5.0,11.0
Torino vs AS Roma,AS Roma,1807,Evan Ndicka,D,90,7.2,,0.0,,,48,42.0,87.5,1.0,1.0,1.0,1.0,0,0,6.0,8.0
Torino vs AS Roma,AS Roma,2669,Mario Hermoso,D,23,6.9,,0.0,,,22,17.0,77.3,,,,,0,0,4.0,4.0
Torino vs AS Roma,AS Roma,162452,Devyne Rensch,M,76,6.3,,1.0,,,36,22.0,61.1,1.0,,1.0,,0,0,3.0,6.0
Torino vs AS Roma,AS Roma,778,Bryan Cristante,M,90,6.9,,0.0,1.0,,64,51.0,79.7,,2.0,,,0,0,4.0,10.0
Torino vs AS Roma,AS Roma,22147,Manu Koné,M,90,7,,0.0,,,61,57.0,93.4,2.0,3.0,,2.0,0,0,6.0,12.0
Torino vs AS Roma,AS Roma,349001,Wesley,M,90,7.3,,0.0,,,52,43.0,82.7,2.0,2.0,,4.0,0,0,9.0,11.0
Torino vs AS Roma,AS Roma,875,Paulo Dybala,F,76,7.9,1.0,1.0,3.0,2.0,46,40.0,87.0,,,1.0,2.0,0,0,3.0,8.0
Torino vs AS Roma,AS Roma,782,Lorenzo Pellegrini,F,52,6.5,,0.0,1.0,,28,20.0,71.4,1.0,1.0,1.0,1.0,0,0,2.0,6.0
Torino vs AS Roma,AS Roma,249,Donyell Malen,F,76,7.2,1.0,0.0,3.0,2.0,15,12.0,80.0,,,1.0,1.0,0,0,3.0,9.0
Torino vs AS Roma,AS Roma,342019,Daniele Ghilardi,D,67,7.2,,0.0,,,41,35.0,85.4,1.0,,,1.0,0,0,5.0,7.0
Torino vs AS Roma,AS Roma,323936,Matías Soulé,F,38,6.7,,0.0,,,20,18.0,90.0,2.0,,,1.0,0,0,5.0,14.0
Torino vs AS Roma,AS Roma,1600,Konstantinos Tsimikas,D,14,6.6,,0.0,1.0,,8,6.0,75.0,,,,,0,0,1.0,1.0
Torino vs AS Roma,AS Roma,356888,Niccolò Pisilli,M,14,6.6,,0.0,,,12,10.0,83.3,,,1.0,,0,0,,1.0
Torino vs AS Roma,AS Roma,435482,Robinio Vaz,F,14,6.3,,0.0,1.0,1.0,6,4.0,66.7,,,,,0,0,,2.0
AC Milan vs Lecce,AC Milan,22221,Mike Maignan,G,90,6.9,,0.0,,,34,33.0,97.1,,,,,0,0,,
AC Milan vs Lecce,AC Milan,19209,Fikayo Tomori,D,90,7.2,,0.0,1.0,,64,60.0,93.8,3.0,,2.0,,0,0,3.0,6.0
AC Milan vs Lecce,AC Milan,56473,Matteo Gabbia,D,90,7.2,,0.0,4.0,,80,78.0,97.5,,,1.0,,0,0,4.0,9.0
AC Milan vs Lecce,AC Milan,162141,Koni De Winter,D,90,7.3,,0.0,,,110,102.0,92.7,1.0,,2.0,1.0,1,0,9.0,14.0
AC Milan vs Lecce,AC Milan,1417,Alexis Saelemaekers,M,80,8.2,,1.0,1.0,,55,49.0,89.1,,1.0,,1.0,0,0,1.0,5.0
AC Milan vs Lecce,AC Milan,31056,Samuele Ricci,M,73,7.9,,0.0,1.0,1.0,54,49.0,90.7,2.0,1.0,,1.0,0,0,4.0,5.0
AC Milan vs Lecce,AC Milan,264705,Ardon Jashari,M,87,7.9,,0.0,,,66,61.0,92.4,2.0,1.0,1.0,2.0,0,0,4.0,7.0
AC Milan vs Lecce,AC Milan,272,Adrien Rabiot,M,90,8.2,,0.0,1.0,,68,57.0,83.8,3.0,1.0,1.0,1.0,0,0,7.0,13.0
AC Milan vs Lecce,AC Milan,46731,Pervis Estupiñán,M,90,7,,0.0,1.0,,62,56.0,90.3,3.0,1.0,1.0,,0,0,5.0,10.0
AC Milan vs Lecce,AC Milan,17,Christian Pulišić,F,73,6,,0.0,2.0,2.0,38,34.0,89.5,,,,1.0,0,0,2.0,7.0
AC Milan vs Lecce,AC Milan,22236,Rafael Leão,F,87,6.9,,0.0,,,30,28.0,93.3,1.0,,,,0,0,5.0,6.0
AC Milan vs Lecce,AC Milan,2292,Ruben Loftus-Cheek,M,17,6.5,,0.0,,,9,6.0,66.7,1.0,1.0,1.0,1.0,0,0,2.0,3.0
AC Milan vs Lecce,AC Milan,25391,Niclas Füllkrug,F,17,8,1.0,0.0,2.0,2.0,5,4.0,80.0,,,,1.0,0,0,3.0,3.0
AC Milan vs Lecce,AC Milan,396380,Zachary Athekame,D,10,6.9,,0.0,,,8,8.0,100.0,,,,1.0,0,0,1.0,1.0
AC Milan vs Lecce,AC Milan,754,Luka Modrić,M,8,6.6,,0.0,,,6,6.0,100.0,,,,,0,0,,
AC Milan vs Lecce,AC Milan,269,Christopher Nkunku,F,8,6.5,,0.0,1.0,1.0,2,2.0,100.0,1.0,,,,0,0,1.0,2.0
AC Milan vs Lecce,Lecce,56459,Wladimiro Falcone,G,90,7.9,,0.0,,,34,13.0,38.2,,,,1.0,0,0,1.0,1.0
AC Milan vs Lecce,Lecce,203219,Jamil Siebert,D,90,7.2,,0.0,,,28,17.0,60.7,2.0,,2.0,,0,0,4.0,9.0
AC Milan vs Lecce,Lecce,455316,Tiago Gabriel,D,90,6.9,,0.0,,,36,32.0,88.9,,1.0,,2.0,0,0,2.0,3.0
AC Milan vs Lecce,Lecce,19738,Corrie Ndaba,D,90,6.6,,0.0,,,44,38.0,86.4,4.0,,1.0,,0,0,4.0,6.0
AC Milan vs Lecce,Lecce,31543,Antonino Gallo,D,84,6.6,,0.0,,,26,22.0,84.6,2.0,,,,0,0,2.0,2.0
AC Milan vs Lecce,Lecce,126974,Omri Gandelman,M,90,6.3,,0.0,,,17,11.0,64.7,1.0,,,,0,0,5.0,15.0
AC Milan vs Lecce,Lecce,15673,Ylber Ramadani,M,85,6.7,,0.0,,,32,25.0,78.1,3.0,1.0,2.0,2.0,1,0,5.0,11.0
AC Milan vs Lecce,Lecce,1748,Lassana Coulibaly,M,90,6.3,,0.0,,,26,23.0,88.5,1.0,,,1.0,0,0,2.0,5.0
AC Milan vs Lecce,Lecce,6662,Santiago Pierotti,F,90,6.6,,0.0,,,26,21.0,80.8,5.0,1.0,1.0,,0,0,5.0,13.0
AC Milan vs Lecce,Lecce,264122,Nikola Štulić,F,69,6.5,,0.0,2.0,,16,12.0,75.0,1.0,,3.0,1.0,0,0,5.0,14.0
AC Milan vs Lecce,Lecce,31507,Riccardo Sottil,F,54,6.9,,0.0,,,11,10.0,90.9,,,,1.0,0,0,2.0,4.0
AC Milan vs Lecce,Lecce,118956,Lameck Banda,M,36,6.2,,0.0,,,6,4.0,66.7,1.0,,1.0,1.0,0,0,2.0,5.0
AC Milan vs Lecce,Lecce,47182,Tete Morente,F,21,6.5,,0.0,,,2,1.0,50.0,,,1.0,,0,0,,1.0
AC Milan vs Lecce,Lecce,8643,Konan N'Dri,F,11,6.3,,0.0,,,1,1.0,100.0,,,,,0,0,1.0,2.0
AC Milan vs Lecce,Lecce,56560,Youssef Maleh,M,10,6.6,,0.0,1.0,,6,5.0,83.3,,,,,0,0,,
Cremonese vs Hellas Verona,Cremonese,30441,Emil Audero,G,90,6.9,,0.0,,,32,18.0,56.2,,,,,0,0,,
Cremonese vs Hellas Verona,Cremonese,30397,Federico Ceccherini,D,73,7.2,,0.0,,,41,33.0,80.5,,,3.0,2.0,0,0,8.0,13.0
Cremonese vs Hellas Verona,Cremonese,127035,Federico Baschirotto,D,90,7,,0.0,,,74,67.0,90.5,2.0,1.0,2.0,,0,0,4.0,7.0
Cremonese vs Hellas Verona,Cremonese,30919,Matteo Bianchetti,D,90,7.3,,0.0,,,54,40.0,74.1,,1.0,,1.0,0,0,3.0,4.0
Cremonese vs Hellas Verona,Cremonese,126980,Tommaso Barbieri,M,89,7.3,,0.0,1.0,,23,17.0,73.9,,,1.0,1.0,0,0,6.0,8.0
Cremonese vs Hellas Verona,Cremonese,266813,Warren Bondo,M,90,6.9,,0.0,,,31,25.0,80.6,1.0,2.0,1.0,3.0,0,0,7.0,11.0
Cremonese vs Hellas Verona,Cremonese,31021,Alberto Grassi,M,89,7,,0.0,1.0,,59,51.0,86.4,1.0,3.0,,,0,0,4.0,8.0
Cremonese vs Hellas Verona,Cremonese,31211,Jari Vandeputte,M,83,6.6,,0.0,1.0,1.0,33,25.0,75.8,1.0,2.0,1.0,,1,0,1.0,4.0
Cremonese vs Hellas Verona,Cremonese,264472,Filippo Terracciano,M,90,6.3,,0.0,,,49,40.0,81.6,,1.0,1.0,,0,0,,4.0
Cremonese vs Hellas Verona,Cremonese,31436,Federico Bonazzoli,F,73,6.2,,0.0,,,13,8.0,61.5,,,1.0,2.0,1,0,2.0,5.0
Cremonese vs Hellas Verona,Cremonese,18788,Jamie Vardy,F,90,6.3,,0.0,1.0,,8,5.0,62.5,,,2.0,3.0,1,0,5.0,15.0
Cremonese vs Hellas Verona,Cremonese,385788,Francesco Folino,D,17,6.3,,0.0,,,9,7.0,77.8,,,1.0,,0,0,,3.0
Cremonese vs Hellas Verona,Cremonese,102447,Faris Moumbagna,F,17,6.2,,0.0,,,3,2.0,66.7,,,,,0,0,,2.0
Cremonese vs Hellas Verona,Cremonese,31219,Alessio Zerbin,F,11,6.7,,0.0,,,2,1.0,50.0,,,,1.0,0,0,2.0,3.0
Cremonese vs Hellas Verona,Hellas Verona,31383,Simone Perilli,G,90,6.6,,0.0,,,23,10.0,43.5,,,,,0,0,,
Cremonese vs Hellas Verona,Hellas Verona,368129,Tobias Slotsager,D,90,7.2,,0.0,,,32,25.0,78.1,,1.0,1.0,,0,0,5.0,7.0
Cremonese vs Hellas Verona,Hellas Verona,15912,Victor Nelsson,D,90,7.5,,0.0,1.0,,31,28.0,90.3,,4.0,2.0,,0,0,5.0,8.0
Cremonese vs Hellas Verona,Hellas Verona,20656,Enzo Ebosse,D,71,7.3,,0.0,1.0,,27,26.0,96.3,1.0,,1.0,1.0,0,0,2.0,3.0
Cremonese vs Hellas Verona,Hellas Verona,30525,Pol Lirola,M,87,6.5,,0.0,,,27,14.0,51.9,2.0,1.0,,,0,0,2.0,2.0
Cremonese vs Hellas Verona,Hellas Verona,203,Roberto Gagliardini,M,90,7.2,,0.0,1.0,,48,40.0,83.3,1.0,4.0,1.0,2.0,0,0,5.0,9.0
Cremonese vs Hellas Verona,Hellas Verona,1090,Antoine Bernede,M,90,6.7,,0.0,1.0,1.0,42,31.0,73.8,1.0,,3.0,1.0,0,0,2.0,7.0
Cremonese vs Hellas Verona,Hellas Verona,14327,Domagoj Bradarić,M,90,7.3,,0.0,,,32,23.0,71.9,3.0,,,2.0,0,0,6.0,9.0
Cremonese vs Hellas Verona,Hellas Verona,312615,Giovane,F,90,6.3,,0.0,2.0,2.0,13,8.0,61.5,,1.0,2.0,1.0,0,0,6.0,15.0
Cremonese vs Hellas Verona,Hellas Verona,236955,Amin Sarr,F,66,6.9,,0.0,1.0,,12,8.0,66.7,1.0,1.0,2.0,3.0,0,0,8.0,15.0
Cremonese vs Hellas Verona,Hellas Verona,368260,Gift Orban,F,90,6.3,,0.0,,,17,15.0,88.2,,1.0,,2.0,0,0,3.0,9.0
Cremonese vs Hellas Verona,Hellas Verona,418,Suat Serdar,M,24,6.9,,0.0,1.0,1.0,15,11.0,73.3,,1.0,,,0,0,1.0,2.0
Cremonese vs Hellas Verona,Hellas Verona,37437,Abdou Harroui,M,19,6.9,,0.0,,,11,11.0,100.0,1.0,,1.0,,0,0,1.0,2.0
Cremonese vs Hellas Verona,Hellas Verona,153408,Daniel Oyegoke,D,3,,,0.0,,,1,1.0,100.0,,,,,0,0,,
Lazio vs Como,Lazio,31037,Ivan Provedel,G,90,6.9,,0.0,,,21,19.0,90.5,,,,,0,0,,1.0
Lazio vs Como,Lazio,1844,Adam Marušić,D,90,5.3,,0.0,,,33,26.0,78.8,,1.0,2.0,,0,0,1.0,5.0
Lazio vs Como,Lazio,162952,Mario Gila Fuentes,D,90,6.5,,0.0,,,62,56.0,90.3,1.0,1.0,,,0,0,2.0,3.0
Lazio vs Como,Lazio,1632,Alessio Romagnoli,D,90,5.6,,0.0,,,72,69.0,95.8,1.0,,2.0,,1,0,1.0,6.0
Lazio vs Como,Lazio,30554,Luca Pellegrini,D,64,5.9,,0.0,,,32,23.0,71.9,,1.0,2.0,,1,0,1.0,4.0
Lazio vs Como,Lazio,333116,Reda Belahyane,M,90,6.6,,0.0,,,32,27.0,84.4,3.0,,,1.0,0,0,5.0,8.0
Lazio vs Como,Lazio,1852,Danilo Cataldi,M,53,6.3,,0.0,2.0,1.0,28,26.0,92.9,,1.0,,,1,0,,
Lazio vs Como,Lazio,38749,Kenneth Taylor,M,85,5.6,,0.0,,,30,27.0,90.0,2.0,2.0,3.0,1.0,0,0,3.0,11.0
Lazio vs Como,Lazio,286474,Matteo Cancellieri,F,53,6.3,,0.0,,,6,6.0,100.0,1.0,,,,0,0,2.0,5.0
Lazio vs Como,Lazio,301763,Petar Ratkov,F,53,6.9,,0.0,,,10,8.0,80.0,,1.0,,2.0,0,0,2.0,2.0
Lazio vs Como,Lazio,30937,Mattia Zaccagni,F,90,6.5,,0.0,2.0,2.0,10,8.0,80.0,1.0,1.0,3.0,4.0,1,0,6.0,14.0
Lazio vs Como,Lazio,135519,Gustav Isaksen,F,37,6.7,,0.0,1.0,1.0,8,6.0,75.0,1.0,1.0,,1.0,0,0,2.0,3.0
Lazio vs Como,Lazio,30784,Nicolò Rovella,M,37,6.9,,0.0,,,27,21.0,77.8,3.0,1.0,1.0,,0,0,4.0,7.0
Lazio vs Como,Lazio,133729,Tijjani Noslin,F,37,6.3,,0.0,1.0,,4,4.0,100.0,1.0,,,,0,0,1.0,3.0
Lazio vs Como,Lazio,30866,Manuel Lazzari,M,26,6.2,,0.0,1.0,,7,4.0,57.1,,,1.0,,0,0,,4.0
Lazio vs Como,Lazio,144740,Fisayo Dele-Bashiru,M,8,6.3,,0.0,,,2,2.0,100.0,,,,,0,0,,1.0
Lazio vs Como,Como,8574,Jean Butez,G,90,7.7,,0.0,,,60,56.0,93.3,,,,,0,0,1.0,1.0
Lazio vs Como,Como,14266,Ivan Smolčić,D,45,6.9,,0.0,1.0,1.0,29,28.0,96.6,,1.0,1.0,2.0,1,0,3.0,5.0
Lazio vs Como,Como,386305,Jacobo Ramón,D,90,7.7,,0.0,,,110,104.0,94.5,3.0,,1.0,1.0,0,0,4.0,5.0
Lazio vs Como,Como,21090,Diego Carlos,D,90,7,,0.0,,,94,91.0,96.8,,1.0,1.0,,0,0,,2.0
Lazio vs Como,Como,336560,Álex Valle,D,90,7.3,,1.0,,,60,54.0,90.0,6.0,1.0,1.0,1.0,1,0,8.0,12.0
Lazio vs Como,Como,288699,Máximo Perrone,M,90,7.2,,0.0,,,102,98.0,96.1,2.0,,1.0,1.0,0,0,4.0,9.0
Lazio vs Como,Como,162266,Lucas Da Cunha,M,90,7.5,,0.0,2.0,1.0,76,73.0,96.1,1.0,,,,0,0,3.0,4.0
Lazio vs Como,Como,659,Maxence Caqueret,M,65,6.7,,1.0,,,31,25.0,80.6,,,,1.0,0,0,1.0,4.0
Lazio vs Como,Como,443162,Jesús Rodriguez,M,81,6.7,,0.0,,,19,18.0,94.7,,,1.0,3.0,0,0,4.0,7.0
Lazio vs Como,Como,350037,Nico Paz,M,81,9.2,2.0,0.0,3.0,3.0,51,43.0,84.3,4.0,1.0,1.0,,0,0,9.0,14.0
Lazio vs Como,Como,295026,Martin Baturina,F,74,8.9,1.0,1.0,1.0,1.0,39,32.0,82.1,1.0,,,3.0,0,0,5.0,6.0
Lazio vs Como,Como,711,Stefan Posch,D,45,6.7,,0.0,1.0,,24,22.0,91.7,1.0,,2.0,,1,0,2.0,4.0
Lazio vs Como,Como,137,Sergi Roberto,M,25,6.9,,0.0,,,41,39.0,95.1,,1.0,,1.0,0,0,1.0,1.0
Lazio vs Como,Como,8586,Mërgim Vojvoda,D,16,6.6,,0.0,1.0,,10,9.0,90.0,,,,,0,0,1.0,1.0
Lazio vs Como,Como,26845,Anastasios Douvikas,F,9,6.7,,0.0,,,6,6.0,100.0,,,,,0,0,1.0,1.0
Lazio vs Como,Como,38753,Nicolas-Gerrit Kühn,F,9,6.5,,0.0,,,2,1.0,50.0,,,,,0,0,,1.0
Inter vs Pisa,Inter,2802,Yann Sommer,G,90,5.7,,0.0,,,20,13.0,65.0,,,,,0,0,,
Inter vs Pisa,Inter,24953,Yann Bisseck,D,90,7.5,,0.0,2.0,1.0,61,59.0,96.7,2.0,,1.0,1.0,0,0,9.0,12.0
Inter vs Pisa,Inter,194,Stefan de Vrij,D,90,7,,0.0,1.0,1.0,58,56.0,96.6,3.0,,,,0,0,3.0,5.0
Inter vs Pisa,Inter,31009,Alessandro Bastoni,D,90,7.9,,1.0,2.0,1.0,71,61.0,85.9,,1.0,1.0,1.0,0,0,4.0,8.0
Inter vs Pisa,Inter,10077,Luís Henrique,M,34,6.3,,0.0,,,34,27.0,79.4,,,,,0,0,,
Inter vs Pisa,Inter,348205,Petar Sučić,M,61,6.5,,0.0,2.0,,36,29.0,80.6,,,2.0,2.0,0,0,3.0,8.0
Inter vs Pisa,Inter,329,Piotr Zieliński,M,90,8.3,1.0,0.0,1.0,1.0,67,61.0,91.0,4.0,,,1.0,0,0,7.0,8.0
Inter vs Pisa,Inter,1457,Henrikh Mkhitaryan,M,90,7.5,1.0,0.0,2.0,1.0,56,51.0,91.1,2.0,,1.0,,0,0,3.0,10.0
Inter vs Pisa,Inter,10238,Carlos Augusto,M,80,7.2,,0.0,3.0,,39,34.0,87.2,,,,1.0,0,0,5.0,8.0
Inter vs Pisa,Inter,217,Lautaro Martínez,F,80,7.7,1.0,0.0,2.0,1.0,28,21.0,75.0,,1.0,2.0,2.0,1,0,8.0,17.0
Inter vs Pisa,Inter,345808,Francesco Pio Esposito,F,61,7.7,1.0,0.0,4.0,2.0,12,9.0,75.0,,1.0,,1.0,0,0,4.0,7.0
Inter vs Pisa,Inter,31010,Federico Dimarco,D,56,10,1.0,2.0,4.0,4.0,29,27.0,93.1,1.0,,,,0,0,1.0,1.0
Inter vs Pisa,Inter,30558,Nicolò Barella,M,29,6.9,,0.0,,,10,10.0,100.0,,,1.0,,1,0,,3.0
Inter vs Pisa,Inter,21509,Marcus Thuram,F,29,7.3,,1.0,3.0,1.0,8,7.0,87.5,3.0,,,,0,0,6.0,10.0
Inter vs Pisa,Inter,5,Manuel Akanji,D,10,6.9,,0.0,,,3,2.0,66.7,1.0,,,,0,0,1.0,1.0
Inter vs Pisa,Inter,275651,Ange-Yoan Bonny,F,10,7.7,1.0,0.0,1.0,1.0,2,2.0,100.0,,,,,0,0,1.0,2.0
Inter vs Pisa,Pisa,50054,Simone Scuffet,G,90,7.3,,0.0,,,38,23.0,60.5,,,,1.0,0,0,2.0,2.0
Inter vs Pisa,Pisa,30469,Arturo Calabresi,D,90,5.9,,0.0,,,31,29.0,93.5,,3.0,3.0,1.0,1,0,3.0,9.0
Inter vs Pisa,Pisa,91503,Simone Canestrelli,D,90,5.9,,0.0,1.0,,34,31.0,91.2,2.0,4.0,,2.0,0,0,5.0,8.0
Inter vs Pisa,Pisa,419603,Francesco Coppola,D,90,5.7,,0.0,,,27,25.0,92.6,2.0,1.0,1.0,2.0,0,0,4.0,9.0
Inter vs Pisa,Pisa,56293,Idrissa Touré,M,90,6.9,,0.0,,,13,8.0,61.5,1.0,,,,0,0,4.0,10.0
Inter vs Pisa,Pisa,30723,Marius Marin,M,45,6.9,,0.0,,,4,2.0,50.0,3.0,2.0,1.0,1.0,1,0,4.0,6.0
Inter vs Pisa,Pisa,951,Michel Aebischer,M,70,6.2,,0.0,,,16,12.0,75.0,2.0,1.0,,,0,0,2.0,6.0
Inter vs Pisa,Pisa,302069,Samuele Angori,M,69,6.3,,0.0,,,20,16.0,80.0,1.0,2.0,,,0,0,1.0,2.0
Inter vs Pisa,Pisa,31560,Stefano Moreo,F,90,8.6,2.0,0.0,3.0,2.0,10,7.0,70.0,1.0,4.0,,,0,0,1.0,7.0
Inter vs Pisa,Pisa,20959,Matteo Tramoni,F,45,6.9,,1.0,,,8,6.0,75.0,2.0,1.0,1.0,,0,0,3.0,3.0
Inter vs Pisa,Pisa,331678,Henrik Wendel Meister,F,40,6.3,,0.0,,,2,2.0,100.0,,,,1.0,0,0,2.0,5.0
Inter vs Pisa,Pisa,341226,Rafiu Durosinmi,F,50,6.3,,0.0,,,13,10.0,76.9,,,3.0,,0,0,3.0,7.0
Inter vs Pisa,Pisa,325387,Gabriele Piccinini,M,45,7,,0.0,,,16,13.0,81.2,4.0,,1.0,,0,0,5.0,6.0
Inter vs Pisa,Pisa,408635,Ebenezer Akinsanmiro,M,45,6.5,,0.0,,,26,20.0,76.9,2.0,1.0,1.0,,1,0,2.0,7.0
Inter vs Pisa,Pisa,30753,Mehdi Léris,M,21,6.2,,0.0,1.0,1.0,10,7.0,70.0,,,,,0,0,,4.0
Inter vs Pisa,Pisa,403300,Lorran,M,20,6.2,,0.0,,,6,4.0,66.7,3.0,,,,0,0,4.0,9.0
Como vs Torino,Como,8574,Jean Butez,G,90,7.3,,0.0,,,36,27.0,75.0,,,,,0,0,,
Como vs Torino,Como,8586,Mërgim Vojvoda,D,90,7.2,,0.0,1.0,,51,41.0,80.4,1.0,1.0,,2.0,0,0,4.0,5.0
Como vs Torino,Como,386305,Jacobo Ramón,D,90,7.2,,0.0,1.0,,61,54.0,88.5,1.0,,,,0,0,4.0,7.0
Como vs Torino,Como,26301,Marc-Oliver Kempf,D,90,6.6,,0.0,,,62,56.0,90.3,,,3.0,1.0,0,0,1.0,7.0
Como vs Torino,Como,336560,Álex Valle,D,90,6.9,,1.0,,,39,28.0,71.8,,2.0,1.0,,0,0,3.0,6.0
Como vs Torino,Como,288699,Máximo Perrone,M,68,7,,0.0,,,46,41.0,89.1,1.0,1.0,,2.0,0,0,5.0,8.0
Como vs Torino,Como,162266,Lucas Da Cunha,M,90,7.9,1.0,1.0,1.0,1.0,68,60.0,88.2,2.0,2.0,2.0,1.0,0,0,5.0,8.0
Como vs Torino,Como,443162,Jesús Rodriguez,M,68,6.2,,0.0,3.0,,12,8.0,66.7,,1.0,,2.0,0,0,5.0,9.0
Como vs Torino,Como,350037,Nico Paz,M,73,6.9,,0.0,1.0,,19,16.0,84.2,,,2.0,,0,0,,4.0
Como vs Torino,Como,295026,Martin Baturina,M,68,9.2,1.0,1.0,1.0,1.0,28,21.0,75.0,1.0,1.0,,1.0,0,0,4.0,4.0
Como vs Torino,Como,26845,Anastasios Douvikas,F,73,9.5,2.0,0.0,3.0,3.0,13,6.0,46.2,,,,1.0,0,0,4.0,6.0
Como vs Torino,Como,137,Sergi Roberto,M,22,6.9,,0.0,,,45,45.0,100.0,,,,1.0,0,0,1.0,1.0
Como vs Torino,Como,659,Maxence Caqueret,M,22,8,1.0,1.0,1.0,1.0,34,31.0,91.2,,,1.0,,0,0,,1.0
Como vs Torino,Como,38753,Nicolas-Gerrit Kühn,F,22,7.9,1.0,0.0,1.0,1.0,3,3.0,100.0,,,,,0,0,1.0,1.0
Como vs Torino,Como,288,Alberto Moreno,D,17,6.9,,0.0,,,22,22.0,100.0,,,,2.0,0,0,2.0,2.0
Como vs Torino,Como,14266,Ivan Smolčić,D,17,6.7,,0.0,,,15,13.0,86.7,,,,,0,0,,
Como vs Torino,Torino,30642,Alberto Paleari,G,90,5.6,,0.0,,,35,22.0,62.9,,,,,0,0,1.0,2.0
Como vs Torino,Torino,22174,Adrien Tameze,D,67,5.3,,0.0,1.0,,41,34.0,82.9,,,3.0,,0,0,,4.0
Como vs Torino,Torino,14329,Ardian Ismajli,D,21,6.3,,0.0,,,6,4.0,66.7,2.0,,,,0,0,2.0,3.0
Como vs Torino,Torino,122468,Saúl Coco,D,90,5.5,,0.0,,,42,35.0,83.3,,,,1.0,0,0,1.0,3.0
Como vs Torino,Torino,336573,Emirhan İlkhan,M,67,6.3,,0.0,,,29,24.0,82.8,1.0,,,1.0,0,0,2.0,6.0
Como vs Torino,Torino,39362,Marcus Pedersen,M,90,6.2,,0.0,,,35,29.0,82.9,1.0,1.0,,1.0,1,0,2.0,6.0
Como vs Torino,Torino,842,Nikola Vlašić,M,90,6.2,,0.0,1.0,,31,24.0,77.4,1.0,,,1.0,0,0,2.0,4.0
Como vs Torino,Torino,270507,Cesare Casadei,M,90,6.2,,0.0,1.0,,31,25.0,80.6,,,2.0,,0,0,6.0,11.0
Como vs Torino,Torino,25353,Valentino Lazaro,M,90,6.6,,0.0,,,34,21.0,61.8,1.0,,2.0,,0,0,3.0,7.0
Como vs Torino,Torino,85,Cyril Ngonge,F,67,6.5,,0.0,1.0,,10,7.0,70.0,,,3.0,2.0,0,0,4.0,9.0
Como vs Torino,Torino,19524,Che Adams,F,90,6.6,,0.0,2.0,1.0,21,19.0,90.5,2.0,,1.0,,0,0,3.0,6.0
Como vs Torino,Torino,2553,Guillermo Maripán,D,69,5.9,,0.0,,,35,32.0,91.4,,,2.0,,0,0,1.0,2.0
Como vs Torino,Torino,265722,Rafael Obrador,D,23,6,,0.0,,,6,6.0,100.0,,,,,0,0,,
Como vs Torino,Torino,138777,Faustino Anjorin,M,23,6.5,,0.0,,,7,7.0,100.0,,,1.0,,0,0,,1.0
Como vs Torino,Torino,2495,Duván Zapata,F,23,6.7,,0.0,,,9,6.0,66.7,,,1.0,3.0,0,0,3.0,5.0
Fiorentina vs Cagliari,Fiorentina,882,David De Gea,G,90,7.2,,0.0,,,20,17.0,85.0,,,,,0,0,,
Fiorentina vs Cagliari,Fiorentina,41144,Dodô,D,90,8,,1.0,,,71,62.0,87.3,,1.0,,1.0,0,0,4.0,6.0
Fiorentina vs Cagliari,Fiorentina,396637,Pietro Comuzzo,D,90,6.3,,0.0,1.0,,106,100.0,94.3,,1.0,3.0,2.0,1,0,3.0,8.0
Fiorentina vs Cagliari,Fiorentina,1084,Marin Pongračić,D,90,6.7,,0.0,,,88,83.0,94.3,1.0,2.0,2.0,,1,0,2.0,5.0
Fiorentina vs Cagliari,Fiorentina,30422,Robin Gosens,D,59,6.3,,0.0,,,37,33.0,89.2,1.0,1.0,1.0,1.0,0,0,3.0,5.0
Fiorentina vs Cagliari,Fiorentina,30810,Rolando Mandragora,M,45,7.2,,0.0,1.0,,30,27.0,90.0,2.0,,,,0,0,3.0,5.0
Fiorentina vs Cagliari,Fiorentina,876,Nicolò Fagioli,M,90,7.5,,0.0,,,81,72.0,88.9,4.0,,,2.0,0,0,6.0,7.0
Fiorentina vs Cagliari,Fiorentina,311083,Cher Ndour,M,59,6.7,,0.0,,,34,28.0,82.4,,1.0,1.0,1.0,0,0,2.0,6.0
Fiorentina vs Cagliari,Fiorentina,697,Manor Solomon,F,83,7.3,,0.0,,,37,35.0,94.6,,,,2.0,0,0,3.0,5.0
Fiorentina vs Cagliari,Fiorentina,30440,Roberto Piccoli,F,90,6.5,,0.0,1.0,,5,4.0,80.0,,,1.0,4.0,0,0,4.0,8.0
Fiorentina vs Cagliari,Fiorentina,2799,Albert Guðmundsson,F,90,7.2,,0.0,3.0,1.0,51,46.0,90.2,1.0,,2.0,3.0,0,0,8.0,13.0
Fiorentina vs Cagliari,Fiorentina,322630,Giovanni Fabbian,M,45,6.3,,0.0,1.0,1.0,11,9.0,81.8,,1.0,,1.0,0,0,2.0,4.0
Fiorentina vs Cagliari,Fiorentina,19128,Jack Harrison,F,31,6.2,,0.0,,,19,13.0,68.4,,,1.0,,0,0,1.0,5.0
Fiorentina vs Cagliari,Fiorentina,1639,Marco Brescianini,M,31,7.3,1.0,0.0,2.0,1.0,19,15.0,78.9,1.0,,,,0,0,3.0,5.0
Fiorentina vs Cagliari,Fiorentina,437093,Niccolò Fortini,D,15,6.7,,0.0,,,4,3.0,75.0,,,,,0,0,,
Fiorentina vs Cagliari,Cagliari,30731,Elia Caprile,G,90,7.2,,0.0,,,34,17.0,50.0,,,,,1,0,1.0,1.0
Fiorentina vs Cagliari,Cagliari,41964,Zé Pedro,D,90,6.2,,0.0,,,28,22.0,78.6,,1.0,3.0,,1,0,1.0,7.0
Fiorentina vs Cagliari,Cagliari,2484,Yerry Mina,D,90,6.9,,0.0,,,20,16.0,80.0,1.0,,2.0,,1,0,3.0,7.0
Fiorentina vs Cagliari,Cagliari,319,Sebastiano Luperto,D,90,6.6,,0.0,,,29,26.0,89.7,,1.0,3.0,1.0,0,0,2.0,5.0
Fiorentina vs Cagliari,Cagliari,383018,Marco Palestra,M,80,8.6,1.0,1.0,2.0,1.0,10,8.0,80.0,2.0,,2.0,1.0,0,0,4.0,8.0
Fiorentina vs Cagliari,Cagliari,30505,Michel Adopo,M,90,7.5,,0.0,1.0,1.0,20,14.0,70.0,3.0,3.0,,3.0,0,0,8.0,11.0
Fiorentina vs Cagliari,Cagliari,325,Gianluca Gaetano,M,90,6.7,,0.0,,,28,22.0,78.6,2.0,1.0,1.0,3.0,0,0,5.0,9.0
Fiorentina vs Cagliari,Cagliari,30780,Luca Mazzitelli,M,80,6.3,,0.0,,,17,14.0,82.4,2.0,,,,0,0,2.0,8.0
Fiorentina vs Cagliari,Cagliari,321744,Adam Obert,M,80,6.9,,0.0,,,14,10.0,71.4,1.0,6.0,,,0,0,1.0,1.0
Fiorentina vs Cagliari,Cagliari,215,Sebastiano Esposito,F,64,6.6,,1.0,2.0,2.0,36,28.0,77.8,2.0,1.0,2.0,,0,0,4.0,11.0
Fiorentina vs Cagliari,Cagliari,336567,Semih Kılıçsoy,F,71,7.9,1.0,0.0,1.0,1.0,18,15.0,83.3,,,1.0,2.0,0,0,4.0,6.0
Fiorentina vs Cagliari,Cagliari,353609,Ibrahim Sulemana,M,26,6.2,,0.0,,,3,3.0,100.0,,2.0,1.0,,0,0,,2.0
Fiorentina vs Cagliari,Cagliari,31499,Gennaro Borrelli,F,19,6.9,,0.0,1.0,1.0,4,2.0,50.0,,1.0,2.0,1.0,0,0,2.0,4.0
Fiorentina vs Cagliari,Cagliari,200,Gabriele Zappa,D,10,6.9,,0.0,,,4,3.0,75.0,,,,,0,0,,
Fiorentina vs Cagliari,Cagliari,383026,Riyad Idrissi,D,10,6.7,,0.0,,,4,2.0,50.0,,,,,0,0,,
Fiorentina vs Cagliari,Cagliari,309388,Matteo Prati,M,10,6.7,,0.0,,,3,2.0,66.7,1.0,1.0,,,0,0,1.0,2.0
Lecce vs Lazio,Lecce,56459,Wladimiro Falcone,G,90,7.2,,0.0,,,24,12.0,50.0,,,,1.0,0,0,1.0,1.0
Lecce vs Lazio,Lecce,161702,Danilo Veiga,D,90,7.5,,0.0,1.0,,34,24.0,70.6,3.0,,1.0,1.0,1,0,7.0,8.0
Lecce vs Lazio,Lecce,455316,Tiago Gabriel,D,90,7.2,,0.0,,,33,29.0,87.9,2.0,2.0,2.0,,1,0,6.0,10.0
Lecce vs Lazio,Lecce,203219,Jamil Siebert,D,90,7.5,,0.0,,,50,39.0,78.0,1.0,,,,0,0,5.0,6.0
Lecce vs Lazio,Lecce,31543,Antonino Gallo,D,90,6.9,,0.0,,,32,27.0,84.4,1.0,,1.0,,0,0,1.0,5.0
Lecce vs Lazio,Lecce,15673,Ylber Ramadani,M,90,7.9,,0.0,2.0,,44,39.0,88.6,8.0,,3.0,1.0,0,0,10.0,18.0
Lecce vs Lazio,Lecce,1748,Lassana Coulibaly,M,90,6.9,,0.0,2.0,1.0,37,35.0,94.6,2.0,2.0,,,0,0,3.0,6.0
Lecce vs Lazio,Lecce,6662,Santiago Pierotti,M,89,7,,0.0,1.0,,20,16.0,80.0,5.0,3.0,2.0,,0,0,8.0,15.0
Lecce vs Lazio,Lecce,126974,Omri Gandelman,M,90,6.7,,0.0,,,35,23.0,65.7,,,1.0,,0,0,7.0,12.0
Lecce vs Lazio,Lecce,118956,Lameck Banda,M,64,6.3,,0.0,,,12,12.0,100.0,1.0,1.0,5.0,2.0,0,0,5.0,14.0
Lecce vs Lazio,Lecce,264122,Nikola Štulić,F,64,6,,0.0,,,11,9.0,81.8,,1.0,,,0,0,,5.0
Lecce vs Lazio,Lecce,31507,Riccardo Sottil,F,26,7,,0.0,1.0,1.0,4,2.0,50.0,,,1.0,,0,0,1.0,2.0
Lecce vs Lazio,Lecce,128478,Walid Cheddira,F,26,6.3,,0.0,1.0,,6,3.0,50.0,1.0,,,,0,0,2.0,4.0
Lecce vs Lazio,Lazio,31037,Ivan Provedel,G,90,7.3,,0.0,,,37,29.0,78.4,,,,,0,0,1.0,1.0
Lecce vs Lazio,Lazio,30866,Manuel Lazzari,D,73,6.9,,0.0,,,25,20.0,80.0,,,,2.0,0,0,4.0,6.0
Lecce vs Lazio,Lazio,162952,Mario Gila Fuentes,D,64,8.3,,0.0,,,59,55.0,93.2,2.0,,1.0,2.0,0,0,6.0,7.0
Lecce vs Lazio,Lazio,1632,Alessio Romagnoli,D,90,7.9,,0.0,,,109,100.0,91.7,1.0,3.0,1.0,1.0,0,0,6.0,8.0
Lecce vs Lazio,Lazio,1844,Adam Marušić,D,90,6.7,,0.0,,,48,38.0,79.2,1.0,,,,0,0,3.0,9.0
Lecce vs Lazio,Lazio,1266,Toma Bašić,M,90,6.7,,0.0,,,55,47.0,85.5,,,,,0,0,2.0,6.0
Lecce vs Lazio,Lazio,211,Matías Vecino,M,64,6.6,,0.0,,,39,37.0,94.9,2.0,,1.0,,0,0,2.0,8.0
Lecce vs Lazio,Lazio,38749,Kenneth Taylor,M,90,6.5,,0.0,1.0,,46,40.0,87.0,2.0,,1.0,1.0,0,0,4.0,13.0
Lecce vs Lazio,Lazio,286474,Matteo Cancellieri,F,81,6.9,,0.0,,,22,11.0,50.0,1.0,,,3.0,0,0,6.0,7.0
Lecce vs Lazio,Lazio,22015,Boulaye Dia,F,64,6.3,,0.0,1.0,1.0,23,19.0,82.6,2.0,,1.0,1.0,0,0,5.0,12.0
Lecce vs Lazio,Lazio,30937,Mattia Zaccagni,F,90,6.3,,0.0,1.0,,36,30.0,83.3,1.0,,,3.0,0,0,5.0,14.0
Lecce vs Lazio,Lazio,350857,Oliver Provstgaard,D,26,6.7,,0.0,,,25,21.0,84.0,,,1.0,,1,0,2.0,5.0
Lecce vs Lazio,Lazio,144740,Fisayo Dele-Bashiru,M,26,6.3,,0.0,,,11,8.0,72.7,,,,,0,0,,
Lecce vs Lazio,Lazio,301763,Petar Ratkov,F,26,6.3,,0.0,,,6,4.0,66.7,,,,1.0,0,0,2.0,4.0
Lecce vs Lazio,Lazio,30554,Luca Pellegrini,D,17,6.7,,0.0,,,12,9.0,75.0,,1.0,,,0,0,,2.0
Lecce vs Lazio,Lazio,135519,Gustav Isaksen,F,9,6.6,,0.0,,,6,6.0,100.0,,,,1.0,0,0,2.0,4.0
Sassuolo vs Cremonese,Sassuolo,616,Arijanet Murić,G,90,7.7,,0.0,,,30,16.0,53.3,,,,,0,0,,
Sassuolo vs Cremonese,Sassuolo,40582,Sebastian Walukiewicz,D,90,7.5,,0.0,1.0,,29,26.0,89.7,1.0,,,1.0,0,0,4.0,6.0
Sassuolo vs Cremonese,Sassuolo,37651,Jay Idzes,D,90,6.9,,0.0,,,38,34.0,89.5,,,2.0,,0,0,,3.0
Sassuolo vs Cremonese,Sassuolo,271350,Tarik Muharemović,D,90,7.3,,0.0,,,38,32.0,84.2,1.0,1.0,,2.0,0,0,5.0,5.0
Sassuolo vs Cremonese,Sassuolo,135526,Josh Doig,D,90,7.2,,0.0,2.0,1.0,35,31.0,88.6,1.0,2.0,,,0,0,1.0,5.0
Sassuolo vs Cremonese,Sassuolo,343562,Luca Lipani,M,59,6.6,,0.0,,,16,10.0,62.5,2.0,,2.0,,0,0,2.0,5.0
Sassuolo vs Cremonese,Sassuolo,902,Nemanja Matić,M,90,7.6,,0.0,,,69,57.0,82.6,2.0,2.0,1.0,2.0,0,0,4.0,5.0
Sassuolo vs Cremonese,Sassuolo,328046,Ismael Koné,M,84,7.2,,0.0,,,43,40.0,93.0,2.0,,,1.0,0,0,5.0,6.0
Sassuolo vs Cremonese,Sassuolo,263699,Alieu Fadera,F,59,7,1.0,0.0,1.0,1.0,8,5.0,62.5,1.0,2.0,1.0,2.0,0,0,3.0,7.0
Sassuolo vs Cremonese,Sassuolo,31440,Luca Moro,F,71,6.3,,0.0,2.0,1.0,10,7.0,70.0,,,2.0,3.0,0,0,7.0,14.0
Sassuolo vs Cremonese,Sassuolo,2215,Armand Laurienté,F,71,6.9,,0.0,4.0,3.0,20,17.0,85.0,,1.0,1.0,,1,0,4.0,9.0
Sassuolo vs Cremonese,Sassuolo,39143,Kristian Thorstvedt,M,31,6.9,,0.0,,,17,15.0,88.2,1.0,1.0,,2.0,0,0,3.0,4.0
Sassuolo vs Cremonese,Sassuolo,30537,Domenico Berardi,F,31,6.5,,0.0,,,10,9.0,90.0,1.0,,4.0,1.0,0,0,3.0,10.0
Sassuolo vs Cremonese,Sassuolo,31094,Andrea Pinamonti,F,19,6.5,,0.0,,,5,4.0,80.0,,,,,0,0,1.0,4.0
Sassuolo vs Cremonese,Sassuolo,30849,Nicholas Pierini,F,19,6.5,,0.0,2.0,1.0,6,6.0,100.0,,,,,0,0,,2.0
Sassuolo vs Cremonese,Sassuolo,281291,Edoardo Iannoni,M,13,6.3,,0.0,,,3,2.0,66.7,,1.0,,,0,0,,1.0
Sassuolo vs Cremonese,Cremonese,30441,Emil Audero,G,90,6.9,,0.0,,,25,14.0,56.0,,,,,0,0,,
Sassuolo vs Cremonese,Cremonese,264472,Filippo Terracciano,D,81,6.3,,0.0,,,46,38.0,82.6,1.0,2.0,,,0,0,1.0,5.0
Sassuolo vs Cremonese,Cremonese,127035,Federico Baschirotto,D,90,6.7,,0.0,,,64,53.0,82.8,,,2.0,3.0,0,0,6.0,11.0
Sassuolo vs Cremonese,Cremonese,30919,Matteo Bianchetti,D,81,7,,0.0,1.0,,64,54.0,84.4,4.0,,1.0,,0,0,5.0,7.0
Sassuolo vs Cremonese,Cremonese,126980,Tommaso Barbieri,M,45,6.3,,0.0,,,14,9.0,64.3,2.0,,1.0,,1,0,3.0,5.0
Sassuolo vs Cremonese,Cremonese,126889,Michele Collocolo,M,23,6.3,,0.0,,,9,7.0,77.8,,,,,0,0,,2.0
Sassuolo vs Cremonese,Cremonese,31021,Alberto Grassi,M,67,6.6,,0.0,,,32,28.0,87.5,1.0,,1.0,1.0,0,0,2.0,3.0
Sassuolo vs Cremonese,Cremonese,31211,Jari Vandeputte,M,90,6.6,,0.0,,,49,40.0,81.6,2.0,1.0,2.0,2.0,0,0,4.0,9.0
Sassuolo vs Cremonese,Cremonese,30775,Giuseppe Pezzella,M,90,7.3,,0.0,,,30,24.0,80.0,4.0,2.0,3.0,4.0,1,0,10.0,15.0
Sassuolo vs Cremonese,Cremonese,31436,Federico Bonazzoli,F,90,6.7,,0.0,2.0,2.0,40,37.0,92.5,,,1.0,,0,0,,4.0
Sassuolo vs Cremonese,Cremonese,18788,Jamie Vardy,F,90,6.2,,0.0,2.0,1.0,9,7.0,77.8,,1.0,,1.0,0,0,2.0,4.0
Sassuolo vs Cremonese,Cremonese,31219,Alessio Zerbin,F,67,6,,0.0,1.0,1.0,25,21.0,84.0,1.0,,2.0,,0,0,1.0,6.0
Sassuolo vs Cremonese,Cremonese,36986,Dennis Johnsen,F,45,6.6,,0.0,,,10,5.0,50.0,2.0,,,1.0,0,0,4.0,6.0
Sassuolo vs Cremonese,Cremonese,342651,Romano Floriani Mussolini,D,23,6.9,,0.0,,,6,5.0,83.3,3.0,,1.0,,0,0,5.0,8.0
Sassuolo vs Cremonese,Cremonese,237249,Mikayil Faye,D,9,6.6,,0.0,,,13,9.0,69.2,,,,,0,0,,
Sassuolo vs Cremonese,Cremonese,385788,Francesco Folino,D,9,6.9,,0.0,,,8,7.0,87.5,,,,1.0,0,0,1.0,1.0
Genoa vs Bologna,Genoa,37137,Justin Bijlow,G,90,6,,0.0,,,39,24.0,61.5,,,,1.0,0,0,1.0,1.0
Genoa vs Bologna,Genoa,281826,Alessandro Marcandalli,D,90,6.9,,2.0,,,43,37.0,86.0,,1.0,2.0,1.0,1,0,2.0,5.0
Genoa vs Bologna,Genoa,387128,Sebastian Otoa,D,90,6.3,,0.0,1.0,1.0,43,40.0,93.0,,2.0,1.0,2.0,0,0,6.0,8.0
Genoa vs Bologna,Genoa,35544,Johan Vásquez,D,73,6.5,,0.0,,,32,25.0,78.1,1.0,1.0,,2.0,0,0,4.0,5.0
Genoa vs Bologna,Genoa,284570,Brooke Norton-Cuffy,M,89,7,,0.0,,,26,18.0,69.2,,,,,0,0,4.0,7.0
Genoa vs Bologna,Genoa,281408,Vitinha,M,73,6.5,,0.0,1.0,,15,7.0,46.7,,,1.0,2.0,0,0,7.0,16.0
Genoa vs Bologna,Genoa,15881,Morten Frendrup,M,90,6.9,,0.0,,,31,25.0,80.6,3.0,,1.0,3.0,0,0,6.0,9.0
Genoa vs Bologna,Genoa,89520,Mikael Ellertsson,M,90,6.6,,0.0,,,20,16.0,80.0,,,,1.0,0,0,1.0,3.0
Genoa vs Bologna,Genoa,25914,Aarón Martín,M,55,6.5,,0.0,,,10,7.0,70.0,,,3.0,2.0,0,0,3.0,7.0
Genoa vs Bologna,Genoa,451504,Jeff Ekhator,F,55,6.6,,0.0,,,9,4.0,44.4,3.0,,,1.0,0,0,5.0,8.0
Genoa vs Bologna,Genoa,263481,Lorenzo Colombo,F,90,6.2,,0.0,,,13,10.0,76.9,,,2.0,1.0,0,0,3.0,9.0
Genoa vs Bologna,Genoa,1938,Ruslan Malinovskyi,M,35,7.6,1.0,0.0,2.0,2.0,23,20.0,87.0,,,2.0,,1,0,1.0,2.0
Genoa vs Bologna,Genoa,56396,Junior Messias,F,35,8.2,1.0,0.0,2.0,2.0,16,12.0,75.0,,,1.0,1.0,0,0,3.0,4.0
Genoa vs Bologna,Genoa,3430,Caleb Ekuban,F,17,8.2,1.0,0.0,1.0,1.0,3,1.0,33.3,1.0,,,,0,0,3.0,3.0
Genoa vs Bologna,Genoa,665,Maxwel Cornet,F,17,6.3,,0.0,,,7,6.0,85.7,1.0,,1.0,,0,0,1.0,5.0
Genoa vs Bologna,Bologna,2998,Łukasz Skorupski,G,56,5.9,,0.0,,,18,13.0,72.2,,,1.0,1.0,0,1,1.0,2.0
Genoa vs Bologna,Bologna,128461,Nadir Zortea,D,90,6,,0.0,,,33,28.0,84.8,,,,2.0,0,0,3.0,5.0
Genoa vs Bologna,Bologna,31099,Nicolò Casale,D,90,6,,0.0,,,27,21.0,77.8,2.0,1.0,1.0,,0,0,6.0,12.0
Genoa vs Bologna,Bologna,39254,Torbjørn Heggem,D,90,6.3,,0.0,1.0,,46,39.0,84.8,,1.0,1.0,,0,0,,2.0
Genoa vs Bologna,Bologna,30553,Charalampos Lykogiannis,D,90,6,,0.0,1.0,1.0,48,34.0,70.8,,1.0,,1.0,0,0,2.0,4.0
Genoa vs Bologna,Bologna,2807,Remo Freuler,M,90,6.9,,0.0,1.0,,55,47.0,85.5,3.0,,1.0,2.0,0,0,7.0,11.0
Genoa vs Bologna,Bologna,44814,Lewis Ferguson,M,90,7.2,1.0,0.0,2.0,1.0,39,32.0,82.1,1.0,1.0,3.0,2.0,0,0,5.0,14.0
Genoa vs Bologna,Bologna,278095,Jonathan Rowe,M,73,6.6,,0.0,1.0,1.0,14,12.0,85.7,,,3.0,1.0,0,0,1.0,6.0
Genoa vs Bologna,Bologna,30542,Jens Odgaard,M,73,6.5,,0.0,,,20,13.0,65.0,2.0,,2.0,1.0,0,0,7.0,14.0
Genoa vs Bologna,Bologna,347265,Benjamín Domínguez,M,61,7.2,,1.0,,,15,13.0,86.7,1.0,,,1.0,0,0,4.0,6.0
Genoa vs Bologna,Bologna,1863,Ciro Immobile,F,73,5.6,,0.0,1.0,,17,14.0,82.4,1.0,,3.0,,1,0,1.0,8.0
Genoa vs Bologna,Bologna,31098,Federico Ravaglia,G,29,6.2,,0.0,,,15,4.0,26.7,,,,,1,0,1.0,1.0
Genoa vs Bologna,Bologna,287564,Martin Vitík,D,17,6.5,,0.0,,,3,3.0,100.0,2.0,,1.0,1.0,0,0,3.0,5.0
Genoa vs Bologna,Bologna,1014,Simon Sohm,M,17,6.5,,0.0,,,2,2.0,100.0,,,,1.0,0,0,1.0,1.0
Genoa vs Bologna,Bologna,93016,Thijs Dallinga,F,17,6.2,,0.0,,,6,4.0,66.7,,1.0,1.0,,0,0,,1.0
Atalanta vs Parma,Atalanta,30417,Marco Carnesecchi,G,90,8.3,,0.0,,,32,21.0,65.6,,,,,0,0,,
Atalanta vs Parma,Atalanta,289761,Giorgio Scalvini,D,90,7.9,,0.0,,,60,53.0,88.3,1.0,4.0,2.0,1.0,0,0,5.0,11.0
Atalanta vs Parma,Atalanta,30421,Berat Djimsiti,D,45,6.9,,0.0,,,36,34.0,94.4,,1.0,,,0,0,,
Atalanta vs Parma,Atalanta,453906,Honest Ahanor,D,90,7.2,,0.0,1.0,1.0,38,32.0,84.2,,2.0,2.0,1.0,0,0,3.0,6.0
Atalanta vs Parma,Atalanta,2286,Davide Zappacosta,M,90,6.5,,0.0,,,34,27.0,79.4,1.0,,,,0,0,1.0,4.0
Atalanta vs Parma,Atalanta,30432,Marten de Roon,M,79,8.2,1.0,0.0,1.0,1.0,53,46.0,86.8,,1.0,1.0,,0,0,2.0,4.0
Atalanta vs Parma,Atalanta,10097,Éderson,M,90,7,,0.0,1.0,,41,36.0,87.8,2.0,2.0,4.0,1.0,0,0,5.0,12.0
Atalanta vs Parma,Atalanta,203474,Nicola Zalewski,M,61,7.3,,0.0,,,25,21.0,84.0,,1.0,,2.0,0,0,4.0,7.0
Atalanta vs Parma,Atalanta,147859,Charles De Ketelaere,F,72,8.3,,1.0,1.0,1.0,30,26.0,86.7,1.0,,,1.0,0,0,6.0,10.0
Atalanta vs Parma,Atalanta,30543,Giacomo Raspadori,F,90,7.5,1.0,0.0,2.0,2.0,26,21.0,80.8,1.0,,,,0,0,2.0,7.0
Atalanta vs Parma,Atalanta,30544,Gianluca Scamacca,F,61,6.3,1.0,0.0,3.0,2.0,14,12.0,85.7,1.0,,2.0,,1,0,3.0,8.0
Atalanta vs Parma,Atalanta,137976,Isak Hien,D,45,6.9,,0.0,1.0,1.0,14,13.0,92.9,2.0,3.0,1.0,,0,0,2.0,5.0
Atalanta vs Parma,Atalanta,264857,Lorenzo Bernasconi,D,29,7.2,,0.0,,,6,5.0,83.3,,,,,0,0,1.0,1.0
Atalanta vs Parma,Atalanta,66817,Nikola Krstović,F,29,8.3,1.0,1.0,2.0,1.0,5,5.0,100.0,,,1.0,,0,0,2.0,6.0
Atalanta vs Parma,Atalanta,2763,Mario Pašalić,M,18,6.9,,0.0,,,10,9.0,90.0,1.0,,1.0,,0,0,1.0,3.0
Atalanta vs Parma,Atalanta,18767,Ademola Lookman,F,11,6.3,,0.0,,,5,4.0,80.0,,,,,0,0,,
Atalanta vs Parma,Parma,180762,Edoardo Corvi,G,90,6.6,,0.0,,,30,21.0,70.0,,,,,0,0,,
Atalanta vs Parma,Parma,348568,Alessandro Circati,D,45,6.2,,0.0,1.0,,31,23.0,74.2,1.0,,1.0,,0,0,2.0,3.0
Atalanta vs Parma,Parma,428237,Mariano Troilo,D,90,7.9,,0.0,1.0,,49,45.0,91.8,4.0,3.0,,1.0,0,0,8.0,11.0
Atalanta vs Parma,Parma,6221,Lautaro Valenti,D,90,6.7,,0.0,,,53,43.0,81.1,5.0,,1.0,,0,0,7.0,10.0
Atalanta vs Parma,Parma,499380,Sascha Britschgi,M,90,6,,0.0,,,31,25.0,80.6,1.0,,1.0,,0,0,3.0,7.0
Atalanta vs Parma,Parma,308836,Mandela Keita,M,85,7.3,,0.0,1.0,,41,39.0,95.1,2.0,,2.0,4.0,0,0,6.0,10.0
Atalanta vs Parma,Parma,6409,Nahuel Estévez,M,45,6.5,,0.0,,,29,22.0,75.9,,,,,0,0,1.0,3.0
Atalanta vs Parma,Parma,30420,Enrico Del Prato,M,90,7,,0.0,,,39,32.0,82.1,,2.0,,,0,0,3.0,6.0
Atalanta vs Parma,Parma,628,Adrián Bernabé,F,90,8,,0.0,,,71,56.0,78.9,1.0,1.0,1.0,3.0,0,0,4.0,7.0
Atalanta vs Parma,Parma,161569,Oliver Sørensen,F,64,6.3,,0.0,,,16,14.0,87.5,,,,,0,0,1.0,4.0
Atalanta vs Parma,Parma,40592,Adrian Benedyczak,F,45,6.6,,0.0,1.0,1.0,7,7.0,100.0,,,,,0,0,2.0,6.0
Atalanta vs Parma,Parma,91358,Emanuele Valeri,D,45,6,,0.0,,,21,13.0,61.9,,,,,0,0,1.0,3.0
Atalanta vs Parma,Parma,292172,Mateo Pellegrino,F,45,6.9,,0.0,3.0,1.0,8,8.0,100.0,,,1.0,3.0,0,0,4.0,5.0
Atalanta vs Parma,Parma,161859,Gaetano Oristanio,M,45,7,,0.0,2.0,,10,8.0,80.0,,,1.0,1.0,0,0,2.0,3.0
Atalanta vs Parma,Parma,191979,Jacob Ondrejka,F,26,6.6,,0.0,1.0,,13,11.0,84.6,,,,1.0,0,0,3.0,5.0
Atalanta vs Parma,Parma,362752,Christian Ordoñez,M,9,6.3,,0.0,,,8,8.0,100.0,,,,,0,0,,1.0
Juventus vs Napoli,Juventus,30670,Michele Di Gregorio,G,90,6.9,,0.0,,,14,8.0,57.1,,,,1.0,0,0,1.0,1.0
Juventus vs Napoli,Juventus,162188,Pierre Kalulu,D,90,7.9,,0.0,,,46,40.0,87.0,3.0,2.0,,1.0,0,0,6.0,6.0
Juventus vs Napoli,Juventus,30497,Bremer,D,90,6.7,,0.0,,,35,25.0,71.4,,1.0,1.0,,0,0,2.0,5.0
Juventus vs Napoli,Juventus,19263,Lloyd Kelly,D,90,7.2,,0.0,,,42,34.0,81.0,3.0,1.0,1.0,,0,0,4.0,7.0
Juventus vs Napoli,Juventus,415,Weston McKennie,M,90,6.7,,0.0,1.0,,31,21.0,67.7,2.0,,2.0,,0,0,4.0,8.0
Juventus vs Napoli,Juventus,30533,Manuel Locatelli,M,87,8.2,,1.0,1.0,1.0,69,64.0,92.8,3.0,1.0,4.0,2.0,0,0,6.0,11.0
Juventus vs Napoli,Juventus,116,Khéphren Thuram,M,90,7.9,,0.0,1.0,,54,48.0,88.9,8.0,,3.0,,0,0,9.0,16.0
Juventus vs Napoli,Juventus,127011,Andrea Cambiaso,M,60,6.9,,0.0,,,31,26.0,83.9,2.0,,,1.0,0,0,3.0,8.0
Juventus vs Napoli,Juventus,161585,Francisco Conceição,F,60,6.3,,0.0,1.0,1.0,25,23.0,92.0,3.0,1.0,,,0,0,3.0,3.0
Juventus vs Napoli,Juventus,339883,Kenan Yıldız,F,87,7.9,1.0,0.0,2.0,1.0,35,31.0,88.6,,,4.0,1.0,1,0,1.0,7.0
Juventus vs Napoli,Juventus,8489,Jonathan David,F,76,7.3,1.0,0.0,2.0,2.0,22,15.0,68.2,1.0,,5.0,4.0,0,0,5.0,13.0
Juventus vs Napoli,Juventus,125674,Juan Cabal,D,30,6.9,,0.0,,,10,9.0,90.0,1.0,1.0,,,0,0,2.0,2.0
Juventus vs Napoli,Juventus,1821,Filip Kostić,M,30,7.9,1.0,0.0,1.0,1.0,11,11.0,100.0,,,1.0,,0,0,,1.0
Juventus vs Napoli,Juventus,181808,Fabio Miretti,M,14,6.9,,1.0,,,12,11.0,91.7,,,,1.0,0,0,1.0,1.0
Juventus vs Napoli,Juventus,268341,Federico Gatti,D,3,,,0.0,,,4,4.0,100.0,,,,,0,0,,
Juventus vs Napoli,Juventus,36899,Teun Koopmeiners,M,3,,,0.0,,,5,4.0,80.0,,2.0,,,0,0,,
Juventus vs Napoli,Napoli,312,Alex Meret,G,90,5.9,,0.0,,,43,34.0,79.1,,,,,0,0,1.0,1.0
Juventus vs Napoli,Napoli,31042,Giovanni Di Lorenzo,D,90,6.2,,0.0,,,61,57.0,93.4,3.0,,1.0,1.0,0,0,4.0,6.0
Juventus vs Napoli,Napoli,774,Juan Jesus,D,90,6.3,,0.0,,,120,111.0,92.5,1.0,3.0,2.0,1.0,1,0,6.0,9.0
Juventus vs Napoli,Napoli,31226,Alessandro Buongiorno,D,90,7.2,,0.0,,,71,65.0,91.5,,1.0,1.0,1.0,0,0,2.0,5.0
Juventus vs Napoli,Napoli,162032,Miguel Gutiérrez,M,74,6.5,,0.0,1.0,,38,30.0,78.9,2.0,,1.0,2.0,0,0,4.0,7.0
Juventus vs Napoli,Napoli,47439,Stanislav Lobotka,M,90,6.9,,0.0,,,95,91.0,95.8,,2.0,,3.0,0,0,3.0,4.0
Juventus vs Napoli,Napoli,903,Scott McTominay,M,90,6,,0.0,,,51,45.0,88.2,,,,2.0,0,0,3.0,9.0
Juventus vs Napoli,Napoli,862,Leonardo Spinazzola,M,90,6.3,,0.0,,,38,30.0,78.9,,,,1.0,0,0,1.0,3.0
Juventus vs Napoli,Napoli,347395,Antonio Vergara,F,79,6.9,,0.0,1.0,1.0,19,17.0,89.5,4.0,2.0,4.0,3.0,1,0,9.0,20.0
Juventus vs Napoli,Napoli,1358,Eljif Elmas,F,70,6.7,,0.0,,,23,21.0,91.3,1.0,1.0,1.0,3.0,0,0,4.0,9.0
Juventus vs Napoli,Napoli,288006,Rasmus Højlund,F,90,5.6,,0.0,2.0,,22,15.0,68.2,,,1.0,1.0,0,0,3.0,11.0
Juventus vs Napoli,Napoli,312615,Giovane,F,20,6.3,,0.0,,,6,6.0,100.0,,,,2.0,0,0,2.0,5.0
Juventus vs Napoli,Napoli,37604,Sam Beukema,D,16,6,,0.0,,,23,22.0,95.7,,,,,0,0,,
Juventus vs Napoli,Napoli,907,Romelu Lukaku,F,11,6.2,,0.0,1.0,,2,,,,,,,0,0,,
AS Roma vs AC Milan,AS Roma,556,Mile Svilar,G,90,7,,0.0,,,22,16.0,72.7,,,,1.0,0,0,1.0,1.0
AS Roma vs AC Milan,AS Roma,30425,Gianluca Mancini,D,90,6.3,,0.0,,,66,57.0,86.4,1.0,1.0,2.0,,0,0,3.0,8.0
AS Roma vs AC Milan,AS Roma,1807,Evan Ndicka,D,90,7.2,,0.0,,,58,57.0,98.3,,,1.0,1.0,0,0,1.0,2.0
AS Roma vs AC Milan,AS Roma,342019,Daniele Ghilardi,D,90,6.9,,0.0,,,60,54.0,90.0,4.0,2.0,3.0,,0,0,4.0,10.0
AS Roma vs AC Milan,AS Roma,22222,Zeki Çelik,M,90,7,,0.0,1.0,1.0,51,43.0,84.3,1.0,,2.0,1.0,0,0,3.0,9.0
AS Roma vs AC Milan,AS Roma,778,Bryan Cristante,M,90,8,,0.0,1.0,1.0,93,87.0,93.5,,,2.0,,0,0,4.0,6.0
AS Roma vs AC Milan,AS Roma,22147,Manu Koné,M,59,7.2,,0.0,1.0,1.0,37,34.0,91.9,1.0,1.0,2.0,1.0,0,0,4.0,8.0
AS Roma vs AC Milan,AS Roma,349001,Wesley,M,90,6.3,,0.0,,,46,37.0,80.4,2.0,1.0,1.0,1.0,0,0,6.0,14.0
AS Roma vs AC Milan,AS Roma,875,Paulo Dybala,F,69,6.9,,0.0,,,36,28.0,77.8,1.0,,,2.0,0,0,4.0,8.0
AS Roma vs AC Milan,AS Roma,323936,Matías Soulé,F,85,7.2,,0.0,1.0,,55,45.0,81.8,1.0,1.0,,,0,0,3.0,3.0
AS Roma vs AC Milan,AS Roma,249,Donyell Malen,F,69,5.9,,0.0,5.0,3.0,9,8.0,88.9,,,1.0,,0,0,3.0,11.0
AS Roma vs AC Milan,AS Roma,356888,Niccolò Pisilli,M,31,6.3,,0.0,,,25,22.0,88.0,1.0,1.0,1.0,,0,0,2.0,4.0
AS Roma vs AC Milan,AS Roma,782,Lorenzo Pellegrini,M,21,7.3,1.0,0.0,1.0,1.0,17,14.0,82.4,,2.0,,1.0,0,0,2.0,5.0
AS Roma vs AC Milan,AS Roma,435482,Robinio Vaz,F,21,6.3,,0.0,,,4,3.0,75.0,,1.0,,2.0,0,0,2.0,3.0
AS Roma vs AC Milan,AS Roma,452033,Lorenzo Venturino,F,9,6.7,,0.0,,,7,6.0,85.7,,,,,0,0,1.0,1.0
AS Roma vs AC Milan,AC Milan,22221,Mike Maignan,G,90,8.7,,0.0,,,47,37.0,78.7,,1.0,,,1,0,1.0,1.0
AS Roma vs AC Milan,AC Milan,19209,Fikayo Tomori,D,90,6.7,,0.0,,,46,38.0,82.6,4.0,,1.0,,0,0,4.0,8.0
AS Roma vs AC Milan,AC Milan,56473,Matteo Gabbia,D,90,6.9,,0.0,,,48,41.0,85.4,2.0,1.0,,,0,0,3.0,6.0
AS Roma vs AC Milan,AC Milan,162141,Koni De Winter,D,90,7.6,1.0,0.0,1.0,1.0,56,52.0,92.9,2.0,,2.0,,0,0,3.0,7.0
AS Roma vs AC Milan,AC Milan,1417,Alexis Saelemaekers,M,45,6.3,,0.0,1.0,,11,7.0,63.6,1.0,2.0,1.0,,0,0,2.0,4.0
AS Roma vs AC Milan,AC Milan,31056,Samuele Ricci,M,79,6.7,,0.0,,,28,25.0,89.3,,2.0,,2.0,0,0,2.0,4.0
AS Roma vs AC Milan,AC Milan,754,Luka Modrić,M,90,7.9,,1.0,,,57,51.0,89.5,3.0,3.0,1.0,3.0,1,0,6.0,10.0
AS Roma vs AC Milan,AC Milan,272,Adrien Rabiot,M,90,6.9,,0.0,1.0,1.0,36,29.0,80.6,2.0,,2.0,3.0,1,0,7.0,15.0
AS Roma vs AC Milan,AC Milan,374359,Davide Bartesaghi,M,90,6.7,,0.0,,,43,33.0,76.7,2.0,,2.0,,0,0,5.0,8.0
AS Roma vs AC Milan,AC Milan,269,Christopher Nkunku,F,69,6.6,,0.0,,,6,6.0,100.0,1.0,,1.0,1.0,0,0,2.0,4.0
AS Roma vs AC Milan,AC Milan,22236,Rafael Leão,F,68,6.9,,0.0,,,29,22.0,75.9,1.0,,,2.0,0,0,6.0,7.0
AS Roma vs AC Milan,AC Milan,396380,Zachary Athekame,D,45,6,,0.0,,,15,11.0,73.3,1.0,,1.0,1.0,1,0,2.0,5.0
AS Roma vs AC Milan,AC Milan,25391,Niclas Füllkrug,F,22,6.3,,0.0,1.0,,6,3.0,50.0,1.0,,,1.0,0,0,3.0,7.0
AS Roma vs AC Milan,AC Milan,17,Christian Pulišić,M,21,6.5,,0.0,,,4,3.0,75.0,,,,1.0,0,0,2.0,4.0
AS Roma vs AC Milan,AC Milan,2292,Ruben Loftus-Cheek,M,11,6.6,,0.0,,,2,1.0,50.0,1.0,,,1.0,0,0,2.0,3.0
Hellas Verona vs Udinese,Hellas Verona,31383,Simone Perilli,G,90,5.7,,0.0,,,31,11.0,35.5,,,,,0,0,,
Hellas Verona vs Udinese,Hellas Verona,368129,Tobias Slotsager,D,90,6.2,,0.0,,,44,38.0,86.4,5.0,1.0,,,0,0,7.0,8.0
Hellas Verona vs Udinese,Hellas Verona,15912,Victor Nelsson,D,90,6.2,,0.0,,,39,32.0,82.1,4.0,2.0,,1.0,0,0,9.0,15.0
Hellas Verona vs Udinese,Hellas Verona,20656,Enzo Ebosse,D,90,5.9,,0.0,,,46,41.0,89.1,,,1.0,,0,0,,3.0
Hellas Verona vs Udinese,Hellas Verona,30525,Pol Lirola,M,68,6.3,,0.0,,,28,19.0,67.9,2.0,,1.0,,1,0,3.0,7.0
Hellas Verona vs Udinese,Hellas Verona,203,Roberto Gagliardini,M,90,8.2,,0.0,,,61,50.0,82.0,9.0,4.0,2.0,1.0,1,0,15.0,19.0
Hellas Verona vs Udinese,Hellas Verona,418,Suat Serdar,M,68,6.2,,0.0,,,23,15.0,65.2,1.0,1.0,,1.0,0,0,2.0,8.0
Hellas Verona vs Udinese,Hellas Verona,14327,Domagoj Bradarić,M,84,6.3,,0.0,1.0,1.0,21,16.0,76.2,,,,,0,0,,2.0
Hellas Verona vs Udinese,Hellas Verona,236955,Amin Sarr,F,71,6.7,,1.0,1.0,,14,11.0,78.6,1.0,,1.0,1.0,0,0,5.0,15.0
Hellas Verona vs Udinese,Hellas Verona,1090,Antoine Bernede,F,84,6.2,,0.0,,,39,32.0,82.1,1.0,,2.0,,0,0,2.0,10.0
Hellas Verona vs Udinese,Hellas Verona,368260,Gift Orban,F,90,8,1.0,0.0,3.0,3.0,20,16.0,80.0,,,,2.0,0,0,6.0,16.0
Hellas Verona vs Udinese,Hellas Verona,22239,Cheikh Niasse,M,22,6.9,,0.0,,,23,21.0,91.3,,1.0,,2.0,0,0,4.0,5.0
Hellas Verona vs Udinese,Hellas Verona,37437,Abdou Harroui,M,22,6.9,,0.0,,,18,16.0,88.9,1.0,,1.0,,0,0,3.0,6.0
Hellas Verona vs Udinese,Hellas Verona,414281,Isaac,F,19,6.3,,0.0,,,15,13.0,86.7,,,,,0,0,2.0,3.0
Hellas Verona vs Udinese,Hellas Verona,153408,Daniel Oyegoke,D,11,6.6,,0.0,,,6,4.0,66.7,,,,1.0,0,0,1.0,1.0
Hellas Verona vs Udinese,Hellas Verona,867,Grigoris Kastanos,M,11,6.3,,0.0,,,6,5.0,83.3,1.0,,,,0,0,1.0,3.0
Hellas Verona vs Udinese,Udinese,143648,Maduka Okoye,G,90,7.3,,0.0,,,21,12.0,57.1,,,,,0,0,,
Hellas Verona vs Udinese,Udinese,656,Oumar Solet,D,90,7.2,,0.0,,,55,49.0,89.1,4.0,6.0,2.0,1.0,0,0,9.0,17.0
Hellas Verona vs Udinese,Udinese,281495,Thomas Kristensen,D,90,6.9,,0.0,,,60,54.0,90.0,,,1.0,,0,0,7.0,11.0
Hellas Verona vs Udinese,Udinese,315249,Nicolò Bertola,D,90,6.3,,0.0,,,45,36.0,80.0,1.0,1.0,2.0,1.0,0,0,4.0,8.0
Hellas Verona vs Udinese,Udinese,162907,Alessandro Zanoli,M,77,8.2,1.0,0.0,2.0,1.0,12,10.0,83.3,,,,,0,0,3.0,3.0
Hellas Verona vs Udinese,Udinese,343558,Lennon Miller,M,77,6.9,,0.0,,,33,23.0,69.7,4.0,,,,0,0,8.0,12.0
Hellas Verona vs Udinese,Udinese,48047,Jesper Karlström,M,90,7,,0.0,1.0,,56,51.0,91.1,1.0,,,1.0,0,0,3.0,7.0
Hellas Verona vs Udinese,Udinese,19824,Jordan Zemura,M,89,6.3,,1.0,2.0,1.0,17,16.0,94.1,2.0,1.0,3.0,1.0,0,0,4.0,15.0
Hellas Verona vs Udinese,Udinese,541,Jürgen Ekkelenkamp,F,84,6.9,,0.0,1.0,1.0,22,18.0,81.8,3.0,,,,0,0,5.0,5.0
Hellas Verona vs Udinese,Udinese,347644,Arthur Atta,F,90,8.3,1.0,1.0,4.0,3.0,25,21.0,84.0,,1.0,,1.0,0,0,4.0,13.0
Hellas Verona vs Udinese,Udinese,19185,Keinan Davis,F,84,8.2,1.0,0.0,2.0,1.0,26,23.0,88.5,,,2.0,2.0,0,0,11.0,19.0
Hellas Verona vs Udinese,Udinese,36916,Kingsley Ehizibue,D,13,6.7,,0.0,,,2,1.0,50.0,1.0,,,,0,0,1.0,3.0
Hellas Verona vs Udinese,Udinese,182560,Oier Zarraga,M,13,6.3,,0.0,,,2,2.0,100.0,,,,,0,0,,1.0
Hellas Verona vs Udinese,Udinese,7591,Sandi Lovrić,M,11,6.2,,0.0,1.0,,3,3.0,100.0,,1.0,1.0,,0,0,,2.0
Hellas Verona vs Udinese,Udinese,434410,Idrissa Gueye,F,11,6.3,,0.0,,,3,2.0,66.7,1.0,,,,0,0,2.0,5.0
Lazio vs Genoa,Lazio,31037,Ivan Provedel,G,90,6.6,,0.0,,,33,27.0,81.8,,,,,1,0,,
Lazio vs Genoa,Lazio,1844,Adam Marušić,D,90,6.6,,0.0,1.0,,44,42.0,95.5,1.0,1.0,1.0,1.0,0,0,3.0,7.0
Lazio vs Genoa,Lazio,162952,Mario Gila Fuentes,D,90,6.9,,0.0,,,71,65.0,91.5,1.0,,1.0,,0,0,5.0,8.0
Lazio vs Genoa,Lazio,350857,Oliver Provstgaard,D,90,7.2,,0.0,,,64,61.0,95.3,1.0,,,,0,0,5.0,5.0
Lazio vs Genoa,Lazio,30554,Luca Pellegrini,D,81,6.5,,0.0,,,41,32.0,78.0,2.0,3.0,1.0,,1,0,3.0,4.0
Lazio vs Genoa,Lazio,1266,Toma Bašić,M,90,6.2,,0.0,2.0,,36,33.0,91.7,1.0,,2.0,,0,0,2.0,7.0
Lazio vs Genoa,Lazio,1852,Danilo Cataldi,M,90,6.9,1.0,0.0,1.0,1.0,57,46.0,80.7,1.0,1.0,,1.0,0,0,2.0,4.0
Lazio vs Genoa,Lazio,38749,Kenneth Taylor,M,81,7.2,1.0,0.0,1.0,1.0,39,36.0,92.3,2.0,,2.0,,0,0,2.0,7.0
Lazio vs Genoa,Lazio,135519,Gustav Isaksen,F,87,7.2,,1.0,1.0,1.0,26,21.0,80.8,,,2.0,3.0,0,0,4.0,9.0
Lazio vs Genoa,Lazio,134926,Daniel Maldini,F,73,6.2,,0.0,1.0,,31,25.0,80.6,,,,2.0,0,0,2.0,5.0
Lazio vs Genoa,Lazio,2299,Pedro,F,73,7.2,1.0,0.0,2.0,1.0,41,38.0,92.7,,,2.0,1.0,0,0,1.0,5.0
Lazio vs Genoa,Lazio,301763,Petar Ratkov,F,17,6.3,,0.0,,,5,2.0,40.0,,,,,0,0,2.0,4.0
Lazio vs Genoa,Lazio,286474,Matteo Cancellieri,F,17,6.5,,0.0,,,6,5.0,83.3,,1.0,1.0,,0,0,,3.0
Lazio vs Genoa,Lazio,41577,Nuno Tavares,D,9,6.9,,0.0,,,9,8.0,88.9,,,,1.0,0,0,2.0,2.0
Lazio vs Genoa,Lazio,144740,Fisayo Dele-Bashiru,M,9,6.3,,0.0,,,11,8.0,72.7,,,,,0,0,,1.0
Lazio vs Genoa,Lazio,133729,Tijjani Noslin,F,15,6.3,,0.0,,,7,5.0,71.4,,,,,0,0,,
Lazio vs Genoa,Genoa,37137,Justin Bijlow,G,90,6.7,,0.0,,,57,50.0,87.7,,,,,0,0,,
Lazio vs Genoa,Genoa,281826,Alessandro Marcandalli,D,90,5.9,,0.0,,,34,23.0,67.6,,3.0,,,0,0,1.0,2.0
Lazio vs Genoa,Genoa,18967,Leo Østigård,D,90,5.6,,0.0,,,78,68.0,87.2,,1.0,4.0,,1,0,2.0,7.0
Lazio vs Genoa,Genoa,35544,Johan Vásquez,D,90,6,,0.0,,,74,67.0,90.5,1.0,1.0,,,0,0,3.0,5.0
Lazio vs Genoa,Genoa,284570,Brooke Norton-Cuffy,M,90,6.5,,0.0,,,13,11.0,84.6,,,1.0,1.0,1,0,2.0,7.0
Lazio vs Genoa,Genoa,1938,Ruslan Malinovskyi,M,87,7.5,1.0,0.0,2.0,1.0,43,38.0,88.4,2.0,,1.0,1.0,1,0,3.0,5.0
Lazio vs Genoa,Genoa,15881,Morten Frendrup,M,90,7.3,,0.0,2.0,1.0,41,40.0,97.6,6.0,1.0,,1.0,0,0,7.0,7.0
Lazio vs Genoa,Genoa,89520,Mikael Ellertsson,M,90,6.5,,0.0,,,14,11.0,78.6,1.0,,1.0,1.0,0,0,4.0,8.0
Lazio vs Genoa,Genoa,25914,Aarón Martín,M,68,6.9,,0.0,,,31,28.0,90.3,1.0,,3.0,2.0,0,0,3.0,4.0
Lazio vs Genoa,Genoa,263481,Lorenzo Colombo,F,81,6,,0.0,,,9,8.0,88.9,,,1.0,,0,0,1.0,8.0
Lazio vs Genoa,Genoa,281408,Vitinha,F,80,7.9,1.0,0.0,2.0,2.0,8,6.0,75.0,1.0,,,1.0,0,0,5.0,7.0
Lazio vs Genoa,Genoa,56396,Junior Messias,F,22,6.9,,0.0,,,3,3.0,100.0,,,,1.0,0,0,3.0,5.0
Lazio vs Genoa,Genoa,665,Maxwel Cornet,F,10,6.6,,0.0,1.0,,4,4.0,100.0,1.0,,1.0,,0,0,2.0,3.0
Lazio vs Genoa,Genoa,3430,Caleb Ekuban,F,9,6.7,,0.0,,,1,,,,,,1.0,0,0,2.0,2.0
Lazio vs Genoa,Genoa,281096,Patrizio Masini,M,15,6.3,,0.0,,,2,2.0,100.0,,,,,0,0,,1.0
Pisa vs Sassuolo,Pisa,50054,Simone Scuffet,G,90,7,,0.0,,,34,23.0,67.6,,,,1.0,0,0,1.0,1.0
Pisa vs Sassuolo,Pisa,91503,Simone Canestrelli,D,45,6.3,,0.0,,,17,12.0,70.6,2.0,,1.0,,0,0,5.0,6.0
Pisa vs Sassuolo,Pisa,31604,Antonio Caracciolo,D,90,6.3,,0.0,1.0,,46,43.0,93.5,4.0,2.0,1.0,,0,0,8.0,12.0
Pisa vs Sassuolo,Pisa,342310,Rosen Bozhinov,D,90,6.9,,0.0,,,66,61.0,92.4,2.0,4.0,1.0,,1,0,5.0,9.0
Pisa vs Sassuolo,Pisa,56293,Idrissa Touré,M,90,6.3,,0.0,1.0,1.0,32,19.0,59.4,2.0,,3.0,,1,0,12.0,21.0
Pisa vs Sassuolo,Pisa,30723,Marius Marin,M,45,6.2,,0.0,,,17,12.0,70.6,1.0,,,1.0,0,0,2.0,5.0
Pisa vs Sassuolo,Pisa,951,Michel Aebischer,M,90,7.9,1.0,0.0,2.0,1.0,77,66.0,85.7,,,2.0,2.0,0,0,2.0,5.0
Pisa vs Sassuolo,Pisa,302069,Samuele Angori,M,85,7,,0.0,,,26,20.0,76.9,2.0,,,2.0,0,0,4.0,5.0
Pisa vs Sassuolo,Pisa,31560,Stefano Moreo,F,69,7.3,,0.0,2.0,1.0,26,23.0,88.5,,,,,0,0,2.0,4.0
Pisa vs Sassuolo,Pisa,20959,Matteo Tramoni,F,90,6.3,,0.0,1.0,,28,21.0,75.0,1.0,,2.0,,1,0,3.0,9.0
Pisa vs Sassuolo,Pisa,331678,Henrik Wendel Meister,F,45,6.2,,0.0,,,7,5.0,71.4,,,1.0,,0,0,3.0,9.0
Pisa vs Sassuolo,Pisa,298165,Felipe Loyola,D,45,6.7,,0.0,1.0,,33,28.0,84.8,1.0,2.0,,,0,0,1.0,2.0
Pisa vs Sassuolo,Pisa,30753,Mehdi Léris,M,45,6.9,,0.0,2.0,2.0,19,13.0,68.4,2.0,1.0,,,0,0,3.0,4.0
Pisa vs Sassuolo,Pisa,341226,Rafiu Durosinmi,F,45,6,,1.0,3.0,1.0,9,4.0,44.4,,,2.0,,0,0,1.0,8.0
Pisa vs Sassuolo,Pisa,123476,Filip Stojilković,F,21,6.5,,0.0,,,2,1.0,50.0,,,,,0,0,,
Pisa vs Sassuolo,Pisa,36910,Calvin Stengs,M,12,6.3,,0.0,,,4,3.0,75.0,1.0,,,,0,0,1.0,3.0
Pisa vs Sassuolo,Sassuolo,616,Arijanet Murić,G,90,6.9,,0.0,,,21,7.0,33.3,,,,,0,0,,
Pisa vs Sassuolo,Sassuolo,40582,Sebastian Walukiewicz,D,90,6.7,,0.0,,,46,38.0,82.6,1.0,,,,0,0,2.0,2.0
Pisa vs Sassuolo,Sassuolo,37651,Jay Idzes,D,90,7.3,,0.0,,,28,26.0,92.9,1.0,2.0,1.0,1.0,0,0,3.0,8.0
Pisa vs Sassuolo,Sassuolo,271350,Tarik Muharemović,D,90,7.2,,0.0,1.0,,33,25.0,75.8,1.0,2.0,,1.0,0,0,5.0,8.0
Pisa vs Sassuolo,Sassuolo,135526,Josh Doig,D,90,6.5,,0.0,,,31,25.0,80.6,1.0,,1.0,1.0,0,0,3.0,7.0
Pisa vs Sassuolo,Sassuolo,39143,Kristian Thorstvedt,M,90,7.5,,1.0,1.0,1.0,40,34.0,85.0,4.0,1.0,,1.0,1,0,7.0,15.0
Pisa vs Sassuolo,Sassuolo,902,Nemanja Matić,M,90,7.2,,1.0,1.0,,55,45.0,81.8,1.0,,,3.0,0,0,7.0,8.0
Pisa vs Sassuolo,Sassuolo,328046,Ismael Koné,M,73,7.7,1.0,0.0,2.0,2.0,23,21.0,91.3,1.0,,1.0,,1,0,2.0,4.0
Pisa vs Sassuolo,Sassuolo,30537,Domenico Berardi,F,84,8,1.0,0.0,5.0,2.0,37,25.0,67.6,1.0,1.0,2.0,2.0,0,0,4.0,8.0
Pisa vs Sassuolo,Sassuolo,31094,Andrea Pinamonti,F,73,6,,0.0,2.0,,9,7.0,77.8,,,,2.0,0,0,4.0,9.0
Pisa vs Sassuolo,Sassuolo,2215,Armand Laurienté,F,73,7.3,,0.0,,,18,14.0,77.8,2.0,,1.0,2.0,0,0,4.0,11.0
Pisa vs Sassuolo,Sassuolo,263699,Alieu Fadera,F,17,6.3,,0.0,,,7,6.0,85.7,,2.0,,,0,0,1.0,7.0
Pisa vs Sassuolo,Sassuolo,343562,Luca Lipani,M,17,6.7,,0.0,1.0,,8,7.0,87.5,,,1.0,,0,0,1.0,3.0
Pisa vs Sassuolo,Sassuolo,31440,Luca Moro,F,17,6.6,,0.0,2.0,,8,7.0,87.5,2.0,,1.0,,1,0,6.0,9.0
Pisa vs Sassuolo,Sassuolo,342035,Cristian Volpato,M,13,6.7,,0.0,,,7,6.0,85.7,1.0,,,,0,0,1.0,4.0
Napoli vs Fiorentina,Napoli,312,Alex Meret,G,90,7.2,,1.0,,,40,29.0,72.5,,,,,0,0,,
Napoli vs Fiorentina,Napoli,31042,Giovanni Di Lorenzo,D,30,6.9,,0.0,,,23,22.0,95.7,,,,1.0,0,0,1.0,1.0
Napoli vs Fiorentina,Napoli,31226,Alessandro Buongiorno,D,90,6.7,,0.0,,,50,44.0,88.0,,2.0,5.0,3.0,1,0,8.0,13.0
Napoli vs Fiorentina,Napoli,774,Juan Jesus,D,90,6.7,,0.0,,,59,53.0,89.8,2.0,,2.0,,0,0,4.0,8.0
Napoli vs Fiorentina,Napoli,162032,Miguel Gutiérrez,M,90,8,1.0,0.0,2.0,1.0,53,46.0,86.8,1.0,,3.0,1.0,0,0,4.0,7.0
Napoli vs Fiorentina,Napoli,47439,Stanislav Lobotka,M,90,7,,0.0,,,63,60.0,95.2,1.0,,1.0,1.0,0,0,3.0,5.0
Napoli vs Fiorentina,Napoli,903,Scott McTominay,M,90,7.9,,0.0,4.0,2.0,43,42.0,97.7,3.0,,3.0,3.0,0,0,9.0,12.0
Napoli vs Fiorentina,Napoli,862,Leonardo Spinazzola,M,90,7.7,,0.0,,,31,25.0,80.6,,,,,0,0,,1.0
Napoli vs Fiorentina,Napoli,347395,Antonio Vergara,F,84,8.2,1.0,1.0,1.0,1.0,31,22.0,71.0,1.0,,4.0,2.0,0,0,4.0,11.0
Napoli vs Fiorentina,Napoli,1358,Eljif Elmas,F,90,7.2,,0.0,1.0,,21,17.0,81.0,,,,,0,0,3.0,5.0
Napoli vs Fiorentina,Napoli,288006,Rasmus Højlund,F,89,6.3,,0.0,3.0,2.0,23,20.0,87.0,,,,2.0,0,0,6.0,10.0
Napoli vs Fiorentina,Napoli,47254,Mathías Olivera,D,60,6.5,,0.0,1.0,,38,37.0,97.4,,1.0,3.0,,0,0,,4.0
Napoli vs Fiorentina,Napoli,312615,Giovane,F,11,6.3,,0.0,,,6,5.0,83.3,,,,,0,0,1.0,2.0
Napoli vs Fiorentina,Fiorentina,882,David De Gea,G,90,6.9,,0.0,,,32,19.0,59.4,,,,,0,0,,
Napoli vs Fiorentina,Fiorentina,41144,Dodô,D,90,7,,0.0,,,59,54.0,91.5,1.0,,,1.0,0,0,5.0,6.0
Napoli vs Fiorentina,Fiorentina,396637,Pietro Comuzzo,D,90,6,,0.0,1.0,,42,37.0,88.1,,1.0,2.0,,0,0,,7.0
Napoli vs Fiorentina,Fiorentina,1084,Marin Pongračić,D,90,6.6,,0.0,,,52,46.0,88.5,3.0,,1.0,,0,0,5.0,8.0
Napoli vs Fiorentina,Fiorentina,30422,Robin Gosens,D,70,6.9,,0.0,,,37,33.0,89.2,1.0,2.0,1.0,2.0,0,0,3.0,5.0
Napoli vs Fiorentina,Fiorentina,876,Nicolò Fagioli,M,90,7.2,,0.0,,,52,48.0,92.3,1.0,1.0,,2.0,0,0,3.0,5.0
Napoli vs Fiorentina,Fiorentina,697,Manor Solomon,M,70,7.3,1.0,0.0,1.0,1.0,14,14.0,100.0,2.0,,,1.0,0,0,4.0,5.0
Napoli vs Fiorentina,Fiorentina,322630,Giovanni Fabbian,M,45,6.7,,0.0,,,8,5.0,62.5,,,1.0,1.0,1,0,1.0,3.0
Napoli vs Fiorentina,Fiorentina,1639,Marco Brescianini,M,70,6.3,,0.0,,,23,22.0,95.7,,,,1.0,0,0,1.0,5.0
Napoli vs Fiorentina,Fiorentina,2799,Albert Guðmundsson,M,79,5.9,,0.0,1.0,1.0,24,20.0,83.3,,1.0,3.0,1.0,0,0,1.0,5.0
Napoli vs Fiorentina,Fiorentina,30440,Roberto Piccoli,F,90,6,,0.0,5.0,2.0,10,5.0,50.0,,,3.0,5.0,0,0,6.0,16.0
Napoli vs Fiorentina,Fiorentina,30810,Rolando Mandragora,M,45,6.9,,0.0,2.0,,34,31.0,91.2,,,1.0,1.0,0,0,1.0,2.0
Napoli vs Fiorentina,Fiorentina,136087,Fabiano Parisi,D,20,7.2,,0.0,1.0,,11,8.0,72.7,,,,4.0,0,0,4.0,5.0
Napoli vs Fiorentina,Fiorentina,31642,Luca Ranieri,D,20,7,,0.0,,,18,14.0,77.8,,,,,0,0,1.0,1.0
Napoli vs Fiorentina,Fiorentina,877,Moise Kean,F,20,6.3,,0.0,2.0,1.0,0,,,,,,1.0,0,0,1.0,2.0
Napoli vs Fiorentina,Fiorentina,340700,Jacopo Fazzini,M,11,6.5,,0.0,,,3,2.0,66.7,,,1.0,1.0,0,0,1.0,5.0
Cagliari vs Hellas Verona,Cagliari,30731,Elia Caprile,G,90,7.6,,0.0,,,33,21.0,63.6,,,,,0,0,,
Cagliari vs Hellas Verona,Cagliari,41964,Zé Pedro,D,90,7.6,,0.0,,,97,90.0,92.8,2.0,1.0,,1.0,0,0,3.0,3.0
Cagliari vs Hellas Verona,Cagliari,2484,Yerry Mina,D,90,8,,0.0,,,98,94.0,95.9,1.0,2.0,2.0,1.0,0,0,7.0,9.0
Cagliari vs Hellas Verona,Cagliari,319,Sebastiano Luperto,D,90,7.9,,0.0,1.0,1.0,80,71.0,88.8,,,,2.0,0,0,4.0,5.0
Cagliari vs Hellas Verona,Cagliari,383018,Marco Palestra,M,87,7.5,,0.0,,,28,25.0,89.3,1.0,,,3.0,0,0,7.0,10.0
Cagliari vs Hellas Verona,Cagliari,30505,Michel Adopo,M,90,6.6,,0.0,1.0,1.0,36,29.0,80.6,4.0,,1.0,,0,0,5.0,12.0
Cagliari vs Hellas Verona,Cagliari,325,Gianluca Gaetano,M,90,6.9,,0.0,1.0,,81,64.0,79.0,1.0,1.0,2.0,1.0,0,0,3.0,6.0
Cagliari vs Hellas Verona,Cagliari,30780,Luca Mazzitelli,M,66,8.3,1.0,0.0,2.0,2.0,32,27.0,84.4,1.0,,,1.0,0,0,3.0,4.0
Cagliari vs Hellas Verona,Cagliari,321744,Adam Obert,M,79,7.3,,1.0,,,42,36.0,85.7,3.0,1.0,1.0,1.0,0,0,5.0,9.0
Cagliari vs Hellas Verona,Cagliari,336567,Semih Kılıçsoy,F,66,7.2,1.0,0.0,1.0,1.0,16,11.0,68.8,,,,1.0,0,0,3.0,9.0
Cagliari vs Hellas Verona,Cagliari,215,Sebastiano Esposito,F,87,6.9,,1.0,1.0,,43,34.0,79.1,,,2.0,,0,0,2.0,7.0
Cagliari vs Hellas Verona,Cagliari,353609,Ibrahim Sulemana,M,24,7.3,1.0,0.0,1.0,1.0,20,19.0,95.0,,,,,0,0,1.0,4.0
Cagliari vs Hellas Verona,Cagliari,31499,Gennaro Borrelli,F,24,6.7,,0.0,,,4,3.0,75.0,,,,1.0,0,0,2.0,4.0
Cagliari vs Hellas Verona,Cagliari,383026,Riyad Idrissi,D,11,7.6,1.0,0.0,1.0,1.0,4,4.0,100.0,,,1.0,1.0,0,0,1.0,2.0
Cagliari vs Hellas Verona,Cagliari,200,Gabriele Zappa,D,3,,,1.0,,,5,5.0,100.0,,,,,0,0,,
Cagliari vs Hellas Verona,Cagliari,30573,Leonardo Pavoletti,F,3,,,0.0,,,3,3.0,100.0,,,,,0,0,,
Cagliari vs Hellas Verona,Hellas Verona,31383,Simone Perilli,G,90,7.3,,0.0,,,24,16.0,66.7,,,,,0,0,,
Cagliari vs Hellas Verona,Hellas Verona,368129,Tobias Slotsager,D,90,6.7,,0.0,1.0,1.0,68,53.0,77.9,2.0,,1.0,2.0,0,0,6.0,8.0
Cagliari vs Hellas Verona,Hellas Verona,15912,Victor Nelsson,D,90,5.9,,0.0,,,53,50.0,94.3,1.0,3.0,,1.0,0,0,5.0,8.0
Cagliari vs Hellas Verona,Hellas Verona,311071,Nicolás Valentini,D,90,6.2,,0.0,1.0,1.0,35,26.0,74.3,4.0,2.0,,,0,0,5.0,6.0
Cagliari vs Hellas Verona,Hellas Verona,30525,Pol Lirola,M,58,6.3,,0.0,,,26,15.0,57.7,,,1.0,,0,0,,4.0
Cagliari vs Hellas Verona,Hellas Verona,1090,Antoine Bernede,M,57,6.2,,0.0,,,32,28.0,87.5,1.0,,1.0,,0,0,1.0,5.0
Cagliari vs Hellas Verona,Hellas Verona,203,Roberto Gagliardini,M,29,6.9,,0.0,,,17,14.0,82.4,,2.0,,3.0,0,0,4.0,5.0
Cagliari vs Hellas Verona,Hellas Verona,37437,Abdou Harroui,M,57,6.5,,0.0,,,29,21.0,72.4,3.0,,,,0,0,4.0,7.0
Cagliari vs Hellas Verona,Hellas Verona,15909,Martin Frese,M,90,6.3,,0.0,,,19,10.0,52.6,1.0,1.0,3.0,,0,0,2.0,9.0
Cagliari vs Hellas Verona,Hellas Verona,236955,Amin Sarr,F,51,5.2,,0.0,,,10,6.0,60.0,,,3.0,1.0,2,1,1.0,6.0
Cagliari vs Hellas Verona,Hellas Verona,368260,Gift Orban,F,90,6.2,,0.0,2.0,,9,9.0,100.0,,,,1.0,0,0,2.0,9.0
Cagliari vs Hellas Verona,Hellas Verona,7591,Sandi Lovrić,M,53,6.9,,0.0,1.0,,32,29.0,90.6,2.0,1.0,,,0,0,4.0,5.0
Cagliari vs Hellas Verona,Hellas Verona,42006,Mutassim Al-Musrati,M,33,6.5,,0.0,,,10,9.0,90.0,2.0,,2.0,,0,0,2.0,5.0
Cagliari vs Hellas Verona,Hellas Verona,418,Suat Serdar,M,33,6.3,,0.0,,,8,5.0,62.5,,,,,0,0,,
Cagliari vs Hellas Verona,Hellas Verona,59421,Daniel Mosquera,F,32,6.5,,0.0,1.0,1.0,2,2.0,100.0,,,3.0,1.0,0,0,1.0,6.0
Cagliari vs Hellas Verona,Hellas Verona,22239,Cheikh Niasse,M,8,6.5,,0.0,,,7,5.0,71.4,,,,,0,0,1.0,1.0
Torino vs Lecce,Torino,30642,Alberto Paleari,G,90,7.2,,0.0,,,32,23.0,71.9,,,,,0,0,1.0,1.0
Torino vs Lecce,Torino,388547,Luca Marianucci,D,90,6.9,,0.0,,,34,25.0,73.5,3.0,3.0,4.0,,0,0,3.0,12.0
Torino vs Lecce,Torino,2553,Guillermo Maripán,D,90,7.3,,0.0,1.0,1.0,34,28.0,82.4,2.0,,,,0,0,7.0,9.0
Torino vs Lecce,Torino,122468,Saúl Coco,D,90,7.9,,0.0,,,48,36.0,75.0,2.0,1.0,1.0,2.0,0,0,8.0,13.0
Torino vs Lecce,Torino,39362,Marcus Pedersen,M,90,7.3,,0.0,2.0,,11,8.0,72.7,1.0,,,,0,0,1.0,2.0
Torino vs Lecce,Torino,842,Nikola Vlašić,M,90,9,,1.0,,,32,25.0,78.1,4.0,1.0,1.0,2.0,1,0,12.0,15.0
Torino vs Lecce,Torino,336573,Emirhan İlkhan,M,70,7.3,,0.0,,,24,19.0,79.2,2.0,1.0,1.0,2.0,0,0,5.0,7.0
Torino vs Lecce,Torino,270507,Cesare Casadei,M,70,6.9,,0.0,1.0,1.0,21,12.0,57.1,1.0,1.0,1.0,1.0,0,0,5.0,9.0
Torino vs Lecce,Torino,25353,Valentino Lazaro,M,70,7.2,,0.0,1.0,,23,14.0,60.9,5.0,,1.0,1.0,0,0,10.0,15.0
Torino vs Lecce,Torino,19524,Che Adams,F,89,7.9,1.0,0.0,2.0,1.0,29,23.0,79.3,1.0,,2.0,1.0,0,0,2.0,5.0
Torino vs Lecce,Torino,2495,Duván Zapata,F,78,6.3,,0.0,3.0,2.0,13,12.0,92.3,1.0,,,3.0,0,0,7.0,10.0
Torino vs Lecce,Torino,265722,Rafael Obrador,D,20,7.2,,0.0,,,3,3.0,100.0,5.0,,,,0,0,5.0,7.0
Torino vs Lecce,Torino,138777,Faustino Anjorin,M,20,6.9,,0.0,,,9,6.0,66.7,2.0,1.0,,,0,0,3.0,4.0
Torino vs Lecce,Torino,309388,Matteo Prati,M,20,6.3,,0.0,1.0,,6,2.0,33.3,1.0,,1.0,,1,0,1.0,3.0
Torino vs Lecce,Torino,40405,Sandro Kulenović,F,12,6.5,,0.0,,,3,3.0,100.0,,,2.0,,0,0,1.0,7.0
Torino vs Lecce,Lecce,56459,Wladimiro Falcone,G,90,6.9,,0.0,,,35,18.0,51.4,,,,,0,0,,
Torino vs Lecce,Lecce,161702,Danilo Veiga,D,90,6.6,,0.0,1.0,,69,45.0,65.2,1.0,,,,0,0,1.0,4.0
Torino vs Lecce,Lecce,455316,Tiago Gabriel,D,65,6.6,,0.0,,,32,28.0,87.5,1.0,,2.0,1.0,1,0,5.0,8.0
Torino vs Lecce,Lecce,203219,Jamil Siebert,D,90,7.2,,0.0,,,49,43.0,87.8,1.0,,2.0,2.0,0,0,6.0,13.0
Torino vs Lecce,Lecce,31543,Antonino Gallo,D,90,6.5,,0.0,1.0,,42,32.0,76.2,1.0,,,,0,0,1.0,2.0
Torino vs Lecce,Lecce,15673,Ylber Ramadani,M,89,6.6,,0.0,2.0,1.0,51,43.0,84.3,1.0,,2.0,1.0,1,0,3.0,8.0
Torino vs Lecce,Lecce,1748,Lassana Coulibaly,M,90,7.2,,0.0,1.0,,31,27.0,87.1,4.0,1.0,,4.0,0,0,10.0,14.0
Torino vs Lecce,Lecce,6662,Santiago Pierotti,M,77,6,,0.0,,,19,18.0,94.7,2.0,,3.0,2.0,0,0,7.0,21.0
Torino vs Lecce,Lecce,126974,Omri Gandelman,M,65,6,,0.0,1.0,1.0,19,16.0,84.2,1.0,1.0,1.0,,0,0,3.0,12.0
Torino vs Lecce,Lecce,31507,Riccardo Sottil,M,77,6.9,,0.0,1.0,,20,20.0,100.0,,,1.0,2.0,0,0,3.0,7.0
Torino vs Lecce,Lecce,128478,Walid Cheddira,F,90,6.2,,0.0,,,16,9.0,56.2,,,1.0,1.0,0,0,4.0,13.0
Torino vs Lecce,Lecce,291589,Kialonda Gaspar,D,25,7,,0.0,,,25,24.0,96.0,1.0,,,1.0,0,0,3.0,7.0
Torino vs Lecce,Lecce,118956,Lameck Banda,M,25,6.5,,0.0,,,8,8.0,100.0,,,,,0,0,1.0,4.0
Torino vs Lecce,Lecce,181218,Alex Sala,M,13,6.5,,0.0,,,10,7.0,70.0,,,,,0,0,,3.0
Torino vs Lecce,Lecce,8643,Konan N'Dri,F,13,6.3,,0.0,,,7,4.0,57.1,,,,,0,0,1.0,5.0
Como vs Atalanta,Como,8574,Jean Butez,G,90,7,,0.0,,,27,26.0,96.3,,,,,1,0,,
Como vs Atalanta,Como,14266,Ivan Smolčić,D,90,7,,0.0,,,56,50.0,89.3,,2.0,1.0,1.0,0,0,2.0,5.0
Como vs Atalanta,Como,386305,Jacobo Ramón,D,90,8.6,,0.0,6.0,2.0,109,97.0,89.0,1.0,1.0,,1.0,0,0,7.0,9.0
Como vs Atalanta,Como,26301,Marc-Oliver Kempf,D,90,8.2,,0.0,1.0,,115,109.0,94.8,,1.0,,,0,0,11.0,13.0
Como vs Atalanta,Como,336560,Álex Valle,D,90,7.2,,0.0,,,77,69.0,89.6,2.0,,2.0,,0,0,4.0,9.0
Como vs Atalanta,Como,288699,Máximo Perrone,M,58,7.2,,0.0,,,70,64.0,91.4,,1.0,1.0,,1,0,1.0,2.0
Como vs Atalanta,Como,162266,Lucas Da Cunha,M,87,8,,0.0,1.0,,92,86.0,93.5,1.0,,1.0,2.0,1,0,3.0,6.0
Como vs Atalanta,Como,8586,Mërgim Vojvoda,M,45,6.9,,0.0,2.0,1.0,13,12.0,92.3,1.0,,,1.0,0,0,3.0,3.0
Como vs Atalanta,Como,350037,Nico Paz,M,90,5.6,,0.0,4.0,3.0,61,56.0,91.8,2.0,,,2.0,0,0,4.0,11.0
Como vs Atalanta,Como,295026,Martin Baturina,M,90,7.9,,0.0,,,86,80.0,93.0,1.0,1.0,1.0,1.0,0,0,2.0,10.0
Como vs Atalanta,Como,26845,Anastasios Douvikas,F,58,5.6,,0.0,5.0,2.0,7,5.0,71.4,,,,,0,0,3.0,10.0
Como vs Atalanta,Como,354533,Jayden Addai,F,35,7.2,,0.0,1.0,,13,12.0,92.3,,,1.0,1.0,1,0,1.0,4.0
Como vs Atalanta,Como,443162,Jesús Rodriguez,F,32,6.3,,0.0,,,15,10.0,66.7,,,1.0,,0,0,2.0,6.0
Como vs Atalanta,Como,59,Álvaro Morata,F,32,6.3,,0.0,1.0,1.0,7,6.0,85.7,,,1.0,1.0,0,0,1.0,4.0
Como vs Atalanta,Como,38753,Nicolas-Gerrit Kühn,F,10,6.3,,0.0,,,2,2.0,100.0,,,,,0,0,,
Como vs Atalanta,Como,137,Sergi Roberto,M,12,6.6,,0.0,,,15,14.0,93.3,,,,,0,0,,
Como vs Atalanta,Atalanta,30417,Marco Carnesecchi,G,90,9.9,,0.0,,,29,9.0,31.0,,,,,0,0,,
Como vs Atalanta,Atalanta,289761,Giorgio Scalvini,D,90,7.3,,0.0,,,15,13.0,86.7,2.0,2.0,2.0,1.0,0,0,3.0,6.0
Como vs Atalanta,Atalanta,30421,Berat Djimsiti,D,90,7.3,,0.0,,,18,13.0,72.2,2.0,,1.0,,0,0,5.0,8.0
Como vs Atalanta,Atalanta,453906,Honest Ahanor,D,8,3,,0.0,,,2,2.0,100.0,2.0,,,,0,1,2.0,2.0
Como vs Atalanta,Atalanta,2286,Davide Zappacosta,M,90,7.2,,0.0,,,21,14.0,66.7,2.0,,,,0,0,4.0,6.0
Como vs Atalanta,Atalanta,30432,Marten de Roon,M,90,6.9,,0.0,,,28,17.0,60.7,4.0,,3.0,1.0,1,0,5.0,8.0
Como vs Atalanta,Atalanta,10097,Éderson,M,90,7.5,,0.0,1.0,,18,12.0,66.7,6.0,3.0,2.0,,0,0,8.0,13.0
Como vs Atalanta,Atalanta,264857,Lorenzo Bernasconi,M,90,7.2,,0.0,,,15,11.0,73.3,2.0,,,,0,0,4.0,5.0
Como vs Atalanta,Atalanta,147859,Charles De Ketelaere,F,60,5.9,,0.0,,,20,12.0,60.0,,,3.0,,0,0,2.0,13.0
Como vs Atalanta,Atalanta,203474,Nicola Zalewski,F,45,6.5,,0.0,,,6,4.0,66.7,1.0,1.0,,,0,0,1.0,4.0
Como vs Atalanta,Atalanta,30544,Gianluca Scamacca,F,18,6.5,,0.0,1.0,1.0,2,1.0,50.0,,,,,0,0,,1.0
Como vs Atalanta,Atalanta,199837,Kamaldeen Sulemana,F,72,7.2,,0.0,1.0,1.0,7,6.0,85.7,1.0,2.0,,2.0,0,0,6.0,8.0
Como vs Atalanta,Atalanta,91422,Raoul Bellanova,D,41,6.6,,0.0,,,6,3.0,50.0,,1.0,,2.0,1,0,3.0,7.0
Como vs Atalanta,Atalanta,66817,Nikola Krstović,F,30,6.7,,0.0,1.0,,7,4.0,57.1,1.0,,,2.0,1,0,5.0,9.0
Como vs Atalanta,Atalanta,48119,Odilon Kossounou,D,13,6.7,,0.0,,,0,,,,,,,0,0,,2.0
Cremonese vs Inter,Cremonese,30441,Emil Audero,G,90,6.3,,0.0,,,29,18.0,62.1,,,,,0,0,,
Cremonese vs Inter,Cremonese,385788,Francesco Folino,D,90,7,,0.0,,,33,23.0,69.7,2.0,,2.0,2.0,0,0,7.0,10.0
Cremonese vs Inter,Cremonese,127035,Federico Baschirotto,D,90,6.5,,0.0,,,42,31.0,73.8,,,3.0,1.0,1,0,3.0,6.0
Cremonese vs Inter,Cremonese,30397,Federico Ceccherini,D,67,6,,0.0,1.0,,23,10.0,43.5,,,2.0,1.0,1,0,3.0,5.0
Cremonese vs Inter,Cremonese,264472,Filippo Terracciano,M,90,6.9,,0.0,,,20,16.0,80.0,3.0,1.0,,3.0,0,0,6.0,8.0
Cremonese vs Inter,Cremonese,31219,Alessio Zerbin,M,90,5.9,,0.0,3.0,1.0,17,8.0,47.1,1.0,,3.0,,0,0,2.0,9.0
Cremonese vs Inter,Cremonese,31021,Alberto Grassi,M,75,6.7,,0.0,,,17,14.0,82.4,1.0,1.0,2.0,1.0,0,0,2.0,6.0
Cremonese vs Inter,Cremonese,56560,Youssef Maleh,M,89,6.2,,0.0,,,25,22.0,88.0,1.0,1.0,3.0,,0,0,2.0,9.0
Cremonese vs Inter,Cremonese,30775,Giuseppe Pezzella,M,90,6.7,,0.0,,,15,12.0,80.0,1.0,1.0,1.0,,0,0,1.0,5.0
Cremonese vs Inter,Cremonese,31436,Federico Bonazzoli,F,67,6.6,,0.0,1.0,1.0,11,8.0,72.7,2.0,,,1.0,0,0,3.0,5.0
Cremonese vs Inter,Cremonese,18788,Jamie Vardy,F,90,6.3,,0.0,,,10,7.0,70.0,1.0,,2.0,2.0,1,0,5.0,10.0
Cremonese vs Inter,Cremonese,237249,Mikayil Faye,D,23,7.2,,0.0,,,21,20.0,95.2,1.0,,,1.0,0,0,2.0,2.0
Cremonese vs Inter,Cremonese,31692,Milan Đurić,F,23,6.9,,0.0,1.0,1.0,12,7.0,58.3,,,,1.0,0,0,5.0,7.0
Cremonese vs Inter,Cremonese,342651,Romano Floriani Mussolini,D,15,7,,0.0,,,8,6.0,75.0,2.0,,1.0,,0,0,3.0,6.0
Cremonese vs Inter,Inter,2802,Yann Sommer,G,90,7,,0.0,,,28,21.0,75.0,,,,1.0,0,0,1.0,1.0
Cremonese vs Inter,Inter,24953,Yann Bisseck,D,90,7.2,,0.0,,,65,60.0,92.3,1.0,,1.0,3.0,0,0,5.0,7.0
Cremonese vs Inter,Inter,5,Manuel Akanji,D,90,7.5,,0.0,,,77,75.0,97.4,3.0,2.0,3.0,,0,0,4.0,8.0
Cremonese vs Inter,Inter,31009,Alessandro Bastoni,D,90,8.3,,0.0,,,104,85.0,81.7,,,,1.0,0,0,5.0,6.0
Cremonese vs Inter,Inter,10077,Luís Henrique,M,60,6.9,,1.0,,,33,29.0,87.9,1.0,,,,0,0,3.0,4.0
Cremonese vs Inter,Inter,31173,Davide Frattesi,M,60,5.9,,0.0,2.0,,15,11.0,73.3,,,1.0,,0,0,2.0,5.0
Cremonese vs Inter,Inter,329,Piotr Zieliński,M,90,8.2,1.0,0.0,1.0,1.0,85,79.0,92.9,,,,,0,0,,4.0
Cremonese vs Inter,Inter,348205,Petar Sučić,M,82,7,,0.0,1.0,,53,48.0,90.6,,1.0,,6.0,0,0,7.0,11.0
Cremonese vs Inter,Inter,31010,Federico Dimarco,M,90,7.9,,1.0,,,59,52.0,88.1,1.0,,1.0,2.0,0,0,4.0,7.0
Cremonese vs Inter,Inter,345808,Francesco Pio Esposito,F,60,5.6,,0.0,1.0,1.0,11,10.0,90.9,,,3.0,2.0,0,0,2.0,9.0
Cremonese vs Inter,Inter,217,Lautaro Martínez,F,74,7.3,1.0,0.0,3.0,2.0,32,27.0,84.4,,,3.0,1.0,0,0,2.0,6.0
Cremonese vs Inter,Inter,1457,Henrikh Mkhitaryan,M,30,7.3,,0.0,,,32,29.0,90.6,1.0,1.0,,,0,0,2.0,3.0
Cremonese vs Inter,Inter,887,Matteo Darmian,D,30,6.6,,0.0,,,10,9.0,90.0,,,1.0,1.0,0,0,1.0,2.0
Cremonese vs Inter,Inter,21509,Marcus Thuram,F,30,6.2,,0.0,1.0,,14,12.0,85.7,,,1.0,2.0,0,0,3.0,8.0
Cremonese vs Inter,Inter,275651,Ange-Yoan Bonny,F,16,6.5,,0.0,,,10,9.0,90.0,1.0,,,,0,0,2.0,5.0
Cremonese vs Inter,Inter,270509,Andy Diouf,M,8,6.2,,0.0,,,10,5.0,50.0,,,,,0,0,1.0,2.0
Parma vs Juventus,Parma,180762,Edoardo Corvi,G,90,6.3,,0.0,,,25,20.0,80.0,,,,,0,0,,
Parma vs Juventus,Parma,30420,Enrico Del Prato,D,90,6.3,,0.0,,,38,35.0,92.1,,1.0,,,0,0,2.0,4.0
Parma vs Juventus,Parma,428237,Mariano Troilo,D,90,6.3,,0.0,,,43,38.0,88.4,4.0,3.0,1.0,2.0,0,0,8.0,12.0
Parma vs Juventus,Parma,348568,Alessandro Circati,D,90,6.3,,0.0,,,50,45.0,90.0,2.0,1.0,4.0,2.0,1,0,5.0,10.0
Parma vs Juventus,Parma,91358,Emanuele Valeri,D,90,5.6,,0.0,1.0,1.0,29,21.0,72.4,,2.0,,,0,0,1.0,2.0
Parma vs Juventus,Parma,628,Adrián Bernabé,M,74,6.2,,0.0,,,27,24.0,88.9,,2.0,,,0,0,,2.0
Parma vs Juventus,Parma,881,Hans Nicolussi Caviglia,M,65,6.7,,0.0,,,29,26.0,89.7,,,1.0,,0,0,2.0,4.0
Parma vs Juventus,Parma,308836,Mandela Keita,M,90,7.2,,0.0,,,32,26.0,81.2,3.0,1.0,1.0,6.0,0,0,10.0,12.0
Parma vs Juventus,Parma,161859,Gaetano Oristanio,M,45,5.9,,0.0,2.0,1.0,10,7.0,70.0,,1.0,,,0,0,1.0,6.0
Parma vs Juventus,Parma,191979,Jacob Ondrejka,M,75,5.6,,0.0,,,16,14.0,87.5,,2.0,,,0,0,,11.0
Parma vs Juventus,Parma,292172,Mateo Pellegrino,F,90,6.3,,0.0,4.0,2.0,13,9.0,69.2,,,2.0,1.0,0,0,3.0,8.0
Parma vs Juventus,Parma,499380,Sascha Britschgi,D,45,6.2,,0.0,,,16,11.0,68.8,,,,1.0,0,0,2.0,3.0
Parma vs Juventus,Parma,161569,Oliver Sørensen,M,25,6.9,,0.0,,,9,9.0,100.0,,1.0,,,0,0,,
Parma vs Juventus,Parma,6409,Nahuel Estévez,M,16,6.6,,0.0,,,16,12.0,75.0,,,1.0,,0,0,1.0,2.0
Parma vs Juventus,Parma,301924,Nesta Elphege,F,15,6.7,,0.0,,,8,6.0,75.0,,,,,0,0,2.0,2.0
Parma vs Juventus,Juventus,30670,Michele Di Gregorio,G,90,6.9,,0.0,,,22,16.0,72.7,,,,,0,0,,
Parma vs Juventus,Juventus,162188,Pierre Kalulu,D,90,7.2,,1.0,,,42,39.0,92.9,3.0,1.0,1.0,1.0,0,0,4.0,7.0
Parma vs Juventus,Juventus,30497,Bremer,D,65,8.2,2.0,0.0,2.0,2.0,29,24.0,82.8,1.0,,1.0,1.0,1,0,4.0,7.0
Parma vs Juventus,Juventus,19263,Lloyd Kelly,D,90,7.3,,0.0,,,62,56.0,90.3,1.0,1.0,,2.0,0,0,7.0,9.0
Parma vs Juventus,Juventus,127011,Andrea Cambiaso,D,90,5.7,,0.0,,,56,49.0,87.5,,,,,0,0,,1.0
Parma vs Juventus,Juventus,30533,Manuel Locatelli,M,90,8.5,,0.0,,,117,104.0,88.9,4.0,1.0,1.0,,0,0,5.0,6.0
Parma vs Juventus,Juventus,116,Khéphren Thuram,M,90,6.6,,0.0,,,57,48.0,84.2,1.0,2.0,2.0,,0,0,3.0,9.0
Parma vs Juventus,Juventus,161585,Francisco Conceição,M,65,6.7,,1.0,4.0,2.0,30,27.0,90.0,,,2.0,,1,0,,5.0
Parma vs Juventus,Juventus,415,Weston McKennie,M,74,7.9,1.0,0.0,2.0,2.0,42,35.0,83.3,3.0,,1.0,1.0,1,0,5.0,10.0
Parma vs Juventus,Juventus,339883,Kenan Yıldız,M,45,6.9,,0.0,1.0,,19,16.0,84.2,,,1.0,,0,0,4.0,6.0
Parma vs Juventus,Juventus,8489,Jonathan David,F,80,6.9,1.0,1.0,2.0,2.0,25,18.0,72.0,1.0,,2.0,2.0,0,0,3.0,8.0
Parma vs Juventus,Juventus,181808,Fabio Miretti,M,45,6.3,,0.0,,,23,20.0,87.0,,,1.0,,0,0,,1.0
Parma vs Juventus,Juventus,268341,Federico Gatti,D,25,6.9,,0.0,,,17,17.0,100.0,1.0,2.0,,,0,0,1.0,1.0
Parma vs Juventus,Juventus,1821,Filip Kostić,M,25,6.9,,0.0,,,16,13.0,81.2,1.0,1.0,,2.0,0,0,3.0,3.0
Parma vs Juventus,Juventus,125674,Juan Cabal,D,16,6.7,,0.0,,,8,6.0,75.0,1.0,,1.0,,0,0,1.0,3.0
Parma vs Juventus,Juventus,86,Loïs Openda,F,10,6.3,,0.0,1.0,,2,1.0,50.0,,,,,0,0,1.0,2.0
Udinese vs AS Roma,Udinese,143648,Maduka Okoye,G,90,8.5,,0.0,,,36,19.0,52.8,,,,,0,0,1.0,1.0
Udinese vs AS Roma,Udinese,656,Oumar Solet,D,90,7.5,,0.0,1.0,,37,34.0,91.9,3.0,,,1.0,0,0,7.0,10.0
Udinese vs AS Roma,Udinese,281495,Thomas Kristensen,D,90,6.9,,0.0,,,30,24.0,80.0,2.0,1.0,3.0,,1,0,4.0,11.0
Udinese vs AS Roma,Udinese,315249,Nicolò Bertola,D,79,6.7,,0.0,,,28,24.0,85.7,1.0,1.0,,,0,0,1.0,4.0
Udinese vs AS Roma,Udinese,36916,Kingsley Ehizibue,M,90,7.2,,0.0,,,25,18.0,72.0,5.0,1.0,6.0,1.0,0,0,7.0,15.0
Udinese vs AS Roma,Udinese,48047,Jesper Karlström,M,90,7,,0.0,,,30,23.0,76.7,2.0,1.0,,1.0,0,0,5.0,7.0
Udinese vs AS Roma,Udinese,343558,Lennon Miller,M,79,6.7,,0.0,1.0,,24,19.0,79.2,3.0,1.0,2.0,,1,0,3.0,8.0
Udinese vs AS Roma,Udinese,19824,Jordan Zemura,M,90,7,,0.0,,,19,12.0,63.2,4.0,4.0,1.0,2.0,1,0,7.0,12.0
Udinese vs AS Roma,Udinese,541,Jürgen Ekkelenkamp,F,89,8.2,1.0,0.0,3.0,3.0,23,21.0,91.3,3.0,1.0,,2.0,0,0,5.0,7.0
Udinese vs AS Roma,Udinese,347644,Arthur Atta,F,90,6.9,,0.0,2.0,1.0,20,16.0,80.0,,1.0,,1.0,0,0,4.0,11.0
Udinese vs AS Roma,Udinese,19185,Keinan Davis,F,56,6.5,,0.0,,,11,6.0,54.5,1.0,,,4.0,1,0,6.0,13.0
Udinese vs AS Roma,Udinese,434410,Idrissa Gueye,F,33,6.2,,0.0,,,4,2.0,50.0,,1.0,3.0,,1,0,2.0,8.0
Udinese vs AS Roma,Udinese,18797,Christian Kabasele,D,11,6.3,,0.0,,,2,1.0,50.0,,,1.0,,0,0,2.0,4.0
Udinese vs AS Roma,Udinese,182560,Oier Zarraga,M,11,7,,0.0,,,2,2.0,100.0,,,,1.0,0,0,2.0,3.0
Udinese vs AS Roma,AS Roma,556,Mile Svilar,G,90,6.9,,0.0,,,40,31.0,77.5,,,,,0,0,,1.0
Udinese vs AS Roma,AS Roma,30425,Gianluca Mancini,D,90,6.7,,0.0,1.0,1.0,37,30.0,81.1,,2.0,2.0,,1,0,7.0,13.0
Udinese vs AS Roma,AS Roma,1807,Evan Ndicka,D,90,6.6,,0.0,,,65,61.0,93.8,3.0,4.0,1.0,1.0,1,0,7.0,12.0
Udinese vs AS Roma,AS Roma,2669,Mario Hermoso,D,70,6.2,,0.0,,,51,47.0,92.2,,3.0,4.0,,0,0,2.0,6.0
Udinese vs AS Roma,AS Roma,22222,Zeki Çelik,M,79,6.7,,0.0,,,22,18.0,81.8,2.0,,1.0,1.0,0,0,3.0,5.0
Udinese vs AS Roma,AS Roma,778,Bryan Cristante,M,90,7.2,,0.0,,,79,64.0,81.0,2.0,1.0,4.0,1.0,0,0,11.0,19.0
Udinese vs AS Roma,AS Roma,277003,Neil El Aynaoui,M,78,6.7,,0.0,,,52,51.0,98.1,2.0,2.0,1.0,2.0,1,0,4.0,8.0
Udinese vs AS Roma,AS Roma,349001,Wesley,M,90,7.2,,0.0,1.0,1.0,37,29.0,78.4,3.0,1.0,1.0,3.0,0,0,9.0,19.0
Udinese vs AS Roma,AS Roma,323936,Matías Soulé,F,79,6.9,,0.0,2.0,,37,32.0,86.5,1.0,1.0,,2.0,0,0,3.0,6.0
Udinese vs AS Roma,AS Roma,782,Lorenzo Pellegrini,F,67,6.9,,0.0,,,29,27.0,93.1,2.0,2.0,1.0,1.0,1,0,3.0,6.0
Udinese vs AS Roma,AS Roma,249,Donyell Malen,F,90,7.3,,0.0,1.0,1.0,9,6.0,66.7,1.0,,,3.0,0,0,6.0,10.0
Udinese vs AS Roma,AS Roma,452033,Lorenzo Venturino,F,23,6.5,,0.0,,,6,5.0,83.3,,,,,0,0,,1.0
Udinese vs AS Roma,AS Roma,342019,Daniele Ghilardi,D,20,6.9,,0.0,,,21,20.0,95.2,,,1.0,,0,0,1.0,3.0
Udinese vs AS Roma,AS Roma,356888,Niccolò Pisilli,M,12,6.7,,0.0,,,11,9.0,81.8,2.0,,1.0,,0,0,3.0,6.0
Udinese vs AS Roma,AS Roma,1600,Konstantinos Tsimikas,D,11,6.3,,0.0,,,9,8.0,88.9,,,,,0,0,,3.0
Udinese vs AS Roma,AS Roma,435482,Robinio Vaz,F,11,6.6,,0.0,,,2,1.0,50.0,,,,2.0,0,0,3.0,4.0
Bologna vs AC Milan,Bologna,31098,Federico Ravaglia,G,90,7.3,,0.0,,,27,21.0,77.8,2.0,,1.0,,1,0,2.0,3.0
Bologna vs AC Milan,Bologna,128461,Nadir Zortea,D,90,6.7,,0.0,1.0,,53,46.0,86.8,3.0,1.0,,,0,0,4.0,7.0
Bologna vs AC Milan,Bologna,39254,Torbjørn Heggem,D,90,5.7,,0.0,1.0,,42,39.0,92.9,1.0,1.0,2.0,,0,0,3.0,8.0
Bologna vs AC Milan,Bologna,31099,Nicolò Casale,D,90,7,,0.0,1.0,,48,46.0,95.8,3.0,1.0,2.0,1.0,0,0,10.0,14.0
Bologna vs AC Milan,Bologna,134,Juan Miranda,D,78,5.9,,0.0,,,69,64.0,92.8,1.0,3.0,2.0,,0,0,1.0,5.0
Bologna vs AC Milan,Bologna,2807,Remo Freuler,M,65,6.5,,0.0,,,42,39.0,92.9,2.0,,1.0,,1,0,2.0,6.0
Bologna vs AC Milan,Bologna,44814,Lewis Ferguson,M,90,6.6,,0.0,,,61,56.0,91.8,5.0,,3.0,1.0,1,0,6.0,10.0
Bologna vs AC Milan,Bologna,30488,Riccardo Orsolini,M,53,6.3,,0.0,,,13,9.0,69.2,,,,,0,0,2.0,4.0
Bologna vs AC Milan,Bologna,30542,Jens Odgaard,M,90,6.3,,0.0,5.0,2.0,23,17.0,73.9,1.0,,3.0,3.0,0,0,6.0,16.0
Bologna vs AC Milan,Bologna,278095,Jonathan Rowe,M,78,6.9,,0.0,1.0,,24,19.0,79.2,,,,1.0,0,0,5.0,7.0
Bologna vs AC Milan,Bologna,311067,Santiago Castro,F,54,6.9,,0.0,,,7,5.0,71.4,,,,3.0,0,0,4.0,5.0
Bologna vs AC Milan,Bologna,873,Federico Bernardeschi,F,37,6.9,,0.0,2.0,,22,21.0,95.5,,1.0,,,0,0,2.0,4.0
Bologna vs AC Milan,Bologna,93016,Thijs Dallinga,F,36,6.7,,0.0,,,12,9.0,75.0,,,,,0,0,,
Bologna vs AC Milan,Bologna,1322,Nikola Moro,M,25,6.9,,0.0,,,28,25.0,89.3,,,,,0,0,,
Bologna vs AC Milan,Bologna,30553,Charalampos Lykogiannis,D,12,6.7,,0.0,,,13,9.0,69.2,,,,,0,0,,
Bologna vs AC Milan,Bologna,30438,Nicolò Cambiaghi,F,12,6.2,,0.0,,,7,5.0,71.4,,,,,0,0,,1.0
Bologna vs AC Milan,AC Milan,22221,Mike Maignan,G,90,7.3,,0.0,,,51,37.0,72.5,,,,,0,0,,
Bologna vs AC Milan,AC Milan,162141,Koni De Winter,D,90,7.6,,0.0,,,49,43.0,87.8,2.0,1.0,,2.0,0,0,5.0,5.0
Bologna vs AC Milan,AC Milan,56473,Matteo Gabbia,D,90,6.9,,0.0,,,42,39.0,92.9,1.0,1.0,3.0,,0,0,1.0,7.0
Bologna vs AC Milan,AC Milan,45826,Strahinja Pavlović,D,90,7.2,,0.0,,,48,41.0,85.4,2.0,,,1.0,0,0,6.0,7.0
Bologna vs AC Milan,AC Milan,396380,Zachary Athekame,M,67,7.3,,0.0,,,21,15.0,71.4,3.0,,1.0,1.0,0,0,4.0,9.0
Bologna vs AC Milan,AC Milan,22254,Youssouf Fofana,M,90,7.2,,0.0,2.0,1.0,22,18.0,81.8,3.0,1.0,,2.0,0,0,6.0,13.0
Bologna vs AC Milan,AC Milan,754,Luka Modrić,M,72,7.3,,0.0,,,35,31.0,88.6,1.0,2.0,2.0,2.0,0,0,6.0,10.0
Bologna vs AC Milan,AC Milan,272,Adrien Rabiot,M,90,8.2,1.0,1.0,1.0,1.0,36,30.0,83.3,1.0,,,1.0,0,0,3.0,10.0
Bologna vs AC Milan,AC Milan,374359,Davide Bartesaghi,M,83,6.9,,0.0,,,23,20.0,87.0,1.0,1.0,,,0,0,1.0,4.0
Bologna vs AC Milan,AC Milan,2292,Ruben Loftus-Cheek,F,67,7.5,1.0,0.0,1.0,1.0,18,15.0,83.3,,,2.0,1.0,0,0,3.0,10.0
Bologna vs AC Milan,AC Milan,269,Christopher Nkunku,F,72,8,1.0,0.0,3.0,2.0,13,10.0,76.9,,,,3.0,0,0,6.0,10.0
Bologna vs AC Milan,AC Milan,19209,Fikayo Tomori,D,23,6.6,,0.0,,,10,9.0,90.0,,,,,0,0,,
Bologna vs AC Milan,AC Milan,31056,Samuele Ricci,M,23,6.3,,0.0,,,12,10.0,83.3,,,1.0,,0,0,,1.0
Bologna vs AC Milan,AC Milan,264705,Ardon Jashari,M,18,6.7,,0.0,,,27,24.0,88.9,,,1.0,,0,0,,1.0
Bologna vs AC Milan,AC Milan,25391,Niclas Füllkrug,F,18,6.9,,0.0,2.0,2.0,7,7.0,100.0,,1.0,,1.0,0,0,2.0,3.0
Bologna vs AC Milan,AC Milan,46731,Pervis Estupiñán,D,11,6.9,,0.0,,,15,12.0,80.0,,,,,0,0,,
Hellas Verona vs Pisa,Hellas Verona,30611,Lorenzo Montipò,G,90,8,,0.0,,,23,14.0,60.9,,,,1.0,0,0,1.0,1.0
Hellas Verona vs Pisa,Hellas Verona,368129,Tobias Slotsager,D,90,7.3,,0.0,,,57,44.0,77.2,1.0,1.0,,2.0,0,0,8.0,9.0
Hellas Verona vs Pisa,Hellas Verona,15912,Victor Nelsson,D,90,7.9,,0.0,,,67,59.0,88.1,,,,2.0,0,0,13.0,15.0
Hellas Verona vs Pisa,Hellas Verona,169297,Andrias Edmundsson,D,90,7.3,,0.0,,,65,51.0,78.5,3.0,2.0,,2.0,0,0,10.0,17.0
Hellas Verona vs Pisa,Hellas Verona,22239,Cheikh Niasse,M,70,6.5,,0.0,,,39,30.0,76.9,,,1.0,1.0,0,0,1.0,4.0
Hellas Verona vs Pisa,Hellas Verona,1090,Antoine Bernede,M,45,6.7,,0.0,,,18,13.0,72.2,,,2.0,1.0,0,0,2.0,6.0
Hellas Verona vs Pisa,Hellas Verona,42006,Mutassim Al-Musrati,M,90,7.3,,0.0,,,61,54.0,88.5,,1.0,,2.0,0,0,3.0,7.0
Hellas Verona vs Pisa,Hellas Verona,7591,Sandi Lovrić,M,85,6.9,,0.0,1.0,,40,35.0,87.5,2.0,,1.0,1.0,0,0,4.0,7.0
Hellas Verona vs Pisa,Hellas Verona,15909,Martin Frese,M,45,6.7,,0.0,,,10,8.0,80.0,,,,,0,0,1.0,2.0
Hellas Verona vs Pisa,Hellas Verona,126690,Kieron Bowie,F,90,6.2,,0.0,,,13,9.0,69.2,,,3.0,2.0,0,0,5.0,13.0
Hellas Verona vs Pisa,Hellas Verona,368260,Gift Orban,F,82,6.5,,0.0,2.0,,18,11.0,61.1,1.0,,2.0,2.0,0,0,4.0,10.0
Hellas Verona vs Pisa,Hellas Verona,14327,Domagoj Bradarić,D,45,6.3,,0.0,,,14,10.0,71.4,1.0,,,,0,0,1.0,5.0
Hellas Verona vs Pisa,Hellas Verona,418,Suat Serdar,M,45,6.2,,0.0,,,22,12.0,54.5,,,3.0,,1,0,1.0,5.0
Hellas Verona vs Pisa,Hellas Verona,30525,Pol Lirola,D,20,6.6,,0.0,,,8,4.0,50.0,,1.0,1.0,,0,0,1.0,4.0
Hellas Verona vs Pisa,Hellas Verona,59421,Daniel Mosquera,F,8,6.5,,0.0,,,3,2.0,66.7,,,,,0,0,,1.0
Hellas Verona vs Pisa,Hellas Verona,37437,Abdou Harroui,M,10,6.3,,0.0,,,6,2.0,33.3,,,,,0,0,,1.0
Hellas Verona vs Pisa,Pisa,50054,Simone Scuffet,G,90,6.7,,0.0,,,36,16.0,44.4,,,,2.0,0,0,2.0,2.0
Hellas Verona vs Pisa,Pisa,91503,Simone Canestrelli,D,90,6.9,,0.0,,,32,20.0,62.5,,1.0,1.0,,0,0,2.0,5.0
Hellas Verona vs Pisa,Pisa,31604,Antonio Caracciolo,D,90,7.5,,0.0,1.0,1.0,32,30.0,93.8,1.0,2.0,,2.0,0,0,4.0,4.0
Hellas Verona vs Pisa,Pisa,342310,Rosen Bozhinov,D,69,6.6,,0.0,,,27,20.0,74.1,,2.0,2.0,1.0,0,0,4.0,8.0
Hellas Verona vs Pisa,Pisa,56293,Idrissa Touré,M,90,7.9,,0.0,1.0,1.0,25,16.0,64.0,2.0,1.0,,1.0,0,0,12.0,17.0
Hellas Verona vs Pisa,Pisa,298165,Felipe Loyola,M,75,6.9,,0.0,,,24,21.0,87.5,1.0,1.0,2.0,,0,0,2.0,5.0
Hellas Verona vs Pisa,Pisa,951,Michel Aebischer,M,90,7,,0.0,1.0,,46,35.0,76.1,2.0,1.0,,2.0,0,0,4.0,6.0
Hellas Verona vs Pisa,Pisa,302069,Samuele Angori,M,90,7,,0.0,,,19,11.0,57.9,1.0,,1.0,3.0,0,0,4.0,5.0
Hellas Verona vs Pisa,Pisa,123476,Filip Stojilković,F,69,6.2,,0.0,1.0,,5,4.0,80.0,,,1.0,,0,0,,6.0
Hellas Verona vs Pisa,Pisa,31560,Stefano Moreo,F,90,5.9,,0.0,3.0,,18,9.0,50.0,,,2.0,1.0,1,0,5.0,17.0
Hellas Verona vs Pisa,Pisa,341226,Rafiu Durosinmi,F,45,6.7,,0.0,,,9,2.0,22.2,,1.0,2.0,1.0,0,0,7.0,14.0
Hellas Verona vs Pisa,Pisa,30753,Mehdi Léris,M,45,6.5,,0.0,,,10,8.0,80.0,,,3.0,,0,0,2.0,9.0
Hellas Verona vs Pisa,Pisa,30469,Arturo Calabresi,D,21,6.9,,0.0,,,6,3.0,50.0,,,,,0,0,1.0,1.0
Hellas Verona vs Pisa,Pisa,331678,Henrik Wendel Meister,F,21,6.3,,0.0,1.0,1.0,3,,,1.0,,,,0,0,2.0,4.0
Hellas Verona vs Pisa,Pisa,30723,Marius Marin,M,15,6.5,,0.0,,,2,,,1.0,,2.0,,1,0,1.0,4.0
Genoa vs Napoli,Genoa,37137,Justin Bijlow,G,90,6.5,,0.0,,,30,21.0,70.0,,,,,0,0,,
Genoa vs Napoli,Genoa,281826,Alessandro Marcandalli,D,90,6,,0.0,,,36,31.0,86.1,1.0,,1.0,,1,0,1.0,3.0
Genoa vs Napoli,Genoa,18967,Leo Østigård,D,90,7.5,,0.0,,,39,32.0,82.1,5.0,,,,0,0,9.0,10.0
Genoa vs Napoli,Genoa,35544,Johan Vásquez,D,90,6.9,,0.0,,,43,33.0,76.7,3.0,2.0,1.0,4.0,1,0,12.0,17.0
Genoa vs Napoli,Genoa,284570,Brooke Norton-Cuffy,M,90,6.7,,0.0,1.0,,23,19.0,82.6,1.0,,,,0,0,1.0,2.0
Genoa vs Napoli,Genoa,1938,Ruslan Malinovskyi,M,74,7,1.0,0.0,4.0,2.0,38,27.0,71.1,2.0,,3.0,,0,0,3.0,7.0
Genoa vs Napoli,Genoa,15881,Morten Frendrup,M,90,6.9,,0.0,,,35,32.0,91.4,4.0,3.0,2.0,2.0,0,0,7.0,10.0
Genoa vs Napoli,Genoa,89520,Mikael Ellertsson,M,90,6.2,,0.0,1.0,,14,10.0,71.4,1.0,,1.0,,0,0,1.0,7.0
Genoa vs Napoli,Genoa,25914,Aarón Martín,M,74,6.7,,0.0,,,18,14.0,77.8,2.0,,1.0,,0,0,3.0,5.0
Genoa vs Napoli,Genoa,281408,Vitinha,F,89,7,,0.0,1.0,,9,8.0,88.9,1.0,,,3.0,0,0,5.0,12.0
Genoa vs Napoli,Genoa,263481,Lorenzo Colombo,F,64,7.2,1.0,0.0,3.0,1.0,9,6.0,66.7,2.0,,3.0,1.0,0,0,6.0,19.0
Genoa vs Napoli,Genoa,3430,Caleb Ekuban,F,26,6.3,,0.0,,,3,3.0,100.0,,,,1.0,0,0,1.0,2.0
Genoa vs Napoli,Genoa,281096,Patrizio Masini,M,16,6.3,,0.0,,,2,1.0,50.0,1.0,1.0,2.0,,0,0,2.0,6.0
Genoa vs Napoli,Genoa,56396,Junior Messias,F,16,6.9,,0.0,1.0,,13,12.0,92.3,1.0,,1.0,,0,0,3.0,6.0
Genoa vs Napoli,Genoa,665,Maxwel Cornet,F,10,5.9,,0.0,,,1,1.0,100.0,1.0,,1.0,,0,0,1.0,3.0
Genoa vs Napoli,Napoli,312,Alex Meret,G,90,5.9,,0.0,,,38,24.0,63.2,,,1.0,,1,0,,1.0
Genoa vs Napoli,Napoli,1314,Amir Rrahmani,D,90,7.2,,1.0,,,83,77.0,92.8,2.0,2.0,2.0,1.0,0,0,6.0,9.0
Genoa vs Napoli,Napoli,31226,Alessandro Buongiorno,D,60,6.7,,0.0,,,46,41.0,89.1,3.0,,1.0,2.0,0,0,11.0,13.0
Genoa vs Napoli,Napoli,774,Juan Jesus,D,76,5.9,,0.0,,,53,49.0,92.5,2.0,2.0,1.0,,2,1,4.0,8.0
Genoa vs Napoli,Napoli,162032,Miguel Gutiérrez,M,90,6.6,,0.0,1.0,,33,25.0,75.8,3.0,,,2.0,0,0,6.0,10.0
Genoa vs Napoli,Napoli,47439,Stanislav Lobotka,M,90,6.9,,0.0,1.0,,65,63.0,96.9,,,1.0,1.0,0,0,2.0,5.0
Genoa vs Napoli,Napoli,903,Scott McTominay,M,45,7.7,1.0,0.0,4.0,2.0,25,21.0,84.0,,,,,0,0,2.0,5.0
Genoa vs Napoli,Napoli,862,Leonardo Spinazzola,M,90,6.9,,0.0,2.0,,49,41.0,83.7,,,,1.0,1,0,1.0,2.0
Genoa vs Napoli,Napoli,347395,Antonio Vergara,F,90,7.2,,0.0,1.0,,22,16.0,72.7,4.0,1.0,3.0,4.0,0,0,11.0,27.0
Genoa vs Napoli,Napoli,1358,Eljif Elmas,F,90,6.9,,0.0,,,38,34.0,89.5,1.0,,,,0,0,1.0,1.0
Genoa vs Napoli,Napoli,288006,Rasmus Højlund,F,90,7.7,2.0,0.0,3.0,3.0,18,13.0,72.2,,,,4.0,0,0,7.0,17.0
Genoa vs Napoli,Napoli,312615,Giovane,F,32,5.9,,0.0,,,9,4.0,44.4,,,2.0,,0,0,,6.0
Genoa vs Napoli,Napoli,37604,Sam Beukema,D,30,6.6,,0.0,,,15,11.0,73.3,,1.0,1.0,,0,0,2.0,4.0
Genoa vs Napoli,Napoli,47254,Mathías Olivera,D,13,6.7,,0.0,,,6,2.0,33.3,,,,,0,0,1.0,1.0
Fiorentina vs Torino,Fiorentina,882,David De Gea,G,90,6.2,,0.0,,,25,16.0,64.0,,,,,0,0,,
Fiorentina vs Torino,Fiorentina,41144,Dodô,D,90,6.9,,0.0,,,69,58.0,84.1,,2.0,,4.0,1,0,5.0,8.0
Fiorentina vs Torino,Fiorentina,396637,Pietro Comuzzo,D,90,6.3,,0.0,1.0,,59,55.0,93.2,2.0,,1.0,,1,0,3.0,6.0
Fiorentina vs Torino,Fiorentina,1084,Marin Pongračić,D,90,6.9,,0.0,,,59,55.0,93.2,,1.0,1.0,,0,0,5.0,8.0
Fiorentina vs Torino,Fiorentina,136087,Fabiano Parisi,D,90,7,,0.0,1.0,,60,52.0,86.7,1.0,1.0,,5.0,0,0,6.0,9.0
Fiorentina vs Torino,Fiorentina,30810,Rolando Mandragora,M,73,6.9,,1.0,3.0,1.0,22,21.0,95.5,2.0,,2.0,,0,0,4.0,7.0
Fiorentina vs Torino,Fiorentina,876,Nicolò Fagioli,M,90,8.2,,0.0,,,69,64.0,92.8,,,,6.0,0,0,9.0,12.0
Fiorentina vs Torino,Fiorentina,1639,Marco Brescianini,M,73,6.3,,0.0,1.0,1.0,27,21.0,77.8,,,,,0,0,1.0,4.0
Fiorentina vs Torino,Fiorentina,697,Manor Solomon,M,85,8.7,1.0,0.0,1.0,1.0,38,35.0,92.1,1.0,,,3.0,0,0,8.0,8.0
Fiorentina vs Torino,Fiorentina,2799,Albert Guðmundsson,M,48,6.9,,0.0,1.0,,24,21.0,87.5,,,1.0,1.0,0,0,2.0,4.0
Fiorentina vs Torino,Fiorentina,877,Moise Kean,F,85,7.7,1.0,0.0,6.0,2.0,17,13.0,76.5,,,,3.0,0,0,7.0,9.0
Fiorentina vs Torino,Fiorentina,19128,Jack Harrison,F,42,7.3,,1.0,,,17,15.0,88.2,,,,1.0,0,0,3.0,8.0
Fiorentina vs Torino,Fiorentina,311083,Cher Ndour,M,17,6.5,,0.0,1.0,,4,2.0,50.0,,,1.0,,0,0,,1.0
Fiorentina vs Torino,Fiorentina,322630,Giovanni Fabbian,M,17,6.2,,0.0,,,7,5.0,71.4,,,,,0,0,,4.0
Fiorentina vs Torino,Fiorentina,31642,Luca Ranieri,D,13,6.2,,0.0,,,2,2.0,100.0,,,,,0,0,,
Fiorentina vs Torino,Fiorentina,30440,Roberto Piccoli,F,13,6.2,,0.0,,,3,2.0,66.7,,,,,0,0,1.0,5.0
Fiorentina vs Torino,Torino,30642,Alberto Paleari,G,90,7.6,,0.0,,,32,27.0,84.4,,,,1.0,0,0,2.0,2.0
Fiorentina vs Torino,Torino,388547,Luca Marianucci,D,90,6.7,,0.0,,,59,50.0,84.7,2.0,1.0,1.0,,1,0,2.0,8.0
Fiorentina vs Torino,Torino,2553,Guillermo Maripán,D,90,8.2,1.0,0.0,1.0,1.0,44,41.0,93.2,2.0,1.0,2.0,,1,0,7.0,11.0
Fiorentina vs Torino,Torino,122468,Saúl Coco,D,90,6.6,,0.0,2.0,1.0,53,50.0,94.3,1.0,1.0,1.0,,0,0,3.0,6.0
Fiorentina vs Torino,Torino,25353,Valentino Lazaro,M,69,6.2,,0.0,1.0,,25,22.0,88.0,1.0,,3.0,,1,0,1.0,6.0
Fiorentina vs Torino,Torino,270507,Cesare Casadei,M,90,7.5,1.0,0.0,1.0,1.0,28,17.0,60.7,1.0,,,,0,0,5.0,6.0
Fiorentina vs Torino,Torino,336573,Emirhan İlkhan,M,59,6.9,,1.0,,,36,32.0,88.9,1.0,,2.0,1.0,0,0,2.0,7.0
Fiorentina vs Torino,Torino,343189,Gvidas Gineitis,M,90,6.3,,1.0,,,27,20.0,74.1,3.0,2.0,5.0,1.0,1,0,5.0,13.0
Fiorentina vs Torino,Torino,265722,Rafael Obrador,M,45,6.5,,0.0,,,21,17.0,81.0,1.0,,1.0,,0,0,1.0,5.0
Fiorentina vs Torino,Torino,40405,Sandro Kulenović,F,59,6.7,,0.0,,,8,4.0,50.0,,,,1.0,0,0,3.0,3.0
Fiorentina vs Torino,Torino,19524,Che Adams,F,83,6.6,,0.0,,,24,21.0,87.5,,,,,0,0,1.0,5.0
Fiorentina vs Torino,Torino,39362,Marcus Pedersen,D,45,5.9,,0.0,,,11,10.0,90.9,,,3.0,,0,0,,3.0
Fiorentina vs Torino,Torino,138777,Faustino Anjorin,M,31,6.6,,0.0,,,22,21.0,95.5,,,2.0,,0,0,2.0,4.0
Fiorentina vs Torino,Torino,30414,Giovanni Simeone,F,31,6.2,,0.0,,,10,6.0,60.0,,,,1.0,0,0,2.0,5.0
Fiorentina vs Torino,Torino,243,Zakaria Aboukhlal,F,21,6.7,,0.0,,,18,14.0,77.8,1.0,,3.0,1.0,1,0,3.0,9.0
Fiorentina vs Torino,Torino,2495,Duván Zapata,F,15,6.5,,0.0,1.0,1.0,0,,,,,,,0,0,,
Bologna vs Parma,Bologna,2998,Łukasz Skorupski,G,90,6.2,,0.0,,,24,10.0,41.7,,,,,0,0,1.0,1.0
Bologna vs Parma,Bologna,41734,João Mário,D,45,6.7,,0.0,,,25,20.0,80.0,,,1.0,,0,0,,1.0
Bologna vs Parma,Bologna,39254,Torbjørn Heggem,D,90,7.2,,0.0,,,30,28.0,93.3,1.0,3.0,,1.0,0,0,3.0,4.0
Bologna vs Parma,Bologna,1929,Jhon Lucumí,D,90,6.9,,0.0,2.0,,48,41.0,85.4,3.0,2.0,1.0,,1,0,4.0,6.0
Bologna vs Parma,Bologna,30553,Charalampos Lykogiannis,D,68,7,,0.0,1.0,,30,25.0,83.3,1.0,,,,0,0,3.0,4.0
Bologna vs Parma,Bologna,44814,Lewis Ferguson,M,90,7.2,,0.0,,,67,63.0,94.0,2.0,,1.0,1.0,0,0,3.0,6.0
Bologna vs Parma,Bologna,2807,Remo Freuler,M,90,7.2,,0.0,,,52,45.0,86.5,2.0,,1.0,1.0,0,0,3.0,6.0
Bologna vs Parma,Bologna,31273,Tommaso Pobega,M,22,3.9,,0.0,,,9,8.0,88.9,,,1.0,,0,1,1.0,3.0
Bologna vs Parma,Bologna,873,Federico Bernardeschi,F,87,7.7,,0.0,1.0,,28,24.0,85.7,2.0,,1.0,2.0,0,0,7.0,11.0
Bologna vs Parma,Bologna,93016,Thijs Dallinga,F,57,6.2,,0.0,2.0,1.0,14,7.0,50.0,,,1.0,3.0,0,0,4.0,8.0
Bologna vs Parma,Bologna,278095,Jonathan Rowe,F,87,7.3,,0.0,2.0,,17,11.0,64.7,,,,3.0,0,0,11.0,15.0
Bologna vs Parma,Bologna,128461,Nadir Zortea,D,45,6.7,,0.0,,,14,11.0,78.6,,,1.0,,0,0,2.0,4.0
Bologna vs Parma,Bologna,311067,Santiago Castro,F,33,6.6,,0.0,1.0,,5,4.0,80.0,,,1.0,2.0,0,0,4.0,6.0
Bologna vs Parma,Bologna,134,Juan Miranda,D,22,6.2,,0.0,,,17,13.0,76.5,,,1.0,,0,0,,1.0
Bologna vs Parma,Bologna,30488,Riccardo Orsolini,F,12,6.9,,0.0,2.0,1.0,5,5.0,100.0,,,,,0,0,1.0,1.0
Bologna vs Parma,Bologna,30438,Nicolò Cambiaghi,F,12,6.7,,0.0,,,7,6.0,85.7,,,,,0,0,,
Bologna vs Parma,Parma,180762,Edoardo Corvi,G,90,7.9,,0.0,,,30,25.0,83.3,,,,,0,0,,
Bologna vs Parma,Parma,30420,Enrico Del Prato,D,90,7,,0.0,,,35,29.0,82.9,1.0,1.0,1.0,,0,0,2.0,6.0
Bologna vs Parma,Parma,428237,Mariano Troilo,D,79,6.3,,0.0,,,65,60.0,92.3,1.0,,5.0,,2,1,2.0,8.0
Bologna vs Parma,Parma,348568,Alessandro Circati,D,90,7.6,,0.0,,,52,47.0,90.4,2.0,,,,0,0,4.0,4.0
Bologna vs Parma,Parma,499380,Sascha Britschgi,M,90,6.3,,0.0,,,20,18.0,90.0,1.0,,1.0,1.0,1,0,2.0,10.0
Bologna vs Parma,Parma,628,Adrián Bernabé,M,87,6.7,,0.0,1.0,,38,32.0,84.2,,1.0,2.0,1.0,0,0,3.0,8.0
Bologna vs Parma,Parma,308836,Mandela Keita,M,87,7.3,,0.0,,,38,36.0,94.7,2.0,2.0,,3.0,0,0,6.0,6.0
Bologna vs Parma,Parma,161569,Oliver Sørensen,M,79,6.6,,0.0,,,21,18.0,85.7,,,,3.0,0,0,3.0,4.0
Bologna vs Parma,Parma,91358,Emanuele Valeri,M,90,6.6,,0.0,,,36,23.0,63.9,1.0,2.0,,,0,0,2.0,6.0
Bologna vs Parma,Parma,161859,Gaetano Oristanio,F,54,6.3,,0.0,,,8,6.0,75.0,,,1.0,,0,0,1.0,5.0
Bologna vs Parma,Parma,292172,Mateo Pellegrino,F,90,6.3,,0.0,,,17,11.0,64.7,1.0,,2.0,1.0,0,0,4.0,9.0
Bologna vs Parma,Parma,31624,Gabriel Strefezza,F,36,6.2,,0.0,,,12,6.0,50.0,,1.0,2.0,1.0,0,0,1.0,7.0
Bologna vs Parma,Parma,362752,Christian Ordoñez,M,11,7.7,1.0,0.0,1.0,1.0,1,1.0,100.0,,,,,0,0,,3.0
Bologna vs Parma,Parma,881,Hans Nicolussi Caviglia,M,12,6.6,,1.0,,,3,3.0,100.0,,,,,0,0,,
Bologna vs Parma,Parma,286473,Franco Carboni,D,12,6.7,,0.0,,,0,,,,,,,0,0,,1.0
Lecce vs Udinese,Lecce,56459,Wladimiro Falcone,G,90,6.5,,0.0,,,43,22.0,51.2,,,,,0,0,,
Lecce vs Udinese,Lecce,161702,Danilo Veiga,D,90,7,,0.0,1.0,1.0,24,18.0,75.0,3.0,,2.0,3.0,0,0,6.0,10.0
Lecce vs Udinese,Lecce,291589,Kialonda Gaspar,D,90,5.6,,0.0,,,36,23.0,63.9,,1.0,2.0,3.0,0,0,5.0,10.0
Lecce vs Udinese,Lecce,455316,Tiago Gabriel,D,90,7,,0.0,1.0,,38,34.0,89.5,2.0,3.0,,3.0,0,0,10.0,13.0
Lecce vs Udinese,Lecce,31543,Antonino Gallo,D,90,7.3,,0.0,,,55,42.0,76.4,2.0,1.0,,2.0,0,0,6.0,9.0
Lecce vs Udinese,Lecce,15673,Ylber Ramadani,M,90,6.7,,0.0,1.0,1.0,47,35.0,74.5,3.0,,,1.0,0,0,5.0,11.0
Lecce vs Udinese,Lecce,1748,Lassana Coulibaly,M,90,6.6,,0.0,1.0,1.0,35,25.0,71.4,2.0,,,2.0,0,0,7.0,9.0
Lecce vs Udinese,Lecce,6662,Santiago Pierotti,M,68,6.3,,0.0,,,13,7.0,53.8,2.0,,1.0,,0,0,4.0,12.0
Lecce vs Udinese,Lecce,126974,Omri Gandelman,M,89,7.2,1.0,0.0,2.0,1.0,23,15.0,65.2,1.0,,1.0,1.0,0,0,7.0,19.0
Lecce vs Udinese,Lecce,31507,Riccardo Sottil,M,77,6.9,,0.0,1.0,,22,18.0,81.8,,,1.0,,0,0,1.0,7.0
Lecce vs Udinese,Lecce,128478,Walid Cheddira,F,77,6.3,,0.0,1.0,,15,10.0,66.7,,,1.0,3.0,0,0,5.0,9.0
Lecce vs Udinese,Lecce,118956,Lameck Banda,M,22,8,1.0,0.0,1.0,1.0,11,10.0,90.9,1.0,,1.0,2.0,1,0,3.0,6.0
Lecce vs Udinese,Lecce,264122,Nikola Štulić,F,13,6.3,,0.0,,,10,5.0,50.0,,,,,0,0,,1.0
Lecce vs Udinese,Lecce,8643,Konan N'Dri,F,13,6.2,,0.0,1.0,,5,4.0,80.0,,,,,0,0,1.0,4.0
Lecce vs Udinese,Udinese,143648,Maduka Okoye,G,90,6.3,,0.0,,,32,22.0,68.8,,,,,0,0,1.0,1.0
Lecce vs Udinese,Udinese,656,Oumar Solet,D,90,7.2,1.0,0.0,1.0,1.0,38,31.0,81.6,4.0,,1.0,1.0,0,0,7.0,11.0
Lecce vs Udinese,Udinese,281495,Thomas Kristensen,D,90,6.6,,0.0,,,36,32.0,88.9,2.0,,2.0,,0,0,6.0,11.0
Lecce vs Udinese,Udinese,315249,Nicolò Bertola,D,90,6.2,,0.0,,,49,27.0,55.1,2.0,,1.0,1.0,1,0,7.0,11.0
Lecce vs Udinese,Udinese,36916,Kingsley Ehizibue,M,86,6.2,,0.0,,,24,17.0,70.8,1.0,1.0,1.0,1.0,0,0,2.0,6.0
Lecce vs Udinese,Udinese,343558,Lennon Miller,M,64,6.3,,0.0,,,24,16.0,66.7,,3.0,1.0,1.0,0,0,3.0,6.0
Lecce vs Udinese,Udinese,48047,Jesper Karlström,M,89,5.9,,0.0,,,33,22.0,66.7,,,2.0,,0,0,1.0,6.0
Lecce vs Udinese,Udinese,19824,Jordan Zemura,M,90,7.2,,0.0,,,21,11.0,52.4,4.0,,2.0,3.0,0,0,10.0,14.0
Lecce vs Udinese,Udinese,541,Jürgen Ekkelenkamp,F,86,6.6,,0.0,,,31,22.0,71.0,1.0,,1.0,,0,0,3.0,6.0
Lecce vs Udinese,Udinese,347644,Arthur Atta,F,90,6.9,,0.0,1.0,,31,24.0,77.4,1.0,1.0,,1.0,0,0,10.0,17.0
Lecce vs Udinese,Udinese,1134,Vakoun Bayo,F,64,6,,0.0,1.0,,10,6.0,60.0,,,7.0,1.0,0,0,6.0,20.0
Lecce vs Udinese,Udinese,434410,Idrissa Gueye,F,26,6.5,,0.0,,,1,1.0,100.0,,,2.0,,1,0,2.0,6.0
Lecce vs Udinese,Udinese,786,Nicolò Zaniolo,M,26,6.5,,0.0,2.0,,6,4.0,66.7,,,,,0,0,1.0,4.0
Lecce vs Udinese,Udinese,18797,Christian Kabasele,D,10,6.5,,0.0,,,1,,,1.0,2.0,,,0,0,1.0,1.0
Lecce vs Udinese,Udinese,182560,Oier Zarraga,M,10,6.5,,0.0,,,2,1.0,50.0,,,,,0,0,,
Sassuolo vs Inter,Sassuolo,616,Arijanet Murić,G,90,6.2,,0.0,,,25,14.0,56.0,,,,,0,0,1.0,1.0
Sassuolo vs Inter,Sassuolo,40582,Sebastian Walukiewicz,D,90,5.6,,0.0,,,37,32.0,86.5,,,,,0,0,1.0,3.0
Sassuolo vs Inter,Sassuolo,37651,Jay Idzes,D,90,6.3,,0.0,,,37,34.0,91.9,,,,,0,0,3.0,4.0
Sassuolo vs Inter,Sassuolo,271350,Tarik Muharemović,D,90,6.2,,0.0,,,45,40.0,88.9,1.0,1.0,2.0,,0,0,2.0,5.0
Sassuolo vs Inter,Sassuolo,135526,Josh Doig,D,70,6.3,,0.0,,,22,16.0,72.7,2.0,,,,0,0,2.0,4.0
Sassuolo vs Inter,Sassuolo,39143,Kristian Thorstvedt,M,90,6.3,,0.0,,,25,20.0,80.0,1.0,,2.0,1.0,0,0,3.0,9.0
Sassuolo vs Inter,Sassuolo,902,Nemanja Matić,M,55,5.9,,0.0,,,31,29.0,93.5,1.0,,,2.0,1,1,4.0,7.0
Sassuolo vs Inter,Sassuolo,328046,Ismael Koné,M,90,7.3,,0.0,1.0,1.0,25,24.0,96.0,,,,2.0,0,0,3.0,5.0
Sassuolo vs Inter,Sassuolo,30537,Domenico Berardi,F,59,6.5,,0.0,1.0,,22,15.0,68.2,,,1.0,,0,0,,2.0
Sassuolo vs Inter,Sassuolo,31094,Andrea Pinamonti,F,70,6.2,,0.0,1.0,1.0,15,9.0,60.0,,,1.0,,0,0,2.0,8.0
Sassuolo vs Inter,Sassuolo,2215,Armand Laurienté,F,59,6.9,,0.0,1.0,,13,11.0,84.6,,1.0,,1.0,0,0,2.0,4.0
Sassuolo vs Inter,Sassuolo,128338,Woyo Coulibaly,D,31,6.5,,0.0,,,7,6.0,85.7,,,,2.0,0,0,3.0,4.0
Sassuolo vs Inter,Sassuolo,343562,Luca Lipani,M,31,6.3,,0.0,,,8,7.0,87.5,,,,1.0,0,0,1.0,1.0
Sassuolo vs Inter,Sassuolo,943,Ulisses Garcia,D,20,6.3,,0.0,,,4,4.0,100.0,,,,,0,0,,1.0
Sassuolo vs Inter,Sassuolo,31318,M'Bala Nzola,F,20,6.6,,0.0,,,4,4.0,100.0,1.0,,,1.0,0,0,3.0,5.0
Sassuolo vs Inter,Inter,2802,Yann Sommer,G,90,7.5,,0.0,,,22,18.0,81.8,,,,,0,0,,
Sassuolo vs Inter,Inter,24953,Yann Bisseck,D,90,8.2,1.0,0.0,1.0,1.0,62,58.0,93.5,,,1.0,,0,0,2.0,3.0
Sassuolo vs Inter,Inter,5,Manuel Akanji,D,90,8.7,1.0,0.0,2.0,2.0,64,60.0,93.8,1.0,1.0,,2.0,0,0,7.0,10.0
Sassuolo vs Inter,Inter,31009,Alessandro Bastoni,D,63,7.3,,0.0,,,41,38.0,92.7,1.0,1.0,,,0,0,2.0,2.0
Sassuolo vs Inter,Inter,10077,Luís Henrique,M,90,7.9,1.0,0.0,2.0,2.0,34,32.0,94.1,1.0,,1.0,,0,0,2.0,3.0
Sassuolo vs Inter,Inter,348205,Petar Sučić,M,90,6.7,,0.0,1.0,,70,62.0,88.6,2.0,,3.0,1.0,0,0,3.0,11.0
Sassuolo vs Inter,Inter,329,Piotr Zieliński,M,63,7.3,,0.0,1.0,1.0,67,62.0,92.5,,,,,0,0,1.0,2.0
Sassuolo vs Inter,Inter,1457,Henrikh Mkhitaryan,M,69,6.6,,0.0,2.0,2.0,41,35.0,85.4,1.0,,1.0,1.0,0,0,3.0,6.0
Sassuolo vs Inter,Inter,31010,Federico Dimarco,M,90,9,,3.0,3.0,,45,39.0,86.7,3.0,,2.0,,1,0,3.0,6.0
Sassuolo vs Inter,Inter,217,Lautaro Martínez,F,76,8,1.0,0.0,2.0,1.0,23,20.0,87.0,2.0,,,1.0,0,0,6.0,8.0
Sassuolo vs Inter,Inter,21509,Marcus Thuram,F,76,7.3,1.0,0.0,3.0,2.0,11,7.0,63.6,,,,1.0,0,0,2.0,6.0
Sassuolo vs Inter,Inter,31173,Davide Frattesi,M,27,6.3,,0.0,,,9,9.0,100.0,1.0,,2.0,,0,0,1.0,5.0
Sassuolo vs Inter,Inter,887,Matteo Darmian,D,27,6.6,,0.0,,,22,22.0,100.0,,1.0,,,0,0,,
Sassuolo vs Inter,Inter,270509,Andy Diouf,M,21,6.6,,0.0,,,15,13.0,86.7,1.0,,,,0,0,1.0,1.0
Sassuolo vs Inter,Inter,275651,Ange-Yoan Bonny,F,14,6.5,,0.0,,,2,2.0,100.0,,,,,0,0,,
Sassuolo vs Inter,Inter,345808,Francesco Pio Esposito,F,14,6.7,,0.0,,,2,1.0,50.0,,1.0,,,0,0,,
Juventus vs Lazio,Juventus,30670,Michele Di Gregorio,G,90,5.5,,0.0,,,23,20.0,87.0,,,,,0,0,,
Juventus vs Lazio,Juventus,162188,Pierre Kalulu,D,90,8.3,1.0,0.0,1.0,1.0,63,58.0,92.1,2.0,1.0,1.0,,0,0,3.0,6.0
Juventus vs Lazio,Juventus,30497,Bremer,D,90,6.9,,0.0,2.0,1.0,57,53.0,93.0,2.0,1.0,1.0,1.0,0,0,9.0,12.0
Juventus vs Lazio,Juventus,36899,Teun Koopmeiners,D,77,6.6,,0.0,1.0,,87,79.0,90.8,2.0,,1.0,,0,0,3.0,4.0
Juventus vs Lazio,Juventus,127011,Andrea Cambiaso,M,76,7.9,,1.0,1.0,1.0,36,31.0,86.1,6.0,1.0,1.0,,0,0,7.0,14.0
Juventus vs Lazio,Juventus,30533,Manuel Locatelli,M,83,6.9,,0.0,1.0,,84,75.0,89.3,3.0,,,1.0,0,0,5.0,7.0
Juventus vs Lazio,Juventus,116,Khéphren Thuram,M,90,7.3,,0.0,2.0,,81,68.0,84.0,2.0,,,,0,0,4.0,6.0
Juventus vs Lazio,Juventus,125674,Juan Cabal,M,45,6.3,,0.0,,,30,27.0,90.0,2.0,2.0,1.0,,0,0,3.0,7.0
Juventus vs Lazio,Juventus,415,Weston McKennie,F,84,7.5,1.0,0.0,4.0,1.0,33,28.0,84.8,,1.0,4.0,1.0,0,0,4.0,11.0
Juventus vs Lazio,Juventus,339883,Kenan Yıldız,F,90,7.5,,0.0,3.0,3.0,55,51.0,92.7,1.0,1.0,,,0,0,6.0,14.0
Juventus vs Lazio,Juventus,8489,Jonathan David,F,90,5.9,,0.0,1.0,,26,18.0,69.2,1.0,,1.0,,0,0,1.0,7.0
Juventus vs Lazio,Juventus,48392,Edon Zhegrova,F,45,6.6,,0.0,2.0,1.0,25,22.0,88.0,1.0,,,,0,0,2.0,7.0
Juventus vs Lazio,Juventus,30531,Jérémie Boga,F,14,7.6,,0.0,1.0,,9,9.0,100.0,1.0,,,1.0,0,0,3.0,4.0
Juventus vs Lazio,Juventus,19263,Lloyd Kelly,D,13,6.7,,0.0,,,13,11.0,84.6,,,,,0,0,,1.0
Juventus vs Lazio,Juventus,86,Loïs Openda,F,15,6.5,,0.0,2.0,,0,,,,,,,0,0,,
Juventus vs Lazio,Juventus,181808,Fabio Miretti,M,14,6.7,,0.0,,,8,8.0,100.0,,,,,0,0,1.0,3.0
Juventus vs Lazio,Lazio,31037,Ivan Provedel,G,90,6.6,,0.0,,,49,29.0,59.2,,,,,0,0,1.0,1.0
Juventus vs Lazio,Lazio,1844,Adam Marušić,D,90,6.3,,0.0,,,23,19.0,82.6,2.0,3.0,,,0,0,2.0,5.0
Juventus vs Lazio,Lazio,162952,Mario Gila Fuentes,D,77,7.5,,0.0,,,57,48.0,84.2,4.0,,,1.0,0,0,9.0,10.0
Juventus vs Lazio,Lazio,350857,Oliver Provstgaard,D,83,7.2,,0.0,,,49,47.0,95.9,2.0,,,1.0,0,0,4.0,8.0
Juventus vs Lazio,Lazio,41577,Nuno Tavares,D,90,7,,0.0,1.0,,32,29.0,90.6,4.0,1.0,,2.0,0,0,8.0,11.0
Juventus vs Lazio,Lazio,1266,Toma Bašić,M,45,6.9,,0.0,1.0,,18,17.0,94.4,1.0,1.0,,,0,0,1.0,2.0
Juventus vs Lazio,Lazio,1852,Danilo Cataldi,M,90,7.7,,1.0,,,42,37.0,88.1,1.0,,,2.0,0,0,4.0,5.0
Juventus vs Lazio,Lazio,38749,Kenneth Taylor,M,90,6.7,,0.0,1.0,,33,27.0,81.8,,3.0,1.0,,1,0,1.0,4.0
Juventus vs Lazio,Lazio,135519,Gustav Isaksen,F,65,7.7,1.0,0.0,1.0,1.0,13,7.0,53.8,1.0,,,2.0,0,0,4.0,13.0
Juventus vs Lazio,Lazio,134926,Daniel Maldini,F,90,6.7,,1.0,,,21,16.0,76.2,4.0,,2.0,2.0,0,0,9.0,25.0
Juventus vs Lazio,Lazio,2299,Pedro,F,64,7.3,1.0,0.0,1.0,1.0,22,20.0,90.9,,,,,0,0,,1.0
Juventus vs Lazio,Lazio,144740,Fisayo Dele-Bashiru,M,45,6.2,,0.0,1.0,,7,5.0,71.4,1.0,,,,0,0,1.0,4.0
Juventus vs Lazio,Lazio,133729,Tijjani Noslin,F,26,6.5,,0.0,1.0,,13,10.0,76.9,,,,,0,0,2.0,4.0
Juventus vs Lazio,Lazio,286474,Matteo Cancellieri,F,25,6.9,,0.0,,,4,2.0,50.0,4.0,,,,0,0,5.0,8.0
Juventus vs Lazio,Lazio,1632,Alessio Romagnoli,D,13,6.3,,0.0,,,2,2.0,100.0,,,1.0,,1,0,1.0,2.0
Juventus vs Lazio,Lazio,1841,Patric,D,15,6.3,,0.0,,,4,1.0,25.0,,,,,0,0,,
Atalanta vs Cremonese,Atalanta,30417,Marco Carnesecchi,G,90,6.9,,0.0,,,27,16.0,59.3,,,,,0,0,1.0,1.0
Atalanta vs Cremonese,Atalanta,289761,Giorgio Scalvini,D,90,7.6,,0.0,,,60,51.0,85.0,4.0,2.0,1.0,,0,0,10.0,12.0
Atalanta vs Cremonese,Atalanta,30421,Berat Djimsiti,D,90,6.3,,0.0,1.0,1.0,52,47.0,90.4,,,,,0,0,5.0,11.0
Atalanta vs Cremonese,Atalanta,1442,Sead Kolašinac,D,59,6.6,,0.0,,,33,33.0,100.0,,,3.0,1.0,1,0,1.0,7.0
Atalanta vs Cremonese,Atalanta,2286,Davide Zappacosta,M,59,7.9,1.0,0.0,1.0,1.0,20,16.0,80.0,1.0,,,,0,0,3.0,5.0
Atalanta vs Cremonese,Atalanta,2763,Mario Pašalić,M,90,7.2,,1.0,2.0,,63,50.0,79.4,1.0,,1.0,,0,0,3.0,5.0
Atalanta vs Cremonese,Atalanta,10097,Éderson,M,90,7,,0.0,1.0,1.0,53,44.0,83.0,3.0,2.0,,,0,0,7.0,15.0
Atalanta vs Cremonese,Atalanta,203474,Nicola Zalewski,M,70,7.3,,0.0,2.0,,34,29.0,85.3,,,2.0,1.0,0,0,1.0,5.0
Atalanta vs Cremonese,Atalanta,178749,Lazar Samardžić,F,70,7.3,,0.0,2.0,,32,29.0,90.6,,,2.0,3.0,0,0,5.0,12.0
Atalanta vs Cremonese,Atalanta,30543,Giacomo Raspadori,F,78,7,,1.0,4.0,3.0,27,23.0,85.2,,,1.0,1.0,0,0,2.0,5.0
Atalanta vs Cremonese,Atalanta,66817,Nikola Krstović,F,90,7.2,1.0,0.0,4.0,2.0,22,10.0,45.5,,,,3.0,0,0,6.0,11.0
Atalanta vs Cremonese,Atalanta,48119,Odilon Kossounou,D,31,6.3,,0.0,,,21,18.0,85.7,1.0,,1.0,,1,0,2.0,11.0
Atalanta vs Cremonese,Atalanta,91422,Raoul Bellanova,D,31,6.5,,0.0,,,12,11.0,91.7,,,,,0,0,1.0,2.0
Atalanta vs Cremonese,Atalanta,264857,Lorenzo Bernasconi,D,20,6.2,,0.0,,,12,9.0,75.0,,,,,0,0,,1.0
Atalanta vs Cremonese,Atalanta,199837,Kamaldeen Sulemana,F,20,6.9,,0.0,2.0,1.0,8,7.0,87.5,,,,,0,0,2.0,2.0
Atalanta vs Cremonese,Atalanta,162106,Yunus Musah,M,12,6.5,,0.0,,,11,8.0,72.7,,1.0,,,0,0,,1.0
Atalanta vs Cremonese,Cremonese,30441,Emil Audero,G,90,7,,0.0,,,50,33.0,66.0,,,,,0,0,1.0,1.0
Atalanta vs Cremonese,Cremonese,30397,Federico Ceccherini,D,39,6.2,,0.0,,,16,12.0,75.0,,1.0,,1.0,0,0,1.0,4.0
Atalanta vs Cremonese,Cremonese,127035,Federico Baschirotto,D,90,7.5,,0.0,,,38,32.0,84.2,1.0,3.0,4.0,,0,0,5.0,8.0
Atalanta vs Cremonese,Cremonese,319,Sebastiano Luperto,D,90,6.6,,1.0,,,55,50.0,90.9,1.0,1.0,1.0,2.0,0,0,6.0,13.0
Atalanta vs Cremonese,Cremonese,126980,Tommaso Barbieri,M,84,6.9,,0.0,1.0,,20,13.0,65.0,1.0,,2.0,2.0,0,0,5.0,7.0
Atalanta vs Cremonese,Cremonese,36980,Morten Thorsby,M,90,7.6,1.0,0.0,4.0,1.0,30,19.0,63.3,2.0,,1.0,,0,0,12.0,19.0
Atalanta vs Cremonese,Cremonese,31021,Alberto Grassi,M,63,6.5,,0.0,,,18,14.0,77.8,,2.0,,1.0,0,0,1.0,1.0
Atalanta vs Cremonese,Cremonese,56560,Youssef Maleh,M,90,6.5,,0.0,2.0,,31,24.0,77.4,2.0,2.0,,,0,0,3.0,7.0
Atalanta vs Cremonese,Cremonese,30775,Giuseppe Pezzella,M,90,6.3,,0.0,,,36,28.0,77.8,,,1.0,1.0,0,0,3.0,8.0
Atalanta vs Cremonese,Cremonese,31436,Federico Bonazzoli,F,45,6.5,,0.0,,,11,8.0,72.7,,1.0,1.0,2.0,0,0,2.0,7.0
Atalanta vs Cremonese,Cremonese,18788,Jamie Vardy,F,63,6.3,,0.0,,,11,11.0,100.0,1.0,,,,0,0,3.0,7.0
Atalanta vs Cremonese,Cremonese,264472,Filippo Terracciano,D,51,7,,0.0,,,27,22.0,81.5,,,1.0,,0,0,,2.0
Atalanta vs Cremonese,Cremonese,31692,Milan Đurić,F,45,6.7,,0.0,1.0,1.0,17,5.0,29.4,,,,,0,0,10.0,12.0
Atalanta vs Cremonese,Cremonese,6383,Martín Payero,M,27,7.2,,0.0,,,12,12.0,100.0,,1.0,,1.0,0,0,4.0,7.0
Atalanta vs Cremonese,Cremonese,2522,Antonio Sanabria,F,27,6.5,,0.0,1.0,,11,9.0,81.8,,,,,0,0,1.0,3.0
Atalanta vs Cremonese,Cremonese,31219,Alessio Zerbin,F,13,6.6,,0.0,,,5,4.0,80.0,,,,,0,0,,
AS Roma vs Cagliari,AS Roma,556,Mile Svilar,G,90,6.9,,0.0,,,18,14.0,77.8,,1.0,,,0,0,,
AS Roma vs Cagliari,AS Roma,30425,Gianluca Mancini,D,90,7.2,,1.0,,,45,40.0,88.9,1.0,2.0,1.0,,1,0,2.0,5.0
AS Roma vs Cagliari,AS Roma,1807,Evan Ndicka,D,90,7.2,,0.0,1.0,,47,45.0,95.7,1.0,1.0,3.0,2.0,0,0,6.0,12.0
AS Roma vs Cagliari,AS Roma,342019,Daniele Ghilardi,D,90,7.7,,0.0,1.0,,58,53.0,91.4,1.0,1.0,1.0,1.0,0,0,6.0,9.0
AS Roma vs Cagliari,AS Roma,22222,Zeki Çelik,M,90,8.2,,1.0,,,45,40.0,88.9,1.0,2.0,,,0,0,2.0,4.0
AS Roma vs Cagliari,AS Roma,778,Bryan Cristante,M,84,7,,0.0,,,68,51.0,75.0,1.0,1.0,3.0,,0,0,2.0,5.0
AS Roma vs Cagliari,AS Roma,356888,Niccolò Pisilli,M,90,7.2,,0.0,1.0,1.0,72,65.0,90.3,2.0,2.0,,,0,0,4.0,6.0
AS Roma vs Cagliari,AS Roma,349001,Wesley,M,90,7.3,,0.0,,,44,36.0,81.8,3.0,1.0,2.0,2.0,0,0,6.0,10.0
AS Roma vs Cagliari,AS Roma,323936,Matías Soulé,F,84,6.9,,0.0,2.0,,35,31.0,88.6,,1.0,,2.0,0,0,3.0,8.0
AS Roma vs Cagliari,AS Roma,782,Lorenzo Pellegrini,F,57,6.6,,0.0,,,36,26.0,72.2,,,2.0,1.0,0,0,1.0,6.0
AS Roma vs Cagliari,AS Roma,249,Donyell Malen,F,84,8.3,2.0,0.0,4.0,2.0,10,5.0,50.0,,,2.0,3.0,0,0,5.0,11.0
AS Roma vs Cagliari,AS Roma,286639,Bryan Zaragoza,F,33,6.9,,0.0,1.0,1.0,19,17.0,89.5,,,3.0,2.0,1,0,4.0,7.0
AS Roma vs Cagliari,AS Roma,277003,Neil El Aynaoui,M,10,6.3,,0.0,1.0,1.0,4,4.0,100.0,,,1.0,,0,0,,1.0
AS Roma vs Cagliari,AS Roma,452033,Lorenzo Venturino,F,10,6.3,,0.0,,,3,1.0,33.3,,,,,0,0,,1.0
AS Roma vs Cagliari,AS Roma,484027,Antonio Arena,F,10,6.3,,0.0,,,1,1.0,100.0,,,,,0,0,,
AS Roma vs Cagliari,Cagliari,30731,Elia Caprile,G,90,6.7,,0.0,,,32,14.0,43.8,,,,,0,0,,
AS Roma vs Cagliari,Cagliari,41964,Zé Pedro,D,87,5.9,,0.0,,,36,33.0,91.7,2.0,3.0,2.0,,0,0,2.0,9.0
AS Roma vs Cagliari,Cagliari,32034,Alberto Dossena,D,90,6.2,,0.0,2.0,1.0,34,30.0,88.2,1.0,1.0,2.0,1.0,1,0,3.0,6.0
AS Roma vs Cagliari,Cagliari,415155,Juan Rodríguez,D,90,6.6,,0.0,,,56,48.0,85.7,1.0,4.0,1.0,,0,0,2.0,4.0
AS Roma vs Cagliari,Cagliari,383018,Marco Palestra,M,90,6.9,,0.0,,,31,25.0,80.6,2.0,2.0,2.0,5.0,1,0,10.0,14.0
AS Roma vs Cagliari,Cagliari,30505,Michel Adopo,M,90,6.5,,0.0,,,46,36.0,78.3,1.0,2.0,,2.0,0,0,5.0,9.0
AS Roma vs Cagliari,Cagliari,325,Gianluca Gaetano,M,87,7.3,,0.0,,,61,51.0,83.6,1.0,,1.0,2.0,1,0,5.0,7.0
AS Roma vs Cagliari,Cagliari,30780,Luca Mazzitelli,M,59,6.3,,0.0,,,31,23.0,74.2,1.0,,2.0,1.0,0,0,2.0,6.0
AS Roma vs Cagliari,Cagliari,321744,Adam Obert,M,90,6.7,,0.0,,,43,37.0,86.0,1.0,2.0,,,0,0,1.0,3.0
AS Roma vs Cagliari,Cagliari,336567,Semih Kılıçsoy,F,73,6.3,,0.0,,,23,17.0,73.9,,,3.0,4.0,0,0,7.0,14.0
AS Roma vs Cagliari,Cagliari,215,Sebastiano Esposito,F,73,7,,0.0,,,35,24.0,68.6,3.0,,,1.0,0,0,4.0,6.0
AS Roma vs Cagliari,Cagliari,353609,Ibrahim Sulemana,M,31,6.3,,0.0,1.0,,20,20.0,100.0,1.0,1.0,,,0,0,1.0,2.0
AS Roma vs Cagliari,Cagliari,383026,Riyad Idrissi,D,17,6.3,,0.0,,,11,8.0,72.7,,,1.0,,1,0,1.0,3.0
AS Roma vs Cagliari,Cagliari,30573,Leonardo Pavoletti,F,17,6.5,,0.0,,,7,6.0,85.7,,,,,0,0,,1.0
AS Roma vs Cagliari,Cagliari,200,Gabriele Zappa,D,3,,,0.0,,,7,6.0,85.7,,,,,0,0,,
AS Roma vs Cagliari,Cagliari,584116,Yael Trepy,F,3,,,0.0,,,2,1.0,50.0,,,,1.0,0,0,1.0,1.0
Pisa vs AC Milan,Pisa,30792,Nícolas,G,90,6.2,,0.0,,,27,14.0,51.9,,,,,0,0,1.0,1.0
Pisa vs AC Milan,Pisa,91503,Simone Canestrelli,D,90,6.3,,0.0,,,34,26.0,76.5,3.0,2.0,3.0,,0,0,4.0,9.0
Pisa vs AC Milan,Pisa,31604,Antonio Caracciolo,D,90,6.3,,0.0,,,39,36.0,92.3,2.0,,1.0,,0,0,2.0,3.0
Pisa vs AC Milan,Pisa,342310,Rosen Bozhinov,D,90,6.2,,0.0,,,57,51.0,89.5,,1.0,2.0,,0,0,,2.0
Pisa vs AC Milan,Pisa,56293,Idrissa Touré,M,86,6.3,,0.0,,,28,15.0,53.6,2.0,1.0,2.0,,1,0,11.0,27.0
Pisa vs AC Milan,Pisa,298165,Felipe Loyola,M,89,6.9,1.0,0.0,1.0,1.0,34,29.0,85.3,1.0,2.0,3.0,1.0,0,0,2.0,8.0
Pisa vs AC Milan,Pisa,951,Michel Aebischer,M,56,6.3,,0.0,,,27,25.0,92.6,1.0,1.0,1.0,1.0,0,0,2.0,6.0
Pisa vs AC Milan,Pisa,302069,Samuele Angori,M,90,6.6,,0.0,1.0,,28,25.0,89.3,,,,2.0,0,0,2.0,2.0
Pisa vs AC Milan,Pisa,31560,Stefano Moreo,F,87,7.2,,0.0,1.0,,23,17.0,73.9,1.0,1.0,,,0,0,6.0,10.0
Pisa vs AC Milan,Pisa,20959,Matteo Tramoni,F,57,6.9,,0.0,,,11,7.0,63.6,1.0,,,1.0,0,0,3.0,4.0
Pisa vs AC Milan,Pisa,123476,Filip Stojilković,F,90,6.5,,0.0,2.0,1.0,5,2.0,40.0,,,1.0,,0,0,,3.0
Pisa vs AC Milan,Pisa,408635,Ebenezer Akinsanmiro,M,34,6.7,,0.0,,,8,8.0,100.0,,4.0,1.0,1.0,0,0,1.0,2.0
Pisa vs AC Milan,Pisa,162173,Samuel Iling Junior,F,33,6.7,,0.0,,,10,8.0,80.0,,,,,0,0,,1.0
Pisa vs AC Milan,Pisa,30753,Mehdi Léris,M,9,6.7,,0.0,,,2,,,1.0,,,1.0,0,0,2.0,3.0
Pisa vs AC Milan,Pisa,325387,Gabriele Piccinini,M,8,7,,0.0,,,5,4.0,80.0,,,,1.0,0,0,1.0,1.0
Pisa vs AC Milan,AC Milan,22221,Mike Maignan,G,90,7.2,,0.0,,,23,19.0,82.6,,,,2.0,0,0,2.0,2.0
Pisa vs AC Milan,AC Milan,19209,Fikayo Tomori,D,90,7.2,,0.0,,,96,89.0,92.7,2.0,,,,0,0,5.0,5.0
Pisa vs AC Milan,AC Milan,56473,Matteo Gabbia,D,90,7,,0.0,,,89,83.0,93.3,,,,,0,0,1.0,1.0
Pisa vs AC Milan,AC Milan,45826,Strahinja Pavlović,D,90,7.9,,0.0,,,104,94.0,90.4,1.0,,,3.0,0,0,8.0,11.0
Pisa vs AC Milan,AC Milan,396380,Zachary Athekame,M,77,6.6,,1.0,,,39,30.0,76.9,,,3.0,1.0,0,0,1.0,4.0
Pisa vs AC Milan,AC Milan,22254,Youssouf Fofana,M,72,6.3,,0.0,,,33,29.0,87.9,2.0,,,,0,0,3.0,6.0
Pisa vs AC Milan,AC Milan,754,Luka Modrić,M,90,8.5,1.0,0.0,1.0,1.0,97,92.0,94.8,1.0,1.0,1.0,,0,0,2.0,5.0
Pisa vs AC Milan,AC Milan,272,Adrien Rabiot,M,90,6.3,,0.0,1.0,,67,58.0,86.6,1.0,2.0,1.0,3.0,2,1,7.0,9.0
Pisa vs AC Milan,AC Milan,374359,Davide Bartesaghi,M,90,6.7,,0.0,,,60,54.0,90.0,7.0,,1.0,,1,0,9.0,20.0
Pisa vs AC Milan,AC Milan,2292,Ruben Loftus-Cheek,F,72,7.3,1.0,0.0,2.0,1.0,26,24.0,92.3,,,1.0,1.0,0,0,2.0,5.0
Pisa vs AC Milan,AC Milan,269,Christopher Nkunku,F,45,6.2,,0.0,,,9,9.0,100.0,,,,,0,0,,2.0
Pisa vs AC Milan,AC Milan,25391,Niclas Füllkrug,F,44,5.9,,0.0,2.0,,10,7.0,70.0,,,1.0,1.0,0,0,1.0,3.0
Pisa vs AC Milan,AC Milan,22236,Rafael Leão,F,18,6.2,,0.0,,,9,7.0,77.8,,,1.0,1.0,0,0,1.0,6.0
Pisa vs AC Milan,AC Milan,31056,Samuele Ricci,M,18,7.3,,1.0,,,9,9.0,100.0,,,,2.0,0,0,2.0,2.0
Pisa vs AC Milan,AC Milan,17,Christian Pulišić,M,13,6.6,,0.0,,,10,8.0,80.0,1.0,,,,0,0,1.0,1.0
Como vs Fiorentina,Como,8574,Jean Butez,G,90,6.9,,0.0,,,32,29.0,90.6,,,,1.0,0,0,1.0,1.0
Como vs Fiorentina,Como,8586,Mërgim Vojvoda,D,72,5.9,,0.0,,,39,32.0,82.1,,1.0,1.0,,0,0,1.0,3.0
Como vs Fiorentina,Como,386305,Jacobo Ramón,D,90,7,,0.0,,,87,77.0,88.5,2.0,1.0,3.0,,0,0,12.0,17.0
Como vs Fiorentina,Como,26301,Marc-Oliver Kempf,D,90,6,,0.0,2.0,1.0,59,56.0,94.9,1.0,,1.0,1.0,1,0,7.0,12.0
Como vs Fiorentina,Como,336560,Álex Valle,D,45,6.2,,0.0,,,21,20.0,95.2,,,1.0,,0,0,,1.0
Como vs Fiorentina,Como,288699,Máximo Perrone,M,57,6.3,,0.0,,,83,77.0,92.8,,,1.0,,0,0,,2.0
Como vs Fiorentina,Como,162266,Lucas Da Cunha,M,90,7.2,,0.0,,,70,61.0,87.1,3.0,1.0,1.0,1.0,0,0,5.0,8.0
Como vs Fiorentina,Como,38753,Nicolas-Gerrit Kühn,M,45,6.6,,0.0,,,14,11.0,78.6,4.0,,,,0,0,4.0,9.0
Como vs Fiorentina,Como,350037,Nico Paz,M,90,6,,0.0,5.0,1.0,37,31.0,83.8,4.0,1.0,2.0,,0,0,4.0,9.0
Como vs Fiorentina,Como,295026,Martin Baturina,M,90,6.6,,0.0,2.0,,58,56.0,96.6,2.0,,2.0,2.0,0,0,4.0,11.0
Como vs Fiorentina,Como,26845,Anastasios Douvikas,F,57,6.5,,0.0,1.0,,6,4.0,66.7,,,,,0,0,1.0,4.0
Como vs Fiorentina,Como,288,Alberto Moreno,D,45,6.3,,0.0,,,24,18.0,75.0,,,,,0,0,,1.0
Como vs Fiorentina,Como,443162,Jesús Rodriguez,F,45,7.2,,0.0,2.0,1.0,12,11.0,91.7,2.0,,2.0,1.0,1,0,5.0,8.0
Como vs Fiorentina,Como,354533,Jayden Addai,F,33,7,,0.0,,,9,7.0,77.8,,,,1.0,0,0,5.0,6.0
Como vs Fiorentina,Como,59,Álvaro Morata,F,32,6.7,,0.0,1.0,,2,1.0,50.0,,,,4.0,2,1,4.0,5.0
Como vs Fiorentina,Como,659,Maxence Caqueret,M,18,6.9,,0.0,,,15,15.0,100.0,1.0,,,,0,0,1.0,2.0
Como vs Fiorentina,Fiorentina,882,David De Gea,G,90,6.3,,0.0,,,34,11.0,32.4,,,,,0,0,,
Como vs Fiorentina,Fiorentina,41144,Dodô,D,90,6.9,,0.0,,,28,25.0,89.3,,,,4.0,0,0,6.0,8.0
Como vs Fiorentina,Fiorentina,1084,Marin Pongračić,D,90,6.9,,0.0,,,43,40.0,93.0,,3.0,1.0,,0,0,4.0,7.0
Como vs Fiorentina,Fiorentina,31642,Luca Ranieri,D,90,6.5,,0.0,1.0,,33,24.0,72.7,,3.0,1.0,,1,0,1.0,3.0
Como vs Fiorentina,Fiorentina,136087,Fabiano Parisi,D,90,6.3,,0.0,,,30,21.0,70.0,,3.0,2.0,4.0,0,0,10.0,19.0
Como vs Fiorentina,Fiorentina,30810,Rolando Mandragora,M,90,7.3,,0.0,,,22,19.0,86.4,2.0,,,2.0,1,0,6.0,9.0
Como vs Fiorentina,Fiorentina,876,Nicolò Fagioli,M,84,8.3,1.0,0.0,1.0,1.0,26,21.0,80.8,3.0,1.0,1.0,1.0,0,0,6.0,9.0
Como vs Fiorentina,Fiorentina,1639,Marco Brescianini,M,90,6.2,,0.0,,,20,13.0,65.0,,,1.0,1.0,0,0,1.0,7.0
Como vs Fiorentina,Fiorentina,19128,Jack Harrison,F,90,6.5,,0.0,1.0,,19,19.0,100.0,,,1.0,,0,0,1.0,6.0
Como vs Fiorentina,Fiorentina,877,Moise Kean,F,84,6.3,1.0,0.0,1.0,1.0,6,5.0,83.3,,,2.0,1.0,0,0,2.0,11.0
Como vs Fiorentina,Fiorentina,697,Manor Solomon,F,90,7,,0.0,,,15,12.0,80.0,1.0,,1.0,1.0,0,0,8.0,14.0
Como vs Fiorentina,Fiorentina,311083,Cher Ndour,M,12,6.7,,0.0,,,3,3.0,100.0,,,,,0,0,,1.0
Como vs Fiorentina,Fiorentina,30440,Roberto Piccoli,F,12,6.7,,0.0,1.0,1.0,1,1.0,100.0,,,2.0,,0,0,,5.0
Lazio vs Atalanta,Lazio,31037,Ivan Provedel,G,90,6.3,,0.0,,,27,24.0,88.9,,,,,0,0,,1.0
Lazio vs Atalanta,Lazio,1844,Adam Marušić,D,90,6.2,,0.0,1.0,,45,37.0,82.2,1.0,,1.0,,0,0,2.0,4.0
Lazio vs Atalanta,Lazio,162952,Mario Gila Fuentes,D,45,6.3,,0.0,,,39,34.0,87.2,,,,1.0,0,0,2.0,4.0
Lazio vs Atalanta,Lazio,350857,Oliver Provstgaard,D,90,6.6,,0.0,,,56,52.0,92.9,1.0,2.0,1.0,,0,0,1.0,5.0
Lazio vs Atalanta,Lazio,41577,Nuno Tavares,D,90,6.9,,0.0,,,72,64.0,88.9,1.0,1.0,,,0,0,1.0,2.0
Lazio vs Atalanta,Lazio,144740,Fisayo Dele-Bashiru,M,90,6.2,,0.0,,,28,25.0,89.3,1.0,,1.0,,0,0,2.0,5.0
Lazio vs Atalanta,Lazio,1852,Danilo Cataldi,M,67,6.9,,0.0,1.0,,24,22.0,91.7,2.0,2.0,1.0,1.0,0,0,3.0,3.0
Lazio vs Atalanta,Lazio,38749,Kenneth Taylor,M,79,7.5,,0.0,2.0,2.0,31,27.0,87.1,4.0,,2.0,1.0,1,0,6.0,11.0
Lazio vs Atalanta,Lazio,135519,Gustav Isaksen,F,88,6.6,,0.0,1.0,,24,17.0,70.8,1.0,,,1.0,0,0,3.0,5.0
Lazio vs Atalanta,Lazio,134926,Daniel Maldini,F,90,7,,0.0,3.0,1.0,37,29.0,78.4,2.0,2.0,4.0,4.0,0,0,6.0,9.0
Lazio vs Atalanta,Lazio,133729,Tijjani Noslin,F,67,7.2,,0.0,2.0,2.0,24,18.0,75.0,,,,1.0,0,0,3.0,3.0
Lazio vs Atalanta,Lazio,1841,Patric,D,45,6.6,,0.0,,,38,36.0,94.7,,1.0,,,0,0,1.0,1.0
Lazio vs Atalanta,Lazio,30784,Nicolò Rovella,M,23,7.2,,0.0,,,23,22.0,95.7,2.0,,,1.0,0,0,3.0,5.0
Lazio vs Atalanta,Lazio,301763,Petar Ratkov,F,23,6.3,,0.0,2.0,,4,1.0,25.0,1.0,,,,0,0,2.0,3.0
Lazio vs Atalanta,Lazio,286474,Matteo Cancellieri,F,11,6.7,,0.0,,,2,2.0,100.0,,,,1.0,0,0,1.0,1.0
Lazio vs Atalanta,Lazio,22015,Boulaye Dia,F,8,6.3,,0.0,,,4,4.0,100.0,,,,,0,0,,
Lazio vs Atalanta,Atalanta,30417,Marco Carnesecchi,G,90,9.9,,0.0,,,47,37.0,78.7,,,,,0,0,,
Lazio vs Atalanta,Atalanta,289761,Giorgio Scalvini,D,45,6.6,,0.0,1.0,1.0,51,46.0,90.2,,,1.0,1.0,1,0,1.0,3.0
Lazio vs Atalanta,Atalanta,30421,Berat Djimsiti,D,90,7.2,,0.0,,,63,61.0,96.8,1.0,,2.0,,1,0,1.0,3.0
Lazio vs Atalanta,Atalanta,453906,Honest Ahanor,D,25,6.3,,0.0,1.0,,18,17.0,94.4,1.0,2.0,1.0,,1,0,2.0,4.0
Lazio vs Atalanta,Atalanta,2286,Davide Zappacosta,M,83,6.9,,0.0,,,46,42.0,91.3,,2.0,,,0,0,,1.0
Lazio vs Atalanta,Atalanta,30432,Marten de Roon,M,90,6.9,,0.0,1.0,,50,44.0,88.0,1.0,,2.0,,0,0,2.0,5.0
Lazio vs Atalanta,Atalanta,10097,Éderson,M,90,7.7,1.0,0.0,1.0,1.0,40,38.0,95.0,1.0,,,1.0,0,0,3.0,7.0
Lazio vs Atalanta,Atalanta,264857,Lorenzo Bernasconi,M,90,7.2,,1.0,,,44,40.0,90.9,,1.0,1.0,1.0,1,0,2.0,4.0
Lazio vs Atalanta,Atalanta,178749,Lazar Samardžić,F,45,6.6,,0.0,,,16,15.0,93.8,,,,,0,0,,1.0
Lazio vs Atalanta,Atalanta,203474,Nicola Zalewski,F,70,7.3,1.0,0.0,2.0,1.0,13,9.0,69.2,,,1.0,,0,0,,3.0
Lazio vs Atalanta,Atalanta,66817,Nikola Krstović,F,90,6.7,,0.0,3.0,2.0,18,14.0,77.8,2.0,,5.0,1.0,0,0,7.0,12.0
Lazio vs Atalanta,Atalanta,1442,Sead Kolašinac,D,65,7.2,,0.0,,,32,31.0,96.9,2.0,,,,0,0,2.0,3.0
Lazio vs Atalanta,Atalanta,48119,Odilon Kossounou,D,45,6.9,,0.0,,,30,28.0,93.3,,,3.0,,0,0,,4.0
Lazio vs Atalanta,Atalanta,30543,Giacomo Raspadori,F,43,6.5,,0.0,,,12,10.0,83.3,,,,1.0,0,0,2.0,5.0
Lazio vs Atalanta,Atalanta,199837,Kamaldeen Sulemana,F,20,6.6,,0.0,,,7,6.0,85.7,2.0,,,,0,0,3.0,6.0
Lazio vs Atalanta,Atalanta,91422,Raoul Bellanova,D,13,6.9,,0.0,,,7,5.0,71.4,,,,1.0,0,0,1.0,1.0
Inter vs Juventus,Inter,2802,Yann Sommer,G,90,7.7,,0.0,,,27,25.0,92.6,,,,,0,0,,
Inter vs Juventus,Inter,24953,Yann Bisseck,D,90,6.9,,1.0,1.0,1.0,53,48.0,90.6,2.0,1.0,1.0,,0,0,4.0,7.0
Inter vs Juventus,Inter,5,Manuel Akanji,D,90,6.2,,0.0,,,86,79.0,91.9,,,,,0,0,1.0,8.0
Inter vs Juventus,Inter,31009,Alessandro Bastoni,D,45,6.5,,0.0,1.0,1.0,44,42.0,95.5,,1.0,1.0,1.0,1,0,2.0,3.0
Inter vs Juventus,Inter,10077,Luís Henrique,M,66,6.9,,0.0,,,29,24.0,82.8,2.0,2.0,,,0,0,2.0,4.0
Inter vs Juventus,Inter,30558,Nicolò Barella,M,54,6.3,,0.0,,,35,30.0,85.7,,,2.0,1.0,1,0,2.0,5.0
Inter vs Juventus,Inter,329,Piotr Zieliński,M,90,8.2,1.0,0.0,3.0,2.0,77,75.0,97.4,,,1.0,1.0,1,0,2.0,5.0
Inter vs Juventus,Inter,348205,Petar Sučić,M,66,7.2,,0.0,,,37,33.0,89.2,3.0,,,1.0,0,0,6.0,8.0
Inter vs Juventus,Inter,31010,Federico Dimarco,M,90,7.2,,1.0,2.0,,68,57.0,83.8,1.0,2.0,2.0,,0,0,1.0,3.0
Inter vs Juventus,Inter,217,Lautaro Martínez,F,90,6.3,,0.0,1.0,,20,17.0,85.0,3.0,,3.0,1.0,0,0,4.0,10.0
Inter vs Juventus,Inter,21509,Marcus Thuram,F,86,6.5,,0.0,3.0,1.0,23,19.0,82.6,1.0,,1.0,1.0,0,0,3.0,10.0
Inter vs Juventus,Inter,10238,Carlos Augusto,D,45,6.3,,0.0,,,40,40.0,100.0,,1.0,,,0,0,1.0,3.0
Inter vs Juventus,Inter,1640,Hakan Çalhanoğlu,M,36,7,,0.0,3.0,2.0,40,37.0,92.5,2.0,1.0,3.0,1.0,1,0,4.0,8.0
Inter vs Juventus,Inter,270509,Andy Diouf,M,24,6.9,,0.0,,,13,12.0,92.3,,,1.0,,0,0,1.0,2.0
Inter vs Juventus,Inter,345808,Francesco Pio Esposito,F,24,7.2,1.0,0.0,2.0,2.0,2,1.0,50.0,,,,,0,0,1.0,2.0
Inter vs Juventus,Inter,275651,Ange-Yoan Bonny,F,10,6.6,,0.0,,,5,2.0,40.0,1.0,,,,0,0,4.0,7.0
Inter vs Juventus,Juventus,30670,Michele Di Gregorio,G,90,6.7,,0.0,,,23,15.0,65.2,,,,,0,0,,
Inter vs Juventus,Juventus,162188,Pierre Kalulu,D,42,5.5,,0.0,,,31,29.0,93.5,,1.0,2.0,,2,1,1.0,4.0
Inter vs Juventus,Juventus,30497,Bremer,D,90,6.9,,0.0,,,48,42.0,87.5,1.0,3.0,2.0,1.0,0,0,5.0,8.0
Inter vs Juventus,Juventus,19263,Lloyd Kelly,D,90,6.3,,0.0,,,38,30.0,78.9,1.0,1.0,,1.0,0,0,4.0,7.0
Inter vs Juventus,Juventus,127011,Andrea Cambiaso,D,77,6.3,1.0,0.0,2.0,2.0,22,19.0,86.4,1.0,,3.0,2.0,0,0,4.0,8.0
Inter vs Juventus,Juventus,415,Weston McKennie,M,90,7.2,,2.0,2.0,2.0,24,16.0,66.7,,1.0,,,0,0,2.0,4.0
Inter vs Juventus,Juventus,30533,Manuel Locatelli,M,90,10,1.0,0.0,1.0,1.0,79,70.0,88.6,7.0,1.0,,3.0,0,0,11.0,14.0
Inter vs Juventus,Juventus,181808,Fabio Miretti,M,61,6.3,,0.0,1.0,1.0,22,18.0,81.8,1.0,1.0,,,0,0,1.0,6.0
Inter vs Juventus,Juventus,161585,Francisco Conceição,F,45,6.7,,0.0,1.0,,26,23.0,88.5,,,,2.0,0,0,2.0,2.0
Inter vs Juventus,Juventus,8489,Jonathan David,F,61,6.5,,0.0,,,11,9.0,81.8,1.0,,,,0,0,1.0,2.0
Inter vs Juventus,Juventus,339883,Kenan Yıldız,F,75,7,,0.0,1.0,1.0,33,29.0,87.9,1.0,,,2.0,0,0,9.0,14.0
Inter vs Juventus,Juventus,47985,Emil Holm,D,45,6.2,,0.0,1.0,,13,8.0,61.5,1.0,,,,0,0,3.0,7.0
Inter vs Juventus,Juventus,125674,Juan Cabal,D,29,5.9,,0.0,,,9,4.0,44.4,,,,1.0,0,0,1.0,3.0
Inter vs Juventus,Juventus,36899,Teun Koopmeiners,M,29,6.3,,0.0,1.0,1.0,10,9.0,90.0,,,,,0,0,1.0,3.0
Inter vs Juventus,Juventus,30531,Jérémie Boga,F,15,6.7,,0.0,,,11,9.0,81.8,1.0,,,,0,0,1.0,2.0
Inter vs Juventus,Juventus,86,Loïs Openda,F,13,6.7,,0.0,,,3,3.0,100.0,,,,1.0,0,0,1.0,1.0
Udinese vs Sassuolo,Udinese,143648,Maduka Okoye,G,90,7.3,,0.0,,,35,27.0,77.1,,,,1.0,0,0,1.0,1.0
Udinese vs Sassuolo,Udinese,315249,Nicolò Bertola,D,90,5.9,,0.0,,,33,24.0,72.7,2.0,,1.0,,0,0,2.0,4.0
Udinese vs Sassuolo,Udinese,656,Oumar Solet,D,86,8.2,1.0,0.0,2.0,1.0,63,56.0,88.9,3.0,1.0,1.0,1.0,0,0,5.0,6.0
Udinese vs Sassuolo,Udinese,281495,Thomas Kristensen,D,90,6.3,,0.0,1.0,1.0,54,50.0,92.6,1.0,1.0,1.0,,0,0,1.0,4.0
Udinese vs Sassuolo,Udinese,19824,Jordan Zemura,D,90,6.7,,0.0,,,33,23.0,69.7,3.0,,2.0,,1,0,5.0,11.0
Udinese vs Sassuolo,Udinese,541,Jürgen Ekkelenkamp,M,79,6.7,,1.0,,,20,17.0,85.0,2.0,,1.0,,1,0,3.0,7.0
Udinese vs Sassuolo,Udinese,48047,Jesper Karlström,M,79,6.6,,0.0,,,47,40.0,85.1,,1.0,1.0,1.0,0,0,1.0,2.0
Udinese vs Sassuolo,Udinese,343558,Lennon Miller,M,65,6.9,,0.0,1.0,,18,16.0,88.9,1.0,,1.0,1.0,0,0,3.0,5.0
Udinese vs Sassuolo,Udinese,347644,Arthur Atta,M,90,6.6,,0.0,,,28,23.0,82.1,1.0,1.0,1.0,1.0,1,0,3.0,5.0
Udinese vs Sassuolo,Udinese,786,Nicolò Zaniolo,F,90,7.3,,0.0,,,21,16.0,76.2,4.0,,3.0,8.0,0,0,14.0,23.0
Udinese vs Sassuolo,Udinese,1134,Vakoun Bayo,F,65,6.2,,0.0,,,7,5.0,71.4,,,,,0,0,3.0,10.0
Udinese vs Sassuolo,Udinese,182560,Oier Zarraga,M,25,6.7,,0.0,,,7,7.0,100.0,,,,,0,0,1.0,2.0
Udinese vs Sassuolo,Udinese,40594,Adam Buksa,F,25,6.7,,0.0,,,1,1.0,100.0,,,,,0,0,1.0,1.0
Udinese vs Sassuolo,Udinese,411171,Juan Arizala,M,11,6.9,,0.0,,,4,3.0,75.0,2.0,,,,0,0,2.0,2.0
Udinese vs Sassuolo,Udinese,1939,Jakub Piotrowski,M,11,6.9,,0.0,,,7,5.0,71.4,2.0,,1.0,1.0,0,0,4.0,6.0
Udinese vs Sassuolo,Udinese,434410,Idrissa Gueye,F,11,6.7,,0.0,1.0,,1,,,1.0,,1.0,,0,0,2.0,3.0
Udinese vs Sassuolo,Sassuolo,616,Arijanet Murić,G,90,6.9,,0.0,,,24,14.0,58.3,,,,,0,0,,
Udinese vs Sassuolo,Sassuolo,40582,Sebastian Walukiewicz,D,90,6.9,,0.0,,,34,29.0,85.3,3.0,1.0,1.0,1.0,0,0,5.0,9.0
Udinese vs Sassuolo,Sassuolo,37651,Jay Idzes,D,90,6.5,,0.0,,,44,42.0,95.5,,2.0,1.0,,0,0,1.0,4.0
Udinese vs Sassuolo,Sassuolo,271350,Tarik Muharemović,D,45,6.2,,0.0,,,42,36.0,85.7,1.0,,2.0,,1,0,2.0,6.0
Udinese vs Sassuolo,Sassuolo,135526,Josh Doig,D,45,6.9,,0.0,,,16,15.0,93.8,3.0,1.0,,,0,0,4.0,6.0
Udinese vs Sassuolo,Sassuolo,39143,Kristian Thorstvedt,M,90,7.3,,0.0,3.0,1.0,34,32.0,94.1,3.0,1.0,,3.0,0,0,6.0,10.0
Udinese vs Sassuolo,Sassuolo,343562,Luca Lipani,M,90,6.2,,0.0,1.0,,41,34.0,82.9,3.0,,5.0,,0,0,5.0,16.0
Udinese vs Sassuolo,Sassuolo,328046,Ismael Koné,M,90,6.9,,0.0,,,31,28.0,90.3,1.0,,,,0,0,1.0,2.0
Udinese vs Sassuolo,Sassuolo,30537,Domenico Berardi,F,84,6.6,,0.0,,,24,21.0,87.5,1.0,,2.0,2.0,0,0,4.0,9.0
Udinese vs Sassuolo,Sassuolo,31094,Andrea Pinamonti,F,72,7.5,1.0,1.0,2.0,1.0,12,9.0,75.0,,,,,0,0,2.0,4.0
Udinese vs Sassuolo,Sassuolo,2215,Armand Laurienté,F,79,7.5,1.0,0.0,1.0,1.0,20,16.0,80.0,1.0,,1.0,2.0,0,0,3.0,9.0
Udinese vs Sassuolo,Sassuolo,943,Ulisses Garcia,D,45,8.3,,1.0,,,15,15.0,100.0,,,,,0,0,,
Udinese vs Sassuolo,Sassuolo,128338,Woyo Coulibaly,D,45,7.2,,0.0,,,16,15.0,93.8,1.0,,,2.0,1,0,4.0,6.0
Udinese vs Sassuolo,Sassuolo,31318,M'Bala Nzola,F,18,6.5,,0.0,,,7,5.0,71.4,,,1.0,,0,0,,2.0
Udinese vs Sassuolo,Sassuolo,263699,Alieu Fadera,F,11,6.9,,0.0,,,4,3.0,75.0,,,1.0,1.0,1,0,3.0,6.0
Udinese vs Sassuolo,Sassuolo,342035,Cristian Volpato,M,13,6.6,,0.0,,,4,3.0,75.0,,1.0,,,0,0,1.0,3.0
Cremonese vs Genoa,Cremonese,30441,Emil Audero,G,90,9.2,,0.0,,,32,20.0,62.5,,,,,0,0,1.0,1.0
Cremonese vs Genoa,Cremonese,264472,Filippo Terracciano,D,90,7,,0.0,,,21,15.0,71.4,1.0,2.0,2.0,1.0,1,0,6.0,10.0
Cremonese vs Genoa,Cremonese,127035,Federico Baschirotto,D,90,7.7,,0.0,1.0,1.0,20,15.0,75.0,2.0,1.0,,2.0,0,0,6.0,10.0
Cremonese vs Genoa,Cremonese,319,Sebastiano Luperto,D,90,7.7,,0.0,,,25,19.0,76.0,4.0,,,,0,0,5.0,6.0
Cremonese vs Genoa,Cremonese,31219,Alessio Zerbin,M,88,7.3,,0.0,,,14,8.0,57.1,,,,1.0,0,0,1.0,4.0
Cremonese vs Genoa,Cremonese,36980,Morten Thorsby,M,90,7.3,,0.0,2.0,2.0,27,18.0,66.7,3.0,,1.0,3.0,0,0,16.0,26.0
Cremonese vs Genoa,Cremonese,56560,Youssef Maleh,M,90,7.7,,0.0,1.0,1.0,37,30.0,81.1,5.0,,3.0,,0,0,6.0,14.0
Cremonese vs Genoa,Cremonese,6383,Martín Payero,M,58,6.7,,0.0,,,12,7.0,58.3,,,,2.0,0,0,2.0,7.0
Cremonese vs Genoa,Cremonese,30775,Giuseppe Pezzella,M,72,6.9,,0.0,,,17,11.0,64.7,1.0,1.0,1.0,1.0,1,0,2.0,5.0
Cremonese vs Genoa,Cremonese,31692,Milan Đurić,F,73,7.9,,0.0,3.0,1.0,22,13.0,59.1,1.0,,,1.0,0,0,10.0,11.0
Cremonese vs Genoa,Cremonese,18788,Jamie Vardy,F,58,6.3,,0.0,2.0,1.0,16,13.0,81.2,,,3.0,,0,0,2.0,8.0
Cremonese vs Genoa,Cremonese,31021,Alberto Grassi,M,32,6.6,,0.0,1.0,1.0,8,6.0,75.0,,1.0,,,0,0,,
Cremonese vs Genoa,Cremonese,31436,Federico Bonazzoli,F,32,6.7,,0.0,2.0,1.0,3,2.0,66.7,1.0,,,1.0,0,0,3.0,5.0
Cremonese vs Genoa,Cremonese,126980,Tommaso Barbieri,D,18,6.7,,0.0,,,4,3.0,75.0,,,,,0,0,,2.0
Cremonese vs Genoa,Cremonese,2522,Antonio Sanabria,F,17,6.5,,0.0,,,0,,,,,,,0,0,,6.0
Cremonese vs Genoa,Cremonese,342651,Romano Floriani Mussolini,D,2,,,0.0,,,1,1.0,100.0,,,,,0,0,,1.0
Cremonese vs Genoa,Genoa,37137,Justin Bijlow,G,90,10,,0.0,,,22,19.0,86.4,,,,,0,0,,
Cremonese vs Genoa,Genoa,281826,Alessandro Marcandalli,D,90,7.3,,0.0,,,72,63.0,87.5,1.0,1.0,1.0,,0,0,4.0,8.0
Cremonese vs Genoa,Genoa,18967,Leo Østigård,D,90,7.9,,0.0,1.0,1.0,77,77.0,100.0,1.0,,,1.0,0,0,4.0,5.0
Cremonese vs Genoa,Genoa,35544,Johan Vásquez,D,90,7.7,,0.0,1.0,,79,69.0,87.3,1.0,1.0,1.0,1.0,0,0,9.0,14.0
Cremonese vs Genoa,Genoa,284570,Brooke Norton-Cuffy,M,72,7.5,,0.0,1.0,1.0,33,27.0,81.8,4.0,,2.0,,0,0,4.0,9.0
Cremonese vs Genoa,Genoa,15881,Morten Frendrup,M,89,7.5,,0.0,,,41,39.0,95.1,2.0,,1.0,2.0,0,0,5.0,9.0
Cremonese vs Genoa,Genoa,1938,Ruslan Malinovskyi,M,90,7,,0.0,,,67,58.0,86.6,2.0,,2.0,1.0,0,0,10.0,20.0
Cremonese vs Genoa,Genoa,89520,Mikael Ellertsson,M,90,6.6,,0.0,1.0,,29,27.0,93.1,2.0,1.0,1.0,,0,0,2.0,5.0
Cremonese vs Genoa,Genoa,56396,Junior Messias,F,72,7,,0.0,2.0,1.0,37,33.0,89.2,2.0,,,2.0,0,0,7.0,14.0
Cremonese vs Genoa,Genoa,281408,Vitinha,F,60,6.5,,0.0,2.0,2.0,6,2.0,33.3,1.0,,,,0,0,2.0,6.0
Cremonese vs Genoa,Genoa,263481,Lorenzo Colombo,F,72,5.7,,0.0,3.0,1.0,16,13.0,81.2,,,3.0,1.0,0,0,4.0,17.0
Cremonese vs Genoa,Genoa,3430,Caleb Ekuban,F,30,6.7,,0.0,2.0,,7,6.0,85.7,,,,,0,0,2.0,5.0
Cremonese vs Genoa,Genoa,25914,Aarón Martín,D,18,6.9,,0.0,,,9,6.0,66.7,,,,1.0,0,0,2.0,2.0
Cremonese vs Genoa,Genoa,288769,Tommaso Baldanzi,M,18,6.9,,0.0,,,17,16.0,94.1,,,,,0,0,,
Cremonese vs Genoa,Genoa,451504,Jeff Ekhator,F,18,6.2,,0.0,,,4,3.0,75.0,,,1.0,,0,0,1.0,2.0
Parma vs Hellas Verona,Parma,180762,Edoardo Corvi,G,90,6.5,,0.0,,,20,15.0,75.0,,,,,0,0,,
Parma vs Hellas Verona,Parma,30420,Enrico Del Prato,D,90,6.2,,0.0,,,62,56.0,90.3,,1.0,1.0,,0,0,1.0,4.0
Parma vs Hellas Verona,Parma,348568,Alessandro Circati,D,90,7.2,,0.0,,,101,97.0,96.0,3.0,,1.0,3.0,1,0,9.0,11.0
Parma vs Hellas Verona,Parma,6221,Lautaro Valenti,D,45,6.6,,0.0,1.0,,59,53.0,89.8,,1.0,1.0,1.0,1,0,2.0,4.0
Parma vs Hellas Verona,Parma,499380,Sascha Britschgi,M,90,7.2,,0.0,2.0,2.0,26,22.0,84.6,2.0,,,2.0,0,0,4.0,5.0
Parma vs Hellas Verona,Parma,628,Adrián Bernabé,M,90,8.3,1.0,0.0,2.0,2.0,81,71.0,87.7,1.0,,,2.0,0,0,3.0,5.0
Parma vs Hellas Verona,Parma,308836,Mandela Keita,M,62,7.5,,1.0,,,41,38.0,92.7,2.0,1.0,,2.0,0,0,7.0,10.0
Parma vs Hellas Verona,Parma,161569,Oliver Sørensen,M,70,6.5,,0.0,,,40,36.0,90.0,1.0,,,1.0,0,0,2.0,5.0
Parma vs Hellas Verona,Parma,91358,Emanuele Valeri,M,90,6.9,,0.0,,,70,63.0,90.0,1.0,2.0,,,0,0,1.0,7.0
Parma vs Hellas Verona,Parma,292172,Mateo Pellegrino,F,90,7,1.0,0.0,4.0,1.0,11,9.0,81.8,1.0,,,,0,0,4.0,13.0
Parma vs Hellas Verona,Parma,31624,Gabriel Strefezza,F,89,6.2,,0.0,2.0,,40,37.0,92.5,1.0,,3.0,1.0,0,0,2.0,7.0
Parma vs Hellas Verona,Parma,191979,Jacob Ondrejka,F,45,6.2,,0.0,4.0,3.0,20,15.0,75.0,,,,,0,0,,3.0
Parma vs Hellas Verona,Parma,881,Hans Nicolussi Caviglia,M,28,7.2,,1.0,1.0,,21,16.0,76.2,,,1.0,1.0,0,0,2.0,4.0
Parma vs Hellas Verona,Parma,161859,Gaetano Oristanio,M,20,6.9,,0.0,2.0,,7,7.0,100.0,,,,,0,0,1.0,2.0
Parma vs Hellas Verona,Hellas Verona,30611,Lorenzo Montipò,G,90,6.3,,0.0,,,33,12.0,36.4,,,,,0,0,,
Parma vs Hellas Verona,Hellas Verona,25061,Armel Bella-Kotchap,D,90,7.2,,0.0,,,14,10.0,71.4,1.0,,1.0,1.0,0,0,4.0,6.0
Parma vs Hellas Verona,Hellas Verona,15912,Victor Nelsson,D,90,6.2,,0.0,,,13,12.0,92.3,,1.0,,,0,0,2.0,4.0
Parma vs Hellas Verona,Hellas Verona,169297,Andrias Edmundsson,D,90,6.9,,0.0,,,20,16.0,80.0,2.0,1.0,1.0,1.0,0,0,5.0,7.0
Parma vs Hellas Verona,Hellas Verona,303362,Rafik Belghali,M,20,6.5,,0.0,,,5,1.0,20.0,,,,,0,0,,
Parma vs Hellas Verona,Hellas Verona,22239,Cheikh Niasse,M,79,6.3,,0.0,1.0,,12,8.0,66.7,1.0,,1.0,1.0,0,0,3.0,8.0
Parma vs Hellas Verona,Hellas Verona,42006,Mutassim Al-Musrati,M,90,6.9,,0.0,,,34,22.0,64.7,,,1.0,,0,0,2.0,5.0
Parma vs Hellas Verona,Hellas Verona,37437,Abdou Harroui,M,79,6.9,1.0,0.0,1.0,1.0,22,15.0,68.2,1.0,,2.0,,0,0,3.0,10.0
Parma vs Hellas Verona,Hellas Verona,14327,Domagoj Bradarić,M,90,6.9,,0.0,,,13,10.0,76.9,2.0,,,,0,0,2.0,3.0
Parma vs Hellas Verona,Hellas Verona,126690,Kieron Bowie,F,62,6.2,,0.0,,,7,4.0,57.1,,,4.0,2.0,0,0,4.0,15.0
Parma vs Hellas Verona,Hellas Verona,368260,Gift Orban,F,11,3,,0.0,,,3,2.0,66.7,,,1.0,,0,1,,
Parma vs Hellas Verona,Hellas Verona,31678,Jean-Daniel Akpa Akpro,M,70,7.7,,0.0,,,12,11.0,91.7,5.0,2.0,2.0,1.0,1,0,11.0,14.0
Parma vs Hellas Verona,Hellas Verona,236955,Amin Sarr,F,28,6.9,,0.0,,,8,7.0,87.5,2.0,,1.0,,0,0,4.0,6.0
Parma vs Hellas Verona,Hellas Verona,368129,Tobias Slotsager,D,11,6.3,,0.0,1.0,,4,1.0,25.0,2.0,,,,0,0,2.0,2.0
Parma vs Hellas Verona,Hellas Verona,418,Suat Serdar,M,11,6.5,,0.0,,,1,,,,,,,0,0,,
Torino vs Bologna,Torino,30642,Alberto Paleari,G,90,7.6,,0.0,,,35,31.0,88.6,,,,,0,0,,
Torino vs Bologna,Torino,388547,Luca Marianucci,D,85,6.2,,0.0,,,36,25.0,69.4,3.0,2.0,1.0,,0,0,6.0,11.0
Torino vs Bologna,Torino,2553,Guillermo Maripán,D,90,6.5,,0.0,,,44,36.0,81.8,1.0,1.0,4.0,1.0,1,0,4.0,11.0
Torino vs Bologna,Torino,122468,Saúl Coco,D,90,6.2,,0.0,1.0,,50,41.0,82.0,2.0,,,,0,0,4.0,5.0
Torino vs Bologna,Torino,39362,Marcus Pedersen,M,90,6.7,,0.0,,,24,20.0,83.3,1.0,,,,0,0,2.0,4.0
Torino vs Bologna,Torino,842,Nikola Vlašić,M,90,6.9,1.0,0.0,1.0,1.0,29,26.0,89.7,2.0,3.0,2.0,4.0,1,0,8.0,11.0
Torino vs Bologna,Torino,309388,Matteo Prati,M,54,6.5,,0.0,,,29,23.0,79.3,,,1.0,,0,0,,3.0
Torino vs Bologna,Torino,343189,Gvidas Gineitis,M,54,6.3,,0.0,,,21,18.0,85.7,,2.0,3.0,1.0,1,0,4.0,8.0
Torino vs Bologna,Torino,243,Zakaria Aboukhlal,M,45,6.7,,0.0,,,22,19.0,86.4,1.0,,,,0,0,1.0,5.0
Torino vs Bologna,Torino,19524,Che Adams,F,45,6.9,,0.0,,,17,12.0,70.6,,,1.0,1.0,0,0,2.0,4.0
Torino vs Bologna,Torino,30414,Giovanni Simeone,F,90,6,,0.0,,,21,12.0,57.1,,,2.0,1.0,0,0,2.0,8.0
Torino vs Bologna,Torino,25353,Valentino Lazaro,D,45,6.9,,0.0,,,16,11.0,68.8,1.0,1.0,,,0,0,3.0,4.0
Torino vs Bologna,Torino,2495,Duván Zapata,F,45,6.9,,0.0,1.0,1.0,13,9.0,69.2,,,,,0,0,2.0,2.0
Torino vs Bologna,Torino,270507,Cesare Casadei,M,36,6.5,,0.0,,,7,3.0,42.9,,,,1.0,0,0,1.0,2.0
Torino vs Bologna,Torino,336573,Emirhan İlkhan,M,36,6.6,,0.0,,,19,17.0,89.5,2.0,,,1.0,0,0,3.0,5.0
Torino vs Bologna,Torino,383006,Alieu Njie,F,11,6.5,,0.0,,,2,1.0,50.0,,,,,0,0,,1.0
Torino vs Bologna,Bologna,2998,Łukasz Skorupski,G,90,7.2,,0.0,,,42,29.0,69.0,,,,2.0,0,0,3.0,3.0
Torino vs Bologna,Bologna,41734,João Mário,D,74,6.9,,0.0,,,43,36.0,83.7,,1.0,,2.0,0,0,6.0,9.0
Torino vs Bologna,Bologna,287564,Martin Vitík,D,90,7.2,,0.0,,,38,35.0,92.1,3.0,,2.0,,0,0,3.0,7.0
Torino vs Bologna,Bologna,1929,Jhon Lucumí,D,90,7,,0.0,,,62,55.0,88.7,,1.0,,2.0,0,0,4.0,5.0
Torino vs Bologna,Bologna,134,Juan Miranda,D,90,7.2,,0.0,1.0,,60,49.0,81.7,1.0,2.0,1.0,,0,0,2.0,3.0
Torino vs Bologna,Bologna,1322,Nikola Moro,M,90,6.9,,0.0,1.0,,48,40.0,83.3,1.0,,,,0,0,3.0,4.0
Torino vs Bologna,Bologna,2807,Remo Freuler,M,90,6.9,,0.0,,,59,52.0,88.1,1.0,2.0,,1.0,0,0,3.0,3.0
Torino vs Bologna,Bologna,873,Federico Bernardeschi,M,83,6.9,,1.0,3.0,2.0,21,17.0,81.0,,,2.0,1.0,0,0,2.0,6.0
Torino vs Bologna,Bologna,1014,Simon Sohm,M,87,6.5,,0.0,1.0,1.0,22,19.0,86.4,,,2.0,,1,0,1.0,4.0
Torino vs Bologna,Bologna,278095,Jonathan Rowe,M,74,6.7,,0.0,4.0,1.0,16,11.0,68.8,,,,2.0,0,0,6.0,11.0
Torino vs Bologna,Bologna,311067,Santiago Castro,F,83,7.3,1.0,0.0,2.0,2.0,12,11.0,91.7,,,1.0,3.0,0,0,7.0,15.0
Torino vs Bologna,Bologna,128461,Nadir Zortea,D,16,6.7,,0.0,,,1,,,,,1.0,,0,0,,1.0
Torino vs Bologna,Bologna,347265,Benjamín Domínguez,F,16,6.2,,0.0,,,6,2.0,33.3,,,,,0,0,,4.0
Torino vs Bologna,Bologna,30542,Jens Odgaard,F,13,6.2,,0.0,,,8,7.0,87.5,,,1.0,,0,0,1.0,6.0
Torino vs Bologna,Bologna,30488,Riccardo Orsolini,F,13,6.5,,0.0,,,1,1.0,100.0,,,,,0,0,,2.0
Torino vs Bologna,Bologna,44814,Lewis Ferguson,M,9,6.7,,0.0,,,9,7.0,77.8,,,,,0,0,1.0,1.0
Napoli vs AS Roma,Napoli,31156,Vanja Milinković-Savić,G,90,6.5,,0.0,,,57,43.0,75.4,,,,,0,0,,
Napoli vs AS Roma,Napoli,37604,Sam Beukema,D,90,6.3,,0.0,,,68,63.0,92.6,2.0,,1.0,,0,0,2.0,6.0
Napoli vs AS Roma,Napoli,1314,Amir Rrahmani,D,70,6.5,,0.0,,,64,58.0,90.6,1.0,1.0,2.0,2.0,1,0,4.0,6.0
Napoli vs AS Roma,Napoli,31226,Alessandro Buongiorno,D,90,7.2,,0.0,,,74,66.0,89.2,5.0,2.0,1.0,1.0,0,0,8.0,12.0
Napoli vs AS Roma,Napoli,162032,Miguel Gutiérrez,M,90,6.6,,0.0,2.0,2.0,38,31.0,81.6,3.0,,2.0,4.0,0,0,7.0,13.0
Napoli vs AS Roma,Napoli,1358,Eljif Elmas,M,79,6.3,,1.0,,,69,64.0,92.8,1.0,,1.0,,0,0,1.0,4.0
Napoli vs AS Roma,Napoli,47439,Stanislav Lobotka,M,90,6.7,,0.0,1.0,1.0,51,44.0,86.3,1.0,,,2.0,0,0,3.0,3.0
Napoli vs AS Roma,Napoli,862,Leonardo Spinazzola,M,70,7.9,1.0,0.0,2.0,2.0,48,35.0,72.9,2.0,,2.0,,0,0,2.0,7.0
Napoli vs AS Roma,Napoli,219,Matteo Politano,F,85,6.2,,0.0,,,36,29.0,80.6,,,2.0,,0,0,1.0,6.0
Napoli vs AS Roma,Napoli,347395,Antonio Vergara,F,79,6.7,,0.0,,,22,18.0,81.8,1.0,,1.0,2.0,0,0,4.0,10.0
Napoli vs AS Roma,Napoli,288006,Rasmus Højlund,F,90,6.3,,0.0,,,17,13.0,76.5,,,2.0,2.0,0,0,4.0,11.0
Napoli vs AS Roma,Napoli,47254,Mathías Olivera,D,20,6.5,,0.0,,,17,16.0,94.1,1.0,,,,0,0,2.0,4.0
Napoli vs AS Roma,Napoli,310943,Alisson Santos,F,20,8,1.0,0.0,2.0,2.0,6,4.0,66.7,,,,,0,0,1.0,2.0
Napoli vs AS Roma,Napoli,130423,Billy Gilmour,M,11,6.9,,0.0,1.0,,10,9.0,90.0,1.0,,,,0,0,2.0,2.0
Napoli vs AS Roma,Napoli,312615,Giovane,F,11,6.9,,1.0,,,5,4.0,80.0,,,,,0,0,1.0,1.0
Napoli vs AS Roma,Napoli,31390,Pasquale Mazzocchi,D,10,6.6,,0.0,,,8,6.0,75.0,,,,,0,0,1.0,1.0
Napoli vs AS Roma,AS Roma,556,Mile Svilar,G,90,6.2,,0.0,,,23,15.0,65.2,,,,,0,0,,
Napoli vs AS Roma,AS Roma,30425,Gianluca Mancini,D,90,6.5,,0.0,1.0,,46,42.0,91.3,,1.0,2.0,,1,0,2.0,6.0
Napoli vs AS Roma,AS Roma,1807,Evan Ndicka,D,90,6.7,,0.0,,,37,35.0,94.6,,5.0,2.0,2.0,0,0,2.0,5.0
Napoli vs AS Roma,AS Roma,342019,Daniele Ghilardi,D,90,6.7,,0.0,,,36,29.0,80.6,4.0,1.0,1.0,2.0,0,0,7.0,8.0
Napoli vs AS Roma,AS Roma,22222,Zeki Çelik,M,90,7.5,,0.0,,,37,33.0,89.2,4.0,1.0,,1.0,0,0,7.0,7.0
Napoli vs AS Roma,AS Roma,356888,Niccolò Pisilli,M,65,6.7,,0.0,1.0,,32,30.0,93.8,1.0,1.0,1.0,,0,0,1.0,4.0
Napoli vs AS Roma,AS Roma,778,Bryan Cristante,M,90,6.9,,0.0,,,55,42.0,76.4,2.0,,1.0,,0,0,5.0,9.0
Napoli vs AS Roma,AS Roma,349001,Wesley,M,72,7.3,,0.0,,,24,19.0,79.2,,,2.0,2.0,0,0,2.0,6.0
Napoli vs AS Roma,AS Roma,286639,Bryan Zaragoza,F,45,6.9,,1.0,,,16,10.0,62.5,1.0,,2.0,2.0,0,0,4.0,10.0
Napoli vs AS Roma,AS Roma,782,Lorenzo Pellegrini,F,65,7.5,,0.0,,,17,14.0,82.4,,1.0,,2.0,0,0,5.0,5.0
Napoli vs AS Roma,AS Roma,249,Donyell Malen,F,72,7.6,2.0,0.0,3.0,2.0,7,7.0,100.0,,,1.0,,0,0,1.0,6.0
Napoli vs AS Roma,AS Roma,323936,Matías Soulé,F,45,6.5,,0.0,,,11,10.0,90.9,,,,,0,0,2.0,7.0
Napoli vs AS Roma,AS Roma,452033,Lorenzo Venturino,F,25,6.9,,0.0,,,4,4.0,100.0,,,,,0,0,2.0,5.0
Napoli vs AS Roma,AS Roma,277003,Neil El Aynaoui,M,25,6.3,,0.0,,,5,4.0,80.0,2.0,,2.0,,0,0,2.0,6.0
Napoli vs AS Roma,AS Roma,1600,Konstantinos Tsimikas,D,18,6.3,,0.0,,,5,4.0,80.0,,1.0,,1.0,0,0,1.0,1.0
Napoli vs AS Roma,AS Roma,435482,Robinio Vaz,F,18,6.3,,0.0,1.0,,3,2.0,66.7,,,,1.0,0,0,2.0,3.0
Cagliari vs Lecce,Cagliari,30731,Elia Caprile,G,90,5.9,,0.0,,,21,15.0,71.4,,,,,0,0,,
Cagliari vs Lecce,Cagliari,200,Gabriele Zappa,D,57,6.7,,0.0,2.0,,21,14.0,66.7,1.0,1.0,1.0,,0,0,1.0,4.0
Cagliari vs Lecce,Cagliari,41964,Zé Pedro,D,90,6.3,,0.0,,,59,53.0,89.8,1.0,2.0,,,0,0,4.0,7.0
Cagliari vs Lecce,Cagliari,2484,Yerry Mina,D,90,6.9,,0.0,,,51,49.0,96.1,1.0,,1.0,3.0,0,0,8.0,11.0
Cagliari vs Lecce,Cagliari,321744,Adam Obert,D,79,6.6,,0.0,1.0,,49,38.0,77.6,,1.0,,,0,0,6.0,12.0
Cagliari vs Lecce,Cagliari,383026,Riyad Idrissi,D,90,6.5,,0.0,,,39,29.0,74.4,6.0,2.0,2.0,2.0,0,0,9.0,17.0
Cagliari vs Lecce,Cagliari,383018,Marco Palestra,M,90,6.9,,0.0,,,25,21.0,84.0,1.0,,2.0,2.0,0,0,9.0,16.0
Cagliari vs Lecce,Cagliari,30505,Michel Adopo,M,90,6.7,,0.0,1.0,,43,32.0,74.4,3.0,1.0,3.0,2.0,0,0,10.0,17.0
Cagliari vs Lecce,Cagliari,353609,Ibrahim Sulemana,M,90,6.9,,0.0,2.0,,52,42.0,80.8,3.0,,2.0,2.0,0,0,9.0,14.0
Cagliari vs Lecce,Cagliari,215,Sebastiano Esposito,M,90,6.7,,0.0,,,35,23.0,65.7,1.0,,1.0,1.0,0,0,4.0,11.0
Cagliari vs Lecce,Cagliari,30573,Leonardo Pavoletti,F,57,6.3,,0.0,1.0,,15,9.0,60.0,1.0,,3.0,,0,0,6.0,14.0
Cagliari vs Lecce,Cagliari,30780,Luca Mazzitelli,M,33,6.2,,0.0,,,23,16.0,69.6,2.0,,1.0,1.0,0,0,3.0,7.0
Cagliari vs Lecce,Cagliari,336567,Semih Kılıçsoy,F,33,6.3,,0.0,,,5,3.0,60.0,,,,,0,0,,4.0
Cagliari vs Lecce,Cagliari,584116,Yael Trepy,F,11,6.5,,0.0,1.0,,2,2.0,100.0,,,,,0,0,,1.0
Cagliari vs Lecce,Lecce,56459,Wladimiro Falcone,G,90,6.6,,0.0,,,30,14.0,46.7,,,,,0,0,,1.0
Cagliari vs Lecce,Lecce,161702,Danilo Veiga,D,90,7.2,,0.0,,,26,19.0,73.1,1.0,1.0,2.0,2.0,0,0,3.0,11.0
Cagliari vs Lecce,Lecce,291589,Kialonda Gaspar,D,90,7.2,,0.0,,,44,34.0,77.3,2.0,1.0,,2.0,0,0,5.0,7.0
Cagliari vs Lecce,Lecce,455316,Tiago Gabriel,D,90,7.3,,0.0,,,38,35.0,92.1,3.0,2.0,,1.0,0,0,6.0,10.0
Cagliari vs Lecce,Lecce,31543,Antonino Gallo,D,90,6.6,,0.0,,,20,13.0,65.0,,,,,0,0,1.0,7.0
Cagliari vs Lecce,Lecce,126974,Omri Gandelman,M,86,7.3,1.0,0.0,3.0,1.0,17,13.0,76.5,1.0,,1.0,,0,0,11.0,23.0
Cagliari vs Lecce,Lecce,15673,Ylber Ramadani,M,90,8.2,1.0,0.0,1.0,1.0,43,27.0,62.8,5.0,2.0,1.0,2.0,0,0,10.0,14.0
Cagliari vs Lecce,Lecce,1748,Lassana Coulibaly,M,89,7.3,,1.0,,,25,19.0,76.0,3.0,,1.0,5.0,0,0,11.0,19.0
Cagliari vs Lecce,Lecce,6662,Santiago Pierotti,F,86,6.3,,0.0,,,18,15.0,83.3,3.0,2.0,2.0,,0,0,4.0,11.0
Cagliari vs Lecce,Lecce,128478,Walid Cheddira,F,80,6.3,,0.0,2.0,2.0,14,6.0,42.9,1.0,,2.0,,0,0,7.0,15.0
Cagliari vs Lecce,Lecce,31507,Riccardo Sottil,F,80,7.3,,1.0,1.0,,12,11.0,91.7,,,2.0,3.0,0,0,4.0,9.0
Cagliari vs Lecce,Lecce,19738,Corrie Ndaba,D,10,7,,0.0,,,2,1.0,50.0,1.0,,,,0,0,1.0,1.0
Cagliari vs Lecce,Lecce,264122,Nikola Štulić,F,10,6.3,,0.0,,,4,3.0,75.0,,,1.0,,0,0,1.0,2.0
Cagliari vs Lecce,Lecce,203219,Jamil Siebert,D,11,6.9,,0.0,,,1,1.0,100.0,1.0,,,,0,0,1.0,2.0
Cagliari vs Lecce,Lecce,334925,Oumar Ngom,M,11,6.7,,0.0,,,6,5.0,83.3,,,1.0,1.0,0,0,1.0,2.0
AC Milan vs Como,AC Milan,22221,Mike Maignan,G,90,6.7,,0.0,,,32,28.0,87.5,,,,1.0,0,0,1.0,1.0
AC Milan vs Como,AC Milan,19209,Fikayo Tomori,D,90,6.9,,0.0,1.0,1.0,55,50.0,90.9,3.0,,4.0,,0,0,3.0,9.0
AC Milan vs Como,AC Milan,162141,Koni De Winter,D,90,7.2,,0.0,,,83,82.0,98.8,5.0,1.0,,1.0,0,0,6.0,7.0
AC Milan vs Como,AC Milan,45826,Strahinja Pavlović,D,45,6.7,,0.0,,,28,23.0,82.1,2.0,,,2.0,0,0,5.0,7.0
AC Milan vs Como,AC Milan,396380,Zachary Athekame,M,55,6.5,,0.0,,,12,9.0,75.0,,1.0,,,0,0,,
AC Milan vs Como,AC Milan,31056,Samuele Ricci,M,56,6.5,,0.0,,,14,12.0,85.7,,1.0,1.0,1.0,0,0,1.0,3.0
AC Milan vs Como,AC Milan,754,Luka Modrić,M,90,7.5,,0.0,,,66,60.0,90.9,6.0,2.0,2.0,1.0,0,0,7.0,10.0
AC Milan vs Como,AC Milan,264705,Ardon Jashari,M,90,7.2,,1.0,,,60,58.0,96.7,2.0,1.0,,,0,0,3.0,6.0
AC Milan vs Como,AC Milan,374359,Davide Bartesaghi,M,90,7,,0.0,,,33,27.0,81.8,3.0,,,1.0,0,0,4.0,10.0
AC Milan vs Como,AC Milan,22236,Rafael Leão,F,82,7.7,1.0,0.0,2.0,2.0,21,21.0,100.0,,,,2.0,1,0,3.0,6.0
AC Milan vs Como,AC Milan,269,Christopher Nkunku,F,62,6.3,,0.0,,,16,15.0,93.8,,,1.0,2.0,0,0,2.0,9.0
AC Milan vs Como,AC Milan,56473,Matteo Gabbia,D,45,7.7,,0.0,1.0,,49,44.0,89.8,2.0,1.0,1.0,,0,0,4.0,5.0
AC Milan vs Como,AC Milan,1417,Alexis Saelemaekers,F,35,7.5,,0.0,,,19,15.0,78.9,2.0,1.0,2.0,,1,0,3.0,7.0
AC Milan vs Como,AC Milan,22254,Youssouf Fofana,M,34,6.5,,0.0,1.0,,12,10.0,83.3,2.0,,,1.0,0,0,3.0,6.0
AC Milan vs Como,AC Milan,25391,Niclas Füllkrug,F,28,6.3,,0.0,,,2,2.0,100.0,,,,,0,0,,
AC Milan vs Como,AC Milan,17,Christian Pulišić,M,8,6.6,,0.0,1.0,1.0,7,5.0,71.4,,,,,0,0,,
AC Milan vs Como,Como,8574,Jean Butez,G,90,7.2,,0.0,,,19,15.0,78.9,,,,,1,0,,
AC Milan vs Como,Como,386305,Jacobo Ramón,D,90,6.3,,0.0,1.0,,51,47.0,92.2,1.0,2.0,,,0,0,3.0,4.0
AC Milan vs Como,Como,21090,Diego Carlos,D,90,6.6,,0.0,,,46,46.0,100.0,1.0,1.0,,,0,0,1.0,1.0
AC Milan vs Como,Como,26301,Marc-Oliver Kempf,D,90,6.7,,0.0,,,53,49.0,92.5,,,2.0,1.0,0,0,1.0,4.0
AC Milan vs Como,Como,129119,Ignace Van der Brempt,M,71,6.2,,0.0,,,20,17.0,85.0,,,3.0,,0,0,3.0,8.0
AC Milan vs Como,Como,137,Sergi Roberto,M,79,6.6,,0.0,1.0,1.0,44,42.0,95.5,3.0,,2.0,1.0,1,0,5.0,12.0
AC Milan vs Como,Como,288699,Máximo Perrone,M,90,7.2,,0.0,,,58,53.0,91.4,5.0,1.0,,1.0,0,0,7.0,10.0
AC Milan vs Como,Como,8586,Mërgim Vojvoda,M,89,7,,0.0,,,20,20.0,100.0,,1.0,,,0,0,3.0,7.0
AC Milan vs Como,Como,659,Maxence Caqueret,F,78,6.6,,0.0,,,30,28.0,93.3,3.0,,1.0,,0,0,4.0,10.0
AC Milan vs Como,Como,295026,Martin Baturina,F,90,7,,0.0,1.0,,50,43.0,86.0,,,1.0,6.0,0,0,7.0,12.0
AC Milan vs Como,Como,350037,Nico Paz,F,71,7.3,1.0,0.0,1.0,1.0,26,18.0,69.2,2.0,2.0,2.0,1.0,1,0,5.0,10.0
AC Milan vs Como,Como,336560,Álex Valle,D,19,6.6,,0.0,1.0,,5,4.0,80.0,,,,,0,0,,1.0
AC Milan vs Como,Como,26845,Anastasios Douvikas,F,19,6.5,,0.0,1.0,1.0,2,2.0,100.0,,,1.0,,0,0,1.0,3.0
AC Milan vs Como,Como,443162,Jesús Rodriguez,F,12,6.7,,0.0,1.0,1.0,2,2.0,100.0,,,,1.0,0,0,1.0,2.0
AC Milan vs Como,Como,162266,Lucas Da Cunha,M,11,6.3,,0.0,,,12,11.0,91.7,,,,,0,0,,2.0
Sassuolo vs Hellas Verona,Sassuolo,616,Arijanet Murić,G,90,7,,0.0,,,19,10.0,52.6,,,,,0,0,2.0,2.0
Sassuolo vs Hellas Verona,Sassuolo,128338,Woyo Coulibaly,D,36,6.3,,0.0,,,22,17.0,77.3,,,2.0,1.0,1,0,1.0,4.0
Sassuolo vs Hellas Verona,Sassuolo,40582,Sebastian Walukiewicz,D,89,7.9,,0.0,,,44,42.0,95.5,2.0,1.0,,,1,0,4.0,6.0
Sassuolo vs Hellas Verona,Sassuolo,37651,Jay Idzes,D,90,7.2,,0.0,,,70,64.0,91.4,,1.0,1.0,,0,0,2.0,4.0
Sassuolo vs Hellas Verona,Sassuolo,943,Ulisses Garcia,D,90,7,,0.0,,,33,29.0,87.9,1.0,1.0,1.0,1.0,0,0,2.0,6.0
Sassuolo vs Hellas Verona,Sassuolo,39143,Kristian Thorstvedt,M,90,7,,0.0,1.0,,41,34.0,82.9,2.0,3.0,,1.0,0,0,5.0,8.0
Sassuolo vs Hellas Verona,Sassuolo,343562,Luca Lipani,M,90,7.2,,0.0,1.0,,53,46.0,86.8,1.0,1.0,2.0,,0,0,2.0,5.0
Sassuolo vs Hellas Verona,Sassuolo,328046,Ismael Koné,M,73,7,,0.0,,,37,34.0,91.9,,,,3.0,0,0,3.0,3.0
Sassuolo vs Hellas Verona,Sassuolo,30537,Domenico Berardi,F,90,8.9,2.0,0.0,3.0,3.0,32,28.0,87.5,4.0,,1.0,1.0,0,0,7.0,10.0
Sassuolo vs Hellas Verona,Sassuolo,31094,Andrea Pinamonti,F,72,7.2,1.0,0.0,1.0,1.0,9,8.0,88.9,,,1.0,1.0,0,0,1.0,9.0
Sassuolo vs Hellas Verona,Sassuolo,2215,Armand Laurienté,F,73,7.3,,2.0,,,19,16.0,84.2,,1.0,1.0,2.0,0,0,2.0,6.0
Sassuolo vs Hellas Verona,Sassuolo,30556,Filippo Romagna,D,54,7,,0.0,1.0,,28,27.0,96.4,,1.0,,,0,0,,1.0
Sassuolo vs Hellas Verona,Sassuolo,31318,M'Bala Nzola,F,18,6.6,,0.0,,,4,3.0,75.0,,,1.0,1.0,0,0,2.0,3.0
Sassuolo vs Hellas Verona,Sassuolo,281291,Edoardo Iannoni,M,17,6.9,,0.0,,,6,4.0,66.7,3.0,,1.0,,0,0,4.0,5.0
Sassuolo vs Hellas Verona,Sassuolo,263699,Alieu Fadera,F,17,6.2,,0.0,,,8,5.0,62.5,,,1.0,1.0,0,0,1.0,4.0
Sassuolo vs Hellas Verona,Hellas Verona,30611,Lorenzo Montipò,G,90,6.2,,0.0,,,29,24.0,82.8,,,,,0,0,,
Sassuolo vs Hellas Verona,Hellas Verona,169297,Andrias Edmundsson,D,90,6.2,,0.0,,,41,36.0,87.8,1.0,2.0,3.0,1.0,1,0,3.0,6.0
Sassuolo vs Hellas Verona,Hellas Verona,15912,Victor Nelsson,D,90,6.9,,0.0,,,72,66.0,91.7,1.0,2.0,,2.0,0,0,8.0,8.0
Sassuolo vs Hellas Verona,Hellas Verona,25061,Armel Bella-Kotchap,D,90,6.3,,0.0,,,67,65.0,97.0,2.0,2.0,1.0,2.0,0,0,4.0,8.0
Sassuolo vs Hellas Verona,Hellas Verona,14327,Domagoj Bradarić,M,73,6.6,,0.0,1.0,,21,14.0,66.7,,1.0,,,0,0,2.0,3.0
Sassuolo vs Hellas Verona,Hellas Verona,22239,Cheikh Niasse,M,90,5.9,,0.0,,,52,44.0,84.6,1.0,3.0,2.0,1.0,0,0,3.0,7.0
Sassuolo vs Hellas Verona,Hellas Verona,42006,Mutassim Al-Musrati,M,85,6.3,,0.0,1.0,,68,57.0,83.8,2.0,2.0,2.0,,2,1,3.0,8.0
Sassuolo vs Hellas Verona,Hellas Verona,37437,Abdou Harroui,M,82,6.2,,0.0,,,40,32.0,80.0,2.0,,1.0,,0,0,2.0,6.0
Sassuolo vs Hellas Verona,Hellas Verona,15909,Martin Frese,M,90,6.5,,0.0,1.0,,33,30.0,90.9,1.0,1.0,1.0,2.0,0,0,4.0,9.0
Sassuolo vs Hellas Verona,Hellas Verona,126690,Kieron Bowie,F,82,6.3,,0.0,1.0,,12,9.0,75.0,1.0,,2.0,3.0,0,0,5.0,8.0
Sassuolo vs Hellas Verona,Hellas Verona,236955,Amin Sarr,F,73,6.5,,0.0,1.0,1.0,16,13.0,81.2,,,1.0,,0,0,2.0,5.0
Sassuolo vs Hellas Verona,Hellas Verona,153408,Daniel Oyegoke,D,17,6.7,,0.0,,,10,6.0,60.0,1.0,,,1.0,0,0,2.0,4.0
Sassuolo vs Hellas Verona,Hellas Verona,59421,Daniel Mosquera,F,17,6.5,,0.0,1.0,,1,1.0,100.0,,,,,0,0,,1.0
Sassuolo vs Hellas Verona,Hellas Verona,194837,Tomáš Suslov,M,8,6.5,,0.0,,,6,5.0,83.3,,,1.0,,0,0,,2.0
Sassuolo vs Hellas Verona,Hellas Verona,352940,Ioan Vermesan,F,8,6.3,,0.0,,,5,5.0,100.0,,,,,0,0,,1.0
Juventus vs Como,Juventus,30670,Michele Di Gregorio,G,90,6,,0.0,,,23,20.0,87.0,,,,1.0,0,0,1.0,1.0
Juventus vs Como,Juventus,268341,Federico Gatti,D,90,6.7,,0.0,,,48,44.0,91.7,,1.0,,,0,0,,
Juventus vs Como,Juventus,19263,Lloyd Kelly,D,90,6.9,,0.0,,,80,72.0,90.0,1.0,,1.0,,0,0,2.0,3.0
Juventus vs Como,Juventus,36899,Teun Koopmeiners,D,90,6.2,,0.0,2.0,,64,60.0,93.8,1.0,,,,0,0,2.0,5.0
Juventus vs Como,Juventus,415,Weston McKennie,M,90,6.2,,0.0,,,22,16.0,72.7,1.0,,1.0,2.0,0,0,4.0,7.0
Juventus vs Como,Juventus,30533,Manuel Locatelli,M,90,7.3,,0.0,,,68,55.0,80.9,6.0,,2.0,1.0,1,0,9.0,14.0
Juventus vs Como,Juventus,116,Khéphren Thuram,M,74,6.7,,0.0,1.0,,37,27.0,73.0,3.0,,1.0,,0,0,4.0,7.0
Juventus vs Como,Juventus,127011,Andrea Cambiaso,M,83,6.3,,0.0,,,37,32.0,86.5,2.0,,2.0,,0,0,3.0,5.0
Juventus vs Como,Juventus,181808,Fabio Miretti,F,45,6.5,,0.0,,,25,20.0,80.0,2.0,,,,0,0,2.0,6.0
Juventus vs Como,Juventus,339883,Kenan Yıldız,F,83,7.9,,0.0,2.0,1.0,38,35.0,92.1,,,,6.0,0,0,10.0,12.0
Juventus vs Como,Juventus,86,Loïs Openda,F,74,6.3,,0.0,2.0,1.0,9,6.0,66.7,,,1.0,1.0,0,0,3.0,6.0
Juventus vs Como,Juventus,161585,Francisco Conceição,F,45,6.9,,0.0,1.0,1.0,11,9.0,81.8,,,1.0,1.0,0,0,3.0,5.0
Juventus vs Como,Juventus,8489,Jonathan David,F,16,6.5,,0.0,1.0,,2,2.0,100.0,,,1.0,,0,0,1.0,2.0
Juventus vs Como,Juventus,30531,Jérémie Boga,F,16,6.3,,0.0,,,5,4.0,80.0,,1.0,,,0,0,1.0,2.0
Juventus vs Como,Juventus,339872,Vasilije Adžić,M,13,6.7,,0.0,,,6,6.0,100.0,,,,1.0,0,0,1.0,2.0
Juventus vs Como,Juventus,1821,Filip Kostić,M,13,6.3,,0.0,,,6,4.0,66.7,,,,,0,0,1.0,3.0
Juventus vs Como,Como,8574,Jean Butez,G,90,7.9,,0.0,,,45,30.0,66.7,,,,,0,0,,
Juventus vs Como,Como,14266,Ivan Smolčić,D,90,7.2,,0.0,,,35,31.0,88.6,4.0,2.0,2.0,1.0,0,0,5.0,10.0
Juventus vs Como,Como,386305,Jacobo Ramón,D,90,6.9,,0.0,,,44,40.0,90.9,1.0,,2.0,,0,0,1.0,6.0
Juventus vs Como,Como,26301,Marc-Oliver Kempf,D,90,7.3,,0.0,,,63,51.0,81.0,,,,2.0,0,0,3.0,3.0
Juventus vs Como,Como,336560,Álex Valle,D,90,7.3,,0.0,,,33,32.0,97.0,5.0,1.0,1.0,1.0,0,0,6.0,11.0
Juventus vs Como,Como,288699,Máximo Perrone,M,90,7.2,,0.0,2.0,,60,52.0,86.7,1.0,1.0,,2.0,0,0,6.0,7.0
Juventus vs Como,Como,162266,Lucas Da Cunha,M,74,6.5,,1.0,2.0,,40,36.0,90.0,,,2.0,,0,0,,8.0
Juventus vs Como,Como,8586,Mërgim Vojvoda,M,74,7.9,1.0,0.0,1.0,1.0,29,23.0,79.3,1.0,2.0,,,0,0,3.0,7.0
Juventus vs Como,Como,659,Maxence Caqueret,M,86,7.5,1.0,0.0,1.0,1.0,36,32.0,88.9,,,,2.0,0,0,3.0,7.0
Juventus vs Como,Como,295026,Martin Baturina,M,60,6.3,,0.0,1.0,,29,28.0,96.6,,,2.0,1.0,0,0,1.0,5.0
Juventus vs Como,Como,26845,Anastasios Douvikas,F,87,6.3,,1.0,2.0,,14,11.0,78.6,,,1.0,,0,0,2.0,4.0
Juventus vs Como,Como,137,Sergi Roberto,M,30,6.9,,0.0,,,16,15.0,93.8,1.0,,,,0,0,1.0,2.0
Juventus vs Como,Como,21090,Diego Carlos,D,16,6.3,,0.0,,,5,5.0,100.0,,,2.0,,0,0,,2.0
Juventus vs Como,Como,129119,Ignace Van der Brempt,D,16,6.5,,0.0,,,3,3.0,100.0,,,3.0,,0,0,1.0,6.0
Juventus vs Como,Como,288,Alberto Moreno,D,10,6.7,,0.0,,,2,1.0,50.0,,,,,0,0,,
Juventus vs Como,Como,59,Álvaro Morata,F,9,6.7,,0.0,,,2,2.0,100.0,,,,,0,0,1.0,2.0
Lecce vs Inter,Lecce,56459,Wladimiro Falcone,G,90,7.9,,0.0,,,35,17.0,48.6,,,,,0,0,,
Lecce vs Inter,Lecce,161702,Danilo Veiga,D,90,6.5,,0.0,1.0,,28,21.0,75.0,2.0,1.0,,,0,0,4.0,12.0
Lecce vs Inter,Lecce,291589,Kialonda Gaspar,D,4,,,0.0,,,0,,,,,,,0,0,,
Lecce vs Inter,Lecce,455316,Tiago Gabriel,D,90,7.3,,0.0,,,39,37.0,94.9,2.0,1.0,1.0,1.0,1,0,6.0,10.0
Lecce vs Inter,Lecce,31543,Antonino Gallo,D,90,6.3,,0.0,,,30,23.0,76.7,1.0,,1.0,1.0,0,0,2.0,3.0
Lecce vs Inter,Lecce,126974,Omri Gandelman,M,60,6.5,,0.0,,,10,8.0,80.0,1.0,,,,0,0,2.0,7.0
Lecce vs Inter,Lecce,15673,Ylber Ramadani,M,90,7,,0.0,1.0,,27,20.0,74.1,3.0,,,1.0,0,0,4.0,10.0
Lecce vs Inter,Lecce,1748,Lassana Coulibaly,M,83,6.7,,0.0,,,25,20.0,80.0,2.0,2.0,,,0,0,5.0,8.0
Lecce vs Inter,Lecce,6662,Santiago Pierotti,F,83,6.2,,0.0,,,19,14.0,73.7,2.0,,1.0,,0,0,3.0,11.0
Lecce vs Inter,Lecce,128478,Walid Cheddira,F,90,6.9,,0.0,,,11,7.0,63.6,,,2.0,3.0,0,0,5.0,7.0
Lecce vs Inter,Lecce,31507,Riccardo Sottil,F,60,6.2,,0.0,,,11,8.0,72.7,,,,,0,0,,5.0
Lecce vs Inter,Lecce,203219,Jamil Siebert,D,86,6.5,,0.0,,,35,26.0,74.3,3.0,,2.0,,0,0,4.0,11.0
Lecce vs Inter,Lecce,118956,Lameck Banda,M,30,6.2,,0.0,1.0,,4,2.0,50.0,,,1.0,1.0,0,0,2.0,9.0
Lecce vs Inter,Lecce,334925,Oumar Ngom,M,30,6.7,,0.0,,,8,7.0,87.5,,1.0,2.0,,0,0,2.0,5.0
Lecce vs Inter,Lecce,8643,Konan N'Dri,F,11,6.5,,0.0,,,1,,,,,,1.0,0,0,1.0,4.0
Lecce vs Inter,Lecce,264122,Nikola Štulić,F,11,6.3,,0.0,,,2,1.0,50.0,,,,,0,0,,
Lecce vs Inter,Inter,2802,Yann Sommer,G,90,6.7,,0.0,,,27,22.0,81.5,,,,,0,0,,
Lecce vs Inter,Inter,24953,Yann Bisseck,D,90,7.3,,0.0,,,61,54.0,88.5,4.0,1.0,1.0,,0,0,6.0,7.0
Lecce vs Inter,Inter,194,Stefan de Vrij,D,60,6.9,,0.0,1.0,,48,45.0,93.8,,,2.0,1.0,1,0,4.0,7.0
Lecce vs Inter,Inter,31009,Alessandro Bastoni,D,88,7.2,,0.0,,,93,73.0,78.5,1.0,1.0,2.0,,1,0,7.0,12.0
Lecce vs Inter,Inter,10077,Luís Henrique,M,69,6.9,,0.0,1.0,1.0,32,30.0,93.8,,,,,0,0,1.0,1.0
Lecce vs Inter,Inter,31173,Davide Frattesi,M,90,6.7,,0.0,2.0,,29,25.0,86.2,2.0,,,2.0,0,0,6.0,10.0
Lecce vs Inter,Inter,329,Piotr Zieliński,M,90,7.6,,0.0,1.0,,93,89.0,95.7,,,,,0,0,1.0,2.0
Lecce vs Inter,Inter,348205,Petar Sučić,M,60,6.9,,0.0,1.0,,38,34.0,89.5,6.0,1.0,,,0,0,7.0,13.0
Lecce vs Inter,Inter,31010,Federico Dimarco,M,90,7.5,,1.0,4.0,2.0,42,35.0,83.3,1.0,1.0,,1.0,0,0,4.0,6.0
Lecce vs Inter,Inter,21509,Marcus Thuram,F,69,7.3,,0.0,2.0,1.0,21,15.0,71.4,2.0,,2.0,1.0,0,0,6.0,9.0
Lecce vs Inter,Inter,345808,Francesco Pio Esposito,F,90,6.9,,0.0,2.0,2.0,26,17.0,65.4,3.0,,1.0,4.0,0,0,11.0,18.0
Lecce vs Inter,Inter,5,Manuel Akanji,D,30,7.9,1.0,0.0,2.0,2.0,20,18.0,90.0,,,,,0,0,1.0,3.0
Lecce vs Inter,Inter,1457,Henrikh Mkhitaryan,M,30,7.9,1.0,0.0,2.0,1.0,35,32.0,91.4,1.0,,,,0,0,3.0,5.0
Lecce vs Inter,Inter,270509,Andy Diouf,M,21,6.7,,0.0,,,8,7.0,87.5,,,,,0,0,2.0,4.0
Lecce vs Inter,Inter,275651,Ange-Yoan Bonny,F,21,6.5,,0.0,1.0,,12,10.0,83.3,1.0,,,,0,0,1.0,3.0
Lecce vs Inter,Inter,10238,Carlos Augusto,D,2,,,0.0,,,7,5.0,71.4,2.0,,,,0,0,2.0,2.0
Cagliari vs Lazio,Cagliari,30731,Elia Caprile,G,90,7.2,,0.0,,,33,30.0,90.9,,,,,0,0,,
Cagliari vs Lazio,Cagliari,41964,Zé Pedro,D,90,7.2,,0.0,2.0,,59,53.0,89.8,1.0,,4.0,1.0,1,0,3.0,9.0
Cagliari vs Lazio,Cagliari,2484,Yerry Mina,D,85,7.3,,0.0,,,92,90.0,97.8,1.0,1.0,2.0,1.0,2,1,4.0,7.0
Cagliari vs Lazio,Cagliari,32034,Alberto Dossena,D,90,6.6,,0.0,2.0,,72,66.0,91.7,1.0,1.0,2.0,,0,0,2.0,5.0
Cagliari vs Lazio,Cagliari,321744,Adam Obert,D,90,7.2,,0.0,,,47,39.0,83.0,2.0,1.0,1.0,1.0,0,0,3.0,6.0
Cagliari vs Lazio,Cagliari,383018,Marco Palestra,M,90,7.3,,0.0,1.0,,25,21.0,84.0,,1.0,,6.0,0,0,9.0,13.0
Cagliari vs Lazio,Cagliari,30505,Michel Adopo,M,90,6.9,,0.0,1.0,,33,28.0,84.8,1.0,,,2.0,0,0,3.0,8.0
Cagliari vs Lazio,Cagliari,30780,Luca Mazzitelli,M,42,6.2,,0.0,1.0,,23,18.0,78.3,2.0,1.0,2.0,,0,0,2.0,6.0
Cagliari vs Lazio,Cagliari,353609,Ibrahim Sulemana,M,90,7.3,,0.0,1.0,1.0,24,18.0,75.0,4.0,,1.0,1.0,0,0,7.0,11.0
Cagliari vs Lazio,Cagliari,336567,Semih Kılıçsoy,F,88,6.9,,0.0,,,18,13.0,72.2,1.0,,,1.0,0,0,4.0,6.0
Cagliari vs Lazio,Cagliari,215,Sebastiano Esposito,F,73,7,,0.0,1.0,,21,13.0,61.9,1.0,,,1.0,0,0,2.0,4.0
Cagliari vs Lazio,Cagliari,383026,Riyad Idrissi,D,48,6.9,,0.0,1.0,1.0,12,7.0,58.3,,,,,0,0,2.0,4.0
Cagliari vs Lazio,Cagliari,584116,Yael Trepy,F,17,6.5,,0.0,,,1,,,1.0,,,,0,0,1.0,4.0
Cagliari vs Lazio,Cagliari,200,Gabriele Zappa,D,2,,,0.0,,,0,,,,,,,0,0,,
Cagliari vs Lazio,Lazio,31037,Ivan Provedel,G,90,6.9,,0.0,,,26,22.0,84.6,,,,,0,0,,
Cagliari vs Lazio,Lazio,1844,Adam Marušić,D,90,7.2,,0.0,1.0,,54,52.0,96.3,1.0,3.0,,,0,0,3.0,4.0
Cagliari vs Lazio,Lazio,1632,Alessio Romagnoli,D,90,7.9,,0.0,,,111,110.0,99.1,,,,1.0,0,0,1.0,1.0
Cagliari vs Lazio,Lazio,350857,Oliver Provstgaard,D,90,7.3,,0.0,1.0,1.0,83,73.0,88.0,1.0,,1.0,,1,0,6.0,8.0
Cagliari vs Lazio,Lazio,30554,Luca Pellegrini,D,72,7.3,,0.0,,,29,24.0,82.8,3.0,,3.0,,1,0,3.0,9.0
Cagliari vs Lazio,Lazio,333116,Reda Belahyane,M,90,6.7,,0.0,,,74,68.0,91.9,,,3.0,,0,0,2.0,10.0
Cagliari vs Lazio,Lazio,30784,Nicolò Rovella,M,60,7,,0.0,,,54,52.0,96.3,1.0,,,1.0,0,0,3.0,5.0
Cagliari vs Lazio,Lazio,38749,Kenneth Taylor,M,90,6.5,,0.0,1.0,1.0,64,58.0,90.6,2.0,1.0,1.0,1.0,0,0,3.0,7.0
Cagliari vs Lazio,Lazio,135519,Gustav Isaksen,F,60,6.3,,0.0,,,20,16.0,80.0,,,1.0,3.0,0,0,4.0,9.0
Cagliari vs Lazio,Lazio,134926,Daniel Maldini,F,72,6.7,,0.0,,,21,17.0,81.0,,1.0,1.0,3.0,0,0,4.0,8.0
Cagliari vs Lazio,Lazio,30937,Mattia Zaccagni,F,84,6.2,,0.0,1.0,,32,25.0,78.1,,,4.0,2.0,0,0,3.0,9.0
Cagliari vs Lazio,Lazio,1852,Danilo Cataldi,M,30,7.3,,0.0,2.0,1.0,28,26.0,92.9,4.0,1.0,,,0,0,5.0,6.0
Cagliari vs Lazio,Lazio,286474,Matteo Cancellieri,F,30,6.3,,0.0,1.0,,17,14.0,82.4,,1.0,1.0,,0,0,1.0,3.0
Cagliari vs Lazio,Lazio,41577,Nuno Tavares,D,18,6.7,,0.0,,,18,17.0,94.4,,,,,0,0,,1.0
Cagliari vs Lazio,Lazio,301763,Petar Ratkov,F,18,6.3,,0.0,,,3,1.0,33.3,1.0,,,,0,0,1.0,1.0
Cagliari vs Lazio,Lazio,133729,Tijjani Noslin,F,11,6.9,,0.0,,,12,12.0,100.0,,,,1.0,0,0,2.0,2.0
Genoa vs Torino,Genoa,37137,Justin Bijlow,G,90,6.9,,0.0,,,43,36.0,83.7,,,,,0,0,,
Genoa vs Torino,Genoa,281826,Alessandro Marcandalli,D,90,6.9,,0.0,,,84,74.0,88.1,1.0,1.0,1.0,,0,0,2.0,5.0
Genoa vs Torino,Genoa,18967,Leo Østigård,D,90,8.2,,0.0,,,101,98.0,97.0,,1.0,1.0,,0,0,2.0,3.0
Genoa vs Torino,Genoa,35544,Johan Vásquez,D,90,7.5,,0.0,1.0,,84,80.0,95.2,,,,,0,0,3.0,6.0
Genoa vs Torino,Genoa,89520,Mikael Ellertsson,M,90,6.2,,0.0,1.0,,37,27.0,73.0,1.0,1.0,2.0,1.0,0,0,2.0,9.0
Genoa vs Torino,Genoa,288769,Tommaso Baldanzi,M,65,6.9,,0.0,1.0,1.0,41,35.0,85.4,3.0,,1.0,2.0,0,0,6.0,12.0
Genoa vs Torino,Genoa,15881,Morten Frendrup,M,90,7.2,,0.0,,,56,52.0,92.9,3.0,2.0,,2.0,0,0,6.0,7.0
Genoa vs Torino,Genoa,1938,Ruslan Malinovskyi,M,85,7.3,,0.0,,,68,61.0,89.7,3.0,1.0,,,0,0,3.0,6.0
Genoa vs Torino,Genoa,284570,Brooke Norton-Cuffy,M,71,7.3,1.0,0.0,1.0,1.0,21,18.0,85.7,1.0,,1.0,2.0,0,0,5.0,8.0
Genoa vs Torino,Genoa,263481,Lorenzo Colombo,F,65,7,,0.0,,,15,10.0,66.7,1.0,,,3.0,0,0,5.0,7.0
Genoa vs Torino,Genoa,3430,Caleb Ekuban,F,65,6.9,1.0,0.0,3.0,2.0,16,11.0,68.8,1.0,,1.0,,0,0,1.0,5.0
Genoa vs Torino,Genoa,405239,Alexsandro Amorim,M,25,6.9,,0.0,,,23,23.0,100.0,,,1.0,1.0,0,0,2.0,4.0
Genoa vs Torino,Genoa,56396,Junior Messias,F,25,8.2,1.0,0.0,1.0,1.0,18,17.0,94.4,1.0,,,2.0,0,0,4.0,5.0
Genoa vs Torino,Genoa,451504,Jeff Ekhator,F,25,6.6,,0.0,1.0,,8,6.0,75.0,2.0,,,,0,0,2.0,2.0
Genoa vs Torino,Genoa,31137,Stefano Sabelli,D,19,6.7,,0.0,,,11,7.0,63.6,,,,,0,0,,1.0
Genoa vs Torino,Genoa,41748,Jean Onana,M,8,6.7,,0.0,1.0,,6,5.0,83.3,1.0,,1.0,,0,0,1.0,2.0
Genoa vs Torino,Torino,30642,Alberto Paleari,G,90,5.9,,0.0,,,34,16.0,47.1,,,,,0,0,,
Genoa vs Torino,Torino,122468,Saúl Coco,D,90,6.5,,0.0,,,39,35.0,89.7,4.0,3.0,1.0,1.0,0,0,6.0,11.0
Genoa vs Torino,Torino,2553,Guillermo Maripán,D,45,6.2,,0.0,,,22,21.0,95.5,1.0,1.0,1.0,,0,0,1.0,4.0
Genoa vs Torino,Torino,20656,Enzo Ebosse,D,45,6.5,,0.0,,,43,37.0,86.0,,2.0,1.0,,0,0,,1.0
Genoa vs Torino,Torino,25353,Valentino Lazaro,M,90,6.3,,0.0,,,43,32.0,74.4,2.0,,3.0,,0,0,3.0,7.0
Genoa vs Torino,Torino,842,Nikola Vlašić,M,90,7.2,,0.0,,,33,30.0,90.9,1.0,1.0,1.0,2.0,0,0,6.0,10.0
Genoa vs Torino,Torino,336573,Emirhan İlkhan,M,47,5.9,,0.0,,,26,22.0,84.6,2.0,1.0,1.0,,0,1,3.0,5.0
Genoa vs Torino,Torino,343189,Gvidas Gineitis,M,90,6.7,,0.0,1.0,,31,23.0,74.2,4.0,3.0,1.0,2.0,0,0,7.0,11.0
Genoa vs Torino,Torino,265722,Rafael Obrador,M,83,6.5,,0.0,1.0,1.0,29,22.0,75.9,2.0,2.0,1.0,1.0,0,0,3.0,7.0
Genoa vs Torino,Torino,40405,Sandro Kulenović,F,60,6.2,,0.0,,,10,7.0,70.0,,1.0,2.0,1.0,0,0,1.0,6.0
Genoa vs Torino,Torino,30414,Giovanni Simeone,F,68,6.2,,0.0,,,15,10.0,66.7,,,2.0,1.0,1,0,2.0,5.0
Genoa vs Torino,Torino,14329,Ardian Ismajli,D,45,6.7,,0.0,,,23,20.0,87.0,,1.0,,1.0,0,0,3.0,3.0
Genoa vs Torino,Torino,309388,Matteo Prati,M,45,6.3,,0.0,2.0,,18,16.0,88.9,1.0,,,,0,0,1.0,4.0
Genoa vs Torino,Torino,2495,Duván Zapata,F,30,6.2,,0.0,2.0,2.0,7,6.0,85.7,,,,,0,0,1.0,5.0
Genoa vs Torino,Torino,383006,Alieu Njie,F,22,6.5,,0.0,,,5,4.0,80.0,,,,,0,0,,1.0
Genoa vs Torino,Torino,39362,Marcus Pedersen,D,10,5.9,,0.0,,,2,2.0,100.0,1.0,,,,0,0,1.0,2.0
Atalanta vs Napoli,Atalanta,30417,Marco Carnesecchi,G,90,6.9,,0.0,,,33,17.0,51.5,,,,,0,0,,
Atalanta vs Napoli,Atalanta,289761,Giorgio Scalvini,D,69,6.3,,0.0,,,53,48.0,90.6,3.0,1.0,3.0,,0,0,5.0,17.0
Atalanta vs Napoli,Atalanta,137976,Isak Hien,D,90,6.6,,0.0,,,45,42.0,93.3,1.0,2.0,1.0,1.0,0,0,4.0,9.0
Atalanta vs Napoli,Atalanta,1442,Sead Kolašinac,D,84,6.6,,0.0,,,48,38.0,79.2,2.0,1.0,,,0,0,7.0,9.0
Atalanta vs Napoli,Atalanta,91422,Raoul Bellanova,M,57,6.9,,0.0,2.0,2.0,38,35.0,92.1,2.0,,,,0,0,3.0,5.0
Atalanta vs Napoli,Atalanta,30432,Marten de Roon,M,90,7.5,,0.0,1.0,,69,59.0,85.5,4.0,2.0,,1.0,0,0,6.0,12.0
Atalanta vs Napoli,Atalanta,2763,Mario Pašalić,M,90,7.9,1.0,0.0,2.0,1.0,71,62.0,87.3,,2.0,1.0,,0,0,3.0,3.0
Atalanta vs Napoli,Atalanta,2286,Davide Zappacosta,M,90,7.2,,0.0,,,44,36.0,81.8,2.0,1.0,1.0,,0,0,3.0,6.0
Atalanta vs Napoli,Atalanta,199837,Kamaldeen Sulemana,F,45,6.5,,0.0,2.0,2.0,14,11.0,78.6,,,,1.0,0,0,3.0,7.0
Atalanta vs Napoli,Atalanta,203474,Nicola Zalewski,F,90,7.3,,1.0,,,35,31.0,88.6,,1.0,1.0,3.0,1,0,4.0,11.0
Atalanta vs Napoli,Atalanta,66817,Nikola Krstović,F,57,6.7,,0.0,,,22,14.0,63.6,,,,1.0,0,0,5.0,10.0
Atalanta vs Napoli,Atalanta,178749,Lazar Samardžić,M,45,7.9,1.0,0.0,1.0,1.0,20,18.0,90.0,2.0,2.0,1.0,,0,0,4.0,6.0
Atalanta vs Napoli,Atalanta,264857,Lorenzo Bernasconi,D,33,7.3,,1.0,,,10,7.0,70.0,,,,,0,0,,
Atalanta vs Napoli,Atalanta,30544,Gianluca Scamacca,F,33,6.9,,0.0,1.0,1.0,8,7.0,87.5,,,,1.0,0,0,4.0,5.0
Atalanta vs Napoli,Atalanta,30421,Berat Djimsiti,D,21,6.9,,0.0,,,11,10.0,90.9,1.0,,,,0,0,2.0,2.0
Atalanta vs Napoli,Atalanta,453906,Honest Ahanor,D,11,6.7,,0.0,,,0,,,,,2.0,1.0,0,0,1.0,3.0
Atalanta vs Napoli,Napoli,31156,Vanja Milinković-Savić,G,90,7.5,,0.0,,,37,22.0,59.5,,,,,0,0,,
Atalanta vs Napoli,Napoli,37604,Sam Beukema,D,90,7.7,1.0,0.0,2.0,1.0,46,38.0,82.6,4.0,,2.0,,0,0,5.0,10.0
Atalanta vs Napoli,Napoli,774,Juan Jesus,D,70,6.7,,0.0,,,29,22.0,75.9,2.0,4.0,1.0,,1,0,6.0,9.0
Atalanta vs Napoli,Napoli,31226,Alessandro Buongiorno,D,90,6.3,,0.0,,,43,35.0,81.4,1.0,6.0,2.0,1.0,0,0,4.0,11.0
Atalanta vs Napoli,Napoli,31390,Pasquale Mazzocchi,M,63,6.7,,0.0,,,24,17.0,70.8,1.0,,,,0,0,1.0,1.0
Atalanta vs Napoli,Napoli,1358,Eljif Elmas,M,90,6.6,,0.0,,,40,38.0,95.0,1.0,,1.0,,0,0,1.0,2.0
Atalanta vs Napoli,Napoli,47439,Stanislav Lobotka,M,90,6.3,,0.0,,,48,44.0,91.7,1.0,,,1.0,0,0,2.0,5.0
Atalanta vs Napoli,Napoli,162032,Miguel Gutiérrez,M,62,7.5,,1.0,,,28,23.0,82.1,1.0,1.0,,2.0,0,0,4.0,5.0
Atalanta vs Napoli,Napoli,347395,Antonio Vergara,F,70,6.5,,0.0,2.0,1.0,17,10.0,58.8,1.0,,,,0,0,4.0,12.0
Atalanta vs Napoli,Napoli,310943,Alisson Santos,F,85,7.7,,0.0,3.0,2.0,26,20.0,76.9,9.0,,,,0,0,13.0,19.0
Atalanta vs Napoli,Napoli,288006,Rasmus Højlund,F,90,6.2,,0.0,1.0,,22,16.0,72.7,,,1.0,2.0,0,0,7.0,17.0
Atalanta vs Napoli,Napoli,219,Matteo Politano,F,28,6.6,,0.0,,,12,10.0,83.3,,,,,0,0,1.0,1.0
Atalanta vs Napoli,Napoli,862,Leonardo Spinazzola,D,27,6.2,,0.0,,,20,17.0,85.0,,,,,0,0,,4.0
Atalanta vs Napoli,Napoli,47254,Mathías Olivera,D,20,6.3,,0.0,,,5,5.0,100.0,,,,,0,0,,2.0
Atalanta vs Napoli,Napoli,312615,Giovane,F,20,6.5,,0.0,,,4,2.0,50.0,,,1.0,3.0,0,0,3.0,6.0
Atalanta vs Napoli,Napoli,907,Romelu Lukaku,F,10,6.3,,0.0,,,4,1.0,25.0,,,1.0,,0,0,,1.0
AC Milan vs Parma,AC Milan,22221,Mike Maignan,G,90,6.2,,0.0,,,16,14.0,87.5,,,,,0,0,,
AC Milan vs Parma,AC Milan,19209,Fikayo Tomori,D,85,7.6,,0.0,,,45,45.0,100.0,3.0,1.0,,1.0,0,0,6.0,6.0
AC Milan vs Parma,AC Milan,162141,Koni De Winter,D,90,6.7,,0.0,,,57,53.0,93.0,1.0,3.0,2.0,1.0,0,0,3.0,6.0
AC Milan vs Parma,AC Milan,374359,Davide Bartesaghi,D,90,7.2,,0.0,,,81,78.0,96.3,,,1.0,1.0,0,0,2.0,9.0
AC Milan vs Parma,AC Milan,1417,Alexis Saelemaekers,M,90,7.5,,0.0,1.0,,45,40.0,88.9,,2.0,1.0,3.0,1,0,5.0,11.0
AC Milan vs Parma,AC Milan,2292,Ruben Loftus-Cheek,M,11,6.3,,0.0,,,1,,,,,1.0,,0,0,1.0,3.0
AC Milan vs Parma,AC Milan,754,Luka Modrić,M,90,8.2,,0.0,,,95,87.0,91.6,,2.0,,,0,0,,2.0
AC Milan vs Parma,AC Milan,272,Adrien Rabiot,M,90,7.9,,0.0,2.0,,65,61.0,93.8,4.0,,1.0,1.0,0,0,7.0,10.0
AC Milan vs Parma,AC Milan,46731,Pervis Estupiñán,M,62,6.6,,0.0,1.0,,57,52.0,91.2,,1.0,1.0,,0,0,2.0,4.0
AC Milan vs Parma,AC Milan,22236,Rafael Leão,F,90,6.6,,0.0,2.0,1.0,37,31.0,83.8,,1.0,2.0,3.0,1,0,7.0,14.0
AC Milan vs Parma,AC Milan,17,Christian Pulišić,F,62,7,,0.0,4.0,3.0,34,32.0,94.1,,,,,0,0,2.0,2.0
AC Milan vs Parma,AC Milan,264705,Ardon Jashari,M,74,6.5,,0.0,4.0,2.0,54,51.0,94.4,2.0,,1.0,,0,0,3.0,9.0
AC Milan vs Parma,AC Milan,45826,Strahinja Pavlović,D,28,6,,0.0,1.0,,19,17.0,89.5,,2.0,2.0,,0,0,,4.0
AC Milan vs Parma,AC Milan,25391,Niclas Füllkrug,F,28,6.2,,0.0,1.0,,7,4.0,57.1,,,,,0,0,1.0,2.0
AC Milan vs Parma,AC Milan,396380,Zachary Athekame,D,13,6.6,,0.0,,,9,9.0,100.0,,,1.0,,0,0,,1.0
AC Milan vs Parma,AC Milan,269,Christopher Nkunku,F,13,6.5,,0.0,,,4,4.0,100.0,,,,,0,0,,2.0
AC Milan vs Parma,Parma,180762,Edoardo Corvi,G,90,8.2,,0.0,,,34,20.0,58.8,1.0,,,1.0,0,0,2.0,2.0
AC Milan vs Parma,Parma,30420,Enrico Del Prato,D,90,6.9,,0.0,,,30,26.0,86.7,,1.0,,,0,0,,1.0
AC Milan vs Parma,Parma,428237,Mariano Troilo,D,90,8.3,1.0,0.0,1.0,1.0,35,29.0,82.9,,,1.0,2.0,1,0,4.0,7.0
AC Milan vs Parma,Parma,6221,Lautaro Valenti,D,90,7.5,,0.0,1.0,1.0,34,28.0,82.4,,1.0,,,0,0,2.0,4.0
AC Milan vs Parma,Parma,499380,Sascha Britschgi,M,90,6.3,,0.0,,,28,19.0,67.9,2.0,,,,0,0,4.0,9.0
AC Milan vs Parma,Parma,628,Adrián Bernabé,M,59,7.2,,0.0,1.0,,33,28.0,84.8,3.0,2.0,1.0,2.0,0,0,6.0,10.0
AC Milan vs Parma,Parma,308836,Mandela Keita,M,90,7.2,,0.0,,,37,35.0,94.6,2.0,3.0,1.0,1.0,0,0,4.0,6.0
AC Milan vs Parma,Parma,362752,Christian Ordoñez,M,59,6.6,,0.0,,,12,12.0,100.0,3.0,1.0,,,0,0,3.0,5.0
AC Milan vs Parma,Parma,91358,Emanuele Valeri,M,90,6.9,,1.0,,,16,10.0,62.5,2.0,,2.0,,0,0,2.0,5.0
AC Milan vs Parma,Parma,292172,Mateo Pellegrino,F,89,6.7,,0.0,1.0,,9,5.0,55.6,1.0,,3.0,3.0,0,0,7.0,16.0
AC Milan vs Parma,Parma,31624,Gabriel Strefezza,F,76,7.2,,0.0,1.0,1.0,25,23.0,92.0,2.0,1.0,1.0,3.0,0,0,8.0,14.0
AC Milan vs Parma,Parma,881,Hans Nicolussi Caviglia,M,31,6.6,,0.0,1.0,,8,6.0,75.0,,,1.0,,0,0,2.0,3.0
AC Milan vs Parma,Parma,161569,Oliver Sørensen,M,31,6.9,,0.0,,,11,8.0,72.7,1.0,,,1.0,0,0,2.0,3.0
AC Milan vs Parma,Parma,191979,Jacob Ondrejka,F,14,6.7,,0.0,,,3,3.0,100.0,,,,,0,0,,
AS Roma vs Cremonese,AS Roma,556,Mile Svilar,G,90,6.9,,0.0,,,19,13.0,68.4,1.0,,,,0,0,1.0,1.0
AS Roma vs Cremonese,AS Roma,30425,Gianluca Mancini,D,90,6.9,,0.0,1.0,,45,41.0,91.1,1.0,2.0,1.0,2.0,0,0,5.0,10.0
AS Roma vs Cremonese,AS Roma,1807,Evan Ndicka,D,90,8.2,1.0,0.0,4.0,2.0,46,41.0,89.1,,,,1.0,0,0,3.0,6.0
AS Roma vs Cremonese,AS Roma,342019,Daniele Ghilardi,D,45,7.2,,0.0,,,32,25.0,78.1,1.0,,1.0,3.0,0,0,5.0,8.0
AS Roma vs Cremonese,AS Roma,22222,Zeki Çelik,M,85,6.6,,0.0,1.0,,46,41.0,89.1,1.0,,2.0,,0,0,2.0,7.0
AS Roma vs Cremonese,AS Roma,22147,Manu Koné,M,90,7.2,,0.0,2.0,,61,53.0,86.9,2.0,,2.0,1.0,0,0,6.0,10.0
AS Roma vs Cremonese,AS Roma,778,Bryan Cristante,M,90,9.2,1.0,1.0,3.0,1.0,60,47.0,78.3,5.0,1.0,1.0,1.0,0,0,12.0,15.0
AS Roma vs Cremonese,AS Roma,349001,Wesley,M,90,6.7,,0.0,,,38,29.0,76.3,1.0,1.0,3.0,,0,0,2.0,10.0
AS Roma vs Cremonese,AS Roma,286639,Bryan Zaragoza,F,56,7.2,,0.0,,,20,18.0,90.0,,,,1.0,0,0,4.0,8.0
AS Roma vs Cremonese,AS Roma,782,Lorenzo Pellegrini,F,72,6.3,,1.0,1.0,,37,32.0,86.5,,1.0,1.0,1.0,0,0,1.0,9.0
AS Roma vs Cremonese,AS Roma,249,Donyell Malen,F,90,7.6,,0.0,2.0,1.0,11,9.0,81.8,,,,,0,0,1.0,4.0
AS Roma vs Cremonese,AS Roma,277003,Neil El Aynaoui,M,45,7.3,,0.0,,,42,37.0,88.1,,1.0,1.0,,1,0,5.0,7.0
AS Roma vs Cremonese,AS Roma,452033,Lorenzo Venturino,F,34,7.3,,0.0,1.0,,12,11.0,91.7,,,,1.0,0,0,1.0,1.0
AS Roma vs Cremonese,AS Roma,356888,Niccolò Pisilli,M,18,7.2,1.0,0.0,2.0,1.0,10,9.0,90.0,,,,,0,0,1.0,2.0
AS Roma vs Cremonese,AS Roma,384543,Jan Ziółkowski,D,9,6.7,,0.0,,,8,6.0,75.0,,,,,0,0,,
AS Roma vs Cremonese,Cremonese,30441,Emil Audero,G,90,7.3,,0.0,,,37,20.0,54.1,,,,1.0,0,0,1.0,1.0
AS Roma vs Cremonese,Cremonese,264472,Filippo Terracciano,D,90,6.3,,0.0,,,40,30.0,75.0,1.0,3.0,,,0,0,5.0,6.0
AS Roma vs Cremonese,Cremonese,385788,Francesco Folino,D,90,6.5,,0.0,,,21,16.0,76.2,,,,,0,0,,2.0
AS Roma vs Cremonese,Cremonese,319,Sebastiano Luperto,D,90,6.5,,0.0,,,36,26.0,72.2,,,1.0,,0,0,2.0,3.0
AS Roma vs Cremonese,Cremonese,31219,Alessio Zerbin,M,74,6.5,,0.0,,,27,15.0,55.6,3.0,,,2.0,0,0,5.0,9.0
AS Roma vs Cremonese,Cremonese,36980,Morten Thorsby,M,90,6.5,,0.0,1.0,,33,26.0,78.8,2.0,1.0,2.0,1.0,1,0,10.0,22.0
AS Roma vs Cremonese,Cremonese,56560,Youssef Maleh,M,90,6.5,,0.0,,,35,27.0,77.1,4.0,,2.0,1.0,0,0,5.0,10.0
AS Roma vs Cremonese,Cremonese,6383,Martín Payero,M,49,6.9,,0.0,,,15,12.0,80.0,1.0,,,,0,0,4.0,5.0
AS Roma vs Cremonese,Cremonese,30775,Giuseppe Pezzella,M,74,6.9,,0.0,,,20,16.0,80.0,3.0,1.0,1.0,1.0,0,0,4.0,8.0
AS Roma vs Cremonese,Cremonese,31436,Federico Bonazzoli,F,90,7.2,,0.0,1.0,,40,34.0,85.0,2.0,1.0,2.0,5.0,0,0,7.0,13.0
AS Roma vs Cremonese,Cremonese,2522,Antonio Sanabria,F,63,6.3,,0.0,,,11,9.0,81.8,,,2.0,,0,0,1.0,7.0
AS Roma vs Cremonese,Cremonese,266813,Warren Bondo,M,41,6.2,,0.0,,,23,23.0,100.0,,1.0,,,0,0,,1.0
AS Roma vs Cremonese,Cremonese,18788,Jamie Vardy,F,27,6.5,,0.0,,,7,5.0,71.4,,,,1.0,0,0,1.0,2.0
AS Roma vs Cremonese,Cremonese,237249,Mikayil Faye,D,16,5.9,,0.0,,,9,3.0,33.3,,1.0,1.0,,0,0,1.0,2.0
AS Roma vs Cremonese,Cremonese,31692,Milan Đurić,F,16,6.3,,0.0,,,8,5.0,62.5,,,,,0,0,3.0,7.0
Fiorentina vs Pisa,Fiorentina,882,David De Gea,G,90,7,,0.0,,,21,16.0,76.2,,,,,0,0,,
Fiorentina vs Pisa,Fiorentina,41144,Dodô,D,78,7.5,,0.0,1.0,,63,58.0,92.1,1.0,,2.0,2.0,1,0,3.0,5.0
Fiorentina vs Pisa,Fiorentina,1084,Marin Pongračić,D,90,7.3,,0.0,,,73,69.0,94.5,,,,1.0,0,0,4.0,5.0
Fiorentina vs Pisa,Fiorentina,31642,Luca Ranieri,D,90,8.2,,0.0,,,75,71.0,94.7,1.0,,,1.0,0,0,3.0,4.0
Fiorentina vs Pisa,Fiorentina,136087,Fabiano Parisi,D,90,7,,0.0,1.0,,52,44.0,84.6,1.0,1.0,1.0,1.0,0,0,5.0,9.0
Fiorentina vs Pisa,Fiorentina,311083,Cher Ndour,M,90,7.3,,0.0,3.0,2.0,39,35.0,89.7,2.0,1.0,1.0,2.0,0,0,7.0,12.0
Fiorentina vs Pisa,Fiorentina,876,Nicolò Fagioli,M,88,7.3,,0.0,1.0,1.0,70,65.0,92.9,,1.0,1.0,1.0,0,0,2.0,4.0
Fiorentina vs Pisa,Fiorentina,1639,Marco Brescianini,M,90,7.6,,0.0,,,38,35.0,92.1,2.0,,1.0,2.0,0,0,6.0,8.0
Fiorentina vs Pisa,Fiorentina,19128,Jack Harrison,F,90,6.2,,0.0,,,48,41.0,85.4,,,,1.0,0,0,2.0,5.0
Fiorentina vs Pisa,Fiorentina,877,Moise Kean,F,86,7.7,1.0,0.0,4.0,2.0,20,16.0,80.0,,,,3.0,0,0,6.0,11.0
Fiorentina vs Pisa,Fiorentina,697,Manor Solomon,F,78,7.3,,0.0,,,28,27.0,96.4,1.0,,,2.0,0,0,7.0,10.0
Fiorentina vs Pisa,Fiorentina,396637,Pietro Comuzzo,D,12,6.7,,0.0,,,2,2.0,100.0,,,,,0,0,,1.0
Fiorentina vs Pisa,Fiorentina,340700,Jacopo Fazzini,M,12,6.6,,0.0,1.0,,4,2.0,50.0,1.0,1.0,2.0,,1,0,3.0,6.0
Fiorentina vs Pisa,Fiorentina,30440,Roberto Piccoli,F,10,6.6,,0.0,,,2,2.0,100.0,,,,1.0,0,0,1.0,2.0
Fiorentina vs Pisa,Fiorentina,322630,Giovanni Fabbian,M,8,6.6,,0.0,,,2,1.0,50.0,,,,,1,0,1.0,1.0
Fiorentina vs Pisa,Pisa,30792,Nícolas,G,90,8,,0.0,,,24,22.0,91.7,,,,,0,0,1.0,2.0
Fiorentina vs Pisa,Pisa,91503,Simone Canestrelli,D,90,6,,0.0,1.0,,38,36.0,94.7,,1.0,3.0,1.0,0,0,2.0,8.0
Fiorentina vs Pisa,Pisa,31604,Antonio Caracciolo,D,90,7,,0.0,2.0,,39,36.0,92.3,4.0,,2.0,,1,0,5.0,9.0
Fiorentina vs Pisa,Pisa,342310,Rosen Bozhinov,D,90,6.5,,0.0,1.0,1.0,60,51.0,85.0,1.0,1.0,3.0,,0,0,3.0,8.0
Fiorentina vs Pisa,Pisa,56293,Idrissa Touré,M,68,6.3,,0.0,,,23,18.0,78.3,,,1.0,,0,0,1.0,6.0
Fiorentina vs Pisa,Pisa,298165,Felipe Loyola,M,45,6.3,,0.0,,,21,19.0,90.5,,,,1.0,0,0,1.0,3.0
Fiorentina vs Pisa,Pisa,30723,Marius Marin,M,90,7.5,,0.0,,,63,57.0,90.5,4.0,2.0,5.0,1.0,1,0,5.0,13.0
Fiorentina vs Pisa,Pisa,302069,Samuele Angori,M,90,7.2,,0.0,,,29,26.0,89.7,,2.0,,2.0,0,0,3.0,4.0
Fiorentina vs Pisa,Pisa,31560,Stefano Moreo,F,76,6.2,,0.0,,,19,12.0,63.2,1.0,,1.0,,0,0,2.0,4.0
Fiorentina vs Pisa,Pisa,162173,Samuel Iling Junior,F,45,6.3,,0.0,,,5,2.0,40.0,1.0,,1.0,,0,0,1.0,6.0
Fiorentina vs Pisa,Pisa,123476,Filip Stojilković,F,45,6.5,,0.0,,,6,4.0,66.7,,,,,0,0,,1.0
Fiorentina vs Pisa,Pisa,951,Michel Aebischer,M,45,6.9,,0.0,,,40,39.0,97.5,2.0,,,,0,0,2.0,2.0
Fiorentina vs Pisa,Pisa,331678,Henrik Wendel Meister,F,45,6.2,,0.0,1.0,,2,,,,,1.0,,0,0,1.0,5.0
Fiorentina vs Pisa,Pisa,341226,Rafiu Durosinmi,F,45,6.5,,0.0,,,7,5.0,71.4,,,,,0,0,,2.0
Fiorentina vs Pisa,Pisa,866,Juan Cuadrado,M,22,7.3,,0.0,1.0,,18,16.0,88.9,,,2.0,2.0,1,0,5.0,9.0
Fiorentina vs Pisa,Pisa,325387,Gabriele Piccinini,M,14,6.7,,0.0,,,8,7.0,87.5,,,,,0,0,1.0,1.0
Bologna vs Udinese,Bologna,2998,Łukasz Skorupski,G,90,7.5,,0.0,,,21,14.0,66.7,,,,1.0,0,0,1.0,1.0
Bologna vs Udinese,Bologna,41734,João Mário,D,90,7.7,,0.0,,,40,27.0,67.5,3.0,4.0,,3.0,0,0,8.0,11.0
Bologna vs Udinese,Bologna,287564,Martin Vitík,D,90,7.2,,0.0,,,41,36.0,87.8,3.0,1.0,,,0,0,6.0,11.0
Bologna vs Udinese,Bologna,1929,Jhon Lucumí,D,90,8,,0.0,,,52,47.0,90.4,4.0,2.0,,,0,0,9.0,12.0
Bologna vs Udinese,Bologna,134,Juan Miranda,D,82,7.3,,0.0,2.0,1.0,44,39.0,88.6,1.0,1.0,2.0,1.0,1,0,2.0,5.0
Bologna vs Udinese,Bologna,1014,Simon Sohm,M,90,6.9,,0.0,,,22,12.0,54.5,5.0,,,,0,0,6.0,7.0
Bologna vs Udinese,Bologna,2807,Remo Freuler,M,90,7.5,,0.0,,,33,26.0,78.8,8.0,1.0,2.0,1.0,0,0,11.0,14.0
Bologna vs Udinese,Bologna,31273,Tommaso Pobega,M,56,6.9,,0.0,2.0,1.0,12,8.0,66.7,3.0,2.0,3.0,,0,0,3.0,6.0
Bologna vs Udinese,Bologna,30488,Riccardo Orsolini,F,56,7.2,,0.0,1.0,1.0,17,11.0,64.7,1.0,,,2.0,0,0,4.0,7.0
Bologna vs Udinese,Bologna,311067,Santiago Castro,F,85,6.9,,0.0,2.0,1.0,11,8.0,72.7,,,,1.0,0,0,3.0,5.0
Bologna vs Udinese,Bologna,278095,Jonathan Rowe,F,56,6.2,,0.0,1.0,1.0,9,6.0,66.7,2.0,,,,0,0,4.0,10.0
Bologna vs Udinese,Bologna,873,Federico Bernardeschi,F,34,7.3,1.0,0.0,1.0,1.0,8,8.0,100.0,,,,,0,0,,3.0
Bologna vs Udinese,Bologna,1322,Nikola Moro,M,34,6.6,,0.0,,,17,10.0,58.8,2.0,,2.0,,0,0,3.0,7.0
Bologna vs Udinese,Bologna,30438,Nicolò Cambiaghi,F,34,6.9,,0.0,,,7,6.0,85.7,2.0,,1.0,2.0,0,0,4.0,6.0
Bologna vs Udinese,Bologna,128461,Nadir Zortea,D,8,6.6,,0.0,,,4,2.0,50.0,,,,,0,0,1.0,1.0
Bologna vs Udinese,Bologna,93016,Thijs Dallinga,F,11,6.5,,0.0,,,3,2.0,66.7,,,,,0,0,,2.0
Bologna vs Udinese,Udinese,143648,Maduka Okoye,G,90,7.5,,0.0,,,36,25.0,69.4,,,,,0,0,,
Bologna vs Udinese,Udinese,281495,Thomas Kristensen,D,90,6.9,,0.0,,,55,47.0,85.5,1.0,3.0,1.0,,0,0,2.0,3.0
Bologna vs Udinese,Udinese,18797,Christian Kabasele,D,80,6.5,,0.0,1.0,,28,27.0,96.4,1.0,2.0,,1.0,0,0,2.0,3.0
Bologna vs Udinese,Udinese,656,Oumar Solet,D,10,6.6,,0.0,,,13,12.0,92.3,,,1.0,,0,0,,1.0
Bologna vs Udinese,Udinese,36916,Kingsley Ehizibue,M,90,6.3,,0.0,,,35,27.0,77.1,3.0,3.0,1.0,1.0,0,0,7.0,11.0
Bologna vs Udinese,Udinese,1939,Jakub Piotrowski,M,90,6.3,,0.0,2.0,1.0,32,21.0,65.6,2.0,,1.0,2.0,0,0,7.0,16.0
Bologna vs Udinese,Udinese,48047,Jesper Karlström,M,80,5.6,,0.0,,,31,24.0,77.4,,1.0,2.0,,0,0,,4.0
Bologna vs Udinese,Udinese,347644,Arthur Atta,M,90,6.3,,0.0,,,37,32.0,86.5,,1.0,2.0,1.0,0,0,6.0,13.0
Bologna vs Udinese,Udinese,19824,Jordan Zemura,M,90,6.9,,0.0,,,34,26.0,76.5,4.0,,3.0,,0,0,6.0,16.0
Bologna vs Udinese,Udinese,786,Nicolò Zaniolo,F,90,6.2,,0.0,1.0,,21,15.0,71.4,,,,3.0,0,0,4.0,18.0
Bologna vs Udinese,Udinese,40594,Adam Buksa,F,71,6.2,,0.0,,,14,10.0,71.4,1.0,,2.0,,1,0,4.0,14.0
Bologna vs Udinese,Udinese,315249,Nicolò Bertola,D,80,6.9,,0.0,,,47,42.0,89.4,2.0,2.0,,,0,0,4.0,6.0
Bologna vs Udinese,Udinese,541,Jürgen Ekkelenkamp,M,19,6.5,,0.0,,,4,3.0,75.0,,,,,0,0,,1.0
Bologna vs Udinese,Udinese,182560,Oier Zarraga,M,10,6.6,,0.0,1.0,1.0,6,5.0,83.3,,,,,0,0,,
Bologna vs Udinese,Udinese,434410,Idrissa Gueye,F,10,6.7,,0.0,1.0,1.0,5,4.0,80.0,,,,,0,0,1.0,2.0
Parma vs Cagliari,Parma,180762,Edoardo Corvi,G,97,6.6,,,,,23,20.0,87.0,,,,,0,0,,
Parma vs Cagliari,Parma,30420,Enrico Del Prato,D,45,6.6,,,,,15,13.0,86.7,,,,,0,0,1.0,5.0
Parma vs Cagliari,Parma,428237,Mariano Troilo,D,95,7.2,,,,,95,85.0,89.5,1.0,,1.0,,0,0,2.0,4.0
Parma vs Cagliari,Parma,6221,Lautaro Valenti,D,97,6.9,,,,,57,48.0,84.2,1.0,1.0,1.0,,1,0,6.0,8.0
Parma vs Cagliari,Parma,308836,Mandela Keita,M,75,6.6,,,,,42,38.0,90.5,2.0,1.0,,1.0,0,0,3.0,4.0
Parma vs Cagliari,Parma,499380,Sascha Britschgi,M,97,6.3,,,1.0,,41,37.0,90.2,,,1.0,,0,0,,6.0
Parma vs Cagliari,Parma,628,Adrián Bernabé,M,89,7.5,,,2.0,1.0,70,60.0,85.7,3.0,,,,0,0,7.0,10.0
Parma vs Cagliari,Parma,362752,Christian Ordoñez,M,45,6.2,,,1.0,,15,13.0,86.7,,,2.0,,0,0,,3.0
Parma vs Cagliari,Parma,91358,Emanuele Valeri,M,90,6.7,,,1.0,,21,18.0,85.7,,,3.0,,0,0,,5.0
Parma vs Cagliari,Parma,292172,Mateo Pellegrino,F,97,6.3,,,2.0,1.0,12,7.0,58.3,,1.0,4.0,1.0,1,0,5.0,16.0
Parma vs Cagliari,Parma,31624,Gabriel Strefezza,F,97,6.6,,,2.0,1.0,35,31.0,88.6,1.0,1.0,1.0,3.0,0,0,8.0,19.0
Parma vs Cagliari,Parma,881,Hans Nicolussi Caviglia,M,52,6.6,,,,,36,32.0,88.9,,,,1.0,0,0,1.0,2.0
Parma vs Cagliari,Parma,161859,Gaetano Oristanio,M,52,7.3,1.0,,1.0,1.0,6,6.0,100.0,1.0,1.0,1.0,1.0,0,0,3.0,7.0
Parma vs Cagliari,Parma,6409,Nahuel Estévez,M,22,7,,,,,22,20.0,90.9,,,,1.0,0,0,2.0,2.0
Parma vs Cagliari,Parma,362061,Benjamin Cremaschi,M,8,6.3,,,,,1,1.0,100.0,,,,,0,0,,
Parma vs Cagliari,Parma,286473,Franco Carboni,D,7,,,,,,3,2.0,66.7,,,,,0,0,,
Parma vs Cagliari,Cagliari,30731,Elia Caprile,G,97,7.3,,,,,27,18.0,66.7,,,,1.0,0,0,1.0,1.0
Parma vs Cagliari,Cagliari,41964,Zé Pedro,D,97,7.3,,,,,43,36.0,83.7,5.0,1.0,2.0,1.0,0,0,11.0,13.0
Parma vs Cagliari,Cagliari,32034,Alberto Dossena,D,97,7.9,,,,,45,42.0,93.3,1.0,1.0,,3.0,1,0,7.0,8.0
Parma vs Cagliari,Cagliari,415155,Juan Rodríguez,D,97,6.9,,,,,42,39.0,92.9,2.0,,1.0,1.0,1,0,4.0,6.0
Parma vs Cagliari,Cagliari,383018,Marco Palestra,M,97,7,,,2.0,1.0,28,25.0,89.3,,1.0,,3.0,0,0,6.0,8.0
Parma vs Cagliari,Cagliari,30505,Michel Adopo,M,97,6.7,,,,,44,38.0,86.4,,1.0,,1.0,0,0,2.0,4.0
Parma vs Cagliari,Cagliari,551413,Joseph Liteta,M,97,6.7,,,,,42,36.0,85.7,2.0,,1.0,,0,0,3.0,9.0
Parma vs Cagliari,Cagliari,353609,Ibrahim Sulemana,M,87,6.5,,,1.0,,32,27.0,84.4,,,1.0,,1,0,4.0,8.0
Parma vs Cagliari,Cagliari,321744,Adam Obert,M,97,6.9,,,,,41,32.0,78.0,3.0,3.0,2.0,,1,0,7.0,12.0
Parma vs Cagliari,Cagliari,336567,Semih Kılıçsoy,F,61,6.2,,,2.0,2.0,21,16.0,76.2,,,,1.0,0,0,3.0,9.0
Parma vs Cagliari,Cagliari,215,Sebastiano Esposito,F,87,6.9,,1.0,2.0,1.0,30,26.0,86.7,2.0,1.0,,,0,0,4.0,10.0
Parma vs Cagliari,Cagliari,56851,Michael Folorunsho,M,36,7.2,1.0,,1.0,1.0,3,,,,,1.0,,0,0,1.0,2.0
Parma vs Cagliari,Cagliari,383026,Riyad Idrissi,D,10,6.7,,,,,1,,,,,,,0,0,,
Parma vs Cagliari,Cagliari,30573,Leonardo Pavoletti,F,10,6.2,,,,,0,,,,,,,0,0,,2.0
